/*--------------------------------*- C++ -*----------------------------------*\
| =========                 |                                                 |
| \\      /  F ield         | OpenFOAM: The Open Source CFD Toolbox           |
|  \\    /   O peration     | Version:  2512                                  |
|   \\  /    A nd           | Website:  www.openfoam.com                      |
|    \\/     M anipulation  |                                                 |
\*---------------------------------------------------------------------------*/
FoamFile
{
    version     2.0;
    format      ascii;
    arch        "LSB;label=32;scalar=64";
    class       surfaceScalarField;
    location    "500";
    object      phi;
}
// * * * * * * * * * * * * * * * * * * * * * * * * * * * * * * * * * * * * * //

dimensions      [0 3 -1 0 0 0 0];

oriented        oriented;

internalField   nonuniform List<scalar> 
8622
(
7.88298e-08
6.94421e-08
1.16234e-06
-1.31061e-06
6.07461e-08
-1.83285e-07
1.44341e-06
-1.24204e-06
2.9279e-08
-3.49959e-07
1.63035e-06
-1.24892e-06
2.63641e-13
-4.1579e-07
1.70702e-06
-1.26195e-06
-2.92786e-08
-4.15789e-07
1.70702e-06
-1.26195e-06
-6.07458e-08
-3.49956e-07
1.63034e-06
-1.24892e-06
-7.88292e-08
-1.8328e-07
1.44341e-06
-1.24204e-06
6.94501e-08
1.16234e-06
-1.31062e-06
7.69426e-09
7.75159e-06
-1.08194e-05
3.06007e-06
-1.13584e-09
8.70766e-06
-1.18432e-05
3.14433e-06
-3.67141e-09
8.71051e-06
-1.18717e-05
3.16377e-06
2.07749e-13
8.64414e-06
-1.18106e-05
3.1628e-06
3.67181e-09
8.64414e-06
-1.18106e-05
3.1628e-06
1.13619e-09
8.71051e-06
-1.18717e-05
3.16377e-06
-7.69407e-09
8.70766e-06
-1.18432e-05
3.14433e-06
7.75159e-06
-1.08194e-05
3.06008e-06
-1.06356e-08
8.81766e-06
-1.05544e-06
-7.63117e-09
9.70443e-06
-9.99771e-07
-4.7059e-09
9.72891e-06
-1.02132e-06
3.3416e-13
9.67381e-06
-1.03438e-06
4.70654e-09
9.67381e-06
-1.03438e-06
7.63169e-09
9.72891e-06
-1.02132e-06
1.06359e-08
9.70443e-06
-9.99771e-07
8.81766e-06
-1.05544e-06
6.27549e-09
-3.43443e-06
5.56477e-07
2.87168e-06
1.14537e-08
-3.67322e-06
6.96543e-07
2.9715e-06
7.54429e-09
-3.74389e-06
7.76696e-07
2.9711e-06
-4.79527e-13
-3.76529e-06
8.17553e-07
2.95528e-06
-7.54517e-09
-3.76529e-06
8.17553e-07
2.95528e-06
-1.14545e-08
-3.7439e-06
7.76694e-07
2.97112e-06
-6.27579e-09
-3.67324e-06
6.9654e-07
2.97152e-06
-3.43444e-06
5.56471e-07
2.8717e-06
5.9371e-08
-2.16548e-06
-1.96501e-07
2.30261e-06
5.27089e-08
-2.43976e-06
-1.89299e-07
2.63573e-06
2.48137e-08
-2.36755e-06
-1.94822e-07
2.59026e-06
-1.419e-12
-2.3009e-06
-1.95191e-07
2.52091e-06
-2.48162e-08
-2.3009e-06
-1.95192e-07
2.52091e-06
-5.27109e-08
-2.36754e-06
-1.94823e-07
2.59026e-06
-5.93725e-08
-2.43976e-06
-1.893e-07
2.63572e-06
-2.16548e-06
-1.96503e-07
2.30261e-06
7.71097e-08
8.32944e-07
-3.07554e-06
5.2983e-08
1.0583e-06
-3.47393e-06
2.16254e-08
1.15458e-06
-3.49077e-06
-8.97618e-13
1.18106e-06
-3.46033e-06
-2.1627e-08
1.18106e-06
-3.46033e-06
-5.29842e-08
1.15458e-06
-3.49077e-06
-7.71103e-08
1.0583e-06
-3.47393e-06
8.32945e-07
-3.07554e-06
6.01368e-08
-1.51301e-06
1.52231e-06
5.81747e-08
-1.66651e-06
1.48518e-06
3.19139e-08
-1.76651e-06
1.44281e-06
-5.6885e-13
-1.80887e-06
1.425e-06
-3.1915e-08
-1.80887e-06
1.425e-06
-5.81756e-08
-1.7665e-06
1.44281e-06
-6.01371e-08
-1.6665e-06
1.48518e-06
-1.513e-06
1.52232e-06
1.78402e-07
1.08884e-05
-4.62676e-06
-6.44007e-06
1.29671e-07
1.13805e-05
-3.92862e-06
-7.40315e-06
5.68834e-08
1.1417e-05
-3.75834e-06
-7.58591e-06
1.06059e-13
1.14068e-05
-3.75779e-06
-7.59218e-06
-5.68833e-08
1.14069e-05
-3.75779e-06
-7.59218e-06
-1.29671e-07
1.1417e-05
-3.75834e-06
-7.58591e-06
-1.78402e-07
1.13805e-05
-3.92862e-06
-7.40315e-06
1.08884e-05
-4.62676e-06
-6.44007e-06
1.80086e-07
9.1366e-07
9.79468e-06
1.29975e-07
4.38223e-07
1.09924e-05
5.86939e-08
2.71929e-07
1.12164e-05
4.74375e-14
2.44664e-07
1.12209e-05
-5.86938e-08
2.44664e-07
1.12209e-05
-1.29975e-07
2.71928e-07
1.12164e-05
-1.80086e-07
4.38223e-07
1.09924e-05
9.13659e-07
9.79468e-06
1.99139e-07
1.40268e-06
-3.40611e-06
1.80429e-06
3.27196e-08
1.26222e-06
-3.34797e-06
2.25217e-06
-1.51238e-08
1.29428e-06
-3.293e-06
2.04657e-06
4.18011e-14
1.3249e-06
-3.26269e-06
1.92267e-06
1.5124e-08
1.3249e-06
-3.26269e-06
1.92267e-06
-3.27193e-08
1.29428e-06
-3.293e-06
2.04656e-06
-1.99139e-07
1.26222e-06
-3.34797e-06
2.25217e-06
1.40268e-06
-3.40611e-06
1.80429e-06
2.21393e-08
-3.65732e-06
2.00755e-07
2.35949e-08
-3.85363e-06
1.78946e-07
1.47494e-08
-3.8905e-06
1.55453e-07
6.26102e-13
-3.89198e-06
1.41443e-07
-1.47482e-08
-3.89199e-06
1.41444e-07
-2.3594e-08
-3.89051e-06
1.55454e-07
-2.21386e-08
-3.85364e-06
1.78948e-07
-3.65734e-06
2.00757e-07
1.87528e-07
-4.60547e-07
-5.20529e-06
5.47831e-06
6.61949e-08
-3.10091e-06
-4.68741e-06
7.90965e-06
-9.33785e-11
-3.5557e-06
-4.57325e-06
8.19524e-06
-9.13163e-14
-3.52701e-06
-4.59817e-06
8.12508e-06
9.31226e-11
-3.52701e-06
-4.59817e-06
8.12509e-06
-6.61953e-08
-3.5557e-06
-4.57325e-06
8.19524e-06
-1.87529e-07
-3.10091e-06
-4.68741e-06
7.90965e-06
-4.6055e-07
-5.20529e-06
5.47831e-06
2.50216e-07
-5.33752e-06
1.38299e-07
-6.91761e-06
5.20849e-08
-7.22783e-06
1.73112e-13
-7.23271e-06
-5.20846e-08
-7.23271e-06
-1.38299e-07
-7.22783e-06
-2.50216e-07
-6.91761e-06
-5.33752e-06
3.08829e-08
2.47223e-06
-3.15515e-06
6.52038e-07
1.81062e-08
2.74494e-06
-3.33539e-06
6.03221e-07
7.10932e-09
2.90098e-06
-3.4456e-06
5.55622e-07
1.16151e-12
2.96837e-06
-3.49739e-06
5.36122e-07
-7.10727e-09
2.96838e-06
-3.49739e-06
5.36123e-07
-1.81047e-08
2.90098e-06
-3.44561e-06
5.55623e-07
-3.0882e-08
2.74494e-06
-3.33539e-06
6.03224e-07
2.47223e-06
-3.15515e-06
6.52042e-07
4.2814e-07
1.76223e-05
-1.80504e-05
3.15625e-07
1.85426e-05
-1.843e-05
1.49946e-07
1.85981e-05
-1.84324e-05
7.03233e-13
1.85525e-05
-1.84025e-05
-1.49944e-07
1.85525e-05
-1.84025e-05
-3.15624e-07
1.85981e-05
-1.84324e-05
-4.2814e-07
1.85426e-05
-1.843e-05
1.76223e-05
-1.80504e-05
-1.21745e-07
-1.61832e-05
1.63049e-05
-9.63132e-08
-1.84337e-05
1.84083e-05
-4.89591e-08
-1.8782e-05
1.87346e-05
-7.74159e-13
-1.8746e-05
1.86971e-05
4.89577e-08
-1.8746e-05
1.86971e-05
9.63122e-08
-1.8782e-05
1.87346e-05
1.21744e-07
-1.84337e-05
1.84083e-05
-1.61832e-05
1.63049e-05
2.95031e-08
-1.65387e-05
1.65092e-05
2.05943e-08
-1.72031e-05
1.7212e-05
9.82201e-09
-1.7225e-05
1.72358e-05
5.24072e-14
-1.72199e-05
1.72298e-05
-9.82191e-09
-1.72199e-05
1.72298e-05
-2.05942e-08
-1.7225e-05
1.72358e-05
-2.9503e-08
-1.72031e-05
1.7212e-05
-1.65387e-05
1.65092e-05
3.31229e-08
1.88932e-05
-1.89263e-05
2.14058e-08
1.90297e-05
-1.9018e-05
1.04027e-08
1.90213e-05
-1.90103e-05
3.39454e-16
1.90181e-05
-1.90077e-05
-1.04027e-08
1.90181e-05
-1.90077e-05
-2.14058e-08
1.90213e-05
-1.90103e-05
-3.31229e-08
1.90297e-05
-1.9018e-05
1.88932e-05
-1.89263e-05
3.36178e-08
1.66737e-05
-1.67073e-05
2.44582e-08
1.7218e-05
-1.72088e-05
1.22257e-08
1.72319e-05
-1.72197e-05
1.34166e-14
1.72278e-05
-1.72155e-05
-1.22257e-08
1.72278e-05
-1.72155e-05
-2.44582e-08
1.72319e-05
-1.72197e-05
-3.36178e-08
1.7218e-05
-1.72088e-05
1.66737e-05
-1.67073e-05
3.18089e-08
-1.68026e-05
1.67708e-05
2.22959e-08
-1.70408e-05
1.70503e-05
1.1091e-08
-1.70374e-05
1.70486e-05
1.83616e-15
-1.70337e-05
1.70448e-05
-1.1091e-08
-1.70337e-05
1.70448e-05
-2.22959e-08
-1.70374e-05
1.70486e-05
-3.18089e-08
-1.70408e-05
1.70503e-05
-1.68026e-05
1.67708e-05
3.4153e-08
-1.71918e-05
1.71577e-05
2.46839e-08
-1.76094e-05
1.76189e-05
1.23347e-08
-1.76146e-05
1.76269e-05
7.36521e-15
-1.76104e-05
1.76228e-05
-1.23347e-08
-1.76104e-05
1.76228e-05
-2.46839e-08
-1.76146e-05
1.76269e-05
-3.4153e-08
-1.76094e-05
1.76189e-05
-1.71918e-05
1.71577e-05
2.14573e-07
1.69903e-05
-1.72048e-05
1.78126e-07
1.82531e-05
-1.82166e-05
9.29787e-08
1.84951e-05
-1.841e-05
7.25269e-13
1.84708e-05
-1.83778e-05
-9.29775e-08
1.84708e-05
-1.83778e-05
-1.78125e-07
1.84951e-05
-1.841e-05
-2.14572e-07
1.82531e-05
-1.82166e-05
1.69903e-05
-1.72048e-05
-2.38408e-07
1.44585e-05
-1.42201e-05
-1.87142e-07
1.63234e-05
-1.63746e-05
-9.17791e-08
1.65798e-05
-1.66751e-05
-7.98655e-13
1.65141e-05
-1.66059e-05
9.17776e-08
1.65141e-05
-1.66059e-05
1.87141e-07
1.65798e-05
-1.66751e-05
2.38407e-07
1.63234e-05
-1.63746e-05
1.44585e-05
-1.42201e-05
2.67485e-07
1.83837e-05
-1.02889e-06
2.62475e-07
1.89731e-05
-4.25524e-07
1.37971e-07
1.90199e-05
-2.97238e-07
7.58384e-13
1.89786e-05
-2.88122e-07
-1.3797e-07
1.89786e-05
-2.88122e-07
-2.62473e-07
1.90199e-05
-2.97237e-07
-2.67484e-07
1.89731e-05
-4.25523e-07
1.83837e-05
-1.02889e-06
1.57986e-07
1.76087e-05
-7.76441e-07
1.52482e-07
1.87898e-05
-5.31228e-07
8.4509e-08
1.90268e-05
-4.63674e-07
6.97501e-13
1.90001e-05
-4.44805e-07
-8.45077e-08
1.90001e-05
-4.44804e-07
-1.52481e-07
1.90268e-05
-4.63673e-07
-1.57986e-07
1.87898e-05
-5.31227e-07
1.76087e-05
-7.7644e-07
2.00363e-08
-3.80004e-06
4.07191e-06
-2.91911e-07
1.49915e-08
-3.97291e-06
4.31223e-06
-3.34272e-07
7.08723e-09
-4.00334e-06
4.3681e-06
-3.56857e-07
2.47143e-12
-4.00488e-06
4.3789e-06
-3.66935e-07
-7.08263e-09
-4.00488e-06
4.3789e-06
-3.66935e-07
-1.49879e-08
-4.00334e-06
4.36811e-06
-3.56857e-07
-2.00343e-08
-3.97293e-06
4.31224e-06
-3.34272e-07
-3.80005e-06
4.07192e-06
-2.91909e-07
1.78633e-08
2.48562e-06
-7.68389e-06
5.18041e-06
1.60886e-08
3.28478e-06
-8.64253e-06
5.35953e-06
8.43545e-09
3.3608e-06
-8.7146e-06
5.36145e-06
9.0168e-13
3.32972e-06
-8.67766e-06
5.35638e-06
-8.43377e-09
3.32972e-06
-8.67766e-06
5.35638e-06
-1.60873e-08
3.3608e-06
-8.71459e-06
5.36145e-06
-1.78625e-08
3.28478e-06
-8.64253e-06
5.35953e-06
2.48562e-06
-7.68389e-06
5.18041e-06
1.14241e-07
-1.27823e-06
1.17062e-06
-6.63619e-09
4.41154e-08
-1.43795e-06
1.3096e-06
1.98477e-07
8.19945e-09
-1.51501e-06
1.33391e-06
2.17011e-07
2.51875e-15
-1.53903e-06
1.31014e-06
2.37088e-07
-8.19944e-09
-1.53903e-06
1.31014e-06
2.37088e-07
-4.41154e-08
-1.51501e-06
1.33391e-06
2.17011e-07
-1.14241e-07
-1.43795e-06
1.3096e-06
1.98477e-07
-1.27823e-06
1.17062e-06
-6.63626e-09
1.85521e-07
1.74232e-05
1.58593e-07
1.88167e-05
8.41799e-08
1.91012e-05
7.45375e-13
1.90843e-05
-8.41786e-08
1.90843e-05
-1.58592e-07
1.91012e-05
-1.8552e-07
1.88167e-05
1.74232e-05
3.4673e-07
1.80369e-05
2.74913e-07
1.90449e-05
1.36211e-07
1.91586e-05
7.17724e-13
1.91148e-05
-1.36209e-07
1.91148e-05
-2.74912e-07
1.91586e-05
-3.46729e-07
1.90449e-05
1.80369e-05
2.56349e-07
1.76311e-05
-1.78875e-05
2.12585e-07
1.87799e-05
-1.87361e-05
1.09313e-07
1.89687e-05
-1.88654e-05
6.91375e-13
1.89316e-05
-1.88223e-05
-1.09312e-07
1.89316e-05
-1.88223e-05
-2.12584e-07
1.89687e-05
-1.88654e-05
-2.56348e-07
1.87799e-05
-1.87361e-05
1.76311e-05
-1.78875e-05
2.02494e-08
-1.58959e-05
1.58757e-05
1.15172e-08
-1.66313e-05
1.664e-05
4.40314e-09
-1.66564e-05
1.66635e-05
1.44617e-13
-1.66495e-05
1.66539e-05
-4.40288e-09
-1.66495e-05
1.66539e-05
-1.15171e-08
-1.66564e-05
1.66635e-05
-2.02493e-08
-1.66313e-05
1.664e-05
-1.58959e-05
1.58757e-05
-2.99924e-07
1.4258e-05
-1.39581e-05
-2.46402e-07
1.59502e-05
-1.60038e-05
-1.25293e-07
1.615e-05
-1.62711e-05
-8.79522e-13
1.60875e-05
-1.62128e-05
1.25291e-07
1.60875e-05
-1.62128e-05
2.46401e-07
1.615e-05
-1.62711e-05
2.99923e-07
1.59502e-05
-1.60038e-05
1.4258e-05
-1.39581e-05
3.29974e-08
-1.61948e-05
1.61618e-05
2.38448e-08
-1.67591e-05
1.67682e-05
1.17792e-08
-1.67754e-05
1.67874e-05
3.02925e-14
-1.67714e-05
1.67832e-05
-1.17791e-08
-1.67714e-05
1.67832e-05
-2.38447e-08
-1.67754e-05
1.67874e-05
-3.29974e-08
-1.67591e-05
1.67682e-05
-1.61948e-05
1.61618e-05
3.23829e-08
1.68258e-05
-1.68582e-05
2.31836e-08
1.71997e-05
-1.71905e-05
1.15995e-08
1.72026e-05
-1.71911e-05
3.27791e-15
1.71985e-05
-1.71869e-05
-1.15995e-08
1.71985e-05
-1.71869e-05
-2.31836e-08
1.72026e-05
-1.71911e-05
-3.23829e-08
1.71997e-05
-1.71905e-05
1.68258e-05
-1.68582e-05
-1.85484e-07
-1.39045e-05
1.409e-05
-1.45241e-07
-1.60346e-05
1.59944e-05
-7.24521e-08
-1.63411e-05
1.62683e-05
-8.09131e-13
-1.62877e-05
1.62153e-05
7.24507e-08
-1.62877e-05
1.62153e-05
1.4524e-07
-1.63411e-05
1.62683e-05
1.85483e-07
-1.60346e-05
1.59944e-05
-1.39045e-05
1.409e-05
3.13814e-08
1.72084e-05
-1.72398e-05
2.16988e-08
1.74196e-05
-1.74099e-05
1.07603e-08
1.74143e-05
-1.74034e-05
8.58663e-16
1.74106e-05
-1.73998e-05
-1.07603e-08
1.74106e-05
-1.73998e-05
-2.16988e-08
1.74143e-05
-1.74034e-05
-3.13814e-08
1.74196e-05
-1.74099e-05
1.72084e-05
-1.72398e-05
7.79332e-09
9.42206e-06
-2.63085e-06
-6.799e-06
4.98549e-09
1.05867e-05
-3.36489e-06
-7.21903e-06
2.46087e-09
1.06657e-05
-3.41153e-06
-7.25167e-06
7.96744e-13
1.06169e-05
-3.3739e-06
-7.24049e-06
-2.45938e-09
1.06169e-05
-3.3739e-06
-7.24049e-06
-4.98428e-09
1.06657e-05
-3.41153e-06
-7.25167e-06
-7.79261e-09
1.05867e-05
-3.36489e-06
-7.21903e-06
9.42206e-06
-2.63085e-06
-6.799e-06
6.23493e-09
5.1905e-06
4.22533e-06
7.45176e-09
5.35545e-06
5.23006e-06
4.08865e-09
5.36418e-06
5.3049e-06
8.55353e-13
5.36277e-06
5.25817e-06
-4.08705e-09
5.36277e-06
5.25817e-06
-7.45048e-09
5.36418e-06
5.3049e-06
-6.23419e-09
5.35546e-06
5.23005e-06
5.1905e-06
4.22532e-06
1.0324e-07
-5.50195e-06
6.23166e-06
6.60954e-08
-5.56028e-06
6.65572e-06
2.60701e-08
-5.43998e-06
6.63459e-06
-3.60206e-13
-5.39341e-06
6.60054e-06
-2.60708e-08
-5.39341e-06
6.60054e-06
-6.60958e-08
-5.43998e-06
6.63459e-06
-1.0324e-07
-5.56028e-06
6.65572e-06
-5.50195e-06
6.23166e-06
1.34247e-07
4.38472e-06
-3.95969e-06
-5.59277e-07
1.33625e-07
6.48892e-06
-4.84684e-06
-1.64146e-06
6.89229e-08
6.91005e-06
-4.99447e-06
-1.85088e-06
4.74848e-13
6.91363e-06
-4.99695e-06
-1.84776e-06
-6.8922e-08
6.91363e-06
-4.99695e-06
-1.84776e-06
-1.33624e-07
6.91005e-06
-4.99447e-06
-1.85088e-06
-1.34247e-07
6.48893e-06
-4.84684e-06
-1.64146e-06
4.38472e-06
-3.95969e-06
-5.59278e-07
4.8343e-08
-4.63664e-06
3.57243e-08
-5.10944e-06
1.56875e-08
-5.14802e-06
-1.56747e-13
-5.13306e-06
-1.56877e-08
-5.13306e-06
-3.57244e-08
-5.14802e-06
-4.83429e-08
-5.10944e-06
-4.63664e-06
1.27417e-08
-2.56475e-06
4.2086e-06
-1.65659e-06
2.04524e-09
-2.69966e-06
4.36585e-06
-1.6555e-06
-2.52163e-09
-2.75652e-06
4.40758e-06
-1.6465e-06
1.65557e-12
-2.77632e-06
4.41576e-06
-1.64196e-06
2.52466e-09
-2.77633e-06
4.41576e-06
-1.64196e-06
-2.043e-09
-2.75652e-06
4.40759e-06
-1.6465e-06
-1.27408e-08
-2.69966e-06
4.36586e-06
-1.6555e-06
-2.56475e-06
4.2086e-06
-1.6566e-06
1.35779e-08
3.0969e-06
-6.38251e-07
9.88697e-09
3.24098e-06
-4.92346e-07
2.30961e-09
3.30752e-06
-3.98966e-07
1.34307e-12
3.3358e-06
-3.65118e-07
-2.30705e-09
3.3358e-06
-3.65118e-07
-9.88477e-09
3.30752e-06
-3.98966e-07
-1.35764e-08
3.24098e-06
-4.92346e-07
3.0969e-06
-6.38252e-07
2.73001e-07
1.12968e-06
1.19629e-07
1.41559e-06
9.61598e-09
1.40429e-06
3.15639e-13
1.33452e-06
-9.61532e-09
1.33452e-06
-1.19629e-07
1.40429e-06
-2.73e-07
1.41559e-06
1.12968e-06
2.98145e-07
-1.08325e-06
-1.72653e-05
2.81289e-07
-3.36341e-07
-1.80768e-05
1.45085e-07
-2.09357e-07
-1.80869e-05
7.34898e-13
-2.12237e-07
-1.80452e-05
-1.45083e-07
-2.12237e-07
-1.80452e-05
-2.81288e-07
-2.09356e-07
-1.80869e-05
-2.98144e-07
-3.3634e-07
-1.80768e-05
-1.08324e-06
-1.72653e-05
3.03226e-08
-8.53842e-07
-1.5979e-05
2.11762e-08
-8.64686e-07
-1.6167e-05
1.04639e-08
-8.64487e-07
-1.61622e-05
1.24049e-15
-8.64297e-07
-1.61589e-05
-1.04639e-08
-8.64297e-07
-1.61589e-05
-2.11762e-08
-8.64487e-07
-1.61622e-05
-3.03226e-08
-8.64686e-07
-1.6167e-05
-8.53842e-07
-1.5979e-05
3.03836e-08
2.85512e-06
1.60077e-05
2.11138e-08
2.88088e-06
1.61581e-05
1.03044e-08
2.87987e-06
1.61523e-05
5.81767e-16
2.87938e-06
1.6149e-05
-1.03044e-08
2.87938e-06
1.6149e-05
-2.11138e-08
2.87987e-06
1.61523e-05
-3.03836e-08
2.88088e-06
1.61581e-05
2.85512e-06
1.60077e-05
1.79708e-07
-5.08573e-07
-1.6876e-05
1.71617e-07
-1.77073e-07
-1.80314e-05
9.40603e-08
-9.44944e-08
-1.82379e-05
7.01757e-13
-7.70102e-08
-1.82068e-05
-9.40591e-08
-7.70099e-08
-1.82068e-05
-1.71616e-07
-9.44937e-08
-1.82379e-05
-1.79708e-07
-1.77072e-07
-1.80314e-05
-5.08572e-07
-1.6876e-05
3.20328e-08
-1.8938e-07
-1.63813e-05
2.27368e-08
-1.92777e-07
-1.7001e-05
1.11281e-08
-1.92706e-07
-1.70207e-05
3.78302e-14
-1.92519e-07
-1.70163e-05
-1.1128e-08
-1.92519e-07
-1.70163e-05
-2.27367e-08
-1.92706e-07
-1.70207e-05
-3.20327e-08
-1.92777e-07
-1.7001e-05
-1.8938e-07
-1.63813e-05
3.34053e-08
2.26475e-07
1.64138e-05
2.4229e-08
2.34989e-07
1.69922e-05
1.20872e-08
2.3526e-07
1.70088e-05
1.89932e-14
2.35268e-07
1.70046e-05
-1.20871e-08
2.35268e-07
1.70046e-05
-2.4229e-08
2.3526e-07
1.70088e-05
-3.34053e-08
2.34989e-07
1.69922e-05
2.26475e-07
1.64138e-05
3.16133e-08
5.96741e-07
1.61424e-05
2.24196e-08
6.08163e-07
1.64513e-05
1.11446e-08
6.08195e-07
1.64517e-05
2.40853e-15
6.08015e-07
1.64479e-05
-1.11445e-08
6.08015e-07
1.64479e-05
-2.24196e-08
6.08195e-07
1.64517e-05
-3.16133e-08
6.08163e-07
1.64513e-05
5.96741e-07
1.61424e-05
2.42171e-08
1.28029e-08
1.64722e-05
1.57054e-08
2.80802e-08
1.71924e-05
7.11741e-09
2.92959e-08
1.72151e-05
6.76683e-14
2.95625e-08
1.72073e-05
-7.11729e-09
2.95625e-08
1.72073e-05
-1.57053e-08
2.92959e-08
1.72151e-05
-2.42171e-08
2.80803e-08
1.71924e-05
1.2803e-08
1.64722e-05
3.30085e-08
-1.11394e-06
-1.61109e-05
2.35893e-08
-1.13954e-06
-1.64605e-05
1.17682e-08
-1.13982e-06
-1.64629e-05
4.86063e-15
-1.1396e-06
-1.64591e-05
-1.17682e-08
-1.1396e-06
-1.64591e-05
-2.35893e-08
-1.13982e-06
-1.64629e-05
-3.30085e-08
-1.13954e-06
-1.64605e-05
-1.11394e-06
-1.61109e-05
-2.92505e-07
1.98491e-06
1.45942e-06
-3.15183e-06
-2.48011e-07
-8.6692e-07
4.10051e-06
-3.27808e-06
-1.38943e-07
-1.30835e-06
4.46976e-06
-3.27048e-06
-5.50356e-13
-1.23511e-06
4.36803e-06
-3.27186e-06
1.38942e-07
-1.23511e-06
4.36803e-06
-3.27186e-06
2.4801e-07
-1.30835e-06
4.46976e-06
-3.27048e-06
2.92504e-07
-8.66923e-07
4.10051e-06
-3.27808e-06
1.98491e-06
1.45942e-06
-3.15183e-06
-1.79909e-07
1.39187e-06
1.32466e-05
-1.61204e-07
1.02683e-06
1.52778e-05
-8.57828e-08
9.33231e-07
1.55711e-05
-7.11964e-13
9.15099e-07
1.55132e-05
8.57815e-08
9.15099e-07
1.55132e-05
1.61203e-07
9.33231e-07
1.55711e-05
1.79909e-07
1.02683e-06
1.52778e-05
1.39187e-06
1.32466e-05
1.10084e-07
-3.33046e-06
4.56423e-08
-5.48989e-06
8.95765e-09
-5.84492e-06
-2.63847e-14
-5.82432e-06
-8.95775e-09
-5.82432e-06
-4.56425e-08
-5.84492e-06
-1.10084e-07
-5.48989e-06
-3.33046e-06
3.3417e-08
1.09069e-06
1.60336e-05
2.41606e-08
1.12192e-06
1.65062e-05
1.20832e-08
1.12263e-06
1.65164e-05
9.82045e-15
1.12232e-06
1.65125e-05
-1.20832e-08
1.12232e-06
1.65125e-05
-2.41606e-08
1.12263e-06
1.65164e-05
-3.3417e-08
1.12192e-06
1.65062e-05
1.09069e-06
1.60336e-05
3.25871e-08
-1.56492e-05
2.34573e-08
-1.60778e-05
1.17406e-08
-1.60853e-05
9.07661e-15
-1.60815e-05
-1.17405e-08
-1.60815e-05
-2.34573e-08
-1.60853e-05
-3.25871e-08
-1.60778e-05
-1.56492e-05
-7.91765e-08
-2.70602e-06
-1.3398e-05
-7.71634e-08
-3.23493e-06
-1.52008e-05
-4.15187e-08
-3.34904e-06
-1.54686e-05
-6.39052e-13
-3.36031e-06
-1.54272e-05
4.15176e-08
-3.36031e-06
-1.54272e-05
7.71626e-08
-3.34904e-06
-1.54686e-05
7.9176e-08
-3.23493e-06
-1.52008e-05
-2.70602e-06
-1.3398e-05
-1.82214e-07
-7.71278e-07
-1.32666e-05
-1.61018e-07
-1.42053e-06
-1.49753e-05
-8.5538e-08
-1.55487e-06
-1.51957e-05
-6.73095e-13
-1.56427e-06
-1.51271e-05
8.55368e-08
-1.56427e-06
-1.51271e-05
1.61017e-07
-1.55487e-06
-1.51957e-05
1.82214e-07
-1.42053e-06
-1.49753e-05
-7.71279e-07
-1.32666e-05
-1.66346e-08
2.62784e-06
-3.69703e-06
1.08582e-06
-2.64287e-08
2.70861e-06
-3.92264e-06
1.22383e-06
-1.87241e-08
2.73475e-06
-4.03374e-06
1.29129e-06
1.10004e-12
2.74606e-06
-4.07838e-06
1.31359e-06
1.87261e-08
2.74607e-06
-4.07838e-06
1.31359e-06
2.64302e-08
2.73475e-06
-4.03374e-06
1.29129e-06
1.66355e-08
2.70861e-06
-3.92264e-06
1.22383e-06
2.62785e-06
-3.69703e-06
1.08582e-06
6.05774e-08
4.41379e-06
-7.88048e-06
3.46479e-08
4.73652e-06
-8.05857e-06
1.25069e-08
4.68689e-06
-7.95775e-06
6.39588e-14
4.62985e-06
-7.88004e-06
-1.25068e-08
4.62985e-06
-7.88004e-06
-3.46478e-08
4.68689e-06
-7.95775e-06
-6.05773e-08
4.73652e-06
-8.05856e-06
4.41379e-06
-7.88048e-06
2.44676e-08
-6.56649e-07
-3.16786e-06
1.68079e-08
-5.95879e-07
-3.36938e-06
8.31865e-09
-5.62692e-07
-3.43215e-06
2.04059e-12
-5.44921e-07
-3.45164e-06
-8.31481e-09
-5.44922e-07
-3.45164e-06
-1.68048e-08
-5.62693e-07
-3.43216e-06
-2.44658e-08
-5.95881e-07
-3.36938e-06
-6.56651e-07
-3.16786e-06
1.93664e-07
3.22112e-07
1.71153e-05
1.85151e-07
8.01413e-07
1.7987e-05
1.00601e-07
9.10214e-07
1.8143e-05
7.05405e-13
9.25434e-07
1.81068e-05
-1.006e-07
9.25435e-07
1.81068e-05
-1.8515e-07
9.10215e-07
1.8143e-05
-1.93664e-07
8.01414e-07
1.7987e-05
3.22113e-07
1.71153e-05
3.88272e-08
-1.84382e-06
5.26762e-07
2.83807e-09
-1.97674e-06
5.74781e-07
-1.49696e-08
-2.05752e-06
5.60317e-07
-3.90482e-14
-2.10056e-06
5.46558e-07
1.49695e-08
-2.10056e-06
5.46558e-07
-2.83811e-09
-2.05752e-06
5.60317e-07
-3.88273e-08
-1.97675e-06
5.74781e-07
-1.84382e-06
5.26762e-07
-1.32817e-07
-1.34496e-05
-1.27028e-07
-1.5239e-05
-6.89606e-08
-1.54889e-05
-6.7758e-13
-1.54312e-05
6.89594e-08
-1.54312e-05
1.27027e-07
-1.54889e-05
1.32817e-07
-1.5239e-05
-1.34496e-05
4.81667e-08
-6.48296e-06
2.17341e-06
4.26138e-06
5.47231e-08
-8.06119e-06
3.27854e-06
4.7761e-06
3.09434e-08
-8.26056e-06
3.44196e-06
4.84238e-06
6.02009e-13
-8.23456e-06
3.42181e-06
4.84369e-06
-3.09423e-08
-8.23456e-06
3.42181e-06
4.84369e-06
-5.47222e-08
-8.26056e-06
3.44196e-06
4.84238e-06
-4.81663e-08
-8.06119e-06
3.27854e-06
4.7761e-06
-6.48296e-06
2.17341e-06
4.26138e-06
1.77527e-08
7.17714e-06
-4.70927e-06
1.43996e-08
8.24245e-06
-4.95432e-06
7.2708e-09
8.34384e-06
-4.97591e-06
6.75309e-13
8.31373e-06
-4.97674e-06
-7.26955e-09
8.31373e-06
-4.97674e-06
-1.43986e-08
8.34384e-06
-4.97591e-06
-1.77521e-08
8.24245e-06
-4.95432e-06
7.17714e-06
-4.70927e-06
2.06651e-08
-2.51406e-06
1.51437e-08
-3.28156e-06
7.69015e-09
-3.34296e-06
9.99044e-13
-3.3072e-06
-7.68829e-09
-3.3072e-06
-1.51422e-08
-3.34296e-06
-2.06642e-08
-3.28156e-06
-2.51405e-06
-3.11826e-07
1.34866e-05
-2.36806e-07
1.55389e-05
-1.1931e-07
1.58231e-05
-8.72759e-13
1.5756e-05
1.19309e-07
1.5756e-05
2.36804e-07
1.58231e-05
3.11825e-07
1.55389e-05
1.34866e-05
2.62364e-08
-1.59093e-05
1.73071e-08
-1.65943e-05
7.86298e-09
-1.66176e-05
9.14738e-14
-1.6612e-05
-7.86281e-09
-1.6612e-05
-1.73069e-08
-1.66176e-05
-2.62363e-08
-1.65943e-05
-1.59093e-05
-1.35043e-07
1.37164e-05
-1.27033e-07
1.58093e-05
-6.87886e-08
1.61155e-05
-7.60678e-13
1.60695e-05
6.87872e-08
1.60695e-05
1.27032e-07
1.61155e-05
1.35042e-07
1.58093e-05
1.37164e-05
3.28608e-08
-1.60012e-05
2.37911e-08
-1.6515e-05
1.18615e-08
-1.65282e-05
2.03635e-14
-1.65243e-05
-1.18614e-08
-1.65243e-05
-2.37911e-08
-1.65282e-05
-3.28607e-08
-1.6515e-05
-1.60012e-05
3.21999e-08
1.59402e-05
2.29947e-08
1.65847e-05
1.1251e-08
1.66065e-05
4.43333e-14
1.66019e-05
-1.12509e-08
1.66019e-05
-2.29947e-08
1.66065e-05
-3.21999e-08
1.65847e-05
1.59402e-05
3.17831e-08
1.56801e-05
2.27661e-08
1.60692e-05
1.13938e-08
1.60742e-05
4.40987e-15
1.60703e-05
-1.13938e-08
1.60703e-05
-2.27661e-08
1.60742e-05
-3.17831e-08
1.60692e-05
1.56801e-05
3.17692e-08
-1.62932e-05
2.24155e-08
-1.6573e-05
1.11586e-08
-1.65716e-05
2.42002e-15
-1.65677e-05
-1.11586e-08
-1.65677e-05
-2.24155e-08
-1.65716e-05
-3.17692e-08
-1.6573e-05
-1.62932e-05
3.09604e-08
1.63236e-05
2.17514e-08
1.65641e-05
1.07457e-08
1.65608e-05
1.28185e-15
1.6557e-05
-1.07457e-08
1.6557e-05
-2.17514e-08
1.65608e-05
-3.09604e-08
1.65641e-05
1.63236e-05
2.85237e-08
-1.44132e-05
1.96688e-08
-1.45202e-05
9.5493e-09
-1.45134e-05
4.00166e-16
-1.45109e-05
-9.5493e-09
-1.45109e-05
-1.96688e-08
-1.45134e-05
-2.85237e-08
-1.45202e-05
-1.44132e-05
2.11702e-07
-1.67073e-05
2.04437e-07
-1.7702e-05
1.0989e-07
-1.78376e-05
7.1042e-13
-1.77973e-05
-1.09889e-07
-1.77973e-05
-2.04436e-07
-1.78376e-05
-2.11702e-07
-1.7702e-05
-1.67073e-05
1.41871e-07
1.45753e-05
1.31322e-07
1.55923e-05
7.23115e-08
1.58112e-05
7.00938e-13
1.57963e-05
-7.23103e-08
1.57963e-05
-1.31321e-07
1.58112e-05
-1.41871e-07
1.55923e-05
1.45753e-05
2.42285e-07
1.70234e-05
2.3373e-07
1.76329e-05
1.24262e-07
1.77132e-05
7.42258e-13
1.76748e-05
-1.24261e-07
1.76748e-05
-2.33729e-07
1.77132e-05
-2.42285e-07
1.76329e-05
1.70234e-05
-6.91797e-08
1.04262e-05
5.94789e-06
-6.08084e-08
1.18942e-05
6.50572e-06
-3.22411e-08
1.21188e-05
6.5872e-06
-5.3225e-13
1.20955e-05
6.56932e-06
3.22402e-08
1.20955e-05
6.56932e-06
6.08078e-08
1.21188e-05
6.5872e-06
6.91793e-08
1.18942e-05
6.50572e-06
1.04262e-05
5.94789e-06
1.94523e-08
-1.22469e-05
-6.69889e-06
1.27611e-08
-1.22869e-05
-6.72444e-06
6.0582e-09
-1.22816e-05
-6.72206e-06
1.63551e-16
-1.22803e-05
-6.72135e-06
-6.0582e-09
-1.22803e-05
-6.72135e-06
-1.27611e-08
-1.22816e-05
-6.72206e-06
-1.94523e-08
-1.22869e-05
-6.72444e-06
-1.22469e-05
-6.69889e-06
-1.41406e-09
2.66846e-06
1.40486e-06
-4.26832e-11
2.88138e-06
1.42948e-06
-1.69098e-09
2.92892e-06
1.44082e-06
2.37242e-12
2.94137e-06
1.43583e-06
1.69542e-09
2.94137e-06
1.43584e-06
4.61639e-11
2.92893e-06
1.44083e-06
1.41587e-09
2.88138e-06
1.42949e-06
2.66847e-06
1.40487e-06
4.61318e-08
3.03715e-06
2.34082e-06
-5.42411e-06
-1.22167e-08
3.17403e-06
2.20037e-06
-5.31605e-06
-1.81878e-08
3.01669e-06
2.20265e-06
-5.21337e-06
-4.12645e-14
2.89455e-06
2.21164e-06
-5.12438e-06
1.81877e-08
2.89455e-06
2.21164e-06
-5.12438e-06
1.22167e-08
3.01669e-06
2.20265e-06
-5.21337e-06
-4.61319e-08
3.17403e-06
2.20037e-06
-5.31605e-06
3.03715e-06
2.34082e-06
-5.42411e-06
1.49158e-08
1.3347e-06
-7.93139e-07
-1.34184e-09
1.47391e-06
-7.61105e-07
1.52843e-09
1.34693e-06
-5.731e-07
-2.95595e-12
1.26525e-06
-4.46164e-07
-1.53418e-09
1.26524e-06
-4.46161e-07
1.33702e-09
1.34691e-06
-5.73089e-07
-1.49185e-08
1.47389e-06
-7.61092e-07
1.33469e-06
-7.93134e-07
-6.91913e-09
-6.03127e-06
1.00422e-05
-4.00405e-06
-8.44278e-09
-6.40166e-06
1.11079e-05
-4.70467e-06
-5.00739e-09
-6.43714e-06
1.11632e-05
-4.72946e-06
3.84584e-13
-6.426e-06
1.11105e-05
-4.68948e-06
5.00811e-09
-6.42601e-06
1.11105e-05
-4.68948e-06
8.44337e-09
-6.43714e-06
1.11632e-05
-4.72946e-06
6.91949e-09
-6.40166e-06
1.11079e-05
-4.70467e-06
-6.03127e-06
1.00422e-05
-4.00405e-06
1.82236e-07
4.06013e-06
1.42349e-07
1.55096e-07
4.57578e-06
1.94029e-06
7.12764e-08
4.65154e-06
2.34233e-06
3.46193e-13
4.65204e-06
2.33286e-06
-7.12758e-08
4.65204e-06
2.33286e-06
-1.55096e-07
4.65154e-06
2.34233e-06
-1.82236e-07
4.57578e-06
1.94029e-06
4.06013e-06
1.42351e-07
1.7089e-08
1.02849e-08
5.03382e-06
-5.0612e-06
1.90029e-08
4.34547e-08
5.11758e-06
-5.16295e-06
1.16898e-08
6.83423e-08
5.1053e-06
-5.16633e-06
7.82813e-13
8.03661e-08
5.09371e-06
-5.16238e-06
-1.16884e-08
8.03663e-08
5.09371e-06
-5.16238e-06
-1.9002e-08
6.83427e-08
5.10531e-06
-5.16634e-06
-1.70887e-08
4.3455e-08
5.11759e-06
-5.16296e-06
1.02843e-08
5.03383e-06
-5.0612e-06
1.25541e-08
1.44757e-07
2.87984e-06
2.14181e-09
3.78055e-07
2.80638e-06
5.26741e-09
3.83431e-07
2.63013e-06
-6.07022e-14
3.61736e-07
2.53808e-06
-5.26752e-09
3.61736e-07
2.53808e-06
-2.14186e-09
3.83432e-07
2.63013e-06
-1.25541e-08
3.78055e-07
2.80638e-06
1.44757e-07
2.87984e-06
9.06623e-08
-4.07195e-06
2.16015e-08
8.92941e-08
-5.49549e-06
6.50023e-07
4.77186e-08
-5.72211e-06
7.69221e-07
4.43762e-13
-5.71103e-06
7.61797e-07
-4.77178e-08
-5.71103e-06
7.61798e-07
-8.92935e-08
-5.72211e-06
7.69221e-07
-9.06619e-08
-5.4955e-06
6.50023e-07
-4.07195e-06
2.16022e-08
2.73788e-08
-2.66992e-06
-1.01479e-06
2.30089e-08
-2.92238e-06
-9.26879e-07
1.52376e-08
-3.00165e-06
-8.81073e-07
1.03268e-12
-3.02863e-06
-8.48118e-07
-1.52356e-08
-3.02863e-06
-8.48119e-07
-2.30071e-08
-3.00166e-06
-8.81076e-07
-2.73776e-08
-2.92239e-06
-9.26884e-07
-2.66993e-06
-1.01479e-06
-9.58025e-09
3.60658e-06
-8.50194e-06
4.90494e-06
-5.63417e-09
3.65759e-06
-9.4922e-06
5.83066e-06
-1.92465e-09
3.67017e-06
-9.56292e-06
5.88904e-06
5.33079e-13
3.68173e-06
-9.52509e-06
5.84143e-06
1.92564e-09
3.68173e-06
-9.52509e-06
5.84143e-06
5.63496e-09
3.67017e-06
-9.56292e-06
5.88904e-06
9.58071e-09
3.65759e-06
-9.4922e-06
5.83066e-06
3.60658e-06
-8.50194e-06
4.90494e-06
1.35906e-07
-3.35197e-07
2.78977e-09
1.05319e-07
-5.44558e-07
3.85847e-07
5.49402e-08
-5.62574e-07
4.1813e-07
-1.852e-12
-5.3546e-07
3.9521e-07
-5.49437e-08
-5.35459e-07
3.95209e-07
-1.05322e-07
-5.62573e-07
4.18127e-07
-1.35909e-07
-5.44556e-07
3.85843e-07
-3.35195e-07
2.78337e-09
6.32426e-09
-4.20949e-06
1.63842e-06
3.59101e-10
-4.34904e-06
1.65535e-06
-1.88437e-09
-4.40196e-06
1.64768e-06
5.54834e-13
-4.42144e-06
1.64323e-06
1.88534e-09
-4.42144e-06
1.64323e-06
-3.58446e-10
-4.40196e-06
1.64769e-06
-6.32405e-09
-4.34905e-06
1.65535e-06
-4.20949e-06
1.63842e-06
7.57842e-09
7.82433e-06
5.63133e-09
8.8896e-06
2.73663e-09
8.97797e-06
7.08157e-13
8.94264e-06
-2.73531e-09
8.94264e-06
-5.63028e-09
8.97797e-06
-7.57782e-09
8.88959e-06
7.82433e-06
6.19083e-09
3.67205e-07
1.55023e-05
2.01248e-09
3.47217e-07
1.6297e-05
-2.19544e-10
3.45099e-07
1.63206e-05
1.60645e-13
3.44628e-07
1.6309e-05
2.19823e-10
3.44628e-07
1.6309e-05
-2.01229e-09
3.45099e-07
1.63206e-05
-6.19071e-09
3.47217e-07
1.6297e-05
3.67205e-07
1.55023e-05
1.10259e-08
-5.93816e-06
-4.89223e-06
9.99186e-10
-6.58427e-06
-5.24887e-06
-2.00671e-09
-6.59647e-06
-5.27226e-06
1.01246e-13
-6.56339e-06
-5.24923e-06
2.00691e-09
-6.56339e-06
-5.24923e-06
-9.99004e-10
-6.59647e-06
-5.27226e-06
-1.10258e-08
-6.58427e-06
-5.24887e-06
-5.93816e-06
-4.89223e-06
3.35475e-08
-1.89944e-06
-4.61707e-06
3.59453e-08
-2.75915e-06
-5.30444e-06
2.03282e-08
-2.86476e-06
-5.38018e-06
5.80648e-13
-2.84055e-06
-5.37368e-06
-2.03271e-08
-2.84055e-06
-5.37368e-06
-3.59445e-08
-2.86476e-06
-5.38018e-06
-3.3547e-08
-2.75915e-06
-5.30444e-06
-1.89944e-06
-4.61707e-06
8.775e-08
-1.15964e-07
-1.55399e-06
1.5822e-06
7.80176e-08
-2.15297e-07
-1.3646e-06
1.58963e-06
4.02481e-08
-3.25401e-07
-1.22762e-06
1.59079e-06
-2.55652e-13
-3.77138e-07
-1.17663e-06
1.59402e-06
-4.02487e-08
-3.77138e-07
-1.17663e-06
1.59402e-06
-7.80181e-08
-3.25399e-07
-1.22762e-06
1.59079e-06
-8.77505e-08
-2.15295e-07
-1.3646e-06
1.58963e-06
-1.1596e-07
-1.55399e-06
1.5822e-06
-2.57801e-07
2.05203e-06
-1.57523e-05
-2.03593e-07
1.12631e-06
-1.71843e-05
-1.16798e-07
9.97056e-07
-1.73549e-05
-7.99116e-13
1.00519e-06
-1.73348e-05
1.16796e-07
1.00519e-06
-1.73348e-05
2.03592e-07
9.97055e-07
-1.73549e-05
2.578e-07
1.12631e-06
-1.71843e-05
2.05203e-06
-1.57523e-05
5.03559e-08
2.3464e-06
-1.22613e-06
6.04528e-08
2.36773e-06
-1.06822e-06
4.15719e-08
2.38081e-06
-1.02802e-06
-4.0008e-14
2.40139e-06
-1.04967e-06
-4.1572e-08
2.40139e-06
-1.04967e-06
-6.04529e-08
2.38081e-06
-1.02802e-06
-5.03559e-08
2.36773e-06
-1.06822e-06
2.3464e-06
-1.22613e-06
5.05926e-08
-2.65693e-06
3.17601e-06
-5.69671e-07
3.30772e-08
-2.96666e-06
3.35715e-06
-3.72981e-07
1.43156e-08
-2.98087e-06
3.38988e-06
-3.90248e-07
-1.94271e-12
-2.96504e-06
3.40411e-06
-4.24748e-07
-1.43193e-08
-2.96505e-06
3.40411e-06
-4.24745e-07
-3.308e-08
-2.98088e-06
3.38988e-06
-3.90242e-07
-5.05938e-08
-2.96667e-06
3.35716e-06
-3.72972e-07
-2.65695e-06
3.17602e-06
-5.69659e-07
1.84329e-08
-1.66373e-06
-1.50985e-06
1.03605e-08
-1.59932e-06
-1.728e-06
5.09693e-09
-1.5741e-06
-1.86624e-06
1.27694e-12
-1.56776e-06
-1.92453e-06
-5.09467e-09
-1.56776e-06
-1.92453e-06
-1.0359e-08
-1.5741e-06
-1.86624e-06
-1.84325e-08
-1.59932e-06
-1.728e-06
-1.66374e-06
-1.50985e-06
-1.98385e-08
2.80624e-06
-1.20768e-08
3.29501e-06
-5.49645e-09
3.28519e-06
3.56615e-13
3.24231e-06
5.49713e-09
3.24231e-06
1.20773e-08
3.28519e-06
1.98388e-08
3.29501e-06
2.80624e-06
3.10281e-08
-9.5848e-07
2.08979e-06
2.33623e-08
-7.36777e-07
2.18785e-06
1.11839e-08
-5.97823e-07
2.24035e-06
6.65447e-13
-5.47464e-07
2.26567e-06
-1.11828e-08
-5.47464e-07
2.26567e-06
-2.33618e-08
-5.97824e-07
2.24035e-06
-3.10284e-08
-7.3678e-07
2.18785e-06
-9.58485e-07
2.08979e-06
8.83327e-09
1.12878e-08
6.89522e-09
1.94233e-12
-6.89158e-09
-1.12848e-08
-8.83168e-09
3.32446e-09
-1.58497e-06
-4.0904e-09
-1.63302e-06
-4.40692e-09
-1.66689e-06
3.6143e-13
-1.67978e-06
4.40753e-09
-1.67978e-06
4.09078e-09
-1.66689e-06
-3.32431e-09
-1.63302e-06
-1.58497e-06
5.51566e-09
-2.18722e-06
-1.51532e-06
-4.95838e-09
-2.38514e-06
-1.52703e-06
-5.12072e-09
-2.49068e-06
-1.5429e-06
1.54e-12
-2.53227e-06
-1.55122e-06
5.12363e-09
-2.53227e-06
-1.55123e-06
4.96076e-09
-2.49068e-06
-1.5429e-06
-5.51419e-09
-2.38514e-06
-1.52703e-06
-2.18722e-06
-1.51533e-06
3.47513e-08
9.9683e-06
-9.8583e-06
1.74066e-08
1.0303e-05
-9.90759e-06
6.86548e-09
1.02649e-05
-9.87092e-06
4.64834e-14
1.02073e-05
-9.83866e-06
-6.86539e-09
1.02073e-05
-9.83866e-06
-1.74065e-08
1.02649e-05
-9.87092e-06
-3.47512e-08
1.0303e-05
-9.90759e-06
9.9683e-06
-9.8583e-06
6.27578e-08
-1.96129e-06
6.71417e-08
-2.22134e-06
3.73745e-08
-2.25039e-06
4.85535e-13
-2.25185e-06
-3.73736e-08
-2.25185e-06
-6.7141e-08
-2.25039e-06
-6.27575e-08
-2.22134e-06
-1.96129e-06
-5.57626e-09
2.58761e-06
1.62656e-06
-7.19544e-09
2.72431e-06
1.64316e-06
-6.28948e-09
2.75702e-06
1.64966e-06
1.78471e-12
2.76667e-06
1.6428e-06
6.29272e-09
2.76667e-06
1.6428e-06
7.19776e-09
2.75702e-06
1.64966e-06
5.5773e-09
2.72432e-06
1.64317e-06
2.58762e-06
1.62657e-06
-4.09323e-09
5.89782e-06
4.14851e-06
-5.33758e-09
6.79131e-06
4.31779e-06
-3.61622e-09
6.82508e-06
4.33636e-06
3.61091e-13
6.77212e-06
4.33474e-06
3.61689e-09
6.77212e-06
4.33474e-06
5.33813e-09
6.82508e-06
4.33636e-06
4.09357e-09
6.79131e-06
4.31779e-06
5.89782e-06
4.14851e-06
5.96963e-08
-2.57251e-06
-1.44117e-07
4.02424e-08
-2.82743e-06
-1.19776e-07
2.95956e-08
-2.87677e-06
-9.34506e-08
-1.51529e-12
-2.90437e-06
-3.10759e-08
-2.95983e-08
-2.90437e-06
-3.10786e-08
-4.02441e-08
-2.87677e-06
-9.34574e-08
-5.96957e-08
-2.82744e-06
-1.19787e-07
-2.57252e-06
-1.44126e-07
2.86668e-08
1.98332e-08
9.86413e-09
8.2075e-16
-9.86413e-09
-1.98332e-08
-2.86668e-08
2.39346e-07
1.94882e-07
9.9973e-08
6.90413e-13
-9.99718e-08
-1.94881e-07
-2.39345e-07
3.15207e-08
2.24028e-08
1.11708e-08
3.26409e-15
-1.11708e-08
-2.24028e-08
-3.15207e-08
3.24444e-08
2.36171e-08
1.1711e-08
2.66554e-14
-1.17109e-08
-2.36171e-08
-3.24444e-08
5.18733e-07
-1.7784e-05
3.43343e-07
-1.79015e-05
1.49988e-07
-1.78935e-05
5.40327e-13
-1.78952e-05
-1.49987e-07
-1.78952e-05
-3.43343e-07
-1.78935e-05
-5.18733e-07
-1.79015e-05
-1.7784e-05
1.299e-08
1.64592e-05
7.96885e-09
1.71974e-05
2.95983e-09
1.72201e-05
9.08176e-14
1.72103e-05
-2.95967e-09
1.72103e-05
-7.96872e-09
1.72201e-05
-1.29899e-08
1.71974e-05
1.64592e-05
-2.02992e-07
-1.64158e-07
-8.19609e-08
-8.0566e-13
8.19594e-08
1.64157e-07
2.02992e-07
4.775e-08
1.35437e-06
8.56619e-06
2.42584e-08
1.72609e-06
8.6004e-06
8.55659e-09
1.74257e-06
8.53802e-06
4.10721e-14
1.7229e-06
8.49292e-06
-8.55651e-09
1.7229e-06
8.49292e-06
-2.42583e-08
1.74257e-06
8.53802e-06
-4.77499e-08
1.72609e-06
8.6004e-06
1.35437e-06
8.56619e-06
-2.55685e-07
-1.30109e-05
-2.14605e-07
-1.50164e-05
-1.07734e-07
-1.53026e-05
-8.66505e-13
-1.52349e-05
1.07732e-07
-1.52349e-05
2.14604e-07
-1.53026e-05
2.55685e-07
-1.50164e-05
-1.30109e-05
-2.64384e-07
-1.37754e-05
-2.19586e-07
-1.54867e-05
-1.14088e-07
-1.57053e-05
-8.5595e-13
-1.56371e-05
1.14087e-07
-1.56371e-05
2.19584e-07
-1.57053e-05
2.64383e-07
-1.54867e-05
-1.37754e-05
-1.60755e-07
-1.32372e-05
-1.26202e-07
-1.52354e-05
-6.40993e-08
-1.55307e-05
-9.24596e-13
-1.54913e-05
6.40977e-08
-1.54913e-05
1.26201e-07
-1.55307e-05
1.60754e-07
-1.52354e-05
-1.32372e-05
-1.26244e-07
-1.38874e-05
-1.18646e-07
-1.57742e-05
-6.43549e-08
-1.60486e-05
-8.29145e-13
-1.60005e-05
6.43534e-08
-1.60005e-05
1.18645e-07
-1.60486e-05
1.26244e-07
-1.57742e-05
-1.38874e-05
1.17519e-07
5.59638e-07
-7.93121e-07
8.88019e-08
4.677e-07
-6.5428e-07
4.0387e-08
3.54603e-07
-6.31589e-07
-9.08192e-13
3.00754e-07
-6.37504e-07
-4.03887e-08
3.00754e-07
-6.37504e-07
-8.88033e-08
3.54605e-07
-6.31589e-07
-1.1752e-07
4.67703e-07
-6.54281e-07
5.59642e-07
-7.93122e-07
2.13956e-07
5.15716e-07
1.29006e-07
-8.29157e-07
5.38212e-08
-1.11819e-06
1.72341e-13
-1.11846e-06
-5.38209e-08
-1.11846e-06
-1.29006e-07
-1.11819e-06
-2.13956e-07
-8.29159e-07
5.15714e-07
5.08379e-08
4.46169e-07
3.88756e-09
2.70574e-07
-9.87242e-09
1.58895e-07
-6.8701e-14
1.01215e-07
9.87231e-09
1.01215e-07
-3.88765e-09
1.58895e-07
-5.08379e-08
2.70574e-07
4.46169e-07
2.32062e-08
-1.14246e-05
1.9238e-06
9.47759e-06
1.26677e-08
-1.2181e-05
2.33303e-06
9.85854e-06
3.58696e-09
-1.21992e-05
2.34708e-06
9.86124e-06
-2.59173e-13
-1.21686e-05
2.32588e-06
9.8463e-06
-3.58745e-09
-1.21686e-05
2.32588e-06
9.8463e-06
-1.2668e-08
-1.21992e-05
2.34707e-06
9.86124e-06
-2.32064e-08
-1.2181e-05
2.33303e-06
9.85854e-06
-1.14246e-05
1.9238e-06
9.47759e-06
2.61948e-08
-1.00964e-05
1.07167e-08
-1.04395e-05
2.80434e-09
-1.04488e-05
-2.7101e-13
-1.04429e-05
-2.80485e-09
-1.04429e-05
-1.07171e-08
-1.04488e-05
-2.61951e-08
-1.04395e-05
-1.00964e-05
8.3993e-08
7.81283e-06
6.69366e-07
4.1631e-08
8.18531e-06
4.57447e-07
1.39523e-08
8.09841e-06
4.6729e-07
6.80234e-14
8.01007e-06
4.96796e-07
-1.39522e-08
8.01007e-06
4.96796e-07
-4.16309e-08
8.09841e-06
4.6729e-07
-8.3993e-08
8.18531e-06
4.57447e-07
7.81283e-06
6.69366e-07
1.10462e-07
-2.25918e-06
8.38038e-06
9.51074e-08
-2.1302e-06
8.80127e-06
4.84905e-08
-2.23429e-06
8.91549e-06
6.10157e-15
-2.29331e-06
8.94234e-06
-4.84905e-08
-2.29331e-06
8.94234e-06
-9.51075e-08
-2.23429e-06
8.91549e-06
-1.10462e-07
-2.1302e-06
8.80127e-06
-2.25918e-06
8.38038e-06
-5.17931e-10
1.35892e-05
-2.92561e-06
-1.06631e-05
-1.17777e-08
1.41616e-05
-3.2927e-06
-1.08577e-05
-1.16904e-08
1.41781e-05
-3.31871e-06
-1.08595e-05
1.03739e-13
1.41646e-05
-3.32474e-06
-1.08515e-05
1.16906e-08
1.41646e-05
-3.32474e-06
-1.08515e-05
1.17778e-08
1.41781e-05
-3.31871e-06
-1.08595e-05
5.18014e-10
1.41616e-05
-3.2927e-06
-1.08577e-05
1.35892e-05
-2.92561e-06
-1.06631e-05
-9.52432e-09
1.26993e-05
-3.67562e-06
-9.01419e-06
-1.98125e-08
1.31513e-05
-3.88891e-06
-9.2521e-06
-1.44392e-08
1.31614e-05
-3.90893e-06
-9.25782e-06
5.49296e-14
1.31505e-05
-3.91291e-06
-9.25207e-06
1.44393e-08
1.31505e-05
-3.91291e-06
-9.25207e-06
1.98125e-08
1.31614e-05
-3.90893e-06
-9.25782e-06
9.52438e-09
1.31513e-05
-3.88891e-06
-9.2521e-06
1.26993e-05
-3.67562e-06
-9.01419e-06
2.31481e-08
-1.19758e-05
2.09433e-06
1.42497e-08
-1.24249e-05
2.52617e-06
5.1713e-09
-1.24084e-05
2.54657e-06
5.64902e-14
-1.23664e-05
2.5329e-06
-5.1712e-09
-1.23664e-05
2.5329e-06
-1.42496e-08
-1.24084e-05
2.54657e-06
-2.3148e-08
-1.24249e-05
2.52617e-06
-1.19758e-05
2.09433e-06
8.65442e-10
1.0317e-05
3.27139e-06
-5.34186e-09
1.04377e-05
3.73017e-06
-7.17657e-09
1.04284e-05
3.75152e-06
9.18815e-14
1.04123e-05
3.74514e-06
7.17674e-09
1.04123e-05
3.74514e-06
5.34198e-09
1.04284e-05
3.75152e-06
-8.65366e-10
1.04377e-05
3.73017e-06
1.0317e-05
3.27139e-06
1.66206e-08
-1.00614e-05
7.11916e-06
2.18345e-09
-1.03113e-05
7.03302e-06
-1.30639e-08
-1.02713e-05
6.96786e-06
5.8998e-14
-1.02299e-05
6.89207e-06
1.3064e-08
-1.02299e-05
6.89207e-06
-2.18337e-09
-1.02713e-05
6.96786e-06
-1.66206e-08
-1.03113e-05
7.03302e-06
-1.00614e-05
7.11916e-06
3.42445e-08
-5.19082e-06
6.05997e-06
-9.03402e-07
3.60027e-08
-5.26593e-06
6.12489e-06
-8.60721e-07
2.16378e-08
-5.3061e-06
6.13991e-06
-8.19441e-07
-7.37267e-13
-5.3195e-06
6.14347e-06
-8.02336e-07
-2.16393e-08
-5.3195e-06
6.14348e-06
-8.02336e-07
-3.60041e-08
-5.3061e-06
6.13991e-06
-8.19442e-07
-3.42453e-08
-5.26593e-06
6.1249e-06
-8.60723e-07
-5.19081e-06
6.05997e-06
-9.03404e-07
3.16197e-08
-1.69042e-06
1.2401e-08
-1.96798e-06
3.16584e-09
-1.97079e-06
7.30829e-14
-1.95096e-06
-3.16571e-09
-1.95096e-06
-1.24009e-08
-1.97079e-06
-3.16196e-08
-1.96798e-06
-1.69042e-06
1.17012e-08
-7.73056e-07
-1.97929e-06
2.74064e-06
3.09288e-09
-8.12418e-07
-2.16732e-06
2.98834e-06
-1.84876e-09
-8.26608e-07
-2.19154e-06
3.02309e-06
2.60564e-13
-8.3093e-07
-2.18946e-06
3.01854e-06
1.84927e-09
-8.3093e-07
-2.18946e-06
3.01854e-06
-3.09235e-09
-8.26608e-07
-2.19155e-06
3.0231e-06
-1.17006e-08
-8.12418e-07
-2.16733e-06
2.98836e-06
-7.73056e-07
-1.97931e-06
2.74066e-06
5.63791e-08
-7.37862e-06
-2.73916e-06
2.5201e-08
-7.46719e-06
-2.81292e-06
-1.29968e-10
-7.44921e-06
-2.79679e-06
6.16256e-14
-7.42628e-06
-2.80373e-06
1.30078e-10
-7.42628e-06
-2.80373e-06
-2.52009e-08
-7.44921e-06
-2.79679e-06
-5.63791e-08
-7.46719e-06
-2.81292e-06
-7.37862e-06
-2.73916e-06
4.01511e-09
5.3167e-06
-9.24623e-09
5.69738e-06
-1.23195e-08
5.71524e-06
9.22413e-14
5.71195e-06
1.23197e-08
5.71195e-06
9.24636e-09
5.71524e-06
-4.01503e-09
5.69738e-06
5.3167e-06
4.83394e-08
-8.63677e-07
5.85899e-06
-5.04365e-06
4.57509e-08
-1.63665e-06
7.04949e-06
-5.41025e-06
2.45882e-08
-1.76783e-06
7.23795e-06
-5.44896e-06
4.7479e-13
-1.76187e-06
7.23562e-06
-5.44916e-06
-2.45873e-08
-1.76187e-06
7.23562e-06
-5.44916e-06
-4.57502e-08
-1.76783e-06
7.23795e-06
-5.44896e-06
-4.8339e-08
-1.63665e-06
7.0495e-06
-5.41025e-06
-8.63677e-07
5.85899e-06
-5.04365e-06
3.33062e-08
4.50799e-06
-4.54129e-06
3.02415e-08
4.65655e-06
-4.65349e-06
1.65554e-08
4.64153e-06
-4.62785e-06
2.40412e-13
4.62214e-06
-4.60559e-06
-1.65549e-08
4.62214e-06
-4.60559e-06
-3.02413e-08
4.64154e-06
-4.62786e-06
-3.33062e-08
4.65656e-06
-4.6535e-06
4.508e-06
-4.54131e-06
2.04635e-08
-5.41074e-06
5.39027e-06
1.94157e-08
-5.49527e-06
5.49632e-06
1.1058e-08
-5.49968e-06
5.50804e-06
4.71384e-13
-5.49715e-06
5.5082e-06
-1.10572e-08
-5.49715e-06
5.50821e-06
-1.94152e-08
-5.49969e-06
5.50804e-06
-2.04635e-08
-5.49528e-06
5.49632e-06
-5.41074e-06
5.39028e-06
2.18125e-08
3.42697e-06
-5.77102e-07
1.32866e-08
3.62692e-06
-6.46891e-07
5.45768e-09
3.65861e-06
-6.79675e-07
-1.5848e-13
3.65586e-06
-6.95126e-07
-5.45794e-09
3.65587e-06
-6.95125e-07
-1.32868e-08
3.65862e-06
-6.79674e-07
-2.18123e-08
3.62694e-06
-6.4689e-07
3.42698e-06
-5.771e-07
2.06804e-08
-1.277e-06
1.25632e-06
5.00313e-08
-1.11391e-06
1.08455e-06
3.76799e-08
-1.08129e-06
1.09364e-06
1.51407e-13
-1.08565e-06
1.12333e-06
-3.76797e-08
-1.08565e-06
1.12333e-06
-5.00312e-08
-1.08129e-06
1.09364e-06
-2.06802e-08
-1.11391e-06
1.08456e-06
-1.277e-06
1.25632e-06
3.77409e-08
-5.87979e-07
-7.26758e-07
5.24328e-08
-5.85106e-07
-5.43491e-07
3.37287e-08
-5.39183e-07
-5.23405e-07
5.04206e-13
-5.11078e-07
-5.40839e-07
-3.37279e-08
-5.11078e-07
-5.4084e-07
-5.24323e-08
-5.39182e-07
-5.23408e-07
-3.77407e-08
-5.85105e-07
-5.43494e-07
-5.87978e-07
-7.26759e-07
3.64811e-08
5.26049e-06
-3.69099e-06
-1.60598e-06
2.48607e-08
5.64013e-06
-3.71802e-06
-1.91049e-06
1.13364e-08
5.59319e-06
-3.68123e-06
-1.89843e-06
1.86472e-12
5.53242e-06
-3.65966e-06
-1.86142e-06
-1.13329e-08
5.53241e-06
-3.65966e-06
-1.86142e-06
-2.48579e-08
5.59318e-06
-3.68123e-06
-1.89843e-06
-3.64797e-08
5.64012e-06
-3.71802e-06
-1.91048e-06
5.26048e-06
-3.69098e-06
-1.60597e-06
3.11674e-08
4.95901e-06
-4.99017e-06
4.32469e-08
6.33429e-06
-6.34637e-06
2.74965e-08
6.49055e-06
-6.4748e-06
6.55349e-13
6.46296e-06
-6.43546e-06
-2.74953e-08
6.46296e-06
-6.43546e-06
-4.3246e-08
6.49056e-06
-6.4748e-06
-3.1167e-08
6.33429e-06
-6.34637e-06
4.95901e-06
-4.99017e-06
4.5953e-08
4.6169e-06
-4.66285e-06
5.79428e-08
4.67629e-06
-4.68828e-06
3.53019e-08
4.71437e-06
-4.69173e-06
-1.4921e-12
4.72779e-06
-4.69249e-06
-3.53047e-08
4.72779e-06
-4.69249e-06
-5.79452e-08
4.71437e-06
-4.69173e-06
-4.59547e-08
4.67629e-06
-4.68828e-06
4.61689e-06
-4.66285e-06
-6.21611e-08
6.52924e-06
-6.46708e-06
-2.2585e-08
7.23431e-06
-7.27389e-06
-2.92859e-09
7.26085e-06
-7.2805e-06
7.77446e-13
7.22385e-06
-7.22678e-06
2.93003e-09
7.22385e-06
-7.22678e-06
2.25861e-08
7.26085e-06
-7.2805e-06
6.21617e-08
7.23431e-06
-7.27389e-06
6.52924e-06
-6.46708e-06
-3.3861e-09
-1.02766e-05
1.35514e-05
-1.53908e-08
-1.06198e-05
1.43619e-05
-1.29529e-08
-1.06393e-05
1.43884e-05
-3.95558e-13
-1.06388e-05
1.4371e-05
1.29522e-08
-1.06388e-05
1.4371e-05
1.53903e-08
-1.06393e-05
1.43884e-05
3.38577e-09
-1.06198e-05
1.43619e-05
-1.02766e-05
1.35514e-05
-1.48844e-08
-4.37054e-07
-8.05e-06
-7.38272e-09
-2.2916e-07
-9.27054e-06
-2.56232e-09
-2.31136e-07
-9.3366e-06
5.69167e-13
-2.54363e-07
-9.27329e-06
2.56339e-09
-2.54364e-07
-9.27329e-06
7.38357e-09
-2.31137e-07
-9.3366e-06
1.48849e-08
-2.2916e-07
-9.27054e-06
-4.37055e-07
-8.05e-06
1.76091e-08
-6.02042e-06
5.92071e-07
1.762e-08
-6.13586e-06
6.40582e-07
1.02322e-08
-6.16257e-06
6.70279e-07
4.53918e-13
-6.16941e-06
6.82491e-07
-1.02314e-08
-6.16941e-06
6.82491e-07
-1.76196e-08
-6.16258e-06
6.70279e-07
-1.7609e-08
-6.13587e-06
6.40582e-07
-6.02042e-06
5.92069e-07
4.78789e-08
-2.88078e-06
2.8329e-06
2.97803e-08
-3.09504e-06
3.11313e-06
1.32341e-08
-3.06214e-06
3.07869e-06
-1.73103e-12
-3.02029e-06
3.03353e-06
-1.32374e-08
-3.0203e-06
3.03353e-06
-2.97829e-08
-3.06215e-06
3.0787e-06
-4.78801e-08
-3.09505e-06
3.11315e-06
-2.8808e-06
2.83292e-06
3.64545e-08
-5.22727e-06
4.53308e-08
-5.27481e-06
2.74245e-08
-5.28819e-06
-1.1479e-12
-5.29207e-06
-2.74267e-08
-5.29207e-06
-4.53328e-08
-5.28819e-06
-3.64559e-08
-5.27481e-06
-5.22727e-06
-4.19501e-08
6.13413e-06
-2.29405e-08
6.98615e-06
-4.92638e-09
7.0117e-06
7.35117e-13
6.96456e-06
4.92774e-09
6.96456e-06
2.29416e-08
7.0117e-06
4.19507e-08
6.98614e-06
6.13413e-06
6.34404e-09
-1.24932e-05
2.39041e-06
-5.10284e-10
-1.32813e-05
2.84866e-06
-3.47801e-09
-1.33049e-05
2.85909e-06
-3.5257e-13
-1.32817e-05
2.83538e-06
3.47734e-09
-1.32817e-05
2.83538e-06
5.09742e-10
-1.33049e-05
2.85909e-06
-6.34435e-09
-1.32813e-05
2.84866e-06
-1.24932e-05
2.39041e-06
-2.77708e-08
7.1403e-06
-3.78385e-08
7.24156e-06
-3.48822e-08
7.18192e-06
3.51836e-14
7.09428e-06
3.48822e-08
7.09428e-06
3.78385e-08
7.18192e-06
2.77708e-08
7.24156e-06
7.1403e-06
3.60316e-08
-3.67086e-06
7.54054e-07
2.9185e-08
-3.85633e-06
7.68142e-07
1.50717e-08
-3.84017e-06
7.92147e-07
-5.90075e-13
-3.81783e-06
8.12611e-07
-1.50729e-08
-3.81783e-06
8.1261e-07
-2.91858e-08
-3.84018e-06
7.92144e-07
-3.60319e-08
-3.85634e-06
7.68137e-07
-3.67088e-06
7.54049e-07
-3.43064e-08
4.7791e-06
-4.74479e-06
2.77825e-09
5.18993e-06
-5.22702e-06
9.35591e-09
5.18139e-06
-5.18797e-06
6.72997e-13
5.14459e-06
-5.13523e-06
-9.35468e-09
5.14459e-06
-5.13523e-06
-2.77732e-09
5.18139e-06
-5.18797e-06
3.4307e-08
5.18993e-06
-5.22702e-06
4.7791e-06
-4.74479e-06
-2.36007e-08
9.08698e-06
-2.48916e-06
-6.57422e-06
-2.84603e-08
1.00206e-05
-2.89359e-06
-7.12212e-06
-1.75471e-08
9.99242e-06
-2.88321e-06
-7.12012e-06
-1.05218e-12
9.89614e-06
-2.84436e-06
-7.06933e-06
1.75452e-08
9.89614e-06
-2.84436e-06
-7.06933e-06
2.84588e-08
9.99242e-06
-2.88321e-06
-7.12012e-06
2.35999e-08
1.00206e-05
-2.89358e-06
-7.12212e-06
9.08697e-06
-2.48915e-06
-6.57422e-06
3.97681e-08
4.88103e-06
-4.69103e-06
-2.29768e-07
3.20521e-08
5.49791e-06
-4.80622e-06
-6.83981e-07
1.59928e-08
5.54855e-06
-4.78212e-06
-7.50374e-07
7.08544e-13
5.52612e-06
-4.76947e-06
-7.40664e-07
-1.59915e-08
5.52612e-06
-4.76947e-06
-7.40663e-07
-3.20511e-08
5.54855e-06
-4.78212e-06
-7.50374e-07
-3.97674e-08
5.49791e-06
-4.80622e-06
-6.8398e-07
4.88103e-06
-4.69103e-06
-2.29766e-07
5.89386e-08
-9.82114e-07
7.81613e-08
-1.14889e-06
4.63742e-08
-1.06997e-06
-2.21992e-12
-1.00016e-06
-4.63783e-08
-1.00016e-06
-7.81645e-08
-1.06997e-06
-5.89404e-08
-1.14888e-06
-9.82113e-07
4.1664e-08
4.63671e-08
2.81622e-08
-1.04485e-12
-2.81642e-08
-4.63689e-08
-4.16652e-08
5.06059e-08
-2.93454e-06
2.88393e-06
6.6732e-08
-2.8645e-06
2.84838e-06
4.11643e-08
-2.84996e-06
2.87553e-06
-2.32556e-12
-2.85423e-06
2.8954e-06
-4.11686e-08
-2.85423e-06
2.8954e-06
-6.67354e-08
-2.84996e-06
2.87553e-06
-5.06079e-08
-2.8645e-06
2.84838e-06
-2.93454e-06
2.88393e-06
-6.64094e-09
-8.04483e-06
-3.15191e-06
1.12034e-05
-1.86504e-08
-8.46647e-06
-3.62472e-06
1.21032e-05
-1.52288e-08
-8.48053e-06
-3.62965e-06
1.21068e-05
-1.08921e-12
-8.46753e-06
-3.60534e-06
1.20576e-05
1.52268e-08
-8.46752e-06
-3.60534e-06
1.20576e-05
1.86489e-08
-8.48053e-06
-3.62965e-06
1.21068e-05
6.64008e-09
-8.46647e-06
-3.62472e-06
1.21032e-05
-8.04483e-06
-3.15191e-06
1.12034e-05
-3.39449e-08
2.40516e-06
6.71576e-06
-2.90151e-08
2.6705e-06
7.34514e-06
-1.60779e-08
2.62861e-06
7.35087e-06
-1.04554e-12
2.57766e-06
7.30241e-06
1.60759e-08
2.57766e-06
7.30241e-06
2.90136e-08
2.62861e-06
7.35087e-06
3.39441e-08
2.67049e-06
7.34514e-06
2.40515e-06
6.71576e-06
-2.39555e-08
3.83144e-06
-1.40841e-05
-2.45936e-08
4.26912e-06
-1.48882e-05
-1.72687e-08
4.26439e-06
-1.4911e-05
-5.89649e-13
4.23702e-06
-1.48931e-05
1.72676e-08
4.23702e-06
-1.48931e-05
2.45927e-08
4.26439e-06
-1.4911e-05
2.3955e-08
4.26912e-06
-1.48882e-05
3.83144e-06
-1.40841e-05
-8.7671e-09
-6.46687e-06
-3.1194e-06
9.59504e-06
-1.10974e-08
-7.17658e-06
-3.45934e-06
1.06382e-05
-6.33647e-09
-7.19049e-06
-3.4728e-06
1.06585e-05
-4.02743e-13
-7.14455e-06
-3.45077e-06
1.0589e-05
6.33574e-09
-7.14455e-06
-3.45077e-06
1.0589e-05
1.10969e-08
-7.19049e-06
-3.4728e-06
1.06585e-05
8.76687e-09
-7.17658e-06
-3.45934e-06
1.06382e-05
-6.46687e-06
-3.1194e-06
9.59504e-06
1.10143e-08
-3.14261e-06
-4.57424e-06
7.70583e-06
8.61132e-09
-3.76947e-06
-4.72206e-06
8.49393e-06
5.26659e-09
-3.78302e-06
-4.71806e-06
8.50442e-06
1.07436e-12
-3.73503e-06
-4.70402e-06
8.44431e-06
-5.26456e-09
-3.73503e-06
-4.70402e-06
8.44431e-06
-8.60965e-09
-3.78302e-06
-4.71806e-06
8.50442e-06
-1.10133e-08
-3.76946e-06
-4.72206e-06
8.49392e-06
-3.1426e-06
-4.57424e-06
7.70583e-06
5.49389e-08
2.66921e-06
8.40005e-07
-3.56415e-06
3.57009e-08
2.56775e-06
1.17881e-06
-3.72732e-06
1.49055e-08
2.47898e-06
1.18937e-06
-3.64755e-06
2.76139e-12
2.43904e-06
1.15916e-06
-3.58329e-06
-1.49002e-08
2.43903e-06
1.15916e-06
-3.58329e-06
-3.56965e-08
2.47897e-06
1.18937e-06
-3.64755e-06
-5.49362e-08
2.56774e-06
1.1788e-06
-3.72731e-06
2.66921e-06
8.39998e-07
-3.56414e-06
3.47616e-08
-1.11762e-06
6.17679e-06
-5.09393e-06
2.55603e-08
-1.62887e-06
6.84791e-06
-5.20984e-06
1.25704e-08
-1.66657e-06
6.87452e-06
-5.19496e-06
1.55151e-12
-1.63775e-06
6.83412e-06
-5.18381e-06
-1.25675e-08
-1.63775e-06
6.83412e-06
-5.18381e-06
-2.55581e-08
-1.66657e-06
6.87452e-06
-5.19496e-06
-3.47605e-08
-1.62887e-06
6.84791e-06
-5.20984e-06
-1.11761e-06
6.17678e-06
-5.09393e-06
2.57627e-08
-1.67049e-08
-1.89414e-08
1.1557e-14
1.89415e-08
1.67049e-08
-2.57626e-08
-1.27963e-08
3.72797e-06
-3.71518e-06
-8.58547e-09
3.85096e-06
-3.85517e-06
-2.76821e-09
3.87064e-06
-3.87646e-06
-9.11729e-12
3.87839e-06
-3.88114e-06
2.75175e-09
3.87838e-06
-3.88115e-06
8.57326e-09
3.87064e-06
-3.87647e-06
1.27896e-08
3.85096e-06
-3.85517e-06
3.72797e-06
-3.71518e-06
-2.26275e-08
2.96058e-06
-9.40483e-06
-1.75678e-08
3.22456e-06
-1.04062e-05
-9.24956e-09
3.20313e-06
-1.04019e-05
-6.54473e-13
3.16462e-06
-1.03184e-05
9.24836e-09
3.16462e-06
-1.03184e-05
1.7567e-08
3.20313e-06
-1.04019e-05
2.26271e-08
3.22455e-06
-1.04062e-05
2.96058e-06
-9.40482e-06
4.04445e-08
1.84594e-06
3.3741e-06
3.31859e-08
2.33107e-06
3.31632e-06
1.67348e-08
2.34209e-06
3.26755e-06
2.46902e-12
2.30119e-06
3.24796e-06
-1.67302e-08
2.30119e-06
3.24796e-06
-3.31822e-08
2.34209e-06
3.26755e-06
-4.04424e-08
2.33106e-06
3.31632e-06
1.84593e-06
3.3741e-06
3.69538e-08
5.6456e-06
-4.96128e-06
-7.21268e-07
2.88776e-08
6.38073e-06
-5.10765e-06
-1.265e-06
1.43634e-08
6.44374e-06
-5.0978e-06
-1.33142e-06
9.34838e-13
6.41828e-06
-5.08995e-06
-1.31396e-06
-1.43616e-08
6.41828e-06
-5.08995e-06
-1.31396e-06
-2.88763e-08
6.44374e-06
-5.0978e-06
-1.33142e-06
-3.6953e-08
6.38073e-06
-5.10766e-06
-1.265e-06
5.6456e-06
-4.96128e-06
-7.21266e-07
3.58373e-08
5.00619e-07
4.34457e-06
3.12474e-08
1.07756e-06
4.42495e-06
1.60792e-08
1.1796e-06
4.38412e-06
5.8063e-13
1.17645e-06
4.36575e-06
-1.60782e-08
1.17645e-06
4.36575e-06
-3.12465e-08
1.1796e-06
4.38412e-06
-3.58368e-08
1.07756e-06
4.42495e-06
5.00619e-07
4.34458e-06
1.87769e-08
-2.26335e-06
6.85387e-06
-4.60929e-06
1.75577e-08
-3.11208e-06
8.10369e-06
-4.99039e-06
9.67855e-09
-3.20404e-06
8.24163e-06
-5.02971e-06
5.73762e-13
-3.1751e-06
8.21408e-06
-5.0293e-06
-9.67749e-09
-3.1751e-06
8.21408e-06
-5.0293e-06
-1.75569e-08
-3.20404e-06
8.24163e-06
-5.02971e-06
-1.87764e-08
-3.11208e-06
8.10369e-06
-4.99039e-06
-2.26335e-06
6.85387e-06
-4.60929e-06
2.52875e-08
3.70964e-06
2.24983e-08
3.84692e-06
1.17662e-08
3.82566e-06
1.72897e-13
3.80298e-06
-1.17659e-08
3.80298e-06
-2.24981e-08
3.82567e-06
-2.52875e-08
3.84693e-06
3.70966e-06
3.0911e-08
2.23213e-08
1.11855e-08
5.99806e-15
-1.11855e-08
-2.23213e-08
-3.09109e-08
-1.98126e-08
-1.04059e-05
2.38089e-06
-2.43789e-08
-1.11649e-05
2.70303e-06
-1.77043e-08
-1.11558e-05
2.66858e-06
-1.2753e-12
-1.11066e-05
2.62134e-06
1.77019e-08
-1.11066e-05
2.62134e-06
2.43771e-08
-1.11558e-05
2.66858e-06
1.98117e-08
-1.11649e-05
2.70303e-06
-1.04059e-05
2.38088e-06
-9.92389e-09
1.04094e-05
-1.40822e-08
1.07414e-05
-1.16311e-08
1.07563e-05
-4.34099e-13
1.0754e-05
1.16302e-08
1.0754e-05
1.40815e-08
1.07563e-05
9.9235e-09
1.07414e-05
1.04094e-05
-1.57226e-09
7.90932e-06
-1.05821e-05
2.6743e-06
-4.80084e-09
8.51437e-06
-1.15682e-05
3.05711e-06
-5.23925e-09
8.53373e-06
-1.15918e-05
3.05851e-06
-6.75925e-13
8.51261e-06
-1.15451e-05
3.02729e-06
5.23801e-09
8.51261e-06
-1.15451e-05
3.02729e-06
4.7999e-09
8.53373e-06
-1.15918e-05
3.05851e-06
1.57176e-09
8.51437e-06
-1.15682e-05
3.0571e-06
7.90932e-06
-1.0582e-05
2.6743e-06
-3.38386e-09
6.4599e-06
-9.57592e-06
-4.10816e-09
7.06159e-06
-1.05202e-05
-3.48962e-09
7.07775e-06
-1.05512e-05
-3.5357e-13
7.05356e-06
-1.05078e-05
3.48897e-09
7.05356e-06
-1.05078e-05
4.10769e-09
7.07775e-06
-1.05512e-05
3.38361e-09
7.06159e-06
-1.05202e-05
6.4599e-06
-9.57592e-06
-2.04535e-08
-7.55408e-06
2.88883e-06
4.6857e-06
-1.11837e-08
-8.34711e-06
2.99958e-06
5.33826e-06
-3.51988e-09
-8.30228e-06
2.95631e-06
5.3383e-06
-3.85562e-13
-8.20503e-06
2.91931e-06
5.2822e-06
3.51919e-09
-8.20502e-06
2.9193e-06
5.2822e-06
1.11832e-08
-8.30227e-06
2.95631e-06
5.3383e-06
2.04534e-08
-8.3471e-06
2.99958e-06
5.33826e-06
-7.55407e-06
2.88883e-06
4.68569e-06
-1.53748e-08
6.0086e-06
3.60181e-06
-1.07476e-08
6.79042e-06
3.8432e-06
-5.21501e-09
6.81302e-06
3.83998e-06
-2.25622e-13
6.7688e-06
3.81498e-06
5.21461e-09
6.7688e-06
3.81498e-06
1.07474e-08
6.81302e-06
3.83998e-06
1.53748e-08
6.79042e-06
3.8432e-06
6.0086e-06
3.60181e-06
-1.20657e-08
1.32055e-06
-1.33323e-06
2.47406e-08
-1.47878e-08
1.32308e-06
-1.13387e-06
-1.86491e-07
-1.0283e-08
1.24723e-06
-9.82091e-07
-2.69639e-07
2.07958e-12
1.20246e-06
-9.21013e-07
-2.91735e-07
1.02869e-08
1.20246e-06
-9.21008e-07
-2.91737e-07
1.47911e-08
1.24722e-06
-9.82075e-07
-2.69644e-07
1.20676e-08
1.32307e-06
-1.13385e-06
-1.86498e-07
1.32054e-06
-1.33321e-06
2.47356e-08
4.22779e-08
-4.61677e-06
-4.20153e-07
4.99464e-06
3.00426e-08
-4.66237e-06
-8.18828e-07
5.49343e-06
1.4084e-08
-4.62995e-06
-8.57644e-07
5.50355e-06
1.37882e-12
-4.61618e-06
-8.38542e-07
5.4688e-06
-1.40814e-08
-4.61618e-06
-8.38542e-07
5.4688e-06
-3.00405e-08
-4.62995e-06
-8.57642e-07
5.50355e-06
-4.22765e-08
-4.66237e-06
-8.18825e-07
5.49343e-06
-4.61677e-06
-4.20148e-07
4.99464e-06
3.03438e-08
-4.89464e-06
-1.69025e-06
6.55454e-06
2.50847e-08
-5.13176e-06
-2.45321e-06
7.59022e-06
1.28192e-08
-5.14825e-06
-2.54414e-06
7.70465e-06
7.32133e-13
-5.14794e-06
-2.52156e-06
7.68232e-06
-1.28178e-08
-5.14794e-06
-2.52156e-06
7.68232e-06
-2.50836e-08
-5.14825e-06
-2.54413e-06
7.70465e-06
-3.03432e-08
-5.13176e-06
-2.45321e-06
7.59022e-06
-4.89464e-06
-1.69025e-06
6.55454e-06
3.51368e-08
9.19431e-07
2.9827e-08
1.57983e-06
1.51093e-08
1.67634e-06
8.30907e-13
1.66392e-06
-1.51078e-08
1.66392e-06
-2.98258e-08
1.67634e-06
-3.51361e-08
1.57983e-06
9.1943e-07
5.87868e-08
3.98399e-06
-4.22807e-06
1.85297e-07
3.9611e-08
4.40635e-06
-4.24011e-06
-1.47064e-07
1.83152e-08
4.404e-06
-4.18956e-06
-1.93147e-07
1.17374e-12
4.37081e-06
-4.17102e-06
-1.81472e-07
-1.8313e-08
4.37081e-06
-4.17102e-06
-1.81472e-07
-3.96093e-08
4.404e-06
-4.18956e-06
-1.93146e-07
-5.87858e-08
4.40636e-06
-4.24012e-06
-1.47062e-07
3.98399e-06
-4.22808e-06
1.85301e-07
-2.44106e-09
9.48562e-06
-3.02328e-06
-5.4321e-09
1.04178e-05
-3.3532e-06
-3.56531e-09
1.04538e-05
-3.37787e-06
-1.76619e-13
1.04083e-05
-3.35827e-06
3.56499e-09
1.04083e-05
-3.35827e-06
5.43187e-09
1.04538e-05
-3.37787e-06
2.44094e-09
1.04178e-05
-3.3532e-06
9.48562e-06
-3.02328e-06
5.29511e-08
-4.83307e-06
4.91695e-06
-1.36835e-07
4.48117e-08
-5.00334e-06
5.6022e-06
-5.90721e-07
2.24671e-08
-4.98767e-06
5.7003e-06
-6.90288e-07
2.46736e-13
-4.97415e-06
5.69317e-06
-6.96547e-07
-2.24667e-08
-4.97415e-06
5.69317e-06
-6.96547e-07
-4.48113e-08
-4.98767e-06
5.7003e-06
-6.90288e-07
-5.29508e-08
-5.00334e-06
5.6022e-06
-5.90721e-07
-4.83307e-06
4.91695e-06
-1.36835e-07
5.64437e-08
-1.04892e-06
-5.61512e-07
4.52014e-08
-1.02765e-06
-3.25708e-07
2.31077e-08
-9.20037e-07
-2.85488e-07
6.80318e-13
-8.62577e-07
-2.90949e-07
-2.31065e-08
-8.62577e-07
-2.9095e-07
-4.52007e-08
-9.20037e-07
-2.85489e-07
-5.64435e-08
-1.02765e-06
-3.25709e-07
-1.04892e-06
-5.61515e-07
1.27653e-08
1.43491e-06
-5.50098e-11
1.47242e-06
-5.93668e-09
1.47295e-06
4.4416e-13
1.46047e-06
5.93753e-09
1.46047e-06
5.58583e-11
1.47295e-06
-1.27645e-08
1.47242e-06
1.43491e-06
-6.98249e-08
-2.18936e-06
5.41596e-09
-2.20544e-06
2.06626e-08
-2.24953e-06
-4.66197e-13
-2.27265e-06
-2.06634e-08
-2.27265e-06
-5.41658e-09
-2.24953e-06
6.98242e-08
-2.20544e-06
-2.18936e-06
3.87797e-08
2.93695e-08
1.48522e-08
-5.06688e-14
-1.48523e-08
-2.93696e-08
-3.87797e-08
-2.05185e-08
4.99327e-06
-1.56359e-05
-1.87031e-08
5.45527e-06
-1.63147e-05
-1.23128e-08
5.47376e-06
-1.63396e-05
1.15165e-13
5.46509e-06
-1.63289e-05
1.2313e-08
5.46509e-06
-1.63289e-05
1.87033e-08
5.47376e-06
-1.63396e-05
2.05186e-08
5.45527e-06
-1.63147e-05
4.99327e-06
-1.56359e-05
-9.14919e-09
8.66543e-06
-1.11454e-05
-1.19601e-08
9.22406e-06
-1.21148e-05
-9.89442e-09
9.24305e-06
-1.21283e-05
-9.72543e-13
9.22491e-06
-1.20792e-05
9.89262e-09
9.22491e-06
-1.20792e-05
1.19587e-08
9.24305e-06
-1.21283e-05
9.14845e-09
9.22406e-06
-1.21148e-05
8.66543e-06
-1.11454e-05
1.88042e-08
-5.55506e-06
2.48777e-06
3.04848e-06
1.78569e-08
-6.04044e-06
2.49678e-06
3.5446e-06
1.01408e-08
-5.98e-06
2.45371e-06
3.53401e-06
1.26917e-12
-5.90123e-06
2.42856e-06
3.48281e-06
-1.01384e-08
-5.90122e-06
2.42856e-06
3.48281e-06
-1.78552e-08
-5.97999e-06
2.45371e-06
3.534e-06
-1.88038e-08
-6.04043e-06
2.49678e-06
3.5446e-06
-5.55504e-06
2.48776e-06
3.04847e-06
3.08877e-08
2.12805e-08
1.01084e-08
6.41993e-14
-1.01082e-08
-2.12804e-08
-3.08876e-08
3.08536e-08
5.15467e-06
-5.18553e-06
2.97817e-08
5.29652e-06
-5.29545e-06
1.74109e-08
5.29307e-06
-5.2807e-06
3.56752e-13
5.28274e-06
-5.26533e-06
-1.74103e-08
5.28275e-06
-5.26534e-06
-2.97814e-08
5.29307e-06
-5.2807e-06
-3.08536e-08
5.29653e-06
-5.29546e-06
5.15468e-06
-5.18554e-06
-4.58824e-08
6.18002e-06
-1.72582e-08
6.95752e-06
-1.63088e-09
6.99607e-06
7.67537e-13
6.96292e-06
1.63229e-09
6.96292e-06
1.72592e-08
6.99607e-06
4.5883e-08
6.95752e-06
6.18002e-06
-4.83985e-08
-7.68532e-06
1.26665e-06
-2.67662e-08
-8.41681e-06
1.12129e-06
-5.93298e-09
-8.4342e-06
1.13286e-06
8.44582e-13
-8.38742e-06
1.15471e-06
5.93454e-09
-8.38742e-06
1.15471e-06
2.67674e-08
-8.4342e-06
1.13286e-06
4.83992e-08
-8.41681e-06
1.12129e-06
-7.68532e-06
1.26665e-06
-2.60678e-08
7.6114e-06
-9.7198e-09
8.46859e-06
1.0456e-09
8.45582e-06
6.14161e-13
8.38794e-06
-1.04447e-09
8.38794e-06
9.7207e-09
8.45582e-06
2.60683e-08
8.46859e-06
7.6114e-06
-4.57108e-09
2.667e-06
1.09995e-06
-3.76238e-06
7.21922e-09
3.04263e-06
9.75982e-07
-4.0304e-06
6.72299e-09
3.0239e-06
8.88047e-07
-3.91145e-06
1.98039e-13
2.97917e-06
8.49685e-07
-3.82213e-06
-6.72271e-09
2.97916e-06
8.49682e-07
-3.82212e-06
-7.21919e-09
3.02389e-06
8.88039e-07
-3.91143e-06
4.57104e-09
3.04262e-06
9.7597e-07
-4.03038e-06
2.66699e-06
1.09994e-06
-3.76236e-06
4.77436e-08
3.90775e-06
-5.07311e-06
3.64521e-08
3.85756e-06
-5.47514e-06
1.79322e-08
3.80494e-06
-5.45299e-06
2.23396e-12
3.78741e-06
-5.40723e-06
-1.7928e-08
3.78741e-06
-5.40723e-06
-3.6449e-08
3.80494e-06
-5.45299e-06
-4.77424e-08
3.85756e-06
-5.47514e-06
3.90775e-06
-5.07311e-06
6.09191e-08
8.34595e-08
3.76337e-06
4.3279e-08
-1.45077e-07
4.02028e-06
2.09835e-08
-1.45491e-07
3.97273e-06
2.42708e-12
-1.17635e-07
3.92603e-06
-2.09791e-08
-1.17634e-07
3.92603e-06
-4.32759e-08
-1.45487e-07
3.97273e-06
-6.09186e-08
-1.45071e-07
4.02028e-06
8.34666e-08
3.76337e-06
2.21318e-08
-2.38166e-06
1.96572e-08
-2.26721e-06
1.11228e-08
-2.16042e-06
1.06808e-12
-2.11341e-06
-1.11209e-08
-2.11341e-06
-1.96558e-08
-2.16042e-06
-2.21309e-08
-2.26722e-06
-2.38167e-06
2.33859e-08
1.63348e-06
-5.7104e-07
-1.92734e-08
1.83353e-06
-5.67044e-07
-2.12924e-08
1.91312e-06
-6.19812e-07
7.58498e-13
1.94355e-06
-6.51255e-07
2.12937e-08
1.94355e-06
-6.51258e-07
1.92743e-08
1.91313e-06
-6.19819e-07
-2.33849e-08
1.83354e-06
-5.67053e-07
1.63349e-06
-5.71051e-07
5.07808e-08
-3.28425e-06
2.23192e-06
1.00155e-06
3.30617e-08
-3.21955e-06
2.40276e-06
8.34515e-07
1.22953e-08
-3.13846e-06
2.33952e-06
8.19709e-07
1.70139e-12
-3.10497e-06
2.2849e-06
8.32364e-07
-1.22922e-08
-3.10497e-06
2.2849e-06
8.32365e-07
-3.30594e-08
-3.13846e-06
2.33952e-06
8.19713e-07
-5.07796e-08
-3.21955e-06
2.40275e-06
8.34519e-07
-3.28425e-06
2.23192e-06
1.00155e-06
2.9383e-08
-3.70501e-06
-3.65329e-09
-3.85588e-06
-1.08191e-08
-3.90177e-06
-1.30202e-13
-3.92373e-06
1.08188e-08
-3.92373e-06
3.65313e-09
-3.90177e-06
-2.93831e-08
-3.85588e-06
-3.70501e-06
1.73788e-08
-6.03779e-06
1.8362e-08
-6.13685e-06
1.06953e-08
-6.15491e-06
3.20502e-14
-6.15871e-06
-1.06953e-08
-6.15871e-06
-1.83623e-08
-6.15491e-06
-1.73792e-08
-6.13685e-06
-6.0378e-06
6.44826e-08
4.17325e-06
-4.23773e-06
7.72587e-08
4.2321e-06
-4.24488e-06
4.63611e-08
4.27835e-06
-4.24745e-06
-1.89767e-12
4.29659e-06
-4.25023e-06
-4.63647e-08
4.29659e-06
-4.25023e-06
-7.72617e-08
4.27835e-06
-4.24745e-06
-6.44846e-08
4.2321e-06
-4.24488e-06
4.17325e-06
-4.23773e-06
1.85922e-07
2.59947e-06
-2.78539e-06
1.70618e-07
4.77016e-06
-4.75486e-06
8.1168e-08
5.21093e-06
-5.12148e-06
4.55462e-13
5.18402e-06
-5.10286e-06
-8.11671e-08
5.18402e-06
-5.10286e-06
-1.70618e-07
5.21093e-06
-5.12148e-06
-1.85921e-07
4.77016e-06
-4.75486e-06
2.59947e-06
-2.78539e-06
-3.47554e-08
1.83905e-06
7.52401e-08
2.14218e-06
5.80482e-08
2.06376e-06
5.10905e-13
1.98071e-06
-5.80474e-08
1.98071e-06
-7.52396e-08
2.06376e-06
3.47559e-08
2.14218e-06
1.83904e-06
9.27525e-08
4.35124e-06
-4.44399e-06
1.05628e-07
4.54311e-06
-4.55599e-06
6.84616e-08
4.65072e-06
-4.61355e-06
1.29892e-13
4.68435e-06
-4.61589e-06
-6.84614e-08
4.68435e-06
-4.61589e-06
-1.05628e-07
4.65072e-06
-4.61355e-06
-9.27524e-08
4.54311e-06
-4.55599e-06
4.35124e-06
-4.44399e-06
7.28406e-08
-5.34416e-06
-5.69208e-07
5.84053e-06
6.56642e-08
-5.63313e-06
-1.3037e-06
6.94401e-06
3.4189e-08
-5.65822e-06
-1.4556e-06
7.14529e-06
3.49318e-13
-5.65719e-06
-1.46216e-06
7.15354e-06
-3.41884e-08
-5.65719e-06
-1.46216e-06
7.15354e-06
-6.56637e-08
-5.65822e-06
-1.4556e-06
7.14529e-06
-7.28403e-08
-5.63313e-06
-1.3037e-06
6.94401e-06
-5.34416e-06
-5.69208e-07
5.84053e-06
3.62768e-08
3.24213e-08
1.79671e-08
2.39254e-13
-1.79667e-08
-3.24211e-08
-3.62768e-08
2.44401e-08
6.03553e-06
3.04964e-08
6.11884e-06
1.84919e-08
6.15191e-06
-8.08916e-13
6.16197e-06
-1.84935e-08
6.16197e-06
-3.04978e-08
6.15191e-06
-2.44411e-08
6.11884e-06
6.03553e-06
3.161e-07
2.47004e-07
1.22534e-07
7.33271e-13
-1.22532e-07
-2.47003e-07
-3.16099e-07
-1.70975e-07
-1.35884e-07
-6.89748e-08
-8.69251e-13
6.89732e-08
1.35883e-07
1.70974e-07
3.45219e-08
-5.19179e-06
5.15727e-06
3.59329e-08
-5.34999e-06
5.34858e-06
2.29911e-08
-5.42479e-06
5.43773e-06
6.1456e-16
-5.44812e-06
5.47112e-06
-2.29911e-08
-5.44813e-06
5.47112e-06
-3.59329e-08
-5.42479e-06
5.43773e-06
-3.4522e-08
-5.34999e-06
5.34858e-06
-5.19179e-06
5.15727e-06
3.03784e-08
2.14732e-08
1.0717e-08
1.70608e-15
-1.0717e-08
-2.14732e-08
-3.03784e-08
2.62967e-08
-1.44395e-05
1.66112e-08
-1.45105e-05
8.04407e-09
-1.45048e-05
2.62441e-16
-1.45028e-05
-8.04407e-09
-1.45028e-05
-1.66112e-08
-1.45048e-05
-2.62967e-08
-1.45105e-05
-1.44395e-05
-1.46346e-08
-6.55983e-06
-2.39082e-08
-6.88654e-06
-1.79965e-08
-6.89731e-06
-1.27702e-12
-6.88754e-06
1.79941e-08
-6.88754e-06
2.39065e-08
-6.89731e-06
1.46337e-08
-6.88654e-06
-6.55983e-06
-2.66165e-08
8.44494e-06
-2.46283e-06
-5.9555e-06
-3.25923e-08
9.28121e-06
-2.8523e-06
-6.42293e-06
-2.17438e-08
9.23445e-06
-2.83231e-06
-6.41299e-06
-9.50234e-13
9.13144e-06
-2.7893e-06
-6.36389e-06
2.17421e-08
9.13144e-06
-2.78929e-06
-6.36389e-06
3.2591e-08
9.23445e-06
-2.83231e-06
-6.41298e-06
2.66158e-08
9.2812e-06
-2.8523e-06
-6.42293e-06
8.44493e-06
-2.46283e-06
-5.95549e-06
1.05785e-08
-3.14632e-09
-5.16773e-09
-3.34176e-13
5.1671e-09
3.14581e-09
-1.05788e-08
8.9938e-09
8.23833e-06
-5.09792e-06
-3.1494e-06
6.49502e-09
9.1737e-06
-5.29099e-06
-3.8802e-06
3.94451e-09
9.2175e-06
-5.30055e-06
-3.91439e-06
9.63047e-13
9.16627e-06
-5.29237e-06
-3.86995e-06
-3.94269e-09
9.16627e-06
-5.29237e-06
-3.86995e-06
-6.49354e-09
9.21749e-06
-5.30055e-06
-3.91439e-06
-8.99292e-09
9.17369e-06
-5.29099e-06
-3.8802e-06
8.23833e-06
-5.09792e-06
-3.1494e-06
1.04016e-07
-4.58376e-07
-4.8911e-06
5.24546e-06
9.2422e-08
-1.41634e-06
-5.38976e-06
6.81769e-06
4.71229e-08
-1.60614e-06
-5.46201e-06
7.11345e-06
4.06143e-13
-1.60849e-06
-5.46523e-06
7.12084e-06
-4.71221e-08
-1.60849e-06
-5.46523e-06
7.12084e-06
-9.24214e-08
-1.60614e-06
-5.46201e-06
7.11345e-06
-1.04016e-07
-1.41634e-06
-5.38976e-06
6.81769e-06
-4.58377e-07
-4.8911e-06
5.24546e-06
3.39579e-08
6.40507e-06
-4.93357e-06
-1.50546e-06
3.16436e-08
7.67e-06
-5.34284e-06
-2.32484e-06
1.70421e-08
7.83829e-06
-5.38661e-06
-2.43708e-06
5.65053e-13
7.82258e-06
-5.38634e-06
-2.41919e-06
-1.70411e-08
7.82258e-06
-5.38634e-06
-2.41919e-06
-3.16428e-08
7.83829e-06
-5.38661e-06
-2.43708e-06
-3.39574e-08
7.67e-06
-5.34285e-06
-2.32484e-06
6.40507e-06
-4.93357e-06
-1.50546e-06
9.76313e-09
1.0222e-05
-6.50382e-06
-1.64008e-08
1.07622e-05
-6.8851e-06
-1.42003e-08
1.07651e-05
-6.89665e-06
-2.57057e-12
1.07535e-05
-6.88932e-06
1.41954e-08
1.07535e-05
-6.88932e-06
1.63969e-08
1.07651e-05
-6.89665e-06
-9.76535e-09
1.07622e-05
-6.8851e-06
1.0222e-05
-6.50382e-06
-7.39217e-08
-2.21417e-08
-5.2568e-10
8.50056e-13
5.27248e-10
2.21429e-08
7.39224e-08
-3.05702e-08
9.07866e-06
-1.36641e-05
4.61598e-06
-2.98541e-08
9.42209e-06
-1.44226e-05
4.99981e-06
-2.17602e-08
9.44325e-06
-1.44394e-05
4.98802e-06
-1.01312e-12
9.44505e-06
-1.44232e-05
4.95644e-06
2.17583e-08
9.44505e-06
-1.44232e-05
4.95644e-06
2.98526e-08
9.44325e-06
-1.44394e-05
4.98801e-06
3.05693e-08
9.42209e-06
-1.44226e-05
4.9998e-06
9.07866e-06
-1.36641e-05
4.61598e-06
-1.21768e-08
-2.30504e-08
-1.70557e-08
-5.75968e-13
1.70547e-08
2.30495e-08
1.21763e-08
3.09062e-08
2.05104e-06
4.27928e-06
-6.36122e-06
2.4632e-08
2.67535e-06
4.28257e-06
-6.95165e-06
1.27834e-08
2.71237e-06
4.24693e-06
-6.94744e-06
1.88729e-12
2.67494e-06
4.23236e-06
-6.89451e-06
-1.27798e-08
2.67494e-06
4.23235e-06
-6.89451e-06
-2.46292e-08
2.71236e-06
4.24693e-06
-6.94744e-06
-3.09046e-08
2.67535e-06
4.28257e-06
-6.95165e-06
2.05103e-06
4.27928e-06
-6.36122e-06
6.58987e-09
5.60089e-06
7.44515e-09
5.80795e-06
4.65794e-09
5.80876e-06
9.80075e-13
5.79702e-06
-4.6561e-09
5.79702e-06
-7.44366e-09
5.80876e-06
-6.58898e-09
5.80795e-06
5.60089e-06
3.94147e-08
4.9963e-06
-5.89939e-06
3.65367e-08
5.21974e-06
-6.85351e-06
1.91953e-08
5.22259e-06
-6.97308e-06
5.61924e-13
5.21603e-06
-6.9587e-06
-1.91943e-08
5.21603e-06
-6.9587e-06
-3.65359e-08
5.22259e-06
-6.97308e-06
-3.94143e-08
5.21974e-06
-6.85351e-06
4.9963e-06
-5.89939e-06
-1.39284e-06
7.6863e-06
-6.29346e-06
-9.95825e-07
6.14339e-06
-6.54041e-06
-4.27181e-07
5.99888e-06
-6.56753e-06
-1.97903e-12
6.1193e-06
-6.54648e-06
4.27177e-07
6.1193e-06
-6.54648e-06
9.95822e-07
5.99888e-06
-6.56753e-06
1.39284e-06
6.14339e-06
-6.54041e-06
7.6863e-06
-6.29346e-06
-4.16497e-08
1.91237e-06
-3.63633e-08
2.1538e-06
-2.04769e-08
2.09844e-06
-1.07542e-12
2.04164e-06
2.04749e-08
2.04164e-06
3.63619e-08
2.09844e-06
4.1649e-08
2.1538e-06
1.91236e-06
-9.39866e-09
-3.0326e-06
4.95437e-06
-1.8919e-09
-3.33335e-06
5.47965e-06
3.17361e-09
-3.2454e-06
5.33877e-06
-2.80035e-12
-3.16311e-06
5.20793e-06
-3.17885e-09
-3.16311e-06
5.20792e-06
1.88779e-09
-3.24539e-06
5.33876e-06
9.39618e-09
-3.33334e-06
5.47963e-06
-3.03259e-06
4.95435e-06
-2.54381e-08
-3.88064e-06
6.31123e-06
-2.17131e-08
-4.34736e-06
7.01413e-06
-1.01978e-08
-4.3214e-06
6.9385e-06
-1.65148e-12
-4.26349e-06
6.83095e-06
1.01948e-08
-4.26349e-06
6.83095e-06
2.17108e-08
-4.32139e-06
6.93849e-06
2.54368e-08
-4.34735e-06
7.01412e-06
-3.88063e-06
6.31122e-06
-1.44006e-08
-4.5791e-06
-1.09517e-08
-5.126e-06
-4.07765e-09
-5.10602e-06
-7.59635e-13
-5.04448e-06
4.07626e-09
-5.04448e-06
1.09507e-08
-5.10602e-06
1.44e-08
-5.126e-06
-4.57909e-06
1.29405e-08
-6.84653e-06
1.26162e-08
-7.48716e-06
7.78984e-09
-7.45943e-06
1.28837e-12
-7.3869e-06
-7.78741e-09
-7.38689e-06
-1.26143e-08
-7.45942e-06
-1.29394e-08
-7.48715e-06
-6.84652e-06
2.31489e-08
7.62878e-06
1.72834e-08
8.48916e-06
9.05275e-09
8.52935e-06
1.39404e-12
8.48102e-06
-9.05014e-09
8.48102e-06
-1.72813e-08
8.52935e-06
-2.31476e-08
8.48916e-06
7.62878e-06
5.26581e-08
1.59135e-06
1.0252e-06
2.51153e-08
1.63002e-06
9.65271e-07
6.18056e-09
1.47942e-06
1.0185e-06
2.65526e-12
1.3813e-06
1.06392e-06
-6.17537e-09
1.38129e-06
1.06392e-06
-2.51105e-08
1.47941e-06
1.0185e-06
-5.26536e-08
1.63001e-06
9.65281e-07
1.59134e-06
1.02521e-06
2.66011e-08
1.64821e-06
1.98006e-08
1.49174e-06
9.16034e-09
1.34456e-06
3.43498e-12
1.27282e-06
-9.15397e-09
1.27282e-06
-1.97956e-08
1.34456e-06
-2.65988e-08
1.49174e-06
1.64821e-06
-1.77593e-08
5.37102e-08
1.36891e-06
-4.21361e-08
1.61506e-07
1.29236e-06
-3.22129e-08
1.38515e-07
1.29239e-06
2.53315e-12
1.20074e-07
1.28355e-06
3.22178e-08
1.2007e-07
1.28355e-06
4.21401e-08
1.38504e-07
1.2924e-06
1.77614e-08
1.61491e-07
1.29238e-06
5.36959e-08
1.36893e-06
2.71534e-08
1.98238e-06
-7.53216e-07
4.38112e-08
1.86649e-06
-7.98594e-07
3.07631e-08
1.85009e-06
-7.43401e-07
-1.00475e-12
1.85604e-06
-7.01952e-07
-3.07649e-08
1.85604e-06
-7.01952e-07
-4.38127e-08
1.85009e-06
-7.43401e-07
-2.71543e-08
1.86649e-06
-7.98594e-07
1.98238e-06
-7.53216e-07
-1.31523e-08
-7.03859e-06
-6.61233e-06
-2.42352e-08
-7.35806e-06
-7.05348e-06
-1.81106e-08
-7.37812e-06
-7.06737e-06
-9.16937e-13
-7.38347e-06
-7.05789e-06
1.81089e-08
-7.38347e-06
-7.05789e-06
2.42338e-08
-7.37812e-06
-7.06737e-06
1.31515e-08
-7.35806e-06
-7.05348e-06
-7.03859e-06
-6.61233e-06
6.75999e-09
-1.67336e-06
-1.00163e-09
-1.99807e-06
-2.69431e-09
-2.01575e-06
-4.6415e-13
-1.9979e-06
2.69345e-09
-1.9979e-06
1.00099e-09
-2.01575e-06
-6.76034e-09
-1.99807e-06
-1.67336e-06
3.14502e-08
1.52857e-06
2.58392e-08
2.19115e-06
1.30384e-08
2.25738e-06
1.48053e-12
2.23099e-06
-1.30356e-08
2.23099e-06
-2.5837e-08
2.25737e-06
-3.1449e-08
2.19115e-06
1.52857e-06
-1.74538e-08
4.11255e-06
-9.58118e-06
5.48609e-06
-1.21133e-08
4.30767e-06
-1.06204e-05
6.30738e-06
-5.59609e-09
4.31798e-06
-1.06601e-05
6.33558e-06
8.80285e-14
4.3055e-06
-1.06023e-05
6.29123e-06
5.59627e-09
4.3055e-06
-1.06023e-05
6.29123e-06
1.21135e-08
4.31798e-06
-1.06601e-05
6.33558e-06
1.7454e-08
4.30767e-06
-1.06204e-05
6.30737e-06
4.11255e-06
-9.58118e-06
5.48608e-06
7.1859e-09
-3.97433e-09
-5.65035e-09
-7.44159e-13
5.64897e-09
3.97328e-09
-7.18648e-09
7.79316e-10
2.54651e-09
2.75574e-09
4.94073e-13
-2.75482e-09
-2.54581e-09
-7.78999e-10
-9.54773e-09
4.49441e-06
-8.29526e-06
3.8104e-06
-3.2986e-09
5.23245e-06
-9.18039e-06
3.94169e-06
1.64377e-10
5.24935e-06
-9.17394e-06
3.92113e-06
2.43631e-13
5.19811e-06
-9.09484e-06
3.8969e-06
-1.63894e-10
5.19811e-06
-9.09484e-06
3.8969e-06
3.29905e-09
5.24934e-06
-9.17394e-06
3.92113e-06
9.54806e-09
5.23244e-06
-9.18038e-06
3.94169e-06
4.49441e-06
-8.29526e-06
3.81039e-06
-6.73276e-09
-8.61177e-06
4.04426e-06
-2.46791e-09
-9.53951e-06
4.81319e-06
9.90818e-11
-9.56427e-06
4.84365e-06
5.00456e-13
-9.50246e-06
4.79854e-06
-9.81237e-11
-9.50246e-06
4.79854e-06
2.46874e-09
-9.56427e-06
4.84365e-06
6.73331e-09
-9.53951e-06
4.81319e-06
-8.61176e-06
4.04425e-06
4.61689e-08
3.24103e-08
1.57183e-08
2.12752e-12
-1.57143e-08
-3.24072e-08
-4.61673e-08
2.07923e-08
1.85608e-08
9.98803e-09
1.41002e-12
-9.9854e-09
-1.85587e-08
-2.07911e-08
5.64496e-08
5.64753e-08
3.00665e-08
4.20443e-13
-3.00657e-08
-5.64747e-08
-5.64493e-08
-4.61343e-08
-1.11601e-06
1.21585e-06
-7.15707e-08
-1.1142e-06
1.30115e-06
-4.47294e-08
-1.00335e-06
1.11502e-06
-4.88088e-12
-9.34274e-07
1.00962e-06
4.47206e-08
-9.34271e-07
1.00962e-06
7.15643e-08
-1.00334e-06
1.115e-06
4.61313e-08
-1.11419e-06
1.30111e-06
-1.116e-06
1.21582e-06
6.92377e-08
-5.58837e-07
7.42307e-08
-4.61172e-07
4.40427e-08
-3.83187e-07
-1.61532e-12
-3.51848e-07
-4.40458e-08
-3.51848e-07
-7.42334e-08
-3.83188e-07
-6.92394e-08
-4.61174e-07
-5.58842e-07
3.23805e-08
1.95e-06
5.28919e-08
1.84598e-06
3.67126e-08
1.86627e-06
-1.4462e-12
1.89276e-06
-3.67153e-08
1.89276e-06
-5.2894e-08
1.86627e-06
-3.23817e-08
1.84598e-06
1.95e-06
-1.47631e-08
-1.87162e-08
-1.12768e-08
-7.94404e-13
1.12753e-08
1.87152e-08
1.47626e-08
3.03726e-08
-4.54566e-06
2.32576e-08
-4.61347e-06
1.21911e-08
-4.59428e-06
1.84118e-12
-4.58114e-06
-1.21877e-08
-4.58114e-06
-2.32548e-08
-4.59428e-06
-3.0371e-08
-4.61347e-06
-4.54566e-06
-5.87464e-09
-8.60307e-06
3.51102e-06
-2.55234e-09
-9.56046e-06
4.26614e-06
-4.79392e-10
-9.60545e-06
4.30283e-06
5.43346e-13
-9.55426e-06
4.2614e-06
4.80419e-10
-9.55426e-06
4.2614e-06
2.5532e-09
-9.60545e-06
4.30283e-06
5.87517e-09
-9.56045e-06
4.26614e-06
-8.60307e-06
3.51102e-06
2.89228e-08
6.68006e-06
2.25981e-08
7.55701e-06
1.14397e-08
7.62998e-06
1.06024e-12
7.5988e-06
-1.14377e-08
7.5988e-06
-2.25966e-08
7.62998e-06
-2.89219e-08
7.55701e-06
6.68006e-06
1.91551e-08
1.77691e-08
9.31522e-09
6.61721e-13
-9.314e-09
-1.77682e-08
-1.91546e-08
4.5795e-08
5.45112e-06
3.98226e-08
6.30327e-06
2.06664e-08
6.42135e-06
4.80969e-13
6.41315e-06
-2.06655e-08
6.41315e-06
-3.9822e-08
6.42135e-06
-4.57946e-08
6.30327e-06
5.45113e-06
4.88487e-08
4.50753e-08
2.31617e-08
3.93231e-13
-2.3161e-08
-4.50748e-08
-4.88483e-08
-6.12403e-08
4.15366e-07
-2.0002e-08
3.24238e-07
-2.0312e-09
3.93343e-07
-6.11846e-14
4.33397e-07
2.03146e-09
4.334e-07
2.00028e-08
3.93355e-07
6.12412e-08
3.24255e-07
4.15383e-07
5.80439e-08
-1.3242e-06
5.52754e-06
5.92531e-08
-2.25804e-06
7.03293e-06
3.24184e-08
-2.40685e-06
7.27607e-06
5.05187e-13
-2.39483e-06
7.27094e-06
-3.24174e-08
-2.39483e-06
7.27094e-06
-5.92524e-08
-2.40685e-06
7.27607e-06
-5.80435e-08
-2.25804e-06
7.03293e-06
-1.3242e-06
5.52754e-06
3.72204e-08
3.89268e-08
2.14068e-08
5.22963e-13
-2.14058e-08
-3.8926e-08
-3.722e-08
3.23574e-08
2.35576e-08
1.1762e-08
1.36705e-14
-1.17619e-08
-2.35576e-08
-3.23574e-08
3.56027e-08
-2.28649e-07
-5.6017e-07
3.78389e-08
-8.73774e-08
-7.13452e-07
2.1304e-08
-9.95641e-08
-6.27302e-07
-1.92104e-12
-1.288e-07
-5.51846e-07
-2.13075e-08
-1.288e-07
-5.51846e-07
-3.78414e-08
-9.95646e-08
-6.27302e-07
-3.5604e-08
-8.73778e-08
-7.13453e-07
-2.28648e-07
-5.60172e-07
-1.52261e-08
8.75577e-06
-1.85654e-08
9.25423e-06
-1.42854e-08
9.27017e-06
-1.1773e-12
9.25405e-06
1.42832e-08
9.25405e-06
1.85637e-08
9.27017e-06
1.52252e-08
9.25423e-06
8.75577e-06
6.69628e-08
3.74136e-06
4.12639e-08
3.84557e-06
1.67644e-08
3.72544e-06
2.2497e-12
3.64778e-06
-1.67602e-08
3.64778e-06
-4.12613e-08
3.72543e-06
-6.69628e-08
3.84555e-06
3.74134e-06
-7.01668e-08
-1.63108e-07
-6.11945e-08
-1.6686e-07
-3.00818e-08
-1.25157e-07
8.348e-13
-1.01411e-07
3.00834e-08
-1.01408e-07
6.11963e-08
-1.25149e-07
7.01695e-08
-1.66849e-07
-1.63097e-07
2.85219e-08
2.46684e-08
1.27136e-08
9.86627e-13
-1.27117e-08
-2.4667e-08
-2.85211e-08
5.97024e-08
6.65652e-07
4.1916e-06
4.93373e-08
1.29746e-06
4.31511e-06
2.3682e-08
1.46247e-06
4.26348e-06
1.42735e-13
1.48069e-06
4.23616e-06
-2.36817e-08
1.48069e-06
4.23616e-06
-4.93371e-08
1.46247e-06
4.26348e-06
-5.97022e-08
1.29746e-06
4.31511e-06
6.65653e-07
4.1916e-06
2.3541e-08
2.47812e-07
-1.49613e-06
1.22477e-06
1.71845e-08
3.98124e-07
-1.41677e-06
1.025e-06
5.57137e-09
3.56573e-07
-1.22952e-06
8.84563e-07
2.86453e-12
3.13879e-07
-1.13225e-06
8.23938e-07
-5.56612e-09
3.13876e-07
-1.13224e-06
8.23936e-07
-1.71807e-08
3.56566e-07
-1.22951e-06
8.84558e-07
-2.35391e-08
3.98114e-07
-1.41675e-06
1.02499e-06
2.478e-07
-1.4961e-06
1.22476e-06
-4.71827e-09
3.18815e-06
-1.94279e-08
3.41887e-06
-2.07504e-08
3.3883e-06
-2.02759e-12
3.34929e-06
2.07466e-08
3.34929e-06
1.94249e-08
3.3883e-06
4.71656e-09
3.41887e-06
3.18815e-06
7.41297e-10
-1.1203e-08
-1.02714e-08
-9.81881e-13
1.02696e-08
1.12016e-08
-7.42084e-10
6.28327e-08
3.69139e-06
4.67559e-08
3.73845e-06
2.07042e-08
3.67968e-06
9.17921e-13
3.65085e-06
-2.07025e-08
3.65085e-06
-4.67544e-08
3.67968e-06
-6.28317e-08
3.73845e-06
3.69139e-06
1.62388e-09
-6.83236e-09
-9.85447e-09
2.14963e-12
9.85856e-09
6.83576e-09
-1.62221e-09
7.71697e-08
7.88761e-08
4.20496e-08
4.6772e-13
-4.20488e-08
-7.88754e-08
-7.71694e-08
1.57118e-07
1.44182e-05
1.31135e-07
1.56183e-05
6.88114e-08
1.58735e-05
6.84602e-13
1.58651e-05
-6.88102e-08
1.58651e-05
-1.31134e-07
1.58735e-05
-1.57117e-07
1.56183e-05
1.44182e-05
-2.88867e-07
-2.36693e-07
-1.18916e-07
-8.15992e-13
1.18914e-07
2.36692e-07
2.88866e-07
3.46217e-08
-2.02033e-06
5.17385e-06
-5.09773e-10
-2.07352e-06
5.52752e-06
-1.2496e-08
-2.08865e-06
5.48893e-06
-1.61218e-12
-2.11735e-06
5.45415e-06
1.24927e-08
-2.11735e-06
5.45415e-06
5.07173e-10
-2.08864e-06
5.48893e-06
-3.46229e-08
-2.07351e-06
5.52751e-06
-2.02032e-06
5.17384e-06
2.22235e-08
-2.63946e-06
4.57206e-08
-3.03261e-06
3.33904e-08
-2.83972e-06
-5.26462e-12
-2.69632e-06
-3.34002e-08
-2.69631e-06
-4.57283e-08
-2.83971e-06
-2.22273e-08
-3.03258e-06
-2.63944e-06
-4.22717e-08
-2.4191e-08
-1.01665e-08
-2.51606e-12
1.01619e-08
2.41874e-08
4.22697e-08
2.76307e-08
-2.03579e-06
-1.75423e-06
2.92528e-08
-2.15646e-06
-1.87557e-06
1.91476e-08
-2.07679e-06
-1.82455e-06
-6.16716e-13
-2.01811e-06
-1.78487e-06
-1.9149e-08
-2.01811e-06
-1.78487e-06
-2.92543e-08
-2.07678e-06
-1.82454e-06
-2.76322e-08
-2.15644e-06
-1.87556e-06
-2.03577e-06
-1.75422e-06
-4.7998e-09
-4.20056e-09
-1.14329e-09
3.56545e-13
1.14398e-09
4.20117e-09
4.80024e-09
1.07743e-08
1.1029e-08
6.775e-09
1.24975e-12
-6.77265e-09
-1.10271e-08
-1.07732e-08
5.89707e-08
4.08702e-08
1.74893e-08
1.98156e-12
-1.74857e-08
-4.08675e-08
-5.89692e-08
4.53002e-08
3.36138e-08
1.61858e-08
1.29075e-12
-1.61834e-08
-3.36119e-08
-4.52992e-08
2.08603e-08
2.25543e-08
1.28116e-08
5.48198e-13
-1.28106e-08
-2.25535e-08
-2.08598e-08
4.70259e-08
2.08835e-06
2.6889e-08
1.95521e-06
8.82821e-09
1.84507e-06
1.82356e-12
1.79519e-06
-8.82492e-09
1.79518e-06
-2.68868e-08
1.84506e-06
-4.70252e-08
1.9552e-06
2.08834e-06
5.7763e-08
4.4891e-08
2.14564e-08
3.09605e-12
-2.14505e-08
-4.48862e-08
-5.77602e-08
3.92021e-09
-6.97674e-06
2.36353e-06
7.74135e-09
-8.10447e-06
3.11026e-06
5.46929e-09
-8.20613e-06
3.17869e-06
4.9791e-13
-8.17173e-06
3.1479e-06
-5.46836e-09
-8.17173e-06
3.1479e-06
-7.74063e-09
-8.20613e-06
3.17869e-06
-3.91982e-09
-8.10447e-06
3.11026e-06
-6.97674e-06
2.36353e-06
2.11863e-08
-7.41124e-09
-1.16814e-08
6.36701e-13
1.16824e-08
7.41155e-09
-2.11864e-08
-1.46957e-08
3.56216e-06
-1.1021e-08
3.82984e-06
-6.05408e-09
3.85232e-06
-9.58117e-14
3.83881e-06
6.05391e-09
3.83881e-06
1.10209e-08
3.85232e-06
1.46956e-08
3.82985e-06
3.56216e-06
-1.04241e-08
-1.05388e-08
-5.28469e-09
-4.3695e-14
5.28463e-09
1.05388e-08
1.04242e-08
9.99902e-09
-8.29931e-07
2.63348e-08
-8.71645e-07
1.90897e-08
-9.54525e-07
-1.63324e-12
-9.89398e-07
-1.9093e-08
-9.89403e-07
-2.63376e-08
-9.54538e-07
-1.00006e-08
-8.71663e-07
-8.29948e-07
-2.20916e-08
-9.52818e-09
-1.60037e-09
-1.20528e-12
1.59812e-09
9.52636e-09
2.20905e-08
-7.74967e-09
-6.67719e-09
-2.33172e-09
-2.82742e-14
2.3317e-09
6.67725e-09
7.74981e-09
1.23441e-08
1.14753e-08
7.18419e-09
1.03273e-12
-7.18226e-09
-1.14738e-08
-1.23434e-08
3.55541e-08
2.4032e-08
9.98323e-09
1.47975e-12
-9.98053e-09
-2.40299e-08
-3.55528e-08
5.5122e-08
-1.26588e-06
4.39411e-08
-1.22508e-06
2.11151e-08
-1.14671e-06
-1.92766e-12
-1.10784e-06
-2.11187e-08
-1.10784e-06
-4.39437e-08
-1.14671e-06
-5.51232e-08
-1.22508e-06
-1.26588e-06
7.64146e-08
-1.06095e-06
7.33151e-08
-1.01542e-06
4.03288e-08
-9.50705e-07
-1.96663e-12
-9.21146e-07
-4.03325e-08
-9.21147e-07
-7.3318e-08
-9.50706e-07
-7.64162e-08
-1.01543e-06
-1.06096e-06
-1.99206e-09
-4.55682e-06
-2.56986e-09
-4.74669e-06
-8.82891e-10
-4.76349e-06
4.7943e-13
-4.7566e-06
8.83801e-10
-4.7566e-06
2.57063e-09
-4.76349e-06
1.99256e-09
-4.74669e-06
-4.55682e-06
-9.59208e-09
-1.03096e-05
-1.57876e-08
-1.06112e-05
-1.09365e-08
-1.06292e-05
1.32815e-13
-1.06279e-05
1.09368e-08
-1.06279e-05
1.57877e-08
-1.06292e-05
9.59219e-09
-1.06112e-05
-1.03096e-05
3.84887e-08
-5.01845e-06
3.27789e-08
-5.26798e-06
1.69398e-08
-5.2809e-06
6.35581e-13
-5.27784e-06
-1.69386e-08
-5.27784e-06
-3.2778e-08
-5.2809e-06
-3.84882e-08
-5.26798e-06
-5.01845e-06
-1.31043e-08
-7.13654e-07
-6.40387e-09
-5.50192e-07
-1.8919e-09
-5.27917e-07
3.17822e-12
-5.42734e-07
1.89774e-09
-5.42734e-07
6.40831e-09
-5.27918e-07
1.31069e-08
-5.50192e-07
-7.13653e-07
3.06332e-08
2.80444e-08
1.47125e-08
6.64006e-13
-1.47113e-08
-2.80435e-08
-3.06327e-08
-3.6765e-08
-1.68851e-05
-2.54969e-08
-1.76759e-05
-1.304e-08
-1.7709e-05
1.64081e-13
-1.76989e-05
1.30403e-08
-1.76989e-05
2.54971e-08
-1.7709e-05
3.6765e-08
-1.76759e-05
-1.68851e-05
-5.36844e-07
1.37015e-05
-4.21993e-07
1.39382e-05
-2.17576e-07
1.39897e-05
-1.08937e-12
1.40268e-05
2.17574e-07
1.40268e-05
4.21991e-07
1.39897e-05
5.36843e-07
1.39382e-05
1.37015e-05
8.63197e-08
3.04356e-06
5.95294e-08
3.43953e-06
2.45004e-08
3.42922e-06
6.74112e-13
3.3844e-06
-2.44991e-08
3.3844e-06
-5.95284e-08
3.42922e-06
-8.63191e-08
3.43953e-06
3.04356e-06
2.46737e-08
4.13421e-07
-7.61763e-06
7.17954e-06
9.37326e-09
2.75742e-07
-8.0351e-06
7.77466e-06
8.2299e-10
2.55304e-07
-8.0306e-06
7.78384e-06
-8.41061e-14
2.61908e-07
-8.00506e-06
7.74397e-06
-8.23141e-10
2.61908e-07
-8.00506e-06
7.74397e-06
-9.37337e-09
2.55304e-07
-8.0306e-06
7.78384e-06
-2.46738e-08
2.75741e-07
-8.0351e-06
7.77466e-06
4.1342e-07
-7.61763e-06
7.17954e-06
-4.34665e-08
5.78172e-06
-5.73826e-06
1.60073e-08
6.24644e-06
-6.30591e-06
2.07994e-08
6.21777e-06
-6.22256e-06
7.3329e-13
6.15998e-06
-6.13919e-06
-2.0798e-08
6.15998e-06
-6.13918e-06
-1.60063e-08
6.21777e-06
-6.22256e-06
4.34672e-08
6.24644e-06
-6.30591e-06
5.78172e-06
-5.73825e-06
1.26912e-07
-5.90133e-06
9.58701e-08
-6.07466e-06
4.44921e-08
-6.07206e-06
1.78973e-13
-6.067e-06
-4.44918e-08
-6.067e-06
-9.58698e-08
-6.07206e-06
-1.26911e-07
-6.07466e-06
-5.90133e-06
7.74505e-08
8.94416e-09
2.95716e-06
6.16449e-08
4.32813e-07
3.02253e-06
2.82679e-08
5.1384e-07
2.94876e-06
4.42822e-13
5.10774e-07
2.90189e-06
-2.8267e-08
5.10773e-07
2.90189e-06
-6.16442e-08
5.13839e-07
2.94876e-06
-7.74499e-08
4.32813e-07
3.02253e-06
8.94315e-09
2.95716e-06
5.5213e-08
-4.31056e-06
4.11851e-06
4.28377e-08
-4.86501e-06
4.28666e-06
1.99706e-08
-4.91475e-06
4.24732e-06
2.26433e-13
-4.89543e-06
4.21886e-06
-1.99701e-08
-4.89543e-06
4.21886e-06
-4.28373e-08
-4.91475e-06
4.24732e-06
-5.52128e-08
-4.86501e-06
4.28667e-06
-4.31056e-06
4.11852e-06
1.22283e-07
5.63889e-06
1.05702e-07
6.00512e-06
5.03198e-08
6.05064e-06
3.25624e-13
6.0527e-06
-5.03192e-08
6.0527e-06
-1.05702e-07
6.05065e-06
-1.22283e-07
6.00512e-06
5.63889e-06
-5.02397e-08
-1.05283e-05
-3.99352e-06
-4.52132e-08
-1.18675e-05
-4.59161e-06
-2.29683e-08
-1.20803e-05
-4.70061e-06
-3.85288e-13
-1.20587e-05
-4.70068e-06
2.29676e-08
-1.20587e-05
-4.70068e-06
4.52127e-08
-1.20803e-05
-4.70061e-06
5.02394e-08
-1.18675e-05
-4.59161e-06
-1.05283e-05
-3.99352e-06
1.15569e-08
1.22655e-05
4.46298e-06
4.41672e-09
1.22791e-05
4.46802e-06
1.96546e-09
1.22757e-05
4.46672e-06
4.15988e-17
1.22753e-05
4.46664e-06
-1.96546e-09
1.22753e-05
4.46664e-06
-4.41672e-09
1.22757e-05
4.46672e-06
-1.15569e-08
1.22791e-05
4.46802e-06
1.22655e-05
4.46298e-06
1.85638e-08
1.07922e-08
4.97648e-09
5.27822e-17
-4.97648e-09
-1.07922e-08
-1.85638e-08
-1.02126e-07
-7.5404e-08
-3.68264e-08
-5.86363e-13
3.68254e-08
7.54033e-08
1.02125e-07
1.41187e-07
-5.33941e-07
9.39558e-08
-3.97961e-07
4.16135e-08
-3.63636e-07
-9.69226e-15
-3.60728e-07
-4.16135e-08
-3.60728e-07
-9.39558e-08
-3.63636e-07
-1.41187e-07
-3.9796e-07
-5.33941e-07
-1.05412e-07
4.22969e-06
-4.12428e-06
-8.12601e-08
4.23537e-06
-4.25952e-06
-4.05047e-08
4.27468e-06
-4.31544e-06
-2.01445e-13
4.3029e-06
-4.34341e-06
4.05044e-08
4.3029e-06
-4.34341e-06
8.12599e-08
4.27468e-06
-4.31544e-06
1.05412e-07
4.23537e-06
-4.25952e-06
4.22969e-06
-4.12428e-06
-1.5399e-07
2.63021e-06
-2.47623e-06
-6.24074e-08
2.5196e-06
-2.61118e-06
-1.00169e-08
2.55854e-06
-2.61093e-06
-1.15022e-11
2.59229e-06
-2.60229e-06
9.99599e-09
2.59229e-06
-2.60229e-06
6.23916e-08
2.55854e-06
-2.61094e-06
1.53981e-07
2.51959e-06
-2.61118e-06
2.63021e-06
-2.47623e-06
-2.76873e-07
-1.00031e-07
3.76905e-07
-8.47224e-08
-4.32937e-07
2.40787e-07
3.31497e-09
-3.41416e-07
2.53379e-07
2.80434e-12
-2.58147e-07
2.61459e-07
-3.31152e-09
-2.58145e-07
2.61459e-07
8.4724e-08
-3.41415e-07
2.53379e-07
2.76873e-07
-4.32935e-07
2.40785e-07
-1.00029e-07
3.76901e-07
1.06189e-07
1.04949e-06
4.1347e-08
1.34847e-06
8.28427e-09
1.33429e-06
-1.17113e-12
1.29504e-06
-8.28675e-09
1.29504e-06
-4.13491e-08
1.3343e-06
-1.0619e-07
1.34849e-06
1.04951e-06
-1.85043e-08
1.1469e-09
9.62475e-09
6.7098e-13
-9.6235e-09
-1.1459e-09
1.85049e-08
9.78179e-08
-1.58617e-07
8.26836e-08
8.84486e-07
4.05186e-08
1.11539e-06
2.80825e-13
1.12706e-06
-4.05181e-08
1.12706e-06
-8.26832e-08
1.11539e-06
-9.78176e-08
8.84487e-07
-1.58616e-07
2.91223e-07
-1.74447e-06
1.5956e-06
1.48414e-07
-2.12799e-06
4.21108e-06
5.17136e-08
-2.17228e-06
4.61131e-06
7.09364e-14
-2.16884e-06
4.55341e-06
-5.17134e-08
-2.16884e-06
4.55341e-06
-1.48413e-07
-2.17228e-06
4.61131e-06
-2.91223e-07
-2.12799e-06
4.21108e-06
-1.74447e-06
1.5956e-06
4.2955e-08
3.57031e-08
1.89131e-08
4.31167e-13
-1.89123e-08
-3.57024e-08
-4.29545e-08
-9.81931e-07
-3.85211e-06
-7.27401e-07
-2.69443e-06
-3.59626e-07
-2.46554e-06
-1.64031e-12
-2.53808e-06
3.59623e-07
-2.53807e-06
7.27399e-07
-2.46554e-06
9.8193e-07
-2.69443e-06
-3.85211e-06
-1.8071e-08
-1.00906e-05
3.54881e-06
-2.54539e-08
-1.07708e-05
3.8916e-06
-2.0773e-08
-1.07379e-05
3.8359e-06
-2.02958e-12
-1.06788e-05
3.77049e-06
2.07693e-08
-1.06788e-05
3.77049e-06
2.54512e-08
-1.07379e-05
3.8359e-06
1.80698e-08
-1.07708e-05
3.89159e-06
-1.00906e-05
3.54881e-06
-8.69434e-10
5.46489e-06
-2.90163e-07
5.5096e-09
5.76365e-06
-2.42508e-07
1.17502e-08
5.752e-06
-2.6931e-07
-3.48161e-12
5.73724e-06
-2.71336e-07
-1.17569e-08
5.73724e-06
-2.71337e-07
-5.51503e-09
5.752e-06
-2.69315e-07
8.66869e-10
5.76365e-06
-2.42518e-07
5.46488e-06
-2.90174e-07
4.56604e-08
4.78155e-06
2.44002e-08
5.03352e-06
8.8354e-09
4.95776e-06
7.55677e-14
4.9006e-06
-8.83525e-09
4.90059e-06
-2.44001e-08
4.95776e-06
-4.56603e-08
5.03352e-06
4.78155e-06
2.44197e-08
5.0094e-06
2.41647e-08
5.11784e-06
1.43869e-08
5.11508e-06
5.98322e-13
5.10809e-06
-1.43858e-08
5.10809e-06
-2.41641e-08
5.11509e-06
-2.44196e-08
5.11784e-06
5.00941e-06
-3.07147e-08
7.29486e-06
-4.88326e-06
-4.291e-08
7.95365e-06
-5.23842e-06
-3.17684e-08
7.89599e-06
-5.23855e-06
-3.855e-13
7.79814e-06
-5.20857e-06
3.17678e-08
7.79814e-06
-5.20857e-06
4.29098e-08
7.89598e-06
-5.23855e-06
3.07148e-08
7.95364e-06
-5.23841e-06
7.29485e-06
-4.88325e-06
7.12774e-08
-1.37604e-06
4.28267e-08
-1.53025e-06
2.12387e-08
-1.47121e-06
-4.02119e-12
-1.40983e-06
-2.12467e-08
-1.40983e-06
-4.28344e-08
-1.47121e-06
-7.12832e-08
-1.53025e-06
-1.37603e-06
2.14138e-07
-1.59461e-05
1.55195e-07
-1.67162e-05
7.21224e-08
-1.68134e-05
1.76859e-13
-1.68179e-05
-7.21221e-08
-1.68179e-05
-1.55194e-07
-1.68134e-05
-2.14138e-07
-1.67162e-05
-1.59462e-05
3.7974e-08
1.23085e-06
2.84969e-06
3.16437e-08
1.02899e-06
3.264e-06
1.47844e-08
9.55198e-07
3.30899e-06
-3.6321e-15
9.387e-07
3.29494e-06
-1.47844e-08
9.387e-07
3.29494e-06
-3.16436e-08
9.55198e-07
3.30899e-06
-3.79739e-08
1.02899e-06
3.264e-06
1.23085e-06
2.84969e-06
1.25383e-08
-2.80829e-06
-2.9425e-06
2.86e-08
-3.08131e-06
-3.24066e-06
2.36762e-08
-3.03146e-06
-3.18618e-06
5.23693e-13
-2.98917e-06
-3.12634e-06
-2.36752e-08
-2.98917e-06
-3.12634e-06
-2.85993e-08
-3.03146e-06
-3.18618e-06
-1.25378e-08
-3.08131e-06
-3.24066e-06
-2.80829e-06
-2.9425e-06
3.33292e-08
-4.78368e-07
2.83087e-08
-7.89307e-07
1.52927e-08
-8.71517e-07
-5.00992e-14
-8.81607e-07
-1.52928e-08
-8.81607e-07
-2.83087e-08
-8.71517e-07
-3.33291e-08
-7.89308e-07
-4.78369e-07
6.28232e-09
1.40439e-09
-1.19072e-09
1.07696e-12
1.19278e-09
-1.40258e-09
-6.28101e-09
2.51037e-08
-9.31609e-06
1.38845e-08
-1.0022e-05
4.11013e-09
-1.00366e-05
-1.54848e-13
-9.99885e-06
-4.11042e-09
-9.99885e-06
-1.38848e-08
-1.00366e-05
-2.51039e-08
-1.0022e-05
-9.31609e-06
1.81884e-08
-5.07939e-06
1.86146e-08
-5.16338e-06
1.09433e-08
-5.15866e-06
6.70278e-13
-5.15144e-06
-1.09422e-08
-5.15144e-06
-1.86138e-08
-5.15866e-06
-1.81882e-08
-5.16338e-06
-5.07939e-06
1.42749e-07
1.14741e-07
5.29484e-08
2.40743e-13
-5.2948e-08
-1.14741e-07
-1.42749e-07
-3.54678e-08
-2.25626e-08
-6.19214e-09
-7.89777e-12
6.17742e-09
2.25509e-08
3.54605e-08
-9.25814e-09
-2.77252e-08
-1.84427e-08
-1.09511e-13
1.84425e-08
2.77251e-08
9.25808e-09
1.32233e-08
1.0573e-08
9.88665e-09
-9.58898e-13
-9.88798e-09
-1.05742e-08
-1.32245e-08
2.5859e-07
5.96407e-07
1.7497e-07
2.72579e-06
6.99908e-08
3.14363e-06
2.66051e-13
3.08518e-06
-6.99903e-08
3.08518e-06
-1.74969e-07
3.14363e-06
-2.5859e-07
2.72579e-06
5.9641e-07
-2.88035e-08
2.19177e-06
7.16878e-07
2.89999e-08
2.12734e-06
6.2124e-07
3.61187e-08
2.07928e-06
5.43729e-07
-1.36214e-14
2.05253e-06
5.21676e-07
-3.61187e-08
2.05253e-06
5.21676e-07
-2.89999e-08
2.07928e-06
5.43728e-07
2.88035e-08
2.12734e-06
6.21239e-07
2.19177e-06
7.16877e-07
3.02264e-08
-8.63945e-07
2.06457e-06
2.51156e-08
-1.17044e-06
2.20455e-06
1.35489e-08
-1.1934e-06
2.16016e-06
-4.02309e-13
-1.16775e-06
2.12e-06
-1.35497e-08
-1.16775e-06
2.12e-06
-2.51161e-08
-1.1934e-06
2.16016e-06
-3.02266e-08
-1.17044e-06
2.20455e-06
-8.63945e-07
2.06457e-06
-1.35724e-08
-1.47301e-06
5.92773e-09
-1.48703e-06
7.00382e-09
-1.51829e-06
2.75901e-12
-1.52732e-06
-6.99864e-09
-1.52732e-06
-5.92358e-09
-1.51831e-06
1.35747e-08
-1.48704e-06
-1.47302e-06
-9.20052e-10
1.68273e-05
-1.97052e-09
1.75457e-05
-1.81111e-09
1.7565e-05
9.15951e-14
1.75531e-05
1.81128e-09
1.75531e-05
1.97064e-09
1.7565e-05
9.2012e-10
1.75457e-05
1.68273e-05
-6.28127e-08
-1.49342e-06
-3.6625e-08
9.06811e-07
-3.15772e-08
1.33578e-06
-2.10182e-13
1.24997e-06
3.15767e-08
1.24997e-06
3.66245e-08
1.33579e-06
6.28118e-08
9.06813e-07
-1.49341e-06
2.6852e-08
-7.72737e-06
1.53951e-08
-8.31872e-06
4.57503e-09
-8.2929e-06
1.82511e-13
-8.23383e-06
-4.57467e-09
-8.23383e-06
-1.53948e-08
-8.2929e-06
-2.68519e-08
-8.31872e-06
-7.72737e-06
2.76967e-08
2.94517e-06
-1.13382e-06
4.47917e-08
3.29976e-06
-1.17467e-06
3.71295e-08
3.16922e-06
-1.0978e-06
4.02487e-13
3.08155e-06
-1.06371e-06
-3.71287e-08
3.08155e-06
-1.06371e-06
-4.47911e-08
3.16922e-06
-1.0978e-06
-2.76963e-08
3.29976e-06
-1.17467e-06
2.94517e-06
-1.13382e-06
7.80932e-08
-8.90239e-09
6.85317e-08
-6.73184e-08
3.67378e-08
-1.43924e-07
-6.18948e-13
-1.78112e-07
-3.6739e-08
-1.78112e-07
-6.85327e-08
-1.43922e-07
-7.80942e-08
-6.73153e-08
-8.89743e-09
7.91469e-08
3.07805e-07
4.81827e-08
5.03889e-07
1.88631e-08
6.48849e-07
3.16544e-12
7.17659e-07
-1.88567e-08
7.17661e-07
-4.81763e-08
6.48856e-07
-7.91419e-08
5.03901e-07
3.07819e-07
6.43005e-08
-1.31951e-07
4.13526e-08
1.49696e-07
1.65824e-08
1.65434e-07
6.34306e-14
1.4662e-07
-1.65823e-08
1.4662e-07
-4.13525e-08
1.65434e-07
-6.43004e-08
1.49696e-07
-1.3195e-07
5.78994e-08
2.81713e-06
6.29867e-08
2.77597e-06
3.73521e-08
2.75724e-06
-1.963e-12
2.75464e-06
-3.73557e-08
2.75464e-06
-6.29897e-08
2.75724e-06
-5.79013e-08
2.77597e-06
2.81713e-06
5.56846e-08
-2.7711e-06
5.92076e-08
-2.76322e-06
3.48351e-08
-2.78027e-06
-1.30135e-12
-2.7904e-06
-3.48376e-08
-2.7904e-06
-5.92096e-08
-2.78027e-06
-5.56859e-08
-2.76322e-06
-2.7711e-06
-1.2793e-08
7.17726e-06
-7.79909e-09
7.90761e-06
-3.69937e-09
7.95385e-06
4.46011e-13
7.92312e-06
3.70021e-09
7.92312e-06
7.79977e-09
7.95385e-06
1.27934e-08
7.90761e-06
7.17726e-06
-1.3469e-06
-2.50522e-06
-1.10245e-06
-2.93887e-06
-4.94632e-07
-3.07336e-06
-2.29649e-12
-3.0327e-06
4.94628e-07
-3.03271e-06
1.10245e-06
-3.07336e-06
1.3469e-06
-2.93887e-06
-2.50522e-06
1.72554e-08
-4.68228e-06
3.05331e-08
-4.78849e-06
2.14829e-08
-4.85542e-06
2.85976e-14
-4.88008e-06
-2.14829e-08
-4.88008e-06
-3.05331e-08
-4.85542e-06
-1.72555e-08
-4.78849e-06
-4.68228e-06
7.26344e-08
4.72477e-06
8.05159e-08
4.80581e-06
5.36759e-08
4.83646e-06
6.08829e-14
4.83924e-06
-5.36758e-08
4.83924e-06
-8.05158e-08
4.83646e-06
-7.26344e-08
4.80581e-06
4.72477e-06
-9.70403e-09
-1.70093e-08
-1.4881e-08
-2.29112e-12
1.48766e-08
1.70059e-08
9.70215e-09
1.05726e-07
-2.86952e-06
1.12022e-07
-4.11113e-06
5.8255e-08
-4.29849e-06
4.611e-13
-4.2828e-06
-5.82542e-08
-4.2828e-06
-1.12021e-07
-4.29849e-06
-1.05725e-07
-4.11113e-06
-2.86952e-06
4.96957e-08
2.94802e-06
5.42302e-08
4.10841e-06
3.08529e-08
4.26355e-06
5.24895e-13
4.24196e-06
-3.0852e-08
4.24196e-06
-5.42295e-08
4.26355e-06
-4.96953e-08
4.10841e-06
2.94802e-06
1.88626e-08
4.4317e-06
2.05821e-08
4.48409e-06
1.26461e-08
4.49295e-06
-5.49723e-13
4.49483e-06
-1.26472e-08
4.49483e-06
-2.05831e-08
4.49296e-06
-1.88633e-08
4.4841e-06
4.4317e-06
1.47512e-08
-4.41413e-06
1.44373e-08
-4.48119e-06
8.44267e-09
-4.50123e-06
-7.02248e-14
-4.50704e-06
-8.44288e-09
-4.50704e-06
-1.44376e-08
-4.50123e-06
-1.47515e-08
-4.48119e-06
-4.41413e-06
-6.20389e-09
8.55236e-06
-7.46697e-09
9.45297e-06
-4.25188e-09
9.49614e-06
2.01037e-13
9.44978e-06
4.25227e-09
9.44978e-06
7.46732e-09
9.49614e-06
6.20413e-09
9.45297e-06
8.55236e-06
1.91446e-07
-7.75722e-06
1.28281e-07
-7.85176e-06
5.65063e-08
-7.82613e-06
1.01461e-13
-7.81908e-06
-5.6506e-08
-7.81908e-06
-1.28281e-07
-7.82613e-06
-1.91445e-07
-7.85176e-06
-7.75722e-06
1.18238e-08
7.3409e-09
2.48521e-09
1.80134e-12
-2.48189e-09
-7.3384e-09
-1.18226e-08
-5.47735e-09
-4.76989e-06
7.27778e-06
-2.50241e-06
1.22846e-09
-5.46878e-06
8.57156e-06
-3.10948e-06
3.94411e-09
-5.51251e-06
8.66028e-06
-3.15049e-06
5.65077e-13
-5.48887e-06
8.61218e-06
-3.11937e-06
-3.94306e-09
-5.48887e-06
8.61218e-06
-3.11937e-06
-1.22766e-09
-5.51251e-06
8.66028e-06
-3.15049e-06
5.47779e-09
-5.46878e-06
8.57156e-06
-3.10948e-06
-4.76989e-06
7.27778e-06
-2.50241e-06
-1.12704e-07
3.16615e-07
-2.03911e-07
-9.15379e-08
3.20631e-07
-3.41796e-07
-4.07377e-08
3.1943e-07
-3.7023e-07
4.10374e-12
3.25619e-07
-3.66361e-07
4.07452e-08
3.25619e-07
-3.6636e-07
9.15431e-08
3.19429e-07
-3.70228e-07
1.12706e-07
3.20629e-07
-3.41793e-07
3.16612e-07
-2.03906e-07
-1.55868e-07
-1.23143e-06
1.3873e-06
-3.9775e-08
-1.42508e-06
1.30898e-06
6.18328e-09
-1.38335e-06
1.33739e-06
-1.29906e-11
-1.34827e-06
1.35447e-06
-6.20477e-09
-1.34827e-06
1.35446e-06
3.97596e-08
-1.38335e-06
1.33739e-06
1.55859e-07
-1.42508e-06
1.30898e-06
-1.23144e-06
1.3873e-06
-2.36895e-08
-1.20774e-06
-1.03601e-08
-1.4384e-06
1.67299e-09
-1.39538e-06
-6.85662e-12
-1.34659e-06
-1.6859e-09
-1.34659e-06
1.03503e-08
-1.39539e-06
2.36845e-08
-1.43842e-06
-1.20775e-06
-1.6154e-07
-2.3091e-06
2.47064e-06
-1.19172e-07
-2.47498e-06
2.43261e-06
-5.71036e-08
-2.51149e-06
2.44943e-06
-2.6983e-13
-2.52423e-06
2.46712e-06
5.71031e-08
-2.52423e-06
2.46712e-06
1.19171e-07
-2.51149e-06
2.44943e-06
1.6154e-07
-2.47498e-06
2.43261e-06
-2.3091e-06
2.47064e-06
-1.08885e-07
4.255e-07
-9.45886e-08
3.06334e-07
-4.76977e-08
2.72539e-07
4.83863e-12
2.77917e-07
4.77066e-08
2.77917e-07
9.45954e-08
2.7254e-07
1.08889e-07
3.06336e-07
4.255e-07
-2.10468e-08
-2.28805e-06
-2.88896e-08
-2.46714e-06
-1.50147e-08
-2.52537e-06
-1.75742e-13
-2.53924e-06
1.50143e-08
-2.53924e-06
2.88894e-08
-2.52537e-06
2.10466e-08
-2.46714e-06
-2.28805e-06
-2.27141e-08
9.02117e-06
-1.12767e-08
9.40044e-06
-5.78619e-09
9.41849e-06
1.99527e-13
9.4139e-06
5.78651e-09
9.4139e-06
1.12769e-08
9.41849e-06
2.27142e-08
9.40044e-06
9.02117e-06
-3.48675e-08
7.84798e-06
-1.68227e-08
8.27557e-06
-7.71374e-09
8.2981e-06
9.85335e-14
8.29331e-06
7.71392e-09
8.29331e-06
1.68229e-08
8.2981e-06
3.48676e-08
8.27557e-06
7.84798e-06
1.05194e-07
-6.0651e-07
7.26738e-08
-5.15206e-07
2.95084e-08
-5.52937e-07
-1.7204e-12
-5.90882e-07
-2.95116e-08
-5.90882e-07
-7.26762e-08
-5.52936e-07
-1.05195e-07
-5.15205e-07
-6.0651e-07
-3.85723e-09
-1.16704e-08
2.40172e-10
-1.11675e-07
2.38486e-09
-2.31679e-07
2.71983e-12
-2.92564e-07
-2.3799e-09
-2.92565e-07
-2.36744e-10
-2.31683e-07
3.8578e-09
-1.11679e-07
-1.16694e-08
3.51984e-08
-1.85365e-06
2.34345e-08
-2.04752e-06
1.50821e-08
-2.07627e-06
-8.05202e-13
-2.07668e-06
-1.50836e-08
-2.07668e-06
-2.34353e-08
-2.07628e-06
-3.51981e-08
-2.04753e-06
-1.85367e-06
2.46309e-08
2.59642e-08
1.57997e-08
4.64112e-13
-1.57989e-08
-2.59638e-08
-2.46308e-08
-2.1254e-08
-4.74864e-06
-3.42813e-09
-5.4866e-06
3.52822e-09
-5.51947e-06
6.06475e-13
-5.48534e-06
-3.52709e-09
-5.48534e-06
3.42897e-09
-5.51947e-06
2.12545e-08
-5.4866e-06
-4.74864e-06
3.92675e-08
-2.29149e-06
6.44274e-08
-2.45381e-06
5.02794e-08
-2.52012e-06
1.26521e-13
-2.51308e-06
-5.02792e-08
-2.51308e-06
-6.44273e-08
-2.52012e-06
-3.92674e-08
-2.45381e-06
-2.29149e-06
-3.66785e-08
-3.62151e-08
-2.44229e-08
-5.82074e-13
2.44219e-08
3.62144e-08
3.6678e-08
-1.28573e-06
-3.6473e-07
1.65046e-06
-1.03031e-06
-1.40174e-06
1.14632e-06
-4.44582e-07
-1.60605e-06
1.02032e-06
-1.95036e-12
-1.52882e-06
1.08424e-06
4.44578e-07
-1.52882e-06
1.08424e-06
1.03031e-06
-1.60605e-06
1.02032e-06
1.28573e-06
-1.40174e-06
1.14632e-06
-3.64731e-07
1.65046e-06
-8.36467e-07
4.71736e-07
-6.52049e-07
-1.58616e-06
-3.07844e-07
-1.95026e-06
-1.20785e-12
-1.83666e-06
3.07842e-07
-1.83666e-06
6.52047e-07
-1.95026e-06
8.36466e-07
-1.58616e-06
4.71734e-07
3.13962e-08
1.74587e-08
7.66578e-09
1.95838e-12
-7.66233e-09
-1.74568e-08
-3.13969e-08
-3.24883e-09
-7.66094e-06
8.65186e-07
-2.11279e-09
-8.58473e-06
1.36457e-06
-1.12153e-09
-8.63828e-06
1.38562e-06
5.10938e-13
-8.59484e-06
1.35322e-06
1.12249e-09
-8.59484e-06
1.35322e-06
2.11358e-09
-8.63828e-06
1.38562e-06
3.2493e-09
-8.58473e-06
1.36456e-06
-7.66094e-06
8.65184e-07
-1.58591e-07
-2.7569e-07
-4.77162e-08
-4.73159e-07
3.21683e-09
-4.13693e-07
-4.40534e-12
-2.9919e-07
-3.22409e-09
-2.99196e-07
4.77102e-08
-4.13707e-07
1.58584e-07
-4.73178e-07
-2.75716e-07
-1.91702e-07
-1.85915e-06
-2.09847e-07
-3.22794e-06
-1.2906e-07
-3.44601e-06
-7.48253e-13
-3.43705e-06
1.29059e-07
-3.43705e-06
2.09846e-07
-3.44601e-06
1.91701e-07
-3.22794e-06
-1.85915e-06
2.95432e-08
1.58252e-08
5.92934e-09
-2.00328e-13
-5.92971e-09
-1.58255e-08
-2.95434e-08
2.11046e-08
1.9788e-08
1.07076e-08
4.27943e-13
-1.0707e-08
-1.9788e-08
-2.11052e-08
1.89759e-08
1.76466e-08
1.01702e-08
6.33008e-13
-1.01691e-08
-1.76459e-08
-1.89757e-08
1.06087e-07
4.65743e-06
9.65468e-06
9.50519e-08
5.26052e-06
1.03688e-05
5.13305e-08
5.38577e-06
1.05314e-05
5.33518e-13
5.39081e-06
1.05256e-05
-5.13296e-08
5.39081e-06
1.05256e-05
-9.50513e-08
5.38577e-06
1.05314e-05
-1.06087e-07
5.26052e-06
1.03688e-05
4.65743e-06
9.65468e-06
1.69529e-08
-4.81248e-06
-9.64396e-06
1.12045e-08
-4.83029e-06
-9.67443e-06
5.3441e-09
-4.82881e-06
-9.67017e-06
9.99829e-17
-4.82836e-06
-9.66912e-06
-5.3441e-09
-4.82836e-06
-9.66912e-06
-1.12045e-08
-4.82881e-06
-9.67017e-06
-1.69529e-08
-4.83029e-06
-9.67443e-06
-4.81248e-06
-9.64396e-06
4.08859e-09
4.34237e-06
2.93132e-06
7.1088e-09
5.28636e-06
3.28218e-06
6.22388e-09
5.34873e-06
3.31244e-06
5.64143e-13
5.31019e-06
3.30821e-06
-6.22284e-09
5.31019e-06
3.30821e-06
-7.108e-09
5.34873e-06
3.31244e-06
-4.08817e-09
5.28636e-06
3.28218e-06
4.34237e-06
2.93132e-06
-1.15944e-08
5.31131e-06
-1.75091e-06
-3.09185e-08
5.70021e-06
-1.78929e-06
-3.02324e-08
5.6335e-06
-1.79829e-06
-1.75105e-13
5.55691e-06
-1.81666e-06
3.02323e-08
5.55691e-06
-1.81666e-06
3.0919e-08
5.6335e-06
-1.79829e-06
1.15954e-08
5.7002e-06
-1.78928e-06
5.3113e-06
-1.7509e-06
-1.03439e-08
6.15885e-07
-8.81232e-07
-2.19224e-08
4.84558e-07
-9.46139e-07
-1.61112e-08
5.29376e-07
-9.48881e-07
1.30056e-14
6.24938e-07
-9.4024e-07
1.61109e-08
6.24934e-07
-9.40241e-07
2.19222e-08
5.29365e-07
-9.48883e-07
1.03448e-08
4.84541e-07
-9.46142e-07
6.15864e-07
-8.81235e-07
1.45067e-07
4.51339e-07
1.65948e-08
2.85427e-06
-1.41102e-08
3.17433e-06
-1.07231e-13
3.07107e-06
1.41099e-08
3.07107e-06
-1.6595e-08
3.17433e-06
-1.45067e-07
2.85427e-06
4.51343e-07
7.1496e-09
3.1079e-06
6.98162e-09
3.93544e-06
3.6077e-09
4.00543e-06
5.54607e-13
3.9695e-06
-3.60667e-09
3.9695e-06
-6.98081e-09
4.00543e-06
-7.14914e-09
3.93544e-06
3.1079e-06
5.97625e-08
2.10428e-06
4.35661e-08
2.38444e-06
1.84165e-08
2.34232e-06
-2.25756e-14
2.2828e-06
-1.84165e-08
2.2828e-06
-4.3566e-08
2.34232e-06
-5.97624e-08
2.38444e-06
2.10428e-06
-5.52942e-09
4.3479e-06
1.01156e-08
5.27071e-06
1.08386e-08
5.348e-06
5.46891e-13
5.32103e-06
-1.08376e-08
5.32103e-06
-1.01148e-08
5.348e-06
5.52978e-09
5.27071e-06
4.3479e-06
1.66198e-08
6.52678e-07
-5.28637e-06
1.92556e-08
1.08312e-06
-6.3902e-06
1.18532e-08
1.1221e-06
-6.49488e-06
4.73457e-13
1.10126e-06
-6.46309e-06
-1.18523e-08
1.10126e-06
-6.46309e-06
-1.9255e-08
1.1221e-06
-6.49488e-06
-1.66194e-08
1.08312e-06
-6.3902e-06
6.52678e-07
-5.28637e-06
-9.55313e-09
-2.02758e-08
-1.40693e-08
2.72922e-12
1.40742e-08
2.02795e-08
9.55506e-09
1.04076e-08
1.78743e-08
1.31721e-08
5.05634e-13
-1.31711e-08
-1.78735e-08
-1.04072e-08
2.66162e-09
6.17527e-08
4.47881e-08
6.23831e-13
-4.4787e-08
-6.17519e-08
-2.66096e-09
-1.41297e-09
-2.21303e-09
-1.30965e-09
4.23878e-13
1.31044e-09
2.21368e-09
1.41337e-09
-4.01039e-07
6.72447e-08
-1.15962e-06
-2.96699e-07
1.97521e-06
-1.17274e-06
-1.52873e-07
2.35565e-06
-1.16369e-06
-6.24389e-13
2.25071e-06
-1.15362e-06
1.52872e-07
2.25071e-06
-1.15362e-06
2.96697e-07
2.35565e-06
-1.16369e-06
4.01038e-07
1.97522e-06
-1.17274e-06
6.72459e-08
-1.15962e-06
1.72571e-08
1.91199e-08
9.63096e-09
3.09337e-12
-9.62502e-09
-1.91149e-08
-1.72542e-08
2.9653e-08
1.21068e-06
2.84231e-08
1.21523e-06
1.47065e-08
1.16264e-06
-2.88926e-13
1.12976e-06
-1.4707e-08
1.12976e-06
-2.84234e-08
1.16264e-06
-2.9653e-08
1.21523e-06
1.21068e-06
1.30005e-07
2.3028e-06
-1.30312e-06
9.38537e-08
2.51361e-06
-1.06186e-06
3.82837e-08
2.50539e-06
-1.04553e-06
2.62048e-13
2.45671e-06
-1.08391e-06
-3.82832e-08
2.45671e-06
-1.08391e-06
-9.38533e-08
2.50539e-06
-1.04553e-06
-1.30005e-07
2.51361e-06
-1.06186e-06
2.3028e-06
-1.30312e-06
4.60295e-08
5.87851e-08
3.57551e-08
-1.86346e-12
-3.57586e-08
-5.8788e-08
-4.60313e-08
-7.55452e-09
-5.92342e-09
-3.0551e-09
4.77559e-13
3.05599e-09
5.92414e-09
7.55495e-09
4.46811e-09
-3.87331e-06
4.77092e-09
-4.16933e-06
3.13083e-09
-4.19906e-06
4.82654e-13
-4.1991e-06
-3.12993e-09
-4.1991e-06
-4.77022e-09
-4.19906e-06
-4.46772e-09
-4.16933e-06
-3.87331e-06
-3.61451e-08
4.64202e-07
-4.5722e-08
4.71365e-07
-3.57466e-08
3.84978e-07
7.92821e-14
3.12597e-07
3.57469e-08
3.12596e-07
4.57229e-08
3.84976e-07
3.61461e-08
4.71363e-07
4.64203e-07
4.24894e-08
5.98084e-08
4.08415e-08
5.15628e-14
-4.08414e-08
-5.98083e-08
-4.24894e-08
7.84988e-08
7.5783e-08
4.08403e-08
4.60896e-13
-4.08395e-08
-7.57823e-08
-7.84984e-08
1.75704e-08
2.04786e-08
1.22055e-08
-5.38804e-13
-1.22066e-08
-2.04796e-08
-1.75712e-08
3.30993e-08
-1.16812e-06
-1.60296e-08
-1.2556e-06
-2.65734e-08
-1.25837e-06
1.47666e-12
-1.2183e-06
2.65763e-08
-1.2183e-06
1.60326e-08
-1.25838e-06
-3.30969e-08
-1.25561e-06
-1.16813e-06
-8.50195e-09
-6.88527e-09
-3.70337e-09
2.50527e-13
3.70385e-09
6.88568e-09
8.50222e-09
1.1305e-08
7.11039e-08
5.63711e-08
2.48864e-13
-5.63707e-08
-7.11036e-08
-1.13049e-08
8.3127e-08
9.9951e-08
6.54414e-08
1.16206e-13
-6.54412e-08
-9.99508e-08
-8.31269e-08
8.477e-09
1.07176e-08
6.97752e-09
4.21459e-13
-6.97674e-09
-1.0717e-08
-8.47668e-09
-5.0128e-08
-1.60351e-06
-5.46091e-08
-1.82243e-06
-2.87842e-08
-1.89184e-06
-1.13701e-13
-1.90507e-06
2.8784e-08
-1.90507e-06
5.4609e-08
-1.89184e-06
5.0128e-08
-1.82243e-06
-1.60351e-06
-5.83875e-08
-1.03054e-06
-3.8432e-08
-1.32215e-06
-1.12039e-08
-1.30077e-06
-6.86647e-12
-1.25902e-06
1.11909e-08
-1.25903e-06
3.84219e-08
-1.30078e-06
5.83816e-08
-1.32216e-06
-1.03055e-06
-8.03642e-08
2.53359e-07
-6.44247e-08
-1.16949e-07
-2.48601e-08
-1.56415e-07
2.47901e-12
-1.29765e-07
2.48648e-08
-1.29764e-07
6.44281e-08
-1.56413e-07
8.0366e-08
-1.16946e-07
2.53361e-07
2.12622e-08
1.6039e-06
1.20316e-08
1.68396e-06
4.15205e-09
1.69119e-06
-2.19486e-12
1.69109e-06
-4.1563e-09
1.69109e-06
-1.20348e-08
1.69119e-06
-2.12639e-08
1.68396e-06
1.6039e-06
-2.72508e-08
-2.60903e-07
-2.35154e-08
-2.47593e-07
-1.23055e-08
-2.66588e-07
2.53725e-12
-2.77125e-07
1.23101e-08
-2.77125e-07
2.35188e-08
-2.66587e-07
2.72528e-08
-2.4759e-07
-2.609e-07
1.89825e-08
2.85023e-06
1.63254e-08
2.8841e-06
1.06159e-08
2.91807e-06
-2.44155e-14
2.94249e-06
-1.0616e-08
2.94249e-06
-1.63254e-08
2.91807e-06
-1.89826e-08
2.8841e-06
2.85023e-06
-1.59818e-08
-1.58978e-08
-8.36052e-09
1.30864e-13
8.36075e-09
1.5898e-08
1.59819e-08
2.85888e-08
2.34274e-06
2.30754e-08
2.48021e-06
1.07133e-08
2.44983e-06
-1.52049e-13
2.42405e-06
-1.07136e-08
2.42405e-06
-2.30756e-08
2.44983e-06
-2.85888e-08
2.48021e-06
2.34274e-06
4.8094e-08
3.59964e-06
2.40898e-08
3.88285e-06
8.97431e-09
3.87508e-06
1.17003e-13
3.84586e-06
-8.97406e-09
3.84586e-06
-2.40896e-08
3.87508e-06
-4.80939e-08
3.88285e-06
3.59964e-06
4.39989e-08
3.05685e-08
1.29659e-08
-9.74472e-13
-1.29676e-08
-3.05697e-08
-4.39995e-08
1.25406e-08
1.05928e-05
1.19854e-08
1.17668e-05
7.15827e-09
1.19778e-05
-8.02249e-15
1.19673e-05
-7.1583e-09
1.19673e-05
-1.19854e-08
1.19778e-05
-1.25406e-08
1.17668e-05
1.05928e-05
1.35605e-08
-1.15249e-05
9.15875e-09
-1.15503e-05
4.50913e-09
-1.15462e-05
7.66971e-17
-1.15452e-05
-4.50913e-09
-1.15452e-05
-9.15875e-09
-1.15462e-05
-1.35605e-08
-1.15503e-05
-1.15249e-05
-7.58834e-08
-2.53054e-07
-9.98772e-08
-2.65746e-07
-6.873e-08
-2.19269e-07
3.96059e-13
-2.02298e-07
6.87311e-08
-2.02295e-07
9.98797e-08
-2.19261e-07
7.58866e-08
-2.65736e-07
-2.53044e-07
1.21576e-07
9.53311e-06
9.46661e-08
1.03957e-05
4.82843e-08
1.05778e-05
5.1716e-13
1.05739e-05
-4.82834e-08
1.05739e-05
-9.46656e-08
1.05778e-05
-1.21575e-07
1.03957e-05
9.53311e-06
6.61037e-08
-6.59386e-06
5.99663e-08
-7.17341e-06
3.16321e-08
-7.27998e-06
3.00269e-13
-7.271e-06
-3.16316e-08
-7.271e-06
-5.99659e-08
-7.27998e-06
-6.61035e-08
-7.17341e-06
-6.59386e-06
9.64833e-09
9.65871e-06
7.07164e-06
3.52865e-09
9.66806e-06
7.07806e-06
1.54918e-09
9.6656e-06
7.07638e-06
1.74002e-17
9.66532e-06
7.07623e-06
-1.54918e-09
9.66532e-06
7.07623e-06
-3.52865e-09
9.6656e-06
7.07638e-06
-9.64833e-09
9.66806e-06
7.07806e-06
9.65871e-06
7.07164e-06
1.47452e-08
8.37496e-09
3.80565e-09
-1.88562e-18
-3.80565e-09
-8.37496e-09
-1.47452e-08
3.28395e-08
7.65841e-07
2.54521e-08
9.86854e-07
1.22213e-08
1.02668e-06
-7.11756e-13
1.02437e-06
-1.22226e-08
1.02437e-06
-2.5453e-08
1.02668e-06
-3.284e-08
9.86854e-07
7.65842e-07
1.37378e-08
-3.51842e-08
-3.98732e-08
1.64701e-12
3.98764e-08
3.51872e-08
-1.37354e-08
4.55935e-09
4.1517e-06
2.40293e-09
4.42361e-06
-6.56055e-10
4.40903e-06
-4.12752e-14
4.38505e-06
6.55984e-10
4.38505e-06
-2.40298e-09
4.40903e-06
-4.55939e-09
4.42361e-06
4.1517e-06
-1.9665e-08
1.45104e-06
-9.60947e-09
1.46086e-06
-7.35932e-10
1.46773e-06
5.2029e-13
1.47685e-06
7.36893e-10
1.47685e-06
9.61021e-09
1.46773e-06
1.96654e-08
1.46086e-06
1.45104e-06
5.75731e-09
4.37874e-10
-1.62208e-09
-4.16095e-14
1.62196e-09
-4.37829e-10
-5.75702e-09
1.7831e-07
9.0997e-08
3.52493e-08
-2.30578e-14
-3.52493e-08
-9.0997e-08
-1.7831e-07
2.05898e-08
1.40377e-08
1.22529e-08
-3.26345e-14
-1.2253e-08
-1.40378e-08
-2.05899e-08
3.68668e-09
-7.4864e-09
-7.32118e-09
-2.7894e-12
7.31562e-09
7.48183e-09
-3.68945e-09
-4.75429e-09
1.65518e-08
1.16796e-08
2.0254e-13
-1.16792e-08
-1.65514e-08
4.7553e-09
-7.87517e-07
-6.04855e-07
-3.02248e-07
-1.34999e-12
3.02245e-07
6.04853e-07
7.87516e-07
-1.01518e-08
6.36613e-06
-3.90055e-09
7.28527e-06
-2.76787e-10
7.35314e-06
4.03951e-13
7.31801e-06
2.7754e-10
7.31801e-06
3.90115e-09
7.35314e-06
1.01521e-08
7.28527e-06
6.36613e-06
3.30419e-08
2.61685e-08
1.19133e-08
-5.00698e-13
-1.19142e-08
-2.61692e-08
-3.30422e-08
-2.36546e-07
-1.4118e-07
-8.07907e-08
-3.81008e-13
8.07899e-08
1.41179e-07
2.36545e-07
-9.5861e-09
-3.13058e-09
4.68826e-10
3.81655e-13
-4.68114e-10
3.13113e-09
9.58641e-09
2.39695e-08
1.17109e-08
2.91671e-09
6.32543e-14
-2.91658e-09
-1.17108e-08
-2.39694e-08
9.69443e-09
5.4436e-09
2.32669e-09
2.12386e-17
-2.32669e-09
-5.4436e-09
-9.69443e-09
5.41028e-09
7.18986e-09
4.39157e-09
-1.35058e-14
-4.3916e-09
-7.18988e-09
-5.4103e-09
)
;

boundaryField
{
    adiabatic_walls
    {
        type            calculated;
        value           uniform 0;
    }
    heated_wall
    {
        type            calculated;
        value           uniform 0;
    }
    outlet
    {
        type            calculated;
        value           nonuniform List<scalar> 
16
(
1.45721e-05
1.64541e-05
1.67586e-05
1.67364e-05
1.67364e-05
1.67586e-05
1.64541e-05
1.45721e-05
1.60609e-05
1.75753e-05
1.78861e-05
1.78765e-05
1.78765e-05
1.78861e-05
1.75753e-05
1.60609e-05
)
;
    }
    inlet
    {
        type            calculated;
        value           nonuniform List<scalar> 
16
(
-1.674e-05
-1.674e-05
-1.674e-05
-1.674e-05
-1.674e-05
-1.674e-05
-1.674e-05
-1.674e-05
-1.674e-05
-1.674e-05
-1.674e-05
-1.674e-05
-1.674e-05
-1.674e-05
-1.674e-05
-1.674e-05
)
;
    }
}


// ************************************************************************* //
