/*--------------------------------*- C++ -*----------------------------------*\
| =========                 |                                                 |
| \\      /  F ield         | OpenFOAM: The Open Source CFD Toolbox           |
|  \\    /   O peration     | Version:  2512                                  |
|   \\  /    A nd           | Website:  www.openfoam.com                      |
|    \\/     M anipulation  |                                                 |
\*---------------------------------------------------------------------------*/
FoamFile
{
    version     2.0;
    format      ascii;
    arch        "LSB;label=32;scalar=64";
    class       volVectorField;
    location    "500";
    object      U;
}
// * * * * * * * * * * * * * * * * * * * * * * * * * * * * * * * * * * * * * //

dimensions      [0 1 -1 0 0 0 0];

internalField   nonuniform List<vector> 
3792
(
(-0.0213324 -0.027426 0.00131279)
(-0.026059 -0.0241037 0.00158338)
(-0.0294821 -0.0220696 0.000960687)
(-0.0309061 -0.0212955 0.00031352)
(-0.0309061 -0.0212955 -0.000313504)
(-0.0294821 -0.0220696 -0.000960676)
(-0.026059 -0.0241037 -0.00158338)
(-0.0213323 -0.0274261 -0.00131279)
(0.18921 0.018958 0.000292707)
(0.206964 0.0241506 1.35074e-05)
(0.207571 0.0238766 -6.42591e-05)
(0.206546 0.0234642 -5.34142e-05)
(0.206546 0.0234642 5.34221e-05)
(0.207571 0.0238765 6.42661e-05)
(0.206964 0.0241505 -1.35021e-05)
(0.18921 0.0189579 -0.000292706)
(0.181281 0.0123023 -2.74213e-05)
(0.199322 0.0178094 -0.000239825)
(0.199756 0.0175007 -0.000116388)
(0.198611 0.0169526 -6.65879e-05)
(0.198611 0.0169526 6.66021e-05)
(0.199756 0.0175007 0.000116401)
(0.199322 0.0178094 0.000239834)
(0.181281 0.0123023 2.74244e-05)
(-0.0711215 0.00145213 0.000184797)
(-0.0739575 0.0036296 0.000234416)
(-0.0744816 0.00491656 0.000231773)
(-0.0744066 0.00565583 9.36778e-05)
(-0.0744067 0.00565581 -9.37061e-05)
(-0.0744819 0.00491651 -0.000231799)
(-0.0739579 0.00362952 -0.000234434)
(-0.0711218 0.00145201 -0.000184798)
(0.0485137 0.00185433 0.00108156)
(0.0557956 0.000642314 0.00134129)
(0.0550935 0.00140983 0.000702815)
(0.0538196 0.00186405 0.000222046)
(0.0538196 0.00186405 -0.000222096)
(0.0550935 0.00140985 -0.000702855)
(0.0557956 0.000642336 -0.00134132)
(0.0485137 0.00185435 -0.00108158)
(0.0621652 -0.00517218 0.00132818)
(0.071117 -0.00507516 0.00171161)
(0.0718632 -0.00360061 0.000831416)
(0.0713852 -0.00286376 0.000236764)
(0.0713852 -0.00286375 -0.000236807)
(0.0718632 -0.0036006 -0.000831451)
(0.071117 -0.00507515 -0.00171164)
(0.0621653 -0.00517217 -0.00132819)
(-0.0487651 -0.018053 0.00124896)
(-0.0517638 -0.0162754 0.00201877)
(-0.0533725 -0.0146917 0.00127645)
(-0.0540529 -0.0140313 0.000457983)
(-0.0540529 -0.0140313 -0.000458013)
(-0.0533724 -0.0146917 -0.00127647)
(-0.0517637 -0.0162754 -0.00201879)
(-0.0487649 -0.0180531 -0.00124897)
(0.139982 -0.0875027 0.00332003)
(0.162842 -0.0747495 0.0039446)
(0.167234 -0.0712541 0.00187435)
(0.167369 -0.071055 0.000549084)
(0.167369 -0.071055 -0.000549081)
(0.167234 -0.0712541 -0.00187435)
(0.162842 -0.0747495 -0.00394459)
(0.139982 -0.0875027 -0.00332003)
(0.168886 -0.0732369 0.00329383)
(0.192161 -0.0610611 0.00385276)
(0.196614 -0.0573565 0.00175745)
(0.196727 -0.0569631 0.000555498)
(0.196727 -0.0569631 -0.0005555)
(0.196614 -0.0573565 -0.00175745)
(0.192161 -0.0610611 -0.00385276)
(0.168886 -0.0732369 -0.00329383)
(0.0692497 0.0664933 0.00329754)
(0.0739221 0.0651516 0.00266326)
(0.0712934 0.064026 -0.00013068)
(0.0692254 0.0635546 -0.000219233)
(0.0692254 0.0635546 0.00021924)
(0.0712933 0.064026 0.000130687)
(0.0739221 0.0651516 -0.00266326)
(0.0692497 0.0664933 -0.00329754)
(-0.0729868 -0.000720401 0.000357847)
(-0.0778468 0.00079449 0.000528366)
(-0.0789336 0.00176094 0.000449717)
(-0.0791563 0.00230234 0.000175704)
(-0.0791564 0.00230234 -0.000175685)
(-0.0789338 0.00176094 -0.000449701)
(-0.0778471 0.000794476 -0.000528352)
(-0.0729871 -0.000720432 -0.000357834)
(0.128236 -0.117645 0.00154905)
(0.173982 -0.101805 0.00401477)
(0.179895 -0.0985849 0.000107232)
(0.179264 -0.0991543 -0.000132802)
(0.179264 -0.0991543 0.000132795)
(0.179895 -0.0985849 -0.000107244)
(0.173982 -0.101805 -0.00401478)
(0.128236 -0.117645 -0.00154907)
(0.116809 -0.093651 0.00419764)
(0.147596 -0.0803655 0.00457324)
(0.153779 -0.0774237 0.00194613)
(0.153834 -0.0775556 0.00045588)
(0.153834 -0.0775556 -0.000455874)
(0.153779 -0.0774237 -0.00194613)
(0.147596 -0.0803655 -0.00457324)
(0.116809 -0.093651 -0.00419763)
(-0.0634806 -0.0200906 0.000384249)
(-0.0676759 -0.0182264 0.000618124)
(-0.0700021 -0.0169249 0.000228094)
(-0.071077 -0.0163693 8.03263e-05)
(-0.0710771 -0.0163693 -8.02726e-05)
(-0.0700022 -0.0169249 -0.00022805)
(-0.0676759 -0.0182264 -0.000618098)
(-0.0634805 -0.0200907 -0.000384237)
(0.356247 0.00311006 0.00603377)
(0.36866 0.015769 0.00946019)
(0.36903 0.0178434 0.00398404)
(0.368179 0.0180149 0.001849)
(0.368178 0.0180149 -0.00184897)
(0.36903 0.0178434 -0.00398402)
(0.36866 0.015769 -0.00946017)
(0.356247 0.00311006 -0.00603377)
(0.28623 -0.00021753 -0.00309132)
(0.324561 0.00371582 -0.000943144)
(0.330502 0.00457767 -0.0024453)
(0.329836 0.00478283 0.000666278)
(0.329836 0.00478283 -0.000666305)
(0.330503 0.00457768 0.00244528)
(0.324561 0.00371583 0.00094313)
(0.28623 -0.000217517 0.00309132)
(0.325673 0.000929563 0.000660231)
(0.339122 0.000925505 0.000540542)
(0.33957 0.000921369 0.000263927)
(0.339461 0.000920601 0.000131518)
(0.339461 0.000920601 -0.000131516)
(0.33957 0.000921369 -0.000263925)
(0.339122 0.000925505 -0.000540541)
(0.325673 0.000929563 -0.00066023)
(0.333381 -0.000146679 0.000511499)
(0.335294 -8.8591e-05 0.000576495)
(0.335144 -9.81058e-05 0.000229586)
(0.335089 -9.66983e-05 0.000111394)
(0.335089 -9.66983e-05 -0.000111394)
(0.335144 -9.81058e-05 -0.000229586)
(0.335294 -8.8591e-05 -0.000576495)
(0.333381 -0.000146679 -0.000511499)
(0.326818 7.77635e-05 0.000692286)
(0.337004 8.74768e-05 0.000634747)
(0.337239 8.81884e-05 0.000315502)
(0.337157 8.7712e-05 0.00016568)
(0.337157 8.7712e-05 -0.00016568)
(0.337239 8.81884e-05 -0.000315501)
(0.337004 8.74768e-05 -0.000634746)
(0.326818 7.77634e-05 -0.000692286)
(0.330924 -7.58906e-06 0.000621425)
(0.33595 5.28233e-06 0.000620172)
(0.335895 9.03015e-07 0.000272027)
(0.335819 1.84515e-06 0.000153937)
(0.335819 1.84515e-06 -0.000153937)
(0.335895 9.03015e-07 -0.000272027)
(0.33595 5.28232e-06 -0.000620172)
(0.330924 -7.58906e-06 -0.000621425)
(0.328325 1.38298e-05 0.000678956)
(0.336655 2.01491e-05 0.000635067)
(0.336774 1.99671e-05 0.000304284)
(0.336693 1.93507e-05 0.000166231)
(0.336693 1.93507e-05 -0.000166231)
(0.336774 1.99671e-05 -0.000304284)
(0.336655 2.01491e-05 -0.000635067)
(0.328325 1.38298e-05 -0.000678956)
(0.341959 -0.00309829 0.00313617)
(0.364368 0.00227685 0.00509189)
(0.368664 0.00345227 0.00214617)
(0.368064 0.00365968 0.00160202)
(0.368064 0.00365968 -0.00160199)
(0.368664 0.00345228 -0.00214615)
(0.364368 0.00227686 -0.00509188)
(0.341959 -0.00309828 -0.00313616)
(0.273542 -0.00731728 -0.006364)
(0.311639 0.000492524 -0.00256437)
(0.316893 0.00215067 -0.00427701)
(0.315564 0.00224133 0.000489117)
(0.315564 0.00224134 -0.000489147)
(0.316893 0.00215068 0.00427698)
(0.311639 0.000492545 0.00256435)
(0.273542 -0.00731725 0.00636399)
(0.353947 0.000248282 0.004205)
(0.369473 0.0127086 0.00733074)
(0.370585 0.0150282 0.0031973)
(0.369739 0.0152659 0.00179567)
(0.369739 0.0152659 -0.00179564)
(0.370585 0.0150282 -0.00319728)
(0.369473 0.0127086 -0.00733072)
(0.353947 0.000248288 -0.00420499)
(0.338506 -0.00225003 0.00239317)
(0.362718 0.00309793 0.00419045)
(0.367446 0.00438437 0.00173775)
(0.366974 0.00465666 0.00148535)
(0.366974 0.00465666 -0.00148532)
(0.367446 0.00438438 -0.00173773)
(0.362718 0.00309794 -0.00419043)
(0.338506 -0.00225002 -0.00239316)
(-0.0808171 0.0010091 0.000418028)
(-0.0853726 0.00251207 0.000432658)
(-0.0863563 0.00328813 0.000224974)
(-0.0865469 0.0036519 8.10354e-05)
(-0.086547 0.0036519 -8.09312e-05)
(-0.0863564 0.00328814 -0.000224882)
(-0.0853728 0.00251207 -0.000432591)
(-0.0808173 0.00100908 -0.000417999)
(0.146522 -0.0349873 0.000373179)
(0.165761 -0.0283267 0.000440772)
(0.167301 -0.0275782 0.000299191)
(0.166592 -0.0278938 8.19895e-05)
(0.166592 -0.0278938 -8.19482e-05)
(0.167301 -0.0275782 -0.000299156)
(0.165761 -0.0283267 -0.000440746)
(0.146522 -0.0349873 -0.000373169)
(-0.0463262 0.000426035 0.00208722)
(-0.0448058 -0.000415003 0.00154242)
(-0.0436816 -0.000727054 0.000348821)
(-0.0418809 -0.00108676 6.3206e-06)
(-0.0418809 -0.00108676 -6.32394e-06)
(-0.0436816 -0.000727055 -0.000348824)
(-0.0448058 -0.000415003 -0.00154242)
(-0.0463262 0.000426038 -0.00208722)
(0.33591 -0.00212104 0.00256643)
(0.360646 0.00266281 0.00435676)
(0.365644 0.00377423 0.00178958)
(0.365201 0.00400736 0.0014715)
(0.365201 0.00400737 -0.00147147)
(0.365644 0.00377424 -0.00178956)
(0.360646 0.00266281 -0.00435675)
(0.33591 -0.00212103 -0.00256642)
(0.355857 -0.00276926 0.00482446)
(0.371549 0.00801029 0.00785556)
(0.373098 0.00997049 0.00333379)
(0.372234 0.0101459 0.00187151)
(0.372234 0.0101459 -0.00187148)
(0.373098 0.00997049 -0.00333377)
(0.371549 0.00801029 -0.00785554)
(0.355857 -0.00276925 -0.00482445)
(0.347573 -0.00388421 0.00364031)
(0.367082 0.00345649 0.00602152)
(0.370142 0.0049377 0.00250462)
(0.369314 0.00512712 0.00176046)
(0.369314 0.00512712 -0.00176043)
(0.370142 0.0049377 -0.0025046)
(0.367082 0.00345649 -0.0060215)
(0.347574 -0.00388421 -0.0036403)
(0.318153 0.00305151 0.000572028)
(0.333159 0.00291361 0.000334804)
(0.333651 0.00288944 0.000119172)
(0.333489 0.00287886 7.03686e-05)
(0.333489 0.00287886 -7.03626e-05)
(0.333651 0.00288944 -0.000119167)
(0.333159 0.00291361 -0.0003348)
(0.318153 0.00305151 -0.000572026)
(0.33827 -0.0962376 -0.0095947)
(0.368839 -0.0807698 -0.00341632)
(0.372834 -0.0791981 -0.00541326)
(0.371951 -0.0801226 -0.000523828)
(0.371951 -0.0801226 0.000523788)
(0.372834 -0.0791981 0.00541323)
(0.368839 -0.0807698 0.0034163)
(0.33827 -0.0962376 0.00959468)
(0.325194 0.000282267 0.000706164)
(0.336922 0.000276407 0.000631654)
(0.337272 0.000274826 0.000319397)
(0.33719 0.000272798 0.000159519)
(0.33719 0.000272798 -0.000159517)
(0.337272 0.000274826 -0.000319395)
(0.336922 0.000276406 -0.000631653)
(0.325194 0.000282267 -0.000706164)
(0.329328 6.04881e-06 0.000649353)
(0.336165 1.20115e-05 0.000621219)
(0.336192 1.33181e-05 0.000285788)
(0.336111 1.19572e-05 0.000163006)
(0.336111 1.19572e-05 -0.000163006)
(0.336192 1.33181e-05 -0.000285788)
(0.336165 1.20115e-05 -0.000621219)
(0.329328 6.0488e-06 -0.000649353)
(0.275057 -0.00432668 -0.00502377)
(0.31448 0.00197477 -0.00196686)
(0.320132 0.00329422 -0.00363509)
(0.319052 0.00347624 0.000624691)
(0.319052 0.00347624 -0.000624723)
(0.320132 0.00329423 0.00363506)
(0.31448 0.00197479 0.00196685)
(0.275057 -0.00432666 0.00502376)
(0.331831 6.12173e-06 0.000583349)
(0.335411 1.81691e-05 0.000609122)
(0.33529 2.88088e-05 0.000252421)
(0.335218 2.77878e-05 0.000140733)
(0.335218 2.77878e-05 -0.000140733)
(0.33529 2.88088e-05 -0.000252421)
(0.335411 1.81691e-05 -0.000609122)
(0.331831 6.12173e-06 -0.000583349)
(0.17019 -0.0212552 0.000123115)
(0.190634 -0.0141402 0.000105829)
(0.19199 -0.0137082 0.000112983)
(0.191121 -0.0141495 -1.95161e-06)
(0.191121 -0.0141496 1.98479e-06)
(0.19199 -0.0137082 -0.000112954)
(0.190634 -0.0141402 -0.000105808)
(0.17019 -0.0212552 -0.000123106)
(0.16601 -0.0245494 0.000124156)
(0.187043 -0.0173921 0.000132604)
(0.188552 -0.0168929 0.000142016)
(0.187703 -0.0173328 1.36785e-05)
(0.187703 -0.0173328 -1.36455e-05)
(0.188552 -0.016893 -0.000141988)
(0.187043 -0.0173922 -0.000132584)
(0.16601 -0.0245494 -0.000124147)
(0.131504 -0.00413593 0.00168029)
(0.138804 0.00131077 0.00216967)
(0.138936 0.00410394 0.000950463)
(0.13859 0.00489687 0.00028459)
(0.13859 0.00489688 -0.000284609)
(0.138936 0.00410395 -0.000950477)
(0.138804 0.00131078 -0.00216967)
(0.131504 -0.00413592 -0.00168029)
(0.0821627 -0.0356398 0.00204583)
(0.120471 -0.0322865 0.00302627)
(0.127743 -0.0312797 0.0022041)
(0.127769 -0.0313355 0.000655908)
(0.127769 -0.0313355 -0.000655889)
(0.127743 -0.0312797 -0.00220408)
(0.120471 -0.0322865 -0.00302625)
(0.0821627 -0.0356398 -0.00204582)
(0.118538 -0.0101496 0.00113908)
(0.127376 -0.00353233 0.00123345)
(0.127482 -0.00050109 0.000573918)
(0.127076 0.000167771 0.000205253)
(0.127076 0.000167773 -0.000205266)
(0.127482 -0.000501084 -0.000573928)
(0.127376 -0.00353233 -0.00123346)
(0.118538 -0.0101496 -0.00113908)
(-0.078296 -0.000624827 0.000279132)
(-0.0816718 0.000879369 0.000181439)
(-0.0827036 0.00157714 -8.83241e-05)
(-0.0829944 0.00182868 -3.36571e-05)
(-0.0829945 0.00182868 3.37246e-05)
(-0.0827037 0.00157712 8.83799e-05)
(-0.081672 0.000879345 -0.000181412)
(-0.0782961 -0.000624887 -0.000279122)
(-0.0646071 -0.0183814 0.000368566)
(-0.0689324 -0.0163757 0.000483552)
(-0.0713987 -0.0149717 7.56706e-05)
(-0.0724247 -0.0144197 2.36072e-05)
(-0.0724248 -0.0144197 -2.3538e-05)
(-0.0713987 -0.0149717 -7.56066e-05)
(-0.0689325 -0.0163758 -0.000483503)
(-0.064607 -0.0183814 -0.000368538)
(-0.0482552 0.0754715 0.00581809)
(-0.0500299 0.0746093 0.00458873)
(-0.0496606 0.0736553 0.000775552)
(-0.0487875 0.0730094 -0.000129669)
(-0.0487875 0.0730094 0.000129685)
(-0.0496606 0.0736553 -0.000775537)
(-0.0500299 0.0746093 -0.00458872)
(-0.0482552 0.0754715 -0.00581809)
(0.350067 0.00834703 0.00483217)
(0.362728 0.0234922 0.00832945)
(0.362841 0.0260373 0.00371003)
(0.362145 0.0262647 0.00170299)
(0.362145 0.0262647 -0.00170295)
(0.362841 0.0260373 -0.00371)
(0.362728 0.0234922 -0.00832943)
(0.350067 0.00834703 -0.00483216)
(0.331942 1.85424e-06 0.000597757)
(0.336341 1.37263e-05 0.000609755)
(0.336263 8.2952e-06 0.00026394)
(0.336191 9.47872e-06 0.000146419)
(0.336191 9.47872e-06 -0.000146419)
(0.336263 8.2952e-06 -0.00026394)
(0.336341 1.37263e-05 -0.000609755)
(0.331942 1.85424e-06 -0.000597757)
(0.333199 -7.96025e-05 0.000536866)
(0.336045 -5.95418e-05 0.000590765)
(0.33591 -7.05214e-05 0.000244406)
(0.335848 -6.88496e-05 0.000125767)
(0.335848 -6.88496e-05 -0.000125767)
(0.33591 -7.05214e-05 -0.000244406)
(0.336045 -5.95418e-05 -0.000590765)
(0.333199 -7.96025e-05 -0.000536866)
(0.343441 -0.00377304 0.00285881)
(0.36556 0.00242205 0.00482009)
(0.369632 0.00381897 0.00207827)
(0.369023 0.00406838 0.00161313)
(0.369023 0.00406839 -0.0016131)
(0.369632 0.00381898 -0.00207825)
(0.36556 0.00242206 -0.00482007)
(0.343441 -0.00377303 -0.00285881)
(0.326093 0.000973967 0.00068673)
(0.338871 0.000950499 0.000594695)
(0.339294 0.000944067 0.000300154)
(0.339203 0.00094083 0.000148047)
(0.339203 0.00094083 -0.000148045)
(0.339294 0.000944067 -0.000300153)
(0.338871 0.000950499 -0.000594694)
(0.326093 0.000973967 -0.000686729)
(0.326758 0.00029077 0.000695286)
(0.337902 0.000296577 0.000630519)
(0.338211 0.000295626 0.000318623)
(0.33813 0.000294372 0.000162638)
(0.33813 0.000294372 -0.000162637)
(0.338211 0.000295626 -0.000318622)
(0.337902 0.000296577 -0.000630519)
(0.326758 0.00029077 -0.000695285)
(0.330725 4.85643e-06 0.00063643)
(0.336711 4.73628e-06 0.000624973)
(0.336703 1.68522e-06 0.000282139)
(0.336625 1.7377e-06 0.000158365)
(0.336625 1.7377e-06 -0.000158365)
(0.336703 1.68522e-06 -0.000282139)
(0.336711 4.73627e-06 -0.000624972)
(0.330725 4.85642e-06 -0.00063643)
(0.326974 0.00312865 0.000605202)
(0.341175 0.00300676 0.00044393)
(0.341652 0.00298716 0.000200726)
(0.34152 0.00298018 0.000103711)
(0.34152 0.00298018 -0.000103708)
(0.341652 0.00298716 -0.000200723)
(0.341175 0.00300676 -0.000443928)
(0.326974 0.00312865 -0.000605201)
(0.3294 2.55858e-05 0.000670223)
(0.337068 2.61277e-05 0.000633381)
(0.337149 2.48e-05 0.000298639)
(0.33707 2.41732e-05 0.000164484)
(0.33707 2.41732e-05 -0.000164484)
(0.337149 2.48e-05 -0.000298638)
(0.337068 2.61277e-05 -0.000633381)
(0.3294 2.55858e-05 -0.000670223)
(0.0228782 -0.0786599 -0.00786562)
(0.0858151 -0.0760688 -0.00395553)
(0.0936273 -0.0753989 -0.00486249)
(0.0916349 -0.0757112 -0.00164632)
(0.0916349 -0.0757112 0.00164629)
(0.0936273 -0.0753989 0.00486246)
(0.0858152 -0.0760688 0.0039555)
(0.0228782 -0.0786599 0.00786558)
(0.274035 -0.00714245 -0.0057076)
(0.312596 0.0010449 -0.00206414)
(0.318015 0.00289401 -0.00400162)
(0.316809 0.00309056 0.000523835)
(0.316809 0.00309057 -0.000523863)
(0.318015 0.00289403 0.00400159)
(0.312596 0.00104492 0.00206413)
(0.274035 -0.00714242 0.00570759)
(0.052816 -0.0977766 -3.2206e-05)
(0.108408 -0.0880536 0.0034636)
(0.116212 -0.085133 0.000334472)
(0.115509 -0.0855214 -5.404e-05)
(0.115509 -0.0855214 5.40356e-05)
(0.116212 -0.085133 -0.00033448)
(0.108408 -0.0880536 -0.0034636)
(0.0528161 -0.0977766 3.21867e-05)
(0.328099 8.46093e-05 0.000684762)
(0.337389 7.99926e-05 0.000637478)
(0.337575 8.0973e-05 0.000312447)
(0.337496 8.02752e-05 0.00016609)
(0.337496 8.02752e-05 -0.000166089)
(0.337575 8.0973e-05 -0.000312446)
(0.337389 7.99926e-05 -0.000637478)
(0.328099 8.46092e-05 -0.000684762)
(0.327859 7.07596e-05 0.000686723)
(0.337338 8.24844e-05 0.000633631)
(0.337531 8.37084e-05 0.000311446)
(0.33745 8.27862e-05 0.000166072)
(0.33745 8.27861e-05 -0.000166071)
(0.337531 8.37084e-05 -0.000311445)
(0.337338 8.24844e-05 -0.000633631)
(0.327859 7.07596e-05 -0.000686723)
(0.284935 0.000327312 -0.0028763)
(0.323511 0.00467836 -0.000564821)
(0.329472 0.00572936 -0.00229307)
(0.328799 0.00598796 0.000714189)
(0.328799 0.00598796 -0.000714215)
(0.329472 0.00572937 0.00229305)
(0.323511 0.00467837 0.000564808)
(0.284935 0.000327327 0.0028763)
(0.272088 -0.00913721 -0.00617468)
(0.310906 -0.0001321 -0.00190431)
(0.316148 0.00190441 -0.00402241)
(0.31484 0.00205415 0.000468507)
(0.31484 0.00205416 -0.000468536)
(0.316148 0.00190443 0.00402239)
(0.310906 -0.000132079 0.0019043)
(0.272088 -0.00913718 0.00617467)
(-0.0742159 -0.00900072 -0.000187339)
(-0.0779946 -0.00751451 -0.000398009)
(-0.0797657 -0.00665064 -0.000571768)
(-0.0804511 -0.00633009 -0.000204993)
(-0.0804512 -0.0063301 0.000205049)
(-0.0797658 -0.00665065 0.000571818)
(-0.0779947 -0.00751453 0.000398048)
(-0.074216 -0.00900075 0.000187365)
(0.139159 0.0750823 0.00153161)
(0.146704 0.0739882 0.00127267)
(0.144816 0.0728514 0.000423703)
(0.142878 0.0722991 0.00013782)
(0.142878 0.0722991 -0.000137816)
(0.144816 0.0728514 -0.000423699)
(0.146704 0.0739882 -0.00127267)
(0.139159 0.0750823 -0.00153161)
(-0.0758932 -2.86878e-05 0.000442564)
(-0.0802698 0.00116214 0.000544923)
(-0.0814932 0.00189269 0.000310036)
(-0.0818014 0.00225306 0.000112604)
(-0.0818014 0.00225306 -0.000112501)
(-0.0814934 0.00189269 -0.000309944)
(-0.08027 0.00116214 -0.000544857)
(-0.0758935 -2.87105e-05 -0.000442536)
(0.346539 -0.00463042 0.00310177)
(0.366664 0.00276091 0.00515773)
(0.370123 0.00439768 0.00220901)
(0.369418 0.00466216 0.00168201)
(0.369418 0.00466216 -0.00168199)
(0.370123 0.00439769 -0.00220899)
(0.366664 0.00276092 -0.00515772)
(0.346539 -0.00463041 -0.00310176)
(-0.0692539 0.0013034 0.00140272)
(-0.0724231 -0.000557743 0.00042229)
(-0.073572 -0.00165551 -0.000356281)
(-0.0740487 -0.00232 -0.000233459)
(-0.0740487 -0.00232 0.000233456)
(-0.073572 -0.00165551 0.000356278)
(-0.0724231 -0.000557742 -0.000422291)
(-0.0692539 0.0013034 -0.00140272)
(0.274443 -0.00512317 -0.00475236)
(0.314388 0.00222618 -0.00136997)
(0.320086 0.00389555 -0.00342856)
(0.319024 0.00414673 0.000644343)
(0.319024 0.00414674 -0.00064437)
(0.320086 0.00389556 0.00342854)
(0.314388 0.0022262 0.00136995)
(0.274443 -0.00512314 0.00475235)
(0.117518 -0.0278178 0.000666996)
(0.147007 -0.02338 0.00118258)
(0.150973 -0.0226857 0.000964972)
(0.150568 -0.0229252 0.000292701)
(0.150568 -0.0229252 -0.000292677)
(0.150973 -0.0226857 -0.000964951)
(0.147007 -0.02338 -0.00118256)
(0.117518 -0.0278178 -0.00066699)
(0.149432 -0.0313407 0.000325037)
(0.171179 -0.0252522 0.000429683)
(0.173177 -0.0246022 0.000286886)
(0.17253 -0.0249486 6.81709e-05)
(0.17253 -0.0249487 -6.8138e-05)
(0.173177 -0.0246022 -0.000286858)
(0.171179 -0.0252523 -0.000429663)
(0.149432 -0.0313408 -0.000325029)
(0.152042 -0.0322004 0.000353498)
(0.17061 -0.02555 0.000411183)
(0.171956 -0.0248925 0.000273074)
(0.171213 -0.0252359 6.66078e-05)
(0.171213 -0.0252359 -6.65648e-05)
(0.171956 -0.0248925 -0.000273037)
(0.17061 -0.02555 -0.000411157)
(0.152041 -0.0322005 -0.000353488)
(0.269707 -0.0443294 -0.0093903)
(0.307688 -0.0330415 -0.00379523)
(0.312553 -0.0314332 -0.00539109)
(0.311282 -0.0318683 -0.000248868)
(0.311282 -0.0318683 0.00024883)
(0.312553 -0.0314332 0.00539106)
(0.307688 -0.0330415 0.00379522)
(0.269707 -0.0443294 0.00939028)
(0.321282 0.00314077 0.000652511)
(0.335657 0.00301664 0.000494708)
(0.336156 0.00300178 0.00022597)
(0.336034 0.0029962 0.000112852)
(0.336034 0.0029962 -0.000112848)
(0.336156 0.00300178 -0.000225966)
(0.335657 0.00301664 -0.000494706)
(0.321282 0.00314077 -0.000652511)
(0.276184 -0.00435078 -0.0044419)
(0.316037 0.00205854 -0.00146473)
(0.321814 0.00348649 -0.00336378)
(0.320853 0.0037402 0.000629591)
(0.320853 0.00374021 -0.000629622)
(0.321814 0.00348651 0.00336375)
(0.316037 0.00205856 0.00146472)
(0.276184 -0.00435075 0.0044419)
(0.326561 0.000304849 0.000701562)
(0.337536 0.000293063 0.000635707)
(0.337841 0.000293059 0.00032151)
(0.337763 0.00029192 0.000163314)
(0.337763 0.00029192 -0.000163313)
(0.337841 0.000293059 -0.00032151)
(0.337536 0.000293063 -0.000635707)
(0.326561 0.000304849 -0.000701562)
(0.324614 0.000986274 0.000701841)
(0.337291 0.000947812 0.000612709)
(0.337714 0.000944832 0.000309504)
(0.337628 0.000942632 0.00015134)
(0.337628 0.000942632 -0.000151338)
(0.337714 0.000944832 -0.000309503)
(0.337291 0.000947812 -0.000612708)
(0.324614 0.000986274 -0.000701841)
(0.329144 7.91614e-06 0.000658226)
(0.336923 2.59105e-05 0.000625651)
(0.337008 2.73089e-05 0.000295118)
(0.336927 2.6037e-05 0.000164441)
(0.336927 2.6037e-05 -0.000164441)
(0.337008 2.73089e-05 -0.000295118)
(0.336923 2.59105e-05 -0.000625651)
(0.329144 7.91614e-06 -0.000658226)
(0.330373 -4.20187e-07 0.000636805)
(0.336551 1.25178e-05 0.000619367)
(0.336548 1.53832e-05 0.000279386)
(0.336468 1.39311e-05 0.000159214)
(0.336468 1.39311e-05 -0.000159214)
(0.336548 1.53832e-05 -0.000279386)
(0.336551 1.25178e-05 -0.000619367)
(0.330373 -4.20188e-07 -0.000636805)
(0.331625 8.93281e-06 0.000599336)
(0.336182 2.72601e-05 0.000611785)
(0.336102 3.3657e-05 0.000262584)
(0.336027 3.24394e-05 0.000148455)
(0.336027 3.24394e-05 -0.000148455)
(0.336102 3.3657e-05 -0.000262584)
(0.336182 2.72601e-05 -0.000611785)
(0.331625 8.93281e-06 -0.000599336)
(0.332806 8.25448e-06 0.000561893)
(0.335784 2.74707e-05 0.000606876)
(0.335646 4.32534e-05 0.000248474)
(0.335582 4.36185e-05 0.000129655)
(0.335582 4.36185e-05 -0.000129655)
(0.335646 4.32534e-05 -0.000248474)
(0.335784 2.74707e-05 -0.000606876)
(0.332806 8.25447e-06 -0.000561893)
(0.349404 -0.0038311 0.00337921)
(0.36857 0.00448574 0.00584407)
(0.371321 0.00616807 0.00249607)
(0.370495 0.00637992 0.00177206)
(0.370494 0.00637992 -0.00177203)
(0.371321 0.00616807 -0.00249605)
(0.36857 0.00448575 -0.00584405)
(0.349404 -0.00383109 -0.00337921)
(0.335541 -0.00188153 0.00230608)
(0.360802 0.00281878 0.00392501)
(0.366101 0.00395622 0.00161741)
(0.36579 0.0042039 0.00139891)
(0.36579 0.0042039 -0.00139888)
(0.366101 0.00395623 -0.00161739)
(0.360802 0.00281879 -0.00392499)
(0.335541 -0.00188151 -0.00230607)
(0.354679 -0.00384454 0.00403321)
(0.370939 0.00649122 0.00658514)
(0.37293 0.00851725 0.00293981)
(0.37213 0.00874532 0.0018368)
(0.37213 0.00874532 -0.00183677)
(0.37293 0.00851726 -0.00293979)
(0.370939 0.00649123 -0.00658512)
(0.354679 -0.00384453 -0.00403321)
(0.286652 -0.000638268 -0.00295587)
(0.325192 0.00312032 -0.00083418)
(0.331139 0.00392243 -0.00234933)
(0.330518 0.00409803 0.00064554)
(0.330518 0.00409803 -0.000645568)
(0.331139 0.00392244 0.00234931)
(0.325192 0.00312033 0.000834166)
(0.286652 -0.000638257 0.00295586)
(0.334108 -0.000162743 0.000445149)
(0.335561 -0.000104572 0.000513629)
(0.335411 -0.000112518 0.000206538)
(0.335369 -0.000113326 9.16411e-05)
(0.335369 -0.000113326 -9.1641e-05)
(0.335411 -0.000112518 -0.000206538)
(0.335561 -0.000104572 -0.000513629)
(0.334108 -0.000162743 -0.000445149)
(-0.0784291 0.0049948 0.000138538)
(-0.0823834 0.00588787 3.61901e-05)
(-0.0831227 0.00638387 -4.46519e-05)
(-0.0831605 0.00655259 -2.25071e-05)
(-0.0831606 0.0065526 2.26193e-05)
(-0.0831229 0.00638389 4.47508e-05)
(-0.0823837 0.00588789 -3.61199e-05)
(-0.0784293 0.00499481 -0.000138509)
(0.0837207 0.068462 0.00100561)
(0.0842085 0.0652469 0.000359122)
(0.0811996 0.063947 -0.000543457)
(0.0784048 0.0630448 -0.000253418)
(0.0784048 0.0630448 0.000253417)
(0.0811996 0.063947 0.000543456)
(0.0842085 0.0652469 -0.000359123)
(0.0837207 0.068462 -0.00100561)
(-0.010798 0.00764986 0.000145611)
(-0.0126536 0.00936943 -3.17133e-05)
(-0.0179539 0.00957728 -7.14432e-05)
(-0.0202956 0.00959064 1.92144e-05)
(-0.0202958 0.00959061 -1.93539e-05)
(-0.0179544 0.00957719 7.13089e-05)
(-0.0126542 0.0093693 3.16229e-05)
(-0.0107985 0.00764976 -0.000145626)
(0.187696 -0.000126361 -0.000111433)
(0.20775 0.00651969 -0.000276942)
(0.20875 0.00648287 -0.000111997)
(0.20773 0.0059593 -8.35208e-05)
(0.20773 0.00595929 8.35384e-05)
(0.20875 0.00648285 0.000112012)
(0.20775 0.00651967 0.000276954)
(0.187696 -0.000126397 0.000111438)
(0.0737069 -0.0477492 0.0028617)
(0.113724 -0.0416298 0.00386079)
(0.121939 -0.0400326 0.00249095)
(0.121993 -0.0400973 0.00065732)
(0.121993 -0.0400973 -0.000657306)
(0.121939 -0.0400326 -0.00249094)
(0.113724 -0.0416298 -0.00386078)
(0.0737069 -0.0477492 -0.00286169)
(-0.12087 7.76001e-05 0.000333484)
(-0.122811 0.000630053 0.000480822)
(-0.122638 0.000984648 0.000354952)
(-0.122428 0.00116392 0.000162058)
(-0.122428 0.00116392 -0.000162027)
(-0.122638 0.00098465 -0.000354927)
(-0.122811 0.000630052 -0.000480811)
(-0.12087 7.75845e-05 -0.000333485)
(0.0357213 0.0496426 0.000644748)
(0.0397164 0.0473595 0.00020694)
(0.0368161 0.0458685 -0.000126373)
(0.0349114 0.0452436 6.16284e-05)
(0.0349114 0.0452436 -6.16313e-05)
(0.0368161 0.0458685 0.00012637)
(0.0397164 0.0473595 -0.000206941)
(0.0357213 0.0496426 -0.000644747)
(0.0927494 -0.0269974 0.0016441)
(0.127456 -0.0232522 0.00251479)
(0.133435 -0.0223674 0.00189434)
(0.133263 -0.0224698 0.00057082)
(0.133263 -0.0224698 -0.000570798)
(0.133435 -0.0223674 -0.00189432)
(0.127456 -0.0232522 -0.00251477)
(0.0927495 -0.0269974 -0.0016441)
(-0.0671578 -0.00260282 0.000377863)
(-0.0722559 -0.000981894 0.000566949)
(-0.0737595 -0.000139337 0.000496438)
(-0.0741849 0.000322585 0.000201647)
(-0.074185 0.000322588 -0.0002016)
(-0.0737597 -0.000139326 -0.000496392)
(-0.0722563 -0.000981882 -0.000566911)
(-0.0671581 -0.00260282 -0.000377841)
(0.169489 -0.0132344 -0.000254036)
(0.192607 -0.0073105 -0.000228572)
(0.194217 -0.00714047 -2.68351e-05)
(0.193236 -0.00769107 -5.62774e-05)
(0.193236 -0.00769107 5.63021e-05)
(0.194217 -0.00714048 2.68562e-05)
(0.192607 -0.00731052 0.000228587)
(0.169489 -0.0132344 0.000254042)
(0.00622215 -0.00417031 0.00237133)
(0.0140005 -0.00616426 0.00286222)
(0.0151853 -0.00605952 0.00193209)
(0.0148076 -0.00577264 0.000671492)
(0.0148076 -0.00577263 -0.000671573)
(0.0151853 -0.0060595 -0.00193216)
(0.0140004 -0.00616424 -0.00286228)
(0.00622213 -0.00417027 -0.00237137)
(-0.100719 0.000550352 0.000114951)
(-0.104024 0.000874885 0.00014321)
(-0.105191 0.00127705 -9.61889e-05)
(-0.105611 0.00143789 -1.71123e-05)
(-0.105611 0.00143789 1.71386e-05)
(-0.105191 0.00127704 9.62094e-05)
(-0.104024 0.000874852 -0.000143201)
(-0.100719 0.000550294 -0.000114946)
(0.16288 -0.022485 7.22977e-05)
(0.185502 -0.0161753 0.000124027)
(0.187306 -0.0157453 0.00012723)
(0.186499 -0.0161885 4.27477e-07)
(0.186499 -0.0161885 -3.97926e-07)
(0.187306 -0.0157453 -0.000127205)
(0.185502 -0.0161753 -0.000124009)
(0.16288 -0.022485 -7.22904e-05)
(0.313458 0.00879124 0.000458313)
(0.329089 0.00849805 6.11782e-05)
(0.329552 0.00845754 -1.47107e-05)
(0.329341 0.00844149 1.77857e-05)
(0.329341 0.00844149 -1.77778e-05)
(0.329552 0.00845754 1.47172e-05)
(0.329089 0.00849805 -6.11733e-05)
(0.313458 0.00879124 -0.000458311)
(0.18935 0.0271866 0.000361242)
(0.206726 0.0319911 6.17208e-05)
(0.207231 0.0317531 -2.98462e-05)
(0.206182 0.0314309 -3.65102e-05)
(0.206182 0.0314309 3.65147e-05)
(0.207231 0.0317531 2.98502e-05)
(0.206726 0.0319911 -6.17174e-05)
(0.18935 0.0271866 -0.000361242)
(0.12358 -0.0235777 0.000483726)
(0.152148 -0.019704 0.000844841)
(0.15556 -0.0191863 0.000700846)
(0.155035 -0.0194617 0.000197887)
(0.155035 -0.0194617 -0.000197861)
(0.15556 -0.0191863 -0.000700824)
(0.152148 -0.019704 -0.000844827)
(0.12358 -0.0235777 -0.00048372)
(-0.00813539 -0.0292936 0.00147027)
(-0.0108096 -0.026444 0.00204333)
(-0.0132719 -0.0245179 0.0013047)
(-0.0143297 -0.0237851 0.000433099)
(-0.0143296 -0.0237851 -0.000433102)
(-0.0132719 -0.0245179 -0.00130471)
(-0.0108095 -0.0264441 -0.00204333)
(-0.0081353 -0.0292937 -0.00147027)
(0.339468 -0.180144 -0.010444)
(0.371206 -0.153697 -0.00366166)
(0.375215 -0.151068 -0.0057407)
(0.374681 -0.152341 -0.00103881)
(0.374681 -0.152341 0.00103877)
(0.375215 -0.151068 0.00574066)
(0.371206 -0.153697 0.00366164)
(0.339468 -0.180144 0.010444)
(-0.00580024 -0.0579344 0.00117956)
(-0.00908405 -0.0557964 0.00140815)
(-0.010212 -0.055641 0.00108898)
(-0.0101576 -0.056538 0.00047889)
(-0.0101576 -0.056538 -0.000478893)
(-0.010212 -0.055641 -0.00108898)
(-0.00908405 -0.0557964 -0.00140816)
(-0.00580024 -0.0579344 -0.00117956)
(-0.042464 0.0451911 0.000991333)
(-0.0492527 0.0459694 0.00115743)
(-0.0494961 0.0466033 0.000515496)
(-0.0489633 0.0472614 0.00023413)
(-0.0489634 0.0472614 -0.000234239)
(-0.0494963 0.0466033 -0.000515591)
(-0.049253 0.0459693 -0.00115747)
(-0.0424644 0.045191 -0.000991335)
(-0.048064 -0.0240895 0.00026716)
(-0.0524519 -0.0217708 0.000423675)
(-0.0554714 -0.0202547 0.000174412)
(-0.0568501 -0.019645 7.55281e-05)
(-0.0568501 -0.019645 -7.5465e-05)
(-0.0554714 -0.0202547 -0.00017436)
(-0.052452 -0.0217709 -0.000423649)
(-0.0480639 -0.0240896 -0.000267148)
(0.184153 0.00736656 -0.000239364)
(0.20231 0.0131758 -0.000453233)
(0.202937 0.012892 -0.00017156)
(0.201854 0.0122907 -8.14543e-05)
(0.201854 0.0122906 8.1471e-05)
(0.202937 0.012892 0.000171574)
(0.20231 0.0131758 0.000453244)
(0.184153 0.00736653 0.000239368)
(-0.0312432 -0.0260323 0.000806742)
(-0.0364945 -0.0224408 0.000850776)
(-0.0398838 -0.02026 0.000427644)
(-0.0412554 -0.019465 0.000140136)
(-0.0412554 -0.0194651 -0.000140107)
(-0.0398837 -0.02026 -0.000427622)
(-0.0364944 -0.0224409 -0.000850774)
(-0.0312431 -0.0260324 -0.000806748)
(-0.0755703 0.0050703 0.000203042)
(-0.0826508 0.00524306 0.000292163)
(-0.0845051 0.00554308 0.00022118)
(-0.0850818 0.00566299 9.14413e-05)
(-0.0850818 0.00566299 -9.13445e-05)
(-0.0845052 0.0055431 -0.000221093)
(-0.082651 0.00524308 -0.0002921)
(-0.0755705 0.00507031 -0.000203013)
(-0.0976376 -0.000952951 4.25918e-05)
(-0.100998 -0.00066738 3.61484e-05)
(-0.102378 -0.000300372 -0.000183522)
(-0.102904 -0.00017711 -4.9368e-05)
(-0.102904 -0.00017712 4.93865e-05)
(-0.102378 -0.0003004 0.000183537)
(-0.100998 -0.000667429 -3.61397e-05)
(-0.0976377 -0.000953022 -4.2584e-05)
(-0.0663738 -0.0143924 0.000133773)
(-0.0709369 -0.0126127 6.73902e-05)
(-0.0732614 -0.0115113 -0.000191645)
(-0.0741963 -0.0110744 -6.68199e-05)
(-0.0741964 -0.0110744 6.69043e-05)
(-0.0732615 -0.0115113 0.000191723)
(-0.070937 -0.0126127 -6.73304e-05)
(-0.0663739 -0.0143924 -0.00013374)
(0.213613 0.0913613 0.00083247)
(0.219359 0.0875287 0.000608588)
(0.218499 0.0868523 0.000239642)
(0.217341 0.0866776 4.17143e-05)
(0.217341 0.0866776 -4.17123e-05)
(0.218499 0.0868523 -0.00023964)
(0.219359 0.0875287 -0.000608587)
(0.213613 0.0913613 -0.000832469)
(0.101962 -0.0224102 0.00109754)
(0.135216 -0.0194066 0.00183262)
(0.140105 -0.0187769 0.00147088)
(0.139749 -0.0189235 0.000447101)
(0.139749 -0.0189235 -0.000447076)
(0.140105 -0.018777 -0.00147086)
(0.135216 -0.0194066 -0.00183261)
(0.101962 -0.0224102 -0.00109754)
(-0.0784605 0.00335241 3.48279e-05)
(-0.0814298 0.00463 -0.000133485)
(-0.082192 0.00520396 -0.000236643)
(-0.0823229 0.00538263 -8.38575e-05)
(-0.0823229 0.00538263 8.39465e-05)
(-0.0821922 0.00520396 0.000236718)
(-0.08143 0.00462999 0.000133528)
(-0.0784607 0.00335238 -3.48147e-05)
(0.187041 -0.00292955 -6.94901e-05)
(0.207294 0.00372883 -0.000194488)
(0.208361 0.00371993 -8.54042e-05)
(0.207365 0.00317713 -8.14864e-05)
(0.207365 0.00317712 8.15054e-05)
(0.208361 0.00371992 8.54206e-05)
(0.207294 0.0037288 0.0001945)
(0.187041 -0.00292959 6.94949e-05)
(-0.0525251 0.021389 0.00116737)
(-0.0580545 0.0235597 0.0013846)
(-0.0587127 0.0242642 0.000945299)
(-0.0589519 0.0249922 0.000471589)
(-0.058952 0.0249922 -0.000471679)
(-0.0587128 0.0242641 -0.000945374)
(-0.0580547 0.0235596 -0.00138462)
(-0.0525254 0.0213889 -0.00116735)
(0.332106 -3.58225e-05 0.000568824)
(0.335504 -1.29566e-05 0.00059895)
(0.335386 -1.99914e-05 0.000251397)
(0.335318 -1.75951e-05 0.000137555)
(0.335318 -1.75951e-05 -0.000137555)
(0.335386 -1.99914e-05 -0.000251397)
(0.335504 -1.29566e-05 -0.00059895)
(0.332106 -3.58225e-05 -0.000568824)
(0.34586 -0.00412088 0.00354994)
(0.36624 0.0022088 0.00566886)
(0.369915 0.00353417 0.00240137)
(0.369208 0.00372962 0.00170694)
(0.369208 0.00372962 -0.00170691)
(0.369915 0.00353418 -0.00240134)
(0.36624 0.00220881 -0.00566885)
(0.34586 -0.00412087 -0.00354994)
(0.329606 9.18225e-06 0.000654055)
(0.336253 9.53883e-06 0.000631071)
(0.336275 7.28307e-06 0.000288955)
(0.336195 7.27312e-06 0.000162499)
(0.336195 7.27312e-06 -0.000162498)
(0.336275 7.28307e-06 -0.000288955)
(0.336253 9.53883e-06 -0.000631071)
(0.329606 9.18225e-06 -0.000654055)
(0.325818 0.000271048 0.000692139)
(0.337675 0.000278129 0.000616307)
(0.338028 0.000277173 0.00031278)
(0.337942 0.000276716 0.000157728)
(0.337942 0.000276716 -0.000157727)
(0.338028 0.000277173 -0.000312779)
(0.337675 0.000278129 -0.000616306)
(0.325818 0.000271048 -0.000692138)
(0.367182 0.0164004 0.00666769)
(0.376764 0.0317909 0.0102694)
(0.377288 0.0346408 0.0043447)
(0.377072 0.0349769 0.00161837)
(0.377072 0.0349769 -0.00161834)
(0.377288 0.0346408 -0.00434467)
(0.376764 0.0317909 -0.0102694)
(0.367182 0.0164004 -0.00666768)
(0.328484 0.00276221 0.000461578)
(0.343061 0.00275352 0.000215904)
(0.343512 0.00273343 7.38291e-05)
(0.343338 0.00273075 5.54796e-05)
(0.343338 0.00273075 -5.54758e-05)
(0.343512 0.00273343 -7.38259e-05)
(0.343061 0.00275351 -0.000215901)
(0.328484 0.00276221 -0.000461577)
(0.272584 -0.00582366 -0.0057635)
(0.311138 0.00135971 -0.00244113)
(0.316635 0.00291478 -0.00409261)
(0.315419 0.00307581 0.000553391)
(0.315419 0.00307582 -0.000553423)
(0.316635 0.0029148 0.00409259)
(0.311138 0.00135972 0.00244111)
(0.272584 -0.00582363 0.00576349)
(0.199093 0.0922274 0.00110073)
(0.206419 0.0889032 0.00091042)
(0.205703 0.088176 0.000335682)
(0.204521 0.088042 7.39651e-05)
(0.204521 0.088042 -7.39631e-05)
(0.205703 0.088176 -0.00033568)
(0.206419 0.0889032 -0.000910418)
(0.199093 0.0922274 -0.00110073)
(0.270796 -0.0144935 -0.00763392)
(0.30824 -0.0060141 -0.00330542)
(0.313408 -0.00423138 -0.0050023)
(0.311979 -0.00424747 0.000250578)
(0.311979 -0.00424747 -0.000250614)
(0.313408 -0.00423137 0.00500227)
(0.30824 -0.00601408 0.0033054)
(0.270796 -0.0144935 0.00763391)
(0.268986 -0.0228143 -0.00805768)
(0.307015 -0.0127555 -0.00329198)
(0.312119 -0.0107109 -0.00503446)
(0.310716 -0.0107712 0.000114951)
(0.310716 -0.0107712 -0.000114986)
(0.312119 -0.0107109 0.00503443)
(0.307015 -0.0127555 0.00329197)
(0.268986 -0.0228143 0.00805767)
(0.275904 -0.00136775 -0.00440943)
(0.315754 0.00324839 -0.00194515)
(0.321592 0.0042593 -0.00334365)
(0.320696 0.00448227 0.000586241)
(0.320696 0.00448228 -0.00058628)
(0.321592 0.00425931 0.00334362)
(0.315754 0.0032484 0.00194514)
(0.275904 -0.00136773 0.00440943)
(0.277406 -0.00289952 -0.00414623)
(0.317278 0.00265403 -0.00145945)
(0.323117 0.00392781 -0.00322298)
(0.322244 0.00420005 0.00061305)
(0.322244 0.00420006 -0.000613085)
(0.323117 0.00392783 0.00322295)
(0.317278 0.00265404 0.00145943)
(0.277406 -0.0028995 0.00414622)
(-0.00358401 -0.029922 0.00253481)
(-0.00391524 -0.0279992 0.00294291)
(-0.00550894 -0.026574 0.00168528)
(-0.00634793 -0.0260034 0.000501105)
(-0.00634792 -0.0260034 -0.000501147)
(-0.00550893 -0.0265741 -0.00168531)
(-0.00391522 -0.0279992 -0.00294293)
(-0.00358399 -0.0299221 -0.00253482)
(0.0732131 -0.0645898 0.0041306)
(0.114378 -0.0578318 0.00469392)
(0.122985 -0.0556266 0.00228655)
(0.122852 -0.0556236 0.000539105)
(0.122852 -0.0556236 -0.000539098)
(0.122985 -0.0556266 -0.00228655)
(0.114378 -0.0578318 -0.00469392)
(0.0732131 -0.0645898 -0.0041306)
(-0.00523503 0.0608425 0.00152491)
(-0.0122897 0.0551321 0.000674512)
(-0.0163256 0.0524429 -0.000335192)
(-0.0185044 0.0508535 -0.000170511)
(-0.0185044 0.0508535 0.000170508)
(-0.0163256 0.0524429 0.00033519)
(-0.0122898 0.0551321 -0.000674513)
(-0.00523504 0.0608425 -0.00152491)
(0.224014 0.0891496 0.000639072)
(0.239636 0.0884511 0.000432025)
(0.240091 0.0882702 0.000159274)
(0.239485 0.0883185 -5.40921e-06)
(0.239485 0.0883185 5.39762e-06)
(0.240091 0.0882701 -0.000159284)
(0.239636 0.0884511 -0.000432031)
(0.224014 0.0891495 -0.000639076)
(0.231826 0.0936814 0.000613757)
(0.246515 0.0924892 0.000407027)
(0.246887 0.0923307 0.000131596)
(0.246335 0.0924405 -2.25871e-05)
(0.246335 0.0924405 2.25746e-05)
(0.246887 0.0923307 -0.000131607)
(0.246515 0.0924892 -0.000407034)
(0.231826 0.0936814 -0.000613761)
(0.176313 0.0923801 0.00157648)
(0.182635 0.0890423 0.00142667)
(0.180871 0.0882259 0.000487682)
(0.179079 0.0879871 0.000118357)
(0.179079 0.0879871 -0.000118354)
(0.180871 0.0882259 -0.00048768)
(0.182635 0.0890423 -0.00142666)
(0.176313 0.0923801 -0.00157648)
(0.137603 0.102608 0.0015885)
(0.14659 0.103762 0.00271356)
(0.145298 0.10637 0.0015904)
(0.144195 0.107548 0.0005684)
(0.144195 0.107548 -0.000568395)
(0.145298 0.10637 -0.00159039)
(0.14659 0.103762 -0.00271356)
(0.137603 0.102608 -0.0015885)
(0.278554 0.0812941 0.000106813)
(0.289535 0.0778685 -0.00023453)
(0.289832 0.0773851 -0.000297795)
(0.289549 0.077174 -0.000214321)
(0.289549 0.077174 0.000214325)
(0.289832 0.0773851 0.000297798)
(0.289535 0.0778685 0.000234532)
(0.278554 0.0812941 -0.000106812)
(0.253052 0.0309052 -5.94557e-05)
(0.261881 0.0286499 -0.000459463)
(0.261961 0.0284999 -0.000401528)
(0.261688 0.0284942 -0.000179137)
(0.261688 0.0284942 0.000179139)
(0.261961 0.0284999 0.00040153)
(0.261881 0.0286499 0.000459464)
(0.253052 0.0309052 5.94565e-05)
(0.228669 0.0948692 0.000621436)
(0.238167 0.0916312 0.000458883)
(0.237942 0.0911209 0.000179212)
(0.237127 0.090964 4.87437e-06)
(0.237127 0.090964 -4.8718e-06)
(0.237942 0.0911209 -0.00017921)
(0.238167 0.0916312 -0.000458881)
(0.228669 0.0948692 -0.000621435)
(0.269021 0.0879452 0.000166066)
(0.281178 0.084725 -0.000117482)
(0.281645 0.0843319 -0.000177561)
(0.281428 0.0841663 -0.000165521)
(0.281428 0.0841662 0.000165525)
(0.281645 0.0843319 0.000177564)
(0.281178 0.084725 0.000117484)
(0.269021 0.0879452 -0.000166065)
(0.194738 0.0523449 0.000683087)
(0.200574 0.0496241 0.000404985)
(0.199883 0.0491108 -0.000294385)
(0.199081 0.0485866 -0.000248816)
(0.199081 0.0485866 0.000248817)
(0.199883 0.0491108 0.000294386)
(0.200574 0.0496241 -0.000404984)
(0.194738 0.0523449 -0.000683087)
(-0.121141 -0.00501842 0.000454871)
(-0.122701 -0.00471864 0.000903479)
(-0.123349 -0.00419537 0.000609314)
(-0.123547 -0.00398637 0.000263326)
(-0.123547 -0.00398638 -0.000263358)
(-0.123349 -0.00419539 -0.000609342)
(-0.122701 -0.00471867 -0.000903502)
(-0.121141 -0.00501848 -0.000454883)
(0.239816 0.091431 0.000632995)
(0.2483 0.0879815 0.000462067)
(0.248174 0.0875315 0.000125632)
(0.24749 0.0873579 -3.93403e-05)
(0.24749 0.0873579 3.93436e-05)
(0.248174 0.0875315 -0.000125629)
(0.2483 0.0879815 -0.000462065)
(0.239816 0.091431 -0.000632994)
(-0.0604479 0.0201823 0.000393857)
(-0.0663673 0.0204909 0.000258033)
(-0.0672511 0.0205927 -5.70284e-05)
(-0.0672948 0.0205426 -4.81219e-05)
(-0.0672949 0.0205426 4.81235e-05)
(-0.0672514 0.0205927 5.70323e-05)
(-0.0663677 0.0204909 -0.000258022)
(-0.0604483 0.0201823 -0.000393846)
(0.198041 0.0346262 0.00104845)
(0.203269 0.0326355 0.00111658)
(0.202685 0.0324263 0.000187432)
(0.201927 0.0321286 -6.55202e-05)
(0.201927 0.0321286 6.55213e-05)
(0.202685 0.0324263 -0.000187431)
(0.203269 0.0326355 -0.00111658)
(0.198041 0.0346262 -0.00104845)
(0.257893 0.0445391 0.000160788)
(0.267569 0.0419378 -0.000150724)
(0.267802 0.0416004 -0.00031239)
(0.267576 0.0414833 -0.000190979)
(0.267576 0.0414833 0.000190982)
(0.267802 0.0416004 0.000312393)
(0.267569 0.0419378 0.000150726)
(0.257893 0.0445391 -0.000160787)
(0.119501 -0.0483416 0.000820924)
(0.143099 -0.0428823 0.00125439)
(0.146638 -0.0416491 0.00085961)
(0.14652 -0.0417129 0.000283528)
(0.14652 -0.0417129 -0.000283506)
(0.146638 -0.0416491 -0.000859592)
(0.143099 -0.0428823 -0.00125438)
(0.119501 -0.0483416 -0.000820918)
(-0.104182 0.00544944 0.000641823)
(-0.10727 0.00601692 0.000870236)
(-0.106805 0.00632856 0.000548524)
(-0.106332 0.00647163 0.000215919)
(-0.106332 0.00647162 -0.00021592)
(-0.106805 0.00632855 -0.000548524)
(-0.10727 0.0060169 -0.00087024)
(-0.104182 0.00544941 -0.000641826)
(-0.124534 0.000491706 0.000358373)
(-0.126896 0.000963074 0.000539085)
(-0.127127 0.00129144 0.00035066)
(-0.127122 0.00144125 0.000157811)
(-0.127122 0.00144125 -0.000157789)
(-0.127127 0.00129143 -0.000350643)
(-0.126896 0.00096306 -0.00053908)
(-0.124534 0.000491676 -0.000358375)
(-0.0764291 0.00838981 0.000412956)
(-0.0805376 0.0104529 0.000458313)
(-0.0811259 0.0114045 0.000233066)
(-0.0810518 0.011875 7.04498e-05)
(-0.0810519 0.011875 -7.04713e-05)
(-0.0811262 0.0114045 -0.000233083)
(-0.080538 0.0104529 -0.000458322)
(-0.0764295 0.00838969 -0.000412954)
(-0.0329038 -0.00763244 3.94037e-05)
(-0.0297377 -0.00843907 0.00114124)
(-0.0292937 -0.00790039 0.00113451)
(-0.029494 -0.00746019 0.000518643)
(-0.029494 -0.00746018 -0.000518622)
(-0.0292937 -0.00790038 -0.00113449)
(-0.0297377 -0.00843906 -0.00114124)
(-0.0329038 -0.00763242 -3.94053e-05)
(-0.0177192 -0.00899438 8.19604e-05)
(-0.0130782 -0.00986043 0.00140306)
(-0.0128311 -0.00931508 0.00110257)
(-0.0134136 -0.00883623 0.000452654)
(-0.0134136 -0.00883622 -0.000452621)
(-0.0128312 -0.00931506 -0.00110255)
(-0.0130782 -0.0098604 -0.00140306)
(-0.0177193 -0.00899434 -8.19607e-05)
(0.109573 -0.0178084 0.000664761)
(0.116782 -0.012898 0.000809551)
(0.115649 -0.0123497 0.000407292)
(0.114341 -0.0125329 0.000110765)
(0.114341 -0.0125329 -0.000110673)
(0.115649 -0.0123498 -0.000407211)
(0.116782 -0.0128981 -0.000809502)
(0.109573 -0.0178084 -0.000664746)
(0.109927 -0.00903213 0.000315169)
(0.140634 -0.00718288 0.000885473)
(0.1438 -0.0070423 0.000957042)
(0.143049 -0.0072206 0.000270329)
(0.143049 -0.0072206 -0.0002703)
(0.1438 -0.0070423 -0.000957017)
(0.140634 -0.00718288 -0.000885458)
(0.109927 -0.00903214 -0.000315164)
(-0.107934 -0.00727776 0.000755196)
(-0.108932 -0.00693539 0.00150706)
(-0.109349 -0.00629797 0.00114272)
(-0.109488 -0.00603961 0.000469429)
(-0.109488 -0.00603962 -0.000469491)
(-0.109349 -0.00629799 -0.00114278)
(-0.108932 -0.00693542 -0.00150711)
(-0.107934 -0.00727782 -0.000755221)
(0.15361 -0.0020054 -0.00137735)
(0.171276 0.00108482 -0.00121425)
(0.171649 0.000812223 -4.42978e-05)
(0.170574 0.000444181 -8.06059e-05)
(0.170574 0.000444178 8.06426e-05)
(0.171649 0.000812215 4.43284e-05)
(0.171276 0.00108481 0.00121427)
(0.15361 -0.00200541 0.00137736)
(0.27629 0.080097 3.1344e-05)
(0.29225 0.0784951 -0.00035102)
(0.292804 0.0785547 -0.000340063)
(0.29248 0.0787095 -0.000236325)
(0.29248 0.0787095 0.000236306)
(0.292804 0.0785547 0.000340046)
(0.29225 0.0784951 0.00035101)
(0.27629 0.080097 -3.135e-05)
(0.1719 -0.0109313 -0.000299758)
(0.194616 -0.00489383 -0.000289737)
(0.196044 -0.00475271 -5.15589e-05)
(0.195018 -0.00531349 -6.65907e-05)
(0.195018 -0.0053135 6.66154e-05)
(0.196044 -0.00475273 5.158e-05)
(0.194616 -0.00489385 0.000289752)
(0.1719 -0.0109313 0.000299765)
(-0.125779 0.000534923 0.00028713)
(-0.127767 0.00104872 0.000441183)
(-0.128059 0.00144847 0.000282103)
(-0.128084 0.00163289 0.000135087)
(-0.128084 0.00163289 -0.00013507)
(-0.128059 0.00144846 -0.00028209)
(-0.127767 0.0010487 -0.00044118)
(-0.125779 0.000534886 -0.000287132)
(-0.0586883 0.0133132 0.00092799)
(-0.0640547 0.0141087 0.000939835)
(-0.0632895 0.0144818 0.000433663)
(-0.0622967 0.0147967 0.000156397)
(-0.0622968 0.0147967 -0.000156479)
(-0.0632898 0.0144818 -0.000433735)
(-0.064055 0.0141087 -0.000939876)
(-0.0586888 0.0133131 -0.000928002)
(-0.119701 -0.00525715 0.000566232)
(-0.121043 -0.00485937 0.00116849)
(-0.12159 -0.00423309 0.000872301)
(-0.121764 -0.00398942 0.000367095)
(-0.121764 -0.00398943 -0.000367143)
(-0.12159 -0.00423311 -0.000872344)
(-0.121043 -0.0048594 -0.00116853)
(-0.119701 -0.0052572 -0.000566253)
(0.151711 -0.00347505 -0.00120105)
(0.170289 -0.000473782 -0.00104424)
(0.170924 -0.000653932 -6.48067e-05)
(0.169934 -0.00102277 -0.000110502)
(0.169934 -0.00102277 0.000110539)
(0.170924 -0.000653939 6.48375e-05)
(0.170289 -0.000473792 0.00104426)
(0.151711 -0.00347507 0.00120106)
(0.246273 0.0915638 0.000306435)
(0.262523 0.0902442 2.30338e-05)
(0.263079 0.0901677 -6.84486e-05)
(0.262621 0.0903148 -0.000109202)
(0.262621 0.0903148 0.000109186)
(0.263079 0.0901677 6.84336e-05)
(0.262523 0.0902442 -2.3043e-05)
(0.246273 0.0915638 -0.00030644)
(0.165129 0.0585826 9.58355e-05)
(0.164624 0.0550373 -0.000716384)
(0.162593 0.0545566 -0.0010132)
(0.160228 0.0538049 -0.000509691)
(0.160228 0.0538049 0.000509692)
(0.162593 0.0545566 0.0010132)
(0.164624 0.0550373 0.000716385)
(0.165129 0.0585826 -9.58349e-05)
(-0.0756349 0.0140392 0.000827302)
(-0.0799609 0.0149143 0.000846874)
(-0.0794459 0.0154344 0.000485235)
(-0.0787826 0.0158207 0.000188229)
(-0.0787826 0.0158207 -0.000188265)
(-0.0794462 0.0154344 -0.000485266)
(-0.0799612 0.0149143 -0.00084689)
(-0.0756352 0.0140391 -0.000827306)
(0.136203 0.00633238 -0.000953782)
(0.148666 0.00904685 -0.000600999)
(0.147913 0.0085846 0.000466676)
(0.146595 0.00827115 0.000155244)
(0.146595 0.00827114 -0.000155204)
(0.147913 0.00858459 -0.000466643)
(0.148666 0.00904684 0.000601024)
(0.136203 0.00633237 0.000953794)
(0.184516 0.0502696 -0.000347558)
(0.20343 0.052822 -0.00079519)
(0.202978 0.0531562 -0.000537221)
(0.201127 0.0531655 -0.000261991)
(0.201127 0.0531655 0.000261943)
(0.202978 0.0531562 0.000537179)
(0.203429 0.052822 0.000795164)
(0.184515 0.0502696 0.000347547)
(0.101251 -0.0476305 0.000814855)
(0.113137 -0.0427237 0.000966231)
(0.11394 -0.041493 0.000548911)
(0.113405 -0.0414449 0.000186722)
(0.113405 -0.0414449 -0.000186688)
(0.11394 -0.041493 -0.000548883)
(0.113137 -0.0427238 -0.000966211)
(0.101251 -0.0476306 -0.000814846)
(0.00812415 -0.01038 0.00104288)
(0.0122329 -0.0104856 0.00185829)
(0.011383 -0.00946632 0.00146854)
(0.0101981 -0.00892666 0.000552854)
(0.0101981 -0.00892666 -0.000552952)
(0.011383 -0.00946632 -0.00146863)
(0.0122329 -0.0104856 -0.00185835)
(0.00812415 -0.01038 -0.00104291)
(-0.111773 -0.00584647 0.000634809)
(-0.113035 -0.00545498 0.001297)
(-0.113699 -0.0047635 0.000929819)
(-0.113924 -0.0044937 0.000385534)
(-0.113924 -0.00449371 -0.000385581)
(-0.113699 -0.00476352 -0.000929862)
(-0.113035 -0.00545501 -0.00129704)
(-0.111773 -0.00584653 -0.000634829)
(-0.0619011 -0.0107119 0.000779917)
(-0.0609786 -0.010478 0.00160424)
(-0.0612018 -0.0094339 0.00118999)
(-0.0615276 -0.00891153 0.000478804)
(-0.0615276 -0.00891154 -0.000478894)
(-0.0612018 -0.00943393 -0.00119006)
(-0.0609786 -0.0104781 -0.00160429)
(-0.0619011 -0.010712 -0.000779942)
(0.231617 0.0651033 -3.20547e-06)
(0.249919 0.0652589 -0.000430548)
(0.250065 0.0655079 -0.000432867)
(0.249139 0.0657356 -0.000259315)
(0.249139 0.0657356 0.000259264)
(0.250065 0.0655079 0.000432822)
(0.249919 0.0652588 0.000430522)
(0.231617 0.0651033 3.19294e-06)
(0.182703 0.045724 -0.000477608)
(0.2014 0.048697 -0.000902984)
(0.200807 0.04898 -0.000520293)
(0.198789 0.0489098 -0.000240608)
(0.198789 0.0489098 0.000240562)
(0.200807 0.04898 0.000520253)
(0.2014 0.048697 0.00090296)
(0.182703 0.045724 0.000477598)
(0.285867 0.0648169 -0.000243683)
(0.302334 0.0634033 -0.000705198)
(0.302844 0.0635349 -0.000509888)
(0.302475 0.0637374 -0.000288035)
(0.302475 0.0637374 0.000288007)
(0.302844 0.0635349 0.000509862)
(0.302334 0.0634032 0.000705183)
(0.285866 0.0648169 0.000243674)
(0.193442 0.0362549 -8.80758e-05)
(0.214262 0.0410584 -0.000360899)
(0.214671 0.0412127 -0.000168614)
(0.213296 0.0410272 -0.00011454)
(0.213296 0.0410271 0.000114522)
(0.214671 0.0412127 0.000168599)
(0.214262 0.0410584 0.000360892)
(0.193442 0.0362548 8.80723e-05)
(0.156677 -0.0136276 0.000165656)
(0.172258 -0.00704108 0.000205701)
(0.172436 -0.00664016 0.000213181)
(0.171228 -0.00700136 3.96164e-05)
(0.171228 -0.00700137 -3.9566e-05)
(0.172436 -0.00664019 -0.000213136)
(0.172258 -0.00704114 -0.000205668)
(0.156677 -0.0136277 -0.000165643)
(0.066644 -0.0289119 0.00127951)
(0.0707961 -0.0252897 0.0012129)
(0.0694053 -0.0245413 0.000564681)
(0.0681463 -0.0246003 0.000160111)
(0.0681462 -0.0246003 -0.000159975)
(0.0694051 -0.0245413 -0.000564558)
(0.0707959 -0.0252898 -0.00121281)
(0.0666438 -0.028912 -0.00127948)
(0.124337 -0.0389333 0.000667006)
(0.13674 -0.0328406 0.000760535)
(0.137104 -0.0320438 0.000434396)
(0.13628 -0.0322778 0.000136989)
(0.13628 -0.0322778 -0.00013692)
(0.137104 -0.0320438 -0.000434337)
(0.13674 -0.0328407 -0.000760495)
(0.124337 -0.0389333 -0.000666991)
(0.128572 0.059384 0.000681359)
(0.131374 0.056416 -5.49086e-06)
(0.130161 0.055786 -0.000603925)
(0.128502 0.0553465 -0.000319777)
(0.128502 0.0553465 0.000319777)
(0.130161 0.055786 0.000603925)
(0.131374 0.056416 5.49149e-06)
(0.128572 0.059384 -0.000681359)
(-0.0196604 0.0664019 -0.000662382)
(-0.0246883 0.0674204 -0.000309907)
(-0.0243722 0.0679847 -5.38694e-05)
(-0.0237028 0.0682852 9.66622e-06)
(-0.0237029 0.0682852 -1.00758e-05)
(-0.0243723 0.0679848 5.35226e-05)
(-0.0246885 0.0674204 0.00030969)
(-0.0196606 0.066402 0.000662254)
(0.188329 0.0397757 -0.000294424)
(0.208455 0.0439705 -0.000599687)
(0.208388 0.0441874 -0.000286699)
(0.206675 0.0440318 -0.000153378)
(0.206675 0.0440318 0.000153349)
(0.208388 0.0441874 0.000286673)
(0.208455 0.0439705 0.000599673)
(0.188328 0.0397756 0.000294418)
(0.101532 -0.0228174 0.000801432)
(0.109737 -0.018043 0.000979188)
(0.109054 -0.0175975 0.00056346)
(0.107932 -0.0178638 0.000182608)
(0.107932 -0.0178638 -0.000182493)
(0.109054 -0.0175976 -0.000563359)
(0.109736 -0.0180431 -0.000979122)
(0.101532 -0.0228175 -0.000801408)
(0.116067 -0.0452576 0.000726804)
(0.130224 -0.0397762 0.000857008)
(0.131318 -0.0387286 0.000495343)
(0.130763 -0.03883 0.000163117)
(0.130763 -0.03883 -0.000163074)
(0.131318 -0.0387286 -0.000495307)
(0.130224 -0.0397763 -0.000856983)
(0.116067 -0.0452576 -0.000726794)
(0.0953433 -0.0470738 0.000770571)
(0.108201 -0.0425805 0.000919929)
(0.10943 -0.0412621 0.000540202)
(0.109064 -0.0411592 0.000191652)
(0.109064 -0.0411592 -0.000191625)
(0.10943 -0.0412621 -0.000540179)
(0.108201 -0.0425806 -0.000919912)
(0.0953433 -0.0470739 -0.000770564)
(0.140968 -0.0290711 0.000280248)
(0.165898 -0.0238581 0.000469973)
(0.16854 -0.0232621 0.000362433)
(0.167947 -0.0235924 9.46281e-05)
(0.167947 -0.0235924 -9.46011e-05)
(0.16854 -0.0232621 -0.00036241)
(0.165898 -0.0238581 -0.000469957)
(0.140968 -0.0290711 -0.000280241)
(-0.0970946 0.00728793 0.000612811)
(-0.100229 0.00800162 0.000694226)
(-0.0997357 0.00831173 0.000417368)
(-0.0992143 0.00845416 0.000164107)
(-0.0992144 0.00845416 -0.00016411)
(-0.0997359 0.00831172 -0.00041737)
(-0.100229 0.0080016 -0.000694228)
(-0.0970949 0.00728791 -0.000612813)
(0.327979 4.01594e-06 0.000670626)
(0.336485 1.89789e-05 0.000628887)
(0.336609 1.98017e-05 0.000301919)
(0.336527 1.88027e-05 0.000166237)
(0.336527 1.88027e-05 -0.000166237)
(0.336609 1.98017e-05 -0.000301919)
(0.336485 1.89789e-05 -0.000628887)
(0.327979 4.01593e-06 -0.000670626)
(0.222955 0.0530391 -0.000191401)
(0.239343 0.0530692 -0.000678822)
(0.239134 0.0534142 -0.000572497)
(0.238008 0.0536962 -0.000294614)
(0.238008 0.0536962 0.000294552)
(0.239134 0.0534142 0.000572442)
(0.239343 0.0530692 0.000678791)
(0.222955 0.0530391 0.000191387)
(0.270315 0.0836261 -8.82815e-07)
(0.286927 0.0820949 -0.000375043)
(0.287511 0.0821423 -0.000318458)
(0.287156 0.0823145 -0.000223234)
(0.287156 0.0823145 0.000223214)
(0.287511 0.0821423 0.00031844)
(0.286927 0.0820949 0.000375032)
(0.270315 0.0836261 8.76419e-07)
(0.213398 0.0656075 0.000182727)
(0.233803 0.0678355 -0.000131712)
(0.234352 0.0679252 -0.000136122)
(0.233389 0.0679724 -0.000122468)
(0.233389 0.0679724 0.000122437)
(0.234352 0.0679252 0.000136095)
(0.233803 0.0678355 0.000131696)
(0.213398 0.0656075 -0.000182735)
(0.206002 0.0518763 0.000158721)
(0.22667 0.0555152 -0.000155511)
(0.227424 0.0555196 -9.9457e-05)
(0.226501 0.0554304 -8.87781e-05)
(0.226501 0.0554304 8.87611e-05)
(0.227424 0.0555196 9.94422e-05)
(0.22667 0.0555152 0.000155502)
(0.206002 0.0518763 -0.000158726)
(0.151594 0.0164727 -0.000362902)
(0.167363 0.0213483 -0.000472922)
(0.16646 0.0215734 -9.37723e-05)
(0.164482 0.0212908 -6.30214e-05)
(0.164482 0.0212908 6.30057e-05)
(0.166459 0.0215734 9.37596e-05)
(0.167363 0.0213483 0.000472916)
(0.151593 0.0164727 0.000362901)
(0.191971 0.0279764 -0.000171444)
(0.213023 0.0334095 -0.000412567)
(0.213493 0.0335458 -0.000145119)
(0.212095 0.033275 -9.9457e-05)
(0.212095 0.033275 9.94472e-05)
(0.213493 0.0335458 0.000145111)
(0.213023 0.0334095 0.000412565)
(0.191971 0.0279764 0.000171443)
(0.0218926 0.00368955 -0.000409364)
(0.0149841 0.0038645 -0.000364964)
(0.011064 0.00346751 -0.000329606)
(0.00979782 0.00309612 -0.000132769)
(0.00979766 0.0030961 0.000132867)
(0.0110635 0.00346744 0.000329691)
(0.0149834 0.0038644 0.000365027)
(0.0218919 0.0036895 0.000409421)
(0.103785 -0.0431173 0.000872159)
(0.11318 -0.0376505 0.000943116)
(0.11316 -0.0366147 0.00049664)
(0.112374 -0.0366768 0.000160284)
(0.112374 -0.0366768 -0.000160219)
(0.11316 -0.0366148 -0.000496584)
(0.11318 -0.0376505 -0.000943077)
(0.103785 -0.0431174 -0.000872142)
(0.134147 -0.0395773 0.000544669)
(0.154505 -0.0339058 0.000704483)
(0.156653 -0.033041 0.000443809)
(0.156173 -0.033266 0.000135029)
(0.156173 -0.033266 -0.000134996)
(0.156653 -0.033041 -0.000443781)
(0.154505 -0.0339058 -0.000704464)
(0.134147 -0.0395774 -0.000544662)
(0.109451 -0.0467508 0.000733024)
(0.124533 -0.0414547 0.000865722)
(0.125966 -0.0402896 0.000509852)
(0.125515 -0.0403245 0.000173414)
(0.125515 -0.0403245 -0.000173376)
(0.125966 -0.0402897 -0.000509819)
(0.124533 -0.0414547 -0.000865699)
(0.109451 -0.0467509 -0.000733015)
(0.0854287 -0.0442908 0.00120457)
(0.0930902 -0.0393624 0.00124584)
(0.0926982 -0.0380161 0.000629738)
(0.0919269 -0.0378987 0.000206065)
(0.0919269 -0.0378987 -0.000206012)
(0.0926982 -0.0380161 -0.000629691)
(0.0930902 -0.0393624 -0.0012458)
(0.0854287 -0.0442908 -0.00120456)
(0.202955 0.0434013 0.000170343)
(0.222635 0.047482 -0.000186342)
(0.223388 0.0473827 -0.000117919)
(0.222439 0.0472439 -8.0594e-05)
(0.222439 0.0472439 8.05855e-05)
(0.223388 0.0473827 0.000117911)
(0.222635 0.047482 0.000186338)
(0.202955 0.0434013 -0.000170346)
(0.107897 -0.0475843 0.0010269)
(0.122098 -0.0425894 0.00138359)
(0.123965 -0.0409078 0.000825219)
(0.123742 -0.0406315 0.000275843)
(0.123742 -0.0406315 -0.000275832)
(0.123965 -0.0409078 -0.00082521)
(0.122098 -0.0425894 -0.00138358)
(0.107897 -0.0475843 -0.0010269)
(0.015058 -0.0342913 0.00122042)
(0.0139718 -0.0308984 0.00127184)
(0.0121193 -0.0291937 0.000803856)
(0.0113878 -0.0286915 0.000273961)
(0.0113878 -0.0286915 -0.000273928)
(0.0121193 -0.0291938 -0.000803829)
(0.0139718 -0.0308985 -0.00127182)
(0.0150581 -0.0342913 -0.00122041)
(-0.0683359 0.0196562 0.000373919)
(-0.0723239 0.0208094 0.000248782)
(-0.0726962 0.0211549 -0.000141666)
(-0.0724207 0.0211573 -0.000107375)
(-0.0724208 0.0211572 0.000107381)
(-0.0726965 0.0211549 0.000141675)
(-0.0723243 0.0208093 -0.000248768)
(-0.0683364 0.0196561 -0.000373907)
(0.00887088 0.0831609 -0.000944996)
(0.0139131 0.0824641 -0.000675983)
(0.0135117 0.0833874 0.000362038)
(0.0127189 0.0840147 0.000301542)
(0.0127189 0.0840147 -0.000301528)
(0.0135117 0.0833874 -0.000362017)
(0.0139132 0.0824642 0.00067598)
(0.00887094 0.0831609 0.000944983)
(-0.0875638 0.00701047 0.000772237)
(-0.0914312 0.00772078 0.000912913)
(-0.0909861 0.00792025 0.000520519)
(-0.090445 0.00801455 0.000194966)
(-0.0904451 0.00801455 -0.000194978)
(-0.0909863 0.00792024 -0.00052053)
(-0.0914315 0.00772077 -0.000912919)
(-0.0875641 0.00701045 -0.000772239)
(0.314221 0.065615 -0.000204897)
(0.32811 0.0633951 -0.000598364)
(0.328678 0.0632781 -0.000342683)
(0.328496 0.0633105 -0.00020374)
(0.328496 0.0633105 0.000203744)
(0.328678 0.0632781 0.000342686)
(0.32811 0.0633951 0.000598366)
(0.314221 0.065615 0.000204899)
(0.222528 0.0706631 4.18273e-05)
(0.242309 0.0717317 -0.000326882)
(0.242623 0.0719005 -0.000280689)
(0.241597 0.0720489 -0.000188748)
(0.241597 0.0720489 0.000188703)
(0.242623 0.0719006 0.00028065)
(0.242309 0.0717317 0.000326858)
(0.222528 0.0706631 -4.1839e-05)
(0.109961 -0.000823869 0.00022788)
(0.119876 0.00370974 0.000428406)
(0.11881 0.00397614 0.000381585)
(0.117288 0.00370317 0.000104404)
(0.117288 0.00370316 -0.000104343)
(0.11881 0.00397612 -0.000381535)
(0.119875 0.00370971 -0.000428378)
(0.109961 -0.000823918 -0.000227872)
(0.32272 0.000925286 0.000693734)
(0.336152 0.000896928 0.000578613)
(0.336607 0.000888589 0.000281163)
(0.336505 0.000884093 0.000137242)
(0.336505 0.000884093 -0.000137239)
(0.336607 0.000888589 -0.000281161)
(0.336152 0.000896928 -0.000578612)
(0.32272 0.000925286 -0.000693733)
(-0.114248 0.00220203 0.000520274)
(-0.117098 0.00262696 0.000779033)
(-0.116894 0.0029025 0.000551865)
(-0.116612 0.00305409 0.000225533)
(-0.116612 0.00305409 -0.000225524)
(-0.116894 0.00290249 -0.00055186)
(-0.117098 0.00262694 -0.000779036)
(-0.114248 0.002202 -0.000520278)
(0.147635 -0.00346967 -0.00117898)
(0.167248 -0.000860164 -0.000958647)
(0.168007 -0.00100013 3.07218e-05)
(0.167027 -0.00130823 -8.6077e-05)
(0.167027 -0.00130823 8.61143e-05)
(0.168007 -0.00100014 -3.06908e-05)
(0.167248 -0.000860173 0.000958668)
(0.147635 -0.00346968 0.00117899)
(0.156897 -0.00132364 -0.00113934)
(0.173833 0.00215504 -0.00101701)
(0.174139 0.00185139 -6.95978e-05)
(0.173067 0.00141991 -8.63262e-05)
(0.173067 0.00141991 8.63614e-05)
(0.174139 0.00185138 6.96271e-05)
(0.173833 0.00215503 0.00101703)
(0.156896 -0.00132366 0.00113935)
(0.153601 0.00476674 -0.000719189)
(0.1696 0.0087632 -0.000624092)
(0.169462 0.00846325 0.000110839)
(0.168215 0.0080268 3.65331e-06)
(0.168215 0.0080268 -3.62105e-06)
(0.169462 0.00846324 -0.000110812)
(0.1696 0.00876319 0.000624111)
(0.153601 0.00476672 0.000719199)
(0.0776331 0.010253 -1.84233e-05)
(0.0831214 0.0131973 7.41022e-05)
(0.0808377 0.0135389 0.000248701)
(0.0790641 0.0134061 8.26285e-05)
(0.079064 0.0134061 -8.26178e-05)
(0.0808374 0.0135389 -0.000248694)
(0.083121 0.0131974 -7.40956e-05)
(0.0776325 0.010253 1.84228e-05)
(0.0970456 -0.0370565 0.00101681)
(0.105797 -0.0319428 0.00110475)
(0.10564 -0.0311803 0.000607751)
(0.104837 -0.0313448 0.00020517)
(0.104837 -0.0313448 -0.00020507)
(0.10564 -0.0311803 -0.000607666)
(0.105797 -0.0319428 -0.00110469)
(0.0970455 -0.0370566 -0.00101679)
(0.0831578 -0.0373673 0.00131404)
(0.0873716 -0.0326266 0.0013131)
(0.0861882 -0.0316327 0.000722445)
(0.0851965 -0.0316499 0.000242607)
(0.0851965 -0.0316499 -0.000242498)
(0.0861882 -0.0316328 -0.000722355)
(0.0873716 -0.0326266 -0.00131305)
(0.0831577 -0.0373674 -0.00131403)
(0.0197304 -0.0354877 0.000779219)
(0.0204517 -0.0322581 0.000514262)
(0.0182185 -0.0307238 0.000342209)
(0.0167279 -0.0302351 0.000129136)
(0.0167279 -0.0302351 -0.000129087)
(0.0182185 -0.0307239 -0.000342167)
(0.0204517 -0.0322581 -0.000514235)
(0.0197304 -0.0354878 -0.00077921)
(-0.0381063 -0.011701 0.000657405)
(-0.0415193 -0.0100713 -8.60525e-05)
(-0.0427966 -0.00931918 -0.000635324)
(-0.0432017 -0.00906516 -0.000287233)
(-0.0432017 -0.00906516 0.000287285)
(-0.0427966 -0.0093192 0.000635368)
(-0.0415194 -0.0100713 8.60936e-05)
(-0.0381063 -0.0117011 -0.000657373)
(0.0520535 -0.0403936 0.00132842)
(0.0555541 -0.0363067 0.00109687)
(0.0538741 -0.0350283 0.000480867)
(0.0525199 -0.0348312 0.000128196)
(0.0525199 -0.0348312 -0.000128114)
(0.0538741 -0.0350284 -0.000480799)
(0.0555541 -0.0363068 -0.00109683)
(0.0520534 -0.0403937 -0.0013284)
(-0.00185408 -0.0643578 0.000103768)
(-0.00371363 -0.0675021 0.000302324)
(-0.00409265 -0.0683574 -0.000243637)
(-0.00415739 -0.06876 -0.000157736)
(-0.0041574 -0.06876 0.00015773)
(-0.00409266 -0.0683574 0.000243632)
(-0.00371364 -0.0675021 -0.000302327)
(-0.00185409 -0.0643578 -0.000103769)
(-0.127075 0.000488548 0.000278989)
(-0.129419 0.000855307 0.000466133)
(-0.129877 0.0011887 0.000298856)
(-0.129984 0.00133351 0.000145362)
(-0.129984 0.0013335 -0.000145359)
(-0.129877 0.00118868 -0.000298857)
(-0.129419 0.000855274 -0.000466141)
(-0.127075 0.000488492 -0.000278995)
(-0.0927 -0.00809817 0.00094013)
(-0.0931294 -0.00761347 0.0018555)
(-0.0933804 -0.00679542 0.00137805)
(-0.093509 -0.00643745 0.000551657)
(-0.093509 -0.00643746 -0.000551729)
(-0.0933804 -0.00679544 -0.00137811)
(-0.0931294 -0.00761351 -0.00185555)
(-0.0927 -0.00809823 -0.000940155)
(0.0546315 -0.0130905 0.0030564)
(0.10058 -0.0123057 0.00424696)
(0.109456 -0.0116758 0.00296919)
(0.108967 -0.0116117 0.000785765)
(0.108967 -0.0116117 -0.000785745)
(0.109456 -0.0116758 -0.00296917)
(0.10058 -0.0123057 -0.00424695)
(0.0546315 -0.0130905 -0.00305639)
(0.0171064 0.0220294 0.000548415)
(0.0300602 0.0257889 0.00105904)
(0.0254668 0.0225664 0.00134046)
(0.0221559 0.0212926 0.00076307)
(0.0221559 0.0212926 -0.00076305)
(0.0254668 0.0225664 -0.00134045)
(0.0300602 0.0257889 -0.00105903)
(0.0171064 0.0220294 -0.000548408)
(-0.105207 0.0271526 0.00117338)
(-0.108046 0.0263667 0.00242031)
(-0.109425 0.0251808 0.00226553)
(-0.109545 0.0246447 0.00094507)
(-0.109545 0.0246447 -0.000945065)
(-0.109425 0.0251808 -0.00226552)
(-0.108046 0.0263667 -0.0024203)
(-0.105207 0.0271526 -0.00117338)
(0.117737 -0.0575243 0.00123284)
(0.139654 -0.050959 0.00188043)
(0.143471 -0.0491494 0.0012147)
(0.143568 -0.049025 0.000399461)
(0.143568 -0.049025 -0.000399445)
(0.143471 -0.0491494 -0.00121468)
(0.139654 -0.050959 -0.00188042)
(0.117737 -0.0575243 -0.00123283)
(-0.110541 0.00605868 0.000637402)
(-0.113325 0.00654466 0.000895017)
(-0.112994 0.00686096 0.000583664)
(-0.112618 0.00701243 0.000229187)
(-0.112618 0.00701242 -0.000229186)
(-0.112994 0.00686095 -0.000583664)
(-0.113325 0.00654465 -0.000895021)
(-0.110542 0.00605865 -0.000637407)
(-0.126663 -0.00550289 0.000375215)
(-0.128362 -0.00512644 0.000742832)
(-0.12893 -0.0046267 0.000528801)
(-0.129099 -0.00442985 0.000238416)
(-0.129099 -0.00442986 -0.00023845)
(-0.12893 -0.00462672 -0.000528831)
(-0.128362 -0.00512647 -0.000742857)
(-0.126663 -0.00550294 -0.000375228)
(0.355265 -0.00371582 0.00483154)
(0.371708 0.00487524 0.00747155)
(0.373953 0.00644838 0.00324634)
(0.373113 0.00659225 0.00191195)
(0.373113 0.00659225 -0.00191192)
(0.373953 0.00644838 -0.00324631)
(0.371708 0.00487524 -0.00747153)
(0.355265 -0.00371581 -0.00483153)
(0.27616 -0.00377821 -0.00465282)
(0.31578 0.00180653 -0.00191671)
(0.321568 0.00297498 -0.00348484)
(0.320603 0.00317819 0.000614799)
(0.320603 0.00317819 -0.000614834)
(0.321568 0.002975 0.00348482)
(0.31578 0.00180655 0.00191669)
(0.276161 -0.00377819 0.00465282)
(-0.111015 -0.0147767 0.000536778)
(-0.114878 -0.0154271 0.000887682)
(-0.116686 -0.0160881 0.000733001)
(-0.117297 -0.0164857 0.000333804)
(-0.117297 -0.0164857 -0.000333803)
(-0.116686 -0.0160881 -0.000733001)
(-0.114878 -0.0154271 -0.000887683)
(-0.111015 -0.0147767 -0.000536779)
(0.33054 2.00311e-06 0.000616102)
(0.335721 1.46115e-05 0.000612078)
(0.335667 1.87267e-05 0.000268139)
(0.335588 1.72849e-05 0.000155071)
(0.335588 1.72849e-05 -0.000155071)
(0.335667 1.87267e-05 -0.000268139)
(0.335721 1.46115e-05 -0.000612078)
(0.33054 2.00311e-06 -0.000616102)
(0.332936 3.28129e-05 0.000520633)
(0.334991 3.51719e-05 0.000595407)
(0.334838 5.52266e-05 0.000232225)
(0.334783 5.558e-05 0.000113137)
(0.334783 5.558e-05 -0.000113137)
(0.334838 5.52266e-05 -0.000232225)
(0.334991 3.51719e-05 -0.000595407)
(0.332936 3.28129e-05 -0.000520633)
(0.224401 0.0509853 -0.000130521)
(0.240703 0.0508879 -0.000613592)
(0.240561 0.051244 -0.000563222)
(0.239583 0.0515526 -0.000290923)
(0.239583 0.0515526 0.00029086)
(0.240561 0.051244 0.000563166)
(0.240703 0.0508879 0.000613561)
(0.224401 0.0509853 0.000130507)
(0.172762 0.0451311 -0.000344641)
(0.189987 0.0468727 -0.000880541)
(0.189169 0.0471821 -0.000680845)
(0.187206 0.04726 -0.000331957)
(0.187206 0.04726 0.000331912)
(0.189169 0.0471821 0.000680804)
(0.189987 0.0468727 0.000880518)
(0.172762 0.0451311 0.000344631)
(0.25455 0.0921513 0.000299487)
(0.269874 0.0904775 8.21181e-06)
(0.270353 0.0903965 -0.000110942)
(0.269925 0.0905299 -0.000134573)
(0.269925 0.0905299 0.000134558)
(0.270353 0.0903965 0.000110928)
(0.269874 0.0904775 -8.22025e-06)
(0.25455 0.0921513 -0.000299492)
(0.165837 -0.0198178 0.000151025)
(0.183992 -0.0127375 0.000150782)
(0.184808 -0.0123072 0.000167051)
(0.183794 -0.0127149 2.29215e-05)
(0.183794 -0.0127149 -2.2877e-05)
(0.184808 -0.0123072 -0.000167012)
(0.183992 -0.0127376 -0.000150752)
(0.165837 -0.0198179 -0.000151013)
(0.105363 -0.0545081 0.00170649)
(0.135879 -0.0485361 0.0025413)
(0.141537 -0.0469723 0.00168686)
(0.141654 -0.046973 0.000517122)
(0.141654 -0.046973 -0.000517104)
(0.141537 -0.0469723 -0.00168685)
(0.135879 -0.0485361 -0.00254129)
(0.105363 -0.0545081 -0.00170648)
(0.128948 -0.0388342 0.000556716)
(0.153459 -0.033637 0.000844929)
(0.156569 -0.0327635 0.000590853)
(0.15621 -0.0329714 0.00018415)
(0.15621 -0.0329714 -0.000184125)
(0.156569 -0.0327635 -0.000590832)
(0.15346 -0.033637 -0.000844915)
(0.128948 -0.0388343 -0.000556711)
(0.204688 0.0103182 0.000127667)
(0.215929 0.0101406 -0.000183762)
(0.216073 0.0102644 -0.000348216)
(0.215808 0.0102963 -0.000161171)
(0.215808 0.0102963 0.000161046)
(0.216073 0.0102644 0.000348108)
(0.215929 0.0101406 0.0001837)
(0.204688 0.0103182 -0.000127704)
(0.155324 0.00285058 -0.00126419)
(0.171512 0.00640641 -0.00114142)
(0.171481 0.00606697 -2.56385e-07)
(0.170268 0.00565995 -2.78197e-05)
(0.170268 0.00565994 2.78541e-05)
(0.171481 0.00606696 2.84913e-07)
(0.171512 0.0064064 0.00114144)
(0.155324 0.00285057 0.0012642)
(0.277224 0.0353112 -0.000316756)
(0.292627 0.0344265 -0.000849204)
(0.292989 0.0346651 -0.000649151)
(0.292582 0.0349418 -0.000325635)
(0.292582 0.0349418 0.000325587)
(0.292989 0.0346651 0.000649106)
(0.292627 0.0344265 0.000849178)
(0.277224 0.0353112 0.000316741)
(0.287865 0.058522 -0.000130096)
(0.304056 0.0571347 -0.000587796)
(0.304597 0.0572154 -0.000484965)
(0.304292 0.0573756 -0.000280062)
(0.304292 0.0573756 0.000280034)
(0.304597 0.0572154 0.000484939)
(0.304056 0.0571347 0.00058778)
(0.287865 0.058522 0.000130087)
(0.123961 -0.0304386 0.000628371)
(0.136236 -0.0243946 0.000730207)
(0.136292 -0.0237781 0.000441457)
(0.135273 -0.0240813 0.000140984)
(0.135273 -0.0240814 -0.000140897)
(0.136292 -0.0237781 -0.00044138)
(0.136236 -0.0243946 -0.000730153)
(0.123961 -0.0304387 -0.00062835)
(0.161734 -0.0241547 0.000157307)
(0.180454 -0.0169129 0.000161427)
(0.181408 -0.0163972 0.000180957)
(0.180423 -0.0167976 3.37339e-05)
(0.180423 -0.0167976 -3.36882e-05)
(0.181408 -0.0163972 -0.000180917)
(0.180454 -0.0169129 -0.000161397)
(0.161734 -0.0241548 -0.000157295)
(0.116111 -0.0486644 0.000758529)
(0.135573 -0.0432649 0.001026)
(0.13817 -0.0420094 0.000656655)
(0.137943 -0.0420332 0.000223105)
(0.137943 -0.0420332 -0.000223079)
(0.13817 -0.0420094 -0.000656634)
(0.135573 -0.0432649 -0.00102599)
(0.116111 -0.0486644 -0.000758523)
(0.00685864 -0.178242 -0.0325627)
(0.0369489 -0.16812 -0.0271991)
(0.0418548 -0.167218 -0.0174268)
(0.040372 -0.168499 -0.00450091)
(0.040372 -0.168499 0.00450081)
(0.0418549 -0.167218 0.0174267)
(0.036949 -0.16812 0.027199)
(0.00685866 -0.178242 0.0325627)
(0.171623 0.0430877 -0.000575184)
(0.188293 0.0452565 -0.00109547)
(0.187244 0.0456138 -0.000692222)
(0.184987 0.0456592 -0.000302916)
(0.184987 0.0456592 0.000302865)
(0.187244 0.0456138 0.000692177)
(0.188293 0.0452565 0.00109544)
(0.171623 0.0430877 0.000575172)
(0.0990617 0.0261744 -5.14862e-05)
(0.110303 0.0283149 -0.000221081)
(0.107656 0.0284755 8.72761e-05)
(0.105163 0.028345 4.02241e-05)
(0.105163 0.028345 -4.03566e-05)
(0.107655 0.0284755 -8.73933e-05)
(0.110303 0.0283149 0.000220996)
(0.0990613 0.0261745 5.14511e-05)
(0.129243 0.0252628 -0.000477164)
(0.143487 0.0290681 -0.000743418)
(0.141949 0.0296065 -0.000312166)
(0.139769 0.0296303 -0.000140167)
(0.139769 0.0296303 0.000140093)
(0.141949 0.0296065 0.000312105)
(0.143487 0.0290681 0.000743378)
(0.129243 0.0252628 0.000477149)
(0.152796 0.0235326 -0.000305331)
(0.168767 0.0278983 -0.00043075)
(0.1679 0.0281205 -9.66136e-05)
(0.165968 0.0279046 -7.01832e-05)
(0.165968 0.0279046 7.01495e-05)
(0.1679 0.0281205 9.65851e-05)
(0.168767 0.0278983 0.000430732)
(0.152796 0.0235326 0.000305325)
(0.135474 -0.0104831 0.000228939)
(0.14848 -0.00481087 0.000318307)
(0.147988 -0.00449875 0.000285332)
(0.146554 -0.00486103 7.33204e-05)
(0.146554 -0.00486104 -7.32579e-05)
(0.147988 -0.00449878 -0.000285277)
(0.14848 -0.00481092 -0.000318269)
(0.135474 -0.0104832 -0.000228925)
(0.146092 -0.0308151 0.000408645)
(0.16154 -0.0241194 0.000474494)
(0.162186 -0.0234937 0.000312792)
(0.161278 -0.0238281 8.59297e-05)
(0.161278 -0.0238281 -8.58692e-05)
(0.162186 -0.0234938 -0.000312739)
(0.16154 -0.0241194 -0.000474456)
(0.146092 -0.0308152 -0.00040863)
(0.04041 -0.0331763 0.00117004)
(0.0399385 -0.0301344 0.000915023)
(0.0365121 -0.0294138 0.000248447)
(0.0343177 -0.0293848 3.95209e-05)
(0.0343176 -0.0293848 -3.94068e-05)
(0.0365119 -0.0294139 -0.000248338)
(0.0399383 -0.0301345 -0.000914924)
(0.0404098 -0.0331764 -0.00116999)
(0.0141538 -0.031878 0.000758452)
(0.0158128 -0.0290413 0.000579354)
(0.0137035 -0.027996 0.000219721)
(0.0122581 -0.027783 8.2157e-05)
(0.012258 -0.027783 -8.20305e-05)
(0.0137033 -0.027996 -0.00021961)
(0.0158125 -0.0290414 -0.000579266)
(0.0141537 -0.0318781 -0.000758412)
(-0.0525696 0.00672241 0.000142093)
(-0.0494836 0.00842515 -0.00100614)
(-0.0482124 0.00915028 -0.000892752)
(-0.0471867 0.00939166 -0.00040692)
(-0.0471868 0.00939165 0.000407031)
(-0.0482126 0.00915024 0.000892858)
(-0.049484 0.00842508 0.00100623)
(-0.0525699 0.00672228 -0.000142044)
(-0.0356798 -0.0112484 0.000186409)
(-0.0317303 -0.0124916 0.00111915)
(-0.0317311 -0.0116637 0.00102266)
(-0.0322573 -0.010991 0.000449578)
(-0.0322573 -0.010991 -0.000449623)
(-0.0317311 -0.0116637 -0.00102269)
(-0.0317303 -0.0124917 -0.00111918)
(-0.0356798 -0.0112484 -0.000186424)
(0.275952 0.0275373 -0.000103209)
(0.291066 0.0266853 -0.000611663)
(0.291478 0.0268576 -0.000548668)
(0.291285 0.0270531 -0.000277465)
(0.291285 0.0270531 0.000277418)
(0.291478 0.0268576 0.000548625)
(0.291066 0.0266853 0.00061164)
(0.275952 0.0275373 0.000103195)
(0.208936 0.060785 0.000308388)
(0.229062 0.063748 9.7685e-06)
(0.229706 0.063808 -5.51101e-05)
(0.228794 0.0637989 -8.34154e-05)
(0.228794 0.0637989 8.33935e-05)
(0.229706 0.063808 5.50911e-05)
(0.229062 0.063748 -9.77957e-06)
(0.208936 0.060785 -0.000308394)
(0.116335 -0.0413786 0.000666193)
(0.129777 -0.0354519 0.000731472)
(0.130459 -0.0345432 0.000425099)
(0.129733 -0.0347164 0.000140934)
(0.129733 -0.0347165 -0.000140869)
(0.130459 -0.0345432 -0.000425043)
(0.129777 -0.0354519 -0.000731434)
(0.116335 -0.0413787 -0.000666179)
(0.195472 0.0148411 -0.00022226)
(0.216719 0.0211735 -0.000455772)
(0.217604 0.021268 -0.000154236)
(0.216447 0.0209092 -9.8484e-05)
(0.216447 0.0209092 9.84885e-05)
(0.217604 0.021268 0.00015424)
(0.216719 0.0211735 0.000455778)
(0.195472 0.0148411 0.000222262)
(0.218111 0.0719064 0.00027238)
(0.237912 0.0735548 -3.98511e-05)
(0.238398 0.0736985 -0.000130433)
(0.237479 0.0738134 -0.000130848)
(0.237479 0.0738134 0.000130813)
(0.238398 0.0736985 0.000130402)
(0.237912 0.0735548 3.98325e-05)
(0.218111 0.0719064 -0.00027239)
(0.113734 0.00506094 -7.5427e-05)
(0.123186 0.009723 -1.14987e-05)
(0.121791 0.0102163 0.000133755)
(0.120118 0.0100928 2.10591e-05)
(0.120118 0.0100928 -2.10311e-05)
(0.121791 0.0102163 -0.000133732)
(0.123185 0.00972299 1.15178e-05)
(0.113734 0.0050609 7.5435e-05)
(0.166547 0.00631968 -0.000167324)
(0.18448 0.0124533 -0.000232452)
(0.184388 0.012723 3.21532e-05)
(0.182792 0.0123752 -2.50862e-05)
(0.182792 0.0123752 2.50986e-05)
(0.184388 0.012723 -3.2142e-05)
(0.18448 0.0124533 0.000232463)
(0.166547 0.00631962 0.00016733)
(0.177196 -0.00374425 -0.000109296)
(0.196634 0.00321886 -0.000182979)
(0.197202 0.00349136 3.49883e-05)
(0.195924 0.00307546 -2.79645e-05)
(0.195924 0.00307545 2.79889e-05)
(0.197202 0.00349133 -3.49667e-05)
(0.196634 0.00321882 0.000182998)
(0.177195 -0.00374432 0.000109304)
(0.106184 -0.0336135 0.000928392)
(0.11367 -0.0282771 0.00101529)
(0.113015 -0.0275094 0.00054201)
(0.11202 -0.0276525 0.000174537)
(0.11202 -0.0276525 -0.000174438)
(0.113015 -0.0275094 -0.000541923)
(0.11367 -0.0282771 -0.00101523)
(0.106184 -0.0336135 -0.000928369)
(0.139963 -0.034254 0.00042092)
(0.156203 -0.0275514 0.000477618)
(0.157062 -0.0268291 0.000324072)
(0.156203 -0.0271356 9.72644e-05)
(0.156203 -0.0271356 -9.72046e-05)
(0.157062 -0.0268291 -0.000324021)
(0.156203 -0.0275515 -0.000477581)
(0.139963 -0.0342541 -0.000420906)
(0.116376 -0.0551329 0.000970537)
(0.140505 -0.0487826 0.00153962)
(0.144533 -0.0472428 0.00106036)
(0.144559 -0.0472355 0.000350671)
(0.144559 -0.0472355 -0.000350652)
(0.144533 -0.0472428 -0.00106034)
(0.140505 -0.0487826 -0.00153961)
(0.116377 -0.0551329 -0.000970532)
(0.0474497 0.0152494 -0.000672244)
(0.0439794 0.0169882 -0.00136562)
(0.0391249 0.0170697 -0.00113413)
(0.0362129 0.0169235 -0.000451464)
(0.0362128 0.0169235 0.000451291)
(0.0391247 0.0170697 0.00113399)
(0.0439791 0.0169882 0.00136552)
(0.0474496 0.0152495 0.000672215)
(-0.0972534 -0.00846846 0.000864685)
(-0.0981639 -0.00813496 0.00170497)
(-0.0987239 -0.00744027 0.00121012)
(-0.0989256 -0.00715052 0.0004827)
(-0.0989256 -0.00715053 -0.000482759)
(-0.0987239 -0.00744029 -0.00121017)
(-0.0981639 -0.008135 -0.00170501)
(-0.0972534 -0.00846852 -0.000864709)
(-0.0499197 -0.00800439 0.00025756)
(-0.0471441 -0.00917226 0.00128373)
(-0.0470082 -0.00858448 0.00118529)
(-0.0473242 -0.00808073 0.000518183)
(-0.0473243 -0.00808073 -0.000518241)
(-0.0470083 -0.0085845 -0.00118534)
(-0.0471441 -0.00917228 -0.00128377)
(-0.0499197 -0.00800442 -0.000257578)
(0.190214 0.0466673 -0.000201311)
(0.210282 0.0502569 -0.000548178)
(0.210247 0.0504987 -0.000331014)
(0.20862 0.0504209 -0.000181113)
(0.20862 0.0504209 0.000181078)
(0.210247 0.0504987 0.000330984)
(0.210282 0.0502569 0.00054816)
(0.190214 0.0466673 0.000201303)
(0.131142 -0.0263896 0.000552019)
(0.142572 -0.020299 0.000684682)
(0.142386 -0.0197754 0.000430974)
(0.141293 -0.0201035 0.000130586)
(0.141293 -0.0201035 -0.0001305)
(0.142386 -0.0197755 -0.000430898)
(0.142571 -0.0202991 -0.000684629)
(0.131142 -0.0263897 -0.000551998)
(0.18086 -0.0108773 -7.13165e-05)
(0.201432 -0.0034971 -0.000165527)
(0.202461 -0.00318604 1.1174e-05)
(0.201387 -0.00363398 -3.62203e-05)
(0.201387 -0.00363399 3.62475e-05)
(0.202461 -0.00318607 -1.11502e-05)
(0.201432 -0.00349714 0.000165546)
(0.18086 -0.0108774 7.13243e-05)
(0.133332 -0.0398899 0.000542256)
(0.149722 -0.0338193 0.000634703)
(0.150987 -0.0329569 0.000386839)
(0.150359 -0.0331799 0.000118649)
(0.150359 -0.0331799 -0.000118603)
(0.150987 -0.0329569 -0.000386799)
(0.149722 -0.0338194 -0.000634675)
(0.133332 -0.0398899 -0.000542245)
(0.144116 -0.0343653 0.000370713)
(0.166537 -0.0281663 0.000496974)
(0.168783 -0.0274185 0.000338354)
(0.168185 -0.0277372 9.24598e-05)
(0.168185 -0.0277372 -9.24286e-05)
(0.168783 -0.0274185 -0.000338328)
(0.166537 -0.0281663 -0.000496956)
(0.144116 -0.0343653 -0.000370705)
(0.111315 -0.0497472 0.000862534)
(0.128151 -0.0445495 0.00114652)
(0.130343 -0.043139 0.000714779)
(0.130115 -0.0430594 0.000244383)
(0.130115 -0.0430594 -0.000244361)
(0.130343 -0.043139 -0.00071476)
(0.128151 -0.0445496 -0.00114651)
(0.111315 -0.0497472 -0.000862528)
(0.108896 -0.0497538 0.000919895)
(0.126256 -0.0448276 0.0012876)
(0.128833 -0.0432962 0.000806528)
(0.128742 -0.0431391 0.00027498)
(0.128742 -0.0431391 -0.000274962)
(0.128833 -0.0432962 -0.000806513)
(0.126256 -0.0448276 -0.00128758)
(0.108896 -0.0497538 -0.00091989)
(-0.0265311 -0.00349241 -0.000661883)
(-0.0225084 -0.000971921 -0.000972638)
(-0.0220863 0.000332233 -0.000234112)
(-0.0217437 0.00110493 -1.59733e-05)
(-0.0217438 0.00110493 1.59705e-05)
(-0.0220867 0.000332236 0.00023412)
(-0.022509 -0.000971912 0.000972657)
(-0.0265316 -0.00349243 0.000661897)
(0.113011 -0.0371539 0.000919418)
(0.142706 -0.0328101 0.00150512)
(0.147213 -0.0318955 0.00113474)
(0.147022 -0.0320433 0.00035447)
(0.147022 -0.0320433 -0.000354447)
(0.147213 -0.0318955 -0.00113472)
(0.142706 -0.0328101 -0.00150511)
(0.113011 -0.0371539 -0.000919413)
(0.123801 -0.0438037 0.00063543)
(0.14901 -0.0380578 0.00100095)
(0.152543 -0.0369712 0.000727189)
(0.152294 -0.0371192 0.000236426)
(0.152294 -0.0371192 -0.000236402)
(0.152543 -0.0369712 -0.000727169)
(0.14901 -0.0380578 -0.00100094)
(0.123801 -0.0438037 -0.000635425)
(0.32686 8.29374e-05 0.000693833)
(0.336871 8.38259e-05 0.000636941)
(0.337101 8.50105e-05 0.000316859)
(0.337021 8.41386e-05 0.000165775)
(0.337021 8.41386e-05 -0.000165774)
(0.337101 8.50105e-05 -0.000316859)
(0.336871 8.38259e-05 -0.000636941)
(0.32686 8.29373e-05 -0.000693833)
(-0.0132454 -0.0181869 0.000803361)
(-0.00898684 -0.0190749 0.00117932)
(-0.00945061 -0.0178132 0.000789402)
(-0.0102229 -0.0169292 0.000290194)
(-0.0102229 -0.0169292 -0.000290301)
(-0.00945062 -0.0178132 -0.000789489)
(-0.00898684 -0.0190749 -0.00117937)
(-0.0132454 -0.018187 -0.000803385)
(0.227344 0.0660783 -8.32683e-05)
(0.24594 0.0663851 -0.000507466)
(0.246013 0.0666262 -0.00042895)
(0.244944 0.0668337 -0.000251796)
(0.244944 0.0668337 0.000251741)
(0.246013 0.0666262 0.000428901)
(0.24594 0.0663851 0.000507436)
(0.227344 0.0660783 8.32541e-05)
(0.0774252 -0.00431956 0.000951189)
(0.0800453 -0.0014438 0.00131627)
(0.0780607 -0.00116468 0.000667079)
(0.0766727 -0.00131538 0.000167611)
(0.0766727 -0.00131539 -0.0001675)
(0.0780605 -0.0011647 -0.000666991)
(0.080045 -0.00144385 -0.00131624)
(0.0774248 -0.00431961 -0.000951187)
(0.0423752 0.00978505 -0.000992)
(0.0378842 0.0116384 -0.00176691)
(0.0343672 0.0115008 -0.00105128)
(0.0325995 0.0111574 -0.000358092)
(0.0325994 0.0111574 0.000358138)
(0.034367 0.0115008 0.00105133)
(0.0378839 0.0116384 0.00176699)
(0.0423749 0.00978509 0.000992071)
(0.126893 -0.0424675 0.000568033)
(0.144152 -0.036454 0.000671894)
(0.145701 -0.0354862 0.000418332)
(0.145142 -0.0356647 0.000134937)
(0.145142 -0.0356647 -0.000134894)
(0.145701 -0.0354862 -0.000418295)
(0.144152 -0.036454 -0.000671868)
(0.126893 -0.0424676 -0.000568023)
(0.110387 -0.0383674 0.0011721)
(0.124676 -0.0342016 0.00160365)
(0.126755 -0.0322133 0.000900245)
(0.126629 -0.0317828 0.000294522)
(0.126629 -0.0317828 -0.000294517)
(0.126755 -0.0322133 -0.000900241)
(0.124676 -0.0342016 -0.00160365)
(0.110387 -0.0383674 -0.0011721)
(0.018688 -0.022482 0.000656259)
(0.0185463 -0.02039 0.000594722)
(0.0151346 -0.0200635 0.000166021)
(0.0133683 -0.0201379 4.86626e-05)
(0.0133681 -0.020138 -4.85221e-05)
(0.0151343 -0.0200636 -0.000165904)
(0.0185457 -0.0203901 -0.000594652)
(0.0186873 -0.0224821 -0.000656228)
(0.211018 0.0136742 0.000110148)
(0.222289 0.0136141 -0.00032751)
(0.222401 0.0139679 -0.000581486)
(0.222244 0.0141274 -0.000294356)
(0.222244 0.0141274 0.00029425)
(0.222401 0.0139679 0.000581393)
(0.222289 0.0136141 0.00032746)
(0.211018 0.0136742 -0.000110179)
(0.227131 0.0730337 0.000137418)
(0.246446 0.0737378 -0.000227666)
(0.246761 0.0739249 -0.000273387)
(0.245834 0.0741073 -0.000195302)
(0.245834 0.0741073 0.000195256)
(0.246761 0.0739249 0.000273346)
(0.246446 0.0737378 0.000227641)
(0.227131 0.0730337 -0.00013743)
(0.0754955 -0.0444666 0.00134478)
(0.0847185 -0.0404241 0.0014346)
(0.0850129 -0.0391683 0.000738409)
(0.0844625 -0.0390266 0.000233005)
(0.0844625 -0.0390266 -0.000232961)
(0.0850129 -0.0391684 -0.00073837)
(0.0847186 -0.0404241 -0.00143457)
(0.0754955 -0.0444667 -0.00134476)
(-0.0351511 -0.00986432 0.00031843)
(-0.0386634 -0.00706435 -4.64369e-05)
(-0.0400639 -0.0059625 -0.000345052)
(-0.0405789 -0.00559103 -0.000155726)
(-0.040579 -0.00559104 0.000155823)
(-0.040064 -0.00596253 0.000345137)
(-0.0386636 -0.00706438 4.64991e-05)
(-0.0351513 -0.00986441 -0.000318399)
(0.106787 -0.0462747 0.00123596)
(0.137392 -0.0404747 0.00200526)
(0.142632 -0.0391967 0.00146983)
(0.1426 -0.0392885 0.000457899)
(0.1426 -0.0392885 -0.000457878)
(0.142632 -0.0391967 -0.00146981)
(0.137392 -0.0404747 -0.00200524)
(0.106787 -0.0462747 -0.00123596)
(0.33443 -0.00221779 0.00263261)
(0.360299 0.00188719 0.00430592)
(0.36583 0.00278203 0.00179522)
(0.365567 0.00296005 0.00142421)
(0.365567 0.00296005 -0.00142418)
(0.36583 0.00278204 -0.00179519)
(0.360299 0.0018872 -0.0043059)
(0.33443 -0.00221778 -0.0026326)
(0.269131 -0.0343385 -0.00871507)
(0.307074 -0.0244629 -0.00356423)
(0.31219 -0.0229014 -0.00522947)
(0.310775 -0.0232614 -2.62741e-06)
(0.310775 -0.0232614 2.59344e-06)
(0.31219 -0.0229014 0.00522944)
(0.307074 -0.0244629 0.00356421)
(0.269131 -0.0343384 0.00871505)
(0.110416 0.0220239 0.000960377)
(0.117689 0.0220947 0.000528594)
(0.116995 0.0227039 -0.000374628)
(0.116008 0.023628 -0.000210897)
(0.116008 0.023628 0.000210805)
(0.116995 0.0227039 0.000374541)
(0.117689 0.0220946 -0.000528639)
(0.110416 0.0220239 -0.000960392)
(0.0420238 0.0187041 0.000516204)
(0.049358 0.0203463 0.000733653)
(0.0451604 0.02042 0.000797803)
(0.0421773 0.0202238 0.000333713)
(0.0421772 0.0202238 -0.000333912)
(0.04516 0.02042 -0.000797984)
(0.0493574 0.0203463 -0.000733787)
(0.0420231 0.018704 -0.000516254)
(0.0992023 0.0230341 -0.000564697)
(0.109628 0.0255559 -0.000884047)
(0.106897 0.025902 -0.000324922)
(0.104267 0.0258075 -0.000116977)
(0.104267 0.0258076 0.000116862)
(0.106897 0.0259021 0.000324826)
(0.109628 0.0255559 0.000883983)
(0.0992019 0.0230341 0.000564672)
(0.0744883 0.0170872 0.00031575)
(0.0811727 0.0192268 0.000627994)
(0.0791552 0.0193589 0.000667504)
(0.0775239 0.0191733 0.000236127)
(0.0775238 0.0191733 -0.000236162)
(0.0791549 0.0193589 -0.000667544)
(0.0811722 0.0192268 -0.000628033)
(0.0744877 0.0170873 -0.000315773)
(0.179115 0.00229399 -0.000104616)
(0.198286 0.00895106 -0.000207521)
(0.198788 0.00918869 4.39797e-06)
(0.197507 0.00881396 -4.27254e-05)
(0.197507 0.00881395 4.27428e-05)
(0.198788 0.00918866 -4.38251e-06)
(0.198285 0.00895102 0.000207535)
(0.179115 0.00229393 0.000104623)
(0.152311 -0.0190817 0.00021376)
(0.168371 -0.0123287 0.000260214)
(0.16866 -0.0118785 0.00024893)
(0.167471 -0.0122648 5.95288e-05)
(0.167471 -0.0122648 -5.94709e-05)
(0.16866 -0.0118786 -0.000248879)
(0.16837 -0.0123288 -0.000260176)
(0.152311 -0.0190817 -0.000213745)
(0.068637 -0.0387209 0.00137933)
(0.0746372 -0.0344733 0.00128799)
(0.0740282 -0.0333838 0.000635663)
(0.0732155 -0.0333247 0.000195599)
(0.0732154 -0.0333247 -0.000195505)
(0.0740281 -0.0333838 -0.000635584)
(0.0746372 -0.0344733 -0.00128795)
(0.0686369 -0.038721 -0.00137932)
(0.0953451 -0.0446777 0.000953828)
(0.106011 -0.0395749 0.00102947)
(0.10649 -0.0385105 0.00054621)
(0.105897 -0.0385462 0.000183397)
(0.105897 -0.0385462 -0.000183339)
(0.10649 -0.0385105 -0.000546159)
(0.106011 -0.039575 -0.00102943)
(0.0953451 -0.0446778 -0.000953812)
(0.135599 -0.0327344 0.000351553)
(0.161235 -0.0271936 0.000580902)
(0.164211 -0.0264525 0.000458118)
(0.163696 -0.0267389 0.000134458)
(0.163696 -0.0267389 -0.000134432)
(0.164211 -0.0264526 -0.000458097)
(0.161235 -0.0271936 -0.000580887)
(0.135599 -0.0327344 -0.000351547)
(0.0714224 -0.0107972 0.000969453)
(0.0741374 -0.00811921 0.0010543)
(0.0719491 -0.00772477 0.00035428)
(0.0704759 -0.00783113 6.36203e-05)
(0.0704759 -0.00783113 -6.35207e-05)
(0.0719488 -0.00772478 -0.000354197)
(0.074137 -0.00811923 -0.00105426)
(0.0714219 -0.0107972 -0.000969451)
(0.0813761 -0.0263972 0.00119027)
(0.083964 -0.0222135 0.00133048)
(0.0823301 -0.0215565 0.000779677)
(0.0810708 -0.0216998 0.000248719)
(0.0810708 -0.0216998 -0.000248569)
(0.08233 -0.0215565 -0.000779544)
(0.0839638 -0.0222135 -0.00133039)
(0.081376 -0.0263973 -0.00119023)
(0.147922 -0.0221226 2.6014e-05)
(0.173199 -0.0166938 0.00016722)
(0.175582 -0.0162337 0.000229918)
(0.17483 -0.0166367 4.43143e-05)
(0.17483 -0.0166367 -4.42881e-05)
(0.175582 -0.0162337 -0.000229896)
(0.173199 -0.0166938 -0.000167205)
(0.147922 -0.0221227 -2.60079e-05)
(0.0469914 -0.0162459 0.000678855)
(0.0426774 -0.0139265 0.000273798)
(0.0377131 -0.0136154 -0.000354616)
(0.0351319 -0.0136773 -0.000178717)
(0.0351318 -0.0136773 0.000178772)
(0.0377128 -0.0136154 0.000354659)
(0.0426769 -0.0139266 -0.000273783)
(0.0469908 -0.0162459 -0.000678851)
(0.202572 0.0353828 -5.61673e-05)
(0.22265 0.0400966 -0.000416882)
(0.223548 0.0400166 -0.000195764)
(0.222604 0.039812 -0.0001028)
(0.222604 0.039812 0.000102796)
(0.223548 0.0400166 0.000195761)
(0.22265 0.0400966 0.00041688)
(0.202572 0.0353827 5.61656e-05)
(0.195647 0.0219979 -0.00011904)
(0.216703 0.0278838 -0.000378115)
(0.217503 0.0279704 -0.000140915)
(0.21634 0.027677 -9.61676e-05)
(0.21634 0.027677 9.61661e-05)
(0.217503 0.0279704 0.000140914)
(0.216703 0.0278837 0.000378117)
(0.195647 0.0219979 0.000119041)
(0.0084709 0.0151769 3.59693e-05)
(0.010468 0.0160979 0.000353859)
(0.00713122 0.0159911 0.000466372)
(0.00548664 0.0157271 0.000204079)
(0.00548642 0.015727 -0.000204152)
(0.0071306 0.015991 -0.000466446)
(0.0104671 0.0160979 -0.000353922)
(0.00846982 0.0151769 -3.59951e-05)
(0.127623 0.0215603 -0.000440504)
(0.14147 0.0255658 -0.00050398)
(0.139952 0.0259146 -5.31183e-05)
(0.137762 0.0257726 -3.2081e-05)
(0.137762 0.0257726 3.20236e-05)
(0.139952 0.0259146 5.30689e-05)
(0.14147 0.0255658 0.000503946)
(0.127623 0.0215603 0.000440491)
(0.168458 0.0134536 -0.000170674)
(0.186249 0.0191437 -0.00028626)
(0.186125 0.0194147 -3.53731e-05)
(0.184538 0.0191424 -5.5218e-05)
(0.184538 0.0191424 5.5218e-05)
(0.186125 0.0194147 3.53739e-05)
(0.186249 0.0191436 0.000286265)
(0.168458 0.0134535 0.000170677)
(0.139386 -0.00396589 0.000157537)
(0.152041 0.00148407 0.00026616)
(0.151453 0.0017511 0.00027807)
(0.149991 0.00142619 6.37928e-05)
(0.149991 0.00142618 -6.37421e-05)
(0.151453 0.00175107 -0.000278027)
(0.152041 0.00148402 -0.000266131)
(0.139385 -0.00396596 -0.000157527)
(0.0363678 -0.0374316 0.0011053)
(0.0399634 -0.0336419 0.000738181)
(0.0391839 -0.0322274 0.000329445)
(0.0383169 -0.0319414 9.80476e-05)
(0.0383169 -0.0319415 -9.79827e-05)
(0.0391839 -0.0322274 -0.000329389)
(0.0399634 -0.033642 -0.000738143)
(0.0363678 -0.0374317 -0.00110528)
(0.0226491 -0.0154038 0.00115865)
(0.0255481 -0.0147735 0.00128839)
(0.0239216 -0.013537 0.000776822)
(0.0224407 -0.0129915 0.000252036)
(0.0224407 -0.0129915 -0.000252136)
(0.0239215 -0.0135369 -0.000776903)
(0.0255481 -0.0147735 -0.00128844)
(0.0226492 -0.0154038 -0.00115867)
(-0.051632 -0.0107088 0.00103047)
(-0.0502088 -0.010726 0.00196223)
(-0.0505129 -0.00973247 0.00126693)
(-0.0509005 -0.00919734 0.000465473)
(-0.0509005 -0.00919735 -0.000465554)
(-0.050513 -0.00973249 -0.00126699)
(-0.0502088 -0.010726 -0.00196227)
(-0.051632 -0.0107089 -0.00103049)
(0.183256 -0.00620543 -2.93474e-05)
(0.203448 0.00099261 -0.000138496)
(0.204386 0.00126428 9.55005e-06)
(0.203302 0.00084531 -4.16173e-05)
(0.203302 0.000845302 4.16409e-05)
(0.204386 0.00126426 -9.52924e-06)
(0.203448 0.00099257 0.000138513)
(0.183256 -0.00620548 2.93545e-05)
(0.317376 0.0541145 -0.000111247)
(0.330793 0.0521843 -0.000491919)
(0.331362 0.0521258 -0.000300268)
(0.331186 0.0521605 -0.000179508)
(0.331186 0.0521605 0.000179513)
(0.331362 0.0521258 0.000300272)
(0.330793 0.0521843 0.000491922)
(0.317376 0.0541145 0.000111248)
(0.12084 -0.0459139 0.000720204)
(0.1396 -0.0405743 0.0009386)
(0.141826 -0.0394694 0.000584072)
(0.141488 -0.0395589 0.000193308)
(0.141488 -0.0395589 -0.000193279)
(0.141826 -0.0394694 -0.000584047)
(0.1396 -0.0405743 -0.000938583)
(0.12084 -0.045914 -0.000720197)
(-0.0210968 -0.00151058 -0.00120972)
(-0.0177516 -0.00307077 8.33689e-05)
(-0.0170653 -0.00384514 -0.000141848)
(-0.0172154 -0.00413899 7.83282e-06)
(-0.0172154 -0.00413898 -7.65905e-06)
(-0.0170653 -0.0038451 0.000141998)
(-0.0177516 -0.00307072 -8.32958e-05)
(-0.0210968 -0.00151052 0.00120974)
(0.128632 -0.0427505 0.000589701)
(0.149725 -0.0369521 0.000780791)
(0.152187 -0.0359565 0.00050528)
(0.151784 -0.0361344 0.000162257)
(0.151784 -0.0361344 -0.000162227)
(0.152187 -0.0359565 -0.000505254)
(0.149725 -0.0369521 -0.000780773)
(0.128632 -0.0427506 -0.000589694)
(0.34711 0.0351591 -0.000481079)
(0.36313 0.0337824 -0.000981032)
(0.363898 0.0337688 -0.000413934)
(0.363691 0.033842 -0.000173835)
(0.363691 0.033842 0.000173842)
(0.363898 0.0337688 0.000413939)
(0.36313 0.0337824 0.000981035)
(0.34711 0.035159 0.000481081)
(0.098201 -0.223233 -0.0170575)
(0.151079 -0.204925 -0.00958623)
(0.157479 -0.203187 -0.00822879)
(0.155729 -0.204676 -0.00217905)
(0.155729 -0.204676 0.002179)
(0.157479 -0.203187 0.00822875)
(0.151079 -0.204925 0.0095862)
(0.0982011 -0.223233 0.0170575)
(0.0648115 -0.0434241 0.00177062)
(0.072232 -0.0396312 0.00192569)
(0.0718347 -0.0381139 0.000945928)
(0.0708511 -0.0378161 0.00027012)
(0.070851 -0.0378161 -0.000270086)
(0.0718347 -0.0381139 -0.000945898)
(0.072232 -0.0396312 -0.00192567)
(0.0648115 -0.0434242 -0.00177061)
(0.200284 0.065251 0.00084907)
(0.216203 0.06663 0.000539697)
(0.216406 0.0663405 0.000102695)
(0.215337 0.0662726 -2.67551e-05)
(0.215337 0.0662726 2.67506e-05)
(0.216406 0.0663405 -0.0001027)
(0.216203 0.06663 -0.000539699)
(0.200284 0.0652509 -0.000849071)
(0.126357 0.0119366 -0.000636801)
(0.137694 0.0147031 -0.000323582)
(0.136387 0.0138683 0.000640728)
(0.13476 0.0134048 0.000306609)
(0.13476 0.0134048 -0.000306577)
(0.136387 0.0138683 -0.000640702)
(0.137694 0.014703 0.000323602)
(0.126357 0.0119366 0.000636811)
(0.136037 -0.0606288 0.0022759)
(0.153947 -0.0524435 0.00314893)
(0.157277 -0.0497921 0.00169745)
(0.157406 -0.0494484 0.000523421)
(0.157406 -0.0494484 -0.000523413)
(0.157277 -0.0497921 -0.00169744)
(0.153947 -0.0524435 -0.00314893)
(0.136037 -0.0606288 -0.0022759)
(0.0528473 -0.0394722 0.0016106)
(0.0618934 -0.0368999 0.00167201)
(0.0622282 -0.0354686 0.000858649)
(0.0614772 -0.035088 0.000263011)
(0.0614772 -0.035088 -0.000262993)
(0.0622282 -0.0354686 -0.000858633)
(0.0618934 -0.0368999 -0.00167199)
(0.0528473 -0.0394722 -0.00161059)
(0.0819722 -0.0407359 0.000978324)
(0.0925639 -0.0372379 0.00120933)
(0.0935893 -0.0357639 0.000665137)
(0.0932886 -0.0354635 0.000222789)
(0.0932886 -0.0354636 -0.000222781)
(0.0935893 -0.0357639 -0.00066513)
(0.092564 -0.0372379 -0.00120933)
(0.0819723 -0.0407359 -0.00097832)
(0.100317 -0.0694082 0.00231762)
(0.133557 -0.0604738 0.00309675)
(0.139787 -0.0583996 0.00193476)
(0.139946 -0.058412 0.000560183)
(0.139946 -0.058412 -0.000560169)
(0.139787 -0.0583996 -0.00193474)
(0.133557 -0.0604738 -0.00309674)
(0.100317 -0.0694082 -0.00231761)
(0.290519 -0.000597784 -0.00244651)
(0.328675 0.00244298 -0.000709688)
(0.334888 0.0029923 -0.00200472)
(0.334452 0.00307247 0.000626707)
(0.334452 0.00307247 -0.000626731)
(0.334888 0.00299231 0.0020047)
(0.328675 0.00244298 0.000709677)
(0.290519 -0.000597776 0.00244651)
(0.334695 0.000133191 0.000187161)
(0.33515 0.000141381 0.000262068)
(0.335119 0.000140936 8.91216e-05)
(0.335117 0.00014291 2.96405e-05)
(0.335117 0.00014291 -2.96405e-05)
(0.335119 0.000140936 -8.91215e-05)
(0.33515 0.000141381 -0.000262068)
(0.334695 0.000133191 -0.000187161)
(0.333576 -7.52342e-05 0.000359899)
(0.334228 5.85957e-05 0.000468676)
(0.334108 6.98425e-05 0.000182484)
(0.334088 6.95651e-05 6.97967e-05)
(0.334088 6.95651e-05 -6.97967e-05)
(0.334108 6.98425e-05 -0.000182484)
(0.334228 5.85957e-05 -0.000468676)
(0.333576 -7.52342e-05 -0.000359899)
(0.283486 -0.000606902 -0.00342067)
(0.322463 0.00227959 -0.00158333)
(0.32843 0.00277244 -0.0026133)
(0.327762 0.00285432 0.000560741)
(0.327762 0.00285432 -0.000560774)
(0.32843 0.00277245 0.00261327)
(0.322463 0.0022796 0.00158331)
(0.283486 -0.000606894 0.00342066)
(0.0125326 -0.0475804 0.00204686)
(0.0111987 -0.0462918 0.00305303)
(0.0109833 -0.0458104 0.00162832)
(0.0112797 -0.0461377 0.000527807)
(0.0112797 -0.0461377 -0.000527811)
(0.0109833 -0.0458104 -0.00162832)
(0.0111987 -0.0462918 -0.00305303)
(0.0125326 -0.0475804 -0.00204687)
(-0.016314 -0.101278 -0.00188239)
(-0.0206647 -0.102301 -0.00265319)
(-0.0217544 -0.103274 -0.00151001)
(-0.0219513 -0.10392 -0.000468835)
(-0.0219513 -0.10392 0.000468828)
(-0.0217544 -0.103274 0.00151)
(-0.0206648 -0.102301 0.00265319)
(-0.016314 -0.101278 0.00188239)
(-0.0105714 0.0659209 -0.00306159)
(-0.0160205 0.0659289 -0.003093)
(-0.015487 0.0664644 -0.000655766)
(-0.01471 0.0667849 -8.27261e-06)
(-0.0147101 0.0667849 7.71894e-06)
(-0.0154871 0.0664644 0.000655295)
(-0.0160207 0.065929 0.00309269)
(-0.0105716 0.065921 0.00306142)
(0.00870806 0.00508724 -0.00574033)
(0.0230751 0.0049064 -0.00360893)
(0.0213716 0.00475844 -0.000882677)
(0.0188596 0.00515893 0.000168838)
(0.0188595 0.00515894 -0.000168611)
(0.0213716 0.00475848 0.000882822)
(0.0230751 0.00490648 0.00360898)
(0.00870814 0.00508736 0.00574038)
(-0.0384048 0.0484355 0.00204277)
(-0.0434788 0.0494976 0.00205266)
(-0.0432094 0.0501728 0.000486707)
(-0.042366 0.0508632 0.000119645)
(-0.0423661 0.0508631 -0.00011973)
(-0.0432097 0.0501727 -0.000486787)
(-0.0434791 0.0494975 -0.0020527)
(-0.0384053 0.0484354 -0.00204277)
(0.135858 0.00618993 -0.000667544)
(0.14785 0.00921404 -0.000368075)
(0.14703 0.00856543 0.00043763)
(0.145661 0.00812358 0.000177628)
(0.145661 0.00812358 -0.000177593)
(0.14703 0.00856542 -0.0004376)
(0.14785 0.00921403 0.000368097)
(0.135858 0.00618992 0.000667555)
(0.120235 -0.0651285 0.00169424)
(0.142362 -0.0577856 0.00250153)
(0.146578 -0.0557411 0.00149513)
(0.146809 -0.0555926 0.000474972)
(0.146809 -0.0555926 -0.00047496)
(0.146578 -0.0557411 -0.00149512)
(0.142362 -0.0577856 -0.00250153)
(0.120235 -0.0651285 -0.00169424)
(0.0372739 -0.036282 0.00594862)
(0.090994 -0.0355485 0.00513185)
(0.102329 -0.0343794 0.00220765)
(0.101622 -0.0343416 0.000369553)
(0.101622 -0.0343416 -0.000369552)
(0.102329 -0.0343794 -0.00220765)
(0.0909941 -0.0355485 -0.00513185)
(0.0372739 -0.036282 -0.00594862)
(0.0880769 -0.0460924 0.000798392)
(0.0972792 -0.0415473 0.000959896)
(0.0977239 -0.0400016 0.000562762)
(0.0972198 -0.0397441 0.00020368)
(0.0972198 -0.0397441 -0.000203663)
(0.0977239 -0.0400016 -0.000562747)
(0.0972792 -0.0415473 -0.000959884)
(0.0880769 -0.0460924 -0.000798386)
(0.020887 -0.113894 -0.027955)
(0.0629521 -0.100107 -0.0188547)
(0.0703897 -0.0978796 -0.0139383)
(0.0684792 -0.0984764 -0.00416963)
(0.0684793 -0.0984764 0.00416954)
(0.0703897 -0.0978796 0.0139382)
(0.0629522 -0.100107 0.0188546)
(0.020887 -0.113894 0.027955)
(0.189988 0.035281 -9.80856e-05)
(0.2027 0.035587 -0.000569554)
(0.202044 0.0360722 -0.000555659)
(0.200802 0.0363997 -0.000259388)
(0.200802 0.0363997 0.000259298)
(0.202044 0.0360722 0.000555578)
(0.2027 0.0355871 0.000569508)
(0.189988 0.0352811 9.80662e-05)
(0.104369 0.0268193 0.000380817)
(0.111434 0.027558 9.03335e-05)
(0.110229 0.0282127 1.87305e-05)
(0.109461 0.0291389 0.00011929)
(0.109461 0.0291389 -0.000119438)
(0.110228 0.0282127 -1.88729e-05)
(0.111434 0.027558 -9.04242e-05)
(0.104368 0.0268193 -0.000380851)
(0.13408 0.0605522 0.00151429)
(0.142224 0.060931 0.00123986)
(0.140591 0.0598119 0.000394794)
(0.139117 0.0592622 0.000134999)
(0.139117 0.0592622 -0.000134994)
(0.140591 0.0598119 -0.000394789)
(0.142224 0.060931 -0.00123986)
(0.13408 0.0605522 -0.00151428)
(-0.119748 0.000439573 0.00043486)
(-0.122159 0.000889256 0.000653504)
(-0.121979 0.00115782 0.000478106)
(-0.121755 0.00129796 0.00020375)
(-0.121755 0.00129796 -0.000203724)
(-0.121979 0.00115782 -0.000478086)
(-0.12216 0.000889256 -0.000653498)
(-0.119748 0.000439561 -0.000434862)
(0.157557 0.0375245 -0.000333249)
(0.171791 0.0390036 -0.00111945)
(0.170769 0.0397524 -0.0010797)
(0.16894 0.0401685 -0.000506687)
(0.16894 0.0401685 0.000506668)
(0.170769 0.0397524 0.00107968)
(0.171791 0.0390036 0.00111945)
(0.157556 0.0375244 0.000333256)
(0.0604536 0.0152174 0.001019)
(0.06658 0.0173781 0.00101182)
(0.064196 0.0180723 0.000619199)
(0.0620466 0.0184167 0.000191566)
(0.0620466 0.0184167 -0.00019173)
(0.0641958 0.0180723 -0.000619366)
(0.0665798 0.0173781 -0.00101197)
(0.0604534 0.0152174 -0.00101906)
(0.348728 0.0479236 0.00331819)
(0.360798 0.0669199 0.00582626)
(0.362239 0.0708697 0.00234342)
(0.362388 0.0715564 0.000970321)
(0.362388 0.0715564 -0.000970308)
(0.362239 0.0708697 -0.00234341)
(0.360798 0.0669199 -0.00582625)
(0.348728 0.0479237 -0.00331818)
(0.0787163 -0.0376987 0.000932911)
(0.0884379 -0.0342503 0.00112248)
(0.0891767 -0.0326716 0.000605109)
(0.0886778 -0.0322838 0.000199931)
(0.0886778 -0.0322838 -0.000199934)
(0.0891767 -0.0326716 -0.000605111)
(0.0884379 -0.0342503 -0.00112248)
(0.0787163 -0.0376987 -0.000932908)
(0.11969 0.0178123 0.000229728)
(0.130976 0.0207545 0.000522199)
(0.129481 0.019949 0.000821687)
(0.127818 0.0194687 0.000371227)
(0.127818 0.0194687 -0.000371202)
(0.129481 0.019949 -0.000821666)
(0.130976 0.0207545 -0.000522184)
(0.11969 0.0178122 -0.000229721)
(0.10602 -0.032245 0.000863939)
(0.117763 -0.0283958 0.00104155)
(0.119053 -0.0263817 0.000562587)
(0.118719 -0.0258576 0.000204868)
(0.118719 -0.0258576 -0.000204875)
(0.119053 -0.0263817 -0.000562593)
(0.117763 -0.0283958 -0.00104156)
(0.10602 -0.032245 -0.000863937)
(-0.0800922 -0.0117227 0.000180124)
(-0.0849676 -0.0105526 0.000231133)
(-0.0871427 -0.00961266 -7.14119e-05)
(-0.0880349 -0.00924847 -1.43941e-05)
(-0.0880349 -0.00924847 1.44487e-05)
(-0.0871427 -0.00961267 7.1464e-05)
(-0.0849676 -0.0105526 -0.00023109)
(-0.0800921 -0.0117227 -0.000180097)
(0.20798 0.0748766 0.000764639)
(0.223963 0.0755109 0.000528246)
(0.224342 0.0752283 0.000197663)
(0.223503 0.0751977 1.78939e-05)
(0.223503 0.0751977 -1.7901e-05)
(0.224342 0.0752283 -0.000197669)
(0.223963 0.0755109 -0.000528249)
(0.20798 0.0748766 -0.000764641)
(-0.122439 0.00124105 0.00035892)
(-0.124879 0.00163908 0.000537118)
(-0.124882 0.00190817 0.000356844)
(-0.124754 0.00202441 0.000162526)
(-0.124754 0.00202441 -0.000162495)
(-0.124882 0.00190817 -0.000356819)
(-0.124879 0.00163908 -0.000537109)
(-0.12244 0.00124103 -0.000358921)
(0.108099 -0.0779109 0.00279845)
(0.140937 -0.0676465 0.00357445)
(0.147287 -0.0649741 0.00207009)
(0.147481 -0.0648536 0.000584077)
(0.147481 -0.0648536 -0.000584066)
(0.147287 -0.0649741 -0.00207009)
(0.140937 -0.0676465 -0.00357445)
(0.108099 -0.0779109 -0.00279844)
(-0.00797477 0.0760305 -0.00132334)
(-0.0144013 0.0760036 -0.000806887)
(-0.0140276 0.0767901 -0.000213484)
(-0.0131722 0.0773948 -1.09044e-06)
(-0.0131723 0.0773948 6.9639e-07)
(-0.0140278 0.0767901 0.000213143)
(-0.0144015 0.0760036 0.000806658)
(-0.00797507 0.0760305 0.0013232)
(0.00792334 -0.104238 -0.000757752)
(0.00460741 -0.10629 -0.00075111)
(0.00386617 -0.107521 -0.00056189)
(0.0036891 -0.108199 -0.000215101)
(0.00368909 -0.108199 0.000215094)
(0.00386617 -0.107521 0.000561885)
(0.0046074 -0.10629 0.000751107)
(0.00792333 -0.104238 0.000757751)
(0.0451182 0.0122967 0.000312838)
(0.0506211 0.0107064 0.000422459)
(0.0493832 0.0119831 0.000238518)
(0.047843 0.0129534 0.000133633)
(0.047843 0.0129534 -0.000133657)
(0.0493833 0.0119831 -0.000238525)
(0.0506211 0.0107064 -0.000422479)
(0.0451182 0.0122967 -0.000312857)
(0.0429735 -0.0159146 0.00464895)
(0.0902419 -0.0151073 0.0051627)
(0.100583 -0.0146941 0.00286328)
(0.0998869 -0.0147344 0.000590796)
(0.0998869 -0.0147344 -0.000590785)
(0.100583 -0.0146941 -0.00286327)
(0.0902419 -0.0151073 -0.00516269)
(0.0429735 -0.0159146 -0.00464893)
(0.00741243 0.0436599 -0.000169571)
(0.00952412 0.0409756 -3.61813e-05)
(0.00552836 0.0392119 0.000850196)
(0.00301729 0.0385007 0.000566368)
(0.00301729 0.0385007 -0.00056637)
(0.00552834 0.0392118 -0.000850199)
(0.0095241 0.0409756 3.61799e-05)
(0.00741241 0.0436599 0.000169571)
(0.0497572 -0.0326014 0.000937647)
(0.0549139 -0.0301978 0.000889344)
(0.054476 -0.0286964 0.000557466)
(0.0536746 -0.0281466 0.000201181)
(0.0536746 -0.0281466 -0.000201211)
(0.054476 -0.0286964 -0.00055749)
(0.0549139 -0.0301978 -0.000889358)
(0.0497572 -0.0326014 -0.00093765)
(-0.0281249 0.00156035 -1.87296e-05)
(-0.0289545 0.00329032 -0.000111146)
(-0.0301709 0.00410856 0.000162498)
(-0.030703 0.00446432 9.25986e-05)
(-0.0307031 0.00446431 -9.24727e-05)
(-0.0301712 0.00410855 -0.000162387)
(-0.028955 0.00329031 0.000111237)
(-0.0281253 0.00156032 1.87629e-05)
(0.331708 0.00805628 0.000306462)
(0.34634 0.00764736 -9.66938e-05)
(0.34674 0.00759787 -7.15126e-05)
(0.346519 0.00759189 -2.13886e-06)
(0.346519 0.00759189 2.14346e-06)
(0.34674 0.00759787 7.15165e-05)
(0.34634 0.00764736 9.66965e-05)
(0.331708 0.00805627 -0.000306461)
(0.0122078 -0.0556221 -0.00542978)
(0.0820609 -0.0489146 0.00145054)
(0.0915284 -0.0465495 -0.00124353)
(0.0899763 -0.0466143 -0.000648625)
(0.0899763 -0.0466143 0.000648611)
(0.0915284 -0.0465495 0.00124351)
(0.0820609 -0.0489146 -0.00145056)
(0.0122079 -0.0556221 0.00542973)
(0.167418 0.0344627 0.000827467)
(0.180284 0.0373904 0.000551778)
(0.180016 0.0367085 0.000137491)
(0.178782 0.0362131 5.10356e-05)
(0.178782 0.0362131 -5.10271e-05)
(0.180016 0.0367085 -0.000137483)
(0.180284 0.0373904 -0.000551773)
(0.167418 0.0344627 -0.000827466)
(0.069585 0.015248 0.000663001)
(0.0787153 0.0175772 0.00103859)
(0.075679 0.0153543 0.00119789)
(0.0734002 0.0144794 0.000647095)
(0.0734002 0.0144794 -0.000647075)
(0.075679 0.0153543 -0.00119787)
(0.0787152 0.0175772 -0.00103857)
(0.069585 0.015248 -0.000662994)
(-0.0291061 -0.021025 0.00152369)
(-0.0338152 -0.0187741 0.0022227)
(-0.0369316 -0.0169313 0.00139437)
(-0.0382325 -0.0161951 0.000484979)
(-0.0382324 -0.0161951 -0.000485004)
(-0.0369315 -0.0169313 -0.00139439)
(-0.0338151 -0.0187742 -0.00222272)
(-0.029106 -0.0210251 -0.0015237)
(-0.00905175 -0.033059 0.00176104)
(-0.013155 -0.0293574 0.00163855)
(-0.0155192 -0.0277078 0.000746969)
(-0.0166484 -0.0272027 0.000202423)
(-0.0166484 -0.0272027 -0.000202264)
(-0.0155192 -0.0277078 -0.000746808)
(-0.0131551 -0.0293575 -0.00163841)
(-0.00905172 -0.0330591 -0.00176096)
(0.151722 0.0822612 0.00155444)
(0.158931 0.0798893 0.0013113)
(0.157143 0.0789338 0.00049056)
(0.155404 0.0786474 0.000153556)
(0.155404 0.0786474 -0.000153553)
(0.157143 0.0789338 -0.000490557)
(0.158931 0.0798893 -0.0013113)
(0.151722 0.0822612 -0.00155444)
(-0.0719643 -0.00697267 0.000823352)
(-0.0705614 -0.00727136 0.00186074)
(-0.0704276 -0.00665956 0.00131896)
(-0.0705338 -0.00636743 0.000521004)
(-0.0705338 -0.00636744 -0.000521095)
(-0.0704276 -0.00665959 -0.00131904)
(-0.0705614 -0.0072714 -0.0018608)
(-0.0719643 -0.00697272 -0.000823379)
(-0.0827709 -0.00879874 0.00102073)
(-0.0831633 -0.00832544 0.00198561)
(-0.0835666 -0.0074891 0.00140341)
(-0.083776 -0.00712687 0.000548631)
(-0.083776 -0.00712688 -0.000548702)
(-0.0835666 -0.00748913 -0.00140347)
(-0.0831633 -0.00832548 -0.00198566)
(-0.0827708 -0.00879881 -0.00102075)
(0.179751 -0.00501637 -0.000286287)
(0.200761 0.00117037 -0.000331635)
(0.201823 0.00114938 -8.81064e-05)
(0.200744 0.000564401 -8.55218e-05)
(0.200744 0.000564395 8.55446e-05)
(0.201823 0.00114936 8.8126e-05)
(0.200761 0.00117034 0.000331649)
(0.179751 -0.00501641 0.000286293)
(0.000356866 -0.0841846 -0.0351737)
(0.0226193 -0.0769908 -0.0303819)
(0.0292738 -0.0750883 -0.0211088)
(0.0281018 -0.0756199 -0.00619682)
(0.0281018 -0.0756199 0.00619669)
(0.0292738 -0.0750883 0.0211087)
(0.0226193 -0.0769907 0.0303818)
(0.000356884 -0.0841846 0.0351737)
(-0.131858 -0.0161566 0.000507359)
(-0.134432 -0.0166975 0.000851683)
(-0.135862 -0.0176225 0.000810357)
(-0.136306 -0.0181525 0.000389123)
(-0.136306 -0.0181525 -0.000389122)
(-0.135862 -0.0176225 -0.000810357)
(-0.134432 -0.0166975 -0.000851683)
(-0.131858 -0.0161566 -0.00050736)
(-0.122188 0.013814 0.00119301)
(-0.126297 0.0128397 0.00248576)
(-0.128443 0.0116286 0.00203636)
(-0.129139 0.0109701 0.000861705)
(-0.129139 0.0109701 -0.000861702)
(-0.128443 0.0116286 -0.00203636)
(-0.126297 0.0128397 -0.00248576)
(-0.122188 0.013814 -0.00119301)
(0.1862 0.0326635 3.21716e-05)
(0.198869 0.032672 -0.000397361)
(0.198306 0.0329753 -0.000386731)
(0.197244 0.0332384 -0.000165648)
(0.197244 0.0332384 0.000165548)
(0.198306 0.0329753 0.000386637)
(0.198869 0.0326721 0.0003973)
(0.1862 0.0326635 -3.21981e-05)
(0.071479 -0.0137425 0.00216154)
(0.112436 -0.0124286 0.00316999)
(0.119282 -0.011974 0.00245328)
(0.118862 -0.0120442 0.000715237)
(0.118862 -0.0120442 -0.000715213)
(0.119282 -0.011974 -0.00245326)
(0.112436 -0.0124286 -0.00316998)
(0.071479 -0.0137425 -0.00216153)
(0.102405 -0.00955585 0.000797554)
(0.13452 -0.00773026 0.00151583)
(0.138403 -0.00749523 0.00132597)
(0.137776 -0.0076452 0.000379832)
(0.137776 -0.0076452 -0.000379804)
(0.138403 -0.00749523 -0.00132595)
(0.13452 -0.00773026 -0.00151582)
(0.102405 -0.00955585 -0.000797548)
(-0.130508 -0.00215792 0.000346988)
(-0.131991 -0.00198483 0.000648465)
(-0.132465 -0.00160189 0.000444641)
(-0.132596 -0.00145008 0.000206669)
(-0.132596 -0.00145009 -0.000206699)
(-0.132465 -0.00160191 -0.000444669)
(-0.131991 -0.00198487 -0.00064849)
(-0.130508 -0.00215798 -0.000347)
(-0.127745 0.00108064 0.000298652)
(-0.129804 0.00145048 0.000482332)
(-0.130303 0.00178976 0.000297826)
(-0.130434 0.00193777 0.00014457)
(-0.130434 0.00193776 -0.000144575)
(-0.130303 0.00178974 -0.000297833)
(-0.129804 0.00145044 -0.000482343)
(-0.127745 0.00108058 -0.000298659)
(0.192982 0.00884585 -3.54299e-05)
(0.213614 0.0154492 -0.00026984)
(0.214557 0.015521 -0.00011048)
(0.213485 0.015136 -8.24741e-05)
(0.213485 0.015136 8.24841e-05)
(0.214557 0.015521 0.000110489)
(0.213614 0.0154491 0.000269848)
(0.192982 0.00884581 3.54327e-05)
(0.261409 0.0556664 0.00386251)
(0.273098 0.0633213 0.00491738)
(0.273944 0.0665477 0.00209672)
(0.273739 0.0674053 0.000740404)
(0.273739 0.0674053 -0.000740398)
(0.273944 0.0665477 -0.00209671)
(0.273098 0.0633213 -0.00491738)
(0.261409 0.0556664 -0.0038625)
(-0.084191 0.00550961 0.000221126)
(-0.089415 0.00568838 0.000272818)
(-0.0908727 0.00598873 7.91699e-05)
(-0.0913328 0.00609418 3.4084e-05)
(-0.0913329 0.00609418 -3.39943e-05)
(-0.0908728 0.00598874 -7.9092e-05)
(-0.0894152 0.00568838 -0.000272769)
(-0.0841912 0.00550959 -0.000221109)
(0.137643 -0.00522144 -0.000328512)
(0.161946 -0.0023918 -0.000160971)
(0.163548 -0.0022683 0.000251067)
(0.162593 -0.00254903 -7.05151e-06)
(0.162593 -0.00254903 7.08359e-06)
(0.163548 -0.00226831 -0.00025104)
(0.161946 -0.00239181 0.000160989)
(0.137643 -0.00522145 0.000328519)
(-0.00151736 -0.00695173 -0.00347703)
(0.00133546 -0.00907756 -0.00287379)
(0.00201054 -0.00959491 -0.00177678)
(0.00169935 -0.00967099 -0.000477805)
(0.00169936 -0.00967096 0.000478096)
(0.00201055 -0.00959484 0.00177701)
(0.00133547 -0.00907744 0.0028739)
(-0.00151729 -0.00695158 0.00347706)
(-0.012019 0.0273253 -0.00278923)
(-0.0179408 0.0266425 -0.00284993)
(-0.0166773 0.0270826 -0.000297373)
(-0.0154541 0.0273275 0.000207304)
(-0.0154542 0.0273275 -0.000207921)
(-0.0166775 0.0270826 0.000296866)
(-0.0179412 0.0266425 0.0028496)
(-0.0120193 0.0273252 0.00278904)
(-0.0272569 0.01405 -0.000237254)
(-0.0342037 0.0142545 -0.000417232)
(-0.032963 0.0145624 -0.000143115)
(-0.0315793 0.0148354 5.5376e-05)
(-0.0315794 0.0148354 -5.57282e-05)
(-0.0329632 0.0145623 0.000142806)
(-0.0342041 0.0142545 0.000417028)
(-0.0272573 0.01405 0.000237164)
(-0.0231591 -0.0496119 -0.00260864)
(-0.0279721 -0.0496882 -0.00410182)
(-0.0289255 -0.0500769 -0.0024735)
(-0.0291838 -0.0503978 -0.00074517)
(-0.0291838 -0.0503978 0.000745161)
(-0.0289255 -0.0500769 0.00247349)
(-0.0279721 -0.0496882 0.00410182)
(-0.0231591 -0.0496119 0.00260864)
(-0.00837671 -0.00381342 -0.00309956)
(-0.00738253 -0.00557928 -0.00291588)
(-0.00710846 -0.00626663 -0.00198887)
(-0.00729059 -0.00647845 -0.000610802)
(-0.00729059 -0.00647842 0.000611118)
(-0.00710845 -0.00626655 0.00198913)
(-0.00738252 -0.00557917 0.00291603)
(-0.00837664 -0.00381331 0.00309961)
(-0.0512646 -0.024214 -0.000256132)
(-0.056686 -0.0245714 -0.000672181)
(-0.0582698 -0.024935 -0.000613349)
(-0.0586844 -0.0253341 -0.000162693)
(-0.0586844 -0.0253341 0.000162688)
(-0.0582698 -0.024935 0.000613345)
(-0.056686 -0.0245714 0.000672178)
(-0.0512646 -0.024214 0.000256131)
(0.321095 0.010774 -7.60831e-05)
(0.337218 0.0102002 -0.000535172)
(0.337807 0.0101736 -0.000229406)
(0.337578 0.0101707 -5.89836e-05)
(0.337578 0.0101707 5.89933e-05)
(0.337807 0.0101736 0.000229414)
(0.337218 0.0102002 0.000535179)
(0.321095 0.010774 7.60868e-05)
(0.342211 0.0240796 -0.000297888)
(0.356941 0.0230549 -0.000789504)
(0.357488 0.0229703 -0.000304739)
(0.357277 0.0229845 -8.30754e-05)
(0.357277 0.0229845 8.30803e-05)
(0.357488 0.0229702 0.000304743)
(0.356941 0.0230549 0.000789507)
(0.342211 0.0240796 0.00029789)
(-0.0213858 -0.0214803 0.00220903)
(-0.0224974 -0.0200339 0.0026944)
(-0.0238886 -0.0184327 0.00131207)
(-0.0245947 -0.0177022 0.000354245)
(-0.0245947 -0.0177022 -0.000354338)
(-0.0238886 -0.0184327 -0.00131215)
(-0.0224974 -0.0200339 -0.00269444)
(-0.0213858 -0.0214804 -0.00220905)
(-0.00782763 -0.0324117 0.000125565)
(-0.00921425 -0.0301524 3.39708e-06)
(-0.0121989 -0.0289573 1.90637e-05)
(-0.0139106 -0.028502 3.86544e-05)
(-0.0139106 -0.028502 -3.85299e-05)
(-0.012199 -0.0289574 -1.89592e-05)
(-0.00921446 -0.0301524 -3.33284e-06)
(-0.00782764 -0.0324118 -0.000125536)
(-0.0589724 0.0241518 0.000848922)
(-0.0651788 0.0249262 0.000863323)
(-0.0661642 0.02524 0.000527671)
(-0.0663044 0.0254705 0.000234371)
(-0.0663045 0.0254705 -0.000234423)
(-0.0661645 0.02524 -0.000527713)
(-0.0651791 0.0249262 -0.000863336)
(-0.0589727 0.0241518 -0.000848915)
(-0.116955 0.00258289 0.000458491)
(-0.119372 0.00292089 0.000701617)
(-0.119193 0.00318465 0.000524382)
(-0.118951 0.0033267 0.000220506)
(-0.118951 0.00332669 -0.00022049)
(-0.119193 0.00318464 -0.000524372)
(-0.119373 0.00292087 -0.000701617)
(-0.116955 0.00258285 -0.000458495)
(0.137081 -0.00197371 -0.000812482)
(0.158615 5.15966e-05 -0.000491545)
(0.159661 -1.65362e-06 0.000236527)
(0.158734 -0.000243722 -2.70443e-05)
(0.158734 -0.000243724 2.70804e-05)
(0.159661 -1.6594e-06 -0.000236497)
(0.158615 5.15889e-05 0.000491565)
(0.137081 -0.00197371 0.00081249)
(-0.0710359 0.0258335 0.00050359)
(-0.0747151 0.0242607 0.00141246)
(-0.0771983 0.0226728 0.00178569)
(-0.0776084 0.0220638 0.000844197)
(-0.0776085 0.0220638 -0.000844191)
(-0.0771983 0.0226728 -0.00178568)
(-0.0747152 0.0242607 -0.00141246)
(-0.0710359 0.0258335 -0.00050359)
(0.154676 0.0359711 -0.000441703)
(0.168648 0.0373723 -0.00106171)
(0.16737 0.0378562 -0.000820896)
(0.165102 0.0380722 -0.000377354)
(0.165102 0.0380722 0.000377325)
(0.16737 0.0378562 0.00082087)
(0.168648 0.0373723 0.0010617)
(0.154676 0.0359711 0.000441701)
(-0.00152018 -0.0309456 -0.0359398)
(0.0177081 -0.0250359 -0.0305668)
(0.0240655 -0.0234567 -0.0211726)
(0.0228899 -0.0242265 -0.0063517)
(0.0228899 -0.0242265 0.00635157)
(0.0240655 -0.0234567 0.0211725)
(0.0177081 -0.0250358 0.0305667)
(-0.00152016 -0.0309456 0.0359398)
(-0.00530464 -0.00788827 -0.0253665)
(0.0354654 -0.0113557 -0.017101)
(0.0445778 -0.0107253 -0.013704)
(0.0418726 -0.0114245 -0.00449634)
(0.0418726 -0.0114245 0.00449627)
(0.0445778 -0.0107253 0.0137039)
(0.0354654 -0.0113557 0.0171009)
(-0.00530461 -0.00788827 0.0253664)
(0.0081256 -0.0376506 0.00113099)
(0.00440567 -0.0336581 0.000665014)
(0.00161159 -0.0316892 0.000309722)
(0.00044111 -0.0310859 9.80316e-05)
(0.000441108 -0.0310859 -9.79361e-05)
(0.0016116 -0.0316892 -0.000309647)
(0.0044057 -0.0336582 -0.00066499)
(0.00812564 -0.0376507 -0.00113099)
(0.179613 -0.0151203 -3.25115e-05)
(0.200762 -0.00777427 -0.000114749)
(0.202079 -0.00746634 -7.10189e-06)
(0.201134 -0.00795776 -4.78682e-05)
(0.201134 -0.00795776 4.78941e-05)
(0.202079 -0.00746637 7.12432e-06)
(0.200762 -0.00777431 0.000114766)
(0.179613 -0.0151203 3.25183e-05)
(0.0117979 0.0132219 -0.00355326)
(0.00721299 0.0161434 -0.00233215)
(0.00877902 0.0168202 -0.000570903)
(0.0126066 0.0176245 0.000172387)
(0.0126064 0.0176245 -0.00017262)
(0.00877862 0.0168202 0.000570701)
(0.0072124 0.0161434 0.00233199)
(0.0117971 0.0132221 0.00355305)
(0.215482 -0.222814 -0.0111272)
(0.261381 -0.192549 -0.00384176)
(0.266909 -0.189146 -0.00595255)
(0.265979 -0.190529 -0.00147412)
(0.265979 -0.190529 0.00147407)
(0.266909 -0.189146 0.00595252)
(0.261381 -0.192549 0.00384173)
(0.215482 -0.222814 0.0111272)
(0.215757 0.0832102 0.000772331)
(0.230673 0.0829719 0.000564917)
(0.230942 0.0827356 0.000234074)
(0.23017 0.0827818 3.06629e-05)
(0.23017 0.0827818 -3.06722e-05)
(0.230942 0.0827356 -0.000234082)
(0.230673 0.0829719 -0.000564922)
(0.215757 0.0832102 -0.000772334)
(-0.053717 -0.0180605 0.000484811)
(-0.0592153 -0.0160147 0.000683122)
(-0.0620611 -0.014554 0.000348798)
(-0.0632598 -0.0140277 0.000136111)
(-0.0632598 -0.0140277 -0.000136092)
(-0.0620611 -0.014554 -0.000348785)
(-0.0592153 -0.0160147 -0.000683127)
(-0.0537169 -0.0180606 -0.00048482)
(-0.123841 0.00145867 0.000378757)
(-0.125915 0.00183824 0.000552889)
(-0.125951 0.00210775 0.00034808)
(-0.125844 0.00222546 0.000156073)
(-0.125844 0.00222546 -0.000156044)
(-0.125951 0.00210774 -0.000348057)
(-0.125915 0.00183823 -0.00055288)
(-0.123841 0.00145865 -0.000378758)
(0.334393 -0.000839083 0.00250224)
(0.360444 0.00267991 0.00410171)
(0.366155 0.00341783 0.0017277)
(0.365961 0.00356022 0.001391)
(0.365961 0.00356023 -0.00139097)
(0.366155 0.00341784 -0.00172768)
(0.360444 0.00267991 -0.00410169)
(0.334393 -0.000839073 -0.00250224)
(0.333871 8.11326e-06 0.000445056)
(0.335168 -1.09153e-05 0.000520459)
(0.33502 1.03497e-05 0.000209522)
(0.334978 1.44441e-05 9.33713e-05)
(0.334978 1.44441e-05 -9.33713e-05)
(0.33502 1.03497e-05 -0.000209522)
(0.335168 -1.09153e-05 -0.000520459)
(0.333871 8.11326e-06 -0.000445056)
(0.13417 -0.00646211 -0.00017139)
(0.158939 -0.00368649 0.000107022)
(0.160679 -0.00357846 0.000346061)
(0.159788 -0.00386311 2.06086e-05)
(0.159788 -0.00386312 -2.05771e-05)
(0.160679 -0.00357847 -0.000346034)
(0.158939 -0.0036865 -0.000107005)
(0.13417 -0.00646212 0.000171397)
(0.130113 0.0323498 0.000120998)
(0.14047 0.0326071 -0.000662636)
(0.139047 0.0329331 -0.00107304)
(0.137385 0.0332809 -0.000532868)
(0.137385 0.0332809 0.00053285)
(0.139047 0.0329331 0.00107303)
(0.14047 0.0326071 0.000662659)
(0.130112 0.0323497 -0.000120984)
(-0.00666397 0.0295101 -0.00014336)
(-0.0113327 0.0282794 -0.000456105)
(-0.0109234 0.0277574 -0.000693598)
(-0.0094639 0.0273301 -0.000262215)
(-0.00946399 0.0273301 0.000262191)
(-0.0109237 0.0277575 0.00069357)
(-0.011333 0.0282794 0.000456111)
(-0.00666426 0.0295102 0.000143365)
(0.00926801 -0.0146726 0.00322895)
(0.0731887 -0.0139486 0.00289393)
(0.0840715 -0.0129862 -0.000101269)
(0.081979 -0.0130183 -0.000480392)
(0.081979 -0.0130183 0.000480382)
(0.0840715 -0.0129862 0.000101258)
(0.0731888 -0.0139486 -0.00289393)
(0.00926813 -0.0146727 -0.00322896)
(0.158658 -0.0247164 0.000127474)
(0.181834 -0.0183563 0.000197439)
(0.183822 -0.0178599 0.000168316)
(0.183049 -0.0182948 1.83405e-05)
(0.183049 -0.0182948 -1.83116e-05)
(0.183822 -0.0178599 -0.000168291)
(0.181834 -0.0183563 -0.000197422)
(0.158658 -0.0247165 -0.000127467)
(0.0429359 -0.0369275 0.00165218)
(0.0499787 -0.0347933 0.00164527)
(0.049413 -0.0334036 0.000811646)
(0.0481425 -0.0329325 0.000234635)
(0.0481425 -0.0329325 -0.000234637)
(0.049413 -0.0334036 -0.000811647)
(0.0499787 -0.0347933 -0.00164527)
(0.0429359 -0.0369276 -0.00165217)
(0.126554 -0.00550202 -0.000256166)
(0.152774 -0.00350229 7.30705e-05)
(0.154666 -0.00350158 0.000456511)
(0.153757 -0.00373521 9.71173e-05)
(0.153757 -0.00373522 -9.70865e-05)
(0.154666 -0.00350158 -0.000456484)
(0.152774 -0.0035023 -7.3054e-05)
(0.126554 -0.00550203 0.000256172)
(0.129504 -0.0170996 0.000258441)
(0.156918 -0.013151 0.000546291)
(0.159688 -0.0127789 0.0005347)
(0.158974 -0.013107 0.00012793)
(0.158974 -0.013107 -0.000127903)
(0.159688 -0.0127789 -0.000534676)
(0.156918 -0.013151 -0.000546276)
(0.129504 -0.0170996 -0.000258435)
(-0.0534665 0.0112246 8.10222e-05)
(-0.0508623 0.0113332 -0.000625548)
(-0.0500768 0.0113035 -0.000521796)
(-0.0494296 0.0111703 -0.000208791)
(-0.0494297 0.0111702 0.000208937)
(-0.0500771 0.0113035 0.000521925)
(-0.0508626 0.0113331 0.000625648)
(-0.0534667 0.0112245 -8.09829e-05)
(0.119401 -0.00932028 5.55679e-05)
(0.147873 -0.00721512 0.000394086)
(0.150421 -0.00709691 0.000613341)
(0.149595 -0.00731236 0.00015257)
(0.149595 -0.00731236 -0.000152541)
(0.150421 -0.00709692 -0.000613317)
(0.147873 -0.00721513 -0.000394071)
(0.119401 -0.00932029 -5.55618e-05)
(0.0752075 0.0149791 0.000185177)
(0.08446 0.0172161 0.000974609)
(0.0818764 0.0158862 0.00178362)
(0.0797015 0.015411 0.000828835)
(0.0797015 0.0154109 -0.000828804)
(0.0818763 0.0158862 -0.00178359)
(0.08446 0.0172161 -0.00097459)
(0.0752075 0.014979 -0.000185166)
(0.182061 -0.0114434 -2.20812e-05)
(0.202755 -0.00424785 -0.000114165)
(0.203934 -0.00399286 -1.43856e-05)
(0.202959 -0.00447287 -5.31144e-05)
(0.202959 -0.00447288 5.31395e-05)
(0.203934 -0.00399288 1.44073e-05)
(0.202755 -0.00424789 0.000114181)
(0.182061 -0.0114435 2.20878e-05)
(-0.00728036 -0.0404931 -0.0160974)
(0.0551083 -0.0422514 -0.00946801)
(0.0658617 -0.0421184 -0.0082046)
(0.0629961 -0.0421343 -0.00278953)
(0.0629961 -0.0421343 0.00278948)
(0.0658617 -0.0421184 0.00820455)
(0.0551084 -0.0422514 0.00946797)
(-0.00728033 -0.0404931 0.0160973)
(-0.0111676 -0.026604 0.000457064)
(-0.0163717 -0.0242605 0.000677559)
(-0.0206347 -0.0230926 0.000377909)
(-0.0226143 -0.0226246 0.000129235)
(-0.0226144 -0.0226246 -0.000129056)
(-0.020635 -0.0230926 -0.000377746)
(-0.0163721 -0.0242605 -0.000677437)
(-0.0111683 -0.0266041 -0.000457015)
(0.0329453 -0.0328618 0.00115998)
(0.0407543 -0.0316793 0.0010417)
(0.0404031 -0.0303124 0.000604583)
(0.0391942 -0.0297102 0.000205252)
(0.0391942 -0.0297102 -0.000205275)
(0.040403 -0.0303124 -0.000604601)
(0.0407543 -0.0316793 -0.00104171)
(0.0329453 -0.0328618 -0.00115998)
(-0.0436432 0.0292662 0.00351974)
(-0.0514359 0.0297005 0.00362369)
(-0.0513481 0.0291217 0.00165922)
(-0.0494951 0.028637 0.000465616)
(-0.0494951 0.028637 -0.000465603)
(-0.0513481 0.0291217 -0.00165921)
(-0.0514359 0.0297005 -0.00362369)
(-0.0436432 0.0292662 -0.00351974)
(-0.0839947 -0.0037428 0.000840037)
(-0.0829708 -0.00402347 0.00191257)
(-0.0827772 -0.0035887 0.00146619)
(-0.0828226 -0.00340264 0.00059122)
(-0.0828226 -0.00340265 -0.000591317)
(-0.0827772 -0.00358872 -0.00146627)
(-0.0829708 -0.0040235 -0.00191263)
(-0.0839947 -0.00374284 -0.000840065)
(0.176687 -0.00987056 -0.000204708)
(0.19839 -0.00362202 -0.000229074)
(0.199668 -0.00353824 -6.08514e-05)
(0.198666 -0.00409563 -7.74377e-05)
(0.198666 -0.00409564 7.74616e-05)
(0.199668 -0.00353826 6.08719e-05)
(0.19839 -0.00362204 0.000229089)
(0.176687 -0.00987059 0.000204715)
(0.15242 -0.0206009 -7.04921e-06)
(0.17713 -0.0151887 0.000116097)
(0.179292 -0.0147959 0.000172112)
(0.178487 -0.0152219 1.38402e-05)
(0.178487 -0.0152219 -1.3813e-05)
(0.179292 -0.0147959 -0.000172089)
(0.17713 -0.0151887 -0.000116082)
(0.15242 -0.020601 7.05567e-06)
(0.131415 0.0300773 -0.000348879)
(0.14102 0.0309373 -0.00139534)
(0.13923 0.0316082 -0.00149335)
(0.137078 0.0320141 -0.000682913)
(0.137078 0.0320141 0.000682911)
(0.13923 0.0316082 0.00149336)
(0.14102 0.0309373 0.00139538)
(0.131414 0.0300773 0.0003489)
(-0.141259 0.0115105 0.000946922)
(-0.144467 0.0100098 0.00192516)
(-0.145975 0.00873097 0.00171063)
(-0.146378 0.00805766 0.000759642)
(-0.146378 0.00805766 -0.000759639)
(-0.145975 0.00873096 -0.00171063)
(-0.144467 0.0100098 -0.00192516)
(-0.141259 0.0115105 -0.000946922)
(0.088766 -0.00800593 0.00156289)
(0.123887 -0.00647485 0.00252052)
(0.128877 -0.0061653 0.00195159)
(0.128311 -0.00623955 0.000570922)
(0.128311 -0.00623955 -0.000570894)
(0.128877 -0.0061653 -0.00195157)
(0.123887 -0.00647485 -0.00252051)
(0.088766 -0.00800593 -0.00156289)
(-0.133682 -0.000557066 0.000373611)
(-0.135472 -0.000421852 0.000693032)
(-0.135883 -0.000162608 0.000502973)
(-0.135987 -6.69995e-05 0.00022617)
(-0.135987 -6.70082e-05 -0.000226197)
(-0.135883 -0.00016263 -0.000502999)
(-0.135472 -0.000421889 -0.000693058)
(-0.133682 -0.000557123 -0.000373625)
(-0.00164429 0.0268895 0.00103013)
(-0.00195569 0.027334 0.000283179)
(-0.000496756 0.0278155 -0.00105197)
(0.00231687 0.0282693 -0.000568222)
(0.00231673 0.0282693 0.000568293)
(-0.000497124 0.0278155 0.00105204)
(-0.00195622 0.0273339 -0.000283082)
(-0.00164494 0.0268894 -0.00103009)
(0.19275 0.00325746 -9.34731e-05)
(0.213631 0.0102147 -0.000300912)
(0.214683 0.0103422 -0.000109894)
(0.21363 0.00991779 -8.28755e-05)
(0.21363 0.00991778 8.28892e-05)
(0.214683 0.0103422 0.000109906)
(0.213631 0.0102147 0.000300922)
(0.19275 0.00325741 9.3477e-05)
(-0.0779542 0.0106256 0.00111727)
(-0.0829585 0.0108832 0.00178175)
(-0.0832302 0.0101352 0.00193512)
(-0.0821887 0.00994828 0.000905401)
(-0.0821887 0.00994828 -0.000905388)
(-0.0832302 0.0101352 -0.00193511)
(-0.0829585 0.0108832 -0.00178174)
(-0.0779542 0.0106256 -0.00111727)
(0.0352086 0.042098 0.00171432)
(0.0266481 0.0354216 0.0023816)
(0.0262834 0.0354444 0.00232819)
(0.0278057 0.036751 0.000961613)
(0.0278057 0.036751 -0.000961609)
(0.0262834 0.0354444 -0.00232818)
(0.0266481 0.0354216 -0.0023816)
(0.0352086 0.042098 -0.00171432)
(0.135723 -0.0159004 8.47656e-05)
(0.162164 -0.0119563 0.000327812)
(0.164556 -0.0116097 0.000392256)
(0.163776 -0.0119316 7.14395e-05)
(0.163776 -0.0119316 -7.14113e-05)
(0.164556 -0.0116097 -0.000392233)
(0.162164 -0.0119563 -0.000327796)
(0.135723 -0.0159004 -8.47593e-05)
(-0.0174931 -0.0810204 -0.00137677)
(-0.0234327 -0.0818922 -0.00211507)
(-0.0249786 -0.0825553 -0.00137653)
(-0.0252529 -0.0830302 -0.000422641)
(-0.0252529 -0.0830302 0.000422635)
(-0.0249786 -0.0825553 0.00137653)
(-0.0234327 -0.0818922 0.00211507)
(-0.0174931 -0.0810204 0.00137677)
(-0.0141077 0.0472901 -0.00181839)
(-0.0212732 0.0473416 -0.00189082)
(-0.0206213 0.0475574 -0.000633234)
(-0.0195676 0.0476937 -7.73594e-05)
(-0.0195677 0.0476937 7.68969e-05)
(-0.0206215 0.0475574 0.000632837)
(-0.0212735 0.0473416 0.00189056)
(-0.014108 0.0472901 0.00181824)
(-0.00383027 -0.00855207 -0.00408895)
(0.00202138 -0.0118442 -0.00257083)
(0.00282756 -0.0116348 -0.00134636)
(0.00209512 -0.0112296 -0.000283142)
(0.00209513 -0.0112295 0.000283362)
(0.00282755 -0.0116348 0.00134654)
(0.00202138 -0.0118442 0.00257093)
(-0.00383017 -0.00855191 0.004089)
(-0.0491597 0.0174933 0.000793437)
(-0.0547702 0.0182104 0.00060318)
(-0.0538298 0.0185316 0.000185612)
(-0.0526871 0.0187802 7.02484e-05)
(-0.0526872 0.0187802 -7.03868e-05)
(-0.05383 0.0185316 -0.000185734)
(-0.0547706 0.0182104 -0.000603256)
(-0.0491601 0.0174932 -0.000793464)
(-0.0138738 -0.00341843 -0.00194712)
(-0.00911463 -0.00444316 -0.000580097)
(-0.00796075 -0.00516812 -0.000638081)
(-0.00808521 -0.00544453 -0.000178835)
(-0.00808523 -0.00544452 0.00017902)
(-0.0079608 -0.00516807 0.00063824)
(-0.00911467 -0.00444309 0.000580177)
(-0.0138738 -0.00341834 0.00194716)
(-0.0944925 -0.0276876 0.000556309)
(-0.0983782 -0.0283557 0.000603606)
(-0.100032 -0.0289492 0.000442249)
(-0.100566 -0.0293974 0.000217209)
(-0.100566 -0.0293974 -0.00021721)
(-0.100032 -0.0289492 -0.00044225)
(-0.0983782 -0.0283557 -0.000603607)
(-0.0944925 -0.0276876 -0.00055631)
(0.338417 0.0239378 -0.000228547)
(0.354459 0.0229334 -0.000716137)
(0.355182 0.0228517 -0.000327118)
(0.354996 0.0228651 -0.000124654)
(0.354996 0.0228651 0.000124662)
(0.355182 0.0228517 0.000327124)
(0.354459 0.0229334 0.000716142)
(0.338417 0.0239377 0.00022855)
(0.0778185 -0.0280059 0.000847324)
(0.0880269 -0.0266154 0.00097537)
(0.0889789 -0.0255229 0.000505241)
(0.0886022 -0.0251976 0.000167246)
(0.0886022 -0.0251976 -0.000167259)
(0.0889789 -0.0255229 -0.000505253)
(0.0880269 -0.0266154 -0.000975376)
(0.0778185 -0.0280059 -0.000847324)
(0.130047 0.0424067 0.00161462)
(0.138706 0.0436049 0.00140043)
(0.137162 0.0423694 0.000417597)
(0.135647 0.04168 0.000162708)
(0.135647 0.04168 -0.0001627)
(0.137162 0.0423694 -0.000417589)
(0.138706 0.0436049 -0.00140042)
(0.130047 0.0424067 -0.00161462)
(0.00889637 -0.0259171 0.00122944)
(0.0128655 -0.0255934 0.00137801)
(0.0109086 -0.0242965 0.000682427)
(0.00899977 -0.0235056 0.000201169)
(0.00899977 -0.0235056 -0.000201238)
(0.0109086 -0.0242965 -0.000682482)
(0.0128655 -0.0255935 -0.00137804)
(0.00889638 -0.0259172 -0.00122945)
(0.307776 0.00166807 -0.000525784)
(0.341383 0.00528576 0.00132566)
(0.347381 0.00618318 -0.000502147)
(0.347037 0.00638271 0.00095161)
(0.347037 0.00638271 -0.00095161)
(0.347381 0.00618319 0.000502146)
(0.341383 0.00528577 -0.00132566)
(0.307776 0.00166808 0.000525783)
(0.334794 -3.679e-05 0.000384368)
(0.335844 -5.55128e-05 0.000451133)
(0.335708 -6.26693e-05 0.000185119)
(0.33567 -6.42789e-05 8.0466e-05)
(0.33567 -6.42789e-05 -8.0466e-05)
(0.335708 -6.26693e-05 -0.000185118)
(0.335844 -5.55128e-05 -0.000451133)
(0.334794 -3.679e-05 -0.000384368)
(0.0490207 0.0190671 -0.00149362)
(0.0477923 0.0195225 -0.0031472)
(0.0426556 0.0193952 -0.00310682)
(0.0385823 0.0195357 -0.00126395)
(0.0385823 0.0195357 0.00126394)
(0.0426556 0.0193952 0.00310685)
(0.0477923 0.0195225 0.00314729)
(0.0490209 0.0190671 0.0014937)
(0.33358 0.000424531 0.0030481)
(0.3601 0.00268963 0.00474211)
(0.366065 0.00307136 0.00196095)
(0.365908 0.00313285 0.0014314)
(0.365908 0.00313285 -0.00143136)
(0.366065 0.00307137 -0.00196093)
(0.3601 0.00268963 -0.0047421)
(0.33358 0.000424536 -0.0030481)
(0.322256 0.00110856 0.00155251)
(0.352012 0.00361344 0.00314825)
(0.358115 0.00409636 0.000947141)
(0.35792 0.00415968 0.00121454)
(0.35792 0.00415968 -0.00121452)
(0.358115 0.00409637 -0.000947126)
(0.352012 0.00361345 -0.00314824)
(0.322256 0.00110857 -0.00155251)
(0.334741 -0.000154951 0.000174351)
(0.334991 -0.00015459 0.000246985)
(0.334956 -0.000154707 7.8871e-05)
(0.334954 -0.000155882 2.65687e-05)
(0.334954 -0.000155882 -2.65687e-05)
(0.334956 -0.000154707 -7.8871e-05)
(0.334991 -0.00015459 -0.000246985)
(0.334741 -0.000154951 -0.000174351)
(0.333461 -3.78448e-05 0.000357346)
(0.334215 -0.00015993 0.000468218)
(0.334108 -0.000160274 0.000177091)
(0.33409 -0.00015624 6.7979e-05)
(0.33409 -0.00015624 -6.7979e-05)
(0.334108 -0.000160274 -0.000177091)
(0.334215 -0.00015993 -0.000468218)
(0.333461 -3.78448e-05 -0.000357346)
(0.0433136 -0.0244693 0.00101779)
(0.0491398 -0.0227996 0.00106101)
(0.0488436 -0.0212528 0.000620443)
(0.0479955 -0.0205744 0.000206742)
(0.0479955 -0.0205744 -0.000206794)
(0.0488436 -0.0212528 -0.000620486)
(0.0491398 -0.0227996 -0.00106104)
(0.0433136 -0.0244693 -0.0010178)
(-0.051651 0.0189504 0.000711198)
(-0.0519316 0.0209394 -0.000508144)
(-0.0508705 0.0217328 -0.00159903)
(-0.0491238 0.0222524 -0.000854745)
(-0.0491239 0.0222524 0.000854829)
(-0.0508708 0.0217327 0.00159912)
(-0.051932 0.0209393 0.000508247)
(-0.0516516 0.0189502 -0.000711149)
(0.19746 0.0565868 0.000529349)
(0.21366 0.0587499 0.000147479)
(0.213957 0.0584597 -3.89348e-05)
(0.212871 0.0583255 -5.07127e-05)
(0.212871 0.0583255 5.07104e-05)
(0.213957 0.0584597 3.89324e-05)
(0.21366 0.0587498 -0.00014748)
(0.19746 0.0565868 -0.00052935)
(0.144741 -0.00384051 -0.000929763)
(0.165094 -0.0012575 -0.000688749)
(0.166034 -0.00132637 7.77983e-05)
(0.165117 -0.0016302 -8.40413e-05)
(0.165117 -0.0016302 8.4078e-05)
(0.166034 -0.00132638 -7.77675e-05)
(0.165094 -0.00125751 0.000688769)
(0.144741 -0.00384052 0.000929773)
(-0.0543559 0.0175332 0.000332783)
(-0.0599525 0.0186664 0.000125997)
(-0.0607075 0.0188341 -8.92592e-05)
(-0.0605834 0.0187959 -4.40121e-05)
(-0.0605835 0.0187959 4.40004e-05)
(-0.0607078 0.0188341 8.92498e-05)
(-0.0599529 0.0186664 -0.000125993)
(-0.0543564 0.0175332 -0.000332774)
(0.233213 -0.0538898 0.00445612)
(0.253042 -0.0415839 0.00496991)
(0.257066 -0.0382114 0.001679)
(0.257512 -0.0377941 0.000533979)
(0.257512 -0.0377941 -0.000533984)
(0.257066 -0.0382114 -0.001679)
(0.253042 -0.0415839 -0.00496991)
(0.233213 -0.0538898 -0.00445612)
(-0.0558129 -0.0677905 0.000716104)
(-0.0593142 -0.067517 0.000459467)
(-0.0608418 -0.0678728 0.000428712)
(-0.0611729 -0.0683336 0.000241876)
(-0.0611729 -0.0683336 -0.000241878)
(-0.0608418 -0.0678728 -0.000428714)
(-0.0593143 -0.067517 -0.000459469)
(-0.0558129 -0.0677905 -0.000716106)
(-0.0300703 0.0420218 0.00040977)
(-0.0370456 0.0420629 -4.20032e-05)
(-0.0366789 0.0423009 -0.000297253)
(-0.0357696 0.0424782 -0.000105178)
(-0.0357697 0.0424782 0.000104988)
(-0.0366791 0.0423009 0.000297081)
(-0.0370458 0.0420629 4.18839e-05)
(-0.0300707 0.0420218 -0.000409817)
(-0.0110407 -0.00466165 -0.00190417)
(0.00286306 -0.00577168 0.00103785)
(0.00438382 -0.00613606 0.000584969)
(0.00381098 -0.00619882 0.000241931)
(0.00381095 -0.00619881 -0.000241902)
(0.00438375 -0.00613603 -0.000584939)
(0.00286298 -0.00577164 -0.00103785)
(-0.0110408 -0.00466155 0.00190425)
(0.00357039 -0.0506155 -0.0323872)
(0.0360168 -0.0473664 -0.0221185)
(0.0452089 -0.0466074 -0.0163229)
(0.0428226 -0.0466387 -0.00522989)
(0.0428226 -0.0466387 0.00522979)
(0.0452089 -0.0466074 0.0163228)
(0.0360169 -0.0473664 0.0221184)
(0.00357041 -0.0506155 0.0323872)
(0.159476 -0.0118145 -0.000386068)
(0.183239 -0.00665444 -0.000293665)
(0.184896 -0.00645512 2.45859e-05)
(0.183907 -0.00694715 -4.57427e-05)
(0.183907 -0.00694716 4.57698e-05)
(0.184896 -0.00645513 -2.45629e-05)
(0.183239 -0.00665446 0.000293681)
(0.159476 -0.0118145 0.000386075)
(0.064521 -0.0221715 0.000927753)
(0.0725526 -0.0211799 0.0010997)
(0.0729013 -0.019962 0.000593486)
(0.072276 -0.0194349 0.000188914)
(0.072276 -0.0194349 -0.000188948)
(0.0729013 -0.019962 -0.000593515)
(0.0725526 -0.0211799 -0.00109972)
(0.064521 -0.0221716 -0.000927758)
(-0.00564041 -0.0199159 -0.012854)
(0.0605797 -0.0158796 -0.00292395)
(0.0700339 -0.0138482 -0.00459266)
(0.0671924 -0.0135916 -0.00173462)
(0.0671924 -0.0135916 0.00173459)
(0.0700339 -0.0138482 0.00459263)
(0.0605797 -0.0158796 0.00292393)
(-0.00564036 -0.0199159 0.012854)
(0.155598 -0.013347 -0.00037255)
(0.17996 -0.00810428 -0.000279382)
(0.181815 -0.00784356 5.28372e-05)
(0.180856 -0.00832194 -2.80016e-05)
(0.180856 -0.00832195 2.80282e-05)
(0.181815 -0.00784357 -5.28146e-05)
(0.17996 -0.00810429 0.000279398)
(0.155598 -0.013347 0.000372557)
(0.165619 0.044511 0.00101864)
(0.178395 0.0469101 0.000704465)
(0.17796 0.0462873 0.000156794)
(0.176731 0.045883 4.44852e-05)
(0.176731 0.045883 -4.44804e-05)
(0.17796 0.0462873 -0.000156789)
(0.178395 0.0469101 -0.000704461)
(0.165619 0.044511 -0.00101864)
(0.334862 -2.14068e-05 0.000328288)
(0.335418 -1.99166e-05 0.000412088)
(0.335326 -2.60521e-05 0.000148627)
(0.33531 -2.687e-05 5.4984e-05)
(0.33531 -2.687e-05 -5.4984e-05)
(0.335326 -2.60521e-05 -0.000148627)
(0.335418 -1.99166e-05 -0.000412088)
(0.334862 -2.14068e-05 -0.000328288)
(0.307372 0.00081411 -0.000588716)
(0.341242 0.00471965 0.00117682)
(0.347317 0.00565837 -0.00052413)
(0.347017 0.00583927 0.00092091)
(0.347017 0.00583927 -0.000920911)
(0.347317 0.00565838 0.000524128)
(0.341242 0.00471965 -0.00117682)
(0.307372 0.000814121 0.000588715)
)
;

boundaryField
{
    adiabatic_walls
    {
        type            noSlip;
    }
    heated_wall
    {
        type            noSlip;
    }
    outlet
    {
        type            pressureInletOutletVelocity;
        value           nonuniform List<vector> 
16
(
(0.290519 -0.000597784 -0.00244651)
(0.328675 0.00244298 -0.000709688)
(0.334888 0.0029923 -0.00200472)
(0.334452 0.00307247 0.000626707)
(0.334452 0.00307247 -0.000626731)
(0.334888 0.00299231 0.0020047)
(0.328675 0.00244298 0.000709677)
(0.290519 -0.000597776 0.00244651)
(0.322256 0.00110856 0.00155251)
(0.352012 0.00361344 0.00314825)
(0.358115 0.00409636 0.000947141)
(0.35792 0.00415968 0.00121454)
(0.35792 0.00415968 -0.00121452)
(0.358115 0.00409637 -0.000947126)
(0.352012 0.00361345 -0.00314824)
(0.322256 0.00110857 -0.00155251)
)
;
    }
    inlet
    {
        type            fixedValue;
        value           uniform (0.3348 0 0);
    }
}


// ************************************************************************* //
