/*--------------------------------*- C++ -*----------------------------------*\
| =========                 |                                                 |
| \\      /  F ield         | OpenFOAM: The Open Source CFD Toolbox           |
|  \\    /   O peration     | Version:  2512                                  |
|   \\  /    A nd           | Website:  www.openfoam.com                      |
|    \\/     M anipulation  |                                                 |
\*---------------------------------------------------------------------------*/
FoamFile
{
    version     2.0;
    format      ascii;
    arch        "LSB;label=32;scalar=64";
    class       volScalarField;
    location    "0";
    object      p;
}
// * * * * * * * * * * * * * * * * * * * * * * * * * * * * * * * * * * * * * //

dimensions      [0 2 -2 0 0 0 0];

internalField   nonuniform List<scalar> 
73344
(
0.704908
0.704538
0.703415
0.702747
0.702271
0.701968
0.701762
0.701669
0.701656
0.701773
0.701908
0.702167
0.702142
0.701843
0.701675
0.701528
0.701512
0.701577
0.70175
0.702019
0.702455
0.703094
0.704186
0.70457
0.699439
0.698925
0.697826
0.697162
0.69668
0.696416
0.696262
0.696215
0.696239
0.696365
0.696493
0.696718
0.696692
0.696421
0.696255
0.696093
0.696034
0.696047
0.696162
0.696388
0.696829
0.697467
0.69854
0.699057
0.9276
0.927334
0.928099
0.928615
0.929246
0.929676
0.930108
0.930427
0.930704
0.930918
0.931076
0.931173
0.931183
0.93111
0.930977
0.930792
0.930546
0.930256
0.929854
0.929454
0.928846
0.928348
0.927591
0.927863
0.640742
0.635732
0.633457
0.632573
0.632399
0.632187
0.631723
0.631095
0.630555
0.630387
0.630857
0.631997
0.633455
0.634224
0.633428
0.632777
0.632528
0.632661
0.632881
0.633032
0.633228
0.634215
0.636678
0.642274
0.985006
0.982428
0.980655
0.978735
0.977317
0.975977
0.974863
0.97378
0.973129
0.974961
0.98024
0.986299
0.991773
0.995901
0.997169
0.996168
0.992746
0.989155
0.986422
0.984819
0.984088
0.984644
0.985599
0.988561
0.855289
0.854498
0.854477
0.854118
0.853939
0.853664
0.853577
0.853475
0.853483
0.853491
0.853533
0.853567
0.853585
0.853592
0.853595
0.853633
0.853674
0.853825
0.85396
0.854281
0.854496
0.854888
0.854928
0.855731
0.799962
0.799722
0.799346
0.799012
0.798802
0.798691
0.798649
0.798643
0.798652
0.79866
0.79866
0.79865
0.798621
0.798574
0.798514
0.798444
0.79837
0.798308
0.79828
0.798322
0.798465
0.798751
0.799135
0.799383
0.855805
0.854489
0.854547
0.854471
0.854739
0.854834
0.855034
0.85513
0.855257
0.855341
0.855422
0.855473
0.855478
0.855443
0.85538
0.855315
0.85521
0.855134
0.854956
0.854877
0.854621
0.854704
0.854647
0.855961
0.929415
0.928068
0.926234
0.924924
0.923831
0.922869
0.92201
0.921281
0.920723
0.920352
0.920162
0.920153
0.920156
0.920178
0.920392
0.920795
0.921391
0.922159
0.923054
0.924046
0.92516
0.926485
0.928327
0.92968
0.960035
0.960623
0.963247
0.965895
0.968879
0.971681
0.974472
0.977071
0.979479
0.981598
0.983417
0.984755
0.985619
0.985804
0.985369
0.984062
0.98214
0.97965
0.976692
0.97351
0.96995
0.966702
0.963317
0.962485
0.977846
0.977441
0.976724
0.975727
0.97456
0.973293
0.972041
0.9709
0.969901
0.969085
0.968582
0.968417
0.968423
0.968612
0.969147
0.97
0.971039
0.972212
0.973489
0.974775
0.975961
0.976977
0.977711
0.978124
0.784875
0.783542
0.78245
0.781982
0.781847
0.781947
0.782178
0.782472
0.782779
0.783066
0.78329
0.783413
0.783399
0.783245
0.782989
0.782666
0.782319
0.781988
0.781719
0.781582
0.781682
0.782119
0.783176
0.784478
0.895691
0.896367
0.896917
0.896875
0.896853
0.896743
0.896825
0.896972
0.89722
0.897452
0.897663
0.897796
0.897848
0.897824
0.897729
0.897618
0.897497
0.897485
0.897543
0.8978
0.897973
0.898155
0.897737
0.897132
0.85798
0.858889
0.859866
0.8606
0.86122
0.861626
0.861963
0.862188
0.86237
0.862497
0.86259
0.862638
0.862645
0.86261
0.862533
0.862423
0.862262
0.86206
0.861746
0.861365
0.860768
0.860054
0.859086
0.858164
0.990259
0.987755
0.98473
0.981054
0.977684
0.974515
0.971911
0.969749
0.967725
0.967774
0.971197
0.97674
0.981145
0.984186
0.985806
0.985196
0.981914
0.979814
0.979523
0.980994
0.983262
0.986429
0.989134
0.992283
0.560144
0.559723
0.558179
0.556701
0.555339
0.554028
0.552763
0.55156
0.550478
0.549588
0.548968
0.548686
0.548795
0.549292
0.550117
0.551194
0.552438
0.553776
0.555147
0.556538
0.557956
0.559456
0.561015
0.561461
0.793487
0.79288
0.792287
0.792187
0.792416
0.792854
0.793351
0.793805
0.794166
0.794415
0.794552
0.794594
0.794575
0.794496
0.794323
0.794038
0.793642
0.79315
0.792614
0.792132
0.791858
0.791914
0.79247
0.793064
0.810532
0.810059
0.809722
0.809399
0.80918
0.809018
0.80892
0.808861
0.808835
0.808829
0.808838
0.808855
0.808879
0.808909
0.808947
0.808997
0.809066
0.809163
0.809297
0.809491
0.809735
0.810078
0.810436
0.8109
0.854977
0.853737
0.853407
0.852931
0.852763
0.852536
0.852497
0.852433
0.852471
0.852498
0.852547
0.85258
0.8526
0.852609
0.852607
0.852627
0.85264
0.852753
0.852843
0.853117
0.853323
0.853834
0.854188
0.855441
0.846122
0.846335
0.846751
0.847254
0.847778
0.848199
0.848508
0.848713
0.848838
0.84891
0.84895
0.848973
0.848988
0.848995
0.848987
0.848951
0.848866
0.848706
0.848445
0.848077
0.847606
0.847152
0.846778
0.846594
0.834566
0.834304
0.834397
0.834516
0.834732
0.834893
0.835072
0.835207
0.835338
0.835437
0.835514
0.835556
0.835563
0.835536
0.835474
0.835394
0.835283
0.835169
0.835011
0.83487
0.834671
0.834565
0.834479
0.834734
0.686049
0.685109
0.695617
0.705507
0.713105
0.718687
0.722869
0.72607
0.728647
0.730784
0.732477
0.733424
0.733461
0.732628
0.731054
0.729043
0.726597
0.723529
0.719481
0.714025
0.706536
0.696741
0.686282
0.687097
0.772292
0.77205
0.77198
0.771847
0.771787
0.77173
0.771691
0.771659
0.771636
0.77162
0.771613
0.771613
0.77162
0.771633
0.771654
0.771681
0.771716
0.771758
0.771804
0.771865
0.771926
0.772057
0.772122
0.772353
0.682567
0.68257
0.692851
0.702676
0.710364
0.715968
0.72017
0.723358
0.72589
0.72795
0.729551
0.730423
0.730465
0.729716
0.728239
0.726308
0.723907
0.720852
0.716782
0.711304
0.703725
0.694003
0.683758
0.683657
0.843934
0.843376
0.843112
0.84282
0.842842
0.842836
0.842964
0.843053
0.843187
0.843289
0.843383
0.843437
0.843447
0.843414
0.843344
0.843268
0.843161
0.843098
0.842995
0.843024
0.843019
0.843324
0.843596
0.844157
0.821464
0.822098
0.823013
0.823823
0.824475
0.824957
0.825287
0.825491
0.825601
0.825652
0.82567
0.825678
0.825687
0.825699
0.825702
0.825677
0.825597
0.825429
0.825141
0.824708
0.824106
0.823347
0.822469
0.821867
0.982959
0.9831
0.982779
0.9818
0.980485
0.979056
0.977641
0.976362
0.975298
0.974446
0.973928
0.973781
0.973787
0.973961
0.974516
0.975408
0.976514
0.977823
0.979262
0.980708
0.982041
0.983037
0.983369
0.983228
0.61936
0.617451
0.614618
0.612992
0.61202
0.611671
0.611602
0.611672
0.611736
0.611773
0.611775
0.611802
0.611915
0.612105
0.612304
0.612448
0.61254
0.612602
0.612777
0.613204
0.614227
0.615881
0.618711
0.620589
0.955943
0.956497
0.95579
0.953638
0.950826
0.948057
0.945574
0.94345
0.941814
0.940701
0.940033
0.939909
0.939909
0.940056
0.940759
0.941906
0.943575
0.945721
0.948218
0.950991
0.953821
0.955989
0.956704
0.956121
0.717184
0.71298
0.711024
0.709803
0.708888
0.708133
0.707543
0.707077
0.706723
0.706436
0.70614
0.705762
0.705371
0.705428
0.706008
0.706796
0.707387
0.707881
0.708384
0.709025
0.709852
0.711125
0.713129
0.717423
0.991022
0.992495
0.994212
0.993832
0.992493
0.990843
0.989221
0.987817
0.986725
0.985941
0.985459
0.985431
0.985437
0.985503
0.986039
0.986866
0.987997
0.989429
0.99107
0.992729
0.994073
0.994461
0.992744
0.991285
0.269205
0.261075
0.264594
0.265206
0.264389
0.262092
0.25944
0.257065
0.25574
0.256325
0.260517
0.268157
0.284463
0.288087
0.271892
0.263096
0.259296
0.259247
0.261105
0.263545
0.265312
0.266447
0.265955
0.272104
0.993198
0.991823
0.988122
0.982991
0.977869
0.973227
0.968938
0.964929
0.96356
0.966056
0.971419
0.976123
0.978712
0.979278
0.977954
0.974445
0.968298
0.964861
0.966137
0.97231
0.978459
0.984397
0.9888
0.991248
0.942926
0.944303
0.947892
0.951192
0.955001
0.958632
0.962226
0.965549
0.968536
0.97102
0.972875
0.973928
0.974125
0.973386
0.971923
0.969776
0.967098
0.96401
0.960585
0.95701
0.953155
0.949723
0.945596
0.944596
0.987315
0.984104
0.982319
0.98075
0.979966
0.979636
0.979949
0.980442
0.98097
0.981973
0.983863
0.986678
0.989644
0.99235
0.993837
0.99482
0.994067
0.992035
0.989367
0.98775
0.987091
0.987634
0.988793
0.992391
-0.0187317
-0.0194242
-0.0194827
-0.0191343
-0.0186409
-0.0184194
-0.0183979
-0.0185947
-0.0188226
-0.0190676
-0.0192573
-0.0194077
-0.0194945
-0.0194862
-0.01936
-0.0191494
-0.0189037
-0.018681
-0.0186277
-0.0188032
-0.0191968
-0.0194759
-0.0192587
-0.0184727
0.801457
0.80079
0.801007
0.802115
0.803424
0.80467
0.805732
0.806584
0.807237
0.807707
0.808009
0.808148
0.808128
0.807948
0.807609
0.807106
0.806422
0.805537
0.804433
0.803157
0.801832
0.800729
0.800552
0.801271
0.911461
0.911485
0.911477
0.911242
0.910985
0.910727
0.91049
0.910288
0.910124
0.910001
0.90992
0.909879
0.909879
0.90992
0.910001
0.910124
0.910288
0.91049
0.910727
0.910985
0.911242
0.911477
0.911485
0.911461
0.774006
0.77391
0.773802
0.77353
0.77335
0.773206
0.773118
0.773065
0.773038
0.773027
0.773027
0.773031
0.773038
0.773046
0.773059
0.77308
0.773117
0.773178
0.773272
0.773419
0.773603
0.773876
0.773988
0.774078
0.843631
0.843514
0.843281
0.843117
0.843133
0.843156
0.843178
0.843171
0.84313
0.843059
0.842972
0.842887
0.842831
0.84284
0.84291
0.842997
0.843042
0.843026
0.842952
0.842855
0.842745
0.842825
0.843007
0.843203
1.02247
1.0136
1.00967
1.00359
0.997629
0.992542
0.989028
0.987911
0.989395
0.993595
1.00003
1.00729
1.01415
1.01762
1.01404
1.00656
0.999525
0.993755
0.991082
0.991875
0.995874
1.00155
1.0074
1.01201
0.820862
0.821137
0.821867
0.822688
0.823387
0.823875
0.824159
0.824285
0.824309
0.82428
0.824241
0.824218
0.824227
0.824267
0.824327
0.824382
0.824392
0.824307
0.824072
0.823642
0.823
0.822229
0.821524
0.821279
0.960223
0.960737
0.963062
0.965447
0.968118
0.970682
0.973311
0.975803
0.978165
0.980315
0.982214
0.983673
0.984669
0.985015
0.984693
0.983401
0.981494
0.979017
0.976111
0.973037
0.969705
0.966651
0.963596
0.962791
0.970614
0.974202
0.976645
0.976853
0.976484
0.975705
0.974998
0.97434
0.973795
0.973385
0.973102
0.97303
0.973052
0.973174
0.973511
0.973968
0.974556
0.975249
0.975983
0.976779
0.977161
0.976961
0.974523
0.970928
0.845332
0.845447
0.845944
0.846196
0.84654
0.846723
0.846917
0.847028
0.847141
0.84722
0.847289
0.84733
0.847335
0.847309
0.847256
0.847196
0.847103
0.847014
0.846841
0.846679
0.846352
0.846112
0.845617
0.84549
0.992814
0.991212
0.986907
0.981411
0.976147
0.971606
0.967818
0.964528
0.963017
0.965791
0.971293
0.975879
0.978437
0.978976
0.977379
0.974276
0.968517
0.964447
0.965629
0.971077
0.97693
0.983217
0.988394
0.991328
0.991936
0.989829
0.984365
0.978343
0.972953
0.968527
0.965065
0.963424
0.964605
0.96873
0.973863
0.977832
0.980445
0.981208
0.978999
0.977044
0.972816
0.968695
0.968914
0.97313
0.979236
0.985744
0.990875
0.993172
0.800664
0.800514
0.800322
0.800051
0.799794
0.799595
0.799454
0.799357
0.799289
0.799239
0.799199
0.79917
0.799142
0.799115
0.799096
0.799088
0.799098
0.799136
0.799218
0.799361
0.799569
0.79981
0.799989
0.800122
0.860972
0.859681
0.857531
0.855194
0.853108
0.85134
0.849871
0.848721
0.847884
0.847381
0.847127
0.847199
0.847198
0.847138
0.847415
0.847939
0.848795
0.849961
0.85144
0.853208
0.855292
0.857622
0.859767
0.861061
-0.0251347
-0.0429765
-0.0649985
-0.0836888
-0.0940663
-0.0989069
-0.0993466
-0.0965326
-0.0910527
-0.0833489
-0.0723117
-0.0622708
-0.0457803
-0.0463361
-0.0623098
-0.074315
-0.0852903
-0.0932094
-0.0978292
-0.0993651
-0.0984453
-0.0933051
-0.0863319
-0.074757
0.829795
0.839011
0.845769
0.850347
0.853889
0.856771
0.859128
0.860996
0.862401
0.863386
0.863981
0.864237
0.864238
0.863992
0.863415
0.862452
0.861061
0.859208
0.856868
0.854012
0.850511
0.846012
0.839315
0.830117
0.857843
0.857529
0.858108
0.858245
0.858574
0.858647
0.858781
0.858819
0.858894
0.858942
0.859
0.859042
0.859048
0.859023
0.858986
0.858959
0.858906
0.858889
0.858776
0.85872
0.858404
0.858274
0.857694
0.858
0.940492
0.94027
0.940081
0.939806
0.93951
0.939337
0.939308
0.939327
0.939308
0.939239
0.939157
0.939099
0.939085
0.939118
0.939187
0.939258
0.939306
0.939345
0.939456
0.939704
0.940052
0.940362
0.940582
0.940824
0.943387
0.944062
0.94519
0.945876
0.946414
0.946613
0.946747
0.946774
0.946799
0.946832
0.946877
0.946935
0.946945
0.946914
0.946901
0.946901
0.94691
0.946915
0.946809
0.946636
0.946119
0.945448
0.94433
0.943658
0.937281
0.937183
0.936949
0.936702
0.936517
0.936489
0.936594
0.936744
0.936881
0.936981
0.937034
0.937038
0.937
0.936937
0.936856
0.936758
0.936648
0.936547
0.936511
0.936619
0.936865
0.937166
0.937453
0.937573
0.72252
0.722486
0.722462
0.722484
0.722534
0.722603
0.72268
0.722756
0.722823
0.722878
0.722919
0.722948
0.722963
0.722964
0.722952
0.722929
0.722897
0.72286
0.722825
0.722799
0.722792
0.722812
0.722874
0.722935
0.667919
0.661882
0.660177
0.661287
0.663493
0.665948
0.668224
0.670123
0.671564
0.672556
0.673154
0.673425
0.673522
0.673438
0.673013
0.672177
0.670874
0.669095
0.666923
0.664552
0.662413
0.661348
0.663085
0.66901
0.857337
0.855729
0.853584
0.85159
0.849841
0.848432
0.847259
0.846348
0.845695
0.845289
0.845082
0.845111
0.845112
0.845095
0.845318
0.845741
0.846411
0.847337
0.848525
0.849944
0.851691
0.853684
0.855815
0.857401
0.950272
0.950733
0.952693
0.955111
0.958076
0.961056
0.964094
0.967062
0.969832
0.972229
0.97416
0.97543
0.975999
0.975712
0.974706
0.972947
0.970615
0.967832
0.964775
0.961606
0.958282
0.955483
0.95298
0.952225
0.547789
0.547033
0.545771
0.544584
0.54339
0.542344
0.541412
0.540659
0.540058
0.539657
0.539411
0.539366
0.539451
0.539664
0.540069
0.54062
0.541356
0.54223
0.543265
0.544397
0.545658
0.546893
0.548185
0.548951
0.48466
0.484142
0.484023
0.48482
0.486379
0.488429
0.4907
0.492964
0.494942
0.49646
0.497449
0.497891
0.497806
0.497192
0.496037
0.494375
0.49228
0.48993
0.487598
0.485531
0.484036
0.483343
0.483478
0.483954
0.990001
0.991
0.992481
0.99204
0.990782
0.989242
0.987707
0.986342
0.985228
0.984422
0.984003
0.983985
0.983991
0.984042
0.984512
0.985365
0.986518
0.987913
0.989469
0.99102
0.992284
0.992734
0.991255
0.990261
0.941058
0.942005
0.943224
0.944213
0.9451
0.945745
0.946263
0.946658
0.946981
0.947231
0.94741
0.947516
0.947528
0.947448
0.947296
0.947076
0.946783
0.946418
0.94593
0.945307
0.944445
0.943479
0.942277
0.941338
0.870851
0.871048
0.871249
0.871282
0.87141
0.871508
0.871693
0.871867
0.872078
0.872262
0.872426
0.87253
0.872566
0.872537
0.872453
0.872353
0.872229
0.872146
0.872056
0.872053
0.872017
0.872068
0.871928
0.871754
0.850312
0.850516
0.851214
0.851077
0.850906
0.850499
0.85025
0.84998
0.849835
0.849713
0.849659
0.849641
0.849656
0.849709
0.849799
0.849956
0.850139
0.850444
0.850726
0.85116
0.851352
0.851506
0.85081
0.850607
0.508456
0.509013
0.509492
0.51023
0.510881
0.511545
0.512139
0.512717
0.513223
0.513694
0.514024
0.514234
0.514231
0.514014
0.513683
0.51322
0.51273
0.512178
0.511614
0.510983
0.510365
0.509656
0.509183
0.508623
0.834197
0.834204
0.83434
0.834591
0.834893
0.835238
0.83558
0.835908
0.836194
0.836425
0.836587
0.836672
0.836674
0.836595
0.836437
0.83621
0.835926
0.835601
0.83526
0.834917
0.834615
0.834363
0.834226
0.834219
0.990314
0.987959
0.985266
0.981878
0.978723
0.975567
0.972836
0.970637
0.968844
0.968995
0.971709
0.976553
0.980735
0.983807
0.985453
0.985313
0.982944
0.981439
0.981261
0.982765
0.984776
0.987489
0.989734
0.992671
0.832252
0.832321
0.832551
0.832716
0.832903
0.833043
0.83318
0.833279
0.833365
0.833426
0.833472
0.833498
0.833506
0.833498
0.83347
0.833429
0.833365
0.833287
0.833172
0.833053
0.832883
0.832731
0.832507
0.832431
0.510934
0.511453
0.511969
0.512867
0.513694
0.514483
0.515163
0.515809
0.516373
0.516903
0.517288
0.517557
0.517548
0.517262
0.516866
0.516335
0.515778
0.51515
0.514493
0.51374
0.51294
0.512063
0.511546
0.511016
0.858963
0.858952
0.859378
0.859792
0.86021
0.860513
0.860795
0.860996
0.861158
0.861266
0.861338
0.861374
0.861382
0.861363
0.861307
0.861218
0.861075
0.860896
0.860637
0.860358
0.859961
0.859565
0.859148
0.859155
0.912668
0.912755
0.913907
0.914385
0.914912
0.914913
0.914971
0.914905
0.914885
0.914873
0.914893
0.914957
0.914965
0.91493
0.914945
0.914989
0.915043
0.915138
0.915107
0.915126
0.914612
0.914141
0.912992
0.912901
0.811887
0.810533
0.809756
0.809653
0.810413
0.811797
0.813487
0.815192
0.816716
0.817924
0.818731
0.819097
0.81907
0.818641
0.817781
0.816549
0.815032
0.813368
0.811746
0.810448
0.809781
0.809935
0.810727
0.812068
0.910268
0.911132
0.912429
0.912846
0.91326
0.91324
0.913288
0.913236
0.913227
0.913223
0.913243
0.913295
0.913305
0.913281
0.913293
0.913329
0.91337
0.91345
0.913428
0.913469
0.913069
0.912661
0.911367
0.910497
0.874134
0.873748
0.873483
0.873382
0.873457
0.873662
0.873961
0.874301
0.874646
0.874958
0.875209
0.875377
0.875449
0.875425
0.875315
0.875134
0.87491
0.87468
0.874482
0.87437
0.874383
0.874566
0.874928
0.875315
0.816172
0.816395
0.816779
0.816927
0.817005
0.817003
0.816981
0.816944
0.816906
0.816873
0.816852
0.816848
0.816865
0.816901
0.816953
0.817018
0.817089
0.81716
0.817215
0.81725
0.817205
0.817085
0.816724
0.8165
0.815285
0.813201
0.812174
0.812376
0.81353
0.815194
0.817079
0.818927
0.820544
0.821795
0.8226
0.822928
0.822895
0.822478
0.821589
0.820288
0.818662
0.816846
0.815028
0.813451
0.81239
0.812266
0.813327
0.815395
0.942419
0.942868
0.945878
0.948847
0.952359
0.955781
0.959211
0.962406
0.965294
0.9677
0.9695
0.970529
0.970725
0.970025
0.968612
0.966538
0.963955
0.960989
0.957728
0.954367
0.950837
0.947767
0.944373
0.944405
0.84684
0.846183
0.846019
0.845772
0.845793
0.845732
0.845804
0.845831
0.845918
0.845981
0.846053
0.846097
0.846109
0.846092
0.846049
0.846017
0.845962
0.845968
0.845927
0.846017
0.846019
0.846284
0.846458
0.847115
0.738736
0.737827
0.736364
0.735423
0.734796
0.734381
0.734057
0.733843
0.733734
0.733771
0.733857
0.734027
0.734012
0.733819
0.733716
0.733665
0.733763
0.733967
0.734274
0.734674
0.735261
0.736179
0.737613
0.738545
0.495947
0.495981
0.496356
0.497172
0.498486
0.500255
0.50228
0.504279
0.506034
0.507403
0.508312
0.508721
0.508637
0.508059
0.506987
0.505473
0.503599
0.501514
0.499447
0.497689
0.496375
0.495558
0.495158
0.495093
0.93782
0.937029
0.936033
0.935317
0.934736
0.93423
0.933795
0.933431
0.93313
0.932891
0.932725
0.932642
0.932639
0.932722
0.932898
0.933158
0.933493
0.933902
0.934385
0.934928
0.935553
0.936316
0.937366
0.938173
0.905833
0.906018
0.906297
0.906447
0.906575
0.906659
0.9067
0.906698
0.906665
0.906615
0.906569
0.906541
0.906534
0.90655
0.906586
0.906627
0.906657
0.906656
0.906616
0.906534
0.906408
0.906258
0.90598
0.905803
0.724935
0.724795
0.724501
0.72422
0.723971
0.723781
0.723643
0.72355
0.723494
0.723465
0.723458
0.723468
0.723488
0.723523
0.723577
0.723651
0.723751
0.723884
0.724059
0.724283
0.724559
0.724862
0.725174
0.725329
0.912859
0.911807
0.910997
0.910856
0.91133
0.912104
0.913121
0.914144
0.915147
0.91598
0.916616
0.916976
0.917052
0.916834
0.916348
0.915668
0.914829
0.913976
0.913143
0.91256
0.912317
0.912665
0.913801
0.914784
0.495543
0.49371
0.491786
0.489658
0.487672
0.485816
0.484199
0.482865
0.481821
0.481061
0.480575
0.480355
0.480411
0.480739
0.481334
0.482208
0.483371
0.48483
0.486573
0.488541
0.49062
0.492835
0.49483
0.496745
0.580343
0.580436
0.581133
0.582191
0.583425
0.584695
0.585864
0.586936
0.587859
0.588641
0.58919
0.589517
0.589472
0.589051
0.588416
0.587558
0.586571
0.585447
0.584236
0.582932
0.581665
0.580567
0.57985
0.579761
0.898373
0.899505
0.900959
0.902064
0.902998
0.903687
0.904226
0.904617
0.904917
0.905144
0.905305
0.905391
0.905401
0.905336
0.905198
0.904997
0.904725
0.904363
0.903856
0.903203
0.902305
0.901231
0.899799
0.898667
0.962063
0.963396
0.963015
0.961129
0.958484
0.955795
0.953309
0.951164
0.949474
0.948297
0.947571
0.947425
0.947428
0.947601
0.948368
0.94958
0.951301
0.953467
0.955964
0.958657
0.961319
0.963218
0.963609
0.962244
0.573439
0.572371
0.570477
0.568827
0.567318
0.566104
0.565103
0.564305
0.563655
0.563166
0.562835
0.562715
0.562827
0.563168
0.563705
0.564383
0.5652
0.56614
0.567257
0.568561
0.570136
0.571823
0.573736
0.574797
0.898122
0.897674
0.898584
0.898935
0.89946
0.899525
0.899627
0.899588
0.899592
0.89959
0.899615
0.899667
0.899674
0.899647
0.899654
0.899685
0.89971
0.899776
0.899697
0.89965
0.899135
0.898791
0.897884
0.89833
0.585652
0.586142
0.586711
0.587795
0.588922
0.590034
0.591012
0.591909
0.592688
0.59338
0.593857
0.594173
0.594131
0.593729
0.593172
0.592411
0.591573
0.590626
0.589607
0.588464
0.587313
0.586192
0.58559
0.585095
0.886529
0.88576
0.885327
0.885215
0.885382
0.885736
0.886211
0.886729
0.887236
0.887684
0.888037
0.888269
0.888364
0.888321
0.888148
0.887866
0.887508
0.887124
0.886767
0.886519
0.886451
0.886645
0.887197
0.887972
0.824039
0.823685
0.823619
0.823665
0.823826
0.823959
0.824061
0.824113
0.824132
0.82413
0.824124
0.824123
0.824134
0.824158
0.824188
0.824217
0.824227
0.824209
0.824143
0.824046
0.82392
0.823904
0.823993
0.824355
0.984918
0.982287
0.978888
0.975197
0.971642
0.968229
0.96532
0.963456
0.963377
0.965972
0.972066
0.979884
0.986511
0.988325
0.982629
0.974829
0.968235
0.965241
0.965334
0.967366
0.970397
0.974045
0.977328
0.980063
0.486784
0.484899
0.483351
0.481799
0.480377
0.479169
0.478252
0.477615
0.477206
0.476978
0.476864
0.476823
0.476858
0.476961
0.477133
0.477431
0.477915
0.478632
0.47963
0.480918
0.482404
0.484017
0.485639
0.487642
0.629156
0.629168
0.629454
0.630195
0.630954
0.631705
0.632398
0.633076
0.633696
0.634233
0.634603
0.634821
0.63478
0.634477
0.634026
0.633417
0.632731
0.631996
0.631255
0.630469
0.629685
0.628919
0.628596
0.628589
0.946845
0.945815
0.944768
0.942562
0.939973
0.937512
0.93528
0.933346
0.931774
0.930509
0.92969
0.929479
0.92948
0.929714
0.930565
0.931858
0.933464
0.935427
0.937682
0.940157
0.942761
0.944985
0.946042
0.947063
0.86934
0.870141
0.871023
0.871749
0.872406
0.872986
0.873505
0.873941
0.874287
0.874536
0.874698
0.874782
0.874798
0.874744
0.874613
0.874398
0.874087
0.873688
0.873207
0.872665
0.872048
0.871363
0.870514
0.869741
0.818813
0.818784
0.818788
0.818756
0.81876
0.818766
0.818792
0.818821
0.818858
0.818894
0.818929
0.818958
0.81898
0.818995
0.819004
0.819011
0.819018
0.819031
0.819046
0.819079
0.819109
0.819169
0.819183
0.819218
0.854006
0.852878
0.852205
0.851625
0.851444
0.851305
0.851351
0.851394
0.851511
0.851607
0.851708
0.851772
0.851791
0.851771
0.851716
0.851668
0.851601
0.851609
0.85161
0.851794
0.852012
0.852626
0.853325
0.854465
0.950487
0.949898
0.949264
0.948751
0.948426
0.9483
0.948243
0.948111
0.947861
0.947563
0.947322
0.947204
0.947233
0.947403
0.947685
0.948019
0.948314
0.948508
0.948636
0.94883
0.94921
0.949763
0.950429
0.951031
0.937688
0.937914
0.940284
0.942687
0.94557
0.948423
0.951298
0.953984
0.956412
0.958417
0.959898
0.960736
0.960876
0.960287
0.959093
0.957353
0.955183
0.952712
0.950032
0.947294
0.944549
0.942157
0.939971
0.939946
0.985829
0.982858
0.980962
0.978938
0.977577
0.976329
0.975316
0.974264
0.973471
0.974403
0.978433
0.983866
0.98842
0.992205
0.994511
0.995972
0.99335
0.98943
0.986783
0.98528
0.984573
0.98525
0.986279
0.989615
0.972834
0.975013
0.977006
0.977532
0.977433
0.976853
0.976286
0.975741
0.975295
0.974983
0.974799
0.974818
0.974833
0.974859
0.975098
0.975459
0.97595
0.976531
0.977128
0.977727
0.977841
0.977324
0.975336
0.973151
0.501618
0.501293
0.500914
0.500684
0.500504
0.500411
0.500327
0.500297
0.50029
0.500343
0.500385
0.500451
0.50048
0.500467
0.500481
0.500489
0.500559
0.500657
0.50081
0.500965
0.5012
0.501467
0.501871
0.5022
0.849923
0.849356
0.849104
0.848812
0.848732
0.848648
0.848693
0.848739
0.848843
0.848937
0.849033
0.849095
0.849113
0.849089
0.849035
0.848985
0.848926
0.848926
0.848924
0.849049
0.849166
0.849487
0.84976
0.850333
0.970663
0.970948
0.971409
0.971747
0.971986
0.972108
0.972157
0.97216
0.972161
0.972175
0.972201
0.972236
0.97225
0.972246
0.972253
0.972274
0.972309
0.97234
0.972324
0.972232
0.972017
0.971698
0.971248
0.970968
0.728257
0.727432
0.726102
0.725185
0.724493
0.724029
0.723705
0.72352
0.723441
0.723501
0.723592
0.723795
0.723776
0.723544
0.72343
0.723351
0.723411
0.723578
0.723877
0.724318
0.724976
0.725872
0.727174
0.728011
0.971275
0.970642
0.972099
0.973801
0.976066
0.978203
0.980225
0.982361
0.984694
0.986951
0.989082
0.990933
0.992364
0.993786
0.994056
0.992698
0.99062
0.987986
0.985307
0.982421
0.979235
0.976721
0.974503
0.975152
0.738824
0.738881
0.738992
0.739168
0.739379
0.739596
0.739799
0.739974
0.740114
0.740218
0.740285
0.740317
0.740316
0.740277
0.740203
0.740092
0.739947
0.739774
0.739582
0.739383
0.739197
0.739053
0.738973
0.738942
0.905147
0.904001
0.903317
0.903093
0.903385
0.903941
0.904717
0.905534
0.906349
0.907045
0.907581
0.907894
0.907963
0.907789
0.907398
0.906851
0.906189
0.905529
0.904916
0.904525
0.904408
0.904789
0.905645
0.90679
0.807765
0.80574
0.80459
0.804426
0.805046
0.806127
0.807453
0.808823
0.810067
0.811067
0.811751
0.812074
0.812061
0.811706
0.810999
0.809998
0.808778
0.807457
0.806199
0.805193
0.804644
0.804861
0.806025
0.808025
0.852185
0.851735
0.851087
0.8508
0.850737
0.850795
0.850897
0.851004
0.851094
0.85116
0.851196
0.8512
0.851168
0.851107
0.851022
0.850917
0.850793
0.850656
0.850525
0.850445
0.850498
0.850789
0.851461
0.851932
0.5638
0.562947
0.561152
0.559403
0.557748
0.556348
0.555161
0.554172
0.553343
0.552689
0.552232
0.552035
0.552151
0.552578
0.553251
0.554103
0.555108
0.556248
0.55756
0.559058
0.560787
0.562584
0.564405
0.565251
0.854173
0.854068
0.854505
0.854796
0.855211
0.855488
0.855783
0.855985
0.856175
0.856312
0.856418
0.856476
0.856482
0.856437
0.856346
0.856227
0.856057
0.855875
0.855601
0.855344
0.854945
0.854665
0.854234
0.854335
0.93522
0.934953
0.936147
0.937846
0.940112
0.942522
0.945012
0.947371
0.949514
0.951293
0.952619
0.953381
0.953529
0.953046
0.952018
0.950509
0.94862
0.946471
0.944167
0.94188
0.939755
0.938109
0.937106
0.937482
0.880982
0.880857
0.881309
0.881549
0.881976
0.882188
0.882435
0.882579
0.882728
0.882837
0.882931
0.882994
0.883001
0.882956
0.882884
0.882798
0.882674
0.882554
0.882328
0.882136
0.881723
0.881493
0.881046
0.881169
0.976939
0.974921
0.971641
0.96828
0.96446
0.959933
0.954776
0.949412
0.944729
0.94201
0.942428
0.947438
0.954659
0.95589
0.951343
0.945744
0.944318
0.946267
0.950473
0.955491
0.960413
0.965014
0.969104
0.972217
0.96016
0.960044
0.959677
0.958751
0.957502
0.956173
0.954885
0.953763
0.953007
0.952665
0.952531
0.952554
0.952559
0.952553
0.952714
0.953087
0.953869
0.955016
0.956324
0.957665
0.958918
0.959855
0.960236
0.960374
0.993167
0.989436
0.981927
0.976232
0.972151
0.969591
0.968864
0.969973
0.973137
0.977811
0.98312
0.98815
0.99186
0.994742
0.992703
0.989313
0.984883
0.980647
0.978336
0.978508
0.980642
0.983631
0.986193
0.987466
0.986738
0.987113
0.984606
0.981383
0.977556
0.974071
0.970939
0.969545
0.970634
0.97351
0.977037
0.980259
0.982151
0.983514
0.983438
0.982224
0.978864
0.976091
0.976805
0.980354
0.984439
0.989809
0.99334
0.994075
0.869189
0.868478
0.869052
0.869305
0.869795
0.869966
0.870182
0.870255
0.87036
0.870433
0.870511
0.870569
0.870574
0.870532
0.870474
0.870423
0.870342
0.870293
0.870101
0.869947
0.869469
0.869225
0.868652
0.869359
0.803563
0.803337
0.802853
0.802296
0.801705
0.801137
0.800638
0.800231
0.79992
0.799693
0.799538
0.799449
0.799422
0.799457
0.799559
0.799736
0.800003
0.800372
0.80084
0.801385
0.801964
0.802522
0.803014
0.80326
0.57289
0.571878
0.570136
0.568661
0.567263
0.56611
0.56514
0.564377
0.563772
0.563345
0.563072
0.562991
0.563097
0.563387
0.563856
0.564464
0.565228
0.56613
0.567216
0.568461
0.569927
0.571444
0.573207
0.574213
0.968444
0.969493
0.969495
0.967875
0.965568
0.963137
0.960771
0.958733
0.957178
0.956142
0.955553
0.955519
0.955519
0.955577
0.95621
0.957283
0.958869
0.960928
0.963303
0.965741
0.968044
0.969676
0.969685
0.968637
1.00039
0.998236
0.992038
0.984745
0.977845
0.971826
0.966802
0.963562
0.963419
0.966234
0.970934
0.974894
0.97821
0.9785
0.975214
0.972879
0.968938
0.966004
0.967587
0.97313
0.981007
0.989067
0.995301
0.99783
0.992852
0.990994
0.987141
0.982363
0.977876
0.97381
0.970335
0.966869
0.964604
0.965632
0.97048
0.974938
0.977489
0.978382
0.977496
0.973921
0.967315
0.965602
0.967086
0.972345
0.977191
0.982602
0.987023
0.989973
0.87947
0.878749
0.878389
0.878302
0.878456
0.878755
0.879157
0.879589
0.880014
0.880384
0.880672
0.880852
0.880915
0.880859
0.880696
0.880451
0.880151
0.879843
0.879565
0.879387
0.879353
0.879547
0.879995
0.880764
0.877983
0.878247
0.878739
0.879354
0.880017
0.880606
0.881118
0.881536
0.88187
0.882113
0.882275
0.882359
0.88237
0.882308
0.882169
0.88195
0.881643
0.881255
0.880774
0.880219
0.879588
0.879005
0.878536
0.878282
0.492306
0.491338
0.490947
0.490976
0.491499
0.492346
0.493447
0.494663
0.495837
0.496827
0.497515
0.497831
0.497784
0.497367
0.49658
0.495517
0.494293
0.493056
0.491954
0.491107
0.490596
0.490584
0.49102
0.492108
0.936269
0.936317
0.937526
0.939191
0.941449
0.943879
0.946389
0.948758
0.950894
0.952655
0.953959
0.95471
0.954874
0.954431
0.953446
0.951969
0.950093
0.947934
0.945603
0.943288
0.941151
0.939535
0.938442
0.938587
0.869566
0.869325
0.869266
0.869271
0.869372
0.869538
0.869768
0.870024
0.870286
0.870521
0.870711
0.870835
0.870888
0.870869
0.870785
0.870655
0.870498
0.870345
0.870217
0.870151
0.870146
0.870228
0.870359
0.870644
0.500981
0.500774
0.500454
0.5002
0.499966
0.499806
0.499647
0.499556
0.499492
0.499487
0.499478
0.499504
0.499538
0.499577
0.499652
0.499729
0.499865
0.500028
0.500263
0.500494
0.500788
0.501085
0.501434
0.501648
0.876565
0.876081
0.876347
0.876544
0.876954
0.877253
0.877581
0.87781
0.87802
0.87817
0.878281
0.878341
0.878349
0.878306
0.878214
0.878084
0.877896
0.877689
0.877382
0.877103
0.876709
0.876524
0.876265
0.876748
0.870303
0.870568
0.870857
0.871067
0.87134
0.871651
0.871997
0.872325
0.872614
0.872845
0.873008
0.873096
0.87311
0.873051
0.872916
0.872715
0.872454
0.872155
0.871836
0.871548
0.871296
0.871107
0.870836
0.870589
0.810091
0.80814
0.806959
0.806566
0.806903
0.807814
0.809062
0.810387
0.811603
0.812582
0.813237
0.81352
0.813512
0.813192
0.8125
0.811507
0.810304
0.809021
0.807841
0.807008
0.806735
0.807178
0.808378
0.810307
0.562315
0.561419
0.559695
0.558024
0.556409
0.555016
0.553821
0.552828
0.552002
0.551361
0.550916
0.550724
0.550838
0.551257
0.551916
0.552753
0.553753
0.554896
0.556216
0.557706
0.559396
0.561113
0.56286
0.563746
0.526512
0.525933
0.525011
0.524122
0.523169
0.522281
0.521447
0.520753
0.520187
0.519808
0.519574
0.519522
0.519594
0.519789
0.520159
0.52067
0.521358
0.522165
0.523098
0.524072
0.525094
0.526034
0.526989
0.52758
0.842583
0.842386
0.842628
0.842778
0.843068
0.843262
0.843489
0.843647
0.843798
0.843907
0.843992
0.844037
0.844043
0.844011
0.843941
0.84385
0.843717
0.843579
0.843373
0.843199
0.842926
0.842787
0.84255
0.84274
0.98837
0.986682
0.983393
0.979589
0.97551
0.971135
0.966809
0.96304
0.960471
0.959857
0.961537
0.96547
0.97123
0.972721
0.968205
0.964099
0.962115
0.962146
0.964407
0.968072
0.972309
0.976719
0.980423
0.982989
0.838979
0.83904
0.839298
0.839623
0.839906
0.84016
0.840361
0.840518
0.840636
0.840716
0.840758
0.840767
0.84074
0.84068
0.840589
0.840464
0.840305
0.84011
0.839875
0.83959
0.839289
0.838949
0.838674
0.83862
0.804739
0.803403
0.802477
0.801299
0.800485
0.800363
0.800874
0.801543
0.802165
0.802678
0.803031
0.803192
0.803203
0.803057
0.80272
0.802237
0.80166
0.801056
0.800635
0.800804
0.80162
0.802798
0.803732
0.805048
0.596155
0.596749
0.59767
0.598537
0.599307
0.599932
0.600442
0.600806
0.601028
0.601129
0.601171
0.601175
0.601095
0.600934
0.60074
0.600495
0.600137
0.599645
0.599021
0.598294
0.597439
0.596507
0.595533
0.594901
0.796041
0.796121
0.796497
0.796937
0.797393
0.797847
0.798272
0.79865
0.798964
0.799205
0.799366
0.799442
0.799428
0.799328
0.799144
0.798881
0.798548
0.798155
0.797715
0.79725
0.796784
0.796337
0.795961
0.795879
0.487831
0.486201
0.484968
0.48365
0.482422
0.481345
0.480467
0.479825
0.479399
0.479137
0.478989
0.478929
0.478976
0.479122
0.479352
0.479705
0.480231
0.480973
0.481934
0.483086
0.484378
0.485759
0.487064
0.488809
0.863486
0.863105
0.863826
0.864037
0.864407
0.864493
0.864671
0.864719
0.864812
0.864879
0.86496
0.865025
0.865028
0.864979
0.864918
0.864873
0.864805
0.864781
0.864625
0.86456
0.864203
0.863999
0.863276
0.863652
0.675694
0.669135
0.668069
0.669963
0.672819
0.675782
0.678443
0.680641
0.682317
0.683493
0.684221
0.684556
0.684648
0.684488
0.683923
0.682895
0.68135
0.679269
0.676713
0.673838
0.671055
0.669217
0.670334
0.676817
0.808866
0.807175
0.805655
0.804566
0.803725
0.803402
0.803714
0.804343
0.805035
0.805634
0.806053
0.806247
0.806253
0.806062
0.805647
0.805067
0.804412
0.803836
0.803588
0.80395
0.804801
0.805893
0.807403
0.809065
0.971145
0.970572
0.97235
0.9743
0.976818
0.979204
0.981577
0.983927
0.98633
0.988602
0.990692
0.992324
0.993421
0.994481
0.994877
0.993357
0.991359
0.988802
0.985955
0.982943
0.979604
0.976895
0.974303
0.974941
0.9809
0.981109
0.981639
0.981641
0.981484
0.981135
0.980727
0.980304
0.979941
0.979693
0.979555
0.979541
0.979554
0.979602
0.97978
0.980069
0.980472
0.980932
0.981372
0.981747
0.981924
0.981939
0.981417
0.981207
0.799171
0.798307
0.798336
0.798877
0.800224
0.801762
0.803311
0.804732
0.805932
0.806857
0.807478
0.807782
0.807771
0.807443
0.806807
0.805878
0.80469
0.803297
0.801793
0.800318
0.799049
0.798539
0.79854
0.799393
0.807852
0.807555
0.80786
0.808834
0.809964
0.811053
0.812023
0.81286
0.813546
0.814074
0.814438
0.814629
0.814634
0.814451
0.814093
0.813571
0.812893
0.812064
0.811103
0.810025
0.808903
0.807936
0.807636
0.807937
0.990447
0.988012
0.984586
0.980251
0.976054
0.972108
0.968632
0.965272
0.962563
0.964679
0.969438
0.975449
0.97951
0.98169
0.981891
0.979099
0.973659
0.969825
0.97046
0.974274
0.978429
0.983142
0.986849
0.990187
0.9913
0.99349
0.991068
0.986305
0.98106
0.976778
0.973185
0.970897
0.971278
0.973727
0.976894
0.979775
0.981345
0.982675
0.982756
0.981758
0.978487
0.975979
0.97788
0.981556
0.985982
0.991177
0.9945
0.995012
0.974685
0.975406
0.976009
0.976252
0.976345
0.976285
0.976157
0.975999
0.975872
0.9758
0.975783
0.975815
0.97583
0.975831
0.975887
0.975998
0.976165
0.976359
0.97652
0.976607
0.976535
0.976309
0.975715
0.974993
0.853279
0.852287
0.85165
0.851087
0.850885
0.850749
0.850799
0.850862
0.850991
0.851098
0.8512
0.85126
0.851282
0.851266
0.85121
0.85115
0.851069
0.851056
0.851053
0.851236
0.851478
0.852075
0.852738
0.853741
0.973965
0.973552
0.973289
0.973047
0.972747
0.972384
0.971978
0.971589
0.971266
0.971043
0.970921
0.970899
0.970911
0.970959
0.971112
0.971369
0.971726
0.972149
0.972585
0.972975
0.973296
0.973554
0.973828
0.974244
0.992744
0.990896
0.985875
0.979924
0.974533
0.970115
0.9666
0.963996
0.963781
0.967369
0.972178
0.97621
0.97877
0.979351
0.977262
0.974671
0.969854
0.965863
0.967516
0.971994
0.978013
0.984644
0.989973
0.992611
0.740087
0.740048
0.739872
0.739798
0.739808
0.739893
0.740017
0.74015
0.740271
0.740368
0.740436
0.740467
0.740455
0.740411
0.740344
0.740254
0.740147
0.740031
0.739926
0.739861
0.739869
0.73996
0.740151
0.740213
1.00882
1.00488
0.99736
0.98969
0.982389
0.975999
0.971274
0.968844
0.969056
0.97201
0.976623
0.982365
0.989102
0.991223
0.98658
0.980807
0.976153
0.973465
0.974092
0.978494
0.985385
0.993477
1.00079
1.00402
-0.0127821
-0.0133608
-0.0135338
-0.0135585
-0.0134317
-0.0134563
-0.0135936
-0.0141564
-0.0150237
-0.0162499
-0.0176251
-0.0189015
-0.0196399
-0.0195641
-0.0187248
-0.0174202
-0.0160878
-0.0150154
-0.0143921
-0.0140912
-0.0140477
-0.0141461
-0.0143573
-0.0143438
0.921233
0.921097
0.920757
0.92038
0.919981
0.919615
0.919323
0.919112
0.918969
0.918881
0.918836
0.918808
0.918787
0.918795
0.918844
0.918943
0.919101
0.919332
0.919646
0.920034
0.920455
0.920863
0.921246
0.921399
0.941038
0.941199
0.941848
0.942467
0.943096
0.943594
0.944038
0.944393
0.944684
0.944908
0.945065
0.945153
0.945167
0.945107
0.944979
0.944786
0.944526
0.944201
0.943787
0.943314
0.94271
0.942112
0.941477
0.941324
0.862295
0.862061
0.862995
0.863172
0.863423
0.863359
0.863398
0.863349
0.863363
0.863368
0.863401
0.86344
0.863445
0.863425
0.863414
0.863433
0.863444
0.863518
0.8635
0.863584
0.863344
0.863173
0.862235
0.862461
0.867266
0.866915
0.866704
0.866502
0.866468
0.866484
0.866625
0.866787
0.86699
0.86717
0.867326
0.867423
0.867458
0.867433
0.867351
0.867248
0.867125
0.867047
0.86699
0.867058
0.867173
0.867447
0.867715
0.868092
1.0053
1.00327
0.996423
0.988319
0.980449
0.973559
0.967912
0.964247
0.964092
0.966734
0.971142
0.975537
0.980029
0.980691
0.976796
0.973195
0.969522
0.96697
0.968598
0.974965
0.983773
0.992643
0.999383
1.00165
0.901275
0.900333
0.899673
0.899386
0.89959
0.900039
0.90071
0.901421
0.902138
0.902746
0.903214
0.903486
0.903553
0.903412
0.90308
0.902612
0.902039
0.901477
0.900962
0.900671
0.900636
0.901071
0.901876
0.902837
0.801719
0.801373
0.801651
0.80252
0.803612
0.804703
0.80567
0.806464
0.807076
0.807514
0.807796
0.807925
0.807901
0.807723
0.807397
0.806919
0.806274
0.805451
0.804457
0.803348
0.802244
0.801372
0.801112
0.801482
0.938499
0.938346
0.940733
0.943234
0.946358
0.949464
0.952589
0.955503
0.958135
0.960315
0.961936
0.962858
0.963012
0.962358
0.96105
0.959153
0.956793
0.954098
0.951161
0.948154
0.945126
0.942603
0.940225
0.940655
0.815899
0.815066
0.814723
0.814768
0.814959
0.815082
0.815128
0.815091
0.815018
0.814933
0.814866
0.814827
0.814824
0.814858
0.814924
0.815012
0.81509
0.815132
0.815095
0.814983
0.814803
0.814772
0.815125
0.815975
0.90523
0.904445
0.904128
0.904247
0.904731
0.905444
0.906313
0.907212
0.908076
0.908818
0.909386
0.909722
0.909802
0.909625
0.909222
0.908644
0.907943
0.907205
0.906496
0.90594
0.90562
0.905649
0.906128
0.906953
0.883264
0.883008
0.883091
0.883272
0.88365
0.884035
0.884433
0.884775
0.885071
0.885299
0.88546
0.885545
0.885556
0.885492
0.885353
0.885149
0.884877
0.884561
0.884187
0.883824
0.883464
0.8833
0.88323
0.883498
0.803763
0.802759
0.801328
0.800176
0.799191
0.798257
0.797664
0.797374
0.797307
0.797384
0.797499
0.797614
0.797614
0.797499
0.797386
0.797313
0.797388
0.79768
0.798266
0.799198
0.800249
0.801415
0.802832
0.803808
0.529125
0.528424
0.527446
0.52653
0.525554
0.524643
0.523787
0.523073
0.522499
0.522125
0.52191
0.52189
0.521965
0.522132
0.522488
0.522998
0.523699
0.524528
0.525485
0.526483
0.527527
0.528497
0.529511
0.530233
0.847145
0.846763
0.846833
0.846767
0.846941
0.846937
0.847015
0.847017
0.847081
0.847134
0.847212
0.847268
0.847274
0.847239
0.847187
0.847163
0.84713
0.84716
0.847111
0.847142
0.846989
0.847072
0.84701
0.84739
0.90184
0.902133
0.902507
0.902857
0.903221
0.903508
0.903703
0.903796
0.903805
0.903763
0.903708
0.90367
0.903664
0.903693
0.903743
0.903784
0.903779
0.903696
0.903512
0.903233
0.902876
0.902537
0.902169
0.901895
0.919123
0.915978
0.913744
0.912316
0.911167
0.910177
0.909322
0.908628
0.908135
0.907866
0.907772
0.907853
0.907853
0.907781
0.907897
0.908197
0.908729
0.909462
0.910354
0.911378
0.912553
0.913994
0.916229
0.919389
0.893159
0.893256
0.893277
0.892983
0.89294
0.8929
0.893053
0.893242
0.893516
0.893758
0.89397
0.8941
0.89415
0.894124
0.894021
0.893894
0.89374
0.893679
0.89366
0.89384
0.894025
0.894456
0.894564
0.894543
0.94452
0.94538
0.94891
0.952338
0.956448
0.960414
0.964378
0.968052
0.971366
0.974143
0.976236
0.977434
0.977666
0.976811
0.97516
0.972751
0.96977
0.966341
0.962538
0.95861
0.954387
0.950784
0.946572
0.945808
0.99004
0.986001
0.979262
0.973848
0.969905
0.967429
0.966675
0.967619
0.970915
0.975696
0.980914
0.985688
0.989037
0.991166
0.989634
0.986947
0.982724
0.978539
0.976332
0.976777
0.979882
0.983857
0.986915
0.988179
0.930935
0.930482
0.931085
0.932271
0.934011
0.935952
0.937998
0.939965
0.941757
0.943248
0.944361
0.945011
0.945157
0.94479
0.943963
0.942733
0.941181
0.939416
0.937549
0.935741
0.934147
0.933044
0.932647
0.933228
0.49681
0.498048
0.499585
0.50131
0.503292
0.505454
0.507614
0.509566
0.511207
0.51248
0.513326
0.513722
0.51362
0.513019
0.511972
0.510514
0.508709
0.506622
0.504368
0.502144
0.500107
0.498326
0.496769
0.495574
0.874897
0.875153
0.875781
0.876188
0.876629
0.876915
0.877189
0.877373
0.877535
0.87765
0.877737
0.877786
0.877795
0.877764
0.877695
0.877601
0.877462
0.877302
0.87705
0.876785
0.876362
0.87597
0.875349
0.875092
0.877175
0.876438
0.876984
0.87725
0.877759
0.877975
0.878227
0.878339
0.878469
0.878559
0.878644
0.878706
0.878712
0.878668
0.878605
0.878538
0.878433
0.878345
0.878116
0.877919
0.877422
0.877163
0.87662
0.877353
0.936424
0.933659
0.931896
0.930021
0.928197
0.926462
0.924772
0.923233
0.921908
0.920814
0.920156
0.920003
0.920003
0.920174
0.920863
0.921986
0.923347
0.924923
0.926648
0.928415
0.930258
0.93215
0.933922
0.936693
0.55662
0.555854
0.554386
0.553005
0.551644
0.550474
0.549452
0.548613
0.547922
0.547414
0.547075
0.546959
0.54706
0.547377
0.547906
0.548589
0.549437
0.550412
0.551547
0.552808
0.554237
0.555662
0.557157
0.557924
0.832008
0.832717
0.833466
0.834243
0.835047
0.83584
0.836561
0.837192
0.83771
0.838104
0.838367
0.838498
0.8385
0.838374
0.838117
0.837728
0.837215
0.836589
0.835873
0.835086
0.83429
0.833521
0.832777
0.832072
0.98998
0.987175
0.983592
0.979297
0.97514
0.971021
0.96741
0.964524
0.963166
0.966785
0.972574
0.978484
0.982369
0.984421
0.9848
0.98279
0.976844
0.971117
0.970799
0.974248
0.978387
0.982907
0.98659
0.990183
0.844977
0.844833
0.845057
0.84504
0.845136
0.845085
0.845118
0.845106
0.845155
0.845197
0.845257
0.8453
0.845309
0.845288
0.845254
0.845241
0.845222
0.845264
0.845261
0.845337
0.845262
0.845296
0.845078
0.845215
0.547956
0.546804
0.544967
0.543046
0.541167
0.539454
0.537928
0.536612
0.535507
0.534646
0.53406
0.533804
0.53392
0.534404
0.535206
0.536268
0.537552
0.539023
0.540678
0.542495
0.544459
0.546435
0.548304
0.549461
0.871431
0.871051
0.870862
0.870784
0.870902
0.871084
0.871355
0.871635
0.871932
0.872193
0.872409
0.872543
0.872584
0.872534
0.872406
0.872236
0.872035
0.871854
0.871685
0.871606
0.871589
0.871756
0.872014
0.872424
0.923608
0.924424
0.925482
0.92632
0.927119
0.927759
0.928308
0.92877
0.929171
0.929478
0.929693
0.929814
0.929825
0.929729
0.929539
0.929261
0.92889
0.92846
0.927941
0.927331
0.92656
0.925745
0.924706
0.923898
0.944438
0.946178
0.949595
0.952791
0.956475
0.959988
0.963457
0.966641
0.969489
0.971834
0.973574
0.974563
0.974785
0.974159
0.972844
0.970851
0.968318
0.965365
0.962057
0.958592
0.954852
0.951549
0.947636
0.946399
0.564875
0.563727
0.561953
0.560409
0.558942
0.557715
0.556669
0.55583
0.55515
0.554656
0.554327
0.554216
0.554319
0.554636
0.555157
0.555828
0.556665
0.55764
0.558798
0.560114
0.561648
0.563234
0.565029
0.566171
0.844771
0.844127
0.844164
0.844061
0.84419
0.844186
0.844277
0.844311
0.844395
0.844458
0.844527
0.844572
0.844579
0.844552
0.844504
0.844464
0.844404
0.844395
0.844326
0.84435
0.844235
0.844348
0.844312
0.844952
0.803079
0.80302
0.802802
0.802451
0.802034
0.801605
0.80119
0.800822
0.80052
0.800288
0.800128
0.800037
0.800014
0.800059
0.800176
0.800367
0.800633
0.800971
0.801364
0.80178
0.802195
0.80255
0.802777
0.802845
0.819074
0.818994
0.819001
0.81893
0.818896
0.818871
0.818875
0.818896
0.81893
0.81897
0.819009
0.819043
0.819067
0.819083
0.819093
0.819103
0.819116
0.819142
0.819182
0.819248
0.81932
0.819419
0.819438
0.81952
0.851581
0.851847
0.852232
0.852466
0.852779
0.853018
0.853266
0.853448
0.853616
0.853742
0.853841
0.853894
0.8539
0.85386
0.853777
0.853669
0.85352
0.853359
0.853131
0.852911
0.852613
0.852391
0.852012
0.851741
0.87119
0.870408
0.868329
0.865717
0.863396
0.861471
0.859888
0.858628
0.857651
0.857011
0.856631
0.856633
0.856635
0.85665
0.857055
0.857718
0.858716
0.859993
0.861587
0.863515
0.865836
0.868444
0.870518
0.8713
0.859713
0.859188
0.858903
0.858547
0.858508
0.858421
0.858492
0.858529
0.858651
0.858755
0.858874
0.858953
0.858971
0.858937
0.858869
0.858818
0.858754
0.858775
0.858762
0.858905
0.858993
0.859394
0.859712
0.86025
0.823536
0.821752
0.819589
0.820074
0.820816
0.82152
0.822358
0.823228
0.824037
0.824703
0.825192
0.825442
0.825459
0.825246
0.824797
0.824172
0.823398
0.822554
0.821732
0.821019
0.82026
0.819762
0.821849
0.823593
0.840041
0.839536
0.839653
0.839573
0.839593
0.839515
0.839524
0.83951
0.839549
0.839572
0.839602
0.83962
0.839631
0.839637
0.83963
0.839631
0.839616
0.839655
0.839668
0.839765
0.839759
0.839846
0.83973
0.840231
0.941054
0.940441
0.939746
0.939223
0.938646
0.938062
0.937492
0.93699
0.936614
0.93639
0.936284
0.936271
0.936278
0.936307
0.936435
0.936684
0.937088
0.937618
0.938215
0.938823
0.939419
0.939958
0.94067
0.941318
0.470388
0.463524
0.459183
0.456161
0.454003
0.451959
0.450085
0.448465
0.447403
0.447349
0.449203
0.453893
0.461755
0.464524
0.456811
0.451664
0.449447
0.449349
0.45027
0.451628
0.453042
0.454831
0.457366
0.461501
0.839929
0.840589
0.841348
0.841951
0.842433
0.842773
0.843004
0.843143
0.843218
0.84325
0.843263
0.843272
0.843286
0.843305
0.84332
0.843319
0.84328
0.84318
0.842992
0.8427
0.842267
0.841713
0.840996
0.840362
0.989858
0.98723
0.983775
0.980051
0.97678
0.974002
0.972029
0.97099
0.971586
0.974833
0.980462
0.98661
0.991084
0.992607
0.991017
0.987238
0.981174
0.976755
0.975131
0.976022
0.978225
0.981429
0.984499
0.987627
0.939615
0.939292
0.94041
0.941762
0.943457
0.945262
0.947225
0.949357
0.951574
0.953702
0.955578
0.957003
0.957808
0.957902
0.957247
0.955872
0.953931
0.951621
0.949214
0.946841
0.944431
0.942358
0.940509
0.940533
0.621835
0.62136
0.62105
0.621364
0.621858
0.622442
0.623001
0.623562
0.624086
0.624581
0.624951
0.625212
0.625169
0.624818
0.624367
0.623801
0.623214
0.622598
0.621994
0.621369
0.62084
0.620498
0.620778
0.621284
0.640951
0.63752
0.634299
0.633355
0.633536
0.634322
0.63525
0.636097
0.636727
0.63712
0.637316
0.637397
0.637508
0.637641
0.637644
0.637428
0.636952
0.636234
0.63541
0.634701
0.634571
0.635534
0.638736
0.642091
0.98947
0.9897
0.990816
0.990661
0.990094
0.989301
0.988479
0.987699
0.98704
0.986561
0.986279
0.986267
0.986278
0.986329
0.986662
0.987187
0.98789
0.988708
0.989561
0.990379
0.990964
0.991134
0.990022
0.989784
0.966388
0.966427
0.968338
0.970322
0.972799
0.975213
0.977574
0.97983
0.982029
0.984088
0.985963
0.987506
0.988649
0.989488
0.989689
0.988607
0.986845
0.984461
0.981659
0.978618
0.975318
0.972547
0.969863
0.969638
0.84739
0.846711
0.846405
0.846092
0.845967
0.845867
0.845887
0.845922
0.846005
0.846079
0.846153
0.846199
0.84622
0.846215
0.846185
0.846155
0.846116
0.846126
0.846148
0.846289
0.846447
0.846788
0.847113
0.847798
0.961559
0.961863
0.962158
0.962395
0.962699
0.962957
0.963177
0.963345
0.963481
0.963597
0.963691
0.963757
0.963773
0.963739
0.963678
0.963597
0.963497
0.963364
0.963178
0.96295
0.962671
0.962454
0.962171
0.961868
0.880888
0.881234
0.881899
0.882455
0.883033
0.88347
0.883865
0.884167
0.884416
0.884604
0.884741
0.884817
0.884825
0.884767
0.88465
0.884484
0.884259
0.883982
0.883612
0.883198
0.882641
0.882101
0.881448
0.881107
0.661136
0.660802
0.660432
0.6605
0.660529
0.660553
0.660571
0.660651
0.660779
0.66097
0.661115
0.661227
0.66119
0.661003
0.660784
0.660523
0.660329
0.660188
0.660113
0.660039
0.659982
0.659886
0.660241
0.660575
0.883848
0.884235
0.885049
0.885719
0.886435
0.886949
0.887417
0.887759
0.888049
0.888266
0.888424
0.888511
0.888518
0.888448
0.888308
0.888112
0.887846
0.887528
0.887085
0.886595
0.885901
0.885248
0.884445
0.884059
0.916682
0.916338
0.916489
0.917074
0.918069
0.919258
0.92056
0.921838
0.923025
0.924026
0.924782
0.925226
0.925329
0.925091
0.924544
0.923746
0.922754
0.92166
0.920535
0.919509
0.918692
0.918252
0.918305
0.918668
0.9823
0.982813
0.983483
0.98359
0.983506
0.983251
0.982933
0.9826
0.982323
0.98214
0.982048
0.982059
0.982073
0.982098
0.982231
0.982454
0.982773
0.983142
0.983492
0.983772
0.983875
0.983783
0.983119
0.982605
0.860981
0.860408
0.860115
0.859952
0.85993
0.860001
0.860148
0.860331
0.860527
0.860709
0.86086
0.860966
0.86102
0.861022
0.860977
0.860899
0.860805
0.860719
0.860666
0.860684
0.860788
0.861021
0.861362
0.861983
0.498464
0.496477
0.49447
0.492297
0.490264
0.488381
0.486758
0.485413
0.484339
0.483544
0.483024
0.482785
0.482841
0.48319
0.483821
0.484735
0.485934
0.487416
0.489196
0.491206
0.493344
0.495605
0.497685
0.499751
0.770104
0.768208
0.766963
0.766578
0.766383
0.766523
0.766746
0.766983
0.76722
0.767463
0.767662
0.767823
0.767822
0.767661
0.767465
0.767229
0.767006
0.766791
0.766598
0.766477
0.766612
0.766999
0.768238
0.7702
0.851537
0.851546
0.851721
0.851981
0.852292
0.852556
0.852766
0.852909
0.853
0.853055
0.853087
0.853107
0.85312
0.853128
0.853125
0.853102
0.853044
0.852939
0.852768
0.852544
0.852271
0.852044
0.851896
0.8519
0.938905
0.938724
0.938627
0.938736
0.938729
0.938654
0.93856
0.938471
0.938403
0.938368
0.938364
0.938379
0.938386
0.93839
0.938414
0.938472
0.938565
0.938681
0.938802
0.938903
0.938932
0.938841
0.938951
0.939141
0.836303
0.835823
0.835722
0.83553
0.835494
0.835455
0.83551
0.835559
0.835633
0.835694
0.83575
0.835783
0.835794
0.835784
0.835751
0.835714
0.835664
0.835637
0.835603
0.83566
0.83571
0.835912
0.83602
0.836497
0.514886
0.514842
0.515346
0.516354
0.517488
0.51866
0.519741
0.520749
0.521623
0.522374
0.522897
0.523198
0.523173
0.522821
0.522253
0.52147
0.520576
0.519562
0.518483
0.517319
0.516197
0.515204
0.514694
0.514752
0.980325
0.980297
0.980733
0.98097
0.981016
0.980856
0.980598
0.980312
0.980073
0.979922
0.979853
0.979864
0.979876
0.979894
0.979997
0.980186
0.980462
0.980783
0.981073
0.981259
0.981234
0.981013
0.980586
0.980617
0.923235
0.922866
0.923027
0.923801
0.92515
0.92674
0.928454
0.930113
0.931639
0.932913
0.933866
0.934416
0.934523
0.934184
0.933451
0.932391
0.931072
0.929607
0.928081
0.926659
0.925505
0.924869
0.924956
0.925249
0.924424
0.923565
0.923753
0.923871
0.924227
0.924559
0.924976
0.925303
0.925579
0.925793
0.925952
0.926046
0.926057
0.925986
0.925853
0.925666
0.92542
0.925122
0.924735
0.92444
0.924106
0.924004
0.923827
0.924687
0.818887
0.817636
0.815631
0.815507
0.816023
0.816545
0.817117
0.817765
0.818409
0.818987
0.819458
0.819706
0.819713
0.819481
0.819039
0.818493
0.817875
0.817248
0.816688
0.816164
0.815641
0.81575
0.817696
0.81891
0.910815
0.910629
0.910488
0.910239
0.910023
0.909808
0.909611
0.909439
0.909298
0.909191
0.909119
0.909083
0.909083
0.909119
0.909191
0.909298
0.909439
0.909611
0.909808
0.910023
0.910239
0.910488
0.91063
0.910815
0.991174
0.993433
0.995009
0.994804
0.993997
0.992988
0.992002
0.991102
0.990341
0.989769
0.989406
0.989359
0.989373
0.989466
0.989885
0.990507
0.991312
0.992249
0.993262
0.994291
0.995112
0.995331
0.993759
0.991492
0.852203
0.852868
0.853731
0.854109
0.854562
0.854761
0.854988
0.855108
0.855246
0.855345
0.855436
0.855491
0.855495
0.855452
0.855376
0.855297
0.855179
0.85508
0.854875
0.854695
0.854259
0.853892
0.853032
0.852358
0.994359
0.991482
0.987399
0.982837
0.978469
0.974398
0.970955
0.968294
0.967138
0.968586
0.972288
0.97677
0.981881
0.983386
0.981169
0.977551
0.973257
0.970799
0.971293
0.974279
0.978338
0.982991
0.98711
0.990769
0.979253
0.977345
0.977933
0.978728
0.980103
0.98155
0.98334
0.98528
0.987063
0.988741
0.990251
0.991972
0.993664
0.996197
0.998194
0.997999
0.996119
0.993284
0.990259
0.987552
0.984959
0.983174
0.981867
0.983932
0.910766
0.910534
0.910374
0.910121
0.909907
0.909697
0.909504
0.909336
0.909198
0.909093
0.909022
0.908987
0.908987
0.909022
0.909093
0.909198
0.909336
0.909504
0.909697
0.909907
0.910121
0.910374
0.910534
0.910766
0.959966
0.960072
0.959418
0.958649
0.957817
0.956977
0.956151
0.955412
0.954842
0.954486
0.954295
0.954248
0.954256
0.954324
0.954542
0.95493
0.955531
0.956301
0.957154
0.958018
0.958867
0.959653
0.96032
0.960213
0.579873
0.576105
0.573969
0.572382
0.571151
0.570093
0.569152
0.568269
0.567454
0.566748
0.566236
0.565995
0.566102
0.566557
0.567275
0.568165
0.569139
0.57015
0.571189
0.572317
0.573599
0.57522
0.577369
0.581048
0.955311
0.955543
0.955591
0.955713
0.955652
0.9555
0.955302
0.955096
0.954929
0.954825
0.954782
0.954789
0.954796
0.954809
0.954874
0.955005
0.955201
0.955436
0.955662
0.955839
0.95592
0.955816
0.955778
0.955549
0.839755
0.838774
0.838437
0.838132
0.83807
0.838021
0.838089
0.838153
0.838252
0.838333
0.838406
0.838448
0.838459
0.838441
0.838392
0.838336
0.838262
0.838224
0.838179
0.838249
0.838327
0.838643
0.838986
0.839965
0.743396
0.742537
0.741221
0.740265
0.73957
0.739178
0.738919
0.738792
0.738759
0.738821
0.738899
0.739009
0.738999
0.738869
0.738776
0.738701
0.738723
0.73884
0.73908
0.739457
0.740106
0.741047
0.742336
0.743224
0.555997
0.555098
0.553686
0.552419
0.551183
0.55013
0.549203
0.548458
0.547868
0.547488
0.547273
0.547279
0.547369
0.547539
0.54792
0.548455
0.549184
0.550051
0.551081
0.552216
0.553515
0.554826
0.556268
0.557177
0.850035
0.849311
0.848935
0.848553
0.848474
0.848376
0.848425
0.848455
0.848552
0.848632
0.848721
0.848778
0.848794
0.848772
0.848723
0.848684
0.84863
0.848643
0.848635
0.848771
0.848884
0.849295
0.849691
0.850419
0.800528
0.798035
0.796701
0.796019
0.795707
0.795543
0.795519
0.795608
0.795801
0.796085
0.796429
0.796777
0.797015
0.797008
0.796641
0.796209
0.79574
0.79531
0.794978
0.794808
0.794832
0.795343
0.796554
0.799386
0.948621
0.950076
0.954429
0.958574
0.963271
0.967718
0.972103
0.976135
0.979692
0.982681
0.984953
0.986255
0.986569
0.985674
0.983969
0.981423
0.978245
0.974484
0.970246
0.965804
0.960881
0.956435
0.951225
0.949668
0.84586
0.844795
0.844582
0.84429
0.844369
0.844343
0.844458
0.844508
0.844613
0.844687
0.844764
0.844812
0.84482
0.844792
0.844736
0.844687
0.844607
0.84458
0.844488
0.844533
0.844467
0.844769
0.844986
0.84605
0.973735
0.974563
0.975656
0.975928
0.97588
0.975573
0.975233
0.974886
0.974599
0.974408
0.974308
0.974325
0.974338
0.974359
0.974502
0.974736
0.975065
0.97545
0.975822
0.976156
0.976223
0.975965
0.97488
0.974049
0.877274
0.876834
0.877472
0.87779
0.878276
0.878489
0.878729
0.878841
0.878969
0.879062
0.87915
0.879214
0.879219
0.879173
0.879105
0.879035
0.878932
0.878843
0.878627
0.878434
0.877962
0.877654
0.877019
0.877456
0.987406
0.988225
0.989006
0.988878
0.988379
0.987661
0.986898
0.986158
0.985535
0.985079
0.984808
0.984759
0.984772
0.98486
0.985177
0.985677
0.986343
0.987117
0.987909
0.988649
0.989164
0.989305
0.98853
0.987715
0.977952
0.977947
0.978383
0.978543
0.978577
0.978401
0.978148
0.97787
0.977638
0.97749
0.977422
0.977438
0.977451
0.977469
0.977575
0.977763
0.978036
0.978352
0.978638
0.97884
0.978828
0.978685
0.978256
0.978263
0.993597
0.992269
0.988685
0.983824
0.979058
0.974785
0.971331
0.968446
0.966188
0.967305
0.971466
0.975341
0.97751
0.978414
0.977529
0.974109
0.968015
0.966657
0.96822
0.973397
0.978354
0.983725
0.987985
0.990499
0.941365
0.941791
0.94422
0.946813
0.949965
0.953079
0.956197
0.95909
0.961692
0.963845
0.965451
0.966376
0.966575
0.965999
0.964777
0.962952
0.960645
0.957976
0.955025
0.95198
0.948847
0.946204
0.943567
0.943594
0.754717
0.753489
0.752421
0.751941
0.751632
0.751748
0.751995
0.752296
0.752597
0.75288
0.753087
0.753225
0.753225
0.753084
0.752874
0.752594
0.7523
0.752009
0.751767
0.751653
0.751896
0.752377
0.753432
0.754715
0.98978
0.987184
0.984114
0.980335
0.976824
0.97352
0.970543
0.967321
0.964339
0.96647
0.971461
0.977445
0.9817
0.984026
0.984389
0.982173
0.977824
0.97466
0.975556
0.977968
0.980567
0.984046
0.987002
0.990347
0.655587
0.651171
0.647929
0.647566
0.648491
0.649988
0.651534
0.652893
0.653924
0.654611
0.654992
0.655151
0.655257
0.655301
0.655107
0.654588
0.653701
0.652467
0.651023
0.649605
0.648735
0.649123
0.652351
0.656676
0.992612
0.990141
0.98595
0.980759
0.975536
0.970584
0.966132
0.962311
0.960983
0.963697
0.969958
0.975224
0.978697
0.979717
0.978456
0.975292
0.969309
0.965396
0.964837
0.970188
0.97617
0.982428
0.987376
0.990874
0.676681
0.676564
0.676505
0.676798
0.676831
0.676721
0.676613
0.676587
0.676641
0.676757
0.676855
0.676916
0.676883
0.67675
0.676578
0.67639
0.676265
0.676223
0.676266
0.676315
0.676289
0.675978
0.676008
0.676122
0.864503
0.863842
0.863711
0.863307
0.863109
0.862862
0.862818
0.862783
0.862854
0.862922
0.863011
0.863072
0.863096
0.863091
0.863062
0.863059
0.863055
0.863159
0.863273
0.863588
0.863845
0.864304
0.864476
0.865161
0.842434
0.842105
0.842109
0.842067
0.8421
0.842095
0.842146
0.84219
0.842262
0.842326
0.842387
0.842427
0.842444
0.84244
0.842415
0.842389
0.842356
0.842352
0.84234
0.842383
0.842384
0.842453
0.842465
0.842794
0.954951
0.954826
0.955101
0.95548
0.955906
0.956284
0.956614
0.956904
0.957138
0.957319
0.957451
0.957529
0.957542
0.957492
0.957389
0.957239
0.957037
0.956781
0.956483
0.956136
0.955737
0.95538
0.955121
0.955254
0.641773
0.636584
0.633947
0.633645
0.634379
0.635493
0.636618
0.637567
0.638253
0.638676
0.638891
0.638977
0.639089
0.639218
0.639203
0.63896
0.63843
0.637613
0.636595
0.635562
0.634886
0.635218
0.637849
0.642879
0.827866
0.825739
0.82372
0.822303
0.821149
0.82001
0.819147
0.818595
0.818313
0.818252
0.818294
0.8184
0.818401
0.818299
0.818262
0.81833
0.81862
0.819174
0.820032
0.821173
0.822387
0.823815
0.825822
0.827917
0.627704
0.627097
0.6267
0.626455
0.626463
0.626501
0.626588
0.626665
0.626741
0.62679
0.626797
0.626768
0.626712
0.62663
0.626511
0.626352
0.626168
0.625991
0.625811
0.625692
0.625619
0.625816
0.626185
0.626782
0.836131
0.834755
0.832805
0.831062
0.829601
0.82841
0.827395
0.826618
0.826106
0.825852
0.825766
0.825832
0.825831
0.82577
0.825866
0.82613
0.826651
0.827439
0.828468
0.82967
0.831139
0.832887
0.834825
0.83617
0.966401
0.966567
0.968154
0.969906
0.972225
0.974444
0.976585
0.978674
0.980794
0.98291
0.984924
0.986656
0.987981
0.988941
0.989135
0.988179
0.986436
0.984088
0.981322
0.978317
0.975034
0.972402
0.969947
0.969616
0.896274
0.895132
0.894552
0.894195
0.894254
0.894432
0.894816
0.895237
0.895717
0.896136
0.896484
0.896691
0.896741
0.89664
0.896411
0.896116
0.89577
0.89549
0.895255
0.895238
0.895341
0.895856
0.896598
0.897814
0.684772
0.678752
0.691165
0.702238
0.71015
0.715369
0.719059
0.72183
0.724197
0.726383
0.728337
0.729586
0.729626
0.728493
0.726672
0.724631
0.72242
0.719806
0.716272
0.711196
0.703397
0.692396
0.679972
0.685704
0.888291
0.888325
0.888801
0.889392
0.890065
0.890654
0.891177
0.891604
0.891955
0.892217
0.892395
0.892488
0.892498
0.892426
0.89227
0.892032
0.891707
0.891307
0.890813
0.890252
0.889608
0.889043
0.888592
0.888573
0.85949
0.858568
0.858102
0.857676
0.857619
0.857538
0.857622
0.857677
0.857811
0.857925
0.858048
0.858128
0.858148
0.858115
0.858045
0.857987
0.857912
0.857919
0.857896
0.858035
0.858144
0.858618
0.85912
0.860057
0.999347
0.993433
0.984943
0.977753
0.972512
0.969217
0.967881
0.968796
0.97176
0.976199
0.981887
0.988076
0.993848
0.996409
0.992782
0.987122
0.981287
0.976601
0.974156
0.975033
0.979013
0.984846
0.991226
0.994607
1.02903
1.02047
1.01584
1.01021
1.00488
1.00016
0.996635
0.995133
0.996157
0.99978
1.00546
1.01184
1.01774
1.02109
1.01801
1.01164
1.00552
1.00049
0.998236
0.999106
1.00268
1.00785
1.01288
1.01843
0.692636
0.690296
0.700261
0.710361
0.717953
0.723482
0.72757
0.73074
0.733383
0.735699
0.737659
0.738831
0.738859
0.737779
0.735932
0.733742
0.731234
0.728204
0.724258
0.718863
0.711383
0.701346
0.691411
0.693587
0.996612
0.990018
0.981762
0.975522
0.971212
0.968599
0.967959
0.969485
0.972861
0.977708
0.983693
0.989924
0.995312
0.998289
0.995075
0.989562
0.983435
0.977983
0.974761
0.974511
0.977687
0.982693
0.988515
0.991473
0.507876
0.507415
0.506964
0.506774
0.506624
0.506575
0.506535
0.506563
0.50662
0.506757
0.50689
0.507058
0.50708
0.506954
0.506864
0.506775
0.506769
0.506795
0.506888
0.506988
0.507182
0.507411
0.507891
0.508376
1.00199
0.998465
0.990898
0.982769
0.97554
0.969925
0.966444
0.965397
0.967231
0.971238
0.976379
0.981835
0.987282
0.988934
0.985034
0.980359
0.975747
0.972183
0.971848
0.975571
0.982029
0.989609
0.99612
0.998847
0.669414
0.660167
0.661128
0.663563
0.666765
0.669788
0.672414
0.674518
0.67609
0.677165
0.677816
0.678099
0.678195
0.678099
0.677621
0.676703
0.67527
0.673289
0.670771
0.667839
0.664715
0.662343
0.661501
0.670642
0.985643
0.982933
0.980516
0.977795
0.975673
0.97381
0.972376
0.971597
0.972087
0.975235
0.980993
0.986088
0.989786
0.992487
0.994051
0.993306
0.987581
0.983294
0.98179
0.981605
0.981929
0.983432
0.985068
0.988224
0.875613
0.875633
0.875619
0.875707
0.875974
0.876241
0.876477
0.876658
0.876784
0.876866
0.876916
0.876943
0.876948
0.876926
0.876866
0.876762
0.876602
0.876378
0.876093
0.875773
0.875447
0.875285
0.875235
0.875202
0.992353
0.990427
0.986922
0.982249
0.977437
0.972537
0.967622
0.962938
0.96076
0.963136
0.969669
0.97526
0.978846
0.979827
0.978516
0.975227
0.96867
0.965072
0.966009
0.972681
0.978667
0.984197
0.988137
0.990971
0.99258
0.991014
0.986706
0.981283
0.976059
0.971409
0.967415
0.964422
0.964099
0.967487
0.972448
0.976688
0.979082
0.97955
0.977785
0.975199
0.970069
0.965891
0.967304
0.972307
0.978167
0.984267
0.989202
0.991875
0.841623
0.841346
0.841331
0.841202
0.841252
0.841222
0.841285
0.841317
0.841402
0.841473
0.841549
0.841597
0.841606
0.841578
0.841525
0.84148
0.841422
0.841417
0.841379
0.841432
0.841399
0.841541
0.841562
0.841836
0.507575
0.506789
0.506447
0.506536
0.506846
0.507286
0.507737
0.50821
0.508655
0.509091
0.509429
0.509681
0.509679
0.509415
0.50907
0.508638
0.508206
0.507756
0.507333
0.506927
0.506648
0.50659
0.506967
0.507787
0.901358
0.901721
0.902526
0.903352
0.904167
0.904833
0.90539
0.90582
0.906164
0.906419
0.906592
0.906683
0.906695
0.906629
0.906481
0.906253
0.905937
0.905537
0.905011
0.904374
0.90359
0.902792
0.902006
0.901648
0.875968
0.875459
0.875183
0.87507
0.875149
0.875337
0.875628
0.875949
0.876277
0.876565
0.876792
0.876935
0.876986
0.876947
0.876823
0.876641
0.87642
0.876208
0.876027
0.875947
0.875972
0.876177
0.876526
0.877071
0.717208
0.716675
0.715412
0.714778
0.71447
0.714368
0.714345
0.714449
0.71464
0.714889
0.715113
0.715267
0.715252
0.715064
0.714805
0.714522
0.714293
0.714148
0.71412
0.714178
0.714371
0.714933
0.716148
0.716714
0.634387
0.634523
0.635435
0.636562
0.637569
0.638448
0.639189
0.639861
0.640464
0.640981
0.641347
0.641538
0.641493
0.641207
0.64075
0.640152
0.639479
0.63875
0.63797
0.637067
0.636046
0.634898
0.633975
0.633831
0.866007
0.865837
0.865808
0.865778
0.865807
0.865875
0.866009
0.866172
0.866356
0.866527
0.866669
0.866765
0.866811
0.866806
0.866756
0.866678
0.866587
0.866516
0.866473
0.866495
0.86655
0.866654
0.866743
0.866944
0.777017
0.776085
0.775195
0.77441
0.773922
0.77363
0.773501
0.773462
0.773476
0.773513
0.773553
0.773585
0.773602
0.773604
0.773597
0.773593
0.77361
0.773677
0.77383
0.774137
0.774635
0.775421
0.776309
0.777238
0.894961
0.895301
0.89589
0.896446
0.897049
0.897585
0.898059
0.898439
0.898748
0.898998
0.899179
0.899276
0.899291
0.899221
0.899069
0.898849
0.898569
0.898221
0.897778
0.897272
0.896696
0.896163
0.895591
0.895257
0.911969
0.912473
0.913559
0.914014
0.91453
0.914646
0.914783
0.914805
0.914857
0.914904
0.914962
0.915027
0.915035
0.914995
0.914967
0.91495
0.914929
0.914936
0.914824
0.91473
0.914229
0.913786
0.912704
0.912199
0.508897
0.508495
0.508079
0.507943
0.507856
0.507855
0.507859
0.507931
0.508039
0.50823
0.508411
0.508596
0.508614
0.508461
0.508315
0.508166
0.508102
0.508083
0.508131
0.508182
0.508315
0.508489
0.508939
0.509373
0.849063
0.847921
0.847837
0.847526
0.847492
0.847292
0.847213
0.847088
0.847065
0.847045
0.84707
0.847099
0.847112
0.847112
0.847124
0.84718
0.847242
0.847403
0.847519
0.847752
0.847808
0.84814
0.848234
0.849379
0.916386
0.915451
0.914706
0.914713
0.915346
0.916285
0.917461
0.918637
0.919774
0.920719
0.921435
0.92184
0.92192
0.921665
0.921108
0.920326
0.919362
0.918362
0.917375
0.91663
0.91624
0.916448
0.917527
0.918444
0.896459
0.897235
0.898858
0.899154
0.8994
0.899202
0.899094
0.898891
0.898764
0.898653
0.898592
0.898591
0.898603
0.898634
0.89873
0.898872
0.899029
0.899259
0.899388
0.899604
0.899366
0.899076
0.897452
0.896668
0.856935
0.856089
0.855641
0.855179
0.855072
0.854958
0.855023
0.855067
0.855188
0.855287
0.855392
0.855458
0.855477
0.855455
0.855397
0.855349
0.855282
0.855292
0.855279
0.855443
0.855595
0.856096
0.856573
0.857432
0.47758
0.476748
0.475792
0.474618
0.473575
0.472703
0.472011
0.471531
0.471252
0.471104
0.471035
0.47101
0.471022
0.471071
0.471171
0.471365
0.47171
0.472269
0.473016
0.47398
0.475135
0.476407
0.477466
0.478479
0.88685
0.887256
0.88798
0.888578
0.889204
0.889675
0.890103
0.890435
0.890706
0.890909
0.891054
0.891133
0.891142
0.891083
0.890959
0.890779
0.890532
0.890226
0.889824
0.889377
0.888774
0.888195
0.887483
0.887081
0.851317
0.850985
0.851156
0.851406
0.85173
0.851993
0.852258
0.852457
0.85263
0.852756
0.852848
0.852897
0.852904
0.85287
0.852795
0.852687
0.852534
0.852357
0.852112
0.851869
0.851562
0.851324
0.851162
0.851493
0.909723
0.909065
0.908907
0.909145
0.909778
0.910631
0.911637
0.912653
0.913616
0.914432
0.915052
0.915419
0.91551
0.915324
0.914887
0.91425
0.913463
0.912618
0.911784
0.911097
0.910643
0.910558
0.910909
0.91166
0.544446
0.544704
0.545606
0.547194
0.548958
0.550659
0.5522
0.553594
0.554789
0.555784
0.556471
0.556848
0.556803
0.556332
0.555557
0.554489
0.553234
0.551795
0.550225
0.548507
0.546738
0.545127
0.54419
0.543935
-0.00855987
-0.00609652
-0.00503366
-0.00513432
-0.00527229
-0.00526633
-0.00494078
-0.00443707
-0.00372491
-0.00290108
-0.00203881
-0.00131344
-0.000925973
-0.00097855
-0.00146647
-0.00229378
-0.00326875
-0.00414312
-0.00478183
-0.00507518
-0.00507949
-0.00504848
-0.00582797
-0.00786756
0.877911
0.877987
0.879367
0.87961
0.879807
0.879696
0.879686
0.879579
0.879539
0.879495
0.879486
0.8795
0.879508
0.879517
0.879554
0.879624
0.879691
0.879823
0.879855
0.879984
0.879796
0.87956
0.878175
0.878093
0.93459
0.934459
0.934637
0.934885
0.935278
0.935686
0.936101
0.936466
0.936765
0.936992
0.937153
0.937243
0.937257
0.937196
0.937065
0.936869
0.936602
0.936268
0.935884
0.935504
0.935136
0.93491
0.934746
0.934884
0.861696
0.861459
0.861277
0.861024
0.86088
0.860794
0.860829
0.860907
0.861036
0.861163
0.861281
0.86136
0.861395
0.861386
0.861342
0.861289
0.861235
0.861232
0.861272
0.861431
0.861642
0.861955
0.862185
0.862442
0.796764
0.796724
0.796836
0.79704
0.7973
0.797584
0.797864
0.79812
0.798339
0.798508
0.798622
0.798674
0.798659
0.798582
0.798446
0.798257
0.798021
0.797749
0.797454
0.797157
0.796885
0.79667
0.796549
0.796586
0.607585
0.606189
0.603756
0.602199
0.601098
0.600503
0.600159
0.599968
0.599815
0.599687
0.59958
0.59955
0.599664
0.599919
0.600235
0.600551
0.600867
0.601196
0.601651
0.602329
0.603487
0.605074
0.607511
0.608879
0.915715
0.915355
0.915509
0.915695
0.916029
0.916416
0.916851
0.917248
0.917603
0.917883
0.918072
0.918174
0.918188
0.918112
0.917952
0.917701
0.917376
0.917011
0.916606
0.916253
0.915945
0.915782
0.915645
0.91601
0.866184
0.865505
0.865048
0.864684
0.86451
0.86447
0.864573
0.864742
0.864952
0.865148
0.865313
0.865418
0.865459
0.865437
0.865356
0.865243
0.865118
0.865035
0.865014
0.865135
0.865385
0.865817
0.86633
0.867044
0.995431
0.992863
0.987591
0.981254
0.975166
0.969763
0.96522
0.961368
0.960298
0.962902
0.968945
0.973692
0.976876
0.977214
0.974944
0.971689
0.966389
0.962786
0.962705
0.968832
0.975711
0.983322
0.989442
0.993052
0.591545
0.590089
0.587822
0.586165
0.584832
0.583911
0.583227
0.58272
0.582302
0.58197
0.58173
0.581639
0.581755
0.582073
0.582525
0.583049
0.583635
0.584284
0.585083
0.586091
0.587484
0.589161
0.591432
0.592864
0.621121
0.617658
0.623021
0.625662
0.62849
0.630406
0.631863
0.632833
0.633454
0.63379
0.633952
0.634001
0.634105
0.634269
0.634307
0.634149
0.633682
0.63284
0.631487
0.629649
0.626884
0.624272
0.618989
0.622409
1.01049
1.00751
1.00015
0.99194
0.983842
0.976511
0.970334
0.96606
0.964812
0.966603
0.970124
0.974159
0.979445
0.980641
0.97635
0.972139
0.968946
0.967525
0.970017
0.976432
0.985351
0.994664
1.00225
1.00536
0.846268
0.845534
0.845682
0.845857
0.846207
0.846449
0.846716
0.846899
0.847068
0.847186
0.847275
0.847321
0.847328
0.847295
0.847222
0.847123
0.846974
0.846812
0.846566
0.846344
0.846011
0.845847
0.845705
0.846433
0.547677
0.546449
0.544534
0.542526
0.540569
0.538777
0.537174
0.535777
0.534599
0.533675
0.533048
0.532773
0.532891
0.533398
0.534245
0.535372
0.536731
0.538283
0.540016
0.541909
0.54394
0.546002
0.547953
0.549192
0.882575
0.88237
0.883048
0.883445
0.884054
0.884352
0.884672
0.884846
0.885024
0.885156
0.885271
0.88535
0.885356
0.885294
0.8852
0.885093
0.884941
0.884792
0.884494
0.884216
0.883621
0.883235
0.882561
0.882762
0.52109
0.519749
0.517742
0.515458
0.513222
0.511121
0.509221
0.507562
0.506184
0.505125
0.504422
0.504109
0.504208
0.504717
0.505609
0.506846
0.508388
0.510194
0.512222
0.514434
0.516761
0.519122
0.521182
0.522554
0.971642
0.971205
0.970724
0.969635
0.968344
0.967042
0.965801
0.964707
0.963785
0.963078
0.962665
0.962556
0.962561
0.962693
0.963137
0.96388
0.96484
0.965964
0.967226
0.96854
0.969829
0.970931
0.97143
0.971897
0.937708
0.937349
0.938856
0.940864
0.943537
0.94631
0.94914
0.951797
0.954203
0.9562
0.95769
0.958544
0.958696
0.958122
0.956942
0.955224
0.953082
0.95064
0.947997
0.945336
0.942788
0.940814
0.939476
0.939984
0.874441
0.874756
0.875639
0.876109
0.876664
0.876951
0.877237
0.877401
0.877565
0.877684
0.877786
0.877852
0.877858
0.877809
0.877727
0.877629
0.87749
0.877349
0.877085
0.876819
0.876279
0.875821
0.874942
0.87462
0.986772
0.984349
0.983458
0.982489
0.982114
0.981957
0.982172
0.98241
0.982762
0.983792
0.985703
0.988261
0.991025
0.993629
0.995047
0.996049
0.995552
0.993599
0.991496
0.989976
0.988973
0.988919
0.98917
0.991975
0.941681
0.942122
0.944376
0.946951
0.950089
0.953198
0.956293
0.959155
0.961719
0.963838
0.965419
0.966334
0.966545
0.966006
0.964827
0.963048
0.960783
0.958144
0.955209
0.952166
0.949036
0.946423
0.943982
0.943959
0.931676
0.932234
0.933344
0.934644
0.936293
0.938109
0.940073
0.942098
0.944037
0.945798
0.947296
0.948389
0.948978
0.948997
0.94843
0.947282
0.945637
0.943603
0.941389
0.939172
0.936983
0.935101
0.933304
0.932368
0.99999
0.997557
0.991317
0.983794
0.976653
0.970551
0.965654
0.962097
0.961161
0.963852
0.968514
0.972483
0.975668
0.975756
0.972821
0.97009
0.965965
0.962788
0.964662
0.970528
0.978456
0.986969
0.993716
0.996925
0.975556
0.976129
0.976919
0.977063
0.977002
0.976745
0.976443
0.97612
0.97585
0.975666
0.975565
0.975564
0.975579
0.975618
0.975762
0.975989
0.976301
0.976661
0.976995
0.977279
0.977359
0.977231
0.976448
0.975874
0.848281
0.846526
0.846065
0.845638
0.845742
0.845699
0.845799
0.845802
0.845875
0.84592
0.845983
0.846028
0.846035
0.846011
0.845973
0.845953
0.845908
0.845931
0.845855
0.845919
0.845827
0.846266
0.846733
0.848491
0.84616
0.845999
0.846321
0.846651
0.847028
0.847316
0.847586
0.847784
0.847952
0.848068
0.84815
0.848191
0.848198
0.84817
0.848103
0.848003
0.847854
0.847675
0.847427
0.847161
0.846804
0.846489
0.846175
0.84633
0.924452
0.923707
0.923388
0.923937
0.925138
0.926629
0.928293
0.929898
0.931397
0.93263
0.933547
0.934059
0.934151
0.933799
0.933065
0.932017
0.930712
0.929298
0.927837
0.926538
0.925599
0.925284
0.926028
0.926814
0.98745
0.984496
0.983029
0.981575
0.980858
0.98054
0.980751
0.980889
0.981049
0.981845
0.983568
0.986367
0.989352
0.992191
0.993886
0.995182
0.994431
0.992958
0.990354
0.988574
0.987825
0.988279
0.989099
0.992446
0.495875
0.494377
0.492624
0.490658
0.488761
0.487016
0.485553
0.484372
0.48345
0.482782
0.482353
0.482158
0.482197
0.482473
0.482989
0.483753
0.484786
0.4861
0.487745
0.489631
0.491646
0.493709
0.495539
0.497097
0.864607
0.864006
0.863587
0.863319
0.863204
0.863208
0.863311
0.863471
0.863658
0.86384
0.863996
0.864109
0.864171
0.864181
0.864145
0.864077
0.863998
0.863937
0.863925
0.864006
0.864196
0.86454
0.86502
0.865616
0.818647
0.817213
0.815766
0.81481
0.814095
0.813567
0.813261
0.813116
0.813082
0.813066
0.813098
0.81314
0.813139
0.813095
0.813061
0.813078
0.813121
0.813271
0.813581
0.81411
0.81484
0.815791
0.817225
0.818645
0.821471
0.821074
0.820955
0.820808
0.820732
0.820653
0.820582
0.820504
0.820429
0.820365
0.820324
0.820309
0.820326
0.820374
0.820451
0.820551
0.820664
0.820782
0.820893
0.82101
0.821119
0.821289
0.821426
0.821822
0.973096
0.974723
0.975187
0.97357
0.971191
0.968798
0.966471
0.964396
0.962767
0.961635
0.960943
0.960825
0.96083
0.960978
0.961715
0.962884
0.964544
0.966638
0.968975
0.971368
0.973728
0.975351
0.974903
0.973301
0.947663
0.946431
0.945178
0.944345
0.944175
0.944574
0.945609
0.947247
0.949497
0.952267
0.955192
0.957883
0.959596
0.960088
0.958627
0.956208
0.953114
0.950057
0.947361
0.945298
0.944002
0.943717
0.944216
0.945596
0.59209
0.592392
0.593626
0.595159
0.596644
0.598002
0.599191
0.600264
0.601192
0.601982
0.602538
0.602856
0.602811
0.602397
0.601752
0.600884
0.599885
0.598753
0.597517
0.596126
0.594612
0.593041
0.591778
0.591453
0.986335
0.983658
0.981128
0.978255
0.975872
0.973788
0.97225
0.97131
0.971399
0.973847
0.978589
0.983677
0.988535
0.991492
0.991939
0.990824
0.986876
0.982693
0.980636
0.980348
0.981023
0.982886
0.984829
0.988048
1.02395
1.02396
1.02097
1.01541
1.00684
0.995467
0.981961
0.967569
0.954115
0.946025
0.945504
0.950427
0.958868
0.961698
0.956485
0.950738
0.949793
0.957463
0.971561
0.986751
1.00026
1.01052
1.01656
1.01748
0.798678
0.798696
0.798955
0.799187
0.799359
0.799495
0.799608
0.799704
0.799781
0.799837
0.799872
0.799884
0.799867
0.799824
0.799763
0.799683
0.799586
0.799475
0.799349
0.799203
0.799023
0.798785
0.798527
0.798518
0.880292
0.880147
0.881036
0.881389
0.881853
0.882008
0.882209
0.882287
0.882387
0.882455
0.882521
0.88257
0.882577
0.882547
0.882503
0.88246
0.882384
0.882331
0.882152
0.882018
0.881567
0.881224
0.880337
0.880476
0.948798
0.949716
0.953892
0.957869
0.962462
0.966842
0.971196
0.975253
0.978967
0.982122
0.984547
0.985952
0.986262
0.985261
0.98341
0.980699
0.977368
0.973582
0.969374
0.965
0.960186
0.955924
0.950919
0.949913
0.847019
0.84701
0.847515
0.847525
0.847619
0.84748
0.847436
0.84733
0.847307
0.847285
0.847303
0.847326
0.847334
0.847336
0.847345
0.847397
0.84745
0.847585
0.847658
0.84782
0.847745
0.847749
0.847248
0.847251
0.927591
0.926736
0.926991
0.927877
0.929308
0.930969
0.932776
0.934513
0.936127
0.937459
0.938451
0.93901
0.939107
0.938719
0.937922
0.936785
0.935373
0.933832
0.93223
0.930755
0.929583
0.92888
0.929115
0.930008
0.9749
0.974204
0.975928
0.977988
0.980596
0.98299
0.985318
0.987564
0.989709
0.991609
0.993312
0.994515
0.995313
0.997114
0.998649
0.997141
0.995359
0.992897
0.990048
0.987005
0.983579
0.980752
0.978348
0.979076
0.678569
0.674414
0.686356
0.697355
0.705259
0.710431
0.71408
0.716778
0.719041
0.72108
0.72286
0.723983
0.724029
0.723035
0.721395
0.719508
0.717401
0.714861
0.711366
0.706332
0.698538
0.687607
0.675682
0.679559
0.993797
0.991404
0.986684
0.981015
0.975614
0.970779
0.966496
0.962345
0.960697
0.963405
0.969773
0.974871
0.977977
0.978361
0.976455
0.973164
0.967498
0.963387
0.963106
0.969684
0.975945
0.982644
0.988168
0.991672
0.799409
0.799566
0.800015
0.80035
0.800611
0.800821
0.800992
0.801129
0.801237
0.801313
0.801358
0.801372
0.801351
0.801301
0.801225
0.801122
0.800993
0.800838
0.800653
0.80043
0.800159
0.799818
0.799376
0.799211
0.93933
0.939696
0.941885
0.944241
0.947164
0.950078
0.95301
0.955734
0.958185
0.960205
0.961704
0.962561
0.962738
0.962196
0.961043
0.959322
0.957149
0.954641
0.951886
0.949061
0.946211
0.943835
0.941618
0.941501
0.880893
0.880915
0.881407
0.882085
0.882806
0.883411
0.883898
0.884261
0.884522
0.8847
0.884822
0.884886
0.8849
0.884863
0.884771
0.884624
0.884397
0.884073
0.883628
0.88307
0.882394
0.881757
0.881295
0.881288
0.830864
0.83007
0.829553
0.829212
0.829046
0.828977
0.828986
0.82903
0.829095
0.829163
0.829226
0.829273
0.829302
0.829312
0.829307
0.829297
0.829288
0.829301
0.829346
0.829466
0.829676
0.830052
0.830591
0.831394
0.937894
0.937991
0.939544
0.941535
0.943958
0.946383
0.948803
0.95115
0.953275
0.955052
0.95641
0.95724
0.957505
0.957165
0.956289
0.954902
0.953091
0.950949
0.948652
0.946257
0.943801
0.941765
0.940105
0.940241
0.973925
0.974113
0.980503
0.981751
0.977888
0.968847
0.955473
0.938884
0.921052
0.905477
0.896212
0.895458
0.907244
0.910919
0.900772
0.899335
0.90841
0.923926
0.941964
0.957884
0.968791
0.973688
0.973773
0.974044
0.979614
0.97811
0.978996
0.980016
0.981619
0.983287
0.985364
0.987272
0.988695
0.989998
0.991686
0.993549
0.995502
0.997891
0.998972
0.998504
0.997363
0.99486
0.991736
0.988925
0.98621
0.984254
0.982616
0.984206
0.933282
0.933309
0.934314
0.935828
0.937801
0.939902
0.94207
0.944156
0.946055
0.947643
0.948845
0.949571
0.94979
0.94948
0.94868
0.947431
0.945812
0.943931
0.941906
0.939877
0.937946
0.936436
0.935416
0.935625
0.916641
0.917038
0.918108
0.918607
0.919145
0.919258
0.919382
0.919383
0.919413
0.919447
0.919497
0.919562
0.919571
0.919531
0.91951
0.919507
0.919508
0.919537
0.919438
0.919348
0.918825
0.918337
0.917273
0.916875
0.844162
0.844154
0.844321
0.844254
0.844316
0.84428
0.844325
0.844337
0.844397
0.844449
0.844513
0.844556
0.844569
0.844556
0.844526
0.844509
0.844485
0.84451
0.844501
0.844571
0.844538
0.844629
0.844475
0.844478
0.84442
0.844031
0.844082
0.844013
0.844103
0.844087
0.844154
0.844177
0.844247
0.844303
0.84437
0.844414
0.844424
0.844404
0.844364
0.844337
0.844298
0.844306
0.844269
0.844313
0.844246
0.844334
0.844291
0.844677
0.899947
0.899292
0.899072
0.899204
0.899667
0.900337
0.901138
0.90196
0.902741
0.903408
0.903914
0.904218
0.904303
0.904169
0.903833
0.903332
0.902713
0.902049
0.901403
0.900882
0.90057
0.900566
0.900902
0.901598
0.874148
0.874373
0.874805
0.875292
0.875822
0.876271
0.876676
0.876998
0.877257
0.877447
0.877575
0.877642
0.877652
0.877606
0.877499
0.877333
0.877098
0.876802
0.876426
0.876005
0.875502
0.875039
0.874626
0.874407
0.736768
0.736068
0.734656
0.733779
0.733319
0.733159
0.733107
0.733176
0.733317
0.733513
0.733679
0.73381
0.733799
0.733645
0.73346
0.733246
0.733089
0.733005
0.733029
0.733168
0.733543
0.734364
0.735731
0.736467
0.656483
0.656379
0.656697
0.657224
0.657622
0.657939
0.658189
0.658457
0.658746
0.65905
0.659286
0.659434
0.659394
0.659162
0.658843
0.658464
0.658103
0.657773
0.657471
0.657111
0.656692
0.65614
0.655826
0.655929
0.848131
0.847107
0.84708
0.846874
0.846997
0.846932
0.846986
0.846963
0.847009
0.84704
0.847097
0.847143
0.847149
0.847122
0.847088
0.847081
0.847061
0.847111
0.847079
0.847164
0.847053
0.847268
0.847298
0.848319
0.944733
0.945559
0.946994
0.947767
0.948328
0.948471
0.948552
0.948524
0.948511
0.948518
0.948546
0.948605
0.948615
0.948586
0.948592
0.94862
0.948669
0.948729
0.948678
0.94856
0.948018
0.947258
0.945831
0.945005
0.935608
0.933242
0.931493
0.929951
0.928496
0.92714
0.925866
0.924742
0.923818
0.923169
0.922803
0.922765
0.922765
0.922816
0.923209
0.923892
0.924856
0.926019
0.927332
0.928721
0.930198
0.931758
0.933516
0.935887
0.564956
0.565218
0.56636
0.567771
0.569325
0.570877
0.572299
0.573591
0.574697
0.575614
0.576247
0.576589
0.576542
0.5761
0.575375
0.574379
0.573205
0.57186
0.570399
0.568819
0.567238
0.565809
0.564651
0.564385
0.975025
0.976728
0.978399
0.978821
0.978752
0.978373
0.977966
0.977551
0.977207
0.976973
0.976844
0.976864
0.976877
0.976899
0.977075
0.977355
0.977742
0.978195
0.978633
0.979037
0.979122
0.978713
0.977049
0.97534
0.989566
0.989601
0.990566
0.990498
0.989921
0.989033
0.988077
0.98717
0.986413
0.985872
0.985568
0.985551
0.98556
0.985613
0.985965
0.986551
0.987351
0.988293
0.989277
0.990185
0.990776
0.990857
0.989898
0.989871
0.79219
0.791985
0.791862
0.791672
0.791565
0.791482
0.791438
0.791413
0.791405
0.791408
0.791417
0.791431
0.791445
0.791461
0.79148
0.791506
0.79154
0.79159
0.791657
0.79176
0.791882
0.792081
0.792213
0.792413
0.84769
0.847352
0.847255
0.847146
0.847148
0.847153
0.847233
0.847316
0.847426
0.847522
0.847607
0.847661
0.847684
0.847676
0.847638
0.847591
0.84753
0.847498
0.847468
0.847512
0.847553
0.847697
0.847817
0.84816
0.947044
0.94696
0.947433
0.948141
0.948867
0.949475
0.950008
0.950471
0.950854
0.951143
0.951341
0.951453
0.951465
0.951379
0.951208
0.950948
0.950595
0.950164
0.949662
0.949085
0.948388
0.947705
0.947249
0.947341
1.01136
1.00613
0.999396
0.992496
0.985455
0.979135
0.974507
0.972479
0.973042
0.976011
0.981072
0.987633
0.995246
0.997779
0.992676
0.985881
0.980511
0.977285
0.977371
0.981335
0.988136
0.995799
1.00291
1.00641
0.836446
0.836168
0.836211
0.836173
0.836252
0.836287
0.836379
0.836452
0.836547
0.836625
0.836694
0.836735
0.836747
0.836731
0.836688
0.836638
0.836572
0.836528
0.836463
0.836453
0.836395
0.836447
0.836409
0.836682
0.948409
0.948715
0.948844
0.949067
0.949355
0.949634
0.949893
0.950117
0.950306
0.950453
0.950567
0.950639
0.950653
0.95061
0.950525
0.95041
0.950254
0.950063
0.949837
0.949589
0.949326
0.949124
0.949006
0.948702
0.837997
0.837656
0.837772
0.83793
0.838153
0.838321
0.83849
0.838613
0.83872
0.838792
0.838843
0.838869
0.838877
0.838866
0.83883
0.838775
0.838688
0.838585
0.838437
0.83829
0.838086
0.837941
0.837831
0.838168
0.849847
0.849195
0.849352
0.849086
0.849062
0.848818
0.8487
0.848531
0.848469
0.848414
0.848413
0.848429
0.848441
0.848454
0.848489
0.848577
0.848675
0.848877
0.849028
0.849299
0.849341
0.849625
0.849475
0.85013
0.831593
0.832853
0.834245
0.835262
0.836008
0.836491
0.83677
0.836897
0.836928
0.836907
0.836873
0.836854
0.836865
0.836906
0.836963
0.837011
0.837013
0.836925
0.836693
0.836265
0.835579
0.834626
0.833303
0.83209
0.872303
0.872561
0.873121
0.873648
0.874164
0.87456
0.874905
0.87517
0.875381
0.875531
0.875632
0.875683
0.875692
0.87566
0.875579
0.875451
0.875262
0.875021
0.874701
0.87433
0.873837
0.873331
0.872784
0.872527
0.916978
0.916645
0.916742
0.917274
0.918215
0.91938
0.920674
0.921953
0.923139
0.924135
0.924882
0.925324
0.925439
0.925227
0.924707
0.923924
0.922938
0.921843
0.920721
0.91971
0.91893
0.918525
0.91859
0.918947
0.517888
0.516251
0.514149
0.511836
0.509613
0.507534
0.50567
0.504057
0.502724
0.501708
0.501033
0.500732
0.500829
0.501318
0.502173
0.503362
0.504853
0.506609
0.508597
0.510782
0.513092
0.515477
0.517633
0.519317
0.929237
0.929005
0.929598
0.930752
0.932432
0.934318
0.936307
0.938224
0.939968
0.941422
0.942509
0.943148
0.943305
0.942969
0.942181
0.940998
0.939496
0.937782
0.935966
0.934209
0.932663
0.931587
0.931122
0.931447
0.870215
0.87055
0.871234
0.871814
0.872384
0.872799
0.873166
0.873435
0.873659
0.87382
0.873935
0.873996
0.874004
0.873961
0.873865
0.873723
0.873522
0.873276
0.872933
0.872541
0.871993
0.87143
0.870756
0.870419
0.941627
0.943321
0.942724
0.94027
0.937024
0.934053
0.931472
0.92928
0.927527
0.926281
0.925461
0.925273
0.925277
0.925495
0.926353
0.927633
0.929417
0.931631
0.934226
0.937201
0.94046
0.942941
0.943548
0.941826
0.932945
0.933113
0.933525
0.93402
0.934464
0.93483
0.935137
0.935404
0.935643
0.935821
0.935947
0.936016
0.936027
0.935981
0.93588
0.93573
0.935519
0.93528
0.935004
0.934666
0.934247
0.933774
0.933375
0.933216
0.831873
0.8317
0.83177
0.831765
0.831821
0.831844
0.831908
0.831962
0.832031
0.832089
0.832139
0.832169
0.832181
0.832175
0.832149
0.832117
0.832073
0.832044
0.832004
0.832003
0.831965
0.831981
0.831917
0.832085
0.472154
0.472123
0.472815
0.4742
0.475977
0.477869
0.4797
0.481354
0.482742
0.483794
0.48448
0.484788
0.484708
0.484241
0.483403
0.482208
0.480692
0.478925
0.477009
0.475077
0.473328
0.472049
0.471508
0.471733
0.689771
0.689816
0.689639
0.689761
0.689597
0.689366
0.689218
0.689211
0.689309
0.689478
0.689622
0.689728
0.689701
0.689535
0.68933
0.689101
0.688943
0.688887
0.688968
0.689139
0.689313
0.689179
0.689314
0.689254
0.897135
0.896748
0.89741
0.898227
0.899208
0.900245
0.901288
0.90229
0.903211
0.904015
0.904662
0.905105
0.905307
0.905247
0.904922
0.904333
0.903507
0.902481
0.901298
0.900021
0.898724
0.897536
0.896524
0.896906
0.491949
0.491847
0.492238
0.493239
0.494792
0.496657
0.498541
0.500195
0.501521
0.502507
0.50316
0.50347
0.503372
0.502871
0.502034
0.500874
0.499391
0.497612
0.495646
0.493725
0.492128
0.491076
0.490653
0.490752
0.826703
0.826173
0.826037
0.826012
0.82608
0.826144
0.826224
0.826283
0.826336
0.826372
0.826397
0.826411
0.82642
0.826425
0.826419
0.826403
0.826371
0.826333
0.826276
0.826234
0.826184
0.82622
0.826359
0.826882
0.97764
0.976164
0.977314
0.9787
0.980672
0.982563
0.984696
0.986785
0.98871
0.990459
0.992321
0.99411
0.995666
0.997153
0.998462
0.99703
0.995538
0.993091
0.990234
0.987479
0.98457
0.982354
0.980501
0.982083
0.785603
0.78369
0.782537
0.782037
0.781714
0.781397
0.781209
0.781149
0.781198
0.781339
0.78151
0.781688
0.781684
0.781503
0.781336
0.781202
0.781167
0.781247
0.781463
0.781805
0.782132
0.782617
0.783753
0.785695
0.996558
0.991718
0.983646
0.975999
0.970292
0.966385
0.964441
0.965044
0.968191
0.97283
0.978384
0.984049
0.989187
0.99146
0.988147
0.983443
0.978266
0.973926
0.971769
0.973579
0.978357
0.984649
0.990827
0.993834
0.974766
0.973467
0.973211
0.973185
0.973867
0.974943
0.976548
0.978459
0.980903
0.98392
0.987374
0.991003
0.994343
0.996666
0.996204
0.995164
0.992383
0.988761
0.985045
0.981731
0.979074
0.977642
0.976884
0.978221
0.796248
0.795114
0.79531
0.796151
0.797382
0.798664
0.799876
0.800945
0.801824
0.802489
0.802931
0.803146
0.803135
0.802896
0.802434
0.801754
0.800869
0.7998
0.798597
0.797327
0.796098
0.795276
0.79511
0.796223
0.98527
0.985751
0.986429
0.986392
0.986046
0.985463
0.98482
0.984189
0.983654
0.983266
0.983038
0.983
0.983013
0.983087
0.983359
0.98379
0.984368
0.985037
0.985711
0.986318
0.986682
0.986734
0.986065
0.985587
0.936201
0.935003
0.933146
0.930918
0.928546
0.926039
0.923645
0.921814
0.921206
0.922358
0.925593
0.93052
0.935474
0.936785
0.931208
0.926282
0.923058
0.921768
0.922038
0.923376
0.925328
0.927659
0.929825
0.931779
1.00711
1.00134
0.994088
0.987022
0.98071
0.975831
0.972767
0.972063
0.973684
0.977411
0.98313
0.990068
0.997345
1.00032
0.995781
0.98861
0.98236
0.978126
0.97662
0.978796
0.983886
0.99032
0.997177
1.00128
0.620177
0.620199
0.620993
0.62217
0.623336
0.624411
0.625358
0.626225
0.626997
0.627658
0.628136
0.628407
0.628359
0.627989
0.627417
0.626673
0.625828
0.624899
0.623905
0.622795
0.621602
0.620397
0.619585
0.619574
0.724187
0.724022
0.723901
0.723869
0.723871
0.723888
0.723905
0.723918
0.723927
0.723935
0.723945
0.72396
0.723982
0.724014
0.724054
0.7241
0.724147
0.72419
0.724228
0.724262
0.724305
0.724374
0.72452
0.724697
0.990135
0.987398
0.983975
0.979928
0.976192
0.972551
0.969204
0.966023
0.963019
0.964541
0.968824
0.974847
0.979015
0.981349
0.981703
0.97918
0.974451
0.971323
0.972216
0.975803
0.979462
0.983495
0.986772
0.990284
1.03412
1.03006
1.02629
1.02006
1.01019
0.997246
0.98265
0.96859
0.958733
0.954055
0.953081
0.956126
0.965427
0.969441
0.962853
0.957566
0.957618
0.962264
0.9725
0.988187
1.00348
1.01548
1.02318
1.02596
0.480252
0.478408
0.476691
0.475164
0.473995
0.473188
0.472723
0.472492
0.472398
0.472395
0.47242
0.472432
0.472448
0.472459
0.472454
0.472485
0.472605
0.47286
0.473368
0.474241
0.475476
0.47707
0.478864
0.480782
0.541196
0.540465
0.539386
0.538383
0.53733
0.536368
0.535485
0.534765
0.534198
0.533841
0.533643
0.533648
0.533729
0.533882
0.53423
0.53473
0.535427
0.536264
0.537249
0.538296
0.539417
0.540471
0.541582
0.542326
0.510893
0.510762
0.511276
0.512244
0.51332
0.514413
0.515419
0.516366
0.517203
0.517937
0.518465
0.518775
0.518753
0.518395
0.517823
0.51706
0.516207
0.515256
0.514255
0.513174
0.512117
0.511172
0.51066
0.510816
0.835748
0.833599
0.83252
0.83235
0.832585
0.832876
0.833101
0.833193
0.833171
0.83309
0.833012
0.832972
0.832993
0.833092
0.833209
0.833326
0.833346
0.833229
0.832959
0.832609
0.832293
0.832363
0.833224
0.835006
0.9827
0.981477
0.9812
0.980292
0.979489
0.978525
0.977752
0.977527
0.97823
0.980664
0.985364
0.991428
0.996924
1.00081
1.00132
0.999031
0.994415
0.991143
0.988708
0.987116
0.985867
0.985342
0.984699
0.986341
0.871663
0.871598
0.872555
0.872895
0.873345
0.873392
0.873483
0.873454
0.873475
0.873486
0.873524
0.873569
0.873574
0.873548
0.873534
0.873548
0.873552
0.873605
0.873536
0.873508
0.873069
0.872734
0.871777
0.871836
1.05761
1.06266
1.07275
1.0749
1.06766
1.05041
1.02957
1.00998
0.995361
0.989042
0.992932
1.00592
1.02613
1.03488
1.02538
1.00789
1.00107
1.00637
1.02254
1.04375
1.06015
1.06292
1.0567
1.05167
0.532767
0.531961
0.532371
0.533502
0.535024
0.536609
0.538101
0.539372
0.540364
0.541046
0.541445
0.541596
0.541513
0.541197
0.540635
0.539791
0.538639
0.537212
0.535574
0.533863
0.532245
0.531048
0.530604
0.531392
0.498104
0.498065
0.498136
0.498256
0.498348
0.498469
0.498591
0.498753
0.498918
0.499105
0.499242
0.499346
0.499367
0.499302
0.499204
0.499064
0.498951
0.498846
0.498785
0.498724
0.498685
0.498601
0.498554
0.498603
0.919523
0.917905
0.916241
0.913861
0.911674
0.909724
0.907936
0.906384
0.905136
0.904231
0.903725
0.903727
0.903726
0.903744
0.904284
0.90522
0.906504
0.908086
0.909901
0.911872
0.914074
0.916467
0.918134
0.919752
0.921127
0.919882
0.918243
0.917195
0.916428
0.91583
0.915351
0.914991
0.914758
0.914632
0.914607
0.914664
0.914669
0.914625
0.914673
0.914829
0.9151
0.915499
0.916014
0.916642
0.917429
0.918489
0.920137
0.921392
0.949009
0.949628
0.951385
0.953696
0.956593
0.959606
0.962684
0.965624
0.968318
0.970638
0.972511
0.973766
0.974348
0.97414
0.973242
0.971595
0.969351
0.966588
0.963464
0.960221
0.956932
0.954197
0.951907
0.95087
0.526009
0.526443
0.527289
0.528581
0.530034
0.531487
0.532827
0.534053
0.535107
0.535991
0.536608
0.536948
0.536912
0.536495
0.535806
0.534863
0.533763
0.532505
0.531143
0.529679
0.528224
0.52694
0.526079
0.52566
0.985577
0.985914
0.986284
0.986103
0.985674
0.985054
0.984373
0.983712
0.983157
0.982756
0.982523
0.982472
0.982484
0.982569
0.982841
0.983282
0.983877
0.984573
0.985284
0.985927
0.986373
0.986568
0.986205
0.985867
0.888774
0.88879
0.889507
0.889838
0.890335
0.890521
0.890751
0.89086
0.890987
0.891083
0.891173
0.891242
0.891248
0.891199
0.891132
0.891062
0.89096
0.890877
0.890671
0.890504
0.89002
0.889699
0.888987
0.888968
0.587949
0.586678
0.584551
0.582897
0.581508
0.5805
0.579729
0.579149
0.578677
0.57831
0.578048
0.577947
0.578062
0.578388
0.578861
0.579419
0.580059
0.58078
0.581666
0.58276
0.584209
0.585889
0.588023
0.589272
0.932615
0.93235
0.93308
0.934414
0.936358
0.938511
0.940779
0.942941
0.944915
0.946548
0.94776
0.948451
0.948572
0.948112
0.947151
0.945753
0.944011
0.942053
0.939983
0.937981
0.936238
0.935006
0.93459
0.93486
0.996209
0.993949
0.988523
0.982067
0.976008
0.970656
0.965965
0.96202
0.961196
0.96458
0.969924
0.97433
0.977105
0.97725
0.974725
0.971922
0.967141
0.96301
0.964558
0.970339
0.977352
0.984848
0.990867
0.994077
0.916891
0.916108
0.915624
0.915772
0.916458
0.917416
0.918591
0.919765
0.9209
0.921848
0.922569
0.92298
0.923061
0.922801
0.922244
0.921463
0.920504
0.919508
0.918523
0.917757
0.917307
0.917354
0.91817
0.918913
1.0139
1.01009
1.00278
0.995285
0.987597
0.980234
0.973907
0.969628
0.968485
0.970301
0.974046
0.979001
0.985848
0.987913
0.982825
0.977483
0.973863
0.972529
0.974712
0.981121
0.989583
0.998312
1.00579
1.00902
0.608513
0.606087
0.603514
0.602216
0.601589
0.601347
0.601241
0.601151
0.601015
0.600842
0.600682
0.600611
0.600732
0.601038
0.601418
0.60179
0.602097
0.602329
0.602549
0.602874
0.603559
0.604884
0.607453
0.609817
0.845624
0.846711
0.846107
0.844776
0.843097
0.841321
0.839644
0.838204
0.837142
0.836642
0.836389
0.836303
0.836298
0.836374
0.836618
0.83711
0.838147
0.839575
0.841244
0.843018
0.844715
0.84605
0.846646
0.845542
0.788881
0.788769
0.788746
0.788605
0.788512
0.788404
0.788312
0.78823
0.788166
0.788121
0.788095
0.788089
0.788101
0.788133
0.788183
0.788251
0.788337
0.788439
0.788549
0.788673
0.78878
0.788933
0.788965
0.789074
0.842688
0.842384
0.842636
0.842664
0.842812
0.842845
0.842939
0.842981
0.843045
0.843086
0.843127
0.843152
0.84316
0.843154
0.843132
0.843112
0.843069
0.843047
0.842974
0.842958
0.842823
0.842802
0.842549
0.842842
0.980887
0.981282
0.981508
0.980208
0.978144
0.975909
0.973811
0.972016
0.970608
0.969642
0.969085
0.96903
0.969032
0.969117
0.969717
0.970723
0.972166
0.973985
0.976096
0.978336
0.980408
0.981723
0.981508
0.981128
0.83644
0.837027
0.837979
0.838808
0.839512
0.840041
0.840404
0.84063
0.840756
0.840818
0.840845
0.840858
0.840871
0.840885
0.840887
0.840857
0.840769
0.840587
0.840274
0.839802
0.839158
0.838393
0.837505
0.836951
0.912129
0.911675
0.91133
0.911295
0.911689
0.912292
0.913135
0.914007
0.914884
0.915618
0.916182
0.916505
0.916581
0.916401
0.915985
0.915403
0.914688
0.913985
0.913322
0.912906
0.912738
0.912971
0.913615
0.914029
0.97792
0.978695
0.979006
0.977584
0.975434
0.973261
0.97115
0.969268
0.967764
0.966707
0.966056
0.965912
0.965919
0.966096
0.966788
0.967883
0.96942
0.971325
0.973453
0.975629
0.977772
0.979204
0.978903
0.978143
0.939336
0.939406
0.939929
0.940673
0.941425
0.942075
0.942644
0.943146
0.943588
0.94394
0.944172
0.944295
0.944308
0.944211
0.944007
0.943685
0.943273
0.942803
0.942265
0.941647
0.940924
0.940206
0.939702
0.939644
0.841242
0.841129
0.841177
0.841196
0.841261
0.8413
0.841377
0.841449
0.841538
0.841617
0.841687
0.841733
0.841753
0.841748
0.841719
0.841683
0.841638
0.84161
0.841576
0.841579
0.841551
0.841563
0.841534
0.841649
0.830444
0.829955
0.829971
0.830087
0.830322
0.830519
0.83072
0.830873
0.831008
0.831106
0.831179
0.831217
0.831224
0.8312
0.831143
0.831063
0.830949
0.830819
0.83064
0.830466
0.830251
0.83015
0.830141
0.830623
0.991187
0.988471
0.984439
0.979766
0.975582
0.971937
0.968704
0.965062
0.96232
0.96347
0.968599
0.974375
0.978103
0.979765
0.979191
0.975834
0.969714
0.966693
0.968285
0.972828
0.976981
0.982012
0.98638
0.990026
0.913719
0.913597
0.913184
0.912773
0.912403
0.91209
0.911851
0.911683
0.911571
0.911504
0.911469
0.911448
0.911431
0.911423
0.911438
0.91149
0.911588
0.91175
0.911988
0.912302
0.912687
0.91314
0.913614
0.913766
0.953205
0.954035
0.956046
0.958246
0.960714
0.963159
0.965642
0.967988
0.970135
0.97205
0.973716
0.974986
0.975822
0.976104
0.975814
0.974768
0.973123
0.970854
0.968138
0.965201
0.962088
0.959208
0.956491
0.955306
0.953955
0.954291
0.956147
0.958436
0.961159
0.963888
0.966653
0.969262
0.971567
0.973527
0.975176
0.976381
0.977141
0.977311
0.976911
0.975751
0.973982
0.971501
0.968582
0.965471
0.962196
0.95932
0.956808
0.956217
0.578442
0.57713
0.57683
0.575654
0.573551
0.570817
0.568143
0.565953
0.564384
0.563405
0.562906
0.562742
0.562727
0.56288
0.563397
0.564408
0.566017
0.568248
0.570951
0.573682
0.575749
0.576838
0.576983
0.578013
0.856909
0.855521
0.854781
0.854167
0.854033
0.853918
0.854005
0.854065
0.854206
0.854318
0.854435
0.854506
0.854524
0.854496
0.854426
0.854362
0.854273
0.854265
0.854231
0.854393
0.85457
0.855222
0.85599
0.857395
0.843175
0.842945
0.842792
0.842663
0.84264
0.84269
0.842801
0.842939
0.843088
0.843227
0.843342
0.843422
0.843461
0.84346
0.843423
0.843363
0.84329
0.843225
0.843186
0.843203
0.843287
0.843466
0.843656
0.843918
0.667778
0.668275
0.667384
0.666813
0.666431
0.666326
0.66632
0.666369
0.666409
0.666492
0.666531
0.666645
0.666616
0.666449
0.666359
0.66623
0.666145
0.666053
0.666016
0.666081
0.666425
0.666963
0.667818
0.667311
0.677498
0.677252
0.676272
0.675854
0.675625
0.675551
0.675529
0.675579
0.675673
0.675863
0.676056
0.676339
0.676307
0.67597
0.675729
0.675496
0.675361
0.675272
0.675253
0.675284
0.67547
0.675854
0.676803
0.677057
0.874077
0.873062
0.870909
0.868638
0.86661
0.864951
0.863608
0.862605
0.861948
0.861657
0.861555
0.861636
0.861638
0.861568
0.861688
0.862
0.862674
0.863692
0.865044
0.866701
0.868716
0.870975
0.873121
0.874152
0.841178
0.841509
0.842173
0.842819
0.843343
0.843691
0.843901
0.843999
0.844025
0.844011
0.843987
0.843973
0.843985
0.844022
0.844072
0.844115
0.844122
0.844064
0.843899
0.843602
0.84313
0.842534
0.841907
0.841587
0.946033
0.946256
0.947041
0.947611
0.94813
0.948427
0.948663
0.94881
0.948931
0.949031
0.949111
0.949173
0.949185
0.949152
0.949103
0.949036
0.948948
0.948834
0.948629
0.948358
0.947862
0.94731
0.946536
0.946317
0.982788
0.981161
0.979202
0.976991
0.975257
0.974007
0.973515
0.973836
0.975147
0.977735
0.981714
0.98631
0.989346
0.990631
0.989757
0.987662
0.983546
0.980232
0.978074
0.977211
0.97732
0.978483
0.979781
0.981827
0.95414
0.954203
0.953588
0.952525
0.951114
0.949565
0.948015
0.946618
0.945561
0.944924
0.944568
0.944488
0.94449
0.944584
0.944963
0.945628
0.94671
0.948132
0.949703
0.951269
0.952696
0.953772
0.954396
0.954339
0.508186
0.507661
0.506965
0.506322
0.50571
0.505177
0.504707
0.504349
0.504081
0.503944
0.503888
0.503936
0.503979
0.504012
0.50415
0.504371
0.504723
0.505162
0.505708
0.506313
0.506986
0.507683
0.508418
0.508974
0.922708
0.92359
0.924893
0.925488
0.926016
0.926135
0.926252
0.926274
0.926316
0.926356
0.926407
0.92647
0.926479
0.926443
0.926423
0.926415
0.926405
0.926413
0.926322
0.926227
0.925716
0.925133
0.923835
0.922952
0.866121
0.865462
0.86506
0.864845
0.864806
0.864896
0.865081
0.865314
0.86556
0.865789
0.865978
0.86611
0.866175
0.86617
0.866101
0.865983
0.865836
0.865691
0.865583
0.86556
0.865663
0.865943
0.866389
0.867065
0.847615
0.846962
0.8471
0.847012
0.847186
0.847164
0.847235
0.847223
0.847266
0.847295
0.847348
0.84739
0.847396
0.847372
0.847341
0.847335
0.847317
0.847354
0.847306
0.847347
0.847186
0.847284
0.847148
0.847797
0.947598
0.947391
0.948236
0.9488
0.949355
0.949511
0.949616
0.94962
0.949644
0.949692
0.949756
0.94985
0.949858
0.949791
0.949761
0.949749
0.949761
0.94979
0.949716
0.949586
0.949051
0.948501
0.947664
0.947874
0.897321
0.897047
0.896877
0.8969
0.89717
0.897601
0.898178
0.898791
0.899403
0.899933
0.900346
0.900596
0.900664
0.900552
0.90028
0.899893
0.899427
0.89896
0.898532
0.898251
0.898134
0.898253
0.89856
0.898906
0.804646
0.80346
0.801724
0.800505
0.799852
0.79947
0.799284
0.799182
0.799145
0.799136
0.799139
0.799129
0.799132
0.799145
0.799146
0.799158
0.799199
0.799303
0.799489
0.799872
0.800522
0.801738
0.803473
0.804668
0.475546
0.474131
0.472588
0.47093
0.469617
0.46864
0.467995
0.467684
0.467637
0.467679
0.467734
0.467762
0.467758
0.46772
0.467662
0.467637
0.467744
0.468162
0.468885
0.469952
0.471377
0.473123
0.474765
0.476312
0.918105
0.91879
0.919973
0.920552
0.921099
0.921236
0.92137
0.921402
0.921454
0.921506
0.921567
0.921632
0.92164
0.9216
0.921568
0.921546
0.921525
0.921523
0.921416
0.921302
0.920772
0.920205
0.919029
0.918343
0.991025
0.990258
0.98693
0.982441
0.977962
0.973821
0.970166
0.967112
0.967048
0.970114
0.974334
0.977881
0.979778
0.980562
0.979616
0.977554
0.972994
0.969299
0.971552
0.975558
0.980323
0.985593
0.989718
0.991709
0.798293
0.797399
0.79661
0.795846
0.795303
0.794898
0.794625
0.794433
0.794305
0.794222
0.794179
0.794168
0.794189
0.794242
0.794328
0.794454
0.794626
0.794859
0.795171
0.795607
0.796175
0.796953
0.797747
0.798634
0.971188
0.969656
0.968032
0.966482
0.965394
0.964796
0.964874
0.965696
0.967379
0.97006
0.973805
0.978262
0.981967
0.983139
0.97994
0.975718
0.971704
0.968587
0.966551
0.96558
0.965448
0.966148
0.967159
0.968803
0.888163
0.887888
0.888237
0.88864
0.88918
0.889805
0.890491
0.891198
0.891886
0.892511
0.893028
0.893386
0.893543
0.893476
0.893173
0.892647
0.891947
0.891126
0.890238
0.889337
0.888471
0.887717
0.887012
0.887044
0.989574
0.988817
0.984882
0.979844
0.97497
0.970607
0.96704
0.965654
0.966793
0.970367
0.974896
0.978673
0.981157
0.982453
0.981036
0.979251
0.975396
0.97211
0.972261
0.977054
0.982358
0.988094
0.992169
0.993347
0.678339
0.67785
0.677057
0.676799
0.67661
0.67649
0.676372
0.676328
0.676351
0.676475
0.676612
0.676759
0.676727
0.676515
0.676316
0.676131
0.676054
0.676046
0.676112
0.676186
0.676338
0.676567
0.67734
0.677835
0.872071
0.872009
0.87279
0.873175
0.873717
0.87395
0.874204
0.874323
0.874457
0.874553
0.874644
0.874707
0.874712
0.874665
0.874594
0.87452
0.87441
0.874314
0.874083
0.873869
0.873341
0.872966
0.872187
0.872242
0.971866
0.971747
0.972303
0.972603
0.972814
0.972839
0.972794
0.972701
0.972626
0.972596
0.972604
0.972652
0.972665
0.972649
0.972678
0.972747
0.97286
0.97299
0.973067
0.973069
0.97288
0.972598
0.972051
0.972173
0.858277
0.857821
0.857639
0.85733
0.857262
0.857155
0.857196
0.857227
0.857335
0.857431
0.857535
0.857603
0.857625
0.857607
0.857555
0.857515
0.857466
0.857495
0.857514
0.85768
0.8578
0.858156
0.85837
0.858837
0.796947
0.796171
0.794812
0.793686
0.792678
0.791815
0.79121
0.790845
0.790669
0.790612
0.790621
0.790653
0.79065
0.790608
0.790592
0.790642
0.790814
0.791172
0.791763
0.792628
0.79369
0.79483
0.796173
0.796905
0.646402
0.645967
0.645591
0.645644
0.645782
0.645981
0.646165
0.646377
0.646593
0.646847
0.647035
0.647187
0.647149
0.646918
0.646656
0.646332
0.646051
0.645782
0.645546
0.645303
0.645132
0.645046
0.645395
0.645831
0.947315
0.948709
0.95218
0.955645
0.959589
0.96331
0.966947
0.97027
0.973245
0.975709
0.977566
0.978642
0.978924
0.978305
0.976967
0.974911
0.972286
0.969204
0.965705
0.962
0.957913
0.954294
0.950293
0.949042
0.894263
0.89342
0.892841
0.89253
0.892647
0.892937
0.893425
0.893945
0.894497
0.89497
0.895343
0.895564
0.895618
0.895507
0.895248
0.894895
0.894472
0.894086
0.893737
0.893592
0.893624
0.894076
0.894782
0.895688
0.938488
0.93887
0.939844
0.940467
0.941084
0.941452
0.941764
0.94197
0.942148
0.942293
0.942407
0.942487
0.942498
0.942443
0.942358
0.942243
0.942098
0.941924
0.941641
0.941299
0.940704
0.940098
0.939134
0.938759
0.508382
0.50815
0.508559
0.509326
0.510134
0.510902
0.51158
0.512238
0.512848
0.513429
0.51388
0.514175
0.514164
0.513842
0.513369
0.512779
0.51217
0.511526
0.510869
0.510136
0.509364
0.508635
0.508275
0.50853
0.88143
0.879873
0.877845
0.875364
0.873094
0.871143
0.869525
0.868243
0.867285
0.866698
0.866376
0.866446
0.866446
0.866393
0.86674
0.867352
0.868337
0.869641
0.871278
0.873241
0.87552
0.878006
0.880037
0.881597
0.929495
0.929783
0.93096
0.931444
0.93192
0.931986
0.932081
0.932085
0.932113
0.932147
0.932195
0.93227
0.932279
0.932231
0.932216
0.932216
0.932222
0.932249
0.932182
0.93214
0.93168
0.931207
0.930036
0.929748
0.847562
0.846477
0.846157
0.845812
0.84583
0.845746
0.845808
0.84581
0.845879
0.845926
0.84599
0.846033
0.846043
0.846026
0.845991
0.845974
0.845935
0.845967
0.845933
0.846044
0.846044
0.846405
0.846733
0.847822
0.923539
0.924138
0.925216
0.925808
0.926383
0.9266
0.926785
0.926863
0.926946
0.927017
0.927084
0.927144
0.927154
0.927119
0.927082
0.927041
0.926989
0.926941
0.926783
0.92659
0.926033
0.925455
0.924385
0.923788
0.796456
0.796567
0.796775
0.796986
0.797205
0.797432
0.797654
0.797857
0.798031
0.798164
0.798253
0.798292
0.798278
0.798214
0.798104
0.797951
0.797763
0.797548
0.797318
0.797086
0.796865
0.796654
0.796448
0.796342
0.968895
0.968773
0.971348
0.973979
0.977173
0.980157
0.983128
0.985923
0.988656
0.99119
0.993377
0.995116
0.996368
0.996697
0.99607
0.994168
0.991884
0.989169
0.985983
0.98259
0.978764
0.975506
0.972183
0.972271
0.8456
0.845135
0.845297
0.845205
0.845323
0.845288
0.845349
0.84535
0.8454
0.845434
0.84548
0.845513
0.84552
0.845507
0.845482
0.845471
0.845445
0.845468
0.845428
0.845482
0.845378
0.845479
0.845317
0.845776
0.794064
0.793347
0.792257
0.791581
0.79119
0.791084
0.791134
0.791325
0.791592
0.791868
0.792104
0.792236
0.792234
0.7921
0.791872
0.791611
0.79136
0.791184
0.791148
0.791262
0.791655
0.792326
0.79341
0.794122
0.985508
0.987153
0.988577
0.988672
0.988236
0.987514
0.986773
0.986079
0.985502
0.985094
0.984854
0.984828
0.984841
0.984909
0.985197
0.985652
0.986274
0.987006
0.987778
0.988521
0.988974
0.988893
0.987476
0.985829
0.565576
0.566277
0.567192
0.568442
0.569621
0.570815
0.571922
0.572957
0.573852
0.574638
0.575227
0.575615
0.575574
0.575099
0.574432
0.573579
0.572627
0.571545
0.570398
0.569169
0.567975
0.566716
0.56578
0.565073
0.88611
0.887026
0.887148
0.887238
0.887407
0.887625
0.887901
0.888141
0.888372
0.888586
0.888744
0.888824
0.888834
0.888776
0.888641
0.888451
0.888245
0.888032
0.887782
0.88759
0.887444
0.887374
0.887262
0.886349
0.988844
0.98605
0.982569
0.978587
0.975098
0.97213
0.969972
0.968313
0.967604
0.970565
0.975501
0.980666
0.984826
0.987316
0.987959
0.986896
0.982769
0.976912
0.9751
0.976407
0.978996
0.982618
0.985919
0.98941
0.841984
0.841657
0.841898
0.841909
0.841992
0.841926
0.841929
0.841903
0.841938
0.841961
0.841995
0.842016
0.842026
0.842025
0.842014
0.842013
0.842001
0.842053
0.842071
0.842156
0.842089
0.842085
0.841843
0.842163
0.476825
0.476187
0.475202
0.474007
0.472923
0.472062
0.471478
0.471138
0.470957
0.470872
0.470836
0.470824
0.470821
0.470832
0.470879
0.470995
0.471233
0.47167
0.472388
0.473371
0.474576
0.475886
0.47699
0.4778
0.891727
0.892076
0.892818
0.893343
0.893888
0.894254
0.894603
0.894851
0.895061
0.895213
0.895324
0.895385
0.895395
0.895353
0.895264
0.895135
0.89495
0.894727
0.894404
0.894061
0.893537
0.893029
0.892298
0.891953
0.911274
0.910634
0.910401
0.910564
0.911171
0.912016
0.913036
0.914072
0.915059
0.915891
0.916521
0.916891
0.91698
0.916785
0.916335
0.915679
0.914868
0.914005
0.913158
0.912482
0.91206
0.91205
0.912512
0.913159
0.972571
0.972574
0.975046
0.977582
0.980732
0.983581
0.986241
0.988692
0.991054
0.993212
0.995055
0.996572
0.997589
0.998225
0.998432
0.996909
0.995036
0.992661
0.989761
0.986506
0.982704
0.979526
0.976357
0.976323
0.937324
0.937439
0.938612
0.940206
0.942301
0.944539
0.946858
0.949033
0.951005
0.952687
0.953996
0.954834
0.955172
0.954971
0.954252
0.95303
0.951393
0.949416
0.947169
0.944896
0.942678
0.940925
0.939493
0.939308
0.844854
0.844609
0.844785
0.845062
0.845406
0.84569
0.845952
0.846149
0.84631
0.846424
0.846503
0.846543
0.846551
0.846526
0.846464
0.846369
0.846229
0.846054
0.845814
0.845553
0.845229
0.844968
0.844803
0.845045
0.847854
0.847135
0.847504
0.847284
0.847226
0.846978
0.846886
0.846737
0.846687
0.846637
0.846634
0.846644
0.846654
0.846669
0.8467
0.846777
0.846856
0.847032
0.847149
0.847419
0.847489
0.847721
0.847352
0.848069
0.852135
0.851009
0.850376
0.849797
0.849589
0.849421
0.849445
0.84947
0.84957
0.849648
0.849729
0.849779
0.849798
0.84979
0.849752
0.849719
0.849664
0.849685
0.849704
0.849913
0.850156
0.850764
0.85142
0.852556
0.848487
0.848289
0.848247
0.848033
0.84798
0.847882
0.847902
0.847915
0.84799
0.848056
0.848132
0.848182
0.848199
0.848186
0.848149
0.848123
0.848091
0.84812
0.848141
0.848277
0.848363
0.848603
0.848662
0.848862
0.9744
0.974692
0.975137
0.975422
0.975577
0.975584
0.975511
0.9754
0.975305
0.975252
0.975241
0.975267
0.97528
0.975284
0.975328
0.975416
0.975547
0.975693
0.975799
0.975819
0.975687
0.97542
0.974985
0.974697
0.865868
0.864995
0.864475
0.863919
0.863766
0.863598
0.863634
0.863662
0.863784
0.863889
0.864
0.864073
0.864099
0.864085
0.864036
0.863997
0.863946
0.863989
0.864029
0.864267
0.864483
0.865103
0.865672
0.866571
0.501648
0.501288
0.501175
0.501303
0.501572
0.501944
0.502336
0.502755
0.503143
0.503505
0.503762
0.50392
0.503924
0.503769
0.503518
0.503171
0.502807
0.502421
0.502067
0.501738
0.501508
0.501412
0.501546
0.501926
0.933945
0.933966
0.933616
0.933419
0.933194
0.932943
0.932692
0.932458
0.932272
0.932157
0.932104
0.932099
0.932106
0.932127
0.9322
0.93234
0.932552
0.932815
0.933095
0.933372
0.933618
0.933833
0.934195
0.934185
0.837062
0.836692
0.836665
0.836501
0.836487
0.836446
0.836487
0.836512
0.836562
0.836602
0.836644
0.836671
0.836681
0.836677
0.836658
0.836642
0.836616
0.836613
0.836592
0.83665
0.836677
0.83685
0.83688
0.837245
0.96979
0.969114
0.971973
0.97506
0.978795
0.982229
0.985525
0.98835
0.990641
0.992364
0.99423
0.99613
0.997382
0.99712
0.995374
0.99504
0.993393
0.990805
0.987474
0.983794
0.979591
0.975996
0.972576
0.973399
0.894379
0.893784
0.893858
0.894265
0.894762
0.89519
0.89555
0.895818
0.896026
0.896223
0.896373
0.896442
0.896449
0.896396
0.896264
0.896086
0.895898
0.895651
0.895313
0.894908
0.894432
0.894043
0.893982
0.894591
0.67086
0.66779
0.664654
0.664662
0.665966
0.667928
0.669924
0.671712
0.673129
0.674158
0.674808
0.675146
0.675239
0.675073
0.674585
0.673701
0.672412
0.670735
0.668834
0.666948
0.665697
0.665714
0.668827
0.671826
0.98821
0.985504
0.983482
0.980941
0.978787
0.976532
0.974313
0.972472
0.972102
0.973556
0.97704
0.981664
0.985826
0.989263
0.991469
0.992797
0.989551
0.986718
0.985681
0.985621
0.985945
0.987355
0.988668
0.991777
0.814574
0.815089
0.815815
0.816342
0.816733
0.816995
0.817203
0.817361
0.817488
0.817584
0.817652
0.817686
0.817688
0.817658
0.817594
0.817501
0.817377
0.817225
0.817022
0.816766
0.816379
0.815856
0.815129
0.814624
0.856567
0.856023
0.856314
0.856424
0.856707
0.856831
0.857014
0.857122
0.857246
0.857333
0.85741
0.857457
0.857464
0.857434
0.857375
0.857308
0.857205
0.857118
0.856955
0.856848
0.856578
0.856476
0.856187
0.856727
0.975714
0.974778
0.975888
0.976925
0.978425
0.979942
0.981705
0.983597
0.985515
0.987314
0.98908
0.990862
0.992433
0.994475
0.995838
0.995427
0.993681
0.991013
0.988209
0.985541
0.982884
0.980904
0.979
0.980003
0.849904
0.84918
0.849243
0.849079
0.849282
0.849208
0.849226
0.849158
0.849169
0.849175
0.849222
0.849273
0.849277
0.849246
0.849225
0.849244
0.849259
0.849353
0.849356
0.849453
0.84926
0.849433
0.849372
0.850095
0.677149
0.674314
0.671918
0.672843
0.674961
0.677542
0.679999
0.682119
0.683781
0.684988
0.685759
0.686157
0.686246
0.686015
0.685399
0.684332
0.682796
0.680787
0.678428
0.675928
0.673871
0.672982
0.675369
0.678116
0.514357
0.513635
0.512646
0.511671
0.510718
0.509864
0.509101
0.508479
0.507981
0.507648
0.507442
0.507398
0.507458
0.507616
0.507935
0.50838
0.508986
0.509709
0.510566
0.511506
0.512528
0.51356
0.514589
0.515335
0.984046
0.982632
0.982987
0.98314
0.983685
0.984185
0.985071
0.985911
0.986443
0.986815
0.988218
0.990434
0.992849
0.995471
0.997168
0.998457
0.997463
0.995399
0.993276
0.991443
0.98966
0.988506
0.987381
0.989021
0.729319
0.729325
0.729258
0.729179
0.729097
0.729019
0.728948
0.728886
0.728836
0.728802
0.728787
0.728793
0.728821
0.72887
0.728939
0.729026
0.729128
0.72924
0.72936
0.729481
0.729603
0.729713
0.729805
0.729812
0.840967
0.840127
0.840002
0.84006
0.840318
0.840633
0.840986
0.84135
0.841718
0.842094
0.842469
0.842806
0.843031
0.843003
0.84265
0.84214
0.841558
0.840958
0.84037
0.839831
0.839356
0.839098
0.838879
0.839386
0.558096
0.558218
0.558961
0.56004
0.561398
0.562822
0.564156
0.565384
0.566443
0.56734
0.567985
0.56837
0.568327
0.567851
0.567125
0.56616
0.565045
0.563774
0.562406
0.560955
0.559571
0.558472
0.557714
0.557603
0.802765
0.802383
0.802047
0.801603
0.801105
0.800638
0.80023
0.799892
0.799628
0.799434
0.799304
0.799233
0.799208
0.799229
0.79931
0.799454
0.79967
0.799961
0.800326
0.800755
0.801223
0.801642
0.801958
0.802338
0.888745
0.888274
0.888918
0.889212
0.889772
0.889988
0.890249
0.89036
0.890493
0.890588
0.890679
0.890751
0.890757
0.890705
0.890639
0.890569
0.890462
0.890376
0.89014
0.889943
0.889396
0.889111
0.88847
0.888938
0.875459
0.874222
0.874867
0.875069
0.875509
0.875618
0.87576
0.875769
0.875823
0.875856
0.875907
0.87596
0.875966
0.875932
0.875906
0.875898
0.875871
0.875887
0.875768
0.875679
0.87525
0.875054
0.874408
0.875641
0.86639
0.865546
0.866019
0.86623
0.866727
0.866924
0.867176
0.867283
0.867418
0.867514
0.86761
0.867679
0.867683
0.86763
0.867554
0.86748
0.867369
0.867285
0.867057
0.866877
0.866394
0.86619
0.865718
0.866557
0.849651
0.848553
0.848058
0.847582
0.847435
0.847287
0.847317
0.847335
0.847424
0.847492
0.847566
0.847611
0.847627
0.847619
0.847582
0.847554
0.847504
0.847528
0.847536
0.847719
0.847896
0.848398
0.84891
0.850014
0.9359
0.935693
0.936704
0.938316
0.94065
0.943177
0.945802
0.948279
0.950525
0.952379
0.953752
0.95453
0.954658
0.954118
0.953011
0.951404
0.9494
0.947132
0.944706
0.942318
0.940175
0.938644
0.937939
0.938167
0.847393
0.846408
0.846314
0.846083
0.846207
0.846153
0.846225
0.846215
0.846275
0.846317
0.846382
0.846432
0.846438
0.846408
0.846367
0.84635
0.846315
0.84635
0.846304
0.846377
0.846266
0.846506
0.846604
0.847589
0.759884
0.758977
0.757598
0.756582
0.756196
0.756079
0.756105
0.756247
0.756643
0.757525
0.759129
0.761453
0.763857
0.764596
0.762161
0.759536
0.75752
0.756199
0.75542
0.755101
0.755233
0.756114
0.757371
0.758469
0.985673
0.983354
0.979766
0.975917
0.972196
0.969497
0.968463
0.969193
0.971836
0.975906
0.980472
0.984679
0.987498
0.989924
0.988783
0.986634
0.983077
0.979728
0.978126
0.979527
0.983292
0.986859
0.989796
0.989884
0.837778
0.837768
0.837892
0.837897
0.838004
0.838061
0.838179
0.838273
0.838386
0.838476
0.838554
0.838598
0.838611
0.838593
0.838542
0.838481
0.838397
0.838333
0.838245
0.838216
0.838134
0.838147
0.838031
0.838036
0.969673
0.969637
0.970419
0.970798
0.971065
0.971084
0.971031
0.970936
0.970861
0.97083
0.970837
0.970887
0.970899
0.970881
0.970911
0.970979
0.971093
0.971225
0.971312
0.971321
0.971077
0.970713
0.969941
0.969978
0.858808
0.858095
0.8583
0.858378
0.858774
0.858988
0.859269
0.859437
0.859618
0.859748
0.85986
0.859927
0.859932
0.859879
0.859783
0.859672
0.859513
0.859366
0.859106
0.858909
0.858526
0.858458
0.858256
0.858966
0.863989
0.863406
0.863064
0.862688
0.862619
0.862541
0.862632
0.862715
0.862876
0.863016
0.863155
0.863243
0.863267
0.863234
0.863154
0.863078
0.862983
0.862969
0.862947
0.863094
0.863226
0.863661
0.864047
0.864648
0.982092
0.982228
0.982615
0.982722
0.982598
0.982285
0.981886
0.981482
0.981147
0.980926
0.980813
0.980807
0.980818
0.980854
0.981001
0.981259
0.981631
0.98207
0.982498
0.982836
0.98298
0.982888
0.982509
0.982375
0.476841
0.476736
0.476863
0.477885
0.479581
0.481651
0.483807
0.485865
0.487645
0.489012
0.489902
0.4903
0.490224
0.489668
0.488622
0.487116
0.485219
0.483069
0.48084
0.478798
0.477219
0.476373
0.476277
0.476348
0.959432
0.958683
0.957566
0.956346
0.95481
0.953126
0.951458
0.949943
0.948698
0.947853
0.947358
0.947203
0.947206
0.947381
0.947902
0.948778
0.950053
0.951597
0.953292
0.954998
0.956564
0.9578
0.95892
0.959627
0.984967
0.985681
0.986716
0.986822
0.986537
0.985981
0.985373
0.98478
0.984283
0.983936
0.983738
0.983719
0.983732
0.983788
0.984031
0.984422
0.984963
0.985593
0.986232
0.986812
0.987115
0.987024
0.985996
0.985283
0.864795
0.863509
0.862705
0.862089
0.861951
0.861879
0.862011
0.862135
0.862336
0.862507
0.862669
0.86277
0.862794
0.862746
0.862642
0.862535
0.862399
0.862344
0.862282
0.862422
0.862621
0.863296
0.864149
0.865462
0.928949
0.928964
0.92776
0.925341
0.922742
0.920403
0.918283
0.916441
0.914935
0.913811
0.913102
0.91297
0.912974
0.913132
0.913877
0.915033
0.916572
0.918441
0.920584
0.922939
0.925552
0.927987
0.929195
0.929168
0.621399
0.617603
0.614305
0.610705
0.607933
0.60607
0.605062
0.60459
0.604398
0.604316
0.604275
0.604258
0.604258
0.604267
0.604286
0.604342
0.604513
0.604977
0.605988
0.607853
0.610622
0.614212
0.61752
0.62128
0.853484
0.852021
0.851217
0.850584
0.85042
0.85029
0.850361
0.850408
0.85053
0.850625
0.850725
0.850785
0.850803
0.850782
0.850724
0.850674
0.850597
0.850596
0.850571
0.850742
0.850942
0.851607
0.852435
0.853911
0.583109
0.58148
0.579062
0.5772
0.575641
0.574459
0.573512
0.572739
0.572068
0.571505
0.571083
0.570883
0.571007
0.571454
0.572105
0.572877
0.573729
0.574655
0.575723
0.576997
0.578618
0.580506
0.582933
0.58453
0.99228
0.991328
0.988062
0.983355
0.978488
0.9739
0.970132
0.967733
0.966873
0.969307
0.973445
0.977038
0.978888
0.979602
0.978729
0.976302
0.971495
0.968272
0.970212
0.974755
0.979931
0.985096
0.98908
0.991193
0.929822
0.930192
0.930437
0.930771
0.931005
0.931163
0.931286
0.9314
0.931527
0.931632
0.931715
0.931767
0.931777
0.931744
0.931683
0.931603
0.931503
0.931417
0.931322
0.931191
0.930981
0.930665
0.930433
0.930072
0.832171
0.831821
0.83182
0.831744
0.831744
0.83171
0.831732
0.831751
0.831796
0.831835
0.831875
0.831899
0.831911
0.831911
0.831896
0.831881
0.831861
0.831866
0.831867
0.831919
0.831934
0.832018
0.832021
0.832364
0.610665
0.605344
0.60776
0.609066
0.610439
0.611387
0.612074
0.612471
0.612647
0.612651
0.612582
0.612524
0.61263
0.612898
0.613162
0.613333
0.613306
0.613029
0.612436
0.611557
0.610243
0.608989
0.606683
0.611845
0.975536
0.975979
0.97885
0.981365
0.984298
0.986663
0.988526
0.990267
0.992547
0.99486
0.996157
0.997398
0.998947
0.999961
1.00088
0.998451
0.996388
0.994971
0.992976
0.990265
0.986717
0.983568
0.979993
0.979657
0.542689
0.542397
0.542399
0.543067
0.544159
0.545397
0.546586
0.547696
0.548655
0.54947
0.550035
0.550375
0.550336
0.549913
0.549273
0.548395
0.547387
0.546239
0.545022
0.543762
0.542644
0.541953
0.541928
0.542237
0.503031
0.50249
0.501934
0.501504
0.501144
0.500869
0.500621
0.500458
0.500358
0.500355
0.50039
0.500472
0.500506
0.500487
0.500516
0.500587
0.500757
0.500992
0.501313
0.501655
0.502072
0.50255
0.503151
0.503733
0.982062
0.980047
0.980384
0.980492
0.980929
0.981205
0.981626
0.982436
0.983717
0.985462
0.987538
0.990093
0.992748
0.995509
0.997544
0.996517
0.995092
0.992831
0.990695
0.988791
0.986908
0.985698
0.984581
0.986862
0.682172
0.682015
0.681164
0.680847
0.680698
0.680672
0.680635
0.680651
0.680715
0.680879
0.681041
0.681234
0.681205
0.680955
0.680741
0.680528
0.680419
0.68036
0.680351
0.680333
0.680433
0.680716
0.681543
0.681707
0.946334
0.945894
0.946085
0.946543
0.946968
0.947296
0.94756
0.947797
0.947998
0.94814
0.948247
0.948309
0.948319
0.948279
0.948196
0.948081
0.94791
0.947702
0.947466
0.947167
0.946767
0.946331
0.946156
0.946612
0.548973
0.54802
0.546489
0.54497
0.543461
0.542114
0.540922
0.539924
0.539102
0.538491
0.538085
0.537936
0.538038
0.53839
0.538986
0.539775
0.540757
0.541895
0.543205
0.544648
0.546231
0.5478
0.549363
0.550321
0.967027
0.967279
0.967137
0.965577
0.963531
0.961486
0.959525
0.957793
0.956489
0.955685
0.955243
0.955158
0.95516
0.955266
0.955739
0.956577
0.957911
0.959668
0.961645
0.963697
0.965729
0.967298
0.967456
0.967217
0.848038
0.847552
0.84778
0.847652
0.847747
0.847663
0.847694
0.847654
0.847673
0.847676
0.8477
0.847722
0.84773
0.847729
0.847727
0.847747
0.847754
0.847817
0.847808
0.847909
0.847826
0.847963
0.847734
0.848215
0.853369
0.852373
0.852399
0.852283
0.8525
0.852566
0.852729
0.852796
0.852891
0.852948
0.853003
0.853035
0.853042
0.853026
0.852989
0.852952
0.852878
0.852832
0.852689
0.852641
0.852437
0.852561
0.852539
0.853533
0.967311
0.96863
0.970347
0.97095
0.971099
0.970714
0.970319
0.969904
0.969565
0.969333
0.969203
0.969247
0.969261
0.969259
0.969441
0.969719
0.970102
0.970554
0.970978
0.971385
0.971251
0.970657
0.968944
0.967621
0.979145
0.976728
0.975387
0.974247
0.973828
0.973787
0.974236
0.975098
0.976771
0.979693
0.983663
0.987886
0.991655
0.993989
0.99358
0.993105
0.990413
0.986916
0.983685
0.981229
0.979603
0.979326
0.979759
0.98242
0.880095
0.879948
0.880881
0.88123
0.881695
0.881756
0.881872
0.88186
0.881892
0.881911
0.881954
0.882007
0.882012
0.88198
0.881963
0.881971
0.881965
0.882002
0.881909
0.881866
0.881412
0.88107
0.880137
0.880278
0.976045
0.97676
0.977828
0.978068
0.978013
0.977717
0.977379
0.977027
0.976732
0.976531
0.97642
0.976428
0.976442
0.976473
0.976628
0.976873
0.97721
0.9776
0.977971
0.978293
0.978368
0.978143
0.977082
0.976364
0.861884
0.861819
0.861655
0.861631
0.86163
0.861637
0.861657
0.861677
0.861693
0.861705
0.861713
0.861706
0.861677
0.861641
0.861605
0.861569
0.86153
0.861487
0.861445
0.861423
0.861407
0.861429
0.861606
0.861683
0.930797
0.930747
0.931553
0.932875
0.934691
0.936642
0.938687
0.940634
0.942426
0.94391
0.945015
0.945642
0.945743
0.945305
0.944418
0.943146
0.94157
0.939824
0.937987
0.93621
0.93464
0.933464
0.933104
0.933195
0.984131
0.982072
0.982016
0.981892
0.982299
0.982692
0.983222
0.983557
0.983696
0.984288
0.985857
0.988568
0.99126
0.993947
0.995582
0.997515
0.996397
0.994344
0.99212
0.990145
0.988376
0.987445
0.986729
0.989029
0.83685
0.836591
0.836728
0.836922
0.837149
0.837344
0.83752
0.837655
0.837759
0.837831
0.837878
0.837905
0.837915
0.837908
0.837881
0.837833
0.837754
0.837646
0.837498
0.837333
0.837135
0.836966
0.836853
0.837122
0.893702
0.893013
0.892838
0.893007
0.893449
0.89404
0.894723
0.895424
0.896091
0.896668
0.897116
0.897399
0.897498
0.89741
0.89715
0.896748
0.896242
0.895685
0.895131
0.894657
0.89433
0.894264
0.894576
0.895318
0.840045
0.839092
0.837026
0.834632
0.832543
0.830824
0.829406
0.828278
0.827425
0.826918
0.826641
0.826757
0.826756
0.826653
0.82695
0.827477
0.828349
0.829488
0.830913
0.832634
0.834721
0.83711
0.839168
0.840114
0.988575
0.98563
0.983162
0.980354
0.978033
0.975743
0.973761
0.97224
0.971498
0.972259
0.975548
0.980312
0.984473
0.98778
0.98986
0.990709
0.98776
0.984851
0.983866
0.984144
0.984854
0.986659
0.988488
0.991908
0.794427
0.794416
0.794423
0.794459
0.794519
0.794602
0.7947
0.794801
0.794893
0.794968
0.79502
0.795043
0.795032
0.794989
0.794923
0.794835
0.794734
0.794627
0.794526
0.794442
0.794384
0.794353
0.794351
0.794363
0.553726
0.553109
0.55129
0.549545
0.547863
0.546217
0.544646
0.543197
0.541943
0.540954
0.540293
0.539998
0.54008
0.540541
0.541366
0.542505
0.543894
0.545456
0.547119
0.548837
0.550574
0.552354
0.554215
0.554903
0.914103
0.913362
0.91285
0.912877
0.913442
0.914258
0.915294
0.916337
0.917358
0.918216
0.918874
0.919254
0.919328
0.919095
0.918593
0.917896
0.917044
0.916173
0.915323
0.914695
0.914351
0.914512
0.915334
0.916006
0.972779
0.971663
0.9709
0.970263
0.969502
0.968642
0.967768
0.96697
0.966291
0.965783
0.965496
0.965433
0.965439
0.965522
0.965839
0.966382
0.967098
0.967929
0.968828
0.969711
0.970491
0.971146
0.971924
0.973052
0.556374
0.555449
0.553932
0.552562
0.551232
0.550099
0.549111
0.548318
0.547687
0.547259
0.546995
0.54694
0.547033
0.54727
0.547705
0.548293
0.549067
0.549985
0.551079
0.552299
0.553695
0.55511
0.556655
0.557588
0.971588
0.970327
0.971079
0.971888
0.973285
0.974702
0.976362
0.978027
0.979708
0.98156
0.983484
0.985397
0.987014
0.988448
0.989293
0.988913
0.987448
0.985279
0.982641
0.980065
0.977472
0.975683
0.974119
0.975361
0.656454
0.649155
0.648568
0.649793
0.651991
0.654215
0.656203
0.6578
0.658979
0.65976
0.660215
0.660409
0.660513
0.660522
0.660255
0.659644
0.658614
0.657145
0.655266
0.653129
0.651001
0.649824
0.650477
0.657631
0.874566
0.874003
0.874558
0.874821
0.87534
0.875547
0.87578
0.875877
0.875998
0.876083
0.87617
0.876236
0.87624
0.876191
0.876127
0.876065
0.875969
0.875894
0.875683
0.875495
0.874989
0.874733
0.874181
0.87474
0.986393
0.986462
0.986897
0.985927
0.984291
0.982486
0.980662
0.978982
0.977642
0.976745
0.976223
0.976167
0.976169
0.976254
0.976822
0.977763
0.979141
0.980849
0.982696
0.984513
0.986163
0.987146
0.986713
0.986636
0.578499
0.577068
0.574795
0.57293
0.57131
0.570045
0.569023
0.568194
0.567488
0.56691
0.566486
0.566292
0.566413
0.566846
0.567494
0.568274
0.569157
0.570134
0.571276
0.57263
0.574312
0.576204
0.578489
0.579899
0.653456
0.649396
0.646077
0.645405
0.645917
0.647069
0.648341
0.649509
0.650421
0.651049
0.651412
0.651577
0.651683
0.651719
0.651544
0.651083
0.650317
0.649273
0.648105
0.647032
0.646574
0.647269
0.650565
0.654538
0.852657
0.85277
0.850737
0.848017
0.845642
0.843718
0.842125
0.840818
0.839764
0.839037
0.838556
0.838513
0.838518
0.838581
0.839087
0.839836
0.840909
0.842231
0.843833
0.845761
0.848139
0.850857
0.852882
0.852751
0.509794
0.509343
0.50875
0.50814
0.507437
0.506744
0.506104
0.505596
0.50521
0.504992
0.504887
0.504908
0.504959
0.505037
0.505241
0.505559
0.506042
0.506644
0.507372
0.50815
0.508924
0.509596
0.510224
0.5107
0.947018
0.948986
0.952828
0.956449
0.960501
0.964311
0.968049
0.971483
0.974569
0.977134
0.979064
0.980177
0.980434
0.979723
0.97828
0.976108
0.973366
0.970177
0.966588
0.962805
0.958623
0.954841
0.950385
0.948627
0.972632
0.971584
0.971224
0.969895
0.968282
0.966709
0.965167
0.96377
0.962643
0.961876
0.96145
0.961389
0.961391
0.961473
0.961933
0.962737
0.963898
0.965325
0.96689
0.968471
0.970066
0.971405
0.971784
0.972876
0.551419
0.550733
0.549445
0.548254
0.547043
0.545967
0.545
0.544214
0.543588
0.543169
0.542919
0.542871
0.542962
0.543186
0.543605
0.544181
0.544949
0.545863
0.546938
0.548104
0.549383
0.550623
0.551942
0.55264
0.967603
0.967258
0.966943
0.966772
0.966663
0.966545
0.966389
0.966213
0.96607
0.965983
0.965949
0.965961
0.965973
0.965988
0.966052
0.966171
0.966348
0.966556
0.966742
0.966888
0.967018
0.967206
0.967531
0.96788
0.673182
0.662703
0.669859
0.674807
0.67985
0.683935
0.687256
0.689822
0.691744
0.693092
0.693948
0.694325
0.694413
0.694211
0.69352
0.692323
0.690538
0.688096
0.68489
0.680907
0.675959
0.671092
0.664122
0.674469
0.953309
0.953688
0.954464
0.955098
0.955727
0.956199
0.956594
0.956904
0.957162
0.957367
0.957518
0.957612
0.957625
0.957559
0.957439
0.957266
0.957041
0.956764
0.9564
0.955957
0.955353
0.95474
0.953977
0.953604
0.862748
0.862234
0.861951
0.861694
0.861662
0.861657
0.861784
0.861917
0.862097
0.862252
0.862391
0.862475
0.862505
0.86248
0.862405
0.862316
0.862205
0.862144
0.862089
0.862166
0.862267
0.862584
0.862913
0.863445
0.807763
0.808004
0.807745
0.807825
0.808063
0.808432
0.808838
0.809222
0.809571
0.809872
0.8101
0.81022
0.810218
0.810097
0.809874
0.809583
0.809244
0.80887
0.808472
0.808109
0.807872
0.80779
0.808045
0.807802
0.522829
0.522641
0.522866
0.523691
0.524732
0.525828
0.526847
0.527803
0.528642
0.529379
0.529907
0.530229
0.530201
0.529818
0.529237
0.52846
0.527594
0.526623
0.525598
0.524504
0.523465
0.522646
0.522412
0.522612
0.848571
0.848
0.848216
0.848167
0.848363
0.848369
0.848463
0.848471
0.848526
0.848559
0.84861
0.848647
0.848653
0.848633
0.848604
0.848593
0.848563
0.848577
0.848505
0.848517
0.848333
0.848391
0.848177
0.848743
0.907372
0.904376
0.902077
0.900396
0.898942
0.897546
0.896304
0.895254
0.894453
0.893997
0.893767
0.893806
0.893806
0.893782
0.894038
0.894528
0.895366
0.89645
0.897723
0.899143
0.900625
0.902315
0.904613
0.907603
0.950988
0.951101
0.952098
0.952656
0.95313
0.953253
0.953342
0.953334
0.953333
0.953356
0.953397
0.953475
0.953484
0.953436
0.953429
0.953442
0.95348
0.953522
0.953464
0.953367
0.952914
0.952369
0.95138
0.951269
0.675274
0.667598
0.67652
0.682546
0.688355
0.692965
0.69666
0.699505
0.701639
0.703151
0.704122
0.70455
0.704629
0.704363
0.703545
0.702177
0.700173
0.697449
0.693869
0.689364
0.683654
0.677721
0.668949
0.676554
1.0311
1.02869
1.02417
1.01741
1.00741
0.995308
0.982607
0.971112
0.963862
0.96128
0.961986
0.965766
0.974864
0.978938
0.972663
0.966079
0.964435
0.967157
0.975177
0.988802
1.00325
1.01521
1.02328
1.02606
0.84927
0.849166
0.849696
0.849603
0.849683
0.849501
0.84943
0.849296
0.849246
0.849196
0.849194
0.849209
0.849217
0.849225
0.849253
0.849329
0.849405
0.849564
0.849655
0.849857
0.849787
0.849887
0.849358
0.849456
0.485765
0.484874
0.484532
0.484651
0.48537
0.486574
0.488044
0.489541
0.490899
0.491974
0.492683
0.492988
0.492936
0.49251
0.491678
0.490502
0.489068
0.487527
0.486055
0.484907
0.48427
0.484227
0.484635
0.485721
0.944958
0.945175
0.946102
0.947066
0.947973
0.948677
0.949271
0.949781
0.950219
0.950544
0.950763
0.950883
0.950894
0.950796
0.950602
0.950303
0.949892
0.949412
0.948849
0.948175
0.947299
0.946361
0.945455
0.94525
0.851489
0.851688
0.851852
0.851937
0.852095
0.852204
0.852355
0.852484
0.85263
0.852753
0.85286
0.852927
0.852949
0.85293
0.852873
0.852802
0.852712
0.852641
0.852549
0.852498
0.852396
0.852354
0.852218
0.852019
0.975778
0.974566
0.974805
0.97478
0.975133
0.975565
0.976355
0.977717
0.979698
0.982415
0.985827
0.989512
0.992851
0.995534
0.995976
0.995007
0.992081
0.988653
0.9854
0.982854
0.980677
0.979318
0.978058
0.979463
0.93122
0.931957
0.933178
0.933709
0.934195
0.934271
0.934346
0.934333
0.934347
0.934382
0.934433
0.934505
0.934514
0.934469
0.93445
0.934448
0.934467
0.934512
0.934465
0.934413
0.933945
0.933426
0.932212
0.931476
0.484096
0.482179
0.480576
0.479196
0.478112
0.477531
0.477381
0.477502
0.477756
0.478045
0.478273
0.478378
0.478369
0.478236
0.47798
0.477683
0.477436
0.477339
0.477546
0.4782
0.479291
0.480718
0.482386
0.484433
0.873463
0.872599
0.872061
0.87182
0.871879
0.872033
0.872313
0.872606
0.872925
0.873204
0.873433
0.873573
0.873614
0.873557
0.873416
0.873229
0.873006
0.872813
0.872637
0.872587
0.872631
0.872965
0.87358
0.874481
0.99081
0.988111
0.984238
0.979641
0.975427
0.971513
0.967785
0.963848
0.961533
0.964462
0.970781
0.976734
0.98021
0.981559
0.981139
0.978528
0.971728
0.966968
0.96773
0.972516
0.97712
0.98222
0.9864
0.989974
0.991734
0.989455
0.985541
0.980935
0.976744
0.973001
0.969685
0.966156
0.963525
0.963527
0.968616
0.974112
0.977594
0.979115
0.978708
0.975069
0.96865
0.966122
0.968156
0.972991
0.977376
0.982367
0.986591
0.989816
0.907485
0.906594
0.905937
0.905704
0.906012
0.906568
0.907358
0.908173
0.908993
0.909686
0.910225
0.910537
0.910604
0.910425
0.910026
0.909479
0.908812
0.908158
0.907538
0.907159
0.907047
0.907458
0.90834
0.909229
0.517763
0.517225
0.516411
0.515533
0.514566
0.513633
0.512764
0.512039
0.511458
0.511072
0.510843
0.510796
0.510865
0.511047
0.511409
0.511924
0.512626
0.513465
0.514436
0.515461
0.516499
0.517433
0.51828
0.518837
0.871574
0.870868
0.86929
0.867651
0.866081
0.864658
0.86345
0.862538
0.861956
0.861712
0.861657
0.861731
0.861733
0.861667
0.861736
0.861992
0.862579
0.8635
0.864716
0.866145
0.867722
0.869363
0.870938
0.87164
0.993821
0.988001
0.979785
0.973955
0.970182
0.968289
0.968459
0.970344
0.973858
0.97876
0.984508
0.990171
0.994513
0.997477
0.995061
0.990862
0.985582
0.980422
0.977066
0.976669
0.979323
0.983682
0.988144
0.98994
0.900893
0.900186
0.899609
0.899207
0.899285
0.899527
0.900013
0.900535
0.901106
0.901591
0.901981
0.902207
0.902265
0.902155
0.90189
0.901535
0.901103
0.900727
0.900395
0.900318
0.900412
0.900981
0.901738
0.9025
0.532203
0.531554
0.530422
0.529141
0.527795
0.526523
0.525365
0.524377
0.52356
0.522952
0.522548
0.52239
0.522483
0.522824
0.523403
0.524178
0.525149
0.526276
0.527555
0.528931
0.530357
0.531701
0.532873
0.533533
0.82268
0.821082
0.819113
0.817262
0.815645
0.814154
0.812911
0.811968
0.811324
0.810974
0.810814
0.81086
0.810859
0.810815
0.810982
0.81134
0.81199
0.812937
0.814182
0.815674
0.817318
0.819177
0.821138
0.822721
0.981963
0.980344
0.980934
0.981584
0.982835
0.984179
0.985928
0.987581
0.988569
0.989041
0.990157
0.992032
0.994179
0.996615
0.998215
0.998989
0.998047
0.995463
0.992691
0.990262
0.987929
0.986362
0.985046
0.986834
0.861684
0.861222
0.860974
0.860793
0.860711
0.860702
0.860774
0.86089
0.861034
0.861174
0.861296
0.861382
0.86143
0.861439
0.861413
0.861366
0.861314
0.861287
0.861302
0.861394
0.861553
0.861802
0.862104
0.862594
0.877403
0.877035
0.876882
0.876946
0.877205
0.877513
0.877839
0.878134
0.878386
0.878589
0.878733
0.878811
0.878826
0.878777
0.878664
0.878492
0.878271
0.878007
0.877713
0.877435
0.877203
0.877161
0.877328
0.877705
0.865853
0.865813
0.866643
0.866867
0.867237
0.867283
0.867402
0.86741
0.867466
0.867505
0.867566
0.867623
0.867628
0.867588
0.86755
0.867534
0.867503
0.86752
0.867422
0.867395
0.867037
0.866819
0.865988
0.866021
0.849397
0.848434
0.848607
0.848418
0.848549
0.848419
0.848385
0.848276
0.848251
0.848228
0.848252
0.84829
0.848296
0.848278
0.84828
0.84833
0.848381
0.848517
0.848572
0.848725
0.848603
0.848801
0.848629
0.84959
0.993994
0.994099
0.99142
0.986658
0.98154
0.976547
0.972424
0.969675
0.968813
0.970832
0.974382
0.977623
0.979243
0.979957
0.979589
0.977611
0.973266
0.970491
0.972668
0.977186
0.981991
0.986921
0.990557
0.992091
0.613756
0.613622
0.613567
0.613977
0.614775
0.615726
0.616713
0.617589
0.618275
0.618805
0.619169
0.619317
0.619264
0.61901
0.618536
0.617897
0.617105
0.616127
0.615047
0.614018
0.613161
0.612707
0.612731
0.612845
0.776894
0.776159
0.77544
0.774753
0.774263
0.773902
0.773672
0.773527
0.773445
0.773406
0.773393
0.773399
0.773418
0.77345
0.7735
0.773577
0.773692
0.773868
0.774126
0.774507
0.775012
0.775708
0.776433
0.777166
0.946595
0.947535
0.948336
0.948946
0.949552
0.950081
0.950537
0.950935
0.95128
0.951553
0.951738
0.951842
0.951858
0.951785
0.95163
0.951391
0.951079
0.950715
0.950292
0.949795
0.949219
0.948633
0.947847
0.946911
0.838588
0.838526
0.838635
0.83866
0.838715
0.838732
0.838784
0.838829
0.838893
0.83895
0.839004
0.83904
0.839058
0.839059
0.839042
0.839024
0.839001
0.838995
0.838983
0.839002
0.838981
0.838981
0.838886
0.838946
0.882813
0.882114
0.881813
0.881801
0.882016
0.882351
0.882785
0.883244
0.883699
0.884096
0.884409
0.884603
0.884663
0.88459
0.8844
0.884126
0.883797
0.883465
0.883158
0.882951
0.882861
0.882988
0.883386
0.884135
0.917872
0.917618
0.917942
0.918343
0.91892
0.919416
0.919894
0.920289
0.920623
0.920878
0.921058
0.921158
0.921169
0.921093
0.920937
0.920708
0.920402
0.920035
0.919584
0.919113
0.918561
0.918178
0.917869
0.918133
0.619979
0.619212
0.618558
0.618027
0.617801
0.617658
0.617611
0.617597
0.6176
0.617577
0.617529
0.617474
0.617422
0.617372
0.617315
0.617233
0.617125
0.617039
0.616991
0.617047
0.617201
0.617676
0.6183
0.61906
0.625572
0.621799
0.619235
0.618389
0.618422
0.618844
0.619349
0.619773
0.620044
0.620165
0.620194
0.620205
0.620321
0.620536
0.620718
0.620786
0.62068
0.620393
0.619997
0.619657
0.619679
0.620549
0.623109
0.626768
0.877824
0.877383
0.877271
0.876916
0.876806
0.87665
0.876661
0.876692
0.876826
0.876951
0.877083
0.877168
0.877205
0.877199
0.877153
0.877116
0.877078
0.877145
0.877237
0.877498
0.877704
0.878156
0.878348
0.878843
0.803991
0.802449
0.801609
0.801852
0.802766
0.804045
0.805424
0.8067
0.807753
0.808536
0.809046
0.809282
0.809239
0.808916
0.808326
0.807475
0.806368
0.80505
0.803635
0.802333
0.801412
0.801192
0.802097
0.803719
0.509501
0.509392
0.509362
0.509741
0.510192
0.510719
0.511208
0.511705
0.51217
0.512639
0.513015
0.513306
0.513302
0.512999
0.512619
0.512153
0.511702
0.511226
0.510761
0.510262
0.509839
0.509491
0.509551
0.509697
0.975964
0.9753
0.97492
0.974529
0.974025
0.973419
0.972758
0.972137
0.971637
0.971361
0.97122
0.971201
0.971211
0.971257
0.97143
0.971738
0.972269
0.972921
0.973611
0.974241
0.974764
0.975169
0.975561
0.976235
0.959094
0.959303
0.961204
0.963213
0.96558
0.967841
0.969991
0.972031
0.974109
0.976156
0.978034
0.979566
0.98065
0.981234
0.981149
0.980128
0.978482
0.976375
0.973821
0.970935
0.967734
0.964879
0.962138
0.961736
0.80533
0.803426
0.80366
0.80545
0.807571
0.809375
0.810567
0.811185
0.811412
0.811425
0.811346
0.811254
0.811198
0.811185
0.811176
0.8111
0.810837
0.810212
0.809041
0.807274
0.805182
0.803389
0.803116
0.804977
1.01901
1.0166
1.00956
1.00087
0.991197
0.981081
0.971062
0.962104
0.956577
0.956547
0.959165
0.962196
0.967347
0.969345
0.965069
0.961636
0.959143
0.959129
0.964328
0.975356
0.987819
0.999525
1.00829
1.0119
0.965317
0.966213
0.970183
0.974145
0.978489
0.98241
0.986053
0.989248
0.991982
0.994037
0.995164
0.995613
0.996192
0.997339
0.997644
0.995741
0.993338
0.990426
0.986842
0.982805
0.97809
0.973659
0.969071
0.968206
1.01791
1.00981
1.00479
0.998173
0.99211
0.987345
0.984407
0.983635
0.985256
0.989311
0.995398
1.00232
1.00872
1.0121
1.00865
1.0016
0.994881
0.989311
0.986654
0.987258
0.990553
0.995738
1.00183
1.00586
0.561027
0.561303
0.561869
0.562654
0.563527
0.564558
0.565548
0.566489
0.567301
0.568013
0.568525
0.56889
0.56885
0.568405
0.567821
0.567046
0.566182
0.565198
0.564173
0.563112
0.562217
0.561434
0.560856
0.560578
0.935406
0.933536
0.931865
0.930731
0.930335
0.930561
0.931408
0.932839
0.93492
0.937704
0.941244
0.945381
0.948857
0.949803
0.945705
0.941101
0.936908
0.933559
0.931082
0.92952
0.928862
0.929235
0.930363
0.932252
0.899782
0.899828
0.900686
0.901062
0.901559
0.901717
0.901917
0.902
0.902106
0.90219
0.902274
0.902344
0.902351
0.902303
0.902245
0.902188
0.902111
0.902055
0.901879
0.901743
0.901261
0.900894
0.900041
0.899994
0.653211
0.653286
0.653078
0.653324
0.653605
0.653895
0.654126
0.654372
0.654622
0.654919
0.655166
0.655395
0.655359
0.655058
0.654745
0.654389
0.654084
0.653788
0.653509
0.653173
0.652854
0.652578
0.652764
0.652675
0.873428
0.873288
0.873724
0.873988
0.874426
0.874719
0.875031
0.875246
0.87545
0.8756
0.875717
0.875783
0.87579
0.875738
0.875639
0.875509
0.875327
0.875134
0.874844
0.874569
0.874147
0.873894
0.873465
0.873603
0.940311
0.940822
0.942658
0.944858
0.947614
0.950431
0.95327
0.955918
0.958298
0.960266
0.961735
0.962588
0.962777
0.962273
0.961174
0.959526
0.957432
0.955003
0.952332
0.9496
0.946902
0.944699
0.942824
0.942648
0.923955
0.923416
0.923283
0.923872
0.925029
0.926451
0.928047
0.929607
0.931069
0.932288
0.933204
0.933728
0.933819
0.933472
0.93275
0.931723
0.930457
0.929089
0.927692
0.926455
0.925534
0.925119
0.925607
0.926125
0.930175
0.929388
0.929466
0.930433
0.932087
0.934034
0.936142
0.938172
0.940042
0.941591
0.942743
0.943395
0.9435
0.943045
0.942114
0.940779
0.939125
0.937296
0.935393
0.933619
0.932202
0.931386
0.931713
0.932531
0.899112
0.899258
0.900268
0.900668
0.901168
0.901274
0.901426
0.901456
0.901521
0.901572
0.901634
0.901698
0.901705
0.901664
0.901629
0.901606
0.90157
0.901567
0.901438
0.901354
0.900867
0.900476
0.89947
0.89932
0.984213
0.983305
0.98295
0.982207
0.981149
0.979937
0.978672
0.977488
0.9765
0.975802
0.975395
0.975302
0.975309
0.97543
0.975877
0.976614
0.977639
0.978855
0.980148
0.981379
0.982452
0.98321
0.983576
0.984487
0.928277
0.929144
0.930413
0.931034
0.931561
0.931735
0.931891
0.931934
0.931985
0.93203
0.932077
0.932131
0.932142
0.932115
0.932098
0.932085
0.932067
0.932053
0.931925
0.931775
0.931267
0.930659
0.929397
0.928529
0.565746
0.564728
0.563186
0.56188
0.560606
0.559534
0.558605
0.557873
0.557296
0.556913
0.556684
0.556648
0.556747
0.556976
0.557388
0.557939
0.558665
0.559529
0.560567
0.561727
0.563066
0.564414
0.565976
0.566993
0.702312
0.701561
0.701954
0.70233
0.702559
0.702475
0.702238
0.701913
0.70159
0.701312
0.701104
0.700979
0.70094
0.700989
0.701124
0.701334
0.701592
0.701856
0.702035
0.702069
0.701796
0.701387
0.700969
0.701724
0.961975
0.96118
0.960706
0.960522
0.960248
0.959909
0.959532
0.959185
0.95892
0.958773
0.95872
0.95874
0.958747
0.958747
0.958826
0.959002
0.959298
0.959677
0.960083
0.960447
0.96074
0.960939
0.961423
0.962222
0.986032
0.984101
0.983869
0.983462
0.983444
0.983302
0.983394
0.983683
0.984382
0.985419
0.986975
0.989374
0.991933
0.994414
0.995919
0.996922
0.996617
0.994774
0.992715
0.991243
0.989975
0.98941
0.988933
0.991114
0.769236
0.769493
0.769466
0.76939
0.769298
0.769214
0.769135
0.769064
0.769
0.768948
0.76891
0.768892
0.768894
0.76892
0.768969
0.769036
0.769117
0.769209
0.769308
0.769413
0.769522
0.769611
0.769646
0.769391
0.949604
0.950239
0.951103
0.951782
0.952431
0.952936
0.953383
0.953748
0.954052
0.95429
0.95446
0.954559
0.954573
0.954502
0.954362
0.954156
0.953884
0.953552
0.953136
0.952661
0.952038
0.951381
0.950531
0.949902
0.858406
0.858136
0.857962
0.85772
0.857634
0.857571
0.857631
0.857706
0.857832
0.857946
0.858053
0.858122
0.858151
0.858141
0.858095
0.858045
0.857984
0.857975
0.857982
0.858109
0.858254
0.858548
0.85876
0.859045
0.929187
0.929369
0.930171
0.931036
0.931937
0.932653
0.933243
0.933715
0.934098
0.934389
0.934592
0.934703
0.934714
0.934626
0.934449
0.934185
0.933831
0.933389
0.932829
0.932138
0.931264
0.930422
0.92964
0.929473
0.846067
0.845517
0.845364
0.84517
0.845235
0.845214
0.8453
0.845332
0.845418
0.845484
0.845562
0.845612
0.845625
0.845603
0.845557
0.845525
0.845476
0.84548
0.84543
0.845485
0.84545
0.845668
0.845836
0.846384
0.910343
0.909429
0.908821
0.908689
0.909087
0.909739
0.910626
0.911534
0.912437
0.913196
0.913781
0.914118
0.914189
0.913992
0.913553
0.912947
0.912204
0.911463
0.910753
0.910284
0.910098
0.910416
0.911297
0.912158
0.568563
0.567292
0.565547
0.564122
0.562785
0.561694
0.56077
0.560046
0.559475
0.559093
0.558865
0.558837
0.558939
0.559164
0.559579
0.560132
0.560854
0.56171
0.562743
0.56392
0.56532
0.566786
0.568552
0.569824
0.903525
0.903841
0.90448
0.905129
0.905814
0.906405
0.906924
0.907333
0.907652
0.907897
0.908069
0.908162
0.908175
0.90811
0.907966
0.907751
0.907464
0.907087
0.906602
0.906046
0.905394
0.904775
0.904154
0.903844
0.860073
0.859678
0.859474
0.859312
0.859257
0.859267
0.859361
0.859491
0.859647
0.859794
0.859919
0.860004
0.860045
0.860042
0.86
0.859936
0.859863
0.859816
0.859804
0.859874
0.860003
0.86023
0.860481
0.860896
0.885009
0.885103
0.885801
0.88618
0.886675
0.886924
0.887202
0.887368
0.887534
0.887654
0.887751
0.887814
0.887822
0.887779
0.887703
0.887606
0.887465
0.887323
0.887067
0.886839
0.886359
0.885992
0.885298
0.885201
0.861251
0.86063
0.860234
0.859902
0.859733
0.859664
0.859722
0.859833
0.859986
0.860131
0.860255
0.860336
0.860374
0.860368
0.860319
0.86025
0.860172
0.860137
0.860154
0.860296
0.860533
0.860922
0.861363
0.862005
0.923026
0.922711
0.922806
0.923045
0.923422
0.923819
0.924225
0.924588
0.924913
0.925169
0.925341
0.925436
0.925449
0.925382
0.925238
0.925012
0.924718
0.924386
0.924011
0.923645
0.923296
0.923081
0.923001
0.92332
0.932318
0.932056
0.932805
0.934143
0.936074
0.938213
0.940461
0.942604
0.944554
0.946165
0.947359
0.948041
0.948172
0.947739
0.946809
0.945442
0.943727
0.941788
0.939732
0.937738
0.93599
0.934745
0.934262
0.934535
0.848902
0.847712
0.847632
0.84739
0.847513
0.847459
0.847521
0.847491
0.84752
0.847529
0.847559
0.847581
0.847589
0.847587
0.847581
0.847595
0.84759
0.847645
0.847605
0.847677
0.847565
0.847816
0.847898
0.849087
0.925173
0.925242
0.926418
0.926863
0.927323
0.927394
0.927519
0.927563
0.927628
0.927689
0.927758
0.927841
0.927849
0.927793
0.927756
0.927728
0.927696
0.927683
0.927588
0.927541
0.927097
0.926663
0.925492
0.925422
0.905325
0.902661
0.900378
0.89886
0.89772
0.896805
0.896097
0.89559
0.895278
0.895136
0.895128
0.895242
0.895244
0.89514
0.895172
0.895344
0.895696
0.896237
0.896978
0.897916
0.899076
0.9006
0.902882
0.905568
0.837365
0.836923
0.836951
0.836923
0.837016
0.837056
0.837151
0.837224
0.837333
0.837417
0.837486
0.837524
0.837532
0.837512
0.837461
0.837398
0.83731
0.837261
0.837187
0.837165
0.837086
0.837122
0.837094
0.837532
0.566036
0.565117
0.563113
0.561192
0.559431
0.557913
0.556599
0.555467
0.5545
0.553721
0.553175
0.55293
0.553055
0.553545
0.554321
0.555311
0.556463
0.55775
0.559189
0.560804
0.562635
0.564603
0.566637
0.567554
0.53367
0.532397
0.530337
0.528014
0.525708
0.523542
0.521581
0.519866
0.518427
0.517306
0.516548
0.516206
0.516321
0.516889
0.517863
0.519183
0.5208
0.522669
0.524756
0.527025
0.529404
0.53179
0.533894
0.53519
0.844257
0.84431
0.844655
0.844937
0.845276
0.845521
0.845764
0.845939
0.846096
0.846209
0.846293
0.846336
0.846343
0.846312
0.846243
0.846147
0.846009
0.845854
0.845632
0.845407
0.845087
0.844818
0.844478
0.844417
0.935083
0.933864
0.932568
0.931843
0.931237
0.930688
0.930171
0.929718
0.929346
0.929077
0.928933
0.928908
0.928913
0.92895
0.929114
0.92941
0.929814
0.9303
0.93085
0.931428
0.932056
0.932797
0.934108
0.935348
0.894997
0.894461
0.89518
0.895508
0.896089
0.89625
0.89645
0.896503
0.896587
0.896649
0.896721
0.896794
0.8968
0.896749
0.896704
0.89667
0.896615
0.896589
0.896411
0.896272
0.895702
0.895382
0.894665
0.8952
0.854236
0.854216
0.855281
0.855438
0.85557
0.855377
0.85529
0.855135
0.855063
0.854997
0.854983
0.854992
0.855
0.855011
0.855049
0.85514
0.855236
0.855416
0.855523
0.855735
0.855614
0.855463
0.854394
0.854405
0.510211
0.50905
0.507384
0.505408
0.503441
0.501548
0.499792
0.498239
0.496953
0.495977
0.495338
0.495051
0.495118
0.49554
0.496316
0.497428
0.498847
0.500525
0.502399
0.5044
0.506469
0.508541
0.510279
0.511489
0.763879
0.763913
0.763828
0.76374
0.763658
0.763589
0.763522
0.763459
0.763402
0.763356
0.763326
0.763314
0.763319
0.763343
0.76339
0.763455
0.763533
0.763619
0.76371
0.763803
0.763907
0.764012
0.764109
0.764073
0.973274
0.975303
0.976935
0.977311
0.977151
0.97664
0.976112
0.975599
0.975182
0.974899
0.974742
0.974754
0.974766
0.974793
0.974997
0.975325
0.975785
0.976335
0.976893
0.977427
0.977603
0.97724
0.975616
0.973584
0.849732
0.84915
0.849429
0.849616
0.84998
0.850175
0.850403
0.85054
0.850684
0.850788
0.85088
0.850934
0.850939
0.850897
0.850822
0.850736
0.850612
0.850496
0.850289
0.850113
0.849765
0.849587
0.849312
0.849887
0.926995
0.926343
0.926247
0.926993
0.92837
0.930037
0.931877
0.933658
0.93531
0.936679
0.9377
0.938277
0.938375
0.937982
0.937165
0.935996
0.934548
0.932962
0.931326
0.929841
0.92871
0.928139
0.928621
0.929273
0.797129
0.797086
0.796988
0.796947
0.796972
0.797042
0.797136
0.797235
0.797329
0.797407
0.797462
0.797487
0.797474
0.797427
0.797354
0.79726
0.797153
0.797042
0.796941
0.796865
0.79684
0.796885
0.796991
0.797032
0.77181
0.772177
0.772454
0.772528
0.772597
0.772624
0.772653
0.772679
0.772708
0.772736
0.772761
0.772779
0.77279
0.772792
0.772788
0.77278
0.772769
0.772759
0.772742
0.772724
0.772663
0.772593
0.772323
0.771966
0.499559
0.500207
0.501185
0.50219
0.503292
0.504276
0.505167
0.505914
0.506524
0.50701
0.507364
0.507553
0.507487
0.507174
0.506705
0.506116
0.505412
0.504584
0.503624
0.502581
0.501429
0.500376
0.499367
0.49867
0.591902
0.589785
0.588353
0.58663
0.585185
0.583904
0.582995
0.582329
0.581919
0.581695
0.581594
0.581538
0.581527
0.581561
0.581642
0.58185
0.582248
0.582908
0.583817
0.585096
0.586531
0.588237
0.589642
0.591736
0.697523
0.69607
0.694876
0.694433
0.694499
0.694938
0.695543
0.696147
0.696678
0.697099
0.697374
0.697503
0.697488
0.697328
0.69702
0.696566
0.696005
0.695375
0.694746
0.694289
0.694175
0.694595
0.695768
0.697211
0.955743
0.95745
0.961555
0.965432
0.969774
0.973753
0.977592
0.981027
0.984061
0.98654
0.988419
0.989507
0.99002
0.989704
0.988639
0.986715
0.98412
0.980943
0.977181
0.973126
0.968449
0.964206
0.959304
0.957446
0.895592
0.895916
0.896886
0.897273
0.897774
0.897876
0.898023
0.898048
0.898107
0.898155
0.898218
0.898284
0.898291
0.898246
0.89821
0.898191
0.898159
0.898161
0.898037
0.897955
0.897468
0.89709
0.896123
0.895796
1.02175
1.01314
1.01108
1.00594
1.00034
0.994921
0.990614
0.9884
0.989095
0.993006
0.999729
1.0079
1.0163
1.01996
1.01547
1.00673
0.999106
0.993823
0.992255
0.994113
0.998521
1.0038
1.00822
1.01332
0.888277
0.887806
0.887671
0.887765
0.888109
0.888605
0.8892
0.889814
0.8904
0.890905
0.891293
0.89153
0.891601
0.891507
0.891263
0.890901
0.890456
0.889982
0.889523
0.889162
0.888951
0.888979
0.88923
0.889761
0.869193
0.869804
0.870646
0.87136
0.871967
0.87245
0.872864
0.87319
0.873447
0.87364
0.873772
0.873842
0.873852
0.873805
0.873695
0.873527
0.873296
0.872999
0.872614
0.872163
0.871586
0.8709
0.870078
0.869473
0.819966
0.818942
0.8181
0.817654
0.817461
0.817382
0.817433
0.817526
0.817647
0.817734
0.81779
0.817819
0.817823
0.817801
0.817752
0.817673
0.817559
0.817474
0.817432
0.817521
0.817724
0.818181
0.819027
0.820055
0.936662
0.944731
0.953221
0.9555
0.953022
0.94549
0.933552
0.918486
0.902334
0.888203
0.879568
0.877489
0.884585
0.88701
0.880922
0.881514
0.89055
0.905085
0.921249
0.934822
0.943201
0.945682
0.942275
0.935279
0.871485
0.871832
0.872733
0.873172
0.873683
0.873914
0.874158
0.874286
0.874426
0.874528
0.874621
0.874683
0.874688
0.874641
0.874567
0.874486
0.87437
0.874264
0.874042
0.873831
0.873334
0.872906
0.872009
0.871654
0.944784
0.945948
0.948808
0.951821
0.955329
0.958703
0.962028
0.965084
0.967827
0.970105
0.971826
0.972832
0.973086
0.972514
0.97127
0.969378
0.966967
0.964143
0.960963
0.957622
0.954034
0.950923
0.947652
0.946792
0.670992
0.665187
0.662397
0.663099
0.664957
0.667221
0.669376
0.671223
0.672651
0.673662
0.674288
0.674587
0.674682
0.674561
0.674103
0.673243
0.671948
0.670221
0.668168
0.665989
0.664196
0.663533
0.666304
0.672005
0.891128
0.889977
0.890695
0.891035
0.891656
0.891794
0.891966
0.891984
0.892044
0.892089
0.892151
0.892222
0.892228
0.892179
0.892144
0.892128
0.892096
0.892104
0.891956
0.891839
0.891228
0.890896
0.890179
0.891328
0.971119
0.969639
0.972061
0.974646
0.977912
0.980935
0.984057
0.98673
0.989094
0.991869
0.995177
0.997364
0.998399
0.999117
0.995429
0.993805
0.992324
0.989821
0.986564
0.983171
0.979378
0.976257
0.973263
0.974992
0.948469
0.950198
0.951889
0.952589
0.95299
0.9529
0.952787
0.952618
0.952505
0.952454
0.952462
0.952547
0.952555
0.952501
0.952533
0.952623
0.952775
0.952978
0.953121
0.953234
0.95285
0.952161
0.950475
0.948743
0.942664
0.942334
0.94237
0.94267
0.943622
0.945154
0.947356
0.950141
0.953433
0.956985
0.960414
0.963285
0.964931
0.965154
0.963365
0.960223
0.956375
0.952494
0.948915
0.945943
0.943617
0.942118
0.94103
0.941084
0.724834
0.724802
0.724717
0.724666
0.724611
0.724561
0.724515
0.724479
0.724453
0.72444
0.724439
0.724452
0.724477
0.724513
0.724562
0.724622
0.724695
0.724777
0.724867
0.724959
0.725053
0.725138
0.725248
0.725297
0.995737
0.992663
0.987731
0.982497
0.977555
0.972813
0.968366
0.964419
0.961745
0.96166
0.964673
0.969376
0.974783
0.976098
0.973029
0.969107
0.965697
0.965133
0.967781
0.972003
0.976913
0.982354
0.987222
0.990998
0.942746
0.944328
0.946415
0.948596
0.951159
0.953759
0.956383
0.958826
0.961066
0.96301
0.964568
0.965603
0.966063
0.965871
0.965096
0.963724
0.961865
0.959613
0.956996
0.954253
0.951413
0.948912
0.946362
0.944574
0.841831
0.842087
0.842603
0.843034
0.843425
0.843706
0.843947
0.844118
0.844257
0.844356
0.844427
0.844464
0.844471
0.844449
0.844394
0.844314
0.844194
0.844044
0.843827
0.843568
0.843199
0.842785
0.842275
0.842009
0.967522
0.968623
0.970083
0.970679
0.97093
0.970845
0.970687
0.970483
0.970322
0.970233
0.970209
0.970262
0.970273
0.970254
0.970319
0.970448
0.970649
0.97089
0.97108
0.97119
0.970959
0.970377
0.968924
0.967821
0.890224
0.890401
0.891225
0.891933
0.892825
0.893859
0.895021
0.896276
0.897571
0.898827
0.899936
0.900753
0.901143
0.901023
0.900368
0.89926
0.897857
0.896299
0.8947
0.893143
0.891665
0.890338
0.888843
0.88832
0.540174
0.539264
0.537879
0.536469
0.535036
0.533729
0.532557
0.53157
0.530758
0.530162
0.52977
0.529631
0.529728
0.530057
0.530629
0.531395
0.532362
0.533485
0.534775
0.536177
0.537685
0.539149
0.540568
0.541491
0.495557
0.495121
0.495147
0.495658
0.496694
0.498102
0.499712
0.501387
0.502926
0.504166
0.505
0.505373
0.505321
0.50483
0.503878
0.502545
0.500941
0.49923
0.497599
0.496148
0.49511
0.494599
0.494581
0.495051
0.502803
0.502174
0.501729
0.50155
0.501552
0.5017
0.501891
0.50212
0.502338
0.50257
0.502738
0.502875
0.502889
0.502774
0.502629
0.50243
0.502251
0.50207
0.501927
0.501827
0.501864
0.50207
0.502539
0.503185
0.868266
0.867574
0.867167
0.866759
0.86667
0.866584
0.866683
0.866776
0.866949
0.867097
0.867242
0.867333
0.867361
0.867331
0.867252
0.867174
0.867078
0.867063
0.867042
0.867205
0.867368
0.867845
0.868306
0.869023
0.48608
0.485154
0.483676
0.481769
0.479828
0.478082
0.476615
0.475432
0.474529
0.473895
0.473508
0.47334
0.47336
0.473574
0.47402
0.474727
0.475722
0.477016
0.478622
0.480509
0.48258
0.484595
0.486155
0.487156
0.987962
0.988339
0.989237
0.988381
0.986816
0.98507
0.983322
0.981773
0.980542
0.979722
0.979228
0.979183
0.979186
0.979264
0.979807
0.98067
0.98194
0.983518
0.985288
0.987046
0.988621
0.989488
0.988591
0.988205
0.903592
0.902597
0.901895
0.901554
0.901729
0.902142
0.902801
0.903496
0.904212
0.904817
0.905292
0.905567
0.905631
0.905484
0.905141
0.904674
0.904104
0.903563
0.903066
0.902823
0.902833
0.903345
0.904237
0.905267
0.63893
0.639804
0.639643
0.639786
0.640015
0.640407
0.640777
0.641148
0.641462
0.64178
0.64201
0.642226
0.642192
0.641911
0.64162
0.641249
0.640885
0.640469
0.640057
0.63963
0.639365
0.639191
0.639318
0.638427
0.955133
0.957171
0.961479
0.965543
0.97011
0.974333
0.978438
0.982163
0.985446
0.988142
0.990181
0.991343
0.991801
0.991316
0.990066
0.987892
0.985037
0.98158
0.977577
0.973304
0.968429
0.964021
0.958906
0.956671
0.84833
0.848187
0.848225
0.848262
0.848351
0.848471
0.848627
0.848796
0.848965
0.849118
0.849241
0.849325
0.849363
0.849355
0.849306
0.849224
0.849121
0.849012
0.848912
0.848841
0.848798
0.848811
0.848805
0.848947
0.841343
0.842275
0.842935
0.843063
0.843227
0.843192
0.843215
0.843183
0.843212
0.843233
0.843276
0.843307
0.843316
0.843305
0.843286
0.843291
0.843288
0.843348
0.84335
0.843408
0.843261
0.843147
0.842491
0.841548
0.830645
0.83063
0.830899
0.831068
0.831263
0.831372
0.831478
0.831541
0.831598
0.831638
0.831673
0.831694
0.831703
0.831701
0.831686
0.831668
0.831633
0.831593
0.831511
0.831423
0.831246
0.831087
0.830817
0.830817
0.851422
0.850539
0.851094
0.850934
0.850933
0.850695
0.850596
0.85043
0.850356
0.85028
0.850255
0.850253
0.850263
0.850288
0.850341
0.850442
0.850543
0.850733
0.850853
0.851109
0.851119
0.851286
0.850728
0.851607
0.992219
0.990496
0.986808
0.982317
0.978114
0.974291
0.97091
0.967583
0.96525
0.964274
0.968075
0.972948
0.976079
0.977426
0.976901
0.973139
0.967527
0.966459
0.969409
0.974166
0.97864
0.983352
0.987118
0.989669
0.926458
0.925557
0.924103
0.923315
0.922825
0.922503
0.922274
0.922123
0.922044
0.922031
0.922067
0.922129
0.922137
0.922091
0.922079
0.922121
0.922236
0.922424
0.922688
0.92304
0.923552
0.924356
0.92582
0.926712
0.788863
0.788445
0.788292
0.788136
0.788043
0.787903
0.787743
0.787576
0.787424
0.787303
0.787222
0.787189
0.787206
0.787272
0.787386
0.787542
0.787732
0.78794
0.788143
0.788328
0.788462
0.78865
0.788821
0.789239
0.990463
0.987825
0.984175
0.979979
0.976166
0.972669
0.969529
0.966364
0.963246
0.964174
0.967891
0.973892
0.97801
0.980193
0.980472
0.977586
0.972488
0.969705
0.971111
0.974947
0.978721
0.982964
0.986521
0.989934
0.672764
0.673324
0.685205
0.694031
0.701573
0.706965
0.711043
0.714092
0.716449
0.718278
0.719623
0.720294
0.720352
0.71983
0.718624
0.716933
0.71471
0.711792
0.707843
0.702571
0.695136
0.686394
0.674576
0.673999
0.959705
0.960008
0.960415
0.960802
0.961171
0.961463
0.9617
0.961882
0.962025
0.96214
0.962233
0.962294
0.962307
0.962272
0.962208
0.962123
0.962013
0.961865
0.961659
0.961397
0.961053
0.960688
0.960296
0.960001
0.59945
0.598041
0.595744
0.594119
0.592868
0.592085
0.591563
0.59123
0.590975
0.590789
0.590653
0.590624
0.590735
0.590981
0.591318
0.591687
0.592101
0.592569
0.593199
0.594063
0.59537
0.597021
0.599323
0.600711
0.524908
0.525318
0.525665
0.526525
0.527424
0.528351
0.529176
0.529957
0.530648
0.531297
0.531783
0.532142
0.532121
0.531717
0.531195
0.530519
0.529811
0.529023
0.528197
0.527278
0.526386
0.525536
0.52519
0.524792
0.988745
0.989604
0.990936
0.990856
0.990331
0.989583
0.988812
0.988069
0.987441
0.986986
0.986718
0.986703
0.986715
0.986772
0.98709
0.987593
0.988266
0.989048
0.98985
0.990622
0.991165
0.991261
0.989935
0.989065
0.552105
0.551138
0.549438
0.547719
0.546022
0.544509
0.543178
0.542057
0.541124
0.54041
0.539925
0.539725
0.539837
0.54026
0.540954
0.541861
0.542965
0.544234
0.545687
0.547296
0.549065
0.550829
0.552552
0.553511
0.731789
0.730766
0.729206
0.728242
0.72757
0.72715
0.726833
0.72664
0.726543
0.726563
0.726625
0.726745
0.726732
0.726585
0.726501
0.72646
0.726538
0.726712
0.727
0.727395
0.728014
0.728947
0.730468
0.731515
1.01181
1.00462
0.999248
0.992763
0.98656
0.981645
0.978561
0.977521
0.97881
0.982731
0.988868
0.996242
1.00411
1.0074
1.00242
0.994633
0.987897
0.983076
0.980985
0.982196
0.986128
0.992327
0.99944
1.00438
0.675279
0.672092
0.68299
0.69085
0.69789
0.703113
0.707156
0.710217
0.712546
0.714271
0.71546
0.716022
0.716088
0.715677
0.714632
0.713044
0.710845
0.707909
0.703987
0.698878
0.691944
0.684173
0.673328
0.67656
0.869086
0.868623
0.869223
0.869491
0.869967
0.870158
0.870391
0.870492
0.870618
0.870705
0.870789
0.870847
0.870852
0.87081
0.870745
0.87068
0.870578
0.870499
0.870289
0.870116
0.869653
0.869393
0.868796
0.869253
0.903837
0.902926
0.902247
0.90192
0.902108
0.902506
0.903143
0.903809
0.904502
0.905088
0.90555
0.905818
0.90588
0.905736
0.905405
0.904956
0.904408
0.903896
0.903423
0.903196
0.903194
0.903697
0.904577
0.905525
0.958546
0.957835
0.95793
0.958278
0.959147
0.960385
0.962103
0.964371
0.967239
0.970524
0.973914
0.976979
0.979073
0.979912
0.978588
0.976125
0.972758
0.969277
0.966066
0.963317
0.961011
0.959513
0.958585
0.959307
0.950004
0.951683
0.955466
0.959107
0.963214
0.96706
0.970822
0.974256
0.977344
0.979904
0.981852
0.98299
0.983333
0.982725
0.981392
0.979289
0.976584
0.973401
0.96976
0.965903
0.961583
0.957717
0.953282
0.951554
0.802368
0.801423
0.802264
0.80389
0.805759
0.807411
0.808619
0.809396
0.809859
0.810124
0.810265
0.810318
0.810283
0.810165
0.809969
0.809663
0.809175
0.80839
0.807183
0.80553
0.803649
0.802002
0.801148
0.80206
0.797311
0.796856
0.796478
0.796762
0.797266
0.7978
0.798313
0.798759
0.799116
0.79938
0.799548
0.799622
0.799596
0.799471
0.799251
0.798936
0.798524
0.798018
0.797435
0.796821
0.796227
0.795871
0.796265
0.796783
0.514569
0.514815
0.515603
0.516993
0.518764
0.520723
0.522702
0.524563
0.526174
0.527442
0.52829
0.528667
0.528585
0.528033
0.527009
0.525584
0.523831
0.521849
0.519765
0.517717
0.515884
0.514465
0.513687
0.513488
0.892603
0.892773
0.893662
0.894074
0.894593
0.894782
0.895004
0.895101
0.895214
0.895298
0.895379
0.895443
0.89545
0.895407
0.89535
0.895292
0.895205
0.895135
0.894935
0.894767
0.894262
0.893861
0.892975
0.892802
0.929594
0.929102
0.929424
0.93047
0.932129
0.934037
0.936085
0.938051
0.939859
0.941357
0.942472
0.943105
0.943216
0.942792
0.941907
0.940627
0.939038
0.937271
0.935424
0.933682
0.932246
0.931332
0.931355
0.931842
0.853184
0.852874
0.853615
0.853743
0.853969
0.853874
0.853861
0.853756
0.853721
0.853682
0.853683
0.853695
0.853703
0.85371
0.853731
0.853794
0.853852
0.853981
0.854015
0.854129
0.853915
0.853794
0.853052
0.853354
0.897689
0.896777
0.896067
0.895649
0.895708
0.895952
0.896429
0.896938
0.897493
0.897967
0.898348
0.898572
0.898627
0.898515
0.898253
0.897904
0.897483
0.897115
0.896787
0.896698
0.8968
0.897376
0.898241
0.899218
0.834155
0.834819
0.83508
0.835227
0.83545
0.835735
0.836053
0.836355
0.836624
0.836839
0.836991
0.837073
0.837085
0.837027
0.836899
0.836707
0.836459
0.836178
0.835878
0.835606
0.835391
0.835254
0.834996
0.834345
0.665011
0.664022
0.663803
0.663636
0.66349
0.66323
0.66296
0.662674
0.662411
0.662179
0.661996
0.661888
0.661845
0.661866
0.661964
0.662114
0.662296
0.662504
0.662699
0.662889
0.662976
0.663095
0.663287
0.664284
0.93128
0.929616
0.929816
0.93102
0.933017
0.935275
0.937663
0.93994
0.942028
0.943762
0.945056
0.945789
0.945897
0.945362
0.944297
0.942784
0.940922
0.938851
0.936672
0.934581
0.932824
0.931756
0.932035
0.933806
0.903845
0.904042
0.905028
0.905471
0.905974
0.906116
0.90631
0.90639
0.906491
0.906571
0.90665
0.906719
0.906727
0.906681
0.906629
0.906577
0.906505
0.906452
0.906284
0.906163
0.905676
0.905243
0.904261
0.904061
0.903401
0.902772
0.90232
0.902251
0.902632
0.903246
0.904044
0.90487
0.90568
0.906372
0.906904
0.907217
0.907288
0.907116
0.906732
0.906192
0.905536
0.904869
0.904234
0.903785
0.903579
0.903803
0.904418
0.90507
0.906678
0.906574
0.907499
0.907941
0.908491
0.908625
0.90879
0.908827
0.908892
0.908947
0.909013
0.909085
0.909093
0.909045
0.909008
0.908983
0.908948
0.90894
0.9088
0.908687
0.908151
0.907718
0.906797
0.906899
1.01612
1.01483
1.01029
1.00397
0.996087
0.986695
0.976194
0.965577
0.956961
0.954211
0.955688
0.960095
0.966623
0.968556
0.963885
0.959757
0.957977
0.959784
0.968991
0.980484
0.991328
1.00039
1.00648
1.0088
0.974438
0.973617
0.976084
0.978524
0.981523
0.984173
0.986601
0.988562
0.990455
0.993144
0.995926
0.997606
0.998871
0.999837
0.997593
0.995733
0.994789
0.992966
0.990349
0.987321
0.983742
0.980701
0.977615
0.978642
0.907259
0.906849
0.906804
0.907136
0.907826
0.908722
0.909739
0.910758
0.911715
0.912527
0.913143
0.913511
0.91361
0.913437
0.913018
0.912394
0.911617
0.910767
0.90991
0.909162
0.908621
0.908414
0.908596
0.908995
0.867948
0.868474
0.8692
0.869817
0.870375
0.870818
0.871205
0.871509
0.871756
0.871938
0.872062
0.872126
0.872136
0.872091
0.871986
0.871827
0.871603
0.871323
0.870962
0.870545
0.870014
0.869421
0.868714
0.868193
0.825736
0.824367
0.822483
0.82057
0.818845
0.817293
0.815977
0.814967
0.814283
0.813965
0.813852
0.813986
0.813982
0.813852
0.813975
0.814305
0.814998
0.816015
0.817335
0.818891
0.820628
0.822545
0.82442
0.825773
0.920428
0.919804
0.919487
0.919847
0.920771
0.921971
0.923367
0.924743
0.926046
0.927131
0.927949
0.928415
0.928502
0.928202
0.927564
0.926659
0.925542
0.924351
0.92315
0.922139
0.921452
0.921271
0.921927
0.92251
0.920554
0.920053
0.919784
0.920156
0.921056
0.922207
0.923551
0.924877
0.926141
0.927195
0.927993
0.928448
0.928532
0.928237
0.927616
0.926739
0.92566
0.924518
0.92337
0.922411
0.921753
0.921574
0.922188
0.922674
0.897666
0.897005
0.896615
0.896539
0.89675
0.897173
0.897764
0.898408
0.899046
0.899598
0.900022
0.900275
0.900348
0.900241
0.899965
0.899559
0.899067
0.898568
0.898124
0.897846
0.897781
0.897991
0.898505
0.89921
0.867096
0.867471
0.868008
0.868454
0.868909
0.869281
0.86963
0.869906
0.87014
0.870315
0.870441
0.870507
0.870516
0.870468
0.870362
0.870208
0.869996
0.869743
0.869417
0.869068
0.868631
0.868201
0.867674
0.8673
0.924164
0.924004
0.924442
0.92539
0.926768
0.928329
0.929978
0.931573
0.933034
0.934262
0.935186
0.935734
0.935869
0.935588
0.934931
0.93395
0.932713
0.931313
0.929836
0.928416
0.927184
0.926354
0.926127
0.926237
0.850158
0.849737
0.85013
0.850126
0.850316
0.850278
0.850325
0.85029
0.850312
0.85032
0.850353
0.850384
0.85039
0.850378
0.850366
0.85038
0.850383
0.850441
0.850415
0.850472
0.850294
0.850306
0.849913
0.850327
0.835185
0.834707
0.834283
0.833877
0.833613
0.833446
0.833372
0.83336
0.83339
0.833439
0.833494
0.833542
0.833579
0.833603
0.83362
0.833638
0.833673
0.833746
0.833876
0.834094
0.834406
0.834852
0.835307
0.83578
0.485476
0.483967
0.482545
0.480986
0.479534
0.478233
0.47715
0.476331
0.475766
0.475397
0.475178
0.475085
0.475122
0.475284
0.475574
0.476027
0.476689
0.477613
0.478781
0.480169
0.481706
0.483344
0.484845
0.48644
0.822005
0.821908
0.822085
0.822394
0.822738
0.823
0.823169
0.823249
0.82328
0.823284
0.823281
0.823279
0.823284
0.823296
0.82331
0.823318
0.823302
0.823241
0.823091
0.822849
0.822522
0.822228
0.822055
0.822167
1.04799
1.05351
1.06328
1.06463
1.05519
1.03816
1.019
1.00195
0.990218
0.986186
0.990629
1.00303
1.02235
1.03071
1.02019
1.00369
0.997142
1.0008
1.01424
1.03327
1.0497
1.05537
1.05059
1.04569
0.468571
0.468614
0.468944
0.46942
0.470117
0.470992
0.471912
0.472724
0.473403
0.473944
0.474318
0.474497
0.474446
0.474169
0.473705
0.473086
0.472334
0.471465
0.470541
0.469665
0.468967
0.468467
0.468184
0.468066
0.818605
0.818183
0.818083
0.81803
0.81806
0.81806
0.818024
0.817942
0.817838
0.817737
0.817661
0.817626
0.817642
0.817709
0.81782
0.817961
0.818108
0.818237
0.818324
0.818375
0.818392
0.81848
0.818604
0.81903
0.843216
0.842785
0.842796
0.842755
0.842807
0.842803
0.842859
0.8429
0.842974
0.843038
0.843101
0.843142
0.843158
0.84315
0.843121
0.843094
0.843057
0.843053
0.843034
0.843074
0.843054
0.843119
0.84312
0.843547
0.913965
0.913989
0.914538
0.91526
0.916059
0.91671
0.917248
0.917708
0.918113
0.918418
0.918627
0.918741
0.918752
0.91866
0.918475
0.918197
0.917819
0.917388
0.916877
0.916245
0.915471
0.914772
0.914243
0.914236
0.878249
0.877798
0.877631
0.877611
0.877783
0.87803
0.878371
0.878726
0.879092
0.879413
0.87967
0.879829
0.879874
0.87981
0.87965
0.879431
0.87917
0.878923
0.878694
0.878559
0.878497
0.878616
0.878864
0.879357
0.991501
0.986614
0.97873
0.972624
0.968529
0.965857
0.964739
0.965359
0.968549
0.973274
0.978589
0.983608
0.98762
0.98947
0.986951
0.983763
0.979177
0.97496
0.973242
0.974828
0.979101
0.984486
0.98923
0.991275
0.47557
0.475964
0.477152
0.479029
0.481166
0.48331
0.485302
0.487035
0.488377
0.489316
0.489916
0.490191
0.490107
0.489667
0.488909
0.487815
0.486325
0.484457
0.482341
0.480119
0.47797
0.476191
0.47518
0.474949
0.853815
0.853385
0.853397
0.853377
0.853506
0.853628
0.853816
0.853966
0.854114
0.85422
0.854297
0.854336
0.854344
0.854324
0.854264
0.854177
0.854048
0.853916
0.853746
0.853642
0.853525
0.853552
0.853544
0.853973
0.508842
0.509369
0.509479
0.50929
0.50878
0.508059
0.507265
0.506499
0.505846
0.505351
0.505009
0.504828
0.504818
0.504994
0.505352
0.505876
0.506574
0.507395
0.508252
0.509043
0.50962
0.509861
0.509779
0.509264
0.852985
0.852432
0.852626
0.852433
0.852578
0.852447
0.852438
0.852331
0.8523
0.852259
0.852251
0.852257
0.852265
0.852282
0.852314
0.852379
0.852435
0.852565
0.852596
0.852742
0.852607
0.852807
0.852613
0.853165
0.883034
0.882889
0.882798
0.882592
0.882578
0.882538
0.882657
0.88279
0.883012
0.883213
0.883408
0.883538
0.883574
0.883528
0.883425
0.88332
0.883201
0.883176
0.883169
0.883329
0.883451
0.883763
0.883946
0.884141
0.991113
0.988843
0.985627
0.981594
0.977781
0.974142
0.971083
0.96845
0.965746
0.965806
0.969133
0.975053
0.979419
0.982279
0.98353
0.982083
0.97836
0.976579
0.976949
0.979316
0.982399
0.986205
0.989203
0.992191
0.585141
0.585241
0.586246
0.587549
0.588922
0.590262
0.591484
0.592585
0.593524
0.594298
0.594837
0.595127
0.595075
0.594677
0.594034
0.593169
0.592151
0.590986
0.589711
0.58833
0.586925
0.585586
0.58457
0.584474
0.861018
0.861398
0.862183
0.862658
0.863211
0.86353
0.863835
0.864022
0.8642
0.864327
0.864432
0.864493
0.864498
0.864451
0.864362
0.864254
0.864098
0.863933
0.863651
0.863352
0.862817
0.862355
0.861576
0.861187
0.985671
0.983053
0.982213
0.981247
0.980836
0.980336
0.979766
0.979026
0.978583
0.979549
0.982112
0.985564
0.98896
0.992142
0.994134
0.994348
0.994412
0.992618
0.99066
0.988985
0.987661
0.987424
0.987436
0.990306
0.504197
0.50421
0.505065
0.506502
0.508307
0.51016
0.511893
0.513359
0.514508
0.515331
0.515838
0.516052
0.515959
0.51556
0.514872
0.51387
0.512547
0.510919
0.509047
0.507073
0.505174
0.503662
0.502785
0.502789
1.02984
1.02752
1.02082
1.01251
1.00194
0.989595
0.976623
0.964885
0.957048
0.95445
0.956004
0.959561
0.966789
0.969952
0.964532
0.959111
0.956614
0.959205
0.967944
0.9822
0.997207
1.01017
1.01945
1.02297
0.951755
0.953617
0.957766
0.961663
0.966092
0.970209
0.97422
0.977865
0.981108
0.983773
0.985776
0.986913
0.987292
0.986723
0.98539
0.983199
0.980354
0.976969
0.973074
0.968934
0.964247
0.960066
0.955136
0.953124
0.685673
0.685659
0.685276
0.684991
0.684705
0.684407
0.684172
0.684045
0.684036
0.68405
0.684065
0.684059
0.684021
0.683953
0.683867
0.683783
0.683724
0.683788
0.683969
0.684228
0.68452
0.684789
0.685143
0.685102
0.906376
0.905256
0.904536
0.904258
0.904506
0.904995
0.905727
0.906485
0.907259
0.907911
0.908418
0.90871
0.908776
0.908613
0.908242
0.907732
0.90711
0.906511
0.90595
0.905639
0.905591
0.906055
0.907012
0.908135
0.85307
0.854165
0.855215
0.855718
0.856218
0.856445
0.856664
0.856773
0.856892
0.856977
0.857058
0.857109
0.857112
0.857074
0.857009
0.856943
0.856844
0.856757
0.856559
0.856353
0.855871
0.855381
0.854336
0.853227
0.88123
0.880565
0.880154
0.879872
0.879885
0.879961
0.880199
0.880447
0.880749
0.881012
0.881235
0.881374
0.881415
0.881365
0.881234
0.881068
0.880869
0.88073
0.880603
0.880643
0.880743
0.881131
0.881631
0.882343
0.71847
0.717912
0.717315
0.716653
0.716133
0.715709
0.715405
0.715178
0.71502
0.714912
0.714842
0.714798
0.714772
0.714763
0.714781
0.714838
0.714945
0.715122
0.715377
0.715752
0.716224
0.716846
0.717409
0.717965
0.900521
0.899583
0.898962
0.898611
0.898711
0.898996
0.899518
0.900075
0.900673
0.901183
0.901589
0.901827
0.901885
0.901766
0.901483
0.901104
0.900645
0.900236
0.899869
0.899747
0.899821
0.900338
0.901133
0.902127
0.506038
0.504935
0.503934
0.503005
0.502156
0.501409
0.50077
0.500267
0.499877
0.499627
0.499477
0.499447
0.499499
0.499627
0.499875
0.500226
0.500715
0.501318
0.50205
0.502886
0.503808
0.504802
0.505849
0.506985
0.644998
0.645157
0.645121
0.644705
0.644337
0.643965
0.643659
0.643398
0.643194
0.643038
0.642928
0.642854
0.642814
0.642809
0.642842
0.642924
0.643058
0.643254
0.643498
0.643812
0.644125
0.644494
0.644491
0.644317
0.950366
0.952243
0.95664
0.960611
0.965012
0.969076
0.973044
0.976672
0.979946
0.98267
0.984737
0.985927
0.986275
0.985581
0.984134
0.981862
0.978971
0.975601
0.971759
0.967685
0.963044
0.958796
0.953606
0.951668
0.509217
0.508395
0.508273
0.508762
0.509574
0.510563
0.511574
0.512572
0.513474
0.514247
0.514794
0.515092
0.515074
0.514733
0.514147
0.513352
0.51244
0.511445
0.510442
0.509466
0.508661
0.508176
0.508246
0.509101
0.50375
0.502764
0.502387
0.502454
0.502877
0.503528
0.504262
0.505032
0.505743
0.506362
0.506799
0.507035
0.507026
0.506762
0.506299
0.505671
0.504961
0.504205
0.503489
0.502865
0.502466
0.502425
0.502864
0.503874
0.928052
0.927197
0.927378
0.928342
0.92989
0.931667
0.93358
0.935417
0.93712
0.938531
0.939587
0.940184
0.940282
0.939863
0.939013
0.937802
0.936307
0.934668
0.932962
0.931368
0.930074
0.929288
0.929551
0.930458
0.994074
0.991125
0.984548
0.977876
0.97232
0.968007
0.964849
0.963409
0.964851
0.968902
0.973962
0.978056
0.98117
0.981979
0.979305
0.977178
0.973072
0.969019
0.968984
0.973041
0.979004
0.985652
0.99124
0.993932
0.513731
0.512636
0.51155
0.510433
0.509337
0.508325
0.507414
0.50665
0.506028
0.505586
0.5053
0.505204
0.505274
0.505504
0.505921
0.506493
0.507239
0.508122
0.50914
0.510247
0.51142
0.512601
0.513731
0.514855
0.892063
0.891327
0.891997
0.892326
0.892924
0.89308
0.893281
0.89333
0.893414
0.893477
0.893553
0.893631
0.893636
0.89358
0.893531
0.893495
0.89344
0.893416
0.893239
0.893102
0.892516
0.892194
0.891527
0.892261
0.886016
0.884698
0.884125
0.883612
0.883399
0.883313
0.88348
0.88368
0.883962
0.884201
0.884405
0.884524
0.884571
0.884549
0.884446
0.884312
0.884142
0.884059
0.884016
0.884231
0.884568
0.885206
0.885894
0.887293
0.852544
0.85237
0.852834
0.852962
0.853311
0.8535
0.853776
0.853953
0.854141
0.854267
0.854367
0.854416
0.854422
0.854387
0.854302
0.854193
0.854024
0.853867
0.85361
0.853439
0.853105
0.852987
0.852526
0.852698
0.522564
0.522308
0.522834
0.523855
0.525092
0.526409
0.527696
0.528916
0.529997
0.530912
0.531565
0.53192
0.53188
0.531438
0.530702
0.529722
0.528589
0.527332
0.526021
0.524688
0.523445
0.522437
0.521921
0.522217
0.500515
0.499007
0.49797
0.497137
0.496504
0.496042
0.495703
0.495479
0.495335
0.495287
0.495283
0.495331
0.495368
0.495389
0.495462
0.495585
0.495806
0.496112
0.49653
0.497064
0.497756
0.498638
0.499726
0.501278
0.497885
0.496876
0.49638
0.496223
0.496348
0.496674
0.497107
0.497598
0.498064
0.498481
0.498776
0.498942
0.498948
0.498786
0.498497
0.498098
0.49766
0.497205
0.496814
0.496531
0.496442
0.496626
0.497161
0.498204
0.923328
0.92279
0.922663
0.923225
0.924305
0.925637
0.927147
0.928623
0.930016
0.931173
0.932043
0.932537
0.932627
0.932299
0.931613
0.93064
0.929439
0.928151
0.926842
0.925702
0.924872
0.924508
0.925005
0.925556
0.509306
0.509325
0.509262
0.509489
0.509729
0.510048
0.510339
0.510655
0.51095
0.511278
0.51154
0.511776
0.511782
0.511557
0.511308
0.511002
0.510734
0.510452
0.510196
0.509913
0.509705
0.509506
0.509588
0.509584
0.558683
0.558877
0.559825
0.561191
0.56277
0.564381
0.565895
0.567281
0.568473
0.569448
0.570122
0.570472
0.570418
0.569954
0.569171
0.568102
0.566831
0.565382
0.563821
0.562177
0.560572
0.559198
0.558241
0.558066
0.538589
0.538551
0.539229
0.540509
0.542043
0.543621
0.545132
0.546524
0.547721
0.548696
0.549365
0.549708
0.549658
0.549205
0.548428
0.547362
0.546088
0.544634
0.543076
0.541462
0.539912
0.538626
0.537945
0.538012
0.845889
0.845442
0.845682
0.845602
0.845709
0.845637
0.84568
0.845652
0.845692
0.845711
0.845751
0.845777
0.845787
0.845783
0.845768
0.845776
0.845766
0.84582
0.845804
0.845898
0.84581
0.845904
0.845669
0.846111
0.498664
0.497959
0.497781
0.497675
0.49762
0.497636
0.497705
0.497848
0.498021
0.498226
0.498396
0.498527
0.498555
0.498472
0.498348
0.4982
0.498088
0.498005
0.498002
0.498047
0.49815
0.498286
0.498503
0.49924
0.984905
0.988357
0.990442
0.990643
0.990119
0.989296
0.98851
0.987779
0.987153
0.986683
0.986377
0.986338
0.986356
0.986447
0.986813
0.987335
0.988008
0.988777
0.989594
0.990437
0.990976
0.990786
0.988707
0.985243
0.50513
0.504901
0.504651
0.504494
0.504244
0.504013
0.503762
0.503585
0.503455
0.503436
0.503454
0.50355
0.503588
0.503567
0.503625
0.503722
0.503928
0.504179
0.504503
0.504802
0.505107
0.505307
0.505585
0.505822
0.603302
0.601763
0.599539
0.598175
0.59726
0.596734
0.596383
0.596114
0.59586
0.595626
0.595447
0.595382
0.595502
0.595799
0.596196
0.596627
0.597051
0.597462
0.597927
0.598537
0.599509
0.600899
0.603125
0.604624
0.87666
0.87602
0.875845
0.875511
0.8753
0.875107
0.875125
0.87517
0.875318
0.875457
0.875601
0.875696
0.875729
0.87571
0.875647
0.875594
0.875537
0.875587
0.875667
0.875965
0.876267
0.87669
0.876942
0.87763
0.938694
0.938596
0.940779
0.943186
0.946179
0.949165
0.952176
0.954988
0.957531
0.959641
0.961212
0.962107
0.96226
0.961637
0.960379
0.958551
0.956277
0.953682
0.950859
0.947975
0.945086
0.942677
0.940568
0.94087
0.571714
0.569244
0.567062
0.564823
0.563217
0.562054
0.561353
0.560923
0.560685
0.560541
0.560454
0.560386
0.560368
0.560402
0.560461
0.560584
0.560811
0.56124
0.561951
0.563122
0.564728
0.566961
0.56915
0.571618
0.987328
0.987405
0.987932
0.98727
0.98605
0.984632
0.983178
0.98184
0.980738
0.979994
0.979554
0.979463
0.979472
0.979597
0.980083
0.980867
0.982004
0.983373
0.98485
0.986282
0.987512
0.988186
0.987664
0.98758
0.967985
0.967616
0.969789
0.972104
0.975005
0.977855
0.980933
0.983946
0.986922
0.989685
0.992111
0.993953
0.995139
0.995469
0.994891
0.992848
0.990318
0.987284
0.983896
0.980516
0.976918
0.973932
0.97098
0.971285
0.860975
0.86043
0.860874
0.860925
0.861208
0.861252
0.861382
0.861416
0.861491
0.861538
0.861593
0.861634
0.861641
0.861617
0.861582
0.861557
0.861504
0.861492
0.861383
0.861356
0.861084
0.86104
0.860597
0.861136
0.989647
0.987062
0.98404
0.980356
0.976943
0.973594
0.970636
0.967959
0.965465
0.966107
0.970349
0.976317
0.980744
0.983606
0.984844
0.983481
0.979722
0.97701
0.977198
0.979344
0.981854
0.985105
0.987791
0.991075
0.679659
0.680507
0.68105
0.681209
0.681356
0.681407
0.68146
0.681476
0.681476
0.681418
0.681359
0.681317
0.68128
0.681248
0.681234
0.681218
0.681145
0.681059
0.680941
0.680831
0.680637
0.680442
0.679873
0.679012
0.77158
0.771515
0.771641
0.771589
0.771506
0.771348
0.771172
0.770991
0.770831
0.770704
0.77062
0.770583
0.770596
0.770657
0.770766
0.770919
0.771104
0.771311
0.771514
0.771698
0.771808
0.771879
0.771765
0.771814
0.961228
0.962782
0.966981
0.97083
0.975155
0.979054
0.982772
0.985909
0.988568
0.990693
0.992629
0.993857
0.994544
0.994274
0.993286
0.991828
0.989654
0.986784
0.983117
0.979097
0.974381
0.970107
0.965142
0.963537
0.828399
0.828225
0.828345
0.82841
0.8285
0.828541
0.828606
0.828659
0.828721
0.828771
0.828813
0.828838
0.828849
0.828845
0.828824
0.828796
0.828756
0.828726
0.828682
0.828659
0.828584
0.828528
0.828408
0.828575
0.969795
0.969379
0.969676
0.970028
0.970362
0.97054
0.970624
0.970648
0.97067
0.97071
0.970763
0.970823
0.970836
0.970805
0.970785
0.970781
0.970796
0.970808
0.970756
0.970607
0.970298
0.969964
0.969677
0.970097
0.958892
0.960866
0.964989
0.968822
0.973094
0.976977
0.980705
0.983967
0.986823
0.989118
0.990809
0.991772
0.992395
0.992383
0.991603
0.989911
0.987515
0.984507
0.98083
0.976833
0.972182
0.96794
0.963017
0.960887
0.855773
0.854599
0.853927
0.853361
0.853176
0.853068
0.853151
0.853246
0.853407
0.853543
0.85367
0.853747
0.853769
0.853739
0.853661
0.853577
0.85347
0.853429
0.853399
0.853557
0.853787
0.854393
0.855095
0.856286
0.702598
0.70356
0.703883
0.703612
0.703344
0.703033
0.702753
0.702479
0.702239
0.702045
0.70191
0.701828
0.701797
0.701817
0.70189
0.702022
0.702203
0.70242
0.702648
0.702909
0.703129
0.703359
0.702995
0.702011
0.599291
0.599299
0.599386
0.599972
0.60073
0.6016
0.602407
0.603164
0.603816
0.604403
0.604823
0.605148
0.605105
0.604698
0.604204
0.60355
0.60284
0.602032
0.601183
0.600279
0.599487
0.598861
0.59874
0.598727
0.574144
0.573806
0.573789
0.573957
0.574368
0.574741
0.575102
0.575391
0.575628
0.575809
0.57594
0.575962
0.575893
0.575732
0.575467
0.575154
0.574789
0.574377
0.573901
0.573425
0.572929
0.572693
0.57266
0.572957
0.979004
0.979489
0.980503
0.980775
0.980691
0.980305
0.979872
0.979449
0.979107
0.978885
0.978775
0.978818
0.978829
0.978824
0.97898
0.979247
0.979632
0.980094
0.980561
0.980973
0.981077
0.980821
0.979814
0.979327
0.872223
0.871691
0.871497
0.871345
0.871363
0.871406
0.871563
0.871731
0.87194
0.872125
0.872286
0.872389
0.87243
0.87241
0.872335
0.87224
0.872123
0.872051
0.871992
0.872046
0.872124
0.872361
0.872621
0.873184
1.02024
1.01099
1.00997
1.00506
0.999239
0.993403
0.988584
0.98572
0.985832
0.98941
0.995976
1.00443
1.01389
1.01763
1.01215
1.00277
0.995244
0.990565
0.989866
0.992696
0.997986
1.00367
1.00845
1.01306
0.533355
0.534712
0.536593
0.53866
0.540902
0.543097
0.545134
0.546903
0.548353
0.549425
0.550103
0.550402
0.550315
0.549842
0.54899
0.547745
0.546124
0.544191
0.542001
0.539672
0.537322
0.535172
0.533251
0.531896
0.854723
0.853859
0.8535
0.85302
0.852843
0.852637
0.852625
0.852598
0.852663
0.852713
0.85278
0.852823
0.852843
0.852842
0.852821
0.852817
0.852802
0.852877
0.852941
0.853189
0.853405
0.853919
0.854302
0.855176
0.947345
0.948438
0.952276
0.956004
0.960273
0.964294
0.968258
0.971914
0.975219
0.977983
0.980076
0.981282
0.981567
0.980783
0.979215
0.97686
0.973913
0.970509
0.966688
0.962681
0.958233
0.954299
0.949776
0.948696
0.993356
0.992548
0.989229
0.984319
0.979264
0.974764
0.97095
0.967556
0.965242
0.967414
0.972151
0.976287
0.97847
0.979253
0.978461
0.975187
0.969357
0.966231
0.968652
0.973858
0.979214
0.98468
0.988856
0.991018
0.675507
0.669893
0.667508
0.668666
0.67094
0.673567
0.67603
0.678121
0.679731
0.680865
0.681564
0.681894
0.681984
0.681824
0.681287
0.680297
0.678816
0.676839
0.674477
0.671934
0.669726
0.668611
0.670995
0.6765
0.663095
0.658231
0.654642
0.654313
0.655283
0.656882
0.658545
0.660039
0.661209
0.662036
0.662536
0.662778
0.662877
0.662824
0.662499
0.661829
0.660796
0.659423
0.65786
0.656341
0.655428
0.655784
0.659344
0.664125
0.509271
0.509392
0.509357
0.509595
0.509856
0.510187
0.510481
0.510789
0.511081
0.511412
0.511687
0.511933
0.511939
0.511704
0.511444
0.511137
0.510874
0.510602
0.510345
0.51005
0.509822
0.509612
0.509671
0.509568
0.580115
0.578566
0.576085
0.574071
0.572391
0.571096
0.570048
0.569179
0.568427
0.567803
0.567348
0.567138
0.567264
0.56772
0.568406
0.569239
0.570172
0.571194
0.572363
0.573749
0.57549
0.57754
0.580037
0.581568
0.910238
0.909524
0.908965
0.908831
0.909217
0.909829
0.91067
0.91153
0.912392
0.913117
0.913678
0.914001
0.914071
0.913884
0.913468
0.912892
0.912188
0.911494
0.910831
0.910403
0.91023
0.910558
0.911401
0.912059
0.897033
0.89589
0.89525
0.894848
0.894851
0.895033
0.895455
0.895919
0.896439
0.896886
0.897252
0.897467
0.897519
0.897413
0.897166
0.896842
0.896456
0.896132
0.895859
0.895838
0.895993
0.896555
0.897354
0.898571
0.511161
0.511236
0.511055
0.511164
0.511405
0.511828
0.512263
0.512704
0.513077
0.513425
0.513661
0.51386
0.513858
0.513656
0.51342
0.513079
0.512719
0.512297
0.511884
0.511485
0.511265
0.511177
0.511372
0.511312
0.821133
0.820772
0.818829
0.816542
0.81461
0.813087
0.811877
0.810905
0.810152
0.809678
0.809375
0.809409
0.80941
0.809387
0.809708
0.810196
0.810962
0.811943
0.813158
0.814681
0.816614
0.818898
0.820831
0.821171
0.649186
0.649248
0.64881
0.648899
0.649096
0.649403
0.649668
0.649951
0.65023
0.650582
0.650888
0.651218
0.651182
0.650785
0.65042
0.650015
0.649688
0.64936
0.649052
0.648705
0.648467
0.648339
0.648747
0.648684
0.864863
0.864633
0.864408
0.864376
0.864483
0.864626
0.864816
0.864975
0.865123
0.865266
0.865386
0.865438
0.865444
0.865406
0.8653
0.865174
0.865043
0.864903
0.864732
0.864608
0.864517
0.864565
0.864801
0.865043
0.747294
0.745299
0.743603
0.742855
0.742642
0.743089
0.743732
0.744388
0.744971
0.745454
0.745766
0.745925
0.745924
0.745765
0.745457
0.744978
0.744402
0.743756
0.743118
0.74265
0.742668
0.743376
0.745074
0.747217
0.877247
0.876682
0.876459
0.876054
0.87591
0.875761
0.8758
0.875872
0.87604
0.876193
0.876343
0.876438
0.876475
0.876459
0.876393
0.876329
0.876254
0.876281
0.876341
0.876593
0.876834
0.877332
0.877634
0.878248
0.865678
0.864941
0.864547
0.864084
0.863929
0.863773
0.863807
0.863842
0.863966
0.864077
0.864196
0.864273
0.864299
0.86428
0.864225
0.86418
0.864126
0.864163
0.864206
0.864431
0.864652
0.865178
0.86562
0.86638
0.881059
0.880855
0.880659
0.880382
0.880369
0.880351
0.880503
0.880658
0.880894
0.8811
0.881295
0.881419
0.881455
0.881411
0.881302
0.881187
0.88105
0.880999
0.880951
0.88108
0.881196
0.881575
0.881857
0.882111
0.507642
0.507572
0.507523
0.507757
0.507973
0.50823
0.508447
0.508691
0.508942
0.509258
0.509537
0.509794
0.509806
0.509567
0.509311
0.509027
0.508813
0.508615
0.508442
0.508228
0.508051
0.507847
0.507928
0.508026
0.936816
0.936963
0.938758
0.940796
0.943432
0.94612
0.948846
0.951394
0.9537
0.9556
0.957004
0.957795
0.957916
0.957347
0.956206
0.954553
0.952493
0.950157
0.947633
0.945081
0.942632
0.940658
0.939231
0.939186
0.962666
0.96374
0.9651
0.96564
0.965857
0.965711
0.965513
0.965269
0.965075
0.964954
0.964902
0.964944
0.964955
0.964947
0.96504
0.965201
0.965435
0.965714
0.965943
0.966113
0.965915
0.965389
0.964036
0.962961
0.985681
0.987366
0.988229
0.987104
0.984987
0.98271
0.980634
0.978891
0.977521
0.976559
0.975993
0.975943
0.975947
0.976032
0.976648
0.977654
0.97906
0.980828
0.982915
0.985196
0.987324
0.988465
0.987608
0.985914
0.873221
0.871991
0.871193
0.870559
0.870383
0.870305
0.870464
0.870631
0.870872
0.871073
0.871252
0.871358
0.87139
0.871355
0.871249
0.871126
0.870968
0.870892
0.870819
0.870986
0.871249
0.871965
0.872833
0.874102
0.951769
0.954254
0.959426
0.963762
0.968445
0.972688
0.976799
0.98057
0.984107
0.987055
0.989281
0.990538
0.990905
0.990122
0.988564
0.986087
0.98295
0.979454
0.975474
0.971219
0.966269
0.961609
0.955503
0.952949
0.874049
0.874495
0.875577
0.875938
0.876395
0.87645
0.876517
0.876471
0.876475
0.876472
0.876497
0.876536
0.876543
0.876524
0.876524
0.876554
0.876576
0.876646
0.8766
0.876563
0.876117
0.875762
0.874681
0.874226
0.900945
0.898549
0.897098
0.895916
0.894681
0.893026
0.891013
0.888905
0.887238
0.886834
0.888758
0.89374
0.899858
0.901087
0.895293
0.889706
0.886792
0.886351
0.887366
0.888973
0.890682
0.892564
0.894636
0.897661
0.93844
0.937602
0.938802
0.940565
0.942815
0.945142
0.947525
0.949799
0.951866
0.953622
0.954987
0.955849
0.956171
0.9559
0.955096
0.953779
0.952047
0.949976
0.947683
0.945337
0.942978
0.941086
0.939665
0.940499
0.971629
0.974285
0.976153
0.976612
0.976516
0.976025
0.975531
0.975051
0.974657
0.974381
0.974216
0.974226
0.97424
0.974275
0.974491
0.974813
0.97525
0.975767
0.97629
0.976801
0.976913
0.976464
0.974602
0.971942
0.848246
0.847023
0.846586
0.846125
0.846066
0.845943
0.846002
0.846001
0.846076
0.846127
0.846194
0.846235
0.846248
0.846235
0.846199
0.846182
0.84614
0.846178
0.846152
0.846303
0.846385
0.846867
0.847315
0.848542
0.768619
0.767939
0.767529
0.767118
0.766799
0.766506
0.766272
0.766082
0.765939
0.765839
0.765781
0.765761
0.765777
0.76583
0.765921
0.766051
0.766224
0.766441
0.7667
0.767013
0.767346
0.767765
0.76818
0.768836
0.990825
0.991273
0.992412
0.992006
0.990969
0.989653
0.988317
0.987104
0.986101
0.985371
0.984934
0.984903
0.98491
0.984977
0.985465
0.986239
0.987282
0.988529
0.98989
0.991223
0.992272
0.992689
0.991549
0.991105
0.890814
0.890717
0.890646
0.890297
0.89019
0.890092
0.890219
0.890394
0.890661
0.890896
0.891104
0.891228
0.891279
0.891257
0.891157
0.891034
0.890886
0.890835
0.890839
0.891068
0.891314
0.891794
0.891985
0.892152
0.882419
0.882419
0.882421
0.882516
0.882808
0.883193
0.883661
0.884131
0.884587
0.884978
0.885284
0.885471
0.885526
0.88545
0.885259
0.884985
0.884649
0.884302
0.88396
0.883703
0.883536
0.883552
0.883637
0.883669
0.986756
0.983662
0.982087
0.980325
0.979234
0.978351
0.977668
0.976902
0.976336
0.977481
0.980253
0.983963
0.987574
0.990879
0.993035
0.994158
0.992806
0.990467
0.988359
0.986967
0.986266
0.986855
0.987685
0.991178
0.990148
0.990076
0.986811
0.982087
0.977203
0.972859
0.969701
0.967768
0.968466
0.971762
0.975861
0.979318
0.981206
0.982161
0.981553
0.979979
0.975995
0.972833
0.973724
0.977238
0.982459
0.988057
0.991968
0.993257
0.983981
0.986064
0.987591
0.987838
0.987525
0.98691
0.986298
0.985724
0.985238
0.984895
0.984696
0.984721
0.984734
0.984754
0.985007
0.9854
0.985933
0.986546
0.987191
0.987831
0.988161
0.987927
0.986407
0.984317
0.765517
0.764152
0.762964
0.762237
0.761864
0.761593
0.761385
0.761202
0.761052
0.76093
0.760841
0.760788
0.760777
0.760808
0.760877
0.76098
0.761114
0.761282
0.761474
0.761732
0.762094
0.762812
0.763991
0.76536
0.712118
0.71223
0.71178
0.71144
0.710855
0.710153
0.709566
0.709196
0.709029
0.709011
0.709082
0.709153
0.70913
0.709009
0.708884
0.708844
0.708946
0.709239
0.70974
0.710372
0.710962
0.711266
0.71169
0.711575
0.530716
0.529798
0.528406
0.52684
0.52524
0.523737
0.522378
0.521216
0.520253
0.51953
0.519052
0.518861
0.518962
0.519351
0.520017
0.520917
0.52204
0.523346
0.524826
0.526431
0.528105
0.529725
0.53115
0.532081
0.891524
0.890824
0.890694
0.890905
0.891365
0.89197
0.892664
0.89339
0.894096
0.894731
0.895245
0.895592
0.895738
0.895667
0.895386
0.894916
0.8943
0.89359
0.892846
0.892137
0.891549
0.891195
0.891243
0.891884
0.926848
0.92659
0.926861
0.927737
0.929062
0.930588
0.932269
0.933906
0.93544
0.936717
0.937677
0.938223
0.938317
0.937947
0.937187
0.936107
0.934775
0.933332
0.931855
0.930514
0.929437
0.928741
0.928851
0.929161
0.627929
0.628374
0.629511
0.630793
0.631971
0.633044
0.633989
0.63483
0.635556
0.636146
0.636555
0.636756
0.636707
0.636406
0.6359
0.635223
0.634424
0.633528
0.63255
0.631465
0.630281
0.628989
0.627819
0.627364
0.990372
0.987188
0.983323
0.979324
0.973639
0.965563
0.955465
0.944488
0.93438
0.927634
0.925822
0.930239
0.940849
0.943507
0.935956
0.9299
0.930984
0.936604
0.946155
0.956944
0.966807
0.974913
0.981732
0.987329
0.515871
0.515139
0.514225
0.513395
0.512553
0.511792
0.511094
0.51053
0.510085
0.509812
0.50966
0.509663
0.509721
0.509832
0.510094
0.510476
0.511025
0.511689
0.512478
0.513323
0.514232
0.515119
0.516073
0.516833
0.670523
0.670439
0.670865
0.671315
0.671512
0.671559
0.671546
0.671547
0.671596
0.671687
0.671775
0.671824
0.671784
0.671652
0.671479
0.671305
0.671176
0.671101
0.671055
0.670962
0.670757
0.670297
0.669892
0.669959
0.697785
0.697434
0.696871
0.696166
0.695673
0.695295
0.695046
0.694872
0.69476
0.694684
0.694633
0.694594
0.694563
0.69454
0.694528
0.694542
0.694593
0.694707
0.694898
0.695219
0.69566
0.696321
0.696847
0.697195
0.789133
0.789285
0.789325
0.789273
0.789217
0.789187
0.789179
0.789185
0.789197
0.78921
0.78922
0.789226
0.789224
0.789215
0.789202
0.789187
0.789174
0.789169
0.78918
0.789215
0.789277
0.789333
0.789296
0.789143
0.962228
0.960685
0.959646
0.959045
0.958427
0.957753
0.957066
0.95644
0.955927
0.955566
0.955367
0.955321
0.955328
0.955392
0.955614
0.956003
0.956548
0.957206
0.957923
0.958624
0.959265
0.959886
0.96094
0.962488
0.992597
0.990075
0.986109
0.981343
0.976844
0.972631
0.968718
0.964478
0.961808
0.96536
0.971195
0.976692
0.980584
0.981918
0.981282
0.978644
0.973503
0.968757
0.969429
0.973527
0.978131
0.983356
0.987626
0.99097
0.643779
0.641349
0.651726
0.657832
0.663474
0.667196
0.66996
0.671918
0.673378
0.674454
0.675221
0.675602
0.675694
0.675513
0.674935
0.674035
0.672737
0.670925
0.668291
0.664674
0.659111
0.653047
0.64269
0.645078
0.985323
0.983171
0.982699
0.981986
0.981738
0.98144
0.981452
0.98155
0.981511
0.982029
0.984075
0.98713
0.990191
0.993154
0.995183
0.996721
0.995436
0.993475
0.991321
0.989724
0.98847
0.988047
0.987663
0.990196
0.875435
0.874412
0.873686
0.873199
0.873099
0.873116
0.87333
0.873566
0.873863
0.874121
0.874346
0.874482
0.874517
0.874456
0.87431
0.874136
0.873928
0.873785
0.873666
0.873745
0.873938
0.874512
0.875312
0.876374
0.625787
0.621146
0.628047
0.631627
0.635197
0.637326
0.63891
0.639959
0.640712
0.641241
0.641623
0.641828
0.641915
0.641898
0.641696
0.641334
0.640727
0.639805
0.638325
0.63627
0.632741
0.629164
0.62224
0.626831
0.922624
0.919752
0.917566
0.915679
0.914042
0.912471
0.910989
0.909672
0.908584
0.907826
0.907403
0.907383
0.907382
0.90742
0.907872
0.908665
0.90979
0.911143
0.912659
0.914259
0.915924
0.917823
0.920011
0.922878
0.886365
0.886122
0.885712
0.885155
0.884984
0.88484
0.884951
0.885096
0.885332
0.885529
0.885701
0.885798
0.885846
0.885844
0.885771
0.885676
0.885549
0.885518
0.885527
0.885787
0.886081
0.88676
0.887279
0.887588
0.979476
0.98031
0.981697
0.982102
0.982046
0.981651
0.981211
0.980764
0.980395
0.98015
0.98002
0.980065
0.980078
0.980073
0.980254
0.980546
0.98096
0.981446
0.981918
0.982338
0.982413
0.982021
0.980641
0.979802
0.861352
0.860725
0.860416
0.860086
0.860047
0.859995
0.860094
0.860182
0.86034
0.860478
0.860617
0.860707
0.860729
0.860691
0.860608
0.860529
0.860433
0.860411
0.860376
0.860491
0.860587
0.860969
0.861317
0.86196
0.96859
0.968546
0.969183
0.969565
0.969879
0.96998
0.969996
0.969958
0.969929
0.96993
0.969957
0.970009
0.970021
0.97
0.970008
0.970043
0.970111
0.970185
0.970201
0.970129
0.969836
0.969472
0.968845
0.968893
0.935265
0.936048
0.937275
0.937806
0.938266
0.938327
0.93838
0.938355
0.938356
0.938381
0.938424
0.938493
0.938503
0.938462
0.938453
0.938462
0.938495
0.938552
0.938527
0.93849
0.938049
0.93753
0.93631
0.935527
0.885182
0.884797
0.884591
0.88447
0.884565
0.884778
0.885139
0.885536
0.885952
0.886314
0.886599
0.886772
0.886825
0.88676
0.886585
0.886337
0.886037
0.885761
0.885524
0.885438
0.885471
0.885709
0.886014
0.886453
0.725815
0.725646
0.725566
0.72564
0.725797
0.725993
0.726193
0.726373
0.726521
0.726632
0.726705
0.726741
0.726741
0.726709
0.726648
0.726559
0.726441
0.726297
0.726139
0.725985
0.725869
0.72583
0.725936
0.726123
0.847725
0.846641
0.846246
0.845879
0.845906
0.845844
0.845925
0.845943
0.846029
0.846092
0.84617
0.846224
0.846234
0.846207
0.846158
0.846127
0.846074
0.84609
0.84604
0.846129
0.846123
0.846507
0.846913
0.848001
0.850824
0.851004
0.851468
0.852084
0.852702
0.853177
0.853501
0.853689
0.853781
0.853815
0.853823
0.853827
0.85384
0.853862
0.853882
0.85388
0.853826
0.853682
0.853408
0.852988
0.852426
0.851861
0.851439
0.851281
0.833983
0.833533
0.83323
0.832959
0.832797
0.832707
0.832684
0.832699
0.83274
0.83279
0.832843
0.832888
0.832923
0.832947
0.832963
0.832979
0.833004
0.833052
0.833135
0.833281
0.833494
0.833805
0.834141
0.834598
0.512435
0.51313
0.513473
0.512494
0.511423
0.510436
0.509668
0.509064
0.508666
0.508512
0.508612
0.508672
0.508503
0.508909
0.509241
0.509909
0.510114
0.510429
0.510949
0.511793
0.512856
0.51407
0.514349
0.514954
0.932145
0.933409
0.935087
0.935611
0.93596
0.935848
0.935791
0.935648
0.935558
0.935506
0.9355
0.935564
0.935573
0.935541
0.935585
0.935673
0.935799
0.935975
0.936058
0.936191
0.935856
0.935341
0.933668
0.932402
0.964504
0.964674
0.968379
0.972232
0.976679
0.98081
0.984778
0.988409
0.991552
0.99392
0.995071
0.995528
0.996135
0.996812
0.996894
0.995146
0.992466
0.989118
0.985203
0.980946
0.976115
0.971804
0.967476
0.967261
0.997684
0.995071
0.989923
0.983669
0.977528
0.971663
0.966098
0.961018
0.958958
0.961964
0.96786
0.972613
0.976208
0.976648
0.974537
0.971555
0.966589
0.963119
0.963224
0.970302
0.977674
0.985138
0.990965
0.994467
0.87935
0.878876
0.878778
0.878648
0.878652
0.878668
0.878811
0.878971
0.879186
0.879378
0.879571
0.879694
0.879738
0.879705
0.879609
0.879515
0.879402
0.87935
0.879316
0.879413
0.879518
0.87975
0.879931
0.880451
1.00526
1.00265
0.995947
0.987894
0.979967
0.972633
0.966085
0.960784
0.958751
0.960872
0.965643
0.969524
0.973241
0.973662
0.970337
0.967111
0.963371
0.96086
0.962571
0.97026
0.979627
0.989231
0.996798
1.00043
1.01529
1.01241
1.00552
0.997334
0.988535
0.97976
0.971626
0.965153
0.962302
0.963489
0.966728
0.970165
0.975258
0.976888
0.972609
0.96867
0.965753
0.96445
0.968326
0.977572
0.98853
0.998887
1.00658
1.0095
0.604886
0.604818
0.605485
0.606589
0.607723
0.608853
0.609878
0.610838
0.611683
0.612411
0.612929
0.613251
0.613206
0.612792
0.61219
0.611387
0.610475
0.609457
0.608384
0.607216
0.606048
0.604907
0.604202
0.604255
0.965904
0.96585
0.966608
0.967025
0.967362
0.967439
0.967436
0.96737
0.967315
0.967298
0.96731
0.967359
0.967371
0.967353
0.967376
0.967432
0.967525
0.967627
0.967663
0.967614
0.9673
0.966899
0.966151
0.966206
0.866385
0.865549
0.865053
0.864628
0.864556
0.864506
0.864635
0.864755
0.864949
0.865116
0.865275
0.865374
0.8654
0.865359
0.865262
0.865163
0.865041
0.864993
0.864939
0.865062
0.865203
0.865691
0.866238
0.867098
0.903453
0.903214
0.903319
0.90332
0.90364
0.904217
0.905167
0.906527
0.908298
0.91047
0.912798
0.914851
0.916158
0.916402
0.915121
0.912911
0.910199
0.907548
0.905271
0.903505
0.902157
0.901284
0.900381
0.900398
0.89304
0.891299
0.889131
0.886915
0.884958
0.883302
0.881901
0.880772
0.879955
0.879542
0.879344
0.879421
0.879422
0.879359
0.879581
0.880023
0.880867
0.88202
0.883441
0.885106
0.887064
0.889272
0.891437
0.893202
0.898408
0.89805
0.898493
0.899116
0.899923
0.900816
0.901747
0.902666
0.903532
0.904294
0.904904
0.905314
0.905489
0.905412
0.905094
0.904552
0.903827
0.902968
0.902026
0.901063
0.900154
0.899386
0.898878
0.89921
0.762575
0.761843
0.761378
0.760914
0.760578
0.760296
0.760078
0.759908
0.759786
0.759703
0.759655
0.759638
0.759649
0.759688
0.759756
0.759857
0.759996
0.760178
0.760407
0.760697
0.761039
0.761508
0.761979
0.762707
1.01162
1.00876
1.00236
0.994434
0.985732
0.976578
0.967603
0.960014
0.955869
0.956385
0.959191
0.963173
0.968294
0.969871
0.966316
0.962617
0.959682
0.958474
0.962722
0.971885
0.982657
0.992923
1.00074
1.00483
0.880863
0.879821
0.88066
0.880959
0.881433
0.881533
0.881714
0.881748
0.881825
0.881882
0.881959
0.882035
0.882038
0.88198
0.881929
0.881897
0.881848
0.881838
0.88168
0.881603
0.881139
0.880847
0.880006
0.881046
0.834941
0.834727
0.834165
0.833688
0.833337
0.833146
0.83307
0.833061
0.833087
0.833124
0.833157
0.833163
0.833124
0.833064
0.832999
0.832941
0.8329
0.832894
0.832958
0.833139
0.833485
0.83396
0.834518
0.834732
0.839577
0.838989
0.838854
0.838648
0.838641
0.838634
0.83873
0.838816
0.838933
0.839029
0.839114
0.839162
0.839173
0.839149
0.83909
0.83902
0.838931
0.838872
0.838801
0.838832
0.838859
0.83908
0.839223
0.83981
0.955838
0.955408
0.955221
0.955276
0.955329
0.955356
0.955358
0.955322
0.955286
0.955269
0.955273
0.955293
0.955304
0.955307
0.955328
0.955373
0.955439
0.955507
0.955535
0.955536
0.955507
0.95547
0.955669
0.956106
0.880066
0.880487
0.881326
0.881824
0.882308
0.882589
0.882857
0.883026
0.883176
0.883281
0.883362
0.883408
0.883416
0.883389
0.883329
0.883246
0.883119
0.882974
0.882729
0.88247
0.882005
0.881523
0.880692
0.880265
0.848901
0.848559
0.848549
0.848408
0.848514
0.848509
0.848625
0.848684
0.848805
0.848901
0.849006
0.849073
0.849082
0.84904
0.848964
0.848901
0.848814
0.84879
0.848708
0.848745
0.848666
0.84883
0.848853
0.849195
0.927635
0.927425
0.927816
0.928702
0.930136
0.931813
0.933631
0.935393
0.937003
0.938334
0.939318
0.939887
0.940019
0.939704
0.938975
0.937881
0.936493
0.934928
0.933294
0.931766
0.930507
0.929718
0.929547
0.929765
0.509463
0.508971
0.508369
0.50786
0.507331
0.506859
0.506415
0.506077
0.505826
0.505722
0.5057
0.505787
0.505831
0.505827
0.505932
0.506121
0.506455
0.506876
0.507396
0.50794
0.508528
0.509088
0.50973
0.510251
0.908641
0.90829
0.907444
0.906807
0.906228
0.905751
0.905376
0.905105
0.904941
0.904866
0.904861
0.904893
0.904897
0.904874
0.904894
0.904989
0.905177
0.905474
0.905876
0.906375
0.906973
0.907622
0.908477
0.908831
0.863536
0.863489
0.864277
0.864574
0.865027
0.865182
0.865388
0.865477
0.865593
0.86567
0.865747
0.8658
0.865806
0.86577
0.865715
0.865661
0.865568
0.865502
0.865318
0.865179
0.864739
0.864449
0.863661
0.863699
0.946376
0.947147
0.950748
0.954344
0.958725
0.962965
0.967203
0.971136
0.974689
0.977677
0.979946
0.981254
0.981526
0.98059
0.978824
0.97624
0.973044
0.969369
0.965283
0.961065
0.956521
0.952718
0.948391
0.947606
0.871269
0.870323
0.869724
0.869248
0.86916
0.869116
0.869266
0.869411
0.869631
0.86982
0.869998
0.870109
0.870137
0.870092
0.869984
0.869869
0.869729
0.869668
0.869603
0.869731
0.869899
0.87045
0.871112
0.872091
0.963483
0.964537
0.965888
0.966477
0.966716
0.966595
0.966401
0.966149
0.965944
0.965818
0.965765
0.965799
0.965809
0.965809
0.9659
0.966065
0.96631
0.966597
0.966822
0.966968
0.966749
0.966175
0.964832
0.963778
0.846601
0.84629
0.846621
0.846608
0.846762
0.846742
0.846803
0.846799
0.846839
0.846862
0.846902
0.846931
0.846938
0.846928
0.846909
0.846907
0.84689
0.846916
0.846877
0.846915
0.846774
0.846795
0.846465
0.846768
0.846687
0.845571
0.845483
0.84517
0.845198
0.845082
0.845122
0.845085
0.845125
0.845143
0.845185
0.845215
0.845224
0.845216
0.845199
0.845206
0.845194
0.845257
0.845244
0.845379
0.845365
0.845688
0.84578
0.846894
0.914576
0.914735
0.915486
0.916374
0.917517
0.918802
0.920213
0.92168
0.923139
0.924502
0.925655
0.926484
0.926893
0.926836
0.926299
0.925303
0.92396
0.922405
0.920741
0.919062
0.917418
0.916004
0.914645
0.914086
0.522933
0.523379
0.523732
0.524492
0.525412
0.526412
0.527349
0.528232
0.528994
0.529668
0.530148
0.530472
0.53045
0.53008
0.529559
0.528855
0.528073
0.527179
0.526238
0.525242
0.524325
0.52357
0.523211
0.522777
0.897309
0.895995
0.895244
0.894908
0.89507
0.895443
0.896028
0.896645
0.897284
0.897834
0.898265
0.89852
0.898575
0.898435
0.898124
0.897701
0.897195
0.896718
0.896279
0.896056
0.896051
0.896534
0.897428
0.898821
0.903648
0.902909
0.902133
0.901717
0.901432
0.90126
0.901183
0.901181
0.901224
0.901296
0.901376
0.901439
0.901445
0.901397
0.901335
0.901285
0.901268
0.901298
0.901403
0.9016
0.901906
0.902337
0.903125
0.903875
0.810808
0.809835
0.807929
0.805865
0.804135
0.802747
0.80163
0.800755
0.800125
0.799788
0.799609
0.799743
0.799738
0.799611
0.799803
0.800153
0.800793
0.801675
0.802794
0.80418
0.805912
0.807974
0.809868
0.810825
0.654606
0.651814
0.648475
0.647547
0.647754
0.648699
0.649835
0.650948
0.651861
0.652542
0.652974
0.653213
0.653314
0.653266
0.653012
0.652489
0.651715
0.65072
0.649682
0.648813
0.648654
0.649599
0.652913
0.655655
0.66457
0.661761
0.658528
0.658168
0.659024
0.660556
0.662175
0.663663
0.664859
0.665743
0.66631
0.666614
0.666711
0.66659
0.666193
0.665461
0.6644
0.663028
0.661507
0.660053
0.65925
0.659632
0.662836
0.665591
0.531493
0.531461
0.531738
0.532616
0.53386
0.535236
0.536561
0.537784
0.538816
0.539656
0.540207
0.540505
0.54047
0.540095
0.539475
0.538577
0.5375
0.536245
0.534897
0.533505
0.532246
0.531351
0.53104
0.531083
0.89439
0.893277
0.892509
0.892037
0.892015
0.892182
0.892591
0.893038
0.893538
0.893966
0.894313
0.894517
0.894569
0.894472
0.894238
0.89393
0.893558
0.893247
0.892976
0.892957
0.893131
0.893752
0.894662
0.895845
0.934125
0.934762
0.935968
0.937631
0.939798
0.942076
0.944401
0.946599
0.948589
0.950251
0.951503
0.952246
0.952433
0.95205
0.951158
0.949809
0.94809
0.946102
0.943938
0.941754
0.939664
0.938027
0.936829
0.936376
0.525375
0.524713
0.523617
0.522493
0.521349
0.520293
0.51933
0.518521
0.517863
0.517404
0.517116
0.517038
0.517113
0.51734
0.517771
0.518367
0.519154
0.52008
0.521147
0.522292
0.523506
0.524686
0.525817
0.526494
0.84915
0.848099
0.848045
0.847719
0.847623
0.847417
0.847366
0.847273
0.847276
0.847274
0.847309
0.847339
0.847352
0.847353
0.847352
0.84739
0.847424
0.847554
0.84764
0.847878
0.847997
0.848345
0.848407
0.849462
0.877228
0.87696
0.876859
0.876853
0.877014
0.877322
0.877731
0.87818
0.878621
0.879013
0.879324
0.879529
0.879611
0.879568
0.87941
0.879154
0.878828
0.878475
0.878142
0.877895
0.877786
0.877833
0.87804
0.8783
0.749226
0.752244
0.753988
0.75452
0.754772
0.754784
0.754754
0.754685
0.754627
0.754579
0.754515
0.754465
0.754446
0.754459
0.754485
0.754497
0.754521
0.754559
0.754562
0.754528
0.754258
0.753715
0.751954
0.748917
0.794235
0.792833
0.791818
0.790993
0.790512
0.790177
0.789957
0.789793
0.789677
0.7896
0.789558
0.789548
0.789569
0.789621
0.789707
0.789828
0.789988
0.790196
0.790459
0.790831
0.791338
0.792173
0.793183
0.794562
0.971485
0.97071
0.971647
0.972203
0.973247
0.974247
0.975535
0.977033
0.978895
0.981383
0.984105
0.986848
0.989103
0.990816
0.990982
0.989728
0.987422
0.985035
0.982505
0.98016
0.977769
0.976126
0.974236
0.975134
0.857957
0.858481
0.859041
0.859298
0.859612
0.859776
0.859952
0.860053
0.860157
0.860229
0.860291
0.860329
0.860337
0.860317
0.860273
0.860222
0.86014
0.860061
0.859905
0.859761
0.859461
0.859215
0.85866
0.85813
0.98675
0.983793
0.982225
0.980337
0.978969
0.977592
0.976174
0.974758
0.974302
0.975846
0.97906
0.98334
0.987307
0.990737
0.992966
0.994229
0.991618
0.989446
0.987644
0.986558
0.986011
0.986681
0.987509
0.990882
0.868114
0.867653
0.867356
0.867193
0.867199
0.867308
0.867486
0.867699
0.86792
0.868125
0.868296
0.868416
0.868476
0.86847
0.868404
0.868287
0.868134
0.86797
0.867822
0.867731
0.867743
0.867919
0.868227
0.868701
0.906631
0.907009
0.908324
0.908721
0.909127
0.90905
0.909022
0.908888
0.908816
0.908763
0.908753
0.908795
0.908805
0.908791
0.908835
0.90892
0.909024
0.909187
0.909238
0.909335
0.90894
0.908549
0.907237
0.906854
0.89455
0.892999
0.891845
0.891175
0.891143
0.891352
0.891822
0.892319
0.892863
0.893324
0.893695
0.893908
0.893959
0.893848
0.893589
0.893247
0.892831
0.892468
0.892142
0.892083
0.892268
0.893094
0.894401
0.896032
0.614971
0.613447
0.612723
0.612111
0.611691
0.611253
0.61086
0.610493
0.610182
0.609936
0.609757
0.609643
0.609594
0.60961
0.609696
0.609854
0.61008
0.610366
0.610685
0.611055
0.611415
0.61198
0.612671
0.614185
0.992326
0.99027
0.98636
0.981749
0.977491
0.973597
0.970195
0.966562
0.964423
0.964322
0.969037
0.974029
0.977104
0.978374
0.97764
0.97361
0.966988
0.965656
0.967702
0.97281
0.977315
0.982366
0.986603
0.989647
0.989481
0.986662
0.983314
0.979412
0.975846
0.97247
0.969622
0.967064
0.964568
0.965935
0.970608
0.976761
0.98107
0.98376
0.984775
0.982977
0.978629
0.975058
0.974963
0.977322
0.980232
0.983853
0.986927
0.990434
0.643581
0.640447
0.637146
0.635991
0.635884
0.636478
0.637281
0.638087
0.63873
0.639179
0.639437
0.639571
0.639679
0.639751
0.639684
0.639406
0.638912
0.638233
0.637532
0.637015
0.637172
0.638346
0.641625
0.644696
0.863319
0.862721
0.861872
0.861391
0.861026
0.860732
0.860561
0.860502
0.860538
0.860653
0.860778
0.860864
0.860869
0.860793
0.860678
0.860576
0.860552
0.860628
0.860818
0.86113
0.861512
0.862003
0.862859
0.863469
0.990212
0.987103
0.980554
0.974625
0.969924
0.966455
0.964755
0.964895
0.967249
0.971556
0.976645
0.981243
0.984741
0.986467
0.984331
0.981672
0.977525
0.974057
0.973191
0.976084
0.981296
0.986732
0.990957
0.992263
0.671545
0.671269
0.670508
0.670246
0.67014
0.670183
0.670257
0.670388
0.670545
0.670758
0.670947
0.671185
0.671152
0.670854
0.670611
0.670348
0.670145
0.669969
0.66985
0.669765
0.669832
0.670064
0.670798
0.671067
0.703203
0.702839
0.702377
0.702248
0.702004
0.701809
0.701694
0.701725
0.701871
0.702108
0.70234
0.702524
0.702501
0.702268
0.701989
0.701708
0.701519
0.701445
0.701516
0.701674
0.701874
0.701975
0.702403
0.702771
0.813481
0.81298
0.812237
0.811567
0.810947
0.810397
0.810021
0.809799
0.809683
0.809615
0.809594
0.809598
0.809596
0.809588
0.809604
0.80967
0.809788
0.810012
0.810392
0.810942
0.811577
0.812242
0.812972
0.813467
0.947057
0.945738
0.945452
0.945654
0.946493
0.947792
0.949662
0.952002
0.954698
0.957557
0.960283
0.9625
0.963706
0.963905
0.962867
0.960866
0.95815
0.955178
0.952224
0.949685
0.947625
0.946406
0.945868
0.947052
0.849891
0.848325
0.847678
0.847144
0.847127
0.847036
0.847115
0.847125
0.847211
0.847269
0.847344
0.847394
0.847405
0.847383
0.84734
0.847314
0.847263
0.847289
0.847241
0.847362
0.8474
0.847956
0.848616
0.850191
0.780741
0.780672
0.780695
0.780833
0.781037
0.781264
0.781486
0.781682
0.781842
0.78196
0.782036
0.782065
0.782041
0.781974
0.781868
0.781724
0.781544
0.781332
0.781102
0.780874
0.780676
0.78055
0.780539
0.780614
0.983523
0.981111
0.978856
0.976404
0.974574
0.973209
0.972609
0.972965
0.974751
0.978431
0.984269
0.991042
0.996252
0.998475
0.997365
0.993438
0.988097
0.983575
0.980821
0.979715
0.979676
0.980928
0.982421
0.985228
0.991462
0.989444
0.985773
0.981432
0.97741
0.973726
0.97041
0.967217
0.964381
0.963798
0.967553
0.972821
0.97631
0.977882
0.977603
0.974418
0.969182
0.967216
0.969905
0.974369
0.978575
0.98314
0.986858
0.989585
0.793215
0.793181
0.793088
0.793029
0.793012
0.793028
0.793065
0.793111
0.793157
0.793198
0.793226
0.793239
0.793231
0.793204
0.793164
0.793115
0.793061
0.793011
0.792974
0.792959
0.79298
0.793046
0.793145
0.79318
1.00731
1.00018
0.992456
0.985523
0.980558
0.977519
0.976278
0.977133
0.980139
0.984931
0.990967
0.997138
1.00228
1.00556
1.00239
0.997015
0.991049
0.985422
0.981545
0.980251
0.981711
0.985611
0.990951
0.994221
0.866667
0.867296
0.868082
0.868642
0.869171
0.869535
0.869863
0.870089
0.870284
0.870427
0.870537
0.870597
0.870604
0.87056
0.870468
0.870345
0.870172
0.869968
0.869663
0.869321
0.868811
0.868267
0.867489
0.866857
0.67992
0.674602
0.688775
0.699455
0.70698
0.711733
0.71499
0.717423
0.719625
0.721828
0.723919
0.72535
0.725389
0.724065
0.722116
0.720072
0.718041
0.715782
0.712694
0.708088
0.700669
0.690043
0.675815
0.680858
0.95423
0.956701
0.96196
0.966333
0.97102
0.975229
0.979303
0.982999
0.986388
0.989191
0.991309
0.992506
0.992942
0.992322
0.99097
0.988661
0.985685
0.982269
0.978313
0.974072
0.969085
0.964355
0.958193
0.955673
0.982551
0.980185
0.978965
0.977658
0.976857
0.976201
0.97583
0.975875
0.976674
0.978934
0.982865
0.987076
0.990571
0.993502
0.994473
0.995156
0.992786
0.989199
0.986188
0.984195
0.982891
0.982774
0.983108
0.985843
0.841997
0.841262
0.841131
0.840986
0.841027
0.841023
0.84111
0.841175
0.841276
0.841357
0.841433
0.841478
0.841491
0.841474
0.841427
0.841377
0.841309
0.841277
0.841221
0.841255
0.841241
0.841407
0.841549
0.842283
0.774652
0.774608
0.774415
0.774211
0.774003
0.773817
0.773656
0.773523
0.773418
0.773342
0.773296
0.773278
0.773285
0.773318
0.773382
0.773474
0.773596
0.773745
0.773921
0.77412
0.774339
0.774552
0.774749
0.77479
0.779166
0.779251
0.779197
0.779114
0.779022
0.778945
0.778882
0.778831
0.778791
0.778759
0.778737
0.778727
0.778725
0.778737
0.778764
0.778803
0.778855
0.778919
0.778997
0.77909
0.779196
0.77929
0.779351
0.779268
0.8418
0.841558
0.841619
0.841524
0.841572
0.841554
0.841616
0.841649
0.841719
0.841775
0.841836
0.841874
0.841886
0.841873
0.84184
0.841813
0.841774
0.841771
0.841739
0.841785
0.84176
0.841873
0.841822
0.842059
0.992233
0.989829
0.985704
0.980871
0.976357
0.97222
0.968486
0.96464
0.962947
0.963838
0.96944
0.974581
0.977565
0.978487
0.977197
0.973493
0.967072
0.964828
0.965374
0.970993
0.976182
0.981888
0.986561
0.989941
0.508766
0.508586
0.50833
0.508123
0.507773
0.50741
0.507018
0.506708
0.506469
0.506373
0.50635
0.506429
0.506474
0.506486
0.506599
0.506787
0.507115
0.507511
0.507984
0.508421
0.508832
0.509084
0.509368
0.50955
0.872834
0.871819
0.871109
0.870598
0.870466
0.870442
0.870624
0.870828
0.871094
0.871318
0.871509
0.871621
0.871657
0.871618
0.871502
0.871357
0.871175
0.871058
0.870964
0.871078
0.871297
0.871887
0.872661
0.873711
0.343871
0.338452
0.335837
0.333406
0.331719
0.330203
0.3289
0.327776
0.326943
0.326611
0.327317
0.329454
0.333839
0.335795
0.331345
0.329333
0.328904
0.329663
0.330996
0.332666
0.334447
0.336868
0.339414
0.343989
0.851333
0.851861
0.852256
0.852651
0.853041
0.853437
0.853802
0.854139
0.854427
0.854656
0.854814
0.854895
0.854897
0.854819
0.854663
0.854435
0.854148
0.853813
0.853448
0.853051
0.85266
0.852263
0.851866
0.851336
0.310368
0.306747
0.304273
0.301782
0.300482
0.299525
0.299008
0.298796
0.298728
0.298486
0.297714
0.295821
0.293048
0.292682
0.295323
0.298339
0.299908
0.300985
0.301904
0.303037
0.304406
0.306949
0.309883
0.314162
0.522652
0.522816
0.52368
0.524059
0.524183
0.523961
0.523655
0.52335
0.523124
0.522994
0.522916
0.522851
0.522794
0.52275
0.52273
0.522775
0.522928
0.523169
0.523415
0.523582
0.523407
0.522981
0.522083
0.521871
0.933957
0.93374
0.934447
0.935341
0.93625
0.936912
0.937388
0.937747
0.938033
0.938249
0.938403
0.938491
0.938502
0.938437
0.938308
0.938119
0.937861
0.937532
0.937085
0.936439
0.935559
0.934688
0.934002
0.934236
0.964946
0.965521
0.966651
0.967226
0.967517
0.96741
0.967241
0.967036
0.966877
0.966794
0.966774
0.966855
0.966864
0.966818
0.966881
0.967006
0.967207
0.967448
0.967649
0.967781
0.96751
0.966947
0.965824
0.965249
0.951076
0.951753
0.952809
0.953417
0.953923
0.954174
0.95436
0.954464
0.954551
0.954629
0.954696
0.954756
0.954769
0.954739
0.954704
0.95466
0.954607
0.954536
0.954381
0.954157
0.953674
0.953085
0.952039
0.951365
0.879541
0.87874
0.877975
0.877414
0.877309
0.877356
0.87763
0.877924
0.878274
0.878569
0.878799
0.878933
0.878972
0.878919
0.87877
0.878564
0.878308
0.878114
0.877942
0.878001
0.878211
0.878873
0.879721
0.880564
0.931681
0.930719
0.931304
0.932632
0.934566
0.936711
0.938977
0.941144
0.943135
0.944787
0.946018
0.946716
0.946826
0.946333
0.945335
0.943906
0.942141
0.940178
0.938118
0.936135
0.93443
0.933223
0.933063
0.934086
0.84908
0.847762
0.847273
0.846823
0.846815
0.846727
0.846808
0.846823
0.846915
0.846982
0.847065
0.847119
0.847131
0.847106
0.847055
0.847024
0.846968
0.84699
0.846945
0.847063
0.847097
0.847569
0.848072
0.849396
0.622655
0.620662
0.617855
0.616319
0.615427
0.615151
0.615143
0.615277
0.615408
0.615516
0.615581
0.615651
0.61576
0.615901
0.616033
0.6161
0.616121
0.616115
0.616226
0.616579
0.61752
0.619078
0.621878
0.623837
0.816588
0.816239
0.816137
0.816092
0.816151
0.816187
0.816188
0.816138
0.816056
0.815968
0.8159
0.815869
0.815885
0.81595
0.816055
0.816184
0.816312
0.816414
0.816467
0.816484
0.816475
0.816556
0.816687
0.817048
0.51944
0.519663
0.520652
0.522465
0.524843
0.527449
0.530008
0.532307
0.534242
0.535758
0.536761
0.537203
0.537097
0.536444
0.53523
0.533512
0.531386
0.528911
0.526198
0.523462
0.520994
0.519135
0.518147
0.51797
0.806765
0.80621
0.805777
0.805353
0.805066
0.804859
0.804731
0.804657
0.804624
0.804617
0.804626
0.804642
0.804663
0.804687
0.804717
0.804761
0.804829
0.804934
0.80509
0.805321
0.80563
0.80607
0.806518
0.80707
0.842623
0.841242
0.839127
0.836892
0.834898
0.833193
0.831784
0.830694
0.829908
0.829469
0.82925
0.829348
0.829346
0.829259
0.829495
0.829951
0.830752
0.831853
0.833269
0.834977
0.836977
0.839213
0.841319
0.842686
0.905549
0.906896
0.908486
0.908958
0.909334
0.909251
0.909227
0.909104
0.909041
0.908997
0.908994
0.909037
0.909046
0.909031
0.909068
0.909144
0.909238
0.909389
0.909436
0.909538
0.909173
0.908709
0.90712
0.905767
0.955497
0.954243
0.952896
0.95128
0.949495
0.947704
0.945988
0.94446
0.943088
0.941982
0.941296
0.941098
0.9411
0.94132
0.942036
0.943173
0.944578
0.946139
0.947881
0.949695
0.951498
0.953129
0.95448
0.955711
0.989161
0.986496
0.983783
0.980448
0.977379
0.974295
0.971582
0.969311
0.967605
0.968321
0.972622
0.978294
0.98279
0.985915
0.987642
0.98713
0.983597
0.98036
0.979827
0.981273
0.983177
0.985865
0.988125
0.991445
0.661072
0.65961
0.658993
0.658556
0.658354
0.658122
0.657893
0.657647
0.657416
0.6572
0.657022
0.656905
0.656859
0.656884
0.656975
0.657106
0.657256
0.657426
0.657585
0.657754
0.657904
0.658305
0.658902
0.660373
0.971138
0.970596
0.970164
0.969813
0.969344
0.968808
0.968232
0.967697
0.967265
0.967013
0.966884
0.966866
0.966876
0.966918
0.967077
0.967358
0.967821
0.968387
0.968991
0.96955
0.970037
0.970403
0.970847
0.9714
0.870623
0.870632
0.870723
0.870825
0.871004
0.871245
0.871541
0.871855
0.872163
0.872436
0.872653
0.872796
0.872857
0.872836
0.872741
0.872587
0.872393
0.87219
0.872
0.87186
0.871777
0.871761
0.871736
0.871737
0.844008
0.844397
0.844976
0.845463
0.845857
0.846134
0.846334
0.846462
0.846539
0.84658
0.8466
0.846611
0.846624
0.846637
0.846643
0.84663
0.846583
0.846488
0.846323
0.846083
0.845727
0.845274
0.844722
0.844338
0.846135
0.844709
0.843271
0.842181
0.841108
0.840069
0.83914
0.83842
0.837928
0.837623
0.837503
0.837516
0.837516
0.837505
0.837628
0.837938
0.838432
0.839163
0.840107
0.841164
0.842259
0.843356
0.844783
0.846179
0.983766
0.981182
0.980562
0.979753
0.979482
0.97929
0.979334
0.979503
0.980158
0.981745
0.983957
0.986739
0.989943
0.993513
0.996379
0.995814
0.994476
0.992203
0.989882
0.987882
0.986283
0.985788
0.985579
0.988403
0.958447
0.95922
0.960398
0.960924
0.961226
0.961166
0.961064
0.960909
0.960787
0.960721
0.960704
0.960762
0.960773
0.960747
0.960803
0.960908
0.961069
0.961258
0.961391
0.961476
0.961193
0.960681
0.959512
0.958738
0.52452
0.522779
0.520679
0.518452
0.516317
0.51436
0.51262
0.511118
0.509862
0.508881
0.508209
0.507902
0.508009
0.508526
0.509397
0.510565
0.511991
0.513642
0.515508
0.517563
0.51977
0.522054
0.524194
0.525961
0.87556
0.874014
0.872989
0.872216
0.871997
0.871929
0.872124
0.872337
0.872623
0.872856
0.873054
0.873166
0.873202
0.873166
0.873046
0.872894
0.872696
0.872577
0.872474
0.872637
0.872949
0.873812
0.874916
0.876511
0.635521
0.629141
0.636535
0.640735
0.6446
0.647229
0.649206
0.650597
0.651583
0.65224
0.652656
0.652837
0.65294
0.652971
0.652754
0.652276
0.651449
0.650196
0.648335
0.645796
0.642001
0.637845
0.63053
0.636845
0.840701
0.839906
0.839865
0.83971
0.839754
0.839756
0.839853
0.839917
0.840004
0.840063
0.840116
0.840144
0.840153
0.840144
0.84011
0.840071
0.840005
0.839961
0.839883
0.839897
0.839864
0.840026
0.840068
0.840859
0.816945
0.81673
0.816592
0.816372
0.816236
0.816146
0.816112
0.816114
0.816141
0.816179
0.816219
0.816252
0.816275
0.816287
0.816292
0.816297
0.816313
0.816351
0.816422
0.816546
0.816715
0.816961
0.81712
0.817335
1.03703
1.03666
1.03848
1.03556
1.02629
1.01242
0.996508
0.981526
0.97097
0.966708
0.967994
0.974478
0.986573
0.992251
0.98478
0.975582
0.972528
0.976045
0.987958
1.00486
1.02064
1.03107
1.0361
1.03765
0.809929
0.809659
0.809909
0.810178
0.810407
0.810476
0.81043
0.810305
0.810152
0.810009
0.809904
0.809854
0.80987
0.809949
0.810084
0.810261
0.810453
0.810623
0.810722
0.81071
0.810541
0.81032
0.810099
0.810359
0.857778
0.857384
0.857523
0.857195
0.856997
0.856687
0.856564
0.856437
0.856424
0.856419
0.856455
0.856488
0.856508
0.856522
0.856536
0.856592
0.856659
0.856841
0.857017
0.857377
0.857618
0.857983
0.857868
0.858274
0.794078
0.792766
0.791299
0.789942
0.788782
0.787755
0.786931
0.786308
0.785903
0.785742
0.7857
0.785842
0.785836
0.785692
0.785738
0.785905
0.786319
0.786949
0.787778
0.788813
0.789986
0.791351
0.792806
0.79411
0.802546
0.802515
0.802405
0.802222
0.80199
0.801738
0.801487
0.801259
0.801065
0.800911
0.8008
0.800734
0.800712
0.800734
0.800804
0.80092
0.801081
0.801282
0.801513
0.801752
0.801979
0.80216
0.802271
0.8023
0.694424
0.694776
0.693643
0.692754
0.692085
0.691712
0.691485
0.691356
0.69126
0.691242
0.691213
0.6913
0.691277
0.69115
0.69114
0.691123
0.691185
0.69128
0.691468
0.691806
0.692438
0.693299
0.694397
0.694039
0.667834
0.666934
0.678689
0.686768
0.693979
0.699051
0.702908
0.705776
0.707984
0.70967
0.710892
0.711505
0.711574
0.711123
0.710055
0.708516
0.706449
0.703716
0.699989
0.695035
0.687928
0.679931
0.668177
0.669122
0.927114
0.926957
0.926623
0.926313
0.926027
0.925805
0.925667
0.925591
0.92555
0.925525
0.925509
0.925487
0.925452
0.925422
0.925411
0.925427
0.92548
0.925586
0.925769
0.926041
0.926378
0.926746
0.92714
0.927321
0.912745
0.912581
0.913106
0.913862
0.914961
0.916219
0.917579
0.918948
0.920252
0.921407
0.922337
0.922967
0.923244
0.923146
0.922678
0.92186
0.920759
0.919459
0.918053
0.916649
0.915336
0.914343
0.913543
0.913644
0.80754
0.807427
0.807935
0.808468
0.808907
0.809112
0.809138
0.80904
0.808886
0.808729
0.808608
0.808548
0.808561
0.808645
0.808792
0.808979
0.80917
0.809315
0.809345
0.809202
0.808832
0.808355
0.807884
0.807987
0.806193
0.808501
0.8096
0.809952
0.810062
0.80996
0.809812
0.809617
0.809407
0.809208
0.809065
0.809006
0.809
0.809046
0.809177
0.809368
0.80957
0.809761
0.809905
0.810006
0.809894
0.809545
0.808443
0.806137
0.830766
0.830482
0.830497
0.830467
0.830495
0.830498
0.830539
0.830573
0.830624
0.830669
0.830712
0.83074
0.830755
0.830757
0.830745
0.830732
0.830713
0.83071
0.830699
0.830725
0.83072
0.830769
0.830764
0.831045
0.525905
0.524827
0.523469
0.522057
0.520652
0.519352
0.518177
0.517177
0.516351
0.515741
0.515338
0.515187
0.515275
0.515597
0.516164
0.516932
0.517903
0.519036
0.520326
0.521721
0.523201
0.524671
0.526068
0.527165
0.938305
0.938796
0.939392
0.940044
0.94066
0.941169
0.94159
0.941937
0.942245
0.942491
0.942657
0.942748
0.942761
0.942697
0.942558
0.942342
0.942065
0.94175
0.94136
0.940883
0.940296
0.939667
0.939087
0.938603
0.816106
0.815448
0.81537
0.815692
0.816141
0.816519
0.816767
0.816896
0.816944
0.816946
0.816934
0.816926
0.816932
0.816953
0.816982
0.817002
0.816983
0.816889
0.816684
0.816354
0.815947
0.815654
0.81575
0.816435
0.863971
0.863346
0.863001
0.862548
0.862497
0.862377
0.862414
0.86243
0.862541
0.862641
0.862759
0.862842
0.862862
0.86283
0.862769
0.862729
0.862683
0.862733
0.862762
0.862948
0.863051
0.863561
0.863948
0.864593
0.788154
0.787984
0.78788
0.787661
0.787504
0.78738
0.787303
0.787259
0.787239
0.787235
0.787241
0.787249
0.787258
0.787268
0.787279
0.7873
0.787335
0.787394
0.787483
0.787619
0.787785
0.78801
0.788122
0.788286
0.539693
0.538712
0.536965
0.535023
0.533098
0.531304
0.529689
0.528294
0.527131
0.526236
0.525636
0.525378
0.525492
0.525972
0.526782
0.527872
0.529209
0.530756
0.532498
0.534395
0.536407
0.538403
0.540184
0.541172
0.47011
0.468573
0.467327
0.466462
0.466052
0.465978
0.466134
0.466399
0.46667
0.466919
0.467102
0.467186
0.467158
0.467021
0.46679
0.466502
0.466189
0.465901
0.465766
0.465876
0.466356
0.467298
0.468712
0.47013
0.841529
0.843852
0.846566
0.849012
0.851088
0.852848
0.854303
0.855486
0.856403
0.857074
0.857508
0.857722
0.857726
0.857522
0.857098
0.856439
0.855533
0.854362
0.852921
0.851178
0.849124
0.846703
0.844011
0.841699
-0.538361
-0.709088
-0.786656
-0.822978
-0.839341
-0.839682
-0.828975
-0.810269
-0.7851
-0.755217
-0.722264
-0.692182
-0.663695
-0.659164
-0.690094
-0.724906
-0.760349
-0.791516
-0.815239
-0.828692
-0.829756
-0.814424
-0.781061
-0.730077
0.536918
0.536338
0.535316
0.534321
0.53325
0.532258
0.531343
0.530587
0.529978
0.529566
0.529308
0.52924
0.529322
0.529551
0.529961
0.53052
0.531262
0.532139
0.53316
0.534242
0.535385
0.536433
0.537487
0.538076
0.891406
0.889711
0.888584
0.88794
0.887867
0.888029
0.888441
0.888872
0.889356
0.889765
0.890099
0.890292
0.890339
0.890244
0.890016
0.88972
0.889357
0.889054
0.888779
0.888763
0.888977
0.889768
0.891033
0.892805
0.896805
0.895669
0.894855
0.894366
0.894373
0.894609
0.895096
0.895629
0.896201
0.896688
0.897078
0.897304
0.897362
0.897252
0.896983
0.896622
0.896182
0.89579
0.89545
0.895367
0.89552
0.896163
0.897125
0.898326
0.685436
0.6838
0.695278
0.705383
0.713173
0.718727
0.722812
0.725908
0.728436
0.730608
0.732401
0.733421
0.733457
0.73255
0.730878
0.728838
0.726448
0.723493
0.719548
0.714127
0.706446
0.696429
0.684977
0.686438
0.681545
0.677405
0.674518
0.672341
0.672238
0.672919
0.674157
0.67541
0.676471
0.677194
0.677617
0.677792
0.677777
0.677577
0.677123
0.676363
0.67529
0.674041
0.672834
0.672215
0.672378
0.674557
0.677488
0.681713
0.879222
0.878
0.880498
0.881026
0.879115
0.874401
0.867575
0.859728
0.852402
0.847704
0.84809
0.854937
0.867322
0.868958
0.858009
0.849751
0.848585
0.852877
0.859795
0.866618
0.871532
0.874041
0.874364
0.875231
0.962265
0.961634
0.962591
0.963826
0.965567
0.967375
0.969383
0.971503
0.973732
0.976002
0.978224
0.980245
0.98178
0.98286
0.983079
0.982189
0.980327
0.977785
0.974853
0.971894
0.968932
0.966652
0.964809
0.965257
0.812199
0.812035
0.812161
0.812372
0.812665
0.812883
0.813013
0.813047
0.813015
0.812953
0.812897
0.81287
0.812884
0.812941
0.813031
0.81313
0.813206
0.813223
0.813148
0.812985
0.812745
0.812572
0.812482
0.812667
0.482916
0.481079
0.479677
0.47862
0.478135
0.478208
0.478657
0.479293
0.479954
0.480528
0.480929
0.481103
0.481078
0.480843
0.48038
0.479765
0.479079
0.478443
0.478034
0.478035
0.478615
0.479729
0.4812
0.483155
0.779675
0.779211
0.778845
0.778454
0.778181
0.777972
0.777834
0.777746
0.777697
0.777675
0.777669
0.777671
0.777679
0.777691
0.777711
0.777745
0.777805
0.777902
0.778047
0.77826
0.778536
0.778931
0.779301
0.779763
0.826063
0.825674
0.825574
0.825462
0.825423
0.825385
0.825395
0.825411
0.825446
0.825478
0.825511
0.825532
0.825546
0.825551
0.825545
0.825539
0.825531
0.82554
0.825553
0.825611
0.825666
0.825788
0.825892
0.826276
0.920132
0.920815
0.921533
0.922161
0.922732
0.92322
0.923643
0.923985
0.924258
0.924452
0.924604
0.92469
0.924703
0.924642
0.924515
0.924347
0.924103
0.92379
0.923398
0.922941
0.922399
0.921796
0.921093
0.920416
0.886543
0.887949
0.889206
0.890172
0.890933
0.891495
0.891928
0.892246
0.892476
0.892632
0.892741
0.892796
0.892805
0.892769
0.892679
0.892543
0.892335
0.89204
0.891634
0.891101
0.890368
0.889428
0.888187
0.886787
0.856379
0.856221
0.856831
0.857352
0.857863
0.858365
0.858888
0.859433
0.859989
0.860537
0.861038
0.861418
0.861592
0.861496
0.861108
0.860502
0.859772
0.858988
0.858193
0.857404
0.856596
0.855784
0.854817
0.854788
0.902927
0.90187
0.901246
0.900892
0.900995
0.901307
0.901874
0.902477
0.903119
0.903661
0.904088
0.904332
0.904394
0.904271
0.903973
0.903567
0.90307
0.902619
0.902214
0.902075
0.902153
0.902684
0.903515
0.904605
0.844303
0.843408
0.843147
0.843472
0.843986
0.844444
0.844795
0.845026
0.845175
0.845261
0.845307
0.845328
0.845336
0.845331
0.845303
0.845237
0.845111
0.844909
0.844594
0.844173
0.843695
0.843404
0.843685
0.844598
0.797186
0.794281
0.790829
0.787015
0.784042
0.782037
0.780958
0.780602
0.780711
0.781043
0.781396
0.781552
0.781533
0.781345
0.780975
0.780658
0.780582
0.780982
0.782103
0.784132
0.787106
0.790897
0.794329
0.797215
0.977681
0.980974
0.982042
0.981748
0.980778
0.979559
0.978634
0.978163
0.978154
0.978469
0.978838
0.979088
0.979181
0.979155
0.979092
0.979107
0.979323
0.979858
0.980778
0.981933
0.98281
0.983062
0.981956
0.978529
0.984556
0.98296
0.97953
0.9759
0.972678
0.970142
0.968937
0.969243
0.971424
0.975223
0.979576
0.983437
0.985726
0.987503
0.986835
0.985504
0.982418
0.979658
0.978719
0.980725
0.985092
0.989712
0.992847
0.992544
1.02065
1.01419
1.01602
1.01245
1.00632
0.998913
0.992186
0.987652
0.98641
0.989041
0.995452
1.00445
1.0154
1.01951
1.0129
1.00271
0.995458
0.992126
0.993425
0.998805
1.00608
1.01206
1.01463
1.01876
0.923926
0.925516
0.927115
0.927624
0.928028
0.927973
0.927962
0.927844
0.927776
0.927735
0.927736
0.927796
0.927805
0.927776
0.927812
0.927888
0.92799
0.928139
0.928175
0.928251
0.927859
0.927358
0.925765
0.92417
0.851504
0.851088
0.850801
0.850603
0.850673
0.850809
0.850966
0.851123
0.851268
0.851392
0.851488
0.85155
0.851563
0.851511
0.851388
0.851208
0.850976
0.850703
0.850406
0.850115
0.849881
0.849937
0.850115
0.850697
0.890381
0.889631
0.888918
0.888426
0.888409
0.888503
0.88881
0.889137
0.889529
0.889868
0.890156
0.89033
0.890374
0.890295
0.89011
0.88988
0.889604
0.889399
0.889222
0.889263
0.889412
0.890039
0.890877
0.891697
0.98687
0.987211
0.988324
0.988495
0.988183
0.987578
0.9869
0.986235
0.985673
0.98527
0.985039
0.985024
0.985035
0.985089
0.985366
0.985815
0.986419
0.987123
0.987831
0.988459
0.988788
0.988632
0.987526
0.987189
0.847837
0.847011
0.847049
0.847156
0.847449
0.847798
0.848194
0.848632
0.84911
0.849619
0.850132
0.850575
0.850825
0.850769
0.850339
0.849688
0.84892
0.848116
0.84732
0.846566
0.845876
0.845424
0.845079
0.84577
0.764013
0.763016
0.762186
0.761522
0.760881
0.760303
0.759779
0.75935
0.759032
0.758819
0.758696
0.758639
0.758638
0.758693
0.758812
0.759019
0.759326
0.759741
0.760248
0.760807
0.761431
0.76208
0.762901
0.763891
0.848551
0.848353
0.848729
0.84895
0.849339
0.849545
0.849784
0.849921
0.850063
0.85016
0.850244
0.85029
0.850295
0.850262
0.850194
0.850115
0.849993
0.849877
0.849659
0.849474
0.849102
0.848893
0.848523
0.848712
0.883803
0.883451
0.882848
0.882441
0.882473
0.882625
0.882975
0.883329
0.883734
0.884082
0.884348
0.884508
0.884544
0.884466
0.884284
0.884031
0.883727
0.883481
0.883244
0.883207
0.883289
0.883808
0.884504
0.884899
0.888885
0.887082
0.885109
0.883569
0.882371
0.881459
0.880826
0.880453
0.880322
0.880415
0.880576
0.880757
0.88076
0.880592
0.880452
0.880387
0.880548
0.880947
0.881604
0.882527
0.883733
0.885274
0.887251
0.889081
0.790177
0.791206
0.791649
0.791353
0.790869
0.790569
0.790385
0.790294
0.790303
0.790413
0.790578
0.790702
0.790714
0.790612
0.790462
0.790358
0.790345
0.790422
0.790578
0.790846
0.791297
0.791566
0.791119
0.790092
0.750406
0.751091
0.751101
0.750948
0.750721
0.750569
0.750476
0.750428
0.750403
0.75039
0.750384
0.750379
0.750374
0.750369
0.750363
0.750364
0.750378
0.750413
0.750494
0.750633
0.750843
0.750979
0.750955
0.750264
0.968868
0.968398
0.968895
0.96949
0.970571
0.971862
0.973507
0.975421
0.977734
0.980399
0.983294
0.986151
0.988435
0.989892
0.989756
0.988732
0.986383
0.983508
0.980442
0.977487
0.97477
0.972848
0.971385
0.971823
0.787126
0.787173
0.787287
0.787545
0.788093
0.788819
0.789532
0.790137
0.790593
0.790891
0.791057
0.791116
0.791076
0.790933
0.790681
0.790301
0.789784
0.789142
0.788413
0.787691
0.787158
0.786907
0.786804
0.786759
0.781447
0.781304
0.781297
0.781492
0.781821
0.78218
0.782532
0.78285
0.783108
0.783291
0.783401
0.783437
0.783403
0.783299
0.783129
0.782892
0.782592
0.782243
0.781868
0.781494
0.781156
0.780962
0.780979
0.781113
0.80285
0.802955
0.803201
0.803617
0.804044
0.804363
0.804612
0.804813
0.804976
0.805113
0.805199
0.805224
0.805188
0.805093
0.804945
0.80476
0.804547
0.804298
0.804003
0.803647
0.803193
0.802781
0.802552
0.802455
0.808382
0.808578
0.808948
0.80934
0.809705
0.81002
0.810309
0.810565
0.810779
0.81094
0.811039
0.811075
0.811047
0.810954
0.8108
0.81059
0.810332
0.810037
0.809716
0.809373
0.808986
0.808578
0.808202
0.807998
0.824227
0.824385
0.824718
0.825192
0.825769
0.826364
0.826922
0.827389
0.827743
0.827984
0.828122
0.828167
0.828128
0.828003
0.827791
0.827486
0.827082
0.82658
0.826005
0.825406
0.824829
0.824354
0.824021
0.823861
0.716608
0.716823
0.716574
0.716095
0.715671
0.715373
0.715208
0.715135
0.71512
0.715132
0.71515
0.715152
0.715127
0.715074
0.715006
0.714943
0.714907
0.714929
0.715044
0.715291
0.715666
0.716103
0.71632
0.716099
0.830154
0.830406
0.830731
0.831049
0.831349
0.831617
0.831853
0.832053
0.832209
0.832321
0.832385
0.832404
0.832378
0.832308
0.832194
0.832038
0.831843
0.831611
0.831349
0.831062
0.830751
0.830424
0.83009
0.829827
0.762726
0.761956
0.761267
0.760895
0.76065
0.760409
0.760134
0.759862
0.759627
0.75945
0.759336
0.759275
0.759255
0.759278
0.759352
0.759489
0.759685
0.759923
0.760172
0.760387
0.760602
0.760943
0.761604
0.76237
0.821577
0.821708
0.821842
0.821991
0.822179
0.822388
0.822606
0.822814
0.822992
0.823125
0.823206
0.823231
0.8232
0.823116
0.822979
0.822793
0.822571
0.822327
0.822084
0.82186
0.821667
0.821515
0.821378
0.821242
0.742064
0.742285
0.742795
0.743421
0.744091
0.744721
0.74528
0.745749
0.746118
0.746382
0.746541
0.746603
0.74657
0.746439
0.746209
0.745884
0.745468
0.744965
0.744388
0.743754
0.743098
0.742508
0.742055
0.741852
0.82743
0.827578
0.827796
0.828087
0.828413
0.828686
0.828889
0.82903
0.829119
0.82917
0.829193
0.829194
0.829172
0.829127
0.829062
0.828974
0.82885
0.828679
0.828451
0.828156
0.827811
0.827505
0.827275
0.82712
0.827874
0.827878
0.827778
0.827623
0.827505
0.827407
0.827335
0.827282
0.827243
0.827214
0.827196
0.827183
0.827167
0.827147
0.827133
0.827133
0.827148
0.827181
0.827237
0.827321
0.827427
0.827567
0.827654
0.827645
0.771918
0.772551
0.772569
0.772326
0.772037
0.771842
0.771763
0.771779
0.771849
0.77194
0.772015
0.772046
0.772031
0.771968
0.77186
0.771732
0.771619
0.771552
0.771575
0.771717
0.771954
0.772155
0.772102
0.771462
0.739442
0.739328
0.739396
0.739663
0.740066
0.740494
0.740895
0.741238
0.741509
0.741705
0.741826
0.741875
0.741856
0.741766
0.741609
0.741384
0.741092
0.740738
0.740337
0.739919
0.739535
0.739295
0.73927
0.739411
0.821394
0.821596
0.821901
0.822162
0.822413
0.82262
0.822778
0.822895
0.822974
0.823024
0.823051
0.823057
0.823039
0.822997
0.822937
0.822857
0.822752
0.822613
0.822436
0.822213
0.821948
0.821671
0.821353
0.82114
0.756198
0.756227
0.756362
0.756635
0.756999
0.757368
0.757708
0.757999
0.758232
0.7584
0.7585
0.758534
0.758503
0.758406
0.758246
0.758027
0.757751
0.757425
0.757057
0.756665
0.756283
0.756007
0.755871
0.755854
0.840795
0.840929
0.841106
0.841172
0.841244
0.841367
0.841521
0.841685
0.841839
0.841963
0.84204
0.842068
0.842056
0.842005
0.841905
0.841758
0.841582
0.841397
0.841222
0.84108
0.840994
0.840919
0.840736
0.840594
0.768508
0.768683
0.768984
0.769418
0.769959
0.770527
0.771063
0.771524
0.771887
0.77214
0.772289
0.772347
0.772317
0.772194
0.771976
0.771659
0.771243
0.770743
0.770182
0.769602
0.769061
0.76864
0.768369
0.768227
0.739867
0.740425
0.740369
0.740038
0.739693
0.739461
0.739337
0.739301
0.739312
0.739342
0.739376
0.739391
0.739373
0.739322
0.739251
0.739183
0.739132
0.739129
0.739213
0.739404
0.739711
0.740007
0.740036
0.739475
0.845994
0.846007
0.845974
0.845917
0.845887
0.845882
0.845893
0.845906
0.845916
0.845919
0.845913
0.845901
0.84589
0.845879
0.845865
0.845842
0.845814
0.845781
0.84575
0.845736
0.845745
0.84578
0.845793
0.845769
0.852875
0.852696
0.852543
0.852379
0.852306
0.852289
0.852318
0.852372
0.852438
0.852501
0.852554
0.852587
0.852595
0.852577
0.852533
0.852469
0.852395
0.852323
0.85227
0.85226
0.852304
0.852437
0.85257
0.852725
0.844841
0.844791
0.844748
0.844737
0.844794
0.844881
0.844984
0.845084
0.845172
0.845244
0.845296
0.845325
0.845327
0.845302
0.84525
0.845174
0.845076
0.844962
0.844844
0.844741
0.844669
0.844669
0.844714
0.844752
0.746217
0.745382
0.744685
0.744285
0.744009
0.743774
0.743556
0.743369
0.743223
0.743117
0.743046
0.743001
0.742977
0.742974
0.742998
0.743057
0.743157
0.743301
0.74348
0.743679
0.743917
0.744284
0.744954
0.745788
0.860042
0.860047
0.860161
0.860308
0.860547
0.860813
0.861095
0.861374
0.861632
0.861852
0.862021
0.862124
0.862146
0.862082
0.861938
0.86172
0.861444
0.861124
0.860781
0.860442
0.860127
0.85991
0.859754
0.85972
0.729158
0.729098
0.729191
0.729471
0.729891
0.730353
0.730801
0.731196
0.731513
0.731741
0.731882
0.731941
0.731921
0.731819
0.731634
0.731368
0.731026
0.730623
0.730181
0.729739
0.729356
0.729133
0.729111
0.729223
0.802764
0.802606
0.802332
0.80197
0.801576
0.80118
0.800807
0.800467
0.800169
0.799926
0.799752
0.799653
0.799634
0.799692
0.799828
0.800035
0.800303
0.800619
0.800973
0.801357
0.801751
0.80212
0.802403
0.802561
0.799473
0.798303
0.796928
0.796297
0.797253
0.798068
0.797977
0.796664
0.794629
0.793015
0.792039
0.791587
0.791597
0.792064
0.793055
0.794714
0.796796
0.798087
0.798141
0.797315
0.796251
0.796797
0.798106
0.799257
0.834024
0.833899
0.833754
0.833564
0.833431
0.833335
0.833278
0.83325
0.833244
0.833248
0.833253
0.833255
0.833251
0.833242
0.83323
0.833219
0.833218
0.833238
0.833287
0.833375
0.8335
0.833682
0.833825
0.833938
0.823478
0.823183
0.822934
0.822652
0.82245
0.822302
0.822209
0.822157
0.822132
0.822125
0.822125
0.822129
0.822133
0.822136
0.822142
0.822157
0.822187
0.822246
0.822343
0.822497
0.822703
0.822989
0.823243
0.823533
0.802815
0.802501
0.801887
0.801116
0.80026
0.799451
0.798825
0.798409
0.798133
0.797926
0.797764
0.797662
0.797634
0.79768
0.797783
0.797931
0.798149
0.798518
0.799118
0.799936
0.800837
0.801669
0.802339
0.802672
0.758852
0.759425
0.759428
0.759189
0.758915
0.758754
0.758724
0.758807
0.758948
0.759094
0.759207
0.759255
0.759236
0.759149
0.758995
0.758805
0.758616
0.758476
0.758447
0.758553
0.758775
0.758973
0.758938
0.758363
0.802599
0.802762
0.802837
0.802868
0.802926
0.803045
0.803188
0.803326
0.803446
0.803538
0.803596
0.803617
0.8036
0.803547
0.803457
0.803335
0.803187
0.803022
0.802855
0.802714
0.802639
0.802597
0.802519
0.802349
0.834853
0.83465
0.834582
0.834477
0.834446
0.834458
0.834509
0.834579
0.834655
0.834727
0.834785
0.834821
0.83483
0.834811
0.834768
0.834708
0.83464
0.834576
0.834531
0.834523
0.834559
0.834669
0.834746
0.834945
0.801707
0.801452
0.801442
0.801541
0.801711
0.801898
0.802067
0.802197
0.802285
0.802334
0.802352
0.802347
0.802326
0.802292
0.802235
0.80215
0.802027
0.801864
0.801675
0.801482
0.801313
0.801217
0.801237
0.801509
0.800277
0.799251
0.797891
0.796458
0.795346
0.794551
0.793521
0.792355
0.791456
0.790921
0.790669
0.790596
0.790603
0.790696
0.790984
0.791575
0.792554
0.793817
0.794899
0.795595
0.796417
0.797559
0.798758
0.799822
0.801676
0.801291
0.80075
0.800268
0.800091
0.800183
0.79994
0.799344
0.798762
0.79832
0.798052
0.797944
0.797945
0.798059
0.798344
0.798821
0.799477
0.80018
0.800419
0.800175
0.800185
0.800585
0.801086
0.801454
0.802488
0.803233
0.803971
0.804149
0.804183
0.804559
0.805046
0.805371
0.805408
0.805277
0.805036
0.804796
0.804687
0.804717
0.804758
0.804703
0.804503
0.80406
0.803583
0.803295
0.803383
0.803387
0.802842
0.802197
0.795528
0.794181
0.792875
0.791274
0.789706
0.788327
0.786875
0.78536
0.783959
0.782837
0.782072
0.781711
0.781751
0.782179
0.782998
0.784175
0.785633
0.787217
0.788778
0.790281
0.791578
0.792738
0.793731
0.794995
0.811253
0.811078
0.81104
0.810951
0.810893
0.810859
0.810852
0.810858
0.810869
0.810879
0.810886
0.810888
0.810885
0.810876
0.810863
0.810846
0.81083
0.810818
0.81082
0.81085
0.810906
0.810993
0.811032
0.8112
0.800864
0.800817
0.801025
0.801309
0.801609
0.801889
0.802136
0.802343
0.802507
0.802627
0.802703
0.802732
0.802714
0.802652
0.802546
0.802401
0.802216
0.801991
0.801729
0.801435
0.801126
0.800838
0.800635
0.800684
0.80226
0.80207
0.802182
0.802499
0.802911
0.80329
0.803554
0.803678
0.803687
0.803627
0.803544
0.803472
0.80344
0.803447
0.803466
0.803464
0.803397
0.803222
0.802932
0.802565
0.802182
0.801897
0.801817
0.802028
0.81195
0.811904
0.811816
0.81166
0.811534
0.811443
0.81138
0.811332
0.811292
0.81126
0.811236
0.811218
0.811207
0.8112
0.811202
0.811213
0.811233
0.811264
0.811313
0.811392
0.811508
0.811655
0.811739
0.811777
0.858365
0.858513
0.858779
0.859039
0.859334
0.859597
0.859815
0.859991
0.860132
0.860236
0.860302
0.860328
0.860314
0.860259
0.860165
0.860033
0.859866
0.859664
0.859424
0.859139
0.858825
0.85855
0.858274
0.858117
0.793679
0.794022
0.794993
0.796457
0.797734
0.79765
0.796003
0.793597
0.791313
0.789569
0.788344
0.787661
0.787652
0.788297
0.789453
0.79109
0.793227
0.795486
0.796964
0.796895
0.795733
0.79444
0.793604
0.793321
0.8022
0.802073
0.801968
0.80182
0.801642
0.801452
0.80128
0.801137
0.801025
0.800938
0.800873
0.80083
0.800807
0.800807
0.80083
0.800881
0.800963
0.801082
0.801239
0.801422
0.801601
0.801753
0.801864
0.80199
0.802136
0.80139
0.799606
0.797276
0.794542
0.792626
0.791692
0.791545
0.791878
0.792167
0.792259
0.792238
0.792203
0.792139
0.791941
0.79154
0.791125
0.791221
0.792094
0.793934
0.796737
0.79918
0.801077
0.801867
0.738417
0.737597
0.73692
0.736482
0.736166
0.735903
0.735675
0.735483
0.735339
0.735237
0.735169
0.735125
0.735099
0.735091
0.735107
0.735159
0.735253
0.735397
0.735581
0.735801
0.736071
0.73647
0.737114
0.737932
0.772732
0.772682
0.772589
0.77247
0.772361
0.772263
0.772191
0.772139
0.772101
0.772069
0.772041
0.772014
0.77199
0.771968
0.771949
0.771937
0.771935
0.771951
0.771992
0.772064
0.772152
0.772254
0.772336
0.772378
0.846123
0.84619
0.846251
0.846154
0.846137
0.846188
0.846276
0.846382
0.846488
0.846578
0.846638
0.846661
0.846643
0.846584
0.846489
0.846366
0.846229
0.846095
0.845984
0.845914
0.845918
0.846002
0.84593
0.845857
0.798984
0.79917
0.799444
0.800298
0.801475
0.802171
0.801972
0.801126
0.800079
0.799108
0.79833
0.797867
0.797823
0.798202
0.798901
0.799792
0.800749
0.801482
0.801533
0.800754
0.79964
0.798912
0.798704
0.798462
0.859503
0.859555
0.859443
0.859451
0.859541
0.859637
0.859699
0.859726
0.859731
0.859722
0.859707
0.859689
0.859672
0.859657
0.859641
0.85962
0.859587
0.859534
0.859447
0.859326
0.859213
0.859178
0.859268
0.859199
0.79665
0.796128
0.795142
0.794395
0.793743
0.792709
0.791266
0.789703
0.788323
0.787304
0.786675
0.786401
0.7864
0.786662
0.787266
0.788251
0.789604
0.79118
0.792676
0.793721
0.794371
0.795034
0.795942
0.796411
0.800752
0.799706
0.797161
0.794045
0.791368
0.789418
0.788205
0.787654
0.787589
0.787894
0.788275
0.788522
0.788543
0.788331
0.787973
0.787678
0.787719
0.788211
0.789327
0.791157
0.79367
0.796735
0.799331
0.800449
0.796174
0.796026
0.795605
0.794907
0.793851
0.79246
0.790961
0.789624
0.788602
0.787924
0.787528
0.787351
0.787354
0.787536
0.78794
0.788633
0.789678
0.791055
0.792601
0.793979
0.794928
0.79547
0.795787
0.795887
0.889072
0.88889
0.888719
0.888723
0.88877
0.888827
0.888887
0.888945
0.888996
0.889033
0.889054
0.889055
0.889032
0.888988
0.888928
0.888855
0.888772
0.888686
0.888601
0.888523
0.888458
0.888448
0.888638
0.888829
0.867796
0.867802
0.867857
0.868007
0.868294
0.868638
0.868963
0.869233
0.869438
0.869577
0.869656
0.869678
0.86965
0.869572
0.869442
0.869258
0.869015
0.868715
0.868369
0.868014
0.867725
0.86758
0.867523
0.867515
0.876288
0.876234
0.876157
0.876254
0.876467
0.876726
0.876987
0.87721
0.87738
0.877496
0.877562
0.877582
0.877559
0.877494
0.877385
0.87723
0.877026
0.876777
0.876499
0.876226
0.875992
0.875886
0.875973
0.876026
0.872585
0.872811
0.873103
0.873397
0.873652
0.87387
0.874058
0.874217
0.874343
0.874434
0.87449
0.874508
0.874489
0.874435
0.874344
0.874221
0.874067
0.873885
0.873678
0.873445
0.873173
0.872867
0.872564
0.872331
0.803352
0.803002
0.802183
0.801227
0.800164
0.7992
0.798623
0.798396
0.798298
0.798203
0.798104
0.798021
0.797971
0.797953
0.797948
0.797937
0.797932
0.798076
0.798621
0.799625
0.800792
0.801843
0.802722
0.803096
0.79687
0.795027
0.793939
0.794145
0.795456
0.796992
0.798404
0.799592
0.800522
0.801196
0.801621
0.80182
0.801827
0.801638
0.80122
0.800558
0.799647
0.798493
0.797132
0.795668
0.794447
0.794337
0.795457
0.797271
0.884909
0.884895
0.884813
0.884719
0.884684
0.884726
0.884824
0.884947
0.885068
0.885167
0.885231
0.885254
0.885233
0.88517
0.885068
0.884936
0.884786
0.88464
0.884527
0.884478
0.884508
0.884601
0.884679
0.884687
0.798283
0.798215
0.79859
0.798911
0.799391
0.800016
0.80069
0.801301
0.801773
0.80208
0.802228
0.802258
0.80224
0.802175
0.801989
0.801642
0.801131
0.800482
0.799769
0.799106
0.798596
0.798283
0.797939
0.798003
0.922652
0.922354
0.921699
0.921008
0.920351
0.919777
0.919346
0.91906
0.918889
0.918797
0.918751
0.918726
0.918714
0.918718
0.918752
0.918841
0.919015
0.919308
0.919745
0.920323
0.92099
0.921708
0.922404
0.922722
0.799163
0.798905
0.799687
0.800763
0.801913
0.803033
0.804011
0.804758
0.805247
0.805521
0.805641
0.805668
0.805658
0.805616
0.805491
0.805223
0.804748
0.804003
0.80301
0.801837
0.800592
0.799454
0.798634
0.798842
0.786303
0.786132
0.786064
0.786011
0.785961
0.785908
0.785862
0.785821
0.785782
0.785748
0.785721
0.7857
0.785682
0.785668
0.785662
0.785665
0.785677
0.785693
0.785718
0.785755
0.78579
0.78583
0.78589
0.786058
0.706847
0.706368
0.705833
0.705348
0.704961
0.704651
0.704409
0.704227
0.704098
0.704015
0.703973
0.703972
0.704011
0.704087
0.704201
0.704357
0.704559
0.704814
0.705126
0.705499
0.705939
0.706467
0.707028
0.707511
0.712613
0.712355
0.712125
0.712026
0.712043
0.712124
0.712237
0.712358
0.712472
0.71257
0.712641
0.712687
0.712705
0.712692
0.712653
0.712595
0.712527
0.712458
0.712402
0.712383
0.712426
0.71258
0.712862
0.713166
0.70095
0.700569
0.700227
0.699969
0.699808
0.699718
0.69967
0.699646
0.699639
0.699644
0.699658
0.699678
0.699701
0.699726
0.699754
0.699791
0.69984
0.699905
0.700001
0.700142
0.70035
0.700633
0.700973
0.701356
0.703885
0.703797
0.703673
0.703575
0.70348
0.703393
0.703336
0.703307
0.703295
0.70329
0.703285
0.703273
0.703249
0.703221
0.703193
0.703171
0.703163
0.703178
0.703226
0.703311
0.703415
0.70352
0.703652
0.70373
0.700454
0.700178
0.699872
0.699679
0.699603
0.699598
0.69963
0.699678
0.69973
0.699777
0.699814
0.699838
0.699849
0.699848
0.699839
0.699824
0.69981
0.699804
0.69982
0.699873
0.699992
0.700219
0.700546
0.700843
0.725646
0.725293
0.725003
0.724698
0.724458
0.724265
0.724123
0.724023
0.723956
0.723912
0.723883
0.723862
0.723845
0.723832
0.723828
0.72384
0.723876
0.723947
0.724064
0.724235
0.724459
0.724756
0.725049
0.725407
0.708563
0.708584
0.708562
0.708544
0.708532
0.708526
0.708525
0.708524
0.70852
0.708512
0.708498
0.708477
0.708448
0.708415
0.708377
0.708336
0.708293
0.708249
0.708209
0.708174
0.708146
0.708138
0.708154
0.708126
0.697269
0.697485
0.697668
0.697746
0.69776
0.697751
0.697736
0.697724
0.697716
0.697709
0.697702
0.697691
0.697674
0.697657
0.697644
0.697636
0.697639
0.697653
0.697679
0.697711
0.697733
0.697708
0.69759
0.697429
0.706909
0.706585
0.706213
0.705941
0.705782
0.705704
0.705676
0.705674
0.705689
0.705711
0.705735
0.705763
0.705793
0.705823
0.705853
0.705887
0.705929
0.705983
0.706066
0.706199
0.706407
0.706728
0.707148
0.707523
0.70892
0.708514
0.708088
0.707767
0.70755
0.707401
0.707308
0.707262
0.707249
0.707256
0.707277
0.707307
0.707345
0.707388
0.707439
0.707502
0.707588
0.70771
0.707876
0.708093
0.708373
0.708753
0.709222
0.709653
0.725993
0.725764
0.725469
0.725085
0.724752
0.724485
0.724292
0.724161
0.724077
0.724024
0.723992
0.72397
0.723956
0.72395
0.723956
0.723981
0.724038
0.724141
0.724305
0.724545
0.724851
0.725213
0.725495
0.725716
0.717783
0.717661
0.717558
0.717475
0.717427
0.717407
0.717413
0.717434
0.71746
0.717479
0.717485
0.717473
0.717438
0.717382
0.717308
0.717223
0.717134
0.717052
0.716989
0.716959
0.716963
0.717014
0.717102
0.717217
0.717566
0.717209
0.716778
0.716284
0.715845
0.715491
0.715232
0.715053
0.714936
0.714863
0.714822
0.7148
0.714792
0.7148
0.71483
0.71489
0.714994
0.715158
0.715401
0.715735
0.716158
0.716644
0.717078
0.717431
0.721839
0.721733
0.721606
0.721457
0.721323
0.72122
0.721157
0.721126
0.721115
0.721111
0.721104
0.721085
0.72105
0.721
0.720938
0.720874
0.720819
0.720786
0.720789
0.720838
0.720926
0.721041
0.721148
0.721243
0.733141
0.732907
0.732554
0.732184
0.731829
0.731497
0.731198
0.730943
0.730742
0.730598
0.730516
0.730495
0.730535
0.730636
0.730797
0.731017
0.73129
0.73161
0.731966
0.732346
0.732743
0.733145
0.733522
0.733762
0.755217
0.754611
0.754176
0.753644
0.753129
0.752616
0.752137
0.751728
0.751426
0.751231
0.75113
0.751106
0.751144
0.751244
0.751421
0.751688
0.752054
0.752511
0.753017
0.753543
0.754056
0.754576
0.755007
0.755611
0.781473
0.780813
0.780498
0.780287
0.780262
0.780528
0.781088
0.781687
0.782203
0.782592
0.782843
0.782956
0.782948
0.782811
0.782534
0.782119
0.781584
0.780993
0.780524
0.780347
0.780435
0.780678
0.780959
0.781623
0.757444
0.757226
0.757583
0.75803
0.758383
0.758597
0.758666
0.7586
0.758463
0.758324
0.758228
0.758194
0.758226
0.758325
0.758481
0.758664
0.758826
0.758892
0.758807
0.758577
0.758202
0.757755
0.757453
0.757721
0.742659
0.742677
0.742659
0.742474
0.742267
0.742051
0.74186
0.741701
0.741578
0.741489
0.741431
0.741399
0.741391
0.741406
0.741448
0.74152
0.741626
0.741768
0.741942
0.742143
0.742336
0.74251
0.742523
0.742499
0.748944
0.748358
0.747738
0.747033
0.746463
0.745992
0.745609
0.745306
0.745084
0.744936
0.744856
0.744835
0.744867
0.744952
0.745094
0.7453
0.745574
0.74592
0.746332
0.74682
0.747393
0.748093
0.748707
0.749286
0.766922
0.766287
0.765739
0.765139
0.764706
0.764368
0.764117
0.763922
0.763776
0.763672
0.763611
0.763591
0.763615
0.763684
0.763793
0.763943
0.764135
0.764373
0.764666
0.765038
0.765498
0.766114
0.76667
0.767308
0.789465
0.788852
0.788729
0.78861
0.788571
0.788482
0.788359
0.788213
0.788068
0.787944
0.787855
0.787813
0.787825
0.787889
0.788001
0.788152
0.78833
0.788518
0.788691
0.788838
0.788929
0.789085
0.789229
0.78984
0.79802
0.798636
0.799911
0.801156
0.802175
0.802918
0.803372
0.803594
0.80366
0.80363
0.803563
0.803515
0.803511
0.80355
0.803611
0.803638
0.803573
0.803355
0.802917
0.802194
0.801196
0.799981
0.798732
0.798097
0.793904
0.793214
0.793545
0.794463
0.795471
0.79636
0.797042
0.797514
0.797814
0.797997
0.798103
0.798153
0.798151
0.798095
0.797983
0.797791
0.797474
0.79698
0.796269
0.795348
0.794304
0.793361
0.793049
0.793795
0.749492
0.7492
0.748627
0.747996
0.747398
0.746867
0.746414
0.746045
0.745761
0.745561
0.745445
0.745407
0.745445
0.745559
0.745754
0.746029
0.746386
0.746824
0.747343
0.747937
0.748596
0.749282
0.749895
0.750189
0.79913
0.797631
0.797282
0.79764
0.79823
0.798927
0.799623
0.800237
0.800733
0.801093
0.801314
0.8014
0.801359
0.801192
0.800893
0.800469
0.799924
0.799274
0.798562
0.797881
0.797353
0.797116
0.797519
0.799013
0.763533
0.763051
0.762855
0.762374
0.761784
0.761193
0.760679
0.760268
0.759997
0.759844
0.759779
0.759772
0.759803
0.759873
0.760006
0.760227
0.760567
0.761038
0.761591
0.762203
0.762788
0.763226
0.7634
0.763892
0.743149
0.742883
0.74244
0.741943
0.741454
0.741001
0.740595
0.74025
0.739973
0.739772
0.739651
0.73961
0.73965
0.739769
0.739967
0.74024
0.740583
0.740989
0.741449
0.741951
0.742484
0.743022
0.743489
0.743738
0.74204
0.742044
0.742032
0.741931
0.741824
0.741727
0.741656
0.741609
0.741579
0.741559
0.741542
0.741522
0.741495
0.741464
0.74143
0.7414
0.741383
0.741385
0.741416
0.741476
0.741553
0.741629
0.741627
0.741614
0.794679
0.795652
0.797685
0.799447
0.800828
0.801722
0.8022
0.802387
0.802407
0.802354
0.802291
0.802249
0.802237
0.802256
0.802299
0.802341
0.802323
0.802154
0.801713
0.800872
0.799555
0.797848
0.795872
0.79488
0.725666
0.72572
0.725719
0.725702
0.725677
0.725675
0.725692
0.725721
0.725752
0.725771
0.72577
0.725744
0.72569
0.72561
0.725508
0.725391
0.725269
0.725158
0.725071
0.725019
0.725015
0.725038
0.725086
0.725072
0.797385
0.796725
0.797642
0.79888
0.800095
0.801053
0.801746
0.80221
0.802495
0.802653
0.802725
0.802745
0.802732
0.802684
0.802586
0.802412
0.802123
0.801673
0.801011
0.800093
0.798917
0.797715
0.796799
0.797425
0.79806
0.79739
0.797745
0.798262
0.799004
0.799764
0.800448
0.801001
0.801408
0.801678
0.801834
0.8019
0.801894
0.801817
0.801655
0.801388
0.800991
0.800453
0.799788
0.799044
0.798306
0.797782
0.797424
0.798104
0.73108
0.731222
0.731279
0.731384
0.731574
0.731834
0.732124
0.732405
0.732645
0.732821
0.732921
0.732936
0.732863
0.732704
0.732463
0.732154
0.731793
0.731407
0.731032
0.730718
0.730503
0.730406
0.730403
0.730324
0.776609
0.776776
0.777126
0.777638
0.778288
0.778972
0.779595
0.780109
0.780492
0.780736
0.780867
0.780907
0.780863
0.780731
0.780506
0.780172
0.779719
0.779158
0.778508
0.777817
0.777173
0.776673
0.776331
0.776164
0.702098
0.702267
0.702462
0.702729
0.702981
0.703198
0.703382
0.703531
0.703643
0.703717
0.703752
0.703748
0.703706
0.703626
0.703511
0.703361
0.703177
0.702962
0.702717
0.702442
0.702131
0.701795
0.701525
0.701309
0.80556
0.805819
0.806182
0.806555
0.806913
0.807224
0.807479
0.80768
0.80783
0.80793
0.807984
0.807995
0.807967
0.807899
0.807791
0.807641
0.807448
0.807209
0.806924
0.806588
0.80621
0.805819
0.805439
0.805168
0.813316
0.813372
0.813673
0.814354
0.815148
0.815845
0.816433
0.816905
0.817261
0.817505
0.817645
0.817694
0.817655
0.81753
0.817315
0.817005
0.816595
0.81608
0.815463
0.814748
0.813947
0.813288
0.813017
0.812972
0.751746
0.751555
0.751105
0.750576
0.750054
0.749573
0.749151
0.748798
0.748519
0.748318
0.748195
0.748152
0.748188
0.748302
0.748492
0.748757
0.749095
0.749501
0.749969
0.750489
0.751041
0.751594
0.75207
0.752282
0.788259
0.788202
0.788124
0.788094
0.788099
0.788128
0.788173
0.788225
0.788275
0.78832
0.788354
0.788373
0.788373
0.788355
0.788323
0.78828
0.788229
0.788178
0.788134
0.788106
0.788103
0.788134
0.788214
0.788272
0.785826
0.786097
0.786741
0.787301
0.787842
0.788332
0.78874
0.789061
0.789302
0.789475
0.789589
0.789651
0.789658
0.78961
0.789507
0.789342
0.789106
0.788784
0.788365
0.787861
0.78731
0.786749
0.786101
0.785836
0.800234
0.800196
0.800446
0.800774
0.801122
0.801461
0.801771
0.802041
0.802261
0.802426
0.802532
0.802576
0.802559
0.802482
0.802347
0.802156
0.801913
0.801622
0.801295
0.800942
0.800584
0.800252
0.800007
0.800049
0.798719
0.798223
0.799565
0.801333
0.803099
0.804537
0.805584
0.806285
0.806716
0.806954
0.807062
0.807087
0.807061
0.806983
0.806829
0.806558
0.806112
0.805417
0.804395
0.802995
0.801269
0.799535
0.798189
0.798641
0.804741
0.804572
0.80499
0.805613
0.806248
0.806771
0.80713
0.807347
0.807463
0.807516
0.807536
0.807542
0.807545
0.807543
0.80753
0.807488
0.807387
0.807189
0.806858
0.806364
0.805753
0.805151
0.804758
0.804943
0.737671
0.73761
0.737536
0.73746
0.737398
0.737352
0.737322
0.737302
0.737288
0.737272
0.737251
0.737221
0.737181
0.737131
0.737075
0.737017
0.736962
0.736919
0.736893
0.736891
0.73691
0.736951
0.737002
0.737051
0.775101
0.775195
0.775264
0.775409
0.775628
0.775912
0.77622
0.776513
0.776763
0.776951
0.777065
0.7771
0.777054
0.776926
0.776723
0.776452
0.776127
0.77577
0.775412
0.775095
0.774863
0.774717
0.774646
0.774552
0.762563
0.761685
0.761144
0.76104
0.761094
0.761162
0.761169
0.761099
0.76101
0.760936
0.760894
0.760883
0.760903
0.760959
0.76105
0.761164
0.761283
0.761361
0.761341
0.761264
0.761225
0.761427
0.762044
0.762914
0.711049
0.710621
0.710068
0.709612
0.709235
0.708912
0.708638
0.708412
0.708236
0.708108
0.708028
0.70799
0.70799
0.708031
0.708117
0.70825
0.708431
0.708663
0.708948
0.709289
0.709688
0.710169
0.710803
0.711293
0.708757
0.708929
0.709029
0.709053
0.708968
0.708815
0.708644
0.708482
0.708341
0.708229
0.708153
0.70811
0.708101
0.708129
0.708196
0.708298
0.708431
0.708587
0.708753
0.708903
0.708987
0.708956
0.708847
0.708654
0.777451
0.7765
0.776085
0.775876
0.77581
0.775732
0.775618
0.775485
0.775356
0.775251
0.775186
0.775165
0.775196
0.775273
0.775392
0.775546
0.775718
0.775884
0.776019
0.776112
0.776195
0.776429
0.776853
0.777805
0.794801
0.794964
0.795732
0.796538
0.797363
0.798065
0.798588
0.798945
0.799173
0.799305
0.799375
0.799404
0.799402
0.799369
0.7993
0.799173
0.798957
0.798616
0.798118
0.797447
0.796651
0.795864
0.795126
0.794952
0.754751
0.754391
0.753697
0.752915
0.752207
0.751601
0.751091
0.750679
0.750362
0.750137
0.750002
0.749954
0.749988
0.750107
0.750312
0.750603
0.75098
0.751446
0.752002
0.752652
0.753399
0.754217
0.75495
0.755319
0.708072
0.707671
0.707065
0.706433
0.705858
0.705368
0.704965
0.704646
0.704408
0.704246
0.704157
0.704135
0.704176
0.704281
0.704453
0.704694
0.705007
0.705394
0.705859
0.706402
0.707016
0.707679
0.708314
0.708729
0.733223
0.733158
0.732964
0.73274
0.732511
0.732291
0.732089
0.731916
0.731778
0.73168
0.731624
0.731615
0.731651
0.731733
0.731858
0.732024
0.732227
0.732461
0.732718
0.732986
0.733254
0.73351
0.733726
0.7338
0.747884
0.747959
0.74794
0.747905
0.747883
0.747876
0.747876
0.747879
0.747878
0.747872
0.747856
0.747829
0.747788
0.747733
0.747669
0.747601
0.747531
0.747466
0.74741
0.74737
0.747352
0.74736
0.747368
0.747295
0.791393
0.790689
0.790449
0.79072
0.7912
0.791685
0.79205
0.792277
0.792402
0.792462
0.792484
0.792488
0.79248
0.792461
0.792428
0.79236
0.792231
0.792008
0.791655
0.791171
0.79068
0.790384
0.790584
0.791248
0.792042
0.792198
0.792843
0.793684
0.794544
0.795305
0.795931
0.79643
0.796819
0.797107
0.797298
0.797394
0.79739
0.797288
0.797091
0.796798
0.796403
0.795893
0.79525
0.794467
0.79359
0.792744
0.792088
0.791941
0.795849
0.795916
0.796456
0.797242
0.797947
0.79861
0.799252
0.799832
0.800319
0.800692
0.800941
0.801059
0.801041
0.800887
0.800606
0.800205
0.799695
0.799097
0.79845
0.797779
0.797062
0.796267
0.795732
0.795666
0.726535
0.726247
0.725826
0.725402
0.725007
0.724642
0.724321
0.724058
0.723858
0.723723
0.723651
0.723641
0.723692
0.723801
0.723971
0.724203
0.724494
0.724841
0.725235
0.725658
0.726096
0.726542
0.726971
0.727264
0.74129
0.741168
0.740883
0.740545
0.7402
0.739868
0.739563
0.739298
0.739084
0.738929
0.738837
0.738811
0.73885
0.738953
0.739119
0.739343
0.73962
0.739942
0.740299
0.740677
0.741063
0.741435
0.74174
0.741859
0.716749
0.716826
0.716867
0.716909
0.716957
0.717022
0.717099
0.717176
0.717241
0.717285
0.717301
0.717285
0.717233
0.717147
0.71703
0.716887
0.716728
0.716563
0.716408
0.716276
0.716178
0.716112
0.716072
0.715994
0.960024
0.962262
0.963217
0.962324
0.960716
0.959335
0.958428
0.95793
0.957721
0.957678
0.957705
0.957745
0.957774
0.9578
0.957845
0.95797
0.958269
0.958866
0.959878
0.961364
0.963032
0.96392
0.962892
0.960618
0.73444
0.734125
0.733822
0.73354
0.733323
0.733157
0.73304
0.732961
0.73291
0.732875
0.732849
0.732823
0.732795
0.732765
0.732737
0.732719
0.732719
0.73275
0.732823
0.732951
0.733134
0.733394
0.733689
0.734005
0.761803
0.760731
0.759898
0.759205
0.758711
0.758337
0.758079
0.757904
0.75781
0.757767
0.757751
0.757747
0.757754
0.757774
0.757808
0.757872
0.757992
0.758198
0.758484
0.758895
0.759431
0.760166
0.761033
0.762123
0.71696
0.717266
0.717514
0.717605
0.717694
0.717839
0.71803
0.718234
0.71842
0.718562
0.718646
0.718658
0.718595
0.718458
0.718254
0.717997
0.717707
0.71741
0.717142
0.716937
0.716824
0.716799
0.716753
0.71661
0.790666
0.789516
0.789495
0.789955
0.790447
0.790732
0.790781
0.790707
0.790597
0.790501
0.790444
0.790429
0.790443
0.790484
0.790567
0.790695
0.790845
0.790958
0.790917
0.790632
0.790134
0.789648
0.789653
0.790808
0.738407
0.737447
0.736741
0.73633
0.735957
0.735591
0.73526
0.734977
0.734749
0.734582
0.734483
0.734447
0.734472
0.734564
0.734725
0.73495
0.735231
0.735563
0.735936
0.736331
0.736727
0.737171
0.737941
0.738935
0.733029
0.733011
0.733065
0.732983
0.732767
0.732453
0.732086
0.731712
0.731373
0.731106
0.730937
0.730872
0.730912
0.731062
0.731316
0.731656
0.732053
0.732469
0.732857
0.733173
0.733367
0.733399
0.733347
0.73337
0.778122
0.776709
0.775529
0.774469
0.77367
0.773066
0.772634
0.772342
0.772157
0.772051
0.771999
0.771987
0.772008
0.772062
0.772157
0.772308
0.772537
0.772873
0.773346
0.773988
0.774816
0.775898
0.777089
0.778507
0.745139
0.744777
0.744311
0.743736
0.743267
0.742895
0.742642
0.742484
0.742398
0.742359
0.742346
0.742344
0.742347
0.742355
0.742372
0.742415
0.742501
0.742656
0.742904
0.743269
0.743733
0.744303
0.744769
0.745128
0.7536
0.753047
0.752465
0.751802
0.751261
0.750824
0.750512
0.750304
0.750179
0.750112
0.750084
0.750081
0.750096
0.750129
0.750185
0.750279
0.750428
0.750656
0.750986
0.751437
0.751989
0.752659
0.753248
0.7538
0.767369
0.767579
0.767882
0.767915
0.767854
0.76769
0.767497
0.767302
0.767129
0.766992
0.766902
0.766863
0.76688
0.766953
0.767077
0.767247
0.767455
0.767685
0.767913
0.768114
0.768207
0.768198
0.767914
0.767708
0.80809
0.807986
0.808244
0.808623
0.80914
0.809565
0.809856
0.810016
0.810078
0.810084
0.810069
0.81006
0.810072
0.810105
0.810149
0.810178
0.810157
0.810044
0.809804
0.809431
0.808964
0.808618
0.808405
0.808524
0.769647
0.768489
0.767851
0.767656
0.767641
0.767645
0.767617
0.767553
0.76748
0.767416
0.767369
0.767339
0.767324
0.767326
0.767345
0.767383
0.767432
0.767479
0.767491
0.767469
0.767461
0.767634
0.768251
0.769414
0.725985
0.724949
0.724014
0.723286
0.722772
0.722293
0.721846
0.721422
0.721048
0.720741
0.720519
0.720393
0.720369
0.720448
0.720624
0.720889
0.721224
0.72161
0.722021
0.722468
0.722954
0.723658
0.724571
0.725601
0.738554
0.738999
0.739503
0.739943
0.740306
0.740592
0.740806
0.740956
0.741052
0.741104
0.741118
0.741098
0.741047
0.740965
0.740854
0.740712
0.740535
0.740315
0.740042
0.739707
0.739293
0.738796
0.738242
0.737778
0.754512
0.754825
0.755067
0.75525
0.755418
0.755593
0.755763
0.755914
0.756038
0.756129
0.756177
0.756179
0.756132
0.756038
0.755901
0.75573
0.755536
0.755327
0.755115
0.75491
0.754721
0.754526
0.754272
0.753945
0.787017
0.786189
0.786438
0.78726
0.788171
0.78896
0.789536
0.789918
0.790155
0.79029
0.79036
0.790387
0.790382
0.790342
0.790257
0.790101
0.789837
0.789417
0.788793
0.787971
0.787055
0.786277
0.786114
0.786997
0.764674
0.764578
0.764353
0.764015
0.763649
0.76333
0.763073
0.762868
0.762713
0.762604
0.762541
0.762521
0.762541
0.762607
0.762717
0.762872
0.763071
0.76332
0.763623
0.763987
0.764398
0.76478
0.765033
0.765145
0.701744
0.701686
0.701812
0.702148
0.702595
0.703059
0.703518
0.703932
0.704273
0.704529
0.704696
0.704774
0.704765
0.704667
0.704482
0.704211
0.703858
0.703428
0.702925
0.702366
0.701803
0.70135
0.701119
0.701139
0.798704
0.798085
0.798473
0.799543
0.800735
0.801864
0.802849
0.803633
0.804201
0.804579
0.804804
0.804899
0.804875
0.804732
0.804465
0.804052
0.803461
0.802674
0.801702
0.80058
0.799389
0.7983
0.797908
0.798558
0.740419
0.740089
0.739452
0.738801
0.738233
0.737749
0.737345
0.737015
0.736759
0.736576
0.736466
0.736429
0.736463
0.736571
0.736752
0.737006
0.73733
0.737724
0.738194
0.738742
0.739374
0.740084
0.740775
0.741136
0.71888
0.718559
0.718099
0.717633
0.71723
0.716891
0.716609
0.71638
0.716206
0.716086
0.716021
0.716013
0.716061
0.716163
0.716319
0.716527
0.716784
0.71709
0.717444
0.717846
0.7183
0.718798
0.719276
0.719605
0.705476
0.70539
0.705526
0.705833
0.706168
0.706504
0.706822
0.707103
0.707334
0.707503
0.707604
0.707631
0.707579
0.707449
0.707247
0.706975
0.706644
0.706262
0.705842
0.705394
0.704931
0.704468
0.704105
0.704009
0.72089
0.720625
0.720387
0.72012
0.719901
0.719726
0.719587
0.719478
0.719394
0.719333
0.719291
0.719264
0.71925
0.719251
0.719269
0.719307
0.719369
0.71946
0.719585
0.71975
0.719964
0.720236
0.72049
0.720768
0.803738
0.803821
0.804606
0.805476
0.806222
0.806634
0.806768
0.806706
0.806545
0.806362
0.80621
0.806126
0.806132
0.806228
0.806394
0.806599
0.806791
0.806895
0.806817
0.806471
0.805798
0.804984
0.804242
0.804156
0.787736
0.788448
0.789026
0.789305
0.789506
0.789717
0.789947
0.790172
0.790369
0.790522
0.790622
0.790667
0.790664
0.79061
0.7905
0.790338
0.790127
0.789887
0.789639
0.78941
0.789191
0.788901
0.788314
0.787603
0.789096
0.788326
0.788227
0.7888
0.789733
0.790721
0.79151
0.792097
0.792495
0.792749
0.792903
0.792979
0.792978
0.792899
0.792736
0.792458
0.792017
0.791375
0.790493
0.789451
0.788537
0.788074
0.788261
0.789081
0.771152
0.770986
0.770866
0.770708
0.770506
0.770313
0.770146
0.770007
0.769902
0.769832
0.769797
0.769792
0.769815
0.769868
0.769955
0.770074
0.770226
0.770407
0.770612
0.770832
0.771052
0.77122
0.771341
0.771493
0.764709
0.764585
0.764227
0.763852
0.763504
0.763196
0.76293
0.762708
0.762531
0.762403
0.762327
0.762301
0.762326
0.762401
0.762526
0.762699
0.762917
0.763178
0.76348
0.76382
0.764196
0.764589
0.764949
0.765068
0.796445
0.795135
0.795082
0.795739
0.796444
0.796996
0.797389
0.797652
0.797834
0.797958
0.798042
0.798084
0.798077
0.798019
0.797924
0.7978
0.797638
0.797406
0.797052
0.796526
0.795809
0.795099
0.795101
0.796393
0.757733
0.757279
0.756906
0.756528
0.756262
0.756051
0.755894
0.755777
0.755694
0.755639
0.755606
0.755589
0.755586
0.755597
0.755625
0.755674
0.755749
0.755859
0.756007
0.756208
0.756467
0.756839
0.757215
0.757673
0.752804
0.751826
0.75087
0.749985
0.749347
0.748883
0.748568
0.748359
0.748229
0.748157
0.748127
0.748123
0.748137
0.748171
0.748231
0.748332
0.74849
0.748726
0.749066
0.749555
0.750215
0.751118
0.752088
0.75307
0.773064
0.772196
0.77142
0.770615
0.769977
0.769464
0.769095
0.76884
0.768673
0.768573
0.768523
0.768511
0.768533
0.768591
0.768687
0.768832
0.769042
0.769339
0.769746
0.770291
0.770954
0.771775
0.77256
0.773426
0.755459
0.75446
0.753517
0.752631
0.751986
0.751494
0.751137
0.750894
0.750745
0.750661
0.750622
0.750612
0.750625
0.750661
0.750728
0.750839
0.751018
0.751292
0.751681
0.752208
0.752887
0.7538
0.754766
0.755777
0.778523
0.777493
0.777143
0.777473
0.778096
0.778763
0.779374
0.779863
0.780223
0.780467
0.780612
0.78067
0.780655
0.780564
0.780386
0.780108
0.779715
0.779197
0.778576
0.777924
0.777356
0.777145
0.777576
0.778655
0.799149
0.797791
0.797205
0.796868
0.796881
0.797048
0.797273
0.79749
0.797664
0.797784
0.797857
0.797888
0.797888
0.797859
0.797796
0.797692
0.797541
0.797352
0.797153
0.797006
0.796997
0.797326
0.7979
0.799233
0.761445
0.761535
0.761716
0.761957
0.762244
0.762549
0.762851
0.763134
0.763388
0.763605
0.763748
0.763802
0.763765
0.763636
0.763429
0.763167
0.762871
0.762549
0.762216
0.761889
0.761588
0.76134
0.761142
0.761044
0.783683
0.783485
0.783184
0.782942
0.782864
0.782876
0.782932
0.783004
0.783074
0.783133
0.783179
0.783206
0.78321
0.783195
0.783163
0.783118
0.783061
0.783003
0.782958
0.782954
0.783037
0.783275
0.783569
0.783771
0.782899
0.783079
0.783346
0.783649
0.784013
0.784396
0.784754
0.785062
0.785303
0.785466
0.78556
0.78559
0.785555
0.785456
0.785293
0.78506
0.784759
0.784401
0.783999
0.783579
0.783189
0.782877
0.7826
0.782413
0.766099
0.765983
0.76569
0.765372
0.765053
0.764756
0.76449
0.764264
0.764084
0.763953
0.763873
0.763845
0.763867
0.763937
0.764056
0.764223
0.764434
0.764688
0.764977
0.765294
0.76563
0.765962
0.766261
0.766374
0.708497
0.708334
0.708122
0.707961
0.707834
0.707748
0.707712
0.707714
0.707734
0.707757
0.707771
0.707764
0.707732
0.707678
0.707608
0.707531
0.707458
0.707408
0.707397
0.707439
0.707532
0.707669
0.707875
0.708032
0.724068
0.723931
0.723801
0.723568
0.723292
0.723009
0.722754
0.722531
0.722344
0.7222
0.722105
0.722058
0.722056
0.722104
0.722202
0.722347
0.722532
0.722753
0.723005
0.723291
0.72359
0.723869
0.724041
0.724202
0.796184
0.797165
0.799185
0.800952
0.802329
0.803298
0.803906
0.804251
0.804432
0.804526
0.80458
0.804601
0.804582
0.804525
0.804435
0.804314
0.804115
0.803765
0.803169
0.802224
0.800881
0.799163
0.797233
0.79629
0.799477
0.799482
0.799655
0.799883
0.80014
0.800408
0.800665
0.800896
0.801088
0.801235
0.80133
0.801372
0.801359
0.80129
0.80117
0.801001
0.800787
0.800537
0.80026
0.799975
0.7997
0.799456
0.799272
0.799269
0.79873
0.798827
0.798968
0.799217
0.799618
0.800096
0.800573
0.800996
0.801333
0.801573
0.801716
0.801767
0.801728
0.8016
0.801381
0.801072
0.800674
0.8002
0.799682
0.799171
0.798747
0.798491
0.798357
0.798263
0.825619
0.822998
0.821292
0.820765
0.821747
0.823816
0.826363
0.828897
0.831086
0.832733
0.833712
0.833982
0.833889
0.833415
0.832217
0.830431
0.828193
0.825692
0.823246
0.821322
0.820489
0.821118
0.822857
0.825455
0.769815
0.7687
0.76798
0.767425
0.767136
0.767057
0.76714
0.767335
0.767537
0.7677
0.767807
0.767857
0.767848
0.767781
0.767658
0.767481
0.767274
0.767095
0.767059
0.767196
0.76756
0.768167
0.76893
0.770072
0.73674
0.736906
0.73721
0.737549
0.7379
0.738233
0.738524
0.738769
0.738962
0.739102
0.739182
0.739203
0.739162
0.73906
0.7389
0.738685
0.738422
0.738114
0.737762
0.737373
0.736981
0.73662
0.73631
0.736154
0.728086
0.727569
0.726867
0.726214
0.725666
0.725204
0.724816
0.7245
0.724256
0.724086
0.723989
0.723965
0.724016
0.72414
0.724337
0.724604
0.72494
0.725342
0.725807
0.726333
0.726928
0.727597
0.728302
0.728834
0.795676
0.794653
0.793897
0.793141
0.792587
0.792148
0.791821
0.79157
0.791381
0.791246
0.791163
0.79113
0.79115
0.791221
0.791345
0.791524
0.791758
0.792056
0.792427
0.792906
0.793491
0.794266
0.795032
0.796044
0.783212
0.781725
0.780694
0.77987
0.779272
0.778817
0.778501
0.778307
0.778194
0.778135
0.77811
0.778101
0.778116
0.778149
0.778201
0.77829
0.778434
0.778666
0.779019
0.779513
0.780148
0.781004
0.782053
0.783549
0.796193
0.794876
0.794139
0.793555
0.79328
0.79314
0.793057
0.792981
0.792906
0.792836
0.792782
0.792756
0.792763
0.792804
0.792876
0.792973
0.793081
0.793193
0.793313
0.793484
0.793786
0.794387
0.795123
0.79641
0.725297
0.725411
0.725362
0.725308
0.725273
0.725283
0.725337
0.725413
0.725484
0.725534
0.725551
0.725531
0.72547
0.725369
0.725233
0.72507
0.724893
0.724724
0.724591
0.724522
0.724535
0.724621
0.724788
0.724765
0.719904
0.719599
0.719198
0.718823
0.718504
0.718231
0.718002
0.717819
0.717683
0.717592
0.717548
0.717548
0.717592
0.717678
0.717807
0.717977
0.718191
0.718446
0.718743
0.719079
0.719454
0.719873
0.720304
0.720628
0.774224
0.772965
0.771824
0.770735
0.769915
0.769298
0.76886
0.76856
0.768367
0.768256
0.768205
0.768198
0.768223
0.768279
0.76838
0.76854
0.768781
0.769125
0.769602
0.770253
0.771101
0.772207
0.773357
0.774615
0.712913
0.712563
0.712109
0.711645
0.711222
0.710845
0.71052
0.710252
0.710042
0.70989
0.709798
0.709764
0.70979
0.709879
0.710031
0.710245
0.71052
0.710855
0.711246
0.711689
0.712183
0.712739
0.713282
0.713679
0.715159
0.714888
0.714571
0.714296
0.714081
0.713908
0.713773
0.713672
0.713604
0.713566
0.713555
0.713569
0.713608
0.713671
0.713759
0.713874
0.714017
0.714188
0.714389
0.714621
0.714889
0.71521
0.715564
0.715861
0.747035
0.746567
0.74628
0.745956
0.745759
0.745653
0.745579
0.745516
0.745455
0.745403
0.745369
0.745355
0.745365
0.7454
0.745454
0.745522
0.745594
0.745666
0.745751
0.745879
0.746112
0.746491
0.746834
0.747337
0.737898
0.737166
0.736503
0.735889
0.73545
0.735128
0.734912
0.734774
0.734692
0.734648
0.734628
0.734621
0.734621
0.734631
0.734653
0.734698
0.73478
0.734917
0.735131
0.735451
0.73589
0.736507
0.737179
0.737916
0.739028
0.738486
0.738042
0.737579
0.737231
0.736954
0.736749
0.736611
0.736518
0.736458
0.736423
0.736407
0.73641
0.736434
0.73648
0.73655
0.736655
0.73681
0.737035
0.737339
0.737718
0.738214
0.738694
0.73926
0.788009
0.787497
0.787341
0.787158
0.787032
0.786847
0.786637
0.786418
0.786218
0.786057
0.785949
0.785901
0.785918
0.785999
0.786142
0.786339
0.786578
0.78684
0.787098
0.787333
0.787505
0.787722
0.787898
0.78841
0.8015
0.802137
0.803291
0.804289
0.805214
0.805961
0.806519
0.806911
0.807174
0.807341
0.80744
0.807489
0.807497
0.807466
0.807387
0.807244
0.80701
0.806652
0.806135
0.805431
0.804548
0.803582
0.802466
0.801821
0.809694
0.810995
0.812554
0.813807
0.814791
0.815509
0.815984
0.816269
0.816417
0.816473
0.816482
0.816478
0.816482
0.816495
0.816496
0.816452
0.816321
0.816058
0.815612
0.814932
0.81399
0.812786
0.811292
0.810033
0.758832
0.759159
0.759576
0.759983
0.760361
0.760698
0.760985
0.76122
0.761399
0.761523
0.761591
0.761604
0.761563
0.761468
0.761322
0.761126
0.760881
0.76059
0.760258
0.75989
0.75949
0.759066
0.758631
0.758287
0.700565
0.700424
0.700328
0.70042
0.700714
0.701129
0.701586
0.70202
0.702389
0.702665
0.702832
0.702887
0.702827
0.70265
0.702362
0.701972
0.701496
0.700961
0.70041
0.699909
0.699558
0.699468
0.699596
0.699732
0.696749
0.696941
0.697136
0.697332
0.697564
0.697826
0.69809
0.698336
0.698546
0.698707
0.69881
0.698848
0.698817
0.698721
0.698564
0.698357
0.698115
0.697856
0.697599
0.697366
0.697179
0.697046
0.696924
0.696772
0.733243
0.732715
0.732114
0.731362
0.730677
0.730083
0.729609
0.729252
0.729001
0.728841
0.728755
0.728728
0.728751
0.728827
0.728964
0.729172
0.729467
0.729865
0.730374
0.73099
0.731683
0.732426
0.733024
0.733538
0.77783
0.77812
0.778792
0.779256
0.77947
0.779574
0.77967
0.779756
0.779825
0.779881
0.779924
0.779956
0.779975
0.779981
0.779974
0.779953
0.779914
0.779857
0.779791
0.779697
0.779457
0.778943
0.778247
0.77799
0.696986
0.697135
0.697176
0.697114
0.697063
0.697065
0.69711
0.697179
0.697254
0.697318
0.697359
0.69737
0.697347
0.697291
0.697207
0.697106
0.697004
0.696922
0.696885
0.696921
0.697056
0.697241
0.697347
0.697289
0.737528
0.737467
0.737202
0.736784
0.736322
0.735881
0.735489
0.735159
0.734901
0.734717
0.734608
0.734573
0.734612
0.734724
0.734907
0.735162
0.735485
0.735873
0.736318
0.736809
0.737327
0.737814
0.738137
0.738207
0.718143
0.718567
0.718975
0.719242
0.719463
0.719663
0.719838
0.719986
0.720102
0.720179
0.720211
0.720195
0.720129
0.720013
0.719853
0.719656
0.719432
0.719194
0.71896
0.718745
0.718543
0.718327
0.718025
0.717692
0.784912
0.78489
0.784774
0.784637
0.784512
0.784417
0.784355
0.784319
0.784301
0.784294
0.784293
0.784296
0.784298
0.784301
0.784309
0.784324
0.784349
0.784393
0.784462
0.784564
0.784697
0.784842
0.784965
0.784987
0.772738
0.772101
0.772342
0.772705
0.772966
0.773087
0.773128
0.77315
0.773172
0.773193
0.773214
0.773232
0.773247
0.773261
0.773275
0.773287
0.773297
0.773303
0.773282
0.773161
0.772874
0.772486
0.772308
0.772958
0.776172
0.776304
0.77626
0.776114
0.775942
0.775782
0.775641
0.775524
0.77543
0.775361
0.775319
0.775305
0.775317
0.775356
0.775422
0.775512
0.775626
0.775764
0.775924
0.776103
0.776294
0.776456
0.776512
0.77638
0.720352
0.720389
0.720635
0.721051
0.721562
0.72207
0.722519
0.722898
0.723201
0.723422
0.723557
0.723608
0.723574
0.723452
0.723248
0.722968
0.72262
0.722215
0.72177
0.721304
0.720844
0.720455
0.720204
0.720162
0.761874
0.761681
0.761499
0.761302
0.761147
0.761021
0.76093
0.760867
0.760824
0.760794
0.760769
0.760747
0.760723
0.7607
0.76068
0.760669
0.760673
0.760701
0.760762
0.760862
0.760998
0.761183
0.761363
0.761557
0.712179
0.711831
0.711373
0.710866
0.710412
0.710033
0.709721
0.709474
0.709289
0.709164
0.709096
0.709082
0.70912
0.709212
0.709358
0.709561
0.709822
0.710141
0.710522
0.710968
0.711483
0.712038
0.712537
0.712915
0.747631
0.747192
0.746769
0.746296
0.745952
0.745699
0.745531
0.745424
0.745364
0.745334
0.745324
0.745323
0.745327
0.745335
0.745352
0.745387
0.74545
0.745556
0.745719
0.745965
0.746299
0.746763
0.747185
0.747621
0.791697
0.791026
0.791152
0.791377
0.791676
0.79187
0.79197
0.791991
0.791965
0.791917
0.791867
0.791839
0.791843
0.791878
0.791933
0.791995
0.792041
0.79205
0.791995
0.791854
0.791608
0.791433
0.791328
0.791989
0.794
0.793104
0.793413
0.79397
0.79458
0.795036
0.795345
0.79553
0.795627
0.795668
0.79568
0.795683
0.795682
0.795673
0.795655
0.795614
0.795526
0.795363
0.795091
0.794679
0.794112
0.793595
0.7933
0.794169
0.784067
0.782966
0.782752
0.782874
0.783092
0.783185
0.783106
0.782944
0.782768
0.782625
0.782541
0.782517
0.782548
0.782627
0.782762
0.782953
0.783171
0.783361
0.783436
0.783337
0.783122
0.783011
0.783236
0.784345
0.804417
0.805851
0.807893
0.80941
0.810555
0.811307
0.811764
0.812013
0.812132
0.812177
0.812188
0.81219
0.812194
0.812198
0.812193
0.812159
0.812057
0.811835
0.811418
0.810715
0.809626
0.808163
0.806195
0.804771
0.776374
0.77762
0.778385
0.778677
0.778811
0.778934
0.779079
0.779236
0.779382
0.779499
0.779573
0.779601
0.77959
0.779538
0.779439
0.779295
0.779118
0.778927
0.778741
0.778577
0.778403
0.77808
0.777291
0.776041
0.768194
0.768347
0.769097
0.769576
0.769754
0.769736
0.769598
0.769405
0.769216
0.769067
0.76898
0.768957
0.768988
0.769078
0.76923
0.769435
0.76967
0.76989
0.770033
0.770028
0.769801
0.769278
0.768538
0.768429
0.775449
0.775353
0.775089
0.774749
0.774367
0.77404
0.773783
0.773584
0.773439
0.773341
0.773286
0.773268
0.773285
0.773338
0.773429
0.773559
0.773732
0.773952
0.774228
0.77457
0.774968
0.775327
0.775609
0.775723
0.759495
0.759377
0.759142
0.758801
0.758374
0.75793
0.75752
0.757171
0.756896
0.756701
0.756588
0.756553
0.756591
0.756707
0.756901
0.757171
0.757511
0.757915
0.75837
0.758852
0.759313
0.759684
0.759917
0.759999
0.767197
0.766775
0.766055
0.765457
0.76499
0.764621
0.764324
0.764087
0.763905
0.763776
0.763701
0.763677
0.7637
0.763774
0.763899
0.764077
0.764305
0.764586
0.764924
0.765331
0.76583
0.766449
0.767168
0.767591
0.751636
0.751334
0.751157
0.750852
0.750432
0.750006
0.74963
0.749319
0.749074
0.748899
0.748794
0.748757
0.748786
0.748886
0.749056
0.749295
0.749599
0.749968
0.750403
0.750889
0.751364
0.751703
0.751894
0.752217
0.792328
0.792374
0.792605
0.792963
0.79335
0.793735
0.794096
0.794414
0.794678
0.79488
0.795015
0.79508
0.795073
0.794995
0.794848
0.794635
0.79436
0.794031
0.793659
0.793261
0.792858
0.792487
0.792252
0.792204
0.756735
0.756476
0.756004
0.755517
0.755062
0.754658
0.754307
0.754014
0.753782
0.753616
0.753515
0.75348
0.753509
0.753602
0.75376
0.753981
0.754264
0.754604
0.754996
0.755437
0.755922
0.756432
0.756921
0.757188
0.734585
0.734015
0.733202
0.73242
0.731685
0.731038
0.730499
0.730071
0.729753
0.729536
0.729417
0.729385
0.729435
0.729572
0.7298
0.730121
0.730539
0.731059
0.731687
0.732415
0.733224
0.734063
0.73489
0.735429
0.721972
0.721811
0.721493
0.721098
0.720692
0.720322
0.720003
0.71974
0.719537
0.719396
0.719316
0.719299
0.719342
0.719447
0.719612
0.719839
0.720126
0.720473
0.720875
0.721326
0.721804
0.722251
0.722599
0.722777
0.726584
0.726329
0.725995
0.725691
0.725424
0.725187
0.724981
0.72481
0.724676
0.724582
0.724531
0.724523
0.724559
0.724638
0.724761
0.724925
0.725126
0.725361
0.725624
0.725911
0.72622
0.726558
0.726916
0.727184
0.782782
0.782715
0.782525
0.782332
0.782218
0.782164
0.782145
0.782147
0.78216
0.782175
0.78219
0.782202
0.782209
0.782211
0.782209
0.782207
0.782208
0.782218
0.782249
0.782315
0.782438
0.782636
0.782835
0.782907
0.769343
0.769235
0.768979
0.768678
0.768374
0.768097
0.767857
0.767656
0.767498
0.767383
0.767312
0.767286
0.767302
0.767362
0.767467
0.767614
0.767803
0.768032
0.768298
0.768597
0.768921
0.769237
0.769504
0.769611
0.777357
0.776994
0.776515
0.776074
0.77571
0.775429
0.775216
0.775057
0.774944
0.774869
0.774828
0.774815
0.774826
0.774862
0.77493
0.77503
0.775168
0.77535
0.775585
0.775887
0.776271
0.776731
0.777226
0.777579
0.802538
0.801311
0.801298
0.801962
0.802886
0.803978
0.805091
0.806072
0.806839
0.807374
0.8077
0.807835
0.80779
0.807563
0.80715
0.806536
0.805706
0.80468
0.803548
0.802462
0.801573
0.800965
0.80102
0.802263
0.799546
0.799999
0.802756
0.805764
0.808411
0.81035
0.811592
0.812297
0.812645
0.812781
0.812807
0.812791
0.812764
0.812729
0.812659
0.812496
0.812141
0.811449
0.810236
0.808333
0.805714
0.802704
0.79989
0.799335
0.718706
0.718311
0.717783
0.717188
0.716615
0.716111
0.715701
0.715388
0.715163
0.715012
0.714924
0.714884
0.714882
0.714926
0.715023
0.715181
0.715415
0.715741
0.716168
0.716696
0.717299
0.717934
0.718485
0.718879
0.726786
0.726152
0.725393
0.724592
0.723821
0.723168
0.722664
0.722291
0.722026
0.721851
0.721752
0.721711
0.721719
0.721784
0.721916
0.72212
0.722413
0.722816
0.723355
0.724056
0.724902
0.725794
0.726599
0.727234
0.747267
0.746923
0.74651
0.745951
0.745489
0.745106
0.744818
0.744611
0.744471
0.744384
0.744338
0.744327
0.744348
0.744399
0.744484
0.744609
0.744783
0.745018
0.745329
0.745727
0.746198
0.746758
0.747172
0.74751
0.771389
0.770602
0.770081
0.769604
0.769289
0.769036
0.768826
0.768655
0.768521
0.768423
0.768364
0.768347
0.768375
0.768448
0.768561
0.76871
0.768891
0.769104
0.769352
0.769633
0.769969
0.770461
0.770987
0.771776
0.781519
0.781274
0.781853
0.782484
0.782881
0.783151
0.783369
0.783552
0.783701
0.783815
0.783893
0.783933
0.783937
0.783906
0.783839
0.783735
0.783594
0.783416
0.7832
0.782933
0.782538
0.7819
0.781317
0.781578
0.788397
0.788396
0.788902
0.789331
0.789618
0.789872
0.790108
0.790319
0.790495
0.790633
0.790729
0.790779
0.79078
0.790733
0.79064
0.790502
0.790322
0.790104
0.789859
0.789593
0.789287
0.788836
0.78833
0.788342
0.793427
0.793397
0.793663
0.794075
0.794566
0.795088
0.795601
0.796063
0.796447
0.79674
0.796934
0.797026
0.797013
0.796898
0.796683
0.796373
0.795975
0.795501
0.794979
0.794445
0.793941
0.793517
0.793239
0.793269
0.751631
0.750957
0.750178
0.749194
0.748347
0.747736
0.747353
0.747166
0.747065
0.747008
0.746983
0.746979
0.746993
0.747032
0.747097
0.74719
0.747323
0.747555
0.748005
0.748677
0.749584
0.750623
0.751418
0.752055
0.790005
0.789895
0.789808
0.789784
0.789798
0.789839
0.789896
0.789959
0.79002
0.790072
0.790111
0.790131
0.790126
0.790099
0.790057
0.790002
0.78994
0.789876
0.78982
0.789781
0.78977
0.789799
0.789893
0.790004
0.73875
0.738549
0.738317
0.737994
0.737714
0.73747
0.737283
0.737147
0.737055
0.736997
0.736962
0.736941
0.73693
0.736929
0.736942
0.736979
0.737049
0.737164
0.737333
0.73756
0.737828
0.738145
0.738379
0.738582
0.736352
0.736178
0.735929
0.735519
0.73516
0.73486
0.734642
0.734493
0.734401
0.734348
0.734323
0.734314
0.734318
0.734333
0.734364
0.734419
0.734511
0.734657
0.734869
0.735159
0.735507
0.735906
0.736149
0.736314
0.731132
0.730655
0.730127
0.729494
0.72896
0.728535
0.728224
0.728003
0.727852
0.727757
0.727706
0.727689
0.727701
0.727743
0.727818
0.727933
0.728101
0.728335
0.728652
0.729077
0.729607
0.730232
0.730756
0.731224
0.795072
0.794433
0.794814
0.795813
0.796839
0.797708
0.798383
0.798899
0.799295
0.799585
0.799779
0.799877
0.799874
0.799771
0.799573
0.799278
0.79888
0.798349
0.797633
0.796717
0.795631
0.794578
0.794247
0.794953
0.696111
0.695936
0.695889
0.696002
0.696174
0.696345
0.696504
0.696647
0.69677
0.696867
0.696933
0.696965
0.696963
0.696929
0.696864
0.696776
0.696672
0.696562
0.696448
0.696335
0.696234
0.696185
0.696274
0.696476
0.789238
0.789235
0.789255
0.789393
0.78955
0.789716
0.789886
0.790046
0.790187
0.790298
0.790376
0.790414
0.790409
0.790365
0.790283
0.790168
0.790024
0.789861
0.789687
0.789517
0.789357
0.789218
0.789199
0.7892
0.798362
0.797965
0.798136
0.798634
0.79927
0.800015
0.800797
0.80151
0.802099
0.802543
0.802835
0.802973
0.802953
0.802775
0.802444
0.801965
0.801347
0.800613
0.799827
0.799076
0.798432
0.79793
0.797768
0.798192
0.74628
0.746498
0.746484
0.746116
0.745546
0.744949
0.744416
0.743983
0.743646
0.743404
0.743261
0.74321
0.743249
0.743382
0.74361
0.743931
0.744341
0.744842
0.745435
0.746073
0.746662
0.747034
0.747039
0.746815
0.800692
0.799085
0.798755
0.799491
0.800586
0.801701
0.802705
0.803522
0.804134
0.804554
0.804811
0.804919
0.804882
0.804699
0.804372
0.803898
0.803255
0.802431
0.801448
0.800361
0.7993
0.798588
0.798904
0.800513
0.798938
0.79857
0.79958
0.800854
0.80231
0.80365
0.80475
0.805579
0.80616
0.806537
0.806754
0.806844
0.806829
0.806715
0.806478
0.80609
0.805505
0.80468
0.803591
0.802262
0.800809
0.799527
0.798505
0.798866
0.740905
0.740456
0.739915
0.73908
0.73824
0.737516
0.736957
0.736552
0.736274
0.7361
0.73601
0.735983
0.73601
0.736097
0.73625
0.736485
0.73682
0.73728
0.737891
0.73866
0.739535
0.740382
0.740911
0.741329
0.762374
0.762179
0.762004
0.76171
0.761485
0.761313
0.761206
0.761144
0.761115
0.761104
0.761103
0.761102
0.7611
0.761094
0.76109
0.761094
0.761117
0.761171
0.76127
0.761433
0.76165
0.761936
0.762108
0.762296
0.794204
0.792707
0.79214
0.791959
0.791922
0.792062
0.792434
0.792856
0.793231
0.793514
0.793691
0.79376
0.793731
0.793605
0.793378
0.793057
0.792665
0.792263
0.791988
0.791938
0.792021
0.792194
0.792755
0.794254
0.751204
0.751617
0.75201
0.752099
0.752049
0.751874
0.751658
0.751442
0.751252
0.751105
0.751008
0.750964
0.750974
0.751039
0.751157
0.751324
0.751531
0.751766
0.752
0.752191
0.752257
0.75218
0.751795
0.751379
0.754503
0.754271
0.753733
0.753074
0.752582
0.75221
0.75197
0.751807
0.751705
0.75164
0.751602
0.75158
0.751569
0.751569
0.751584
0.751623
0.751699
0.751835
0.752047
0.752391
0.752855
0.75349
0.754008
0.754246
0.737427
0.737485
0.737674
0.737925
0.738165
0.738379
0.738562
0.738714
0.738833
0.738916
0.73896
0.738961
0.738916
0.738827
0.738699
0.738537
0.738346
0.73813
0.737893
0.737633
0.737343
0.737034
0.736785
0.736688
0.750925
0.751077
0.751414
0.751904
0.752487
0.753065
0.753585
0.754024
0.75437
0.754622
0.754771
0.754819
0.754766
0.754614
0.754367
0.754029
0.753607
0.753106
0.752538
0.751926
0.751325
0.750831
0.750503
0.750371
0.782555
0.782778
0.783097
0.783444
0.783765
0.784036
0.784239
0.784381
0.784474
0.784526
0.784544
0.784535
0.784502
0.784447
0.784366
0.784257
0.784112
0.783925
0.783682
0.783376
0.783025
0.78265
0.782306
0.782073
0.711093
0.711084
0.711367
0.711925
0.712625
0.713311
0.713898
0.714369
0.714725
0.714971
0.715109
0.715144
0.715079
0.714915
0.714654
0.7143
0.713858
0.713332
0.71273
0.712071
0.711402
0.710838
0.710523
0.710516
0.704444
0.704377
0.70477
0.705307
0.705864
0.706381
0.706814
0.707156
0.707412
0.707586
0.707682
0.707703
0.707652
0.707528
0.70733
0.707056
0.706702
0.706259
0.705718
0.705072
0.70435
0.703606
0.702888
0.702667
0.7039
0.703978
0.704036
0.704115
0.704246
0.704405
0.704581
0.704755
0.704912
0.70504
0.70513
0.70518
0.705188
0.70515
0.705071
0.70496
0.704818
0.704657
0.704497
0.704359
0.704271
0.70428
0.704369
0.704441
0.798628
0.798637
0.79875
0.798922
0.79914
0.799377
0.79961
0.799824
0.800006
0.800146
0.800239
0.800279
0.800264
0.800196
0.800079
0.799916
0.799714
0.799481
0.79923
0.798976
0.798742
0.798553
0.798425
0.798416
0.748215
0.748264
0.748295
0.748276
0.748242
0.748208
0.748183
0.748167
0.748156
0.748144
0.748126
0.748101
0.748068
0.748029
0.747984
0.747937
0.747893
0.747857
0.747836
0.747829
0.747827
0.747819
0.747778
0.747726
0.772647
0.772152
0.771944
0.771379
0.770786
0.770345
0.770078
0.769948
0.769907
0.769919
0.76996
0.770012
0.770025
0.770012
0.770009
0.770033
0.770113
0.770289
0.77061
0.771106
0.77173
0.772248
0.772409
0.772911
0.766062
0.766047
0.766053
0.765948
0.765853
0.765766
0.765702
0.765656
0.765627
0.765608
0.765595
0.765584
0.765573
0.765562
0.765553
0.765551
0.765561
0.765588
0.765636
0.765708
0.765789
0.765884
0.765874
0.765882
0.780486
0.780466
0.78054
0.780697
0.780864
0.78101
0.781132
0.781236
0.781322
0.781391
0.78144
0.781468
0.781475
0.781463
0.781431
0.781379
0.78131
0.781224
0.78112
0.78099
0.780832
0.780678
0.78061
0.780624
0.787411
0.787454
0.787734
0.788124
0.788376
0.788545
0.788691
0.788824
0.78894
0.789034
0.789103
0.789141
0.789144
0.789112
0.789048
0.788956
0.788838
0.7887
0.788548
0.78837
0.788112
0.787722
0.787449
0.787402
0.756586
0.756374
0.756196
0.755973
0.755807
0.755674
0.755583
0.755525
0.755492
0.755473
0.755461
0.755448
0.755432
0.755411
0.755391
0.755379
0.755382
0.755412
0.755478
0.755588
0.755736
0.755944
0.756119
0.756331
0.788845
0.787331
0.786565
0.786094
0.78576
0.785476
0.785209
0.785022
0.78491
0.784853
0.784831
0.784832
0.784833
0.784844
0.784883
0.784964
0.785108
0.78533
0.785598
0.78589
0.786252
0.78676
0.787553
0.789079
0.773994
0.773809
0.773486
0.77307
0.772651
0.77229
0.772
0.771774
0.771607
0.771491
0.771423
0.771402
0.771422
0.771484
0.771589
0.771738
0.771934
0.772184
0.772495
0.772875
0.773313
0.773756
0.774113
0.774303
0.762999
0.762744
0.762262
0.761828
0.761462
0.761148
0.760879
0.760657
0.760483
0.760359
0.760285
0.76026
0.760285
0.760361
0.760488
0.760663
0.760887
0.761159
0.761478
0.761843
0.76226
0.762736
0.763243
0.763512
0.796395
0.795188
0.794384
0.793641
0.793149
0.792798
0.792558
0.79238
0.792243
0.792141
0.792071
0.792038
0.792052
0.792113
0.792214
0.792353
0.79253
0.792752
0.793037
0.79343
0.793953
0.794713
0.795521
0.796706
0.731922
0.732116
0.732454
0.732846
0.733267
0.733674
0.734057
0.734392
0.734658
0.734846
0.734955
0.73499
0.734951
0.734839
0.734655
0.734401
0.734082
0.733701
0.73327
0.732808
0.732362
0.731994
0.731693
0.731506
0.724076
0.724128
0.72386
0.723412
0.722951
0.722543
0.7222
0.721923
0.721712
0.721564
0.721478
0.721453
0.721488
0.721585
0.721747
0.721974
0.722265
0.722625
0.723056
0.723561
0.724126
0.724682
0.725014
0.724982
0.798892
0.799096
0.79933
0.799533
0.799706
0.799842
0.799951
0.800042
0.800114
0.800165
0.80019
0.800187
0.800157
0.800099
0.800017
0.799916
0.7998
0.799675
0.799539
0.799384
0.7992
0.798986
0.798738
0.798521
0.73564
0.735053
0.73453
0.734011
0.733639
0.733364
0.733167
0.733031
0.732944
0.732891
0.732862
0.732849
0.732848
0.732861
0.732891
0.732946
0.733037
0.73318
0.733387
0.733675
0.734063
0.7346
0.735144
0.735745
0.800825
0.800871
0.801369
0.802051
0.802792
0.803497
0.804109
0.804604
0.804982
0.805249
0.805414
0.805483
0.805463
0.805359
0.805164
0.804873
0.804478
0.803969
0.803345
0.802625
0.801865
0.801161
0.800653
0.800609
0.829109
0.829038
0.829018
0.828936
0.828996
0.829183
0.829408
0.829628
0.829821
0.829971
0.830064
0.830095
0.830061
0.829966
0.829819
0.829625
0.829396
0.829144
0.828889
0.828672
0.828587
0.828645
0.828645
0.828718
0.700532
0.700387
0.700266
0.700282
0.70041
0.700592
0.700798
0.701003
0.701185
0.701331
0.701435
0.701495
0.701513
0.701482
0.701406
0.701288
0.70114
0.700979
0.700827
0.700706
0.700644
0.700717
0.700946
0.701204
0.719854
0.719791
0.719394
0.718771
0.718047
0.717352
0.716742
0.716238
0.715846
0.715567
0.7154
0.715335
0.715367
0.715502
0.715742
0.716089
0.716545
0.717112
0.717783
0.718539
0.71933
0.720034
0.720483
0.720585
0.781851
0.781585
0.781395
0.78115
0.780975
0.780831
0.780727
0.780655
0.780609
0.780582
0.780568
0.780561
0.78056
0.780565
0.780577
0.780602
0.780646
0.780716
0.780818
0.78096
0.781135
0.781378
0.781571
0.781835
0.802623
0.801859
0.801593
0.801668
0.801948
0.802339
0.802771
0.803193
0.803568
0.80387
0.804077
0.804175
0.804165
0.804047
0.803823
0.80351
0.803126
0.802695
0.802243
0.801818
0.801499
0.801389
0.801645
0.802426
0.834376
0.834426
0.834564
0.834728
0.835003
0.835423
0.835926
0.836382
0.836734
0.836972
0.837103
0.837144
0.837103
0.836981
0.836773
0.836472
0.836074
0.835592
0.835088
0.834691
0.834417
0.834249
0.834103
0.834049
0.848864
0.848904
0.849122
0.84948
0.849893
0.850233
0.850451
0.850615
0.850746
0.850844
0.850906
0.850928
0.850906
0.850842
0.850739
0.850602
0.850435
0.850235
0.849978
0.849592
0.849167
0.848811
0.84859
0.84855
0.801142
0.800685
0.801028
0.801673
0.802421
0.803306
0.804307
0.805321
0.806236
0.80697
0.807479
0.80773
0.80769
0.807365
0.80679
0.806002
0.805038
0.803976
0.802914
0.80197
0.801205
0.800578
0.800274
0.800677
0.792424
0.792388
0.792394
0.792278
0.792196
0.79213
0.792093
0.792076
0.792073
0.792079
0.792088
0.792095
0.792099
0.792099
0.792097
0.792098
0.792108
0.792132
0.792176
0.792248
0.792335
0.792454
0.792452
0.792482
0.801912
0.801299
0.800999
0.800787
0.800697
0.800753
0.800924
0.801168
0.80145
0.801727
0.801957
0.802094
0.802103
0.801984
0.801775
0.801523
0.801268
0.801049
0.800865
0.800745
0.800764
0.800913
0.801178
0.801782
0.79988
0.798991
0.797929
0.79711
0.796746
0.796775
0.796984
0.797244
0.797557
0.797856
0.798094
0.798237
0.798254
0.798151
0.797966
0.797744
0.797551
0.797465
0.797255
0.796979
0.79715
0.797858
0.798898
0.799734
0.893972
0.893995
0.893945
0.893855
0.893784
0.893767
0.893803
0.893872
0.89395
0.89402
0.89407
0.894091
0.894077
0.894029
0.893952
0.893857
0.893755
0.893664
0.893606
0.893604
0.893664
0.893748
0.893793
0.893766
0.912943
0.912713
0.912266
0.911839
0.911524
0.911345
0.911248
0.911191
0.911154
0.911127
0.911106
0.911087
0.911071
0.911059
0.911054
0.911058
0.911076
0.911119
0.91121
0.911394
0.911725
0.912169
0.91263
0.912872
0.927941
0.927488
0.9268
0.926322
0.925937
0.925637
0.925399
0.925193
0.925007
0.924846
0.924728
0.924667
0.924664
0.924723
0.924841
0.925006
0.925204
0.925426
0.925684
0.926009
0.926422
0.926936
0.927673
0.928146
0.799277
0.799064
0.798475
0.797671
0.796979
0.796381
0.795732
0.795044
0.794438
0.793972
0.793655
0.793492
0.79348
0.793616
0.793904
0.794343
0.79492
0.795568
0.79615
0.796634
0.797186
0.797902
0.798429
0.798545
0.809264
0.808953
0.808722
0.808439
0.808247
0.808102
0.808013
0.807961
0.807938
0.807933
0.80794
0.807953
0.807968
0.807984
0.808005
0.808037
0.808085
0.808162
0.808274
0.808439
0.808651
0.808948
0.809191
0.8095
0.854121
0.854237
0.854388
0.854561
0.854823
0.855093
0.855329
0.855529
0.855689
0.855804
0.855873
0.855897
0.855876
0.855811
0.855702
0.85555
0.855358
0.855128
0.854867
0.854573
0.8543
0.854123
0.853962
0.853838
0.801589
0.80103
0.800593
0.800439
0.800503
0.800642
0.800752
0.800758
0.800627
0.800432
0.800236
0.800095
0.800058
0.800127
0.800249
0.800363
0.800384
0.800202
0.8
0.799953
0.799963
0.800179
0.800679
0.801282
0.845032
0.845126
0.845267
0.845447
0.845684
0.845956
0.846237
0.846495
0.846706
0.846857
0.846947
0.846977
0.846949
0.846864
0.846721
0.846522
0.84627
0.84598
0.845675
0.84539
0.845147
0.844972
0.844829
0.844731
0.904718
0.904475
0.904032
0.903626
0.90332
0.903126
0.903024
0.902986
0.902988
0.903008
0.903028
0.903034
0.903018
0.902981
0.902932
0.902886
0.902862
0.902881
0.902966
0.90315
0.903458
0.903874
0.904329
0.904576
0.799821
0.799195
0.798984
0.799848
0.801135
0.802254
0.803024
0.803409
0.803417
0.803215
0.802975
0.802814
0.802813
0.802966
0.803187
0.803361
0.803303
0.80283
0.802059
0.801022
0.799707
0.798733
0.798778
0.799416
0.796875
0.795666
0.795153
0.795499
0.796929
0.798603
0.80011
0.801404
0.802461
0.803258
0.803786
0.804047
0.804047
0.803784
0.803254
0.802464
0.801426
0.800165
0.798703
0.797091
0.795749
0.795492
0.796033
0.797216
0.796578
0.796329
0.79589
0.795917
0.796103
0.796131
0.795934
0.795585
0.795198
0.794862
0.794621
0.794489
0.794469
0.794558
0.79475
0.795028
0.795348
0.79562
0.795738
0.795631
0.79538
0.795322
0.795789
0.79603
0.842102
0.842262
0.842443
0.842642
0.842866
0.843056
0.84321
0.843329
0.843415
0.843473
0.843508
0.843518
0.843499
0.843451
0.84338
0.84329
0.843177
0.843036
0.842865
0.842662
0.842426
0.842215
0.842021
0.84185
0.918974
0.918535
0.917949
0.91759
0.917287
0.916997
0.916733
0.9165
0.916304
0.91615
0.916043
0.915988
0.915983
0.916027
0.916127
0.916277
0.916474
0.91671
0.916983
0.917286
0.917605
0.917985
0.9186
0.919051
0.802197
0.802584
0.804268
0.806341
0.808031
0.809197
0.809911
0.810251
0.810316
0.810219
0.810074
0.809964
0.809923
0.809947
0.810001
0.810003
0.809839
0.809388
0.808587
0.807461
0.805914
0.803963
0.802364
0.802027
0.820576
0.820462
0.820403
0.820256
0.820182
0.820144
0.820147
0.820174
0.820216
0.820264
0.820308
0.820342
0.820362
0.820367
0.820361
0.82035
0.820342
0.820348
0.820376
0.820445
0.820548
0.820718
0.820798
0.820913
0.793011
0.79187
0.792026
0.79264
0.793601
0.794819
0.795999
0.796991
0.797763
0.798318
0.798672
0.79884
0.798836
0.798659
0.798299
0.797738
0.796963
0.79597
0.794793
0.793606
0.792672
0.792071
0.791942
0.793079
0.815524
0.815201
0.814918
0.814594
0.814364
0.814193
0.814084
0.814021
0.813991
0.813982
0.813986
0.813994
0.814004
0.814016
0.814033
0.81406
0.814108
0.814188
0.814313
0.814499
0.814743
0.815077
0.81537
0.81569
0.799346
0.79869
0.799366
0.801355
0.803423
0.804937
0.805903
0.806439
0.806537
0.806272
0.805845
0.805491
0.805426
0.805655
0.805957
0.806087
0.805809
0.805085
0.804091
0.80272
0.800807
0.798901
0.798205
0.798866
0.908749
0.908765
0.908775
0.908801
0.908867
0.908979
0.909109
0.909228
0.909317
0.909372
0.909396
0.909395
0.909381
0.909355
0.909306
0.90923
0.909125
0.908995
0.908859
0.90875
0.908691
0.908674
0.908677
0.908669
0.795269
0.794781
0.793986
0.793178
0.792386
0.791557
0.790783
0.790139
0.789631
0.789241
0.78897
0.788847
0.788846
0.788953
0.789186
0.789527
0.789967
0.790524
0.79119
0.791892
0.792715
0.793491
0.794252
0.794788
0.849992
0.850229
0.850552
0.850914
0.851277
0.851583
0.85183
0.852017
0.85215
0.852237
0.852283
0.852295
0.852274
0.852222
0.852137
0.852015
0.851851
0.851639
0.851373
0.851049
0.85067
0.850295
0.849958
0.849714
0.827432
0.827211
0.827067
0.826872
0.826764
0.826711
0.82671
0.826741
0.826788
0.82684
0.826887
0.826922
0.826938
0.826935
0.826918
0.826893
0.82687
0.826863
0.826885
0.826959
0.827086
0.827298
0.827461
0.827689
0.863672
0.863788
0.863886
0.86398
0.864114
0.864264
0.864428
0.864588
0.864726
0.86483
0.864897
0.864921
0.8649
0.864836
0.864731
0.864591
0.864424
0.864242
0.864062
0.863902
0.86376
0.863658
0.863551
0.863426
0.897796
0.897825
0.897825
0.897988
0.898167
0.898311
0.89842
0.898502
0.898561
0.898598
0.898615
0.898613
0.898598
0.89857
0.898526
0.898465
0.898387
0.898291
0.898173
0.898021
0.897836
0.897669
0.89767
0.897638
0.799777
0.799561
0.798749
0.797131
0.795648
0.794855
0.794535
0.794542
0.794817
0.795141
0.795391
0.795525
0.79552
0.795374
0.795116
0.794792
0.794542
0.794642
0.794901
0.795412
0.796725
0.798323
0.799226
0.799481
0.79247
0.790579
0.788351
0.786596
0.78655
0.787465
0.788285
0.788764
0.788948
0.78895
0.788873
0.788801
0.788813
0.788911
0.789015
0.789038
0.788881
0.788438
0.787674
0.78685
0.787002
0.788758
0.790932
0.79278
0.792079
0.790743
0.789113
0.788107
0.787577
0.787226
0.787122
0.787268
0.78753
0.787789
0.78799
0.78811
0.788128
0.788043
0.78787
0.787632
0.787378
0.787226
0.787301
0.78757
0.788013
0.788964
0.790536
0.79189
0.789236
0.786741
0.783585
0.780636
0.77842
0.777009
0.77632
0.776168
0.776311
0.776549
0.776779
0.776943
0.776995
0.776923
0.776767
0.776589
0.776497
0.776683
0.777384
0.778761
0.780892
0.783764
0.786852
0.789284
0.866171
0.866328
0.866474
0.866522
0.86665
0.866818
0.867011
0.867204
0.867375
0.867509
0.867596
0.867631
0.867612
0.867539
0.867416
0.867248
0.867046
0.866825
0.866608
0.86642
0.866278
0.86622
0.866065
0.8659
0.797936
0.797974
0.798003
0.798425
0.799103
0.799582
0.799612
0.799222
0.79861
0.797989
0.797525
0.797292
0.797278
0.797485
0.797935
0.798551
0.799167
0.799574
0.799572
0.799109
0.798399
0.797883
0.797808
0.797807
0.887379
0.887552
0.887627
0.88772
0.88788
0.888081
0.888296
0.888499
0.888669
0.888794
0.888872
0.888901
0.888883
0.888818
0.888707
0.888551
0.888354
0.888129
0.887895
0.887681
0.88751
0.88741
0.88733
0.887153
0.843884
0.843582
0.843243
0.842886
0.842659
0.842524
0.842469
0.842467
0.842498
0.842545
0.842596
0.842639
0.84267
0.842687
0.842693
0.842697
0.842711
0.842752
0.842842
0.843008
0.843263
0.843641
0.843999
0.84429
0.799149
0.79934
0.799792
0.800199
0.799623
0.798797
0.798291
0.798179
0.798165
0.797837
0.797323
0.796923
0.796862
0.797128
0.797492
0.797659
0.797536
0.797579
0.798002
0.798807
0.799614
0.79942
0.799116
0.798924
0.786329
0.785942
0.785304
0.784912
0.784686
0.784571
0.784527
0.78453
0.784558
0.7846
0.784641
0.784654
0.784634
0.784582
0.784504
0.784427
0.784364
0.784325
0.784332
0.784411
0.784594
0.784942
0.785544
0.785927
0.854746
0.854481
0.854353
0.854271
0.854306
0.854398
0.854539
0.854707
0.854881
0.855043
0.855175
0.855265
0.855304
0.85529
0.855228
0.855128
0.855004
0.854877
0.854764
0.854694
0.854685
0.854797
0.854955
0.855223
0.798671
0.798154
0.795696
0.792564
0.790224
0.788794
0.788244
0.788429
0.789139
0.790106
0.791019
0.791582
0.791619
0.791122
0.790253
0.789294
0.78855
0.788287
0.788725
0.790065
0.792293
0.795481
0.797936
0.798479
0.79796
0.797392
0.797189
0.797887
0.798816
0.799412
0.79943
0.798935
0.798143
0.797212
0.796457
0.796059
0.796044
0.79641
0.797134
0.798034
0.798804
0.799293
0.799294
0.798746
0.797866
0.797107
0.797204
0.797632
0.877504
0.877635
0.877797
0.878081
0.878407
0.878683
0.878908
0.87909
0.879234
0.87934
0.879407
0.879433
0.879418
0.87936
0.879263
0.879127
0.878957
0.878752
0.878506
0.878211
0.877867
0.877569
0.877396
0.877257
0.847659
0.847317
0.847012
0.84671
0.846534
0.846447
0.846433
0.846464
0.846519
0.846583
0.84664
0.846682
0.846703
0.8467
0.846676
0.84664
0.846605
0.846587
0.846609
0.846702
0.84688
0.847182
0.847494
0.847826
0.797317
0.798205
0.798856
0.799181
0.799191
0.798936
0.79851
0.798029
0.797583
0.797219
0.796942
0.796759
0.796725
0.796837
0.797043
0.797345
0.797739
0.798182
0.798583
0.798816
0.798777
0.798442
0.797796
0.796915
0.794963
0.794339
0.792647
0.789875
0.787454
0.785582
0.784371
0.783952
0.784182
0.784759
0.785413
0.785858
0.785895
0.785524
0.784937
0.784412
0.784217
0.784624
0.78579
0.787605
0.789986
0.792741
0.794376
0.79498
0.875525
0.875355
0.875127
0.875172
0.875318
0.875451
0.875549
0.875615
0.875652
0.875667
0.875666
0.875654
0.875634
0.875606
0.87557
0.875522
0.875457
0.875368
0.875249
0.875098
0.874937
0.874876
0.875096
0.875245
0.865866
0.865935
0.86618
0.866475
0.866884
0.867276
0.867632
0.867945
0.868211
0.868428
0.86859
0.868687
0.868704
0.868631
0.868464
0.86821
0.86788
0.867484
0.867032
0.866536
0.866014
0.865593
0.865238
0.865163
0.792833
0.792736
0.792261
0.791807
0.791422
0.791079
0.790783
0.790516
0.790257
0.790008
0.789784
0.789625
0.78961
0.78974
0.789931
0.790147
0.790371
0.790601
0.790869
0.791184
0.791538
0.791963
0.792423
0.792528
0.792137
0.791449
0.790594
0.789853
0.789419
0.788999
0.788421
0.787837
0.787392
0.787145
0.787057
0.787057
0.787066
0.787082
0.787176
0.787419
0.78785
0.788418
0.788981
0.789388
0.789814
0.79054
0.79138
0.792064
0.855506
0.855544
0.855562
0.855635
0.85575
0.855887
0.856029
0.856155
0.85626
0.856339
0.856392
0.856417
0.856412
0.856375
0.856307
0.856208
0.856078
0.855923
0.85575
0.85558
0.85543
0.855325
0.855288
0.855241
0.867698
0.867756
0.867915
0.868111
0.868369
0.868635
0.868879
0.869085
0.869246
0.869365
0.869443
0.869478
0.869469
0.869413
0.869311
0.869163
0.868967
0.868723
0.868439
0.868132
0.867834
0.8676
0.867417
0.86735
0.857528
0.857452
0.857535
0.857613
0.857772
0.857957
0.858168
0.858388
0.858602
0.858791
0.85894
0.859034
0.859064
0.859024
0.858922
0.858765
0.858569
0.85835
0.858125
0.857915
0.857735
0.857639
0.857555
0.857627
0.796969
0.797047
0.797368
0.797964
0.798606
0.799237
0.799804
0.800271
0.800625
0.800875
0.801025
0.801091
0.801077
0.800982
0.8008
0.800518
0.800131
0.799632
0.799029
0.798358
0.797677
0.79705
0.796706
0.796599
0.798347
0.798166
0.797989
0.797775
0.79761
0.797477
0.797382
0.797313
0.797264
0.79723
0.797207
0.797192
0.797183
0.797179
0.797184
0.797202
0.797236
0.797291
0.797376
0.7975
0.797658
0.797867
0.798042
0.798218
0.787982
0.788104
0.788079
0.787992
0.787892
0.787785
0.78769
0.78761
0.787552
0.787509
0.787475
0.787445
0.787418
0.787396
0.787381
0.787378
0.787397
0.787446
0.787516
0.787603
0.787688
0.787762
0.787776
0.787649
0.800235
0.800068
0.800001
0.799862
0.799763
0.799688
0.799645
0.799624
0.799618
0.79962
0.799625
0.799629
0.799629
0.799625
0.799621
0.799619
0.799625
0.799647
0.799692
0.799769
0.799871
0.800012
0.800081
0.800245
0.761257
0.761132
0.761046
0.761045
0.761087
0.761164
0.761271
0.761384
0.761483
0.761558
0.761601
0.761608
0.761577
0.761508
0.761405
0.761272
0.761118
0.760954
0.760798
0.760678
0.760601
0.760575
0.760646
0.760768
0.778555
0.778888
0.779227
0.779514
0.77972
0.779859
0.779958
0.780035
0.780095
0.780136
0.780155
0.780149
0.780119
0.780067
0.779994
0.779903
0.779799
0.779687
0.779557
0.779394
0.779166
0.778853
0.778486
0.778132
0.773559
0.773497
0.773487
0.773409
0.773334
0.773265
0.773218
0.77319
0.773174
0.773165
0.773157
0.773146
0.773131
0.773112
0.773091
0.773072
0.773062
0.773066
0.773092
0.773142
0.773201
0.773264
0.773264
0.773314
0.869627
0.869452
0.869327
0.869223
0.869254
0.869379
0.869569
0.869797
0.870036
0.870261
0.870446
0.870572
0.870625
0.870597
0.870492
0.870321
0.870104
0.869869
0.869644
0.869469
0.869381
0.869418
0.869492
0.869646
0.86389
0.863859
0.863993
0.864104
0.864282
0.86447
0.864637
0.864774
0.864881
0.864957
0.865003
0.865019
0.865005
0.86496
0.864879
0.864763
0.864611
0.864422
0.864198
0.863951
0.863713
0.863544
0.863356
0.863357
0.858009
0.857965
0.857947
0.857901
0.857899
0.857934
0.858008
0.858099
0.858185
0.858254
0.858303
0.858327
0.858323
0.858289
0.858224
0.858129
0.85801
0.85788
0.857758
0.85767
0.857616
0.857605
0.857582
0.857587
0.794034
0.794869
0.795336
0.795239
0.794877
0.794238
0.793477
0.792771
0.792185
0.791729
0.7914
0.791208
0.791211
0.791404
0.791725
0.792152
0.792685
0.793317
0.794006
0.794597
0.794934
0.795038
0.794572
0.793744
0.785316
0.786043
0.786134
0.785758
0.785241
0.78478
0.784483
0.784361
0.784341
0.784349
0.784336
0.784291
0.784286
0.78432
0.784316
0.784278
0.784251
0.784304
0.784524
0.784916
0.785378
0.78573
0.785632
0.784919
0.806357
0.806487
0.806662
0.806739
0.806812
0.806925
0.807054
0.807181
0.807293
0.807375
0.807416
0.807419
0.807394
0.807344
0.807256
0.80713
0.806978
0.806814
0.806654
0.806516
0.806426
0.806338
0.806156
0.806023
0.763048
0.763293
0.763319
0.763319
0.763363
0.763483
0.763636
0.763785
0.763911
0.764002
0.764052
0.764059
0.76402
0.763935
0.763808
0.763643
0.763448
0.763235
0.763025
0.762856
0.762776
0.762757
0.762732
0.76249
0.788087
0.787785
0.787539
0.78727
0.787071
0.786913
0.786801
0.786725
0.786676
0.786646
0.786629
0.786619
0.786613
0.786611
0.786617
0.786636
0.786675
0.786743
0.786848
0.787
0.787195
0.787461
0.787709
0.788009
0.825036
0.825047
0.82488
0.82474
0.824677
0.824645
0.824631
0.824629
0.824638
0.824651
0.824665
0.824674
0.824666
0.824642
0.824611
0.824583
0.82456
0.824551
0.824553
0.824577
0.824631
0.824764
0.824932
0.824913
0.702859
0.70164
0.700743
0.700089
0.699554
0.699052
0.698588
0.698183
0.697854
0.697602
0.697429
0.697328
0.697303
0.697356
0.697482
0.697686
0.69797
0.69833
0.698751
0.699214
0.699715
0.700341
0.701215
0.70243
0.780234
0.779585
0.778873
0.778357
0.77796
0.777546
0.777098
0.776703
0.776403
0.776196
0.776076
0.776021
0.776011
0.776044
0.776141
0.776319
0.776589
0.776957
0.777385
0.777776
0.778147
0.778639
0.779333
0.779986
0.874848
0.874471
0.874804
0.875256
0.875727
0.876229
0.876767
0.877319
0.877857
0.878345
0.878742
0.879007
0.879106
0.879022
0.878763
0.878347
0.877813
0.877202
0.876551
0.875891
0.87523
0.87458
0.87411
0.87447
0.862624
0.862664
0.862879
0.863132
0.863455
0.863785
0.864104
0.864402
0.864671
0.864897
0.865068
0.865168
0.865186
0.865114
0.864952
0.864706
0.86439
0.864019
0.863607
0.863167
0.862727
0.862355
0.86205
0.861992
0.715557
0.715349
0.715208
0.715206
0.715311
0.715458
0.715616
0.715766
0.715897
0.715998
0.716066
0.716106
0.716118
0.7161
0.716053
0.715978
0.715883
0.715777
0.715671
0.715579
0.71553
0.715582
0.715765
0.715998
0.719709
0.71962
0.719631
0.719806
0.720114
0.720454
0.720769
0.721039
0.721251
0.721404
0.721496
0.721536
0.721526
0.721462
0.721346
0.721178
0.720959
0.720699
0.720414
0.720125
0.719872
0.719745
0.719774
0.719886
0.712301
0.712197
0.712236
0.712459
0.712812
0.713201
0.713574
0.713903
0.714176
0.714382
0.714516
0.714582
0.714579
0.714502
0.714354
0.714139
0.713866
0.713548
0.71321
0.712885
0.712616
0.71249
0.712556
0.71274
0.767538
0.76827
0.768334
0.768025
0.767637
0.767369
0.767192
0.767109
0.767102
0.767151
0.767229
0.767292
0.767285
0.767206
0.767109
0.767039
0.767024
0.767083
0.767234
0.767471
0.767825
0.768101
0.768016
0.767281
0.86019
0.860261
0.860287
0.860233
0.860331
0.860512
0.860741
0.860988
0.861229
0.861443
0.861612
0.86172
0.861752
0.861692
0.861534
0.861285
0.860967
0.860603
0.860224
0.859871
0.85959
0.859457
0.859228
0.859082
0.866338
0.866205
0.866068
0.865946
0.866
0.866161
0.866387
0.866642
0.8669
0.867137
0.86733
0.867457
0.867499
0.867444
0.867294
0.867061
0.866769
0.866445
0.866118
0.865835
0.865651
0.865632
0.865623
0.86567
0.664199
0.664165
0.663882
0.663306
0.662767
0.662269
0.661853
0.661506
0.661236
0.661034
0.660898
0.660818
0.660788
0.66081
0.660888
0.661036
0.661254
0.661553
0.661924
0.662378
0.662875
0.663413
0.663663
0.663684
0.77826
0.777774
0.777133
0.776845
0.776778
0.776846
0.776964
0.7771
0.777224
0.777318
0.777385
0.777413
0.777391
0.777322
0.777214
0.777077
0.776916
0.776735
0.776576
0.776468
0.776489
0.776725
0.77732
0.777807
0.793492
0.79405
0.794172
0.793987
0.793628
0.7933
0.793109
0.793086
0.793183
0.793318
0.793417
0.793445
0.793429
0.793364
0.79322
0.793032
0.792883
0.792848
0.792975
0.793236
0.793541
0.793703
0.793573
0.792998
0.799481
0.800556
0.801924
0.803447
0.804854
0.805922
0.806564
0.80682
0.806801
0.806645
0.806474
0.806364
0.806325
0.806358
0.806453
0.806535
0.806483
0.806173
0.805515
0.804468
0.803106
0.801634
0.800325
0.799266
0.787326
0.787619
0.787581
0.787519
0.787465
0.787494
0.787604
0.78777
0.787948
0.788099
0.788198
0.788241
0.788225
0.788149
0.78801
0.787811
0.787579
0.787355
0.787188
0.787103
0.787103
0.787117
0.78711
0.786787
0.732001
0.730871
0.73
0.729382
0.728833
0.728326
0.72785
0.727441
0.727114
0.726869
0.726703
0.726609
0.726595
0.72666
0.726797
0.727012
0.727308
0.727685
0.728131
0.728609
0.729133
0.729731
0.730587
0.731717
0.658213
0.656574
0.655457
0.654532
0.653745
0.652997
0.652327
0.651744
0.651278
0.65093
0.650701
0.650578
0.650555
0.65063
0.650813
0.651117
0.651541
0.652083
0.652713
0.653424
0.654176
0.655069
0.656163
0.657795
0.867736
0.867313
0.867793
0.86832
0.868847
0.869394
0.869973
0.870566
0.871151
0.871695
0.872157
0.872477
0.872596
0.872483
0.872141
0.871606
0.870943
0.870199
0.869416
0.868623
0.867819
0.867001
0.866232
0.866571
0.722875
0.72278
0.722796
0.722963
0.723222
0.723504
0.723774
0.724014
0.72421
0.724357
0.724452
0.724498
0.724498
0.724449
0.724353
0.724213
0.724032
0.723818
0.723581
0.723341
0.723131
0.723021
0.723065
0.723206
0.796153
0.796622
0.796891
0.797238
0.797653
0.798077
0.798453
0.798747
0.798946
0.79905
0.799073
0.799045
0.799034
0.799034
0.798978
0.798837
0.7986
0.798266
0.797859
0.797415
0.796989
0.796641
0.796395
0.795926
0.802921
0.805901
0.808639
0.810593
0.811888
0.812782
0.813397
0.813814
0.814091
0.814259
0.814326
0.814313
0.81428
0.81423
0.814104
0.813877
0.813546
0.813077
0.812413
0.811483
0.810187
0.808277
0.805621
0.802727
0.73011
0.729947
0.729886
0.729972
0.730163
0.730394
0.730629
0.730842
0.731018
0.731151
0.731238
0.731278
0.731275
0.731226
0.731137
0.731008
0.730842
0.730647
0.730437
0.730236
0.730079
0.730028
0.730121
0.730308
0.874404
0.873576
0.873628
0.873849
0.874267
0.874775
0.875365
0.87601
0.876678
0.877334
0.877926
0.878369
0.878574
0.878476
0.878052
0.877372
0.876542
0.875639
0.874719
0.873828
0.87299
0.87236
0.871898
0.872457
0.704518
0.704956
0.70481
0.704372
0.703906
0.703516
0.703199
0.702944
0.702748
0.702602
0.702503
0.702445
0.702428
0.702452
0.702516
0.702629
0.702793
0.703018
0.703307
0.703669
0.704108
0.70452
0.704645
0.704198
0.704201
0.702671
0.701576
0.700819
0.700137
0.699523
0.698977
0.698517
0.698157
0.697895
0.697729
0.697644
0.697632
0.697695
0.697839
0.698078
0.698415
0.698852
0.699374
0.699965
0.700626
0.701366
0.702448
0.703972
0.759153
0.75824
0.757674
0.757486
0.757232
0.756952
0.756652
0.756391
0.756185
0.756042
0.75596
0.755924
0.755927
0.755967
0.756052
0.756194
0.756395
0.756646
0.756935
0.757201
0.757443
0.757622
0.758182
0.759093
0.868431
0.868872
0.869699
0.87027
0.870951
0.871701
0.872576
0.873601
0.874758
0.876006
0.87728
0.878398
0.879073
0.879019
0.878091
0.876657
0.875051
0.873441
0.871925
0.870549
0.869259
0.868097
0.866649
0.865873
0.780783
0.78023
0.778996
0.777967
0.777294
0.776696
0.776217
0.775775
0.775402
0.775103
0.774928
0.774834
0.77483
0.774915
0.775081
0.775372
0.775736
0.776168
0.776637
0.777227
0.777893
0.778922
0.780155
0.780717
0.67678
0.676895
0.676488
0.675733
0.674991
0.674375
0.673914
0.673562
0.673308
0.673123
0.673
0.672929
0.672919
0.672968
0.67307
0.673234
0.67347
0.673806
0.67425
0.674854
0.675582
0.676323
0.676717
0.676593
0.880565
0.878958
0.877888
0.877315
0.877326
0.87769
0.878452
0.87962
0.881225
0.883277
0.885555
0.887737
0.889241
0.88941
0.887432
0.884726
0.881932
0.879534
0.877673
0.876384
0.875581
0.875487
0.875933
0.877254
0.74274
0.744032
0.744352
0.744265
0.74408
0.743898
0.74374
0.743625
0.743548
0.7435
0.743468
0.743448
0.743448
0.743465
0.743492
0.743537
0.743608
0.743718
0.743871
0.744046
0.744223
0.744302
0.743975
0.742676
0.487622
0.486619
0.486184
0.486037
0.486536
0.487483
0.488696
0.489971
0.491147
0.492108
0.492761
0.493053
0.49301
0.492621
0.491871
0.490838
0.489611
0.488317
0.487125
0.486228
0.485875
0.486066
0.486531
0.48767
0.965462
0.964102
0.963608
0.962764
0.961967
0.961551
0.961328
0.961027
0.960579
0.960085
0.95968
0.959462
0.95948
0.959734
0.960184
0.960743
0.961279
0.961696
0.962059
0.962605
0.96348
0.96433
0.964799
0.966217
1.01568
1.00745
1.00473
0.99924
0.992977
0.987116
0.982677
0.980361
0.980806
0.984384
0.990786
0.998979
1.00824
1.01198
1.00617
0.997133
0.989884
0.985571
0.98475
0.987717
0.993274
0.999643
1.00584
1.0104
0.817866
0.815571
0.814302
0.814364
0.815693
0.817618
0.819756
0.821836
0.823651
0.825062
0.825981
0.826372
0.826333
0.825848
0.824842
0.823379
0.821552
0.8195
0.817424
0.815579
0.814349
0.814382
0.815675
0.817938
0.858017
0.857602
0.85809
0.858106
0.858441
0.858402
0.858427
0.858342
0.858334
0.858325
0.858347
0.858377
0.858382
0.858372
0.858371
0.858404
0.858439
0.858549
0.858545
0.858604
0.858278
0.858269
0.85778
0.85819
0.988345
0.991234
0.991708
0.989972
0.987312
0.984966
0.983375
0.982463
0.982048
0.981974
0.9821
0.982282
0.982421
0.982513
0.982633
0.982904
0.983471
0.984501
0.986173
0.988547
0.99117
0.992857
0.992281
0.989304
0.861552
0.861551
0.86158
0.861435
0.861262
0.860944
0.860657
0.860586
0.860987
0.862048
0.863667
0.865553
0.86696
0.867579
0.86604
0.864188
0.86224
0.860681
0.859603
0.858921
0.858423
0.858152
0.857816
0.857964
0.686635
0.684399
0.682734
0.681607
0.680758
0.680068
0.679548
0.679147
0.678859
0.678661
0.678544
0.678485
0.678477
0.678518
0.678619
0.678801
0.679074
0.679461
0.679967
0.680644
0.681479
0.682593
0.684245
0.686473
0.828248
0.829534
0.830104
0.830358
0.830758
0.831215
0.831749
0.832391
0.83322
0.834324
0.835738
0.837299
0.838496
0.838698
0.837372
0.835519
0.833694
0.832116
0.83082
0.829781
0.828928
0.828307
0.82737
0.825979
0.803353
0.801981
0.801471
0.802114
0.803516
0.80511
0.806816
0.808426
0.809804
0.81087
0.811583
0.811926
0.811912
0.811539
0.810804
0.809734
0.808375
0.806807
0.805167
0.803655
0.802342
0.801769
0.802297
0.803646
0.944368
0.94445
0.944368
0.944061
0.94376
0.943651
0.943746
0.943955
0.944184
0.944366
0.944476
0.944508
0.944471
0.944383
0.944247
0.944071
0.943887
0.943756
0.943765
0.943984
0.944368
0.944726
0.944834
0.944755
0.520479
0.520161
0.52101
0.522461
0.524198
0.526021
0.527824
0.529523
0.531015
0.532223
0.533054
0.533451
0.533393
0.532869
0.531912
0.530598
0.529019
0.527253
0.525401
0.523543
0.52179
0.520338
0.5195
0.519857
0.888196
0.886852
0.887483
0.887798
0.888426
0.888601
0.888802
0.888844
0.888921
0.888976
0.889045
0.889115
0.88912
0.889071
0.88903
0.889002
0.888953
0.888938
0.88876
0.888605
0.887988
0.887681
0.887051
0.888392
0.994595
0.993913
0.990919
0.986266
0.98172
0.97768
0.974387
0.971833
0.968982
0.969099
0.972169
0.975546
0.977428
0.978177
0.977461
0.973993
0.96901
0.969605
0.971537
0.975927
0.980207
0.984839
0.988499
0.990271
0.6823
0.679303
0.688195
0.695813
0.702442
0.707665
0.711778
0.714962
0.717407
0.719235
0.720491
0.721111
0.721171
0.720689
0.719564
0.717864
0.71554
0.712474
0.708478
0.703364
0.696839
0.689308
0.680501
0.683554
0.980824
0.985031
0.987547
0.987582
0.986852
0.985804
0.984859
0.984018
0.983316
0.982784
0.982423
0.982329
0.982351
0.982499
0.98292
0.983504
0.984252
0.985131
0.986102
0.987168
0.987913
0.987889
0.985378
0.981158
0.956525
0.958033
0.962705
0.96707
0.971813
0.97615
0.980331
0.984117
0.98761
0.990526
0.992738
0.994003
0.994484
0.993879
0.992531
0.990131
0.987055
0.983564
0.979499
0.97512
0.970071
0.965322
0.959921
0.958374
0.981722
0.979957
0.980659
0.981466
0.982773
0.983844
0.984894
0.985999
0.987892
0.990079
0.991779
0.993524
0.995371
0.996977
0.99785
0.997561
0.995012
0.993723
0.991872
0.989907
0.987761
0.986176
0.984855
0.986791
0.988017
0.985399
0.983648
0.98177
0.980521
0.979619
0.979166
0.978829
0.978685
0.979472
0.981542
0.984661
0.98782
0.990655
0.992295
0.993449
0.992784
0.99114
0.988856
0.987852
0.987714
0.988583
0.989701
0.992689
0.992761
0.99149
0.987953
0.983421
0.979274
0.975553
0.972293
0.969188
0.967111
0.965897
0.969274
0.973613
0.976319
0.977341
0.976604
0.972546
0.96699
0.967444
0.970149
0.974728
0.979001
0.983509
0.987179
0.98932
0.996214
0.996721
0.994671
0.990029
0.98511
0.980773
0.976855
0.973657
0.972156
0.972921
0.975261
0.977748
0.979003
0.979734
0.979422
0.97746
0.973585
0.972674
0.975309
0.978659
0.982874
0.987369
0.990736
0.992036
0.996165
0.99866
0.99707
0.991869
0.985867
0.980605
0.976691
0.974201
0.973438
0.97455
0.976796
0.979208
0.980563
0.981896
0.981812
0.980612
0.977728
0.976502
0.978918
0.982889
0.986925
0.991324
0.994194
0.994681
1.00387
0.998068
0.989792
0.983118
0.978338
0.975368
0.97434
0.975298
0.978222
0.982672
0.987847
0.992813
0.996158
0.998961
0.996999
0.993895
0.989403
0.985134
0.982523
0.982169
0.983721
0.986346
0.989537
0.9903
0.878439
0.876797
0.875857
0.875241
0.874998
0.874933
0.875122
0.875327
0.87561
0.875858
0.876081
0.876224
0.876257
0.876191
0.876053
0.875895
0.875708
0.875604
0.875521
0.8757
0.876044
0.876758
0.877791
0.879484
0.935989
0.935778
0.937844
0.940009
0.942668
0.945328
0.948023
0.950552
0.952846
0.954745
0.956152
0.956948
0.957074
0.956506
0.955366
0.953716
0.951669
0.949352
0.946857
0.944328
0.941842
0.939727
0.937944
0.938502
0.97338
0.972289
0.974244
0.977071
0.980779
0.984193
0.987035
0.989425
0.991322
0.992799
0.994406
0.995944
0.997153
0.997591
0.997428
0.996651
0.995185
0.992963
0.990035
0.986425
0.982226
0.978841
0.976369
0.977452
1.03544
1.02932
1.02538
1.02096
1.01626
1.01144
1.00722
1.00458
1.00423
1.00641
1.01068
1.01568
1.02026
1.02355
1.02078
1.01613
1.01164
1.0083
1.00753
1.00939
1.01332
1.01829
1.02266
1.02822
0.518425
0.518755
0.518782
0.519122
0.51954
0.520096
0.52064
0.521189
0.521669
0.52212
0.522433
0.522673
0.522664
0.522403
0.522074
0.521615
0.521136
0.520594
0.520062
0.519524
0.519123
0.518804
0.518789
0.518475
0.925674
0.927251
0.929588
0.92982
0.929857
0.929409
0.929107
0.928754
0.928492
0.928282
0.928137
0.928104
0.928122
0.928194
0.928382
0.92863
0.928927
0.92931
0.929635
0.930101
0.930072
0.929847
0.92751
0.925925
0.907192
0.907979
0.909874
0.910086
0.91018
0.909857
0.909656
0.90938
0.90919
0.909029
0.908925
0.908904
0.90892
0.908975
0.909118
0.909312
0.909535
0.909838
0.910061
0.910402
0.910315
0.91011
0.908213
0.907418
0.864815
0.864757
0.865861
0.86594
0.866015
0.8658
0.865682
0.865495
0.865397
0.865309
0.865235
0.865208
0.865219
0.865273
0.86537
0.865483
0.865608
0.865819
0.865958
0.866191
0.866124
0.866049
0.86494
0.864991
0.868785
0.869158
0.870508
0.870677
0.870781
0.870573
0.870456
0.870267
0.870167
0.870083
0.870044
0.870049
0.870057
0.870075
0.870141
0.870251
0.870379
0.870593
0.870731
0.870957
0.870863
0.870697
0.869342
0.868963
0.892265
0.894277
0.89653
0.896897
0.896907
0.896474
0.896131
0.895737
0.89546
0.895237
0.895107
0.895072
0.895084
0.89515
0.895316
0.89557
0.895877
0.896297
0.89666
0.897108
0.897104
0.896742
0.894486
0.892465
0.8481
0.847268
0.847579
0.847335
0.847206
0.846903
0.846762
0.846577
0.846502
0.846433
0.846416
0.846418
0.846429
0.846455
0.846503
0.846602
0.84671
0.846925
0.847095
0.84742
0.847567
0.847824
0.847513
0.848347
0.989551
0.987086
0.983975
0.980597
0.977607
0.974636
0.971884
0.969299
0.966513
0.966276
0.969005
0.974397
0.978729
0.981786
0.983051
0.981934
0.978934
0.977356
0.978174
0.980211
0.982403
0.985226
0.987842
0.990702
0.686016
0.687021
0.695787
0.705296
0.712735
0.718336
0.722581
0.725846
0.728452
0.730571
0.732193
0.733069
0.73311
0.732352
0.730847
0.72885
0.726371
0.723237
0.719121
0.713644
0.706311
0.696894
0.688155
0.68711
0.644181
0.641317
0.637877
0.636339
0.63588
0.636237
0.636903
0.637651
0.638281
0.638754
0.639046
0.639227
0.639326
0.639334
0.639218
0.638901
0.638408
0.637775
0.637203
0.636914
0.637415
0.638968
0.64239
0.645218
0.515783
0.51538
0.514626
0.513914
0.5132
0.512595
0.512045
0.511615
0.511273
0.511072
0.510955
0.510968
0.511019
0.511105
0.511317
0.511613
0.512046
0.512564
0.513193
0.51387
0.514644
0.515405
0.516196
0.51662
0.527525
0.527996
0.527875
0.52809
0.52851
0.52916
0.529824
0.530473
0.531009
0.531476
0.531773
0.531998
0.531979
0.531717
0.531386
0.530894
0.530339
0.529679
0.529008
0.528358
0.527936
0.527727
0.527847
0.527388
0.567639
0.568518
0.568708
0.569263
0.569969
0.570857
0.571725
0.572551
0.573242
0.573847
0.574239
0.574538
0.574503
0.574134
0.573677
0.573017
0.572278
0.571411
0.570509
0.569592
0.568863
0.568288
0.568077
0.567197
0.631885
0.632688
0.632284
0.63216
0.632236
0.632578
0.632959
0.633348
0.633669
0.633981
0.63418
0.634403
0.634369
0.634082
0.633822
0.633456
0.633085
0.63265
0.632225
0.631845
0.631732
0.631823
0.632194
0.63138
0.713263
0.713903
0.712608
0.711324
0.710423
0.709906
0.709565
0.709337
0.709148
0.709056
0.708969
0.709061
0.709044
0.708923
0.708985
0.709053
0.709218
0.70942
0.709732
0.710222
0.711091
0.712353
0.713615
0.712962
0.989089
0.993724
0.996007
0.995657
0.9947
0.993595
0.992601
0.991694
0.990911
0.990279
0.989816
0.989652
0.989681
0.989905
0.990432
0.991119
0.99195
0.992894
0.993915
0.99504
0.996013
0.996376
0.9941
0.989437
0.886463
0.887077
0.8885
0.88878
0.889032
0.888861
0.888735
0.888512
0.888369
0.888246
0.888181
0.888176
0.888187
0.888219
0.888316
0.888469
0.888641
0.88889
0.889037
0.889224
0.888979
0.888705
0.88728
0.886658
0.859752
0.859315
0.859566
0.859249
0.859047
0.858671
0.85848
0.858302
0.858249
0.858213
0.858228
0.858249
0.858272
0.858302
0.858342
0.858433
0.858545
0.858782
0.859031
0.859461
0.859709
0.860069
0.859845
0.860297
0.882069
0.880761
0.880315
0.879828
0.879534
0.87936
0.879439
0.879561
0.879777
0.879963
0.88013
0.880231
0.880275
0.880267
0.880195
0.880108
0.879997
0.879985
0.880021
0.880316
0.880722
0.881319
0.881868
0.883255
0.68437
0.677929
0.681292
0.685956
0.690656
0.694853
0.698369
0.701182
0.703329
0.704877
0.705882
0.706365
0.706443
0.706111
0.705248
0.703832
0.701807
0.699108
0.695699
0.691601
0.686993
0.682423
0.679239
0.685453
0.507565
0.507297
0.506753
0.506368
0.506045
0.505872
0.505743
0.505692
0.505663
0.505698
0.505727
0.505799
0.505825
0.505802
0.505822
0.50584
0.505923
0.50603
0.506213
0.506439
0.506807
0.50723
0.507803
0.508094
0.992676
0.995987
0.997944
0.997627
0.996634
0.995446
0.994341
0.993369
0.992547
0.991905
0.991457
0.991325
0.991349
0.991536
0.992046
0.992739
0.993604
0.99461
0.995736
0.996937
0.997939
0.998268
0.996313
0.992989
0.975421
0.978709
0.981065
0.981174
0.980714
0.979915
0.979194
0.978532
0.977975
0.977547
0.977244
0.97716
0.977184
0.97732
0.977681
0.978158
0.97876
0.979458
0.980206
0.981024
0.981498
0.9814
0.979048
0.975748
0.952631
0.955367
0.957704
0.958008
0.957994
0.957429
0.956959
0.956478
0.956087
0.95579
0.955585
0.955542
0.955561
0.955649
0.955904
0.956244
0.956674
0.957187
0.957682
0.958264
0.958289
0.957993
0.955659
0.952917
0.945943
0.947781
0.949883
0.95017
0.950237
0.949827
0.949541
0.949199
0.948927
0.948722
0.948586
0.948581
0.948598
0.948643
0.948827
0.949072
0.949383
0.949757
0.950069
0.950501
0.950445
0.950166
0.948067
0.946221
0.881755
0.882767
0.884356
0.884655
0.884844
0.884608
0.8844
0.884121
0.883936
0.88378
0.88369
0.883668
0.88368
0.88373
0.883851
0.884036
0.884249
0.884554
0.884782
0.88503
0.88485
0.884556
0.882966
0.881945
0.872876
0.87246
0.873567
0.873715
0.873854
0.873758
0.873773
0.873681
0.873657
0.873634
0.873649
0.87369
0.873695
0.873674
0.873687
0.873736
0.873788
0.873906
0.873914
0.874034
0.873904
0.873761
0.872646
0.873056
0.852893
0.85226
0.853083
0.852925
0.852823
0.852503
0.852331
0.852106
0.85198
0.851857
0.851786
0.851754
0.851767
0.851826
0.851926
0.852074
0.852226
0.852475
0.852668
0.853005
0.853115
0.853279
0.852451
0.853078
0.853356
0.853251
0.853384
0.853102
0.852986
0.852712
0.852591
0.852439
0.852399
0.852363
0.852356
0.852365
0.852381
0.85241
0.852459
0.852532
0.852616
0.852811
0.852974
0.853284
0.853429
0.853738
0.853619
0.853729
0.898968
0.898123
0.897684
0.897345
0.897358
0.897512
0.897913
0.898362
0.898871
0.899308
0.899662
0.899866
0.899924
0.899836
0.899606
0.899298
0.898928
0.898624
0.898376
0.898386
0.898542
0.899044
0.899661
0.900566
0.800057
0.800879
0.799044
0.796737
0.794832
0.793413
0.792309
0.791425
0.7907
0.790192
0.78982
0.789776
0.789779
0.789833
0.790218
0.790736
0.791469
0.792358
0.793462
0.79488
0.796784
0.799089
0.800912
0.800067
0.891759
0.893803
0.892324
0.889531
0.886791
0.884463
0.882461
0.880733
0.879257
0.878123
0.87731
0.877057
0.877071
0.877356
0.878204
0.879367
0.88087
0.882617
0.884634
0.886973
0.889725
0.892527
0.894008
0.89193
0.91578
0.918764
0.917752
0.91494
0.911807
0.909074
0.906689
0.904625
0.902889
0.901566
0.900636
0.900331
0.900346
0.900685
0.901653
0.903009
0.904772
0.906857
0.909256
0.911998
0.915145
0.917974
0.918992
0.91598
0.858065
0.857542
0.858629
0.858566
0.858497
0.858176
0.857983
0.85774
0.857596
0.857466
0.857416
0.85742
0.857429
0.857447
0.857531
0.857689
0.857859
0.858126
0.858339
0.858676
0.858754
0.85882
0.857729
0.858243
0.849135
0.849329
0.85015
0.850041
0.849919
0.849535
0.849298
0.849027
0.848872
0.84874
0.848674
0.84865
0.848662
0.848713
0.848809
0.848969
0.849153
0.849451
0.849712
0.850114
0.850248
0.850366
0.849542
0.849344
0.862816
0.862095
0.861945
0.861556
0.861326
0.86107
0.860998
0.860928
0.860966
0.861007
0.861078
0.86113
0.861154
0.861155
0.861143
0.861163
0.86119
0.861326
0.861465
0.861784
0.862076
0.862509
0.862697
0.863439
0.916572
0.916465
0.916459
0.91677
0.917384
0.918177
0.919183
0.920208
0.921216
0.92206
0.922705
0.923074
0.923156
0.922942
0.922457
0.921776
0.920941
0.920091
0.919275
0.918676
0.918303
0.918219
0.918527
0.91866
0.600984
0.599292
0.596914
0.595198
0.593904
0.593114
0.592609
0.59232
0.592123
0.592009
0.591935
0.591954
0.592056
0.592234
0.592492
0.592773
0.593116
0.59353
0.594136
0.595003
0.596349
0.598093
0.600479
0.602162
0.534201
0.53353
0.532373
0.531248
0.530134
0.529164
0.528295
0.527585
0.527008
0.526619
0.526374
0.526326
0.5264
0.526595
0.526979
0.527502
0.5282
0.529022
0.529987
0.531039
0.532217
0.533392
0.534583
0.535273
0.967495
0.971092
0.971424
0.969373
0.966471
0.963606
0.960924
0.958582
0.95665
0.955209
0.954231
0.953918
0.953933
0.954285
0.955308
0.956785
0.958744
0.961102
0.963787
0.96665
0.969543
0.971604
0.971291
0.967695
0.524299
0.523779
0.522853
0.521952
0.52104
0.520239
0.519514
0.51893
0.518458
0.518151
0.517958
0.517926
0.51799
0.518146
0.518457
0.51888
0.519459
0.520145
0.52096
0.52184
0.522817
0.523769
0.524731
0.525271
0.562438
0.561364
0.559669
0.55815
0.556747
0.555616
0.554678
0.553951
0.553372
0.552963
0.552687
0.552597
0.55269
0.55296
0.553406
0.553972
0.554692
0.555544
0.556585
0.557801
0.559268
0.56083
0.562554
0.563637
0.991709
0.995668
0.997746
0.997469
0.996511
0.995347
0.994266
0.993301
0.992476
0.991824
0.991373
0.991241
0.991265
0.991453
0.991966
0.992671
0.993544
0.994545
0.995652
0.996834
0.997805
0.998098
0.996027
0.992048
0.985354
0.989317
0.990455
0.989095
0.986552
0.983932
0.981564
0.979504
0.977809
0.976539
0.9757
0.975466
0.975483
0.975761
0.976656
0.977968
0.979696
0.981775
0.984149
0.986771
0.989324
0.990703
0.989569
0.985583
0.992767
0.996496
0.998847
0.998403
0.996946
0.995275
0.993708
0.992284
0.991013
0.990012
0.989328
0.989091
0.989116
0.989403
0.99015
0.991197
0.992504
0.993954
0.995537
0.997213
0.998671
0.999121
0.996767
0.993047
0.958934
0.961054
0.963204
0.963492
0.963459
0.962932
0.962483
0.962028
0.961657
0.961405
0.961255
0.961262
0.961278
0.961313
0.961514
0.961814
0.962227
0.962716
0.963191
0.963737
0.963783
0.963505
0.961356
0.959228
0.939087
0.94026
0.942231
0.942465
0.942718
0.942428
0.942232
0.941958
0.941747
0.941589
0.94149
0.941507
0.941521
0.941543
0.941687
0.941885
0.942134
0.94244
0.942662
0.942972
0.942733
0.942507
0.940536
0.939355
0.919959
0.922024
0.924467
0.92472
0.924695
0.924189
0.92384
0.923446
0.923154
0.922918
0.922756
0.922711
0.922729
0.922814
0.923017
0.92329
0.923616
0.924039
0.924411
0.924935
0.924966
0.924719
0.922276
0.920201
0.901481
0.902678
0.904683
0.9049
0.904944
0.90459
0.904357
0.904052
0.903836
0.903646
0.903516
0.90347
0.903487
0.903569
0.903737
0.903959
0.904206
0.904538
0.904792
0.905163
0.905124
0.904913
0.902906
0.901699
0.932894
0.932942
0.934657
0.936423
0.938505
0.940603
0.942755
0.944792
0.946657
0.9482
0.949343
0.94999
0.9501
0.949654
0.948741
0.94742
0.945779
0.943945
0.941998
0.94006
0.938207
0.936551
0.935289
0.935339
0.94228
0.943313
0.946862
0.950194
0.954087
0.957823
0.961544
0.964996
0.968104
0.970698
0.972636
0.973737
0.973936
0.973144
0.971595
0.969341
0.966546
0.963331
0.959781
0.956099
0.952144
0.948664
0.944484
0.943645
0.988882
0.985848
0.982634
0.979577
0.977396
0.975507
0.973686
0.971893
0.970218
0.970302
0.972956
0.97757
0.981755
0.985003
0.986665
0.986807
0.984511
0.983044
0.982479
0.982535
0.983179
0.985372
0.988028
0.99139
0.990417
0.988216
0.984773
0.980959
0.977521
0.97417
0.971027
0.968013
0.96454
0.964408
0.966584
0.972159
0.976273
0.978645
0.979131
0.976841
0.973121
0.971617
0.97397
0.977211
0.980338
0.983969
0.987137
0.989848
0.991865
0.994053
0.992031
0.987669
0.982717
0.978393
0.975296
0.97376
0.974109
0.976112
0.978881
0.981563
0.982863
0.984291
0.984503
0.984231
0.982147
0.980833
0.981947
0.985862
0.990754
0.994895
0.997136
0.99656
1.02802
1.01945
1.01292
1.00633
1.00083
0.996573
0.993791
0.992873
0.994208
0.997738
1.00294
1.00857
1.01334
1.01686
1.01377
1.00868
1.00327
0.99854
0.996065
0.996227
0.999008
1.0041
1.01018
1.01577
0.855513
0.854594
0.8551
0.854906
0.854966
0.8548
0.854737
0.854598
0.854542
0.854484
0.854477
0.854496
0.854504
0.854506
0.854542
0.854625
0.854708
0.854871
0.854955
0.855139
0.855087
0.855286
0.854779
0.855693
0.98871
0.986002
0.983554
0.980965
0.979008
0.977443
0.976317
0.975247
0.974444
0.974948
0.977316
0.981259
0.984988
0.98805
0.989799
0.990614
0.989044
0.987784
0.986312
0.985384
0.985911
0.987537
0.989375
0.992464
0.515169
0.515479
0.515082
0.514938
0.514955
0.515211
0.515525
0.515876
0.516161
0.516408
0.51653
0.516605
0.516607
0.516533
0.516413
0.516174
0.515903
0.515574
0.515283
0.515054
0.515061
0.515231
0.515644
0.51535
0.538219
0.538834
0.538894
0.539306
0.539904
0.540714
0.54152
0.542294
0.542939
0.543501
0.543868
0.544144
0.544118
0.54379
0.543374
0.542774
0.542097
0.541299
0.540476
0.539654
0.539046
0.53863
0.538561
0.537955
0.741309
0.741991
0.740509
0.738877
0.737645
0.736851
0.736282
0.735861
0.735515
0.735303
0.735135
0.735196
0.735186
0.735111
0.735268
0.73547
0.735803
0.73621
0.73676
0.737538
0.738748
0.740367
0.741823
0.741124
0.954315
0.957747
0.957663
0.955199
0.952068
0.949073
0.946327
0.94396
0.942037
0.940632
0.939673
0.939381
0.939395
0.939721
0.940723
0.942163
0.944113
0.946496
0.949248
0.952243
0.955371
0.957842
0.957945
0.954509
0.876863
0.877158
0.87852
0.878725
0.878862
0.878655
0.878562
0.878384
0.878282
0.878192
0.878152
0.878156
0.878166
0.878185
0.878255
0.878373
0.878502
0.878706
0.87882
0.879046
0.878918
0.878717
0.877351
0.877048
0.861292
0.860939
0.861951
0.861949
0.861967
0.861716
0.861575
0.861373
0.861264
0.861175
0.861164
0.861167
0.861176
0.861196
0.861232
0.861351
0.861487
0.861713
0.861875
0.862143
0.862134
0.86214
0.861123
0.861469
0.847439
0.846541
0.846833
0.846549
0.846365
0.846042
0.845894
0.845711
0.845638
0.845568
0.845547
0.845541
0.845556
0.845592
0.845645
0.845747
0.845854
0.84607
0.846249
0.846596
0.8468
0.847099
0.846809
0.847708
0.85487
0.854328
0.854511
0.854234
0.854037
0.853696
0.853527
0.853349
0.853291
0.853254
0.853289
0.853326
0.853342
0.853345
0.853354
0.853441
0.853548
0.853774
0.853989
0.854371
0.854603
0.85491
0.854743
0.855292
0.870119
0.869489
0.86905
0.868506
0.86834
0.868184
0.868218
0.868267
0.868418
0.868559
0.86871
0.868795
0.868824
0.868798
0.868718
0.868652
0.868581
0.868615
0.868665
0.868904
0.869148
0.869764
0.870264
0.870925
0.865902
0.865011
0.864653
0.864158
0.863946
0.863743
0.86373
0.863726
0.863824
0.863916
0.864024
0.864094
0.86412
0.864107
0.864063
0.864039
0.864013
0.864091
0.864179
0.864453
0.864733
0.865287
0.865693
0.866611
0.985675
0.987162
0.984564
0.980866
0.977061
0.973973
0.972148
0.971902
0.97341
0.976416
0.980069
0.983612
0.985726
0.987632
0.987249
0.986159
0.983617
0.981769
0.981917
0.984637
0.988924
0.993381
0.996183
0.995572
0.509208
0.50889
0.508347
0.50789
0.507425
0.507057
0.506726
0.506494
0.506321
0.506252
0.506217
0.506261
0.506299
0.50633
0.506437
0.506581
0.506828
0.507134
0.507535
0.50797
0.508492
0.508996
0.50957
0.509909
0.771195
0.772005
0.770317
0.768285
0.766675
0.765543
0.764686
0.764013
0.763458
0.763081
0.7628
0.762798
0.762796
0.762797
0.76308
0.763458
0.764012
0.764682
0.76553
0.766654
0.768254
0.77028
0.771949
0.771117
0.939072
0.939576
0.942472
0.945253
0.948543
0.951738
0.954935
0.957911
0.960596
0.962822
0.964476
0.965413
0.965567
0.964894
0.963558
0.961619
0.95921
0.956456
0.953446
0.950343
0.947122
0.944293
0.94121
0.941329
0.977851
0.976008
0.977365
0.979114
0.981456
0.983665
0.985956
0.987917
0.989819
0.991904
0.994021
0.995714
0.997271
0.998249
0.997909
0.996015
0.995389
0.99335
0.990551
0.987781
0.984797
0.982398
0.980492
0.982541
0.552249
0.552981
0.553054
0.553488
0.554117
0.554967
0.555818
0.556633
0.557311
0.557899
0.558278
0.558561
0.558529
0.558183
0.557745
0.557108
0.556388
0.555538
0.554659
0.553786
0.553137
0.55269
0.552601
0.551873
0.990614
0.98816
0.983155
0.978994
0.975467
0.972979
0.971982
0.972671
0.975109
0.978962
0.9834
0.987617
0.990173
0.992468
0.991382
0.989527
0.986105
0.983054
0.981732
0.982802
0.985723
0.989166
0.992057
0.991489
1.01854
1.01
1.00192
0.994754
0.989375
0.985711
0.983825
0.983841
0.98583
0.989717
0.994937
1.00044
1.00471
1.00788
1.00516
1.00072
0.995447
0.99066
0.987808
0.98751
0.989696
0.993943
0.999433
1.00239
0.698039
0.695171
0.703411
0.712768
0.720083
0.725507
0.729545
0.732707
0.735412
0.737866
0.739948
0.741199
0.741221
0.740048
0.738071
0.735743
0.733176
0.73016
0.726267
0.720979
0.713772
0.704471
0.696222
0.698944
0.613563
0.611615
0.608913
0.607239
0.606111
0.605564
0.605303
0.605219
0.605172
0.605143
0.60511
0.605131
0.605241
0.605433
0.605663
0.60587
0.606071
0.606284
0.606647
0.60727
0.608447
0.610142
0.612839
0.614758
0.923866
0.923426
0.922986
0.922901
0.922992
0.923112
0.923205
0.923246
0.923239
0.923205
0.923168
0.923149
0.923146
0.923159
0.923192
0.923228
0.923244
0.923219
0.923149
0.923057
0.922999
0.923122
0.923606
0.924061
0.904673
0.905121
0.904529
0.900903
0.897581
0.896004
0.895877
0.896562
0.89744
0.898264
0.89908
0.899764
0.900131
0.900089
0.899625
0.898893
0.898076
0.897489
0.897627
0.899133
0.902316
0.905732
0.906083
0.905356
0.83015
0.827461
0.823427
0.819462
0.816704
0.814951
0.814038
0.813753
0.813803
0.813939
0.814011
0.813945
0.814012
0.814146
0.814082
0.813944
0.813889
0.814166
0.815063
0.81678
0.819484
0.823369
0.827324
0.829963
0.984205
0.985732
0.984286
0.980633
0.976515
0.973183
0.970559
0.969791
0.970801
0.973699
0.977538
0.981131
0.983372
0.984978
0.984629
0.983371
0.980289
0.978301
0.978567
0.982343
0.987661
0.99276
0.995736
0.995379
0.859166
0.858918
0.859811
0.859803
0.859923
0.859741
0.859671
0.859513
0.859437
0.85936
0.859326
0.859326
0.859335
0.859357
0.859419
0.85952
0.859621
0.859802
0.859892
0.86009
0.85998
0.859993
0.859097
0.859339
0.865713
0.865783
0.866909
0.86704
0.867254
0.867101
0.86702
0.866854
0.866765
0.866679
0.866644
0.866638
0.866647
0.866677
0.866738
0.86685
0.866964
0.867154
0.867255
0.86742
0.867216
0.867089
0.865963
0.865885
0.976832
0.978681
0.979689
0.978699
0.977063
0.975783
0.975058
0.97476
0.974691
0.974722
0.974824
0.974963
0.975091
0.975182
0.975248
0.97534
0.975539
0.975968
0.97679
0.97812
0.979748
0.980658
0.979524
0.977593
0.648918
0.644998
0.641487
0.638926
0.63745
0.636537
0.636072
0.635875
0.63581
0.635701
0.635338
0.634339
0.632781
0.632507
0.63323
0.634584
0.635029
0.63513
0.63522
0.635666
0.636733
0.638973
0.642556
0.646332
0.675115
0.67462
0.673853
0.672822
0.67186
0.670973
0.670279
0.669729
0.669333
0.669052
0.668873
0.66877
0.668761
0.668852
0.669022
0.669291
0.669674
0.670208
0.670883
0.671753
0.672701
0.673713
0.674469
0.674959
0.808212
0.807777
0.807345
0.807085
0.807017
0.806897
0.806801
0.80679
0.806989
0.807587
0.808761
0.810583
0.812404
0.812964
0.810612
0.8084
0.806787
0.805786
0.805154
0.804748
0.804453
0.804536
0.804975
0.805785
0.818954
0.815245
0.812286
0.810501
0.810272
0.811215
0.812776
0.814529
0.816181
0.817546
0.81849
0.818873
0.81881
0.818294
0.817242
0.815828
0.81418
0.812478
0.811007
0.810175
0.810509
0.812348
0.815293
0.81894
0.944851
0.946037
0.948342
0.950899
0.953959
0.956998
0.959997
0.962613
0.964928
0.966852
0.968336
0.969257
0.969601
0.969289
0.968409
0.96695
0.964997
0.962614
0.959716
0.956657
0.953447
0.950743
0.948081
0.946973
0.590651
0.583687
0.578198
0.573151
0.569803
0.567605
0.5664
0.566112
0.566579
0.567442
0.568264
0.568714
0.568711
0.568627
0.568591
0.568531
0.568491
0.568915
0.570108
0.572274
0.575598
0.580731
0.586359
0.593535
0.89953
0.906549
0.90955
0.910064
0.910076
0.910205
0.910562
0.91109
0.911639
0.91209
0.912367
0.912457
0.912472
0.912387
0.912091
0.911621
0.91106
0.910526
0.910166
0.910028
0.909996
0.909445
0.906412
0.899371
0.860495
0.86128
0.86252
0.863593
0.864352
0.864816
0.865098
0.865235
0.865282
0.865261
0.865244
0.865245
0.865249
0.865257
0.865283
0.865314
0.865279
0.865156
0.86489
0.864444
0.8637
0.862644
0.861413
0.86064
0.908879
0.909398
0.91045
0.910892
0.911377
0.911551
0.911747
0.911825
0.911917
0.91199
0.912062
0.912128
0.912136
0.912095
0.91205
0.912005
0.911942
0.911893
0.911722
0.91157
0.911101
0.910672
0.909625
0.909104
0.682646
0.683616
0.69273
0.701453
0.708708
0.714252
0.718521
0.721798
0.724354
0.72634
0.72778
0.728523
0.728571
0.727955
0.726638
0.724776
0.722344
0.71919
0.715044
0.709617
0.702468
0.693836
0.684771
0.683854
0.995524
0.995403
0.992892
0.988213
0.98343
0.979153
0.975749
0.973157
0.971443
0.972018
0.974463
0.977084
0.978311
0.978513
0.978149
0.976189
0.971996
0.971124
0.973084
0.97719
0.981504
0.986107
0.989626
0.991109
1.03002
1.02229
1.01706
1.01121
1.00594
1.00146
0.998249
0.996927
0.997953
1.00133
1.00651
1.0121
1.01676
1.01978
1.01716
1.01229
1.00699
1.00241
1.00022
1.00077
1.00388
1.00888
1.01412
1.01941
0.684024
0.677515
0.685301
0.691764
0.697644
0.702486
0.706391
0.709451
0.711791
0.713507
0.714656
0.71522
0.71529
0.714868
0.713855
0.712269
0.71005
0.707105
0.703312
0.698576
0.692797
0.686433
0.678811
0.685256
0.984774
0.984313
0.981543
0.978267
0.974971
0.972445
0.971261
0.971691
0.973893
0.977521
0.981684
0.985589
0.987696
0.989178
0.988613
0.987783
0.984791
0.982207
0.981397
0.983091
0.986607
0.990388
0.993213
0.992608
0.993511
0.992436
0.989099
0.984542
0.98028
0.976474
0.973236
0.970433
0.968189
0.968104
0.971426
0.975107
0.97716
0.977653
0.977057
0.97362
0.968016
0.968242
0.970524
0.975071
0.979271
0.983797
0.98749
0.989493
0.545128
0.54514
0.545286
0.545857
0.5466
0.54752
0.548399
0.549241
0.549969
0.550645
0.551144
0.551578
0.551546
0.55105
0.550497
0.549777
0.549012
0.54814
0.547238
0.5463
0.54554
0.544962
0.544808
0.544816
0.726807
0.726082
0.724802
0.723682
0.722844
0.722311
0.721925
0.721677
0.721521
0.721527
0.721584
0.72186
0.721841
0.721537
0.721462
0.72144
0.721579
0.721808
0.72217
0.722681
0.72349
0.72459
0.72584
0.726566
0.93459
0.934392
0.936179
0.938108
0.940497
0.942909
0.945361
0.947667
0.949762
0.951493
0.952773
0.953495
0.953612
0.953103
0.95207
0.950574
0.948714
0.946616
0.944367
0.942102
0.939918
0.938073
0.936694
0.937066
0.989495
0.987042
0.983846
0.980355
0.977479
0.974882
0.972561
0.97043
0.968324
0.96826
0.971156
0.976217
0.980379
0.983305
0.984807
0.984591
0.982047
0.980375
0.980154
0.981132
0.982796
0.985675
0.988449
0.99135
0.988683
0.986054
0.983905
0.981485
0.979665
0.978326
0.977566
0.976969
0.976645
0.977361
0.97957
0.983139
0.986628
0.98961
0.991324
0.992295
0.991059
0.989512
0.98744
0.986468
0.986878
0.988366
0.989928
0.992983
0.508689
0.508265
0.507863
0.507618
0.507344
0.507134
0.506928
0.506804
0.506733
0.50677
0.506837
0.506975
0.507007
0.506932
0.506926
0.506954
0.507091
0.507281
0.507551
0.507821
0.508146
0.508435
0.508867
0.509313
0.516735
0.516512
0.516252
0.516376
0.516648
0.517095
0.517539
0.517995
0.518396
0.518808
0.519126
0.519447
0.519442
0.51911
0.518787
0.518377
0.517984
0.517542
0.517112
0.516679
0.51642
0.516313
0.516589
0.516844
0.863351
0.862733
0.863393
0.863459
0.863713
0.863609
0.863582
0.863463
0.863421
0.863389
0.863385
0.863412
0.863418
0.863413
0.863441
0.863499
0.863568
0.863712
0.863761
0.863885
0.863641
0.863578
0.862915
0.863528
0.848506
0.847578
0.847704
0.847423
0.847387
0.847145
0.847037
0.846876
0.84682
0.846768
0.846769
0.846785
0.846796
0.846807
0.846838
0.846921
0.84701
0.847203
0.847341
0.847607
0.847659
0.847956
0.847834
0.848764
0.880752
0.879436
0.878639
0.878031
0.877836
0.877767
0.877923
0.878103
0.878362
0.878588
0.878791
0.878921
0.878958
0.878912
0.878799
0.878668
0.87851
0.878436
0.878389
0.878574
0.878878
0.879592
0.880488
0.881865
0.992601
0.995417
0.997376
0.997186
0.996127
0.994796
0.993488
0.992275
0.991223
0.990418
0.989895
0.989781
0.9898
0.989964
0.990547
0.991401
0.992493
0.993737
0.995067
0.996411
0.997479
0.997679
0.995719
0.992896
0.994519
0.9973
0.995497
0.990782
0.985345
0.980551
0.976942
0.974794
0.974614
0.976162
0.978552
0.980907
0.981777
0.982328
0.98279
0.983171
0.981199
0.980021
0.981448
0.985081
0.989299
0.993577
0.996096
0.995939
0.529339
0.528669
0.527801
0.527003
0.526134
0.525319
0.52455
0.523921
0.523427
0.523135
0.522987
0.523028
0.523098
0.523194
0.523472
0.523891
0.524501
0.525239
0.526103
0.527
0.527935
0.528786
0.529688
0.530378
0.956208
0.957906
0.959781
0.960375
0.960592
0.960172
0.959787
0.959369
0.959033
0.958811
0.958695
0.958743
0.958755
0.958745
0.958911
0.959179
0.959557
0.960009
0.960421
0.96086
0.960656
0.96007
0.958198
0.956496
0.903678
0.903935
0.902503
0.900024
0.897465
0.895245
0.893308
0.891641
0.890233
0.889188
0.888499
0.888418
0.888424
0.888534
0.889262
0.890341
0.891779
0.893471
0.895426
0.897659
0.90023
0.902718
0.904153
0.903869
0.864608
0.863863
0.863648
0.863257
0.863123
0.86292
0.862867
0.862813
0.862865
0.862922
0.86301
0.863077
0.8631
0.863089
0.863062
0.86307
0.863087
0.863211
0.863335
0.863605
0.863802
0.864246
0.864504
0.865271
1.00687
1.00089
0.99281
0.985857
0.980771
0.97751
0.976196
0.976989
0.979879
0.984495
0.990084
0.995632
0.99944
1.00198
0.999863
0.996299
0.991002
0.985899
0.982517
0.98165
0.983247
0.98651
0.990453
0.991361
0.888862
0.889356
0.890838
0.891241
0.891584
0.891395
0.89125
0.891014
0.890866
0.890753
0.890709
0.890735
0.890742
0.890743
0.89082
0.890965
0.891143
0.891406
0.891573
0.89178
0.891445
0.891047
0.889563
0.889061
0.97581
0.974948
0.977043
0.979534
0.982568
0.985188
0.98736
0.988949
0.99024
0.991905
0.993979
0.995713
0.996971
0.99763
0.996288
0.995715
0.995497
0.993955
0.991516
0.988553
0.984978
0.981877
0.979205
0.980175
0.99022
0.993039
0.995029
0.995109
0.994386
0.993375
0.99241
0.991539
0.990802
0.990243
0.989889
0.989842
0.98986
0.989958
0.990374
0.990986
0.991771
0.99268
0.993674
0.994705
0.995444
0.995377
0.993391
0.990558
0.942873
0.943955
0.945644
0.94614
0.946469
0.946165
0.945944
0.945652
0.94543
0.945277
0.945197
0.945246
0.945257
0.945245
0.945373
0.945567
0.945829
0.946153
0.946402
0.946726
0.946408
0.945919
0.944234
0.943146
0.854729
0.853864
0.854307
0.854149
0.85428
0.854115
0.854041
0.853895
0.853833
0.853776
0.853772
0.853799
0.853806
0.8538
0.853832
0.853915
0.854004
0.854175
0.85427
0.854453
0.854331
0.854494
0.85405
0.854911
0.884671
0.884996
0.886221
0.886591
0.887019
0.886913
0.88682
0.886618
0.886498
0.886402
0.886372
0.886403
0.886409
0.886403
0.886466
0.886591
0.88674
0.886967
0.887082
0.887203
0.886785
0.886418
0.885194
0.884863
0.879704
0.879859
0.880941
0.881306
0.88175
0.881655
0.88156
0.881367
0.881256
0.881169
0.881145
0.881177
0.881184
0.881175
0.88123
0.881345
0.881485
0.881704
0.881821
0.881931
0.881497
0.881135
0.880054
0.879893
0.871678
0.871389
0.872314
0.872577
0.872968
0.872921
0.872922
0.872813
0.872779
0.872761
0.872791
0.872858
0.87286
0.872811
0.872809
0.872854
0.872916
0.873051
0.873072
0.873141
0.872761
0.8725
0.871573
0.871858
0.859926
0.859175
0.859808
0.85979
0.859991
0.859841
0.85977
0.859619
0.859552
0.859498
0.859508
0.859541
0.859547
0.859534
0.859552
0.859633
0.859727
0.859903
0.859995
0.860163
0.859971
0.859993
0.859358
0.860104
0.854502
0.854236
0.854343
0.854075
0.854003
0.853742
0.853613
0.853456
0.85341
0.853378
0.85339
0.853417
0.853432
0.853444
0.853476
0.85355
0.853642
0.853844
0.854018
0.854318
0.85442
0.854718
0.854627
0.854899
0.861543
0.860891
0.860871
0.860511
0.86038
0.860104
0.859984
0.859865
0.85986
0.859867
0.859918
0.859964
0.859985
0.859991
0.859998
0.860049
0.860117
0.860298
0.860481
0.860816
0.860999
0.861405
0.861458
0.862129
0.923102
0.923763
0.92557
0.926017
0.926345
0.926062
0.925893
0.925647
0.925477
0.925354
0.925296
0.925339
0.92535
0.92534
0.925441
0.925602
0.925807
0.926084
0.926279
0.926582
0.926263
0.925822
0.924016
0.923349
0.90459
0.904803
0.906193
0.90657
0.906962
0.906797
0.906698
0.906494
0.906363
0.906258
0.90621
0.906241
0.906251
0.906251
0.906337
0.906476
0.90664
0.906872
0.906993
0.907177
0.906793
0.906421
0.90503
0.904812
0.978296
0.980842
0.982882
0.983307
0.983012
0.982285
0.981579
0.980919
0.980371
0.979973
0.979727
0.979719
0.979736
0.979793
0.980097
0.980546
0.98114
0.981838
0.982572
0.98332
0.983629
0.983213
0.981178
0.978623
0.949572
0.95099
0.952671
0.953268
0.953608
0.953283
0.953002
0.952654
0.952377
0.952186
0.95208
0.952119
0.952132
0.952131
0.952286
0.95252
0.952837
0.953218
0.953527
0.95387
0.953543
0.952953
0.951276
0.949853
0.866995
0.866673
0.867401
0.867556
0.867907
0.867851
0.867845
0.867737
0.867703
0.867677
0.867682
0.867724
0.867728
0.867707
0.867728
0.867779
0.867841
0.867974
0.868002
0.868078
0.867736
0.867585
0.866856
0.867173
0.960892
0.963148
0.96321
0.961176
0.95837
0.955596
0.953001
0.950763
0.948969
0.947681
0.946873
0.946747
0.946751
0.946908
0.947764
0.949089
0.950914
0.95317
0.955772
0.958549
0.961351
0.963393
0.963344
0.961088
0.520046
0.519421
0.518583
0.51784
0.517085
0.516418
0.515796
0.5153
0.514912
0.5147
0.514602
0.51467
0.514727
0.514768
0.514971
0.515288
0.515774
0.516363
0.517068
0.517809
0.518624
0.519417
0.520293
0.520947
0.785501
0.784879
0.783293
0.7815
0.779989
0.778843
0.777934
0.777231
0.776699
0.776398
0.776233
0.776381
0.776375
0.776228
0.776401
0.776709
0.777247
0.777952
0.778858
0.780001
0.781507
0.783294
0.784864
0.785477
0.856634
0.855341
0.855841
0.855718
0.855862
0.85571
0.855648
0.85551
0.855455
0.855404
0.855414
0.855455
0.855461
0.855439
0.85546
0.855538
0.855619
0.855782
0.855865
0.856036
0.855901
0.856028
0.855527
0.856815
0.996614
0.998545
0.996929
0.991974
0.986472
0.98183
0.97804
0.975304
0.973994
0.974584
0.976512
0.978701
0.979727
0.980336
0.980276
0.979537
0.976661
0.97544
0.977323
0.980607
0.984776
0.989146
0.992222
0.993162
0.875063
0.875111
0.876183
0.876436
0.876769
0.876647
0.876581
0.876419
0.876336
0.87627
0.876259
0.876295
0.876301
0.876287
0.876327
0.876421
0.876533
0.876721
0.876809
0.876948
0.876625
0.876375
0.875302
0.875247
0.52117
0.521159
0.52135
0.52192
0.522566
0.523308
0.523998
0.524671
0.525269
0.525852
0.526302
0.526695
0.52668
0.526258
0.525784
0.525186
0.524581
0.523909
0.523224
0.522493
0.521856
0.521301
0.521117
0.521149
0.532309
0.532283
0.532392
0.532916
0.533606
0.534456
0.535267
0.536048
0.536725
0.53736
0.537835
0.538251
0.538226
0.537762
0.537246
0.53658
0.535879
0.535082
0.534259
0.533403
0.532706
0.532183
0.532072
0.53212
0.992344
0.995144
0.99706
0.996946
0.996069
0.994953
0.993888
0.992926
0.992107
0.991474
0.99106
0.990976
0.990996
0.991129
0.991605
0.992289
0.993154
0.99415
0.995241
0.996375
0.997264
0.997392
0.995479
0.992668
0.8675
0.866303
0.86573
0.865178
0.865032
0.864899
0.86494
0.864985
0.865126
0.865257
0.865399
0.865489
0.865515
0.865483
0.865408
0.865349
0.865284
0.865316
0.865355
0.865566
0.865785
0.866402
0.867031
0.868257
0.979728
0.976904
0.97738
0.97866
0.980737
0.982655
0.984449
0.985974
0.988152
0.990763
0.992797
0.994552
0.996248
0.997388
0.997444
0.995592
0.99417
0.992754
0.990235
0.987527
0.984693
0.982717
0.981699
0.984674
0.989406
0.986563
0.982962
0.979463
0.976597
0.973844
0.971213
0.968549
0.965337
0.965051
0.967539
0.973228
0.977561
0.980296
0.981248
0.979478
0.976061
0.974654
0.975908
0.977959
0.980114
0.983195
0.986416
0.989707
0.756044
0.755251
0.753802
0.752365
0.751209
0.750392
0.749767
0.749317
0.749002
0.748888
0.748868
0.749112
0.7491
0.748841
0.748858
0.748969
0.74928
0.749722
0.750335
0.751142
0.75228
0.753708
0.755134
0.755925
0.940657
0.941615
0.944943
0.948046
0.951657
0.955117
0.958556
0.961748
0.964621
0.967007
0.968781
0.969786
0.969959
0.96924
0.967815
0.965741
0.963161
0.960199
0.956938
0.953549
0.949942
0.946744
0.94298
0.942485
0.937786
0.938354
0.941112
0.943684
0.946686
0.949585
0.952474
0.955161
0.957583
0.959584
0.961059
0.961892
0.962031
0.961444
0.960257
0.958524
0.956361
0.95389
0.951194
0.948405
0.945528
0.942957
0.940263
0.940201
0.511274
0.510699
0.510023
0.509466
0.508915
0.508458
0.50804
0.507728
0.50749
0.507382
0.507338
0.507414
0.507458
0.507468
0.507595
0.507788
0.508108
0.5085
0.508993
0.509518
0.510126
0.510732
0.511443
0.512045
0.983799
0.986059
0.984911
0.981776
0.978085
0.97484
0.972638
0.971903
0.972917
0.975538
0.978896
0.982146
0.983927
0.985255
0.985231
0.984918
0.982769
0.981428
0.982258
0.985774
0.99054
0.994841
0.997169
0.996363
0.560226
0.560305
0.560476
0.561061
0.5618
0.562717
0.563608
0.564459
0.565192
0.565869
0.566366
0.566807
0.56677
0.566259
0.5657
0.56497
0.564191
0.563302
0.562379
0.561432
0.560669
0.56007
0.559883
0.559819
0.988974
0.986221
0.983388
0.980389
0.978108
0.976257
0.974782
0.973446
0.972373
0.972726
0.975253
0.979601
0.983578
0.986726
0.988486
0.989049
0.987075
0.985487
0.984186
0.983711
0.984551
0.986705
0.989003
0.99217
0.993032
0.990543
0.984267
0.979007
0.974891
0.972199
0.971341
0.972417
0.975409
0.979838
0.984878
0.989645
0.992467
0.994294
0.993114
0.991142
0.986986
0.982996
0.980684
0.980634
0.982329
0.984611
0.987035
0.987285
1.02124
1.01364
1.00654
0.999334
0.993571
0.989477
0.987188
0.986819
0.988563
0.992452
0.997948
1.00378
1.00821
1.01095
1.00824
1.0038
0.998147
0.993047
0.990139
0.989876
0.992112
0.996636
1.00235
1.00588
0.692286
0.691285
0.700589
0.710424
0.717884
0.723432
0.727577
0.730791
0.733455
0.735764
0.737655
0.738751
0.738779
0.737776
0.735995
0.733809
0.731277
0.728202
0.724195
0.718779
0.711427
0.701667
0.692387
0.69326
0.925603
0.926234
0.927481
0.928105
0.928674
0.928654
0.928629
0.928471
0.928367
0.9283
0.928286
0.928344
0.928353
0.928326
0.928379
0.928481
0.92862
0.928809
0.928858
0.9289
0.928343
0.927727
0.926484
0.925852
0.594143
0.59022
0.590905
0.590535
0.590264
0.58987
0.58946
0.589016
0.588588
0.588215
0.58796
0.587857
0.587947
0.58823
0.588657
0.589184
0.589744
0.590293
0.590781
0.591228
0.591541
0.591946
0.591359
0.59513
0.913619
0.912898
0.912467
0.912529
0.913115
0.913953
0.915004
0.916062
0.91709
0.917952
0.91861
0.918989
0.919066
0.918838
0.91834
0.91764
0.916782
0.915897
0.91503
0.914376
0.914007
0.91412
0.914839
0.915487
0.856154
0.855388
0.85602
0.855957
0.856073
0.855918
0.855879
0.85575
0.855698
0.855641
0.855622
0.855622
0.855631
0.855654
0.855697
0.855779
0.855855
0.856008
0.856069
0.85624
0.856133
0.856203
0.855568
0.856329
0.846199
0.847822
0.84949
0.85062
0.851363
0.851822
0.852128
0.852311
0.852409
0.852432
0.852429
0.852435
0.852443
0.85245
0.852465
0.852453
0.852368
0.852203
0.851919
0.851487
0.850772
0.849671
0.848019
0.846404
0.64932
0.645077
0.640877
0.636152
0.632434
0.629815
0.628417
0.627753
0.627516
0.627462
0.627475
0.627484
0.627458
0.627402
0.627349
0.627365
0.627569
0.628213
0.629603
0.632208
0.635922
0.640657
0.644885
0.649206
0.867541
0.866932
0.867804
0.868054
0.868461
0.868453
0.868473
0.868386
0.868365
0.868342
0.868359
0.86839
0.868397
0.868385
0.868393
0.868442
0.868488
0.868599
0.868601
0.868625
0.868229
0.867985
0.867113
0.867714
0.850223
0.850227
0.851069
0.850968
0.850878
0.850524
0.850308
0.850054
0.849914
0.849796
0.849743
0.849728
0.849738
0.849778
0.849859
0.850004
0.850172
0.850452
0.850691
0.851062
0.851163
0.851272
0.850427
0.850419
0.876159
0.875868
0.875906
0.876109
0.876424
0.876838
0.877322
0.87783
0.87832
0.878754
0.879099
0.879324
0.879409
0.879347
0.879146
0.878819
0.878396
0.877915
0.877419
0.876962
0.876583
0.876315
0.876285
0.87653
0.868513
0.867502
0.866903
0.866386
0.86628
0.866197
0.866305
0.866405
0.86659
0.866748
0.866904
0.867004
0.86703
0.866991
0.866901
0.866812
0.866703
0.866679
0.86665
0.86681
0.866988
0.867572
0.868227
0.869268
0.899844
0.897441
0.89715
0.897655
0.898323
0.898923
0.899232
0.899202
0.898892
0.898462
0.898136
0.898008
0.898075
0.898318
0.898688
0.899101
0.89943
0.899535
0.8993
0.89876
0.898123
0.897605
0.89792
0.900493
0.962661
0.962398
0.962648
0.963019
0.963461
0.963801
0.964074
0.964272
0.964438
0.964583
0.9647
0.964783
0.964796
0.964741
0.964655
0.964544
0.964413
0.964249
0.964009
0.963699
0.963282
0.962931
0.962694
0.962962
0.853823
0.853124
0.85272
0.852324
0.852204
0.852128
0.852202
0.852286
0.852424
0.852542
0.85265
0.852716
0.852739
0.852721
0.852662
0.852596
0.852511
0.852481
0.85246
0.852589
0.852756
0.853193
0.853627
0.854336
0.85135
0.851674
0.852291
0.852112
0.851903
0.851497
0.851259
0.851005
0.850873
0.850762
0.85071
0.850692
0.850709
0.850765
0.850855
0.851005
0.851176
0.851469
0.851744
0.85218
0.852415
0.852613
0.852003
0.85168
0.852917
0.852656
0.852852
0.852617
0.852577
0.85232
0.852188
0.852018
0.85196
0.851914
0.851915
0.851935
0.851949
0.851964
0.852003
0.852088
0.852188
0.852399
0.852571
0.852862
0.852927
0.853188
0.853004
0.853269
0.870041
0.870879
0.872485
0.872774
0.872944
0.872729
0.872595
0.87239
0.872273
0.872168
0.872116
0.872103
0.872113
0.87215
0.872228
0.872358
0.872502
0.872731
0.872885
0.873114
0.872954
0.87267
0.871061
0.870214
0.987656
0.985787
0.985287
0.984282
0.983586
0.982817
0.98243
0.982247
0.982425
0.983207
0.984843
0.987492
0.990301
0.992995
0.994662
0.996079
0.995611
0.99438
0.992522
0.991451
0.990746
0.990718
0.990449
0.992634
0.806826
0.80289
0.798949
0.795537
0.793165
0.791826
0.791358
0.791423
0.791766
0.792193
0.79255
0.792677
0.792679
0.792536
0.792165
0.791754
0.79145
0.79144
0.791973
0.793371
0.795766
0.79916
0.803047
0.806914
0.906309
0.905392
0.904748
0.904438
0.904648
0.905075
0.905754
0.906463
0.907196
0.907812
0.908291
0.908566
0.908632
0.908486
0.908141
0.907666
0.907084
0.906534
0.906024
0.905776
0.905764
0.906259
0.907152
0.908057
0.937872
0.937844
0.938123
0.938381
0.938755
0.939106
0.939463
0.939774
0.940033
0.940228
0.940364
0.940441
0.940456
0.94041
0.940306
0.940142
0.939916
0.939637
0.93931
0.938988
0.93864
0.938404
0.938139
0.938171
0.857791
0.857194
0.856769
0.856335
0.856069
0.855902
0.855895
0.855944
0.856051
0.856154
0.856248
0.85631
0.856344
0.856349
0.856322
0.856286
0.856245
0.856262
0.856333
0.85656
0.856882
0.857363
0.857826
0.858445
0.84613
0.84562
0.845423
0.845297
0.845288
0.845309
0.845389
0.845479
0.845588
0.845686
0.845773
0.845831
0.845858
0.845854
0.845822
0.84578
0.84573
0.845699
0.845678
0.845715
0.845777
0.845946
0.846172
0.846688
0.92844
0.929237
0.930127
0.930877
0.931635
0.932289
0.932871
0.933362
0.933799
0.934153
0.934389
0.934515
0.934529
0.934432
0.934225
0.933902
0.933497
0.93304
0.932492
0.931872
0.931146
0.930423
0.929554
0.928764
0.85795
0.857648
0.85764
0.857331
0.857232
0.857022
0.856966
0.856898
0.856936
0.856977
0.857054
0.857115
0.857133
0.857118
0.857091
0.857103
0.85712
0.857244
0.857356
0.857618
0.857761
0.858109
0.858144
0.858456
0.812968
0.810834
0.809269
0.808447
0.808728
0.809858
0.811419
0.813037
0.814464
0.815553
0.816207
0.816375
0.816326
0.816044
0.81526
0.814098
0.812654
0.811074
0.809599
0.808582
0.808409
0.809295
0.810876
0.812993
0.589037
0.586987
0.584426
0.58267
0.581403
0.580479
0.579742
0.579097
0.578505
0.57798
0.577586
0.577404
0.577525
0.577944
0.57856
0.579286
0.580052
0.58084
0.58169
0.582696
0.584021
0.585809
0.588382
0.590398
0.603354
0.603724
0.603803
0.604417
0.605146
0.605956
0.606704
0.607411
0.608033
0.608627
0.609068
0.609434
0.609393
0.608949
0.608438
0.607783
0.607106
0.60635
0.605559
0.604705
0.603936
0.603286
0.603178
0.602806
0.510392
0.511346
0.512714
0.514489
0.516618
0.518886
0.521098
0.523089
0.524766
0.526075
0.526952
0.527349
0.527238
0.526619
0.525525
0.524009
0.522138
0.519973
0.517612
0.515217
0.512991
0.511145
0.509752
0.50883
0.922699
0.922511
0.9234
0.924455
0.925779
0.927196
0.928742
0.930379
0.932063
0.933704
0.935172
0.936315
0.936953
0.937007
0.936421
0.935243
0.93363
0.931751
0.929738
0.9277
0.92564
0.923852
0.922167
0.922076
0.747432
0.74729
0.746982
0.746645
0.746308
0.74599
0.745703
0.745455
0.745256
0.74511
0.745022
0.744994
0.745027
0.745119
0.74527
0.745475
0.74573
0.746026
0.746357
0.746711
0.747076
0.747434
0.747755
0.747899
0.758867
0.758722
0.75839
0.758045
0.75771
0.757403
0.75713
0.756897
0.756709
0.756571
0.756485
0.756453
0.756474
0.756548
0.756676
0.756855
0.75708
0.757347
0.75765
0.757983
0.75834
0.758702
0.759046
0.759193
0.909728
0.910772
0.912518
0.912883
0.913136
0.912955
0.912844
0.912638
0.912504
0.912394
0.912333
0.912337
0.912349
0.912377
0.912473
0.912616
0.912782
0.913014
0.913148
0.913347
0.913103
0.912744
0.911
0.909953
0.895607
0.894928
0.894464
0.89434
0.894633
0.895096
0.895721
0.89636
0.897004
0.897557
0.897993
0.898252
0.898308
0.898164
0.89785
0.897426
0.896918
0.896421
0.895944
0.895635
0.895503
0.895777
0.896379
0.897108
-0.0304919
-0.0305163
-0.0300779
-0.0291637
-0.0282143
-0.0278148
-0.0278149
-0.028258
-0.0288347
-0.0294745
-0.0299669
-0.0302587
-0.0303227
-0.0302605
-0.0300462
-0.0296251
-0.0290734
-0.0285684
-0.0283948
-0.0286424
-0.0294212
-0.0302999
-0.0307226
-0.0307011
-0.0163809
-0.0175061
-0.0194012
-0.0211428
-0.0219028
-0.0221453
-0.0219463
-0.0217918
-0.0216547
-0.0215724
-0.0214516
-0.0212943
-0.0211929
-0.0213335
-0.0218166
-0.022311
-0.0228008
-0.0231844
-0.0235053
-0.0233557
-0.0225649
-0.0211411
-0.0194848
-0.0192084
-0.0201661
-0.0207757
-0.0219578
-0.0227814
-0.0231413
-0.0232579
-0.0230859
-0.022912
-0.0227478
-0.0225947
-0.022386
-0.022133
-0.0219333
-0.0219908
-0.022361
-0.0227981
-0.0231599
-0.0234659
-0.0236695
-0.0236148
-0.0232171
-0.0225183
-0.0215401
-0.0213385
0.802584
0.802549
0.802427
0.802132
0.801787
0.801466
0.801175
0.800927
0.800726
0.800573
0.800465
0.800404
0.800379
0.800391
0.800452
0.800559
0.800717
0.800927
0.801186
0.801483
0.80181
0.802088
0.802195
0.80224
0.0554134
0.0542706
0.0510793
0.0478641
0.0462011
0.0455561
0.04569
0.0460756
0.0466395
0.0472052
0.047735
0.0481298
0.0482722
0.0482148
0.0478209
0.0474129
0.0468811
0.0465558
0.0464235
0.0470459
0.0486614
0.0517024
0.0549777
0.0553394
0.778745
0.778628
0.778358
0.778063
0.777774
0.777517
0.777295
0.777112
0.776967
0.77686
0.776793
0.776765
0.776772
0.776816
0.776898
0.777018
0.777176
0.777371
0.777604
0.777871
0.77817
0.778472
0.778745
0.778858
0.800804
0.80084
0.800857
0.800869
0.800873
0.80085
0.800812
0.800769
0.800725
0.800687
0.800655
0.800634
0.800618
0.80061
0.800614
0.800626
0.800646
0.80067
0.800693
0.800705
0.800696
0.800682
0.800667
0.800626
0.935663
0.936231
0.936393
0.936249
0.936048
0.93586
0.935703
0.935577
0.935481
0.935411
0.935389
0.935394
0.93541
0.935453
0.935519
0.935611
0.935733
0.93589
0.936087
0.936326
0.936582
0.936773
0.936634
0.936071
0.880241
0.880312
0.88026
0.880268
0.880242
0.880237
0.880226
0.88022
0.880215
0.880211
0.880209
0.880207
0.880208
0.880209
0.880211
0.880215
0.880221
0.880227
0.880238
0.880244
0.880269
0.880262
0.880313
0.880243
0.887974
0.888044
0.887977
0.887969
0.887936
0.887917
0.887899
0.887883
0.887872
0.887863
0.887857
0.887854
0.887854
0.887857
0.887863
0.887872
0.887884
0.887899
0.887917
0.887936
0.88797
0.887978
0.888044
0.887975
0.865236
0.8653
0.865306
0.865358
0.865389
0.865439
0.865481
0.865526
0.865563
0.865594
0.865616
0.865628
0.865628
0.865617
0.865597
0.865566
0.86553
0.865486
0.865445
0.865394
0.865365
0.865312
0.865307
0.865243
0.895448
0.895506
0.895429
0.895397
0.895357
0.895321
0.895294
0.895268
0.895248
0.895233
0.895223
0.895218
0.895218
0.895223
0.895233
0.895248
0.895268
0.895294
0.895321
0.895358
0.895397
0.895429
0.895506
0.895448
0.91077
0.91059
0.910552
0.910374
0.910215
0.910036
0.909865
0.909712
0.909584
0.909486
0.90942
0.909387
0.909387
0.90942
0.909486
0.909584
0.909712
0.909865
0.910036
0.910215
0.910374
0.910552
0.91059
0.91077
0.868177
0.868249
0.868245
0.868291
0.868308
0.868346
0.868375
0.868406
0.868432
0.868454
0.868469
0.868478
0.868478
0.868471
0.868457
0.868436
0.868411
0.86838
0.868353
0.868315
0.868299
0.868254
0.868258
0.868186
0.858333
0.858454
0.858604
0.858831
0.859054
0.859294
0.859514
0.859717
0.859886
0.86002
0.860111
0.860159
0.86016
0.860116
0.860028
0.859897
0.859731
0.859531
0.859315
0.859077
0.858857
0.858632
0.858484
0.858364
0.902929
0.902949
0.902873
0.902799
0.902748
0.902685
0.902634
0.902586
0.902546
0.902515
0.902493
0.902482
0.902482
0.902493
0.902515
0.902546
0.902586
0.902634
0.902685
0.902749
0.902799
0.902874
0.902949
0.902929
-0.020735
-0.0211228
-0.0211016
-0.0208506
-0.0203907
-0.020353
-0.0203542
-0.0206399
-0.0208794
-0.0211704
-0.0213844
-0.0215164
-0.0215371
-0.0215082
-0.0214674
-0.0213506
-0.0211905
-0.021014
-0.0209915
-0.021116
-0.0215598
-0.0220014
-0.0222198
-0.0220628
0.891719
0.891785
0.891712
0.891694
0.891657
0.89163
0.891607
0.891587
0.891572
0.89156
0.891552
0.891548
0.891548
0.891552
0.89156
0.891572
0.891587
0.891608
0.89163
0.891657
0.891694
0.891712
0.891786
0.891719
0.796924
0.796283
0.796531
0.797108
0.798192
0.799427
0.800697
0.801882
0.802892
0.803672
0.804193
0.804449
0.804435
0.804152
0.803607
0.802812
0.801798
0.800616
0.799359
0.798144
0.797086
0.796543
0.796287
0.796932
0.81918
0.8174
0.816389
0.816275
0.817143
0.818829
0.820921
0.823055
0.824964
0.826473
0.827475
0.827913
0.827861
0.827312
0.826217
0.824656
0.82274
0.820642
0.81862
0.817023
0.816243
0.816413
0.817443
0.819194
0.876475
0.876548
0.876509
0.876524
0.876505
0.876507
0.876501
0.8765
0.876499
0.876498
0.876498
0.876498
0.876498
0.876498
0.876499
0.8765
0.876501
0.876503
0.876509
0.876508
0.876526
0.876512
0.87655
0.876478
0.89916
0.899205
0.899128
0.899078
0.899035
0.898987
0.898951
0.898917
0.89889
0.898869
0.898855
0.898848
0.898848
0.898855
0.898869
0.89889
0.898917
0.898952
0.898987
0.899035
0.899078
0.899128
0.899205
0.89916
0.906416
0.906406
0.906348
0.90623
0.906147
0.906046
0.905956
0.905875
0.905807
0.905754
0.905717
0.905699
0.905699
0.905718
0.905754
0.905807
0.905875
0.905956
0.906046
0.906147
0.90623
0.906348
0.906406
0.906416
0.884087
0.884162
0.884105
0.884107
0.884078
0.884066
0.884051
0.88404
0.884032
0.884025
0.884021
0.884019
0.884019
0.884021
0.884025
0.884032
0.884041
0.884052
0.884066
0.884079
0.884108
0.884106
0.884163
0.884088
-0.077401
-0.0948493
-0.0999163
-0.103337
-0.100059
-0.0980289
-0.096189
-0.0947534
-0.093602
-0.0930337
-0.0919984
-0.0910355
-0.0893121
-0.0889717
-0.0905182
-0.0915734
-0.0923334
-0.0924756
-0.0929665
-0.0936578
-0.0949444
-0.0948775
-0.0930112
-0.0881431
-0.0510247
-0.0571485
-0.0566956
-0.058387
-0.0577415
-0.0587227
-0.0589018
-0.0591486
-0.0594625
-0.060177
-0.060607
-0.0609174
-0.06052
-0.0604712
-0.0609546
-0.0611922
-0.0612607
-0.0612419
-0.0618622
-0.0626227
-0.0641596
-0.0656585
-0.0669865
-0.0664553
-0.0306392
-0.0346435
-0.0356781
-0.0370196
-0.0367706
-0.0377316
-0.038147
-0.0389655
-0.0395703
-0.0402617
-0.0407168
-0.0408388
-0.0406084
-0.0405609
-0.040946
-0.0411161
-0.0410165
-0.0407123
-0.0405265
-0.0403037
-0.0405325
-0.0401925
-0.039195
-0.0368292
-0.0219541
-0.0238841
-0.0245789
-0.0252849
-0.0249495
-0.0254703
-0.0256426
-0.026191
-0.0265472
-0.0269163
-0.0270364
-0.0269406
-0.0266511
-0.0265503
-0.0268162
-0.027042
-0.0270671
-0.0269002
-0.026786
-0.0266105
-0.0267755
-0.0265753
-0.0259439
-0.0246204
-0.022051
-0.0234579
-0.0236732
-0.0238546
-0.0234193
-0.0237318
-0.0238238
-0.0242814
-0.0246034
-0.0249978
-0.0253014
-0.0255507
-0.0255359
-0.0254214
-0.0253339
-0.0252058
-0.0250425
-0.0248275
-0.0247481
-0.0247116
-0.0250483
-0.0252853
-0.0254839
-0.0244459
-0.0191253
-0.0196996
-0.0198931
-0.0198703
-0.0194974
-0.0195735
-0.0195789
-0.0198626
-0.0200447
-0.0202591
-0.0203668
-0.0203798
-0.0203072
-0.0202636
-0.0203134
-0.0203321
-0.020303
-0.0202121
-0.020218
-0.0202856
-0.0206358
-0.0208904
-0.020877
-0.0205687
-0.0323478
-0.0320507
-0.0315061
-0.0307765
-0.0300435
-0.0296513
-0.029479
-0.0296345
-0.0299026
-0.0302616
-0.030584
-0.0308283
-0.0309221
-0.0309283
-0.0308381
-0.0306072
-0.0303301
-0.0301207
-0.0301281
-0.0303635
-0.0309145
-0.0315807
-0.0321078
-0.0324126
-0.0173376
-0.0175696
-0.0182163
-0.0187762
-0.019095
-0.0191867
-0.0190193
-0.0188008
-0.018583
-0.0183846
-0.0181881
-0.018
-0.0178738
-0.0179129
-0.0181526
-0.0184818
-0.0188059
-0.019107
-0.0193057
-0.0192668
-0.0189449
-0.0184574
-0.0179318
-0.0179175
-0.0193067
-0.0196967
-0.0208485
-0.0217612
-0.0221901
-0.0223518
-0.0222069
-0.0220149
-0.0217977
-0.0215544
-0.0212836
-0.0210186
-0.0208369
-0.0208987
-0.0212516
-0.021711
-0.0221308
-0.0224573
-0.022649
-0.0225612
-0.0221206
-0.0213343
-0.0203743
-0.0203121
-0.0207757
-0.0215195
-0.0228398
-0.023779
-0.0241629
-0.0242688
-0.0240758
-0.0238931
-0.0237155
-0.0235719
-0.0233841
-0.0231419
-0.0229415
-0.0230035
-0.0233972
-0.0238535
-0.0242454
-0.0245824
-0.0248167
-0.0247677
-0.0243261
-0.0235318
-0.0224419
-0.0221907
-0.0203824
-0.021375
-0.0231154
-0.0246411
-0.0252981
-0.0254996
-0.0252863
-0.025113
-0.0249592
-0.0248528
-0.0247179
-0.0245502
-0.0244217
-0.0245255
-0.0249626
-0.025446
-0.025926
-0.0263127
-0.0266231
-0.0265113
-0.02581
-0.0245698
-0.0231221
-0.0228994
0.016714
0.0155394
0.0131847
0.0106584
0.00946218
0.00909633
0.00937264
0.00974039
0.0101514
0.0104543
0.0106647
0.0107838
0.0107686
0.0106219
0.0102293
0.00983868
0.0092567
0.0087507
0.00833085
0.00857982
0.00974484
0.0120378
0.014511
0.0148694
0.159949
0.159092
0.154283
0.149834
0.147674
0.146794
0.146744
0.147022
0.147571
0.148232
0.14891
0.149481
0.149742
0.149822
0.149576
0.149311
0.148991
0.148991
0.149311
0.150467
0.152857
0.157461
0.162384
0.162786
0.954842
0.955555
0.955913
0.95587
0.955718
0.955535
0.955343
0.955159
0.955007
0.954905
0.954879
0.954894
0.954926
0.954999
0.95512
0.955289
0.955497
0.955728
0.955966
0.956195
0.956394
0.956471
0.956122
0.955415
0.916883
0.917269
0.917144
0.916725
0.916261
0.91585
0.915521
0.915268
0.915093
0.914971
0.914912
0.914886
0.914878
0.914909
0.914984
0.915112
0.915312
0.915591
0.915959
0.916418
0.916937
0.917405
0.917562
0.917182
0.876154
0.876518
0.876227
0.875664
0.875075
0.874588
0.874224
0.873963
0.873781
0.873652
0.873578
0.873543
0.873534
0.873565
0.873637
0.873754
0.873932
0.874195
0.87457
0.875079
0.875694
0.876282
0.876594
0.876234
0.84902
0.849297
0.849222
0.849011
0.848753
0.848533
0.848371
0.848258
0.84818
0.848121
0.848086
0.848066
0.848048
0.848043
0.848057
0.848091
0.848154
0.848261
0.848427
0.84866
0.848937
0.849172
0.849281
0.849016
0.800547
0.800925
0.800745
0.800431
0.800096
0.799871
0.799764
0.799739
0.799757
0.799783
0.799806
0.79982
0.799807
0.799775
0.799734
0.799688
0.799658
0.799675
0.799781
0.800008
0.800346
0.800662
0.80085
0.800474
0.748684
0.748638
0.748429
0.748187
0.747936
0.747714
0.747521
0.747362
0.747238
0.74715
0.747098
0.747083
0.747101
0.747155
0.747245
0.74737
0.747529
0.74772
0.747942
0.748189
0.74846
0.748717
0.748937
0.748986
0.786323
0.786234
0.786067
0.785889
0.785714
0.785562
0.785436
0.785338
0.785265
0.785216
0.785187
0.785175
0.785172
0.785183
0.785214
0.785266
0.785342
0.785447
0.78558
0.785741
0.785925
0.786111
0.786284
0.78637
0.86131
0.861405
0.861533
0.861716
0.861891
0.862082
0.862258
0.862425
0.862567
0.862682
0.862762
0.862804
0.862804
0.862764
0.862685
0.86257
0.862428
0.86226
0.862084
0.861892
0.861716
0.861531
0.861403
0.861308
0.729483
0.729728
0.729558
0.729258
0.72892
0.728645
0.728439
0.728303
0.728221
0.72818
0.728167
0.728177
0.728199
0.728235
0.728291
0.728371
0.728489
0.728656
0.728886
0.72918
0.729531
0.72984
0.730018
0.729784
0.729611
0.729582
0.729378
0.729167
0.728961
0.728801
0.728674
0.728579
0.728512
0.72847
0.728452
0.728457
0.728479
0.728521
0.728585
0.728672
0.728783
0.728919
0.729086
0.729281
0.729517
0.729752
0.729973
0.730008
0.756112
0.7565
0.756535
0.756518
0.75648
0.756502
0.756576
0.756681
0.756791
0.756883
0.756947
0.756981
0.756971
0.756923
0.756847
0.756744
0.756631
0.756529
0.756462
0.756451
0.756501
0.756528
0.756504
0.75612
0.795829
0.795765
0.795664
0.795576
0.795508
0.795471
0.795461
0.795469
0.795487
0.795505
0.795521
0.795529
0.795519
0.795496
0.795468
0.795438
0.795412
0.795398
0.795404
0.79544
0.795511
0.795603
0.795706
0.795766
0.800777
0.800723
0.800609
0.800326
0.800008
0.799762
0.799606
0.799523
0.799484
0.799466
0.799455
0.799445
0.79942
0.799379
0.799337
0.799299
0.799282
0.799309
0.79941
0.799607
0.799882
0.800135
0.800237
0.800276
0.797334
0.796981
0.796794
0.797128
0.79761
0.798141
0.798688
0.799199
0.799633
0.799965
0.800183
0.800285
0.80026
0.800107
0.799838
0.799453
0.798964
0.798394
0.797787
0.797196
0.79665
0.796269
0.796467
0.796857
0.777691
0.778029
0.777861
0.777604
0.777355
0.777224
0.777205
0.777259
0.777345
0.777427
0.77749
0.777522
0.777508
0.777455
0.777377
0.777279
0.777184
0.777127
0.777148
0.777282
0.777535
0.777795
0.777969
0.777634
-0.0217007
-0.0218428
-0.0213466
-0.0207496
-0.0201626
-0.0200081
-0.0199795
-0.0202557
-0.0205678
-0.0210241
-0.0215389
-0.0219443
-0.0221093
-0.0220311
-0.0217423
-0.0212914
-0.0209348
-0.0206739
-0.0206338
-0.0208126
-0.0213656
-0.0221094
-0.0228284
-0.0228538
0.80495
0.803855
0.80369
0.804091
0.805245
0.806789
0.808499
0.810151
0.811588
0.812713
0.813469
0.813834
0.813817
0.813416
0.812635
0.811506
0.810086
0.808473
0.806822
0.80535
0.804273
0.803908
0.804113
0.805199
0.899177
0.899221
0.899141
0.89909
0.899046
0.898998
0.898962
0.898927
0.8989
0.898879
0.898865
0.898858
0.898858
0.898865
0.898879
0.8989
0.898927
0.898962
0.898998
0.899046
0.89909
0.899141
0.899221
0.899178
0.898399
0.898753
0.898487
0.897923
0.89733
0.896824
0.896431
0.89613
0.895898
0.89572
0.895616
0.895571
0.895573
0.895634
0.89575
0.895916
0.896142
0.896449
0.896867
0.89741
0.898047
0.898651
0.898944
0.898596
0.876312
0.876386
0.876348
0.876365
0.876348
0.876351
0.876347
0.876347
0.876347
0.876348
0.876348
0.876348
0.876349
0.876349
0.876349
0.876349
0.876349
0.876349
0.876354
0.876351
0.876368
0.876351
0.876389
0.876315
0.862392
0.862462
0.862501
0.862593
0.862673
0.862774
0.862865
0.862956
0.863033
0.863096
0.863139
0.863162
0.863163
0.863141
0.863098
0.863036
0.862961
0.86287
0.862779
0.862679
0.862599
0.862508
0.862468
0.862398
0.851574
0.851907
0.852481
0.853172
0.853848
0.854499
0.855076
0.855576
0.855982
0.856292
0.8565
0.856606
0.856609
0.856508
0.856306
0.856002
0.855602
0.855107
0.854537
0.853893
0.853223
0.852539
0.85197
0.851639
0.895475
0.895532
0.895454
0.895422
0.895382
0.895346
0.895319
0.895293
0.895274
0.895258
0.895248
0.895243
0.895243
0.895248
0.895258
0.895274
0.895293
0.895319
0.895346
0.895383
0.895422
0.895454
0.895532
0.895475
-0.0187331
-0.0189943
-0.0198595
-0.0205561
-0.0209345
-0.0210727
-0.0209196
-0.0207148
-0.0205079
-0.0203131
-0.0201113
-0.0199097
-0.0197652
-0.0198122
-0.0200883
-0.0204485
-0.0207911
-0.0210932
-0.0212847
-0.0212134
-0.0208331
-0.0202363
-0.0195327
-0.0195247
0.891691
0.891753
0.891677
0.891657
0.89162
0.891592
0.89157
0.891549
0.891535
0.891523
0.891515
0.891511
0.891511
0.891515
0.891523
0.891535
0.89155
0.89157
0.891592
0.89162
0.891658
0.891678
0.891753
0.891692
-0.0306744
-0.0332162
-0.0338703
-0.0350982
-0.0349566
-0.0357639
-0.0360651
-0.036699
-0.0370253
-0.0372419
-0.0371012
-0.0368754
-0.0366456
-0.0367249
-0.0372627
-0.0377683
-0.0379448
-0.0377823
-0.0375971
-0.0372648
-0.037208
-0.0365242
-0.0356117
-0.0344051
-0.0248073
-0.0256408
-0.0259599
-0.0260599
-0.0256316
-0.0257949
-0.0258334
-0.0261837
-0.0263799
-0.0265636
-0.0265364
-0.0263403
-0.026147
-0.0262008
-0.0265017
-0.0266856
-0.0266918
-0.0265752
-0.0265506
-0.0265797
-0.0269147
-0.0269927
-0.0267591
-0.0263773
0.868832
0.868894
0.868877
0.868909
0.868912
0.868936
0.868951
0.868971
0.868987
0.869
0.86901
0.869015
0.869016
0.869011
0.869002
0.868989
0.868974
0.868955
0.86894
0.868916
0.868914
0.868883
0.8689
0.868838
-0.226089
-0.227253
-0.188411
-0.16542
-0.147778
-0.136809
-0.130676
-0.127192
-0.125055
-0.1239
-0.122016
-0.12083
-0.11806
-0.117252
-0.120039
-0.120962
-0.122041
-0.122148
-0.122266
-0.12262
-0.123524
-0.123003
-0.120961
-0.113353
0.863656
0.863735
0.863771
0.863862
0.863934
0.864028
0.86411
0.864191
0.864259
0.864315
0.864353
0.864373
0.864374
0.864356
0.864319
0.864266
0.864199
0.86412
0.864039
0.863947
0.863876
0.863786
0.86375
0.863672
-0.00647011
-0.00765883
-0.00968831
-0.0116859
-0.0125712
-0.0128679
-0.012689
-0.0125351
-0.0123743
-0.0122475
-0.0120629
-0.0119058
-0.0118606
-0.0120254
-0.0125112
-0.0130259
-0.0135472
-0.0139293
-0.0142539
-0.0140591
-0.013163
-0.0114482
-0.00949587
-0.0091653
-0.0373075
-0.0424576
-0.0437811
-0.0462219
-0.0461339
-0.047146
-0.0473874
-0.047811
-0.0478527
-0.0479811
-0.0480216
-0.0480638
-0.0477605
-0.0477238
-0.0482343
-0.0488214
-0.049453
-0.0498253
-0.0501645
-0.0502887
-0.0506657
-0.0501301
-0.0494126
-0.0475162
0.880289
0.880352
0.880295
0.8803
0.880273
0.880266
0.880255
0.880248
0.880242
0.880238
0.880236
0.880235
0.880235
0.880236
0.880239
0.880243
0.880249
0.880256
0.880268
0.880275
0.880302
0.880297
0.880354
0.880291
0.872603
0.872669
0.872638
0.872659
0.872648
0.872657
0.872659
0.872665
0.87267
0.872675
0.872678
0.87268
0.87268
0.872679
0.872676
0.872672
0.872668
0.872661
0.87266
0.872651
0.872662
0.872642
0.872673
0.872607
0.872338
0.872409
0.872384
0.872411
0.872405
0.87242
0.872426
0.872437
0.872445
0.872452
0.872457
0.87246
0.872461
0.872458
0.872454
0.872447
0.87244
0.872429
0.872424
0.87241
0.872416
0.872389
0.872415
0.872343
0.906467
0.906443
0.906376
0.906251
0.906164
0.90606
0.905969
0.905887
0.905818
0.905764
0.905727
0.905709
0.905709
0.905727
0.905764
0.905818
0.905887
0.905969
0.90606
0.906164
0.906251
0.906376
0.906443
0.906467
-0.0250483
-0.0251956
-0.0252254
-0.0250347
-0.0245854
-0.0244402
-0.0244346
-0.0246878
-0.0249124
-0.0250767
-0.0250588
-0.0250212
-0.0250167
-0.0250454
-0.0251626
-0.0252727
-0.0252019
-0.0250174
-0.0249591
-0.0250738
-0.0254363
-0.0256716
-0.0257175
-0.0256591
0.902963
0.902979
0.9029
0.902822
0.90277
0.902705
0.902653
0.902604
0.902564
0.902532
0.902511
0.9025
0.9025
0.902511
0.902533
0.902564
0.902604
0.902653
0.902705
0.90277
0.902822
0.9029
0.902979
0.902963
0.864055
0.863295
0.864057
0.864199
0.864569
0.864526
0.864528
0.864426
0.864397
0.86437
0.864416
0.864472
0.864476
0.864437
0.864419
0.864473
0.864528
0.864654
0.864673
0.864732
0.864371
0.864235
0.863474
0.864227
0.860506
0.859657
0.860245
0.86027
0.860566
0.860514
0.860538
0.860454
0.860442
0.86042
0.860428
0.860469
0.860474
0.860452
0.860472
0.860516
0.860555
0.860662
0.860659
0.86073
0.860443
0.860424
0.859835
0.860678
0.78375
0.782515
0.781198
0.779912
0.778798
0.777857
0.777099
0.77656
0.77622
0.776096
0.77607
0.776227
0.776219
0.776058
0.776085
0.776213
0.776558
0.777101
0.777862
0.778806
0.779918
0.781209
0.782515
0.78376
0.967744
0.966225
0.966659
0.967325
0.968581
0.969912
0.971553
0.97344
0.975537
0.977851
0.980309
0.982762
0.984794
0.986394
0.986743
0.98581
0.983687
0.980964
0.978031
0.97534
0.972749
0.97102
0.96976
0.971297
0.945794
0.946534
0.948426
0.950417
0.952682
0.954953
0.957301
0.959561
0.961624
0.963436
0.964954
0.966063
0.966718
0.966814
0.966377
0.965301
0.963657
0.961529
0.959026
0.956398
0.953631
0.951108
0.948538
0.947607
0.681073
0.679582
0.690205
0.70064
0.708621
0.714241
0.718377
0.721463
0.723913
0.725923
0.727505
0.728346
0.728392
0.727685
0.726232
0.724358
0.722046
0.719098
0.715099
0.709608
0.701749
0.691399
0.680811
0.682124
0.721749
0.721991
0.720784
0.719687
0.718865
0.718337
0.717959
0.717707
0.717522
0.717445
0.717375
0.717432
0.717416
0.717334
0.717379
0.717435
0.717599
0.71783
0.718182
0.718687
0.719477
0.720553
0.721728
0.721484
0.849719
0.849143
0.84955
0.849387
0.849428
0.849194
0.849068
0.848886
0.848802
0.848731
0.848715
0.848727
0.848736
0.848747
0.848791
0.84889
0.849002
0.84921
0.849359
0.849614
0.849583
0.849755
0.849348
0.849923
0.52284
0.52334
0.524502
0.526283
0.528418
0.530685
0.532907
0.534946
0.536677
0.538023
0.538916
0.539315
0.539235
0.538666
0.537597
0.536094
0.534222
0.532062
0.529739
0.527392
0.525204
0.523399
0.522243
0.521781
1.0214
1.01488
1.0122
1.00717
0.999742
0.991409
0.983663
0.977889
0.975354
0.976258
0.98043
0.987449
0.997574
1.0013
0.994231
0.986004
0.981438
0.980574
0.983889
0.991475
1.00064
1.00881
1.01526
1.01864
1.00634
0.999546
0.992027
0.984917
0.979214
0.975302
0.973518
0.974333
0.977496
0.982415
0.988604
0.995126
1.0009
1.0041
1.00054
0.994556
0.988282
0.982674
0.978888
0.977836
0.9801
0.984921
0.991145
0.995265
0.812823
0.811864
0.810979
0.810525
0.810303
0.810101
0.809924
0.809713
0.809486
0.809291
0.809206
0.809178
0.809177
0.809203
0.809284
0.809476
0.809701
0.809913
0.810092
0.810299
0.810525
0.810984
0.811869
0.812836
0.792912
0.789654
0.786019
0.782727
0.780921
0.779974
0.779347
0.77898
0.778814
0.778771
0.778794
0.778848
0.778899
0.778935
0.778993
0.779115
0.779359
0.779799
0.780482
0.781483
0.783351
0.786589
0.790133
0.793313
0.796902
0.79695
0.797444
0.79811
0.798797
0.799457
0.800057
0.800576
0.801002
0.801327
0.801544
0.801648
0.801632
0.801499
0.801255
0.800906
0.800459
0.799921
0.799305
0.798632
0.797938
0.797271
0.796786
0.796747
0.84789
0.847333
0.847447
0.847314
0.847436
0.847332
0.847334
0.847252
0.847256
0.847256
0.847297
0.847335
0.847343
0.847328
0.847314
0.847343
0.84737
0.847483
0.847511
0.847639
0.847534
0.847682
0.847573
0.848129
0.989188
0.986251
0.983448
0.980214
0.977448
0.974757
0.972351
0.970319
0.96889
0.969339
0.972872
0.978065
0.982421
0.985591
0.987369
0.987373
0.984486
0.981885
0.981315
0.982129
0.983502
0.985982
0.98831
0.991835
0.520703
0.52184
0.522257
0.522042
0.52126
0.520088
0.518755
0.517489
0.516448
0.51569
0.515224
0.515034
0.515018
0.515202
0.515693
0.51649
0.517585
0.518917
0.520322
0.521571
0.522433
0.52272
0.522377
0.521313
0.836867
0.836334
0.836093
0.835917
0.835831
0.835775
0.83578
0.835803
0.835851
0.835898
0.835944
0.835977
0.836
0.836011
0.83601
0.836008
0.836005
0.836026
0.836063
0.836158
0.836278
0.83648
0.836736
0.837273
0.923901
0.923922
0.924277
0.924765
0.925362
0.925944
0.926483
0.926936
0.927315
0.927617
0.927835
0.927949
0.927963
0.927878
0.927691
0.92742
0.927073
0.926653
0.926148
0.925599
0.925033
0.924572
0.924236
0.924225
0.686946
0.678935
0.692389
0.702685
0.709526
0.713455
0.716016
0.718064
0.720255
0.722803
0.725497
0.727585
0.727616
0.725599
0.72305
0.720674
0.718682
0.716845
0.714489
0.710739
0.704015
0.693738
0.680118
0.687823
1.03346
1.03664
1.04734
1.04663
1.0377
1.02414
1.01065
1.00002
0.994214
0.994348
1.00043
1.01126
1.02512
1.02979
1.02197
1.01024
1.00336
1.00316
1.01068
1.02353
1.03658
1.04252
1.03781
1.03133
0.966913
0.967574
0.971293
0.974985
0.979207
0.983031
0.986628
0.989775
0.992306
0.993974
0.994993
0.99593
0.996774
0.996926
0.996925
0.996307
0.994295
0.99139
0.987806
0.983809
0.979164
0.974984
0.970636
0.96998
0.979017
0.978639
0.978502
0.977337
0.975548
0.973557
0.971815
0.970324
0.969112
0.968259
0.967778
0.967732
0.967733
0.967803
0.968324
0.969215
0.970464
0.971984
0.973735
0.975731
0.977537
0.978716
0.97887
0.979279
0.86053
0.859941
0.858762
0.857325
0.855695
0.854111
0.852733
0.851651
0.850922
0.850564
0.850418
0.850393
0.850391
0.850416
0.85056
0.850914
0.851634
0.85271
0.854083
0.855668
0.857318
0.858763
0.859946
0.860535
0.885754
0.885853
0.885749
0.885742
0.885704
0.885687
0.88567
0.885657
0.885646
0.885638
0.885633
0.885631
0.885631
0.885633
0.885639
0.885647
0.885657
0.885671
0.885687
0.885705
0.885743
0.88575
0.885853
0.885754
-0.0262952
-0.0266848
-0.0261999
-0.0253789
-0.0245679
-0.0243211
-0.0244177
-0.0249263
-0.0255842
-0.0263613
-0.0270824
-0.0276671
-0.027995
-0.028022
-0.0276924
-0.0270337
-0.0262327
-0.0255201
-0.0251529
-0.0252198
-0.0258545
-0.0266828
-0.0272384
-0.0270769
-0.0208831
-0.0228488
-0.0230837
-0.0238475
-0.0236686
-0.0241617
-0.0243133
-0.0247648
-0.0250271
-0.025363
-0.0255412
-0.0256716
-0.0256883
-0.0256556
-0.0256464
-0.0255496
-0.0254946
-0.0253572
-0.0253035
-0.0251354
-0.0252422
-0.0249784
-0.0249276
-0.0238221
0.953461
0.955226
0.958976
0.962632
0.966713
0.970491
0.97416
0.977489
0.980465
0.98294
0.984891
0.986091
0.986555
0.986065
0.984885
0.982948
0.980397
0.977318
0.97373
0.969888
0.965509
0.961533
0.957074
0.955113
0.795895
0.795316
0.795071
0.79517
0.795525
0.796027
0.79656
0.797049
0.797459
0.797766
0.797964
0.798057
0.798048
0.797939
0.797729
0.797408
0.796984
0.796483
0.795942
0.79542
0.795036
0.794906
0.79512
0.795655
0.785767
0.786338
0.787318
0.788212
0.788864
0.789332
0.789638
0.78983
0.789952
0.790036
0.79008
0.790083
0.79007
0.790042
0.789973
0.789867
0.789721
0.789512
0.789184
0.788692
0.788016
0.787102
0.786112
0.785557
0.988413
0.991109
0.992871
0.992795
0.992083
0.991156
0.990278
0.989488
0.988825
0.988329
0.988019
0.987978
0.987994
0.988082
0.988449
0.988995
0.989705
0.990533
0.991442
0.992392
0.99312
0.99321
0.991455
0.988747
0.650789
0.643528
0.650895
0.655895
0.659765
0.661892
0.663321
0.664375
0.665454
0.666652
0.66789
0.668815
0.668886
0.668111
0.667056
0.666041
0.665146
0.664268
0.662995
0.660987
0.65717
0.652127
0.644586
0.651589
0.912277
0.912054
0.911885
0.911492
0.911128
0.910797
0.910513
0.91028
0.910096
0.90996
0.909871
0.909827
0.909827
0.909871
0.90996
0.910096
0.91028
0.910513
0.910797
0.911128
0.911492
0.911885
0.912054
0.912277
0.846678
0.845534
0.845383
0.84509
0.845174
0.845087
0.845138
0.845106
0.845152
0.845177
0.845228
0.845265
0.845274
0.845258
0.845233
0.845234
0.845217
0.845276
0.845252
0.84536
0.845291
0.845596
0.845752
0.846896
0.86221
0.861932
0.862979
0.863026
0.863111
0.862916
0.862847
0.862691
0.862614
0.862536
0.862515
0.862522
0.86253
0.862545
0.862594
0.862698
0.8628
0.862979
0.863069
0.863281
0.863205
0.863162
0.862111
0.862381
0.683173
0.681134
0.679097
0.677473
0.676266
0.675378
0.674915
0.674734
0.674751
0.674869
0.675022
0.675131
0.675142
0.675048
0.674895
0.67477
0.67474
0.674907
0.675352
0.676223
0.677409
0.679015
0.681027
0.683044
0.742111
0.743149
0.745498
0.746677
0.746697
0.745459
0.743346
0.740808
0.738468
0.73707
0.737291
0.739299
0.742478
0.743777
0.74041
0.738449
0.738076
0.739068
0.740632
0.741971
0.742432
0.741898
0.740366
0.739065
0.914255
0.914754
0.915823
0.916354
0.916892
0.917114
0.917341
0.917467
0.91759
0.917689
0.917774
0.91784
0.917849
0.917807
0.917749
0.917679
0.917585
0.917489
0.917287
0.917089
0.916569
0.916052
0.914989
0.914491
0.482797
0.481633
0.480626
0.479695
0.47896
0.478548
0.478398
0.478456
0.478632
0.478851
0.479029
0.479114
0.479128
0.479056
0.478887
0.47869
0.478546
0.478528
0.478721
0.479198
0.479949
0.480934
0.482001
0.483256
0.943045
0.943183
0.943901
0.944473
0.94502
0.945382
0.945684
0.945895
0.94607
0.946211
0.946317
0.94639
0.946403
0.946359
0.946283
0.946174
0.946033
0.945854
0.945582
0.945247
0.944723
0.944169
0.943463
0.943332
0.873041
0.872915
0.873126
0.873322
0.873559
0.873758
0.87392
0.874036
0.874108
0.874145
0.874153
0.874143
0.874119
0.874084
0.874036
0.873965
0.87386
0.873711
0.873514
0.873276
0.873005
0.87278
0.872539
0.872685
0.895966
0.895652
0.895536
0.895641
0.895822
0.89598
0.896095
0.896165
0.896197
0.896202
0.896191
0.896174
0.896156
0.896139
0.89612
0.896092
0.896043
0.895963
0.895845
0.895688
0.895511
0.895412
0.89554
0.895858
0.906954
0.906201
0.90567
0.905502
0.905837
0.906408
0.907201
0.90802
0.908838
0.909528
0.910061
0.910369
0.910438
0.910265
0.909875
0.909331
0.908667
0.908009
0.907384
0.906987
0.906844
0.90718
0.907911
0.908675
0.989272
0.992628
0.994444
0.993473
0.991391
0.989202
0.987205
0.98541
0.983857
0.982673
0.981895
0.981671
0.981689
0.981961
0.982795
0.984024
0.985612
0.98743
0.989436
0.991629
0.99371
0.994678
0.992867
0.989515
0.982281
0.981756
0.981662
0.980665
0.979064
0.977249
0.975607
0.974189
0.973076
0.972307
0.971875
0.971838
0.97184
0.971903
0.972375
0.973185
0.974336
0.975784
0.977439
0.979266
0.980889
0.981901
0.982005
0.982549
0.766591
0.765957
0.765307
0.764689
0.764277
0.763989
0.763801
0.763675
0.763595
0.76355
0.763531
0.763532
0.76355
0.763585
0.763641
0.763722
0.763836
0.763994
0.764212
0.764525
0.764953
0.76558
0.766233
0.766864
0.630048
0.627512
0.624429
0.622795
0.621967
0.621858
0.622056
0.622398
0.622708
0.62296
0.62312
0.623251
0.623354
0.623421
0.623444
0.623356
0.623189
0.622968
0.622866
0.623044
0.623916
0.625567
0.628639
0.631145
0.892576
0.892538
0.89261
0.892847
0.893093
0.893287
0.893446
0.893551
0.893682
0.893843
0.893965
0.894022
0.894029
0.893987
0.893882
0.893739
0.893628
0.893544
0.893407
0.893235
0.893008
0.892787
0.892724
0.892774
0.919255
0.919692
0.920637
0.9211
0.921625
0.921883
0.922134
0.922275
0.922407
0.922514
0.9226
0.922663
0.922673
0.922636
0.922577
0.922499
0.922396
0.922284
0.92206
0.921827
0.921322
0.920874
0.919936
0.919502
0.598628
0.598785
0.599891
0.601278
0.602711
0.604104
0.605358
0.60648
0.607441
0.608219
0.608747
0.609009
0.608958
0.608591
0.607958
0.607088
0.606046
0.604857
0.603556
0.602133
0.600669
0.599245
0.598115
0.597962
0.759299
0.758221
0.757173
0.756285
0.755421
0.754814
0.754347
0.754027
0.753833
0.75378
0.753786
0.75389
0.753881
0.753764
0.753749
0.753797
0.753988
0.754305
0.754766
0.755369
0.756205
0.757112
0.758158
0.759282
0.598399
0.598366
0.598267
0.598628
0.59918
0.599923
0.600636
0.60132
0.601911
0.602481
0.602914
0.603346
0.603305
0.602798
0.6023
0.601672
0.601029
0.600298
0.599542
0.59876
0.598169
0.597772
0.597842
0.597882
0.755005
0.75494
0.754655
0.754317
0.753972
0.753647
0.753352
0.753099
0.752895
0.752747
0.752656
0.752626
0.752656
0.752745
0.752891
0.753091
0.753342
0.753637
0.753969
0.754326
0.754699
0.755058
0.755358
0.755426
0.973157
0.970954
0.969185
0.967606
0.966651
0.966163
0.966272
0.967027
0.968549
0.97082
0.973666
0.976563
0.978427
0.979069
0.977974
0.976207
0.973439
0.971064
0.969322
0.968316
0.967972
0.968652
0.969865
0.97259
0.896716
0.897012
0.897926
0.898397
0.898956
0.899207
0.899462
0.89959
0.899723
0.899822
0.899909
0.899973
0.899981
0.899938
0.899875
0.899802
0.899697
0.899595
0.899364
0.899135
0.898592
0.898133
0.897224
0.896926
0.904777
0.903581
0.903476
0.903705
0.904317
0.905139
0.906183
0.907418
0.908795
0.910264
0.911816
0.913131
0.913837
0.91372
0.912692
0.911077
0.909347
0.907604
0.905934
0.904433
0.903107
0.902208
0.901685
0.902628
0.923363
0.922776
0.922664
0.923236
0.924387
0.925814
0.927418
0.928986
0.930452
0.931671
0.932585
0.933106
0.933202
0.932867
0.932153
0.931128
0.929861
0.928483
0.927076
0.925829
0.924907
0.924489
0.924926
0.925473
-0.0396768
-0.0405493
-0.0407354
-0.0403255
-0.0397923
-0.0394753
-0.0392964
-0.0393939
-0.0395306
-0.0396594
-0.0396358
-0.0394961
-0.0393296
-0.0393493
-0.0395266
-0.0396633
-0.0396937
-0.0397024
-0.039866
-0.0401476
-0.0405373
-0.0407734
-0.0403196
-0.0392186
0.886313
0.8864
0.886336
0.886336
0.886311
0.886298
0.886284
0.886272
0.886263
0.886256
0.886251
0.886249
0.886249
0.886251
0.886256
0.886263
0.886272
0.886284
0.886298
0.886311
0.886337
0.886337
0.886401
0.886314
0.878719
0.878811
0.878761
0.878773
0.878754
0.878754
0.878747
0.878744
0.878741
0.878739
0.878738
0.878737
0.878737
0.878738
0.878739
0.878742
0.878745
0.878748
0.878756
0.878756
0.878775
0.878763
0.878813
0.878721
-0.0218944
-0.0210072
-0.020164
-0.0191437
-0.0182516
-0.0178385
-0.017838
-0.0181796
-0.0185918
-0.0189913
-0.0193696
-0.0197148
-0.0199928
-0.0199879
-0.0196328
-0.0191679
-0.0186843
-0.0182755
-0.0181844
-0.0185535
-0.0193782
-0.0203657
-0.0210296
-0.02165
-0.0277278
-0.0265647
-0.0245041
-0.0225914
-0.0212161
-0.0210521
-0.0216292
-0.0226573
-0.0236288
-0.0245092
-0.0252424
-0.0258537
-0.0263301
-0.0263195
-0.0256978
-0.0248795
-0.0240028
-0.0231152
-0.0226863
-0.0230622
-0.0244902
-0.0264913
-0.0278912
-0.0286044
0.901294
0.901354
0.901289
0.901236
0.901196
0.901143
0.901103
0.901063
0.901032
0.901007
0.90099
0.900982
0.900982
0.90099
0.901007
0.901032
0.901064
0.901103
0.901143
0.901196
0.901236
0.901289
0.901354
0.901294
-0.0246202
-0.023525
-0.0223956
-0.0211357
-0.0200795
-0.0196595
-0.0197272
-0.0201933
-0.0207235
-0.0212642
-0.0217977
-0.0223009
-0.0226935
-0.0226801
-0.0221776
-0.0215311
-0.0208954
-0.0203761
-0.0202249
-0.0206273
-0.0216084
-0.0228517
-0.0237348
-0.024499
0.802172
0.802019
0.801877
0.801614
0.801341
0.80111
0.800912
0.800749
0.800621
0.800521
0.800447
0.800398
0.800364
0.80035
0.800366
0.800412
0.800491
0.800607
0.800765
0.800965
0.801218
0.801471
0.801604
0.801749
0.874606
0.874703
0.874663
0.874683
0.874672
0.874682
0.874683
0.874688
0.874692
0.874696
0.874699
0.8747
0.874701
0.8747
0.874697
0.874694
0.874691
0.874686
0.874685
0.874675
0.874686
0.874667
0.874707
0.87461
-0.0271989
-0.0268226
-0.0258742
-0.0263438
-0.0264202
-0.0270928
-0.027223
-0.0275912
-0.027737
-0.0279128
-0.0280115
-0.0281513
-0.0282451
-0.0282501
-0.0281879
-0.02809
-0.0280517
-0.0279894
-0.0279631
-0.0277511
-0.0276136
-0.0274181
-0.0278198
-0.0280401
-0.056931
-0.058788
-0.0570897
-0.0632185
-0.0652197
-0.0674691
-0.0684724
-0.0691598
-0.0696298
-0.070479
-0.0714758
-0.0736429
-0.0758083
-0.0765119
-0.0742158
-0.0716448
-0.0702362
-0.0692886
-0.0690346
-0.0689008
-0.0695264
-0.0710799
-0.0765479
-0.0807499
0.908918
0.908934
0.90891
0.90877
0.908662
0.908535
0.908416
0.908308
0.908216
0.908145
0.908096
0.908071
0.908071
0.908096
0.908145
0.908216
0.908308
0.908416
0.908535
0.908662
0.90877
0.90891
0.908934
0.908918
-0.0238175
-0.0236211
-0.0231017
-0.0228645
-0.0227326
-0.0227833
-0.0226752
-0.0227426
-0.0227651
-0.0228725
-0.0229794
-0.0230687
-0.023093
-0.0230823
-0.0230549
-0.0229939
-0.0229947
-0.0230528
-0.0232146
-0.023352
-0.0235326
-0.0238218
-0.0242233
-0.0243399
0.796167
0.795535
0.795411
0.795872
0.796701
0.797707
0.798734
0.799666
0.800438
0.801023
0.801407
0.801591
0.801567
0.801339
0.800913
0.800292
0.799486
0.798522
0.797463
0.796429
0.795577
0.795098
0.795172
0.795841
0.870956
0.87105
0.871023
0.871047
0.871045
0.871062
0.871071
0.871083
0.871093
0.871102
0.871108
0.871112
0.871112
0.871109
0.871104
0.871095
0.871086
0.871074
0.871066
0.871049
0.871051
0.871027
0.871055
0.870961
0.86374
0.863826
0.863841
0.863908
0.863961
0.864035
0.864099
0.864165
0.86422
0.864266
0.864297
0.864314
0.864315
0.864299
0.864268
0.864224
0.864169
0.864104
0.864041
0.863967
0.863915
0.863848
0.863834
0.863747
-0.0274023
-0.027151
-0.0263293
-0.0265336
-0.0265288
-0.0269735
-0.0270058
-0.0272661
-0.0273407
-0.0274409
-0.0274746
-0.0275674
-0.0276166
-0.0276164
-0.0275839
-0.0275622
-0.0275943
-0.0275961
-0.0276438
-0.0275722
-0.0275624
-0.027509
-0.0280715
-0.028088
0.786077
0.786021
0.785919
0.786143
0.786502
0.78691
0.787287
0.787592
0.78782
0.787975
0.788069
0.788095
0.78804
0.787932
0.787791
0.787605
0.787362
0.787051
0.786677
0.786278
0.785931
0.785716
0.785823
0.785878
0.782778
0.782757
0.782566
0.782338
0.782127
0.781947
0.781798
0.781678
0.781587
0.781523
0.781484
0.781468
0.781467
0.781485
0.78153
0.781601
0.781702
0.781832
0.781992
0.782184
0.782406
0.782644
0.78284
0.782861
0.861465
0.861588
0.861659
0.861792
0.861918
0.862067
0.8622
0.862328
0.862434
0.86252
0.862579
0.86261
0.862611
0.862583
0.862526
0.862443
0.862338
0.862213
0.862081
0.861935
0.861811
0.861679
0.861609
0.861487
-0.037309
-0.0366748
-0.0348306
-0.0357214
-0.0358313
-0.036923
-0.0373321
-0.0380441
-0.0385006
-0.0390178
-0.0395109
-0.0400853
-0.0405774
-0.0406723
-0.040361
-0.0398554
-0.0394907
-0.0391366
-0.0388816
-0.0384634
-0.0382553
-0.0380064
-0.0389722
-0.0397609
0.0753906
0.0733368
0.0746474
0.0777425
0.0805409
0.0813977
0.080744
0.0792047
0.077516
0.0759684
0.0748381
0.0742197
0.0741951
0.0747465
0.0757791
0.0774923
0.0795642
0.0818108
0.0833174
0.0833518
0.0812956
0.0784401
0.0770637
0.0778237
0.800031
0.799613
0.799291
0.799206
0.799271
0.799408
0.799578
0.799754
0.799913
0.800039
0.800118
0.800149
0.800119
0.800029
0.799889
0.799701
0.799478
0.799237
0.799002
0.798805
0.798689
0.798757
0.799116
0.799536
0.860342
0.860096
0.859725
0.85951
0.859406
0.859381
0.859395
0.859431
0.859485
0.859548
0.859609
0.859617
0.859543
0.85944
0.859344
0.859269
0.859221
0.859197
0.859196
0.859239
0.859367
0.859611
0.860008
0.860249
-0.0260181
-0.0248204
-0.0234846
-0.0220384
-0.0208781
-0.0204564
-0.0205749
-0.0211176
-0.0217172
-0.0223541
-0.0229867
-0.0235669
-0.0240141
-0.0239972
-0.0234205
-0.0226652
-0.0219301
-0.0213426
-0.0211539
-0.0215748
-0.022661
-0.0240995
-0.0251285
-0.02595
0.811041
0.809843
0.809303
0.809536
0.810628
0.812252
0.814137
0.816003
0.817647
0.818939
0.819802
0.820201
0.820174
0.819714
0.818802
0.817489
0.815856
0.814032
0.812215
0.810674
0.80967
0.809493
0.810046
0.811222
0.924402
0.924135
0.923895
0.923636
0.923405
0.923234
0.923154
0.923171
0.923274
0.923416
0.923549
0.923582
0.92349
0.923351
0.923209
0.923103
0.923067
0.923122
0.92327
0.923501
0.923788
0.924092
0.924361
0.924626
0.727566
0.727408
0.72728
0.727322
0.72738
0.727445
0.72749
0.72752
0.727535
0.727544
0.727553
0.727565
0.727577
0.727595
0.727621
0.727648
0.727672
0.727685
0.727683
0.727661
0.727642
0.727633
0.727783
0.727946
0.887041
0.886613
0.885973
0.885443
0.885056
0.884801
0.884647
0.884567
0.884547
0.884573
0.884624
0.884627
0.88455
0.884459
0.884392
0.884372
0.884408
0.88451
0.884689
0.884972
0.885395
0.885968
0.886648
0.887074
0.763943
0.763896
0.763858
0.764109
0.764461
0.76485
0.76521
0.765508
0.765737
0.765895
0.765993
0.766025
0.765979
0.765879
0.765741
0.765558
0.765321
0.765023
0.764673
0.764299
0.763965
0.763728
0.763778
0.763828
0.019392
0.0183615
0.0199141
0.0223911
0.0245799
0.0251053
0.0244144
0.0230288
0.0215788
0.0202192
0.0191643
0.018477
0.018215
0.0185264
0.0194242
0.0207686
0.0223143
0.0239694
0.0249573
0.0246918
0.0226633
0.0198429
0.0180629
0.0179272
0.893892
0.893963
0.893891
0.893874
0.893844
0.893817
0.893796
0.893774
0.893759
0.893746
0.893738
0.893733
0.893733
0.893738
0.893746
0.893759
0.893775
0.893796
0.893817
0.893845
0.893874
0.893891
0.893964
0.893893
0.800181
0.799254
0.799136
0.799634
0.800864
0.802379
0.803984
0.805483
0.806759
0.807745
0.808405
0.808728
0.808713
0.808361
0.807681
0.806691
0.805428
0.803959
0.802403
0.800949
0.799785
0.799343
0.799503
0.8004
0.897636
0.897701
0.897629
0.897596
0.897563
0.897525
0.897497
0.897469
0.897447
0.89743
0.897419
0.897413
0.897413
0.897419
0.89743
0.897448
0.897469
0.897497
0.897526
0.897564
0.897596
0.897629
0.897702
0.897636
0.861472
0.861577
0.86165
0.861782
0.861907
0.862053
0.862186
0.862314
0.862423
0.862511
0.862571
0.862603
0.862604
0.862573
0.862513
0.862426
0.862318
0.862191
0.862058
0.861912
0.861787
0.861655
0.861582
0.861476
0.855435
0.85561
0.855883
0.856256
0.856634
0.857021
0.857371
0.857687
0.857947
0.858149
0.858286
0.858357
0.858359
0.858293
0.858159
0.857961
0.857706
0.857394
0.857048
0.856665
0.856291
0.855922
0.855651
0.855477
-0.0315363
-0.0308716
-0.029335
-0.030004
-0.0300673
-0.0309462
-0.0312075
-0.0317418
-0.0320228
-0.0323259
-0.0325346
-0.0328729
-0.0332227
-0.0333252
-0.0331517
-0.0328734
-0.0326512
-0.0323995
-0.0322112
-0.03185
-0.0316585
-0.0313665
-0.0320085
-0.0328838
0.893868
0.893943
0.89387
0.893851
0.893821
0.893792
0.893771
0.893749
0.893733
0.893721
0.893712
0.893708
0.893708
0.893712
0.893721
0.893734
0.893749
0.893771
0.893793
0.893821
0.893852
0.893871
0.893944
0.893868
0.908331
0.907943
0.907386
0.906842
0.906393
0.906061
0.905849
0.905746
0.905734
0.905776
0.905839
0.905845
0.905767
0.90567
0.905593
0.905565
0.905616
0.905765
0.906023
0.906399
0.906898
0.907494
0.908096
0.908486
-0.181127
-0.144874
-0.108181
-0.0988637
-0.0915489
-0.0871983
-0.0842696
-0.0823086
-0.0811001
-0.0811407
-0.0819894
-0.0854121
-0.0891368
-0.0903711
-0.0862518
-0.0811663
-0.0782077
-0.0760125
-0.0747738
-0.0739144
-0.0740003
-0.0754752
-0.0831626
-0.0906083
-0.0234065
-0.0232123
-0.0228307
-0.0228618
-0.0228836
-0.0230956
-0.0230367
-0.0231289
-0.0230979
-0.0230987
-0.0230475
-0.0229934
-0.02295
-0.0229535
-0.0230262
-0.0231138
-0.0232364
-0.0233515
-0.0235038
-0.0235454
-0.0235718
-0.0236033
-0.0237736
-0.0238378
-0.0226852
-0.0218863
-0.0196584
-0.0175154
-0.0159731
-0.0158165
-0.0165073
-0.0176833
-0.018803
-0.0198231
-0.0206532
-0.0213137
-0.0217762
-0.0217249
-0.021049
-0.0201526
-0.0191793
-0.0181698
-0.0176655
-0.0180578
-0.0196776
-0.0219419
-0.0235143
-0.024072
0.942456
0.942094
0.941971
0.941888
0.941896
0.941991
0.942167
0.942413
0.942701
0.942981
0.943206
0.943279
0.943184
0.943011
0.942797
0.942572
0.942369
0.942214
0.942126
0.942115
0.942182
0.942327
0.942483
0.942851
-0.00947672
-0.00936461
-0.00724349
-0.00496845
-0.00324172
-0.00301944
-0.00374711
-0.00500499
-0.00623363
-0.00737296
-0.00829382
-0.0089472
-0.00932025
-0.00918297
-0.00846535
-0.00744543
-0.00634807
-0.00519944
-0.00460509
-0.00500747
-0.00682811
-0.00936265
-0.0111061
-0.011511
0.901312
0.90137
0.901306
0.901253
0.901214
0.901162
0.901122
0.901083
0.901051
0.901027
0.90101
0.901001
0.901001
0.90101
0.901027
0.901051
0.901083
0.901122
0.901162
0.901214
0.901253
0.901306
0.90137
0.901312
0.897601
0.897667
0.897595
0.897563
0.89753
0.897493
0.897465
0.897437
0.897416
0.897398
0.897387
0.897381
0.897381
0.897387
0.897398
0.897416
0.897437
0.897465
0.897493
0.897531
0.897563
0.897595
0.897667
0.897601
0.86625
0.866354
0.866359
0.866417
0.866456
0.866516
0.866565
0.866616
0.866659
0.866694
0.866718
0.866731
0.866731
0.86672
0.866697
0.866663
0.866622
0.866572
0.866524
0.866465
0.866428
0.86637
0.866365
0.866262
0.890188
0.890266
0.890193
0.890185
0.890157
0.890137
0.89012
0.890103
0.890092
0.890082
0.890076
0.890072
0.890072
0.890076
0.890082
0.890092
0.890104
0.89012
0.890137
0.890157
0.890186
0.890193
0.890266
0.890189
0.867223
0.86732
0.867311
0.867349
0.867366
0.867403
0.86743
0.867461
0.867487
0.867508
0.867523
0.867531
0.867532
0.867525
0.86751
0.86749
0.867465
0.867434
0.867408
0.867371
0.867355
0.867317
0.867327
0.86723
0.878571
0.878668
0.878618
0.87863
0.878612
0.878612
0.878606
0.878604
0.878602
0.8786
0.878599
0.878599
0.878599
0.8786
0.878601
0.878603
0.878605
0.878608
0.878614
0.878614
0.878632
0.87862
0.87867
0.878574
-0.0249611
-0.0245837
-0.0239529
-0.0239719
-0.0239329
-0.0242296
-0.0242042
-0.0243709
-0.0243867
-0.0244348
-0.0244157
-0.0243936
-0.0243975
-0.0244409
-0.0245167
-0.0245471
-0.0245894
-0.0246209
-0.0247044
-0.0246883
-0.0247331
-0.0247873
-0.0251213
-0.02548
-0.0549569
-0.0521956
-0.0472143
-0.0483457
-0.0480515
-0.0491421
-0.0494916
-0.0500473
-0.0505381
-0.0513128
-0.0521919
-0.0537013
-0.0551487
-0.0555032
-0.054192
-0.0527872
-0.0520807
-0.0516817
-0.0517897
-0.0518223
-0.0523279
-0.0534702
-0.0576197
-0.0614774
-0.0406401
-0.0396062
-0.037364
-0.0392081
-0.0396302
-0.0410641
-0.041644
-0.0424221
-0.0428785
-0.0434171
-0.0440153
-0.0449455
-0.0457918
-0.0459577
-0.045295
-0.0445178
-0.0441683
-0.0438903
-0.0437316
-0.043377
-0.0432418
-0.0430078
-0.0447646
-0.0466173
-0.0261848
-0.0260797
-0.0255612
-0.0252406
-0.0250495
-0.0249994
-0.0248639
-0.0249052
-0.0249297
-0.0250312
-0.0251662
-0.0252771
-0.0253141
-0.0252965
-0.0252491
-0.0251604
-0.0251667
-0.0252258
-0.0253941
-0.0255685
-0.0257751
-0.0260883
-0.0265154
-0.0264806
-0.0235999
-0.0226405
-0.0217564
-0.0207265
-0.0198099
-0.0194257
-0.0194674
-0.0198542
-0.0202792
-0.0206653
-0.0210262
-0.0213647
-0.0216513
-0.0216508
-0.0212892
-0.0208356
-0.0203756
-0.0199621
-0.0198548
-0.0202217
-0.0210744
-0.0220792
-0.0227436
-0.0233996
0.87054
0.870639
0.870616
0.870647
0.870652
0.870677
0.870693
0.870712
0.870728
0.870741
0.870751
0.870756
0.870756
0.870752
0.870743
0.870731
0.870716
0.870697
0.870682
0.870657
0.870653
0.870623
0.870646
0.870547
-0.0293206
-0.029233
-0.0288705
-0.0284795
-0.0281513
-0.0280141
-0.0278883
-0.0279746
-0.0280807
-0.0282232
-0.0282861
-0.0283266
-0.0283411
-0.0283384
-0.0283584
-0.0283604
-0.02831
-0.0282793
-0.0283858
-0.0285559
-0.0288242
-0.0291417
-0.029369
-0.0293094
0.882455
0.882539
0.882478
0.882483
0.882459
0.882451
0.88244
0.882432
0.882426
0.882421
0.882418
0.882417
0.882417
0.882419
0.882422
0.882427
0.882433
0.882441
0.882452
0.88246
0.882484
0.882479
0.882541
0.882457
0.87477
0.874862
0.874822
0.874838
0.874825
0.874832
0.87483
0.874833
0.874835
0.874837
0.874838
0.874839
0.87484
0.874839
0.874838
0.874836
0.874835
0.874832
0.874834
0.874828
0.874841
0.874825
0.874866
0.874773
0.90491
0.904973
0.90494
0.904868
0.904818
0.904745
0.904681
0.904619
0.904568
0.904527
0.904499
0.904485
0.904485
0.904499
0.904527
0.904568
0.90462
0.904681
0.904745
0.904818
0.904868
0.90494
0.904974
0.90491
0.904867
0.904929
0.904893
0.904819
0.904768
0.904695
0.904631
0.90457
0.904518
0.904478
0.90445
0.904436
0.904436
0.90445
0.904478
0.904518
0.90457
0.904631
0.904695
0.904768
0.904819
0.904893
0.904929
0.904867
0.629949
0.627416
0.62425
0.622881
0.622456
0.622668
0.623099
0.623554
0.623893
0.62409
0.62417
0.624209
0.624323
0.624506
0.624632
0.62462
0.624441
0.624119
0.623795
0.623663
0.62414
0.625528
0.628679
0.631156
0.6577
0.649035
0.656112
0.662021
0.667156
0.670389
0.67268
0.674302
0.675649
0.676852
0.677905
0.678515
0.678596
0.678161
0.677295
0.676268
0.67509
0.673625
0.671475
0.668354
0.663275
0.657341
0.650143
0.658545
0.641314
0.638886
0.648659
0.65455
0.659632
0.662747
0.66498
0.666531
0.667781
0.668848
0.669747
0.670288
0.670366
0.670002
0.669284
0.668394
0.66731
0.66591
0.663809
0.660795
0.655773
0.64989
0.640069
0.642295
-0.00639797
-0.00718511
-0.00789092
-0.00836105
-0.00849219
-0.00851626
-0.00835209
-0.0081284
-0.00778405
-0.007424
-0.00710117
-0.00686813
-0.00677866
-0.00685445
-0.00708135
-0.00741799
-0.00777597
-0.0080528
-0.00824822
-0.00831403
-0.00822968
-0.00789378
-0.00730328
-0.00677193
0.563494
0.56611
0.568802
0.571035
0.572847
0.574254
0.57536
0.5762
0.576799
0.57719
0.577443
0.57755
0.577459
0.577171
0.576739
0.576177
0.575411
0.574407
0.573145
0.571595
0.569666
0.567342
0.564591
0.561954
0.0622542
0.0537758
0.0548863
0.0556585
0.0561596
0.0553902
0.05399
0.0521053
0.0500355
0.0479829
0.0466394
0.0461705
0.0474246
0.0483049
0.0478837
0.0491199
0.0512696
0.0540573
0.0564443
0.0579508
0.057657
0.055895
0.0522171
0.0504982
0.850804
0.851021
0.851275
0.851611
0.851965
0.852348
0.852709
0.853036
0.85331
0.853524
0.853671
0.853746
0.853748
0.853676
0.853534
0.853323
0.853053
0.85273
0.852373
0.851994
0.851643
0.851309
0.851058
0.850842
0.856563
0.856905
0.857172
0.857466
0.857744
0.858029
0.858287
0.858518
0.858712
0.858865
0.858969
0.859023
0.859024
0.858973
0.85887
0.85872
0.858527
0.858298
0.858042
0.857758
0.85748
0.857186
0.85692
0.856579
0.0266841
-0.00672657
-0.0140249
-0.0119679
-0.00551772
-0.000566378
0.00280624
0.00445839
0.00471177
0.00356193
0.00254852
0.000840307
0.00160514
0.00169544
0.00182741
0.00386612
0.00578035
0.00820651
0.00969489
0.0103087
0.00981237
0.0103344
0.0107308
0.0136
0.728983
0.729172
0.729118
0.729077
0.72904
0.729055
0.729099
0.729157
0.729217
0.729268
0.729307
0.729333
0.729339
0.72933
0.729311
0.729281
0.729249
0.72922
0.729208
0.729224
0.729291
0.729357
0.729431
0.729253
0.609279
0.610109
0.609888
0.610026
0.61035
0.610918
0.611501
0.612066
0.612526
0.61294
0.613202
0.613448
0.613412
0.613096
0.61277
0.612298
0.611785
0.611172
0.610545
0.609937
0.609575
0.609405
0.609591
0.608752
0.977751
0.97782
0.980252
0.982353
0.984812
0.986682
0.987986
0.989126
0.99103
0.993152
0.99441
0.995949
0.997719
0.998554
1.0009
0.998153
0.99621
0.995312
0.993629
0.991241
0.988076
0.985277
0.982109
0.982175
0.85022
0.849622
0.849974
0.850014
0.85023
0.850227
0.850306
0.850295
0.850331
0.850345
0.850377
0.8504
0.850406
0.850401
0.85039
0.850398
0.850385
0.850417
0.85036
0.85038
0.850178
0.850145
0.849794
0.850385
0.982138
0.983146
0.981764
0.978477
0.974833
0.971758
0.969784
0.969497
0.971009
0.974181
0.978067
0.981698
0.984076
0.986159
0.985588
0.98414
0.9813
0.979182
0.979152
0.982425
0.9874
0.992197
0.995143
0.994757
0.793854
0.795366
0.795967
0.796289
0.796218
0.796085
0.796022
0.796081
0.796196
0.796304
0.796384
0.796424
0.796431
0.796403
0.796334
0.796234
0.796126
0.796074
0.796142
0.796276
0.796344
0.796015
0.795404
0.793892
0.895269
0.895045
0.894529
0.894195
0.894024
0.893951
0.893894
0.893845
0.893842
0.893864
0.893884
0.893877
0.89383
0.893763
0.893699
0.89366
0.893668
0.893696
0.893721
0.893783
0.893961
0.894324
0.894881
0.895126
0.873021
0.872703
0.872533
0.872082
0.871958
0.871761
0.87173
0.871723
0.871824
0.871925
0.872047
0.872128
0.872159
0.872144
0.872098
0.872075
0.872059
0.872153
0.872272
0.872557
0.872764
0.873292
0.873528
0.873882
0.876859
0.875837
0.875362
0.874828
0.874713
0.874586
0.874636
0.874709
0.874878
0.875033
0.875191
0.875304
0.875335
0.875298
0.875223
0.875154
0.875077
0.8751
0.87515
0.875378
0.875589
0.876213
0.87677
0.877839
0.652971
0.649584
0.660777
0.667881
0.674036
0.67813
0.681172
0.683377
0.685062
0.686348
0.687291
0.687774
0.687859
0.687565
0.686803
0.685688
0.68416
0.682101
0.679192
0.67521
0.669147
0.6621
0.65092
0.654285
0.792021
0.79255
0.793139
0.793387
0.793493
0.79354
0.793616
0.793699
0.793777
0.793838
0.793882
0.793904
0.793902
0.793877
0.793828
0.793761
0.793677
0.79359
0.793505
0.793451
0.793335
0.79308
0.792479
0.791961
0.833855
0.83087
0.828618
0.827758
0.828589
0.830679
0.833383
0.836139
0.838552
0.840371
0.841424
0.841692
0.841583
0.841072
0.839753
0.837763
0.835287
0.832564
0.829969
0.828033
0.827356
0.828314
0.830589
0.83354
0.956795
0.957153
0.957482
0.957371
0.957214
0.957134
0.957124
0.957181
0.957285
0.957398
0.957488
0.957528
0.957512
0.957462
0.957393
0.957321
0.957275
0.957287
0.95737
0.957521
0.957757
0.957924
0.957601
0.957249
0.52238
0.520624
0.518665
0.516572
0.514538
0.512666
0.511001
0.509563
0.508352
0.507404
0.506747
0.506446
0.506558
0.507077
0.50794
0.50908
0.510462
0.512048
0.513836
0.515796
0.517888
0.520026
0.522009
0.523777
1.02068
1.01603
1.01039
1.00387
0.995899
0.987561
0.979977
0.974191
0.971513
0.971965
0.975243
0.980944
0.989483
0.992419
0.986467
0.979834
0.976237
0.975768
0.979342
0.986966
0.996466
1.00566
1.01316
1.01635
1.02301
1.0181
1.02065
1.01799
1.01182
1.0037
0.996138
0.990987
0.98938
0.992011
0.998891
1.00843
1.01988
1.02413
1.0174
1.00678
0.999056
0.995682
0.997619
1.00379
1.01162
1.01722
1.01714
1.02143
0.968041
0.968286
0.969346
0.969896
0.970156
0.970031
0.969842
0.969627
0.96946
0.969373
0.969351
0.969431
0.969441
0.969395
0.96946
0.969589
0.969798
0.970049
0.970271
0.970422
0.970182
0.969644
0.968592
0.968348
0.853531
0.853536
0.854251
0.854602
0.855101
0.85529
0.855503
0.855587
0.8557
0.85578
0.855866
0.855923
0.855926
0.855882
0.855814
0.855755
0.855665
0.855603
0.855413
0.855244
0.854761
0.85442
0.853708
0.853693
0.612749
0.610873
0.608362
0.606751
0.605667
0.605136
0.604887
0.604828
0.604827
0.60487
0.604912
0.605005
0.605108
0.605213
0.605356
0.60548
0.605626
0.605808
0.606157
0.606763
0.607895
0.609529
0.61204
0.613898
0.633714
0.631191
0.628072
0.626454
0.625707
0.625695
0.625996
0.626433
0.626825
0.627143
0.62735
0.62751
0.627611
0.627644
0.627617
0.627461
0.627208
0.62689
0.626683
0.626765
0.627555
0.62919
0.632296
0.63479
0.793951
0.793776
0.793872
0.794111
0.794398
0.7947
0.794993
0.79526
0.795487
0.795664
0.795783
0.795839
0.795828
0.795753
0.795618
0.795427
0.795188
0.79491
0.794606
0.794294
0.793998
0.793749
0.793646
0.793822
0.805425
0.803572
0.800112
0.795181
0.79085
0.78825
0.786877
0.786469
0.786665
0.787107
0.787581
0.787912
0.787962
0.787731
0.78736
0.787011
0.786893
0.787359
0.788761
0.791389
0.795675
0.800481
0.803847
0.805653
0.919432
0.919314
0.91994
0.920827
0.922085
0.923491
0.924989
0.926476
0.927864
0.929086
0.930091
0.930799
0.93116
0.931139
0.930726
0.929911
0.928747
0.927296
0.925664
0.923982
0.922335
0.921016
0.919831
0.919886
0.941268
0.941715
0.943497
0.945722
0.948483
0.951277
0.954057
0.956575
0.958809
0.960653
0.962054
0.962906
0.963191
0.962855
0.961963
0.960524
0.958619
0.956323
0.953667
0.950896
0.948074
0.945788
0.94381
0.943549
0.781108
0.781112
0.779673
0.777953
0.776514
0.77541
0.77453
0.773843
0.773307
0.772958
0.772707
0.772675
0.772674
0.772707
0.772962
0.773314
0.773854
0.774541
0.77542
0.776521
0.777954
0.779673
0.781097
0.781087
-0.0203338
-0.0205502
-0.0206771
-0.0211219
-0.0212449
-0.0213557
-0.0211789
-0.0210322
-0.0208092
-0.0207121
-0.0207051
-0.020736
-0.0207351
-0.0207937
-0.0208588
-0.0209166
-0.0211425
-0.0214155
-0.0216859
-0.0217286
-0.021642
-0.021305
-0.0211097
-0.0210176
-0.0208629
-0.0216099
-0.0216556
-0.0226587
-0.0228928
-0.0232979
-0.0231789
-0.023147
-0.0228869
-0.0226814
-0.0224891
-0.0224653
-0.0224603
-0.0224819
-0.0225956
-0.0228295
-0.0232639
-0.023608
-0.023934
-0.0239168
-0.0237836
-0.0231455
-0.0229972
-0.0223673
0.89167
0.891763
0.891646
0.891623
0.891582
0.891556
0.891533
0.891514
0.891499
0.891487
0.89148
0.891476
0.891476
0.89148
0.891487
0.891499
0.891514
0.891534
0.891556
0.891582
0.891624
0.891646
0.891764
0.89167
-0.024464
-0.0268008
-0.0268937
-0.0285491
-0.0288638
-0.0297528
-0.0298786
-0.0301222
-0.0300476
-0.0300802
-0.02994
-0.0297355
-0.0292416
-0.029189
-0.0297944
-0.0302395
-0.0307095
-0.0310139
-0.0312949
-0.0310967
-0.0309008
-0.0301242
-0.0296756
-0.0275243
0.880285
0.880381
0.880288
0.880293
0.880263
0.880256
0.880248
0.880242
0.880238
0.880234
0.880232
0.880231
0.880231
0.880233
0.880235
0.880238
0.880243
0.880249
0.880258
0.880264
0.880294
0.88029
0.880383
0.880287
0.589907
0.587753
0.589766
0.590195
0.59044
0.59027
0.589951
0.589518
0.58906
0.588633
0.58831
0.588141
0.588225
0.588567
0.589056
0.589629
0.590207
0.590734
0.591121
0.591336
0.591124
0.590729
0.588814
0.590956
0.8533
0.853495
0.853877
0.854224
0.854573
0.854843
0.855093
0.855281
0.855435
0.855545
0.855623
0.855665
0.855673
0.85565
0.855591
0.855501
0.85537
0.855206
0.854979
0.854733
0.854406
0.854075
0.853702
0.853504
0.968257
0.968164
0.97129
0.974837
0.979004
0.982825
0.986333
0.989364
0.991909
0.993804
0.995023
0.995897
0.996722
0.997429
0.997838
0.996013
0.993936
0.991209
0.987733
0.983764
0.979192
0.97516
0.971473
0.971583
0.926372
0.926059
0.926744
0.927874
0.929404
0.931074
0.932808
0.934479
0.936007
0.937296
0.938279
0.93888
0.939068
0.938829
0.938195
0.937208
0.935935
0.93446
0.932872
0.931295
0.929841
0.928747
0.928133
0.928577
1.04693
1.05256
1.0647
1.06562
1.05612
1.03929
1.02114
1.00562
0.995452
0.99267
0.997776
1.00979
1.02632
1.03184
1.02305
1.00951
1.00298
1.00575
1.01804
1.03598
1.05196
1.05706
1.05109
1.04347
0.951025
0.951476
0.952429
0.952962
0.953365
0.953445
0.953479
0.953436
0.953405
0.953403
0.953425
0.953483
0.953493
0.953466
0.953478
0.953516
0.953583
0.95366
0.953657
0.953601
0.95322
0.952701
0.951757
0.951308
0.49605
0.49441
0.492923
0.491375
0.489978
0.48871
0.487611
0.486732
0.486069
0.485617
0.485343
0.485235
0.485294
0.485514
0.485894
0.486457
0.487228
0.488212
0.489401
0.490731
0.492199
0.49381
0.495355
0.497075
0.962068
0.963933
0.965784
0.966357
0.966518
0.966087
0.965671
0.965233
0.964877
0.964626
0.96448
0.964509
0.964523
0.964535
0.964733
0.965028
0.965427
0.965901
0.966344
0.966794
0.966647
0.966083
0.964234
0.962365
0.473335
0.473109
0.472849
0.472611
0.472528
0.472618
0.472854
0.473153
0.473433
0.473658
0.473811
0.47388
0.473835
0.473686
0.473475
0.473215
0.472934
0.472682
0.472561
0.472582
0.472785
0.473144
0.473514
0.47391
0.889392
0.888571
0.887919
0.887477
0.887431
0.887517
0.887825
0.888164
0.888564
0.888908
0.889194
0.889364
0.88941
0.889337
0.889154
0.888919
0.888637
0.88842
0.888239
0.888285
0.888466
0.889039
0.88981
0.890695
0.934878
0.934876
0.936249
0.937972
0.94022
0.942582
0.945024
0.947335
0.949442
0.951187
0.952482
0.953217
0.953338
0.952828
0.951789
0.950284
0.948414
0.946311
0.94407
0.941853
0.939804
0.938162
0.93712
0.937193
0.790161
0.790006
0.789712
0.789443
0.78923
0.789073
0.78896
0.788884
0.788837
0.788812
0.788802
0.788801
0.788796
0.788792
0.788802
0.788827
0.788875
0.788952
0.789068
0.78923
0.789448
0.789722
0.790019
0.790171
0.871868
0.870265
0.868812
0.868004
0.867418
0.866999
0.866761
0.866674
0.866733
0.86691
0.8671
0.867234
0.86724
0.867119
0.866943
0.866782
0.866738
0.866845
0.867105
0.867545
0.868154
0.868974
0.870431
0.87204
0.795722
0.797694
0.799838
0.801471
0.802599
0.803365
0.803859
0.804164
0.80435
0.804452
0.804486
0.80448
0.804473
0.804461
0.804406
0.804281
0.804066
0.803733
0.803214
0.802425
0.80129
0.799667
0.797535
0.795575
0.94376
0.944549
0.946079
0.946659
0.947093
0.946992
0.946899
0.94671
0.946572
0.946493
0.946471
0.94654
0.946549
0.946513
0.946577
0.946695
0.946872
0.947095
0.947216
0.947338
0.946921
0.94635
0.944824
0.944033
1.06601
1.07317
1.08661
1.09004
1.08408
1.06601
1.04232
1.01843
0.998619
0.986965
0.986853
0.998962
1.02169
1.02997
1.01844
1.00181
0.999289
1.01126
1.03366
1.05845
1.07515
1.07661
1.06628
1.05756
0.632066
0.625128
0.628298
0.630086
0.631716
0.632397
0.632849
0.63314
0.633512
0.633991
0.634557
0.635
0.635069
0.634767
0.634364
0.634039
0.633815
0.633656
0.633314
0.632705
0.631085
0.629227
0.625871
0.632607
0.964819
0.966159
0.970105
0.973763
0.977856
0.981511
0.984965
0.987874
0.990327
0.992237
0.99378
0.994858
0.995669
0.995809
0.995321
0.994147
0.992169
0.989503
0.986058
0.982232
0.977707
0.973578
0.968915
0.967555
0.993303
0.99184
0.988311
0.983778
0.979445
0.97551
0.972216
0.969229
0.967209
0.967024
0.970737
0.974696
0.976966
0.977867
0.977166
0.973331
0.967389
0.967359
0.969239
0.974014
0.978441
0.983214
0.987103
0.989546
0.936721
0.936662
0.937219
0.937928
0.938698
0.93936
0.939952
0.940463
0.940917
0.941263
0.941493
0.941617
0.941629
0.941531
0.941328
0.94101
0.940586
0.940106
0.939546
0.938915
0.938175
0.937492
0.936955
0.937027
0.798192
0.798201
0.798284
0.798437
0.798637
0.798857
0.799071
0.799265
0.799426
0.79955
0.799631
0.799666
0.799652
0.799591
0.799486
0.79934
0.799159
0.798949
0.79872
0.798489
0.79828
0.79812
0.798037
0.798039
0.849945
0.849319
0.849071
0.848942
0.848941
0.848953
0.849035
0.849125
0.849241
0.849346
0.849441
0.849503
0.849529
0.84952
0.84948
0.849432
0.849373
0.849344
0.849321
0.849367
0.849422
0.849597
0.849878
0.850515
0.591642
0.590159
0.588086
0.586521
0.585244
0.584368
0.583727
0.583294
0.58298
0.582797
0.5827
0.58274
0.582842
0.582999
0.58328
0.583631
0.584092
0.584651
0.585394
0.586348
0.587679
0.589274
0.59136
0.592836
0.572832
0.571785
0.570225
0.56895
0.567749
0.566774
0.565951
0.565326
0.564851
0.564557
0.564395
0.564404
0.564502
0.564682
0.565023
0.565481
0.566103
0.566856
0.567785
0.568846
0.570109
0.571424
0.573004
0.57405
0.840836
0.840982
0.841236
0.841434
0.841657
0.841853
0.842055
0.842224
0.842371
0.842481
0.84256
0.842601
0.842611
0.842588
0.842529
0.842439
0.842314
0.842167
0.841986
0.841811
0.841606
0.841422
0.841178
0.841029
0.93032
0.930888
0.931898
0.933297
0.935094
0.937019
0.939003
0.940921
0.942686
0.944195
0.945368
0.94611
0.946374
0.946137
0.945439
0.944316
0.942844
0.941116
0.939232
0.937322
0.935479
0.934008
0.932867
0.932344
0.507813
0.507704
0.507407
0.507324
0.507264
0.507317
0.507381
0.507499
0.507618
0.507783
0.50791
0.508043
0.50806
0.507961
0.507869
0.507745
0.50767
0.5076
0.507585
0.507579
0.507681
0.507799
0.508121
0.508248
0.84789
0.847476
0.847854
0.847889
0.848028
0.847981
0.848016
0.847989
0.848007
0.848007
0.848022
0.848033
0.848042
0.84805
0.848055
0.848077
0.848081
0.848129
0.848114
0.848178
0.848052
0.848024
0.847644
0.848048
0.842778
0.843064
0.843547
0.844134
0.844725
0.845316
0.845855
0.846332
0.846726
0.84703
0.847235
0.84734
0.847342
0.847242
0.847042
0.846743
0.846354
0.845883
0.845349
0.844763
0.844177
0.843596
0.843117
0.842832
-0.223255
-0.13722
-0.0843335
-0.0624249
-0.0510411
-0.0452896
-0.0420695
-0.0406298
-0.0411004
-0.0447659
-0.0521741
-0.0661475
-0.0801115
-0.0842835
-0.0703994
-0.0532358
-0.0420943
-0.034869
-0.0308561
-0.0289113
-0.0294756
-0.03313
-0.0447102
-0.0570425
0.507089
0.50637
0.505561
0.504688
0.503829
0.503028
0.502307
0.501709
0.501232
0.500904
0.500697
0.500632
0.500693
0.500877
0.501199
0.501645
0.502237
0.502947
0.503771
0.50467
0.505606
0.50654
0.507391
0.508132
0.499676
0.498782
0.497961
0.497165
0.496511
0.496012
0.495637
0.49537
0.495177
0.495068
0.494999
0.494984
0.495026
0.495121
0.495269
0.495465
0.495746
0.496105
0.496572
0.49716
0.497884
0.498735
0.499601
0.500529
1.02809
1.02579
1.03122
1.02954
1.02264
1.01298
1.00393
0.997548
0.995211
0.997373
1.00394
1.0134
1.02436
1.02828
1.02231
1.0124
1.00518
1.00249
1.00543
1.01324
1.02246
1.028
1.02602
1.02413
0.559857
0.55946
0.55975
0.55919
0.558295
0.557106
0.556024
0.555161
0.55456
0.554178
0.554004
0.553976
0.553944
0.553914
0.55404
0.554385
0.554955
0.555796
0.556857
0.558022
0.55889
0.55941
0.55907
0.559413
0.959135
0.958871
0.95919
0.959573
0.960005
0.960354
0.960653
0.960874
0.961057
0.961214
0.961337
0.961418
0.961431
0.961377
0.961284
0.96116
0.961011
0.960823
0.960557
0.960238
0.959832
0.959469
0.959164
0.959435
0.85706
0.85636
0.855997
0.855648
0.855562
0.855513
0.855611
0.855718
0.855879
0.85602
0.856149
0.856228
0.856252
0.856223
0.856147
0.856062
0.855959
0.855911
0.855873
0.855979
0.856118
0.856513
0.856911
0.857624
0.50341
0.502615
0.502368
0.502699
0.503499
0.504547
0.505631
0.506709
0.507678
0.508484
0.509033
0.509302
0.509284
0.508973
0.508385
0.507558
0.506581
0.505509
0.504435
0.503405
0.502619
0.502299
0.502526
0.503324
0.512736
0.512407
0.512855
0.513891
0.515198
0.516627
0.518038
0.519373
0.520544
0.521507
0.522167
0.522496
0.522463
0.522061
0.521331
0.520316
0.519107
0.51775
0.516325
0.514888
0.513573
0.512534
0.512068
0.512432
0.566803
0.567188
0.568581
0.570339
0.572175
0.573983
0.575666
0.577186
0.578476
0.579507
0.580201
0.580541
0.580487
0.580033
0.579226
0.578099
0.576726
0.575139
0.573401
0.571547
0.569676
0.56789
0.566476
0.566088
0.916316
0.917008
0.918733
0.919081
0.919383
0.919091
0.918902
0.918629
0.918446
0.918313
0.918249
0.918285
0.918296
0.918293
0.918399
0.918569
0.918787
0.91909
0.919303
0.919615
0.919321
0.918981
0.917256
0.916556
0.911349
0.911486
0.912851
0.913267
0.913707
0.91354
0.913434
0.913222
0.913087
0.91299
0.912957
0.91301
0.913019
0.912995
0.913067
0.913199
0.913368
0.913609
0.913738
0.913925
0.913493
0.913083
0.911719
0.911578
0.497446
0.496678
0.496543
0.496769
0.49731
0.498047
0.498844
0.499651
0.500386
0.501012
0.501446
0.501668
0.50166
0.501415
0.500958
0.500327
0.4996
0.498815
0.498048
0.497355
0.496857
0.496661
0.496841
0.497634
0.912908
0.912708
0.912659
0.912319
0.911988
0.911676
0.911406
0.911182
0.911005
0.910874
0.910787
0.910745
0.910745
0.910787
0.910874
0.911005
0.911182
0.911406
0.911676
0.911988
0.912319
0.912659
0.912709
0.912908
0.493927
0.493004
0.4927
0.492626
0.492756
0.493015
0.493387
0.493817
0.494236
0.494618
0.494892
0.495045
0.495053
0.494913
0.494653
0.494299
0.493919
0.493536
0.493225
0.493024
0.492945
0.49306
0.493405
0.494363
0.517068
0.516178
0.515059
0.513811
0.512549
0.511353
0.510255
0.509314
0.508538
0.507964
0.507583
0.507432
0.507514
0.507824
0.508358
0.509081
0.509998
0.51107
0.512282
0.513573
0.514913
0.516223
0.517381
0.518288
0.987317
0.985997
0.98216
0.977572
0.97346
0.970127
0.968079
0.967604
0.968939
0.972214
0.976479
0.980331
0.982888
0.984466
0.98337
0.981697
0.978278
0.975747
0.975471
0.978987
0.983772
0.988845
0.99234
0.993036
0.944719
0.944605
0.945066
0.945713
0.94628
0.946733
0.947101
0.947428
0.947719
0.947935
0.948087
0.948171
0.948182
0.948122
0.947995
0.947807
0.947546
0.94725
0.946912
0.946489
0.945948
0.945323
0.944877
0.945003
0.526427
0.526479
0.527521
0.529078
0.530846
0.532633
0.534324
0.535873
0.537211
0.538304
0.53906
0.539441
0.539392
0.538907
0.538049
0.536873
0.535466
0.533866
0.532139
0.530326
0.528542
0.526972
0.525928
0.525896
0.543754
0.543621
0.544285
0.545474
0.547065
0.54879
0.550477
0.552033
0.55336
0.554414
0.555118
0.555453
0.555396
0.554942
0.554125
0.552973
0.551565
0.549945
0.54821
0.54645
0.544835
0.543633
0.542965
0.543122
0.834254
0.833821
0.833763
0.833685
0.833698
0.833677
0.833714
0.833743
0.833797
0.833843
0.83389
0.83392
0.833934
0.833933
0.833916
0.833901
0.833878
0.83388
0.833872
0.833922
0.833932
0.834029
0.8341
0.834533
0.498464
0.497775
0.497481
0.497223
0.497024
0.4969
0.496838
0.496849
0.496907
0.497024
0.49714
0.497239
0.497271
0.497231
0.497172
0.497121
0.497134
0.497202
0.497343
0.49754
0.497799
0.498101
0.498432
0.499149
0.770305
0.769835
0.768938
0.768314
0.767739
0.76731
0.76702
0.766836
0.76674
0.766711
0.766741
0.766781
0.766778
0.766729
0.766689
0.76671
0.766798
0.766978
0.767263
0.767692
0.768249
0.768874
0.769755
0.770237
0.928652
0.930453
0.932311
0.932818
0.933133
0.932912
0.932731
0.932456
0.932253
0.932101
0.93201
0.932013
0.932026
0.932058
0.932189
0.932378
0.932616
0.932921
0.933123
0.933364
0.933059
0.93256
0.930706
0.928903
0.849178
0.848935
0.849397
0.849205
0.849165
0.848895
0.84878
0.848607
0.84854
0.848477
0.848468
0.848475
0.848485
0.848504
0.848542
0.848634
0.848732
0.848934
0.849075
0.849367
0.849422
0.849627
0.849166
0.849409
0.953787
0.956581
0.958775
0.959262
0.959297
0.958879
0.958506
0.958126
0.957823
0.957611
0.957483
0.957488
0.957501
0.957536
0.957709
0.957963
0.958305
0.958719
0.959119
0.959556
0.959535
0.959057
0.956868
0.954071
0.987299
0.990697
0.992131
0.991053
0.98867
0.986142
0.983891
0.98199
0.980458
0.979351
0.978673
0.978572
0.97858
0.978722
0.979457
0.98061
0.982178
0.984101
0.986358
0.988887
0.991282
0.992377
0.990945
0.987531
0.882793
0.882805
0.883151
0.883453
0.883738
0.884004
0.884239
0.884431
0.884577
0.88468
0.884742
0.884767
0.884754
0.884704
0.884615
0.884484
0.884308
0.884086
0.883821
0.883526
0.883213
0.882888
0.882535
0.882524
0.978888
0.978894
0.97899
0.978868
0.978621
0.978245
0.977803
0.977373
0.977019
0.976777
0.976651
0.976637
0.976648
0.976689
0.976849
0.977127
0.977516
0.977981
0.978452
0.978853
0.979118
0.979255
0.979167
0.979161
-0.0273217
-0.0260177
-0.0244315
-0.0227349
-0.0214295
-0.0210086
-0.0212111
-0.0218928
-0.0226795
-0.0234921
-0.0242734
-0.0249599
-0.0254725
-0.0254521
-0.0247805
-0.0238632
-0.0229357
-0.0221695
-0.0218965
-0.0223311
-0.0235667
-0.0252665
-0.0264682
-0.0273536
0.890111
0.890184
0.890111
0.890103
0.890073
0.890053
0.890035
0.890018
0.890006
0.889996
0.88999
0.889987
0.889987
0.88999
0.889996
0.890006
0.890018
0.890035
0.890053
0.890074
0.890103
0.890112
0.890185
0.890111
0.882516
0.882604
0.882543
0.882549
0.882525
0.882518
0.882507
0.882499
0.882493
0.882488
0.882486
0.882484
0.882484
0.882486
0.882489
0.882494
0.8825
0.882508
0.88252
0.882527
0.882551
0.882545
0.882606
0.882518
-0.0287451
-0.0274443
-0.0256068
-0.0238794
-0.0226097
-0.0223974
-0.0228432
-0.0237198
-0.0245593
-0.0253317
-0.0259957
-0.0265577
-0.0270022
-0.0269984
-0.026421
-0.0256532
-0.0248414
-0.0240504
-0.0236874
-0.0240566
-0.0253441
-0.0271394
-0.0284044
-0.0291955
-0.01975
-0.0189867
-0.0181826
-0.0172012
-0.0163388
-0.015892
-0.0158306
-0.0160898
-0.0164317
-0.0167763
-0.0171124
-0.017419
-0.0176609
-0.0176458
-0.0173188
-0.0168908
-0.0164512
-0.0161044
-0.016066
-0.0164571
-0.017255
-0.0181995
-0.0188578
-0.0194121
1.02962
1.02404
1.02421
1.02143
1.01597
1.00923
1.00329
0.999604
0.999072
1.00208
1.00825
1.01598
1.02405
1.02732
1.0233
1.01561
1.00898
1.005
1.00507
1.00889
1.01482
1.01986
1.02051
1.02293
0.70445
0.696086
0.705829
0.715482
0.72262
0.727446
0.730887
0.73366
0.736347
0.739191
0.741976
0.743964
0.743974
0.742015
0.739337
0.736633
0.734114
0.731523
0.728263
0.723604
0.716597
0.706979
0.697129
0.705236
0.773878
0.773217
0.772567
0.771924
0.771447
0.771055
0.770758
0.770533
0.77037
0.770259
0.770194
0.770171
0.770188
0.770245
0.770343
0.770487
0.770683
0.770941
0.771268
0.771686
0.772188
0.772851
0.773518
0.774184
0.799366
0.799507
0.800188
0.801024
0.801891
0.802737
0.803509
0.804171
0.804707
0.805108
0.805371
0.805494
0.805473
0.805309
0.805009
0.804575
0.804012
0.803325
0.802533
0.801671
0.800794
0.79996
0.799298
0.799177
0.791245
0.790952
0.79081
0.790827
0.79099
0.791238
0.791499
0.791731
0.791914
0.792042
0.792115
0.792136
0.792104
0.792024
0.791901
0.791733
0.791522
0.791271
0.791
0.790751
0.790592
0.790586
0.790737
0.79105
0.515058
0.515839
0.516503
0.516588
0.516233
0.515456
0.514514
0.513575
0.5128
0.512246
0.511872
0.511652
0.511633
0.511827
0.512191
0.512742
0.513526
0.51448
0.515442
0.516241
0.51662
0.516546
0.51589
0.51506
0.890428
0.890355
0.890272
0.890291
0.89052
0.890852
0.891309
0.891787
0.892275
0.892702
0.893043
0.893252
0.893308
0.893215
0.892994
0.892693
0.892333
0.891988
0.891669
0.891477
0.89139
0.891504
0.891704
0.891833
0.910796
0.910607
0.910565
0.910386
0.910226
0.910047
0.909875
0.909722
0.909594
0.909496
0.90943
0.909397
0.909397
0.90943
0.909496
0.909594
0.909722
0.909875
0.910047
0.910226
0.910386
0.910565
0.910607
0.910796
0.94758
0.949329
0.951167
0.951663
0.951915
0.951688
0.951494
0.951219
0.951001
0.950848
0.950759
0.950781
0.950794
0.950811
0.950944
0.951137
0.951394
0.951701
0.951922
0.952169
0.951932
0.951444
0.949611
0.947858
0.804466
0.805096
0.805359
0.803034
0.799665
0.797259
0.795913
0.795296
0.795161
0.795265
0.795474
0.795643
0.795685
0.795606
0.795494
0.795479
0.795682
0.796341
0.797701
0.800093
0.80339
0.805625
0.805351
0.804714
1.05437
1.0601
1.0713
1.07372
1.06531
1.0478
1.02617
1.00495
0.988372
0.979948
0.982188
0.994915
1.01644
1.02626
1.01441
0.996737
0.990971
0.998077
1.01631
1.03885
1.05628
1.06111
1.05476
1.05064
0.943672
0.941361
0.939627
0.93876
0.938115
0.937546
0.937017
0.936557
0.936132
0.935771
0.935574
0.935553
0.935556
0.935589
0.935809
0.936201
0.936666
0.937166
0.937733
0.938336
0.939008
0.939892
0.94163
0.943937
0.892228
0.89139
0.890698
0.890267
0.890267
0.890419
0.890788
0.891187
0.891641
0.892033
0.892358
0.892553
0.892601
0.892507
0.892291
0.892013
0.891681
0.891411
0.891175
0.891164
0.891306
0.891876
0.892697
0.893603
-0.284823
-0.277274
-0.213339
-0.201481
-0.203359
-0.204635
-0.203993
-0.201938
-0.199513
-0.198358
-0.198613
-0.203884
-0.20869
-0.209771
-0.205532
-0.1987
-0.196564
-0.196245
-0.196535
-0.196168
-0.195119
-0.194932
-0.204027
-0.21453
0.847454
0.848217
0.849417
0.850681
0.851852
0.852915
0.853828
0.854596
0.855205
0.855661
0.855963
0.856114
0.856117
0.855973
0.855679
0.855231
0.85463
0.85387
0.852967
0.851914
0.850754
0.849503
0.848312
0.847554
0.964482
0.966275
0.968048
0.96852
0.968603
0.968309
0.968012
0.96768
0.967405
0.967219
0.967115
0.967148
0.967161
0.96717
0.967321
0.967552
0.967869
0.968236
0.968563
0.96888
0.968813
0.968351
0.966583
0.964784
0.937189
0.938223
0.939396
0.940093
0.940753
0.941181
0.941547
0.941806
0.942024
0.942196
0.942327
0.942411
0.942423
0.942366
0.942265
0.942123
0.941937
0.941709
0.941373
0.940971
0.940333
0.939654
0.938491
0.937462
0.805324
0.804047
0.805382
0.808811
0.812285
0.8149
0.816503
0.817278
0.817507
0.817451
0.817301
0.817174
0.817119
0.817138
0.817189
0.817165
0.816881
0.81608
0.8145
0.811954
0.808536
0.805077
0.803607
0.804851
0.67981
0.670544
0.678549
0.68415
0.689507
0.693888
0.697431
0.700197
0.702306
0.703845
0.704874
0.705375
0.705454
0.705112
0.704233
0.702835
0.700856
0.698212
0.694784
0.690509
0.685252
0.679744
0.671924
0.680995
0.874539
0.87378
0.873671
0.873191
0.872997
0.872734
0.872666
0.872642
0.872732
0.872821
0.872926
0.873011
0.873042
0.873034
0.873008
0.873002
0.873
0.873115
0.873276
0.87363
0.873913
0.874476
0.874656
0.87546
0.990367
0.987242
0.983368
0.97902
0.975156
0.97165
0.968654
0.965807
0.964484
0.968107
0.974025
0.980158
0.984366
0.986364
0.986721
0.984193
0.978695
0.973415
0.973152
0.975401
0.978394
0.982464
0.986237
0.990081
0.732908
0.732786
0.732527
0.732266
0.732013
0.731794
0.73161
0.731463
0.731352
0.731277
0.731236
0.731229
0.731253
0.73131
0.731403
0.731529
0.731689
0.731882
0.732107
0.732361
0.732642
0.732925
0.733199
0.73333
-0.0215376
-0.020864
-0.0197496
-0.0186883
-0.0178996
-0.0176565
-0.0177045
-0.0180549
-0.0185088
-0.0190598
-0.0196
-0.0200679
-0.0203304
-0.0202803
-0.0198754
-0.0192692
-0.0186586
-0.0181862
-0.0180079
-0.0182164
-0.0189144
-0.020004
-0.0210245
-0.0215992
-0.0264766
-0.0254625
-0.0239013
-0.0229003
-0.0221206
-0.0221974
-0.0224048
-0.0229582
-0.0235513
-0.0241911
-0.0247649
-0.0253105
-0.0256786
-0.025675
-0.025209
-0.024504
-0.0237579
-0.0231073
-0.0227825
-0.0227834
-0.0234359
-0.0246065
-0.0259188
-0.0267125
0.891712
0.891807
0.89169
0.891668
0.891628
0.891602
0.891579
0.89156
0.891545
0.891533
0.891525
0.891521
0.891521
0.891525
0.891533
0.891545
0.89156
0.89158
0.891602
0.891628
0.891669
0.891691
0.891807
0.891713
-0.0312368
-0.0293082
-0.0264986
-0.0254831
-0.0245635
-0.0248494
-0.0252223
-0.0260156
-0.0268485
-0.0278281
-0.0288656
-0.0299954
-0.0308546
-0.0309497
-0.0300294
-0.0287634
-0.0276521
-0.0267374
-0.0262349
-0.0260793
-0.0267764
-0.0281848
-0.0304621
-0.0319302
0.880252
0.880347
0.880254
0.880259
0.880229
0.880222
0.880213
0.880207
0.880202
0.880198
0.880196
0.880195
0.880195
0.880196
0.880199
0.880203
0.880208
0.880214
0.880223
0.88023
0.880261
0.880256
0.880349
0.880254
-0.0132809
-0.0140693
-0.0143084
-0.0138875
-0.013437
-0.0132183
-0.013152
-0.0131365
-0.0129725
-0.0126348
-0.0122173
-0.0118392
-0.0116637
-0.0117202
-0.011936
-0.0122768
-0.0125585
-0.0126968
-0.012828
-0.0130994
-0.0135423
-0.0139376
-0.0136112
-0.0127662
0.594579
0.595586
0.595671
0.596089
0.596682
0.597454
0.598201
0.598901
0.599479
0.599986
0.600338
0.600598
0.600559
0.600225
0.599804
0.599236
0.598604
0.597856
0.597067
0.596257
0.595631
0.595176
0.595063
0.594042
-0.0115031
-0.0118276
-0.0129977
-0.0141252
-0.0148481
-0.015061
-0.0147888
-0.0142621
-0.0135943
-0.0128656
-0.0121515
-0.0115613
-0.0112337
-0.0113295
-0.0118634
-0.0126447
-0.0134601
-0.0141719
-0.0145978
-0.0145462
-0.0139222
-0.0129142
-0.011886
-0.0117298
0.9277
0.927152
0.927496
0.927639
0.927959
0.928249
0.928629
0.928927
0.929171
0.929352
0.929478
0.929549
0.929561
0.929517
0.929418
0.929265
0.929049
0.92878
0.92843
0.928175
0.927878
0.927752
0.92742
0.927966
-0.0199677
-0.0199271
-0.0192183
-0.0185762
-0.0180167
-0.0179218
-0.0179745
-0.0183168
-0.0187082
-0.0192346
-0.0198172
-0.0203387
-0.0206055
-0.0205798
-0.020219
-0.0196375
-0.0191269
-0.0187039
-0.0185071
-0.0185473
-0.0190275
-0.0197819
-0.020622
-0.020919
-0.0213496
-0.0226728
-0.0228127
-0.0233277
-0.0230602
-0.0233841
-0.0234942
-0.0239038
-0.0241178
-0.02436
-0.0244885
-0.0245372
-0.0245276
-0.024526
-0.0245958
-0.0245823
-0.0245807
-0.0244231
-0.0243404
-0.0242383
-0.0244523
-0.0243605
-0.0243278
-0.0237335
0.889583
0.889679
0.889567
0.88955
0.88951
0.889486
0.889464
0.889447
0.889432
0.889422
0.889414
0.889411
0.889411
0.889415
0.889422
0.889433
0.889447
0.889465
0.889486
0.88951
0.889551
0.889567
0.889679
0.889584
-0.0210169
-0.0236829
-0.0241531
-0.025286
-0.0251054
-0.0257602
-0.0260296
-0.0266501
-0.027058
-0.0275461
-0.0278621
-0.0281305
-0.0281897
-0.0281898
-0.0282055
-0.0280146
-0.0278447
-0.0275421
-0.0273524
-0.0270547
-0.0270797
-0.0266377
-0.0264386
-0.0250022
0.88194
0.882034
0.881935
0.881934
0.8819
0.881889
0.881876
0.881868
0.881861
0.881855
0.881852
0.88185
0.88185
0.881852
0.881856
0.881861
0.881868
0.881877
0.88189
0.881901
0.881936
0.881936
0.882036
0.881942
0.576966
0.577109
0.577312
0.577979
0.578785
0.579724
0.580605
0.581442
0.582168
0.58285
0.583347
0.583796
0.583756
0.583233
0.58267
0.581932
0.581156
0.580277
0.579359
0.578388
0.577554
0.576859
0.576633
0.576499
0.849123
0.848464
0.848438
0.848212
0.848291
0.848167
0.848151
0.848072
0.84808
0.848083
0.848127
0.848169
0.848177
0.848162
0.848149
0.848178
0.848202
0.848314
0.848358
0.848511
0.848449
0.848692
0.848726
0.849387
0.86326
0.86288
0.863396
0.863617
0.864051
0.864247
0.864501
0.86464
0.864794
0.864899
0.864991
0.865048
0.865054
0.865014
0.864942
0.864859
0.864727
0.86461
0.864377
0.864198
0.863777
0.863564
0.863049
0.863422
0.508308
0.508144
0.507799
0.507584
0.507352
0.507187
0.507024
0.506933
0.506882
0.506925
0.506984
0.507091
0.507121
0.507073
0.507073
0.507093
0.507208
0.507363
0.507589
0.507813
0.508096
0.508351
0.508727
0.508911
0.859053
0.858724
0.858737
0.858405
0.858327
0.858078
0.857967
0.857842
0.857829
0.857831
0.857883
0.857934
0.857952
0.857946
0.857946
0.857997
0.858067
0.858247
0.858415
0.858714
0.858834
0.859208
0.859221
0.859563
0.856345
0.855685
0.855636
0.855318
0.855252
0.855024
0.854924
0.854798
0.854783
0.854784
0.854842
0.854897
0.854912
0.854897
0.854885
0.854935
0.855001
0.855177
0.855327
0.8556
0.855703
0.856055
0.856126
0.856795
0.922553
0.922541
0.922634
0.923197
0.924168
0.925341
0.926697
0.928037
0.929315
0.930377
0.931178
0.931633
0.931721
0.931429
0.930806
0.929924
0.928834
0.92768
0.926522
0.925543
0.924822
0.924468
0.924719
0.924779
0.61704
0.61434
0.620742
0.623331
0.625989
0.627416
0.62842
0.629021
0.629462
0.629811
0.630119
0.630312
0.630394
0.630377
0.630239
0.63005
0.629752
0.629271
0.628363
0.626999
0.624371
0.621766
0.615311
0.617833
0.946127
0.947547
0.951715
0.955608
0.96004
0.964251
0.968427
0.972289
0.975743
0.978633
0.980817
0.982066
0.982333
0.98145
0.97976
0.977275
0.974178
0.970576
0.966555
0.962365
0.957755
0.953604
0.948591
0.947099
0.987436
0.984881
0.979576
0.974564
0.970525
0.967433
0.966316
0.966437
0.968608
0.972665
0.977333
0.981494
0.98439
0.986032
0.984582
0.98271
0.979045
0.975862
0.975015
0.977297
0.982622
0.988128
0.992093
0.992759
0.837246
0.836942
0.836678
0.836401
0.836237
0.836145
0.83612
0.836136
0.836179
0.836235
0.836291
0.836338
0.836371
0.83639
0.836398
0.836403
0.836415
0.836452
0.836527
0.836666
0.836875
0.837192
0.837489
0.837798
0.5297
0.529148
0.528107
0.52701
0.525831
0.524707
0.52366
0.522777
0.522062
0.52157
0.521272
0.521197
0.52128
0.521518
0.521973
0.522615
0.523468
0.524475
0.525631
0.526847
0.528098
0.529249
0.530321
0.530889
0.929755
0.930517
0.932315
0.932733
0.933041
0.932728
0.932516
0.93223
0.932026
0.931884
0.931816
0.931863
0.931873
0.931861
0.931974
0.932154
0.932395
0.932712
0.932949
0.933283
0.932985
0.932574
0.930777
0.93001
0.936104
0.936975
0.938686
0.939111
0.939476
0.939204
0.93902
0.938754
0.938557
0.938418
0.938347
0.938396
0.938407
0.938394
0.938511
0.93869
0.938925
0.939223
0.939433
0.939726
0.939372
0.938954
0.937245
0.936368
0.795948
0.795177
0.794616
0.794008
0.793552
0.793174
0.792885
0.792656
0.792479
0.792351
0.792271
0.79224
0.79226
0.792331
0.792452
0.792623
0.792844
0.793118
0.79345
0.793867
0.794356
0.794987
0.795563
0.796329
-0.0153839
-0.0156188
-0.0164046
-0.016981
-0.0172837
-0.0173427
-0.0171416
-0.0168428
-0.0164912
-0.0161151
-0.0157272
-0.0153751
-0.0151517
-0.0151991
-0.0155374
-0.0160166
-0.0164957
-0.0169201
-0.0171954
-0.0172129
-0.0169283
-0.0164231
-0.0157699
-0.0157181
0.887976
0.88804
0.887966
0.887954
0.887918
0.887897
0.887878
0.887862
0.88785
0.88784
0.887834
0.887831
0.887831
0.887834
0.88784
0.88785
0.887862
0.887878
0.887898
0.887919
0.887955
0.887967
0.88804
0.887977
-0.0216237
-0.0225301
-0.0238726
-0.0247711
-0.0251252
-0.025214
-0.0250094
-0.0248761
-0.0248296
-0.0247985
-0.0246839
-0.0244569
-0.0242401
-0.0243
-0.0247044
-0.02512
-0.0254399
-0.0256939
-0.0259242
-0.0258866
-0.0254625
-0.0247184
-0.0236122
-0.0232814
-0.0215896
-0.0224961
-0.0239189
-0.0251874
-0.0257296
-0.0258846
-0.0256609
-0.0254748
-0.025312
-0.0251856
-0.0250348
-0.0248715
-0.0247368
-0.0248161
-0.0251993
-0.0256503
-0.0260984
-0.0264664
-0.0267563
-0.0266788
-0.0260799
-0.0250323
-0.0238779
-0.0236349
0.884053
0.884113
0.884045
0.88404
0.884007
0.883992
0.883976
0.883964
0.883956
0.883949
0.883945
0.883942
0.883943
0.883945
0.883949
0.883956
0.883965
0.883977
0.883993
0.884008
0.884041
0.884046
0.884114
0.884054
0.901764
0.900275
0.899429
0.898993
0.899099
0.899436
0.900021
0.900637
0.901288
0.901837
0.90227
0.902516
0.902577
0.902449
0.902145
0.901731
0.901224
0.90076
0.900337
0.900173
0.90025
0.900865
0.90193
0.903442
0.994437
0.993859
0.990475
0.985275
0.979935
0.97523
0.971304
0.968209
0.966229
0.967904
0.972145
0.97605
0.978161
0.978982
0.978082
0.97478
0.969013
0.966906
0.968613
0.974
0.979345
0.985069
0.989456
0.991593
0.690895
0.681954
0.694255
0.704459
0.711851
0.716502
0.719655
0.722065
0.724343
0.726736
0.729096
0.730717
0.730751
0.72922
0.727002
0.724769
0.722669
0.720444
0.717472
0.712982
0.705701
0.695521
0.683095
0.691742
0.727221
0.727189
0.727316
0.727636
0.727951
0.728248
0.728494
0.728683
0.728818
0.728905
0.728955
0.728975
0.728963
0.728932
0.728886
0.728815
0.728708
0.728553
0.728348
0.728091
0.727814
0.727524
0.727418
0.727457
0.990655
0.988384
0.984877
0.980824
0.977096
0.973563
0.970404
0.967416
0.964039
0.964365
0.967142
0.972982
0.977177
0.97954
0.980016
0.977462
0.97307
0.971208
0.973102
0.976541
0.979951
0.983949
0.987344
0.99028
0.990197
0.987429
0.98392
0.980006
0.976462
0.973095
0.970049
0.967037
0.963784
0.96441
0.967519
0.973471
0.977739
0.980242
0.980805
0.978301
0.973948
0.971873
0.973302
0.976473
0.979611
0.983432
0.986813
0.990273
0.991252
0.989275
0.985703
0.981452
0.977473
0.973715
0.970345
0.967244
0.96403
0.963846
0.966578
0.972071
0.976111
0.978438
0.978553
0.975338
0.970749
0.968909
0.971503
0.975493
0.979393
0.983774
0.987364
0.990059
0.982319
0.981342
0.981021
0.980556
0.979867
0.979012
0.978093
0.977238
0.976552
0.97615
0.975945
0.975929
0.975938
0.975983
0.976224
0.976663
0.977381
0.978269
0.979216
0.980092
0.980797
0.981275
0.981605
0.982596
0.972507
0.97499
0.975626
0.973868
0.971196
0.96855
0.966083
0.963933
0.962169
0.960893
0.960084
0.95992
0.959929
0.960127
0.960985
0.962299
0.964094
0.966262
0.968735
0.971377
0.974036
0.975801
0.975181
0.972715
0.981803
0.984353
0.985262
0.983767
0.981287
0.9788
0.976469
0.974401
0.972712
0.971492
0.970732
0.970591
0.9706
0.970779
0.971591
0.972854
0.974576
0.976666
0.979007
0.981494
0.983973
0.985481
0.984582
0.98203
0.846086
0.844588
0.844199
0.843826
0.843903
0.8439
0.844058
0.844144
0.844287
0.844391
0.844497
0.844562
0.844568
0.844521
0.844437
0.844357
0.84424
0.844177
0.844043
0.844066
0.844003
0.844388
0.844782
0.846283
0.698214
0.689383
0.700423
0.710359
0.717574
0.722206
0.725405
0.727946
0.730429
0.733088
0.735742
0.737681
0.737701
0.735814
0.733286
0.730779
0.728474
0.726123
0.723114
0.718654
0.71158
0.701652
0.690481
0.699033
0.962324
0.963236
0.967276
0.971364
0.975948
0.98018
0.984206
0.987756
0.990877
0.99339
0.995164
0.996027
0.996449
0.997013
0.996227
0.994153
0.991434
0.988181
0.984241
0.979922
0.97499
0.970471
0.965804
0.964877
0.852193
0.851838
0.852321
0.852372
0.852651
0.85261
0.852628
0.852552
0.852548
0.852543
0.852583
0.85263
0.852634
0.852604
0.852587
0.852616
0.852646
0.852747
0.85275
0.85281
0.852542
0.852498
0.852017
0.852366
0.990002
0.992711
0.994644
0.993997
0.99239
0.990633
0.988958
0.987351
0.985884
0.984774
0.984089
0.983947
0.983961
0.98415
0.984893
0.98605
0.987554
0.989188
0.99088
0.992646
0.994254
0.994897
0.992964
0.990251
0.621212
0.621068
0.620772
0.62093
0.621262
0.621785
0.622293
0.622796
0.623241
0.623705
0.624063
0.624467
0.624427
0.623951
0.623531
0.62301
0.622514
0.621963
0.62141
0.620845
0.620472
0.620277
0.620542
0.620694
0.98849
0.988472
0.989106
0.988534
0.987318
0.985834
0.984334
0.982989
0.981894
0.981152
0.980755
0.980711
0.980717
0.980793
0.981235
0.98202
0.983151
0.984527
0.986048
0.987544
0.98877
0.989354
0.988726
0.988748
-0.0233919
-0.0242165
-0.0243706
-0.0256133
-0.0259239
-0.0264796
-0.0264325
-0.0264919
-0.0262979
-0.0261823
-0.0259661
-0.025769
-0.0256559
-0.0257659
-0.0261085
-0.0263854
-0.0267404
-0.02702
-0.0272913
-0.0271847
-0.0269586
-0.0261136
-0.0255532
-0.0250229
0.88791
0.888003
0.887889
0.887877
0.887839
0.88782
0.887803
0.887789
0.887777
0.887769
0.887763
0.88776
0.88776
0.887763
0.887769
0.887778
0.887789
0.887804
0.887821
0.88784
0.887878
0.88789
0.888004
0.887911
0.884167
0.884275
0.884177
0.884178
0.884147
0.884136
0.884124
0.884114
0.884106
0.8841
0.884096
0.884094
0.884094
0.884096
0.8841
0.884107
0.884115
0.884124
0.884137
0.884148
0.88418
0.884178
0.884276
0.884168
-0.0235257
-0.0249178
-0.0250447
-0.0265927
-0.0269823
-0.027723
-0.0277323
-0.027832
-0.0276054
-0.0274164
-0.0270743
-0.026783
-0.0264577
-0.0265024
-0.0270042
-0.0274864
-0.0280491
-0.0284414
-0.0287684
-0.028615
-0.0283285
-0.0273387
-0.0268052
-0.025508
-0.0137799
-0.0132876
-0.01318
-0.0137141
-0.014058
-0.0142183
-0.0140408
-0.0138497
-0.0136393
-0.0135826
-0.0136855
-0.0139283
-0.0141388
-0.0141917
-0.0141213
-0.0140795
-0.0142101
-0.0144098
-0.0145975
-0.0145196
-0.0141992
-0.0137685
-0.0139435
-0.0146072
0.845058
0.84456
0.844746
0.844722
0.844911
0.844956
0.845079
0.845129
0.845211
0.845266
0.845327
0.845365
0.845372
0.845351
0.845309
0.845275
0.845217
0.845188
0.845087
0.845061
0.844888
0.844921
0.84474
0.845231
0.623564
0.621473
0.618624
0.616929
0.615948
0.615634
0.615637
0.615813
0.615999
0.616168
0.616279
0.61639
0.616491
0.616576
0.616647
0.616642
0.616599
0.616543
0.616637
0.617022
0.618049
0.619762
0.622607
0.624675
0.508125
0.508261
0.508126
0.508219
0.508313
0.508508
0.508697
0.508924
0.509135
0.509373
0.509547
0.509703
0.509714
0.509579
0.509428
0.509219
0.509043
0.508855
0.508708
0.508555
0.508498
0.508436
0.508591
0.508466
0.848376
0.847549
0.84782
0.847606
0.847625
0.847399
0.847286
0.847117
0.84705
0.846995
0.846995
0.847017
0.847025
0.847027
0.847056
0.84714
0.847237
0.847434
0.847573
0.847821
0.847814
0.848039
0.847769
0.848595
0.849528
0.849142
0.849463
0.84926
0.84927
0.849025
0.848894
0.848709
0.84863
0.848565
0.84856
0.848579
0.848587
0.848593
0.84863
0.848725
0.848835
0.84905
0.849208
0.849475
0.849479
0.849695
0.849376
0.849763
0.724108
0.722866
0.721458
0.720679
0.720315
0.720525
0.720981
0.721521
0.722051
0.722517
0.722823
0.72297
0.722963
0.722798
0.722477
0.721994
0.721444
0.720881
0.720396
0.720126
0.720308
0.721031
0.722448
0.72381
0.840123
0.839809
0.839163
0.838831
0.838724
0.83874
0.838803
0.838875
0.838946
0.839007
0.839054
0.839056
0.838994
0.838908
0.838821
0.838739
0.838663
0.838588
0.838523
0.838507
0.838615
0.83895
0.839603
0.839915
0.811749
0.81154
0.811089
0.810984
0.811051
0.811196
0.811346
0.81147
0.811564
0.811634
0.811685
0.811695
0.811641
0.811559
0.811475
0.811385
0.81128
0.811151
0.810999
0.810857
0.810797
0.810906
0.811355
0.811553
0.916422
0.916554
0.916289
0.916105
0.91593
0.91577
0.915638
0.915544
0.915483
0.915461
0.915466
0.915484
0.915491
0.915488
0.915502
0.915546
0.915632
0.915752
0.915911
0.916096
0.916293
0.916494
0.91677
0.916648
0.834932
0.834668
0.834826
0.834916
0.835089
0.835184
0.835298
0.835363
0.83542
0.835457
0.83549
0.835509
0.835518
0.835517
0.835503
0.835486
0.83545
0.835405
0.835312
0.835239
0.835085
0.835007
0.834854
0.835107
0.94748
0.950071
0.949634
0.947197
0.943849
0.940716
0.937928
0.935541
0.933604
0.932242
0.931358
0.931197
0.931201
0.931394
0.932322
0.933722
0.935688
0.938094
0.940889
0.944022
0.947376
0.94983
0.950281
0.947662
0.926052
0.927795
0.926909
0.924507
0.921507
0.918816
0.916435
0.914384
0.912692
0.911445
0.910625
0.910467
0.910475
0.910663
0.911524
0.912804
0.914527
0.916601
0.918998
0.921697
0.924708
0.927128
0.928022
0.926255
0.992234
0.990902
0.987187
0.982714
0.978689
0.974984
0.971643
0.968386
0.965984
0.964821
0.968381
0.973119
0.97615
0.977215
0.976738
0.973265
0.967746
0.967072
0.970256
0.974725
0.978922
0.983376
0.987081
0.989316
0.991139
0.989298
0.98563
0.981517
0.977808
0.974265
0.970973
0.967861
0.96456
0.964075
0.966643
0.972066
0.976034
0.978126
0.978283
0.975357
0.970943
0.969281
0.972173
0.975922
0.979527
0.983618
0.987128
0.989669
0.784564
0.783464
0.782396
0.780996
0.779412
0.778065
0.777033
0.776322
0.775898
0.775685
0.775619
0.775615
0.775633
0.775673
0.775772
0.776011
0.776453
0.777173
0.778202
0.779539
0.781108
0.782502
0.783575
0.784669
0.690876
0.691496
0.691926
0.692206
0.691898
0.691243
0.6906
0.690095
0.68976
0.689575
0.689494
0.689459
0.689424
0.689382
0.689384
0.689488
0.689738
0.690157
0.690718
0.69131
0.691672
0.691394
0.690939
0.690296
0.986055
0.984108
0.983622
0.982941
0.982521
0.982049
0.982302
0.983361
0.984517
0.985769
0.987523
0.98981
0.992261
0.994513
0.995724
0.996436
0.995657
0.993044
0.991166
0.990308
0.989545
0.989279
0.989103
0.99131
0.828679
0.824888
0.822094
0.820706
0.820955
0.822525
0.824775
0.827183
0.82939
0.831166
0.832348
0.832807
0.832712
0.832057
0.830704
0.828835
0.82661
0.824248
0.822095
0.820652
0.820527
0.821987
0.824779
0.828511
0.953838
0.952023
0.951287
0.9512
0.951577
0.952241
0.952882
0.953277
0.953387
0.9533
0.95315
0.95304
0.95302
0.953099
0.953224
0.953299
0.953204
0.952865
0.952316
0.951776
0.951516
0.95169
0.952484
0.954377
0.870719
0.870563
0.870393
0.870276
0.870136
0.870041
0.870105
0.870225
0.870343
0.870434
0.870489
0.870501
0.87047
0.870398
0.870294
0.870163
0.870015
0.869873
0.869801
0.869891
0.869982
0.870076
0.870245
0.870407
0.801499
0.801583
0.801603
0.801561
0.80149
0.801405
0.801321
0.801243
0.801172
0.801113
0.801068
0.801039
0.801018
0.801011
0.801024
0.801053
0.801098
0.801156
0.801225
0.801299
0.801366
0.801405
0.801388
0.801302
0.802577
0.802588
0.802553
0.80242
0.802189
0.801906
0.801624
0.801371
0.801161
0.800997
0.80088
0.800814
0.80079
0.800812
0.800885
0.801009
0.801184
0.801406
0.801663
0.801928
0.802147
0.802274
0.802311
0.802318
0.966733
0.966937
0.969811
0.972667
0.976109
0.979293
0.982442
0.985324
0.988031
0.990439
0.992467
0.994012
0.995066
0.99525
0.994567
0.992867
0.990635
0.987895
0.984613
0.981106
0.9771
0.973681
0.970053
0.969822
0.645603
0.646025
0.646933
0.647882
0.648799
0.649636
0.650364
0.651
0.651546
0.651986
0.652292
0.652436
0.652394
0.652161
0.651765
0.651243
0.650625
0.649932
0.649164
0.6483
0.647354
0.646382
0.645493
0.645056
0.972665
0.972553
0.97521
0.977833
0.981018
0.983814
0.986359
0.988565
0.990745
0.992997
0.995019
0.996432
0.997421
0.998342
0.998047
0.996291
0.994563
0.992505
0.98978
0.986624
0.982845
0.97962
0.976299
0.976448
0.79958
0.798841
0.798454
0.798642
0.799251
0.79999
0.800645
0.801138
0.801472
0.801678
0.801798
0.801854
0.801831
0.801731
0.801577
0.801342
0.80099
0.800486
0.799816
0.799052
0.798406
0.798172
0.798536
0.799258
0.980331
0.978706
0.978555
0.97812
0.977997
0.977879
0.978063
0.978565
0.979779
0.98215
0.98571
0.990355
0.995393
0.999412
0.999879
0.998117
0.994018
0.990978
0.988374
0.986183
0.984292
0.983229
0.982421
0.98438
0.800269
0.800293
0.800408
0.80054
0.800688
0.800829
0.800955
0.801062
0.801145
0.801203
0.801236
0.801244
0.801224
0.80118
0.801115
0.801029
0.800923
0.800797
0.800657
0.800507
0.800356
0.800223
0.800114
0.800089
0.953564
0.95364
0.954522
0.955241
0.955972
0.956464
0.956859
0.957149
0.957393
0.957595
0.95775
0.957855
0.957867
0.957789
0.957664
0.957494
0.957285
0.957028
0.956665
0.956201
0.955494
0.954794
0.953924
0.953854
0.763002
0.762929
0.762374
0.761805
0.761497
0.761277
0.761159
0.761075
0.761023
0.760981
0.760951
0.760931
0.760921
0.76092
0.76093
0.760951
0.760982
0.761048
0.761148
0.76135
0.761641
0.762194
0.762736
0.76281
0.811496
0.811238
0.811472
0.811702
0.811903
0.81196
0.811918
0.811807
0.811673
0.811548
0.811455
0.811412
0.811427
0.811499
0.811621
0.811779
0.81195
0.812102
0.812192
0.812187
0.812039
0.811852
0.811644
0.811895
0.845384
0.844981
0.844713
0.844492
0.844393
0.844382
0.844449
0.844559
0.844691
0.844821
0.844934
0.845014
0.845056
0.845058
0.845028
0.844977
0.84492
0.844882
0.844882
0.844957
0.845112
0.845384
0.845702
0.846131
0.882008
0.882108
0.882016
0.882021
0.88199
0.88198
0.881967
0.881958
0.88195
0.881945
0.881941
0.881939
0.88194
0.881941
0.881945
0.881951
0.881959
0.881968
0.881981
0.881991
0.882023
0.882017
0.88211
0.882009
-0.0198837
-0.0231364
-0.0257341
-0.0280411
-0.0284554
-0.0287501
-0.0284596
-0.0281954
-0.0277484
-0.0272889
-0.0267049
-0.0261212
-0.025713
-0.0258725
-0.0266523
-0.0277184
-0.028657
-0.0292562
-0.0296278
-0.0295256
-0.0289138
-0.027014
-0.0245603
-0.0226744
-0.0193523
-0.0213891
-0.0235284
-0.0255415
-0.0261735
-0.0265157
-0.0262493
-0.0259566
-0.0254818
-0.0250354
-0.0244997
-0.0240016
-0.0236714
-0.0237873
-0.0243985
-0.025251
-0.0260296
-0.0265955
-0.0269345
-0.0267725
-0.0260678
-0.0244117
-0.022411
-0.0212582
0.889513
0.889604
0.889487
0.889467
0.889424
0.889399
0.889376
0.889358
0.889343
0.889332
0.889325
0.889322
0.889322
0.889325
0.889332
0.889344
0.889358
0.889377
0.889399
0.889425
0.889467
0.889488
0.889605
0.889513
-0.0141047
-0.0147669
-0.0159311
-0.0171021
-0.0176223
-0.0177969
-0.0176234
-0.0173779
-0.0170238
-0.0166567
-0.016228
-0.0158393
-0.0156419
-0.0157502
-0.0161848
-0.0167794
-0.0173065
-0.0176927
-0.0179081
-0.0178193
-0.017322
-0.0163331
-0.0152947
-0.0149399
0.90024
0.899064
0.898261
0.897838
0.897945
0.898289
0.898879
0.899505
0.900161
0.90072
0.901165
0.901426
0.901485
0.901346
0.901028
0.900602
0.900086
0.899607
0.899172
0.898989
0.899052
0.899638
0.900606
0.901837
0.936755
0.937581
0.938782
0.939445
0.939978
0.940099
0.940181
0.940171
0.940178
0.940207
0.940255
0.940324
0.940332
0.940291
0.940274
0.940279
0.940306
0.940349
0.940296
0.940201
0.939688
0.939038
0.937844
0.937021
0.989293
0.986559
0.983505
0.979844
0.976462
0.97319
0.970467
0.96806
0.966082
0.968271
0.973576
0.979627
0.984112
0.986939
0.987671
0.985887
0.981763
0.978078
0.977913
0.979599
0.981605
0.984604
0.987307
0.990712
0.801233
0.800916
0.800501
0.799866
0.799233
0.798656
0.798102
0.797575
0.797115
0.796759
0.796518
0.796392
0.796374
0.796461
0.796662
0.796979
0.797399
0.797881
0.798378
0.798881
0.799429
0.79999
0.800351
0.800614
0.869589
0.869111
0.868741
0.868465
0.868498
0.868566
0.868781
0.868987
0.869244
0.869466
0.869662
0.869782
0.869811
0.869755
0.869628
0.86948
0.869302
0.869179
0.869049
0.869067
0.869117
0.869469
0.869898
0.870401
0.919604
0.917253
0.916332
0.916568
0.917486
0.918792
0.920345
0.921884
0.923343
0.924555
0.925466
0.925976
0.926067
0.925718
0.924983
0.923951
0.922681
0.921329
0.919974
0.918857
0.918198
0.918197
0.919491
0.921961
0.515435
0.515856
0.516682
0.517882
0.519267
0.520578
0.52174
0.522688
0.523431
0.523942
0.5242
0.524247
0.524159
0.523943
0.52352
0.522851
0.521959
0.520872
0.519586
0.518168
0.516703
0.51545
0.514617
0.514214
0.965096
0.968091
0.970204
0.970507
0.970422
0.969847
0.969321
0.968799
0.968366
0.968031
0.967793
0.967736
0.967758
0.967861
0.968152
0.96853
0.969005
0.969562
0.970115
0.970708
0.970806
0.970512
0.968402
0.9654
0.670531
0.663057
0.674124
0.681917
0.687582
0.690921
0.69319
0.69494
0.696703
0.698631
0.700589
0.702063
0.702119
0.700764
0.698976
0.69723
0.695662
0.694107
0.69202
0.68883
0.683253
0.675458
0.664243
0.671418
0.886375
0.886452
0.886382
0.886381
0.886353
0.886339
0.886324
0.886311
0.886302
0.886294
0.88629
0.886287
0.886287
0.88629
0.886295
0.886302
0.886312
0.886325
0.88634
0.886354
0.886382
0.886383
0.886453
0.886376
-0.0279484
-0.0267171
-0.0250222
-0.0233706
-0.0221317
-0.0218304
-0.0221491
-0.0229144
-0.0236956
-0.0244455
-0.0251261
-0.0257267
-0.0261879
-0.0261842
-0.0255824
-0.0247749
-0.0239448
-0.0231863
-0.0228683
-0.0232527
-0.0244655
-0.026142
-0.0273477
-0.0281149
0.959712
0.961228
0.965063
0.968689
0.972722
0.976359
0.979852
0.982961
0.985723
0.987992
0.989741
0.990865
0.991568
0.991475
0.990693
0.989076
0.986791
0.983919
0.980443
0.976653
0.972206
0.968145
0.963528
0.961851
0.858815
0.858301
0.858864
0.858867
0.859134
0.859091
0.859147
0.85911
0.859135
0.859142
0.859161
0.859187
0.859194
0.859188
0.859192
0.859207
0.859207
0.859267
0.859231
0.859292
0.859035
0.859037
0.858475
0.858982
0.908663
0.90837
0.90788
0.907413
0.906971
0.906574
0.906238
0.905985
0.905823
0.905737
0.905695
0.905667
0.905638
0.905619
0.905635
0.905712
0.905872
0.906118
0.90644
0.906822
0.907256
0.907727
0.908241
0.908552
0.896411
0.896958
0.89783
0.898358
0.89887
0.899161
0.89944
0.899624
0.899787
0.899907
0.899998
0.900052
0.900062
0.90003
0.899962
0.899868
0.899731
0.899573
0.89932
0.899052
0.898561
0.898051
0.897189
0.896641
0.985787
0.985978
0.986309
0.985996
0.985453
0.984739
0.98398
0.983262
0.982665
0.982229
0.981975
0.98192
0.981932
0.982019
0.982313
0.98279
0.983427
0.98418
0.984968
0.985704
0.986264
0.986591
0.986266
0.986069
0.89021
0.889811
0.889183
0.888707
0.888415
0.888275
0.888165
0.888098
0.888081
0.88809
0.888098
0.888085
0.88804
0.88798
0.887924
0.887892
0.887901
0.887957
0.888036
0.88816
0.888461
0.888937
0.889571
0.889978
0.979245
0.977265
0.975983
0.974769
0.974311
0.974402
0.975276
0.976897
0.979415
0.982867
0.987242
0.991754
0.99556
0.997778
0.997581
0.996209
0.992157
0.987789
0.98396
0.981198
0.97949
0.979213
0.979534
0.981773
0.995394
0.992703
0.988236
0.98275
0.977182
0.971467
0.965964
0.961509
0.960126
0.964122
0.969576
0.974671
0.97848
0.979262
0.978272
0.975713
0.970475
0.965605
0.966127
0.971816
0.978217
0.984598
0.989512
0.993009
0.511184
0.511196
0.51174
0.512653
0.513603
0.51452
0.515325
0.51608
0.516757
0.517385
0.517859
0.518169
0.518157
0.517816
0.517318
0.516679
0.516002
0.515258
0.514474
0.513581
0.512658
0.511771
0.51125
0.511257
0.800906
0.800967
0.801188
0.801456
0.801727
0.801961
0.802155
0.802307
0.802421
0.802498
0.802539
0.802548
0.802524
0.802472
0.802393
0.802286
0.802149
0.801979
0.801774
0.801534
0.801262
0.800998
0.800788
0.800732
0.577942
0.578208
0.578683
0.579809
0.580944
0.582079
0.583107
0.584062
0.584889
0.58562
0.586129
0.586498
0.586455
0.586004
0.585422
0.584626
0.583745
0.582745
0.58168
0.580515
0.579365
0.578202
0.577692
0.577414
0.793507
0.792865
0.792647
0.793082
0.794052
0.795123
0.796119
0.79697
0.797648
0.798146
0.798469
0.798627
0.798618
0.798442
0.7981
0.797585
0.796892
0.796025
0.795015
0.793941
0.792965
0.792546
0.792734
0.793387
0.58729
0.588116
0.588967
0.589299
0.589601
0.589748
0.589869
0.589935
0.589991
0.590038
0.590086
0.590084
0.590021
0.589898
0.589727
0.589561
0.58939
0.589212
0.588988
0.588744
0.588356
0.587951
0.587053
0.586211
0.869825
0.869984
0.868188
0.865531
0.863115
0.861137
0.859473
0.858076
0.856919
0.856075
0.855509
0.855429
0.855433
0.855538
0.856134
0.857004
0.858185
0.8596
0.861277
0.863261
0.86568
0.868338
0.870129
0.869958
0.991205
0.99284
0.994329
0.99413
0.993246
0.992089
0.990908
0.989807
0.988872
0.988183
0.987765
0.98774
0.98775
0.987818
0.988292
0.989026
0.990002
0.991137
0.992343
0.993517
0.994412
0.994622
0.993132
0.991494
1.01199
1.00876
1.00121
0.992287
0.983111
0.97428
0.966486
0.960633
0.95837
0.959771
0.963449
0.967056
0.971246
0.971892
0.968315
0.964728
0.961283
0.959694
0.962532
0.97126
0.982136
0.993157
1.00176
1.0057
0.906929
0.906991
0.906913
0.906788
0.906678
0.906564
0.90646
0.906368
0.906292
0.906233
0.906194
0.906173
0.906173
0.906194
0.906233
0.906292
0.906368
0.90646
0.906564
0.906678
0.906788
0.906913
0.906991
0.906929
0.900704
0.900758
0.90063
0.900554
0.90049
0.900432
0.900383
0.900341
0.900306
0.900279
0.900261
0.900252
0.900252
0.900261
0.900279
0.900306
0.900341
0.900383
0.900432
0.90049
0.900555
0.90063
0.900759
0.900704
-0.0237829
-0.0304159
-0.0301601
-0.0323652
-0.0326418
-0.0337388
-0.034145
-0.0347238
-0.0351081
-0.0356227
-0.0355581
-0.0353046
-0.0342949
-0.0342053
-0.0354179
-0.0361388
-0.0363656
-0.0362885
-0.0364638
-0.0363578
-0.0365879
-0.0360806
-0.0348731
-0.0302743
0.878172
0.878273
0.878193
0.878206
0.87818
0.878177
0.87817
0.878166
0.878163
0.87816
0.878159
0.878159
0.878159
0.87816
0.878161
0.878164
0.878167
0.878171
0.878178
0.878182
0.878208
0.878195
0.878275
0.878174
0.904363
0.904431
0.904326
0.904228
0.904152
0.904073
0.904001
0.903935
0.90388
0.903837
0.903808
0.903794
0.903794
0.903808
0.903837
0.90388
0.903935
0.904001
0.904073
0.904152
0.904228
0.904327
0.904431
0.904363
0.874128
0.874221
0.874151
0.87417
0.874152
0.874157
0.874158
0.874161
0.874164
0.874167
0.874169
0.87417
0.87417
0.87417
0.874168
0.874166
0.874163
0.87416
0.87416
0.874155
0.874174
0.874154
0.874224
0.874132
0.906862
0.906947
0.906883
0.906761
0.906651
0.906537
0.906431
0.906339
0.906262
0.906203
0.906163
0.906143
0.906143
0.906163
0.906203
0.906262
0.906339
0.906432
0.906537
0.906651
0.906761
0.906883
0.906948
0.906862
-0.021187
-0.0215695
-0.0214343
-0.0212062
-0.0207682
-0.0207678
-0.0208313
-0.0211501
-0.0214364
-0.0217721
-0.0219947
-0.022155
-0.0222134
-0.0222144
-0.0221667
-0.0220068
-0.0217438
-0.0214608
-0.0213318
-0.0213492
-0.0217431
-0.0221396
-0.0223731
-0.0222584
0.868647
0.868742
0.868698
0.868731
0.868732
0.868758
0.86878
0.868803
0.868823
0.868839
0.86885
0.868857
0.868857
0.868852
0.868841
0.868825
0.868806
0.868784
0.868763
0.868737
0.868737
0.868704
0.868748
0.868653
0.870361
0.870447
0.870389
0.870416
0.870407
0.870422
0.870432
0.870445
0.870457
0.870466
0.870473
0.870477
0.870477
0.870474
0.870468
0.870459
0.870448
0.870436
0.870426
0.870411
0.870421
0.870394
0.870452
0.870366
0.00681459
0.00887808
0.0169594
0.0198376
0.0212443
0.0207006
0.0195675
0.0180418
0.0163708
0.0143972
0.0123442
0.0100427
0.00857949
0.00844828
0.010057
0.0128882
0.0155556
0.017982
0.0196657
0.0206467
0.0201408
0.0185036
0.0153045
0.0137727
0.868361
0.868453
0.868407
0.868441
0.868444
0.868473
0.868498
0.868524
0.868547
0.868566
0.868579
0.868586
0.868586
0.86858
0.868568
0.86855
0.868528
0.868503
0.868479
0.86845
0.868448
0.868415
0.86846
0.868369
-0.0188789
-0.019702
-0.0197642
-0.0199507
-0.0196453
-0.0198018
-0.0198759
-0.0202081
-0.0204277
-0.0206774
-0.0207808
-0.0208068
-0.020817
-0.0208152
-0.0208524
-0.0208451
-0.0207487
-0.0205573
-0.0204759
-0.0204373
-0.0207246
-0.0208097
-0.0209198
-0.0204776
-0.0348928
-0.0401766
-0.0397518
-0.0425765
-0.0425221
-0.0432632
-0.043596
-0.0442328
-0.0445932
-0.0451262
-0.0454005
-0.0461182
-0.0466962
-0.0470077
-0.0465472
-0.0462587
-0.0463364
-0.0462932
-0.0464296
-0.0463906
-0.046678
-0.0461661
-0.0467859
-0.046694
0.861336
0.861437
0.861461
0.861569
0.861656
0.861771
0.861877
0.861979
0.862067
0.862137
0.862186
0.862211
0.862212
0.862189
0.862142
0.862073
0.861988
0.861888
0.861783
0.86167
0.861584
0.861477
0.861453
0.861353
0.0111947
-0.0115076
-0.0164962
-0.019623
-0.0197285
-0.0201238
-0.0199078
-0.0197868
-0.0197376
-0.0202567
-0.0203176
-0.0206015
-0.0192304
-0.0189967
-0.0198245
-0.0198252
-0.0194378
-0.0185893
-0.0183257
-0.0182185
-0.0188947
-0.0187471
-0.0181095
-0.0145686
-0.0202175
-0.0208205
-0.0210938
-0.0220816
-0.0223132
-0.0226316
-0.0224911
-0.0224093
-0.0221257
-0.0218729
-0.0215454
-0.0213343
-0.0212329
-0.0213119
-0.0215851
-0.0219805
-0.0224491
-0.0228095
-0.0231386
-0.0231435
-0.023003
-0.0222556
-0.0218185
-0.0212819
0.876412
0.876507
0.876429
0.876441
0.876418
0.876419
0.876416
0.876416
0.876416
0.876416
0.876416
0.876417
0.876417
0.876417
0.876417
0.876417
0.876417
0.876418
0.876421
0.87642
0.876444
0.876431
0.87651
0.876415
-0.0172404
-0.0182717
-0.019544
-0.0207336
-0.0212125
-0.0213823
-0.0212003
-0.0209673
-0.0206114
-0.0202535
-0.0198702
-0.0195476
-0.0193808
-0.0194652
-0.0198134
-0.0203489
-0.0208938
-0.0212997
-0.0215345
-0.0214646
-0.0209893
-0.019992
-0.0188589
-0.0182458
0.876359
0.876454
0.876377
0.87639
0.876367
0.876368
0.876365
0.876365
0.876365
0.876365
0.876366
0.876366
0.876366
0.876366
0.876366
0.876366
0.876367
0.876367
0.87637
0.87637
0.876393
0.87638
0.876457
0.876362
0.895492
0.895569
0.895445
0.895406
0.895359
0.895325
0.895295
0.89527
0.895249
0.895234
0.895223
0.895218
0.895218
0.895223
0.895234
0.89525
0.89527
0.895296
0.895325
0.89536
0.895407
0.895445
0.89557
0.895492
-0.0265506
-0.0314637
-0.0324099
-0.0353218
-0.0357258
-0.0368839
-0.0374372
-0.0382261
-0.0387449
-0.0392993
-0.039427
-0.0397271
-0.0398881
-0.0400186
-0.0400922
-0.0401716
-0.0402165
-0.0400026
-0.0399047
-0.0395179
-0.039307
-0.0382943
-0.0377053
-0.0360429
0.870118
0.870206
0.870152
0.870183
0.870178
0.870197
0.870211
0.870227
0.870241
0.870252
0.87026
0.870265
0.870265
0.870262
0.870254
0.870243
0.87023
0.870215
0.870202
0.870183
0.870189
0.870158
0.870212
0.870124
-0.023177
-0.0224633
-0.0212688
-0.0202565
-0.0195144
-0.0193422
-0.0194212
-0.0198015
-0.0202538
-0.0207843
-0.0212783
-0.0217165
-0.0219656
-0.0219365
-0.0215681
-0.0209876
-0.0203878
-0.0199081
-0.0197109
-0.0198771
-0.020525
-0.02158
-0.0226248
-0.0232171
0.908686
0.9086
0.908452
0.908258
0.908112
0.907969
0.907839
0.907724
0.907628
0.907553
0.907503
0.907477
0.907477
0.907503
0.907553
0.907628
0.907724
0.907839
0.907969
0.908112
0.908258
0.908452
0.9086
0.908686
-0.0242549
-0.0349635
-0.0405438
-0.0482902
-0.0513957
-0.0535698
-0.0544042
-0.0549806
-0.0553112
-0.0560698
-0.0568195
-0.0587805
-0.0609043
-0.0618523
-0.0593489
-0.0573561
-0.0564254
-0.0557404
-0.0556902
-0.0556001
-0.0560553
-0.0563992
-0.0590928
-0.0628719
0.8724
0.872491
0.872426
0.872447
0.872432
0.872442
0.872448
0.872457
0.872465
0.872471
0.872476
0.872478
0.872479
0.872477
0.872472
0.872467
0.87246
0.872451
0.872446
0.872436
0.872451
0.872431
0.872496
0.872404
-0.0190921
-0.0196419
-0.0195688
-0.0195671
-0.0192357
-0.0193229
-0.0193832
-0.0196876
-0.0199137
-0.0201842
-0.0203623
-0.0204941
-0.0205705
-0.020564
-0.0205159
-0.0204049
-0.0202399
-0.0200276
-0.0199366
-0.0199202
-0.0202326
-0.0204604
-0.0207031
-0.0204909
0.864074
0.86417
0.864157
0.864219
0.864259
0.864328
0.864393
0.864458
0.864513
0.864558
0.86459
0.864606
0.864607
0.864592
0.864562
0.864518
0.864464
0.864401
0.864338
0.864269
0.864231
0.864169
0.864183
0.864087
-0.0289148
-0.0263878
-0.0220113
-0.0207527
-0.0196625
-0.0201456
-0.0208334
-0.0219905
-0.0233214
-0.024921
-0.0265691
-0.028297
-0.0295629
-0.0297943
-0.0285492
-0.0265983
-0.0247554
-0.0232156
-0.0223246
-0.0219358
-0.022746
-0.0246577
-0.0276955
-0.0294521
0.893311
0.893397
0.893278
0.893246
0.8932
0.893168
0.893141
0.893117
0.893099
0.893085
0.893075
0.893071
0.893071
0.893075
0.893085
0.893099
0.893117
0.893141
0.893168
0.893201
0.893247
0.893279
0.893398
0.893311
-0.0198519
-0.0203033
-0.0210612
-0.0221246
-0.0224652
-0.0227105
-0.0225556
-0.0223835
-0.0220176
-0.0216005
-0.0210291
-0.020575
-0.0203738
-0.0205205
-0.0210159
-0.0216936
-0.0222838
-0.0227138
-0.0230376
-0.0230177
-0.0227427
-0.0218208
-0.0209
-0.0205546
-0.0187155
-0.0225792
-0.0253531
-0.0278557
-0.0281674
-0.0284298
-0.0281331
-0.0279049
-0.0275426
-0.0272195
-0.0268194
-0.0264625
-0.0261701
-0.0263393
-0.0270063
-0.027931
-0.0287923
-0.0293349
-0.0296978
-0.0296127
-0.0290295
-0.0270226
-0.0244202
-0.0222713
-0.0314552
-0.0291435
-0.0257035
-0.0246905
-0.0237781
-0.024221
-0.0247553
-0.025703
-0.0266985
-0.0278682
-0.0291402
-0.0305235
-0.0315695
-0.0317373
-0.0306975
-0.0291641
-0.0278272
-0.0267294
-0.0260942
-0.0258193
-0.0264976
-0.028045
-0.0306849
-0.0324184
-0.025639
-0.0290559
-0.0289266
-0.0313361
-0.0318815
-0.0330366
-0.0333639
-0.0337574
-0.0337667
-0.0337475
-0.0332678
-0.0328925
-0.0322193
-0.0322377
-0.033204
-0.0340591
-0.034717
-0.0350162
-0.0352733
-0.0349942
-0.0346839
-0.0334843
-0.0325762
-0.0299571
0.900665
0.900718
0.900588
0.900511
0.900446
0.900387
0.900338
0.900296
0.900261
0.900235
0.900217
0.900208
0.900208
0.900217
0.900235
0.900261
0.900296
0.900338
0.900387
0.900446
0.900511
0.900588
0.900719
0.900665
-0.0178675
-0.0187866
-0.0187115
-0.0190193
-0.0187329
-0.0189558
-0.0190291
-0.0193855
-0.0196097
-0.0198796
-0.02005
-0.0202481
-0.0203551
-0.0203348
-0.0202406
-0.0201247
-0.0200216
-0.0198182
-0.0197296
-0.019659
-0.0199077
-0.0199463
-0.0202813
-0.0198986
0.0623131
0.0576404
0.0573633
0.0556923
0.055782
0.0560111
0.0563815
0.0565888
0.0566713
0.0564412
0.0559981
0.0549667
0.0539546
0.0536961
0.0545236
0.0558442
0.0565565
0.0571371
0.0574294
0.0578292
0.0584102
0.0602856
0.0622193
0.0643895
0.860825
0.860962
0.861015
0.861136
0.861241
0.861372
0.861494
0.86161
0.861708
0.861787
0.861842
0.86187
0.861871
0.861845
0.861791
0.861714
0.861617
0.861503
0.861382
0.861251
0.861147
0.861027
0.860975
0.860838
0.859084
0.859217
0.859274
0.859408
0.859537
0.859701
0.859858
0.860006
0.860133
0.860234
0.860304
0.860341
0.860342
0.860308
0.86024
0.860142
0.860017
0.859871
0.859716
0.859554
0.859426
0.859293
0.859238
0.859105
0.87252
0.872612
0.872546
0.872566
0.87255
0.872559
0.872564
0.872572
0.872578
0.872584
0.872588
0.872591
0.872591
0.872589
0.872586
0.87258
0.872574
0.872567
0.872562
0.872553
0.87257
0.872551
0.872616
0.872524
0.874203
0.87429
0.874215
0.87423
0.874208
0.87421
0.874209
0.874212
0.874214
0.874216
0.874218
0.874219
0.874219
0.874218
0.874217
0.874215
0.874214
0.874212
0.874213
0.874211
0.874233
0.874218
0.874293
0.874207
-0.0264414
-0.0298442
-0.0303981
-0.0322774
-0.0322593
-0.0331341
-0.0335356
-0.034245
-0.0346967
-0.0351815
-0.0353215
-0.0354619
-0.0354482
-0.0355174
-0.0357403
-0.0358174
-0.0358057
-0.0355527
-0.0353706
-0.0349787
-0.0348365
-0.0339605
-0.0333843
-0.031853
0.859055
0.859155
0.85923
0.859386
0.859532
0.859705
0.859867
0.860019
0.860149
0.860252
0.860323
0.86036
0.860361
0.860326
0.860256
0.860155
0.860027
0.859876
0.859715
0.859543
0.859397
0.859242
0.859167
0.859067
-0.00459841
-0.00982962
-0.0129907
-0.0159718
-0.0160141
-0.0160501
-0.0156906
-0.015485
-0.0153139
-0.0152942
-0.0151353
-0.0150342
-0.0149085
-0.015151
-0.0157258
-0.0163949
-0.0169466
-0.0171893
-0.0174137
-0.0172592
-0.0166717
-0.014517
-0.0117964
-0.00944626
-0.0688567
-0.0633286
-0.0567212
-0.0555333
-0.0517347
-0.0484441
-0.0454727
-0.0434722
-0.042399
-0.0428075
-0.0441121
-0.0480287
-0.0524892
-0.0543947
-0.0488102
-0.0435839
-0.0405452
-0.0381718
-0.036972
-0.0362438
-0.0365494
-0.0374087
-0.0423378
-0.0496393
0.865948
0.866035
0.866006
0.866059
0.866081
0.866129
0.866171
0.866213
0.86625
0.86628
0.866301
0.866312
0.866313
0.866303
0.866283
0.866254
0.866219
0.866177
0.866136
0.86609
0.866068
0.866016
0.866045
0.865958
0.89548
0.895557
0.895432
0.895394
0.895348
0.895313
0.895285
0.895259
0.895239
0.895224
0.895213
0.895208
0.895208
0.895213
0.895224
0.895239
0.89526
0.895285
0.895314
0.895348
0.895395
0.895432
0.895557
0.895481
0.899228
0.89928
0.899152
0.899096
0.899043
0.898996
0.898957
0.898922
0.898894
0.898872
0.898857
0.898849
0.898849
0.898857
0.898872
0.898894
0.898922
0.898957
0.898997
0.899043
0.899096
0.899152
0.89928
0.899228
0.0176177
0.0121749
0.00991879
0.0071993
0.00737847
0.0076655
0.008152
0.00839808
0.00851916
0.0083499
0.00813063
0.00765015
0.0072586
0.00699709
0.00703299
0.00719545
0.00716166
0.00731278
0.00739465
0.00777052
0.00848904
0.010698
0.0132121
0.0156472
0.862702
0.862781
0.862773
0.862846
0.862899
0.86298
0.863057
0.863132
0.863197
0.863249
0.863286
0.863305
0.863306
0.863288
0.863252
0.863201
0.863138
0.863064
0.862988
0.862908
0.862855
0.862783
0.862791
0.862712
0.866549
0.866637
0.866603
0.866648
0.866661
0.866699
0.866732
0.866766
0.866796
0.86682
0.866837
0.866846
0.866846
0.866838
0.866822
0.866799
0.86677
0.866737
0.866705
0.866667
0.866654
0.86661
0.866644
0.866556
-0.0196902
-0.0306965
-0.0300135
-0.0321851
-0.0324455
-0.0336629
-0.0344621
-0.0353789
-0.0358546
-0.0363849
-0.0362659
-0.0359864
-0.0344704
-0.0342225
-0.0357027
-0.0366489
-0.0370437
-0.0369529
-0.0370321
-0.0371084
-0.037833
-0.037482
-0.0361418
-0.0306026
0.855124
0.855233
0.855358
0.855589
0.855823
0.856085
0.856334
0.856562
0.856756
0.856909
0.857014
0.857068
0.85707
0.857019
0.856917
0.856767
0.856576
0.856351
0.856106
0.855846
0.855614
0.855386
0.855263
0.855154
0.897038
0.897105
0.896977
0.896924
0.89687
0.896827
0.896792
0.896761
0.896737
0.896718
0.896705
0.896699
0.896699
0.896705
0.896718
0.896737
0.896761
0.896792
0.896828
0.89687
0.896924
0.896977
0.897106
0.897038
0.897039
0.897111
0.896986
0.896936
0.896883
0.896841
0.896806
0.896775
0.896751
0.896732
0.896719
0.896713
0.896713
0.896719
0.896732
0.896751
0.896775
0.896806
0.896841
0.896884
0.896936
0.896986
0.897111
0.89704
0.899185
0.89924
0.899112
0.899057
0.899003
0.898956
0.898917
0.898882
0.898854
0.898832
0.898817
0.89881
0.89881
0.898817
0.898832
0.898854
0.898882
0.898917
0.898956
0.899003
0.899057
0.899113
0.89924
0.899185
0.878076
0.878174
0.878093
0.878105
0.878079
0.878076
0.878069
0.878065
0.878062
0.87806
0.878059
0.878058
0.878058
0.878059
0.878061
0.878063
0.878066
0.878071
0.878078
0.878081
0.878107
0.878095
0.878176
0.878078
-0.0190802
-0.0207589
-0.022608
-0.0243749
-0.0250213
-0.025329
-0.0250782
-0.0247797
-0.0243065
-0.0238387
-0.0233533
-0.0228893
-0.0225936
-0.0226983
-0.0232332
-0.0239755
-0.0247261
-0.0252819
-0.0256168
-0.0254807
-0.0247999
-0.0233373
-0.0216189
-0.020638
0.864846
0.864966
0.864957
0.865017
0.865052
0.865112
0.865167
0.865221
0.865268
0.865305
0.865331
0.865345
0.865346
0.865333
0.865308
0.865272
0.865226
0.865173
0.865119
0.865059
0.865026
0.864966
0.864975
0.864856
-0.025331
-0.0244206
-0.0230044
-0.0219906
-0.0212532
-0.0212448
-0.0214061
-0.0218838
-0.0223911
-0.0229625
-0.0235045
-0.0239751
-0.0242718
-0.0242642
-0.0238651
-0.0232131
-0.0225447
-0.0219814
-0.0217104
-0.0217675
-0.0223877
-0.0235031
-0.0246836
-0.0253928
0.893291
0.893375
0.893253
0.893218
0.893171
0.893138
0.893111
0.893088
0.893069
0.893055
0.893046
0.893041
0.893041
0.893046
0.893055
0.893069
0.893088
0.893111
0.893139
0.893171
0.893219
0.893253
0.893375
0.893291
-0.0145358
-0.0190262
-0.0220622
-0.0248484
-0.0250823
-0.0253023
-0.0249923
-0.0247612
-0.0244405
-0.024233
-0.0239885
-0.0236962
-0.0234026
-0.0236063
-0.0243379
-0.0251833
-0.0259722
-0.0264702
-0.0268272
-0.026722
-0.0260991
-0.0239352
-0.021169
-0.018902
-0.0215699
-0.0187707
-0.0126562
-0.0107973
-0.00949465
-0.0101336
-0.0113007
-0.012979
-0.0147762
-0.0167303
-0.0185925
-0.0205635
-0.0219464
-0.0221802
-0.0207862
-0.0185366
-0.016298
-0.0142182
-0.0128411
-0.0121884
-0.0130557
-0.0150389
-0.0181575
-0.0195885
-0.0185511
-0.0199154
-0.0214337
-0.0229834
-0.0236082
-0.0238697
-0.0236383
-0.0233541
-0.0229074
-0.0224746
-0.0220737
-0.0217741
-0.0215719
-0.0216505
-0.0220247
-0.0226029
-0.0232724
-0.0237814
-0.0240853
-0.0239729
-0.0233383
-0.0220551
-0.0206892
-0.0199092
-0.0183122
-0.019603
-0.0210293
-0.0223571
-0.0228785
-0.0230771
-0.0228744
-0.0226228
-0.0222224
-0.0218158
-0.021372
-0.0209833
-0.0207376
-0.0208275
-0.0212613
-0.0218819
-0.0225099
-0.0229746
-0.0232458
-0.0231708
-0.022642
-0.021529
-0.0202363
-0.0194317
-0.0199289
-0.0203763
-0.0207183
-0.0215789
-0.0218
-0.0220542
-0.0218997
-0.0217786
-0.0214815
-0.021219
-0.0208894
-0.0206269
-0.0205227
-0.0206156
-0.0209201
-0.0213345
-0.0217812
-0.0221485
-0.0224731
-0.0224847
-0.0223425
-0.0216718
-0.0211952
-0.0208302
0.902953
0.902957
0.902809
0.902714
0.902642
0.902575
0.902516
0.902465
0.902422
0.902388
0.902366
0.902354
0.902354
0.902366
0.902389
0.902422
0.902465
0.902516
0.902575
0.902642
0.902714
0.902809
0.902957
0.902954
-0.0240922
-0.0232357
-0.0217522
-0.0205853
-0.0198087
-0.0196925
-0.0197991
-0.020229
-0.0207376
-0.0213596
-0.0219569
-0.0224872
-0.0227793
-0.0227461
-0.0223004
-0.0215878
-0.0208777
-0.0203338
-0.0201051
-0.0202422
-0.0209201
-0.0221492
-0.0234421
-0.0241299
0.904273
0.904337
0.904226
0.904122
0.904045
0.903965
0.903892
0.903826
0.903771
0.903727
0.903698
0.903683
0.903683
0.903698
0.903727
0.903771
0.903826
0.903892
0.903965
0.904045
0.904123
0.904226
0.904337
0.904273
0.902946
0.902955
0.902808
0.902714
0.902642
0.902574
0.902516
0.902465
0.902422
0.902389
0.902367
0.902355
0.902355
0.902367
0.902389
0.902422
0.902465
0.902516
0.902574
0.902642
0.902714
0.902808
0.902955
0.902946
0.644539
0.644361
0.64392
0.643856
0.643932
0.64421
0.644507
0.644827
0.64512
0.645463
0.645743
0.646108
0.646072
0.645642
0.645307
0.644914
0.644574
0.644209
0.64387
0.643552
0.643437
0.643466
0.643873
0.644049
0.984729
0.982182
0.981643
0.981476
0.981905
0.982221
0.983001
0.984583
0.986066
0.987298
0.988907
0.991051
0.993293
0.995315
0.996336
0.997003
0.995884
0.993022
0.991049
0.989666
0.98818
0.98745
0.987352
0.989978
1.00217
0.999625
0.993871
0.986683
0.979271
0.97197
0.965279
0.960005
0.957951
0.960364
0.965295
0.969642
0.973311
0.973557
0.971186
0.968134
0.963748
0.961034
0.962641
0.969933
0.978745
0.987593
0.994338
0.997924
0.79575
0.795215
0.79516
0.795668
0.796519
0.797428
0.798289
0.799054
0.799687
0.800169
0.800488
0.800643
0.800626
0.800437
0.800082
0.799565
0.798896
0.798091
0.797183
0.796221
0.795319
0.7948
0.79483
0.795399
0.908426
0.90783
0.907485
0.907477
0.907908
0.908577
0.909445
0.91034
0.911207
0.911935
0.912487
0.91281
0.912894
0.912737
0.912354
0.911792
0.911091
0.910362
0.909664
0.90916
0.908911
0.909065
0.909604
0.910199
0.79951
0.799487
0.799892
0.800439
0.801037
0.801629
0.802174
0.802647
0.803035
0.803327
0.803518
0.803604
0.803587
0.803468
0.803248
0.802931
0.802522
0.80203
0.801468
0.80086
0.800246
0.799689
0.799284
0.799302
0.516379
0.516079
0.515631
0.515224
0.514641
0.514031
0.513403
0.512884
0.512472
0.512237
0.512115
0.512133
0.512193
0.512295
0.512535
0.512885
0.513409
0.514032
0.514754
0.51545
0.516102
0.51656
0.517035
0.517337
0.793202
0.793225
0.793324
0.793458
0.793618
0.793801
0.79399
0.794168
0.794322
0.794442
0.794523
0.794561
0.794553
0.794499
0.794404
0.794272
0.794108
0.793923
0.79373
0.793544
0.793382
0.793249
0.793156
0.793141
0.877948
0.877181
0.876612
0.876115
0.875983
0.875933
0.876093
0.876272
0.876526
0.876743
0.876929
0.877042
0.87708
0.877048
0.876945
0.876817
0.876656
0.876576
0.876516
0.876669
0.876899
0.87749
0.878137
0.878948
0.855854
0.855034
0.854661
0.85423
0.854235
0.854134
0.854181
0.854173
0.85426
0.85433
0.854413
0.854475
0.854488
0.854463
0.854422
0.854393
0.854353
0.854407
0.854405
0.854551
0.854577
0.855041
0.855436
0.856269
0.687159
0.686006
0.685247
0.684667
0.684222
0.683793
0.683399
0.683047
0.68276
0.682538
0.682381
0.682286
0.682254
0.682286
0.68238
0.682541
0.68277
0.683065
0.683407
0.683787
0.684189
0.684733
0.685464
0.686613
0.969887
0.970945
0.972267
0.972821
0.972957
0.972714
0.972401
0.972069
0.971805
0.971646
0.971583
0.971639
0.971649
0.971628
0.971734
0.971936
0.972242
0.972612
0.972957
0.973225
0.973108
0.972567
0.971252
0.970192
1.01953
1.01596
1.01317
1.00898
1.00138
0.990035
0.975884
0.960743
0.946648
0.937139
0.934406
0.93679
0.946541
0.950713
0.942657
0.938699
0.940573
0.950101
0.964753
0.980094
0.993546
1.00357
1.01088
1.01601
0.981587
0.979262
0.979214
0.979084
0.979521
0.980059
0.980803
0.981486
0.982387
0.983738
0.985423
0.986864
0.989284
0.992444
0.996096
0.995926
0.994937
0.992564
0.990047
0.987691
0.985594
0.984516
0.983755
0.986287
0.913695
0.913256
0.913763
0.914288
0.914994
0.915571
0.916114
0.916557
0.916934
0.917219
0.917417
0.917525
0.917534
0.917447
0.91727
0.91701
0.916659
0.916241
0.915725
0.915171
0.914488
0.913984
0.91349
0.913949
0.744158
0.744075
0.743873
0.743658
0.743432
0.743211
0.743004
0.742821
0.742671
0.742559
0.742492
0.742472
0.742501
0.742578
0.742701
0.742867
0.743069
0.743299
0.743548
0.743806
0.744062
0.744299
0.744516
0.744602
0.941665
0.943371
0.945197
0.945729
0.945961
0.945763
0.945617
0.945421
0.945282
0.9452
0.945171
0.945221
0.945231
0.945215
0.945283
0.945404
0.94558
0.94581
0.945983
0.946202
0.945986
0.945464
0.943644
0.941933
0.917399
0.916852
0.916553
0.916803
0.917586
0.918617
0.91984
0.921053
0.922214
0.923187
0.923926
0.924352
0.924432
0.924166
0.923598
0.922799
0.921816
0.920783
0.919749
0.918904
0.918345
0.918271
0.918883
0.919358
0.665449
0.65994
0.669926
0.676135
0.68203
0.686432
0.689896
0.692509
0.694468
0.695872
0.696801
0.69722
0.697304
0.697061
0.696299
0.695048
0.693228
0.690744
0.6874
0.683104
0.677306
0.671172
0.661285
0.666789
0.904536
0.904852
0.905769
0.906189
0.906672
0.906851
0.907056
0.907148
0.907254
0.907337
0.907415
0.90748
0.907488
0.907446
0.907393
0.907337
0.90726
0.907196
0.907016
0.906859
0.906392
0.905984
0.905073
0.904755
0.970973
0.97054
0.973265
0.976511
0.980397
0.983913
0.987017
0.9896
0.99157
0.99281
0.993849
0.994967
0.996
0.996273
0.99657
0.996359
0.994792
0.99239
0.989259
0.985559
0.981233
0.977471
0.974201
0.974677
0.512144
0.511523
0.511957
0.513001
0.514432
0.516047
0.517717
0.519325
0.520744
0.521882
0.522648
0.522994
0.52294
0.522474
0.521586
0.520347
0.518845
0.517173
0.515454
0.513798
0.512342
0.511305
0.51089
0.511571
0.894342
0.894921
0.896468
0.896834
0.897131
0.896965
0.896865
0.896662
0.896537
0.89643
0.896379
0.896387
0.896397
0.896418
0.896502
0.896639
0.896794
0.897023
0.897145
0.897328
0.897039
0.896678
0.89513
0.894545
0.531484
0.532131
0.532332
0.532939
0.53365
0.534496
0.535297
0.536062
0.536711
0.537282
0.537663
0.537917
0.537892
0.537589
0.537164
0.536559
0.535884
0.535104
0.534293
0.533446
0.532734
0.532134
0.531931
0.53129
0.875678
0.874956
0.874432
0.873959
0.873845
0.873797
0.873957
0.874128
0.874374
0.874581
0.874764
0.874874
0.87491
0.874875
0.874771
0.874647
0.874491
0.874413
0.874347
0.874493
0.874699
0.875261
0.875859
0.876618
0.662502
0.65835
0.654495
0.653602
0.654103
0.655434
0.656956
0.658385
0.659514
0.660311
0.660783
0.661022
0.661116
0.661057
0.660753
0.660105
0.659105
0.657787
0.656355
0.655094
0.654638
0.655548
0.659377
0.663467
0.652982
0.64974
0.648061
0.647037
0.647416
0.648472
0.649958
0.651457
0.652782
0.653807
0.654507
0.654861
0.654895
0.654595
0.653922
0.652901
0.651556
0.650031
0.648517
0.647448
0.647076
0.648152
0.649863
0.653121
0.855327
0.882561
0.909077
0.917281
0.916523
0.909321
0.895614
0.87608
0.851495
0.823752
0.797534
0.777965
0.782497
0.782916
0.780807
0.799651
0.8299
0.861241
0.887476
0.904476
0.909278
0.904293
0.883375
0.853792
0.524688
0.523262
0.522476
0.521696
0.521207
0.520749
0.520437
0.520222
0.520142
0.520172
0.520282
0.520397
0.520356
0.520167
0.519996
0.519914
0.519958
0.520146
0.520437
0.520872
0.521334
0.522076
0.522823
0.524184
0.955049
0.955629
0.956725
0.957317
0.957736
0.957819
0.957844
0.957789
0.957739
0.957718
0.957725
0.957774
0.957786
0.957767
0.957796
0.957853
0.95794
0.958028
0.958035
0.957977
0.957579
0.957003
0.955916
0.955337
0.513554
0.513362
0.513001
0.512674
0.512165
0.51162
0.511043
0.510566
0.510189
0.509988
0.509897
0.509937
0.509993
0.510064
0.510266
0.510575
0.511057
0.511633
0.5123
0.512928
0.513503
0.513878
0.514262
0.51445
0.699397
0.69874
0.697587
0.696726
0.696118
0.695797
0.695598
0.695504
0.695465
0.69555
0.695653
0.695946
0.69592
0.695586
0.695451
0.695336
0.695345
0.695408
0.695572
0.69586
0.696431
0.697263
0.698381
0.699042
0.956651
0.956283
0.956422
0.956759
0.957211
0.957611
0.957978
0.958272
0.958504
0.958693
0.958836
0.958923
0.958936
0.958876
0.958763
0.958606
0.958406
0.958145
0.957811
0.957442
0.957016
0.9567
0.956576
0.956952
0.850117
0.849713
0.849562
0.84933
0.849264
0.849211
0.849273
0.849344
0.849462
0.849568
0.849669
0.849732
0.849753
0.849733
0.849678
0.84962
0.849551
0.849529
0.849516
0.849614
0.849721
0.849987
0.850163
0.850573
0.85831
0.857406
0.857052
0.856604
0.856502
0.856335
0.856334
0.856304
0.856377
0.856446
0.856542
0.856613
0.85663
0.856603
0.856556
0.856541
0.856523
0.85661
0.856667
0.856888
0.857036
0.857526
0.85791
0.858828
0.58177
0.580516
0.578659
0.577162
0.575855
0.574877
0.574107
0.573549
0.573129
0.572863
0.572707
0.572703
0.572803
0.573
0.573339
0.573771
0.574338
0.575023
0.575897
0.576957
0.578323
0.579855
0.581729
0.582979
0.888853
0.888326
0.888226
0.888282
0.888573
0.888868
0.889196
0.88948
0.889732
0.889921
0.890053
0.890124
0.890136
0.89009
0.889982
0.889818
0.889592
0.889334
0.889031
0.888758
0.888486
0.888446
0.888556
0.88909
0.716744
0.716478
0.716193
0.715999
0.715888
0.715828
0.715799
0.71579
0.715793
0.715804
0.715819
0.715837
0.715859
0.715885
0.715918
0.71596
0.716013
0.716079
0.716165
0.716281
0.716442
0.716679
0.717
0.71729
0.859912
0.859083
0.859524
0.859624
0.860016
0.860089
0.860218
0.860231
0.860292
0.860329
0.86038
0.860422
0.860428
0.860403
0.860373
0.860358
0.860321
0.860332
0.860225
0.860168
0.859788
0.859695
0.859256
0.860079
0.798025
0.797938
0.797763
0.79766
0.797649
0.797687
0.797744
0.797806
0.797864
0.797912
0.797945
0.797961
0.797949
0.797913
0.797863
0.7978
0.797728
0.797654
0.797587
0.797543
0.79755
0.797652
0.797828
0.797913
0.63022
0.629032
0.62827
0.627343
0.626551
0.625806
0.625204
0.624688
0.62429
0.623995
0.623802
0.623697
0.623678
0.623746
0.623907
0.624171
0.624541
0.625032
0.625611
0.626338
0.627114
0.628025
0.628772
0.629955
1.00421
0.997331
0.988856
0.982143
0.977567
0.974868
0.974044
0.975172
0.978298
0.983027
0.988672
0.994338
0.998888
1.00227
0.999362
0.994674
0.989248
0.984051
0.980518
0.979632
0.981466
0.985222
0.989469
0.990751
0.991923
0.994941
0.997187
0.996829
0.995301
0.993527
0.991864
0.990469
0.989383
0.988547
0.987986
0.987842
0.98786
0.988049
0.98867
0.989553
0.990679
0.992099
0.993777
0.995557
0.997088
0.997454
0.995204
0.992186
0.861267
0.860212
0.859893
0.859422
0.859183
0.858941
0.858916
0.858893
0.858972
0.859043
0.859132
0.85919
0.859212
0.859204
0.85917
0.859157
0.85914
0.859226
0.859313
0.859615
0.85991
0.860427
0.860781
0.861858
0.733354
0.732722
0.731419
0.730465
0.729752
0.729236
0.728842
0.7286
0.728475
0.72851
0.728583
0.728802
0.728786
0.728541
0.72845
0.728401
0.728511
0.728739
0.729113
0.72961
0.730293
0.731228
0.732502
0.733148
0.742132
0.741941
0.741725
0.741608
0.741506
0.741415
0.741322
0.741233
0.741154
0.741092
0.741054
0.741044
0.74106
0.741105
0.741181
0.741281
0.7414
0.741527
0.741659
0.741785
0.741918
0.74206
0.742292
0.742482
0.733563
0.73352
0.733522
0.733618
0.733712
0.733801
0.733866
0.733907
0.733927
0.733933
0.733933
0.733935
0.73394
0.733954
0.73398
0.734006
0.734026
0.734027
0.734006
0.733957
0.7339
0.733833
0.73385
0.733895
0.905856
0.905636
0.905139
0.904668
0.904257
0.903925
0.903704
0.903557
0.90345
0.90338
0.90334
0.903305
0.903262
0.903242
0.903261
0.903324
0.903427
0.903584
0.903837
0.904191
0.904625
0.905125
0.905661
0.905898
0.588493
0.588957
0.590336
0.592047
0.59377
0.59546
0.597032
0.598455
0.599668
0.600633
0.601287
0.601602
0.601544
0.601108
0.600334
0.599265
0.597959
0.596461
0.59483
0.593097
0.591333
0.589589
0.588174
0.587694
0.885788
0.885882
0.885776
0.885769
0.885732
0.885713
0.885695
0.885681
0.88567
0.885661
0.885656
0.885653
0.885653
0.885656
0.885662
0.88567
0.885681
0.885696
0.885714
0.885732
0.88577
0.885777
0.885883
0.885789
-0.0192557
-0.0218636
-0.0246048
-0.0270224
-0.0276098
-0.0279456
-0.0276742
-0.0273797
-0.0268397
-0.0262163
-0.0254305
-0.0246164
-0.0240461
-0.0242156
-0.0251829
-0.0264392
-0.0275084
-0.0281591
-0.0285152
-0.0283587
-0.0276326
-0.0255943
-0.0229513
-0.0213988
0.845862
0.845199
0.845403
0.845402
0.845565
0.845585
0.845682
0.845715
0.84578
0.845818
0.845861
0.845886
0.845894
0.845887
0.845864
0.845846
0.845803
0.845791
0.845713
0.845711
0.845562
0.845571
0.845368
0.846023
0.989383
0.991003
0.992709
0.992074
0.990574
0.988875
0.987226
0.985752
0.984524
0.98362
0.983102
0.983041
0.983049
0.983149
0.983721
0.984671
0.985938
0.98744
0.989108
0.990818
0.992323
0.99296
0.991251
0.989635
0.790517
0.790901
0.791493
0.791854
0.792062
0.792068
0.791984
0.791851
0.791717
0.791604
0.791525
0.79149
0.7915
0.791558
0.791657
0.791793
0.79195
0.792108
0.792221
0.792246
0.792071
0.791739
0.791169
0.79079
0.951073
0.952394
0.956714
0.960949
0.965834
0.970472
0.975054
0.979232
0.982797
0.985789
0.988069
0.989378
0.989751
0.988907
0.987278
0.984761
0.981591
0.977696
0.973253
0.968606
0.96346
0.9589
0.953785
0.952328
1.04231
1.04459
1.05129
1.0512
1.04262
1.02748
1.00905
0.991035
0.977276
0.970258
0.970356
0.977976
0.993826
1.00158
0.991549
0.979957
0.977642
0.984233
0.999284
1.01837
1.03478
1.04312
1.04385
1.04349
0.80835
0.80954
0.810546
0.81132
0.811937
0.812435
0.812838
0.813153
0.813388
0.813547
0.813642
0.813686
0.81369
0.813654
0.813565
0.813413
0.813184
0.812874
0.812478
0.811989
0.811387
0.810635
0.809647
0.808487
0.794746
0.793504
0.792511
0.792284
0.79264
0.793282
0.793966
0.794568
0.795042
0.79538
0.795587
0.795674
0.79566
0.795546
0.795316
0.794961
0.794471
0.793852
0.79314
0.792459
0.792044
0.792189
0.793086
0.79423
0.732478
0.732944
0.733266
0.733214
0.733046
0.732821
0.732632
0.732479
0.73237
0.732291
0.732238
0.732201
0.732179
0.73217
0.732178
0.732211
0.732275
0.732383
0.732526
0.732709
0.732836
0.732856
0.732501
0.732032
0.878458
0.877827
0.877061
0.876701
0.876478
0.876336
0.876286
0.876316
0.876381
0.876468
0.876552
0.876609
0.876614
0.876568
0.876497
0.876425
0.876379
0.876371
0.876444
0.876608
0.876852
0.877228
0.878002
0.878641
0.677551
0.67197
0.669378
0.670642
0.673018
0.675739
0.678276
0.680421
0.682062
0.683202
0.683883
0.684182
0.684271
0.684142
0.68362
0.682624
0.681111
0.67908
0.676644
0.674009
0.6717
0.670481
0.673063
0.678499
0.913881
0.915059
0.916903
0.917155
0.917344
0.917032
0.91683
0.916543
0.916339
0.91617
0.916062
0.916045
0.91606
0.916112
0.916261
0.916465
0.916702
0.917017
0.917243
0.917572
0.917391
0.917146
0.915301
0.914114
0.872382
0.872274
0.87338
0.873713
0.874166
0.874167
0.874197
0.874116
0.8741
0.87408
0.874097
0.874128
0.874134
0.874123
0.874131
0.874176
0.874217
0.874322
0.874314
0.874329
0.873885
0.873559
0.872453
0.872555
0.76815
0.767675
0.766987
0.766334
0.765725
0.765185
0.764721
0.764344
0.764057
0.763858
0.763743
0.763705
0.763731
0.763822
0.763984
0.764222
0.764539
0.764937
0.765416
0.765967
0.766582
0.76724
0.767929
0.768396
0.799721
0.799705
0.799704
0.799759
0.799887
0.800043
0.800199
0.80034
0.800456
0.800543
0.8006
0.800622
0.800606
0.800554
0.800472
0.800361
0.800223
0.800064
0.799892
0.799723
0.799587
0.799524
0.79952
0.79953
0.835844
0.835216
0.834575
0.834099
0.833658
0.833239
0.832931
0.832741
0.83265
0.832622
0.832628
0.832642
0.832643
0.83263
0.832625
0.832656
0.832751
0.832948
0.833265
0.833692
0.83415
0.834631
0.835268
0.835897
0.700783
0.693448
0.703166
0.7128
0.720217
0.725483
0.729316
0.732308
0.734953
0.737508
0.739816
0.741291
0.74131
0.739904
0.737705
0.735285
0.73279
0.729956
0.72628
0.721162
0.71386
0.704279
0.694505
0.70161
1.02921
1.02164
1.0194
1.01555
1.01051
1.00502
1.00042
0.997819
0.998135
1.00161
1.00776
1.01505
1.02227
1.02553
1.02202
1.0147
1.00802
1.00331
1.00205
1.00419
1.00874
1.01373
1.01599
1.02151
0.999948
0.997178
0.990044
0.981958
0.974728
0.969251
0.965673
0.96388
0.965199
0.969185
0.974111
0.978816
0.98338
0.984648
0.981047
0.977387
0.973497
0.97001
0.970375
0.975037
0.981619
0.989079
0.995197
0.997569
0.681613
0.675445
0.675394
0.678169
0.681637
0.685068
0.68809
0.690576
0.692485
0.693855
0.694734
0.695166
0.69525
0.694977
0.694248
0.693016
0.691231
0.68886
0.68594
0.682598
0.679208
0.676494
0.676605
0.682645
0.833012
0.832858
0.832885
0.832878
0.832922
0.832951
0.833015
0.833077
0.833151
0.833215
0.833271
0.833306
0.833322
0.833319
0.833296
0.833266
0.833226
0.833199
0.833168
0.83317
0.833154
0.833182
0.833167
0.83332
0.934803
0.935149
0.935821
0.936475
0.937127
0.937709
0.938216
0.938631
0.93899
0.939285
0.939487
0.939595
0.939608
0.939529
0.939356
0.939091
0.938763
0.938381
0.937907
0.937355
0.936732
0.936102
0.935447
0.935111
0.768352
0.767905
0.76919
0.769324
0.768743
0.766381
0.762501
0.757479
0.751907
0.746738
0.743455
0.743444
0.748763
0.749645
0.743814
0.742819
0.745792
0.750603
0.755577
0.759477
0.761637
0.762633
0.763056
0.764328
0.717033
0.715279
0.713391
0.712379
0.712853
0.713919
0.715316
0.716672
0.7178
0.718566
0.719023
0.719218
0.719234
0.719065
0.718613
0.717834
0.716709
0.715359
0.713977
0.712952
0.712499
0.71348
0.71539
0.717194
0.758761
0.758104
0.757417
0.756757
0.756296
0.755939
0.755672
0.755465
0.755311
0.755204
0.755139
0.755113
0.755124
0.755172
0.755259
0.755386
0.755558
0.755781
0.756062
0.75643
0.756902
0.757571
0.758271
0.758932
0.91823
0.91733
0.916915
0.917178
0.917926
0.918945
0.920183
0.921422
0.922617
0.923614
0.924369
0.924798
0.924882
0.924609
0.924019
0.923193
0.922176
0.921118
0.920074
0.91925
0.918749
0.918706
0.919448
0.920385
0.746096
0.745891
0.745556
0.74525
0.744958
0.744692
0.744452
0.744248
0.744084
0.743966
0.743896
0.743876
0.743906
0.743984
0.744109
0.744277
0.744487
0.744733
0.745009
0.745307
0.745625
0.74595
0.746297
0.746502
0.626146
0.621339
0.620216
0.620435
0.621363
0.622335
0.623199
0.623833
0.624228
0.624409
0.624459
0.624462
0.624577
0.624799
0.624958
0.624965
0.624732
0.624232
0.623477
0.622586
0.621718
0.621539
0.622715
0.627389
0.895258
0.895935
0.897608
0.898035
0.898352
0.898116
0.897936
0.897663
0.897486
0.897346
0.897283
0.8973
0.897308
0.89732
0.897418
0.897589
0.897797
0.898096
0.898298
0.89855
0.89824
0.897818
0.896144
0.895462
0.897889
0.897421
0.898694
0.898959
0.899327
0.899178
0.89912
0.898953
0.89886
0.898779
0.898742
0.898765
0.898777
0.898783
0.898856
0.898969
0.899094
0.899288
0.899369
0.899537
0.899178
0.898919
0.897644
0.898105
0.919275
0.918312
0.919129
0.919692
0.920443
0.920613
0.920802
0.920827
0.920885
0.920943
0.92102
0.921122
0.921128
0.92105
0.921006
0.92098
0.920955
0.92096
0.920798
0.920649
0.919912
0.919357
0.918545
0.91951
0.887024
0.886444
0.885921
0.885583
0.885593
0.88569
0.885975
0.886274
0.886634
0.886947
0.887218
0.887385
0.887427
0.887352
0.887179
0.886971
0.886723
0.88654
0.886377
0.886406
0.886521
0.886982
0.887612
0.888248
1.02968
1.0248
1.02897
1.02632
1.01794
1.00641
0.994574
0.984849
0.979094
0.978113
0.981779
0.989898
1.00354
1.00982
1.00073
0.98988
0.985112
0.98586
0.9927
1.00439
1.01662
1.025
1.02881
1.03234
0.637505
0.633088
0.631192
0.629354
0.628766
0.62862
0.628963
0.629476
0.630014
0.630446
0.630734
0.630861
0.630852
0.630715
0.630423
0.629985
0.629439
0.628914
0.628551
0.628689
0.629301
0.631153
0.633038
0.637492
1.02817
1.02286
1.02358
1.02161
1.01589
1.00822
1.00123
0.996692
0.995706
0.998737
1.00559
1.01463
1.02451
1.02828
1.02297
1.01361
1.00603
1.00212
1.00309
1.00834
1.01543
1.02058
1.02056
1.02279
0.778533
0.778324
0.777939
0.77757
0.777245
0.776973
0.776749
0.776571
0.776437
0.776343
0.776288
0.776267
0.776274
0.776311
0.776385
0.776496
0.776648
0.776841
0.77708
0.777366
0.777704
0.778084
0.778476
0.778684
0.952896
0.953736
0.95467
0.955037
0.955155
0.955227
0.955276
0.955283
0.955253
0.955213
0.955192
0.955203
0.955252
0.955333
0.955435
0.955543
0.955636
0.955692
0.955705
0.955686
0.955602
0.955242
0.954304
0.953478
0.88291
0.8834
0.884736
0.885166
0.885604
0.885604
0.885664
0.885604
0.885599
0.885587
0.885606
0.885643
0.885651
0.885636
0.885644
0.885683
0.885715
0.885801
0.885763
0.885781
0.885354
0.884931
0.883593
0.883096
0.732364
0.732222
0.732171
0.732371
0.732601
0.732835
0.733037
0.733198
0.733319
0.733403
0.733458
0.733486
0.733476
0.733442
0.733391
0.733317
0.733216
0.733081
0.732911
0.732713
0.732521
0.732353
0.732427
0.732576
0.957002
0.957367
0.95899
0.960754
0.963008
0.965266
0.967477
0.969667
0.97194
0.974208
0.97633
0.978109
0.979363
0.979988
0.979772
0.978597
0.976706
0.974326
0.971538
0.968512
0.96531
0.962634
0.960074
0.959409
0.793024
0.792957
0.793114
0.793665
0.794352
0.79497
0.795499
0.795928
0.796258
0.796492
0.796632
0.796682
0.796643
0.796518
0.796312
0.796024
0.79565
0.795185
0.79463
0.793996
0.793304
0.792772
0.792639
0.79272
0.801282
0.801222
0.801212
0.801226
0.801272
0.801328
0.801387
0.80144
0.801482
0.801511
0.801525
0.801524
0.801506
0.801475
0.80143
0.801374
0.801307
0.801233
0.801159
0.801094
0.801045
0.80103
0.80104
0.8011
0.950602
0.952053
0.955589
0.959121
0.963121
0.966865
0.970512
0.97382
0.97677
0.979211
0.981088
0.982208
0.982588
0.982072
0.980852
0.978893
0.976334
0.973272
0.969729
0.965956
0.961723
0.957948
0.953804
0.952262
0.70723
0.700138
0.707375
0.716267
0.723207
0.728123
0.731743
0.734722
0.737502
0.740298
0.743062
0.744987
0.744994
0.743096
0.740443
0.737784
0.735161
0.732348
0.728899
0.724142
0.717321
0.708456
0.701128
0.708016
1.03461
1.02961
1.02766
1.02424
1.0195
1.01397
1.00899
1.0058
1.00528
1.00768
1.01251
1.01828
1.02387
1.02661
1.02401
1.01866
1.01366
1.01025
1.00984
1.01237
1.01677
1.02131
1.02333
1.02715
0.93955
0.939763
0.940006
0.939935
0.939744
0.93955
0.939375
0.939194
0.939005
0.938826
0.938687
0.938612
0.938626
0.938728
0.938897
0.939109
0.93934
0.939568
0.939794
0.940036
0.940266
0.940361
0.940132
0.939941
0.884155
0.88425
0.884145
0.884141
0.884106
0.884092
0.884078
0.884068
0.884059
0.884053
0.884048
0.884046
0.884046
0.884049
0.884053
0.88406
0.884068
0.884079
0.884093
0.884107
0.884142
0.884146
0.884251
0.884156
-0.0283603
-0.0271384
-0.0255504
-0.0248214
-0.0240672
-0.024249
-0.0245306
-0.0251504
-0.0257087
-0.0263117
-0.0268911
-0.027509
-0.0279861
-0.0280437
-0.0275564
-0.0268234
-0.0260903
-0.0253976
-0.0249752
-0.0248554
-0.0254169
-0.0263595
-0.0276316
-0.02861
-0.0297625
-0.0280371
-0.0259373
-0.0251382
-0.0243962
-0.0246505
-0.0249371
-0.0255593
-0.0261368
-0.0267591
-0.0273478
-0.0279742
-0.0285061
-0.0285974
-0.0280682
-0.027316
-0.0266011
-0.0259558
-0.0255849
-0.025457
-0.0260019
-0.0270483
-0.028683
-0.0300101
0.887884
0.887982
0.887869
0.887857
0.887818
0.887797
0.887779
0.887764
0.887752
0.887743
0.887737
0.887734
0.887734
0.887737
0.887743
0.887752
0.887764
0.887779
0.887798
0.887818
0.887858
0.88787
0.887982
0.887885
-0.0164317
-0.0152414
-0.013961
-0.0129744
-0.0122569
-0.011976
-0.0119739
-0.0122922
-0.0127848
-0.0134306
-0.0141036
-0.0147192
-0.0151072
-0.0150581
-0.0145638
-0.0138183
-0.0130489
-0.0124906
-0.0122928
-0.012496
-0.0131398
-0.0141708
-0.015397
-0.016477
1.02936
1.02838
1.03347
1.03261
1.02543
1.01472
1.00433
0.996588
0.99305
0.99456
1.00126
1.01185
1.02496
1.02956
1.02189
1.01031
1.00277
1.00093
1.0055
1.01494
1.02524
1.03066
1.02824
1.0266
0.852345
0.852078
0.852715
0.852571
0.85261
0.852344
0.852184
0.851966
0.851853
0.851755
0.851719
0.85172
0.851728
0.851751
0.851815
0.851939
0.85208
0.852323
0.852504
0.852789
0.852758
0.85291
0.852272
0.852538
0.929344
0.929608
0.931512
0.933115
0.934616
0.936076
0.937634
0.939164
0.940615
0.941836
0.942759
0.943291
0.943389
0.943037
0.942321
0.941303
0.94006
0.938726
0.937372
0.93609
0.93483
0.933345
0.931903
0.931759
0.854878
0.85412
0.854674
0.854647
0.854844
0.854726
0.854697
0.854572
0.854524
0.854475
0.854468
0.854478
0.854486
0.854496
0.854528
0.854601
0.854674
0.854823
0.854874
0.85501
0.854823
0.854857
0.854302
0.855055
0.883466
0.880686
0.879451
0.878736
0.878509
0.878549
0.878847
0.87916
0.879538
0.879853
0.880115
0.880266
0.88031
0.88025
0.880086
0.879874
0.879607
0.87941
0.879235
0.879327
0.879677
0.880519
0.881874
0.884748
0.847828
0.846675
0.846801
0.846554
0.846606
0.846441
0.846415
0.846311
0.846302
0.846286
0.846311
0.846337
0.846346
0.846342
0.846345
0.846389
0.846428
0.84656
0.846614
0.846801
0.846763
0.847024
0.846901
0.848054
0.837472
0.835538
0.834065
0.83337
0.833096
0.832959
0.832917
0.832885
0.832911
0.832983
0.833033
0.833051
0.833055
0.833046
0.833004
0.832941
0.832924
0.832968
0.833022
0.833173
0.833461
0.834169
0.835647
0.837588
0.883601
0.883561
0.884586
0.885013
0.885569
0.885703
0.885865
0.885885
0.885946
0.885988
0.886046
0.886105
0.88611
0.886072
0.886039
0.886023
0.885989
0.885994
0.885856
0.885742
0.885197
0.884778
0.883755
0.883789
0.890482
0.890234
0.889877
0.889653
0.889803
0.890101
0.890573
0.891067
0.891587
0.892037
0.892394
0.892608
0.892655
0.892541
0.89229
0.891955
0.891556
0.891191
0.890852
0.890693
0.890685
0.891046
0.891523
0.891828
0.799657
0.799546
0.799236
0.798881
0.798622
0.798454
0.798347
0.798279
0.798239
0.798216
0.798207
0.798205
0.798201
0.798196
0.798196
0.798202
0.798224
0.79827
0.798355
0.798503
0.798741
0.799072
0.799356
0.79946
0.8483
0.847941
0.848246
0.848117
0.84818
0.848
0.847941
0.847819
0.847793
0.847771
0.847797
0.847828
0.847836
0.847828
0.84783
0.847882
0.847938
0.848091
0.848178
0.848381
0.848335
0.848477
0.848175
0.848533
0.815322
0.815283
0.813521
0.811325
0.809408
0.807904
0.806696
0.805726
0.80496
0.804461
0.804141
0.804202
0.804202
0.804153
0.804491
0.805004
0.805784
0.806761
0.807973
0.809477
0.811392
0.813583
0.815335
0.81536
0.982821
0.982816
0.983041
0.982793
0.9824
0.981857
0.981255
0.980679
0.980202
0.979835
0.979632
0.9796
0.97961
0.979671
0.979911
0.980317
0.980835
0.981445
0.982077
0.982643
0.983053
0.983314
0.983093
0.98309
0.526029
0.526685
0.527434
0.52854
0.52968
0.530812
0.531842
0.532807
0.533652
0.53441
0.534964
0.535328
0.535301
0.53488
0.534275
0.533478
0.532605
0.531623
0.530584
0.529451
0.528312
0.527214
0.52646
0.525812
0.763327
0.76257
0.761273
0.760074
0.759056
0.758247
0.757609
0.757165
0.756885
0.756808
0.756817
0.757014
0.757004
0.756796
0.756785
0.75686
0.757138
0.75758
0.758212
0.759016
0.760023
0.761223
0.762504
0.763272
0.757129
0.756128
0.75468
0.753498
0.75256
0.751875
0.751377
0.751043
0.750845
0.750811
0.750845
0.751021
0.75101
0.750821
0.750781
0.750809
0.751003
0.751333
0.751823
0.752501
0.753417
0.754594
0.756022
0.757045
0.912397
0.912158
0.911978
0.911579
0.911212
0.910879
0.910594
0.91036
0.910175
0.910039
0.90995
0.909905
0.909905
0.90995
0.910039
0.910175
0.91036
0.910594
0.910879
0.911212
0.911579
0.911978
0.912158
0.912397
-0.0194627
-0.0187322
-0.0173465
-0.0161392
-0.0152364
-0.0149267
-0.0149701
-0.0154087
-0.0159836
-0.0166594
-0.0172525
-0.0177227
-0.0179852
-0.0180074
-0.0177217
-0.0171901
-0.0165591
-0.0159758
-0.0156905
-0.0158303
-0.016565
-0.0177246
-0.0190372
-0.0198146
0.956703
0.957474
0.961572
0.965627
0.970281
0.974601
0.978824
0.982812
0.986331
0.989252
0.99148
0.992725
0.993219
0.992701
0.991328
0.98894
0.985864
0.982151
0.978025
0.973645
0.968662
0.964244
0.959364
0.958539
0.858605
0.858566
0.859324
0.860265
0.861136
0.861804
0.862263
0.862547
0.862714
0.862798
0.862834
0.862851
0.862861
0.862863
0.862848
0.86279
0.862652
0.862404
0.861988
0.861369
0.860544
0.859649
0.858925
0.858993
0.512668
0.512715
0.51249
0.51255
0.512649
0.512876
0.513102
0.513369
0.513615
0.513894
0.514106
0.514322
0.514329
0.514127
0.513931
0.513675
0.513456
0.513223
0.513031
0.512839
0.51277
0.512738
0.512985
0.51296
0.508817
0.508579
0.508283
0.50821
0.508134
0.508154
0.508176
0.508258
0.508352
0.508511
0.508647
0.508811
0.508831
0.508705
0.508607
0.508493
0.508445
0.508413
0.508441
0.508469
0.508587
0.508696
0.509017
0.509276
0.769079
0.768901
0.768595
0.76832
0.768054
0.767811
0.767596
0.767417
0.767275
0.767174
0.767114
0.767093
0.767105
0.767152
0.76724
0.767367
0.767533
0.767734
0.767969
0.768228
0.768509
0.768796
0.769109
0.769285
0.828906
0.829267
0.828884
0.828232
0.827513
0.826911
0.826477
0.82619
0.826012
0.825903
0.825849
0.825835
0.825842
0.825871
0.825931
0.82603
0.826197
0.826474
0.826904
0.827504
0.828218
0.828863
0.829242
0.828877
0.914173
0.913822
0.913448
0.913477
0.913976
0.914708
0.915659
0.91662
0.917568
0.918355
0.918954
0.919294
0.919372
0.919178
0.91873
0.918099
0.917317
0.916527
0.915762
0.915226
0.914957
0.915146
0.915837
0.91617
0.85101
0.848822
0.849015
0.848735
0.848768
0.848608
0.848575
0.848467
0.848442
0.848403
0.848409
0.848428
0.848438
0.84844
0.848464
0.848528
0.84858
0.848712
0.848768
0.848948
0.848923
0.849211
0.849016
0.8512
0.98668
0.989572
0.991479
0.991619
0.991078
0.990231
0.989429
0.988683
0.988047
0.987562
0.987243
0.987204
0.987224
0.987316
0.987699
0.988236
0.988921
0.989705
0.990537
0.991406
0.991963
0.991835
0.989932
0.987022
0.982797
0.98582
0.987969
0.988275
0.987803
0.986947
0.986135
0.985389
0.984764
0.984301
0.984003
0.98397
0.983989
0.984073
0.984431
0.984946
0.985619
0.986402
0.987244
0.988119
0.988606
0.98831
0.986167
0.983133
0.988772
0.985932
0.983949
0.981759
0.98024
0.979013
0.978034
0.977048
0.976559
0.977337
0.979417
0.982942
0.986428
0.989585
0.991439
0.992531
0.991301
0.990106
0.988597
0.987362
0.987284
0.98849
0.989843
0.99313
0.878297
0.878477
0.876683
0.874018
0.87148
0.869374
0.867575
0.866046
0.864769
0.863829
0.863203
0.863149
0.863154
0.863233
0.863893
0.864861
0.866164
0.867711
0.869523
0.871635
0.874178
0.876841
0.878633
0.878434
0.760299
0.760317
0.760173
0.759954
0.759699
0.75946
0.759251
0.75908
0.758946
0.75885
0.758791
0.758769
0.758779
0.758825
0.758911
0.759034
0.759194
0.759389
0.75962
0.759876
0.760145
0.760374
0.760528
0.760514
0.982372
0.985427
0.987489
0.987786
0.987351
0.986578
0.985827
0.98513
0.984542
0.984107
0.983829
0.983798
0.983816
0.983896
0.984232
0.984718
0.985353
0.986088
0.986868
0.987663
0.988113
0.987827
0.985771
0.982707
0.93963
0.93746
0.935575
0.934309
0.9332
0.932176
0.931226
0.930391
0.929704
0.929194
0.928903
0.928849
0.928852
0.928917
0.929232
0.929772
0.930497
0.931371
0.932358
0.933412
0.934545
0.935829
0.937722
0.939888
0.795854
0.79577
0.796168
0.796723
0.797682
0.798862
0.800045
0.801071
0.801865
0.802421
0.802759
0.802905
0.802866
0.802649
0.802251
0.801643
0.800804
0.799737
0.798514
0.797295
0.796302
0.795742
0.79539
0.795479
0.912852
0.91267
0.912628
0.912296
0.911971
0.911663
0.911396
0.911173
0.910998
0.910867
0.910781
0.910738
0.910739
0.910781
0.910867
0.910998
0.911173
0.911396
0.911663
0.911971
0.912296
0.912628
0.91267
0.912852
-0.0386953
-0.0398757
-0.0399322
-0.039236
-0.038388
-0.0378329
-0.0374974
-0.0374878
-0.0375225
-0.0375471
-0.0374399
-0.0372692
-0.0371114
-0.0371847
-0.0374459
-0.0376616
-0.0377741
-0.0378681
-0.0381516
-0.0386309
-0.0392984
-0.0397896
-0.0394562
-0.0380736
0.837875
0.834291
0.831764
0.831037
0.832248
0.834867
0.838149
0.841446
0.844306
0.846423
0.847598
0.847879
0.847749
0.847169
0.845658
0.843328
0.840399
0.837151
0.834006
0.831569
0.830533
0.831367
0.833915
0.837452
0.968646
0.968987
0.969179
0.968848
0.968313
0.967755
0.967268
0.966909
0.966688
0.966584
0.966567
0.966575
0.966586
0.96665
0.966791
0.967023
0.967368
0.967836
0.96841
0.969032
0.969612
0.969965
0.969759
0.969403
0.54823
0.546876
0.546128
0.545119
0.544074
0.542897
0.541722
0.540686
0.539862
0.539259
0.538889
0.538734
0.538705
0.53882
0.539171
0.539762
0.540587
0.541634
0.542827
0.544026
0.545096
0.546131
0.546936
0.548284
0.867162
0.865903
0.865465
0.86493
0.864684
0.864466
0.864478
0.864505
0.864632
0.864744
0.864865
0.864944
0.864971
0.864955
0.864901
0.864859
0.864806
0.864856
0.864922
0.865216
0.865533
0.866132
0.866624
0.867915
0.853199
0.851676
0.85092
0.850325
0.850191
0.85007
0.850156
0.850207
0.850332
0.850427
0.850526
0.850584
0.8506
0.850578
0.850518
0.850465
0.850382
0.850378
0.850333
0.850493
0.850661
0.851285
0.852064
0.853599
0.789024
0.788205
0.787517
0.786828
0.786407
0.786157
0.786072
0.786079
0.786138
0.786212
0.78628
0.786325
0.786341
0.786328
0.786291
0.786246
0.786211
0.786226
0.786325
0.786582
0.787004
0.787688
0.788367
0.789168
0.852326
0.851777
0.852217
0.852068
0.852156
0.851947
0.851857
0.851691
0.851621
0.851558
0.851547
0.851559
0.851567
0.851576
0.851613
0.851702
0.851798
0.851988
0.852101
0.852327
0.852248
0.852405
0.851965
0.852514
0.983843
0.981557
0.980783
0.979901
0.97955
0.97915
0.978853
0.978434
0.978587
0.979314
0.981007
0.984142
0.987762
0.991519
0.994424
0.997498
0.994851
0.992041
0.989715
0.987797
0.986286
0.985819
0.985674
0.988226
0.0925274
0.0934457
0.0823813
0.0670649
0.0557926
0.0494318
0.0473691
0.0484513
0.0516856
0.055825
0.0596485
0.0621752
0.0628544
0.0619401
0.0597356
0.0569315
0.0543255
0.0533927
0.0552627
0.0611834
0.0718336
0.0864584
0.0967315
0.094445
0.868688
0.868871
0.869359
0.86983
0.870177
0.870488
0.870772
0.871049
0.871296
0.871499
0.871641
0.871713
0.871715
0.871643
0.8715
0.871294
0.871044
0.870765
0.870476
0.87016
0.869807
0.869328
0.868832
0.868644
0.83409
0.831185
0.829028
0.828163
0.82892
0.831053
0.833879
0.836817
0.839449
0.841505
0.842814
0.843302
0.843164
0.842406
0.840861
0.838662
0.835988
0.833096
0.830382
0.828397
0.827777
0.82872
0.830885
0.833748
0.972975
0.973722
0.9741
0.974119
0.973875
0.973446
0.972906
0.972339
0.971825
0.971429
0.971207
0.971159
0.971273
0.971543
0.971952
0.972474
0.973072
0.973692
0.974262
0.974713
0.97498
0.974974
0.974592
0.973837
0.867876
0.868503
0.869373
0.870159
0.870843
0.871386
0.871815
0.872129
0.872347
0.872489
0.872573
0.872615
0.872626
0.872608
0.872548
0.872435
0.872248
0.87197
0.871582
0.871083
0.870445
0.869707
0.86888
0.868283
0.843972
0.843677
0.843498
0.84336
0.843325
0.843356
0.843447
0.843563
0.843692
0.843812
0.843913
0.843983
0.844018
0.844018
0.843987
0.843937
0.843878
0.84383
0.843805
0.843837
0.843929
0.844115
0.84433
0.844645
0.926875
0.92635
0.92649
0.927338
0.928773
0.930454
0.932281
0.934048
0.935685
0.937047
0.938067
0.938651
0.938754
0.938369
0.937565
0.936412
0.934985
0.933414
0.931786
0.930277
0.929065
0.92836
0.928559
0.929056
0.893097
0.893581
0.894542
0.895022
0.895573
0.895816
0.896062
0.89618
0.896304
0.896397
0.896485
0.89655
0.896557
0.896512
0.896447
0.896378
0.896281
0.89619
0.895967
0.895746
0.895211
0.894743
0.893788
0.893302
0.908935
0.908959
0.90894
0.908804
0.908697
0.908571
0.908452
0.908344
0.908253
0.908181
0.908132
0.908107
0.908107
0.908132
0.908181
0.908253
0.908344
0.908452
0.908571
0.908697
0.908804
0.90894
0.908959
0.908935
0.802015
0.802038
0.801921
0.801735
0.801549
0.801369
0.801207
0.801067
0.800951
0.800858
0.800791
0.800751
0.800731
0.800733
0.800764
0.800823
0.80091
0.801026
0.801171
0.801339
0.801521
0.801707
0.80182
0.801797
0.689502
0.689319
0.688829
0.688623
0.688316
0.688055
0.687834
0.687721
0.6877
0.687788
0.687889
0.688
0.687972
0.687802
0.687645
0.687502
0.687472
0.687534
0.687705
0.687922
0.688199
0.688389
0.688862
0.689047
0.995051
0.994413
0.99146
0.986696
0.981878
0.977618
0.974156
0.971677
0.969182
0.970054
0.973151
0.976224
0.977845
0.978579
0.977933
0.975196
0.970475
0.969408
0.971235
0.975687
0.980308
0.985171
0.98894
0.990872
0.968765
0.967448
0.96654
0.965942
0.966142
0.966961
0.968516
0.970812
0.973898
0.977622
0.981716
0.985702
0.988749
0.989953
0.987915
0.984921
0.980753
0.976616
0.973002
0.970225
0.968327
0.967682
0.9677
0.969109
0.919935
0.920234
0.921005
0.921911
0.922814
0.923578
0.924244
0.924805
0.925286
0.925671
0.925929
0.926065
0.926077
0.925964
0.925731
0.925373
0.924922
0.924392
0.923757
0.923027
0.922157
0.92128
0.920535
0.920255
0.850977
0.850583
0.850452
0.850399
0.850465
0.850559
0.850703
0.850852
0.85101
0.85115
0.851267
0.851341
0.85137
0.851354
0.851299
0.851221
0.851127
0.851045
0.850967
0.850939
0.850934
0.851039
0.851204
0.851609
0.567405
0.565913
0.563732
0.561853
0.560206
0.558777
0.55751
0.556379
0.555385
0.554566
0.553987
0.553723
0.553848
0.554357
0.555169
0.556198
0.557377
0.558662
0.560053
0.561576
0.563293
0.565217
0.567423
0.568901
0.995516
0.995554
0.992649
0.9875
0.982221
0.977834
0.974539
0.971693
0.969842
0.971571
0.974838
0.977798
0.979254
0.979893
0.979425
0.977008
0.972093
0.96987
0.971767
0.976196
0.981231
0.98653
0.99045
0.992029
0.977915
0.977927
0.978127
0.978247
0.97821
0.978029
0.977765
0.977487
0.977256
0.977108
0.977038
0.97704
0.977051
0.977077
0.977178
0.97736
0.977626
0.977938
0.978232
0.978439
0.978496
0.978394
0.978203
0.978193
0.513386
0.512371
0.51094
0.509219
0.507433
0.505652
0.503948
0.502401
0.501086
0.500058
0.499379
0.499073
0.499137
0.499574
0.500385
0.501545
0.502986
0.50465
0.50646
0.508347
0.510239
0.512068
0.513584
0.514658
0.699936
0.693894
0.703689
0.713478
0.72087
0.726151
0.730009
0.733037
0.735701
0.738237
0.740516
0.74197
0.741988
0.740603
0.738432
0.736026
0.733508
0.730633
0.726929
0.721792
0.714516
0.704784
0.694948
0.70079
1.03165
1.02379
1.02002
1.01535
1.01047
1.00561
1.00166
0.99962
1.00022
1.00348
1.00899
1.01532
1.0213
1.02444
1.02154
1.01531
1.00944
1.00489
1.00316
1.00442
1.00822
1.01315
1.0168
1.02331
0.649098
0.645854
0.656089
0.66284
0.668709
0.67241
0.675127
0.677054
0.67858
0.67983
0.68084
0.681427
0.681507
0.681101
0.680268
0.679189
0.677824
0.676047
0.673465
0.669872
0.664076
0.65735
0.647087
0.650167
0.880577
0.882489
0.883762
0.884347
0.884668
0.884954
0.885248
0.885571
0.885881
0.886143
0.886322
0.886406
0.88641
0.886327
0.886144
0.885876
0.885559
0.885231
0.884931
0.884638
0.884304
0.883702
0.882414
0.880492
0.234759
0.231208
0.224097
0.214788
0.207696
0.202934
0.200617
0.200449
0.201907
0.204272
0.206866
0.20913
0.210699
0.210654
0.208535
0.206403
0.204966
0.205105
0.207437
0.212301
0.219562
0.229284
0.237045
0.241135
0.886948
0.887896
0.889615
0.889937
0.890146
0.889966
0.88987
0.889682
0.88957
0.889471
0.889421
0.889419
0.88943
0.889459
0.88954
0.889668
0.889808
0.890022
0.89014
0.890336
0.890136
0.88982
0.888098
0.887141
0.977837
0.978597
0.979369
0.979444
0.979302
0.978964
0.978591
0.978219
0.977911
0.977695
0.97757
0.977558
0.977574
0.977625
0.977794
0.978052
0.978403
0.978813
0.979219
0.979582
0.979744
0.979685
0.978921
0.978157
0.825722
0.825484
0.825468
0.825432
0.825453
0.825464
0.82551
0.825554
0.825609
0.825656
0.825697
0.825723
0.825737
0.825738
0.825724
0.825704
0.825676
0.825659
0.825639
0.825652
0.825651
0.825701
0.825725
0.825961
0.922856
0.923253
0.923784
0.924344
0.924875
0.925334
0.925732
0.926041
0.926282
0.926469
0.92662
0.926705
0.926718
0.926661
0.926537
0.926379
0.926169
0.925892
0.925525
0.925097
0.924595
0.924061
0.923546
0.923159
0.764717
0.764784
0.76418
0.763558
0.762883
0.762125
0.761541
0.761159
0.760915
0.76076
0.760681
0.760648
0.76064
0.760654
0.760712
0.760846
0.76107
0.761428
0.761983
0.762733
0.763504
0.764143
0.7647
0.764541
0.820813
0.820713
0.820774
0.820782
0.820818
0.820834
0.820878
0.820921
0.820974
0.82102
0.821058
0.821082
0.821094
0.821093
0.821077
0.821055
0.821025
0.821003
0.82098
0.820982
0.820962
0.820965
0.82091
0.821007
0.833967
0.833547
0.833575
0.833711
0.833913
0.834073
0.834217
0.834314
0.834387
0.834431
0.834461
0.834476
0.834484
0.834486
0.834474
0.834449
0.834397
0.834323
0.834202
0.834066
0.833886
0.833765
0.833744
0.834156
0.940407
0.941024
0.942526
0.944337
0.946492
0.948707
0.951004
0.953225
0.955367
0.957305
0.958883
0.959955
0.960453
0.960305
0.959556
0.958208
0.9564
0.954336
0.951997
0.94959
0.947113
0.944941
0.942972
0.942146
0.870871
0.870233
0.869809
0.86943
0.869379
0.869346
0.869492
0.869631
0.869842
0.870023
0.870192
0.870296
0.870326
0.870288
0.87019
0.870085
0.869954
0.869899
0.869839
0.869958
0.870091
0.870547
0.871032
0.871697
0.746177
0.746202
0.74638
0.746847
0.747347
0.747837
0.748263
0.748604
0.748858
0.74903
0.74913
0.749163
0.749119
0.749023
0.748888
0.7487
0.748447
0.748119
0.747714
0.747248
0.746772
0.746319
0.746151
0.746131
0.939044
0.939597
0.941235
0.943307
0.945936
0.948641
0.951364
0.953889
0.956147
0.95801
0.959404
0.960224
0.960436
0.960009
0.959013
0.957486
0.955519
0.953211
0.950646
0.948018
0.945429
0.943355
0.94162
0.94133
0.960578
0.961499
0.962861
0.963546
0.963965
0.964034
0.964011
0.963899
0.963804
0.963757
0.963754
0.9638
0.963811
0.963795
0.963834
0.963918
0.964051
0.964198
0.964252
0.96421
0.963812
0.963144
0.961791
0.960871
0.869945
0.868916
0.868406
0.867898
0.867743
0.867622
0.8677
0.867781
0.867953
0.868103
0.868254
0.868351
0.868379
0.868347
0.868266
0.86819
0.868096
0.868096
0.868102
0.868306
0.868538
0.869118
0.869687
0.87075
0.581909
0.580583
0.57855
0.576949
0.575561
0.57453
0.573725
0.573128
0.57266
0.572332
0.572116
0.572065
0.57217
0.572426
0.572834
0.573338
0.57396
0.574689
0.575603
0.576719
0.578168
0.579804
0.581857
0.583177
0.962419
0.961927
0.962677
0.963636
0.965102
0.966729
0.968662
0.970858
0.973377
0.976143
0.978975
0.981585
0.983506
0.984597
0.984143
0.982589
0.980143
0.977304
0.9743
0.971379
0.968568
0.966462
0.964763
0.965107
0.918506
0.918208
0.918786
0.919478
0.9205
0.921692
0.923146
0.924852
0.926768
0.928786
0.930774
0.932462
0.933474
0.93355
0.932527
0.930768
0.928578
0.926223
0.923925
0.921841
0.919926
0.918434
0.917048
0.917082
0.992526
0.990752
0.986945
0.981982
0.977062
0.972498
0.968297
0.964556
0.962953
0.964221
0.970466
0.975876
0.978863
0.979673
0.978655
0.974712
0.967564
0.965063
0.965452
0.97132
0.977332
0.983367
0.98783
0.990571
1.03717
1.04124
1.04964
1.04958
1.04058
1.02618
1.01132
0.999229
0.992087
0.99127
0.997227
1.00902
1.02535
1.03087
1.02118
1.00789
1.00083
1.00149
1.01029
1.02451
1.03832
1.0442
1.03995
1.0353
0.587858
0.588726
0.58861
0.588848
0.589313
0.590031
0.590762
0.59146
0.592029
0.592519
0.592825
0.593074
0.593038
0.592718
0.592346
0.591797
0.591176
0.590431
0.589658
0.588903
0.588405
0.588133
0.588219
0.587342
0.794095
0.794169
0.794159
0.794076
0.793995
0.793944
0.79392
0.793914
0.793916
0.793921
0.793925
0.793927
0.793919
0.793905
0.793891
0.793876
0.793867
0.793868
0.793891
0.793945
0.79403
0.794117
0.794131
0.794058
0.789816
0.789946
0.789931
0.789832
0.789722
0.789633
0.789568
0.789524
0.789496
0.789478
0.789466
0.789459
0.789449
0.789443
0.789448
0.789462
0.78949
0.789537
0.789608
0.789704
0.789822
0.789928
0.78995
0.789824
0.908726
0.908637
0.908491
0.908297
0.908147
0.908003
0.907872
0.907756
0.907659
0.907585
0.907534
0.907508
0.907508
0.907534
0.907585
0.907659
0.907756
0.907872
0.908003
0.908148
0.908297
0.908491
0.908637
0.908726
0.857246
0.856596
0.856418
0.856007
0.85589
0.855674
0.855618
0.855541
0.85557
0.855605
0.855681
0.855741
0.855757
0.855738
0.85571
0.855727
0.855751
0.855881
0.855991
0.856253
0.856411
0.85686
0.857063
0.857724
0.479117
0.478571
0.477832
0.477367
0.477392
0.478047
0.479115
0.480342
0.481553
0.482546
0.48322
0.483528
0.483469
0.483041
0.482254
0.481176
0.479927
0.478717
0.477697
0.477156
0.477176
0.477692
0.47843
0.479017
0.634514
0.630385
0.628254
0.626063
0.625022
0.624367
0.624196
0.624229
0.624401
0.624585
0.624763
0.624857
0.624859
0.624778
0.624629
0.624465
0.624318
0.624306
0.62449
0.625145
0.626157
0.62828
0.63037
0.63449
1.02503
1.0222
1.01598
1.00808
0.99809
0.987237
0.976994
0.968965
0.964769
0.964149
0.966247
0.970406
0.977556
0.979919
0.974922
0.96957
0.966826
0.967332
0.972425
0.983126
0.996099
1.0079
1.01638
1.01955
0.680874
0.672921
0.674999
0.678621
0.682738
0.686486
0.689668
0.69222
0.694162
0.695549
0.696441
0.696863
0.696947
0.696689
0.695951
0.694707
0.692893
0.690459
0.687386
0.683735
0.679705
0.676159
0.674197
0.682025
0.852047
0.851272
0.851363
0.851053
0.850939
0.850679
0.850595
0.850474
0.85046
0.850448
0.850485
0.850518
0.850532
0.850532
0.850534
0.850586
0.850641
0.850803
0.850926
0.85122
0.851361
0.851695
0.851615
0.852397
0.649037
0.645788
0.642228
0.64086
0.640625
0.641206
0.642058
0.642953
0.643694
0.644244
0.644585
0.644785
0.644885
0.644875
0.644712
0.644319
0.643716
0.642937
0.642178
0.641667
0.641945
0.643327
0.646864
0.65007
0.705764
0.697549
0.705985
0.715203
0.722352
0.727376
0.731024
0.733942
0.736646
0.739387
0.742006
0.743776
0.743788
0.742058
0.739547
0.736943
0.734399
0.73165
0.72817
0.723303
0.716274
0.707095
0.698566
0.706545
1.03223
1.02543
1.02287
1.01967
1.01484
1.00917
1.00424
1.00131
1.00125
1.00441
1.0103
1.01731
1.02429
1.0274
1.02398
1.01718
1.01089
1.00657
1.00575
1.00827
1.01297
1.01775
1.01973
1.02455
1.01676
1.01061
1.00675
1.00113
0.994069
0.986806
0.980685
0.976873
0.975975
0.97792
0.98275
0.990042
0.99928
1.00247
0.996315
0.988288
0.982815
0.980559
0.982045
0.987596
0.995229
1.00284
1.00954
1.01312
0.512646
0.513291
0.514456
0.516058
0.517971
0.520034
0.522084
0.523977
0.525597
0.52687
0.527719
0.528098
0.528008
0.527442
0.526404
0.524955
0.523174
0.521137
0.518961
0.516787
0.514785
0.513125
0.511953
0.511355
0.932322
0.933353
0.935443
0.935681
0.935829
0.935452
0.935204
0.934893
0.934659
0.934475
0.934351
0.93434
0.934356
0.934407
0.934575
0.934798
0.935069
0.935411
0.935682
0.93608
0.93594
0.935711
0.933622
0.932582
0.919929
0.92081
0.922033
0.922582
0.923126
0.923173
0.923223
0.923133
0.923095
0.923082
0.92311
0.923184
0.92319
0.923144
0.923151
0.923197
0.923268
0.923388
0.923361
0.923335
0.922804
0.922265
0.921048
0.920167
0.950245
0.951288
0.952941
0.953605
0.953927
0.953757
0.953579
0.953361
0.953204
0.953123
0.95311
0.953193
0.953202
0.953151
0.953206
0.953328
0.953524
0.953778
0.953986
0.954181
0.953875
0.953221
0.951572
0.950526
0.837367
0.837152
0.83745
0.837567
0.837711
0.837738
0.837788
0.837799
0.837837
0.837863
0.837894
0.837913
0.837922
0.837921
0.83791
0.837905
0.837888
0.8379
0.837871
0.837864
0.837737
0.837631
0.837332
0.837533
0.848378
0.847822
0.847707
0.847449
0.847487
0.847407
0.847469
0.847471
0.847548
0.847604
0.847679
0.847728
0.84774
0.847719
0.847677
0.847657
0.847617
0.847652
0.847626
0.847738
0.847727
0.848008
0.848137
0.848692
0.804577
0.803893
0.804319
0.805636
0.807173
0.808575
0.809665
0.810415
0.810884
0.811153
0.811288
0.811329
0.811296
0.811192
0.810999
0.810684
0.810183
0.809419
0.808333
0.806947
0.805419
0.804089
0.803642
0.804345
0.827394
0.827276
0.827342
0.827342
0.827421
0.827508
0.827637
0.827752
0.827864
0.827952
0.828018
0.828053
0.828062
0.828045
0.827998
0.827931
0.827839
0.827745
0.827637
0.827567
0.827503
0.827513
0.827451
0.827561
0.904618
0.903661
0.903175
0.902903
0.903006
0.90332
0.903898
0.904524
0.905189
0.905751
0.906192
0.90644
0.906507
0.906385
0.906079
0.905657
0.905141
0.904672
0.904261
0.904124
0.904213
0.904666
0.905403
0.906342
0.965154
0.965942
0.969513
0.972937
0.976886
0.980427
0.983808
0.986714
0.989261
0.991392
0.993001
0.994156
0.99504
0.99528
0.994692
0.993281
0.991232
0.988557
0.985156
0.981411
0.976998
0.973095
0.968808
0.967966
0.967784
0.968286
0.971455
0.974577
0.978271
0.981613
0.984807
0.987534
0.989948
0.992071
0.993794
0.995176
0.996323
0.996879
0.99607
0.994595
0.992649
0.99011
0.986839
0.983231
0.979024
0.975371
0.971501
0.970999
0.850351
0.849071
0.848788
0.848411
0.848408
0.848279
0.848293
0.848247
0.848292
0.848327
0.848394
0.848445
0.848457
0.848436
0.848404
0.848407
0.848401
0.848486
0.848509
0.848672
0.848701
0.849102
0.849398
0.850684
0.732068
0.73216
0.732242
0.732396
0.732559
0.732728
0.73289
0.733033
0.733151
0.73324
0.733299
0.733328
0.733325
0.733295
0.733241
0.733162
0.73306
0.73294
0.732806
0.732668
0.732537
0.732413
0.732357
0.732282
0.917313
0.915809
0.914956
0.915089
0.915852
0.916939
0.918249
0.919551
0.920799
0.92184
0.922626
0.923071
0.923155
0.922866
0.922244
0.921374
0.920304
0.919182
0.918067
0.917176
0.916665
0.916777
0.917953
0.919522
0.85253
0.852277
0.852418
0.852774
0.85319
0.853514
0.853742
0.85387
0.853932
0.853952
0.853955
0.853957
0.853968
0.853987
0.854007
0.854013
0.853982
0.853889
0.8537
0.853418
0.853043
0.85272
0.852598
0.852851
0.884479
0.883829
0.883482
0.883382
0.883535
0.883868
0.884325
0.884826
0.885318
0.885749
0.886085
0.886297
0.886376
0.886319
0.886137
0.885854
0.885504
0.885138
0.88481
0.884599
0.884563
0.884768
0.885213
0.885909
0.988475
0.985906
0.983713
0.980765
0.978112
0.975363
0.972697
0.970358
0.968972
0.97011
0.974577
0.980151
0.984696
0.988042
0.989884
0.990018
0.987058
0.983707
0.982801
0.983349
0.98439
0.986426
0.98803
0.991213
0.617511
0.61833
0.618145
0.618325
0.618656
0.619178
0.619701
0.620207
0.620623
0.620997
0.621212
0.621387
0.62135
0.621106
0.620823
0.620388
0.619917
0.619363
0.618794
0.61823
0.617862
0.617648
0.617799
0.616966
0.625206
0.619111
0.61849
0.617529
0.617284
0.616864
0.616645
0.616485
0.616466
0.616544
0.616714
0.616863
0.6169
0.616832
0.616757
0.616766
0.616865
0.617094
0.617365
0.617809
0.618031
0.618912
0.619375
0.625374
0.992582
0.990796
0.986981
0.982505
0.978363
0.97458
0.971285
0.967986
0.965614
0.965056
0.96918
0.973789
0.97661
0.977735
0.977021
0.973042
0.966741
0.966386
0.968866
0.973482
0.977816
0.982588
0.986598
0.989284
0.989875
0.9872
0.983729
0.980019
0.976797
0.973687
0.970827
0.968084
0.964974
0.964949
0.967458
0.973388
0.977867
0.980749
0.981644
0.979531
0.975815
0.974406
0.975599
0.978014
0.980565
0.983914
0.987083
0.990329
0.916689
0.915918
0.916871
0.917416
0.91812
0.918229
0.918377
0.918367
0.918399
0.918436
0.918497
0.918591
0.918596
0.918527
0.918498
0.918494
0.918494
0.918533
0.918411
0.918323
0.917632
0.917094
0.916147
0.91692
0.97806
0.982413
0.983225
0.981414
0.97866
0.975965
0.973457
0.971203
0.969337
0.967944
0.967
0.966675
0.966695
0.967064
0.968056
0.969489
0.971384
0.973655
0.976168
0.97886
0.98161
0.983435
0.982638
0.978274
0.857459
0.857456
0.857781
0.858171
0.858589
0.85892
0.859206
0.859411
0.859566
0.859669
0.859736
0.85977
0.859779
0.859763
0.859714
0.859632
0.859499
0.859319
0.85906
0.858757
0.858364
0.857996
0.857684
0.857685
0.92105
0.920286
0.92046
0.921193
0.922355
0.923716
0.925177
0.926606
0.927919
0.929024
0.929859
0.930364
0.930516
0.930308
0.929759
0.92891
0.927824
0.926585
0.925286
0.924053
0.923019
0.922382
0.922392
0.923248
-0.00714603
-0.00801797
-0.00837211
-0.00850375
-0.00841442
-0.00836179
-0.00825535
-0.00816683
-0.00797844
-0.00773277
-0.00739698
-0.0070604
-0.00683159
-0.00687175
-0.00717243
-0.00757068
-0.00793788
-0.00819574
-0.00838524
-0.00850897
-0.00859197
-0.0084519
-0.0079614
-0.0069957
0.919106
0.916518
0.915035
0.914099
0.913413
0.912889
0.912485
0.912176
0.911943
0.911776
0.911668
0.911615
0.911615
0.911668
0.911776
0.911943
0.912176
0.912485
0.912889
0.913413
0.914099
0.915035
0.916518
0.919106
-0.00697526
-0.00754308
-0.00748387
-0.0069477
-0.00638756
-0.00619108
-0.00627418
-0.00659109
-0.00696138
-0.00734422
-0.00765177
-0.00785031
-0.00792557
-0.0078955
-0.00774693
-0.00745879
-0.00706019
-0.00665035
-0.00642088
-0.00651447
-0.00697582
-0.00750881
-0.00756017
-0.00702327
0.918873
0.916413
0.91497
0.914051
0.913373
0.912852
0.912449
0.91214
0.911907
0.91174
0.911631
0.911578
0.911578
0.911631
0.91174
0.911907
0.91214
0.912449
0.912852
0.913373
0.914051
0.91497
0.916413
0.918873
0.63833
0.629279
0.631631
0.63421
0.637186
0.639056
0.64044
0.64133
0.641956
0.642385
0.642688
0.642778
0.642864
0.642959
0.642837
0.642566
0.642079
0.641308
0.640021
0.638219
0.635257
0.63263
0.630144
0.638991
0.468285
0.469029
0.469593
0.47016
0.470854
0.471654
0.472494
0.473298
0.474015
0.474575
0.474938
0.4751
0.475041
0.47477
0.474313
0.473681
0.472921
0.472095
0.47126
0.470477
0.469804
0.469221
0.468556
0.467707
0.839562
0.839171
0.838988
0.83882
0.83874
0.838706
0.838739
0.838797
0.838879
0.838956
0.839025
0.839071
0.839095
0.839098
0.83908
0.839052
0.83902
0.839011
0.839024
0.839103
0.839223
0.839423
0.839629
0.840029
0.919221
0.919617
0.920142
0.920594
0.921151
0.921704
0.922226
0.922667
0.923028
0.923312
0.923518
0.923628
0.923644
0.923566
0.923391
0.92314
0.922813
0.922406
0.921917
0.921398
0.920871
0.920445
0.919942
0.919555
0.522035
0.521574
0.52083
0.520135
0.519327
0.518541
0.517773
0.51713
0.51661
0.516283
0.516098
0.516087
0.516154
0.516299
0.516613
0.517065
0.517703
0.518455
0.51932
0.52019
0.521066
0.52181
0.522583
0.523049
0.991334
0.988945
0.985161
0.980786
0.97678
0.973093
0.969739
0.966324
0.96337
0.963475
0.967412
0.973019
0.976854
0.978713
0.978444
0.975029
0.969635
0.967276
0.969477
0.974181
0.978435
0.982967
0.986711
0.989901
0.547551
0.546943
0.547106
0.547385
0.547907
0.548378
0.548818
0.549172
0.549469
0.549676
0.549758
0.549746
0.549674
0.549544
0.549326
0.54899
0.548575
0.548112
0.547573
0.547016
0.546427
0.546097
0.545899
0.546472
0.991153
0.992015
0.993315
0.99311
0.992288
0.991178
0.99004
0.989001
0.988134
0.987509
0.987148
0.987143
0.987151
0.987195
0.987609
0.98828
0.989189
0.990265
0.99143
0.992559
0.993394
0.993613
0.992313
0.99145
0.756307
0.757461
0.757452
0.757049
0.756658
0.756445
0.756421
0.756541
0.756731
0.756924
0.757073
0.757143
0.757125
0.757018
0.756828
0.756592
0.756354
0.756178
0.75614
0.75629
0.75662
0.756971
0.756936
0.75578
0.909639
0.910145
0.911124
0.911607
0.912129
0.912349
0.912573
0.912682
0.912794
0.912882
0.91296
0.913021
0.91303
0.912992
0.91294
0.91288
0.912797
0.912716
0.912518
0.912321
0.911817
0.911348
0.910375
0.90987
0.876194
0.87602
0.875845
0.875617
0.875566
0.875572
0.875735
0.87592
0.876159
0.876366
0.876571
0.876697
0.876738
0.876697
0.876583
0.876468
0.876326
0.876241
0.876182
0.876281
0.876436
0.876761
0.877016
0.877227
0.688131
0.686273
0.684955
0.684432
0.684499
0.684901
0.685467
0.686014
0.686465
0.68687
0.687152
0.687263
0.687245
0.687093
0.686769
0.68632
0.685826
0.685237
0.684633
0.6842
0.684095
0.684595
0.685893
0.687736
0.944088
0.945361
0.949178
0.952779
0.95698
0.960989
0.964968
0.968647
0.971948
0.974707
0.97678
0.977962
0.978191
0.977343
0.975708
0.973319
0.970352
0.966921
0.963105
0.959132
0.954808
0.951014
0.946413
0.945145
0.940381
0.940245
0.94136
0.942497
0.944004
0.945691
0.947657
0.949802
0.951991
0.954133
0.956073
0.95762
0.958563
0.958813
0.958219
0.95687
0.954932
0.952517
0.949892
0.947384
0.944983
0.943007
0.941103
0.941052
0.910302
0.909354
0.90877
0.908658
0.909094
0.909793
0.910717
0.911663
0.912594
0.91338
0.913984
0.914335
0.914407
0.9142
0.913748
0.913118
0.912349
0.91157
0.910821
0.910299
0.910064
0.910348
0.911171
0.91209
1.03279
1.03229
1.03968
1.03838
1.02971
1.01648
1.00245
0.990727
0.983518
0.982089
0.986401
0.996315
1.01265
1.01987
1.00953
0.996494
0.990718
0.991835
1.00027
1.0138
1.02714
1.03451
1.03426
1.03613
-0.0182305
-0.0183329
-0.017975
-0.0170721
-0.0162526
-0.015828
-0.0157172
-0.0157813
-0.0157891
-0.015682
-0.0155106
-0.0153422
-0.0152703
-0.0152739
-0.0152943
-0.0153707
-0.0154228
-0.0154336
-0.0155695
-0.016
-0.0167668
-0.0175992
-0.0178189
-0.0175662
0.707095
0.706978
0.70642
0.706266
0.706107
0.706014
0.705931
0.705931
0.706003
0.706175
0.706357
0.706541
0.706518
0.706289
0.706066
0.705856
0.705748
0.705714
0.705759
0.705816
0.705933
0.706068
0.706604
0.706734
0.838196
0.838461
0.838911
0.83917
0.839427
0.839566
0.8397
0.839779
0.839855
0.839908
0.839953
0.839978
0.839986
0.839976
0.839948
0.839915
0.839858
0.839801
0.839688
0.83957
0.83933
0.839084
0.838635
0.838356
0.710289
0.709746
0.708657
0.708086
0.7077
0.707479
0.707302
0.707216
0.707211
0.70733
0.707475
0.70768
0.707658
0.707413
0.707233
0.707082
0.707058
0.707116
0.70726
0.707447
0.707783
0.708324
0.709384
0.709937
0.70555
0.701231
0.707663
0.716103
0.722982
0.728067
0.731877
0.734971
0.737774
0.740495
0.743017
0.744669
0.744679
0.743068
0.74065
0.73806
0.735405
0.732468
0.728817
0.723879
0.717113
0.70871
0.702208
0.706383
1.04081
1.03818
1.03722
1.035
1.03087
1.02515
1.01924
1.01461
1.01236
1.01292
1.01588
1.01982
1.02388
1.02671
1.02438
1.02074
1.01774
1.01626
1.01748
1.02109
1.02578
1.02979
1.03143
1.03413
0.914528
0.914918
0.915783
0.916236
0.916771
0.917046
0.917316
0.917478
0.917626
0.917739
0.917829
0.917889
0.917899
0.917863
0.917798
0.917713
0.917594
0.91746
0.917217
0.916966
0.916451
0.916012
0.915155
0.914768
0.902275
0.902974
0.904313
0.904799
0.905265
0.905231
0.905253
0.90516
0.905127
0.905108
0.90513
0.905188
0.905195
0.905162
0.905172
0.905221
0.905284
0.905405
0.905407
0.905459
0.905006
0.904526
0.90319
0.902488
0.959485
0.961519
0.963466
0.963921
0.964041
0.963711
0.963388
0.963036
0.962753
0.962551
0.962429
0.962444
0.962458
0.962484
0.962655
0.962899
0.963223
0.96361
0.96396
0.96431
0.964205
0.963761
0.961818
0.959779
0.920477
0.921232
0.922369
0.923059
0.923706
0.924068
0.924364
0.924538
0.924688
0.924802
0.924891
0.92495
0.92496
0.924925
0.924862
0.924776
0.924656
0.924511
0.924243
0.923907
0.923281
0.922611
0.921484
0.920739
0.984692
0.982222
0.979833
0.977306
0.975479
0.974228
0.973801
0.974193
0.975668
0.978716
0.983276
0.987659
0.991753
0.99398
0.993838
0.992972
0.988344
0.983793
0.980994
0.979726
0.979622
0.980932
0.98256
0.985463
0.757697
0.757579
0.757349
0.75715
0.75696
0.756786
0.756622
0.756476
0.756354
0.756262
0.756204
0.756185
0.756202
0.756257
0.756348
0.756473
0.756627
0.756804
0.756998
0.7572
0.757415
0.757634
0.757877
0.757994
0.573402
0.574543
0.574988
0.575871
0.576843
0.577872
0.578815
0.579693
0.58044
0.581096
0.581515
0.581798
0.58176
0.581403
0.580915
0.580199
0.579403
0.578483
0.577506
0.576449
0.575457
0.574544
0.574074
0.572921
0.849048
0.846974
0.846388
0.845945
0.846095
0.846103
0.846247
0.846279
0.846376
0.846437
0.846512
0.846562
0.846569
0.846537
0.846486
0.846449
0.846378
0.846371
0.84625
0.846264
0.846123
0.846579
0.84717
0.84925
0.770533
0.770808
0.771377
0.772045
0.772697
0.773282
0.773774
0.774162
0.774449
0.774642
0.774752
0.774787
0.774753
0.774655
0.77449
0.774254
0.773937
0.77353
0.77303
0.772443
0.771792
0.771129
0.770564
0.770293
0.656737
0.655649
0.65514
0.655077
0.655255
0.655497
0.655759
0.655963
0.65611
0.656222
0.656319
0.656351
0.656303
0.656178
0.655992
0.655791
0.655558
0.65527
0.654936
0.654627
0.654393
0.654417
0.6549
0.65597
0.822071
0.821876
0.821882
0.821798
0.821751
0.821704
0.821706
0.821719
0.821749
0.821779
0.821808
0.821828
0.82184
0.821844
0.821839
0.821833
0.821826
0.821835
0.821852
0.821915
0.821974
0.822065
0.822061
0.82225
0.86934
0.867675
0.86705
0.866444
0.866225
0.866054
0.866115
0.866182
0.866343
0.86648
0.866615
0.866711
0.866739
0.86671
0.866644
0.866581
0.866498
0.866512
0.866533
0.866786
0.867081
0.86776
0.868445
0.870151
0.681615
0.675617
0.685909
0.693035
0.699456
0.704447
0.708384
0.711432
0.713783
0.715554
0.716791
0.717422
0.71749
0.717004
0.715902
0.714263
0.712034
0.709106
0.705286
0.700408
0.694093
0.687059
0.676895
0.682836
0.764815
0.764729
0.764674
0.764747
0.764944
0.765212
0.7655
0.765767
0.765989
0.766154
0.766255
0.766292
0.766264
0.766175
0.76603
0.765834
0.765589
0.765307
0.76501
0.764738
0.764538
0.764466
0.764534
0.764646
0.810175
0.809873
0.809671
0.809488
0.809436
0.809423
0.809459
0.809503
0.809556
0.809602
0.809641
0.809667
0.809678
0.809676
0.80966
0.809637
0.809608
0.809587
0.809572
0.809602
0.809667
0.809854
0.810056
0.810355
0.928773
0.928571
0.92817
0.927916
0.927744
0.927618
0.927547
0.927523
0.927526
0.927541
0.927554
0.927551
0.927529
0.927497
0.927467
0.927451
0.927458
0.927501
0.927596
0.927752
0.927962
0.928275
0.928747
0.92898
0.848788
0.848587
0.849037
0.848822
0.848723
0.848423
0.848268
0.848065
0.84797
0.847888
0.847862
0.847861
0.847872
0.847898
0.847954
0.848066
0.848191
0.848422
0.848604
0.848924
0.849037
0.849265
0.848814
0.849012
0.882587
0.883026
0.884404
0.884625
0.884829
0.884699
0.884659
0.884516
0.884441
0.884367
0.884333
0.884336
0.884346
0.884369
0.884431
0.884533
0.884636
0.884804
0.884865
0.885011
0.884816
0.884602
0.883221
0.882775
0.817648
0.817879
0.817811
0.817764
0.817819
0.817966
0.818161
0.818387
0.818606
0.818795
0.818929
0.818997
0.819003
0.818943
0.818814
0.81863
0.818413
0.818189
0.817994
0.817844
0.817786
0.817828
0.817891
0.817657
0.957141
0.95901
0.962734
0.96625
0.970082
0.973555
0.976893
0.979881
0.982551
0.98479
0.986636
0.987849
0.98848
0.988228
0.987336
0.985734
0.983525
0.980765
0.977446
0.973826
0.969605
0.965677
0.961191
0.959125
0.953949
0.955444
0.958942
0.962387
0.966232
0.969791
0.973237
0.976333
0.979094
0.981397
0.983301
0.98456
0.985077
0.984616
0.983538
0.981806
0.979479
0.976619
0.973228
0.969572
0.965402
0.961613
0.957422
0.955704
0.959332
0.959826
0.963779
0.967966
0.972752
0.977204
0.9815
0.985359
0.988902
0.991859
0.994095
0.995242
0.99566
0.995467
0.994211
0.991767
0.988645
0.985083
0.980891
0.976377
0.971264
0.966682
0.962099
0.961557
0.891108
0.890074
0.889326
0.888827
0.888756
0.88887
0.889219
0.889613
0.890061
0.890445
0.890764
0.890952
0.891005
0.890922
0.890713
0.890443
0.890117
0.88985
0.889633
0.889656
0.889868
0.890503
0.891374
0.892476
0.987599
0.984628
0.982822
0.980742
0.979285
0.978026
0.977126
0.97644
0.976206
0.977261
0.979822
0.983655
0.987261
0.990433
0.992468
0.99362
0.991476
0.989642
0.987833
0.986798
0.986497
0.987451
0.988532
0.991998
0.851567
0.850596
0.850311
0.849939
0.849926
0.849806
0.849838
0.849817
0.849883
0.849933
0.85001
0.850065
0.850077
0.850055
0.850014
0.850002
0.849977
0.850039
0.850047
0.850202
0.850243
0.85064
0.850941
0.85192
0.877283
0.876917
0.876969
0.8772
0.877526
0.877909
0.878328
0.87875
0.879153
0.879509
0.879792
0.879983
0.880064
0.880033
0.879895
0.879663
0.879358
0.879007
0.878637
0.878283
0.877981
0.877761
0.877817
0.87818
0.954155
0.955037
0.955786
0.956315
0.956758
0.957124
0.957436
0.957692
0.957899
0.95805
0.958158
0.958222
0.958235
0.9582
0.95812
0.957998
0.957824
0.957598
0.957315
0.956978
0.95656
0.956052
0.955318
0.954443
0.940834
0.941465
0.944621
0.947588
0.951069
0.954444
0.95782
0.960963
0.963798
0.966149
0.967902
0.968899
0.969072
0.968365
0.966961
0.964919
0.962375
0.95946
0.956263
0.952963
0.949502
0.946443
0.942961
0.942773
0.564544
0.56507
0.565453
0.566363
0.567375
0.568445
0.56943
0.570356
0.571166
0.57191
0.572442
0.572847
0.572807
0.572325
0.571724
0.57092
0.570061
0.569094
0.568074
0.566974
0.565939
0.56501
0.56461
0.564092
0.939203
0.943983
0.943617
0.940791
0.937338
0.934169
0.931292
0.928796
0.926727
0.925171
0.924053
0.923613
0.923633
0.924114
0.925272
0.926861
0.928956
0.931467
0.934349
0.937519
0.940976
0.943815
0.944195
0.939398
0.747976
0.747608
0.747307
0.747191
0.747225
0.747348
0.747508
0.747668
0.747805
0.747908
0.747972
0.747998
0.747985
0.747935
0.747852
0.747736
0.747593
0.747436
0.747285
0.747177
0.747163
0.747302
0.747626
0.748018
0.901411
0.900393
0.90112
0.901479
0.902107
0.902239
0.902404
0.902413
0.902462
0.9025
0.902558
0.902633
0.902639
0.902587
0.902559
0.90255
0.902531
0.902549
0.902407
0.902296
0.90168
0.901327
0.900604
0.901622
0.896559
0.896738
0.897423
0.897823
0.898347
0.898624
0.898905
0.899068
0.899224
0.899339
0.899432
0.899493
0.899502
0.899462
0.899393
0.899303
0.899173
0.899036
0.898779
0.898524
0.898016
0.897628
0.89695
0.896772
0.991613
0.989931
0.986187
0.981958
0.978152
0.974522
0.971183
0.968008
0.965144
0.963888
0.966765
0.971911
0.975617
0.97741
0.977132
0.973668
0.968889
0.96767
0.970963
0.9751
0.978961
0.983177
0.986781
0.989254
0.920091
0.919335
0.91909
0.919467
0.92041
0.921626
0.923031
0.924422
0.925737
0.926838
0.927668
0.928147
0.928237
0.927937
0.927295
0.926382
0.925258
0.924052
0.922838
0.921801
0.921077
0.920859
0.921414
0.922089
0.940305
0.940455
0.94286
0.945421
0.948635
0.95183
0.955046
0.958039
0.960742
0.962987
0.964662
0.965618
0.965789
0.965126
0.963796
0.961854
0.959435
0.956664
0.953629
0.950519
0.947362
0.944765
0.942254
0.942418
-0.0107944
-0.0113846
-0.0120615
-0.0127711
-0.0130904
-0.013172
-0.0129262
-0.0125044
-0.0118701
-0.011155
-0.0104412
-0.00984729
-0.00952699
-0.00959496
-0.010078
-0.0108659
-0.0117418
-0.0124509
-0.0128859
-0.0129691
-0.0126974
-0.0120781
-0.0114244
-0.0110386
0.956119
0.957566
0.961984
0.96616
0.970999
0.9755
0.979903
0.983871
0.987306
0.990141
0.992301
0.99353
0.994005
0.993461
0.992164
0.989838
0.986829
0.983145
0.978852
0.974306
0.969146
0.964606
0.959353
0.957846
1.01732
1.00973
1.00899
1.0041
0.997279
0.99006
0.984036
0.980301
0.979526
0.981971
0.987699
0.99579
1.00586
1.0095
1.00293
0.993874
0.987419
0.984452
0.985294
0.990379
0.997643
1.00477
1.01072
1.01464
0.580332
0.57684
0.576642
0.575448
0.57445
0.573412
0.572433
0.571521
0.570733
0.570109
0.569698
0.56952
0.569583
0.569894
0.570438
0.571182
0.572074
0.573068
0.574107
0.575188
0.576221
0.57745
0.577725
0.58111
0.841554
0.841779
0.842319
0.842572
0.84288
0.843026
0.843195
0.843287
0.843375
0.843434
0.84349
0.843521
0.843528
0.843512
0.843474
0.843434
0.843367
0.843296
0.84315
0.843026
0.842737
0.842499
0.841965
0.841729
0.706368
0.701953
0.708213
0.716709
0.723531
0.728534
0.732279
0.735351
0.738175
0.740956
0.743589
0.745361
0.745368
0.743629
0.741098
0.738448
0.735773
0.732862
0.729278
0.724426
0.717719
0.709256
0.702922
0.707193
1.03943
1.03652
1.03526
1.03264
1.02829
1.02262
1.01696
1.01274
1.01097
1.01202
1.01542
1.01966
1.02371
1.02625
1.0242
1.02051
1.01712
1.01515
1.01592
1.01921
1.02381
1.02798
1.02984
1.03265
0.908494
0.907558
0.907028
0.906837
0.907101
0.907592
0.908337
0.909112
0.909903
0.910565
0.911077
0.911368
0.911439
0.911282
0.91091
0.910393
0.909758
0.909147
0.908577
0.908269
0.908214
0.908597
0.90941
0.910303
0.968166
0.967024
0.96693
0.967055
0.967771
0.968851
0.970516
0.97281
0.975782
0.97927
0.982993
0.986456
0.988964
0.990287
0.989341
0.987293
0.9839
0.980262
0.976855
0.973973
0.971599
0.970181
0.969347
0.970588
0.94992
0.950255
0.95109
0.95181
0.952512
0.953002
0.9534
0.953703
0.953957
0.954161
0.954314
0.954411
0.954423
0.954353
0.95423
0.954057
0.953836
0.953566
0.953199
0.952737
0.952059
0.95136
0.950538
0.950209
0.700101
0.69112
0.701423
0.711273
0.718703
0.72366
0.727143
0.729877
0.732436
0.735077
0.737657
0.739469
0.739492
0.737741
0.735283
0.732789
0.730398
0.727843
0.724537
0.719746
0.712449
0.702608
0.6922
0.700908
0.900969
0.901461
0.902401
0.902929
0.903506
0.903789
0.904064
0.904218
0.904366
0.904476
0.904565
0.904625
0.904634
0.904596
0.904532
0.904449
0.904327
0.9042
0.90395
0.903688
0.903128
0.902614
0.90168
0.901187
0.609349
0.60225
0.604152
0.604952
0.606571
0.607335
0.607843
0.608034
0.608072
0.608005
0.607931
0.607896
0.607975
0.608172
0.608401
0.608608
0.60869
0.608596
0.608162
0.607446
0.605853
0.605044
0.603067
0.61014
0.916738
0.916166
0.915906
0.916142
0.916902
0.917923
0.919141
0.920356
0.921514
0.922483
0.923215
0.923636
0.923721
0.923467
0.922911
0.922117
0.921139
0.920103
0.919072
0.918232
0.917688
0.917615
0.918166
0.918638
0.924398
0.924557
0.925212
0.926215
0.927594
0.929137
0.930762
0.932343
0.933794
0.935023
0.935966
0.936555
0.936762
0.936574
0.936008
0.935097
0.933903
0.932513
0.931021
0.929553
0.928222
0.927229
0.926565
0.926574
0.844255
0.844014
0.844012
0.844071
0.844204
0.84433
0.844469
0.844584
0.844684
0.844756
0.844807
0.844834
0.844845
0.844838
0.844808
0.844757
0.844679
0.844587
0.84447
0.844366
0.844251
0.844205
0.844217
0.844457
0.866227
0.865798
0.865556
0.865319
0.865287
0.865277
0.865398
0.865527
0.865709
0.86587
0.866017
0.866111
0.866143
0.866115
0.866037
0.865948
0.865843
0.865792
0.865751
0.86584
0.865948
0.866252
0.866546
0.866999
0.677628
0.677113
0.687644
0.696147
0.703436
0.708835
0.71297
0.716111
0.71854
0.720406
0.721752
0.72243
0.722485
0.72195
0.720739
0.719005
0.716703
0.713689
0.709678
0.704396
0.697214
0.688799
0.678328
0.678866
0.482321
0.482768
0.483003
0.483091
0.483098
0.483083
0.483079
0.483071
0.483054
0.48304
0.483032
0.483025
0.482984
0.482925
0.482892
0.482888
0.482916
0.482979
0.483081
0.483204
0.483312
0.48334
0.483204
0.482834
0.737356
0.737293
0.736996
0.736642
0.736273
0.735947
0.735669
0.735449
0.735287
0.73518
0.735123
0.735114
0.735144
0.735214
0.735326
0.735482
0.735686
0.735942
0.73625
0.736602
0.73699
0.73736
0.73767
0.737739
0.802905
0.801214
0.800682
0.801246
0.802301
0.803602
0.80509
0.80651
0.807739
0.808701
0.809348
0.809662
0.809652
0.809318
0.808656
0.807698
0.806493
0.805116
0.803693
0.802471
0.801484
0.800986
0.801561
0.803233
0.752221
0.752096
0.751798
0.751497
0.751198
0.750925
0.750684
0.750481
0.750319
0.750202
0.750132
0.75011
0.750132
0.750201
0.750316
0.750474
0.750674
0.750912
0.751184
0.751481
0.751801
0.752115
0.752422
0.752544
0.55302
0.552492
0.551759
0.550702
0.549306
0.54766
0.54596
0.54437
0.543032
0.542031
0.541393
0.541115
0.541162
0.54154
0.542283
0.543383
0.544814
0.546485
0.548249
0.549945
0.551373
0.552441
0.553184
0.553688
0.849882
0.849065
0.848999
0.848699
0.848659
0.848496
0.848483
0.848422
0.848453
0.848476
0.848531
0.848572
0.848585
0.848575
0.848555
0.84857
0.848577
0.848677
0.84873
0.848925
0.848991
0.849314
0.849393
0.850212
0.860487
0.859852
0.859494
0.859154
0.859102
0.859069
0.859188
0.859303
0.859476
0.859622
0.859756
0.859838
0.859863
0.859834
0.859756
0.859669
0.859558
0.859507
0.859453
0.85955
0.859663
0.860055
0.860453
0.861102
0.962965
0.963125
0.963716
0.96412
0.964534
0.964793
0.964982
0.965106
0.965212
0.965311
0.965397
0.965468
0.965482
0.96544
0.965387
0.965323
0.965252
0.965163
0.965007
0.964777
0.964387
0.964002
0.963423
0.963268
0.819073
0.819045
0.81917
0.819256
0.819364
0.819435
0.819506
0.819553
0.819593
0.819621
0.819642
0.819656
0.819666
0.819673
0.819672
0.819667
0.81965
0.819626
0.819579
0.819531
0.819442
0.819371
0.819253
0.819274
0.905303
0.905503
0.906183
0.906824
0.907588
0.908216
0.908785
0.909228
0.909584
0.90985
0.910036
0.910134
0.910144
0.910068
0.909904
0.909662
0.909332
0.908916
0.908376
0.907778
0.907042
0.906427
0.905765
0.905575
0.99379
0.991466
0.98531
0.978434
0.972398
0.967806
0.964956
0.96405
0.965786
0.97009
0.975236
0.979782
0.983426
0.984487
0.981647
0.979027
0.974882
0.971314
0.971102
0.975281
0.981433
0.987956
0.993026
0.994777
1.06245
1.07214
1.08899
1.09363
1.08871
1.07096
1.04631
1.01917
0.993585
0.974746
0.96842
0.977711
1.00266
1.01012
0.99553
0.981304
0.985578
1.00555
1.03401
1.06134
1.07821
1.07955
1.06643
1.05463
0.641997
0.639062
0.635744
0.63444
0.634133
0.634554
0.635219
0.635931
0.636514
0.636936
0.637186
0.637326
0.637432
0.637494
0.637432
0.637178
0.636741
0.636153
0.635589
0.635244
0.6356
0.636921
0.640219
0.643102
0.924937
0.925597
0.926772
0.927384
0.927923
0.928179
0.928412
0.928541
0.928657
0.928742
0.928814
0.928868
0.928879
0.928849
0.928804
0.928747
0.928661
0.928562
0.928358
0.92813
0.927613
0.927019
0.925853
0.925199
0.981888
0.982506
0.983537
0.983705
0.983487
0.982976
0.982417
0.981882
0.981442
0.981141
0.980977
0.980982
0.980995
0.981028
0.981238
0.981584
0.982068
0.982642
0.983233
0.983769
0.984006
0.983853
0.982829
0.982208
0.984641
0.984361
0.984549
0.984214
0.983574
0.982728
0.981817
0.980969
0.980272
0.979731
0.979427
0.979372
0.979379
0.97946
0.979799
0.98038
0.981118
0.981999
0.982937
0.983802
0.984457
0.984805
0.984622
0.984905
0.514779
0.513412
0.511749
0.509937
0.508182
0.506551
0.505096
0.503851
0.502822
0.502035
0.501503
0.501269
0.501368
0.501791
0.502502
0.503461
0.504648
0.506033
0.507607
0.50933
0.51115
0.513013
0.514708
0.516103
0.841307
0.841014
0.840952
0.840809
0.84081
0.840812
0.840908
0.840999
0.841118
0.841215
0.841297
0.841343
0.841359
0.841343
0.841293
0.841229
0.841144
0.841086
0.841024
0.841052
0.841078
0.84124
0.841313
0.841607
0.989997
0.987345
0.984034
0.980179
0.976675
0.973394
0.970566
0.967906
0.965
0.965297
0.968969
0.974987
0.979342
0.982121
0.983219
0.981457
0.977499
0.975224
0.975732
0.978008
0.980766
0.984389
0.987502
0.990837
0.988229
0.985434
0.983772
0.98189
0.980639
0.979697
0.979156
0.97863
0.978481
0.979397
0.981437
0.984678
0.987946
0.990939
0.992752
0.994012
0.992789
0.991615
0.989623
0.988068
0.98777
0.988667
0.989676
0.99291
0.592736
0.589173
0.586325
0.584821
0.583945
0.583323
0.582803
0.58229
0.581766
0.581264
0.580867
0.58067
0.580785
0.581208
0.581819
0.582513
0.583201
0.583848
0.584472
0.585169
0.586098
0.587632
0.590486
0.594016
0.639473
0.633215
0.635417
0.637264
0.639712
0.641779
0.643509
0.644801
0.6457
0.64625
0.646548
0.646665
0.646773
0.64687
0.646773
0.646404
0.645662
0.644504
0.642884
0.640901
0.638524
0.636732
0.634649
0.640804
0.903152
0.902375
0.90189
0.901714
0.902015
0.902523
0.903233
0.903964
0.9047
0.905325
0.905813
0.906099
0.906162
0.906003
0.90565
0.905165
0.904576
0.903998
0.903448
0.903106
0.902982
0.90332
0.903974
0.904785
0.985405
0.983589
0.983701
0.983523
0.983682
0.983803
0.984376
0.985036
0.985654
0.986608
0.988083
0.990178
0.992469
0.9947
0.996116
0.997029
0.996846
0.994728
0.992602
0.991271
0.990002
0.989262
0.98845
0.990581
0.989693
0.990673
0.991416
0.991028
0.99029
0.989349
0.988365
0.98744
0.986657
0.986066
0.985712
0.985634
0.985646
0.98576
0.986159
0.986794
0.98762
0.98858
0.989592
0.990551
0.991303
0.991703
0.990964
0.989973
0.978416
0.977024
0.97825
0.979711
0.981825
0.983757
0.985699
0.987708
0.989703
0.991324
0.992844
0.994128
0.995407
0.996423
0.99989
0.997628
0.996084
0.993704
0.991184
0.988561
0.98561
0.983391
0.981487
0.982999
0.557182
0.543132
0.543548
0.54308
0.542695
0.539595
0.534472
0.527759
0.519904
0.51204
0.508006
0.511031
0.535701
0.539252
0.515889
0.507855
0.510817
0.51801
0.525314
0.530405
0.53176
0.531248
0.530209
0.540259
0.714894
0.715891
0.717719
0.720211
0.723596
0.726998
0.730198
0.732858
0.73489
0.736263
0.73704
0.737308
0.737298
0.73703
0.736275
0.734919
0.732888
0.730228
0.727036
0.723667
0.72034
0.717985
0.716277
0.715345
0.85942
0.858897
0.85936
0.859576
0.859931
0.860094
0.860311
0.860442
0.860584
0.860679
0.860755
0.860798
0.860806
0.860781
0.860723
0.860649
0.860528
0.860417
0.86022
0.860075
0.859734
0.859527
0.859064
0.85958
0.566861
0.567554
0.569189
0.571326
0.573536
0.575713
0.577785
0.579649
0.58121
0.582424
0.583231
0.583607
0.583545
0.583039
0.582103
0.580777
0.579117
0.577169
0.575015
0.572754
0.570477
0.568296
0.56662
0.565909
0.834634
0.833207
0.832449
0.832794
0.833285
0.833686
0.833996
0.834257
0.83449
0.8347
0.834873
0.834974
0.834973
0.834873
0.834708
0.834505
0.834277
0.834016
0.833705
0.8333
0.832805
0.832457
0.833212
0.834637
0.842733
0.842873
0.843314
0.843445
0.843719
0.843842
0.844007
0.844086
0.844155
0.844199
0.844248
0.844279
0.844286
0.844271
0.844241
0.844217
0.84417
0.84411
0.843967
0.843865
0.843608
0.843489
0.843055
0.842903
0.935747
0.937232
0.938981
0.939489
0.939787
0.93963
0.939536
0.939372
0.939263
0.939197
0.939178
0.939235
0.939245
0.939222
0.939281
0.939384
0.93953
0.939726
0.939847
0.940025
0.93974
0.939242
0.937497
0.936008
0.919255
0.919893
0.920823
0.921725
0.922566
0.923287
0.923901
0.924391
0.924766
0.925049
0.925256
0.925365
0.925378
0.925294
0.925114
0.924859
0.924514
0.924056
0.923476
0.922791
0.921984
0.921114
0.920207
0.91958
0.827123
0.826671
0.826517
0.826437
0.826434
0.826436
0.82647
0.826504
0.826549
0.826589
0.826626
0.826652
0.826669
0.826676
0.826672
0.826667
0.826657
0.826657
0.826656
0.826685
0.826714
0.826813
0.826975
0.827424
0.611725
0.612301
0.613203
0.614415
0.615744
0.617098
0.618414
0.619624
0.620658
0.621449
0.621976
0.622217
0.622164
0.621813
0.621176
0.620283
0.619159
0.617872
0.616483
0.615056
0.613673
0.612411
0.611465
0.610858
0.937239
0.937824
0.939253
0.939787
0.940249
0.94013
0.940053
0.939877
0.939753
0.939672
0.939638
0.939689
0.9397
0.939683
0.939759
0.939877
0.940039
0.940246
0.940351
0.940491
0.940042
0.939516
0.938093
0.937505
0.521757
0.522105
0.522326
0.52297
0.523653
0.524392
0.525066
0.525724
0.526313
0.526869
0.527277
0.527567
0.52755
0.527227
0.526793
0.52622
0.525624
0.524967
0.524302
0.523582
0.522916
0.522294
0.522082
0.52175
0.628145
0.6267
0.625933
0.625248
0.62469
0.624114
0.623585
0.623113
0.622726
0.622425
0.622219
0.622101
0.622064
0.622109
0.622245
0.622479
0.622802
0.623215
0.623687
0.624211
0.624723
0.625371
0.62611
0.627549
0.963505
0.963954
0.967056
0.970201
0.973861
0.977242
0.980578
0.983672
0.986579
0.989176
0.991537
0.9933
0.994231
0.993885
0.99268
0.990809
0.988398
0.985491
0.982082
0.978441
0.974272
0.970612
0.966754
0.966156
0.550452
0.549712
0.548348
0.547058
0.545761
0.544618
0.543605
0.542776
0.542104
0.541632
0.541331
0.541248
0.541342
0.54161
0.542086
0.542722
0.543542
0.544502
0.545626
0.54686
0.548229
0.549569
0.550966
0.551718
0.615389
0.61383
0.612939
0.611372
0.609871
0.60833
0.607089
0.606126
0.605493
0.605121
0.604939
0.604864
0.604854
0.604908
0.605066
0.605415
0.606026
0.606966
0.608183
0.6097
0.611184
0.612729
0.613594
0.615139
0.934031
0.93269
0.933657
0.935254
0.937544
0.940018
0.942599
0.94505
0.94729
0.94915
0.950534
0.951318
0.951433
0.950861
0.949724
0.948099
0.946096
0.943854
0.941479
0.939157
0.937082
0.935577
0.935045
0.936568
0.87934
0.879966
0.880939
0.881854
0.88265
0.88326
0.883726
0.884059
0.88429
0.884437
0.884529
0.884576
0.884588
0.884566
0.8845
0.884383
0.884186
0.883892
0.88347
0.88291
0.882166
0.881302
0.880369
0.879759
0.840687
0.840017
0.839559
0.839191
0.838985
0.83889
0.838895
0.838951
0.839038
0.839128
0.839209
0.839268
0.839303
0.839312
0.839299
0.839276
0.839255
0.839262
0.839316
0.839465
0.839716
0.84012
0.840598
0.841275
0.857318
0.857202
0.85719
0.857418
0.857894
0.85844
0.858882
0.859211
0.859446
0.859603
0.859691
0.859717
0.859685
0.859597
0.859453
0.859247
0.85897
0.858607
0.858136
0.857574
0.857119
0.856898
0.856906
0.857027
0.926187
0.925719
0.926282
0.927369
0.92884
0.930459
0.932158
0.933825
0.935381
0.936718
0.937765
0.938447
0.938728
0.938582
0.938023
0.93707
0.935792
0.93429
0.932663
0.931025
0.929469
0.928265
0.927513
0.928086
0.83019
0.829747
0.829701
0.829824
0.830034
0.830194
0.83032
0.830387
0.830424
0.830436
0.83044
0.830443
0.830452
0.830467
0.830481
0.83049
0.830477
0.830436
0.83034
0.830209
0.830028
0.829926
0.829982
0.83042
0.983546
0.981845
0.98232
0.982709
0.983363
0.983605
0.984
0.985196
0.987121
0.988911
0.990519
0.992496
0.994573
0.99639
0.997247
0.99706
0.994967
0.993243
0.991956
0.99077
0.989193
0.987974
0.986844
0.988717
0.87336
0.872731
0.872312
0.871938
0.871883
0.871857
0.872008
0.872158
0.872382
0.872575
0.872753
0.872865
0.872897
0.872857
0.872754
0.872642
0.872504
0.872442
0.872382
0.8725
0.872642
0.873098
0.873583
0.874245
0.885056
0.884479
0.884075
0.883786
0.883821
0.883875
0.884088
0.884299
0.884591
0.884852
0.885093
0.885253
0.885289
0.885216
0.885069
0.884907
0.884722
0.88462
0.884529
0.884598
0.884676
0.88508
0.885584
0.886213
0.956675
0.958035
0.959476
0.960192
0.960635
0.960721
0.960724
0.960642
0.960569
0.960531
0.960529
0.960568
0.96058
0.960572
0.960609
0.960683
0.960793
0.960909
0.960937
0.960876
0.960455
0.959755
0.958323
0.956964
0.949406
0.949577
0.951003
0.952713
0.954775
0.95693
0.959193
0.96143
0.963635
0.9657
0.967536
0.968982
0.969909
0.970217
0.969853
0.968706
0.966914
0.964614
0.961967
0.959183
0.956352
0.953898
0.951684
0.951249
0.939098
0.939604
0.940516
0.941043
0.941552
0.941893
0.942205
0.942428
0.942611
0.942747
0.942841
0.942898
0.942911
0.942884
0.942818
0.942713
0.942561
0.942367
0.942084
0.941768
0.941282
0.940774
0.939874
0.939373
0.850868
0.849332
0.849141
0.848881
0.849046
0.849025
0.849122
0.849117
0.849169
0.849194
0.849238
0.84927
0.849277
0.849264
0.849242
0.849239
0.849212
0.849241
0.849165
0.849203
0.849049
0.849317
0.84951
0.851047
0.968671
0.968591
0.968752
0.969003
0.969259
0.969445
0.969579
0.969659
0.969722
0.96978
0.969834
0.96988
0.969893
0.969876
0.969853
0.969828
0.969799
0.969753
0.969651
0.969494
0.969262
0.96903
0.968881
0.968966
0.78516
0.785106
0.785028
0.784938
0.784844
0.784764
0.784701
0.784652
0.784618
0.784596
0.784585
0.784584
0.784586
0.784595
0.784614
0.784642
0.784682
0.784736
0.784806
0.784893
0.784995
0.785091
0.785174
0.785225
0.852417
0.851747
0.851692
0.851357
0.851277
0.851071
0.851023
0.850942
0.85096
0.850972
0.851021
0.85106
0.851075
0.851071
0.851061
0.85109
0.851114
0.851239
0.851327
0.85157
0.85168
0.852041
0.852111
0.852788
0.162886
0.161992
0.161824
0.160713
0.160184
0.159459
0.158773
0.15808
0.157422
0.156692
0.155942
0.155093
0.154246
0.15441
0.155526
0.157299
0.158802
0.160428
0.161844
0.163074
0.163841
0.164791
0.164656
0.165151
0.854469
0.854601
0.854777
0.855022
0.855264
0.855533
0.855789
0.856028
0.856233
0.856397
0.85651
0.856569
0.85657
0.856514
0.856402
0.85624
0.856036
0.855797
0.855542
0.855273
0.85503
0.854785
0.854607
0.854475
0.846252
0.845971
0.846001
0.845923
0.845977
0.845971
0.846056
0.84612
0.846227
0.846318
0.846407
0.846461
0.846475
0.846452
0.846397
0.846342
0.846273
0.846247
0.846201
0.846243
0.846222
0.846327
0.846313
0.846593
0.605347
0.605938
0.60716
0.608612
0.610064
0.611497
0.61283
0.61403
0.615054
0.61586
0.616404
0.616659
0.616607
0.616244
0.61559
0.614688
0.613582
0.612318
0.610946
0.609492
0.608012
0.606533
0.605254
0.604632
0.660026
0.660659
0.659665
0.658893
0.658427
0.658334
0.658365
0.658449
0.658498
0.658574
0.658592
0.658714
0.658685
0.65851
0.658443
0.658319
0.658224
0.658095
0.658019
0.658071
0.658496
0.659232
0.660187
0.659537
0.683211
0.675984
0.683513
0.689494
0.695205
0.699941
0.703794
0.706817
0.709112
0.710767
0.71185
0.712364
0.712437
0.712071
0.711126
0.709602
0.707428
0.70452
0.700776
0.696144
0.690533
0.684646
0.677298
0.68443
0.810534
0.810125
0.809976
0.809891
0.809886
0.809871
0.809864
0.809841
0.809818
0.809794
0.809778
0.809774
0.809786
0.809812
0.80985
0.809898
0.809946
0.809995
0.810028
0.810069
0.810097
0.810196
0.810352
0.810753
0.959921
0.960601
0.964587
0.968469
0.972895
0.97695
0.980869
0.984457
0.987654
0.990283
0.992363
0.993537
0.99411
0.993857
0.992721
0.990679
0.987949
0.984636
0.980786
0.976634
0.971843
0.967559
0.962842
0.962087
-0.0331601
-0.0331498
-0.0325152
-0.0312901
-0.0299305
-0.0291554
-0.0289083
-0.0290973
-0.0294046
-0.0297237
-0.0299309
-0.0300595
-0.0301263
-0.030204
-0.0301998
-0.030037
-0.0297524
-0.0295083
-0.0295889
-0.0301873
-0.031332
-0.0324067
-0.0329028
-0.0329096
0.916597
0.915413
0.91457
0.9138
0.91319
0.91271
0.912333
0.91204
0.911818
0.911657
0.911554
0.911503
0.911503
0.911554
0.911657
0.911818
0.91204
0.912333
0.91271
0.91319
0.9138
0.91457
0.915413
0.916597
-0.00668993
-0.00818874
-0.00976962
-0.0109656
-0.0116933
-0.0119509
-0.0117168
-0.0111338
-0.0102868
-0.00925266
-0.00813841
-0.0071379
-0.00654539
-0.00668096
-0.00755322
-0.00880159
-0.0100246
-0.0109748
-0.0114737
-0.0114157
-0.0107611
-0.00960678
-0.00808463
-0.00685345
0.916577
0.915402
0.914563
0.913795
0.913185
0.912705
0.912327
0.912034
0.911811
0.911651
0.911547
0.911495
0.911495
0.911547
0.911651
0.911811
0.912034
0.912327
0.912705
0.913185
0.913795
0.914563
0.915402
0.916577
0.803408
0.803032
0.802322
0.801429
0.800552
0.799769
0.799079
0.798485
0.798011
0.79767
0.797453
0.797339
0.797316
0.797382
0.797554
0.797852
0.798286
0.79884
0.799489
0.800232
0.801071
0.80193
0.802603
0.802984
0.848698
0.847299
0.846607
0.846091
0.846006
0.845948
0.846076
0.846171
0.846322
0.846431
0.84653
0.846585
0.8466
0.846579
0.846513
0.84644
0.846326
0.846268
0.846175
0.846266
0.84638
0.846919
0.847628
0.849035
0.97657
0.977405
0.978784
0.979195
0.979198
0.97886
0.97848
0.978085
0.97776
0.977547
0.977437
0.977485
0.977497
0.977489
0.977648
0.977906
0.978276
0.97871
0.979122
0.979485
0.979501
0.979104
0.977733
0.976893
0.632953
0.630236
0.626983
0.625414
0.624711
0.624737
0.625054
0.625481
0.625844
0.626109
0.626259
0.626358
0.626464
0.626569
0.626609
0.626514
0.626298
0.625994
0.625777
0.625825
0.626575
0.628162
0.631401
0.634078
0.652267
0.644403
0.648546
0.65157
0.654955
0.657753
0.660061
0.66182
0.663099
0.663945
0.664447
0.664654
0.664757
0.664754
0.664442
0.663769
0.662641
0.661013
0.658818
0.656111
0.652807
0.649849
0.645865
0.653643
1.03885
1.03682
1.04312
1.04225
1.0339
1.01958
1.00149
0.982121
0.96564
0.95699
0.957303
0.964805
0.979065
0.985073
0.975958
0.965606
0.963143
0.97063
0.988478
1.00915
1.02562
1.03474
1.03708
1.03725
0.788971
0.788246
0.787648
0.787053
0.786702
0.786509
0.78646
0.786488
0.786559
0.78664
0.78671
0.786756
0.786771
0.786754
0.786711
0.786656
0.786607
0.786597
0.786659
0.786857
0.787206
0.787795
0.788388
0.789107
0.115572
0.128545
0.144044
0.150551
0.154722
0.157028
0.158609
0.159677
0.160428
0.160646
0.161067
0.159751
0.163385
0.164029
0.159272
0.160893
0.161698
0.162646
0.163556
0.164827
0.166473
0.16974
0.17221
0.180597
0.960891
0.961672
0.963239
0.963775
0.963989
0.96379
0.96358
0.96332
0.963119
0.963011
0.96298
0.963061
0.96307
0.963025
0.963101
0.963254
0.963496
0.963792
0.964032
0.964255
0.964059
0.963534
0.961972
0.961189
0.489889
0.490548
0.490998
0.491188
0.491116
0.490833
0.490422
0.489979
0.489587
0.489297
0.489115
0.489037
0.489015
0.489066
0.489244
0.489548
0.489974
0.490472
0.490952
0.491332
0.49152
0.491458
0.491122
0.490557
0.946861
0.945612
0.944058
0.942463
0.940838
0.939258
0.937752
0.936392
0.935153
0.934149
0.93353
0.933343
0.933345
0.933548
0.934195
0.935231
0.936504
0.937898
0.939435
0.941039
0.942682
0.944292
0.945853
0.947097
0.780802
0.779517
0.778523
0.777701
0.777195
0.776858
0.776655
0.776524
0.776446
0.776402
0.776383
0.776384
0.776401
0.776434
0.776486
0.776563
0.776672
0.776831
0.777058
0.777414
0.777934
0.778764
0.779763
0.781046
0.531128
0.531327
0.5323
0.533813
0.535717
0.537815
0.539938
0.541933
0.543653
0.545004
0.54591
0.546327
0.546252
0.545678
0.544618
0.543134
0.541301
0.539217
0.537028
0.534886
0.532958
0.531446
0.530473
0.530273
0.782595
0.782566
0.782428
0.782271
0.782111
0.781969
0.78185
0.781755
0.781684
0.781636
0.781609
0.781599
0.7816
0.781615
0.781651
0.781708
0.781788
0.781892
0.782022
0.782174
0.782344
0.782511
0.782654
0.782684
1.01237
1.0054
0.99931
0.992375
0.986129
0.981564
0.979181
0.978898
0.980857
0.985037
0.991076
0.998097
1.00495
1.00821
1.00417
0.997038
0.990318
0.984938
0.982056
0.982184
0.985021
0.990672
0.997487
1.00204
0.504107
0.505826
0.507424
0.509013
0.510527
0.511711
0.512638
0.513346
0.513887
0.514281
0.514534
0.514618
0.51454
0.514302
0.513898
0.51336
0.51268
0.51184
0.51079
0.509491
0.507884
0.506226
0.504601
0.502848
0.896591
0.896312
0.895916
0.895726
0.895704
0.895783
0.895867
0.895927
0.895961
0.895975
0.895974
0.895964
0.895945
0.895918
0.895883
0.895834
0.895767
0.895676
0.895558
0.895464
0.895494
0.895705
0.896123
0.89641
0.887515
0.886625
0.885882
0.885342
0.885269
0.885301
0.885567
0.885846
0.886197
0.886496
0.886751
0.886902
0.886945
0.886885
0.886728
0.886533
0.886293
0.886129
0.885991
0.886081
0.886279
0.886946
0.887803
0.888759
0.937512
0.938214
0.939621
0.940148
0.940533
0.940505
0.940505
0.940434
0.940399
0.940398
0.940425
0.940501
0.940511
0.940466
0.940474
0.940512
0.940583
0.940687
0.940716
0.940767
0.940397
0.939881
0.93848
0.937777
0.610008
0.608046
0.6055
0.60387
0.602741
0.602156
0.601848
0.601731
0.601673
0.601666
0.601667
0.601731
0.601836
0.601976
0.602164
0.602342
0.602548
0.60279
0.603199
0.603859
0.605037
0.606688
0.609234
0.611174
0.970188
0.969912
0.972677
0.975544
0.97897
0.982013
0.984887
0.987432
0.989828
0.992192
0.994609
0.996598
0.997604
0.998035
0.996249
0.994638
0.992794
0.990469
0.98751
0.984178
0.980227
0.97682
0.973438
0.973746
0.942694
0.943929
0.946108
0.94858
0.951559
0.954521
0.957466
0.960165
0.962573
0.964564
0.966069
0.966965
0.967221
0.966785
0.965753
0.964147
0.962062
0.959588
0.956784
0.953862
0.95084
0.948312
0.945899
0.944791
0.751515
0.751518
0.75015
0.748764
0.747674
0.746901
0.746307
0.745875
0.745554
0.745386
0.745267
0.745326
0.745317
0.745246
0.745356
0.745517
0.74583
0.746254
0.746836
0.747597
0.748667
0.750044
0.751387
0.751384
0.672871
0.672348
0.671375
0.670774
0.670396
0.670298
0.670292
0.670356
0.670434
0.670596
0.670744
0.671049
0.671018
0.67066
0.670468
0.670263
0.670145
0.670041
0.670005
0.670063
0.670399
0.670966
0.671903
0.672426
1.04047
1.04711
1.06187
1.06637
1.06097
1.04439
1.02106
0.99437
0.968165
0.94763
0.939541
0.948355
0.977793
0.988064
0.966602
0.951077
0.956477
0.978064
1.00655
1.03305
1.0498
1.05241
1.04205
1.03476
0.785443
0.785215
0.784498
0.783696
0.782818
0.781804
0.780957
0.78033
0.779885
0.779569
0.77937
0.77927
0.779259
0.779335
0.779508
0.779796
0.780211
0.780808
0.781624
0.782631
0.783605
0.784422
0.785107
0.78525
0.818947
0.818545
0.81841
0.818327
0.818321
0.818314
0.818326
0.818328
0.818332
0.818331
0.818332
0.818336
0.818347
0.818366
0.818387
0.818412
0.818433
0.818456
0.818469
0.818499
0.818525
0.818622
0.818764
0.81916
0.854724
0.854154
0.853873
0.853628
0.853582
0.853559
0.853654
0.853754
0.853896
0.854018
0.854126
0.854193
0.854219
0.854205
0.854151
0.854086
0.854002
0.853962
0.853928
0.85401
0.854111
0.854404
0.85472
0.8553
0.95245
0.952569
0.953138
0.953694
0.95427
0.954745
0.955168
0.955515
0.9558
0.956024
0.956185
0.95628
0.956294
0.956225
0.956093
0.955901
0.955648
0.955334
0.954943
0.954497
0.953948
0.953415
0.95286
0.952749
0.828447
0.828052
0.828085
0.828174
0.828369
0.828532
0.828698
0.828819
0.828924
0.828996
0.829048
0.829075
0.829083
0.829072
0.829037
0.828984
0.828901
0.828802
0.828661
0.828523
0.828349
0.828273
0.828242
0.828623
0.795316
0.794848
0.794503
0.794541
0.794872
0.795291
0.795703
0.796059
0.796343
0.796554
0.796691
0.796755
0.796742
0.796649
0.79648
0.796234
0.79591
0.795506
0.795032
0.794539
0.794135
0.794028
0.79431
0.794853
0.790713
0.789993
0.789446
0.788969
0.788679
0.788492
0.788399
0.788353
0.788339
0.78834
0.788351
0.788365
0.788382
0.7884
0.788423
0.788453
0.788499
0.788574
0.788691
0.788899
0.789204
0.789687
0.790233
0.790948
0.881008
0.88035
0.880015
0.879521
0.879316
0.879149
0.879217
0.879318
0.879514
0.879685
0.879844
0.879941
0.879982
0.87997
0.8799
0.879823
0.879727
0.87973
0.87977
0.880046
0.880356
0.880955
0.88138
0.882095
0.974871
0.975602
0.978143
0.980689
0.983813
0.98657
0.988923
0.990974
0.992817
0.994287
0.995427
0.996711
0.997767
0.999555
1.00088
0.999562
0.998103
0.995971
0.993243
0.990024
0.986174
0.982921
0.979633
0.978862
0.907126
0.905617
0.904705
0.904371
0.904605
0.90513
0.905916
0.906726
0.907548
0.908235
0.908764
0.909059
0.90913
0.908964
0.908574
0.908032
0.907365
0.906717
0.906107
0.905767
0.905741
0.906269
0.907475
0.908946
0.848293
0.847458
0.84768
0.84742
0.847386
0.847164
0.847094
0.846959
0.846909
0.846852
0.846832
0.846825
0.846837
0.846868
0.846915
0.846998
0.847074
0.847235
0.847327
0.847568
0.847613
0.847882
0.84766
0.848492
0.562662
0.564182
0.565978
0.567896
0.5699
0.571893
0.573755
0.575381
0.576715
0.577747
0.578435
0.578737
0.578657
0.57819
0.577336
0.576146
0.574663
0.572905
0.57093
0.56885
0.566784
0.564821
0.562982
0.561433
0.686567
0.687151
0.685999
0.684994
0.684322
0.684017
0.683862
0.683791
0.683726
0.683723
0.68369
0.683801
0.683778
0.683626
0.683619
0.683586
0.683615
0.683649
0.683765
0.684034
0.684667
0.685643
0.686758
0.68616
0.887838
0.887896
0.888171
0.888624
0.889161
0.889666
0.890112
0.89047
0.890753
0.890961
0.891088
0.891159
0.89117
0.891121
0.891018
0.890837
0.890583
0.890253
0.889836
0.88936
0.888851
0.888423
0.888164
0.88812
0.922283
0.92288
0.924486
0.924934
0.92529
0.925143
0.925098
0.924954
0.924857
0.924777
0.924733
0.924759
0.924771
0.92478
0.924862
0.924977
0.925108
0.925281
0.925354
0.925521
0.925175
0.924733
0.92313
0.922528
0.798366
0.798421
0.798852
0.799341
0.79983
0.800299
0.800729
0.801105
0.801415
0.80165
0.801804
0.801874
0.801858
0.801757
0.801574
0.801313
0.800981
0.800585
0.800137
0.799653
0.79915
0.798651
0.798221
0.798163
1.03503
1.03586
1.03902
1.03682
1.02786
1.01436
0.999315
0.985735
0.976511
0.972556
0.973921
0.98108
0.995235
1.00253
0.993761
0.982803
0.979759
0.983265
0.99384
1.00888
1.02339
1.03244
1.03565
1.03703
0.582475
0.578588
0.57763
0.575965
0.574516
0.573057
0.571749
0.570667
0.569854
0.569305
0.568997
0.568884
0.568914
0.569095
0.569478
0.570097
0.570972
0.572103
0.573444
0.574919
0.576371
0.578015
0.578971
0.582687
0.748972
0.748828
0.748949
0.749334
0.74986
0.750407
0.750911
0.751336
0.751666
0.751898
0.752037
0.75209
0.752062
0.751952
0.751761
0.751487
0.751127
0.750686
0.750179
0.749641
0.749137
0.748785
0.748704
0.748893
0.865939
0.865508
0.866021
0.86626
0.866712
0.866923
0.867181
0.867313
0.867459
0.867557
0.867643
0.867696
0.867702
0.867665
0.867597
0.86752
0.867397
0.867286
0.86705
0.866858
0.866421
0.866192
0.865682
0.866107
0.886135
0.885642
0.886288
0.886558
0.887092
0.887276
0.887516
0.887615
0.887741
0.887833
0.887926
0.888001
0.888006
0.887949
0.88788
0.887813
0.887713
0.88764
0.887421
0.887258
0.886736
0.886475
0.885832
0.886323
0.850422
0.850147
0.85007
0.850155
0.85041
0.850721
0.851056
0.851352
0.851603
0.851784
0.851901
0.851961
0.85197
0.85193
0.851834
0.851675
0.851449
0.851181
0.85087
0.850583
0.85035
0.850286
0.850381
0.850676
0.904112
0.903544
0.902981
0.902797
0.902772
0.902822
0.902926
0.903056
0.903191
0.903305
0.903393
0.903449
0.903458
0.903421
0.903353
0.903262
0.903152
0.903049
0.902972
0.902949
0.902996
0.903197
0.903771
0.904345
0.734538
0.732803
0.731613
0.731246
0.731313
0.731898
0.732612
0.733327
0.733945
0.734416
0.734738
0.7349
0.734898
0.734728
0.734398
0.733917
0.733291
0.73257
0.731848
0.731241
0.73097
0.731296
0.732489
0.734379
0.938793
0.938439
0.939788
0.941703
0.944388
0.947232
0.950166
0.952928
0.955432
0.957507
0.959051
0.95993
0.960071
0.959446
0.958195
0.956388
0.954143
0.951596
0.948856
0.946133
0.943599
0.941731
0.94063
0.941085
1.01833
1.00992
1.00311
0.995899
0.990166
0.986219
0.984113
0.983932
0.985884
0.989987
0.995815
1.00206
1.00746
1.01074
1.00745
1.00171
0.995631
0.990184
0.986964
0.986447
0.988467
0.992948
0.99901
1.00296
0.595841
0.596176
0.597055
0.598392
0.599891
0.601414
0.602825
0.604072
0.605132
0.60595
0.606495
0.60674
0.606667
0.606275
0.605584
0.604629
0.603442
0.602084
0.600589
0.599002
0.597433
0.596035
0.59511
0.594761
0.527848
0.526957
0.525239
0.523105
0.520893
0.51874
0.516727
0.514932
0.51343
0.512281
0.511529
0.511194
0.511273
0.511769
0.512682
0.513986
0.515633
0.51756
0.519691
0.521952
0.524269
0.526525
0.528342
0.529275
0.705758
0.70608
0.705949
0.705504
0.705122
0.70484
0.704684
0.704611
0.704592
0.704597
0.704606
0.7046
0.704571
0.704518
0.704449
0.704385
0.704345
0.704359
0.704457
0.704683
0.705011
0.70541
0.705504
0.705175
1.02756
1.02316
1.0189
1.01268
1.00358
0.99313
0.982975
0.974745
0.970253
0.969713
0.972311
0.977424
0.986494
0.990371
0.984136
0.977186
0.974108
0.974554
0.980079
0.990711
1.00279
1.01324
1.02052
1.02317
0.975623
0.973392
0.973556
0.974083
0.975532
0.97728
0.979463
0.98156
0.983436
0.985251
0.987142
0.989072
0.991027
0.993417
0.995137
0.994502
0.992741
0.98981
0.986306
0.983103
0.980268
0.978673
0.977693
0.979892
0.79705
0.797141
0.797253
0.797351
0.797453
0.797568
0.797686
0.7978
0.797898
0.797975
0.798024
0.798044
0.798026
0.797977
0.797905
0.797811
0.7977
0.797578
0.797455
0.797339
0.797239
0.797147
0.797044
0.796958
0.863059
0.86171
0.860862
0.860199
0.860029
0.859928
0.860052
0.860167
0.860358
0.860511
0.860655
0.860739
0.860763
0.86073
0.860641
0.860546
0.860417
0.860369
0.860305
0.86047
0.860698
0.861414
0.862305
0.863679
0.492402
0.490654
0.489407
0.48834
0.487502
0.486862
0.486442
0.486212
0.486112
0.486111
0.486146
0.486188
0.486221
0.486238
0.486258
0.486324
0.486496
0.486803
0.487307
0.488014
0.488909
0.490031
0.49131
0.493115
0.556803
0.557516
0.559193
0.56124
0.563341
0.565422
0.567388
0.56917
0.570683
0.571878
0.572683
0.573067
0.573005
0.57249
0.571556
0.570248
0.568637
0.566774
0.564744
0.562612
0.560475
0.5584
0.556713
0.556002
0.50802
0.507225
0.507568
0.508489
0.509708
0.511081
0.512514
0.513918
0.51518
0.516215
0.516926
0.517259
0.517212
0.516773
0.515956
0.514837
0.513509
0.512059
0.510596
0.509204
0.507985
0.507093
0.506812
0.507736
0.493448
0.49183
0.491143
0.49088
0.490997
0.491398
0.491954
0.492598
0.493245
0.493825
0.494247
0.494458
0.494442
0.494188
0.493724
0.493122
0.492469
0.491835
0.4913
0.490945
0.49088
0.491189
0.491911
0.493591
0.490337
0.490197
0.489876
0.489265
0.48845
0.487507
0.486483
0.485492
0.484641
0.483994
0.483574
0.483382
0.483391
0.48361
0.48407
0.484771
0.485685
0.486739
0.48781
0.488862
0.489828
0.490614
0.491096
0.491365
0.849079
0.848571
0.848837
0.848589
0.848523
0.848249
0.848145
0.847984
0.847927
0.847871
0.847862
0.847867
0.847878
0.847902
0.847941
0.848028
0.848116
0.848308
0.848441
0.848739
0.848822
0.849084
0.848821
0.849331
0.658015
0.650674
0.659413
0.664748
0.670044
0.673962
0.677049
0.679347
0.681037
0.682204
0.682943
0.683262
0.683355
0.683227
0.682668
0.681667
0.680125
0.67796
0.674992
0.671175
0.665972
0.660712
0.652082
0.659421
0.537181
0.535926
0.534063
0.531988
0.529909
0.52792
0.526075
0.52442
0.523006
0.52189
0.521133
0.520791
0.520901
0.521459
0.522425
0.523734
0.52532
0.527123
0.529091
0.531182
0.533345
0.535496
0.537414
0.538688
0.902802
0.903546
0.904361
0.904856
0.905346
0.905692
0.906022
0.906265
0.906465
0.906612
0.906715
0.906772
0.906784
0.906753
0.906676
0.906556
0.906383
0.906167
0.905864
0.905544
0.905078
0.904604
0.9038
0.903056
1.00933
1.00549
0.998829
0.991382
0.983359
0.974861
0.966518
0.959553
0.955905
0.956901
0.959887
0.963383
0.967289
0.968347
0.966226
0.96392
0.961049
0.958676
0.962255
0.970329
0.980094
0.989665
0.997453
1.00262
0.928538
0.928664
0.929633
0.930925
0.932518
0.934211
0.935973
0.937729
0.939466
0.941014
0.942263
0.943119
0.943516
0.943414
0.942827
0.941761
0.940316
0.938653
0.936851
0.934993
0.933125
0.931518
0.930145
0.929927
0.503827
0.502951
0.50236
0.50196
0.501707
0.501374
0.500992
0.500578
0.500207
0.499912
0.499688
0.499548
0.499505
0.499577
0.499753
0.500011
0.500361
0.500768
0.501159
0.501514
0.501802
0.502237
0.502875
0.503747
0.899454
0.898639
0.898084
0.897803
0.897981
0.898358
0.898949
0.89957
0.900214
0.900763
0.901193
0.901445
0.901506
0.901376
0.901073
0.900657
0.900153
0.899678
0.899241
0.899023
0.899012
0.89945
0.900156
0.90102
0.991495
0.995579
0.998123
0.997529
0.995605
0.993453
0.991437
0.989709
0.988342
0.987307
0.986645
0.98646
0.98648
0.986714
0.987437
0.98852
0.989923
0.991672
0.993698
0.995852
0.997781
0.998385
0.995837
0.991751
0.980173
0.978124
0.978829
0.979902
0.981725
0.983525
0.985536
0.987711
0.989849
0.991351
0.992662
0.994023
0.995643
0.997176
1.00011
0.998092
0.996522
0.993892
0.991255
0.988691
0.985994
0.984147
0.9828
0.985042
0.823058
0.822943
0.82294
0.822944
0.822991
0.823033
0.823088
0.823135
0.823184
0.823226
0.823263
0.823291
0.82331
0.823321
0.823323
0.823321
0.823312
0.823304
0.823288
0.823284
0.823269
0.823291
0.823309
0.823429
0.641853
0.641847
0.642027
0.642522
0.642965
0.643421
0.643811
0.644197
0.644558
0.64495
0.645254
0.645537
0.645499
0.645143
0.644773
0.644319
0.643906
0.643472
0.64304
0.642548
0.642079
0.641555
0.64135
0.641313
0.890977
0.891396
0.892229
0.893102
0.893943
0.894646
0.895229
0.895696
0.896061
0.896331
0.896514
0.896611
0.896624
0.896552
0.896396
0.896155
0.89582
0.895387
0.89484
0.894178
0.893376
0.892541
0.891739
0.89134
0.653229
0.649816
0.646173
0.644883
0.644821
0.645594
0.646633
0.647684
0.648544
0.649176
0.649565
0.64979
0.649887
0.649848
0.649631
0.649153
0.648426
0.647489
0.646542
0.645837
0.645942
0.647246
0.650865
0.654231
0.631218
0.628725
0.62568
0.624324
0.623814
0.62395
0.624319
0.624748
0.625089
0.625316
0.625435
0.625506
0.625617
0.625761
0.625842
0.625793
0.625607
0.625308
0.625044
0.624986
0.625546
0.626922
0.629953
0.632396
0.989095
0.986486
0.98316
0.979371
0.976087
0.973275
0.971297
0.970341
0.971113
0.974936
0.981102
0.985881
0.989945
0.991959
0.992324
0.990867
0.984362
0.978367
0.976496
0.97727
0.979361
0.982589
0.985549
0.988732
0.91095
0.910882
0.910751
0.910889
0.911083
0.911276
0.911466
0.911634
0.911807
0.911943
0.912039
0.912095
0.912104
0.912068
0.911993
0.911879
0.91173
0.911587
0.911423
0.911255
0.911083
0.910964
0.911109
0.911186
0.987744
0.985036
0.983053
0.980547
0.978412
0.976072
0.973645
0.971584
0.970973
0.972343
0.976703
0.982282
0.986838
0.990417
0.992465
0.993056
0.989492
0.986174
0.985072
0.984964
0.985242
0.986623
0.987891
0.991086
0.857443
0.858114
0.859091
0.859946
0.860695
0.861295
0.861768
0.862119
0.862368
0.862532
0.862633
0.862685
0.862698
0.862673
0.862601
0.862468
0.862253
0.861941
0.86151
0.860957
0.860257
0.859453
0.858525
0.857888
0.802363
0.802452
0.802632
0.802671
0.802723
0.802728
0.802728
0.802718
0.802712
0.802709
0.802714
0.802723
0.802737
0.802755
0.802779
0.802808
0.802841
0.802876
0.8029
0.802915
0.802881
0.802855
0.802683
0.802608
0.914474
0.914805
0.915644
0.916574
0.917488
0.918286
0.918966
0.919509
0.919931
0.920234
0.920452
0.920566
0.920579
0.920489
0.920297
0.920021
0.919628
0.919116
0.91847
0.917709
0.916829
0.915932
0.915121
0.91481
0.828263
0.828049
0.828006
0.82798
0.82801
0.82804
0.828096
0.828151
0.828213
0.828268
0.828316
0.828348
0.828366
0.828369
0.828358
0.82834
0.828314
0.828296
0.828275
0.828279
0.828279
0.828329
0.828386
0.828601
0.717513
0.715972
0.714387
0.713666
0.713357
0.713466
0.713821
0.714278
0.714692
0.715045
0.715297
0.715423
0.715411
0.71526
0.714982
0.714599
0.714151
0.713658
0.713266
0.713104
0.713315
0.714
0.715589
0.71717
0.63704
0.637286
0.638007
0.639084
0.640221
0.641313
0.642306
0.643188
0.643919
0.644483
0.644864
0.645038
0.64499
0.644715
0.644234
0.643579
0.642767
0.641819
0.640777
0.639649
0.638481
0.637371
0.636628
0.636372
0.98116
0.981357
0.982358
0.98254
0.982377
0.981936
0.981467
0.981026
0.980669
0.980434
0.980312
0.98035
0.980362
0.980361
0.980528
0.980808
0.981209
0.981689
0.982193
0.982661
0.982843
0.982677
0.981685
0.981484
0.809969
0.808588
0.808117
0.808383
0.809414
0.811003
0.812814
0.814586
0.816144
0.81737
0.818195
0.818583
0.818558
0.818115
0.817247
0.816001
0.814454
0.81272
0.810974
0.809468
0.808532
0.808324
0.808818
0.810186
0.988435
0.984822
0.981192
0.977207
0.973821
0.970959
0.968953
0.967396
0.966034
0.967964
0.972599
0.978534
0.982952
0.985768
0.986889
0.985685
0.981951
0.977453
0.975942
0.976947
0.979051
0.982454
0.98576
0.989959
0.680786
0.678761
0.689894
0.698394
0.705581
0.710912
0.714997
0.718124
0.720578
0.72251
0.723945
0.724725
0.72478
0.724136
0.722828
0.721023
0.718695
0.715694
0.711734
0.70652
0.699442
0.691036
0.679964
0.68202
0.943153
0.943614
0.944841
0.946499
0.948571
0.950804
0.953237
0.955627
0.95778
0.959654
0.961241
0.962418
0.963113
0.963239
0.962785
0.961677
0.959951
0.957627
0.954959
0.952265
0.949633
0.947418
0.945542
0.944665
0.505711
0.505289
0.505614
0.506663
0.508191
0.510012
0.511965
0.513895
0.515616
0.51699
0.517915
0.518338
0.518275
0.517716
0.516656
0.515173
0.513366
0.511375
0.509375
0.507506
0.505953
0.504893
0.504556
0.50498
0.873419
0.873811
0.875169
0.875331
0.875473
0.875299
0.875216
0.875054
0.874967
0.874883
0.874839
0.87483
0.874841
0.874875
0.874946
0.875057
0.87517
0.875357
0.875462
0.875649
0.875517
0.875361
0.874
0.873598
1.00517
1.00245
0.996638
0.989578
0.982335
0.975186
0.968412
0.962378
0.958834
0.960602
0.964585
0.96873
0.972815
0.973639
0.971813
0.969097
0.965665
0.962291
0.965209
0.972396
0.980839
0.989357
0.996059
0.999929
0.974285
0.972703
0.971932
0.971247
0.971171
0.971503
0.972501
0.974215
0.976756
0.980111
0.984061
0.987964
0.99102
0.992581
0.991744
0.989943
0.986484
0.982899
0.97968
0.977208
0.97544
0.974778
0.974654
0.976463
0.939782
0.939655
0.939514
0.939477
0.939553
0.939697
0.939867
0.940039
0.9402
0.940338
0.94044
0.940479
0.94045
0.940383
0.940288
0.940173
0.940046
0.939917
0.939797
0.939713
0.939705
0.93982
0.940022
0.940161
0.980557
0.978725
0.977009
0.975133
0.973842
0.973036
0.97301
0.973853
0.975759
0.978894
0.983131
0.987962
0.993195
0.995381
0.992672
0.989812
0.98555
0.981825
0.979163
0.977684
0.977163
0.977824
0.978747
0.980956
0.894102
0.893027
0.892312
0.891891
0.891934
0.892168
0.892622
0.893109
0.893637
0.894089
0.894461
0.894682
0.894734
0.894623
0.894367
0.894035
0.893635
0.893282
0.892967
0.892879
0.892986
0.893552
0.894401
0.895545
0.986197
0.987375
0.988744
0.988831
0.988404
0.987683
0.986955
0.986288
0.985745
0.985373
0.985168
0.985191
0.985203
0.985221
0.985477
0.985897
0.986485
0.987193
0.987954
0.988699
0.989146
0.989073
0.987711
0.986527
0.804151
0.802882
0.801627
0.800648
0.799782
0.798861
0.798136
0.797638
0.797326
0.797189
0.797172
0.797268
0.797265
0.797165
0.797185
0.797327
0.797648
0.798154
0.798884
0.799816
0.800725
0.801718
0.802968
0.804232
0.61054
0.606295
0.604883
0.604347
0.604405
0.604601
0.604804
0.604894
0.604862
0.604734
0.604594
0.604522
0.604635
0.604929
0.605279
0.605595
0.605789
0.60583
0.60573
0.605609
0.605604
0.606175
0.607634
0.611792
0.869924
0.869676
0.86923
0.86908
0.869016
0.868977
0.86899
0.869037
0.86913
0.869225
0.8693
0.869347
0.869351
0.869312
0.869248
0.869166
0.869088
0.869059
0.869065
0.869122
0.869202
0.869366
0.869821
0.870079
0.932021
0.932163
0.933292
0.934784
0.936617
0.93853
0.940498
0.942428
0.944255
0.945861
0.94715
0.948012
0.948387
0.94823
0.947579
0.946449
0.944935
0.943152
0.941191
0.939163
0.937113
0.93538
0.933917
0.933652
0.8282
0.828214
0.828415
0.82859
0.828778
0.828919
0.829045
0.829132
0.829199
0.829243
0.829273
0.82929
0.8293
0.829301
0.829291
0.829268
0.829223
0.82916
0.829058
0.828941
0.828774
0.828615
0.828423
0.828403
0.986533
0.983922
0.98291
0.981764
0.981132
0.98051
0.98027
0.980326
0.980647
0.981534
0.983576
0.986659
0.98976
0.992677
0.994582
0.995521
0.994304
0.992752
0.990608
0.989121
0.988169
0.988211
0.988466
0.991462
0.885332
0.884297
0.883595
0.883119
0.882998
0.883012
0.883245
0.883517
0.883853
0.884142
0.884399
0.884553
0.8846
0.884543
0.884386
0.884201
0.883974
0.883815
0.8837
0.883809
0.88405
0.884641
0.885445
0.88654
0.781277
0.780841
0.780653
0.780853
0.78118
0.781587
0.782011
0.782427
0.782801
0.783109
0.783331
0.783448
0.783451
0.78334
0.783122
0.782817
0.782446
0.782032
0.78161
0.781205
0.780877
0.780673
0.780857
0.781292
0.851738
0.851565
0.852219
0.852353
0.852577
0.852532
0.852563
0.852507
0.852508
0.852493
0.852503
0.852515
0.852522
0.852529
0.85254
0.852577
0.8526
0.852678
0.852668
0.852731
0.85252
0.852394
0.851739
0.851902
0.914354
0.914082
0.914454
0.915192
0.91625
0.917444
0.918707
0.919941
0.921082
0.922052
0.922798
0.923265
0.923425
0.923271
0.922822
0.922112
0.921191
0.920132
0.919005
0.917909
0.916942
0.916277
0.916022
0.916381
0.838579
0.83906
0.839561
0.839831
0.840039
0.8402
0.840368
0.840513
0.840642
0.840741
0.840811
0.84085
0.840861
0.840845
0.840797
0.840721
0.840616
0.840494
0.840348
0.840206
0.840016
0.839764
0.83928
0.838805
0.486145
0.487473
0.488557
0.489396
0.489999
0.490317
0.490444
0.490448
0.490391
0.490292
0.490176
0.490088
0.490048
0.490066
0.490125
0.490176
0.490198
0.490174
0.490045
0.489742
0.489171
0.488362
0.487292
0.485944
0.590254
0.588731
0.586598
0.584993
0.583667
0.582741
0.582053
0.581578
0.581225
0.581003
0.580871
0.580876
0.58098
0.581175
0.581495
0.581889
0.582391
0.582993
0.583785
0.584791
0.586172
0.587807
0.589953
0.591466
0.919298
0.918596
0.918378
0.918729
0.919647
0.920854
0.922254
0.923647
0.924958
0.926057
0.926881
0.927355
0.92745
0.927162
0.926532
0.925625
0.924504
0.923296
0.922084
0.921052
0.920341
0.92014
0.920627
0.921222
0.980946
0.979194
0.978942
0.978698
0.978927
0.97911
0.97942
0.979468
0.979779
0.980831
0.983143
0.987028
0.991111
0.994555
0.995772
0.996428
0.994563
0.992285
0.989825
0.987377
0.985231
0.984042
0.983309
0.985246
0.974042
0.973433
0.974056
0.974242
0.974902
0.975656
0.97687
0.978842
0.981352
0.984263
0.987605
0.991043
0.993985
0.9964
0.996627
0.995222
0.992148
0.988447
0.984976
0.982386
0.980085
0.978631
0.976976
0.977616
0.891934
0.891954
0.892493
0.892845
0.893317
0.893621
0.893935
0.89415
0.894345
0.894487
0.894594
0.894657
0.894667
0.894625
0.894541
0.894422
0.894252
0.894063
0.893772
0.89349
0.893035
0.892698
0.892166
0.892146
0.909627
0.908581
0.908504
0.908887
0.909646
0.910602
0.911663
0.912724
0.913715
0.914564
0.915221
0.915642
0.915806
0.915704
0.915345
0.914752
0.913972
0.913071
0.912128
0.911252
0.910559
0.91022
0.910394
0.911456
0.8262
0.826012
0.826154
0.826316
0.826514
0.826644
0.826732
0.826766
0.826772
0.826761
0.826749
0.826745
0.826756
0.826781
0.826816
0.826852
0.826873
0.826869
0.826813
0.826716
0.826549
0.826411
0.826285
0.82647
0.951373
0.953039
0.956175
0.959362
0.96291
0.966235
0.969476
0.972424
0.975072
0.977285
0.979028
0.980123
0.980587
0.980251
0.979274
0.977608
0.975373
0.972655
0.969476
0.96607
0.962242
0.95876
0.955045
0.953287
0.907642
0.907983
0.908433
0.90899
0.909586
0.910125
0.910601
0.910978
0.911259
0.911485
0.911644
0.911729
0.911743
0.911685
0.911553
0.911357
0.911105
0.910761
0.910318
0.909813
0.909248
0.908719
0.908287
0.907956
0.819243
0.81893
0.818851
0.818811
0.818829
0.818838
0.81887
0.818896
0.818929
0.818957
0.818984
0.819003
0.819017
0.819025
0.819026
0.819026
0.819022
0.819024
0.819018
0.819034
0.819037
0.819091
0.819175
0.819482
0.8841
0.883699
0.883377
0.883106
0.883082
0.883182
0.883454
0.883769
0.884127
0.884444
0.884703
0.884865
0.884916
0.88486
0.884708
0.884503
0.884261
0.884064
0.883913
0.883937
0.884083
0.884468
0.88489
0.885341
0.620898
0.616302
0.614394
0.61198
0.610786
0.609905
0.60955
0.609444
0.60947
0.609511
0.609525
0.609517
0.60951
0.609504
0.60947
0.609411
0.609363
0.609455
0.609805
0.610682
0.611883
0.614338
0.616235
0.620883
0.954971
0.954732
0.955587
0.956787
0.958603
0.960691
0.96309
0.965579
0.968098
0.970608
0.972983
0.975005
0.976334
0.976911
0.976503
0.975143
0.972964
0.970217
0.967075
0.963936
0.960966
0.958745
0.956931
0.956927
0.832605
0.832057
0.831798
0.831637
0.831579
0.831557
0.831583
0.83162
0.831673
0.831725
0.831773
0.831809
0.831834
0.831846
0.831847
0.831845
0.831841
0.831853
0.831875
0.831942
0.83204
0.832233
0.832511
0.833063
0.903562
0.90391
0.905177
0.905481
0.905843
0.90577
0.905755
0.90562
0.905537
0.905456
0.90541
0.905417
0.905429
0.905454
0.905535
0.905647
0.905761
0.905923
0.90596
0.906051
0.905698
0.9054
0.904134
0.903781
0.902817
0.903045
0.903726
0.904517
0.90534
0.906057
0.906674
0.907178
0.907572
0.907861
0.90806
0.908166
0.908179
0.908099
0.907927
0.907667
0.907305
0.906834
0.906254
0.905577
0.904792
0.904037
0.903384
0.903169
0.910716
0.911414
0.912451
0.913152
0.913831
0.914242
0.914612
0.914872
0.915102
0.915278
0.91541
0.915489
0.915499
0.915443
0.915336
0.915187
0.914984
0.914752
0.914409
0.914021
0.913362
0.912678
0.91165
0.910957
0.58227
0.582885
0.583309
0.58432
0.585384
0.586451
0.587393
0.588267
0.589035
0.589757
0.590301
0.590727
0.590685
0.590179
0.589564
0.588781
0.58796
0.587041
0.586061
0.584959
0.583865
0.582819
0.582373
0.581759
0.774005
0.773927
0.773635
0.773324
0.773026
0.772764
0.772535
0.772343
0.772189
0.772074
0.772002
0.771973
0.771983
0.772034
0.772128
0.772261
0.772433
0.772642
0.772886
0.773163
0.773472
0.773792
0.774088
0.774163
0.542753
0.543625
0.543894
0.544542
0.545295
0.546217
0.547101
0.547935
0.548627
0.549211
0.549576
0.549803
0.549773
0.549484
0.549062
0.548431
0.547699
0.546836
0.54593
0.544993
0.544227
0.543577
0.543296
0.542425
0.90076
0.902086
0.903602
0.904864
0.905946
0.906799
0.907495
0.90803
0.908434
0.908724
0.908919
0.909018
0.90903
0.908955
0.908784
0.908521
0.908147
0.907643
0.906984
0.906172
0.905133
0.903914
0.902432
0.901129
0.849715
0.84955
0.849484
0.849436
0.849499
0.849615
0.849784
0.849962
0.850142
0.8503
0.850428
0.85051
0.850543
0.850528
0.850469
0.850382
0.850273
0.850169
0.850072
0.850027
0.850031
0.850135
0.850237
0.850414
0.625608
0.616827
0.615693
0.615328
0.616118
0.616573
0.617009
0.61721
0.617266
0.617178
0.617042
0.616869
0.616931
0.617247
0.617517
0.61771
0.617741
0.617605
0.617214
0.616782
0.615971
0.616279
0.617299
0.625919
0.557718
0.558628
0.558837
0.559422
0.560151
0.56106
0.561965
0.562819
0.563528
0.564132
0.564515
0.564771
0.564736
0.56441
0.563962
0.563303
0.562547
0.561654
0.560715
0.55978
0.559032
0.558435
0.558207
0.557291
0.717864
0.717653
0.71746
0.717361
0.717326
0.71732
0.717327
0.717341
0.717357
0.717376
0.717396
0.717419
0.717446
0.717476
0.717511
0.717551
0.717595
0.717644
0.717698
0.717763
0.717853
0.718
0.718234
0.718474
0.66951
0.671702
0.673055
0.673784
0.674041
0.674004
0.673845
0.673692
0.673683
0.673712
0.673734
0.673724
0.673683
0.673607
0.673496
0.673379
0.673303
0.673372
0.673456
0.673432
0.673145
0.672385
0.671007
0.668795
0.971656
0.971357
0.97131
0.971404
0.971491
0.971494
0.971434
0.97134
0.971263
0.971224
0.971224
0.971253
0.971264
0.971262
0.971293
0.971365
0.971476
0.971603
0.971695
0.971719
0.971654
0.971578
0.971635
0.971938
0.849178
0.848575
0.848604
0.848237
0.84811
0.847824
0.847728
0.847582
0.847535
0.847481
0.847467
0.847463
0.847478
0.847513
0.847559
0.847646
0.847726
0.847904
0.84803
0.84834
0.848487
0.84887
0.848846
0.849453
0.884099
0.883577
0.883195
0.882908
0.882926
0.882982
0.883207
0.88344
0.883742
0.884011
0.884247
0.884396
0.884435
0.884373
0.88423
0.884062
0.883866
0.883744
0.883636
0.883701
0.8838
0.884202
0.884682
0.88525
0.628503
0.627999
0.627679
0.627036
0.626389
0.625654
0.624975
0.624373
0.623901
0.623547
0.623321
0.6232
0.623174
0.623243
0.623422
0.623732
0.624164
0.62473
0.625376
0.626079
0.626694
0.627306
0.627597
0.628085
0.873017
0.872185
0.871644
0.871135
0.871
0.870904
0.871003
0.87111
0.871302
0.871471
0.871636
0.871741
0.871771
0.871734
0.871643
0.871552
0.871443
0.871423
0.87141
0.871599
0.871816
0.872404
0.873011
0.873879
0.981749
0.979997
0.98071
0.981444
0.982761
0.98403
0.98561
0.987396
0.989066
0.990109
0.991016
0.992683
0.994596
0.996572
0.998577
0.998445
0.997202
0.994731
0.99228
0.990056
0.987739
0.986142
0.984725
0.986735
0.989154
0.986286
0.983969
0.981171
0.978819
0.976524
0.974598
0.973151
0.972479
0.973189
0.975869
0.980218
0.984152
0.987392
0.989342
0.990226
0.988219
0.985878
0.984954
0.985132
0.985883
0.98769
0.989348
0.992725
0.9205
0.919242
0.918549
0.918417
0.918519
0.918607
0.918606
0.918487
0.918282
0.918056
0.917882
0.917803
0.917835
0.917972
0.91819
0.918448
0.918685
0.918842
0.91888
0.918824
0.918748
0.918896
0.919615
0.920901
0.810764
0.809383
0.807575
0.805774
0.80421
0.802885
0.801825
0.801016
0.800463
0.800201
0.800082
0.800204
0.8002
0.800081
0.800209
0.800481
0.801043
0.80186
0.802927
0.804255
0.805826
0.807631
0.809429
0.810801
0.985295
0.982524
0.981001
0.979273
0.978188
0.977256
0.976688
0.976315
0.97683
0.978078
0.980487
0.984596
0.988527
0.992348
0.995347
0.998092
0.994272
0.990583
0.987972
0.986287
0.985343
0.985712
0.986358
0.989464
0.934725
0.935858
0.937276
0.938047
0.938704
0.938994
0.939233
0.939359
0.939475
0.939578
0.939672
0.939755
0.939765
0.939709
0.939646
0.939576
0.939493
0.9394
0.939191
0.938926
0.938289
0.937532
0.936121
0.934989
0.895296
0.894948
0.894881
0.895057
0.895513
0.89616
0.896918
0.897699
0.898441
0.899083
0.899583
0.899902
0.900021
0.899936
0.89966
0.899215
0.898643
0.898001
0.897354
0.896795
0.896417
0.896293
0.896451
0.896798
0.817929
0.817681
0.817874
0.818149
0.818446
0.818618
0.8187
0.818704
0.818669
0.818619
0.818578
0.818559
0.818569
0.818609
0.818671
0.818745
0.818808
0.818838
0.818794
0.818664
0.81841
0.818169
0.817993
0.818231
0.854148
0.853629
0.854122
0.85396
0.854037
0.853865
0.853819
0.853683
0.853625
0.853559
0.853527
0.853516
0.853527
0.853561
0.853617
0.853708
0.853791
0.853949
0.854016
0.854203
0.854136
0.854303
0.85381
0.854325
0.54889
0.549296
0.549535
0.550347
0.5513
0.552349
0.55333
0.554249
0.55504
0.555751
0.556255
0.55663
0.556594
0.556149
0.555583
0.554819
0.553985
0.553031
0.552021
0.55095
0.549977
0.549155
0.548904
0.548511
0.979322
0.9772
0.978104
0.979515
0.981631
0.983512
0.985257
0.987047
0.989599
0.992048
0.993535
0.995268
0.997167
0.998488
0.999933
0.99824
0.994809
0.992912
0.990709
0.98825
0.985426
0.98334
0.98186
0.984125
0.775078
0.77449
0.773224
0.772325
0.771844
0.771766
0.771959
0.772316
0.772722
0.773108
0.773414
0.773582
0.773568
0.773371
0.773032
0.772608
0.772156
0.771753
0.771502
0.771521
0.771938
0.772775
0.773978
0.774537
1.02433
1.01895
1.02013
1.01729
1.01154
1.00427
0.997725
0.99363
0.99291
0.996048
1.00287
1.01186
1.02185
1.02574
1.02029
1.01068
1.00305
0.998927
0.999468
1.00419
1.01097
1.01638
1.01667
1.01983
0.51056
0.508711
0.506509
0.504091
0.501832
0.499757
0.497956
0.49645
0.495249
0.494362
0.493789
0.493538
0.493622
0.494036
0.494767
0.49581
0.497162
0.49881
0.500746
0.502935
0.505291
0.507784
0.51004
0.511946
0.947059
0.947398
0.948367
0.948943
0.949461
0.949695
0.94987
0.949957
0.950033
0.950104
0.95017
0.950236
0.950247
0.950211
0.950177
0.95014
0.950098
0.950045
0.9499
0.949691
0.949195
0.948634
0.947675
0.947339
0.954035
0.9564
0.961494
0.966001
0.970858
0.975274
0.97952
0.983312
0.986635
0.989392
0.991465
0.992628
0.99306
0.992449
0.991135
0.988881
0.985967
0.98246
0.978344
0.973903
0.968755
0.963884
0.957956
0.95553
0.799568
0.799428
0.799551
0.799656
0.79976
0.799777
0.799759
0.799706
0.799649
0.799595
0.799559
0.799545
0.799557
0.799595
0.799656
0.799734
0.799819
0.799899
0.799947
0.79996
0.799884
0.799799
0.799683
0.799804
0.866283
0.865611
0.865156
0.864768
0.864718
0.864703
0.86486
0.865012
0.865227
0.865409
0.865574
0.865673
0.865701
0.865661
0.865559
0.865444
0.865301
0.865223
0.865142
0.865233
0.865355
0.865808
0.866314
0.867008
0.961945
0.962172
0.963014
0.963549
0.964022
0.964258
0.964416
0.964497
0.964566
0.964642
0.964717
0.96479
0.964803
0.964759
0.964717
0.964677
0.964644
0.964599
0.964473
0.964265
0.963816
0.963299
0.962467
0.962243
0.902869
0.902192
0.902046
0.902285
0.902855
0.90362
0.904504
0.905401
0.906245
0.906963
0.90751
0.907845
0.907951
0.907825
0.907482
0.906955
0.90629
0.905557
0.904826
0.904199
0.903765
0.903638
0.903907
0.904625
0.856839
0.856635
0.856846
0.857206
0.857633
0.857991
0.858288
0.858494
0.858642
0.858733
0.858787
0.858813
0.858822
0.858814
0.85878
0.858711
0.858588
0.85841
0.858144
0.857819
0.857423
0.857091
0.8569
0.85711
0.945266
0.946681
0.949394
0.952279
0.955654
0.958919
0.962134
0.965072
0.967691
0.969852
0.971483
0.972448
0.972732
0.972261
0.971144
0.96939
0.967111
0.964402
0.961319
0.958075
0.954603
0.951616
0.948545
0.947239
0.480699
0.481766
0.483294
0.48529
0.487269
0.489023
0.490543
0.491869
0.492962
0.493787
0.49433
0.494566
0.494484
0.49409
0.493398
0.492437
0.49122
0.489779
0.488147
0.486313
0.4843
0.482346
0.480886
0.479875
0.560647
0.559648
0.559812
0.55993
0.560176
0.560288
0.560372
0.560403
0.560417
0.560411
0.560368
0.560307
0.560242
0.560174
0.560091
0.559977
0.559849
0.559711
0.559528
0.559325
0.559004
0.558824
0.558621
0.559599
0.872727
0.872862
0.873463
0.874226
0.875011
0.875663
0.876184
0.876575
0.876861
0.877066
0.877199
0.877271
0.877284
0.877241
0.877137
0.876963
0.876712
0.876359
0.875879
0.875272
0.874533
0.87381
0.873239
0.873124
0.814056
0.813753
0.813609
0.813436
0.813327
0.81323
0.813171
0.813132
0.813116
0.813112
0.81312
0.813135
0.813155
0.813182
0.813214
0.813257
0.813313
0.813388
0.813481
0.813609
0.813744
0.813937
0.81409
0.814402
0.991381
0.988564
0.984237
0.979187
0.974671
0.970896
0.967717
0.964417
0.962352
0.963329
0.969128
0.974736
0.978133
0.979539
0.97861
0.975296
0.968683
0.965652
0.966232
0.97083
0.975578
0.981264
0.986105
0.989929
0.8953
0.896921
0.898974
0.899103
0.89906
0.898675
0.898417
0.898094
0.897864
0.897656
0.897505
0.897434
0.897453
0.89756
0.897746
0.897986
0.898246
0.898595
0.898873
0.899274
0.899323
0.8992
0.897144
0.89551
0.848161
0.848125
0.848665
0.849318
0.849912
0.850315
0.850567
0.850687
0.850734
0.850737
0.850726
0.850718
0.850727
0.850752
0.850783
0.850803
0.850784
0.850698
0.850487
0.850131
0.849587
0.848975
0.848452
0.848467
0.870535
0.870991
0.871318
0.871624
0.872004
0.872379
0.872741
0.873051
0.873315
0.873512
0.873632
0.873698
0.873711
0.87367
0.873576
0.873406
0.87317
0.87289
0.87256
0.872219
0.871871
0.871597
0.871296
0.870856
0.885829
0.886943
0.888143
0.888799
0.889411
0.889712
0.889988
0.890144
0.890294
0.890404
0.890496
0.890556
0.890563
0.890522
0.890451
0.890364
0.890239
0.890109
0.889856
0.889577
0.888983
0.888342
0.887149
0.886029
0.892856
0.892654
0.892673
0.892858
0.893306
0.893925
0.894649
0.895388
0.896084
0.896679
0.897135
0.897417
0.897508
0.897406
0.897128
0.896703
0.896167
0.895579
0.894996
0.894508
0.89419
0.894119
0.894217
0.89445
0.756501
0.755955
0.755738
0.755768
0.755776
0.755756
0.755717
0.755688
0.755674
0.755674
0.755682
0.75569
0.755689
0.75568
0.755671
0.755669
0.75568
0.755706
0.755741
0.755757
0.755745
0.75571
0.755924
0.756469
0.682953
0.677498
0.677608
0.680696
0.684349
0.687912
0.69102
0.693568
0.695526
0.696935
0.697842
0.698285
0.698369
0.698083
0.697324
0.696051
0.694216
0.691782
0.688776
0.685306
0.681732
0.678715
0.678677
0.683928
0.957795
0.958737
0.961762
0.964934
0.968606
0.972076
0.97551
0.978687
0.981619
0.98415
0.986147
0.987402
0.988107
0.987973
0.987028
0.985172
0.982712
0.979739
0.976279
0.972605
0.968497
0.96487
0.961097
0.959867
0.928931
0.928668
0.929235
0.930376
0.932069
0.933959
0.935953
0.937858
0.9396
0.941044
0.94212
0.942739
0.942859
0.942473
0.941642
0.940429
0.938911
0.937205
0.935403
0.933668
0.932167
0.931135
0.930842
0.931091
0.867477
0.867484
0.868217
0.868649
0.869177
0.869478
0.869792
0.869984
0.870167
0.870295
0.870397
0.870455
0.870461
0.870418
0.870333
0.870224
0.870063
0.869893
0.869601
0.86932
0.868809
0.86839
0.867663
0.867648
0.518095
0.517578
0.516643
0.515768
0.514916
0.514185
0.513521
0.512984
0.512548
0.512268
0.512095
0.512078
0.512136
0.512266
0.512547
0.512934
0.513471
0.514103
0.514853
0.515661
0.516574
0.517499
0.518471
0.519013
0.618143
0.61586
0.613024
0.611369
0.610349
0.609949
0.609839
0.6099
0.609983
0.61007
0.610125
0.610207
0.610314
0.610436
0.610571
0.610656
0.610721
0.610784
0.610993
0.611466
0.612532
0.614205
0.617035
0.61929
0.765534
0.764518
0.763371
0.762385
0.761515
0.760823
0.760268
0.75987
0.759621
0.759556
0.759576
0.75973
0.759722
0.759558
0.759533
0.759596
0.759845
0.760244
0.760796
0.761489
0.762345
0.76334
0.764475
0.765515
0.786452
0.786094
0.786037
0.785934
0.78591
0.785864
0.785832
0.785804
0.785788
0.785782
0.785784
0.785794
0.785809
0.785829
0.785855
0.785891
0.785935
0.785991
0.78605
0.786123
0.786173
0.786297
0.78637
0.786732
0.504561
0.504075
0.503155
0.501803
0.50017
0.498414
0.496675
0.495091
0.493765
0.492768
0.492132
0.491856
0.491891
0.492248
0.492975
0.494068
0.495493
0.497169
0.498993
0.500853
0.502605
0.504091
0.505134
0.505714
0.849745
0.847965
0.847242
0.8467
0.846712
0.846653
0.846762
0.846789
0.846889
0.846955
0.847035
0.847085
0.847095
0.847071
0.847021
0.846986
0.846919
0.846925
0.846847
0.846933
0.846941
0.847503
0.848238
0.850029
0.833999
0.830161
0.82727
0.825894
0.826322
0.828143
0.830717
0.833475
0.836012
0.83807
0.83947
0.840049
0.839904
0.839066
0.837463
0.835296
0.832736
0.830032
0.827572
0.825896
0.825601
0.827044
0.829935
0.833716
0.961046
0.959618
0.959364
0.959599
0.960121
0.960706
0.961219
0.961603
0.96184
0.961952
0.961987
0.961979
0.961958
0.961949
0.961926
0.961843
0.961654
0.961338
0.960901
0.960392
0.959951
0.959795
0.96011
0.961613
0.608397
0.608715
0.609426
0.610535
0.611827
0.613208
0.614577
0.615833
0.616911
0.617748
0.618301
0.618553
0.618494
0.618127
0.61746
0.616517
0.615342
0.614001
0.612556
0.61111
0.609772
0.608627
0.607885
0.607545
0.793256
0.793523
0.79417
0.794836
0.795381
0.79575
0.795966
0.796066
0.796102
0.796103
0.796092
0.79608
0.796075
0.796077
0.796079
0.796072
0.796031
0.795932
0.795724
0.795362
0.794825
0.794173
0.793548
0.793334
0.758905
0.758675
0.758824
0.758886
0.758865
0.758785
0.758652
0.758482
0.758312
0.758163
0.758047
0.757976
0.757957
0.75799
0.758068
0.75818
0.758314
0.758449
0.758547
0.758592
0.758575
0.758482
0.758301
0.758518
0.552145
0.551025
0.549276
0.547424
0.54558
0.543815
0.54216
0.540659
0.539365
0.538338
0.537643
0.537336
0.537457
0.538004
0.538928
0.540164
0.541641
0.543296
0.545074
0.546933
0.548843
0.550735
0.55251
0.553628
0.896533
0.894292
0.89219
0.89005
0.888195
0.886573
0.885175
0.884013
0.883124
0.882575
0.882269
0.882336
0.882337
0.882289
0.882627
0.883208
0.884131
0.885322
0.886746
0.888385
0.890252
0.892393
0.894495
0.896745
0.896729
0.896799
0.897111
0.897359
0.897749
0.898069
0.898408
0.898687
0.898929
0.899112
0.899241
0.899313
0.899324
0.899277
0.899173
0.899017
0.898801
0.898549
0.898234
0.897938
0.897567
0.897335
0.897034
0.89697
0.982911
0.981033
0.981685
0.982359
0.983494
0.984306
0.985196
0.9867
0.988258
0.989427
0.990981
0.99287
0.994922
0.996838
0.998258
0.998609
0.996465
0.99389
0.992344
0.990736
0.988727
0.98725
0.98594
0.988006
0.743685
0.746602
0.747735
0.748006
0.748074
0.748161
0.748331
0.748552
0.748782
0.748986
0.749132
0.749202
0.749206
0.749141
0.748998
0.748796
0.748562
0.748338
0.748164
0.748075
0.748003
0.747741
0.746608
0.743682
1.02496
1.01768
1.01996
1.01664
1.00907
0.999571
0.990332
0.983096
0.979196
0.979273
0.983444
0.991398
1.00352
1.00833
1.00018
0.990463
0.985459
0.98509
0.989936
0.998902
1.00897
1.0168
1.0215
1.02478
0.550137
0.549222
0.549337
0.549417
0.549624
0.549622
0.549518
0.549314
0.549101
0.548909
0.54874
0.548609
0.548547
0.548554
0.548605
0.548686
0.548797
0.548904
0.548919
0.548839
0.54857
0.548446
0.548313
0.549215
0.738065
0.735851
0.734287
0.733553
0.733146
0.732884
0.732696
0.732559
0.732474
0.732425
0.732398
0.732375
0.732351
0.732324
0.732302
0.732302
0.732337
0.732425
0.732568
0.732788
0.733148
0.733839
0.735357
0.737554
0.983658
0.982311
0.983116
0.983615
0.98448
0.985207
0.986125
0.986835
0.98749
0.988529
0.989981
0.991853
0.99393
0.995966
0.997447
0.997729
0.997529
0.995841
0.993627
0.991832
0.989982
0.988629
0.987109
0.988753
0.51018
0.510835
0.511549
0.512555
0.513538
0.514497
0.515351
0.516148
0.516834
0.517442
0.517871
0.518136
0.518124
0.51783
0.517379
0.516759
0.516071
0.515283
0.514445
0.513512
0.512549
0.51156
0.510843
0.510187
0.53996
0.539102
0.537936
0.536874
0.535756
0.534731
0.533788
0.533011
0.532386
0.53197
0.531722
0.531682
0.531768
0.531975
0.532382
0.53295
0.533712
0.534613
0.535663
0.536777
0.537966
0.53908
0.540281
0.541155
0.645358
0.639672
0.63629
0.633867
0.633054
0.632974
0.63343
0.634004
0.634532
0.634866
0.635023
0.635013
0.635006
0.635027
0.634888
0.634553
0.634024
0.633441
0.632978
0.63305
0.633839
0.636222
0.639622
0.645335
0.855125
0.85513
0.855906
0.856165
0.856574
0.856645
0.85677
0.856777
0.856836
0.856879
0.856945
0.856998
0.857001
0.856962
0.856917
0.856896
0.856859
0.856876
0.856775
0.856722
0.856327
0.856077
0.855301
0.855287
0.941537
0.943172
0.944789
0.945492
0.945874
0.945795
0.945689
0.945526
0.945407
0.945336
0.945312
0.945347
0.945357
0.945352
0.94541
0.945516
0.94567
0.945865
0.946
0.946102
0.945739
0.94505
0.94344
0.941805
0.98894
0.985729
0.983045
0.980325
0.978371
0.976627
0.975021
0.973572
0.972539
0.972992
0.97535
0.979574
0.983492
0.986748
0.988611
0.98924
0.987409
0.985916
0.984813
0.984453
0.984817
0.986608
0.988703
0.99237
0.743944
0.744338
0.744086
0.743644
0.743165
0.742793
0.742542
0.742401
0.74234
0.742328
0.74234
0.742364
0.742383
0.742395
0.742412
0.742444
0.742519
0.742669
0.742923
0.743294
0.743768
0.744204
0.744455
0.744066
0.592714
0.591174
0.588908
0.587231
0.585875
0.584957
0.584298
0.583844
0.583495
0.583248
0.583078
0.583042
0.583149
0.583395
0.58376
0.584185
0.584689
0.585274
0.58604
0.587039
0.588451
0.59016
0.592436
0.593964
0.95538
0.955452
0.957995
0.960891
0.964372
0.967791
0.971244
0.974492
0.977504
0.980106
0.98218
0.983509
0.98415
0.983868
0.982803
0.980868
0.978317
0.975271
0.971801
0.96819
0.964302
0.960976
0.957735
0.957421
0.80029
0.800351
0.800453
0.8005
0.800518
0.800513
0.800498
0.800481
0.800465
0.800449
0.800434
0.800421
0.800406
0.80039
0.800377
0.800367
0.800362
0.800359
0.800358
0.80035
0.800324
0.800274
0.800176
0.800114
0.9411
0.942586
0.944414
0.944869
0.945174
0.944937
0.94476
0.944506
0.944312
0.94417
0.944083
0.944101
0.944115
0.944135
0.944264
0.944446
0.944678
0.944963
0.945167
0.945424
0.945131
0.944684
0.94286
0.94137
0.886207
0.884212
0.883564
0.883038
0.882783
0.88273
0.88294
0.883198
0.883537
0.883828
0.884075
0.884218
0.884266
0.88422
0.884077
0.883894
0.883671
0.883535
0.883453
0.883642
0.884027
0.884684
0.885455
0.887546
0.958752
0.960486
0.962195
0.962726
0.962905
0.962703
0.962497
0.96225
0.962058
0.96194
0.961887
0.961938
0.961949
0.961935
0.96203
0.962189
0.962421
0.962703
0.962939
0.963164
0.963002
0.962483
0.960779
0.959042
0.865488
0.866739
0.86822
0.869419
0.870393
0.871112
0.871614
0.871943
0.87215
0.872269
0.87233
0.872358
0.87237
0.872366
0.872332
0.872243
0.872069
0.871779
0.871321
0.870657
0.869736
0.868595
0.867158
0.865931
0.809346
0.809447
0.809477
0.809465
0.809441
0.80945
0.809479
0.809519
0.809562
0.8096
0.809628
0.809635
0.80961
0.809565
0.809511
0.809449
0.809385
0.809323
0.809275
0.809249
0.809259
0.809258
0.809216
0.809116
0.694623
0.687914
0.700456
0.711003
0.718584
0.723582
0.727083
0.729798
0.732283
0.734782
0.737152
0.738764
0.738783
0.737242
0.734993
0.732638
0.730315
0.72777
0.72444
0.719605
0.712139
0.701635
0.689046
0.695477
0.565474
0.562907
0.561253
0.559893
0.558676
0.557418
0.556175
0.554982
0.553916
0.553049
0.552447
0.552165
0.552232
0.55265
0.553385
0.554373
0.555545
0.556827
0.558141
0.559452
0.560715
0.562135
0.563847
0.566387
0.906451
0.906641
0.907143
0.907809
0.908539
0.909206
0.909791
0.910255
0.910596
0.910849
0.911025
0.911121
0.911133
0.911063
0.910912
0.910687
0.910375
0.909943
0.909391
0.908757
0.908058
0.907421
0.906941
0.906765
0.819774
0.819542
0.819452
0.819403
0.819423
0.81945
0.819501
0.819548
0.8196
0.819644
0.819682
0.819707
0.819722
0.819725
0.819716
0.819702
0.81968
0.819662
0.819639
0.81964
0.819642
0.819708
0.819806
0.820034
0.509955
0.509586
0.508876
0.508224
0.507594
0.507075
0.506606
0.506243
0.505948
0.505769
0.505652
0.505642
0.505689
0.505789
0.505994
0.506262
0.506643
0.507089
0.507636
0.508227
0.508917
0.509616
0.510359
0.510743
0.91578
0.915293
0.915793
0.916595
0.917725
0.918986
0.920311
0.921606
0.92281
0.923847
0.924656
0.92518
0.925388
0.925265
0.924826
0.924094
0.923122
0.921983
0.920747
0.919511
0.918374
0.917534
0.917003
0.917582
0.823724
0.823826
0.824186
0.824505
0.824808
0.825008
0.825153
0.825236
0.825284
0.825307
0.825321
0.825329
0.825339
0.82535
0.825358
0.825358
0.825334
0.825279
0.825163
0.824992
0.824718
0.824423
0.824078
0.82397
0.832295
0.833665
0.831534
0.82866
0.826203
0.824303
0.822777
0.821508
0.820444
0.819652
0.819077
0.818922
0.81893
0.819105
0.819703
0.820511
0.82159
0.822868
0.824399
0.826301
0.82876
0.831634
0.833758
0.832355
-0.00633842
-0.00560401
-0.005281
-0.00536579
-0.00539011
-0.0054089
-0.00530961
-0.00526219
-0.00519543
-0.00516587
-0.00511093
-0.0050394
-0.00496425
-0.0049502
-0.0050245
-0.00514115
-0.00527061
-0.00537423
-0.00546956
-0.00548139
-0.00543802
-0.00540634
-0.00572993
-0.0064845
0.91572
0.914576
0.913756
0.913004
0.912412
0.911945
0.911577
0.911289
0.911071
0.910913
0.910811
0.91076
0.91076
0.910811
0.910913
0.911071
0.911289
0.911577
0.911945
0.912412
0.913004
0.913756
0.914576
0.91572
0.626731
0.624912
0.624209
0.623705
0.623422
0.623098
0.622794
0.622487
0.622223
0.622002
0.621839
0.62173
0.621676
0.621678
0.621738
0.62186
0.622031
0.622249
0.622471
0.62272
0.622939
0.623394
0.624066
0.625887
0.753651
0.752681
0.751656
0.750712
0.750088
0.749697
0.749493
0.7494
0.749376
0.749385
0.749408
0.749429
0.749443
0.749449
0.749453
0.749468
0.749514
0.749622
0.749836
0.750228
0.750846
0.751779
0.752802
0.753767
0.906739
0.90513
0.903212
0.900594
0.898135
0.895913
0.893966
0.892329
0.891071
0.89024
0.889752
0.88974
0.88974
0.889771
0.890289
0.89115
0.892438
0.894102
0.89607
0.898308
0.900785
0.903412
0.905334
0.906932
0.914788
0.916256
0.918205
0.918524
0.918729
0.918453
0.918285
0.91803
0.917857
0.917718
0.917637
0.91764
0.917653
0.917685
0.917805
0.917979
0.918186
0.91847
0.918661
0.918956
0.918759
0.918447
0.9165
0.915023
0.853581
0.853791
0.854711
0.854832
0.855052
0.854911
0.854847
0.854709
0.854656
0.85461
0.854621
0.854655
0.854659
0.854645
0.854659
0.85473
0.854808
0.854971
0.855054
0.855215
0.855004
0.854889
0.853968
0.853751
0.682075
0.682112
0.69155
0.700547
0.707926
0.71346
0.717691
0.720926
0.723456
0.725437
0.726895
0.727661
0.72771
0.727077
0.725743
0.723889
0.721484
0.718375
0.714269
0.708852
0.70158
0.692683
0.683284
0.683255
0.747602
0.747672
0.748068
0.747961
0.747586
0.746973
0.746318
0.745665
0.745094
0.7447
0.744463
0.744338
0.744316
0.744396
0.744588
0.744938
0.745465
0.746074
0.746687
0.747263
0.747603
0.747686
0.747269
0.747205
0.890048
0.889498
0.889207
0.889168
0.889378
0.889731
0.890222
0.890742
0.891261
0.891708
0.892056
0.892266
0.892327
0.89224
0.892018
0.891697
0.891308
0.890921
0.890567
0.890351
0.89028
0.890446
0.890854
0.891487
0.763018
0.763241
0.763293
0.763336
0.763408
0.763512
0.763634
0.763759
0.763871
0.763963
0.764027
0.764055
0.76404
0.763989
0.763908
0.763801
0.763675
0.763539
0.763408
0.763296
0.763221
0.763178
0.76313
0.762916
0.947247
0.947203
0.948265
0.949557
0.951363
0.953402
0.955618
0.95788
0.960173
0.962393
0.964428
0.966077
0.967128
0.967433
0.966899
0.965578
0.96361
0.961182
0.958483
0.955747
0.953076
0.950951
0.949044
0.948721
0.676942
0.668167
0.67865
0.687023
0.693679
0.697933
0.700898
0.703098
0.705058
0.706977
0.70878
0.709968
0.710029
0.708976
0.70734
0.705593
0.703811
0.701787
0.698988
0.694876
0.688309
0.679942
0.669348
0.677828
1.03712
1.03208
1.02885
1.02496
1.02039
1.01532
1.01073
1.00769
1.00703
1.00904
1.01318
1.01796
1.02222
1.02505
1.02275
1.01859
1.01443
1.01136
1.01091
1.01307
1.01709
1.02174
1.02512
1.03007
0.702993
0.698569
0.706365
0.715302
0.722399
0.727633
0.731526
0.73462
0.737372
0.739996
0.742324
0.743804
0.743816
0.742393
0.740166
0.737668
0.73506
0.73212
0.728379
0.723288
0.716302
0.707419
0.699576
0.703847
0.547471
0.547597
0.547782
0.548419
0.549331
0.550399
0.551417
0.552381
0.553206
0.553928
0.554442
0.554808
0.554773
0.554333
0.553753
0.552976
0.552103
0.551102
0.550055
0.548966
0.548032
0.547384
0.547189
0.547078
0.901653
0.901976
0.900308
0.897627
0.895043
0.892786
0.890845
0.889189
0.887817
0.886806
0.886116
0.885941
0.885949
0.886153
0.886877
0.887918
0.889319
0.890998
0.892956
0.895226
0.897825
0.900517
0.902187
0.901837
0.591769
0.591051
0.591206
0.590969
0.590601
0.589947
0.589228
0.588536
0.587958
0.587506
0.587208
0.58705
0.587012
0.587096
0.587328
0.587717
0.588237
0.588876
0.589543
0.59015
0.590479
0.590683
0.590506
0.591212
0.518456
0.519268
0.519504
0.519088
0.518063
0.516633
0.515029
0.513467
0.512108
0.51104
0.510329
0.510004
0.510041
0.510445
0.511244
0.512401
0.513846
0.51549
0.517174
0.518686
0.519796
0.5203
0.520144
0.519404
0.856488
0.856246
0.85694
0.856969
0.857199
0.857106
0.857116
0.857039
0.857035
0.857025
0.857048
0.857074
0.857081
0.857074
0.857073
0.857107
0.857137
0.857239
0.857249
0.857361
0.857142
0.857119
0.856423
0.856657
0.791767
0.791527
0.791137
0.790791
0.79051
0.790287
0.790113
0.789985
0.789895
0.789838
0.789808
0.789798
0.789797
0.789809
0.789842
0.789901
0.789991
0.790121
0.790295
0.790521
0.790804
0.791153
0.791542
0.791774
0.637404
0.634639
0.631336
0.629804
0.629202
0.629365
0.629818
0.630373
0.630849
0.631217
0.631448
0.63161
0.631713
0.631746
0.631697
0.631492
0.631158
0.630721
0.630364
0.630271
0.630917
0.632465
0.635754
0.638483
0.801494
0.801473
0.801425
0.801379
0.801356
0.801337
0.80132
0.801302
0.801282
0.801263
0.801245
0.801227
0.801207
0.801188
0.801173
0.801162
0.801156
0.801154
0.801157
0.801167
0.801188
0.801234
0.801286
0.801308
0.930171
0.931374
0.932836
0.933628
0.93426
0.934538
0.93477
0.934874
0.934968
0.935041
0.935108
0.935169
0.935179
0.935144
0.935106
0.935064
0.935002
0.934929
0.934725
0.934474
0.933861
0.933084
0.931629
0.930429
0.695354
0.689236
0.700247
0.710524
0.718215
0.723536
0.727366
0.730314
0.732868
0.735266
0.73741
0.738757
0.73878
0.737517
0.735491
0.733227
0.730822
0.728028
0.724353
0.71918
0.711591
0.701379
0.690344
0.696218
0.818065
0.817683
0.817508
0.817401
0.817415
0.817448
0.817513
0.817572
0.817633
0.817682
0.817721
0.817745
0.817755
0.817752
0.817733
0.817705
0.817666
0.817629
0.817586
0.817573
0.817577
0.817694
0.817872
0.818249
0.628002
0.620453
0.617382
0.61519
0.614455
0.614
0.6139
0.613837
0.613768
0.61362
0.613446
0.613264
0.613288
0.613533
0.613768
0.613955
0.614046
0.614122
0.614222
0.614667
0.615363
0.617491
0.620494
0.627991
1.02973
1.0329
1.03997
1.03928
1.03118
1.01846
1.00515
0.994222
0.987684
0.986838
0.992156
1.00289
1.01918
1.02498
1.01464
1.00205
0.995717
0.996259
1.00417
1.01691
1.02937
1.03549
1.03309
1.03117
0.994424
0.996345
0.994042
0.988934
0.983419
0.978542
0.974839
0.972409
0.97188
0.973665
0.976659
0.979537
0.980952
0.981866
0.982142
0.980866
0.977111
0.974479
0.976356
0.980484
0.98479
0.989706
0.993063
0.993936
0.865508
0.86559
0.866177
0.866538
0.866993
0.867277
0.867564
0.86775
0.867923
0.868045
0.868142
0.868196
0.868202
0.868163
0.868084
0.867981
0.86783
0.867666
0.8674
0.867137
0.8667
0.866351
0.865771
0.865683
0.869182
0.869167
0.869757
0.870221
0.870772
0.87116
0.871533
0.871789
0.872013
0.872173
0.872292
0.872356
0.872362
0.872313
0.87221
0.872069
0.871866
0.871632
0.871282
0.870917
0.870385
0.869937
0.869357
0.869369
0.848615
0.848446
0.848814
0.848697
0.848718
0.848496
0.848392
0.848237
0.848182
0.84813
0.848131
0.848146
0.848156
0.848169
0.8482
0.848282
0.84837
0.848557
0.848689
0.848937
0.848933
0.849064
0.8487
0.848868
0.845183
0.846125
0.847575
0.848906
0.84994
0.850652
0.851099
0.851343
0.851454
0.851481
0.851471
0.851459
0.851467
0.851497
0.851526
0.851522
0.851438
0.851227
0.850822
0.850161
0.849182
0.84791
0.846505
0.845589
0.935659
0.935784
0.936433
0.937283
0.938683
0.940441
0.942596
0.944957
0.947356
0.949685
0.951794
0.953459
0.954416
0.954554
0.953679
0.952004
0.949745
0.947094
0.944256
0.941629
0.939303
0.937575
0.936021
0.935594
0.877599
0.877356
0.877078
0.877084
0.877168
0.877225
0.877322
0.877451
0.877565
0.87765
0.877698
0.877706
0.87767
0.877598
0.877498
0.877374
0.877231
0.877091
0.876999
0.876914
0.876793
0.876787
0.877087
0.877345
0.931915
0.932463
0.934164
0.935792
0.937676
0.939556
0.941481
0.943305
0.944983
0.946371
0.947402
0.947987
0.948089
0.947693
0.946879
0.945703
0.94424
0.942616
0.940896
0.939187
0.937544
0.936037
0.934808
0.934317
0.601335
0.596878
0.594215
0.591472
0.589629
0.588342
0.58758
0.587165
0.586944
0.586797
0.586692
0.586624
0.586601
0.586637
0.586728
0.586859
0.587063
0.587463
0.588214
0.589496
0.591344
0.594097
0.596827
0.601334
0.753792
0.753718
0.753605
0.753551
0.753495
0.753444
0.753387
0.75333
0.753276
0.753232
0.753202
0.753192
0.753197
0.753225
0.753277
0.753348
0.753432
0.753519
0.753607
0.753688
0.753769
0.753842
0.753967
0.754039
0.782865
0.782765
0.782543
0.782327
0.782138
0.781988
0.781874
0.781789
0.78173
0.781691
0.781671
0.781666
0.781671
0.781689
0.781722
0.781772
0.781841
0.781935
0.782058
0.782217
0.782415
0.782638
0.782865
0.782963
0.496481
0.495019
0.493731
0.49243
0.491293
0.490363
0.489652
0.489137
0.488781
0.488571
0.488458
0.488432
0.488481
0.488598
0.488798
0.489104
0.489555
0.490165
0.490971
0.491988
0.493187
0.494539
0.495867
0.49738
0.861077
0.86014
0.859631
0.859191
0.859122
0.859037
0.859108
0.859143
0.859273
0.859388
0.85952
0.859614
0.859631
0.859581
0.859501
0.859442
0.859372
0.859398
0.859387
0.859532
0.859654
0.860138
0.860684
0.861639
0.853072
0.852274
0.852287
0.851899
0.851699
0.851399
0.851297
0.851175
0.851162
0.85115
0.85118
0.851206
0.851222
0.851234
0.851246
0.851302
0.85136
0.851526
0.85167
0.85201
0.85224
0.852657
0.852659
0.853465
0.989855
0.987491
0.985128
0.98207
0.979268
0.976441
0.974044
0.97219
0.970955
0.9715
0.974174
0.97888
0.982955
0.986099
0.987968
0.988419
0.986159
0.98428
0.983629
0.984529
0.986014
0.988201
0.989986
0.992918
0.863612
0.863028
0.862675
0.862333
0.862269
0.862236
0.862359
0.862486
0.862673
0.862835
0.862984
0.863076
0.863103
0.863068
0.86298
0.862883
0.862764
0.862707
0.862654
0.862756
0.862886
0.863286
0.863684
0.864287
0.502954
0.501528
0.50023
0.498871
0.497603
0.496489
0.495582
0.494869
0.494325
0.493957
0.493733
0.493662
0.493727
0.493924
0.494268
0.494759
0.495421
0.496249
0.497263
0.498493
0.499825
0.501231
0.502564
0.504031
0.959509
0.959543
0.960193
0.960702
0.961187
0.96149
0.961713
0.961858
0.96198
0.962092
0.962188
0.962264
0.962276
0.962229
0.962163
0.962085
0.961998
0.961888
0.961696
0.961422
0.960962
0.960472
0.959834
0.959806
0.848297
0.848851
0.846868
0.844158
0.841752
0.83983
0.838252
0.836946
0.835873
0.835108
0.834586
0.83453
0.834536
0.834613
0.835161
0.835948
0.83704
0.83836
0.839947
0.841874
0.844284
0.846993
0.848969
0.848394
0.955076
0.956708
0.958307
0.958832
0.95903
0.958839
0.958653
0.958429
0.958261
0.958163
0.958128
0.958187
0.958197
0.958173
0.958249
0.958386
0.958594
0.958852
0.959068
0.959281
0.9591
0.958587
0.956994
0.955362
0.956246
0.957849
0.959712
0.960384
0.960658
0.960429
0.960185
0.959908
0.959699
0.959567
0.959505
0.959555
0.959565
0.959551
0.959657
0.959829
0.960078
0.96039
0.960663
0.960913
0.960655
0.959993
0.958134
0.956531
0.512577
0.511211
0.509651
0.507977
0.506366
0.504872
0.503536
0.502409
0.501497
0.500825
0.500388
0.500213
0.500303
0.500649
0.50125
0.502082
0.503143
0.504404
0.505855
0.507431
0.509112
0.510839
0.512435
0.513837
0.808504
0.808402
0.80849
0.808615
0.808892
0.809221
0.809548
0.809834
0.810064
0.810231
0.810332
0.810361
0.810318
0.810213
0.810053
0.809841
0.809577
0.809264
0.808915
0.808569
0.808278
0.808151
0.808066
0.808183
0.801785
0.801724
0.801693
0.80166
0.801625
0.801577
0.801527
0.801477
0.801428
0.801384
0.801347
0.801317
0.801297
0.801287
0.801288
0.801297
0.801315
0.80134
0.801374
0.801413
0.801449
0.801486
0.801523
0.801585
0.887469
0.88636
0.885694
0.88525
0.885185
0.885272
0.885573
0.88591
0.886304
0.886644
0.886946
0.887128
0.887176
0.887094
0.886898
0.886667
0.886389
0.886172
0.885996
0.886039
0.886235
0.886804
0.887585
0.888763
0.779008
0.779308
0.77925
0.778808
0.778139
0.777287
0.77647
0.775773
0.775284
0.774944
0.774709
0.774586
0.774572
0.774667
0.774872
0.775183
0.775642
0.776309
0.777097
0.777933
0.778618
0.779058
0.779093
0.778766
0.974784
0.97285
0.971688
0.970617
0.970304
0.970635
0.971916
0.974156
0.977372
0.981424
0.986034
0.990879
0.995296
0.997383
0.994911
0.991545
0.98688
0.98224
0.978281
0.975501
0.973843
0.973553
0.973784
0.975982
0.845581
0.844853
0.84484
0.844601
0.844678
0.844601
0.844662
0.844649
0.844707
0.844742
0.844797
0.844834
0.844842
0.844826
0.844796
0.844788
0.844759
0.844797
0.844762
0.844861
0.844801
0.845053
0.845071
0.845795
0.47159
0.473368
0.474769
0.476026
0.477141
0.478114
0.478952
0.479666
0.480282
0.480756
0.481053
0.481174
0.481105
0.480857
0.480448
0.479882
0.479197
0.47843
0.477552
0.476562
0.475446
0.474185
0.472718
0.470758
0.911267
0.910756
0.910961
0.911525
0.9124
0.913434
0.914557
0.915668
0.916699
0.917575
0.918242
0.91865
0.918776
0.918616
0.918192
0.917539
0.916708
0.915772
0.914803
0.913901
0.913158
0.91271
0.912694
0.913272
0.869656
0.868974
0.868513
0.868135
0.8681
0.868106
0.868291
0.868471
0.868716
0.868927
0.869118
0.869236
0.869264
0.869209
0.869085
0.868946
0.868778
0.868678
0.868576
0.868651
0.868764
0.869215
0.869734
0.870443
0.853415
0.853717
0.854218
0.854681
0.855127
0.855477
0.855768
0.855981
0.856144
0.856256
0.856332
0.856371
0.856381
0.856361
0.856306
0.856216
0.856077
0.855891
0.855628
0.855309
0.85489
0.85445
0.853961
0.853652
0.881662
0.881097
0.880727
0.880698
0.880726
0.880768
0.880832
0.880909
0.881037
0.881143
0.881219
0.881265
0.881271
0.881238
0.881175
0.881085
0.880974
0.880917
0.880873
0.880852
0.880841
0.880885
0.881263
0.88184
0.995954
0.996843
0.994677
0.989672
0.984259
0.979527
0.975591
0.972869
0.971963
0.973232
0.97579
0.978349
0.979672
0.980731
0.980559
0.979037
0.975412
0.97355
0.975438
0.97914
0.983566
0.988259
0.991602
0.992857
0.958367
0.958212
0.959001
0.959532
0.960007
0.96022
0.960352
0.960389
0.960418
0.960458
0.960508
0.960568
0.960579
0.960548
0.96053
0.960523
0.960531
0.960528
0.960427
0.960242
0.95979
0.959277
0.958499
0.958659
0.741608
0.741486
0.741194
0.7409
0.740605
0.740335
0.740095
0.739894
0.739735
0.739623
0.739558
0.73954
0.739567
0.73964
0.739758
0.73992
0.740125
0.740368
0.740645
0.740947
0.741268
0.741582
0.741887
0.742013
0.909062
0.907166
0.906288
0.906065
0.906365
0.906989
0.907888
0.908819
0.909756
0.910541
0.911143
0.911481
0.911555
0.911352
0.910893
0.910258
0.909482
0.90872
0.908004
0.907571
0.907489
0.907919
0.909099
0.911006
0.820493
0.820124
0.819988
0.819896
0.819862
0.819832
0.819832
0.819835
0.81985
0.819867
0.819887
0.819907
0.819925
0.819943
0.81996
0.81998
0.820002
0.820035
0.82007
0.820131
0.820193
0.820305
0.820451
0.820819
0.897517
0.89806
0.898863
0.899676
0.900477
0.901176
0.901768
0.902246
0.902625
0.902902
0.903082
0.903177
0.903189
0.903121
0.902969
0.902721
0.902375
0.901932
0.901378
0.900721
0.89996
0.899187
0.898417
0.89789
0.850499
0.85029
0.851246
0.851051
0.85083
0.850444
0.850222
0.849962
0.849809
0.849665
0.849581
0.849535
0.849551
0.849623
0.849736
0.849907
0.850086
0.85037
0.850614
0.851018
0.851246
0.851448
0.850487
0.850688
0.98497
0.988851
0.991037
0.990978
0.99031
0.989367
0.988506
0.98772
0.987043
0.986507
0.986119
0.985997
0.986024
0.986203
0.986654
0.987242
0.987966
0.988789
0.989677
0.99064
0.991324
0.991394
0.989214
0.985314
0.996491
0.997417
0.994929
0.98965
0.984047
0.979165
0.975456
0.972786
0.971665
0.973374
0.976338
0.978995
0.980205
0.980902
0.980816
0.978886
0.97426
0.971674
0.973605
0.977825
0.98294
0.988308
0.992108
0.993224
0.987919
0.984646
0.982018
0.978862
0.976026
0.973193
0.970748
0.969035
0.968339
0.970199
0.975081
0.980804
0.985268
0.988386
0.989989
0.9895
0.985657
0.981531
0.980185
0.980824
0.982077
0.984371
0.986501
0.990367
0.582229
0.581072
0.579202
0.577748
0.576472
0.575519
0.574758
0.574197
0.573768
0.573496
0.573341
0.57335
0.573453
0.573642
0.573983
0.574426
0.575005
0.575695
0.576562
0.577597
0.578931
0.58042
0.582307
0.583462
0.938265
0.94176
0.956983
0.963507
0.961871
0.951364
0.934761
0.913566
0.889452
0.865643
0.848186
0.843136
0.865135
0.872455
0.853774
0.852659
0.870388
0.895943
0.92169
0.941835
0.951959
0.950796
0.939786
0.933995
0.709433
0.709089
0.709833
0.710199
0.710227
0.709918
0.709497
0.709006
0.708504
0.70803
0.707694
0.707538
0.707501
0.707583
0.707848
0.708254
0.708691
0.709118
0.70948
0.709729
0.709646
0.709233
0.708454
0.708813
0.872003
0.871263
0.871106
0.870647
0.870381
0.870112
0.870083
0.870085
0.870198
0.870302
0.870418
0.870497
0.870528
0.870519
0.870478
0.870451
0.870422
0.870505
0.870622
0.870977
0.871326
0.87186
0.872081
0.872861
0.98654
0.983695
0.981609
0.979026
0.976737
0.974633
0.973277
0.972735
0.972789
0.974443
0.979132
0.984544
0.989324
0.992809
0.994574
0.994058
0.989781
0.98529
0.982904
0.982586
0.983129
0.984641
0.986093
0.989518
0.477245
0.475984
0.474929
0.474122
0.473688
0.47369
0.474095
0.474773
0.475603
0.476338
0.476862
0.477106
0.477067
0.476742
0.476146
0.475371
0.474568
0.47398
0.473649
0.473734
0.474204
0.475042
0.476156
0.477456
0.7713
0.770502
0.76941
0.768722
0.768345
0.76823
0.768274
0.768403
0.76855
0.768691
0.768804
0.76886
0.768839
0.768741
0.768587
0.768405
0.768219
0.768051
0.76796
0.768024
0.768344
0.768972
0.770012
0.770815
0.179253
0.178098
0.177876
0.17876
0.179467
0.178545
0.176958
0.175397
0.174175
0.173276
0.172723
0.172473
0.172475
0.173035
0.173937
0.175329
0.17698
0.179048
0.181128
0.182548
0.182289
0.181849
0.182803
0.184913
0.862025
0.862058
0.862252
0.862524
0.862768
0.863019
0.863247
0.863466
0.863654
0.863808
0.863914
0.863968
0.863969
0.863915
0.86381
0.863656
0.863468
0.863248
0.863018
0.862765
0.862519
0.862243
0.862047
0.862013
0.97678
0.979711
0.981702
0.982079
0.981828
0.981205
0.980585
0.979994
0.9795
0.979141
0.978913
0.978892
0.978909
0.978977
0.979259
0.979667
0.980206
0.980834
0.981482
0.982126
0.982391
0.982025
0.98004
0.977103
0.606931
0.604259
0.607593
0.607795
0.608555
0.608652
0.608715
0.608644
0.608583
0.608547
0.608568
0.608594
0.608645
0.608734
0.608824
0.608963
0.609114
0.60926
0.609252
0.609185
0.608427
0.608201
0.604793
0.607323
0.960183
0.959448
0.959383
0.9594
0.959522
0.959707
0.959934
0.960197
0.960485
0.96077
0.961018
0.961096
0.960977
0.960803
0.960622
0.960442
0.960272
0.960119
0.959987
0.95988
0.959826
0.959865
0.959976
0.96076
0.826553
0.823801
0.822097
0.821705
0.822712
0.824695
0.827175
0.829712
0.831977
0.833759
0.834931
0.835413
0.835328
0.834668
0.833347
0.831477
0.82919
0.826693
0.8243
0.822429
0.821527
0.821985
0.823705
0.826406
0.934397
0.934777
0.93619
0.937797
0.939665
0.941588
0.94357
0.945526
0.947404
0.949049
0.950409
0.951382
0.951905
0.951915
0.951418
0.950373
0.948842
0.946955
0.944833
0.942606
0.9403
0.938222
0.936256
0.935562
0.662248
0.662338
0.662879
0.662881
0.662832
0.662659
0.662486
0.662298
0.662127
0.661972
0.661847
0.66176
0.661716
0.661717
0.661756
0.661828
0.661918
0.66203
0.662133
0.662244
0.662242
0.662203
0.661635
0.661549
0.961416
0.961662
0.964416
0.967313
0.970752
0.974016
0.977288
0.980326
0.983159
0.985656
0.987759
0.989204
0.990055
0.990002
0.989143
0.987378
0.985027
0.98215
0.978785
0.975238
0.971284
0.967865
0.964342
0.96389
0.73749
0.737273
0.736922
0.736595
0.736292
0.736017
0.735773
0.735563
0.735394
0.735271
0.735196
0.735174
0.735204
0.735286
0.735421
0.735603
0.735827
0.736088
0.736378
0.736692
0.737027
0.737378
0.737746
0.737968
0.795183
0.794358
0.794077
0.79383
0.793699
0.793589
0.793522
0.793469
0.793436
0.793415
0.793407
0.79341
0.793423
0.793447
0.793482
0.79353
0.79359
0.793669
0.793762
0.793895
0.794047
0.794307
0.794593
0.795401
0.49104
0.489862
0.489228
0.488831
0.488769
0.488922
0.489261
0.489695
0.49015
0.490572
0.49088
0.491037
0.49104
0.490877
0.490561
0.49015
0.489716
0.489319
0.489024
0.488925
0.489049
0.489502
0.490173
0.491419
0.499452
0.498149
0.497761
0.497841
0.498398
0.499236
0.500184
0.501185
0.50213
0.502935
0.5035
0.503769
0.503743
0.50341
0.50278
0.501932
0.50096
0.49995
0.499004
0.498189
0.497671
0.49763
0.498072
0.499382
0.86653
0.869323
0.867346
0.864112
0.861184
0.858836
0.856886
0.855212
0.853759
0.85261
0.851737
0.851372
0.851389
0.851787
0.852689
0.853862
0.855334
0.85702
0.858977
0.861329
0.864264
0.867503
0.869476
0.866643
1.03856
1.04383
1.05172
1.05195
1.04299
1.02798
1.01102
0.995711
0.985077
0.981
0.983946
0.993961
1.0119
1.02114
1.01015
0.995363
0.990443
0.994107
1.00595
1.02286
1.03803
1.04501
1.04275
1.041
0.501642
0.50009
0.498564
0.496931
0.495418
0.494004
0.492752
0.491705
0.490877
0.490284
0.489911
0.489758
0.48983
0.490119
0.490624
0.49135
0.492308
0.49348
0.494848
0.49636
0.49795
0.499645
0.501215
0.502816
0.627682
0.627745
0.627416
0.627669
0.628101
0.628654
0.629143
0.629622
0.630058
0.630517
0.630876
0.631219
0.631179
0.630762
0.630337
0.629818
0.629329
0.628801
0.628266
0.627672
0.627196
0.626905
0.627209
0.627153
0.800856
0.800509
0.802277
0.804333
0.806344
0.808016
0.809242
0.810063
0.810577
0.810882
0.81105
0.811126
0.811116
0.811026
0.810852
0.810548
0.810043
0.809238
0.80803
0.806363
0.80433
0.802225
0.800381
0.800643
0.889742
0.890401
0.891452
0.892035
0.892621
0.892915
0.893201
0.893364
0.893521
0.893638
0.893736
0.893801
0.893808
0.893763
0.893687
0.893594
0.893462
0.893324
0.893063
0.892791
0.892223
0.891654
0.89061
0.889948
0.90707
0.907264
0.908128
0.909145
0.910165
0.911032
0.911767
0.912355
0.91281
0.913154
0.913387
0.913506
0.913517
0.913419
0.913209
0.912891
0.912464
0.911907
0.911207
0.91038
0.909399
0.908419
0.907587
0.907419
0.845696
0.845133
0.844884
0.844733
0.844717
0.844756
0.844854
0.844964
0.845085
0.845193
0.845284
0.845346
0.845376
0.845376
0.845347
0.845301
0.845245
0.8452
0.845167
0.845191
0.845264
0.845462
0.845741
0.846313
0.925832
0.92544
0.925688
0.926554
0.927979
0.929638
0.931432
0.933163
0.934759
0.936085
0.937075
0.937643
0.937752
0.937395
0.936627
0.935514
0.934129
0.932593
0.930994
0.929503
0.92829
0.927555
0.927599
0.927951
0.842858
0.842201
0.842136
0.841896
0.841955
0.841891
0.841953
0.841952
0.842012
0.84205
0.842104
0.842139
0.842148
0.842134
0.842103
0.84209
0.842057
0.842084
0.842046
0.842131
0.842089
0.842342
0.842414
0.843068
0.934456
0.935653
0.937323
0.937781
0.938167
0.937986
0.937865
0.937645
0.937477
0.937344
0.937258
0.937265
0.93728
0.93731
0.937439
0.937609
0.937813
0.938064
0.938209
0.938411
0.938036
0.937585
0.93592
0.934719
0.789484
0.788062
0.787038
0.786373
0.785814
0.785257
0.784811
0.784493
0.784302
0.784261
0.784292
0.784429
0.784424
0.784284
0.784256
0.784304
0.784506
0.784836
0.785294
0.785867
0.786437
0.787111
0.788129
0.789564
0.529983
0.528878
0.527267
0.525543
0.523636
0.521607
0.51961
0.517799
0.516302
0.515188
0.51448
0.514177
0.51422
0.514622
0.515445
0.516671
0.518279
0.520193
0.522284
0.524404
0.526391
0.528163
0.529811
0.530949
0.590634
0.591275
0.592066
0.593103
0.594327
0.59566
0.597004
0.598222
0.599271
0.60012
0.600696
0.60095
0.60088
0.600485
0.59977
0.598789
0.597617
0.596286
0.594845
0.593431
0.592146
0.591062
0.590234
0.589567
0.535971
0.535076
0.533775
0.532516
0.531227
0.530043
0.528971
0.528079
0.527355
0.526847
0.526523
0.526426
0.526512
0.526779
0.527265
0.527928
0.528793
0.52981
0.530992
0.532268
0.533629
0.534943
0.536278
0.537184
0.948321
0.950358
0.953518
0.956755
0.960418
0.963886
0.967277
0.970364
0.973125
0.975415
0.977169
0.978221
0.978563
0.978081
0.976933
0.975103
0.972716
0.969867
0.966589
0.963108
0.959265
0.955848
0.952207
0.950048
0.961496
0.962513
0.966564
0.970747
0.975561
0.980015
0.984249
0.987909
0.991042
0.993423
0.994865
0.995416
0.995963
0.996596
0.996127
0.994226
0.991521
0.988152
0.984002
0.979462
0.974296
0.969694
0.964972
0.963833
0.851151
0.852186
0.8531
0.853674
0.854002
0.854174
0.854312
0.854392
0.854432
0.854436
0.854457
0.854476
0.85448
0.854468
0.854457
0.854464
0.854437
0.854371
0.854248
0.854091
0.853776
0.853213
0.852302
0.851272
0.944566
0.946282
0.948014
0.948744
0.949164
0.949061
0.948946
0.948782
0.948673
0.948625
0.948633
0.948707
0.948715
0.94867
0.9487
0.948785
0.948931
0.949128
0.949273
0.949398
0.948995
0.948276
0.946551
0.944836
0.510695
0.510709
0.510141
0.509811
0.509614
0.509632
0.509713
0.509852
0.509968
0.510094
0.510154
0.510214
0.510228
0.510194
0.510158
0.510064
0.509982
0.509881
0.50984
0.50986
0.510091
0.510452
0.511044
0.51105
0.791092
0.790012
0.78862
0.787105
0.785758
0.784605
0.783651
0.782959
0.782499
0.782301
0.782235
0.782404
0.782397
0.782227
0.782299
0.782504
0.78297
0.783667
0.784623
0.785778
0.787128
0.788647
0.790028
0.791105
0.598901
0.597089
0.594736
0.593127
0.591892
0.591115
0.590593
0.590274
0.590049
0.589916
0.589835
0.589858
0.589963
0.590146
0.590419
0.590726
0.591102
0.591549
0.592175
0.59303
0.594318
0.595954
0.598312
0.600107
0.68531
0.686029
0.686505
0.686905
0.687038
0.686946
0.686786
0.686663
0.686607
0.686602
0.686619
0.686622
0.68659
0.686517
0.686425
0.686357
0.686344
0.686402
0.686511
0.68657
0.686443
0.686025
0.685523
0.684767
0.987398
0.984203
0.98259
0.980956
0.980102
0.979462
0.979082
0.978715
0.978547
0.979407
0.981554
0.984857
0.988178
0.991218
0.99312
0.994365
0.993103
0.991675
0.989486
0.987859
0.987039
0.987559
0.988458
0.992124
0.53583
0.535061
0.533468
0.531754
0.529983
0.528174
0.526406
0.524772
0.523371
0.522282
0.521555
0.521226
0.521297
0.521771
0.522644
0.523873
0.525407
0.52716
0.529033
0.530938
0.532793
0.534584
0.536251
0.537077
0.825618
0.822571
0.820958
0.820731
0.82173
0.8237
0.826145
0.828613
0.830802
0.832522
0.833651
0.834109
0.834035
0.833414
0.832144
0.83034
0.828127
0.825692
0.823326
0.82147
0.82057
0.820872
0.822515
0.825524
0.954177
0.953357
0.952982
0.952727
0.952742
0.953014
0.953423
0.953843
0.954184
0.954414
0.954543
0.954569
0.954511
0.954416
0.954279
0.954074
0.95379
0.953457
0.953156
0.953001
0.953094
0.953421
0.953836
0.954694
0.978466
0.976403
0.976355
0.976547
0.977569
0.978815
0.980371
0.981784
0.983048
0.984145
0.985628
0.987258
0.989574
0.992247
0.994725
0.995843
0.99493
0.992133
0.988855
0.985812
0.983159
0.981727
0.980865
0.982902
0.851118
0.850528
0.850412
0.850154
0.850176
0.85008
0.850123
0.850113
0.850183
0.850239
0.850321
0.850378
0.85039
0.850364
0.850318
0.8503
0.850271
0.850323
0.850319
0.850452
0.85046
0.850744
0.850877
0.851469
0.61431
0.612499
0.609838
0.608391
0.607604
0.607348
0.607314
0.607359
0.607368
0.607323
0.607249
0.607217
0.607334
0.607596
0.607883
0.60812
0.608277
0.608372
0.608517
0.608856
0.609698
0.611169
0.613827
0.615598
0.852121
0.850679
0.850455
0.850031
0.849919
0.849702
0.849667
0.84959
0.849614
0.849634
0.849709
0.849763
0.849776
0.849756
0.849719
0.849744
0.849763
0.849882
0.849958
0.850212
0.850353
0.850805
0.851044
0.852494
0.795588
0.79561
0.79556
0.795338
0.795217
0.795123
0.795083
0.795063
0.795063
0.795069
0.79508
0.795092
0.795105
0.795119
0.795133
0.795152
0.795177
0.795218
0.795278
0.795388
0.795521
0.795749
0.7958
0.795782
0.800379
0.800201
0.800245
0.800113
0.799998
0.799862
0.799762
0.799684
0.799638
0.799612
0.799604
0.799609
0.799624
0.79965
0.799687
0.799741
0.799814
0.799916
0.800038
0.800192
0.800321
0.800461
0.80042
0.800602
0.853772
0.853019
0.852752
0.852338
0.852256
0.852074
0.852049
0.851996
0.852037
0.85207
0.852131
0.852178
0.852193
0.852184
0.852163
0.852173
0.852176
0.852274
0.852339
0.852564
0.852676
0.853119
0.853404
0.854166
0.800561
0.800425
0.800437
0.800378
0.800352
0.800287
0.800223
0.800148
0.80008
0.800022
0.799985
0.799971
0.799985
0.800025
0.800089
0.800174
0.80027
0.800373
0.800464
0.800554
0.800603
0.800678
0.800676
0.800807
0.664602
0.660948
0.672796
0.681123
0.687763
0.692034
0.695071
0.697286
0.699165
0.700881
0.702395
0.703357
0.703417
0.702604
0.701255
0.699709
0.698
0.695951
0.693066
0.688925
0.682374
0.67408
0.662193
0.665585
0.805508
0.804794
0.804399
0.804077
0.803908
0.803817
0.803798
0.803805
0.803828
0.803853
0.803877
0.803895
0.803908
0.803915
0.803917
0.803917
0.803919
0.803937
0.803978
0.804088
0.804271
0.804601
0.804998
0.805703
0.810741
0.810605
0.810701
0.810765
0.810862
0.810909
0.810946
0.810958
0.810962
0.81096
0.81096
0.810964
0.810976
0.810995
0.811019
0.811046
0.811067
0.811083
0.811073
0.811052
0.810978
0.810933
0.810848
0.810978
0.821426
0.820968
0.820836
0.820777
0.820845
0.820905
0.820978
0.821026
0.821071
0.821102
0.821129
0.821146
0.821156
0.821159
0.821153
0.821143
0.821121
0.821097
0.821049
0.821012
0.820963
0.821031
0.821161
0.8216
0.775427
0.775712
0.776325
0.776517
0.776594
0.776489
0.776354
0.776188
0.776018
0.775854
0.775719
0.775655
0.775643
0.77568
0.775789
0.775928
0.776075
0.776219
0.776333
0.776422
0.776329
0.776124
0.775495
0.77521
0.872336
0.871669
0.871091
0.870678
0.870574
0.870559
0.870723
0.870911
0.871159
0.871377
0.871576
0.871699
0.871736
0.871691
0.871572
0.871439
0.87128
0.871185
0.871116
0.871227
0.871425
0.871924
0.872575
0.873271
0.875811
0.875
0.874334
0.87387
0.873761
0.873737
0.873913
0.874073
0.874316
0.87453
0.874736
0.874863
0.874891
0.874831
0.8747
0.874567
0.874411
0.874341
0.874259
0.874387
0.874579
0.87513
0.875872
0.876726
0.966766
0.966512
0.966452
0.966536
0.96668
0.966777
0.966829
0.966835
0.96684
0.966861
0.966895
0.966933
0.966945
0.966932
0.966927
0.966937
0.966965
0.966992
0.966971
0.966903
0.966781
0.966715
0.966786
0.967044
0.993888
0.992647
0.989235
0.98462
0.980156
0.976137
0.972901
0.97007
0.96745
0.968173
0.971779
0.975327
0.977287
0.978104
0.977342
0.97398
0.968383
0.967697
0.969487
0.974232
0.978678
0.983499
0.987452
0.989822
0.883405
0.882842
0.882344
0.881845
0.88177
0.881717
0.881868
0.882028
0.882276
0.882491
0.882687
0.882808
0.882848
0.882813
0.882709
0.882591
0.882446
0.882394
0.882358
0.882528
0.882713
0.883327
0.883923
0.884537
0.847483
0.847041
0.847446
0.847337
0.847398
0.84722
0.847167
0.847048
0.847024
0.846998
0.847017
0.847041
0.84705
0.84705
0.847059
0.847114
0.847167
0.847315
0.847396
0.847596
0.847551
0.847672
0.847268
0.847707
0.995828
0.993404
0.989178
0.983983
0.978881
0.973907
0.969443
0.966039
0.964695
0.967504
0.972155
0.9764
0.980306
0.981328
0.980733
0.979056
0.975485
0.970353
0.970897
0.97477
0.979829
0.985415
0.989826
0.993005
0.886473
0.886381
0.885995
0.885694
0.885488
0.885358
0.885237
0.885123
0.885039
0.884985
0.884959
0.884937
0.884906
0.884891
0.884903
0.884945
0.885018
0.885109
0.885203
0.885331
0.885553
0.885879
0.886301
0.886407
0.959755
0.95913
0.959517
0.960244
0.961513
0.963049
0.96492
0.967113
0.969711
0.97253
0.975323
0.97776
0.979351
0.980056
0.979386
0.977837
0.975338
0.97244
0.96945
0.966578
0.963921
0.962046
0.960774
0.961367
0.83283
0.833568
0.833614
0.833503
0.833311
0.833041
0.832785
0.832552
0.832389
0.832308
0.832264
0.832249
0.832248
0.832261
0.832305
0.832388
0.832554
0.832794
0.833057
0.833334
0.833531
0.833648
0.833601
0.832867
0.817343
0.817432
0.817932
0.818419
0.818822
0.819203
0.819524
0.819774
0.819956
0.820075
0.820137
0.820144
0.820097
0.820007
0.81988
0.819712
0.819495
0.81922
0.818881
0.818488
0.818078
0.817584
0.817086
0.817022
0.791982
0.791883
0.79177
0.791578
0.791489
0.791403
0.791359
0.791329
0.791318
0.791316
0.791322
0.791332
0.791345
0.791361
0.791381
0.791407
0.791442
0.791493
0.791557
0.791659
0.79176
0.791959
0.792075
0.792185
0.562308
0.560047
0.558424
0.556768
0.554977
0.553046
0.551175
0.549538
0.548244
0.547318
0.546754
0.54652
0.546533
0.546812
0.547441
0.548434
0.549792
0.551486
0.553404
0.55537
0.557185
0.558844
0.56045
0.562606
0.98813
0.987805
0.988127
0.987704
0.986811
0.985646
0.984421
0.9833
0.982389
0.981753
0.981398
0.981345
0.981352
0.981433
0.981829
0.982506
0.983456
0.984609
0.985858
0.987041
0.987946
0.988381
0.988065
0.988398
0.541167
0.540385
0.539169
0.537974
0.536695
0.535502
0.534417
0.533518
0.532792
0.532282
0.531959
0.53186
0.531951
0.532231
0.532727
0.5334
0.534274
0.535305
0.536503
0.537792
0.539147
0.540398
0.541647
0.542438
0.953219
0.953889
0.955257
0.956703
0.958596
0.960698
0.963047
0.965505
0.968108
0.970797
0.973357
0.975513
0.976882
0.977419
0.976747
0.975154
0.972787
0.969929
0.966766
0.963575
0.960465
0.957929
0.95558
0.954614
0.666588
0.667476
0.680796
0.689588
0.697019
0.702091
0.705857
0.708632
0.710824
0.712602
0.713987
0.714725
0.714786
0.714207
0.712973
0.711348
0.709303
0.706672
0.703045
0.698097
0.690772
0.682061
0.668796
0.667771
0.882719
0.880351
0.878487
0.877385
0.876655
0.876217
0.876044
0.876098
0.876312
0.876556
0.876803
0.876998
0.877003
0.876823
0.876595
0.876377
0.876196
0.87617
0.876368
0.876823
0.877565
0.878671
0.880539
0.882931
0.819669
0.819084
0.818929
0.818885
0.818954
0.819015
0.819084
0.819128
0.819164
0.819185
0.819201
0.819212
0.819221
0.819229
0.819232
0.819232
0.819218
0.819199
0.819154
0.819117
0.81907
0.819127
0.819287
0.819865
0.641728
0.64105
0.640604
0.639947
0.639483
0.639018
0.638624
0.638269
0.637986
0.637767
0.637613
0.637515
0.637468
0.637472
0.637534
0.637664
0.637862
0.638136
0.638453
0.638844
0.639241
0.639842
0.640246
0.640918
0.962682
0.964461
0.968339
0.971908
0.975809
0.979256
0.98254
0.985459
0.988061
0.990199
0.991936
0.993239
0.994069
0.993988
0.993311
0.99188
0.989764
0.987064
0.983761
0.980118
0.97576
0.971717
0.967053
0.96515
0.553721
0.554864
0.556696
0.558854
0.561204
0.563577
0.565808
0.56778
0.569427
0.570673
0.571485
0.571848
0.57176
0.571218
0.570231
0.568819
0.567019
0.564913
0.562572
0.560119
0.557708
0.555506
0.553641
0.552496
0.811793
0.81135
0.811312
0.811359
0.811479
0.81156
0.811627
0.811659
0.811678
0.811685
0.811691
0.811698
0.811708
0.811722
0.811737
0.811753
0.811759
0.811754
0.811715
0.811662
0.811567
0.811536
0.811579
0.812004
0.523859
0.524657
0.525968
0.527834
0.530065
0.532448
0.534773
0.536883
0.538664
0.540045
0.540948
0.541348
0.54125
0.540648
0.53954
0.537965
0.536002
0.533724
0.531248
0.528737
0.526412
0.524489
0.523154
0.522369
0.479908
0.48014
0.480453
0.481058
0.48181
0.482519
0.48313
0.483607
0.483981
0.484248
0.484402
0.484455
0.484387
0.484217
0.483966
0.483619
0.483182
0.48266
0.482022
0.481306
0.480557
0.479945
0.47959
0.479238
0.802842
0.802577
0.802426
0.802272
0.802202
0.802137
0.802111
0.802095
0.802094
0.802099
0.802108
0.80212
0.802133
0.802149
0.802166
0.802189
0.802215
0.802256
0.802304
0.802389
0.802475
0.802639
0.802792
0.803056
0.909058
0.908655
0.90887
0.909315
0.910015
0.910861
0.911804
0.912753
0.913643
0.914404
0.914988
0.915355
0.915489
0.915385
0.915054
0.91452
0.913828
0.913048
0.912247
0.911519
0.910939
0.9106
0.910558
0.911135
0.842529
0.842325
0.842313
0.842246
0.842253
0.842299
0.842393
0.842489
0.842587
0.842666
0.842727
0.842763
0.842776
0.842767
0.842732
0.842679
0.842608
0.842537
0.842466
0.84244
0.842448
0.842525
0.842543
0.842745
1.0258
1.01796
1.01693
1.01285
1.00743
1.00143
0.996353
0.993509
0.993808
0.997482
1.00414
1.01227
1.02071
1.02426
1.0199
1.01138
1.00396
0.999016
0.998024
1.0009
1.00622
1.01154
1.01358
1.01961
0.477158
0.475692
0.474342
0.473093
0.472234
0.471728
0.471513
0.471453
0.471459
0.471537
0.471622
0.471667
0.471682
0.471657
0.471591
0.471539
0.471543
0.471596
0.471844
0.472418
0.473377
0.474682
0.47611
0.477625
0.852097
0.851555
0.85135
0.851072
0.851101
0.85103
0.851094
0.851106
0.851195
0.851268
0.851363
0.851429
0.851441
0.851408
0.85135
0.851317
0.851271
0.851304
0.85128
0.851389
0.851393
0.8517
0.851923
0.85247
0.492672
0.491037
0.489846
0.488754
0.487866
0.487177
0.48671
0.486428
0.486274
0.486219
0.486209
0.486222
0.486267
0.486333
0.486417
0.486556
0.486795
0.487164
0.487727
0.488498
0.489453
0.490594
0.491822
0.4935
0.89946
0.899647
0.900252
0.900767
0.901395
0.901855
0.902294
0.902626
0.90291
0.903126
0.903282
0.903368
0.903378
0.903313
0.903181
0.90299
0.902732
0.902428
0.902015
0.901579
0.900972
0.900475
0.899881
0.899696
0.8133
0.81316
0.813188
0.813187
0.813204
0.813194
0.813205
0.813213
0.813232
0.813249
0.813268
0.813283
0.813295
0.813305
0.81331
0.813317
0.813323
0.813338
0.813349
0.813377
0.813375
0.813388
0.813362
0.813497
0.951415
0.951559
0.95382
0.956545
0.959861
0.963131
0.96643
0.969537
0.972401
0.97485
0.976808
0.97806
0.978586
0.978194
0.977083
0.97522
0.972781
0.969886
0.966613
0.963218
0.959584
0.956533
0.953695
0.953369
1.02284
1.03861
1.06157
1.06793
1.06367
1.0481
1.02497
0.997084
0.967552
0.940974
0.924059
0.922702
0.944877
0.949961
0.935851
0.932589
0.950168
0.980142
1.01316
1.04065
1.05511
1.05501
1.03653
1.01673
0.802044
0.802057
0.802053
0.801972
0.801836
0.801662
0.801478
0.801308
0.801164
0.801048
0.800965
0.800914
0.800896
0.800909
0.800957
0.801039
0.801155
0.801303
0.80147
0.801632
0.801764
0.801843
0.801851
0.801841
0.88842
0.888449
0.889043
0.889436
0.889942
0.890259
0.890588
0.890814
0.891021
0.891172
0.891287
0.891352
0.891361
0.891314
0.89122
0.891091
0.890908
0.890707
0.890401
0.890106
0.889617
0.889238
0.888651
0.888624
0.489379
0.487653
0.486671
0.486048
0.485873
0.486101
0.486588
0.487189
0.487797
0.488331
0.488706
0.488879
0.488872
0.488673
0.488272
0.487733
0.487136
0.486565
0.486119
0.485956
0.486183
0.486848
0.487855
0.489641
0.500208
0.499088
0.498998
0.499389
0.500243
0.501334
0.502581
0.503858
0.505023
0.505969
0.506603
0.50688
0.50684
0.506471
0.505741
0.504723
0.503505
0.502194
0.500926
0.499812
0.498952
0.498591
0.498766
0.499979
0.924059
0.923458
0.923412
0.92404
0.925283
0.926797
0.92847
0.930105
0.931627
0.932902
0.93386
0.934412
0.934511
0.934157
0.933408
0.932338
0.931019
0.929576
0.928095
0.926753
0.925721
0.925238
0.925582
0.926037
0.00429915
0.00570181
0.00679738
0.00720539
0.00732916
0.0072704
0.00718937
0.00682954
0.00627376
0.00543566
0.00446827
0.00355432
0.00305245
0.00320456
0.00389437
0.00482796
0.00567988
0.00632705
0.00669351
0.00689505
0.00685307
0.00630485
0.00494783
0.0033026
-0.0020038
-0.000124196
0.000276861
-7.88573e-06
-0.000181177
-0.000212223
-8.14078e-05
-4.20398e-06
4.20702e-05
-1.84693e-06
-0.000124409
-0.000301254
-0.000458418
-0.00047154
-0.000331708
-0.000166905
-7.71908e-05
-7.47079e-05
-0.000157786
-0.000195218
-0.000115804
-2.23743e-05
-0.000468945
-0.00217931
0.916792
0.915491
0.91461
0.913805
0.913179
0.912688
0.912304
0.912006
0.911781
0.911619
0.911514
0.911462
0.911462
0.911514
0.911619
0.911781
0.912006
0.912304
0.912688
0.913179
0.913805
0.91461
0.915491
0.916792
0.916598
0.915357
0.914507
0.913721
0.913104
0.912617
0.912235
0.911938
0.911712
0.91155
0.911445
0.911393
0.911393
0.911445
0.91155
0.911712
0.911938
0.912235
0.912617
0.913104
0.913721
0.914507
0.915357
0.916598
1.01942
1.03072
1.04394
1.04699
1.0423
1.02884
1.00906
0.98581
0.962635
0.943915
0.933762
0.933659
0.949834
0.956529
0.94361
0.939924
0.94972
0.969438
0.993796
1.01621
1.03088
1.03479
1.02964
1.01996
0.487899
0.485953
0.484468
0.483271
0.482485
0.48202
0.481824
0.481805
0.481886
0.482009
0.48211
0.482159
0.482178
0.482157
0.482082
0.481998
0.481964
0.482038
0.48229
0.482815
0.483647
0.484893
0.486409
0.488421
0.896405
0.896585
0.897289
0.898048
0.89885
0.899552
0.900154
0.900631
0.900988
0.901261
0.901461
0.901566
0.901579
0.901499
0.901326
0.901082
0.900756
0.900311
0.899744
0.89908
0.898316
0.897591
0.896915
0.896757
0.836685
0.836195
0.835975
0.835841
0.835811
0.83582
0.835875
0.835943
0.836024
0.8361
0.836166
0.836212
0.836239
0.836246
0.836234
0.836212
0.836186
0.836173
0.836171
0.836214
0.83629
0.836462
0.836706
0.837204
0.494759
0.493564
0.493114
0.493062
0.493543
0.494403
0.495457
0.496563
0.497591
0.498443
0.499028
0.499296
0.499275
0.498952
0.498311
0.497426
0.496384
0.495285
0.494258
0.493446
0.493028
0.493103
0.493528
0.494738
0.94815
0.949532
0.952295
0.955269
0.958661
0.961901
0.965077
0.967962
0.970541
0.97268
0.974333
0.97535
0.975734
0.975368
0.97437
0.972718
0.97052
0.967864
0.964778
0.9615
0.957905
0.954724
0.951524
0.950108
0.855839
0.855719
0.856392
0.85652
0.856848
0.856869
0.856967
0.856959
0.857004
0.857029
0.857076
0.857117
0.857122
0.857098
0.857073
0.857071
0.85705
0.85708
0.857004
0.857001
0.856686
0.856565
0.855892
0.856003
0.719178
0.718612
0.718303
0.718042
0.71796
0.717841
0.717741
0.717627
0.717514
0.717413
0.717371
0.717322
0.717299
0.7173
0.717292
0.717341
0.717402
0.717462
0.717509
0.717585
0.717634
0.717875
0.718169
0.71873
0.865166
0.865279
0.865996
0.866368
0.866871
0.867142
0.867432
0.867603
0.867777
0.867901
0.868007
0.86807
0.868075
0.868026
0.867938
0.867833
0.867681
0.867531
0.867262
0.867011
0.866524
0.866162
0.86545
0.86533
0.794241
0.794441
0.794773
0.794741
0.794653
0.794495
0.794359
0.794238
0.794146
0.79408
0.794041
0.79403
0.794045
0.794088
0.794157
0.794252
0.794373
0.794521
0.794682
0.794862
0.794969
0.795015
0.794696
0.794493
0.656866
0.657277
0.658089
0.659026
0.659774
0.660333
0.660769
0.661163
0.661513
0.661793
0.661989
0.662073
0.662025
0.661846
0.661558
0.661192
0.660764
0.660304
0.65982
0.659232
0.65848
0.657522
0.656683
0.656234
0.807159
0.807008
0.806963
0.806919
0.806953
0.806983
0.807028
0.807063
0.807099
0.807127
0.807151
0.807167
0.807178
0.807182
0.80718
0.807173
0.80716
0.807146
0.807122
0.807111
0.807094
0.807147
0.807194
0.807343
0.698641
0.698855
0.698266
0.697935
0.69763
0.697253
0.697042
0.697001
0.697031
0.697098
0.697165
0.697195
0.697172
0.697091
0.696968
0.696842
0.69675
0.696728
0.696876
0.697201
0.697589
0.697896
0.698458
0.698138
0.905489
0.905688
0.906398
0.906911
0.907532
0.907915
0.908279
0.908533
0.908759
0.90893
0.909056
0.909129
0.909139
0.909088
0.908986
0.908841
0.908641
0.908413
0.908075
0.907715
0.907113
0.906616
0.905914
0.90572
0.89478
0.894192
0.894228
0.89453
0.895009
0.895577
0.896196
0.896818
0.897408
0.897926
0.89834
0.898621
0.89875
0.89872
0.898533
0.898199
0.897745
0.897207
0.89663
0.896066
0.895587
0.89526
0.89534
0.895934
0.999763
0.997457
0.993024
0.987454
0.981759
0.976072
0.97062
0.965757
0.962957
0.964465
0.96854
0.972945
0.977821
0.979502
0.977096
0.973837
0.970401
0.967824
0.970418
0.975684
0.981659
0.987779
0.992526
0.995631
0.917833
0.919088
0.920616
0.92164
0.922516
0.923072
0.923511
0.923822
0.924087
0.924292
0.924446
0.924538
0.924548
0.924479
0.92435
0.924172
0.923936
0.923655
0.923244
0.922712
0.921859
0.920857
0.91934
0.918099
0.978124
0.977088
0.977621
0.978167
0.97935
0.980559
0.981949
0.983179
0.984291
0.985354
0.986991
0.989446
0.992335
0.995421
0.997788
0.998871
0.997392
0.994445
0.991088
0.987857
0.984858
0.982897
0.981323
0.982369
0.526721
0.526141
0.526711
0.527879
0.529452
0.531192
0.532951
0.534609
0.536053
0.537205
0.537983
0.538339
0.538272
0.537773
0.536854
0.535581
0.534035
0.532295
0.530473
0.528686
0.527084
0.5259
0.525348
0.525981
0.641271
0.642523
0.64373
0.644764
0.6456
0.646288
0.64687
0.647353
0.647804
0.648175
0.648414
0.648504
0.648451
0.648254
0.647908
0.647434
0.646884
0.64631
0.645652
0.644905
0.644034
0.642972
0.641744
0.640481
1.02427
1.02326
1.02792
1.02649
1.01969
1.00983
1.0002
0.992973
0.989651
0.991127
0.997565
1.00772
1.02096
1.02582
1.01773
1.00618
0.998928
0.996991
1.00114
1.00985
1.01948
1.02506
1.02338
1.02357
0.639537
0.639597
0.639906
0.640386
0.640916
0.641374
0.641765
0.642062
0.642301
0.642499
0.642634
0.642669
0.642619
0.642482
0.642243
0.64194
0.6416
0.641202
0.640716
0.640172
0.639578
0.639052
0.638714
0.638642
0.660685
0.660803
0.672536
0.680666
0.687717
0.692502
0.696037
0.698611
0.700617
0.702206
0.703417
0.704051
0.704123
0.703661
0.702615
0.701188
0.699338
0.696912
0.693517
0.688853
0.6819
0.673833
0.662125
0.661888
0.515463
0.515967
0.516588
0.517576
0.5186
0.519636
0.520573
0.521446
0.522196
0.522854
0.523314
0.523596
0.52358
0.52326
0.52277
0.522091
0.521331
0.520458
0.519529
0.518507
0.517495
0.516517
0.515888
0.515385
0.541438
0.540511
0.538947
0.537259
0.535559
0.533978
0.532552
0.531326
0.530305
0.529526
0.529003
0.528784
0.528892
0.529324
0.530047
0.531012
0.532201
0.533573
0.535123
0.536803
0.538583
0.540324
0.541918
0.542848
0.682975
0.675284
0.677812
0.681769
0.686113
0.690066
0.693419
0.696111
0.69816
0.699624
0.700564
0.701012
0.701093
0.700801
0.700008
0.69868
0.696755
0.694177
0.69093
0.687073
0.682817
0.678936
0.676534
0.684128
0.73373
0.732286
0.732398
0.732567
0.732659
0.732484
0.732215
0.731878
0.731542
0.731259
0.731029
0.730912
0.730882
0.730941
0.731114
0.731343
0.731627
0.731914
0.732137
0.732268
0.732135
0.731931
0.731791
0.733246
0.845689
0.84544
0.844899
0.844591
0.844378
0.844188
0.844044
0.843925
0.843893
0.843916
0.843927
0.843941
0.843943
0.843934
0.843927
0.843912
0.843952
0.844083
0.844239
0.844444
0.844672
0.844992
0.845537
0.84579
0.991744
0.988812
0.985072
0.980849
0.97715
0.973922
0.971403
0.969603
0.969058
0.971317
0.976033
0.981107
0.985427
0.98696
0.986634
0.984157
0.980037
0.975919
0.975362
0.976977
0.979662
0.983412
0.986811
0.990313
0.543496
0.544375
0.546221
0.548343
0.550672
0.553045
0.555308
0.557356
0.559085
0.560435
0.561332
0.561747
0.561686
0.561139
0.560109
0.558645
0.556818
0.554692
0.552374
0.549963
0.547601
0.545441
0.543595
0.542733
0.94494
0.945529
0.947456
0.949836
0.952751
0.955696
0.958634
0.96132
0.963757
0.965814
0.967422
0.968436
0.968823
0.968499
0.967561
0.966009
0.963949
0.961482
0.958618
0.955619
0.952514
0.949944
0.94767
0.94704
0.803872
0.803831
0.803844
0.803755
0.803596
0.803335
0.803079
0.802835
0.802668
0.802581
0.802522
0.80249
0.802484
0.802506
0.802552
0.802627
0.802783
0.803019
0.803266
0.80352
0.803669
0.803753
0.803731
0.803776
0.534031
0.53463
0.535076
0.536022
0.537008
0.53806
0.539015
0.539906
0.540673
0.541362
0.541851
0.5422
0.542171
0.541763
0.541223
0.540493
0.539694
0.538781
0.537812
0.53675
0.535756
0.534808
0.534352
0.533762
0.849973
0.849228
0.848979
0.848684
0.848721
0.848666
0.848759
0.848795
0.848901
0.84898
0.849074
0.849134
0.849146
0.849116
0.849055
0.849011
0.848944
0.848947
0.84889
0.848979
0.848971
0.849291
0.849554
0.850304
0.902221
0.903297
0.904506
0.905217
0.905891
0.906243
0.906556
0.906741
0.90691
0.907035
0.907132
0.907193
0.907202
0.907163
0.90709
0.906991
0.90685
0.906692
0.906403
0.906074
0.905419
0.904724
0.903524
0.902447
0.504092
0.50288
0.501595
0.500059
0.498614
0.497258
0.496076
0.495091
0.494313
0.493752
0.493396
0.493247
0.493322
0.493612
0.494106
0.494806
0.495722
0.496842
0.498151
0.499631
0.50116
0.502763
0.504089
0.505338
0.499012
0.497838
0.496846
0.495713
0.494692
0.493807
0.493112
0.492595
0.492224
0.491986
0.491846
0.4918
0.491863
0.492027
0.492279
0.492635
0.493121
0.493751
0.494549
0.495523
0.496606
0.497783
0.498809
0.500022
0.912263
0.911735
0.911545
0.911724
0.91237
0.913234
0.914277
0.91532
0.916322
0.917163
0.917804
0.918176
0.918255
0.918041
0.917566
0.916892
0.916062
0.915191
0.914327
0.913639
0.913197
0.913181
0.913623
0.914077
0.933459
0.933558
0.934358
0.934894
0.935535
0.935917
0.936255
0.936477
0.936665
0.936812
0.936924
0.937001
0.937012
0.936961
0.936877
0.93676
0.936603
0.936412
0.936103
0.935747
0.935127
0.934607
0.933817
0.933723
0.505087
0.503373
0.501723
0.500023
0.498447
0.49703
0.49582
0.494818
0.494014
0.493419
0.493024
0.492856
0.492936
0.493258
0.4938
0.49454
0.49548
0.496609
0.497931
0.499452
0.501093
0.502839
0.504522
0.506271
0.608425
0.608479
0.608449
0.608943
0.609609
0.610371
0.611057
0.611704
0.612269
0.612799
0.613207
0.613515
0.613472
0.613081
0.612596
0.611998
0.611372
0.610671
0.60994
0.609142
0.608439
0.607906
0.607905
0.607858
0.529883
0.530152
0.530682
0.5316
0.532636
0.533744
0.534783
0.535759
0.536601
0.537342
0.537872
0.538237
0.538208
0.537785
0.537205
0.536424
0.535553
0.534558
0.533507
0.532394
0.531354
0.530437
0.529894
0.529622
0.704335
0.698057
0.706175
0.715171
0.72234
0.72753
0.731348
0.734393
0.737127
0.739753
0.742143
0.743682
0.743695
0.74221
0.739926
0.737429
0.734841
0.731951
0.728289
0.723244
0.716187
0.707238
0.699067
0.705158
1.03581
1.02992
1.02648
1.02257
1.01802
1.01304
1.00862
1.00584
1.00551
1.00784
1.01242
1.01783
1.02282
1.02564
1.02322
1.01823
1.01341
1.00993
1.0092
1.01118
1.01515
1.0198
1.02298
1.02836
0.906703
0.907527
0.908695
0.909384
0.910049
0.910383
0.910682
0.910863
0.911032
0.911162
0.911265
0.911332
0.911342
0.911297
0.911218
0.911115
0.910974
0.910821
0.910547
0.910237
0.909591
0.908918
0.907757
0.906935
0.976796
0.975818
0.977611
0.979565
0.982133
0.984436
0.986627
0.98876
0.990887
0.99261
0.994133
0.995985
0.997668
0.998681
1.00024
0.997764
0.996068
0.993902
0.991344
0.988524
0.98522
0.982566
0.980102
0.981177
1.0202
1.01275
1.0151
1.01151
1.00493
0.996937
0.989552
0.984407
0.982607
0.98478
0.990688
0.999471
1.01101
1.01523
1.00776
0.997618
0.991079
0.98866
0.990915
0.997283
1.00529
1.01188
1.01588
1.01972
0.908636
0.907869
0.907429
0.907375
0.907812
0.908491
0.909381
0.910292
0.911185
0.911938
0.912515
0.91285
0.912925
0.912738
0.912316
0.91172
0.910989
0.910243
0.909526
0.90902
0.908778
0.908993
0.909643
0.910389
0.812409
0.812333
0.812355
0.812368
0.812411
0.812432
0.812465
0.812491
0.812522
0.812548
0.812572
0.812589
0.812601
0.812608
0.812608
0.812606
0.8126
0.812598
0.812587
0.812587
0.812563
0.812564
0.812548
0.812622
0.948581
0.94867
0.95071
0.9532
0.956226
0.959212
0.962205
0.965085
0.967755
0.970034
0.971849
0.973014
0.973489
0.973146
0.972126
0.970416
0.968157
0.965481
0.962522
0.959424
0.956118
0.953339
0.950821
0.950663
0.886248
0.886469
0.887604
0.887993
0.888504
0.888578
0.888694
0.888675
0.888706
0.888724
0.888767
0.888819
0.888826
0.888795
0.888779
0.888788
0.888785
0.888829
0.888735
0.888683
0.888182
0.887801
0.886667
0.886439
0.539851
0.540299
0.541788
0.543625
0.545706
0.54783
0.54987
0.551742
0.55335
0.554632
0.555503
0.555919
0.555863
0.555324
0.554331
0.552944
0.55125
0.549311
0.547224
0.545067
0.542961
0.541096
0.539607
0.539187
0.884347
0.884368
0.885677
0.886021
0.886399
0.886345
0.886357
0.886253
0.886214
0.886175
0.886174
0.886201
0.88621
0.886206
0.886236
0.886303
0.886369
0.886499
0.886509
0.886581
0.886212
0.885876
0.884565
0.884538
0.911559
0.912948
0.914439
0.91541
0.916209
0.916717
0.917144
0.917446
0.917699
0.91789
0.918029
0.918109
0.918119
0.918062
0.917947
0.917783
0.917557
0.917283
0.916884
0.916401
0.915626
0.914677
0.913197
0.911813
0.474888
0.473626
0.472903
0.472427
0.472375
0.472632
0.473111
0.473692
0.474283
0.474816
0.4752
0.475379
0.47536
0.475134
0.474705
0.47415
0.473552
0.472978
0.47253
0.472332
0.472495
0.47303
0.473883
0.47511
0.668734
0.664761
0.67607
0.684771
0.691953
0.696745
0.700239
0.702791
0.704864
0.706632
0.7081
0.708982
0.709045
0.708316
0.707003
0.705396
0.703482
0.701086
0.697738
0.693072
0.685984
0.677331
0.666009
0.669742
0.586571
0.584294
0.585022
0.584088
0.583243
0.582273
0.581408
0.580643
0.58001
0.579511
0.579171
0.579004
0.579046
0.579303
0.57973
0.580304
0.580998
0.581808
0.582703
0.583691
0.584549
0.585495
0.584831
0.58706
-0.00477951
-0.00352855
-0.00256726
-0.00177109
-0.00121198
-0.000970816
-0.00100578
-0.00129351
-0.00167876
-0.00212252
-0.00261578
-0.00308944
-0.00340832
-0.00336163
-0.00291367
-0.00228304
-0.00164637
-0.00114495
-0.000942673
-0.0011208
-0.00167092
-0.00254341
-0.00353394
-0.00467539
0.921568
0.918646
0.917249
0.916331
0.91564
0.915113
0.914707
0.914395
0.914161
0.913994
0.913886
0.913832
0.913832
0.913886
0.913994
0.914161
0.914395
0.914707
0.915113
0.91564
0.916331
0.917249
0.918646
0.921568
-0.0119579
-0.0102961
-0.00901706
-0.00841293
-0.00813233
-0.00797433
-0.00774501
-0.00762235
-0.00757262
-0.0076829
-0.00791272
-0.00826804
-0.0085911
-0.00869468
-0.00847497
-0.00817651
-0.00801389
-0.00801551
-0.00813794
-0.00824432
-0.00843068
-0.00896456
-0.0102459
-0.0121055
0.921586
0.91865
0.91725
0.916331
0.915639
0.915112
0.914706
0.914396
0.914162
0.913995
0.913887
0.913834
0.913834
0.913887
0.913995
0.914162
0.914396
0.914706
0.915112
0.915639
0.916331
0.91725
0.91865
0.921586
0.777863
0.778103
0.778252
0.77831
0.778376
0.778508
0.77869
0.778889
0.779081
0.779248
0.779369
0.779431
0.779434
0.779375
0.779255
0.779089
0.778898
0.778701
0.77852
0.778387
0.778319
0.778257
0.778105
0.777863
0.706865
0.700594
0.707385
0.716089
0.723039
0.72805
0.731761
0.734803
0.737593
0.740331
0.74297
0.744762
0.744771
0.743015
0.740486
0.737882
0.735243
0.732362
0.728816
0.723958
0.717123
0.708445
0.701577
0.707669
1.03767
1.03281
1.03002
1.0267
1.02226
1.017
1.01211
1.00885
1.0081
1.01008
1.01431
1.01932
1.02411
1.02681
1.02444
1.01992
1.01563
1.01263
1.01232
1.01471
1.01885
1.02325
1.02569
1.03009
0.991387
0.993029
0.994189
0.993772
0.992914
0.991861
0.990792
0.989801
0.988956
0.988309
0.987912
0.987836
0.987848
0.987965
0.988412
0.989106
0.989995
0.991023
0.992117
0.993187
0.994058
0.994488
0.99333
0.991675
0.770638
0.771579
0.771898
0.771725
0.771602
0.77138
0.77117
0.770937
0.770712
0.770503
0.770349
0.770266
0.770254
0.770312
0.770443
0.770631
0.770835
0.771048
0.771239
0.771447
0.771558
0.771726
0.771399
0.770453
0.912092
0.911622
0.912927
0.913403
0.913956
0.914
0.914083
0.914026
0.914015
0.914006
0.914021
0.914072
0.914081
0.914059
0.914077
0.914118
0.914161
0.914247
0.914188
0.914163
0.913622
0.913153
0.911851
0.91232
0.931416
0.932021
0.933477
0.934096
0.934667
0.934641
0.934631
0.934494
0.934408
0.934358
0.934351
0.934415
0.934424
0.934391
0.934436
0.934523
0.934645
0.934813
0.934847
0.934895
0.934336
0.933726
0.932275
0.93167
0.753953
0.754283
0.754473
0.754167
0.753603
0.752838
0.752079
0.751414
0.750944
0.750623
0.750407
0.750281
0.750259
0.750341
0.750512
0.750786
0.751208
0.751825
0.752535
0.753265
0.753815
0.754111
0.753909
0.753584
0.779296
0.780105
0.781025
0.78167
0.782059
0.782168
0.78212
0.781985
0.781828
0.781686
0.781583
0.781531
0.781537
0.7816
0.781715
0.78187
0.782041
0.782195
0.782267
0.782186
0.781831
0.781218
0.780318
0.779517
0.811924
0.8115
0.811376
0.811218
0.811145
0.811069
0.811024
0.81098
0.810947
0.810921
0.810907
0.810906
0.81092
0.810949
0.810991
0.811046
0.811108
0.811182
0.811256
0.811358
0.811454
0.811627
0.811757
0.812173
0.738198
0.738214
0.738133
0.738057
0.737965
0.737873
0.737781
0.737697
0.737624
0.737568
0.737534
0.737526
0.737545
0.737595
0.737673
0.737775
0.737895
0.738026
0.738161
0.738292
0.738417
0.738517
0.738613
0.738601
0.535719
0.536259
0.537744
0.539797
0.542207
0.544743
0.547216
0.549461
0.551344
0.552795
0.553752
0.554186
0.554106
0.553505
0.552383
0.550785
0.54877
0.546415
0.543856
0.541257
0.538814
0.536761
0.535267
0.534721
0.717417
0.716907
0.715821
0.715349
0.715053
0.714938
0.714891
0.714947
0.715077
0.715288
0.715494
0.715668
0.715651
0.715441
0.715201
0.714958
0.714798
0.71471
0.714717
0.714789
0.715003
0.715438
0.716493
0.71704
0.559564
0.559444
0.558998
0.558045
0.556509
0.554594
0.552655
0.550942
0.549588
0.548626
0.548047
0.547811
0.547829
0.548108
0.54874
0.549759
0.551173
0.552946
0.554935
0.556879
0.558412
0.559326
0.559683
0.559631
0.860883
0.860668
0.861084
0.86143
0.861878
0.862187
0.862498
0.862712
0.862899
0.863028
0.863124
0.863174
0.863181
0.863146
0.863067
0.862956
0.86279
0.862598
0.86231
0.862021
0.861592
0.861261
0.860853
0.861065
0.85605
0.85585
0.856618
0.856818
0.857198
0.85723
0.857333
0.857314
0.857355
0.857384
0.857443
0.857495
0.857498
0.857462
0.857423
0.857418
0.8574
0.857445
0.857364
0.85735
0.856983
0.85679
0.856022
0.856216
0.917597
0.917381
0.918171
0.919136
0.920408
0.921792
0.923243
0.924679
0.926043
0.927248
0.928212
0.928859
0.929139
0.929026
0.928536
0.927691
0.926564
0.925238
0.923791
0.922313
0.920882
0.919716
0.918657
0.918994
0.551783
0.552374
0.553087
0.554086
0.555199
0.556381
0.557459
0.558475
0.55936
0.560145
0.560717
0.561096
0.561058
0.560596
0.559949
0.559101
0.558163
0.557104
0.555993
0.554785
0.553645
0.552641
0.551923
0.551341
0.988509
0.985385
0.983194
0.980787
0.979062
0.977506
0.976208
0.975116
0.974573
0.975373
0.977853
0.981884
0.985638
0.988901
0.990926
0.99206
0.990289
0.988423
0.986841
0.986088
0.986092
0.987432
0.988937
0.992539
0.869303
0.869254
0.869414
0.86969
0.870065
0.870455
0.870835
0.871164
0.871444
0.871651
0.871792
0.871868
0.871881
0.87183
0.871716
0.871537
0.871286
0.870991
0.870642
0.870282
0.869935
0.869684
0.869543
0.869615
0.85704
0.855754
0.855919
0.855821
0.85613
0.856158
0.856284
0.856296
0.85636
0.856398
0.856451
0.856493
0.856498
0.856474
0.856442
0.856427
0.856387
0.856399
0.856293
0.856283
0.855985
0.85609
0.855926
0.857209
0.593054
0.592864
0.593019
0.592789
0.592597
0.592255
0.591901
0.591537
0.59123
0.590994
0.590835
0.590738
0.590693
0.590701
0.590778
0.590937
0.591173
0.591473
0.591767
0.592052
0.592195
0.592381
0.592193
0.592366
0.956301
0.957732
0.960674
0.963634
0.967017
0.970262
0.973489
0.976522
0.979327
0.981761
0.983758
0.985111
0.985813
0.98565
0.984795
0.983083
0.980754
0.977893
0.974599
0.971096
0.967249
0.963795
0.960127
0.958278
0.556628
0.557884
0.560064
0.562648
0.565311
0.567915
0.570389
0.572586
0.574402
0.575791
0.576706
0.577128
0.577058
0.57649
0.575428
0.573907
0.571975
0.569679
0.567109
0.564417
0.561697
0.559083
0.556868
0.555597
0.958903
0.959365
0.963238
0.967388
0.9723
0.976939
0.98147
0.985375
0.988822
0.991618
0.993654
0.994708
0.995146
0.994993
0.993921
0.991643
0.988632
0.985029
0.980602
0.975902
0.970657
0.966126
0.961584
0.961006
0.681468
0.679883
0.67886
0.678079
0.677542
0.677056
0.676639
0.676272
0.675976
0.675746
0.675583
0.675483
0.675447
0.675475
0.675567
0.675728
0.675958
0.676261
0.676619
0.677049
0.677536
0.678278
0.67927
0.680852
1.05588
1.06165
1.0743
1.07751
1.07026
1.05283
1.02994
1.00572
0.98425
0.970546
0.969651
0.982376
1.00878
1.01951
1.00286
0.984247
0.981885
0.994832
1.01818
1.04284
1.06014
1.06388
1.05593
1.05109
0.626103
0.625979
0.625549
0.625673
0.626051
0.626576
0.627058
0.627518
0.62792
0.628329
0.628618
0.62889
0.628849
0.628498
0.628136
0.627659
0.627198
0.626684
0.626155
0.625587
0.625169
0.625008
0.62542
0.625569
0.632249
0.632561
0.632713
0.633303
0.63391
0.63448
0.634948
0.635381
0.635773
0.636191
0.636492
0.63674
0.636699
0.636369
0.635991
0.635501
0.635049
0.634563
0.634047
0.633433
0.632794
0.632178
0.632015
0.631712
0.974494
0.976462
0.978207
0.978692
0.978614
0.978128
0.977616
0.977115
0.976708
0.976435
0.976288
0.976323
0.976336
0.976342
0.976539
0.976858
0.977309
0.977848
0.97839
0.978898
0.978992
0.978518
0.97678
0.974809
0.80505
0.804594
0.80448
0.804342
0.804313
0.804265
0.80423
0.804187
0.80415
0.80412
0.804102
0.804099
0.804113
0.804143
0.804189
0.804248
0.804315
0.804389
0.804455
0.804533
0.804588
0.804743
0.804864
0.805309
0.890591
0.890118
0.889983
0.89008
0.89037
0.8908
0.891327
0.891887
0.89243
0.89291
0.893291
0.893546
0.893658
0.893624
0.893448
0.893148
0.892754
0.892312
0.891876
0.89151
0.891276
0.89121
0.891458
0.891896
0.605236
0.599682
0.599723
0.598551
0.598366
0.597843
0.59749
0.597148
0.59687
0.596629
0.59646
0.596374
0.596404
0.596556
0.59679
0.597088
0.597414
0.597794
0.598173
0.598708
0.598894
0.600064
0.599969
0.605545
0.897601
0.894888
0.892969
0.892085
0.891611
0.891368
0.891264
0.891261
0.891334
0.891409
0.891515
0.891624
0.891627
0.891529
0.891441
0.891392
0.891357
0.891396
0.891538
0.891814
0.892315
0.893209
0.895129
0.897855
0.613242
0.610155
0.610802
0.609534
0.608915
0.608151
0.607703
0.607408
0.607278
0.607244
0.607268
0.607286
0.607289
0.607287
0.607282
0.607336
0.607482
0.60779
0.608247
0.609015
0.609631
0.610909
0.610196
0.613195
0.853848
0.853076
0.853247
0.853094
0.853356
0.853313
0.853353
0.853281
0.853282
0.853273
0.853303
0.853341
0.853346
0.853327
0.853321
0.853354
0.853378
0.853473
0.853455
0.853517
0.853264
0.853424
0.853255
0.854026
1.0295
1.028
1.03573
1.03614
1.02942
1.01595
0.997533
0.976637
0.956616
0.942114
0.938177
0.943483
0.958801
0.965132
0.954202
0.945599
0.947207
0.961973
0.98311
1.00413
1.01991
1.02775
1.02885
1.02824
0.806554
0.805802
0.805417
0.805075
0.804892
0.804749
0.804652
0.804567
0.8045
0.804448
0.804416
0.804406
0.804421
0.804461
0.804523
0.804607
0.804708
0.804827
0.804959
0.805136
0.805347
0.805708
0.806102
0.806844
0.899979
0.899622
0.899918
0.900402
0.901075
0.901853
0.902689
0.903522
0.904305
0.904987
0.905524
0.905878
0.906025
0.905957
0.905683
0.90522
0.904604
0.903886
0.903118
0.902366
0.901706
0.901202
0.900964
0.90137
1.03246
1.02945
1.03011
1.0258
1.01623
1.0038
0.991211
0.980879
0.974611
0.97268
0.975587
0.98242
0.993926
0.999238
0.991708
0.982742
0.978829
0.98005
0.987715
1.00033
1.01409
1.02447
1.03019
1.03198
0.810812
0.810485
0.81037
0.810272
0.81022
0.810158
0.810122
0.810092
0.810077
0.810071
0.810073
0.810082
0.810098
0.810119
0.810147
0.810184
0.810228
0.810287
0.810349
0.810436
0.810508
0.810619
0.810738
0.81106
0.573926
0.575064
0.576639
0.578601
0.580711
0.582782
0.584702
0.586398
0.587822
0.588906
0.589611
0.589922
0.589853
0.589394
0.588535
0.587307
0.585749
0.58393
0.581903
0.579741
0.577558
0.57554
0.573921
0.572763
0.871814
0.871388
0.870817
0.870497
0.870318
0.8702
0.87009
0.869997
0.869931
0.869885
0.869853
0.869826
0.86979
0.869756
0.869742
0.869755
0.869799
0.86987
0.869956
0.870064
0.870246
0.870586
0.871188
0.871635
0.881783
0.880917
0.880349
0.879913
0.87984
0.879921
0.8802
0.880513
0.880876
0.881187
0.881422
0.881564
0.881611
0.881566
0.881427
0.881218
0.880964
0.880762
0.880598
0.880634
0.880823
0.881368
0.882029
0.882952
0.849244
0.848776
0.848959
0.848749
0.848835
0.848669
0.848624
0.848501
0.84848
0.848459
0.848489
0.848525
0.848532
0.84852
0.84852
0.84857
0.848623
0.848775
0.848849
0.849041
0.848969
0.849195
0.849016
0.849485
0.54253
0.543732
0.545623
0.547993
0.550618
0.553233
0.555657
0.557756
0.559472
0.560798
0.561681
0.562067
0.561975
0.561401
0.56033
0.558823
0.556934
0.554676
0.552115
0.549385
0.546674
0.544241
0.542321
0.541141
1.03647
1.04163
1.05097
1.05193
1.04473
1.03009
1.01084
0.99015
0.971755
0.959922
0.95661
0.962408
0.980038
0.987494
0.975563
0.965211
0.966705
0.978523
0.998318
1.01937
1.03521
1.04195
1.04078
1.03719
0.849001
0.848335
0.848388
0.848112
0.848126
0.847924
0.847861
0.847731
0.8477
0.847667
0.84768
0.847701
0.847711
0.847717
0.847736
0.847801
0.847864
0.848026
0.848118
0.848346
0.848349
0.848642
0.848595
0.849263
0.859699
0.859253
0.859203
0.85889
0.858775
0.858554
0.858495
0.858427
0.858467
0.858508
0.858585
0.858643
0.858663
0.858652
0.858628
0.858642
0.85866
0.858787
0.858906
0.859183
0.859346
0.859702
0.859782
0.860241
0.912335
0.911894
0.912286
0.912878
0.913769
0.914804
0.915925
0.917043
0.918097
0.919015
0.91974
0.920221
0.92043
0.920354
0.919996
0.919373
0.918535
0.917549
0.916488
0.915447
0.914517
0.913865
0.91346
0.913938
0.811639
0.811617
0.811723
0.811783
0.811848
0.811874
0.811899
0.811909
0.811921
0.811932
0.811946
0.811959
0.811974
0.81199
0.812006
0.812024
0.812041
0.812059
0.812062
0.812061
0.812017
0.811973
0.811875
0.811901
0.80242
0.802057
0.80176
0.801491
0.801374
0.801316
0.801325
0.801354
0.801398
0.801441
0.801479
0.801506
0.801521
0.801523
0.801515
0.801501
0.801484
0.801481
0.801494
0.80157
0.801699
0.801973
0.802266
0.802628
0.534907
0.535062
0.53545
0.536335
0.537406
0.538552
0.539639
0.540662
0.541549
0.542328
0.542881
0.543244
0.543212
0.542783
0.542171
0.541345
0.540423
0.539373
0.538267
0.537109
0.536028
0.535134
0.534724
0.534562
0.839429
0.839027
0.839077
0.839061
0.839162
0.839182
0.839259
0.839304
0.83938
0.839441
0.839503
0.839541
0.839554
0.839543
0.83951
0.83948
0.839437
0.839425
0.839381
0.839392
0.839319
0.839356
0.839317
0.839715
0.959489
0.959977
0.960469
0.960973
0.961398
0.96169
0.961909
0.962069
0.962204
0.962318
0.962417
0.962486
0.962497
0.962452
0.962378
0.962291
0.962188
0.962058
0.961869
0.961605
0.961202
0.960717
0.960238
0.959758
0.770056
0.768894
0.768214
0.76782
0.767321
0.76691
0.766588
0.766378
0.766266
0.766259
0.766287
0.766388
0.766382
0.766272
0.766242
0.766249
0.766366
0.766585
0.766916
0.76734
0.767828
0.768245
0.768922
0.770116
0.988679
0.985335
0.982833
0.980341
0.978744
0.977444
0.976268
0.975238
0.974686
0.975371
0.97762
0.9815
0.985179
0.988388
0.990291
0.991279
0.989722
0.988181
0.986718
0.985767
0.985519
0.986987
0.988866
0.992667
0.860594
0.859943
0.859668
0.859284
0.859206
0.859059
0.859079
0.859072
0.859161
0.859239
0.85934
0.859409
0.859429
0.859407
0.859359
0.859336
0.859307
0.859375
0.859416
0.85962
0.859749
0.860179
0.860488
0.861154
0.862063
0.861775
0.861685
0.861323
0.861186
0.860963
0.860896
0.860836
0.860878
0.86092
0.860992
0.861047
0.86107
0.861068
0.861053
0.861071
0.861092
0.861216
0.861343
0.861631
0.861821
0.862231
0.862358
0.862661
0.730122
0.729727
0.729396
0.728991
0.728659
0.728588
0.7286
0.728677
0.728857
0.729006
0.729102
0.729138
0.729126
0.729063
0.728939
0.728762
0.728552
0.728444
0.728395
0.728421
0.728601
0.728966
0.729309
0.729821
0.886551
0.885352
0.884676
0.884236
0.884197
0.884324
0.88466
0.885036
0.885463
0.885834
0.886138
0.88632
0.886368
0.886285
0.886084
0.885823
0.885511
0.885255
0.885043
0.885045
0.885212
0.885775
0.886563
0.887835
0.980904
0.978731
0.979393
0.980457
0.9822
0.983653
0.985139
0.987267
0.989486
0.990815
0.992254
0.994031
0.995941
0.997464
0.998842
0.999022
0.996254
0.993263
0.991312
0.989196
0.986638
0.984821
0.983525
0.985847
0.797941
0.798281
0.798921
0.799563
0.80013
0.800653
0.801123
0.801536
0.801877
0.802139
0.802315
0.802402
0.802403
0.80232
0.802149
0.80189
0.801553
0.801142
0.800675
0.800155
0.799593
0.798958
0.798323
0.797985
0.790095
0.789397
0.789217
0.789029
0.788939
0.788839
0.788747
0.788649
0.788561
0.788491
0.788445
0.788427
0.788439
0.788482
0.788552
0.788648
0.788761
0.788885
0.789003
0.789127
0.789239
0.789444
0.789632
0.790326
0.604091
0.602612
0.600174
0.598633
0.597568
0.596988
0.596643
0.596427
0.596234
0.596053
0.5959
0.595839
0.595957
0.596248
0.596616
0.596992
0.597353
0.597711
0.598171
0.598837
0.599961
0.601525
0.603964
0.605409
0.757293
0.755717
0.754609
0.754001
0.753613
0.753387
0.753247
0.753161
0.753106
0.753065
0.753034
0.753007
0.752989
0.752979
0.752973
0.752974
0.752988
0.753033
0.75313
0.753316
0.753662
0.754235
0.755301
0.756859
0.991073
0.991581
0.992696
0.99243
0.991574
0.990406
0.989189
0.988057
0.987104
0.9864
0.985988
0.98593
0.985938
0.986031
0.986491
0.98724
0.988236
0.989402
0.990646
0.99183
0.9927
0.992979
0.99187
0.991369
1.02236
1.01737
1.02163
1.01894
1.01184
1.00247
0.99332
0.986339
0.982864
0.983818
0.989159
0.998211
1.01118
1.01577
1.00726
0.996672
0.990671
0.98943
0.993751
1.00232
1.0119
1.01862
1.02115
1.02483
0.509764
0.508517
0.506997
0.505264
0.503598
0.502051
0.500711
0.499597
0.498711
0.498064
0.497648
0.497473
0.497556
0.497889
0.498458
0.499257
0.500288
0.501539
0.503006
0.504669
0.506415
0.508213
0.509776
0.511066
0.535707
0.536036
0.537358
0.539456
0.542038
0.544789
0.547443
0.549819
0.551816
0.553349
0.554355
0.554811
0.554719
0.554074
0.552876
0.551163
0.548998
0.546468
0.54368
0.54082
0.538158
0.536011
0.534674
0.534379
0.975006
0.97463
0.975817
0.976666
0.977861
0.978884
0.980025
0.981288
0.982798
0.98471
0.987086
0.989871
0.992622
0.995153
0.996377
0.996071
0.994034
0.991259
0.98833
0.985589
0.982803
0.980696
0.978508
0.978943
0.889099
0.888989
0.889368
0.889922
0.890541
0.891109
0.891618
0.892039
0.892383
0.892632
0.892809
0.892906
0.892918
0.892847
0.892697
0.892475
0.89216
0.891771
0.891295
0.89076
0.890172
0.889646
0.889283
0.889406
0.892386
0.891876
0.890891
0.890235
0.889686
0.889248
0.888923
0.888708
0.888608
0.888586
0.888621
0.888678
0.88868
0.888631
0.888608
0.888648
0.888772
0.889012
0.889362
0.889821
0.890388
0.891053
0.892041
0.892561
0.879953
0.879307
0.878822
0.878448
0.878383
0.878467
0.878733
0.87904
0.879387
0.879689
0.87992
0.880061
0.88011
0.880067
0.879934
0.879735
0.879495
0.879298
0.879145
0.879174
0.87935
0.879828
0.880401
0.881097
0.885744
0.886492
0.887597
0.888563
0.889398
0.890076
0.890632
0.891074
0.891432
0.891698
0.891857
0.891937
0.89195
0.891895
0.891763
0.891526
0.891198
0.890788
0.890269
0.88963
0.888834
0.887907
0.886831
0.886101
1.02519
1.02313
1.02872
1.02723
1.01999
1.00947
0.998986
0.990837
0.986594
0.987276
0.993259
1.00334
1.01767
1.02279
1.01358
1.00188
0.995251
0.994245
0.999527
1.00933
1.0197
1.02566
1.0247
1.02761
0.843103
0.84209
0.841887
0.841522
0.841444
0.84129
0.84129
0.841253
0.841281
0.841289
0.841313
0.841327
0.84134
0.841352
0.841355
0.841374
0.841373
0.841436
0.841459
0.841634
0.841726
0.8421
0.842308
0.843321
0.96347
0.963996
0.966645
0.969406
0.972609
0.975634
0.978677
0.981559
0.984302
0.986776
0.988907
0.99047
0.991457
0.991574
0.990938
0.989226
0.986958
0.98417
0.980942
0.977527
0.973729
0.970369
0.966967
0.966209
0.986863
0.984154
0.981695
0.978729
0.976121
0.973476
0.971035
0.969124
0.968457
0.971195
0.976937
0.983071
0.987472
0.990224
0.99123
0.989536
0.98469
0.980605
0.979925
0.980825
0.982021
0.984109
0.986011
0.989316
)
;

boundaryField
{
    adiabatic_walls
    {
        type            zeroGradient;
    }
    heated_wall
    {
        type            zeroGradient;
    }
    outlet
    {
        type            fixedValue;
        value           uniform 0;
    }
    inlet
    {
        type            zeroGradient;
    }
}


// ************************************************************************* //
