cell,x,y,z,|U|
11,0.145304,-0.0379707,0.0191667,0.6297890079571669
12,0.145304,-0.0379707,0.0208333,0.6297470792514027
35,0.145208,-0.0371009,0.0191667,0.5695184321241402
36,0.145208,-0.0371009,0.0208333,0.5695327674826
59,0.185426,-0.0332282,0.0191667,0.5974479156155122
60,0.185426,-0.0332282,0.0208333,0.5975254928095721
83,0.296693,0.00331288,0.0191667,0.9917663351762298
84,0.296693,0.00331288,0.0208333,0.9913233485916108
107,0.277042,-0.0333881,0.0191667,0.1238648326881363
108,0.277042,-0.0333881,0.0208333,0.14195646575623105
131,0.228235,-0.0382527,0.0191667,0.6311647023002854
132,0.228235,-0.0382527,0.0208333,0.6316023496895122
155,0.128807,0.0307335,0.0191667,0.3115203060192001
156,0.128807,0.0307335,0.0208333,0.31065333894934866
179,0.208602,-0.0352868,0.0191667,0.7224011447426288
180,0.208602,-0.0352868,0.0208333,0.7225551530711517
203,0.158079,-0.0347657,0.0191667,0.16723252906014083
204,0.158079,-0.0347657,0.0208333,0.16730018866943078
227,0.266256,-0.0326058,0.0191667,0.45556000635920624
228,0.266256,-0.0326058,0.0208333,0.45381487206572413
251,0.163555,-0.0355416,0.0191667,0.11238049594214512
252,0.163555,-0.0355416,0.0208333,0.11251833557732936
275,0.150256,0.000464203,0.0191667,0.8699414260648273
276,0.150256,0.000464203,0.0208333,0.8698515911973537
299,0.242513,-0.0395007,0.0191667,0.41927132844374665
300,0.242513,-0.0395007,0.0208333,0.4200959278224783
323,0.202914,-0.03055,0.0191667,0.8365976676001194
324,0.202914,-0.03055,0.0208333,0.8366296200649178
347,0.277863,-0.0375449,0.0191667,0.1633426156436219
348,0.277863,-0.0375449,0.0208333,0.20318052178470025
371,0.110891,-0.0276906,0.0191667,0.2993189333738058
372,0.110891,-0.0276906,0.0208333,0.29957515920401406
395,0.15093,0.00334498,0.0191667,0.6828534595668942
396,0.15093,0.00334498,0.0208333,0.6826888221403641
419,0.237547,-0.0166334,0.0191667,0.787584182479732
420,0.237547,-0.0166334,0.0208333,0.7875837083782796
443,0.228846,-0.0378651,0.0191667,0.630813728333062
444,0.228846,-0.0378651,0.0208333,0.6312511468782295
467,0.180302,-0.0166059,0.0191667,0.8987130320625768
468,0.180302,-0.0166059,0.0208333,0.8986209500516421
491,0.213819,-0.0298638,0.0191667,0.8654585586774577
492,0.213819,-0.0298638,0.0208333,0.8654842657560506
515,0.103508,-0.0379953,0.0191667,0.1857296464827414
516,0.103508,-0.0379953,0.0208333,0.18550713033476993
539,0.230376,-0.0116481,0.0191667,0.7248073011173991
540,0.230376,-0.0116481,0.0208333,0.7248843780775389
563,0.10357,-0.0372795,0.0191667,0.21181693478766256
564,0.10357,-0.0372795,0.0208333,0.21159089462477876
587,0.220627,-0.0341082,0.0191667,0.7775129139063203
588,0.220627,-0.0341082,0.0208333,0.7776454999285672
611,0.173033,-0.0117028,0.0191667,0.9015037475328939
612,0.173033,-0.0117028,0.0208333,0.9014053854005287
635,0.164208,-0.0362611,0.0191667,0.0886718235365784
636,0.164208,-0.0362611,0.0208333,0.08883694081772289
659,0.111698,-0.035808,0.0191667,0.5162588733861045
660,0.111698,-0.035808,0.0208333,0.5162231560384962
683,0.159337,-0.0375491,0.0191667,0.1935570349490041
684,0.159337,-0.0375491,0.0208333,0.1934739770452453
707,0.293403,0.0029454,0.0191667,0.8940312056810726
708,0.293403,0.0029454,0.0208333,0.8936250815845921
731,0.167153,-0.0383052,0.0191667,0.03667825916072899
732,0.167153,-0.0383052,0.0208333,0.03708697633679645
755,0.299779,-0.00430972,0.0191667,1.2131183008868345
756,0.299779,-0.00430972,0.0208333,1.1581782012936783
779,0.285456,-0.0354217,0.0191667,0.19760827637477638
780,0.285456,-0.0354217,0.0208333,0.23284343057814624
803,0.257525,-0.0378092,0.0191667,0.3247287467372682
804,0.257525,-0.0378092,0.0208333,0.32527259418039955
827,0.273112,-0.0390968,0.0191667,0.10538194827366022
828,0.273112,-0.0390968,0.0208333,0.11770273026851517
851,0.393445,-3.43071e-05,0.0191667,1.2368318173112325
852,0.393445,-3.43071e-05,0.0208333,1.212846648337578
875,0.162058,0.0158209,0.0191667,0.12142431092728877
876,0.162058,0.0158209,0.0208333,0.12087470825747627
899,0.00657236,8.21203e-05,0.0191667,1.1615300037933973
900,0.00657236,8.21203e-05,0.0208333,1.1615300037956129
923,0.227686,-0.0129659,0.0191667,0.730784995511834
924,0.227686,-0.0129659,0.0208333,0.7308558839527647
947,0.288125,0.00542793,0.0191667,0.6632061062271946
948,0.288125,0.00542793,0.0208333,0.6634752374000318
971,0.296701,-0.0375621,0.0191667,0.18988940139870894
972,0.296701,-0.0375621,0.0208333,0.17559428977791391
995,0.170214,-0.0127943,0.0191667,0.9152525874328493
996,0.170214,-0.0127943,0.0208333,0.9151648924210788
1019,0.267275,-0.0317902,0.0191667,0.4570503165206321
1020,0.267275,-0.0317902,0.0208333,0.45506859382262815
1043,0.178374,-0.0394614,0.0191667,0.24950398583929118
1044,0.178374,-0.0394614,0.0208333,0.2498233228615617
1067,0.211161,-0.0325784,0.0191667,0.8143327411233625
1068,0.211161,-0.0325784,0.0208333,0.8144040308977166
1091,0.286303,-0.0347367,0.0191667,0.19036308900256899
1092,0.286303,-0.0347367,0.0208333,0.23366180751213922
1115,0.289195,-0.0353526,0.0191667,0.19123041671169888
1116,0.289195,-0.0353526,0.0208333,0.24093070035271552
1139,0.130596,0.0334678,0.0191667,0.32114265053441426
1140,0.130596,0.0334678,0.0208333,0.32020135797833355
1163,0.153258,-0.0372522,0.0191667,0.3931559788623767
1164,0.153258,-0.0372522,0.0208333,0.393108384020913
1187,0.29973,-0.00725692,0.0191667,1.2382091223937095
1188,0.29973,-0.00725692,0.0208333,1.1877392788975198
1211,0.100607,-0.00746075,0.0191667,1.1924436045334714
1212,0.100607,-0.00746075,0.0208333,1.192443655332368
1235,0.207693,-0.0355151,0.0191667,0.7189307405334433
1236,0.207693,-0.0355151,0.0208333,0.7190871896056027
1259,0.29243,0.0269648,0.0191667,0.14214465023244344
1260,0.29243,0.0269648,0.0208333,0.1423400433815432
1283,0.182891,-0.0348843,0.0191667,0.5049147804399763
1284,0.182891,-0.0348843,0.0208333,0.5050244777672334
1307,0.290327,0.0290931,0.0191667,0.1438029799287162
1308,0.290327,0.0290931,0.0208333,0.14383710334246308
1331,0.224157,0.0311805,0.0191667,0.5190825412573685
1332,0.224157,0.0311805,0.0208333,0.5185915702958057
1355,0.107761,-0.0358856,0.0191667,0.419772862931772
1356,0.107761,-0.0358856,0.0208333,0.41968072291890285
1379,0.153524,-0.0363368,0.0191667,0.3399260736860515
1380,0.153524,-0.0363368,0.0208333,0.3399312390052368
1403,0.264291,-0.0311274,0.0191667,0.5465242199981044
1404,0.264291,-0.0311274,0.0208333,0.5458380766475096
1427,0.118637,-0.0394789,0.0191667,0.6892678842983326
1428,0.118637,-0.0394789,0.0208333,0.6891643920868501
1451,0.132268,-0.0278647,0.0191667,0.1100870850113677
1452,0.132268,-0.0278647,0.0208333,0.11013076673552945
1475,0.166495,-0.0379355,0.0191667,0.040226764383678684
1476,0.166495,-0.0379355,0.0208333,0.040562604710328944
1499,0.181224,-0.0319515,0.0191667,0.6029254432151964
1500,0.181224,-0.0319515,0.0208333,0.602975547127748
1523,0.238456,-0.0319689,0.0191667,0.7785573158576101
1524,0.238456,-0.0319689,0.0208333,0.7786252936742339
1547,0.223123,-0.0394567,0.0191667,0.5425192965824139
1548,0.223123,-0.0394567,0.0208333,0.5430495515017465
1571,0.129908,-0.0376427,0.0191667,0.7718166792910041
1572,0.129908,-0.0376427,0.0208333,0.771809661441273
1595,0.0991255,0.000870588,0.0191667,1.2157901390673962
1596,0.0991255,0.000870588,0.0208333,1.2157901047497366
1619,0.277332,-0.0381505,0.0191667,0.1528195492010103
1620,0.277332,-0.0381505,0.0208333,0.19049637397165228
1643,0.210274,-0.0278717,0.0191667,0.8968796186072867
1644,0.210274,-0.0278717,0.0208333,0.896866141680179
1667,0.130692,-0.0375732,0.0191667,0.7698512241471741
1668,0.130692,-0.0375732,0.0208333,0.7698450907965778
1691,0.201605,-0.0299571,0.0191667,0.834225269393401
1692,0.201605,-0.0299571,0.0208333,0.8342574759417947
1715,0.191401,-0.0375319,0.0191667,0.5040123329011008
1716,0.191401,-0.0375319,0.0208333,0.5042404938527969
1739,0.109507,0.0290987,0.0191667,0.21206953366178485
1740,0.109507,0.0290987,0.0208333,0.21124812416523395
1763,0.191628,-0.0368587,0.0191667,0.5464123576611475
1764,0.191628,-0.0368587,0.0208333,0.5465920482612787
1787,0.254791,-0.0182872,0.0191667,0.7586045107720507
1788,0.254791,-0.0182872,0.0208333,0.7585484898530325
1811,0.197569,-0.0182529,0.0191667,0.8815467228261865
1812,0.197569,-0.0182529,0.0208333,0.8814427017835702
1835,0.10743,0.0269694,0.0191667,0.19275014428378748
1836,0.10743,0.0269694,0.0208333,0.19213293234179715
1859,0.257456,-0.0369852,0.0191667,0.4046490038694873
1860,0.257456,-0.0369852,0.0208333,0.40507582905120365
1883,0.223519,-0.0348568,0.0191667,0.7578698960051774
1884,0.223519,-0.0348568,0.0208333,0.7580349788086695
1907,0.147529,-0.0366256,0.0191667,0.5101803450771599
1908,0.147529,-0.0366256,0.0208333,0.5101759495283976
1931,0.133823,-0.0270229,0.0191667,0.15840339559336125
1932,0.133823,-0.0270229,0.0208333,0.15809358197897883
1955,0.290755,0.0234336,0.0191667,0.13873479380905487
1956,0.290755,0.0234336,0.0208333,0.13906266022584352
1979,0.285927,0.0139769,0.0191667,0.3512516844147861
1980,0.285927,0.0139769,0.0208333,0.3515978720268086
2003,0.222322,0.0337467,0.0191667,0.5361725308713533
2004,0.222322,0.0337467,0.0208333,0.5356048885764011
2027,0.247648,-0.037889,0.0191667,0.5005451293327947
2028,0.247648,-0.037889,0.0208333,0.5011927301008191
2051,0.120881,-0.0301759,0.0191667,0.2567167852478534
2052,0.120881,-0.0301759,0.0208333,0.2572924852714249
2075,0.138599,-0.0358064,0.0191667,0.592295446269311
2076,0.138599,-0.0358064,0.0208333,0.592361238240238
2099,0.188238,-0.0284356,0.0191667,0.7993874305827899
2100,0.188238,-0.0284356,0.0208333,0.7994025078091592
2123,0.159936,-0.0381257,0.0191667,0.18669044619917322
2124,0.159936,-0.0381257,0.0208333,0.18659277901358373
2147,0.114928,-0.0358919,0.0191667,0.5824834891738964
2148,0.114928,-0.0358919,0.0208333,0.5824677206927471
2171,0.195457,-0.0378456,0.0191667,0.5417280194111436
2172,0.195457,-0.0378456,0.0208333,0.5419708935040021
2195,0.138654,-0.0367325,0.0191667,0.6643820754711575
2196,0.138654,-0.0367325,0.0208333,0.6644166763764454
2219,0.256222,-0.0207909,0.0191667,0.7588422022431175
2220,0.256222,-0.0207909,0.0208333,0.7587410740587565
2243,0.199002,-0.0207595,0.0191667,0.8936808836616272
2244,0.199002,-0.0207595,0.0208333,0.8935930309513587
2267,0.286368,-0.0230134,0.0191667,0.291202779705294
2268,0.286368,-0.0230134,0.0208333,0.23132151406810392
2291,0.124304,-0.0312678,0.0191667,0.31708328610309944
2292,0.124304,-0.0312678,0.0208333,0.31760650331816714
2315,0.141717,-0.0353047,0.0191667,0.528997173013966
2316,0.141717,-0.0353047,0.0208333,0.5290624263242504
2339,0.15838,-0.0376692,0.0191667,0.2247680696384077
2340,0.15838,-0.0376692,0.0208333,0.22468599411723464
2363,0.17895,-0.019445,0.0191667,0.9145700014577951
2364,0.17895,-0.019445,0.0208333,0.9145274109105669
2387,0.236198,-0.0194721,0.0191667,0.8319712306212805
2388,0.236198,-0.0194721,0.0208333,0.8319335992071328
2411,0.229573,-0.0350335,0.0191667,0.7321233518481716
2412,0.229573,-0.0350335,0.0208333,0.7323295396104732
2435,0.292851,0.0210238,0.0191667,0.16295405740748245
2436,0.292851,0.0210238,0.0208333,0.16348704100037897
2459,0.255153,-0.03821,0.0191667,0.37129317764599024
2460,0.255153,-0.03821,0.0208333,0.37197578055397723
2483,0.276448,-0.0342135,0.0191667,0.13978256650330184
2484,0.276448,-0.0342135,0.0208333,0.15877662016241562
2507,0.177628,-0.0390305,0.0191667,0.24364810662686895
2508,0.177628,-0.0390305,0.0208333,0.2439644233108299
2531,0.126179,-0.0366706,0.0191667,0.7315972251078023
2532,0.126179,-0.0366706,0.0208333,0.7315851617755431
2555,0.229033,-0.032901,0.0191667,0.7933408984195899
2556,0.229033,-0.032901,0.0208333,0.7934417825068532
2579,0.171798,-0.0329697,0.0191667,0.40012523852859244
2580,0.171798,-0.0329697,0.0208333,0.4001963389772473
2603,0.146801,-0.0370693,0.0191667,0.5372323713081095
2604,0.146801,-0.0370693,0.0208333,0.5372339569470068
2627,0.269193,-0.0336271,0.0191667,0.3020591413867324
2628,0.269193,-0.0336271,0.0208333,0.29380955707131107
2651,0.235112,0.0316164,0.0191667,0.5069271579981142
2652,0.235112,0.0316164,0.0208333,0.5064862449371913
2675,0.247401,-0.032654,0.0191667,0.6914110741413255
2676,0.247401,-0.032654,0.0208333,0.691539538521934
2699,0.109207,0.0233701,0.0191667,0.2183911689086864
2700,0.109207,0.0233701,0.0208333,0.21783666722575057
2723,0.263776,0.030356,0.0191667,0.3338648597415727
2724,0.263776,0.030356,0.0208333,0.3333558098147522
2747,0.114572,-0.0339734,0.0191667,0.5087572939465077
2748,0.114572,-0.0339734,0.0208333,0.5088341876257492
2771,0.207255,-0.0330505,0.0191667,0.7797616427155728
2772,0.207255,-0.0330505,0.0208333,0.7798558693883897
2795,0.255567,-0.0344958,0.0191667,0.5490520801463191
2796,0.255567,-0.0344958,0.0208333,0.5492666255681374
2819,0.198339,-0.0344906,0.0191667,0.6843929349838561
2820,0.198339,-0.0344906,0.0208333,0.6845055184578558
2843,0.289603,-0.019327,0.0191667,0.33117664121566603
2844,0.289603,-0.019327,0.0208333,0.29384434321691477
2867,0.161684,-0.0350667,0.0191667,0.14123924328425247
2868,0.161684,-0.0350667,0.0208333,0.14133858917118
2891,0.292569,-0.0381106,0.0191667,0.23681439029501564
2892,0.292569,-0.0381106,0.0208333,0.24753257805438136
2915,0.288451,-0.037577,0.0191667,0.23393158368629918
2916,0.288451,-0.037577,0.0208333,0.25808918692353233
2939,0.203897,-0.0364614,0.0191667,0.6601379933358671
2940,0.203897,-0.0364614,0.0208333,0.6603374140341973
2963,0.136084,0.030576,0.0191667,0.31540892824516387
2964,0.136084,0.030576,0.0208333,0.314561476308425
2987,0.11545,-0.0366929,0.0191667,0.6307789131366206
2988,0.11545,-0.0366929,0.0208333,0.6307243997221387
3011,0.160954,-0.037809,0.0191667,0.14912864793126235
3012,0.160954,-0.037809,0.0208333,0.14904110061797585
3035,0.290265,-0.0336563,0.0191667,0.17560598286578963
3036,0.290265,-0.0336563,0.0208333,0.24245976984213277
3059,0.283809,-0.0365603,0.0191667,0.21538030252026297
3060,0.283809,-0.0365603,0.0208333,0.2434416864488085
3083,0.247601,-0.0256535,0.0191667,0.7943284455637585
3084,0.247601,-0.0256535,0.0208333,0.7942699903650029
3107,0.190438,-0.0257246,0.0191667,0.8801085019615057
3108,0.190438,-0.0257246,0.0208333,0.8800941010947319
3131,0.131439,-0.0306755,0.0191667,0.23356524564698167
3132,0.131439,-0.0306755,0.0208333,0.2340306935622806
3155,0.256226,-0.0334434,0.0191667,0.5657147612136902
3156,0.256226,-0.0334434,0.0208333,0.5658398038567153
3179,0.246225,-0.0236405,0.0191667,0.8107928943478302
3180,0.246225,-0.0236405,0.0208333,0.8107326608048729
3203,0.125448,-0.0367568,0.0191667,0.7310533540660451
3204,0.125448,-0.0367568,0.0208333,0.7310382825661902
3227,0.198987,-0.0334518,0.0191667,0.7242236617694551
3228,0.198987,-0.0334518,0.0208333,0.7243175408878616
3251,0.189019,-0.0236542,0.0191667,0.892659103980978
3252,0.189019,-0.0236542,0.0208333,0.8926335993999104
3275,0.107185,0.0210191,0.0191667,0.21296289208594538
3276,0.107185,0.0210191,0.0208333,0.2125563886063028
3299,0.115383,-0.0349897,0.0191667,0.551415371170195
3300,0.115383,-0.0349897,0.0208333,0.5514460847985285
3323,0.121029,-0.0381812,0.0191667,0.7398686018323608
3324,0.121029,-0.0381812,0.0208333,0.7398068158522199
3347,0.212138,-0.0318659,0.0191667,0.8229076024742581
3348,0.212138,-0.0318659,0.0208333,0.8229745630322284
3371,0.288505,-0.0219,0.0191667,0.2746535718242346
3372,0.288505,-0.0219,0.0208333,0.22178982590382726
3395,0.260432,0.030432,0.0191667,0.3575324630349307
3396,0.260432,0.030432,0.0208333,0.35706481830608117
3419,0.109075,0.0173301,0.0191667,0.17940526288239594
3420,0.109075,0.0173301,0.0208333,0.17921703176062703
3443,0.141911,-0.0230909,0.0191667,0.5020344854387908
3444,0.141911,-0.0230909,0.0208333,0.5019714170111402
3467,0.166957,0.0249445,0.0191667,0.2746456690685337
3468,0.166957,0.0249445,0.0208333,0.27400285504149696
3491,0.123085,-0.0309741,0.0191667,0.3105162008067955
3492,0.123085,-0.0309741,0.0208333,0.3110389563100217
3515,0.206216,-0.0364987,0.0191667,0.6670918413441472
3516,0.206216,-0.0364987,0.0208333,0.6673076068508835
3539,0.107562,-0.0368356,0.0191667,0.40090826970784676
3540,0.107562,-0.0368356,0.0208333,0.4007656753596051
3563,0.10714,0.0149963,0.0191667,0.14522439020215888
3564,0.10714,0.0149963,0.0208333,0.14494762929365249
3587,0.268336,-0.034521,0.0191667,0.2950802728238708
3588,0.268336,-0.034521,0.0208333,0.2869159747648081
3611,0.171814,-0.0354414,0.0191667,0.2876248500581856
3612,0.171814,-0.0354414,0.0208333,0.2877465138249484
3635,0.117308,0.0328993,0.0191667,0.2757913149336201
3636,0.117308,0.0328993,0.0208333,0.27481561792035053
3659,0.101222,-0.00466687,0.0191667,1.236927465669977
3660,0.101222,-0.00466687,0.0208333,1.2369274448696619
3683,0.281294,-0.0352249,0.0191667,0.17590201480000164
3684,0.281294,-0.0352249,0.0208333,0.21331220813539947
3707,0.2879,-0.0381328,0.0191667,0.2340555808617261
3708,0.2879,-0.0381328,0.0208333,0.2555974989849861
3731,0.172719,-0.0339166,0.0191667,0.3928810722351216
3732,0.172719,-0.0339166,0.0208333,0.392952757101556
3755,0.229947,-0.0339277,0.0191667,0.7664977155746069
3756,0.229947,-0.0339277,0.0208333,0.7666405482781501
3779,0.166333,-0.0337991,0.0191667,0.27921322263670806
3780,0.166333,-0.0337991,0.0208333,0.27929834896172046
3803,0.288253,-0.0347046,0.0191667,0.18775832903338802
3804,0.288253,-0.0347046,0.0208333,0.2389468090857043
3827,0.23372,0.0341371,0.0191667,0.5437062015291486
3828,0.23372,0.0341371,0.0208333,0.5431216522650404
3851,0.293399,-0.0344964,0.0191667,0.1683463729653835
3852,0.293399,-0.0344964,0.0208333,0.22530225724774708
3875,0.392157,-0.00281492,0.0191667,1.1374857912442915
3876,0.392157,-0.00281492,0.0208333,1.1009738975417067
3899,0.282656,0.0329027,0.0191667,0.22524093488169475
3900,0.282656,0.0329027,0.0208333,0.2248255577316191
3923,0.180181,-0.0316036,0.0191667,0.5994330424601024
3924,0.180181,-0.0316036,0.0208333,0.5994817397242806
3947,0.206843,-0.0369549,0.0191667,0.6675094534698041
3948,0.206843,-0.0369549,0.0208333,0.6677321058574476
3971,0.237433,-0.0316223,0.0191667,0.781838624829147
3972,0.237433,-0.0316223,0.0208333,0.7819087237082902
3995,0.291318,-0.0336066,0.0191667,0.16926418420696682
3996,0.291318,-0.0336066,0.0208333,0.23880692152626146
4019,0.246406,-0.0328008,0.0191667,0.6961404942606382
4020,0.246406,-0.0328008,0.0208333,0.6962734474910562
4043,0.160025,0.018476,0.0191667,0.16442691652466424
4044,0.160025,0.018476,0.0208333,0.1638845852732773
4067,0.255885,-0.0377767,0.0191667,0.36364313362292716
4068,0.255885,-0.0377767,0.0208333,0.36428542225533633
4091,0.159059,-0.0182896,0.0191667,0.9162338719132906
4092,0.159059,-0.0182896,0.0208333,0.9162324354697495
4115,0.249964,-0.02909,0.0191667,0.749604458264492
4116,0.249964,-0.02909,0.0208333,0.7495786410813027
4139,0.192891,-0.0291247,0.0191667,0.7977395741152219
4140,0.192891,-0.0291247,0.0208333,0.7977658157537579
4163,0.151819,-0.0340289,0.0191667,0.2559320725975636
4164,0.151819,-0.0340289,0.0208333,0.2559963894995337
4187,0.120386,-0.0376805,0.0191667,0.7322625988639322
4188,0.120386,-0.0376805,0.0208333,0.7321983540728807
4211,0.221458,-0.0355916,0.0191667,0.7314829074411188
4212,0.221458,-0.0355916,0.0208333,0.731692683814283
4235,0.287862,0.0114887,0.0191667,0.4435740367180403
4236,0.287862,0.0114887,0.0208333,0.44392179824955064
4259,0.157449,-0.0354259,0.0191667,0.18602990615790194
4260,0.157449,-0.0354259,0.0208333,0.18608156309280147
4283,0.241772,-0.0391811,0.0191667,0.4288277241061582
4284,0.241772,-0.0391811,0.0208333,0.42962661971360694
4307,0.258281,-0.0382689,0.0191667,0.2934542366833413
4308,0.258281,-0.0382689,0.0208333,0.2938963164031315
4331,0.291861,-0.0376313,0.0191667,0.23864072415195609
4332,0.291861,-0.0376313,0.0208333,0.25257976219368805
4355,0.255458,-0.0321977,0.0191667,0.6204724412674014
4356,0.255458,-0.0321977,0.0208333,0.6205348211164644
4379,0.134331,-0.0250293,0.0191667,0.2543023951793014
4380,0.134331,-0.0250293,0.0208333,0.25393134781399795
4403,0.198221,-0.0322037,0.0191667,0.7540478357912372
4404,0.198221,-0.0322037,0.0208333,0.7541172551421956
4427,0.200904,-0.0363926,0.0191667,0.6426519471715961
4428,0.200904,-0.0363926,0.0208333,0.6428372142662881
4451,0.157775,-0.0368967,0.0191667,0.21609868220259834
4452,0.157775,-0.0368967,0.0208333,0.21607362958951656
4475,0.116918,-0.0366467,0.0191667,0.6549024940682392
4476,0.116918,-0.0366467,0.0208333,0.6548484442912483
4499,0.0980835,-0.00219865,0.0191667,1.2169373104651844
4500,0.0980835,-0.00219865,0.0208333,1.2169372924100577
4523,0.282,-0.0333818,0.0191667,0.1565049255365466
4524,0.282,-0.0333818,0.0208333,0.20012849303315106
4547,0.221565,-0.0344917,0.0191667,0.7738388746138837
4548,0.221565,-0.0344917,0.0208333,0.7739771855667277
4571,0.115228,-0.0328425,0.0191667,0.4480645954250386
4572,0.115228,-0.0328425,0.0208333,0.4482549802163782
4595,0.240847,-0.0297966,0.0191667,0.802240711037084
4596,0.240847,-0.0297966,0.0208333,0.8022465059338569
4619,0.183527,-0.0298564,0.0191667,0.7150670852116204
4620,0.183527,-0.0298564,0.0208333,0.7150946109211477
4643,0.258084,-0.0363447,0.0191667,0.4135446173935176
4644,0.258084,-0.0363447,0.0208333,0.41386591183790966
4667,0.116299,-0.0369904,0.0191667,0.64392634812153
4668,0.116299,-0.0369904,0.0208333,0.6438706422587785
4691,0.216884,-0.0345375,0.0191667,0.762522259034979
4692,0.216884,-0.0345375,0.0208333,0.7626666304624689
4715,0.139521,0.0305133,0.0191667,0.31344312077370967
4716,0.139521,0.0305133,0.0208333,0.3125813573481375
4739,0.240766,-0.0162478,0.0191667,0.7805959779350121
4740,0.240766,-0.0162478,0.0208333,0.7805953075206258
4763,0.206641,-0.0316503,0.0191667,0.8204242282936979
4764,0.206641,-0.0316503,0.0208333,0.8204769106975556
4787,0.153852,-0.0379246,0.0191667,0.3962647815720322
4788,0.153852,-0.0379246,0.0208333,0.3961887171176226
4811,0.231049,-0.0360576,0.0191667,0.7036308346249901
4812,0.231049,-0.0360576,0.0208333,0.703896232712389
4835,0.108963,0.0114098,0.0191667,0.6380231928911382
4836,0.108963,0.0114098,0.0208333,0.6380493913672031
4859,0.218268,-0.032876,0.0191667,0.8039329666101003
4860,0.218268,-0.032876,0.0208333,0.8040280324100355
4883,0.161009,-0.0331288,0.0191667,0.2464450383838812
4884,0.161009,-0.0331288,0.0208333,0.24650556185126793
4907,0.297249,-0.00277518,0.0191667,1.144664808899863
4908,0.297249,-0.00277518,0.0208333,1.1146286743184206
4931,0.183524,-0.0162169,0.0191667,0.8982269834423933
4932,0.183524,-0.0162169,0.0208333,0.8981316839418491
4955,0.284345,-0.0269933,0.0191667,0.1268618138058494
4956,0.284345,-0.0269933,0.0208333,0.11384634793742836
4979,0.2718,-0.02323,0.0191667,0.6580668075486333
4980,0.2718,-0.02323,0.0208333,0.6565447296186144
5003,0.141087,-0.0358979,0.0191667,0.5616345013706876
5004,0.141087,-0.0358979,0.0208333,0.5616935797933391
5027,0.109236,-0.0346491,0.0191667,0.4552858451041993
5028,0.109236,-0.0346491,0.0208333,0.455273937580795
5051,0.170161,-0.0377651,0.0191667,0.14644305519986292
5052,0.170161,-0.0377651,0.0208333,0.14665893311284656
5075,0.268787,-0.0322394,0.0191667,0.4246279981890031
5076,0.268787,-0.0322394,0.0208333,0.4205190956773426
5099,0.229454,-0.0315255,0.0191667,0.8234597266648866
5100,0.229454,-0.0315255,0.0208333,0.8235165626516525
5123,0.172191,-0.0315101,0.0191667,0.5100840138091217
5124,0.172191,-0.0315101,0.0208333,0.5101232515247466
5147,0.195513,-0.030597,0.0191667,0.7845285419940138
5148,0.195513,-0.030597,0.0208333,0.7845689672276281
5171,0.143527,-0.035244,0.0191667,0.4909664783207982
5172,0.143527,-0.035244,0.0208333,0.49103424176173505
5195,0.195979,-0.0318761,0.0191667,0.7513713872510402
5196,0.195979,-0.0318761,0.0208333,0.7514356722352175
5219,0.252712,-0.0305974,0.0191667,0.6986362886356552
5220,0.252712,-0.0305974,0.0208333,0.6986425202690508
5243,0.170903,-0.0352852,0.0191667,0.2857445911815986
5244,0.170903,-0.0352852,0.0208333,0.2858666367715834
5267,0.247566,-0.0210648,0.0191667,0.7941346551730709
5268,0.247566,-0.0210648,0.0208333,0.7940798516118707
5291,0.119693,-0.0296851,0.0191667,0.24164303165033924
5292,0.119693,-0.0296851,0.0208333,0.2422318233527123
5315,0.150044,-0.0345584,0.0191667,0.31657756154622546
5316,0.150044,-0.0345584,0.0208333,0.31663299203721823
5339,0.19033,-0.0210339,0.0191667,0.9050569713321885
5340,0.19033,-0.0210339,0.0208333,0.9049867144135764
5363,0.162718,-0.0311458,0.0191667,0.36400441235757564
5364,0.162718,-0.0311458,0.0208333,0.3640463731441752
5387,0.219919,-0.0309765,0.0191667,0.8434589535721027
5388,0.219919,-0.0309765,0.0208333,0.843510083438704
5411,0.132098,-0.0360907,0.0191667,0.6825970918163694
5412,0.132098,-0.0360907,0.0208333,0.6826291036452132
5435,0.170275,-0.0344902,0.0191667,0.2977768649017483
5436,0.170275,-0.0344902,0.0208333,0.2978882905021532
5459,0.25318,-0.0318786,0.0191667,0.6484779152746172
5460,0.25318,-0.0318786,0.0208333,0.6485604534210906
5483,0.185086,-0.0322124,0.0191667,0.6215548029435731
5484,0.185086,-0.0322124,0.0208333,0.6216146607706432
5507,0.107034,0.00921981,0.0191667,0.7562607242266675
5508,0.107034,0.00921981,0.0208333,0.756228402896636
5531,0.00785919,0.00286118,0.0191667,1.1622902055983408
5532,0.00785919,0.00286118,0.0208333,1.162290205601728
5555,0.169763,-0.038333,0.0191667,0.10736707296967538
5556,0.169763,-0.038333,0.0208333,0.10761408198069107
5579,0.210468,-0.0345291,0.0191667,0.7568371863206469
5580,0.210468,-0.0345291,0.0208333,0.7569632371403513
5603,0.28595,-0.0267531,0.0191667,0.14467000281226236
5604,0.28595,-0.0267531,0.0208333,0.15436616508205417
5627,0.270827,-0.0350802,0.0191667,0.10061846604977638
5628,0.270827,-0.0350802,0.0208333,0.08069622789943096
5651,0.00789732,-0.00274129,0.0191667,1.1622701686946553
5652,0.00789732,-0.00274129,0.0208333,1.1622701686980041
5675,0.162055,-0.0339765,0.0191667,0.20765975619294097
5676,0.162055,-0.0339765,0.0208333,0.20772849713527108
5699,0.109469,-0.0281786,0.0191667,0.3586373678876558
5700,0.109469,-0.0281786,0.0208333,0.35881232334606694
5723,0.163956,-0.0322021,0.0191667,0.33672084373254535
5724,0.163956,-0.0322021,0.0208333,0.33676228496144606
5747,0.220885,-0.0320596,0.0191667,0.8289573761442434
5748,0.220885,-0.0320596,0.0208333,0.8290240700556707
5771,0.148216,-0.0352988,0.0191667,0.4044870589420223
5772,0.148216,-0.0352988,0.0208333,0.40452720186735175
5795,0.117886,-0.0391013,0.0191667,0.6814027381645446
5796,0.117886,-0.0391013,0.0208333,0.681294584224748
5819,0.227599,-0.0344783,0.0191667,0.7494614857925888
5820,0.227599,-0.0344783,0.0208333,0.7496368520397493
5843,0.288435,-0.000985116,0.0191667,0.8294916161862277
5844,0.288435,-0.000985116,0.0208333,0.8283318861829236
5867,0.259769,-0.0392104,0.0191667,0.13574792140776964
5868,0.259769,-0.0392104,0.0208333,0.1353669549484515
5891,0.217642,-0.0352817,0.0191667,0.749994647934266
5892,0.217642,-0.0352817,0.0208333,0.7501639999606625
5915,0.175698,-0.0362993,0.0191667,0.31210786235088805
5916,0.175698,-0.0362993,0.0208333,0.31225850157216295
5939,0.200273,-0.0355434,0.0191667,0.6599949294931619
5940,0.200273,-0.0355434,0.0208333,0.6601495715815686
5963,0.169633,-0.0363638,0.0191667,0.20977928559340267
5964,0.169633,-0.0363638,0.0208333,0.20990920492863696
5987,0.172578,-0.0350138,0.0191667,0.3142745915234271
5988,0.172578,-0.0350138,0.0208333,0.3144074168419311
6011,0.284334,-0.0370891,0.0191667,0.21962657832969576
6012,0.284334,-0.0370891,0.0208333,0.24684219822684292
6035,0.257535,-0.035466,0.0191667,0.47177239919125713
6036,0.257535,-0.035466,0.0208333,0.4720351036332847
6059,0.149357,-0.0338429,0.0191667,0.2783151800277344
6060,0.149357,-0.0338429,0.0208333,0.2783934273983213
6083,0.280987,-0.0340845,0.0191667,0.1559220299135757
6084,0.280987,-0.0340845,0.0208333,0.19598845907702317
6107,0.108801,-0.03565,0.0191667,0.4494366105349959
6108,0.108801,-0.03565,0.0208333,0.4493647977609338
6131,0.28481,-0.033144,0.0191667,0.1682097889310845
6132,0.28481,-0.033144,0.0208333,0.2195225185150134
6155,0.144728,-0.0336668,0.0191667,0.3444463988765015
6156,0.144728,-0.0336668,0.0208333,0.34456053766920264
6179,0.232867,-0.0382111,0.0191667,0.6210608893177122
6180,0.232867,-0.0382111,0.0208333,0.6215358751002125
6203,0.228314,-0.0303946,0.0191667,0.8414265333250577
6204,0.228314,-0.0303946,0.0208333,0.8414637576097584
6227,0.171049,-0.0303784,0.0191667,0.5183037919265207
6228,0.171049,-0.0303784,0.0208333,0.5183435435395863
6251,0.108498,-0.0337696,0.0191667,0.43947678298914644
6252,0.108498,-0.0337696,0.0208333,0.4394697706561233
6275,0.152825,-0.0346387,0.0191667,0.2644128379406807
6276,0.152825,-0.0346387,0.0208333,0.264472963585508
6299,0.143215,-0.0206135,0.0191667,0.7650317532116552
6300,0.143215,-0.0206135,0.0208333,0.7649792701814361
6323,0.152688,-0.035713,0.0191667,0.33135865728485564
6324,0.152688,-0.035713,0.0208333,0.3313777978900025
6347,0.269937,-0.0311571,0.0191667,0.43065630934030213
6348,0.269937,-0.0311571,0.0208333,0.42622714598237216
6371,0.243305,-0.0390457,0.0191667,0.4194132095541792
6372,0.243305,-0.0390457,0.0208333,0.4202481890359917
6395,0.102454,-0.0354466,0.0191667,0.24972745336694582
6396,0.102454,-0.0354466,0.0208333,0.24950569806176773
6419,0.189833,-0.0277271,0.0191667,0.8125058329636178
6420,0.189833,-0.0277271,0.0208333,0.8125189805289578
6443,0.231729,-0.035645,0.0191667,0.7047774850375639
6444,0.231729,-0.035645,0.0208333,0.7050375216265968
6467,0.2935,-0.036453,0.0191667,0.20057646878435167
6468,0.2935,-0.036453,0.0208333,0.2282085729185475
6491,0.297258,-0.0382311,0.0191667,0.17727250199904104
6492,0.297258,-0.0382311,0.0208333,0.14907879207536529
6515,0.102809,-0.0383554,0.0191667,0.13585165597351437
6516,0.102809,-0.0383554,0.0208333,0.13559899157773592
6539,0.293597,-0.0371507,0.0191667,0.21771034840319375
6540,0.293597,-0.0371507,0.0208333,0.22940088905757733
6563,0.126618,-0.0381353,0.0191667,0.7837719513226538
6564,0.126618,-0.0381353,0.0208333,0.783738677892933
6587,0.292525,-0.0351246,0.0191667,0.1795019278198705
6588,0.292525,-0.0351246,0.0208333,0.23322525269843744
6611,0.107018,-0.0351588,0.0191667,0.40386000235457775
6612,0.107018,-0.0351588,0.0208333,0.4037673027766543
6635,0.279149,-0.0319547,0.0191667,0.11393919173278351
6636,0.279149,-0.0319547,0.0208333,0.14008728841711515
6659,0.286122,0.0081257,0.0191667,0.5436694471505847
6660,0.286122,0.0081257,0.0208333,0.5439256475331079
6683,0.284096,-0.033952,0.0191667,0.17830892434300644
6684,0.284096,-0.033952,0.0208333,0.21818324032803252
6707,0.287333,-0.0352427,0.0191667,0.19519665306723372
6708,0.287333,-0.0352427,0.0208333,0.2375711207466303
6731,0.220247,-0.0331929,0.0191667,0.8027317413102257
6732,0.220247,-0.0331929,0.0208333,0.8028263601630353
6755,0.129223,-0.0362212,0.0191667,0.6930807585791982
6756,0.129223,-0.0362212,0.0208333,0.6931084839873586
6779,0.18648,-0.0279443,0.0191667,0.7947201400891533
6780,0.18648,-0.0279443,0.0208333,0.7947346502946181
6803,0.243694,-0.02785,0.0191667,0.8008905518356777
6804,0.243694,-0.02785,0.0208333,0.8008649357524081
6827,0.147247,-0.0337285,0.0191667,0.30892002977624544
6828,0.147247,-0.0337285,0.0208333,0.30902220697095684
6851,0.142613,-0.0335282,0.0191667,0.37685041855241574
6852,0.142613,-0.0335282,0.0208333,0.37697740542654495
6875,0.242713,-0.0261225,0.0191667,0.8219795618303989
6876,0.242713,-0.0261225,0.0208333,0.8219389132319337
6899,0.213643,-0.0155668,0.0191667,0.8036790084437158
6900,0.213643,-0.0155668,0.0208333,0.8036532175440385
6923,0.185513,-0.0261544,0.0191667,0.8262665570674037
6924,0.185513,-0.0261544,0.0208333,0.8262689640648623
6947,0.190998,-0.0361783,0.0191667,0.5553482355984758
6948,0.190998,-0.0361783,0.0208333,0.5555040219592098
6971,0.126834,-0.037391,0.0191667,0.7673418390194647
6972,0.126834,-0.037391,0.0208333,0.7673203374895651
6995,0.223894,-0.0390101,0.0191667,0.543941946581195
6996,0.223894,-0.0390101,0.0208333,0.5444760374419132
7019,0.248577,-0.0377366,0.0191667,0.4935447342038373
7020,0.248577,-0.0377366,0.0208333,0.4941951887433746
7043,0.195877,-0.0384971,0.0191667,0.5175349223009443
7044,0.195877,-0.0384971,0.0208333,0.517835452846977
7067,0.230193,-0.0358979,0.0191667,0.7059402958563462
7068,0.230193,-0.0358979,0.0208333,0.7062038472129941
7091,0.123294,-0.0277805,0.0191667,0.06419952827041536
7092,0.123294,-0.0277805,0.0208333,0.06475297086687826
7115,0.193829,-0.0305541,0.0191667,0.7782186533437108
7116,0.193829,-0.0305541,0.0208333,0.7782596603292612
7139,0.204302,-0.030024,0.0191667,0.844204089288883
7140,0.204302,-0.030024,0.0208333,0.8442334902380013
7163,0.250921,-0.0305675,0.0191667,0.7079972515669899
7164,0.250921,-0.0305675,0.0208333,0.708019603981028
7187,0.135906,-0.0355149,0.0191667,0.6223592846777217
7188,0.135906,-0.0355149,0.0208333,0.6224173814848561
7211,0.392134,0.00278821,0.0191667,1.3255531461822392
7212,0.392134,0.00278821,0.0208333,1.310641417799587
7235,0.201463,-0.0382201,0.0191667,0.5865908432548184
7236,0.201463,-0.0382201,0.0208333,0.5868724503378496
7259,0.179706,-0.0302199,0.0191667,0.6350500652546941
7260,0.179706,-0.0302199,0.0208333,0.6350840885523483
7283,0.236958,-0.0302406,0.0191667,0.8130382706872822
7284,0.236958,-0.0302406,0.0208333,0.8130644632827593
7307,0.165053,0.0275817,0.0191667,0.29591275082109747
7308,0.165053,0.0275817,0.0208333,0.2951693144778571
7331,0.112203,-0.0351487,0.0191667,0.5185752982824866
7332,0.112203,-0.0351487,0.0208333,0.5185778102662161
7355,0.182444,-0.0283839,0.0191667,0.7200580779756572
7356,0.182444,-0.0283839,0.0208333,0.7200777834485731
7379,0.239684,-0.0283965,0.0191667,0.8201629130397302
7380,0.239684,-0.0283965,0.0208333,0.8201555614052276
7403,0.28709,-0.0328619,0.0191667,0.1754792062295701
7404,0.28709,-0.0328619,0.0208333,0.23298567212062635
7427,0.11319,-0.0351775,0.0191667,0.5382117299508188
7428,0.11319,-0.0351775,0.0208333,0.5382114144536054
7451,0.10553,-0.0295205,0.0191667,0.42943829750700163
7452,0.10553,-0.0295205,0.0208333,0.4294295197910661
7475,0.292135,-0.0327722,0.0191667,0.16619206767520525
7476,0.292135,-0.0327722,0.0208333,0.2383662763761896
7499,0.209886,-0.0321843,0.0191667,0.8150035325632163
7500,0.209886,-0.0321843,0.0208333,0.8150731161850208
7523,0.114434,-0.0316473,0.0191667,0.40364230162033904
7524,0.114434,-0.0316473,0.0208333,0.40387605496210266
7547,0.198649,-0.0354277,0.0191667,0.656428980061862
7548,0.198649,-0.0354277,0.0208333,0.6565741596584312
7571,0.116672,-0.0299269,0.0191667,0.27976628130839937
7572,0.116672,-0.0299269,0.0208333,0.28025961190918597
7595,0.162428,-0.0357775,0.0191667,0.10357896347168956
7596,0.162428,-0.0357775,0.0208333,0.1037055899615715
7619,0.255917,-0.0354246,0.0191667,0.4937329162485973
7620,0.255917,-0.0354246,0.0208333,0.49405692335408874
7643,0.200784,-0.0345967,0.0191667,0.7025077122244896
7644,0.200784,-0.0345967,0.0208333,0.7026305862076533
7667,0.272358,-0.0395142,0.0191667,0.09771454651482346
7668,0.272358,-0.0395142,0.0208333,0.10694471454822187
7691,0.258002,-0.034595,0.0191667,0.4984131807755571
7692,0.258002,-0.034595,0.0208333,0.4985532249017752
7715,0.27003,-0.0224145,0.0191667,0.6831546061702578
7716,0.27003,-0.0224145,0.0208333,0.682259959512719
7739,0.289401,-0.032877,0.0191667,0.17703335631784198
7740,0.289401,-0.032877,0.0208333,0.242296645180118
7763,0.174232,-0.03555,0.0191667,0.3170256753075626
7764,0.174232,-0.03555,0.0208333,0.3171621248111711
7787,0.217605,-0.0377519,0.0191667,0.648539800066909
7788,0.217605,-0.0377519,0.0208333,0.6488936097470784
7811,0.207702,-0.0303759,0.0191667,0.8481318580131862
7812,0.207702,-0.0303759,0.0208333,0.8481662231271179
7835,0.250455,-0.0390135,0.0191667,0.3689855810094278
7836,0.250455,-0.0390135,0.0208333,0.3698464492326925
7859,0.273211,-0.0383247,0.0191667,0.13200521641777843
7860,0.273211,-0.0383247,0.0208333,0.15489254308399775
7883,0.119152,-0.0280959,0.0191667,0.16548662874424366
7884,0.119152,-0.0280959,0.0208333,0.16615552485176333
7907,0.251987,-0.0182839,0.0191667,0.7648286537935598
7908,0.251987,-0.0182839,0.0208333,0.7647789851429193
7931,0.153296,-0.0321062,0.0191667,0.234136669856425
7932,0.153296,-0.0321062,0.0208333,0.23417272605147968
7955,0.194758,-0.0182504,0.0191667,0.877938793496381
7956,0.194758,-0.0182504,0.0208333,0.8778344835497549
7979,0.161499,-0.0384054,0.0191667,0.14573935835351032
7980,0.161499,-0.0384054,0.0208333,0.1456386765650392
8003,0.282436,-0.01963,0.0191667,0.5766380561282874
8004,0.282436,-0.01963,0.0208333,0.5612547517042595
8027,0.139538,-0.0353578,0.0191667,0.5655506441353038
8028,0.139538,-0.0353578,0.0208333,0.5656156046065208
8051,0.280439,-0.0312734,0.0191667,0.1147860152112617
8052,0.280439,-0.0312734,0.0208333,0.14979316596360465
8075,0.292155,-0.0239826,0.0191667,0.21395322124851124
8076,0.292155,-0.0239826,0.0208333,0.2517255532459905
8099,0.160002,0.0359185,0.0191667,0.3427162597488222
8100,0.160002,0.0359185,0.0208333,0.3416658373457061
8123,0.199395,-0.0357931,0.0191667,0.6539163335750886
8124,0.199395,-0.0357931,0.0208333,0.65407119695045
8147,0.259824,-0.0384785,0.0191667,0.23000929915229512
8148,0.259824,-0.0384785,0.0208333,0.23002575340366763
8171,0.22059,-0.0360524,0.0191667,0.7282304473780901
8172,0.22059,-0.0360524,0.0208333,0.7284433187799486
8195,0.251157,-0.039027,0.0191667,0.3589047385160498
8196,0.251157,-0.039027,0.0208333,0.35977659262319517
8219,0.26862,-0.0355552,0.0191667,0.15512252340807894
8220,0.26862,-0.0355552,0.0208333,0.1375283732490136
8243,0.102605,-0.0347435,0.0191667,0.273619461312392
8244,0.102605,-0.0347435,0.0208333,0.2734226602045121
8267,0.286094,-0.033586,0.0191667,0.17813614474106595
8268,0.286094,-0.033586,0.0208333,0.22701361139343607
8291,0.157292,0.0359791,0.0191667,0.343916608942537
8292,0.157292,0.0359791,0.0208333,0.34284469620061225
8315,0.256701,-0.035707,0.0191667,0.4787998075672128
8316,0.256701,-0.035707,0.0208333,0.47910780437026035
8339,0.180098,-0.0216356,0.0191667,0.8990970834857227
8340,0.180098,-0.0216356,0.0208333,0.8990642819161622
8363,0.237345,-0.021662,0.0191667,0.8406014290763265
8364,0.237345,-0.021662,0.0208333,0.8405525594483357
8387,0.260127,-0.0300413,0.0191667,0.6316002808228053
8388,0.260127,-0.0300413,0.0208333,0.6313773486972328
8411,0.294409,-0.018062,0.0191667,0.3749220004917023
8412,0.294409,-0.018062,0.0208333,0.41950642719433995
8435,0.270184,-0.0358676,0.0191667,0.08737256652698489
8436,0.270184,-0.0358676,0.0208333,0.07604033425025168
8459,0.258887,-0.0296967,0.0191667,0.6369102905011114
8460,0.258887,-0.0296967,0.0208333,0.6367555360879166
8483,0.190022,-0.0363379,0.0191667,0.5464324377185569
8484,0.190022,-0.0363379,0.0208333,0.5465917007479076
8507,0.225537,-0.0330672,0.0191667,0.8055792389609092
8508,0.225537,-0.0330672,0.0208333,0.8056716921475329
8531,0.222742,-0.034009,0.0191667,0.7757262974968446
8532,0.222742,-0.034009,0.0208333,0.775860261816775
8555,0.250944,-0.0273763,0.0191667,0.7564109726653153
8556,0.250944,-0.0273763,0.0208333,0.7563567545555964
8579,0.19377,-0.0274286,0.0191667,0.8582849726807386
8580,0.19377,-0.0274286,0.0208333,0.8582882091904263
8603,0.148262,-0.0342768,0.0191667,0.32158588647200315
8604,0.148262,-0.0342768,0.0208333,0.3216684401238681
8627,0.143591,-0.0341444,0.0191667,0.3898225365199547
8628,0.143591,-0.0341444,0.0208333,0.3899378697911373
8651,0.216395,-0.0364615,0.0191667,0.7130052190216289
8652,0.216395,-0.0364615,0.0208333,0.7132331816744849
8675,0.183249,-0.03573,0.0191667,0.47735497377556935
8676,0.183249,-0.03573,0.0208333,0.47749249203292193
8699,0.158076,-0.0362284,0.0191667,0.18110525205360115
8700,0.158076,-0.0362284,0.0208333,0.18112395074291004
8723,0.137681,-0.0353325,0.0191667,0.5917051648182594
8724,0.137681,-0.0353325,0.0208333,0.5917704871357138
8747,0.176047,-0.0370611,0.0191667,0.29607293840175597
8748,0.176047,-0.0370611,0.0208333,0.29624504454966416
8771,0.169464,-0.037112,0.0191667,0.16059677464352265
8772,0.169464,-0.037112,0.0208333,0.16079247912645792
8795,0.235602,-0.0137108,0.0191667,0.7535968849414716
8796,0.235602,-0.0137108,0.0208333,0.7536373688002208
8819,0.231617,-0.0297689,0.0191667,0.839226819298664
8820,0.231617,-0.0297689,0.0208333,0.8392475490282824
8843,0.174358,-0.0297482,0.0191667,0.6149047493824714
8844,0.174358,-0.0297482,0.0208333,0.6149292816596387
8867,0.294348,-0.0349844,0.0191667,0.16832236933173797
8868,0.294348,-0.0349844,0.0208333,0.21604182322419174
8891,0.223021,-0.0301405,0.0191667,0.8595404893744006
8892,0.223021,-0.0301405,0.0208333,0.8595661046232291
8915,0.165816,-0.0301905,0.0191667,0.49153322038853925
8916,0.165816,-0.0301905,0.0208333,0.49155201348038396
8939,0.210712,-0.0296631,0.0191667,0.8620929135645036
8940,0.210712,-0.0296631,0.0208333,0.8621203580000849
8963,0.222376,-0.0390258,0.0191667,0.547057000902514
8964,0.222376,-0.0390258,0.0208333,0.5475832557399546
8987,0.178357,-0.0136806,0.0191667,0.8926737585501853
8988,0.178357,-0.0136806,0.0208333,0.8925700319780642
9011,0.196496,-0.0292204,0.0191667,0.831113257925973
9012,0.196496,-0.0292204,0.0208333,0.8311361185019829
9035,0.25371,-0.029224,0.0191667,0.7043945848615454
9036,0.25371,-0.029224,0.0208333,0.7043545800267813
9059,0.117636,-0.0311655,0.0191667,0.32499907130718014
9060,0.117636,-0.0311655,0.0208333,0.3254520996101001
9083,0.256208,-0.0308826,0.0191667,0.6400046211728357
9084,0.256208,-0.0308826,0.0208333,0.6399829057997476
9107,0.198964,-0.0308979,0.0191667,0.8048761091734384
9108,0.198964,-0.0308979,0.0208333,0.8049223446034954
9131,0.157926,-0.0383331,0.0191667,0.26188916889637515
9132,0.157926,-0.0383331,0.0208333,0.2617684176727821
9155,0.164702,-0.0289241,0.0191667,0.5094512597018991
9156,0.164702,-0.0289241,0.0208333,0.5094697333793486
9179,0.222021,-0.0289098,0.0191667,0.8740729713324155
9180,0.222021,-0.0289098,0.0208333,0.874082925706977
9203,0.129306,-0.0254359,0.0191667,0.1400803266704843
9204,0.129306,-0.0254359,0.0208333,0.1396401578002635
9227,0.145481,-0.0343603,0.0191667,0.37613474073180914
9228,0.145481,-0.0343603,0.0208333,0.3762355203721893
9251,0.271286,-0.0145969,0.0191667,0.7303165703393827
9252,0.271286,-0.0145969,0.0208333,0.7301308179728303
9275,0.13291,-0.0231284,0.0191667,0.29698354426283213
9276,0.13291,-0.0231284,0.0208333,0.29662504704527926
9299,0.211639,-0.0265764,0.0191667,0.9010017598935111
9300,0.211639,-0.0265764,0.0208333,0.9009788379080763
9323,0.269294,-0.0359923,0.0191667,0.10176658488315307
9324,0.269294,-0.0359923,0.0208333,0.07837319590606216
9347,0.150967,-0.0346394,0.0191667,0.2918782533249771
9348,0.150967,-0.0346394,0.0208333,0.2919392052905757
9371,0.292616,-0.0361296,0.0191667,0.20060635549366324
9372,0.292616,-0.0361296,0.0208333,0.23503168492550108
9395,0.275808,-0.0297829,0.0191667,0.3219243284123771
9396,0.275808,-0.0297829,0.0208333,0.3014685544949091
9419,0.119922,0.0313157,0.0191667,0.29245606574851635
9420,0.119922,0.0313157,0.0208333,0.29153162586302755
9443,0.170514,-0.0361947,0.0191667,0.2231411666310054
9444,0.170514,-0.0361947,0.0208333,0.2232707504360533
9467,0.287708,-0.016611,0.0191667,0.5605943491423099
9468,0.287708,-0.016611,0.0208333,0.516636641041119
9491,0.294358,-0.035936,0.0191667,0.18388866562735726
9492,0.294358,-0.035936,0.0208333,0.2141060528020504
9515,0.141588,-0.0341911,0.0191667,0.4260085057351794
9516,0.141588,-0.0341911,0.0208333,0.426132987644761
9539,0.216824,0.0307925,0.0191667,0.49710076518296437
9540,0.216824,0.0307925,0.0208333,0.496604186076542
9563,0.280541,-0.0358413,0.0191667,0.1725512306164462
9564,0.280541,-0.0358413,0.0208333,0.21004232328509412
9587,0.293252,-0.0258348,0.0191667,0.199092819082658
9588,0.293252,-0.0258348,0.0208333,0.25489522622803273
9611,0.125474,-0.0305417,0.0191667,0.280109123408738
9612,0.125474,-0.0305417,0.0208333,0.28067124792263437
9635,0.119384,-0.039048,0.0191667,0.7057748459559565
9636,0.119384,-0.039048,0.0208333,0.7056769442841894
9659,0.131589,-0.0355902,0.0191667,0.6609529877847541
9660,0.131589,-0.0355902,0.0208333,0.6609981071339014
9683,0.29158,0.00624515,0.0191667,0.6856325610896992
9684,0.29158,0.00624515,0.0208333,0.6858355868746632
9707,0.276613,-0.0323517,0.0191667,0.11267335674861204
9708,0.276613,-0.0323517,0.0208333,0.07780738287103608
9731,0.203428,-0.0370977,0.0191667,0.6347932336346367
9732,0.203428,-0.0370977,0.0208333,0.6350180280135506
9755,0.299066,-0.0284878,0.0191667,0.2568728668765348
9756,0.299066,-0.0284878,0.0208333,0.17937888209569042
9779,0.136964,-0.0206773,0.0191667,0.5506974286619236
9780,0.136964,-0.0206773,0.0208333,0.5505527509575928
9803,0.126662,-0.0359584,0.0191667,0.6937736003046233
9804,0.126662,-0.0359584,0.0208333,0.693782460927076
9827,0.156444,-0.0378234,0.0191667,0.3093533510178934
9828,0.156444,-0.0378234,0.0208333,0.30926483837372154
9851,0.157872,-0.0340016,0.0191667,0.17295780388277543
9852,0.157872,-0.0340016,0.0208333,0.17302413042171638
9875,0.264968,-0.0300713,0.0191667,0.5543750524440652
9876,0.264968,-0.0300713,0.0208333,0.5534465792510278
9899,0.133713,-0.0356894,0.0191667,0.6584951800461888
9900,0.133713,-0.0356894,0.0208333,0.6585376964513877
9923,0.168892,-0.0356604,0.0191667,0.22115868261167954
9924,0.168892,-0.0356604,0.0208333,0.22128130089626394
9947,0.196755,-0.0354051,0.0191667,0.6384560581026544
9948,0.196755,-0.0354051,0.0208333,0.6385948989818002
9971,0.113814,-0.0359081,0.0191667,0.5646556148618513
9972,0.113814,-0.0359081,0.0208333,0.564639203013886
9995,0.253978,-0.0353967,0.0191667,0.5314390190247702
9996,0.253978,-0.0353967,0.0208333,0.5317765990441143
10019,0.288219,-0.0334745,0.0191667,0.17752730373914316
10020,0.288219,-0.0334745,0.0208333,0.2365835165774023
10043,0.248881,-0.0368506,0.0191667,0.5389491652190939
10044,0.248881,-0.0368506,0.0208333,0.5394542434559195
10067,0.293335,-0.0332872,0.0191667,0.16141306464016475
10068,0.293335,-0.0332872,0.0208333,0.23001873089826838
10091,0.110104,-0.0322042,0.0191667,0.4247142976005905
10092,0.110104,-0.0322042,0.0208333,0.4248054260240276
10115,0.154202,-0.0330289,0.0191667,0.20676047068617442
10116,0.154202,-0.0330289,0.0208333,0.20683444589424826
10139,0.232603,-0.0143589,0.0191667,0.758451136964755
10140,0.232603,-0.0143589,0.0208333,0.7584901551440184
10163,0.213191,-0.0326014,0.0191667,0.8178010693972931
10164,0.213191,-0.0326014,0.0208333,0.8178757559683503
10187,0.162916,-0.0379551,0.0191667,0.09194903315795387
10188,0.162916,-0.0379551,0.0208333,0.09192205416151501
10211,0.175255,-0.0144243,0.0191667,0.8969097717256503
10212,0.175255,-0.0144243,0.0208333,0.8968119993229395
10235,0.247339,-0.0385919,0.0191667,0.4581460952593022
10236,0.247339,-0.0385919,0.0208333,0.4589088002227416
10259,0.162366,-0.0384345,0.0191667,0.11738176150394916
10260,0.162366,-0.0384345,0.0208333,0.11729162587701476
10283,0.173474,-0.0282958,0.0191667,0.6395561506819573
10284,0.173474,-0.0282958,0.0208333,0.6395689152492688
10307,0.230733,-0.0283171,0.0191667,0.8605574313129017
10308,0.230733,-0.0283171,0.0208333,0.8605537835911085
10331,0.214329,-0.0285502,0.0191667,0.8882267542436333
10332,0.214329,-0.0285502,0.0208333,0.888225377578451
10355,0.282249,-0.0356084,0.0191667,0.18514718816155432
10356,0.282249,-0.0356084,0.0208333,0.2204842869562364
10379,0.279763,0.0313934,0.0191667,0.23862622380147
10380,0.279763,0.0313934,0.0208333,0.2380585073183691
10403,0.267779,-0.0291884,0.0191667,0.5381339812576511
10404,0.267779,-0.0291884,0.0208333,0.5364764823648858
10427,0.266715,-0.0303214,0.0191667,0.5368676374063257
10428,0.266715,-0.0303214,0.0208333,0.5354508413276334
10451,0.113984,-0.0170434,0.0191667,0.37482990371253816
10452,0.113984,-0.0170434,0.0208333,0.3745813507789955
10475,0.229741,-0.0367439,0.0191667,0.6821287922664537
10476,0.229741,-0.0367439,0.0208333,0.6824486047790854
10499,0.246012,-0.0185182,0.0191667,0.7884629294689933
10500,0.246012,-0.0185182,0.0208333,0.7884307552939881
10523,0.143129,-0.0384596,0.0191667,0.6788531796122721
10524,0.143129,-0.0384596,0.0208333,0.6788236652317655
10547,0.143775,-0.0380211,0.0191667,0.6606168877939771
10548,0.143775,-0.0380211,0.0208333,0.660582882368996
10571,0.154478,-0.036008,0.0191667,0.3015045838618778
10572,0.154478,-0.036008,0.0208333,0.3015160059146112
10595,0.188774,-0.0184854,0.0191667,0.904988981552646
10596,0.188774,-0.0184854,0.0208333,0.9048988068020609
10619,0.18109,-0.033907,0.0191667,0.5201095039323521
10620,0.18109,-0.033907,0.0208333,0.5201970276237363
10643,0.283015,-0.0262215,0.0191667,0.2251694370118867
10644,0.283015,-0.0262215,0.0208333,0.16969148233488326
10667,0.160686,-0.0353563,0.0191667,0.11410001196041172
10668,0.160686,-0.0353563,0.0208333,0.11418790219251093
10691,0.123872,-0.0365515,0.0191667,0.7149183417516697
10692,0.123872,-0.0365515,0.0208333,0.7149036079003953
10715,0.18835,-0.0357995,0.0191667,0.547046087378043
10716,0.18835,-0.0357995,0.0208333,0.547184487326942
10739,0.256743,-0.0154556,0.0191667,0.7439944374403131
10740,0.256743,-0.0154556,0.0208333,0.743953574082986
10763,0.215629,-0.0358656,0.0191667,0.7235891936512872
10764,0.215629,-0.0358656,0.0208333,0.7237921264427952
10787,0.18263,-0.0364734,0.0191667,0.43203261409019805
10788,0.18263,-0.0364734,0.0208333,0.4321918334072708
10811,0.24734,-0.0303103,0.0191667,0.7542808223159704
10812,0.24734,-0.0303103,0.0208333,0.7542856834842867
10835,0.156349,-0.0202894,0.0191667,0.8290360230001951
10836,0.156349,-0.0202894,0.0208333,0.829028166981484
10859,0.124912,-0.0277567,0.0191667,0.06166499673573659
10860,0.124912,-0.0277567,0.0208333,0.06212646942280319
10883,0.189359,-0.0356088,0.0191667,0.5570144307120072
10884,0.189359,-0.0356088,0.0208333,0.5571512448730721
10907,0.287444,-0.0362715,0.0191667,0.21703456627092838
10908,0.287444,-0.0362715,0.0208333,0.25039160145959366
10931,0.199495,-0.0154059,0.0191667,0.8319191064938429
10932,0.199495,-0.0154059,0.0208333,0.8318223949287704
10955,0.283792,-0.0223513,0.0191667,0.40285675257341785
10956,0.283792,-0.0223513,0.0208333,0.37428110521864444
10979,0.273187,-0.0116141,0.0191667,0.7270452193537899
10980,0.273187,-0.0116141,0.0208333,0.7268177631897268
11003,0.28911,-0.0363074,0.0191667,0.21655679176366185
11004,0.28911,-0.0363074,0.0208333,0.24998785602528772
11027,0.144371,-0.0357419,0.0191667,0.4950935670640915
11028,0.144371,-0.0357419,0.0208333,0.4951600115840475
11051,0.202408,-0.0355435,0.0191667,0.6794094962579923
11052,0.202408,-0.0355435,0.0208333,0.6795685900595378
11075,0.17457,-0.0345719,0.0191667,0.3869293921563369
11076,0.17457,-0.0345719,0.0208333,0.38702376376560405
11099,0.231881,-0.0346806,0.0191667,0.7438052060690816
11100,0.231881,-0.0346806,0.0208333,0.7439825562840132
11123,0.151933,-0.0327227,0.0191667,0.21272222506816438
11124,0.151933,-0.0327227,0.0208333,0.21279485111339724
11147,0.142677,-0.0357413,0.0191667,0.521442117117338
11148,0.142677,-0.0357413,0.0208333,0.5215116650697313
11171,0.259594,-0.0355533,0.0191667,0.42271592145902676
11172,0.259594,-0.0355533,0.0208333,0.42280848727154247
11195,0.243754,-0.0335464,0.0191667,0.7011907201438106
11196,0.243754,-0.0335464,0.0208333,0.7013498517815002
11219,0.183572,-0.0340516,0.0191667,0.5535006633525257
11220,0.183572,-0.0340516,0.0208333,0.5535951861904536
11243,0.130033,-0.0357218,0.0191667,0.6800744377949568
11244,0.130033,-0.0357218,0.0208333,0.68010784468089
11267,0.15459,-0.0378449,0.0191667,0.3738220295015991
11268,0.15459,-0.0378449,0.0208333,0.37374428601789267
11291,0.187114,-0.0368579,0.0191667,0.48993668666069184
11292,0.187114,-0.0368579,0.0208333,0.4901165473243054
11315,0.222189,-0.036142,0.0191667,0.7228407944554139
11316,0.222189,-0.036142,0.0208333,0.7230717173734703
11339,0.187683,-0.0350978,0.0191667,0.5559348523756316
11340,0.187683,-0.0350978,0.0208333,0.5560547587210904
11363,0.166824,0.0309862,0.0191667,0.332693671684522
11364,0.166824,0.0309862,0.0208333,0.3318461985381211
11387,0.266782,-0.0354259,0.0191667,0.2677737270831662
11388,0.266782,-0.0354259,0.0208333,0.26254957389026573
11411,0.215796,-0.0348988,0.0191667,0.7596509834830358
11412,0.215796,-0.0348988,0.0208333,0.7597975984277009
11435,0.108696,0.00550196,0.0191667,1.1684711108914694
11436,0.108696,0.00550196,0.0208333,1.168461990967969
11459,0.172486,-0.0368147,0.0191667,0.24226766133836125
11460,0.172486,-0.0368147,0.0208333,0.24241095460692696
11483,0.137094,-0.0367865,0.0191667,0.686201364365311
11484,0.137094,-0.0367865,0.0208333,0.6862348977600469
11507,0.159854,-0.026568,0.0191667,0.6138438030835277
11508,0.159854,-0.026568,0.0208333,0.6138357755428037
11531,0.281886,-0.0319909,0.0191667,0.1352230662112792
11532,0.281886,-0.0319909,0.0208333,0.17609360402660854
11555,0.217091,-0.0333603,0.0191667,0.802511850212246
11556,0.217091,-0.0333603,0.0208333,0.8026083559268957
11579,0.122313,-0.0259457,0.0191667,0.03656047814763915
11580,0.122313,-0.0259457,0.0208333,0.0359382312973691
11603,0.193259,-0.0319038,0.0191667,0.7209174008221376
11604,0.193259,-0.0319038,0.0208333,0.7209825230754459
11627,0.25036,-0.0319248,0.0191667,0.6789810012904364
11628,0.25036,-0.0319248,0.0208333,0.6790784201584679
11651,0.267271,-0.0361875,0.0191667,0.14667414337806783
11652,0.267271,-0.0361875,0.0208333,0.12887373338675343
11675,0.262284,-0.0284479,0.0191667,0.6345655035008522
11676,0.262284,-0.0284479,0.0208333,0.6341355034746439
11699,0.205051,-0.0285779,0.0191667,0.8779980224961158
11700,0.205051,-0.0285779,0.0208333,0.8780019239215596
11723,0.218142,-0.0383478,0.0191667,0.6302852085891135
11724,0.218142,-0.0383478,0.0208333,0.6306756584176886
11747,0.228494,-0.0352,0.0191667,0.7340697260372525
11748,0.228494,-0.0352,0.0208333,0.7342773020189278
11771,0.227765,-0.0332851,0.0191667,0.7936138580835687
11772,0.227765,-0.0332851,0.0208333,0.7937189736693322
11795,0.170569,-0.0333049,0.0191667,0.3905252267503522
11796,0.170569,-0.0333049,0.0208333,0.39058217449367644
11819,0.233661,-0.0378327,0.0191667,0.6206442655085571
11820,0.233661,-0.0378327,0.0208333,0.6211202161782738
11843,0.1283,-0.0357732,0.0191667,0.6864945426147482
11844,0.1283,-0.0357732,0.0208333,0.6865168838772121
11867,0.1612,-0.0317133,0.0191667,0.31984745272302495
11868,0.1612,-0.0317133,0.0208333,0.3198814328903128
11891,0.218502,-0.0314528,0.0191667,0.8424545850758204
11892,0.218502,-0.0314528,0.0208333,0.8425090258927315
11915,0.265554,-0.0382193,0.0191667,0.06890817387168231
11916,0.265554,-0.0382193,0.0208333,0.048919904271676584
11939,0.163271,-0.0257993,0.0191667,0.6684049977119116
11940,0.163271,-0.0257993,0.0208333,0.6684096005368969
11963,0.109269,-0.0389937,0.0191667,0.3970810404712942
11964,0.109269,-0.0389937,0.0208333,0.39691200450643965
11987,0.276306,-0.0357848,0.0191667,0.1491335823547604
11988,0.276306,-0.0357848,0.0208333,0.176726366453955
12011,0.159142,-0.0156399,0.0191667,0.9877615944095428
12012,0.159142,-0.0156399,0.0208333,0.987754410781936
12035,0.206445,-0.0339522,0.0191667,0.7517492285786511
12036,0.206445,-0.0339522,0.0208333,0.7518614724863978
12059,0.270514,-0.0339649,0.0191667,0.2565844422933705
12060,0.270514,-0.0339649,0.0208333,0.23950221885613085
12083,0.216195,-0.0372057,0.0191667,0.6773919470286671
12084,0.216195,-0.0372057,0.0208333,0.6776792784283214
12107,0.10859,-0.0390203,0.0191667,0.3873791778569241
12108,0.10859,-0.0390203,0.0208333,0.3872051910670053
12131,0.122132,-0.0366363,0.0191667,0.7073352751266335
12132,0.122132,-0.0366363,0.0208333,0.7073046520394394
12155,0.271498,-0.036849,0.0191667,0.13313377068666687
12156,0.271498,-0.036849,0.0208333,0.14764164559652537
12179,0.213462,0.0308137,0.0191667,0.490292757085502
12180,0.213462,0.0308137,0.0208333,0.48979753248811736
12203,0.286489,0.0019248,0.0191667,0.7057910219749328
12204,0.286489,0.0019248,0.0208333,0.7058331570012533
12227,0.136902,-0.0358715,0.0191667,0.6179448263206485
12228,0.136902,-0.0358715,0.0208333,0.6180068202126737
12251,0.134364,0.0333978,0.0191667,0.3213207258888141
12252,0.134364,0.0333978,0.0208333,0.32036674453677005
12275,0.197235,-0.0362218,0.0191667,0.6184177119983935
12276,0.197235,-0.0362218,0.0208333,0.6185883371416583
12299,0.202195,-0.0378731,0.0191667,0.5918204851626983
12300,0.202195,-0.0378731,0.0208333,0.5921009005297385
12323,0.204819,-0.0363589,0.0191667,0.6646208428107415
12324,0.204819,-0.0363589,0.0208333,0.6648200417794277
12347,0.22678,-0.0349142,0.0191667,0.7487021455011629
12348,0.22678,-0.0349142,0.0208333,0.7488815262471626
12371,0.254517,-0.0362781,0.0191667,0.4791624044968528
12372,0.254517,-0.0362781,0.0208333,0.4795980772940457
12395,0.21732,-0.0362389,0.0191667,0.7154434828946222
12396,0.21732,-0.0362389,0.0208333,0.7156683847309405
12419,0.291894,-0.000781741,0.0191667,0.8891344230465099
12420,0.291894,-0.000781741,0.0208333,0.8882260929395088
12443,0.291102,-0.0381796,0.0191667,0.2402380760519864
12444,0.291102,-0.0381796,0.0208333,0.25542793295418964
12467,0.224224,-0.0299998,0.0191667,0.8597497786633211
12468,0.224224,-0.0299998,0.0208333,0.8597742364086316
12491,0.176164,-0.0353858,0.0191667,0.3728073934547148
12492,0.176164,-0.0353858,0.0208333,0.3729266102943411
12515,0.206865,-0.0350203,0.0191667,0.7211788760649193
12516,0.206865,-0.0350203,0.0208333,0.7213255948309907
12539,0.233539,-0.0353224,0.0191667,0.7172639044443108
12540,0.233539,-0.0353224,0.0208333,0.717489312968052
12563,0.169144,-0.0346962,0.0191667,0.2817253676174112
12564,0.169144,-0.0346962,0.0208333,0.2818197758555878
12587,0.130374,-0.0273292,0.0191667,0.09637913826902635
12588,0.130374,-0.0273292,0.0208333,0.09610488199260274
12611,0.160504,-0.0363239,0.0191667,0.11371613440051329
12612,0.160504,-0.0363239,0.0208333,0.11375281732970352
12635,0.171899,-0.0364149,0.0191667,0.2429407588766918
12636,0.171899,-0.0364149,0.0208333,0.24308058139853542
12659,0.233196,-0.0362597,0.0191667,0.6862289060526723
12660,0.233196,-0.0362597,0.0208333,0.6865272354158282
12683,0.156947,-0.0384095,0.0191667,0.29716656497190863
12684,0.156947,-0.0384095,0.0208333,0.29706194840508016
12707,0.111317,-0.0160149,0.0191667,0.3281035803274798
12708,0.111317,-0.0160149,0.0208333,0.32789642377063155
12731,0.228282,-0.036261,0.0191667,0.6990133914307655
12732,0.228282,-0.036261,0.0208333,0.6992960832722238
12755,0.112639,-0.0336491,0.0191667,0.48007233291770524
12756,0.112639,-0.0336491,0.0208333,0.48014966338071613
12779,0.286596,-0.036737,0.0191667,0.21922072855886598
12780,0.286596,-0.036737,0.0208333,0.24908534622054748
12803,0.162965,-0.0294458,0.0191667,0.48039924361223924
12804,0.162965,-0.0294458,0.0208333,0.48040519265438725
12827,0.220309,-0.0293828,0.0191667,0.874991121774742
12828,0.220309,-0.0293828,0.0208333,0.8750024639875792
12851,0.10692,-0.0290172,0.0191667,0.4092107366038511
12852,0.10692,-0.0290172,0.0208333,0.4092892879265403
12875,0.267363,-0.0376847,0.0191667,0.08782469081341306
12876,0.267363,-0.0376847,0.0208333,0.08452177463287434
12899,0.13533,-0.0361499,0.0191667,0.6557671402105304
12900,0.13533,-0.0361499,0.0208333,0.655812821065998
12923,0.124745,-0.0361288,0.0191667,0.7114178436487505
12924,0.124745,-0.0361288,0.0208333,0.7114129330445943
12947,0.271934,-0.0352828,0.0191667,0.09867678583309247
12948,0.271934,-0.0352828,0.0208333,0.09620310370492212
12971,0.144358,-0.0366838,0.0191667,0.5766825563597086
12972,0.144358,-0.0366838,0.0208333,0.5766969959077033
12995,0.167006,-0.0300019,0.0191667,0.48725316247508876
12996,0.167006,-0.0300019,0.0208333,0.4872752042273913
13019,0.117085,-0.0358184,0.0191667,0.6113885570586219
13020,0.117085,-0.0358184,0.0208333,0.6113737004270646
13043,0.16123,-0.0369235,0.0191667,0.11415305547622849
13044,0.16123,-0.0369235,0.0208333,0.11415820960337851
13067,0.214697,-0.0361862,0.0191667,0.7210345975351532
13068,0.214697,-0.0361862,0.0208333,0.7212377291828957
13091,0.208848,-0.0345536,0.0191667,0.7402322845773261
13092,0.208848,-0.0345536,0.0208333,0.740374719457232
13115,0.179156,-0.0390353,0.0191667,0.2646683700960878
13116,0.179156,-0.0390353,0.0208333,0.26498778024580394
13139,0.277461,-0.0301661,0.0191667,0.23196738174581788
13140,0.277461,-0.0301661,0.0208333,0.1879566998625215
13163,0.200469,-0.0371359,0.0191667,0.609841023109507
13164,0.200469,-0.0371359,0.0208333,0.6100637367681258
13187,0.174788,-0.0363432,0.0191667,0.30119975449631037
13188,0.174788,-0.0363432,0.0208333,0.30135142399792986
13211,0.265705,0.0329532,0.0191667,0.3535708552170023
13212,0.265705,0.0329532,0.0208333,0.3530288745057288
13235,0.252389,-0.0383464,0.0191667,0.4047675620907294
13236,0.252389,-0.0383464,0.0208333,0.4054969719226239
13259,0.272186,-0.0361948,0.0191667,0.137442568561927
13260,0.272186,-0.0361948,0.0208333,0.15347417324833518
13283,0.198165,-0.0228017,0.0191667,0.9157563972400568
13284,0.198165,-0.0228017,0.0208333,0.9157039687607562
13307,0.25539,-0.0228468,0.0191667,0.7693374701755126
13308,0.25539,-0.0228468,0.0208333,0.7692329772209565
13331,0.15201,-0.038291,0.0191667,0.4714586865618587
13332,0.15201,-0.038291,0.0208333,0.47137670067198156
13355,0.276578,-0.0365555,0.0191667,0.15030055572636483
13356,0.276578,-0.0365555,0.0208333,0.18466659876450559
13379,0.170388,0.031401,0.0191667,0.3383239343232045
13380,0.170388,0.031401,0.0208333,0.33749058117077
13403,0.111296,-0.0260998,0.0191667,0.27577320536909017
13404,0.111296,-0.0260998,0.0208333,0.2760051293037642
13427,0.248248,-0.0361637,0.0191667,0.5760406765896892
13428,0.248248,-0.0361637,0.0208333,0.5764562976505925
13451,0.163868,-0.0348134,0.0191667,0.17294128582059623
13452,0.163868,-0.0348134,0.0208333,0.17302999911861497
13475,0.117602,-0.0382863,0.0191667,0.6860426161882529
13476,0.117602,-0.0382863,0.0208333,0.6859493718599659
13499,0.271266,-0.0317668,0.0191667,0.38398203442948997
13500,0.271266,-0.0317668,0.0208333,0.3749769619509977
13523,0.107319,-0.0340437,0.0191667,0.41572086567855077
13524,0.107319,-0.0340437,0.0208333,0.41568204384089547
13547,0.201891,-0.0363594,0.0191667,0.6464066956787214
13548,0.201891,-0.0363594,0.0208333,0.6465927085285315
13571,0.164383,-0.0377308,0.0191667,0.05060261679347818
13572,0.164383,-0.0377308,0.0208333,0.05069239146842059
13595,0.113493,-0.034145,0.0191667,0.4949258868450483
13596,0.113493,-0.034145,0.0208333,0.4949962891435567
13619,0.109403,-0.0364123,0.0191667,0.4714229597870711
13620,0.109403,-0.0364123,0.0208333,0.47134554950376906
13643,0.15251,-0.0387501,0.0191667,0.459483944186078
13644,0.15251,-0.0387501,0.0208333,0.4593943452819619
13667,0.122974,-0.0361378,0.0191667,0.7044587332957908
13668,0.122974,-0.0361378,0.0208333,0.7044382896957834
13691,0.258996,-0.0364063,0.0191667,0.4058817601505783
13692,0.258996,-0.0364063,0.0208333,0.40611314493033396
13715,0.162155,-0.0366666,0.0191667,0.09183067992403246
13716,0.162155,-0.0366666,0.0208333,0.09190373751400158
13739,0.118038,-0.0377066,0.0191667,0.7033015304689141
13740,0.118038,-0.0377066,0.0208333,0.703227608282436
13763,0.166384,-0.032668,0.0191667,0.3391411467295442
13764,0.166384,-0.032668,0.0208333,0.33919830901537523
13787,0.105983,-0.0354177,0.0191667,0.3737614555823093
13788,0.105983,-0.0354177,0.0208333,0.3736424655607037
13811,0.177881,-0.0324151,0.0191667,0.5504987134156967
13812,0.177881,-0.0324151,0.0208333,0.5505559362325074
13835,0.235141,-0.0324314,0.0191667,0.7790793544249295
13836,0.235141,-0.0324314,0.0208333,0.7791724620775498
13859,0.106708,0.0034911,0.0191667,1.2271237911967605
13860,0.106708,0.0034911,0.0208333,1.22711442991838
13883,0.132893,-0.0361679,0.0191667,0.6768760895973678
13884,0.132893,-0.0361679,0.0208333,0.676912742218537
13907,0.213892,-0.0356338,0.0191667,0.7284844947355746
13908,0.213892,-0.0356338,0.0208333,0.728668446908147
13931,0.156154,-0.0363415,0.0191667,0.25634895314995315
13932,0.156154,-0.0363415,0.0208333,0.25634941536999084
13955,0.181814,-0.0365044,0.0191667,0.42548689215171187
13956,0.181814,-0.0365044,0.0208333,0.42564688695835
13979,0.105667,-0.0363486,0.0191667,0.3389915921209411
13980,0.105667,-0.0363486,0.0208333,0.3388201147239675
14003,0.293678,-0.0289416,0.0191667,0.17995478134753742
14004,0.293678,-0.0289416,0.0208333,0.23753479276335498
14027,0.215312,-0.0374898,0.0191667,0.6743527169664385
14028,0.215312,-0.0374898,0.0208333,0.6746380321775881
14051,0.130273,-0.030202,0.0191667,0.22611409479742653
14052,0.130273,-0.030202,0.0208333,0.2265938510402513
14075,0.175764,-0.0298356,0.0191667,0.6169650954566562
14076,0.175764,-0.0298356,0.0208333,0.6169887982216057
14099,0.23302,-0.0298559,0.0191667,0.8369732369996931
14100,0.23302,-0.0298559,0.0208333,0.8369918133491118
14123,0.274797,-0.0308604,0.0191667,0.3186077304848236
14124,0.274797,-0.0308604,0.0208333,0.29546630829290843
14147,0.186454,-0.0361851,0.0191667,0.49940975591016923
14148,0.186454,-0.0361851,0.0208333,0.4995633102061576
14171,0.127683,-0.0315001,0.0191667,0.3201452815720725
14172,0.127683,-0.0315001,0.0208333,0.32065006628961484
14195,0.240488,-0.0312405,0.0191667,0.7737088879654864
14196,0.240488,-0.0312405,0.0208333,0.7737666712091835
14219,0.283053,-0.0340472,0.0191667,0.1674145617605888
14220,0.283053,-0.0340472,0.0208333,0.20922688839747627
14243,0.282292,-0.0365503,0.0191667,0.2036552932563502
14244,0.282292,-0.0365503,0.0208333,0.23538188856596423
14267,0.246646,-0.0356436,0.0191667,0.6118297392998269
14268,0.246646,-0.0356436,0.0208333,0.612177017654455
14291,0.121272,-0.0362248,0.0191667,0.6945835790957557
14292,0.121272,-0.0362248,0.0208333,0.6945481489554531
14315,0.154662,-0.0350006,0.0191667,0.24710529192466693
14316,0.154662,-0.0350006,0.0208333,0.2471602562989751
14339,0.293212,-0.037803,0.0191667,0.23152468440660923
14340,0.293212,-0.037803,0.0208333,0.23892511391915772
14363,0.24435,-0.0377753,0.0191667,0.5427312177029611
14364,0.24435,-0.0377753,0.0208333,0.5433295572712977
14387,0.118525,-0.0350989,0.0191667,0.5985606804917882
14388,0.118525,-0.0350989,0.0208333,0.5985828871111286
14411,0.151807,-0.036101,0.0191667,0.3671985539637922
14412,0.151807,-0.036101,0.0208333,0.3672156547357294
14435,0.270603,-0.0367245,0.0191667,0.12364566642794239
14436,0.270603,-0.0367245,0.0208333,0.13699080703244287
14459,0.243761,-0.023898,0.0191667,0.8171799022189249
14460,0.243761,-0.023898,0.0208333,0.8171258737158027
14483,0.186557,-0.0239189,0.0191667,0.8902464730878329
14484,0.186557,-0.0239189,0.0208333,0.890220607953891
14507,0.205395,-0.0369047,0.0191667,0.6601890747980341
14508,0.205395,-0.0369047,0.0208333,0.6604051499198638
14531,0.215338,-0.0382152,0.0191667,0.6161139201537402
14532,0.215338,-0.0382152,0.0208333,0.6165206208249031
14555,0.286646,-0.0374565,0.0191667,0.23255925455603782
14556,0.286646,-0.0374565,0.0208333,0.25555724466565216
14579,0.143046,-0.0249006,0.0191667,0.4579774901827537
14580,0.143046,-0.0249006,0.0208333,0.45789215104050707
14603,0.210585,-0.0147067,0.0191667,0.8027969330864949
14604,0.210585,-0.0147067,0.0208333,0.8027657850482585
14627,0.17153,-0.0286764,0.0191667,0.6342725844672181
14628,0.17153,-0.0286764,0.0208333,0.634283264591542
14651,0.228793,-0.0286964,0.0191667,0.8632176899928456
14652,0.228793,-0.0286964,0.0208333,0.863218368493981
14675,0.246847,-0.0273409,0.0191667,0.7931224495840448
14676,0.246847,-0.0273409,0.0208333,0.7930858262249966
14699,0.185973,-0.0310212,0.0191667,0.6917750992343956
14700,0.185973,-0.0310212,0.0208333,0.6918189194314459
14723,0.141651,-0.0179378,0.0191667,0.803144739929192
14724,0.141651,-0.0179378,0.0208333,0.8030994906773616
14747,0.108838,-0.0325515,0.0191667,0.4223542356938808
14748,0.108838,-0.0325515,0.0208333,0.42240490429077276
14771,0.237948,-0.0378821,0.0191667,0.5923928941352573
14772,0.237948,-0.0378821,0.0208333,0.5929392787767426
14795,0.160484,0.0127353,0.0191667,0.05545239864782587
14796,0.160484,0.0127353,0.0208333,0.05569092111958645
14819,0.129228,-0.0370267,0.0191667,0.7607417824161486
14820,0.129228,-0.0370267,0.0208333,0.7607371652684682
14843,0.165472,-0.0344696,0.0191667,0.22529949902998594
14844,0.165472,-0.0344696,0.0208333,0.22538457790585736
14867,0.269488,-0.0295749,0.0191667,0.5192385611075125
14868,0.269488,-0.0295749,0.0208333,0.5165166387586634
14891,0.15683,0.0121435,0.0191667,0.11494742991424092
14892,0.15683,0.0121435,0.0208333,0.11529105414116744
14915,0.290868,-0.028612,0.0191667,0.18124725674231018
14916,0.290868,-0.028612,0.0208333,0.24032807016636654
14939,0.264129,-0.0391845,0.0191667,0.06101433667368678
14940,0.264129,-0.0391845,0.0208333,0.05794949134946398
14963,0.295891,-0.0376442,0.0191667,0.2005216234059559
14964,0.295891,-0.0376442,0.0208333,0.19142440750701045
14987,0.13641,-0.0372481,0.0191667,0.703499407238521
14988,0.13641,-0.0372481,0.0208333,0.7035322100054435
15011,0.284058,-0.016752,0.0191667,0.6020911104022048
15012,0.284058,-0.016752,0.0208333,0.5870511715993846
15035,0.193883,-0.0356596,0.0191667,0.6011554258062992
15036,0.193883,-0.0356596,0.0208333,0.6012991473613739
15059,0.14279,-0.0367108,0.0191667,0.6037890364120664
15060,0.14279,-0.0367108,0.0208333,0.6038105459861793
15083,0.200224,-0.0335237,0.0191667,0.7272401711682155
15084,0.200224,-0.0335237,0.0208333,0.7273345880726333
15107,0.257456,-0.0335092,0.0191667,0.5582435868483443
15108,0.257456,-0.0335092,0.0208333,0.5583230894164546
15131,0.251103,-0.0356992,0.0191667,0.5588959325387495
15132,0.251103,-0.0356992,0.0208333,0.559271811868005
15155,0.252641,-0.0364021,0.0191667,0.5064658515332113
15156,0.252641,-0.0364021,0.0208333,0.5069329314856967
15179,0.194462,-0.0363758,0.0191667,0.588997763294076
15180,0.194462,-0.0363758,0.0208333,0.5891659935985546
15203,0.165201,-0.0362228,0.0191667,0.09624746007858286
15204,0.165201,-0.0362228,0.0208333,0.09642492263492308
15227,0.186724,-0.0353238,0.0191667,0.5463584605492338
15228,0.186724,-0.0353238,0.0208333,0.5464811523361516
15251,0.116651,-0.0383528,0.0191667,0.6760854170997037
15252,0.116651,-0.0383528,0.0208333,0.6759865879976986
15275,0.148014,-0.0178716,0.0191667,0.9319166595709523
15276,0.148014,-0.0178716,0.0208333,0.9319286272066334
15299,0.163894,-0.0334151,0.0191667,0.27710274455967593
15300,0.163894,-0.0334151,0.0208333,0.27717708532886354
15323,0.271859,-0.037694,0.0191667,0.1337608755773152
15324,0.271859,-0.037694,0.0208333,0.15229851319973547
15347,0.192911,0.0361998,0.0191667,0.46619680386963536
15348,0.192911,0.0361998,0.0208333,0.46537926122466494
15371,0.17743,-0.0313389,0.0191667,0.5826457190079738
15372,0.17743,-0.0313389,0.0208333,0.5826834601627059
15395,0.234686,-0.0313585,0.0191667,0.8050473416102288
15396,0.234686,-0.0313585,0.0208333,0.8051029838546956
15419,0.183116,-0.031267,0.0191667,0.624806378725212
15420,0.183116,-0.031267,0.0208333,0.6248554063873161
15443,0.225297,-0.0341269,0.0191667,0.763269779718938
15444,0.225297,-0.0341269,0.0208333,0.7634233408128512
15467,0.2473,-0.0363524,0.0191667,0.5819639512105763
15468,0.2473,-0.0363524,0.0208333,0.5823846086557951
15491,0.116191,-0.0378647,0.0191667,0.6608963765516852
15492,0.116191,-0.0378647,0.0208333,0.6607988158540206
15515,0.183264,-0.0262945,0.0191667,0.8195218597124642
15516,0.183264,-0.0262945,0.0208333,0.8195249654665193
15539,0.240497,-0.0263011,0.0191667,0.8281800452706128
15540,0.240497,-0.0263011,0.0208333,0.828145321117066
15563,0.197229,-0.0344531,0.0191667,0.6789650730884054
15564,0.197229,-0.0344531,0.0208333,0.6790782280102362
15587,0.237808,-0.0286544,0.0191667,0.8250900848237738
15588,0.237808,-0.0286544,0.0208333,0.8250861092816223
15611,0.180559,-0.0286341,0.0191667,0.717506592291199
15612,0.180559,-0.0286341,0.0208333,0.717525164118936
15635,0.254457,-0.0344608,0.0191667,0.5569689280963027
15636,0.254457,-0.0344608,0.0208333,0.5572110259151577
15659,0.21458,-0.0370662,0.0191667,0.6772020785155306
15660,0.21458,-0.0370662,0.0208333,0.6774803083218018
15683,0.18805,-0.0366982,0.0191667,0.49981719332585245
15684,0.18805,-0.0366982,0.0208333,0.49999441193581445
15707,0.156483,-0.0354613,0.0191667,0.21484552227145723
15708,0.156483,-0.0354613,0.0208333,0.21488646059724717
15731,0.214749,-0.0309625,0.0191667,0.8481160679509533
15732,0.214749,-0.0309625,0.0208333,0.8481624551124182
15755,0.112843,-0.0317314,0.0191667,0.39251352589618776
15756,0.112843,-0.0317314,0.0208333,0.3927297564248274
15779,0.115101,-0.0301528,0.0191667,0.2886028238397324
15780,0.115101,-0.0301528,0.0208333,0.289031968277321
15803,0.209365,-0.0307623,0.0191667,0.8505828319708028
15804,0.209365,-0.0307623,0.0208333,0.8506168826061693
15827,0.159823,-0.0336014,0.0191667,0.1831763867167092
15828,0.159823,-0.0336014,0.0208333,0.18323489262590484
15851,0.195928,-0.0370588,0.0191667,0.5765153360225392
15852,0.195928,-0.0370588,0.0208333,0.5767226413523926
15875,0.211059,-0.0371647,0.0191667,0.6798751700059372
15876,0.211059,-0.0371647,0.0208333,0.6801214937579969
15899,0.117326,-0.0281902,0.0191667,0.17169713866126898
15900,0.117326,-0.0281902,0.0208333,0.17230171536713637
15923,0.195625,0.036253,0.0191667,0.4681427574884285
15924,0.195625,0.036253,0.0208333,0.46734955276877965
15947,0.176731,-0.0372164,0.0191667,0.3023178008498798
15948,0.176731,-0.0372164,0.0208333,0.30249052443854235
15971,0.2093,-0.0330972,0.0191667,0.7867568623953267
15972,0.2093,-0.0330972,0.0208333,0.7868464585448237
15995,0.251697,-0.036521,0.0191667,0.5131272408797655
15996,0.251697,-0.036521,0.0208333,0.5136065833947181
16019,0.164731,0.0333365,0.0191667,0.33756795966504044
16020,0.164731,0.0333365,0.0208333,0.3366470424853835
16043,0.215829,-0.0139671,0.0191667,0.7952009673948209
16044,0.215829,-0.0139671,0.0208333,0.7951877279760796
16067,0.12732,-0.017504,0.0191667,0.6298152677882123
16068,0.12732,-0.017504,0.0208333,0.629623647318175
16091,0.116709,-0.0101943,0.0191667,0.9494209494227944
16092,0.116709,-0.0101943,0.0208333,0.9493880319832155
16115,0.148182,-0.0273987,0.0191667,0.40461277299375487
16116,0.148182,-0.0273987,0.0208333,0.40457023207313225
16139,0.262511,-0.0358586,0.0191667,0.3412356086691569
16140,0.262511,-0.0358586,0.0208333,0.34055509674608364
16163,0.195395,-0.0363077,0.0191667,0.5954855591013603
16164,0.195395,-0.0363077,0.0208333,0.5956535736684002
16187,0.297169,-0.0367704,0.0191667,0.17499364663235634
16188,0.297169,-0.0367704,0.0208333,0.15693323765375516
16211,0.249892,-0.0255141,0.0191667,0.7865875618799884
16212,0.249892,-0.0255141,0.0208333,0.786518632555149
16235,0.192709,-0.025553,0.0191667,0.8868278820665453
16236,0.192709,-0.025553,0.0208333,0.8868127852363709
16259,0.157054,-0.0226398,0.0191667,0.7931328263360733
16260,0.157054,-0.0226398,0.0208333,0.7931243335773334
16283,0.294858,-0.0155635,0.0191667,0.4400496111533903
16284,0.294858,-0.0155635,0.0208333,0.46400627695062485
16307,0.201931,-0.0346299,0.0191667,0.7064707694323922
16308,0.201931,-0.0346299,0.0208333,0.7065933097161667
16331,0.259149,-0.0346208,0.0191667,0.4904236952782809
16332,0.259149,-0.0346208,0.0208333,0.4904889970043483
16355,0.108298,-0.0374646,0.0191667,0.42431363038422415
16356,0.108298,-0.0374646,0.0208333,0.42417340563147155
16379,0.19726,-0.0378235,0.0191667,0.5591751252330913
16380,0.19726,-0.0378235,0.0208333,0.5594341239356436
16403,0.266157,-0.037817,0.0191667,0.06278992842080647
16404,0.266157,-0.037817,0.0208333,0.040887817481383135
16427,0.183108,-0.0370978,0.0191667,0.4234641266040447
16428,0.183108,-0.0370978,0.0208333,0.42364652071153713
16451,0.279439,-0.0194873,0.0191667,0.6189724449001668
16452,0.279439,-0.0194873,0.0208333,0.613279245227857
16475,0.21851,0.0335023,0.0191667,0.5338184510003993
16476,0.21851,0.0335023,0.0208333,0.5332609639332256
16499,0.286935,-0.0254397,0.0191667,0.15304388043918024
16500,0.286935,-0.0254397,0.0208333,0.1612809428500776
16523,0.264189,-0.0286008,0.0191667,0.6279231110753037
16524,0.264189,-0.0286008,0.0208333,0.627356260000046
16547,0.206973,-0.0286846,0.0191667,0.8807590427438413
16548,0.206973,-0.0286846,0.0208333,0.8807635733729813
16571,0.177708,-0.0360824,0.0191667,0.3714199932949781
16572,0.177708,-0.0360824,0.0208333,0.3715568635714507
16595,0.276634,-0.0114072,0.0191667,0.7333505736712287
16596,0.276634,-0.0114072,0.0208333,0.7330311875793614
16619,0.118009,-0.0358063,0.0191667,0.6213528868918021
16620,0.118009,-0.0358063,0.0208333,0.621344285361444
16643,0.132529,-0.0297694,0.0191667,0.18776556798386357
16644,0.132529,-0.0297694,0.0208333,0.18822610018115152
16667,0.127578,-0.0362524,0.0191667,0.6986946390819668
16668,0.127578,-0.0362524,0.0208333,0.698709670152567
16691,0.235035,-0.0359674,0.0191667,0.6912402389642756
16692,0.235035,-0.0359674,0.0208333,0.6915220686655059
16715,0.120125,-0.0261891,0.0191667,0.05340128816766127
16716,0.120125,-0.0261891,0.0208333,0.053659359197684234
16739,0.165144,-0.0377577,0.0191667,0.040780737830364226
16740,0.165144,-0.0377577,0.0208333,0.0409552232539697
16763,0.245709,-0.035847,0.0191667,0.617218258026731
16764,0.245709,-0.035847,0.0208333,0.6175691943276277
16787,0.141673,-0.0384054,0.0191667,0.6986740504136715
16788,0.141673,-0.0384054,0.0208333,0.6986538171672949
16811,0.261929,-0.0366068,0.0191667,0.32954776647769896
16812,0.261929,-0.0366068,0.0208333,0.3291425868177353
16835,0.255477,-0.0124318,0.0191667,0.7103773932794568
16836,0.255477,-0.0124318,0.0208333,0.7104059008683231
16859,0.219048,-0.0335329,0.0191667,0.8008307598717929
16860,0.219048,-0.0335329,0.0208333,0.8009287061345604
16883,0.21733,-0.0288935,0.0191667,0.8855471146412454
16884,0.21733,-0.0288935,0.0208333,0.8855461290224268
16907,0.213834,-0.0386096,0.0191667,0.6017165573728301
16908,0.213834,-0.0386096,0.0208333,0.6021233293130719
16931,0.282149,-0.0383541,0.0191667,0.21119945354486597
16932,0.282149,-0.0383541,0.0208333,0.2398162216387582
16955,0.158778,-0.0332569,0.0191667,0.2067071628365527
16956,0.158778,-0.0332569,0.0208333,0.2067515031243806
16979,0.19822,-0.0123799,0.0191667,0.7743198477235721
16980,0.19822,-0.0123799,0.0208333,0.7742270131789842
17003,0.280691,-0.0367357,0.0191667,0.188111007534833
17004,0.280691,-0.0367357,0.0208333,0.22449033239925947
17027,0.104048,-0.0358267,0.0191667,0.2953652333255053
17028,0.104048,-0.0358267,0.0208333,0.2951720201150211
17051,0.169685,-0.030951,0.0191667,0.49192285508045236
17052,0.169685,-0.030951,0.0208333,0.49195341606722204
17075,0.113558,-0.0367936,0.0191667,0.581820356308196
17076,0.113558,-0.0367936,0.0208333,0.5817515743043506
17099,0.13219,-0.0379694,0.0191667,0.7859102515239859
17100,0.13219,-0.0379694,0.0208333,0.7858985698977374
17123,0.170954,-0.0376164,0.0191667,0.16566541830504156
17124,0.170954,-0.0376164,0.0208333,0.1658689931227666
17147,0.1165,-0.0350132,0.0191667,0.5660286938633887
17148,0.1165,-0.0350132,0.0208333,0.5660580223932581
17171,0.147441,-0.0357314,0.0191667,0.4371752056927808
17172,0.147441,-0.0357314,0.0208333,0.4372206770142396
17195,0.295267,-0.0363283,0.0191667,0.18088486400634965
17196,0.295267,-0.0363283,0.0208333,0.20123535607395138
17219,0.104707,-0.0364657,0.0191667,0.30423100820495713
17220,0.104707,-0.0364657,0.0208333,0.304032580869259
17243,0.203411,-0.0356359,0.0191667,0.6836798520390176
17244,0.203411,-0.0356359,0.0208333,0.6838386810945206
17267,0.245448,-0.0367234,0.0191667,0.5855296784939278
17268,0.245448,-0.0367234,0.0208333,0.585989056504043
17291,0.278366,-0.023605,0.0191667,0.5360072589921241
17292,0.278366,-0.023605,0.0208333,0.5283570938278864
17315,0.260597,-0.0356428,0.0191667,0.41633164721931193
17316,0.260597,-0.0356428,0.0208333,0.41629656918762387
17339,0.156086,0.00926968,0.0191667,0.36129869730034303
17340,0.156086,0.00926968,0.0208333,0.3612970553201584
17363,0.12546,0.0307164,0.0191667,0.3105404255645183
17364,0.12546,0.0307164,0.0208333,0.30966973813261334
17387,0.135111,-0.0298745,0.0191667,0.17128903957942
17388,0.135111,-0.0298745,0.0208333,0.1716943225714668
17411,0.195791,-0.0354682,0.0191667,0.6322250886077398
17412,0.195791,-0.0354682,0.0208333,0.6323642287583537
17435,0.253019,-0.0354616,0.0191667,0.5385190690629575
17436,0.253019,-0.0354616,0.0208333,0.538874739550111
17459,0.211689,-0.036781,0.0191667,0.6828690449026823
17460,0.211689,-0.036781,0.0208333,0.6831151182998062
17483,0.243898,-0.0362851,0.0191667,0.6180042958257038
17484,0.243898,-0.0362851,0.0208333,0.6183946696330029
17507,0.164909,-0.0139296,0.0191667,0.9742528315507621
17508,0.164909,-0.0139296,0.0208333,0.9742241761907091
17531,0.146144,-0.0204949,0.0191667,0.7325215304485064
17532,0.146144,-0.0204949,0.0208333,0.7324607658450125
17555,0.25301,-0.0379247,0.0191667,0.40047241365853153
17556,0.25301,-0.0379247,0.0208333,0.4011828804504921
17579,0.192924,-0.0357981,0.0191667,0.5936955045271025
17580,0.192924,-0.0357981,0.0208333,0.5938396194042728
17603,0.248031,-0.0317253,0.0191667,0.7012364609528503
17604,0.248031,-0.0317253,0.0208333,0.7013305704104813
17627,0.192592,-0.0366575,0.0191667,0.5541845842324424
17628,0.192592,-0.0366575,0.0208333,0.5543637119912296
17651,0.29017,-0.0240777,0.0191667,0.18309902816686388
17652,0.29017,-0.0240777,0.0208333,0.2205043678338595
17675,0.266944,-0.0382581,0.0191667,0.0877811895210221
17676,0.266944,-0.0382581,0.0208333,0.08159701215885604
17699,0.2529,-0.0274805,0.0191667,0.7497800745020393
17700,0.2529,-0.0274805,0.0208333,0.7497103234796181
17723,0.19569,-0.0274814,0.0191667,0.8636661587469119
17724,0.19569,-0.0274814,0.0208333,0.8636688688549116
17747,0.151693,-0.036985,0.0191667,0.428987116276836
17748,0.151693,-0.036985,0.0208333,0.4289519470389066
17771,0.250146,-0.0358377,0.0191667,0.5653177049363449
17772,0.250146,-0.0358377,0.0208333,0.5657025806887557
17795,0.249813,-0.0366997,0.0191667,0.5320895503365659
17796,0.249813,-0.0366997,0.0208333,0.5325890560335098
17819,0.248159,-0.0289151,0.0191667,0.7567434169938453
17820,0.248159,-0.0289151,0.0208333,0.756728876631356
17843,0.198266,-0.0293607,0.0191667,0.8359844819026526
17844,0.198266,-0.0293607,0.0208333,0.8360067970659618
17867,0.255496,-0.0293605,0.0191667,0.6969466599244899
17868,0.255496,-0.0293605,0.0208333,0.6968792129456127
17891,0.21306,-0.0360095,0.0191667,0.7245591338616044
17892,0.21306,-0.0360095,0.0208333,0.7247452639047579
17915,0.247322,-0.0155786,0.0191667,0.7550717809006426
17916,0.247322,-0.0155786,0.0208333,0.7550680330581678
17939,0.122315,-0.0296135,0.0191667,0.2297506051275437
17940,0.122315,-0.0296135,0.0208333,0.2303689482134222
17963,0.162118,-0.0135217,0.0191667,0.982945355145557
17964,0.162118,-0.0135217,0.0208333,0.982919834493682
17987,0.298465,-0.0298623,0.0191667,0.23323138927410692
17988,0.298465,-0.0298623,0.0208333,0.1775914292420949
18011,0.12692,-0.0254213,0.0191667,0.1385228230704778
18012,0.12692,-0.0254213,0.0208333,0.1378629532007022
18035,0.190085,-0.015543,0.0191667,0.8483102833628564
18036,0.190085,-0.015543,0.0208333,0.8481846350132097
18059,0.226959,-0.0309699,0.0191667,0.8416621185835382
18060,0.226959,-0.0309699,0.0208333,0.8417036042592785
18083,0.185313,-0.0295571,0.0191667,0.7257200523494248
18084,0.185313,-0.0295571,0.0208333,0.7257467526360968
18107,0.24264,-0.0294286,0.0191667,0.7965201342153881
18108,0.24264,-0.0294286,0.0208333,0.7965186986157997
18131,0.29183,-0.0366799,0.0191667,0.21283969900939534
18132,0.29183,-0.0366799,0.0208333,0.24285143934555958
18155,0.130414,-0.0232789,0.0191667,0.3081369096679358
18156,0.130414,-0.0232789,0.0208333,0.3077133048193666
18179,0.205163,-0.0314051,0.0191667,0.819377102363877
18180,0.205163,-0.0314051,0.0208333,0.8194282279720153
18203,0.118052,-0.0202489,0.0191667,0.26819085841981716
18204,0.118052,-0.0202489,0.0208333,0.2678939603799981
18227,0.213462,-0.0380438,0.0191667,0.6395180565688675
18228,0.213462,-0.0380438,0.0208333,0.6398605608324367
18251,0.23929,-0.0369332,0.0191667,0.646169518458745
18252,0.23929,-0.0369332,0.0208333,0.6465413244691585
18275,0.278678,-0.0376694,0.0191667,0.16954168687276178
18276,0.278678,-0.0376694,0.0208333,0.20899692707770512
18299,0.139547,-0.0342791,0.0191667,0.4650197045570714
18300,0.139547,-0.0342791,0.0208333,0.4651524528474547
18323,0.204499,-0.03338,0.0191667,0.7554158766679664
18324,0.204499,-0.03338,0.0208333,0.7555187827262129
18347,0.273829,-0.0357831,0.0191667,0.14824055696863123
18348,0.273829,-0.0357831,0.0208333,0.1676581268690844
18371,0.134117,-0.020599,0.0191667,0.5726712472970596
18372,0.134117,-0.020599,0.0208333,0.5725175737402474
18395,0.292512,-0.0277823,0.0191667,0.18532271131083744
18396,0.292512,-0.0277823,0.0208333,0.24263616778264943
18419,0.260989,-0.0365234,0.0191667,0.3358366066249479
18420,0.260989,-0.0365234,0.0208333,0.3356640800402064
18443,0.147026,-0.0282393,0.0191667,0.267885868644645
18444,0.147026,-0.0282393,0.0208333,0.2679405621147862
18467,0.246089,-0.0373592,0.0191667,0.5513300750885466
18468,0.246089,-0.0373592,0.0208333,0.5518744224039936
18491,0.208432,-0.0334425,0.0191667,0.7817974159987067
18492,0.208432,-0.0334425,0.0208333,0.7818905066081863
18515,0.240277,-0.0343664,0.0191667,0.6957286579545394
18516,0.240277,-0.0343664,0.0208333,0.6959464566194592
18539,0.143976,-0.00763414,0.0191667,1.1149814228729304
18540,0.143976,-0.00763414,0.0208333,1.1149870504068926
18563,0.244559,-0.0369189,0.0191667,0.5900930391041023
18564,0.244559,-0.0369189,0.0208333,0.5905550526819418
18587,0.122916,-0.0351829,0.0191667,0.6219675126852079
18588,0.122916,-0.0351829,0.0208333,0.6220047180434184
18611,0.132411,-0.00766552,0.0191667,1.1787834363678735
18612,0.132411,-0.00766552,0.0208333,1.1787981442063387
18635,0.260422,-0.0372067,0.0191667,0.3248764188058591
18636,0.260422,-0.0372067,0.0208333,0.32489272873930575
18659,0.131752,-0.0346837,0.0191667,0.576960281902427
18660,0.131752,-0.0346837,0.0208333,0.5770967222321948
18683,0.129966,-0.034708,0.0191667,0.5911977258909974
18684,0.129966,-0.034708,0.0208333,0.5913199443856536
18707,0.25167,-0.0381588,0.0191667,0.4124624195474261
18708,0.25167,-0.0381588,0.0208333,0.4131953698242492
18731,0.290025,-0.0349018,0.0191667,0.18764820064658227
18732,0.290025,-0.0349018,0.0208333,0.24087772440748853
18755,0.121215,-0.0352833,0.0191667,0.6202728162120144
18756,0.121215,-0.0352833,0.0208333,0.6202987795425685
18779,0.196803,-0.0370361,0.0191667,0.582120556910465
18780,0.196803,-0.0370361,0.0208333,0.5823266642453958
18803,0.240618,-0.038532,0.0191667,0.5281759574462577
18804,0.240618,-0.038532,0.0208333,0.5288237384030293
18827,0.209716,-0.0342084,0.0191667,0.7561790386580599
18828,0.209716,-0.0342084,0.0208333,0.7563044388402873
18851,0.133713,-0.0346629,0.0191667,0.5594357416937846
18852,0.133713,-0.0346629,0.0208333,0.5595780951623168
18875,0.124686,-0.0351603,0.0191667,0.6225635605036666
18876,0.124686,-0.0351603,0.0208333,0.6226142015075404
18899,0.128221,-0.0348158,0.0191667,0.6056484902335203
18900,0.128221,-0.0348158,0.0208333,0.605746870380452
18923,0.250375,-0.0374251,0.0191667,0.4881260804333365
18924,0.250375,-0.0374251,0.0208333,0.4887251590337488
18947,0.128545,-0.0381907,0.0191667,0.7849962581489186
18948,0.128545,-0.0381907,0.0208333,0.7849753026060516
18971,0.137584,-0.0343045,0.0191667,0.49549789415950807
18972,0.137584,-0.0343045,0.0208333,0.4956454686779335
18995,0.135699,-0.0344712,0.0191667,0.5326472533273358
18996,0.135699,-0.0344712,0.0208333,0.5327915343750927
19019,0.2199,-0.0356216,0.0191667,0.731048141247681
19020,0.2199,-0.0356216,0.0208333,0.7312560798547395
19043,0.126464,-0.0350244,0.0191667,0.6228429818587028
19044,0.126464,-0.0350244,0.0208333,0.6229032220313651
19067,0.173507,-0.0385724,0.0191667,0.19555493356105746
19068,0.173507,-0.0385724,0.0208333,0.19579776751388792
19091,0.125137,-0.0376943,0.0191667,0.7658395445939379
19092,0.125137,-0.0376943,0.0208333,0.7658035264711125
19115,0.110942,-0.0329706,0.0191667,0.44212189498692467
19116,0.110942,-0.0329706,0.0208333,0.4422045771157961
19139,0.237242,-0.0383264,0.0191667,0.5939826344010706
19140,0.237242,-0.0383264,0.0208333,0.5945303157435642
19163,0.255922,-0.0369449,0.0191667,0.43554488003316033
19164,0.255922,-0.0369449,0.0208333,0.4360198316561854
19187,0.118427,-0.0127514,0.0191667,0.8829792505150984
19188,0.118427,-0.0127514,0.0208333,0.882878902165455
19211,0.165551,-0.0369949,0.0191667,0.06610469428544466
19212,0.165551,-0.0369949,0.0208333,0.06632578364512552
19235,0.267193,-0.034441,0.0191667,0.32315445375963797
19236,0.267193,-0.034441,0.0208333,0.3190382438580052
19259,0.20617,-0.035607,0.0191667,0.7063561752630032
19260,0.20617,-0.035607,0.0208333,0.7065120230901496
19283,0.278987,-0.0362381,0.0191667,0.1614024257469509
19284,0.278987,-0.0362381,0.0208333,0.19980643008321855
19307,0.147286,-0.0226929,0.0191667,0.7008160941455315
19308,0.147286,-0.0226929,0.0208333,0.7007537607070706
19331,0.222932,-0.0141368,0.0191667,0.7668900714766981
19332,0.222932,-0.0141368,0.0208333,0.7669205679358571
19355,0.263698,-0.0368345,0.0191667,0.2243901170308755
19356,0.263698,-0.0368345,0.0208333,0.2217050512558027
19379,0.218975,-0.0281785,0.0191667,0.8865804556303658
19380,0.218975,-0.0281785,0.0208333,0.8865771327569525
19403,0.173867,-0.0336377,0.0191667,0.40572789772268275
19404,0.173867,-0.0336377,0.0208333,0.4057999949713653
19427,0.263401,-0.0359965,0.0191667,0.33676424659996196
19428,0.263401,-0.0359965,0.0208333,0.3357618861203994
19451,0.231121,-0.0337445,0.0191667,0.7642737027525716
19452,0.231121,-0.0337445,0.0208333,0.7644142635422299
19475,0.146621,-0.0147355,0.0191667,1.0099978710757416
19476,0.146621,-0.0147355,0.0208333,1.0100093715507577
19499,0.139441,-0.0371569,0.0191667,0.6638175303754734
19500,0.139441,-0.0371569,0.0208333,0.6638514593741844
19523,0.138514,-0.0180837,0.0191667,0.8313834848158738
19524,0.138514,-0.0180837,0.0208333,0.8313421782705475
19547,0.174397,-0.0371696,0.0191667,0.25756983510943204
19548,0.174397,-0.0371696,0.0208333,0.2577322163181196
19571,0.239498,-0.0317733,0.0191667,0.7769183879947015
19572,0.239498,-0.0317733,0.0208333,0.7769831963454071
19595,0.296815,-0.0360796,0.0191667,0.1734342746680713
19596,0.296815,-0.0360796,0.0208333,0.17033670285540342
19619,0.137875,-0.0228009,0.0191667,0.49959504510954056
19620,0.137875,-0.0228009,0.0208333,0.49944060832752907
19643,0.228909,-0.0369405,0.0191667,0.6842714577571055
19644,0.228909,-0.0369405,0.0208333,0.6845895132478583
19667,0.259433,-0.037179,0.0191667,0.33503941265267584
19668,0.259433,-0.037179,0.0208333,0.33521880291784406
19691,0.285638,-0.0363933,0.0191667,0.2143531692369861
19692,0.285638,-0.0363933,0.0208333,0.24530316650204498
19715,0.108108,-0.0382592,0.0191667,0.3737018091202344
19716,0.108108,-0.0382592,0.0208333,0.3735224416858109
19739,0.109099,-0.0372769,0.0191667,0.449438974138428
19740,0.109099,-0.0372769,0.0208333,0.4493057141568605
19763,0.128378,-0.0374329,0.0191667,0.7677929782663423
19764,0.128378,-0.0374329,0.0208333,0.767781404976266
19787,0.112227,-0.0327785,0.0191667,0.445258967566285
19788,0.112227,-0.0327785,0.0208333,0.445369683284747
19811,0.247004,-0.0371916,0.0191667,0.5451905635365041
19812,0.247004,-0.0371916,0.0208333,0.5457341876223317
19835,0.243438,-0.0380952,0.0191667,0.547275260477479
19836,0.243438,-0.0380952,0.0208333,0.5478719496767309
19859,0.129487,-0.0383804,0.0191667,0.7834004711575983
19860,0.129487,-0.0383804,0.0208333,0.7833822031468803
19883,0.151112,-0.0384935,0.0191667,0.49867750462602584
19884,0.151112,-0.0384935,0.0208333,0.49860136573839664
19907,0.142319,-0.0380132,0.0191667,0.6849577215686146
19908,0.142319,-0.0380132,0.0208333,0.6849318645253853
19931,0.15888,-0.0253996,0.0191667,0.6369366357763486
19932,0.15888,-0.0253996,0.0208333,0.6369302428753854
19955,0.149559,-0.0325934,0.0191667,0.21646263328664597
19956,0.149559,-0.0325934,0.0208333,0.21655420043959453
19979,0.237952,-0.0370972,0.0191667,0.646619193976358
19980,0.237952,-0.0370972,0.0208333,0.6470046559831881
20003,0.233832,-0.0369573,0.0191667,0.66617438791151
20004,0.233832,-0.0369573,0.0208333,0.6665275832995868
20027,0.238665,-0.0366213,0.0191667,0.650504245249634
20028,0.238665,-0.0366213,0.0208333,0.6508699299906331
20051,0.127651,-0.0371066,0.0191667,0.7645909915267705
20052,0.127651,-0.0371066,0.0208333,0.7645752409383414
20075,0.254407,-0.0378565,0.0191667,0.38671969914560805
20076,0.254407,-0.0378565,0.0208333,0.38741370588429525
20099,0.179188,-0.0366376,0.0191667,0.3725192228693414
20100,0.179188,-0.0366376,0.0208333,0.3726777480159319
20123,0.163871,-0.0383166,0.0191667,0.07087906964609793
20124,0.163871,-0.0383166,0.0208333,0.0708475194305884
20147,0.236523,-0.0366498,0.0191667,0.6609690589622779
20148,0.236523,-0.0366498,0.0208333,0.6613205550713599
20171,0.260634,-0.0380155,0.0191667,0.22136867009730624
20172,0.260634,-0.0380155,0.0208333,0.22103602130169211
20195,0.202425,-0.0370881,0.0191667,0.6306149528970978
20196,0.202425,-0.0370881,0.0208333,0.6308391929132688
20219,0.289198,-0.0133807,0.0191667,0.6216582517778075
20220,0.289198,-0.0133807,0.0208333,0.5841084226776395
20243,0.261474,-0.0296506,0.0191667,0.6281500430542053
20244,0.261474,-0.0296506,0.0208333,0.6278519330200458
20267,0.177516,-0.0382306,0.0191667,0.283046994273147
20268,0.177516,-0.0382306,0.0208333,0.2832573202498818
20291,0.223687,-0.0365946,0.0191667,0.7025762760161033
20292,0.223687,-0.0365946,0.0208333,0.702852834634203
20315,0.220483,-0.0135289,0.0191667,0.7659184996551865
20316,0.220483,-0.0135289,0.0208333,0.7659445584305985
20339,0.167757,-0.0379104,0.0191667,0.0733501968140945
20340,0.167757,-0.0379104,0.0208333,0.0736148296671941
20363,0.241538,-0.0384706,0.0191667,0.5209683109692951
20364,0.241538,-0.0384706,0.0208333,0.5216336418714532
20387,0.245307,-0.0280362,0.0191667,0.7956256954178642
20388,0.245307,-0.0280362,0.0208333,0.7955958974885363
20411,0.274714,-0.0361197,0.0191667,0.1516008857883423
20412,0.274714,-0.0361197,0.0208333,0.17336966579393295
20435,0.288279,-0.0366882,0.0191667,0.2197530099568377
20436,0.288279,-0.0366882,0.0208333,0.2511793672123767
20459,0.173215,-0.0379496,0.0191667,0.20643079539002895
20460,0.173215,-0.0379496,0.0208333,0.20662351527876394
20483,0.153601,-0.0145579,0.0191667,1.0282238776809935
20484,0.153601,-0.0145579,0.0208333,1.0282249704446602
20507,0.147236,-0.0324788,0.0191667,0.22293022307459495
20508,0.147236,-0.0324788,0.0208333,0.22308756456952974
20531,0.118064,-0.0342446,0.0191667,0.5463675764160341
20532,0.118064,-0.0342446,0.0208333,0.5464658200480011
20555,0.267879,-0.0144387,0.0191667,0.7300693211761801
20556,0.267879,-0.0144387,0.0208333,0.7299533935594057
20579,0.251303,-0.0373848,0.0191667,0.48068099819064297
20580,0.251303,-0.0373848,0.0208333,0.4812756521327451
20603,0.142627,-0.0322687,0.0191667,0.27989828953513024
20604,0.142627,-0.0322687,0.0208333,0.2800662030406955
20627,0.292373,-0.0194396,0.0191667,0.31026340912523026
20628,0.292373,-0.0194396,0.0208333,0.31021820499527425
20651,0.122194,-0.0373477,0.0191667,0.7486164336807067
20652,0.122194,-0.0373477,0.0208333,0.7485711615877344
20675,0.144895,-0.0324107,0.0191667,0.25437208427595154
20676,0.144895,-0.0324107,0.0208333,0.2545214807000165
20699,0.141846,-0.00915582,0.0191667,1.138348193508062
20700,0.141846,-0.00915582,0.0208333,1.1383725498339559
20723,0.177418,0.031612,0.0191667,0.36224086005301626
20724,0.177418,0.031612,0.0208333,0.3614810507306281
20747,0.163111,-0.033959,0.0191667,0.19993099905345843
20748,0.163111,-0.033959,0.0208333,0.20000609056621976
20771,0.284522,-0.031806,0.0191667,0.15156200456740468
20772,0.284522,-0.031806,0.0208333,0.2030951194460615
20795,0.104326,-0.0317575,0.0191667,0.3971540098891392
20796,0.104326,-0.0317575,0.0208333,0.3970647689405245
20819,0.273104,-0.036392,0.0191667,0.14606598425232345
20820,0.273104,-0.036392,0.0208333,0.16420665766420678
20843,0.238209,-0.0339659,0.0191667,0.7300586001533914
20844,0.238209,-0.0339659,0.0208333,0.730220104896682
20867,0.104047,-0.0288507,0.0191667,0.4446326263158479
20868,0.104047,-0.0288507,0.0208333,0.4445937952921201
20891,0.156819,-0.0369744,0.0191667,0.25539365570557937
20892,0.156819,-0.0369744,0.0208333,0.25536506542586357
20915,0.24024,-0.0379662,0.0191667,0.5812928547126593
20916,0.24024,-0.0379662,0.0208333,0.5818552390981485
20939,0.174831,-0.0379153,0.0191667,0.2461300420040067
20940,0.174831,-0.0379153,0.0208333,0.24632735719633012
20963,0.232916,-0.0344832,0.0191667,0.7415863717357345
20964,0.232916,-0.0344832,0.0208333,0.7417615267058993
20987,0.175592,-0.0344516,0.0191667,0.3970976532460149
20988,0.175592,-0.0344516,0.0208333,0.3971904791703868
21011,0.185569,-0.0363468,0.0191667,0.48832169795532787
21012,0.185569,-0.0363468,0.0208333,0.4884777750535736
21035,0.243424,-0.0308454,0.0191667,0.7651287849267453
21036,0.243424,-0.0308454,0.0208333,0.7651658975125473
21059,0.227911,0.0315857,0.0191667,0.5173972649262012
21060,0.227911,0.0315857,0.0208333,0.5169074912275202
21083,0.223072,-0.03589,0.0191667,0.7236346938154574
21084,0.223072,-0.03589,0.0208333,0.7238635964402472
21107,0.185505,-0.018877,0.0191667,0.9013776645345047
21108,0.185505,-0.018877,0.0208333,0.9012905079627531
21131,0.242746,-0.0189073,0.0191667,0.7964429863773291
21132,0.242746,-0.0189073,0.0208333,0.7964141779361047
21155,0.298463,0.000575019,0.0191667,1.1313857270095111
21156,0.298463,0.000575019,0.0208333,1.1181248632081526
21179,0.186877,-0.0375187,0.0191667,0.4572249644822146
21180,0.186877,-0.0375187,0.0208333,0.4574405939427511
21203,0.264071,-0.038407,0.0191667,0.08985118526953331
21204,0.264071,-0.038407,0.0208333,0.08033195616876262
21227,0.286984,-0.0315156,0.0191667,0.16993292128231097
21228,0.286984,-0.0315156,0.0208333,0.22689202645870146
21251,0.240326,-0.0334176,0.0191667,0.7316569077940344
21252,0.240326,-0.0334176,0.0208333,0.7317952077685013
21275,0.289489,-0.0313912,0.0191667,0.17630567690436091
21276,0.289489,-0.0313912,0.0208333,0.24149935532117286
21299,0.292021,-0.0313307,0.0191667,0.17142129461035463
21300,0.292021,-0.0313307,0.0208333,0.2444895698213934
21323,0.140252,-0.0359129,0.0191667,0.5796452120298933
21324,0.140252,-0.0359129,0.0208333,0.5797046561866576
21347,0.177148,-0.0352994,0.0191667,0.382579075122894
21348,0.177148,-0.0352994,0.0208333,0.3826977328980553
21371,0.234474,-0.03522,0.0191667,0.7152050580092385
21372,0.234474,-0.03522,0.0208333,0.7154293092019576
21395,0.28207,-0.0137806,0.0191667,0.7343634534229287
21396,0.28207,-0.0137806,0.0208333,0.7300577518628242
21419,0.155234,-0.0366301,0.0191667,0.29652957023346327
21420,0.155234,-0.0366301,0.0208333,0.29651939113327747
21443,0.266181,-0.0169567,0.0191667,0.735666650812317
21444,0.266181,-0.0169567,0.0208333,0.7355195937467043
21467,0.225237,-0.0115071,0.0191667,0.7200354195975583
21468,0.225237,-0.0115071,0.0208333,0.7201138919352299
21491,0.289452,-0.0277653,0.0191667,0.17911902305774224
21492,0.289452,-0.0277653,0.0208333,0.23294502858914073
21515,0.200733,-0.0378802,0.0191667,0.5840678844694458
21516,0.200733,-0.0378802,0.0208333,0.5843376381074789
21539,0.258255,0.0330504,0.0191667,0.4065968001016643
21540,0.258255,0.0330504,0.0208333,0.4060217046279823
21563,0.222274,-0.0316967,0.0191667,0.8286457654559495
21564,0.222274,-0.0316967,0.0208333,0.8287112126460454
21587,0.165317,-0.0317686,0.0191667,0.35874672793229556
21588,0.165317,-0.0317686,0.0208333,0.35880345756084503
21611,0.197031,-0.0324222,0.0191667,0.7476348544208541
21612,0.197031,-0.0324222,0.0208333,0.7477047256689708
21635,0.224451,-0.0347648,0.0191667,0.7577232563906752
21636,0.224451,-0.0347648,0.0208333,0.7578872402664925
21659,0.254253,-0.0324253,0.0191667,0.6273565136186825
21660,0.254253,-0.0324253,0.0208333,0.6274456855466849
21683,0.123908,-0.0372656,0.0191667,0.7577443377009254
21684,0.123908,-0.0372656,0.0208333,0.7577066384756677
21707,0.158186,-0.0323767,0.0191667,0.2500002189240979
21708,0.158186,-0.0323767,0.0208333,0.250039041265478
21731,0.205324,-0.0355151,0.0191667,0.7039495250943146
21732,0.205324,-0.0355151,0.0208333,0.7041046645994365
21755,0.259069,-0.0379686,0.0191667,0.28332929059495
21756,0.259069,-0.0379686,0.0208333,0.28364220392727335
21779,0.235952,-0.0358902,0.0191667,0.6889071521971483
21780,0.235952,-0.0358902,0.0208333,0.689186921471688
21803,0.178672,-0.0359298,0.0191667,0.38474458799593686
21804,0.178672,-0.0359298,0.0208333,0.38488050459743944
21827,0.213977,-0.034611,0.0191667,0.7642670309727132
21828,0.213977,-0.034611,0.0208333,0.7644020010134864
21851,0.217959,-0.0368863,0.0191667,0.6956172989333373
21852,0.217959,-0.0368863,0.0208333,0.695886925244204
21875,0.27221,-0.0176584,0.0191667,0.7149902866870875
21876,0.27221,-0.0176584,0.0208333,0.714334231105216
21899,0.132261,-0.0372698,0.0191667,0.7358641481068897
21900,0.132261,-0.0372698,0.0208333,0.735882352737277
21923,0.244664,-0.0332682,0.0191667,0.6983908524338008
21924,0.244664,-0.0332682,0.0208333,0.6985458121387305
21947,0.158575,-0.0312062,0.0191667,0.31959096747200466
21948,0.158575,-0.0312062,0.0208333,0.3196124251196756
21971,0.150676,-0.0380008,0.0191667,0.5022143151593879
21972,0.150676,-0.0380008,0.0208333,0.5021475099699714
21995,0.110298,-0.0378795,0.0191667,0.47418919953252797
21996,0.110298,-0.0378795,0.0208333,0.4740518510456661
22019,0.109588,-0.0380449,0.0191667,0.45968361330698965
22020,0.109588,-0.0380449,0.0208333,0.4595431559698881
22043,0.134477,-0.036186,0.0191667,0.6658034402815577
22044,0.134477,-0.036186,0.0208333,0.665847113837836
22067,0.243022,-0.0365224,0.0191667,0.6223430543987866
22068,0.243022,-0.0365224,0.0208333,0.6227360783657115
22091,0.257759,-0.0309683,0.0191667,0.6325737930054149
22092,0.257759,-0.0309683,0.0208333,0.6325073794224825
22115,0.120484,-0.0367165,0.0191667,0.6939628603554929
22116,0.120484,-0.0367165,0.0208333,0.6939202256645962
22139,0.224012,-0.0381044,0.0191667,0.6360052787835161
22140,0.224012,-0.0381044,0.0208333,0.6364108522174639
22163,0.259429,-0.0160169,0.0191667,0.7365593071254504
22164,0.259429,-0.0160169,0.0208333,0.7365086581213166
22187,0.150531,-0.0185446,0.0191667,0.9116995033951825
22188,0.150531,-0.0185446,0.0208333,0.9117036688728247
22211,0.202169,-0.0159898,0.0191667,0.8334655842144434
22212,0.202169,-0.0159898,0.0208333,0.8333740763725517
22235,0.272096,-0.0311802,0.0191667,0.38339160837348796
22236,0.272096,-0.0311802,0.0208333,0.3738252915646693
22259,0.204313,-0.0323939,0.0191667,0.79335597964334
22260,0.204313,-0.0323939,0.0208333,0.7934232577603867
22283,0.27543,-0.0355652,0.0191667,0.1497310261084856
22284,0.27543,-0.0355652,0.0208333,0.17414669891941678
22307,0.262792,-0.0119794,0.0191667,0.7112299151884859
22308,0.262792,-0.0119794,0.0208333,0.711231616895748
22331,0.193163,-0.0380002,0.0191667,0.5062174112023854
22332,0.193163,-0.0380002,0.0208333,0.5064823514663674
22355,0.242772,-0.0374761,0.0191667,0.5722833633870461
22356,0.242772,-0.0374761,0.0208333,0.5728238861380953
22379,0.133988,-0.0103137,0.0191667,1.1236257311821698
22380,0.133988,-0.0103137,0.0208333,1.1236332438175662
22403,0.283001,-0.0369741,0.0191667,0.21064795419039797
22404,0.283001,-0.0369741,0.0208333,0.23988316813776242
22427,0.279639,-0.0355668,0.0191667,0.16381663816102932
22428,0.279639,-0.0355668,0.0208333,0.2023383259139012
22451,0.110283,-0.0363809,0.0191667,0.4895210769991764
22452,0.110283,-0.0363809,0.0208333,0.4894469580854703
22475,0.156071,-0.0308378,0.0191667,0.3347881618229428
22476,0.156071,-0.0308378,0.0208333,0.33480223341313464
22499,0.290957,-0.0363532,0.0191667,0.2104938484931329
22500,0.290957,-0.0363532,0.0208333,0.24492424830159223
22523,0.143628,-0.0371554,0.0191667,0.6006373036455529
22524,0.143628,-0.0371554,0.0208333,0.6006584893170491
22547,0.146441,-0.034371,0.0191667,0.3492660592294945
22548,0.146441,-0.034371,0.0208333,0.34936895208624497
22571,0.153524,-0.0306459,0.0191667,0.296969045196913
22572,0.153524,-0.0306459,0.0208333,0.2969683924944532
22595,0.277932,-0.0215381,0.0191667,0.6093405232608529
22596,0.277932,-0.0215381,0.0208333,0.604310480928711
22619,0.223392,-0.0374753,0.0191667,0.6620698810605209
22620,0.223392,-0.0374753,0.0208333,0.6624253705787526
22643,0.246942,0.0333557,0.0191667,0.47616575231339564
22644,0.246942,0.0333557,0.0208333,0.4756763813012935
22667,0.280301,-0.0297312,0.0191667,0.12413075695112795
22668,0.280301,-0.0297312,0.0208333,0.07723369874458946
22691,0.28145,-0.0379662,0.0191667,0.20570593183651753
22692,0.28145,-0.0379662,0.0208333,0.2364306694675841
22715,0.171925,0.0340449,0.0191667,0.3621324330990114
22716,0.171925,0.0340449,0.0208333,0.36124087744595973
22739,0.294539,-0.0380432,0.0191667,0.21981466812940395
22740,0.294539,-0.0380432,0.0208333,0.21831154024188118
22763,0.200476,-0.0311492,0.0191667,0.8085610227427374
22764,0.200476,-0.0311492,0.0208333,0.8086069245034525
22787,0.102007,-0.0340841,0.0191667,0.2807301873821241
22788,0.102007,-0.0340841,0.0208333,0.2805266479427785
22811,0.261325,-0.0383166,0.0191667,0.20078616908624458
22812,0.261325,-0.0383166,0.0208333,0.19991590728449024
22835,0.277717,-0.0314264,0.0191667,0.10450054582914867
22836,0.277717,-0.0314264,0.0208333,0.08859374235017956
22859,0.224589,-0.0322249,0.0191667,0.8154702639422536
22860,0.224589,-0.0322249,0.0208333,0.8155509831249523
22883,0.18824,0.033602,0.0191667,0.41268619210601765
22884,0.18824,0.033602,0.0208333,0.41195528866069053
22907,0.185951,0.0319847,0.0191667,0.4017038747888743
22908,0.185951,0.0319847,0.0208333,0.40096227504376636
22931,0.223172,-0.032715,0.0191667,0.8150172156278854
22932,0.223172,-0.032715,0.0208333,0.8151002048436888
22955,0.283845,-0.0356615,0.0191667,0.1960780010417283
22956,0.283845,-0.0356615,0.0208333,0.2297659436763421
22979,0.124469,-0.0377804,0.0191667,0.7645373260064705
22980,0.124469,-0.0377804,0.0208333,0.7645004126132898
23003,0.237329,-0.0341235,0.0191667,0.7327663676516664
23004,0.237329,-0.0341235,0.0208333,0.7329313522625035
23027,0.301808,0.000977872,0.0191667,1.2303057252440794
23028,0.301808,0.000977872,0.0208333,1.2183364067926232
23051,0.0971804,0.00334745,0.0191667,1.1929250909821958
23052,0.0971804,0.00334745,0.0208333,1.1929250655775845
23075,0.303186,0.003257,0.0191667,1.2669341291221932
23076,0.303186,0.003257,0.0208333,1.2601514624862562
23099,0.126743,-0.0151554,0.0191667,0.7820284509181924
23100,0.126743,-0.0151554,0.0208333,0.7819036195901773
23123,0.182223,-0.0317282,0.0191667,0.6101082513536809
23124,0.182223,-0.0317282,0.0208333,0.6101569354207089
23147,0.178795,-0.0374803,0.0191667,0.3248920928961068
23148,0.178795,-0.0374803,0.0208333,0.3250787968298857
23171,0.180103,-0.0341092,0.0191667,0.5106689581104218
23172,0.180103,-0.0341092,0.0208333,0.5107567089346154
23195,0.238817,-0.0350027,0.0191667,0.6962135276825212
23196,0.238817,-0.0350027,0.0208333,0.6964456487215733
23219,0.253188,-0.0370898,0.0191667,0.4709014948450282
23220,0.253188,-0.0370898,0.0208333,0.4714323035430484
23243,0.224507,-0.0364167,0.0191667,0.7021149049254269
23244,0.224507,-0.0364167,0.0208333,0.7023913919925218
23267,0.111978,-0.0366766,0.0191667,0.5454317331195248
23268,0.111978,-0.0366766,0.0208333,0.5453611090298303
23291,0.184907,-0.012943,0.0191667,0.8163906327548383
23292,0.184907,-0.012943,0.0208333,0.8162486867916053
23315,0.137562,-0.026061,0.0191667,0.2338325812987755
23316,0.137562,-0.026061,0.0208333,0.23363187678487388
23339,0.242147,-0.0129768,0.0191667,0.7307783772783737
23340,0.242147,-0.0129768,0.0208333,0.7308211642791671
23363,0.152308,-0.0375124,0.0191667,0.4257820806458967
23364,0.152308,-0.0375124,0.0208333,0.4257376560632282
23387,0.193263,-0.0372333,0.0191667,0.5501663340429785
23388,0.193263,-0.0372333,0.0208333,0.5503664916436262
23411,0.159629,-0.0366329,0.0191667,0.14468507830993801
23412,0.159629,-0.0366329,0.0208333,0.14468869811786442
23435,0.278109,-0.0360456,0.0191667,0.15532304352831872
23436,0.278109,-0.0360456,0.0208333,0.19275789701970605
23459,0.143187,-0.0146831,0.0191667,1.0354260812252465
23460,0.143187,-0.0146831,0.0208333,1.0354428313725745
23483,0.164651,-0.0342695,0.0191667,0.23564198296008027
23484,0.164651,-0.0342695,0.0208333,0.2357236902434432
23507,0.250431,-0.0210333,0.0191667,0.7869214501611901
23508,0.250431,-0.0210333,0.0208333,0.7868588659326854
23531,0.1932,-0.0210032,0.0191667,0.9108656674070268
23532,0.1932,-0.0210032,0.0208333,0.910795021418499
23555,0.153845,-0.0342551,0.0191667,0.22439207316612234
23556,0.153845,-0.0342551,0.0208333,0.22446316986545675
23579,0.273673,-0.0348876,0.0191667,0.12140518971197235
23580,0.273673,-0.0348876,0.0208333,0.1343174716621036
23603,0.180069,-0.0365643,0.0191667,0.38422001705995534
23604,0.180069,-0.0365643,0.0208333,0.3843770833751982
23627,0.117389,-0.0324058,0.0191667,0.4337557634917912
23628,0.117389,-0.0324058,0.0208333,0.4340082317182954
23651,0.237343,-0.0365668,0.0191667,0.6581057972810509
23652,0.237343,-0.0365668,0.0208333,0.6584571298433999
23675,0.105473,-0.0311248,0.0191667,0.41721470138604927
23676,0.105473,-0.0311248,0.0208333,0.41719585519939384
23699,0.214192,-0.0322068,0.0191667,0.8194230387710238
23700,0.214192,-0.0322068,0.0208333,0.8194964391721953
23723,0.245436,-0.0126967,0.0191667,0.721877848962121
23724,0.245436,-0.0126967,0.0208333,0.7219218811672977
23747,0.295398,-0.0285369,0.0191667,0.17573620505351195
23748,0.295398,-0.0285369,0.0208333,0.21780256210139035
23771,0.188199,-0.0126607,0.0191667,0.8168605462673124
23772,0.188199,-0.0126607,0.0208333,0.8167181764329191
23795,0.229688,-0.0383351,0.0191667,0.6250907721098287
23796,0.229688,-0.0383351,0.0208333,0.6255399820966382
23819,0.150322,-0.0367609,0.0191667,0.4512702429872957
23820,0.150322,-0.0367609,0.0208333,0.45125045763977917
23843,0.141733,0.0331189,0.0191667,0.32357406675667916
23844,0.141733,0.0331189,0.0208333,0.3226180957620481
23867,0.144601,-0.0384193,0.0191667,0.6496547448665455
23868,0.144601,-0.0384193,0.0208333,0.6496182203311462
23891,0.104269,-0.034965,0.0191667,0.32555894077248887
23892,0.104269,-0.034965,0.0208333,0.3254039930951832
23915,0.285552,0.0316871,0.0191667,0.19683129593150703
23916,0.285552,0.0316871,0.0208333,0.19645374473569624
23939,0.267172,-0.0194029,0.0191667,0.7252942459354935
23940,0.267172,-0.0194029,0.0208333,0.7249489381529327
23963,0.182944,-0.0100036,0.0191667,0.7848806964472653
23964,0.182944,-0.0100036,0.0208333,0.7847213287131442
23987,0.154121,-0.0251773,0.0191667,0.6401731503582474
23988,0.154121,-0.0251773,0.0208333,0.6401486968971555
24011,0.225667,-0.0279176,0.0191667,0.8787916173870975
24012,0.225667,-0.0279176,0.0208333,0.8787810876910677
24035,0.119487,-0.0353474,0.0191667,0.6094159162734699
24036,0.119487,-0.0353474,0.0208333,0.6094375982087257
24059,0.1684,-0.0278966,0.0191667,0.6353077119856525
24060,0.1684,-0.0278966,0.0208333,0.6353145647002977
24083,0.167584,-0.0112682,0.0191667,0.9195139857907317
24084,0.167584,-0.0112682,0.0208333,0.9194285813590518
24107,0.232196,-0.037824,0.0191667,0.627397292126662
24108,0.232196,-0.037824,0.0208333,0.6278539689179181
24131,0.240183,-0.0100382,0.0191667,0.679220318696598
24132,0.240183,-0.0100382,0.0208333,0.6793174310615636
24155,0.116502,-0.0329924,0.0191667,0.45874582305850553
24156,0.116502,-0.0329924,0.0208333,0.45893939897240904
24179,0.12628,-0.0270176,0.0191667,0.0481444286436495
24180,0.12628,-0.0270176,0.0208333,0.04772724857449463
24203,0.0971371,-0.00845059,0.0191667,1.1528799095908149
24204,0.0971371,-0.00845059,0.0208333,1.1528799022492557
24227,0.302901,-0.00845941,0.0191667,1.0886114198244707
24228,0.302901,-0.00845941,0.0208333,1.0021408184206202
24251,0.119487,-0.0381165,0.0191667,0.7248611977031524
24252,0.119487,-0.0381165,0.0208333,0.7247921094182376
24275,0.241908,-0.0377161,0.0191667,0.5772721833146404
24276,0.241908,-0.0377161,0.0208333,0.5778092503909258
24299,0.244143,-0.0353493,0.0191667,0.6481433304162999
24300,0.244143,-0.0353493,0.0208333,0.6484334676594089
24323,0.102965,-0.0367312,0.0191667,0.2005413292748208
24324,0.102965,-0.0367312,0.0208333,0.20032469635734498
24347,0.107404,-0.012747,0.0191667,0.5436624924150041
24348,0.107404,-0.012747,0.0208333,0.5436090702858642
24371,0.292633,-0.0131143,0.0191667,0.6349452447197712
24372,0.292633,-0.0131143,0.0208333,0.5778488674270202
24395,0.272373,-0.0288477,0.0191667,0.48792579626824406
24396,0.272373,-0.0288477,0.0208333,0.48244289069459817
24419,0.179616,-0.0103522,0.0191667,0.7874628486129016
24420,0.179616,-0.0103522,0.0208333,0.7873061697887455
24443,0.128345,-0.0307205,0.0191667,0.2795774138606803
24444,0.128345,-0.0307205,0.0208333,0.2801018726004137
24467,0.236857,-0.0103866,0.0191667,0.6882943851241249
24468,0.236857,-0.0103866,0.0208333,0.6883881324093717
24491,0.222493,-0.0270805,0.0191667,0.8904490632289611
24492,0.222493,-0.0270805,0.0208333,0.8904292035051345
24515,0.165104,-0.0270578,0.0191667,0.6408844196607363
24516,0.165104,-0.0270578,0.0208333,0.6408838009284188
24539,0.163477,-0.0236528,0.0191667,0.7697596225087886
24540,0.163477,-0.0236528,0.0208333,0.7697514407271541
24563,0.281331,-0.00171211,0.0191667,0.6972664410130982
24564,0.281331,-0.00171211,0.0208333,0.6973161943012905
24587,0.245018,-0.0383535,0.0191667,0.5083119936040522
24588,0.245018,-0.0383535,0.0208333,0.508982334777769
24611,0.165815,-0.0163238,0.0191667,0.9655957627000865
24612,0.165815,-0.0163238,0.0208333,0.9655680746858682
24635,0.101733,0.0129322,0.0191667,0.24252004009153552
24636,0.101733,0.0129322,0.0208333,0.2424403583066491
24659,0.298312,0.0129462,0.0191667,0.23808382506890827
24660,0.298312,0.0129462,0.0208333,0.23798799110765567
24683,0.290484,-0.0378311,0.0191667,0.24224203965724034
24684,0.290484,-0.0378311,0.0208333,0.2587134751051827
24707,0.297261,-0.035258,0.0191667,0.17499755799293315
24708,0.297261,-0.035258,0.0208333,0.16144879752803984
24731,0.188719,-0.0372484,0.0191667,0.4997884933801998
24732,0.188719,-0.0372484,0.0208333,0.49998048752463325
24755,0.28291,0.00144954,0.0191667,0.6909715011645297
24756,0.28291,0.00144954,0.0208333,0.6910705174397698
24779,0.241313,-0.0370317,0.0191667,0.614508314860016
24780,0.241313,-0.0370317,0.0208333,0.614957763097944
24803,0.171138,-0.0367942,0.0191667,0.21500473498758604
24804,0.171138,-0.0367942,0.0208333,0.215145732875028
24827,0.283216,-0.00461856,0.0191667,0.7737283841907423
24828,0.283216,-0.00461856,0.0208333,0.7731607541744215
24851,0.119017,0.00425033,0.0191667,1.111596190618792
24852,0.119017,0.00425033,0.0208333,1.1115992897508742
24875,0.211327,-0.0338121,0.0191667,0.7677553455222392
24876,0.211327,-0.0338121,0.0208333,0.7678760867592356
24899,0.239649,-0.035068,0.0191667,0.6934840385597812
24900,0.239649,-0.035068,0.0208333,0.6937148105363703
24923,0.155748,-0.0347425,0.0191667,0.20941661061237962
24924,0.155748,-0.0347425,0.0208333,0.2094872839228211
24947,0.117443,0.00731421,0.0191667,0.9694090174492282
24948,0.117443,0.00731421,0.0208333,0.9694129797835938
24971,0.117156,0.00134631,0.0191667,1.253452489515117
24972,0.117156,0.00134631,0.0208333,1.253454038961215
24995,0.275405,-0.0281635,0.0191667,0.4423470158089009
24996,0.275405,-0.0281635,0.0208333,0.4304595869159032
25019,0.250551,0.0235489,0.0191667,0.27012378841732004
25020,0.250551,0.0235489,0.0208333,0.26993764117554336
25043,0.248747,0.0265719,0.0191667,0.3498997196007223
25044,0.248747,0.0265719,0.0208333,0.34955886067646685
25067,0.253993,0.0237507,0.0191667,0.23731799809334853
25068,0.253993,0.0237507,0.0208333,0.23711326200585744
25091,0.25583,0.0209294,0.0191667,0.17405707414346797
25092,0.25583,0.0209294,0.0208333,0.17404532669047912
25115,0.259283,0.0211218,0.0191667,0.15562244218264223
25116,0.259283,0.0211218,0.0208333,0.15566235464270897
25139,0.132594,-0.00220562,0.0191667,1.1897733068040621
25140,0.132594,-0.00220562,0.0208333,1.1897991489666675
25163,0.261176,0.0182094,0.0191667,0.14254351257209075
25164,0.261176,0.0182094,0.0208333,0.14272227299017137
25187,0.129365,0.00375366,0.0191667,1.01578272969604
25188,0.129365,0.00375366,0.0208333,1.0158000886814083
25211,0.259602,0.0151237,0.0191667,0.17553588154130548
25212,0.259602,0.0151237,0.0208333,0.17572047507200206
25235,0.240116,0.0230645,0.0191667,0.30557028639854106
25236,0.240116,0.0230645,0.0208333,0.305438961839753
25259,0.261486,0.0122174,0.0191667,0.2698058432275631
25260,0.261486,0.0122174,0.0208333,0.27002686902118983
25283,0.261798,0.00622329,0.0191667,0.43235881536942034
25284,0.261798,0.00622329,0.0208333,0.4325718463593456
25307,0.132824,0.00358572,0.0191667,1.0124106171294145
25308,0.132824,0.00358572,0.0208333,1.0124262152619803
25331,0.238292,0.0258954,0.0191667,0.3786296663732826
25332,0.238292,0.0258954,0.0208333,0.37837042535290255
25355,0.259912,0.00913101,0.0191667,0.31206254815767054
25356,0.259912,0.00913101,0.0208333,0.31226268273850877
25379,0.243585,0.0232275,0.0191667,0.2827107525482404
25380,0.243585,0.0232275,0.0208333,0.28256638008527146
25403,0.265258,0.00640207,0.0191667,0.4184251706086715
25404,0.265258,0.00640207,0.0208333,0.418644884335707
25427,0.245245,0.0264277,0.0191667,0.3704342877149232
25428,0.245245,0.0264277,0.0208333,0.37011646703042056
25451,0.127499,0.000856181,0.0191667,1.179021162306775
25452,0.127499,0.000856181,0.0208333,1.1790455120521683
25475,0.267147,0.00349164,0.0191667,0.5203199383130482
25476,0.267147,0.00349164,0.0208333,0.5205308995103032
25499,0.267467,-0.00251155,0.0191667,0.6264570848612078
25500,0.267467,-0.00251155,0.0208333,0.6266014174079174
25523,0.265576,0.000403062,0.0191667,0.5462144322220742
25524,0.265576,0.000403062,0.0208333,0.5463965812523559
25547,0.134448,0.000583056,0.0191667,1.0717528972561745
25548,0.134448,0.000583056,0.0208333,1.0717718502078335
25571,0.270928,-0.00233727,0.0191667,0.6236916636697813
25572,0.270928,-0.00233727,0.0208333,0.6238380561056338
25595,0.234838,0.025745,0.0191667,0.3914621447906437
25596,0.234838,0.025745,0.0208333,0.3912123656592204
25619,0.140996,0.0271952,0.0191667,0.2904542828436293
25620,0.140996,0.0271952,0.0208333,0.28974053816433126
25643,0.138735,0.0182846,0.0191667,0.11480306728154087
25644,0.138735,0.0182846,0.0208333,0.11423112729735664
25667,0.262113,0.000226303,0.0191667,0.5537606272081654
25668,0.262113,0.000226303,0.0208333,0.5539395735507876
25691,0.257065,-0.00304069,0.0191667,0.5916561710484525
25692,0.257065,-0.00304069,0.0208333,0.591801904819426
25715,0.139082,0.0243041,0.0191667,0.26197674758659706
25716,0.139082,0.0243041,0.0208333,0.26134229985406016
25739,0.137851,0.000494759,0.0191667,1.0660926645476732
25740,0.137851,0.000494759,0.0208333,1.0661028455469193
25763,0.254877,0.00586458,0.0191667,0.37242661893890183
25764,0.254877,0.00586458,0.0208333,0.3726009480558812
25787,0.260537,-0.00285793,0.0191667,0.5833022022655228
25788,0.260537,-0.00285793,0.0208333,0.5834513113429519
25811,0.149327,0.0237386,0.0191667,0.2547408032600392
25812,0.149327,0.0237386,0.0208333,0.25406133216146765
25835,0.130256,0.0216403,0.0191667,0.22391506527510582
25836,0.130256,0.0216403,0.0208333,0.22333359239820685
25859,0.140609,0.0211978,0.0191667,0.21135032262581271
25860,0.140609,0.0211978,0.0208333,0.21066817420847775
25883,0.135275,0.0184513,0.0191667,0.06911817427126096
25884,0.135275,0.0184513,0.0208333,0.06875783467896585
25907,0.128356,0.0187842,0.0191667,0.14477180209149293
25908,0.128356,0.0187842,0.0208333,0.14438891245922728
25931,0.255179,-0.000135894,0.0191667,0.5098727338286081
25932,0.255179,-0.000135894,0.0208333,0.5100413739488064
25955,0.151064,0.0268492,0.0191667,0.28658322252376317
25956,0.151064,0.0268492,0.0208333,0.28583737284918587
25979,0.14587,0.0238997,0.0191667,0.2555699057304771
25980,0.14587,0.0238997,0.0208333,0.2549207503566099
26003,0.256761,0.00295666,0.0191667,0.47438830563043255
26004,0.256761,0.00295666,0.0208333,0.4745782865832707
26027,0.270288,0.00966787,0.0191667,0.36646133922581636
26028,0.270288,0.00966787,0.0208333,0.3667140602602863
26051,0.123019,0.0160469,0.0191667,0.09355613830121945
26052,0.123019,0.0160469,0.0208333,0.09358260779559628
26075,0.144328,0.0269476,0.0191667,0.2878560667473861
26076,0.144328,0.0269476,0.0208333,0.2871153212813619
26099,0.133716,0.0214728,0.0191667,0.21688205286185946
26100,0.133716,0.0214728,0.0208333,0.216346923353782
26123,0.139476,-0.00254364,0.0191667,1.094079869894331
26124,0.139476,-0.00254364,0.0208333,1.0940913620486363
26147,0.246381,0.00241917,0.0191667,0.440549437162945
26148,0.246381,0.00241917,0.0208333,0.4407105874717158
26171,0.266831,0.009489,0.0191667,0.38444305760259684
26172,0.266831,0.009489,0.0208333,0.38468647050324145
26195,0.124899,0.0189508,0.0191667,0.11521717309869393
26196,0.124899,0.0189508,0.0208333,0.11500911132915338
26219,0.272175,0.00676006,0.0191667,0.4873247270786491
26220,0.272175,0.00676006,0.0208333,0.48757287956986556
26243,0.124603,0.0129675,0.0191667,0.42183393768083965
26244,0.124603,0.0129675,0.0208333,0.42179492510008854
26267,0.129937,0.0157131,0.0191667,0.18326712151153463
26268,0.129937,0.0157131,0.0208333,0.18315441900359775
26291,0.128063,0.0128004,0.0191667,0.41761266738440495
26292,0.128063,0.0128004,0.0208333,0.41755175591956406
26315,0.274519,0.0246157,0.0191667,0.12579979467569938
26316,0.274519,0.0246157,0.0208333,0.12574217056045636
26339,0.269636,0.0215916,0.0191667,0.12402884561299586
26340,0.269636,0.0215916,0.0208333,0.1241598016176959
26363,0.271061,0.024439,0.0191667,0.15148932065361706
26364,0.271061,0.024439,0.0208333,0.15135501840192847
26387,0.271541,0.0187311,0.0191667,0.15178658792030011
26388,0.271541,0.0187311,0.0208333,0.15209967146519712
26411,0.135649,0.0244124,0.0191667,0.265397468236045
26412,0.135649,0.0244124,0.0208333,0.26478794334693356
26435,0.112911,0.0225973,0.0191667,0.24613624396546235
26436,0.112911,0.0225973,0.0208333,0.24556205763392355
26459,0.274998,0.0189102,0.0191667,0.14313219574077582
26460,0.274998,0.0189102,0.0208333,0.14346102853909454
26483,0.150566,0.00870962,0.0191667,0.44191289618502433
26484,0.150566,0.00870962,0.0208333,0.4417882532118274
26507,0.285013,0.0257059,0.0191667,0.10873496353046751
26508,0.285013,0.0257059,0.0208333,0.10869827842778877
26531,0.14913,0.011655,0.0191667,0.3166217855483051
26532,0.14913,0.011655,0.0208333,0.3165320754900271
26555,0.24984,0.00259749,0.0191667,0.42869220602097763
26556,0.24984,0.00259749,0.0208333,0.4288529825881276
26579,0.21777,0.0189537,0.0191667,0.2217899122917823
26580,0.21777,0.0189537,0.0208333,0.22201784411367842
26603,0.224341,0.025211,0.0191667,0.393917283433429
26604,0.224341,0.025211,0.0208333,0.3936986626766466
26627,0.219655,0.0160474,0.0191667,0.1056057615327567
26628,0.219655,0.0160474,0.0208333,0.10618628813707541
26651,0.218399,0.00697956,0.0191667,0.20765972128303034
26652,0.218399,0.00697956,0.0208333,0.20731713269333266
26675,0.218088,0.0129722,0.0191667,0.02501318556740717
26676,0.218088,0.0129722,0.0208333,0.025358989589462765
26699,0.220592,-0.00200755,0.0191667,0.47735526461960925
26700,0.220592,-0.00200755,0.0208333,0.47752388184148326
26723,0.220284,0.00407334,0.0191667,0.3016242537328898
26724,0.220284,0.00407334,0.0208333,0.3015267688217126
26747,0.219973,0.0100659,0.0191667,0.12195250913109358
26748,0.219973,0.0100659,0.0208333,0.12135557178126358
26771,0.222762,0.022155,0.0191667,0.3090698559930491
26772,0.222762,0.022155,0.0208333,0.309079950216591
26795,0.219302,0.0219757,0.0191667,0.30356054365226026
26796,0.219302,0.0219757,0.0208333,0.30357485530893513
26819,0.224044,-0.00189696,0.0191667,0.4762701669759916
26820,0.224044,-0.00189696,0.0208333,0.47644291779307874
26843,0.225623,0.00126168,0.0191667,0.4033835368160344
26844,0.225623,0.00126168,0.0208333,0.4034690248644344
26867,0.218712,0.000983252,0.0191667,0.3806392936507454
26868,0.218712,0.000983252,0.0208333,0.38073301777785046
26891,0.229081,0.00142637,0.0191667,0.39864235412139515
26892,0.229081,0.00142637,0.0208333,0.3987308693106017
26915,0.207137,0.0243065,0.0191667,0.34945845219461824
26916,0.207137,0.0243065,0.0208333,0.34923621481606654
26939,0.197941,-9.68086e-05,0.0191667,0.3708425717142594
26940,0.197941,-9.68086e-05,0.0208333,0.3711649158913967
26963,0.181918,0.00809345,0.0191667,0.1143509396084654
26964,0.181918,0.00809345,0.0208333,0.11444623360914852
26987,0.194179,0.0057228,0.0191667,0.15961024132041857
26988,0.194179,0.0057228,0.0208333,0.15966197706579988
27011,0.229366,-0.00497775,0.0191667,0.5617368857488174
27012,0.229366,-0.00497775,0.0208333,0.5619224189520586
27035,0.203296,-0.00281345,0.0191667,0.4700904894307148
27036,0.203296,-0.00281345,0.0208333,0.4703580029050833
27059,0.198204,-0.0061303,0.0191667,0.5982182917248131
27060,0.198204,-0.0061303,0.0208333,0.5983263884423443
27083,0.187858,-0.00663406,0.0191667,0.6621665563331498
27084,0.187858,-0.00663406,0.0208333,0.6620771615279446
27107,0.161666,-0.00501745,0.0191667,0.8834483363982546
27108,0.161666,-0.00501745,0.0208333,0.8833413087780954
27131,0.173115,0.0106417,0.0191667,0.08763561146096545
27132,0.173115,0.0106417,0.0208333,0.08755966107179461
27155,0.198906,0.0149823,0.0191667,0.1315608384447574
27156,0.198906,0.0149823,0.0208333,0.13180072478903293
27179,0.168062,0.00735471,0.0191667,0.21081149496346754
27180,0.168062,0.00735471,0.0208333,0.2113758279569471
27203,0.192601,0.00263419,0.0191667,0.2679233129031701
27204,0.192601,0.00263419,0.0208333,0.26826415903329315
27227,0.202059,0.0211271,0.0191667,0.27809271894569104
27228,0.202059,0.0211271,0.0208333,0.27797855053929027
27251,0.234428,-0.00121724,0.0191667,0.4773835615188062
27252,0.234428,-0.00121724,0.0208333,0.47754333420981554
27275,0.166821,-0.00188946,0.0191667,0.7031495586269088
27276,0.166821,-0.00188946,0.0208333,0.7029825769337847
27299,0.234119,0.00477182,0.0191667,0.32112866002926627
27300,0.234119,0.00477182,0.0208333,0.321125841158994
27323,0.171842,0.00146377,0.0191667,0.5191222522933376
27324,0.171842,0.00146377,0.0208333,0.5190518835510469
27347,0.168397,0.00126675,0.0191667,0.5275888278646215
27348,0.168397,0.00126675,0.0208333,0.5275161634313308
27371,0.238845,0.0140479,0.0191667,0.12086816820602518
27372,0.238845,0.0140479,0.0208333,0.12083995759834576
27395,0.248928,0.0205483,0.0191667,0.18155452599239602
27396,0.248928,0.0205483,0.0208333,0.18155208716117835
27419,0.225317,0.00732679,0.0191667,0.23114315134116403
27420,0.225317,0.00732679,0.0208333,0.2308894477559215
27443,0.256142,0.0149445,0.0191667,0.17626073544794368
27444,0.256142,0.0149445,0.0208333,0.17640371464621743
27467,0.255535,0.0268288,0.0191667,0.31893878108261103
27468,0.255535,0.0268288,0.0208333,0.3185664146927161
27491,0.198599,0.0209479,0.0191667,0.2608626020778398
27492,0.198599,0.0209479,0.0208333,0.2607541469174372
27515,0.17754,0.0257929,0.0191667,0.29533086033608136
27516,0.17754,0.0257929,0.0208333,0.2947831238115106
27539,0.178149,0.0139065,0.0191667,0.11874657009221108
27540,0.178149,0.0139065,0.0208333,0.11855167562207165
27563,0.154594,0.026737,0.0191667,0.28660295552066267
27564,0.154594,0.026737,0.0208333,0.2858359859018929
27587,0.166501,0.00423664,0.0191667,0.47267323690162666
27588,0.166501,0.00423664,0.0208333,0.472625560350335
27611,0.163176,-0.00797332,0.0191667,0.9050642757692129
27612,0.163176,-0.00797332,0.0208333,0.9049671528811571
27635,0.236003,0.00186894,0.0191667,0.4166130978236052
27636,0.236003,0.00186894,0.0208333,0.4167341952406979
27659,0.249223,0.0145859,0.0191667,0.15130833702551522
27660,0.249223,0.0145859,0.0208333,0.15139280049690243
27683,0.192296,0.00863052,0.0191667,0.11590783745716059
27684,0.192296,0.00863052,0.0208333,0.1159599898852725
27707,0.213054,0.00970724,0.0191667,0.11350434954832271
27708,0.213054,0.00970724,0.0208333,0.11310489077273583
27731,0.21494,0.00680015,0.0191667,0.19851842401353278
27732,0.21494,0.00680015,0.0208333,0.19815919748413294
27755,0.187565,-0.000631465,0.0191667,0.43425160839757165
27756,0.187565,-0.000631465,0.0208333,0.43455766345953445
27779,0.16336,-0.00200538,0.0191667,0.7148417042166436
27780,0.16336,-0.00200538,0.0208333,0.7146851566859972
27803,0.197021,0.0178887,0.0191667,0.2122053459250206
27804,0.197021,0.0178887,0.0208333,0.21217747492434463
27827,0.214629,0.012793,0.0191667,0.05282017560896117
27828,0.214629,0.012793,0.0208333,0.05304516265248416
27851,0.208667,0.0273069,0.0191667,0.4138261895608337
27852,0.208667,0.0273069,0.0208333,0.41346873800467915
27875,0.241039,0.00514877,0.0191667,0.35437817186139253
27876,0.241039,0.00514877,0.0208333,0.3544741818620315
27899,0.158199,-0.00511746,0.0191667,0.896708567473421
27900,0.158199,-0.00511746,0.0208333,0.8966153633181232
27923,0.172804,0.0166337,0.0191667,0.16379780126870322
27924,0.172804,0.0166337,0.0208333,0.16339572608388017
27947,0.16743,0.0193023,0.0191667,0.19917817517220202
27948,0.16743,0.0193023,0.0208333,0.19871180998382812
27971,0.208974,0.0215121,0.0191667,0.2830642840369158
27972,0.208974,0.0215121,0.0208333,0.28304098388555077
27995,0.203682,0.0241008,0.0191667,0.33306492061405063
27996,0.203682,0.0241008,0.0208333,0.3328455998698536
28019,0.230659,0.00458062,0.0191667,0.33012600543814125
28020,0.230659,0.00458062,0.0208333,0.3301217859031748
28043,0.298235,0.024898,0.0191667,0.18660036701822988
28044,0.298235,0.024898,0.0208333,0.18714851441379382
28067,0.230966,-0.00146862,0.0191667,0.48584835192705716
28068,0.230966,-0.00146862,0.0208333,0.4860074525204687
28091,0.194479,-0.000278542,0.0191667,0.3631572412778801
28092,0.194479,-0.000278542,0.0208333,0.3634854467120555
28115,0.23381,0.0107786,0.0191667,0.14588359523916924
28116,0.23381,0.0107786,0.0208333,0.14555878533504735
28139,0.176883,0.00481401,0.0191667,0.2659468858598807
28140,0.176883,0.00481401,0.0208333,0.2665086522343845
28163,0.202675,0.00916924,0.0191667,0.116988006990057
28164,0.202675,0.00916924,0.0208333,0.1169397528384702
28187,0.20456,0.00626299,0.0191667,0.17079088012526925
28188,0.20456,0.00626299,0.0208333,0.17063305085430666
28211,0.189441,-0.00354576,0.0191667,0.5161013234757126
28212,0.189441,-0.00354576,0.0208333,0.5162906057053567
28235,0.220828,-0.00796468,0.0191667,0.6296647361044387
28236,0.220828,-0.00796468,0.0208333,0.6298261472803268
28259,0.210714,-0.0086502,0.0191667,0.6499445781935751
28260,0.210714,-0.0086502,0.0208333,0.6500679379030112
28283,0.203577,-0.00905797,0.0191667,0.6797259466368304
28284,0.203577,-0.00905797,0.0208333,0.679769563554333
28307,0.174139,-0.00794273,0.0191667,0.763740665825302
28308,0.174139,-0.00794273,0.0208333,0.7635782245497094
28331,0.153281,-0.00832869,0.0191667,1.03981725020789
28332,0.153281,-0.00832869,0.0208333,1.039805167482005
28355,0.148331,-0.0116886,0.0191667,1.0699198611995417
28356,0.148331,-0.0116886,0.0208333,1.069929982124319
28379,0.240729,0.0111415,0.0191667,0.19568410009153042
28380,0.240729,0.0111415,0.0208333,0.19559502050516547
28403,0.244189,0.0113208,0.0191667,0.1839992739104152
28404,0.244189,0.0113208,0.0208333,0.1839623913829226
28427,0.178459,0.00791426,0.0191667,0.1190418996977014
28428,0.178459,0.00791426,0.0208333,0.11913577076800502
28451,0.191987,0.0146238,0.0191667,0.1506369257026326
28452,0.191987,0.0146238,0.0208333,0.1506941112286824
28475,0.230041,0.0165958,0.0191667,0.11938925800303837
28476,0.230041,0.0165958,0.0208333,0.11981030116951547
28499,0.167678,0.0133168,0.0191667,0.08221491962798237
28500,0.167678,0.0133168,0.0208333,0.08178963527490815
28523,0.202365,0.0151616,0.0191667,0.1483387003211567
28524,0.202365,0.0151616,0.0208333,0.14859111982615952
28547,0.212433,0.0216914,0.0191667,0.2978178131639367
28548,0.212433,0.0216914,0.0208333,0.29778503777285703
28571,0.228776,0.00750154,0.0191667,0.22664925658770807
28572,0.228776,0.00750154,0.0208333,0.22640103030154377
28595,0.215253,0.000803973,0.0191667,0.3762109875768553
28596,0.215253,0.000803973,0.0208333,0.3763042368521355
28619,0.177619,-0.00733589,0.0191667,0.7583341405435142
28620,0.177619,-0.00733589,0.0208333,0.7581666424622917
28643,0.156569,-0.00812333,0.0191667,1.0229612853355607
28644,0.156569,-0.00812333,0.0208333,1.0229408765014019
28667,0.176574,0.0108209,0.0191667,0.08939140023794738
28668,0.176574,0.0108209,0.0208333,0.08922746953900756
28691,0.188527,0.0144445,0.0191667,0.13439413794200855
28692,0.188527,0.0144445,0.0208333,0.13442672901673833
28715,0.193247,0.0236947,0.0191667,0.30172291558237824
28716,0.193247,0.0236947,0.0208333,0.30142558586318713
28739,0.171537,0.00754258,0.0191667,0.18992866087045446
28740,0.171537,0.00754258,0.0208333,0.19054157788630702
28763,0.231377,-0.00798554,0.0191667,0.6297247626768763
28764,0.231377,-0.00798554,0.0208333,0.6298686068663925
28787,0.205183,-0.00571886,0.0191667,0.5637491863493074
28788,0.205183,-0.00571886,0.0208333,0.563937452501077
28811,0.200067,-0.00928133,0.0191667,0.6790742140523259
28812,0.200067,-0.00928133,0.0208333,0.6791047992539648
28835,0.199828,-0.00300153,0.0191667,0.4656454967222972
28836,0.199828,-0.00300153,0.0208333,0.4659101289828785
28859,0.183803,0.00518658,0.0191667,0.1713374024129072
28860,0.183803,0.00518658,0.0208333,0.17158081407024695
28883,0.173729,-0.00143007,0.0191667,0.5685668658713025
28884,0.173729,-0.00143007,0.0208333,0.5684880093724493
28907,0.245465,0.0203711,0.0191667,0.20329125960361627
28908,0.245465,0.0203711,0.0208333,0.20330107136633613
28931,0.181298,0.0200779,0.0191667,0.23773620278946747
28932,0.181298,0.0200779,0.0208333,0.2373784204887051
28955,0.250804,0.0176584,0.0191667,0.14164961824871394
28956,0.250804,0.0176584,0.0208333,0.1417520004072253
28979,0.192716,0.0299393,0.0191667,0.3898044360756646
28980,0.192716,0.0299393,0.0208333,0.3892613143725048
29003,0.223742,0.00424117,0.0191667,0.3033524256733424
29004,0.223742,0.00424117,0.0208333,0.30326556051587855
29027,0.209905,0.00353622,0.0191667,0.2706974124954815
29028,0.209905,0.00353622,0.0208333,0.2706173362600646
29051,0.161594,0.000977676,0.0191667,0.6671327042229687
29052,0.161594,0.000977676,0.0208333,0.6669708174117066
29075,0.156471,0.0296447,0.0191667,0.3053867083340693
29076,0.156471,0.0296447,0.0208333,0.3045495015439198
29099,0.254264,0.0178376,0.0191667,0.14463724425050728
29100,0.254264,0.0178376,0.0208333,0.14475058808080504
29123,0.10176,0.0248974,0.0191667,0.17360681427787475
29124,0.10176,0.0248974,0.0208333,0.17368683906531318
29147,0.189142,0.00245567,0.0191667,0.2592365565436636
29148,0.189142,0.00245567,0.0208333,0.259588879930866
29171,0.240422,0.0171226,0.0191667,0.13745195098274343
29172,0.240422,0.0171226,0.0208333,0.1375998931254309
29195,0.207399,0.0184265,0.0191667,0.2202838894813245
29196,0.207399,0.0184265,0.0208333,0.22039377214192957
29219,0.189689,-0.00954586,0.0191667,0.7166900776425444
29220,0.189689,-0.00954586,0.0208333,0.716590980074191
29243,0.184108,-0.000808558,0.0191667,0.43351858136103927
29244,0.184108,-0.000808558,0.0208333,0.43384386056412616
29267,0.179074,-0.00407613,0.0191667,0.6150672013005468
29268,0.179074,-0.00407613,0.0208333,0.6149755932560317
29291,0.235695,0.00787195,0.0191667,0.2641727047552563
29292,0.235695,0.00787195,0.0208333,0.264118584490036
29315,0.213944,0.0247725,0.0191667,0.36961080555113274
29316,0.213944,0.0247725,0.0208333,0.369416020976634
29339,0.194735,-0.00631839,0.0191667,0.5978206983699141
29340,0.194735,-0.00631839,0.0208333,0.5979183952132707
29363,0.212744,0.0156994,0.0191667,0.13661308742047693
29364,0.212744,0.0156994,0.0208333,0.1370701162939678
29387,0.217361,0.0248882,0.0191667,0.379636539574911
29388,0.217361,0.0248882,0.0208333,0.37943780717185804
29411,0.199523,0.00299569,0.0191667,0.24635646704500452
29412,0.199523,0.00299569,0.0208333,0.24646515756901644
29435,0.21559,-0.00511987,0.0191667,0.5545563594352328
29436,0.21559,-0.00511987,0.0208333,0.5547514232519896
29459,0.204871,0.000272019,0.0191667,0.35448449105517776
29460,0.204871,0.000272019,0.0208333,0.35467948397615684
29483,0.193111,-0.0094046,0.0191667,0.7172589066084611
29484,0.193111,-0.0094046,0.0208333,0.7171667886682305
29507,0.168668,-0.00519565,0.0191667,0.7600819113296906
29508,0.168668,-0.00519565,0.0208333,0.7599234495642679
29531,0.166717,-0.00826744,0.0191667,0.8973078002928618
29532,0.166717,-0.00826744,0.0208333,0.8972028133741659
29555,0.245764,0.0144066,0.0191667,0.14623384550048596
29556,0.245764,0.0144066,0.0208333,0.14625042286531995
29579,0.228466,0.0135102,0.0191667,0.06091401964205916
29580,0.228466,0.0135102,0.0208333,0.06068038035189381
29603,0.223432,0.0102453,0.0191667,0.12155859653798574
29604,0.223432,0.0102453,0.0208333,0.12095912349987767
29627,0.208331,0.000452224,0.0191667,0.3635478769610975
29628,0.208331,0.000452224,0.0208333,0.36374751277608497
29651,0.183493,0.0111793,0.0191667,0.10337148288576303
29652,0.183493,0.0111793,0.0208333,0.10336747702346033
29675,0.225007,0.0133309,0.0191667,0.038179503121695664
29676,0.225007,0.0133309,0.0208333,0.037496395693080956
29699,0.20394,0.0182472,0.0191667,0.1995098052491682
29700,0.20394,0.0182472,0.0208333,0.19966314304431074
29723,0.235385,0.0138687,0.0191667,0.10312760695206498
29724,0.235385,0.0138687,0.0208333,0.10293902717618619
29747,0.180909,0.0259131,0.0191667,0.30562554379562035
29748,0.180909,0.0259131,0.0208333,0.30508721626936797
29771,0.186953,0.0113587,0.0191667,0.11025909233425162
29772,0.186953,0.0113587,0.0208333,0.11028248331535884
29795,0.18766,0.0265498,0.0191667,0.3315245188242925
29796,0.18766,0.0265498,0.0208333,0.3310525170586874
29819,0.235075,0.0198607,0.0191667,0.226513338122532
29820,0.235075,0.0198607,0.0208333,0.2266295660351438
29843,0.241345,-0.000846252,0.0191667,0.4983557370893999
29844,0.241345,-0.000846252,0.0208333,0.49851761228821434
29867,0.214318,0.018785,0.0191667,0.2094250884605897
29868,0.214318,0.018785,0.0208333,0.20968598513659517
29891,0.224238,-0.00828188,0.0191667,0.6301813465022763
29892,0.224238,-0.00828188,0.0208333,0.6303487587581618
29915,0.18253,-0.0038983,0.0191667,0.6096612627678815
29916,0.18253,-0.0038983,0.0208333,0.6095745500005866
29939,0.177191,-0.00117977,0.0191667,0.5627962142291902
29940,0.177191,-0.00117977,0.0208333,0.5627188680741004
29963,0.182227,0.00209992,0.0191667,0.3501036122719329
29964,0.182227,0.00209992,0.0208333,0.3505846317104616
29987,0.172131,-0.00493328,0.0191667,0.7521559829782334
29988,0.172131,-0.00493328,0.0208333,0.7519906440793057
30011,0.151458,-0.00549324,0.0191667,1.0463839664763517
30012,0.151458,-0.00549324,0.0208333,1.0463734969483363
30035,0.188837,0.00845147,0.0191667,0.11857203617307117
30036,0.188837,0.00845147,0.0208333,0.11861227119932616
30059,0.186642,0.0173508,0.0191667,0.19977226794959235
30060,0.186642,0.0173508,0.0208333,0.19959351773716602
30083,0.193871,0.0117171,0.0191667,0.10910234763619336
30084,0.193871,0.0117171,0.0208333,0.1092405478248457
30107,0.191676,0.0206157,0.0191667,0.25764529244218615
30108,0.191676,0.0206157,0.0208333,0.2574196542805238
30131,0.197331,0.0118963,0.0191667,0.1076817489789903
30132,0.197331,0.0118963,0.0208333,0.10789333938297581
30155,0.172482,0.0225586,0.0191667,0.24862332628605915
30156,0.172482,0.0225586,0.0208333,0.24811745367688284
30179,0.196711,0.0238475,0.0191667,0.3192291716810471
30180,0.196711,0.0238475,0.0208333,0.3189323255694833
30203,0.20425,0.0122553,0.0191667,0.09571833091846282
30204,0.20425,0.0122553,0.0208333,0.09593932111807338
30227,0.209284,0.0155202,0.0191667,0.11665233706940992
30228,0.209284,0.0155202,0.0208333,0.11711794166874007
30251,0.212015,0.0275936,0.0191667,0.42675489185503784
30252,0.212015,0.0275936,0.0208333,0.4263909608409448
30275,0.1828,0.0230959,0.0191667,0.2741681401211725
30276,0.1828,0.0230959,0.0208333,0.27375996632325356
30299,0.191189,0.02679,0.0191667,0.3446527055296388
30300,0.191189,0.02679,0.0208333,0.3441820674748365
30323,0.186259,0.0232752,0.0191667,0.28916154462813626
30324,0.186259,0.0232752,0.0208333,0.2887619160786978
30347,0.162629,0.0100433,0.0191667,0.15351281228906724
30348,0.162629,0.0100433,0.0208333,0.15406065128777077
30371,0.161261,0.00700227,0.0191667,0.41709298594095495
30372,0.161261,0.00700227,0.0208333,0.4170647058877675
30395,0.213365,0.00371466,0.0191667,0.2821194052663052
30396,0.213365,0.00371466,0.0208333,0.282054786098555
30419,0.20802,0.00644257,0.0191667,0.18775614906959986
30420,0.20802,0.00644257,0.0208333,0.18752509567151512
30443,0.208646,-0.00553084,0.0191667,0.5657746481130708
30444,0.208646,-0.00553084,0.0208333,0.5659719989384431
30467,0.192896,-0.00337135,0.0191667,0.516840449354121
30468,0.192896,-0.00337135,0.0208333,0.517030367871906
30491,0.181608,0.0140858,0.0191667,0.1423484699801367
30492,0.181608,0.0140858,0.0208333,0.14219681213066487
30515,0.176264,0.016813,0.0191667,0.18547326146112414
30516,0.176264,0.016813,0.0208333,0.18510909900103345
30539,0.170889,0.0194815,0.0191667,0.2124218706077023
30540,0.170889,0.0194815,0.0208333,0.21196087368742397
30563,0.197639,0.00590257,0.0191667,0.1708021156386533
30564,0.197639,0.00590257,0.0208333,0.17083111118100355
30587,0.175711,0.0286071,0.0191667,0.32871447266666864
30588,0.175711,0.0286071,0.0208333,0.3280220043305729
30611,0.225902,-0.0052414,0.0191667,0.5687752883996213
30612,0.225902,-0.0052414,0.0208333,0.5689557322709844
30635,0.21904,-0.00503478,0.0191667,0.5557729304823437
30636,0.21904,-0.00503478,0.0208333,0.5559772757590603
30659,0.213682,-0.00227191,0.0191667,0.4649820494681442
30660,0.213682,-0.00227191,0.0208333,0.46520535227524157
30683,0.17123,0.0135481,0.0191667,0.1194228163816848
30684,0.17123,0.0135481,0.0208333,0.11899045238498057
30707,0.223115,0.0162267,0.0191667,0.11587277274906614
30708,0.223115,0.0162267,0.0208333,0.11642113920056142
30731,0.175971,0.0227964,0.0191667,0.26100898730405403
30732,0.175971,0.0227964,0.0208333,0.26051219205947423
30755,0.165793,0.0162232,0.0191667,0.15554757133450073
30756,0.165793,0.0162232,0.0208333,0.1550927479996359
30779,0.199215,0.00898956,0.0191667,0.11778852163503033
30780,0.199215,0.00898956,0.0208333,0.11787247805743332
30803,0.166089,0.0102226,0.0191667,0.1176424370659759
30804,0.166089,0.0102226,0.0208333,0.11829119201549032
30827,0.163159,0.00406348,0.0191667,0.4819151696089694
30828,0.163159,0.00406348,0.0208333,0.4818653243346219
30851,0.202984,0.00317643,0.0191667,0.26202906197210185
30852,0.202984,0.00317643,0.0208333,0.2621384174034016
30875,0.234859,-0.00737212,0.0191667,0.6221972649191413
30876,0.234859,-0.00737212,0.0208333,0.6223457986586085
30899,0.17342,0.00462154,0.0191667,0.27704939550666774
30900,0.17342,0.00462154,0.0208333,0.27756754831278385
30923,0.214196,-0.00841254,0.0191667,0.6492660219720225
30924,0.214196,-0.00841254,0.0208333,0.6494012321601659
30947,0.151781,-0.0116366,0.0191667,1.0511953225922235
30948,0.151781,-0.0116366,0.0208333,1.0511997076546202
30971,0.239155,0.00805562,0.0191667,0.2477590795953274
30972,0.239155,0.00805562,0.0208333,0.24768326706974267
30995,0.243881,0.0173018,0.0191667,0.13928181551146618
30996,0.243881,0.0173018,0.0208333,0.1393788636242845
31019,0.251108,0.0116796,0.0191667,0.22818754793173443
31020,0.251108,0.0116796,0.0208333,0.2282750352721122
31043,0.2335,0.0167751,0.0191667,0.11778343924212138
31044,0.2335,0.0167751,0.0208333,0.11804467361105286
31067,0.230351,0.0105993,0.0191667,0.16063573320644184
31068,0.230351,0.0105993,0.0208333,0.1602692350756616
31091,0.228156,0.0195022,0.0191667,0.2194288642424904
31092,0.228156,0.0195022,0.0208333,0.219700371709318
31115,0.159969,0.0296368,0.0191667,0.30862729350518
31116,0.159969,0.0296368,0.0208333,0.3077902035356557
31139,0.239463,0.00206223,0.0191667,0.4061905553835969
31140,0.239463,0.00206223,0.0208333,0.4063067642666601
31163,0.187261,0.00536524,0.0191667,0.17571587807874647
31164,0.187261,0.00536524,0.0208333,0.1759516160802398
31187,0.239767,-0.00393526,0.0191667,0.5524047908185817
31188,0.239767,-0.00393526,0.0208333,0.552567178886359
31211,0.183183,0.0171715,0.0191667,0.17904895462119988
31212,0.183183,0.0171715,0.0208333,0.178866595895616
31235,0.177838,0.0198986,0.0191667,0.2225893464212247
31236,0.177838,0.0198986,0.0208333,0.22221182044340956
31259,0.236311,-0.00411296,0.0191667,0.5608898976040363
31260,0.236311,-0.00411296,0.0208333,0.5610524802779623
31283,0.178767,0.00190654,0.0191667,0.35025411445906757
31284,0.178767,0.00190654,0.0208333,0.3507010705757078
31307,0.188217,0.0204364,0.0191667,0.24045166326820216
31308,0.188217,0.0204364,0.0208333,0.24022164671393148
31331,0.193561,0.0177094,0.0191667,0.1902525551550129
31332,0.193561,0.0177094,0.0208333,0.1902468054579264
31355,0.184404,-0.0068095,0.0191667,0.663946385687463
31356,0.184404,-0.0068095,0.0208333,0.6638473098378066
31379,0.238537,0.0200289,0.0191667,0.20628473302926248
31380,0.238537,0.0200289,0.0208333,0.206412525980111
31403,0.20771,0.0124346,0.0191667,0.08389412075634335
31404,0.20771,0.0124346,0.0208333,0.08422519695867087
31427,0.254568,0.0118588,0.0191667,0.21847928846851386
31428,0.254568,0.0118588,0.0208333,0.21860186241038299
31451,0.210221,-0.00244523,0.0191667,0.46044409227503774
31452,0.210221,-0.00244523,0.0208333,0.46066474491609855
31475,0.156326,0.023668,0.0191667,0.2520262704417381
31476,0.156326,0.023668,0.0208333,0.2513610328681581
31499,0.258899,0.0271299,0.0191667,0.29225908964617076
31500,0.258899,0.0271299,0.0208333,0.29184039580421967
31523,0.224689,0.0193123,0.0191667,0.2214864527382635
31524,0.224689,0.0193123,0.0208333,0.22175655230095842
31547,0.209595,0.0095281,0.0191667,0.10735826572989005
31548,0.209595,0.0095281,0.0208333,0.10724402195282683
31571,0.241641,-0.00684603,0.0191667,0.6271472200208952
31572,0.241641,-0.00684603,0.0208333,0.627274601585629
31595,0.154435,0.0207881,0.0191667,0.2114777443623222
31596,0.154435,0.0207881,0.0208333,0.21082103202172525
31619,0.26081,0.0242442,0.0191667,0.21862783335318012
31620,0.26081,0.0242442,0.0208333,0.21837139385615598
31643,0.264254,0.0243713,0.0191667,0.1881405913260703
31644,0.264254,0.0243713,0.0208333,0.18791927162422276
31667,0.150943,0.0146224,0.0191667,0.10543943116289912
31668,0.150943,0.0146224,0.0208333,0.1056150790860396
31691,0.245095,-0.00667176,0.0191667,0.6183574412088676
31692,0.245095,-0.00667176,0.0208333,0.6184861158143244
31715,0.150965,0.0207465,0.0191667,0.21310583308962805
31716,0.150965,0.0207465,0.0208333,0.21243573576697872
31739,0.149093,0.0178278,0.0191667,0.13258827523819025
31740,0.149093,0.0178278,0.0208333,0.13187675803734333
31763,0.276551,0.0219474,0.0191667,0.10748063350112395
31764,0.276551,0.0219474,0.0208333,0.10772410256116734
31787,0.281528,0.025478,0.0191667,0.1146077764883099
31788,0.281528,0.025478,0.0208333,0.11448629246410211
31811,0.28703,0.0226708,0.0191667,0.10606746051649812
31812,0.28703,0.0226708,0.0208333,0.10645055736303866
31835,0.12868,0.0246674,0.0191667,0.2752713431012464
31836,0.12868,0.0246674,0.0208333,0.2746296211182423
31859,0.246927,-0.00958383,0.0191667,0.6802999586886785
31860,0.246927,-0.00958383,0.0208333,0.6803794757674746
31883,0.266186,0.0214282,0.0191667,0.13628570717252642
31884,0.266186,0.0214282,0.0208333,0.13634311832937554
31907,0.144065,0.0210409,0.0191667,0.20729048210729423
31908,0.144065,0.0210409,0.0208333,0.20664577521885538
31931,0.264635,0.0183886,0.0191667,0.1435621822284961
31932,0.264635,0.0183886,0.0208333,0.1437601748351848
31955,0.280027,0.0221542,0.0191667,0.10045273068043992
31956,0.280027,0.0221542,0.0208333,0.10074333184259739
31979,0.145406,0.0119471,0.0191667,0.3232714321660663
31980,0.145406,0.0119471,0.0208333,0.32316482630376336
32003,0.114898,0.0256873,0.0191667,0.2615758018058571
32004,0.114898,0.0256873,0.0208333,0.2608921519903964
32027,0.12522,0.0248398,0.0191667,0.27772843562581345
32028,0.12522,0.0248398,0.0208333,0.27710184280673794
32051,0.264945,0.0123966,0.0191667,0.2550555741039184
32052,0.264945,0.0123966,0.0208333,0.255294353786472
32075,0.285502,0.0196554,0.0191667,0.143793523705182
32076,0.285502,0.0196554,0.0208333,0.14424391987185098
32099,0.14565,0.0179611,0.0191667,0.08276076328779489
32100,0.14565,0.0179611,0.0208333,0.08219356587267035
32123,0.250351,-0.00944517,0.0191667,0.6718727631573118
32124,0.250351,-0.00944517,0.0208333,0.6719540126547086
32147,0.118386,0.0254681,0.0191667,0.272250406759689
32148,0.118386,0.0254681,0.0208333,0.27155896222135467
32171,0.251975,-0.00635909,0.0191667,0.6340321348195148
32172,0.251975,-0.00635909,0.0208333,0.6341429503464152
32195,0.143776,0.0150479,0.0191667,0.1286762829536104
32196,0.143776,0.0150479,0.0208333,0.12885476068854346
32219,0.281984,0.0193667,0.0191667,0.17010619030343718
32220,0.281984,0.0193667,0.0208333,0.17053375228984316
32243,0.123339,0.0219794,0.0191667,0.2506957411112939
32244,0.123339,0.0219794,0.0208333,0.25020868641132826
32267,0.266519,0.0154822,0.0191667,0.20938841818902593
32268,0.266519,0.0154822,0.0208333,0.2096546647864983
32291,0.255444,-0.00617085,0.0191667,0.62532240539621
32292,0.255444,-0.00617085,0.0208333,0.625436160127442
32315,0.269976,0.0156612,0.0191667,0.1989191468593377
32316,0.269976,0.0156612,0.0208333,0.1992043026103806
32339,0.280385,0.0162684,0.0191667,0.22746312899670665
32340,0.280385,0.0162684,0.0208333,0.2278255588507502
32363,0.140316,0.0152145,0.0191667,0.1713126734388396
32364,0.140316,0.0152145,0.0208333,0.17124353542274853
32387,0.114511,0.0195169,0.0191667,0.2328183104123462
32388,0.114511,0.0195169,0.0208333,0.23246088622379657
32411,0.119877,0.0221547,0.0191667,0.26283972622443585
32412,0.119877,0.0221547,0.0208333,0.2623421798042823
32435,0.117989,0.0192935,0.0191667,0.23163221963319353
32436,0.117989,0.0192935,0.0208333,0.23121457698877898
32459,0.271859,0.0127545,0.0191667,0.3273884730324783
32460,0.271859,0.0127545,0.0208333,0.3276707203048542
32483,0.138442,0.0123013,0.0191667,0.3897765505546525
32484,0.138442,0.0123013,0.0208333,0.3895776026474345
32507,0.276876,0.0160187,0.0191667,0.257532840265833
32508,0.276876,0.0160187,0.0208333,0.2578723025532894
32531,0.257326,-0.00933341,0.0191667,0.6826862724415104
32532,0.257326,-0.00933341,0.0208333,0.6827447404011787
32555,0.133396,0.0155478,0.0191667,0.14738276516881102
32556,0.133396,0.0155478,0.0208333,0.1472709761401526
32579,0.134693,0.00647527,0.0191667,0.7970100389410595
32580,0.134693,0.00647527,0.0208333,0.7969660398986655
32603,0.260854,-0.0091236,0.0191667,0.6758876339111869
32604,0.260854,-0.0091236,0.0208333,0.6759490768835494
32627,0.119572,0.0162143,0.0191667,0.11972051396719319
32628,0.119572,0.0162143,0.0208333,0.11984136029846457
32651,0.134982,0.012468,0.0191667,0.3941730594251337
32652,0.134982,0.012468,0.0208333,0.3940013883017271
32675,0.275302,0.0129329,0.0191667,0.304562066470991
32676,0.275302,0.0129329,0.0208333,0.3048560506856011
32699,0.262444,-0.00577828,0.0191667,0.6514389202777175
32700,0.262444,-0.00577828,0.0208333,0.6515391229804252
32723,0.133107,0.0095551,0.0191667,0.6429945068028042
32724,0.133107,0.0095551,0.0208333,0.6429416069058091
32747,0.117717,0.0133006,0.0191667,0.3700025440140898
32748,0.117717,0.0133006,0.0208333,0.37014906659365504
32771,0.277177,0.0100258,0.0191667,0.4465056917489551
32772,0.277177,0.0100258,0.0208333,0.44679604785967575
32795,0.280976,0.00428406,0.0191667,0.5836185737254092
32796,0.280976,0.00428406,0.0208333,0.583832152790316
32819,0.129648,0.00972216,0.0191667,0.6476352117512605
32820,0.129648,0.00972216,0.0208333,0.6475919680127166
32843,0.11929,0.010224,0.0191667,0.7003733344812862
32844,0.11929,0.010224,0.0208333,0.7004133424069104
32867,0.270606,0.00367076,0.0191667,0.5132459609739024
32868,0.270606,0.00367076,0.0208333,0.5134635694264756
32891,0.27562,0.0069396,0.0191667,0.4776690251280104
32892,0.27562,0.0069396,0.0208333,0.47792257625839096
32915,0.26591,-0.00560866,0.0191667,0.6463353053977033
32916,0.26591,-0.00560866,0.0208333,0.6464400055755214
32939,0.145263,0.00588717,0.0191667,0.6622165352539304
32940,0.145263,0.00588717,0.0208333,0.6620655286326963
32963,0.251717,-0.00031616,0.0191667,0.520342962699197
32964,0.251717,-0.00031616,0.0208333,0.5205120643532004
32987,0.251417,0.00568567,0.0191667,0.3882959462612503
32988,0.251417,0.00568567,0.0208333,0.38846959753135457
33011,0.250135,-0.0034092,0.0191667,0.5616391968206633
33012,0.250135,-0.0034092,0.0208333,0.561788287116446
33035,0.244498,0.00532794,0.0191667,0.3406378986418189
33036,0.244498,0.00532794,0.0208333,0.34072953905666686
33059,0.249533,0.00859356,0.0191667,0.27351477750457437
33060,0.249533,0.00859356,0.0208333,0.27358921251232016
33083,0.244803,-0.000668478,0.0191667,0.48769915970814137
33084,0.244803,-0.000668478,0.0208333,0.48785712051444097
33107,0.267835,-0.00857662,0.0191667,0.6948790457064885
33108,0.267835,-0.00857662,0.0208333,0.6949101694493289
33131,0.277507,0.00403367,0.0191667,0.5855549021199007
33132,0.277507,0.00403367,0.0208333,0.5857706601061625
33155,0.272497,0.000756472,0.0191667,0.6056989823933708
33156,0.272497,0.000756472,0.0208333,0.605877666649631
33179,0.122729,0.0100584,0.0191667,0.7004680282922537
33180,0.122729,0.0100584,0.0208333,0.7005217029339965
33203,0.127774,0.00681026,0.0191667,0.9005460052384242
33204,0.127774,0.00681026,0.0208333,0.9005671686237158
33227,0.256453,0.00895174,0.0191667,0.33201014831826525
33228,0.256453,0.00895174,0.0208333,0.33219900251199563
33251,0.246074,0.00841414,0.0191667,0.2934775749821698
33252,0.246074,0.00841414,0.0208333,0.2935580423599526
33275,0.24668,-0.00358321,0.0191667,0.5716428952584995
33276,0.24668,-0.00358321,0.0208333,0.5717927482464903
33299,0.260224,0.0031361,0.0191667,0.46394011356365483
33300,0.260224,0.0031361,0.0208333,0.4641331719587731
33323,0.129105,-0.00210043,0.0191667,1.193542868656632
33324,0.129105,-0.00210043,0.0208333,1.1935675721905488
33347,0.124315,0.00697938,0.0191667,0.9025155565012877
33348,0.124315,0.00697938,0.0208333,0.9025334287290684
33371,0.271308,-0.00843051,0.0191667,0.6954855099731325
33372,0.271308,-0.00843051,0.0208333,0.6955126392402751
33395,0.275953,0.00093984,0.0191667,0.604531324359299
33396,0.275953,0.00093984,0.0208333,0.6047090332805208
33419,0.227854,0.0254328,0.0191667,0.3935328625771988
33420,0.227854,0.0254328,0.0208333,0.39331031181206016
33443,0.2332,0.022746,0.0191667,0.3102871408990326
33444,0.2332,0.022746,0.0208333,0.31023171003371075
33467,0.229741,0.0225667,0.0191667,0.3187953585636374
33468,0.229741,0.0225667,0.0208333,0.31873050307008644
33491,0.12245,0.00408114,0.0191667,1.1138444305747996
33492,0.12245,0.00408114,0.0208333,1.113858140292795
33515,0.277844,-0.00197142,0.0191667,0.6877823356564257
33516,0.277844,-0.00197142,0.0208333,0.6878606775546074
33539,0.272845,-0.00528826,0.0191667,0.6884935195392016
33540,0.272845,-0.00528826,0.0208333,0.6885551615187142
33563,0.127276,-0.00489318,0.0191667,1.2256424340922554
33564,0.127276,-0.00489318,0.0208333,1.2256545269428056
33587,0.139686,0.00334404,0.0191667,0.8796291639066435
33588,0.139686,0.00334404,0.0208333,0.8795917556488553
33611,0.138152,0.00632188,0.0191667,0.7908874415026482
33612,0.138152,0.00632188,0.0208333,0.7908367562912899
33635,0.14353,0.00904744,0.0191667,0.5448857665625002
33636,0.14353,0.00904744,0.0208333,0.5447076811093202
33659,0.143293,0.00309693,0.0191667,0.8730641058857653
33660,0.143293,0.00309693,0.0208333,0.8730191157504457
33683,0.124043,0.00101455,0.0191667,1.1786377149813347
33684,0.124043,0.00101455,0.0208333,1.1786515138590619
33707,0.12384,-0.0047703,0.0191667,1.2253238005142968
33708,0.12384,-0.0047703,0.0208333,1.2253349387573518
33731,0.276304,-0.00510578,0.0191667,0.6927396107365833
33732,0.276304,-0.00510578,0.0208333,0.69278347112541
33755,0.229582,0.0284586,0.0191667,0.4621709527019358
33756,0.229582,0.0284586,0.0208333,0.4618212918272596
33779,0.140026,0.00923505,0.0191667,0.5533835601915555
33780,0.140026,0.00923505,0.0208333,0.5532258535075195
33803,0.148574,0.0058415,0.0191667,0.6582577952494012
33804,0.148574,0.0058415,0.0208333,0.658094775078119
33827,0.233107,0.0285916,0.0191667,0.45602825290205284
33828,0.233107,0.0285916,0.0208333,0.4556686657029698
33851,0.278214,-0.00804109,0.0191667,0.740203402682158
33852,0.278214,-0.00804109,0.0208333,0.7398271633830757
33875,0.122213,-0.00181919,0.0191667,1.2608241429710845
33876,0.122213,-0.00181919,0.0208333,1.2608359795821966
33899,0.118759,-0.00165661,0.0191667,1.2564471175085838
33900,0.118759,-0.00165661,0.0208333,1.256448381206773
33923,0.113685,0.00149571,0.0191667,1.2427860189677655
33924,0.113685,0.00149571,0.0208333,1.2427770223835983
33947,0.281639,-0.00781317,0.0191667,0.7566858178419998
33948,0.281639,-0.00781317,0.0208333,0.7561810915920455
33971,0.154097,-0.0199351,0.0191667,0.8581040848278617
33972,0.154097,-0.0199351,0.0208333,0.8581009758477566
33995,0.116895,-0.00447369,0.0191667,1.247181888047658
33996,0.116895,-0.00447369,0.0208333,1.247191560941668
34019,0.283541,-0.0106941,0.0191667,0.7662834732626302
34020,0.283541,-0.0106941,0.0208333,0.7624527582748142
34043,0.111855,-0.00145934,0.0191667,1.2920243470503776
34044,0.111855,-0.00145934,0.0208333,1.2920343527029605
34067,0.129559,-0.0312151,0.0191667,0.29564895358251836
34068,0.129559,-0.0312151,0.0208333,0.29613340302774444
34091,0.296511,0.0217,0.0191667,0.1759930191687048
34092,0.296511,0.0217,0.0208333,0.17649668347701636
34115,0.295993,-0.0358788,0.0191667,0.1757777008169398
34116,0.295993,-0.0358788,0.0208333,0.18591767180125723
34139,0.108688,0.0322952,0.0191667,0.19917296912113452
34140,0.108688,0.0322952,0.0208333,0.19822868657259876
34163,0.209706,-0.0379261,0.0191667,0.6296647706136675
34164,0.209706,-0.0379261,0.0208333,0.6299899516279879
34187,0.298276,0.018802,0.0191667,0.1310312301565642
34188,0.298276,0.018802,0.0208333,0.13144847404217516
34211,0.287019,-0.0104353,0.0191667,0.7839655602794104
34212,0.287019,-0.0104353,0.0208333,0.7698091002426252
34235,0.113462,-0.00442582,0.0191667,1.2389546525653994
34236,0.113462,-0.00442582,0.0208333,1.2389640104601496
34259,0.28674,-0.00436682,0.0191667,0.8065736042366127
34260,0.28674,-0.00436682,0.0208333,0.8058254471902471
34283,0.114394,0.0316845,0.0191667,0.26230624732756097
34284,0.114394,0.0316845,0.0208333,0.2613376178450557
34307,0.291186,0.0322852,0.0191667,0.15907939508417823
34308,0.291186,0.0322852,0.0208333,0.15906960057301836
34331,0.134691,-0.0326833,0.0191667,0.38087235336016045
34332,0.134691,-0.0326833,0.0208333,0.38115683792706645
34355,0.198072,-0.0377316,0.0191667,0.5632926841925165
34356,0.198072,-0.0377316,0.0208333,0.5635484358861858
34379,0.284309,-0.0395831,0.0191667,0.22038109350137092
34380,0.284309,-0.0395831,0.0208333,0.23451797850921793
34403,0.105233,-0.0395434,0.0191667,0.21983603201214527
34404,0.105233,-0.0395434,0.0208333,0.21960298688185573
34427,0.175337,-0.0395609,0.0191667,0.18509849227079106
34428,0.175337,-0.0395609,0.0208333,0.18543986431346685
34451,0.26194,-0.0395691,0.0191667,0.052342662798428585
34452,0.26194,-0.0395691,0.0208333,0.047391107995805495
34475,0.26937,-0.0396074,0.0191667,0.08351956276504564
34476,0.26937,-0.0396074,0.0208333,0.08417665815054017
34499,0.273888,-0.0395827,0.0191667,0.0996572344619441
34500,0.273888,-0.0395827,0.0208333,0.11585228862915495
34523,0.282844,-0.0395823,0.0191667,0.20872553056789678
34524,0.282844,-0.0395823,0.0208333,0.22658628928622315
34547,0.285816,-0.0395544,0.0191667,0.22930414420531087
34548,0.285816,-0.0395544,0.0208333,0.24135113897732074
34571,0.287313,-0.0395691,0.0191667,0.23688712835916179
34572,0.287313,-0.0395691,0.0208333,0.24598261242254502
34595,0.293266,-0.0395605,0.0191667,0.22946779851940968
34596,0.293266,-0.0395605,0.0208333,0.22399883706016177
34619,0.238052,-0.0395874,0.0191667,0.42652884714417444
34620,0.238052,-0.0395874,0.0208333,0.427276259567503
34643,0.254478,-0.0395691,0.0191667,0.28325879984282926
34644,0.254478,-0.0395691,0.0208333,0.2841040452619539
34667,0.266406,-0.0395685,0.0191667,0.08967495464810674
34668,0.266406,-0.0395685,0.0208333,0.08707350106375647
34691,0.297795,-0.0395923,0.0191667,0.12177248668363022
34692,0.297795,-0.0395923,0.0208333,0.09544385695208465
34715,0.13054,-0.039504,0.0191667,0.7934096149238621
34716,0.13054,-0.039504,0.0208333,0.793386992067235
34739,0.188785,-0.0395964,0.0191667,0.3718862266481663
34740,0.188785,-0.0395964,0.0208333,0.372284298752739
34763,0.193274,-0.0395931,0.0191667,0.4214102949322317
34764,0.193274,-0.0395931,0.0208333,0.42181997758420736
34787,0.206716,-0.0395698,0.0191667,0.5026053894581715
34788,0.206716,-0.0395698,0.0208333,0.5030748382805128
34811,0.205224,-0.0395715,0.0191667,0.49815345831179153
34812,0.205224,-0.0395715,0.0208333,0.4986031819507196
34835,0.197749,-0.0395455,0.0191667,0.4687354931900422
34836,0.197749,-0.0395455,0.0208333,0.46913298850346274
34859,0.220168,-0.0396084,0.0191667,0.5205184601206501
34860,0.220168,-0.0396084,0.0208333,0.5210581333881228
34883,0.278337,-0.039491,0.0191667,0.147642536594028
34884,0.278337,-0.039491,0.0208333,0.17944639984777463
34907,0.103699,-0.0395818,0.0191667,0.1517543363916946
34908,0.103699,-0.0395818,0.0208333,0.1515265327378699
34931,0.111249,-0.0395979,0.0191667,0.47427571379500605
34932,0.111249,-0.0395979,0.0208333,0.47412183654850787
34955,0.123122,-0.0395239,0.0191667,0.7516344182178727
34956,0.123122,-0.0395239,0.0208333,0.751564722171354
34979,0.132105,-0.0395886,0.0191667,0.7890536991771991
34980,0.132105,-0.0395886,0.0208333,0.7890383323587825
35003,0.136569,-0.0395893,0.0191667,0.7646587655226981
35004,0.136569,-0.0395893,0.0208333,0.7646569303236456
35027,0.141032,-0.0395949,0.0191667,0.7152252618334834
35028,0.141032,-0.0395949,0.0208333,0.7152190814014046
35051,0.145489,-0.0396009,0.0191667,0.6425499488945622
35052,0.145489,-0.0396009,0.0208333,0.6425198666151671
35075,0.172463,-0.039561,0.0191667,0.12283620366912762
35076,0.172463,-0.039561,0.0208333,0.12323188815718153
35099,0.199272,-0.0395901,0.0191667,0.4739626504389621
35100,0.199272,-0.0395901,0.0208333,0.4743657472818843
35123,0.230597,-0.0395691,0.0191667,0.4936120979906899
35124,0.230597,-0.0395691,0.0208333,0.4942327330538641
35147,0.239604,-0.0395622,0.0191667,0.4218171310474944
35148,0.239604,-0.0395622,0.0208333,0.42260353185446164
35171,0.106713,-0.0395949,0.0191667,0.2834248063309872
35172,0.106713,-0.0395949,0.0208333,0.283215526708294
35195,0.126185,-0.0396486,0.0191667,0.7717824967486455
35196,0.126185,-0.0396486,0.0208333,0.7717316607267166
35219,0.169325,-0.0395934,0.0191667,0.030455082054914907
35220,0.169325,-0.0395934,0.0208333,0.03138970650506468
35243,0.176866,-0.0395691,0.0191667,0.21277240349471874
35244,0.176866,-0.0395691,0.0208333,0.2131157992724073
35267,0.182832,-0.039579,0.0191667,0.3040431739390697
35268,0.182832,-0.039579,0.0208333,0.304395489493174
35291,0.184323,-0.0396038,0.0191667,0.3208808433860028
35292,0.184323,-0.0396038,0.0208333,0.321240294530778
35315,0.200746,-0.0395691,0.0191667,0.48313867224795826
35316,0.200746,-0.0395691,0.0208333,0.4835538108241539
35339,0.203731,-0.0395848,0.0191667,0.4906374645013046
35340,0.203731,-0.0395848,0.0208333,0.4910719167758818
35363,0.212751,-0.0395827,0.0191667,0.514243160615297
35364,0.212751,-0.0395827,0.0208333,0.5147486169016784
35387,0.226121,-0.0395774,0.0191667,0.5223459873384163
35388,0.226121,-0.0395774,0.0208333,0.5229053623022852
35411,0.244075,-0.0395449,0.0191667,0.40522770033459377
35412,0.244075,-0.0395449,0.0208333,0.4060844137380839
35435,0.150058,-0.03956,0.0191667,0.5381373364632597
35436,0.150058,-0.03956,0.0208333,0.5380710950178239
35459,0.154436,-0.0395584,0.0191667,0.40524357349748313
35460,0.154436,-0.0395584,0.0208333,0.4051409594270246
35483,0.15597,-0.0395691,0.0191667,0.35082214216477275
35484,0.15597,-0.0395691,0.0208333,0.3507093780659565
35507,0.209702,-0.0395686,0.0191667,0.5089030747356346
35508,0.209702,-0.0395686,0.0208333,0.5093870786972533
35531,0.217173,-0.0395528,0.0191667,0.5313233275149889
35532,0.217173,-0.0395528,0.0208333,0.5318339783344171
35555,0.232105,-0.039566,0.0191667,0.482173742046924
35556,0.232105,-0.039566,0.0208333,0.48281560586275607
35579,0.248434,-0.0395514,0.0191667,0.3646707490194174
35580,0.248434,-0.0395514,0.0208333,0.3655891366838465
35603,0.114169,-0.0396155,0.0191667,0.5798177114592934
35604,0.114169,-0.0396155,0.0208333,0.5796836648261954
35627,0.120149,-0.0395691,0.0191667,0.7126158001926985
35628,0.120149,-0.0395691,0.0208333,0.7125213386786575
35651,0.1605,-0.0395631,0.0191667,0.20597387483864646
35652,0.1605,-0.0395631,0.0208333,0.20586629910234555
35675,0.121642,-0.0395691,0.0191667,0.7338973227392936
35676,0.121642,-0.0395691,0.0208333,0.7338141871535968
35699,0.117159,-0.0396224,0.0191667,0.6580365893940774
35700,0.117159,-0.0396224,0.0208333,0.6579228559530306
35723,0.170835,-0.0395014,0.0191667,0.0820039436457839
35724,0.170835,-0.0395014,0.0208333,0.08245235315330242
35747,0.163357,-0.0395922,0.0191667,0.11972307271637327
35748,0.163357,-0.0395922,0.0208333,0.11966347450663464
35771,0.167886,-0.0395835,0.0191667,0.020038889975245635
35772,0.167886,-0.0395835,0.0208333,0.021603658664439224
35795,0.181356,-0.0395915,0.0191667,0.2825577711288694
35796,0.181356,-0.0395915,0.0208333,0.28289928822445154
35819,0.185825,-0.0396312,0.0191667,0.3351259211974205
35820,0.185825,-0.0396312,0.0208333,0.33549360196227423
35843,0.190311,-0.0395322,0.0191667,0.39882061525754214
35844,0.190311,-0.0395322,0.0208333,0.39921166153398
35867,0.194831,-0.0395448,0.0191667,0.4436167388947848
35868,0.194831,-0.0395448,0.0208333,0.44402169949357256
35891,0.253003,-0.0395783,0.0191667,0.31526220497088275
35892,0.253003,-0.0395783,0.0208333,0.3161338170757476
35915,0.257477,-0.0395684,0.0191667,0.20546917183587418
35916,0.257477,-0.0395684,0.0208333,0.2060473872647746
35939,0.276833,-0.0395768,0.0191667,0.1271335325846289
35940,0.276833,-0.0395768,0.0208333,0.15623099612264654
35963,0.279882,-0.0396033,0.0191667,0.16779179546625067
35964,0.279882,-0.0396033,0.0208333,0.1955994622962755
35987,0.288819,-0.0394958,0.0191667,0.2407156109202725
35988,0.288819,-0.0394958,0.0208333,0.24840589369237276
36011,0.296273,-0.0394893,0.0191667,0.17757625161227752
36012,0.296273,-0.0394893,0.0208333,0.15836365964324012
36035,0.211203,-0.0395969,0.0191667,0.5071955280359758
36036,0.211203,-0.0395969,0.0208333,0.5076873203279512
36059,0.275374,-0.0396017,0.0191667,0.10996992178270201
36060,0.275374,-0.0396017,0.0208333,0.13370215037657435
36083,0.129032,-0.0396458,0.0191667,0.7893163139917081
36084,0.129032,-0.0396458,0.0208333,0.7892827949137198
36107,0.1336,-0.0395965,0.0191667,0.7836456670568599
36108,0.1336,-0.0395965,0.0208333,0.7836366486110461
36131,0.147009,-0.0395885,0.0191667,0.6117047084183527
36132,0.147009,-0.0395885,0.0208333,0.6116624337158831
36155,0.158939,-0.0394927,0.0191667,0.2517722862897344
36156,0.158939,-0.0394927,0.0208333,0.25164726817452243
36179,0.202235,-0.0395767,0.0191667,0.48813892202418135
36180,0.202235,-0.0395767,0.0208333,0.4885597667369529
36203,0.208209,-0.0395697,0.0191667,0.5056999894828281
36204,0.208209,-0.0395697,0.0208333,0.5061782037553908
36227,0.221642,-0.0395691,0.0191667,0.5241161230100525
36228,0.221642,-0.0395691,0.0208333,0.524660518731586
36251,0.227612,-0.0395691,0.0191667,0.5140696312132671
36252,0.227612,-0.0395691,0.0208333,0.5146450360773225
36275,0.235077,-0.039606,0.0191667,0.45282073395782785
36276,0.235077,-0.039606,0.0208333,0.45350879870914884
36299,0.233583,-0.0395697,0.0191667,0.4713742161897002
36300,0.233583,-0.0395697,0.0208333,0.4720353168775108
36323,0.290324,-0.039562,0.0191667,0.24366629260045386
36324,0.290324,-0.039562,0.0208333,0.24556338133664474
36347,0.124653,-0.0395315,0.0191667,0.7666964649654008
36348,0.124653,-0.0395315,0.0208333,0.7666372915777091
36371,0.148514,-0.0395814,0.0191667,0.5763773194572814
36372,0.148514,-0.0395814,0.0208333,0.5763250896065453
36395,0.255962,-0.0395682,0.0191667,0.2472171324064131
36396,0.255962,-0.0395682,0.0208333,0.24798916885610325
36419,0.267862,-0.0395124,0.0191667,0.09108932510117528
36420,0.267862,-0.0395124,0.0208333,0.09046384855338624
36443,0.135077,-0.0395983,0.0191667,0.7752513602456155
36444,0.135077,-0.0395983,0.0208333,0.7752468419304162
36467,0.291802,-0.0395363,0.0191667,0.23979673609896132
36468,0.291802,-0.0395363,0.0208333,0.23899363237575622
36491,0.294738,-0.0395829,0.0191667,0.2084363132015513
36492,0.294738,-0.0395829,0.0208333,0.19561359471404946
36515,0.1022,-0.0396078,0.0191667,0.08463884351771414
36516,0.1022,-0.0396078,0.0208333,0.0843346940593846
36539,0.112751,-0.0370789,0.0191667,0.5615379767511066
36540,0.112751,-0.0370789,0.0208333,0.561465132029627
36563,0.287555,0.0170843,0.0191667,0.27311567460856867
36564,0.287555,0.0170843,0.0208333,0.27355341498753893
36587,0.29659,0.00996459,0.0191667,0.620655353174567
36588,0.29659,0.00996459,0.0208333,0.6206727195048631
36611,0.103454,0.00995054,0.0191667,0.7577887948081747
36612,0.103454,0.00995054,0.0208333,0.7577147974290311
36635,0.289261,-0.0376969,0.0191667,0.23617233154309167
36636,0.289261,-0.0376969,0.0208333,0.25763546516192215
36659,0.208973,-0.038307,0.0191667,0.6246977565431494
36660,0.208973,-0.038307,0.0208333,0.6250230671593394
36683,0.206005,-0.0382729,0.0191667,0.6151822977320515
36684,0.206005,-0.0382729,0.0208333,0.6154718204564192
36707,0.296588,0.0157482,0.0191667,0.16863317383044774
36708,0.296588,0.0157482,0.0208333,0.1690224162706249
36731,0.293969,-0.00376446,0.0191667,1.0451350721330903
36732,0.293969,-0.00376446,0.0208333,1.0174461318983723
36755,0.111536,-0.00727724,0.0191667,1.1279084221254598
36756,0.111536,-0.00727724,0.0208333,1.1279263521211915
36779,0.288641,-0.00730265,0.0191667,0.852204235048125
36780,0.288641,-0.00730265,0.0208333,0.838775886855297
36803,0.103517,0.0217532,0.0191667,0.20798102910364902
36804,0.103517,0.0217532,0.0208333,0.20787858731187298
36827,0.261254,-0.0317802,0.0191667,0.5662530965037398
36828,0.261254,-0.0317802,0.0208333,0.5659803950378499
36851,0.298283,0.0069044,0.0191667,1.0267582741843684
36852,0.298283,0.0069044,0.0208333,1.025802180982034
36875,0.101861,0.00697037,0.0191667,1.1623791867209865
36876,0.101861,0.00697037,0.0208333,1.1623593769149483
36899,0.161411,-0.022236,0.0191667,0.7888701823159563
36900,0.161411,-0.022236,0.0208333,0.7888661903690344
36923,0.191339,-0.0352776,0.0191667,0.595378366953363
36924,0.191339,-0.0352776,0.0208333,0.5955044204082799
36947,0.104455,-0.0391252,0.0191667,0.1930005335479734
36948,0.104455,-0.0391252,0.0208333,0.19276618840693016
36971,0.28505,-0.0391375,0.0191667,0.23012060228006534
36972,0.28505,-0.0391375,0.0208333,0.24287137407125606
36995,0.297054,-0.0390816,0.0191667,0.1601796827595173
36996,0.297054,-0.0390816,0.0208333,0.13780924079792325
37019,0.105977,-0.0391383,0.0191667,0.25712690577396996
37020,0.105977,-0.0391383,0.0208333,0.2569060816330933
37043,0.291081,-0.0390983,0.0191667,0.24664919877368344
37044,0.291081,-0.0390983,0.0208333,0.24722737130088995
37067,0.283571,-0.0391654,0.0191667,0.21930295119532706
37068,0.283571,-0.0391654,0.0208333,0.23501891288943108
37091,0.134349,-0.0391948,0.0191667,0.7840401600132755
37092,0.134349,-0.0391948,0.0208333,0.7840342809769015
37115,0.14623,-0.0391894,0.0191667,0.6315118467251388
37116,0.14623,-0.0391894,0.0208333,0.6314752022369607
37139,0.253749,-0.0391474,0.0191667,0.3060834870595408
37140,0.253749,-0.0391474,0.0208333,0.3069393292862369
37163,0.277558,-0.0390679,0.0191667,0.14159695759762778
37164,0.277558,-0.0390679,0.0208333,0.1725970221652784
37187,0.274635,-0.0391844,0.0191667,0.10993053950535356
37188,0.274635,-0.0391844,0.0208333,0.12981351165681637
37211,0.125464,-0.0391801,0.0191667,0.7739522879778636
37212,0.125464,-0.0391801,0.0208333,0.773898911846214
37235,0.129722,-0.0391498,0.0191667,0.7970795825934408
37236,0.129722,-0.0391498,0.0208333,0.7970519814576275
37259,0.207463,-0.0391394,0.0191667,0.5099885524357493
37260,0.207463,-0.0391394,0.0208333,0.5104617138999408
37283,0.220914,-0.0391776,0.0191667,0.5336147495809017
37284,0.220914,-0.0391776,0.0208333,0.534151979883324
37307,0.23885,-0.0391496,0.0191667,0.43069491514466607
37308,0.23885,-0.0391496,0.0208333,0.431469222872048
37331,0.168555,-0.0391769,0.0191667,0.038451342196808944
37332,0.168555,-0.0391769,0.0208333,0.03908898455191692
37355,0.288073,-0.0390649,0.0191667,0.2436588710341776
37356,0.288073,-0.0390649,0.0208333,0.25182612514685604
37379,0.120896,-0.0391383,0.0191667,0.7283190199546924
37380,0.120896,-0.0391383,0.0208333,0.7282312100350178
37403,0.182099,-0.0391704,0.0191667,0.30097319338755
37404,0.182099,-0.0391704,0.0208333,0.30132512432062036
37427,0.155182,-0.0391275,0.0191667,0.3794063826126941
37428,0.155182,-0.0391275,0.0208333,0.37929346670379127
37451,0.232852,-0.0391357,0.0191667,0.481967542789919
37452,0.232852,-0.0391357,0.0208333,0.4826175156582672
37475,0.293974,-0.0391434,0.0191667,0.22512350959650326
37476,0.293974,-0.0391434,0.0208333,0.21674574375576652
37499,0.198513,-0.0391356,0.0191667,0.4782908512208635
37500,0.198513,-0.0391356,0.0208333,0.47868882226466625
37523,0.267105,-0.0390809,0.0191667,0.09498666572230019
37524,0.267105,-0.0390809,0.0208333,0.09157187706064565
37547,0.171656,-0.0390624,0.0191667,0.11759401369632258
37548,0.171656,-0.0390624,0.0208333,0.11797196746290027
37571,0.185074,-0.0392349,0.0191667,0.33487023556760054
37572,0.185074,-0.0392349,0.0208333,0.33523497011937126
37595,0.212013,-0.0391796,0.0191667,0.5165498020792053
37596,0.212013,-0.0391796,0.0208333,0.5170561710415436
37619,0.200018,-0.0391593,0.0191667,0.4856421179997701
37620,0.200018,-0.0391593,0.0208333,0.48605416153836783
37643,0.201488,-0.0391458,0.0191667,0.49141165344929594
37644,0.201488,-0.0391458,0.0208333,0.49182842292594486
37667,0.204478,-0.0391563,0.0191667,0.5010900943595936
37668,0.204478,-0.0391563,0.0208333,0.5015388111032191
37691,0.208956,-0.0391383,0.0191667,0.5128406635562434
37692,0.208956,-0.0391383,0.0208333,0.5133206493935822
37715,0.226867,-0.0391466,0.0191667,0.5236513474949273
37716,0.226867,-0.0391466,0.0208333,0.5242165747720693
37739,0.231359,-0.0391352,0.0191667,0.4933934538687141
37740,0.231359,-0.0391352,0.0208333,0.49402313384984275
37763,0.189544,-0.0391286,0.0191667,0.3964481283862657
37764,0.189544,-0.0391286,0.0208333,0.3968381018501395
37787,0.194076,-0.039138,0.0191667,0.4415208642595412
37788,0.194076,-0.039138,0.0208333,0.44192569493649686
37811,0.176083,-0.03913,0.0191667,0.2094826409018296
37812,0.176083,-0.03913,0.0208333,0.20981953803755193
37835,0.183573,-0.0391827,0.0191667,0.3190229814679419
37836,0.183573,-0.0391827,0.0208333,0.3193783057901585
37859,0.20597,-0.0391412,0.0191667,0.5064218364598746
37860,0.20597,-0.0391412,0.0208333,0.5068891460739371
37883,0.159738,-0.0390558,0.0191667,0.2258400040711344
37884,0.159738,-0.0390558,0.0208333,0.22570554454740363
37907,0.122376,-0.039093,0.0191667,0.7480294282725409
37908,0.122376,-0.039093,0.0208333,0.7479540021173284
37931,0.149318,-0.0391414,0.0191667,0.5618706812096836
37932,0.149318,-0.0391414,0.0208333,0.5618098966999303
37955,0.210457,-0.0391656,0.0191667,0.5143672599519262
37956,0.210457,-0.0391656,0.0208333,0.5148540423325345
37979,0.286562,-0.0391235,0.0191667,0.23709599084868557
37980,0.286562,-0.0391235,0.0208333,0.24777784157648158
38003,0.202981,-0.0391615,0.0191667,0.49564189137387865
38004,0.202981,-0.0391615,0.0208333,0.4960682943053778
38027,0.131302,-0.0390927,0.0191667,0.7949758652481205
38028,0.131302,-0.0390927,0.0208333,0.7949552130105761
38051,0.132869,-0.0391851,0.0191667,0.7909203158442841
38052,0.132869,-0.0391851,0.0208333,0.7909090236962139
38075,0.17001,-0.0390948,0.0191667,0.07934304236967536
38076,0.17001,-0.0390948,0.0208333,0.07973664801256447
38099,0.234332,-0.0391757,0.0191667,0.4691742644861018
38100,0.234332,-0.0391757,0.0208333,0.4698441942871762
38123,0.268576,-0.0391198,0.0191667,0.09928983968004984
38124,0.268576,-0.0391198,0.0208333,0.09833374495507634
38147,0.279115,-0.0390943,0.0191667,0.1617706973575836
38148,0.279115,-0.0390943,0.0208333,0.1930008172964591
38171,0.147762,-0.0391699,0.0191667,0.5983553224740912
38172,0.147762,-0.0391699,0.0208333,0.5983064897483052
38195,0.256722,-0.0391365,0.0191667,0.23264604765277253
38196,0.256722,-0.0391365,0.0208333,0.23333830316340778
38219,0.255216,-0.0391373,0.0191667,0.2706048743422069
38220,0.255216,-0.0391373,0.0208333,0.2714180077190807
38243,0.123894,-0.0390553,0.0191667,0.7636700393240068
38244,0.123894,-0.0390553,0.0208333,0.7636071066739508
38267,0.289591,-0.0390578,0.0191667,0.24633250842692284
38268,0.289591,-0.0390578,0.0208333,0.2514936114773258
38291,0.135825,-0.0391876,0.0191667,0.7744018626052622
38292,0.135825,-0.0391876,0.0208333,0.7743985594578302
38315,0.276088,-0.0391786,0.0191667,0.12273053688147094
38316,0.276088,-0.0391786,0.0208333,0.1496196329127618
38339,0.292531,-0.0390968,0.0191667,0.23961003102019748
38340,0.292531,-0.0390968,0.0208333,0.23679221811308349
38363,0.295489,-0.0390722,0.0191667,0.1992137796965555
38364,0.295489,-0.0390722,0.0208333,0.18325838699880584
38387,0.102915,-0.0391895,0.0191667,0.12374266039891982
38388,0.102915,-0.0391895,0.0208333,0.12350290596565086
38411,0.188628,-0.0380242,0.0191667,0.4549650981531925
38412,0.188628,-0.0380242,0.0208333,0.4552195081935967
38435,0.10773,-0.0275911,0.0191667,0.39281965339516095
38436,0.10773,-0.0275911,0.0208333,0.39293491378548945
38459,0.248572,-0.0352792,0.0191667,0.606456764610799
38460,0.248572,-0.0352792,0.0208333,0.6067693547446923
38483,0.210444,-0.0383544,0.0191667,0.6229536123922395
38484,0.210444,-0.0383544,0.0208333,0.6233024870428011
38507,0.161865,-0.0195943,0.0191667,0.894303354545362
38508,0.161865,-0.0195943,0.0208333,0.8942962478403353
38531,0.110728,-0.0130296,0.0191667,0.6105173343028762
38532,0.110728,-0.0130296,0.0208333,0.6104579568570879
38555,0.205241,-0.037787,0.0191667,0.6147000501931159
38556,0.205241,-0.037787,0.0208333,0.6149845229261568
38579,0.215633,-0.0396351,0.0191667,0.5160131444869143
38580,0.215633,-0.0396351,0.0208333,0.5165250352894794
38603,0.266307,-0.011602,0.0191667,0.7076948815095404
38604,0.266307,-0.011602,0.0208333,0.707693924515996
38627,0.234736,-0.0367674,0.0191667,0.6640020889773101
38628,0.234736,-0.0367674,0.0208333,0.6643562293386087
38651,0.293177,0.00967282,0.0191667,0.5351063825265043
38652,0.293177,0.00967282,0.0208333,0.5352142426096036
38675,0.174312,-0.0324414,0.0191667,0.4951942272890044
38676,0.174312,-0.0324414,0.0208333,0.4952483859379694
38699,0.23157,-0.0324713,0.0191667,0.7949730325831739
38700,0.23157,-0.0324713,0.0208333,0.7950634176215527
38723,0.224652,-0.0395534,0.0191667,0.5316292228642321
38724,0.224652,-0.0395534,0.0208333,0.5321734602006204
38747,0.2254,-0.0391309,0.0191667,0.5322383495185311
38748,0.2254,-0.0391309,0.0208333,0.5327895843202027
38771,0.20446,-0.0382401,0.0191667,0.6077007600499169
38772,0.20446,-0.0382401,0.0208333,0.6079865706647795
38795,0.272717,-0.0377514,0.0191667,0.13512413735262108
38796,0.272717,-0.0377514,0.0208333,0.15618869799025442
38819,0.10349,0.0157879,0.0191667,0.2657204278570799
38820,0.10349,0.0157879,0.0208333,0.26575827995061996
38843,0.245868,-0.0381329,0.0191667,0.5028176888734907
38844,0.245868,-0.0381329,0.0208333,0.503494541267888
38867,0.178126,-0.0301251,0.0191667,0.6309017387742464
38868,0.178126,-0.0301251,0.0208333,0.6309355960677991
38891,0.235379,-0.0301438,0.0191667,0.8183633871311353
38892,0.235379,-0.0301438,0.0208333,0.818392135603581
38915,0.234684,-0.0274637,0.0191667,0.8528782325967632
38916,0.234684,-0.0274637,0.0208333,0.8528564795121921
38939,0.177431,-0.0274416,0.0191667,0.7331375926479347
38940,0.177431,-0.0274416,0.0208333,0.7331449917993552
38963,0.230187,-0.0372932,0.0191667,0.6716474751511365
38964,0.230187,-0.0372932,0.0208333,0.6719953344496683
38987,0.101758,0.0188558,0.0191667,0.2469028589112925
38988,0.101758,0.0188558,0.0208333,0.246854848358504
39011,0.110452,-0.0308203,0.0191667,0.38517510223368334
39012,0.110452,-0.0308203,0.0208333,0.3853407300638831
39035,0.139477,-0.0379869,0.0191667,0.7288621343239671
39036,0.139477,-0.0379869,0.0208333,0.7288462012477941
39059,0.136451,-0.0246235,0.0191667,0.28069597037009164
39060,0.136451,-0.0246235,0.0208333,0.28050666579754285
39083,0.274881,-0.0184028,0.0191667,0.7033800640729306
39084,0.274881,-0.0184028,0.0208333,0.7020334552275286
39107,0.201943,0.0271553,0.0191667,0.38397604869461144
39108,0.201943,0.0271553,0.0208333,0.38358711712751586
39131,0.196495,0.0300778,0.0191667,0.4042211875987092
39132,0.196495,0.0300778,0.0208333,0.4036848530523608
39155,0.192441,-0.0383702,0.0191667,0.4958264150448018
39156,0.192441,-0.0383702,0.0208333,0.4960927793285749
39179,0.245344,-0.032333,0.0191667,0.7128745218638861
39180,0.245344,-0.032333,0.0208333,0.7129900030307511
39203,0.385318,-0.00834928,0.0191667,0.6669847058437529
39204,0.385318,-0.00834928,0.0208333,0.6170825794491306
39227,0.332354,0.0083216,0.0191667,1.3325732627050952
39228,0.332354,0.0083216,0.0208333,1.3303818519753918
39251,0.361764,0.0083216,0.0191667,1.3126432522250868
39252,0.361764,0.0083216,0.0208333,1.3096574563095278
39275,0.138175,0.0380251,0.0191667,0.32839140289659996
39276,0.138175,0.0380251,0.0208333,0.3272483024189255
39299,0.314716,0.00833351,0.0191667,1.2969164784268143
39300,0.314716,0.00833351,0.0208333,1.2957045844059916
39323,0.185369,0.0383652,0.0191667,0.4266025766993264
39324,0.185369,0.0383652,0.0208333,0.4257158517507893
39347,0.149956,0.0384394,0.0191667,0.33346978813187106
39348,0.149956,0.0384394,0.0208333,0.33233634895817776
39371,0.285294,0.0383019,0.0191667,0.25737081072174905
39372,0.285294,0.0383019,0.0208333,0.2571708774161444
39395,0.0558733,-0.00834158,0.0191667,1.1566601999057704
39396,0.0558733,-0.00834158,0.0208333,1.156660200230382
39419,0.0441176,0.00830191,0.0191667,1.1566102730019883
39420,0.0441176,0.00830191,0.0208333,1.1566102731256676
39443,0.0794118,0.00830191,0.0191667,1.1576003381327484
39444,0.0794118,0.00830191,0.0208333,1.1576003394670489
39467,0.0323529,0.00830191,0.0191667,1.156440322612387
39468,0.0323529,0.00830191,0.0208333,1.1564403226602094
39491,0.00873729,0.00860587,0.0191667,1.1567503550829654
39492,0.00873729,0.00860587,0.0208333,1.1567503550868128
39515,0.0735294,-0.00830191,0.0191667,1.1582001574446719
39516,0.0735294,-0.00830191,0.0208333,1.15820015871319
39539,0.0852941,-0.00830191,0.0191667,1.1594800503413012
39540,0.0852941,-0.00830191,0.0208333,1.1594800523659845
39563,0.0205882,0.00830191,0.0191667,1.156620286872932
39564,0.0205882,0.00830191,0.0208333,1.1566202868898774
39587,0.367647,-0.00830191,0.0191667,0.6054524789448659
39588,0.367647,-0.00830191,0.0208333,0.5439871106504885
39611,0.0382443,-0.00834158,0.0191667,1.1563403170816715
39612,0.0382443,-0.00834158,0.0208333,1.1563403171599582
39635,0.120477,0.0382415,0.0191667,0.2985621257148876
39636,0.120477,0.0382415,0.0208333,0.29738475517061513
39659,0.108842,0.0384033,0.0191667,0.1893756762316114
39660,0.108842,0.0384033,0.0208333,0.18811257138897017
39683,0.0617647,0.00830191,0.0191667,1.1573402284258327
39684,0.0617647,0.00830191,0.0208333,1.1573402288994026
39707,0.0264706,-0.00830191,0.0191667,1.1565203336622327
39708,0.0264706,-0.00830191,0.0208333,1.156520333691219
39731,0.0147262,-0.00833462,0.0191667,1.156920236156596
39732,0.0147262,-0.00833462,0.0208333,1.156920236165723
39755,0.05,0.00830191,0.0191667,1.156810264631703
39756,0.05,0.00830191,0.0208333,1.156810264827628
39779,0.314706,-0.00830191,0.0191667,0.5396207315831092
39780,0.314706,-0.00830191,0.0208333,0.37247455382288863
39803,0.320588,-0.00830191,0.0191667,0.5002633955346613
39804,0.320588,-0.00830191,0.0208333,0.34405897604689184
39827,0.332353,-0.00830191,0.0191667,0.49812626215796857
39828,0.332353,-0.00830191,0.0208333,0.3827695715456495
39851,0.344118,-0.00830191,0.0191667,0.5281842069165071
39852,0.344118,-0.00830191,0.0208333,0.44150022040616976
39875,0.35,-0.00830191,0.0191667,0.5489357995593296
39876,0.35,-0.00830191,0.0208333,0.4711535187574361
39899,0.361765,-0.00830191,0.0191667,0.5866636169757181
39900,0.361765,-0.00830191,0.0208333,0.5214182703149809
39923,0.391263,-0.00858974,0.0191667,0.6767059456663526
39924,0.391263,-0.00858974,0.0208333,0.6293057114615659
39947,0.379421,0.00834158,0.0191667,1.2980551619216218
39948,0.379421,0.00834158,0.0208333,1.2948483202994874
39971,0.367647,0.00830191,0.0191667,1.3085897813355902
39972,0.367647,0.00830191,0.0208333,1.3053840344029946
39995,0.355873,0.00834158,0.0191667,1.3168776856271782
39996,0.355873,0.00834158,0.0208333,1.3141315323368254
40019,0.338244,0.00834158,0.0191667,1.3298875854266032
40020,0.338244,0.00834158,0.0208333,1.3276210878539163
40043,0.320588,0.00830191,0.0191667,1.321324785504162
40044,0.320588,0.00830191,0.0208333,1.3193554566029666
40067,0.308884,0.00836582,0.0191667,1.2322260160735206
40068,0.308884,0.00836582,0.0208333,1.2317559112630123
40091,0.291158,0.0384039,0.0191667,0.18554662238291378
40092,0.291158,0.0384039,0.0208333,0.18581674565635897
40115,0.27951,0.0382419,0.0191667,0.30955621556946383
40116,0.27951,0.0382419,0.0208333,0.30908438152644485
40139,0.267793,0.0383963,0.0191667,0.40976505806368857
40140,0.267793,0.0383963,0.0208333,0.4091057862479476
40163,0.261837,0.0379823,0.0191667,0.4423583793458011
40164,0.261837,0.0379823,0.0208333,0.44164505842054924
40187,0.249969,0.038389,0.0191667,0.5265474772672585
40188,0.249969,0.038389,0.0208333,0.5258259775867686
40211,0.203002,0.0384927,0.0191667,0.5211218986522911
40212,0.203002,0.0384927,0.0208333,0.5203069539034596
40235,0.179356,0.0382334,0.0191667,0.40218972870227065
40236,0.179356,0.0382334,0.0208333,0.40124445284473165
40259,0.0911164,0.00836582,0.0191667,1.152931995285825
40260,0.0911164,0.00836582,0.0208333,1.152921995843176
40283,0.220542,0.0386595,0.0191667,0.5931422353999991
40284,0.220542,0.0386595,0.0208333,0.5923477222756904
40307,0.214767,0.038086,0.0191667,0.5666476158100696
40308,0.214767,0.038086,0.0208333,0.5658969379883991
40331,0.23794,0.0382282,0.0191667,0.5804248144506969
40332,0.23794,0.0382282,0.0208333,0.5796733949219272
40355,0.167852,0.038144,0.0191667,0.3643952847976846
40356,0.167852,0.038144,0.0208333,0.36335641757976916
40379,0.132385,0.0386373,0.0191667,0.3266881100090472
40380,0.132385,0.0386373,0.0208333,0.3255142290843952
40403,0.126564,0.0380951,0.0191667,0.31927097409871413
40404,0.126564,0.0380951,0.0208333,0.31813516035305517
40427,0.244059,0.0383711,0.0191667,0.5578400163502765
40428,0.244059,0.0383711,0.0208333,0.5570805043784816
40451,0.373529,-0.00830191,0.0191667,0.6247299371331638
40452,0.373529,-0.00830191,0.0208333,0.5664636957628131
40475,0.114706,0.0383019,0.0191667,0.2590664516286293
40476,0.114706,0.0383019,0.0208333,0.2578182946684963
40499,0.0264706,0.00830191,0.0191667,1.1564603307581207
40500,0.0264706,0.00830191,0.0208333,1.1564603307871097
40523,0.273636,0.0384273,0.0191667,0.36153126825282483
40524,0.273636,0.0384273,0.0208333,0.3610033440306066
40547,0.0617636,-0.0083216,0.0191667,1.1571501830026691
40548,0.0617636,-0.0083216,0.0208333,1.1571501835208953
40571,0.0852841,0.00833351,0.0191667,1.1563906945102858
40572,0.0852841,0.00833351,0.0208333,1.1563906959201968
40595,0.0912039,-0.00834764,0.0191667,1.158990156152316
40596,0.0912039,-0.00834764,0.0208333,1.1589901557875721
40619,0.032354,-0.0083216,0.0191667,1.1564003360748192
40620,0.032354,-0.0083216,0.0208333,1.1564003361227855
40643,0.37353,0.0083216,0.0191667,1.303607426583394
40644,0.37353,0.0083216,0.0208333,1.3004110432051725
40667,0.0382443,0.00831744,0.0191667,1.1563702864350276
40668,0.0382443,0.00831744,0.0208333,1.1563702865118224
40691,0.338244,-0.00831744,0.0191667,0.5054287663414766
40692,0.338244,-0.00831744,0.0208333,0.4053677212586382
40715,0.355873,-0.00831744,0.0191667,0.5625832213711269
40716,0.355873,-0.00831744,0.0208333,0.49213299608011335
40739,0.0735294,0.00830191,0.0191667,1.1577002748556176
40740,0.0735294,0.00830191,0.0208333,1.1577002758737123
40763,0.308802,-0.00834911,0.0191667,0.5798071948746151
40764,0.308802,-0.00834911,0.0208333,0.4032375092405699
40787,0.0794118,-0.00830191,0.0191667,1.1587501086888978
40788,0.0794118,-0.00830191,0.0208333,1.1587501105193183
40811,0.326471,0.00830822,0.0191667,1.331286715936522
40812,0.326471,0.00830822,0.0208333,1.3291257611181646
40835,0.326471,-0.00830191,0.0191667,0.49291437528063525
40836,0.326471,-0.00830191,0.0208333,0.35780489530964893
40859,0.0558733,0.00831744,0.0191667,1.1569102501029482
40860,0.0558733,0.00831744,0.0208333,1.1569102504095616
40883,0.0676471,0.00830191,0.0191667,1.1575702523093778
40884,0.0676471,0.00830191,0.0208333,1.1575702530201561
40907,0.067647,-0.00830822,0.0191667,1.157670175392242
40908,0.067647,-0.00830822,0.0208333,1.1576701762124506
40931,0.0146915,0.00837352,0.0191667,1.1567602500031862
40932,0.0146915,0.00837352,0.0208333,1.156760250012291
40955,0.379425,-0.00832534,0.0191667,0.6420454704548874
40956,0.379425,-0.00832534,0.0208333,0.5880202303912787
40979,0.0205882,-0.00830191,0.0191667,1.1566203076802992
40980,0.0205882,-0.00830191,0.0208333,1.1566203076972483
41003,0.206786,-0.0378469,0.0191667,0.6208966539034324
41004,0.206786,-0.0378469,0.0208333,0.6211869600355294
41027,0.208261,-0.0378838,0.0191667,0.6259395589332428
41028,0.208261,-0.0378838,0.0208333,0.6262456624826856
41051,0.149717,-0.0370864,0.0191667,0.4757700070881288
41052,0.149717,-0.0370864,0.0208333,0.47575119122355974
41075,0.272656,-0.0301412,0.0191667,0.3908586917006708
41076,0.272656,-0.0301412,0.0208333,0.3821979522082896
41099,0.267161,-0.0275133,0.0191667,0.6217147019654915
41100,0.267161,-0.0275133,0.0208333,0.6206401706488744
41123,0.103184,-0.0359782,0.0191667,0.2488998135277745
41124,0.103184,-0.0359782,0.0208333,0.2486902320231744
41147,0.146156,-0.0383617,0.0191667,0.6155365013702226
41148,0.146156,-0.0383617,0.0208333,0.6154942101071508
41171,0.216388,-0.0391879,0.0191667,0.5367296728080208
41172,0.216388,-0.0391879,0.0208333,0.537234276832335
41195,0.136023,-0.0308224,0.0191667,0.23886682760008116
41196,0.136023,-0.0308224,0.0208333,0.23921444284883303
41219,0.295215,-0.0333522,0.0191667,0.15386972096397003
41220,0.295215,-0.0333522,0.0208333,0.2045110882466095
41243,0.294446,-0.0373685,0.0191667,0.2138120256160537
41244,0.294446,-0.0373685,0.0208333,0.21996965534164842
41267,0.155786,-0.0245168,0.0191667,0.6461512917219869
41268,0.155786,-0.0245168,0.0208333,0.6461424899855287
41291,0.112697,0.0166008,0.0191667,0.18990247311975691
41292,0.112697,0.0166008,0.0208333,0.18959395428058676
41315,0.165297,0.0218902,0.0191667,0.23497323559101874
41316,0.165297,0.0218902,0.0208333,0.2344004799672537
41339,0.220659,-0.0369021,0.0191667,0.6852440137405998
41340,0.220659,-0.0369021,0.0208333,0.6855474034152294
41363,0.277505,-0.036674,0.0191667,0.15427911684090626
41364,0.277505,-0.036674,0.0208333,0.19095256327674684
41387,0.115801,-0.0210376,0.0191667,0.2285131149169537
41388,0.115801,-0.0210376,0.0208333,0.22825931006725858
41411,0.231422,-0.026454,0.0191667,0.8693709904492847
41412,0.231422,-0.026454,0.0208333,0.8693420060759546
41435,0.174163,-0.02643,0.0191667,0.738820310521381
41436,0.174163,-0.02643,0.0208333,0.7388279070975575
41459,0.100511,-0.0332605,0.0191667,0.25012742809090327
41460,0.100511,-0.0332605,0.0208333,0.2498027394703469
41483,0.299524,-0.0332763,0.0191667,0.1899394405205512
41484,0.299524,-0.0332763,0.0208333,0.12223917209147811
41507,0.264761,-0.0378733,0.0191667,0.09334596122945009
41508,0.264761,-0.0378733,0.0208333,0.08202246342606395
41531,0.162871,-0.0371759,0.0191667,0.07773303733598476
41532,0.162871,-0.0371759,0.0208333,0.07778796287498471
41555,0.155271,-0.0328694,0.0191667,0.23537173876918066
41556,0.155271,-0.0328694,0.0208333,0.2354358722617206
41579,0.0470588,0.00321609,0.0191667,1.1798403116360063
41580,0.0470588,0.00321609,0.0208333,1.1798403117908953
41603,0.388763,-0.00362266,0.0191667,1.1396623172210705
41604,0.388763,-0.00362266,0.0208333,1.1021141870592408
41627,0.347059,-0.00321609,0.0191667,1.1999475053807511
41628,0.347059,-0.00321609,0.0208333,1.1438847166087873
41651,0.26216,-0.0350029,0.0191667,0.42260071087848394
41652,0.26216,-0.0350029,0.0208333,0.42221714036448604
41675,0.157986,0.00105354,0.0191667,0.6767769266370497
41676,0.157986,0.00105354,0.0208333,0.6766184901498986
41699,0.152832,-0.00219995,0.0191667,0.8857800688603892
41700,0.152832,-0.00219995,0.0208333,0.8856931620337599
41723,0.171704,-0.0381519,0.0191667,0.1690428224228787
41724,0.171704,-0.0381519,0.0208333,0.1692540859671119
41747,0.100769,-0.0284983,0.0191667,0.43770320810193974
41748,0.100769,-0.0284983,0.0208333,0.4375076057182206
41771,0.00564802,-0.00500179,0.0191667,1.1611710681346163
41772,0.00564802,-0.00500179,0.0208333,1.1611710681362535
41795,0.218858,-0.0367115,0.0191667,0.6960979359074263
41796,0.218858,-0.0367115,0.0208333,0.6963672940393121
41819,0.207497,-0.0382849,0.0191667,0.6210870218038451
41820,0.207497,-0.0382849,0.0208333,0.6213944302530773
41843,0.108044,-0.00720188,0.0191667,1.1127320843017783
41844,0.108044,-0.00720188,0.0208333,1.1127403798131064
41867,0.292412,-0.00690367,0.0191667,0.9316535760116257
41868,0.292412,-0.00690367,0.0208333,0.9020164549169821
41891,0.189711,-0.0347056,0.0191667,0.5971976768765066
41892,0.189711,-0.0347056,0.0208333,0.5973076644674536
41915,0.126505,-0.0314967,0.0191667,0.3311612718288215
41916,0.126505,-0.0314967,0.0208333,0.33163862816078465
41939,0.181443,-0.0330773,0.0191667,0.5667379625737865
41940,0.181443,-0.0330773,0.0208333,0.5668133691761077
41963,0.282553,0.0074571,0.0191667,0.5499532170958145
41964,0.282553,0.0074571,0.0208333,0.5502276183938727
41987,0.282275,0.0134497,0.0191667,0.3803547900574946
41988,0.282275,0.0134497,0.0208333,0.38070270489709146
42011,0.246923,-0.034669,0.0191667,0.6423217022257993
42012,0.246923,-0.034669,0.0208333,0.6425727156848355
42035,0.164893,-0.0395376,0.0191667,0.07720631967209679
42036,0.164893,-0.0395376,0.0208333,0.0772698439731827
42059,0.163797,-0.0370063,0.0191667,0.06404110894009722
42060,0.163797,-0.0370063,0.0208333,0.06419752150230178
42083,0.209088,-0.011672,0.0191667,0.7311187708324757
42084,0.209088,-0.011672,0.0208333,0.731141234851309
42107,0.112057,-0.0383742,0.0191667,0.5439378554939235
42108,0.112057,-0.0383742,0.0208333,0.5438105967160005
42131,0.161645,-0.0267486,0.0191667,0.6010314020124274
42132,0.161645,-0.0267486,0.0208333,0.601023679423137
42155,0.188017,-0.0341084,0.0191667,0.5994256854123923
42156,0.188017,-0.0341084,0.0208333,0.5995208153727603
42179,0.140537,-0.0336471,0.0191667,0.42846247819644956
42180,0.140537,-0.0336471,0.0208333,0.42859698084792947
42203,0.148953,-0.0357915,0.0191667,0.4154175338114367
42204,0.148953,-0.0357915,0.0208333,0.41544828753107393
42227,0.1388,-0.0392112,0.0191667,0.7470573550218403
42228,0.1388,-0.0392112,0.0208333,0.7470551276886673
42251,0.198431,0.0270813,0.0191667,0.3698905020036261
42252,0.198431,0.0270813,0.0208333,0.36950652687852925
42275,0.282214,-0.0243135,0.0191667,0.3988567056768132
42276,0.282214,-0.0243135,0.0208333,0.36687981586459617
42299,0.194242,-0.0347983,0.0191667,0.6411396149989865
42300,0.194242,-0.0347983,0.0208333,0.6412575796399039
42323,0.278588,-0.0142657,0.0191667,0.7266744037202976
42324,0.278588,-0.0142657,0.0208333,0.7253064495204331
42347,0.251477,-0.0347823,0.0191667,0.5862414626785978
42348,0.251477,-0.0347823,0.0208333,0.5865251634743202
42371,0.388345,-0.00693902,0.0191667,0.678467827366953
42372,0.388345,-0.00693902,0.0208333,0.6310209091600945
42395,0.0470588,0.00660382,0.0191667,1.1586803759056896
42396,0.0470588,0.00660382,0.0208333,1.1586803760627191
42419,0.0588145,0.00661935,0.0191667,1.1591803202760638
42420,0.0588145,0.00661935,0.0208333,1.159180320658753
42443,0.376481,0.00666318,0.0191667,1.303224727290079
42444,0.376481,0.00666318,0.0208333,1.299979706455718
42467,0.335304,0.00666318,0.0191667,1.334149607209966
42468,0.335304,0.00666318,0.0208333,1.331838752190299
42491,0.0235294,0.00660382,0.0191667,1.1584404615533597
42492,0.0235294,0.00660382,0.0208333,1.1584404615757693
42515,0.364705,0.00662351,0.0191667,1.3133292679273911
42516,0.364705,0.00662351,0.0208333,1.3100965795695128
42539,0.135266,0.0366624,0.0191667,0.329615221163679
42540,0.135266,0.0366624,0.0208333,0.3284696907546281
42563,0.0647048,-0.00662981,0.0191667,1.1594902490098458
42564,0.0647048,-0.00662981,0.0208333,1.1594902496679655
42587,0.347059,-0.00660382,0.0191667,0.5504842723727424
42588,0.347059,-0.00660382,0.0208333,0.470231581947014
42611,0.317647,-0.00660382,0.0191667,0.5241066466390237
42612,0.317647,-0.00660382,0.0208333,0.36605869788653084
42635,0.0116641,0.00697939,0.0191667,1.158460432467874
42636,0.0116641,0.00697939,0.0208333,1.1584604324741443
42659,0.370588,-0.00660382,0.0191667,0.6248015630040626
42660,0.370588,-0.00660382,0.0208333,0.565512306396536
42683,0.123511,0.0363366,0.0191667,0.31273718669401135
42684,0.123511,0.0363366,0.0208333,0.31159963692793613
42707,0.0705882,0.00660382,0.0191667,1.1597003825710923
42708,0.0705882,0.00660382,0.0208333,1.159700383422343
42731,0.0823429,0.00663542,0.0191667,1.1592008734364885
42732,0.0823429,0.00663542,0.0208333,1.1592008747762863
42755,0.352932,-0.00661935,0.0191667,0.5666567776919884
42756,0.352932,-0.00661935,0.0208333,0.49463994820738416
42779,0.246969,0.0367601,0.0191667,0.5420185097935476
42780,0.246969,0.0367601,0.0208333,0.5412707727289595
42803,0.182372,0.0365986,0.0191667,0.4151079285508899
42804,0.182372,0.0365986,0.0208333,0.4141998402973363
42827,0.0823529,-0.00660382,0.0191667,1.1611401072144292
42828,0.0823529,-0.00660382,0.0208333,1.1611401093035938
42851,0.335303,-0.00661935,0.0191667,0.513108171139272
42852,0.335303,-0.00661935,0.0208333,0.40902047265934416
42875,0.311835,0.00669933,0.0191667,1.2802001117890476
42876,0.311835,0.00669933,0.0208333,1.2788990407216734
42899,0.129537,0.0367325,0.0191667,0.32353817917411987
42900,0.129537,0.0367325,0.0208333,0.32241705168840257
42923,0.264923,0.0363786,0.0191667,0.4210386032373764
42924,0.264923,0.0363786,0.0208333,0.42034278862591873
42947,0.358813,0.00666318,0.0191667,1.3175427299383042
42948,0.358813,0.00666318,0.0208333,1.314520483595186
42971,0.111784,0.0367053,0.0191667,0.23272778585403506
42972,0.111784,0.0367053,0.0208333,0.23147641495993085
42995,0.282451,0.0365438,0.0191667,0.28244089070970235
42996,0.282451,0.0365438,0.0208333,0.2820275259577669
43019,0.217661,0.0367455,0.0191667,0.5755547064673566
43020,0.217661,0.0367455,0.0208333,0.5748129879273837
43043,0.270841,0.0368236,0.0191667,0.38315646783351165
43044,0.270841,0.0368236,0.0208333,0.3825276209567474
43067,0.240823,0.0365993,0.0191667,0.5681048117699868
43068,0.240823,0.0365993,0.0208333,0.5673509638878194
43091,0.317657,0.00663542,0.0191667,1.315714195114395
43092,0.317657,0.00663542,0.0208333,1.3136692803381984
43115,0.0353042,-0.00666318,0.0191667,1.1582004522888143
43116,0.0353042,-0.00666318,0.0208333,1.1582004523502756
43139,0.117535,0.0365434,0.0191667,0.28355673870666664
43140,0.117535,0.0365434,0.0208333,0.2823559954689293
43163,0.0294118,0.00660382,0.0191667,1.158350453765341
43164,0.0294118,0.00660382,0.0208333,1.1583504538026645
43187,0.0881653,0.00669933,0.0191667,1.1570928242816465
43188,0.0881653,0.00669933,0.0208333,1.1570928250363166
43211,0.0882627,-0.00664955,0.0191667,1.1614403565670086
43212,0.0882627,-0.00664955,0.0208333,1.1614403582947128
43235,0.341186,-0.00661935,0.0191667,0.533516105845181
43236,0.341186,-0.00661935,0.0208333,0.444245438373994
43259,0.0353032,0.00661935,0.0191667,1.1583404371524977
43260,0.0353032,0.00661935,0.0208333,1.1583404372134944
43283,0.276675,0.0366692,0.0191667,0.33500715254599406
43284,0.276675,0.0366692,0.0208333,0.3345013106311156
43307,0.311744,-0.00665102,0.0191667,0.5596590206150907
43308,0.311744,-0.00665102,0.0208333,0.38904600059035127
43331,0.364706,-0.00660382,0.0191667,0.6072942944883851
43332,0.364706,-0.00660382,0.0208333,0.5446148469951719
43355,0.329413,0.00662981,0.0191667,1.3354782690912868
43356,0.329413,0.00662981,0.0208333,1.3332242155544276
43379,0.288216,0.0367058,0.0191667,0.2207074159519512
43380,0.288216,0.0367058,0.0208333,0.22061399296780426
43403,0.323529,0.00661013,0.0191667,1.331338604595108
43404,0.323529,0.00661013,0.0208333,1.3290970996804525
43427,0.0235294,-0.00660382,0.0191667,1.1584604690904683
43428,0.0235294,-0.00660382,0.0208333,1.1584604691127265
43451,0.0294128,-0.00662351,0.0191667,1.1583304632404996
43452,0.0294128,-0.00662351,0.0208333,1.1583304632778058
43475,0.0764706,-0.00660382,0.0191667,1.1605201790725466
43476,0.0764706,-0.00660382,0.0208333,1.1605101806432114
43499,0.0411855,0.00661935,0.0191667,1.1584803773793602
43500,0.0411855,0.00661935,0.0208333,1.1584803774777845
43523,0.0764706,0.00660382,0.0191667,1.1597304574357852
43524,0.0764706,0.00660382,0.0208333,1.1597304585964483
43547,0.0588134,-0.00666318,0.0191667,1.15898026800188
43548,0.0588134,-0.00666318,0.0208333,1.158980268415345
43571,0.358814,-0.00661935,0.0191667,0.5895487288336152
43572,0.358814,-0.00661935,0.0208333,0.5230318362936108
43595,0.323529,-0.00660382,0.0191667,0.5040438339027178
43596,0.323529,-0.00660382,0.0208333,0.36248933543066464
43619,0.329412,-0.00660382,0.0191667,0.5040532429859028
43620,0.329412,-0.00660382,0.0208333,0.3827642869302229
43643,0.376484,-0.00662725,0.0191667,0.6416880471342243
43644,0.376484,-0.00662725,0.0208333,0.5868094695162887
43667,0.370589,0.00662351,0.0191667,1.308606983207044
43668,0.370589,0.00662351,0.0208333,1.305342788644441
43691,0.0705882,-0.00661013,0.0191667,1.1599902286081187
43692,0.0705882,-0.00661013,0.0208333,1.1599902296439257
43715,0.382389,-0.00667462,0.0191667,0.6600260733294333
43716,0.382389,-0.00667462,0.0208333,0.6092576752453525
43739,0.0529321,0.00661935,0.0191667,1.1588703578668436
43740,0.0529321,0.00661935,0.0208333,1.1588703581132
43763,0.0647059,0.00660382,0.0191667,1.1595103514123062
43764,0.0647059,0.00660382,0.0208333,1.1595003519969311
43787,0.0176327,0.00667543,0.0191667,1.1585503679856828
43788,0.0176327,0.00667543,0.0208333,1.1585503679983546
43811,0.0176674,-0.00663653,0.0191667,1.1586303766976782
43812,0.0176674,-0.00663653,0.0208333,1.158630376711008
43835,0.110283,-0.0346646,0.0191667,0.4705957826369968
43836,0.110283,-0.0346646,0.0208333,0.4705902572671542
43859,0.101399,-0.0298579,0.0191667,0.40489490129726574
43860,0.101399,-0.0298579,0.0208333,0.4046919906235285
43883,0.102807,-0.0300175,0.0191667,0.42169740673767503
43884,0.102807,-0.0300175,0.0208333,0.421587199101372
43907,0.394373,0.00503289,0.0191667,1.3152000357051983
43908,0.394373,0.00503289,0.0208333,1.3031449601639757
43931,0.139745,-0.0235446,0.0191667,0.4626994655553926
43932,0.139745,-0.0235446,0.0208333,0.46254997837435674
43955,0.308652,0.00187597,0.0191667,1.3637111419725991
43956,0.308652,0.00187597,0.0208333,1.3429059056762482
43979,0.0915592,-0.0015414,0.0191667,1.203249697917571
43980,0.0915592,-0.0015414,0.0208333,1.2032396935827896
44003,0.0914717,0.00183872,0.0191667,1.1970630753566585
44004,0.0914717,0.00183872,0.0208333,1.1970630711505952
44027,0.308571,-0.00150562,0.0191667,1.2924145251875072
44028,0.308571,-0.00150562,0.0208333,1.2226079181459033
44051,0.226421,0.0383304,0.0191667,0.5968279038972139
44052,0.226421,0.0383304,0.0208333,0.5960778491054334
44075,0.139547,-0.0395979,0.0191667,0.734454907590227
44076,0.139547,-0.0395979,0.0208333,0.7344524174447445
44099,0.268044,-0.0377125,0.0191667,0.09896801865165787
44100,0.268044,-0.0377125,0.0208333,0.09758048847589564
44123,0.212258,-0.0354848,0.0191667,0.7285004955533072
44124,0.212258,-0.0354848,0.0208333,0.7286768900295638
44147,0.289731,-0.0382456,0.0191667,0.24219027173105034
44148,0.289731,-0.0382456,0.0208333,0.2597680624770682
44171,0.112174,0.00461909,0.0191667,1.1791392013817308
44172,0.112174,0.00461909,0.0208333,1.1791204480582995
44195,0.273866,0.0324116,0.0191667,0.2969724200734173
44196,0.273866,0.0324116,0.0208333,0.29633518720930596
44219,0.235823,-0.0391978,0.0191667,0.45145896669344865
44220,0.235823,-0.0391978,0.0208333,0.45215997270747715
44243,0.237306,-0.0391792,0.0191667,0.43887736926271903
44244,0.237306,-0.0391792,0.0208333,0.4396107558708259
44267,0.104413,-0.0329597,0.0191667,0.38542487388991353
44268,0.104413,-0.0329597,0.0208333,0.38532769644755305
44291,0.156643,-0.013743,0.0191667,1.0022018982014262
44292,0.156643,-0.013743,0.0208333,1.0021957508777755
44315,0.101891,0.0308653,0.0191667,0.12106237469052719
44316,0.101891,0.0308653,0.0208333,0.12121197584071468
44339,0.298015,0.030855,0.0191667,0.14797440103739598
44340,0.298015,0.030855,0.0208333,0.1488140433769357
44363,0.118389,-0.0332867,0.0191667,0.4764254383311347
44364,0.118389,-0.0332867,0.0208333,0.4766432010311365
44387,0.294308,-0.0326686,0.0191667,0.1536249080141954
44388,0.294308,-0.0326686,0.0208333,0.21772628026659988
44411,0.297999,-0.035157,0.0191667,0.17776711776506926
44412,0.297999,-0.035157,0.0208333,0.1499737626046636
44435,0.177996,-0.0375758,0.0191667,0.3139047552767605
44436,0.177996,-0.0375758,0.0208333,0.31409568193676013
44459,0.210642,-0.0355337,0.0191667,0.7266466290197746
44460,0.210642,-0.0355337,0.0208333,0.7268154511790902
44483,0.113435,-0.0392189,0.0191667,0.5589274526147311
44484,0.113435,-0.0392189,0.0208333,0.5587892263923409
44507,0.112008,-0.0392012,0.0191667,0.5075856804040559
44508,0.112008,-0.0392012,0.0208333,0.50743855603636
44531,0.170682,0.0254336,0.0191667,0.2851695175724272
44532,0.170682,0.0254336,0.0208333,0.2845333857414282
44555,0.114319,0.0134637,0.0191667,0.37309017440927067
44556,0.114319,0.0134637,0.0208333,0.3731932547922222
44579,0.269794,-0.0199464,0.0191667,0.7164517821589269
44580,0.269794,-0.0199464,0.0208333,0.7159182736917029
44603,0.260193,-0.0314691,0.0191667,0.5731247287845403
44604,0.260193,-0.0314691,0.0208333,0.5729417485482894
44627,0.149304,-0.038297,0.0191667,0.5417591024145879
44628,0.149304,-0.038297,0.0208333,0.5416960233255108
44651,0.379519,-0.0016425,0.0191667,1.1851002127276002
44652,0.379519,-0.0016425,0.0208333,1.1447508220610678
44675,0.355867,-0.00161835,0.0191667,1.195855987921983
44676,0.355867,-0.00161835,0.0208333,1.1450067231495284
44699,0.038251,0.00161835,0.0191667,1.1759402015161
44700,0.038251,0.00161835,0.0208333,1.1759402015931064
44723,0.338251,-0.00161855,0.0191667,1.2072389111295756
44724,0.338251,-0.00161855,0.0208333,1.1471983375561294
44747,0.0558668,0.00161855,0.0191667,1.183880189840337
44748,0.0558668,0.00161855,0.0208333,1.183880190146959
44771,0.106925,-0.0259113,0.0191667,0.39927275949825336
44772,0.106925,-0.0259113,0.0208333,0.39938427051720615
44795,0.201159,-0.028164,0.0191667,0.8734442593636587
44796,0.201159,-0.028164,0.0208333,0.8734442296762284
44819,0.264908,-0.0395795,0.0191667,0.07083163002869904
44820,0.264908,-0.0395795,0.0208333,0.06831942585067662
44843,0.258401,-0.0280665,0.0191667,0.6960503209691405
44844,0.258401,-0.0280665,0.0208333,0.6958916781240935
44867,0.299399,-0.0311297,0.0191667,0.2069138694454531
44868,0.299399,-0.0311297,0.0208333,0.12870914162366245
44891,0.181341,-0.0357171,0.0191667,0.44314967986377707
44892,0.181341,-0.0357171,0.0208333,0.4432848659909208
44915,0.122354,-0.0321144,0.0191667,0.3909675585760308
44916,0.122354,-0.0321144,0.0208333,0.3913813323394364
44939,0.180646,-0.0391654,0.0191667,0.2807921206736731
44940,0.180646,-0.0391654,0.0208333,0.28112709428055294
44963,0.123388,-0.0237024,0.0191667,0.18630097242239077
44964,0.123388,-0.0237024,0.0208333,0.18567388595198975
44987,0.241518,-0.0361813,0.0191667,0.6512891479643108
44988,0.241518,-0.0361813,0.0208333,0.6516195206645882
45011,0.254105,-0.0370308,0.0191667,0.46133267427212177
45012,0.254105,-0.0370308,0.0208333,0.46185097012326776
45035,0.175587,0.0341343,0.0191667,0.37066365070426466
45036,0.175587,0.0341343,0.0208333,0.36979399158087256
45059,0.156045,-0.0320477,0.0191667,0.29509811957698145
45060,0.156045,-0.0320477,0.0208333,0.29512616815087783
45083,0.156285,-0.00202952,0.0191667,0.8773225344820007
45084,0.156285,-0.00202952,0.0208333,0.8772246342377177
45107,0.184437,-0.0380555,0.0191667,0.3966578263969873
45108,0.184437,-0.0380555,0.0208333,0.3969039499887221
45131,0.299091,-0.0253391,0.0191667,0.2830671713677515
45132,0.299091,-0.0253391,0.0208333,0.21494281136025462
45155,0.100909,-0.0253391,0.0191667,0.49315866115049867
45156,0.100909,-0.0253391,0.0208333,0.49304502663328464
45179,0.264548,-0.0370165,0.0191667,0.2112983719762412
45180,0.264548,-0.0370165,0.0208333,0.2067848786328663
45203,0.283571,-0.0383181,0.0191667,0.2240150874715585
45204,0.283571,-0.0383181,0.0208333,0.24815977390473662
45227,0.177054,-0.0290262,0.0191667,0.6431247699079978
45228,0.177054,-0.0290262,0.0208333,0.6431562253007206
45251,0.161472,0.032646,0.0191667,0.33332704209839364
45252,0.161472,0.032646,0.0208333,0.3323950369443174
45275,0.234308,-0.0290463,0.0191667,0.8371298148475181
45276,0.234308,-0.0290463,0.0208333,0.8371411375419897
45299,0.11494,-0.0391609,0.0191667,0.6084691716715482
45300,0.11494,-0.0391609,0.0208333,0.6083403585757818
45323,0.116438,-0.0391677,0.0191667,0.6453983762301672
45324,0.116438,-0.0391677,0.0208333,0.6452782544843442
45347,0.20423,-0.0268176,0.0191667,0.8975752796024328
45348,0.20423,-0.0268176,0.0208333,0.8975591341305734
45371,0.26148,-0.0266968,0.0191667,0.6939581116234553
45372,0.26148,-0.0266968,0.0208333,0.6936746007592777
45395,0.127175,-0.0386847,0.0191667,0.7897878558909747
45396,0.127175,-0.0386847,0.0208333,0.7897562391966094
45419,0.212222,-0.0344121,0.0191667,0.7663746620592244
45420,0.212222,-0.0344121,0.0208333,0.7665001847173624
45443,0.0945541,-0.00334016,0.0191667,1.2067502333268225
45444,0.0945541,-0.00334016,0.0208333,1.2067502306703626
45467,0.305615,-0.00333053,0.0191667,1.3055938305181392
45468,0.305615,-0.00333053,0.0208333,1.238972192722136
45491,0.122016,-0.0347399,0.0191667,0.6064647759404984
45492,0.122016,-0.0347399,0.0208333,0.6065056858109956
45515,0.123755,-0.0346281,0.0191667,0.6054899613454284
45516,0.123755,-0.0346281,0.0208333,0.6055387621047372
45539,0.299593,-0.0350438,0.0191667,0.17012649728813556
45540,0.299593,-0.0350438,0.0208333,0.11366342540298528
45563,0.122241,-0.0124399,0.0191667,0.8921432153364728
45564,0.122241,-0.0124399,0.0208333,0.8920571465685354
45587,0.175515,-0.0323521,0.0191667,0.5011907813127586
45588,0.175515,-0.0323521,0.0208333,0.5012447023415605
45611,0.232772,-0.0323848,0.0191667,0.7923409678038356
45612,0.232772,-0.0323848,0.0208333,0.7924290575113005
45635,0.130852,-0.0341458,0.0191667,0.5657265871031296
45636,0.130852,-0.0341458,0.0208333,0.5658608381713387
45659,0.132707,-0.0341153,0.0191667,0.5555679493808138
45660,0.132707,-0.0341153,0.0208333,0.5557166140846107
45683,0.13851,-0.0336998,0.0191667,0.45963978374687064
45684,0.13851,-0.0336998,0.0208333,0.4597875507699181
45707,0.191057,-0.0391389,0.0191667,0.40977448489981716
45708,0.191057,-0.0391389,0.0208333,0.4101666616151237
45731,0.192528,-0.0391998,0.0191667,0.4220552705320944
45732,0.192528,-0.0391998,0.0208333,0.42246585208890775
45755,0.129077,-0.0342501,0.0191667,0.5822364050750716
45756,0.129077,-0.0342501,0.0208333,0.5823513470206249
45779,0.00604069,-0.00749527,0.0191667,1.1589501499285981
45780,0.00604069,-0.00749527,0.0208333,1.1589501499305832
45803,0.127302,-0.0343611,0.0191667,0.5928933448434115
45804,0.127302,-0.0343611,0.0208333,0.5929854126645174
45827,0.120247,-0.0347898,0.0191667,0.5996763169155263
45828,0.120247,-0.0347898,0.0208333,0.599714176361621
45851,0.289657,-0.0368883,0.0191667,0.2217863846159182
45852,0.289657,-0.0368883,0.0208333,0.25183196411968833
45875,0.168012,-0.0292656,0.0191667,0.5318680183285948
45876,0.168012,-0.0292656,0.0208333,0.5319044251567088
45899,0.134701,-0.0339974,0.0191667,0.5295820235364976
45900,0.134701,-0.0339974,0.0208333,0.5297348520138754
45923,0.136597,-0.0337999,0.0191667,0.48959017546164313
45924,0.136597,-0.0337999,0.0208333,0.4897529402598242
45947,0.225301,-0.0293272,0.0191667,0.8613600892196733
45948,0.225301,-0.0293272,0.0208333,0.8613810175055312
45971,0.125535,-0.0345863,0.0191667,0.6115289891923297
45972,0.125535,-0.0345863,0.0208333,0.6115873171508086
45995,0.150828,-0.0319656,0.0191667,0.2031739883830164
45996,0.150828,-0.0319656,0.0208333,0.2032405104065132
46019,0.187929,-0.0384211,0.0191667,0.4419207044786928
46020,0.187929,-0.0384211,0.0208333,0.4421761086574354
46043,0.21954,-0.038471,0.0191667,0.626855203371936
46044,0.21954,-0.038471,0.0208333,0.627255447125253
46067,0.182128,-0.0382708,0.0191667,0.36412294414767604
46068,0.182128,-0.0382708,0.0208333,0.36435054761685426
46091,0.164071,-0.0391298,0.0191667,0.09473886373236699
46092,0.164071,-0.0391298,0.0208333,0.09467683601177217
46115,0.28064,0.0102929,0.0191667,0.4315173793779634
46116,0.28064,0.0102929,0.0208333,0.4318091808777315
46139,0.167335,-0.0343781,0.0191667,0.265859854712998
46140,0.167335,-0.0343781,0.0208333,0.2659487325552652
46163,0.352927,0.00671083,0.0191667,1.3218376516785375
46164,0.352927,0.00671083,0.0208333,1.3190459133416057
46187,0.0411909,-0.00671083,0.0191667,1.1581104463925784
46188,0.0411909,-0.00671083,0.0208333,1.158110446492836
46211,0.0529272,-0.00670977,0.0191667,1.1584702918469734
46212,0.0529272,-0.00670977,0.0208333,1.1584702921059602
46235,0.34119,0.00670977,0.0191667,1.3302899427433992
46236,0.34119,0.00670977,0.0208333,1.3278665830183494
46259,0.382423,0.00668694,0.0191667,1.2972336090409118
46260,0.382423,0.00668694,0.0208333,1.2940189201124062
46283,0.299604,-0.0365419,0.0191667,0.14739011191531812
46284,0.299604,-0.0365419,0.0208333,0.10076180748309352
46307,0.100398,-0.0365377,0.0191667,0.0954141982904536
46308,0.100398,-0.0365377,0.0208333,0.09488595277605637
46331,0.205414,-0.0118918,0.0191667,0.7263996091613497
46332,0.205414,-0.0118918,0.0208333,0.7264159941399695
46355,0.161627,0.0214663,0.0191667,0.22178336008648258
46356,0.161627,0.0214663,0.0208333,0.22120781900451034
46379,0.249838,0.0320758,0.0191667,0.45542267299296046
46380,0.249838,0.0320758,0.0208333,0.4549061214653322
46403,0.11894,-0.0176741,0.0191667,0.4178570969405289
46404,0.11894,-0.0176741,0.0208333,0.4175440641609833
46427,0.244918,-0.0310687,0.0191667,0.7588795101803715
46428,0.244918,-0.0310687,0.0208333,0.7589117923825623
46451,0.00869412,-0.00860608,0.0191667,1.1567804026337047
46452,0.00869412,-0.00860608,0.0208333,1.156780402637445
46475,0.18363,-0.0383701,0.0191667,0.38333810162398413
46476,0.18363,-0.0383701,0.0208333,0.3835841128851929
46499,0.112521,0.0106065,0.0191667,0.6689327328715766
46500,0.112521,0.0106065,0.0208333,0.6689535101668052
46523,0.298157,-0.0269585,0.0191667,0.2308913736328406
46524,0.298157,-0.0269585,0.0208333,0.18779972307285228
46547,0.15987,-0.0347386,0.0191667,0.13716179410486587
46548,0.15987,-0.0347386,0.0208333,0.13724266370568033
46571,0.242363,-0.035912,0.0191667,0.648321789476038
46572,0.242363,-0.035912,0.0208333,0.6486486938780885
46595,0.305821,-0.00680852,0.0191667,0.6835324707994539
46596,0.305821,-0.00680852,0.0208333,0.5287823062182101
46619,0.0942233,-0.00679823,0.0191667,1.1589319742696056
46620,0.0942233,-0.00679823,0.0208333,1.1589319738338684
46643,0.179346,-0.0381399,0.0191667,0.31957183753319207
46644,0.179346,-0.0381399,0.0208333,0.3197963355253753
46667,0.18329,-0.0331008,0.0191667,0.5848400977348427
46668,0.18329,-0.0331008,0.0208333,0.5849094647898357
46691,0.154578,0.0147445,0.0191667,0.03562649119687562
46692,0.154578,0.0147445,0.0208333,0.0359808217721455
46715,0.106108,-0.0370415,0.0191667,0.3486481940296965
46716,0.106108,-0.0370415,0.0208333,0.34847612031614006
46739,0.236567,-0.0395918,0.0191667,0.4392686441683746
46740,0.236567,-0.0395918,0.0208333,0.4399879040258522
46763,0.283168,-0.0311653,0.0191667,0.13484247752967163
46764,0.283168,-0.0311653,0.0208333,0.1856640891989886
46787,0.211238,0.0333526,0.0191667,0.5045413232901613
46788,0.211238,0.0333526,0.0208333,0.5039541811269652
46811,0.379516,0.00169109,0.0191667,1.3455920521190796
46812,0.379516,0.00169109,0.0208333,1.3273628559562265
46835,0.355867,0.00170734,0.0191667,1.3630333857289965
46836,0.355867,0.00170734,0.0208333,1.3412783580392516
46859,0.038251,-0.00170734,0.0191667,1.175750210905897
46860,0.038251,-0.00170734,0.0208333,1.1757502109831526
46883,0.338251,0.00170714,0.0191667,1.380548435203649
46884,0.338251,0.00170714,0.0208333,1.3561826164500532
46907,0.0558668,-0.00170714,0.0191667,1.1838102008257534
46908,0.0558668,-0.00170714,0.0208333,1.1838102011455378
46931,0.393979,0.00750869,0.0191667,1.282562147288089
46932,0.393979,0.00750869,0.0208333,1.2791423696375996
46955,0.138779,-0.0384086,0.0191667,0.7417401712583339
46956,0.138779,-0.0384086,0.0208333,0.7417278106263867
46979,0.391322,0.00861432,0.0191667,1.2849087456972108
46980,0.391322,0.00861432,0.0208333,1.2815889689582933
47003,0.184015,-0.0321588,0.0191667,0.6169478527314559
47004,0.184015,-0.0321588,0.0208333,0.6170045889761762
47027,0.382467,-0.00333255,0.0191667,1.1770898485354928
47028,0.382467,-0.00333255,0.0208333,1.136747772523943
47051,0.352928,-0.00326171,0.0191667,1.1941572968330372
47052,0.352928,-0.00326171,0.0208333,1.1407130510203394
47075,0.0411894,0.00326171,0.0191667,1.1771303262541097
47076,0.0411894,0.00326171,0.0208333,1.1771303263510497
47099,0.341189,-0.00326189,0.0191667,1.2007590285332808
47100,0.341189,-0.00326189,0.0208333,1.1415267479966813
47123,0.0529283,0.00326189,0.0191667,1.1823502624586446
47124,0.0529283,0.00326189,0.0208333,1.1823502627030014
47147,0.137315,-0.0392025,0.0191667,0.7619639080391873
47148,0.137315,-0.0392025,0.0208333,0.7619623595437632
47171,0.222043,-0.0369527,0.0191667,0.685734588644222
47172,0.222043,-0.0369527,0.0208333,0.686039914727956
47195,0.204925,-0.0349052,0.0191667,0.7120617828751448
47196,0.204925,-0.0349052,0.0208333,0.7122011605335382
47219,0.125652,-0.0383525,0.0191667,0.7847213869294811
47220,0.125652,-0.0383525,0.0208333,0.784683269008227
47243,0.229823,-0.0391535,0.0191667,0.5035859542316485
47244,0.229823,-0.0391535,0.0208333,0.5041993091293608
47267,0.228331,-0.0391535,0.0191667,0.5141083325775926
47268,0.228331,-0.0391535,0.0208333,0.5146916546888098
47291,0.25004,-0.0381855,0.0191667,0.4511474808653273
47292,0.25004,-0.0381855,0.0208333,0.45186491463324846
47315,0.103548,-0.0271617,0.0191667,0.4678774380705058
47316,0.103548,-0.0271617,0.0208333,0.4678426251302535
47339,0.25895,-0.0395956,0.0191667,0.1565354373231825
47340,0.25895,-0.0395956,0.0208333,0.1566587732652165
47363,0.29037,-0.0369563,0.0191667,0.2217550188896973
47364,0.29037,-0.0369563,0.0208333,0.25012723719183405
47387,0.251971,-0.0123553,0.0191667,0.7170812720267556
47388,0.251971,-0.0123553,0.0208333,0.7171094050643716
47411,0.119666,-0.0363325,0.0191667,0.6821752042766047
47412,0.119666,-0.0363325,0.0208333,0.682130340931062
47435,0.188025,-0.039224,0.0191667,0.3717584049144209
47436,0.188025,-0.039224,0.0208333,0.3721544147350141
47459,0.186558,-0.0392588,0.0191667,0.3508394113454566
47460,0.186558,-0.0392588,0.0208333,0.3512275762104929
47483,0.194734,-0.0123151,0.0191667,0.7702815013399998
47484,0.194734,-0.0123151,0.0208333,0.7701839553376598
47507,0.385355,0.00834536,0.0191667,1.2925446687989628
47508,0.385355,0.00834536,0.0208333,1.289267473669033
47531,0.044123,-0.00836925,0.0191667,1.1562103175962528
47532,0.044123,-0.00836925,0.0208333,1.1562103177219358
47555,0.349995,0.00836925,0.0191667,1.3210739799247135
47556,0.349995,0.00836925,0.0208333,1.3186769891468564
47579,0.344123,0.00836819,0.0191667,1.325478988316547
47580,0.344123,0.00836819,0.0208333,1.323121047088148
47603,0.0499951,-0.00836819,0.0191667,1.156220246198355
47604,0.0499951,-0.00836819,0.0208333,1.1562202464010911
47627,0.244877,-0.0391726,0.0191667,0.39918779990983483
47628,0.244877,-0.0391726,0.0208333,0.40006510207810053
47651,0.285069,-0.037009,0.0191667,0.22197269948002615
47652,0.285069,-0.037009,0.0208333,0.2486512219218116
47675,0.101055,-0.0341649,0.0191667,0.2247214905812526
47676,0.101055,-0.0341649,0.0208333,0.22440906927566454
47699,0.223433,0.0369899,0.0191667,0.5960354629473604
47700,0.223433,0.0369899,0.0208333,0.5952710903870102
47723,0.28003,-0.0380048,0.0191667,0.1884213250576484
47724,0.28003,-0.0380048,0.0208333,0.22466061062262338
47747,0.28,-0.0372141,0.0191667,0.18086044713925153
47748,0.28,-0.0372141,0.0208333,0.2188554181565766
47771,0.280684,-0.0384314,0.0191667,0.19660214731635053
47772,0.280684,-0.0384314,0.0208333,0.23071675408829764
47795,0.165778,-0.0355013,0.0191667,0.1849731928063837
47796,0.165778,-0.0355013,0.0208333,0.18508404422514085
47819,0.161243,-0.0392294,0.0191667,0.18135673364805066
47820,0.161243,-0.0392294,0.0208333,0.181235638950649
47843,0.162608,-0.0392585,0.0191667,0.14446792175714615
47844,0.162608,-0.0392585,0.0208333,0.14438681700769948
47867,0.218525,-0.0351524,0.0191667,0.7509170654647306
47868,0.218525,-0.0351524,0.0208333,0.7510842299557623
47891,0.100544,-0.0350206,0.0191667,0.16896346333234297
47892,0.100544,-0.0350206,0.0208333,0.16858093735532495
47915,0.2634,-0.039605,0.0191667,0.044771486220026246
47916,0.2634,-0.039605,0.0208333,0.04012424856380491
47939,0.213061,-0.0368038,0.0191667,0.6879801994113489
47940,0.213061,-0.0368038,0.0208333,0.6882261071386744
47963,0.165641,-0.0391675,0.0191667,0.0489957018427127
47964,0.165641,-0.0391675,0.0208333,0.049069267855654825
47987,0.14028,-0.0391928,0.0191667,0.7288296930091812
47988,0.14028,-0.0391928,0.0208333,0.7288256426581959
48011,0.166371,-0.0370802,0.0191667,0.07550905914638653
48012,0.166371,-0.0370802,0.0208333,0.07572822474643387
48035,0.349996,-0.00155653,0.0191667,1.2028261224962833
48036,0.349996,-0.00155653,0.0208333,1.149468434772064
48059,0.0441216,0.00155653,0.0191667,1.1787102246393502
48060,0.0441216,0.00155653,0.0208333,1.178710224762451
48083,0.0499962,0.00155671,0.0191667,1.181390197601669
48084,0.0499962,0.00155671,0.0208333,1.1813901977971464
48107,0.344121,-0.00155671,0.0191667,1.2057165797446563
48108,0.344121,-0.00155671,0.0208333,1.1487485114108877
48131,0.385813,-0.00169086,0.0191667,1.1834394575107128
48132,0.385813,-0.00169086,0.0208333,1.1452973691740858
48155,0.21495,-0.0341966,0.0191667,0.7677314572236169
48156,0.21495,-0.0341966,0.0208333,0.7678632751207086
48179,0.112699,-0.0396034,0.0191667,0.5277654012743576
48180,0.112699,-0.0396034,0.0208333,0.5276212279746755
48203,0.128032,-0.0386819,0.0191667,0.7887587379079106
48204,0.128032,-0.0386819,0.0208333,0.788730010579866
48227,0.217934,-0.0391741,0.0191667,0.5336465160367955
48228,0.217934,-0.0391741,0.0208333,0.5341610179981973
48251,0.219437,-0.0392297,0.0191667,0.5279415683885863
48252,0.219437,-0.0392297,0.0208333,0.5284781163081923
48275,0.148452,-0.0317776,0.0191667,0.1836126185093556
48276,0.148452,-0.0317776,0.0208333,0.18376571704554173
48299,0.258857,0.0363997,0.0191667,0.46369102223316583
48300,0.258857,0.0363997,0.0208333,0.46297562374254864
48323,0.252871,0.0368064,0.0191667,0.5071633125810148
48324,0.252871,0.0368064,0.0208333,0.5064428316970697
48347,0.159977,-0.0307132,0.0191667,0.3545059268273324
48348,0.159977,-0.0307132,0.0208333,0.35453818058492725
48371,0.217247,-0.030574,0.0191667,0.8498835982324927
48372,0.217247,-0.030574,0.0208333,0.8499283369924225
48395,0.158187,-0.039143,0.0191667,0.27860317167614945
48396,0.158187,-0.039143,0.0208333,0.27847749545263084
48419,0.156711,-0.0392195,0.0191667,0.3268648992183162
48420,0.156711,-0.0392195,0.0208333,0.32674318696783866
48443,0.282098,-0.0392161,0.0191667,0.20539318766144607
48444,0.282098,-0.0392161,0.0208333,0.22550297525675794
48467,0.280629,-0.0392371,0.0191667,0.18363499029068509
48468,0.280629,-0.0392371,0.0208333,0.20939825185553101
48491,0.114071,0.00753357,0.0191667,0.969985565696469
48492,0.114071,0.00753357,0.0208333,0.9699789208749343
48515,0.146109,-0.0317717,0.0191667,0.20875267202187794
48516,0.146109,-0.0317717,0.0208333,0.20891883604352218
48539,0.271549,-0.0391229,0.0191667,0.10050271265574079
48540,0.271549,-0.0391229,0.0208333,0.1053373578480536
48563,0.10365,0.0277626,0.0191667,0.15324918644492863
48564,0.10365,0.0277626,0.0208333,0.15304925847902695
48587,0.29625,0.027753,0.0191667,0.18298893562875537
48588,0.29625,0.027753,0.0208333,0.18362662706654068
48611,0.269044,0.0270853,0.0191667,0.21484151825159425
48612,0.269044,0.0270853,0.0208333,0.21446045173029085
48635,0.147058,0.0368604,0.0191667,0.3328035274337907
48636,0.147058,0.0368604,0.0208333,0.33166053909385257
48659,0.141158,0.0364462,0.0191667,0.3296786715616993
48660,0.141158,0.0364462,0.0208333,0.3285414179509564
48683,0.265999,-0.0355585,0.0191667,0.27104679434114326
48684,0.265999,-0.0355585,0.0208333,0.26662022318256523
48707,0.143773,-0.0316288,0.0191667,0.23202605618224914
48708,0.143773,-0.0316288,0.0208333,0.23219473024082266
48731,0.266929,-0.0369168,0.0191667,0.10912086979001771
48732,0.266929,-0.0369168,0.0208333,0.08498929481093487
48755,0.156662,0.00395755,0.0191667,0.5957657365461346
48756,0.156662,0.00395755,0.0208333,0.5955970697110611
48779,0.275345,-0.032169,0.0191667,0.1425145166108351
48780,0.275345,-0.032169,0.0208333,0.1055744915563414
48803,0.152392,0.0337004,0.0191667,0.32739762191532484
48804,0.152392,0.0337004,0.0208333,0.3263952359929797
48827,0.179276,-0.033616,0.0191667,0.5145612054231798
48828,0.179276,-0.033616,0.0208333,0.5146417810471484
48851,0.152754,-0.0174247,0.0191667,0.9141804178560327
48852,0.152754,-0.0174247,0.0208333,0.914187951788713
48875,0.193199,-0.0153386,0.0191667,0.8500882856657389
48876,0.193199,-0.0153386,0.0208333,0.849962467072264
48899,0.250431,-0.0153758,0.0191667,0.7467244927372821
48900,0.250431,-0.0153758,0.0208333,0.7467191971020116
48923,0.0529234,-0.00340057,0.0191667,1.182180299286527
48924,0.0529234,-0.00340057,0.0208333,1.1821802995395447
48947,0.341194,0.00340057,0.0191667,1.378711689859565
48948,0.341194,0.00340057,0.0208333,1.355851672407882
48971,0.352923,0.00340181,0.0191667,1.3677637573166972
48972,0.352923,0.00340181,0.0208333,1.34666057451631
48995,0.0411948,-0.00340181,0.0191667,1.176700318173256
48996,0.0411948,-0.00340181,0.0208333,1.1767003182715394
49019,0.382501,0.00336234,0.0191667,1.3431321290002864
49020,0.382501,0.00336234,0.0208333,1.3257909393677896
49043,0.245065,-0.0351066,0.0191667,0.6435996884179626
49044,0.245065,-0.0351066,0.0208333,0.6438863504118572
49067,0.184844,-0.0357235,0.0191667,0.4948378341787541
49068,0.184844,-0.0357235,0.0208333,0.49497458929916704
49091,0.27995,-0.0338735,0.0191667,0.1452748434055945
49092,0.27995,-0.0338735,0.0208333,0.18551420444392636
49115,0.130616,0.0274535,0.0191667,0.29820628489526324
49116,0.130616,0.0274535,0.0208333,0.29747084273918706
49139,0.236536,-0.0336239,0.0191667,0.7453074957338133
49140,0.236536,-0.0336239,0.0208333,0.7454523707229797
49163,0.249911,-0.0396228,0.0191667,0.33758104914775117
49164,0.249911,-0.0396228,0.0208333,0.33852488279419063
49187,0.132337,-0.0182652,0.0191667,0.6174293691557383
49188,0.132337,-0.0182652,0.0208333,0.6172770497051259
49211,0.179886,-0.039574,0.0191667,0.26508846156080745
49212,0.179886,-0.039574,0.0208333,0.26541500646262733
49235,0.10063,-0.0311148,0.0191667,0.3511922111587613
49236,0.10063,-0.0311148,0.0208333,0.35092906104439625
49259,0.0470593,-0.00673743,0.0191667,1.1580704004354956
49260,0.0470593,-0.00673743,0.0208333,1.1580704005963312
49283,0.347058,0.00673743,0.0191667,1.3258236909326684
49284,0.347058,0.00673743,0.0208333,1.323361293760989
49307,0.264,-0.0353348,0.0191667,0.3379013736809751
49308,0.264,-0.0353348,0.0208333,0.33658099057673607
49331,0.208331,-0.0370489,0.0191667,0.672138172103067
49332,0.208331,-0.0370489,0.0208333,0.6723684910453182
49355,0.279224,0.0281354,0.0191667,0.1576776426389325
49356,0.279224,0.0281354,0.0208333,0.15740880438156682
49379,0.192174,-0.0322359,0.0191667,0.7132087470248815
49380,0.192174,-0.0322359,0.0208333,0.7132733827544396
49403,0.168015,-0.0358297,0.0191667,0.20312772079569175
49404,0.168015,-0.0358297,0.0208333,0.20324386518862628
49427,0.273371,0.0296876,0.0191667,0.23200617560533793
49428,0.273371,0.0296876,0.0208333,0.23149479760402775
49451,0.278755,-0.0291522,0.0191667,0.22475771084269835
49452,0.278755,-0.0291522,0.0208333,0.1847051719235008
49475,0.285701,-0.0309016,0.0191667,0.16126425970053004
49476,0.285701,-0.0309016,0.0208333,0.21551602435169617
49499,0.130755,-0.036066,0.0191667,0.6839750370638299
49500,0.130755,-0.036066,0.0208333,0.6840089208728801
49523,0.149994,0.0323292,0.0191667,0.32648129526445124
49524,0.149994,0.0323292,0.0208333,0.32547897165574136
49547,0.13793,-0.0371735,0.0191667,0.6823422828783842
49548,0.13793,-0.0371735,0.0208333,0.682376254058656
49571,0.120438,0.0280619,0.0191667,0.29034545368837034
49572,0.120438,0.0280619,0.0208333,0.28958402066018313
49595,0.136987,-0.0153809,0.0191667,0.9004604940727259
49596,0.136987,-0.0153809,0.0208333,0.9004164615939517
49619,0.153402,-0.038644,0.0191667,0.43084763622984673
49620,0.153402,-0.038644,0.0208333,0.4307479721493955
49643,0.168413,-0.038412,0.0191667,0.06787078682693755
49644,0.168413,-0.038412,0.0208333,0.06817826188184911
49667,0.290758,-0.0305817,0.0191667,0.17881364957418658
49668,0.290758,-0.0305817,0.0208333,0.2466952835283642
49691,0.014221,0.00175764,0.0191667,1.1650303263075257
49692,0.014221,0.00175764,0.0208333,1.1650303263162423
49715,0.0235294,-0.00327049,0.0191667,1.1690303948188974
49716,0.0235294,-0.00327049,0.0208333,1.1690303948404823
49739,0.326471,-0.00163377,0.0191667,1.2238013432067232
49740,0.326471,-0.00163377,0.0208333,1.1557355251862265
49763,0.0588118,0.00327793,0.0191667,1.1850103017396771
49764,0.0588118,0.00327793,0.0208333,1.1850103021196785
49787,0.0175663,0.00335491,0.0191667,1.1663604502819607
49788,0.0175663,0.00335491,0.0208333,1.166360450294054
49811,0.0647048,-0.00329648,0.0191667,1.1877302361260487
49812,0.0647048,-0.00329648,0.0208333,1.1877302367612115
49835,0.0142558,-0.00161716,0.0191667,1.1650403151943727
49836,0.0142558,-0.00161716,0.0208333,1.165040315202922
49859,0.3765,-0.00328647,0.0191667,1.1819786514892958
49860,0.3765,-0.00328647,0.0208333,1.139800517898534
49883,0.0735294,0.00163524,0.0191667,1.1917603931042926
49884,0.0735294,0.00163524,0.0208333,1.1917603941193033
49907,0.0705882,0.00327049,0.0191667,1.1902603841743633
49908,0.0705882,0.00327049,0.0208333,1.1902603850276072
49931,0.31469,0.001699,0.0191667,1.3779877516487187
49932,0.31469,0.001699,0.0208333,1.3532480188774705
49955,0.0735294,-0.00163524,0.0191667,1.192080051809869
49956,0.0735294,-0.00163524,0.0208333,1.192080053009962
49979,0.364706,-0.00327049,0.0191667,1.1881860665141353
49980,0.364706,-0.00327049,0.0208333,1.1412039695385674
50003,0.323529,-0.00327049,0.0191667,1.223605957244083
50004,0.323529,-0.00327049,0.0208333,1.1523702484265808
50027,0.0823554,-0.00326275,0.0191667,1.1960700276100997
50028,0.0823554,-0.00326275,0.0208333,1.1960700294671749
50051,0.31468,-0.00160308,0.0191667,1.2618023349531913
50052,0.31468,-0.00160308,0.0208333,1.186021571332331
50075,0.361762,-0.00162713,0.0191667,1.1938457066820403
50076,0.361762,-0.00162713,0.0208333,1.1461575292115438
50099,0.061762,0.00162715,0.0191667,1.186640227354757
50100,0.061762,0.00162715,0.0208333,1.1866402278277102
50123,0.376498,0.00333729,0.0191667,1.349205881366696
50124,0.376498,0.00333729,0.0208333,1.3309421654666453
50147,0.0617609,-0.00166302,0.0191667,1.1865801732783392
50148,0.0617609,-0.00166302,0.0208333,1.186580173784261
50171,0.0323568,-0.00166304,0.0191667,1.1731402144714869
50172,0.0323568,-0.00166304,0.0208333,1.17314021451874
50195,0.329412,-0.00326901,0.0191667,1.2150860323785184
50196,0.329412,-0.00326901,0.0208333,1.1485469000973014
50219,0.0705882,-0.0032768,0.0191667,1.1904601658044913
50220,0.0705882,-0.0032768,0.0208333,1.1904601667921506
50243,0.37355,0.00166689,0.0191667,1.350697396898098
50244,0.37355,0.00166689,0.0208333,1.3312772990504882
50267,0.01126,0.00368403,0.0191667,1.1633805022216155
50268,0.01126,0.00368403,0.0208333,1.163380502227168
50291,0.317647,-0.00327049,0.0191667,1.2409491758660722
50292,0.317647,-0.00327049,0.0208333,1.1652995336225278
50315,0.067647,-0.00164155,0.0191667,1.1893401269763617
50316,0.067647,-0.00164155,0.0208333,1.1893401277673208
50339,0.370591,-0.00326597,0.0191667,1.1863556934067618
50340,0.370591,-0.00326597,0.0208333,1.1422726549264133
50363,0.0794142,-0.0016275,0.0191667,1.1948700335241205
50364,0.0794142,-0.0016275,0.0208333,1.1948600351603347
50387,0.326471,0.00164303,0.0191667,1.386881819088076
50388,0.326471,0.00164303,0.0208333,1.3604434266386032
50411,0.035307,-0.00333795,0.0191667,1.174190320001681
50412,0.035307,-0.00333795,0.0208333,1.1741903200621513
50435,0.373549,-0.00162328,0.0191667,1.1905738785698714
50436,0.373549,-0.00162328,0.0208333,1.1485928018427942
50459,0.335307,0.00333793,0.0191667,1.3831538286028207
50460,0.335307,0.00333793,0.0208333,1.358732186312391
50483,0.332357,0.0016645,0.0191667,1.3842809896845838
50484,0.332357,0.0016645,0.0208333,1.358344210121492
50507,0.332356,-0.00162568,0.0191667,1.2164585283710387
50508,0.332356,-0.00162568,0.0208333,1.1530159201125276
50531,0.0235294,0.00327049,0.0191667,1.1691204035331628
50532,0.0235294,0.00327049,0.0208333,1.1691204035549672
50555,0.358812,-0.00327791,0.0191667,1.1900675614975225
50556,0.358812,-0.00327791,0.0208333,1.1399330168751816
50579,0.311809,0.00339816,0.0191667,1.3731025704510826
50580,0.311809,0.00339816,0.0208333,1.3542453213414662
50603,0.085311,0.00168942,0.0191667,1.195542394961443
50604,0.085311,0.00168942,0.0208333,1.1955423956875806
50627,0.085321,-0.00161267,0.0191667,1.1981307252957496
50628,0.085321,-0.00161267,0.0208333,1.1981307266956762
50651,0.0676471,0.00163524,0.0191667,1.189260261000398
50652,0.0676471,0.00163524,0.0208333,1.1892602617131243
50675,0.0647059,0.00327049,0.0191667,1.1877103219168414
50676,0.0647059,0.00327049,0.0208333,1.1877103224969014
50699,0.335306,-0.00327793,0.0191667,1.2062426452248907
50700,0.335306,-0.00327793,0.0208333,1.1438831859786596
50723,0.0881898,0.00338083,0.0191667,1.1953548766137325
50724,0.0881898,0.00338083,0.0208333,1.1953548762871182
50747,0.323529,0.0032768,0.0191667,1.3890124318628063
50748,0.323529,0.0032768,0.0208333,1.3642088669877288
50771,0.311717,-0.00328553,0.0191667,1.2585258806165334
50772,0.311717,-0.00328553,0.0208333,1.1802972492244217
50795,0.0764706,-0.00327049,0.0191667,1.1931800597863156
50796,0.0764706,-0.00327049,0.0208333,1.1931800612521524
50819,0.0323557,0.00162713,0.0191667,1.1733302129320704
50820,0.0323557,0.00162713,0.0208333,1.1733302129792431
50843,0.0264706,-0.00163524,0.0191667,1.1705202444362781
50844,0.0264706,-0.00163524,0.0208333,1.1705202444645644
50867,0.317657,0.00330209,0.0191667,1.3868188048189223
50868,0.317657,0.00330209,0.0208333,1.3634781896007497
50891,0.0823454,0.00330983,0.0191667,1.1942812035000956
50892,0.0823454,0.00330983,0.0208333,1.1942812047298064
50915,0.0764706,0.00327049,0.0191667,1.192640569770036
50916,0.0764706,0.00327049,0.0208333,1.1926405709246009
50939,0.320588,-0.00163524,0.0191667,1.2378522138825179
50940,0.320588,-0.00163524,0.0208333,1.1649223184381017
50963,0.0882872,-0.00330138,0.0191667,1.1992702720681172
50964,0.0882872,-0.00330138,0.0208333,1.1992702733249427
50987,0.0294128,-0.00329017,0.0191667,1.1716103442727073
50988,0.0294128,-0.00329017,0.0208333,1.171610344309488
51011,0.0294118,0.00327049,0.0191667,1.1717903537380774
51012,0.0294118,0.00327049,0.0208333,1.171790353774774
51035,0.0264706,0.00163524,0.0191667,1.170590239148189
51036,0.0264706,0.00163524,0.0208333,1.1705902391767007
51059,0.0588107,-0.00333793,0.0191667,1.1849602816077298
51060,0.0588107,-0.00333793,0.0208333,1.1849602820102856
51083,0.358811,0.00333795,0.0191667,1.3620618904352055
51084,0.358811,0.00333795,0.0208333,1.3413322171346134
51107,0.0794142,0.00164298,0.0191667,1.1940907720070109
51108,0.0794142,0.00164298,0.0208333,1.194090773254556
51131,0.361761,0.00166304,0.0191667,1.3581818734012092
51132,0.361761,0.00166304,0.0208333,1.3370114542954346
51155,0.0353059,0.00327791,0.0191667,1.1744103130836705
51156,0.0353059,0.00327791,0.0208333,1.1744103131442298
51179,0.329413,0.00329796,0.0191667,1.3867846552609246
51180,0.329413,0.00329796,0.0208333,1.3617282906494634
51203,0.320588,0.00163524,0.0191667,1.3874412252199666
51204,0.320588,0.00163524,0.0208333,1.3612167220110918
51227,0.364705,0.00329017,0.0191667,1.3572104111906784
51228,0.364705,0.00329017,0.0208333,1.337036280037221
51251,0.370592,0.0032947,0.0191667,1.3534990887854714
51252,0.370592,0.0032947,0.0208333,1.3342507958167982
51275,0.36765,-0.00163072,0.0191667,1.1916346603438062
51276,0.36765,-0.00163072,0.0208333,1.1469364533206063
51299,0.0205219,-0.00162243,0.0191667,1.167820271146113
51300,0.0205219,-0.00162243,0.0208333,1.1678202711625547
51323,0.36765,0.00163977,0.0191667,1.3546101918444688
51324,0.36765,0.00163977,0.0208333,1.3341753984579188
51347,0.0176011,-0.00329038,0.0191667,1.1663504385756795
51348,0.0176011,-0.00329038,0.0208333,1.1663504385877212
51371,0.0205219,0.00164806,0.0191667,1.1678902814633163
51372,0.0205219,0.00164806,0.0208333,1.167890281479676
51395,0.141768,-0.0392309,0.0191667,0.7084681927775008
51396,0.141768,-0.0392309,0.0208333,0.7084584659918817
51419,0.270833,-0.0396087,0.0191667,0.08774125935993143
51420,0.270833,-0.0396087,0.0208333,0.09117110735969948
51443,0.2882,-0.0306424,0.0191667,0.17720488869938097
51444,0.2882,-0.0306424,0.0208333,0.23670470541185046
51467,0.123184,0.033055,0.0191667,0.30546923591332875
51468,0.123184,0.033055,0.0208333,0.30454273987720254
51491,0.249283,-0.03226,0.0191667,0.6857616192268637
51492,0.249283,-0.03226,0.0208333,0.685867294257494
51515,0.159692,0.0238616,0.0191667,0.2543687578926225
51516,0.159692,0.0238616,0.0208333,0.25370288959721776
51539,0.122794,-0.0378287,0.0191667,0.7550640635153205
51540,0.122794,-0.0378287,0.0208333,0.75501753004946
51563,0.172342,0.0284856,0.0191667,0.31957605781491416
51564,0.172342,0.0284856,0.0208333,0.31887150950738463
51587,0.238412,-0.0357961,0.0191667,0.6798144164650134
51588,0.238412,-0.0357961,0.0208333,0.6800953726687144
51611,0.227517,-0.0379406,0.0191667,0.6363533584619809
51612,0.227517,-0.0379406,0.0208333,0.6367759488293807
51635,0.13423,-0.00502573,0.0191667,1.1823600818205986
51636,0.13423,-0.00502573,0.0208333,1.1823777986111235
51659,0.177424,-0.0368857,0.0191667,0.3215446709993778
51660,0.177424,-0.0368857,0.0208333,0.3217158836550499
51683,0.293261,-0.0219175,0.0191667,0.2532275716693781
51684,0.293261,-0.0219175,0.0208333,0.3058657519623438
51707,0.272696,-0.0345846,0.0191667,0.09672100042265899
51708,0.272696,-0.0345846,0.0208333,0.10056428661319883
51731,0.187198,-0.0310851,0.0191667,0.6948226516140975
51732,0.187198,-0.0310851,0.0208333,0.6948659014393354
51755,0.203763,0.0297388,0.0191667,0.4280413627392195
51756,0.203763,0.0297388,0.0208333,0.42757990392577017
51779,0.184568,-0.037294,0.0191667,0.43922051280019425
51780,0.184568,-0.037294,0.0208333,0.43941963239064047
51803,0.249539,-0.035104,0.0191667,0.6005093520226445
51804,0.249539,-0.035104,0.0208333,0.6008146878475329
51827,0.105244,-0.034673,0.0191667,0.36736826584998367
51828,0.105244,-0.034673,0.0208333,0.3672498488974405
51851,0.1923,-0.0350986,0.0191667,0.603974687765025
51852,0.1923,-0.0350986,0.0208333,0.6040993477151048
51875,0.265643,-0.039148,0.0191667,0.08511860671815534
51876,0.265643,-0.039148,0.0208333,0.08024578033149157
51899,0.133701,-0.0320579,0.0191667,0.36214894035135825
51900,0.133701,-0.0320579,0.0208333,0.3624774510298951
51923,0.196805,-0.0384977,0.0191667,0.5222565384134131
51924,0.196805,-0.0384977,0.0208333,0.5225634623258351
51947,0.132903,-0.0384049,0.0191667,0.7915712467463275
51948,0.132903,-0.0384049,0.0208333,0.7915577340629657
51971,0.237609,-0.035742,0.0191667,0.6833555008929362
51972,0.237609,-0.035742,0.0208333,0.6836358813568265
51995,0.109782,-0.0396157,0.0191667,0.41260944674311867
51996,0.109782,-0.0396157,0.0208333,0.41244013345558705
52019,0.10149,-0.0126373,0.0191667,0.27509688191619497
52020,0.10149,-0.0126373,0.0208333,0.2751015621803235
52043,0.298582,-0.0126373,0.0191667,0.7863401838807941
52044,0.298582,-0.0126373,0.0208333,0.8179228495299847
52067,0.12345,-0.0148365,0.0191667,0.786706302270423
52068,0.12345,-0.0148365,0.0208333,0.78656133642313
52091,0.18043,-0.0357729,0.0191667,0.43203289681270085
52092,0.18043,-0.0357729,0.0208333,0.4321681062858563
52115,0.123349,-0.0377989,0.0191667,0.7559432110016641
52116,0.123349,-0.0377989,0.0208333,0.755896601740775
52139,0.144711,-0.0392218,0.0191667,0.6603331470852034
52140,0.144711,-0.0392218,0.0208333,0.660307853484144
52163,0.173556,-0.0312606,0.0191667,0.516274889694132
52164,0.173556,-0.0312606,0.0208333,0.5163148686042462
52187,0.230816,-0.031279,0.0191667,0.8208575128195836
52188,0.230816,-0.031279,0.0208333,0.8209121728753412
52211,0.230196,-0.0379597,0.0191667,0.6242412908399618
52212,0.230196,-0.0379597,0.0208333,0.6246935626144797
52235,0.115697,-0.0395453,0.0191667,0.6230846297996047
52236,0.115697,-0.0395453,0.0208333,0.6229591506939035
52259,0.191225,-0.0292516,0.0191667,0.7937623972787823
52260,0.191225,-0.0292516,0.0208333,0.7937883254129556
52283,0.222316,0.0278316,0.0191667,0.4472579893395868
52284,0.222316,0.0278316,0.0208333,0.4469111526572864
52307,0.207625,-0.0365581,0.0191667,0.6734105015582658
52308,0.207625,-0.0365581,0.0208333,0.6736299207283514
52331,0.162077,0.038465,0.0191667,0.35438538536921765
52332,0.162077,0.038465,0.0208333,0.35328957883369555
52355,0.118698,-0.00720403,0.0191667,1.1572976098389776
52356,0.118698,-0.00720403,0.0208333,1.157294896627526
52379,0.293883,-0.0383722,0.0191667,0.23035749564937102
52380,0.293883,-0.0383722,0.0208333,0.23118761968016022
52403,0.167141,-0.0392134,0.0191667,0.01742348081326174
52404,0.167141,-0.0392134,0.0208333,0.01830650791217156
52427,0.231435,-0.0383178,0.0191667,0.6177693886141522
52428,0.231435,-0.0383178,0.0208333,0.6182479000786739
52451,0.146889,-0.0379212,0.0191667,0.5940011533285625
52452,0.146889,-0.0379212,0.0208333,0.5939525363652394
52475,0.205909,0.0369814,0.0191667,0.5370160111284666
52476,0.205909,0.0369814,0.0208333,0.5362209629216582
52499,0.211791,0.0365747,0.0191667,0.5597792426066731
52500,0.211791,0.0365747,0.0208333,0.5590165948348389
52523,0.276724,0.0334618,0.0191667,0.2754640148882764
52524,0.276724,0.0334618,0.0208333,0.27481395623143395
52547,0.140459,-0.0323318,0.0191667,0.3134336740273809
52548,0.140459,-0.0323318,0.0208333,0.31363557691495464
52571,0.0470593,-0.0034585,0.0191667,1.1793903305013036
52572,0.0470593,-0.0034585,0.0208333,1.179390330659551
52595,0.347058,0.0034585,0.0191667,1.3749918634664835
52596,0.347058,0.0034585,0.0208333,1.3537232604412766
52619,0.213109,-0.033914,0.0191667,0.7702091731606788
52620,0.213109,-0.033914,0.0208333,0.7703324123668324
52643,0.165705,-0.0383812,0.0191667,0.028836930131657567
52644,0.165705,-0.0383812,0.0208333,0.0290805412830659
52667,0.208731,-0.0171303,0.0191667,0.8534596217498206
52668,0.208731,-0.0171303,0.0208333,0.8533801307686084
52691,0.26052,-0.0396148,0.0191667,0.09728860105531378
52692,0.26052,-0.0396148,0.0208333,0.09593587282275645
52715,0.296296,-0.0270186,0.0191667,0.20049172167820295
52716,0.296296,-0.0270186,0.0208333,0.21748899061297333
52739,0.161251,-0.0105663,0.0191667,0.9980978104125818
52740,0.161251,-0.0105663,0.0208333,0.9980665494747898
52763,0.153867,0.0046691,0.0191667,0.6044756426836423
52764,0.153867,0.0046691,0.0208333,0.6043071361833815
52787,0.146933,-0.00857547,0.0191667,1.1072718304608473
52788,0.146933,-0.00857547,0.0208333,1.1072787306137752
52811,0.157449,-0.0302091,0.0191667,0.36954753445105065
52812,0.157449,-0.0302091,0.0208333,0.3695657741230741
52835,0.108109,-0.0396424,0.0191667,0.3532254513639782
52836,0.108109,-0.0396424,0.0208333,0.35304044953595953
52859,0.191791,-0.0396067,0.0191667,0.4067964979958803
52860,0.191791,-0.0396067,0.0208333,0.40719672507289706
52883,0.203699,-0.0378908,0.0191667,0.605071489886672
52884,0.203699,-0.0378908,0.0208333,0.605357372973138
52907,0.190865,0.0385431,0.0191667,0.45650208223186306
52908,0.190865,0.0385431,0.0208333,0.45565417582017714
52931,0.155263,0.0327145,0.0191667,0.3302527798516318
52932,0.155263,0.0327145,0.0208333,0.3292526027115141
52955,0.154889,-0.0300094,0.0191667,0.3808263643739786
52956,0.154889,-0.0300094,0.0208333,0.38084281419088617
52979,0.101665,-0.0373257,0.0191667,0.12164636267994205
52980,0.101665,-0.0373257,0.0208333,0.12130584576224716
53003,0.298436,-0.0373117,0.0191667,0.1571327096102527
53004,0.298436,-0.0373117,0.0208333,0.11894133872371708
53027,0.291644,-0.0347498,0.0191667,0.1791414867103095
53028,0.291644,-0.0347498,0.0208333,0.23739093264556252
53051,0.107374,-0.0384762,0.0191667,0.34515291376561436
53052,0.107374,-0.0384762,0.0208333,0.34496062457923166
53075,0.227536,-0.0273562,0.0191667,0.8758772857236867
53076,0.227536,-0.0273562,0.0208333,0.8758634954475157
53099,0.170271,-0.0273344,0.0191667,0.6435825132389016
53100,0.170271,-0.0273344,0.0208333,0.6435949255724926
53123,0.294225,-0.00976997,0.0191667,0.8288365503392149
53124,0.294225,-0.00976997,0.0208333,0.7643631774350528
53147,0.106165,-0.00995741,0.0191667,0.8537537555318058
53148,0.106165,-0.00995741,0.0208333,0.8537852381422474
53171,0.216197,-0.0109448,0.0191667,0.6883656246726108
53172,0.216197,-0.0109448,0.0208333,0.6884697681556639
53195,0.249174,-0.0383462,0.0191667,0.45994753157377155
53196,0.249174,-0.0383462,0.0208333,0.46066036181099856
53219,0.203022,0.0325686,0.0191667,0.4724507074910095
53220,0.203022,0.0325686,0.0208333,0.47184318816390797
53243,0.107829,-0.0315476,0.0191667,0.41548889352465973
53244,0.107829,-0.0315476,0.0208333,0.4155388437517287
53267,0.197003,-0.039224,0.0191667,0.46842064519873855
53268,0.197003,-0.039224,0.0208333,0.4688162362213917
53291,0.195578,-0.0392234,0.0191667,0.4507146003942176
53292,0.195578,-0.0392234,0.0208333,0.45111920232122266
53315,0.190122,-0.0377903,0.0191667,0.48900798456451616
53316,0.190122,-0.0377903,0.0208333,0.48924531718177017
53339,0.240936,-0.035643,0.0191667,0.6697169080714764
53340,0.240936,-0.035643,0.0208333,0.6699995583409841
53363,0.296252,-0.0317163,0.0191667,0.16229484332029775
53364,0.296252,-0.0317163,0.0208333,0.19362136081187012
53387,0.105457,-0.0151894,0.0191667,0.2824426219579087
53388,0.105457,-0.0151894,0.0208333,0.2825856039893768
53411,0.299197,-0.0358254,0.0191667,0.17208482305200537
53412,0.299197,-0.0358254,0.0208333,0.1204413340274841
53435,0.185521,0.0289682,0.0191667,0.3484971886012145
53436,0.185521,0.0289682,0.0208333,0.3479184639353596
53459,0.293151,0.0153124,0.0191667,0.24678523831608784
53460,0.293151,0.0153124,0.0208333,0.2472239204628965
53483,0.199616,-0.0372435,0.0191667,0.6039928803106757
53484,0.199616,-0.0372435,0.0208333,0.604213999436096
53507,0.229362,0.0370774,0.0191667,0.5956829926279724
53508,0.229362,0.0370774,0.0208333,0.5949372489180179
53531,0.270666,-0.028323,0.0191667,0.5231057779770837
53532,0.270666,-0.028323,0.0208333,0.5201403961472464
53555,0.250604,0.0291847,0.0191667,0.3940972540369943
53556,0.250604,0.0291847,0.0208333,0.393674174986171
53579,0.14924,0.0294578,0.0191667,0.30218165338231573
53580,0.14924,0.0294578,0.0208333,0.30135489477339483
53603,0.261186,-0.0348704,0.0191667,0.4277750574012075
53604,0.261186,-0.0348704,0.0208333,0.42756943221679256
53627,0.100377,-0.0379166,0.0191667,0.05010797170171628
53628,0.100377,-0.0379166,0.0208333,0.049275291114715895
53651,0.299622,-0.0379148,0.0191667,0.12001465089846323
53652,0.299622,-0.0379148,0.0208333,0.08110346508269545
53675,0.291179,0.0176899,0.0191667,0.22138177591840955
53676,0.291179,0.0176899,0.0208333,0.22186985841281076
53699,0.0499912,-0.00178006,0.0191667,1.1809902044259541
53700,0.0499912,-0.00178006,0.0208333,1.1809902046263505
53723,0.349991,0.0017813,0.0191667,1.3690958904864359
53724,0.349991,0.0017813,0.0208333,1.3469289438937002
53747,0.344126,0.00178006,0.0191667,1.375825607506681
53748,0.344126,0.00178006,0.0208333,1.3534172234454453
53771,0.0441269,-0.0017813,0.0191667,1.1782402152987599
53772,0.0441269,-0.0017813,0.0208333,1.178240215423675
53795,0.385851,0.00167045,0.0191667,1.3369602992108962
53796,0.385851,0.00167045,0.0208333,1.319314875421008
53819,0.299117,-0.034204,0.0191667,0.19442546057666935
53820,0.299117,-0.034204,0.0208333,0.13447388996954018
53843,0.214887,-0.0393525,0.0191667,0.5228132704158748
53844,0.214887,-0.0393525,0.0208333,0.523321210083199
53867,0.251609,-0.0396363,0.0191667,0.3333849141650967
53868,0.251609,-0.0396363,0.0208333,0.3342743179990083
53891,0.211166,-0.0379998,0.0191667,0.6269085472870438
53892,0.211166,-0.0379998,0.0208333,0.6272573732585179
53915,0.240354,-0.0392425,0.0191667,0.41840793054746434
53916,0.240354,-0.0392425,0.0208333,0.4192084755323885
53939,0.218982,-0.0380363,0.0191667,0.6306094596312867
53940,0.218982,-0.0380363,0.0208333,0.6310017535363294
53963,0.156972,-0.025959,0.0191667,0.6098105011691087
53964,0.156972,-0.025959,0.0208333,0.6097963667711661
53987,0.199173,-0.0367498,0.0191667,0.6075204396506014
53988,0.199173,-0.0367498,0.0208333,0.6077265027229231
54011,0.242983,-0.032992,0.0191667,0.7143886500885493
54012,0.242983,-0.032992,0.0208333,0.7145306171043262
54035,0.155445,0.0385256,0.0191667,0.34044847387761856
54036,0.155445,0.0385256,0.0208333,0.3393494456867051
54059,0.220118,-0.0373153,0.0191667,0.6811450931885262
54060,0.220118,-0.0373153,0.0208333,0.681448751111909
54083,0.150866,-0.0392245,0.0191667,0.5193954439041428
54084,0.150866,-0.0392245,0.0208333,0.519319872159803
54107,0.167298,-0.0352663,0.0191667,0.21953442576808424
54108,0.167298,-0.0352663,0.0208333,0.21964532838943018
54131,0.132989,-0.0369554,0.0191667,0.7258839020542355
54132,0.132989,-0.0369554,0.0208333,0.725905386635305
54155,0.148453,-0.0378975,0.0191667,0.5561789393634251
54156,0.148453,-0.0378975,0.0208333,0.5561208845380444
54179,0.148354,-0.0370446,0.0191667,0.5047369401642361
54180,0.148354,-0.0370446,0.0208333,0.5047282942311625
54203,0.00560226,0.00505451,0.0191667,1.1611211517245592
54204,0.00560226,0.00505451,0.0208333,1.161121151726177
54227,0.394401,-0.00502419,0.0191667,1.0510903554041644
54228,0.394401,-0.00502419,0.0208333,1.0139694655567446
54251,0.262297,-0.0373115,0.0191667,0.24131724494210935
54252,0.262297,-0.0373115,0.0208333,0.2402448853613831
54275,0.169993,-0.0178697,0.0191667,0.9343311507969947
54276,0.169993,-0.0178697,0.0208333,0.9342999117519872
54299,0.128284,-0.0393676,0.0191667,0.7912956669043693
54300,0.128284,-0.0393676,0.0208333,0.7912582216193801
54323,0.126929,-0.0393703,0.0191667,0.7811487310979701
54324,0.126929,-0.0393703,0.0208333,0.7811026890280376
54347,0.191192,0.0328934,0.0191667,0.4259705945528745
54348,0.191192,0.0328934,0.0208333,0.42525184810190253
54371,0.255844,0.0384174,0.0191667,0.4871204823859052
54372,0.255844,0.0384174,0.0208333,0.4864018242456979
54395,0.247687,-0.0392676,0.0191667,0.37747348235380906
54396,0.247687,-0.0392676,0.0208333,0.37837674361655826
54419,0.213497,-0.0393001,0.0191667,0.5163232257545741
54420,0.213497,-0.0393001,0.0208333,0.5168306120031363
54443,0.173218,-0.0392628,0.0191667,0.1424732353119511
54444,0.173218,-0.0392628,0.0208333,0.1428529595255555
54467,0.174598,-0.0392626,0.0191667,0.1797612043481632
54468,0.174598,-0.0392626,0.0208333,0.1800935208284418
54491,0.274661,-0.0384161,0.0191667,0.13400177129832427
54492,0.274661,-0.0384161,0.0208333,0.16314010103116555
54515,0.153689,-0.0392865,0.0191667,0.43115708413715065
54516,0.153689,-0.0392865,0.0208333,0.4310575245864292
54539,0.1975,0.0385963,0.0191667,0.49516528679051275
54540,0.1975,0.0385963,0.0208333,0.4943072830331712
54563,0.174391,-0.0385723,0.0191667,0.21023627598766204
54564,0.174391,-0.0385723,0.0208333,0.2104775943956734
54587,0.159033,-0.0351581,0.0191667,0.1350842360835638
54588,0.159033,-0.0351581,0.0208333,0.13516036540478846
54611,0.153509,0.00797655,0.0191667,0.4429028865078801
54612,0.153509,0.00797655,0.0208333,0.44279304059134256
54635,0.00607623,0.00750385,0.0191667,1.1588801549592564
54636,0.00607623,0.00750385,0.0208333,1.1588801549612624
54659,0.393924,-0.00748266,0.0191667,0.6827079167585506
54660,0.393924,-0.00748266,0.0208333,0.6366619582597755
54683,0.101429,0.0365606,0.0191667,0.0585287666361286
54684,0.101429,0.0365606,0.0208333,0.05956116222119914
54707,0.298571,0.0365606,0.0191667,0.07491378314770188
54708,0.298571,0.0365606,0.0208333,0.07602858006706163
54731,0.116948,-0.0156618,0.0191667,0.4375589066981432
54732,0.116948,-0.0156618,0.0208333,0.4373158789527981
54755,0.234395,-0.0383633,0.0191667,0.6014322033009497
54756,0.234395,-0.0383633,0.0208333,0.6019497709012396
54779,0.227437,-0.0364873,0.0191667,0.6992518961827734
54780,0.227437,-0.0364873,0.0208333,0.6995368890415641
54803,0.225742,-0.0173967,0.0191667,0.8240837866357819
54804,0.225742,-0.0173967,0.0208333,0.824067073801866
54827,0.214726,-0.038662,0.0191667,0.6021785741314186
54828,0.214726,-0.038662,0.0208333,0.6025911503999151
54851,0.274599,-0.0341765,0.0191667,0.12017899129689849
54852,0.274599,-0.0341765,0.0208333,0.13424156736812184
54875,0.303388,0.00855966,0.0191667,1.1938624240977183
54876,0.303388,0.00855966,0.0208333,1.1943810832250155
54899,0.0967098,0.00860407,0.0191667,1.1361117586317062
54900,0.0967098,0.00860407,0.0208333,1.1361017562188425
54923,0.103389,0.0385606,0.0191667,0.09468454468860323
54924,0.103389,0.0385606,0.0208333,0.09395808139468366
54947,0.296611,0.0385606,0.0191667,0.08034130675027945
54948,0.296611,0.0385606,0.0208333,0.08152193935898483
54971,0.184599,-0.0216902,0.0191667,0.9073011963608125
54972,0.184599,-0.0216902,0.0208333,0.9072653467592415
54995,0.241836,-0.0217115,0.0191667,0.8287502338899212
54996,0.241836,-0.0217115,0.0208333,0.8286960725441448
55019,0.25245,-0.0346637,0.0191667,0.5800564912386025
55020,0.25245,-0.0346637,0.0208333,0.5803279872805277
55043,0.195217,-0.0346749,0.0191667,0.6475503192434969
55044,0.195217,-0.0346749,0.0208333,0.6476679741456856
55067,0.0116557,-0.0069407,0.0191667,1.158550459348982
55068,0.0116557,-0.0069407,0.0208333,1.1585504593553908
55091,0.14416,0.0384211,0.0191667,0.33067337375920075
55092,0.14416,0.0384211,0.0208333,0.3295068684682225
55115,0.145188,-0.0353357,0.0191667,0.46139437341723244
55116,0.145188,-0.0353357,0.0208333,0.46145682859186954
55139,0.284944,-0.0383498,0.0191667,0.23093389429856329
55140,0.284944,-0.0383498,0.0208333,0.2528028440999033
55163,0.280109,-0.0245277,0.0191667,0.45850207803181225
55164,0.280109,-0.0245277,0.0208333,0.4412217173327827
55187,0.179356,-0.0269547,0.0191667,0.742926607786906
55188,0.179356,-0.0269547,0.0208333,0.7429352889051355
55211,0.236605,-0.026975,0.0191667,0.8479831164547614
55212,0.236605,-0.026975,0.0208333,0.8479563198922901
55235,0.111906,-0.0305397,0.0191667,0.3666474028070613
55236,0.111906,-0.0305397,0.0208333,0.36687883666531107
55259,0.285449,-0.0378392,0.0191667,0.2320489394536635
55260,0.285449,-0.0378392,0.0208333,0.2549381844793165
55283,0.168305,-0.0339774,0.0191667,0.29590807027644855
55284,0.168305,-0.0339774,0.0208333,0.29600000729904435
55307,0.116261,-0.0267315,0.0191667,0.14597220166294814
55308,0.116261,-0.0267315,0.0208333,0.1465405215864885
55331,0.101975,-0.0380791,0.0191667,0.12351236621780387
55332,0.101975,-0.0380791,0.0208333,0.12321911194339984
55355,0.298119,-0.0380454,0.0191667,0.1614755227678796
55356,0.298119,-0.0380454,0.0208333,0.12852697867953639
55379,0.103143,-0.03132,0.0191667,0.39568050027097573
55380,0.103143,-0.03132,0.0208333,0.3955704965349828
55403,0.0988104,0.00655605,0.0191667,1.1349717975757225
55404,0.0988104,0.00655605,0.0208333,1.1349617840713846
55427,0.301431,0.00644568,0.0191667,1.1946031072608383
55428,0.301431,0.00644568,0.0208333,1.1943252393081691
55451,0.19863,-0.0383174,0.0191667,0.5564692462513792
55452,0.19863,-0.0383174,0.0208333,0.5567523246885691
55475,0.173389,-0.035713,0.0191667,0.3049003717871194
55476,0.173389,-0.035713,0.0208333,0.30503788213954414
55499,0.224333,-0.0265381,0.0191667,0.8890388293982752
55500,0.224333,-0.0265381,0.0208333,0.8890177462530182
55523,0.166986,-0.0264849,0.0191667,0.6493208325069425
55524,0.166986,-0.0264849,0.0208333,0.6493279430131924
55547,0.150964,-0.0304426,0.0191667,0.2404736544112274
55548,0.150964,-0.0304426,0.0208333,0.24048932281048074
55571,0.221032,-0.0256992,0.0191667,0.8985004729105034
55572,0.221032,-0.0256992,0.0208333,0.8984699961476308
55595,0.208198,-0.0272796,0.0191667,0.8950378695848085
55596,0.208198,-0.0272796,0.0208333,0.8950247297625737
55619,0.265319,-0.0271758,0.0191667,0.6309785600848624
55620,0.265319,-0.0271758,0.0208333,0.6302282746353892
55643,0.236297,-0.0351716,0.0191667,0.7076021333088979
55644,0.236297,-0.0351716,0.0208333,0.7078341767424622
55667,0.234999,0.0369751,0.0191667,0.5909547924634474
55668,0.234999,0.0369751,0.0208333,0.5901929574862999
55691,0.25824,-0.0323493,0.0191667,0.5721506965001707
55692,0.25824,-0.0323493,0.0208333,0.5721308497998862
55715,0.179025,-0.035182,0.0191667,0.4339219289355095
55716,0.179025,-0.035182,0.0208333,0.43403962719587574
55739,0.235322,-0.0373682,0.0191667,0.6415260118114853
55740,0.235322,-0.0373682,0.0208333,0.6419371466218509
55763,0.115013,-0.0372917,0.0191667,0.628088613895812
55764,0.115013,-0.0372917,0.0208333,0.6280115429849897
55787,0.273667,-0.0276111,0.0191667,0.48709610093414835
55788,0.273667,-0.0276111,0.0208333,0.4813041797832635
55811,0.277579,-0.0170944,0.0191667,0.7116911034571107
55812,0.277579,-0.0170944,0.0208333,0.7102528758050966
55835,0.284533,-0.035079,0.0191667,0.19386678029466525
55836,0.284533,-0.035079,0.0208333,0.230341362244995
55859,0.298923,-0.0322567,0.0191667,0.21281692458909374
55860,0.298923,-0.0322567,0.0208333,0.14782346722185216
55883,0.138059,-0.0396133,0.0191667,0.7504246135596732
55884,0.138059,-0.0396133,0.0208333,0.7504240015125667
55907,0.170813,0.0369026,0.0191667,0.37302358841639977
55908,0.170813,0.0369026,0.0208333,0.37201651930122676
55931,0.176435,0.036992,0.0191667,0.395961906085672
55932,0.176435,0.036992,0.0208333,0.3949908741966913
55955,0.0112515,-0.00356939,0.0191667,1.1633704770669666
55956,0.0112515,-0.00356939,0.0208333,1.1633704770723816
55979,0.229077,-0.0395844,0.0191667,0.5026002233342929
55980,0.229077,-0.0395844,0.0208333,0.5031916561188948
56003,0.12947,-0.0287603,0.0191667,0.11444994302726585
56004,0.12947,-0.0287603,0.0208333,0.11479648642091099
56027,0.101219,-0.0174438,0.0191667,0.4560060191174872
56028,0.101219,-0.0174438,0.0208333,0.4560507502918288
56051,0.293297,-0.0305203,0.0191667,0.1688641129991805
56052,0.293297,-0.0305203,0.0208333,0.23745338493148502
56075,0.106843,-0.0372285,0.0191667,0.3619865407412603
56076,0.106843,-0.0372285,0.0208333,0.3618222008509186
56099,0.225492,-0.0383192,0.0191667,0.6255463942316744
56100,0.225492,-0.0383192,0.0208333,0.6259778837592028
56123,0.11078,-0.0384262,0.0191667,0.4980222475455686
56124,0.11078,-0.0384262,0.0208333,0.4978821982087285
56147,0.100776,-0.0372339,0.0191667,0.09063736468995554
56148,0.100776,-0.0372339,0.0208333,0.09010652458568137
56171,0.299227,-0.0372363,0.0191667,0.150361615074493
56172,0.299227,-0.0372363,0.0208333,0.10595558610082811
56195,0.295191,-0.0344588,0.0191667,0.16218125548996098
56196,0.295191,-0.0344588,0.0208333,0.2030064260650458
56219,0.135438,-0.0282753,0.0191667,0.12274683926444908
56220,0.135438,-0.0282753,0.0208333,0.12280332885814782
56243,0.187299,-0.0396277,0.0191667,0.35056759459631986
56244,0.187299,-0.0396277,0.0208333,0.3509598998923837
56267,0.189682,-0.0370788,0.0191667,0.5098053473929421
56268,0.189682,-0.0370788,0.0208333,0.5099969725589774
56291,0.182918,-0.0378668,0.0191667,0.37944113927272777
56292,0.182918,-0.0378668,0.0208333,0.3796684679046603
56315,0.216059,-0.0312669,0.0191667,0.8470307983391167
56316,0.216059,-0.0312669,0.0208333,0.8470788565005797
56339,0.224824,-0.0356201,0.0191667,0.7349618859199561
56340,0.224824,-0.0356201,0.0208333,0.7351734949649599
56363,0.156198,0.0179914,0.0191667,0.13739618004548199
56364,0.156198,0.0179914,0.0208333,0.13680741494886342
56387,0.213382,-0.0270104,0.0191667,0.9017349371175611
56388,0.213382,-0.0270104,0.0208333,0.901712834693039
56411,0.245578,-0.0396277,0.0191667,0.3808184363350694
56412,0.245578,-0.0396277,0.0208333,0.3817230179064067
56435,0.265001,-0.0363745,0.0191667,0.2149229327338988
56436,0.265001,-0.0363745,0.0208333,0.2098859899915192
56459,0.265744,-0.0363963,0.0191667,0.2117502158152383
56460,0.265744,-0.0363963,0.0208333,0.2058285746753956
56483,0.224863,-0.037836,0.0191667,0.6351513285041233
56484,0.224863,-0.037836,0.0208333,0.6355587539234342
56507,0.230044,0.0342394,0.0191667,0.5530543173832322
56508,0.230044,0.0342394,0.0208333,0.5524840324105448
56531,0.249091,-0.0391742,0.0191667,0.3626792094171316
56532,0.249091,-0.0391742,0.0208333,0.363597755273405
56555,0.19416,-0.0234519,0.0191667,0.9064620037221418
56556,0.19416,-0.0234519,0.0208333,0.906413571097125
56579,0.251382,-0.0234695,0.0191667,0.7789091247934126
56580,0.251382,-0.0234695,0.0208333,0.7788272924576103
56603,0.277831,-0.035171,0.0191667,0.14633955029838686
56604,0.277831,-0.035171,0.0208333,0.1779192472817081
56627,0.140231,-0.0383844,0.0191667,0.7218144363291122
56628,0.140231,-0.0383844,0.0208333,0.7217996956568683
56651,0.10104,-0.0216791,0.0191667,0.5018858448469481
56652,0.10104,-0.0216791,0.0208333,0.5018612034959368
56675,0.282896,-0.037873,0.0191667,0.22030773188403988
56676,0.282896,-0.037873,0.0208333,0.24641315996663002
56699,0.279207,-0.0383015,0.0191667,0.17946120600837387
56700,0.279207,-0.0383015,0.0208333,0.2175003557512033
56723,0.190755,-0.0378938,0.0191667,0.49331379545570997
56724,0.190755,-0.0378938,0.0208333,0.4935457736575707
56747,0.161937,-0.0396663,0.0191667,0.16395424960488703
56748,0.161937,-0.0396663,0.0208333,0.16387617447923325
56771,0.199333,-0.0278189,0.0191667,0.8693559177655026
56772,0.199333,-0.0278189,0.0208333,0.8693572946586231
56795,0.256561,-0.027816,0.0191667,0.7037104043326772
56796,0.256561,-0.027816,0.0208333,0.7035935914788679
56819,0.398516,-0.00254153,0.0191667,1.1489706776520627
56820,0.398516,-0.00254153,0.0208333,1.1206213306506654
56843,0.00148681,0.00255067,0.0191667,1.1600300327942832
56844,0.00148681,0.00255067,0.0208333,1.1600300327944875
56867,0.398433,0.0025242,0.0191667,1.2695619771695121
56868,0.398433,0.0025242,0.0208333,1.2522853290192812
56891,0.00156811,-0.00250652,0.0191667,1.1600300324500834
56892,0.00156811,-0.00250652,0.0208333,1.1600300324503103
56915,0.101678,-0.026969,0.0191667,0.47212764485876707
56916,0.101678,-0.026969,0.0208333,0.4719886789522079
56939,0.125644,-0.0234907,0.0191667,0.19701498593074082
56940,0.125644,-0.0234907,0.0208333,0.1964355575442837
56963,0.233358,-0.0260106,0.0191667,0.8659182228887655
56964,0.233358,-0.0260106,0.0208333,0.8658871058398635
56987,0.176102,-0.0259862,0.0191667,0.738867309189279
56988,0.176102,-0.0259862,0.0208333,0.7388731878887977
57011,0.121734,-0.0379002,0.0191667,0.7450427506242066
57012,0.121734,-0.0379002,0.0208333,0.744986097514749
57035,0.281487,-0.0370612,0.0191667,0.19656082635744082
57036,0.281487,-0.0370612,0.0208333,0.23057437020928842
57059,0.133656,-0.0156407,0.0191667,0.913392228204507
57060,0.133656,-0.0156407,0.0208333,0.9133464266978265
57083,0.168936,-0.0380667,0.0191667,0.10093444234830645
57084,0.168936,-0.0380667,0.0208333,0.10118132400143615
57107,0.142498,-0.00237757,0.0191667,1.0919170057117424
57108,0.142498,-0.00237757,0.0208333,1.0919292930292555
57131,0.190715,-0.0345339,0.0191667,0.6055860601018471
57132,0.190715,-0.0345339,0.0208333,0.605695695686611
57155,0.239615,-0.0329359,0.0191667,0.737350108404177
57156,0.239615,-0.0329359,0.0208333,0.7374848631814364
57179,0.148138,-0.0258624,0.0191667,0.4751481146222867
57180,0.148138,-0.0258624,0.0208333,0.475096547067775
57203,0.258218,-0.039164,0.0191667,0.18900264409405204
57204,0.258218,-0.039164,0.0208333,0.18940834233009934
57227,0.273913,-0.0226885,0.0191667,0.6526327920948809
57228,0.273913,-0.0226885,0.0208333,0.6505343144947006
57251,0.247902,-0.0344932,0.0191667,0.6378760593502478
57252,0.247902,-0.0344932,0.0208333,0.6381190457216969
57275,0.297219,-0.0313833,0.0191667,0.17366919123897595
57276,0.297219,-0.0313833,0.0208333,0.17705684032726582
57299,0.388442,0.00695968,0.0191667,1.290187318659217
57300,0.388442,0.00695968,0.0208333,1.2868416145847879
57323,0.145939,-0.0358167,0.0191667,0.47515113901668266
57324,0.145939,-0.0358167,0.0208333,0.47520310051046105
57347,0.21221,-0.0303727,0.0191667,0.8619618106140874
57348,0.21221,-0.0303727,0.0208333,0.8619899813109837
57371,0.145972,-0.03664,0.0191667,0.5425276709734876
57372,0.145972,-0.03664,0.0208333,0.542535663344778
57395,0.100814,-0.03969,0.0191667,0.03445057755771302
57396,0.100814,-0.03969,0.0208333,0.03366634664616878
57419,0.299185,-0.0396866,0.0191667,0.05369770908763334
57420,0.299185,-0.0396866,0.0208333,0.0300945536796843
57443,0.189036,-0.0339068,0.0191667,0.6079578714764665
57444,0.189036,-0.0339068,0.0208333,0.6080525526708037
57467,0.194174,-0.03709,0.0191667,0.5575048762899614
57468,0.194174,-0.03709,0.0208333,0.5577067119033118
57491,0.180725,-0.0383907,0.0191667,0.3336284804978232
57492,0.180725,-0.0383907,0.0208333,0.33387082654459105
57515,0.187258,-0.0332699,0.0191667,0.6076022014579004
57516,0.187258,-0.0332699,0.0208333,0.6076838483136018
57539,0.281622,-0.0288124,0.0191667,0.11615667035710862
57540,0.281622,-0.0288124,0.0208333,0.09429234781794332
57563,0.197684,0.0330851,0.0191667,0.45358992702052103
57564,0.197684,0.0330851,0.0208333,0.45294911419434125
57587,0.137295,-0.0384114,0.0191667,0.7593964633986603
57588,0.137295,-0.0384114,0.0208333,0.7593858493102895
57611,0.216766,-0.0378487,0.0191667,0.647192190046475
57612,0.216766,-0.0378487,0.0208333,0.6475472269470626
57635,0.244033,0.0319804,0.0191667,0.4875727069862329
57636,0.244033,0.0319804,0.0208333,0.48709774923431154
57659,0.146477,-0.0247168,0.0191667,0.5133918908663987
57660,0.146477,-0.0247168,0.0208333,0.5133634287952551
57683,0.219226,-0.0263242,0.0191667,0.8992629555141067
57684,0.219226,-0.0263242,0.0208333,0.899232695431168
57707,0.235152,-0.0380887,0.0191667,0.5982691471908053
57708,0.235152,-0.0380887,0.0208333,0.5987906584627226
57731,0.105625,-0.037836,0.0191667,0.27213378989742265
57732,0.105625,-0.037836,0.0208333,0.27190771449909706
57755,0.243285,0.0289631,0.0191667,0.41924193114963476
57756,0.243285,0.0289631,0.0208333,0.4188561846164308
57779,0.217946,-0.0231658,0.0191667,0.8987626634050934
57780,0.217946,-0.0231658,0.0208333,0.8987057128362639
57803,0.286635,0.028597,0.0191667,0.1535306253300001
57804,0.286635,0.028597,0.0208333,0.15323507608460574
57827,0.218672,-0.0396213,0.0191667,0.5224027011413345
57828,0.218672,-0.0396213,0.0208333,0.5229262868659655
57851,0.20003,-0.0383962,0.0191667,0.5638888190850875
57852,0.20003,-0.0383962,0.0208333,0.5641775678964949
57875,0.102349,0.00133761,0.0191667,1.2239678037239519
57876,0.102349,0.00133761,0.0208333,1.2239577481304154
57899,0.263738,-0.0344477,0.0191667,0.42057716651197313
57900,0.263738,-0.0344477,0.0208333,0.41963865587489674
57923,0.262789,-0.0342538,0.0191667,0.4279458467199326
57924,0.262789,-0.0342538,0.0208333,0.4273282763341195
57947,0.262654,-0.0391742,0.0191667,0.04260570657329837
57948,0.262654,-0.0391742,0.0208333,0.030424512837539403
57971,0.24259,-0.0350073,0.0191667,0.6708607032331843
57972,0.24259,-0.0350073,0.0208333,0.6711117027372502
57995,0.27475,-0.0369509,0.0191667,0.14297529936176948
57996,0.27475,-0.0369509,0.0208333,0.17050880828685097
58019,0.225875,-0.0368208,0.0191667,0.6841139160791676
58020,0.225875,-0.0368208,0.0208333,0.6844279023486571
58043,0.261827,-0.0147144,0.0191667,0.7357483446317525
58044,0.261827,-0.0147144,0.0208333,0.735702248474451
58067,0.168676,-0.0303295,0.0191667,0.49915307896933664
58068,0.168676,-0.0303295,0.0208333,0.49918289482276373
58091,0.256707,-0.0382724,0.0191667,0.335137890941915
58092,0.256707,-0.0382724,0.0208333,0.33577863918581596
58115,0.136521,-0.0380269,0.0191667,0.7644921912119242
58116,0.136521,-0.0380269,0.0208333,0.7644816375376332
58139,0.157457,-0.0396504,0.0191667,0.29888454843173407
58140,0.157457,-0.0396504,0.0208333,0.29876148062367475
58163,0.238352,0.0314681,0.0191667,0.496977063759242
58164,0.238352,0.0314681,0.0208333,0.4965242609992825
58187,0.194636,-0.0378087,0.0191667,0.5358482335972734
58188,0.194636,-0.0378087,0.0208333,0.5360934612607119
58211,0.19363,-0.0339855,0.0191667,0.6581306333916888
58212,0.19363,-0.0339855,0.0208333,0.6582291481671747
58235,0.281343,-0.0396338,0.0191667,0.19004760877806381
58236,0.281343,-0.0396338,0.0208333,0.21278125467087297
58259,0.25086,-0.0339687,0.0191667,0.6209169886496214
58260,0.25086,-0.0339687,0.0208333,0.6211312949753206
58283,0.256675,-0.0366166,0.0191667,0.42918781746191303
58284,0.256675,-0.0366166,0.0208333,0.4296198494124501
58307,0.38886,0.00360937,0.0191667,1.3252443879467588
58308,0.38886,0.00360937,0.0208333,1.3098419079688375
58331,0.261992,-0.0379913,0.0191667,0.19856980944277505
58332,0.261992,-0.0379913,0.0208333,0.19754459519037718
58355,0.295927,-0.0349608,0.0191667,0.16447211710367476
58356,0.295927,-0.0349608,0.0208333,0.18871452694766241
58379,0.108227,-0.0241648,0.0191667,0.37299594009549847
58380,0.108227,-0.0241648,0.0208333,0.3730718843385891
58403,0.216137,-0.0326299,0.0191667,0.809844064441058
58404,0.216137,-0.0326299,0.0208333,0.8099298283506713
58427,0.100317,-0.0392271,0.0191667,0.021979022648052394
58428,0.100317,-0.0392271,0.0208333,0.020877920928732346
58451,0.299682,-0.0392237,0.0191667,0.06331644723805972
58452,0.299682,-0.0392237,0.0208333,0.034236356987565136
58475,0.246474,-0.0386682,0.0191667,0.46574104904850677
58476,0.246474,-0.0386682,0.0208333,0.4664896343585702
58499,0.276852,-0.0268855,0.0191667,0.4444169556270778
58500,0.276852,-0.0268855,0.0208333,0.4327852569460286
58523,0.179052,-0.032585,0.0191667,0.5552273404115833
58524,0.179052,-0.032585,0.0208333,0.555283520368024
58547,0.100942,-0.035798,0.0191667,0.1522335863253901
58548,0.100942,-0.035798,0.0208333,0.15185376272852116
58571,0.192646,-0.0341474,0.0191667,0.6510156408724034
58572,0.192646,-0.0341474,0.0208333,0.6511157127020731
58595,0.104772,-0.0256075,0.0191667,0.4608603015262516
58596,0.104772,-0.0256075,0.0208333,0.46086914895164427
58619,0.249879,-0.0341519,0.0191667,0.6262361068271088
58620,0.249879,-0.0341519,0.0208333,0.626459877323453
58643,0.259559,-0.0264986,0.0191667,0.699163255766305
58644,0.259559,-0.0264986,0.0208333,0.698942466667394
58667,0.202312,-0.0266058,0.0191667,0.8945951730396073
58668,0.202312,-0.0266058,0.0208333,0.8945783610209762
58691,0.236309,-0.0325983,0.0191667,0.774875810198192
58692,0.236309,-0.0325983,0.0208333,0.7749664814617195
58715,0.104448,-0.0371655,0.0191667,0.2539049683107889
58716,0.104448,-0.0371655,0.0208333,0.25368012754106617
58739,0.12196,-0.0216836,0.0191667,0.2508690005823988
58740,0.12196,-0.0216836,0.0208333,0.25042350497310595
58763,0.208789,0.0384887,0.0191667,0.5495519259558277
58764,0.208789,0.0384887,0.0208333,0.5487638059854678
58787,0.113271,0.0285894,0.0191667,0.24233107629021416
58788,0.113271,0.0285894,0.0208333,0.24150003231648312
58811,0.200601,0.0339211,0.0191667,0.46558296049766124
58812,0.200601,0.0339211,0.0208333,0.4649435945635045
58835,0.111741,-0.0229932,0.0191667,0.23292230426214253
58836,0.111741,-0.0229932,0.0208333,0.2330712767784353
58859,0.225062,-0.0370291,0.0191667,0.684718642520039
58860,0.225062,-0.0370291,0.0208333,0.6850326552028227
58883,0.233358,-0.0334606,0.0191667,0.7664890631336884
58884,0.233358,-0.0334606,0.0208333,0.7666158111320336
58907,0.176091,-0.0334281,0.0191667,0.4737270721967647
58908,0.176091,-0.0334281,0.0208333,0.47379990098729907
58931,0.211026,-0.0244062,0.0191667,0.9086749448330604
58932,0.211026,-0.0244062,0.0208333,0.9086237040570609
58955,0.188297,-0.0301122,0.0191667,0.7321892399988642
58956,0.188297,-0.0301122,0.0208333,0.7322309131055054
58979,0.290862,-0.0354281,0.0191667,0.19102683584501942
58980,0.290862,-0.0354281,0.0208333,0.24006794013014315
59003,0.299086,-0.0217714,0.0191667,0.3436087108969154
59004,0.299086,-0.0217714,0.0208333,0.2952168722052316
59027,0.110689,-0.0370802,0.0191667,0.5109634717441223
59028,0.110689,-0.0370802,0.0208333,0.5108717528413955
59051,0.186311,-0.0336169,0.0191667,0.5976853098211198
59052,0.186311,-0.0336169,0.0208333,0.5977671983476381
59075,0.173212,-0.0365404,0.0191667,0.2605363189137977
59076,0.173212,-0.0365404,0.0208333,0.2606784118309186
59099,0.166602,-0.035719,0.0191667,0.17906472942080584
59100,0.166602,-0.035719,0.0208333,0.17918488604353947
59123,0.11936,-0.0330365,0.0191667,0.4786583345330196
59124,0.11936,-0.0330365,0.0208333,0.4788943847799919
59147,0.225971,-0.0303932,0.0191667,0.8475272343645859
59148,0.225971,-0.0303932,0.0208333,0.8475620367699365
59171,0.279198,-0.036991,0.0191667,0.1732514287593684
59172,0.279198,-0.036991,0.0208333,0.21201414648935576
59195,0.274013,-0.0380422,0.0191667,0.13278563087585676
59196,0.274013,-0.0380422,0.0208333,0.15911610926722317
59219,0.10945,-0.0298326,0.0191667,0.3778378306706263
59220,0.10945,-0.0298326,0.0208333,0.37800206633454386
59243,0.106599,-0.0319566,0.0191667,0.4100791873258876
59244,0.106599,-0.0319566,0.0208333,0.410071680920449
59267,0.246247,-0.0339268,0.0191667,0.6671665007882497
59268,0.246247,-0.0339268,0.0208333,0.6673667614816816
59291,0.271288,-0.0382933,0.0191667,0.12807139327388492
59292,0.271288,-0.0382933,0.0208333,0.1425701271796094
59315,0.167702,-0.0365995,0.0191667,0.14397432354700923
59316,0.167702,-0.0365995,0.0208333,0.1441431160143907
59339,0.269002,-0.0368838,0.0191667,0.0968863028374682
59340,0.269002,-0.0368838,0.0208333,0.10188182339231518
59363,0.297372,-0.0097059,0.0191667,1.064106834594539
59364,0.297372,-0.0097059,0.0208333,1.0666216796411743
59387,0.102999,-0.00991855,0.0191667,0.8156114533218436
59388,0.102999,-0.00991855,0.0208333,0.815651744873472
59411,0.205352,-0.0339289,0.0191667,0.7490584487950839
59412,0.205352,-0.0339289,0.0208333,0.7491710642323379
59435,0.139384,-0.031785,0.0191667,0.3025971717442818
59436,0.139384,-0.031785,0.0208333,0.302837795609782
59459,0.103454,0.00422879,0.0191667,1.2094308511066092
59460,0.103454,0.00422879,0.0208333,1.2094214939702912
59483,0.215084,-0.0331049,0.0191667,0.8065025153451858
59484,0.215084,-0.0331049,0.0208333,0.806592552246781
59507,0.186034,-0.0375859,0.0191667,0.4481727472759249
59508,0.186034,-0.0375859,0.0208333,0.4483880967505846
59531,0.170877,-0.0253449,0.0191667,0.7498452736339639
59532,0.170877,-0.0253449,0.0208333,0.7498438739104029
59555,0.228107,-0.0253634,0.0191667,0.8826808614974785
59556,0.228107,-0.0253634,0.0208333,0.8826427018579801
59579,0.14258,-0.0293988,0.0191667,0.1973591484981365
59580,0.14258,-0.0293988,0.0208333,0.19744815355055614
59603,0.185909,-0.0382368,0.0191667,0.411699793702627
59604,0.185909,-0.0382368,0.0208333,0.4119670271021579
59627,0.131353,-0.0382537,0.0191667,0.7925029064994649
59628,0.131353,-0.0382537,0.0208333,0.7924882761482063
59651,0.128946,-0.00763816,0.0191667,1.1824404150924743
59652,0.128946,-0.00763816,0.0208333,1.1824530300790006
59675,0.265394,-0.0350417,0.0191667,0.33476990682152125
59676,0.265394,-0.0350417,0.0208333,0.3325742915712808
59699,0.117713,-0.0370184,0.0191667,0.6761969039971406
59700,0.117713,-0.0370184,0.0208333,0.6761361054533672
59723,0.11298,-0.0103154,0.0191667,0.9347566745168906
59724,0.11298,-0.0103154,0.0208333,0.9347201293679098
59747,0.253741,-0.038362,0.0191667,0.3791441505316522
59748,0.253741,-0.038362,0.0208333,0.3798914054231206
59771,0.182289,-0.0224456,0.0191667,0.9023631748743238
59772,0.182289,-0.0224456,0.0208333,0.9023308099387054
59795,0.239528,-0.0224638,0.0191667,0.836277959060932
59796,0.239528,-0.0224638,0.0208333,0.8362265394328737
59819,0.265687,0.027181,0.0191667,0.24896061029089903
59820,0.265687,0.027181,0.0208333,0.24861785565600253
59843,0.262699,-0.0250217,0.0191667,0.6966088725532772
59844,0.262699,-0.0250217,0.0208333,0.6962493019678163
59867,0.205479,-0.0250455,0.0191667,0.9063598715973931
59868,0.205479,-0.0250455,0.0208333,0.9063216511039793
59891,0.270053,-0.0392161,0.0191667,0.09577701998222539
59892,0.270053,-0.0392161,0.0208333,0.09580276002543768
59915,0.237134,-0.0351063,0.0191667,0.7054812513527322
59916,0.237134,-0.0351063,0.0208333,0.7057100398361147
59939,0.239956,-0.0366021,0.0191667,0.6450676156658115
59940,0.239956,-0.0366021,0.0208333,0.6454352642032906
59963,0.179902,-0.0350983,0.0191667,0.4463599024526598
59964,0.179902,-0.0350983,0.0208333,0.44647670533932843
59987,0.270213,-0.0265209,0.0191667,0.6072568554938182
59988,0.270213,-0.0265209,0.0208333,0.6053234533438347
60011,0.182442,-0.032854,0.0191667,0.5806349652778712
60012,0.182442,-0.032854,0.0208333,0.580705262907298
60035,0.213776,-0.0373081,0.0191667,0.6747407090122736
60036,0.213776,-0.0373081,0.0208333,0.6750212477333306
60059,0.169597,-0.0324178,0.0191667,0.4042514732175536
60060,0.169597,-0.0324178,0.0208333,0.4043084659381019
60083,0.180568,0.0313955,0.0191667,0.37053188826660843
60084,0.180568,0.0313955,0.0208333,0.36978211946789913
60107,0.226397,-0.0373466,0.0191667,0.6689833871081899
60108,0.226397,-0.0373466,0.0208333,0.6693309211934743
60131,0.306183,0.0037368,0.0191667,1.344263983407188
60132,0.306183,0.0037368,0.0208333,1.3363678514766657
60155,0.0940394,0.00376129,0.0191667,1.1924911555900688
60156,0.0940394,0.00376129,0.0208333,1.1924911466021773
60179,0.226831,-0.0324849,0.0191667,0.8053583335264537
60180,0.226831,-0.0324849,0.0208333,0.8054465810064587
60203,0.141524,-0.0316164,0.0191667,0.2617563930472186
60204,0.141524,-0.0316164,0.0208333,0.26195847752860546
60227,0.142528,-0.039636,0.0191667,0.6933079506500252
60228,0.142528,-0.039636,0.0208333,0.693297473882475
60251,0.106094,-0.0383791,0.0191667,0.29089807957794983
60252,0.106094,-0.0383791,0.0208333,0.29067379770081186
60275,0.212599,-0.0228381,0.0191667,0.9037488354548106
60276,0.212599,-0.0228381,0.0208333,0.9036911847932008
60299,0.263175,-0.0374013,0.0191667,0.22068946079332832
60300,0.263175,-0.0374013,0.0208333,0.21871335410991713
60323,0.396779,-0.00889292,0.0191667,0.6611835238361056
60324,0.396779,-0.00889292,0.0208333,0.614368262030952
60347,0.00322129,0.00889797,0.0191667,1.1585100017519807
60348,0.00322129,0.00889797,0.0208333,1.1585100017528986
60371,0.396775,0.00889437,0.0191667,1.2731694492407413
60372,0.396775,0.00889437,0.0208333,1.2699529379266352
60395,0.00322892,-0.00888919,0.0191667,1.1584700017540905
60396,0.00322892,-0.00888919,0.0208333,1.1584700017550198
60419,0.134126,0.0273661,0.0191667,0.2960248344151931
60420,0.134126,0.0273661,0.0208333,0.2952791423507596
60443,0.225987,-0.0347097,0.0191667,0.7530371617380622
60444,0.225987,-0.0347097,0.0208333,0.753208774958982
60467,0.175571,-0.0378506,0.0191667,0.2545559381062852
60468,0.175571,-0.0378506,0.0208333,0.25474759677058406
60491,0.111414,-0.0372019,0.0191667,0.5271268022118785
60492,0.111414,-0.0372019,0.0208333,0.527038919609109
60515,0.10643,-0.0332347,0.0191667,0.4089763282256112
60516,0.10643,-0.0332347,0.0208333,0.40893458692707757
60539,0.295316,-0.0254759,0.0191667,0.20221339332054641
60540,0.295316,-0.0254759,0.0208333,0.23685614937765498
60563,0.227591,-0.0163716,0.0191667,0.8158112693568109
60564,0.227591,-0.0163716,0.0208333,0.8157991618135731
60587,0.302744,-0.00203422,0.0191667,1.315050437473487
60588,0.302744,-0.00203422,0.0208333,1.2713681935615417
60611,0.180155,-0.0379039,0.0191667,0.3316038738388447
60612,0.180155,-0.0379039,0.0208333,0.3318259631785073
60635,0.119677,-0.0220783,0.0191667,0.2250076981972006
60636,0.119677,-0.0220783,0.0208333,0.22454895557698348
60659,0.158973,-0.0360848,0.0191667,0.14848424354887793
60660,0.158973,-0.0360848,0.0208333,0.1485157265180681
60683,0.223532,-0.0166207,0.0191667,0.8140552762096823
60684,0.223532,-0.0166207,0.0208333,0.8140455684249773
60707,0.137205,-0.0308187,0.0191667,0.22178288472666324
60708,0.137205,-0.0308187,0.0208333,0.22212284809997396
60731,0.182713,0.0335244,0.0191667,0.394136259669936
60732,0.182713,0.0335244,0.0208333,0.3933619305526488
60755,0.295258,-0.0370631,0.0191667,0.20373746834962905
60756,0.295258,-0.0370631,0.0208333,0.20513065348565046
60779,0.129714,-0.0187859,0.0191667,0.6071968227853028
60780,0.129714,-0.0187859,0.0208333,0.6070079168246951
60803,0.27569,0.0274799,0.0191667,0.18191289184483353
60804,0.27569,0.0274799,0.0208333,0.18157320167223714
60827,0.240565,-0.0372204,0.0191667,0.6169345846637204
60828,0.240565,-0.0372204,0.0208333,0.6173842343482804
60851,0.185386,-0.0370869,0.0191667,0.45071336162747483
60852,0.185386,-0.0370869,0.0208333,0.4509085968744468
60875,0.113437,-0.0384377,0.0191667,0.5875167511505629
60876,0.113437,-0.0384377,0.0208333,0.5873952093723408
60899,0.266184,-0.0369929,0.0191667,0.12553770395662014
60900,0.266184,-0.0369929,0.0208333,0.10952290074454749
60923,0.259434,-0.0325055,0.0191667,0.5671124022495452
60924,0.259434,-0.0325055,0.0208333,0.5670269302418954
60947,0.147716,-0.0383304,0.0191667,0.5797077613280596
60948,0.147716,-0.0383304,0.0208333,0.579656888601
60971,0.143242,-0.0392569,0.0191667,0.6859573547280275
60972,0.143242,-0.0392569,0.0208333,0.685942444828098
60995,0.298164,-0.0197414,0.0191667,0.37945227106713963
60996,0.298164,-0.0197414,0.0208333,0.3520049052126405
61019,0.152296,-0.0297394,0.0191667,0.34851580894664624
61020,0.152296,-0.0297394,0.0208333,0.3485186948869659
61043,0.208989,-0.0238226,0.0191667,0.9068236496657914
61044,0.208989,-0.0238226,0.0208333,0.9067715499071712
61067,0.233422,-0.0312796,0.0191667,0.8085261703058219
61068,0.233422,-0.0312796,0.0208333,0.808585241982177
61091,0.176164,-0.0312586,0.0191667,0.577949406098843
61092,0.176164,-0.0312586,0.0208333,0.5779893157683241
61115,0.216022,-0.0279797,0.0191667,0.8892701898265609
61116,0.216022,-0.0279797,0.0208333,0.8892644844444281
61139,0.12381,0.0276089,0.0191667,0.29526799845030344
61140,0.12381,0.0276089,0.0208333,0.29449812985539664
61163,0.214096,-0.0186332,0.0191667,0.8694156064123236
61164,0.214096,-0.0186332,0.0208333,0.8693534434592705
61187,0.238809,-0.0382971,0.0191667,0.5845727052903639
61188,0.238809,-0.0382971,0.0208333,0.585132543589986
61211,0.267966,-0.0362369,0.0191667,0.13901616152178134
61212,0.267966,-0.0362369,0.0208333,0.11372080798543423
61235,0.246325,-0.0393439,0.0191667,0.3751324400764855
61236,0.246325,-0.0393439,0.0208333,0.3760536943932794
61259,0.216254,-0.0384585,0.0191667,0.6164008348078647
61260,0.216254,-0.0384585,0.0208333,0.6168094337709566
61283,0.140292,-0.0269536,0.0191667,0.25538351631250017
61284,0.140292,-0.0269536,0.0208333,0.25527532456899965
61307,0.143998,-0.0396209,0.0191667,0.669388822552413
61308,0.143998,-0.0396209,0.0208333,0.6693690229130972
61331,0.165744,-0.0228585,0.0191667,0.775011705827695
61332,0.165744,-0.0228585,0.0208333,0.7750086969473994
61355,0.189482,-0.0383593,0.0191667,0.4603384217237228
61356,0.189482,-0.0383593,0.0208333,0.4605978196924828
61379,0.161457,0.0269227,0.0191667,0.28958116952406343
61380,0.161457,0.0269227,0.0208333,0.288832527851559
61403,0.296078,-0.0296054,0.0191667,0.1883067524578978
61404,0.296078,-0.0296054,0.0208333,0.2073546786812634
61427,0.109248,-0.020479,0.0191667,0.31417049661167107
61428,0.109248,-0.020479,0.0208333,0.3142051438895455
61451,0.239801,0.0285937,0.0191667,0.436872003850803
61452,0.239801,0.0285937,0.0208333,0.43650406075755827
61475,0.203935,-0.0349235,0.0191667,0.7078590977213289
61476,0.203935,-0.0349235,0.0208333,0.7079998364494265
61499,0.198019,-0.0362069,0.0191667,0.6219797047129226
61500,0.198019,-0.0362069,0.0208333,0.622150051326749
61523,0.164507,-0.0187176,0.0191667,0.8917269442617547
61524,0.164507,-0.0187176,0.0208333,0.8917177653592084
61547,0.16027,-0.0292287,0.0191667,0.4562968005803906
61548,0.16027,-0.0292287,0.0208333,0.4563052495540258
61571,0.149724,-0.0296597,0.0191667,0.28482983609178136
61572,0.149724,-0.0296597,0.0208333,0.284821304509188
61595,0.255345,-0.036271,0.0191667,0.47375145961188725
61596,0.255345,-0.036271,0.0208333,0.4741647213391432
61619,0.295381,-0.0383037,0.0191667,0.207164004945392
61620,0.295381,-0.0383037,0.0208333,0.20100528685330646
61643,0.141403,-0.0301589,0.0191667,0.19567085207585747
61644,0.141403,-0.0301589,0.0208333,0.19585780291066682
61667,0.114435,-0.0270766,0.0191667,0.19869306073497484
61668,0.114435,-0.0270766,0.0208333,0.19914495027768492
61691,0.137709,-0.00527546,0.0191667,1.1759894769256054
61692,0.137709,-0.00527546,0.0208333,1.1760089916077217
61715,0.294384,-0.0313433,0.0191667,0.16150644713911577
61716,0.294384,-0.0313433,0.0208333,0.22717985748146777
61739,0.271438,-0.0331869,0.0191667,0.26447928090865647
61740,0.271438,-0.0331869,0.0208333,0.24873150446312586
61763,0.165223,0.036609,0.0191667,0.3609621857498784
61764,0.165223,0.036609,0.0208333,0.35990468913572105
61787,0.232422,-0.0363848,0.0191667,0.6881649504568376
61788,0.232422,-0.0363848,0.0208333,0.6884624097019727
61811,0.125462,-0.0333412,0.0191667,0.47877835739218505
61812,0.125462,-0.0333412,0.0208333,0.4790809470829016
61835,0.138425,-0.032521,0.0191667,0.34575660616902015
61836,0.138425,-0.032521,0.0208333,0.34598967715474704
61859,0.132704,-0.0328245,0.0191667,0.4020345293951499
61860,0.132704,-0.0328245,0.0208333,0.4023455261196401
61883,0.129018,-0.0331771,0.0191667,0.4515663946934851
61884,0.129018,-0.0331771,0.0208333,0.4519059098539851
61907,0.118917,-0.0243406,0.0191667,0.11875546585978307
61908,0.118917,-0.0243406,0.0208333,0.11841830167807846
61931,0.220901,-0.0384011,0.0191667,0.6299595555914257
61932,0.220901,-0.0384011,0.0208333,0.6303639308071279
61955,0.10539,-0.0336051,0.0191667,0.38309884683233436
61956,0.10539,-0.0336051,0.0208333,0.3830117742936226
61979,0.113929,-0.0287611,0.0191667,0.2611830576428859
61980,0.113929,-0.0287611,0.0208333,0.2616234933366199
62003,0.18926,-0.0308457,0.0191667,0.7299986440612801
62004,0.18926,-0.0308457,0.0208333,0.7300427716787192
62027,0.289058,-0.0259075,0.0191667,0.1723690544313567
62028,0.289058,-0.0259075,0.0208333,0.21263491762382303
62051,0.266079,-0.0236615,0.0191667,0.6905005942657961
62052,0.266079,-0.0236615,0.0208333,0.6899372995083861
62075,0.121629,-0.0171603,0.0191667,0.4455714047731659
62076,0.121629,-0.0171603,0.0208333,0.4452854151908077
62099,0.245326,-0.0341611,0.0191667,0.6717852931845145
62100,0.245326,-0.0341611,0.0208333,0.6719922499818596
62123,0.166419,-0.0396299,0.0191667,0.04273418330530724
62124,0.166419,-0.0396299,0.0208333,0.043024237866938445
62147,0.269429,-0.037365,0.0191667,0.11873234442362368
62148,0.269429,-0.037365,0.0208333,0.12952205771141842
62171,0.232663,-0.0222034,0.0191667,0.8659491711346484
62172,0.232663,-0.0222034,0.0208333,0.8658971705709638
62195,0.142127,-0.0371301,0.0191667,0.6221945342355769
62196,0.142127,-0.0371301,0.0208333,0.6222231222828467
62219,0.175417,-0.0222026,0.0191667,0.8551959313161221
62220,0.175417,-0.0222026,0.0208333,0.8551770325057388
62243,0.110584,-0.0392136,0.0191667,0.45343350858771303
62244,0.110584,-0.0392136,0.0208333,0.45327484060220946
62267,0.110728,-0.0356341,0.0191667,0.49896710329903327
62268,0.110728,-0.0356341,0.0208333,0.4989315689237168
62291,0.283041,-0.029529,0.0191667,0.10221862142828966
62292,0.283041,-0.029529,0.0208333,0.13787204463374725
62315,0.16174,-0.0285288,0.0191667,0.5099921979264554
62316,0.16174,-0.0285288,0.0208333,0.5100000940005012
62339,0.276955,-0.0350286,0.0191667,0.1452343445172749
62340,0.276955,-0.0350286,0.0208333,0.1732731367511251
62363,0.174467,-0.0176417,0.0191667,0.9258571814849679
62364,0.174467,-0.0176417,0.0208333,0.9258158791145931
62387,0.23181,-0.017546,0.0191667,0.8238811607207441
62388,0.23181,-0.017546,0.0208333,0.82385838742548
62411,0.172826,-0.0248211,0.0191667,0.752035031437398
62412,0.172826,-0.0248211,0.0208333,0.752038122777839
62435,0.230053,-0.0248404,0.0191667,0.8799136278065365
62436,0.230053,-0.0248404,0.0208333,0.8798724032603893
62459,0.148482,-0.0303668,0.0191667,0.19400666823896356
62460,0.148482,-0.0303668,0.0208333,0.19411891669868342
62483,0.143846,-0.0302164,0.0191667,0.19130143747570683
62484,0.143846,-0.0302164,0.0208333,0.19143208984458587
62507,0.173664,-0.0372038,0.0191667,0.24678687486926124
62508,0.173664,-0.0372038,0.0208333,0.24695232288393018
62531,0.111699,0.0337319,0.0191667,0.22984648452076897
62532,0.111699,0.0337319,0.0208333,0.22879339955272773
62555,0.279355,-0.0347394,0.0191667,0.14944428187093678
62556,0.279355,-0.0347394,0.0208333,0.18644407919387088
62579,0.104925,-0.0378429,0.0191667,0.2585989681086099
62580,0.104925,-0.0378429,0.0208333,0.25836839347845336
62603,0.268417,-0.0260977,0.0191667,0.6227943025341514
62604,0.268417,-0.0260977,0.0208333,0.6215518609537676
62627,0.133757,-0.0305267,0.0191667,0.22137238996552844
62628,0.133757,-0.0305267,0.0208333,0.2217569778960617
62651,0.202967,-0.0383837,0.0191667,0.5886145355463211
62652,0.202967,-0.0383837,0.0208333,0.5889171190014637
62675,0.288053,-0.0289862,0.0191667,0.17001838390568239
62676,0.288053,-0.0289862,0.0208333,0.2180437749771325
62699,0.27855,-0.027491,0.0191667,0.3618003120593596
62700,0.27855,-0.027491,0.0208333,0.33448358627149405
62723,0.288269,0.0337321,0.0191667,0.18881504892665435
62724,0.288269,0.0337321,0.0208333,0.18861513674390637
62747,0.281484,-0.0272636,0.0191667,0.2269706638511682
62748,0.281484,-0.0272636,0.0208333,0.1728430587382091
62771,0.243494,-0.034682,0.0191667,0.6673235181759314
62772,0.243494,-0.034682,0.0208333,0.6675704145527157
62795,0.172475,-0.0377294,0.0191667,0.1984941082366265
62796,0.172475,-0.0377294,0.0208333,0.19869297204631095
62819,0.151094,-0.0356371,0.0191667,0.3676431478005797
62820,0.151094,-0.0356371,0.0208333,0.3676596805415064
62843,0.108092,-0.0302125,0.0191667,0.4012639071378123
62844,0.108092,-0.0302125,0.0208333,0.4013453151779252
62867,0.157684,-0.0287361,0.0191667,0.45536916263263244
62868,0.157684,-0.0287361,0.0208333,0.45536302307121607
62891,0.264633,-0.0253479,0.0191667,0.6906801380576222
62892,0.264633,-0.0253479,0.0208333,0.6902321454107625
62915,0.207526,-0.0254007,0.0191667,0.9090264920091702
62916,0.207526,-0.0254007,0.0208333,0.9089870625805061
62939,0.273274,-0.0371037,0.0191667,0.14209585506034297
62940,0.273274,-0.0371037,0.0208333,0.164437250089449
62963,0.241091,-0.0347962,0.0191667,0.6881154707344403
62964,0.241091,-0.0347962,0.0208333,0.6883439228456659
62987,0.104219,-0.00356939,0.0191667,1.2582116984889407
62988,0.104219,-0.00356939,0.0208333,1.2582116781506973
63011,0.211538,-0.0358894,0.0191667,0.7244543953907503
63012,0.211538,-0.0358894,0.0208333,0.7246321124921613
63035,0.258692,-0.0246086,0.0191667,0.7391293856846077
63036,0.258692,-0.0246086,0.0208333,0.7389638448534135
63059,0.201457,-0.0246155,0.0191667,0.9119038223034305
63060,0.201457,-0.0246155,0.0208333,0.9118644118857792
63083,0.123024,-0.0193403,0.0191667,0.39208654277298727
63084,0.123024,-0.0193403,0.0208333,0.39171367956940234
63107,0.114885,-0.0384307,0.0191667,0.624586869888769
63108,0.114885,-0.0384307,0.0208333,0.6244739044968032
63131,0.251289,-0.0329196,0.0191667,0.6450194979354112
63132,0.251289,-0.0329196,0.0208333,0.6451642718283871
63155,0.274433,-0.0330798,0.0191667,0.14248054196984233
63156,0.274433,-0.0330798,0.0208333,0.10265547954775721
63179,0.27364,-0.0307676,0.0191667,0.35470784908067654
63180,0.27364,-0.0307676,0.0208333,0.33908018471773016
63203,0.194079,-0.0329346,0.0191667,0.7042254965855154
63204,0.194079,-0.0329346,0.0208333,0.7043042616265985
63227,0.259847,-0.0228341,0.0191667,0.7382022168498084
63228,0.259847,-0.0228341,0.0208333,0.7380132272306277
63251,0.202665,-0.0228144,0.0191667,0.9068109807442669
63252,0.202665,-0.0228144,0.0208333,0.9067470466244052
63275,0.262511,-0.0332467,0.0191667,0.4987938759236686
63276,0.262511,-0.0332467,0.0208333,0.49833880614321857
63299,0.16742,-0.0244321,0.0191667,0.7578143548888691
63300,0.16742,-0.0244321,0.0208333,0.7578085056891651
63323,0.224817,-0.0245185,0.0191667,0.8916798245381911
63324,0.224817,-0.0245185,0.0208333,0.8916342168554696
63347,0.242695,-0.0319259,0.0191667,0.7511148271765177
63348,0.242695,-0.0319259,0.0208333,0.7511891785454327
63371,0.106288,-0.0176069,0.0191667,0.3747927948527881
63372,0.106288,-0.0176069,0.0208333,0.3748956177844313
63395,0.273335,-0.025878,0.0191667,0.5697665583018101
63396,0.273335,-0.025878,0.0208333,0.5659640303208496
63419,0.234049,-0.0239162,0.0191667,0.8621774583650902
63420,0.234049,-0.0239162,0.0208333,0.8621306940685654
63443,0.194051,-0.0383748,0.0191667,0.5101367208958354
63444,0.194051,-0.0383748,0.0208333,0.5104076927137349
63467,0.176794,-0.0238888,0.0191667,0.8450607184431317
63468,0.176794,-0.0238888,0.0208333,0.8450489560427663
63491,0.189449,-0.032881,0.0191667,0.6672004753082416
63492,0.189449,-0.032881,0.0208333,0.6672736033584752
63515,0.138018,-0.0380196,0.0191667,0.7485768578278873
63516,0.138018,-0.0380196,0.0208333,0.7485654426268007
63539,0.187998,0.0369083,0.0191667,0.4412648031859283
63540,0.187998,0.0369083,0.0208333,0.4404078957513297
63563,0.134352,-0.0384314,0.0191667,0.7867004699046365
63564,0.134352,-0.0384314,0.0208333,0.7866886900230222
63587,0.181998,-0.0248144,0.0191667,0.835170255835612
63588,0.181998,-0.0248144,0.0208333,0.8351654990311032
63611,0.239237,-0.0248289,0.0191667,0.8438774467548229
63612,0.239237,-0.0248289,0.0208333,0.8438308744969037
63635,0.101949,-0.0235585,0.0191667,0.502215178036425
63636,0.101949,-0.0235585,0.0208333,0.5021529487892987
63659,0.135798,-0.0384163,0.0191667,0.7745642110976585
63660,0.135798,-0.0384163,0.0208333,0.7745543926494052
63683,0.218794,0.0276881,0.0191667,0.4424754393292835
63684,0.218794,0.0276881,0.0208333,0.44213433607942837
63707,0.145511,-0.0281867,0.0191667,0.25959497377111107
63708,0.145511,-0.0281867,0.0208333,0.2595683264757247
63731,0.168464,-0.0328843,0.0191667,0.3701271329788746
63732,0.168464,-0.0328843,0.0208333,0.37018028311562257
63755,0.222232,-0.0382262,0.0191667,0.6338753041764584
63756,0.222232,-0.0382262,0.0208333,0.6342804554322803
63779,0.240121,-0.0358752,0.0191667,0.6724051502107279
63780,0.240121,-0.0358752,0.0208333,0.6726924057296993
63803,0.122189,-0.00733806,0.0191667,1.1606358197612685
63804,0.122189,-0.00733806,0.0208333,1.1606436262613289
63827,0.236191,-0.0373278,0.0191667,0.6381062830721483
63828,0.236191,-0.0373278,0.0208333,0.6385208881846095
63851,0.270141,-0.0373304,0.0191667,0.1228737883842197
63852,0.270141,-0.0373304,0.0208333,0.1348968019333668
63875,0.276128,-0.0372046,0.0191667,0.1469363467136028
63876,0.276128,-0.0372046,0.0208333,0.18058800208517758
63899,0.291462,0.0122186,0.0191667,0.41213982713329017
63900,0.291462,0.0122186,0.0208333,0.41239941820647696
63923,0.15096,-0.0372709,0.0191667,0.4530824118622934
63924,0.15096,-0.0372709,0.0208333,0.45305104085426223
63947,0.275471,-0.0345175,0.0191667,0.14361238226256814
63948,0.275471,-0.0345175,0.0208333,0.1610069627659003
63971,0.185115,-0.0349194,0.0191667,0.543249151849232
63972,0.185115,-0.0349194,0.0208333,0.5433601330193254
63995,0.258796,-0.0207138,0.0191667,0.752804132047613
63996,0.258796,-0.0207138,0.0208333,0.7526875465700371
64019,0.201632,-0.020664,0.0191667,0.8972557887533544
64020,0.201632,-0.020664,0.0208333,0.89716688406748
64043,0.21199,-0.0383936,0.0191667,0.6254893799910257
64044,0.21199,-0.0383936,0.0208333,0.6258444147328632
64067,0.135052,-0.0380637,0.0191667,0.7782213281702863
64068,0.135052,-0.0380637,0.0208333,0.7782106936986171
64091,0.268598,-0.0383247,0.0191667,0.11702403868577602
64092,0.268598,-0.0383247,0.0208333,0.1226331439108123
64115,0.147263,-0.000603559,0.0191667,0.9254632125716251
64116,0.147263,-0.000603559,0.0208333,0.9254200912731364
64139,0.298426,-0.0359139,0.0191667,0.1705701927064046
64140,0.298426,-0.0359139,0.0208333,0.13045881422705788
64163,0.118832,-0.031018,0.0191667,0.3181301405753538
64164,0.118832,-0.031018,0.0208333,0.31860516840103603
64187,0.1818,-0.0348403,0.0191667,0.4982123155748327
64188,0.1818,-0.0348403,0.0208333,0.4983223165401156
64211,0.261267,-0.039184,0.0191667,0.07996181915845836
64212,0.261267,-0.039184,0.0208333,0.07725790192587165
64235,0.212149,-0.0203751,0.0191667,0.8863880530097555
64236,0.212149,-0.0203751,0.0208333,0.8863137843809126
64259,0.234955,-0.0343484,0.0191667,0.7371911326029661
64260,0.234955,-0.0343484,0.0208333,0.7373656850699324
64283,0.177676,-0.034348,0.0191667,0.4534936875520438
64284,0.177676,-0.034348,0.0208333,0.4535891572761913
64307,0.253962,-0.0259846,0.0191667,0.748742065704268
64308,0.253962,-0.0259846,0.0208333,0.7486491346417643
64331,0.196743,-0.0259552,0.0191667,0.8899615581771576
64332,0.196743,-0.0259552,0.0208333,0.8899406940860618
64355,0.259798,-0.0336912,0.0191667,0.5055089175841395
64356,0.259798,-0.0336912,0.0208333,0.5054437509939844
64379,0.128998,-0.0212702,0.0191667,0.35345202020947
64380,0.128998,-0.0212702,0.0208333,0.35306558307806796
64403,0.132044,-0.0130283,0.0191667,0.9626981047612843
64404,0.132044,-0.0130283,0.0208333,0.9626568310467819
64427,0.176217,-0.0197371,0.0191667,0.9157606288266891
64428,0.176217,-0.0197371,0.0208333,0.915721172076238
64451,0.23346,-0.0197365,0.0191667,0.8364794587734936
64452,0.23346,-0.0197365,0.0208333,0.8364440702546818
64475,0.282995,-0.0351334,0.0191667,0.18738896900137958
64476,0.282995,-0.0351334,0.0208333,0.2237972850373525
64499,0.196269,-0.0396785,0.0191667,0.4392627296462772
64500,0.196269,-0.0396785,0.0208333,0.4396785492453009
64523,0.196274,-0.0238013,0.0191667,0.9104892454542148
64524,0.196274,-0.0238013,0.0208333,0.9104414584917424
64547,0.16632,-0.020565,0.0191667,0.8771986789704883
64548,0.16632,-0.020565,0.0208333,0.8771867431461368
64571,0.196687,-0.0336327,0.0191667,0.694948321655894
64572,0.196687,-0.0336327,0.0208333,0.6950428064448109
64595,0.253495,-0.0238358,0.0191667,0.771777826277843
64596,0.253495,-0.0238358,0.0208333,0.7716849433995807
64619,0.108858,-0.00162501,0.0191667,1.2764559522780428
64620,0.108858,-0.00162501,0.0208333,1.2764557921327313
64643,0.107359,-0.0392373,0.0191667,0.3231936846662824
64644,0.107359,-0.0392373,0.0208333,0.32299817980368
64667,0.264476,-0.0338046,0.0191667,0.4224153413363322
64668,0.264476,-0.0338046,0.0208333,0.42126828795443944
64691,0.253911,-0.033636,0.0191667,0.5959907063026927
64692,0.253911,-0.033636,0.0208333,0.5961716470235462
64715,0.202611,-0.0338275,0.0191667,0.7331165849103668
64716,0.202611,-0.0338275,0.0208333,0.7332260129784594
64739,0.122334,-0.0383811,0.0191667,0.7512182051160222
64740,0.122334,-0.0383811,0.0208333,0.7511632373461183
64763,0.11275,-0.0379951,0.0191667,0.5691701118950621
64764,0.11275,-0.0379951,0.0208333,0.5690481947247354
64787,0.149003,-0.0366431,0.0191667,0.47752682981692673
64788,0.149003,-0.0366431,0.0208333,0.47751467491069044
64811,0.20446,-0.014665,0.0191667,0.8285287044228766
64812,0.20446,-0.014665,0.0208333,0.8284434894917578
64835,0.116879,-0.0247887,0.0191667,0.11629658130972725
64836,0.116879,-0.0247887,0.0208333,0.11645299182032379
64859,0.222632,-0.0375814,0.0191667,0.6614076127736837
64860,0.222632,-0.0375814,0.0208333,0.6617652658340825
64883,0.103319,0.0334259,0.0191667,0.11590778412767454
64884,0.103319,0.0334259,0.0208333,0.11564021263773255
64907,0.296586,0.0334157,0.0191667,0.13668717390550678
64908,0.296586,0.0334157,0.0208333,0.13760326233476444
64931,0.142842,-0.0279093,0.0191667,0.23913785042989685
64932,0.142842,-0.0279093,0.0208333,0.2391220071471683
64955,0.158111,-0.0106163,0.0191667,1.0121313584496905
64956,0.158111,-0.0106163,0.0208333,1.0121088222443453
64979,0.14856,-0.00568799,0.0191667,1.057089979473231
64980,0.14856,-0.00568799,0.0208333,1.057085363005942
65003,0.112325,-0.0290639,0.0191667,0.3003476398868697
65004,0.112325,-0.0290639,0.0208333,0.30065329873886715
65027,0.155119,-0.0373507,0.0191667,0.33342286974675805
65028,0.155119,-0.0373507,0.0208333,0.33336311390111295
65051,0.190593,-0.0306935,0.0191667,0.7377646498973128
65052,0.190593,-0.0306935,0.0208333,0.737808985475031
65075,0.269947,-0.0384913,0.0191667,0.1227287047182117
65076,0.269947,-0.0384913,0.0208333,0.13330561656659481
65099,0.106974,-0.00451613,0.0191667,1.2816080314236078
65100,0.106974,-0.00451613,0.0208333,1.2816078778690496
65123,0.2961,-0.0329101,0.0191667,0.15469774763134078
65124,0.2961,-0.0329101,0.0208333,0.1897921765607384
65147,0.128854,-0.0129361,0.0191667,0.9692667717778486
65148,0.128854,-0.0129361,0.0208333,0.9692199190897332
65171,0.144153,-0.00450343,0.0191667,1.0961273167421581
65172,0.144153,-0.00450343,0.0208333,1.0961411695668715
65195,0.270465,-0.0380543,0.0191667,0.12533568140242426
65196,0.270465,-0.0380543,0.0208333,0.13837023241105725
65219,0.130981,-0.0368386,0.0191667,0.7269943760683084
65220,0.130981,-0.0368386,0.0208333,0.7270085331344737
65243,0.118923,-0.03759,0.0191667,0.7144464644080021
65244,0.118923,-0.03759,0.0208333,0.7143758775623483
65267,0.102709,-0.0151186,0.0191667,0.41539114643114916
65268,0.102709,-0.0151186,0.0208333,0.4153873909124951
65291,0.210066,-0.0360762,0.0191667,0.7075246782146835
65292,0.210066,-0.0360762,0.0208333,0.7077114898675114
65315,0.184044,-0.0360093,0.0191667,0.48183817066904544
65316,0.184044,-0.0360093,0.0208333,0.4819746315990392
65339,0.276005,-0.0384477,0.0191667,0.14067988193661132
65340,0.276005,-0.0384477,0.0208333,0.17484230817817065
65363,0.232353,0.038747,0.0191667,0.5993863645282146
65364,0.232353,0.038747,0.0208333,0.5985916515044855
65387,0.114236,-0.0373762,0.0191667,0.6128518373353397
65388,0.114236,-0.0373762,0.0208333,0.6127688705994803
65411,0.264257,-0.032924,0.0191667,0.4773005484857104
65412,0.264257,-0.032924,0.0208333,0.47639097748054166
65435,0.15246,0.036965,0.0191667,0.33692725418386527
65436,0.15246,0.036965,0.0208333,0.3358180721576243
65459,0.18513,-0.0384993,0.0191667,0.3998930014812087
65460,0.18513,-0.0384993,0.0208333,0.4001610339158236
65483,0.241049,-0.0396803,0.0191667,0.38998054592553205
65484,0.241049,-0.0396803,0.0208333,0.39082036545158727
65507,0.180486,-0.0371709,0.0191667,0.3746590766236501
65508,0.180486,-0.0371709,0.0208333,0.37483997695508625
65531,0.172258,-0.0186305,0.0191667,0.9305301294224162
65532,0.172258,-0.0186305,0.0208333,0.9304948321675304
65555,0.252766,0.0338976,0.0191667,0.45601099211621815
65556,0.252766,0.0338976,0.0208333,0.45546703026330926
65579,0.101744,-0.0358881,0.0191667,0.1694923558130277
65580,0.101744,-0.0358881,0.0208333,0.1692074622095979
65603,0.110248,-0.024418,0.0191667,0.27340965226341807
65604,0.110248,-0.024418,0.0208333,0.27361646827841524
65627,0.16944,-0.0238542,0.0191667,0.7607411050232149
65628,0.16944,-0.0238542,0.0208333,0.7607398414961052
65651,0.226722,-0.0239051,0.0191667,0.8890705141990012
65652,0.226722,-0.0239051,0.0208333,0.8890238185069357
65675,0.12391,-0.0383137,0.0191667,0.7621289386028706
65676,0.12391,-0.0383137,0.0208333,0.7620874180919167
65699,0.261932,-0.023049,0.0191667,0.7324418362211487
65700,0.261932,-0.023049,0.0208333,0.7322151896158325
65723,0.20477,-0.0230326,0.0191667,0.9100919091939164
65724,0.20477,-0.0230326,0.0208333,0.9100269290871239
65747,0.151554,-0.0396645,0.0191667,0.4939955508336415
65748,0.151554,-0.0396645,0.0208333,0.4939186157241073
65771,0.396949,-1.73289e-05,0.0191667,1.232532414592033
65772,0.396949,-1.73289e-05,0.0208333,1.20902652449995
65795,0.00305493,4.4147e-05,0.0191667,1.1606600015378365
65796,0.00305493,4.4147e-05,0.0208333,1.1606600015386648
65819,0.138407,-0.0128362,0.0191667,1.0728762860003924
65820,0.138407,-0.0128362,0.0208333,1.072880424874298
65843,0.219378,-0.0105821,0.0191667,0.6900848905411714
65844,0.219378,-0.0105821,0.0208333,0.6901948996065705
65867,0.155664,-0.0379111,0.0191667,0.33308705657414006
65868,0.155664,-0.0379111,0.0208333,0.33299624301306524
65891,0.191131,-0.0384731,0.0191667,0.4767115910117567
65892,0.191131,-0.0384731,0.0208333,0.4770005031204311
65915,0.212411,-0.0371708,0.0191667,0.6819631409731978
65916,0.212411,-0.0371708,0.0208333,0.6822132463224873
65939,0.104369,-0.0383728,0.0191667,0.2075757133228791
65940,0.104369,-0.0383728,0.0208333,0.20734246743398807
65963,0.151172,-0.0254611,0.0191667,0.5522506750572497
65964,0.151172,-0.0254611,0.0208333,0.5522015230964082
65987,0.245747,-0.0298382,0.0191667,0.7625580012068383
65988,0.245747,-0.0298382,0.0208333,0.7625696249305556
66011,0.240823,0.033613,0.0191667,0.5120059090469208
66012,0.240823,0.033613,0.0208333,0.5115283874474399
66035,0.271588,-0.0253126,0.0191667,0.6077991384725714
66036,0.271588,-0.0253126,0.0208333,0.6057320093394979
66059,0.101141,-0.0322259,0.0191667,0.3171362957225962
66060,0.101141,-0.0322259,0.0208333,0.3168768061014029
66083,0.298473,-0.0392789,0.0191667,0.10639636343827734
66084,0.298473,-0.0392789,0.0208333,0.07746662588528043
66107,0.101522,-0.0392978,0.0191667,0.06588946012954121
66108,0.101522,-0.0392978,0.0208333,0.06544597163884192
66131,0.135007,-0.0373942,0.0191667,0.724645968739225
66132,0.135007,-0.0373942,0.0208333,0.7246736311945277
66155,0.155135,-0.0384053,0.0191667,0.3617887815440939
66156,0.155135,-0.0384053,0.0208333,0.3616915166215658
66179,0.124014,-0.0100169,0.0191667,1.0627801115835753
66180,0.124014,-0.0100169,0.0208333,1.0627462805968955
66203,0.115388,-0.0233151,0.0191667,0.1614297332621534
66204,0.115388,-0.0233151,0.0208333,0.16137959520153997
66227,0.2097,-0.0372223,0.0191667,0.670114364959428
66228,0.2097,-0.0372223,0.0208333,0.6703625474535034
66251,0.17355,0.0387586,0.0191667,0.3869850667204505
66252,0.17355,0.0387586,0.0208333,0.3859699983796783
66275,0.111494,-0.0379834,0.0191667,0.5296100251167929
66276,0.111494,-0.0379834,0.0208333,0.52948225610926
66299,0.147164,0.0340149,0.0191667,0.32867500394178456
66300,0.147164,0.0340149,0.0208333,0.327660734934383
66323,0.18611,-0.0346813,0.0191667,0.5536620918458407
66324,0.18611,-0.0346813,0.0208333,0.5537702450371375
66347,0.102089,-0.0367196,0.0191667,0.16806609286823324
66348,0.102089,-0.0367196,0.0208333,0.16780402403986502
66371,0.217732,-0.0252214,0.0191667,0.9034393248495901
66372,0.217732,-0.0252214,0.0208333,0.9034033276542487
66395,0.102259,-0.0196171,0.0191667,0.48323365913801
66396,0.102259,-0.0196171,0.0208333,0.48324411883699897
66419,0.297926,-0.0323411,0.0191667,0.19009514134466982
66420,0.297926,-0.0323411,0.0208333,0.15535920798526878
66443,0.287155,-0.037953,0.0191667,0.2351720095876208
66444,0.287155,-0.037953,0.0208333,0.2571721313520771
66467,0.202209,-0.0327974,0.0191667,0.7654811717579701
66468,0.202209,-0.0327974,0.0208333,0.7655611996051511
66491,0.200971,-0.0325269,0.0191667,0.7620636956241574
66492,0.200971,-0.0325269,0.0208333,0.7621441815195065
66515,0.221382,-0.0372519,0.0191667,0.6835236515747874
66516,0.221382,-0.0372519,0.0208333,0.6838301269527052
66539,0.169086,-0.0159029,0.0191667,0.9535391168722275
66540,0.169086,-0.0159029,0.0208333,0.9535039411018208
66563,0.275259,-0.0210767,0.0191667,0.6548478775978509
66564,0.275259,-0.0210767,0.0208333,0.6527625187711855
66587,0.270183,0.0294697,0.0191667,0.26075012962748856
66588,0.270183,0.0294697,0.0208333,0.26028951522935295
66611,0.252373,-0.0392146,0.0191667,0.3327157704727356
66612,0.252373,-0.0392146,0.0208333,0.33359841600247897
66635,0.108825,-0.0181498,0.0191667,0.2783630999060783
66636,0.108825,-0.0181498,0.0208333,0.27838990329326313
66659,0.200502,0.037089,0.0191667,0.5106450639423593
66660,0.200502,0.037089,0.0208333,0.5098191153369201
66683,0.182229,0.0285109,0.0191667,0.33728618724100196
66684,0.182229,0.0285109,0.0208333,0.33669297716711644
66707,0.123623,-0.0335103,0.0191667,0.4889289259907138
66708,0.123623,-0.0335103,0.0208333,0.48920339396068063
66731,0.230906,-0.0379607,0.0191667,0.6252439148582476
66732,0.230906,-0.0379607,0.0208333,0.6256979057658295
66755,0.226867,-0.0384189,0.0191667,0.6200392392874702
66756,0.226867,-0.0384189,0.0208333,0.6204957295030592
66779,0.276525,-0.0379287,0.0191667,0.1471097576220218
66780,0.276525,-0.0379287,0.0208333,0.18404498912199183
66803,0.234463,-0.0334282,0.0191667,0.7636392187676906
66804,0.234463,-0.0334282,0.0208333,0.7637646954890815
66827,0.121947,-0.0337959,0.0191667,0.5153912431217745
66828,0.121947,-0.0337959,0.0208333,0.5156099219527622
66851,0.177192,-0.0334109,0.0191667,0.4806023853927854
66852,0.177192,-0.0334109,0.0208333,0.48067501340356006
66875,0.1523,-0.0393926,0.0191667,0.4744807082475746
66876,0.1523,-0.0393926,0.0208333,0.47439376206153894
66899,0.181319,-0.0371667,0.0191667,0.3857075946937633
66900,0.181319,-0.0371667,0.0208333,0.38588686894985375
66923,0.181464,-0.0379172,0.0191667,0.357826040913411
66924,0.181464,-0.0379172,0.0208333,0.35805267852698563
66947,0.120224,-0.033739,0.0191667,0.5076212350489325
66948,0.120224,-0.033739,0.0208333,0.5078274700950948
66971,0.25395,0.0292398,0.0191667,0.36683561173255264
66972,0.25395,0.0292398,0.0208333,0.36637894612452226
66995,0.14596,0.0293952,0.0191667,0.3028102072666154
66996,0.14596,0.0293952,0.0208333,0.3019998644452168
67019,0.241899,-0.0344298,0.0191667,0.6852407698449081
67020,0.241899,-0.0344298,0.0208333,0.6854638667966927
67043,0.15244,-0.0281077,0.0191667,0.42900385050663564
67044,0.15244,-0.0281077,0.0208333,0.4289704070825627
67067,0.279958,-0.0265212,0.0191667,0.35859076630867115
67068,0.279958,-0.0265212,0.0208333,0.33162830848098596
67091,0.219101,-0.0359349,0.0191667,0.7297160161284512
67092,0.219101,-0.0359349,0.0208333,0.7299244691917015
67115,0.126614,-0.0214966,0.0191667,0.3236112002511192
67116,0.126614,-0.0214966,0.0208333,0.3231447535840601
67139,0.255837,-0.0261836,0.0191667,0.7405040547832895
67140,0.255837,-0.0261836,0.0208333,0.7403900643411453
67163,0.23586,-0.0343772,0.0191667,0.734270878008542
67164,0.23586,-0.0343772,0.0208333,0.7344433531128556
67187,0.198615,-0.0261525,0.0191667,0.8933216077645229
67188,0.198615,-0.0261525,0.0208333,0.8932985504481654
67211,0.159103,-0.0282488,0.0191667,0.4902062425883261
67212,0.159103,-0.0282488,0.0208333,0.4902184179253368
67235,0.286577,-0.0384395,0.0191667,0.23206170270660775
67236,0.286577,-0.0384395,0.0208333,0.2538902172340833
67259,0.178589,-0.0343832,0.0191667,0.45942547895385943
67260,0.178589,-0.0343832,0.0208333,0.45952091673360684
67283,0.205829,0.0342252,0.0191667,0.49464346387837443
67284,0.205829,0.0342252,0.0208333,0.494018059508476
67307,0.247015,-0.0397162,0.0191667,0.34627332174097397
67308,0.247015,-0.0397162,0.0208333,0.347232639745893
67331,0.230603,-0.0226842,0.0191667,0.8697633978857044
67332,0.230603,-0.0226842,0.0208333,0.86971322173568
67355,0.173388,-0.0226912,0.0191667,0.8557100967472057
67356,0.173388,-0.0226912,0.0208333,0.8556930718994151
67379,0.214179,-0.0397174,0.0191667,0.497280839957723
67380,0.214179,-0.0397174,0.0208333,0.4978003455675323
67403,0.173889,-0.0397018,0.0191667,0.1401782006202141
67404,0.173889,-0.0397018,0.0208333,0.14056847516133056
67427,0.286068,-0.037943,0.0191667,0.22977096380948572
67428,0.286068,-0.037943,0.0208333,0.25301908390222266
67451,0.278425,-0.0345361,0.0191667,0.1437360866654578
67452,0.278425,-0.0345361,0.0208333,0.17796945475760723
67475,0.115426,-0.0379495,0.0191667,0.6477672477277165
67476,0.115426,-0.0379495,0.0208333,0.6476672866443873
67499,0.29766,-0.0151505,0.0191667,0.5420246604329086
67500,0.29766,-0.0151505,0.0208333,0.5747482149881025
67523,0.149451,-0.0228067,0.0191667,0.6797236237406639
67524,0.149451,-0.0228067,0.0208333,0.6796580933002315
67547,0.235836,-0.0384929,0.0191667,0.5885424522484992
67548,0.235836,-0.0384929,0.0208333,0.5891039408694158
67571,0.278143,-0.0335683,0.0191667,0.13160650839355836
67572,0.278143,-0.0335683,0.0208333,0.1585056255386212
67595,0.128085,-0.0291217,0.0191667,0.14275789088648794
67596,0.128085,-0.0291217,0.0208333,0.14318754024057262
67619,0.14448,0.000413715,0.0191667,0.9289402926878162
67620,0.14448,0.000413715,0.0208333,0.9288996300160219
67643,0.306389,0.00692548,0.0191667,1.1968069622060233
67644,0.306389,0.00692548,0.0208333,1.1964607329992483
67667,0.0937086,0.00696989,0.0191667,1.1507261801465398
67668,0.0937086,0.00696989,0.0208333,1.1507261779169926
67691,0.176118,-0.038375,0.0191667,0.2540804234142853
67692,0.176118,-0.038375,0.0208333,0.25428778800400953
67715,0.103942,-0.0236341,0.0191667,0.46730777404143076
67716,0.103942,-0.0236341,0.0208333,0.46734818732817707
67739,0.293651,0.0369645,0.0191667,0.13745297559169098
67740,0.293651,0.0369645,0.0208333,0.13820491637381246
67763,0.106349,0.036964,0.0191667,0.1536183895024082
67764,0.106349,0.036964,0.0208333,0.1524648255272343
67787,0.268022,-0.0240739,0.0191667,0.682199161259593
67788,0.268022,-0.0240739,0.0208333,0.681407264109615
67811,0.14147,-0.0122842,0.0191667,1.0743020762151558
67812,0.14147,-0.0122842,0.0208333,1.0743094589557363
67835,0.265383,-0.0342025,0.0191667,0.3945661607715492
67836,0.265383,-0.0342025,0.0208333,0.392787151072122
67859,0.207032,0.0296847,0.0191667,0.4400460194579223
67860,0.207032,0.0296847,0.0208333,0.439587490211401
67883,0.216287,-0.0196692,0.0191667,0.8698327009126875
67884,0.216287,-0.0196692,0.0208333,0.86977367521275
67907,0.127227,-0.0333484,0.0191667,0.4769224259137145
67908,0.127227,-0.0333484,0.0208333,0.47722994023709364
67931,0.130773,-0.0329522,0.0191667,0.4193583755216729
67932,0.130773,-0.0329522,0.0208333,0.4197118107725271
67955,0.152985,-0.0397281,0.0191667,0.44441798755480466
67956,0.152985,-0.0397281,0.0208333,0.4443238617193098
67979,0.297283,-0.0300315,0.0191667,0.21185156180672257
67980,0.297283,-0.0300315,0.0208333,0.193530650827749
68003,0.121335,-0.0322423,0.0191667,0.3950900833391576
68004,0.121335,-0.0322423,0.0208333,0.39548042571380393
68027,0.140888,-0.037961,0.0191667,0.7066838143261897
68028,0.140888,-0.037961,0.0208333,0.7066654739710501
68051,0.158371,0.00682047,0.0191667,0.427042956500281
68052,0.158371,0.00682047,0.0208333,0.42699189852538466
68075,0.19564,-0.0337914,0.0191667,0.6873976870961687
68076,0.19564,-0.0337914,0.0208333,0.6874934850165564
68099,0.179975,-0.0252243,0.0191667,0.8283443675427002
68100,0.179975,-0.0252243,0.0208333,0.8283397155214101
68123,0.237221,-0.0252448,0.0191667,0.8497495811320256
68124,0.237221,-0.0252448,0.0208333,0.8497078153401995
68147,0.252863,-0.033774,0.0191667,0.601900338973784
68148,0.252863,-0.033774,0.0208333,0.6021001543837439
68171,0.218966,-0.0344714,0.0191667,0.7632915647392485
68172,0.218966,-0.0344714,0.0208333,0.7634455482581507
68195,0.186585,-0.0386001,0.0191667,0.4152806210014838
68196,0.186585,-0.0386001,0.0208333,0.4155513635995343
68219,0.150342,-0.0360111,0.0191667,0.4001568447392823
68220,0.150342,-0.0360111,0.0208333,0.40017293054625536
68243,0.113571,-0.0239699,0.0191667,0.1863984925647536
68244,0.113571,-0.0239699,0.0208333,0.18662841079488515
68267,0.141868,-0.0267051,0.0191667,0.28310655547567193
68268,0.141868,-0.0267051,0.0208333,0.28308658829096955
68291,0.119005,-0.0367701,0.0191667,0.6772887439793192
68292,0.119005,-0.0367701,0.0208333,0.6772426158398592
68315,0.260832,-0.0338515,0.0191667,0.5003093936129027
68316,0.260832,-0.0338515,0.0208333,0.5001411382100953
68339,0.263336,-0.038117,0.0191667,0.13331457968091862
68340,0.263336,-0.038117,0.0208333,0.12901802042130547
68363,0.159311,-0.0232817,0.0191667,0.7620799922898306
68364,0.159311,-0.0232817,0.0208333,0.762069250729767
68387,0.183952,-0.0368396,0.0191667,0.437831447251219
68388,0.183952,-0.0368396,0.0208333,0.438018633000985
68411,0.12761,-0.0397217,0.0191667,0.7782771252602201
68412,0.12761,-0.0397217,0.0208333,0.7782338861358256
68435,0.149918,-0.0378874,0.0191667,0.5169335405834128
68436,0.149918,-0.0378874,0.0208333,0.5168704466537112
68459,0.114116,-0.0381041,0.0191667,0.6080586100056504
68460,0.114116,-0.0381041,0.0208333,0.6079435572153409
68483,0.146182,-0.0303795,0.0191667,0.17870174026829377
68484,0.146182,-0.0303795,0.0208333,0.17881251797945497
68507,0.274036,-0.037326,0.0191667,0.14155815679840178
68508,0.274036,-0.037326,0.0208333,0.16694796964389835
68531,0.113236,-0.0257886,0.0191667,0.19743483344660842
68532,0.113236,-0.0257886,0.0208333,0.19781956528879946
68555,0.106279,0.0338292,0.0191667,0.15293947671282387
68556,0.106279,0.0338292,0.0208333,0.1521406650718341
68579,0.293626,0.0338195,0.0191667,0.14729449091568725
68580,0.293626,0.0338195,0.0208333,0.14798823165290406
68603,0.272512,-0.0336039,0.0191667,0.18338588814900672
68604,0.272512,-0.0336039,0.0208333,0.15389970663925906
68627,0.226075,-0.0361066,0.0191667,0.7150532542357212
68628,0.226075,-0.0361066,0.0208333,0.7153060817764674
68651,0.110891,-0.0339886,0.0191667,0.4724550189692725
68652,0.110891,-0.0339886,0.0208333,0.4724933386291588
68675,0.226214,-0.038038,0.0191667,0.626105533537559
68676,0.226214,-0.038038,0.0208333,0.6265379851712197
68699,0.220255,-0.0196604,0.0191667,0.868047051596441
68700,0.220255,-0.0196604,0.0208333,0.8679933540120863
68723,0.229488,-0.0182408,0.0191667,0.8286195085421048
68724,0.229488,-0.0182408,0.0208333,0.8285960765080623
68747,0.227204,-0.0372575,0.0191667,0.6682855704735069
68748,0.227204,-0.0372575,0.0208333,0.6686347052688223
68771,0.209843,-0.0197324,0.0191667,0.8834957920542617
68772,0.209843,-0.0197324,0.0208333,0.88342038373343
68795,0.102246,-0.0322714,0.0191667,0.346429502815811
68796,0.102246,-0.0322714,0.0208333,0.34625740776522024
68819,0.216216,-0.0221044,0.0191667,0.8998954160109642
68820,0.216216,-0.0221044,0.0208333,0.899836539817437
68843,0.208255,-0.0216118,0.0191667,0.8978478541507783
68844,0.208255,-0.0216118,0.0208333,0.897774033184056
68867,0.216173,-0.026162,0.0191667,0.9036946644982385
68868,0.216173,-0.026162,0.0208333,0.9036609189090412
68891,0.152724,-0.0242027,0.0191667,0.6668374405449168
68892,0.152724,-0.0242027,0.0208333,0.6668232871809804
68915,0.238573,-0.0331315,0.0191667,0.7399377946478002
68916,0.238573,-0.0331315,0.0208333,0.7400769628272603
68939,0.236517,-0.038034,0.0191667,0.600705201454167
68940,0.236517,-0.038034,0.0208333,0.6012306265847928
68963,0.167545,-0.0321538,0.0191667,0.3820238604865305
68964,0.167545,-0.0321538,0.0208333,0.3820786840955256
68987,0.284203,-0.0379481,0.0191667,0.22852935464331492
68988,0.284203,-0.0379481,0.0208333,0.25156303372192823
69011,0.239438,-0.0378242,0.0191667,0.5841338683915285
69012,0.239438,-0.0378242,0.0208333,0.5846939042959025
69035,0.219344,-0.0372656,0.0191667,0.682445367773608
69036,0.219344,-0.0372656,0.0208333,0.6827460757580983
69059,0.285539,-0.029484,0.0191667,0.14541483318509843
69060,0.285539,-0.029484,0.0208333,0.18951619952481633
69083,0.271022,0.0340152,0.0191667,0.33194783998158217
69084,0.271022,0.0340152,0.0208333,0.33132840786110707
69107,0.276517,-0.024993,0.0191667,0.5340566792260911
69108,0.276517,-0.024993,0.0208333,0.5266877865813864
69131,0.15511,-0.0282593,0.0191667,0.4790598712698786
69132,0.15511,-0.0282593,0.0208333,0.4790434834006944
69155,0.255137,0.0321593,0.0191667,0.42654463185972336
69156,0.255137,0.0321593,0.0208333,0.42599429541186695
69179,0.222315,-0.0188313,0.0191667,0.8669241312250048
69180,0.222315,-0.0188313,0.0208333,0.8668706342077189
69203,0.111482,-0.0211452,0.0191667,0.22679687196857368
69204,0.111482,-0.0211452,0.0208333,0.22689804063951918
69227,0.166844,-0.036526,0.0191667,0.13931715175480153
69228,0.166844,-0.036526,0.0208333,0.13947996577699753
69251,0.118309,-0.0364923,0.0191667,0.6671545562425396
69252,0.118309,-0.0364923,0.0208333,0.667106858280691
69275,0.274738,-0.024538,0.0191667,0.5715828314942638
69276,0.274738,-0.024538,0.0208333,0.567785891723971
69299,0.103555,-0.0344133,0.0191667,0.32618272410511817
69300,0.103555,-0.0344133,0.0208333,0.32603342698479
69323,0.156,-0.0338375,0.0191667,0.20498941242535038
69324,0.156,-0.0338375,0.0208333,0.20505675862063255
69347,0.214645,-0.0255333,0.0191667,0.9039871598608465
69348,0.214645,-0.0255333,0.0208333,0.9039525939923311
69371,0.137021,-0.0103814,0.0191667,1.1128817719871837
69372,0.137021,-0.0103814,0.0208333,1.1128821407829765
69395,0.264748,-0.0355308,0.0191667,0.3320846297387008
69396,0.264748,-0.0355308,0.0208333,0.33011304050645396
69419,0.139655,-0.0283982,0.0191667,0.18354379367356144
69420,0.139655,-0.0283982,0.0208333,0.18354752857904924
69443,0.214475,-0.0235313,0.0191667,0.9047455633716075
69444,0.214475,-0.0235313,0.0208333,0.9046878476141276
69467,0.137058,-0.0277192,0.0191667,0.1490841246379037
69468,0.137058,-0.0277192,0.0208333,0.14900363750065834
69491,0.125422,-0.0193651,0.0191667,0.4009991079105992
69492,0.125422,-0.0193651,0.0208333,0.40065089973181456
69515,0.223822,-0.0207321,0.0191667,0.8739841051454175
69516,0.223822,-0.0207321,0.0208333,0.8739304393169568
69539,0.25681,-0.0245442,0.0191667,0.7442081831306026
69540,0.25681,-0.0245442,0.0208333,0.7440706245238701
69563,0.199587,-0.0245073,0.0191667,0.9090190473788256
69564,0.199587,-0.0245073,0.0208333,0.9089789617361219
69587,0.298043,-0.0367057,0.0191667,0.1722519329898216
69588,0.298043,-0.0367057,0.0208333,0.14141686542852658
69611,0.125657,-0.029235,0.0191667,0.1583324803576651
69612,0.125657,-0.029235,0.0208333,0.1588578526953213
69635,0.22683,-0.0358621,0.0191667,0.7159498566001061
69636,0.22683,-0.0358621,0.0208333,0.7161984072714411
69659,0.124481,-0.0327974,0.0191667,0.45950909561571246
69660,0.124481,-0.0327974,0.0208333,0.4598232885146506
69683,0.19115,-0.0317986,0.0191667,0.7151178583523747
69684,0.19115,-0.0317986,0.0208333,0.7151770061859564
69707,0.22141,-0.0236301,0.0191667,0.8964344109182703
69708,0.22141,-0.0236301,0.0208333,0.8963822045329212
69731,0.263242,-0.03256,0.0191667,0.49933287098091195
69732,0.263242,-0.03256,0.0208333,0.49874932504383523
69755,0.299077,-0.0174758,0.0191667,0.4885782134293751
69756,0.299077,-0.0174758,0.0208333,0.4751792966163825
69779,0.14484,0.0322483,0.0191667,0.32284734057599834
69780,0.14484,0.0322483,0.0208333,0.32188374063586994
69803,0.195115,-0.032864,0.0191667,0.7077586956298482
69804,0.195115,-0.032864,0.0208333,0.7078380325072017
69827,0.128087,-0.0327302,0.0191667,0.4397958778510469
69828,0.128087,-0.0327302,0.0208333,0.44013245964176667
69851,0.13167,-0.0321994,0.0191667,0.38616224330588367
69852,0.13167,-0.0321994,0.0208333,0.38651941012735697
69875,0.252319,-0.0328436,0.0191667,0.638485400306294
69876,0.252319,-0.0328436,0.0208333,0.6386201330758584
69899,0.397256,-0.00476778,0.0191667,1.0463104143974735
69900,0.397256,-0.00476778,0.0208333,1.0097067387250342
69923,0.397169,0.00475191,0.0191667,1.3136666626037452
69924,0.397169,0.00475191,0.0208333,1.301929571251899
69947,0.00274732,0.00478197,0.0191667,1.160320623599317
69948,0.00274732,0.00478197,0.0208333,1.1603206235999735
69971,0.00283625,-0.00472904,0.0191667,1.1603905898504239
69972,0.00283625,-0.00472904,0.0208333,1.1603905898511315
69995,0.296297,-0.0199146,0.0191667,0.3330459937651255
69996,0.296297,-0.0199146,0.0208333,0.37587229095357644
70019,0.126316,-0.0327666,0.0191667,0.4475036977978284
70020,0.126316,-0.0327666,0.0208333,0.4478507700471884
70043,0.178742,-0.0236138,0.0191667,0.8462165305316561
70044,0.178742,-0.0236138,0.0208333,0.8462040275969023
70067,0.235992,-0.0236392,0.0191667,0.8581634882574416
70068,0.235992,-0.0236392,0.0208333,0.8581128076097188
70091,0.129828,-0.0324414,0.0191667,0.41177122378527437
70092,0.129828,-0.0324414,0.0208333,0.41212639541774426
70115,0.261528,-0.0329769,0.0191667,0.5035319700932255
70116,0.261528,-0.0329769,0.0208333,0.5032282888209646
70139,0.209241,-0.0360491,0.0191667,0.7068168871322387
70140,0.209241,-0.0360491,0.0208333,0.7070018024821068
70163,0.149745,-0.0247737,0.0191667,0.586819799456463
70164,0.149745,-0.0247737,0.0208333,0.5867718729275015
70187,0.203611,-0.0340287,0.0191667,0.7354791413628043
70188,0.203611,-0.0340287,0.0208333,0.7355883328115438
70211,0.206281,-0.0168688,0.0191667,0.8492780142703256
70212,0.206281,-0.0168688,0.0208333,0.8491960972688248
70235,0.145041,-0.0296061,0.0191667,0.21159906175183504
70236,0.145041,-0.0296061,0.0208333,0.2116347565639739
70259,0.219817,-0.0221995,0.0191667,0.897213903279595
70260,0.219817,-0.0221995,0.0208333,0.8971558717439815
70283,0.147338,-0.0296759,0.0191667,0.20492570024886006
70284,0.147338,-0.0296759,0.0208333,0.2049953068311897
70307,0.190451,-0.032782,0.0191667,0.6734645605036521
70308,0.190451,-0.032782,0.0208333,0.6735360650969894
70331,0.263644,-0.0168551,0.0191667,0.736550582694909
70332,0.263644,-0.0168551,0.0208333,0.7364204065226565
70355,0.286675,-0.0284417,0.0191667,0.15387097633569496
70356,0.286675,-0.0284417,0.0208333,0.19772579970830817
70379,0.187644,-0.032237,0.0191667,0.6717478645927171
70380,0.187644,-0.032237,0.0208333,0.6718077082249991
70403,0.273324,-0.0328102,0.0191667,0.1915979714133216
70404,0.273324,-0.0328102,0.0208333,0.1645845032220227
70427,0.135659,-0.0321,0.0191667,0.3441942599556281
70428,0.135659,-0.0321,0.0208333,0.34449476771873927
70451,0.144578,-0.0273074,0.0191667,0.2980693545990966
70452,0.144578,-0.0273074,0.0208333,0.2980353431729212
70475,0.298294,-0.0342287,0.0191667,0.1833311808587126
70476,0.298294,-0.0342287,0.0208333,0.14149709198418178
70499,0.144848,-0.0254416,0.0191667,0.42459720269507667
70500,0.144848,-0.0254416,0.0208333,0.4245169602594611
70523,0.103552,-0.0334759,0.0191667,0.3399830122406249
70524,0.103552,-0.0334759,0.0208333,0.33983832376475026
70547,0.131713,-0.0368195,0.0191667,0.7242361870615595
70548,0.131713,-0.0368195,0.0208333,0.724254208312315
70571,0.116962,-0.0341468,0.0191667,0.5310792088927546
70572,0.116962,-0.0341468,0.0208333,0.5311766845664264
70595,0.106846,-0.0380745,0.0191667,0.32679875314506773
70596,0.106846,-0.0380745,0.0208333,0.3265996844492697
70619,0.150826,-0.0212818,0.0191667,0.8193675340820478
70620,0.150826,-0.0212818,0.0208333,0.8193623925487333
70643,0.156526,-0.0276147,0.0191667,0.4938507234225991
70644,0.156526,-0.0276147,0.0208333,0.4938496844002337
70667,0.284234,-0.028752,0.0191667,0.12257040959081437
70668,0.284234,-0.028752,0.0208333,0.1597955622380046
70691,0.137469,-0.0320686,0.0191667,0.3396970728776256
70692,0.137469,-0.0320686,0.0208333,0.3399588844578056
70715,0.262134,-0.03089,0.0191667,0.5665754162667226
70716,0.262134,-0.03089,0.0208333,0.5661913407246706
70739,0.153889,-0.0272641,0.0191667,0.5178664642200734
70740,0.153889,-0.0272641,0.0208333,0.5178584177349357
70763,0.133637,-0.0380529,0.0191667,0.7859586563335332
70764,0.133637,-0.0380529,0.0208333,0.7859462181156333
70787,0.225579,-0.0355182,0.0191667,0.7343439477005089
70788,0.225579,-0.0355182,0.0208333,0.7345553244448957
70811,0.192011,-0.0334286,0.0191667,0.6615529700261427
70812,0.192011,-0.0334286,0.0208333,0.661640428795426
70835,0.120632,-0.0316644,0.0191667,0.37099677400411196
70836,0.120632,-0.0316644,0.0208333,0.371421065756169
70859,0.122715,-0.033121,0.0191667,0.47709970956531306
70860,0.122715,-0.033121,0.0208333,0.47737684068943526
70883,0.24923,-0.033438,0.0191667,0.6519047463682175
70884,0.24923,-0.033438,0.0208333,0.6520855745987132
70907,0.184638,-0.0341254,0.0191667,0.5594949021199269
70908,0.184638,-0.0341254,0.0208333,0.5595884646547046
70931,0.121122,-0.0332885,0.0191667,0.4917535093248996
70932,0.121122,-0.0332885,0.0208333,0.49199957921092174
70955,0.140099,-0.036786,0.0191667,0.6457940549464023
70956,0.140099,-0.036786,0.0208333,0.6458257262012718
70979,0.133652,-0.037303,0.0191667,0.7262754434504543
70980,0.133652,-0.037303,0.0208333,0.7263012290209209
71003,0.101402,-0.0386032,0.0191667,0.06935232664712843
71004,0.101402,-0.0386032,0.0208333,0.06876989155088148
71027,0.298592,-0.0385825,0.0191667,0.13599535267754556
71028,0.298592,-0.0385825,0.0208333,0.09621633594151255
71051,0.191042,-0.0336362,0.0191667,0.6528569199665702
71052,0.191042,-0.0336362,0.0208333,0.6529459086938735
71075,0.268304,-0.036994,0.0191667,0.08326098630949551
71076,0.268304,-0.036994,0.0208333,0.07760955403957429
71099,0.296697,-0.0345658,0.0191667,0.16229172969858938
71100,0.296697,-0.0345658,0.0208333,0.17382300505784612
71123,0.248219,-0.0336041,0.0191667,0.6571068794073402
71124,0.248219,-0.0336041,0.0208333,0.6572961932123124
71147,0.223355,-0.0229917,0.0191667,0.8950935386360086
71148,0.223355,-0.0229917,0.0208333,0.8950402476315288
71171,0.263138,-0.0314,0.0191667,0.5497009042607117
71172,0.263138,-0.0314,0.0208333,0.5491385003610402
71195,0.198398,-0.0369293,0.0191667,0.601590772329607
71196,0.198398,-0.0369293,0.0208333,0.6017992000007145
71219,0.136567,-0.0327429,0.0191667,0.37990057320317766
71220,0.136567,-0.0327429,0.0208333,0.38015870871507024
71243,0.1994,-0.0380088,0.0191667,0.5624054380557132
71244,0.1994,-0.0380088,0.0208333,0.5626883298755389
71267,0.188816,-0.0320497,0.0191667,0.6815957625570502
71268,0.188816,-0.0320497,0.0208333,0.6816550523239474
71291,0.127025,-0.0284958,0.0191667,0.11734482847749235
71292,0.127025,-0.0284958,0.0208333,0.11788666480060457
71315,0.102568,-0.0332252,0.0191667,0.3286611233186318
71316,0.102568,-0.0332252,0.0208333,0.32849126142604956
71339,0.107486,-0.0220737,0.0191667,0.36627961435330464
71340,0.107486,-0.0220737,0.0208333,0.3663693706843301
71363,0.398735,0.0072277,0.0191667,1.2837594847922589
71364,0.398735,0.0072277,0.0208333,1.2776954263550266
71387,0.00126813,-0.00722252,0.0191667,1.158470388364115
71388,0.00126813,-0.00722252,0.0208333,1.1584703883642495
71411,0.39874,-0.00722625,0.0191667,0.8153730552520696
71412,0.39874,-0.00722625,0.0208333,0.775062135948297
71435,0.00126051,0.00723131,0.0191667,1.1584603860424005
71436,0.00126051,0.00723131,0.0208333,1.1584603860425362
71459,0.107082,0.000452941,0.0191667,1.2584266741632164
71460,0.107082,0.000452941,0.0208333,1.2584265922556317
71483,0.100694,-0.0385325,0.0191667,0.05103650514181001
71484,0.100694,-0.0385325,0.0208333,0.0501806432127967
71507,0.299305,-0.0385272,0.0191667,0.12332144572153703
71508,0.299305,-0.0385272,0.0208333,0.0826977298000979
71531,0.168019,-0.0371752,0.0191667,0.13154869272016695
71532,0.168019,-0.0371752,0.0208333,0.13173710075296025
71555,0.152672,-0.0219903,0.0191667,0.7917666462546713
71556,0.152672,-0.0219903,0.0208333,0.791749524173298
71579,0.191778,-0.0381112,0.0191667,0.49186111842064817
71580,0.191778,-0.0381112,0.0208333,0.4921277303872974
71603,0.187231,-0.038166,0.0191667,0.4367587387580699
71604,0.187231,-0.038166,0.0208333,0.43701412199135403
71627,0.15112,-0.0272793,0.0191667,0.46656494366320994
71628,0.15112,-0.0272793,0.0208333,0.46653918416953993
71651,0.218451,-0.0155558,0.0191667,0.8009542696648504
71652,0.218451,-0.0155558,0.0208333,0.8009406298832243
71675,0.206082,-0.021177,0.0191667,0.8956749574876763
71676,0.206082,-0.021177,0.0208333,0.895600169827228
71699,0.208156,0.0325104,0.0191667,0.4962061035103501
71700,0.208156,0.0325104,0.0208333,0.495615976892786
71723,0.138034,-0.0300654,0.0191667,0.18755115524664304
71724,0.138034,-0.0300654,0.0208333,0.18786147889573343
71747,0.146681,-0.0353519,0.0191667,0.4426229190673375
71748,0.146681,-0.0353519,0.0208333,0.44266854832384184
71771,0.113725,-0.0198444,0.0191667,0.23027111303527434
71772,0.113725,-0.0198444,0.0208333,0.23016098079430927
71795,0.203024,-0.0320126,0.0191667,0.7914178756620148
71796,0.203024,-0.0320126,0.0208333,0.7914866447878666
71819,0.210331,-0.0368155,0.0191667,0.6817590904282979
71820,0.210331,-0.0368155,0.0208333,0.6819942089333516
71843,0.265465,-0.0214587,0.0191667,0.7259403636847677
71844,0.265465,-0.0214587,0.0208333,0.7256297753564278
71867,0.135641,-0.0369681,0.0191667,0.7079861062886466
71868,0.135641,-0.0369681,0.0208333,0.7080163696115043
71891,0.275384,-0.0373536,0.0191667,0.143056612357458
71892,0.275384,-0.0373536,0.0208333,0.1747598308514677
71915,0.168535,-0.020138,0.0191667,0.8687181214364031
71916,0.168535,-0.020138,0.0208333,0.8687044170337525
71939,0.209038,-0.0367683,0.0191667,0.6753414164322905
71940,0.209038,-0.0367683,0.0208333,0.6755725887968345
71963,0.127334,-0.0101941,0.0191667,1.0699512685416877
71964,0.127334,-0.0101941,0.0208333,1.069929473503251
71987,0.26502,-0.0321931,0.0191667,0.48175270566157696
71988,0.26502,-0.0321931,0.0208333,0.48059002976300136
72011,0.139257,-0.0305794,0.0191667,0.20932977893377808
72012,0.139257,-0.0305794,0.0208333,0.20960542142859018
72035,0.262647,-0.0384637,0.0191667,0.13264461956144322
72036,0.262647,-0.0384637,0.0208333,0.12904304919279674
72059,0.138922,-0.00798289,0.0191667,1.1526491276260846
72060,0.138922,-0.00798289,0.0208333,1.1526707695432934
72083,0.298177,-0.0236508,0.0191667,0.28467358675156357
72084,0.298177,-0.0236508,0.0208333,0.24154878340616828
72107,0.140791,-0.0371927,0.0191667,0.6490776347095103
72108,0.140791,-0.0371927,0.0208333,0.649105395548098
72131,0.141384,-0.0367539,0.0191667,0.6268434414434054
72132,0.141384,-0.0367539,0.0208333,0.6268730876512073
72155,0.176789,-0.0380143,0.0191667,0.2737772144694991
72156,0.176789,-0.0380143,0.0208333,0.2739854898545908
72179,0.205219,-0.0190361,0.0191667,0.8720013929097421
72180,0.205219,-0.0190361,0.0208333,0.8719145621301418
72203,0.260052,-0.0187713,0.0191667,0.7463408118261781
72204,0.260052,-0.0187713,0.0208333,0.7462187655555961
72227,0.105355,-0.021847,0.0191667,0.4371964504998046
72228,0.105355,-0.021847,0.0208333,0.4372596271659784
72251,0.15694,-0.0335938,0.0191667,0.21176400765550904
72252,0.15694,-0.0335938,0.0208333,0.21181826760209807
72275,0.10458,-0.0197094,0.0191667,0.42111002629472516
72276,0.10458,-0.0197094,0.0208333,0.4212093754339995
72299,0.212604,-0.0379483,0.0191667,0.6365367798451507
72300,0.212604,-0.0379483,0.0208333,0.6368823478634252
72323,0.295305,-0.0220212,0.0191667,0.26753830140301404
72324,0.295305,-0.0220212,0.0208333,0.3027501319294345
72347,0.202872,-0.0187413,0.0191667,0.8706563828504711
72348,0.202872,-0.0187413,0.0208333,0.8705685000025004
72371,0.262422,-0.019015,0.0191667,0.7406042874803261
72372,0.262422,-0.019015,0.0208333,0.740462777601975
72395,0.295444,-0.0308331,0.0191667,0.1591769585462984
72396,0.295444,-0.0308331,0.0208333,0.21041524318539756
72419,0.227143,-0.02161,0.0191667,0.8722300098154666
72420,0.227143,-0.02161,0.0208333,0.8721781700089608
72443,0.14021,-0.0296687,0.0191667,0.17068607047782897
72444,0.14021,-0.0296687,0.0208333,0.17089964640981678
72467,0.268755,0.0321626,0.0191667,0.3273926694747622
72468,0.268755,0.0321626,0.0208333,0.3268033832263926
72491,0.241273,-0.0329676,0.0191667,0.729622820832092
72492,0.241273,-0.0329676,0.0208333,0.7297557040290679
72515,0.220258,-0.0380732,0.0191667,0.630886244915628
72516,0.220258,-0.0380732,0.0208333,0.6312893050770298
72539,0.139304,-0.0256028,0.0191667,0.3105586438070362
72540,0.139304,-0.0256028,0.0208333,0.3104354864662906
72563,0.296264,-0.0237274,0.0191667,0.24533900523375815
72564,0.296264,-0.0237274,0.0208333,0.2741594069835285
72587,0.221484,-0.037993,0.0191667,0.6347434934884321
72588,0.221484,-0.037993,0.0208333,0.6351466635656717
72611,0.230896,-0.0372942,0.0191667,0.6691274740036632
72612,0.230896,-0.0372942,0.0208333,0.6694773186411397
72635,0.263252,-0.0211723,0.0191667,0.7301476217751466
72636,0.263252,-0.0211723,0.0208333,0.7298902777061744
72659,0.229077,-0.0209122,0.0191667,0.8689705067709765
72660,0.229077,-0.0209122,0.0208333,0.8689188404347522
72683,0.225704,-0.0199638,0.0191667,0.8706629351626991
72684,0.225704,-0.0199638,0.0208333,0.8706093825087668
72707,0.134321,-0.0370121,0.0191667,0.71688799618276
72708,0.134321,-0.0370121,0.0208333,0.7169150942129239
72731,0.224895,-0.0310659,0.0191667,0.843774727913975
72732,0.224895,-0.0310659,0.0208333,0.8438188121955452
72755,0.16767,-0.0310659,0.0191667,0.46838968767640926
72756,0.16767,-0.0310659,0.0208333,0.46840838860620104
72779,0.149686,-0.0354851,0.0191667,0.38552251017124745
72780,0.149686,-0.0354851,0.0208333,0.38555283939186297
72803,0.275318,-0.0381025,0.0191667,0.1375573736736057
72804,0.275318,-0.0381025,0.0208333,0.16969385917911586
72827,0.231307,-0.0369046,0.0191667,0.6750118915376649
72828,0.231307,-0.0369046,0.0208333,0.675347400640973
72851,0.232077,-0.0370773,0.0191667,0.6725998469746818
72852,0.232077,-0.0370773,0.0208333,0.6729370517433264
72875,0.149736,-0.0281281,0.0191667,0.36291067926307147
72876,0.149736,-0.0281281,0.0208333,0.36286790006945285
72899,0.242033,-0.03355,0.0191667,0.7138427638095508
72900,0.242033,-0.03355,0.0208333,0.7139984495595744
72923,0.269286,-0.0380875,0.0191667,0.11976914221989736
72924,0.269286,-0.0380875,0.0208333,0.12825643346584997
72947,0.104303,-0.000634145,0.0191667,1.2405015200857465
72948,0.104303,-0.000634145,0.0208333,1.2405014618383534
72971,0.218456,-0.0181915,0.0191667,0.8625739242316669
72972,0.218456,-0.0181915,0.0208333,0.8625200656720067
72995,0.111841,-0.0342988,0.0191667,0.48973200855926297
72996,0.111841,-0.0342988,0.0208333,0.48976543430198355
73019,0.146941,-0.00346246,0.0191667,1.0596466142911078
73020,0.146941,-0.00346246,0.0208333,1.059641750840623
73043,0.168754,-0.0373216,0.0191667,0.13686763764312185
73044,0.168754,-0.0373216,0.0208333,0.1370623532397208
73067,0.296845,-0.0336216,0.0191667,0.16626907948397981
73068,0.296845,-0.0336216,0.0208333,0.17324953311885144
73091,0.119555,-0.032008,0.0191667,0.3830437593008362
73092,0.119555,-0.032008,0.0208333,0.38343556939590046
73115,0.138163,-0.0287056,0.0191667,0.14599261769466154
73116,0.138163,-0.0287056,0.0208333,0.14614393417757715
73139,0.273079,-0.0318066,0.0191667,0.3451041389265565
73140,0.273079,-0.0318066,0.0208333,0.32812231481970255
73163,0.169979,-0.0218537,0.0191667,0.8538718154836037
73164,0.169979,-0.0218537,0.0208333,0.8538574825008762
73187,0.157034,-0.0325895,0.0191667,0.2517133575747226
73188,0.157034,-0.0325895,0.0208333,0.25175055241205574
73211,0.241551,-0.0319532,0.0191667,0.7569740557693257
73212,0.241551,-0.0319532,0.0208333,0.757050268891945
73235,0.171978,-0.0212145,0.0191667,0.8623646767727512
73236,0.171978,-0.0212145,0.0208333,0.8623488099098242
73259,0.297704,-0.0333855,0.0191667,0.17653470499451376
73260,0.297704,-0.0333855,0.0208333,0.15940187707175846
73283,0.21983,-0.0347772,0.0191667,0.7617459225524448
73284,0.21983,-0.0347772,0.0208333,0.7618986860311635
73307,0.266399,-0.0337346,0.0191667,0.3943440321232845
73308,0.266399,-0.0337346,0.0208333,0.3922897837618685
73331,0.279146,-0.0330602,0.0191667,0.13587514523517538
73332,0.279146,-0.0330602,0.0208333,0.16928496346636934
