cell,x,y,z,|U|
11,0.156819,-0.0382041,0.0191667,0.2735653827713896
12,0.156819,-0.0382041,0.0208333,0.27357260024184826
35,0.126636,-0.0166513,0.0191667,0.7083907764277821
36,0.126636,-0.0166513,0.0208333,0.7084024715923426
59,0.177488,-0.0243714,0.0191667,0.8201580577114073
60,0.177488,-0.0243714,0.0208333,0.8201597347250255
83,0.27982,-0.0359089,0.0191667,0.17579488157296908
84,0.27982,-0.0359089,0.0208333,0.15560278743460865
107,0.116367,-0.0361415,0.0191667,0.620806367273723
108,0.116367,-0.0361415,0.0208333,0.6208120060485115
131,0.279881,-0.0368367,0.0191667,0.17996345077520604
132,0.279881,-0.0368367,0.0208333,0.17180073966500142
155,0.162902,-0.0378436,0.0191667,0.10630990278807566
156,0.162902,-0.0378436,0.0208333,0.10631325471948452
179,0.241341,0.032956,0.0191667,0.3003656839598746
180,0.241341,0.032956,0.0208333,0.30036739749557745
203,0.212055,-0.0287084,0.0191667,0.8083200556445097
204,0.212055,-0.0287084,0.0208333,0.8083231479860556
227,0.144466,-0.0284476,0.0191667,0.22708246293621268
228,0.144466,-0.0284476,0.0208333,0.22708576996350607
251,0.141554,0.0283443,0.0191667,0.29104670722266146
252,0.141554,0.0283443,0.0208333,0.2910507524642651
275,0.144546,-0.0362232,0.0191667,0.5213231588288901
276,0.144546,-0.0362232,0.0208333,0.5213236111470829
299,0.183824,-0.0359733,0.0191667,0.5298739542158682
300,0.183824,-0.0359733,0.0208333,0.5298706150130598
323,0.219246,-0.035449,0.0191667,0.6385375364674093
324,0.219246,-0.035449,0.0208333,0.6385318104618325
347,0.157713,-0.0362955,0.0191667,0.16224498244387128
348,0.157713,-0.0362955,0.0208333,0.16224696404930386
371,0.250795,-0.0376092,0.0191667,0.07948041880918154
372,0.250795,-0.0376092,0.0208333,0.07351564878702765
395,0.116179,-0.0369469,0.0191667,0.6498210847959321
396,0.116179,-0.0369469,0.0208333,0.6498299578513949
419,0.282578,-0.0144516,0.0191667,0.03143104541556962
420,0.282578,-0.0144516,0.0208333,0.03685676624827523
443,0.259325,-0.0341439,0.0191667,0.08781245494427314
444,0.259325,-0.0341439,0.0208333,0.08215715330955668
467,0.219704,-0.0166042,0.0191667,0.7719196526556769
468,0.219704,-0.0166042,0.0208333,0.7719220791634838
491,0.242771,-0.0377878,0.0191667,0.13084691502124496
492,0.242771,-0.0377878,0.0208333,0.1303027957717577
515,0.213712,-0.0281416,0.0191667,0.8056936030179181
516,0.213712,-0.0281416,0.0208333,0.8056967060506321
539,0.146162,-0.0278599,0.0191667,0.3383943729505633
540,0.146162,-0.0278599,0.0208333,0.3383903781280201
563,0.128713,-0.01426,0.0191667,0.9246736204537878
564,0.128713,-0.01426,0.0208333,0.9246799235971337
587,0.154826,-0.0375862,0.0191667,0.32305523848027357
588,0.154826,-0.0375862,0.0208333,0.32306376568596196
611,0.156166,-0.0378124,0.0191667,0.2929156912439099
612,0.156166,-0.0378124,0.0208333,0.29292331193140364
635,0.154046,-0.0375071,0.0191667,0.34440413768026945
636,0.154046,-0.0375071,0.0208333,0.3444129897710021
659,0.302586,0.0310914,0.0191667,1.3376866460192547
660,0.302586,0.0310914,0.0208333,1.3393372015832645
683,0.29389,-0.0381739,0.0191667,0.13779166981243823
684,0.29389,-0.0381739,0.0208333,0.13855117516152649
707,0.226967,-0.0117027,0.0191667,0.7185409824276677
708,0.226967,-0.0117027,0.0208333,0.7185402173340326
731,0.160737,-0.0348489,0.0191667,0.13502828836878922
732,0.160737,-0.0348489,0.0208333,0.13501294304091774
755,0.158002,-0.0370661,0.0191667,0.19155861100817814
756,0.158002,-0.0370661,0.0208333,0.19156272392143547
779,0.20169,-0.0378287,0.0191667,0.5795220365330127
780,0.20169,-0.0378287,0.0208333,0.579512838756729
803,0.173293,-0.0337632,0.0191667,0.4595897517907201
804,0.173293,-0.0337632,0.0208333,0.4595889585295975
827,0.144821,0.0276239,0.0191667,0.2897011721244006
828,0.144821,0.0276239,0.0208333,0.289703009804055
851,0.242527,-0.0315947,0.0191667,0.506332516095295
852,0.242527,-0.0315947,0.0208333,0.506339063125744
875,0.243345,-0.0383053,0.0191667,0.0809088784966545
876,0.243345,-0.0383053,0.0208333,0.08067098755847482
899,0.144855,-0.0369981,0.0191667,0.5622498931058396
900,0.144855,-0.0369981,0.0208333,0.5622546996670947
923,0.273528,-0.0364933,0.0191667,0.16715737213252066
924,0.273528,-0.0364933,0.0208333,0.15667795134963952
947,0.299668,0.0328691,0.0191667,1.2417556273408936
948,0.299668,0.0328691,0.0208333,1.2422274997697844
971,0.00655478,3.43071e-05,0.0191667,1.1615300036488014
972,0.00655478,3.43071e-05,0.0208333,1.1615300036485083
995,0.247402,-0.0348569,0.0191667,0.1908682794858538
996,0.247402,-0.0348569,0.0208333,0.19182472450077961
1019,0.393428,0.0300821,0.0191667,1.2280860355428798
1020,0.393428,0.0300821,0.0208333,1.2276705658400515
1043,0.260109,-0.0348152,0.0191667,0.09632255431232087
1044,0.260109,-0.0348152,0.0208333,0.09024804983599369
1067,0.297593,-0.0131396,0.0191667,0.12530781006650943
1068,0.297593,-0.0131396,0.0208333,0.1325868173913229
1091,0.214564,-0.0354576,0.0191667,0.6550766309636955
1092,0.214564,-0.0354576,0.0208333,0.655070776724136
1115,0.146988,-0.0354235,0.0191667,0.41844599259594834
1116,0.146988,-0.0354235,0.0208333,0.4184455548774924
1139,0.296354,-0.0300363,0.0191667,0.1865180461885659
1140,0.296354,-0.0300363,0.0208333,0.1606227210182918
1163,0.224,-0.0377763,0.0191667,0.4973384234507054
1164,0.224,-0.0377763,0.0208333,0.49731552849555016
1187,0.152379,-0.0161754,0.0191667,0.9830023855778703
1188,0.152379,-0.0161754,0.0208333,0.9830042166763074
1211,0.28176,-0.0357854,0.0191667,0.17791562504457809
1212,0.28176,-0.0357854,0.0208333,0.15581898556920593
1235,0.229859,-0.0128098,0.0191667,0.7087423971801172
1236,0.229859,-0.0128098,0.0208333,0.7087424283390291
1259,0.160273,-0.0356695,0.0191667,0.09663296792409153
1260,0.160273,-0.0356695,0.0208333,0.09661874349947841
1283,0.263005,-0.0293106,0.0191667,0.06843500543225228
1284,0.263005,-0.0293106,0.0208333,0.06708895980199797
1307,0.294591,-0.0377593,0.0191667,0.13247416511474983
1308,0.294591,-0.0377593,0.0208333,0.13156442945530528
1331,0.290507,-0.0290815,0.0191667,0.20838723563078426
1332,0.290507,-0.0290815,0.0208333,0.15506762025919532
1355,0.273338,-0.035562,0.0191667,0.1609093106010973
1356,0.273338,-0.035562,0.0208333,0.1448495524029674
1379,0.214927,-0.0346241,0.0191667,0.6790458432478758
1380,0.214927,-0.0346241,0.0208333,0.679042028544166
1403,0.147372,-0.0345117,0.0191667,0.35100892949217133
1404,0.147372,-0.0345117,0.0208333,0.3510046468401345
1427,0.219457,-0.0381365,0.0191667,0.542257699243283
1428,0.219457,-0.0381365,0.0208333,0.542240609207491
1451,0.253655,-0.0367907,0.0191667,0.09511512389085397
1452,0.253655,-0.0367907,0.0208333,0.0886647560197083
1475,0.10757,0.0269648,0.0191667,0.18193053870467185
1476,0.10757,0.0269648,0.0208333,0.18194071412858528
1499,0.109674,0.0290927,0.0191667,0.2009387751295862
1500,0.109674,0.0290927,0.0208333,0.20095475451494052
1523,0.135899,0.0250118,0.0191667,0.2812793897465515
1524,0.135899,0.0250118,0.0208333,0.28128533467975114
1547,0.253568,-0.0358579,0.0191667,0.08743415219392477
1548,0.253568,-0.0358579,0.0208333,0.08256976517991377
1571,0.268066,-0.0377914,0.0191667,0.15071178071641414
1572,0.268066,-0.0377914,0.0208333,0.14153360154371125
1595,0.250145,-0.0349731,0.0191667,0.06546842304256305
1596,0.250145,-0.0349731,0.0208333,0.06874056430005503
1619,0.183834,-0.0368722,0.0191667,0.47783270394177124
1620,0.183834,-0.0368722,0.0208333,0.47782737073623144
1643,0.259492,-0.0361677,0.0191667,0.10827450878138399
1644,0.259492,-0.0361677,0.0208333,0.10146664416447407
1667,0.291382,-0.035978,0.0191667,0.1694684361489183
1668,0.291382,-0.035978,0.0208333,0.1510145314142318
1691,0.238696,-0.032691,0.0191667,0.5090183148712402
1692,0.238696,-0.032691,0.0208333,0.5089993787301752
1715,0.280999,-0.0380128,0.0191667,0.18661366085603168
1716,0.280999,-0.0380128,0.0208333,0.18260749796024256
1739,0.167826,-0.0146822,0.0191667,0.9294693500992786
1740,0.167826,-0.0146822,0.0208333,0.9294730544296963
1763,0.288291,0.033344,0.0191667,0.7176416085960913
1764,0.288291,0.033344,0.0208333,0.7177131170237954
1787,0.208956,-0.0382107,0.0191667,0.5789495966428774
1788,0.208956,-0.0382107,0.0208333,0.578937433240916
1811,0.280867,-0.0371743,0.0191667,0.181357575504554
1812,0.280867,-0.0371743,0.0208333,0.17313169261933561
1835,0.112692,-0.0394779,0.0191667,0.5358744709952136
1836,0.112692,-0.0394779,0.0208333,0.5358884142674559
1859,0.106254,-0.0223396,0.0191667,0.40571115001343805
1860,0.106254,-0.0223396,0.0208333,0.4057039044922088
1883,0.268677,-0.0382877,0.0191667,0.15177180780267624
1884,0.268677,-0.0382877,0.0208333,0.1424683157661018
1907,0.109276,0.0234025,0.0191667,0.20981111979625866
1908,0.109276,0.0234025,0.0208333,0.2098285653289754
1931,0.239137,-0.0356505,0.0191667,0.34177839369944396
1932,0.239137,-0.0356505,0.0208333,0.3416829860268885
1955,0.14188,-0.0307839,0.0191667,0.17067519261966835
1956,0.14188,-0.0307839,0.0208333,0.17066497166201652
1979,0.111936,-0.0390448,0.0191667,0.5168002875550131
1980,0.111936,-0.0390448,0.0208333,0.5168151760744013
2003,0.171484,-0.035379,0.0191667,0.34105317414765923
2004,0.171484,-0.035379,0.0208333,0.34105230021645827
2027,0.244606,-0.0227138,0.0191667,0.6684474482636121
2028,0.244606,-0.0227138,0.0208333,0.6684697961213282
2051,0.12991,-0.0347051,0.0191667,0.595687969133178
2052,0.12991,-0.0347051,0.0208333,0.5956860915056859
2075,0.216756,-0.0337259,0.0191667,0.6883842166855668
2076,0.216756,-0.0337259,0.0208333,0.6883814632062577
2099,0.153676,-0.0190656,0.0191667,0.9479897524454401
2100,0.153676,-0.0190656,0.0208333,0.9479911065477409
2123,0.221056,-0.0194438,0.0191667,0.7887392891460822
2124,0.221056,-0.0194438,0.0208333,0.7887436987399241
2147,0.149225,-0.0336316,0.0191667,0.24579993591502033
2148,0.149225,-0.0336316,0.0208333,0.24579273445663605
2171,0.251588,-0.0376465,0.0191667,0.08107139172661587
2172,0.251588,-0.0376465,0.0208333,0.07494388128241358
2195,0.107226,0.0210493,0.0191667,0.2029125093625844
2196,0.107226,0.0210493,0.0208333,0.20292536818189316
2219,0.152199,-0.0355428,0.0191667,0.2990294811643161
2220,0.152199,-0.0355428,0.0208333,0.299033554135519
2243,0.189985,-0.0347488,0.0191667,0.6464296609230656
2244,0.189985,-0.0347488,0.0208333,0.6464274569000317
2267,0.290591,-0.0353816,0.0191667,0.17386805648631953
2268,0.290591,-0.0353816,0.0208333,0.15020715394514336
2291,0.246463,-0.0342714,0.0191667,0.2553262074226069
2292,0.246463,-0.0342714,0.0208333,0.25522098575421437
2315,0.228168,-0.0330049,0.0191667,0.6199531173473505
2316,0.228168,-0.0330049,0.0208333,0.6199480963674366
2339,0.161008,-0.0326841,0.0191667,0.3790066610230397
2340,0.161008,-0.0326841,0.0208333,0.3790106996658268
2363,0.10963,-0.0350332,0.0191667,0.4757915027498285
2364,0.10963,-0.0350332,0.0208333,0.4757996005357383
2387,0.169304,-0.0332723,0.0191667,0.4248497311254646
2388,0.169304,-0.0332723,0.0208333,0.42484864060127797
2411,0.244449,-0.0344668,0.0191667,0.2886208772652741
2412,0.244449,-0.0344668,0.0208333,0.28851467552996485
2435,0.177169,-0.0342268,0.0191667,0.5022949995601994
2436,0.177169,-0.0342268,0.0208333,0.5022933943817682
2459,0.241877,-0.0383009,0.0191667,0.13132697767278778
2460,0.241877,-0.0383009,0.0208333,0.13068013651684063
2483,0.128285,-0.0382593,0.0191667,0.7785093709436905
2484,0.128285,-0.0382593,0.0208333,0.7785157141494711
2507,0.241163,-0.0379033,0.0191667,0.15814616556200914
2508,0.241163,-0.0379033,0.0208333,0.15773802518256147
2531,0.14975,-0.0312423,0.0191667,0.21237967473297087
2532,0.14975,-0.0312423,0.0208333,0.21237294306362312
2555,0.175801,-0.023721,0.0191667,0.8195652226595638
2556,0.175801,-0.023721,0.0208333,0.8195678340285191
2579,0.217232,-0.0314089,0.0191667,0.7355568356023056
2580,0.217232,-0.0314089,0.0208333,0.7355570775694986
2603,0.179233,-0.0340784,0.0191667,0.5347645123945315
2604,0.179233,-0.0340784,0.0208333,0.5347619977806751
2627,0.28168,-0.03361,0.0191667,0.17966771205422527
2628,0.28168,-0.03361,0.0208333,0.14635880608006502
2651,0.192804,-0.0329825,0.0191667,0.7071764510977373
2652,0.192804,-0.0329825,0.0208333,0.7071752932400402
2675,0.201632,-0.034405,0.0191667,0.6981452993952881
2676,0.201632,-0.034405,0.0208333,0.6981422942584802
2699,0.126004,-0.0348112,0.0191667,0.6252126150017541
2700,0.126004,-0.0348112,0.0208333,0.6252107248519594
2723,0.16231,-0.0360286,0.0191667,0.09767169914266927
2724,0.16231,-0.0360286,0.0208333,0.09765811012162993
2747,0.251988,-0.031677,0.0191667,0.24396970018775002
2748,0.251988,-0.031677,0.0208333,0.24507525018673348
2771,0.245267,-0.0324473,0.0191667,0.39930117143619
2772,0.245267,-0.0324473,0.0208333,0.3992573817252877
2795,0.16315,-0.0385525,0.0191667,0.1354849653840237
2796,0.16315,-0.0385525,0.0208333,0.13549292262775203
2819,0.209662,-0.025686,0.0191667,0.8409738100861252
2820,0.209662,-0.025686,0.0208333,0.8409768298943495
2843,0.216097,-0.0346423,0.0191667,0.674742373677569
2844,0.216097,-0.0346423,0.0208333,0.6747385795303548
2867,0.281805,-0.0366474,0.0191667,0.18056768687378955
2868,0.281805,-0.0366474,0.0208333,0.16992180262617862
2891,0.222166,-0.037692,0.0191667,0.5341304239174989
2892,0.222166,-0.037692,0.0208333,0.5341124651491411
2915,0.142035,-0.0253606,0.0191667,0.3487429467471099
2916,0.142035,-0.0253606,0.0208333,0.3487539504519758
2939,0.200991,-0.0334346,0.0191667,0.7197214007444805
2940,0.200991,-0.0334346,0.0208333,0.7197193839049981
2963,0.211052,-0.0236098,0.0191667,0.8351906565572282
2964,0.211052,-0.0236098,0.0208333,0.8351946326184597
2987,0.148541,-0.034542,0.0191667,0.3109306785429027
2988,0.148541,-0.034542,0.0208333,0.31092591664305824
3011,0.198194,-0.0308538,0.0191667,0.7746571727909484
3012,0.198194,-0.0308538,0.0208333,0.7746571034752279
3035,0.250394,-0.0339628,0.0191667,0.1385687446051919
3036,0.250394,-0.0339628,0.0208333,0.1412099599553091
3059,0.289845,-0.0335588,0.0191667,0.18324189196155447
3060,0.289845,-0.0335588,0.0208333,0.1457151063268665
3083,0.143451,-0.0232502,0.0191667,0.6746028015691415
3084,0.143451,-0.0232502,0.0208333,0.674606326698821
3107,0.148736,-0.0323883,0.0191667,0.20471857974171007
3108,0.148736,-0.0323883,0.0208333,0.20470851386733502
3131,0.216253,-0.0325283,0.0191667,0.722188032841014
3132,0.216253,-0.0325283,0.0208333,0.7221872647650076
3155,0.193625,-0.0340388,0.0191667,0.6906356714021715
3156,0.193625,-0.0340388,0.0208333,0.6906335361242588
3179,0.207935,-0.0326152,0.0191667,0.7463849541572746
3180,0.207935,-0.0326152,0.0208333,0.7463850330485435
3203,0.292496,-0.00416016,0.0191667,0.24230437374758634
3204,0.292496,-0.00416016,0.0208333,0.22905694867697007
3227,0.241149,-0.0316352,0.0191667,0.512439520689037
3228,0.241149,-0.0316352,0.0208333,0.5124384043984604
3251,0.201158,-0.0370128,0.0191667,0.6124219745588646
3252,0.201158,-0.0370128,0.0208333,0.6124138646039866
3275,0.114825,-0.0341616,0.0191667,0.5293741254195364
3276,0.114825,-0.0341616,0.0208333,0.5293729620492466
3299,0.23852,-0.036317,0.0191667,0.34224550191207775
3300,0.23852,-0.036317,0.0208333,0.3421464927055597
3323,0.25337,-0.033624,0.0191667,0.0598162893106886
3324,0.25337,-0.033624,0.0208333,0.06291690044670033
3347,0.19929,-0.0314781,0.0191667,0.7723805038961931
3348,0.19929,-0.0314781,0.0208333,0.7723804458643319
3371,0.168785,-0.0351762,0.0191667,0.30073885088257285
3372,0.168785,-0.0351762,0.0208333,0.3007394051941812
3395,0.209783,-0.037868,0.0191667,0.5797040469576169
3396,0.209783,-0.037868,0.0208333,0.5796918834139413
3419,0.229559,-0.0362909,0.0191667,0.49604425047877454
3420,0.229559,-0.0362909,0.0208333,0.4960202827951533
3443,0.109122,0.017366,0.0191667,0.17380922080091146
3444,0.109122,0.017366,0.0208333,0.17382011641942052
3467,0.180013,-0.0347097,0.0191667,0.5357704849333436
3468,0.180013,-0.0347097,0.0208333,0.5357679949473322
3491,0.282865,-0.0314635,0.0191667,0.18901709106104667
3492,0.282865,-0.0314635,0.0208333,0.14778646863081343
3515,0.228165,-0.0354591,0.0191667,0.5534350848852276
3516,0.228165,-0.0354591,0.0208333,0.5534199549404338
3539,0.223534,-0.0384086,0.0191667,0.4763219217723782
3540,0.223534,-0.0384086,0.0208333,0.4762978520911129
3563,0.227259,-0.0339305,0.0191667,0.6167560049198513
3564,0.227259,-0.0339305,0.0208333,0.6167508371180364
3587,0.160183,-0.0337301,0.0191667,0.1763042089031218
3588,0.160183,-0.0337301,0.0208333,0.17628899311958873
3611,0.139359,0.0248325,0.0191667,0.27670318084268725
3612,0.139359,0.0248325,0.0208333,0.2767079828808276
3635,0.107165,0.015006,0.0191667,0.1428919769512274
3636,0.107165,0.015006,0.0208333,0.1429040513171439
3659,0.105372,-0.0200168,0.0191667,0.38896169437839573
3660,0.105372,-0.0200168,0.0208333,0.38895354962830353
3683,0.201074,-0.0353564,0.0191667,0.6687029715561977
3684,0.201074,-0.0353564,0.0208333,0.6686989439885682
3707,0.00784317,0.00281492,0.0191667,1.1623001999437559
3708,0.00784317,0.00281492,0.0208333,1.16230019994338
3731,0.272695,-0.0379253,0.0191667,0.17091144336693784
3732,0.272695,-0.0379253,0.0208333,0.1639465411005822
3755,0.170558,-0.0349015,0.0191667,0.3461111925681874
3756,0.170558,-0.0349015,0.0208333,0.3461105552232979
3779,0.117346,0.0329007,0.0191667,0.2668760531678247
3780,0.117346,0.0329007,0.0208333,0.2668908922409352
3803,0.265248,-0.0360651,0.0191667,0.13206355586624796
3804,0.265248,-0.0360651,0.0208333,0.12350423411209066
3827,0.19265,-0.035445,0.0191667,0.6374870679814145
3828,0.19265,-0.035445,0.0208333,0.6374839189802862
3851,0.178046,-0.0320982,0.0191667,0.6144357648868302
3852,0.178046,-0.0320982,0.0208333,0.6144351679504785
3875,0.139571,-0.0289272,0.0191667,0.1675213867851484
3876,0.139571,-0.0289272,0.0208333,0.16751942953087323
3899,0.207216,-0.0293504,0.0191667,0.808073004124331
3900,0.207216,-0.0293504,0.0208333,0.8080740586523695
3923,0.152415,-0.0371306,0.0191667,0.3718618786526573
3924,0.152415,-0.0371306,0.0208333,0.37187104390951514
3947,0.143139,-0.0310834,0.0191667,0.17931973198418072
3948,0.143139,-0.0310834,0.0208333,0.17931145831755455
3971,0.143483,-0.0377451,0.0191667,0.6254028172392305
3972,0.143483,-0.0377451,0.0208333,0.6254079282651064
3995,0.264104,-0.0279446,0.0191667,0.08201454275267282
3996,0.264104,-0.0279446,0.0208333,0.08033991241207573
4019,0.218731,-0.0377285,0.0191667,0.5491788234464633
4020,0.218731,-0.0377285,0.0208333,0.5491627399671812
4043,0.201603,-0.0321852,0.0191667,0.7559495950220065
4044,0.201603,-0.0321852,0.0208333,0.7559485798699888
4067,0.260062,-0.0356756,0.0191667,0.10794465099256934
4068,0.260062,-0.0356756,0.0208333,0.10123708171979277
4091,0.208168,-0.0346824,0.0191667,0.6950413734647781
4092,0.208168,-0.0346824,0.0208333,0.6950374557660508
4115,0.285289,-0.0160625,0.0191667,0.12110952656533672
4116,0.285289,-0.0160625,0.0208333,0.1253464888523807
4139,0.149032,-0.0355088,0.0191667,0.3853650999147593
4140,0.149032,-0.0355088,0.0208333,0.38536774560336845
4163,0.191755,-0.0352711,0.0191667,0.6362829004512693
4164,0.191755,-0.0352711,0.0208333,0.6362797380768213
4187,0.21658,-0.0298393,0.0191667,0.7743786133324896
4188,0.21658,-0.0298393,0.0208333,0.7743817915385773
4211,0.126608,-0.0337802,0.0191667,0.5575812719378653
4212,0.126608,-0.0337802,0.0208333,0.5575759090852875
4235,0.127705,-0.0378516,0.0191667,0.7797740575894082
4236,0.127705,-0.0378516,0.0208333,0.7797803871600507
4259,0.149094,-0.0296058,0.0191667,0.2726835542781237
4260,0.149094,-0.0296058,0.0208333,0.27268015766264053
4283,0.168467,-0.0340956,0.0191667,0.35270233239297716
4284,0.168467,-0.0340956,0.0208333,0.3527033671967659
4307,0.151361,-0.0355929,0.0191667,0.32437775448974626
4308,0.151361,-0.0355929,0.0208333,0.32438221266273354
4331,0.108676,0.0113352,0.0191667,0.6004692201776758
4332,0.108676,0.0113352,0.0208333,0.6004660112199628
4355,0.227507,-0.0369659,0.0191667,0.5084525310733696
4356,0.227507,-0.0369659,0.0208333,0.5084311023534435
4379,0.128887,-0.0324333,0.0191667,0.43242549640051564
4380,0.128887,-0.0324333,0.0208333,0.4324107425748608
4403,0.193465,-0.0316366,0.0191667,0.7454963230291244
4404,0.193465,-0.0316366,0.0208333,0.7454961746983503
4427,0.280762,-0.0353845,0.0191667,0.17679630765800963
4428,0.280762,-0.0353845,0.0208333,0.1544642342013516
4451,0.297538,-0.0303154,0.0191667,0.18084474492038743
4452,0.297538,-0.0303154,0.0208333,0.17918778922094553
4475,0.114421,-0.0333393,0.0191667,0.49330057610084843
4476,0.114421,-0.0333393,0.0208333,0.4932973236069947
4499,0.241458,-0.0179493,0.0191667,0.7162651294906436
4500,0.241458,-0.0179493,0.0208333,0.7162769403472343
4523,0.288777,-0.035277,0.0191667,0.17790439876135722
4524,0.288777,-0.035277,0.0208333,0.1531068303368599
4547,0.21648,-0.0162146,0.0191667,0.7781207042092858
4548,0.21648,-0.0162146,0.0208333,0.7781232140010829
4571,0.107453,-0.0345481,0.0191667,0.4253198444036883
4572,0.107453,-0.0345481,0.0208333,0.4253285488492968
4595,0.147858,-0.0381879,0.0191667,0.5357408515351731
4596,0.147858,-0.0381879,0.0208333,0.535749635982603
4619,0.250399,-0.0383138,0.0191667,0.06736405078531404
4620,0.250399,-0.0383138,0.0208333,0.062047696055257236
4643,0.282694,-0.0352708,0.0191667,0.17856954730897567
4644,0.282694,-0.0352708,0.0208333,0.15452843947118633
4667,0.165095,-0.0131793,0.0191667,0.9365025422175427
4668,0.165095,-0.0131793,0.0208333,0.9365062139943579
4691,0.161889,-0.035006,0.0191667,0.14406809241044632
4692,0.161889,-0.035006,0.0208333,0.1440546694975557
4715,0.201633,-0.0362024,0.0191667,0.6434563975519706
4716,0.201633,-0.0362024,0.0208333,0.6434503500029339
4739,0.220676,-0.0334559,0.0191667,0.6761102893519098
4740,0.220676,-0.0334559,0.0208333,0.6761076533238631
4763,0.238626,-0.0314385,0.0191667,0.5553252335332449
4764,0.238626,-0.0314385,0.0208333,0.5553208484356772
4787,0.160536,-0.0312811,0.0191667,0.42646645130044175
4788,0.160536,-0.0312811,0.0208333,0.4264702984512662
4811,0.22778,-0.0315401,0.0191667,0.6705535606709401
4812,0.22778,-0.0315401,0.0208333,0.6705533982528014
4835,0.229098,-0.0352964,0.0191667,0.5474338893769882
4836,0.229098,-0.0352964,0.0208333,0.5474189563520153
4859,0.10659,0.00930149,0.0191667,0.6991891346883728
4860,0.10659,0.00930149,0.0208333,0.6991899117333794
4883,0.209814,-0.0209259,0.0191667,0.8369420293350974
4884,0.209814,-0.0209259,0.0208333,0.8369459393413236
4907,0.162579,-0.0341938,0.0191667,0.30522173073818465
4908,0.162579,-0.0341938,0.0208333,0.30522668337421877
4931,0.170034,-0.0308505,0.0191667,0.5685581612084114
4932,0.170034,-0.0308505,0.0208333,0.568558408342809
4955,0.229749,-0.0345081,0.0191667,0.5579116667882368
4956,0.229749,-0.0345081,0.0208333,0.5578979731512614
4979,0.211336,-0.036174,0.0191667,0.6408932639658228
4980,0.211336,-0.036174,0.0208333,0.6408853126462372
5003,0.108933,-0.0329343,0.0191667,0.43909872160705943
5004,0.108933,-0.0329343,0.0208333,0.43910102313786487
5027,0.259483,-0.0192666,0.0191667,0.5674497875328586
5028,0.259483,-0.0192666,0.0208333,0.5675309744500154
5051,0.216595,-0.0356164,0.0191667,0.6393895455612791
5052,0.216595,-0.0356164,0.0208333,0.6393827134339072
5075,0.244558,0.031429,0.0191667,0.25631424794520963
5076,0.244558,0.031429,0.0208333,0.2563179258454163
5099,0.392141,0.0328612,0.0191667,1.3699435383267269
5100,0.392141,0.0328612,0.0208333,1.3704229712463991
5123,0.152755,-0.0364467,0.0191667,0.3356342332740455
5124,0.152755,-0.0364467,0.0208333,0.335642239292215
5147,0.142191,-0.0205239,0.0191667,0.750680811781916
5148,0.142191,-0.0205239,0.0208333,0.750686903772996
5171,0.176305,-0.0349578,0.0191667,0.4515923753380013
5172,0.176305,-0.0349578,0.0208333,0.45158975410333285
5195,0.184676,-0.0373096,0.0191667,0.4823357981860564
5196,0.184676,-0.0373096,0.0208333,0.48233147709859825
5219,0.158764,0.0369135,0.0191667,0.37781138404080733
5220,0.158764,0.0369135,0.0208333,0.3777882602416979
5243,0.140879,-0.0318453,0.0191667,0.21831948514140098
5244,0.140879,-0.0318453,0.0208333,0.2183074853609287
5267,0.392103,0.0272587,0.0191667,1.0660709007363507
5268,0.392103,0.0272587,0.0208333,1.0646409069570062
5291,0.109855,-0.0338315,0.0191667,0.4546092614612718
5292,0.109855,-0.0338315,0.0208333,0.45461177720954904
5315,0.228132,-0.0364936,0.0191667,0.5042663017662593
5316,0.228132,-0.0364936,0.0208333,0.504244956095383
5339,0.252498,-0.0353773,0.0191667,0.07157594849284221
5340,0.252498,-0.0353773,0.0208333,0.06778415176211915
5363,0.16884,-0.0318571,0.0191667,0.48804686762175087
5364,0.16884,-0.0318571,0.0208333,0.4880466426700553
5387,0.177404,-0.0363024,0.0191667,0.4054660953672932
5388,0.177404,-0.0363024,0.0208333,0.40546355902608117
5411,0.261482,-0.0293042,0.0191667,0.08571187029425971
5412,0.261482,-0.0293042,0.0208333,0.08392478309820049
5435,0.24357,-0.0351595,0.0191667,0.2861942172968785
5436,0.24357,-0.0351595,0.0208333,0.2860412565589239
5459,0.151021,-0.0317885,0.0191667,0.20014342798020524
5460,0.151021,-0.0317885,0.0208333,0.200138306157864
5483,0.210387,-0.027846,0.0191667,0.8159227436173729
5484,0.210387,-0.027846,0.0208333,0.8159258142705916
5507,0.142766,-0.0275693,0.0191667,0.26851264738283076
5508,0.142766,-0.0275693,0.0208333,0.2685210054656619
5531,0.193409,-0.0350747,0.0191667,0.6454561371904364
5532,0.193409,-0.0350747,0.0208333,0.6454530045852772
5555,0.254479,-0.0352975,0.0191667,0.08519981005779355
5556,0.254479,-0.0352975,0.0208333,0.07975085214702349
5579,0.247258,-0.0358841,0.0191667,0.10903617988380783
5580,0.247258,-0.0358841,0.0208333,0.11196377871030434
5603,0.141067,-0.0395059,0.0191667,0.6963694045382363
5604,0.141067,-0.0395059,0.0208333,0.6963734483141351
5627,0.126602,-0.0356762,0.0191667,0.6758541976140147
5628,0.126602,-0.0356762,0.0208333,0.6758557120480566
5651,0.145265,-0.0354445,0.0191667,0.4688908462200344
5652,0.145265,-0.0354445,0.0208333,0.4688898890291003
5675,0.24905,-0.0377259,0.0191667,0.06305004479220376
5676,0.24905,-0.0377259,0.0208333,0.058813704240253395
5699,0.233188,-0.0371503,0.0191667,0.4066656036042907
5700,0.233188,-0.0371503,0.0208333,0.40662000579516117
5723,0.18457,-0.0380901,0.0191667,0.43678654021577507
5724,0.18457,-0.0380901,0.0208333,0.4367790851910037
5747,0.22741,-0.035031,0.0191667,0.566833720277837
5748,0.22741,-0.035031,0.0208333,0.5668215283294117
5771,0.177459,-0.0371519,0.0191667,0.36452481480687926
5772,0.177459,-0.0371519,0.0208333,0.36452029904780187
5795,0.245977,-0.0211009,0.0191667,0.6649082234896874
5796,0.245977,-0.0211009,0.0208333,0.6649324446065967
5819,0.292222,-0.0327258,0.0191667,0.18173901296001363
5820,0.292222,-0.0327258,0.0208333,0.14474642210918376
5843,0.260805,-0.0328322,0.0191667,0.07465788317759886
5844,0.260805,-0.0328322,0.0208333,0.06950737080713096
5867,0.244247,-0.0332684,0.0191667,0.3976856978274959
5868,0.244247,-0.0332684,0.0208333,0.3976169263257796
5891,0.214839,-0.0368593,0.0191667,0.6117494728799908
5892,0.214839,-0.0368593,0.0208333,0.6117395103642521
5915,0.249106,-0.0307476,0.0191667,0.4166583722714388
5916,0.249106,-0.0307476,0.0208333,0.41669260122823826
5939,0.225075,-0.0362973,0.0191667,0.5548167241205295
5940,0.225075,-0.0362973,0.0208333,0.5548021453730594
5963,0.234107,-0.0316848,0.0191667,0.5922567965033182
5964,0.234107,-0.0316848,0.0208333,0.5922510719654529
5987,0.176974,-0.0329787,0.0191667,0.565802796967652
5988,0.176974,-0.0329787,0.0208333,0.5658019552131547
6011,0.191115,-0.0343875,0.0191667,0.6553230380541568
6012,0.191115,-0.0343875,0.0208333,0.6553208670105699
6035,0.161707,-0.0301292,0.0191667,0.5015807091982717
6036,0.161707,-0.0301292,0.0208333,0.5015812729325926
6059,0.228942,-0.0304721,0.0191667,0.6680018122361492
6060,0.228942,-0.0304721,0.0208333,0.6680028879988027
6083,0.252362,-0.034242,0.0191667,0.05927896761390165
6084,0.252362,-0.034242,0.0208333,0.06354328066208104
6107,0.238499,0.0313771,0.0191667,0.3248529072753279
6108,0.238499,0.0313771,0.0208333,0.32485277624885267
6131,0.298809,-0.0203722,0.0191667,0.14410180743727677
6132,0.298809,-0.0203722,0.0208333,0.15479296953867122
6155,0.294719,-0.0058358,0.0191667,0.2176331135013466
6156,0.294719,-0.0058358,0.0208333,0.19644887311524595
6179,0.243479,-0.0304265,0.0191667,0.5098726693550856
6180,0.243479,-0.0304265,0.0208333,0.5098942437550003
6203,0.250016,-0.029601,0.0191667,0.4229545350118645
6204,0.250016,-0.029601,0.0208333,0.4229864831200146
6227,0.288678,-0.0314356,0.0191667,0.19515467928507377
6228,0.288678,-0.0314356,0.0208333,0.14759960022845592
6251,0.280668,-0.0343084,0.0191667,0.17739906708153794
6252,0.280668,-0.0343084,0.0208333,0.14637986570672074
6275,0.182916,0.0311821,0.0191667,0.4350214146655873
6276,0.182916,0.0311821,0.0208333,0.4350225894354669
6299,0.158704,0.0339943,0.0191667,0.3502178837479571
6300,0.158704,0.0339943,0.0208333,0.35020806572840735
6323,0.120841,-0.0341673,0.0191667,0.5668975633296274
6324,0.120841,-0.0341673,0.0208333,0.5668932045580191
6347,0.182846,-0.0354868,0.0191667,0.5262809440498264
6348,0.182846,-0.0354868,0.0208333,0.526277577445281
6371,0.110459,-0.0356793,0.0191667,0.4953931807523968
6372,0.110459,-0.0356793,0.0208333,0.4954006282262371
6395,0.23221,-0.0296783,0.0191667,0.6528863082147557
6396,0.23221,-0.0296783,0.0208333,0.6528879255240374
6419,0.212922,-0.0355293,0.0191667,0.655309722276046
6420,0.212922,-0.0355293,0.0208333,0.6553038308496645
6443,0.282762,-0.0378776,0.0191667,0.18646731195255106
6444,0.282762,-0.0378776,0.0208333,0.18334484779200533
6467,0.158547,-0.0355485,0.0191667,0.11584805528416262
6468,0.158547,-0.0355485,0.0208333,0.11584261322303464
6491,0.257299,-0.0179262,0.0191667,0.6127471597844096
6492,0.257299,-0.0179262,0.0208333,0.6127717381463414
6515,0.181699,-0.0339663,0.0191667,0.58368146749435
6516,0.181699,-0.0339663,0.0208333,0.5836800199069507
6539,0.117119,-0.0329579,0.0191667,0.46943294961508625
6540,0.117119,-0.0329579,0.0208333,0.46942285080173085
6563,0.281578,-0.0322366,0.0191667,0.18534594436709423
6564,0.281578,-0.0322366,0.0208333,0.14688964553011521
6587,0.161697,-0.0367014,0.0191667,0.08518586969825512
6588,0.161697,-0.0367014,0.0208333,0.08517878222534589
6611,0.214567,-0.0262014,0.0191667,0.8131063509659102
6612,0.214567,-0.0262014,0.0208333,0.8131104016797874
6635,0.281119,-0.0290229,0.0191667,0.19181306852470298
6636,0.281119,-0.0290229,0.0208333,0.15693681471856755
6659,0.147033,-0.0258831,0.0191667,0.578553441244675
6660,0.147033,-0.0258831,0.0208333,0.578559140811329
6683,0.233912,-0.0301206,0.0191667,0.6411280840863685
6684,0.233912,-0.0301206,0.0208333,0.6411295560020873
6707,0.265974,-0.0283877,0.0191667,0.06309775418594547
6708,0.265974,-0.0283877,0.0208333,0.06160660360480847
6731,0.174057,-0.0376803,0.0191667,0.26344361154871376
6732,0.174057,-0.0376803,0.0208333,0.2634398938800198
6755,0.272318,-0.0352779,0.0191667,0.15800708875051017
6756,0.272318,-0.0352779,0.0208333,0.1427642347622471
6779,0.149051,-0.0157449,0.0191667,1.0064725666012126
6780,0.149051,-0.0157449,0.0208333,1.0064730960547301
6803,0.290796,-0.0342641,0.0191667,0.17721052366561077
6804,0.290796,-0.0342641,0.0208333,0.14510540149108855
6827,0.00786612,-0.00278821,0.0191667,1.1622501769177886
6828,0.00786612,-0.00278821,0.0208333,1.1622501769174174
6851,0.220316,-0.0300667,0.0191667,0.743672971622001
6852,0.220316,-0.0300667,0.0208333,0.7436752479173689
6875,0.152879,-0.0300058,0.0191667,0.3583739799108727
6876,0.152879,-0.0300058,0.0208333,0.35838227533016415
6899,0.217617,-0.0283211,0.0191667,0.7799072253372765
6900,0.217617,-0.0283211,0.0208333,0.7799103789208379
6923,0.150149,-0.028055,0.0191667,0.462967467544113
6924,0.150149,-0.028055,0.0208333,0.46297552907864814
6947,0.152255,-0.0314075,0.0191667,0.2607965300997713
6948,0.152255,-0.0314075,0.0208333,0.2608002481582531
6971,0.118686,-0.0369334,0.0191667,0.6820232384420252
6972,0.118686,-0.0369334,0.0208333,0.6820300776746959
6995,0.125908,-0.0326837,0.0191667,0.47499492848446667
6996,0.125908,-0.0326837,0.0208333,0.4749820240822181
7019,0.118513,-0.0326381,0.0191667,0.4767931139158586
7020,0.118513,-0.0326381,0.0208333,0.4767828952365033
7043,0.235715,-0.0381463,0.0191667,0.29693686323676893
7044,0.235715,-0.0381463,0.0208333,0.2968355709765991
7067,0.244586,-0.0365885,0.0191667,0.1666953718068369
7068,0.244586,-0.0365885,0.0208333,0.166652782198798
7091,0.231419,-0.0308605,0.0191667,0.6493436653835244
7092,0.231419,-0.0308605,0.0208333,0.6493433173408889
7115,0.274507,-0.0367906,0.0191667,0.16884829391145767
7116,0.274507,-0.0367906,0.0208333,0.15846549945401364
7139,0.161999,-0.0376368,0.0191667,0.11945763670418733
7140,0.161999,-0.0376368,0.0208333,0.11946190791817281
7163,0.269766,-0.0364777,0.0191667,0.15470747912496022
7164,0.269766,-0.0364777,0.0208333,0.14424236148106978
7187,0.203874,-0.0308367,0.0191667,0.7828090752772172
7188,0.203874,-0.0308367,0.0208333,0.7828090926624
7211,0.193202,-0.0370019,0.0191667,0.5830248131558536
7212,0.193202,-0.0370019,0.0208333,0.5830186424234959
7235,0.261435,-0.0317794,0.0191667,0.06264249979199425
7236,0.261435,-0.0317794,0.0208333,0.05782070418509273
7259,0.22572,-0.0355298,0.0191667,0.569115230002414
7260,0.22572,-0.0355298,0.0208333,0.5691028010292569
7283,0.107396,-0.0382909,0.0191667,0.3520997099331205
7284,0.107396,-0.0382909,0.0208333,0.35211804122498486
7307,0.268028,-0.0316138,0.0191667,0.10494364453501508
7308,0.268028,-0.0316138,0.0208333,0.09852191902553309
7331,0.218209,-0.0350831,0.0191667,0.6438594647373835
7332,0.218209,-0.0350831,0.0208333,0.6438527027043925
7355,0.245049,-0.03096,0.0191667,0.484503578308609
7356,0.245049,-0.03096,0.0208333,0.48451451392358197
7379,0.251661,-0.0301534,0.0191667,0.3689605129869206
7380,0.251661,-0.0301534,0.0208333,0.36932525758199913
7403,0.192424,-0.0303416,0.0191667,0.7680325230794843
7404,0.192424,-0.0303416,0.0208333,0.768032360480355
7427,0.101747,-0.0359784,0.0191667,0.19128465841314116
7428,0.101747,-0.0359784,0.0208333,0.1913067595609755
7451,0.128019,-0.0312209,0.0191667,0.3494818045925723
7452,0.128019,-0.0312209,0.0208333,0.3494583209968531
7475,0.288786,-0.0341392,0.0191667,0.18233006906467733
7476,0.288786,-0.0341392,0.0208333,0.14668225872262125
7499,0.215227,-0.0362039,0.0191667,0.6259775242010546
7500,0.215227,-0.0362039,0.0208333,0.6259696249070402
7523,0.221398,-0.0376494,0.0191667,0.5364235439017112
7524,0.221398,-0.0376494,0.0208333,0.5364055709498806
7547,0.244671,-0.037502,0.0191667,0.06925365097856141
7548,0.244671,-0.037502,0.0208333,0.07039844354231135
7571,0.240031,-0.0307018,0.0191667,0.5510366882008816
7572,0.240031,-0.0307018,0.0208333,0.5510391226119504
7595,0.249499,-0.0383511,0.0191667,0.06407207829493593
7596,0.249499,-0.0383511,0.0208333,0.05898921873731369
7619,0.290152,0.00142399,0.0191667,0.27795719784315714
7620,0.290152,0.00142399,0.0208333,0.27398055828773693
7643,0.269972,-0.0373689,0.0191667,0.161740577386134
7644,0.269972,-0.0373689,0.0208333,0.1527953170414136
7667,0.176377,-0.0299799,0.0191667,0.6791668331457678
7668,0.176377,-0.0299799,0.0208333,0.6791673198607863
7691,0.246438,-0.0300522,0.0191667,0.48383734722503635
7692,0.246438,-0.0300522,0.0208333,0.48385972515519987
7715,0.253023,-0.0291421,0.0191667,0.36871438350583774
7716,0.253023,-0.0291421,0.0208333,0.36907731958311507
7739,0.260114,-0.0282811,0.0191667,0.17769269983949817
7740,0.260114,-0.0282811,0.0208333,0.1794359312171339
7763,0.267469,-0.0271841,0.0191667,0.059943169427383466
7764,0.267469,-0.0271841,0.0208333,0.05879605356862057
7787,0.275411,-0.0264071,0.0191667,0.1270186007562046
7788,0.275411,-0.0264071,0.0208333,0.12099916943603374
7811,0.282708,-0.0341715,0.0191667,0.18015438517382806
7812,0.282708,-0.0341715,0.0208333,0.14662810141876795
7835,0.116824,-0.0376408,0.0191667,0.6739177600215293
7836,0.116824,-0.0376408,0.0208333,0.673927786635887
7859,0.291104,0.0319489,0.0191667,0.8478400031895929
7860,0.291104,0.0319489,0.0208333,0.8479813541813477
7883,0.173848,-0.0329413,0.0191667,0.5133664035803489
7884,0.173848,-0.0329413,0.0208333,0.5133656348434478
7907,0.146355,-0.0383537,0.0191667,0.57882381613034
7908,0.146355,-0.0383537,0.0208333,0.5788317314930898
7931,0.188888,-0.0331363,0.0191667,0.6807065294182868
7932,0.188888,-0.0331363,0.0208333,0.6807052934017194
7955,0.176505,-0.0359534,0.0191667,0.4014876007153673
7956,0.176505,-0.0359534,0.0208333,0.40148404103646373
7979,0.289963,-0.0322281,0.0191667,0.19139110685047517
7980,0.289963,-0.0322281,0.0208333,0.14769923396829113
8003,0.192648,-0.0365029,0.0191667,0.5815283314270927
8004,0.192648,-0.0365029,0.0208333,0.5815221660151413
8027,0.219914,-0.0216322,0.0191667,0.8100387328453987
8028,0.219914,-0.0216322,0.0208333,0.8100444106056768
8051,0.152473,-0.0212379,0.0191667,0.7866694984541467
8052,0.152473,-0.0212379,0.0208333,0.786670131646108
8075,0.194959,-0.0357428,0.0191667,0.6320407864406279
8076,0.194959,-0.0357428,0.0208333,0.6320356723855387
8099,0.184731,-0.0355044,0.0191667,0.5489016874653296
8100,0.184731,-0.0355044,0.0208333,0.5488983745414324
8123,0.206235,-0.0275178,0.0191667,0.8331232458173349
8124,0.206235,-0.0275178,0.0208333,0.8331262713728365
8147,0.138559,-0.0271574,0.0191667,0.21212491476765313
8148,0.138559,-0.0271574,0.0208333,0.21212908260118155
8171,0.191297,-0.0361608,0.0191667,0.5877200609582851
8172,0.191297,-0.0361608,0.0208333,0.5877148829547179
8195,0.278834,-0.0355484,0.0191667,0.17392219140258783
8196,0.278834,-0.0355484,0.0208333,0.15435896086129888
8219,0.178217,-0.0357501,0.0191667,0.44103560071632547
8220,0.178217,-0.0357501,0.0208333,0.44103209201352944
8243,0.219451,-0.0363292,0.0191667,0.5924266599699912
8244,0.219451,-0.0363292,0.0208333,0.5924148056387255
8267,0.13627,-0.0303108,0.0191667,0.20241201633317746
8268,0.13627,-0.0303108,0.0208333,0.20239503666278877
8291,0.278871,-0.0380656,0.0191667,0.18210813890150546
8292,0.278871,-0.0380656,0.0208333,0.17726862480703234
8315,0.228966,-0.0369514,0.0191667,0.49252747376517814
8316,0.228966,-0.0369514,0.0208333,0.4925032576904224
8339,0.245469,-0.0348914,0.0191667,0.2533151869186094
8340,0.245469,-0.0348914,0.0208333,0.25320994000872576
8363,0.171555,-0.0363718,0.0191667,0.28022578849105323
8364,0.171555,-0.0363718,0.0208333,0.2802240211327223
8387,0.158327,-0.0294866,0.0191667,0.4944403153323701
8388,0.158327,-0.0294866,0.0208333,0.49444196339577573
8411,0.22565,-0.0297451,0.0191667,0.7152148377446614
8412,0.22565,-0.0297451,0.0208333,0.7152183520531885
8435,0.164019,-0.0354873,0.0191667,0.2335407332642477
8436,0.164019,-0.0354873,0.0208333,0.23354365826065498
8459,0.221644,-0.0136798,0.0191667,0.7434388216952119
8460,0.221644,-0.0136798,0.0208333,0.743439672685217
8483,0.203296,-0.0293112,0.0191667,0.8152752619390392
8484,0.203296,-0.0293112,0.0208333,0.8152772599586371
8507,0.246463,-0.0330256,0.0191667,0.3503677169329459
8508,0.246463,-0.0330256,0.0208333,0.35031228599987196
8531,0.253232,-0.0323113,0.0191667,0.16572480391063857
8532,0.253232,-0.0323113,0.0208333,0.1685986982593875
8555,0.116145,-0.0320023,0.0191667,0.43390443525054323
8556,0.116145,-0.0320023,0.0208333,0.43389217986812356
8579,0.116793,-0.0341217,0.0191667,0.5516071609142237
8580,0.116793,-0.0341217,0.0208333,0.5516059398892108
8603,0.135631,-0.0290197,0.0191667,0.1634632978717853
8604,0.135631,-0.0290197,0.0208333,0.1634588322975669
8627,0.200676,-0.0309928,0.0191667,0.7764385824509571
8628,0.200676,-0.0309928,0.0208333,0.7764385486400238
8651,0.208958,-0.0322817,0.0191667,0.7459762941892535
8652,0.208958,-0.0322817,0.0208333,0.7459753869433028
8675,0.27268,-0.0370644,0.0191667,0.1660236478638209
8676,0.27268,-0.0370644,0.0208333,0.15645670347737867
8699,0.173905,-0.0395257,0.0191667,0.18148238336337222
8700,0.173905,-0.0395257,0.0208333,0.18147508664546327
8723,0.197743,-0.0295117,0.0191667,0.8070725384433395
8724,0.197743,-0.0295117,0.0208333,0.8070734576281491
8747,0.235157,-0.0289464,0.0191667,0.6354018871627286
8748,0.235157,-0.0289464,0.0208333,0.6354058392302825
8771,0.196044,-0.0296726,0.0191667,0.8037491706734439
8772,0.196044,-0.0296726,0.0208333,0.8037500693921255
8795,0.167964,-0.0284629,0.0191667,0.6595126360574918
8796,0.167964,-0.0284629,0.0208333,0.6595137256470323
8819,0.108812,-0.0355463,0.0191667,0.45017214883346585
8820,0.108812,-0.0355463,0.0208333,0.45018101380689357
8843,0.140313,-0.0390851,0.0191667,0.7091362375284752
8844,0.140313,-0.0390851,0.0208333,0.7091403477413095
8867,0.254417,-0.0341989,0.0191667,0.04804241404061624
8868,0.254417,-0.0341989,0.0208333,0.04471165470500952
8891,0.251379,-0.0335967,0.0191667,0.14030770231253342
8892,0.251379,-0.0335967,0.0208333,0.14296368084170888
8915,0.178182,-0.03467,0.0191667,0.504256078314668
8916,0.178182,-0.03467,0.0208333,0.5042535359942815
8939,0.110742,-0.0310932,0.0191667,0.4047784609306291
8940,0.110742,-0.0310932,0.0208333,0.4047711346578365
8963,0.204574,-0.0378701,0.0191667,0.5815325433213231
8964,0.204574,-0.0378701,0.0208333,0.5815213650376235
8987,0.278087,-0.00425564,0.0191667,0.49347980986408146
8988,0.278087,-0.00425564,0.0208333,0.49282632581610586
9011,0.27622,-0.0364193,0.0191667,0.17105552951535943
9012,0.27622,-0.0364193,0.0208333,0.15803396027680253
9035,0.243683,-0.036238,0.0191667,0.1948237185932629
9036,0.243683,-0.036238,0.0208333,0.19461450500372499
9059,0.277088,0.0331351,0.0191667,0.36794610565118224
9060,0.277088,0.0331351,0.0208333,0.3679734253151125
9083,0.214264,-0.0336038,0.0191667,0.706059413626682
9084,0.214264,-0.0336038,0.0208333,0.7060575930272961
9107,0.10799,-0.0353672,0.0191667,0.4387123474107111
9108,0.10799,-0.0353672,0.0208333,0.4387214577232311
9131,0.146708,-0.0334508,0.0191667,0.28610784630312047
9132,0.146708,-0.0334508,0.0208333,0.2860983853432529
9155,0.182097,-0.0392357,0.0191667,0.32311021657504085
9156,0.182097,-0.0392357,0.0208333,0.32309886654860587
9179,0.195334,-0.0349358,0.0191667,0.6650342643958898
9180,0.195334,-0.0349358,0.0208333,0.6650311574793677
9203,0.210748,-0.0333214,0.0191667,0.7256047425355712
9204,0.210748,-0.0333214,0.0208333,0.7256038619439847
9227,0.172572,-0.0225873,0.0191667,0.8406001407375495
9228,0.172572,-0.0225873,0.0208333,0.8406026629437432
9251,0.182799,-0.0344333,0.0191667,0.5858075946207825
9252,0.182799,-0.0344333,0.0208333,0.5858051965546653
9275,0.111564,-0.0321916,0.0191667,0.42208345864313773
9276,0.111564,-0.0321916,0.0208333,0.42207623516045656
9299,0.245492,-0.0359347,0.0191667,0.16991470849000567
9300,0.245492,-0.0359347,0.0208333,0.1698804963698011
9323,0.229701,-0.0383255,0.0191667,0.3984739127994023
9324,0.229701,-0.0383255,0.0208333,0.39843553266969545
9347,0.205128,-0.031239,0.0191667,0.782122032893589
9348,0.205128,-0.031239,0.0208333,0.7821230620267484
9371,0.17978,-0.0373556,0.0191667,0.4067019363352189
9372,0.17978,-0.0373556,0.0208333,0.40669748749654466
9395,0.202666,-0.037844,0.0191667,0.5803048089859751
9396,0.202666,-0.037844,0.0208333,0.5802946126370682
9419,0.29074,-0.0272893,0.0191667,0.215995211392776
9420,0.29074,-0.0272893,0.0208333,0.1614599439818124
9443,0.168038,-0.0358521,0.0191667,0.24851456965664803
9444,0.168038,-0.0358521,0.0208333,0.2485150102964419
9467,0.144855,-0.0344534,0.0191667,0.38905947766411364
9468,0.144855,-0.0344534,0.0208333,0.38905462346744946
9491,0.189418,-0.0321792,0.0191667,0.7148521737274967
9492,0.189418,-0.0321792,0.0208333,0.7148509492535368
9515,0.251142,-0.0323445,0.0191667,0.24156496064338723
9516,0.251142,-0.0323445,0.0208333,0.2427377428862063
9539,0.201221,-0.0384926,0.0191667,0.5478168165725857
9540,0.201221,-0.0384926,0.0208333,0.5478055058999592
9563,0.282821,-0.0298459,0.0191667,0.19862413832042167
9564,0.282821,-0.0298459,0.0208333,0.1557583219493854
9587,0.270545,-0.0357233,0.0191667,0.1541377671661621
9588,0.270545,-0.0357233,0.0208333,0.14182709611240585
9611,0.212463,-0.0345563,0.0191667,0.6905640058555801
9612,0.212463,-0.0345563,0.0208333,0.6905611438623178
9635,0.106157,-0.0357993,0.0191667,0.36898169055155633
9636,0.106157,-0.0357993,0.0208333,0.3689962252477693
9659,0.23114,-0.0357325,0.0191667,0.4949249711610134
9660,0.23114,-0.0357325,0.0208333,0.4949006234921609
9683,0.133484,-0.0316387,0.0191667,0.33480398889358665
9684,0.133484,-0.0316387,0.0208333,0.33478660325937915
9707,0.175311,-0.0310258,0.0191667,0.6337897583311091
9708,0.175311,-0.0310258,0.0208333,0.6337889765434033
9731,0.203187,-0.0353747,0.0191667,0.6710319614596186
9732,0.203187,-0.0353747,0.0208333,0.6710269593994396
9755,0.254588,-0.0379781,0.0191667,0.09115016105162074
9756,0.254588,-0.0379781,0.0208333,0.08302365793957828
9779,0.145689,-0.0380062,0.0191667,0.5947902461829354
9780,0.145689,-0.0380062,0.0208333,0.5947972612088731
9803,0.25456,-0.037151,0.0191667,0.0978401315104518
9804,0.25456,-0.037151,0.0208333,0.09090691198001667
9827,0.166606,-0.0306865,0.0191667,0.5189825034063875
9828,0.166606,-0.0306865,0.0208333,0.5189830515856628
9851,0.179293,-0.0327547,0.0191667,0.6156497802712306
9852,0.179293,-0.0327547,0.0208333,0.6156492342021678
9875,0.209683,-0.0333926,0.0191667,0.7268894128741449
9876,0.209683,-0.0333926,0.0208333,0.7268885225330558
9899,0.125299,-0.0365833,0.0191667,0.7223147311962228
9900,0.125299,-0.0365833,0.0208333,0.7223195698211428
9923,0.186482,-0.0355791,0.0191667,0.5639201527069179
9924,0.186482,-0.0355791,0.0208333,0.5639168986481277
9947,0.117442,-0.0359803,0.0191667,0.6370537733108164
9948,0.117442,-0.0359803,0.0208333,0.63705837893866
9971,0.154619,-0.0132738,0.0191667,1.0074805099364192
9972,0.154619,-0.0132738,0.0208333,1.0074814950016475
9995,0.224746,-0.0144241,0.0191667,0.7359386438019814
9996,0.224746,-0.0144241,0.0208333,0.7359391153888936
10019,0.226528,-0.0282902,0.0191667,0.7219293166135926
10020,0.226528,-0.0282902,0.0208333,0.7219327516540951
10043,0.264299,-0.0358866,0.0191667,0.1280233110128916
10044,0.264299,-0.0358866,0.0208333,0.11979975742301192
10067,0.159227,-0.0280012,0.0191667,0.5919029410604453
10068,0.159227,-0.0280012,0.0208333,0.5919031481477313
10091,0.120574,-0.0310884,0.0191667,0.3824702802923338
10092,0.120574,-0.0310884,0.0208333,0.3824501510797831
10115,0.12024,0.0313921,0.0191667,0.2865528477574375
10116,0.12024,0.0313921,0.0208333,0.2865665225002635
10139,0.153606,-0.0365676,0.0191667,0.31099725225855296
10140,0.153606,-0.0365676,0.0208333,0.3110059700509527
10163,0.211375,-0.0184293,0.0191667,0.812060595453085
10164,0.211375,-0.0184293,0.0208333,0.8120643751153027
10187,0.257117,-0.0358056,0.0191667,0.09675800133782218
10188,0.257117,-0.0358056,0.0208333,0.09045479332766174
10211,0.124203,-0.0381261,0.0191667,0.7764171997083011
10212,0.124203,-0.0381261,0.0208333,0.7764254775520943
10235,0.170426,-0.0337175,0.0191667,0.4153226148215224
10236,0.170426,-0.0337175,0.0208333,0.4153215938584391
10259,0.214727,-0.0382994,0.0191667,0.5535347709431181
10260,0.214727,-0.0382994,0.0208333,0.5535205909269215
10283,0.146142,-0.0357382,0.0191667,0.453511248181874
10284,0.146142,-0.0357382,0.0208333,0.45351113485699346
10307,0.143116,-0.0352694,0.0191667,0.4840837590263697
10308,0.143116,-0.0352694,0.0208333,0.4840819106972586
10331,0.2746,-0.0374835,0.0191667,0.17585435619426662
10332,0.2746,-0.0374835,0.0208333,0.16989723713742844
10355,0.200353,-0.0152204,0.0191667,0.8020828530322355
10356,0.200353,-0.0152204,0.0208333,0.8020868902649066
10379,0.256312,-0.0352556,0.0191667,0.09161824519461176
10380,0.256312,-0.0352556,0.0208333,0.08556884636016777
10403,0.289631,-0.0358141,0.0191667,0.1748223326894193
10404,0.289631,-0.0358141,0.0208333,0.15274303882789553
10427,0.15824,-0.0345245,0.0191667,0.12168236731783287
10428,0.15824,-0.0345245,0.0208333,0.1216722499868302
10451,0.225414,-0.0345748,0.0191667,0.6108709386600298
10452,0.225414,-0.0345748,0.0208333,0.6108645284176644
10475,0.287915,-0.0357857,0.0191667,0.17837553423191196
10476,0.287915,-0.0357857,0.0208333,0.1552280477838976
10499,0.157673,-0.0142337,0.0191667,0.9927929353369344
10500,0.157673,-0.0142337,0.0208333,0.992794335129282
10523,0.283548,-0.0357375,0.0191667,0.17909259019180554
10524,0.283548,-0.0357375,0.0208333,0.1563581319576123
10547,0.169754,-0.0355369,0.0191667,0.29234075882777677
10548,0.169754,-0.0355369,0.0208333,0.2923400572813208
10571,0.277018,-0.0358037,0.0191667,0.17132767988528766
10572,0.277018,-0.0358037,0.0208333,0.1547783134079513
10595,0.2934,-0.0325138,0.0191667,0.18315574193554512
10596,0.2934,-0.0325138,0.0208333,0.14650087731699768
10619,0.177924,-0.0305873,0.0191667,0.6781236860222605
10620,0.177924,-0.0305873,0.0208333,0.6781232369419455
10643,0.156755,-0.0361421,0.0191667,0.19294992614746576
10644,0.156755,-0.0361421,0.0208333,0.19295333223306638
10667,0.277458,-0.0271864,0.0191667,0.15986983774739874
10668,0.277458,-0.0271864,0.0208333,0.14686159196610934
10691,0.230908,-0.0390554,0.0191667,0.311476863861395
10692,0.230908,-0.0390554,0.0208333,0.31142562675049096
10715,0.143776,-0.0180032,0.0191667,0.9272306203719617
10716,0.143776,-0.0180032,0.0208333,0.9272329003247911
10739,0.231594,-0.0390628,0.0191667,0.3005213006726074
10740,0.231594,-0.0390628,0.0208333,0.300467273774333
10763,0.279958,-0.0301006,0.0191667,0.1870961688492763
10764,0.279958,-0.0301006,0.0208333,0.154351019067426
10787,0.170688,0.0364112,0.0191667,0.42734148139663075
10788,0.170688,0.0364112,0.0208333,0.42732385272235857
10811,0.143002,-0.0384104,0.0191667,0.6500751184518928
10812,0.143002,-0.0384104,0.0208333,0.6500802582659745
10835,0.148472,-0.0363222,0.0191667,0.44321639769868953
10836,0.148472,-0.0363222,0.0208333,0.4432205333411417
10859,0.130317,-0.029386,0.0191667,0.1950406861446391
10860,0.130317,-0.029386,0.0208333,0.1950133744445465
10883,0.119262,-0.0335208,0.0191667,0.514913041334839
10884,0.119262,-0.0335208,0.0208333,0.5149052339193892
10907,0.273428,-0.0383157,0.0191667,0.17187407405306945
10908,0.273428,-0.0383157,0.0208333,0.16486275862955707
10931,0.294778,-0.0136816,0.0191667,0.1828113810943126
10932,0.294778,-0.0136816,0.0208333,0.1518369135480895
10955,0.210799,-0.0353228,0.0191667,0.6701382396140056
10956,0.210799,-0.0353228,0.0208333,0.670133326173448
10979,0.156437,-0.0352022,0.0191667,0.1659310590010276
10980,0.156437,-0.0352022,0.0208333,0.16592921261550814
11003,0.195008,-0.0284377,0.0191667,0.8107060842694165
11004,0.195008,-0.0284377,0.0208333,0.8107069677612732
11027,0.265452,-0.0368701,0.0191667,0.14146275099040878
11028,0.265452,-0.0368701,0.0208333,0.13229477180739382
11051,0.130373,-0.0375123,0.0191667,0.7522425543019918
11052,0.130373,-0.0375123,0.0208333,0.7522467623811359
11075,0.124655,-0.0358342,0.0191667,0.6819508377823599
11076,0.124655,-0.0358342,0.0208333,0.681953370180493
11099,0.207855,-0.035547,0.0191667,0.664128307548129
11100,0.207855,-0.035547,0.0208333,0.6641223481426757
11123,0.106391,-0.0348185,0.0191667,0.39153951962522887
11124,0.106391,-0.0348185,0.0208333,0.3915514972642893
11147,0.229423,-0.0333418,0.0191667,0.6139439408658651
11148,0.229423,-0.0333418,0.0208333,0.6139391504803899
11171,0.162253,-0.0329906,0.0191667,0.3587517424494246
11172,0.162253,-0.0329906,0.0208333,0.3587563478532264
11195,0.212311,-0.0362613,0.0191667,0.6382337791305361
11196,0.212311,-0.0362613,0.0208333,0.6382258323921294
11219,0.295879,-0.028802,0.0191667,0.1928036297575593
11220,0.295879,-0.028802,0.0208333,0.16591772537465668
11243,0.24058,-0.0153144,0.0191667,0.7115654268789601
11244,0.24058,-0.0153144,0.0208333,0.7115713349391062
11267,0.255414,-0.0357573,0.0191667,0.09126948713289945
11268,0.255414,-0.0357573,0.0208333,0.08519402582933853
11291,0.107734,-0.0333468,0.0191667,0.4210261632768229
11292,0.107734,-0.0333468,0.0208333,0.4210304459635683
11315,0.147163,-0.0377746,0.0191667,0.5495527442655705
11316,0.147163,-0.0377746,0.0208333,0.5495606027495774
11339,0.172396,-0.0395305,0.0191667,0.14190479310545365
11340,0.172396,-0.0395305,0.0208333,0.1418969397335418
11363,0.173167,-0.0390562,0.0191667,0.17589972176228705
11364,0.173167,-0.0390562,0.0208333,0.17589259274731298
11387,0.250753,-0.0358643,0.0191667,0.06064654157542704
11388,0.250753,-0.0358643,0.0208333,0.057067478348180066
11411,0.170796,-0.02165,0.0191667,0.8455224329989253
11412,0.170796,-0.02165,0.0208333,0.845524927302759
11435,0.271038,-0.0270067,0.0191667,0.07750088138823197
11436,0.271038,-0.0270067,0.0208333,0.07662505408349478
11459,0.229083,-0.0378373,0.0191667,0.42317048909757465
11460,0.229083,-0.0378373,0.0208333,0.4231360907140985
11483,0.118807,-0.0250735,0.0191667,0.09905191470231356
11484,0.118807,-0.0250735,0.0208333,0.09905895859792843
11507,0.143571,-0.0361309,0.0191667,0.5402704194771921
11508,0.143571,-0.0361309,0.0208333,0.5402710011348633
11531,0.216087,-0.0363445,0.0191667,0.622280114045639
11532,0.216087,-0.0363445,0.0208333,0.6222712181957781
11555,0.202647,-0.0362315,0.0191667,0.6442422658338548
11556,0.202647,-0.0362315,0.0208333,0.6442362259487662
11579,0.233357,-0.0379812,0.0191667,0.32872862450142676
11580,0.233357,-0.0379812,0.0208333,0.32866476467215283
11603,0.235066,0.0364463,0.0191667,0.4422580566561726
11604,0.235066,0.0364463,0.0208333,0.4422118531455171
11627,0.117712,-0.0349789,0.0191667,0.582702881170919
11628,0.117712,-0.0349789,0.0208333,0.5827029199735233
11651,0.186432,0.0310246,0.0191667,0.44704042737517863
11652,0.186432,0.0310246,0.0208333,0.4470405147072847
11675,0.247985,-0.0364366,0.0191667,0.031360725752923826
11676,0.247985,-0.0364366,0.0208333,0.0358282093381235
11699,0.274443,0.031767,0.0191667,0.35517154668752493
11700,0.274443,0.031767,0.0208333,0.35520491918202385
11723,0.268806,-0.0362332,0.0191667,0.15149615590152773
11724,0.268806,-0.0362332,0.0208333,0.14138380011591464
11747,0.117535,-0.0376002,0.0191667,0.6817962871329015
11748,0.117535,-0.0376002,0.0208333,0.6818063258485363
11771,0.20646,-0.0308394,0.0191667,0.7841513693376111
11772,0.20646,-0.0308394,0.0208333,0.7841524248410278
11795,0.18916,-0.0342299,0.0191667,0.645126863628808
11796,0.18916,-0.0342299,0.0208333,0.6451246391741295
11819,0.120133,-0.0368962,0.0191667,0.7016633502816049
11820,0.120133,-0.0368962,0.0208333,0.7016702221394371
11843,0.223778,-0.0353159,0.0191667,0.5983205240656764
11844,0.223778,-0.0353159,0.0208333,0.5983119532823918
11867,0.126228,-0.0365111,0.0191667,0.7207343940286002
11868,0.126228,-0.0365111,0.0208333,0.720738252718209
11891,0.284028,-0.0323379,0.0191667,0.18769877950695363
11892,0.284028,-0.0323379,0.0208333,0.14501689933693934
11915,0.251726,-0.0360304,0.0191667,0.06785873703591896
11916,0.251726,-0.0360304,0.0208333,0.06384650320471748
11939,0.224157,-0.036213,0.0191667,0.5601842566479653
11940,0.224157,-0.036213,0.0208333,0.5601696451930451
11963,0.180563,-0.0302981,0.0191667,0.7155306733208173
11964,0.180563,-0.0302981,0.0208333,0.7155312759255389
11987,0.23089,-0.0347452,0.0191667,0.5494150568509704
11988,0.23089,-0.0347452,0.0208333,0.549400679796724
12011,0.132302,-0.0145722,0.0191667,0.9143433043516281
12012,0.132302,-0.0145722,0.0208333,0.9143483543257559
12035,0.163728,-0.0344554,0.0191667,0.2807727616183479
12036,0.163728,-0.0344554,0.0208333,0.28077743171622893
12059,0.287583,-0.0322035,0.0191667,0.19307200076297962
12060,0.287583,-0.0322035,0.0208333,0.14665044746856382
12083,0.253746,-0.0391918,0.0191667,0.037454445468265596
12084,0.253746,-0.0391918,0.0208333,0.033061891875242846
12107,0.182019,-0.0359952,0.0191667,0.49750190611744555
12108,0.182019,-0.0359952,0.0208333,0.4974985195493471
12131,0.296672,0.0315689,0.0191667,1.1467823917460243
12132,0.296672,0.0315689,0.0208333,1.1469046858815948
12155,0.236857,-0.0294824,0.0191667,0.6253938803027935
12156,0.236857,-0.0294824,0.0208333,0.6253996521031652
12179,0.169751,-0.0291606,0.0191667,0.6498327541606891
12180,0.169751,-0.0291606,0.0208333,0.6498335534563527
12203,0.117262,-0.0258238,0.0191667,0.12489915064425577
12204,0.117262,-0.0258238,0.0208333,0.12487747815865358
12227,0.110324,-0.0366313,0.0191667,0.49317763458325736
12228,0.110324,-0.0366313,0.0208333,0.4931890982574624
12251,0.285356,-0.0344411,0.0191667,0.18126211676853496
12252,0.285356,-0.0344411,0.0208333,0.14805272671681396
12275,0.210952,-0.0369259,0.0191667,0.6185341645444147
12276,0.210952,-0.0369259,0.0208333,0.6185251406367933
12299,0.115628,-0.0355202,0.0191667,0.5981208024245876
12300,0.115628,-0.0355202,0.0208333,0.5981263753941549
12323,0.272454,-0.0280035,0.0191667,0.11027166064839553
12324,0.272454,-0.0280035,0.0208333,0.10646510575254034
12347,0.109267,-0.0314843,0.0191667,0.41124620119823696
12348,0.109267,-0.0314843,0.0208333,0.41124254245645275
12371,0.133013,-0.0303843,0.0191667,0.21804414162203486
12372,0.133013,-0.0303843,0.0208333,0.2180245474223123
12395,0.278986,-0.0372549,0.0191667,0.17913456270460484
12396,0.278986,-0.0372549,0.0208333,0.17153951932669073
12419,0.138135,-0.0229333,0.0191667,0.4401198119233673
12420,0.138135,-0.0229333,0.0208333,0.44013061634753525
12443,0.275303,-0.0361766,0.0191667,0.168898757223995
12444,0.275303,-0.0361766,0.0208333,0.15635723042597038
12467,0.205847,-0.0233076,0.0191667,0.8571295521806325
12468,0.205847,-0.0233076,0.0208333,0.8571335489141894
12491,0.171658,-0.0390796,0.0191667,0.13829553078835521
12492,0.171658,-0.0390796,0.0208333,0.13828899200342593
12515,0.136446,0.0310931,0.0191667,0.31488589660939487
12516,0.136446,0.0310931,0.0208333,0.3148829925797511
12539,0.271243,-0.0306889,0.0191667,0.12283422180275418
12540,0.271243,-0.0306889,0.0208333,0.1144042563905841
12563,0.119352,-0.0364312,0.0191667,0.688469330749925
12564,0.119352,-0.0364312,0.0208333,0.688476143170201
12587,0.217896,-0.0339992,0.0191667,0.6840808818402735
12588,0.217896,-0.0339992,0.0208333,0.6840791552154044
12611,0.130595,-0.0339167,0.0191667,0.5650068456614217
12612,0.130595,-0.0339167,0.0208333,0.5650038044312435
12635,0.128996,-0.038094,0.0191667,0.7755493770498733
12636,0.128996,-0.038094,0.0208333,0.7755547268384859
12659,0.163292,-0.0362483,0.0191667,0.11436625966661496
12660,0.163292,-0.0362483,0.0208333,0.11435885018436527
12683,0.291734,-0.0301959,0.0191667,0.20099211988543234
12684,0.291734,-0.0301959,0.0208333,0.15619347687217927
12707,0.123271,-0.0342368,0.0191667,0.5703362156866353
12708,0.123271,-0.0342368,0.0208333,0.5703318557478202
12731,0.117965,-0.0367452,0.0191667,0.6745392522933475
12732,0.117965,-0.0367452,0.0208333,0.6745470608375341
12755,0.170861,-0.0377714,0.0191667,0.18876041808837174
12756,0.170861,-0.0377714,0.0208333,0.18875753492378125
12779,0.166512,-0.0359258,0.0191667,0.2299035895345951
12780,0.166512,-0.0359258,0.0208333,0.22990443339920022
12803,0.191505,-0.0331441,0.0191667,0.7028888446706505
12804,0.191505,-0.0331441,0.0208333,0.7028876689750084
12827,0.13788,-0.0361308,0.0191667,0.6178620522039822
12828,0.13788,-0.0361308,0.0208333,0.617862917618832
12851,0.182916,-0.0380685,0.0191667,0.4154132778985675
12852,0.182916,-0.0380685,0.0208333,0.4154067933794565
12875,0.215268,-0.0376895,0.0191667,0.5688888880907781
12876,0.215268,-0.0376895,0.0208333,0.5688747785471538
12899,0.282734,-0.0370317,0.0191667,0.1817457899499708
12900,0.282734,-0.0370317,0.0208333,0.17088065584357406
12923,0.124987,-0.034897,0.0191667,0.6290392459090768
12924,0.124987,-0.034897,0.0208333,0.6290393310889124
12947,0.154798,-0.0324129,0.0191667,0.2094376656162729
12948,0.154798,-0.0324129,0.0208333,0.20943853721270947
12971,0.120842,-0.0364404,0.0191667,0.7034094011443108
12972,0.120842,-0.0364404,0.0208333,0.7034152269598595
12995,0.134376,0.0331861,0.0191667,0.31851877892718994
12996,0.134376,0.0331861,0.0208333,0.31851511910760216
13019,0.182929,-0.0372608,0.0191667,0.45905829780497986
13020,0.182929,-0.0372608,0.0208333,0.45905295067709007
13043,0.130582,-0.0382758,0.0191667,0.7800035432384563
13044,0.130582,-0.0382758,0.0208333,0.7800089278174817
13067,0.164665,0.0332911,0.0191667,0.3606570615675235
13068,0.164665,0.0332911,0.0208333,0.36064962198003203
13091,0.136477,-0.0370319,0.0191667,0.6843810794684494
13092,0.136477,-0.0370319,0.0208333,0.6843842259986944
13115,0.24698,-0.0375428,0.0191667,0.03686564144341449
13116,0.24698,-0.0375428,0.0208333,0.036655570464758834
13139,0.174039,-0.0367555,0.0191667,0.3166330507414373
13140,0.174039,-0.0367555,0.0208333,0.3166304190047956
13163,0.269829,-0.0390064,0.0191667,0.1419943607745406
13164,0.269829,-0.0390064,0.0208333,0.133111604441123
13187,0.138815,-0.0304007,0.0191667,0.18045117741225852
13188,0.138815,-0.0304007,0.0208333,0.18043944262361958
13211,0.138843,-0.0360809,0.0191667,0.6032338031713789
13212,0.138843,-0.0360809,0.0208333,0.6032346474677807
13235,0.223559,-0.0369609,0.0191667,0.5467516362289965
13236,0.223559,-0.0369609,0.0208333,0.5467349011408125
13259,0.270537,-0.0390242,0.0191667,0.14487425072740878
13260,0.270537,-0.0390242,0.0208333,0.1355424397803153
13283,0.156894,-0.0295777,0.0191667,0.5154946731926477
13284,0.156894,-0.0295777,0.0208333,0.5154964330178353
13307,0.247714,-0.0309239,0.0191667,0.4295551254319018
13308,0.247714,-0.0309239,0.0208333,0.4295445923422248
13331,0.18964,-0.0299886,0.0191667,0.7684129639927157
13332,0.18964,-0.0299886,0.0208333,0.7684137451267254
13355,0.224244,-0.0298332,0.0191667,0.7208676012081285
13356,0.224244,-0.0298332,0.0208333,0.7208710290543121
13379,0.182099,-0.0384661,0.0191667,0.39567456784096205
13380,0.182099,-0.0384661,0.0208333,0.39566802788405125
13403,0.254388,-0.0300173,0.0191667,0.28032419747280124
13404,0.254388,-0.0300173,0.0208333,0.2817360982893211
13427,0.149907,-0.0356383,0.0191667,0.3614718091349537
13428,0.149907,-0.0356383,0.0208333,0.36147524964118377
13451,0.18729,-0.0360985,0.0191667,0.5645249611992557
13452,0.18729,-0.0360985,0.0208333,0.5645217230092663
13475,0.26859,-0.0352175,0.0191667,0.1407386152240017
13476,0.26859,-0.0352175,0.0208333,0.1298375967657658
13499,0.22215,-0.0323362,0.0191667,0.6942756549031843
13500,0.22215,-0.0323362,0.0208333,0.694275056965071
13523,0.134942,-0.0363375,0.0191667,0.6618123078051907
13524,0.134942,-0.0363375,0.0208333,0.6618142419829791
13547,0.180943,-0.0346705,0.0191667,0.5428683441356831
13548,0.180943,-0.0346705,0.0208333,0.5428658924428142
13571,0.139368,-0.0367768,0.0191667,0.6387283244507029
13572,0.139368,-0.0367768,0.0208333,0.6387303960070105
13595,0.276561,-0.0309523,0.0191667,0.17044333544225454
13596,0.276561,-0.0309523,0.0208333,0.1451957309379477
13619,0.144342,-0.0377451,0.0191667,0.6094650571160152
13620,0.144342,-0.0377451,0.0208333,0.6094701120022585
13643,0.213533,-0.0239285,0.0191667,0.8312733551828043
13644,0.213533,-0.0239285,0.0208333,0.8312773177954853
13667,0.128452,-0.0335334,0.0191667,0.5280728876751482
13668,0.128452,-0.0335334,0.0208333,0.528064522498939
13691,0.268054,-0.0368578,0.0191667,0.14943720727626705
13692,0.268054,-0.0368578,0.0208333,0.13959639496007767
13715,0.171652,-0.0381679,0.0191667,0.19149742860179195
13716,0.171652,-0.0381679,0.0208333,0.19149446497173228
13739,0.145978,-0.0235731,0.0191667,0.6285113584483863
13740,0.145978,-0.0235731,0.0208333,0.6285162478593883
13763,0.195448,-0.0365583,0.0191667,0.6102107277211388
13764,0.195448,-0.0365583,0.0208333,0.6102056111742906
13787,0.235102,-0.0322548,0.0191667,0.5779634839427075
13788,0.235102,-0.0322548,0.0208333,0.5779564514341339
13811,0.18563,-0.0360291,0.0191667,0.5510058142328675
13812,0.18563,-0.0360291,0.0208333,0.5510015345763258
13835,0.228476,-0.0287461,0.0191667,0.7123045325682653
13836,0.228476,-0.0287461,0.0208333,0.7123091833092787
13859,0.270309,-0.0347569,0.0191667,0.14595189192258387
13860,0.270309,-0.0347569,0.0208333,0.13243320012157073
13883,0.161215,-0.0283943,0.0191667,0.5649939245665022
13884,0.161215,-0.0283943,0.0208333,0.5649950456556617
13907,0.137318,-0.0353796,0.0191667,0.5771826222801748
13908,0.137318,-0.0353796,0.0208333,0.5771821727488572
13931,0.261904,-0.0188206,0.0191667,0.5401943754442695
13932,0.261904,-0.0188206,0.0208333,0.5403762553993375
13955,0.119024,-0.031328,0.0191667,0.3783405057840713
13956,0.119024,-0.031328,0.0208333,0.37832126139013067
13979,0.203148,-0.0370572,0.0191667,0.6123373035160166
13980,0.203148,-0.0370572,0.0208333,0.6123292018962355
14003,0.230407,-0.0381702,0.0191667,0.3906866452526451
14004,0.230407,-0.0381702,0.0208333,0.3906463943103374
14027,0.23046,-0.03649,0.0191667,0.490047924786336
14028,0.23046,-0.03649,0.0208333,0.49002313396473074
14051,0.217568,-0.0357839,0.0191667,0.6355412914415225
14052,0.217568,-0.0357839,0.0208333,0.6355344855099097
14075,0.302606,0.0277187,0.0191667,1.3836849143123915
14076,0.302606,0.0277187,0.0208333,1.3874275172486759
14099,0.288354,-0.0147327,0.0191667,0.1652471178417645
14100,0.288354,-0.0147327,0.0208333,0.16084367176472936
14123,0.124259,-0.0339492,0.0191667,0.5704494067171124
14124,0.124259,-0.0339492,0.0208333,0.5704440243229829
14147,0.169908,-0.0365124,0.0191667,0.24193108599721638
14148,0.169908,-0.0365124,0.0208333,0.24192935109790398
14171,0.134374,-0.0355806,0.0191667,0.6242564055949866
14172,0.134374,-0.0355806,0.0208333,0.6242570788468523
14195,0.190456,-0.0363876,0.0191667,0.5807131876658724
14196,0.190456,-0.0363876,0.0208333,0.5807079934268999
14219,0.209987,-0.0370094,0.0191667,0.6194458716177983
14220,0.209987,-0.0370094,0.0208333,0.6194368425438634
14243,0.258731,0.0322758,0.0191667,0.11917048255200446
14244,0.258731,0.0322758,0.0208333,0.11920094286697107
14267,0.262103,-0.0378733,0.0191667,0.12971066411212456
14268,0.262103,-0.0378733,0.0208333,0.12023036197984101
14291,0.173058,-0.0354194,0.0191667,0.3653144325654916
14292,0.173058,-0.0354194,0.0208333,0.36531268486342505
14315,0.102093,-0.0368188,0.0191667,0.18726860892281547
14316,0.102093,-0.0368188,0.0208333,0.187294320989101
14339,0.262702,-0.0364315,0.0191667,0.1261087834031397
14340,0.262702,-0.0364315,0.0208333,0.11817260272279866
14363,0.199674,-0.0362761,0.0191667,0.6348182515029419
14364,0.199674,-0.0362761,0.0208333,0.6348121800554991
14387,0.164969,-0.0357922,0.0191667,0.21310332810506835
14388,0.164969,-0.0357922,0.0208333,0.21310551009910936
14411,0.294001,-0.036226,0.0191667,0.15746927334950145
14412,0.294001,-0.036226,0.0208333,0.14464609151902447
14435,0.289566,-0.0367464,0.0191667,0.17437186541268634
14436,0.289566,-0.0367464,0.0208333,0.1623010339223075
14459,0.222541,-0.0312779,0.0191667,0.7096858660357156
14460,0.222541,-0.0312779,0.0208333,0.7096872692272069
14483,0.155146,-0.0312631,0.0191667,0.27807281405236556
14484,0.155146,-0.0312631,0.0208333,0.2780751869307233
14507,0.266456,-0.0379166,0.0191667,0.146227426659692
14508,0.266456,-0.0379166,0.0208333,0.13679592469416807
14531,0.123647,-0.0385438,0.0191667,0.7724830339688202
14532,0.123647,-0.0385438,0.0208333,0.7724913246994317
14555,0.15385,-0.0330252,0.0191667,0.17120079958660547
14556,0.15385,-0.0330252,0.0208333,0.17119969622357542
14579,0.278709,-0.0345559,0.0191667,0.17339423384925465
14580,0.278709,-0.0345559,0.0208333,0.14561613672862633
14603,0.262404,-0.0355402,0.0191667,0.11359866941500724
14604,0.262404,-0.0355402,0.0208333,0.10668816719814808
14627,0.274712,-0.00414929,0.0191667,0.5444203611445758
14628,0.274712,-0.00414929,0.0208333,0.5442054587916737
14651,0.134444,0.0277312,0.0191667,0.29602505960494696
14652,0.134444,0.0277312,0.0208333,0.29602984188812603
14675,0.225349,-0.037012,0.0191667,0.5200068349053639
14676,0.225349,-0.037012,0.0208333,0.5199872022852269
14699,0.216775,-0.0263259,0.0191667,0.8086548740854368
14700,0.216775,-0.0263259,0.0208333,0.8086589228592674
14723,0.202731,-0.0343942,0.0191667,0.6984977652770461
14724,0.202731,-0.0343942,0.0208333,0.6984947698380584
14747,0.149283,-0.0260076,0.0191667,0.5355573420160705
14748,0.149283,-0.0260076,0.0208333,0.5355647348854314
14771,0.219498,-0.0285266,0.0191667,0.7746738117191833
14772,0.219498,-0.0285266,0.0208333,0.7746770031023437
14795,0.204158,-0.0385017,0.0191667,0.5519411956582209
14796,0.204158,-0.0385017,0.0208333,0.5519299177567998
14819,0.106773,-0.0365189,0.0191667,0.3791121540537693
14820,0.106773,-0.0365189,0.0208333,0.3791266806339022
14843,0.152067,-0.0282656,0.0191667,0.40937550906824033
14844,0.152067,-0.0282656,0.0208333,0.4093837976842506
14867,0.102729,-0.0384212,0.0191667,0.12490767206705118
14868,0.102729,-0.0384212,0.0208333,0.12494076578316182
14891,0.241831,-0.035517,0.0191667,0.30821592922540264
14892,0.241831,-0.035517,0.0208333,0.3080638969591757
14915,0.200055,-0.0354244,0.0191667,0.6668113472626023
14916,0.200055,-0.0354244,0.0208333,0.6668073067008662
14939,0.150269,-0.0364967,0.0191667,0.40507822878532185
14940,0.150269,-0.0364967,0.0208333,0.4050843593744957
14963,0.110363,-0.0383189,0.0191667,0.4711791517585853
14964,0.110363,-0.0383189,0.0208333,0.4711928878293289
14987,0.126429,-0.0313582,0.0191667,0.3650377835887963
14988,0.126429,-0.0313582,0.0208333,0.3650158467154767
15011,0.269437,-0.038107,0.0191667,0.15359261674874514
15012,0.269437,-0.038107,0.0208333,0.14431266914945617
15035,0.141614,-0.0360734,0.0191667,0.5640378823749984
15036,0.141614,-0.0360734,0.0208333,0.5640385897925879
15059,0.185565,-0.0369353,0.0191667,0.500027033864341
15060,0.185565,-0.0369353,0.0208333,0.5000217306287021
15083,0.130136,-0.0357525,0.0191667,0.6775043040307975
15084,0.130136,-0.0357525,0.0208333,0.6775060167314145
15107,0.168282,-0.0367683,0.0191667,0.20106229039033377
15108,0.168282,-0.0367683,0.0208333,0.20106162229806565
15131,0.131329,-0.030543,0.0191667,0.26500439558530364
15132,0.131329,-0.030543,0.0208333,0.264984100892025
15155,0.170275,-0.0130709,0.0191667,0.9142473095704505
15156,0.170275,-0.0130709,0.0208333,0.9142523152264314
15179,0.233907,-0.0365492,0.0191667,0.4058646297493907
15180,0.233907,-0.0365492,0.0208333,0.4058146509272153
15203,0.154901,-0.0359166,0.0191667,0.23861013779898707
15204,0.154901,-0.0359166,0.0208333,0.23861562719717247
15227,0.266331,-0.0300215,0.0191667,0.07546547113435388
15228,0.266331,-0.0300215,0.0208333,0.07235260744457038
15251,0.244106,-0.0381694,0.0191667,0.06413185800028251
15252,0.244106,-0.0381694,0.0208333,0.06505719800337238
15275,0.238884,-0.0347263,0.0191667,0.42988751803219455
15276,0.238884,-0.0347263,0.0208333,0.42981866658984474
15299,0.141384,-0.0290929,0.0191667,0.17008144293173932
15300,0.141384,-0.0290929,0.0208333,0.17007780110757548
15323,0.262816,-0.0382648,0.0191667,0.13160864852422313
15324,0.262816,-0.0382648,0.0208333,0.1217446454439882
15347,0.276877,-0.0348822,0.0191667,0.1692796753640566
15348,0.276877,-0.0348822,0.0208333,0.1455443395240777
15371,0.209019,-0.0294381,0.0191667,0.8057843237331674
15372,0.209019,-0.0294381,0.0208333,0.8057863934560092
15395,0.232101,-0.0359996,0.0191667,0.48610790431545026
15396,0.232101,-0.0359996,0.0208333,0.4860809144581306
15419,0.204591,-0.0363376,0.0191667,0.6413864347998788
15420,0.204591,-0.0363376,0.0208333,0.6413794041898531
15443,0.125039,-0.0372433,0.0191667,0.7471293173604292
15444,0.125039,-0.0372433,0.0208333,0.7471343620276737
15467,0.162767,-0.0148075,0.0191667,0.9582651868256622
15468,0.162767,-0.0148075,0.0208333,0.9582675519012769
15491,0.295581,-0.0263326,0.0191667,0.19913022824174634
15492,0.295581,-0.0263326,0.0208333,0.16682216317863763
15515,0.173649,0.0381243,0.0191667,0.4404267038955517
15516,0.173649,0.0381243,0.0208333,0.4404091909436687
15539,0.152602,-0.0347743,0.0191667,0.24413451303342268
15540,0.152602,-0.0347743,0.0208333,0.24413581574060592
15563,0.171526,-0.0316433,0.0191667,0.5642102754584409
15564,0.171526,-0.0316433,0.0208333,0.5642102746686448
15587,0.140097,0.0318854,0.0191667,0.314169447506809
15588,0.140097,0.0318854,0.0208333,0.3141652068856322
15611,0.242846,-0.0368246,0.0191667,0.19665059176620445
15612,0.242846,-0.0368246,0.0208333,0.1963226275315428
15635,0.289552,-0.0391793,0.0191667,0.15843041677749256
15636,0.289552,-0.0391793,0.0208333,0.15827710315035334
15659,0.294321,-0.0352969,0.0191667,0.16057994433978984
15660,0.294321,-0.0352969,0.0208333,0.14519969211351655
15683,0.179247,-0.0295546,0.0191667,0.7132098385250385
15684,0.179247,-0.0295546,0.0208333,0.713210405046337
15707,0.275136,-0.0352246,0.0191667,0.16522013127437107
15708,0.275136,-0.0352246,0.0208333,0.14554434035361868
15731,0.219779,-0.0313954,0.0191667,0.7262552335693488
15732,0.219779,-0.0313954,0.0208333,0.7262565259339292
15755,0.270922,-0.0374697,0.0191667,0.16320995327212737
15756,0.270922,-0.0374697,0.0208333,0.15428221996051944
15779,0.271527,-0.0359547,0.0191667,0.15722121996107905
15780,0.271527,-0.0359547,0.0208333,0.1443788193103476
15803,0.207312,-0.0254455,0.0191667,0.8429948063011439
15804,0.207312,-0.0254455,0.0208333,0.8429978230416569
15827,0.106704,-0.0379868,0.0191667,0.33843501976315765
15828,0.106704,-0.0379868,0.0208333,0.33845423150813003
15851,0.139641,-0.0251144,0.0191667,0.38418491703146757
15852,0.139641,-0.0251144,0.0208333,0.3841968225397562
15875,0.111016,-0.037913,0.0191667,0.502732835733972
15876,0.111016,-0.037913,0.0208333,0.5027466182349456
15899,0.279457,-0.0385739,0.0191667,0.1827371516802481
15900,0.279457,-0.0385739,0.0208333,0.1778572308516831
15923,0.135894,-0.0362793,0.0191667,0.6512512182642536
15924,0.135894,-0.0362793,0.0208333,0.6512531500711227
15947,0.113474,-0.039052,0.0191667,0.5633828879493533
15948,0.113474,-0.039052,0.0208333,0.5633968868957396
15971,0.209355,-0.036252,0.0191667,0.6419742015996791
15972,0.209355,-0.036252,0.0208333,0.6419672207154294
15995,0.130146,-0.0390464,0.0191667,0.7845438588003024
15996,0.130146,-0.0390464,0.0208333,0.7845493187389786
16019,0.264028,-0.0350096,0.0191667,0.1154195114550118
16020,0.264028,-0.0350096,0.0208333,0.10820383967450693
16043,0.170784,-0.0368698,0.0191667,0.2382581418921595
16044,0.170784,-0.0368698,0.0208333,0.23825642352460952
16067,0.285494,0.0317059,0.0191667,0.6558778573402597
16068,0.285494,0.0317059,0.0208333,0.6559395623255576
16091,0.105272,-0.0360743,0.0191667,0.3266521764133782
16092,0.105272,-0.0360743,0.0208333,0.3266695542139173
16115,0.217824,-0.0366737,0.0191667,0.5936537294195452
16116,0.217824,-0.0366737,0.0208333,0.5936418115985561
16139,0.193061,-0.028713,0.0191667,0.8080553412936755
16140,0.193061,-0.028713,0.0208333,0.8080561996515268
16163,0.276359,-0.0371275,0.0191667,0.1766267109036739
16164,0.276359,-0.0371275,0.0208333,0.1688430987259876
16187,0.222272,-0.0360473,0.0191667,0.5844381450346068
16188,0.222272,-0.0360473,0.0208333,0.5844264379622518
16211,0.282507,-0.0113783,0.0191667,0.09840668116015346
16212,0.282507,-0.0113783,0.0208333,0.0951501556289321
16235,0.232125,0.0381444,0.0191667,0.4736032700140488
16236,0.232125,0.0381444,0.0208333,0.4735562538240441
16259,0.234918,-0.0377383,0.0191667,0.31321047155774806
16260,0.234918,-0.0377383,0.0208333,0.31312572116372045
16283,0.128607,-0.0296232,0.0191667,0.2225115035513445
16284,0.128607,-0.0296232,0.0208333,0.2224847025481267
16307,0.257021,-0.0367312,0.0191667,0.10597756959543657
16308,0.257021,-0.0367312,0.0208333,0.09893797672456216
16331,0.134514,-0.0319355,0.0191667,0.3337259631819502
16332,0.134514,-0.0319355,0.0208333,0.3337100351769585
16355,0.188207,-0.0380777,0.0191667,0.48581153451303205
16356,0.188207,-0.0380777,0.0208333,0.4858031405647358
16379,0.266918,-0.0356449,0.0191667,0.13614830573286618
16380,0.266918,-0.0356449,0.0208333,0.1266991303938405
16403,0.208208,-0.0378038,0.0191667,0.5828279840907261
16404,0.208208,-0.0378038,0.0208333,0.5828168368832205
16427,0.167108,0.0316637,0.0191667,0.3690581906885315
16428,0.167108,0.0316637,0.0208333,0.3690529852777946
16451,0.237673,-0.0376889,0.0191667,0.2655049300877925
16452,0.237673,-0.0376889,0.0208333,0.26534387814925825
16475,0.235509,-0.0362099,0.0191667,0.39264652694750735
16476,0.235509,-0.0362099,0.0208333,0.3925843428662432
16499,0.295856,-0.0358859,0.0191667,0.14193872675897864
16500,0.295856,-0.0358859,0.0208333,0.13558650154436463
16523,0.279603,-0.0162049,0.0191667,0.08684704858599629
16524,0.279603,-0.0162049,0.0208333,0.08433177840464412
16547,0.18209,-0.0368702,0.0191667,0.45357125187178654
16548,0.18209,-0.0368702,0.0208333,0.45356588190231956
16571,0.201667,-0.012268,0.0191667,0.735350323932173
16572,0.201667,-0.012268,0.0208333,0.7353502500352013
16595,0.23637,-0.037775,0.0191667,0.2892585747180236
16596,0.23637,-0.037775,0.0208333,0.28914907231692805
16619,0.2302,-0.0311234,0.0191667,0.6549948495058477
16620,0.2302,-0.0311234,0.0208333,0.6549951892639823
16643,0.169184,-0.0370679,0.0191667,0.19251214017659377
16644,0.169184,-0.0370679,0.0208333,0.1925104704602243
16667,0.195631,-0.0382718,0.0191667,0.5374545979273635
16668,0.195631,-0.0382718,0.0208333,0.5374442910535068
16691,0.294681,-0.036884,0.0191667,0.14130136155946976
16692,0.294681,-0.036884,0.0208333,0.13652922064034498
16715,0.214931,-0.0324243,0.0191667,0.7263847195572675
16716,0.214931,-0.0324243,0.0208333,0.7263849282827108
16739,0.187748,-0.0385963,0.0191667,0.454921547009031
16740,0.187748,-0.0385963,0.0208333,0.4549120075499876
16763,0.195131,-0.037864,0.0191667,0.5351481918199859
16764,0.195131,-0.037864,0.0208333,0.5351388921037327
16787,0.147388,-0.0322379,0.0191667,0.21894045830957992
16788,0.147388,-0.0322379,0.0208333,0.21892881777277312
16811,0.165099,-0.0367428,0.0191667,0.15810745359054265
16812,0.165099,-0.0367428,0.0208333,0.15810912681853126
16835,0.194754,-0.0339672,0.0191667,0.6936242823815657
16836,0.194754,-0.0339672,0.0208333,0.6936221647575004
16859,0.102188,-0.035365,0.0191667,0.23630789326537552
16860,0.102188,-0.035365,0.0208333,0.23632876790318103
16883,0.277964,-0.036091,0.0191667,0.17292949369130906
16884,0.277964,-0.036091,0.0208333,0.1558588549828658
16907,0.112757,-0.0321998,0.0191667,0.42699613656101504
16908,0.112757,-0.0321998,0.0208333,0.4269889443141799
16931,0.204188,-0.0354409,0.0191667,0.6711639136720692
16932,0.204188,-0.0354409,0.0208333,0.6711589191555178
16955,0.246342,-0.0363419,0.0191667,0.11057539336829193
16956,0.246342,-0.0363419,0.0208333,0.11244516388915977
16979,0.104448,-0.0239677,0.0191667,0.45576674640580445
16980,0.104448,-0.0239677,0.0208333,0.4557637542294894
17003,0.241972,-0.0364238,0.0191667,0.22854209642842804
17004,0.241972,-0.0364238,0.0208333,0.22829473500439315
17027,0.155267,-0.0367492,0.0191667,0.2721785212668215
17028,0.155267,-0.0367492,0.0208333,0.27218641870220933
17051,0.235223,-0.0140501,0.0191667,0.7183545154413514
17052,0.235223,-0.0140501,0.0208333,0.7183590579839936
17075,0.12419,-0.0373868,0.0191667,0.7480049698039369
17076,0.12419,-0.0373868,0.0208333,0.7480110109644741
17099,0.204232,-0.0275815,0.0191667,0.8334583455287689
17100,0.204232,-0.0275815,0.0208333,0.8334613558862365
17123,0.136518,-0.0272211,0.0191667,0.19817983428638472
17124,0.136518,-0.0272211,0.0208333,0.19819302409232165
17147,0.133792,-0.0290497,0.0191667,0.1695045894106894
17148,0.133792,-0.0290497,0.0208333,0.1694933174589488
17171,0.201378,-0.0294069,0.0191667,0.8143126233857583
17172,0.201378,-0.0294069,0.0208333,0.8143135997692118
17195,0.237179,-0.0310074,0.0191667,0.5727528422576007
17196,0.237179,-0.0310074,0.0208333,0.572749162827575
17219,0.295036,-0.0182819,0.0191667,0.18429422487262048
17220,0.295036,-0.0182819,0.0208333,0.15197073985623022
17243,0.112015,-0.0360873,0.0191667,0.5432197526928126
17244,0.112015,-0.0360873,0.0208333,0.5432272002512144
17267,0.237839,-0.0136462,0.0191667,0.7144922416140852
17268,0.237839,-0.0136462,0.0208333,0.7144959106187062
17291,0.129456,-0.0390273,0.0191667,0.7901550478201069
17292,0.129456,-0.0390273,0.0208333,0.7901615082955021
17315,0.272107,-0.0342937,0.0191667,0.1524870131631858
17316,0.272107,-0.0342937,0.0208333,0.13546107339010718
17339,0.210039,-0.0154915,0.0191667,0.7815049039049936
17340,0.210039,-0.0154915,0.0208333,0.7815066237567119
17363,0.12933,-0.0364268,0.0191667,0.7084058861428942
17364,0.12933,-0.0364268,0.0208333,0.7084087807845062
17387,0.163087,-0.0306985,0.0191667,0.48358037970487605
17388,0.163087,-0.0306985,0.0208333,0.483582364729328
17411,0.103193,-0.0379076,0.0191667,0.19768213977170118
17412,0.103193,-0.0379076,0.0208333,0.1977057064208001
17435,0.241183,-0.0369894,0.0191667,0.22991191614437667
17436,0.241183,-0.0369894,0.0208333,0.22960720276225244
17459,0.187236,-0.0370161,0.0191667,0.5142310932323113
17460,0.187236,-0.0370161,0.0208333,0.5142248228163329
17483,0.13342,-0.0356811,0.0191667,0.6356313724739855
17484,0.13342,-0.0356811,0.0208333,0.6356320431490997
17507,0.240336,-0.0367206,0.0191667,0.2528556179021736
17508,0.240336,-0.0367206,0.0208333,0.2526317486813305
17531,0.121234,-0.0322172,0.0191667,0.44923656949642343
17532,0.121234,-0.0322172,0.0208333,0.4492221383331513
17555,0.107032,-0.0178703,0.0191667,0.35098083744177544
17556,0.107032,-0.0178703,0.0208333,0.3509714319575483
17579,0.123732,-0.0359626,0.0191667,0.6817126618606897
17580,0.123732,-0.0359626,0.0208333,0.6817151837725994
17603,0.134123,-0.0176311,0.0191667,0.8448460272963774
17604,0.134123,-0.0176311,0.0208333,0.8448516113477653
17627,0.232302,-0.0368901,0.0191667,0.41701526326648103
17628,0.232302,-0.0368901,0.0208333,0.4169731065106215
17651,0.184692,-0.0344322,0.0191667,0.6061285322457843
17652,0.184692,-0.0344322,0.0208333,0.6061262049885101
17675,0.287599,0.000146987,0.0191667,0.24377248273134441
17676,0.287599,0.000146987,0.0208333,0.24168211759302757
17699,0.258925,-0.0290483,0.0191667,0.17587576889769693
17700,0.258925,-0.0290483,0.0208333,0.17820869155391944
17723,0.138042,-0.0375024,0.0191667,0.6875246119703137
17724,0.138042,-0.0375024,0.0208333,0.6875278690282337
17747,0.174651,-0.0390948,0.0191667,0.2040021271631475
17748,0.174651,-0.0390948,0.0208333,0.20399502516094284
17771,0.111816,-0.0382243,0.0191667,0.5245649637176354
17772,0.111816,-0.0382243,0.0208333,0.5245778406407946
17795,0.202411,-0.0181233,0.0191667,0.8300661119842183
17796,0.202411,-0.0181233,0.0208333,0.8300701015387413
17819,0.260935,-0.0359925,0.0191667,0.1125655491091746
17820,0.260935,-0.0359925,0.0208333,0.10564699659739503
17843,0.166643,-0.0293532,0.0191667,0.6161006679416939
17844,0.166643,-0.0293532,0.0208333,0.6161021676960229
17867,0.159397,-0.0358823,0.0191667,0.10743070103691775
17868,0.159397,-0.0358823,0.0208333,0.10742391237506153
17891,0.240172,-0.0358858,0.0191667,0.3291058308848856
17892,0.240172,-0.0358858,0.0208333,0.32897660921863786
17915,0.134154,-0.0116135,0.0191667,1.0873650913154118
17916,0.134154,-0.0116135,0.0208333,1.087364773036594
17939,0.174775,-0.0381877,0.0191667,0.26899315026476717
17940,0.174775,-0.0381877,0.0208333,0.2689884076163878
17963,0.285786,-0.0298322,0.0191667,0.20402122872566472
17964,0.285786,-0.0298322,0.0208333,0.15283176584993707
17987,0.139269,-0.0204532,0.0191667,0.7749748318491007
17988,0.139269,-0.0204532,0.0208333,0.7749807056384516
18011,0.222654,-0.0368897,0.0191667,0.552031246417093
18012,0.222654,-0.0368897,0.0208333,0.5520144657864035
18035,0.206958,-0.0208641,0.0191667,0.8393528820479993
18036,0.206958,-0.0208641,0.0208333,0.839356829444306
18059,0.185207,-0.0307119,0.0191667,0.7349062808586039
18060,0.185207,-0.0307119,0.0208333,0.7349069450652324
18083,0.186532,-0.0345639,0.0191667,0.6189264787117648
18084,0.186532,-0.0345639,0.0208333,0.61892420394084
18107,0.137897,-0.0382016,0.0191667,0.722378662439358
18108,0.137897,-0.0382016,0.0208333,0.722382020376472
18131,0.145472,-0.033426,0.0191667,0.3200553062570282
18132,0.145472,-0.033426,0.0208333,0.32004750958663636
18155,0.137468,-0.0369322,0.0191667,0.6722489186501994
18156,0.137468,-0.0369322,0.0208333,0.6722510680869682
18179,0.285987,-0.0337472,0.0191667,0.18216191845523036
18180,0.285987,-0.0337472,0.0208333,0.14660662449510936
18203,0.277223,-0.0380122,0.0191667,0.18067068427805327
18204,0.277223,-0.0380122,0.0208333,0.17559654579473508
18227,0.130198,-0.0325563,0.0191667,0.42206788701289705
18228,0.130198,-0.0325563,0.0208333,0.4220514275536994
18251,0.213051,-0.0335725,0.0191667,0.7084471182330132
18252,0.213051,-0.0335725,0.0208333,0.70844428533316
18275,0.163583,-0.0371279,0.0191667,0.08555289710980218
18276,0.163583,-0.0371279,0.0208333,0.08554817447983855
18299,0.177558,-0.0392807,0.0191667,0.24835899706623274
18300,0.177558,-0.0392807,0.0208333,0.24835006318053957
18323,0.293057,-0.0363958,0.0191667,0.15898854709144933
18324,0.293057,-0.0363958,0.0208333,0.1473802228692846
18347,0.186215,-0.0381987,0.0191667,0.45318220524481717
18348,0.186215,-0.0381987,0.0208333,0.45317474446503925
18371,0.143679,-0.0343707,0.0191667,0.4165215922400667
18372,0.143679,-0.0343707,0.0208333,0.41651708859917874
18395,0.246936,-0.0382459,0.0191667,0.049812429505866306
18396,0.246936,-0.0382459,0.0208333,0.0479740020575728
18419,0.292872,-0.00070479,0.0191667,0.2640690407435336
18420,0.292872,-0.00070479,0.0208333,0.2557192318802205
18443,0.190657,-0.0320521,0.0191667,0.7198440289991928
18444,0.190657,-0.0320521,0.0208333,0.7198438254879004
18467,0.218554,-0.0318996,0.0191667,0.7292482776254904
18468,0.218554,-0.0318996,0.0208333,0.7292485456860762
18491,0.11488,-0.0322764,0.0191667,0.4221741503441398
18492,0.11488,-0.0322764,0.0208333,0.4221630632748481
18515,0.212733,-0.0370393,0.0191667,0.6073480662464378
18516,0.212733,-0.0370393,0.0208333,0.6073380479162349
18539,0.253747,-0.0384032,0.0191667,0.08427569060910982
18540,0.253747,-0.0384032,0.0208333,0.07635960683928644
18563,0.211314,-0.0344372,0.0191667,0.6933901576250882
18564,0.211314,-0.0344372,0.0208333,0.6933872711391429
18587,0.260301,0.0346465,0.0191667,0.1042578685335668
18588,0.260301,0.0346465,0.0208333,0.10428989352375473
18611,0.211437,0.0332748,0.0191667,0.5077900621911682
18612,0.211437,0.0332748,0.0208333,0.5077930254058661
18635,0.136323,-0.0354283,0.0191667,0.591375459431943
18636,0.136323,-0.0354283,0.0208333,0.5913750281864202
18659,0.120433,-0.0333394,0.0191667,0.5185050402541233
18660,0.120433,-0.0333394,0.0208333,0.5184972756576143
18683,0.123527,-0.0368552,0.0191667,0.7285209173403454
18684,0.123527,-0.0368552,0.0208333,0.7285268269016589
18707,0.142083,-0.0368635,0.0191667,0.607272021176705
18708,0.142083,-0.0368635,0.0208333,0.6072749949388748
18731,0.292357,-0.0356791,0.0191667,0.16692710308898312
18732,0.292357,-0.0356791,0.0208333,0.1472886857749094
18755,0.256351,-0.0341986,0.0191667,0.0722855576946737
18756,0.256351,-0.0341986,0.0208333,0.06730574676719663
18779,0.142097,-0.0352544,0.0191667,0.5021365746202173
18780,0.142097,-0.0352544,0.0208333,0.5021348377861046
18803,0.288753,-0.0298469,0.0191667,0.20457930883461797
18804,0.288753,-0.0298469,0.0208333,0.15215495520675626
18827,0.220926,-0.0367698,0.0191667,0.5679391157375913
18828,0.220926,-0.0367698,0.0208333,0.567925236352237
18851,0.16444,-0.0373175,0.0191667,0.09067697509693957
18852,0.16444,-0.0373175,0.0208333,0.09067606528967277
18875,0.142425,-0.0150287,0.0191667,0.9907627840150717
18876,0.142425,-0.0150287,0.0208333,0.9907647187723349
18899,0.131533,-0.0342196,0.0191667,0.563440926188384
18900,0.131533,-0.0342196,0.0208333,0.5634380051159521
18923,0.150418,-0.0339951,0.0191667,0.23171073047228521
18924,0.150418,-0.0339951,0.0208333,0.2317049663728285
18947,0.175737,-0.0365965,0.0191667,0.3557893393845049
18948,0.175737,-0.0365965,0.0208333,0.3557867813487066
18971,0.277492,-0.0288325,0.0191667,0.16477805005199844
18972,0.277492,-0.0288325,0.0208333,0.14658672808069118
18995,0.15896,-0.0335456,0.0191667,0.18831816649583652
18996,0.15896,-0.0335456,0.0208333,0.18830728533909036
19019,0.226112,-0.0336488,0.0191667,0.6249717184312992
19020,0.226112,-0.0336488,0.0208333,0.6249664209793675
19043,0.186844,-0.0386621,0.0191667,0.44794633952119806
19044,0.186844,-0.0386621,0.0208333,0.44793679344091614
19067,0.274158,-0.0276864,0.0191667,0.12078762907603575
19068,0.274158,-0.0276864,0.0208333,0.11569132762992262
19091,0.209784,-0.0353174,0.0191667,0.6713053677886862
19092,0.209784,-0.0353174,0.0208333,0.6713004439919784
19115,0.201017,-0.0206067,0.0191667,0.8606917037371341
19116,0.201017,-0.0206067,0.0208333,0.8606967200459996
19139,0.105081,-0.0369258,0.0191667,0.28605633914007916
19140,0.105081,-0.0369258,0.0208333,0.28607591272783395
19163,0.152958,-0.0327568,0.0191667,0.18749174306290678
19164,0.152958,-0.0327568,0.0208333,0.18749083800042446
19187,0.132781,-0.0201577,0.0191667,0.5428480363037895
19188,0.132781,-0.0201577,0.0208333,0.5428634274100373
19211,0.249108,-0.035183,0.0191667,0.09169404342188266
19212,0.249108,-0.035183,0.0208333,0.09441049698004984
19235,0.173156,-0.0362985,0.0191667,0.314922689329622
19236,0.173156,-0.0362985,0.0208333,0.3149199874053725
19259,0.109573,-0.0370099,0.0191667,0.465145262563303
19260,0.109573,-0.0370099,0.0208333,0.4651578607249613
19283,0.20337,-0.0333634,0.0191667,0.727413080090336
19284,0.20337,-0.0333634,0.0208333,0.7274110952382202
19307,0.191849,-0.0368347,0.0191667,0.5710277258158066
19308,0.191849,-0.0368347,0.0208333,0.5710215465934073
19331,0.127616,-0.0339676,0.0191667,0.5570625369473593
19332,0.127616,-0.0339676,0.0208333,0.5570562886586072
19355,0.220934,-0.0324517,0.0191667,0.6990882666700604
19356,0.220934,-0.0324517,0.0208333,0.69908763871385
19379,0.166858,-0.032828,0.0191667,0.39462897769264094
19380,0.166858,-0.032828,0.0208333,0.39463080877920037
19403,0.132395,-0.0334638,0.0191667,0.5118722284581437
19404,0.132395,-0.0334638,0.0208333,0.5118671009941276
19427,0.296086,-0.0249167,0.0191667,0.1900489452406669
19428,0.296086,-0.0249167,0.0208333,0.16639911510669161
19451,0.230804,-0.0374078,0.0191667,0.42175822889850484
19452,0.230804,-0.0374078,0.0208333,0.4217212912056114
19475,0.271095,-0.0382254,0.0191667,0.1661856439989327
19476,0.271095,-0.0382254,0.0208333,0.15802133474237745
19499,0.173455,-0.0174943,0.0191667,0.8944376686287375
19500,0.173455,-0.0174943,0.0208333,0.8944411691655388
19523,0.267225,-0.038272,0.0191667,0.14784215355793792
19524,0.267225,-0.038272,0.0208333,0.1382275030183172
19547,0.204447,-0.0334839,0.0191667,0.7274720841161822
19548,0.204447,-0.0334839,0.0208333,0.7274701126258554
19571,0.181651,-0.0326691,0.0191667,0.6446198069886501
19572,0.181651,-0.0326691,0.0208333,0.644618351365849
19595,0.167177,-0.0354743,0.0191667,0.26323276547702074
19596,0.167177,-0.0354743,0.0208333,0.26323314919974933
19619,0.258266,-0.0344478,0.0191667,0.08469372054219841
19620,0.258266,-0.0344478,0.0208333,0.07867884184880965
19643,0.172398,-0.036786,0.0191667,0.27959136053082706
19644,0.172398,-0.036786,0.0208333,0.27958963866960107
19667,0.181237,0.0338656,0.0191667,0.45078685859051437
19668,0.181237,0.0338656,0.0208333,0.4507817867573168
19691,0.200218,-0.0370185,0.0191667,0.6103271739542392
19692,0.200218,-0.0370185,0.0208333,0.6103190586443717
19715,0.151591,-0.0371353,0.0191667,0.3990529274321194
19716,0.151591,-0.0371353,0.0208333,0.3990622817639659
19739,0.104972,-0.025866,0.0191667,0.4467973078761264
19740,0.104972,-0.025866,0.0208333,0.4467951657100869
19763,0.246261,-0.0372167,0.0191667,0.027457320582536818
19764,0.246261,-0.0372167,0.0208333,0.032195973941808315
19787,0.157613,-0.0378174,0.0191667,0.2410990231476685
19788,0.157613,-0.0378174,0.0208333,0.2411055594737782
19811,0.141813,-0.039159,0.0191667,0.686998717864265
19812,0.141813,-0.039159,0.0208333,0.6870037296930696
19835,0.122776,-0.0384491,0.0191667,0.7697843456061364
19836,0.122776,-0.0384491,0.0208333,0.7697926243743403
19859,0.28091,-0.0271434,0.0191667,0.19145301875351048
19860,0.28091,-0.0271434,0.0208333,0.16405175020897036
19883,0.198506,-0.039136,0.0191667,0.47599770950320097
19884,0.198506,-0.039136,0.0208333,0.4759841208704551
19907,0.222677,0.0315441,0.0191667,0.4498852789450938
19908,0.222677,0.0315441,0.0208333,0.4498844783805958
19931,0.267693,-0.030416,0.0191667,0.0867158177233681
19932,0.267693,-0.030416,0.0208333,0.0828036527978084
19955,0.209618,-0.0309686,0.0191667,0.7745065558940195
19956,0.209618,-0.0309686,0.0208333,0.7745076514559702
19979,0.133069,-0.0365196,0.0191667,0.6932432248687845
19980,0.133069,-0.0365196,0.0208333,0.6932452221872071
20003,0.246232,-0.0139773,0.0191667,0.6967334671519771
20004,0.246232,-0.0139773,0.0208333,0.6967379363550431
20027,0.122406,-0.0378311,0.0191667,0.7499324705452302
20028,0.122406,-0.0378311,0.0208333,0.7499406486094561
20051,0.20409,-0.037097,0.0191667,0.6131287153496746
20052,0.20409,-0.037097,0.0208333,0.6131196180164333
20075,0.177511,-0.03858,0.0191667,0.3053377686351618
20076,0.177511,-0.03858,0.0208333,0.30533199176710735
20099,0.270028,-0.0305988,0.0191667,0.11514755758723848
20100,0.270028,-0.0305988,0.0208333,0.10768653411974452
20123,0.140682,-0.0360649,0.0191667,0.5782848666524097
20124,0.140682,-0.0360649,0.0208333,0.5782856369421611
20147,0.293412,-0.0162323,0.0191667,0.20371265155679458
20148,0.293412,-0.0162323,0.0208333,0.16530231341941345
20171,0.279964,-0.00682102,0.0191667,0.34843996636942
20172,0.279964,-0.00682102,0.0208333,0.3470422321364132
20195,0.174204,-0.0307905,0.0191667,0.6345150672694831
20196,0.174204,-0.0307905,0.0208333,0.6345151834480158
20219,0.113465,-0.0366269,0.0191667,0.5841174262727693
20220,0.113465,-0.0366269,0.0208333,0.5841261117830786
20243,0.198446,-0.0348835,0.0191667,0.6808915788851271
20244,0.198446,-0.0348835,0.0208333,0.6808885241647589
20267,0.297038,0.0211242,0.0191667,1.2230907970796607
20268,0.297038,0.0211242,0.0208333,1.227507121211523
20291,0.105462,-0.0291897,0.0191667,0.43139974093968525
20292,0.105462,-0.0291897,0.0208333,0.4314013721583172
20315,0.206199,-0.0356583,0.0191667,0.6621906740648421
20316,0.206199,-0.0356583,0.0208333,0.6621846945303648
20339,0.105588,-0.0306342,0.0191667,0.4198748644515869
20340,0.105588,-0.0306342,0.0208333,0.41987709030245457
20363,0.288747,-0.0371231,0.0191667,0.17668812215403729
20364,0.288747,-0.0371231,0.0208333,0.1656822343593048
20387,0.157089,-0.0343315,0.0191667,0.1502318341034296
20388,0.157089,-0.0343315,0.0208333,0.15022621677676104
20411,0.224389,-0.0344451,0.0191667,0.6165899550227302
20412,0.224389,-0.0344451,0.0208333,0.6165834636268241
20435,0.199271,-0.039536,0.0191667,0.47489655286724347
20436,0.199271,-0.039536,0.0208333,0.4748829566453872
20459,0.129079,-0.0344448,0.0191667,0.5992320950412816
20460,0.129079,-0.0344448,0.0208333,0.5992301663271336
20483,0.288749,-0.0379411,0.0191667,0.1773457890263045
20484,0.288749,-0.0379411,0.0208333,0.17423303829099837
20507,0.155426,-0.0350819,0.0191667,0.1872469734447593
20508,0.155426,-0.0350819,0.0208333,0.18724892910962163
20531,0.129476,-0.0373496,0.0191667,0.7558241859913659
20532,0.129476,-0.0373496,0.0208333,0.7558293712775693
20555,0.214521,-0.0188672,0.0191667,0.8073718007903096
20556,0.214521,-0.0188672,0.0208333,0.807375492500164
20579,0.146974,-0.0184535,0.0191667,0.8991368406492792
20580,0.146974,-0.0184535,0.0208333,0.8991390320802234
20603,0.267128,-0.0365188,0.0191667,0.1463494481336831
20604,0.267128,-0.0365188,0.0208333,0.13673590450982728
20627,0.189784,-0.0358593,0.0191667,0.5846893269509734
20628,0.189784,-0.0358593,0.0208333,0.5846841361129697
20651,0.17333,-0.0148649,0.0191667,0.9044362350117848
20652,0.17333,-0.0148649,0.0208333,0.9044403058934564
20675,0.132799,-0.0382796,0.0191667,0.7612869843437008
20676,0.132799,-0.0382796,0.0208333,0.7612913307539995
20699,0.151093,-0.0365017,0.0191667,0.3821270267789716
20700,0.151093,-0.0365017,0.0208333,0.3821340637472536
20723,0.179111,-0.0232764,0.0191667,0.8249885635686243
20724,0.179111,-0.0232764,0.0208333,0.824990273124767
20747,0.149581,-0.00949758,0.0191667,1.05857788296484
20748,0.149581,-0.00949758,0.0208333,1.058578387879016
20771,0.26637,-0.037097,0.0191667,0.14432081750600084
20772,0.26637,-0.037097,0.0208333,0.13490579993984098
20795,0.123538,-0.0318127,0.0191667,0.42522594699923993
20796,0.123538,-0.0318127,0.0208333,0.4252084842301179
20819,0.269189,-0.0279936,0.0191667,0.06867553476036134
20820,0.269189,-0.0279936,0.0208333,0.06833014854769745
20843,0.219899,-0.0348652,0.0191667,0.6373797855099939
20844,0.219899,-0.0348652,0.0208333,0.6373730889426761
20867,0.275969,-0.0318298,0.0191667,0.1667287686404386
20868,0.275969,-0.0318298,0.0208333,0.1426695118725024
20891,0.222798,-0.0352213,0.0191667,0.6040473460403558
20892,0.222798,-0.0352213,0.0208333,0.6040377215391206
20915,0.199833,-0.0336214,0.0191667,0.7173354723050557
20916,0.199833,-0.0336214,0.0208333,0.7173334386128081
20939,0.118037,-0.0136727,0.0191667,0.8030014569619742
20940,0.118037,-0.0136727,0.0208333,0.8030110491198371
20963,0.167459,-0.0316727,0.0191667,0.4950907119133347
20964,0.167459,-0.0316727,0.0208333,0.49509040066272314
20987,0.178589,-0.0135091,0.0191667,0.857658288425973
20988,0.178589,-0.0135091,0.0208333,0.8576647958918954
21011,0.205513,-0.0364002,0.0191667,0.64105072938995
21012,0.205513,-0.0364002,0.0208333,0.6410437036316144
21035,0.195762,-0.0310386,0.0191667,0.7565097153737129
21036,0.195762,-0.0310386,0.0208333,0.7565096088782265
21059,0.111375,-0.0353833,0.0191667,0.518087807838471
21060,0.111375,-0.0353833,0.0208333,0.5180953794564661
21083,0.196246,-0.0366112,0.0191667,0.6122602713243199
21084,0.196246,-0.0366112,0.0208333,0.612255158509542
21107,0.248365,-0.0344389,0.0191667,0.18799798496828124
21108,0.248365,-0.0344389,0.0208333,0.1891257817624292
21131,0.221312,-0.0359699,0.0191667,0.5900804970907595
21132,0.221312,-0.0359699,0.0208333,0.5900687309415072
21155,0.127555,-0.0370922,0.0191667,0.7441404004390538
21156,0.127555,-0.0370922,0.0208333,0.7441444718495197
21179,0.23373,-0.0356516,0.0191667,0.47498305666114277
21180,0.23373,-0.0356516,0.0208333,0.4749511832209942
21203,0.151454,-0.0379073,0.0191667,0.4372630004376461
21204,0.151454,-0.0379073,0.0208333,0.43727341726870383
21227,0.291872,-0.0339054,0.0191667,0.1774007596242192
21228,0.291872,-0.0339054,0.0208333,0.1442159060988073
21251,0.263633,-0.0365858,0.0191667,0.12960937103388936
21252,0.263633,-0.0365858,0.0208333,0.1213879173443671
21275,0.17498,-0.0333566,0.0191667,0.5139309931649237
21276,0.17498,-0.0333566,0.0208333,0.5139302827799207
21299,0.103689,-0.035851,0.0191667,0.26945868686579466
21300,0.103689,-0.035851,0.0208333,0.2694777088230906
21323,0.262018,-0.0370336,0.0191667,0.12525587078568454
21324,0.262018,-0.0370336,0.0208333,0.11712822229658572
21347,0.220122,-0.0377704,0.0191667,0.5388720951953379
21348,0.220122,-0.0377704,0.0208333,0.5388550238484158
21371,0.154021,-0.0358141,0.0191667,0.26628889897568486
21372,0.154021,-0.0358141,0.0208333,0.2662951191424199
21395,0.239975,-0.0290446,0.0191667,0.5993124688405508
21396,0.239975,-0.0290446,0.0208333,0.599323942178512
21419,0.133486,-0.0379207,0.0191667,0.7534868896498179
21420,0.133486,-0.0379207,0.0208333,0.7534912304806214
21443,0.248485,-0.0332378,0.0191667,0.2723188353019352
21444,0.248485,-0.0332378,0.0208333,0.2727227015497245
21467,0.17297,-0.0287232,0.0191667,0.6942116189314139
21468,0.17297,-0.0287232,0.0208333,0.6942119629819171
21491,0.28955,-0.0383585,0.0191667,0.17332042563863875
21492,0.28955,-0.0383585,0.0208333,0.17118445727840595
21515,0.269651,-0.000616461,0.0191667,0.6353402070135061
21516,0.269651,-0.000616461,0.0208333,0.6352555149019349
21539,0.116294,-0.0382812,0.0191667,0.6565298746859586
21540,0.116294,-0.0382812,0.0208333,0.6565409737361595
21563,0.112909,-0.0359246,0.0191667,0.5614255196498218
21564,0.112909,-0.0359246,0.0208333,0.5614330781297554
21587,0.244456,-0.0390569,0.0191667,0.02874397016370042
21588,0.244456,-0.0390569,0.0208333,0.028832755983263205
21611,0.187958,0.0277307,0.0191667,0.3821304414273205
21612,0.187958,0.0277307,0.0208333,0.38213649841292807
21635,0.191407,0.0275054,0.0191667,0.39477863784419903
21636,0.191407,0.0275054,0.0208333,0.39478552780909976
21659,0.220178,-0.0368385,0.0191667,0.5725743452334517
21660,0.220178,-0.0368385,0.0208333,0.5725604176108379
21683,0.214049,0.0318397,0.0191667,0.49510767511392156
21684,0.214049,0.0318397,0.0208333,0.49511067202031284
21707,0.291223,-0.0368479,0.0191667,0.16867201751840757
21708,0.291223,-0.0368479,0.0208333,0.1576982056361137
21731,0.295275,-0.0351577,0.0191667,0.16048910355167417
21732,0.295275,-0.0351577,0.0208333,0.14597341082844506
21755,0.147625,-0.0124466,0.0191667,1.0591204017730569
21756,0.147625,-0.0124466,0.0208333,1.0591205137538333
21779,0.2431,-0.0287009,0.0191667,0.5774333149630593
21780,0.2431,-0.0287009,0.0208333,0.5774547174094605
21803,0.175305,-0.0345526,0.0191667,0.45076761524513365
21804,0.175305,-0.0345526,0.0208333,0.45076494093099
21827,0.17611,-0.0281182,0.0191667,0.7390611856339159
21828,0.17611,-0.0281182,0.0208333,0.7390625904766858
21851,0.285812,-0.0310991,0.0191667,0.1961412971019107
21852,0.285812,-0.0310991,0.0208333,0.14801322661843436
21875,0.246284,-0.0282752,0.0191667,0.5461653749910482
21876,0.246284,-0.0282752,0.0208333,0.5461984466734348
21899,0.252862,-0.0272657,0.0191667,0.46652937375861603
21900,0.252862,-0.0272657,0.0208333,0.4666904401359883
21923,0.108889,-0.0365709,0.0191667,0.4502101047962051
21924,0.108889,-0.0365709,0.0208333,0.45022256724447135
21947,0.137621,-0.0177055,0.0191667,0.8182949569100048
21948,0.137621,-0.0177055,0.0208333,0.8183009519677523
21971,0.118787,-0.0346978,0.0191667,0.5933732783047909
21972,0.118787,-0.0346978,0.0208333,0.593373302793958
21995,0.249558,-0.0278374,0.0191667,0.5153330400956493
21996,0.249558,-0.0278374,0.0208333,0.5153769050529774
22019,0.25991,-0.0264878,0.0191667,0.3028281314703707
22020,0.25991,-0.0264878,0.0208333,0.30429312699436706
22043,0.256299,-0.0268466,0.0191667,0.4009752250255988
22044,0.256299,-0.0268466,0.0208333,0.4015900286430055
22067,0.263605,-0.0259742,0.0191667,0.22021781085951153
22068,0.263605,-0.0259742,0.0208333,0.22134428561325
22091,0.267469,-0.0324511,0.0191667,0.1076800562439164
22092,0.267469,-0.0324511,0.0208333,0.1007526678007193
22115,0.267267,-0.0252258,0.0191667,0.1401581810785585
22116,0.267267,-0.0252258,0.0208333,0.13932033416052375
22139,0.271063,-0.0248171,0.0191667,0.05420669435742509
22140,0.271063,-0.0248171,0.0208333,0.052227803285681086
22163,0.283542,-0.0366364,0.0191667,0.18169403389577496
22164,0.283542,-0.0366364,0.0208333,0.16976650476183458
22187,0.196355,-0.0350203,0.0191667,0.6668057115676986
22188,0.196355,-0.0350203,0.0208333,0.6668026218566679
22211,0.275062,-0.0243244,0.0191667,0.0697707284100073
22212,0.275062,-0.0243244,0.0208333,0.07231863160902867
22235,0.172418,-0.0376806,0.0191667,0.22898835205492352
22236,0.172418,-0.0376806,0.0208333,0.22898552657157634
22259,0.290367,-0.0371837,0.0191667,0.17115521746639803
22260,0.290367,-0.0371837,0.0208333,0.1614541828408295
22283,0.169306,-0.0379253,0.0191667,0.14357252997226908
22284,0.169306,-0.0379253,0.0208333,0.14356952020996658
22307,0.205407,-0.018164,0.0191667,0.829163239461085
22308,0.205407,-0.018164,0.0208333,0.829167182296793
22331,0.153247,-0.00989425,0.0191667,1.042483564192688
22332,0.153247,-0.00989425,0.0208333,1.0424849825009872
22355,0.175786,-0.0325137,0.0191667,0.5660387740674945
22356,0.175786,-0.0325137,0.0208333,0.5660380854334573
22379,0.135987,-0.0233403,0.0191667,0.4292624881553975
22380,0.135987,-0.0233403,0.0208333,0.4292798345529319
22403,0.113099,-0.0375008,0.0191667,0.5689640514021785
22404,0.113099,-0.0375008,0.0208333,0.5689749369520274
22427,0.239821,-0.0198479,0.0191667,0.7244070022878103
22428,0.239821,-0.0198479,0.0208333,0.7244191718516293
22451,0.215091,-0.0129405,0.0191667,0.733822672007756
22452,0.215091,-0.0129405,0.0208333,0.7338220234665258
22475,0.156108,-0.0368544,0.0191667,0.24331759811239384
22476,0.156108,-0.0368544,0.0208333,0.24332431910382404
22499,0.296933,-0.0324908,0.0191667,0.17315204243614918
22500,0.296933,-0.0324908,0.0208333,0.1671936011499543
22523,0.197403,-0.0156138,0.0191667,0.8052792391846676
22524,0.197403,-0.0156138,0.0208333,0.805283341581186
22547,0.186362,-0.0374029,0.0191667,0.5007821164996239
22548,0.186362,-0.0374029,0.0208333,0.5007768214489833
22571,0.242591,-0.0348394,0.0191667,0.30992686572452477
22572,0.242591,-0.0348394,0.0208333,0.30981598521258324
22595,0.203739,-0.0237097,0.0191667,0.858503801613434
22596,0.203739,-0.0237097,0.0208333,0.8585078020442727
22619,0.113763,0.00134519,0.0191667,1.2524801426271692
22620,0.113763,0.00134519,0.0208333,1.2524800616905125
22643,0.179785,-0.0381563,0.0191667,0.3628681155180482
22644,0.179785,-0.0381563,0.0208333,0.362862522877793
22667,0.281965,-0.0383317,0.0191667,0.18617678676059485
22668,0.281965,-0.0383317,0.0208333,0.1821451990094356
22691,0.278586,-0.0298873,0.0191667,0.1815789053726024
22692,0.278586,-0.0298873,0.0208333,0.1516112112489934
22715,0.207593,-0.0339056,0.0191667,0.7113995525254213
22716,0.207593,-0.0339056,0.0208333,0.7113976300559424
22739,0.174587,-0.0352021,0.0191667,0.40833345850102737
22740,0.174587,-0.0352021,0.0208333,0.40833177676504984
22763,0.23522,0.033216,0.0191667,0.3746782844538013
22764,0.23522,0.033216,0.0208333,0.37467586507343703
22787,0.114336,-0.0365079,0.0191667,0.5976270370908666
22788,0.114336,-0.0365079,0.0208333,0.59763481628246
22811,0.213594,-0.0372258,0.0191667,0.6041321037270776
22812,0.213594,-0.0372258,0.0208333,0.6041220928151791
22835,0.143021,-0.0369058,0.0191667,0.5919667428378254
22836,0.143021,-0.0369058,0.0208333,0.5919696602385527
22859,0.141601,-0.0376698,0.0191667,0.6522521597359907
22860,0.141601,-0.0376698,0.0208333,0.6522563591756588
22883,0.121463,-0.0368442,0.0191667,0.7128600348650139
22884,0.121463,-0.0368442,0.0208333,0.7128669160169727
22907,0.23714,-0.0382345,0.0191667,0.264438476067928
22908,0.23714,-0.0382345,0.0208333,0.264293463388049
22931,0.261547,-0.035385,0.0191667,0.11016068244517596
22932,0.261547,-0.035385,0.0208333,0.10333743534431267
22955,0.211514,-0.0375737,0.0191667,0.593913984080835
22956,0.211514,-0.0375737,0.0208333,0.593902894523019
22979,0.170366,0.0332294,0.0191667,0.3863193420095123
22980,0.170366,0.0332294,0.0208333,0.3863131140831521
23003,0.127032,-0.0111182,0.0191667,1.0416766530460715
23004,0.127032,-0.0111182,0.0208333,1.0416769036343712
23027,0.273084,-0.000847184,0.0191667,0.6058434562135377
23028,0.273084,-0.000847184,0.0208333,0.6056959531967345
23051,0.267722,-0.00344701,0.0191667,0.6370142204981063
23052,0.267722,-0.00344701,0.0208333,0.6369385163669602
23075,0.263064,-0.0348175,0.0191667,0.11033515531841201
23076,0.263064,-0.0348175,0.0208333,0.10337299969769669
23099,0.211796,-0.0126554,0.0191667,0.7387686174940581
23100,0.211796,-0.0126554,0.0208333,0.738768088684315
23123,0.122416,-0.0324085,0.0191667,0.45497290301026727
23124,0.122416,-0.0324085,0.0208333,0.45495854005466524
23147,0.193155,0.030373,0.0191667,0.45013162377893035
23148,0.193155,0.030373,0.0208333,0.45013860249121485
23171,0.23533,-0.0352991,0.0191667,0.46355398423761013
23172,0.23533,-0.0352991,0.0208333,0.46351593974702276
23195,0.199789,-0.0378108,0.0191667,0.5774319946309838
23196,0.199789,-0.0378108,0.0208333,0.5774217827114838
23219,0.11445,0.0316847,0.0191667,0.2509743677793772
23220,0.11445,0.0316847,0.0208333,0.2509894481365669
23243,0.217055,-0.0100016,0.0191667,0.6952143769426588
23244,0.217055,-0.0100016,0.0208333,0.6952111690937235
23267,0.294661,-0.0236737,0.0191667,0.207839533643145
23268,0.294661,-0.0236737,0.0208333,0.16520154970208362
23291,0.167402,-0.0338357,0.0191667,0.3640565752762803
23292,0.167402,-0.0338357,0.0208333,0.36405753057266066
23315,0.237015,-0.0350016,0.0191667,0.446409322439179
23316,0.237015,-0.0350016,0.0208333,0.4463581254775322
23339,0.121636,-0.0136082,0.0191667,0.8157817693996045
23340,0.121636,-0.0136082,0.0208333,0.8157896071975933
23363,0.122261,-0.0356417,0.0191667,0.6499242473503649
23364,0.122261,-0.0356417,0.0208333,0.649925603562871
23387,0.140177,-0.0382359,0.0191667,0.6860757903320056
23388,0.140177,-0.0382359,0.0208333,0.6860800740313335
23411,0.21378,-0.0357533,0.0191667,0.6537621808192949
23412,0.21378,-0.0357533,0.0208333,0.6537563007251695
23435,0.231632,-0.0279391,0.0191667,0.6976244932192941
23436,0.231632,-0.0279391,0.0208333,0.6976295199473859
23459,0.257704,-0.0372397,0.0191667,0.10896704235012712
23460,0.257704,-0.0372397,0.0208333,0.1014582604780902
23483,0.164425,-0.0274793,0.0191667,0.6550390455304699
23484,0.164425,-0.0274793,0.0208333,0.6550395158789528
23507,0.232489,-0.0112838,0.0191667,0.7062779777540789
23508,0.232489,-0.0112838,0.0208333,0.7062774564067368
23531,0.116555,-0.0306161,0.0191667,0.34133841303868645
23532,0.116555,-0.0306161,0.0208333,0.34131820563073834
23555,0.195838,0.0363589,0.0191667,0.5557731597022654
23556,0.195838,0.0363589,0.0208333,0.5557568886906703
23579,0.279602,-0.0338404,0.0191667,0.17560553785666583
23580,0.279602,-0.0338404,0.0208333,0.14557081605750824
23603,0.182054,-0.0278204,0.0191667,0.7780843134481724
23604,0.182054,-0.0278204,0.0208333,0.7780849322945936
23627,0.0969717,-0.00827099,0.0191667,1.163911274850582
23628,0.0969717,-0.00827099,0.0208333,1.163911276461851
23651,0.267628,-0.0349683,0.0191667,0.1363581160028093
23652,0.267628,-0.0349683,0.0208333,0.12609805655540493
23675,0.211305,-0.0382313,0.0191667,0.5596246155621474
23676,0.211305,-0.0382313,0.0208333,0.559610394710186
23699,0.214883,-0.0297844,0.0191667,0.7796360360272422
23700,0.214883,-0.0297844,0.0208333,0.7796381886163536
23723,0.147358,-0.0295352,0.0191667,0.26406583034162545
23724,0.147358,-0.0295352,0.0208333,0.26406255958102354
23747,0.234198,-0.0382862,0.0191667,0.3162151236248262
23748,0.234198,-0.0382862,0.0208333,0.3161426151841483
23771,0.111876,-0.00155845,0.0191667,1.2914073095922949
23772,0.111876,-0.00155845,0.0208333,1.2914073267539588
23795,0.299582,-0.0362754,0.0191667,0.09787349384368578
23796,0.299582,-0.0362754,0.0208333,0.09633939832913635
23819,0.194811,-0.0318134,0.0191667,0.7479421609543485
23820,0.194811,-0.0318134,0.0208333,0.7479420336540683
23843,0.220384,-0.0103512,0.0191667,0.6884042661466889
23844,0.220384,-0.0103512,0.0208333,0.6884006455101024
23867,0.269313,-0.0344956,0.0191667,0.14107846007082334
23868,0.269313,-0.0344956,0.0208333,0.12869034345033664
23891,0.17233,-0.033814,0.0191667,0.45302140374749816
23892,0.17233,-0.033814,0.0208333,0.45302053852219576
23915,0.296502,0.0185012,0.0191667,1.027113924017005
23916,0.296502,0.0185012,0.0208333,1.0243353658865293
23939,0.293188,-0.0110157,0.0191667,0.19799832016514687
23940,0.293188,-0.0110157,0.0208333,0.17557103102636265
23963,0.222605,-0.0383955,0.0191667,0.48435784201332166
23964,0.222605,-0.0383955,0.0208333,0.4843347279658783
23987,0.28795,-0.0366994,0.0191667,0.1785420045774383
23988,0.28795,-0.0366994,0.0208333,0.16598209509827408
24011,0.234779,-0.0270659,0.0191667,0.6849531652357627
24012,0.234779,-0.0270659,0.0208333,0.6849606537529846
24035,0.122145,-0.0364697,0.0191667,0.7118715849617347
24036,0.122145,-0.0364697,0.0208333,0.7118774210424882
24059,0.279445,-0.0190855,0.0191667,0.03871606336052905
24060,0.279445,-0.0190855,0.0208333,0.045667198364730016
24083,0.167636,-0.0266499,0.0191667,0.7180429890199886
24084,0.167636,-0.0266499,0.0208333,0.7180445933544366
24107,0.144196,-0.0121808,0.0191667,1.0771139478336085
24108,0.144196,-0.0121808,0.0208333,1.077114096465679
24131,0.148594,-0.0378452,0.0191667,0.5142945584384934
24132,0.148594,-0.0378452,0.0208333,0.5143032858557542
24155,0.118715,-0.00179691,0.0191667,1.2617014442566896
24156,0.118715,-0.00179691,0.0208333,1.2617014493962633
24179,0.234796,-0.0368321,0.0191667,0.39523762922204964
24180,0.234796,-0.0368321,0.0208333,0.39518343872190304
24203,0.28033,-0.0385645,0.0191667,0.1826860749860536
24204,0.28033,-0.0385645,0.0208333,0.17779658128763332
24227,0.234317,-0.0164444,0.0191667,0.7364644485270964
24228,0.234317,-0.0164444,0.0208333,0.7364695770293457
24251,0.299119,-0.0354744,0.0191667,0.11876997273065276
24252,0.299119,-0.0354744,0.0208333,0.11940301868922744
24275,0.101734,0.0129326,0.0191667,0.22384642842342273
24276,0.101734,0.0129326,0.0208333,0.22385044032202928
24299,0.299537,-0.034627,0.0191667,0.12798288130918134
24300,0.299537,-0.034627,0.0208333,0.12822230489466332
24323,0.113932,-0.0300927,0.0191667,0.3355417176436466
24324,0.113932,-0.0300927,0.0208333,0.3355227391337249
24347,0.258592,-0.0120922,0.0191667,0.6444486824557949
24348,0.258592,-0.0120922,0.0208333,0.6444348354974242
24371,0.117157,0.0012876,0.0191667,1.2644759981319855
24372,0.117157,0.0012876,0.0208333,1.2644760001542057
24395,0.173707,-0.0348281,0.0191667,0.40911700319665945
24396,0.173707,-0.0348281,0.0208333,0.40911524966114815
24419,0.187447,-0.0311958,0.0191667,0.733897506351116
24420,0.187447,-0.0311958,0.0208333,0.7338972416806449
24443,0.111176,-0.0295291,0.0191667,0.3508955062840174
24444,0.111176,-0.0295291,0.0208333,0.3508818404460466
24467,0.260499,-0.038038,0.0191667,0.11973613616249733
24468,0.260499,-0.038038,0.0208333,0.11021021622645742
24491,0.116828,-0.00469224,0.0191667,1.2435935509201363
24492,0.116828,-0.00469224,0.0208333,1.2435837554456337
24515,0.249478,-0.0329715,0.0191667,0.270506184526676
24516,0.249478,-0.0329715,0.0208333,0.27098093796261313
24539,0.289758,-0.0114262,0.0191667,0.1802118309759101
24540,0.289758,-0.0114262,0.0208333,0.17368494057750083
24563,0.150741,-0.0382456,0.0191667,0.4636009936812842
24564,0.150741,-0.0382456,0.0208333,0.4636105094950648
24587,0.189009,-0.028807,0.0191667,0.7864433883236105
24588,0.189009,-0.028807,0.0208333,0.7864451577980955
24611,0.290348,-0.0379777,0.0191667,0.16947058032933032
24612,0.290348,-0.0379777,0.0208333,0.1668510088416552
24635,0.277916,-0.038402,0.0191667,0.18153154250675005
24636,0.277916,-0.038402,0.0208333,0.1764144130318722
24659,0.110849,-0.0131738,0.0191667,0.6119609457938248
24660,0.110849,-0.0131738,0.0208333,0.6119660306123248
24683,0.136189,-0.0376615,0.0191667,0.7120179068538336
24684,0.136189,-0.0376615,0.0208333,0.7120211947875182
24707,0.123447,0.0219553,0.0191667,0.2654850310706291
24708,0.123447,0.0219553,0.0208333,0.26550128945566276
24731,0.124997,0.0189213,0.0191667,0.17803478926202287
24732,0.124997,0.0189213,0.0208333,0.17804719481446935
24755,0.128911,0.024504,0.0191667,0.2838478778396465
24756,0.128911,0.024504,0.0208333,0.2838563793881159
24779,0.123111,0.0160207,0.0191667,0.09122340200379725
24780,0.123111,0.0160207,0.0208333,0.09124063637705515
24803,0.125478,0.0246327,0.0191667,0.284589352554874
24804,0.125478,0.0246327,0.0208333,0.2846017892615048
24827,0.124683,0.0129353,0.0191667,0.3788189200742339
24828,0.124683,0.0129353,0.0208333,0.37881076189695073
24851,0.134745,0.00640449,0.0191667,0.7675151442099953
24852,0.134745,0.00640449,0.0208333,0.767513967330276
24875,0.12814,0.012759,0.0191667,0.36527585166498566
24876,0.12814,0.012759,0.0208333,0.36527057248611267
24899,0.129712,0.00967236,0.0191667,0.60933086848546
24900,0.129712,0.00967236,0.0208333,0.6093284752835584
24923,0.13286,0.00349816,0.0191667,1.0017438937577534
24924,0.13286,0.00349816,0.0208333,1.0017418663319417
24947,0.132554,-0.00249532,0.0191667,1.1868533200014446
24948,0.132554,-0.00249532,0.0208333,1.1868530729573687
24971,0.134444,0.000411381,0.0191667,1.0651263957795771
24972,0.134444,0.000411381,0.0208333,1.0651166423810867
24995,0.13317,0.009493,0.0191667,0.6050373038835405
24996,0.13317,0.009493,0.0208333,0.6050351295774737
25019,0.129082,-0.00231553,0.0191667,1.190449903898105
25020,0.129082,-0.00231553,0.0208333,1.1904498979797977
25043,0.124365,0.00694244,0.0191667,0.8836716682551521
25044,0.124365,0.00694244,0.0208333,0.8836684883795913
25067,0.142947,-0.00303595,0.0191667,1.0793560418575705
25068,0.142947,-0.00303595,0.0208333,1.0793559851796077
25091,0.122796,0.0100279,0.0191667,0.6725817491221621
25092,0.122796,0.0100279,0.0208333,0.6725754016809978
25115,0.127825,0.0067632,0.0191667,0.8813583916228404
25116,0.127825,0.0067632,0.0208333,0.8813551808792478
25139,0.138206,0.00622486,0.0191667,0.760880952730773
25140,0.138206,0.00622486,0.0208333,0.7608799895132543
25163,0.139785,0.00313828,0.0191667,0.8653077563631383
25164,0.139785,0.00313828,0.0208333,0.8653075709701196
25187,0.144822,-0.000129166,0.0191667,0.9227375093847472
25188,0.144822,-0.000129166,0.0208333,0.9227382965872298
25211,0.139492,-0.00285557,0.0191667,1.086978743941174
25212,0.139492,-0.00285557,0.0208333,1.0869784013915227
25235,0.137908,0.000231133,0.0191667,1.0598222423722574
25236,0.137908,0.000231133,0.0208333,1.0598221813985709
25259,0.165386,0.0260986,0.0191667,0.3043420605213246
25260,0.165386,0.0260986,0.0208333,0.30434419720088723
25283,0.164925,0.0198607,0.0191667,0.21722307706696453
25284,0.164925,0.0198607,0.0208333,0.21722356813417923
25307,0.16681,0.0227671,0.0191667,0.25135485703794325
25308,0.16681,0.0227671,0.0208333,0.2513556275017134
25331,0.169649,0.0106039,0.0191667,0.13670975543383873
25332,0.169649,0.0106039,0.0208333,0.13671101936933833
25355,0.174372,0.00134732,0.0191667,0.4519522749086002
25356,0.174372,0.00134732,0.0208333,0.45194865699704456
25379,0.170913,0.00152616,0.0191667,0.449173143332436
25380,0.170913,0.00152616,0.0208333,0.4491683109905483
25403,0.179407,-0.00191553,0.0191667,0.5406457052570651
25404,0.179407,-0.00191553,0.0208333,0.5406436451417589
25427,0.169028,-0.00138024,0.0191667,0.6282406154715743
25428,0.169028,-0.00138024,0.0208333,0.6282449338649935
25451,0.175947,-0.00173828,0.0191667,0.540303127038564
25452,0.175947,-0.00173828,0.0208333,0.5403011598210331
25475,0.165569,-0.00120141,0.0191667,0.6328077003175306
25476,0.165569,-0.00120141,0.0208333,0.6328107217639259
25499,0.171534,0.0135102,0.0191667,0.11985324880792385
25500,0.171534,0.0135102,0.0208333,0.11984641341658749
25523,0.181293,0.000991203,0.0191667,0.4068307966936777
25524,0.181293,0.000991203,0.0208333,0.40682740434346215
25547,0.163994,0.0018842,0.0191667,0.558492456085006
25548,0.163994,0.0018842,0.0208333,0.5584940119750789
25571,0.113011,0.0226278,0.0191667,0.23999626095194088
25572,0.113011,0.0226278,0.0208333,0.24001635394242954
25595,0.1665,0.0167751,0.0191667,0.13865181615459063
25596,0.1665,0.0167751,0.0208333,0.13864610889060283
25619,0.160535,0.00206302,0.0191667,0.5614784164815598
25620,0.160535,0.00206302,0.0208333,0.5614795477607554
25643,0.155501,0.00532778,0.0191667,0.4725065465190272
25644,0.155501,0.00532778,0.0208333,0.4725048743911564
25667,0.186946,0.00970766,0.0191667,0.14242137702482868
25668,0.186946,0.00970766,0.0208333,0.1424378805536368
25691,0.15896,0.00514902,0.0191667,0.47160324911513324
25692,0.15896,0.00514902,0.0208333,0.47160206165474267
25715,0.153619,0.00241878,0.0191667,0.7025897750951806
25716,0.153619,0.00241878,0.0208333,0.7025942016911397
25739,0.158652,-0.000846073,0.0191667,0.7614684596016842
25740,0.158652,-0.000846073,0.0208333,0.7614742558868552
25763,0.171223,0.00751826,0.0191667,0.19643566313973035
25764,0.171223,0.00751826,0.0208333,0.19643641724047162
25787,0.176257,0.0042538,0.0191667,0.2982698690245514
25788,0.176257,0.0042538,0.0208333,0.29827058062135503
25811,0.279822,-0.00112849,0.0191667,0.4993376429797306
25812,0.279822,-0.00112849,0.0208333,0.4986496915796134
25835,0.184752,0.000811801,0.0191667,0.4130446627183927
25836,0.184752,0.000811801,0.0208333,0.41303922178269975
25859,0.26494,0.00866756,0.0191667,0.6004229407989942
25860,0.26494,0.00866756,0.0208333,0.6003928605516895
25883,0.269153,0.0262679,0.0191667,0.36026694898976785
25884,0.269153,0.0262679,0.0208333,0.36028321796729557
25907,0.25395,-0.0027695,0.0191667,0.6563010040106992
25908,0.25395,-0.0027695,0.0208333,0.6562809897540941
25931,0.275939,0.0201156,0.0191667,0.5971953319292524
25932,0.275939,0.0201156,0.0208333,0.5971954338082062
25955,0.160358,0.0290431,0.0191667,0.3168320771814375
25956,0.160358,0.0290431,0.0208333,0.3168297770427125
25979,0.155811,0.0113207,0.0191667,0.1357953527880925
25980,0.155811,0.0113207,0.0208333,0.13578491272139773
26003,0.273742,0.0112142,0.0191667,0.6264902866972353
26004,0.273742,0.0112142,0.0208333,0.6264516773839464
26027,0.154529,0.0204206,0.0191667,0.2210397282579048
26028,0.154529,0.0204206,0.0208333,0.22104345638220224
26051,0.27344,0.00521155,0.0191667,0.6312005595027622
26052,0.27344,0.00521155,0.0208333,0.631110440159213
26075,0.14605,0.0238464,0.0191667,0.25250343854257135
26076,0.14605,0.0238464,0.0208333,0.25251172098086855
26099,0.263056,0.00576202,0.0191667,0.606372603365825
26100,0.263056,0.00576202,0.0208333,0.6063414994926077
26123,0.200157,-0.00299074,0.0191667,0.5183995317018554
26124,0.200157,-0.00299074,0.0208333,0.5183922492454253
26147,0.254254,0.00321755,0.0191667,0.6020525862258527
26148,0.254254,0.00321755,0.0208333,0.6020282633701416
26171,0.207703,0.00863131,0.0191667,0.22992056209512185
26172,0.207703,0.00863131,0.0208333,0.22993992470288965
26195,0.280972,0.0168508,0.0191667,0.6743617258884316
26196,0.280972,0.0168508,0.0208333,0.6742978492895424
26219,0.16542,-0.00734319,0.0191667,0.8363487881443101
26220,0.16542,-0.00734319,0.0208333,0.8363540032877708
26243,0.175683,-0.00765799,0.0191667,0.7325715525381845
26244,0.175683,-0.00765799,0.0208333,0.7325773791030181
26267,0.180621,-0.010823,0.0191667,0.778325780951699
26268,0.180621,-0.010823,0.0208333,0.7783312768074179
26291,0.186009,-0.00843995,0.0191667,0.6930109510184059
26292,0.186009,-0.00843995,0.0208333,0.6930124348440888
26315,0.206864,-0.00938092,0.0191667,0.6787499343451687
26316,0.206864,-0.00938092,0.0208333,0.6787465683306135
26339,0.22238,-0.00733542,0.0191667,0.6537997977816622
26340,0.22238,-0.00733542,0.0208333,0.6537948933491147
26363,0.26998,0.00539148,0.0191667,0.6381711262761423
26364,0.26998,0.00539148,0.0208333,0.638114243814087
26387,0.268401,0.00848663,0.0191667,0.6126166583295972
26388,0.268401,0.00848663,0.0208333,0.6125841036708021
26411,0.216197,0.00518683,0.0191667,0.33480150843238604
26412,0.216197,0.00518683,0.0208333,0.334801708505194
26435,0.216507,0.0111794,0.0191667,0.18576368972784527
26436,0.216507,0.0111794,0.0208333,0.18577473050667964
26459,0.223426,0.0108209,0.0191667,0.25656506677549656
26460,0.223426,0.0108209,0.0208333,0.25656162957360723
26483,0.274992,0.00206807,0.0191667,0.6079264398007445
26484,0.274992,0.00206807,0.0208333,0.6077745994991914
26507,0.278761,0.00794834,0.0191667,0.6261518411028354
26508,0.278761,0.00794834,0.0208333,0.6259398847888369
26531,0.22877,0.0135481,0.0191667,0.23261589157238358
26532,0.22877,0.0135481,0.0208333,0.2326061930362159
26555,0.227501,0.022614,0.0191667,0.20366248033465195
26556,0.227501,0.022614,0.0208333,0.20366172971680727
26579,0.274256,0.0231177,0.0191667,0.5163809724339289
26580,0.274256,0.0231177,0.0208333,0.5163956243425056
26603,0.206769,0.0236131,0.0191667,0.3078919221588103
26604,0.206769,0.0236131,0.0208333,0.3078909389103578
26627,0.19606,0.0182472,0.0191667,0.16692175235831788
26628,0.19606,0.0182472,0.0208333,0.16689980656161987
26651,0.185682,0.0187851,0.0191667,0.19415995244033524
26652,0.185682,0.0187851,0.0208333,0.19414709285529883
26675,0.239148,0.0130103,0.0191667,0.32164223890217275
26676,0.239148,0.0130103,0.0208333,0.32162293751747745
26699,0.249837,0.0184644,0.0191667,0.3056485882336713
26700,0.249837,0.0184644,0.0208333,0.30562975380312185
26723,0.279435,0.0260115,0.0191667,0.5668517445608162
26724,0.279435,0.0260115,0.0208333,0.5668843227909808
26747,0.180648,0.02205,0.0191667,0.2699899837254501
26748,0.180648,0.02205,0.0208333,0.2699907967639877
26771,0.175649,0.0252474,0.0191667,0.3253397851212214
26772,0.175649,0.0252474,0.0208333,0.3253432627959731
26795,0.180971,0.0280607,0.0191667,0.3832351163799689
26796,0.180971,0.0280607,0.0208333,0.3832375098616174
26819,0.233494,0.00428424,0.0191667,0.46943915579508333
26820,0.233494,0.00428424,0.0208333,0.4694238995289504
26843,0.22846,0.00755609,0.0191667,0.36675076028004944
26844,0.22846,0.00755609,0.0208333,0.3667374236003654
26867,0.253622,-0.00869718,0.0191667,0.6779479827852285
26868,0.253622,-0.00869718,0.0208333,0.6779380270972332
26891,0.264284,-0.0032562,0.0191667,0.6542682284181973
26892,0.264284,-0.0032562,0.0208333,0.6542117758332866
26915,0.210855,0.00245774,0.0191667,0.38810781133224576
26916,0.210855,0.00245774,0.0208333,0.3881063297465381
26939,0.26871,0.0144813,0.0191667,0.5595895352033153
26940,0.26871,0.0144813,0.0208333,0.5595772290028893
26963,0.275626,0.0141224,0.0191667,0.633224473067082
26964,0.275626,0.0141224,0.0208333,0.6331927634676765
26987,0.26902,0.020474,0.0191667,0.4770563211785445
26988,0.26902,0.020474,0.0208333,0.4770593377548617
27011,0.232781,0.0252457,0.0191667,0.23276318290690087
27012,0.232781,0.0252457,0.0208333,0.23276848586268584
27035,0.286217,0.0195711,0.0191667,0.7432738228946045
27036,0.286217,0.0195711,0.0208333,0.7430534999657858
27059,0.236956,0.00410294,0.0191667,0.4698028930644556
27060,0.236956,0.00410294,0.0208333,0.4697865013964193
27083,0.257021,-0.008796,0.0191667,0.6693084158187035
27084,0.257021,-0.008796,0.0208333,0.6692898065082995
27107,0.257712,0.00303775,0.0191667,0.6066068429443862
27108,0.257712,0.00303775,0.0208333,0.6065807950644939
27131,0.264634,0.00266834,0.0191667,0.6414069435731812
27132,0.264634,0.00266834,0.0208333,0.6413617694267487
27155,0.263999,0.0237134,0.0191667,0.3435595044002104
27156,0.263999,0.0237134,0.0208333,0.3435636310427174
27179,0.275906,0.026167,0.0191667,0.5199082624586661
27180,0.275906,0.026167,0.0208333,0.5199245374517529
27203,0.156638,0.0291092,0.0191667,0.30519347788391893
27204,0.156638,0.0291092,0.0208333,0.30519203696595293
27227,0.149492,0.0236892,0.0191667,0.25533365205036745
27228,0.149492,0.0236892,0.0208333,0.2553396717916149
27251,0.252678,0.00630225,0.0191667,0.5376257017046044
27252,0.252678,0.00630225,0.0208333,0.5376041530756502
27275,0.153927,0.00841383,0.0191667,0.3598504500123183
27276,0.153927,0.00841383,0.0208333,0.35984530556932265
27299,0.259287,-4.74599e-05,0.0191667,0.6469584198808764
27300,0.259287,-4.74599e-05,0.0208333,0.6469259609897099
27323,0.264101,0.0293675,0.0191667,0.2226926619296245
27324,0.264101,0.0293675,0.0208333,0.2227114355564609
27347,0.14574,0.0178544,0.0191667,0.1406326074648977
27348,0.14574,0.0178544,0.0208333,0.14064423565845774
27371,0.284338,0.0166747,0.0191667,0.7003301051837281
27372,0.284338,0.0166747,0.0208333,0.7000432087982239
27395,0.202979,0.0178887,0.0191667,0.11708053325243518
27396,0.202979,0.0178887,0.0208333,0.11705221971037333
27419,0.259906,0.0119342,0.0191667,0.5230218436977295
27420,0.259906,0.0119342,0.0208333,0.5230001384729901
27443,0.275317,0.00812701,0.0191667,0.6358429706457597
27444,0.275317,0.00812701,0.0208333,0.6357574089776749
27467,0.197635,0.0151616,0.0191667,0.04121442171258425
27468,0.197635,0.0151616,0.0208333,0.041180997740728385
27491,0.233804,0.0102832,0.0191667,0.339139627420276
27492,0.233804,0.0102832,0.0208333,0.3391234236162239
27515,0.212432,-0.000629048,0.0191667,0.4911823038714572
27516,0.212432,-0.000629048,0.0208333,0.4911741901920547
27539,0.263365,0.0117544,0.0191667,0.5427042013479941
27540,0.263365,0.0117544,0.0208333,0.542685063340246
27563,0.295442,0.0284364,0.0191667,1.0860724079016142
27564,0.295442,0.0284364,0.0208333,1.0859924702781507
27587,0.241816,-0.00510291,0.0191667,0.6379534981913039
27588,0.241816,-0.00510291,0.0208333,0.6379444858993673
27611,0.151066,0.0206036,0.0191667,0.20936362293006744
27612,0.151066,0.0206036,0.0208333,0.20936825007029675
27635,0.265814,0.0265051,0.0191667,0.32000500274288024
27636,0.265814,0.0265051,0.0208333,0.32001166004738774
27659,0.221851,0.0139066,0.0191667,0.17424531574434973
27660,0.221851,0.0139066,0.0208333,0.17424158975863663
27683,0.144165,0.0209401,0.0191667,0.22915175870113522
27684,0.144165,0.0209401,0.0208333,0.22916390154452207
27707,0.22908,0.0195401,0.0191667,0.17396622406642617
27708,0.22908,0.0195401,0.0208333,0.17395818815633415
27731,0.135402,0.0184938,0.0191667,0.14814583281324523
27732,0.135402,0.0184938,0.0208333,0.1481462461499869
27755,0.128459,0.0187573,0.0191667,0.20840041738563525
27756,0.128459,0.0187573,0.0208333,0.20841093418840603
27779,0.154729,0.0265452,0.0191667,0.28412083491026513
27780,0.154729,0.0265452,0.0208333,0.28412246757672316
27803,0.222808,-0.0011772,0.0191667,0.537479423228149
27804,0.222808,-0.0011772,0.0208333,0.5374677389045248
27827,0.201094,0.0149823,0.0191667,0.023324850008486848
27828,0.201094,0.0149823,0.0208333,0.023271711374386626
27851,0.200474,0.00299783,0.0191667,0.3488733385937431
27852,0.200474,0.00299783,0.0208333,0.34887844284670455
27875,0.197014,0.00317769,0.0191667,0.3440127451850412
27876,0.197014,0.00317769,0.0208333,0.34401815726078316
27899,0.159581,0.0171336,0.0191667,0.1583573272284895
27900,0.159581,0.0171336,0.0208333,0.15835602180040392
27923,0.223736,0.016813,0.0191667,0.15354999823893434
27924,0.223736,0.016813,0.0208333,0.15354392072377854
27947,0.211783,0.0204362,0.0191667,0.1935097291290567
27948,0.211783,0.0204362,0.0208333,0.19349594580435245
27971,0.192601,0.0184265,0.0191667,0.15037693988691694
27972,0.192601,0.0184265,0.0208333,0.15035115908596583
27995,0.182223,0.0189643,0.0191667,0.1731674515755995
27996,0.182223,0.0189643,0.0208333,0.17315178742077714
28019,0.239459,0.0190022,0.0191667,0.21336384155507837
28020,0.239459,0.0190022,0.0208333,0.21334692871278485
28043,0.247952,0.015558,0.0191667,0.33658390112045106
28044,0.247952,0.015558,0.0208333,0.33656557975031876
28067,0.15127,0.0267245,0.0191667,0.2793455830367891
28068,0.15127,0.0267245,0.0208333,0.27934739783084506
28091,0.205239,-0.00629428,0.0191667,0.6030801522285041
28092,0.205239,-0.00629428,0.0208333,0.6030728326902218
28115,0.225861,-0.00794256,0.0191667,0.6469399790745112
28116,0.225861,-0.00794256,0.0208333,0.6469341917247036
28139,0.251737,-0.0117046,0.0191667,0.6817716213055983
28140,0.251737,-0.0117046,0.0208333,0.6817700361170181
28163,0.278355,0.00189311,0.0191667,0.5735155787923834
28164,0.278355,0.00189311,0.0208333,0.57312653624801
28187,0.156121,0.0173129,0.0191667,0.13211721970097254
28188,0.156121,0.0173129,0.0208333,0.13211693139197572
28211,0.197324,0.00916965,0.0191667,0.17419277956032647
28212,0.197324,0.00916965,0.0208333,0.17422624000226286
28235,0.164304,0.00787673,0.0191667,0.2407589223511992
28236,0.164304,0.00787673,0.0208333,0.2407513393310203
28259,0.174062,-0.00464495,0.0191667,0.6885123162564446
28260,0.174062,-0.00464495,0.0208333,0.6885172105597349
28283,0.17915,-0.00782518,0.0191667,0.7272302651199685
28284,0.17915,-0.00782518,0.0208333,0.7272360483936867
28307,0.184451,-0.00516631,0.0191667,0.6130960609954349
28308,0.184451,-0.00516631,0.0208333,0.6130956859353102
28331,0.189401,-0.00859357,0.0191667,0.6917916527920427
28332,0.189401,-0.00859357,0.0208333,0.691793083150138
28355,0.194749,-0.00567656,0.0191667,0.5987188384442993
28356,0.194749,-0.00567656,0.0208333,0.598713894788807
28379,0.221233,0.00190908,0.0191667,0.4367381979197025
28380,0.221233,0.00190908,0.0208333,0.4367281409949819
28403,0.213047,0.0113587,0.0191667,0.17986671472346968
28404,0.213047,0.0113587,0.0208333,0.17988601423778716
28427,0.218703,0.0200758,0.0191667,0.1770775085754529
28428,0.218703,0.0200758,0.0208333,0.17707009670048493
28451,0.203309,0.0237834,0.0191667,0.31222676173873437
28452,0.203309,0.0237834,0.0208333,0.31222654402518585
28475,0.248263,0.02155,0.0191667,0.23720891454891427
28476,0.248263,0.02155,0.0208333,0.2371955579217689
28499,0.186015,0.0248298,0.0191667,0.3323584402169236
28500,0.186015,0.0248298,0.0208333,0.33236327674648447
28523,0.177189,0.0222292,0.0191667,0.24905314497308823
28524,0.177189,0.0222292,0.0208333,0.2490523109655404
28547,0.2423,0.00683701,0.0191667,0.454040408026065
28548,0.2423,0.00683701,0.0208333,0.45402141691015874
28571,0.172189,0.0254267,0.0191667,0.308345643639139
28572,0.172189,0.0254267,0.0208333,0.30834832280389673
28595,0.201764,-0.00610359,0.0191667,0.6059732875075725
28596,0.201764,-0.00610359,0.0208333,0.6059671024697717
28619,0.226885,0.0106417,0.0191667,0.2673521396788319
28620,0.226885,0.0106417,0.0208333,0.2673426224970543
28643,0.224042,0.0227915,0.0191667,0.23162413658946707
28644,0.224042,0.0227915,0.0208333,0.23162627191022697
28667,0.270797,0.0232969,0.0191667,0.46968541773087474
28668,0.270797,0.0232969,0.0208333,0.46968997539243235
28691,0.197944,0.0211446,0.0191667,0.23443466353896747
28692,0.197944,0.0211446,0.0208333,0.23442441770764838
28715,0.200784,0.00899037,0.0191667,0.182639530526206
28716,0.200784,0.00899037,0.0208333,0.1826719018471575
28739,0.244803,0.0217293,0.0191667,0.20546432310741833
28740,0.244803,0.0217293,0.0208333,0.20544920994693847
28763,0.175304,0.0193229,0.0191667,0.20750912590723428
28764,0.175304,0.0193229,0.0208333,0.20750387063626163
28787,0.177535,0.0281265,0.0191667,0.366150778451839
28788,0.177535,0.0281265,0.0208333,0.36615327299068867
28811,0.168879,-0.00752247,0.0191667,0.8304298516825503
28812,0.168879,-0.00752247,0.0208333,0.8304360250428471
28835,0.202052,-9.12757e-05,0.0191667,0.4495476819151322
28836,0.202052,-9.12757e-05,0.0208333,0.44954331939107633
28859,0.257405,-0.00295135,0.0191667,0.6530881120385078
28860,0.257405,-0.00295135,0.0208333,0.6530608794556361
28883,0.259596,0.00594285,0.0191667,0.5978167192135952
28884,0.259596,0.00594285,0.0208333,0.5977883940355744
28907,0.161466,0.02004,0.0191667,0.19541775205324133
28908,0.161466,0.02004,0.0208333,0.19541696030094752
28931,0.234393,0.022218,0.0191667,0.1916562795345465
28932,0.234393,0.022218,0.0208333,0.19165160000294768
28955,0.18099,-0.00498939,0.0191667,0.6154353153124424
28956,0.18099,-0.00498939,0.0208333,0.6154360194289409
28979,0.211163,0.00845192,0.0191667,0.2272325692216798
28980,0.211163,0.00845192,0.0208333,0.2272496847899183
29003,0.19575,0.0122553,0.0191667,0.08465650752380705
29004,0.19575,0.0122553,0.0208333,0.08468549882536694
29027,0.231919,0.00737686,0.0191667,0.37009653512241075
29028,0.231919,0.00737686,0.0208333,0.370082110908394
29051,0.258331,0.01502,0.0191667,0.44430536444881596
29052,0.258331,0.01502,0.0208333,0.44428972071667205
29075,0.19981,-0.00916335,0.0191667,0.669937554184153
29076,0.19981,-0.00916335,0.0208333,0.6699345524054204
29099,0.150777,0.0145857,0.0191667,0.07210399341757502
29100,0.150777,0.0145857,0.0208333,0.07210892181601435
29123,0.156414,0.023327,0.0191667,0.24849332949768066
29124,0.156414,0.023327,0.0208333,0.24849660936906745
29147,0.279398,0.0199364,0.0191667,0.6428495331360362
29148,0.279398,0.0199364,0.0208333,0.6428475898737118
29171,0.213358,0.0173505,0.0191667,0.11366132081619675
29172,0.213358,0.0173505,0.0208333,0.11365089118557739
29195,0.213741,0.02327,0.0191667,0.28060967104824025
29196,0.213741,0.02327,0.0208333,0.2806103376410648
29219,0.238544,0.00101221,0.0191667,0.5641653612911521
29220,0.238544,0.00101221,0.0208333,0.5641510835212445
29243,0.15927,0.0111416,0.0191667,0.13373417013834532
29244,0.15927,0.0111416,0.0208333,0.13372902464279
29267,0.101765,0.024898,0.0191667,0.16365617928376552
29268,0.101765,0.024898,0.0208333,0.1636468352867846
29291,0.218082,0.00809356,0.0191667,0.29493418572698554
29292,0.218082,0.00809356,0.0208333,0.2949348002795752
29315,0.185061,0.00680171,0.0191667,0.22352788185719136
29316,0.185061,0.00680171,0.0208333,0.22353945775460426
29339,0.164615,0.0138688,0.0191667,0.11203130297185514
29340,0.164615,0.0138688,0.0208333,0.11202901753912198
29363,0.212136,-0.00662871,0.0191667,0.6265443938774219
29364,0.212136,-0.00662871,0.0208333,0.6265375455948117
29387,0.215594,-0.00680729,0.0191667,0.6205219334426423
29388,0.215594,-0.00680729,0.0208333,0.6205147278937952
29411,0.246807,-0.00831798,0.0191667,0.6759021146967286
29412,0.246807,-0.00831798,0.0208333,0.6758969630180492
29435,0.221541,0.00791434,0.0191667,0.29297104936663093
29436,0.221541,0.00791434,0.0208333,0.29296864324118244
29459,0.140398,0.0151237,0.0191667,0.09126800717817607
29460,0.140398,0.0151237,0.0208333,0.09126764681042038
29483,0.23254,0.0193608,0.0191667,0.184301342832235
29484,0.23254,0.0193608,0.0208333,0.18428903246526201
29507,0.283756,0.0044485,0.0191667,0.516351500027733
29508,0.283756,0.0044485,0.0208333,0.5149769409746032
29531,0.187256,0.0156994,0.0191667,0.10782932460889293
29532,0.187256,0.0156994,0.0208333,0.10780809466491327
29555,0.180338,0.016058,0.0191667,0.13669599860374698
29556,0.180338,0.016058,0.0208333,0.1366770396210512
29579,0.138513,0.0122174,0.0191667,0.3164518470672717
29580,0.138513,0.0122174,0.0208333,0.3164656010792521
29603,0.280246,0.00485792,0.0191667,0.584165149378804
29604,0.280246,0.00485792,0.0208333,0.583780848742722
29627,0.140741,0.0212059,0.0191667,0.23587397716388558
29628,0.140741,0.0212059,0.0208333,0.23588670386430707
29651,0.161927,0.0262778,0.0191667,0.2925254879837236
29652,0.161927,0.0262778,0.0208333,0.2925266723622692
29675,0.226576,0.00463735,0.0191667,0.39756559611460546
29676,0.226576,0.00463735,0.0208333,0.39755471973112244
29699,0.205819,0.00572439,0.0191667,0.284865190012805
29700,0.205819,0.00572439,0.0208333,0.2848776891888998
29723,0.220926,-0.00407555,0.0191667,0.5707763734191024
29724,0.220926,-0.00407555,0.0208333,0.5707671950028487
29747,0.145433,0.0118585,0.0191667,0.23288741355424458
29748,0.145433,0.0118585,0.0208333,0.2328851405500222
29771,0.212738,0.00536585,0.0191667,0.3413414054826804
29772,0.212738,0.00536585,0.0208333,0.34134099931961126
29795,0.149199,0.0176751,0.0191667,0.1656574863009024
29796,0.149199,0.0176751,0.0208333,0.16566595872476408
29819,0.159891,0.0231256,0.0191667,0.2619079059344412
29820,0.159891,0.0231256,0.0208333,0.26191022036866773
29843,0.166189,0.0107832,0.0191667,0.13194624152938195
29844,0.166189,0.0107832,0.0208333,0.13194602398889632
29867,0.165879,0.00479101,0.0191667,0.34598732370167673
29868,0.165879,0.00479101,0.0208333,0.34598017605994946
29891,0.196693,-0.00280797,0.0191667,0.5173222381247429
29892,0.196693,-0.00280797,0.0208333,0.5173169588713754
29915,0.231332,-0.00519561,0.0191667,0.6159716262928103
29916,0.231332,-0.00519561,0.0208333,0.6159629920024495
29939,0.236824,-0.00797331,0.0191667,0.6625568511914256
29940,0.236824,-0.00797331,0.0208333,0.6625517136932887
29963,0.148892,0.0116791,0.0191667,0.21390592950537862
29964,0.148892,0.0116791,0.0208333,0.2138979250485535
29987,0.161155,0.014048,0.0191667,0.10765282295917743
29988,0.161155,0.014048,0.0208333,0.10765354919338284
30011,0.212334,0.0264383,0.0191667,0.3755139589800459
30012,0.212334,0.0264383,0.0208333,0.3755211212676171
30035,0.237574,0.0160959,0.0191667,0.24606776658496218
30036,0.237574,0.0160959,0.0208333,0.2460498474594528
30059,0.176878,0.0162373,0.0191667,0.13484058541783367
30060,0.176878,0.0162373,0.0208333,0.13482696528594307
30083,0.270285,0.0113939,0.0191667,0.6114265515559955
30084,0.270285,0.0113939,0.0208333,0.611397423440325
30107,0.143858,0.0149444,0.0191667,0.05971502161230753
30108,0.143858,0.0149444,0.0208333,0.05971875398205064
30131,0.138856,0.0182995,0.0191667,0.17944712743118538
30132,0.138856,0.0182995,0.0208333,0.17945573869321196
30155,0.208821,0.0266019,0.0191667,0.3850414202608453
30156,0.208821,0.0266019,0.0208333,0.38504956656085215
30179,0.133827,0.0215795,0.0191667,0.25222937821206337
30180,0.133827,0.0215795,0.0208333,0.25223649814344656
30203,0.250182,0.0243423,0.0191667,0.20068768106444437
30204,0.250182,0.0243423,0.0208333,0.20067857127361918
30227,0.228154,0.00147958,0.0191667,0.5051993984573493
30228,0.228154,0.00147958,0.0208333,0.5051863463397224
30251,0.210302,-0.00953789,0.0191667,0.6747163342570297
30252,0.210302,-0.00953789,0.0208333,0.6747127600226147
30275,0.233193,-0.00186399,0.0191667,0.5929196728010208
30276,0.233193,-0.00186399,0.0208333,0.5929084212751367
30299,0.232229,0.0133688,0.0191667,0.252783968399422
30300,0.232229,0.0133688,0.0208333,0.2527697310644687
30323,0.227195,0.0166337,0.0191667,0.1787179859570718
30324,0.227195,0.0166337,0.0208333,0.1787080201488851
30347,0.242918,0.0188229,0.0191667,0.24187643377788628
30348,0.242918,0.0188229,0.0208333,0.24185819830540903
30371,0.169338,0.00461179,0.0191667,0.3534981566362726
30372,0.169338,0.00461179,0.0208333,0.3534927858568329
30395,0.191301,-0.00550122,0.0191667,0.5979348900469591
30396,0.191301,-0.00550122,0.0208333,0.5979309969712961
30419,0.206128,0.0117174,0.0191667,0.11387830575327738
30420,0.206128,0.0117174,0.0208333,0.11391668303729298
30443,0.208324,0.0206157,0.0191667,0.20885321329652462
30444,0.208324,0.0206157,0.0208333,0.2088403559993767
30467,0.182544,0.0250023,0.0191667,0.31621635338315845
30468,0.182544,0.0250023,0.0208333,0.3162204784924719
30491,0.217773,0.00210031,0.0191667,0.4451083203661999
30492,0.217773,0.00210031,0.0208333,0.4450983286077228
30515,0.19229,0.0124345,0.0191667,0.08818360903627442
30516,0.19229,0.0124345,0.0208333,0.08818490694086148
30539,0.242608,0.012831,0.0191667,0.3417112625588333
30540,0.242608,0.012831,0.0208333,0.3416908993435324
30563,0.160845,0.00805593,0.0191667,0.23869184014449674
30564,0.160845,0.00805593,0.0208333,0.2386814145730133
30587,0.28561,0.00733915,0.0191667,0.5368346569771367
30588,0.28561,0.00733915,0.0208333,0.5355046794296012
30611,0.170602,-0.00446575,0.0191667,0.692397456211928
30612,0.170602,-0.00446575,0.0208333,0.6924014095636579
30635,0.196259,-0.00891909,0.0191667,0.6720788907813058
30636,0.196259,-0.00891909,0.0208333,0.6720769951036082
30659,0.195129,0.000271352,0.0191667,0.4199597972600873
30660,0.195129,0.000271352,0.0208333,0.41995579084467555
30683,0.21589,-0.000807456,0.0191667,0.4849933797123473
30684,0.21589,-0.000807456,0.0208333,0.4849848602426084
30707,0.22627,-0.00142766,0.0191667,0.5294410201177853
30708,0.22627,-0.00142766,0.0208333,0.5294292085209673
30731,0.233283,-0.00826741,0.0191667,0.673570445851043
30732,0.233283,-0.00826741,0.0208333,0.6735659723554165
30755,0.248635,-0.00548115,0.0191667,0.6681182960277858
30756,0.248635,-0.00548115,0.0208333,0.6681092314717864
30779,0.223116,0.00481638,0.0191667,0.4042965459616991
30780,0.223116,0.00481638,0.0208333,0.40428702873008043
30803,0.211473,0.0144445,0.0191667,0.09539954392538834
30804,0.211473,0.0144445,0.0208333,0.09541214060590865
30827,0.216817,0.0171712,0.0191667,0.12386967608928506
30828,0.216817,0.0171712,0.0208333,0.12386752513863143
30851,0.270594,0.0173881,0.0191667,0.5564432008404675
30852,0.270594,0.0173881,0.0208333,0.5564333057287024
30875,0.274054,0.0172089,0.0191667,0.5906982774328512
30876,0.274054,0.0172089,0.0208333,0.5906937201534264
30899,0.222162,0.0198969,0.0191667,0.16413214781381524
30900,0.222162,0.0198969,0.0208333,0.16412535127609781
30923,0.234114,0.0162752,0.0191667,0.21994573402608403
30924,0.234114,0.0162752,0.0208333,0.21992983010238606
30947,0.206439,0.0177094,0.0191667,0.11209119094349074
30948,0.206439,0.0177094,0.0208333,0.11206183952095028
30971,0.202669,0.0118967,0.0191667,0.11117329082301992
30972,0.202669,0.0118967,0.0208333,0.11121770512112669
30995,0.201404,0.0209653,0.0191667,0.23781797059158555
30996,0.201404,0.0209653,0.0208333,0.23780806397947082
31019,0.19637,0.0242302,0.0191667,0.3299603109885081
31020,0.19637,0.0242302,0.0208333,0.3299622650052333
31043,0.237853,0.0220388,0.0191667,0.18798679027357973
31044,0.237853,0.0220388,0.0208333,0.18797615714123245
31067,0.244493,0.0157373,0.0191667,0.3110340891384824
31068,0.244493,0.0157373,0.0208333,0.31101430031169464
31091,0.248903,0.0273271,0.0191667,0.17457800925215752
31092,0.248903,0.0273271,0.0208333,0.17457778908217642
31115,0.23884,0.00701629,0.0191667,0.4456073961725374
31116,0.23884,0.00701629,0.0208333,0.44558933059461425
31139,0.244182,0.00974537,0.0191667,0.43032459315139104
31140,0.244182,0.00974537,0.0208333,0.4303040436674415
31163,0.217202,0.023089,0.0191667,0.2570773053940974
31164,0.217202,0.023089,0.0208333,0.25707661711486496
31187,0.202359,0.00590417,0.0191667,0.28343131708652114
31188,0.202359,0.00590417,0.0208333,0.28344622994387997
31211,0.227744,0.0284435,0.0191667,0.3482968331868741
31212,0.227744,0.0284435,0.0208333,0.3483050590140327
31235,0.210553,-0.00354006,0.0191667,0.5408917634591641
31236,0.210553,-0.00354006,0.0208333,0.5408840191213578
31259,0.248365,-0.0115079,0.0191667,0.6882748860148428
31260,0.248365,-0.0115079,0.0208333,0.6882778022012914
31283,0.205514,-0.00027244,0.0191667,0.44911081261239627
31284,0.205514,-0.00027244,0.0208333,0.4491054586908454
31307,0.236661,-0.00197619,0.0191667,0.5820536434436503
31308,0.236661,-0.00197619,0.0208333,0.5820411196915412
31331,0.252077,-0.00566371,0.0191667,0.6635092641983038
31332,0.252077,-0.00566371,0.0208333,0.6634954469521329
31355,0.262749,-0.000236038,0.0191667,0.6452576528144425
31356,0.262749,-0.000236038,0.0208333,0.6452163646604558
31379,0.268098,0.00247873,0.0191667,0.6387104784879303
31380,0.268098,0.00247873,0.0208333,0.6386534126390953
31403,0.191038,0.0215189,0.0191667,0.26174874263214737
31404,0.191038,0.0215189,0.0208333,0.2617441494076748
31427,0.249527,0.0124725,0.0191667,0.42210396103399467
31428,0.249527,0.0124725,0.0208333,0.4220829387119202
31451,0.195439,0.00626331,0.0191667,0.24980279536226593
31452,0.195439,0.00626331,0.0208333,0.24982131588585152
31475,0.243881,0.00375173,0.0191667,0.5432757315677562
31476,0.243881,0.00375173,0.0208333,0.5432576346231927
31499,0.24344,-0.00811072,0.0191667,0.6815454067351092
31500,0.24344,-0.00811072,0.0208333,0.6815421027989104
31523,0.243601,-0.00223733,0.0191667,0.6262347932614344
31524,0.243601,-0.00223733,0.0208333,0.6262219735287433
31547,0.247053,-0.00240831,0.0191667,0.6230725726749381
31548,0.247053,-0.00240831,0.0208333,0.6230575928009703
31571,0.154237,0.0144064,0.0191667,0.0860689270262129
31572,0.154237,0.0144064,0.0208333,0.08607215976025796
31595,0.229348,0.0254624,0.0191667,0.27073454818812487
31596,0.229348,0.0254624,0.0208333,0.2707405564939835
31619,0.217468,-0.00389704,0.0191667,0.5788934622926896
31620,0.217468,-0.00389704,0.0208333,0.5788838259599448
31643,0.238341,-0.00501371,0.0191667,0.6447274113839457
31644,0.238341,-0.00501371,0.0208333,0.6447196670654017
31667,0.242009,0.000840272,0.0191667,0.5606654458824897
31668,0.242009,0.000840272,0.0208333,0.560649197824336
31691,0.262348,-0.00606066,0.0191667,0.6572223507138947
31692,0.262348,-0.00606066,0.0208333,0.6571766717263178
31715,0.190716,0.0155202,0.0191667,0.10209965889853721
31716,0.190716,0.0155202,0.0208333,0.10207002421033655
31739,0.239688,0.0252838,0.0191667,0.20172702823591074
31740,0.239688,0.0252838,0.0208333,0.20172689549816744
31763,0.29183,0.0286056,0.0191667,0.9270185742452655
31764,0.29183,0.0286056,0.0208333,0.9272004805410955
31787,0.28579,0.0135677,0.0191667,0.6572987242975677
31788,0.28579,0.0135677,0.0208333,0.6566845184905458
31811,0.227869,-0.00493315,0.0191667,0.6260291476306042
31812,0.227869,-0.00493315,0.0208333,0.6260211589282167
31835,0.218392,0.0140858,0.0191667,0.15030283555125398
31836,0.218392,0.0140858,0.0208333,0.15031097867196674
31859,0.237263,0.0101039,0.0191667,0.35207203191478137
31860,0.237263,0.0101039,0.0208333,0.3520536211201714
31883,0.26556,0.0206534,0.0191667,0.43937274073997085
31884,0.26556,0.0206534,0.0208333,0.4393667415567044
31907,0.192923,0.0244252,0.0191667,0.31934546820645443
31908,0.192923,0.0244252,0.0208333,0.3193475318222698
31931,0.130342,0.0216626,0.0191667,0.2660173761690437
31932,0.130342,0.0216626,0.0208333,0.2660272566273819
31955,0.163684,-0.00410765,0.0191667,0.8006615464687189
31956,0.163684,-0.00410765,0.0208333,0.8006670595371368
31979,0.184019,-0.0112608,0.0191667,0.7784663496221026
31980,0.184019,-0.0112608,0.0208333,0.7784718094289961
32003,0.187578,0.0216982,0.0191667,0.2455010740260676
32004,0.187578,0.0216982,0.0208333,0.2454956283543042
32027,0.286507,0.0258053,0.0191667,0.7807575471588492
32028,0.286507,0.0258053,0.0208333,0.7807133956399388
32051,0.207094,-0.0033626,0.0191667,0.5446800610709095
32052,0.207094,-0.0033626,0.0208333,0.5446715807197083
32075,0.208013,0.0146238,0.0191667,0.062417400355591554
32076,0.208013,0.0146238,0.0208333,0.06244652146153168
32099,0.207396,0.00263688,0.0191667,0.39135509651094175
32100,0.207396,0.00263688,0.0208333,0.3913528853448009
32123,0.24734,0.00357526,0.0191667,0.5458278507931925
32124,0.24734,0.00357526,0.0208333,0.5458094752735317
32147,0.231614,0.0013057,0.0191667,0.49510498007556397
32148,0.231614,0.0013057,0.0208333,0.4950915039562319
32171,0.248921,0.000492822,0.0191667,0.6116362521645979
32172,0.248921,0.000492822,0.0208333,0.611619135451683
32195,0.281244,0.022783,0.0191667,0.6640962125617088
32196,0.281244,0.022783,0.0208333,0.6641002455602384
32219,0.253297,0.0182851,0.0191667,0.33390415871838613
32220,0.253297,0.0182851,0.0208333,0.33388988284071874
32243,0.279085,0.0139435,0.0191667,0.654150224237386
32244,0.279085,0.0139435,0.0208333,0.6540755212439787
32267,0.284697,0.0225937,0.0191667,0.7261916679949784
32268,0.284697,0.0225937,0.0208333,0.7261369309490738
32291,0.280645,0.0108567,0.0191667,0.6419891716924273
32292,0.280645,0.0108567,0.0208333,0.6417982842929046
32315,0.289941,0.0258337,0.0191667,0.8623957155823468
32316,0.289941,0.0258337,0.0208333,0.862403863398533
32339,0.255203,0.0211424,0.0191667,0.3033279758994637
32340,0.255203,0.0211424,0.0208333,0.3033159774162462
32363,0.26056,0.0238437,0.0191667,0.3063482862117448
32364,0.26056,0.0238437,0.0208333,0.30634385730793595
32387,0.150467,0.00859296,0.0191667,0.3599894306378878
32388,0.150467,0.00859296,0.0208333,0.3599846269766469
32411,0.247642,0.00956615,0.0191667,0.4450505968113689
32412,0.247642,0.00956615,0.0208333,0.4450300402028054
32435,0.249219,0.00648132,0.0191667,0.5292738867546769
32436,0.249219,0.00648132,0.0208333,0.5292524176246325
32459,0.24536,0.027959,0.0191667,0.1961908224390835
32460,0.24536,0.027959,0.0208333,0.1961948241504658
32483,0.253662,0.024114,0.0191667,0.2335676463162433
32484,0.253662,0.024114,0.0208333,0.23356277668054293
32507,0.289744,0.0195357,0.0191667,0.7986406304751156
32508,0.289744,0.0195357,0.0208333,0.7986327109460267
32531,0.179717,0.00407493,0.0191667,0.3109933555508021
32532,0.179717,0.00407493,0.0208333,0.3109917277399425
32555,0.252375,0.000314186,0.0191667,0.6124475892509813
32556,0.252375,0.000314186,0.0208333,0.6124265978577584
32579,0.258931,-0.00594439,0.0191667,0.6664365343281297
32580,0.258931,-0.00594439,0.0208333,0.666405669310135
32603,0.243179,0.0251536,0.0191667,0.18405730516898605
32604,0.243179,0.0251536,0.0208333,0.1840529628692227
32627,0.283984,0.0106569,0.0191667,0.6218278107500822
32628,0.283984,0.0106569,0.0208333,0.6211091628305687
32651,0.254871,0.0151994,0.0191667,0.41987930755035174
32652,0.254871,0.0151994,0.0208333,0.419860379493834
32675,0.291659,0.0225867,0.0191667,0.8652860527158692
32676,0.291659,0.0225867,0.0208333,0.8654573477757815
32699,0.258662,0.0209631,0.0191667,0.3367169368081647
32700,0.258662,0.0209631,0.0208333,0.336711191597086
32723,0.258021,0.00902819,0.0191667,0.5361863481955363
32724,0.258021,0.00902819,0.0208333,0.5361635969336452
32747,0.160226,-0.00393112,0.0191667,0.8100704662923156
32748,0.160226,-0.00393112,0.0208333,0.8100759660476147
32771,0.254561,0.00920778,0.0191667,0.5223212893224876
32772,0.254561,0.00920778,0.0208333,0.52229837895079
32795,0.260216,0.0179264,0.0191667,0.4245995250230535
32796,0.260216,0.0179264,0.0208333,0.42458563691613904
32819,0.263675,0.017747,0.0191667,0.4548183724708305
32820,0.263675,0.017747,0.0208333,0.45481040269780443
32843,0.26525,0.0146608,0.0191667,0.5332492054733157
32844,0.26525,0.0146608,0.0208333,0.5332310457773224
32867,0.252986,0.0122932,0.0191667,0.4417547096856369
32868,0.252986,0.0122932,0.0208333,0.44173461491494437
32891,0.148583,0.00568592,0.0191667,0.6163530782113481
32892,0.148583,0.00568592,0.0208333,0.6163580913520816
32915,0.158564,-0.00706679,0.0191667,0.954899439506386
32916,0.158564,-0.00706679,0.0208333,0.9549021119104946
32939,0.15016,0.00259779,0.0191667,0.7092309872671331
32940,0.15016,0.00259779,0.0208333,0.7092344747819898
32963,0.114999,0.0256921,0.0191667,0.25472626607752663
32964,0.114999,0.0256921,0.0208333,0.25474869913340087
32987,0.155195,-0.000669074,0.0191667,0.7691992874426041
32988,0.155195,-0.000669074,0.0208333,0.7692037840637956
33011,0.155114,-0.00690173,0.0191667,0.9638618269668429
33012,0.155114,-0.00690173,0.0208333,0.9638635715607734
33035,0.169959,0.0165958,0.0191667,0.15087470626657207
33036,0.169959,0.0165958,0.0208333,0.15086524985831032
33059,0.185371,0.0127932,0.0191667,0.10533256195124327
33060,0.185371,0.0127932,0.0208333,0.10532761895559209
33083,0.190095,0.00353657,0.0191667,0.3207943500372436
33084,0.190095,0.00353657,0.0208333,0.32079874529135805
33107,0.191669,0.000450837,0.0191667,0.41481974838751784
33108,0.191669,0.000450837,0.0208333,0.4148175603851142
33131,0.186328,-0.00227186,0.0191667,0.5048010170836515
33132,0.186328,-0.00227186,0.0208333,0.5047960764945094
33155,0.181912,0.0129725,0.0191667,0.11421491972400277
33156,0.181912,0.0129725,0.0208333,0.1142038070388238
33179,0.153319,-0.00358907,0.0191667,0.9430912636067659
33180,0.153319,-0.00358907,0.0208333,0.943092987991358
33203,0.118485,0.0254622,0.0191667,0.26820127695606916
33204,0.118485,0.0254622,0.0208333,0.26822211846176225
33227,0.148279,-0.000310233,0.0191667,0.914910001464849
33228,0.148279,-0.000310233,0.0208333,0.9149111002046467
33251,0.186636,0.00371624,0.0191667,0.30986842930271813
33252,0.186636,0.00371624,0.0208333,0.3098746921769669
33275,0.190405,0.00952832,0.0191667,0.1570424325938722
33276,0.190405,0.00952832,0.0208333,0.1570682027408794
33299,0.181602,0.00698101,0.0191667,0.20483022760725528
33300,0.181602,0.00698101,0.0208333,0.20484321607843986
33323,0.189786,-0.00245315,0.0191667,0.5069029626827527
33324,0.189786,-0.00245315,0.0208333,0.5068978984859273
33347,0.174683,0.00733911,0.0191667,0.21046151095485463
33348,0.174683,0.00733911,0.0208333,0.2104647480264531
33371,0.171844,0.0195022,0.0191667,0.1853723377850452
33372,0.171844,0.0195022,0.0208333,0.18536520354492103
33395,0.19198,0.0064427,0.0191667,0.2384654299634228
33396,0.19198,0.0064427,0.0208333,0.23848525290986528
33419,0.119985,0.0221404,0.0191667,0.2728488857992262
33420,0.119985,0.0221404,0.0208333,0.2728681015524579
33443,0.114599,0.0195415,0.0191667,0.24200476766481474
33444,0.114599,0.0195415,0.0208333,0.242026846527534
33467,0.149862,-0.00340924,0.0191667,0.952854686608122
33468,0.149862,-0.00340924,0.0208333,0.9528554833844021
33491,0.17027,0.0225878,0.0191667,0.2713422087571405
33492,0.17027,0.0225878,0.0208333,0.2713447474639043
33515,0.180027,0.0100662,0.0191667,0.14634637173713635
33516,0.180027,0.0100662,0.0208333,0.14635408755617452
33539,0.176568,0.0102455,0.0191667,0.14244749632965156
33540,0.176568,0.0102455,0.0208333,0.14244835159089242
33563,0.174993,0.013331,0.0191667,0.1199793405055262
33564,0.174993,0.013331,0.0208333,0.11997069063268494
33587,0.118086,0.0192839,0.0191667,0.24499326141386138
33588,0.118086,0.0192839,0.0208333,0.24501508816103307
33611,0.147991,-0.00632523,0.0191667,1.0717234470957258
33612,0.147991,-0.00632523,0.0208333,1.0717230418071095
33635,0.144533,-0.00613301,0.0191667,1.0828581030997075
33636,0.144533,-0.00613301,0.0208333,1.082857714918744
33659,0.119663,0.0161981,0.0191667,0.08311056429942044
33660,0.119663,0.0161981,0.0208333,0.08310009170331642
33683,0.117803,0.0132902,0.0191667,0.32386063568866486
33684,0.117803,0.0132902,0.0208333,0.32384815674697054
33707,0.142695,-0.00903953,0.0191667,1.1203423009007756
33708,0.142695,-0.00903953,0.0208333,1.1203415856956263
33731,0.139278,-0.00885436,0.0191667,1.1330662314998
33732,0.139278,-0.00885436,0.0208333,1.133065887769177
33755,0.119363,0.0102053,0.0191667,0.6695759324234816
33756,0.119363,0.0102053,0.0208333,0.6695705090860903
33779,0.117484,0.00729694,0.0191667,0.9517497464847898
33780,0.117484,0.00729694,0.0208333,0.9517475875683781
33803,0.137661,-0.00576746,0.0191667,1.1650487210103673
33804,0.137661,-0.00576746,0.0208333,1.1650487083619994
33827,0.134187,-0.00558747,0.0191667,1.1719262356807902
33828,0.134187,-0.00558747,0.0208333,1.1719259524071093
33851,0.11903,0.00421294,0.0191667,1.1088621211307188
33852,0.11903,0.00421294,0.0208333,1.1088619069144308
33875,0.129398,0.0036775,0.0191667,1.0053082250518142
33876,0.129398,0.0036775,0.0208333,1.005305035300363
33899,0.122478,0.00403587,0.0191667,1.1099268572584464
33900,0.122478,0.00403587,0.0208333,1.1099267226965752
33923,0.132412,-0.00851926,0.0191667,1.1545800099408423
33924,0.132412,-0.00851926,0.0208333,1.1545800127197237
33947,0.12751,0.000770522,0.0191667,1.1779961960347187
33948,0.12751,0.000770522,0.0208333,1.1779960080813463
33971,0.143244,0.00295836,0.0191667,0.8582405449306371
33972,0.143244,0.00295836,0.0208333,0.858240625770073
33995,0.145125,0.00586542,0.0191667,0.6222907361351221
33996,0.145125,0.00586542,0.0208333,0.6222941799107558
34019,0.140089,0.0091314,0.0191667,0.49744120022218286
34020,0.140089,0.0091314,0.0208333,0.49744660749777647
34043,0.124049,0.000949644,0.0191667,1.1779998747920024
34044,0.124049,0.000949644,0.0208333,1.1779998696190501
34067,0.128879,-0.00833618,0.0191667,1.1582344630862484
34068,0.128879,-0.00833618,0.0208333,1.1582347170145837
34091,0.143549,0.00895188,0.0191667,0.49270800000139137
34092,0.143549,0.00895188,0.0208333,0.4927144058408145
34115,0.135055,0.0123994,0.0191667,0.3296567161391168
34116,0.135055,0.0123994,0.0208333,0.32966502840155004
34139,0.130029,0.0156803,0.0191667,0.12173152545495518
34140,0.130029,0.0156803,0.0208333,0.12172147934895508
34163,0.127182,-0.0052246,0.0191667,1.2165377547397327
34164,0.127182,-0.0052246,0.0208333,1.2165379694943081
34187,0.122159,-0.00195779,0.0191667,1.2672141607619865
34188,0.122159,-0.00195779,0.0208333,1.2672141641146906
34211,0.133486,0.0155,0.0191667,0.06255674944461549
34212,0.133486,0.0155,0.0208333,0.06256977308253643
34235,0.123719,-0.00504598,0.0191667,1.2179838943417647
34236,0.123719,-0.00504598,0.0208333,1.217984088713095
34259,0.12181,-0.0079694,0.0191667,1.1319725425666625
34260,0.12181,-0.0079694,0.0208333,1.1319729141900639
34283,0.118362,-0.00777655,0.0191667,1.126687139212873
34284,0.118362,-0.00777655,0.0208333,1.126687465714282
34307,0.252056,-0.0369597,0.0191667,0.08743854886601447
34308,0.252056,-0.0369597,0.0208333,0.08151886156825855
34331,0.116379,-0.0108017,0.0191667,0.9328457477543385
34332,0.116379,-0.0108017,0.0208333,0.932849315339484
34355,0.175807,0.0312056,0.0191667,0.3956003365135865
34356,0.175807,0.0312056,0.0208333,0.39559837462805075
34379,0.103535,0.0217567,0.0191667,0.19625319736931907
34380,0.103535,0.0217567,0.0208333,0.19625274158988046
34403,0.191531,-0.0376056,0.0191667,0.5281864639623212
34404,0.191531,-0.0376056,0.0208333,0.5281781929512014
34427,0.27108,-0.0340042,0.0191667,0.1476203007770696
34428,0.27108,-0.0340042,0.0208333,0.13218197529860115
34451,0.298075,-0.0377727,0.0191667,0.08820911894747617
34452,0.298075,-0.0377727,0.0208333,0.08809030722508578
34475,0.10177,0.0188587,0.0191667,0.23353816400290983
34476,0.10177,0.0188587,0.0208333,0.23354020196035222
34499,0.112925,-0.0105401,0.0191667,0.9216682174739251
34500,0.112925,-0.0105401,0.0208333,0.9216716451420052
34523,0.113383,-0.00451137,0.0191667,1.232864597720642
34524,0.113383,-0.00451137,0.0208333,1.2328647094826037
34547,0.108385,-0.00140221,0.0191667,1.276123618066792
34548,0.108385,-0.00140221,0.0208333,1.276123635791272
34571,0.265957,-0.0354181,0.0191667,0.13156326244603242
34572,0.265957,-0.0354181,0.0208333,0.12259877235691433
34595,0.108814,0.0322848,0.0191667,0.18643049461798064
34596,0.108814,0.0322848,0.0208333,0.1864393971703234
34619,0.293178,-0.0378744,0.0191667,0.14396055759801016
34620,0.293178,-0.0378744,0.0208333,0.1449074612442023
34643,0.188146,-0.0357166,0.0191667,0.5751743888146846
34644,0.188146,-0.0357166,0.0208333,0.5751711775118684
34667,0.229662,0.0313624,0.0191667,0.39609754229549904
34668,0.229662,0.0313624,0.0208333,0.3961009141173351
34691,0.285821,-0.0395892,0.0191667,0.16295766965761507
34692,0.285821,-0.0395892,0.0208333,0.1598892896249242
34715,0.251425,-0.0394966,0.0191667,0.0337786681355012
34716,0.251425,-0.0394966,0.0208333,0.029858698750380417
34739,0.261967,-0.0395802,0.0191667,0.08701753042597853
34740,0.261967,-0.0395802,0.0208333,0.07737823667842529
34763,0.275388,-0.0395403,0.0191667,0.14817994131927706
34764,0.275388,-0.0395403,0.0208333,0.14077818446866297
34787,0.281296,-0.0396092,0.0191667,0.15903764188306616
34788,0.281296,-0.0396092,0.0208333,0.15411139980673347
34811,0.287297,-0.0395852,0.0191667,0.1611211519495901
34812,0.287297,-0.0395852,0.0208333,0.15917406006270746
34835,0.294742,-0.0395489,0.0191667,0.1009388204904337
34836,0.294742,-0.0395489,0.0208333,0.1047708559980303
34859,0.278432,-0.0396186,0.0191667,0.15069560265579782
34860,0.278432,-0.0396186,0.0208333,0.14449477695866
34883,0.297743,-0.0395271,0.0191667,0.048359779647347445
34884,0.297743,-0.0395271,0.0208333,0.04983636342360867
34907,0.236529,-0.0395489,0.0191667,0.18633855990242706
34908,0.236529,-0.0395489,0.0208333,0.18619960850534137
34931,0.103719,-0.0395676,0.0191667,0.1398665363957902
34932,0.103719,-0.0395676,0.0208333,0.13989526098056396
34955,0.111184,-0.0395669,0.0191667,0.48184212506990337
34956,0.111184,-0.0395669,0.0208333,0.4818569477191479
34979,0.118673,-0.0395781,0.0191667,0.693686083002367
34980,0.118673,-0.0395781,0.0208333,0.693698323080716
35003,0.127612,-0.0395691,0.0191667,0.7832052702375849
35004,0.127612,-0.0395691,0.0208333,0.7832126978910862
35027,0.132096,-0.0395795,0.0191667,0.7774488275434459
35028,0.132096,-0.0395795,0.0208333,0.7774542610285651
35051,0.157477,-0.0395637,0.0191667,0.3085963669959452
35052,0.157477,-0.0395637,0.0208333,0.30860240106590286
35075,0.175373,-0.0395691,0.0191667,0.20804252955222785
35076,0.175373,-0.0395691,0.0208333,0.20803431317984178
35099,0.224587,-0.0395248,0.0191667,0.37922333435153055
35100,0.224587,-0.0395248,0.0208333,0.3791901109203785
35123,0.239564,-0.0395846,0.0191667,0.10109890048716455
35124,0.239564,-0.0395846,0.0208333,0.10070191919820844
35147,0.266429,-0.0395811,0.0191667,0.11756369298248504
35148,0.266429,-0.0395811,0.0208333,0.10778951792401198
35171,0.282827,-0.0395771,0.0191667,0.16291538081240242
35172,0.282827,-0.0395771,0.0208333,0.1583920197169002
35195,0.179826,-0.0396438,0.0191667,0.27395931067345936
35196,0.179826,-0.0396438,0.0208333,0.2739485301727352
35219,0.115664,-0.0395882,0.0191667,0.6266737943191888
35220,0.115664,-0.0395882,0.0208333,0.6266869172673066
35243,0.106728,-0.039596,0.0191667,0.2891305984339458
35244,0.106728,-0.039596,0.0208333,0.2891521190698827
35267,0.135075,-0.0395691,0.0191667,0.7600086831133951
35268,0.135075,-0.0395691,0.0208333,0.7600130522921291
35291,0.139544,-0.0395792,0.0191667,0.714918728100757
35292,0.139544,-0.0395792,0.0208333,0.7149238673920227
35315,0.144001,-0.0395388,0.0191667,0.6501150171567949
35316,0.144001,-0.0395388,0.0208333,0.6501196795366685
35339,0.16203,-0.039535,0.0191667,0.20829376381491693
35340,0.16203,-0.039535,0.0208333,0.20830251522645352
35363,0.166408,-0.0395467,0.0191667,0.07416961172692291
35364,0.166408,-0.0395467,0.0208333,0.0741720205567679
35387,0.184383,-0.0396223,0.0191667,0.34410170213439195
35388,0.184383,-0.0396223,0.0208333,0.34408940883801375
35411,0.188779,-0.0395799,0.0191667,0.4020008698337531
35412,0.188779,-0.0395799,0.0208333,0.4019889518348038
35435,0.193284,-0.0395691,0.0191667,0.452623668398067
35436,0.193284,-0.0395691,0.0208333,0.4526110526437918
35459,0.206722,-0.0395891,0.0191667,0.48164408529315855
35460,0.206722,-0.0395891,0.0208333,0.4816286002333338
35483,0.215682,-0.0395287,0.0191667,0.450290208243681
35484,0.215682,-0.0395287,0.0208333,0.45027073770664955
35507,0.220145,-0.039564,0.0191667,0.4085771225499486
35508,0.220145,-0.039564,0.0208333,0.40855166452281366
35531,0.229086,-0.0395675,0.0191667,0.31347225900851056
35532,0.229086,-0.0395675,0.0208333,0.313426635020413
35555,0.148507,-0.0395691,0.0191667,0.5547304380455865
35556,0.148507,-0.0395691,0.0208333,0.5547374285037671
35579,0.170904,-0.0395491,0.0191667,0.09696022445947822
35580,0.170904,-0.0395491,0.0208333,0.09695177744167457
35603,0.197742,-0.0396,0.0191667,0.4590571716293315
35604,0.197742,-0.0396,0.0208333,0.4590435245531704
35627,0.209703,-0.0395781,0.0191667,0.4727150202335916
35628,0.209703,-0.0395781,0.0208333,0.4726985062199055
35651,0.233563,-0.0395923,0.0191667,0.25275074031565664
35652,0.233563,-0.0395923,0.0208333,0.2526794102356905
35675,0.238038,-0.0395039,0.0191667,0.15016165798867864
35676,0.238038,-0.0395039,0.0208333,0.14993864918069125
35699,0.248535,-0.039534,0.0191667,0.03099992254851694
35700,0.248535,-0.039534,0.0208333,0.027727378989800405
35723,0.211203,-0.0396376,0.0191667,0.4587865456593866
35724,0.211203,-0.0396376,0.0208333,0.4587700129696284
35747,0.208209,-0.0395691,0.0191667,0.47856156273472067
35748,0.208209,-0.0395691,0.0208333,0.47854606874988337
35771,0.121694,-0.0395265,0.0191667,0.7441114644666534
35772,0.121694,-0.0395265,0.0208333,0.7441207779462098
35795,0.124556,-0.0396212,0.0191667,0.7704489044606618
35796,0.124556,-0.0396212,0.0208333,0.7704572848611745
35819,0.160469,-0.0395665,0.0191667,0.23880509301800684
35820,0.160469,-0.0395665,0.0208333,0.23881367328478514
35843,0.255999,-0.0395865,0.0191667,0.043197865365280495
35844,0.255999,-0.0395865,0.0208333,0.03700712751427892
35867,0.260455,-0.0396149,0.0191667,0.07400431591682745
35868,0.260455,-0.0396149,0.0208333,0.06504024384773553
35891,0.264925,-0.0396089,0.0191667,0.10570060487231141
35892,0.264925,-0.0396089,0.0208333,0.09597032894965453
35915,0.26791,-0.0395691,0.0191667,0.12679315442199363
35916,0.26791,-0.0395691,0.0208333,0.11711736885983223
35939,0.272446,-0.0395895,0.0191667,0.1377354976828864
35940,0.272446,-0.0395895,0.0208333,0.1290126444601846
35963,0.284338,-0.0395763,0.0191667,0.16388470406813443
35964,0.284338,-0.0395763,0.0208333,0.16001416226658063
35987,0.291802,-0.0395973,0.0191667,0.13673520309598403
35988,0.291802,-0.0395973,0.0208333,0.13955633055608765
36011,0.205179,-0.0395458,0.0191667,0.4882445566521312
36012,0.205179,-0.0395458,0.0208333,0.4882300826845499
36035,0.217195,-0.0395858,0.0191667,0.43218302826907257
36036,0.217195,-0.0395858,0.0208333,0.43216255206875853
36059,0.133577,-0.0395836,0.0191667,0.7699745870410543
36060,0.133577,-0.0395836,0.0208333,0.7699789938447683
36083,0.152971,-0.0395771,0.0191667,0.42987539809887887
36084,0.152971,-0.0395771,0.0208333,0.42988171437111816
36107,0.202223,-0.0395595,0.0191667,0.4834200406517303
36108,0.202223,-0.0395595,0.0208333,0.48340650928440937
36131,0.235053,-0.039553,0.0191667,0.22276256837707922
36132,0.235053,-0.039553,0.0208333,0.22266666079649666
36155,0.242537,-0.0395691,0.0191667,0.019188779403945946
36156,0.242537,-0.0395691,0.0208333,0.01890942116523401
36179,0.247004,-0.0396299,0.0191667,0.026345562193891885
36180,0.247004,-0.0396299,0.0208333,0.02361876672421507
36203,0.226137,-0.039578,0.0191667,0.3562655680774192
36204,0.226137,-0.039578,0.0208333,0.3562284836954064
36227,0.194776,-0.0395691,0.0191667,0.45653736840732684
36228,0.194776,-0.0395691,0.0208333,0.4565247482001135
36251,0.158967,-0.0395796,0.0191667,0.2737766288382968
36252,0.158967,-0.0395796,0.0208333,0.2737839720612894
36275,0.227623,-0.0395796,0.0191667,0.3333157856208242
36276,0.227623,-0.0395796,0.0208333,0.33327488697190155
36299,0.154478,-0.039496,0.0191667,0.3873984747043803
36300,0.154478,-0.039496,0.0208333,0.3874045976030002
36323,0.221667,-0.0395117,0.0191667,0.40520686238711234
36324,0.221667,-0.0395117,0.0208333,0.40517945680274076
36347,0.117166,-0.0394935,0.0191667,0.6647570040967542
36348,0.117166,-0.0394935,0.0208333,0.6647691878925944
36371,0.276926,-0.0395946,0.0191667,0.14879449475112175
36372,0.276926,-0.0395946,0.0208333,0.14160158870641565
36395,0.147044,-0.039566,0.0191667,0.5879183928342943
36396,0.147044,-0.039566,0.0208333,0.5879246036020798
36419,0.151493,-0.0395691,0.0191667,0.47501543999385215
36420,0.151493,-0.0395691,0.0208333,0.4750219960371066
36443,0.24999,-0.0396364,0.0191667,0.024013879008964817
36444,0.24999,-0.0396364,0.0208333,0.020814133058947446
36467,0.120161,-0.0395632,0.0191667,0.7215772243525564
36468,0.120161,-0.0395632,0.0208333,0.7215875054289088
36491,0.293284,-0.0395691,0.0191667,0.12111218645970355
36492,0.293284,-0.0395691,0.0208333,0.12447265016384121
36515,0.108188,-0.0395842,0.0191667,0.35495239019223745
36516,0.108188,-0.0395842,0.0208333,0.354971919433256
36539,0.296238,-0.0395789,0.0191667,0.07385042742638664
36540,0.296238,-0.0395789,0.0208333,0.07722423767270221
36563,0.219119,0.025863,0.0191667,0.3342137362055589
36564,0.219119,0.025863,0.0208333,0.33422171508946347
36587,0.224355,0.028548,0.0191667,0.37696653208451203
36588,0.224355,0.028548,0.0208333,0.3769741599761493
36611,0.287076,-0.0352926,0.0191667,0.17980174976014557
36612,0.287076,-0.0352926,0.0208333,0.1550969960156305
36635,0.103309,0.0101136,0.0191667,0.6975485252378442
36636,0.103309,0.0101136,0.0208333,0.6975502791530309
36659,0.255408,-0.0366781,0.0191667,0.10093151146421023
36660,0.255408,-0.0366781,0.0208333,0.09409161665494117
36683,0.161273,-0.0382079,0.0191667,0.1546636397157719
36684,0.161273,-0.0382079,0.0208333,0.15466935515154123
36707,0.152191,-0.0383865,0.0191667,0.4254625490792044
36708,0.152191,-0.0383865,0.0208333,0.4254728429864342
36731,0.119431,-0.0382774,0.0191667,0.7207477088953926
36732,0.119431,-0.0382774,0.0208333,0.7207568662069131
36755,0.103504,0.0157913,0.0191667,0.2523395399638202
36756,0.103504,0.0157913,0.0208333,0.2523383830762425
36779,0.111464,-0.00733404,0.0191667,1.13579645281609
36780,0.111464,-0.00733404,0.0208333,1.1357966643866755
36803,0.106577,-0.00419878,0.0191667,1.2746412724638736
36804,0.106577,-0.00419878,0.0208333,1.2746412892204966
36827,0.207069,-0.0320276,0.0191667,0.757455122384438
36828,0.207069,-0.0320276,0.0208333,0.7574541920805125
36851,0.19825,-0.0357055,0.0191667,0.6476113430767457
36852,0.19825,-0.0357055,0.0208333,0.6476072714489589
36875,0.173217,-0.0300735,0.0191667,0.660541543420719
36876,0.173217,-0.0300735,0.0208333,0.6605416266939881
36899,0.240877,-0.0352479,0.0191667,0.3275689479394138
36900,0.240877,-0.0352479,0.0208333,0.3274580104275327
36923,0.238365,-0.0377208,0.0191667,0.2603904439658262
36924,0.238365,-0.0377208,0.0208333,0.26021558791913774
36947,0.179018,-0.0370205,0.0191667,0.40084195295502206
36948,0.179018,-0.0370205,0.0208333,0.4008384856706533
36971,0.247778,-0.0391639,0.0191667,0.03391198238479445
36972,0.247778,-0.0391639,0.0208333,0.031055991008021883
36995,0.285085,-0.0391655,0.0191667,0.1687932916680047
36996,0.285085,-0.0391655,0.0208333,0.16492731130050717
37019,0.134323,-0.0391528,0.0191667,0.7691452718237258
37020,0.134323,-0.0391528,0.0208333,0.7691496695517331
37043,0.250669,-0.039133,0.0191667,0.0356501663473065
37044,0.250669,-0.039133,0.0208333,0.031971582794576736
37067,0.237253,-0.0390528,0.0191667,0.17290396182337753
37068,0.237253,-0.0390528,0.0208333,0.1727318622087798
37091,0.293996,-0.039118,0.0191667,0.11696284288358419
37092,0.293996,-0.039118,0.0208333,0.11983824957437587
37115,0.117928,-0.0390716,0.0191667,0.6834919149152867
37116,0.117928,-0.0390716,0.0208333,0.6835041287142878
37139,0.265682,-0.03919,0.0191667,0.11679368772403755
37140,0.265682,-0.03919,0.0208333,0.10714791765382285
37163,0.277747,-0.0392131,0.0191667,0.1565630938394793
37164,0.277747,-0.0392131,0.0208333,0.14949265529671807
37187,0.238796,-0.0390885,0.0191667,0.13444115750620567
37188,0.238796,-0.0390885,0.0208333,0.13416297040527575
37211,0.23576,-0.0391019,0.0191667,0.2107545772730633
37212,0.23576,-0.0391019,0.0208333,0.21064313019476544
37235,0.234288,-0.0391453,0.0191667,0.24297382616576135
37236,0.234288,-0.0391453,0.0208333,0.242891869093067
37259,0.161304,-0.0391015,0.0191667,0.2190803912684175
37260,0.161304,-0.0391015,0.0208333,0.21909084551836688
37283,0.12096,-0.0390896,0.0191667,0.7379933740197366
37284,0.12096,-0.0390896,0.0208333,0.7380036724920758
37307,0.158235,-0.0391433,0.0191667,0.2895509798085002
37308,0.158235,-0.0391433,0.0208333,0.2895589828486935
37331,0.207469,-0.0391583,0.0191667,0.4858372635750068
37332,0.207469,-0.0391583,0.0208333,0.48582178264410136
37355,0.208957,-0.0391473,0.0191667,0.48080550284051965
37356,0.208957,-0.0391473,0.0208333,0.48079000074431705
37379,0.22535,-0.0391028,0.0191667,0.3749224609102182
37380,0.22535,-0.0391028,0.0208333,0.37488731095713257
37403,0.19403,-0.0391383,0.0191667,0.4605544861455834
37404,0.19403,-0.0391383,0.0208333,0.46054287524334636
37427,0.283583,-0.0391534,0.0191667,0.16851923046264008
37428,0.283583,-0.0391534,0.0208333,0.16396560403195817
37451,0.210458,-0.0392157,0.0191667,0.47213886283306633
37452,0.210458,-0.0392157,0.0208333,0.47212234285321864
37475,0.216459,-0.0391145,0.0191667,0.448493862150331
37476,0.216459,-0.0391145,0.0208333,0.4484733935032017
37499,0.220917,-0.0390757,0.0191667,0.41485375997131346
37500,0.220917,-0.0390757,0.0208333,0.4148273445977664
37523,0.205931,-0.0391349,0.0191667,0.4917417078837548
37524,0.205931,-0.0391349,0.0208333,0.49172723546060015
37547,0.226894,-0.0391576,0.0191667,0.34950510325120565
37548,0.226894,-0.0391576,0.0208333,0.3494661045100854
37571,0.267175,-0.0391502,0.0191667,0.12694206894411522
37572,0.267175,-0.0391502,0.0208333,0.11730829978504034
37595,0.282033,-0.0391863,0.0191667,0.1658173776214737
37596,0.282033,-0.0391863,0.0208333,0.1611446420865011
37619,0.132837,-0.0391631,0.0191667,0.7782419201943104
37620,0.132837,-0.0391631,0.0208333,0.7782463517234712
37643,0.296966,-0.039106,0.0191667,0.06639948657538626
37644,0.296966,-0.039106,0.0208333,0.06784170689502145
37667,0.261228,-0.0391952,0.0191667,0.08599270218130432
37668,0.261228,-0.0391952,0.0208333,0.07682679429323404
37691,0.14779,-0.0391351,0.0191667,0.5746735174719106
37692,0.14779,-0.0391351,0.0208333,0.5746806780793926
37715,0.228351,-0.0391471,0.0191667,0.32839612490297526
37716,0.228351,-0.0391471,0.0208333,0.3283533438135683
37739,0.153717,-0.0390731,0.0191667,0.41078601357798644
37740,0.153717,-0.0390731,0.0208333,0.41079323991901373
37763,0.159735,-0.0391461,0.0191667,0.2553676805076233
37764,0.159735,-0.0391461,0.0208333,0.2553769822791365
37787,0.116412,-0.0390818,0.0191667,0.6531613327470783
37788,0.116412,-0.0390818,0.0208333,0.6531744895086189
37811,0.286551,-0.0391745,0.0191667,0.16745189117212889
37812,0.286551,-0.0391745,0.0208333,0.16452180756884602
37835,0.152224,-0.0391462,0.0191667,0.4552166778472779
37836,0.152224,-0.0391462,0.0208333,0.45522417621438177
37859,0.119431,-0.0391413,0.0191667,0.71295496205568
37860,0.119431,-0.0391413,0.0208333,0.7129662246145364
37883,0.276195,-0.0391349,0.0191667,0.154816181051788
37884,0.276195,-0.0391349,0.0208333,0.1471922875404228
37907,0.249271,-0.0391704,0.0191667,0.03679565631569167
37908,0.249271,-0.0391704,0.0208333,0.03354811154852833
37931,0.292549,-0.0391664,0.0191667,0.13458806149046057
37932,0.292549,-0.0391664,0.0208333,0.13713233359777882
37955,0.107454,-0.0391802,0.0191667,0.32869217581161086
37956,0.107454,-0.0391802,0.0208333,0.32871168677067153
37979,0.295458,-0.0391278,0.0191667,0.09421708677039425
37980,0.295458,-0.0391278,0.0208333,0.09698086876564883
38003,0.2225,0.0257444,0.0191667,0.30859990894835015
38004,0.2225,0.0257444,0.0208333,0.30860803156690975
38027,0.124577,-0.0327669,0.0191667,0.48003379313521205
38028,0.124577,-0.0327669,0.0208333,0.4800227944946952
38051,0.15898,-0.0379827,0.0191667,0.21088486908809959
38052,0.15898,-0.0379827,0.0208333,0.21089226400862504
38075,0.12013,-0.0378028,0.0191667,0.7301849730821007
38076,0.12013,-0.0378028,0.0208333,0.730194123803227
38099,0.181916,-0.0295778,0.0191667,0.7253803988480085
38100,0.181916,-0.0295778,0.0208333,0.7253808850109568
38123,0.231685,-0.0375409,0.0191667,0.41317792076205084
38124,0.231685,-0.0375409,0.0208333,0.41313821666106626
38147,0.245107,-0.0391249,0.0191667,0.03208748178546425
38148,0.245107,-0.0391249,0.0208333,0.03166117528705465
38171,0.193079,0.0362932,0.0191667,0.5566559095811578
38172,0.193079,0.0362932,0.0208333,0.5566396234502186
38195,0.218669,-0.036853,0.0191667,0.5893506555951967
38196,0.218669,-0.036853,0.0208333,0.589338750141506
38219,0.291265,-0.0317538,0.0191667,0.19355342709652548
38220,0.291265,-0.0317538,0.0208333,0.1492923879384679
38243,0.289366,-0.0054361,0.0191667,0.16650707691734906
38244,0.289366,-0.0054361,0.0208333,0.16331140646595999
38267,0.158394,-0.0322501,0.0191667,0.24819519944396104
38268,0.158394,-0.0322501,0.0208333,0.2481859446374079
38291,0.103917,-0.0287579,0.0191667,0.4407420006343217
38292,0.103917,-0.0287579,0.0208333,0.44074551934133704
38315,0.248872,-0.0361535,0.0191667,0.04069190134105311
38316,0.248872,-0.0361535,0.0208333,0.03872667246304542
38339,0.225677,-0.0324522,0.0191667,0.6673731076859214
38340,0.225677,-0.0324522,0.0208333,0.6673717472554428
38363,0.120929,-0.0381931,0.0191667,0.737779451874034
38364,0.120929,-0.0381931,0.0208333,0.7377886290983892
38387,0.111948,0.00441789,0.0191667,1.2060268320108467
38388,0.111948,0.00441789,0.0208333,1.2060267786620844
38411,0.221862,-0.0300647,0.0191667,0.7383301084466093
38412,0.221862,-0.0300647,0.0208333,0.7383334007055306
38435,0.154448,-0.0299873,0.0191667,0.329841798096427
38436,0.154448,-0.0299873,0.0208333,0.32984435142321294
38459,0.22258,-0.0274092,0.0191667,0.7699654967221222
38460,0.22258,-0.0274092,0.0208333,0.7699706571625323
38483,0.106432,-0.0372802,0.0191667,0.3300592252589848
38484,0.106432,-0.0372802,0.0208333,0.3300782823876062
38507,0.155202,-0.0271091,0.0191667,0.6120995958475689
38508,0.155202,-0.0271091,0.0208333,0.6121011250112777
38531,0.155331,-0.038285,0.0191667,0.3245409945381945
38532,0.155331,-0.038285,0.0208333,0.3245481068544941
38555,0.295412,-0.0382824,0.0191667,0.11293494808114095
38556,0.295412,-0.0382824,0.0208333,0.11637333634205045
38579,0.150746,-0.0391478,0.0191667,0.4983091882071439
38580,0.150746,-0.0391478,0.0208333,0.49831691078792223
38603,0.149254,-0.0391478,0.0191667,0.5371331854993229
38604,0.149254,-0.0391478,0.0208333,0.5371401248226869
38627,0.133636,-0.0371362,0.0191667,0.7153089865830902
38628,0.133636,-0.0371362,0.0208333,0.7153121548393724
38651,0.123837,-0.0304558,0.0191667,0.2964742952724475
38652,0.123837,-0.0304558,0.0208333,0.29644546977653474
38675,0.0146825,0.00834928,0.0191667,1.1568702854429387
38676,0.0146825,0.00834928,0.0208333,1.156870285441785
38699,0.0735294,0.00830191,0.0191667,1.15731032562113
38700,0.0735294,0.00830191,0.0208333,1.1573103254873465
38723,0.355882,0.0383019,0.0191667,1.49539496596002
38724,0.355882,0.0383019,0.0208333,1.4965431230646569
38747,0.302906,0.0382235,0.0191667,1.2599865687121425
38748,0.302906,0.0382235,0.0208333,1.2601672751297779
38771,0.385274,0.0216654,0.0191667,0.6414902011986361
38772,0.385274,0.0216654,0.0208333,0.6335870964953357
38795,0.314706,0.0383019,0.0191667,1.5196375317479605
38796,0.314706,0.0383019,0.0208333,1.5203342369510275
38819,0.285333,0.0383184,0.0191667,0.5291710429716958
38820,0.285333,0.0383184,0.0208333,0.5291987241378513
38843,0.25614,0.0384024,0.0191667,0.18520541201321872
38844,0.25614,0.0384024,0.0208333,0.1851880269288498
38867,0.138231,0.0382152,0.0191667,0.3374870569380291
38868,0.138231,0.0382152,0.0208333,0.3374653831975465
38891,0.185166,0.0381666,0.0191667,0.508125291519476
38892,0.185166,0.0381666,0.0208333,0.5081099910305961
38915,0.14993,0.0383062,0.0191667,0.3517386563092446
38916,0.14993,0.0383062,0.0208333,0.35171233304608984
38939,0.0676471,-0.00830191,0.0191667,1.1577301865114114
38940,0.0676471,-0.00830191,0.0208333,1.15773018641536
38963,0.367646,0.0216784,0.0191667,0.5740810223651414
38964,0.367646,0.0216784,0.0208333,0.563899335133505
38987,0.00873729,0.00858974,0.0191667,1.1567603439325633
38988,0.00873729,0.00858974,0.0208333,1.1567603439320702
39011,0.0676471,0.00830191,0.0191667,1.1573002710795353
39012,0.0676471,0.00830191,0.0208333,1.1573002709893379
39035,0.0969778,0.00830061,0.0191667,1.1326961429478108
39036,0.0969778,0.00830061,0.0208333,1.1326961434393357
39059,0.361756,0.0383174,0.0191667,1.482197872734951
39060,0.361756,0.0383174,0.0208333,1.483276562144155
39083,0.0617647,-0.00830191,0.0191667,1.1573002212639105
39084,0.0617647,-0.00830191,0.0208333,1.1573002212025387
39107,0.0794118,-0.00830191,0.0191667,1.159200051879408
39108,0.0794118,-0.00830191,0.0208333,1.159200051671877
39131,0.0852941,-0.00830191,0.0191667,1.1606100101910064
39132,0.0852941,-0.00830191,0.0208333,1.160610009965182
39155,0.0382353,0.00830191,0.0191667,1.1564103039170965
39156,0.0382353,0.00830191,0.0208333,1.156410303907733
39179,0.0264706,0.00830191,0.0191667,1.1564403159320256
39180,0.0264706,0.00830191,0.0208333,1.1564403159283072
39203,0.12049,0.0382419,0.0191667,0.29448106076297287
39204,0.12049,0.0382419,0.0208333,0.29447985587542785
39227,0.108842,0.0384039,0.0191667,0.17690143858647278
39228,0.108842,0.0384039,0.0208333,0.17689499919461854
39251,0.0323529,-0.00830191,0.0191667,1.15635029998157
39252,0.0323529,-0.00830191,0.0208333,1.1563502999757298
39275,0.0205792,-0.00834158,0.0191667,1.1564403314428324
39276,0.0205792,-0.00834158,0.0208333,1.1564403314414016
39299,0.308848,0.0216631,0.0191667,0.28210914347048377
39300,0.308848,0.0216631,0.0208333,0.22366822241006878
39323,0.320588,0.0216981,0.0191667,0.16235614120623865
39324,0.320588,0.0216981,0.0208333,0.14161951478186188
39347,0.332353,0.0216981,0.0191667,0.3833019162156236
39348,0.332353,0.0216981,0.0208333,0.36507450966471816
39371,0.344127,0.0216584,0.0191667,0.47057676813227034
39372,0.344127,0.0216584,0.0208333,0.45406810623570554
39395,0.361756,0.0216584,0.0191667,0.5450559240508867
39396,0.361756,0.0216584,0.0208333,0.5334319476619964
39419,0.0852944,0.0083072,0.0191667,1.1549213403508114
39420,0.0852944,0.0083072,0.0208333,1.154921340145277
39443,0.391263,0.0386059,0.0191667,1.4207843288269604
39444,0.391263,0.0386059,0.0208333,1.421573748253295
39467,0.379412,0.0383019,0.0191667,1.4450663805272208
39468,0.379412,0.0383019,0.0208333,1.445985720153048
39491,0.367647,0.0383019,0.0191667,1.46880299560005
39492,0.367647,0.0383019,0.0208333,1.4698319575486283
39515,0.35,0.0383019,0.0191667,1.5098554382582101
39516,0.35,0.0383019,0.0208333,1.5110328853799728
39539,0.338235,0.0383019,0.0191667,1.536221806709738
39540,0.338235,0.0383019,0.0208333,1.5374055050969249
39563,0.308818,0.0383098,0.0191667,1.439089820356031
39564,0.308818,0.0383098,0.0208333,1.4393781354499797
39587,0.273713,0.0383198,0.0191667,0.18655429529623688
39588,0.273713,0.0383198,0.0208333,0.18656463373837964
39611,0.214626,0.0383436,0.0191667,0.5804756384069734
39612,0.214626,0.0383436,0.0208333,0.5804412663043582
39635,0.20304,0.0384524,0.0191667,0.5952714190307872
39636,0.20304,0.0384524,0.0208333,0.5952419706006892
39659,0.0441176,-0.00830191,0.0191667,1.1565102836138832
39660,0.0441176,-0.00830191,0.0208333,1.1565102835984666
39683,0.238235,0.0383019,0.0191667,0.41673560461354436
39684,0.238235,0.0383019,0.0208333,0.41668029199640577
39707,0.0558824,0.00830191,0.0191667,1.156900261490464
39708,0.0558824,0.00830191,0.0208333,1.1569002614531472
39731,0.220686,0.0382215,0.0191667,0.5539177764657719
39732,0.220686,0.0382215,0.0208333,0.5538824921348661
39755,0.320588,0.0383019,0.0191667,1.5476623948281751
39756,0.320588,0.0383019,0.0208333,1.548569250073835
39779,0.167627,0.0382869,0.0191667,0.41093345568458517
39780,0.167627,0.0382869,0.0208333,0.4109137233576096
39803,0.13221,0.0383963,0.0191667,0.3335705752485043
39804,0.13221,0.0383963,0.0208333,0.33355358369727955
39827,0.373529,0.0216981,0.0191667,0.6007576015838874
39828,0.373529,0.0216981,0.0208333,0.5916051164174723
39851,0.326471,0.0383019,0.0191667,1.552209777011504
39852,0.326471,0.0383019,0.0208333,1.5532660049847264
39875,0.126365,0.0384274,0.0191667,0.32144280059111435
39876,0.126365,0.0384274,0.0208333,0.32143312718803596
39899,0.114706,0.0383019,0.0191667,0.25029018436361206
39900,0.114706,0.0383019,0.0208333,0.25029056421739115
39923,0.0382353,-0.00830191,0.0191667,1.1563903003681393
39924,0.0382353,-0.00830191,0.0208333,1.1563903003585971
39947,0.05,-0.00830191,0.0191667,1.1567002653230338
39948,0.05,-0.00830191,0.0208333,1.156700265298662
39971,0.314707,0.0216911,0.0191667,0.22374712877585715
39972,0.314707,0.0216911,0.0208333,0.2113151719269111
39995,0.279526,0.0383345,0.0191667,0.3381341342634791
39996,0.279526,0.0383345,0.0208333,0.33814533152969894
40019,0.338236,0.0216784,0.0191667,0.43486678187856515
40020,0.338236,0.0216784,0.0208333,0.41725542137920696
40043,0.0323529,0.00830191,0.0191667,1.1563703194197963
40044,0.0323529,0.00830191,0.0208333,1.1563703194139645
40067,0.0441176,0.00830191,0.0191667,1.156510287324588
40068,0.0441176,0.00830191,0.0208333,1.1565102873093567
40091,0.332353,0.0383019,0.0191667,1.546503680905951
40092,0.332353,0.0383019,0.0208333,1.547634588591157
40115,0.373529,0.0383019,0.0191667,1.4569498547204152
40116,0.373529,0.0383019,0.0208333,1.457928993346164
40139,0.0264695,-0.0083216,0.0191667,1.1562903033351517
40140,0.0264695,-0.0083216,0.0208333,1.1562903033314282
40163,0.0911785,0.00831453,0.0191667,1.1493057911866398
40164,0.0911785,0.00831453,0.0208333,1.1493057910368187
40187,0.0558824,-0.00830191,0.0191667,1.1569602454239414
40188,0.0558824,-0.00830191,0.0208333,1.1569602453851053
40211,0.0794118,0.00830759,0.0191667,1.1567505367457052
40212,0.0794118,0.00830759,0.0208333,1.156750536555956
40235,0.344127,0.0383174,0.0191667,1.524414281166812
40236,0.344127,0.0383174,0.0208333,1.525600312515946
40259,0.326471,0.0216981,0.0191667,0.2994476675409264
40260,0.326471,0.0216981,0.0208333,0.27983069789003223
40283,0.0735294,-0.00830191,0.0191667,1.1583201311942417
40284,0.0735294,-0.00830191,0.0208333,1.1583201310477589
40307,0.0617647,0.00830191,0.0191667,1.1571202581860076
40308,0.0617647,0.00830191,0.0208333,1.157120258127436
40331,0.379412,0.0216981,0.0191667,0.6221703173941537
40332,0.379412,0.0216981,0.0208333,0.6136974593618195
40355,0.0205753,0.00832534,0.0191667,1.1564903138527691
40356,0.0205753,0.00832534,0.0208333,1.1564903138505984
40379,0.05,0.00830191,0.0191667,1.1566802723426295
40380,0.05,0.00830191,0.0208333,1.1566802723184448
40403,0.385308,0.0383735,0.0191667,1.4327135933421287
40404,0.385308,0.0383735,0.0208333,1.4335731032188581
40427,0.277698,-0.034177,0.0191667,0.17127777697651525
40428,0.277698,-0.034177,0.0208333,0.14473508667054993
40451,0.11276,0.0166327,0.0191667,0.19736957579244066
40452,0.11276,0.0166327,0.0208333,0.19738965484582258
40475,0.145946,0.0345383,0.0191667,0.33494749217725894
40476,0.145946,0.0345383,0.0208333,0.3349345146715055
40499,0.161684,0.0320849,0.0191667,0.3525497969289826
40500,0.161684,0.0320849,0.0208333,0.35254224633652476
40523,0.28662,-0.0318618,0.0191667,0.19127696900719646
40524,0.28662,-0.0318618,0.0208333,0.14565308923486656
40547,0.0911853,-0.00830415,0.0191667,1.162470374324636
40548,0.0911853,-0.00830415,0.0208333,1.162470374392296
40571,0.275913,-0.0345458,0.0191667,0.16695112650183616
40572,0.275913,-0.0345458,0.0208333,0.14440233238026318
40595,0.131903,-0.035131,0.0191667,0.6147496547111535
40596,0.131903,-0.035131,0.0208333,0.6147490850276254
40619,0.283586,-0.0383084,0.0191667,0.18689132123308988
40620,0.283586,-0.0383084,0.0208333,0.18383759951047146
40643,0.244864,-0.0186877,0.0191667,0.6986076566494117
40644,0.244864,-0.0186877,0.0208333,0.6986232686430122
40667,0.262714,-0.0391569,0.0191667,0.09697973427673484
40668,0.262714,-0.0391569,0.0208333,0.08722618310211046
40691,0.264178,-0.0391855,0.0191667,0.10653539665385443
40692,0.264178,-0.0391855,0.0208333,0.09638161721010081
40715,0.187681,-0.0151403,0.0191667,0.821921258625618
40716,0.187681,-0.0151403,0.0208333,0.8219264903408837
40739,0.15,-0.0395787,0.0191667,0.5147625450442594
40740,0.15,-0.0395787,0.0208333,0.5147693172101266
40763,0.123426,-0.01093,0.0191667,1.0403313951837048
40764,0.123426,-0.01093,0.0208333,1.0403320120552282
40787,0.18987,-0.0274089,0.0191667,0.8162830532684564
40788,0.18987,-0.0274089,0.0208333,0.816283868566958
40811,0.27415,-0.0349072,0.0191667,0.16262203754204688
40812,0.27415,-0.0349072,0.0208333,0.14401187085462783
40835,0.203191,-0.0385155,0.0191667,0.5523807504233818
40836,0.203191,-0.0385155,0.0208333,0.5523684666394706
40859,0.108866,0.00423703,0.0191667,1.1970639544873038
40860,0.108866,0.00423703,0.0208333,1.1970639341159695
40883,0.131095,-0.0318536,0.0191667,0.370918614367414
40884,0.131095,-0.0318536,0.0208333,0.37089954651152435
40907,0.0911792,0.0016449,0.0191667,1.1977367340334413
40908,0.0911792,0.0016449,0.0208333,1.197736734290172
40931,0.263164,-0.0171135,0.0191667,0.5397910656796094
40932,0.263164,-0.0171135,0.0208333,0.5399362613602865
40955,0.225838,-0.0264252,0.0191667,0.7594898217522786
40956,0.225838,-0.0264252,0.0208333,0.7594960023238755
40979,0.100585,-0.0333191,0.0191667,0.254962540038983
40980,0.100585,-0.0333191,0.0208333,0.25498269830986575
41003,0.158521,-0.0261001,0.0191667,0.6340374867707421
41004,0.158521,-0.0261001,0.0208333,0.6340385092771205
41027,0.110999,-0.0371129,0.0191667,0.5137834913551397
41028,0.110999,-0.0371129,0.0208333,0.5137951227973037
41051,0.159989,-0.0125909,0.0191667,0.9736982898317907
41052,0.159989,-0.0125909,0.0208333,0.973700627732369
41075,0.201807,0.0270278,0.0191667,0.3986624609099096
41076,0.201807,0.0270278,0.0208333,0.3986697738164555
41099,0.0112374,0.00362266,0.0191667,1.1634005050256861
41100,0.0112374,0.00362266,0.0208333,1.1634005050249097
41123,0.352941,0.0332161,0.0191667,1.421796760683383
41124,0.352941,0.0332161,0.0208333,1.423466976457219
41147,0.121161,-0.0296032,0.0191667,0.24170772706435784
41148,0.121161,-0.0296032,0.0208333,0.24167364709774813
41171,0.115784,-0.0345018,0.0191667,0.5424323284677954
41172,0.115784,-0.0345018,0.0208333,0.5424320009107501
41195,0.100757,-0.0284878,0.0191667,0.4342018610256506
41196,0.100757,-0.0284878,0.0208333,0.4342142991500972
41219,0.394352,0.0249982,0.0191667,0.9871621736291504
41220,0.394352,0.0249982,0.0208333,0.9849429492926157
41243,0.263433,-0.0395766,0.0191667,0.097179128091263
41244,0.263433,-0.0395766,0.0208333,0.08713352035431658
41267,0.194126,-0.0114093,0.0191667,0.7290763796469955
41268,0.194126,-0.0114093,0.0208333,0.7290786491679738
41291,0.186796,-0.0261556,0.0191667,0.8235959652281535
41292,0.186796,-0.0261556,0.0208333,0.8235978011582734
41315,0.283769,-0.0336724,0.0191667,0.18200262813074983
41316,0.283769,-0.0336724,0.0208333,0.14621681842060988
41339,0.108149,-0.00717769,0.0191667,1.12215044962044
41340,0.108149,-0.00717769,0.0208333,1.1221506100226561
41363,0.0882441,-0.00660606,0.0191667,1.1636901438351521
41364,0.0882441,-0.00660606,0.0208333,1.1636901436876723
41387,0.195522,-0.0391527,0.0191667,0.4628814962787717
41388,0.195522,-0.0391527,0.0208333,0.4628688729083832
41411,0.196996,-0.0391836,0.0191667,0.4656084034900097
41412,0.196996,-0.0391836,0.0208333,0.4655947685220677
41435,0.111703,-0.0343857,0.0191667,0.49443657815594516
41436,0.111703,-0.0343857,0.0208333,0.4944376399415196
41459,0.294113,0.0369125,0.0191667,0.8948797557189102
41460,0.294113,0.0369125,0.0208333,0.8949665851026638
41483,0.193943,-0.0383111,0.0191667,0.5169037040589565
41484,0.193943,-0.0383111,0.0208333,0.516893359998407
41507,0.213863,-0.0380232,0.0191667,0.5577031266794892
41508,0.213863,-0.0380232,0.0208333,0.5576889542306898
41531,0.183737,-0.0338475,0.0191667,0.6049928811601357
41532,0.183737,-0.0338475,0.0208333,0.6049905184990195
41555,0.205899,-0.0347357,0.0191667,0.6945024962684943
41556,0.205899,-0.0347357,0.0208333,0.6944995388074112
41579,0.126143,0.0324136,0.0191667,0.3103312342099128
41580,0.126143,0.0324136,0.0208333,0.3103377858356699
41603,0.0116551,0.00693902,0.0191667,1.158540442221847
41604,0.0116551,0.00693902,0.0208333,1.1585404422210348
41627,0.352941,0.0366038,0.0191667,1.504375171479619
41628,0.352941,0.0366038,0.0208333,1.5055313167052216
41651,0.0705882,0.00660382,0.0191667,1.1594004454523408
41652,0.0705882,0.00660382,0.0208333,1.1594004453424553
41675,0.0647059,-0.00660382,0.0191667,1.159540272323253
41676,0.0647059,-0.00660382,0.0208333,1.1595402722457542
41699,0.370587,0.0233765,0.0191667,0.6099448763405017
41700,0.370587,0.0233765,0.0208333,0.6006700780288045
41723,0.0235193,-0.00666318,0.0191667,1.158240446645043
41724,0.0235193,-0.00666318,0.0208333,1.1582404466421832
41747,0.0588235,0.00660382,0.0191667,1.159040364402862
41748,0.0588235,0.00660382,0.0208333,1.1590403643551268
41771,0.376471,0.0366038,0.0191667,1.452998619446075
41772,0.376471,0.0366038,0.0208333,1.4539275423528508
41795,0.317648,0.0233892,0.0191667,0.31789456472572786
41796,0.317648,0.0233892,0.0208333,0.2984540932478226
41819,0.388336,0.0369794,0.0191667,1.427844446379092
41820,0.388336,0.0369794,0.0208333,1.4286537625890838
41843,0.364697,0.0366194,0.0191667,1.4769878343762073
41844,0.364697,0.0366194,0.0208333,1.4780258295458635
41867,0.0823529,-0.00660382,0.0191667,1.1619100099977184
41868,0.0823529,-0.00660382,0.0208333,1.1619100097675488
41891,0.335295,0.0233765,0.0191667,0.45409598873905666
41892,0.335295,0.0233765,0.0208333,0.435951896385932
41915,0.282506,0.0366529,0.0191667,0.4521865006642946
41916,0.282506,0.0366529,0.0208333,0.45221652686795966
41939,0.135147,0.0366115,0.0191667,0.33699655218598024
41940,0.135147,0.0366115,0.0208333,0.3369772154723373
41963,0.123326,0.0366693,0.0191667,0.3110239269535287
41964,0.123326,0.0366693,0.0208333,0.3110201217363296
41987,0.0411765,-0.00660382,0.0191667,1.158410404851095
41988,0.0411765,-0.00660382,0.0208333,1.1584104048388955
42011,0.0470588,-0.00660382,0.0191667,1.1585903788172447
42012,0.0470588,-0.00660382,0.0208333,1.1585903787978946
42035,0.317647,0.0366038,0.0191667,1.5397763747740083
42036,0.317647,0.0366038,0.0208333,1.5407074525820146
42059,0.311759,0.0366117,0.0191667,1.4922372243552342
42060,0.311759,0.0366117,0.0208333,1.4928829911109665
42083,0.217665,0.0365651,0.0191667,0.5675671774540287
42084,0.217665,0.0365651,0.0208333,0.5675347308467313
42107,0.111784,0.0367058,0.0191667,0.22177864229626443
42108,0.111784,0.0367058,0.0208333,0.22177870658979051
42131,0.0470588,0.00660382,0.0191667,1.158580387722937
42132,0.0470588,0.00660382,0.0208333,1.1585803877037741
42155,0.358814,0.0366194,0.0191667,1.490695497488776
42156,0.358814,0.0366194,0.0208333,1.4917726455397418
42179,0.129164,0.0368238,0.0191667,0.3298315936715347
42180,0.129164,0.0368238,0.0208333,0.32981785286057896
42203,0.323529,0.0366038,0.0191667,1.553427167017758
42204,0.323529,0.0366038,0.0208333,1.554518435374168
42227,0.335294,0.0366038,0.0191667,1.543216758205891
42228,0.335294,0.0366038,0.0208333,1.5444161077288951
42251,0.0294118,0.00660382,0.0191667,1.1583204517780952
42252,0.0294118,0.00660382,0.0208333,1.1583204517734922
42275,0.305841,0.0365333,0.0191667,1.366983395806497
42276,0.305841,0.0365333,0.0208333,1.3672595081601087
42299,0.117549,0.0365438,0.0191667,0.2776056652776243
42300,0.117549,0.0365438,0.0208333,0.2776069784253371
42323,0.0352941,-0.00660382,0.0191667,1.158320426121729
42324,0.0352941,-0.00660382,0.0208333,1.1583204261141413
42347,0.0764706,0.0066095,0.0191667,1.1592007061320073
42348,0.0764706,0.0066095,0.0208333,1.159200705969762
42371,0.31179,0.0233543,0.0191667,0.17057930741311972
42372,0.31179,0.0233543,0.0208333,0.16465362877343453
42395,0.341187,0.0233368,0.0191667,0.48786814557070274
42396,0.341187,0.0233368,0.0208333,0.4710284374194871
42419,0.364696,0.0233368,0.0191667,0.5876840916020674
42420,0.364696,0.0233368,0.0208333,0.5774084743016278
42443,0.0823532,0.00661479,0.0191667,1.158151713118385
42444,0.0823532,0.00661479,0.0208333,1.1581517129187384
42467,0.341186,0.0366194,0.0191667,1.5323137959820021
42468,0.341186,0.0366194,0.0208333,1.5335160339389478
42491,0.0235165,0.00662725,0.0191667,1.1583704462628466
42492,0.0235165,0.00662725,0.0208333,1.1583704462601405
42515,0.0882376,0.00662173,0.0191667,1.154957280752256
42516,0.0882376,0.00662173,0.0208333,1.1549672805199385
42539,0.276768,0.0366543,0.0191667,0.2876711371713915
42540,0.276768,0.0366543,0.0208333,0.2876933567060346
42563,0.0352941,0.00660382,0.0191667,1.1583304342999612
42564,0.0352941,0.00660382,0.0208333,1.158330434292383
42587,0.0764706,-0.00660382,0.0191667,1.160790097463424
42588,0.0764706,-0.00660382,0.0208333,1.160790097285111
42611,0.0411765,0.00660382,0.0191667,1.1584204099700988
42612,0.0411765,0.00660382,0.0208333,1.1584204099582502
42635,0.376471,0.0233962,0.0191667,0.6268587049170022
42636,0.376471,0.0233962,0.0208333,0.6182028753164168
42659,0.323529,0.0233962,0.0191667,0.3415595780651717
42660,0.323529,0.0233962,0.0208333,0.3206851162376109
42683,0.0940387,0.00661514,0.0191667,1.146133504321699
42684,0.0940387,0.00661514,0.0208333,1.1461335045307406
42707,0.0294107,-0.00662351,0.0191667,1.1582704174929717
42708,0.0294107,-0.00662351,0.0208333,1.1582704174883622
42731,0.347068,0.0366194,0.0191667,1.518708846069658
42732,0.347068,0.0366194,0.0208333,1.5198935685856048
42755,0.0588235,-0.00660382,0.0191667,1.1591503178099853
42756,0.0588235,-0.00660382,0.0208333,1.1591503177610634
42779,0.329412,0.0366038,0.0191667,1.5515090893054517
42780,0.329412,0.0366038,0.0208333,1.5526851289147567
42803,0.0529412,-0.00660382,0.0191667,1.1588303507304962
42804,0.0529412,-0.00660382,0.0208333,1.1588303506996944
42827,0.370588,0.0366038,0.0191667,1.464643385986651
42828,0.370588,0.0366038,0.0208333,1.465621865735455
42851,0.329412,0.0233962,0.0191667,0.4121986820508329
42852,0.329412,0.0233962,0.0208333,0.3933690874908266
42875,0.0705882,-0.00660382,0.0191667,1.1600602015950527
42876,0.0705882,-0.00660382,0.0208333,1.1600602014749595
42899,0.382333,0.0233635,0.0191667,0.6401600964140924
42900,0.382333,0.0233635,0.0208333,0.6320067625835813
42923,0.0176107,0.00667462,0.0191667,1.1584904265342462
42924,0.0176107,0.00667462,0.0208333,1.1584904265325948
42947,0.0647059,0.00660382,0.0191667,1.1592703789824932
42948,0.0647059,0.00660382,0.0208333,1.1592703789086762
42971,0.0529412,0.00660382,0.0191667,1.1588003709984736
42972,0.0529412,0.00660382,0.0208333,1.1588003709680295
42995,0.382367,0.0366754,0.0191667,1.4408444826242846
42996,0.382367,0.0366754,0.0208333,1.4417037636168368
43019,0.196629,0.0303578,0.0191667,0.4579470233161635
43020,0.196629,0.0303578,0.0208333,0.4579539198769568
43043,0.258072,-0.0354908,0.0191667,0.0990756114323298
43044,0.258072,-0.0354908,0.0208333,0.0928745402397234
43067,0.138046,-0.0396342,0.0191667,0.7316978819562323
43068,0.138046,-0.0396342,0.0208333,0.7317020936713423
43091,0.147458,0.0326433,0.0191667,0.32451894329184067
43092,0.147458,0.0326433,0.0208333,0.3245141838330799
43115,0.146841,0.0299201,0.0191667,0.2995985232226069
43116,0.146841,0.0299201,0.0208333,0.29959798552647665
43139,0.256593,-0.0147759,0.0191667,0.6516134111383479
43140,0.256593,-0.0147759,0.0208333,0.6516138228763267
43163,0.256527,-0.0284006,0.0191667,0.2974184152548177
43164,0.256527,-0.0284006,0.0208333,0.29869365007786824
43187,0.1014,-0.0298466,0.0191667,0.40142962469288734
43188,0.1014,-0.0298466,0.0208333,0.40144335977715656
43211,0.114387,0.0134672,0.0191667,0.33028892906198976
43212,0.114387,0.0134672,0.0208333,0.33028299539254835
43235,0.00562679,-0.00503289,0.0191667,1.1611510775740939
43236,0.00562679,-0.00503289,0.0208333,1.1611510775738765
43259,0.252915,-0.0372394,0.0191667,0.09141283445859451
43260,0.252915,-0.0372394,0.0208333,0.08503148589445912
43283,0.152638,0.0333989,0.0191667,0.3275256443143329
43284,0.152638,0.0333989,0.0208333,0.3275187659334996
43307,0.170108,-0.0382712,0.0191667,0.14440036659819844
43308,0.170108,-0.0382712,0.0208333,0.14439619476633064
43331,0.184102,-0.0209094,0.0191667,0.8793801085238087
43332,0.184102,-0.0209094,0.0208333,0.8793840291886225
43355,0.1322,-0.0365241,0.0191667,0.7003823912357772
43356,0.1322,-0.0365241,0.0208333,0.7003853671766559
43379,0.255362,-0.0383532,0.0191667,0.09265811221727756
43380,0.255362,-0.0383532,0.0208333,0.08396386603934099
43403,0.299613,-0.0377554,0.0191667,0.05996630060133775
43404,0.299613,-0.0377554,0.0208333,0.05668657371741566
43427,0.260431,-0.0372471,0.0191667,0.11954411093583364
43428,0.260431,-0.0372471,0.0208333,0.11140967641322723
43451,0.219681,-0.0337923,0.0191667,0.6786831277416607
43452,0.219681,-0.0337923,0.0208333,0.6786814555597454
43475,0.138979,-0.0373969,0.0191667,0.6729988153065787
43476,0.138979,-0.0373969,0.0208333,0.6730020389771597
43499,0.202883,-0.0321248,0.0191667,0.7560867294548672
43500,0.202883,-0.0321248,0.0208333,0.75608572944435
43523,0.284271,-0.0289611,0.0191667,0.2032869561833223
43524,0.284271,-0.0289611,0.0208333,0.15773022663518269
43547,0.125269,-0.0391536,0.0191667,0.7810787557972554
43548,0.125269,-0.0391536,0.0208333,0.781087150458718
43571,0.126832,-0.0391016,0.0191667,0.7856280424622413
43572,0.126832,-0.0391016,0.0208333,0.785634458706493
43595,0.168642,-0.0392173,0.0191667,0.05223476977014448
43596,0.168642,-0.0392173,0.0208333,0.05222567188630894
43619,0.217972,-0.0382958,0.0191667,0.537966577488251
43620,0.217972,-0.0382958,0.0208333,0.5379504523131681
43643,0.290418,-0.0168728,0.0191667,0.20640208688152842
43644,0.290418,-0.0168728,0.0208333,0.18238110939856134
43667,0.243022,-0.0133106,0.0191667,0.7028917550543188
43668,0.243022,-0.0133106,0.0208333,0.7028965010788399
43691,0.101985,0.030855,0.0191667,0.11722313706922366
43692,0.101985,0.030855,0.0208333,0.11720223421458313
43715,0.173195,-0.038118,0.0191667,0.2333500485591175
43716,0.173195,-0.038118,0.0208333,0.23334722169657923
43739,0.255391,-0.0336018,0.0191667,0.05519186008171857
43740,0.255391,-0.0336018,0.0208333,0.051682030701298884
43763,0.180088,-0.0163447,0.0191667,0.8686579548015313
43764,0.180088,-0.0163447,0.0208333,0.8686639948116054
43787,0.189104,-0.0380629,0.0191667,0.492509789059182
43788,0.189104,-0.0380629,0.0208333,0.4925014111398185
43811,0.134761,-0.0347261,0.0191667,0.5612627692509957
43812,0.134761,-0.0347261,0.0208333,0.5612610550073815
43835,0.108099,-0.0378403,0.0191667,0.39276735454035333
43836,0.108099,-0.0378403,0.0208333,0.3927846760458457
43859,0.237865,-0.034396,0.0191667,0.44194279470230263
43860,0.237865,-0.034396,0.0208333,0.4418909077359506
43883,0.277248,-0.0372905,0.0191667,0.1769074658899392
43884,0.277248,-0.0372905,0.0208333,0.16968747976164916
43907,0.106971,0.00631724,0.0191667,1.1705522245702016
43908,0.106971,0.00631724,0.0208333,1.1705521831080843
43931,0.16939,-0.0395882,0.0191667,0.040849738575771816
43932,0.16939,-0.0395882,0.0208333,0.04083402028790332
43955,0.239651,-0.0372225,0.0191667,0.25830189910877854
43956,0.239651,-0.0372225,0.0208333,0.25807222963584464
43979,0.196269,-0.0395836,0.0191667,0.4591638751590959
43980,0.196269,-0.0395836,0.0208333,0.4591512421111572
44003,0.188885,-0.0362254,0.0191667,0.57209169889131
44004,0.188885,-0.0362254,0.0208333,0.5720874993757012
44027,0.0204806,0.0016425,0.0191667,1.1678502788037168
44028,0.0204806,0.0016425,0.0208333,1.1678502788017084
44051,0.361749,0.0316186,0.0191667,1.4049026825803166
44052,0.361749,0.0316186,0.0208333,1.4062335524545098
44075,0.344133,0.0316184,0.0191667,1.4390311183781073
44076,0.344133,0.0316184,0.0208333,1.4412411293967724
44099,0.131,-0.0276532,0.0191667,0.13727324797776003
44100,0.131,-0.0276532,0.0208333,0.13727533104035153
44123,0.198596,-0.0280866,0.0191667,0.8303754480421756
44124,0.198596,-0.0280866,0.0208333,0.8303773910749117
44147,0.208824,0.0383441,0.0191667,0.5940238438793617
44148,0.208824,0.0383441,0.0208333,0.593992410670516
44171,0.20191,-0.0227394,0.0191667,0.8602027140695275
44172,0.20191,-0.0227394,0.0208333,0.8602067172600607
44195,0.259576,-0.0329463,0.0191667,0.07040268699595208
44196,0.259576,-0.0329463,0.0208333,0.06513929244879775
44219,0.214135,-0.0396042,0.0191667,0.445829121238646
44220,0.214135,-0.0396042,0.0208333,0.44581060863833255
44243,0.205981,0.0367966,0.0191667,0.5967810996324945
44244,0.205981,0.0367966,0.0208333,0.5967516181217044
44267,0.211685,0.0366878,0.0191667,0.5901033469125041
44268,0.211685,0.0366878,0.0208333,0.590072871667066
44291,0.104591,-0.0355219,0.0191667,0.31824518547389546
44292,0.104591,-0.0355219,0.0208333,0.31826127080794075
44315,0.139265,-0.0353189,0.0191667,0.546694914966383
44316,0.139265,-0.0353189,0.0208333,0.5466943977488183
44339,0.302926,0.0215175,0.0191667,0.3476631185647222
44340,0.302926,0.0215175,0.0208333,0.7924563111093255
44363,0.299359,-0.0327424,0.0191667,0.14707035421749687
44364,0.299359,-0.0327424,0.0208333,0.15025575194411028
44387,0.134135,-0.0223536,0.0191667,0.48053832975477234
44388,0.134135,-0.0223536,0.0208333,0.4805530790788248
44411,0.207057,-0.0359133,0.0191667,0.6612909983564262
44412,0.207057,-0.0359133,0.0208333,0.6612850216740777
44435,0.114215,-0.0395741,0.0191667,0.5823921050838107
44436,0.114215,-0.0395741,0.0208333,0.5824061490460266
44459,0.295582,-0.0366831,0.0191667,0.1391846541281042
44460,0.295582,-0.0366831,0.0208333,0.13311033299924538
44483,0.29716,-0.0334462,0.0191667,0.167373272219133
44484,0.29716,-0.0334462,0.0208333,0.15997983499582064
44507,0.273239,-0.0391812,0.0191667,0.14520531107307644
44508,0.273239,-0.0391812,0.0208333,0.13638417452752327
44531,0.274689,-0.039132,0.0191667,0.15033591587030193
44532,0.274689,-0.039132,0.0208333,0.14269050823265286
44555,0.198327,0.0272953,0.0191667,0.39464791784162817
44556,0.198327,0.0272953,0.0208333,0.39465626616750976
44579,0.224478,0.034095,0.0191667,0.48031109237454434
44580,0.224478,0.034095,0.0208333,0.4802985833660109
44603,0.224872,-0.037743,0.0191667,0.4915586198909444
44604,0.224872,-0.037743,0.0208333,0.49153578862993536
44627,0.297352,-0.0377566,0.0191667,0.09159764419863646
44628,0.297352,-0.0377566,0.0208333,0.09122548224640964
44651,0.190776,-0.0390979,0.0191667,0.4444209502587002
44652,0.190776,-0.0390979,0.0208333,0.44440925046678365
44675,0.100985,-0.0253809,0.0191667,0.489460395277531
44676,0.100985,-0.0253809,0.0208333,0.48946748629934766
44699,0.155586,-0.0287375,0.0191667,0.5626167505660474
44700,0.155586,-0.0287375,0.0208333,0.562617884124423
44723,0.222956,-0.0290068,0.0191667,0.738481264031413
44724,0.222956,-0.0290068,0.0208333,0.7384845930615319
44747,0.29032,-0.0395895,0.0191667,0.14866221316393752
44748,0.29032,-0.0395895,0.0208333,0.14997365515790598
44771,0.19573,-0.0266161,0.0191667,0.8439877187604136
44772,0.19573,-0.0266161,0.0208333,0.8439906369795378
44795,0.260663,0.0294559,0.0191667,0.18223174430814215
44796,0.260663,0.0294559,0.0208333,0.18224499611201186
44819,0.255499,0.0268148,0.0191667,0.1940176343636862
44820,0.255499,0.0268148,0.0208333,0.194017267138189
44843,0.108909,-0.0391695,0.0191667,0.39332665514481585
44844,0.108909,-0.0391695,0.0208333,0.3933442543604171
44867,0.110412,-0.0391522,0.0191667,0.45552089892608044
44868,0.110412,-0.0391522,0.0208333,0.45553665389629944
44891,0.16548,-0.0383566,0.0191667,0.07061516011057753
44892,0.16548,-0.0383566,0.0208333,0.07061803048481599
44915,0.112261,0.0105297,0.0191667,0.6348612258191277
44916,0.112261,0.0105297,0.0208333,0.6348580253863378
44939,0.284486,-0.0344185,0.0191667,0.18087104414949898
44940,0.284486,-0.0344185,0.0208333,0.14888676158650105
44963,0.180487,-0.0319872,0.0191667,0.6415482815860072
44964,0.180487,-0.0319872,0.0208333,0.6415467893059813
44987,0.140722,-0.0376021,0.0191667,0.6650236301397676
44988,0.140722,-0.0376021,0.0208333,0.6650278535736984
45011,0.157164,-0.0321858,0.0191667,0.26642351881073895
45012,0.157164,-0.0321858,0.0208333,0.2664193217315501
45035,0.213389,-0.0392815,0.0191667,0.4569276197034831
45036,0.213389,-0.0392815,0.0208333,0.4569091150892013
45059,0.0940331,0.00328259,0.0191667,1.1991017012598961
45060,0.0940331,0.00328259,0.0208333,1.1991017022956676
45083,0.22448,-0.0323394,0.0191667,0.6732364518201838
45084,0.22448,-0.0323394,0.0208333,0.6732360051190807
45107,0.0911859,-0.00164045,0.0191667,1.2029412300777798
45108,0.0911859,-0.00164045,0.0208333,1.202941230282573
45131,0.248281,-0.0378275,0.0191667,0.060496713737697355
45132,0.248281,-0.0378275,0.0208333,0.05684126624653754
45155,0.393959,0.0225047,0.0191667,0.6422759266876569
45156,0.393959,0.0225047,0.0208333,0.6352687014069008
45179,0.185641,-0.0339417,0.0191667,0.6189262057771201
45180,0.185641,-0.0339417,0.0208333,0.6189249039999347
45203,0.219414,-0.039118,0.0191667,0.4231334330538093
45204,0.219414,-0.039118,0.0208333,0.42310897582735585
45227,0.217955,-0.0391398,0.0191667,0.4342385188537577
45228,0.217955,-0.0391398,0.0208333,0.4342160557638698
45251,0.184301,-0.0298813,0.0191667,0.7343667904985999
45252,0.184301,-0.0298813,0.0208333,0.7343673579394593
45275,0.16462,-0.0381231,0.0191667,0.08251573296117777
45276,0.16462,-0.0381231,0.0208333,0.08251996231593238
45299,0.179036,-0.0361434,0.0191667,0.4447403626560845
45300,0.179036,-0.0361434,0.0208333,0.4447368829874539
45323,0.228351,-0.038302,0.0191667,0.42774183179433534
45324,0.228351,-0.038302,0.0208333,0.427708287264046
45347,0.175547,-0.0129851,0.0191667,0.8610238225040227
45348,0.175547,-0.0129851,0.0208333,0.861029117006503
45371,0.112302,-0.037576,0.0191667,0.5556866616686952
45372,0.112302,-0.037576,0.0208333,0.5556984794150477
45395,0.347073,0.0232892,0.0191667,0.5111714954514527
45396,0.347073,0.0232892,0.0208333,0.49559715059039244
45419,0.35881,0.0232902,0.0191667,0.5638000044575723
45420,0.35881,0.0232902,0.0208333,0.5521787433248969
45443,0.0175767,-0.00668694,0.0191667,1.1584204853226034
45444,0.0175767,-0.00668694,0.0208333,1.158420485321087
45467,0.100411,-0.0365677,0.0191667,0.0829204873309968
45468,0.100411,-0.0365677,0.0208333,0.08295427409386451
45491,0.288784,-0.0395898,0.0191667,0.15661693095086526
45492,0.288784,-0.0395898,0.0208333,0.1561689887993532
45515,0.256137,-0.0379499,0.0191667,0.09924151444512976
45516,0.256137,-0.0379499,0.0208333,0.09039789045428494
45539,0.256211,-0.0371019,0.0191667,0.10337412578885685
45540,0.256211,-0.0371019,0.0208333,0.09627281485369014
45563,0.255596,-0.0295389,0.0191667,0.2828141580703092
45564,0.255596,-0.0295389,0.0208333,0.2842303927341515
45587,0.232809,-0.0353623,0.0191667,0.48399620616741407
45588,0.232809,-0.0353623,0.0208333,0.48396674175532517
45611,0.12509,-0.0384143,0.0191667,0.7790683822974576
45612,0.12509,-0.0384143,0.0208333,0.7790756837118346
45635,0.239677,-0.0379697,0.0191667,0.19962698330583192
45636,0.239677,-0.0379697,0.0208333,0.19934965982820238
45659,0.391306,0.0213939,0.0191667,0.6405493596818437
45660,0.391306,0.0213939,0.0208333,0.6332086413582395
45683,0.287319,-0.0289558,0.0191667,0.2086028871337595
45684,0.287319,-0.0289558,0.0208333,0.15511216543382406
45707,0.189765,-0.0141115,0.0191667,0.8184328887572423
45708,0.189765,-0.0141115,0.0208333,0.8184381039279471
45731,0.158874,-0.0372155,0.0191667,0.16717140010713077
45732,0.158874,-0.0372155,0.0208333,0.1671745771322377
45755,0.279106,-0.0261797,0.0191667,0.16793412661912438
45756,0.279106,-0.0261797,0.0208333,0.15271724893567198
45779,0.113767,-0.0314215,0.0191667,0.3987544223175567
45780,0.113767,-0.0314215,0.0208333,0.39874225831645554
45803,0.256845,-0.0383947,0.0191667,0.10005300232493025
45804,0.256845,-0.0383947,0.0208333,0.09066090303801082
45827,0.1597,-0.0383189,0.0191667,0.19958583546609715
45828,0.1597,-0.0383189,0.0208333,0.19959220615518555
45851,0.185311,-0.0385116,0.0191667,0.43981760843612083
45852,0.185311,-0.0385116,0.0208333,0.4398091234860364
45875,0.145668,-0.0371662,0.0191667,0.5465817464899098
45876,0.145668,-0.0371662,0.0208333,0.5465864572562222
45899,0.187693,-0.0331807,0.0191667,0.6753467149070406
45900,0.187693,-0.0331807,0.0208333,0.675345445484929
45923,0.126086,-0.0395325,0.0191667,0.7806410638368162
45924,0.126086,-0.0395325,0.0208333,0.780648468207482
45947,0.155224,-0.039113,0.0191667,0.36541530149709983
45948,0.155224,-0.039113,0.0208333,0.36542138098264376
45971,0.156731,-0.0391807,0.0191667,0.3292468266187404
45972,0.156731,-0.0391807,0.0208333,0.32925379803003413
45995,0.290595,0.00452413,0.0191667,0.31887084191925125
45996,0.290595,0.00452413,0.0208333,0.3167598986304927
46019,0.255164,-0.0200549,0.0191667,0.6087349133672989
46020,0.255164,-0.0200549,0.0208333,0.6087764704892923
46043,0.144863,-0.0383892,0.0191667,0.6152753018330738
46044,0.144863,-0.0383892,0.0208333,0.6152813770647706
46067,0.361749,0.0282929,0.0191667,1.1050809646493123
46068,0.361749,0.0282929,0.0208333,1.1063661661372746
46091,0.0204845,-0.00169109,0.0191667,1.167800281018433
46092,0.0204845,-0.00169109,0.0208333,1.1678002810164287
46115,0.344133,0.0282927,0.0191667,1.125062392239165
46116,0.344133,0.0282927,0.0208333,1.130148577761002
46139,0.275791,-0.0377949,0.0191667,0.1786182985648447
46140,0.275791,-0.0377949,0.0208333,0.17179990418900382
46163,0.1373,-0.0392963,0.0191667,0.7431758307733456
46164,0.1373,-0.0392963,0.0208333,0.7431800851469154
46187,0.138784,-0.0392134,0.0191667,0.7279100748112581
46188,0.138784,-0.0392134,0.0208333,0.7279142645311357
46211,0.148902,-0.0370683,0.0191667,0.46809067838021307
46212,0.148902,-0.0370683,0.0208333,0.4680981954358304
46235,0.00602102,-0.00750869,0.0191667,1.1589401507149824
46236,0.00602102,-0.00750869,0.0208333,1.1589401507147146
46259,0.00867799,-0.00861432,0.0191667,1.1567303926698587
46260,0.00867799,-0.00861432,0.0208333,1.1567303926693668
46283,0.0175328,0.00333255,0.0191667,1.1663804300454264
46284,0.0175328,0.00333255,0.0208333,1.1663804300439313
46307,0.347072,0.0332617,0.0191667,1.436552683884059
46308,0.347072,0.0332617,0.0208333,1.4385914667901039
46331,0.358811,0.0332619,0.0191667,1.4123238371953009
46332,0.358811,0.0332619,0.0208333,1.4137541113552405
46355,0.137546,-0.0117686,0.0191667,1.072487871853918
46356,0.137546,-0.0117686,0.0208333,1.0724875273758179
46379,0.254525,-0.0395966,0.0191667,0.034568674344550736
46380,0.254525,-0.0395966,0.0208333,0.029463087359272108
46403,0.131763,-0.0371494,0.0191667,0.7268529746775977
46404,0.131763,-0.0371494,0.0208333,0.7268560782611977
46427,0.257349,-0.0337057,0.0191667,0.07401481073096114
46428,0.257349,-0.0337057,0.0208333,0.06855349328874495
46451,0.122761,-0.0205131,0.0191667,0.36112312666257484
46452,0.122761,-0.0205131,0.0208333,0.3611509929508129
46475,0.197143,-0.0327207,0.0191667,0.7271952120006728
46476,0.197143,-0.0327207,0.0208333,0.7271941420827869
46499,0.103507,-0.0271816,0.0191667,0.46184818338784234
46500,0.103507,-0.0271816,0.0208333,0.46184965382866544
46523,0.296078,-0.0379577,0.0191667,0.10915392550604856
46524,0.296078,-0.0379577,0.0208333,0.11007429713270941
46547,0.189583,-0.0385278,0.0191667,0.4814106434169756
46548,0.189583,-0.0385278,0.0208333,0.48140118474715876
46571,0.252952,-0.0395953,0.0191667,0.02697273836000359
46572,0.252952,-0.0395953,0.0208333,0.023092242598748525
46595,0.205245,-0.0122949,0.0191667,0.7330718652820193
46596,0.205245,-0.0122949,0.0208333,0.733070682556546
46619,0.267625,0.0382834,0.0191667,0.056056229845946645
46620,0.267625,0.0382834,0.0208333,0.05613137748333012
46643,0.0940393,-0.00657514,0.0191667,1.1665802542500907
46644,0.0940393,-0.00657514,0.0208333,1.166580254779057
46667,0.137778,-0.0345103,0.0191667,0.5108745392011257
46668,0.137778,-0.0345103,0.0208333,0.5108716590129722
46691,0.350005,0.0216308,0.0191667,0.49159590435580014
46692,0.350005,0.0216308,0.0208333,0.4761797111137605
46715,0.0146445,-0.00834536,0.0191667,1.1569603405850577
46716,0.0146445,-0.00834536,0.0208333,1.1569603405839035
46739,0.355877,0.0216318,0.0191667,0.5133665017323265
46740,0.355877,0.0216318,0.0208333,0.4997267075322452
46763,0.240343,-0.0383817,0.0191667,0.16487983149527538
46764,0.240343,-0.0383817,0.0208333,0.16448195604031587
46787,0.297054,0.0383508,0.0191667,1.0129278629299427
46788,0.297054,0.0383508,0.0208333,1.0130262918270092
46811,0.101008,-0.0342629,0.0191667,0.2269198743474445
46812,0.101008,-0.0342629,0.0208333,0.22694139632667287
46835,0.260789,-0.0306673,0.0191667,0.05500690880643994
46836,0.260789,-0.0306673,0.0208333,0.051893717430725655
46859,0.25677,-0.0392014,0.0191667,0.05238081947648777
46860,0.25677,-0.0392014,0.0208333,0.04588142897739891
46883,0.103585,-0.0366399,0.0191667,0.2444559025391238
46884,0.103585,-0.0366399,0.0208333,0.24447753824391497
46907,0.191459,-0.0390912,0.0191667,0.4455128525863659
46908,0.191459,-0.0390912,0.0208333,0.44550116949708507
46931,0.253275,0.0368818,0.0191667,0.2216463624397037
46932,0.253275,0.0368818,0.0208333,0.2216128753659997
46955,0.108877,-0.0383149,0.0191667,0.41681233316235783
46956,0.108877,-0.0383149,0.0208333,0.4168278832797278
46979,0.165617,-0.0391715,0.0191667,0.09303433196080091
46980,0.165617,-0.0391715,0.0208333,0.09304141995034738
47003,0.241791,-0.0391947,0.0191667,0.03753331652292401
47004,0.241791,-0.0391947,0.0208333,0.0365828116047687
47027,0.24031,-0.0392102,0.0191667,0.08439823726559934
47028,0.24031,-0.0392102,0.0208333,0.0838953748326116
47051,0.100423,-0.0350599,0.0191667,0.15989332296531336
47052,0.100423,-0.0350599,0.0208333,0.15991706576303855
47075,0.113797,0.0074443,0.0191667,0.9508194257681761
47076,0.113797,0.0074443,0.0208333,0.9508182947944093
47099,0.139192,-0.0148017,0.0191667,1.0113247289798628
47100,0.139192,-0.0148017,0.0208333,1.0113258091702833
47123,0.182846,-0.039614,0.0191667,0.32493537763608216
47124,0.182846,-0.039614,0.0208333,0.32492401827966366
47147,0.183499,-0.0271885,0.0191667,0.7820964987269884
47148,0.183499,-0.0271885,0.0208333,0.7820981401175593
47171,0.187982,-0.0373546,0.0191667,0.5174744327482398
47172,0.187982,-0.0373546,0.0208333,0.5174691623798465
47195,0.127878,-0.0364089,0.0191667,0.7159328541026263
47196,0.127878,-0.0364089,0.0208333,0.7159366911067959
47219,0.198376,-0.0383257,0.0191667,0.5514669431061
47220,0.198376,-0.0383257,0.0208333,0.551455656499728
47243,0.241231,0.0366505,0.0191667,0.37874048376052816
47244,0.241231,0.0366505,0.0208333,0.3786912205034715
47267,0.350004,0.0315565,0.0191667,1.4259476745154782
47268,0.350004,0.0315565,0.0208333,1.427769257782735
47291,0.0141869,0.00169086,0.0191667,1.1650603105801793
47292,0.0141869,0.00169086,0.0208333,1.1650603105790431
47315,0.355879,0.0315567,0.0191667,1.4140834013427674
47316,0.355879,0.0315567,0.0208333,1.4156346958358839
47339,0.130941,0.0271402,0.0191667,0.29777900514155475
47340,0.130941,0.0271402,0.0208333,0.29778500444172873
47363,0.196778,-0.0358802,0.0191667,0.6389970218943056
47364,0.196778,-0.0358802,0.0208333,0.6389929316698012
47387,0.276593,-0.011333,0.0191667,0.34594319854716626
47388,0.276593,-0.011333,0.0208333,0.34493865699786386
47411,0.23887,-0.0370543,0.0191667,0.27496846019647797
47412,0.23887,-0.0370543,0.0208333,0.27478116925253887
47435,0.123077,-0.035313,0.0191667,0.6523337251732289
47436,0.123077,-0.035313,0.0208333,0.6523350583101399
47459,0.299195,-0.0370088,0.0191667,0.08808243228504763
47460,0.299195,-0.0370088,0.0208333,0.08723424366245174
47483,0.2267,-0.0366047,0.0191667,0.5190952888670377
47484,0.2267,-0.0366047,0.0208333,0.5190767845748805
47507,0.134909,-0.0378245,0.0191667,0.7418242442099922
47508,0.134909,-0.0378245,0.0208333,0.7418286113589813
47531,0.111686,-0.0158573,0.0191667,0.34154667634829705
47532,0.111686,-0.0158573,0.0208333,0.3415585320003769
47555,0.104295,-0.0371623,0.0191667,0.2546259997349495
47556,0.104295,-0.0371623,0.0208333,0.2546476699536489
47579,0.104046,-0.0379362,0.0191667,0.21931999104721414
47580,0.104046,-0.0379362,0.0208333,0.21934264615969326
47603,0.125588,-0.0378939,0.0191667,0.7764442719724408
47604,0.125588,-0.0378939,0.0208333,0.7764515176883954
47627,0.106749,-0.0325346,0.0191667,0.4186061503728833
47628,0.106749,-0.0325346,0.0208333,0.41861015339934976
47651,0.126634,0.0296986,0.0191667,0.30532440558641905
47652,0.126634,0.0296986,0.0208333,0.3053323408189666
47675,0.257602,-0.0380551,0.0191667,0.10441664265590232
47676,0.257602,-0.0380551,0.0208333,0.09514866859963728
47699,0.164967,-0.0289389,0.0191667,0.6297869974009258
47700,0.164967,-0.0289389,0.0208333,0.6297875197433751
47723,0.10375,0.027753,0.0191667,0.1443229532010068
47724,0.10375,0.027753,0.0208333,0.1443142722609583
47747,0.135521,-0.0379744,0.0191667,0.7349132696065529
47748,0.135521,-0.0379744,0.0208333,0.7349166412965285
47771,0.113654,-0.0381561,0.0191667,0.5927619477688669
47772,0.113654,-0.0381561,0.0208333,0.5927729238457307
47795,0.298283,-0.035505,0.0191667,0.12177399574215342
47796,0.298283,-0.035505,0.0208333,0.1213391496675331
47819,0.168595,-0.0384204,0.0191667,0.0907445871037474
47820,0.168595,-0.0384204,0.0208333,0.0907398385414345
47843,0.142091,0.0344473,0.0191667,0.3319510486742887
47844,0.142091,0.0344473,0.0208333,0.3319382588005373
47867,0.114954,-0.0391623,0.0191667,0.6096640934976867
47868,0.114954,-0.0391623,0.0208333,0.6096771794878323
47891,0.279369,-0.00981021,0.0191667,0.332121405473324
47892,0.279369,-0.00981021,0.0208333,0.3307145447244944
47915,0.206926,-0.0152879,0.0191667,0.7854166681018943
47916,0.206926,-0.0152879,0.0208333,0.7854184789664059
47939,0.347077,0.0265982,0.0191667,1.1128909824458684
47940,0.347077,0.0265982,0.0208333,1.1172942396397672
47963,0.358806,0.0265994,0.0191667,1.0969738077947133
47964,0.358806,0.0265994,0.0208333,1.0988197651115121
47987,0.0174988,-0.00336234,0.0191667,1.1663204292492955
47988,0.0174988,-0.00336234,0.0208333,1.1663204292476694
48011,0.238248,-0.0282563,0.0191667,0.6230851965408039
48012,0.238248,-0.0282563,0.0208333,0.6230955139266788
48035,0.171243,-0.0280334,0.0191667,0.6985345080548125
48036,0.171243,-0.0280334,0.0208333,0.6985357417071371
48059,0.181341,-0.0396217,0.0191667,0.30217638417678255
48060,0.181341,-0.0396217,0.0208333,0.3021648754507355
48083,0.0853006,0.00163678,0.0191667,1.1959756170146865
48084,0.0853006,0.00163678,0.0208333,1.1959756168645699
48107,0.176738,-0.0375549,0.0191667,0.33582474168943016
48108,0.176738,-0.0375549,0.0208333,0.3358201859797889
48131,0.150609,-0.0350351,0.0191667,0.3075866331754505
48132,0.150609,-0.0350351,0.0208333,0.3075876425633296
48155,0.100644,-0.031114,0.0191667,0.3476609521926706
48156,0.100644,-0.031114,0.0208333,0.3476782121187516
48179,0.130679,-0.0396426,0.0191667,0.7795870657079169
48180,0.130679,-0.0396426,0.0208333,0.7795935089210368
48203,0.352942,0.0232626,0.0191667,0.5366507895319709
48204,0.352942,0.0232626,0.0208333,0.5230521649013231
48227,0.286961,-0.0342212,0.0191667,0.18230897680065017
48228,0.286961,-0.0342212,0.0208333,0.14680049990350852
48251,0.0882503,-0.00327648,0.0191667,1.2000627814681917
48252,0.0882503,-0.00327648,0.0208333,1.2000627813539457
48275,0.155589,0.0321734,0.0191667,0.3353710454922024
48276,0.155589,0.0321734,0.0208333,0.3353642113659358
48299,0.298606,0.0114259,0.0191667,0.6095308187418418
48300,0.298606,0.0114259,0.0208333,0.6053690388548213
48323,0.167153,-0.0391757,0.0191667,0.03748686045154089
48324,0.167153,-0.0391757,0.0208333,0.0374805327369049
48347,0.12078,0.0281322,0.0191667,0.28659585785188413
48348,0.12078,0.0281322,0.0208333,0.28661271438040636
48371,0.112718,-0.0342248,0.0191667,0.5091380284531404
48372,0.112718,-0.0342248,0.0208333,0.509139217597259
48395,0.0853004,-0.00163899,0.0191667,1.198361977549955
48396,0.0853004,-0.00163899,0.0208333,1.198361977362485
48419,0.0882439,0.00328465,0.0191667,1.1964036948228614
48420,0.0882439,0.00328465,0.0208333,1.1964036948174108
48443,0.237825,0.028084,0.0191667,0.23766425504231872
48444,0.237825,0.028084,0.0208333,0.2376707965169646
48467,0.273928,-0.0395917,0.0191667,0.14200456943933742
48468,0.273928,-0.0395917,0.0208333,0.13370582651613916
48491,0.27075,0.0366031,0.0191667,0.16457235244308202
48492,0.27075,0.0366031,0.0208333,0.16460560080425066
48515,0.0617647,0.00163524,0.0191667,1.1868102378018814
48516,0.0617647,0.00163524,0.0208333,1.1868102377434044
48539,0.0588235,0.00327049,0.0191667,1.1852403117578092
48540,0.0588235,0.00327049,0.0208333,1.1852403117104986
48563,0.05,0.00163524,0.0191667,1.1814802104676851
48564,0.05,0.00163524,0.0208333,1.1814802104438924
48587,0.0735294,-0.00163524,0.0191667,1.192280017718179
48588,0.0735294,-0.00163524,0.0208333,1.1922800175774444
48611,0.03235,0.00163072,0.0191667,1.1733302354971236
48612,0.03235,0.00163072,0.0208333,1.1733302354913147
48635,0.0234997,0.00328647,0.0191667,1.1690804151467058
48636,0.0234997,0.00328647,0.0208333,1.1690804151440188
48659,0.0470588,0.00327049,0.0191667,1.1799103117181722
48660,0.0470588,0.00327049,0.0208333,1.1799103116992076
48683,0.326471,0.0283648,0.0191667,1.1445757525569962
48684,0.326471,0.0283648,0.0208333,1.1565322716761908
48707,0.320588,0.0316352,0.0191667,1.4651830450691838
48708,0.320588,0.0316352,0.0208333,1.4695631143623933
48731,0.376471,0.0267295,0.0191667,1.0918756371671867
48732,0.376471,0.0267295,0.0208333,1.0916878881272074
48755,0.0676471,0.00163524,0.0191667,1.1893803164835073
48756,0.0676471,0.00163524,0.0208333,1.1893803163939938
48779,0.03235,-0.00163977,0.0191667,1.1733102425223925
48780,0.03235,-0.00163977,0.0208333,1.173310242516427
48803,0.0764706,-0.00327049,0.0191667,1.1934000155482098
48804,0.0764706,-0.00327049,0.0208333,1.1934000153781454
48827,0.376471,0.0332705,0.0191667,1.3857204129372445
48828,0.376471,0.0332705,0.0208333,1.3865306702359308
48851,0.0705882,0.00327049,0.0191667,1.1903404905930695
48852,0.0705882,0.00327049,0.0208333,1.1903404904902375
48875,0.38874,0.033684,0.0191667,1.3700431967963083
48876,0.38874,0.033684,0.0208333,1.3705930177713217
48899,0.335294,0.0332705,0.0191667,1.4551729700920528
48900,0.335294,0.0332705,0.0208333,1.4581716325477523
48923,0.335295,0.0267098,0.0191667,1.1282145512312773
48924,0.335295,0.0267098,0.0208333,1.136384572519529
48947,0.0470588,-0.00327049,0.0191667,1.1798902969979579
48948,0.0470588,-0.00327049,0.0208333,1.1798902969790033
48971,0.323529,0.0332705,0.0191667,1.4666948902980446
48972,0.323529,0.0332705,0.0208333,1.470792531622402
48995,0.0647059,-0.00327049,0.0191667,1.1879401794298088
48996,0.0647059,-0.00327049,0.0208333,1.1879401793545539
49019,0.0411765,-0.00327049,0.0191667,1.1771903205542176
49020,0.0411765,-0.00327049,0.0208333,1.177190320542397
49043,0.0235025,-0.00333729,0.0191667,1.1690204132568218
49044,0.0235025,-0.00333729,0.0208333,1.1690204132541393
49067,0.364693,0.0266621,0.0191667,1.0938906568535371
49068,0.364693,0.0266621,0.0208333,1.0948647508133122
49091,0.338239,0.028337,0.0191667,1.1323393839230844
49092,0.338239,0.028337,0.0208333,1.139269111759228
49115,0.382434,0.0333549,0.0191667,1.3792821198211394
49116,0.382434,0.0333549,0.0208333,1.3799522624229017
49139,0.0294088,0.00326597,0.0191667,1.1718203705169965
49140,0.0294088,0.00326597,0.0208333,1.1718203705124135
49163,0.379478,0.0283776,0.0191667,1.1030247122858527
49164,0.379478,0.0283776,0.0208333,1.102628250354433
49187,0.0529412,0.00327049,0.0191667,1.1825903044203845
49188,0.0529412,0.00327049,0.0208333,1.1825903043903294
49211,0.0617647,-0.00163524,0.0191667,1.186860133891286
49212,0.0617647,-0.00163524,0.0208333,1.1868601338311295
49235,0.329412,0.0267295,0.0191667,1.1346749465784818
49236,0.329412,0.0267295,0.0208333,1.145375697626259
49259,0.308789,0.0315283,0.0191667,1.43419994954478
49260,0.308789,0.0315283,0.0208333,1.438594689282675
49283,0.0382353,-0.00163524,0.0191667,1.1760302208375302
49284,0.0382353,-0.00163524,0.0208333,1.1760302208280309
49307,0.0441176,-0.00163524,0.0191667,1.178750206682984
49308,0.0441176,-0.00163524,0.0208333,1.1787502066677922
49331,0.370587,0.0267098,0.0191667,1.092127231786176
49332,0.370587,0.0267098,0.0208333,1.0924467897332355
49355,0.326471,0.0316352,0.0191667,1.4618876674291932
49356,0.326471,0.0316352,0.0208333,1.465731216844021
49379,0.320588,0.0283648,0.0191667,1.150192553925819
49380,0.320588,0.0283648,0.0208333,1.1657111678285037
49403,0.0823529,-0.00327049,0.0191667,1.1963603287624156
49404,0.0823529,-0.00327049,0.0208333,1.1963603285499727
49427,0.0823532,0.00328146,0.0191667,1.1946930103027489
49428,0.0823532,0.00328146,0.0208333,1.1946930101264128
49451,0.05,-0.00163524,0.0191667,1.1814701903857014
49452,0.05,-0.00163524,0.0208333,1.1814701903617468
49475,0.305814,0.0331064,0.0191667,1.4104371071090727
49476,0.305814,0.0331064,0.0208333,1.411974467175072
49499,0.0735294,0.00163524,0.0191667,1.191850560040562
49500,0.0735294,0.00163524,0.0208333,1.191850559913898
49523,0.0676471,-0.00163524,0.0191667,1.189560077192399
49524,0.0676471,-0.00163524,0.0208333,1.1895600770988646
49547,0.373529,0.0316352,0.0191667,1.3871308420956476
49548,0.373529,0.0316352,0.0208333,1.3880313650759515
49571,0.317647,0.0332705,0.0191667,1.468878164722014
49572,0.317647,0.0332705,0.0208333,1.4731243222143755
49595,0.308819,0.028215,0.0191667,1.2161016014371866
49596,0.308819,0.028215,0.0208333,1.2378861048524457
49619,0.338238,0.0316271,0.0191667,1.44873141843756
49620,0.338238,0.0316271,0.0208333,1.451427792069984
49643,0.341189,0.026662,0.0191667,1.121395801331212
49644,0.341189,0.026662,0.0208333,1.1274963251005763
49667,0.317648,0.0267225,0.0191667,1.1602356719491969
49668,0.317648,0.0267225,0.0208333,1.1781181112230634
49691,0.0352941,0.00327049,0.0191667,1.1745103449389522
49692,0.0352941,0.00327049,0.0208333,1.1745103449315586
49715,0.0352941,-0.00327049,0.0191667,1.174490347366137
49716,0.0352941,-0.00327049,0.0208333,1.1744903473587491
49739,0.332353,0.0316352,0.0191667,1.4564179029008928
49740,0.332353,0.0316352,0.0208333,1.4596551929335033
49763,0.311758,0.0332571,0.0191667,1.4560760789790304
49764,0.311758,0.0332571,0.0208333,1.4598648582112892
49787,0.311789,0.0266663,0.0191667,1.1928548400295151
49788,0.311789,0.0266663,0.0208333,1.2146991442537367
49811,0.0441176,0.00163524,0.0191667,1.178780215532472
49812,0.0441176,0.00163524,0.0208333,1.1787802155176141
49835,0.323529,0.0267295,0.0191667,1.1408211741215024
49836,0.323529,0.0267295,0.0208333,1.1546873441296306
49859,0.332353,0.0283648,0.0191667,1.1386942803676943
49860,0.332353,0.0283648,0.0208333,1.1478567834102738
49883,0.341188,0.0332779,0.0191667,1.446980352754216
49884,0.341188,0.0332779,0.0208333,1.449455599925907
49907,0.0382353,0.00163524,0.0191667,1.1760602251785357
49908,0.0382353,0.00163524,0.0208333,1.1760602251691976
49931,0.314705,0.031614,0.0191667,1.4581141987788924
49932,0.314705,0.031614,0.0208333,1.4629360412458925
49955,0.364694,0.0332779,0.0191667,1.4026729104168187
49956,0.364694,0.0332779,0.0208333,1.4038731756178642
49979,0.385779,0.0317576,0.0191667,1.370297373727933
49980,0.385779,0.0317576,0.0208333,1.3708672005972447
50003,0.379478,0.0316481,0.0191667,1.3787212346913007
50004,0.379478,0.0316481,0.0208333,1.3794515910864003
50027,0.367643,0.028337,0.0191667,1.1013199775925535
50028,0.367643,0.028337,0.0208333,1.101880070495117
50051,0.370588,0.0332705,0.0191667,1.3939424081422926
50052,0.370588,0.0332705,0.0208333,1.3949326350899454
50075,0.0647059,0.00327049,0.0191667,1.1878403536892301
50076,0.0647059,0.00327049,0.0208333,1.1878403536164932
50099,0.329412,0.0332705,0.0191667,1.4613540176046618
50100,0.329412,0.0332705,0.0208333,1.4649270300812334
50123,0.314706,0.0283365,0.0191667,1.1689474552490031
50124,0.314706,0.0283365,0.0208333,1.1895680317813395
50147,0.0294077,-0.0032947,0.0191667,1.171760381851503
50148,0.0294077,-0.0032947,0.0208333,1.1717603818469247
50171,0.0411765,0.00327049,0.0191667,1.1772203265863035
50172,0.0411765,0.00327049,0.0208333,1.1772203265752013
50195,0.373529,0.0283648,0.0191667,1.1002129868984643
50196,0.373529,0.0283648,0.0208333,1.1002259712502847
50219,0.0529412,-0.00327049,0.0191667,1.1825802708911988
50220,0.0529412,-0.00327049,0.0208333,1.1825802708608117
50243,0.0588235,-0.00327049,0.0191667,1.1852602354776942
50244,0.0588235,-0.00327049,0.0208333,1.1852602354292947
50267,0.0764706,0.00327617,0.0191667,1.192620957523849
50268,0.0764706,0.00327617,0.0208333,1.192620957372667
50291,0.367644,0.0316272,0.0191667,1.3953925287586555
50292,0.367644,0.0316272,0.0208333,1.3964931707629211
50315,0.0264508,0.00162328,0.0191667,1.1706002583744517
50316,0.0264508,0.00162328,0.0208333,1.170600258370909
50339,0.0705882,-0.00327049,0.0191667,1.1906300916063215
50340,0.0705882,-0.00327049,0.0208333,1.1906300914902255
50363,0.0558824,0.00163524,0.0191667,1.1841602140307976
50364,0.0558824,0.00163524,0.0208333,1.184160213992903
50387,0.0264497,-0.00166689,0.0191667,1.1705402643639313
50388,0.0264497,-0.00166689,0.0208333,1.1705402643603928
50411,0.382399,0.0267096,0.0191667,1.0930319847766992
50412,0.382399,0.0267096,0.0208333,1.0924132153003392
50435,0.0794118,0.00164093,0.0191667,1.1940014899834217
50436,0.0794118,0.00164093,0.0208333,1.1940014898056779
50459,0.0558824,-0.00163524,0.0191667,1.1841701685937176
50460,0.0558824,-0.00163524,0.0208333,1.184170168555672
50483,0.385744,0.0283828,0.0191667,1.1104296715607733
50484,0.385744,0.0283828,0.0208333,1.1096906205531394
50507,0.0794118,-0.00163524,0.0191667,1.1951301847320572
50508,0.0794118,-0.00163524,0.0208333,1.1951301845394275
50531,0.102954,-0.0392071,0.0191667,0.11620035967731812
50532,0.102954,-0.0392071,0.0208333,0.11623103127379539
50555,0.232863,0.0310023,0.0191667,0.36829442164346626
50556,0.232863,0.0310023,0.0208333,0.36829588306674155
50579,0.250289,-0.0367562,0.0191667,0.06993749012348455
50580,0.250289,-0.0367562,0.0208333,0.06531138930390396
50603,0.249445,-0.0368356,0.0191667,0.06487936987753812
50604,0.249445,-0.0368356,0.0208333,0.06049911857229079
50627,0.170145,-0.0391373,0.0191667,0.09694755350381773
50628,0.170145,-0.0391373,0.0208333,0.09694075810882696
50651,0.223828,-0.0391782,0.0191667,0.3907911834802204
50652,0.223828,-0.0391782,0.0208333,0.39075991277402816
50675,0.222402,-0.0391651,0.0191667,0.40045269219651225
50676,0.222402,-0.0391651,0.0208333,0.40042430032161963
50699,0.0940337,-0.00324103,0.0191667,1.2061700117165215
50700,0.0940337,-0.00324103,0.0208333,1.2061700123048353
50723,0.144754,-0.0391707,0.0191667,0.6377742215212644
50724,0.144754,-0.0391707,0.0208333,0.6377798560416336
50747,0.146305,-0.0391978,0.0191667,0.6072395758439367
50748,0.146305,-0.0391978,0.0208333,0.6072458698429343
50771,0.190915,-0.0305956,0.0191667,0.7633445375336972
50772,0.190915,-0.0305956,0.0208333,0.7633443414090694
50795,0.271698,-0.0368099,0.0191667,0.16401739281307942
50796,0.271698,-0.0368099,0.0208333,0.15436352340141143
50819,0.197573,-0.0360841,0.0191667,0.640717342436722
50820,0.197573,-0.0360841,0.0208333,0.6407122549667172
50843,0.16541,-0.0338007,0.0191667,0.34288841495200967
50844,0.16541,-0.0338007,0.0208333,0.3428913401067556
50867,0.142059,-0.0383775,0.0191667,0.666508732885459
50868,0.142059,-0.0383775,0.0208333,0.6665129307706285
50891,0.143255,-0.0391919,0.0191667,0.6654033312449105
50892,0.143255,-0.0391919,0.0208333,0.6654090786657901
50915,0.294058,-0.0312613,0.0191667,0.18484567786077663
50916,0.294058,-0.0312613,0.0208333,0.14892891176386808
50939,0.287988,-0.0383471,0.0191667,0.17990818659942107
50940,0.287988,-0.0383471,0.0208333,0.17711984281573986
50963,0.0993983,-0.00630007,0.0191667,1.1658438181501611
50964,0.0993983,-0.00630007,0.0208333,1.1658438205595574
50987,0.22688,-0.0383115,0.0191667,0.4458113436241759
50988,0.22688,-0.0383115,0.0208333,0.4457806252652936
51011,0.237061,-0.0358327,0.0191667,0.38658297420877463
51012,0.237061,-0.0358327,0.0208333,0.3865163631754578
51035,0.1014,-0.0125934,0.0191667,0.2920539321244109
51036,0.1014,-0.0125934,0.0208333,0.29205278466175405
51059,0.183715,-0.0384604,0.0191667,0.42139738157344414
51060,0.183715,-0.0384604,0.0208333,0.421389889880055
51083,0.232878,-0.0392428,0.0191667,0.2714267081495113
51084,0.232878,-0.0392428,0.0208333,0.2713622253315623
51107,0.190242,-0.0396531,0.0191667,0.40669593403977966
51108,0.190242,-0.0396531,0.0208333,0.4066830339974886
51131,0.186638,-0.0302432,0.0191667,0.7426369400243508
51132,0.186638,-0.0302432,0.0208333,0.7426376498935672
51155,0.159145,-0.0310316,0.0191667,0.45278918742447744
51156,0.159145,-0.0310316,0.0208333,0.4527924409538324
51179,0.194863,-0.0140298,0.0191667,0.7857699989332837
51180,0.194863,-0.0140298,0.0208333,0.7857741810547662
51203,0.214892,-0.0391329,0.0191667,0.4597665307275927
51204,0.214892,-0.0391329,0.0208333,0.45974806928437983
51227,0.226436,-0.031269,0.0191667,0.6778453337161141
51228,0.226436,-0.031269,0.0208333,0.6778450458553527
51251,0.294023,0.0338358,0.0191667,0.9447625199561346
51252,0.294023,0.0338358,0.0208333,0.9449048589224386
51275,0.213281,-0.038534,0.0191667,0.5471455701476459
51276,0.213281,-0.038534,0.0208333,0.5471313421195434
51299,0.269318,-0.0396181,0.0191667,0.13040775466421045
51300,0.269318,-0.0396181,0.0208333,0.12143103566033174
51323,0.109675,-0.0395853,0.0191667,0.4195704301337262
51324,0.109675,-0.0395853,0.0208333,0.41958710133193605
51347,0.284707,0.0285774,0.0191667,0.6481589997550855
51348,0.284707,0.0285774,0.0208333,0.6481955354757392
51371,0.137221,-0.0385526,0.0191667,0.7347734191523437
51372,0.137221,-0.0385526,0.0208333,0.7347768017624962
51395,0.161942,0.0384455,0.0191667,0.3895335112416621
51396,0.161942,0.0384455,0.0208333,0.3895115322183332
51419,0.207469,-0.0383295,0.0191667,0.5718405397646062
51420,0.207469,-0.0383295,0.0208333,0.5718283479172215
51443,0.135821,-0.0392312,0.0191667,0.7560244154827934
51444,0.135821,-0.0392312,0.0208333,0.7560277717704507
51467,0.121554,-0.0376903,0.0191667,0.7443742703692562
51468,0.121554,-0.0376903,0.0208333,0.744383420688923
51491,0.259716,-0.0392509,0.0191667,0.0730713540664199
51492,0.259716,-0.0392509,0.0208333,0.06466591586692019
51515,0.19892,-0.0377418,0.0191667,0.5742417606715146
51516,0.19892,-0.0377418,0.0208333,0.5742315481149138
51539,0.104609,-0.038458,0.0191667,0.23733627020840856
51540,0.104609,-0.038458,0.0208333,0.23735994325754575
51563,0.298896,-0.0337152,0.0191667,0.14723899578538968
51564,0.298896,-0.0337152,0.0208333,0.14924775856018743
51587,0.123279,0.0334627,0.0191667,0.3022471585476087
51588,0.123279,0.0334627,0.0208333,0.3022574223630005
51611,0.352942,0.0265415,0.0191667,1.1001605572903794
51612,0.352942,0.0265415,0.0208333,1.103188128974917
51635,0.176834,-0.0396385,0.0191667,0.2271823023027157
51636,0.176834,-0.0396385,0.0208333,0.2271741616179034
51659,0.123821,-0.0392995,0.0191667,0.7694125128671241
51660,0.123821,-0.0392995,0.0208333,0.7694218843699736
51683,0.122452,-0.0392049,0.0191667,0.7547940150406696
51684,0.122452,-0.0392049,0.0208333,0.7548033444011424
51707,0.293661,-0.0345116,0.0191667,0.1688653462338854
51708,0.293661,-0.0345116,0.0208333,0.14427661927509253
51731,0.243078,-0.0329494,0.0191667,0.4195992101865599
51732,0.243078,-0.0329494,0.0208333,0.4195434793991126
51755,0.167477,0.0286013,0.0191667,0.3328873760254121
51756,0.167477,0.0286013,0.0208333,0.33288755800827113
51779,0.234439,-0.0350237,0.0191667,0.4721202930781332
51780,0.234439,-0.0350237,0.0208333,0.4720852891400002
51803,0.101861,-0.0344569,0.0191667,0.24324748423143558
51804,0.101861,-0.0344569,0.0208333,0.2432665013580228
51827,0.261887,-0.0120314,0.0191667,0.6368130112440268
51828,0.261887,-0.0120314,0.0208333,0.636783430508869
51851,0.172551,0.0310085,0.0191667,0.3842537085894079
51852,0.172551,0.0310085,0.0208333,0.38425176768064195
51875,0.12155,-0.018487,0.0191667,0.4153264657988701
51876,0.12155,-0.018487,0.0208333,0.4153463894532009
51899,0.287809,-0.0335764,0.0191667,0.1843098259205135
51900,0.287809,-0.0335764,0.0208333,0.1466807863022625
51923,0.258684,-0.0361431,0.0191667,0.10602196579153586
51924,0.258684,-0.0361431,0.0208333,0.09922812981458433
51947,0.238646,-0.0105858,0.0191667,0.69974080306423
51948,0.238646,-0.0105858,0.0208333,0.6997407820950334
51971,0.186257,-0.0277919,0.0191667,0.7878541221914726
51972,0.186257,-0.0277919,0.0208333,0.7878548423584283
51995,0.250077,0.0384794,0.0191667,0.2745827725941307
51996,0.250077,0.0384794,0.0208333,0.27454048704365996
52019,0.288274,0.0368801,0.0191667,0.6412084501987243
52020,0.288274,0.0368801,0.0208333,0.6412535072084682
52043,0.265811,0.0320683,0.0191667,0.1919663030984833
52044,0.265811,0.0320683,0.0208333,0.191987675388675
52067,0.271021,-0.0396358,0.0191667,0.12963751788082375
52068,0.271021,-0.0396358,0.0208333,0.12032473143870133
52091,0.243945,-0.0396237,0.0191667,0.031730326183209964
52092,0.243945,-0.0396237,0.0208333,0.031250376018360164
52115,0.216559,-0.0383353,0.0191667,0.5424516091572558
52116,0.216559,-0.0383353,0.0208333,0.5424364423791379
52139,0.132865,-0.0350165,0.0191667,0.6035058542842584
52140,0.132865,-0.0350165,0.0208333,0.6035042935982033
52163,0.214484,0.02884,0.0191667,0.42446777049970247
52164,0.214484,0.02884,0.0208333,0.4244761448082122
52187,0.140272,-0.0367872,0.0191667,0.6260938510683909
52188,0.140272,-0.0367872,0.0208333,0.6260959079026935
52211,0.111011,-0.0334799,0.0191667,0.46938268733485794
52212,0.111011,-0.0334799,0.0208333,0.46938396630732515
52235,0.149824,-0.0371133,0.0191667,0.44338084576458925
52236,0.149824,-0.0371133,0.0208333,0.44338820465789386
52259,0.201476,-0.0392339,0.0191667,0.4861679810153606
52260,0.201476,-0.0392339,0.0208333,0.4861544548361097
52283,0.0967138,-0.0016479,0.0191667,1.2118568090387076
52284,0.0967138,-0.0016479,0.0208333,1.2118568106456777
52307,0.153541,-0.0381661,0.0191667,0.37710468583077317
52308,0.153541,-0.0381661,0.0208333,0.3771146395878591
52331,0.114686,-0.0357303,0.0191667,0.5828571052783845
52332,0.114686,-0.0357303,0.0208333,0.5828625973655674
52355,0.229739,-0.0274166,0.0191667,0.7061850113792336
52356,0.229739,-0.0274166,0.0208333,0.706189933051387
52379,0.162498,-0.0270287,0.0191667,0.6737643940345945
52380,0.162498,-0.0270287,0.0208333,0.6737647925323728
52403,0.241402,-0.0279796,0.0191667,0.5944736231780839
52404,0.241402,-0.0279796,0.0208333,0.594490877707549
52427,0.106239,-0.00993442,0.0191667,0.8700316673428496
52428,0.106239,-0.00993442,0.0208333,0.8700300222873485
52451,0.211949,-0.0393149,0.0191667,0.45774557730829657
52452,0.211949,-0.0393149,0.0208333,0.45772803685920277
52475,0.170767,-0.0101755,0.0191667,0.8345856463774566
52476,0.170767,-0.0101755,0.0208333,0.8345921617915825
52499,0.218671,-0.039554,0.0191667,0.42371275418012344
52500,0.218671,-0.039554,0.0208333,0.4236902857634808
52523,0.285084,-0.0383464,0.0191667,0.1860627959246555
52524,0.285084,-0.0383464,0.0208333,0.1832655424430354
52547,0.1744,-0.0274196,0.0191667,0.7396078461943835
52548,0.1744,-0.0274196,0.0208333,0.7396092025108614
52571,0.132355,-0.0324582,0.0191667,0.38671253471969963
52572,0.132355,-0.0324582,0.0208333,0.38669695857185943
52595,0.205214,-0.0326476,0.0191667,0.7399751110846918
52596,0.205214,-0.0326476,0.0208333,0.7399741556587575
52619,0.232761,-0.0384907,0.0191667,0.3262840362161718
52620,0.232761,-0.0384907,0.0208333,0.3262266189479677
52643,0.2848,0.00140193,0.0191667,0.42988814135070064
52644,0.2848,0.00140193,0.0208333,0.42761832011778916
52667,0.155645,0.038468,0.0191667,0.366789403395758
52668,0.155645,0.038468,0.0208333,0.3667631924782067
52691,0.280559,-0.0393064,0.0191667,0.16093327005416125
52692,0.280559,-0.0393064,0.0208333,0.15605725359170292
52715,0.279188,-0.0393157,0.0191667,0.15800547506965099
52716,0.279188,-0.0393157,0.0208333,0.15180997696390083
52739,0.118041,-0.0302615,0.0191667,0.33576830757339576
52740,0.118041,-0.0302615,0.0208333,0.3357456062572794
52763,0.299138,-0.039636,0.0191667,0.028372642455365346
52764,0.299138,-0.039636,0.0208333,0.02747420493856192
52787,0.244516,-0.0274574,0.0191667,0.5788424699825157
52788,0.244516,-0.0274574,0.0208333,0.5788727734530593
52811,0.177605,-0.0268176,0.0191667,0.767133311967551
52812,0.177605,-0.0268176,0.0208333,0.7671347747721461
52835,0.254427,-0.0260481,0.0191667,0.46921723259843556
52836,0.254427,-0.0260481,0.0208333,0.46937128893171826
52859,0.299635,-0.0391411,0.0191667,0.02094466256119921
52860,0.299635,-0.0391411,0.0208333,0.01700601815927526
52883,0.251043,-0.0265133,0.0191667,0.5181470857270859
52884,0.251043,-0.0265133,0.0208333,0.5181834466358511
52907,0.247784,-0.0271223,0.0191667,0.5444040861915553
52908,0.247784,-0.0271223,0.0208333,0.5444417866851107
52931,0.200018,-0.0392104,0.0191667,0.4785586726023205
52932,0.200018,-0.0392104,0.0208333,0.4785450764693782
52955,0.202969,-0.0392415,0.0191667,0.4867121867343281
52956,0.202969,-0.0392415,0.0208333,0.4866976541819187
52979,0.204433,-0.0392277,0.0191667,0.49335473119576695
52980,0.204433,-0.0392277,0.0208333,0.49334126291904484
53003,0.187415,-0.0341982,0.0191667,0.628386427672698
53004,0.187415,-0.0341982,0.0208333,0.6283841692063415
53027,0.134556,-0.0370545,0.0191667,0.7043898543490923
53028,0.134556,-0.0370545,0.0208333,0.704393027372373
53051,0.183751,-0.0326314,0.0191667,0.6622886740040135
53052,0.183751,-0.0326314,0.0208333,0.6622872959123172
53075,0.257917,-0.0255583,0.0191667,0.40363976821313136
53076,0.257917,-0.0255583,0.0208333,0.4042484296963491
53099,0.290987,0.0165421,0.0191667,0.7095278191657041
53100,0.290987,0.0165421,0.0208333,0.709155738261942
53123,0.261592,-0.0251663,0.0191667,0.3064318866688446
53124,0.261592,-0.0251663,0.0208333,0.30778749997849164
53147,0.104479,-0.0392154,0.0191667,0.18132149573633888
53148,0.104479,-0.0392154,0.0208333,0.18134692565367874
53171,0.105995,-0.0392438,0.0191667,0.2628047988732304
53172,0.105995,-0.0392438,0.0208333,0.26282737342932716
53195,0.265273,-0.024459,0.0191667,0.23394871520381472
53196,0.265273,-0.024459,0.0208333,0.23441035044385303
53219,0.269013,-0.0238456,0.0191667,0.15255078969805433
53220,0.269013,-0.0238456,0.0208333,0.15070254540730227
53243,0.272931,-0.0234385,0.0191667,0.04934807080588358
53244,0.272931,-0.0234385,0.0208333,0.04765503808087872
53267,0.1402,-0.0352924,0.0191667,0.5330875045684083
53268,0.1402,-0.0352924,0.0208333,0.533086945960933
53291,0.160477,-0.00972405,0.0191667,0.9501438872671757
53292,0.160477,-0.00972405,0.0208333,0.9501465665749942
53315,0.291078,-0.0391867,0.0191667,0.14852548005783384
53316,0.291078,-0.0391867,0.0208333,0.1500090348075075
53339,0.244173,0.0383485,0.0191667,0.3506750369674174
53340,0.244173,0.0383485,0.0208333,0.3506275710998958
53363,0.294823,0.0230092,0.0191667,1.065134447129613
53364,0.294823,0.0230092,0.0208333,1.066503387423575
53387,0.170869,-0.0190323,0.0191667,0.8914881695845177
53388,0.170869,-0.0190323,0.0208333,0.89149160274141
53411,0.273905,0.0287927,0.0191667,0.38346976952538137
53412,0.273905,0.0287927,0.0208333,0.38350118223714275
53435,0.350009,0.0282187,0.0191667,1.114189237384257
53436,0.350009,0.0282187,0.0208333,1.1177644533123972
53459,0.355874,0.0282199,0.0191667,1.1090807629265242
53460,0.355874,0.0282199,0.0208333,1.1113294196054169
53483,0.014149,-0.00167045,0.0191667,1.1649703178361093
53484,0.014149,-0.00167045,0.0208333,1.1649703178349808
53507,0.118023,-0.0382304,0.0191667,0.7008121267209229
53508,0.118023,-0.0382304,0.0208333,0.7008222627134573
53531,0.185193,-0.039268,0.0191667,0.35864444525348216
53532,0.185193,-0.039268,0.0208333,0.3586311993026325
53555,0.261109,-0.0367498,0.0191667,0.12216613600953254
53556,0.261109,-0.0367498,0.0208333,0.11427948329733952
53579,0.116724,-0.0164,0.0191667,0.4330552593757089
53580,0.116724,-0.0164,0.0208333,0.43306866602665045
53603,0.119502,-0.0354079,0.0191667,0.619295338430864
53604,0.119502,-0.0354079,0.0208333,0.6192965719671797
53627,0.258938,0.0267238,0.0191667,0.2232954881273264
53628,0.258938,0.0267238,0.0208333,0.2233025539747422
53651,0.128994,-0.0396234,0.0191667,0.7840289193815813
53652,0.128994,-0.0396234,0.0208333,0.7840353660922783
53675,0.261262,-0.0383803,0.0191667,0.12186191751158522
53676,0.261262,-0.0383803,0.0208333,0.11193413498467035
53699,0.179058,-0.0392861,0.0191667,0.272435417208176
53700,0.179058,-0.0392861,0.0208333,0.27242565351147474
53723,0.230469,-0.0396431,0.0191667,0.2810857063244319
53724,0.230469,-0.0396431,0.0208333,0.28103441973702864
53747,0.188033,-0.0392869,0.0191667,0.3999561430058816
53748,0.188033,-0.0392869,0.0208333,0.39994422042386424
53771,0.19192,-0.0396464,0.0191667,0.43355412165954
53772,0.19192,-0.0396464,0.0208333,0.4335424355559701
53795,0.102128,-0.00705825,0.0191667,1.2048053850316676
53796,0.102128,-0.00705825,0.0208333,1.2048053863020367
53819,0.162776,-0.0392393,0.0191667,0.1852616309184719
53820,0.162776,-0.0392393,0.0208333,0.1852721090876252
53843,0.199456,-0.0346598,0.0191667,0.6844718334600404
53844,0.199456,-0.0346598,0.0208333,0.6844687928734632
53867,0.160403,-0.0378457,0.0191667,0.1666571031332025
53868,0.160403,-0.0378457,0.0208333,0.16666338820328958
53891,0.00559925,0.00502419,0.0191667,1.1611311406946259
53892,0.00559925,0.00502419,0.0208333,1.1611311406944098
53915,0.394398,0.0350545,0.0191667,1.379154504100968
53916,0.394398,0.0350545,0.0208333,1.3796742524049337
53939,0.230044,-0.0179635,0.0191667,0.7580636705602939
53940,0.230044,-0.0179635,0.0208333,0.7580684402426483
53963,0.109595,-0.0378974,0.0191667,0.4497450113197495
53964,0.109595,-0.0378974,0.0208333,0.4497596067751555
53987,0.162658,-0.0174242,0.0191667,0.9294709384691778
53988,0.162658,-0.0174242,0.0208333,0.9294729046163138
54011,0.102874,-0.0370603,0.0191667,0.1978854636517033
54012,0.102874,-0.0370603,0.0208333,0.19790694886896343
54035,0.246326,-0.0393216,0.0191667,0.029757722278299457
54036,0.246326,-0.0393216,0.0208333,0.02768647788658572
54059,0.247196,-0.0167194,0.0191667,0.6942159595420296
54060,0.247196,-0.0167194,0.0208333,0.6942298112965751
54083,0.194437,-0.0379177,0.0191667,0.5224732997690302
54084,0.194437,-0.0379177,0.0208333,0.5224629646185392
54107,0.292444,-0.0263702,0.0191667,0.21600923236519315
54108,0.292444,-0.0263702,0.0208333,0.16429977645222163
54131,0.279409,-0.0326021,0.0191667,0.1787039248989792
54132,0.279409,-0.0326021,0.0208333,0.14545524543678037
54155,0.22085,-0.0382635,0.0191667,0.5273372052801987
54156,0.22085,-0.0382635,0.0208333,0.5273191345301101
54179,0.160812,-0.0364995,0.0191667,0.09442468250538362
54180,0.160812,-0.0364995,0.0208333,0.09441977827280469
54203,0.164409,-0.0336895,0.0191667,0.35923950789505166
54204,0.164409,-0.0336895,0.0208333,0.35924178688822794
54227,0.237677,-0.0363172,0.0191667,0.350578994672859
54228,0.237677,-0.0363172,0.0208333,0.35048572922567917
54251,0.00607573,0.00748266,0.0191667,1.1589101541605356
54252,0.00607573,0.00748266,0.0208333,1.1589101541602667
54275,0.393924,0.0375038,0.0191667,1.4163537782734328
54276,0.393924,0.0375038,0.0208333,1.417123121815869
54299,0.101429,0.0365606,0.0191667,0.05403207123375894
54300,0.101429,0.0365606,0.0208333,0.053972615359828544
54323,0.128593,-0.0360802,0.0191667,0.7088655874007916
54324,0.128593,-0.0360802,0.0208333,0.7088684276125073
54347,0.24719,0.036828,0.0191667,0.30843353058226924
54348,0.24719,0.036828,0.0208333,0.308389824113872
54371,0.275173,-0.0378893,0.0191667,0.17698577816564812
54372,0.275173,-0.0378893,0.0208333,0.17080367426366477
54395,0.181304,-0.0373047,0.0191667,0.4309304193269629
54396,0.181304,-0.0373047,0.0208333,0.4309260296574075
54419,0.264734,-0.0342537,0.0191667,0.11278596523060838
54420,0.264734,-0.0342537,0.0208333,0.10541699145377324
54443,0.179195,-0.0276466,0.0191667,0.7667869012682266
54444,0.179195,-0.0276466,0.0208333,0.7667884090906917
54467,0.103389,0.0385606,0.0191667,0.08384071777817745
54468,0.103389,0.0385606,0.0208333,0.08380335845785
54491,0.258279,-0.0384978,0.0191667,0.10532138515547354
54492,0.258279,-0.0384978,0.0208333,0.09560692732418555
54515,0.115546,-0.0252569,0.0191667,0.1581234770376749
54516,0.115546,-0.0252569,0.0208333,0.15810968352526547
54539,0.166509,-0.0366771,0.0191667,0.1726088615188699
54540,0.166509,-0.0366771,0.0208333,0.17260884899514306
54563,0.21544,-0.0216825,0.0191667,0.8197959105017635
54564,0.21544,-0.0216825,0.0208333,0.819799765290678
54587,0.236064,-0.0346588,0.0191667,0.4631833818624784
54588,0.236064,-0.0346588,0.0208333,0.4631423749037681
54611,0.147915,-0.0212971,0.0191667,0.8165494943045057
54612,0.147915,-0.0212971,0.0208333,0.8165510181653688
54635,0.182225,0.0368503,0.0191667,0.4983915018123403
54636,0.182225,0.0368503,0.0208333,0.4983761359812121
54659,0.20481,-0.0345809,0.0191667,0.6949433527808746
54660,0.20481,-0.0345809,0.0208333,0.6949403801460922
54683,0.20026,-0.0384691,0.0191667,0.5472812286588731
54684,0.20026,-0.0384691,0.0208333,0.5472699121143264
54707,0.388344,0.0230593,0.0191667,0.6491882739341684
54708,0.388344,0.0230593,0.0208333,0.6417545722846605
54731,0.203851,0.0294733,0.0191667,0.44352857893907705
54732,0.203851,0.0294733,0.0208333,0.4435381671097455
54755,0.220669,-0.0269269,0.0191667,0.7772654651771246
54756,0.220669,-0.0269269,0.0208333,0.7772696155693015
54779,0.153253,-0.0266187,0.0191667,0.6485727015467035
54780,0.153253,-0.0266187,0.0208333,0.6485729011863494
54803,0.197594,0.0386187,0.0191667,0.5857606726335967
54804,0.197594,0.0386187,0.0208333,0.5857311571181358
54827,0.288021,-0.039175,0.0191667,0.16428521878031632
54828,0.288021,-0.039175,0.0208333,0.1625907836299721
54851,0.125396,-0.0300845,0.0191667,0.27814022706185254
54852,0.125396,-0.0300845,0.0208333,0.2781091904908725
54875,0.15597,-0.039617,0.0191667,0.3477660836521791
54876,0.15597,-0.039617,0.0208333,0.34777216790509324
54899,0.105702,-0.0330942,0.0191667,0.3934737482369177
54900,0.105702,-0.0330942,0.0208333,0.393482413828933
54923,0.17482,-0.0362503,0.0191667,0.351041177158763
54924,0.17482,-0.0362503,0.0208333,0.35103855373664244
54947,0.226569,-0.0357044,0.0191667,0.5631337243724295
54948,0.226569,-0.0357044,0.0208333,0.5631203678757931
54971,0.232956,-0.0265009,0.0191667,0.6947923399322502
54972,0.232956,-0.0265009,0.0208333,0.6947984713068606
54995,0.165774,-0.0260806,0.0191667,0.7316187297584612
54996,0.165774,-0.0260806,0.0208333,0.7316197396036708
55019,0.103227,-0.0312176,0.0191667,0.3932996170471089
55020,0.103227,-0.0312176,0.0208333,0.39330890653846934
55043,0.115455,-0.0295614,0.0191667,0.3079721706200406
55044,0.115455,-0.0295614,0.0208333,0.3079494410351988
55067,0.286356,-0.0357887,0.0191667,0.17970388264714815
55068,0.286356,-0.0357887,0.0208333,0.1565098480151597
55091,0.191823,-0.0271945,0.0191667,0.8205051752473693
55092,0.191823,-0.0271945,0.0208333,0.8205070100860173
55115,0.2761,-0.0296515,0.0191667,0.15961045487749512
55116,0.2761,-0.0296515,0.0208333,0.14289514614845952
55139,0.101529,-0.0374041,0.0191667,0.10508105768305723
55140,0.101529,-0.0374041,0.0208333,0.10511286163952535
55163,0.112733,-0.0290338,0.0191667,0.31304027002409024
55164,0.112733,-0.0290338,0.0208333,0.31302201333412005
55187,0.271682,-0.0153606,0.0191667,0.3979148369924529
55188,0.271682,-0.0153606,0.0208333,0.39780153760946724
55211,0.135758,-0.034632,0.0191667,0.5452528051520869
55212,0.135758,-0.034632,0.0208333,0.5452500754648301
55235,0.225431,-0.0383001,0.0191667,0.46174872354324015
55236,0.225431,-0.0383001,0.0208333,0.46172088364370645
55259,0.285063,-0.031998,0.0191667,0.19149856039033297
55260,0.285063,-0.031998,0.0208333,0.14665940546698666
55283,0.125783,-0.0226479,0.0191667,0.28847344954241955
55284,0.125783,-0.0226479,0.0208333,0.28850597019920904
55307,0.166019,-0.037836,0.0191667,0.09542360880073443
55308,0.166019,-0.037836,0.0208333,0.09542303108683774
55331,0.223603,0.0369651,0.0191667,0.5359383988579479
55332,0.223603,0.0369651,0.0208333,0.5359020409915264
55355,0.388748,0.0264306,0.0191667,1.0703441599212342
55356,0.388748,0.0264306,0.0208333,1.0689623025630186
55379,0.276756,-0.0146543,0.0191667,0.27349586551515565
55380,0.276756,-0.0146543,0.0208333,0.2720546325155374
55403,0.247466,0.033603,0.0191667,0.2483072129462334
55404,0.247466,0.033603,0.0208333,0.2483067411382923
55427,0.101998,0.000894653,0.0191667,1.232739778999973
55428,0.101998,0.000894653,0.0208333,1.2327397827132458
55451,0.10134,-0.0174868,0.0191667,0.450571496598578
55452,0.10134,-0.0174868,0.0208333,0.45056879581242293
55475,0.264743,0.0371452,0.0191667,0.05713211127029877
55476,0.264743,0.0371452,0.0208333,0.05718477815123356
55499,0.297711,-0.0218386,0.0191667,0.17095216698974602
55500,0.297711,-0.0218386,0.0208333,0.16878933463273085
55523,0.114461,-0.0236008,0.0191667,0.19171259800631152
55524,0.114461,-0.0236008,0.0208333,0.19170928734305517
55547,0.298688,0.0167093,0.0191667,0.8876845019246252
55548,0.298688,0.0167093,0.0208333,0.8812898683674062
55571,0.146989,0.0371714,0.0191667,0.35052405385748764
55572,0.146989,0.0371714,0.0208333,0.3504977196392623
55595,0.141172,0.0370804,0.0191667,0.3396215431410405
55596,0.141172,0.0370804,0.0208333,0.3395995954333874
55619,0.259141,0.0372642,0.0191667,0.1328592021051041
55620,0.259141,0.0372642,0.0208333,0.13285156998129302
55643,0.113286,-0.0350597,0.0191667,0.5382720187557891
55644,0.113286,-0.0350597,0.0208333,0.5382752972423218
55667,0.158282,-0.0383737,0.0191667,0.24196271231944996
55668,0.158282,-0.0383737,0.0208333,0.24196969433462612
55691,0.101241,-0.0217427,0.0191667,0.4946010390770165
55692,0.101241,-0.0217427,0.0208333,0.49460231169593427
55715,0.305892,0.0231806,0.0191667,0.5825037959784383
55716,0.305892,0.0231806,0.0208333,0.6121631474122646
55739,0.293035,0.0106051,0.0191667,0.5337055231447113
55740,0.293035,0.0106051,0.0208333,0.5283850129530961
55763,0.27293,-0.0335377,0.0191667,0.15527569578655512
55764,0.27293,-0.0335377,0.0208333,0.13606026629865164
55787,0.131997,-0.0379254,0.0191667,0.7658764544080255
55788,0.131997,-0.0379254,0.0208333,0.7658807917647279
55811,0.153572,-0.0349248,0.0191667,0.21973130491347748
55812,0.153572,-0.0349248,0.0208333,0.21973298793806292
55835,0.305864,0.0264204,0.0191667,1.2780591984524818
55836,0.305864,0.0264204,0.0208333,1.299029070552022
55859,0.209235,-0.0345029,0.0191667,0.6948441858912318
55860,0.209235,-0.0345029,0.0208333,0.6948412761123366
55883,0.102795,-0.0299353,0.0191667,0.4182527843515241
55884,0.102795,-0.0299353,0.0208333,0.4182603667418467
55907,0.233056,-0.0325135,0.0191667,0.5963975858294951
55908,0.233056,-0.0325135,0.0208333,0.5963918881774245
55931,0.193957,-0.0366794,0.0191667,0.5880277956795178
55932,0.193957,-0.0366794,0.0208333,0.5880216510197988
55955,0.111773,-0.0368649,0.0191667,0.5391375249452439
55956,0.111773,-0.0368649,0.0208333,0.5391492262032933
55979,0.257487,-0.0396148,0.0191667,0.05086696400087291
55980,0.257487,-0.0396148,0.0208333,0.04371052759915396
56003,0.272712,-0.00682234,0.0191667,0.5454660362881049
56004,0.272712,-0.00682234,0.0208333,0.5452900281252541
56027,0.226203,-0.0379292,0.0191667,0.4583162945190468
56028,0.226203,-0.0379292,0.0208333,0.4582875577467029
56051,0.247789,-0.0372204,0.0191667,0.04679132085355574
56052,0.247789,-0.0372204,0.0208333,0.0456511456807833
56075,0.16488,-0.0396249,0.0191667,0.1253276274366686
56076,0.16488,-0.0396249,0.0208333,0.12533620515410104
56099,0.102418,-0.0322986,0.0191667,0.34745087009719
56100,0.102418,-0.0322986,0.0208333,0.3474631528775287
56123,0.241045,-0.0396255,0.0191667,0.050747359900546546
56124,0.241045,-0.0396255,0.0208333,0.05000272070267377
56147,0.255301,-0.0391831,0.0191667,0.044560999642724586
56148,0.255301,-0.0391831,0.0208333,0.0390454635526792
56171,0.292641,-0.034724,0.0191667,0.16905934412167226
56172,0.292641,-0.034724,0.0208333,0.14460006708286824
56195,0.132792,-0.0274757,0.0191667,0.14870279576717918
56196,0.132792,-0.0274757,0.0208333,0.14871125096161789
56219,0.20044,-0.0279204,0.0191667,0.8313126430631858
56220,0.20044,-0.0279204,0.0208333,0.8313146068514594
56243,0.398513,0.0325507,0.0191667,1.2926189460640327
56244,0.398513,0.0325507,0.0208333,1.2926168132389486
56267,0.0014843,0.00254153,0.0191667,1.160030032920784
56268,0.0014843,0.00254153,0.0208333,1.160030032920758
56291,0.398432,0.0274935,0.0191667,1.108439429884431
56292,0.398432,0.0274935,0.0208333,1.10721203753498
56315,0.00156655,-0.0025242,0.0191667,1.1600400333051095
56316,0.00156655,-0.0025242,0.0208333,1.160040033305079
56339,0.126889,-0.0383174,0.0191667,0.7835313526378075
56340,0.126889,-0.0383174,0.0208333,0.7835376753263112
56363,0.101742,-0.0270002,0.0191667,0.4672648323081878
56364,0.101742,-0.0270002,0.0208333,0.4672729886817581
56387,0.205382,-0.0378213,0.0191667,0.5817370599888703
56388,0.205382,-0.0378213,0.0208333,0.5817258850170722
56411,0.258604,-0.0321313,0.0191667,0.05564428595327646
56412,0.258604,-0.0321313,0.0208333,0.051893545632862664
56435,0.29996,0.0365743,0.0191667,1.1571689681409638
56436,0.29996,0.0365743,0.0208333,1.157366073121345
56459,0.223901,-0.0259691,0.0191667,0.7661169095511899
56460,0.223901,-0.0259691,0.0208333,0.7661220813444717
56483,0.156546,-0.0256372,0.0191667,0.6624303439874436
56484,0.156546,-0.0256372,0.0208333,0.6624321930767227
56507,0.178254,-0.0374767,0.0191667,0.3698365447274788
56508,0.178254,-0.0374767,0.0208333,0.3698320450340815
56531,0.203185,0.0324183,0.0191667,0.516434873188167
56532,0.203185,0.0324183,0.0208333,0.5164387632196948
56555,0.131588,-0.0358,0.0191667,0.6603510024223724
56556,0.131588,-0.0358,0.0208333,0.6603517048111106
56579,0.265659,-0.0384037,0.0191667,0.14161562420702017
56580,0.265659,-0.0384037,0.0208333,0.13166801250118612
56603,0.122742,-0.0292628,0.0191667,0.23296400825518607
56604,0.122742,-0.0292628,0.0208333,0.2329286605561119
56627,0.222372,-0.0343139,0.0191667,0.6430896947634154
56628,0.222372,-0.0343139,0.0208333,0.643085105508255
56651,0.277029,-0.0228832,0.0191667,0.09047379866694888
56652,0.277029,-0.0228832,0.0208333,0.09207408393424288
56675,0.0115578,-0.00695968,0.0191667,1.1585404934744161
56676,0.0115578,-0.00695968,0.0208333,1.1585404934736032
56699,0.164262,-0.0301321,0.0191667,0.49658143776254
56700,0.164262,-0.0301321,0.0208333,0.49658179639008737
56723,0.188681,-0.0258607,0.0191667,0.8285347824066753
56724,0.188681,-0.0258607,0.0208333,0.8285365175432512
56747,0.252139,-0.0390919,0.0191667,0.04051606853623017
56748,0.252139,-0.0390919,0.0208333,0.036421158296612424
56771,0.269155,-0.00635078,0.0191667,0.6035775323400268
56772,0.269155,-0.00635078,0.0208333,0.6034924259750846
56795,0.214212,-0.03125,0.0191667,0.754373505785615
56796,0.214212,-0.03125,0.0208333,0.7543746839038357
56819,0.276932,-0.0203597,0.0191667,0.04516159647770659
56820,0.276932,-0.0203597,0.0208333,0.043403090440599965
56843,0.101846,-0.0381593,0.0191667,0.10851502997042622
56844,0.101846,-0.0381593,0.0208333,0.10854881976257919
56867,0.146665,-0.0310212,0.0191667,0.20898739037014288
56868,0.146665,-0.0310212,0.0208333,0.20897818790162864
56891,0.16569,-0.0353259,0.0191667,0.25860322893818694
56892,0.16569,-0.0353259,0.0208333,0.2586048570800417
56915,0.139627,-0.0316278,0.0191667,0.24175418647520874
56916,0.139627,-0.0316278,0.0208333,0.24174103459299168
56939,0.119294,-0.0229236,0.0191667,0.19594028787503834
56940,0.119294,-0.0229236,0.0208333,0.19597127682583892
56963,0.150014,-0.0378996,0.0191667,0.48072207990843313
56964,0.150014,-0.0378996,0.0208333,0.4807317353413232
56987,0.127397,-0.0356081,0.0191667,0.6746283854553371
56988,0.127397,-0.0356081,0.0208333,0.6746309237680501
57011,0.188411,0.0335773,0.0191667,0.4920360369851022
57012,0.188411,0.0335773,0.0208333,0.4920320013576386
57035,0.28434,-0.0379122,0.0191667,0.18626283321317758
57036,0.28434,-0.0379122,0.0208333,0.1831221958644282
57059,0.184627,-0.0186521,0.0191667,0.8713682942655852
57060,0.184627,-0.0186521,0.0208333,0.8713733734706984
57083,0.237704,-0.0333356,0.0191667,0.511275288240713
57084,0.237704,-0.0333356,0.0208333,0.511251929434196
57107,0.143013,-0.0333486,0.0191667,0.3378881310870265
57108,0.143013,-0.0333486,0.0208333,0.33788104756336723
57131,0.100837,-0.0396706,0.0191667,0.028960659033592448
57132,0.100837,-0.0396706,0.0208333,0.029017365149854663
57155,0.171453,-0.0330951,0.0191667,0.4583435270508977
57156,0.171453,-0.0330951,0.0208333,0.45834261371501034
57179,0.104365,0.00222073,0.0191667,1.244449032669781
57180,0.104365,0.00222073,0.0208333,1.2444490414713771
57203,0.282494,-0.0260629,0.0191667,0.1979235421904549
57204,0.282494,-0.0260629,0.0208333,0.1676672592755142
57227,0.299497,-0.0306603,0.0191667,0.16688332306141318
57228,0.299497,-0.0306603,0.0208333,0.16968436700088196
57251,0.292788,-0.0371487,0.0191667,0.15796160890615163
57252,0.292788,-0.0371487,0.0208333,0.1491785405094848
57275,0.216031,-0.0377438,0.0191667,0.5676364973783804
57276,0.216031,-0.0377438,0.0208333,0.5676233997568493
57299,0.128171,-0.0264441,0.0191667,0.11185949744786984
57300,0.128171,-0.0264441,0.0208333,0.11189199253648315
57323,0.239674,-0.0331603,0.0191667,0.4856666347210609
57324,0.239674,-0.0331603,0.0208333,0.4856353446070782
57347,0.197919,0.0332016,0.0191667,0.5191883940779519
57348,0.197919,0.0332016,0.0208333,0.519190338316172
57371,0.165838,-0.0328455,0.0191667,0.39968330524875517
57372,0.165838,-0.0328455,0.0208333,0.3996859637288237
57395,0.113367,0.0285946,0.0191667,0.23179387255263262
57396,0.113367,0.0285946,0.0208333,0.231812244716021
57419,0.194162,-0.0358102,0.0191667,0.6293114470104498
57420,0.194162,-0.0358102,0.0208333,0.6293073213586361
57443,0.237948,-0.0264344,0.0191667,0.6676421184153026
57444,0.237948,-0.0264344,0.0208333,0.6676531818412087
57467,0.210904,-0.0311438,0.0191667,0.7723463347045488
57468,0.210904,-0.0311438,0.0208333,0.7723464421026356
57491,0.170861,-0.0260866,0.0191667,0.7605973365362619
57492,0.170861,-0.0260866,0.0208333,0.7605994726180405
57515,0.253136,-0.0144871,0.0191667,0.6725070264153589
57516,0.253136,-0.0144871,0.0208333,0.6725126780700238
57539,0.17256,-0.0311461,0.0191667,0.569649142207339
57540,0.17256,-0.0311461,0.0208333,0.5696494858199136
57563,0.273595,-0.0100503,0.0191667,0.4717601117962629
57564,0.273595,-0.0100503,0.0208333,0.47154871316468716
57587,0.147597,-0.0362673,0.0191667,0.46369014905085054
57588,0.147597,-0.0362673,0.0208333,0.46369339887196376
57611,0.210539,-0.0384422,0.0191667,0.5609155843585807
57612,0.210539,-0.0384422,0.0208333,0.5609023659403923
57635,0.183646,-0.0392363,0.0191667,0.3421414773174713
57636,0.183646,-0.0392363,0.0208333,0.342129195559259
57659,0.106029,-0.0385239,0.0191667,0.29342411327370677
57660,0.106029,-0.0385239,0.0208333,0.29344555874195966
57683,0.286532,-0.0383576,0.0191667,0.18389276062632265
57684,0.286532,-0.0383576,0.0208333,0.18117177478240393
57707,0.276323,-0.0383636,0.0191667,0.1803442682614837
57708,0.276323,-0.0383636,0.0208333,0.1748502170727932
57731,0.280373,-0.0316967,0.0191667,0.18234489512056543
57732,0.280373,-0.0316967,0.0208333,0.14691881092274195
57755,0.291107,-0.0383958,0.0191667,0.1629028772191578
57756,0.291107,-0.0383958,0.0208333,0.1621955832695604
57779,0.28797,-0.00887636,0.0191667,0.12464080410291005
57780,0.28797,-0.00887636,0.0208333,0.12374288029753469
57803,0.238877,-0.0383021,0.0191667,0.20901341418648614
57804,0.238877,-0.0383021,0.0208333,0.20876130583918107
57827,0.272231,-0.0297055,0.0191667,0.12563420926702104
57828,0.272231,-0.0297055,0.0208333,0.11731644569349217
57851,0.0111402,-0.00360937,0.0191667,1.1633204805043909
57852,0.0111402,-0.00360937,0.0208333,1.1633204805037312
57875,0.174889,-0.0217589,0.0191667,0.8431938586716672
57876,0.174889,-0.0217589,0.0208333,0.843196452071999
57899,0.27116,0.0335695,0.0191667,0.23294924442405388
57900,0.27116,0.0335695,0.0208333,0.23297185099126444
57923,0.263943,0.0345275,0.0191667,0.1020392186008125
57924,0.263943,0.0345275,0.0208333,0.10208708418126604
57947,0.108157,-0.0305826,0.0191667,0.4078596104440203
57948,0.108157,-0.0305826,0.0208333,0.4078554026346767
57971,0.100834,-0.0358673,0.0191667,0.14563579097807652
57972,0.100834,-0.0358673,0.0208333,0.14566224189943666
57995,0.285801,-0.0379533,0.0191667,0.1849952183087174
57996,0.285801,-0.0379533,0.0208333,0.18199215317627956
58019,0.186951,-0.0323901,0.0191667,0.6834081199169683
58020,0.186951,-0.0323901,0.0208333,0.6834068331301788
58043,0.150465,0.031901,0.0191667,0.3252397579577681
58044,0.150465,0.031901,0.0208333,0.32523287010471263
58067,0.197619,-0.0264259,0.0191667,0.8461447183953006
58068,0.197619,-0.0264259,0.0208333,0.846146659994432
58091,0.109875,-0.0283924,0.0191667,0.3481250270951689
58092,0.109875,-0.0283924,0.0208333,0.3481120427004645
58115,0.129922,-0.0261379,0.0191667,0.16578077525624646
58116,0.129922,-0.0261379,0.0208333,0.1657998086928815
58139,0.134143,-0.0338591,0.0191667,0.5134418394505694
58140,0.134143,-0.0338591,0.0208333,0.5134378683729365
58163,0.23629,-0.0364007,0.0191667,0.38667573341624945
58164,0.23629,-0.0364007,0.0208333,0.386608395250693
58187,0.104475,-0.0314846,0.0191667,0.40066810518632534
58188,0.104475,-0.0314846,0.0208333,0.4006747390201228
58211,0.289055,-0.0262402,0.0191667,0.2215405573071441
58212,0.289055,-0.0262402,0.0208333,0.16521049334264457
58235,0.200753,0.0339138,0.0191667,0.5250805858455693
58236,0.200753,0.0339138,0.0208333,0.5250825001268946
58259,0.284324,-0.037086,0.0191667,0.18262053247996407
58260,0.284324,-0.037086,0.0208333,0.17160449346753714
58283,0.10034,-0.0392077,0.0191667,0.019005717760992347
58284,0.10034,-0.0392077,0.0208333,0.019070431122614927
58307,0.261094,-0.0346082,0.0191667,0.09840606943405474
58308,0.261094,-0.0346082,0.0208333,0.09238874526883671
58331,0.30019,0.0227581,0.0191667,1.2861784376978025
58332,0.30019,0.0227581,0.0208333,1.295579652640628
58355,0.296704,-0.03575,0.0191667,0.14098728166646807
58356,0.296704,-0.03575,0.0208333,0.1364318910793587
58379,0.190913,0.0385529,0.0191667,0.5478294968260643
58380,0.190913,0.0385529,0.0208333,0.5478122335321429
58403,0.138763,-0.0344994,0.0191667,0.4940590876556897
58404,0.138763,-0.0344994,0.0208333,0.49405614620906807
58427,0.156579,-0.0332883,0.0191667,0.18447101500342244
58428,0.156579,-0.0332883,0.0208333,0.18446577176687523
58451,0.223891,-0.0334063,0.0191667,0.6580960306621243
58452,0.223891,-0.0334063,0.0208333,0.6580945326975676
58475,0.187844,0.0367195,0.0191667,0.5262524944196108
58476,0.187844,0.0367195,0.0208333,0.5262372478590678
58499,0.102221,0.00718183,0.0191667,1.1499649510650436
58500,0.102221,0.00718183,0.0208333,1.1499649354290953
58523,0.100759,-0.0372641,0.0191667,0.08038155667284629
58524,0.100759,-0.0372641,0.0208333,0.08042008212610828
58547,0.295663,-0.0342662,0.0191667,0.16325327106140938
58548,0.295663,-0.0342662,0.0208333,0.1499065592681988
58571,0.291052,-0.0232118,0.0191667,0.22552450732680918
58572,0.291052,-0.0232118,0.0208333,0.16993127965130495
58595,0.29391,-0.0271254,0.0191667,0.20610968283418907
58596,0.29391,-0.0271254,0.0208333,0.16612964138858544
58619,0.110132,-0.026586,0.0191667,0.32920553721509666
58620,0.110132,-0.026586,0.0208333,0.32919126598346876
58643,0.108481,-0.0232382,0.0191667,0.3482855898720956
58644,0.108481,-0.0232382,0.0208333,0.3482745307880381
58667,0.278056,-0.0368697,0.0191667,0.17725953753634807
58668,0.278056,-0.0368697,0.0208333,0.16972088505802696
58691,0.291176,0.0385617,0.0191667,0.7367216588302193
58692,0.291176,0.0385617,0.0208333,0.736771389564565
58715,0.208493,-0.036302,0.0191667,0.6426867217929941
58716,0.208493,-0.036302,0.0208333,0.642679730285002
58739,0.18822,-0.0348316,0.0191667,0.6225764562272303
58740,0.18822,-0.0348316,0.0208333,0.6225742156861799
58763,0.120012,-0.028311,0.0191667,0.18380595856302076
58764,0.120012,-0.028311,0.0208333,0.18376686696249137
58787,0.1332,-0.034049,0.0191667,0.5272121573631008
58788,0.1332,-0.034049,0.0208333,0.5272081866398226
58811,0.296157,-0.0372338,0.0191667,0.11768016342510747
58812,0.296157,-0.0372338,0.0208333,0.11762046015200757
58835,0.255383,-0.0323785,0.0191667,0.07878182620515978
58836,0.255383,-0.0323785,0.0208333,0.0822632064345294
58859,0.12632,-0.037849,0.0191667,0.7755389366835737
58860,0.12632,-0.037849,0.0208333,0.7755451960320559
58883,0.105624,-0.0341767,0.0191667,0.3848599457245491
58884,0.105624,-0.0341767,0.0208333,0.38487080067147716
58907,0.191912,-0.0382557,0.0191667,0.49926632869361187
58908,0.191912,-0.0382557,0.0208333,0.4992569314973574
58931,0.268983,0.0316524,0.0191667,0.24036397066575932
58932,0.268983,0.0316524,0.0208333,0.24039073119581952
58955,0.160244,-0.0370727,0.0191667,0.12672441287805636
58956,0.160244,-0.0370727,0.0208333,0.1267252096647877
58979,0.192622,-0.0383801,0.0191667,0.5025035328724774
58980,0.192622,-0.0383801,0.0208333,0.5024931506388963
59003,0.130836,-0.036075,0.0191667,0.6790669511128843
59004,0.130836,-0.036075,0.0208333,0.6790687212431323
59027,0.106839,-0.0312204,0.0191667,0.41514743525431785
59028,0.106839,-0.0312204,0.0208333,0.41514841151370935
59051,0.265714,-0.0344838,0.0191667,0.11852996979044415
59052,0.265714,-0.0344838,0.0208333,0.11071202538691315
59075,0.107478,-0.0127246,0.0191667,0.547714167624695
59076,0.107478,-0.0127246,0.0208333,0.5477202842960571
59099,0.103062,-0.00989362,0.0191667,0.8363489615755749
59100,0.103062,-0.00989362,0.0208333,0.8363473028607319
59123,0.25095,0.0296128,0.0191667,0.16889543883987207
59124,0.25095,0.0296128,0.0208333,0.16890180919775744
59147,0.245496,-0.0377231,0.0191667,0.0346875112280789
59148,0.245496,-0.0377231,0.0208333,0.039212698721970154
59171,0.207198,-0.0367761,0.0191667,0.6231465869741079
59172,0.207198,-0.0367761,0.0208333,0.6231385360048664
59195,0.229127,-0.0253559,0.0191667,0.748095435079693
59196,0.229127,-0.0253559,0.0208333,0.7481016512420435
59219,0.120944,-0.0356264,0.0191667,0.6437429611631557
59220,0.120944,-0.0356264,0.0208333,0.6437442944673919
59243,0.161871,-0.0249975,0.0191667,0.7402291429333414
59244,0.161871,-0.0249975,0.0208333,0.7402308793602078
59267,0.167909,-0.0396291,0.0191667,0.03252617938789614
59268,0.167909,-0.0396291,0.0208333,0.03250995687201077
59291,0.271124,-0.0123413,0.0191667,0.4758379339292272
59292,0.271124,-0.0123413,0.0208333,0.47577068703567016
59315,0.25824,-0.0392508,0.0191667,0.061202633707484355
59316,0.25824,-0.0392508,0.0208333,0.0537286274738421
59339,0.0995846,0.0063015,0.0191667,1.1210470238439165
59340,0.0995846,0.0063015,0.0208333,1.1210470267174486
59363,0.104678,-0.0326304,0.0191667,0.3912193303706976
59364,0.104678,-0.0326304,0.0208333,0.3912284004396449
59387,0.165887,-0.034486,0.0191667,0.326394958524947
59388,0.165887,-0.034486,0.0208333,0.3263964960317474
59411,0.18222,-0.0216835,0.0191667,0.8779389321473319
59412,0.18222,-0.0216835,0.0208333,0.8779416466225735
59435,0.287351,-0.0230171,0.0191667,0.21784853615143346
59436,0.287351,-0.0230171,0.0208333,0.17959821858085454
59459,0.114749,-0.0371569,0.0191667,0.6193899181851368
59460,0.114749,-0.0371569,0.0208333,0.6193997694340181
59483,0.137245,-0.0336441,0.0191667,0.4449028956820489
59484,0.137245,-0.0336441,0.0208333,0.44489761240234466
59507,0.178588,-0.0189407,0.0191667,0.8853001992080594
59508,0.178588,-0.0189407,0.0208333,0.8853040575385918
59531,0.285164,-0.0192312,0.0191667,0.17061395275779762
59532,0.285164,-0.0192312,0.0208333,0.16363027774128477
59555,0.217735,-0.0224435,0.0191667,0.8130406042751226
59556,0.217735,-0.0224435,0.0208333,0.8130454234686947
59579,0.185479,-0.0247258,0.0191667,0.8300379510978024
59580,0.185479,-0.0247258,0.0208333,0.8300397629392935
59603,0.150254,-0.0220683,0.0191667,0.7930236146293482
59604,0.150254,-0.0220683,0.0208333,0.7930264350945953
59627,0.123165,-0.0161877,0.0191667,0.7099988264154977
59628,0.123165,-0.0161877,0.0208333,0.71001172006549
59651,0.219512,0.0313232,0.0191667,0.46771578798528096
59652,0.219512,0.0313232,0.0208333,0.4677168760704689
59675,0.278318,-0.0322456,0.0191667,0.17585237742260298
59676,0.278318,-0.0322456,0.0208333,0.14472718860934733
59699,0.279989,0.0317389,0.0191667,0.48135317987112736
59700,0.279989,0.0317389,0.0208333,0.481399447870532
59723,0.164011,-0.0386424,0.0191667,0.10802538258967473
59724,0.164011,-0.0386424,0.0208333,0.10803318434572592
59747,0.166859,-0.0345385,0.0191667,0.3204629555524144
59748,0.166859,-0.0345385,0.0208333,0.32046425514327753
59771,0.26819,-0.0117133,0.0191667,0.5374543582859129
59772,0.26819,-0.0117133,0.0208333,0.5374705448152872
59795,0.269739,-0.0172116,0.0191667,0.3972196065459856
59796,0.269739,-0.0172116,0.0208333,0.3972785061127874
59819,0.126701,-0.0371263,0.0191667,0.7465567907520856
59820,0.126701,-0.0371263,0.0208333,0.746561848763005
59843,0.17659,0.036808,0.0191667,0.4579337442662557
59844,0.17659,0.036808,0.0208333,0.4579183175887312
59867,0.211972,-0.0304758,0.0191667,0.7743211627954787
59868,0.211972,-0.0304758,0.0208333,0.774322294573052
59891,0.184847,-0.0320597,0.0191667,0.674819340543286
59892,0.184847,-0.0320597,0.0208333,0.6748179949314831
59915,0.180569,-0.0392656,0.0191667,0.2996912098119483
59916,0.180569,-0.0392656,0.0208333,0.2996797090119229
59939,0.163161,-0.0321569,0.0191667,0.4228379615852419
59940,0.163161,-0.0321569,0.0208333,0.42283978086528645
59963,0.102221,-0.0396395,0.0191667,0.07725497203199545
59964,0.102221,-0.0396395,0.0208333,0.07728948348910672
59987,0.285759,-0.0371185,0.0191667,0.18208817408217262
59988,0.285759,-0.0371185,0.0208333,0.17049117471444702
60011,0.396771,0.0211108,0.0191667,0.6151811955783101
60012,0.396771,0.0211108,0.0208333,0.6081379805664705
60035,0.00322079,0.00889292,0.0191667,1.1584800017970314
60036,0.00322079,0.00889292,0.0208333,1.1584800017969086
60059,0.00322538,-0.00889437,0.0191667,1.1584800018419115
60060,0.00322538,-0.00889437,0.0208333,1.158480001841788
60083,0.396779,0.038898,0.0191667,1.4075531512789612
60084,0.396779,0.038898,0.0208333,1.408332524345271
60107,0.181215,-0.0356459,0.0191667,0.4953188260939074
60108,0.181215,-0.0356459,0.0208333,0.4953154034976353
60131,0.117695,-0.021116,0.0191667,0.25053583474586705
60132,0.117695,-0.021116,0.0208333,0.2505536670803355
60155,0.293805,0.0163257,0.0191667,0.7802692268508608
60156,0.293805,0.0163257,0.0208333,0.7779572644057577
60179,0.131432,-0.0392221,0.0191667,0.7841773636464219
60180,0.131432,-0.0392221,0.0208333,0.7841838089889146
60203,0.182765,-0.0319199,0.0191667,0.6617806974181596
60204,0.182765,-0.0319199,0.0208333,0.6617792842411697
60227,0.231974,-0.0383107,0.0191667,0.33664319062972425
60228,0.231974,-0.0383107,0.0208333,0.3365905010978302
60251,0.264793,-0.0374107,0.0191667,0.13917189110583345
60252,0.264793,-0.0374107,0.0208333,0.12990610901080865
60275,0.259726,-0.0384888,0.0191667,0.11194045303015751
60276,0.259726,-0.0384888,0.0208333,0.1021249768134123
60299,0.223122,-0.0396534,0.0191667,0.373836332652991
60300,0.223122,-0.0396534,0.0208333,0.3738059489789645
60323,0.268988,-0.0335024,0.0191667,0.12879938280729297
60324,0.268988,-0.0335024,0.0208333,0.11831541070175475
60347,0.179035,-0.0385578,0.0191667,0.33825702175095257
60348,0.179035,-0.0385578,0.0208333,0.33825133130682333
60371,0.145529,-0.0396319,0.0191667,0.619749605449762
60372,0.145529,-0.0396319,0.0208333,0.6197559522198525
60395,0.22916,0.036888,0.0191667,0.49897438050239423
60396,0.22916,0.036888,0.0208333,0.4989295392476538
60419,0.294191,-0.0286349,0.0191667,0.19966768542428193
60420,0.294191,-0.0286349,0.0208333,0.16129636267272118
60443,0.100348,-0.0379168,0.0191667,0.036502288952064366
60444,0.100348,-0.0379168,0.0208333,0.03655522989532414
60467,0.136219,-0.0337172,0.0191667,0.46592316132540185
60468,0.136219,-0.0337172,0.0208333,0.4659179649236527
60491,0.104709,-0.0346051,0.0191667,0.34039982217423853
60492,0.104709,-0.0346051,0.0208333,0.340414035702996
60515,0.182954,-0.0305177,0.0191667,0.7240990069853848
60516,0.182954,-0.0305177,0.0208333,0.7240996825635493
60539,0.282371,-0.0241341,0.0191667,0.18666401523096224
60540,0.282371,-0.0241341,0.0208333,0.16876118265599468
60563,0.254271,-0.0316629,0.0191667,0.1672293827750258
60564,0.254271,-0.0316629,0.0208333,0.1699492082990974
60587,0.253232,-0.0193964,0.0191667,0.6226169172783118
60588,0.253232,-0.0193964,0.0208333,0.6226492180010688
60611,0.180526,-0.0369173,0.0191667,0.42711510627131005
60612,0.180526,-0.0369173,0.0208333,0.42711070312037186
60635,0.27465,-0.0192157,0.0191667,0.16816204127077072
60636,0.27465,-0.0192157,0.0208333,0.16536036257595108
60659,0.217335,0.0334741,0.0191667,0.49805012032504753
60660,0.217335,0.0334741,0.0208333,0.4980492664754395
60683,0.206647,-0.0372318,0.0191667,0.6137613717863615
60684,0.206647,-0.0372318,0.0208333,0.6137522969315701
60707,0.124311,0.0274877,0.0191667,0.2942995409285148
60708,0.124311,0.0274877,0.0208333,0.2943120326597309
60731,0.25298,-0.0380248,0.0191667,0.08228089783643831
60732,0.25298,-0.0380248,0.0208333,0.07495189216137242
60755,0.20582,-0.0371109,0.0191667,0.6144440755211659
60756,0.20582,-0.0371109,0.0208333,0.6144359944773887
60779,0.281222,-0.0206439,0.0191667,0.13092273058709095
60780,0.281222,-0.0206439,0.0208333,0.13241748075560114
60803,0.142537,-0.0396531,0.0191667,0.672042191953839
60804,0.142537,-0.0396531,0.0208333,0.6720469876506496
60827,0.177563,0.0338233,0.0191667,0.4353375870931689
60828,0.177563,0.0338233,0.0208333,0.4353324767000969
60851,0.264914,-0.0381248,0.0191667,0.13985142904190004
60852,0.264914,-0.0381248,0.0208333,0.13012714721855853
60875,0.273782,-0.0315288,0.0191667,0.1520707533906402
60876,0.273782,-0.0315288,0.0208333,0.13451102825698014
60899,0.246302,-0.0386551,0.0191667,0.04600226146905824
60900,0.246302,-0.0386551,0.0208333,0.04527993201913625
60923,0.274316,-0.016391,0.0191667,0.28544482852005026
60924,0.274316,-0.016391,0.0208333,0.28439310105303206
60947,0.156482,-0.0310584,0.0191667,0.3236240048410071
60948,0.156482,-0.0310584,0.0208333,0.3236208399528886
60971,0.09672,0.00159037,0.0191667,1.2021947446394763
60972,0.09672,0.00159037,0.0208333,1.2021947461640181
60995,0.234378,0.0278667,0.0191667,0.2844245434086355
60996,0.234378,0.0278667,0.0208333,0.2844295313976039
61019,0.192616,-0.0252778,0.0191667,0.8555177316743279
61020,0.192616,-0.0252778,0.0208333,0.8555196367780559
61043,0.223834,-0.0312444,0.0191667,0.7046121756120621
61044,0.223834,-0.0312444,0.0208333,0.7046136403815257
61067,0.273952,-0.0338671,0.0191667,0.15993594558779742
61068,0.273952,-0.0338671,0.0208333,0.1387166830752884
61091,0.101416,-0.0386158,0.0191667,0.06068153569324033
61092,0.101416,-0.0386158,0.0208333,0.060737045865023764
61115,0.265748,-0.0181802,0.0191667,0.4788491749680395
61116,0.265748,-0.0181802,0.0208333,0.4791630422718764
61139,0.125252,-0.0207989,0.0191667,0.36622091620764224
61140,0.125252,-0.0207989,0.0208333,0.36624783447716114
61163,0.10287,-0.033197,0.0191667,0.3327058412970719
61164,0.10287,-0.033197,0.0208333,0.3327191846491045
61187,0.277501,-0.0331049,0.0191667,0.17280880128464782
61188,0.277501,-0.0331049,0.0208333,0.14352544784870033
61211,0.164134,-0.0393293,0.0191667,0.15289925839666457
61212,0.164134,-0.0393293,0.0208333,0.1529103506262349
61235,0.195095,-0.0371369,0.0191667,0.5867180787381024
61236,0.195095,-0.0371369,0.0208333,0.5867119316631142
61259,0.231622,-0.0340103,0.0191667,0.5496947842502219
61260,0.231622,-0.0340103,0.0208333,0.5496807024930583
61283,0.29407,-0.033481,0.0191667,0.1709413561646508
61284,0.29407,-0.033481,0.0208333,0.14543109677232033
61307,0.114191,-0.0349844,0.0191667,0.5516840264367058
61308,0.114191,-0.0349844,0.0208333,0.5516864247692964
61331,0.23215,-0.0396505,0.0191667,0.27578484504453826
61332,0.23215,-0.0396505,0.0208333,0.275726032048619
61355,0.205967,-0.0383602,0.0191667,0.5673257659190399
61356,0.205967,-0.0383602,0.0208333,0.5673135572063988
61379,0.295765,-0.0323615,0.0191667,0.1745814580332058
61380,0.295765,-0.0323615,0.0208333,0.1536744988908049
61403,0.228074,0.0340179,0.0191667,0.45225616372220223
61404,0.228074,0.0340179,0.0208333,0.4522419642870382
61427,0.294475,0.00808746,0.0191667,0.46607670708007926
61428,0.294475,0.00808746,0.0208333,0.4579363970197522
61451,0.233976,-0.0229874,0.0191667,0.7288352763786937
61452,0.233976,-0.0229874,0.0208333,0.7288442338375958
61475,0.265425,-0.0323914,0.0191667,0.094856479612046
61476,0.265425,-0.0323914,0.0208333,0.08917132895364967
61499,0.166918,-0.022488,0.0191667,0.8359443703061445
61500,0.166918,-0.022488,0.0208333,0.8359463882092785
61523,0.28265,0.0335765,0.0191667,0.5220757195804893
61524,0.28265,0.0335765,0.0208333,0.5221189476404977
61547,0.111865,-0.0259279,0.0191667,0.25801730405726203
61548,0.111865,-0.0259279,0.0208333,0.25800020738497886
61571,0.287189,-0.00325773,0.0191667,0.17993371147035703
61572,0.287189,-0.00325773,0.0208333,0.17734150799289064
61595,0.236266,-0.0319819,0.0191667,0.5730500942905324
61596,0.236266,-0.0319819,0.0208333,0.5730442759045519
61619,0.235369,-0.0188975,0.0191667,0.7397155745404009
61620,0.235369,-0.0188975,0.0208333,0.7397240432575273
61643,0.168294,-0.0180142,0.0191667,0.9011545673581098
61644,0.168294,-0.0180142,0.0208333,0.9011570125260607
61667,0.247521,-0.03241,0.0191667,0.3498457137904199
61668,0.247521,-0.03241,0.0208333,0.3497988270671753
61691,0.110545,-0.0223227,0.0191667,0.2811483565366735
61692,0.110545,-0.0223227,0.0208333,0.2811392796096583
61715,0.264452,-0.0332305,0.0191667,0.09699472331425096
61716,0.264452,-0.0332305,0.0208333,0.09111213852725661
61739,0.106887,-0.0282482,0.0191667,0.4092392160737072
61740,0.106887,-0.0282482,0.0208333,0.4092352675970976
61763,0.122467,-0.0336502,0.0191667,0.5542315518121574
61764,0.122467,-0.0336502,0.0208333,0.5542270604267663
61787,0.23618,-0.02578,0.0191667,0.6807330096676677
61788,0.23618,-0.02578,0.0208333,0.6807425923051844
61811,0.169042,-0.0254008,0.0191667,0.7692850055177424
61812,0.169042,-0.0254008,0.0208333,0.7692861454869443
61835,0.237379,-0.0200699,0.0191667,0.7286257151284455
61836,0.237379,-0.0200699,0.0208333,0.7286364110644771
61859,0.206537,-0.0339134,0.0191667,0.7110894877047034
61860,0.206537,-0.0339134,0.0208333,0.7110865492806722
61883,0.136567,-0.0396621,0.0191667,0.7443960520558124
61884,0.136567,-0.0396621,0.0208333,0.7443993259947769
61907,0.191686,0.033151,0.0191667,0.5030380791611395
61908,0.191686,0.033151,0.0208333,0.5030330248260261
61931,0.258962,-0.039636,0.0191667,0.0607032371678941
61932,0.258962,-0.039636,0.0208333,0.052604349409135366
61955,0.185782,-0.0327854,0.0191667,0.674927990275272
61956,0.185782,-0.0327854,0.0208333,0.674926663500561
61979,0.167712,-0.0373293,0.0191667,0.13797132750012264
61980,0.167712,-0.0373293,0.0208333,0.1379688891722826
62003,0.164863,0.0367324,0.0191667,0.40020796272760256
62004,0.164863,0.0367324,0.0208333,0.40018810148895995
62027,0.297727,-0.0316235,0.0191667,0.17434093727802427
62028,0.297727,-0.0316235,0.0208333,0.1719030576616949
62051,0.232071,-0.0321316,0.0191667,0.6060851995493063
62052,0.232071,-0.0321316,0.0208333,0.6060801662056122
62075,0.287389,-0.0271413,0.0191667,0.2195448524762309
62076,0.287389,-0.0271413,0.0208333,0.1642017454360641
62099,0.267104,-0.00895075,0.0191667,0.6049051452383023
62100,0.267104,-0.00895075,0.0208333,0.604849452078344
62123,0.293349,-0.0299153,0.0191667,0.20244245804744124
62124,0.293349,-0.0299153,0.0208333,0.15959646154504803
62147,0.224583,-0.0222026,0.0191667,0.7830235835078985
62148,0.224583,-0.0222026,0.0208333,0.7830303232969743
62171,0.257436,-0.0325867,0.0191667,0.05118873819679481
62172,0.257436,-0.0325867,0.0208333,0.047809806195591296
62195,0.157237,-0.0217956,0.0191667,0.8546580008733116
62196,0.157237,-0.0217956,0.0208333,0.8546592599923271
62219,0.279026,-0.0239591,0.0191667,0.14571204568258625
62220,0.279026,-0.0239591,0.0208333,0.14211169703828044
62243,0.293887,-0.0203983,0.0191667,0.20533558979553448
62244,0.293887,-0.0203983,0.0208333,0.15746276815885715
62267,0.185026,-0.0140558,0.0191667,0.8173332280091583
62268,0.185026,-0.0140558,0.0208333,0.8173386550327283
62291,0.122052,-0.0260791,0.0191667,0.028810419484739353
62292,0.122052,-0.0260791,0.0208333,0.028845749797613666
62315,0.269056,-0.0295917,0.0191667,0.09322501393747121
62316,0.269056,-0.0295917,0.0208333,0.08892516640133996
62339,0.106807,-0.0265008,0.0191667,0.4147749926917625
62340,0.106807,-0.0265008,0.0208333,0.4147702319350588
62363,0.227609,-0.0378883,0.0191667,0.44101895369169913
62364,0.227609,-0.0378883,0.0208333,0.44098836759557075
62387,0.196636,-0.0372875,0.0191667,0.5866642052265242
62388,0.196636,-0.0372875,0.0208333,0.5866570345361293
62411,0.187967,-0.0221992,0.0191667,0.8721781747307208
62412,0.187967,-0.0221992,0.0208333,0.8721819828211111
62435,0.263924,-0.0373049,0.0191667,0.13691605955040628
62436,0.263924,-0.0373049,0.0208333,0.12780812069380254
62459,0.158218,-0.0174155,0.0191667,0.9500482606451987
62460,0.158218,-0.0174155,0.0208333,0.950050135147896
62483,0.225534,-0.0176416,0.0191667,0.7692222119448385
62484,0.225534,-0.0176416,0.0208333,0.7692264298903372
62507,0.123146,-0.0396784,0.0191667,0.7537954093935877
62508,0.123146,-0.0396784,0.0208333,0.7538047635817224
62531,0.227174,-0.0248204,0.0191667,0.7566178740882785
62532,0.227174,-0.0248204,0.0208333,0.7566238787139011
62555,0.159882,-0.024462,0.0191667,0.7612497935427036
62556,0.159882,-0.024462,0.0208333,0.7612501400144099
62579,0.189469,-0.039233,0.0191667,0.4133885820212041
62580,0.189469,-0.039233,0.0208333,0.4133756803433596
62603,0.27271,-0.0323558,0.0191667,0.1474314483613642
62604,0.27271,-0.0323558,0.0208333,0.13124090125663607
62627,0.271886,-0.0384266,0.0191667,0.1670117865481655
62628,0.271886,-0.0384266,0.0208333,0.1591100430958574
62651,0.131371,-0.0384514,0.0191667,0.774958903245878
62652,0.131371,-0.0384514,0.0208333,0.7749642937991947
62675,0.111731,0.0337317,0.0191667,0.21764597327342955
62676,0.111731,0.0337317,0.0208333,0.21765725977642578
62699,0.194576,-0.0249747,0.0191667,0.8590133668487141
62700,0.194576,-0.0249747,0.0208333,0.859016292690665
62723,0.295438,-0.0219477,0.0191667,0.19446071470456444
62724,0.295438,-0.0219477,0.0208333,0.16405003690252556
62747,0.141599,-0.0345154,0.0191667,0.4498140069214137
62748,0.141599,-0.0345154,0.0208333,0.449810895845581
62771,0.137797,-0.0326644,0.0191667,0.3524785628598892
62772,0.137797,-0.0326644,0.0208333,0.3524687251279813
62795,0.287245,-0.0379404,0.0191667,0.18225225490773084
62796,0.287245,-0.0379404,0.0208333,0.1792127630286928
62819,0.149272,-0.038371,0.0191667,0.5080410578631102
62820,0.149272,-0.038371,0.0208333,0.5080497972041147
62843,0.118442,-0.0287298,0.0191667,0.212703031061176
62844,0.118442,-0.0287298,0.0208333,0.21266985789575654
62867,0.234232,-0.0340658,0.0191667,0.5323635707499738
62868,0.234232,-0.0340658,0.0208333,0.5323472253346024
62891,0.115225,-0.021499,0.0191667,0.22266781248627382
62892,0.115225,-0.021499,0.0208333,0.22267940866914124
62915,0.241107,-0.025987,0.0191667,0.6461291386967469
62916,0.241107,-0.025987,0.0208333,0.6461474725998306
62939,0.250741,-0.0244903,0.0191667,0.5748081989176238
62940,0.250741,-0.0244903,0.0208333,0.5748498355773001
62963,0.1512,-0.0332981,0.0191667,0.20478749780347918
62964,0.1512,-0.0332981,0.0208333,0.2047825943541648
62987,0.174208,-0.0254686,0.0191667,0.7899348542325317
62988,0.174208,-0.0254686,0.0208333,0.7899371314798804
63011,0.102534,-0.0340232,0.0191667,0.30112198229299453
63012,0.102534,-0.0340232,0.0208333,0.3011391434644716
63035,0.264913,-0.022181,0.0191667,0.34505435759025
63036,0.264913,-0.022181,0.0208333,0.34577077546981905
63059,0.257602,-0.0233834,0.0191667,0.4915671955316078
63060,0.257602,-0.0233834,0.0208333,0.49185795996174025
63083,0.268572,-0.0391872,0.0191667,0.13466283598029294
63084,0.268572,-0.0391872,0.0208333,0.12510140330266845
63107,0.272616,-0.0208533,0.0191667,0.17027850951112092
63108,0.272616,-0.0208533,0.0208333,0.16819230164903504
63131,0.198563,-0.0245828,0.0191667,0.8604015655073525
63132,0.198563,-0.0245828,0.0208333,0.8604055472474191
63155,0.1204,-0.0265121,0.0191667,0.05682810396017521
63156,0.1204,-0.0265121,0.0208333,0.056793558130492666
63179,0.130808,-0.024254,0.0191667,0.30517810438538545
63180,0.130808,-0.024254,0.0208333,0.30520481830207075
63203,0.129472,-0.0227892,0.0191667,0.3521609573415612
63204,0.129472,-0.0227892,0.0208333,0.35218489122115615
63227,0.287209,-0.0371108,0.0191667,0.1802882355041504
63228,0.287209,-0.0371108,0.0208333,0.1686569413155143
63251,0.263331,-0.0143484,0.0191667,0.5644731271167237
63252,0.263331,-0.0143484,0.0208333,0.5645417327618153
63275,0.2978,-0.0348154,0.0191667,0.1387128638429039
63276,0.2978,-0.0348154,0.0208333,0.1385508102458084
63299,0.197455,-0.0227496,0.0191667,0.8687901374983374
63300,0.197455,-0.0227496,0.0208333,0.8687941327374169
63323,0.102581,-0.0197237,0.0191667,0.47928438241711663
63324,0.102581,-0.0197237,0.0208333,0.47928353199535756
63347,0.288671,0.00718257,0.0191667,0.4442992676330927
63348,0.288671,0.00718257,0.0208333,0.4430017307036283
63371,0.152761,-0.0379104,0.0191667,0.39789008782536117
63372,0.152761,-0.0379104,0.0208333,0.3979002465604073
63395,0.232488,-0.0244978,0.0191667,0.7345637537389539
63396,0.232488,-0.0244978,0.0208333,0.7345719732272254
63419,0.165297,-0.0241172,0.0191667,0.7896426188848801
63420,0.165297,-0.0241172,0.0208333,0.7896441232222234
63443,0.189381,-0.0239703,0.0191667,0.8624837464871827
63444,0.189381,-0.0239703,0.0208333,0.8624867151398213
63467,0.223207,-0.0238757,0.0191667,0.7907025414750867
63468,0.223207,-0.0238757,0.0208333,0.7907083504339875
63491,0.123246,-0.0275376,0.0191667,0.07193877724674017
63492,0.123246,-0.0275376,0.0208333,0.07190046824412555
63515,0.155837,-0.0235031,0.0191667,0.722465262197217
63516,0.155837,-0.0235031,0.0208333,0.7224672128912342
63539,0.113164,-0.027239,0.0191667,0.2576920993453234
63540,0.113164,-0.027239,0.0208333,0.2576724144481533
63563,0.107544,-0.0363571,0.0191667,0.39738854428587655
63564,0.107544,-0.0363571,0.0208333,0.39740375033019515
63587,0.172228,-0.034914,0.0191667,0.3676380124204608
63588,0.172228,-0.034914,0.0208333,0.36763623997842676
63611,0.254065,0.0293289,0.0191667,0.16135764880501824
63612,0.254065,0.0293289,0.0208333,0.16136542905417572
63635,0.19687,-0.0184217,0.0191667,0.8563459486820404
63636,0.19687,-0.0184217,0.0208333,0.8563510184056023
63659,0.113219,-0.0333273,0.0191667,0.4753554832933785
63660,0.113219,-0.0333273,0.0208333,0.4753511460672586
63683,0.299169,-0.0285229,0.0191667,0.17305955397657188
63684,0.299169,-0.0285229,0.0208333,0.1763986522592789
63707,0.176777,-0.0382464,0.0191667,0.2976875702277715
63708,0.176777,-0.0382464,0.0208333,0.29768182947396976
63731,0.134271,-0.0383734,0.0191667,0.754181040556657
63732,0.134271,-0.0383734,0.0208333,0.7541854284978581
63755,0.12754,-0.0281966,0.0191667,0.12223071125713907
63756,0.12754,-0.0281966,0.0208333,0.12220035734681016
63779,0.150566,-0.0244688,0.0191667,0.7317722644754264
63780,0.150566,-0.0244688,0.0208333,0.7317726033604164
63803,0.218036,-0.024814,0.0191667,0.8050702417661615
63804,0.218036,-0.024814,0.0208333,0.8050742703161863
63827,0.217224,-0.0372159,0.0191667,0.582592393057981
63828,0.217224,-0.0372159,0.0208333,0.5825794007654999
63851,0.206758,-0.0379856,0.0191667,0.573567355553307
63852,0.206758,-0.0379856,0.0208333,0.5735561680690274
63875,0.179412,0.0386837,0.0191667,0.4836840193925559
63876,0.179412,0.0386837,0.0208333,0.483666591846053
63899,0.295375,-0.0312151,0.0191667,0.18366637330412444
63900,0.295375,-0.0312151,0.0208333,0.15431605909548105
63923,0.258601,-0.031005,0.0191667,0.06706758595394648
63924,0.258601,-0.031005,0.0208333,0.0684980935385796
63947,0.298743,0.00630218,0.0191667,0.4334915576194074
63948,0.298743,0.00630218,0.0208333,0.4347804247200419
63971,0.198879,-0.0363335,0.0191667,0.6328667094862064
63972,0.198879,-0.0363335,0.0208333,0.6328606277795681
63995,0.289121,-0.0241985,0.0191667,0.22843420024558517
63996,0.289121,-0.0241985,0.0208333,0.17241079278354357
64019,0.281088,0.0285943,0.0191667,0.5867082542132739
64020,0.281088,0.0285943,0.0208333,0.5867361000093995
64043,0.176087,-0.0392076,0.0191667,0.22565994013694943
64044,0.176087,-0.0392076,0.0208333,0.22565185368474908
64067,0.200746,-0.0396744,0.0191667,0.4635726419474395
64068,0.200746,-0.0396744,0.0208333,0.46355903005483495
64091,0.298856,-0.0317462,0.0191667,0.15872489665156503
64092,0.298856,-0.0317462,0.0208333,0.16332645973659626
64115,0.231351,-0.0329598,0.0191667,0.6017601946589938
64116,0.231351,-0.0329598,0.0208333,0.6017549216130786
64139,0.287437,-0.0205545,0.0191667,0.20749095907882345
64140,0.287437,-0.0205545,0.0208333,0.18447904415932995
64163,0.149848,0.0291779,0.0191667,0.2961126922492734
64164,0.149848,0.0291779,0.0208333,0.29611322255425276
64187,0.267254,-0.0164101,0.0191667,0.48107271144360547
64188,0.267254,-0.0164101,0.0208333,0.481282439063075
64211,0.114102,-0.0170677,0.0191667,0.3789988956775974
64212,0.114102,-0.0170677,0.0208333,0.379009178514157
64235,0.129969,-0.0204426,0.0191667,0.5429075067985359
64236,0.129969,-0.0204426,0.0208333,0.5429249994650098
64259,0.198426,-0.0205117,0.0191667,0.8599678497893654
64260,0.198426,-0.0205117,0.0208333,0.8599728817296898
64283,0.167194,-0.0384676,0.0191667,0.05974970959257961
64284,0.167194,-0.0384676,0.0208333,0.05974410632455807
64307,0.296852,-0.0383302,0.0191667,0.08955361566006144
64308,0.296852,-0.0383302,0.0208333,0.09223543993655584
64331,0.217311,-0.0379625,0.0191667,0.5437536822133161
64332,0.217311,-0.0379625,0.0208333,0.543737550504815
64355,0.212687,-0.0396773,0.0191667,0.4402470759464455
64356,0.212687,-0.0396773,0.0208333,0.44022852072003754
64379,0.250315,0.0324187,0.0191667,0.20186051632791516
64380,0.250315,0.0324187,0.0208333,0.20186496779996277
64403,0.152634,0.0367742,0.0191667,0.3589096345464273
64404,0.152634,0.0367742,0.0208333,0.35888433940185577
64427,0.203201,-0.0259113,0.0191667,0.8491677719030349
64428,0.203201,-0.0259113,0.0208333,0.8491707696665645
64451,0.135452,-0.0255851,0.0191667,0.2580386919971346
64452,0.135452,-0.0255851,0.0208333,0.25805498788137077
64475,0.249744,-0.0177879,0.0191667,0.6745841037868623
64476,0.249744,-0.0177879,0.0208333,0.6746029123064217
64499,0.188804,-0.0197708,0.0191667,0.8700117814577563
64500,0.188804,-0.0197708,0.0208333,0.8700168588685097
64523,0.239381,-0.0252301,0.0191667,0.6652435499426689
64524,0.239381,-0.0252301,0.0208333,0.6652573810653457
64547,0.265182,-0.0311009,0.0191667,0.07677415590978516
64548,0.265182,-0.0311009,0.0208333,0.0731155963203474
64571,0.122684,-0.0241854,0.0191667,0.16799700397793435
64572,0.122684,-0.0241854,0.0208333,0.16804012120980186
64595,0.181325,-0.0380929,0.0191667,0.39013321014464086
64596,0.181325,-0.0380929,0.0208333,0.39012668352446955
64619,0.156461,-0.0193458,0.0191667,0.9243518300548196
64620,0.156461,-0.0193458,0.0208333,0.9243531630340504
64643,0.223784,-0.0197369,0.0191667,0.7822915483176689
64644,0.223784,-0.0197369,0.0208333,0.7822958918023115
64667,0.112307,-0.0239275,0.0191667,0.23898436940976203
64668,0.112307,-0.0239275,0.0208333,0.23897102386994534
64691,0.172397,-0.0248254,0.0191667,0.7941926227621635
64692,0.172397,-0.0248254,0.0208333,0.7941948427857991
64715,0.233483,-0.0206492,0.0191667,0.7452931804905849
64716,0.233483,-0.0206492,0.0208333,0.7453013971084169
64739,0.166338,-0.0199175,0.0191667,0.8879492404264447
64740,0.166338,-0.0199175,0.0208333,0.8879516282127401
64763,0.208049,-0.0370042,0.0191667,0.6222925143714464
64764,0.208049,-0.0370042,0.0208333,0.6222844758199813
64787,0.122755,-0.0370336,0.0191667,0.7260713606846143
64788,0.122755,-0.0370336,0.0208333,0.7260772655771858
64811,0.27986,-0.0396972,0.0191667,0.14832931303707303
64812,0.27986,-0.0396972,0.0208333,0.14289330594047864
64835,0.165818,-0.0370278,0.0191667,0.13643467416214253
64836,0.165818,-0.0370278,0.0208333,0.1364343954505025
64859,0.170821,0.0281087,0.0191667,0.3485177979575999
64860,0.170821,0.0281087,0.0208333,0.3485181535237951
64883,0.285635,-0.0240315,0.0191667,0.21365800702849894
64884,0.285635,-0.0240315,0.0208333,0.1788326452371043
64907,0.295117,-0.0333748,0.0191667,0.17268787833556817
64908,0.295117,-0.0333748,0.0208333,0.14991402439855317
64931,0.271825,-0.0392253,0.0191667,0.14014683893094448
64932,0.271825,-0.0392253,0.0208333,0.1313931441983487
64955,0.193152,-0.0379065,0.0191667,0.5134034194685977
64956,0.193152,-0.0379065,0.0208333,0.5133940661525199
64979,0.144832,-0.0323611,0.0191667,0.2369213238418123
64980,0.144832,-0.0323611,0.0208333,0.23691163923164285
65003,0.243198,-0.0391929,0.0191667,0.021810470015808922
65004,0.243198,-0.0391929,0.0208333,0.02343383693558526
65027,0.294908,-0.00867427,0.0191667,0.18983497902412505
65028,0.294908,-0.00867427,0.0208333,0.1683588370013585
65051,0.190694,-0.0377358,0.0191667,0.5222984995128649
65052,0.190694,-0.0377358,0.0208333,0.5222902139996368
65075,0.103414,0.0334157,0.0191667,0.1079915120428453
65076,0.103414,0.0334157,0.0208333,0.10796048846846702
65099,0.203731,-0.0396819,0.0191667,0.47041855503407215
65100,0.203731,-0.0396819,0.0208333,0.47040400546791
65123,0.241787,-0.010634,0.0191667,0.6930089340067156
65124,0.241787,-0.010634,0.0208333,0.693008708585138
65147,0.175489,-0.0379706,0.0191667,0.28131181097242897
65148,0.175489,-0.0379706,0.0208333,0.28130810822500313
65171,0.175914,-0.0373484,0.0191667,0.3279155749934615
65172,0.175914,-0.0373484,0.0208333,0.32791098400133306
65195,0.118768,-0.037873,0.0191667,0.7114678725097653
65196,0.118768,-0.037873,0.0208333,0.7114780178222259
65219,0.105238,-0.0396478,0.0191667,0.21671336240719152
65220,0.105238,-0.0396478,0.0208333,0.21673819609311337
65243,0.226125,-0.0371448,0.0191667,0.5129738624262554
65244,0.226125,-0.0371448,0.0208333,0.5129532851656946
65267,0.295216,0.000560894,0.0191667,0.3170805185694006
65268,0.295216,0.000560894,0.0208333,0.30777190575601604
65291,0.239702,-0.0341353,0.0191667,0.4281902030934955
65292,0.239702,-0.0341353,0.0208333,0.42812867203510313
65315,0.284975,-0.0358826,0.0191667,0.17995288658660075
65316,0.284975,-0.0358826,0.0208333,0.1585641623548478
65339,0.286454,-0.0366931,0.0191667,0.1810823916143146
65340,0.286454,-0.0366931,0.0208333,0.16865790334713046
65363,0.299249,-0.0383814,0.0191667,0.04635587800203982
65364,0.299249,-0.0383814,0.0208333,0.04409061690983695
65387,0.290167,0.0104031,0.0191667,0.5202609552506222
65388,0.290167,0.0104031,0.0208333,0.5194873675652663
65411,0.292549,-0.0384159,0.0191667,0.14762896453545288
65412,0.292549,-0.0384159,0.0208333,0.14938646824491833
65435,0.256429,-0.0318564,0.0191667,0.07404471843183685
65436,0.256429,-0.0318564,0.0208333,0.07676619184419663
65459,0.147064,-0.036946,0.0191667,0.5032825345182089
65460,0.147064,-0.036946,0.0208333,0.5032870343876295
65483,0.206215,-0.0329223,0.0191667,0.7383313233945089
65484,0.206215,-0.0329223,0.0208333,0.7383303769680659
65507,0.120385,-0.0350588,0.0191667,0.617720053182495
65508,0.120385,-0.0350588,0.0208333,0.6177201820684123
65531,0.220876,-0.0351148,0.0191667,0.6325039407494278
65532,0.220876,-0.0351148,0.0208333,0.6324972619481596
65555,0.141951,-0.0335084,0.0191667,0.35996097991243775
65556,0.141951,-0.0335084,0.0208333,0.35995412309125574
65579,0.192544,-0.0176776,0.0191667,0.8520762725891352
65580,0.192544,-0.0176776,0.0208333,0.8520814021671207
65603,0.10274,-0.0151176,0.0191667,0.4185727695846983
65604,0.10274,-0.0151176,0.0208333,0.4185721135029997
65627,0.207405,0.0292177,0.0191667,0.43510204271577324
65628,0.207405,0.0292177,0.0208333,0.4351095900245836
65651,0.291832,-0.0380558,0.0191667,0.15797325572013762
65652,0.291832,-0.0380558,0.0208333,0.15677256194053857
65675,0.291928,-0.0373018,0.0191667,0.16310487031808707
65676,0.291928,-0.0373018,0.0208333,0.15525988015330938
65699,0.258411,-0.0369664,0.0191667,0.11105524828591803
65700,0.258411,-0.0369664,0.0208333,0.10352387305201637
65723,0.263733,-0.00885143,0.0191667,0.64071042625862
65724,0.263733,-0.00885143,0.0208333,0.6406550681369637
65747,0.222854,-0.0333696,0.0191667,0.6629782198408695
65748,0.222854,-0.0333696,0.0208333,0.6629766665949048
65771,0.262849,-0.0319389,0.0191667,0.07310967472106547
65772,0.262849,-0.0319389,0.0208333,0.06857661022659256
65795,0.185885,-0.0396456,0.0191667,0.3594778534363536
65796,0.185885,-0.0396456,0.0208333,0.35946560793428484
65819,0.155047,-0.0342337,0.0191667,0.16076123829041128
65820,0.155047,-0.0342337,0.0208333,0.1607600735555206
65843,0.227779,-0.0187243,0.0191667,0.7619375296827419
65844,0.227779,-0.0187243,0.0208333,0.761942427225381
65867,0.160425,-0.0183895,0.0191667,0.936684751503334
65868,0.160425,-0.0183895,0.0208333,0.9366866371313928
65891,0.299898,0.0257195,0.0191667,1.2736341615648545
65892,0.299898,0.0257195,0.0208333,1.2743199382165378
65915,0.105641,-0.0152081,0.0191667,0.2536158493473633
65916,0.105641,-0.0152081,0.0208333,0.25360764819131526
65939,0.197017,-0.0316781,0.0191667,0.755362649857276
65940,0.197017,-0.0316781,0.0208333,0.7553625632326013
65963,0.145346,-0.0311692,0.0191667,0.18936248574267847
65964,0.145346,-0.0311692,0.0208333,0.1893516826494449
65987,0.180682,-0.0247088,0.0191667,0.8198081191782017
65988,0.180682,-0.0247088,0.0208333,0.8198108337319104
66011,0.0991461,-0.00301109,0.0191667,1.2201574764446235
66012,0.0991461,-0.00301109,0.0208333,1.2201574780448083
66035,0.140634,-0.034562,0.0191667,0.4688367760742974
66036,0.140634,-0.034562,0.0208333,0.4688337548302383
66059,0.230551,-0.0238753,0.0191667,0.7427291390709897
66060,0.230551,-0.0238753,0.0208333,0.7427363503369618
66083,0.163321,-0.0234846,0.0191667,0.8034858564548926
66084,0.163321,-0.0234846,0.0208333,0.8034873036213385
66107,0.180508,-0.0361336,0.0191667,0.4654082241419976
66108,0.180508,-0.0361336,0.0208333,0.4654047980753403
66131,0.284278,-0.0353843,0.0191667,0.17984896268413672
66132,0.284278,-0.0353843,0.0208333,0.15569624644964192
66155,0.196989,-0.0384571,0.0191667,0.5352917054539166
66156,0.196989,-0.0384571,0.0208333,0.535280382615096
66179,0.190717,-0.0112591,0.0191667,0.7222531442540782
66180,0.190717,-0.0112591,0.0208333,0.7222544962447555
66203,0.242301,-0.0338276,0.0191667,0.4124339944482443
66204,0.242301,-0.0338276,0.0208333,0.41235742293920313
66227,0.298528,-0.00264665,0.0191667,0.1943920057113718
66228,0.298528,-0.00264665,0.0208333,0.2044000009737035
66251,0.263726,-0.0308332,0.0191667,0.06732533488293987
66252,0.263726,-0.0308332,0.0208333,0.06389809752637397
66275,0.212321,-0.0375998,0.0191667,0.5912792409890788
66276,0.212321,-0.0375998,0.0208333,0.59126815887426
66299,0.00305085,1.73289e-05,0.0191667,1.1606600015901816
66300,0.00305085,1.73289e-05,0.0208333,1.1606600015900685
66323,0.396945,0.0300441,0.0191667,1.220349650562743
66324,0.396945,0.0300441,0.0208333,1.2199141746256634
66347,0.221409,-0.0342847,0.0191667,0.6477044271878935
66348,0.221409,-0.0342847,0.0208333,0.6476998043104399
66371,0.174111,-0.0101318,0.0191667,0.8259419098186238
66372,0.174111,-0.0101318,0.0208333,0.8259484222051154
66395,0.21197,-0.0386821,0.0191667,0.5397776824227961
66396,0.21197,-0.0386821,0.0208333,0.5397624070396159
66419,0.186631,-0.0393526,0.0191667,0.3709075735815105
66420,0.186631,-0.0393526,0.0208333,0.3708943561159205
66443,0.298421,-0.037004,0.0191667,0.09563833498723198
66444,0.298421,-0.037004,0.0208333,0.09402073602918667
66467,0.235845,-0.0237046,0.0191667,0.7182643570456718
66468,0.235845,-0.0237046,0.0208333,0.7182755600900541
66491,0.28561,-0.0354112,0.0191667,0.17981302578358999
66492,0.28561,-0.0354112,0.0208333,0.15673437535279267
66515,0.178337,-0.0396422,0.0191667,0.25130599669091325
66516,0.178337,-0.0396422,0.0208333,0.25129603812654305
66539,0.214029,-0.0366718,0.0191667,0.6139782207694942
66540,0.214029,-0.0366718,0.0208333,0.6139692403362756
66563,0.168801,-0.0232023,0.0191667,0.8257781109027166
66564,0.168801,-0.0232023,0.0208333,0.825780168821654
66587,0.263548,-0.0379867,0.0191667,0.1354005746285901
66588,0.263548,-0.0379867,0.0208333,0.12588371001586704
66611,0.282758,-0.00121025,0.0191667,0.4209600088432273
66612,0.282758,-0.00121025,0.0208333,0.41911301183128397
66635,0.129831,0.0294798,0.0191667,0.3076730199010185
66636,0.129831,0.0294798,0.0208333,0.30767695614733787
66659,0.297994,-0.0338731,0.0191667,0.14504149923856277
66660,0.297994,-0.0338731,0.0208333,0.14525640645978405
66683,0.166695,-0.0379428,0.0191667,0.08238926433415035
66684,0.166695,-0.0379428,0.0208333,0.08238606279954395
66707,0.187314,-0.039707,0.0191667,0.3632450240193869
66708,0.187314,-0.039707,0.0208333,0.3632328165044074
66731,0.101229,-0.0322837,0.0191667,0.3144634267055589
66732,0.101229,-0.0322837,0.0208333,0.31448048899738185
66755,0.29735,0.008641,0.0191667,0.5120534081017136
66756,0.29735,0.008641,0.0208333,0.5088944955306355
66779,0.108133,-0.0369838,0.0191667,0.41756871726343486
66780,0.108133,-0.0369838,0.0208333,0.41758292720273527
66803,0.262651,-0.0338768,0.0191667,0.09530280878856615
66804,0.262651,-0.0338768,0.0208333,0.08943145771466549
66827,0.226446,0.0387436,0.0191667,0.5251036278992676
66828,0.226446,0.0387436,0.0208333,0.5250547903635677
66851,0.108332,-0.0290549,0.0191667,0.39611321903815444
66852,0.108332,-0.0290549,0.0208333,0.39610741297551905
66875,0.10851,-0.0255011,0.0191667,0.3546508608972522
66876,0.10851,-0.0255011,0.0208333,0.35463993054255594
66899,0.144343,-0.0302708,0.0191667,0.17068970618836304
66900,0.144343,-0.0302708,0.0208333,0.1706875424620631
66923,0.212958,-0.0313747,0.0191667,0.7573124521983263
66924,0.212958,-0.0313747,0.0208333,0.7573136032684544
66947,0.274696,-0.0384551,0.0191667,0.17338678602606947
66948,0.274696,-0.0384551,0.0208333,0.16602605568676895
66971,0.211309,-0.0323858,0.0191667,0.7380500051685966
66972,0.211309,-0.0323858,0.0208333,0.7380491390799792
66995,0.163433,-0.0397044,0.0191667,0.17713903727147354
66996,0.163433,-0.0397044,0.0208333,0.17714965452183076
67019,0.288911,0.0134704,0.0191667,0.6317527537753674
67020,0.288911,0.0134704,0.0208333,0.6311842157059142
67043,0.135883,-0.0386017,0.0191667,0.7505303975336437
67044,0.135883,-0.0386017,0.0208333,0.7505348179825975
67067,0.298374,-0.0391631,0.0191667,0.04069801869657048
67068,0.298374,-0.0391631,0.0208333,0.03888982862922001
67091,0.270812,-0.0329713,0.0191667,0.13821892773225153
67092,0.270812,-0.0329713,0.0208333,0.12503905526243753
67115,0.230987,-0.0159185,0.0191667,0.7459535800346561
67116,0.230987,-0.0159185,0.0208333,0.7459579258795616
67139,0.217809,0.0284457,0.0191667,0.4021937604479856
67140,0.217809,0.0284457,0.0208333,0.40220208480917696
67163,0.263332,-0.0330457,0.0191667,0.0899634123993749
67164,0.263332,-0.0330457,0.0208333,0.08424120946205604
67187,0.105624,-0.0374122,0.0191667,0.302169234664784
67188,0.105624,-0.0374122,0.0208333,0.30218915644995314
67211,0.191364,-0.0236017,0.0191667,0.8652580132764119
67212,0.191364,-0.0236017,0.0208333,0.8652609250328943
67235,0.274811,-0.0320818,0.0191667,0.16258899288811682
67236,0.274811,-0.0320818,0.0208333,0.14036211044222335
67259,0.267385,-0.0341012,0.0191667,0.12487991532515466
67260,0.267385,-0.0341012,0.0208333,0.11582679907667699
67283,0.18595,-0.0226598,0.0191667,0.8706902691097165
67284,0.18595,-0.0226598,0.0208333,0.8706942055238047
67307,0.102226,-0.0236639,0.0191667,0.49423903248139717
67308,0.102226,-0.0236639,0.0208333,0.4942422754860312
67331,0.23258,-0.0343603,0.0191667,0.5422243585408395
67332,0.23258,-0.0343603,0.0208333,0.5422087838111741
67355,0.285027,-0.0366854,0.0191667,0.18212146878255758
67356,0.285027,-0.0366854,0.0208333,0.16999136023463926
67379,0.283371,-0.0207085,0.0191667,0.15968366202717796
67380,0.283371,-0.0207085,0.0208333,0.15649664344783884
67403,0.155549,-0.0333107,0.0191667,0.16728836517185539
67404,0.155549,-0.0333107,0.0208333,0.1672858103002632
67427,0.197853,-0.0342633,0.0191667,0.6900586546527934
67428,0.197853,-0.0342633,0.0208333,0.6900555904316683
67451,0.196371,-0.0379761,0.0191667,0.5415299051007769
67452,0.196371,-0.0379761,0.0208333,0.5415196038158542
67475,0.128248,-0.0391926,0.0191667,0.7878207149982744
67476,0.128248,-0.0391926,0.0208333,0.7878271540241961
67499,0.299153,-0.025937,0.0191667,0.17564533911678387
67500,0.299153,-0.025937,0.0208333,0.17729691579821685
67523,0.273678,-0.0302687,0.0191667,0.14260082377217356
67524,0.273678,-0.0302687,0.0208333,0.12996591259287799
67547,0.247734,-0.0384463,0.0191667,0.05315584026796694
67548,0.247734,-0.0384463,0.0208333,0.050319240306371874
67571,0.201327,-0.0261545,0.0191667,0.8485287405349881
67572,0.201327,-0.0261545,0.0208333,0.8485317262723646
67595,0.133564,-0.0258097,0.0191667,0.23429510326633993
67596,0.133564,-0.0258097,0.0208333,0.23431963159401073
67619,0.103062,-0.0353282,0.0191667,0.26800264161184845
67620,0.103062,-0.0353282,0.0208333,0.2680204803969892
67643,0.226612,-0.0226912,0.0191667,0.775828712962447
67644,0.226612,-0.0226912,0.0208333,0.7758344501780071
67667,0.159307,-0.0222916,0.0191667,0.8331733428329385
67668,0.159307,-0.0222916,0.0208333,0.8331750789938868
67691,0.196356,-0.0333554,0.0191667,0.7177673418283069
67692,0.196356,-0.0333554,0.0208333,0.7177662463904404
67715,0.143549,-0.0323664,0.0191667,0.26026555828726183
67716,0.143549,-0.0323664,0.0208333,0.2602562404274841
67739,0.275736,-0.0335995,0.0191667,0.16652167490125153
67740,0.275736,-0.0335995,0.0208333,0.14122960306816307
67763,0.115446,-0.0372522,0.0191667,0.632429817820612
67764,0.115446,-0.0372522,0.0208333,0.63243970503443
67787,0.199059,-0.0328573,0.0191667,0.7267062797189259
67788,0.199059,-0.0328573,0.0208333,0.7267052335214073
67811,0.152212,-0.0337602,0.0191667,0.20247228376786883
67812,0.152212,-0.0337602,0.0208333,0.20246921816527097
67835,0.229704,-0.0392107,0.0191667,0.308513374711238
67836,0.229704,-0.0392107,0.0208333,0.3084668757973531
67859,0.296997,-0.0349638,0.0191667,0.14374616113065422
67860,0.296997,-0.0349638,0.0208333,0.13941425989481848
67883,0.270611,0.0287144,0.0191667,0.3490420269887402
67884,0.270611,0.0287144,0.0208333,0.349059350680835
67907,0.127545,-0.0234321,0.0191667,0.26496159933759156
67908,0.127545,-0.0234321,0.0208333,0.264994362098539
67931,0.245591,-0.0396917,0.0191667,0.022594527113327
67932,0.245591,-0.0396917,0.0208333,0.0208517578427816
67955,0.103732,-0.00412013,0.0191667,1.2488154886054732
67956,0.103732,-0.00412013,0.0208333,1.2488154926520971
67979,0.271619,-0.032079,0.0191667,0.14039355645521012
67980,0.271619,-0.032079,0.0208333,0.12625911124228184
68003,0.144118,0.0388652,0.0191667,0.34660733814634176
68004,0.144118,0.0388652,0.0208333,0.34658010229086217
68027,0.106349,0.0369645,0.0191667,0.14123326383905635
68028,0.106349,0.0369645,0.0208333,0.14121711573842033
68051,0.183731,-0.0252413,0.0191667,0.8252775631716753
68052,0.183731,-0.0252413,0.0208333,0.825280161512731
68075,0.183127,-0.0164536,0.0191667,0.8681027683347858
68076,0.183127,-0.0164536,0.0208333,0.8681078409737747
68099,0.125918,-0.0285206,0.0191667,0.14236968518951953
68100,0.125918,-0.0285206,0.0208333,0.142338200655525
68123,0.137495,-0.0306416,0.0191667,0.20541128817390952
68124,0.137495,-0.0306416,0.0208333,0.2053980663649042
68147,0.24746,-0.025108,0.0191667,0.5993569570493572
68148,0.24746,-0.025108,0.0208333,0.5993914749654787
68171,0.296717,0.026087,0.0191667,1.2092815882086951
68172,0.296717,0.026087,0.0208333,1.210755524259229
68195,0.152617,-0.0248693,0.0191667,0.6990461272952037
68196,0.152617,-0.0248693,0.0208333,0.6990472466833534
68219,0.220048,-0.0252095,0.0191667,0.7972828234487246
68220,0.220048,-0.0252095,0.0208333,0.7972878352028836
68243,0.163875,-0.00982393,0.0191667,0.9339615080056141
68244,0.163875,-0.00982393,0.0208333,0.933965139329306
68267,0.206007,0.0339197,0.0191667,0.529014115508474
68268,0.206007,0.0339197,0.0208333,0.5290160484143032
68291,0.283928,-0.0230462,0.0191667,0.1928499053645088
68292,0.283928,-0.0230462,0.0208333,0.17158478091013782
68315,0.208601,0.0320544,0.0191667,0.5097993498760436
68316,0.208601,0.0320544,0.0208333,0.5098042575239129
68339,0.284734,-0.00918161,0.0191667,0.09299562537030923
68340,0.284734,-0.00918161,0.0208333,0.09100784213128503
68363,0.107189,0.00132057,0.0191667,1.2525224999766829
68364,0.107189,0.00132057,0.0208333,1.2525225013568502
68387,0.192667,-0.0392155,0.0191667,0.4528172322688801
68388,0.192667,-0.0392155,0.0208333,0.45280461748082396
68411,0.266426,-0.0327743,0.0191667,0.10390049533134092
68412,0.266426,-0.0327743,0.0208333,0.0973599063083593
68435,0.146236,-0.036685,0.0191667,0.5188508591962515
68436,0.146236,-0.036685,0.0208333,0.5188544401715187
68459,0.154074,-0.034179,0.0191667,0.1806758690673328
68460,0.154074,-0.034179,0.0208333,0.18067458890406146
68483,0.292691,-0.0243344,0.0191667,0.21885379476773986
68484,0.292691,-0.0243344,0.0208333,0.16744369882805385
68507,0.105401,-0.0381706,0.0191667,0.2731286357475379
68508,0.105401,-0.0381706,0.0208333,0.273149887293628
68531,0.118707,-0.0186348,0.0191667,0.3847719598034541
68532,0.118707,-0.0186348,0.0208333,0.3847928084829216
68555,0.284154,-0.0270576,0.0191667,0.21113801657914286
68556,0.284154,-0.0270576,0.0208333,0.1685772182097557
68579,0.236547,-0.0370636,0.0191667,0.3276097444896792
68580,0.236547,-0.0370636,0.0208333,0.3275073497315845
68603,0.106374,0.0338195,0.0191667,0.14184089937541605
68604,0.106374,0.0338195,0.0208333,0.14183067004262126
68627,0.195357,-0.0229514,0.0191667,0.867828841868696
68628,0.195357,-0.0229514,0.0208333,0.8678328340072414
68651,0.121693,-0.0342869,0.0191667,0.5713290477711945
68652,0.121693,-0.0342869,0.0208333,0.5713257172155218
68675,0.236721,-0.0330575,0.0191667,0.5237771478857214
68676,0.236721,-0.0330575,0.0208333,0.5237587193291469
68699,0.264191,-0.0384876,0.0191667,0.13658540205869876
68700,0.264191,-0.0384876,0.0208333,0.12682179100468066
68723,0.255572,0.0320577,0.0191667,0.14142582900478823
68724,0.255572,0.0320577,0.0208333,0.14144528250799177
68747,0.284272,-0.00393234,0.0191667,0.2631759472999765
68748,0.284272,-0.00393234,0.0208333,0.2601904582524886
68771,0.190171,-0.0371917,0.0191667,0.5335942273724715
68772,0.190171,-0.0371917,0.0208333,0.5335879834479469
68795,0.192239,-0.0155993,0.0191667,0.8181345978461841
68796,0.192239,-0.0155993,0.0208333,0.8181398305117982
68819,0.261824,0.0388618,0.0191667,0.09623306627407847
68820,0.261824,0.0388618,0.0208333,0.096221232139331
68843,0.188776,-0.0369458,0.0191667,0.5307401038189755
68844,0.188776,-0.0369458,0.0208333,0.5307348614347489
68867,0.230293,-0.0325283,0.0191667,0.6119100513005362
68868,0.230293,-0.0325283,0.0208333,0.611904502013241
68891,0.127131,-0.0252031,0.0191667,0.15220114709570884
68892,0.127131,-0.0252031,0.0208333,0.1522395312855894
68915,0.109705,-0.0180703,0.0191667,0.2664895064261826
68916,0.109705,-0.0180703,0.0208333,0.2664882395458381
68939,0.253238,0.0340461,0.0191667,0.17447441821083684
68940,0.253238,0.0340461,0.0208333,0.17447907680268399
68963,0.261538,-0.0338228,0.0191667,0.09005476041836989
68964,0.261538,-0.0338228,0.0208333,0.0840715870183857
68987,0.297195,-0.0363979,0.0191667,0.11842371934312822
68988,0.297195,-0.0363979,0.0208333,0.11626175567425429
69011,0.297971,-0.0363013,0.0191667,0.11742302038126937
69012,0.297971,-0.0363013,0.0208333,0.11701482861560751
69035,0.200634,0.0370711,0.0191667,0.5932329821997361
69036,0.200634,0.0370711,0.0208333,0.5932044958949168
69059,0.268022,-0.0333572,0.0191667,0.1231986172886433
69060,0.268022,-0.0333572,0.0208333,0.11361339417557421
69083,0.298485,-0.0384034,0.0191667,0.05269108445420344
69084,0.298485,-0.0384034,0.0208333,0.0457471870879511
69107,0.274812,-0.0292847,0.0191667,0.14868300382433627
69108,0.274812,-0.0292847,0.0208333,0.1351343065909246
69131,0.218715,-0.0332923,0.0191667,0.6840663864038221
69132,0.218715,-0.0332923,0.0208333,0.6840636900307259
69155,0.128988,0.0340166,0.0191667,0.3178816915190562
69156,0.128988,0.0340166,0.0208333,0.31788329636818663
69179,0.277911,-0.0311269,0.0191667,0.17752630822871548
69180,0.277911,-0.0311269,0.0208333,0.14823124959835696
69203,0.121518,-0.0224685,0.0191667,0.2267447528901176
69204,0.121518,-0.0224685,0.0208333,0.2267750649565428
69227,0.136172,-0.0321,0.0191667,0.3233840584914006
69228,0.136172,-0.0321,0.0208333,0.32337077743060966
69251,0.254136,-0.0240657,0.0191667,0.5351917742650998
69252,0.254136,-0.0240657,0.0208333,0.5352856470292193
69275,0.291471,-0.0210017,0.0191667,0.22182442636418198
69276,0.291471,-0.0210017,0.0208333,0.16891924940308017
69299,0.244197,-0.0257526,0.0191667,0.6216538844525723
69300,0.244197,-0.0257526,0.0208333,0.6216804240850683
69323,0.261251,-0.0229429,0.0191667,0.4120562521263985
69324,0.261251,-0.0229429,0.0208333,0.4128160945808709
69347,0.269715,-0.0327308,0.0191667,0.1304098973402878
69348,0.269715,-0.0327308,0.0208333,0.1190386719291042
69371,0.268603,-0.0214933,0.0191667,0.2696070287153367
69372,0.268603,-0.0214933,0.0208333,0.2694941706217223
69395,0.266433,-0.0338435,0.0191667,0.11809837404185376
69396,0.266433,-0.0338435,0.0208333,0.10988414011961144
69419,0.298906,-0.00686541,0.0191667,0.12087240296101505
69420,0.298906,-0.00686541,0.0208333,0.15623070009732404
69443,0.276502,-0.0328637,0.0191667,0.16960620226862605
69444,0.276502,-0.0328637,0.0208333,0.1422444036406354
69467,0.114992,-0.0384154,0.0191667,0.6260468398012428
69468,0.114992,-0.0384154,0.0208333,0.6260588944342336
69491,0.252165,-0.03831,0.0191667,0.07803571994478939
69492,0.252165,-0.03831,0.0208333,0.07115447943898122
69515,0.184708,-0.0283094,0.0191667,0.781146842232016
69516,0.184708,-0.0283094,0.0208333,0.7811476754781072
69539,0.259012,-0.0381209,0.0191667,0.11035324034410998
69540,0.259012,-0.0381209,0.0208333,0.1009741542707915
69563,0.200427,-0.0244775,0.0191667,0.8605282856064098
69564,0.200427,-0.0244775,0.0208333,0.8605312732616929
69587,0.180648,-0.0266327,0.0191667,0.7788701057310451
69588,0.180648,-0.0266327,0.0208333,0.7788706868343268
69611,0.274123,-0.0380494,0.0191667,0.17424642176664634
69612,0.274123,-0.0380494,0.0208333,0.1670820633438027
69635,0.242504,-0.0230013,0.0191667,0.6746021042691465
69636,0.242504,-0.0230013,0.0208333,0.6746221517218338
69659,0.132659,-0.0241033,0.0191667,0.29421099466861195
69660,0.132659,-0.0241033,0.0208333,0.29423570795631987
69683,0.114433,-0.0379313,0.0191667,0.6098627463964577
69684,0.114433,-0.0379313,0.0208333,0.6098747367617623
69707,0.274762,-0.0332381,0.0191667,0.16271033480584476
69708,0.274762,-0.0332381,0.0208333,0.13960378165219736
69731,0.196853,-0.0343194,0.0191667,0.6869385097255379
69732,0.196853,-0.0343194,0.0208333,0.6869364306094528
69755,0.251911,-0.0169789,0.0191667,0.6725909729767429
69756,0.251911,-0.0169789,0.0208333,0.6726072856908314
69779,0.18939,-0.0373837,0.0191667,0.5256512841652748
69780,0.18939,-0.0373837,0.0208333,0.5256440236057406
69803,0.138897,-0.0326548,0.0191667,0.32725722086318954
69804,0.138897,-0.0326548,0.0208333,0.3272472741837279
69827,0.212464,-0.0325178,0.0191667,0.7362732070138763
69828,0.212464,-0.0325178,0.0208333,0.7362723593880425
69851,0.130926,-0.036912,0.0191667,0.7299708730169919
69852,0.130926,-0.036912,0.0208333,0.7299749527938263
69875,0.298902,-0.0233217,0.0191667,0.16473567652339308
69876,0.298902,-0.0233217,0.0208333,0.16593917722358395
69899,0.297685,-0.0183649,0.0191667,0.14769612859987225
69900,0.297685,-0.0183649,0.0208333,0.162407435053479
69923,0.397253,0.034782,0.0191667,1.3770403484995946
69924,0.397253,0.034782,0.0208333,1.3775200729567088
69947,0.00274431,0.00476778,0.0191667,1.160330619734067
69948,0.00274431,0.00476778,0.0208333,1.1603306197339793
69971,0.00283115,-0.00475191,0.0191667,1.1603805964275193
69972,0.00283115,-0.00475191,0.0208333,1.1603805964274239
69995,0.397164,0.025271,0.0191667,0.9792940474454804
69996,0.397164,0.025271,0.0208333,0.9770179574121219
70019,0.235931,-0.0337751,0.0191667,0.5187408730258929
70020,0.235931,-0.0337751,0.0208333,0.5187217386694427
70043,0.124862,-0.0271668,0.0191667,0.05266667375362621
70044,0.124862,-0.0271668,0.0208333,0.05264430876065902
70067,0.153858,-0.0232257,0.0191667,0.7494427398610628
70068,0.153858,-0.0232257,0.0208333,0.7494441848217814
70091,0.221267,-0.0235984,0.0191667,0.7953856015776967
70092,0.221267,-0.0235984,0.0208333,0.7953905822775503
70115,0.248933,-0.0238001,0.0191667,0.5990518558289728
70116,0.248933,-0.0238001,0.0208333,0.5990883637278097
70139,0.233294,-0.0336918,0.0191667,0.5400770387703995
70140,0.233294,-0.0336918,0.0208333,0.5400618742583762
70163,0.175699,-0.0192836,0.0191667,0.8898313167539659
70164,0.175699,-0.0192836,0.0208333,0.8898351415558517
70187,0.115783,-0.0281582,0.0191667,0.23244000960373437
70188,0.115783,-0.0281582,0.0208333,0.23241266022671303
70211,0.195278,-0.0330877,0.0191667,0.7168705938543457
70212,0.195278,-0.0330877,0.0208333,0.7168694844193796
70235,0.285738,-0.0261141,0.0191667,0.21507046311973688
70236,0.285738,-0.0261141,0.0208333,0.1704736050270953
70259,0.17978,-0.0356947,0.0191667,0.46304251577005767
70260,0.17978,-0.0356947,0.0208333,0.4630390538015606
70283,0.180552,-0.0385063,0.0191667,0.3697413364366864
70284,0.180552,-0.0385063,0.0208333,0.3697357323202511
70307,0.255694,-0.0226893,0.0191667,0.5361916062852317
70308,0.255694,-0.0226893,0.0208333,0.5362879240374181
70331,0.270338,-0.0198796,0.0191667,0.27492481045128847
70332,0.270338,-0.0198796,0.0208333,0.274553826495935
70355,0.262904,-0.0214728,0.0191667,0.41839864650088393
70356,0.262904,-0.0214728,0.0208333,0.4190326673806442
70379,0.159435,-0.0367786,0.0191667,0.1370604817064408
70380,0.159435,-0.0367786,0.0208333,0.13706206268961554
70403,0.114691,-0.0268947,0.0191667,0.20629264118964594
70404,0.114691,-0.0268947,0.0208333,0.2062667987815589
70427,0.298666,-0.0297113,0.0191667,0.17955000842820923
70428,0.298666,-0.0297113,0.0208333,0.18212830547723766
70451,0.259494,-0.0303866,0.0191667,0.08053152819716014
70452,0.259494,-0.0303866,0.0208333,0.0816231735556147
70475,0.138713,-0.0385246,0.0191667,0.7152487342004802
70476,0.138713,-0.0385246,0.0208333,0.715253090194068
70499,0.194635,-0.018916,0.0191667,0.8577289007729619
70500,0.194635,-0.018916,0.0208333,0.8577339958126444
70523,0.121681,-0.0352022,0.0191667,0.6392754134206813
70524,0.121681,-0.0352022,0.0208333,0.6392776895104852
70547,0.111091,-0.0201825,0.0191667,0.26679607855525084
70548,0.111091,-0.0201825,0.0208333,0.2667896056048708
70571,0.252269,-0.0232602,0.0191667,0.5757410039179315
70572,0.252269,-0.0232602,0.0208333,0.5757821385711238
70595,0.259255,-0.0220894,0.0191667,0.493868549847791
70596,0.259255,-0.0220894,0.0208333,0.4941266299373131
70619,0.242487,-0.0250034,0.0191667,0.6432940693495677
70620,0.242487,-0.0250034,0.0208333,0.6433141728536513
70643,0.266497,-0.0205955,0.0191667,0.35224716478718304
70644,0.266497,-0.0205955,0.0208333,0.3528119524001561
70667,0.249906,-0.0319675,0.0191667,0.2888055908633966
70668,0.249906,-0.0319675,0.0208333,0.28912380200678206
70691,0.167903,-0.038124,0.0191667,0.09478536786768516
70692,0.167903,-0.038124,0.0208333,0.09478153594566611
70715,0.197393,-0.037358,0.0191667,0.5884939141437963
70716,0.197393,-0.037358,0.0208333,0.5884867497652081
70739,0.180023,-0.0211487,0.0191667,0.8738196840845015
70740,0.180023,-0.0211487,0.0208333,0.8738233395475434
70763,0.289626,-0.0195258,0.0191667,0.2137199401641316
70764,0.289626,-0.0195258,0.0208333,0.18342956351474538
70787,0.182319,-0.0239493,0.0191667,0.8264998134897463
70788,0.182319,-0.0239493,0.0208333,0.8265015770988526
70811,0.298717,-0.0107582,0.0191667,0.0512081407096567
70812,0.298717,-0.0107582,0.0208333,0.12766022103161187
70835,0.113616,-0.0196855,0.0191667,0.26872795313631237
70836,0.113616,-0.0196855,0.0208333,0.2687282410854363
70859,0.296537,-0.0342083,0.0191667,0.16540791425436693
70860,0.296537,-0.0342083,0.0208333,0.15658154298272195
70883,0.103991,-0.034154,0.0191667,0.3400416461994831
70884,0.103991,-0.034154,0.0208333,0.3400547863119543
70907,0.23499,-0.0334576,0.0191667,0.529265579045211
70908,0.23499,-0.0334576,0.0208333,0.5292489034215188
70931,0.248486,-0.0216353,0.0191667,0.6482635735801148
70932,0.248486,-0.0216353,0.0208333,0.6482917933500779
70955,0.117284,-0.0276812,0.0191667,0.18114952098749898
70956,0.117284,-0.0276812,0.0208333,0.1811148730626019
70979,0.398739,0.0372313,0.0191667,1.3927816979313283
70980,0.398739,0.0372313,0.0208333,1.393441263528823
71003,0.0012646,-0.0072277,0.0191667,1.1584503890691946
71004,0.0012646,-0.0072277,0.0208333,1.1584503890691777
71027,0.398732,0.0227775,0.0191667,0.7528335896467242
71028,0.398732,0.0227775,0.0208333,0.7482496305820288
71051,0.00126001,0.00722625,0.0191667,1.1584903836087903
71052,0.00126001,0.00722625,0.0208333,1.1584903836087712
71075,0.296718,-0.0274935,0.0191667,0.18862838238761948
71076,0.296718,-0.0274935,0.0208333,0.16792988675932582
71099,0.256525,-0.0306623,0.0191667,0.14976704501709848
71100,0.256525,-0.0306623,0.0208333,0.15287718240355555
71123,0.190392,-0.0383926,0.0191667,0.48711867613445864
71124,0.190392,-0.0383926,0.0208333,0.48710921684299396
71147,0.197798,-0.0368856,0.0191667,0.606089160042729
71148,0.197798,-0.0368856,0.0208333,0.6060820290067593
71171,0.241324,-0.0336789,0.0191667,0.42358097578083415
71172,0.241324,-0.0336789,0.0208333,0.4235156143168131
71195,0.299026,0.00175535,0.0191667,0.3050915667856619
71196,0.299026,0.00175535,0.0208333,0.3147021698991127
71219,0.245642,-0.0245561,0.0191667,0.6212326617368608
71220,0.245642,-0.0245561,0.0208333,0.6212626475333569
71243,0.135737,-0.0329591,0.0191667,0.41727485130010233
71244,0.135737,-0.0329591,0.0208333,0.4172665363554614
71267,0.283213,-0.00641596,0.0191667,0.2544178884988994
71268,0.283213,-0.00641596,0.0208333,0.2515418614765542
71291,0.178266,-0.0382133,0.0191667,0.3313063249066187
71292,0.178266,-0.0382133,0.0208333,0.33129966434900054
71315,0.139329,-0.0336237,0.0191667,0.4210738079913474
71316,0.139329,-0.0336237,0.0208333,0.4210673334822353
71339,0.139337,-0.0380411,0.0191667,0.6970809658930894
71340,0.139337,-0.0380411,0.0208333,0.6970842787567785
71363,0.24066,-0.0344215,0.0191667,0.4100243838582317
71364,0.24066,-0.0344215,0.0208333,0.4099396293013599
71387,0.101818,-0.00180198,0.0191667,1.2367230308301136
71388,0.101818,-0.00180198,0.0208333,1.2367230358415722
71411,0.294598,0.0134561,0.0191667,0.6478343911924174
71412,0.294598,0.0134561,0.0208333,0.6426719755975442
71435,0.137207,-0.0318783,0.0191667,0.2875621836697586
71436,0.137207,-0.0318783,0.0208333,0.28754786489449025
71459,0.187311,-0.017974,0.0191667,0.8685493389521663
71460,0.187311,-0.017974,0.0208333,0.8685554079752434
71483,0.29353,0.005227,0.0191667,0.4105925936657407
71484,0.29353,0.005227,0.0208333,0.40220112491210674
71507,0.101566,-0.0393102,0.0191667,0.05644171977345216
71508,0.101566,-0.0393102,0.0208333,0.05648519705597653
71531,0.297295,0.0137234,0.0191667,0.720650368846093
71532,0.297295,0.0137234,0.0208333,0.7158328964739257
71555,0.125443,-0.0256018,0.0191667,0.11458926008979661
71556,0.125443,-0.0256018,0.0208333,0.11464039403627599
71579,0.285872,-0.0327607,0.0191667,0.18703611645594012
71580,0.285872,-0.0327607,0.0208333,0.144350175332384
71603,0.164157,-0.0195354,0.0191667,0.9011770246195944
71604,0.164157,-0.0195354,0.0208333,0.9011789949196514
71627,0.231489,-0.0202412,0.0191667,0.751809895994341
71628,0.231489,-0.0202412,0.0208333,0.7518169177016254
71651,0.164169,-0.0325942,0.0191667,0.40613477781964546
71652,0.164169,-0.0325942,0.0208333,0.4061374830459452
71675,0.0993324,0.00292381,0.0191667,1.2097047465805781
71676,0.0993324,0.00292381,0.0208333,1.2097047530767682
71699,0.298876,-0.016908,0.0191667,0.11018904910434611
71700,0.298876,-0.016908,0.0208333,0.16068977024114012
71723,0.140265,-0.0337127,0.0191667,0.4051321782964568
71724,0.140265,-0.0337127,0.0208333,0.40512563135003143
71747,0.19206,-0.021555,0.0191667,0.8704567900964931
71748,0.19206,-0.021555,0.0208333,0.8704618072077576
71771,0.135517,-0.0313844,0.0191667,0.2745533045018692
71772,0.135517,-0.0313844,0.0208333,0.27453503478776786
71795,0.190914,-0.0194952,0.0191667,0.8715258731374985
71796,0.190914,-0.0194952,0.0208333,0.871530948153568
71819,0.134657,-0.0330069,0.0191667,0.4381383269001008
71820,0.134657,-0.0330069,0.0208333,0.4381301634134249
71843,0.124458,-0.024079,0.0191667,0.17819857435176523
71844,0.124458,-0.024079,0.0208333,0.17823984100504156
71867,0.29777,0.00391418,0.0191667,0.358156195313232
71868,0.29777,0.00391418,0.0208333,0.3623020216312904
71891,0.216462,-0.0370542,0.0191667,0.5873742126864422
71892,0.216462,-0.0370542,0.0208333,0.5873622177385189
71915,0.115585,-0.0380408,0.0191667,0.6439547757010785
71916,0.115585,-0.0380408,0.0208333,0.6439658532425585
71939,0.259042,-0.0374049,0.0191667,0.11466607453243048
71940,0.259042,-0.0374049,0.0208333,0.10658925786030223
71963,0.259688,-0.036982,0.0191667,0.11714376978185438
71964,0.259688,-0.036982,0.0208333,0.10926146268286911
71987,0.131264,0.0321637,0.0191667,0.3180278578791369
71988,0.131264,0.0321637,0.0208333,0.31802737735715836
72011,0.100688,-0.0385133,0.0191667,0.04041178695999473
72012,0.100688,-0.0385133,0.0208333,0.04047679041401381
72035,0.194093,-0.0212078,0.0191667,0.8710622603950418
72036,0.194093,-0.0212078,0.0208333,0.8710662734440147
72059,0.18872,-0.0310294,0.0191667,0.7387396385772189
72060,0.18872,-0.0310294,0.0208333,0.7387393921712541
72083,0.173547,-0.031863,0.0191667,0.5629956328070246
72084,0.173547,-0.031863,0.0208333,0.5629947862297892
72107,0.240874,-0.0221648,0.0191667,0.6941577068481626
72108,0.240874,-0.0221648,0.0208333,0.6941737462164955
72131,0.298322,-0.0273409,0.0191667,0.17967621631047892
72132,0.298322,-0.0273409,0.0208333,0.18125741109306398
72155,0.249921,-0.0202905,0.0191667,0.6470467970380702
72156,0.249921,-0.0202905,0.0208333,0.6470752842214527
72179,0.165095,-0.0320861,0.0191667,0.42046907726687155
72180,0.165095,-0.0320861,0.0208333,0.420470345821321
72203,0.280707,-0.0229941,0.0191667,0.15534052030613263
72204,0.280707,-0.0229941,0.0208333,0.1496536343786211
72227,0.245581,-0.0384584,0.0191667,0.03761826547583501
72228,0.245581,-0.0384584,0.0208333,0.0380592531899931
72251,0.296922,-0.0370845,0.0191667,0.1159498047475717
72252,0.296922,-0.0370845,0.0208333,0.11473666993712167
72275,0.197606,-0.0380631,0.0191667,0.5495278035515405
72276,0.197606,-0.0380631,0.0208333,0.5495175241000713
72299,0.194401,-0.0371907,0.0191667,0.5840382859200243
72300,0.194401,-0.0371907,0.0208333,0.5840321353927841
72323,0.136551,-0.0382888,0.0191667,0.7420452915245423
72324,0.136551,-0.0382888,0.0208333,0.7420496973467864
72347,0.198554,-0.0370068,0.0191667,0.6078129896662338
72348,0.198554,-0.0370068,0.0208333,0.6078058674382185
72371,0.128568,-0.0351456,0.0191667,0.6302452770833642
72372,0.128568,-0.0351456,0.0208333,0.6302445217878998
72395,0.16701,-0.0372305,0.0191667,0.14164202776266654
72396,0.16701,-0.0372305,0.0208333,0.1416407147720937
72419,0.198089,-0.0332755,0.0191667,0.7222108137647106
72420,0.198089,-0.0332755,0.0208333,0.7222087574255247
72443,0.297554,-0.000444658,0.0191667,0.25619957983659924
72444,0.297554,-0.000444658,0.0208333,0.2606864846314055
72467,0.266263,-0.013931,0.0191667,0.5392748592639565
72468,0.266263,-0.013931,0.0208333,0.5393583378730716
72491,0.269307,-0.0317484,0.0191667,0.11534931623088583
72492,0.269307,-0.0317484,0.0208333,0.10766940336382384
72515,0.103882,-0.0332619,0.0191667,0.35105596912502723
72516,0.103882,-0.0332619,0.0208333,0.35106701031669735
72539,0.297434,-0.00480388,0.0191667,0.1643137080326532
72540,0.297434,-0.00480388,0.0208333,0.17180219847545608
72563,0.240722,-0.0328412,0.0191667,0.4816260543934678
72564,0.240722,-0.0328412,0.0208333,0.4816031953625262
72587,0.187281,-0.0288952,0.0191667,0.7815784302275371
72588,0.187281,-0.0288952,0.0208333,0.7815791801768138
72611,0.23913,-0.02341,0.0191667,0.6981450713013897
72612,0.23913,-0.02341,0.0208333,0.6981592895765908
72635,0.165262,-0.0310823,0.0191667,0.47565008756241006
72636,0.165262,-0.0310823,0.0208333,0.475650500680281
72659,0.176079,-0.0385162,0.0191667,0.2753110134800969
72660,0.176079,-0.0385162,0.0208333,0.27530517799400017
72683,0.2126,-0.0382971,0.0191667,0.5497524634243754
72684,0.2126,-0.0382971,0.0208333,0.5497382413742108
72707,0.237336,-0.0370226,0.0191667,0.31986092863432636
72708,0.237336,-0.0370226,0.0208333,0.31975318786595386
72731,0.104336,0.00513022,0.0191667,1.1919353004566946
72732,0.104336,0.00513022,0.0208333,1.1919352698376
72755,0.257764,-0.0290055,0.0191667,0.20394766853879845
72756,0.257764,-0.0290055,0.0208333,0.2063333276739364
72779,0.237363,-0.0225389,0.0191667,0.7149486692499136
72780,0.237363,-0.0225389,0.0208333,0.7149605593486129
72803,0.103246,-0.034548,0.0191667,0.2935939082126918
72804,0.103246,-0.034548,0.0208333,0.2936108356845178
72827,0.298054,-0.0246738,0.0191667,0.1795882566096681
72828,0.298054,-0.0246738,0.0208333,0.17774682236678663
72851,0.251895,-0.0212252,0.0191667,0.6187761218425226
72852,0.251895,-0.0212252,0.0208333,0.6188093641018475
72875,0.127808,-0.0349304,0.0191667,0.6294383182845869
72876,0.127808,-0.0349304,0.0208333,0.6294375100546634
72899,0.230045,-0.0219569,0.0191667,0.7616731622139002
72900,0.230045,-0.0219569,0.0208333,0.7616807911014039
72923,0.162762,-0.0214733,0.0191667,0.8609528193562241
72924,0.162762,-0.0214733,0.0208333,0.8609546963699191
72947,0.295431,0.00339254,0.0191667,0.3666322157192546
72948,0.295431,0.00339254,0.0208333,0.35455473668872345
72971,0.257529,-0.0302663,0.0191667,0.14957074169495718
72972,0.257529,-0.0302663,0.0208333,0.15235718551092364
72995,0.228059,-0.0213083,0.0191667,0.7707106498557249
72996,0.228059,-0.0213083,0.0208333,0.7707173332489653
73019,0.160737,-0.0208159,0.0191667,0.8775275899301731
73020,0.160737,-0.0208159,0.0208333,0.8775294258208434
73043,0.297623,-0.0089588,0.0191667,0.13448110474103786
73044,0.297623,-0.0089588,0.0208333,0.1480369175368428
73067,0.298876,-0.0147197,0.0191667,0.060963057513291605
73068,0.298876,-0.0147197,0.0208333,0.1320781759779412
73091,0.127511,-0.0192365,0.0191667,0.5686250106964065
73092,0.127511,-0.0192365,0.0208333,0.568641796913662
73115,0.141085,-0.0329613,0.0191667,0.34485831360255026
73116,0.141085,-0.0329613,0.0208333,0.34485130396569313
