cell,x,y,z,T
11,0.156819,-0.0382041,0.0191667,800.184
12,0.156819,-0.0382041,0.0208333,800.179
35,0.126636,-0.0166513,0.0191667,800.232
36,0.126636,-0.0166513,0.0208333,800.228
59,0.177488,-0.0243714,0.0191667,800.035
60,0.177488,-0.0243714,0.0208333,800.035
83,0.27982,-0.0359089,0.0191667,803.276
84,0.27982,-0.0359089,0.0208333,803.475
107,0.116367,-0.0361415,0.0191667,800.27
108,0.116367,-0.0361415,0.0208333,800.274
131,0.279881,-0.0368367,0.0191667,802.75
132,0.279881,-0.0368367,0.0208333,802.479
155,0.162902,-0.0378436,0.0191667,800.178
156,0.162902,-0.0378436,0.0208333,800.167
179,0.241341,0.032956,0.0191667,799.998
180,0.241341,0.032956,0.0208333,799.999
203,0.212055,-0.0287084,0.0191667,800.056
204,0.212055,-0.0287084,0.0208333,800.056
227,0.144466,-0.0284476,0.0191667,800.218
228,0.144466,-0.0284476,0.0208333,800.213
251,0.141554,0.0283443,0.0191667,800.001
252,0.141554,0.0283443,0.0208333,800.0
275,0.144546,-0.0362232,0.0191667,800.226
276,0.144546,-0.0362232,0.0208333,800.217
299,0.183824,-0.0359733,0.0191667,800.18
300,0.183824,-0.0359733,0.0208333,800.177
323,0.219246,-0.035449,0.0191667,800.153
324,0.219246,-0.035449,0.0208333,800.147
347,0.157713,-0.0362955,0.0191667,800.208
348,0.157713,-0.0362955,0.0208333,800.203
371,0.250795,-0.0376092,0.0191667,801.641
372,0.250795,-0.0376092,0.0208333,801.973
395,0.116179,-0.0369469,0.0191667,800.313
396,0.116179,-0.0369469,0.0208333,800.314
419,0.282578,-0.0144516,0.0191667,801.627
420,0.282578,-0.0144516,0.0208333,801.484
443,0.259325,-0.0341439,0.0191667,801.608
444,0.259325,-0.0341439,0.0208333,802.584
467,0.219704,-0.0166042,0.0191667,800.002
468,0.219704,-0.0166042,0.0208333,800.002
491,0.242771,-0.0377878,0.0191667,803.095
492,0.242771,-0.0377878,0.0208333,803.092
515,0.213712,-0.0281416,0.0191667,800.056
516,0.213712,-0.0281416,0.0208333,800.054
539,0.146162,-0.0278599,0.0191667,800.216
540,0.146162,-0.0278599,0.0208333,800.219
563,0.128713,-0.01426,0.0191667,800.208
564,0.128713,-0.01426,0.0208333,800.204
587,0.154826,-0.0375862,0.0191667,800.169
588,0.154826,-0.0375862,0.0208333,800.162
611,0.156166,-0.0378124,0.0191667,800.197
612,0.156166,-0.0378124,0.0208333,800.192
635,0.154046,-0.0375071,0.0191667,800.169
636,0.154046,-0.0375071,0.0208333,800.164
659,0.302586,0.0310914,0.0191667,800.349
660,0.302586,0.0310914,0.0208333,800.328
683,0.29389,-0.0381739,0.0191667,801.136
684,0.29389,-0.0381739,0.0208333,801.244
707,0.226967,-0.0117027,0.0191667,800.001
708,0.226967,-0.0117027,0.0208333,800.002
731,0.160737,-0.0348489,0.0191667,800.203
732,0.160737,-0.0348489,0.0208333,800.199
755,0.158002,-0.0370661,0.0191667,800.213
756,0.158002,-0.0370661,0.0208333,800.209
779,0.20169,-0.0378287,0.0191667,800.327
780,0.20169,-0.0378287,0.0208333,800.327
803,0.173293,-0.0337632,0.0191667,800.17
804,0.173293,-0.0337632,0.0208333,800.173
827,0.144821,0.0276239,0.0191667,800.001
828,0.144821,0.0276239,0.0208333,800.001
851,0.242527,-0.0315947,0.0191667,800.164
852,0.242527,-0.0315947,0.0208333,800.156
875,0.243345,-0.0383053,0.0191667,804.885
876,0.243345,-0.0383053,0.0208333,804.967
899,0.144855,-0.0369981,0.0191667,800.221
900,0.144855,-0.0369981,0.0208333,800.216
923,0.273528,-0.0364933,0.0191667,803.159
924,0.273528,-0.0364933,0.0208333,803.272
947,0.299668,0.0328691,0.0191667,800.039
948,0.299668,0.0328691,0.0208333,800.04
971,0.00655478,3.43071e-05,0.0191667,800.0
972,0.00655478,3.43071e-05,0.0208333,800.0
995,0.247402,-0.0348569,0.0191667,802.296
996,0.247402,-0.0348569,0.0208333,802.363
1019,0.393428,0.0300821,0.0191667,800.621
1020,0.393428,0.0300821,0.0208333,800.601
1043,0.260109,-0.0348152,0.0191667,801.7
1044,0.260109,-0.0348152,0.0208333,802.955
1067,0.297593,-0.0131396,0.0191667,800.844
1068,0.297593,-0.0131396,0.0208333,801.389
1091,0.214564,-0.0354576,0.0191667,800.149
1092,0.214564,-0.0354576,0.0208333,800.147
1115,0.146988,-0.0354235,0.0191667,800.229
1116,0.146988,-0.0354235,0.0208333,800.218
1139,0.296354,-0.0300363,0.0191667,801.197
1140,0.296354,-0.0300363,0.0208333,801.95
1163,0.224,-0.0377763,0.0191667,800.605
1164,0.224,-0.0377763,0.0208333,800.606
1187,0.152379,-0.0161754,0.0191667,800.07
1188,0.152379,-0.0161754,0.0208333,800.071
1211,0.28176,-0.0357854,0.0191667,803.197
1212,0.28176,-0.0357854,0.0208333,803.329
1235,0.229859,-0.0128098,0.0191667,800.002
1236,0.229859,-0.0128098,0.0208333,800.003
1259,0.160273,-0.0356695,0.0191667,800.202
1260,0.160273,-0.0356695,0.0208333,800.2
1283,0.263005,-0.0293106,0.0191667,801.34
1284,0.263005,-0.0293106,0.0208333,801.551
1307,0.294591,-0.0377593,0.0191667,801.14
1308,0.294591,-0.0377593,0.0208333,801.237
1331,0.290507,-0.0290815,0.0191667,801.659
1332,0.290507,-0.0290815,0.0208333,803.676
1355,0.273338,-0.035562,0.0191667,803.189
1356,0.273338,-0.035562,0.0208333,804.478
1379,0.214927,-0.0346241,0.0191667,800.136
1380,0.214927,-0.0346241,0.0208333,800.132
1403,0.147372,-0.0345117,0.0191667,800.224
1404,0.147372,-0.0345117,0.0208333,800.219
1427,0.219457,-0.0381365,0.0191667,800.507
1428,0.219457,-0.0381365,0.0208333,800.505
1451,0.253655,-0.0367907,0.0191667,801.677
1452,0.253655,-0.0367907,0.0208333,802.263
1475,0.10757,0.0269648,0.0191667,800.001
1476,0.10757,0.0269648,0.0208333,800.0
1499,0.109674,0.0290927,0.0191667,800.002
1500,0.109674,0.0290927,0.0208333,799.999
1523,0.135899,0.0250118,0.0191667,800.0
1524,0.135899,0.0250118,0.0208333,800.0
1547,0.253568,-0.0358579,0.0191667,801.579
1548,0.253568,-0.0358579,0.0208333,802.207
1571,0.268066,-0.0377914,0.0191667,802.448
1572,0.268066,-0.0377914,0.0208333,802.53
1595,0.250145,-0.0349731,0.0191667,801.741
1596,0.250145,-0.0349731,0.0208333,801.898
1619,0.183834,-0.0368722,0.0191667,800.175
1620,0.183834,-0.0368722,0.0208333,800.175
1643,0.259492,-0.0361677,0.0191667,801.862
1644,0.259492,-0.0361677,0.0208333,802.984
1667,0.291382,-0.035978,0.0191667,801.574
1668,0.291382,-0.035978,0.0208333,802.057
1691,0.238696,-0.032691,0.0191667,800.161
1692,0.238696,-0.032691,0.0208333,800.152
1715,0.280999,-0.0380128,0.0191667,801.557
1716,0.280999,-0.0380128,0.0208333,801.444
1739,0.167826,-0.0146822,0.0191667,800.004
1740,0.167826,-0.0146822,0.0208333,800.006
1763,0.288291,0.033344,0.0191667,800.0
1764,0.288291,0.033344,0.0208333,800.0
1787,0.208956,-0.0382107,0.0191667,800.436
1788,0.208956,-0.0382107,0.0208333,800.438
1811,0.280867,-0.0371743,0.0191667,802.605
1812,0.280867,-0.0371743,0.0208333,802.203
1835,0.112692,-0.0394779,0.0191667,801.601
1836,0.112692,-0.0394779,0.0208333,801.605
1859,0.106254,-0.0223396,0.0191667,800.213
1860,0.106254,-0.0223396,0.0208333,800.21
1883,0.268677,-0.0382877,0.0191667,802.513
1884,0.268677,-0.0382877,0.0208333,802.553
1907,0.109276,0.0234025,0.0191667,800.003
1908,0.109276,0.0234025,0.0208333,800.0
1931,0.239137,-0.0356505,0.0191667,800.528
1932,0.239137,-0.0356505,0.0208333,800.532
1955,0.14188,-0.0307839,0.0191667,800.215
1956,0.14188,-0.0307839,0.0208333,800.21
1979,0.111936,-0.0390448,0.0191667,801.608
1980,0.111936,-0.0390448,0.0208333,801.615
2003,0.171484,-0.035379,0.0191667,800.181
2004,0.171484,-0.035379,0.0208333,800.177
2027,0.244606,-0.0227138,0.0191667,800.062
2028,0.244606,-0.0227138,0.0208333,800.065
2051,0.12991,-0.0347051,0.0191667,800.217
2052,0.12991,-0.0347051,0.0208333,800.209
2075,0.216756,-0.0337259,0.0191667,800.124
2076,0.216756,-0.0337259,0.0208333,800.123
2099,0.153676,-0.0190656,0.0191667,800.092
2100,0.153676,-0.0190656,0.0208333,800.086
2123,0.221056,-0.0194438,0.0191667,800.006
2124,0.221056,-0.0194438,0.0208333,800.006
2147,0.149225,-0.0336316,0.0191667,800.225
2148,0.149225,-0.0336316,0.0208333,800.22
2171,0.251588,-0.0376465,0.0191667,801.818
2172,0.251588,-0.0376465,0.0208333,802.184
2195,0.107226,0.0210493,0.0191667,800.002
2196,0.107226,0.0210493,0.0208333,799.999
2219,0.152199,-0.0355428,0.0191667,800.226
2220,0.152199,-0.0355428,0.0208333,800.22
2243,0.189985,-0.0347488,0.0191667,800.149
2244,0.189985,-0.0347488,0.0208333,800.144
2267,0.290591,-0.0353816,0.0191667,802.095
2268,0.290591,-0.0353816,0.0208333,802.598
2291,0.246463,-0.0342714,0.0191667,801.281
2292,0.246463,-0.0342714,0.0208333,801.236
2315,0.228168,-0.0330049,0.0191667,800.137
2316,0.228168,-0.0330049,0.0208333,800.133
2339,0.161008,-0.0326841,0.0191667,800.182
2340,0.161008,-0.0326841,0.0208333,800.177
2363,0.10963,-0.0350332,0.0191667,800.325
2364,0.10963,-0.0350332,0.0208333,800.322
2387,0.169304,-0.0332723,0.0191667,800.176
2388,0.169304,-0.0332723,0.0208333,800.176
2411,0.244449,-0.0344668,0.0191667,800.706
2412,0.244449,-0.0344668,0.0208333,800.708
2435,0.177169,-0.0342268,0.0191667,800.163
2436,0.177169,-0.0342268,0.0208333,800.162
2459,0.241877,-0.0383009,0.0191667,803.339
2460,0.241877,-0.0383009,0.0208333,803.37
2483,0.128285,-0.0382593,0.0191667,800.428
2484,0.128285,-0.0382593,0.0208333,800.422
2507,0.241163,-0.0379033,0.0191667,802.588
2508,0.241163,-0.0379033,0.0208333,802.572
2531,0.14975,-0.0312423,0.0191667,800.223
2532,0.14975,-0.0312423,0.0208333,800.217
2555,0.175801,-0.023721,0.0191667,800.037
2556,0.175801,-0.023721,0.0208333,800.036
2579,0.217232,-0.0314089,0.0191667,800.103
2580,0.217232,-0.0314089,0.0208333,800.105
2603,0.179233,-0.0340784,0.0191667,800.161
2604,0.179233,-0.0340784,0.0208333,800.159
2627,0.28168,-0.03361,0.0191667,803.146
2628,0.28168,-0.03361,0.0208333,804.813
2651,0.192804,-0.0329825,0.0191667,800.119
2652,0.192804,-0.0329825,0.0208333,800.121
2675,0.201632,-0.034405,0.0191667,800.14
2676,0.201632,-0.034405,0.0208333,800.137
2699,0.126004,-0.0348112,0.0191667,800.212
2700,0.126004,-0.0348112,0.0208333,800.206
2723,0.16231,-0.0360286,0.0191667,800.198
2724,0.16231,-0.0360286,0.0208333,800.194
2747,0.251988,-0.031677,0.0191667,801.655
2748,0.251988,-0.031677,0.0208333,801.71
2771,0.245267,-0.0324473,0.0191667,800.257
2772,0.245267,-0.0324473,0.0208333,800.261
2795,0.16315,-0.0385525,0.0191667,800.01
2796,0.16315,-0.0385525,0.0208333,800.007
2819,0.209662,-0.025686,0.0191667,800.027
2820,0.209662,-0.025686,0.0208333,800.025
2843,0.216097,-0.0346423,0.0191667,800.136
2844,0.216097,-0.0346423,0.0208333,800.135
2867,0.281805,-0.0366474,0.0191667,802.837
2868,0.281805,-0.0366474,0.0208333,802.688
2891,0.222166,-0.037692,0.0191667,800.37
2892,0.222166,-0.037692,0.0208333,800.372
2915,0.142035,-0.0253606,0.0191667,800.217
2916,0.142035,-0.0253606,0.0208333,800.212
2939,0.200991,-0.0334346,0.0191667,800.13
2940,0.200991,-0.0334346,0.0208333,800.124
2963,0.211052,-0.0236098,0.0191667,800.017
2964,0.211052,-0.0236098,0.0208333,800.017
2987,0.148541,-0.034542,0.0191667,800.228
2988,0.148541,-0.034542,0.0208333,800.216
3011,0.198194,-0.0308538,0.0191667,800.091
3012,0.198194,-0.0308538,0.0208333,800.084
3035,0.250394,-0.0339628,0.0191667,801.66
3036,0.250394,-0.0339628,0.0208333,801.75
3059,0.289845,-0.0335588,0.0191667,802.408
3060,0.289845,-0.0335588,0.0208333,803.65
3083,0.143451,-0.0232502,0.0191667,800.223
3084,0.143451,-0.0232502,0.0208333,800.217
3107,0.148736,-0.0323883,0.0191667,800.224
3108,0.148736,-0.0323883,0.0208333,800.216
3131,0.216253,-0.0325283,0.0191667,800.108
3132,0.216253,-0.0325283,0.0208333,800.112
3155,0.193625,-0.0340388,0.0191667,800.136
3156,0.193625,-0.0340388,0.0208333,800.133
3179,0.207935,-0.0326152,0.0191667,800.111
3180,0.207935,-0.0326152,0.0208333,800.113
3203,0.292496,-0.00416016,0.0191667,801.052
3204,0.292496,-0.00416016,0.0208333,801.186
3227,0.241149,-0.0316352,0.0191667,800.152
3228,0.241149,-0.0316352,0.0208333,800.145
3251,0.201158,-0.0370128,0.0191667,800.16
3252,0.201158,-0.0370128,0.0208333,800.159
3275,0.114825,-0.0341616,0.0191667,800.218
3276,0.114825,-0.0341616,0.0208333,800.21
3299,0.23852,-0.036317,0.0191667,800.718
3300,0.23852,-0.036317,0.0208333,800.719
3323,0.25337,-0.033624,0.0191667,801.512
3324,0.25337,-0.033624,0.0208333,801.704
3347,0.19929,-0.0314781,0.0191667,800.093
3348,0.19929,-0.0314781,0.0208333,800.092
3371,0.168785,-0.0351762,0.0191667,800.182
3372,0.168785,-0.0351762,0.0208333,800.18
3395,0.209783,-0.037868,0.0191667,800.351
3396,0.209783,-0.037868,0.0208333,800.353
3419,0.229559,-0.0362909,0.0191667,800.332
3420,0.229559,-0.0362909,0.0208333,800.34
3443,0.109122,0.017366,0.0191667,799.999
3444,0.109122,0.017366,0.0208333,800.001
3467,0.180013,-0.0347097,0.0191667,800.16
3468,0.180013,-0.0347097,0.0208333,800.157
3491,0.282865,-0.0314635,0.0191667,802.364
3492,0.282865,-0.0314635,0.0208333,804.937
3515,0.228165,-0.0354591,0.0191667,800.202
3516,0.228165,-0.0354591,0.0208333,800.197
3539,0.223534,-0.0384086,0.0191667,800.779
3540,0.223534,-0.0384086,0.0208333,800.778
3563,0.227259,-0.0339305,0.0191667,800.14
3564,0.227259,-0.0339305,0.0208333,800.14
3587,0.160183,-0.0337301,0.0191667,800.201
3588,0.160183,-0.0337301,0.0208333,800.199
3611,0.139359,0.0248325,0.0191667,800.002
3612,0.139359,0.0248325,0.0208333,800.0
3635,0.107165,0.015006,0.0191667,799.999
3636,0.107165,0.015006,0.0208333,800.001
3659,0.105372,-0.0200168,0.0191667,800.212
3660,0.105372,-0.0200168,0.0208333,800.209
3683,0.201074,-0.0353564,0.0191667,800.148
3684,0.201074,-0.0353564,0.0208333,800.151
3707,0.00784317,0.00281492,0.0191667,799.997
3708,0.00784317,0.00281492,0.0208333,799.997
3731,0.272695,-0.0379253,0.0191667,802.2
3732,0.272695,-0.0379253,0.0208333,802.129
3755,0.170558,-0.0349015,0.0191667,800.18
3756,0.170558,-0.0349015,0.0208333,800.174
3779,0.117346,0.0329007,0.0191667,800.002
3780,0.117346,0.0329007,0.0208333,800.0
3803,0.265248,-0.0360651,0.0191667,802.345
3804,0.265248,-0.0360651,0.0208333,803.75
3827,0.19265,-0.035445,0.0191667,800.158
3828,0.19265,-0.035445,0.0208333,800.156
3851,0.178046,-0.0320982,0.0191667,800.133
3852,0.178046,-0.0320982,0.0208333,800.135
3875,0.139571,-0.0289272,0.0191667,800.206
3876,0.139571,-0.0289272,0.0208333,800.197
3899,0.207216,-0.0293504,0.0191667,800.066
3900,0.207216,-0.0293504,0.0208333,800.065
3923,0.152415,-0.0371306,0.0191667,800.208
3924,0.152415,-0.0371306,0.0208333,800.202
3947,0.143139,-0.0310834,0.0191667,800.215
3948,0.143139,-0.0310834,0.0208333,800.21
3971,0.143483,-0.0377451,0.0191667,800.174
3972,0.143483,-0.0377451,0.0208333,800.167
3995,0.264104,-0.0279446,0.0191667,801.348
3996,0.264104,-0.0279446,0.0208333,801.528
4019,0.218731,-0.0377285,0.0191667,800.457
4020,0.218731,-0.0377285,0.0208333,800.451
4043,0.201603,-0.0321852,0.0191667,800.104
4044,0.201603,-0.0321852,0.0208333,800.104
4067,0.260062,-0.0356756,0.0191667,801.864
4068,0.260062,-0.0356756,0.0208333,803.062
4091,0.208168,-0.0346824,0.0191667,800.138
4092,0.208168,-0.0346824,0.0208333,800.131
4115,0.285289,-0.0160625,0.0191667,801.609
4116,0.285289,-0.0160625,0.0208333,801.495
4139,0.149032,-0.0355088,0.0191667,800.228
4140,0.149032,-0.0355088,0.0208333,800.221
4163,0.191755,-0.0352711,0.0191667,800.158
4164,0.191755,-0.0352711,0.0208333,800.151
4187,0.21658,-0.0298393,0.0191667,800.079
4188,0.21658,-0.0298393,0.0208333,800.075
4211,0.126608,-0.0337802,0.0191667,800.211
4212,0.126608,-0.0337802,0.0208333,800.209
4235,0.127705,-0.0378516,0.0191667,800.437
4236,0.127705,-0.0378516,0.0208333,800.431
4259,0.149094,-0.0296058,0.0191667,800.222
4260,0.149094,-0.0296058,0.0208333,800.214
4283,0.168467,-0.0340956,0.0191667,800.184
4284,0.168467,-0.0340956,0.0208333,800.18
4307,0.151361,-0.0355929,0.0191667,800.228
4308,0.151361,-0.0355929,0.0208333,800.222
4331,0.108676,0.0113352,0.0191667,800.003
4332,0.108676,0.0113352,0.0208333,800.002
4355,0.227507,-0.0369659,0.0191667,800.36
4356,0.227507,-0.0369659,0.0208333,800.366
4379,0.128887,-0.0324333,0.0191667,800.2
4380,0.128887,-0.0324333,0.0208333,800.192
4403,0.193465,-0.0316366,0.0191667,800.1
4404,0.193465,-0.0316366,0.0208333,800.1
4427,0.280762,-0.0353845,0.0191667,803.237
4428,0.280762,-0.0353845,0.0208333,803.953
4451,0.297538,-0.0303154,0.0191667,800.813
4452,0.297538,-0.0303154,0.0208333,800.861
4475,0.114421,-0.0333393,0.0191667,800.208
4476,0.114421,-0.0333393,0.0208333,800.203
4499,0.241458,-0.0179493,0.0191667,800.021
4500,0.241458,-0.0179493,0.0208333,800.023
4523,0.288777,-0.035277,0.0191667,802.417
4524,0.288777,-0.035277,0.0208333,803.0
4547,0.21648,-0.0162146,0.0191667,800.002
4548,0.21648,-0.0162146,0.0208333,800.003
4571,0.107453,-0.0345481,0.0191667,800.39
4572,0.107453,-0.0345481,0.0208333,800.401
4595,0.147858,-0.0381879,0.0191667,800.178
4596,0.147858,-0.0381879,0.0208333,800.175
4619,0.250399,-0.0383138,0.0191667,802.66
4620,0.250399,-0.0383138,0.0208333,802.937
4643,0.282694,-0.0352708,0.0191667,803.168
4644,0.282694,-0.0352708,0.0208333,803.824
4667,0.165095,-0.0131793,0.0191667,800.005
4668,0.165095,-0.0131793,0.0208333,800.008
4691,0.161889,-0.035006,0.0191667,800.197
4692,0.161889,-0.035006,0.0208333,800.193
4715,0.201633,-0.0362024,0.0191667,800.154
4716,0.201633,-0.0362024,0.0208333,800.156
4739,0.220676,-0.0334559,0.0191667,800.119
4740,0.220676,-0.0334559,0.0208333,800.122
4763,0.238626,-0.0314385,0.0191667,800.137
4764,0.238626,-0.0314385,0.0208333,800.133
4787,0.160536,-0.0312811,0.0191667,800.179
4788,0.160536,-0.0312811,0.0208333,800.176
4811,0.22778,-0.0315401,0.0191667,800.108
4812,0.22778,-0.0315401,0.0208333,800.106
4835,0.229098,-0.0352964,0.0191667,800.191
4836,0.229098,-0.0352964,0.0208333,800.184
4859,0.10659,0.00930149,0.0191667,800.003
4860,0.10659,0.00930149,0.0208333,800.002
4883,0.209814,-0.0209259,0.0191667,800.004
4884,0.209814,-0.0209259,0.0208333,800.005
4907,0.162579,-0.0341938,0.0191667,800.176
4908,0.162579,-0.0341938,0.0208333,800.175
4931,0.170034,-0.0308505,0.0191667,800.153
4932,0.170034,-0.0308505,0.0208333,800.146
4955,0.229749,-0.0345081,0.0191667,800.173
4956,0.229749,-0.0345081,0.0208333,800.16
4979,0.211336,-0.036174,0.0191667,800.178
4980,0.211336,-0.036174,0.0208333,800.176
5003,0.108933,-0.0329343,0.0191667,800.264
5004,0.108933,-0.0329343,0.0208333,800.256
5027,0.259483,-0.0192666,0.0191667,800.097
5028,0.259483,-0.0192666,0.0208333,800.093
5051,0.216595,-0.0356164,0.0191667,800.165
5052,0.216595,-0.0356164,0.0208333,800.159
5075,0.244558,0.031429,0.0191667,800.0
5076,0.244558,0.031429,0.0208333,799.999
5099,0.392141,0.0328612,0.0191667,800.351
5100,0.392141,0.0328612,0.0208333,800.338
5123,0.152755,-0.0364467,0.0191667,800.209
5124,0.152755,-0.0364467,0.0208333,800.204
5147,0.142191,-0.0205239,0.0191667,800.225
5148,0.142191,-0.0205239,0.0208333,800.22
5171,0.176305,-0.0349578,0.0191667,800.174
5172,0.176305,-0.0349578,0.0208333,800.175
5195,0.184676,-0.0373096,0.0191667,800.172
5196,0.184676,-0.0373096,0.0208333,800.169
5219,0.158764,0.0369135,0.0191667,800.001
5220,0.158764,0.0369135,0.0208333,800.002
5243,0.140879,-0.0318453,0.0191667,800.217
5244,0.140879,-0.0318453,0.0208333,800.211
5267,0.392103,0.0272587,0.0191667,800.891
5268,0.392103,0.0272587,0.0208333,800.873
5291,0.109855,-0.0338315,0.0191667,800.266
5292,0.109855,-0.0338315,0.0208333,800.272
5315,0.228132,-0.0364936,0.0191667,800.34
5316,0.228132,-0.0364936,0.0208333,800.344
5339,0.252498,-0.0353773,0.0191667,801.517
5340,0.252498,-0.0353773,0.0208333,802.002
5363,0.16884,-0.0318571,0.0191667,800.17
5364,0.16884,-0.0318571,0.0208333,800.173
5387,0.177404,-0.0363024,0.0191667,800.186
5388,0.177404,-0.0363024,0.0208333,800.185
5411,0.261482,-0.0293042,0.0191667,801.418
5412,0.261482,-0.0293042,0.0208333,801.595
5435,0.24357,-0.0351595,0.0191667,801.006
5436,0.24357,-0.0351595,0.0208333,801.011
5459,0.151021,-0.0317885,0.0191667,800.226
5460,0.151021,-0.0317885,0.0208333,800.22
5483,0.210387,-0.027846,0.0191667,800.05
5484,0.210387,-0.027846,0.0208333,800.051
5507,0.142766,-0.0275693,0.0191667,800.22
5508,0.142766,-0.0275693,0.0208333,800.213
5531,0.193409,-0.0350747,0.0191667,800.161
5532,0.193409,-0.0350747,0.0208333,800.157
5555,0.254479,-0.0352975,0.0191667,801.561
5556,0.254479,-0.0352975,0.0208333,802.242
5579,0.247258,-0.0358841,0.0191667,802.939
5580,0.247258,-0.0358841,0.0208333,803.077
5603,0.141067,-0.0395059,0.0191667,801.209
5604,0.141067,-0.0395059,0.0208333,801.202
5627,0.126602,-0.0356762,0.0191667,800.207
5628,0.126602,-0.0356762,0.0208333,800.201
5651,0.145265,-0.0354445,0.0191667,800.227
5652,0.145265,-0.0354445,0.0208333,800.22
5675,0.24905,-0.0377259,0.0191667,801.94
5676,0.24905,-0.0377259,0.0208333,802.178
5699,0.233188,-0.0371503,0.0191667,800.562
5700,0.233188,-0.0371503,0.0208333,800.568
5723,0.18457,-0.0380901,0.0191667,800.135
5724,0.18457,-0.0380901,0.0208333,800.133
5747,0.22741,-0.035031,0.0191667,800.167
5748,0.22741,-0.035031,0.0208333,800.164
5771,0.177459,-0.0371519,0.0191667,800.165
5772,0.177459,-0.0371519,0.0208333,800.164
5795,0.245977,-0.0211009,0.0191667,800.058
5796,0.245977,-0.0211009,0.0208333,800.058
5819,0.292222,-0.0327258,0.0191667,802.104
5820,0.292222,-0.0327258,0.0208333,803.241
5843,0.260805,-0.0328322,0.0191667,801.479
5844,0.260805,-0.0328322,0.0208333,802.306
5867,0.244247,-0.0332684,0.0191667,800.391
5868,0.244247,-0.0332684,0.0208333,800.398
5891,0.214839,-0.0368593,0.0191667,800.208
5892,0.214839,-0.0368593,0.0208333,800.206
5915,0.249106,-0.0307476,0.0191667,800.393
5916,0.249106,-0.0307476,0.0208333,800.391
5939,0.225075,-0.0362973,0.0191667,800.238
5940,0.225075,-0.0362973,0.0208333,800.233
5963,0.234107,-0.0316848,0.0191667,800.135
5964,0.234107,-0.0316848,0.0208333,800.132
5987,0.176974,-0.0329787,0.0191667,800.153
5988,0.176974,-0.0329787,0.0208333,800.152
6011,0.191115,-0.0343875,0.0191667,800.139
6012,0.191115,-0.0343875,0.0208333,800.143
6035,0.161707,-0.0301292,0.0191667,800.182
6036,0.161707,-0.0301292,0.0208333,800.182
6059,0.228942,-0.0304721,0.0191667,800.104
6060,0.228942,-0.0304721,0.0208333,800.102
6083,0.252362,-0.034242,0.0191667,801.6
6084,0.252362,-0.034242,0.0208333,801.836
6107,0.238499,0.0313771,0.0191667,800.0
6108,0.238499,0.0313771,0.0208333,799.997
6131,0.298809,-0.0203722,0.0191667,800.7
6132,0.298809,-0.0203722,0.0208333,800.968
6155,0.294719,-0.0058358,0.0191667,800.924
6156,0.294719,-0.0058358,0.0208333,801.215
6179,0.243479,-0.0304265,0.0191667,800.144
6180,0.243479,-0.0304265,0.0208333,800.137
6203,0.250016,-0.029601,0.0191667,800.232
6204,0.250016,-0.029601,0.0208333,800.226
6227,0.288678,-0.0314356,0.0191667,802.226
6228,0.288678,-0.0314356,0.0208333,804.429
6251,0.280668,-0.0343084,0.0191667,803.278
6252,0.280668,-0.0343084,0.0208333,804.822
6275,0.182916,0.0311821,0.0191667,800.002
6276,0.182916,0.0311821,0.0208333,800.0
6299,0.158704,0.0339943,0.0191667,799.999
6300,0.158704,0.0339943,0.0208333,799.998
6323,0.120841,-0.0341673,0.0191667,800.209
6324,0.120841,-0.0341673,0.0208333,800.197
6347,0.182846,-0.0354868,0.0191667,800.178
6348,0.182846,-0.0354868,0.0208333,800.173
6371,0.110459,-0.0356793,0.0191667,800.361
6372,0.110459,-0.0356793,0.0208333,800.371
6395,0.23221,-0.0296783,0.0191667,800.096
6396,0.23221,-0.0296783,0.0208333,800.099
6419,0.212922,-0.0355293,0.0191667,800.158
6420,0.212922,-0.0355293,0.0208333,800.155
6443,0.282762,-0.0378776,0.0191667,801.579
6444,0.282762,-0.0378776,0.0208333,801.433
6467,0.158547,-0.0355485,0.0191667,800.208
6468,0.158547,-0.0355485,0.0208333,800.204
6491,0.257299,-0.0179262,0.0191667,800.09
6492,0.257299,-0.0179262,0.0208333,800.088
6515,0.181699,-0.0339663,0.0191667,800.148
6516,0.181699,-0.0339663,0.0208333,800.144
6539,0.117119,-0.0329579,0.0191667,800.199
6540,0.117119,-0.0329579,0.0208333,800.194
6563,0.281578,-0.0322366,0.0191667,802.565
6564,0.281578,-0.0322366,0.0208333,804.997
6587,0.161697,-0.0367014,0.0191667,800.196
6588,0.161697,-0.0367014,0.0208333,800.196
6611,0.214567,-0.0262014,0.0191667,800.037
6612,0.214567,-0.0262014,0.0208333,800.036
6635,0.281119,-0.0290229,0.0191667,801.42
6636,0.281119,-0.0290229,0.0208333,803.473
6659,0.147033,-0.0258831,0.0191667,800.224
6660,0.147033,-0.0258831,0.0208333,800.219
6683,0.233912,-0.0301206,0.0191667,800.108
6684,0.233912,-0.0301206,0.0208333,800.105
6707,0.265974,-0.0283877,0.0191667,801.277
6708,0.265974,-0.0283877,0.0208333,801.486
6731,0.174057,-0.0376803,0.0191667,800.135
6732,0.174057,-0.0376803,0.0208333,800.132
6755,0.272318,-0.0352779,0.0191667,803.152
6756,0.272318,-0.0352779,0.0208333,804.576
6779,0.149051,-0.0157449,0.0191667,800.079
6780,0.149051,-0.0157449,0.0208333,800.067
6803,0.290796,-0.0342641,0.0191667,802.256
6804,0.290796,-0.0342641,0.0208333,803.04
6827,0.00786612,-0.00278821,0.0191667,800.001
6828,0.00786612,-0.00278821,0.0208333,800.001
6851,0.220316,-0.0300667,0.0191667,800.082
6852,0.220316,-0.0300667,0.0208333,800.081
6875,0.152879,-0.0300058,0.0191667,800.231
6876,0.152879,-0.0300058,0.0208333,800.226
6899,0.217617,-0.0283211,0.0191667,800.064
6900,0.217617,-0.0283211,0.0208333,800.059
6923,0.150149,-0.028055,0.0191667,800.231
6924,0.150149,-0.028055,0.0208333,800.222
6947,0.152255,-0.0314075,0.0191667,800.231
6948,0.152255,-0.0314075,0.0208333,800.225
6971,0.118686,-0.0369334,0.0191667,800.327
6972,0.118686,-0.0369334,0.0208333,800.325
6995,0.125908,-0.0326837,0.0191667,800.199
6996,0.125908,-0.0326837,0.0208333,800.191
7019,0.118513,-0.0326381,0.0191667,800.2
7020,0.118513,-0.0326381,0.0208333,800.193
7043,0.235715,-0.0381463,0.0191667,801.498
7044,0.235715,-0.0381463,0.0208333,801.496
7067,0.244586,-0.0365885,0.0191667,802.637
7068,0.244586,-0.0365885,0.0208333,802.655
7091,0.231419,-0.0308605,0.0191667,800.109
7092,0.231419,-0.0308605,0.0208333,800.111
7115,0.274507,-0.0367906,0.0191667,803.136
7116,0.274507,-0.0367906,0.0208333,803.163
7139,0.161999,-0.0376368,0.0191667,800.19
7140,0.161999,-0.0376368,0.0208333,800.184
7163,0.269766,-0.0364777,0.0191667,802.932
7164,0.269766,-0.0364777,0.0208333,803.665
7187,0.203874,-0.0308367,0.0191667,800.088
7188,0.203874,-0.0308367,0.0208333,800.088
7211,0.193202,-0.0370019,0.0191667,800.16
7212,0.193202,-0.0370019,0.0208333,800.166
7235,0.261435,-0.0317794,0.0191667,801.39
7236,0.261435,-0.0317794,0.0208333,801.911
7259,0.22572,-0.0355298,0.0191667,800.193
7260,0.22572,-0.0355298,0.0208333,800.193
7283,0.107396,-0.0382909,0.0191667,801.361
7284,0.107396,-0.0382909,0.0208333,801.356
7307,0.268028,-0.0316138,0.0191667,801.221
7308,0.268028,-0.0316138,0.0208333,801.987
7331,0.218209,-0.0350831,0.0191667,800.156
7332,0.218209,-0.0350831,0.0208333,800.147
7355,0.245049,-0.03096,0.0191667,800.184
7356,0.245049,-0.03096,0.0208333,800.178
7379,0.251661,-0.0301534,0.0191667,800.754
7380,0.251661,-0.0301534,0.0208333,800.773
7403,0.192424,-0.0303416,0.0191667,800.082
7404,0.192424,-0.0303416,0.0208333,800.087
7427,0.101747,-0.0359784,0.0191667,801.594
7428,0.101747,-0.0359784,0.0208333,801.589
7451,0.128019,-0.0312209,0.0191667,800.183
7452,0.128019,-0.0312209,0.0208333,800.172
7475,0.288786,-0.0341392,0.0191667,802.572
7476,0.288786,-0.0341392,0.0208333,803.623
7499,0.215227,-0.0362039,0.0191667,800.185
7500,0.215227,-0.0362039,0.0208333,800.182
7523,0.221398,-0.0376494,0.0191667,800.433
7524,0.221398,-0.0376494,0.0208333,800.434
7547,0.244671,-0.037502,0.0191667,805.081
7548,0.244671,-0.037502,0.0208333,805.181
7571,0.240031,-0.0307018,0.0191667,800.135
7572,0.240031,-0.0307018,0.0208333,800.129
7595,0.249499,-0.0383511,0.0191667,802.246
7596,0.249499,-0.0383511,0.0208333,802.501
7619,0.290152,0.00142399,0.0191667,801.304
7620,0.290152,0.00142399,0.0208333,801.236
7643,0.269972,-0.0373689,0.0191667,802.729
7644,0.269972,-0.0373689,0.0208333,802.577
7667,0.176377,-0.0299799,0.0191667,800.108
7668,0.176377,-0.0299799,0.0208333,800.111
7691,0.246438,-0.0300522,0.0191667,800.161
7692,0.246438,-0.0300522,0.0208333,800.158
7715,0.253023,-0.0291421,0.0191667,800.621
7716,0.253023,-0.0291421,0.0208333,800.611
7739,0.260114,-0.0282811,0.0191667,801.427
7740,0.260114,-0.0282811,0.0208333,801.566
7763,0.267469,-0.0271841,0.0191667,801.375
7764,0.267469,-0.0271841,0.0208333,801.355
7787,0.275411,-0.0264071,0.0191667,801.201
7788,0.275411,-0.0264071,0.0208333,801.453
7811,0.282708,-0.0341715,0.0191667,803.23
7812,0.282708,-0.0341715,0.0208333,804.736
7835,0.116824,-0.0376408,0.0191667,800.433
7836,0.116824,-0.0376408,0.0208333,800.425
7859,0.291104,0.0319489,0.0191667,800.014
7860,0.291104,0.0319489,0.0208333,800.014
7883,0.173848,-0.0329413,0.0191667,800.163
7884,0.173848,-0.0329413,0.0208333,800.164
7907,0.146355,-0.0383537,0.0191667,800.228
7908,0.146355,-0.0383537,0.0208333,800.22
7931,0.188888,-0.0331363,0.0191667,800.131
7932,0.188888,-0.0331363,0.0208333,800.13
7955,0.176505,-0.0359534,0.0191667,800.186
7956,0.176505,-0.0359534,0.0208333,800.185
7979,0.289963,-0.0322281,0.0191667,802.313
7980,0.289963,-0.0322281,0.0208333,803.985
8003,0.192648,-0.0365029,0.0191667,800.161
8004,0.192648,-0.0365029,0.0208333,800.159
8027,0.219914,-0.0216322,0.0191667,800.008
8028,0.219914,-0.0216322,0.0208333,800.011
8051,0.152473,-0.0212379,0.0191667,800.166
8052,0.152473,-0.0212379,0.0208333,800.165
8075,0.194959,-0.0357428,0.0191667,800.16
8076,0.194959,-0.0357428,0.0208333,800.159
8099,0.184731,-0.0355044,0.0191667,800.179
8100,0.184731,-0.0355044,0.0208333,800.171
8123,0.206235,-0.0275178,0.0191667,800.042
8124,0.206235,-0.0275178,0.0208333,800.044
8147,0.138559,-0.0271574,0.0191667,800.207
8148,0.138559,-0.0271574,0.0208333,800.196
8171,0.191297,-0.0361608,0.0191667,800.175
8172,0.191297,-0.0361608,0.0208333,800.175
8195,0.278834,-0.0355484,0.0191667,803.287
8196,0.278834,-0.0355484,0.0208333,803.99
8219,0.178217,-0.0357501,0.0191667,800.186
8220,0.178217,-0.0357501,0.0208333,800.184
8243,0.219451,-0.0363292,0.0191667,800.166
8244,0.219451,-0.0363292,0.0208333,800.163
8267,0.13627,-0.0303108,0.0191667,800.199
8268,0.13627,-0.0303108,0.0208333,800.19
8291,0.278871,-0.0380656,0.0191667,801.82
8292,0.278871,-0.0380656,0.0208333,801.634
8315,0.228966,-0.0369514,0.0191667,800.383
8316,0.228966,-0.0369514,0.0208333,800.388
8339,0.245469,-0.0348914,0.0191667,801.477
8340,0.245469,-0.0348914,0.0208333,801.497
8363,0.171555,-0.0363718,0.0191667,800.183
8364,0.171555,-0.0363718,0.0208333,800.181
8387,0.158327,-0.0294866,0.0191667,800.179
8388,0.158327,-0.0294866,0.0208333,800.177
8411,0.22565,-0.0297451,0.0191667,800.085
8412,0.22565,-0.0297451,0.0208333,800.089
8435,0.164019,-0.0354873,0.0191667,800.176
8436,0.164019,-0.0354873,0.0208333,800.174
8459,0.221644,-0.0136798,0.0191667,800.001
8460,0.221644,-0.0136798,0.0208333,800.003
8483,0.203296,-0.0293112,0.0191667,800.062
8484,0.203296,-0.0293112,0.0208333,800.061
8507,0.246463,-0.0330256,0.0191667,800.708
8508,0.246463,-0.0330256,0.0208333,800.703
8531,0.253232,-0.0323113,0.0191667,801.591
8532,0.253232,-0.0323113,0.0208333,801.694
8555,0.116145,-0.0320023,0.0191667,800.199
8556,0.116145,-0.0320023,0.0208333,800.194
8579,0.116793,-0.0341217,0.0191667,800.216
8580,0.116793,-0.0341217,0.0208333,800.201
8603,0.135631,-0.0290197,0.0191667,800.197
8604,0.135631,-0.0290197,0.0208333,800.188
8627,0.200676,-0.0309928,0.0191667,800.09
8628,0.200676,-0.0309928,0.0208333,800.086
8651,0.208958,-0.0322817,0.0191667,800.104
8652,0.208958,-0.0322817,0.0208333,800.112
8675,0.27268,-0.0370644,0.0191667,803.027
8676,0.27268,-0.0370644,0.0208333,803.019
8699,0.173905,-0.0395257,0.0191667,801.136
8700,0.173905,-0.0395257,0.0208333,801.136
8723,0.197743,-0.0295117,0.0191667,800.065
8724,0.197743,-0.0295117,0.0208333,800.065
8747,0.235157,-0.0289464,0.0191667,800.095
8748,0.235157,-0.0289464,0.0208333,800.098
8771,0.196044,-0.0296726,0.0191667,800.065
8772,0.196044,-0.0296726,0.0208333,800.064
8795,0.167964,-0.0284629,0.0191667,800.131
8796,0.167964,-0.0284629,0.0208333,800.129
8819,0.108812,-0.0355463,0.0191667,800.405
8820,0.108812,-0.0355463,0.0208333,800.423
8843,0.140313,-0.0390851,0.0191667,800.842
8844,0.140313,-0.0390851,0.0208333,800.839
8867,0.254417,-0.0341989,0.0191667,801.434
8868,0.254417,-0.0341989,0.0208333,801.742
8891,0.251379,-0.0335967,0.0191667,801.659
8892,0.251379,-0.0335967,0.0208333,801.793
8915,0.178182,-0.03467,0.0191667,800.165
8916,0.178182,-0.03467,0.0208333,800.167
8939,0.110742,-0.0310932,0.0191667,800.207
8940,0.110742,-0.0310932,0.0208333,800.199
8963,0.204574,-0.0378701,0.0191667,800.367
8964,0.204574,-0.0378701,0.0208333,800.362
8987,0.278087,-0.00425564,0.0191667,800.352
8988,0.278087,-0.00425564,0.0208333,800.349
9011,0.27622,-0.0364193,0.0191667,803.256
9012,0.27622,-0.0364193,0.0208333,803.351
9035,0.243683,-0.036238,0.0191667,801.685
9036,0.243683,-0.036238,0.0208333,801.686
9059,0.277088,0.0331351,0.0191667,800.001
9060,0.277088,0.0331351,0.0208333,800.002
9083,0.214264,-0.0336038,0.0191667,800.122
9084,0.214264,-0.0336038,0.0208333,800.126
9107,0.10799,-0.0353672,0.0191667,800.438
9108,0.10799,-0.0353672,0.0208333,800.432
9131,0.146708,-0.0334508,0.0191667,800.221
9132,0.146708,-0.0334508,0.0208333,800.217
9155,0.182097,-0.0392357,0.0191667,800.974
9156,0.182097,-0.0392357,0.0208333,800.971
9179,0.195334,-0.0349358,0.0191667,800.149
9180,0.195334,-0.0349358,0.0208333,800.147
9203,0.210748,-0.0333214,0.0191667,800.116
9204,0.210748,-0.0333214,0.0208333,800.123
9227,0.172572,-0.0225873,0.0191667,800.034
9228,0.172572,-0.0225873,0.0208333,800.033
9251,0.182799,-0.0344333,0.0191667,800.157
9252,0.182799,-0.0344333,0.0208333,800.156
9275,0.111564,-0.0321916,0.0191667,800.214
9276,0.111564,-0.0321916,0.0208333,800.205
9299,0.245492,-0.0359347,0.0191667,802.815
9300,0.245492,-0.0359347,0.0208333,802.847
9323,0.229701,-0.0383255,0.0191667,801.211
9324,0.229701,-0.0383255,0.0208333,801.198
9347,0.205128,-0.031239,0.0191667,800.086
9348,0.205128,-0.031239,0.0208333,800.086
9371,0.17978,-0.0373556,0.0191667,800.168
9372,0.17978,-0.0373556,0.0208333,800.167
9395,0.202666,-0.037844,0.0191667,800.262
9396,0.202666,-0.037844,0.0208333,800.261
9419,0.29074,-0.0272893,0.0191667,801.463
9420,0.29074,-0.0272893,0.0208333,803.381
9443,0.168038,-0.0358521,0.0191667,800.178
9444,0.168038,-0.0358521,0.0208333,800.18
9467,0.144855,-0.0344534,0.0191667,800.224
9468,0.144855,-0.0344534,0.0208333,800.215
9491,0.189418,-0.0321792,0.0191667,800.117
9492,0.189418,-0.0321792,0.0208333,800.116
9515,0.251142,-0.0323445,0.0191667,801.566
9516,0.251142,-0.0323445,0.0208333,801.612
9539,0.201221,-0.0384926,0.0191667,800.453
9540,0.201221,-0.0384926,0.0208333,800.457
9563,0.282821,-0.0298459,0.0191667,801.653
9564,0.282821,-0.0298459,0.0208333,804.357
9587,0.270545,-0.0357233,0.0191667,803.061
9588,0.270545,-0.0357233,0.0208333,804.332
9611,0.212463,-0.0345563,0.0191667,800.132
9612,0.212463,-0.0345563,0.0208333,800.129
9635,0.106157,-0.0357993,0.0191667,800.718
9636,0.106157,-0.0357993,0.0208333,800.709
9659,0.23114,-0.0357325,0.0191667,800.283
9660,0.23114,-0.0357325,0.0208333,800.291
9683,0.133484,-0.0316387,0.0191667,800.205
9684,0.133484,-0.0316387,0.0208333,800.199
9707,0.175311,-0.0310258,0.0191667,800.122
9708,0.175311,-0.0310258,0.0208333,800.12
9731,0.203187,-0.0353747,0.0191667,800.144
9732,0.203187,-0.0353747,0.0208333,800.146
9755,0.254588,-0.0379781,0.0191667,802.055
9756,0.254588,-0.0379781,0.0208333,802.457
9779,0.145689,-0.0380062,0.0191667,800.232
9780,0.145689,-0.0380062,0.0208333,800.225
9803,0.25456,-0.037151,0.0191667,801.781
9804,0.25456,-0.037151,0.0208333,802.422
9827,0.166606,-0.0306865,0.0191667,800.168
9828,0.166606,-0.0306865,0.0208333,800.17
9851,0.179293,-0.0327547,0.0191667,800.144
9852,0.179293,-0.0327547,0.0208333,800.14
9875,0.209683,-0.0333926,0.0191667,800.119
9876,0.209683,-0.0333926,0.0208333,800.121
9899,0.125299,-0.0365833,0.0191667,800.243
9900,0.125299,-0.0365833,0.0208333,800.241
9923,0.186482,-0.0355791,0.0191667,800.177
9924,0.186482,-0.0355791,0.0208333,800.171
9947,0.117442,-0.0359803,0.0191667,800.276
9948,0.117442,-0.0359803,0.0208333,800.276
9971,0.154619,-0.0132738,0.0191667,800.019
9972,0.154619,-0.0132738,0.0208333,800.021
9995,0.224746,-0.0144241,0.0191667,800.001
9996,0.224746,-0.0144241,0.0208333,800.003
10019,0.226528,-0.0282902,0.0191667,800.074
10020,0.226528,-0.0282902,0.0208333,800.073
10043,0.264299,-0.0358866,0.0191667,802.283
10044,0.264299,-0.0358866,0.0208333,803.717
10067,0.159227,-0.0280012,0.0191667,800.174
10068,0.159227,-0.0280012,0.0208333,800.177
10091,0.120574,-0.0310884,0.0191667,800.191
10092,0.120574,-0.0310884,0.0208333,800.174
10115,0.12024,0.0313921,0.0191667,800.002
10116,0.12024,0.0313921,0.0208333,799.999
10139,0.153606,-0.0365676,0.0191667,800.21
10140,0.153606,-0.0365676,0.0208333,800.204
10163,0.211375,-0.0184293,0.0191667,800.004
10164,0.211375,-0.0184293,0.0208333,800.004
10187,0.257117,-0.0358056,0.0191667,801.696
10188,0.257117,-0.0358056,0.0208333,802.642
10211,0.124203,-0.0381261,0.0191667,800.464
10212,0.124203,-0.0381261,0.0208333,800.454
10235,0.170426,-0.0337175,0.0191667,800.178
10236,0.170426,-0.0337175,0.0208333,800.177
10259,0.214727,-0.0382994,0.0191667,800.513
10260,0.214727,-0.0382994,0.0208333,800.511
10283,0.146142,-0.0357382,0.0191667,800.229
10284,0.146142,-0.0357382,0.0208333,800.221
10307,0.143116,-0.0352694,0.0191667,800.224
10308,0.143116,-0.0352694,0.0208333,800.218
10331,0.2746,-0.0374835,0.0191667,802.238
10332,0.2746,-0.0374835,0.0208333,802.032
10355,0.200353,-0.0152204,0.0191667,800.001
10356,0.200353,-0.0152204,0.0208333,800.003
10379,0.256312,-0.0352556,0.0191667,801.624
10380,0.256312,-0.0352556,0.0208333,802.469
10403,0.289631,-0.0358141,0.0191667,802.134
10404,0.289631,-0.0358141,0.0208333,802.423
10427,0.15824,-0.0345245,0.0191667,800.21
10428,0.15824,-0.0345245,0.0208333,800.202
10451,0.225414,-0.0345748,0.0191667,800.151
10452,0.225414,-0.0345748,0.0208333,800.143
10475,0.287915,-0.0357857,0.0191667,802.469
10476,0.287915,-0.0357857,0.0208333,802.662
10499,0.157673,-0.0142337,0.0191667,800.016
10500,0.157673,-0.0142337,0.0208333,800.018
10523,0.283548,-0.0357375,0.0191667,803.07
10524,0.283548,-0.0357375,0.0208333,803.19
10547,0.169754,-0.0355369,0.0191667,800.182
10548,0.169754,-0.0355369,0.0208333,800.18
10571,0.277018,-0.0358037,0.0191667,803.293
10572,0.277018,-0.0358037,0.0208333,803.914
10595,0.2934,-0.0325138,0.0191667,801.72
10596,0.2934,-0.0325138,0.0208333,802.85
10619,0.177924,-0.0305873,0.0191667,800.115
10620,0.177924,-0.0305873,0.0208333,800.114
10643,0.156755,-0.0361421,0.0191667,800.21
10644,0.156755,-0.0361421,0.0208333,800.205
10667,0.277458,-0.0271864,0.0191667,801.171
10668,0.277458,-0.0271864,0.0208333,801.558
10691,0.230908,-0.0390554,0.0191667,802.511
10692,0.230908,-0.0390554,0.0208333,802.504
10715,0.143776,-0.0180032,0.0191667,800.153
10716,0.143776,-0.0180032,0.0208333,800.153
10739,0.231594,-0.0390628,0.0191667,802.531
10740,0.231594,-0.0390628,0.0208333,802.526
10763,0.279958,-0.0301006,0.0191667,801.415
10764,0.279958,-0.0301006,0.0208333,803.438
10787,0.170688,0.0364112,0.0191667,800.0
10788,0.170688,0.0364112,0.0208333,800.001
10811,0.143002,-0.0384104,0.0191667,800.377
10812,0.143002,-0.0384104,0.0208333,800.373
10835,0.148472,-0.0363222,0.0191667,800.221
10836,0.148472,-0.0363222,0.0208333,800.219
10859,0.130317,-0.029386,0.0191667,800.17
10860,0.130317,-0.029386,0.0208333,800.156
10883,0.119262,-0.0335208,0.0191667,800.205
10884,0.119262,-0.0335208,0.0208333,800.199
10907,0.273428,-0.0383157,0.0191667,802.244
10908,0.273428,-0.0383157,0.0208333,802.138
10931,0.294778,-0.0136816,0.0191667,801.023
10932,0.294778,-0.0136816,0.0208333,801.792
10955,0.210799,-0.0353228,0.0191667,800.145
10956,0.210799,-0.0353228,0.0208333,800.14
10979,0.156437,-0.0352022,0.0191667,800.212
10980,0.156437,-0.0352022,0.0208333,800.205
11003,0.195008,-0.0284377,0.0191667,800.063
11004,0.195008,-0.0284377,0.0208333,800.063
11027,0.265452,-0.0368701,0.0191667,802.604
11028,0.265452,-0.0368701,0.0208333,803.161
11051,0.130373,-0.0375123,0.0191667,800.259
11052,0.130373,-0.0375123,0.0208333,800.251
11075,0.124655,-0.0358342,0.0191667,800.226
11076,0.124655,-0.0358342,0.0208333,800.226
11099,0.207855,-0.035547,0.0191667,800.138
11100,0.207855,-0.035547,0.0208333,800.134
11123,0.106391,-0.0348185,0.0191667,800.512
11124,0.106391,-0.0348185,0.0208333,800.509
11147,0.229423,-0.0333418,0.0191667,800.134
11148,0.229423,-0.0333418,0.0208333,800.131
11171,0.162253,-0.0329906,0.0191667,800.178
11172,0.162253,-0.0329906,0.0208333,800.175
11195,0.212311,-0.0362613,0.0191667,800.174
11196,0.212311,-0.0362613,0.0208333,800.17
11219,0.295879,-0.028802,0.0191667,801.049
11220,0.295879,-0.028802,0.0208333,801.731
11243,0.24058,-0.0153144,0.0191667,800.013
11244,0.24058,-0.0153144,0.0208333,800.014
11267,0.255414,-0.0357573,0.0191667,801.625
11268,0.255414,-0.0357573,0.0208333,802.42
11291,0.107734,-0.0333468,0.0191667,800.303
11292,0.107734,-0.0333468,0.0208333,800.303
11315,0.147163,-0.0377746,0.0191667,800.179
11316,0.147163,-0.0377746,0.0208333,800.169
11339,0.172396,-0.0395305,0.0191667,801.136
11340,0.172396,-0.0395305,0.0208333,801.135
11363,0.173167,-0.0390562,0.0191667,800.612
11364,0.173167,-0.0390562,0.0208333,800.609
11387,0.250753,-0.0358643,0.0191667,801.479
11388,0.250753,-0.0358643,0.0208333,801.788
11411,0.170796,-0.02165,0.0191667,800.034
11412,0.170796,-0.02165,0.0208333,800.034
11435,0.271038,-0.0270067,0.0191667,801.221
11436,0.271038,-0.0270067,0.0208333,801.366
11459,0.229083,-0.0378373,0.0191667,800.684
11460,0.229083,-0.0378373,0.0208333,800.681
11483,0.118807,-0.0250735,0.0191667,800.157
11484,0.118807,-0.0250735,0.0208333,800.138
11507,0.143571,-0.0361309,0.0191667,800.228
11508,0.143571,-0.0361309,0.0208333,800.221
11531,0.216087,-0.0363445,0.0191667,800.177
11532,0.216087,-0.0363445,0.0208333,800.179
11555,0.202647,-0.0362315,0.0191667,800.147
11556,0.202647,-0.0362315,0.0208333,800.148
11579,0.233357,-0.0379812,0.0191667,801.335
11580,0.233357,-0.0379812,0.0208333,801.335
11603,0.235066,0.0364463,0.0191667,800.0
11604,0.235066,0.0364463,0.0208333,799.999
11627,0.117712,-0.0349789,0.0191667,800.214
11628,0.117712,-0.0349789,0.0208333,800.208
11651,0.186432,0.0310246,0.0191667,800.001
11652,0.186432,0.0310246,0.0208333,800.0
11675,0.247985,-0.0364366,0.0191667,801.653
11676,0.247985,-0.0364366,0.0208333,801.748
11699,0.274443,0.031767,0.0191667,799.999
11700,0.274443,0.031767,0.0208333,800.0
11723,0.268806,-0.0362332,0.0191667,802.891
11724,0.268806,-0.0362332,0.0208333,803.693
11747,0.117535,-0.0376002,0.0191667,800.463
11748,0.117535,-0.0376002,0.0208333,800.456
11771,0.20646,-0.0308394,0.0191667,800.092
11772,0.20646,-0.0308394,0.0208333,800.087
11795,0.18916,-0.0342299,0.0191667,800.143
11796,0.18916,-0.0342299,0.0208333,800.14
11819,0.120133,-0.0368962,0.0191667,800.308
11820,0.120133,-0.0368962,0.0208333,800.304
11843,0.223778,-0.0353159,0.0191667,800.174
11844,0.223778,-0.0353159,0.0208333,800.17
11867,0.126228,-0.0365111,0.0191667,800.251
11868,0.126228,-0.0365111,0.0208333,800.246
11891,0.284028,-0.0323379,0.0191667,802.754
11892,0.284028,-0.0323379,0.0208333,805.078
11915,0.251726,-0.0360304,0.0191667,801.552
11916,0.251726,-0.0360304,0.0208333,801.995
11939,0.224157,-0.036213,0.0191667,800.242
11940,0.224157,-0.036213,0.0208333,800.241
11963,0.180563,-0.0302981,0.0191667,800.1
11964,0.180563,-0.0302981,0.0208333,800.098
11987,0.23089,-0.0347452,0.0191667,800.168
11988,0.23089,-0.0347452,0.0208333,800.168
12011,0.132302,-0.0145722,0.0191667,800.216
12012,0.132302,-0.0145722,0.0208333,800.212
12035,0.163728,-0.0344554,0.0191667,800.177
12036,0.163728,-0.0344554,0.0208333,800.176
12059,0.287583,-0.0322035,0.0191667,802.545
12060,0.287583,-0.0322035,0.0208333,804.662
12083,0.253746,-0.0391918,0.0191667,805.195
12084,0.253746,-0.0391918,0.0208333,805.586
12107,0.182019,-0.0359952,0.0191667,800.181
12108,0.182019,-0.0359952,0.0208333,800.18
12131,0.296672,0.0315689,0.0191667,800.094
12132,0.296672,0.0315689,0.0208333,800.093
12155,0.236857,-0.0294824,0.0191667,800.11
12156,0.236857,-0.0294824,0.0208333,800.109
12179,0.169751,-0.0291606,0.0191667,800.135
12180,0.169751,-0.0291606,0.0208333,800.132
12203,0.117262,-0.0258238,0.0191667,800.162
12204,0.117262,-0.0258238,0.0208333,800.145
12227,0.110324,-0.0366313,0.0191667,800.496
12228,0.110324,-0.0366313,0.0208333,800.493
12251,0.285356,-0.0344411,0.0191667,803.037
12252,0.285356,-0.0344411,0.0208333,804.193
12275,0.210952,-0.0369259,0.0191667,800.208
12276,0.210952,-0.0369259,0.0208333,800.21
12299,0.115628,-0.0355202,0.0191667,800.274
12300,0.115628,-0.0355202,0.0208333,800.273
12323,0.272454,-0.0280035,0.0191667,801.2
12324,0.272454,-0.0280035,0.0208333,801.409
12347,0.109267,-0.0314843,0.0191667,800.231
12348,0.109267,-0.0314843,0.0208333,800.223
12371,0.133013,-0.0303843,0.0191667,800.187
12372,0.133013,-0.0303843,0.0208333,800.178
12395,0.278986,-0.0372549,0.0191667,802.772
12396,0.278986,-0.0372549,0.0208333,802.332
12419,0.138135,-0.0229333,0.0191667,800.219
12420,0.138135,-0.0229333,0.0208333,800.214
12443,0.275303,-0.0361766,0.0191667,803.27
12444,0.275303,-0.0361766,0.0208333,803.65
12467,0.205847,-0.0233076,0.0191667,800.01
12468,0.205847,-0.0233076,0.0208333,800.012
12491,0.171658,-0.0390796,0.0191667,800.59
12492,0.171658,-0.0390796,0.0208333,800.589
12515,0.136446,0.0310931,0.0191667,799.999
12516,0.136446,0.0310931,0.0208333,800.0
12539,0.271243,-0.0306889,0.0191667,801.217
12540,0.271243,-0.0306889,0.0208333,801.966
12563,0.119352,-0.0364312,0.0191667,800.26
12564,0.119352,-0.0364312,0.0208333,800.255
12587,0.217896,-0.0339992,0.0191667,800.125
12588,0.217896,-0.0339992,0.0208333,800.122
12611,0.130595,-0.0339167,0.0191667,800.213
12612,0.130595,-0.0339167,0.0208333,800.21
12635,0.128996,-0.038094,0.0191667,800.448
12636,0.128996,-0.038094,0.0208333,800.439
12659,0.163292,-0.0362483,0.0191667,800.19
12660,0.163292,-0.0362483,0.0208333,800.182
12683,0.291734,-0.0301959,0.0191667,801.792
12684,0.291734,-0.0301959,0.0208333,803.504
12707,0.123271,-0.0342368,0.0191667,800.207
12708,0.123271,-0.0342368,0.0208333,800.196
12731,0.117965,-0.0367452,0.0191667,800.298
12732,0.117965,-0.0367452,0.0208333,800.295
12755,0.170861,-0.0377714,0.0191667,800.155
12756,0.170861,-0.0377714,0.0208333,800.155
12779,0.166512,-0.0359258,0.0191667,800.177
12780,0.166512,-0.0359258,0.0208333,800.176
12803,0.191505,-0.0331441,0.0191667,800.124
12804,0.191505,-0.0331441,0.0208333,800.123
12827,0.13788,-0.0361308,0.0191667,800.215
12828,0.13788,-0.0361308,0.0208333,800.209
12851,0.182916,-0.0380685,0.0191667,800.137
12852,0.182916,-0.0380685,0.0208333,800.135
12875,0.215268,-0.0376895,0.0191667,800.397
12876,0.215268,-0.0376895,0.0208333,800.397
12899,0.282734,-0.0370317,0.0191667,802.49
12900,0.282734,-0.0370317,0.0208333,802.189
12923,0.124987,-0.034897,0.0191667,800.209
12924,0.124987,-0.034897,0.0208333,800.203
12947,0.154798,-0.0324129,0.0191667,800.228
12948,0.154798,-0.0324129,0.0208333,800.222
12971,0.120842,-0.0364404,0.0191667,800.248
12972,0.120842,-0.0364404,0.0208333,800.245
12995,0.134376,0.0331861,0.0191667,799.999
12996,0.134376,0.0331861,0.0208333,800.002
13019,0.182929,-0.0372608,0.0191667,800.172
13020,0.182929,-0.0372608,0.0208333,800.172
13043,0.130582,-0.0382758,0.0191667,800.286
13044,0.130582,-0.0382758,0.0208333,800.279
13067,0.164665,0.0332911,0.0191667,800.001
13068,0.164665,0.0332911,0.0208333,800.002
13091,0.136477,-0.0370319,0.0191667,800.218
13092,0.136477,-0.0370319,0.0208333,800.208
13115,0.24698,-0.0375428,0.0191667,801.709
13116,0.24698,-0.0375428,0.0208333,801.925
13139,0.174039,-0.0367555,0.0191667,800.186
13140,0.174039,-0.0367555,0.0208333,800.183
13163,0.269829,-0.0390064,0.0191667,802.439
13164,0.269829,-0.0390064,0.0208333,802.539
13187,0.138815,-0.0304007,0.0191667,800.207
13188,0.138815,-0.0304007,0.0208333,800.197
13211,0.138843,-0.0360809,0.0191667,800.217
13212,0.138843,-0.0360809,0.0208333,800.212
13235,0.223559,-0.0369609,0.0191667,800.279
13236,0.223559,-0.0369609,0.0208333,800.283
13259,0.270537,-0.0390242,0.0191667,802.505
13260,0.270537,-0.0390242,0.0208333,802.622
13283,0.156894,-0.0295777,0.0191667,800.179
13284,0.156894,-0.0295777,0.0208333,800.178
13307,0.247714,-0.0309239,0.0191667,800.22
13308,0.247714,-0.0309239,0.0208333,800.218
13331,0.18964,-0.0299886,0.0191667,800.08
13332,0.18964,-0.0299886,0.0208333,800.082
13355,0.224244,-0.0298332,0.0191667,800.084
13356,0.224244,-0.0298332,0.0208333,800.085
13379,0.182099,-0.0384661,0.0191667,800.133
13380,0.182099,-0.0384661,0.0208333,800.131
13403,0.254388,-0.0300173,0.0191667,801.212
13404,0.254388,-0.0300173,0.0208333,801.246
13427,0.149907,-0.0356383,0.0191667,800.226
13428,0.149907,-0.0356383,0.0208333,800.221
13451,0.18729,-0.0360985,0.0191667,800.179
13452,0.18729,-0.0360985,0.0208333,800.175
13475,0.26859,-0.0352175,0.0191667,802.356
13476,0.26859,-0.0352175,0.0208333,804.259
13499,0.22215,-0.0323362,0.0191667,800.116
13500,0.22215,-0.0323362,0.0208333,800.118
13523,0.134942,-0.0363375,0.0191667,800.214
13524,0.134942,-0.0363375,0.0208333,800.207
13547,0.180943,-0.0346705,0.0191667,800.164
13548,0.180943,-0.0346705,0.0208333,800.16
13571,0.139368,-0.0367768,0.0191667,800.213
13572,0.139368,-0.0367768,0.0208333,800.205
13595,0.276561,-0.0309523,0.0191667,801.365
13596,0.276561,-0.0309523,0.0208333,803.573
13619,0.144342,-0.0377451,0.0191667,800.202
13620,0.144342,-0.0377451,0.0208333,800.195
13643,0.213533,-0.0239285,0.0191667,800.016
13644,0.213533,-0.0239285,0.0208333,800.015
13667,0.128452,-0.0335334,0.0191667,800.203
13668,0.128452,-0.0335334,0.0208333,800.206
13691,0.268054,-0.0368578,0.0191667,802.83
13692,0.268054,-0.0368578,0.0208333,803.455
13715,0.171652,-0.0381679,0.0191667,800.126
13716,0.171652,-0.0381679,0.0208333,800.126
13739,0.145978,-0.0235731,0.0191667,800.226
13740,0.145978,-0.0235731,0.0208333,800.22
13763,0.195448,-0.0365583,0.0191667,800.16
13764,0.195448,-0.0365583,0.0208333,800.158
13787,0.235102,-0.0322548,0.0191667,800.134
13788,0.235102,-0.0322548,0.0208333,800.13
13811,0.18563,-0.0360291,0.0191667,800.176
13812,0.18563,-0.0360291,0.0208333,800.178
13835,0.228476,-0.0287461,0.0191667,800.076
13836,0.228476,-0.0287461,0.0208333,800.077
13859,0.270309,-0.0347569,0.0191667,802.336
13860,0.270309,-0.0347569,0.0208333,804.46
13883,0.161215,-0.0283943,0.0191667,800.175
13884,0.161215,-0.0283943,0.0208333,800.18
13907,0.137318,-0.0353796,0.0191667,800.215
13908,0.137318,-0.0353796,0.0208333,800.21
13931,0.261904,-0.0188206,0.0191667,800.223
13932,0.261904,-0.0188206,0.0208333,800.222
13955,0.119024,-0.031328,0.0191667,800.189
13956,0.119024,-0.031328,0.0208333,800.183
13979,0.203148,-0.0370572,0.0191667,800.206
13980,0.203148,-0.0370572,0.0208333,800.206
14003,0.230407,-0.0381702,0.0191667,800.945
14004,0.230407,-0.0381702,0.0208333,800.936
14027,0.23046,-0.03649,0.0191667,800.306
14028,0.23046,-0.03649,0.0208333,800.318
14051,0.217568,-0.0357839,0.0191667,800.157
14052,0.217568,-0.0357839,0.0208333,800.155
14075,0.302606,0.0277187,0.0191667,800.861
14076,0.302606,0.0277187,0.0208333,800.86
14099,0.288354,-0.0147327,0.0191667,801.454
14100,0.288354,-0.0147327,0.0208333,801.498
14123,0.124259,-0.0339492,0.0191667,800.207
14124,0.124259,-0.0339492,0.0208333,800.195
14147,0.169908,-0.0365124,0.0191667,800.181
14148,0.169908,-0.0365124,0.0208333,800.181
14171,0.134374,-0.0355806,0.0191667,800.213
14172,0.134374,-0.0355806,0.0208333,800.208
14195,0.190456,-0.0363876,0.0191667,800.175
14196,0.190456,-0.0363876,0.0208333,800.175
14219,0.209987,-0.0370094,0.0191667,800.236
14220,0.209987,-0.0370094,0.0208333,800.237
14243,0.258731,0.0322758,0.0191667,800.001
14244,0.258731,0.0322758,0.0208333,800.003
14267,0.262103,-0.0378733,0.0191667,802.198
14268,0.262103,-0.0378733,0.0208333,802.477
14291,0.173058,-0.0354194,0.0191667,800.181
14292,0.173058,-0.0354194,0.0208333,800.177
14315,0.102093,-0.0368188,0.0191667,801.717
14316,0.102093,-0.0368188,0.0208333,801.711
14339,0.262702,-0.0364315,0.0191667,802.271
14340,0.262702,-0.0364315,0.0208333,803.356
14363,0.199674,-0.0362761,0.0191667,800.152
14364,0.199674,-0.0362761,0.0208333,800.15
14387,0.164969,-0.0357922,0.0191667,800.175
14388,0.164969,-0.0357922,0.0208333,800.174
14411,0.294001,-0.036226,0.0191667,801.201
14412,0.294001,-0.036226,0.0208333,801.612
14435,0.289566,-0.0367464,0.0191667,801.745
14436,0.289566,-0.0367464,0.0208333,802.009
14459,0.222541,-0.0312779,0.0191667,800.102
14460,0.222541,-0.0312779,0.0208333,800.104
14483,0.155146,-0.0312631,0.0191667,800.229
14484,0.155146,-0.0312631,0.0208333,800.222
14507,0.266456,-0.0379166,0.0191667,802.366
14508,0.266456,-0.0379166,0.0208333,802.488
14531,0.123647,-0.0385438,0.0191667,800.64
14532,0.123647,-0.0385438,0.0208333,800.632
14555,0.15385,-0.0330252,0.0191667,800.231
14556,0.15385,-0.0330252,0.0208333,800.222
14579,0.278709,-0.0345559,0.0191667,803.297
14580,0.278709,-0.0345559,0.0208333,804.813
14603,0.262404,-0.0355402,0.0191667,801.947
14604,0.262404,-0.0355402,0.0208333,803.364
14627,0.274712,-0.00414929,0.0191667,800.13
14628,0.274712,-0.00414929,0.0208333,800.136
14651,0.134444,0.0277312,0.0191667,800.005
14652,0.134444,0.0277312,0.0208333,799.996
14675,0.225349,-0.037012,0.0191667,800.329
14676,0.225349,-0.037012,0.0208333,800.353
14699,0.216775,-0.0263259,0.0191667,800.035
14700,0.216775,-0.0263259,0.0208333,800.035
14723,0.202731,-0.0343942,0.0191667,800.141
14724,0.202731,-0.0343942,0.0208333,800.143
14747,0.149283,-0.0260076,0.0191667,800.23
14748,0.149283,-0.0260076,0.0208333,800.224
14771,0.219498,-0.0285266,0.0191667,800.062
14772,0.219498,-0.0285266,0.0208333,800.058
14795,0.204158,-0.0385017,0.0191667,800.488
14796,0.204158,-0.0385017,0.0208333,800.49
14819,0.106773,-0.0365189,0.0191667,800.77
14820,0.106773,-0.0365189,0.0208333,800.763
14843,0.152067,-0.0282656,0.0191667,800.228
14844,0.152067,-0.0282656,0.0208333,800.223
14867,0.102729,-0.0384212,0.0191667,802.257
14868,0.102729,-0.0384212,0.0208333,802.252
14891,0.241831,-0.035517,0.0191667,800.844
14892,0.241831,-0.035517,0.0208333,800.848
14915,0.200055,-0.0354244,0.0191667,800.148
14916,0.200055,-0.0354244,0.0208333,800.148
14939,0.150269,-0.0364967,0.0191667,800.221
14940,0.150269,-0.0364967,0.0208333,800.217
14963,0.110363,-0.0383189,0.0191667,801.095
14964,0.110363,-0.0383189,0.0208333,801.095
14987,0.126429,-0.0313582,0.0191667,800.183
14988,0.126429,-0.0313582,0.0208333,800.169
15011,0.269437,-0.038107,0.0191667,802.531
15012,0.269437,-0.038107,0.0208333,802.553
15035,0.141614,-0.0360734,0.0191667,800.212
15036,0.141614,-0.0360734,0.0208333,800.207
15059,0.185565,-0.0369353,0.0191667,800.176
15060,0.185565,-0.0369353,0.0208333,800.176
15083,0.130136,-0.0357525,0.0191667,800.218
15084,0.130136,-0.0357525,0.0208333,800.212
15107,0.168282,-0.0367683,0.0191667,800.178
15108,0.168282,-0.0367683,0.0208333,800.179
15131,0.131329,-0.030543,0.0191667,800.176
15132,0.131329,-0.030543,0.0208333,800.164
15155,0.170275,-0.0130709,0.0191667,800.003
15156,0.170275,-0.0130709,0.0208333,800.005
15179,0.233907,-0.0365492,0.0191667,800.536
15180,0.233907,-0.0365492,0.0208333,800.542
15203,0.154901,-0.0359166,0.0191667,800.218
15204,0.154901,-0.0359166,0.0208333,800.213
15227,0.266331,-0.0300215,0.0191667,801.23
15228,0.266331,-0.0300215,0.0208333,801.629
15251,0.244106,-0.0381694,0.0191667,804.974
15252,0.244106,-0.0381694,0.0208333,805.069
15275,0.238884,-0.0347263,0.0191667,800.294
15276,0.238884,-0.0347263,0.0208333,800.301
15299,0.141384,-0.0290929,0.0191667,800.216
15300,0.141384,-0.0290929,0.0208333,800.21
15323,0.262816,-0.0382648,0.0191667,802.286
15324,0.262816,-0.0382648,0.0208333,802.547
15347,0.276877,-0.0348822,0.0191667,803.289
15348,0.276877,-0.0348822,0.0208333,804.731
15371,0.209019,-0.0294381,0.0191667,800.069
15372,0.209019,-0.0294381,0.0208333,800.065
15395,0.232101,-0.0359996,0.0191667,800.279
15396,0.232101,-0.0359996,0.0208333,800.292
15419,0.204591,-0.0363376,0.0191667,800.167
15420,0.204591,-0.0363376,0.0208333,800.163
15443,0.125039,-0.0372433,0.0191667,800.287
15444,0.125039,-0.0372433,0.0208333,800.279
15467,0.162767,-0.0148075,0.0191667,800.012
15468,0.162767,-0.0148075,0.0208333,800.014
15491,0.295581,-0.0263326,0.0191667,800.993
15492,0.295581,-0.0263326,0.0208333,801.576
15515,0.173649,0.0381243,0.0191667,800.001
15516,0.173649,0.0381243,0.0208333,800.001
15539,0.152602,-0.0347743,0.0191667,800.231
15540,0.152602,-0.0347743,0.0208333,800.226
15563,0.171526,-0.0316433,0.0191667,800.151
15564,0.171526,-0.0316433,0.0208333,800.153
15587,0.140097,0.0318854,0.0191667,800.0
15588,0.140097,0.0318854,0.0208333,799.999
15611,0.242846,-0.0368246,0.0191667,802.054
15612,0.242846,-0.0368246,0.0208333,802.058
15635,0.289552,-0.0391793,0.0191667,801.611
15636,0.289552,-0.0391793,0.0208333,801.85
15659,0.294321,-0.0352969,0.0191667,801.15
15660,0.294321,-0.0352969,0.0208333,801.569
15683,0.179247,-0.0295546,0.0191667,800.092
15684,0.179247,-0.0295546,0.0208333,800.095
15707,0.275136,-0.0352246,0.0191667,803.265
15708,0.275136,-0.0352246,0.0208333,804.647
15731,0.219779,-0.0313954,0.0191667,800.105
15732,0.219779,-0.0313954,0.0208333,800.107
15755,0.270922,-0.0374697,0.0191667,802.73
15756,0.270922,-0.0374697,0.0208333,802.669
15779,0.271527,-0.0359547,0.0191667,803.123
15780,0.271527,-0.0359547,0.0208333,804.154
15803,0.207312,-0.0254455,0.0191667,800.027
15804,0.207312,-0.0254455,0.0208333,800.026
15827,0.106704,-0.0379868,0.0191667,801.327
15828,0.106704,-0.0379868,0.0208333,801.322
15851,0.139641,-0.0251144,0.0191667,800.22
15852,0.139641,-0.0251144,0.0208333,800.215
15875,0.111016,-0.037913,0.0191667,800.918
15876,0.111016,-0.037913,0.0208333,800.912
15899,0.279457,-0.0385739,0.0191667,801.589
15900,0.279457,-0.0385739,0.0208333,801.508
15923,0.135894,-0.0362793,0.0191667,800.217
15924,0.135894,-0.0362793,0.0208333,800.21
15947,0.113474,-0.039052,0.0191667,801.527
15948,0.113474,-0.039052,0.0208333,801.518
15971,0.209355,-0.036252,0.0191667,800.165
15972,0.209355,-0.036252,0.0208333,800.163
15995,0.130146,-0.0390464,0.0191667,801.073
15996,0.130146,-0.0390464,0.0208333,801.07
16019,0.264028,-0.0350096,0.0191667,801.911
16020,0.264028,-0.0350096,0.0208333,803.565
16043,0.170784,-0.0368698,0.0191667,800.184
16044,0.170784,-0.0368698,0.0208333,800.184
16067,0.285494,0.0317059,0.0191667,800.003
16068,0.285494,0.0317059,0.0208333,800.002
16091,0.105272,-0.0360743,0.0191667,800.923
16092,0.105272,-0.0360743,0.0208333,800.912
16115,0.217824,-0.0366737,0.0191667,800.236
16116,0.217824,-0.0366737,0.0208333,800.235
16139,0.193061,-0.028713,0.0191667,800.062
16140,0.193061,-0.028713,0.0208333,800.061
16163,0.276359,-0.0371275,0.0191667,803.143
16164,0.276359,-0.0371275,0.0208333,802.835
16187,0.222272,-0.0360473,0.0191667,800.212
16188,0.222272,-0.0360473,0.0208333,800.206
16211,0.282507,-0.0113783,0.0191667,801.456
16212,0.282507,-0.0113783,0.0208333,801.35
16235,0.232125,0.0381444,0.0191667,800.001
16236,0.232125,0.0381444,0.0208333,800.001
16259,0.234918,-0.0377383,0.0191667,801.342
16260,0.234918,-0.0377383,0.0208333,801.34
16283,0.128607,-0.0296232,0.0191667,800.164
16284,0.128607,-0.0296232,0.0208333,800.148
16307,0.257021,-0.0367312,0.0191667,801.836
16308,0.257021,-0.0367312,0.0208333,802.594
16331,0.134514,-0.0319355,0.0191667,800.204
16332,0.134514,-0.0319355,0.0208333,800.196
16355,0.188207,-0.0380777,0.0191667,800.165
16356,0.188207,-0.0380777,0.0208333,800.163
16379,0.266918,-0.0356449,0.0191667,802.36
16380,0.266918,-0.0356449,0.0208333,804.039
16403,0.208208,-0.0378038,0.0191667,800.329
16404,0.208208,-0.0378038,0.0208333,800.326
16427,0.167108,0.0316637,0.0191667,800.0
16428,0.167108,0.0316637,0.0208333,800.001
16451,0.237673,-0.0376889,0.0191667,801.61
16452,0.237673,-0.0376889,0.0208333,801.61
16475,0.235509,-0.0362099,0.0191667,800.516
16476,0.235509,-0.0362099,0.0208333,800.52
16499,0.295856,-0.0358859,0.0191667,801.038
16500,0.295856,-0.0358859,0.0208333,801.315
16523,0.279603,-0.0162049,0.0191667,801.596
16524,0.279603,-0.0162049,0.0208333,801.418
16547,0.18209,-0.0368702,0.0191667,800.17
16548,0.18209,-0.0368702,0.0208333,800.174
16571,0.201667,-0.012268,0.0191667,800.0
16572,0.201667,-0.012268,0.0208333,800.001
16595,0.23637,-0.037775,0.0191667,801.508
16596,0.23637,-0.037775,0.0208333,801.505
16619,0.2302,-0.0311234,0.0191667,800.107
16620,0.2302,-0.0311234,0.0208333,800.107
16643,0.169184,-0.0370679,0.0191667,800.181
16644,0.169184,-0.0370679,0.0208333,800.183
16667,0.195631,-0.0382718,0.0191667,800.338
16668,0.195631,-0.0382718,0.0208333,800.338
16691,0.294681,-0.036884,0.0191667,801.153
16692,0.294681,-0.036884,0.0208333,801.404
16715,0.214931,-0.0324243,0.0191667,800.11
16716,0.214931,-0.0324243,0.0208333,800.115
16739,0.187748,-0.0385963,0.0191667,800.155
16740,0.187748,-0.0385963,0.0208333,800.152
16763,0.195131,-0.037864,0.0191667,800.294
16764,0.195131,-0.037864,0.0208333,800.285
16787,0.147388,-0.0322379,0.0191667,800.219
16788,0.147388,-0.0322379,0.0208333,800.217
16811,0.165099,-0.0367428,0.0191667,800.172
16812,0.165099,-0.0367428,0.0208333,800.172
16835,0.194754,-0.0339672,0.0191667,800.139
16836,0.194754,-0.0339672,0.0208333,800.136
16859,0.102188,-0.035365,0.0191667,801.517
16860,0.102188,-0.035365,0.0208333,801.511
16883,0.277964,-0.036091,0.0191667,803.294
16884,0.277964,-0.036091,0.0208333,803.49
16907,0.112757,-0.0321998,0.0191667,800.206
16908,0.112757,-0.0321998,0.0208333,800.199
16931,0.204188,-0.0354409,0.0191667,800.143
16932,0.204188,-0.0354409,0.0208333,800.144
16955,0.246342,-0.0363419,0.0191667,802.957
16956,0.246342,-0.0363419,0.0208333,803.097
16979,0.104448,-0.0239677,0.0191667,800.219
16980,0.104448,-0.0239677,0.0208333,800.215
17003,0.241972,-0.0364238,0.0191667,801.27
17004,0.241972,-0.0364238,0.0208333,801.271
17027,0.155267,-0.0367492,0.0191667,800.217
17028,0.155267,-0.0367492,0.0208333,800.211
17051,0.235223,-0.0140501,0.0191667,800.005
17052,0.235223,-0.0140501,0.0208333,800.005
17075,0.12419,-0.0373868,0.0191667,800.298
17076,0.12419,-0.0373868,0.0208333,800.3
17099,0.204232,-0.0275815,0.0191667,800.046
17100,0.204232,-0.0275815,0.0208333,800.045
17123,0.136518,-0.0272211,0.0191667,800.194
17124,0.136518,-0.0272211,0.0208333,800.186
17147,0.133792,-0.0290497,0.0191667,800.182
17148,0.133792,-0.0290497,0.0208333,800.172
17171,0.201378,-0.0294069,0.0191667,800.065
17172,0.201378,-0.0294069,0.0208333,800.063
17195,0.237179,-0.0310074,0.0191667,800.126
17196,0.237179,-0.0310074,0.0208333,800.125
17219,0.295036,-0.0182819,0.0191667,800.745
17220,0.295036,-0.0182819,0.0208333,801.422
17243,0.112015,-0.0360873,0.0191667,800.348
17244,0.112015,-0.0360873,0.0208333,800.35
17267,0.237839,-0.0136462,0.0191667,800.005
17268,0.237839,-0.0136462,0.0208333,800.004
17291,0.129456,-0.0390273,0.0191667,800.963
17292,0.129456,-0.0390273,0.0208333,800.96
17315,0.272107,-0.0342937,0.0191667,802.314
17316,0.272107,-0.0342937,0.0208333,804.622
17339,0.210039,-0.0154915,0.0191667,800.002
17340,0.210039,-0.0154915,0.0208333,800.002
17363,0.12933,-0.0364268,0.0191667,800.21
17364,0.12933,-0.0364268,0.0208333,800.205
17387,0.163087,-0.0306985,0.0191667,800.182
17388,0.163087,-0.0306985,0.0208333,800.182
17411,0.103193,-0.0379076,0.0191667,801.753
17412,0.103193,-0.0379076,0.0208333,801.746
17435,0.241183,-0.0369894,0.0191667,801.697
17436,0.241183,-0.0369894,0.0208333,801.698
17459,0.187236,-0.0370161,0.0191667,800.17
17460,0.187236,-0.0370161,0.0208333,800.17
17483,0.13342,-0.0356811,0.0191667,800.213
17484,0.13342,-0.0356811,0.0208333,800.209
17507,0.240336,-0.0367206,0.0191667,801.145
17508,0.240336,-0.0367206,0.0208333,801.145
17531,0.121234,-0.0322172,0.0191667,800.198
17532,0.121234,-0.0322172,0.0208333,800.191
17555,0.107032,-0.0178703,0.0191667,800.199
17556,0.107032,-0.0178703,0.0208333,800.192
17579,0.123732,-0.0359626,0.0191667,800.221
17580,0.123732,-0.0359626,0.0208333,800.224
17603,0.134123,-0.0176311,0.0191667,800.216
17604,0.134123,-0.0176311,0.0208333,800.212
17627,0.232302,-0.0368901,0.0191667,800.575
17628,0.232302,-0.0368901,0.0208333,800.581
17651,0.184692,-0.0344322,0.0191667,800.151
17652,0.184692,-0.0344322,0.0208333,800.15
17675,0.287599,0.000146987,0.0191667,801.398
17676,0.287599,0.000146987,0.0208333,801.327
17699,0.258925,-0.0290483,0.0191667,801.378
17700,0.258925,-0.0290483,0.0208333,801.495
17723,0.138042,-0.0375024,0.0191667,800.229
17724,0.138042,-0.0375024,0.0208333,800.223
17747,0.174651,-0.0390948,0.0191667,800.693
17748,0.174651,-0.0390948,0.0208333,800.691
17771,0.111816,-0.0382243,0.0191667,801.001
17772,0.111816,-0.0382243,0.0208333,800.994
17795,0.202411,-0.0181233,0.0191667,800.004
17796,0.202411,-0.0181233,0.0208333,800.004
17819,0.260935,-0.0359925,0.0191667,801.952
17820,0.260935,-0.0359925,0.0208333,803.181
17843,0.166643,-0.0293532,0.0191667,800.147
17844,0.166643,-0.0293532,0.0208333,800.147
17867,0.159397,-0.0358823,0.0191667,800.202
17868,0.159397,-0.0358823,0.0208333,800.202
17891,0.240172,-0.0358858,0.0191667,800.753
17892,0.240172,-0.0358858,0.0208333,800.753
17915,0.134154,-0.0116135,0.0191667,800.108
17916,0.134154,-0.0116135,0.0208333,800.11
17939,0.174775,-0.0381877,0.0191667,800.142
17940,0.174775,-0.0381877,0.0208333,800.141
17963,0.285786,-0.0298322,0.0191667,801.986
17964,0.285786,-0.0298322,0.0208333,804.748
17987,0.139269,-0.0204532,0.0191667,800.22
17988,0.139269,-0.0204532,0.0208333,800.215
18011,0.222654,-0.0368897,0.0191667,800.303
18012,0.222654,-0.0368897,0.0208333,800.308
18035,0.206958,-0.0208641,0.0191667,800.005
18036,0.206958,-0.0208641,0.0208333,800.008
18059,0.185207,-0.0307119,0.0191667,800.093
18060,0.185207,-0.0307119,0.0208333,800.099
18083,0.186532,-0.0345639,0.0191667,800.152
18084,0.186532,-0.0345639,0.0208333,800.15
18107,0.137897,-0.0382016,0.0191667,800.322
18108,0.137897,-0.0382016,0.0208333,800.322
18131,0.145472,-0.033426,0.0191667,800.22
18132,0.145472,-0.033426,0.0208333,800.214
18155,0.137468,-0.0369322,0.0191667,800.223
18156,0.137468,-0.0369322,0.0208333,800.213
18179,0.285987,-0.0337472,0.0191667,803.004
18180,0.285987,-0.0337472,0.0208333,804.256
18203,0.277223,-0.0380122,0.0191667,801.823
18204,0.277223,-0.0380122,0.0208333,801.66
18227,0.130198,-0.0325563,0.0191667,800.197
18228,0.130198,-0.0325563,0.0208333,800.191
18251,0.213051,-0.0335725,0.0191667,800.122
18252,0.213051,-0.0335725,0.0208333,800.124
18275,0.163583,-0.0371279,0.0191667,800.194
18276,0.163583,-0.0371279,0.0208333,800.189
18299,0.177558,-0.0392807,0.0191667,800.895
18300,0.177558,-0.0392807,0.0208333,800.892
18323,0.293057,-0.0363958,0.0191667,801.233
18324,0.293057,-0.0363958,0.0208333,801.63
18347,0.186215,-0.0381987,0.0191667,800.132
18348,0.186215,-0.0381987,0.0208333,800.131
18371,0.143679,-0.0343707,0.0191667,800.221
18372,0.143679,-0.0343707,0.0208333,800.217
18395,0.246936,-0.0382459,0.0191667,802.261
18396,0.246936,-0.0382459,0.0208333,802.416
18419,0.292872,-0.00070479,0.0191667,801.201
18420,0.292872,-0.00070479,0.0208333,801.186
18443,0.190657,-0.0320521,0.0191667,800.11
18444,0.190657,-0.0320521,0.0208333,800.112
18467,0.218554,-0.0318996,0.0191667,800.103
18468,0.218554,-0.0318996,0.0208333,800.105
18491,0.11488,-0.0322764,0.0191667,800.198
18492,0.11488,-0.0322764,0.0208333,800.192
18515,0.212733,-0.0370393,0.0191667,800.252
18516,0.212733,-0.0370393,0.0208333,800.248
18539,0.253747,-0.0384032,0.0191667,802.164
18540,0.253747,-0.0384032,0.0208333,802.507
18563,0.211314,-0.0344372,0.0191667,800.133
18564,0.211314,-0.0344372,0.0208333,800.132
18587,0.260301,0.0346465,0.0191667,800.0
18588,0.260301,0.0346465,0.0208333,800.003
18611,0.211437,0.0332748,0.0191667,800.001
18612,0.211437,0.0332748,0.0208333,800.0
18635,0.136323,-0.0354283,0.0191667,800.217
18636,0.136323,-0.0354283,0.0208333,800.212
18659,0.120433,-0.0333394,0.0191667,800.201
18660,0.120433,-0.0333394,0.0208333,800.194
18683,0.123527,-0.0368552,0.0191667,800.282
18684,0.123527,-0.0368552,0.0208333,800.279
18707,0.142083,-0.0368635,0.0191667,800.201
18708,0.142083,-0.0368635,0.0208333,800.195
18731,0.292357,-0.0356791,0.0191667,801.609
18732,0.292357,-0.0356791,0.0208333,802.113
18755,0.256351,-0.0341986,0.0191667,801.537
18756,0.256351,-0.0341986,0.0208333,802.151
18779,0.142097,-0.0352544,0.0191667,800.225
18780,0.142097,-0.0352544,0.0208333,800.221
18803,0.288753,-0.0298469,0.0191667,802.001
18804,0.288753,-0.0298469,0.0208333,804.518
18827,0.220926,-0.0367698,0.0191667,800.272
18828,0.220926,-0.0367698,0.0208333,800.276
18851,0.16444,-0.0373175,0.0191667,800.197
18852,0.16444,-0.0373175,0.0208333,800.199
18875,0.142425,-0.0150287,0.0191667,800.131
18876,0.142425,-0.0150287,0.0208333,800.133
18899,0.131533,-0.0342196,0.0191667,800.217
18900,0.131533,-0.0342196,0.0208333,800.212
18923,0.150418,-0.0339951,0.0191667,800.228
18924,0.150418,-0.0339951,0.0208333,800.222
18947,0.175737,-0.0365965,0.0191667,800.186
18948,0.175737,-0.0365965,0.0208333,800.184
18971,0.277492,-0.0288325,0.0191667,801.222
18972,0.277492,-0.0288325,0.0208333,802.153
18995,0.15896,-0.0335456,0.0191667,800.207
18996,0.15896,-0.0335456,0.0208333,800.202
19019,0.226112,-0.0336488,0.0191667,800.14
19020,0.226112,-0.0336488,0.0208333,800.136
19043,0.186844,-0.0386621,0.0191667,800.324
19044,0.186844,-0.0386621,0.0208333,800.319
19067,0.274158,-0.0276864,0.0191667,801.202
19068,0.274158,-0.0276864,0.0208333,801.466
19091,0.209784,-0.0353174,0.0191667,800.15
19092,0.209784,-0.0353174,0.0208333,800.143
19115,0.201017,-0.0206067,0.0191667,800.003
19116,0.201017,-0.0206067,0.0208333,800.004
19139,0.105081,-0.0369258,0.0191667,801.311
19140,0.105081,-0.0369258,0.0208333,801.304
19163,0.152958,-0.0327568,0.0191667,800.231
19164,0.152958,-0.0327568,0.0208333,800.227
19187,0.132781,-0.0201577,0.0191667,800.22
19188,0.132781,-0.0201577,0.0208333,800.214
19211,0.249108,-0.035183,0.0191667,801.952
19212,0.249108,-0.035183,0.0208333,802.021
19235,0.173156,-0.0362985,0.0191667,800.183
19236,0.173156,-0.0362985,0.0208333,800.181
19259,0.109573,-0.0370099,0.0191667,800.654
19260,0.109573,-0.0370099,0.0208333,800.656
19283,0.20337,-0.0333634,0.0191667,800.124
19284,0.20337,-0.0333634,0.0208333,800.121
19307,0.191849,-0.0368347,0.0191667,800.158
19308,0.191849,-0.0368347,0.0208333,800.163
19331,0.127616,-0.0339676,0.0191667,800.21
19332,0.127616,-0.0339676,0.0208333,800.207
19355,0.220934,-0.0324517,0.0191667,800.112
19356,0.220934,-0.0324517,0.0208333,800.115
19379,0.166858,-0.032828,0.0191667,800.178
19380,0.166858,-0.032828,0.0208333,800.18
19403,0.132395,-0.0334638,0.0191667,800.22
19404,0.132395,-0.0334638,0.0208333,800.212
19427,0.296086,-0.0249167,0.0191667,801.004
19428,0.296086,-0.0249167,0.0208333,801.563
19451,0.230804,-0.0374078,0.0191667,800.677
19452,0.230804,-0.0374078,0.0208333,800.681
19475,0.271095,-0.0382254,0.0191667,802.173
19476,0.271095,-0.0382254,0.0208333,802.164
19499,0.173455,-0.0174943,0.0191667,800.009
19500,0.173455,-0.0174943,0.0208333,800.01
19523,0.267225,-0.038272,0.0191667,802.443
19524,0.267225,-0.038272,0.0208333,802.562
19547,0.204447,-0.0334839,0.0191667,800.128
19548,0.204447,-0.0334839,0.0208333,800.125
19571,0.181651,-0.0326691,0.0191667,800.136
19572,0.181651,-0.0326691,0.0208333,800.13
19595,0.167177,-0.0354743,0.0191667,800.178
19596,0.167177,-0.0354743,0.0208333,800.181
19619,0.258266,-0.0344478,0.0191667,801.58
19620,0.258266,-0.0344478,0.0208333,802.497
19643,0.172398,-0.036786,0.0191667,800.185
19644,0.172398,-0.036786,0.0208333,800.183
19667,0.181237,0.0338656,0.0191667,800.002
19668,0.181237,0.0338656,0.0208333,800.002
19691,0.200218,-0.0370185,0.0191667,800.185
19692,0.200218,-0.0370185,0.0208333,800.184
19715,0.151591,-0.0371353,0.0191667,800.209
19716,0.151591,-0.0371353,0.0208333,800.206
19739,0.104972,-0.025866,0.0191667,800.274
19740,0.104972,-0.025866,0.0208333,800.269
19763,0.246261,-0.0372167,0.0191667,803.089
19764,0.246261,-0.0372167,0.0208333,803.338
19787,0.157613,-0.0378174,0.0191667,800.167
19788,0.157613,-0.0378174,0.0208333,800.163
19811,0.141813,-0.039159,0.0191667,800.836
19812,0.141813,-0.039159,0.0208333,800.831
19835,0.122776,-0.0384491,0.0191667,800.555
19836,0.122776,-0.0384491,0.0208333,800.547
19859,0.28091,-0.0271434,0.0191667,801.118
19860,0.28091,-0.0271434,0.0208333,801.953
19883,0.198506,-0.039136,0.0191667,801.161
19884,0.198506,-0.039136,0.0208333,801.153
19907,0.222677,0.0315441,0.0191667,800.0
19908,0.222677,0.0315441,0.0208333,800.0
19931,0.267693,-0.030416,0.0191667,801.216
19932,0.267693,-0.030416,0.0208333,801.749
19955,0.209618,-0.0309686,0.0191667,800.092
19956,0.209618,-0.0309686,0.0208333,800.085
19979,0.133069,-0.0365196,0.0191667,800.227
19980,0.133069,-0.0365196,0.0208333,800.219
20003,0.246232,-0.0139773,0.0191667,800.015
20004,0.246232,-0.0139773,0.0208333,800.016
20027,0.122406,-0.0378311,0.0191667,800.484
20028,0.122406,-0.0378311,0.0208333,800.477
20051,0.20409,-0.037097,0.0191667,800.181
20052,0.20409,-0.037097,0.0208333,800.181
20075,0.177511,-0.03858,0.0191667,800.173
20076,0.177511,-0.03858,0.0208333,800.17
20099,0.270028,-0.0305988,0.0191667,801.209
20100,0.270028,-0.0305988,0.0208333,801.836
20123,0.140682,-0.0360649,0.0191667,800.213
20124,0.140682,-0.0360649,0.0208333,800.206
20147,0.293412,-0.0162323,0.0191667,800.978
20148,0.293412,-0.0162323,0.0208333,801.774
20171,0.279964,-0.00682102,0.0191667,800.923
20172,0.279964,-0.00682102,0.0208333,800.878
20195,0.174204,-0.0307905,0.0191667,800.125
20196,0.174204,-0.0307905,0.0208333,800.125
20219,0.113465,-0.0366269,0.0191667,800.352
20220,0.113465,-0.0366269,0.0208333,800.356
20243,0.198446,-0.0348835,0.0191667,800.144
20244,0.198446,-0.0348835,0.0208333,800.148
20267,0.297038,0.0211242,0.0191667,800.973
20268,0.297038,0.0211242,0.0208333,800.99
20291,0.105462,-0.0291897,0.0191667,800.271
20292,0.105462,-0.0291897,0.0208333,800.272
20315,0.206199,-0.0356583,0.0191667,800.15
20316,0.206199,-0.0356583,0.0208333,800.144
20339,0.105588,-0.0306342,0.0191667,800.314
20340,0.105588,-0.0306342,0.0208333,800.318
20363,0.288747,-0.0371231,0.0191667,801.626
20364,0.288747,-0.0371231,0.0208333,801.757
20387,0.157089,-0.0343315,0.0191667,800.214
20388,0.157089,-0.0343315,0.0208333,800.207
20411,0.224389,-0.0344451,0.0191667,800.153
20412,0.224389,-0.0344451,0.0208333,800.149
20435,0.199271,-0.039536,0.0191667,801.608
20436,0.199271,-0.039536,0.0208333,801.6
20459,0.129079,-0.0344448,0.0191667,800.217
20460,0.129079,-0.0344448,0.0208333,800.211
20483,0.288749,-0.0379411,0.0191667,801.268
20484,0.288749,-0.0379411,0.0208333,801.332
20507,0.155426,-0.0350819,0.0191667,800.221
20508,0.155426,-0.0350819,0.0208333,800.216
20531,0.129476,-0.0373496,0.0191667,800.206
20532,0.129476,-0.0373496,0.0208333,800.198
20555,0.214521,-0.0188672,0.0191667,800.004
20556,0.214521,-0.0188672,0.0208333,800.004
20579,0.146974,-0.0184535,0.0191667,800.155
20580,0.146974,-0.0184535,0.0208333,800.157
20603,0.267128,-0.0365188,0.0191667,802.778
20604,0.267128,-0.0365188,0.0208333,803.562
20627,0.189784,-0.0358593,0.0191667,800.18
20628,0.189784,-0.0358593,0.0208333,800.175
20651,0.17333,-0.0148649,0.0191667,800.004
20652,0.17333,-0.0148649,0.0208333,800.005
20675,0.132799,-0.0382796,0.0191667,800.337
20676,0.132799,-0.0382796,0.0208333,800.33
20699,0.151093,-0.0365017,0.0191667,800.217
20700,0.151093,-0.0365017,0.0208333,800.214
20723,0.179111,-0.0232764,0.0191667,800.027
20724,0.179111,-0.0232764,0.0208333,800.027
20747,0.149581,-0.00949758,0.0191667,800.01
20748,0.149581,-0.00949758,0.0208333,800.011
20771,0.26637,-0.037097,0.0191667,802.651
20772,0.26637,-0.037097,0.0208333,803.181
20795,0.123538,-0.0318127,0.0191667,800.191
20796,0.123538,-0.0318127,0.0208333,800.187
20819,0.269189,-0.0279936,0.0191667,801.228
20820,0.269189,-0.0279936,0.0208333,801.341
20843,0.219899,-0.0348652,0.0191667,800.156
20844,0.219899,-0.0348652,0.0208333,800.148
20867,0.275969,-0.0318298,0.0191667,801.532
20868,0.275969,-0.0318298,0.0208333,803.791
20891,0.222798,-0.0352213,0.0191667,800.178
20892,0.222798,-0.0352213,0.0208333,800.172
20915,0.199833,-0.0336214,0.0191667,800.126
20916,0.199833,-0.0336214,0.0208333,800.127
20939,0.118037,-0.0136727,0.0191667,800.235
20940,0.118037,-0.0136727,0.0208333,800.232
20963,0.167459,-0.0316727,0.0191667,800.168
20964,0.167459,-0.0316727,0.0208333,800.17
20987,0.178589,-0.0135091,0.0191667,800.0
20988,0.178589,-0.0135091,0.0208333,800.002
21011,0.205513,-0.0364002,0.0191667,800.158
21012,0.205513,-0.0364002,0.0208333,800.157
21035,0.195762,-0.0310386,0.0191667,800.096
21036,0.195762,-0.0310386,0.0208333,800.091
21059,0.111375,-0.0353833,0.0191667,800.304
21060,0.111375,-0.0353833,0.0208333,800.302
21083,0.196246,-0.0366112,0.0191667,800.151
21084,0.196246,-0.0366112,0.0208333,800.151
21107,0.248365,-0.0344389,0.0191667,802.294
21108,0.248365,-0.0344389,0.0208333,802.361
21131,0.221312,-0.0359699,0.0191667,800.221
21132,0.221312,-0.0359699,0.0208333,800.215
21155,0.127555,-0.0370922,0.0191667,800.291
21156,0.127555,-0.0370922,0.0208333,800.287
21179,0.23373,-0.0356516,0.0191667,800.273
21180,0.23373,-0.0356516,0.0208333,800.281
21203,0.151454,-0.0379073,0.0191667,800.199
21204,0.151454,-0.0379073,0.0208333,800.182
21227,0.291872,-0.0339054,0.0191667,802.066
21228,0.291872,-0.0339054,0.0208333,802.993
21251,0.263633,-0.0365858,0.0191667,802.336
21252,0.263633,-0.0365858,0.0208333,803.323
21275,0.17498,-0.0333566,0.0191667,800.169
21276,0.17498,-0.0333566,0.0208333,800.168
21299,0.103689,-0.035851,0.0191667,801.248
21300,0.103689,-0.035851,0.0208333,801.242
21323,0.262018,-0.0370336,0.0191667,802.225
21324,0.262018,-0.0370336,0.0208333,802.99
21347,0.220122,-0.0377704,0.0191667,800.526
21348,0.220122,-0.0377704,0.0208333,800.527
21371,0.154021,-0.0358141,0.0191667,800.223
21372,0.154021,-0.0358141,0.0208333,800.218
21395,0.239975,-0.0290446,0.0191667,800.117
21396,0.239975,-0.0290446,0.0208333,800.114
21419,0.133486,-0.0379207,0.0191667,800.282
21420,0.133486,-0.0379207,0.0208333,800.275
21443,0.248485,-0.0332378,0.0191667,801.479
21444,0.248485,-0.0332378,0.0208333,801.512
21467,0.17297,-0.0287232,0.0191667,800.107
21468,0.17297,-0.0287232,0.0208333,800.109
21491,0.28955,-0.0383585,0.0191667,801.197
21492,0.28955,-0.0383585,0.0208333,801.293
21515,0.269651,-0.000616461,0.0191667,800.023
21516,0.269651,-0.000616461,0.0208333,800.022
21539,0.116294,-0.0382812,0.0191667,800.75
21540,0.116294,-0.0382812,0.0208333,800.734
21563,0.112909,-0.0359246,0.0191667,800.317
21564,0.112909,-0.0359246,0.0208333,800.324
21587,0.244456,-0.0390569,0.0191667,806.282
21588,0.244456,-0.0390569,0.0208333,806.441
21611,0.187958,0.0277307,0.0191667,799.995
21612,0.187958,0.0277307,0.0208333,800.001
21635,0.191407,0.0275054,0.0191667,799.997
21636,0.191407,0.0275054,0.0208333,800.0
21659,0.220178,-0.0368385,0.0191667,800.3
21660,0.220178,-0.0368385,0.0208333,800.301
21683,0.214049,0.0318397,0.0191667,800.0
21684,0.214049,0.0318397,0.0208333,800.0
21707,0.291223,-0.0368479,0.0191667,801.441
21708,0.291223,-0.0368479,0.0208333,801.764
21731,0.295275,-0.0351577,0.0191667,801.042
21732,0.295275,-0.0351577,0.0208333,801.443
21755,0.147625,-0.0124466,0.0191667,800.042
21756,0.147625,-0.0124466,0.0208333,800.051
21779,0.2431,-0.0287009,0.0191667,800.124
21780,0.2431,-0.0287009,0.0208333,800.12
21803,0.175305,-0.0345526,0.0191667,800.171
21804,0.175305,-0.0345526,0.0208333,800.173
21827,0.17611,-0.0281182,0.0191667,800.093
21828,0.17611,-0.0281182,0.0208333,800.094
21851,0.285812,-0.0310991,0.0191667,802.183
21852,0.285812,-0.0310991,0.0208333,805.069
21875,0.246284,-0.0282752,0.0191667,800.14
21876,0.246284,-0.0282752,0.0208333,800.136
21899,0.252862,-0.0272657,0.0191667,800.336
21900,0.252862,-0.0272657,0.0208333,800.334
21923,0.108889,-0.0365709,0.0191667,800.613
21924,0.108889,-0.0365709,0.0208333,800.601
21947,0.137621,-0.0177055,0.0191667,800.221
21948,0.137621,-0.0177055,0.0208333,800.217
21971,0.118787,-0.0346978,0.0191667,800.222
21972,0.118787,-0.0346978,0.0208333,800.214
21995,0.249558,-0.0278374,0.0191667,800.175
21996,0.249558,-0.0278374,0.0208333,800.169
22019,0.25991,-0.0264878,0.0191667,801.073
22020,0.25991,-0.0264878,0.0208333,801.123
22043,0.256299,-0.0268466,0.0191667,800.697
22044,0.256299,-0.0268466,0.0208333,800.723
22067,0.263605,-0.0259742,0.0191667,801.24
22068,0.263605,-0.0259742,0.0208333,801.33
22091,0.267469,-0.0324511,0.0191667,801.282
22092,0.267469,-0.0324511,0.0208333,802.377
22115,0.267267,-0.0252258,0.0191667,801.354
22116,0.267267,-0.0252258,0.0208333,801.362
22139,0.271063,-0.0248171,0.0191667,801.32
22140,0.271063,-0.0248171,0.0208333,801.328
22163,0.283542,-0.0366364,0.0191667,802.564
22164,0.283542,-0.0366364,0.0208333,802.517
22187,0.196355,-0.0350203,0.0191667,800.151
22188,0.196355,-0.0350203,0.0208333,800.15
22211,0.275062,-0.0243244,0.0191667,801.565
22212,0.275062,-0.0243244,0.0208333,801.466
22235,0.172418,-0.0376806,0.0191667,800.154
22236,0.172418,-0.0376806,0.0208333,800.154
22259,0.290367,-0.0371837,0.0191667,801.371
22260,0.290367,-0.0371837,0.0208333,801.634
22283,0.169306,-0.0379253,0.0191667,800.156
22284,0.169306,-0.0379253,0.0208333,800.156
22307,0.205407,-0.018164,0.0191667,800.003
22308,0.205407,-0.018164,0.0208333,800.004
22331,0.153247,-0.00989425,0.0191667,800.005
22332,0.153247,-0.00989425,0.0208333,800.006
22355,0.175786,-0.0325137,0.0191667,800.148
22356,0.175786,-0.0325137,0.0208333,800.145
22379,0.135987,-0.0233403,0.0191667,800.218
22380,0.135987,-0.0233403,0.0208333,800.213
22403,0.113099,-0.0375008,0.0191667,800.621
22404,0.113099,-0.0375008,0.0208333,800.614
22427,0.239821,-0.0198479,0.0191667,800.027
22428,0.239821,-0.0198479,0.0208333,800.026
22451,0.215091,-0.0129405,0.0191667,800.0
22452,0.215091,-0.0129405,0.0208333,800.002
22475,0.156108,-0.0368544,0.0191667,800.204
22476,0.156108,-0.0368544,0.0208333,800.199
22499,0.296933,-0.0324908,0.0191667,800.829
22500,0.296933,-0.0324908,0.0208333,800.976
22523,0.197403,-0.0156138,0.0191667,800.002
22524,0.197403,-0.0156138,0.0208333,800.003
22547,0.186362,-0.0374029,0.0191667,800.167
22548,0.186362,-0.0374029,0.0208333,800.167
22571,0.242591,-0.0348394,0.0191667,800.596
22572,0.242591,-0.0348394,0.0208333,800.599
22595,0.203739,-0.0237097,0.0191667,800.014
22596,0.203739,-0.0237097,0.0208333,800.014
22619,0.113763,0.00134519,0.0191667,799.989
22620,0.113763,0.00134519,0.0208333,799.988
22643,0.179785,-0.0381563,0.0191667,800.169
22644,0.179785,-0.0381563,0.0208333,800.167
22667,0.281965,-0.0383317,0.0191667,801.594
22668,0.281965,-0.0383317,0.0208333,801.47
22691,0.278586,-0.0298873,0.0191667,801.353
22692,0.278586,-0.0298873,0.0208333,803.401
22715,0.207593,-0.0339056,0.0191667,800.127
22716,0.207593,-0.0339056,0.0208333,800.13
22739,0.174587,-0.0352021,0.0191667,800.176
22740,0.174587,-0.0352021,0.0208333,800.176
22763,0.23522,0.033216,0.0191667,800.0
22764,0.23522,0.033216,0.0208333,799.999
22787,0.114336,-0.0365079,0.0191667,800.361
22788,0.114336,-0.0365079,0.0208333,800.365
22811,0.213594,-0.0372258,0.0191667,800.238
22812,0.213594,-0.0372258,0.0208333,800.236
22835,0.143021,-0.0369058,0.0191667,800.204
22836,0.143021,-0.0369058,0.0208333,800.196
22859,0.141601,-0.0376698,0.0191667,800.239
22860,0.141601,-0.0376698,0.0208333,800.234
22883,0.121463,-0.0368442,0.0191667,800.282
22884,0.121463,-0.0368442,0.0208333,800.283
22907,0.23714,-0.0382345,0.0191667,801.812
22908,0.23714,-0.0382345,0.0208333,801.814
22931,0.261547,-0.035385,0.0191667,801.923
22932,0.261547,-0.035385,0.0208333,803.306
22955,0.211514,-0.0375737,0.0191667,800.323
22956,0.211514,-0.0375737,0.0208333,800.323
22979,0.170366,0.0332294,0.0191667,800.001
22980,0.170366,0.0332294,0.0208333,800.001
23003,0.127032,-0.0111182,0.0191667,800.186
23004,0.127032,-0.0111182,0.0208333,800.182
23027,0.273084,-0.000847184,0.0191667,800.071
23028,0.273084,-0.000847184,0.0208333,800.072
23051,0.267722,-0.00344701,0.0191667,800.034
23052,0.267722,-0.00344701,0.0208333,800.034
23075,0.263064,-0.0348175,0.0191667,801.839
23076,0.263064,-0.0348175,0.0208333,803.477
23099,0.211796,-0.0126554,0.0191667,800.0
23100,0.211796,-0.0126554,0.0208333,800.001
23123,0.122416,-0.0324085,0.0191667,800.198
23124,0.122416,-0.0324085,0.0208333,800.189
23147,0.193155,0.030373,0.0191667,800.0
23148,0.193155,0.030373,0.0208333,800.0
23171,0.23533,-0.0352991,0.0191667,800.277
23172,0.23533,-0.0352991,0.0208333,800.272
23195,0.199789,-0.0378108,0.0191667,800.216
23196,0.199789,-0.0378108,0.0208333,800.217
23219,0.11445,0.0316847,0.0191667,800.0
23220,0.11445,0.0316847,0.0208333,800.0
23243,0.217055,-0.0100016,0.0191667,800.0
23244,0.217055,-0.0100016,0.0208333,800.001
23267,0.294661,-0.0236737,0.0191667,800.949
23268,0.294661,-0.0236737,0.0208333,801.58
23291,0.167402,-0.0338357,0.0191667,800.185
23292,0.167402,-0.0338357,0.0208333,800.179
23315,0.237015,-0.0350016,0.0191667,800.28
23316,0.237015,-0.0350016,0.0208333,800.284
23339,0.121636,-0.0136082,0.0191667,800.243
23340,0.121636,-0.0136082,0.0208333,800.24
23363,0.122261,-0.0356417,0.0191667,800.221
23364,0.122261,-0.0356417,0.0208333,800.214
23387,0.140177,-0.0382359,0.0191667,800.31
23388,0.140177,-0.0382359,0.0208333,800.307
23411,0.21378,-0.0357533,0.0191667,800.156
23412,0.21378,-0.0357533,0.0208333,800.154
23435,0.231632,-0.0279391,0.0191667,800.075
23436,0.231632,-0.0279391,0.0208333,800.074
23459,0.257704,-0.0372397,0.0191667,801.956
23460,0.257704,-0.0372397,0.0208333,802.623
23483,0.164425,-0.0274793,0.0191667,800.146
23484,0.164425,-0.0274793,0.0208333,800.147
23507,0.232489,-0.0112838,0.0191667,800.0
23508,0.232489,-0.0112838,0.0208333,800.001
23531,0.116555,-0.0306161,0.0191667,800.193
23532,0.116555,-0.0306161,0.0208333,800.185
23555,0.195838,0.0363589,0.0191667,800.001
23556,0.195838,0.0363589,0.0208333,800.0
23579,0.279602,-0.0338404,0.0191667,803.234
23580,0.279602,-0.0338404,0.0208333,804.858
23603,0.182054,-0.0278204,0.0191667,800.07
23604,0.182054,-0.0278204,0.0208333,800.068
23627,0.0969717,-0.00827099,0.0191667,800.001
23628,0.0969717,-0.00827099,0.0208333,800.002
23651,0.267628,-0.0349683,0.0191667,802.316
23652,0.267628,-0.0349683,0.0208333,804.201
23675,0.211305,-0.0382313,0.0191667,800.501
23676,0.211305,-0.0382313,0.0208333,800.498
23699,0.214883,-0.0297844,0.0191667,800.075
23700,0.214883,-0.0297844,0.0208333,800.074
23723,0.147358,-0.0295352,0.0191667,800.218
23724,0.147358,-0.0295352,0.0208333,800.218
23747,0.234198,-0.0382862,0.0191667,801.549
23748,0.234198,-0.0382862,0.0208333,801.545
23771,0.111876,-0.00155845,0.0191667,799.977
23772,0.111876,-0.00155845,0.0208333,799.977
23795,0.299582,-0.0362754,0.0191667,800.944
23796,0.299582,-0.0362754,0.0208333,801.026
23819,0.194811,-0.0318134,0.0191667,800.099
23820,0.194811,-0.0318134,0.0208333,800.104
23843,0.220384,-0.0103512,0.0191667,800.0
23844,0.220384,-0.0103512,0.0208333,800.0
23867,0.269313,-0.0344956,0.0191667,802.303
23868,0.269313,-0.0344956,0.0208333,804.423
23891,0.17233,-0.033814,0.0191667,800.171
23892,0.17233,-0.033814,0.0208333,800.173
23915,0.296502,0.0185012,0.0191667,800.959
23916,0.296502,0.0185012,0.0208333,800.977
23939,0.293188,-0.0110157,0.0191667,801.173
23940,0.293188,-0.0110157,0.0208333,801.542
23963,0.222605,-0.0383955,0.0191667,800.904
23964,0.222605,-0.0383955,0.0208333,800.905
23987,0.28795,-0.0366994,0.0191667,802.012
23988,0.28795,-0.0366994,0.0208333,802.196
24011,0.234779,-0.0270659,0.0191667,800.072
24012,0.234779,-0.0270659,0.0208333,800.076
24035,0.122145,-0.0364697,0.0191667,800.239
24036,0.122145,-0.0364697,0.0208333,800.236
24059,0.279445,-0.0190855,0.0191667,801.783
24060,0.279445,-0.0190855,0.0208333,801.586
24083,0.167636,-0.0266499,0.0191667,800.113
24084,0.167636,-0.0266499,0.0208333,800.116
24107,0.144196,-0.0121808,0.0191667,800.058
24108,0.144196,-0.0121808,0.0208333,800.051
24131,0.148594,-0.0378452,0.0191667,800.198
24132,0.148594,-0.0378452,0.0208333,800.182
24155,0.118715,-0.00179691,0.0191667,800.006
24156,0.118715,-0.00179691,0.0208333,800.005
24179,0.234796,-0.0368321,0.0191667,800.534
24180,0.234796,-0.0368321,0.0208333,800.543
24203,0.28033,-0.0385645,0.0191667,801.593
24204,0.28033,-0.0385645,0.0208333,801.543
24227,0.234317,-0.0164444,0.0191667,800.007
24228,0.234317,-0.0164444,0.0208333,800.006
24251,0.299119,-0.0354744,0.0191667,800.922
24252,0.299119,-0.0354744,0.0208333,801.001
24275,0.101734,0.0129326,0.0191667,800.006
24276,0.101734,0.0129326,0.0208333,800.005
24299,0.299537,-0.034627,0.0191667,800.896
24300,0.299537,-0.034627,0.0208333,800.97
24323,0.113932,-0.0300927,0.0191667,800.198
24324,0.113932,-0.0300927,0.0208333,800.192
24347,0.258592,-0.0120922,0.0191667,800.046
24348,0.258592,-0.0120922,0.0208333,800.048
24371,0.117157,0.0012876,0.0191667,799.989
24372,0.117157,0.0012876,0.0208333,799.988
24395,0.173707,-0.0348281,0.0191667,800.172
24396,0.173707,-0.0348281,0.0208333,800.175
24419,0.187447,-0.0311958,0.0191667,800.1
24420,0.187447,-0.0311958,0.0208333,800.101
24443,0.111176,-0.0295291,0.0191667,800.202
24444,0.111176,-0.0295291,0.0208333,800.195
24467,0.260499,-0.038038,0.0191667,802.165
24468,0.260499,-0.038038,0.0208333,802.496
24491,0.116828,-0.00469224,0.0191667,800.023
24492,0.116828,-0.00469224,0.0208333,800.022
24515,0.249478,-0.0329715,0.0191667,801.473
24516,0.249478,-0.0329715,0.0208333,801.499
24539,0.289758,-0.0114262,0.0191667,801.382
24540,0.289758,-0.0114262,0.0208333,801.473
24563,0.150741,-0.0382456,0.0191667,800.185
24564,0.150741,-0.0382456,0.0208333,800.181
24587,0.189009,-0.028807,0.0191667,800.076
24588,0.189009,-0.028807,0.0208333,800.072
24611,0.290348,-0.0379777,0.0191667,801.212
24612,0.290348,-0.0379777,0.0208333,801.309
24635,0.277916,-0.038402,0.0191667,801.797
24636,0.277916,-0.038402,0.0208333,801.644
24659,0.110849,-0.0131738,0.0191667,800.298
24660,0.110849,-0.0131738,0.0208333,800.294
24683,0.136189,-0.0376615,0.0191667,800.246
24684,0.136189,-0.0376615,0.0208333,800.242
24707,0.123447,0.0219553,0.0191667,800.001
24708,0.123447,0.0219553,0.0208333,800.001
24731,0.124997,0.0189213,0.0191667,799.998
24732,0.124997,0.0189213,0.0208333,800.007
24755,0.128911,0.024504,0.0191667,800.002
24756,0.128911,0.024504,0.0208333,800.001
24779,0.123111,0.0160207,0.0191667,799.996
24780,0.123111,0.0160207,0.0208333,800.0
24803,0.125478,0.0246327,0.0191667,800.002
24804,0.125478,0.0246327,0.0208333,799.998
24827,0.124683,0.0129353,0.0191667,800.0
24828,0.124683,0.0129353,0.0208333,800.005
24851,0.134745,0.00640449,0.0191667,799.999
24852,0.134745,0.00640449,0.0208333,799.999
24875,0.12814,0.012759,0.0191667,800.001
24876,0.12814,0.012759,0.0208333,800.004
24899,0.129712,0.00967236,0.0191667,800.0
24900,0.129712,0.00967236,0.0208333,800.002
24923,0.13286,0.00349816,0.0191667,799.996
24924,0.13286,0.00349816,0.0208333,799.995
24947,0.132554,-0.00249532,0.0191667,800.001
24948,0.132554,-0.00249532,0.0208333,799.999
24971,0.134444,0.000411381,0.0191667,799.996
24972,0.134444,0.000411381,0.0208333,799.994
24995,0.13317,0.009493,0.0191667,800.001
24996,0.13317,0.009493,0.0208333,800.003
25019,0.129082,-0.00231553,0.0191667,800.008
25020,0.129082,-0.00231553,0.0208333,800.009
25043,0.124365,0.00694244,0.0191667,800.0
25044,0.124365,0.00694244,0.0208333,800.0
25067,0.142947,-0.00303595,0.0191667,799.998
25068,0.142947,-0.00303595,0.0208333,799.997
25091,0.122796,0.0100279,0.0191667,800.003
25092,0.122796,0.0100279,0.0208333,800.004
25115,0.127825,0.0067632,0.0191667,800.001
25116,0.127825,0.0067632,0.0208333,800.001
25139,0.138206,0.00622486,0.0191667,799.999
25140,0.138206,0.00622486,0.0208333,800.0
25163,0.139785,0.00313828,0.0191667,799.998
25164,0.139785,0.00313828,0.0208333,799.998
25187,0.144822,-0.000129166,0.0191667,799.997
25188,0.144822,-0.000129166,0.0208333,799.999
25211,0.139492,-0.00285557,0.0191667,799.997
25212,0.139492,-0.00285557,0.0208333,799.996
25235,0.137908,0.000231133,0.0191667,799.997
25236,0.137908,0.000231133,0.0208333,799.995
25259,0.165386,0.0260986,0.0191667,799.998
25260,0.165386,0.0260986,0.0208333,799.997
25283,0.164925,0.0198607,0.0191667,799.999
25284,0.164925,0.0198607,0.0208333,799.998
25307,0.16681,0.0227671,0.0191667,799.999
25308,0.16681,0.0227671,0.0208333,799.998
25331,0.169649,0.0106039,0.0191667,799.998
25332,0.169649,0.0106039,0.0208333,799.999
25355,0.174372,0.00134732,0.0191667,799.999
25356,0.174372,0.00134732,0.0208333,799.998
25379,0.170913,0.00152616,0.0191667,800.0
25380,0.170913,0.00152616,0.0208333,799.999
25403,0.179407,-0.00191553,0.0191667,800.0
25404,0.179407,-0.00191553,0.0208333,799.999
25427,0.169028,-0.00138024,0.0191667,799.999
25428,0.169028,-0.00138024,0.0208333,800.001
25451,0.175947,-0.00173828,0.0191667,799.999
25452,0.175947,-0.00173828,0.0208333,799.998
25475,0.165569,-0.00120141,0.0191667,799.999
25476,0.165569,-0.00120141,0.0208333,800.0
25499,0.171534,0.0135102,0.0191667,799.995
25500,0.171534,0.0135102,0.0208333,799.998
25523,0.181293,0.000991203,0.0191667,799.996
25524,0.181293,0.000991203,0.0208333,799.999
25547,0.163994,0.0018842,0.0191667,800.0
25548,0.163994,0.0018842,0.0208333,800.0
25571,0.113011,0.0226278,0.0191667,800.003
25572,0.113011,0.0226278,0.0208333,799.999
25595,0.1665,0.0167751,0.0191667,800.0
25596,0.1665,0.0167751,0.0208333,799.998
25619,0.160535,0.00206302,0.0191667,800.0
25620,0.160535,0.00206302,0.0208333,800.0
25643,0.155501,0.00532778,0.0191667,800.0
25644,0.155501,0.00532778,0.0208333,799.999
25667,0.186946,0.00970766,0.0191667,800.005
25668,0.186946,0.00970766,0.0208333,799.999
25691,0.15896,0.00514902,0.0191667,800.0
25692,0.15896,0.00514902,0.0208333,799.998
25715,0.153619,0.00241878,0.0191667,799.999
25716,0.153619,0.00241878,0.0208333,800.001
25739,0.158652,-0.000846073,0.0191667,799.999
25740,0.158652,-0.000846073,0.0208333,800.0
25763,0.171223,0.00751826,0.0191667,799.995
25764,0.171223,0.00751826,0.0208333,800.0
25787,0.176257,0.0042538,0.0191667,799.998
25788,0.176257,0.0042538,0.0208333,799.998
25811,0.279822,-0.00112849,0.0191667,800.249
25812,0.279822,-0.00112849,0.0208333,800.25
25835,0.184752,0.000811801,0.0191667,799.996
25836,0.184752,0.000811801,0.0208333,800.0
25859,0.26494,0.00866756,0.0191667,800.001
25860,0.26494,0.00866756,0.0208333,800.002
25883,0.269153,0.0262679,0.0191667,800.001
25884,0.269153,0.0262679,0.0208333,800.001
25907,0.25395,-0.0027695,0.0191667,800.003
25908,0.25395,-0.0027695,0.0208333,800.002
25931,0.275939,0.0201156,0.0191667,800.004
25932,0.275939,0.0201156,0.0208333,800.004
25955,0.160358,0.0290431,0.0191667,800.0
25956,0.160358,0.0290431,0.0208333,800.004
25979,0.155811,0.0113207,0.0191667,800.0
25980,0.155811,0.0113207,0.0208333,799.998
26003,0.273742,0.0112142,0.0191667,800.007
26004,0.273742,0.0112142,0.0208333,800.007
26027,0.154529,0.0204206,0.0191667,799.999
26028,0.154529,0.0204206,0.0208333,799.995
26051,0.27344,0.00521155,0.0191667,800.023
26052,0.27344,0.00521155,0.0208333,800.025
26075,0.14605,0.0238464,0.0191667,800.002
26076,0.14605,0.0238464,0.0208333,800.005
26099,0.263056,0.00576202,0.0191667,800.003
26100,0.263056,0.00576202,0.0208333,800.003
26123,0.200157,-0.00299074,0.0191667,800.0
26124,0.200157,-0.00299074,0.0208333,799.998
26147,0.254254,0.00321755,0.0191667,800.0
26148,0.254254,0.00321755,0.0208333,800.003
26171,0.207703,0.00863131,0.0191667,800.006
26172,0.207703,0.00863131,0.0208333,800.001
26195,0.280972,0.0168508,0.0191667,800.001
26196,0.280972,0.0168508,0.0208333,800.002
26219,0.16542,-0.00734319,0.0191667,799.999
26220,0.16542,-0.00734319,0.0208333,800.0
26243,0.175683,-0.00765799,0.0191667,799.999
26244,0.175683,-0.00765799,0.0208333,800.0
26267,0.180621,-0.010823,0.0191667,800.0
26268,0.180621,-0.010823,0.0208333,800.001
26291,0.186009,-0.00843995,0.0191667,799.999
26292,0.186009,-0.00843995,0.0208333,800.0
26315,0.206864,-0.00938092,0.0191667,800.0
26316,0.206864,-0.00938092,0.0208333,800.0
26339,0.22238,-0.00733542,0.0191667,799.999
26340,0.22238,-0.00733542,0.0208333,800.001
26363,0.26998,0.00539148,0.0191667,800.008
26364,0.26998,0.00539148,0.0208333,800.006
26387,0.268401,0.00848663,0.0191667,800.005
26388,0.268401,0.00848663,0.0208333,800.003
26411,0.216197,0.00518683,0.0191667,800.003
26412,0.216197,0.00518683,0.0208333,799.998
26435,0.216507,0.0111794,0.0191667,800.007
26436,0.216507,0.0111794,0.0208333,799.996
26459,0.223426,0.0108209,0.0191667,799.999
26460,0.223426,0.0108209,0.0208333,799.998
26483,0.274992,0.00206807,0.0191667,800.043
26484,0.274992,0.00206807,0.0208333,800.045
26507,0.278761,0.00794834,0.0191667,800.045
26508,0.278761,0.00794834,0.0208333,800.046
26531,0.22877,0.0135481,0.0191667,799.997
26532,0.22877,0.0135481,0.0208333,799.999
26555,0.227501,0.022614,0.0191667,800.0
26556,0.227501,0.022614,0.0208333,799.996
26579,0.274256,0.0231177,0.0191667,800.004
26580,0.274256,0.0231177,0.0208333,800.002
26603,0.206769,0.0236131,0.0191667,800.001
26604,0.206769,0.0236131,0.0208333,799.998
26627,0.19606,0.0182472,0.0191667,800.004
26628,0.19606,0.0182472,0.0208333,800.001
26651,0.185682,0.0187851,0.0191667,800.003
26652,0.185682,0.0187851,0.0208333,799.999
26675,0.239148,0.0130103,0.0191667,799.999
26676,0.239148,0.0130103,0.0208333,799.999
26699,0.249837,0.0184644,0.0191667,799.998
26700,0.249837,0.0184644,0.0208333,799.997
26723,0.279435,0.0260115,0.0191667,800.003
26724,0.279435,0.0260115,0.0208333,800.003
26747,0.180648,0.02205,0.0191667,799.995
26748,0.180648,0.02205,0.0208333,800.001
26771,0.175649,0.0252474,0.0191667,800.0
26772,0.175649,0.0252474,0.0208333,799.999
26795,0.180971,0.0280607,0.0191667,800.0
26796,0.180971,0.0280607,0.0208333,800.0
26819,0.233494,0.00428424,0.0191667,800.0
26820,0.233494,0.00428424,0.0208333,799.998
26843,0.22846,0.00755609,0.0191667,799.998
26844,0.22846,0.00755609,0.0208333,799.998
26867,0.253622,-0.00869718,0.0191667,800.011
26868,0.253622,-0.00869718,0.0208333,800.011
26891,0.264284,-0.0032562,0.0191667,800.018
26892,0.264284,-0.0032562,0.0208333,800.017
26915,0.210855,0.00245774,0.0191667,799.998
26916,0.210855,0.00245774,0.0208333,799.998
26939,0.26871,0.0144813,0.0191667,800.002
26940,0.26871,0.0144813,0.0208333,800.004
26963,0.275626,0.0141224,0.0191667,800.006
26964,0.275626,0.0141224,0.0208333,800.006
26987,0.26902,0.020474,0.0191667,800.001
26988,0.26902,0.020474,0.0208333,800.003
27011,0.232781,0.0252457,0.0191667,800.0
27012,0.232781,0.0252457,0.0208333,800.001
27035,0.286217,0.0195711,0.0191667,800.0
27036,0.286217,0.0195711,0.0208333,800.004
27059,0.236956,0.00410294,0.0191667,799.999
27060,0.236956,0.00410294,0.0208333,799.998
27083,0.257021,-0.008796,0.0191667,800.02
27084,0.257021,-0.008796,0.0208333,800.022
27107,0.257712,0.00303775,0.0191667,800.002
27108,0.257712,0.00303775,0.0208333,800.003
27131,0.264634,0.00266834,0.0191667,800.006
27132,0.264634,0.00266834,0.0208333,800.005
27155,0.263999,0.0237134,0.0191667,799.998
27156,0.263999,0.0237134,0.0208333,799.999
27179,0.275906,0.026167,0.0191667,800.003
27180,0.275906,0.026167,0.0208333,800.003
27203,0.156638,0.0291092,0.0191667,800.0
27204,0.156638,0.0291092,0.0208333,800.002
27227,0.149492,0.0236892,0.0191667,800.001
27228,0.149492,0.0236892,0.0208333,800.005
27251,0.252678,0.00630225,0.0191667,800.0
27252,0.252678,0.00630225,0.0208333,800.003
27275,0.153927,0.00841383,0.0191667,799.999
27276,0.153927,0.00841383,0.0208333,800.0
27299,0.259287,-4.74599e-05,0.0191667,800.003
27300,0.259287,-4.74599e-05,0.0208333,800.004
27323,0.264101,0.0293675,0.0191667,799.997
27324,0.264101,0.0293675,0.0208333,800.002
27347,0.14574,0.0178544,0.0191667,799.999
27348,0.14574,0.0178544,0.0208333,799.994
27371,0.284338,0.0166747,0.0191667,800.065
27372,0.284338,0.0166747,0.0208333,800.066
27395,0.202979,0.0178887,0.0191667,800.01
27396,0.202979,0.0178887,0.0208333,800.0
27419,0.259906,0.0119342,0.0191667,800.002
27420,0.259906,0.0119342,0.0208333,800.003
27443,0.275317,0.00812701,0.0191667,800.015
27444,0.275317,0.00812701,0.0208333,800.015
27467,0.197635,0.0151616,0.0191667,800.011
27468,0.197635,0.0151616,0.0208333,800.002
27491,0.233804,0.0102832,0.0191667,799.997
27492,0.233804,0.0102832,0.0208333,799.999
27515,0.212432,-0.000629048,0.0191667,799.998
27516,0.212432,-0.000629048,0.0208333,799.999
27539,0.263365,0.0117544,0.0191667,800.002
27540,0.263365,0.0117544,0.0208333,800.003
27563,0.295442,0.0284364,0.0191667,800.158
27564,0.295442,0.0284364,0.0208333,800.155
27587,0.241816,-0.00510291,0.0191667,800.002
27588,0.241816,-0.00510291,0.0208333,800.001
27611,0.151066,0.0206036,0.0191667,799.997
27612,0.151066,0.0206036,0.0208333,799.999
27635,0.265814,0.0265051,0.0191667,799.999
27636,0.265814,0.0265051,0.0208333,800.0
27659,0.221851,0.0139066,0.0191667,800.001
27660,0.221851,0.0139066,0.0208333,799.994
27683,0.144165,0.0209401,0.0191667,799.999
27684,0.144165,0.0209401,0.0208333,800.0
27707,0.22908,0.0195401,0.0191667,799.996
27708,0.22908,0.0195401,0.0208333,799.996
27731,0.135402,0.0184938,0.0191667,799.999
27732,0.135402,0.0184938,0.0208333,800.002
27755,0.128459,0.0187573,0.0191667,799.999
27756,0.128459,0.0187573,0.0208333,800.006
27779,0.154729,0.0265452,0.0191667,800.002
27780,0.154729,0.0265452,0.0208333,800.004
27803,0.222808,-0.0011772,0.0191667,800.0
27804,0.222808,-0.0011772,0.0208333,799.999
27827,0.201094,0.0149823,0.0191667,800.009
27828,0.201094,0.0149823,0.0208333,799.999
27851,0.200474,0.00299783,0.0191667,800.001
27852,0.200474,0.00299783,0.0208333,800.0
27875,0.197014,0.00317769,0.0191667,800.0
27876,0.197014,0.00317769,0.0208333,799.999
27899,0.159581,0.0171336,0.0191667,799.999
27900,0.159581,0.0171336,0.0208333,799.996
27923,0.223736,0.016813,0.0191667,800.001
27924,0.223736,0.016813,0.0208333,799.998
27947,0.211783,0.0204362,0.0191667,800.004
27948,0.211783,0.0204362,0.0208333,799.999
27971,0.192601,0.0184265,0.0191667,800.005
27972,0.192601,0.0184265,0.0208333,799.999
27995,0.182223,0.0189643,0.0191667,800.003
27996,0.182223,0.0189643,0.0208333,799.997
28019,0.239459,0.0190022,0.0191667,799.996
28020,0.239459,0.0190022,0.0208333,800.002
28043,0.247952,0.015558,0.0191667,800.0
28044,0.247952,0.015558,0.0208333,799.997
28067,0.15127,0.0267245,0.0191667,800.002
28068,0.15127,0.0267245,0.0208333,800.003
28091,0.205239,-0.00629428,0.0191667,799.999
28092,0.205239,-0.00629428,0.0208333,799.999
28115,0.225861,-0.00794256,0.0191667,800.0
28116,0.225861,-0.00794256,0.0208333,800.0
28139,0.251737,-0.0117046,0.0191667,800.016
28140,0.251737,-0.0117046,0.0208333,800.017
28163,0.278355,0.00189311,0.0191667,800.143
28164,0.278355,0.00189311,0.0208333,800.144
28187,0.156121,0.0173129,0.0191667,799.998
28188,0.156121,0.0173129,0.0208333,800.001
28211,0.197324,0.00916965,0.0191667,800.006
28212,0.197324,0.00916965,0.0208333,799.998
28235,0.164304,0.00787673,0.0191667,800.001
28236,0.164304,0.00787673,0.0208333,799.998
28259,0.174062,-0.00464495,0.0191667,800.0
28260,0.174062,-0.00464495,0.0208333,800.001
28283,0.17915,-0.00782518,0.0191667,799.999
28284,0.17915,-0.00782518,0.0208333,800.0
28307,0.184451,-0.00516631,0.0191667,799.999
28308,0.184451,-0.00516631,0.0208333,799.998
28331,0.189401,-0.00859357,0.0191667,800.0
28332,0.189401,-0.00859357,0.0208333,799.999
28355,0.194749,-0.00567656,0.0191667,799.998
28356,0.194749,-0.00567656,0.0208333,799.999
28379,0.221233,0.00190908,0.0191667,799.998
28380,0.221233,0.00190908,0.0208333,799.999
28403,0.213047,0.0113587,0.0191667,800.004
28404,0.213047,0.0113587,0.0208333,800.003
28427,0.218703,0.0200758,0.0191667,800.001
28428,0.218703,0.0200758,0.0208333,799.999
28451,0.203309,0.0237834,0.0191667,800.003
28452,0.203309,0.0237834,0.0208333,799.999
28475,0.248263,0.02155,0.0191667,799.998
28476,0.248263,0.02155,0.0208333,800.0
28499,0.186015,0.0248298,0.0191667,799.997
28500,0.186015,0.0248298,0.0208333,800.001
28523,0.177189,0.0222292,0.0191667,799.995
28524,0.177189,0.0222292,0.0208333,799.998
28547,0.2423,0.00683701,0.0191667,800.0
28548,0.2423,0.00683701,0.0208333,800.0
28571,0.172189,0.0254267,0.0191667,800.0
28572,0.172189,0.0254267,0.0208333,799.998
28595,0.201764,-0.00610359,0.0191667,799.999
28596,0.201764,-0.00610359,0.0208333,800.0
28619,0.226885,0.0106417,0.0191667,799.999
28620,0.226885,0.0106417,0.0208333,799.998
28643,0.224042,0.0227915,0.0191667,800.0
28644,0.224042,0.0227915,0.0208333,799.997
28667,0.270797,0.0232969,0.0191667,800.003
28668,0.270797,0.0232969,0.0208333,800.003
28691,0.197944,0.0211446,0.0191667,800.005
28692,0.197944,0.0211446,0.0208333,799.998
28715,0.200784,0.00899037,0.0191667,800.005
28716,0.200784,0.00899037,0.0208333,800.001
28739,0.244803,0.0217293,0.0191667,800.0
28740,0.244803,0.0217293,0.0208333,799.997
28763,0.175304,0.0193229,0.0191667,799.996
28764,0.175304,0.0193229,0.0208333,800.001
28787,0.177535,0.0281265,0.0191667,800.0
28788,0.177535,0.0281265,0.0208333,799.998
28811,0.168879,-0.00752247,0.0191667,800.0
28812,0.168879,-0.00752247,0.0208333,800.0
28835,0.202052,-9.12757e-05,0.0191667,799.999
28836,0.202052,-9.12757e-05,0.0208333,799.998
28859,0.257405,-0.00295135,0.0191667,800.006
28860,0.257405,-0.00295135,0.0208333,800.005
28883,0.259596,0.00594285,0.0191667,800.002
28884,0.259596,0.00594285,0.0208333,800.002
28907,0.161466,0.02004,0.0191667,799.999
28908,0.161466,0.02004,0.0208333,799.999
28931,0.234393,0.022218,0.0191667,800.0
28932,0.234393,0.022218,0.0208333,800.003
28955,0.18099,-0.00498939,0.0191667,799.999
28956,0.18099,-0.00498939,0.0208333,799.999
28979,0.211163,0.00845192,0.0191667,800.004
28980,0.211163,0.00845192,0.0208333,800.001
29003,0.19575,0.0122553,0.0191667,800.007
29004,0.19575,0.0122553,0.0208333,800.001
29027,0.231919,0.00737686,0.0191667,799.997
29028,0.231919,0.00737686,0.0208333,800.0
29051,0.258331,0.01502,0.0191667,799.999
29052,0.258331,0.01502,0.0208333,800.003
29075,0.19981,-0.00916335,0.0191667,799.998
29076,0.19981,-0.00916335,0.0208333,799.999
29099,0.150777,0.0145857,0.0191667,800.003
29100,0.150777,0.0145857,0.0208333,799.991
29123,0.156414,0.023327,0.0191667,799.999
29124,0.156414,0.023327,0.0208333,799.997
29147,0.279398,0.0199364,0.0191667,800.002
29148,0.279398,0.0199364,0.0208333,800.003
29171,0.213358,0.0173505,0.0191667,800.006
29172,0.213358,0.0173505,0.0208333,799.998
29195,0.213741,0.02327,0.0191667,800.0
29196,0.213741,0.02327,0.0208333,799.997
29219,0.238544,0.00101221,0.0191667,799.999
29220,0.238544,0.00101221,0.0208333,800.0
29243,0.15927,0.0111416,0.0191667,800.0
29244,0.15927,0.0111416,0.0208333,799.997
29267,0.101765,0.024898,0.0191667,800.009
29268,0.101765,0.024898,0.0208333,800.003
29291,0.218082,0.00809356,0.0191667,800.002
29292,0.218082,0.00809356,0.0208333,799.997
29315,0.185061,0.00680171,0.0191667,800.005
29316,0.185061,0.00680171,0.0208333,799.998
29339,0.164615,0.0138688,0.0191667,800.001
29340,0.164615,0.0138688,0.0208333,799.996
29363,0.212136,-0.00662871,0.0191667,799.999
29364,0.212136,-0.00662871,0.0208333,800.0
29387,0.215594,-0.00680729,0.0191667,800.0
29388,0.215594,-0.00680729,0.0208333,799.998
29411,0.246807,-0.00831798,0.0191667,800.004
29412,0.246807,-0.00831798,0.0208333,800.002
29435,0.221541,0.00791434,0.0191667,799.999
29436,0.221541,0.00791434,0.0208333,799.999
29459,0.140398,0.0151237,0.0191667,800.001
29460,0.140398,0.0151237,0.0208333,800.005
29483,0.23254,0.0193608,0.0191667,799.998
29484,0.23254,0.0193608,0.0208333,800.002
29507,0.283756,0.0044485,0.0191667,800.476
29508,0.283756,0.0044485,0.0208333,800.47
29531,0.187256,0.0156994,0.0191667,800.004
29532,0.187256,0.0156994,0.0208333,800.0
29555,0.180338,0.016058,0.0191667,800.004
29556,0.180338,0.016058,0.0208333,799.998
29579,0.138513,0.0122174,0.0191667,800.0
29580,0.138513,0.0122174,0.0208333,800.004
29603,0.280246,0.00485792,0.0191667,800.07
29604,0.280246,0.00485792,0.0208333,800.072
29627,0.140741,0.0212059,0.0191667,800.0
29628,0.140741,0.0212059,0.0208333,800.0
29651,0.161927,0.0262778,0.0191667,800.0
29652,0.161927,0.0262778,0.0208333,799.996
29675,0.226576,0.00463735,0.0191667,799.997
29676,0.226576,0.00463735,0.0208333,800.0
29699,0.205819,0.00572439,0.0191667,800.002
29700,0.205819,0.00572439,0.0208333,799.999
29723,0.220926,-0.00407555,0.0191667,799.999
29724,0.220926,-0.00407555,0.0208333,799.999
29747,0.145433,0.0118585,0.0191667,800.001
29748,0.145433,0.0118585,0.0208333,800.0
29771,0.212738,0.00536585,0.0191667,800.002
29772,0.212738,0.00536585,0.0208333,799.997
29795,0.149199,0.0176751,0.0191667,800.001
29796,0.149199,0.0176751,0.0208333,799.992
29819,0.159891,0.0231256,0.0191667,800.0
29820,0.159891,0.0231256,0.0208333,799.996
29843,0.166189,0.0107832,0.0191667,799.997
29844,0.166189,0.0107832,0.0208333,800.0
29867,0.165879,0.00479101,0.0191667,800.0
29868,0.165879,0.00479101,0.0208333,799.999
29891,0.196693,-0.00280797,0.0191667,800.001
29892,0.196693,-0.00280797,0.0208333,799.999
29915,0.231332,-0.00519561,0.0191667,799.999
29916,0.231332,-0.00519561,0.0208333,800.0
29939,0.236824,-0.00797331,0.0191667,800.001
29940,0.236824,-0.00797331,0.0208333,800.001
29963,0.148892,0.0116791,0.0191667,800.002
29964,0.148892,0.0116791,0.0208333,799.997
29987,0.161155,0.014048,0.0191667,800.0
29988,0.161155,0.014048,0.0208333,799.997
30011,0.212334,0.0264383,0.0191667,800.0
30012,0.212334,0.0264383,0.0208333,800.0
30035,0.237574,0.0160959,0.0191667,799.999
30036,0.237574,0.0160959,0.0208333,800.001
30059,0.176878,0.0162373,0.0191667,800.006
30060,0.176878,0.0162373,0.0208333,800.004
30083,0.270285,0.0113939,0.0191667,800.003
30084,0.270285,0.0113939,0.0208333,800.003
30107,0.143858,0.0149444,0.0191667,800.003
30108,0.143858,0.0149444,0.0208333,799.996
30131,0.138856,0.0182995,0.0191667,800.001
30132,0.138856,0.0182995,0.0208333,800.003
30155,0.208821,0.0266019,0.0191667,799.999
30156,0.208821,0.0266019,0.0208333,799.998
30179,0.133827,0.0215795,0.0191667,799.996
30180,0.133827,0.0215795,0.0208333,800.006
30203,0.250182,0.0243423,0.0191667,799.998
30204,0.250182,0.0243423,0.0208333,800.001
30227,0.228154,0.00147958,0.0191667,799.999
30228,0.228154,0.00147958,0.0208333,799.998
30251,0.210302,-0.00953789,0.0191667,799.999
30252,0.210302,-0.00953789,0.0208333,800.0
30275,0.233193,-0.00186399,0.0191667,799.999
30276,0.233193,-0.00186399,0.0208333,800.001
30299,0.232229,0.0133688,0.0191667,799.997
30300,0.232229,0.0133688,0.0208333,800.001
30323,0.227195,0.0166337,0.0191667,800.001
30324,0.227195,0.0166337,0.0208333,799.993
30347,0.242918,0.0188229,0.0191667,800.0
30348,0.242918,0.0188229,0.0208333,799.997
30371,0.169338,0.00461179,0.0191667,800.0
30372,0.169338,0.00461179,0.0208333,799.998
30395,0.191301,-0.00550122,0.0191667,799.998
30396,0.191301,-0.00550122,0.0208333,799.999
30419,0.206128,0.0117174,0.0191667,800.008
30420,0.206128,0.0117174,0.0208333,800.002
30443,0.208324,0.0206157,0.0191667,800.006
30444,0.208324,0.0206157,0.0208333,799.998
30467,0.182544,0.0250023,0.0191667,799.998
30468,0.182544,0.0250023,0.0208333,799.999
30491,0.217773,0.00210031,0.0191667,799.997
30492,0.217773,0.00210031,0.0208333,800.0
30515,0.19229,0.0124345,0.0191667,800.003
30516,0.19229,0.0124345,0.0208333,799.999
30539,0.242608,0.012831,0.0191667,799.999
30540,0.242608,0.012831,0.0208333,799.997
30563,0.160845,0.00805593,0.0191667,800.0
30564,0.160845,0.00805593,0.0208333,799.997
30587,0.28561,0.00733915,0.0191667,800.4
30588,0.28561,0.00733915,0.0208333,800.401
30611,0.170602,-0.00446575,0.0191667,799.999
30612,0.170602,-0.00446575,0.0208333,800.0
30635,0.196259,-0.00891909,0.0191667,799.998
30636,0.196259,-0.00891909,0.0208333,800.0
30659,0.195129,0.000271352,0.0191667,800.0
30660,0.195129,0.000271352,0.0208333,799.997
30683,0.21589,-0.000807456,0.0191667,799.997
30684,0.21589,-0.000807456,0.0208333,800.0
30707,0.22627,-0.00142766,0.0191667,800.0
30708,0.22627,-0.00142766,0.0208333,799.999
30731,0.233283,-0.00826741,0.0191667,800.001
30732,0.233283,-0.00826741,0.0208333,800.001
30755,0.248635,-0.00548115,0.0191667,800.002
30756,0.248635,-0.00548115,0.0208333,800.002
30779,0.223116,0.00481638,0.0191667,799.997
30780,0.223116,0.00481638,0.0208333,799.999
30803,0.211473,0.0144445,0.0191667,800.005
30804,0.211473,0.0144445,0.0208333,800.003
30827,0.216817,0.0171712,0.0191667,800.005
30828,0.216817,0.0171712,0.0208333,799.998
30851,0.270594,0.0173881,0.0191667,800.002
30852,0.270594,0.0173881,0.0208333,800.003
30875,0.274054,0.0172089,0.0191667,800.004
30876,0.274054,0.0172089,0.0208333,800.003
30899,0.222162,0.0198969,0.0191667,800.002
30900,0.222162,0.0198969,0.0208333,799.994
30923,0.234114,0.0162752,0.0191667,800.0
30924,0.234114,0.0162752,0.0208333,800.003
30947,0.206439,0.0177094,0.0191667,800.01
30948,0.206439,0.0177094,0.0208333,800.001
30971,0.202669,0.0118967,0.0191667,800.01
30972,0.202669,0.0118967,0.0208333,799.999
30995,0.201404,0.0209653,0.0191667,800.003
30996,0.201404,0.0209653,0.0208333,799.999
31019,0.19637,0.0242302,0.0191667,800.001
31020,0.19637,0.0242302,0.0208333,800.0
31043,0.237853,0.0220388,0.0191667,799.998
31044,0.237853,0.0220388,0.0208333,800.003
31067,0.244493,0.0157373,0.0191667,799.999
31068,0.244493,0.0157373,0.0208333,799.996
31091,0.248903,0.0273271,0.0191667,799.997
31092,0.248903,0.0273271,0.0208333,800.001
31115,0.23884,0.00701629,0.0191667,800.0
31116,0.23884,0.00701629,0.0208333,799.998
31139,0.244182,0.00974537,0.0191667,800.0
31140,0.244182,0.00974537,0.0208333,799.999
31163,0.217202,0.023089,0.0191667,800.002
31164,0.217202,0.023089,0.0208333,799.996
31187,0.202359,0.00590417,0.0191667,800.004
31188,0.202359,0.00590417,0.0208333,800.001
31211,0.227744,0.0284435,0.0191667,799.999
31212,0.227744,0.0284435,0.0208333,800.001
31235,0.210553,-0.00354006,0.0191667,799.998
31236,0.210553,-0.00354006,0.0208333,800.0
31259,0.248365,-0.0115079,0.0191667,800.013
31260,0.248365,-0.0115079,0.0208333,800.012
31283,0.205514,-0.00027244,0.0191667,799.998
31284,0.205514,-0.00027244,0.0208333,799.998
31307,0.236661,-0.00197619,0.0191667,799.998
31308,0.236661,-0.00197619,0.0208333,800.0
31331,0.252077,-0.00566371,0.0191667,800.004
31332,0.252077,-0.00566371,0.0208333,800.003
31355,0.262749,-0.000236038,0.0191667,800.009
31356,0.262749,-0.000236038,0.0208333,800.005
31379,0.268098,0.00247873,0.0191667,800.013
31380,0.268098,0.00247873,0.0208333,800.011
31403,0.191038,0.0215189,0.0191667,800.003
31404,0.191038,0.0215189,0.0208333,799.997
31427,0.249527,0.0124725,0.0191667,800.0
31428,0.249527,0.0124725,0.0208333,799.999
31451,0.195439,0.00626331,0.0191667,800.004
31452,0.195439,0.00626331,0.0208333,800.001
31475,0.243881,0.00375173,0.0191667,800.0
31476,0.243881,0.00375173,0.0208333,800.001
31499,0.24344,-0.00811072,0.0191667,800.002
31500,0.24344,-0.00811072,0.0208333,800.002
31523,0.243601,-0.00223733,0.0191667,800.002
31524,0.243601,-0.00223733,0.0208333,800.002
31547,0.247053,-0.00240831,0.0191667,800.001
31548,0.247053,-0.00240831,0.0208333,800.002
31571,0.154237,0.0144064,0.0191667,800.0
31572,0.154237,0.0144064,0.0208333,799.996
31595,0.229348,0.0254624,0.0191667,799.999
31596,0.229348,0.0254624,0.0208333,800.004
31619,0.217468,-0.00389704,0.0191667,800.0
31620,0.217468,-0.00389704,0.0208333,799.999
31643,0.238341,-0.00501371,0.0191667,800.002
31644,0.238341,-0.00501371,0.0208333,800.002
31667,0.242009,0.000840272,0.0191667,800.0
31668,0.242009,0.000840272,0.0208333,800.0
31691,0.262348,-0.00606066,0.0191667,800.025
31692,0.262348,-0.00606066,0.0208333,800.025
31715,0.190716,0.0155202,0.0191667,800.004
31716,0.190716,0.0155202,0.0208333,799.999
31739,0.239688,0.0252838,0.0191667,799.998
31740,0.239688,0.0252838,0.0208333,799.997
31763,0.29183,0.0286056,0.0191667,800.033
31764,0.29183,0.0286056,0.0208333,800.034
31787,0.28579,0.0135677,0.0191667,800.124
31788,0.28579,0.0135677,0.0208333,800.127
31811,0.227869,-0.00493315,0.0191667,800.0
31812,0.227869,-0.00493315,0.0208333,800.0
31835,0.218392,0.0140858,0.0191667,800.003
31836,0.218392,0.0140858,0.0208333,799.998
31859,0.237263,0.0101039,0.0191667,799.997
31860,0.237263,0.0101039,0.0208333,799.998
31883,0.26556,0.0206534,0.0191667,800.0
31884,0.26556,0.0206534,0.0208333,800.002
31907,0.192923,0.0244252,0.0191667,800.001
31908,0.192923,0.0244252,0.0208333,799.999
31931,0.130342,0.0216626,0.0191667,799.998
31932,0.130342,0.0216626,0.0208333,800.003
31955,0.163684,-0.00410765,0.0191667,799.998
31956,0.163684,-0.00410765,0.0208333,800.0
31979,0.184019,-0.0112608,0.0191667,799.999
31980,0.184019,-0.0112608,0.0208333,800.002
32003,0.187578,0.0216982,0.0191667,800.003
32004,0.187578,0.0216982,0.0208333,799.997
32027,0.286507,0.0258053,0.0191667,799.992
32028,0.286507,0.0258053,0.0208333,799.994
32051,0.207094,-0.0033626,0.0191667,799.998
32052,0.207094,-0.0033626,0.0208333,799.998
32075,0.208013,0.0146238,0.0191667,800.009
32076,0.208013,0.0146238,0.0208333,800.002
32099,0.207396,0.00263688,0.0191667,799.999
32100,0.207396,0.00263688,0.0208333,799.999
32123,0.24734,0.00357526,0.0191667,800.0
32124,0.24734,0.00357526,0.0208333,800.001
32147,0.231614,0.0013057,0.0191667,800.0
32148,0.231614,0.0013057,0.0208333,800.0
32171,0.248921,0.000492822,0.0191667,800.0
32172,0.248921,0.000492822,0.0208333,800.001
32195,0.281244,0.022783,0.0191667,800.002
32196,0.281244,0.022783,0.0208333,800.003
32219,0.253297,0.0182851,0.0191667,799.998
32220,0.253297,0.0182851,0.0208333,799.998
32243,0.279085,0.0139435,0.0191667,800.012
32244,0.279085,0.0139435,0.0208333,800.012
32267,0.284697,0.0225937,0.0191667,800.002
32268,0.284697,0.0225937,0.0208333,800.005
32291,0.280645,0.0108567,0.0191667,800.015
32292,0.280645,0.0108567,0.0208333,800.016
32315,0.289941,0.0258337,0.0191667,800.065
32316,0.289941,0.0258337,0.0208333,800.066
32339,0.255203,0.0211424,0.0191667,800.0
32340,0.255203,0.0211424,0.0208333,799.998
32363,0.26056,0.0238437,0.0191667,800.001
32364,0.26056,0.0238437,0.0208333,800.002
32387,0.150467,0.00859296,0.0191667,800.002
32388,0.150467,0.00859296,0.0208333,799.999
32411,0.247642,0.00956615,0.0191667,799.999
32412,0.247642,0.00956615,0.0208333,800.0
32435,0.249219,0.00648132,0.0191667,800.0
32436,0.249219,0.00648132,0.0208333,800.0
32459,0.24536,0.027959,0.0191667,799.997
32460,0.24536,0.027959,0.0208333,799.997
32483,0.253662,0.024114,0.0191667,799.999
32484,0.253662,0.024114,0.0208333,799.999
32507,0.289744,0.0195357,0.0191667,800.418
32508,0.289744,0.0195357,0.0208333,800.407
32531,0.179717,0.00407493,0.0191667,799.996
32532,0.179717,0.00407493,0.0208333,799.999
32555,0.252375,0.000314186,0.0191667,800.002
32556,0.252375,0.000314186,0.0208333,800.001
32579,0.258931,-0.00594439,0.0191667,800.014
32580,0.258931,-0.00594439,0.0208333,800.014
32603,0.243179,0.0251536,0.0191667,800.0
32604,0.243179,0.0251536,0.0208333,799.997
32627,0.283984,0.0106569,0.0191667,800.199
32628,0.283984,0.0106569,0.0208333,800.2
32651,0.254871,0.0151994,0.0191667,799.998
32652,0.254871,0.0151994,0.0208333,799.999
32675,0.291659,0.0225867,0.0191667,800.301
32676,0.291659,0.0225867,0.0208333,800.293
32699,0.258662,0.0209631,0.0191667,800.0
32700,0.258662,0.0209631,0.0208333,800.001
32723,0.258021,0.00902819,0.0191667,800.003
32724,0.258021,0.00902819,0.0208333,800.003
32747,0.160226,-0.00393112,0.0191667,799.998
32748,0.160226,-0.00393112,0.0208333,800.0
32771,0.254561,0.00920778,0.0191667,800.0
32772,0.254561,0.00920778,0.0208333,800.001
32795,0.260216,0.0179264,0.0191667,799.999
32796,0.260216,0.0179264,0.0208333,800.001
32819,0.263675,0.017747,0.0191667,800.002
32820,0.263675,0.017747,0.0208333,800.003
32843,0.26525,0.0146608,0.0191667,800.004
32844,0.26525,0.0146608,0.0208333,800.003
32867,0.252986,0.0122932,0.0191667,800.0
32868,0.252986,0.0122932,0.0208333,800.0
32891,0.148583,0.00568592,0.0191667,800.001
32892,0.148583,0.00568592,0.0208333,800.001
32915,0.158564,-0.00706679,0.0191667,800.0
32916,0.158564,-0.00706679,0.0208333,800.0
32939,0.15016,0.00259779,0.0191667,800.0
32940,0.15016,0.00259779,0.0208333,800.0
32963,0.114999,0.0256921,0.0191667,800.001
32964,0.114999,0.0256921,0.0208333,800.0
32987,0.155195,-0.000669074,0.0191667,799.999
32988,0.155195,-0.000669074,0.0208333,800.0
33011,0.155114,-0.00690173,0.0191667,799.999
33012,0.155114,-0.00690173,0.0208333,800.001
33035,0.169959,0.0165958,0.0191667,799.996
33036,0.169959,0.0165958,0.0208333,799.999
33059,0.185371,0.0127932,0.0191667,800.003
33060,0.185371,0.0127932,0.0208333,799.998
33083,0.190095,0.00353657,0.0191667,800.002
33084,0.190095,0.00353657,0.0208333,799.999
33107,0.191669,0.000450837,0.0191667,800.0
33108,0.191669,0.000450837,0.0208333,799.999
33131,0.186328,-0.00227186,0.0191667,799.998
33132,0.186328,-0.00227186,0.0208333,799.998
33155,0.181912,0.0129725,0.0191667,800.005
33156,0.181912,0.0129725,0.0208333,799.998
33179,0.153319,-0.00358907,0.0191667,799.998
33180,0.153319,-0.00358907,0.0208333,799.999
33203,0.118485,0.0254622,0.0191667,800.002
33204,0.118485,0.0254622,0.0208333,800.0
33227,0.148279,-0.000310233,0.0191667,799.997
33228,0.148279,-0.000310233,0.0208333,799.998
33251,0.186636,0.00371624,0.0191667,800.001
33252,0.186636,0.00371624,0.0208333,799.998
33275,0.190405,0.00952832,0.0191667,800.002
33276,0.190405,0.00952832,0.0208333,799.999
33299,0.181602,0.00698101,0.0191667,800.004
33300,0.181602,0.00698101,0.0208333,800.001
33323,0.189786,-0.00245315,0.0191667,799.996
33324,0.189786,-0.00245315,0.0208333,799.998
33347,0.174683,0.00733911,0.0191667,799.998
33348,0.174683,0.00733911,0.0208333,799.998
33371,0.171844,0.0195022,0.0191667,799.996
33372,0.171844,0.0195022,0.0208333,800.001
33395,0.19198,0.0064427,0.0191667,800.001
33396,0.19198,0.0064427,0.0208333,800.002
33419,0.119985,0.0221404,0.0191667,800.002
33420,0.119985,0.0221404,0.0208333,800.001
33443,0.114599,0.0195415,0.0191667,800.001
33444,0.114599,0.0195415,0.0208333,800.002
33467,0.149862,-0.00340924,0.0191667,799.998
33468,0.149862,-0.00340924,0.0208333,799.999
33491,0.17027,0.0225878,0.0191667,799.999
33492,0.17027,0.0225878,0.0208333,799.999
33515,0.180027,0.0100662,0.0191667,800.004
33516,0.180027,0.0100662,0.0208333,799.998
33539,0.176568,0.0102455,0.0191667,800.004
33540,0.176568,0.0102455,0.0208333,800.0
33563,0.174993,0.013331,0.0191667,800.006
33564,0.174993,0.013331,0.0208333,799.998
33587,0.118086,0.0192839,0.0191667,799.998
33588,0.118086,0.0192839,0.0208333,799.997
33611,0.147991,-0.00632523,0.0191667,800.0
33612,0.147991,-0.00632523,0.0208333,800.0
33635,0.144533,-0.00613301,0.0191667,800.001
33636,0.144533,-0.00613301,0.0208333,800.0
33659,0.119663,0.0161981,0.0191667,800.001
33660,0.119663,0.0161981,0.0208333,799.992
33683,0.117803,0.0132902,0.0191667,800.002
33684,0.117803,0.0132902,0.0208333,799.999
33707,0.142695,-0.00903953,0.0191667,800.025
33708,0.142695,-0.00903953,0.0208333,800.031
33731,0.139278,-0.00885436,0.0191667,800.044
33732,0.139278,-0.00885436,0.0208333,800.042
33755,0.119363,0.0102053,0.0191667,800.003
33756,0.119363,0.0102053,0.0208333,800.003
33779,0.117484,0.00729694,0.0191667,800.003
33780,0.117484,0.00729694,0.0208333,800.004
33803,0.137661,-0.00576746,0.0191667,800.008
33804,0.137661,-0.00576746,0.0208333,800.013
33827,0.134187,-0.00558747,0.0191667,800.018
33828,0.134187,-0.00558747,0.0208333,800.029
33851,0.11903,0.00421294,0.0191667,799.996
33852,0.11903,0.00421294,0.0208333,799.994
33875,0.129398,0.0036775,0.0191667,799.996
33876,0.129398,0.0036775,0.0208333,799.996
33899,0.122478,0.00403587,0.0191667,799.994
33900,0.122478,0.00403587,0.0208333,799.997
33923,0.132412,-0.00851926,0.0191667,800.066
33924,0.132412,-0.00851926,0.0208333,800.061
33947,0.12751,0.000770522,0.0191667,799.992
33948,0.12751,0.000770522,0.0208333,799.991
33971,0.143244,0.00295836,0.0191667,799.999
33972,0.143244,0.00295836,0.0208333,799.998
33995,0.145125,0.00586542,0.0191667,800.0
33996,0.145125,0.00586542,0.0208333,800.002
34019,0.140089,0.0091314,0.0191667,800.0
34020,0.140089,0.0091314,0.0208333,800.002
34043,0.124049,0.000949644,0.0191667,799.992
34044,0.124049,0.000949644,0.0208333,799.99
34067,0.128879,-0.00833618,0.0191667,800.074
34068,0.128879,-0.00833618,0.0208333,800.08
34091,0.143549,0.00895188,0.0191667,800.0
34092,0.143549,0.00895188,0.0208333,800.004
34115,0.135055,0.0123994,0.0191667,800.0
34116,0.135055,0.0123994,0.0208333,800.002
34139,0.130029,0.0156803,0.0191667,800.0
34140,0.130029,0.0156803,0.0208333,800.004
34163,0.127182,-0.0052246,0.0191667,800.024
34164,0.127182,-0.0052246,0.0208333,800.029
34187,0.122159,-0.00195779,0.0191667,799.995
34188,0.122159,-0.00195779,0.0208333,799.993
34211,0.133486,0.0155,0.0191667,800.002
34212,0.133486,0.0155,0.0208333,800.001
34235,0.123719,-0.00504598,0.0191667,800.036
34236,0.123719,-0.00504598,0.0208333,800.048
34259,0.12181,-0.0079694,0.0191667,800.127
34260,0.12181,-0.0079694,0.0208333,800.123
34283,0.118362,-0.00777655,0.0191667,800.126
34284,0.118362,-0.00777655,0.0208333,800.13
34307,0.252056,-0.0369597,0.0191667,801.632
34308,0.252056,-0.0369597,0.0208333,802.129
34331,0.116379,-0.0108017,0.0191667,800.246
34332,0.116379,-0.0108017,0.0208333,800.243
34355,0.175807,0.0312056,0.0191667,800.0
34356,0.175807,0.0312056,0.0208333,800.0
34379,0.103535,0.0217567,0.0191667,800.006
34380,0.103535,0.0217567,0.0208333,800.004
34403,0.191531,-0.0376056,0.0191667,800.129
34404,0.191531,-0.0376056,0.0208333,800.128
34427,0.27108,-0.0340042,0.0191667,802.234
34428,0.27108,-0.0340042,0.0208333,804.567
34451,0.298075,-0.0377727,0.0191667,801.035
34452,0.298075,-0.0377727,0.0208333,801.102
34475,0.10177,0.0188587,0.0191667,800.007
34476,0.10177,0.0188587,0.0208333,800.002
34499,0.112925,-0.0105401,0.0191667,800.227
34500,0.112925,-0.0105401,0.0208333,800.226
34523,0.113383,-0.00451137,0.0191667,800.047
34524,0.113383,-0.00451137,0.0208333,800.047
34547,0.108385,-0.00140221,0.0191667,799.984
34548,0.108385,-0.00140221,0.0208333,799.985
34571,0.265957,-0.0354181,0.0191667,802.312
34572,0.265957,-0.0354181,0.0208333,803.965
34595,0.108814,0.0322848,0.0191667,800.001
34596,0.108814,0.0322848,0.0208333,800.002
34619,0.293178,-0.0378744,0.0191667,801.142
34620,0.293178,-0.0378744,0.0208333,801.221
34643,0.188146,-0.0357166,0.0191667,800.181
34644,0.188146,-0.0357166,0.0208333,800.175
34667,0.229662,0.0313624,0.0191667,799.998
34668,0.229662,0.0313624,0.0208333,799.998
34691,0.285821,-0.0395892,0.0191667,802.13
34692,0.285821,-0.0395892,0.0208333,802.464
34715,0.251425,-0.0394966,0.0191667,807.524
34716,0.251425,-0.0394966,0.0208333,807.898
34739,0.261967,-0.0395802,0.0191667,803.905
34740,0.261967,-0.0395802,0.0208333,804.214
34763,0.275388,-0.0395403,0.0191667,802.394
34764,0.275388,-0.0395403,0.0208333,802.639
34787,0.281296,-0.0396092,0.0191667,802.267
34788,0.281296,-0.0396092,0.0208333,802.56
34811,0.287297,-0.0395852,0.0191667,802.093
34812,0.287297,-0.0395852,0.0208333,802.429
34835,0.294742,-0.0395489,0.0191667,801.942
34836,0.294742,-0.0395489,0.0208333,802.292
34859,0.278432,-0.0396186,0.0191667,802.406
34860,0.278432,-0.0396186,0.0208333,802.757
34883,0.297743,-0.0395271,0.0191667,802.07
34884,0.297743,-0.0395271,0.0208333,802.467
34907,0.236529,-0.0395489,0.0191667,803.556
34908,0.236529,-0.0395489,0.0208333,803.548
34931,0.103719,-0.0395676,0.0191667,802.941
34932,0.103719,-0.0395676,0.0208333,802.937
34955,0.111184,-0.0395669,0.0191667,801.81
34956,0.111184,-0.0395669,0.0208333,801.799
34979,0.118673,-0.0395781,0.0191667,801.577
34980,0.118673,-0.0395781,0.0208333,801.578
35003,0.127612,-0.0395691,0.0191667,801.384
35004,0.127612,-0.0395691,0.0208333,801.389
35027,0.132096,-0.0395795,0.0191667,801.446
35028,0.132096,-0.0395795,0.0208333,801.45
35051,0.157477,-0.0395637,0.0191667,801.369
35052,0.157477,-0.0395637,0.0208333,801.369
35075,0.175373,-0.0395691,0.0191667,801.284
35076,0.175373,-0.0395691,0.0208333,801.283
35099,0.224587,-0.0395248,0.0191667,802.704
35100,0.224587,-0.0395248,0.0208333,802.7
35123,0.239564,-0.0395846,0.0191667,804.321
35124,0.239564,-0.0395846,0.0208333,804.314
35147,0.266429,-0.0395811,0.0191667,803.111
35148,0.266429,-0.0395811,0.0208333,803.349
35171,0.282827,-0.0395771,0.0191667,802.143
35172,0.282827,-0.0395771,0.0208333,802.45
35195,0.179826,-0.0396438,0.0191667,801.763
35196,0.179826,-0.0396438,0.0208333,801.761
35219,0.115664,-0.0395882,0.0191667,801.676
35220,0.115664,-0.0395882,0.0208333,801.685
35243,0.106728,-0.039596,0.0191667,802.276
35244,0.106728,-0.039596,0.0208333,802.272
35267,0.135075,-0.0395691,0.0191667,801.419
35268,0.135075,-0.0395691,0.0208333,801.423
35291,0.139544,-0.0395792,0.0191667,801.336
35292,0.139544,-0.0395792,0.0208333,801.335
35315,0.144001,-0.0395388,0.0191667,801.231
35316,0.144001,-0.0395388,0.0208333,801.227
35339,0.16203,-0.039535,0.0191667,801.385
35340,0.16203,-0.039535,0.0208333,801.39
35363,0.166408,-0.0395467,0.0191667,802.716
35364,0.166408,-0.0395467,0.0208333,802.731
35387,0.184383,-0.0396223,0.0191667,801.8
35388,0.184383,-0.0396223,0.0208333,801.798
35411,0.188779,-0.0395799,0.0191667,801.66
35412,0.188779,-0.0395799,0.0208333,801.656
35435,0.193284,-0.0395691,0.0191667,801.583
35436,0.193284,-0.0395691,0.0208333,801.575
35459,0.206722,-0.0395891,0.0191667,802.066
35460,0.206722,-0.0395891,0.0208333,802.062
35483,0.215682,-0.0395287,0.0191667,802.308
35484,0.215682,-0.0395287,0.0208333,802.298
35507,0.220145,-0.039564,0.0191667,802.671
35508,0.220145,-0.039564,0.0208333,802.669
35531,0.229086,-0.0395675,0.0191667,803.242
35532,0.229086,-0.0395675,0.0208333,803.242
35555,0.148507,-0.0395691,0.0191667,801.356
35556,0.148507,-0.0395691,0.0208333,801.346
35579,0.170904,-0.0395491,0.0191667,801.174
35580,0.170904,-0.0395491,0.0208333,801.171
35603,0.197742,-0.0396,0.0191667,801.826
35604,0.197742,-0.0396,0.0208333,801.821
35627,0.209703,-0.0395781,0.0191667,802.106
35628,0.209703,-0.0395781,0.0208333,802.101
35651,0.233563,-0.0395923,0.0191667,803.269
35652,0.233563,-0.0395923,0.0208333,803.257
35675,0.238038,-0.0395039,0.0191667,803.702
35676,0.238038,-0.0395039,0.0208333,803.694
35699,0.248535,-0.039534,0.0191667,808.64
35700,0.248535,-0.039534,0.0208333,809.33
35723,0.211203,-0.0396376,0.0191667,802.387
35724,0.211203,-0.0396376,0.0208333,802.385
35747,0.208209,-0.0395691,0.0191667,802.052
35748,0.208209,-0.0395691,0.0208333,802.045
35771,0.121694,-0.0395265,0.0191667,801.406
35772,0.121694,-0.0395265,0.0208333,801.414
35795,0.124556,-0.0396212,0.0191667,801.494
35796,0.124556,-0.0396212,0.0208333,801.491
35819,0.160469,-0.0395665,0.0191667,801.446
35820,0.160469,-0.0395665,0.0208333,801.449
35843,0.255999,-0.0395865,0.0191667,806.774
35844,0.255999,-0.0395865,0.0208333,807.165
35867,0.260455,-0.0396149,0.0191667,804.515
35868,0.260455,-0.0396149,0.0208333,804.836
35891,0.264925,-0.0396089,0.0191667,803.479
35892,0.264925,-0.0396089,0.0208333,803.755
35915,0.26791,-0.0395691,0.0191667,802.896
35916,0.26791,-0.0395691,0.0208333,803.087
35939,0.272446,-0.0395895,0.0191667,802.739
35940,0.272446,-0.0395895,0.0208333,802.974
35963,0.284338,-0.0395763,0.0191667,802.118
35964,0.284338,-0.0395763,0.0208333,802.437
35987,0.291802,-0.0395973,0.0191667,802.088
35988,0.291802,-0.0395973,0.0208333,802.457
36011,0.205179,-0.0395458,0.0191667,801.845
36012,0.205179,-0.0395458,0.0208333,801.843
36035,0.217195,-0.0395858,0.0191667,802.642
36036,0.217195,-0.0395858,0.0208333,802.638
36059,0.133577,-0.0395836,0.0191667,801.455
36060,0.133577,-0.0395836,0.0208333,801.461
36083,0.152971,-0.0395771,0.0191667,801.394
36084,0.152971,-0.0395771,0.0208333,801.392
36107,0.202223,-0.0395595,0.0191667,801.727
36108,0.202223,-0.0395595,0.0208333,801.72
36131,0.235053,-0.039553,0.0191667,803.314
36132,0.235053,-0.039553,0.0208333,803.306
36155,0.242537,-0.0395691,0.0191667,810.521
36156,0.242537,-0.0395691,0.0208333,810.691
36179,0.247004,-0.0396299,0.0191667,811.043
36180,0.247004,-0.0396299,0.0208333,812.25
36203,0.226137,-0.039578,0.0191667,803.029
36204,0.226137,-0.039578,0.0208333,803.028
36227,0.194776,-0.0395691,0.0191667,801.631
36228,0.194776,-0.0395691,0.0208333,801.623
36251,0.158967,-0.0395796,0.0191667,801.501
36252,0.158967,-0.0395796,0.0208333,801.503
36275,0.227623,-0.0395796,0.0191667,803.168
36276,0.227623,-0.0395796,0.0208333,803.169
36299,0.154478,-0.039496,0.0191667,801.204
36300,0.154478,-0.039496,0.0208333,801.203
36323,0.221667,-0.0395117,0.0191667,802.48
36324,0.221667,-0.0395117,0.0208333,802.479
36347,0.117166,-0.0394935,0.0191667,801.467
36348,0.117166,-0.0394935,0.0208333,801.464
36371,0.276926,-0.0395946,0.0191667,802.491
36372,0.276926,-0.0395946,0.0208333,802.825
36395,0.147044,-0.039566,0.0191667,801.323
36396,0.147044,-0.039566,0.0208333,801.324
36419,0.151493,-0.0395691,0.0191667,801.343
36420,0.151493,-0.0395691,0.0208333,801.332
36443,0.24999,-0.0396364,0.0191667,811.507
36444,0.24999,-0.0396364,0.0208333,812.406
36467,0.120161,-0.0395632,0.0191667,801.504
36468,0.120161,-0.0395632,0.0208333,801.514
36491,0.293284,-0.0395691,0.0191667,802.023
36492,0.293284,-0.0395691,0.0208333,802.391
36515,0.108188,-0.0395842,0.0191667,802.096
36516,0.108188,-0.0395842,0.0208333,802.093
36539,0.296238,-0.0395789,0.0191667,802.031
36540,0.296238,-0.0395789,0.0208333,802.453
36563,0.219119,0.025863,0.0191667,799.998
36564,0.219119,0.025863,0.0208333,799.998
36587,0.224355,0.028548,0.0191667,800.001
36588,0.224355,0.028548,0.0208333,800.001
36611,0.287076,-0.0352926,0.0191667,802.636
36612,0.287076,-0.0352926,0.0208333,803.263
36635,0.103309,0.0101136,0.0191667,800.003
36636,0.103309,0.0101136,0.0208333,800.003
36659,0.255408,-0.0366781,0.0191667,801.732
36660,0.255408,-0.0366781,0.0208333,802.423
36683,0.161273,-0.0382079,0.0191667,800.165
36684,0.161273,-0.0382079,0.0208333,800.159
36707,0.152191,-0.0383865,0.0191667,800.185
36708,0.152191,-0.0383865,0.0208333,800.178
36731,0.119431,-0.0382774,0.0191667,800.56
36732,0.119431,-0.0382774,0.0208333,800.553
36755,0.103504,0.0157913,0.0191667,800.005
36756,0.103504,0.0157913,0.0208333,800.002
36779,0.111464,-0.00733404,0.0191667,800.137
36780,0.111464,-0.00733404,0.0208333,800.137
36803,0.106577,-0.00419878,0.0191667,799.967
36804,0.106577,-0.00419878,0.0208333,799.967
36827,0.207069,-0.0320276,0.0191667,800.099
36828,0.207069,-0.0320276,0.0208333,800.106
36851,0.19825,-0.0357055,0.0191667,800.146
36852,0.19825,-0.0357055,0.0208333,800.147
36875,0.173217,-0.0300735,0.0191667,800.101
36876,0.173217,-0.0300735,0.0208333,800.106
36899,0.240877,-0.0352479,0.0191667,800.553
36900,0.240877,-0.0352479,0.0208333,800.56
36923,0.238365,-0.0377208,0.0191667,801.566
36924,0.238365,-0.0377208,0.0208333,801.565
36947,0.179018,-0.0370205,0.0191667,800.169
36948,0.179018,-0.0370205,0.0208333,800.169
36971,0.247778,-0.0391639,0.0191667,806.256
36972,0.247778,-0.0391639,0.0208333,806.7
36995,0.285085,-0.0391655,0.0191667,801.737
36996,0.285085,-0.0391655,0.0208333,801.907
37019,0.134323,-0.0391528,0.0191667,800.931
37020,0.134323,-0.0391528,0.0208333,800.928
37043,0.250669,-0.039133,0.0191667,806.025
37044,0.250669,-0.039133,0.0208333,806.352
37067,0.237253,-0.0390528,0.0191667,803.417
37068,0.237253,-0.0390528,0.0208333,803.411
37091,0.293996,-0.039118,0.0191667,801.522
37092,0.293996,-0.039118,0.0208333,801.78
37115,0.117928,-0.0390716,0.0191667,801.273
37116,0.117928,-0.0390716,0.0208333,801.277
37139,0.265682,-0.03919,0.0191667,802.7
37140,0.265682,-0.03919,0.0208333,802.929
37163,0.277747,-0.0392131,0.0191667,802.073
37164,0.277747,-0.0392131,0.0208333,802.196
37187,0.238796,-0.0390885,0.0191667,803.795
37188,0.238796,-0.0390885,0.0208333,803.786
37211,0.23576,-0.0391019,0.0191667,803.177
37212,0.23576,-0.0391019,0.0208333,803.172
37235,0.234288,-0.0391453,0.0191667,802.975
37236,0.234288,-0.0391453,0.0208333,802.968
37259,0.161304,-0.0391015,0.0191667,800.786
37260,0.161304,-0.0391015,0.0208333,800.786
37283,0.12096,-0.0390896,0.0191667,801.131
37284,0.12096,-0.0390896,0.0208333,801.123
37307,0.158235,-0.0391433,0.0191667,800.801
37308,0.158235,-0.0391433,0.0208333,800.799
37331,0.207469,-0.0391583,0.0191667,801.325
37332,0.207469,-0.0391583,0.0208333,801.322
37355,0.208957,-0.0391473,0.0191667,801.396
37356,0.208957,-0.0391473,0.0208333,801.393
37379,0.22535,-0.0391028,0.0191667,802.015
37380,0.22535,-0.0391028,0.0208333,802.013
37403,0.19403,-0.0391383,0.0191667,801.003
37404,0.19403,-0.0391383,0.0208333,800.998
37427,0.283583,-0.0391534,0.0191667,801.79
37428,0.283583,-0.0391534,0.0208333,801.935
37451,0.210458,-0.0392157,0.0191667,801.522
37452,0.210458,-0.0392157,0.0208333,801.516
37475,0.216459,-0.0391145,0.0191667,801.579
37476,0.216459,-0.0391145,0.0208333,801.579
37499,0.220917,-0.0390757,0.0191667,801.858
37500,0.220917,-0.0390757,0.0208333,801.855
37523,0.205931,-0.0391349,0.0191667,801.247
37524,0.205931,-0.0391349,0.0208333,801.239
37547,0.226894,-0.0391576,0.0191667,802.245
37548,0.226894,-0.0391576,0.0208333,802.243
37571,0.267175,-0.0391502,0.0191667,802.633
37572,0.267175,-0.0391502,0.0208333,802.803
37595,0.282033,-0.0391863,0.0191667,801.876
37596,0.282033,-0.0391863,0.0208333,802.014
37619,0.132837,-0.0391631,0.0191667,800.999
37620,0.132837,-0.0391631,0.0208333,800.995
37643,0.296966,-0.039106,0.0191667,801.442
37644,0.296966,-0.039106,0.0208333,801.683
37667,0.261228,-0.0391952,0.0191667,803.164
37668,0.261228,-0.0391952,0.0208333,803.486
37691,0.14779,-0.0391351,0.0191667,800.847
37692,0.14779,-0.0391351,0.0208333,800.843
37715,0.228351,-0.0391471,0.0191667,802.405
37716,0.228351,-0.0391471,0.0208333,802.402
37739,0.153717,-0.0390731,0.0191667,800.78
37740,0.153717,-0.0390731,0.0208333,800.778
37763,0.159735,-0.0391461,0.0191667,800.812
37764,0.159735,-0.0391461,0.0208333,800.811
37787,0.116412,-0.0390818,0.0191667,801.341
37788,0.116412,-0.0390818,0.0208333,801.345
37811,0.286551,-0.0391745,0.0191667,801.696
37812,0.286551,-0.0391745,0.0208333,801.895
37835,0.152224,-0.0391462,0.0191667,800.788
37836,0.152224,-0.0391462,0.0208333,800.786
37859,0.119431,-0.0391413,0.0191667,801.226
37860,0.119431,-0.0391413,0.0208333,801.218
37883,0.276195,-0.0391349,0.0191667,802.105
37884,0.276195,-0.0391349,0.0208333,802.202
37907,0.249271,-0.0391704,0.0191667,806.315
37908,0.249271,-0.0391704,0.0208333,806.776
37931,0.292549,-0.0391664,0.0191667,801.553
37932,0.292549,-0.0391664,0.0208333,801.805
37955,0.107454,-0.0391802,0.0191667,802.006
37956,0.107454,-0.0391802,0.0208333,801.998
37979,0.295458,-0.0391278,0.0191667,801.463
37980,0.295458,-0.0391278,0.0208333,801.709
38003,0.2225,0.0257444,0.0191667,800.001
38004,0.2225,0.0257444,0.0208333,800.0
38027,0.124577,-0.0327669,0.0191667,800.202
38028,0.124577,-0.0327669,0.0208333,800.196
38051,0.15898,-0.0379827,0.0191667,800.171
38052,0.15898,-0.0379827,0.0208333,800.166
38075,0.12013,-0.0378028,0.0191667,800.511
38076,0.12013,-0.0378028,0.0208333,800.504
38099,0.181916,-0.0295778,0.0191667,800.086
38100,0.181916,-0.0295778,0.0208333,800.09
38123,0.231685,-0.0375409,0.0191667,800.625
38124,0.231685,-0.0375409,0.0208333,800.628
38147,0.245107,-0.0391249,0.0191667,806.753
38148,0.245107,-0.0391249,0.0208333,806.973
38171,0.193079,0.0362932,0.0191667,800.0
38172,0.193079,0.0362932,0.0208333,800.0
38195,0.218669,-0.036853,0.0191667,800.252
38196,0.218669,-0.036853,0.0208333,800.251
38219,0.291265,-0.0317538,0.0191667,801.972
38220,0.291265,-0.0317538,0.0208333,803.704
38243,0.289366,-0.0054361,0.0191667,801.441
38244,0.289366,-0.0054361,0.0208333,801.32
38267,0.158394,-0.0322501,0.0191667,800.206
38268,0.158394,-0.0322501,0.0208333,800.201
38291,0.103917,-0.0287579,0.0191667,800.401
38292,0.103917,-0.0287579,0.0208333,800.402
38315,0.248872,-0.0361535,0.0191667,801.481
38316,0.248872,-0.0361535,0.0208333,801.606
38339,0.225677,-0.0324522,0.0191667,800.118
38340,0.225677,-0.0324522,0.0208333,800.116
38363,0.120929,-0.0381931,0.0191667,800.527
38364,0.120929,-0.0381931,0.0208333,800.519
38387,0.111948,0.00441789,0.0191667,800.001
38388,0.111948,0.00441789,0.0208333,800.002
38411,0.221862,-0.0300647,0.0191667,800.085
38412,0.221862,-0.0300647,0.0208333,800.086
38435,0.154448,-0.0299873,0.0191667,800.221
38436,0.154448,-0.0299873,0.0208333,800.216
38459,0.22258,-0.0274092,0.0191667,800.055
38460,0.22258,-0.0274092,0.0208333,800.052
38483,0.106432,-0.0372802,0.0191667,801.183
38484,0.106432,-0.0372802,0.0208333,801.178
38507,0.155202,-0.0271091,0.0191667,800.177
38508,0.155202,-0.0271091,0.0208333,800.179
38531,0.155331,-0.038285,0.0191667,800.129
38532,0.155331,-0.038285,0.0208333,800.124
38555,0.295412,-0.0382824,0.0191667,801.086
38556,0.295412,-0.0382824,0.0208333,801.141
38579,0.150746,-0.0391478,0.0191667,800.815
38580,0.150746,-0.0391478,0.0208333,800.812
38603,0.149254,-0.0391478,0.0191667,800.797
38604,0.149254,-0.0391478,0.0208333,800.793
38627,0.133636,-0.0371362,0.0191667,800.234
38628,0.133636,-0.0371362,0.0208333,800.226
38651,0.123837,-0.0304558,0.0191667,800.166
38652,0.123837,-0.0304558,0.0208333,800.149
38675,0.0146825,0.00834928,0.0191667,800.001
38676,0.0146825,0.00834928,0.0208333,800.001
38699,0.0735294,0.00830191,0.0191667,800.001
38700,0.0735294,0.00830191,0.0208333,800.001
38723,0.355882,0.0383019,0.0191667,800.068
38724,0.355882,0.0383019,0.0208333,800.065
38747,0.302906,0.0382235,0.0191667,800.003
38748,0.302906,0.0382235,0.0208333,800.002
38771,0.385274,0.0216654,0.0191667,800.987
38772,0.385274,0.0216654,0.0208333,800.976
38795,0.314706,0.0383019,0.0191667,800.032
38796,0.314706,0.0383019,0.0208333,800.034
38819,0.285333,0.0383184,0.0191667,800.0
38820,0.285333,0.0383184,0.0208333,800.0
38843,0.25614,0.0384024,0.0191667,799.998
38844,0.25614,0.0384024,0.0208333,800.003
38867,0.138231,0.0382152,0.0191667,800.003
38868,0.138231,0.0382152,0.0208333,800.001
38891,0.185166,0.0381666,0.0191667,800.001
38892,0.185166,0.0381666,0.0208333,800.001
38915,0.14993,0.0383062,0.0191667,800.002
38916,0.14993,0.0383062,0.0208333,800.003
38939,0.0676471,-0.00830191,0.0191667,800.0
38940,0.0676471,-0.00830191,0.0208333,800.0
38963,0.367646,0.0216784,0.0191667,801.004
38964,0.367646,0.0216784,0.0208333,801.0
38987,0.00873729,0.00858974,0.0191667,800.001
38988,0.00873729,0.00858974,0.0208333,800.001
39011,0.0676471,0.00830191,0.0191667,800.001
39012,0.0676471,0.00830191,0.0208333,800.001
39035,0.0969778,0.00830061,0.0191667,800.0
39036,0.0969778,0.00830061,0.0208333,800.001
39059,0.361756,0.0383174,0.0191667,800.067
39060,0.361756,0.0383174,0.0208333,800.064
39083,0.0617647,-0.00830191,0.0191667,800.0
39084,0.0617647,-0.00830191,0.0208333,800.0
39107,0.0794118,-0.00830191,0.0191667,800.0
39108,0.0794118,-0.00830191,0.0208333,800.0
39131,0.0852941,-0.00830191,0.0191667,800.0
39132,0.0852941,-0.00830191,0.0208333,800.0
39155,0.0382353,0.00830191,0.0191667,800.001
39156,0.0382353,0.00830191,0.0208333,800.001
39179,0.0264706,0.00830191,0.0191667,800.001
39180,0.0264706,0.00830191,0.0208333,800.001
39203,0.12049,0.0382419,0.0191667,800.002
39204,0.12049,0.0382419,0.0208333,800.003
39227,0.108842,0.0384039,0.0191667,800.007
39228,0.108842,0.0384039,0.0208333,800.003
39251,0.0323529,-0.00830191,0.0191667,800.0
39252,0.0323529,-0.00830191,0.0208333,800.0
39275,0.0205792,-0.00834158,0.0191667,800.0
39276,0.0205792,-0.00834158,0.0208333,800.0
39299,0.308848,0.0216631,0.0191667,801.143
39300,0.308848,0.0216631,0.0208333,801.141
39323,0.320588,0.0216981,0.0191667,801.086
39324,0.320588,0.0216981,0.0208333,801.096
39347,0.332353,0.0216981,0.0191667,801.05
39348,0.332353,0.0216981,0.0208333,801.062
39371,0.344127,0.0216584,0.0191667,801.033
39372,0.344127,0.0216584,0.0208333,801.04
39395,0.361756,0.0216584,0.0191667,801.011
39396,0.361756,0.0216584,0.0208333,801.009
39419,0.0852944,0.0083072,0.0191667,800.001
39420,0.0852944,0.0083072,0.0208333,800.0
39443,0.391263,0.0386059,0.0191667,800.059
39444,0.391263,0.0386059,0.0208333,800.057
39467,0.379412,0.0383019,0.0191667,800.074
39468,0.379412,0.0383019,0.0208333,800.069
39491,0.367647,0.0383019,0.0191667,800.071
39492,0.367647,0.0383019,0.0208333,800.066
39515,0.35,0.0383019,0.0191667,800.07
39516,0.35,0.0383019,0.0208333,800.064
39539,0.338235,0.0383019,0.0191667,800.061
39540,0.338235,0.0383019,0.0208333,800.062
39563,0.308818,0.0383098,0.0191667,800.016
39564,0.308818,0.0383098,0.0208333,800.018
39587,0.273713,0.0383198,0.0191667,799.996
39588,0.273713,0.0383198,0.0208333,800.001
39611,0.214626,0.0383436,0.0191667,800.0
39612,0.214626,0.0383436,0.0208333,799.999
39635,0.20304,0.0384524,0.0191667,800.0
39636,0.20304,0.0384524,0.0208333,800.0
39659,0.0441176,-0.00830191,0.0191667,800.0
39660,0.0441176,-0.00830191,0.0208333,800.0
39683,0.238235,0.0383019,0.0191667,800.0
39684,0.238235,0.0383019,0.0208333,800.0
39707,0.0558824,0.00830191,0.0191667,800.0
39708,0.0558824,0.00830191,0.0208333,800.0
39731,0.220686,0.0382215,0.0191667,800.001
39732,0.220686,0.0382215,0.0208333,799.999
39755,0.320588,0.0383019,0.0191667,800.045
39756,0.320588,0.0383019,0.0208333,800.045
39779,0.167627,0.0382869,0.0191667,800.002
39780,0.167627,0.0382869,0.0208333,800.002
39803,0.13221,0.0383963,0.0191667,800.003
39804,0.13221,0.0383963,0.0208333,800.002
39827,0.373529,0.0216981,0.0191667,800.997
39828,0.373529,0.0216981,0.0208333,800.991
39851,0.326471,0.0383019,0.0191667,800.051
39852,0.326471,0.0383019,0.0208333,800.052
39875,0.126365,0.0384274,0.0191667,800.004
39876,0.126365,0.0384274,0.0208333,800.0
39899,0.114706,0.0383019,0.0191667,800.004
39900,0.114706,0.0383019,0.0208333,800.001
39923,0.0382353,-0.00830191,0.0191667,800.0
39924,0.0382353,-0.00830191,0.0208333,800.0
39947,0.05,-0.00830191,0.0191667,800.0
39948,0.05,-0.00830191,0.0208333,800.0
39971,0.314707,0.0216911,0.0191667,801.211
39972,0.314707,0.0216911,0.0208333,801.17
39995,0.279526,0.0383345,0.0191667,799.998
39996,0.279526,0.0383345,0.0208333,800.0
40019,0.338236,0.0216784,0.0191667,801.04
40020,0.338236,0.0216784,0.0208333,801.051
40043,0.0323529,0.00830191,0.0191667,800.0
40044,0.0323529,0.00830191,0.0208333,800.0
40067,0.0441176,0.00830191,0.0191667,800.0
40068,0.0441176,0.00830191,0.0208333,800.0
40091,0.332353,0.0383019,0.0191667,800.057
40092,0.332353,0.0383019,0.0208333,800.06
40115,0.373529,0.0383019,0.0191667,800.073
40116,0.373529,0.0383019,0.0208333,800.069
40139,0.0264695,-0.0083216,0.0191667,800.0
40140,0.0264695,-0.0083216,0.0208333,800.0
40163,0.0911785,0.00831453,0.0191667,800.0
40164,0.0911785,0.00831453,0.0208333,800.0
40187,0.0558824,-0.00830191,0.0191667,800.0
40188,0.0558824,-0.00830191,0.0208333,800.0
40211,0.0794118,0.00830759,0.0191667,800.0
40212,0.0794118,0.00830759,0.0208333,800.0
40235,0.344127,0.0383174,0.0191667,800.061
40236,0.344127,0.0383174,0.0208333,800.062
40259,0.326471,0.0216981,0.0191667,801.065
40260,0.326471,0.0216981,0.0208333,801.078
40283,0.0735294,-0.00830191,0.0191667,800.0
40284,0.0735294,-0.00830191,0.0208333,800.0
40307,0.0617647,0.00830191,0.0191667,800.0
40308,0.0617647,0.00830191,0.0208333,800.0
40331,0.379412,0.0216981,0.0191667,800.992
40332,0.379412,0.0216981,0.0208333,800.983
40355,0.0205753,0.00832534,0.0191667,800.001
40356,0.0205753,0.00832534,0.0208333,800.001
40379,0.05,0.00830191,0.0191667,800.0
40380,0.05,0.00830191,0.0208333,800.0
40403,0.385308,0.0383735,0.0191667,800.069
40404,0.385308,0.0383735,0.0208333,800.069
40427,0.277698,-0.034177,0.0191667,803.271
40428,0.277698,-0.034177,0.0208333,804.867
40451,0.11276,0.0166327,0.0191667,800.002
40452,0.11276,0.0166327,0.0208333,800.0
40475,0.145946,0.0345383,0.0191667,799.997
40476,0.145946,0.0345383,0.0208333,800.001
40499,0.161684,0.0320849,0.0191667,800.0
40500,0.161684,0.0320849,0.0208333,800.003
40523,0.28662,-0.0318618,0.0191667,802.535
40524,0.28662,-0.0318618,0.0208333,804.738
40547,0.0911853,-0.00830415,0.0191667,799.999
40548,0.0911853,-0.00830415,0.0208333,799.999
40571,0.275913,-0.0345458,0.0191667,803.259
40572,0.275913,-0.0345458,0.0208333,804.823
40595,0.131903,-0.035131,0.0191667,800.213
40596,0.131903,-0.035131,0.0208333,800.209
40619,0.283586,-0.0383084,0.0191667,801.472
40620,0.283586,-0.0383084,0.0208333,801.388
40643,0.244864,-0.0186877,0.0191667,800.033
40644,0.244864,-0.0186877,0.0208333,800.031
40667,0.262714,-0.0391569,0.0191667,802.977
40668,0.262714,-0.0391569,0.0208333,803.28
40691,0.264178,-0.0391855,0.0191667,802.773
40692,0.264178,-0.0391855,0.0208333,803.042
40715,0.187681,-0.0151403,0.0191667,800.0
40716,0.187681,-0.0151403,0.0208333,800.003
40739,0.15,-0.0395787,0.0191667,801.41
40740,0.15,-0.0395787,0.0208333,801.401
40763,0.123426,-0.01093,0.0191667,800.176
40764,0.123426,-0.01093,0.0208333,800.174
40787,0.18987,-0.0274089,0.0191667,800.053
40788,0.18987,-0.0274089,0.0208333,800.052
40811,0.27415,-0.0349072,0.0191667,803.212
40812,0.27415,-0.0349072,0.0208333,804.693
40835,0.203191,-0.0385155,0.0191667,800.624
40836,0.203191,-0.0385155,0.0208333,800.629
40859,0.108866,0.00423703,0.0191667,799.998
40860,0.108866,0.00423703,0.0208333,799.998
40883,0.131095,-0.0318536,0.0191667,800.199
40884,0.131095,-0.0318536,0.0208333,800.192
40907,0.0911792,0.0016449,0.0191667,799.999
40908,0.0911792,0.0016449,0.0208333,799.999
40931,0.263164,-0.0171135,0.0191667,800.152
40932,0.263164,-0.0171135,0.0208333,800.146
40955,0.225838,-0.0264252,0.0191667,800.052
40956,0.225838,-0.0264252,0.0208333,800.048
40979,0.100585,-0.0333191,0.0191667,801.8
40980,0.100585,-0.0333191,0.0208333,801.795
41003,0.158521,-0.0261001,0.0191667,800.174
41004,0.158521,-0.0261001,0.0208333,800.176
41027,0.110999,-0.0371129,0.0191667,800.583
41028,0.110999,-0.0371129,0.0208333,800.582
41051,0.159989,-0.0125909,0.0191667,800.009
41052,0.159989,-0.0125909,0.0208333,800.012
41075,0.201807,0.0270278,0.0191667,799.999
41076,0.201807,0.0270278,0.0208333,800.0
41099,0.0112374,0.00362266,0.0191667,799.999
41100,0.0112374,0.00362266,0.0208333,799.999
41123,0.352941,0.0332161,0.0191667,800.434
41124,0.352941,0.0332161,0.0208333,800.425
41147,0.121161,-0.0296032,0.0191667,800.159
41148,0.121161,-0.0296032,0.0208333,800.143
41171,0.115784,-0.0345018,0.0191667,800.222
41172,0.115784,-0.0345018,0.0208333,800.215
41195,0.100757,-0.0284878,0.0191667,801.322
41196,0.100757,-0.0284878,0.0208333,801.317
41219,0.394352,0.0249982,0.0191667,800.91
41220,0.394352,0.0249982,0.0208333,800.892
41243,0.263433,-0.0395766,0.0191667,803.605
41244,0.263433,-0.0395766,0.0208333,803.908
41267,0.194126,-0.0114093,0.0191667,799.999
41268,0.194126,-0.0114093,0.0208333,800.001
41291,0.186796,-0.0261556,0.0191667,800.041
41292,0.186796,-0.0261556,0.0208333,800.043
41315,0.283769,-0.0336724,0.0191667,803.046
41316,0.283769,-0.0336724,0.0208333,804.721
41339,0.108149,-0.00717769,0.0191667,800.138
41340,0.108149,-0.00717769,0.0208333,800.137
41363,0.0882441,-0.00660606,0.0191667,800.0
41364,0.0882441,-0.00660606,0.0208333,800.0
41387,0.195522,-0.0391527,0.0191667,801.071
41388,0.195522,-0.0391527,0.0208333,801.066
41411,0.196996,-0.0391836,0.0191667,801.131
41412,0.196996,-0.0391836,0.0208333,801.128
41435,0.111703,-0.0343857,0.0191667,800.263
41436,0.111703,-0.0343857,0.0208333,800.259
41459,0.294113,0.0369125,0.0191667,799.998
41460,0.294113,0.0369125,0.0208333,799.999
41483,0.193943,-0.0383111,0.0191667,800.329
41484,0.193943,-0.0383111,0.0208333,800.325
41507,0.213863,-0.0380232,0.0191667,800.519
41508,0.213863,-0.0380232,0.0208333,800.516
41531,0.183737,-0.0338475,0.0191667,800.141
41532,0.183737,-0.0338475,0.0208333,800.141
41555,0.205899,-0.0347357,0.0191667,800.134
41556,0.205899,-0.0347357,0.0208333,800.136
41579,0.126143,0.0324136,0.0191667,800.001
41580,0.126143,0.0324136,0.0208333,799.999
41603,0.0116551,0.00693902,0.0191667,800.0
41604,0.0116551,0.00693902,0.0208333,800.0
41627,0.352941,0.0366038,0.0191667,800.067
41628,0.352941,0.0366038,0.0208333,800.072
41651,0.0705882,0.00660382,0.0191667,800.0
41652,0.0705882,0.00660382,0.0208333,800.0
41675,0.0647059,-0.00660382,0.0191667,800.0
41676,0.0647059,-0.00660382,0.0208333,800.0
41699,0.370587,0.0233765,0.0191667,800.997
41700,0.370587,0.0233765,0.0208333,800.991
41723,0.0235193,-0.00666318,0.0191667,800.0
41724,0.0235193,-0.00666318,0.0208333,800.0
41747,0.0588235,0.00660382,0.0191667,800.001
41748,0.0588235,0.00660382,0.0208333,800.001
41771,0.376471,0.0366038,0.0191667,800.077
41772,0.376471,0.0366038,0.0208333,800.068
41795,0.317648,0.0233892,0.0191667,801.078
41796,0.317648,0.0233892,0.0208333,801.089
41819,0.388336,0.0369794,0.0191667,800.057
41820,0.388336,0.0369794,0.0208333,800.055
41843,0.364697,0.0366194,0.0191667,800.075
41844,0.364697,0.0366194,0.0208333,800.071
41867,0.0823529,-0.00660382,0.0191667,800.0
41868,0.0823529,-0.00660382,0.0208333,800.0
41891,0.335295,0.0233765,0.0191667,801.041
41892,0.335295,0.0233765,0.0208333,801.051
41915,0.282506,0.0366529,0.0191667,799.998
41916,0.282506,0.0366529,0.0208333,800.002
41939,0.135147,0.0366115,0.0191667,800.004
41940,0.135147,0.0366115,0.0208333,800.002
41963,0.123326,0.0366693,0.0191667,800.004
41964,0.123326,0.0366693,0.0208333,800.0
41987,0.0411765,-0.00660382,0.0191667,800.0
41988,0.0411765,-0.00660382,0.0208333,800.0
42011,0.0470588,-0.00660382,0.0191667,800.0
42012,0.0470588,-0.00660382,0.0208333,800.0
42035,0.317647,0.0366038,0.0191667,800.051
42036,0.317647,0.0366038,0.0208333,800.05
42059,0.311759,0.0366117,0.0191667,800.036
42060,0.311759,0.0366117,0.0208333,800.037
42083,0.217665,0.0365651,0.0191667,800.0
42084,0.217665,0.0365651,0.0208333,800.001
42107,0.111784,0.0367058,0.0191667,800.002
42108,0.111784,0.0367058,0.0208333,800.004
42131,0.0470588,0.00660382,0.0191667,800.001
42132,0.0470588,0.00660382,0.0208333,800.001
42155,0.358814,0.0366194,0.0191667,800.066
42156,0.358814,0.0366194,0.0208333,800.068
42179,0.129164,0.0368238,0.0191667,800.001
42180,0.129164,0.0368238,0.0208333,800.002
42203,0.323529,0.0366038,0.0191667,800.059
42204,0.323529,0.0366038,0.0208333,800.056
42227,0.335294,0.0366038,0.0191667,800.062
42228,0.335294,0.0366038,0.0208333,800.063
42251,0.0294118,0.00660382,0.0191667,800.0
42252,0.0294118,0.00660382,0.0208333,800.0
42275,0.305841,0.0365333,0.0191667,800.021
42276,0.305841,0.0365333,0.0208333,800.027
42299,0.117549,0.0365438,0.0191667,800.002
42300,0.117549,0.0365438,0.0208333,800.001
42323,0.0352941,-0.00660382,0.0191667,800.0
42324,0.0352941,-0.00660382,0.0208333,800.0
42347,0.0764706,0.0066095,0.0191667,800.0
42348,0.0764706,0.0066095,0.0208333,800.0
42371,0.31179,0.0233543,0.0191667,801.069
42372,0.31179,0.0233543,0.0208333,801.142
42395,0.341187,0.0233368,0.0191667,801.034
42396,0.341187,0.0233368,0.0208333,801.038
42419,0.364696,0.0233368,0.0191667,801.004
42420,0.364696,0.0233368,0.0208333,801.0
42443,0.0823532,0.00661479,0.0191667,800.0
42444,0.0823532,0.00661479,0.0208333,800.001
42467,0.341186,0.0366194,0.0191667,800.062
42468,0.341186,0.0366194,0.0208333,800.064
42491,0.0235165,0.00662725,0.0191667,800.0
42492,0.0235165,0.00662725,0.0208333,800.0
42515,0.0882376,0.00662173,0.0191667,800.001
42516,0.0882376,0.00662173,0.0208333,800.001
42539,0.276768,0.0366543,0.0191667,799.999
42540,0.276768,0.0366543,0.0208333,799.999
42563,0.0352941,0.00660382,0.0191667,800.0
42564,0.0352941,0.00660382,0.0208333,800.0
42587,0.0764706,-0.00660382,0.0191667,800.0
42588,0.0764706,-0.00660382,0.0208333,800.0
42611,0.0411765,0.00660382,0.0191667,800.0
42612,0.0411765,0.00660382,0.0208333,800.0
42635,0.376471,0.0233962,0.0191667,800.993
42636,0.376471,0.0233962,0.0208333,800.985
42659,0.323529,0.0233962,0.0191667,801.063
42660,0.323529,0.0233962,0.0208333,801.075
42683,0.0940387,0.00661514,0.0191667,800.0
42684,0.0940387,0.00661514,0.0208333,800.0
42707,0.0294107,-0.00662351,0.0191667,800.0
42708,0.0294107,-0.00662351,0.0208333,800.0
42731,0.347068,0.0366194,0.0191667,800.068
42732,0.347068,0.0366194,0.0208333,800.068
42755,0.0588235,-0.00660382,0.0191667,800.0
42756,0.0588235,-0.00660382,0.0208333,800.0
42779,0.329412,0.0366038,0.0191667,800.059
42780,0.329412,0.0366038,0.0208333,800.061
42803,0.0529412,-0.00660382,0.0191667,800.0
42804,0.0529412,-0.00660382,0.0208333,800.0
42827,0.370588,0.0366038,0.0191667,800.076
42828,0.370588,0.0366038,0.0208333,800.075
42851,0.329412,0.0233962,0.0191667,801.05
42852,0.329412,0.0233962,0.0208333,801.061
42875,0.0705882,-0.00660382,0.0191667,800.0
42876,0.0705882,-0.00660382,0.0208333,800.0
42899,0.382333,0.0233635,0.0191667,800.989
42900,0.382333,0.0233635,0.0208333,800.98
42923,0.0176107,0.00667462,0.0191667,800.0
42924,0.0176107,0.00667462,0.0208333,800.0
42947,0.0647059,0.00660382,0.0191667,800.0
42948,0.0647059,0.00660382,0.0208333,800.0
42971,0.0529412,0.00660382,0.0191667,800.0
42972,0.0529412,0.00660382,0.0208333,800.0
42995,0.382367,0.0366754,0.0191667,800.067
42996,0.382367,0.0366754,0.0208333,800.066
43019,0.196629,0.0303578,0.0191667,800.0
43020,0.196629,0.0303578,0.0208333,799.999
43043,0.258072,-0.0354908,0.0191667,801.71
43044,0.258072,-0.0354908,0.0208333,802.696
43067,0.138046,-0.0396342,0.0191667,801.481
43068,0.138046,-0.0396342,0.0208333,801.478
43091,0.147458,0.0326433,0.0191667,799.999
43092,0.147458,0.0326433,0.0208333,800.0
43115,0.146841,0.0299201,0.0191667,800.002
43116,0.146841,0.0299201,0.0208333,800.001
43139,0.256593,-0.0147759,0.0191667,800.051
43140,0.256593,-0.0147759,0.0208333,800.053
43163,0.256527,-0.0284006,0.0191667,801.302
43164,0.256527,-0.0284006,0.0208333,801.342
43187,0.1014,-0.0298466,0.0191667,801.235
43188,0.1014,-0.0298466,0.0208333,801.234
43211,0.114387,0.0134672,0.0191667,800.003
43212,0.114387,0.0134672,0.0208333,800.002
43235,0.00562679,-0.00503289,0.0191667,800.0
43236,0.00562679,-0.00503289,0.0208333,800.0
43259,0.252915,-0.0372394,0.0191667,801.751
43260,0.252915,-0.0372394,0.0208333,802.283
43283,0.152638,0.0333989,0.0191667,800.001
43284,0.152638,0.0333989,0.0208333,799.999
43307,0.170108,-0.0382712,0.0191667,800.121
43308,0.170108,-0.0382712,0.0208333,800.12
43331,0.184102,-0.0209094,0.0191667,800.009
43332,0.184102,-0.0209094,0.0208333,800.009
43355,0.1322,-0.0365241,0.0191667,800.221
43356,0.1322,-0.0365241,0.0208333,800.215
43379,0.255362,-0.0383532,0.0191667,802.15
43380,0.255362,-0.0383532,0.0208333,802.565
43403,0.299613,-0.0377554,0.0191667,800.962
43404,0.299613,-0.0377554,0.0208333,801.021
43427,0.260431,-0.0372471,0.0191667,802.139
43428,0.260431,-0.0372471,0.0208333,802.785
43451,0.219681,-0.0337923,0.0191667,800.124
43452,0.219681,-0.0337923,0.0208333,800.121
43475,0.138979,-0.0373969,0.0191667,800.234
43476,0.138979,-0.0373969,0.0208333,800.221
43499,0.202883,-0.0321248,0.0191667,800.107
43500,0.202883,-0.0321248,0.0208333,800.102
43523,0.284271,-0.0289611,0.0191667,801.671
43524,0.284271,-0.0289611,0.0208333,803.968
43547,0.125269,-0.0391536,0.0191667,801.051
43548,0.125269,-0.0391536,0.0208333,801.05
43571,0.126832,-0.0391016,0.0191667,800.995
43572,0.126832,-0.0391016,0.0208333,800.984
43595,0.168642,-0.0392173,0.0191667,800.484
43596,0.168642,-0.0392173,0.0208333,800.471
43619,0.217972,-0.0382958,0.0191667,800.573
43620,0.217972,-0.0382958,0.0208333,800.582
43643,0.290418,-0.0168728,0.0191667,801.166
43644,0.290418,-0.0168728,0.0208333,801.639
43667,0.243022,-0.0133106,0.0191667,800.008
43668,0.243022,-0.0133106,0.0208333,800.009
43691,0.101985,0.030855,0.0191667,800.006
43692,0.101985,0.030855,0.0208333,800.006
43715,0.173195,-0.038118,0.0191667,800.127
43716,0.173195,-0.038118,0.0208333,800.126
43739,0.255391,-0.0336018,0.0191667,801.468
43740,0.255391,-0.0336018,0.0208333,801.939
43763,0.180088,-0.0163447,0.0191667,800.002
43764,0.180088,-0.0163447,0.0208333,800.005
43787,0.189104,-0.0380629,0.0191667,800.126
43788,0.189104,-0.0380629,0.0208333,800.124
43811,0.134761,-0.0347261,0.0191667,800.217
43812,0.134761,-0.0347261,0.0208333,800.214
43835,0.108099,-0.0378403,0.0191667,801.158
43836,0.108099,-0.0378403,0.0208333,801.153
43859,0.237865,-0.034396,0.0191667,800.239
43860,0.237865,-0.034396,0.0208333,800.243
43883,0.277248,-0.0372905,0.0191667,802.763
43884,0.277248,-0.0372905,0.0208333,802.413
43907,0.106971,0.00631724,0.0191667,800.0
43908,0.106971,0.00631724,0.0208333,800.0
43931,0.16939,-0.0395882,0.0191667,801.382
43932,0.16939,-0.0395882,0.0208333,801.379
43955,0.239651,-0.0372225,0.0191667,801.47
43956,0.239651,-0.0372225,0.0208333,801.469
43979,0.196269,-0.0395836,0.0191667,801.744
43980,0.196269,-0.0395836,0.0208333,801.735
44003,0.188885,-0.0362254,0.0191667,800.176
44004,0.188885,-0.0362254,0.0208333,800.179
44027,0.0204806,0.0016425,0.0191667,799.999
44028,0.0204806,0.0016425,0.0208333,799.999
44051,0.361749,0.0316186,0.0191667,800.44
44052,0.361749,0.0316186,0.0208333,800.431
44075,0.344133,0.0316184,0.0191667,800.437
44076,0.344133,0.0316184,0.0208333,800.427
44099,0.131,-0.0276532,0.0191667,800.168
44100,0.131,-0.0276532,0.0208333,800.151
44123,0.198596,-0.0280866,0.0191667,800.053
44124,0.198596,-0.0280866,0.0208333,800.053
44147,0.208824,0.0383441,0.0191667,800.002
44148,0.208824,0.0383441,0.0208333,799.999
44171,0.20191,-0.0227394,0.0191667,800.006
44172,0.20191,-0.0227394,0.0208333,800.007
44195,0.259576,-0.0329463,0.0191667,801.463
44196,0.259576,-0.0329463,0.0208333,802.099
44219,0.214135,-0.0396042,0.0191667,802.538
44220,0.214135,-0.0396042,0.0208333,802.538
44243,0.205981,0.0367966,0.0191667,800.0
44244,0.205981,0.0367966,0.0208333,800.0
44267,0.211685,0.0366878,0.0191667,800.001
44268,0.211685,0.0366878,0.0208333,799.999
44291,0.104591,-0.0355219,0.0191667,800.925
44292,0.104591,-0.0355219,0.0208333,800.913
44315,0.139265,-0.0353189,0.0191667,800.219
44316,0.139265,-0.0353189,0.0208333,800.216
44339,0.302926,0.0215175,0.0191667,801.108
44340,0.302926,0.0215175,0.0208333,801.089
44363,0.299359,-0.0327424,0.0191667,800.847
44364,0.299359,-0.0327424,0.0208333,800.913
44387,0.134135,-0.0223536,0.0191667,800.217
44388,0.134135,-0.0223536,0.0208333,800.21
44411,0.207057,-0.0359133,0.0191667,800.148
44412,0.207057,-0.0359133,0.0208333,800.148
44435,0.114215,-0.0395741,0.0191667,801.709
44436,0.114215,-0.0395741,0.0208333,801.723
44459,0.295582,-0.0366831,0.0191667,801.077
44460,0.295582,-0.0366831,0.0208333,801.316
44483,0.29716,-0.0334462,0.0191667,800.849
44484,0.29716,-0.0334462,0.0208333,801.07
44507,0.273239,-0.0391812,0.0191667,802.372
44508,0.273239,-0.0391812,0.0208333,802.48
44531,0.274689,-0.039132,0.0191667,802.291
44532,0.274689,-0.039132,0.0208333,802.394
44555,0.198327,0.0272953,0.0191667,799.999
44556,0.198327,0.0272953,0.0208333,800.0
44579,0.224478,0.034095,0.0191667,800.001
44580,0.224478,0.034095,0.0208333,799.999
44603,0.224872,-0.037743,0.0191667,800.528
44604,0.224872,-0.037743,0.0208333,800.532
44627,0.297352,-0.0377566,0.0191667,801.07
44628,0.297352,-0.0377566,0.0208333,801.125
44651,0.190776,-0.0390979,0.0191667,801.164
44652,0.190776,-0.0390979,0.0208333,801.16
44675,0.100985,-0.0253809,0.0191667,801.046
44676,0.100985,-0.0253809,0.0208333,801.044
44699,0.155586,-0.0287375,0.0191667,800.183
44700,0.155586,-0.0287375,0.0208333,800.178
44723,0.222956,-0.0290068,0.0191667,800.065
44724,0.222956,-0.0290068,0.0208333,800.07
44747,0.29032,-0.0395895,0.0191667,802.068
44748,0.29032,-0.0395895,0.0208333,802.416
44771,0.19573,-0.0266161,0.0191667,800.042
44772,0.19573,-0.0266161,0.0208333,800.042
44795,0.260663,0.0294559,0.0191667,799.999
44796,0.260663,0.0294559,0.0208333,800.0
44819,0.255499,0.0268148,0.0191667,800.0
44820,0.255499,0.0268148,0.0208333,799.998
44843,0.108909,-0.0391695,0.0191667,801.862
44844,0.108909,-0.0391695,0.0208333,801.853
44867,0.110412,-0.0391522,0.0191667,801.733
44868,0.110412,-0.0391522,0.0208333,801.726
44891,0.16548,-0.0383566,0.0191667,800.021
44892,0.16548,-0.0383566,0.0208333,800.019
44915,0.112261,0.0105297,0.0191667,800.003
44916,0.112261,0.0105297,0.0208333,800.003
44939,0.284486,-0.0344185,0.0191667,803.188
44940,0.284486,-0.0344185,0.0208333,804.209
44963,0.180487,-0.0319872,0.0191667,800.127
44964,0.180487,-0.0319872,0.0208333,800.131
44987,0.140722,-0.0376021,0.0191667,800.219
44988,0.140722,-0.0376021,0.0208333,800.214
45011,0.157164,-0.0321858,0.0191667,800.21
45012,0.157164,-0.0321858,0.0208333,800.204
45035,0.213389,-0.0392815,0.0191667,801.664
45036,0.213389,-0.0392815,0.0208333,801.663
45059,0.0940331,0.00328259,0.0191667,799.999
45060,0.0940331,0.00328259,0.0208333,799.999
45083,0.22448,-0.0323394,0.0191667,800.119
45084,0.22448,-0.0323394,0.0208333,800.114
45107,0.0911859,-0.00164045,0.0191667,800.0
45108,0.0911859,-0.00164045,0.0208333,800.001
45131,0.248281,-0.0378275,0.0191667,801.825
45132,0.248281,-0.0378275,0.0208333,802.048
45155,0.393959,0.0225047,0.0191667,800.991
45156,0.393959,0.0225047,0.0208333,800.978
45179,0.185641,-0.0339417,0.0191667,800.138
45180,0.185641,-0.0339417,0.0208333,800.137
45203,0.219414,-0.039118,0.0191667,801.794
45204,0.219414,-0.039118,0.0208333,801.793
45227,0.217955,-0.0391398,0.0191667,801.695
45228,0.217955,-0.0391398,0.0208333,801.693
45251,0.184301,-0.0298813,0.0191667,800.088
45252,0.184301,-0.0298813,0.0208333,800.086
45275,0.16462,-0.0381231,0.0191667,800.104
45276,0.16462,-0.0381231,0.0208333,800.106
45299,0.179036,-0.0361434,0.0191667,800.185
45300,0.179036,-0.0361434,0.0208333,800.184
45323,0.228351,-0.038302,0.0191667,801.114
45324,0.228351,-0.038302,0.0208333,801.101
45347,0.175547,-0.0129851,0.0191667,800.001
45348,0.175547,-0.0129851,0.0208333,800.002
45371,0.112302,-0.037576,0.0191667,800.596
45372,0.112302,-0.037576,0.0208333,800.588
45395,0.347073,0.0232892,0.0191667,801.026
45396,0.347073,0.0232892,0.0208333,801.029
45419,0.35881,0.0232902,0.0191667,801.011
45420,0.35881,0.0232902,0.0208333,801.008
45443,0.0175767,-0.00668694,0.0191667,800.0
45444,0.0175767,-0.00668694,0.0208333,800.0
45467,0.100411,-0.0365677,0.0191667,802.769
45468,0.100411,-0.0365677,0.0208333,802.763
45491,0.288784,-0.0395898,0.0191667,802.084
45492,0.288784,-0.0395898,0.0208333,802.428
45515,0.256137,-0.0379499,0.0191667,801.987
45516,0.256137,-0.0379499,0.0208333,802.441
45539,0.256211,-0.0371019,0.0191667,801.837
45540,0.256211,-0.0371019,0.0208333,802.528
45563,0.255596,-0.0295389,0.0191667,801.197
45564,0.255596,-0.0295389,0.0208333,801.225
45587,0.232809,-0.0353623,0.0191667,800.263
45588,0.232809,-0.0353623,0.0208333,800.273
45611,0.12509,-0.0384143,0.0191667,800.646
45612,0.12509,-0.0384143,0.0208333,800.632
45635,0.239677,-0.0379697,0.0191667,802.197
45636,0.239677,-0.0379697,0.0208333,802.186
45659,0.391306,0.0213939,0.0191667,800.989
45660,0.391306,0.0213939,0.0208333,800.977
45683,0.287319,-0.0289558,0.0191667,801.708
45684,0.287319,-0.0289558,0.0208333,804.223
45707,0.189765,-0.0141115,0.0191667,800.0
45708,0.189765,-0.0141115,0.0208333,800.002
45731,0.158874,-0.0372155,0.0191667,800.201
45732,0.158874,-0.0372155,0.0208333,800.197
45755,0.279106,-0.0261797,0.0191667,801.178
45756,0.279106,-0.0261797,0.0208333,801.719
45779,0.113767,-0.0314215,0.0191667,800.199
45780,0.113767,-0.0314215,0.0208333,800.195
45803,0.256845,-0.0383947,0.0191667,802.164
45804,0.256845,-0.0383947,0.0208333,802.536
45827,0.1597,-0.0383189,0.0191667,800.153
45828,0.1597,-0.0383189,0.0208333,800.147
45851,0.185311,-0.0385116,0.0191667,800.171
45852,0.185311,-0.0385116,0.0208333,800.168
45875,0.145668,-0.0371662,0.0191667,800.215
45876,0.145668,-0.0371662,0.0208333,800.213
45899,0.187693,-0.0331807,0.0191667,800.129
45900,0.187693,-0.0331807,0.0208333,800.127
45923,0.126086,-0.0395325,0.0191667,801.324
45924,0.126086,-0.0395325,0.0208333,801.328
45947,0.155224,-0.039113,0.0191667,800.76
45948,0.155224,-0.039113,0.0208333,800.758
45971,0.156731,-0.0391807,0.0191667,800.875
45972,0.156731,-0.0391807,0.0208333,800.873
45995,0.290595,0.00452413,0.0191667,801.347
45996,0.290595,0.00452413,0.0208333,801.299
46019,0.255164,-0.0200549,0.0191667,800.084
46020,0.255164,-0.0200549,0.0208333,800.083
46043,0.144863,-0.0383892,0.0191667,800.183
46044,0.144863,-0.0383892,0.0208333,800.175
46067,0.361749,0.0282929,0.0191667,800.875
46068,0.361749,0.0282929,0.0208333,800.85
46091,0.0204845,-0.00169109,0.0191667,800.0
46092,0.0204845,-0.00169109,0.0208333,800.0
46115,0.344133,0.0282927,0.0191667,800.892
46116,0.344133,0.0282927,0.0208333,800.874
46139,0.275791,-0.0377949,0.0191667,802.288
46140,0.275791,-0.0377949,0.0208333,802.039
46163,0.1373,-0.0392963,0.0191667,801.009
46164,0.1373,-0.0392963,0.0208333,801.006
46187,0.138784,-0.0392134,0.0191667,800.932
46188,0.138784,-0.0392134,0.0208333,800.928
46211,0.148902,-0.0370683,0.0191667,800.219
46212,0.148902,-0.0370683,0.0208333,800.217
46235,0.00602102,-0.00750869,0.0191667,800.0
46236,0.00602102,-0.00750869,0.0208333,800.0
46259,0.00867799,-0.00861432,0.0191667,800.001
46260,0.00867799,-0.00861432,0.0208333,800.001
46283,0.0175328,0.00333255,0.0191667,799.999
46284,0.0175328,0.00333255,0.0208333,799.999
46307,0.347072,0.0332617,0.0191667,800.427
46308,0.347072,0.0332617,0.0208333,800.414
46331,0.358811,0.0332619,0.0191667,800.425
46332,0.358811,0.0332619,0.0208333,800.412
46355,0.137546,-0.0117686,0.0191667,800.108
46356,0.137546,-0.0117686,0.0208333,800.107
46379,0.254525,-0.0395966,0.0191667,808.108
46380,0.254525,-0.0395966,0.0208333,808.586
46403,0.131763,-0.0371494,0.0191667,800.242
46404,0.131763,-0.0371494,0.0208333,800.233
46427,0.257349,-0.0337057,0.0191667,801.529
46428,0.257349,-0.0337057,0.0208333,802.233
46451,0.122761,-0.0205131,0.0191667,800.179
46452,0.122761,-0.0205131,0.0208333,800.168
46475,0.197143,-0.0327207,0.0191667,800.118
46476,0.197143,-0.0327207,0.0208333,800.11
46499,0.103507,-0.0271816,0.0191667,800.315
46500,0.103507,-0.0271816,0.0208333,800.316
46523,0.296078,-0.0379577,0.0191667,801.101
46524,0.296078,-0.0379577,0.0208333,801.164
46547,0.189583,-0.0385278,0.0191667,800.413
46548,0.189583,-0.0385278,0.0208333,800.41
46571,0.252952,-0.0395953,0.0191667,809.961
46572,0.252952,-0.0395953,0.0208333,810.584
46595,0.205245,-0.0122949,0.0191667,800.0
46596,0.205245,-0.0122949,0.0208333,800.001
46619,0.267625,0.0382834,0.0191667,800.001
46620,0.267625,0.0382834,0.0208333,800.002
46643,0.0940393,-0.00657514,0.0191667,800.003
46644,0.0940393,-0.00657514,0.0208333,800.004
46667,0.137778,-0.0345103,0.0191667,800.218
46668,0.137778,-0.0345103,0.0208333,800.215
46691,0.350005,0.0216308,0.0191667,801.027
46692,0.350005,0.0216308,0.0208333,801.03
46715,0.0146445,-0.00834536,0.0191667,800.0
46716,0.0146445,-0.00834536,0.0208333,800.0
46739,0.355877,0.0216318,0.0191667,801.02
46740,0.355877,0.0216318,0.0208333,801.021
46763,0.240343,-0.0383817,0.0191667,802.892
46764,0.240343,-0.0383817,0.0208333,802.905
46787,0.297054,0.0383508,0.0191667,799.996
46788,0.297054,0.0383508,0.0208333,799.997
46811,0.101008,-0.0342629,0.0191667,801.734
46812,0.101008,-0.0342629,0.0208333,801.727
46835,0.260789,-0.0306673,0.0191667,801.4
46836,0.260789,-0.0306673,0.0208333,801.752
46859,0.25677,-0.0392014,0.0191667,804.238
46860,0.25677,-0.0392014,0.0208333,804.592
46883,0.103585,-0.0366399,0.0191667,801.504
46884,0.103585,-0.0366399,0.0208333,801.503
46907,0.191459,-0.0390912,0.0191667,800.993
46908,0.191459,-0.0390912,0.0208333,800.989
46931,0.253275,0.0368818,0.0191667,800.003
46932,0.253275,0.0368818,0.0208333,800.001
46955,0.108877,-0.0383149,0.0191667,801.209
46956,0.108877,-0.0383149,0.0208333,801.205
46979,0.165617,-0.0391715,0.0191667,801.282
46980,0.165617,-0.0391715,0.0208333,801.281
47003,0.241791,-0.0391947,0.0191667,805.46
47004,0.241791,-0.0391947,0.0208333,805.495
47027,0.24031,-0.0392102,0.0191667,804.371
47028,0.24031,-0.0392102,0.0208333,804.367
47051,0.100423,-0.0350599,0.0191667,802.222
47052,0.100423,-0.0350599,0.0208333,802.216
47075,0.113797,0.0074443,0.0191667,800.002
47076,0.113797,0.0074443,0.0208333,800.003
47099,0.139192,-0.0148017,0.0191667,800.132
47100,0.139192,-0.0148017,0.0208333,800.131
47123,0.182846,-0.039614,0.0191667,801.735
47124,0.182846,-0.039614,0.0208333,801.733
47147,0.183499,-0.0271885,0.0191667,800.072
47148,0.183499,-0.0271885,0.0208333,800.066
47171,0.187982,-0.0373546,0.0191667,800.169
47172,0.187982,-0.0373546,0.0208333,800.168
47195,0.127878,-0.0364089,0.0191667,800.204
47196,0.127878,-0.0364089,0.0208333,800.199
47219,0.198376,-0.0383257,0.0191667,800.327
47220,0.198376,-0.0383257,0.0208333,800.323
47243,0.241231,0.0366505,0.0191667,800.0
47244,0.241231,0.0366505,0.0208333,800.0
47267,0.350004,0.0315565,0.0191667,800.446
47268,0.350004,0.0315565,0.0208333,800.427
47291,0.0141869,0.00169086,0.0191667,799.999
47292,0.0141869,0.00169086,0.0208333,799.999
47315,0.355879,0.0315567,0.0191667,800.437
47316,0.355879,0.0315567,0.0208333,800.431
47339,0.130941,0.0271402,0.0191667,800.004
47340,0.130941,0.0271402,0.0208333,799.998
47363,0.196778,-0.0358802,0.0191667,800.151
47364,0.196778,-0.0358802,0.0208333,800.153
47387,0.276593,-0.011333,0.0191667,800.945
47388,0.276593,-0.011333,0.0208333,800.9
47411,0.23887,-0.0370543,0.0191667,801.09
47412,0.23887,-0.0370543,0.0208333,801.091
47435,0.123077,-0.035313,0.0191667,800.215
47436,0.123077,-0.035313,0.0208333,800.214
47459,0.299195,-0.0370088,0.0191667,800.965
47460,0.299195,-0.0370088,0.0208333,801.031
47483,0.2267,-0.0366047,0.0191667,800.307
47484,0.2267,-0.0366047,0.0208333,800.326
47507,0.134909,-0.0378245,0.0191667,800.276
47508,0.134909,-0.0378245,0.0208333,800.27
47531,0.111686,-0.0158573,0.0191667,800.221
47532,0.111686,-0.0158573,0.0208333,800.218
47555,0.104295,-0.0371623,0.0191667,801.433
47556,0.104295,-0.0371623,0.0208333,801.431
47579,0.104046,-0.0379362,0.0191667,801.729
47580,0.104046,-0.0379362,0.0208333,801.723
47603,0.125588,-0.0378939,0.0191667,800.366
47604,0.125588,-0.0378939,0.0208333,800.36
47627,0.106749,-0.0325346,0.0191667,800.308
47628,0.106749,-0.0325346,0.0208333,800.313
47651,0.126634,0.0296986,0.0191667,800.003
47652,0.126634,0.0296986,0.0208333,800.0
47675,0.257602,-0.0380551,0.0191667,802.078
47676,0.257602,-0.0380551,0.0208333,802.496
47699,0.164967,-0.0289389,0.0191667,800.148
47700,0.164967,-0.0289389,0.0208333,800.146
47723,0.10375,0.027753,0.0191667,800.003
47724,0.10375,0.027753,0.0208333,800.006
47747,0.135521,-0.0379744,0.0191667,800.292
47748,0.135521,-0.0379744,0.0208333,800.283
47771,0.113654,-0.0381561,0.0191667,800.71
47772,0.113654,-0.0381561,0.0208333,800.686
47795,0.298283,-0.035505,0.0191667,800.964
47796,0.298283,-0.035505,0.0208333,801.084
47819,0.168595,-0.0384204,0.0191667,800.118
47820,0.168595,-0.0384204,0.0208333,800.113
47843,0.142091,0.0344473,0.0191667,799.999
47844,0.142091,0.0344473,0.0208333,799.998
47867,0.114954,-0.0391623,0.0191667,801.462
47868,0.114954,-0.0391623,0.0208333,801.455
47891,0.279369,-0.00981021,0.0191667,800.943
47892,0.279369,-0.00981021,0.0208333,800.898
47915,0.206926,-0.0152879,0.0191667,800.002
47916,0.206926,-0.0152879,0.0208333,800.002
47939,0.347077,0.0265982,0.0191667,800.933
47940,0.347077,0.0265982,0.0208333,800.921
47963,0.358806,0.0265994,0.0191667,800.912
47964,0.358806,0.0265994,0.0208333,800.903
47987,0.0174988,-0.00336234,0.0191667,800.0
47988,0.0174988,-0.00336234,0.0208333,800.0
48011,0.238248,-0.0282563,0.0191667,800.096
48012,0.238248,-0.0282563,0.0208333,800.097
48035,0.171243,-0.0280334,0.0191667,800.107
48036,0.171243,-0.0280334,0.0208333,800.107
48059,0.181341,-0.0396217,0.0191667,801.73
48060,0.181341,-0.0396217,0.0208333,801.726
48083,0.0853006,0.00163678,0.0191667,799.999
48084,0.0853006,0.00163678,0.0208333,799.999
48107,0.176738,-0.0375549,0.0191667,800.161
48108,0.176738,-0.0375549,0.0208333,800.158
48131,0.150609,-0.0350351,0.0191667,800.228
48132,0.150609,-0.0350351,0.0208333,800.222
48155,0.100644,-0.031114,0.0191667,801.576
48156,0.100644,-0.031114,0.0208333,801.568
48179,0.130679,-0.0396426,0.0191667,801.631
48180,0.130679,-0.0396426,0.0208333,801.636
48203,0.352942,0.0232626,0.0191667,801.02
48204,0.352942,0.0232626,0.0208333,801.019
48227,0.286961,-0.0342212,0.0191667,802.805
48228,0.286961,-0.0342212,0.0208333,804.056
48251,0.0882503,-0.00327648,0.0191667,800.0
48252,0.0882503,-0.00327648,0.0208333,800.001
48275,0.155589,0.0321734,0.0191667,799.999
48276,0.155589,0.0321734,0.0208333,800.0
48299,0.298606,0.0114259,0.0191667,800.754
48300,0.298606,0.0114259,0.0208333,800.779
48323,0.167153,-0.0391757,0.0191667,801.651
48324,0.167153,-0.0391757,0.0208333,801.663
48347,0.12078,0.0281322,0.0191667,800.001
48348,0.12078,0.0281322,0.0208333,799.999
48371,0.112718,-0.0342248,0.0191667,800.239
48372,0.112718,-0.0342248,0.0208333,800.231
48395,0.0853004,-0.00163899,0.0191667,800.001
48396,0.0853004,-0.00163899,0.0208333,800.001
48419,0.0882439,0.00328465,0.0191667,799.999
48420,0.0882439,0.00328465,0.0208333,800.0
48443,0.237825,0.028084,0.0191667,799.998
48444,0.237825,0.028084,0.0208333,799.999
48467,0.273928,-0.0395917,0.0191667,802.571
48468,0.273928,-0.0395917,0.0208333,802.825
48491,0.27075,0.0366031,0.0191667,799.997
48492,0.27075,0.0366031,0.0208333,799.999
48515,0.0617647,0.00163524,0.0191667,799.999
48516,0.0617647,0.00163524,0.0208333,799.999
48539,0.0588235,0.00327049,0.0191667,799.999
48540,0.0588235,0.00327049,0.0208333,799.999
48563,0.05,0.00163524,0.0191667,800.0
48564,0.05,0.00163524,0.0208333,800.0
48587,0.0735294,-0.00163524,0.0191667,800.0
48588,0.0735294,-0.00163524,0.0208333,800.0
48611,0.03235,0.00163072,0.0191667,799.999
48612,0.03235,0.00163072,0.0208333,799.999
48635,0.0234997,0.00328647,0.0191667,800.0
48636,0.0234997,0.00328647,0.0208333,800.0
48659,0.0470588,0.00327049,0.0191667,799.999
48660,0.0470588,0.00327049,0.0208333,799.999
48683,0.326471,0.0283648,0.0191667,800.913
48684,0.326471,0.0283648,0.0208333,800.899
48707,0.320588,0.0316352,0.0191667,800.427
48708,0.320588,0.0316352,0.0208333,800.416
48731,0.376471,0.0267295,0.0191667,800.885
48732,0.376471,0.0267295,0.0208333,800.874
48755,0.0676471,0.00163524,0.0191667,799.999
48756,0.0676471,0.00163524,0.0208333,799.999
48779,0.03235,-0.00163977,0.0191667,800.001
48780,0.03235,-0.00163977,0.0208333,800.001
48803,0.0764706,-0.00327049,0.0191667,800.001
48804,0.0764706,-0.00327049,0.0208333,800.001
48827,0.376471,0.0332705,0.0191667,800.402
48828,0.376471,0.0332705,0.0208333,800.397
48851,0.0705882,0.00327049,0.0191667,800.0
48852,0.0705882,0.00327049,0.0208333,800.0
48875,0.38874,0.033684,0.0191667,800.375
48876,0.38874,0.033684,0.0208333,800.363
48899,0.335294,0.0332705,0.0191667,800.432
48900,0.335294,0.0332705,0.0208333,800.408
48923,0.335295,0.0267098,0.0191667,800.935
48924,0.335295,0.0267098,0.0208333,800.922
48947,0.0470588,-0.00327049,0.0191667,800.0
48948,0.0470588,-0.00327049,0.0208333,800.0
48971,0.323529,0.0332705,0.0191667,800.417
48972,0.323529,0.0332705,0.0208333,800.41
48995,0.0647059,-0.00327049,0.0191667,800.001
48996,0.0647059,-0.00327049,0.0208333,800.001
49019,0.0411765,-0.00327049,0.0191667,800.001
49020,0.0411765,-0.00327049,0.0208333,800.001
49043,0.0235025,-0.00333729,0.0191667,800.0
49044,0.0235025,-0.00333729,0.0208333,800.0
49067,0.364693,0.0266621,0.0191667,800.898
49068,0.364693,0.0266621,0.0208333,800.891
49091,0.338239,0.028337,0.0191667,800.898
49092,0.338239,0.028337,0.0208333,800.882
49115,0.382434,0.0333549,0.0191667,800.387
49116,0.382434,0.0333549,0.0208333,800.389
49139,0.0294088,0.00326597,0.0191667,799.999
49140,0.0294088,0.00326597,0.0208333,799.999
49163,0.379478,0.0283776,0.0191667,800.857
49164,0.379478,0.0283776,0.0208333,800.831
49187,0.0529412,0.00327049,0.0191667,799.999
49188,0.0529412,0.00327049,0.0208333,799.999
49211,0.0617647,-0.00163524,0.0191667,800.0
49212,0.0617647,-0.00163524,0.0208333,800.0
49235,0.329412,0.0267295,0.0191667,800.937
49236,0.329412,0.0267295,0.0208333,800.924
49259,0.308789,0.0315283,0.0191667,800.382
49260,0.308789,0.0315283,0.0208333,800.364
49283,0.0382353,-0.00163524,0.0191667,800.0
49284,0.0382353,-0.00163524,0.0208333,800.0
49307,0.0441176,-0.00163524,0.0191667,800.0
49308,0.0441176,-0.00163524,0.0208333,800.0
49331,0.370587,0.0267098,0.0191667,800.89
49332,0.370587,0.0267098,0.0208333,800.88
49355,0.326471,0.0316352,0.0191667,800.432
49356,0.326471,0.0316352,0.0208333,800.42
49379,0.320588,0.0283648,0.0191667,800.922
49380,0.320588,0.0283648,0.0208333,800.908
49403,0.0823529,-0.00327049,0.0191667,800.0
49404,0.0823529,-0.00327049,0.0208333,800.001
49427,0.0823532,0.00328146,0.0191667,800.0
49428,0.0823532,0.00328146,0.0208333,800.0
49451,0.05,-0.00163524,0.0191667,800.0
49452,0.05,-0.00163524,0.0208333,800.0
49475,0.305814,0.0331064,0.0191667,800.226
49476,0.305814,0.0331064,0.0208333,800.236
49499,0.0735294,0.00163524,0.0191667,800.0
49500,0.0735294,0.00163524,0.0208333,800.0
49523,0.0676471,-0.00163524,0.0191667,800.0
49524,0.0676471,-0.00163524,0.0208333,800.0
49547,0.373529,0.0316352,0.0191667,800.454
49548,0.373529,0.0316352,0.0208333,800.431
49571,0.317647,0.0332705,0.0191667,800.395
49572,0.317647,0.0332705,0.0208333,800.385
49595,0.308819,0.028215,0.0191667,800.919
49596,0.308819,0.028215,0.0208333,800.906
49619,0.338238,0.0316271,0.0191667,800.44
49620,0.338238,0.0316271,0.0208333,800.428
49643,0.341189,0.026662,0.0191667,800.935
49644,0.341189,0.026662,0.0208333,800.921
49667,0.317648,0.0267225,0.0191667,800.926
49668,0.317648,0.0267225,0.0208333,800.915
49691,0.0352941,0.00327049,0.0191667,800.0
49692,0.0352941,0.00327049,0.0208333,800.0
49715,0.0352941,-0.00327049,0.0191667,800.001
49716,0.0352941,-0.00327049,0.0208333,800.001
49739,0.332353,0.0316352,0.0191667,800.428
49740,0.332353,0.0316352,0.0208333,800.428
49763,0.311758,0.0332571,0.0191667,800.348
49764,0.311758,0.0332571,0.0208333,800.353
49787,0.311789,0.0266663,0.0191667,800.917
49788,0.311789,0.0266663,0.0208333,800.905
49811,0.0441176,0.00163524,0.0191667,800.0
49812,0.0441176,0.00163524,0.0208333,800.0
49835,0.323529,0.0267295,0.0191667,800.935
49836,0.323529,0.0267295,0.0208333,800.924
49859,0.332353,0.0283648,0.0191667,800.904
49860,0.332353,0.0283648,0.0208333,800.889
49883,0.341188,0.0332779,0.0191667,800.424
49884,0.341188,0.0332779,0.0208333,800.41
49907,0.0382353,0.00163524,0.0191667,800.0
49908,0.0382353,0.00163524,0.0208333,800.0
49931,0.314705,0.031614,0.0191667,800.417
49932,0.314705,0.031614,0.0208333,800.399
49955,0.364694,0.0332779,0.0191667,800.423
49956,0.364694,0.0332779,0.0208333,800.401
49979,0.385779,0.0317576,0.0191667,800.446
49980,0.385779,0.0317576,0.0208333,800.419
50003,0.379478,0.0316481,0.0191667,800.458
50004,0.379478,0.0316481,0.0208333,800.433
50027,0.367643,0.028337,0.0191667,800.867
50028,0.367643,0.028337,0.0208333,800.842
50051,0.370588,0.0332705,0.0191667,800.409
50052,0.370588,0.0332705,0.0208333,800.396
50075,0.0647059,0.00327049,0.0191667,799.999
50076,0.0647059,0.00327049,0.0208333,799.999
50099,0.329412,0.0332705,0.0191667,800.433
50100,0.329412,0.0332705,0.0208333,800.412
50123,0.314706,0.0283365,0.0191667,800.928
50124,0.314706,0.0283365,0.0208333,800.916
50147,0.0294077,-0.0032947,0.0191667,800.001
50148,0.0294077,-0.0032947,0.0208333,800.001
50171,0.0411765,0.00327049,0.0191667,799.999
50172,0.0411765,0.00327049,0.0208333,799.999
50195,0.373529,0.0283648,0.0191667,800.861
50196,0.373529,0.0283648,0.0208333,800.836
50219,0.0529412,-0.00327049,0.0191667,800.0
50220,0.0529412,-0.00327049,0.0208333,800.0
50243,0.0588235,-0.00327049,0.0191667,800.001
50244,0.0588235,-0.00327049,0.0208333,800.0
50267,0.0764706,0.00327617,0.0191667,799.999
50268,0.0764706,0.00327617,0.0208333,799.999
50291,0.367644,0.0316272,0.0191667,800.445
50292,0.367644,0.0316272,0.0208333,800.428
50315,0.0264508,0.00162328,0.0191667,799.999
50316,0.0264508,0.00162328,0.0208333,799.999
50339,0.0705882,-0.00327049,0.0191667,800.0
50340,0.0705882,-0.00327049,0.0208333,800.0
50363,0.0558824,0.00163524,0.0191667,800.0
50364,0.0558824,0.00163524,0.0208333,800.0
50387,0.0264497,-0.00166689,0.0191667,800.001
50388,0.0264497,-0.00166689,0.0208333,800.001
50411,0.382399,0.0267096,0.0191667,800.875
50412,0.382399,0.0267096,0.0208333,800.864
50435,0.0794118,0.00164093,0.0191667,799.999
50436,0.0794118,0.00164093,0.0208333,799.999
50459,0.0558824,-0.00163524,0.0191667,800.0
50460,0.0558824,-0.00163524,0.0208333,800.0
50483,0.385744,0.0283828,0.0191667,800.854
50484,0.385744,0.0283828,0.0208333,800.826
50507,0.0794118,-0.00163524,0.0191667,800.0
50508,0.0794118,-0.00163524,0.0208333,800.0
50531,0.102954,-0.0392071,0.0191667,802.754
50532,0.102954,-0.0392071,0.0208333,802.749
50555,0.232863,0.0310023,0.0191667,799.999
50556,0.232863,0.0310023,0.0208333,799.998
50579,0.250289,-0.0367562,0.0191667,801.545
50580,0.250289,-0.0367562,0.0208333,801.849
50603,0.249445,-0.0368356,0.0191667,801.481
50604,0.249445,-0.0368356,0.0208333,801.717
50627,0.170145,-0.0391373,0.0191667,800.602
50628,0.170145,-0.0391373,0.0208333,800.601
50651,0.223828,-0.0391782,0.0191667,801.985
50652,0.223828,-0.0391782,0.0208333,801.983
50675,0.222402,-0.0391651,0.0191667,802.018
50676,0.222402,-0.0391651,0.0208333,802.016
50699,0.0940337,-0.00324103,0.0191667,800.0
50700,0.0940337,-0.00324103,0.0208333,800.0
50723,0.144754,-0.0391707,0.0191667,800.846
50724,0.144754,-0.0391707,0.0208333,800.844
50747,0.146305,-0.0391978,0.0191667,800.887
50748,0.146305,-0.0391978,0.0208333,800.885
50771,0.190915,-0.0305956,0.0191667,800.088
50772,0.190915,-0.0305956,0.0208333,800.086
50795,0.271698,-0.0368099,0.0191667,803.105
50796,0.271698,-0.0368099,0.0208333,803.124
50819,0.197573,-0.0360841,0.0191667,800.15
50820,0.197573,-0.0360841,0.0208333,800.152
50843,0.16541,-0.0338007,0.0191667,800.18
50844,0.16541,-0.0338007,0.0208333,800.18
50867,0.142059,-0.0383775,0.0191667,800.268
50868,0.142059,-0.0383775,0.0208333,800.263
50891,0.143255,-0.0391919,0.0191667,800.93
50892,0.143255,-0.0391919,0.0208333,800.926
50915,0.294058,-0.0312613,0.0191667,801.733
50916,0.294058,-0.0312613,0.0208333,802.865
50939,0.287988,-0.0383471,0.0191667,801.249
50940,0.287988,-0.0383471,0.0208333,801.309
50963,0.0993983,-0.00630007,0.0191667,800.006
50964,0.0993983,-0.00630007,0.0208333,800.006
50987,0.22688,-0.0383115,0.0191667,800.992
50988,0.22688,-0.0383115,0.0208333,800.982
51011,0.237061,-0.0358327,0.0191667,800.353
51012,0.237061,-0.0358327,0.0208333,800.358
51035,0.1014,-0.0125934,0.0191667,800.984
51036,0.1014,-0.0125934,0.0208333,800.986
51059,0.183715,-0.0384604,0.0191667,800.134
51060,0.183715,-0.0384604,0.0208333,800.132
51083,0.232878,-0.0392428,0.0191667,802.839
51084,0.232878,-0.0392428,0.0208333,802.834
51107,0.190242,-0.0396531,0.0191667,802.007
51108,0.190242,-0.0396531,0.0208333,802.005
51131,0.186638,-0.0302432,0.0191667,800.088
51132,0.186638,-0.0302432,0.0208333,800.086
51155,0.159145,-0.0310316,0.0191667,800.178
51156,0.159145,-0.0310316,0.0208333,800.175
51179,0.194863,-0.0140298,0.0191667,800.001
51180,0.194863,-0.0140298,0.0208333,800.002
51203,0.214892,-0.0391329,0.0191667,801.483
51204,0.214892,-0.0391329,0.0208333,801.481
51227,0.226436,-0.031269,0.0191667,800.108
51228,0.226436,-0.031269,0.0208333,800.106
51251,0.294023,0.0338358,0.0191667,799.996
51252,0.294023,0.0338358,0.0208333,799.997
51275,0.213281,-0.038534,0.0191667,800.593
51276,0.213281,-0.038534,0.0208333,800.594
51299,0.269318,-0.0396181,0.0191667,802.726
51300,0.269318,-0.0396181,0.0208333,802.908
51323,0.109675,-0.0395853,0.0191667,801.956
51324,0.109675,-0.0395853,0.0208333,801.954
51347,0.284707,0.0285774,0.0191667,800.004
51348,0.284707,0.0285774,0.0208333,800.002
51371,0.137221,-0.0385526,0.0191667,800.368
51372,0.137221,-0.0385526,0.0208333,800.366
51395,0.161942,0.0384455,0.0191667,800.0
51396,0.161942,0.0384455,0.0208333,800.002
51419,0.207469,-0.0383295,0.0191667,800.481
51420,0.207469,-0.0383295,0.0208333,800.471
51443,0.135821,-0.0392312,0.0191667,800.909
51444,0.135821,-0.0392312,0.0208333,800.909
51467,0.121554,-0.0376903,0.0191667,800.433
51468,0.121554,-0.0376903,0.0208333,800.427
51491,0.259716,-0.0392509,0.0191667,803.504
51492,0.259716,-0.0392509,0.0208333,803.842
51515,0.19892,-0.0377418,0.0191667,800.265
51516,0.19892,-0.0377418,0.0208333,800.267
51539,0.104609,-0.038458,0.0191667,801.713
51540,0.104609,-0.038458,0.0208333,801.707
51563,0.298896,-0.0337152,0.0191667,800.863
51564,0.298896,-0.0337152,0.0208333,800.941
51587,0.123279,0.0334627,0.0191667,800.003
51588,0.123279,0.0334627,0.0208333,800.0
51611,0.352942,0.0265415,0.0191667,800.935
51612,0.352942,0.0265415,0.0208333,800.924
51635,0.176834,-0.0396385,0.0191667,801.568
51636,0.176834,-0.0396385,0.0208333,801.565
51659,0.123821,-0.0392995,0.0191667,801.187
51660,0.123821,-0.0392995,0.0208333,801.186
51683,0.122452,-0.0392049,0.0191667,801.111
51684,0.122452,-0.0392049,0.0208333,801.104
51707,0.293661,-0.0345116,0.0191667,801.526
51708,0.293661,-0.0345116,0.0208333,802.159
51731,0.243078,-0.0329494,0.0191667,800.242
51732,0.243078,-0.0329494,0.0208333,800.241
51755,0.167477,0.0286013,0.0191667,799.998
51756,0.167477,0.0286013,0.0208333,799.996
51779,0.234439,-0.0350237,0.0191667,800.25
51780,0.234439,-0.0350237,0.0208333,800.254
51803,0.101861,-0.0344569,0.0191667,801.346
51804,0.101861,-0.0344569,0.0208333,801.34
51827,0.261887,-0.0120314,0.0191667,800.057
51828,0.261887,-0.0120314,0.0208333,800.057
51851,0.172551,0.0310085,0.0191667,800.001
51852,0.172551,0.0310085,0.0208333,800.001
51875,0.12155,-0.018487,0.0191667,800.188
51876,0.12155,-0.018487,0.0208333,800.18
51899,0.287809,-0.0335764,0.0191667,802.689
51900,0.287809,-0.0335764,0.0208333,804.053
51923,0.258684,-0.0361431,0.0191667,801.83
51924,0.258684,-0.0361431,0.0208333,802.887
51947,0.238646,-0.0105858,0.0191667,800.002
51948,0.238646,-0.0105858,0.0208333,800.002
51971,0.186257,-0.0277919,0.0191667,800.073
51972,0.186257,-0.0277919,0.0208333,800.069
51995,0.250077,0.0384794,0.0191667,800.001
51996,0.250077,0.0384794,0.0208333,800.003
52019,0.288274,0.0368801,0.0191667,799.999
52020,0.288274,0.0368801,0.0208333,800.0
52043,0.265811,0.0320683,0.0191667,799.998
52044,0.265811,0.0320683,0.0208333,800.0
52067,0.271021,-0.0396358,0.0191667,803.014
52068,0.271021,-0.0396358,0.0208333,803.265
52091,0.243945,-0.0396237,0.0191667,807.658
52092,0.243945,-0.0396237,0.0208333,807.785
52115,0.216559,-0.0383353,0.0191667,800.61
52116,0.216559,-0.0383353,0.0208333,800.621
52139,0.132865,-0.0350165,0.0191667,800.214
52140,0.132865,-0.0350165,0.0208333,800.211
52163,0.214484,0.02884,0.0191667,799.999
52164,0.214484,0.02884,0.0208333,799.999
52187,0.140272,-0.0367872,0.0191667,800.216
52188,0.140272,-0.0367872,0.0208333,800.204
52211,0.111011,-0.0334799,0.0191667,800.24
52212,0.111011,-0.0334799,0.0208333,800.231
52235,0.149824,-0.0371133,0.0191667,800.213
52236,0.149824,-0.0371133,0.0208333,800.208
52259,0.201476,-0.0392339,0.0191667,801.269
52260,0.201476,-0.0392339,0.0208333,801.261
52283,0.0967138,-0.0016479,0.0191667,800.0
52284,0.0967138,-0.0016479,0.0208333,800.001
52307,0.153541,-0.0381661,0.0191667,800.202
52308,0.153541,-0.0381661,0.0208333,800.196
52331,0.114686,-0.0357303,0.0191667,800.272
52332,0.114686,-0.0357303,0.0208333,800.283
52355,0.229739,-0.0274166,0.0191667,800.074
52356,0.229739,-0.0274166,0.0208333,800.076
52379,0.162498,-0.0270287,0.0191667,800.145
52380,0.162498,-0.0270287,0.0208333,800.144
52403,0.241402,-0.0279796,0.0191667,800.107
52404,0.241402,-0.0279796,0.0208333,800.107
52427,0.106239,-0.00993442,0.0191667,800.331
52428,0.106239,-0.00993442,0.0208333,800.33
52451,0.211949,-0.0393149,0.0191667,801.686
52452,0.211949,-0.0393149,0.0208333,801.681
52475,0.170767,-0.0101755,0.0191667,799.999
52476,0.170767,-0.0101755,0.0208333,800.0
52499,0.218671,-0.039554,0.0191667,802.566
52500,0.218671,-0.039554,0.0208333,802.564
52523,0.285084,-0.0383464,0.0191667,801.371
52524,0.285084,-0.0383464,0.0208333,801.336
52547,0.1744,-0.0274196,0.0191667,800.088
52548,0.1744,-0.0274196,0.0208333,800.088
52571,0.132355,-0.0324582,0.0191667,800.205
52572,0.132355,-0.0324582,0.0208333,800.197
52595,0.205214,-0.0326476,0.0191667,800.116
52596,0.205214,-0.0326476,0.0208333,800.111
52619,0.232761,-0.0384907,0.0191667,801.679
52620,0.232761,-0.0384907,0.0208333,801.672
52643,0.2848,0.00140193,0.0191667,800.815
52644,0.2848,0.00140193,0.0208333,800.81
52667,0.155645,0.038468,0.0191667,800.001
52668,0.155645,0.038468,0.0208333,800.001
52691,0.280559,-0.0393064,0.0191667,802.002
52692,0.280559,-0.0393064,0.0208333,802.189
52715,0.279188,-0.0393157,0.0191667,802.045
52716,0.279188,-0.0393157,0.0208333,802.214
52739,0.118041,-0.0302615,0.0191667,800.193
52740,0.118041,-0.0302615,0.0208333,800.179
52763,0.299138,-0.039636,0.0191667,802.959
52764,0.299138,-0.039636,0.0208333,803.29
52787,0.244516,-0.0274574,0.0191667,800.11
52788,0.244516,-0.0274574,0.0208333,800.11
52811,0.177605,-0.0268176,0.0191667,800.075
52812,0.177605,-0.0268176,0.0208333,800.072
52835,0.254427,-0.0260481,0.0191667,800.226
52836,0.254427,-0.0260481,0.0208333,800.215
52859,0.299635,-0.0391411,0.0191667,800.494
52860,0.299635,-0.0391411,0.0208333,800.34
52883,0.251043,-0.0265133,0.0191667,800.127
52884,0.251043,-0.0265133,0.0208333,800.12
52907,0.247784,-0.0271223,0.0191667,800.124
52908,0.247784,-0.0271223,0.0208333,800.119
52931,0.200018,-0.0392104,0.0191667,801.282
52932,0.200018,-0.0392104,0.0208333,801.278
52955,0.202969,-0.0392415,0.0191667,801.346
52956,0.202969,-0.0392415,0.0208333,801.342
52979,0.204433,-0.0392277,0.0191667,801.278
52980,0.204433,-0.0392277,0.0208333,801.272
53003,0.187415,-0.0341982,0.0191667,800.141
53004,0.187415,-0.0341982,0.0208333,800.139
53027,0.134556,-0.0370545,0.0191667,800.234
53028,0.134556,-0.0370545,0.0208333,800.231
53051,0.183751,-0.0326314,0.0191667,800.127
53052,0.183751,-0.0326314,0.0208333,800.127
53075,0.257917,-0.0255583,0.0191667,800.62
53076,0.257917,-0.0255583,0.0208333,800.601
53099,0.290987,0.0165421,0.0191667,800.783
53100,0.290987,0.0165421,0.0208333,800.759
53123,0.261592,-0.0251663,0.0191667,801.149
53124,0.261592,-0.0251663,0.0208333,801.203
53147,0.104479,-0.0392154,0.0191667,802.434
53148,0.104479,-0.0392154,0.0208333,802.429
53171,0.105995,-0.0392438,0.0191667,802.176
53172,0.105995,-0.0392438,0.0208333,802.171
53195,0.265273,-0.024459,0.0191667,801.316
53196,0.265273,-0.024459,0.0208333,801.378
53219,0.269013,-0.0238456,0.0191667,801.429
53220,0.269013,-0.0238456,0.0208333,801.372
53243,0.272931,-0.0234385,0.0191667,801.617
53244,0.272931,-0.0234385,0.0208333,801.432
53267,0.1402,-0.0352924,0.0191667,800.221
53268,0.1402,-0.0352924,0.0208333,800.217
53291,0.160477,-0.00972405,0.0191667,800.0
53292,0.160477,-0.00972405,0.0208333,800.001
53315,0.291078,-0.0391867,0.0191667,801.594
53316,0.291078,-0.0391867,0.0208333,801.849
53339,0.244173,0.0383485,0.0191667,800.001
53340,0.244173,0.0383485,0.0208333,800.0
53363,0.294823,0.0230092,0.0191667,800.598
53364,0.294823,0.0230092,0.0208333,800.594
53387,0.170869,-0.0190323,0.0191667,800.013
53388,0.170869,-0.0190323,0.0208333,800.013
53411,0.273905,0.0287927,0.0191667,800.002
53412,0.273905,0.0287927,0.0208333,800.002
53435,0.350009,0.0282187,0.0191667,800.889
53436,0.350009,0.0282187,0.0208333,800.869
53459,0.355874,0.0282199,0.0191667,800.883
53460,0.355874,0.0282199,0.0208333,800.86
53483,0.014149,-0.00167045,0.0191667,800.001
53484,0.014149,-0.00167045,0.0208333,800.001
53507,0.118023,-0.0382304,0.0191667,800.573
53508,0.118023,-0.0382304,0.0208333,800.568
53531,0.185193,-0.039268,0.0191667,801.113
53532,0.185193,-0.039268,0.0208333,801.11
53555,0.261109,-0.0367498,0.0191667,802.147
53556,0.261109,-0.0367498,0.0208333,803.058
53579,0.116724,-0.0164,0.0191667,800.209
53580,0.116724,-0.0164,0.0208333,800.201
53603,0.119502,-0.0354079,0.0191667,800.221
53604,0.119502,-0.0354079,0.0208333,800.212
53627,0.258938,0.0267238,0.0191667,800.002
53628,0.258938,0.0267238,0.0208333,800.003
53651,0.128994,-0.0396234,0.0191667,801.501
53652,0.128994,-0.0396234,0.0208333,801.498
53675,0.261262,-0.0383803,0.0191667,802.255
53676,0.261262,-0.0383803,0.0208333,802.553
53699,0.179058,-0.0392861,0.0191667,800.963
53700,0.179058,-0.0392861,0.0208333,800.96
53723,0.230469,-0.0396431,0.0191667,803.89
53724,0.230469,-0.0396431,0.0208333,803.895
53747,0.188033,-0.0392869,0.0191667,801.128
53748,0.188033,-0.0392869,0.0208333,801.126
53771,0.19192,-0.0396464,0.0191667,801.801
53772,0.19192,-0.0396464,0.0208333,801.798
53795,0.102128,-0.00705825,0.0191667,799.966
53796,0.102128,-0.00705825,0.0208333,799.966
53819,0.162776,-0.0392393,0.0191667,800.894
53820,0.162776,-0.0392393,0.0208333,800.893
53843,0.199456,-0.0346598,0.0191667,800.146
53844,0.199456,-0.0346598,0.0208333,800.147
53867,0.160403,-0.0378457,0.0191667,800.182
53868,0.160403,-0.0378457,0.0208333,800.177
53891,0.00559925,0.00502419,0.0191667,800.0
53892,0.00559925,0.00502419,0.0208333,800.0
53915,0.394398,0.0350545,0.0191667,800.251
53916,0.394398,0.0350545,0.0208333,800.242
53939,0.230044,-0.0179635,0.0191667,800.007
53940,0.230044,-0.0179635,0.0208333,800.005
53963,0.109595,-0.0378974,0.0191667,801.044
53964,0.109595,-0.0378974,0.0208333,801.039
53987,0.162658,-0.0174242,0.0191667,800.019
53988,0.162658,-0.0174242,0.0208333,800.02
54011,0.102874,-0.0370603,0.0191667,801.61
54012,0.102874,-0.0370603,0.0208333,801.606
54035,0.246326,-0.0393216,0.0191667,807.75
54036,0.246326,-0.0393216,0.0208333,808.378
54059,0.247196,-0.0167194,0.0191667,800.027
54060,0.247196,-0.0167194,0.0208333,800.026
54083,0.194437,-0.0379177,0.0191667,800.345
54084,0.194437,-0.0379177,0.0208333,800.344
54107,0.292444,-0.0263702,0.0191667,801.235
54108,0.292444,-0.0263702,0.0208333,802.506
54131,0.279409,-0.0326021,0.0191667,802.485
54132,0.279409,-0.0326021,0.0208333,804.904
54155,0.22085,-0.0382635,0.0191667,800.529
54156,0.22085,-0.0382635,0.0208333,800.527
54179,0.160812,-0.0364995,0.0191667,800.199
54180,0.160812,-0.0364995,0.0208333,800.195
54203,0.164409,-0.0336895,0.0191667,800.179
54204,0.164409,-0.0336895,0.0208333,800.18
54227,0.237677,-0.0363172,0.0191667,800.631
54228,0.237677,-0.0363172,0.0208333,800.634
54251,0.00607573,0.00748266,0.0191667,800.0
54252,0.00607573,0.00748266,0.0208333,800.0
54275,0.393924,0.0375038,0.0191667,800.05
54276,0.393924,0.0375038,0.0208333,800.049
54299,0.101429,0.0365606,0.0191667,800.011
54300,0.101429,0.0365606,0.0208333,800.006
54323,0.128593,-0.0360802,0.0191667,800.214
54324,0.128593,-0.0360802,0.0208333,800.208
54347,0.24719,0.036828,0.0191667,800.0
54348,0.24719,0.036828,0.0208333,800.002
54371,0.275173,-0.0378893,0.0191667,802.288
54372,0.275173,-0.0378893,0.0208333,802.04
54395,0.181304,-0.0373047,0.0191667,800.171
54396,0.181304,-0.0373047,0.0208333,800.167
54419,0.264734,-0.0342537,0.0191667,801.742
54420,0.264734,-0.0342537,0.0208333,803.586
54443,0.179195,-0.0276466,0.0191667,800.072
54444,0.179195,-0.0276466,0.0208333,800.07
54467,0.103389,0.0385606,0.0191667,800.006
54468,0.103389,0.0385606,0.0208333,800.004
54491,0.258279,-0.0384978,0.0191667,802.213
54492,0.258279,-0.0384978,0.0208333,802.57
54515,0.115546,-0.0252569,0.0191667,800.17
54516,0.115546,-0.0252569,0.0208333,800.152
54539,0.166509,-0.0366771,0.0191667,800.175
54540,0.166509,-0.0366771,0.0208333,800.174
54563,0.21544,-0.0216825,0.0191667,800.009
54564,0.21544,-0.0216825,0.0208333,800.012
54587,0.236064,-0.0346588,0.0191667,800.227
54588,0.236064,-0.0346588,0.0208333,800.236
54611,0.147915,-0.0212971,0.0191667,800.171
54612,0.147915,-0.0212971,0.0208333,800.172
54635,0.182225,0.0368503,0.0191667,800.001
54636,0.182225,0.0368503,0.0208333,800.002
54659,0.20481,-0.0345809,0.0191667,800.135
54660,0.20481,-0.0345809,0.0208333,800.133
54683,0.20026,-0.0384691,0.0191667,800.55
54684,0.20026,-0.0384691,0.0208333,800.558
54707,0.388344,0.0230593,0.0191667,800.992
54708,0.388344,0.0230593,0.0208333,800.98
54731,0.203851,0.0294733,0.0191667,799.999
54732,0.203851,0.0294733,0.0208333,799.999
54755,0.220669,-0.0269269,0.0191667,800.056
54756,0.220669,-0.0269269,0.0208333,800.051
54779,0.153253,-0.0266187,0.0191667,800.181
54780,0.153253,-0.0266187,0.0208333,800.178
54803,0.197594,0.0386187,0.0191667,800.001
54804,0.197594,0.0386187,0.0208333,800.0
54827,0.288021,-0.039175,0.0191667,801.655
54828,0.288021,-0.039175,0.0208333,801.878
54851,0.125396,-0.0300845,0.0191667,800.17
54852,0.125396,-0.0300845,0.0208333,800.153
54875,0.15597,-0.039617,0.0191667,801.605
54876,0.15597,-0.039617,0.0208333,801.607
54899,0.105702,-0.0330942,0.0191667,800.394
54900,0.105702,-0.0330942,0.0208333,800.398
54923,0.17482,-0.0362503,0.0191667,800.182
54924,0.17482,-0.0362503,0.0208333,800.18
54947,0.226569,-0.0357044,0.0191667,800.207
54948,0.226569,-0.0357044,0.0208333,800.197
54971,0.232956,-0.0265009,0.0191667,800.072
54972,0.232956,-0.0265009,0.0208333,800.074
54995,0.165774,-0.0260806,0.0191667,800.112
54996,0.165774,-0.0260806,0.0208333,800.111
55019,0.103227,-0.0312176,0.0191667,800.634
55020,0.103227,-0.0312176,0.0208333,800.632
55043,0.115455,-0.0295614,0.0191667,800.194
55044,0.115455,-0.0295614,0.0208333,800.187
55067,0.286356,-0.0357887,0.0191667,802.667
55068,0.286356,-0.0357887,0.0208333,802.912
55091,0.191823,-0.0271945,0.0191667,800.052
55092,0.191823,-0.0271945,0.0208333,800.044
55115,0.2761,-0.0296515,0.0191667,801.214
55116,0.2761,-0.0296515,0.0208333,802.119
55139,0.101529,-0.0374041,0.0191667,802.121
55140,0.101529,-0.0374041,0.0208333,802.116
55163,0.112733,-0.0290338,0.0191667,800.199
55164,0.112733,-0.0290338,0.0208333,800.191
55187,0.271682,-0.0153606,0.0191667,800.793
55188,0.271682,-0.0153606,0.0208333,800.834
55211,0.135758,-0.034632,0.0191667,800.216
55212,0.135758,-0.034632,0.0208333,800.215
55235,0.225431,-0.0383001,0.0191667,800.99
55236,0.225431,-0.0383001,0.0208333,800.977
55259,0.285063,-0.031998,0.0191667,802.575
55260,0.285063,-0.031998,0.0208333,804.984
55283,0.125783,-0.0226479,0.0191667,800.165
55284,0.125783,-0.0226479,0.0208333,800.151
55307,0.166019,-0.037836,0.0191667,800.2
55308,0.166019,-0.037836,0.0208333,800.198
55331,0.223603,0.0369651,0.0191667,800.0
55332,0.223603,0.0369651,0.0208333,800.0
55355,0.388748,0.0264306,0.0191667,800.862
55356,0.388748,0.0264306,0.0208333,800.848
55379,0.276756,-0.0146543,0.0191667,801.353
55380,0.276756,-0.0146543,0.0208333,801.244
55403,0.247466,0.033603,0.0191667,800.001
55404,0.247466,0.033603,0.0208333,799.997
55427,0.101998,0.000894653,0.0191667,799.998
55428,0.101998,0.000894653,0.0208333,799.999
55451,0.10134,-0.0174868,0.0191667,800.865
55452,0.10134,-0.0174868,0.0208333,800.862
55475,0.264743,0.0371452,0.0191667,799.998
55476,0.264743,0.0371452,0.0208333,800.001
55499,0.297711,-0.0218386,0.0191667,800.757
55500,0.297711,-0.0218386,0.0208333,800.914
55523,0.114461,-0.0236008,0.0191667,800.174
55524,0.114461,-0.0236008,0.0208333,800.167
55547,0.298688,0.0167093,0.0191667,800.714
55548,0.298688,0.0167093,0.0208333,800.771
55571,0.146989,0.0371714,0.0191667,800.0
55572,0.146989,0.0371714,0.0208333,800.003
55595,0.141172,0.0370804,0.0191667,800.001
55596,0.141172,0.0370804,0.0208333,800.002
55619,0.259141,0.0372642,0.0191667,799.999
55620,0.259141,0.0372642,0.0208333,800.002
55643,0.113286,-0.0350597,0.0191667,800.262
55644,0.113286,-0.0350597,0.0208333,800.259
55667,0.158282,-0.0383737,0.0191667,800.13
55668,0.158282,-0.0383737,0.0208333,800.125
55691,0.101241,-0.0217427,0.0191667,800.871
55692,0.101241,-0.0217427,0.0208333,800.87
55715,0.305892,0.0231806,0.0191667,801.151
55716,0.305892,0.0231806,0.0208333,801.146
55739,0.293035,0.0106051,0.0191667,801.216
55740,0.293035,0.0106051,0.0208333,801.209
55763,0.27293,-0.0335377,0.0191667,802.221
55764,0.27293,-0.0335377,0.0208333,804.675
55787,0.131997,-0.0379254,0.0191667,800.261
55788,0.131997,-0.0379254,0.0208333,800.254
55811,0.153572,-0.0349248,0.0191667,800.228
55812,0.153572,-0.0349248,0.0208333,800.223
55835,0.305864,0.0264204,0.0191667,800.897
55836,0.305864,0.0264204,0.0208333,800.881
55859,0.209235,-0.0345029,0.0191667,800.138
55860,0.209235,-0.0345029,0.0208333,800.128
55883,0.102795,-0.0299353,0.0191667,800.539
55884,0.102795,-0.0299353,0.0208333,800.538
55907,0.233056,-0.0325135,0.0191667,800.133
55908,0.233056,-0.0325135,0.0208333,800.128
55931,0.193957,-0.0366794,0.0191667,800.159
55932,0.193957,-0.0366794,0.0208333,800.161
55955,0.111773,-0.0368649,0.0191667,800.447
55956,0.111773,-0.0368649,0.0208333,800.444
55979,0.257487,-0.0396148,0.0191667,806.128
55980,0.257487,-0.0396148,0.0208333,806.485
56003,0.272712,-0.00682234,0.0191667,800.187
56004,0.272712,-0.00682234,0.0208333,800.194
56027,0.226203,-0.0379292,0.0191667,800.696
56028,0.226203,-0.0379292,0.0208333,800.692
56051,0.247789,-0.0372204,0.0191667,801.721
56052,0.247789,-0.0372204,0.0208333,801.974
56075,0.16488,-0.0396249,0.0191667,801.883
56076,0.16488,-0.0396249,0.0208333,801.885
56099,0.102418,-0.0322986,0.0191667,800.894
56100,0.102418,-0.0322986,0.0208333,800.887
56123,0.241045,-0.0396255,0.0191667,805.374
56124,0.241045,-0.0396255,0.0208333,805.371
56147,0.255301,-0.0391831,0.0191667,804.788
56148,0.255301,-0.0391831,0.0208333,805.171
56171,0.292641,-0.034724,0.0191667,801.602
56172,0.292641,-0.034724,0.0208333,802.185
56195,0.132792,-0.0274757,0.0191667,800.17
56196,0.132792,-0.0274757,0.0208333,800.157
56219,0.20044,-0.0279204,0.0191667,800.048
56220,0.20044,-0.0279204,0.0208333,800.048
56243,0.398513,0.0325507,0.0191667,800.43
56244,0.398513,0.0325507,0.0208333,800.408
56267,0.0014843,0.00254153,0.0191667,800.0
56268,0.0014843,0.00254153,0.0208333,800.0
56291,0.398432,0.0274935,0.0191667,800.793
56292,0.398432,0.0274935,0.0208333,800.772
56315,0.00156655,-0.0025242,0.0191667,800.0
56316,0.00156655,-0.0025242,0.0208333,800.0
56339,0.126889,-0.0383174,0.0191667,800.444
56340,0.126889,-0.0383174,0.0208333,800.435
56363,0.101742,-0.0270002,0.0191667,801.0
56364,0.101742,-0.0270002,0.0208333,800.999
56387,0.205382,-0.0378213,0.0191667,800.323
56388,0.205382,-0.0378213,0.0208333,800.323
56411,0.258604,-0.0321313,0.0191667,801.449
56412,0.258604,-0.0321313,0.0208333,801.931
56435,0.29996,0.0365743,0.0191667,800.009
56436,0.29996,0.0365743,0.0208333,800.005
56459,0.223901,-0.0259691,0.0191667,800.053
56460,0.223901,-0.0259691,0.0208333,800.049
56483,0.156546,-0.0256372,0.0191667,800.172
56484,0.156546,-0.0256372,0.0208333,800.173
56507,0.178254,-0.0374767,0.0191667,800.166
56508,0.178254,-0.0374767,0.0208333,800.164
56531,0.203185,0.0324183,0.0191667,800.0
56532,0.203185,0.0324183,0.0208333,800.0
56555,0.131588,-0.0358,0.0191667,800.214
56556,0.131588,-0.0358,0.0208333,800.214
56579,0.265659,-0.0384037,0.0191667,802.341
56580,0.265659,-0.0384037,0.0208333,802.532
56603,0.122742,-0.0292628,0.0191667,800.161
56604,0.122742,-0.0292628,0.0208333,800.146
56627,0.222372,-0.0343139,0.0191667,800.132
56628,0.222372,-0.0343139,0.0208333,800.128
56651,0.277029,-0.0228832,0.0191667,801.487
56652,0.277029,-0.0228832,0.0208333,801.463
56675,0.0115578,-0.00695968,0.0191667,800.0
56676,0.0115578,-0.00695968,0.0208333,800.0
56699,0.164262,-0.0301321,0.0191667,800.175
56700,0.164262,-0.0301321,0.0208333,800.175
56723,0.188681,-0.0258607,0.0191667,800.036
56724,0.188681,-0.0258607,0.0208333,800.033
56747,0.252139,-0.0390919,0.0191667,805.289
56748,0.252139,-0.0390919,0.0208333,805.636
56771,0.269155,-0.00635078,0.0191667,800.049
56772,0.269155,-0.00635078,0.0208333,800.049
56795,0.214212,-0.03125,0.0191667,800.101
56796,0.214212,-0.03125,0.0208333,800.098
56819,0.276932,-0.0203597,0.0191667,801.815
56820,0.276932,-0.0203597,0.0208333,801.698
56843,0.101846,-0.0381593,0.0191667,802.509
56844,0.101846,-0.0381593,0.0208333,802.504
56867,0.146665,-0.0310212,0.0191667,800.218
56868,0.146665,-0.0310212,0.0208333,800.217
56891,0.16569,-0.0353259,0.0191667,800.177
56892,0.16569,-0.0353259,0.0208333,800.176
56915,0.139627,-0.0316278,0.0191667,800.214
56916,0.139627,-0.0316278,0.0208333,800.209
56939,0.119294,-0.0229236,0.0191667,800.164
56940,0.119294,-0.0229236,0.0208333,800.145
56963,0.150014,-0.0378996,0.0191667,800.193
56964,0.150014,-0.0378996,0.0208333,800.188
56987,0.127397,-0.0356081,0.0191667,800.213
56988,0.127397,-0.0356081,0.0208333,800.205
57011,0.188411,0.0335773,0.0191667,800.002
57012,0.188411,0.0335773,0.0208333,800.0
57035,0.28434,-0.0379122,0.0191667,801.479
57036,0.28434,-0.0379122,0.0208333,801.386
57059,0.184627,-0.0186521,0.0191667,800.003
57060,0.184627,-0.0186521,0.0208333,800.005
57083,0.237704,-0.0333356,0.0191667,800.174
57084,0.237704,-0.0333356,0.0208333,800.168
57107,0.143013,-0.0333486,0.0191667,800.219
57108,0.143013,-0.0333486,0.0208333,800.216
57131,0.100837,-0.0396706,0.0191667,805.042
57132,0.100837,-0.0396706,0.0208333,805.038
57155,0.171453,-0.0330951,0.0191667,800.169
57156,0.171453,-0.0330951,0.0208333,800.164
57179,0.104365,0.00222073,0.0191667,799.999
57180,0.104365,0.00222073,0.0208333,799.999
57203,0.282494,-0.0260629,0.0191667,801.14
57204,0.282494,-0.0260629,0.0208333,802.188
57227,0.299497,-0.0306603,0.0191667,800.825
57228,0.299497,-0.0306603,0.0208333,800.82
57251,0.292788,-0.0371487,0.0191667,801.258
57252,0.292788,-0.0371487,0.0208333,801.526
57275,0.216031,-0.0377438,0.0191667,800.372
57276,0.216031,-0.0377438,0.0208333,800.369
57299,0.128171,-0.0264441,0.0191667,800.15
57300,0.128171,-0.0264441,0.0208333,800.131
57323,0.239674,-0.0331603,0.0191667,800.189
57324,0.239674,-0.0331603,0.0208333,800.177
57347,0.197919,0.0332016,0.0191667,799.999
57348,0.197919,0.0332016,0.0208333,800.001
57371,0.165838,-0.0328455,0.0191667,800.18
57372,0.165838,-0.0328455,0.0208333,800.178
57395,0.113367,0.0285946,0.0191667,800.002
57396,0.113367,0.0285946,0.0208333,800.002
57419,0.194162,-0.0358102,0.0191667,800.159
57420,0.194162,-0.0358102,0.0208333,800.158
57443,0.237948,-0.0264344,0.0191667,800.075
57444,0.237948,-0.0264344,0.0208333,800.079
57467,0.210904,-0.0311438,0.0191667,800.09
57468,0.210904,-0.0311438,0.0208333,800.092
57491,0.170861,-0.0260866,0.0191667,800.082
57492,0.170861,-0.0260866,0.0208333,800.083
57515,0.253136,-0.0144871,0.0191667,800.029
57516,0.253136,-0.0144871,0.0208333,800.029
57539,0.17256,-0.0311461,0.0191667,800.153
57540,0.17256,-0.0311461,0.0208333,800.146
57563,0.273595,-0.0100503,0.0191667,800.33
57564,0.273595,-0.0100503,0.0208333,800.343
57587,0.147597,-0.0362673,0.0191667,800.225
57588,0.147597,-0.0362673,0.0208333,800.221
57611,0.210539,-0.0384422,0.0191667,800.583
57612,0.210539,-0.0384422,0.0208333,800.574
57635,0.183646,-0.0392363,0.0191667,801.004
57636,0.183646,-0.0392363,0.0208333,801.002
57659,0.106029,-0.0385239,0.0191667,801.597
57660,0.106029,-0.0385239,0.0208333,801.591
57683,0.286532,-0.0383576,0.0191667,801.301
57684,0.286532,-0.0383576,0.0208333,801.32
57707,0.276323,-0.0383636,0.0191667,801.814
57708,0.276323,-0.0383636,0.0208333,801.684
57731,0.280373,-0.0316967,0.0191667,802.354
57732,0.280373,-0.0316967,0.0208333,804.914
57755,0.291107,-0.0383958,0.0191667,801.158
57756,0.291107,-0.0383958,0.0208333,801.254
57779,0.28797,-0.00887636,0.0191667,801.624
57780,0.28797,-0.00887636,0.0208333,801.508
57803,0.238877,-0.0383021,0.0191667,802.58
57804,0.238877,-0.0383021,0.0208333,802.588
57827,0.272231,-0.0297055,0.0191667,801.198
57828,0.272231,-0.0297055,0.0208333,801.625
57851,0.0111402,-0.00360937,0.0191667,800.0
57852,0.0111402,-0.00360937,0.0208333,800.0
57875,0.174889,-0.0217589,0.0191667,800.017
57876,0.174889,-0.0217589,0.0208333,800.018
57899,0.27116,0.0335695,0.0191667,799.996
57900,0.27116,0.0335695,0.0208333,800.0
57923,0.263943,0.0345275,0.0191667,799.999
57924,0.263943,0.0345275,0.0208333,800.0
57947,0.108157,-0.0305826,0.0191667,800.229
57948,0.108157,-0.0305826,0.0208333,800.225
57971,0.100834,-0.0358673,0.0191667,802.133
57972,0.100834,-0.0358673,0.0208333,802.128
57995,0.285801,-0.0379533,0.0191667,801.382
57996,0.285801,-0.0379533,0.0208333,801.35
58019,0.186951,-0.0323901,0.0191667,800.129
58020,0.186951,-0.0323901,0.0208333,800.129
58043,0.150465,0.031901,0.0191667,800.001
58044,0.150465,0.031901,0.0208333,800.0
58067,0.197619,-0.0264259,0.0191667,800.034
58068,0.197619,-0.0264259,0.0208333,800.035
58091,0.109875,-0.0283924,0.0191667,800.207
58092,0.109875,-0.0283924,0.0208333,800.194
58115,0.129922,-0.0261379,0.0191667,800.168
58116,0.129922,-0.0261379,0.0208333,800.152
58139,0.134143,-0.0338591,0.0191667,800.214
58140,0.134143,-0.0338591,0.0208333,800.209
58163,0.23629,-0.0364007,0.0191667,800.515
58164,0.23629,-0.0364007,0.0208333,800.521
58187,0.104475,-0.0314846,0.0191667,800.394
58188,0.104475,-0.0314846,0.0208333,800.397
58211,0.289055,-0.0262402,0.0191667,801.313
58212,0.289055,-0.0262402,0.0208333,803.103
58235,0.200753,0.0339138,0.0191667,800.001
58236,0.200753,0.0339138,0.0208333,800.0
58259,0.284324,-0.037086,0.0191667,802.256
58260,0.284324,-0.037086,0.0208333,802.064
58283,0.10034,-0.0392077,0.0191667,805.309
58284,0.10034,-0.0392077,0.0208333,805.307
58307,0.261094,-0.0346082,0.0191667,801.701
58308,0.261094,-0.0346082,0.0208333,802.933
58331,0.30019,0.0227581,0.0191667,801.067
58332,0.30019,0.0227581,0.0208333,801.071
58355,0.296704,-0.03575,0.0191667,800.982
58356,0.296704,-0.03575,0.0208333,801.183
58379,0.190913,0.0385529,0.0191667,800.002
58380,0.190913,0.0385529,0.0208333,800.0
58403,0.138763,-0.0344994,0.0191667,800.217
58404,0.138763,-0.0344994,0.0208333,800.216
58427,0.156579,-0.0332883,0.0191667,800.215
58428,0.156579,-0.0332883,0.0208333,800.207
58451,0.223891,-0.0334063,0.0191667,800.123
58452,0.223891,-0.0334063,0.0208333,800.119
58475,0.187844,0.0367195,0.0191667,800.002
58476,0.187844,0.0367195,0.0208333,800.001
58499,0.102221,0.00718183,0.0191667,800.0
58500,0.102221,0.00718183,0.0208333,800.0
58523,0.100759,-0.0372641,0.0191667,802.665
58524,0.100759,-0.0372641,0.0208333,802.66
58547,0.295663,-0.0342662,0.0191667,801.024
58548,0.295663,-0.0342662,0.0208333,801.392
58571,0.291052,-0.0232118,0.0191667,801.032
58572,0.291052,-0.0232118,0.0208333,802.461
58595,0.29391,-0.0271254,0.0191667,801.319
58596,0.29391,-0.0271254,0.0208333,802.575
58619,0.110132,-0.026586,0.0191667,800.197
58620,0.110132,-0.026586,0.0208333,800.189
58643,0.108481,-0.0232382,0.0191667,800.208
58644,0.108481,-0.0232382,0.0208333,800.199
58667,0.278056,-0.0368697,0.0191667,803.027
58668,0.278056,-0.0368697,0.0208333,802.774
58691,0.291176,0.0385617,0.0191667,799.999
58692,0.291176,0.0385617,0.0208333,800.001
58715,0.208493,-0.036302,0.0191667,800.178
58716,0.208493,-0.036302,0.0208333,800.177
58739,0.18822,-0.0348316,0.0191667,800.152
58740,0.18822,-0.0348316,0.0208333,800.15
58763,0.120012,-0.028311,0.0191667,800.156
58764,0.120012,-0.028311,0.0208333,800.136
58787,0.1332,-0.034049,0.0191667,800.214
58788,0.1332,-0.034049,0.0208333,800.212
58811,0.296157,-0.0372338,0.0191667,801.115
58812,0.296157,-0.0372338,0.0208333,801.215
58835,0.255383,-0.0323785,0.0191667,801.55
58836,0.255383,-0.0323785,0.0208333,801.757
58859,0.12632,-0.037849,0.0191667,800.401
58860,0.12632,-0.037849,0.0208333,800.396
58883,0.105624,-0.0341767,0.0191667,800.515
58884,0.105624,-0.0341767,0.0208333,800.515
58907,0.191912,-0.0382557,0.0191667,800.379
58908,0.191912,-0.0382557,0.0208333,800.38
58931,0.268983,0.0316524,0.0191667,799.999
58932,0.268983,0.0316524,0.0208333,800.001
58955,0.160244,-0.0370727,0.0191667,800.199
58956,0.160244,-0.0370727,0.0208333,800.196
58979,0.192622,-0.0383801,0.0191667,800.328
58980,0.192622,-0.0383801,0.0208333,800.322
59003,0.130836,-0.036075,0.0191667,800.219
59004,0.130836,-0.036075,0.0208333,800.213
59027,0.106839,-0.0312204,0.0191667,800.265
59028,0.106839,-0.0312204,0.0208333,800.264
59051,0.265714,-0.0344838,0.0191667,801.824
59052,0.265714,-0.0344838,0.0208333,803.647
59075,0.107478,-0.0127246,0.0191667,800.299
59076,0.107478,-0.0127246,0.0208333,800.296
59099,0.103062,-0.00989362,0.0191667,800.313
59100,0.103062,-0.00989362,0.0208333,800.313
59123,0.25095,0.0296128,0.0191667,799.999
59124,0.25095,0.0296128,0.0208333,799.995
59147,0.245496,-0.0377231,0.0191667,804.439
59148,0.245496,-0.0377231,0.0208333,804.541
59171,0.207198,-0.0367761,0.0191667,800.214
59172,0.207198,-0.0367761,0.0208333,800.215
59195,0.229127,-0.0253559,0.0191667,800.046
59196,0.229127,-0.0253559,0.0208333,800.047
59219,0.120944,-0.0356264,0.0191667,800.219
59220,0.120944,-0.0356264,0.0208333,800.212
59243,0.161871,-0.0249975,0.0191667,800.133
59244,0.161871,-0.0249975,0.0208333,800.124
59267,0.167909,-0.0396291,0.0191667,824.099
59268,0.167909,-0.0396291,0.0208333,824.259
59291,0.271124,-0.0123413,0.0191667,800.409
59292,0.271124,-0.0123413,0.0208333,800.414
59315,0.25824,-0.0392508,0.0191667,803.887
59316,0.25824,-0.0392508,0.0208333,804.225
59339,0.0995846,0.0063015,0.0191667,799.999
59340,0.0995846,0.0063015,0.0208333,800.0
59363,0.104678,-0.0326304,0.0191667,800.484
59364,0.104678,-0.0326304,0.0208333,800.485
59387,0.165887,-0.034486,0.0191667,800.18
59388,0.165887,-0.034486,0.0208333,800.18
59411,0.18222,-0.0216835,0.0191667,800.014
59412,0.18222,-0.0216835,0.0208333,800.013
59435,0.287351,-0.0230171,0.0191667,801.067
59436,0.287351,-0.0230171,0.0208333,802.249
59459,0.114749,-0.0371569,0.0191667,800.383
59460,0.114749,-0.0371569,0.0208333,800.381
59483,0.137245,-0.0336441,0.0191667,800.216
59484,0.137245,-0.0336441,0.0208333,800.21
59507,0.178588,-0.0189407,0.0191667,800.01
59508,0.178588,-0.0189407,0.0208333,800.01
59531,0.285164,-0.0192312,0.0191667,801.412
59532,0.285164,-0.0192312,0.0208333,801.606
59555,0.217735,-0.0224435,0.0191667,800.012
59556,0.217735,-0.0224435,0.0208333,800.01
59579,0.185479,-0.0247258,0.0191667,800.028
59580,0.185479,-0.0247258,0.0208333,800.025
59603,0.150254,-0.0220683,0.0191667,800.17
59604,0.150254,-0.0220683,0.0208333,800.17
59627,0.123165,-0.0161877,0.0191667,800.233
59628,0.123165,-0.0161877,0.0208333,800.228
59651,0.219512,0.0313232,0.0191667,800.0
59652,0.219512,0.0313232,0.0208333,800.001
59675,0.278318,-0.0322456,0.0191667,802.345
59676,0.278318,-0.0322456,0.0208333,804.941
59699,0.279989,0.0317389,0.0191667,800.002
59700,0.279989,0.0317389,0.0208333,800.003
59723,0.164011,-0.0386424,0.0191667,800.207
59724,0.164011,-0.0386424,0.0208333,800.209
59747,0.166859,-0.0345385,0.0191667,800.182
59748,0.166859,-0.0345385,0.0208333,800.18
59771,0.26819,-0.0117133,0.0191667,800.117
59772,0.26819,-0.0117133,0.0208333,800.114
59795,0.269739,-0.0172116,0.0191667,800.774
59796,0.269739,-0.0172116,0.0208333,800.786
59819,0.126701,-0.0371263,0.0191667,800.285
59820,0.126701,-0.0371263,0.0208333,800.279
59843,0.17659,0.036808,0.0191667,800.001
59844,0.17659,0.036808,0.0208333,800.002
59867,0.211972,-0.0304758,0.0191667,800.087
59868,0.211972,-0.0304758,0.0208333,800.076
59891,0.184847,-0.0320597,0.0191667,800.127
59892,0.184847,-0.0320597,0.0208333,800.127
59915,0.180569,-0.0392656,0.0191667,800.964
59916,0.180569,-0.0392656,0.0208333,800.961
59939,0.163161,-0.0321569,0.0191667,800.18
59940,0.163161,-0.0321569,0.0208333,800.18
59963,0.102221,-0.0396395,0.0191667,803.752
59964,0.102221,-0.0396395,0.0208333,803.745
59987,0.285759,-0.0371185,0.0191667,802.099
59988,0.285759,-0.0371185,0.0208333,801.976
60011,0.396771,0.0211108,0.0191667,800.999
60012,0.396771,0.0211108,0.0208333,800.988
60035,0.00322079,0.00889292,0.0191667,800.0
60036,0.00322079,0.00889292,0.0208333,800.0
60059,0.00322538,-0.00889437,0.0191667,799.999
60060,0.00322538,-0.00889437,0.0208333,799.999
60083,0.396779,0.038898,0.0191667,800.031
60084,0.396779,0.038898,0.0208333,800.03
60107,0.181215,-0.0356459,0.0191667,800.182
60108,0.181215,-0.0356459,0.0208333,800.18
60131,0.117695,-0.021116,0.0191667,800.174
60132,0.117695,-0.021116,0.0208333,800.162
60155,0.293805,0.0163257,0.0191667,801.198
60156,0.293805,0.0163257,0.0208333,801.167
60179,0.131432,-0.0392221,0.0191667,801.104
60180,0.131432,-0.0392221,0.0208333,801.103
60203,0.182765,-0.0319199,0.0191667,800.125
60204,0.182765,-0.0319199,0.0208333,800.126
60227,0.231974,-0.0383107,0.0191667,801.478
60228,0.231974,-0.0383107,0.0208333,801.476
60251,0.264793,-0.0374107,0.0191667,802.509
60252,0.264793,-0.0374107,0.0208333,802.912
60275,0.259726,-0.0384888,0.0191667,802.238
60276,0.259726,-0.0384888,0.0208333,802.593
60299,0.223122,-0.0396534,0.0191667,803.308
60300,0.223122,-0.0396534,0.0208333,803.303
60323,0.268988,-0.0335024,0.0191667,801.584
60324,0.268988,-0.0335024,0.0208333,803.533
60347,0.179035,-0.0385578,0.0191667,800.164
60348,0.179035,-0.0385578,0.0208333,800.161
60371,0.145529,-0.0396319,0.0191667,801.544
60372,0.145529,-0.0396319,0.0208333,801.541
60395,0.22916,0.036888,0.0191667,800.001
60396,0.22916,0.036888,0.0208333,800.0
60419,0.294191,-0.0286349,0.0191667,801.289
60420,0.294191,-0.0286349,0.0208333,802.504
60443,0.100348,-0.0379168,0.0191667,803.718
60444,0.100348,-0.0379168,0.0208333,803.715
60467,0.136219,-0.0337172,0.0191667,800.217
60468,0.136219,-0.0337172,0.0208333,800.213
60491,0.104709,-0.0346051,0.0191667,800.701
60492,0.104709,-0.0346051,0.0208333,800.696
60515,0.182954,-0.0305177,0.0191667,800.098
60516,0.182954,-0.0305177,0.0208333,800.099
60539,0.282371,-0.0241341,0.0191667,801.144
60540,0.282371,-0.0241341,0.0208333,801.634
60563,0.254271,-0.0316629,0.0191667,801.633
60564,0.254271,-0.0316629,0.0208333,801.752
60587,0.253232,-0.0193964,0.0191667,800.077
60588,0.253232,-0.0193964,0.0208333,800.078
60611,0.180526,-0.0369173,0.0191667,800.171
60612,0.180526,-0.0369173,0.0208333,800.173
60635,0.27465,-0.0192157,0.0191667,801.668
60636,0.27465,-0.0192157,0.0208333,801.509
60659,0.217335,0.0334741,0.0191667,800.001
60660,0.217335,0.0334741,0.0208333,800.001
60683,0.206647,-0.0372318,0.0191667,800.218
60684,0.206647,-0.0372318,0.0208333,800.217
60707,0.124311,0.0274877,0.0191667,800.001
60708,0.124311,0.0274877,0.0208333,799.999
60731,0.25298,-0.0380248,0.0191667,802.124
60732,0.25298,-0.0380248,0.0208333,802.454
60755,0.20582,-0.0371109,0.0191667,800.228
60756,0.20582,-0.0371109,0.0208333,800.221
60779,0.281222,-0.0206439,0.0191667,801.629
60780,0.281222,-0.0206439,0.0208333,801.518
60803,0.142537,-0.0396531,0.0191667,801.583
60804,0.142537,-0.0396531,0.0208333,801.574
60827,0.177563,0.0338233,0.0191667,800.002
60828,0.177563,0.0338233,0.0208333,800.002
60851,0.264914,-0.0381248,0.0191667,802.302
60852,0.264914,-0.0381248,0.0208333,802.478
60875,0.273782,-0.0315288,0.0191667,801.311
60876,0.273782,-0.0315288,0.0208333,803.369
60899,0.246302,-0.0386551,0.0191667,802.837
60900,0.246302,-0.0386551,0.0208333,802.864
60923,0.274316,-0.016391,0.0191667,801.185
60924,0.274316,-0.016391,0.0208333,801.125
60947,0.156482,-0.0310584,0.0191667,800.212
60948,0.156482,-0.0310584,0.0208333,800.201
60971,0.09672,0.00159037,0.0191667,800.0
60972,0.09672,0.00159037,0.0208333,800.0
60995,0.234378,0.0278667,0.0191667,799.998
60996,0.234378,0.0278667,0.0208333,800.0
61019,0.192616,-0.0252778,0.0191667,800.027
61020,0.192616,-0.0252778,0.0208333,800.029
61043,0.223834,-0.0312444,0.0191667,800.108
61044,0.223834,-0.0312444,0.0208333,800.109
61067,0.273952,-0.0338671,0.0191667,802.34
61068,0.273952,-0.0338671,0.0208333,804.735
61091,0.101416,-0.0386158,0.0191667,802.798
61092,0.101416,-0.0386158,0.0208333,802.792
61115,0.265748,-0.0181802,0.0191667,800.46
61116,0.265748,-0.0181802,0.0208333,800.473
61139,0.125252,-0.0207989,0.0191667,800.172
61140,0.125252,-0.0207989,0.0208333,800.16
61163,0.10287,-0.033197,0.0191667,800.96
61164,0.10287,-0.033197,0.0208333,800.956
61187,0.277501,-0.0331049,0.0191667,802.572
61188,0.277501,-0.0331049,0.0208333,804.91
61211,0.164134,-0.0393293,0.0191667,801.148
61212,0.164134,-0.0393293,0.0208333,801.15
61235,0.195095,-0.0371369,0.0191667,800.155
61236,0.195095,-0.0371369,0.0208333,800.155
61259,0.231622,-0.0340103,0.0191667,800.165
61260,0.231622,-0.0340103,0.0208333,800.153
61283,0.29407,-0.033481,0.0191667,801.465
61284,0.29407,-0.033481,0.0208333,802.115
61307,0.114191,-0.0349844,0.0191667,800.258
61308,0.114191,-0.0349844,0.0208333,800.245
61331,0.23215,-0.0396505,0.0191667,803.369
61332,0.23215,-0.0396505,0.0208333,803.358
61355,0.205967,-0.0383602,0.0191667,800.521
61356,0.205967,-0.0383602,0.0208333,800.503
61379,0.295765,-0.0323615,0.0191667,801.19
61380,0.295765,-0.0323615,0.0208333,801.723
61403,0.228074,0.0340179,0.0191667,800.001
61404,0.228074,0.0340179,0.0208333,799.999
61427,0.294475,0.00808746,0.0191667,801.195
61428,0.294475,0.00808746,0.0208333,801.211
61451,0.233976,-0.0229874,0.0191667,800.046
61452,0.233976,-0.0229874,0.0208333,800.038
61475,0.265425,-0.0323914,0.0191667,801.296
61476,0.265425,-0.0323914,0.0208333,802.265
61499,0.166918,-0.022488,0.0191667,800.057
61500,0.166918,-0.022488,0.0208333,800.056
61523,0.28265,0.0335765,0.0191667,799.999
61524,0.28265,0.0335765,0.0208333,800.001
61547,0.111865,-0.0259279,0.0191667,800.19
61548,0.111865,-0.0259279,0.0208333,800.183
61571,0.287189,-0.00325773,0.0191667,801.403
61572,0.287189,-0.00325773,0.0208333,801.298
61595,0.236266,-0.0319819,0.0191667,800.137
61596,0.236266,-0.0319819,0.0208333,800.13
61619,0.235369,-0.0188975,0.0191667,800.012
61620,0.235369,-0.0188975,0.0208333,800.018
61643,0.168294,-0.0180142,0.0191667,800.017
61644,0.168294,-0.0180142,0.0208333,800.016
61667,0.247521,-0.03241,0.0191667,800.462
61668,0.247521,-0.03241,0.0208333,800.455
61691,0.110545,-0.0223227,0.0191667,800.202
61692,0.110545,-0.0223227,0.0208333,800.193
61715,0.264452,-0.0332305,0.0191667,801.467
61716,0.264452,-0.0332305,0.0208333,802.846
61739,0.106887,-0.0282482,0.0191667,800.237
61740,0.106887,-0.0282482,0.0208333,800.234
61763,0.122467,-0.0336502,0.0191667,800.208
61764,0.122467,-0.0336502,0.0208333,800.192
61787,0.23618,-0.02578,0.0191667,800.073
61788,0.23618,-0.02578,0.0208333,800.072
61811,0.169042,-0.0254008,0.0191667,800.083
61812,0.169042,-0.0254008,0.0208333,800.083
61835,0.237379,-0.0200699,0.0191667,800.018
61836,0.237379,-0.0200699,0.0208333,800.021
61859,0.206537,-0.0339134,0.0191667,800.129
61860,0.206537,-0.0339134,0.0208333,800.128
61883,0.136567,-0.0396621,0.0191667,801.692
61884,0.136567,-0.0396621,0.0208333,801.687
61907,0.191686,0.033151,0.0191667,800.003
61908,0.191686,0.033151,0.0208333,799.999
61931,0.258962,-0.039636,0.0191667,805.416
61932,0.258962,-0.039636,0.0208333,805.738
61955,0.185782,-0.0327854,0.0191667,800.125
61956,0.185782,-0.0327854,0.0208333,800.125
61979,0.167712,-0.0373293,0.0191667,800.178
61980,0.167712,-0.0373293,0.0208333,800.178
62003,0.164863,0.0367324,0.0191667,800.001
62004,0.164863,0.0367324,0.0208333,800.001
62027,0.297727,-0.0316235,0.0191667,800.84
62028,0.297727,-0.0316235,0.0208333,800.948
62051,0.232071,-0.0321316,0.0191667,800.132
62052,0.232071,-0.0321316,0.0208333,800.129
62075,0.287389,-0.0271413,0.0191667,801.311
62076,0.287389,-0.0271413,0.0208333,803.597
62099,0.267104,-0.00895075,0.0191667,800.081
62100,0.267104,-0.00895075,0.0208333,800.081
62123,0.293349,-0.0299153,0.0191667,801.469
62124,0.293349,-0.0299153,0.0208333,802.858
62147,0.224583,-0.0222026,0.0191667,800.016
62148,0.224583,-0.0222026,0.0208333,800.022
62171,0.257436,-0.0325867,0.0191667,801.431
62172,0.257436,-0.0325867,0.0208333,801.738
62195,0.157237,-0.0217956,0.0191667,800.109
62196,0.157237,-0.0217956,0.0208333,800.104
62219,0.279026,-0.0239591,0.0191667,801.368
62220,0.279026,-0.0239591,0.0208333,801.471
62243,0.293887,-0.0203983,0.0191667,800.826
62244,0.293887,-0.0203983,0.0208333,802.167
62267,0.185026,-0.0140558,0.0191667,800.001
62268,0.185026,-0.0140558,0.0208333,800.002
62291,0.122052,-0.0260791,0.0191667,800.14
62292,0.122052,-0.0260791,0.0208333,800.114
62315,0.269056,-0.0295917,0.0191667,801.211
62316,0.269056,-0.0295917,0.0208333,801.639
62339,0.106807,-0.0265008,0.0191667,800.223
62340,0.106807,-0.0265008,0.0208333,800.215
62363,0.227609,-0.0378883,0.0191667,800.713
62364,0.227609,-0.0378883,0.0208333,800.709
62387,0.196636,-0.0372875,0.0191667,800.206
62388,0.196636,-0.0372875,0.0208333,800.204
62411,0.187967,-0.0221992,0.0191667,800.012
62412,0.187967,-0.0221992,0.0208333,800.011
62435,0.263924,-0.0373049,0.0191667,802.457
62436,0.263924,-0.0373049,0.0208333,802.831
62459,0.158218,-0.0174155,0.0191667,800.041
62460,0.158218,-0.0174155,0.0208333,800.041
62483,0.225534,-0.0176416,0.0191667,800.006
62484,0.225534,-0.0176416,0.0208333,800.004
62507,0.123146,-0.0396784,0.0191667,801.729
62508,0.123146,-0.0396784,0.0208333,801.731
62531,0.227174,-0.0248204,0.0191667,800.046
62532,0.227174,-0.0248204,0.0208333,800.039
62555,0.159882,-0.024462,0.0191667,800.129
62556,0.159882,-0.024462,0.0208333,800.125
62579,0.189469,-0.039233,0.0191667,801.172
62580,0.189469,-0.039233,0.0208333,801.168
62603,0.27271,-0.0323558,0.0191667,801.385
62604,0.27271,-0.0323558,0.0208333,803.364
62627,0.271886,-0.0384266,0.0191667,802.211
62628,0.271886,-0.0384266,0.0208333,802.163
62651,0.131371,-0.0384514,0.0191667,800.489
62652,0.131371,-0.0384514,0.0208333,800.484
62675,0.111731,0.0337317,0.0191667,800.0
62676,0.111731,0.0337317,0.0208333,800.003
62699,0.194576,-0.0249747,0.0191667,800.021
62700,0.194576,-0.0249747,0.0208333,800.022
62723,0.295438,-0.0219477,0.0191667,800.901
62724,0.295438,-0.0219477,0.0208333,801.496
62747,0.141599,-0.0345154,0.0191667,800.221
62748,0.141599,-0.0345154,0.0208333,800.221
62771,0.137797,-0.0326644,0.0191667,800.215
62772,0.137797,-0.0326644,0.0208333,800.21
62795,0.287245,-0.0379404,0.0191667,801.313
62796,0.287245,-0.0379404,0.0208333,801.327
62819,0.149272,-0.038371,0.0191667,800.17
62820,0.149272,-0.038371,0.0208333,800.162
62843,0.118442,-0.0287298,0.0191667,800.165
62844,0.118442,-0.0287298,0.0208333,800.148
62867,0.234232,-0.0340658,0.0191667,800.169
62868,0.234232,-0.0340658,0.0208333,800.159
62891,0.115225,-0.021499,0.0191667,800.182
62892,0.115225,-0.021499,0.0208333,800.17
62915,0.241107,-0.025987,0.0191667,800.08
62916,0.241107,-0.025987,0.0208333,800.085
62939,0.250741,-0.0244903,0.0191667,800.11
62940,0.250741,-0.0244903,0.0208333,800.109
62963,0.1512,-0.0332981,0.0191667,800.228
62964,0.1512,-0.0332981,0.0208333,800.222
62987,0.174208,-0.0254686,0.0191667,800.061
62988,0.174208,-0.0254686,0.0208333,800.062
63011,0.102534,-0.0340232,0.0191667,801.229
63012,0.102534,-0.0340232,0.0208333,801.222
63035,0.264913,-0.022181,0.0191667,800.956
63036,0.264913,-0.022181,0.0208333,800.991
63059,0.257602,-0.0233834,0.0191667,800.315
63060,0.257602,-0.0233834,0.0208333,800.313
63083,0.268572,-0.0391872,0.0191667,802.569
63084,0.268572,-0.0391872,0.0208333,802.695
63107,0.272616,-0.0208533,0.0191667,801.472
63108,0.272616,-0.0208533,0.0208333,801.347
63131,0.198563,-0.0245828,0.0191667,800.021
63132,0.198563,-0.0245828,0.0208333,800.023
63155,0.1204,-0.0265121,0.0191667,800.156
63156,0.1204,-0.0265121,0.0208333,800.128
63179,0.130808,-0.024254,0.0191667,800.182
63180,0.130808,-0.024254,0.0208333,800.171
63203,0.129472,-0.0227892,0.0191667,800.18
63204,0.129472,-0.0227892,0.0208333,800.17
63227,0.287209,-0.0371108,0.0191667,801.908
63228,0.287209,-0.0371108,0.0208333,801.875
63251,0.263331,-0.0143484,0.0191667,800.072
63252,0.263331,-0.0143484,0.0208333,800.07
63275,0.2978,-0.0348154,0.0191667,800.92
63276,0.2978,-0.0348154,0.0208333,801.069
63299,0.197455,-0.0227496,0.0191667,800.01
63300,0.197455,-0.0227496,0.0208333,800.01
63323,0.102581,-0.0197237,0.0191667,800.85
63324,0.102581,-0.0197237,0.0208333,800.848
63347,0.288671,0.00718257,0.0191667,800.861
63348,0.288671,0.00718257,0.0208333,800.83
63371,0.152761,-0.0379104,0.0191667,800.206
63372,0.152761,-0.0379104,0.0208333,800.2
63395,0.232488,-0.0244978,0.0191667,800.047
63396,0.232488,-0.0244978,0.0208333,800.043
63419,0.165297,-0.0241172,0.0191667,800.09
63420,0.165297,-0.0241172,0.0208333,800.086
63443,0.189381,-0.0239703,0.0191667,800.02
63444,0.189381,-0.0239703,0.0208333,800.022
63467,0.223207,-0.0238757,0.0191667,800.022
63468,0.223207,-0.0238757,0.0208333,800.026
63491,0.123246,-0.0275376,0.0191667,800.142
63492,0.123246,-0.0275376,0.0208333,800.12
63515,0.155837,-0.0235031,0.0191667,800.171
63516,0.155837,-0.0235031,0.0208333,800.171
63539,0.113164,-0.027239,0.0191667,800.188
63540,0.113164,-0.027239,0.0208333,800.189
63563,0.107544,-0.0363571,0.0191667,800.741
63564,0.107544,-0.0363571,0.0208333,800.732
63587,0.172228,-0.034914,0.0191667,800.178
63588,0.172228,-0.034914,0.0208333,800.177
63611,0.254065,0.0293289,0.0191667,800.0
63612,0.254065,0.0293289,0.0208333,799.996
63635,0.19687,-0.0184217,0.0191667,800.002
63636,0.19687,-0.0184217,0.0208333,800.004
63659,0.113219,-0.0333273,0.0191667,800.22
63660,0.113219,-0.0333273,0.0208333,800.203
63683,0.299169,-0.0285229,0.0191667,800.829
63684,0.299169,-0.0285229,0.0208333,800.818
63707,0.176777,-0.0382464,0.0191667,800.18
63708,0.176777,-0.0382464,0.0208333,800.177
63731,0.134271,-0.0383734,0.0191667,800.344
63732,0.134271,-0.0383734,0.0208333,800.336
63755,0.12754,-0.0281966,0.0191667,800.155
63756,0.12754,-0.0281966,0.0208333,800.137
63779,0.150566,-0.0244688,0.0191667,800.181
63780,0.150566,-0.0244688,0.0208333,800.18
63803,0.218036,-0.024814,0.0191667,800.029
63804,0.218036,-0.024814,0.0208333,800.034
63827,0.217224,-0.0372159,0.0191667,800.29
63828,0.217224,-0.0372159,0.0208333,800.287
63851,0.206758,-0.0379856,0.0191667,800.371
63852,0.206758,-0.0379856,0.0208333,800.374
63875,0.179412,0.0386837,0.0191667,799.999
63876,0.179412,0.0386837,0.0208333,800.001
63899,0.295375,-0.0312151,0.0191667,801.238
63900,0.295375,-0.0312151,0.0208333,802.141
63923,0.258601,-0.031005,0.0191667,801.428
63924,0.258601,-0.031005,0.0208333,801.689
63947,0.298743,0.00630218,0.0191667,800.781
63948,0.298743,0.00630218,0.0208333,800.791
63971,0.198879,-0.0363335,0.0191667,800.158
63972,0.198879,-0.0363335,0.0208333,800.154
63995,0.289121,-0.0241985,0.0191667,801.024
63996,0.289121,-0.0241985,0.0208333,802.719
64019,0.281088,0.0285943,0.0191667,800.004
64020,0.281088,0.0285943,0.0208333,800.001
64043,0.176087,-0.0392076,0.0191667,800.808
64044,0.176087,-0.0392076,0.0208333,800.807
64067,0.200746,-0.0396744,0.0191667,802.134
64068,0.200746,-0.0396744,0.0208333,802.12
64091,0.298856,-0.0317462,0.0191667,800.833
64092,0.298856,-0.0317462,0.0208333,800.875
64115,0.231351,-0.0329598,0.0191667,800.134
64116,0.231351,-0.0329598,0.0208333,800.132
64139,0.287437,-0.0205545,0.0191667,801.118
64140,0.287437,-0.0205545,0.0208333,801.767
64163,0.149848,0.0291779,0.0191667,800.003
64164,0.149848,0.0291779,0.0208333,800.003
64187,0.267254,-0.0164101,0.0191667,800.34
64188,0.267254,-0.0164101,0.0208333,800.351
64211,0.114102,-0.0170677,0.0191667,800.211
64212,0.114102,-0.0170677,0.0208333,800.206
64235,0.129969,-0.0204426,0.0191667,800.22
64236,0.129969,-0.0204426,0.0208333,800.213
64259,0.198426,-0.0205117,0.0191667,800.005
64260,0.198426,-0.0205117,0.0208333,800.004
64283,0.167194,-0.0384676,0.0191667,800.031
64284,0.167194,-0.0384676,0.0208333,800.023
64307,0.296852,-0.0383302,0.0191667,801.054
64308,0.296852,-0.0383302,0.0208333,801.106
64331,0.217311,-0.0379625,0.0191667,800.51
64332,0.217311,-0.0379625,0.0208333,800.51
64355,0.212687,-0.0396773,0.0191667,802.795
64356,0.212687,-0.0396773,0.0208333,802.791
64379,0.250315,0.0324187,0.0191667,800.0
64380,0.250315,0.0324187,0.0208333,799.999
64403,0.152634,0.0367742,0.0191667,800.002
64404,0.152634,0.0367742,0.0208333,800.003
64427,0.203201,-0.0259113,0.0191667,800.03
64428,0.203201,-0.0259113,0.0208333,800.03
64451,0.135452,-0.0255851,0.0191667,800.194
64452,0.135452,-0.0255851,0.0208333,800.189
64475,0.249744,-0.0177879,0.0191667,800.039
64476,0.249744,-0.0177879,0.0208333,800.039
64499,0.188804,-0.0197708,0.0191667,800.006
64500,0.188804,-0.0197708,0.0208333,800.006
64523,0.239381,-0.0252301,0.0191667,800.074
64524,0.239381,-0.0252301,0.0208333,800.075
64547,0.265182,-0.0311009,0.0191667,801.26
64548,0.265182,-0.0311009,0.0208333,801.853
64571,0.122684,-0.0241854,0.0191667,800.153
64572,0.122684,-0.0241854,0.0208333,800.133
64595,0.181325,-0.0380929,0.0191667,800.155
64596,0.181325,-0.0380929,0.0208333,800.153
64619,0.156461,-0.0193458,0.0191667,800.073
64620,0.156461,-0.0193458,0.0208333,800.071
64643,0.223784,-0.0197369,0.0191667,800.007
64644,0.223784,-0.0197369,0.0208333,800.006
64667,0.112307,-0.0239275,0.0191667,800.191
64668,0.112307,-0.0239275,0.0208333,800.187
64691,0.172397,-0.0248254,0.0191667,800.062
64692,0.172397,-0.0248254,0.0208333,800.06
64715,0.233483,-0.0206492,0.0191667,800.017
64716,0.233483,-0.0206492,0.0208333,800.02
64739,0.166338,-0.0199175,0.0191667,800.029
64740,0.166338,-0.0199175,0.0208333,800.029
64763,0.208049,-0.0370042,0.0191667,800.212
64764,0.208049,-0.0370042,0.0208333,800.213
64787,0.122755,-0.0370336,0.0191667,800.272
64788,0.122755,-0.0370336,0.0208333,800.27
64811,0.27986,-0.0396972,0.0191667,802.609
64812,0.27986,-0.0396972,0.0208333,803.012
64835,0.165818,-0.0370278,0.0191667,800.168
64836,0.165818,-0.0370278,0.0208333,800.167
64859,0.170821,0.0281087,0.0191667,800.001
64860,0.170821,0.0281087,0.0208333,799.997
64883,0.285635,-0.0240315,0.0191667,801.088
64884,0.285635,-0.0240315,0.0208333,802.049
64907,0.295117,-0.0333748,0.0191667,801.21
64908,0.295117,-0.0333748,0.0208333,801.807
64931,0.271825,-0.0392253,0.0191667,802.471
64932,0.271825,-0.0392253,0.0208333,802.612
64955,0.193152,-0.0379065,0.0191667,800.323
64956,0.193152,-0.0379065,0.0208333,800.324
64979,0.144832,-0.0323611,0.0191667,800.218
64980,0.144832,-0.0323611,0.0208333,800.215
65003,0.243198,-0.0391929,0.0191667,809.179
65004,0.243198,-0.0391929,0.0208333,809.398
65027,0.294908,-0.00867427,0.0191667,800.886
65028,0.294908,-0.00867427,0.0208333,801.079
65051,0.190694,-0.0377358,0.0191667,800.162
65052,0.190694,-0.0377358,0.0208333,800.158
65075,0.103414,0.0334157,0.0191667,800.004
65076,0.103414,0.0334157,0.0208333,800.005
65099,0.203731,-0.0396819,0.0191667,802.293
65100,0.203731,-0.0396819,0.0208333,802.28
65123,0.241787,-0.010634,0.0191667,800.003
65124,0.241787,-0.010634,0.0208333,800.002
65147,0.175489,-0.0379706,0.0191667,800.137
65148,0.175489,-0.0379706,0.0208333,800.135
65171,0.175914,-0.0373484,0.0191667,800.163
65172,0.175914,-0.0373484,0.0208333,800.159
65195,0.118768,-0.037873,0.0191667,800.569
65196,0.118768,-0.037873,0.0208333,800.56
65219,0.105238,-0.0396478,0.0191667,802.655
65220,0.105238,-0.0396478,0.0208333,802.654
65243,0.226125,-0.0371448,0.0191667,800.383
65244,0.226125,-0.0371448,0.0208333,800.388
65267,0.295216,0.000560894,0.0191667,801.107
65268,0.295216,0.000560894,0.0208333,801.252
65291,0.239702,-0.0341353,0.0191667,800.256
65292,0.239702,-0.0341353,0.0208333,800.258
65315,0.284975,-0.0358826,0.0191667,802.757
65316,0.284975,-0.0358826,0.0208333,802.874
65339,0.286454,-0.0366931,0.0191667,802.151
65340,0.286454,-0.0366931,0.0208333,802.285
65363,0.299249,-0.0383814,0.0191667,801.038
65364,0.299249,-0.0383814,0.0208333,801.102
65387,0.290167,0.0104031,0.0191667,801.08
65388,0.290167,0.0104031,0.0208333,801.051
65411,0.292549,-0.0384159,0.0191667,801.134
65412,0.292549,-0.0384159,0.0208333,801.221
65435,0.256429,-0.0318564,0.0191667,801.512
65436,0.256429,-0.0318564,0.0208333,801.76
65459,0.147064,-0.036946,0.0191667,800.214
65460,0.147064,-0.036946,0.0208333,800.208
65483,0.206215,-0.0329223,0.0191667,800.119
65484,0.206215,-0.0329223,0.0208333,800.117
65507,0.120385,-0.0350588,0.0191667,800.218
65508,0.120385,-0.0350588,0.0208333,800.211
65531,0.220876,-0.0351148,0.0191667,800.149
65532,0.220876,-0.0351148,0.0208333,800.141
65555,0.141951,-0.0335084,0.0191667,800.218
65556,0.141951,-0.0335084,0.0208333,800.214
65579,0.192544,-0.0176776,0.0191667,800.002
65580,0.192544,-0.0176776,0.0208333,800.003
65603,0.10274,-0.0151176,0.0191667,800.805
65604,0.10274,-0.0151176,0.0208333,800.807
65627,0.207405,0.0292177,0.0191667,799.999
65628,0.207405,0.0292177,0.0208333,799.999
65651,0.291832,-0.0380558,0.0191667,801.176
65652,0.291832,-0.0380558,0.0208333,801.274
65675,0.291928,-0.0373018,0.0191667,801.241
65676,0.291928,-0.0373018,0.0208333,801.477
65699,0.258411,-0.0369664,0.0191667,801.957
65700,0.258411,-0.0369664,0.0208333,802.698
65723,0.263733,-0.00885143,0.0191667,800.042
65724,0.263733,-0.00885143,0.0208333,800.043
65747,0.222854,-0.0333696,0.0191667,800.126
65748,0.222854,-0.0333696,0.0208333,800.124
65771,0.262849,-0.0319389,0.0191667,801.383
65772,0.262849,-0.0319389,0.0208333,802.135
65795,0.185885,-0.0396456,0.0191667,801.891
65796,0.185885,-0.0396456,0.0208333,801.889
65819,0.155047,-0.0342337,0.0191667,800.228
65820,0.155047,-0.0342337,0.0208333,800.223
65843,0.227779,-0.0187243,0.0191667,800.008
65844,0.227779,-0.0187243,0.0208333,800.006
65867,0.160425,-0.0183895,0.0191667,800.037
65868,0.160425,-0.0183895,0.0208333,800.037
65891,0.299898,0.0257195,0.0191667,800.809
65892,0.299898,0.0257195,0.0208333,800.804
65915,0.105641,-0.0152081,0.0191667,800.258
65916,0.105641,-0.0152081,0.0208333,800.252
65939,0.197017,-0.0316781,0.0191667,800.105
65940,0.197017,-0.0316781,0.0208333,800.102
65963,0.145346,-0.0311692,0.0191667,800.217
65964,0.145346,-0.0311692,0.0208333,800.215
65987,0.180682,-0.0247088,0.0191667,800.035
65988,0.180682,-0.0247088,0.0208333,800.034
66011,0.0991461,-0.00301109,0.0191667,800.001
66012,0.0991461,-0.00301109,0.0208333,800.0
66035,0.140634,-0.034562,0.0191667,800.221
66036,0.140634,-0.034562,0.0208333,800.219
66059,0.230551,-0.0238753,0.0191667,800.046
66060,0.230551,-0.0238753,0.0208333,800.038
66083,0.163321,-0.0234846,0.0191667,800.089
66084,0.163321,-0.0234846,0.0208333,800.088
66107,0.180508,-0.0361336,0.0191667,800.184
66108,0.180508,-0.0361336,0.0208333,800.183
66131,0.284278,-0.0353843,0.0191667,803.024
66132,0.284278,-0.0353843,0.0208333,803.509
66155,0.196989,-0.0384571,0.0191667,800.403
66156,0.196989,-0.0384571,0.0208333,800.408
66179,0.190717,-0.0112591,0.0191667,799.999
66180,0.190717,-0.0112591,0.0208333,800.001
66203,0.242301,-0.0338276,0.0191667,800.333
66204,0.242301,-0.0338276,0.0208333,800.335
66227,0.298528,-0.00264665,0.0191667,800.943
66228,0.298528,-0.00264665,0.0208333,801.13
66251,0.263726,-0.0308332,0.0191667,801.284
66252,0.263726,-0.0308332,0.0208333,801.694
66275,0.212321,-0.0375998,0.0191667,800.289
66276,0.212321,-0.0375998,0.0208333,800.292
66299,0.00305085,1.73289e-05,0.0191667,799.998
66300,0.00305085,1.73289e-05,0.0208333,799.998
66323,0.396945,0.0300441,0.0191667,800.655
66324,0.396945,0.0300441,0.0208333,800.638
66347,0.221409,-0.0342847,0.0191667,800.136
66348,0.221409,-0.0342847,0.0208333,800.131
66371,0.174111,-0.0101318,0.0191667,799.999
66372,0.174111,-0.0101318,0.0208333,800.0
66395,0.21197,-0.0386821,0.0191667,800.764
66396,0.21197,-0.0386821,0.0208333,800.751
66419,0.186631,-0.0393526,0.0191667,801.315
66420,0.186631,-0.0393526,0.0208333,801.311
66443,0.298421,-0.037004,0.0191667,801.013
66444,0.298421,-0.037004,0.0208333,801.092
66467,0.235845,-0.0237046,0.0191667,800.046
66468,0.235845,-0.0237046,0.0208333,800.045
66491,0.28561,-0.0354112,0.0191667,802.806
66492,0.28561,-0.0354112,0.0208333,803.334
66515,0.178337,-0.0396422,0.0191667,801.669
66516,0.178337,-0.0396422,0.0208333,801.666
66539,0.214029,-0.0366718,0.0191667,800.225
66540,0.214029,-0.0366718,0.0208333,800.221
66563,0.168801,-0.0232023,0.0191667,800.052
66564,0.168801,-0.0232023,0.0208333,800.051
66587,0.263548,-0.0379867,0.0191667,802.278
66588,0.263548,-0.0379867,0.0208333,802.508
66611,0.282758,-0.00121025,0.0191667,800.606
66612,0.282758,-0.00121025,0.0208333,800.591
66635,0.129831,0.0294798,0.0191667,800.0
66636,0.129831,0.0294798,0.0208333,799.999
66659,0.297994,-0.0338731,0.0191667,800.87
66660,0.297994,-0.0338731,0.0208333,801.039
66683,0.166695,-0.0379428,0.0191667,800.223
66684,0.166695,-0.0379428,0.0208333,800.22
66707,0.187314,-0.039707,0.0191667,802.398
66708,0.187314,-0.039707,0.0208333,802.397
66731,0.101229,-0.0322837,0.0191667,801.489
66732,0.101229,-0.0322837,0.0208333,801.48
66755,0.29735,0.008641,0.0191667,800.762
66756,0.29735,0.008641,0.0208333,800.78
66779,0.108133,-0.0369838,0.0191667,800.778
66780,0.108133,-0.0369838,0.0208333,800.773
66803,0.262651,-0.0338768,0.0191667,801.599
66804,0.262651,-0.0338768,0.0208333,802.927
66827,0.226446,0.0387436,0.0191667,800.001
66828,0.226446,0.0387436,0.0208333,799.999
66851,0.108332,-0.0290549,0.0191667,800.218
66852,0.108332,-0.0290549,0.0208333,800.207
66875,0.10851,-0.0255011,0.0191667,800.207
66876,0.10851,-0.0255011,0.0208333,800.2
66899,0.144343,-0.0302708,0.0191667,800.218
66900,0.144343,-0.0302708,0.0208333,800.213
66923,0.212958,-0.0313747,0.0191667,800.098
66924,0.212958,-0.0313747,0.0208333,800.096
66947,0.274696,-0.0384551,0.0191667,802.287
66948,0.274696,-0.0384551,0.0208333,802.181
66971,0.211309,-0.0323858,0.0191667,800.112
66972,0.211309,-0.0323858,0.0208333,800.113
66995,0.163433,-0.0397044,0.0191667,802.309
66996,0.163433,-0.0397044,0.0208333,802.314
67019,0.288911,0.0134704,0.0191667,800.551
67020,0.288911,0.0134704,0.0208333,800.537
67043,0.135883,-0.0386017,0.0191667,800.339
67044,0.135883,-0.0386017,0.0208333,800.34
67067,0.298374,-0.0391631,0.0191667,801.355
67068,0.298374,-0.0391631,0.0208333,801.613
67091,0.270812,-0.0329713,0.0191667,801.468
67092,0.270812,-0.0329713,0.0208333,803.487
67115,0.230987,-0.0159185,0.0191667,800.007
67116,0.230987,-0.0159185,0.0208333,800.004
67139,0.217809,0.0284457,0.0191667,800.0
67140,0.217809,0.0284457,0.0208333,799.999
67163,0.263332,-0.0330457,0.0191667,801.425
67164,0.263332,-0.0330457,0.0208333,802.586
67187,0.105624,-0.0374122,0.0191667,801.282
67188,0.105624,-0.0374122,0.0208333,801.276
67211,0.191364,-0.0236017,0.0191667,800.016
67212,0.191364,-0.0236017,0.0208333,800.016
67235,0.274811,-0.0320818,0.0191667,801.429
67236,0.274811,-0.0320818,0.0208333,803.762
67259,0.267385,-0.0341012,0.0191667,801.788
67260,0.267385,-0.0341012,0.0208333,803.794
67283,0.18595,-0.0226598,0.0191667,800.018
67284,0.18595,-0.0226598,0.0208333,800.015
67307,0.102226,-0.0236639,0.0191667,800.865
67308,0.102226,-0.0236639,0.0208333,800.864
67331,0.23258,-0.0343603,0.0191667,800.173
67332,0.23258,-0.0343603,0.0208333,800.155
67355,0.285027,-0.0366854,0.0191667,802.313
67356,0.285027,-0.0366854,0.0208333,802.351
67379,0.283371,-0.0207085,0.0191667,801.412
67380,0.283371,-0.0207085,0.0208333,801.515
67403,0.155549,-0.0333107,0.0191667,800.229
67404,0.155549,-0.0333107,0.0208333,800.222
67427,0.197853,-0.0342633,0.0191667,800.145
67428,0.197853,-0.0342633,0.0208333,800.143
67451,0.196371,-0.0379761,0.0191667,800.306
67452,0.196371,-0.0379761,0.0208333,800.305
67475,0.128248,-0.0391926,0.0191667,801.027
67476,0.128248,-0.0391926,0.0208333,801.022
67499,0.299153,-0.025937,0.0191667,800.857
67500,0.299153,-0.025937,0.0208333,800.902
67523,0.273678,-0.0302687,0.0191667,801.207
67524,0.273678,-0.0302687,0.0208333,802.027
67547,0.247734,-0.0384463,0.0191667,802.755
67548,0.247734,-0.0384463,0.0208333,802.865
67571,0.201327,-0.0261545,0.0191667,800.034
67572,0.201327,-0.0261545,0.0208333,800.035
67595,0.133564,-0.0258097,0.0191667,800.176
67596,0.133564,-0.0258097,0.0208333,800.164
67619,0.103062,-0.0353282,0.0191667,801.277
67620,0.103062,-0.0353282,0.0208333,801.272
67643,0.226612,-0.0226912,0.0191667,800.019
67644,0.226612,-0.0226912,0.0208333,800.023
67667,0.159307,-0.0222916,0.0191667,800.105
67668,0.159307,-0.0222916,0.0208333,800.103
67691,0.196356,-0.0333554,0.0191667,800.119
67692,0.196356,-0.0333554,0.0208333,800.125
67715,0.143549,-0.0323664,0.0191667,800.216
67716,0.143549,-0.0323664,0.0208333,800.212
67739,0.275736,-0.0335995,0.0191667,802.668
67740,0.275736,-0.0335995,0.0208333,804.93
67763,0.115446,-0.0372522,0.0191667,800.412
67764,0.115446,-0.0372522,0.0208333,800.41
67787,0.199059,-0.0328573,0.0191667,800.123
67788,0.199059,-0.0328573,0.0208333,800.114
67811,0.152212,-0.0337602,0.0191667,800.231
67812,0.152212,-0.0337602,0.0208333,800.227
67835,0.229704,-0.0392107,0.0191667,802.639
67836,0.229704,-0.0392107,0.0208333,802.636
67859,0.296997,-0.0349638,0.0191667,800.925
67860,0.296997,-0.0349638,0.0208333,801.183
67883,0.270611,0.0287144,0.0191667,799.999
67884,0.270611,0.0287144,0.0208333,800.001
67907,0.127545,-0.0234321,0.0191667,800.158
67908,0.127545,-0.0234321,0.0208333,800.142
67931,0.245591,-0.0396917,0.0191667,814.267
67932,0.245591,-0.0396917,0.0208333,815.771
67955,0.103732,-0.00412013,0.0191667,799.986
67956,0.103732,-0.00412013,0.0208333,799.986
67979,0.271619,-0.032079,0.0191667,801.315
67980,0.271619,-0.032079,0.0208333,803.324
68003,0.144118,0.0388652,0.0191667,800.004
68004,0.144118,0.0388652,0.0208333,800.005
68027,0.106349,0.0369645,0.0191667,800.006
68028,0.106349,0.0369645,0.0208333,800.003
68051,0.183731,-0.0252413,0.0191667,800.035
68052,0.183731,-0.0252413,0.0208333,800.034
68075,0.183127,-0.0164536,0.0191667,800.002
68076,0.183127,-0.0164536,0.0208333,800.005
68099,0.125918,-0.0285206,0.0191667,800.149
68100,0.125918,-0.0285206,0.0208333,800.129
68123,0.137495,-0.0306416,0.0191667,800.205
68124,0.137495,-0.0306416,0.0208333,800.196
68147,0.24746,-0.025108,0.0191667,800.102
68148,0.24746,-0.025108,0.0208333,800.101
68171,0.296717,0.026087,0.0191667,800.541
68172,0.296717,0.026087,0.0208333,800.533
68195,0.152617,-0.0248693,0.0191667,800.177
68196,0.152617,-0.0248693,0.0208333,800.177
68219,0.220048,-0.0252095,0.0191667,800.033
68220,0.220048,-0.0252095,0.0208333,800.034
68243,0.163875,-0.00982393,0.0191667,799.999
68244,0.163875,-0.00982393,0.0208333,799.998
68267,0.206007,0.0339197,0.0191667,800.001
68268,0.206007,0.0339197,0.0208333,800.001
68291,0.283928,-0.0230462,0.0191667,801.174
68292,0.283928,-0.0230462,0.0208333,801.807
68315,0.208601,0.0320544,0.0191667,800.001
68316,0.208601,0.0320544,0.0208333,800.0
68339,0.284734,-0.00918161,0.0191667,801.604
68340,0.284734,-0.00918161,0.0208333,801.499
68363,0.107189,0.00132057,0.0191667,800.001
68364,0.107189,0.00132057,0.0208333,800.001
68387,0.192667,-0.0392155,0.0191667,801.078
68388,0.192667,-0.0392155,0.0208333,801.073
68411,0.266426,-0.0327743,0.0191667,801.345
68412,0.266426,-0.0327743,0.0208333,802.643
68435,0.146236,-0.036685,0.0191667,800.221
68436,0.146236,-0.036685,0.0208333,800.212
68459,0.154074,-0.034179,0.0191667,800.23
68460,0.154074,-0.034179,0.0208333,800.224
68483,0.292691,-0.0243344,0.0191667,801.066
68484,0.292691,-0.0243344,0.0208333,802.175
68507,0.105401,-0.0381706,0.0191667,801.607
68508,0.105401,-0.0381706,0.0208333,801.599
68531,0.118707,-0.0186348,0.0191667,800.195
68532,0.118707,-0.0186348,0.0208333,800.185
68555,0.284154,-0.0270576,0.0191667,801.134
68556,0.284154,-0.0270576,0.0208333,802.766
68579,0.236547,-0.0370636,0.0191667,800.988
68580,0.236547,-0.0370636,0.0208333,800.989
68603,0.106374,0.0338195,0.0191667,800.003
68604,0.106374,0.0338195,0.0208333,800.001
68627,0.195357,-0.0229514,0.0191667,800.013
68628,0.195357,-0.0229514,0.0208333,800.013
68651,0.121693,-0.0342869,0.0191667,800.206
68652,0.121693,-0.0342869,0.0208333,800.199
68675,0.236721,-0.0330575,0.0191667,800.157
68676,0.236721,-0.0330575,0.0208333,800.147
68699,0.264191,-0.0384876,0.0191667,802.208
68700,0.264191,-0.0384876,0.0208333,802.435
68723,0.255572,0.0320577,0.0191667,800.005
68724,0.255572,0.0320577,0.0208333,800.001
68747,0.284272,-0.00393234,0.0191667,801.329
68748,0.284272,-0.00393234,0.0208333,801.269
68771,0.190171,-0.0371917,0.0191667,800.16
68772,0.190171,-0.0371917,0.0208333,800.158
68795,0.192239,-0.0155993,0.0191667,800.0
68796,0.192239,-0.0155993,0.0208333,800.003
68819,0.261824,0.0388618,0.0191667,799.999
68820,0.261824,0.0388618,0.0208333,800.0
68843,0.188776,-0.0369458,0.0191667,800.174
68844,0.188776,-0.0369458,0.0208333,800.175
68867,0.230293,-0.0325283,0.0191667,800.135
68868,0.230293,-0.0325283,0.0208333,800.134
68891,0.127131,-0.0252031,0.0191667,800.152
68892,0.127131,-0.0252031,0.0208333,800.133
68915,0.109705,-0.0180703,0.0191667,800.193
68916,0.109705,-0.0180703,0.0208333,800.186
68939,0.253238,0.0340461,0.0191667,800.004
68940,0.253238,0.0340461,0.0208333,799.999
68963,0.261538,-0.0338228,0.0191667,801.547
68964,0.261538,-0.0338228,0.0208333,802.827
68987,0.297195,-0.0363979,0.0191667,801.047
68988,0.297195,-0.0363979,0.0208333,801.157
69011,0.297971,-0.0363013,0.0191667,800.992
69012,0.297971,-0.0363013,0.0208333,801.094
69035,0.200634,0.0370711,0.0191667,800.001
69036,0.200634,0.0370711,0.0208333,800.0
69059,0.268022,-0.0333572,0.0191667,801.485
69060,0.268022,-0.0333572,0.0208333,803.543
69083,0.298485,-0.0384034,0.0191667,800.983
69084,0.298485,-0.0384034,0.0208333,801.015
69107,0.274812,-0.0292847,0.0191667,801.213
69108,0.274812,-0.0292847,0.0208333,802.041
69131,0.218715,-0.0332923,0.0191667,800.118
69132,0.218715,-0.0332923,0.0208333,800.125
69155,0.128988,0.0340166,0.0191667,800.002
69156,0.128988,0.0340166,0.0208333,800.002
69179,0.277911,-0.0311269,0.0191667,801.518
69180,0.277911,-0.0311269,0.0208333,803.908
69203,0.121518,-0.0224685,0.0191667,800.161
69204,0.121518,-0.0224685,0.0208333,800.144
69227,0.136172,-0.0321,0.0191667,800.21
69228,0.136172,-0.0321,0.0208333,800.203
69251,0.254136,-0.0240657,0.0191667,800.165
69252,0.254136,-0.0240657,0.0208333,800.161
69275,0.291471,-0.0210017,0.0191667,800.923
69276,0.291471,-0.0210017,0.0208333,802.368
69299,0.244197,-0.0257526,0.0191667,800.094
69300,0.244197,-0.0257526,0.0208333,800.093
69323,0.261251,-0.0229429,0.0191667,800.674
69324,0.261251,-0.0229429,0.0208333,800.693
69347,0.269715,-0.0327308,0.0191667,801.352
69348,0.269715,-0.0327308,0.0208333,803.399
69371,0.268603,-0.0214933,0.0191667,801.223
69372,0.268603,-0.0214933,0.0208333,801.211
69395,0.266433,-0.0338435,0.0191667,801.62
69396,0.266433,-0.0338435,0.0208333,803.625
69419,0.298906,-0.00686541,0.0191667,800.794
69420,0.298906,-0.00686541,0.0208333,800.85
69443,0.276502,-0.0328637,0.0191667,802.344
69444,0.276502,-0.0328637,0.0208333,804.957
69467,0.114992,-0.0384154,0.0191667,800.824
69468,0.114992,-0.0384154,0.0208333,800.804
69491,0.252165,-0.03831,0.0191667,801.962
69492,0.252165,-0.03831,0.0208333,802.222
69515,0.184708,-0.0283094,0.0191667,800.071
69516,0.184708,-0.0283094,0.0208333,800.068
69539,0.259012,-0.0381209,0.0191667,802.156
69540,0.259012,-0.0381209,0.0208333,802.526
69563,0.200427,-0.0244775,0.0191667,800.018
69564,0.200427,-0.0244775,0.0208333,800.02
69587,0.180648,-0.0266327,0.0191667,800.07
69588,0.180648,-0.0266327,0.0208333,800.066
69611,0.274123,-0.0380494,0.0191667,802.247
69612,0.274123,-0.0380494,0.0208333,802.097
69635,0.242504,-0.0230013,0.0191667,800.057
69636,0.242504,-0.0230013,0.0208333,800.057
69659,0.132659,-0.0241033,0.0191667,800.179
69660,0.132659,-0.0241033,0.0208333,800.17
69683,0.114433,-0.0379313,0.0191667,800.699
69684,0.114433,-0.0379313,0.0208333,800.689
69707,0.274762,-0.0332381,0.0191667,802.272
69708,0.274762,-0.0332381,0.0208333,804.77
69731,0.196853,-0.0343194,0.0191667,800.143
69732,0.196853,-0.0343194,0.0208333,800.146
69755,0.251911,-0.0169789,0.0191667,800.045
69756,0.251911,-0.0169789,0.0208333,800.044
69779,0.18939,-0.0373837,0.0191667,800.163
69780,0.18939,-0.0373837,0.0208333,800.161
69803,0.138897,-0.0326548,0.0191667,800.213
69804,0.138897,-0.0326548,0.0208333,800.209
69827,0.212464,-0.0325178,0.0191667,800.11
69828,0.212464,-0.0325178,0.0208333,800.112
69851,0.130926,-0.036912,0.0191667,800.23
69852,0.130926,-0.036912,0.0208333,800.22
69875,0.298902,-0.0233217,0.0191667,800.829
69876,0.298902,-0.0233217,0.0208333,800.977
69899,0.297685,-0.0183649,0.0191667,800.583
69900,0.297685,-0.0183649,0.0208333,800.729
69923,0.397253,0.034782,0.0191667,800.232
69924,0.397253,0.034782,0.0208333,800.226
69947,0.00274431,0.00476778,0.0191667,800.0
69948,0.00274431,0.00476778,0.0208333,800.0
69971,0.00283115,-0.00475191,0.0191667,800.0
69972,0.00283115,-0.00475191,0.0208333,800.0
69995,0.397164,0.025271,0.0191667,800.931
69996,0.397164,0.025271,0.0208333,800.913
70019,0.235931,-0.0337751,0.0191667,800.178
70020,0.235931,-0.0337751,0.0208333,800.166
70043,0.124862,-0.0271668,0.0191667,800.149
70044,0.124862,-0.0271668,0.0208333,800.13
70067,0.153858,-0.0232257,0.0191667,800.165
70068,0.153858,-0.0232257,0.0208333,800.165
70091,0.221267,-0.0235984,0.0191667,800.023
70092,0.221267,-0.0235984,0.0208333,800.025
70115,0.248933,-0.0238001,0.0191667,800.094
70116,0.248933,-0.0238001,0.0208333,800.098
70139,0.233294,-0.0336918,0.0191667,800.16
70140,0.233294,-0.0336918,0.0208333,800.156
70163,0.175699,-0.0192836,0.0191667,800.01
70164,0.175699,-0.0192836,0.0208333,800.009
70187,0.115783,-0.0281582,0.0191667,800.178
70188,0.115783,-0.0281582,0.0208333,800.164
70211,0.195278,-0.0330877,0.0191667,800.123
70212,0.195278,-0.0330877,0.0208333,800.119
70235,0.285738,-0.0261141,0.0191667,801.203
70236,0.285738,-0.0261141,0.0208333,802.836
70259,0.17978,-0.0356947,0.0191667,800.184
70260,0.17978,-0.0356947,0.0208333,800.183
70283,0.180552,-0.0385063,0.0191667,800.143
70284,0.180552,-0.0385063,0.0208333,800.141
70307,0.255694,-0.0226893,0.0191667,800.115
70308,0.255694,-0.0226893,0.0208333,800.112
70331,0.270338,-0.0198796,0.0191667,801.355
70332,0.270338,-0.0198796,0.0208333,801.305
70355,0.262904,-0.0214728,0.0191667,800.6
70356,0.262904,-0.0214728,0.0208333,800.598
70379,0.159435,-0.0367786,0.0191667,800.204
70380,0.159435,-0.0367786,0.0208333,800.199
70403,0.114691,-0.0268947,0.0191667,800.177
70404,0.114691,-0.0268947,0.0208333,800.164
70427,0.298666,-0.0297113,0.0191667,800.828
70428,0.298666,-0.0297113,0.0208333,800.821
70451,0.259494,-0.0303866,0.0191667,801.422
70452,0.259494,-0.0303866,0.0208333,801.703
70475,0.138713,-0.0385246,0.0191667,800.388
70476,0.138713,-0.0385246,0.0208333,800.385
70499,0.194635,-0.018916,0.0191667,800.003
70500,0.194635,-0.018916,0.0208333,800.003
70523,0.121681,-0.0352022,0.0191667,800.215
70524,0.121681,-0.0352022,0.0208333,800.217
70547,0.111091,-0.0201825,0.0191667,800.2
70548,0.111091,-0.0201825,0.0208333,800.194
70571,0.252269,-0.0232602,0.0191667,800.097
70572,0.252269,-0.0232602,0.0208333,800.097
70595,0.259255,-0.0220894,0.0191667,800.227
70596,0.259255,-0.0220894,0.0208333,800.22
70619,0.242487,-0.0250034,0.0191667,800.079
70620,0.242487,-0.0250034,0.0208333,800.084
70643,0.266497,-0.0205955,0.0191667,801.041
70644,0.266497,-0.0205955,0.0208333,801.074
70667,0.249906,-0.0319675,0.0191667,801.499
70668,0.249906,-0.0319675,0.0208333,801.518
70691,0.167903,-0.038124,0.0191667,800.149
70692,0.167903,-0.038124,0.0208333,800.142
70715,0.197393,-0.037358,0.0191667,800.193
70716,0.197393,-0.037358,0.0208333,800.191
70739,0.180023,-0.0211487,0.0191667,800.012
70740,0.180023,-0.0211487,0.0208333,800.011
70763,0.289626,-0.0195258,0.0191667,801.108
70764,0.289626,-0.0195258,0.0208333,801.961
70787,0.182319,-0.0239493,0.0191667,800.025
70788,0.182319,-0.0239493,0.0208333,800.024
70811,0.298717,-0.0107582,0.0191667,800.843
70812,0.298717,-0.0107582,0.0208333,800.84
70835,0.113616,-0.0196855,0.0191667,800.202
70836,0.113616,-0.0196855,0.0208333,800.186
70859,0.296537,-0.0342083,0.0191667,800.878
70860,0.296537,-0.0342083,0.0208333,801.122
70883,0.103991,-0.034154,0.0191667,800.788
70884,0.103991,-0.034154,0.0208333,800.781
70907,0.23499,-0.0334576,0.0191667,800.157
70908,0.23499,-0.0334576,0.0208333,800.149
70931,0.248486,-0.0216353,0.0191667,800.069
70932,0.248486,-0.0216353,0.0208333,800.071
70955,0.117284,-0.0276812,0.0191667,800.162
70956,0.117284,-0.0276812,0.0208333,800.143
70979,0.398739,0.0372313,0.0191667,800.08
70980,0.398739,0.0372313,0.0208333,800.076
71003,0.0012646,-0.0072277,0.0191667,799.999
71004,0.0012646,-0.0072277,0.0208333,799.999
71027,0.398732,0.0227775,0.0191667,800.973
71028,0.398732,0.0227775,0.0208333,800.959
71051,0.00126001,0.00722625,0.0191667,800.0
71052,0.00126001,0.00722625,0.0208333,800.0
71075,0.296718,-0.0274935,0.0191667,800.914
71076,0.296718,-0.0274935,0.0208333,801.34
71099,0.256525,-0.0306623,0.0191667,801.386
71100,0.256525,-0.0306623,0.0208333,801.52
71123,0.190392,-0.0383926,0.0191667,800.153
71124,0.190392,-0.0383926,0.0208333,800.151
71147,0.197798,-0.0368856,0.0191667,800.179
71148,0.197798,-0.0368856,0.0208333,800.185
71171,0.241324,-0.0336789,0.0191667,800.256
71172,0.241324,-0.0336789,0.0208333,800.259
71195,0.299026,0.00175535,0.0191667,800.886
71196,0.299026,0.00175535,0.0208333,800.95
71219,0.245642,-0.0245561,0.0191667,800.082
71220,0.245642,-0.0245561,0.0208333,800.09
71243,0.135737,-0.0329591,0.0191667,800.211
71244,0.135737,-0.0329591,0.0208333,800.205
71267,0.283213,-0.00641596,0.0191667,801.237
71268,0.283213,-0.00641596,0.0208333,801.182
71291,0.178266,-0.0382133,0.0191667,800.172
71292,0.178266,-0.0382133,0.0208333,800.17
71315,0.139329,-0.0336237,0.0191667,800.219
71316,0.139329,-0.0336237,0.0208333,800.213
71339,0.139337,-0.0380411,0.0191667,800.276
71340,0.139337,-0.0380411,0.0208333,800.271
71363,0.24066,-0.0344215,0.0191667,800.344
71364,0.24066,-0.0344215,0.0208333,800.359
71387,0.101818,-0.00180198,0.0191667,800.002
71388,0.101818,-0.00180198,0.0208333,800.002
71411,0.294598,0.0134561,0.0191667,801.208
71412,0.294598,0.0134561,0.0208333,801.179
71435,0.137207,-0.0318783,0.0191667,800.209
71436,0.137207,-0.0318783,0.0208333,800.202
71459,0.187311,-0.017974,0.0191667,800.002
71460,0.187311,-0.017974,0.0208333,800.005
71483,0.29353,0.005227,0.0191667,801.193
71484,0.29353,0.005227,0.0208333,801.266
71507,0.101566,-0.0393102,0.0191667,803.487
71508,0.101566,-0.0393102,0.0208333,803.482
71531,0.297295,0.0137234,0.0191667,800.793
71532,0.297295,0.0137234,0.0208333,800.816
71555,0.125443,-0.0256018,0.0191667,800.15
71556,0.125443,-0.0256018,0.0208333,800.129
71579,0.285872,-0.0327607,0.0191667,802.941
71580,0.285872,-0.0327607,0.0208333,804.736
71603,0.164157,-0.0195354,0.0191667,800.038
71604,0.164157,-0.0195354,0.0208333,800.036
71627,0.231489,-0.0202412,0.0191667,800.013
71628,0.231489,-0.0202412,0.0208333,800.017
71651,0.164169,-0.0325942,0.0191667,800.18
71652,0.164169,-0.0325942,0.0208333,800.18
71675,0.0993324,0.00292381,0.0191667,800.0
71676,0.0993324,0.00292381,0.0208333,799.999
71699,0.298876,-0.016908,0.0191667,800.549
71700,0.298876,-0.016908,0.0208333,800.521
71723,0.140265,-0.0337127,0.0191667,800.216
71724,0.140265,-0.0337127,0.0208333,800.21
71747,0.19206,-0.021555,0.0191667,800.01
71748,0.19206,-0.021555,0.0208333,800.009
71771,0.135517,-0.0313844,0.0191667,800.202
71772,0.135517,-0.0313844,0.0208333,800.194
71795,0.190914,-0.0194952,0.0191667,800.004
71796,0.190914,-0.0194952,0.0208333,800.005
71819,0.134657,-0.0330069,0.0191667,800.215
71820,0.134657,-0.0330069,0.0208333,800.206
71843,0.124458,-0.024079,0.0191667,800.151
71844,0.124458,-0.024079,0.0208333,800.131
71867,0.29777,0.00391418,0.0191667,800.828
71868,0.29777,0.00391418,0.0208333,800.86
71891,0.216462,-0.0370542,0.0191667,800.279
71892,0.216462,-0.0370542,0.0208333,800.271
71915,0.115585,-0.0380408,0.0191667,800.677
71916,0.115585,-0.0380408,0.0208333,800.668
71939,0.259042,-0.0374049,0.0191667,802.094
71940,0.259042,-0.0374049,0.0208333,802.631
71963,0.259688,-0.036982,0.0191667,802.054
71964,0.259688,-0.036982,0.0208333,802.807
71987,0.131264,0.0321637,0.0191667,800.003
71988,0.131264,0.0321637,0.0208333,800.001
72011,0.100688,-0.0385133,0.0191667,803.557
72012,0.100688,-0.0385133,0.0208333,803.552
72035,0.194093,-0.0212078,0.0191667,800.007
72036,0.194093,-0.0212078,0.0208333,800.008
72059,0.18872,-0.0310294,0.0191667,800.094
72060,0.18872,-0.0310294,0.0208333,800.098
72083,0.173547,-0.031863,0.0191667,800.16
72084,0.173547,-0.031863,0.0208333,800.157
72107,0.240874,-0.0221648,0.0191667,800.053
72108,0.240874,-0.0221648,0.0208333,800.047
72131,0.298322,-0.0273409,0.0191667,800.841
72132,0.298322,-0.0273409,0.0208333,800.805
72155,0.249921,-0.0202905,0.0191667,800.066
72156,0.249921,-0.0202905,0.0208333,800.065
72179,0.165095,-0.0320861,0.0191667,800.182
72180,0.165095,-0.0320861,0.0208333,800.182
72203,0.280707,-0.0229941,0.0191667,801.337
72204,0.280707,-0.0229941,0.0208333,801.546
72227,0.245581,-0.0384584,0.0191667,802.879
72228,0.245581,-0.0384584,0.0208333,802.902
72251,0.296922,-0.0370845,0.0191667,801.061
72252,0.296922,-0.0370845,0.0208333,801.163
72275,0.197606,-0.0380631,0.0191667,800.344
72276,0.197606,-0.0380631,0.0208333,800.34
72299,0.194401,-0.0371907,0.0191667,800.168
72300,0.194401,-0.0371907,0.0208333,800.167
72323,0.136551,-0.0382888,0.0191667,800.379
72324,0.136551,-0.0382888,0.0208333,800.374
72347,0.198554,-0.0370068,0.0191667,800.169
72348,0.198554,-0.0370068,0.0208333,800.173
72371,0.128568,-0.0351456,0.0191667,800.221
72372,0.128568,-0.0351456,0.0208333,800.209
72395,0.16701,-0.0372305,0.0191667,800.173
72396,0.16701,-0.0372305,0.0208333,800.17
72419,0.198089,-0.0332755,0.0191667,800.122
72420,0.198089,-0.0332755,0.0208333,800.122
72443,0.297554,-0.000444658,0.0191667,800.93
72444,0.297554,-0.000444658,0.0208333,801.127
72467,0.266263,-0.013931,0.0191667,800.19
72468,0.266263,-0.013931,0.0208333,800.189
72491,0.269307,-0.0317484,0.0191667,801.239
72492,0.269307,-0.0317484,0.0208333,802.247
72515,0.103882,-0.0332619,0.0191667,800.589
72516,0.103882,-0.0332619,0.0208333,800.586
72539,0.297434,-0.00480388,0.0191667,800.848
72540,0.297434,-0.00480388,0.0208333,801.036
72563,0.240722,-0.0328412,0.0191667,800.182
72564,0.240722,-0.0328412,0.0208333,800.17
72587,0.187281,-0.0288952,0.0191667,800.074
72588,0.187281,-0.0288952,0.0208333,800.069
72611,0.23913,-0.02341,0.0191667,800.052
72612,0.23913,-0.02341,0.0208333,800.053
72635,0.165262,-0.0310823,0.0191667,800.18
72636,0.165262,-0.0310823,0.0208333,800.179
72659,0.176079,-0.0385162,0.0191667,800.186
72660,0.176079,-0.0385162,0.0208333,800.183
72683,0.2126,-0.0382971,0.0191667,800.619
72684,0.2126,-0.0382971,0.0208333,800.624
72707,0.237336,-0.0370226,0.0191667,801.104
72708,0.237336,-0.0370226,0.0208333,801.104
72731,0.104336,0.00513022,0.0191667,799.999
72732,0.104336,0.00513022,0.0208333,800.0
72755,0.257764,-0.0290055,0.0191667,801.366
72756,0.257764,-0.0290055,0.0208333,801.433
72779,0.237363,-0.0225389,0.0191667,800.05
72780,0.237363,-0.0225389,0.0208333,800.043
72803,0.103246,-0.034548,0.0191667,801.043
72804,0.103246,-0.034548,0.0208333,801.038
72827,0.298054,-0.0246738,0.0191667,800.827
72828,0.298054,-0.0246738,0.0208333,800.883
72851,0.251895,-0.0212252,0.0191667,800.087
72852,0.251895,-0.0212252,0.0208333,800.085
72875,0.127808,-0.0349304,0.0191667,800.221
72876,0.127808,-0.0349304,0.0208333,800.21
72899,0.230045,-0.0219569,0.0191667,800.02
72900,0.230045,-0.0219569,0.0208333,800.023
72923,0.162762,-0.0214733,0.0191667,800.07
72924,0.162762,-0.0214733,0.0208333,800.067
72947,0.295431,0.00339254,0.0191667,801.066
72948,0.295431,0.00339254,0.0208333,801.228
72971,0.257529,-0.0302663,0.0191667,801.399
72972,0.257529,-0.0302663,0.0208333,801.549
72995,0.228059,-0.0213083,0.0191667,800.015
72996,0.228059,-0.0213083,0.0208333,800.02
73019,0.160737,-0.0208159,0.0191667,800.072
73020,0.160737,-0.0208159,0.0208333,800.071
73043,0.297623,-0.0089588,0.0191667,800.811
73044,0.297623,-0.0089588,0.0208333,800.848
73067,0.298876,-0.0147197,0.0191667,800.647
73068,0.298876,-0.0147197,0.0208333,800.728
73091,0.127511,-0.0192365,0.0191667,800.214
73092,0.127511,-0.0192365,0.0208333,800.208
73115,0.141085,-0.0329613,0.0191667,800.218
73116,0.141085,-0.0329613,0.0208333,800.213
