cell,x,y,z,rans_Ux,rans_Uy,rans_Uz,rans_Umag,les_UMean_x,les_UMean_y,les_UMean_z,les_UMean_mag,mean_vector_difference,resolved_tke,Tprime_rms
12,0.156819,-0.0382041,0.0208333,-0.270837,-0.0377869,-0.00783819,0.27357260024184826,-0.241171,0.0414617,0.0469264,0.24916783665804462,0.10079470460211737,0.0079394705,0.561123872242128
36,0.126636,-0.0166513,0.0208333,0.684861,-0.1811,-0.00150414,0.7084024715923426,0.0774693,0.0135537,0.00477058,0.07879056834238728,0.6378511677998705,0.0011519745,0.0726649158810495
60,0.177488,-0.0243714,0.0208333,0.794749,-0.202573,0.000443998,0.8201597347250255,-0.259021,0.0424251,0.10968,0.28446699272676607,1.0873765612870983,0.01083656,0.16108444990128626
84,0.27982,-0.0359089,0.0208333,-0.153847,-0.0178191,0.0150269,0.15560278743460865,0.0406306,0.0130873,-0.154269,0.1600657597322113,0.2596879747303098,0.060101550000000004,0.21131398439289342
108,0.116367,-0.0361415,0.0208333,-0.61259,0.100702,-0.000382034,0.6208120060485115,-0.00659306,0.00835299,-0.00457897,0.011584811106125123,0.613007540907232,0.0009576629999999999,0.45354272125126205
132,0.279881,-0.0368367,0.0208333,-0.169172,-0.00983104,0.0282786,0.17180073966500142,-0.0584392,-0.00194874,-0.170909,0.18063450380596616,0.22803417209464463,0.058215649999999994,0.2285913384185849
156,0.162902,-0.0378436,0.0208333,-0.0913098,-0.0544065,-0.0022274,0.10631325471948452,-0.286853,0.0620586,0.0102408,0.2936678181680792,0.22794016450702584,0.0068997929999999996,0.5371573326316974
180,0.241341,0.032956,0.0208333,-0.290885,0.0748737,-0.000647535,0.30036739749557745,-0.29831,-0.0698028,-0.0613278,0.31244581296711277,0.1570621368685662,0.0094121,0.005369795154379727
204,0.212055,-0.0287084,0.0208333,0.80737,0.0392375,0.000642856,0.8083231479860556,-0.0293642,0.183262,-0.125556,0.2240792851239043,0.8583666636732805,0.05629145000000001,0.21635711220110146
228,0.144466,-0.0284476,0.0208333,0.105304,-0.20119,0.00126428,0.22708576996350607,-0.197214,0.136975,-0.00103503,0.24011785378871955,0.45373780355561755,0.004358035,0.27806761767598903
252,0.141554,0.0283443,0.0208333,-0.288349,-0.0395265,-0.00174657,0.2910507524642651,-0.00521457,-0.0509358,0.0106845,0.052304932866555714,0.28363675551532425,0.00038288734999999995,0.0
276,0.144546,-0.0362232,0.0208333,-0.518654,-0.0526818,-0.000981719,0.5213236111470829,-0.173822,0.0473899,0.00995024,0.18044084233362356,0.35922550172902207,0.0033966590000000002,0.7235758426039388
300,0.183824,-0.0359733,0.0208333,0.527908,-0.045561,-0.000455488,0.5298706150130598,-0.246809,0.0665644,-0.1615,0.30237022311788575,0.7991832519888529,0.01258115,0.18925696816762125
324,0.219246,-0.035449,0.0208333,0.637285,0.0398834,0.000127087,0.6385318104618325,-0.104966,0.103862,-0.0247059,0.14971826105993216,0.7454169876668375,0.03276135,0.41572947934925186
348,0.157713,-0.0362955,0.0208333,-0.140938,-0.0800996,-0.00667919,0.16224696404930386,-0.287741,0.100273,0.0218815,0.3054969028521402,0.23430985607318378,0.009305475,0.45390968264622866
372,0.250795,-0.0376092,0.0208333,-0.0691998,0.00265576,0.0246756,0.07351564878702765,-0.100443,0.00810684,0.101351,0.1429214550191314,0.08297571201602551,0.06701675,0.4791262881537601
396,0.116179,-0.0369469,0.0208333,-0.643784,0.0884252,-0.00145584,0.6498299578513949,0.00120036,0.00233852,-0.0014034,0.002979777085622346,0.650704037076754,0.0008714245,0.7763414197374761
420,0.282578,-0.0144516,0.0208333,-0.018306,0.0218868,0.0233298,0.03685676624827523,0.374137,0.239877,0.139978,0.4659541934375095,0.46382975121080794,0.0936963,0.03028344432193934
444,0.259325,-0.0341439,0.0208333,-0.0781138,0.017429,0.0185543,0.08215715330955668,0.0130319,0.0552357,0.000876666,0.05675897739895915,0.100246615589844,0.11104675000000001,0.3094239809710941
468,0.219704,-0.0166042,0.0208333,0.760718,0.131041,-0.00027766,0.7719220791634838,0.988705,-0.142519,0.0204373,0.9991330870396045,0.35671032412421366,0.038195259999999995,0.035857356288494
492,0.242771,-0.0377878,0.0208333,0.119812,0.0503631,0.00935208,0.1303027957717577,-0.198641,0.00500792,0.15941,0.25474472368181916,0.3549461718578731,0.052557320000000005,0.38847651151646223
516,0.213712,-0.0281416,0.0208333,0.804324,0.047007,0.000653541,0.8056967060506321,-0.000286451,0.146773,-0.138598,0.2018707536697067,0.8226434369064753,0.055027400000000004,0.18144668638473396
540,0.146162,-0.0278599,0.0208333,0.198808,-0.273829,0.00105162,0.3383903781280201,-0.208233,0.142877,-0.00876863,0.252688955615549,0.5825999514478717,0.004775835,0.2743000182282167
564,0.128713,-0.01426,0.0208333,0.886739,-0.262158,-0.000300031,0.9246799235971337,0.426921,-0.0300806,-0.00321827,0.4279915186065641,0.5150738091124623,0.0007990635,0.03553716364596365
588,0.154826,-0.0375862,0.0208333,-0.319126,-0.0496251,-0.00813279,0.32306376568596196,-0.237209,0.0595147,0.0357448,0.24715946254216126,0.14334271428031528,0.008133974,0.6517553221877057
612,0.156166,-0.0378124,0.0208333,-0.290037,-0.040173,-0.00829068,0.29292331193140364,-0.24994,0.0508983,0.0437569,0.2587958787162191,0.11229738054178467,0.0085504715,0.595509865577389
636,0.154046,-0.0375071,0.0208333,-0.340777,-0.0492391,-0.00817648,0.3444129897710021,-0.234138,0.0607682,0.0321215,0.24401878603396504,0.15842161963056178,0.008291340000000001,0.6425379366232005
660,0.302586,0.0310914,0.0208333,1.29003,0.359968,0.0083533,1.3393372015832645,1.49587,0.720094,0.0395621,1.6606407153542906,0.41597455531972144,0.08571985,0.014803850850369981
684,0.29389,-0.0381739,0.0208333,-0.131317,-0.028068,-0.0341242,0.13855117516152649,-0.0919002,-0.008246,-0.0954617,0.13276512886646855,0.0755571618874743,0.09780145,0.2130678295754664
708,0.226967,-0.0117027,0.0208333,0.690023,0.20042,-0.000356367,0.7185402173340326,1.09048,-0.119713,0.00515994,1.0970435076831746,0.512719588255528,0.004311462,0.007100063379998801
732,0.160737,-0.0348489,0.0208333,0.0608803,-0.120442,-0.00397599,0.13501294304091774,-0.282305,0.134238,-0.0349116,0.31453898563383204,0.4284799464410932,0.00951711,0.46622633988225076
756,0.158002,-0.0370661,0.0208333,-0.181817,-0.0598728,-0.00735551,0.19156272392143547,-0.285015,0.0789373,0.0331091,0.2975917674585438,0.17763855360946312,0.009357169,0.45261352167163543
780,0.20169,-0.0378287,0.0208333,0.579511,0.000147398,-0.00145239,0.579512838756729,-0.271048,0.02095,-0.16412,0.3175551845018437,0.8662240541996525,0.024503379999999998,0.4595835071018106
804,0.173293,-0.0337632,0.0208333,0.443034,-0.122241,-0.00015351,0.4595889585295975,-0.222179,0.10108,-0.113768,0.26930249212549073,0.7108367300217118,0.015675824999999997,0.19000710513030822
828,0.144821,0.0276239,0.0208333,-0.286784,-0.0409826,-0.00178822,0.289703009804055,-0.0285156,0.0131645,-0.00393776,0.03165358522233461,0.2638922041273323,0.00034067675,3.8902442082727916e-05
852,0.242527,-0.0315947,0.0208333,0.478504,0.165517,0.00415831,0.506339063125744,0.264837,-0.0115627,-0.00231801,0.26509942619826643,0.2775837707104513,0.07950535,0.1949464028906407
876,0.243345,-0.0383053,0.0208333,0.0695277,0.0397382,0.00972536,0.08067098755847482,-0.246287,-0.0174467,0.125782,0.2770970682520658,0.34128899954758224,0.054335945,0.4298511370230396
900,0.144855,-0.0369981,0.0208333,-0.560998,-0.0374513,-0.00299857,0.5622546996670947,-0.167572,0.0387122,0.00198645,0.17199696391635086,0.40076145851697165,0.00297534,0.806149489859046
924,0.273528,-0.0364933,0.0208333,-0.153321,-0.0104326,0.0305256,0.15667795134963952,0.0297806,0.0210116,-0.0424021,0.05591341122959678,0.19958302298414562,0.10681205,0.19784210876352892
948,0.299668,0.0328691,0.0208333,1.16702,0.425501,0.0119323,1.2422274997697844,1.21676,0.565593,0.0212428,1.3419581199876693,0.1489514064191742,0.13533883,0.017890360532979765
972,0.00655478,3.43071e-05,0.0208333,1.16153,-1.5989e-06,-9.20497e-05,1.1615300036485083,1.11656,-0.000444757,-0.00017261,1.1165601019215228,0.04497225565905637,5.9189067775e-09,2.854657597681375e-05
996,0.247402,-0.0348569,0.0208333,0.165448,0.0964582,0.0109316,0.19182472450077961,0.0406341,-0.0325935,0.166023,0.17400316909200247,0.23724711433452672,0.055615750000000005,0.24635198395791336
1020,0.393428,0.0300821,0.0208333,1.22711,-0.0370809,-0.00103585,1.2276705658400515,1.36588,-0.0151408,0.0140047,1.3660357059194062,0.1412964933475439,0.1070507,0.009167142411896959
1044,0.260109,-0.0348152,0.0208333,-0.0871032,0.014484,0.0186536,0.09024804983599369,-0.0195979,0.0674527,-0.00148923,0.07025782680735934,0.0881384269668395,0.10808980000000001,0.3111311620522766
1068,0.297593,-0.0131396,0.0208333,-0.0952484,-0.0122956,-0.0914102,0.1325868173913229,0.130271,0.117926,-0.311056,0.35725748425050524,0.3406771820074834,0.06404175,0.018837887355008787
1092,0.214564,-0.0354576,0.0208333,0.654497,0.0274116,-6.07816e-05,0.655070776724136,-0.144137,0.107841,-0.0755134,0.195211243604358,0.8062122871575301,0.01413366,0.21010521173926172
1116,0.146988,-0.0354235,0.0208333,-0.409441,-0.0863407,-0.000182864,0.4184455548774924,-0.191319,0.0667006,0.0129104,0.20302366421065302,0.2667775851751112,0.0043864395,0.7148104643889875
1140,0.296354,-0.0300363,0.0208333,-0.0795514,-0.108873,-0.0872806,0.1606227210182918,0.102468,-0.155534,-0.0336169,0.18926334073351342,0.19541776683569484,0.08220495,0.07960810260268737
1164,0.224,-0.0377763,0.0208333,0.496715,0.0244318,-0.000175518,0.49731552849555016,-0.136632,0.0382005,0.0701309,0.15825904321415568,0.6373860619127788,0.034973340000000006,0.6382327161780411
1188,0.152379,-0.0161754,0.0208333,0.886932,-0.42385,0.000308025,0.9830042166763074,0.399559,-0.000280464,0.0174386,0.39993946780858636,0.6459388899548362,0.001922268,0.053943210879590774
1212,0.28176,-0.0357854,0.0208333,-0.154431,-0.0182093,0.00995208,0.15581898556920593,0.00173134,0.0175536,-0.140812,0.141912458068894,0.21998970264294646,0.056453249999999996,0.2019903463039756
1236,0.229859,-0.0128098,0.0208333,0.675385,0.214874,-0.000309236,0.7087424283390291,1.09084,-0.116458,0.00463578,1.0970487053090252,0.5314209296144068,0.0043634649999999995,0.006587617171633458
1260,0.160273,-0.0356695,0.0208333,-0.00924584,-0.0960411,-0.00507968,0.09661874349947841,-0.289253,0.12087,-0.0148401,0.3138424500876355,0.35432993205916435,0.009883369999999999,0.4787723885104487
1284,0.263005,-0.0293106,0.0208333,-0.00474721,0.0654922,0.0137537,0.06708895980199797,0.22472,0.11584,0.0710867,0.2626238810864122,0.24182054155721366,0.08863755000000001,0.18308440676365642
1308,0.294591,-0.0377593,0.0208333,-0.120285,-0.0323893,-0.0423279,0.13156442945530528,-0.0559763,-0.00646968,-0.0826067,0.09999534892124934,0.0801861417333095,0.0964383,0.24537216631068814
1332,0.290507,-0.0290815,0.0208333,-0.134388,-0.0677393,-0.0373794,0.15506762025919532,0.187655,-0.0416221,0.00715431,0.19234859600471768,0.32615495291533453,0.05473565,0.07513341467017189
1356,0.273338,-0.035562,0.0208333,-0.142575,-0.0163747,0.0196375,0.1448495524029674,0.0858041,0.0193129,-0.0288937,0.09257525362055456,0.23619037974483634,0.10365440000000001,0.20938433561276737
1380,0.214927,-0.0346241,0.0208333,0.678297,0.0317995,0.000219363,0.679042028544166,-0.146321,0.13119,-0.0558447,0.20430193748246736,0.8324761237262713,0.016404329999999998,0.2555241671544983
1404,0.147372,-0.0345117,0.0208333,-0.334848,-0.105262,0.000995166,0.3510046468401345,-0.201037,0.0835244,0.0145456,0.21818289402178165,0.231795821376375,0.0045961660000000005,0.6691397462413962
1428,0.219457,-0.0381365,0.0208333,0.541946,0.0178601,-0.000654359,0.542240609207491,-0.12736,0.0404187,-0.0186446,0.1349142765568196,0.6699276534381889,0.030339315,0.58152128077999
1452,0.253655,-0.0367907,0.0208333,-0.0849322,0.00725362,0.0243997,0.0886647560197083,-0.0618384,0.0171365,0.0816886,0.10387817247511626,0.06255408043240984,0.0888786,0.29351030646299286
1476,0.10757,0.0269648,0.0208333,-0.149941,-0.102867,0.00620486,0.18194071412858528,0.0153467,-0.0496096,-0.0127529,0.05347214294808092,0.1746876386304068,0.00022713309999999998,3.05175850944992e-05
1500,0.109674,0.0290927,0.0208333,-0.182065,-0.084903,0.0051604,0.20095475451494052,0.0190807,-0.0446283,-0.0385272,0.06196856794553187,0.20973852884565583,0.00025144385,0.0
1524,0.135899,0.0250118,0.0208333,-0.278384,-0.0402647,-0.00159436,0.28128533467975114,-0.0212347,-0.0672043,-0.0169273,0.07248354232424074,0.2590108175109558,0.00013505264999999999,0.0
1548,0.253568,-0.0358579,0.0208333,-0.0786943,0.00854431,0.023494,0.08256976517991377,-0.031337,0.0159825,0.0820146,0.08924036356049878,0.07564853705212084,0.09259045,0.24429531309462324
1572,0.268066,-0.0377914,0.0208333,-0.135977,0.000486155,0.0392655,0.14153360154371125,-0.192757,0.0568798,-0.0413264,0.20517905359465916,0.11357493535985845,0.06825819999999999,0.2718821435843112
1596,0.250145,-0.0349731,0.0208333,0.0370906,0.0549797,0.0180772,0.06874056430005503,0.0138986,-0.00233647,0.12975,0.1305131896553789,0.12764727363836997,0.067959,0.30524744061171094
1620,0.183834,-0.0368722,0.0208333,0.476969,-0.0285967,-0.0013409,0.47782737073623144,-0.300276,0.0466841,-0.174481,0.35041218690252485,0.7998465372192656,0.013551965000000001,0.2293418845304974
1644,0.259492,-0.0361677,0.0208333,-0.0982652,0.0125986,0.021925,0.10146664416447407,-0.0881224,0.063358,-0.0376952,0.11489439346112586,0.07895543887687535,0.1037607,0.34681262952781866
1668,0.291382,-0.035978,0.0208333,-0.142292,-0.0357165,-0.0358149,0.1510145314142318,0.000688652,-0.0635256,-0.0402129,0.0751867902184094,0.14572630268127681,0.09720010000000001,0.07643094922869924
1692,0.238696,-0.032691,0.0208333,0.491903,0.13077,0.00331862,0.5089993787301752,0.154616,0.0356289,0.0460657,0.16521977692667425,0.3530462606043809,0.06101909999999999,0.13693757701960407
1716,0.280999,-0.0380128,0.0208333,-0.177974,-0.0051249,0.0405523,0.18260749796024256,-0.156615,-0.00454072,-0.193502,0.2489817269743272,0.23502758028742582,0.056187720000000003,0.259786643228631
1740,0.167826,-0.0146822,0.0208333,0.871814,-0.322273,0.000788534,0.9294730544296963,0.734489,-0.0981018,0.015435,0.7411722428081343,0.2632971733625888,0.0048569325,0.02156086732949303
1764,0.288291,0.033344,0.0208333,0.659217,0.283796,0.00221261,0.7177131170237954,0.518831,0.0803789,-0.0575048,0.5281601803896713,0.2542693741399426,0.05107705,0.015368994762182724
1788,0.208956,-0.0382107,0.0208333,0.578843,0.0103817,-0.0012463,0.578937433240916,-0.20592,0.00995607,-0.127875,0.24259881565012822,0.7949138160791942,0.024821620000000003,0.3558272052555847
1812,0.280867,-0.0371743,0.0208333,-0.170722,-0.00922219,0.0272678,0.17313169261933561,-0.100689,-0.000523606,-0.168821,0.1965682551309932,0.20840130502961124,0.0591979,0.21891733599694657
1836,0.112692,-0.0394779,0.0208333,-0.53507,0.0294459,-0.00307028,0.5358884142674559,0.00519775,0.000122356,0.00949653,0.01082661803584739,0.5412088659994019,0.000153400295,2.055704258885504
1860,0.106254,-0.0223396,0.0208333,0.0207302,0.405173,-0.000870057,0.4057039044922088,-0.0345626,0.0691219,0.0104497,0.07798465623736506,0.34075764472948955,0.0012058359999999998,0.08046589339589787
1884,0.268677,-0.0382877,0.0208333,-0.136595,-0.000449736,0.0404824,0.1424683157661018,-0.218266,0.0459881,-0.0703822,0.23389870921929004,0.14531890581243342,0.062316449999999995,0.29511641770663993
1908,0.109276,0.0234025,0.0208333,-0.163401,-0.131557,0.00457119,0.2098285653289754,0.0153978,-0.0601527,-0.001554,0.06211162916982616,0.19262684883594522,0.0002743505,5.285801736728308e-05
1932,0.239137,-0.0356505,0.0208333,0.330442,0.0867929,0.00472653,0.3416829860268885,-0.0314296,0.063084,0.224787,0.23557717669833805,0.4241930896212135,0.0372131,0.22124149701174958
1956,0.14188,-0.0307839,0.0208333,-0.102332,-0.136567,0.00203687,0.17066497166201652,-0.15126,0.100935,0.0189864,0.18283310753241602,0.2430811299858977,0.003746325,0.3625810254274208
1980,0.111936,-0.0390448,0.0208333,-0.515803,0.0321872,-0.00302912,0.5168151760744013,0.00576963,2.39906e-05,0.0169987,0.01795118401598592,0.5229470278890372,0.00026500675,2.2940597202339785
2004,0.171484,-0.035379,0.0208333,0.325545,-0.101669,-0.000734096,0.34105230021645827,-0.25518,0.117361,-0.130795,0.30983506700501157,0.634138395994358,0.012646079999999999,0.29900618722695355
2028,0.244606,-0.0227138,0.0208333,0.617711,0.255495,0.0027007,0.6684697961213282,0.66761,-0.0980606,-0.00455309,0.6747886513575256,0.3571331543860415,0.0493325,0.021225197290013584
2052,0.12991,-0.0347051,0.0208333,-0.595476,-0.0156282,0.00245202,0.5956860915056859,-0.0757521,0.0333305,0.0203542,0.08522673490343274,0.5223316710536059,0.0008438275000000001,0.5381384580198668
2076,0.216756,-0.0337259,0.0208333,0.68714,0.041322,0.000389361,0.6883814632062577,-0.109966,0.149373,-0.0395509,0.18965518177948631,0.8053869990791682,0.025200715,0.3305419791796497
2100,0.153676,-0.0190656,0.0208333,0.850697,-0.418332,0.000300101,0.9479911065477409,0.215784,-0.019483,0.0514242,0.2226808709580596,0.751537567835808,0.0022289494999999998,0.043837997217026234
2124,0.221056,-0.0194438,0.0208333,0.777034,0.135406,1.7605e-05,0.7887436987399241,0.77922,-0.119333,0.0258873,0.7887295642932944,0.2560585437676178,0.049286399999999994,0.04567745614633109
2148,0.149225,-0.0336316,0.0208333,-0.203464,-0.137893,0.00141052,0.24579273445663605,-0.229619,0.117236,0.0129037,0.25813885862204083,0.25672355531293267,0.005585575000000001,0.5776538756037217
2172,0.251588,-0.0376465,0.0208333,-0.0707499,0.00296745,0.0245404,0.07494388128241358,-0.105767,0.0143962,0.101017,0.1469637477490282,0.08488512217422142,0.0683585,0.4695902469174589
2196,0.107226,0.0210493,0.0208333,-0.140846,-0.145988,0.00534913,0.20292536818189316,-0.0474477,0.0271939,0.0143447,0.056538153936877,0.19696734046568454,0.0002427355,5.5016361202827654e-05
2220,0.152199,-0.0355428,0.0208333,-0.280371,-0.103962,-0.00225198,0.299033554135519,-0.241399,0.102199,0.0227084,0.2631231351146455,0.21129173025640258,0.0073314439999999995,0.5998716529391933
2244,0.189985,-0.0347488,0.0208333,0.645283,-0.0384477,0.000285149,0.6464274569000317,-0.241606,0.0922824,-0.130009,0.2894682032050498,0.9058912863200773,0.01551928,0.30593561414127646
2268,0.290591,-0.0353816,0.0208333,-0.143257,-0.0342717,-0.0294121,0.15020715394514336,0.0121185,-0.0832748,-0.0298507,0.08928949909020657,0.16292035532682833,0.0865184,0.09055202924286125
2292,0.246463,-0.0342714,0.0208333,0.229295,0.11172,0.00895523,0.25522098575421437,0.105049,-0.0186019,0.196107,0.22324712435686603,0.25970493093074476,0.0539469,0.23294097964935237
2316,0.228168,-0.0330049,0.0208333,0.614477,0.0821741,0.00103728,0.6199480963674366,0.0979306,0.0508834,-0.0777051,0.13497260973223418,0.5234497623148896,0.0501319,0.15072391980040858
2340,0.161008,-0.0326841,0.0208333,0.30155,-0.2296,-0.000740244,0.3790106996658268,-0.259583,0.13113,-0.0505861,0.2951903865341993,0.6689401960933226,0.00858575,0.33326716009832114
2364,0.10963,-0.0350332,0.0208333,-0.432524,0.198259,-0.00127209,0.4757996005357383,0.00126504,0.020014,0.0111964,0.02296780126963833,0.4691478173156108,0.0003172885,0.36862718293690716
2388,0.169304,-0.0332723,0.0208333,0.395002,-0.156428,-0.000261214,0.42484864060127797,-0.239412,0.112887,-0.0994346,0.28275222402336647,0.6963095957343293,0.014685875,0.2698801585889559
2412,0.244449,-0.0344668,0.0208333,0.267188,0.108599,0.00758603,0.28851467552996485,0.103778,0.00573755,0.222835,0.24588255324240169,0.28916331904680337,0.048194299999999995,0.22376974773190408
2436,0.177169,-0.0342268,0.0208333,0.493794,-0.0920116,-7.11969e-05,0.5022933943817682,-0.215199,0.0950694,-0.125885,0.2668254741256164,0.7439754617327682,0.01411822,0.21774411587916676
2460,0.241877,-0.0383009,0.0208333,0.122895,0.0434678,0.00920149,0.13068013651684063,-0.249059,0.0112402,0.141951,0.28689164152697094,0.39624591950328025,0.049087375,0.39040747943654974
2484,0.128285,-0.0382593,0.0208333,-0.778482,0.00687703,-0.0022802,0.7785157141494711,-0.0124104,0.0118499,0.0103833,0.020056197971200822,0.7661923975052525,0.0003621935,0.553509710845257
2508,0.241163,-0.0379033,0.0208333,0.151254,0.0439902,0.00826888,0.15773802518256147,-0.211522,0.0294133,0.169154,0.2724330641036253,0.39711828719793857,0.049653535,0.36531356394199216
2532,0.14975,-0.0312423,0.0208333,0.0284204,-0.210458,0.00140643,0.21237294306362312,-0.240439,0.150846,0.00037256,0.2838407427378135,0.45036321593968676,0.006178080000000001,0.41595672851872467
2556,0.175801,-0.023721,0.0208333,0.79009,-0.217828,0.000434615,0.8195678340285191,-0.2673,0.0682668,0.12729,0.3038295411612241,1.1027312162945864,0.01285445,0.1562696387658204
2580,0.217232,-0.0314089,0.0208333,0.733616,0.0533981,0.000649479,0.7355570775694986,-0.0357135,0.150854,-0.112875,0.19176326296569424,0.7837431590433702,0.05389835,0.2951372562046344
2604,0.179233,-0.0340784,0.0208333,0.528401,-0.0822361,3.64166e-05,0.5347619977806751,-0.20534,0.0872277,-0.122378,0.2544593526111587,0.7629411012541913,0.013042365,0.19826623514860012
2628,0.28168,-0.03361,0.0208333,-0.142944,-0.031421,-0.000796078,0.14635880608006502,0.171633,0.0552254,-0.0967013,0.20459441076395515,0.3400942504201288,0.0444736,0.1787928969506339
2652,0.192804,-0.0329825,0.0208333,0.70612,-0.0386146,0.000594673,0.7071752932400402,-0.224532,0.115686,-0.10341,0.27293130586284897,0.9490725958904287,0.01839685,0.30271934196545813
2676,0.201632,-0.034405,0.0208333,0.698132,-0.00378216,0.000262439,0.6981422942584802,-0.201248,0.0988723,-0.1089,0.2492703335964591,0.9117778022338119,0.018047735000000002,0.2172793133273391
2700,0.126004,-0.0348112,0.0208333,-0.624949,0.0179393,0.00231935,0.6252107248519594,-0.03571,0.0392885,0.0267573,0.05945370834136421,0.5901318504045028,0.001076862,0.5044918235214522
2724,0.16231,-0.0360286,0.0208333,0.0164704,-0.0961913,-0.00361472,0.09765811012162993,-0.286924,0.117291,-0.0356098,0.31201060609062636,0.37235270847525254,0.008899795,0.46664654718534027
2748,0.251988,-0.031677,0.0208333,0.206537,0.131407,0.0116853,0.24507525018673348,0.228782,0.0272387,0.142899,0.2711148732598232,0.16900565025341607,0.09862665000000001,0.17824954417894032
2772,0.245267,-0.0324473,0.0208333,0.36973,0.15056,0.00615389,0.3992573817252877,0.239032,-0.0121083,0.115198,0.26561906399370133,0.2354433285412481,0.06951550000000001,0.12193809905029683
2796,0.16315,-0.0385525,0.0208333,-0.130254,-0.037275,-0.0016739,0.13549292262775203,-0.270719,0.0361706,0.0312858,0.2749106955849481,0.1618981599909338,0.006691293,0.7317950532765304
2820,0.209662,-0.025686,0.0208333,0.840345,0.0325898,0.000462958,0.8409768298943495,-0.0356675,0.158345,-0.0295072,0.16497267783814992,0.8855001303522405,0.037734649999999995,0.19605407417342796
2844,0.216097,-0.0346423,0.0208333,0.67389,0.0338284,0.000240749,0.6747385795303548,-0.137212,0.139057,-0.0383779,0.19909004345122336,0.818810669637704,0.01933324,0.31925068519895144
2868,0.281805,-0.0366474,0.0208333,-0.16833,-0.0112873,0.0202738,0.16992180262617862,-0.0605632,0.0167191,-0.144204,0.15729660872075404,0.19862272859881874,0.059117499999999996,0.21948325676461064
2892,0.222166,-0.037692,0.0208333,0.533602,0.023343,-0.000367933,0.5341124651491411,-0.128402,0.0399618,0.0313868,0.13809109412804288,0.6629734863456769,0.037824170000000004,0.5646175696876603
2916,0.142035,-0.0253606,0.0208333,0.259439,-0.233067,0.000704802,0.3487539504519758,-0.164794,0.139014,0.00307861,0.21561872013239503,0.5642903010104116,0.002645425,0.225398757760552
2940,0.200991,-0.0334346,0.0208333,0.719672,-0.00824454,0.000481191,0.7197193839049981,-0.19943,0.115336,-0.071023,0.24107879277323419,0.9301255214223809,0.014411135,0.20366835787622975
2964,0.211052,-0.0236098,0.0208333,0.833687,0.0501595,0.000291454,0.8351946326184597,0.15416,0.0593052,0.0172189,0.1660689702028949,0.6797993277325103,0.065432,0.1173933558596908
2988,0.148541,-0.034542,0.0208333,-0.287637,-0.118064,0.000879645,0.31092591664305824,-0.211638,0.0954314,0.0119273,0.23246517080038032,0.22688804398460274,0.005119137,0.6460363766847808
3012,0.198194,-0.0308538,0.0208333,0.774212,-0.0262456,0.000758618,0.7746571034752279,-0.206155,0.163509,-0.024466,0.2642605953637432,0.9988806456546276,0.016540575,0.1872351462733426
3036,0.250394,-0.0339628,0.0208333,0.11758,0.0768183,0.0146337,0.1412099599553091,0.0813765,0.00731866,0.153162,0.1735923263869852,0.1591571024908081,0.07206445,0.2574729111964985
3060,0.289845,-0.0335588,0.0208333,-0.135327,-0.0449722,-0.0299499,0.1457151063268665,0.0648845,-0.091941,-0.0292384,0.11626706264376854,0.20564828989792255,0.06924715000000001,0.0810685512390594
3084,0.143451,-0.0232502,0.0208333,0.57526,-0.352377,0.000279809,0.674606326698821,-0.175516,0.143012,0.00194174,0.2264112823033066,0.8994874237651401,0.0025923099999999996,0.2610557411741791
3108,0.148736,-0.0323883,0.0208333,-0.0963008,-0.180635,0.00165177,0.20470851386733502,-0.232179,0.130022,0.00618224,0.266178565283566,0.33910349753823077,0.0054609,0.4709808913321219
3132,0.216253,-0.0325283,0.0208333,0.720845,0.0440069,0.000569312,0.7221872647650076,-0.0933873,0.15642,-0.0695948,0.19501753866852592,0.8249448139285734,0.0370611,0.3193399442600315
3156,0.193625,-0.0340388,0.0208333,0.689933,-0.0310955,0.000454544,0.6906335361242588,-0.235954,0.100485,-0.122878,0.2843774397257982,0.943287379942487,0.01929005,0.3191927317468241
3180,0.207935,-0.0326152,0.0208333,0.746271,0.0130343,0.000564926,0.7463850330485435,-0.206658,0.163508,-0.112298,0.2864493599783389,0.9713156302139749,0.027156350000000003,0.14577105336794408
3204,0.292496,-0.00416016,0.0208333,-0.169924,0.153528,0.00469821,0.22905694867697007,0.22577,0.391541,0.00356087,0.45198354768305105,0.4617631680280223,0.07814215000000001,0.017807779198990535
3228,0.241149,-0.0316352,0.0208333,0.487303,0.158474,0.00385951,0.5124384043984604,0.264983,0.000275767,-0.0323053,0.2669451230956061,0.275246719883559,0.07605125000000001,0.12324974645004345
3252,0.201158,-0.0370128,0.0208333,0.612411,-0.00162579,-0.000930293,0.6124138646039866,-0.247781,0.0421794,-0.167111,0.30182877938718833,0.8771916546080201,0.02560108,0.39322766942319815
3276,0.114825,-0.0341616,0.0208333,-0.508424,0.147447,0.000389055,0.5293729620492466,-0.0114074,0.0301785,-0.00912197,0.033527316828086615,0.5107522504741028,0.0009100544999999999,0.22886808427563682
3300,0.23852,-0.036317,0.0208333,0.333441,0.0765696,0.00429166,0.3421464927055597,-0.0796678,0.0591695,0.219031,0.24046323429599378,0.4659126830867406,0.038723864999999996,0.2097572406378383
3324,0.25337,-0.033624,0.0208333,0.0247538,0.0547953,0.0185273,0.06291690044670033,0.0958487,0.00624658,0.111769,0.14737130797542106,0.12690735848853837,0.09065655,0.15984054554461455
3348,0.19929,-0.0314781,0.0208333,0.772079,-0.0215641,0.000748668,0.7723804458643319,-0.205679,0.151748,-0.0236006,0.25668715368198697,0.9932978795016859,0.014106805,0.18756358921709726
3372,0.168785,-0.0351762,0.0208333,0.275894,-0.119692,-0.000718148,0.3007394051941812,-0.258529,0.132675,-0.111587,0.3112740882807305,0.6013226654316283,0.01126657,0.42765523497322
3396,0.209783,-0.037868,0.0208333,0.579593,0.010637,-0.00121995,0.5796918834139413,-0.183278,0.021069,-0.131414,0.22650467421446296,0.7739712397243212,0.02797755,0.2841927163035675
3420,0.229559,-0.0362909,0.0208333,0.493171,0.053081,0.000945062,0.4960202827951533,-0.106774,0.0764222,0.145022,0.19563338215355783,0.6174439073356347,0.03141655,0.2169903223648465
3444,0.109122,0.017366,0.0208333,-0.0769794,-0.155801,0.00369503,0.17382011641942052,-0.0224193,-0.0509898,0.00953227,0.05651060863132603,0.11830581358609389,0.0017804275500000002,6.823935814469535e-05
3468,0.180013,-0.0347097,0.0208333,0.530017,-0.07829,-4.56997e-06,0.5357679949473322,-0.212338,0.0819421,-0.139297,0.26684375241966973,0.7721189370550837,0.01280422,0.20620499508983772
3492,0.282865,-0.0314635,0.0208333,-0.140253,-0.0460978,-0.00670292,0.14778646863081343,0.249614,0.0572705,-0.0350651,0.2584891108040337,0.4043336448877862,0.05649805,0.1628947512966578
3516,0.228165,-0.0354591,0.0208333,0.55005,0.0609754,0.000802883,0.5534199549404338,-0.0710515,0.0749093,0.113963,0.15377673506658932,0.6314795633675834,0.0288453,0.25973139971901743
3540,0.223534,-0.0384086,0.0208333,0.476026,0.0160854,-0.000388764,0.4762978520911129,-0.148957,0.0230743,0.0632857,0.16347994064710203,0.6282571387401,0.03260852,0.7033086093600732
3564,0.227259,-0.0339305,0.0208333,0.612368,0.0733911,0.000879831,0.6167508371180364,0.0140753,0.0785999,0.00855091,0.08030676442198441,0.5983645476828939,0.0413025,0.20360697434027156
3588,0.160183,-0.0337301,0.0208333,0.103192,-0.142897,-0.00310928,0.17628899311958873,-0.2717,0.137549,-0.0384716,0.30695387504893956,0.4695151374085636,0.009152515,0.43569829010451716
3612,0.139359,0.0248325,0.0208333,-0.273597,-0.0413505,-0.00145792,0.2767079828808276,-0.0239965,-0.0362025,-0.00344789,0.04356995483073284,0.24966151382391896,0.00011196709999999999,2.1579179780519927e-05
3636,0.107165,0.015006,0.0208333,-0.0824152,-0.11666,0.00444377,0.1429040513171439,-0.117079,0.0378111,-0.00688366,0.12322563166486752,0.1587173917252136,0.0007015459999999999,3.05175850944992e-05
3660,0.105372,-0.0200168,0.0208333,0.0357204,0.387309,-0.000809513,0.38895354962830353,-0.0218853,0.0968368,0.0123244,0.10004110667965445,0.29642033553051245,0.0011799625,0.04457140338827128
3684,0.201074,-0.0353564,0.0208333,0.668686,-0.00416024,-5.91487e-05,0.6686989439885682,-0.214212,0.0805302,-0.14331,0.27001787006796424,0.8984442973437854,0.023231195000000003,0.23992457148028837
3708,0.00784317,0.00281492,0.0208333,1.1623,-0.000672947,-0.000109228,1.16230019994338,1.21227,-0.0218821,-0.000191522,1.2124674906491664,0.05428476621741895,4.0276168425e-09,0.0
3732,0.272695,-0.0379253,0.0208333,-0.157356,-0.00395793,0.0458464,0.1639465411005822,-0.115469,0.0312,-0.0943543,0.15234586928922622,0.1504886610059871,0.07577590000000001,0.2500651915001366
3756,0.170558,-0.0349015,0.0208333,0.326706,-0.11426,-0.000598666,0.3461105552232979,-0.24846,0.122631,-0.124711,0.30384793447051767,0.6343005162286465,0.01326921,0.30483667758325933
3780,0.117346,0.0329007,0.0208333,-0.263266,-0.0438006,0.00180805,0.2668908922409352,0.0307221,-0.041396,-0.0135236,0.053295065450471114,0.2943974261682539,0.00021725402,5.39479378660575e-05
3804,0.265248,-0.0360651,0.0208333,-0.121442,0.00355379,0.0221925,0.12350423411209066,-0.0706568,0.0531037,0.0320942,0.09403416407652061,0.07164058753903473,0.09436125000000001,0.31613778641598667
3828,0.19265,-0.035445,0.0208333,0.636951,-0.0260609,6.97525e-06,0.6374839189802862,-0.260743,0.0805909,-0.151427,0.31210886168260266,0.9166031709192685,0.01640774,0.3432855953866984
3852,0.178046,-0.0320982,0.0208333,0.602444,-0.120796,0.000358974,0.6144351679504785,-0.180559,0.0955241,-0.0855114,0.22144662041171456,0.8168609458187543,0.012784845,0.1992500941028636
3876,0.139571,-0.0289272,0.0208333,0.00294476,-0.167483,0.00187946,0.16751942953087323,-0.123274,0.102981,0.0180964,0.1616448116394708,0.2989062391702475,0.002466115,0.314863938868839
3900,0.207216,-0.0293504,0.0208333,0.807932,0.015136,0.000684943,0.8080740586523695,-0.120436,0.237397,-0.0593584,0.27273720933448004,0.9564895705566347,0.04147045,0.2425450473623405
3924,0.152415,-0.0371306,0.0208333,-0.366839,-0.0606365,-0.00635895,0.37187104390951514,-0.219551,0.0638373,0.0227358,0.22977110147694813,0.19502304045420507,0.0074148145,0.625167177641309
3948,0.143139,-0.0310834,0.0208333,-0.109912,-0.141661,0.00202791,0.17931145831755455,-0.169054,0.104514,0.0162453,0.1994149966378908,0.2535784710250697,0.0042664899999999995,0.3878698235233053
3972,0.143483,-0.0377451,0.0208333,-0.625054,-0.0205365,-0.00456355,0.6254079282651064,-0.141566,0.0289601,-0.000660718,0.14449932974337812,0.4860306488825373,0.002573346,0.9648543931599213
3996,0.264104,-0.0279446,0.0208333,0.0159246,0.0776979,0.0128041,0.08033991241207573,0.278225,0.124023,0.0718891,0.31298386196864847,0.2728342939499542,0.07349475,0.15170827268148562
4020,0.218731,-0.0377285,0.0208333,0.548869,0.017947,-0.000664077,0.5491627399671812,-0.125723,0.0560588,-0.0313499,0.14117959490114002,0.6763641737233186,0.030977354999999998,0.5224959329985258
4044,0.201603,-0.0321852,0.0208333,0.755883,-0.00993459,0.000670552,0.7559485798699888,-0.201086,0.144449,-0.0230154,0.24865800134755367,0.9696313650787264,0.01320015,0.1915700916113995
4068,0.260062,-0.0356756,0.0208333,-0.0983079,0.0123548,0.0207813,0.10123708171979277,-0.0729147,0.0692215,-0.0185785,0.10224152874732459,0.07367380831184174,0.10586395,0.33387273024312725
4092,0.208168,-0.0346824,0.0208333,0.694893,0.0141687,0.000177226,0.6950374557660508,-0.220944,0.0997736,-0.143347,0.28163697342849003,0.9309590823027127,0.019643670000000002,0.2000292478614065
4116,0.285289,-0.0160625,0.0208333,-0.11309,-0.0401321,0.0362189,0.1253464888523807,0.34316,0.191889,0.067347,0.39889320918010124,0.512802897763673,0.0904429,0.03294252570766243
4140,0.149032,-0.0355088,0.0208333,-0.37617,-0.083683,-0.00125935,0.38536774560336845,-0.207136,0.0801443,0.011523,0.22239876539111,0.23574406854216398,0.0053689875,0.6580091184778522
4164,0.191755,-0.0352711,0.0208333,0.635634,-0.0286587,4.52263e-05,0.6362797380768213,-0.258561,0.0828056,-0.142913,0.306813760580193,0.9123848106288991,0.016391395,0.32750267174482717
4188,0.21658,-0.0298393,0.0208333,0.772385,0.0555706,0.000692284,0.7743817915385773,0.00730194,0.159278,-0.151164,0.21971198080160217,0.7868720636189929,0.0669055,0.20956550288632908
4212,0.126608,-0.0337802,0.0208333,-0.557531,0.00629168,0.00323932,0.5575759090852875,-0.0511058,0.0410294,0.0242918,0.06989496409069827,0.5080515714964268,0.0008917655,0.36476156595781856
4236,0.127705,-0.0378516,0.0208333,-0.779729,0.00868169,-0.00218335,0.7797803871600507,-0.00796137,0.0187061,0.012152,0.02368486211669597,0.7719658449512437,0.00045849665,0.7529442210416386
4260,0.149094,-0.0296058,0.0208333,0.115743,-0.246894,0.00117435,0.27268015766264053,-0.227372,0.152334,-0.0127784,0.2739835057928853,0.5265981185321141,0.0051192699999999995,0.36517393116157676
4284,0.168467,-0.0340956,0.0208333,0.321591,-0.14484,-0.000518026,0.3527033671967659,-0.250637,0.125998,-0.104967,0.29952040475066133,0.6416445233909914,0.013081465,0.3512007972656099
4308,0.151361,-0.0355929,0.0208333,-0.30958,-0.0968463,-0.00219947,0.32438221266273354,-0.233098,0.0965049,0.0194837,0.2530365347014142,0.20905583638513636,0.006918034,0.6283247567938096
4332,0.108676,0.0113352,0.0208333,0.59943,-0.0350891,0.00344395,0.6004660112199628,0.499407,0.0112698,0.00186672,0.4995376308994132,0.11025532092685099,0.0002030934,0.0
4356,0.227507,-0.0369659,0.0208333,0.506644,0.0425885,0.000512613,0.5084311023534435,-0.133591,0.0648886,0.136585,0.2017735064768415,0.6549151427390328,0.0318578,0.3421943892000569
4380,0.128887,-0.0324333,0.0208333,-0.431348,-0.0300112,0.00415705,0.4324107425748608,-0.0679898,0.0370369,0.0125276,0.07843013213943989,0.3695871958390232,0.0009593144999999999,0.38561249979740025
4404,0.193465,-0.0316366,0.0208333,0.744251,-0.0430638,0.000710365,0.7454961746983503,-0.207153,0.139101,-0.076728,0.26105294404392376,0.9717768704537648,0.019060735,0.24134705301701945
4428,0.280762,-0.0353845,0.0208333,-0.15287,-0.0190471,0.011277,0.1544642342013516,0.0431121,0.0261057,-0.150047,0.15828538450501362,0.25782395514042133,0.055959449999999994,0.20188536351107775
4452,0.297538,-0.0303154,0.0208333,-0.0536667,-0.127899,-0.113446,0.17918778922094553,0.0800314,-0.206968,-0.0743091,0.23401414562536602,0.16018359980416222,0.1021337,0.06786118183468366
4476,0.114421,-0.0333393,0.0208333,-0.464765,0.165335,0.000286405,0.4932973236069947,-0.0141243,0.0399864,-0.0109044,0.043787143944427336,0.46788304749691245,0.000807398,0.23313558286971126
4500,0.241458,-0.0179493,0.0208333,0.664613,0.267096,0.00139366,0.7162769403472343,0.970905,-0.0780215,0.0347494,0.9746544999576054,0.46263752923989815,0.024945,0.013273093083377364
4524,0.288777,-0.035277,0.0208333,-0.149503,-0.0277498,-0.0179026,0.1531068303368599,0.000929415,-0.08495,-0.0412928,0.09445878277895722,0.16263110347904616,0.075439,0.07658988183826895
4548,0.21648,-0.0162146,0.0208333,0.769651,0.114512,-0.000276084,0.7781232140010829,0.983905,-0.149798,0.0140648,0.9953423071627369,0.3405439965260017,0.027529815,0.03150766573391307
4572,0.107453,-0.0345481,0.0208333,-0.35383,0.236025,-0.000951284,0.4253285488492968,-0.0120994,0.0202657,-0.012217,0.026577230214038485,0.40430037703401,0.000358867,0.3312868847388921
4596,0.147858,-0.0381879,0.0208333,-0.534856,-0.0302612,-0.00640246,0.535749635982603,-0.148416,0.0277591,-0.0013304,0.1509955186519454,0.3908042407711738,0.0029857425,0.8783427576976996
4620,0.250399,-0.0383138,0.0208333,-0.0574621,0.000181672,0.0234092,0.062047696055257236,-0.143251,0.00739977,0.109715,0.18059066094915566,0.12190376292628378,0.06066930000000001,0.593652255112368
4644,0.282694,-0.0352708,0.0208333,-0.153139,-0.0198732,0.00570449,0.15452843947118633,0.0331999,0.033325,-0.11201,0.12148674448272123,0.2267353860613956,0.05498905,0.2022001483678981
4668,0.165095,-0.0131793,0.0208333,0.872848,-0.339381,0.000891395,0.9365062139943579,0.835868,-0.09782,0.0123953,0.8416636556761199,0.24464581940276234,0.0043464615,0.02124394031247499
4692,0.161889,-0.035006,0.0208333,0.0735663,-0.123802,-0.0035794,0.1440546694975557,-0.280042,0.130692,-0.0460534,0.31244973400462356,0.43773287121358617,0.00955054,0.46223587052499504
4716,0.201633,-0.0362024,0.0208333,0.643449,-0.0012395,-0.000448283,0.6434503500029339,-0.225109,0.0590236,-0.163377,0.28434115313643926,0.8857597910319005,0.026730144999999997,0.28651910931035646
4740,0.220676,-0.0334559,0.0208333,0.673892,0.0546888,0.000516114,0.6761076533238631,-0.0241782,0.111202,-0.0637691,0.13044910223550793,0.7032981833058478,0.0408817,0.32382402628588264
4764,0.238626,-0.0314385,0.0208333,0.535397,0.147384,0.00304198,0.5553208484356772,0.253156,0.00260122,-0.0595116,0.2600699083247587,0.32331870628892606,0.07435995,0.10252902028206452
4788,0.160536,-0.0312811,0.0208333,0.34102,-0.25609,-0.00043239,0.4264702984512662,-0.224686,0.119638,-0.0501229,0.2594404647398127,0.6809287445864363,0.00736416,0.2653133995862252
4812,0.22778,-0.0315401,0.0208333,0.663512,0.096915,0.00108099,0.6705533982528014,0.18894,0.0302811,-0.202237,0.2784152883485568,0.5205735921758325,0.059888750000000004,0.14353640653158348
4836,0.229098,-0.0352964,0.0208333,0.543577,0.0647356,0.000927867,0.5474189563520153,-0.0583153,0.0655004,0.113284,0.14326283980938673,0.6122898221765928,0.03017085,0.21363239454726898
4860,0.10659,0.00930149,0.0208333,0.69857,-0.0292831,0.00299797,0.6991899117333794,0.695208,-0.0162553,0.0059345,0.6954233360567792,0.013771340721981277,0.00011743805,4.0370905365126505e-05
4884,0.209814,-0.0209259,0.0208333,0.835634,0.0468436,2.3727e-05,0.8369459393413236,0.348055,0.0179237,0.0242084,0.34935596270458874,0.4890342935471161,0.0968718,0.11183604070244976
4908,0.162579,-0.0341938,0.0208333,0.232959,-0.197211,-0.00111984,0.30522668337421877,-0.271493,0.136939,-0.0619916,0.31032837002207836,0.6081393047398742,0.009836235,0.418052628265868
4932,0.170034,-0.0308505,0.0208333,0.533921,-0.195415,8.50371e-05,0.568558408342809,-0.19119,0.0799878,-0.0488912,0.21293664242276386,0.7771945292970835,0.013408334999999999,0.1577244432546839
4956,0.229749,-0.0345081,0.0208333,0.552932,0.0742633,0.00114634,0.5578979731512614,0.00236568,0.0615141,0.0692988,0.09269252732616799,0.5549149237703325,0.03500075,0.16431433291103975
4980,0.211336,-0.036174,0.0208333,0.64064,0.0177272,-0.000347485,0.6408853126462372,-0.17098,0.0660974,-0.125105,0.22193307034274995,0.8225759163730817,0.019159955,0.2257268260530857
5004,0.108933,-0.0329343,0.0208333,-0.350789,0.264114,-0.000762236,0.43910102313786487,-0.0138415,0.0320155,-0.00913492,0.0360558750539548,0.40923518091173916,0.00075192055,0.20089176190177635
5028,0.259483,-0.0192666,0.0208333,0.466254,0.323509,0.00636721,0.5675309744500154,0.686247,0.0989129,0.0407037,0.6945325751821149,0.31625831645939384,0.0726309,0.04960897096292162
5052,0.216595,-0.0356164,0.0208333,0.638673,0.0301173,-3.93677e-05,0.6393827134339072,-0.134436,0.118584,-0.0477051,0.18550196688447806,0.779612663394833,0.020869305,0.3239151123365503
5076,0.244558,0.031429,0.0208333,-0.239303,0.0918282,-0.000731427,0.2563179258454163,-0.290763,-0.0644574,-0.0569264,0.3032136105136443,0.1738712033599317,0.01594415,0.005307259179651961
5100,0.392141,0.0328612,0.0208333,1.37037,-0.0120389,-0.000498103,1.3704229712463991,1.43242,0.0142185,0.0187624,1.432613433483021,0.07007581987085847,0.09104604999999999,0.011137504208753413
5124,0.152755,-0.0364467,0.0208333,-0.328081,-0.0706333,-0.00543205,0.335642239292215,-0.239067,0.0837281,0.025114,0.25454692733287904,0.1807871543461053,0.007751636500000001,0.6075294231557843
5148,0.142191,-0.0205239,0.0208333,0.660876,-0.356053,3.62117e-05,0.750686903772996,-0.148134,0.0722224,-0.0028651,0.16482707852707335,0.9153826609428106,0.001567534,0.2618113824874694
5172,0.176305,-0.0349578,0.0208333,0.443495,-0.0851198,-0.000332617,0.45158975410333285,-0.228229,0.0990191,-0.144029,0.2874675832973346,0.7111743226217413,0.01424033,0.23926993124920648
5196,0.184676,-0.0373096,0.0208333,0.481647,-0.0256463,-0.00144516,0.48233147709859825,-0.326556,0.0367842,-0.168649,0.3693702528718847,0.8276755286040512,0.013652365,0.2679888057363591
5220,0.158764,0.0369135,0.0208333,-0.377484,-0.015004,-0.00216317,0.3777882602416979,0.00163416,-0.0129944,0.00365947,0.01359840545602682,0.3791681960166427,0.0013795213,0.0
5244,0.140879,-0.0318453,0.0208333,-0.187113,-0.112436,0.00224261,0.2183074853609287,-0.135963,0.0836766,0.0326079,0.1629447326518105,0.20493541718196026,0.003458452,0.39137322340701847
5268,0.392103,0.0272587,0.0208333,1.06415,-0.0322902,-0.00154313,1.0646409069570062,1.25413,-0.0273381,0.00168661,1.2544290626675156,0.1900719729862286,0.15251085,0.00734079695945883
5292,0.109855,-0.0338315,0.0208333,-0.390137,0.233376,-0.000794879,0.45461177720954904,-0.00658368,0.0273595,0.00323158,0.028325433657559417,0.43539885154574204,0.0005857981500000001,0.2314713805203572
5316,0.228132,-0.0364936,0.0208333,0.502317,0.0440479,0.000624311,0.504244956095383,-0.118191,0.0746967,0.13724,0.19591714338436542,0.6361079888559684,0.0316543,0.3070760492125688
5340,0.252498,-0.0353773,0.0208333,-0.0619531,0.0139649,0.0236957,0.06778415176211915,-0.00699395,0.0107114,0.0951506,0.09600669823987543,0.09020474580077535,0.0878941,0.2410738476069107
5364,0.16884,-0.0318571,0.0208333,0.450395,-0.187973,-0.000143762,0.4880466426700553,-0.216,0.0983214,-0.0736002,0.2484755262354826,0.7290011164463384,0.0132007,0.20845671013426265
5388,0.177404,-0.0363024,0.0208333,0.40128,-0.0580856,-0.00105942,0.40546355902608117,-0.270024,0.0790317,-0.161614,0.3244657997029733,0.7037243690069759,0.01308754,0.29987447373859616
5412,0.261482,-0.0293042,0.0208333,0.0136352,0.081508,0.0146252,0.08392478309820049,0.259598,0.119189,0.0564632,0.2911790381865425,0.25232513744936313,0.07865330000000001,0.1485072388808034
5436,0.24357,-0.0351595,0.0208333,0.267647,0.100655,0.00729759,0.2860412565589239,0.0342488,0.0124464,0.238061,0.24083382838671147,0.3398635436054125,0.0410409,0.26824783316925416
5460,0.151021,-0.0317885,0.0208333,-0.0235149,-0.198746,0.00155517,0.200138306157864,-0.246874,0.152671,0.0029863,0.29028283467110144,0.4163955374099089,0.006906165,0.45405175916408475
5484,0.210387,-0.027846,0.0208333,0.8152,0.034402,0.000629912,0.8159258142705916,-0.0277022,0.200356,-0.0978746,0.22469841108917527,0.8647126619665044,0.0492714,0.2175010344802985
5508,0.142766,-0.0275693,0.0208333,0.173303,-0.205106,0.0010627,0.2685210054656619,-0.17674,0.132431,0.00237205,0.22086336043400795,0.4862746575911832,0.0036502999999999996,0.2565369369116268
5532,0.193409,-0.0350747,0.0208333,0.644993,-0.0243641,4.13564e-05,0.6454530045852772,-0.255618,0.0899114,-0.147481,0.30850488996928394,0.9197401311561101,0.01704418,0.3363183016132188
5556,0.254479,-0.0352975,0.0208333,-0.0760902,0.00717708,0.0227809,0.07975085214702349,-0.00112885,0.00417044,0.0753774,0.07550112120277486,0.09162224451606771,0.094302,0.23012909420583916
5580,0.247258,-0.0358841,0.0208333,0.089033,0.0665497,0.013422,0.11196377871030434,-0.0366981,-0.0616164,0.123869,0.14313231799132578,0.21079231130527507,0.062633,0.3240277765871315
5604,0.141067,-0.0395059,0.0208333,-0.696311,-0.00575677,-0.00733692,0.6963734483141351,-0.037256,0.00464848,0.0119339,0.039395886479687184,0.6594187794990639,0.0007146665,2.4495571028249166
5628,0.126602,-0.0356762,0.0208333,-0.675685,0.0151182,0.00147116,0.6758557120480566,-0.0309469,0.037037,0.0261734,0.05490443384800539,0.6455833424477955,0.000866103,0.5690105447177582
5652,0.145265,-0.0354445,0.0208333,-0.463901,-0.0682172,-6.21038e-05,0.4688898890291003,-0.182009,0.0579427,0.015284,0.19162002301505446,0.30921662784179377,0.0039461825,0.7184044821686457
5676,0.24905,-0.0377259,0.0208333,-0.0536921,0.0010409,0.0239818,0.058813704240253395,-0.134204,-0.0208704,0.0829458,0.15914236692282793,0.10217154400957246,0.0625679,0.5061748709685221
5700,0.233188,-0.0371503,0.0208333,0.403546,0.049865,0.00198413,0.40662000579516117,-0.141979,0.0609233,0.188457,0.24369186644795923,0.5766211432734035,0.034799655,0.22311476867298588
5724,0.18457,-0.0380901,0.0208333,0.436569,-0.0132759,-0.00268849,0.4367790851910037,-0.3645,0.0223019,-0.150364,0.39492652131707995,0.8153437182364259,0.01208558,0.3885408601421477
5748,0.22741,-0.035031,0.0208333,0.563446,0.0617635,0.0007212,0.5668215283294117,-0.0544047,0.0841009,0.0921458,0.1361017311445376,0.6249775231273601,0.02956155,0.24766933601073832
5772,0.177459,-0.0371519,0.0208333,0.362339,-0.0397703,-0.00195467,0.36452029904780187,-0.320256,0.0594173,-0.149066,0.35821082260491516,0.7052771493768454,0.011782965,0.34172357249683555
5796,0.245977,-0.0211009,0.0208333,0.606532,0.272481,0.00286243,0.6649324446065967,0.780378,-0.0912878,0.0322356,0.786360235019676,0.40424368230720553,0.0410838,0.016851201737561626
5820,0.292222,-0.0327258,0.0208333,-0.119593,-0.0641571,-0.050328,0.14474642210918376,0.0850951,-0.0789369,-0.0418639,0.12338880155358509,0.20539547648003353,0.05891365,0.08687629135730875
5844,0.260805,-0.0328322,0.0208333,-0.0636926,0.022588,0.0162576,0.06950737080713096,0.0858398,0.0746341,0.0444177,0.12211327618297692,0.16081581516436746,0.1056242,0.2717554047300624
5868,0.244247,-0.0332684,0.0208333,0.372026,0.140215,0.00596902,0.3976169263257796,0.188729,0.00604278,0.169978,0.2540623370653911,0.2801765877966409,0.05961875,0.16902248371148734
5892,0.214839,-0.0368593,0.0208333,0.611384,0.0208471,-0.000481151,0.6117395103642521,-0.136378,0.0736071,-0.0890216,0.17872271629809683,0.7548317940793973,0.022043055,0.28239121799376127
5916,0.249106,-0.0307476,0.0208333,0.373959,0.183677,0.00708166,0.41669260122823826,0.313475,0.0130711,0.0887206,0.3260502632180658,0.19856888954499796,0.10007115,0.14115310836109846
5940,0.225075,-0.0362973,0.0208333,0.553132,0.0430158,0.000228116,0.5548021453730594,-0.102433,0.0731137,0.0898602,0.15463824934578765,0.6623482945487162,0.03615425,0.5162751204542012
5964,0.234107,-0.0316848,0.0208333,0.579452,0.122445,0.00198341,0.5922510719654529,0.208905,0.0380217,-0.0800913,0.22693956250856748,0.3888041033907359,0.06240785,0.1428782698663446
5988,0.176974,-0.0329787,0.0208333,0.553284,-0.118358,0.000227383,0.5658019552131547,-0.19643,0.0979838,-0.102113,0.2421004641289231,0.7869869187069292,0.013548055,0.204209696145898
6012,0.191115,-0.0343875,0.0208333,0.654441,-0.0339459,0.000303532,0.6553208670105699,-0.237736,0.0999325,-0.126001,0.2870211878124157,0.910964357216735,0.016000865,0.3137030442950785
6036,0.161707,-0.0301292,0.0208333,0.430822,-0.256858,-0.000381456,0.5015812729325926,-0.177981,0.0926582,-0.0441443,0.20545436868251304,0.7033618225255109,0.010249185000000001,0.19449395877507353
6060,0.228942,-0.0304721,0.0208333,0.658894,0.109932,0.00122903,0.6680028879988027,0.266853,0.0117241,-0.237005,0.35709851323522757,0.4691443171918966,0.06106045,0.13634405010853975
6084,0.252362,-0.034242,0.0208333,0.031884,0.0513699,0.0195523,0.06354328066208104,0.0502617,0.00918752,0.120766,0.13112999567848846,0.11118141079984728,0.08507675,0.22275524685178574
6108,0.238499,0.0313771,0.0208333,-0.317857,0.067052,-0.000532056,0.32485277624885267,-0.273494,-0.0760166,-0.0587425,0.2898761335774472,0.16070207175278461,0.00897121,0.005424490759509136
6132,0.298809,-0.0203722,0.0208333,-0.0379812,-0.0928046,-0.117922,0.15479296953867122,0.0963737,-0.0969197,-0.212374,0.25255501217710963,0.16428436780783495,0.058244905,0.020043777089161614
6156,0.294719,-0.0058358,0.0208333,-0.162722,0.104808,-0.0336005,0.19644887311524595,0.159599,0.318975,-0.108418,0.37278861858967743,0.3941522411914589,0.05818055,0.021699170491057948
6180,0.243479,-0.0304265,0.0208333,0.478062,0.17728,0.00454594,0.5098942437550003,0.360345,-0.0399293,-0.08593,0.3725947301338145,0.2631027704422239,0.0817495,0.1293615089584224
6204,0.250016,-0.029601,0.0208333,0.376193,0.193245,0.00726372,0.4229864831200146,0.3988,0.0103007,0.0391854,0.4008528907138502,0.18707936018041219,0.0974932,0.1460089038380879
6228,0.288678,-0.0314356,0.0208333,-0.134832,-0.0528234,-0.0285598,0.14759960022845592,0.163893,-0.0393191,-0.0178233,0.1694832649458347,0.2992227668071733,0.0524217,0.10769122526928553
6252,0.280668,-0.0343084,0.0208333,-0.143456,-0.0289883,0.00266826,0.14637986570672074,0.142687,0.0441269,-0.131596,0.19905845997749003,0.3244233968649419,0.04742545,0.18621224449536072
6276,0.182916,0.0311821,0.0208333,-0.430812,-0.0603756,-0.000678896,0.4350225894354669,-0.0508561,0.0688253,0.0329438,0.09169819401569478,0.4027280027412154,0.0051165085,0.0003689037814932235
6300,0.158704,0.0339943,0.0208333,-0.348141,-0.0379379,-0.00206135,0.35020806572840735,0.00341481,-0.0205182,0.00912376,0.022713442167881556,0.35216479122501465,0.0011993158000000001,0.0
6324,0.120841,-0.0341673,0.0208333,-0.563161,0.0649041,0.0022475,0.5668932045580191,-0.0273087,0.0431931,0.0361525,0.06259722229899663,0.537362637295607,0.0007833875,0.5076967598872382
6348,0.182846,-0.0354868,0.0208333,0.523759,-0.0514243,-0.000373912,0.526277577445281,-0.224701,0.0732764,-0.153956,0.2820681125791428,0.7741641259674397,0.01202314,0.18661698743683544
6372,0.110459,-0.0356793,0.0208333,-0.463956,0.17368,-0.00136752,0.4954006282262371,0.00806725,0.0165251,0.0238194,0.030091913680131744,0.4981345120282863,0.0002360335,0.3861062030063749
6396,0.23221,-0.0296783,0.0208333,0.639525,0.131407,0.00161803,0.6528879255240374,0.337373,-0.025991,-0.219411,0.40328310171763954,0.4061081058175777,0.06432990000000001,0.08594114265007186
6420,0.212922,-0.0355293,0.0208333,0.654905,0.0228592,-9.31483e-05,0.6553038308496645,-0.164024,0.0912612,-0.0983335,0.21190081742100478,0.8276319878709013,0.01336669,0.19798813095738846
6444,0.282762,-0.0378776,0.0208333,-0.18017,-0.00580656,0.0334722,0.18334484779200533,-0.151761,0.0222064,-0.152161,0.21604975177713118,0.1898722785221729,0.06225092,0.3535845019228077
6468,0.158547,-0.0355485,0.0208333,-0.0637554,-0.0965561,-0.00562846,0.11584261322303464,-0.290342,0.119432,0.00272978,0.313958486566056,0.31314885728207215,0.009713795,0.45708423731299247
6492,0.257299,-0.0179262,0.0208333,0.513621,0.334152,0.00501122,0.6127717381463414,0.766262,0.0784892,0.0554991,0.7722681899841854,0.36296000910807574,0.06462395,0.03355800947612954
6516,0.181699,-0.0339663,0.0208333,0.578389,-0.0784123,0.00020378,0.5836800199069507,-0.199984,0.0911657,-0.115754,0.2484024428794733,0.805026354820467,0.01265767,0.1836232556077797
6540,0.117119,-0.0329579,0.0208333,-0.45296,0.123219,0.00145921,0.46942285080173085,-0.0188349,0.0421608,0.012491,0.04783629997867728,0.44176547468974314,0.001111355,0.408724846320847
6564,0.281578,-0.0322366,0.0208333,-0.140321,-0.0432081,-0.00443227,0.14688964553011521,0.231988,0.0608552,-0.0549644,0.24605461340604853,0.38986748780864877,0.0549786,0.17263371628972135
6588,0.161697,-0.0367014,0.0208333,-0.0458966,-0.0716348,-0.00416923,0.08517878222534589,-0.291251,0.0978294,-0.00970747,0.30739546431130194,0.2982407899387634,0.008678005,0.424759932197
6612,0.214567,-0.0262014,0.0208333,0.81066,0.0630765,0.000494841,0.8131104016797874,0.092635,0.0959692,-0.103412,0.1687761011448007,0.7262495865368113,0.054882505,0.14350087107749554
6636,0.281119,-0.0290229,0.0208333,-0.145928,-0.057732,0.0010949,0.15693681471856755,0.268631,0.0537041,-0.00800963,0.27406367634282897,0.4293717053215441,0.0769339,0.14687171272917057
6660,0.147033,-0.0258831,0.0208333,0.460987,-0.349602,0.000326869,0.578559140811329,-0.190435,0.13319,-0.0200398,0.23325235027549027,0.8110817089258983,0.0038269000000000003,0.27822023650338595
6684,0.233912,-0.0301206,0.0208333,0.625948,0.138683,0.00179844,0.6411295560020873,0.322174,-0.00929933,-0.179894,0.36911301121803997,0.38365291061242124,0.0713421,0.07994848341275775
6708,0.265974,-0.0283877,0.0208333,-0.031076,0.0521426,0.0105264,0.06160660360480847,0.223285,0.105244,0.0758452,0.25823436085083645,0.26792876410792477,0.08421205,0.20502243779645193
6732,0.174057,-0.0376803,0.0208333,0.26111,-0.0348278,-0.00302819,0.2634398938800198,-0.35734,0.0740026,-0.103379,0.37928284702548837,0.6359203908759461,0.008545225,0.4006931494298349
6756,0.272318,-0.0352779,0.0208333,-0.140635,-0.0148735,0.01955,0.1427642347622471,0.0881406,0.027221,-0.00309851,0.09230031946629491,0.23371601804504138,0.1045548,0.21972164208379655
6780,0.149051,-0.0157449,0.0208333,0.911877,-0.425991,0.000312845,1.0064730960547301,0.465286,0.00111618,0.0183525,0.4656491403514479,0.6182147633638908,0.0011064565,0.05301678979342299
6804,0.290796,-0.0342641,0.0208333,-0.132854,-0.0461067,-0.035771,0.14510540149108855,0.0469852,-0.0891111,-0.0292696,0.1049052269737309,0.18502374030907492,0.07599,0.08578006761480199
6828,0.00786612,-0.00278821,0.0208333,1.16225,0.000632151,-0.000107841,1.1622501769174174,1.21319,0.022553,-0.000190281,1.2133996250682868,0.055456415474085585,3.881521206499999e-09,0.0
6852,0.220316,-0.0300667,0.0208333,0.740002,0.0738198,0.000742623,0.7436752479173689,0.111408,0.111129,-0.176362,0.23635767842192051,0.6541318221342027,0.0593002,0.2644936672209753
6876,0.152879,-0.0300058,0.0208333,0.22865,-0.275965,0.000592913,0.35838227533016415,-0.198286,0.140466,-0.0283613,0.24464749802458638,0.5970992147938643,0.006388315,0.4451932164802155
6900,0.217617,-0.0283211,0.0208333,0.776767,0.0699485,0.000658944,0.7799103789208379,0.0794889,0.120247,-0.126374,0.19169823710250963,0.7105378643697795,0.0746347,0.1619360985080226
6924,0.150149,-0.028055,0.0208333,0.339031,-0.315284,0.000566488,0.46297552907864814,-0.191376,0.13359,-0.0335336,0.23578711543458009,0.6956883422385399,0.005170454999999999,0.39685009764393403
6948,0.152255,-0.0314075,0.0208333,0.101028,-0.240435,0.00105992,0.2608002481582531,-0.247484,0.157498,-0.00264397,0.293361450837292,0.5289848820468617,0.00719706,0.4162355102583152
6972,0.118686,-0.0369334,0.0208333,-0.678843,0.0658545,-0.000626924,0.6820300776746959,0.000507185,0.017907,0.0118956,0.021504027180605612,0.6811552321043381,0.0013514260000000002,0.7741188539236078
6996,0.125908,-0.0326837,0.0208333,-0.474907,0.00750878,0.00385782,0.4749820240822181,-0.045936,0.0417916,0.0241056,0.06661631840562791,0.4308148130961618,0.0009621014999999999,0.32152604871145357
7020,0.118513,-0.0326381,0.0208333,-0.465237,0.104273,0.00189855,0.4767828952365033,-0.0219356,0.044376,0.0246643,0.055305764779541744,0.44790854113761047,0.001118814,0.3452520818184881
7044,0.235715,-0.0381463,0.0208333,0.294315,0.0384376,0.00354794,0.2968355709765991,-0.200685,0.0329223,0.179687,0.27137753228904193,0.5254335229044428,0.03680405,0.2978167221631452
7068,0.244586,-0.0365885,0.0208333,0.149293,0.0734308,0.0096264,0.166652782198798,-0.0970298,-0.0341798,0.185253,0.21190024734549037,0.3210913665294662,0.049705,0.3411773732239581
7092,0.231419,-0.0308605,0.0208333,0.638578,0.11774,0.00147448,0.6493433173408889,0.240504,0.0217704,-0.169048,0.2947767810329708,0.4435662180391,0.0579033,0.09338104732760283
7116,0.274507,-0.0367906,0.0208333,-0.155037,-0.011079,0.0308561,0.15846549945401364,0.0109795,0.0226273,-0.0836082,0.08730907875347213,0.20444967328521219,0.10222595,0.23311327718514877
7140,0.161999,-0.0376368,0.0208333,-0.108708,-0.0494284,-0.0032483,0.11946190791817281,-0.291721,0.0676978,0.0124658,0.2997324309037646,0.21785141228426774,0.0081148905,0.5363012213299537
7164,0.269766,-0.0364777,0.0208333,-0.141399,-0.00584866,0.0278922,0.14424236148106978,-0.0166966,0.0513883,-0.00854431,0.05470410461588874,0.14196611362146144,0.09622815,0.23823958529178144
7188,0.203874,-0.0308367,0.0208333,0.782808,-0.00109868,0.000709643,0.7828090926624,-0.199862,0.199593,0.00911899,0.282604565907241,1.002989629277486,0.0213336,0.1421020759876505
7212,0.193202,-0.0370019,0.0208333,0.582846,-0.0141569,-0.000927297,0.5830186424234959,-0.298629,0.0543433,-0.184263,0.3550849575311379,0.9029409908845341,0.015747495,0.42903729441623134
7236,0.261435,-0.0317794,0.0208333,-0.0480649,0.0285147,0.0148294,0.05782070418509273,0.142086,0.0793275,0.0548226,0.1717172126579336,0.20084511809075667,0.10610215,0.2688616744722089
7260,0.22572,-0.0355298,0.0208333,0.566704,0.0521955,0.000451999,0.5691028010292569,-0.0712252,0.0833875,0.0848328,0.1386474241633432,0.6442412006803365,0.0381133,0.3913029516883306
7284,0.107396,-0.0382909,0.0208333,-0.34099,0.0878116,-0.00143449,0.35211804122498486,0.015319,0.0112239,-0.00399087,0.01940553363262397,0.3644561898925499,0.000125745665,1.1176224765098455
7308,0.268028,-0.0316138,0.0208333,-0.0981005,0.00206826,0.00886469,0.09852191902553309,0.127209,0.03903,0.0692878,0.15002089791039114,0.23618106028246572,0.0961304,0.2635564455671688
7332,0.218209,-0.0350831,0.0208333,0.642795,0.0368901,0.000106192,0.6438527027043925,-0.112347,0.121908,-0.03145,0.1687379962338062,0.7605677331690787,0.02788843,0.38017627490415545
7356,0.245049,-0.03096,0.0208333,0.4504,0.178515,0.00515257,0.48451451392358197,0.322362,-0.0289805,-0.0108323,0.3238432755941367,0.24434325862025927,0.08382165000000001,0.1208085261891726
7380,0.251661,-0.0301534,0.0208333,0.323561,0.177859,0.0086949,0.36932525758199913,0.344867,0.024957,0.0917275,0.35772899490291526,0.17529226994582503,0.10741434999999999,0.18853514261272353
7404,0.192424,-0.0303416,0.0208333,0.766204,-0.0529581,0.000759456,0.768032360480355,-0.219329,0.147082,-0.0545361,0.2696525749333946,1.0071489136221907,0.01660039,0.2311733116084121
7428,0.101747,-0.0359784,0.0208333,-0.109901,0.156447,0.00666203,0.1913067595609755,0.00396172,-0.0145737,-0.0337863,0.03700813457523089,0.2094012087693796,0.00037055249999999997,0.11831145337624756
7452,0.128019,-0.0312209,0.0208333,-0.347708,-0.0346376,0.00452786,0.3494583209968531,-0.0560205,0.0413507,0.0132891,0.07088566138190432,0.3015502921893421,0.000827854,0.34364516583243243
7476,0.288786,-0.0341392,0.0208333,-0.139225,-0.0395299,-0.0238636,0.14668225872262125,0.0474373,-0.0792105,-0.0408705,0.10097028529121822,0.19158966283508094,0.06905515000000001,0.07349367319708548
7500,0.215227,-0.0362039,0.0208333,0.625448,0.0255476,-0.000301225,0.6259696249070402,-0.139007,0.100826,-0.0726721,0.18646732272280309,0.7715541640609723,0.018747005,0.2555773855410529
7524,0.221398,-0.0376494,0.0208333,0.535888,0.0235544,-0.000422188,0.5364055709498806,-0.121263,0.0459863,0.0170065,0.13080013761055453,0.6577646890066473,0.036681005,0.5455657613890373
7548,0.244671,-0.037502,0.0208333,0.0567869,0.0401829,0.0107946,0.07039844354231135,-0.155713,-0.0518024,0.135357,0.2127241040967384,0.2629321098874384,0.060235449999999996,0.4152541390522195
7572,0.240031,-0.0307018,0.0208333,0.527159,0.160426,0.00331691,0.5510391226119504,0.326715,-0.0131695,-0.112872,0.34591359519286025,0.28950484894598594,0.08040045,0.10965582519866421
7596,0.249499,-0.0383511,0.0208333,-0.0540477,-0.000602121,0.0236265,0.05898921873731369,-0.130496,-0.00849895,0.104157,0.1671828903210568,0.11131874914584353,0.0596337,0.5446714606072178
7620,0.290152,0.00142399,0.0208333,-0.0544721,0.267087,0.0276165,0.27398055828773693,0.261115,0.618297,0.0740245,0.6752420677314543,0.474444289933402,0.08010495,0.020630850685320758
7644,0.269972,-0.0373689,0.0208333,-0.14823,-0.00443569,0.0368049,0.1527953170414136,-0.086321,0.0501845,-0.0319896,0.10484814537897176,0.10746521607890668,0.08255805,0.25468038793750886
7668,0.176377,-0.0299799,0.0208333,0.659881,-0.160702,0.000425913,0.6791673198607863,-0.168003,0.104225,-0.0385569,0.2014311127199818,0.8701137238857879,0.010563574999999999,0.1770632655295841
7692,0.246438,-0.0300522,0.0208333,0.444728,0.190543,0.00553216,0.48385972515519987,0.3721,-0.024092,-0.0436055,0.37542013011325054,0.23185667822876183,0.08878994999999999,0.10482604638161262
7716,0.253023,-0.0291421,0.0208333,0.317766,0.187519,0.00891413,0.36907731958311507,0.401523,0.0374236,0.082608,0.4116373732181761,0.18701510801466523,0.1063283,0.14269653114214095
7740,0.260114,-0.0282811,0.0208333,0.117751,0.134638,0.0143026,0.1794359312171339,0.319956,0.0959241,0.0804798,0.3435844482872442,0.21625228294297846,0.08392569999999999,0.1343272124329244
7764,0.267469,-0.0271841,0.0208333,-0.0240693,0.0527035,0.00999929,0.05879605356862057,0.235449,0.115684,0.0787131,0.27388824649592025,0.27574966745194107,0.08219395,0.19657136108802828
7788,0.275411,-0.0264071,0.0208333,-0.114819,-0.03659,0.0108889,0.12099916943603374,0.223431,0.0698589,0.0231964,0.2352440236077635,0.35481812998698364,0.10278970000000001,0.1343421006237434
7812,0.282708,-0.0341715,0.0208333,-0.143509,-0.0299835,-0.00244065,0.14662810141876795,0.117835,0.0516346,-0.103134,0.16488735881855832,0.2917213590360372,0.041308399999999995,0.17669748158929713
7836,0.116824,-0.0376408,0.0208333,-0.671258,0.0599058,-0.00162916,0.673927786635887,0.00786037,0.000929498,-0.00208241,0.00818448620727068,0.6816745338536673,0.0008715814999999999,0.5399888887745747
7860,0.291104,0.0319489,0.0208333,0.773225,0.348101,0.00460111,0.8479813541813477,0.595394,0.298889,0.00667567,0.6662381061804773,0.18452639189068218,0.069384135,0.016477863939236784
7884,0.173848,-0.0329413,0.0208333,0.496294,-0.131288,4.07212e-05,0.5133656348434478,-0.211258,0.0951021,-0.0967479,0.2510667404154122,0.7491664349634245,0.0153334,0.17816621453014037
7908,0.146355,-0.0383537,0.0208333,-0.578395,-0.021522,-0.00649622,0.5788317314930898,-0.132766,0.0251391,-0.00415392,0.1351889054478081,0.44807136737745246,0.0021247964999999997,1.0269761438319782
7932,0.188888,-0.0331363,0.0208333,0.678591,-0.0536063,0.000561947,0.6807052934017194,-0.223177,0.124084,-0.107782,0.27716740773222237,0.9254716523965653,0.014685704999999999,0.27773044485615905
7956,0.176505,-0.0359534,0.0208333,0.396514,-0.0629694,-0.000968336,0.40148404103646373,-0.249387,0.0930074,-0.163749,0.3125027795472546,0.6841157858955754,0.01394418,0.2768246737557908
7980,0.289963,-0.0322281,0.0208333,-0.131116,-0.0567011,-0.0375319,0.14769923396829113,0.118843,-0.0790506,-0.0198003,0.14409964569508837,0.2515818186392053,0.0624149,0.08016907134300609
8004,0.192648,-0.0365029,0.0208333,0.58131,-0.015684,-0.000851828,0.5815221660151413,-0.291059,0.0647106,-0.175862,0.3461650564071423,0.8933753545815049,0.015630869999999998,0.4133509404852008
8028,0.219914,-0.0216322,0.0208333,0.802303,0.111722,0.000195091,0.8100444106056768,0.476637,-0.0491541,0.0224562,0.47969077147079864,0.3639162267351098,0.06790665,0.05099970588150485
8052,0.152473,-0.0212379,0.0208333,0.68382,-0.388896,-6.93405e-05,0.786670131646108,-0.165422,0.0428593,0.089291,0.19280622490337287,0.9568750619053493,0.005646470000000001,0.08393372385400281
8076,0.194959,-0.0357428,0.0208333,0.631778,-0.0180444,-0.000222514,0.6320356723855387,-0.26891,0.0823192,-0.165424,0.3262731042618131,0.9211966437876161,0.01725774,0.40091270870352813
8100,0.184731,-0.0355044,0.0208333,0.547138,-0.0439241,-0.000328587,0.5488983745414324,-0.233586,0.0790586,-0.150395,0.28884483318030807,0.8044716508280304,0.01256573,0.18323864221282585
8124,0.206235,-0.0275178,0.0208333,0.833078,0.00894595,0.000632413,0.8331262713728365,-0.108032,0.234814,-0.00761038,0.2585854704033937,0.9678700076700607,0.0320665,0.2369907171177808
8148,0.138559,-0.0271574,0.0208333,0.0944733,-0.189924,0.00155483,0.21212908260118155,-0.126684,0.090075,0.0142354,0.1560928829068129,0.35703051438191513,0.002007915,0.3026129541179624
8172,0.191297,-0.0361608,0.0208333,0.587305,-0.0219382,-0.000579657,0.5877148829547179,-0.271991,0.0683128,-0.159194,0.32247243659085034,0.8784607950400073,0.01592078,0.36401236242743185
8196,0.278834,-0.0355484,0.0208333,-0.152436,-0.0180693,0.0162313,0.15435896086129888,0.0934397,0.0299689,-0.147345,0.17703011474972274,0.2991984866796956,0.06753819999999999,0.20133802422791378
8220,0.178217,-0.0357501,0.0208333,0.436556,-0.0626707,-0.000740548,0.44103209201352944,-0.243112,0.0838535,-0.164708,0.3053908631086562,0.7143551334770488,0.01379122,0.26353728388977526
8244,0.219451,-0.0363292,0.0208333,0.591621,0.0306567,-0.000247071,0.5924148056387255,-0.113231,0.0910557,-0.0173643,0.1463349540539785,0.707642127514776,0.03496875,0.49280219155356847
8268,0.13627,-0.0303108,0.0208333,-0.154881,-0.130257,0.00295646,0.20239503666278877,-0.085867,0.0657702,0.0295714,0.11213085478582602,0.20951837715829036,0.002072345,0.4862561053601281
8292,0.278871,-0.0380656,0.0208333,-0.171102,-0.00394208,0.0461815,0.17726862480703234,-0.162447,-0.010692,-0.219704,0.27344687653911864,0.2661119492906254,0.0532981,0.2848762889396027
8316,0.228966,-0.0369514,0.0208333,0.490372,0.0457621,0.000768541,0.4925032576904224,-0.141239,0.0740055,0.154303,0.22188890229177755,0.6506173799284665,0.03190655,0.30723443817384793
8340,0.245469,-0.0348914,0.0208333,0.229985,0.105587,0.00857665,0.25320994000872576,0.0489485,-0.0174705,0.207757,0.21415915827136603,0.2959563725697125,0.04839105,0.269830131749588
8364,0.171555,-0.0363718,0.0208333,0.26945,-0.076942,-0.00145882,0.2802240211327223,-0.281607,0.11553,-0.126718,0.3297076506133881,0.5969917505353591,0.010222485,0.3347670832086094
8388,0.158327,-0.0294866,0.0208333,0.397186,-0.294476,-0.000148306,0.49444196339577573,-0.17809,0.0989065,-0.0410921,0.20781507290054782,0.6981179425780177,0.00808187,0.22518769948645062
8412,0.22565,-0.0297451,0.0208333,0.708349,0.0988842,0.000948843,0.7152183520531885,0.252932,0.0116417,-0.279781,0.3773427271909318,0.5420564015359053,0.06441954999999999,0.20696062427428075
8436,0.164019,-0.0354873,0.0208333,0.165515,-0.164761,-0.00111264,0.23354365826065498,-0.276501,0.131665,-0.0654093,0.3131562736917305,0.536078891786606,0.008757230000000001,0.46990211746703164
8460,0.221644,-0.0136798,0.0208333,0.726298,0.158725,-0.00036945,0.743439672685217,1.09836,-0.147661,0.0115916,1.1083017755609526,0.48212610337659845,0.0072022449999999995,0.013684589873284475
8484,0.203296,-0.0293112,0.0208333,0.815249,-0.00674946,0.00072346,0.8152772599586371,-0.203791,0.221079,0.0406876,0.303417495731146,1.0449619424993004,0.02051575,0.1721661987731622
8508,0.246463,-0.0330256,0.0208333,0.320232,0.141837,0.00724081,0.35031228599987196,0.202806,-0.0119864,0.161391,0.2594629112261712,0.24741217621733197,0.0649087,0.16867424225411537
8532,0.253232,-0.0323113,0.0208333,0.130558,0.105722,0.0142474,0.1685986982593875,0.183735,0.0128937,0.129232,0.22500157232492843,0.15705522865237567,0.09664315,0.16884578762883012
8556,0.116145,-0.0320023,0.0208333,-0.408836,0.145308,0.00106489,0.43389217986812356,-0.0154507,0.0460304,0.0130579,0.050279524729853996,0.4058963764394924,0.0009082859999999999,0.3372046856139458
8580,0.116793,-0.0341217,0.0208333,-0.538631,0.118933,0.000836822,0.5516059398892108,-0.0168832,0.0332373,0.000186734,0.03727996007396944,0.5287390116283626,0.0012698505,0.3564533630084026
8604,0.135631,-0.0290197,0.0208333,-0.0602902,-0.151908,0.00280021,0.1634588322975669,-0.0912998,0.0576654,0.0216666,0.11013806513989612,0.21269354938820334,0.0019753725,0.460824261514083
8628,0.200676,-0.0309928,0.0208333,0.77628,-0.015672,0.000754871,0.7764385486400238,-0.201898,0.166257,0.00284324,0.261557405681234,0.9949546331416725,0.01366995,0.17926684021313033
8652,0.208958,-0.0322817,0.0208333,0.745791,0.0165749,0.000578735,0.7459753869433028,-0.19271,0.17015,-0.119246,0.28338626486828894,0.9585026893331235,0.030389235,0.15106422475225562
8676,0.27268,-0.0370644,0.0208333,-0.152686,-0.00836478,0.0331016,0.15645670347737867,-0.0381955,0.024358,-0.0411499,0.061200675276176494,0.14032868621001338,0.09611795000000001,0.22070727219554864
8700,0.173905,-0.0395257,0.0208333,0.181067,-0.0103229,-0.00643322,0.18147508664546327,-0.21983,0.0103667,-0.0129092,0.2204525908523871,0.40148275489007046,0.0033210605000000004,0.8677949066455737
8724,0.197743,-0.0295117,0.0208333,0.806392,-0.0331501,0.000761061,0.8070734576281491,-0.226272,0.185705,0.00738764,0.2928138354548323,1.0556213351582344,0.014370645000000001,0.1758095560542714
8748,0.235157,-0.0289464,0.0208333,0.617251,0.150791,0.00196414,0.6354058392302825,0.401713,-0.0521895,-0.208956,0.45580663467664656,0.3635175625494174,0.06845655,0.06870050945953748
8772,0.196044,-0.0296726,0.0208333,0.802657,-0.0418969,0.000751112,0.8037500693921255,-0.221018,0.180833,-0.00843809,0.2856934223531373,1.0476657651237853,0.0153271,0.18908093505163337
8796,0.167964,-0.0284629,0.0208333,0.610706,-0.248991,0.000133416,0.6595137256470323,-0.168674,0.085889,-0.0143823,0.18982805153688426,0.8484035035353122,0.01714797,0.11756487570698997
8820,0.108812,-0.0355463,0.0208333,-0.405161,0.196229,-0.00129955,0.45018101380689357,0.000501789,0.0201166,0.00305276,0.020353101271750232,0.4422632908295177,0.0002398595,0.5717289567618559
8844,0.140313,-0.0390851,0.0208333,-0.709098,-0.00265387,-0.00728122,0.7091403477413095,-0.0572928,0.00472016,0.021065,0.06122482394638305,0.6524629516330941,0.0013066484,2.4810199515521836
8868,0.254417,-0.0341989,0.0208333,-0.0323134,0.0228183,0.0208399,0.04471165470500952,0.0478294,0.00848515,0.0891733,0.10154568778521568,0.10629092687676826,0.0944237,0.1870703076385988
8892,0.251379,-0.0335967,0.0208333,0.114329,0.0845691,0.014682,0.14296368084170888,0.0932786,0.024028,0.145717,0.1746759459426512,0.1458715714399828,0.08133005,0.21656477091161433
8916,0.178182,-0.03467,0.0208333,0.497085,-0.0847238,-9.51383e-05,0.5042535359942815,-0.217576,0.0893916,-0.138664,0.273052886493734,0.7485037387154413,0.01343986,0.22772790781983662
8940,0.110742,-0.0310932,0.0208333,-0.306516,0.264362,-0.000588347,0.4047711346578365,-0.0185568,0.0545103,-0.00772866,0.058098707539200906,0.35638353066221784,0.0003534393,0.19466201478460043
8964,0.204574,-0.0378701,0.0208333,0.581501,0.00467299,-0.00135947,0.5815213650376235,-0.23915,0.00894133,-0.150583,0.28275061409512253,0.8341186632806009,0.028067944999999997,0.37757118534125456
8988,0.278087,-0.00425564,0.0208333,0.316823,0.377429,0.00695155,0.49282632581610586,0.549797,0.461314,0.0622632,0.7203915975906715,0.25371826210724857,0.076112955,0.0197125848127535
9012,0.27622,-0.0364193,0.0208333,-0.155295,-0.0137076,0.0258901,0.15803396027680253,0.0517798,0.0191455,-0.12499,0.13663893280573441,0.25831009184826675,0.09695234999999999,0.23210859527385022
9036,0.243683,-0.036238,0.0208333,0.178838,0.0762446,0.00886207,0.19461450500372499,-0.0711561,-0.00190651,0.219792,0.23103105551330128,0.3362976083751518,0.0431153,0.3148510759073248
9060,0.277088,0.0331351,0.0208333,0.318842,0.183696,1.89245e-05,0.3679734253151125,0.162741,-0.0436992,-0.0922394,0.19209987005201226,0.2908396424554041,0.030476999999999997,0.015321031296880769
9084,0.214264,-0.0336038,0.0208333,0.705331,0.032021,0.000400836,0.7060575930272961,-0.155465,0.144327,-0.0700681,0.22340364319233919,0.8709467619739866,0.02470385,0.27116913541183113
9108,0.10799,-0.0353672,0.0208333,-0.385528,0.209388,-0.00115937,0.4387214577232311,-0.00269507,0.0211087,-0.00538677,0.021951262128356082,0.42664741650645777,0.0002897462,0.45736746714212195
9132,0.146708,-0.0334508,0.0208333,-0.250622,-0.137978,0.00172358,0.2860983853432529,-0.199518,0.0950419,0.0138234,0.22143053417984157,0.23886460235045795,0.00470539,0.5855706618333948
9156,0.182097,-0.0392357,0.0208333,0.323031,-0.00411357,-0.00518933,0.32309886654860587,-0.33117,0.00462552,-0.0734183,0.3392421128193851,0.6578073520737581,0.008530303,0.6449813950805093
9180,0.195334,-0.0349358,0.0208333,0.664659,-0.0222449,0.00013624,0.6650311574793677,-0.248208,0.0949566,-0.140182,0.3004579176383275,0.9309949300441692,0.018740835,0.3633111614030045
9204,0.210748,-0.0333214,0.0208333,0.725286,0.0214699,0.000475464,0.7256038619439847,-0.195802,0.143435,-0.124141,0.2726224684614238,0.9374475198441101,0.021841415000000003,0.18793881983241248
9228,0.172572,-0.0225873,0.0208333,0.798851,-0.261629,0.000427909,0.8406026629437432,-0.184973,0.034685,0.150012,0.24066919224944433,1.038309708060315,0.00899512,0.12743625857659194
9252,0.182799,-0.0344333,0.0208333,0.58145,-0.0712993,0.000188759,0.5858051965546653,-0.206413,0.0898104,-0.126357,0.25814400238270113,0.8140628177996929,0.012073125,0.1807113720826667
9276,0.111564,-0.0321916,0.0208333,-0.351472,0.2337,-0.000302495,0.42207623516045656,-0.0156277,0.0493452,-0.00599577,0.05210684243190044,0.38315858271185266,0.00038799405000000003,0.19203567376922445
9300,0.245492,-0.0359347,0.0208333,0.14948,0.0800834,0.0100877,0.1698804963698011,-0.0484904,-0.0383259,0.174726,0.1853358264852481,0.2834057364090219,0.04902465,0.30630540315182164
9324,0.229701,-0.0383255,0.0208333,0.397719,0.0238699,0.000835827,0.39843553266969545,-0.202702,0.0458872,0.173864,0.2709657292423527,0.6252430626500448,0.027497310000000004,0.42684657665254855
9348,0.205128,-0.031239,0.0208333,0.78212,0.00206991,0.000710793,0.7821230620267484,-0.202331,0.20602,-0.019423,0.28941203653269154,1.0055569502681463,0.02464825,0.14255805834816915
9372,0.17978,-0.0373556,0.0208333,0.405119,-0.0357527,-0.00178511,0.40669748749654466,-0.331754,0.0413747,-0.151742,0.36714876668741514,0.7559216380143065,0.012062355,0.3230278625753512
9396,0.202666,-0.037844,0.0208333,0.580292,0.000984701,-0.00143616,0.5802946126370682,-0.264183,0.018793,-0.15908,0.30895352520727126,0.8592477765046699,0.02493898,0.466735471118277
9420,0.29074,-0.0272893,0.0208333,-0.137155,-0.075252,-0.0399369,0.1614599439818124,0.216198,-0.0118487,0.00683352,0.21663024694460467,0.36203009991831675,0.059925900000000004,0.06466606528929993
9444,0.168038,-0.0358521,0.0208333,0.218522,-0.118351,-0.000941625,0.2485150102964419,-0.272857,0.129819,-0.0961792,0.31710306482694234,0.5586697291180905,0.008728900000000001,0.5532838331272657
9468,0.144855,-0.0344534,0.0208333,-0.377548,-0.0939093,0.00143217,0.38905462346744946,-0.177725,0.0688059,0.0220109,0.19184605082883516,0.2585129624766482,0.004372571,0.6388043518950071
9492,0.189418,-0.0321792,0.0208333,0.712412,-0.0589964,0.00066835,0.7148509492535368,-0.213899,0.128165,-0.0985536,0.26812657738269813,0.9502244228248202,0.01629854,0.28210281813551596
9516,0.251142,-0.0323445,0.0208333,0.208678,0.123467,0.0114457,0.2427377428862063,0.195467,0.0234501,0.157473,0.2521011721670687,0.1774876985931701,0.0897457,0.20911647472162495
9540,0.201221,-0.0384926,0.0208333,0.547802,-0.000258707,-0.00194272,0.5478055058999592,-0.299798,0.0132589,-0.149434,0.3352389589370693,0.8604430041409163,0.018653819999999998,0.5905971554283004
9564,0.282821,-0.0298459,0.0208333,-0.145182,-0.0562347,-0.00452772,0.1557583219493854,0.253248,0.0577601,-0.0180343,0.26037667835752876,0.41463683752210967,0.063346,0.14942188594713962
9588,0.270545,-0.0357233,0.0208333,-0.139612,-0.00977874,0.0229737,0.14182709611240585,0.0461876,0.044071,0.00730921,0.06425707731903234,0.19407900995519248,0.10401015,0.23486975113879607
9612,0.212463,-0.0345563,0.0208333,0.690147,0.0239116,0.00021723,0.6905611438623178,-0.181161,0.110146,-0.104565,0.23640069471556124,0.8818125188106215,0.012061205,0.19243336509036055
9636,0.106157,-0.0357993,0.0208333,-0.315144,0.191943,-0.00059855,0.3689962252477693,-0.00293828,0.0159637,-0.0211436,0.02665567534331854,0.35897524247322526,0.0003461085,0.4340587517836727
9660,0.23114,-0.0357325,0.0208333,0.490734,0.0640702,0.00133336,0.4949006234921609,-0.0793492,0.0727448,0.139504,0.1762085908339318,0.5866525627365908,0.03538725,0.21764167799389894
9684,0.133484,-0.0316387,0.0208333,-0.325875,-0.0766396,0.00373173,0.33478660325937915,-0.0847809,0.0451522,0.021295,0.09838698691722397,0.2706807641025548,0.002062145,0.4755586188894067
9708,0.175311,-0.0310258,0.0208333,0.612476,-0.162977,0.000337169,0.6337889765434033,-0.175234,0.0982568,-0.0598731,0.20963335041412184,0.8320789739294536,0.011894390000000001,0.17620471049322148
9732,0.203187,-0.0353747,0.0208333,0.671026,0.00113174,-8.20331e-05,0.6710269593994396,-0.210749,0.0728811,-0.145054,0.26602153795174177,0.8964887018096014,0.023380075,0.23647684876114194
9756,0.254588,-0.0379781,0.0208333,-0.0791283,0.00565359,0.0244883,0.08302365793957828,-0.109432,0.0114553,0.0823405,0.13742832481821207,0.06556562451051694,0.07467995000000001,0.4040272268053231
9780,0.145689,-0.0380062,0.0208333,-0.594485,-0.0182285,-0.00625208,0.5947972612088731,-0.143265,0.0272305,-0.0040497,0.1458861214281194,0.4535094922475873,0.002398532,0.9505945507943963
9804,0.25456,-0.037151,0.0208333,-0.0873159,0.00684035,0.0243559,0.09090691198001667,-0.07326,0.0182373,0.0762034,0.1072687507284857,0.054914679734680234,0.08687485,0.30537190440510403
9828,0.166606,-0.0306865,0.0208333,0.469862,-0.220393,-0.000185311,0.5189830515856628,-0.20467,0.0898848,-0.058333,0.2310234296776844,0.7447461889347812,0.011570750000000001,0.21286732957408
9852,0.179293,-0.0327547,0.0208333,0.605594,-0.110814,0.00037966,0.6156492342021678,-0.187981,0.0959323,-0.0959348,0.23182611672400072,0.8257007862378366,0.012929264999999999,0.19319601445164442
9876,0.209683,-0.0333926,0.0208333,0.72664,0.0190004,0.000468391,0.7268885225330558,-0.208878,0.137011,-0.134664,0.2837894041379981,0.9525655846889162,0.022116499999999997,0.18599543005138594
9900,0.125299,-0.0365833,0.0208333,-0.722014,0.0210042,0.000410284,0.7223195698211428,-0.0179453,0.035155,0.0392677,0.0556763870988411,0.7052821266972013,0.00072462345,1.0330053242844395
9924,0.186482,-0.0355791,0.0208333,0.562786,-0.0356941,-0.000343526,0.5639168986481277,-0.242641,0.083335,-0.148524,0.29644351178934575,0.8275494135401672,0.01402837,0.2257374581233695
9948,0.117442,-0.0359803,0.0208333,-0.630175,0.0933959,-0.000231115,0.63705837893866,-0.00993106,0.0169879,-0.000850645,0.019696149269581225,0.6249328855070315,0.0012319065,0.4857447889581524
9972,0.154619,-0.0132738,0.0208333,0.92141,-0.407458,0.000743577,1.0074814950016475,0.742741,-0.0616406,0.00725186,0.745329689548739,0.3893001970862178,0.0025409265,0.027280175952511743
9996,0.224746,-0.0144241,0.0208333,0.714757,0.175296,-0.000353404,0.7359391153888936,1.10478,-0.13925,0.0129556,1.1135965420525336,0.5012327365929645,0.010487999999999999,0.014648037411202908
10020,0.226528,-0.0282902,0.0208333,0.71281,0.114402,0.000992072,0.7219327516540951,0.289696,-0.024703,-0.267213,0.3948883361078167,0.5199130876093861,0.0717513,0.13934991926800674
10044,0.264299,-0.0358866,0.0208333,-0.11773,0.00526435,0.0215387,0.11979975742301192,-0.0668117,0.0512574,0.0410732,0.09369168623677343,0.07134164711753227,0.0898138,0.3195183875773036
10068,0.159227,-0.0280012,0.0208333,0.509161,-0.301835,-0.000213638,0.5919031481477313,-0.192094,0.0897348,-0.0379336,0.2153866225558124,0.8040573852843598,0.008507795,0.1792696293296776
10092,0.120574,-0.0310884,0.0208333,-0.374068,0.0795882,0.00263967,0.3824501510797831,-0.0262284,0.0390548,0.0236302,0.052645918375881715,0.35082181544681756,0.000765251,0.3891644896441606
10116,0.12024,0.0313921,0.0208333,-0.283065,-0.0446552,0.000700504,0.2865665225002635,0.030812,-0.037075,-0.00239577,0.04826670366715444,0.3139837853675299,0.0001322871,6.103515380499995e-05
10140,0.153606,-0.0365676,0.0208333,-0.301434,-0.0763511,-0.00572421,0.3110059700509527,-0.245338,0.0855233,0.0283058,0.26135452435442935,0.17466574985371375,0.0079818425,0.6154445547732144
10164,0.211375,-0.0184293,0.0208333,0.808952,0.0710295,-0.000145455,0.8120643751153027,0.747943,-0.102277,0.0162582,0.7550785687895267,0.1844622479549922,0.05560204,0.04664332749708151
10188,0.257117,-0.0358056,0.0208333,-0.0869263,0.0123649,0.0217485,0.09045479332766174,-0.0387366,0.0258992,0.0135494,0.048527095323746716,0.05072129437810119,0.10270480000000001,0.37268887828858
10212,0.124203,-0.0381261,0.0208333,-0.776198,0.0186747,-0.00210774,0.7764254775520943,0.00526282,0.0210875,0.0496215,0.05417262401667838,0.7831747883262651,0.0005053302000000001,1.4350331006635353
10236,0.170426,-0.0337175,0.0208333,0.389863,-0.143174,-0.000270703,0.4153215938584391,-0.237259,0.11267,-0.10897,0.2843603750190944,0.685969162855222,0.015007225,0.2370742499724506
10260,0.214727,-0.0382994,0.0208333,0.553352,0.0136169,-0.00109028,0.5535205909269215,-0.157852,0.042095,-0.109243,0.19652805392106237,0.7199438468651623,0.023765704999999998,0.392
10284,0.146142,-0.0357382,0.0208333,-0.447118,-0.0758797,-0.00033859,0.45351113485699346,-0.184244,0.0584311,0.011024,0.1936015845989128,0.29541705997478906,0.0040365869999999995,0.7276304006843034
10308,0.143116,-0.0352694,0.0208333,-0.48044,-0.0592647,0.000630871,0.4840819106972586,-0.167593,0.0538224,0.0211763,0.17729269604935788,0.3332927425675573,0.0038293265000000003,0.634687324593772
10332,0.2746,-0.0374835,0.0208333,-0.164121,-0.00716596,0.0433361,0.16989723713742844,-0.0661021,0.02062,-0.120621,0.13908306031077255,0.19303288572349947,0.0814699,0.26912097651428063
10356,0.200353,-0.0152204,0.0208333,0.802032,-0.00937982,-0.000263605,0.8020868902649066,1.03743,-0.154584,0.0236124,1.049149542910714,0.27760860200691273,0.028495410000000002,0.016356558317690187
10380,0.256312,-0.0352556,0.0208333,-0.0818598,0.0120159,0.0218316,0.08556884636016777,-0.00528931,0.0115891,0.0402628,0.042230049762297224,0.07875868987305527,0.09949174999999999,0.3029602284129057
10404,0.289631,-0.0358141,0.0208333,-0.148101,-0.0294817,-0.0229643,0.15274303882789553,-0.0128242,-0.0801123,-0.0292853,0.0862558375590893,0.14457947750493497,0.08551834999999999,0.08618688995433123
10428,0.15824,-0.0345245,0.0208333,-0.00160871,-0.121593,-0.00408544,0.1216722499868302,-0.283322,0.135518,-0.00800674,0.3141665034554569,0.38142341390810564,0.009540785,0.42824058658655884
10452,0.225414,-0.0345748,0.0208333,0.607908,0.0600248,0.000599166,0.6108645284176644,-0.0223493,0.0749949,0.0212112,0.08107799480709918,0.6307719271201891,0.0449649,0.3464563464565197
10476,0.287915,-0.0357857,0.0208333,-0.152715,-0.0245902,-0.0130076,0.1552280477838976,-0.0233224,-0.0650588,-0.0407107,0.08021186254968775,0.13837490477080736,0.07820835000000001,0.0746265368350964
10500,0.157673,-0.0142337,0.0208333,0.909767,-0.397447,0.000692652,0.992794335129282,0.680341,-0.0717886,0.0124752,0.684231766279526,0.39853294895645996,0.0026863665,0.028451133545080415
10524,0.283548,-0.0357375,0.0208333,-0.155146,-0.0190375,0.00389329,0.1563581319576123,-0.00210932,0.0447075,-0.0896433,0.10019546407898114,0.1903490060894737,0.06067605,0.2507341221293983
10548,0.169754,-0.0355369,0.0208333,0.271999,-0.107138,-0.000837882,0.2923400572813208,-0.265178,0.12707,-0.115713,0.3159994540390853,0.5971673210487274,0.010766399999999999,0.39000512817141264
10572,0.277018,-0.0358037,0.0208333,-0.152504,-0.0162554,0.0208475,0.1547783134079513,0.0995776,0.0249961,-0.13116,0.16656364860608092,0.2972424925327131,0.0902056,0.1995424766810315
10596,0.2934,-0.0325138,0.0208333,-0.112024,-0.0738091,-0.0588672,0.14650087731699768,0.0723019,-0.0841693,-0.0543605,0.12356010588515211,0.18467182107657898,0.05897795,0.08451218847006625
10620,0.177924,-0.0305873,0.0208333,0.661675,-0.148449,0.000461795,0.6781232369419455,-0.18217,0.107435,-0.053181,0.21807431505337807,0.8834186747722803,0.011030105,0.18352547507090125
10644,0.156755,-0.0361421,0.0208333,-0.172623,-0.0859736,-0.00638971,0.19295333223306638,-0.283964,0.102743,0.0239731,0.3029296731398395,0.2212073091641777,0.009245195000000001,0.5159273204628729
10668,0.277458,-0.0271864,0.0208333,-0.135538,-0.0553251,0.0117009,0.14686159196610934,0.233293,0.0538971,0.0147946,0.23989456314508256,0.38467566405158776,0.0981457,0.12210937719929621
10692,0.230908,-0.0390554,0.0208333,0.311408,0.00305844,0.00127455,0.31142562675049096,-0.222472,0.026734,0.175954,0.28490052238632346,0.5622288651373354,0.0226358105,0.6166263049854426
10716,0.143776,-0.0180032,0.0208333,0.833489,-0.406272,1.84316e-05,0.9272329003247911,0.184451,-0.0114787,0.0196764,0.18585234104430862,0.7599332279157857,0.0010649345,0.11614990314244777
10740,0.231594,-0.0390628,0.0208333,0.300356,0.00803758,0.00150106,0.300467273774333,-0.215175,0.0230106,0.165936,0.27269859631717946,0.5413273065177149,0.019017855,0.617692480122593
10764,0.279958,-0.0301006,0.0208333,-0.144352,-0.054629,0.00155227,0.154351019067426,0.26515,0.0467556,-0.0191264,0.2699192986955916,0.4223722676906344,0.07863095,0.15548826322266257
10788,0.170688,0.0364112,0.0208333,-0.42671,-0.0228432,-0.0015618,0.42732385272235857,-0.0163158,0.00238418,0.0173299,0.023921017493459595,0.4116026195545825,0.0006609840000000001,6.103515380499995e-05
10812,0.143002,-0.0384104,0.0208333,-0.649902,-0.0141872,-0.00551869,0.6500802582659745,-0.111718,0.0177183,0.00294318,0.11315260486353108,0.5391953097256568,0.002094156,1.2444838287418603
10836,0.148472,-0.0363222,0.0208333,-0.438347,-0.0654987,-0.00250381,0.4432205333411417,-0.192483,0.0626983,0.00864702,0.20262169939759755,0.27750300595613175,0.00485608,0.7088970306045864
10860,0.130317,-0.029386,0.0208333,-0.167236,-0.100222,0.00422933,0.1950133744445465,-0.0738499,0.0390548,0.00241056,0.08357568984198455,0.16769704414736386,0.002124215,0.2699253600534785
10884,0.119262,-0.0335208,0.0208333,-0.507395,0.0875966,0.00213297,0.5149052339193892,-0.0251435,0.0412548,0.0258684,0.054802629807792984,0.485054061231091,0.001020159,0.3728096028806125
10908,0.273428,-0.0383157,0.0208333,-0.158179,-0.00455476,0.0462427,0.16486275862955707,-0.158405,0.0204824,-0.163473,0.22854998241907612,0.21120507873475866,0.06290494499999999,0.30698338717266116
10932,0.294778,-0.0136816,0.0208333,-0.143357,-0.0137716,-0.0480995,0.1518369135480895,0.234465,0.155345,-0.216054,0.35466214368889165,0.44671982511391856,0.0534101,0.023507871022276774
10956,0.210799,-0.0353228,0.0208333,0.669895,0.0178707,-4.3644e-05,0.670133326173448,-0.191052,0.0836043,-0.131997,0.24680711839712,0.8734771497512815,0.012982114999999999,0.19360397723187403
10980,0.156437,-0.0352022,0.0208333,-0.110517,-0.1237,-0.00409955,0.16592921261550814,-0.28432,0.12314,0.0154957,0.3102280430884513,0.3025251100843738,0.009312265,0.5521919955957348
11004,0.195008,-0.0284377,0.0208333,0.809184,-0.0496639,0.000734001,0.8107069677612732,-0.236945,0.186523,0.0212116,0.30229736110088684,1.0726553353400219,0.013314915,0.18111405246418621
11028,0.265452,-0.0368701,0.0208333,-0.129229,0.00279902,0.0281769,0.13229477180739382,-0.126281,0.052108,-0.0131708,0.13724286720132306,0.06441815355884085,0.0869138,0.32403394883869807
11052,0.130373,-0.0375123,0.0208333,-0.752236,0.00385529,-0.00115263,0.7522467623811359,-0.0528646,0.0133284,0.030049,0.062251542797909835,0.7001311567597095,0.000547515,0.7515936402072598
11076,0.124655,-0.0358342,0.0208333,-0.681369,0.0281979,0.00125035,0.681953370180493,-0.0254674,0.0370289,0.040863,0.06074135878435713,0.6571560373941507,0.0008508385,0.9727964843686474
11100,0.207855,-0.035547,0.0208333,0.664027,0.0112518,-0.000183222,0.6641223481426757,-0.20707,0.0719501,-0.145671,0.2632011436734461,0.8852462711467738,0.02225711,0.2368140620824701
11124,0.106391,-0.0348185,0.0208333,-0.31005,0.239126,-0.000573266,0.3915514972642893,-0.012069,0.0171168,-0.0197788,0.028807056994424127,0.3720881801157693,0.00041138350000000004,0.28600629363704566
11148,0.229423,-0.0333418,0.0208333,0.607701,0.0872893,0.00116327,0.6139391504803899,0.0764651,0.0571324,-0.0214974,0.09784253090824051,0.532573493549265,0.043882000000000004,0.1322845418028879
11172,0.162253,-0.0329906,0.0208333,0.28404,-0.21915,-0.000820381,0.3587563478532264,-0.25979,0.127669,-0.0596894,0.2955554806349563,0.6476882344608572,0.009231585,0.327655306686768
11196,0.212311,-0.0362613,0.0208333,0.637959,0.0184504,-0.000331951,0.6382258323921294,-0.15942,0.0672055,-0.112224,0.2062172199556817,0.8066660771635488,0.01852566,0.2018885831343615
11220,0.295879,-0.028802,0.0208333,-0.0825697,-0.113727,-0.0881879,0.16591772537465668,0.11663,-0.164246,-0.0462305,0.20667986004023228,0.20974535335937716,0.0840657,0.07591844308203376
11244,0.24058,-0.0153144,0.0208333,0.655294,0.27735,0.000718172,0.7115713349391062,1.10654,-0.0563955,0.0143889,1.1080696117408237,0.5614231025619626,0.010098739999999998,0.010377668331566585
11268,0.255414,-0.0357573,0.0208333,-0.0815122,0.0100569,0.0226416,0.08519402582933853,-0.0238623,0.0143049,0.0592533,0.06545985858669419,0.06842494465397835,0.0969391,0.29076949633687504
11292,0.107734,-0.0333468,0.0208333,-0.316406,0.277765,-0.000695965,0.4210304459635683,-0.0190146,0.0260121,-0.019259,0.03753789339547439,0.39008429053318877,0.0005430745999999999,0.18989128468679126
11316,0.147163,-0.0377746,0.0208333,-0.548737,-0.0294575,-0.00606767,0.5495606027495774,-0.162936,0.0337544,-0.00160674,0.1664033690427799,0.3909706584886837,0.003321282,0.8475175514406766
11340,0.172396,-0.0395305,0.0208333,0.141131,-0.0131533,-0.00661612,0.1418969397335418,-0.206657,0.0133175,-0.00697613,0.2072031318417434,0.3487941023065615,0.0030972854999999997,0.912242840476153
11364,0.173167,-0.0390562,0.0208333,0.175332,-0.0125964,-0.00618261,0.17589259274731298,-0.319274,0.0270974,-0.0210495,0.32111249993267155,0.49641889308598247,0.006254928,0.9488124156017352
11388,0.250753,-0.0358643,0.0208333,-0.0480751,0.020059,0.0233049,0.057067478348180066,-0.0318817,0.00313684,0.102121,0.10702794588833144,0.08222264482389022,0.07608005000000001,0.3411934934901309
11412,0.170796,-0.02165,0.0208333,0.799814,-0.274244,0.000443349,0.845524927302759,-0.106972,-0.0380082,0.142381,0.1820988226547333,0.9477417896078223,0.006621419999999999,0.1021327567433681
11436,0.271038,-0.0270067,0.0208333,-0.0758662,0.00577651,0.00907472,0.07662505408349478,0.178493,0.0917609,0.0664891,0.21142519773343008,0.27456935185686054,0.08308155,0.1959234544407586
11460,0.229083,-0.0378373,0.0208333,0.42205,0.0302904,0.000663651,0.4231360907140985,-0.18536,0.0572671,0.168098,0.2566998012200438,0.6306416666126208,0.029682834999999998,0.39197959130546584
11484,0.118807,-0.0250735,0.0208333,0.0622685,0.0769912,-0.00276881,0.09905895859792843,-0.0201074,0.0540681,-0.0058797,0.05798480701407913,0.08556246286200567,0.001515261,0.22379186759129563
11508,0.143571,-0.0361309,0.0208333,-0.538263,-0.0465294,-0.000844058,0.5402710011348633,-0.169526,0.04634,0.0118481,0.1761443662159253,0.3804639161603331,0.0034243299999999997,0.7094279385533107
11532,0.216087,-0.0363445,0.0208333,0.621741,0.0256811,-0.000281099,0.6222712181957781,-0.131664,0.101978,-0.0662526,0.17923260971921376,0.760126667022545,0.020869884999999998,0.2591756161370124
11556,0.202647,-0.0362315,0.0208333,0.644236,0.000308921,-0.000442376,0.6442362259487662,-0.219636,0.0526126,-0.157926,0.2755878800868427,0.8796656177486468,0.026224175000000002,0.2614461703678216
11580,0.233357,-0.0379812,0.0208333,0.327108,0.0318634,0.00236804,0.32866476467215283,-0.185223,0.044918,0.19223,0.27069828103074467,0.5465354883236784,0.034532469999999996,0.30705439257564776
11604,0.235066,0.0364463,0.0208333,-0.441631,0.0225664,-0.00203482,0.4422118531455171,-0.28372,-0.03987,-0.0736222,0.2958156243893145,0.1842795185071428,0.0035898550000000003,0.0063688617507369405
11628,0.117712,-0.0349789,0.0208333,-0.57437,0.0981878,0.000975693,0.5827029199735233,-0.0164496,0.0268825,0.00800991,0.03251794588558909,0.5625025322192365,0.001537021,0.531232529124488
11652,0.186432,0.0310246,0.0208333,-0.443358,-0.0572588,-0.000579179,0.4470405147072847,-0.0534551,0.0621409,0.0315479,0.08783057077823188,0.4090387622140134,0.0055392065,0.0006810278995753404
11676,0.247985,-0.0364366,0.0208333,0.00543242,0.0286004,0.0208846,0.0358282093381235,-0.0756958,-0.0556493,0.0927961,0.13205231881091675,0.13729917648226592,0.06613665,0.38039716087268577
11700,0.274443,0.031767,0.0208333,0.287287,0.208894,-0.00010491,0.35520491918202385,0.125987,0.00345292,-0.0677961,0.14311169763767181,0.2698255446676287,0.031859075,0.01475787925143718
11724,0.268806,-0.0362332,0.0208333,-0.138738,-0.00442363,0.0268622,0.14138380011591464,-0.0139272,0.0616424,0.00348194,0.06329199225623727,0.14314011553114137,0.0991836,0.234883801059162
11748,0.117535,-0.0376002,0.0208333,-0.679482,0.0562277,-0.00158852,0.6818063258485363,0.00740684,0.00546766,-0.000549679,0.009222729078978793,0.6887626146706647,0.0009347542500000001,0.43456530004131716
11772,0.20646,-0.0308394,0.0208333,0.784091,0.00978851,0.00071706,0.7841524248410278,-0.185163,0.221707,-0.0525501,0.29359980147815157,0.9935794649922801,0.03267355,0.1330684034622795
11796,0.18916,-0.0342299,0.0208333,0.643665,-0.0433712,0.000326887,0.6451246391741295,-0.237222,0.10361,-0.12117,0.28581721131520404,0.9012917804313599,0.0147855,0.3005453376780282
11820,0.120133,-0.0368962,0.0208333,-0.699736,0.0520619,-0.000435327,0.7016702221394371,-0.000671972,0.0243547,0.0296193,0.038352390941749435,0.7002581558107938,0.0012924921000000002,0.6980379645835891
11844,0.223778,-0.0353159,0.0208333,0.596319,0.0487929,0.000310788,0.5983119532823918,-0.0631309,0.0794456,0.0358823,0.10763202751718469,0.661119573975288,0.045769950000000004,0.47523993939903664
11868,0.126228,-0.0365111,0.0208333,-0.720547,0.0165983,0.000382308,0.720738252718209,-0.0189382,0.0347831,0.0273691,0.04814132424082246,0.7023630700221442,0.0007856277,1.0020479030465559
11892,0.284028,-0.0323379,0.0208333,-0.138422,-0.0418049,-0.0110273,0.14501689933693934,0.206971,0.0562645,-0.0474054,0.2196587370227053,0.36088405038872245,0.04115635,0.14429102536193994
11916,0.251726,-0.0360304,0.0208333,-0.0571585,0.0152309,0.0240271,0.06384650320471748,-0.0374451,0.0125043,0.101682,0.10907668016812759,0.08016443089756203,0.0831185,0.32116662342155045
11940,0.224157,-0.036213,0.0208333,0.558556,0.0424877,0.000146998,0.5601696451930451,-0.0965572,0.0736897,0.0715697,0.1409811573084148,0.6597333339912581,0.040560250000000006,0.5761354007522884
11964,0.180563,-0.0302981,0.0208333,0.703199,-0.132272,0.000539669,0.7155312759255389,-0.197474,0.118385,-0.049056,0.23540917577061435,0.936216062114701,0.011275634999999999,0.17894719891632838
11988,0.23089,-0.0347452,0.0208333,0.543844,0.0779302,0.00130175,0.549400679796724,-0.0262126,0.06525,0.106602,0.12770532213952557,0.5798391650498115,0.0347257,0.2133539312972695
12012,0.132302,-0.0145722,0.0208333,0.865987,-0.293427,-0.000156717,0.9143483543257559,0.333837,-0.0133645,0.00986452,0.3342499980315339,0.6014308369191423,0.0013900235,0.029357571425443214
12036,0.163728,-0.0344554,0.0208333,0.212955,-0.182989,-0.00107704,0.28077743171622893,-0.269959,0.134325,-0.0697269,0.3094881385281349,0.5818993978945326,0.01001308,0.4057277412255662
12060,0.287583,-0.0322035,0.0208333,-0.13637,-0.0483392,-0.0239353,0.14665044746856382,0.166361,-0.0177841,-0.0401687,0.17206330519172297,0.3047018145212955,0.049465800000000004,0.11929962279906839
12084,0.253746,-0.0391918,0.0208333,-0.0287043,0.000775693,0.0163875,0.033061891875242846,-0.137059,0.00664666,0.109162,0.17534448897571772,0.14276665267440813,0.071170935,0.7425207067819725
12108,0.182019,-0.0359952,0.0208333,0.495084,-0.0489517,-0.000583922,0.4974985195493471,-0.248379,0.0630985,-0.164764,0.30466493733157085,0.7695762325469298,0.012180135,0.21383708752225372
12132,0.296672,0.0315689,0.0208333,1.03358,0.496938,0.0124646,1.1469046858815948,0.979461,0.691191,0.0410576,1.1994892977929232,0.20366799900573482,0.11449731,0.017277326182022493
12156,0.236857,-0.0294824,0.0208333,0.604604,0.159918,0.0022274,0.6253996521031652,0.385308,-0.0378997,-0.184241,0.42876962136453883,0.34927502379621994,0.07573450000000001,0.06901304224565093
12180,0.169751,-0.0291606,0.0208333,0.607716,-0.230141,0.000175102,0.6498335534563527,-0.183434,0.0778609,-0.0103792,0.19954468145618412,0.8490552904224301,0.014281410000000001,0.106730970200781
12204,0.117262,-0.0258238,0.0208333,-0.00122397,0.124854,-0.00208929,0.12487747815865358,-0.0160681,0.0633604,0.0105465,0.06621142490552517,0.06450948942086739,0.001415211,0.27222178458014706
12228,0.110324,-0.0366313,0.0208333,-0.474672,0.13386,-0.00186533,0.4931890982574624,0.0112568,0.0136865,0.0241331,0.029940647022066842,0.5012428424767329,0.00016427819999999997,0.6717886572427373
12252,0.285356,-0.0344411,0.0208333,-0.144806,-0.0296506,-0.00846606,0.14805272671681396,0.0840814,0.0391836,-0.0537291,0.10720005840357551,0.24326185841278447,0.0564337,0.1597188154226045
12276,0.210952,-0.0369259,0.0208333,0.618363,0.0141465,-0.000652969,0.6185251406367933,-0.169956,0.0442525,-0.130571,0.21884266433501945,0.7995198007403674,0.02463196,0.25146033484428515
12300,0.115628,-0.0355202,0.0208333,-0.587991,0.109643,-0.000396752,0.5981263753941549,-0.00600839,0.0119713,-0.00646707,0.014873996385201928,0.5901528345131651,0.0009152065,0.42608919254071675
12324,0.272454,-0.0280035,0.0208333,-0.104629,-0.0175089,0.00900164,0.10646510575254034,0.187001,0.0668808,0.0511203,0.20507486555336324,0.30650229996899797,0.09710905,0.16708650454180912
12348,0.109267,-0.0314843,0.0208333,-0.287414,0.294131,-0.000759058,0.41124254245645275,-0.0147842,0.0414534,-0.00747096,0.044640476974620244,0.3717768511059525,0.0006185244,0.19628474214772781
12372,0.133013,-0.0303843,0.0208333,-0.1897,-0.107391,0.00397321,0.2180245474223123,-0.0791598,0.0478022,0.0149773,0.09367840613593936,0.1908537532746163,0.002250945,0.4018855558489257
12396,0.278986,-0.0372549,0.0208333,-0.168468,-0.00986161,0.0307748,0.17153951932669073,-0.081917,-0.0116642,-0.184573,0.2022712060072812,0.2320969622734173,0.0597163,0.2279170901885157
12420,0.138135,-0.0229333,0.0208333,0.365568,-0.245102,-8.01153e-05,0.44013061634753525,-0.151611,0.0626019,-0.00398063,0.1640754052861272,0.6018064656774095,0.002155855,0.21790686083737704
12444,0.275303,-0.0361766,0.0208333,-0.15355,-0.0134158,0.0262678,0.15635723042597038,0.0652198,0.0228164,-0.0939903,0.11665499095662386,0.25225980322772396,0.10415369999999999,0.22007316965045967
12468,0.205847,-0.0233076,0.0208333,0.857038,0.0127943,0.000305152,0.8571335489141894,-0.0597886,0.134888,0.0285931,0.15028976878540337,0.9253529564708272,0.048841749999999996,0.18156293674646265
12492,0.171658,-0.0390796,0.0208333,0.137181,-0.0163292,-0.00621094,0.13828899200342593,-0.295301,0.0285079,-0.0104765,0.29685878463616333,0.43482092965095825,0.0057544135,0.9707574362321414
12516,0.136446,0.0310931,0.0208333,-0.313335,-0.0311068,-0.00220086,0.3148829925797511,-0.0104383,-0.0377149,-0.0111277,0.040684118476255575,0.3031002578832383,0.000166381565,0.0
12540,0.271243,-0.0306889,0.0208333,-0.11303,-0.0159846,0.00755285,0.1144042563905841,0.17427,0.0344448,0.0561944,0.18631770645432497,0.29572016294254017,0.0945888,0.206337587462876
12564,0.119352,-0.0364312,0.0208333,-0.685553,0.0633745,-0.000395797,0.688476143170201,-0.00509872,0.0249854,0.0201205,0.03248232871960383,0.6818450473617306,0.0014909735,0.6908364495305672
12588,0.217896,-0.0339992,0.0208333,0.682694,0.043509,0.000399854,0.6840791552154044,-0.0903048,0.136339,-0.0368556,0.16763536343922186,0.7794437263550116,0.026566440000000004,0.34305393162008796
12612,0.130595,-0.0339167,0.0208333,-0.564532,-0.0229241,0.00272133,0.5650038044312435,-0.0823276,0.0338041,0.0153963,0.09031941625287444,0.4856951996047531,0.001278064,0.4655136947502189
12636,0.128996,-0.038094,0.0208333,-0.775529,0.00588212,-0.00230329,0.7755547268384859,-0.0180363,0.0112094,0.0175989,0.02758042869971386,0.7577728337914236,0.00040054825,0.47933912838407006
12660,0.163292,-0.0362483,0.0208333,0.0291013,-0.11057,-0.00230999,0.11435885018436527,-0.286223,0.112532,-0.040953,0.31026473367432533,0.3881973709292093,0.008158760000000001,0.45374552339389534
12684,0.291734,-0.0301959,0.0208333,-0.126309,-0.0746461,-0.0535761,0.15619347687217927,0.128067,-0.0606407,-0.00907118,0.14198851112707112,0.25861938927575867,0.0628664,0.07380670701230342
12708,0.123271,-0.0342368,0.0208333,-0.568903,0.0402558,0.00269682,0.5703318557478202,-0.0323742,0.0404851,0.0357416,0.06296502297474368,0.537545498812127,0.000914052,0.628308841255636
12732,0.117965,-0.0367452,0.0208333,-0.670762,0.0713557,-0.000663866,0.6745470608375341,-0.0025773,0.0143479,0.00402329,0.015122551772901952,0.6706285499487017,0.0013253965,0.5552675031009828
12756,0.170861,-0.0377714,0.0208333,0.182033,-0.0498438,-0.00299825,0.18875753492378125,-0.337234,0.0811947,-0.0692584,0.353717508804201,0.5396292368369902,0.00609902,0.5739764803543783
12780,0.166512,-0.0359258,0.0208333,0.18466,-0.136952,-0.000939464,0.22990443339920022,-0.273229,0.130179,-0.084133,0.31413216990782716,0.5366027132937209,0.00831229,0.5766376678643185
12804,0.191505,-0.0331441,0.0208333,0.701534,-0.043598,0.000580032,0.7028876689750084,-0.219401,0.111914,-0.107981,0.268926455667716,0.9402610031464163,0.017757799999999997,0.2931566134338436
12828,0.13788,-0.0361308,0.0208333,-0.617274,-0.0269698,-0.000154209,0.617862917618832,-0.123039,0.0308352,0.0165714,0.12792191515920953,0.49788492570715664,0.0020984105,1.075574265218353
12852,0.182916,-0.0380685,0.0208333,0.415089,-0.0160132,-0.00273925,0.4154067933794565,-0.369235,0.0197787,-0.142632,0.39632003434432883,0.7975055978387692,0.01190609,0.4034773847441762
12876,0.215268,-0.0376895,0.0208333,0.568658,0.0156792,-0.000869132,0.5688747785471538,-0.138345,0.0583517,-0.0924336,0.1763185478809589,0.7141836150916465,0.02481658,0.3144835448795374
12900,0.282734,-0.0370317,0.0208333,-0.169578,-0.0110707,0.0179148,0.17088065584357406,-0.0918935,0.0290706,-0.127407,0.15975624800179178,0.16960138873600064,0.06200865,0.2752050144891986
12924,0.124987,-0.034897,0.0208333,-0.628545,0.0248269,0.00229958,0.6290393310889124,-0.0334244,0.0392672,0.0332006,0.06133011781792042,0.5960972436150753,0.0009678034999999999,0.6566543992085944
12948,0.154798,-0.0324129,0.0208333,0.0780649,-0.194346,-6.73928e-05,0.20943853721270947,-0.258792,0.151891,-0.00607693,0.30013514326587104,0.48310324547033234,0.00826681,0.46454386229935274
12972,0.120842,-0.0364404,0.0208333,-0.701668,0.0495477,-0.000157225,0.7034152269598595,-0.00867872,0.0310369,0.0377296,0.04961987564079942,0.6942709870217384,0.00113074325,0.5731212786138724
12996,0.134376,0.0331861,0.0208333,-0.317343,-0.0272163,-0.0021388,0.31851511910760216,-0.00873218,-0.0113432,-0.0134674,0.019654262045480108,0.3092263421874702,0.00030126405,4.5776413140393603e-05
13020,0.182929,-0.0372608,0.0208333,0.458136,-0.0289619,-0.00149177,0.45905295067709007,-0.324849,0.0357563,-0.166496,0.36677827608337166,0.802795336031627,0.013198689999999999,0.2638798969228236
13044,0.130582,-0.0382758,0.0208333,-0.779988,0.00506397,-0.00264642,0.7800089278174817,-0.0446826,0.0051654,0.0292835,0.05367252064296962,0.7359983433054801,0.00039524075000000003,0.8047552422942021
13068,0.164665,0.0332911,0.0208333,-0.357538,-0.0472405,-0.0017503,0.36064962198003203,-0.0399553,-0.00578022,0.0390101,0.056139334190462215,0.3228608622380985,0.0012536395,0.0
13092,0.136477,-0.0370319,0.0208333,-0.684217,-0.015075,-0.00126889,0.6843842259986944,-0.106374,0.0137735,0.0235284,0.1098122160090124,0.5790938388487604,0.0017988659999999999,1.0387107393302526
13116,0.24698,-0.0375428,0.0208333,-0.0286122,0.00692413,0.021841,0.036655570464758834,-0.142244,-0.0717607,0.0810407,0.17874716405297175,0.15035987803752335,0.0659083,0.46769968997210165
13140,0.174039,-0.0367555,0.0208333,0.311439,-0.0570773,-0.00165932,0.3166304190047956,-0.296368,0.096672,-0.138444,0.3410955997136287,0.6416994975704691,0.01110511,0.3286335345030997
13164,0.269829,-0.0390064,0.0208333,-0.124553,-0.0019758,0.0469185,0.133111604441123,-0.259657,0.0381031,-0.142922,0.2988315611889247,0.2364293223808333,0.050789215,0.4244419866130117
13188,0.138815,-0.0304007,0.0208333,-0.100127,-0.150093,0.00225115,0.18043944262361958,-0.107727,0.0825559,0.0303147,0.13906676162872278,0.23445859657903886,0.0023607479999999998,0.3970818555411466
13212,0.138843,-0.0360809,0.0208333,-0.602514,-0.0294764,-0.000248098,0.6032346474677807,-0.131269,0.0357299,0.0146765,0.1368341177019094,0.47596896454511783,0.0023575685,1.0828065385838783
13236,0.223559,-0.0369609,0.0208333,0.545622,0.0348666,-7.37963e-05,0.5467349011408125,-0.11842,0.0537076,0.0614571,0.14382203530116655,0.667152765297785,0.0397834,0.6461068023167686
13260,0.270537,-0.0390242,0.0208333,-0.12696,-0.00598498,0.047086,0.1355424397803153,-0.232619,0.032303,-0.145702,0.27637683653663886,0.22315242915433478,0.039541245,0.44156766185942553
13284,0.156894,-0.0295777,0.0208333,0.410753,-0.311478,-3.10018e-05,0.5154964330178353,-0.181502,0.109056,-0.0396006,0.21541679289312612,0.7274479935244234,0.006949165,0.27320834540694394
13308,0.247714,-0.0309239,0.0208333,0.389231,0.181559,0.00664191,0.4295445923422248,0.326769,0.00191897,0.0523725,0.33094492073925363,0.1956101446350598,0.0894853,0.10989904458183429
13332,0.18964,-0.0299886,0.0208333,0.765128,-0.0709808,0.000743873,0.7684137451267254,-0.220355,0.149194,-0.0650774,0.273952995332703,1.0119219959183516,0.017280365,0.24449989775048986
13356,0.224244,-0.0298332,0.0208333,0.715005,0.0917721,0.00087873,0.7208710290543121,0.22091,0.0469914,-0.261953,0.3458739567862258,0.5614407345502131,0.0567243,0.22781527604618615
13380,0.182099,-0.0384661,0.0208333,0.395379,-0.0148166,-0.00301712,0.39566802788405125,-0.371934,0.0133619,-0.117131,0.39017061894587857,0.7762636442858214,0.010187769999999999,0.46387929464463057
13404,0.254388,-0.0300173,0.0208333,0.233846,0.156744,0.0110723,0.2817360982893211,0.340787,0.0297147,0.108737,0.35894634408792914,0.19264271116650117,0.1039476,0.17247289642143776
13428,0.149907,-0.0356383,0.0208333,-0.350492,-0.0884156,-0.00154781,0.36147524964118377,-0.213599,0.0850108,0.0134902,0.23028971842807053,0.22145552919428338,0.00602625,0.6442057124863144
13452,0.18729,-0.0360985,0.0208333,0.563636,-0.0316078,-0.000426887,0.5645217230092663,-0.26472,0.0705092,-0.157296,0.3158959596143009,0.8492405213120762,0.014776495,0.2700292576740528
13476,0.26859,-0.0352175,0.0208333,-0.128357,-0.00588514,0.0186453,0.1298375967657658,0.0274581,0.0483452,0.0395212,0.06821386126067047,0.1662981610401498,0.1019678,0.2512632086080252
13500,0.22215,-0.0323362,0.0208333,0.691219,0.0650664,0.000715789,0.694275056965071,0.0401013,0.0981383,-0.140605,0.17609374268718353,0.6670978752975327,0.05082285,0.2944630706896877
13524,0.134942,-0.0363375,0.0208333,-0.661585,-0.0174177,-4.89205e-05,0.6618142419829791,-0.103973,0.0190541,0.0280282,0.10935732006157611,0.5595084087257416,0.0017625979999999998,0.836985662959647
13548,0.180943,-0.0346705,0.0208333,0.537954,-0.072862,-4.21107e-06,0.5428658924428142,-0.206982,0.0807758,-0.13418,0.25955837607297516,0.772358310643336,0.012106985,0.18966285877841238
13572,0.139368,-0.0367768,0.0208333,-0.638324,-0.0227311,-0.00151225,0.6387303960070105,-0.129272,0.0289349,0.010654,0.13289840532530856,0.5118118129733453,0.0022982825,1.1668418916031427
13596,0.276561,-0.0309523,0.0208333,-0.138742,-0.0425824,0.00438143,0.1451957309379477,0.247768,0.0338661,-0.00960893,0.2502563207772281,0.39424622182740016,0.09189924999999999,0.17461700948074904
13620,0.144342,-0.0377451,0.0208333,-0.609042,-0.0223455,-0.00472634,0.6094701120022585,-0.14497,0.0300064,-0.00149845,0.14805043158789674,0.46702672502915943,0.002433735,0.9194661494584779
13644,0.213533,-0.0239285,0.0208333,0.829073,0.0604967,0.000298398,0.8312773177954853,0.146223,0.0466691,-0.0104718,0.153846771883748,0.6830749023253008,0.06450945,0.12591584491238583
13668,0.128452,-0.0335334,0.0208333,-0.527893,-0.0130221,0.00339785,0.528064522498939,-0.0703604,0.0407498,0.0208738,0.0839455038381449,0.46101291318223664,0.0006395225,0.4582095590447672
13692,0.268054,-0.0368578,0.0208333,-0.136765,-0.0026687,0.0278454,0.13959639496007767,-0.0908209,0.069656,-0.00561491,0.11459459597693994,0.0919854059087424,0.08456305,0.24813564838611965
13716,0.171652,-0.0381679,0.0208333,0.187088,-0.040694,-0.0034941,0.19149446497173228,-0.336503,0.0636527,-0.0585787,0.3474440952440838,0.5367216058992316,0.005386277,0.5320272549409476
13740,0.145978,-0.0235731,0.0208333,0.519058,-0.354417,0.000237845,0.6285162478593883,-0.173536,0.104315,-0.0034548,0.2025050571320134,0.8307437223880154,0.0026391749999999997,0.2560933423578208
13764,0.195448,-0.0365583,0.0208333,0.610092,-0.0117597,-0.000590678,0.6102056111742906,-0.286396,0.0705146,-0.182603,0.3468988804221772,0.9184706200768328,0.017495919999999998,0.4759348694937155
13788,0.235102,-0.0322548,0.0208333,0.564491,0.124011,0.00220058,0.5779564514341339,0.174952,0.0386897,-0.0274336,0.18126692362107877,0.3998731566121467,0.06339790000000001,0.13020138248113958
13812,0.18563,-0.0360291,0.0208333,0.549643,-0.0386664,-0.000416134,0.5510015345763258,-0.255979,0.0701252,-0.159072,0.309429625763339,0.8282717566902604,0.01366784,0.20972863419190046
13836,0.228476,-0.0287461,0.0208333,0.701698,0.122487,0.00110646,0.7123091833092787,0.306338,-0.0346111,-0.27541,0.41339033199533104,0.507395994539316,0.07424309999999999,0.11907434652350607
13860,0.270309,-0.0347569,0.0208333,-0.130878,-0.012595,0.0158388,0.13243320012157073,0.0742856,0.0377499,0.0356464,0.09063151300916254,0.21217693733940549,0.09773255,0.24586866412782252
13884,0.161215,-0.0283943,0.0208333,0.489463,-0.282215,-0.000258885,0.5649950456556617,-0.200887,0.0772334,-0.0203374,0.21618093043402326,0.7785816729972297,0.00901693,0.15860800736406722
13908,0.137318,-0.0353796,0.0208333,-0.576118,-0.0350224,0.00086146,0.5771821727488572,-0.121288,0.0380278,0.0214588,0.12890838845583324,0.4611191939565253,0.0020747335,0.9566258411730262
13932,0.261904,-0.0188206,0.0208333,0.437809,0.316672,0.0069729,0.5403762553993375,0.659522,0.133752,0.0617353,0.6757737145332675,0.29260092484946115,0.0714248,0.05598312245668332
13956,0.119024,-0.031328,0.0208333,-0.364954,0.0996538,0.00216214,0.37832126139013067,-0.022703,0.0429161,0.0229512,0.05370265756599016,0.34754438366627877,0.000919813,0.358747822293042
13980,0.203148,-0.0370572,0.0208333,0.612326,0.00174502,-0.000936015,0.6123292018962355,-0.232011,0.0284596,-0.167074,0.28731998612898474,0.860941617308303,0.028870575,0.32227627899055805
14004,0.230407,-0.0381702,0.0208333,0.389896,0.0241808,0.00100174,0.3906463943103374,-0.204678,0.0538832,0.179371,0.277435467392401,0.6214628443879068,0.027512965,0.417157044768514
14028,0.23046,-0.03649,0.0208333,0.487003,0.0543093,0.00111792,0.49002313396473074,-0.112745,0.0644203,0.155736,0.20276861634160748,0.6194405915726595,0.032911499999999996,0.21314337897293456
14052,0.217568,-0.0357839,0.0208333,0.634728,0.032007,-1.54708e-05,0.6355344855099097,-0.126286,0.113274,-0.0371006,0.17365369962186236,0.7662388271895262,0.025182839999999998,0.38886372934486957
14076,0.302606,0.0277187,0.0208333,1.25636,0.58861,-0.00727557,1.3874275172486759,1.55613,1.00005,-0.00510807,1.8497747624451808,0.5090674066921297,0.05229765,0.011928830621649383
14100,0.288354,-0.0147327,0.0208333,-0.154441,-0.0241676,0.037876,0.16084367176472936,0.348689,0.190207,0.00015282,0.3971935862069684,0.5481964103626296,0.0840862,0.03318644301518317
14124,0.124259,-0.0339492,0.0208333,-0.56943,0.0338796,0.0028342,0.5704440243229829,-0.0344006,0.0393552,0.0299191,0.06022778090059437,0.5357425061237254,0.000993679,0.5751704095309493
14148,0.169908,-0.0365124,0.0208333,0.226882,-0.0839784,-0.00141327,0.24192935109790398,-0.288397,0.119945,-0.106776,0.3300920277892212,0.5640908666000655,0.00844648,0.42041646019155815
14172,0.134374,-0.0355806,0.0208333,-0.623849,-0.0225514,0.000871807,0.6242570788468523,-0.102865,0.0252229,0.027165,0.1093404780235115,0.5238301671292187,0.001814856,0.7656089079941534
14196,0.190456,-0.0363876,0.0208333,0.58024,-0.023301,-0.000615978,0.5807079934268999,-0.275892,0.0632482,-0.160529,0.32540173679352113,0.8752285073338347,0.01599444,0.3591364643140543
14220,0.209987,-0.0370094,0.0208333,0.619296,0.0131914,-0.000673239,0.6194368425438634,-0.178444,0.0366033,-0.134802,0.22661341952958125,0.8092760648808321,0.026758124999999997,0.26431382862044883
14244,0.258731,0.0322758,0.0208333,-0.0270531,0.116083,-0.00131593,0.11920094286697107,-0.256125,-0.0402227,-0.0909313,0.27474785265763224,0.2914383670046497,0.029891555,0.01685197317823643
14268,0.262103,-0.0378733,0.0208333,-0.116051,0.00739744,0.0305415,0.12023036197984101,-0.252156,0.0509421,-0.0753891,0.26806951017827446,0.17788198462991014,0.06274160000000001,0.3335056221415165
14292,0.173058,-0.0354194,0.0208333,0.354008,-0.0901729,-0.000736046,0.36531268486342505,-0.247964,0.110019,-0.141791,0.30609641183457215,0.6498796701371355,0.01381828,0.2901063598061925
14316,0.102093,-0.0368188,0.0208333,-0.131147,0.133615,0.00516322,0.187294320989101,0.00593951,-0.0121173,-0.0336691,0.036272786398898284,0.2038101164413889,0.0004413285,0.07598460370364513
14340,0.262702,-0.0364315,0.0208333,-0.115464,0.00788802,0.0238874,0.11817260272279866,-0.119199,0.0527204,0.0255839,0.13282461412091512,0.045019669409208235,0.08108789999999999,0.31838969832580954
14364,0.199674,-0.0362761,0.0208333,0.63479,-0.00528377,-0.00049155,0.6348121800554991,-0.239565,0.0700291,-0.163674,0.29847050498803057,0.8926349793732259,0.024243105,0.38043001984596325
14388,0.164969,-0.0357922,0.0208333,0.15016,-0.151211,-0.00107996,0.21310551009910936,-0.276479,0.127829,-0.0694427,0.3124150752849324,0.5143516522198676,0.008389134999999999,0.4768553239715375
14412,0.294001,-0.036226,0.0208333,-0.123658,-0.0480858,-0.0576103,0.14464609151902447,0.0361543,-0.0357026,-0.0671989,0.08424666887456145,0.1605778818003588,0.10042755,0.14733974345029924
14436,0.289566,-0.0367464,0.0208333,-0.160284,-0.020298,-0.0154485,0.1623010339223075,-0.0316845,-0.0659633,-0.0374998,0.08222712136016923,0.13823679270017084,0.1013785,0.09342719090286296
14460,0.222541,-0.0312779,0.0208333,0.705794,0.0742309,0.0007894,0.7096872692272069,0.117557,0.0859684,-0.213398,0.25835812441562583,0.6261284048771546,0.051636100000000004,0.29103367502747857
14484,0.155146,-0.0312631,0.0208333,0.151183,-0.233387,0.000135383,0.2780751869307233,-0.231807,0.146175,-0.0266571,0.27534018387153375,0.5398763646329642,0.006853504999999999,0.45579710398377915
14508,0.266456,-0.0379166,0.0208333,-0.13149,0.00276515,0.0376279,0.13679592469416807,-0.220957,0.0488894,-0.061465,0.23449971323300162,0.14124869329474343,0.06689700000000001,0.3499228486395251
14532,0.123647,-0.0385438,0.0208333,-0.772234,0.0197993,-0.00234173,0.7724913246994317,0.0113751,0.0114324,0.0450947,0.047891801363698985,0.7850881743534065,0.00041503935,1.5946629737972848
14556,0.15385,-0.0330252,0.0208333,-0.0416223,-0.166063,-1.26789e-05,0.17119969622357542,-0.265426,0.147378,0.00670917,0.30367128498112705,0.38519935081373696,0.008468739999999999,0.5143131341896685
14580,0.278709,-0.0345559,0.0208333,-0.142937,-0.0267929,0.0074306,0.14561613672862633,0.159554,0.0352671,-0.130291,0.20899041111833336,0.3381116498844132,0.0632751,0.17985966751887428
14604,0.262404,-0.0355402,0.0208333,-0.104312,0.0104851,0.0197847,0.10668816719814808,-0.0576454,0.0527222,0.0550629,0.09557481608881076,0.07215466420966839,0.09546070000000001,0.31205400173687886
14628,0.274712,-0.00414929,0.0208333,0.373427,0.395823,0.00600081,0.5442054587916737,0.606338,0.433224,0.0417485,0.7463723880692867,0.23858806772832566,0.078379255,0.0168916843446709
14652,0.134444,0.0277312,0.0208333,-0.293902,-0.0353918,-0.00164383,0.29602984188812603,-0.0411238,-0.049606,-0.0204647,0.06760714539551274,0.25387612535336385,0.00030818355,1.5258800739245532e-05
14676,0.225349,-0.037012,0.0208333,0.518696,0.0366214,0.000152271,0.5199872022852269,-0.124398,0.0621692,0.103333,0.1732558244955707,0.6518196420466412,0.03470095,0.5096292770239952
14700,0.216775,-0.0263259,0.0208333,0.805344,0.0731439,0.000514856,0.8086589228592674,0.115268,0.0752395,-0.0790896,0.1587540834511352,0.6946554158216978,0.06503865,0.13751799882197238
14724,0.202731,-0.0343942,0.0208333,0.698492,-0.00194899,0.000266205,0.6984947698380584,-0.202549,0.0999568,-0.108376,0.250525081864551,0.9132703884522841,0.01865768,0.21780082644471302
14748,0.149283,-0.0260076,0.0208333,0.416633,-0.336521,0.00038095,0.5355647348854314,-0.195185,0.113308,-0.0226245,0.2268209758581644,0.7597345885865027,0.0038397749999999997,0.30792304233363244
14772,0.219498,-0.0285266,0.0208333,0.77088,0.0766029,0.000693143,0.7746770031023437,0.126029,0.0797292,-0.158927,0.21794000436505456,0.6643200855039915,0.0719353,0.16241120650989574
14796,0.204158,-0.0385017,0.0208333,0.551914,0.00380479,-0.00175906,0.5519299177567998,-0.268035,0.0033435,-0.139339,0.3021080885018639,0.8314113393981752,0.02281115,0.4993175342404871
14820,0.106773,-0.0365189,0.0208333,-0.33879,0.170169,-0.00094197,0.3791266806339022,0.00581848,0.0196395,-0.0176812,0.027059000410222106,0.3764230820222815,0.0002218892,0.49715289398735274
14844,0.152067,-0.0282656,0.0208333,0.28703,-0.291905,0.000586414,0.4093837976842506,-0.193769,0.128419,-0.0335362,0.23486707226097064,0.6395344370424418,0.006095925,0.39308650447452403
14868,0.102729,-0.0384212,0.0208333,-0.107988,0.0625883,0.00561173,0.12494076578316182,0.0139732,-0.00338734,-0.0198494,0.024509652606179468,0.14098080904763777,0.00019401899,0.17752802595646694
14892,0.241831,-0.035517,0.0208333,0.292157,0.097517,0.00617144,0.3080638969591757,-0.00173488,0.0443053,0.247355,0.2512975635411223,0.38389247421784395,0.03581855,0.2203685549256064
14916,0.200055,-0.0354244,0.0208333,0.666775,-0.00656347,-6.71284e-05,0.6668073067008662,-0.219875,0.0836228,-0.149368,0.27865496178758414,0.9036440317166005,0.02344554,0.2764423990635301
14940,0.150269,-0.0364967,0.0208333,-0.399641,-0.0660675,-0.00393634,0.4050843593744957,-0.20722,0.0680117,0.0140279,0.2185463376844828,0.23521434274384206,0.0063221365000000005,0.6464448932430359
14964,0.110363,-0.0383189,0.0208333,-0.464816,0.0772242,-0.00229055,0.4711928878293289,0.00799606,0.00874879,0.0207041,0.023856614571177107,0.4782978985786308,0.00017326756,1.2464349160706307
14988,0.126429,-0.0313582,0.0208333,-0.364526,-0.0183619,0.00449492,0.3650158467154767,-0.0452806,0.0383013,0.0190203,0.062282374153045904,0.3245602106228433,0.000681471,0.3227475793867399
15012,0.269437,-0.038107,0.0208333,-0.13842,-0.00219898,0.040758,0.14431266914945617,-0.208255,0.0592831,-0.0846567,0.23248954347561526,0.15615959900760631,0.0618532,0.29011652831233176
15036,0.141614,-0.0360734,0.0208333,-0.562712,-0.0386588,-0.000482715,0.5640385897925879,-0.156617,0.0443168,0.0143216,0.16339513970066552,0.41474964371651873,0.0032573999999999997,0.768668979470357
15060,0.185565,-0.0369353,0.0208333,0.499346,-0.0259549,-0.00128318,0.5000217306287021,-0.306359,0.0466951,-0.172896,0.3548651801191686,0.8269761359999166,0.01406414,0.25097011774312894
15084,0.130136,-0.0357525,0.0208333,-0.677481,-0.00574072,0.000970299,0.6775060167314145,-0.0708418,0.0284065,0.0272427,0.08104106719916761,0.6081672390590217,0.0007930725000000001,0.6668320628164186
15108,0.168282,-0.0367683,0.0208333,0.177185,-0.0950227,-0.0013922,0.20106162229806565,-0.292552,0.116258,-0.0831614,0.32560468933656345,0.5215156617304316,0.00678009,0.5726552191327693
15132,0.131329,-0.030543,0.0208333,-0.249988,-0.0877689,0.00438107,0.264984100892025,-0.0716214,0.0382053,0.00791534,0.08155931886281052,0.21839559090245592,0.002143475,0.3406126832635567
15156,0.170275,-0.0130709,0.0208333,0.86583,-0.29359,0.0007867,0.9142523152264314,0.873237,-0.113052,0.0169613,0.8806879689031127,0.18141237768730117,0.005455030499999999,0.018512644327594047
15180,0.233907,-0.0365492,0.0208333,0.401872,0.0563858,0.00225124,0.4058146509272153,-0.111104,0.0689006,0.187392,0.22848884690583915,0.5455071931775214,0.035905269999999996,0.17003970124650303
15204,0.154901,-0.0359166,0.0208333,-0.219043,-0.0945149,-0.0049513,0.23861562719717247,-0.265617,0.10162,0.0264161,0.2856165706471002,0.204014583441405,0.00825233,0.6526591759869772
15228,0.266331,-0.0300215,0.0208333,-0.0669218,0.0257624,0.00962659,0.07235260744457038,0.151199,0.069714,0.0771495,0.18350265596783605,0.23252477268039226,0.09437635,0.2662759846475082
15252,0.244106,-0.0381694,0.0208333,0.0544024,0.034209,0.0101273,0.06505719800337238,-0.220187,-0.0393786,0.124896,0.256187431235336,0.30657189689501874,0.05586602,0.44227367093237646
15276,0.238884,-0.0347263,0.0208333,0.415922,0.10834,0.00392689,0.42981866658984474,0.0217683,0.0586876,0.198146,0.20779781181391205,0.4422030786173272,0.0394861,0.2421703945572208
15300,0.141384,-0.0290929,0.0208333,0.00779398,-0.16989,0.00176074,0.17007780110757548,-0.152233,0.114055,0.0123214,0.1906180637084534,0.326105695891004,0.00307658,0.3017172517440791
15324,0.262816,-0.0382648,0.0208333,-0.117406,0.00689382,0.0314653,0.1217446454439882,-0.280778,0.0508305,-0.105088,0.3040781359424745,0.21741123700101705,0.04728311,0.35955249964365427
15348,0.276877,-0.0348822,0.0208333,-0.143071,-0.0238137,0.0121141,0.1455443395240777,0.14597,0.0239142,-0.111861,0.18545083764340348,0.31810765086589793,0.0853492,0.19517556199483582
15372,0.209019,-0.0294381,0.0208333,0.805522,0.0206285,0.000695976,0.8057863934560092,-0.102076,0.23053,-0.101948,0.27195033623807124,0.937191845416582,0.046661400000000006,0.25037172364306637
15396,0.232101,-0.0359996,0.0208333,0.481543,0.0662467,0.00153925,0.4860809144581306,-0.0831587,0.064874,0.156195,0.18846984715516166,0.5854983307373663,0.0364397,0.1783050756428431
15420,0.204591,-0.0363376,0.0208333,0.641367,0.00395835,-0.000492844,0.6413794041898531,-0.218651,0.0448319,-0.163947,0.2769418311985569,0.8763668572734109,0.0271598,0.26872904569472944
15444,0.125039,-0.0372433,0.0208333,-0.746811,0.0219735,-0.000500499,0.7471343620276737,-0.00963016,0.0308377,0.044245,0.054784338527681435,0.7385907693611562,0.0006150302,1.0905457349419143
15468,0.162767,-0.0148075,0.0208333,0.888691,-0.358475,0.000825785,0.9582675519012769,0.621189,-0.071585,0.0203925,0.6256325119447118,0.39274170702879424,0.003976255,0.03154408026872871
15492,0.295581,-0.0263326,0.0208333,-0.0955054,-0.109429,-0.0820588,0.16682216317863763,0.129474,-0.126138,-0.0855775,0.19999455049138215,0.22562646643301842,0.07822770000000001,0.07152754714094424
15516,0.173649,0.0381243,0.0208333,-0.43981,-0.022923,-0.00139837,0.4404091909436687,-0.00352553,-0.0105452,-0.0159664,0.019456529335441612,0.4367030755491673,0.000404461,6.473754706505337e-05
15540,0.152602,-0.0347743,0.0208333,-0.208807,-0.126495,-0.000973783,0.24413581574060592,-0.255058,0.119666,0.021751,0.28257324877100454,0.25149713454510186,0.00756016,0.6038087445541014
15564,0.171526,-0.0316433,0.0208333,0.535489,-0.177721,0.00010526,0.5642102746686448,-0.201262,0.0903255,-0.0651879,0.23003163021780287,0.7867109754579731,0.014846405,0.16481959834922544
15588,0.140097,0.0318854,0.0208333,-0.312656,-0.030675,-0.00224661,0.3141652068856322,0.0131099,-0.0385213,0.0117188,0.042344897037777766,0.32615949886975254,0.00011783245,0.0
15612,0.242846,-0.0368246,0.0208333,0.183495,0.0693012,0.00833683,0.1963226275315428,-0.110322,0.010185,0.215569,0.24237300111604843,0.3643738833593167,0.04506795,0.33379484717412883
15636,0.289552,-0.0391793,0.0208333,-0.152244,-0.00406976,0.0430911,0.15827710315035334,-0.239614,-0.00607473,-0.161446,0.2889923567442103,0.22242518310908704,0.13097246,0.3151377476596544
15660,0.294321,-0.0352969,0.0208333,-0.112554,-0.0614019,-0.0681495,0.14519969211351655,0.0438843,-0.0509965,-0.0688498,0.09626406265465842,0.15678553656552635,0.0862711,0.11983738982471205
15684,0.179247,-0.0295546,0.0208333,0.698673,-0.143265,0.0005106,0.713210405046337,-0.190549,0.116414,-0.0305603,0.22537762252071522,0.9268842156126136,0.010720865,0.17667003141449883
15708,0.275136,-0.0352246,0.0208333,-0.143193,-0.0203851,0.0162286,0.14554434035361868,0.115901,0.0190902,-0.0741799,0.13892492613296578,0.27723942183307915,0.09976550000000001,0.2073837023490515
15732,0.219779,-0.0313954,0.0208333,0.72367,0.0612354,0.000705938,0.7262565259339292,0.0259085,0.120033,-0.137406,0.18428125324419192,0.7137248601990307,0.05288555,0.2832055790410916
15756,0.270922,-0.0374697,0.0208333,-0.149598,-0.00487919,0.0374117,0.15428221996051944,-0.102069,0.0360004,-0.033948,0.11343093169484239,0.09498607005060322,0.0851547,0.2601987701738807
15780,0.271527,-0.0359547,0.0208333,-0.142024,-0.0113553,0.0233556,0.1443788193103476,0.0485193,0.0305186,-0.00748156,0.05780554608758229,0.19751228597979825,0.10422215,0.2275535101904605
15804,0.207312,-0.0254455,0.0208333,0.84273,0.021243,0.000460113,0.8429978230416569,-0.052584,0.215822,-0.00213902,0.222145871324588,0.9162177150270299,0.03724135,0.19902864115498553
15828,0.106704,-0.0379868,0.0208333,-0.325441,0.0929413,-0.00115633,0.33845423150813003,0.0166775,0.0127789,-0.0111404,0.023781248992010492,0.3515263291273854,0.000148903115,0.4481841139531833
15852,0.139641,-0.0251144,0.0208333,0.302414,-0.236966,0.000293083,0.3841968225397562,-0.138855,0.118683,0.00767874,0.18282595155499015,0.5667972207865187,0.00237405,0.2352966213102092
15876,0.111016,-0.037913,0.0208333,-0.496205,0.0808051,-0.00230129,0.5027466182349456,0.0106356,0.00776267,0.0267495,0.02981460687547129,0.5129001255491062,0.00018352395,0.8653369286006463
15900,0.279457,-0.0385739,0.0208333,-0.171114,-0.00335167,0.0483938,0.1778572308516831,-0.198542,-0.00515837,-0.24201,0.31307247506776587,0.2917017764829861,0.052623275,0.371685350800916
15924,0.135894,-0.0362793,0.0208333,-0.650942,-0.0201286,-0.000132573,0.6512531500711227,-0.108171,0.021167,0.0251382,0.11305280283672758,0.5449259555099,0.0018801205,0.9423497227675084
15948,0.113474,-0.039052,0.0208333,-0.562561,0.0305203,-0.00311203,0.5633968868957396,0.0107419,-0.00247043,0.00826642,0.013777704439103781,0.5743640592331185,0.00038044425,3.047146205878543
15972,0.209355,-0.036252,0.0208333,0.641831,0.0132177,-0.000415113,0.6419672207154294,-0.191015,0.054771,-0.139467,0.24277074938097465,0.8453960987224572,0.021596695,0.2337304002478069
15996,0.130146,-0.0390464,0.0208333,-0.784533,0.00257527,-0.00435585,0.7845493187389786,-0.0197277,0.00186195,0.0198557,0.028051699192428614,0.7651887707532795,0.00022642449999999998,1.1003544883354637
16020,0.264028,-0.0350096,0.0208333,-0.106477,0.00782858,0.0175907,0.10820383967450693,-0.020463,0.0495773,0.0646875,0.0840304450811728,0.10658082561079361,0.09994195,0.30553821364929135
16044,0.170784,-0.0368698,0.0208333,0.226947,-0.0725127,-0.00175809,0.23825642352460952,-0.301977,0.10936,-0.103315,0.33737769243682963,0.56846467150566,0.008058409999999998,0.41203519267169403
16068,0.285494,0.0317059,0.0208333,0.57668,0.312562,0.00137229,0.6559395623255576,0.424198,0.139686,-0.0324161,0.44777999658226136,0.23297752466448796,0.052920615,0.016077717499695037
16092,0.105272,-0.0360743,0.0208333,-0.269341,0.184847,9.98014e-05,0.3266695542139173,7.95182e-05,0.0106718,-0.0262579,0.02834379915950103,0.32189927670824003,0.00042512545,0.37657668541745914
16116,0.217824,-0.0366737,0.0208333,0.593086,0.0256801,-0.000359925,0.5936418115985561,-0.124124,0.0916556,-0.0426452,0.16008163376977386,0.7214783400643956,0.028556445,0.43295149843833547
16140,0.193061,-0.028713,0.0208333,0.805893,-0.0590828,0.00071909,0.8080561996515268,-0.238221,0.175503,-0.00441924,0.2959224180966653,1.0701546360189396,0.014018875000000002,0.19575699221228346
16164,0.276359,-0.0371275,0.0208333,-0.164897,-0.00968456,0.034974,0.1688430987259876,-0.0222601,0.0202811,-0.162545,0.16531095575980437,0.24547297485027877,0.07772145,0.2510882315043857
16188,0.222272,-0.0360473,0.0208333,0.583121,0.0390405,1.03921e-05,0.5844264379622518,-0.0903675,0.0733461,0.0242718,0.11889094043155685,0.6747979325226925,0.045580999999999997,0.5202854985486334
16212,0.282507,-0.0113783,0.0208333,0.040164,0.0841489,0.018957,0.0951501556289321,0.433866,0.290283,0.143897,0.5414889404724716,0.4616303018507451,0.09401235000000001,0.029112677650810482
16236,0.232125,0.0381444,0.0208333,-0.472927,0.0243418,-0.00174785,0.4735562538240441,-0.180483,-0.021931,-0.052361,0.18920030753410522,0.30037702327036014,0.0019001025,0.006600795406615781
16260,0.234918,-0.0377383,0.0208333,0.310825,0.0377603,0.0031139,0.31312572116372045,-0.173859,0.0465251,0.189062,0.2610286893332034,0.5192033296008897,0.038405815,0.2486575959024779
16284,0.128607,-0.0296232,0.0208333,-0.21077,-0.071095,0.00457722,0.2224847025481267,-0.0558892,0.0360439,0.00261797,0.06655538423576939,0.18833651999124468,0.0016574895,0.24931887212964846
16308,0.257021,-0.0367312,0.0208333,-0.0953969,0.0104843,0.0240465,0.09893797672456216,-0.080123,0.0267149,0.0108242,0.08515012810706747,0.02591435152304607,0.09335975,0.4084825577671585
16332,0.134514,-0.0319355,0.0208333,-0.321498,-0.0893899,0.00329687,0.3337100351769585,-0.0900287,0.0508172,0.0268102,0.10680047501565712,0.27164120530690644,0.001963666,0.505818149140578
16356,0.188207,-0.0380777,0.0208333,0.485632,-0.0126709,-0.00238752,0.4858031405647358,-0.35573,0.0303723,-0.163266,0.3925838716290953,0.8576856169001265,0.012569750000000001,0.592
16380,0.266918,-0.0356449,0.0208333,-0.125047,-0.000751586,0.0203802,0.1266991303938405,-0.0205282,0.0547356,0.0400526,0.07086327447528798,0.11995837063497734,0.10303925,0.28367023107827155
16404,0.208208,-0.0378038,0.0208333,0.582724,0.010331,-0.00121475,0.5828168368832205,-0.205469,0.0144921,-0.134559,0.24603588235135543,0.7994036583668307,0.028030190000000003,0.31650592411517353
16428,0.167108,0.0316637,0.0208333,-0.365409,-0.0517098,-0.00157011,0.3690529852777946,-0.0522824,-0.00883257,0.0628356,0.08221785858270027,0.32254429147116676,0.001488212,0.0
16452,0.237673,-0.0376889,0.0208333,0.261156,0.0467282,0.00462522,0.26534387814925825,-0.177571,0.0419069,0.184606,0.2595515816646279,0.47423381008959953,0.04452838,0.2496457490124757
16476,0.235509,-0.0362099,0.0208333,0.387016,0.0658264,0.0028226,0.3925843428662432,-0.0903441,0.0612151,0.196149,0.22446330451505875,0.5150427420094957,0.039199,0.147795805082553
16500,0.295856,-0.0358859,0.0208333,-0.0912824,-0.0647898,-0.0765082,0.13558650154436463,0.0407177,-0.0574677,-0.0747674,0.10271626813382581,0.13221448458115323,0.0917673,0.12196884848189721
16524,0.279603,-0.0162049,0.0208333,0.0458813,0.0691728,0.0148956,0.08433177840464412,0.367724,0.24044,0.158517,0.46707598211104795,0.39184471908791874,0.0876847,0.033314861548564174
16548,0.18209,-0.0368702,0.0208333,0.452377,-0.0327892,-0.00138833,0.45356588190231956,-0.301705,0.0447946,-0.173979,0.3511426428891256,0.777461541246568,0.01323846,0.24397581847388072
16572,0.201667,-0.012268,0.0208333,0.735191,0.0152962,-0.00045827,0.7353502500352013,1.16823,-0.178408,0.0126409,1.1818420113182686,0.47456894217102846,0.0071909025000000005,0.007221163341179868
16596,0.23637,-0.037775,0.0208333,0.286349,0.0399562,0.00386501,0.28914907231692805,-0.179762,0.0392098,0.181211,0.2582425440957396,0.4987099573931126,0.042239695,0.2566873584732992
16620,0.2302,-0.0311234,0.0208333,0.645357,0.111943,0.0013436,0.6549951892639823,0.237818,0.0225133,-0.17484,0.2960291799821261,0.4529087862606001,0.0576482,0.09984753377024393
16644,0.169184,-0.0370679,0.0208333,0.17522,-0.0797188,-0.00177363,0.1925104704602243,-0.301943,0.107432,-0.0807377,0.330499298144928,0.5185993394332516,0.0064696449999999996,0.5303828805683682
16668,0.195631,-0.0382718,0.0208333,0.537436,-0.00212753,-0.00209416,0.5374442910535068,-0.316712,0.0273592,-0.171009,0.36096965918154394,0.8711891277571815,0.012964525000000001,0.5838064747842387
16692,0.294681,-0.036884,0.0208333,-0.114778,-0.0446479,-0.0589305,0.13652922064034498,0.015184,-0.0163194,-0.0752173,0.07845074181707908,0.13400703418287413,0.10089240000000001,0.2177193147150707
16716,0.214931,-0.0324243,0.0208333,0.725264,0.0403348,0.000546122,0.7263849282827108,-0.122309,0.156551,-0.0867994,0.21679908422860095,0.8599508332950742,0.042140949999999996,0.3120626539655138
16740,0.187748,-0.0385963,0.0208333,0.454791,-0.010042,-0.0030396,0.4549120075499876,-0.354459,0.0176368,-0.142391,0.382396961646193,0.8216267346863781,0.010743625,0.5941498127576916
16764,0.195131,-0.037864,0.0208333,0.53512,-0.0040133,-0.00202802,0.5351388921037327,-0.319724,0.0358218,-0.180268,0.3687861024431914,0.8741364824776566,0.01375925,0.5838955386025826
16788,0.147388,-0.0322379,0.0208333,-0.137161,-0.170627,0.00176471,0.21892881777277312,-0.220147,0.121377,0.00775281,0.2515098085580284,0.3036262003740949,0.00508793,0.4405644107278753
16812,0.165099,-0.0367428,0.0208333,0.090794,-0.129437,-0.00100428,0.15810912681853126,-0.289036,0.111102,-0.0509868,0.31382338579882796,0.4523583664823172,0.0069407800000000006,0.5613875666596118
16836,0.194754,-0.0339672,0.0208333,0.693036,-0.0285062,0.000454652,0.6936221647575004,-0.232546,0.102846,-0.117738,0.2802091691504759,0.942297692958883,0.01948369,0.32559176893772973
16860,0.102188,-0.035365,0.0208333,-0.128198,0.198465,0.00531066,0.23632876790318103,0.000734415,-0.0127885,-0.0349121,0.03718789889268047,0.2507378697404918,0.00040077755,0.15208352968023856
16884,0.277964,-0.036091,0.0208333,-0.153714,-0.0163004,0.0199571,0.1558588549828658,0.0711209,0.0172184,-0.1517,0.1684266775643633,0.2848515441275683,0.07569025,0.21256787151401785
16908,0.112757,-0.0321998,0.0208333,-0.371331,0.210791,-3.63942e-05,0.4269889443141799,-0.0152451,0.0531395,-0.0118854,0.05654628429366513,0.3896043667228442,0.00044865110000000003,0.1988977124051456
16932,0.204188,-0.0354409,0.0208333,0.671154,0.00256847,-7.75104e-05,0.6711589191555178,-0.211791,0.071806,-0.145023,0.266539302629087,0.8974379664026282,0.02335948,0.24256071404908092
16956,0.246342,-0.0363419,0.0208333,0.0928069,0.0621998,0.0127271,0.11244516388915977,-0.0782647,-0.0599327,0.128816,0.1622062071912786,0.2401217869873952,0.05967,0.334811887483106
16980,0.104448,-0.0239677,0.0208333,-0.039278,0.454068,0.000299602,0.4557637542294894,-0.00737757,0.0620428,-0.00910195,0.06313939392128658,0.3934333285948632,0.0005382863499999999,0.12569208407851307
17004,0.241972,-0.0364238,0.0208333,0.216277,0.0727135,0.00744931,0.22829473500439315,-0.0796003,0.0394398,0.236264,0.2524131202614674,0.37550855932558463,0.04160875,0.30598202561588483
17028,0.155267,-0.0367492,0.0208333,-0.262815,-0.0704436,-0.00717088,0.27218641870220933,-0.258885,0.08121,0.0318509,0.2731867258045493,0.15664277387523626,0.0082646545,0.6357098394708076
17052,0.235223,-0.0140501,0.0208333,0.675091,0.245544,0.000148225,0.7183590579839936,1.09232,-0.0867137,0.00730545,1.0957808256067416,0.5334102019271759,0.006311285,0.008820680245876731
17076,0.12419,-0.0373868,0.0208333,-0.747589,0.0251174,-0.000525186,0.7480110109644741,-0.00733699,0.0271919,0.0536611,0.06060317236812031,0.7422354717000286,0.0005952637,1.0140266268693343
17100,0.204232,-0.0275815,0.0208333,0.833461,0.000456108,0.000620645,0.8334613558862365,-0.147505,0.233938,0.0496528,0.28098062818785213,1.0095604188318021,0.0267627,0.23433928394530867
17124,0.136518,-0.0272211,0.0208333,0.0804876,-0.181105,0.00178886,0.19819302409232165,-0.105091,0.0720098,0.0152654,0.12830651586805716,0.31414667893735815,0.001950103,0.35374425790392694
17148,0.133792,-0.0290497,0.0208333,-0.10617,-0.132076,0.0034418,0.1694933174589488,-0.0797002,0.0469659,0.0162185,0.09391995200754737,0.1814384091931474,0.0021831479999999998,0.3918341485884047
17172,0.201378,-0.0294069,0.0208333,0.81418,-0.0147327,0.000716882,0.8143135997692118,-0.205652,0.2076,0.0428894,0.29534726295728564,1.0446375730308337,0.016925799999999998,0.1657018406656969
17196,0.237179,-0.0310074,0.0208333,0.554608,0.142983,0.00272609,0.572749162827575,0.287008,-0.0027086,-0.105786,0.3058947635608691,0.3234357370278184,0.0743967,0.10563569472484194
17220,0.295036,-0.0182819,0.0208333,-0.117946,-0.0604989,-0.0743218,0.15197073985623022,0.155077,0.038995,-0.156962,0.2240681936330991,0.30210924732991873,0.07129225,0.029082795601523593
17244,0.112015,-0.0360873,0.0208333,-0.522495,0.148637,-0.00134473,0.5432272002512144,0.0132288,0.0133444,0.0274416,0.03325831582266306,0.5532926262802252,0.00026207135,0.17046524572475177
17268,0.237839,-0.0136462,0.0208333,0.666199,0.258231,0.000222101,0.7144959106187062,1.09376,-0.0657173,0.00287699,1.0957362721890473,0.5364307580941761,0.00661888,0.008893958623695075
17292,0.129456,-0.0390273,0.0208333,-0.790129,0.00572177,-0.0043167,0.7901615082955021,-0.0132808,0.00213294,0.0138724,0.0193228508104679,0.7770693977392359,0.00021253794,0.7030462289209721
17316,0.272107,-0.0342937,0.0208333,-0.133448,-0.0192884,0.0130112,0.13546107339010718,0.113602,0.0278498,0.0245175,0.11950788078737737,0.25176994923725504,0.095056,0.22378136651651764
17340,0.210039,-0.0154915,0.0208333,0.778672,0.066501,-0.000369311,0.7815066237567119,1.03114,-0.150409,0.0143952,1.042151519052791,0.33317867565177256,0.03101667,0.018652372503250088
17364,0.12933,-0.0364268,0.0208333,-0.708408,0.000992472,0.000348178,0.7084087807845062,-0.0504115,0.025888,0.0250964,0.06197852183789155,0.6589322088187906,0.0005632076999999999,0.5399055472950801
17388,0.163087,-0.0306985,0.0208333,0.417767,-0.243562,-0.000435137,0.483582364729328,-0.202836,0.105307,-0.0527526,0.23455243326761716,0.7138590755217422,0.00986677,0.2020225234967626
17412,0.103193,-0.0379076,0.0208333,-0.170646,0.0997997,0.00274024,0.1977057064208001,0.0141232,-0.00365884,-0.0243395,0.028377158924663335,0.21348685928187522,0.0003231964,0.20063200143546395
17436,0.241183,-0.0369894,0.0208333,0.219315,0.0675995,0.00712081,0.22960720276225244,-0.132736,0.0470242,0.216775,0.25849859130494307,0.41026592468257234,0.043993305,0.33495372814763535
17460,0.187236,-0.0370161,0.0208333,0.513792,-0.021051,-0.00134333,0.5142248228163329,-0.311333,0.0502229,-0.172702,0.3595504935018307,0.8457393382303906,0.014219760000000001,0.34023962144347625
17484,0.13342,-0.0356811,0.0208333,-0.635309,-0.0202405,0.000943905,0.6356320431490997,-0.0977421,0.0242344,0.0273802,0.10435755654388426,0.5400509849995158,0.0016739885000000001,0.6726975546261484
17508,0.240336,-0.0367206,0.0208333,0.24337,0.0674835,0.00631037,0.2526317486813305,-0.108351,0.0563796,0.228131,0.25877084777493775,0.4159751799444372,0.043660615,0.29929767790612744
17532,0.121234,-0.0322172,0.0208333,-0.444704,0.0634796,0.00303683,0.4492221383331513,-0.0268836,0.0392071,0.0270887,0.05471491850546796,0.4192153782519278,0.0006892140000000001,0.41471918209795894
17556,0.107032,-0.0178703,0.0208333,0.0855935,0.340373,-0.000958999,0.3509714319575483,-0.08569,0.133913,0.00175761,0.15899231699019956,0.26827439113100016,0.0022789810000000002,0.029364178857921433
17580,0.123732,-0.0359626,0.0208333,-0.680914,0.0330192,0.00120367,0.6817151837725994,-0.023865,0.0358119,0.0479554,0.06443408101129401,0.6587161086783008,0.0007936765000000001,0.9021019897993796
17604,0.134123,-0.0176311,0.0208333,0.786374,-0.308853,-4.13753e-05,0.8448516113477653,0.176005,-0.0582511,0.037218,0.18909291419884036,0.6608629884418981,0.00265625,0.11167721343228439
17628,0.232302,-0.0368901,0.0208333,0.414275,0.0473271,0.00171509,0.4169731065106215,-0.126619,0.0666123,0.175915,0.22675020815269387,0.5685805543799823,0.034203785,0.1984688892496756
17652,0.184692,-0.0344322,0.0208333,0.603096,-0.0605321,0.000236701,0.6061262049885101,-0.213949,0.103431,-0.124777,0.2684053764196984,0.8426593947879104,0.01196637,0.17427966031640066
17676,0.287599,0.000146987,0.0208333,0.0199359,0.238897,0.0306762,0.24168211759302757,0.333442,0.600779,0.0957597,0.6937498788101444,0.4831982187813403,0.07746055,0.025496431122806185
17700,0.258925,-0.0290483,0.0208333,0.126543,0.124559,0.0151744,0.17820869155391944,0.309056,0.0640711,0.0884217,0.32777906281838687,0.20575458238566646,0.0906278,0.13815932831336436
17724,0.138042,-0.0375024,0.0208333,-0.687398,-0.0131444,-0.00240521,0.6875278690282337,-0.107072,0.0130034,0.0175829,0.10928247786342511,0.581258546829388,0.0018645005,1.2724346741581667
17748,0.174651,-0.0390948,0.0208333,0.203797,-0.00630131,-0.00640676,0.20399502516094284,-0.329715,0.0213562,-0.0300563,0.3317701759850183,0.5347516178055113,0.00672213,0.8931690769389634
17772,0.111816,-0.0382243,0.0208333,-0.519724,0.0711567,-0.00236617,0.5245778406407946,0.00974942,0.00338861,0.0251899,0.027222507784524556,0.5345034644439541,0.00025571625,0.7675122148865124
17796,0.202411,-0.0181233,0.0208333,0.830056,0.00483717,-0.000110086,0.8300701015387413,0.696435,-0.10397,0.0307919,0.7048259439255978,0.17506714318555922,0.035349545,0.018974219351530645
17820,0.260935,-0.0359925,0.0208333,-0.102888,0.0111917,0.0212154,0.10564699659739503,-0.0997616,0.0711694,-0.00782519,0.12279533350032525,0.06671172866743973,0.10028095,0.3110292590738048
17844,0.166643,-0.0293532,0.0208333,0.56161,-0.25333,6.30383e-06,0.6161021676960229,-0.180902,0.0891849,-0.0379737,0.20523518675826521,0.8185859805524016,0.014179575,0.1537572762505892
17868,0.159397,-0.0358823,0.0208333,-0.0644074,-0.0857646,-0.00600143,0.10742391237506153,-0.289805,0.11248,-0.00098495,0.3108691984605462,0.30021686259520863,0.00974028,0.4614943119909497
17892,0.240172,-0.0358858,0.0208333,0.316331,0.0901839,0.00521268,0.32897660921863786,-0.0469109,0.0612614,0.237067,0.2493077498951246,0.4319000053536957,0.0364589,0.23269808765866556
17916,0.134154,-0.0116135,0.0208333,1.03044,-0.347211,0.000278424,1.087364773036594,0.720141,-0.0479786,0.00166869,0.7217394200577353,0.4310770597588217,0.0009339575,0.014010995681963505
17940,0.174775,-0.0381877,0.0208333,0.26748,-0.0282428,-0.0033996,0.2689884076163878,-0.363636,0.0502269,-0.0829161,0.3763362347938609,0.6409272759419278,0.007354729999999999,0.4476605857119878
17964,0.285786,-0.0298322,0.0208333,-0.141392,-0.0560025,-0.0151516,0.15283176584993707,0.238623,0.0563887,-0.0110344,0.24544323091103978,0.39630812936183885,0.04194255,0.11870467556082195
17988,0.139269,-0.0204532,0.0208333,0.698457,-0.335787,6.24009e-05,0.7749807056384516,-0.107535,0.0365896,-0.0184133,0.11507225847288303,0.8880477396037368,0.001985207,0.26024334765753376
18012,0.222654,-0.0368897,0.0208333,0.550948,0.0342965,-0.00014772,0.5520144657864035,-0.107971,0.0618589,0.0410618,0.13103561259997223,0.6607814759762796,0.041956900000000005,0.5693742178918888
18036,0.206958,-0.0208641,0.0208333,0.838739,0.032199,3.75872e-05,0.839356829444306,0.360417,-0.0187046,0.0257814,0.36182171927085854,0.4817113825460651,0.07234659499999999,0.14332096845891043
18060,0.185207,-0.0307119,0.0208333,0.728813,-0.0944425,0.00066568,0.7349069450652324,-0.206688,0.147264,-0.0668856,0.26245056396845484,0.9685800579058441,0.0141833,0.20789444437021398
18084,0.186532,-0.0345639,0.0208333,0.616868,-0.0504082,0.00023275,0.61892420394084,-0.224315,0.106083,-0.126382,0.27846585434842813,0.8649333096164133,0.0130831,0.22156398624325208
18108,0.137897,-0.0382016,0.0208333,-0.722324,-0.00819129,-0.00408964,0.722382020376472,-0.0934618,0.00542856,0.0231553,0.09644037142713419,0.6295994390550758,0.00155246,1.4545789768864392
18132,0.145472,-0.033426,0.0208333,-0.295978,-0.121753,0.00190759,0.32004750958663636,-0.186363,0.0864885,0.0195328,0.20638061604009714,0.23598859839999498,0.004612145,0.5691071955264667
18156,0.137468,-0.0369322,0.0208333,-0.672057,-0.0160927,-0.00138286,0.6722510680869682,-0.110792,0.0178239,0.0187932,0.1137793612279925,0.562650699259926,0.001953887,1.166439025410244
18180,0.285987,-0.0337472,0.0208333,-0.142432,-0.0326072,-0.0119749,0.14660662449510936,0.124732,0.018142,-0.0492317,0.1353180116351478,0.2744816083873016,0.053963800000000006,0.16063000964950477
18204,0.277223,-0.0380122,0.0208333,-0.1687,-0.00440155,0.0485292,0.17559654579473508,-0.15678,-0.0113182,-0.211805,0.2637601715123798,0.2606987190932524,0.05529615,0.32491383473161
18228,0.130198,-0.0325563,0.0208333,-0.419741,-0.0439194,0.00399834,0.4220514275536994,-0.0740027,0.0380314,0.00925773,0.08371674001060302,0.35535695700338,0.0015130554999999999,0.39937826680980026
18252,0.213051,-0.0335725,0.0208333,0.707843,0.0291796,0.000379099,0.70844428533316,-0.177331,0.14081,-0.0891573,0.24335727604550883,0.8966666734222072,0.024061649999999997,0.2707733369443897
18276,0.163583,-0.0371279,0.0208333,-0.0228155,-0.0824257,-0.00198673,0.08554817447983855,-0.293158,0.0900824,-0.0224027,0.3075033865196447,0.3213423776953499,0.0073441085,0.5060839851249987
18300,0.177558,-0.0392807,0.0208333,0.248246,-0.00360716,-0.00621818,0.24835006318053957,-0.327932,0.0110251,-0.0381427,0.33032683060463014,0.5772472309972028,0.0076339795000000005,0.7299506832656573
18324,0.293057,-0.0363958,0.0208333,-0.13265,-0.040688,-0.049693,0.1473802228692846,0.0170178,-0.0382674,-0.0637839,0.0763045563437073,0.15034913742356487,0.10198605,0.057718974349861764
18348,0.186215,-0.0381987,0.0208333,0.453012,-0.0118296,-0.00274544,0.45317474446503925,-0.361286,0.0247333,-0.153187,0.3931991440655612,0.828885240208585,0.01188981,0.4150590319460595
18372,0.143679,-0.0343707,0.0208333,-0.408704,-0.0802826,0.00149319,0.41651708859917874,-0.16951,0.0653493,0.0272819,0.18370757517886954,0.2812249588800292,0.004300735,0.623832509572882
18396,0.246936,-0.0382459,0.0208333,-0.0422981,-0.003001,0.0224359,0.0479740020575728,-0.172753,-0.0713427,0.0758816,0.20172108732318988,0.1566700728964852,0.0648151,0.4705135492204236
18420,0.292872,-0.00070479,0.0208333,-0.156154,0.201817,0.0166779,0.2557192318802205,0.169832,0.487032,0.0318181,0.5167740983598249,0.4334093839282209,0.08185875,0.018986310858089307
18444,0.190657,-0.0320521,0.0208333,0.717851,-0.053522,0.000685863,0.7198438254879004,-0.219224,0.125824,-0.0961538,0.27043741310410435,0.9589851217151149,0.016832645,0.28458496095190977
18468,0.218554,-0.0318996,0.0208333,0.727078,0.056219,0.000668835,0.7292485456860762,-0.0227385,0.137483,-0.0991525,0.17102582532325344,0.7607844111766698,0.04503048,0.2891214277773268
18492,0.11488,-0.0322764,0.0208333,-0.388806,0.164472,0.000712442,0.4221630632748481,-0.0150529,0.0458992,0.00158048,0.04833036598330702,0.3921117725208202,0.0006966610000000001,0.23607054030522318
18516,0.212733,-0.0370393,0.0208333,0.6071,0.0169903,-0.00065127,0.6073380479162349,-0.148725,0.0535843,-0.111726,0.1935797042757582,0.7648190289902396,0.025015995,0.26130690767754305
18540,0.253747,-0.0384032,0.0208333,-0.0724405,0.00403848,0.0238087,0.07635960683928644,-0.118063,0.00860081,0.104638,0.15799353450586545,0.09292794574168149,0.06627598,0.480526794258135
18564,0.211314,-0.0344372,0.0208333,0.693078,0.0207063,0.000206964,0.6933872711391429,-0.19573,0.108583,-0.123349,0.2555689272779459,0.9016474097488769,0.013027754999999999,0.2122326553572753
18588,0.260301,0.0346465,0.0208333,-0.065603,0.0810538,-0.00170581,0.10428989352375473,-0.232826,-0.0893126,-0.0985236,0.26812606466309835,0.25760808690420434,0.023726975,0.015853264648014932
18612,0.211437,0.0332748,0.0208333,-0.507686,0.010418,0.000383837,0.5077930254058661,-0.113154,-0.0274579,-0.0445149,0.12465689034473787,0.3988809088048777,0.00404113,0.0013195112731613928
18636,0.136323,-0.0354283,0.0208333,-0.590523,-0.0317198,0.000929904,0.5913750281864202,-0.114997,0.0336523,0.0236118,0.12212413522121661,0.4805340326559242,0.0019045545,0.9002066429437188
18660,0.120433,-0.0333394,0.0208333,-0.513048,0.0749358,0.00240841,0.5184972756576143,-0.0287868,0.0441442,0.0339539,0.06269176638993354,0.48626345780383295,0.0008513905,0.46412498316724987
18684,0.123527,-0.0368552,0.0208333,-0.727813,0.0322424,-4.67829e-05,0.7285268269016589,-0.0133046,0.0306934,0.0551912,0.06453809527837027,0.7166420918606586,0.00074356365,0.8089165593557842
18708,0.142083,-0.0368635,0.0208333,-0.60655,-0.0295875,-0.00214402,0.6072749949388748,-0.153124,0.0366507,0.0066641,0.15759011204799622,0.45832326974873794,0.0029690899999999998,0.859001746214756
18732,0.292357,-0.0356791,0.0208333,-0.134436,-0.0415849,-0.0434927,0.1472886857749094,0.0200396,-0.0632238,-0.0558827,0.08672779608574174,0.15647512610178654,0.0942851,0.06558063738635056
18756,0.256351,-0.0341986,0.0208333,-0.0613548,0.0184626,0.0206103,0.06730574676719663,0.0449376,0.017439,0.0567335,0.074445930963418,0.112267571599995,0.0990103,0.23565568102636525
18780,0.142097,-0.0352544,0.0208333,-0.499286,-0.053408,0.000686337,0.5021348377861046,-0.16216,0.0529943,0.0226868,0.17210157560792405,0.3542024981468996,0.003671696,0.604165540228835
18804,0.288753,-0.0298469,0.0208333,-0.135802,-0.0614314,-0.0305799,0.15215495520675626,0.197463,-0.0177088,-0.00687443,0.19837463485603418,0.33695574677349094,0.0411401,0.07843761852580687
18828,0.220926,-0.0367698,0.0208333,0.56716,0.0294707,-0.000293815,0.567925236352237,-0.111518,0.0665196,0.0089333,0.13015731004077336,0.6797511223429007,0.038260965,0.5248333068699051
18852,0.16444,-0.0373175,0.0208333,-0.00913691,-0.0902062,-0.00122767,0.09067606528967277,-0.291955,0.0868623,-0.024913,0.30561976172245475,0.33451505284621647,0.0064627274999999994,0.5101872205377159
18876,0.142425,-0.0150287,0.0208333,0.906517,-0.399802,0.000132178,0.9907647187723349,0.383165,0.0112588,0.00580829,0.3833743784281418,0.6655077125383871,0.001268387,0.0790853968821046
18900,0.131533,-0.0342196,0.0208333,-0.562605,-0.0305262,0.00248006,0.5634380051159521,-0.0870863,0.0325655,0.0185009,0.09479883300310189,0.4799533977094918,0.0015442655,0.5170947688770405
18924,0.150418,-0.0339951,0.0208333,-0.186691,-0.137231,0.00114656,0.2317049663728285,-0.239574,0.121165,0.0146533,0.2688705597529971,0.2640975890280477,0.00639407,0.5622339370760182
18948,0.175737,-0.0365965,0.0208333,0.351564,-0.0546347,-0.00142732,0.3557867813487066,-0.284467,0.0871278,-0.15245,0.33429587212802975,0.668909477613849,0.01228098,0.3144070609894123
18972,0.277492,-0.0288325,0.0208333,-0.137267,-0.05093,0.00718155,0.14658672808069118,0.251938,0.0414947,-0.0151185,0.2557794655838111,0.4006496592100042,0.0955027,0.12437925872105847
18996,0.15896,-0.0335456,0.0208333,0.10389,-0.157036,-0.00248924,0.18830728533909036,-0.273363,0.14308,-0.0287639,0.3098815549725572,0.482783385405003,0.008967895,0.4383411913110608
19020,0.226112,-0.0336488,0.0208333,0.621032,0.070012,0.000776005,0.6249664209793675,0.0367226,0.0692458,-0.0536928,0.09500761516973258,0.5868431755664608,0.05128015,0.2653109496421133
19044,0.186844,-0.0386621,0.0208333,0.447769,-0.0118753,-0.0030448,0.44793679344091614,-0.355526,0.0157866,-0.136698,0.38122735554988707,0.8148074714967027,0.010344462,0.5236745172337489
19068,0.274158,-0.0276864,0.0208333,-0.111482,-0.0293593,0.00970971,0.11569132762992262,0.201775,0.0564879,0.0279093,0.21138344896869293,0.325316637866876,0.1135641,0.15195690178468368
19092,0.209784,-0.0353174,0.0208333,0.671106,0.0161561,-5.7451e-05,0.6713004439919784,-0.203344,0.0816132,-0.140995,0.2605553430180237,0.8881502278097649,0.015271825000000001,0.2132627487396709
19116,0.201017,-0.0206067,0.0208333,0.860543,-0.0162658,0.000113134,0.8606967200459996,0.130275,0.0421435,0.0401092,0.1426758498901969,0.7336911362732729,0.076763565,0.10086426522807768
19140,0.105081,-0.0369258,0.0208333,-0.252638,0.134214,0.000266464,0.28607591272783395,0.0092426,0.00804203,-0.0267435,0.029416231803732103,0.29194237928968475,0.00040038575,0.26457928868299574
19164,0.152958,-0.0327568,0.0208333,-0.0207535,-0.186337,0.000793097,0.18749083800042446,-0.263487,0.149789,0.00890667,0.30321852262104454,0.4146879187594888,0.008448985,0.5578126925769976
19188,0.132781,-0.0201577,0.0208333,0.495986,-0.220674,-0.00125473,0.5428634274100373,-0.063776,-0.0961424,0.0168186,0.11659161444855287,0.5737318723060877,0.001811525,0.20537550973765104
19212,0.249108,-0.035183,0.0208333,0.069512,0.0617669,0.0163179,0.09441049698004984,0.00817854,-0.0226736,0.13471,0.1368494236505642,0.1578248418286285,0.06342205000000001,0.3056862770881284
19236,0.173156,-0.0362985,0.0208333,0.307619,-0.0674028,-0.0014184,0.3149199874053725,-0.271466,0.105904,-0.143848,0.32496414183106415,0.621016002295754,0.01195779,0.3191426013555696
19260,0.109573,-0.0370099,0.0208333,-0.44565,0.133284,-0.00181335,0.4651578607249613,0.00965851,0.0170974,0.0154151,0.02496463919607291,0.4702148283363495,0.00013935995,1.034098641329733
19284,0.20337,-0.0333634,0.0208333,0.727409,-0.00167474,0.000493397,0.7274110952382202,-0.199716,0.129321,-0.0664222,0.24702694255858004,0.9387216555747576,0.017080415,0.21014042923721268
19308,0.191849,-0.0368347,0.0208333,0.570818,-0.0152139,-0.000977137,0.5710215465934073,-0.294237,0.0582582,-0.175188,0.3473618651784332,0.8854759891101593,0.01582097,0.4029764261095182
19332,0.127616,-0.0339676,0.0208333,-0.557025,-0.0049825,0.00316746,0.5570562886586072,-0.0581866,0.0414863,0.0219875,0.0747679320531202,0.5013514661328933,0.0007319835,0.4023307097401341
19356,0.220934,-0.0324517,0.0208333,0.696376,0.0615105,0.000672024,0.69908763871385,0.0140557,0.113887,-0.123112,0.1682984730040353,0.6954327962801097,0.0465464,0.3075093494513622
19380,0.166858,-0.032828,0.0208333,0.353311,-0.175797,-0.000476768,0.39463080877920037,-0.242676,0.118326,-0.0845892,0.2829275808553136,0.6699132365575073,0.011981209999999999,0.28663984370634865
19404,0.132395,-0.0334638,0.0208333,-0.510114,-0.0422329,0.00283165,0.5118671009941276,-0.0898169,0.036698,0.0189326,0.09885475240154114,0.4279474031164606,0.0016975599999999999,0.4926915871008962
19428,0.296086,-0.0249167,0.0208333,-0.0875427,-0.109023,-0.090216,0.16639911510669161,0.111319,-0.135963,-0.144395,0.2274374049161659,0.20786318425322461,0.0658411,0.06273364328651732
19452,0.230804,-0.0374078,0.0208333,0.420149,0.0363604,0.00125959,0.4217212912056114,-0.153406,0.0595068,0.17306,0.23879745325744156,0.5991798350529899,0.032412155,0.2510440200442942
19476,0.271095,-0.0382254,0.0208333,-0.151044,-0.00424485,0.0462432,0.15802133474237745,-0.1572,0.0309317,-0.0833523,0.18059960127359087,0.13442574019194575,0.07338510000000001,0.34904870720287734
19500,0.173455,-0.0174943,0.0208333,0.854968,-0.262782,0.000586984,0.8944411691655388,0.47006,-0.0439835,0.0648026,0.47653995513389014,0.4473819368330704,0.01469601,0.026517051118101348
19524,0.267225,-0.038272,0.0208333,-0.132653,0.00206167,0.0388043,0.1382275030183172,-0.237548,0.0410682,-0.0603479,0.24851060015550647,0.1495179894610709,0.06006735,0.357121827952311
19548,0.204447,-0.0334839,0.0208333,0.727469,0.00117314,0.000492489,0.7274701126258554,-0.205692,0.135626,-0.0755547,0.257705497481311,0.9458595024833135,0.018781045,0.20157480001230313
19572,0.181651,-0.0326691,0.0208333,0.636915,-0.0993573,0.000478152,0.644618351365849,-0.188795,0.105715,-0.0938447,0.23585173513902755,0.8560072737638996,0.013206395,0.18361998801873394
19596,0.167177,-0.0354743,0.0208333,0.225398,-0.135966,-0.000824183,0.26323314919974933,-0.268946,0.133219,-0.0958142,0.31505493774679993,0.5708411844731075,0.00940531,0.5558129181658159
19620,0.258266,-0.0344478,0.0208333,-0.0743917,0.0169363,0.0192197,0.07867884184880965,0.0104495,0.0431897,0.00534994,0.04475672121976318,0.08988682034346082,0.11081115,0.3288175786055241
19644,0.172398,-0.036786,0.0208333,0.27168,-0.0660103,-0.00172741,0.27958963866960107,-0.299875,0.104449,-0.122126,0.3402195895329956,0.6084630732061546,0.009641779999999999,0.35559386946346533
19668,0.181237,0.0338656,0.0208333,-0.448234,-0.0478493,-0.000972114,0.4507817867573168,-0.0277692,0.0470393,0.0231338,0.05932113380212822,0.4317123921533587,0.0030112850000000003,0.000649798430284346
19692,0.200218,-0.0370185,0.0208333,0.610312,-0.00277875,-0.000945806,0.6103190586443717,-0.253485,0.0494548,-0.171249,0.3098816588135542,0.8819732302293557,0.024434285,0.40933238327794197
19716,0.151591,-0.0371353,0.0208333,-0.394926,-0.0569701,-0.00621023,0.3990622817639659,-0.208961,0.0613603,0.0197183,0.21867463797153067,0.22193997714950073,0.007132814999999999,0.6323606565876786
19740,0.104972,-0.025866,0.0208333,-0.0601846,0.442723,0.000281595,0.4467951657100869,-0.00704827,0.0521574,-0.006986,0.05309309447332016,0.39423061195994524,0.00035794165,0.15358678328554184
19764,0.246261,-0.0372167,0.0208333,0.00886046,0.0259856,0.0168173,0.032195973941808315,-0.121589,-0.0713711,0.0989951,0.1722723096153877,0.18234193007101138,0.0652429,0.42463631498024285
19788,0.157613,-0.0378174,0.0208333,-0.236679,-0.0453884,-0.00740506,0.2411055594737782,-0.267777,0.0549987,0.0451973,0.2770779216357377,0.11752303488244166,0.0093128395,0.5161462970902727
19812,0.141813,-0.039159,0.0208333,-0.686942,-0.00550784,-0.00738085,0.6870037296930696,-0.0592919,0.00807344,0.0138396,0.061418599521672584,0.6281555593120632,0.0014779347,2.1452109453384764
19836,0.122776,-0.0384491,0.0208333,-0.769444,0.0230465,-0.00233971,0.7697926243743403,0.011818,0.0100661,0.0473804,0.049858738425375346,0.7829501215061992,0.0002979188,1.9050144356408432
19860,0.28091,-0.0271434,0.0208333,-0.149769,-0.0662495,0.00965542,0.16405175020897036,0.25381,0.0632568,0.0192302,0.262279887597734,0.4239570348428463,0.0818325,0.12715305737574698
19884,0.198506,-0.039136,0.0208333,0.475974,-0.0011629,-0.0028779,0.4759841208704551,-0.328033,0.0125993,-0.126977,0.35197663271656265,0.8136444191528939,0.0135015175,0.9441557074974445
19908,0.222677,0.0315441,0.0208333,-0.44834,0.037246,0.000154181,0.4498844783805958,-0.175104,-0.0105654,-0.0658659,0.18738024249095742,0.28513591980177905,0.002418005,0.0043285101362940115
19932,0.267693,-0.030416,0.0208333,-0.081266,0.0133005,0.0086821,0.0828036527978084,0.142789,0.0621673,0.0764071,0.1734690653710338,0.23911353535975333,0.0959232,0.2685142454321558
19956,0.209618,-0.0309686,0.0208333,0.774175,0.022688,0.000652836,0.7745076514559702,-0.137626,0.209916,-0.104111,0.27174389276118055,0.936702113224068,0.046847645,0.2658038750658086
19980,0.133069,-0.0365196,0.0208333,-0.693167,-0.0104128,-0.000147623,0.6932452221872071,-0.0917896,0.017426,0.032087,0.09878548331187127,0.6028837756451505,0.0015797425,0.7180348180972842
20004,0.246232,-0.0139773,0.0208333,0.621249,0.315423,0.00132779,0.6967379363550431,1.09535,0.0124261,0.0140654,1.0955107785587368,0.5627975891198559,0.01320396,0.007192551702977184
20028,0.122406,-0.0378311,0.0208333,-0.749276,0.0315289,-0.00154296,0.7499406486094561,0.00484249,0.0162253,0.0513811,0.05409923757965633,0.7561281989581686,0.00054968495,1.3046800374038072
20052,0.20409,-0.037097,0.0208333,0.613113,0.00269555,-0.000921541,0.6131196180164333,-0.228898,0.0238201,-0.162024,0.281448873055143,0.8575446186814709,0.02834607,0.3048138776368294
20076,0.177511,-0.03858,0.0208333,0.304824,-0.0171906,-0.00379967,0.30533199176710735,-0.377132,0.0239118,-0.0767903,0.38561259027335976,0.687081527396536,0.00794407,0.49132473986152986
20100,0.270028,-0.0305988,0.0208333,-0.107088,-0.00830677,0.0077167,0.10768653411974452,0.160178,0.0372606,0.0524024,0.1726017251423635,0.27478047919968207,0.09429889999999999,0.21894748228741978
20124,0.140682,-0.0360649,0.0208333,-0.577259,-0.0344408,-0.000395105,0.5782856369421611,-0.150103,0.0425601,0.0135896,0.15661082321848,0.43426600017817074,0.002968487,0.7691118254194249
20148,0.293412,-0.0162323,0.0208333,-0.159822,-0.0389175,-0.0163466,0.16530231341941345,0.278239,0.111488,-0.162593,0.3410029309463483,0.48570285531815643,0.05425895,0.02897531708195788
20172,0.279964,-0.00682102,0.0208333,0.209917,0.276189,0.00963329,0.3470422321364132,0.518319,0.438728,0.106812,0.6874195568130136,0.3619038847570776,0.08434845,0.026604698833100893
20196,0.174204,-0.0307905,0.0208333,0.609505,-0.176389,0.000306072,0.6345151834480158,-0.172887,0.0977001,-0.0493827,0.20463107136576303,0.8305004819177878,0.01216378,0.16319895833000894
20220,0.113465,-0.0366269,0.0208333,-0.57192,0.11878,-0.00146276,0.5841261117830786,0.0153064,0.00156688,0.0111816,0.01902023060991638,0.5989437704800877,0.0007891809999999999,0.5537111160162851
20244,0.198446,-0.0348835,0.0208333,0.680779,-0.0122109,0.000171521,0.6808885241647589,-0.223386,0.0979293,-0.135764,0.27914748161230113,0.9209363043938389,0.02125332,0.30866438084106823
20268,0.297038,0.0211242,0.0208333,0.354238,1.17511,-0.020141,1.227507121211523,0.418222,1.64061,-0.0191355,1.6931854537363147,0.46987787060708636,0.04915795,0.011332872539652072
20292,0.105462,-0.0291897,0.0208333,-0.155997,0.402209,1.44941e-05,0.4314013721583172,-0.00655924,0.0404135,-0.0189823,0.045128730592800856,0.3919036949559744,0.00042801865,0.17126908652760428
20316,0.206199,-0.0356583,0.0208333,0.662137,0.00794489,-0.00020402,0.6621846945303648,-0.217778,0.0664069,-0.15255,0.2740595485503287,0.894917600374694,0.025521175,0.24746535111000892
20340,0.105588,-0.0306342,0.0208333,-0.194339,0.372195,-7.75555e-05,0.41987709030245457,-0.0128338,0.0313694,-0.0266905,0.043140798196718615,0.38705875013666863,0.00061558485,0.17113035966771062
20364,0.288747,-0.0371231,0.0208333,-0.164453,-0.0177705,-0.00948804,0.1656822343593048,-0.0656045,-0.0571712,-0.0393999,0.09552407366575193,0.11053578823801637,0.10381459999999999,0.1019803902718557
20388,0.157089,-0.0343315,0.0208333,-0.0295221,-0.147267,-0.00296522,0.15022621677676104,-0.28203,0.138817,-0.000436406,0.31434260105686734,0.38158968738509774,0.00936153,0.4571334597248379
20412,0.224389,-0.0344451,0.0208333,0.613962,0.056794,0.000521285,0.6165834636268241,-0.0215778,0.0863572,-0.00175456,0.08902946661343984,0.6362310898162271,0.050116549999999996,0.3647355206173372
20436,0.199271,-0.039536,0.0208333,0.474874,-0.000521732,-0.00286957,0.4748829566453872,-0.223751,0.00343223,-0.0777623,0.23690349407525188,0.7026389154091527,0.0065993765,1.0303154856644638
20460,0.129079,-0.0344448,0.0208333,-0.599099,-0.0122692,0.00257821,0.5992301663271336,-0.0706399,0.0364101,0.019607,0.08185429312516235,0.5309695606248669,0.000695891,0.5330206374991497
20484,0.288749,-0.0379411,0.0208333,-0.173793,-0.0108663,0.00592185,0.17423303829099837,-0.0961604,-0.0382161,-0.063124,0.12121028093099198,0.10743445231871619,0.11701815000000002,0.11320909857427537
20508,0.155426,-0.0350819,0.0208333,-0.14796,-0.114705,-0.00357251,0.18724892910962163,-0.279701,0.123924,0.0185325,0.3064853352662244,0.2734741709725072,0.008929804999999999,0.5980928021636777
20532,0.129476,-0.0373496,0.0208333,-0.755817,0.00419876,-0.00103509,0.7558293712775693,-0.03812,0.0176995,0.02548,0.04914913122579076,0.7183135135769447,0.00050353725,0.5909856174222855
20556,0.214521,-0.0188672,0.0208333,0.802384,0.0896386,-0.00015435,0.807375492500164,0.720071,-0.0954337,0.019636,0.7266329256458794,0.20351620119639738,0.076218835,0.07116558156862066
20580,0.146974,-0.0184535,0.0208333,0.800164,-0.410108,-2.1217e-05,0.8991390320802234,0.0384067,0.069587,0.0421971,0.08998900167409349,0.9012013445499304,0.0031784300000000003,0.1011721305498703
20604,0.267128,-0.0365188,0.0208333,-0.134062,-0.000950103,0.0268921,0.13673590450982728,-0.0609648,0.0580077,-0.00607831,0.08437147593106394,0.09953025227535046,0.09796495,0.2867915619400264
20628,0.189784,-0.0358593,0.0208333,0.584096,-0.0262152,-0.000406319,0.5846841361129697,-0.260223,0.0760612,-0.148971,0.3093439424256437,0.8633692722112547,0.01584385,0.33386074941508176
20652,0.17333,-0.0148649,0.0208333,0.863847,-0.267918,0.00075683,0.9044403058934564,0.728812,-0.0874904,0.0383775,0.7350471644339633,0.22848169484229783,0.009435778,0.025694727085532547
20676,0.132799,-0.0382796,0.0208333,-0.761286,-0.00159105,-0.00236327,0.7612913307539995,-0.0709,0.00289483,0.0346256,0.07895645772252514,0.6913907206632522,0.000778329,0.8166247608295991
20700,0.151093,-0.0365017,0.0208333,-0.376027,-0.0679163,-0.00418499,0.3821340637472536,-0.215262,0.0733097,0.0177669,0.2280958208597869,0.21510939955188407,0.0068293355,0.6412487816752559
20724,0.179111,-0.0232764,0.0208333,0.803742,-0.186031,0.000463924,0.824990273124767,-0.242478,-0.00872979,0.124263,0.2726042605801386,1.068334319717343,0.0076938300000000005,0.1415577620619936
20748,0.149581,-0.00949758,0.0208333,0.980584,-0.398801,0.000992284,1.058578387879016,1.03704,-0.0881439,0.00145302,1.0407801977239626,0.31574566662754333,0.00186359285,0.008367932839118632
20772,0.26637,-0.037097,0.0208333,-0.131712,0.00145672,0.0291445,0.13490579993984098,-0.146496,0.0577465,-0.0279275,0.15992398673901298,0.08151269332103069,0.08194494999999999,0.32158202686095505
20796,0.123538,-0.0318127,0.0208333,-0.424086,0.0306549,0.00368738,0.4252084842301179,-0.0310637,0.0412576,0.0234453,0.056717061873302284,0.39366142933656384,0.0009342865,0.2920491397008387
20820,0.269189,-0.0279936,0.0208333,-0.063854,0.0226528,0.00886152,0.06833014854769745,0.185238,0.0817709,0.0705587,0.21442510785003702,0.26334068472524785,0.0871353,0.21825810408779786
20844,0.219899,-0.0348652,0.0208333,0.635971,0.0422529,0.000184686,0.6373730889426761,-0.080855,0.103434,-0.0246876,0.13358742820625003,0.7198619811353255,0.03614685,0.39548704150705116
20868,0.275969,-0.0318298,0.0208333,-0.137156,-0.0389447,0.00511191,0.1426695118725024,0.228129,0.0293525,-0.00958272,0.23020911888943146,0.3719053251886518,0.09092475,0.17632696900928116
20892,0.222798,-0.0352213,0.0208333,0.602259,0.0463207,0.000242307,0.6040377215391206,-0.0597498,0.0826218,0.013694,0.10287820989539039,0.6631397810290197,0.04927505,0.4703084094506497
20916,0.199833,-0.0336214,0.0208333,0.717239,-0.0116299,0.000473769,0.7173334386128081,-0.205475,0.112408,-0.0838803,0.24877990034785766,0.9348273291839871,0.015941685,0.22431941512049286
20940,0.118037,-0.0136727,0.0208333,0.79737,-0.0950142,-0.000360426,0.8030110491198371,0.374609,-0.00987783,-0.00969243,0.3748645323391022,0.4313492215321976,0.00035831549999999995,0.03499557114836105
20964,0.167459,-0.0316727,0.0208333,0.451263,-0.203657,-0.000189764,0.49509040066272314,-0.220522,0.0998123,-0.0687979,0.25164578033358714,0.7403349097488816,0.011979375,0.22998869537435965
20988,0.178589,-0.0135091,0.0208333,0.830678,-0.213454,0.000593559,0.8576647958918954,0.95104,-0.127465,0.036315,0.960230798844736,0.15217470391663812,0.009580457,0.015445711378890906
21012,0.205513,-0.0364002,0.0208333,0.641024,0.00500265,-0.000484647,0.6410437036316144,-0.217061,0.0431266,-0.159558,0.27282620239368505,0.8735374258858433,0.02709771,0.2777284645116521
21036,0.195762,-0.0310386,0.0208333,0.755799,-0.032774,0.000724464,0.7565096088782265,-0.206839,0.156262,-0.0476743,0.2635773576115559,0.9822163553396613,0.01806454,0.20890883179032904
21060,0.111375,-0.0353833,0.0208333,-0.490627,0.166452,-0.00130414,0.5180953794564661,0.00746367,0.0174402,0.0243551,0.030871310984778407,0.5205355210527582,0.0002943635,0.18290899376465883
21084,0.196246,-0.0366112,0.0208333,0.612152,-0.011223,-0.000593539,0.612255158509542,-0.280214,0.0722717,-0.180644,0.341138299158699,0.9141699029121461,0.017844655,0.5160930148723193
21108,0.248365,-0.0344389,0.0208333,0.162592,0.0959641,0.0111038,0.1891257817624292,0.0608155,-0.0199652,0.171035,0.18262011246379736,0.22220721699391313,0.057311400000000005,0.24368914624988944
21132,0.221312,-0.0359699,0.0208333,0.588928,0.0366731,-4.22766e-05,0.5900687309415072,-0.0916679,0.0828435,0.00811019,0.12382174511973291,0.6822088739122601,0.042969850000000004,0.4842871049284711
21156,0.127555,-0.0370922,0.0208333,-0.744072,0.010375,-0.000461709,0.7441444718495197,-0.0160562,0.025364,0.0158884,0.03396432406216853,0.7283536237535665,0.0006074822,0.7376794696885632
21180,0.23373,-0.0356516,0.0208333,0.468915,0.0754544,0.00199568,0.4749511832209942,-0.0635933,0.075057,0.17237,0.19846681826917567,0.5590998626463008,0.037143,0.14024122075909065
21204,0.151454,-0.0379073,0.0208333,-0.435156,-0.0422936,-0.0076517,0.43727341726870383,-0.187128,0.0419568,0.0185869,0.19267260911154444,0.26325744588542976,0.006723402,0.6866156129888105
21228,0.291872,-0.0339054,0.0208333,-0.127003,-0.0528583,-0.0432951,0.1442159060988073,0.0491334,-0.08368,-0.0501695,0.10924015802721086,0.1789448685243866,0.06880955,0.09028072884065569
21252,0.263633,-0.0365858,0.0208333,-0.118676,0.00679077,0.0245951,0.1213879173443671,-0.128114,0.0541169,0.0196065,0.14045017160495035,0.04851519921361656,0.0800968,0.3394362974108691
21276,0.17498,-0.0333566,0.0208333,0.499377,-0.121437,4.96009e-05,0.5139302827799207,-0.209969,0.0982346,-0.106739,0.2552062532916464,0.7502207440778611,0.01484396,0.19722499841551527
21300,0.103689,-0.035851,0.0208333,-0.194877,0.186111,0.00197132,0.2694777088230906,-0.000163616,-0.00410648,-0.0310808,0.03135133293539297,0.2742050952166576,0.00051625765,0.15198256478951788
21324,0.262018,-0.0370336,0.0208333,-0.113983,0.00905428,0.0253952,0.11712822229658572,-0.177427,0.0595135,-0.0183711,0.18804173559734022,0.09212362907907178,0.07947845,0.31022201727150184
21348,0.220122,-0.0377704,0.0208333,0.53852,0.0189885,-0.000619027,0.5388550238484158,-0.118987,0.048588,-0.0044884,0.12860344337365154,0.658184288400037,0.033031135,0.565211464851873
21372,0.154021,-0.0358141,0.0208333,-0.250398,-0.0905087,-0.00470184,0.2662951191424199,-0.257777,0.102762,0.0256929,0.27869182887808175,0.1957852224739079,0.008080117500000001,0.6315013855883453
21396,0.239975,-0.0290446,0.0208333,0.57242,0.177527,0.00294882,0.599323942178512,0.441301,-0.0561046,-0.174575,0.47788150138623275,0.32138858621138433,0.0737866,0.059676963729734106
21420,0.133486,-0.0379207,0.0208333,-0.753477,-0.00398199,-0.00236403,0.7534912304806214,-0.0825698,0.00531405,0.0361127,0.09027811529231489,0.6720739141813304,0.0010816369999999999,0.7926291692840984
21444,0.248485,-0.0332378,0.0208333,0.24206,0.125309,0.00907099,0.2727227015497245,0.164253,-0.00248889,0.173967,0.23926922006691984,0.22265876145207536,0.06688279999999999,0.17136773325220825
21468,0.17297,-0.0287232,0.0208333,0.6625,-0.207422,0.000336843,0.6942119629819171,-0.184953,0.0888592,0.00860544,0.20537191441682964,0.897790346561372,0.01251519,0.1236879137183581
21492,0.28955,-0.0383585,0.0208333,-0.17073,-0.0122544,0.00228368,0.17118445727840595,-0.123954,-0.0231395,-0.098297,0.15988224036849746,0.11145830057592121,0.12273755,0.14210453898450956
21516,0.269651,-0.000616461,0.0208333,0.458379,0.4398,0.00377115,0.6352555149019349,0.621062,0.382416,-0.00471507,0.7293711241782915,0.17271565613715628,0.067003725,0.013259864252698818
21540,0.116294,-0.0382812,0.0208333,-0.654649,0.0497588,-0.00219062,0.6565409737361595,0.0145146,-0.00424851,0.000203821,0.015124979119990249,0.671343761754065,0.0006714414,0.7719630820188229
21564,0.112909,-0.0359246,0.0208333,-0.544149,0.138229,-0.00130789,0.5614330781297554,0.0115562,0.0109612,0.0140396,0.02123214619486217,0.5702989634158387,0.00050521465,0.18413147476735203
21588,0.244456,-0.0390569,0.0208333,-0.0251286,-0.00301552,0.0138126,0.028832755983263205,-0.267279,-0.0306725,0.101632,0.2875898633840386,0.25906364426379935,0.056650435,0.5454319389254721
21612,0.187958,0.0277307,0.0208333,-0.375938,-0.0685486,-0.000114076,0.38213649841292807,-0.0185068,0.0967215,-0.000279089,0.0984765357796461,0.39379092919560776,0.0030269895,5.174504807225519e-05
21636,0.191407,0.0275054,0.0208333,-0.390266,-0.0595656,3.88349e-05,0.39478552780909976,0.000964877,0.0926092,0.00163078,0.09262858282233152,0.4197872117661882,0.003612635,3.411964243657896e-05
21660,0.220178,-0.0368385,0.0208333,0.571965,0.0261028,-0.000338263,0.5725604176108379,-0.112457,0.0701536,-0.000635303,0.13254624872798856,0.685838199065495,0.03612647,0.5231405164962851
21684,0.214049,0.0318397,0.0208333,-0.494768,0.0184136,0.000378232,0.49511067202031284,-0.0937594,-0.00870836,-0.0547076,0.1089017085265865,0.4056820761080453,0.0044932565,0.0014939210153150668
21708,0.291223,-0.0368479,0.0208333,-0.153236,-0.0258623,-0.0268066,0.1576982056361137,-0.00600678,-0.049947,-0.0509101,0.07157249818874845,0.15112079508839413,0.11208575000000001,0.08380322189510377
21732,0.295275,-0.0351577,0.0208333,-0.101063,-0.0714042,-0.0774335,0.14597341082844506,0.0494106,-0.0569694,-0.0693523,0.10245321587929782,0.15138022837028617,0.0860928,0.1005455120828374
21756,0.147625,-0.0124466,0.0208333,0.972872,-0.418636,0.000483502,1.0591205137538333,0.733169,-0.0560969,0.00322444,0.7353190068017578,0.43462586206866455,0.001809156,0.02356747759095148
21780,0.2431,-0.0287009,0.0208333,0.542326,0.1983,0.0036838,0.5774547174094605,0.467765,-0.0642159,-0.154242,0.49670753125134914,0.3153006482382331,0.0736696,0.05490828717051735
21804,0.175305,-0.0345526,0.0208333,0.441084,-0.0929185,-0.000298788,0.45076494093099,-0.225972,0.103281,-0.133103,0.28186294249865484,0.7078805758467956,0.01514571,0.22269598110428485
21828,0.17611,-0.0281182,0.0208333,0.714211,-0.190042,0.000445373,0.7390625904766858,-0.223349,0.109496,0.0187859,0.24945352243616445,0.9844176664275373,0.01060206,0.17211914478058504
21852,0.285812,-0.0310991,0.0208333,-0.138498,-0.049935,-0.015255,0.14801322661843436,0.21051,0.0467686,-0.0382093,0.21900162705434406,0.362884375807846,0.04110135,0.12445762331010504
21876,0.246284,-0.0282752,0.0208333,0.503084,0.212643,0.00471027,0.5461984466734348,0.491448,-0.0527562,-0.118614,0.5083046668470004,0.29288394873682116,0.07882945,0.05782620513227545
21900,0.252862,-0.0272657,0.0208333,0.407013,0.228228,0.00723635,0.4666904401359883,0.498362,0.0217374,0.00411502,0.49885281495884176,0.22581574433668017,0.0876894,0.12662780105490262
21924,0.108889,-0.0365709,0.0208333,-0.426441,0.14438,-0.00168795,0.45022256724447135,0.00793403,0.018865,0.00632065,0.021419329435428177,0.45221656270691907,0.0001448536,0.9642240403557671
21948,0.137621,-0.0177055,0.0208333,0.748168,-0.331453,-2.3629e-05,0.8183009519677523,-0.0275157,0.0487169,0.0179223,0.05875082066992767,0.8640233860720282,0.0049748635,0.22073037851641536
21972,0.118787,-0.0346978,0.0208333,-0.586824,0.0879093,0.00119351,0.593373302793958,-0.0191052,0.0357123,0.0193562,0.04488919153615935,0.5704025297896881,0.0014923005,0.3874829028486289
21996,0.249558,-0.0278374,0.0208333,0.462872,0.226562,0.00570316,0.5153769050529774,0.489854,-0.0129313,-0.0574397,0.493379649936821,0.2491427097827059,0.08628279999999999,0.10058329881247681
22020,0.25991,-0.0264878,0.0208333,0.240239,0.186409,0.0114549,0.30429312699436706,0.46428,0.0888707,0.0758076,0.4787491116819435,0.2526843082685983,0.0712318,0.1261078903161892
22044,0.256299,-0.0268466,0.0208333,0.336232,0.219407,0.0091193,0.4015900286430055,0.48508,0.0493448,0.0542178,0.49058850936796305,0.23045770474230193,0.08460285,0.13819261919509307
22068,0.263605,-0.0259742,0.0208333,0.158817,0.15369,0.0122408,0.22134428561325,0.429089,0.131337,0.0959284,0.4588780180141123,0.2838137152900825,0.06493485,0.12391650414694566
22092,0.267469,-0.0324511,0.0208333,-0.100177,0.00320689,0.0102657,0.1007526678007193,0.0995987,0.0380545,0.0757274,0.13077723472646147,0.21309603562734833,0.0994281,0.27836073717390536
22116,0.267267,-0.0252258,0.0208333,0.0818572,0.112197,0.0110176,0.13932033416052375,0.358471,0.144249,0.111746,0.40223923274340107,0.29612283873588674,0.07894975,0.1456790993931525
22140,0.271063,-0.0248171,0.0208333,-0.00466163,0.0512091,0.00914553,0.052227803285681086,0.267623,0.137778,0.111259,0.32091028729849097,0.3034143288259271,0.07833115,0.16561189570800763
22164,0.283542,-0.0366364,0.0208333,-0.168778,-0.0118503,0.0139364,0.16976650476183458,-0.0648059,0.0441909,-0.089047,0.11866763891904145,0.15670480002670625,0.0663259,0.25971869397484654
22188,0.196355,-0.0350203,0.0208333,0.666552,-0.0182798,0.000129317,0.6668026218566679,-0.2458,0.0962994,-0.142749,0.30011413069257503,0.9305529423119313,0.019586624999999996,0.39287911626860494
22212,0.275062,-0.0243244,0.0208333,-0.0706557,-0.00864832,0.0127657,0.07231863160902867,0.269955,0.130095,0.0641926,0.3064654971522243,0.37136246962061525,0.08025774999999999,0.1446319466784569
22236,0.172418,-0.0376806,0.0208333,0.224704,-0.0439729,-0.00297789,0.22898552657157634,-0.347573,0.080244,-0.0880181,0.3674143108162909,0.5917454184794794,0.007297745,0.4722615800591871
22260,0.290367,-0.0371837,0.0208333,-0.15865,-0.0221256,-0.0202012,0.1614541828408295,-0.0372742,-0.0417383,-0.0537189,0.07757043180065457,0.12743696104435323,0.11264245,0.0927141844595529
22284,0.169306,-0.0379253,0.0208333,0.132298,-0.0556854,-0.0029296,0.14356952020996658,-0.322994,0.0764421,-0.0484585,0.3354351575351934,0.4762576637235983,0.0051449305,0.6347976055405377
22308,0.205407,-0.018164,0.0208333,0.828868,0.0222718,-0.000147305,0.829167182296793,0.668656,-0.0789199,0.0300772,0.6739687195351504,0.19188842017012134,0.06945685,0.05002189520599954
22332,0.153247,-0.00989425,0.0208333,0.963233,-0.398693,0.00100906,1.0424849825009872,1.03438,-0.0870934,0.00326088,1.0380452196614243,0.31962677769935427,0.0026792255,0.004759894956824153
22356,0.175786,-0.0325137,0.0208333,0.551161,-0.128921,0.000204937,0.5660380854334573,-0.195127,0.0952077,-0.08894,0.23462603408038504,0.784299861596586,0.013659115,0.19471594695864022
22380,0.135987,-0.0233403,0.0208333,0.368014,-0.221013,-0.000354949,0.4292798345529319,-0.143332,0.0245786,-0.000350882,0.145424526542595,0.5672653397865063,0.002725125,0.2746858205295643
22404,0.113099,-0.0375008,0.0208333,-0.562356,0.0865103,-0.00204356,0.5689749369520274,0.0151797,0.000837136,0.0188256,0.02419767146095872,0.5842284635682915,0.00058937515,0.5231347818679236
22428,0.239821,-0.0198479,0.0208333,0.680369,0.248756,0.00126998,0.7244191718516293,0.85783,-0.102371,0.0338727,0.8645805285491283,0.39477273715569366,0.037321295,0.017747619558690118
22452,0.215091,-0.0129405,0.0208333,0.725064,0.113034,-0.000522372,0.7338220234665258,1.1673,-0.17111,0.00935105,1.1798115799720321,0.5257451634527798,0.0070538605,0.006882070909253987
22476,0.156108,-0.0368544,0.0208333,-0.231179,-0.075574,-0.00718086,0.24332431910382404,-0.267429,0.0797832,0.0336726,0.2811004678651389,0.16467825383398865,0.008382848,0.6095522947212979
22500,0.296933,-0.0324908,0.0208333,-0.0660393,-0.111136,-0.106025,0.1671936011499543,0.0720412,-0.166926,-0.0589658,0.19113134108010646,0.15618359992294326,0.08827955,0.07631074629434573
22524,0.197403,-0.0156138,0.0208333,0.804627,-0.0325056,-0.00019253,0.805283341581186,0.935555,-0.130088,0.027544,0.9449575216405233,0.16563146159531683,0.026495395,0.014391247339963274
22548,0.186362,-0.0374029,0.0208333,0.500292,-0.0219797,-0.00149413,0.5007768214489833,-0.329483,0.0390751,-0.169561,0.3726081634237366,0.8488231335323259,0.01369283,0.2929228567387666
22572,0.242591,-0.0348394,0.0208333,0.292371,0.10229,0.00647294,0.30981598521258324,0.0683752,0.0301243,0.237009,0.24850735905910312,0.32943721956459865,0.03901135,0.18338511389968382
22596,0.203739,-0.0237097,0.0208333,0.858507,-0.00113063,0.000314321,0.8585078020442727,-0.0678613,0.106288,0.047617,0.1347949319176726,0.9337743478788352,0.049809099999999995,0.18794360856384557
22620,0.113763,0.00134519,0.0208333,1.2481,-0.104654,0.000484991,1.2524800616905125,1.36853,-0.0391155,-9.58915e-05,1.3690888913563757,0.1371095084475501,8.32443425e-05,0.00015372800655703565
22644,0.179785,-0.0381563,0.0208333,0.362272,-0.0204614,-0.00308863,0.362862522877793,-0.376928,0.0230666,-0.115512,0.3949048079772643,0.7489661814168627,0.010309780000000001,0.4563814194289684
22668,0.281965,-0.0383317,0.0208333,-0.17804,-0.00521363,0.0380979,0.1821451990094356,-0.181204,0.0121977,-0.199505,0.2697886552957518,0.23826099848019375,0.061705949999999996,0.3364981426397477
22692,0.278586,-0.0298873,0.0208333,-0.142491,-0.0517067,0.00294813,0.1516112112489934,0.264364,0.0446254,-0.0140441,0.26847157683071404,0.41844904157589236,0.08552835,0.16167869371070512
22716,0.207593,-0.0339056,0.0208333,0.711295,0.012079,0.000329823,0.7113976300559424,-0.224934,0.127879,-0.131073,0.290049089510724,0.9524710401546964,0.02264406,0.18815498930403093
22740,0.174587,-0.0352021,0.0208333,0.398724,-0.0880552,-0.00054175,0.40833177676504984,-0.239056,0.10356,-0.142924,0.29715267878987733,0.6809936992264337,0.014233315,0.23967436241700948
22764,0.23522,0.033216,0.0208333,-0.371499,0.0486854,-0.00047822,0.37467586507343703,-0.26864,-0.0672608,-0.0635844,0.2841380663339567,0.16734958957115015,0.00679226,0.0057351198766895884
22788,0.114336,-0.0365079,0.0208333,-0.587674,0.108649,-0.00142764,0.59763481628246,0.0106282,-5.93852e-05,0.00363196,0.011231798399347232,0.608118931698226,0.0009001005,0.5713361532408044
22812,0.213594,-0.0372258,0.0208333,0.603863,0.0176796,-0.000641874,0.6041220928151791,-0.143539,0.055026,-0.106269,0.18688072548553528,0.7557523357185076,0.024167385,0.2721681465564992
22836,0.143021,-0.0369058,0.0208333,-0.591061,-0.0327062,-0.00229726,0.5919696602385527,-0.15705,0.0383704,0.0056038,0.16176647573153097,0.43986345374182145,0.0029987575,0.8345939132296617
22860,0.141601,-0.0376698,0.0208333,-0.652029,-0.0168177,-0.00370219,0.6522563591756588,-0.127475,0.0245126,0.00691328,0.12999437150937881,0.5262867857142253,0.0023632355,1.182150582624735
22884,0.121463,-0.0368442,0.0208333,-0.711518,0.0438329,-0.00022914,0.7128669160169727,-0.00463922,0.0282952,0.0462678,0.0544320679571188,0.7085767390797851,0.0009845465,0.7834436801710765
22908,0.23714,-0.0382345,0.0208333,0.261388,0.0388302,0.0044231,0.264293463388049,-0.224733,0.03575,0.172989,0.28584642364388607,0.5145265560841831,0.04269121,0.33254172670508586
22932,0.261547,-0.035385,0.0208333,-0.10085,0.0111723,0.0195725,0.10333743534431267,-0.0502107,0.065295,0.0369229,0.09026545277070291,0.07612254422928862,0.09825995,0.30859163954974544
22956,0.211514,-0.0375737,0.0208333,0.593768,0.012626,-0.000891304,0.593902894523019,-0.164475,0.0312619,-0.123286,0.2079152948020179,0.7682839354214966,0.02720648,0.2797559650838566
22980,0.170366,0.0332294,0.0208333,-0.383116,-0.0495766,-0.00145375,0.3863131140831521,-0.0397845,0.00294065,0.0620381,0.0737575739452058,0.3530804376572497,0.0020483560000000003,0.0
23004,0.127032,-0.0111182,0.0208333,1.01173,-0.247978,0.000300302,1.0416769036343712,0.710594,-0.0357378,-0.00721247,0.7115286662590207,0.3684904812002123,0.0007485981,0.01094586679984733
23028,0.273084,-0.000847184,0.0208333,0.419287,0.437087,0.00457753,0.6056959531967345,0.58523,0.438491,0.0141361,0.7314152987900991,0.16622399563674586,0.074770075,0.013255602589094168
23052,0.267722,-0.00344701,0.0208333,0.471415,0.428305,0.00366038,0.6369385163669602,0.718237,0.346262,-0.00145021,0.7973480193253409,0.2601504788831805,0.063550555,0.013872959309390337
23076,0.263064,-0.0348175,0.0208333,-0.101428,0.0098689,0.0173477,0.10337299969769669,-0.0143235,0.0489721,0.0696618,0.08634926525396727,0.10887157218163059,0.0996942,0.3071278235523444
23100,0.211796,-0.0126554,0.0208333,0.732913,0.0928255,-0.000499839,0.738768088684315,1.14423,-0.170059,0.00921377,1.1568350141392736,0.48824613570314607,0.006266043,0.007655168188877368
23124,0.122416,-0.0324085,0.0208333,-0.452342,0.0486125,0.00328832,0.45495854005466524,-0.0292834,0.0407676,0.0271734,0.057078090305124965,0.4238049298162734,0.000800708,0.41862274185715237
23148,0.193155,0.030373,0.0208333,-0.447641,-0.0473528,9.43605e-05,0.45013860249121485,-0.0315799,0.0824815,0.0268113,0.09230023691166779,0.4366664393400833,0.0026350254999999998,0.00043800913232488656
23172,0.23533,-0.0352991,0.0208333,0.455318,0.0867543,0.00249734,0.46351593974702276,-0.0404846,0.062883,0.184311,0.19890655908531524,0.528626772016936,0.04104275,0.11441984093678859
23196,0.199789,-0.0378108,0.0208333,0.577413,-0.00279894,-0.00151938,0.5774217827114838,-0.288628,0.0389939,-0.166656,0.3355605294983455,0.8826345554199031,0.01859365,0.6161704309685755
23220,0.11445,0.0316847,0.0208333,-0.245796,-0.0507201,0.00273878,0.2509894481365669,0.0261375,-0.0490233,-0.0264032,0.06151082684682429,0.27349581815963914,9.334695000000001e-05,0.0
23244,0.217055,-0.0100016,0.0208333,0.681237,0.138688,-0.000598431,0.6952111690937235,1.116,-0.151185,0.00825207,1.1262242231830593,0.522612240256532,0.005036542,0.0028012033128639556
23268,0.294661,-0.0236737,0.0208333,-0.122473,-0.0895156,-0.0654131,0.16520154970208362,0.172499,-0.0506447,-0.109691,0.21060129657741902,0.30079886981041004,0.06505585,0.05026519670706561
23292,0.167402,-0.0338357,0.0208333,0.327109,-0.159804,-0.000518912,0.36405753057266066,-0.252947,0.127975,-0.0977136,0.29984618233180826,0.6547736428357644,0.013029775,0.3685267968547199
23316,0.237015,-0.0350016,0.0208333,0.43594,0.0958221,0.00316508,0.4463581254775322,-0.00418081,0.0542711,0.190106,0.19774509527031536,0.4799788751252522,0.04251345,0.19839682457136254
23340,0.121636,-0.0136082,0.0208333,0.804449,-0.135552,-0.000380666,0.8157896071975933,0.356605,0.00535535,-0.0132649,0.35689180905511475,0.46966491577058345,0.000578872,0.03820850690618517
23364,0.122261,-0.0356417,0.0208333,-0.648383,0.0447303,0.00140561,0.649925603562871,-0.023083,0.0379776,0.048232,0.06558543142161985,0.6270872345676654,0.000886446,0.6739614232283625
23388,0.140177,-0.0382359,0.0208333,-0.685969,-0.011615,-0.0041822,0.6860800740313335,-0.0988874,0.0128376,0.0122955,0.10047239010180856,0.5878216135041396,0.0017308125,1.4912377409387143
23412,0.21378,-0.0357533,0.0208333,0.653309,0.0241794,-8.87271e-05,0.6537563007251695,-0.152066,0.0876864,-0.0832411,0.1942731423284495,0.8121430580833039,0.01416717,0.21606318520284754
23436,0.231632,-0.0279391,0.0208333,0.682642,0.143823,0.00133851,0.6976295199473859,0.375604,-0.0815898,-0.23724,0.451683603731683,0.4494474043552372,0.0765848,0.07735761113167856
23460,0.257704,-0.0372397,0.0208333,-0.0979098,0.0106552,0.0243704,0.1014582604780902,-0.107359,0.0469105,-0.0145331,0.1180582944432961,0.05401126244571589,0.08788625,0.47977286292578075
23484,0.164425,-0.0274793,0.0208333,0.587835,-0.28901,-6.15897e-06,0.6550395158789528,-0.203659,0.072347,0.00558638,0.2161996399893034,0.8700993678753772,0.011708234999999999,0.11059882458688247
23508,0.232489,-0.0112838,0.0208333,0.665494,0.236528,-0.000294293,0.7062774564067368,1.09837,-0.0914643,0.00169324,1.1021729638020468,0.5431063712779626,0.006473138,0.007019779198806754
23532,0.116555,-0.0306161,0.0208333,-0.307168,0.148812,0.000962251,0.34131820563073834,-0.0171455,0.0507357,0.0215983,0.05774570103159196,0.3068515237802648,0.000769808,0.37545039619102816
23556,0.195838,0.0363589,0.0208333,-0.555313,-0.0221915,-0.000853631,0.5557568886906703,-0.104864,0.0209355,0.0158819,0.10810637540802116,0.45281819500529336,0.003949566,0.0031033353025414446
23580,0.279602,-0.0338404,0.0208333,-0.142558,-0.0291764,0.00410083,0.14557081605750824,0.198417,0.0407576,-0.103721,0.2275709420988541,0.36439026057998436,0.057082600000000004,0.17087363752200044
23604,0.182054,-0.0278204,0.0208333,0.765789,-0.137779,0.000562585,0.7780849322945936,-0.25944,0.116105,0.0148088,0.28462042298900475,1.056292829919254,0.013180659999999999,0.1912555881536537
23628,0.0969717,-0.00827099,0.0208333,1.16391,-0.00170075,0.000280757,1.163911276461851,0.933976,0.0070091,-0.00089622,0.9340027297974555,0.23010191463323598,4.375719000000001e-06,0.0
23652,0.267628,-0.0349683,0.0208333,-0.124757,-0.00339001,0.0180255,0.12609805655540493,0.0215526,0.0481615,0.0528257,0.07466323880933642,0.15898148054248365,0.1035547,0.27448970836809167
23676,0.211305,-0.0382313,0.0208333,0.559529,0.00945225,-0.00132174,0.559610394710186,-0.172293,0.0201911,-0.123347,0.2128545061238075,0.742003319845262,0.02556903,0.32047308779365546
23700,0.214883,-0.0297844,0.0208333,0.778076,0.0493254,0.000669543,0.7796381886163536,-0.00501901,0.160273,-0.135185,0.20973223218041642,0.8024983622951508,0.06847495,0.22663869925500366
23724,0.147358,-0.0295352,0.0208333,0.102522,-0.243345,0.00121896,0.26406255958102354,-0.221199,0.143574,-0.00895113,0.26386097438855355,0.5045840159305566,0.005134575000000001,0.3185121661726597
23748,0.234198,-0.0382862,0.0208333,0.314308,0.0338985,0.00274335,0.3161426151841483,-0.208573,0.0363283,0.188091,0.2831972210154789,0.5547649911895689,0.03244316,0.3465876512514547
23772,0.111876,-0.00155845,0.0208333,1.28811,-0.0922244,0.000414172,1.2914073267539588,1.36564,-0.018391,-0.0014183,1.365764566115218,0.1070776811907634,7.8102215e-05,0.0003610886317789581
23796,0.299582,-0.0362754,0.0208333,-0.0151556,-0.0639635,-0.0704291,0.09633939832913635,0.0110017,-0.202615,-0.0650961,0.21309945533271546,0.14119803003066295,0.06318649,0.07755391672894413
23820,0.194811,-0.0318134,0.0208333,0.746985,-0.0378178,0.000713782,0.7479420336540683,-0.211881,0.138192,-0.0679137,0.261921472339879,0.9772989240440718,0.018861509999999998,0.23674522170468404
23844,0.220384,-0.0103512,0.0208333,0.66983,0.158817,-0.000616725,0.6884006455101024,1.13032,-0.145915,0.00825301,1.1397291791469848,0.5522601779261024,0.006205825999999999,0.002329828319855349
23868,0.269313,-0.0344956,0.0208333,-0.127377,-0.00964966,0.0155945,0.12869034345033664,0.06623,0.0428949,0.0471704,0.09193167018046611,0.20308037496371625,0.09871569999999999,0.24973906382462477
23892,0.17233,-0.033814,0.0208333,0.433516,-0.131497,-0.000158297,0.45302053852219576,-0.228154,0.10351,-0.11566,0.2759452906211664,0.711601097768195,0.01591141,0.2026847305546227
23916,0.296502,0.0185012,0.0208333,0.0514842,1.02247,-0.0341675,1.0243353658865293,0.140695,1.39597,-0.018644,1.4031660353147806,0.3843199134690915,0.0464562,0.011465033798467408
23940,0.293188,-0.0110157,0.0208333,-0.174063,0.0229229,0.0013415,0.17557103102636265,0.26704,0.232719,-0.127732,0.3765421070544435,0.5052189907223006,0.06616179999999999,0.023973089079215467
23964,0.222605,-0.0383955,0.0208333,0.484169,0.0126605,-0.000468927,0.4843347279658783,-0.140369,0.0212623,0.039521,0.14736841928747826,0.6258761048871456,0.034880339999999996,0.5984822470215805
23988,0.28795,-0.0366994,0.0208333,-0.16506,-0.0164849,-0.00578795,0.16598209509827408,-0.0583465,-0.05768,-0.038879,0.09079026987100546,0.11907907010202298,0.09116060000000001,0.09055904151436234
24012,0.234779,-0.0270659,0.0208333,0.663946,0.168357,0.00165131,0.6849606537529846,0.443322,-0.102516,-0.194879,0.4949967177477038,0.4008382395102744,0.07394010000000001,0.055965078397157635
24036,0.122145,-0.0364697,0.0208333,-0.710695,0.0410131,7.20659e-05,0.7118774210424882,-0.0141937,0.0324054,0.0513274,0.06233837549704034,0.6984377299907863,0.0008911920000000001,0.509245520353395
24060,0.279445,-0.0190855,0.0208333,-0.0396876,-0.00963106,0.020436,0.045667198364730016,0.299586,0.189064,0.132096,0.3780824258121501,0.40872271545066297,0.08700965,0.05462746561941163
24084,0.167636,-0.0266499,0.0208333,0.662732,-0.276359,0.000193237,0.7180445933544366,-0.223341,0.0789984,0.0536621,0.24290238874899936,0.9561710947180284,0.01342898,0.09972015844351632
24108,0.144196,-0.0121808,0.0208333,0.99587,-0.410387,0.000479725,1.077114096465679,0.742557,-0.0399763,0.0038462,0.7436422500538347,0.4487570565433101,0.001251501,0.027532834943027572
24132,0.148594,-0.0378452,0.0208333,-0.513067,-0.0350718,-0.00633184,0.5143032858557542,-0.16707,0.0357714,0.0030934,0.17088460165128982,0.3533008889661865,0.0042307905,0.7942354814537059
24156,0.118715,-0.00179691,0.0208333,1.25116,-0.162754,0.000580769,1.2617014493962633,1.36698,-0.0444243,-0.00137527,1.3677023543878484,0.16558990425342826,0.000153869405,0.00016922824823297085
24180,0.234796,-0.0368321,0.0208333,0.3908,0.0586412,0.00255341,0.39518343872190304,-0.126243,0.0620237,0.194221,0.23980415186499587,0.5514357353415338,0.03730168,0.18439522770397285
24204,0.28033,-0.0385645,0.0208333,-0.171581,-0.0039436,0.0464331,0.17779658128763332,-0.198403,-0.00526157,-0.236331,0.3086159038171314,0.2840364289624324,0.05366043499999999,0.3250338443916264
24228,0.234317,-0.0164444,0.0208333,0.699392,0.230734,0.000299115,0.7364695770293457,1.03688,-0.0978333,0.0183733,1.0416472853810834,0.4713611109719429,0.014304155,0.017654064687770917
24252,0.299119,-0.0354744,0.0208333,-0.0192957,-0.0816015,-0.0850056,0.11940301868922744,0.0193501,-0.294823,-0.0995961,0.31179225589199616,0.21718606909776694,0.12654637500000002,0.07995923961619444
24276,0.101734,0.0129326,0.0208333,-0.117672,-0.190266,0.00782108,0.22385044032202928,-0.247682,-0.152106,-0.0138214,0.2909873527457164,0.13721218109391894,0.00030910175000000003,3.05175850944992e-05
24300,0.299537,-0.034627,0.0208333,-0.0174016,-0.0907813,-0.0888645,0.12822230489466332,0.0248405,-0.206349,-0.0654952,0.21791416077045106,0.1252454090104304,0.071638615,0.08266583332913302
24324,0.113932,-0.0300927,0.0208333,-0.266409,0.203965,-0.000178801,0.3355227391337249,-0.0150577,0.0588978,0.00547187,0.061037910641067165,0.2902652211517602,0.00047981930000000003,0.23743230614219288
24348,0.258592,-0.0120922,0.0208333,0.52856,0.368655,0.00375161,0.6444348354974242,0.952691,0.157103,0.027779,0.9659571247891906,0.47457209076726375,0.037560609999999994,0.015983397636297483
24372,0.117157,0.0012876,0.0208333,1.25814,-0.126424,0.000517291,1.2644760001542057,1.40704,-0.0467559,0.000142334,1.4078166414855942,0.16887378941198028,0.000130034181,0.00016220326753798765
24396,0.173707,-0.0348281,0.0208333,0.397158,-0.0981865,-0.000470913,0.40911524966114815,-0.233978,0.106475,-0.136536,0.2910750923816739,0.677298079119207,0.01528763,0.2395936142721671
24420,0.187447,-0.0311958,0.0208333,0.729854,-0.0769272,0.000711288,0.7338972416806449,-0.208323,0.148591,-0.0854105,0.26976417686611026,0.9687370666122759,0.015091225,0.2484268504006763
24444,0.111176,-0.0295291,0.0208333,-0.219046,0.274109,-0.00108257,0.3508818404460466,-0.0196125,0.0602914,0.000107218,0.06340121896233167,0.29239203577986683,0.00032793715000000004,0.2146527428196528
24468,0.260499,-0.038038,0.0208333,-0.106118,0.00784165,0.0287014,0.11021021622645742,-0.234428,0.0467888,-0.0886649,0.25496498481448393,0.17819984559143842,0.073817025,0.3388628040962891
24492,0.116828,-0.00469224,0.0208333,1.23477,-0.147794,0.000733125,1.2435837554456337,1.26572,-0.0355005,-0.00261291,1.2662204512638855,0.1165286599617074,0.00015025778000000002,0.00038677383572315233
24516,0.249478,-0.0329715,0.0208333,0.24058,0.12436,0.00930176,0.27098093796261313,0.156887,0.0132974,0.181582,0.24033804180728444,0.22140438221096165,0.07592385,0.19178816438977667
24540,0.289758,-0.0114262,0.0208333,-0.170255,0.0123604,0.0320455,0.17368494057750083,0.309594,0.237664,-0.0117954,0.3904763157902922,0.5319199183023418,0.0859,0.028939920525115476
24564,0.150741,-0.0382456,0.0208333,-0.462098,-0.0366032,-0.00776844,0.4636105094950648,-0.166252,0.0312173,0.0137408,0.16971463374715218,0.3042813226960005,0.0052693645,0.7033981802649194
24588,0.189009,-0.028807,0.0208333,0.78231,-0.0805391,0.000709574,0.7864451577980955,-0.250629,0.150319,-0.0242532,0.2932557162481918,1.0587169499646187,0.014564705,0.21632429359644284
24612,0.290348,-0.0379777,0.0208333,-0.166161,-0.0141183,-0.00551859,0.1668510088416552,-0.0714631,-0.0279812,-0.0778931,0.10934924436254694,0.11999142452092192,0.11680435,0.10499238067593286
24636,0.277916,-0.038402,0.0208333,-0.16971,-0.0039583,0.0480093,0.1764144130318722,-0.198302,-0.0107244,-0.236018,0.3084529012399786,0.2855429735057404,0.051895449999999996,0.34702881724721363
24660,0.110849,-0.0131738,0.0208333,0.611663,0.019208,0.00136007,0.6119660306123248,0.19805,0.0328748,-0.0078151,0.20091199755875705,0.41394042921146135,0.00045021095,0.015038251228118249
24684,0.136189,-0.0376615,0.0208333,-0.711952,-0.00968009,-0.00219713,0.7120211947875182,-0.0981289,0.00649412,0.0292621,0.1026047031387665,0.6148415131681717,0.0015951475,0.980186206799504
24708,0.123447,0.0219553,0.0208333,-0.25788,-0.0631357,-0.00165036,0.26550128945566276,-0.00870581,-0.0655938,-0.0187328,0.06876958282581115,0.24977115320652965,0.0009165205,7.705309857494376e-05
24732,0.124997,0.0189213,0.0208333,-0.167237,-0.0610323,-0.00276546,0.17804719481446935,-0.0834882,-0.0841831,-0.00755138,0.11880276598107638,0.08702141157397068,0.0007508440000000001,0.0
24756,0.128911,0.024504,0.0208333,-0.279154,-0.0514317,-0.0015062,0.2838563793881159,-0.0477412,-0.0608984,-0.0209818,0.08017526570732397,0.23242375396695153,0.00045577,0.0
24780,0.123111,0.0160207,0.0208333,-0.0359718,-0.0837967,-0.0029994,0.09124063637705515,-0.103084,-0.0641754,-0.0130411,0.12212642347325986,0.07063907234257823,0.0005708735,0.0
24804,0.125478,0.0246327,0.0208333,-0.27832,-0.0594491,-0.0014002,0.2846017892615048,-0.0247865,-0.0404877,-0.01576,0.05002001632886579,0.25464676351418647,0.00037527755,0.0
24828,0.124683,0.0129353,0.0208333,0.368759,-0.0866856,-7.66994e-07,0.37881076189695073,0.332515,-0.0108806,0.00302314,0.3327067057587202,0.08407835378091297,0.00072107905,0.0
24852,0.134745,0.00640449,0.0208333,0.748525,-0.169666,0.00120949,0.767513967330276,0.979542,-0.0445725,0.000185461,0.980555593485669,0.2627133165004067,0.0012985774000000001,3.8902442082727916e-05
24876,0.12814,0.012759,0.0208333,0.354684,-0.0873029,0.00023435,0.36527057248611267,0.215978,-0.0461251,0.000560412,0.22084912360165648,0.14468957103145977,0.0019236820000000001,2.1579179780519927e-05
24900,0.129712,0.00967236,0.0208333,0.598869,-0.112411,0.000937395,0.6093284752835584,0.664518,-0.0323978,0.000820216,0.6653077953271904,0.10349839180469449,0.0010966032,0.0
24924,0.13286,0.00349816,0.0208333,0.98015,-0.206858,0.00158496,1.0017418663319417,1.24937,-0.0568683,0.000696178,1.2506637778030905,0.3081835628964231,0.0006077502500000001,4.0370905365126505e-05
24948,0.132554,-0.00249532,0.0208333,1.15318,-0.280705,0.000898534,1.1868530729573687,1.38252,-0.0733094,-0.000938884,1.384462603334422,0.30921375552240016,0.00037589015,0.000491252480909766
24972,0.134444,0.000411381,0.0208333,1.03355,-0.257383,0.0013604,1.0651166423810867,1.34567,-0.0699836,-0.000204657,1.3474885880976681,0.36406026825756915,0.00034580459000000004,0.0002838298786245028
24996,0.13317,0.009493,0.0208333,0.593075,-0.119704,0.00071048,0.6050351295774737,0.626588,-0.0379835,0.000123294,0.62773822825893,0.0883272668922151,0.0020412,4.0370905365126505e-05
25020,0.129082,-0.00231553,0.0208333,1.16258,-0.256082,0.000844083,1.1904498979797977,1.35456,-0.0658673,-0.00127472,1.3561610965222268,0.27026365242526196,0.00028639229499999996,0.00034509853665293916
25044,0.124365,0.00694244,0.0208333,0.875235,-0.12178,0.00182311,0.8836684883795913,0.97632,-0.0323393,0.00148332,0.9768565774783483,0.13497381782677,0.00055847345,2.1579179780519927e-05
25068,0.142947,-0.00303595,0.0208333,1.026,-0.335159,0.00133696,1.0793559851796077,1.3705,-0.0910333,-0.000596511,1.3735201736903113,0.4222337571897797,0.0006080297050000001,0.0004350758554551149
25092,0.122796,0.0100279,0.0208333,0.667017,-0.0862606,0.00225866,0.6725754016809978,0.594115,-0.0327086,0.00112814,0.595015763185161,0.09046433763351393,0.00100713725,0.0
25116,0.127825,0.0067632,0.0208333,0.870525,-0.137731,0.00183054,0.8813551808792478,0.983652,-0.036301,0.00174736,0.9843231547474486,0.1519400208895352,0.0007426001,5.39479378660575e-05
25140,0.138206,0.00622486,0.0208333,0.738624,-0.182678,0.0013013,0.7608799895132543,0.979869,-0.0481258,2.90042e-07,0.981050126031654,0.27623384509641613,0.0018981535999999999,0.0
25164,0.139785,0.00313828,0.0208333,0.83325,-0.233344,0.00148578,0.8653075709701196,1.20925,-0.064959,0.000216015,1.21099350982715,0.41198436927649956,0.00092695145,0.0001603988778015607
25188,0.144822,-0.000129166,0.0208333,0.876272,-0.289121,0.00154705,0.9227382965872298,1.32529,-0.0868064,-0.000465572,1.328129945426368,0.49249610388760934,0.00058714086,0.00023712570505957383
25212,0.139492,-0.00285557,0.0208333,1.03881,-0.319991,0.00126052,1.0869784013915227,1.34135,-0.0825635,-0.000787092,1.3438888248460386,0.3845860918847074,0.00047269947,0.00013214499612168446
25236,0.137908,0.000231133,0.0208333,1.02324,-0.276045,0.00145484,1.0598221813985709,1.37403,-0.0789199,0.000192612,1.3762946009540953,0.40238479390942955,0.00044382979,0.0002815649125867781
25260,0.165386,0.0260986,0.0208333,-0.29375,-0.0795855,-0.00157355,0.30434419720088723,-0.103057,0.00735925,0.0657747,0.12247944713155959,0.22013404230065145,0.000864271,0.0
25284,0.164925,0.0198607,0.0208333,-0.192056,-0.101482,-0.00140538,0.21722356813417923,-0.0672627,0.0275761,0.00823555,0.0731610305169528,0.17978406056089874,0.001799319,2.1579179780519927e-05
25308,0.16681,0.0227671,0.0208333,-0.231133,-0.0987684,-0.00141101,0.2513556275017134,-0.0995891,0.00649443,0.0474911,0.1105240744772147,0.1754294085074421,0.0016093095,1.868812457150262e-05
25332,0.169649,0.0106039,0.0208333,0.0641167,-0.120738,-0.00113444,0.13671101936933833,0.204388,-0.0216859,-0.0534338,0.21236737928705057,0.17950648783403234,0.0520032895,0.00010571612932755342
25356,0.174372,0.00134732,0.0208333,0.422929,-0.159338,0.000226443,0.45194865699704456,1.03737,-0.119347,-0.00495331,1.0442244771067934,0.6157628215499381,0.014057861149999998,0.00022938984284401087
25380,0.170913,0.00152616,0.0208333,0.415993,-0.169416,0.000463134,0.4491683109905483,1.05792,-0.116736,-0.00620787,1.0643592240150583,0.6441195215356913,0.01010853615,0.00023515377947207227
25404,0.179407,-0.00191553,0.0208333,0.519827,-0.148578,0.00013791,0.5406436451417589,1.17447,-0.151111,0.00226823,1.1841534782655212,0.6546513666076793,0.0074713573,0.00036157156967881203
25428,0.169028,-0.00138024,0.0208333,0.589873,-0.216196,0.000911253,0.6282449338649935,1.24565,-0.14224,-0.000451008,1.2537449276101642,0.6599354661025819,0.00341538955,0.0004194091081509795
25452,0.175947,-0.00173828,0.0208333,0.514913,-0.163676,0.000335796,0.5403011598210331,1.18273,-0.146538,0.000875029,1.1917736379110553,0.6680370852768792,0.0054729721,0.00036557488972849327
25476,0.165569,-0.00120141,0.0208333,0.590725,-0.226919,0.00107303,0.6328107217639259,1.24366,-0.131652,-0.000856426,1.250609122855536,0.6598512243789929,0.00247980245,0.00039466948197194066
25500,0.171534,0.0135102,0.0208333,-0.0107375,-0.119353,-0.00165236,0.11984641341658749,0.068391,0.0104884,-0.048564,0.08453281913884098,0.15912514142554468,0.038312875,6.103515380499995e-05
25524,0.181293,0.000991203,0.0208333,0.38853,-0.120635,-0.000415692,0.40682740434346215,0.962733,-0.119547,0.00154786,0.9701281927501022,0.5742073880484792,0.0197882435,0.00020357774927530758
25548,0.163994,0.0018842,0.0208333,0.517741,-0.209425,0.000993834,0.5584940119750789,1.12449,-0.10589,-0.00560528,1.1294785838447219,0.6155545414758833,0.00694775355,0.0002893140162522376
25572,0.113011,0.0226278,0.0208333,-0.205786,-0.123511,0.00223724,0.24001635394242954,0.0295019,-0.0522481,-0.00439537,0.06016265731046876,0.2459324873176216,0.00053481685,0.0
25596,0.1665,0.0167751,0.0208333,-0.0864086,-0.108415,-0.00157643,0.13864610889060283,-0.0291947,-0.00123877,-0.0523434,0.05994744850919762,0.13167178844841365,0.01712998,3.05175850944992e-05
25620,0.160535,0.00206302,0.0208333,0.518847,-0.214606,0.00115668,0.5614795477607554,1.13051,-0.0970865,-0.00395648,1.1346780610888008,0.6228712570462981,0.004789641000000001,0.0002780284158139236
25644,0.155501,0.00532778,0.0208333,0.4352,-0.184013,0.00101595,0.4725048743911564,0.928795,-0.0676812,-0.00764904,0.9312891090694455,0.5071924622546555,0.006827604500000001,0.00014273296746021924
25668,0.186946,0.00970766,0.0208333,0.1058,-0.0953434,-0.00213211,0.1424378805536368,0.208729,-0.0147579,0.0672259,0.21978378621777359,0.1479828888838507,0.047102726500000004,6.383212357426314e-05
25692,0.15896,0.00514902,0.0208333,0.433259,-0.186264,0.000930473,0.47160206165474267,0.906194,-0.0712135,-0.00947164,0.9090372050595839,0.48683912715610156,0.0100947395,0.00018935654200475884
25716,0.153619,0.00241878,0.0208333,0.658897,-0.243909,0.0013249,0.7025942016911397,1.18415,-0.0893321,-0.00291925,1.1875184076935283,0.5475424593872448,0.0030860853000000002,0.0003049849176598738
25740,0.158652,-0.000846073,0.0208333,0.710637,-0.273562,0.0013888,0.7614742558868552,1.31228,-0.119544,-0.000116704,1.317713770116949,0.6210459808382097,0.0015708601,0.0006421393929669787
25764,0.171223,0.00751826,0.0208333,0.147578,-0.129643,-0.000832157,0.19643641724047162,0.575622,-0.0554287,-0.0365721,0.579439855520916,0.43589766205628266,0.027756902,7.475252504096434e-05
25788,0.176257,0.0042538,0.0208333,0.267421,-0.132102,-0.000640015,0.29827058062135503,0.781381,-0.0885025,-0.0110567,0.7864548367720424,0.5159111409212241,0.0269646775,0.00011720494870098276
25812,0.279822,-0.00112849,0.0208333,0.303189,0.395818,0.00748706,0.4986496915796134,0.496072,0.530655,0.0590947,0.7288170838949166,0.24093197538801198,0.07198266,0.021504859915842278
25836,0.184752,0.000811801,0.0208333,0.39941,-0.105227,-0.000573674,0.41303922178269975,0.924954,-0.117614,0.00614811,0.932421982992986,0.5257329322813463,0.027168956499999997,0.00015410613225955676
25860,0.26494,0.00866756,0.0208333,0.427991,0.421063,0.00111398,0.6003928605516895,0.339885,0.313247,0.00651196,0.4622638876843416,0.1393416494809804,0.022261915,0.00507358847365452
25884,0.269153,0.0262679,0.0208333,0.248818,0.260564,4.39189e-05,0.36028321796729557,0.0418754,0.117984,-0.0229438,0.12727997226429616,0.2523543764530059,0.03683605,0.0076615403151063565
25908,0.25395,-0.0027695,0.0208333,0.534997,0.380108,0.000925116,0.6562809897540941,0.704683,0.157916,-0.0130025,0.722277411076416,0.27992249275012443,0.0235405,0.0004880430308896952
25932,0.275939,0.0201156,0.0208333,0.414255,0.430154,0.00164846,0.5971954338082062,0.249989,0.381237,0.0177166,0.4562346196920615,0.1721463818035674,0.030556464999999998,0.010601603652278272
25956,0.160358,0.0290431,0.0208333,-0.310295,-0.0639901,-0.00184057,0.3168297770427125,-0.0542315,-0.0168896,0.0244793,0.06185103320802329,0.2616862791384311,0.002570732,0.0
25980,0.155811,0.0113207,0.0208333,0.0907619,-0.100989,0.00102074,0.13578491272139773,0.391899,-0.00793213,-0.0331372,0.39337745094397175,0.31703296187565494,0.011845019,1.5258800739245532e-05
26004,0.273742,0.0112142,0.0208333,0.415382,0.468928,0.0024554,0.6264516773839464,0.292617,0.428192,-0.000749459,0.5186267050989495,0.12938677692179318,0.037301555,0.010902339198539
26028,0.154529,0.0204206,0.0208333,-0.209309,-0.0710564,-0.000969612,0.22104345638220224,-0.105863,0.0178733,-0.0223878,0.10967061233862972,0.13808803436682462,0.0009837625,1.868812457150262e-05
26052,0.27344,0.00521155,0.0208333,0.424222,0.467252,0.00341334,0.631110440159213,0.411549,0.442763,-0.00380728,0.6045048791788189,0.028503568253543252,0.05261347,0.01199333148045196
26076,0.14605,0.0238464,0.0208333,-0.247344,-0.0508114,-0.0011474,0.25251172098086855,-0.0901745,-0.00361217,-0.0135454,0.0912576905445174,0.16457135062593037,0.00141374655,3.8902442082727916e-05
26100,0.263056,0.00576202,0.0208333,0.439791,0.417412,0.00105479,0.6063414994926077,0.402617,0.293739,0.000951685,0.4983813344361316,0.12913918009512462,0.021114985,0.005334932052050897
26124,0.200157,-0.00299074,0.0208333,0.518364,0.00535625,-0.000773413,0.5183922492454253,0.987221,-0.135832,0.0211276,0.9967457100719119,0.49014351240987436,0.027497312,0.0003349985074593617
26148,0.254254,0.00321755,0.0208333,0.468486,0.378099,0.000209522,0.6020282633701416,0.444881,0.170251,0.0095348,0.476440363081299,0.20939185260839852,0.0138998295,0.0005951907257341969
26172,0.207703,0.00863131,0.0208333,0.220145,0.0663962,-0.000304258,0.22993992470288965,0.112912,-0.0142538,0.0433731,0.12179292410501523,0.141106521432782,0.024634430000000002,0.00016003562103481837
26196,0.280972,0.0168508,0.0208333,0.433373,0.516575,0.00396255,0.6742978492895424,0.292115,0.542013,0.0252432,0.6162357377986447,0.1450992090689074,0.04374185,0.017021809539528986
26220,0.16542,-0.00734319,0.0208333,0.784078,-0.291047,0.00116298,0.8363540032877708,1.25713,-0.140429,0.00425411,1.264956219951067,0.49646100724294245,0.0023342057500000003,0.001428509712952628
26244,0.175683,-0.00765799,0.0208333,0.703313,-0.204988,0.000600217,0.7325773791030181,1.27099,-0.163889,0.0102901,1.2815541621714668,0.5692452880459827,0.00261080285,0.000975548563629715
26268,0.180621,-0.010823,0.0208333,0.759149,-0.171733,0.000385962,0.7783312768074179,1.1641,-0.161027,0.0228633,1.1754068381696143,0.4057156166091789,0.005444446499999999,0.005704953987544509
26292,0.186009,-0.00843995,0.0208333,0.683359,-0.115268,1.19805e-05,0.6930124348440888,1.24529,-0.174771,0.0151691,1.2575858571627665,0.5652758565882123,0.0026308275,0.002057391552427491
26316,0.206864,-0.00938092,0.0208333,0.676108,0.059787,-0.00062529,0.6787465683306135,1.18108,-0.174043,0.00927171,1.1938705528051707,0.5565708762529709,0.0034786695,0.0021505417922002817
26340,0.22238,-0.00733542,0.0208333,0.627876,0.182261,-0.000647358,0.6537948933491147,0.967337,-0.108374,0.00353801,0.9733952501218404,0.4469004263270459,0.022117801500000003,0.0008695504585704041
26364,0.26998,0.00539148,0.0208333,0.447573,0.45482,0.00263921,0.638114243814087,0.418146,0.378993,-0.0116894,0.5644629424837029,0.08258929302598549,0.04093086,0.01031067408077668
26388,0.268401,0.00848663,0.0208333,0.424903,0.441264,0.0016754,0.6125841036708021,0.337628,0.361541,-0.00242748,0.49468217445563006,0.11827728428694327,0.03000404,0.008202170444461636
26412,0.216197,0.00518683,0.0208333,0.306383,0.134987,-0.000388793,0.334801708505194,0.196104,-0.00179747,-0.00662451,0.19622409089390885,0.17581334773186302,0.03555406,9.34406228575131e-05
26436,0.216507,0.0111794,0.0208333,0.130992,0.131732,0.000163116,0.18577473050667964,0.053158,0.047972,0.129499,0.14797660879003818,0.17263151521683825,0.005008812499999999,0.00141042901274754
26460,0.223426,0.0108209,0.0208333,0.182997,0.179822,-0.000126793,0.25656162957360723,0.0874862,0.0154158,0.133065,0.15999305080246454,0.23214599983121578,0.006370145000000001,0.0015503257722169234
26484,0.274992,0.00206807,0.0208333,0.406875,0.451465,0.00469595,0.6077745994991914,0.511739,0.475721,0.0141651,0.6988475685154882,0.1080484929729356,0.074426115,0.013990925630564977
26508,0.278761,0.00794834,0.0208333,0.384733,0.493719,0.00477568,0.6259398847888369,0.352296,0.540709,0.025989,0.6458746956012443,0.060911608207487,0.05970535,0.017546395641270602
26532,0.22877,0.0135481,0.0208333,0.1195,0.199563,8.35472e-06,0.2326061930362159,0.126282,-0.0219462,0.0911815,0.157298586009824,0.2396348547872116,0.008287555,0.001698528775146303
26556,0.227501,0.022614,0.0208333,-0.153371,0.133995,0.000881184,0.20366172971680727,0.0509275,-0.0255088,-0.0326499,0.06565306621704732,0.2613497138144694,0.00554078,0.003642430507230028
26580,0.274256,0.0231177,0.0208333,0.368834,0.361421,0.000884332,0.5163956243425056,0.192447,0.285886,0.0093328,0.3447517280026889,0.19206583924672035,0.028476375,0.009634718470199324
26604,0.206769,0.0236131,0.0208333,-0.307758,0.00899663,0.000950972,0.3078909389103578,0.0805327,0.0775295,-0.00245151,0.1118139036114029,0.39430698555907834,0.0015912065,0.0
26628,0.19606,0.0182472,0.0208333,-0.15931,-0.0497578,0.000175127,0.16689980656161987,-0.0172049,0.0887848,-0.00640577,0.09066301993835689,0.19857295804337158,0.01078605,0.00017431121593288251
26652,0.185682,0.0187851,0.0208333,-0.170285,-0.0932506,-0.000661845,0.19414709285529883,-0.0676978,0.0661348,0.0111558,0.09529562303442903,0.18991444408034378,0.0068759749999999994,0.00021060436842572852
26676,0.239148,0.0130103,0.0208333,0.194871,0.255864,-0.000469894,0.32162293751747745,0.212316,0.0432756,0.0554556,0.22366534148750003,0.22051262258361545,0.00737759,0.0017458808664969096
26700,0.249837,0.0184644,0.0208333,0.150953,0.265749,-0.000455192,0.30562975380312185,0.163631,0.05163,-0.0247106,0.17335332362940145,0.21586107259588624,0.016955790000000002,0.0005248228272474436
26724,0.279435,0.0260115,0.0208333,0.435085,0.363397,0.00122417,0.5668843227909808,0.233192,0.287917,0.0152341,0.37081907388349106,0.2159960462314181,0.034717915,0.01375318145012273
26748,0.180648,0.02205,0.0208333,-0.253258,-0.0935672,-0.00077127,0.2699907967639877,-0.0925125,0.075447,0.0141407,0.12021136328043203,0.23372480061211068,0.0026379895,0.00023564825482061183
26772,0.175649,0.0252474,0.0208333,-0.31233,-0.0910886,-0.00103764,0.3253432627959731,-0.0904978,0.064559,0.0442304,0.11964131631673065,0.27474514697814334,0.00187024,0.00014595889832415152
26796,0.180971,0.0280607,0.0208333,-0.375344,-0.0773778,-0.000739389,0.3832375098616174,-0.0756531,0.0916412,0.0239338,0.12122016275970761,0.34495046624006714,0.0038566875,0.00021579179780519927
26820,0.233494,0.00428424,0.0208333,0.392151,0.258023,-0.000722578,0.4694238995289504,0.246579,0.0138794,0.0590297,0.25392586805493056,0.29046108057904985,0.018515265000000003,0.0003547463882832354
26844,0.22846,0.00755609,0.0208333,0.293242,0.220239,-0.000500184,0.3667374236003654,0.157244,0.016099,0.113272,0.19446181969990922,0.27039361208454954,0.007372355000000001,0.0006482738618824609
26868,0.253622,-0.00869718,0.0208333,0.570431,0.36634,0.00185667,0.6779380270972332,0.97342,0.137172,-0.00584772,0.9830548559532161,0.46365662291212023,0.025606845,0.0019664307768136667
26892,0.264284,-0.0032562,0.0208333,0.499867,0.422039,0.00301868,0.6542117758332866,0.755022,0.300932,-0.0129604,0.8128876066690647,0.2828892194334142,0.045416229999999995,0.012017612075616354
26916,0.210855,0.00245774,0.0208333,0.376514,0.0941451,-0.000656612,0.3881063297465381,0.375024,-0.0448415,-0.0154867,0.3780126963147402,0.139783498989143,0.06985899500000001,0.0001506685103132038
26940,0.26871,0.0144813,0.0208333,0.379548,0.41118,0.000999257,0.5595772290028893,0.255587,0.345952,0.01317,0.4303265617795397,0.14060280399114394,0.02764956,0.007638560073731174
26964,0.275626,0.0141224,0.0208333,0.420156,0.473704,0.00255573,0.6331927634676765,0.272517,0.439575,0.0063396,0.5172348465080056,0.15157961813574045,0.035363040000000005,0.01110369307933176
26988,0.26902,0.020474,0.0208333,0.323178,0.350915,0.000504807,0.4770593377548617,0.182747,0.274522,0.010364,0.32994879449544895,0.16016853591330368,0.027879285,0.0077721747278351894
27012,0.232781,0.0252457,0.0208333,-0.19305,0.130048,0.000619037,0.23276848586268584,-0.0965658,-0.0956378,-0.0527499,0.1457878406057583,0.2511802631732636,0.01059997,0.004157559380213348
27036,0.286217,0.0195711,0.0208333,0.469508,0.575871,0.00795821,0.7430534999657858,0.34343,0.701522,0.0529937,0.782870112869108,0.18360836376521655,0.040368249999999994,0.02196012295047548
27060,0.236956,0.00410294,0.0208333,0.379478,0.276939,-0.000771161,0.4697865013964193,0.24172,0.0383464,0.0645202,0.25310444682186045,0.28313717021965223,0.01514261,0.0004403952769955645
27084,0.257021,-0.008796,0.0208333,0.549936,0.381463,0.00228487,0.6692898065082995,0.967455,0.182766,-0.00349095,0.984573397219782,0.46242401891194235,0.032153475,0.003834436073270749
27108,0.257712,0.00303775,0.0208333,0.460817,0.394446,0.000553657,0.6065807950644939,0.465236,0.219267,0.00232274,0.5143228053529296,0.1752436568228959,0.016897572,0.004141702548469651
27132,0.264634,0.00266834,0.0208333,0.474833,0.431132,0.0019339,0.6413617694267487,0.513998,0.30703,-0.0129216,0.5988558529818007,0.13098049285771524,0.029468015000000004,0.006451309944499644
27156,0.263999,0.0237134,0.0208333,0.211791,0.270519,-0.000107393,0.3435636310427174,0.0733085,0.170298,-0.00880099,0.18561519981194993,0.17116433704498263,0.03194718,0.006646698428543302
27180,0.275906,0.026167,0.0208333,0.391021,0.342671,0.000829435,0.5199245374517529,0.164126,0.167877,-0.010511,0.23501172763502676,0.286640696564513,0.031673615,0.009349951871533885
27204,0.156638,0.0291092,0.0208333,-0.299243,-0.0599354,-0.00188526,0.30519203696595293,-0.0138337,-0.0181818,0.00200048,0.02293362219886776,0.28847344871720443,0.0021098085,2.1579179780519927e-05
27228,0.149492,0.0236892,0.0208333,-0.249434,-0.0545844,-0.00125336,0.2553396717916149,-0.100527,0.00281595,-0.0189375,0.10233394456216618,0.16056407953419125,0.0005363765,3.05175850944992e-05
27252,0.252678,0.00630225,0.0208333,0.400262,0.358899,-0.000254085,0.5376041530756502,0.317645,0.163303,0.0378273,0.35916169124683944,0.2157163781183947,0.009593636,0.0003779444403612785
27276,0.153927,0.00841383,0.0208333,0.327689,-0.148688,0.000664737,0.35984530556932265,0.619038,-0.0473922,-0.0130541,0.6209866951808629,0.30876088707488936,0.01209431,6.473754706505337e-05
27300,0.259287,-4.74599e-05,0.0208333,0.503399,0.406326,0.00135186,0.6469259609897099,0.608864,0.232653,-0.010987,0.6518922480548452,0.20356184470597524,0.024469695,0.006053982160528721
27324,0.264101,0.0293675,0.0208333,0.122204,0.186189,-0.000471371,0.2227114355564609,-0.0968236,0.0671908,-0.0495287,0.12783780835609626,0.25404779608100175,0.04552346,0.01455025772967613
27348,0.14574,0.0178544,0.0208333,-0.135664,-0.0370917,-0.000534714,0.14064423565845774,-0.0512189,0.0137838,-0.0607652,0.0806584055798898,0.11552922945322625,0.0042294655,1.0789578305012667e-05
27372,0.284338,0.0166747,0.0208333,0.414971,0.563748,0.00691056,0.7000432087982239,0.296157,0.682023,0.0501849,0.7452401393953563,0.1731427466671232,0.0459208,0.021723489590763267
27396,0.202979,0.0178887,0.0208333,-0.116803,0.00759955,0.000726753,0.11705221971037333,0.033572,0.0721948,0.0340842,0.08660774226753634,0.16702666319459392,0.0077544599999999995,0.0
27420,0.259906,0.0119342,0.0208333,0.365767,0.373823,0.000105947,0.5230001384729901,0.272308,0.226216,0.0236351,0.3548012732108074,0.17628395324276516,0.020641015,0.006042449834297344
27444,0.275317,0.00812701,0.0208333,0.418313,0.478737,0.00354992,0.6357574089776749,0.350031,0.459408,0.00195489,0.5775649167149196,0.07098299715918525,0.04953824,0.01202584716350578
27468,0.197635,0.0151616,0.0208333,-0.0181874,-0.0369461,-0.000280626,0.041180997740728385,-0.0393975,0.0424841,0.0328626,0.06661090179407572,0.08864253179900197,0.012865479999999999,0.00029764425074239214
27492,0.233804,0.0102832,0.0208333,0.237992,0.241587,-0.000475197,0.3391234236162239,0.17494,0.0154948,0.11266,0.20865370360250018,0.26056248848418073,0.00832955,0.002525549445170298
27516,0.212432,-0.000629048,0.0208333,0.478099,0.112574,-0.000725144,0.4911741901920547,0.622535,-0.0726292,0.00566849,0.6267830236186364,0.23495289302744488,0.0578043225,0.00029191779664830303
27540,0.263365,0.0117544,0.0208333,0.374915,0.392359,0.000485661,0.542685063340246,0.286839,0.289094,0.0196852,0.40772473539882276,0.13707539640217173,0.023166415,0.00574613783336251
27564,0.295442,0.0284364,0.0208333,0.90913,0.593785,0.0167828,1.0859924702781507,0.848814,0.914274,0.0784631,1.2500154445980298,0.3318970900521576,0.07905545,0.01767342637973746
27588,0.241816,-0.00510291,0.0208333,0.558252,0.308752,-0.000272179,0.6379444858993673,0.773623,0.0213348,-0.0180012,0.7741264515707236,0.35959370500949883,0.0292589385,0.000651588060050213
27612,0.151066,0.0206036,0.0208333,-0.199258,-0.0642719,-0.000660639,0.20936825007029675,-0.135018,-0.00316656,-0.0341811,0.13931344164668247,0.09478534423721909,0.0010893965,5.709316946886028e-05
27636,0.265814,0.0265051,0.0208333,0.20188,0.248298,-0.000177094,0.32001166004738774,0.011305,0.153941,-0.0213487,0.1558249065383644,0.21370613228126897,0.033281359999999996,0.007804191181666426
27660,0.221851,0.0139066,0.0208333,0.0684263,0.160243,0.000392455,0.17424158975863663,0.0776326,0.0437707,0.111564,0.1427908290376171,0.16127512221253168,0.00542098,0.0013681118375337596
27684,0.144165,0.0209401,0.0208333,-0.226321,-0.035976,-0.000791299,0.22916390154452207,-0.0805178,0.0201742,-0.0299018,0.08822829538033702,0.15893029717064963,0.0006836945,4.7030734631727794e-05
27708,0.22908,0.0195401,0.0208333,-0.0626419,0.162287,0.000610919,0.17395818815633415,0.0786482,-0.0394351,-0.00640097,0.08821359811384467,0.24638154268079482,0.00842013,0.0029089517012147177
27732,0.135402,0.0184938,0.0208333,-0.145966,-0.0252769,-0.00152165,0.1481462461499869,-0.0699067,-0.0487715,-0.0429778,0.09546044840655213,0.08975313765252166,0.000581114,2.1579179780519927e-05
27756,0.128459,0.0187573,0.0208333,-0.202239,-0.0503298,-0.00118979,0.20841093418840603,-0.113332,-0.00546729,-0.0089146,0.11381345956038812,0.09988379319006763,0.0006049915,0.0
27780,0.154729,0.0265452,0.0208333,-0.277631,-0.0603621,-0.00173819,0.28412246757672316,-0.0660819,-0.00779799,-0.00186299,0.0665664847155849,0.21798170323662971,0.0021660295,0.0
27804,0.222808,-0.0011772,0.0208333,0.502449,0.19083,-0.000695602,0.5374677389045248,0.560127,-0.0465934,-0.0178205,0.5623439972764092,0.24492832560377822,0.0529505035,0.0003226065715387707
27828,0.201094,0.0149823,0.0208333,-0.0231496,-0.00236034,0.000312034,0.023271711374386626,-0.0140829,0.0814347,0.0382572,0.09106893975631868,0.09243186355504879,0.00862493,0.00018874082759170048
27852,0.200474,0.00299783,0.0208333,0.348806,0.00702602,-0.00108503,0.34887844284670455,0.466723,-0.0650896,0.0444895,0.4733353255012877,0.14554078233163822,0.074035035,0.00016003562103481837
27876,0.197014,0.00317769,0.0208333,0.343552,-0.0178636,-0.00118643,0.34401815726078316,0.565462,-0.06145,0.0551735,0.5714608394686813,0.23306708063251855,0.05448196949999999,0.0001709391704671577
27900,0.159581,0.0171336,0.0208333,-0.128832,-0.0920749,-0.0010762,0.15835602180040392,-0.0450217,0.0893077,-0.0465832,0.11033047300007374,0.20492608671872403,0.006471915,0.0
27924,0.223736,0.016813,0.0208333,-0.00854055,0.153305,0.000609567,0.15354392072377854,0.108397,0.00668116,0.0504928,0.11976673310976467,0.19406513852539406,0.004301735,0.00055731140307731
27948,0.211783,0.0204362,0.0208333,-0.184363,0.0587362,0.00101197,0.19349594580435245,0.0349029,0.0504885,0.00565088,0.06163792262426111,0.21946999554401078,0.001149768,3.411964243657896e-05
27972,0.192601,0.0184265,0.0208333,-0.134868,-0.0664535,-0.000161097,0.15035115908596583,-0.0332369,0.054106,-0.0238289,0.06782305826796667,0.1594479175979003,0.009559225000000001,5.8103700398511625e-05
27996,0.182223,0.0189643,0.0208333,-0.141112,-0.100339,-0.0010149,0.17315178742077714,-0.0928541,0.0358467,0.0245817,0.10252380095660714,0.1467329401615738,0.007515285,0.00022938984284401087
28020,0.239459,0.0190022,0.0208333,0.0337344,0.210663,-5.17573e-05,0.21334692871278485,0.0687376,-0.0755234,-0.0336442,0.10752010879347175,0.29026941237711007,0.011199704999999999,0.0028924557040687763
28044,0.247952,0.015558,0.0208333,0.187514,0.27949,-0.000478724,0.33656557975031876,0.205521,0.0702628,0.00138385,0.21720418399667746,0.21000891040797645,0.015745575,0.0005503753264818473
28068,0.15127,0.0267245,0.0208333,-0.273782,-0.0554584,-0.00165862,0.27934739783084506,-0.0226142,-0.0405604,0.00254852,0.04650852657298875,0.25164442014044264,0.002427876,0.0
28092,0.205239,-0.00629428,0.0208333,0.601468,0.043961,-0.000719016,0.6030728326902218,1.11175,-0.160068,0.0136299,1.1232967556696716,0.549746708726278,0.014087861,0.0005566848300429966
28116,0.225861,-0.00794256,0.0208333,0.613415,0.205537,-0.000654086,0.6469341917247036,0.978753,-0.101327,0.00298767,0.9839885782416526,0.4771274789055473,0.0246589285,0.001262152922589018
28140,0.251737,-0.0117046,0.0208333,0.585945,0.348534,0.00169999,0.6817700361170181,1.05601,0.0935053,0.007188,1.0601660382091525,0.5348185302534402,0.021165325,0.0039538082907495655
28164,0.278355,0.00189311,0.0208333,0.3573,0.448082,0.00576696,0.57312653624801,0.481405,0.529406,0.0405839,0.7167067320740123,0.15240690047357966,0.074288835,0.0192944292478425
28188,0.156121,0.0173129,0.0208333,-0.108448,-0.075456,-0.000554004,0.13211693139197572,-0.0502101,0.0282839,-0.0680976,0.08920939562052868,0.13680554524225697,0.011093695,4.5776413140393603e-05
28212,0.197324,0.00916965,0.0208333,0.172708,-0.0229251,-0.00108131,0.17422624000226286,0.108492,-0.0159365,0.0369539,0.11571549948671526,0.07496140597470208,0.044186505,4.0370905365126505e-05
28236,0.164304,0.00787673,0.0208333,0.197123,-0.138216,0.000260009,0.2407513393310203,0.574849,-0.0519896,-0.0306889,0.5780104669401499,0.38867693281342325,0.025326942,0.00012674896449281153
28260,0.174062,-0.00464495,0.0208333,0.65638,-0.207896,0.000705706,0.6885172105597349,1.29874,-0.159896,0.00467922,1.3085542455381085,0.6441631458050889,0.00190561725,0.0005530126580829773
28284,0.17915,-0.00782518,0.0208333,0.704025,-0.182266,0.000417974,0.7272360483936867,1.29303,-0.172567,0.0119671,1.3045494095170982,0.5891980506903971,0.0029121696,0.0008180904595458866
28308,0.184451,-0.00516631,0.0208333,0.600537,-0.123457,-2.9908e-05,0.6130956859353102,1.26349,-0.171907,0.00825092,1.2751576664984792,0.66477263392935,0.0034064263499999996,0.0007279581031900119
28332,0.189401,-0.00859357,0.0208333,0.685337,-0.0942913,-0.000130651,0.691793083150138,1.26209,-0.177857,0.014332,1.2746410030957736,0.5829549017715159,0.0026731145000000005,0.0014673854299399323
28356,0.194749,-0.00567656,0.0208333,0.597342,-0.0405048,-0.000473314,0.598713894788807,1.19052,-0.168618,0.0105329,1.2024478542982269,0.6069549146722957,0.0073044175,0.0004810758775910511
28380,0.221233,0.00190908,0.0208333,0.40032,0.174571,-0.000576798,0.4367281409949819,0.330304,-0.0172957,-0.0288802,0.33201496894948873,0.2061944552835105,0.056861739999999994,0.00018118802388679005
28404,0.213047,0.0113587,0.0208333,0.144062,0.107727,0.000108376,0.17988601423778716,0.0492784,0.0329702,0.102131,0.11809375917295545,0.15805418622436224,0.003909585,0.0005729668402272509
28428,0.218703,0.0200758,0.0208333,-0.14164,0.106259,0.000976967,0.17707009670048493,0.0841267,0.0120131,-0.00049414,0.08498152975111474,0.24465293100943108,0.00330229,5.8103700398511625e-05
28452,0.203309,0.0237834,0.0208333,-0.312124,-0.00795351,0.000874698,0.31222654402518585,0.0628811,0.108986,0.00561779,0.1259505478260976,0.3928436978580292,0.0033495635,0.0
28476,0.248263,0.02155,0.0208333,0.064945,0.228131,-0.000355685,0.2371955579217689,0.0893,0.00387469,-0.047364,0.10115755888017515,0.23042100659218406,0.0133856,0.0009606981836143961
28500,0.186015,0.0248298,0.0208333,-0.322694,-0.0795854,-0.000306921,0.33236327674648447,-0.0458387,0.107781,-0.029613,0.12080918900352738,0.3355799029343149,0.0027414145000000003,1.5258800739245532e-05
28524,0.177189,0.0222292,0.0208333,-0.228492,-0.0990834,-0.000969215,0.2490523109655404,-0.0979387,0.0486717,0.0415306,0.11698595674242272,0.20169771439442297,0.002641245,0.00020156611818457983
28548,0.2423,0.00683701,0.0208333,0.340307,0.300543,-0.000705631,0.45402141691015874,0.229671,0.0941015,0.104903,0.2694596443852956,0.2569272277512529,0.005860754499999999,0.0012626598908653114
28572,0.172189,0.0254267,0.0208333,-0.293953,-0.093107,-0.00118681,0.30834832280389673,-0.0979165,0.0306144,0.0675018,0.1228062517254313,0.24177555561706834,0.0017352704999999999,7.396972353605223e-05
28596,0.201764,-0.00610359,0.0208333,0.605619,0.0205261,-0.000659798,0.6059671024697717,1.12384,-0.160737,0.0135984,1.1353579370628277,0.5491926915690131,0.010262537999999998,0.0005007584247918351
28620,0.226885,0.0106417,0.0208333,0.177576,0.199847,-0.00013645,0.2673426224970543,0.0970365,0.0192771,0.145617,0.17604544755732823,0.24563421592514856,0.007225565,0.001802573160789875
28644,0.224042,0.0227915,0.0208333,-0.202375,0.112668,0.00100548,0.23162627191022697,0.0706639,-0.00352927,-0.016219,0.07258717841976571,0.2972351412264931,0.004535255,0.0003903690561507149
28668,0.270797,0.0232969,0.0208333,0.329026,0.335187,0.000489223,0.46968997539243235,0.128149,0.212334,0.00394556,0.24803923318844864,0.2354917726874074,0.02679712,0.0075301394409399884
28692,0.197944,0.0211446,0.0208333,-0.231667,-0.0358461,0.0005156,0.23442441770764838,0.0176399,0.100037,-0.0208391,0.1036958800040773,0.2847352638246798,0.00641917,0.0
28716,0.200784,0.00899037,0.0208333,0.182615,0.00449587,-0.000756738,0.1826719018471575,0.0751271,-0.000461481,0.0485955,0.0894752297531186,0.1183801814957041,0.03290584,7.705309857494376e-05
28740,0.244803,0.0217293,0.0208333,0.0153887,0.204872,-0.000171453,0.20544920994693847,0.0782352,-0.0213194,-0.0435352,0.09203573748517475,0.23873132712337944,0.012886135,0.0011392585307997479
28764,0.175304,0.0193229,0.0208333,-0.177202,-0.107962,-0.00123048,0.20750387063626163,-0.0893913,0.0352047,0.0188766,0.09791068095636962,0.16914998578039078,0.00508956,0.0
28788,0.177535,0.0281265,0.0208333,-0.356867,-0.0819353,-0.000877637,0.36615327299068867,-0.0821108,0.0772032,0.0405976,0.11979433497724339,0.32021278379367707,0.0034775815,0.00016504908360848297
28812,0.168879,-0.00752247,0.0208333,0.782443,-0.278219,0.00106371,0.8304360250428471,1.27944,-0.148204,0.00624491,1.2880101467445464,0.5137477621045564,0.0028430177999999996,0.0010068465622923883
28836,0.202052,-9.12757e-05,0.0208333,0.448773,0.0262913,-0.000870646,0.44954331939107633,0.742525,-0.0955009,0.0332332,0.7493785712896053,0.31982284126814914,0.04723206900000001,0.00025072754136711825
28860,0.257405,-0.00295135,0.0208333,0.519623,0.395574,0.00128867,0.6530608794556361,0.722503,0.206843,-0.0144857,0.7516677771213092,0.2775401151363473,0.027539144999999998,0.003198437118343895
28884,0.259596,0.00594285,0.0208333,0.444427,0.399794,0.000602726,0.5977883940355744,0.391519,0.243607,0.0111926,0.4612556472334621,0.16524460918388797,0.016971728,0.006151333188829882
28908,0.161466,0.02004,0.0208333,-0.171281,-0.0940677,-0.00136939,0.19541696030094752,-0.0922025,0.0227473,-0.000486675,0.09496829742653928,0.14106712080786657,0.0023434880000000003,4.5776413140393603e-05
28932,0.234393,0.022218,0.0208333,-0.102716,0.161801,0.000442184,0.19165160000294768,-0.0291165,-0.101141,-0.0502124,0.11661285335249283,0.27770716347343843,0.01256139,0.0038276494092327738
28956,0.18099,-0.00498939,0.0208333,0.597916,-0.145801,0.000139117,0.6154360194289409,1.25262,-0.164603,0.00732834,1.263409955863953,0.6550133798231482,0.0026974543,0.0005550090089358911
28980,0.211163,0.00845192,0.0208333,0.207484,0.0926973,-0.000139835,0.2272496847899183,0.0983782,0.0148692,0.052405,0.11245286732173618,0.14395224356857805,0.01425183,0.00017263342665891794
29004,0.19575,0.0122553,0.0208333,0.0715028,-0.0453677,-0.000868965,0.08468549882536694,-0.0235627,0.0229745,0.0682105,0.07573440956256278,0.13594145091095733,0.017852615000000002,0.00011868571944425327
29028,0.231919,0.00737686,0.0208333,0.283061,0.238405,-0.000543202,0.370082110908394,0.155341,0.0452434,0.131402,0.20843290797894654,0.266520803025544,0.00514724,0.0011242419668381002
29052,0.258331,0.01502,0.0208333,0.28931,0.337184,-0.000173143,0.44428972071667205,0.234549,0.181598,0.0186854,0.2972208121551383,0.1660163099249072,0.021095634999999998,0.0049992599452318934
29076,0.19981,-0.00916335,0.0208333,0.6699,-0.00678377,-0.000524377,0.6699345524054204,1.23013,-0.179033,0.0100993,1.243130977753145,0.5862084208270921,0.00285549,0.0010772836209652498
29100,0.150777,0.0145857,0.0208333,-0.00466695,-0.0719567,0.000386663,0.07210892181601435,0.155781,0.013084,-0.0608988,0.16777239003614391,0.19165430673693942,0.010244529,2.1579179780519927e-05
29124,0.156414,0.023327,0.0208333,-0.236116,-0.0774461,-0.00137877,0.24849660936906745,-0.124285,-0.00369367,0.0127552,0.12499239796927211,0.13470472374740908,0.0011834135,0.0
29148,0.279398,0.0199364,0.0208333,0.437241,0.47124,0.0024888,0.6428475898737118,0.278345,0.471025,0.0211332,0.5475281744278007,0.15998624532240263,0.037053579999999996,0.0154766598463622
29172,0.213358,0.0173505,0.0208333,-0.0684289,0.090737,0.000898634,0.11365089118557739,0.0409539,0.0421509,0.0535376,0.07949965351987391,0.13075192843931271,0.0028602055,0.00021362303246607095
29196,0.213741,0.02327,0.0208333,-0.275203,0.0548111,0.00110168,0.2806103376410648,0.0765981,-0.00193866,-0.021018,0.07945302794862887,0.35703477346691315,0.0046398559999999995,0.0
29220,0.238544,0.00101221,0.0208333,0.480322,0.2959,-0.000641369,0.5641510835212445,0.421869,0.0249808,0.0108793,0.4227479777575879,0.2773926674442703,0.0253943715,0.00045239142343771286
29244,0.15927,0.0111416,0.0208333,0.0779049,-0.108693,0.000332173,0.13372902464279,0.289653,-0.00218422,-0.0522568,0.2943372289946489,0.2427899877505107,0.024783525500000004,0.0
29268,0.101765,0.024898,0.0208333,-0.0608557,-0.151566,0.0102283,0.1636468352867846,0.0335295,-0.0428628,-0.0249604,0.05987043145201144,0.14819985248633008,0.000323166,0.0
29292,0.218082,0.00809356,0.0208333,0.254459,0.149121,-0.00028477,0.2949348002795752,0.117081,0.0101102,0.067406,0.1354759961802828,0.20683026312373365,0.012204745,0.000343237527085836
29316,0.185061,0.00680171,0.0208333,0.199825,-0.100181,-0.00190415,0.22353945775460426,0.400557,-0.0499903,0.0388494,0.4055295503701919,0.21088692237332426,0.0592289195,7.396972353605223e-05
29340,0.164615,0.0138688,0.0208333,-0.0312106,-0.107584,-0.00144297,0.11202901753912198,0.0458409,0.0429588,-0.0725864,0.09599808370592612,0.18347058597021731,0.0257450845,3.8902442082727916e-05
29364,0.212136,-0.00662871,0.0208333,0.617468,0.106217,-0.000716887,0.6265375455948117,1.03806,-0.140301,0.0127941,1.0475765476545424,0.4877000118492044,0.018098511,0.0004901846590826767
29388,0.215594,-0.00680729,0.0208333,0.606982,0.128883,-0.000742644,0.6205147278937952,1.01774,-0.133872,0.0122084,1.0265794976593678,0.4877807439103044,0.024566958000000003,0.0005925445130958517
29412,0.246807,-0.00831798,0.0208333,0.58748,0.334221,0.000526665,0.6758969630180492,0.938396,0.0566033,-0.0141961,0.9402087617343821,0.447694523328726,0.02192132,0.0006880850238160979
29436,0.221541,0.00791434,0.0208333,0.237362,0.171726,-0.000296315,0.29296864324118244,0.120152,0.0210729,0.106367,0.16184717763189446,0.21865864585330078,0.00568978,0.0004742509884017112
29460,0.140398,0.0151237,0.0208333,0.0699487,-0.0586198,0.000825694,0.09126764681042038,0.0964974,-0.00631031,-0.0101207,0.0972316655598684,0.059673610225570696,0.0051162855,4.7030734631727794e-05
29484,0.23254,0.0193608,0.0208333,-0.0241842,0.182695,0.000330049,0.18428903246526201,0.0334803,-0.0921219,-0.0290955,0.10224442805331742,0.2823391329940138,0.01456503,0.0033192017112552833
29508,0.283756,0.0044485,0.0208333,0.261521,0.443498,0.0108416,0.5149769409746032,0.386129,0.660951,0.0747963,0.7691204818074279,0.2586564604356326,0.0655155,0.023458772346395283
29532,0.187256,0.0156994,0.0208333,-0.0478715,-0.0965886,-0.00124383,0.10780809466491327,-0.0248542,0.0153793,0.0234216,0.03745431180371627,0.1169401135914657,0.014539755000000001,0.00010349009614451038
29556,0.180338,0.016058,0.0208333,-0.0796182,-0.111083,-0.00145688,0.1366770396210512,-0.0578525,0.0273216,0.0109941,0.06491726902465937,0.14065776160813306,0.015648290000000002,2.1579179780519927e-05
29580,0.138513,0.0122174,0.0208333,0.300282,-0.0999045,-0.000536677,0.3164656010792521,0.249554,-0.0468299,-0.0188225,0.25460660823368275,0.07566118206813403,0.004418714,2.854657597681375e-05
29604,0.280246,0.00485792,0.0208333,0.349164,0.467808,0.00634473,0.583780848742722,0.430328,0.586158,0.0486103,0.7287841585916162,0.14960179077612973,0.0741537,0.019795580314807645
29628,0.140741,0.0212059,0.0208333,-0.232165,-0.0417344,-0.000435536,0.23588670386430707,-0.095073,-0.0526251,-0.021372,0.11074763592515192,0.13910844451475005,0.0007639115,0.0
29652,0.161927,0.0262778,0.0208333,-0.281853,-0.078282,-0.00163368,0.2925266723622692,-0.0943273,-0.022162,0.0477218,0.10801001788968466,0.20186952708747405,0.0015464300000000001,1.868812457150262e-05
29676,0.226576,0.00463735,0.0208333,0.337651,0.20986,-0.000581188,0.39755471973112244,0.208198,0.0073848,0.0457799,0.21329965241192964,0.24475219366654047,0.018808445,0.00011264679311902314
29700,0.205819,0.00572439,0.0208333,0.280457,0.0499872,-0.000669914,0.2848776891888998,0.204384,-0.0241929,-0.00601025,0.20589861333062082,0.10638753570603511,0.05736508,9.027219948577746e-05
29724,0.220926,-0.00407555,0.0208333,0.544197,0.172117,-0.000744576,0.5707671950028487,0.758071,-0.0838798,0.00033487,0.7626975639314426,0.3335829952049519,0.054667876500000004,0.00044630370825257546
29748,0.145433,0.0118585,0.0208333,0.208881,-0.102976,0.00039994,0.2328851405500222,0.380254,-0.0191469,-0.0204939,0.3812869106497363,0.19191814840122753,0.0038335994,5.174504807225519e-05
29772,0.212738,0.00536585,0.0208333,0.322411,0.112092,-0.000456543,0.34134099931961126,0.229958,-0.0214314,-0.00300195,0.23097402099318984,0.16242701331168916,0.041176615,9.091474027901087e-05
29796,0.149199,0.0176751,0.0208333,-0.156427,-0.0545504,-0.000239606,0.16566595872476408,-0.079441,0.0485561,-0.0587547,0.11009396940931869,0.14135703294876714,0.0015654150000000001,3.05175850944992e-05
29820,0.159891,0.0231256,0.0208333,-0.249305,-0.0802596,-0.00154179,0.26191022036866773,-0.119504,0.0146658,0.0218505,0.12236721806059823,0.1625002473770551,0.0007527885000000001,3.578505274552491e-05
29844,0.166189,0.0107832,0.0208333,0.0539834,-0.12039,-0.00133928,0.13194602398889632,0.344794,0.00775966,-0.0625711,0.35051142251647893,0.3236394231409208,0.026184889,7.62939709282457e-05
29868,0.165879,0.00479101,0.0208333,0.308215,-0.15718,0.00049356,0.34598017605994946,0.872012,-0.082767,-0.0160868,0.8760788147006182,0.5689281677995295,0.0146232245,0.0001239628976750705
29892,0.196693,-0.00280797,0.0208333,0.51701,-0.0178033,-0.00073372,0.5173169588713754,1.01584,-0.138837,0.0184942,1.0254504637488056,0.513663545857808,0.020981503,0.0003226065715387707
29916,0.231332,-0.00519561,0.0208333,0.56646,0.241936,-0.000669194,0.6159629920024495,0.785308,-0.052239,-0.0142685,0.7871728895720749,0.3669036915222872,0.040745024000000005,0.0010184596211927108
29940,0.236824,-0.00797331,0.0208333,0.60334,0.27378,-0.000359608,0.6625517136932887,0.930879,-0.0325463,-0.0112162,0.9315153125027683,0.44859275984186875,0.023350653000000002,0.0010456433426364843
29964,0.148892,0.0116791,0.0208333,0.185192,-0.107033,0.000427068,0.2138979250485535,0.287162,-0.0291088,-0.0255734,0.2897642753498091,0.1309430646573503,0.011092807,0.0
29988,0.161155,0.014048,0.0208333,-0.0267214,-0.104279,-0.00106939,0.10765354919338284,0.12548,0.0595646,-0.0794219,0.16000315675876525,0.23695802844854216,0.024936889499999997,0.0
30012,0.212334,0.0264383,0.0208333,-0.374446,0.0283795,0.00095372,0.3755211212676171,0.0895547,-0.0165335,-0.0130859,0.09200348739667427,0.46638067938030453,0.00549587,5.6064338041218326e-05
30036,0.237574,0.0160959,0.0208333,0.0929389,0.227822,-0.0001569,0.2460498474594528,0.159064,-0.00343093,-0.00507076,0.159181782825933,0.2405713875416079,0.010721175,0.0023301266060023434
30060,0.176878,0.0162373,0.0208333,-0.0681532,-0.116321,-0.00169613,0.13482696528594307,-0.0418628,-0.00135835,-0.0213172,0.04699746965957316,0.11955158892765667,0.023755755,2.642899922433689e-05
30084,0.270285,0.0113939,0.0208333,0.419721,0.444565,0.00174709,0.611397423440325,0.29329,0.37365,0.000341835,0.47500890881242136,0.14496796103834472,0.02914651,0.008247963384981774
30108,0.143858,0.0149444,0.0208333,-0.0129153,-0.0583038,-0.000437617,0.05971875398205064,0.0145284,-0.00105201,-0.0223507,0.026678360558514462,0.06716477748387907,0.0049473225,0.0
30132,0.138856,0.0182995,0.0208333,-0.176237,-0.0338361,-1.78246e-05,0.17945573869321196,-0.0960014,0.0082636,-0.0322774,0.10161882914932645,0.09618116474881289,0.00036806,0.0
30156,0.208821,0.0266019,0.0208333,-0.384764,0.0147952,0.00096699,0.38504956656085215,0.072118,0.0170122,-0.01651,0.07591443191409655,0.45722152420075335,0.0030126635,0.0
30180,0.133827,0.0215795,0.0208333,-0.250632,-0.0283518,-0.00173983,0.25223649814344656,-0.0301896,-0.0351617,-0.0115845,0.04776984127354831,0.22076717143447508,0.0007467865,0.0
30204,0.250182,0.0243423,0.0208333,0.014551,0.20015,-0.000367243,0.20067857127361918,0.00669727,0.056458,-0.0432649,0.07144375942979835,0.15016417986657984,0.011557985,0.0024052317975613077
30228,0.228154,0.00147958,0.0208333,0.450716,0.228184,-0.000627707,0.5051863463397224,0.381108,-0.0196037,-0.00574575,0.3816551144171299,0.25743001437175084,0.03858899,0.0002417447000453164
30252,0.210302,-0.00953789,0.0208333,0.669632,0.0826429,-0.000666478,0.6747127600226147,1.19148,-0.174475,0.00885749,1.2042194862873215,0.5818295760537403,0.004474835,0.001312566188807254
30276,0.233193,-0.00186399,0.0208333,0.531984,0.261788,-0.000680308,0.5929084212751367,0.582176,-0.0241423,-0.0129064,0.5828192865599507,0.2905595475073612,0.037990282,0.0006603726220854405
30300,0.232229,0.0133688,0.0208333,0.128023,0.217951,-0.000100062,0.2527697310644687,0.150806,-0.00494417,0.0866966,0.17402067378489514,0.24028104884212392,0.011307120000000002,0.002481044135036699
30324,0.227195,0.0166337,0.0208333,0.0180759,0.177791,0.000422639,0.1787080201488851,0.115907,-0.0312704,0.0407004,0.12676274344348973,0.23430725795063012,0.00660754,0.002139116640111053
30348,0.242918,0.0188229,0.0208333,0.0725285,0.230727,-0.000237163,0.24185819830540903,0.14765,-0.0195899,-0.0466946,0.15609187150896103,0.26544318345075085,0.014344659999999999,0.0015825075039316559
30372,0.169338,0.00461179,0.0208333,0.316585,-0.157261,0.000255552,0.3534927858568329,0.839296,-0.0830293,-0.016106,0.8435467049965224,0.5282090828353284,0.020610285500000002,8.563976879931426e-05
30396,0.191301,-0.00550122,0.0208333,0.594689,-0.0621798,-0.000378008,0.5979309969712961,1.19159,-0.163711,0.0103638,1.2028280957690671,0.6055697935114901,0.005268437999999999,0.0005628196869335684
30420,0.206128,0.0117174,0.0208333,0.103514,0.0475588,0.000151726,0.11391668303729298,0.0275802,0.0386252,0.0908741,0.10252158581435424,0.11864358531162093,0.004076345,0.00037360674512112334
30444,0.208324,0.0206157,0.0208333,-0.205842,0.0352467,0.00101758,0.2088403559993767,0.0508335,0.0692609,0.0296687,0.0908919619699674,0.26049983642824887,0.001952629,3.578505274552491e-05
30468,0.182544,0.0250023,0.0208333,-0.304134,-0.086589,-0.000496126,0.3162204784924719,-0.0687656,0.101634,0.00145961,0.12272044719895743,0.30138016914001114,0.001827178,6.823935814469535e-05
30492,0.217773,0.00210031,0.0208333,0.417842,0.153363,-0.000612696,0.4450983286077228,0.383733,-0.0290104,-0.0185449,0.38527461882814185,0.18640022759872804,0.051485264999999995,0.0001954077787602121
30516,0.19229,0.0124345,0.0208333,0.0481038,-0.0738987,-0.00125872,0.08818490694086148,0.0196348,-0.00361981,0.0475998,0.05161752953712624,0.09020399834387885,0.025625904999999997,1.868812457150262e-05
30540,0.242608,0.012831,0.0208333,0.206385,0.272319,-0.000514498,0.3416908993435324,0.221671,0.0641383,0.0389417,0.23402608779104092,0.21243741951244183,0.00785758,0.001328435169663917
30564,0.160845,0.00805593,0.0208333,0.199434,-0.131127,0.000779216,0.2386814145730133,0.642187,-0.041853,-0.0267019,0.6441031035801722,0.4524989257684546,0.013960594500000001,9.091474027901087e-05
30588,0.28561,0.00733915,0.0208333,0.248759,0.474001,0.014397,0.5355046794296012,0.335718,0.73553,0.0742194,0.811923318891852,0.28202483058014594,0.066280025,0.02344022184195363
30612,0.170602,-0.00446575,0.0208333,0.655662,-0.222545,0.000881304,0.6924014095636579,1.28527,-0.150358,0.00335812,1.2940393263088776,0.6337375886362571,0.0015884268,0.0005752990526673932
30636,0.196259,-0.00891909,0.0208333,0.671362,-0.0309899,-0.000422376,0.6720769951036082,1.2201,-0.174147,0.0123127,1.2325269936964018,0.5672473270850518,0.0026265349999999997,0.0016796457959939053
30660,0.195129,0.000271352,0.0208333,0.418525,-0.034622,-0.00100387,0.41995579084467555,0.817876,-0.105992,0.0295592,0.8252449343950194,0.40682797267251053,0.042667772,0.0003007568785580805
30684,0.21589,-0.000807456,0.0208333,0.465871,0.134811,-0.00072132,0.4849848602426084,0.557901,-0.0625756,-0.00701515,0.5614431795345656,0.2178774955235829,0.0701566785,0.00030858985725392855
30708,0.22627,-0.00142766,0.0208333,0.484974,0.212356,-0.000659866,0.5294292085209673,0.515282,-0.0326969,-0.0297333,0.5171737579600304,0.24862574932408418,0.062357665,0.00034476078663328287
30732,0.233283,-0.00826741,0.0208333,0.621778,0.259004,-0.000407204,0.6735659723554165,0.948283,-0.0556732,-0.00917764,0.9499602004101064,0.4535462223108798,0.018789983500000003,0.0015460401029727528
30756,0.248635,-0.00548115,0.0208333,0.568981,0.350186,0.000576386,0.6681092314717864,0.813751,0.0848284,-0.0155241,0.8183077325360979,0.3613671739757171,0.0225200915,0.00034577304695421245
30780,0.223116,0.00481638,0.0208333,0.356956,0.189816,-0.00054937,0.40428702873008043,0.225005,-0.00578453,0.0278478,0.22679552636055436,0.23764897012461425,0.026315654999999997,8.074193458172773e-05
30804,0.211473,0.0144445,0.0208333,0.0257431,0.0918706,0.000749822,0.09541214060590865,0.0216427,0.0815397,0.110308,0.13887038562407755,0.11012054822624924,0.003703655,0.0006725994350280113
30828,0.216817,0.0171712,0.0208333,-0.0414583,0.116721,0.000762433,0.12386752513863143,0.0509801,0.0420048,0.0482151,0.0817806192631237,0.12798095148268313,0.0019361549999999997,0.000587413823466898
30852,0.270594,0.0173881,0.0208333,0.38089,0.405635,0.00103846,0.5564333057287024,0.237979,0.333524,0.0126213,0.409916528369728,0.16049209458557642,0.027119540000000004,0.007881954072436607
30876,0.274054,0.0172089,0.0208333,0.398618,0.435913,0.00161788,0.5906937201534264,0.247984,0.396897,0.0116157,0.4681433726450584,0.15592564451286514,0.03144859,0.010497332994622967
30900,0.222162,0.0198969,0.0208333,-0.102013,0.128568,0.00086495,0.16412535127609781,0.104945,0.00152423,-0.00543253,0.10509656837544125,0.2429226039588809,0.00435671,1.5258800739245532e-05
30924,0.234114,0.0162752,0.0208333,0.0688412,0.208878,2.162e-05,0.21992983010238606,0.111719,-0.0589255,0.0168834,0.1274299756996367,0.27173799875957433,0.015059645,0.0029609913880320558
30948,0.206439,0.0177094,0.0208333,-0.1075,0.0316364,0.000862596,0.11206183952095028,0.0373567,0.0861266,0.0825718,0.12502566303639426,0.17501154090300336,0.003945505,0.0002108807720016218
30972,0.202669,0.0118967,0.0208333,0.109836,0.0174756,-0.000185583,0.11121770512112669,0.00965622,0.0229312,0.0686577,0.0730271339121179,0.12167641310634732,0.01513401,9.710633347006775e-05
30996,0.201404,0.0209653,0.0208333,-0.237147,-0.0177051,0.000710717,0.23780806397947082,0.0356323,0.119632,0.0101361,0.12523664300235773,0.30554682683607876,0.003960955,0.0
31020,0.19637,0.0242302,0.0208333,-0.326511,-0.0475967,0.000466214,0.3299622650052333,0.0207365,0.119957,-0.0186067,0.12314988252588793,0.3860295904310852,0.003219151,0.0
31044,0.237853,0.0220388,0.0208333,-0.0529513,0.180364,0.000151611,0.18797615714123245,-0.0857114,-0.124523,-0.0385604,0.15601066010731446,0.30907592387093846,0.01486324,0.0042349970484051105
31068,0.244493,0.0157373,0.0208333,0.165919,0.26306,-0.000465658,0.31101430031169464,0.192466,0.0496824,-0.00686336,0.1988934582540351,0.2151178141894362,0.015029524999999998,0.0006608131354626662
31092,0.248903,0.0273271,0.0208333,-0.0595019,0.164124,-0.000490878,0.17457778908217642,-0.170004,-0.00807432,-0.0437787,0.17573596454099086,0.20913347663331205,0.017325085,0.004326187698193411
31116,0.23884,0.00701629,0.0208333,0.344077,0.283126,-0.000733304,0.44558933059461425,0.209751,0.06374,0.103472,0.2424143650549612,0.27754717914929783,0.006894315000000001,0.0011714051391384622
31140,0.244182,0.00974537,0.0208333,0.307231,0.301281,-0.000664586,0.4303040436674415,0.223987,0.0922129,0.0776183,0.25435800673519204,0.2382587757336527,0.00548348,0.001151559811733633
31164,0.217202,0.023089,0.0208333,-0.246119,0.0742475,0.00106473,0.25707661711486496,0.0898395,-0.0024237,-0.0198133,0.09203030445907479,0.3452281546577146,0.00555279,0.0
31188,0.202359,0.00590417,0.0208333,0.28233,0.0251159,-0.000853192,0.28344622994387997,0.295252,-0.0436273,0.0251977,0.29951963023244405,0.07464083737630269,0.048771275,9.770394055512807e-05
31212,0.227744,0.0284435,0.0208333,-0.339495,0.0778409,0.000594472,0.3483050590140327,-0.151989,-0.0300933,-0.0629428,0.16723653577412442,0.22548897201158635,0.00809453,0.004381038689626011
31236,0.210553,-0.00354006,0.0208333,0.533168,0.0910318,-0.000785688,0.5408840191213578,0.851936,-0.113173,0.0186902,0.8596234056847453,0.37906720826316354,0.046205470500000005,0.00041746137545885606
31260,0.248365,-0.0115079,0.0208333,0.603398,0.331112,0.0014248,0.6882778022012914,1.04873,0.0549917,4.17929e-05,1.0501707964495757,0.5239894302414206,0.016175850000000002,0.003869134270091954
31284,0.205514,-0.00027244,0.0208333,0.446256,0.0505033,-0.000843907,0.4491054586908454,0.670365,-0.0880629,0.0276656,0.6766902489357816,0.265024956660355,0.06454180100000001,0.00025714567855595005
31308,0.236661,-0.00197619,0.0208333,0.509845,0.280766,-0.000627878,0.5820411196915412,0.568086,-0.00412088,-0.0174448,0.5683687237128855,0.2912650980510512,0.0396663855,0.0007036433755816933
31332,0.252077,-0.00566371,0.0208333,0.552622,0.367198,0.000872948,0.6634954469521329,0.829915,0.129774,-0.0154399,0.84014200514735,0.36541438482204164,0.02628029,0.00042711005607454385
31356,0.262749,-0.000236038,0.0208333,0.488376,0.421651,0.00186388,0.6452163646604558,0.616483,0.285093,-0.0154074,0.6793870001058012,0.1880366664399218,0.030454755,0.007066243698033631
31380,0.268098,0.00247873,0.0208333,0.457568,0.445537,0.00254725,0.6386534126390953,0.504954,0.361738,-0.0129537,0.6212895630088197,0.09750889625004738,0.042105739999999996,0.010635835651231171
31404,0.191038,0.0215189,0.0208333,-0.252003,-0.0707424,-2.41327e-05,0.2617441494076748,-0.0249946,0.0906969,-0.032083,0.09939807134834155,0.28039834562209703,0.006917985,0.0
31428,0.249527,0.0124725,0.0208333,0.28246,0.31364,-0.000553129,0.4220829387119202,0.231671,0.100989,0.0416264,0.2561308016208905,0.22266360948449082,0.01104491,0.0010084641788382968
31452,0.195439,0.00626331,0.0208333,0.247226,-0.0358859,-0.00148222,0.24982131588585152,0.249194,-0.0329975,0.0533469,0.2569676562952233,0.05494040661056669,0.075556335,4.0370905365126505e-05
31476,0.243881,0.00375173,0.0208333,0.436911,0.322858,-0.000589484,0.5432576346231927,0.334001,0.076063,0.0485913,0.34598173709849195,0.2718767912857857,0.013326305,0.0002909190609087002
31500,0.24344,-0.00811072,0.0208333,0.603643,0.316409,0.000333403,0.6815421027989104,0.924959,0.0200165,-0.0141674,0.9252840251382329,0.4373817088081014,0.019097842,0.0011142576003779377
31524,0.243601,-0.00223733,0.0208333,0.535609,0.324464,-0.000268241,0.6262219735287433,0.626733,0.0451146,-0.00980257,0.6284311185808393,0.2939907721100107,0.024367635500000002,0.0005608511388951618
31548,0.247053,-0.00240831,0.0208333,0.520844,0.341939,-0.000109041,0.6230575928009703,0.642123,0.079678,-0.0127657,0.6471734650845088,0.289222438581522,0.024320275,0.0005973382626284708
31572,0.154237,0.0144064,0.0208333,-0.0433661,-0.0743478,0.000450213,0.08607215976025796,0.0708956,0.0306679,-0.0634203,0.09994418763419913,0.16781977167265832,0.014065758499999999,0.0
31596,0.229348,0.0254624,0.0208333,-0.247138,0.110556,0.000792938,0.2707405564939835,-0.0426772,-0.0535584,-0.0423051,0.08049575825104077,0.2656975647299942,0.008233635,0.004503920514396319
31620,0.217468,-0.00389704,0.0208333,0.559018,0.150349,-0.000733371,0.5788838259599448,0.802725,-0.0917914,0.00504001,0.8079718364149583,0.34359628503424067,0.04359522750000001,0.00033604017616945745
31644,0.238341,-0.00501371,0.0208333,0.575537,0.290552,-0.000382136,0.6447196670654017,0.765962,-0.00771307,-0.015708,0.7661618746432277,0.3542013759352882,0.0287249625,0.0005329662278231145
31668,0.242009,0.000840272,0.0208333,0.465092,0.313076,-0.000610558,0.560649197824336,0.429783,0.0464561,0.00812535,0.432362830998263,0.26908959966077184,0.023744064999999998,0.00048469165455988615
31692,0.262348,-0.00606066,0.0208333,0.513397,0.410239,0.00294298,0.6571766717263178,0.859124,0.267324,-0.00687432,0.8997796533749041,0.3742301900345428,0.04299465499999999,0.01203025353016303
31716,0.190716,0.0155202,0.0208333,-0.0594285,-0.082982,-0.000728633,0.10207002421033655,-0.0470537,0.0501467,0.0279903,0.07424418562197312,0.136752197610819,0.005263801,0.00010571612932755342
31740,0.239688,0.0252838,0.0208333,-0.137547,0.147562,0.000138976,0.20172689549816744,-0.152196,-0.0888928,-0.0236473,0.17783348139518046,0.23809924941080385,0.014579485000000001,0.0048397520597650455
31764,0.29183,0.0286056,0.0208333,0.739088,0.559797,0.00877372,0.9272004805410955,0.587041,0.62736,0.0644581,0.8615988346885168,0.17545312580283198,0.0635584,0.02095015513069056
31788,0.28579,0.0135677,0.0208333,0.345813,0.558144,0.0110996,0.6566845184905458,0.311807,0.761238,0.0667121,0.8253226049124124,0.2132986897012028,0.05724195,0.02296826070907416
31812,0.227869,-0.00493315,0.0208333,0.584262,0.224811,-0.000648892,0.6260211589282167,0.797413,-0.0617015,-0.0107098,0.7998682813359272,0.3572449906255292,0.035667217999999994,0.0007281977753330479
31836,0.218392,0.0140858,0.0208333,0.0617429,0.137044,0.000382979,0.15031097867196674,0.0678,0.0280389,0.103827,0.1271340467467704,0.15039769202706682,0.006230645,0.0013735865462358022
31860,0.237263,0.0101039,0.0208333,0.23845,0.259004,-0.000526904,0.3520536211201714,0.197879,0.0594453,0.125533,0.24176099028191045,0.2395011068516787,0.00636689,0.0023304763461575832
31884,0.26556,0.0206534,0.0208333,0.291147,0.329054,0.000151859,0.4393667415567044,0.151154,0.215566,0.000530693,0.26328029494639404,0.1802157310231256,0.02683393,0.006465245548314465
31908,0.192923,0.0244252,0.0208333,-0.313786,-0.059339,0.000274525,0.3193475318222698,0.00383745,0.103868,-0.0261196,0.10717052276938141,0.3580751746120054,0.003245999,3.05175850944992e-05
31932,0.130342,0.0216626,0.0208333,-0.261552,-0.0485669,-0.00151947,0.2660272566273819,-0.0658115,-0.108396,-0.0262108,0.12949074246790773,0.20616383369599264,0.000724573,3.737619563304965e-05
31956,0.163684,-0.00410765,0.0208333,0.74891,-0.283196,0.00125607,0.8006670595371368,1.32534,-0.141066,0.00257961,1.3328287160560999,0.593695404696829,0.0012784964499999998,0.0005885031860576457
31980,0.184019,-0.0112608,0.0208333,0.76382,-0.150324,0.000246373,0.7784718094289961,1.17978,-0.160845,0.0246755,1.1909495550716034,0.4168095431812738,0.0068812035,0.004770796579188847
32004,0.187578,0.0216982,0.0208333,-0.231754,-0.0809822,-0.000265157,0.2454956283543042,-0.0496617,0.0677513,-0.020891,0.0865618679302844,0.23601840000517046,0.006457279999999999,5.8103700398511625e-05
32028,0.286507,0.0258053,0.0208333,0.595734,0.504569,0.00495294,0.7807133956399388,0.426964,0.483694,0.0645075,0.6483975327592248,0.1801827520652118,0.04347325,0.01996018536988071
32052,0.207094,-0.0033626,0.0208333,0.540443,0.0677341,-0.000765697,0.5446715807197083,0.903117,-0.120722,0.0200664,0.9113708232009405,0.40924577965890785,0.0341703385,0.0003652560745559203
32076,0.208013,0.0146238,0.0208333,0.0219632,0.0584539,0.000572244,0.06244652146153168,0.027921,0.0428617,0.1046,0.11643825646191204,0.10535836986246293,0.004761015,0.0005175635226713722
32100,0.207396,0.00263688,0.0208333,0.384959,0.0704495,-0.000719122,0.3913528853448009,0.45037,-0.0557525,0.0123885,0.4539768199902942,0.14274926787726405,0.05979683,0.0001657528280301727
32124,0.24734,0.00357526,0.0208333,0.428121,0.338556,-0.000476992,0.5458094752735317,0.352746,0.104543,0.0373121,0.36979882662254354,0.2487398043502175,0.011904925,0.00029783972199825864
32148,0.231614,0.0013057,0.0208333,0.429199,0.246786,-0.00069706,0.4950915039562319,0.352384,-0.0095852,-0.00409743,0.35253815176182685,0.26765331854953134,0.03941852,0.0002647300511842205
32172,0.248921,0.000492822,0.0208333,0.499156,0.353442,-8.45616e-05,0.611619135451683,0.518095,0.103134,0.00220822,0.5282650160824284,0.2510339368142588,0.017072315,0.00048601131674067016
32196,0.281244,0.022783,0.0208333,0.476002,0.463082,0.00250867,0.6641002455602384,0.292197,0.446759,0.0306281,0.53470624776564,0.18665856716884147,0.03651005,0.016144255944452814
32220,0.253297,0.0182851,0.0208333,0.180553,0.280861,-0.00040833,0.33388988284071874,0.193331,0.107486,-0.0168848,0.221845018488223,0.17462428803766364,0.015225160000000001,0.0010401730625237322
32244,0.279085,0.0139435,0.0208333,0.411263,0.50859,0.00370732,0.6540755212439787,0.27784,0.526052,0.0190047,0.5952200861245275,0.13542757550759152,0.0456757,0.016311039206623225
32268,0.284697,0.0225937,0.0208333,0.508173,0.518668,0.00430701,0.7261369309490738,0.327657,0.611329,0.0515047,0.6955105966209932,0.20832596842049264,0.03479835,0.02069381550125544
32292,0.280645,0.0108567,0.0208333,0.387433,0.511637,0.00531869,0.6417982842929046,0.320031,0.576626,0.0347823,0.6603992680419095,0.0981565282558022,0.05774295,0.018146129063797603
32316,0.289941,0.0258337,0.0208333,0.653876,0.562235,0.00885466,0.862403863398533,0.478843,0.731299,0.0723802,0.8771132990680509,0.2515048337851414,0.038885300000000005,0.020535895402928016
32340,0.255203,0.0211424,0.0208333,0.151252,0.262913,-0.000411197,0.3033159774162462,0.149634,0.0979642,-0.0248856,0.1805730088496063,0.166762468642217,0.013359804999999999,0.0010839649440826027
32364,0.26056,0.0238437,0.0208333,0.168905,0.255573,-0.000318679,0.30634385730793595,0.0844315,0.168238,-0.0210306,0.189406940138449,0.12325647284731232,0.0219964115,0.005545511698662261
32388,0.150467,0.00859296,0.0208333,0.330721,-0.142169,0.000726125,0.3599846269766469,0.664096,-0.0440108,-0.0126394,0.6656727440454506,0.34778234588714485,0.0066831195,4.315842907243033e-05
32412,0.247642,0.00956615,0.0208333,0.311757,0.317583,-0.000589699,0.4450300402028054,0.245819,0.121482,0.0687273,0.28268055973181105,0.21819319053390734,0.00708575,0.0011041829558546899
32436,0.249219,0.00648132,0.0208333,0.402478,0.343685,-0.00044928,0.5292524176246325,0.292917,0.123131,0.0522205,0.3220071313965732,0.25183682288785414,0.0085725025,0.0003274431248323898
32460,0.24536,0.027959,0.0208333,-0.144734,0.132455,-0.000388899,0.1961948241504658,-0.212663,-0.0423445,-0.0401167,0.2205174774663904,0.1916964068874156,0.01983805,0.004573630942697498
32484,0.253662,0.024114,0.0208333,0.073759,0.22161,-0.000434131,0.23356277668054293,-0.0196633,0.0325346,-0.0315762,0.04941863990934999,0.21318316416652316,0.0110747,0.00434868945775621
32508,0.289744,0.0195357,0.0208333,0.423459,0.676854,0.019114,0.7986327109460267,0.350321,0.893192,0.0525972,0.9608762757779171,0.23080819303101008,0.05023858,0.020755649833238177
32532,0.179717,0.00407493,0.0208333,0.285422,-0.123489,-0.000776864,0.3109917277399425,0.724615,-0.0875111,-0.0019344,0.7298827527429115,0.44066567874864193,0.0390644105,0.00010896972056493492
32556,0.252375,0.000314186,0.0208333,0.488013,0.370013,0.000171539,0.6124265978577584,0.538346,0.145696,-0.00288613,0.5577204226836031,0.22991493365528382,0.01820235,0.0004927900161326323
32580,0.258931,-0.00594439,0.0208333,0.535834,0.396198,0.00236333,0.666405669310135,0.874453,0.225518,-0.0106165,0.903127414933934,0.379424518907027,0.034042485000000004,0.006025645193670135
32604,0.243179,0.0251536,0.0208333,-0.0883031,0.161487,-6.70994e-05,0.1840529628692227,-0.139643,-0.0529719,-0.0271883,0.15180709237548817,0.22218002755244548,0.016128515,0.004201404527059968
32628,0.283984,0.0106569,0.0208333,0.327238,0.527828,0.0094597,0.6211091628305687,0.30112,0.698369,0.0652123,0.7633119667817937,0.18131391290179588,0.05922155,0.02307266781280396
32652,0.254871,0.0151994,0.0208333,0.270474,0.321133,-0.000387174,0.419860379493834,0.222433,0.134845,0.016137,0.2606146893077978,0.19309118299752134,0.015147535,0.001443873263136346
32676,0.291659,0.0225867,0.0208333,0.514207,0.695806,0.0214847,0.8654573477757815,0.420603,0.921742,0.0643378,1.0152115792689915,0.2482844600284318,0.056476099999999994,0.021793852344181835
32700,0.258662,0.0209631,0.0208333,0.189686,0.278197,-0.000277744,0.336711191597086,0.167683,0.140414,-0.025136,0.2201488096288508,0.141725862104845,0.0205716425,0.005141303336703641
32724,0.258021,0.00902819,0.0208333,0.382241,0.375983,6.56264e-05,0.5361635969336452,0.304002,0.223508,0.0272308,0.37830484868243497,0.17351632027771374,0.015631265,0.004719470309261411
32748,0.160226,-0.00393112,0.0208333,0.755462,-0.292401,0.00137569,0.8100759660476147,1.30678,-0.128333,0.00150913,1.3130672506624925,0.5752128854208968,0.0010956103,0.0005571023245329353
32772,0.254561,0.00920778,0.0208333,0.378429,0.359982,-0.000219749,0.52229837895079,0.277795,0.166306,0.0360465,0.32577154237786027,0.22125287737909763,0.011943555,0.0009104268229792003
32796,0.260216,0.0179264,0.0208333,0.272598,0.32552,-0.000151893,0.42458563691613904,0.194301,0.182393,0.0044915,0.26653378514224046,0.16320943427557258,0.02375641,0.005776538756037217
32820,0.263675,0.017747,0.0208333,0.297956,0.34362,0.000141655,0.45481040269780443,0.210271,0.243406,0.00961704,0.3217963047260823,0.1334963967375083,0.02824268,0.0065582085968654575
32844,0.26525,0.0146608,0.0208333,0.365869,0.387911,0.000528298,0.5332310457773224,0.255278,0.288574,0.0186409,0.38573215307102676,0.14975404903110434,0.024685239999999997,0.006255301751314639
32868,0.252986,0.0122932,0.0208333,0.294499,0.329241,-0.000415851,0.44173461491494437,0.249458,0.136073,0.0371366,0.28657334515366223,0.2018731148050859,0.01371178,0.0011556945963359004
32892,0.148583,0.00568592,0.0208333,0.583639,-0.198146,0.000988503,0.6163580913520816,0.952028,-0.0598341,-0.00445884,0.9539168273811693,0.39353565346531133,0.0045766205,8.357583382772797e-05
32916,0.158564,-0.00706679,0.0208333,0.887054,-0.353513,0.00134285,0.9549021119104946,1.2554,-0.115523,0.00238812,1.2607063205386633,0.43854202581437157,0.0022123457499999997,0.001067023898513993
32940,0.15016,0.00259779,0.0208333,0.66739,-0.240005,0.00131457,0.7092344747819898,1.17857,-0.0807905,-0.00185791,1.1813372937564521,0.5354104164466734,0.0021324686,0.0002163307652646752
32964,0.114999,0.0256921,0.0208333,-0.237448,-0.0922654,0.001563,0.25474869913340087,0.0279397,-0.0602831,-0.00811633,0.06693693893784582,0.2674830616204116,0.00043915444999999997,2.642899922433689e-05
32988,0.155195,-0.000669074,0.0208333,0.718382,-0.274954,0.00143575,0.7692037840637956,1.29565,-0.107646,-0.000482257,1.300114155137084,0.6010274448299778,0.0011468742999999999,0.0006236537500889415
33012,0.155114,-0.00690173,0.0208333,0.895592,-0.356295,0.0013517,0.9638635715607734,1.23435,-0.108718,0.00228463,1.2391306410375933,0.41958577651224654,0.0017192534,0.0017878534615566233
33036,0.169959,0.0165958,0.0208333,-0.0997569,-0.113166,-0.00153002,0.15086524985831032,-0.0397648,0.0340633,-0.0300065,0.06034846947669841,0.16151293680102038,0.010629725,0.0
33060,0.185371,0.0127932,0.0208333,0.025,-0.102302,-0.00179112,0.10532761895559209,0.0256261,-0.00296268,0.0453689,0.0521901481239745,0.10996708591970963,0.027865209999999998,5.39479378660575e-05
33084,0.190095,0.00353657,0.0208333,0.312766,-0.0713255,-0.00139186,0.32079874529135805,0.610868,-0.0786839,0.0386054,0.6171233640467438,0.30086330660628524,0.054937191499999996,5.9097038842906505e-05
33108,0.191669,0.000450837,0.0208333,0.410836,-0.0573274,-0.000979141,0.4148175603851142,0.864665,-0.111779,0.0225041,0.8721505269062273,0.45768679311448796,0.032311703000000004,0.00028403485701582475
33132,0.186328,-0.00227186,0.0208333,0.495366,-0.0971157,-0.000381709,0.5047960764945094,1.1072,-0.145114,0.00686539,1.1166902196114425,0.6137566299461097,0.011551581500000001,0.00045482963843619515
33156,0.181912,0.0129725,0.0208333,0.0116618,-0.11359,-0.00195547,0.1142038070388238,0.0648652,-0.00469088,0.00737738,0.0654516941100748,0.12155954177873862,0.037823804999999995,0.0
33180,0.153319,-0.00358907,0.0208333,0.88217,-0.333464,0.00149526,0.943092987991358,1.36119,-0.113923,0.00151277,1.365949836012316,0.5269330236259633,0.00092005645,0.0014075368556453504
33204,0.118485,0.0254622,0.0208333,-0.256241,-0.0792673,0.000591525,0.26822211846176225,0.00143458,-0.0382404,0.000496411,0.03827051914747592,0.2609212910028988,0.00043860695,0.0
33228,0.148279,-0.000310233,0.0208333,0.864921,-0.298281,0.00155887,0.9149111002046467,1.34944,-0.0973131,-8.73059e-05,1.3529442562995455,0.524546916954531,0.0007811968599999999,0.0004084397140337849
33252,0.186636,0.00371624,0.0208333,0.296351,-0.0905346,-0.0013769,0.3098746921769669,0.682643,-0.0837644,0.0227905,0.6881404994960041,0.38710645576481933,0.04054027550000001,9.529113285085868e-05
33276,0.190405,0.00952832,0.0208333,0.138288,-0.0744533,-0.0018856,0.1570682027408794,0.122465,-0.00430294,0.0538339,0.13384423897521178,0.09097308952310897,0.0492684705,5.285801736728308e-05
33300,0.181602,0.00698101,0.0208333,0.170216,-0.113946,-0.00188828,0.20484321607843986,0.48781,-0.0524281,0.00485557,0.49064333107628694,0.32356742785582193,0.044874222000000005,6.103515380499995e-05
33324,0.189786,-0.00245315,0.0208333,0.50119,-0.0758538,-0.000514213,0.5068978984859273,1.08994,-0.146375,0.0091901,1.09976329369688,0.5930379210811412,0.015910393499999998,0.0004885191910252862
33348,0.174683,0.00733911,0.0208333,0.165589,-0.129902,-0.00107872,0.2104647480264531,0.482079,-0.0606494,-0.0192314,0.486259558988119,0.32448630556302743,0.047639968500000004,6.473754706505337e-05
33372,0.171844,0.0195022,0.0208333,-0.150373,-0.10838,-0.0014125,0.18536520354492103,-0.0733355,0.0121112,0.00777421,0.074734296456273,0.1433084133061074,0.00516554,5.285801736728308e-05
33396,0.19198,0.0064427,0.0208333,0.230884,-0.0597077,-0.00166882,0.23848525290986528,0.380608,-0.0289202,0.0730939,0.38864063844282937,0.17016054370519743,0.05501782499999999,8.962510808919563e-05
33420,0.119985,0.0221404,0.0208333,-0.257993,-0.0888592,-0.00080955,0.2728681015524579,-0.0240129,-0.0851024,-0.00697005,0.08869960230560506,0.23409133367662288,0.00035146225,0.0
33444,0.114599,0.0195415,0.0208333,-0.201134,-0.134617,0.00060975,0.242026846527534,-0.0559419,-0.110166,-0.00135027,0.12356321038514215,0.14724958058279963,0.00080874195,3.737619563304965e-05
33468,0.149862,-0.00340924,0.0208333,0.893582,-0.330821,0.00149915,0.9528554833844021,1.33205,-0.100139,0.000920062,1.3358090688175028,0.4954479866655144,0.0007250646,0.0012988340925614787
33492,0.17027,0.0225878,0.0208333,-0.25327,-0.097368,-0.0013235,0.2713447474639043,-0.0814598,0.0313967,0.0340439,0.093703996254909,0.21760042686743516,0.001978084,0.0
33516,0.180027,0.0100662,0.0208333,0.0883001,-0.116698,-0.00204648,0.14635408755617452,0.192958,-0.0123573,-0.00093806,0.19335556000243076,0.14778865417817566,0.0541834,7.552714743719639e-05
33540,0.176568,0.0102455,0.0208333,0.0681042,-0.125096,-0.00208365,0.14244835159089242,0.274075,-0.00891624,0.0133884,0.274546633953683,0.23698331463944905,0.04676185,8.765506260336593e-05
33564,0.174993,0.013331,0.0208333,-0.00547803,-0.119831,-0.00186795,0.11997069063268494,0.0346965,0.0126041,-0.0300772,0.047616682044216395,0.14124025756948122,0.035332585,5.174504807225519e-05
33588,0.118086,0.0192839,0.0208333,-0.228432,-0.0886057,0.000494702,0.24501508816103307,-0.074183,0.0231454,-0.0078633,0.07810671236872027,0.19065916854335122,0.0006573836,0.0
33612,0.147991,-0.00632523,0.0208333,1.00318,-0.377119,0.00119406,1.0717230418071095,1.25868,-0.0919142,0.00151097,1.2620324265215934,0.38291269027676283,0.00147219305,0.0029537095320968853
33636,0.144533,-0.00613301,0.0208333,1.0182,-0.368576,0.00115021,1.082857714918744,1.23309,-0.0874738,0.000981188,1.236189134605353,0.35383073285580563,0.00105674875,0.0022953953907769355
33660,0.119663,0.0161981,0.0208333,0.0367572,-0.0744778,0.00275514,0.08310009170331642,0.0298966,-0.0427273,-0.0309025,0.060616774601590276,0.046776049565772436,0.0020739095,4.82525646986769e-05
33684,0.117803,0.0132902,0.0208333,0.310838,-0.0908015,0.00352902,0.32384815674697054,0.076951,-0.0603,-0.00709305,0.09801968046929402,0.2361065408715627,0.0014355105,2.1579179780519927e-05
33708,0.142695,-0.00903953,0.0208333,1.04952,-0.392011,0.00064352,1.1203415856956263,1.02575,-0.0733772,0.00278006,1.0283749339192605,0.31952633100514827,0.0015711459999999998,0.005415367023572825
33732,0.139278,-0.00885436,0.0208333,1.06889,-0.375915,0.000621853,1.133065887769177,1.01541,-0.0709221,0.00067871,1.017884017467449,0.3096462218131015,0.00118043775,0.004714318614603812
33756,0.119363,0.0102053,0.0208333,0.66468,-0.0807365,0.00260419,0.6695705090860903,0.623832,-0.0248611,0.00128807,0.6243285174021246,0.06922681273187724,0.00049813105,4.0370905365126505e-05
33780,0.117484,0.00729694,0.0208333,0.948811,-0.0746799,0.00201724,0.9517475875683781,0.982515,-0.0140195,0.00197502,0.9826170018421473,0.06939485230684192,0.0002789417,0.0
33804,0.137661,-0.00576746,0.0208333,1.11307,-0.344112,0.000774217,1.1650487083619994,1.25024,-0.075593,-0.0017152,1.2525243714834615,0.30153649772125407,0.00085046963,0.0005137256076934456
33828,0.134187,-0.00558747,0.0208333,1.1268,-0.322074,0.000732427,1.1719259524071093,1.22877,-0.0733009,-0.00227547,1.2309565031326373,0.2688772649890143,0.00060888377,0.000996505393863977
33852,0.11903,0.00421294,0.0208333,1.10281,-0.115686,0.00125774,1.1088619069144308,1.23749,-0.0303141,0.000749965,1.2378614652723912,0.15945946677780096,0.00017538279,8.357583382772797e-05
33876,0.129398,0.0036775,0.0208333,0.987586,-0.187909,0.00152129,1.005305035300363,1.22653,-0.0487902,0.000865975,1.2275003358161416,0.2764935895951101,0.0004289202649999999,4.5776413140393603e-05
33900,0.122478,0.00403587,0.0208333,1.10148,-0.136665,0.00134801,1.1099267226965752,1.2611,-0.0388437,0.00126596,1.2616987143071883,0.18720992993399824,0.00025126679499999996,8.962510808919563e-05
33924,0.132412,-0.00851926,0.0208333,1.11029,-0.316719,0.000443521,1.1545800127197237,1.00907,-0.0630521,-0.00368845,1.0110447254586774,0.27314731874934234,0.0008852667,0.0026758195006390097
33948,0.12751,0.000770522,0.0208333,1.15926,-0.20926,0.00104874,1.1779960080813463,1.3968,-0.0586613,4.75611e-05,1.3980312551512388,0.28125828414622717,0.00027211533,9.888827028520622e-05
33972,0.143244,0.00295836,0.0208333,0.822267,-0.245869,0.00154508,0.858240625770073,1.22504,-0.0730399,-0.000455749,1.227215562278755,0.43829212935266953,0.0013647729,0.00017464478234404827
33996,0.145125,0.00586542,0.0208333,0.592029,-0.191705,0.000949992,0.6222941799107558,0.962635,-0.0555049,-0.00370091,0.9642409625626979,0.3948682126550877,0.0030072274999999996,8.563976879931426e-05
34020,0.140089,0.0091314,0.0208333,0.478021,-0.137655,0.000389673,0.49744660749777647,0.670362,-0.0413776,-0.00717822,0.671676144930076,0.2152246989455891,0.0027119245000000003,0.0
34044,0.124049,0.000949644,0.0208333,1.16345,-0.184572,0.000983432,1.1779998696190501,1.36421,-0.0494905,-0.000245429,1.365107429444893,0.24197747693041033,0.00020430233000000002,9.829786365938987e-05
34068,0.128879,-0.00833618,0.0208333,1.12199,-0.287482,0.000446401,1.1582347170145837,1.00843,-0.0615635,-0.00453342,1.010317614084376,0.2529028288877807,0.0005909534,0.004793954526275776
34092,0.143549,0.00895188,0.0208333,0.471232,-0.143902,0.000319836,0.4927144058408145,0.630668,-0.0440627,-0.00738597,0.6322485273277676,0.18827401139456193,0.0049390895,0.0
34116,0.135055,0.0123994,0.0208333,0.315167,-0.0966861,-0.000768849,0.32966502840155004,0.359423,-0.0262719,-0.00643711,0.3604393736036091,0.08335995609646231,0.0012510921000000001,2.1579179780519927e-05
34140,0.130029,0.0156803,0.0208333,0.105381,-0.0609095,0.00099809,0.12172147934895508,0.0803211,-0.0273482,0.0172239,0.08657982374468084,0.04491810721586674,0.0020324055,0.0
34164,0.127182,-0.0052246,0.0208333,1.18953,-0.254917,0.000577436,1.2165379694943081,1.25385,-0.0601058,-0.00251212,1.2552923326622107,0.2051779993121025,0.000403174575,0.0006555951494634474
34188,0.122159,-0.00195779,0.0208333,1.25267,-0.19144,0.000578993,1.2672141641146906,1.40139,-0.0515326,-0.00125285,1.402337730575585,0.20419371837433356,0.00021073136999999998,0.00017263342665891794
34212,0.133486,0.0155,0.0208333,0.0180304,-0.0598858,-0.00189001,0.06256977308253643,-0.0579678,-0.0540019,-0.0157331,0.0807712911625164,0.07747243266606581,0.0006884565,0.0
34236,0.123719,-0.00504598,0.0208333,1.19668,-0.226808,0.000590842,1.217984088713095,1.23725,-0.0556,-0.00280776,1.2385018393269416,0.17598197254137826,0.000285071,0.00029211709980759426
34260,0.12181,-0.0079694,0.0208333,1.11524,-0.193912,0.000746402,1.1319729141900639,1.01089,-0.0385083,-0.00466915,1.0116339665267338,0.1872660158094754,0.000378625,0.0006737232369452608
34284,0.118362,-0.00777655,0.0208333,1.11479,-0.163301,0.000827464,1.126687465714282,1.00781,-0.0314854,-0.00416681,1.0083103137520395,0.1698382041124642,0.00025157254999999995,0.001994091271732565
34308,0.252056,-0.0369597,0.0208333,-0.0775316,0.00533707,0.0246108,0.08151886156825855,-0.0722664,0.0117788,0.0976656,0.12206449984233746,0.07352701557572497,0.08004715,0.3792650788037306
34332,0.116379,-0.0108017,0.0208333,0.928226,-0.0927526,0.00113721,0.932849315339484,0.662845,-0.0129696,-0.00571027,0.662996464343991,0.27719900835383665,0.00037414805,0.003832427429188973
34356,0.175807,0.0312056,0.0208333,-0.39119,-0.0588825,-0.00114416,0.39559837462805075,-0.0628163,0.0471268,0.0567787,0.09690533317428923,0.3498890056128652,0.003592645,0.0
34380,0.103535,0.0217567,0.0208333,-0.0814035,-0.178357,0.00879712,0.19625274158988046,-0.00359027,-0.0470947,-0.00471252,0.04746586827935733,0.1531900797612316,0.00012526250000000002,2.1579179780519927e-05
34404,0.191531,-0.0376056,0.0208333,0.528086,-0.00970133,-0.00180674,0.5281781929512014,-0.320539,0.0367287,-0.180941,0.36991065597748063,0.8685673384467946,0.014899119999999998,0.49907113721392465
34428,0.27108,-0.0340042,0.0208333,-0.130505,-0.0164478,0.013038,0.13218197529860115,0.106348,0.0313253,0.0438077,0.11920690459608453,0.24357419225094437,0.09521545000000001,0.23554511245194626
34452,0.298075,-0.0377727,0.0208333,-0.0503948,-0.0442411,-0.0571226,0.08809030722508578,-0.0627144,-0.164716,-0.0942441,0.1998659726120732,0.12666483267434572,0.09063135,0.13943959265574465
34476,0.10177,0.0188587,0.0208333,-0.0643959,-0.224309,0.00892561,0.23354020196035222,0.0277404,-0.124884,-0.0163368,0.12896679527072075,0.13788624935684524,6.084205e-05,0.0
34500,0.112925,-0.0105401,0.0208333,0.919613,-0.0615545,0.00126302,0.9216716451420052,0.705276,-0.0197835,-0.00494471,0.7055707428778734,0.21845755176178483,0.00019622895,0.00811114048700921
34524,0.113383,-0.00451137,0.0208333,1.22733,-0.116687,0.000779114,1.2328647094826037,1.25528,-0.030365,-0.00203764,1.2556488615858215,0.09077788435019023,0.00010412303499999999,0.0005733733513165745
34548,0.108385,-0.00140221,0.0208333,1.27456,-0.063152,0.000406351,1.276123635791272,1.3404,-0.0128486,-0.00113451,1.3404620597521215,0.08287165923391021,4.6184377e-05,0.00029627217216606763
34572,0.265957,-0.0354181,0.0208333,-0.120993,0.00137975,0.0197294,0.12259877235691433,-0.0227293,0.0481508,0.049176,0.07248033936958352,0.11274035704818618,0.10161505,0.30322367981409365
34596,0.108814,0.0322848,0.0208333,-0.174121,-0.0663858,0.00586956,0.1864393971703234,0.00365404,-0.0305974,-0.0290503,0.0423494135162649,0.1846731465156242,0.00016480555,0.0
34620,0.293178,-0.0378744,0.0208333,-0.139891,-0.024168,-0.0290618,0.1449074612442023,-0.0498403,-0.0147093,-0.0820593,0.09712954095984393,0.10491582617713115,0.10526655500000001,0.1671556161186336
34644,0.188146,-0.0357166,0.0208333,0.574458,-0.0286315,-0.000356208,0.5751711775118684,-0.249615,0.0783365,-0.147402,0.3002858722305297,0.8438962775708324,0.015318130000000001,0.2760831396518085
34668,0.229662,0.0313624,0.0208333,-0.392393,0.0540708,0.000127683,0.3961009141173351,-0.2118,-0.0457852,-0.0624806,0.2255201762933862,0.215649830709899,0.00715655,0.0054759839298522415
34692,0.285821,-0.0395892,0.0208333,-0.150622,-0.00256477,0.0535819,0.1598892896249242,-0.18917,0.00176076,-0.135648,0.23278481282029032,0.19316473168720757,0.0579911985,0.6144770134024543
34716,0.251425,-0.0394966,0.0208333,-0.0245573,0.000477937,0.016978,0.029858698750380417,-0.0867468,0.000905123,0.0875145,0.1232258668792195,0.09403783403704381,0.03167307,0.8763891829546963
34740,0.261967,-0.0395802,0.0208333,-0.0726768,0.00341432,0.0263404,0.07737823667842529,-0.242241,0.0111031,-0.108418,0.26562839387876064,0.21672785153294996,0.024446210000000003,0.642347258108883
34764,0.275388,-0.0395403,0.0208333,-0.129386,-0.00148823,0.0554576,0.14077818446866297,-0.2041,-0.00901283,-0.202451,0.2876185816417446,0.26861803244592497,0.023213055000000003,0.5554547686355749
34788,0.281296,-0.0396092,0.0208333,-0.142021,-0.000796543,0.0598308,0.15411139980673347,-0.162939,-0.000845898,-0.187976,0.24876657701633959,0.24868810845345224,0.036301220999999995,0.7008038241904792
34812,0.287297,-0.0395852,0.0208333,-0.151049,-0.00328808,0.0500976,0.15917406006270746,-0.187974,-0.00369222,-0.128424,0.22768526728914282,0.18230079709288055,0.0617892635,0.5150310670241165
34836,0.294742,-0.0395489,0.0208333,-0.10231,-0.01141,0.0194784,0.1047708559980303,-0.211152,-0.00242091,-0.0944392,0.23132183296409378,0.15781192696620908,0.051336535,0.5894616187674987
34860,0.278432,-0.0396186,0.0208333,-0.133117,-0.00111527,0.0561904,0.14449477695866,-0.176675,-0.00161104,-0.206595,0.2718421326797625,0.2663713791026598,0.029579926,0.5363431737236897
34884,0.297743,-0.0395271,0.0208333,-0.0434313,-0.0123438,0.0210954,0.04983636342360867,-0.168938,-0.057472,-0.0883333,0.199112657852006,0.1725199309176189,0.0531743435,0.1259678530419567
34908,0.236529,-0.0395489,0.0208333,0.185547,0.0149854,0.00424768,0.18619960850534137,-0.202762,0.00358642,0.108387,0.2299413682255031,0.4021925088761634,0.0151493065,0.759056651377221
34932,0.103719,-0.0395676,0.0208333,-0.13605,0.0324802,0.00247349,0.13989526098056396,0.0142293,-0.000600308,-0.00347583,0.014659970749417066,0.1539921505353129,4.6376561500000004e-05,0.8433913682271119
34956,0.111184,-0.0395669,0.0208333,-0.48093,0.0297309,-0.00292006,0.4818569477191479,0.00163798,0.000831189,0.00988421,0.010053430308020292,0.4836021070543395,0.00010013011,2.5938369262542316
34980,0.118673,-0.0395781,0.0208333,-0.693541,0.0144041,-0.00328126,0.693698323080716,0.0161492,0.00137103,0.00821297,0.018169459544020564,0.7099029216822239,3.5546945e-05,1.1851708737561855
35004,0.127612,-0.0395691,0.0208333,-0.783189,0.00467387,-0.00390837,0.7832126978910862,9.40679e-05,0.0034594,-0.00306728,0.0046243381935375805,0.7832844609901343,8.2081055e-05,2.2718274582370905
35028,0.132096,-0.0395795,0.0208333,-0.77743,0.0022196,-0.00572682,0.7774542610285651,-0.0218433,0.00206552,0.0225889,0.031490546692148735,0.7561170973841649,0.00014987475,0.8685620300243385
35052,0.157477,-0.0395637,0.0208333,-0.308287,-0.0131329,-0.00470048,0.30860240106590286,-0.122323,0.00896329,0.0371227,0.12814582221794865,0.19188545878682023,0.00361253415,0.8638037971669261
35076,0.175373,-0.0395691,0.0208333,0.207864,-0.00533361,-0.00651042,0.20803431317984178,-0.217619,0.00520042,-0.014927,0.21819232080478085,0.4256965913604868,0.003545284,0.849289114495176
35100,0.224587,-0.0395248,0.0208333,0.379096,0.00843559,-0.00045147,0.3791901109203785,-0.121243,0.00615812,0.0567697,0.1340171120753779,0.5036055639950474,0.014019650500000001,0.7368799088046845
35124,0.239564,-0.0395846,0.0208333,0.0992543,0.0153901,0.00725295,0.10070191919820844,-0.233773,0.0070875,0.0908901,0.2509204225711012,0.3434694871050011,0.0194289935,0.7557678214901717
35148,0.266429,-0.0395811,0.0208333,-0.101264,0.00266597,0.0368385,0.10778951792401198,-0.21292,0.00735153,-0.0653713,0.22285057383150464,0.15144589801164507,0.025496525,0.6918135586991628
35172,0.282827,-0.0395771,0.0208333,-0.147367,-0.00153167,0.0580401,0.1583920197169002,-0.17216,0.002634,-0.170535,0.24233899764792294,0.22995352138108016,0.043259574,0.7103991835580894
35196,0.179826,-0.0396438,0.0208333,0.273852,-0.00427886,-0.00587968,0.2739485301727352,-0.212576,0.00168987,-0.0303033,0.21473169637365344,0.48707734307368195,0.003973132,0.7547569145095658
35220,0.115664,-0.0395882,0.0208333,-0.626337,0.020689,-0.003228,0.6266869172673066,0.0140385,-0.0015055,0.00355125,0.014558756439425039,0.6407958606772226,7.833256000000001e-05,2.3530363363110225
35244,0.106728,-0.039596,0.0208333,-0.287677,0.0291444,-0.00122294,0.2891521190698827,0.0104529,0.00187039,0.00306384,0.011052085446091158,0.29940555335240276,4.29421675e-05,1.4726133233133538
35268,0.135075,-0.0395691,0.0208333,-0.759986,-0.00182928,-0.00614599,0.7600130522921291,-0.0329669,-0.00126927,0.0262768,0.04217698140197921,0.7277419341273349,0.00021144255,1.104192012287718
35292,0.139544,-0.0395792,0.0208333,-0.714883,-0.00248511,-0.00722888,0.7149238673920227,-0.0298845,0.00292886,0.0165636,0.03429306644366467,0.6854329567346185,0.000530095755,3.066954515476224
35316,0.144001,-0.0395388,0.0208333,-0.650016,-0.00807002,-0.00834699,0.6501196795366685,-0.0433685,0.0055627,0.000821753,0.043731518399582336,0.6068699252385542,0.00078924805,1.8757158633439128
35340,0.16203,-0.039535,0.0208333,-0.207768,-0.0147867,-0.00193637,0.20830251522645352,-0.145519,0.00746267,0.0329276,0.14938439559167116,0.07473599447761299,0.00313293865,0.8662413058726766
35364,0.166408,-0.0395467,0.0208333,-0.0681852,-0.028731,-0.00517656,0.0741720205567679,-0.15267,0.0112598,0.0160275,0.15392138497392102,0.09584653189429235,0.0027185726,0.9704009480621915
35388,0.184383,-0.0396223,0.0208333,0.344032,-0.00382893,-0.00498433,0.34408940883801375,-0.211194,0.00257761,-0.0537784,0.2179487692460595,0.5574027413799976,0.0037730485000000004,0.6413735261140734
35412,0.188779,-0.0395799,0.0208333,0.401938,-0.00493731,-0.00407241,0.4019889518348038,-0.219492,0.00586269,-0.0734403,0.23152664395729078,0.625382913951966,0.003975391,0.8910145902284654
35436,0.193284,-0.0395691,0.0208333,0.452598,-0.00129573,-0.00318378,0.4526110526437918,-0.220397,-0.000354773,-0.0810449,0.2348259766058507,0.6774846931353729,0.0053009885,1.0493331215586401
35460,0.206722,-0.0395891,0.0208333,0.481607,0.00399929,-0.00219358,0.4816286002333338,-0.186512,-0.000973807,-0.0685716,0.19872025254269696,0.6714266686644877,0.008372143,0.7435240413059957
35484,0.215682,-0.0395287,0.0208333,0.450236,0.00538002,-0.0015287,0.45027073770664955,-0.126631,0.00602002,-0.0763769,0.14800365419613934,0.5817028436686897,0.0118366235,0.5976805166642125
35508,0.220145,-0.039564,0.0208333,0.4085,0.00639639,-0.00113964,0.40855166452281366,-0.115573,0.00219459,-0.0142702,0.11647134051906545,0.5242543047588198,0.014791345000000001,0.6875310902061084
35532,0.229086,-0.0395675,0.0208333,0.313326,0.00791724,0.00062496,0.313426635020413,-0.147896,0.00939016,0.10923,0.18409941559066828,0.47383853525302055,0.0103362155,0.7155962548812005
35556,0.148507,-0.0395691,0.0208333,-0.554569,-0.0103636,-0.00891261,0.5547374285037671,-0.059563,0.00494213,-0.000206122,0.05976803580690756,0.4953190974918361,0.0008495543999999999,1.2517667514357458
35580,0.170904,-0.0395491,0.0208333,0.0954631,-0.015485,-0.0068307,0.09695177744167457,-0.189841,0.0150118,-0.00148442,0.19043939435677798,0.2869792100429723,0.00291240835,0.9697494521782417
35604,0.197742,-0.0396,0.0208333,0.459033,0.000524039,-0.00306394,0.4590435245531704,-0.214286,0.00488617,-0.0773185,0.2278607357477784,0.6774151191320243,0.0062117195,1.099327066891378
35628,0.209703,-0.0395781,0.0208333,0.472671,0.0046573,-0.0020768,0.4726985062199055,-0.157325,-0.00249361,-0.0729333,0.17342618015951947,0.6340084692826099,0.0072071439999999995,0.7655671100563294
35652,0.233563,-0.0395923,0.0208333,0.252324,0.0131852,0.00237358,0.2526794102356905,-0.183546,0.00496454,0.115209,0.21676460609244214,0.45031330000057956,0.0114410685,0.6947193678025682
35676,0.238038,-0.0395039,0.0208333,0.149031,0.0154723,0.00565398,0.14993864918069125,-0.21692,0.00817426,0.106548,0.24181311219730744,0.3796748596636364,0.017910743,0.7105814520517687
35700,0.248535,-0.039534,0.0208333,-0.0220278,-0.000255595,0.016838,0.027727378989800405,-0.0799463,-0.0133923,0.0833709,0.11628186251428035,0.08918381267313606,0.026341985,0.7771473476761019
35724,0.211203,-0.0396376,0.0208333,0.458727,0.00595347,-0.00200511,0.4587700129696284,-0.142593,0.00205973,-0.0748247,0.16104577568742032,0.6057256774307621,0.0067328115,0.8470348280915018
35748,0.208209,-0.0395691,0.0208333,0.47852,0.00451905,-0.00212784,0.47854606874988337,-0.172016,-0.00159919,-0.072599,0.1867154960512279,0.6543704643001877,0.007798415499999999,0.7407381453658236
35772,0.121694,-0.0395265,0.0208333,-0.744024,0.0115635,-0.00321015,0.7441207779462098,0.0153679,-0.000409447,0.018874,0.024342717047523867,0.7598072906511869,3.847865e-05,2.182993357754439
35796,0.124556,-0.0396212,0.0208333,-0.77042,0.00665351,-0.00363073,0.7704572848611745,0.0135804,0.00280876,0.0147268,0.020228569774890164,0.7842247179287474,0.00012430424,2.3537523234189277
35820,0.160469,-0.0395665,0.0208333,-0.238496,-0.0120688,-0.00244389,0.23881367328478514,-0.138243,0.00831438,0.035566,0.1429866998003115,0.10913702292863088,0.0032957114,0.9737946395416233
35844,0.255999,-0.0395865,0.0208333,-0.0332376,0.00229359,0.0161099,0.03700712751427892,-0.0999165,0.00702564,0.0224023,0.1026378567340024,0.06714210527063105,0.03742933699999999,0.8345411913141256
35868,0.260455,-0.0396149,0.0208333,-0.0607521,0.00377973,0.0229157,0.06504024384773553,-0.212482,0.0110524,-0.102679,0.23624930245560516,0.19710119977064802,0.031227495,0.7022293072779006
35892,0.264925,-0.0396089,0.0208333,-0.0901618,0.00304507,0.0327396,0.09597032894965453,-0.230539,0.00491555,-0.0777192,0.2433365307582125,0.17863483275305067,0.02450518,0.7553191378483667
35916,0.26791,-0.0395691,0.0208333,-0.109941,0.0018234,0.0403253,0.11711736885983223,-0.197294,0.00664289,-0.068271,0.2088779065974956,0.13945225156500737,0.025384200500000002,0.6187527777715426
35940,0.272446,-0.0395895,0.0208333,-0.118185,-0.0003465,0.0517344,0.1290126444601846,-0.215031,0.00180288,-0.169704,0.27393617678812415,0.2416996742756274,0.0196636435,0.6669782605152884
35964,0.284338,-0.0395763,0.0208333,-0.15003,-0.00220216,0.0555939,0.16001416226658063,-0.181228,0.00614585,-0.148133,0.23414684526002585,0.2062708274540297,0.051389604,0.6356917491992483
35988,0.291802,-0.0395973,0.0208333,-0.13461,-0.0063562,0.0362728,0.13955633055608765,-0.190304,-0.00214372,-0.115059,0.22239330347930533,0.16130988907996432,0.05945128549999999,0.4442533061216315
36012,0.205179,-0.0395458,0.0208333,0.48822,0.00219085,-0.0022462,0.4882300826845499,-0.196013,-0.006575,-0.0691354,0.20795199043808163,0.6875505824969261,0.0086893395,0.6913805030516843
36036,0.217195,-0.0395858,0.0208333,0.432105,0.0069086,-0.00141832,0.43216255206875853,-0.126208,0.00765466,-0.0561984,0.13836659006521623,0.5609944917192414,0.0123623325,0.6650406002643748
36060,0.133577,-0.0395836,0.0208333,-0.769956,4.20243e-05,-0.0059504,0.7699789938447683,-0.0291732,0.000992543,0.0254922,0.038754522325618324,0.7414504011438655,0.0001615155,0.8683150349959396
36084,0.152971,-0.0395771,0.0208333,-0.429616,-0.0128645,-0.00793004,0.42988171437111816,-0.0804606,0.00761884,0.0187482,0.08296655879657537,0.3507717050393506,0.0021267759499999997,0.7728751516254097
36108,0.202223,-0.0395595,0.0208333,0.483399,0.00084969,-0.00255696,0.48340650928440937,-0.216921,-0.00371144,-0.0708627,0.228232375615651,0.7036579996161663,0.0076978129999999995,0.7903341065650653
36132,0.235053,-0.039553,0.0208333,0.222224,0.0136571,0.00322789,0.22266666079649666,-0.194267,0.00348202,0.112464,0.22449931636483972,0.43069805323676413,0.013119962,0.719161317090957
36156,0.242537,-0.0395691,0.0208333,0.00184689,0.016094,0.00975389,0.01890942116523401,-0.237019,-0.00771348,0.0703287,0.24735324978338247,0.24757426585971853,0.0238677075,0.7274922680001485
36180,0.247004,-0.0396299,0.0208333,-0.0191207,-0.000226083,0.0138634,0.02361876672421507,-0.1112,-0.00958359,0.0830101,0.1390969514378302,0.11553106312431756,0.0243553715,0.7659223198210116
36204,0.226137,-0.039578,0.0208333,0.356086,0.0100731,-0.000160799,0.3562284836954064,-0.134527,0.00957403,0.0848423,0.15933421367908054,0.49792257598894707,0.011831508,0.818287235633063
36228,0.194776,-0.0395691,0.0208333,0.45651,0.00188009,-0.00315133,0.4565247482001135,-0.219658,0.00114068,-0.0841245,0.2352187696913501,0.6809995339286196,0.0057385075,1.0030603172292283
36252,0.158967,-0.0395796,0.0208333,-0.273569,-0.0103008,-0.00339987,0.2737839720612894,-0.126762,0.00697508,0.0373492,0.13233374144807666,0.15333374705080188,0.00345364405,0.9465474103287167
36276,0.227623,-0.0395796,0.0208333,0.333135,0.00965341,0.000183675,0.33327488697190155,-0.141806,0.00993811,0.0988255,0.17313054934534833,0.48507653434733433,0.011001312,0.7946439454246159
36300,0.154478,-0.039496,0.0208333,-0.386933,-0.0176772,-0.00725895,0.3874045976030002,-0.103381,0.00779037,0.0248222,0.10660423368036046,0.28649526001493886,0.002916086,0.6786854941723743
36324,0.221667,-0.0395117,0.0208333,0.405124,0.00663755,-0.00093796,0.40517945680274076,-0.119488,0.00363629,0.00649452,0.11971960382073815,0.5246732315113264,0.0158812455,0.6674481253251072
36348,0.117166,-0.0394935,0.0208333,-0.664477,0.0194481,-0.00318764,0.6647691878925944,0.0173914,-0.000898239,0.00462759,0.01801894049241578,0.6822166563850635,7.812302e-05,0.7760006443296293
36372,0.276926,-0.0395946,0.0208333,-0.130092,-0.00121097,0.0559072,0.14160158870641565,-0.191907,-0.00511315,-0.207631,0.28278096313741224,0.2707188654175996,0.027375025,0.576536208750153
36396,0.147044,-0.039566,0.0208333,-0.587823,-0.00632201,-0.00891585,0.5879246036020798,-0.0559539,0.00644844,-0.00410496,0.056473639870697194,0.5320441415809449,0.0006954571500000001,1.4462122942362232
36420,0.151493,-0.0395691,0.0208333,-0.47478,-0.012575,-0.00846863,0.4750219960371066,-0.073986,0.00541249,0.0125866,0.07524390834851749,0.40174955251107997,0.00174149655,0.7392002435064534
36444,0.24999,-0.0396364,0.0208333,-0.0151541,-0.000788337,0.0142464,0.020814133058947446,-0.0660055,0.00331369,0.0878741,0.10995255350593772,0.08957527401442168,0.024284385999999998,1.104744314309877
36468,0.120161,-0.0395632,0.0208333,-0.721463,0.0130072,-0.00323734,0.7215875054289088,0.0163473,0.0014411,0.0137389,0.021402531619180005,0.7380962038784901,2.163949e-05,1.1343368106519334
36492,0.293284,-0.0395691,0.0208333,-0.121095,-0.0080966,0.0276385,0.12447265016384121,-0.199926,-0.00973208,-0.107072,0.2270011718937292,0.15608946205968038,0.054244025,0.4070466803697089
36516,0.108188,-0.0395842,0.0208333,-0.353565,0.0315063,-0.0020512,0.354971919433256,0.00692808,0.00252124,0.00597243,0.009488143323585494,0.361745453419206,5.33336155e-05,2.479247869818587
36540,0.296238,-0.0395789,0.0208333,-0.0733838,-0.0119845,0.0208512,0.07722423767270221,-0.219155,-0.0237259,-0.087476,0.2371579282499533,0.18199419079531082,0.051046135,0.34297959122956573
36564,0.219119,0.025863,0.0208333,-0.327962,0.0643738,0.00104655,0.33422171508946347,0.0452663,-0.013528,-0.0287966,0.05532891532688853,0.3824377962048893,0.004180519000000001,0.00016957181369555495
36588,0.224355,0.028548,0.0208333,-0.371186,0.0658025,0.000708299,0.3769741599761493,-0.104984,-0.00860564,-0.0498067,0.11651782979741598,0.280983702776922,0.0058839800000000005,0.0032908053725494006
36612,0.287076,-0.0352926,0.0208333,-0.15296,-0.0237355,-0.00974385,0.1550969960156305,0.0061821,-0.0410953,-0.0433799,0.060073769371581806,0.16358164477731754,0.07124225000000001,0.0785553308184747
36636,0.103309,0.0101136,0.0208333,0.697536,-0.00343627,0.00284828,0.6975502791530309,0.552798,-0.0323979,0.0054141,0.5537730267963762,0.14762942826052436,5.0046499999999996e-05,0.0
36660,0.255408,-0.0366781,0.0208333,-0.0905499,0.00840898,0.0241503,0.09409161665494117,-0.0624217,0.0146926,0.0549276,0.08443566999444015,0.04216540893711812,0.0924745,0.29389334800229827
36684,0.161273,-0.0382079,0.0208333,-0.149549,-0.0393034,-0.00359844,0.15466935515154123,-0.275606,0.0450474,0.0326778,0.28116858660881733,0.15595316700271786,0.0074091255,0.5327926425918437
36708,0.152191,-0.0383865,0.0208333,-0.424131,-0.0326645,-0.00854783,0.4254728429864342,-0.174433,0.029091,0.0218246,0.17818381221412904,0.2590083347854947,0.006183932499999999,0.6704632726704722
36732,0.119431,-0.0382774,0.0208333,-0.71974,0.0382229,-0.00195,0.7207568662069131,0.0160553,0.00923062,0.0184855,0.026166595382747064,0.7366497712359236,0.00074172275,1.052278480251307
36756,0.103504,0.0157913,0.0208333,-0.0846921,-0.23758,0.00759285,0.2523383830762425,-0.0365023,-0.0773246,-0.00986063,0.0860740593584786,0.16825181727788383,0.0008698310000000001,2.854657597681375e-05
36780,0.111464,-0.00733404,0.0208333,1.13243,-0.0873769,0.00127878,1.1357966643866755,1.09221,-0.0406132,-0.00257082,1.0929678518738382,0.06180057813524086,0.000127369,0.001692040188648012
36804,0.106577,-0.00419878,0.0208333,1.27401,-0.040108,0.000533312,1.2746412892204966,1.33815,-0.010543,-0.00127366,1.338192138505826,0.07064909038911094,5.025567e-05,0.0005985064744846124
36828,0.207069,-0.0320276,0.0208333,0.757368,0.011409,0.000632768,0.7574541920805125,-0.208636,0.187311,-0.0941042,0.295753261477604,0.9864483436682496,0.02888335,0.12406490236968713
36852,0.19825,-0.0357055,0.0208333,0.647533,-0.00980486,-0.000238044,0.6476072714489589,-0.238627,0.0888488,-0.159163,0.3002828915530154,0.9056871600453424,0.022841254999999998,0.4015171229225474
36876,0.173217,-0.0300735,0.0208333,0.63264,-0.189952,0.000329684,0.6605416266939881,-0.161306,0.0843797,-0.037082,0.18578114579281182,0.8408375387912971,0.01260366,0.154277671748053
36900,0.240877,-0.0352479,0.0208333,0.312431,0.0979019,0.00555309,0.3274580104275327,0.0181189,0.0536026,0.236157,0.24284081599469642,0.3765105622611245,0.0366178,0.2121061055226841
36924,0.238365,-0.0377208,0.0208333,0.255684,0.048095,0.00497145,0.26021558791913774,-0.180369,0.0358402,0.185825,0.26143532034145656,0.4722291874499526,0.045893014999999995,0.27059822615826584
36948,0.179018,-0.0370205,0.0208333,0.398787,-0.0404678,-0.00166655,0.4008384856706533,-0.312031,0.0524042,-0.160122,0.354610490570485,0.7341631747389014,0.012676885,0.3132358536310938
36972,0.247778,-0.0391639,0.0208333,-0.0253025,-0.000561844,0.0179984,0.031055991008021883,-0.152338,-0.0345718,0.103261,0.18725626750589686,0.15673036185159508,0.057024455,0.5711444650874242
36996,0.285085,-0.0391655,0.0208333,-0.155616,-0.00226112,0.0545854,0.16492731130050717,-0.251183,0.00972497,-0.183088,0.3109802088148069,0.2564475831628134,0.11252723,0.527624866737723
37020,0.134323,-0.0391528,0.0208333,-0.769126,0.00014341,-0.00603239,0.7691496695517331,-0.0526759,-0.00147064,0.0364189,0.06405661168083744,0.7177084804919589,0.00042248455,0.9592768109362386
37044,0.250669,-0.039133,0.0208333,-0.0262902,-2.02334e-05,0.0181936,0.031971582794576736,-0.127088,0.000305194,0.124401,0.1778399890024109,0.14642511465794614,0.059314185,0.8499064654419332
37068,0.237253,-0.0390528,0.0208333,0.171809,0.0171234,0.00497523,0.1727318622087798,-0.290697,0.0159122,0.158184,0.3313308343240031,0.4872229410099168,0.03512607,0.5406662556513029
37092,0.293996,-0.039118,0.0208333,-0.11774,-0.00949502,0.0202075,0.11983824957437587,-0.260132,-0.00800187,-0.14411,0.29749013336159047,0.21743493731958644,0.10428246000000001,0.3859028375122422
37116,0.117928,-0.0390716,0.0208333,-0.683199,0.0201753,-0.00315874,0.6835041287142878,0.0231955,0.00243425,0.00835166,0.024773110787063058,0.7067109902877644,0.00024145535,0.8412110317869114
37140,0.265682,-0.03919,0.0208333,-0.100732,0.00378252,0.036324,0.10714791765382285,-0.309153,0.0155791,-0.0960167,0.3240948818551444,0.24716903814431615,0.05067514000000001,0.5986042098081169
37164,0.277747,-0.0392131,0.0208333,-0.138109,-0.000401963,0.0572171,0.14949265529671807,-0.248555,-0.0114697,-0.282144,0.37618662759206367,0.3570528951171117,0.053980105,0.45670012042914987
37188,0.238796,-0.0390885,0.0208333,0.133109,0.0154407,0.00657887,0.13416297040527575,-0.305931,0.0191557,0.14789,0.34034125477745125,0.4612361198853326,0.038084285,0.5269544572351581
37212,0.23576,-0.0391019,0.0208333,0.209963,0.0164932,0.00374717,0.21064313019476544,-0.273729,0.0119931,0.16311,0.31886716981936225,0.5092884382642305,0.029513255000000002,0.5661201285946297
37236,0.234288,-0.0391453,0.0208333,0.24238,0.0155084,0.00280806,0.242891869093067,-0.26586,0.0159651,0.170667,0.3163283877665898,0.5352426831940944,0.0263517015,0.5953696330851952
37260,0.161304,-0.0391015,0.0208333,-0.218557,-0.0151048,-0.00234123,0.21909084551836688,-0.223607,0.0185663,0.0510061,0.23010089131052927,0.06328651588876497,0.00699934065,0.866324419602726
37284,0.12096,-0.0390896,0.0208333,-0.737862,0.0140965,-0.00322153,0.7380036724920758,0.0211679,0.0020861,0.0278589,0.03505067920640055,0.7597609044503112,0.00010383779999999999,2.1617284750865453
37308,0.158235,-0.0391433,0.0208333,-0.28917,-0.0143489,-0.0043846,0.2895589828486935,-0.193496,0.015908,0.0541923,0.20157026531532374,0.11619056539676531,0.0074523425,0.7731545770413573
37332,0.207469,-0.0391583,0.0208333,0.485793,0.00483045,-0.0021523,0.48582178264410136,-0.256486,0.00185269,-0.111789,0.2797950699659236,0.750338048403856,0.018221665,0.6435596320466348
37356,0.208957,-0.0391473,0.0208333,0.480759,0.0050349,-0.00211152,0.48079000074431705,-0.237634,0.00372523,-0.114891,0.26397677393201263,0.7271928415445104,0.01780232,0.6321526714330962
37380,0.22535,-0.0391028,0.0208333,0.374741,0.0104682,-0.000309232,0.37488731095713257,-0.174919,0.0198449,0.104739,0.20484319548867128,0.5596866705123643,0.02666812,0.7971894379631481
37404,0.19403,-0.0391383,0.0208333,0.460526,0.00232799,-0.00318178,0.46054287524334636,-0.330937,0.00422133,-0.134848,0.3573808902277357,0.8023423574724471,0.0120441685,0.9183354506932638
37428,0.283583,-0.0391534,0.0208333,-0.153524,-0.00141993,0.0575594,0.16396560403195817,-0.241282,0.00862219,-0.211533,0.3209946351162214,0.28321905034064077,0.09595663,0.4880860579856794
37452,0.210458,-0.0392157,0.0208333,0.47208,0.0059808,-0.00205189,0.47212234285321864,-0.211881,0.0055859,-0.110107,0.23884788441351118,0.6924440138120354,0.016559915,0.612643452588861
37476,0.216459,-0.0391145,0.0208333,0.448413,0.00720874,-0.0014833,0.4484733935032017,-0.171304,0.0228099,-0.097592,0.19846800855052182,0.6273192476706224,0.0241193,0.5219904213680554
37500,0.220917,-0.0390757,0.0208333,0.414777,0.00638224,-0.00101642,0.4148273445977664,-0.155253,0.0132573,-0.00255232,0.1558389051221562,0.5700735271338371,0.03166915,0.6673941863696446
37524,0.205931,-0.0391349,0.0208333,0.491698,0.00487694,-0.00222853,0.49172723546060015,-0.276904,0.00156676,-0.112215,0.29878166974882775,0.7764386745124777,0.01863247,0.6426678769006585
37548,0.226894,-0.0391576,0.0208333,0.349324,0.009965,-6.73731e-07,0.3494661045100854,-0.191036,0.0204638,0.133086,0.23372078170851646,0.5566068784395516,0.023739245,0.7139663857633635
37572,0.267175,-0.0391502,0.0208333,-0.110232,0.00334413,0.039987,0.11730829978504034,-0.285,0.018339,-0.0811528,0.2968957660001907,0.2131749307361372,0.05360083,0.5569775578961867
37596,0.282033,-0.0391863,0.0208333,-0.149405,-0.000392727,0.0603787,0.1611446420865011,-0.240122,0.00429384,-0.25168,0.34787905131804875,0.3250110309588515,0.079297075,0.46877926575308343
37620,0.132837,-0.0391631,0.0208333,-0.778218,0.003231,-0.00580423,0.7782463517234712,-0.0418565,-0.000687986,0.0340864,0.05398446611708035,0.7374516116297496,0.0003326961,0.8538998770347728
37644,0.296966,-0.039106,0.0208333,-0.0650801,-0.0152349,0.0116179,0.06784170689502145,-0.252565,-0.0538999,-0.113149,0.2819520786339586,0.22850021726164726,0.09541176500000001,0.16660162064037673
37668,0.261228,-0.0391952,0.0208333,-0.0721076,0.00449257,0.0261279,0.07682679429323404,-0.327824,0.0252809,-0.147374,0.36031485503210936,0.30971913275863167,0.05545634499999999,0.6306528363529336
37692,0.14779,-0.0391351,0.0208333,-0.574563,-0.007499,-0.00888852,0.5746806780793926,-0.0910892,0.0104754,-0.00518888,0.09183627190524667,0.4838219524555802,0.0016272485,1.2574617290398942
37716,0.228351,-0.0391471,0.0208333,0.328239,0.00865608,0.000386719,0.3283533438135683,-0.207694,0.0224473,0.15321,0.259063665945825,0.5574668900066563,0.022436545000000002,0.7047588239958404
37740,0.153717,-0.0390731,0.0208333,-0.410449,-0.0149199,-0.00775248,0.41079323991901373,-0.143887,0.0151721,0.0285981,0.14748394051902736,0.27070683954111024,0.005159755,0.6211972311593155
37764,0.159735,-0.0391461,0.0208333,-0.255074,-0.0120262,-0.00316672,0.2553769822791365,-0.207008,0.0157238,0.0540415,0.21452280455161404,0.0797068584976751,0.0072952115,0.8379540560197797
37788,0.116412,-0.0390818,0.0208333,-0.652768,0.0228144,-0.00321793,0.6531744895086189,0.0211413,-0.00172986,0.00396944,0.021580163002702272,0.674394412501286,0.00026399305000000004,1.25114747332199
37812,0.286551,-0.0391745,0.0208333,-0.155964,-0.00249302,0.052311,0.16452180756884602,-0.256294,0.00287553,-0.169054,0.3070409386788363,0.24309955461518745,0.12484772499999999,0.4932474024260037
37836,0.152224,-0.0391462,0.0208333,-0.45496,-0.0130796,-0.00832905,0.45522417621438177,-0.121627,0.0119844,0.019113,0.12370149449929858,0.33539850788756126,0.004077093,0.6663302484504212
37860,0.119431,-0.0391413,0.0208333,-0.712793,0.0153734,-0.00326116,0.7129662246145364,0.0211727,0.00290264,0.017471,0.027603340110566327,0.7343643449199677,0.0001312321,1.2680220818266534
37884,0.276195,-0.0391349,0.0208333,-0.135944,-0.00155465,0.0564126,0.1471922875404228,-0.269512,-0.013075,-0.283442,0.39134005817575074,0.3653413174406674,0.047085865,0.42544799917263687
37908,0.249271,-0.0391704,0.0208333,-0.0275294,-0.00174095,0.0190939,0.03354811154852833,-0.115266,-0.0121055,0.118218,0.1655544907583301,0.13278072931367904,0.053277405,0.6939740629158989
37932,0.292549,-0.0391664,0.0208333,-0.133435,-0.00703915,0.0308355,0.13713233359777882,-0.251797,-0.00297508,-0.155925,0.29618100198190705,0.2211460243124775,0.112424355,0.30390574196615633
37956,0.107454,-0.0391802,0.0208333,-0.327244,0.0309798,-0.00172901,0.32871168677067153,0.0128097,0.00500364,0.00583393,0.014938526252093947,0.3411282425034303,9.964411e-05,1.8666065466509005
37980,0.295458,-0.0391278,0.0208333,-0.0954827,-0.013235,0.0106385,0.09698086876564883,-0.279429,-0.0176231,-0.120953,0.30499306205815563,0.22621189088452,0.096864495,0.4318228803572131
38004,0.2225,0.0257444,0.0208333,-0.297907,0.0805567,0.000977028,0.30860803156690975,0.0224712,-0.00727092,-0.0131797,0.02704672991650562,0.3325000673951366,0.0057674565,0.0010331021246711284
38028,0.124577,-0.0327669,0.0208333,-0.479628,0.0191037,0.00373008,0.4800227944946952,-0.0379938,0.0396889,0.0258861,0.06073572091331427,0.44266850609787045,0.00103419,0.33791271062213685
38052,0.15898,-0.0379827,0.0208333,-0.207988,-0.0343573,-0.00600956,0.21089226400862504,-0.276405,0.0484099,0.0450031,0.2841980321054669,0.11888476254388364,0.0090667005,0.5113638626262126
38076,0.12013,-0.0378028,0.0208333,-0.729216,0.0377403,-0.00177582,0.730194123803227,0.0122218,0.0144511,0.026856,0.03285500604854609,0.7423558305974247,0.00106163165,0.9653662517407577
38100,0.181916,-0.0295778,0.0208333,0.715602,-0.118705,0.000573507,0.7253808850109568,-0.208669,0.125484,-0.0330898,0.24573139946095615,0.9565763782365609,0.01236278,0.18115463008159632
38124,0.231685,-0.0375409,0.0208333,0.411403,0.0377971,0.00146181,0.41313821666106626,-0.164285,0.0561456,0.182444,0.25184857109056624,0.6037448914015306,0.03226983,0.27565721467068477
38148,0.245107,-0.0391249,0.0208333,-0.0277607,-0.00294424,0.0149367,0.03166117528705465,-0.231931,-0.0392294,0.0949418,0.2536629258930047,0.22226772204781692,0.04806608,0.5257461364575112
38172,0.193079,0.0362932,0.0208333,-0.556122,-0.0239809,-0.000952862,0.5566396234502186,-0.101085,0.0339996,0.0189816,0.1083256717667608,0.4591489872846062,0.0054885335,0.0031672859043667023
38196,0.218669,-0.036853,0.0208333,0.588759,0.0261323,-0.000324398,0.589338750141506,-0.124933,0.0797668,-0.0281191,0.1508697473188379,0.7162440058482297,0.031503175,0.49168180767646874
38220,0.291265,-0.0317538,0.0208333,-0.127067,-0.0639961,-0.0452404,0.1492923879384679,0.106148,-0.0819794,-0.0180359,0.13532669218291712,0.23548401245974218,0.06170555,0.08140896756500478
38244,0.289366,-0.0054361,0.0208333,-0.111974,0.113489,0.0353933,0.16331140646595999,0.309654,0.390943,0.0796861,0.5050464369720966,0.5066682786911373,0.0899792,0.02616751803285898
38268,0.158394,-0.0322501,0.0208333,0.160137,-0.189606,-0.00140325,0.2481859446374079,-0.247156,0.139111,-0.0363061,0.2859302214775661,0.5245575877595543,0.00740466,0.42158391809935064
38292,0.103917,-0.0287579,0.0208333,-0.110741,0.426604,0.00143907,0.44074551934133704,-0.00090383,0.0336514,-0.0187264,0.03852157431347919,0.4085126631338248,0.00035999425,0.16467452747768854
38316,0.248872,-0.0361535,0.0208333,-0.0240391,0.0214358,0.0215031,0.03872667246304542,-0.047691,-0.045659,0.102075,0.12156677748052713,0.10748467625787408,0.0676069,0.4157246685006797
38340,0.225677,-0.0324522,0.0208333,0.662726,0.0786036,0.00087865,0.6673717472554428,0.0886859,0.0693368,-0.15782,0.19385544380555836,0.5956451724828067,0.055575349999999996,0.23158907573545
38364,0.120929,-0.0381931,0.0208333,-0.737013,0.0337746,-0.00178198,0.7377886290983892,0.013123,0.0102791,0.0356615,0.03936515728483756,0.7514373368490286,0.0006114043,1.777993250830835
38388,0.111948,0.00441789,0.0208333,1.2037,-0.0748774,0.000525185,1.2060267786620844,1.30514,-0.0299869,0.00183355,1.3054857317018873,0.1109366594468358,6.952051250000001e-05,0.0
38412,0.221862,-0.0300647,0.0208333,0.734241,0.0776257,0.000784357,0.7383334007055306,0.150508,0.0830995,-0.229174,0.286494166153955,0.6274193364326441,0.057451699999999994,0.2521630424943354
38436,0.154448,-0.0299873,0.0208333,0.200046,-0.262257,0.000400001,0.32984435142321294,-0.201541,0.139563,-0.0353448,0.24768096522954686,0.569217991429935,0.006330525,0.4383183774381357
38460,0.22258,-0.0274092,0.0208333,0.763281,0.101274,0.000710531,0.7699706571625323,0.248957,0.0217566,-0.154887,0.2940117689167561,0.5431968202521587,0.0733591,0.09265516715218855
38484,0.106432,-0.0372802,0.0208333,-0.306222,0.123204,-0.000730482,0.3300782823876062,0.0125055,0.0161335,-0.0180416,0.027242919870307587,0.3366763817568882,0.000204082235,0.4849948453334324
38508,0.155202,-0.0271091,0.0208333,0.499537,-0.353738,-1.50689e-05,0.6121011250112777,-0.227448,0.0863117,-0.00888742,0.24343641571290522,0.8498409541256127,0.006391269999999999,0.2142360847289737
38532,0.155331,-0.038285,0.0208333,-0.322507,-0.035319,-0.00856019,0.3245481068544941,-0.22402,0.0402041,0.0411628,0.23129138799499216,0.13370042459599782,0.008094621,0.6636203734063625
38556,0.295412,-0.0382824,0.0208333,-0.10546,-0.0295007,-0.0393783,0.11637333634205045,-0.12386,-0.0174517,-0.0761003,0.1464141970335527,0.042804715686475474,0.0953563,0.32198913025131765
38580,0.150746,-0.0391478,0.0208333,-0.498144,-0.0098289,-0.00870009,0.49831691078792223,-0.111453,0.0103072,0.00961351,0.11234068343819215,0.3876477524108324,0.003073423,0.7629482289120278
38604,0.149254,-0.0391478,0.0208333,-0.536961,-0.0106707,-0.00886196,0.5371401248226869,-0.101802,0.0108996,0.000807271,0.10238701172818475,0.43580055891568265,0.0021587999999999998,0.9306959761382876
38628,0.133636,-0.0371362,0.0208333,-0.715263,-0.00832058,-0.0010429,0.7153121548393724,-0.0922943,0.0121887,0.0349075,0.09942502590610675,0.6243421041432079,0.0014530769999999999,0.7438279370929812
38652,0.123837,-0.0304558,0.0208333,-0.29622,0.0108714,0.00392948,0.29644546977653474,-0.0275195,0.0388486,0.0222391,0.05254630501776504,0.2707728284090455,0.0006646575,0.30295527722751425
38676,0.0146825,0.00834928,0.0208333,1.15687,-0.000799029,-0.000148293,1.156870285441785,0.87764,-0.00488512,-0.000214565,0.8776536219007779,0.2792599030144469,1.333800505e-09,4.7030734631727794e-05
38700,0.0735294,0.00830191,0.0208333,1.15731,-0.000845558,-0.000195988,1.1573103254873465,0.874413,-0.000638797,-0.000421462,0.8744133349056523,0.282897165411101,5.365007000000001e-09,0.0
38724,0.355882,0.0383019,0.0208333,1.49652,0.00706677,0.00438971,1.4965431230646569,1.29785,0.00336464,-0.00285313,1.2978574974368822,0.19883644886640514,0.03511766,0.012854610067987281
38748,0.302906,0.0382235,0.0208333,1.25273,0.136284,0.0107601,1.2601672751297779,0.922562,0.146447,-0.0659559,0.9364387584876066,0.33911582011017993,0.038305605,0.013136247561613629
38772,0.385274,0.0216654,0.0208333,0.633516,-0.00946458,0.000712962,0.6335870964953357,0.646615,-0.0230775,-0.0678222,0.6505715794930562,0.0710912359035391,0.064000195,0.007559801584697842
38796,0.314706,0.0383019,0.0208333,1.51923,0.0571072,0.00975535,1.5203342369510275,1.39817,0.10438,-0.048803,1.4029099280099915,0.142545857795176,0.039875549999999996,0.012933560994559851
38820,0.285333,0.0383184,0.0208333,0.520383,0.0961518,0.00276664,0.5291987241378513,0.229431,0.0101616,-0.0542269,0.23597118162854122,0.30869992614474595,0.01694499,0.015911128181244724
38844,0.25614,0.0384024,0.0208333,-0.181849,0.0349872,-0.00120098,0.1851880269288498,-0.219157,-0.0194564,-0.0536171,0.22645780084238654,0.08428192024873661,0.00706216,0.017319266728126802
38868,0.138231,0.0382152,0.0208333,-0.337259,-0.0114577,-0.00282363,0.3374653831975465,-0.00315804,0.0034039,-0.00233627,0.005197875466428568,0.3344316913022018,8.403182999999999e-05,3.578505274552491e-05
38892,0.185166,0.0381666,0.0208333,-0.507666,-0.0212119,-0.00102505,0.5081099910305961,-0.0691589,0.0263341,-0.00264908,0.07405036054514792,0.4410801926405796,0.0015869230000000003,0.002134513996206162
38916,0.14993,0.0383062,0.0208333,-0.351428,-0.0138925,-0.00263144,0.35171233304608984,0.0320878,-0.0034089,0.0271452,0.042167634402347026,0.3848128415324645,0.00044217825,0.0
38940,0.0676471,-0.00830191,0.0208333,1.15773,0.000625666,-0.000200448,1.15773018641536,0.873433,0.000606413,-0.000380303,0.8734332933064198,0.2842970575428085,1.4381454e-09,0.0
38964,0.367646,0.0216784,0.0208333,0.563575,-0.018959,0.00249717,0.563899335133505,0.458227,-0.049371,-0.0244419,0.46152669006852676,0.11291060331281962,0.093380895,0.007365874014670628
38988,0.00873729,0.00858974,0.0208333,1.15676,-0.000884694,-0.000114063,1.1567603439320702,0.869308,-0.0114477,-0.000158627,0.869383387155411,0.2876460175036431,1.9430170389999997e-09,3.05175850944992e-05
39012,0.0676471,0.00830191,0.0208333,1.1573,-0.000765798,-0.000201954,1.1573002709893379,0.874161,-0.000616,-0.000378044,0.8741612987854506,0.28313909438318285,1.97460375e-09,4.82525646986769e-05
39036,0.0969778,0.00830061,0.0208333,1.13267,-0.00769574,6.94236e-06,1.1326961434393357,0.911736,-0.00995721,1.41777e-05,0.9117903706049935,0.22094557396542497,2.7213071e-06,3.23688121499693e-05
39060,0.361756,0.0383174,0.0208333,1.48326,0.00580931,0.00392226,1.483276562144155,1.26333,0.000606617,0.000947765,1.2633305011526794,0.22001163727166173,0.036713319999999994,0.012912823084050985
39084,0.0617647,-0.00830191,0.0208333,1.1573,0.000686039,-0.000203337,1.1573002212025387,0.873069,0.00062739,-0.000349044,0.8730692951942166,0.28423104339820987,7.7654035e-10,1.5258800739245532e-05
39108,0.0794118,-0.00830191,0.0208333,1.1592,0.000302491,-0.000168212,1.159200051671877,0.874653,0.000563676,-0.000496599,0.8746533226085635,0.28454730936107264,1.41010905e-08,3.578505274552491e-05
39132,0.0852941,-0.00830191,0.0208333,1.16061,-0.000101972,-0.000112841,1.160610009965182,0.876561,0.000937218,-0.000596686,0.8765617041217133,0.2840513130102378,7.064044e-08,2.642899922433689e-05
39156,0.0382353,0.00830191,0.0208333,1.15641,-0.000815785,-0.000193336,1.156410303907733,0.872934,-0.000591788,-0.000291421,0.8729342492394465,0.2834761054680327,4.114739e-10,0.0
39180,0.0264706,0.00830191,0.0208333,1.15644,-0.000835827,-0.000179158,1.1564403159283072,0.873125,-0.000620433,-0.000270509,0.8731252623405342,0.2833150966054939,4.5394038500000005e-10,0.0
39204,0.12049,0.0382419,0.0208333,-0.294145,-0.0140299,0.000516137,0.29447985587542785,0.0247938,-0.00743675,-0.0079627,0.027082140984281505,0.3191195989738566,5.313656e-05,0.0
39228,0.108842,0.0384039,0.0208333,-0.175709,-0.01954,0.00603129,0.17689499919461854,-0.0070311,0.000651174,0.00147619,0.007213843060697675,0.16994312693344873,3.8157255e-05,0.0
39252,0.0323529,-0.00830191,0.0208333,1.15635,0.000811523,-0.000187575,1.1563502999757298,0.872337,0.000705636,-0.000283541,0.8723373314759968,0.28401303595174976,5.313386499999999e-10,3.411964243657896e-05
39276,0.0205792,-0.00834158,0.0208333,1.15644,0.000859359,-0.00016759,1.1564403314414016,0.871557,0.00142614,-0.000252043,0.8715582032486262,0.28488357632901745,6.390639100000001e-10,5.6064338041218326e-05
39300,0.308848,0.0216631,0.0208333,-0.203505,-0.0423158,-0.0825988,0.22366822241006878,0.0378413,0.0123138,0.081634,0.09081686854395499,0.29699300044898364,0.13060638000000002,0.0032100623046912966
39324,0.320588,0.0216981,0.0208333,0.137207,-0.0299861,-0.0181978,0.14161951478186188,-0.23465,-0.0533648,0.0586402,0.2476834621751723,0.38043168940913685,0.06037225,0.005441203910900601
39348,0.332353,0.0216981,0.0208333,0.363517,-0.0336618,-0.00129288,0.36507450966471816,-0.161089,-0.0146715,0.0394551,0.1664981193565261,0.526528712041585,0.07181546000000001,0.0038635734754240147
39372,0.344127,0.0216584,0.0208333,0.45341,-0.0242232,0.0032332,0.45406810623570554,0.043492,-0.0111935,0.0181853,0.048451559751364046,0.4103974964598347,0.089479325,0.004787525456851379
39396,0.361756,0.0216584,0.0208333,0.532915,-0.0231777,0.00374697,0.5334319476619964,0.372422,-0.0456652,-0.0121999,0.3754095019242986,0.1628434627734467,0.099667205,0.007087143289083409
39420,0.0852944,0.0083072,0.0208333,1.15492,-0.00175278,-0.000152595,1.154921340145277,0.874344,-0.00114714,-0.000554331,0.8743449282457337,0.2805769412614359,8.069961e-08,2.4126271987192716e-05
39444,0.391263,0.0386059,0.0208333,1.42157,0.00222522,0.00238856,1.421573748253295,1.09607,0.0131658,0.00753597,1.0961749741868227,0.3257244880576903,0.052193885,0.012948397584257289
39468,0.379412,0.0383019,0.0208333,1.44598,0.00311857,0.00261094,1.445985720153048,1.16032,0.00269634,0.00657152,1.1603417416970339,0.28568776675263735,0.04365256,0.012905425215776504
39492,0.367647,0.0383019,0.0208333,1.46982,0.00486943,0.00338226,1.4698319575486283,1.22822,-0.000836072,0.00377182,1.228226076112416,0.24166767369688796,0.038276845,0.012939474487010667
39516,0.35,0.0383019,0.0208333,1.511,0.00858548,0.00506658,1.5110328853799728,1.33124,0.00482608,-0.00841573,1.331275348363215,0.18030408584193555,0.034765175,0.01282290918629622
39540,0.338235,0.0383019,0.0208333,1.53733,0.0137939,0.00647198,1.5374055050969249,1.40275,0.01363,-0.0195312,1.402952175654409,0.13706921110636933,0.033772215,0.01279992187476158
39564,0.308818,0.0383098,0.0208333,1.43611,0.0963039,0.0110925,1.4393781354499797,1.2304,0.168981,-0.061831,1.243487760664334,0.23003565335977816,0.0423583,0.013159369285797856
39588,0.273713,0.0383198,0.0208333,0.175053,0.0645154,0.000756912,0.18656463373837964,-0.0204523,-0.00749543,-0.0730539,0.07623221334439202,0.22103374840389925,0.021414814999999997,0.015302189385836263
39612,0.214626,0.0383436,0.0208333,-0.580395,0.0072463,-0.00109487,0.5804412663043582,-0.155105,-0.001323,-0.0505529,0.16314075840331868,0.42824188694471604,0.0009104595000000001,0.004224026515068294
39636,0.20304,0.0384524,0.0208333,-0.59522,-0.00498966,-0.00112181,0.5952419706006892,-0.10598,-0.0102426,-0.00992795,0.10693566031012527,0.48934744209032416,0.002894133,0.003530906399212531
39660,0.0441176,-0.00830191,0.0208333,1.15651,0.000785329,-0.000198059,1.1565102835984666,0.872301,0.000662233,-0.00030127,0.8723013034021898,0.2842090453981641,4.819119e-10,5.709316946886028e-05
39684,0.238235,0.0383019,0.0208333,-0.416218,0.0195245,-0.0019586,0.41668029199640577,-0.215803,-0.0217946,-0.0483492,0.22222417631481953,0.20982261083632048,0.002624428,0.00659503601203208
39708,0.0558824,0.00830191,0.0208333,1.1569,-0.000750763,-0.000203237,1.1569002614531472,0.873614,-0.000644309,-0.000326704,0.8736142986842598,0.28328604690763404,5.848978500000001e-10,4.315842907243033e-05
39732,0.220686,0.0382215,0.0208333,-0.553743,0.0123762,-0.0011553,0.5538824921348661,-0.133195,-0.000567183,-0.0451302,0.14063415187498196,0.42303893827577466,0.0033069045,0.0057572389215664824
39756,0.320588,0.0383019,0.0208333,1.54815,0.0349124,0.00891202,1.548569250073835,1.45604,0.0617228,-0.0386007,1.4578587721999448,0.1070537631751373,0.03695605,0.012832225060370473
39780,0.167627,0.0382869,0.0208333,-0.410411,-0.0202507,-0.00167579,0.4109137233576096,-0.0144693,0.00379554,0.00303944,0.015264500053889744,0.3966992372704799,0.0003523445,0.0
39804,0.13221,0.0383963,0.0208333,-0.333383,-0.0103849,-0.00243359,0.33355358369727955,0.0231689,-0.00507182,-0.00838148,0.02515492978151201,0.3566410851376331,0.0001765777,4.0370905365126505e-05
39828,0.373529,0.0216981,0.0208333,0.591438,-0.0139883,0.00142597,0.5916051164174723,0.531218,-0.044657,-0.0420042,0.5347440172555836,0.08033179461408108,0.08293569499999999,0.007520983978177323
39852,0.326471,0.0383019,0.0208333,1.55307,0.0232979,0.00812805,1.5532660049847264,1.45903,0.0355537,-0.0310871,1.459794168460095,0.1026233610011019,0.034655899999999996,0.012812181703363405
39876,0.126365,0.0384274,0.0208333,-0.321239,-0.0110902,-0.00132951,0.32143312718803596,0.0359291,-0.00012328,-0.00322253,0.03607353773016032,0.3573414452825432,1.1859619499999999e-05,0.0
39900,0.114706,0.0383019,0.0208333,-0.249776,-0.0157901,0.0028265,0.25029056421739115,0.0183971,0.00125506,-0.00865815,0.020371353058550135,0.2689595624413791,1.884533e-05,0.0
39924,0.0382353,-0.00830191,0.0208333,1.15639,0.000810677,-0.000193562,1.1563903003585971,0.872193,0.000689257,-0.000292311,0.8721933213284385,0.2841970430936631,4.939866e-10,0.0
39948,0.05,-0.00830191,0.0208333,1.1567,0.000757115,-0.000201293,1.156700265298662,0.872511,0.000658914,-0.000312413,0.8725113047350974,0.28418903869095796,4.93654e-10,0.0
39972,0.314707,0.0216911,0.0208333,-0.203592,-0.0489897,-0.0283621,0.2113151719269111,-0.124072,0.0379065,-0.0597871,0.14284698545177635,0.12190943605578693,0.08900995,0.0052277815562626565
39996,0.279526,0.0383345,0.0208333,0.329697,0.0750917,0.0018412,0.33814533152969894,0.102305,0.00521091,-0.0651656,0.12140849241872703,0.24714440661537157,0.019494395,0.016599698792448013
40020,0.338236,0.0216784,0.0208333,0.416294,-0.0282743,0.00139864,0.41725542137920696,-0.0536478,-0.00291208,0.00604523,0.05406580675916434,0.47064862518570744,0.08123731000000001,0.004069864862621362
40044,0.0323529,0.00830191,0.0208333,1.15637,-0.00083883,-0.000187312,1.1563703194139645,0.872835,-0.000595717,-0.000282535,0.8728352490188342,0.28353512021679156,4.352227e-10,0.0
40068,0.0441176,0.00830191,0.0208333,1.15651,-0.00079082,-0.000197879,1.1565102873093567,0.873136,-0.000639954,-0.00030044,0.8731362862127056,0.2833740587197576,4.1551715e-10,2.4126271987192716e-05
40092,0.332353,0.0383019,0.0208333,1.54752,0.0173554,0.0073116,1.547634588591157,1.43606,0.0215493,-0.0253811,1.4364459252501292,0.11623137713414577,0.033678700000000006,0.01280921543264848
40116,0.373529,0.0383019,0.0208333,1.45792,0.00417452,0.00296591,1.457928993346164,1.19266,-8.98003e-05,0.00565923,1.1926734299665969,0.2653079456032997,0.040973695000000004,0.012957816174031796
40140,0.0264695,-0.0083216,0.0208333,1.15629,0.00081811,-0.000179372,1.1562903033314282,0.870999,0.000522825,-0.000271701,0.8709991992926366,0.28529116775476154,5.58656055e-10,1.0789578305012667e-05
40164,0.0911785,0.00831453,0.0208333,1.1493,-0.00364722,-9.53784e-05,1.1493057910368187,0.876202,-0.00212027,-0.000569277,0.8762047502868126,0.2731026798846645,4.2350732e-07,0.0
40188,0.0558824,-0.00830191,0.0208333,1.15696,0.000725611,-0.0002032,1.1569602453851053,0.872766,0.000643889,-0.000327588,0.8727662989958664,0.28419403897136863,5.616054000000001e-10,0.0
40212,0.0794118,0.00830759,0.0208333,1.15675,-0.00109918,-0.000182005,1.156750536555956,0.873867,-0.000797678,-0.000481626,0.8738674967881547,0.2828833193477474,1.8864179e-08,4.0370905365126505e-05
40236,0.344127,0.0383174,0.0208333,1.52555,0.0109239,0.00584632,1.525600312515946,1.36608,0.00894739,-0.0141135,1.366182203467042,0.16072641944065233,0.03490936,0.012817722106521112
40260,0.326471,0.0216981,0.0208333,0.276389,-0.0434416,-0.00521225,0.27983069789003223,-0.212876,-0.0250721,0.0773914,0.22789082993479576,0.4965289938649832,0.07011624,0.0043415435043311495
40284,0.0735294,-0.00830191,0.0208333,1.15832,0.000516698,-0.000191347,1.1583201310477589,0.873919,0.000568301,-0.000426907,0.8739192890516911,0.28440110223482473,3.778018e-09,0.0
40308,0.0617647,0.00830191,0.0208333,1.15712,-0.000745554,-0.00020376,1.157120258127436,0.873885,-0.000632438,-0.000347831,0.873885298073625,0.2832350592294013,9.447552499999999e-10,0.0
40332,0.379412,0.0216981,0.0208333,0.613627,-0.00926704,0.000773607,0.6136974593618195,0.59281,-0.0357852,-0.0577231,0.5966877180843008,0.06751610940086412,0.071766865,0.007574787125721752
40356,0.0205753,0.00832534,0.0208333,1.15649,-0.00083542,-0.000167343,1.1564903138505984,0.87286,-0.00152701,-0.000251755,0.8728613720059561,0.2836308557299679,5.482355950000001e-10,0.0
40380,0.05,0.00830191,0.0208333,1.15668,-0.000767787,-0.000201181,1.1566802723184448,0.873358,-0.000646832,-0.000311621,0.8733582951247922,0.28332204734384087,4.5594825e-10,0.0
40404,0.385308,0.0383735,0.0208333,1.43357,0.00176395,0.00240538,1.4335731032188581,1.13232,0.0058947,0.00548406,1.132348623349794,0.3012940488395098,0.048008060000000005,0.012910499603036283
40428,0.277698,-0.034177,0.0208333,-0.142044,-0.0263941,0.00866596,0.14473508667054993,0.18979,0.0247488,-0.0931733,0.21287087878413524,0.35085700029179634,0.07362455000000001,0.17427248778852042
40452,0.11276,0.0166327,0.0208333,-0.136995,-0.142107,0.000803969,0.19738965484582258,-0.124462,-0.0157863,0.0164148,0.1265284251491735,0.12789719849160328,0.0004185641,5.0607706922957894e-05
40476,0.145946,0.0345383,0.0208333,-0.333959,-0.0254126,-0.00259137,0.3349345146715055,0.036779,-0.0223763,0.0383766,0.05767284517214319,0.37300704862992995,6.393066499999999e-05,5.6064338041218326e-05
40500,0.161684,0.0320849,0.0208333,-0.349379,-0.0470831,-0.00187923,0.35254224633652476,-0.0183098,-0.00783381,0.0269799,0.03353404775994243,0.3346343845729261,0.0013455239999999999,3.23688121499693e-05
40524,0.28662,-0.0318618,0.0208333,-0.136427,-0.0463329,-0.0213485,0.14565308923486656,0.19021,0.0270423,-0.0397105,0.1961837248589699,0.335280200411596,0.042710450000000004,0.13696605418862004
40548,0.0911853,-0.00830415,0.0208333,1.16247,-0.000932858,1.46873e-05,1.162470374392296,0.883417,0.00207083,-0.000723233,0.8834197231734535,0.27907014078358583,4.99550465e-07,0.0
40572,0.275913,-0.0345458,0.0208333,-0.141931,-0.0233065,0.0128231,0.14440233238026318,0.156366,0.0196131,-0.0706216,0.17269166173897918,0.3127078672359396,0.0926346,0.19923328035245516
40596,0.131903,-0.035131,0.0208333,-0.614341,-0.0223332,0.00167375,0.6147490850276254,-0.0898889,0.0283963,0.0224985,0.09691515206173902,0.5273112530348869,0.0014926565,0.5740949398836398
40620,0.283586,-0.0383084,0.0208333,-0.180911,-0.00578765,0.0321555,0.18383759951047146,-0.176636,0.0243887,-0.147866,0.23164507147722785,0.18258320893930116,0.07590285,0.42703863993788665
40644,0.244864,-0.0186877,0.0208333,0.639018,0.28236,0.00181592,0.6986232686430122,0.918497,-0.0704416,0.044947,0.9222900795457794,0.45214795196431706,0.0338783,0.01623991995054163
40668,0.262714,-0.0391569,0.0208333,-0.0820528,0.00400373,0.0293209,0.08722618310211046,-0.341589,0.0240834,-0.143941,0.37145937403376966,0.3127010045544448,0.044153424999999996,0.5773447843360153
40692,0.264178,-0.0391855,0.0208333,-0.0906595,0.00375662,0.0324986,0.09638161721010081,-0.331567,0.0208283,-0.128711,0.3562822127062899,0.29037286537559326,0.04521107,0.5823031856344253
40716,0.187681,-0.0151403,0.0208333,0.812537,-0.123882,0.000170971,0.8219264903408837,0.908907,-0.117174,0.0497154,0.9177762809760122,0.1085671433212464,0.018786355,0.016337258031873036
40740,0.15,-0.0395787,0.0208333,-0.514614,-0.00909346,-0.00878578,0.5147693172101266,-0.0654401,0.00422238,0.005603,0.06581511065002019,0.4496015358359044,0.0012363503,0.8260012106528658
40764,0.123426,-0.01093,0.0208333,1.0193,-0.20813,0.000329252,1.0403320120552282,0.737734,-0.0260811,-0.00785993,0.7382367215418202,0.33539272062619246,0.00048113845,0.01422817627104753
40788,0.18987,-0.0274089,0.0208333,0.811995,-0.0835646,0.000657027,0.816283868566958,-0.261321,0.159815,0.0272647,0.30752701203648763,1.1008854771567456,0.015319389999999999,0.15978798452950085
40812,0.27415,-0.0349072,0.0208333,-0.141744,-0.0193711,0.0165172,0.14401187085462783,0.122657,0.0202871,-0.0351289,0.12919112078862077,0.27230126932030635,0.10167300000000001,0.20266499451064557
40836,0.203191,-0.0385155,0.0208333,0.552365,0.000853452,-0.00176106,0.5523684666394706,-0.277241,0.00566165,-0.141172,0.31116580780304653,0.8412518316150586,0.021679165,0.5169516418389635
40860,0.108866,0.00423703,0.0208333,1.19523,-0.0662353,0.000441016,1.1970639341159695,1.28024,-0.0282965,0.0010628,1.2805531145001718,0.09309371225159442,4.25001105e-05,3.411964243657896e-05
40884,0.131095,-0.0318536,0.0208333,-0.365391,-0.0635492,0.00417012,0.37089954651152435,-0.0758339,0.0376578,0.0101329,0.08527347742680604,0.3067926429279855,0.0017590255000000002,0.37128560435330643
40908,0.0911792,0.0016449,0.0208333,1.19771,-0.00800205,-8.81129e-05,1.197736734290172,1.30313,-0.00451832,-0.000886895,1.3031381349259805,0.10548057085338584,5.905621000000001e-07,0.0
40932,0.263164,-0.0171135,0.0208333,0.433605,0.321664,0.00708106,0.5399362613602865,0.673996,0.149538,0.068346,0.6937603312210926,0.3019413612445364,0.0840539,0.05255920471240028
40956,0.225838,-0.0264252,0.0208333,0.749425,0.123271,0.00077941,0.7594960023238755,0.295347,-0.0376161,-0.168476,0.34209499260323883,0.5106063873911861,0.073981,0.0909481170778153
40980,0.100585,-0.0333191,0.0208333,-0.0528473,0.24919,0.0112997,0.25498269830986575,-0.0047395,-0.0048495,-0.0206436,0.021728753564344182,0.26052025333163636,0.0001145257,0.13679144710105234
41004,0.158521,-0.0261001,0.0208333,0.542481,-0.328206,-0.000132096,0.6340385092771205,-0.269895,0.0430937,0.0304376,0.2750033190680614,0.8937296788792585,0.00723124,0.14415096253580828
41028,0.110999,-0.0371129,0.0208333,-0.499986,0.118303,-0.00195658,0.5137951227973037,0.0125095,0.0111018,0.030283,0.034594763223499594,0.5245789981692618,0.00015719494999999998,0.5273575637079647
41052,0.159989,-0.0125909,0.0208333,0.898449,-0.375342,0.000830591,0.973700627732369,0.846543,-0.104407,0.00632626,0.852980594189333,0.27591703361474,0.0037824395000000005,0.02536643451492543
41076,0.201807,0.0270278,0.0208333,-0.398096,-0.0213698,0.000703553,0.3986697738164555,0.0412242,0.0830722,0.01406,0.09379823387718982,0.45176184452486,0.004035409,3.737619563304965e-05
41100,0.0112374,0.00362266,0.0208333,1.1634,-0.00107631,-0.000129031,1.1634005050249097,1.23291,-0.0164871,-0.00024557,1.2330202564723074,0.0711979362746043,1.5605755239999999e-09,4.82525646986769e-05
41124,0.352941,0.0332161,0.0208333,1.42346,0.00383647,-0.00226781,1.423466976457219,1.65403,-0.0245618,0.0270176,1.6544329764692796,0.23415085282326217,0.06678657,0.011194194924156003
41148,0.121161,-0.0296032,0.0208333,-0.235235,0.0553589,0.00245737,0.24167364709774813,-0.0239666,0.034912,0.0165465,0.0454646271491365,0.2127226272457326,0.000740861,0.33845088269939555
41172,0.115784,-0.0345018,0.0208333,-0.526172,0.131815,0.0005548,0.5424320009107501,-0.0135873,0.0278346,-0.0071211,0.03178190906254689,0.5230811769687952,0.0009296235,0.2758871145958071
41196,0.100757,-0.0284878,0.0208333,-0.0442577,0.431874,0.00825601,0.4342142991500972,-0.00166324,0.0153319,-0.0160389,0.022250389617208953,0.4194184685335276,0.00025951835,0.13029428229972334
41220,0.394352,0.0249982,0.0208333,0.984262,-0.0366087,-0.000855454,0.9849429492926157,1.17945,-0.0265636,-0.0408557,1.1804563166705704,0.19949756654673903,0.11238245,0.006981339413035296
41244,0.263433,-0.0395766,0.0208333,-0.0819195,0.00304781,0.0295323,0.08713352035431658,-0.242237,0.00812995,-0.0971165,0.26110625198997534,0.20437085774314695,0.022085204999999997,0.7405032072854242
41268,0.194126,-0.0114093,0.0208333,0.726756,-0.0581491,-0.000274419,0.7290786491679738,1.21334,-0.174288,0.0197543,1.2259528926155727,0.5006529563819543,0.0061720865,0.0030905355522951035
41292,0.186796,-0.0261556,0.0208333,0.815887,-0.112434,0.000580472,0.8235978011582734,-0.265528,0.136474,0.0596229,0.3044423782334023,1.1112603668776888,0.01571636,0.13975478524902107
41316,0.283769,-0.0336724,0.0208333,-0.142483,-0.0323047,-0.00586166,0.14621681842060988,0.129398,0.0526977,-0.0908812,0.1666741806721425,0.2972759801069902,0.04308235,0.1717346790837541
41340,0.108149,-0.00717769,0.0208333,1.12084,-0.0542015,0.00137236,1.1221506100226561,1.08717,-0.0270058,-0.00174439,1.0875067655100412,0.043393422647361034,8.403080000000001e-05,0.002668673827952753
41364,0.0882441,-0.00660606,0.0208333,1.16369,-0.000574857,-6.28909e-05,1.1636901436876723,1.31569,-0.00115774,-0.000990829,1.3156908824659441,0.15200395002008718,5.570525e-07,0.0
41388,0.195522,-0.0391527,0.0208333,0.462849,0.00291093,-0.00315011,0.4628688729083832,-0.323964,0.0072195,-0.135317,0.3511630461270804,0.7978479476421036,0.012299698,0.9035867418239381
41412,0.196996,-0.0391836,0.0208333,0.465578,0.00243823,-0.00310957,0.4655947685220677,-0.317658,0.00938167,-0.1315,0.3439285837146847,0.7937196895445007,0.0125206005,0.9407560789067483
41436,0.111703,-0.0343857,0.0208333,-0.454766,0.194052,-0.000535099,0.4944376399415196,-0.000897778,0.0285841,0.00991369,0.03026777209448003,0.48320302778792457,0.000474115,0.15087875927379574
41460,0.294113,0.0369125,0.0208333,0.88164,0.153776,0.00538894,0.8949665851026638,0.828983,0.114119,-0.0909663,0.8417308525803779,0.11674660411959567,0.05039445000000001,0.013924798023669858
41484,0.193943,-0.0383111,0.0208333,0.516888,-0.000119141,-0.00235093,0.516893359998407,-0.327937,0.023011,-0.176332,0.3730484637604074,0.8628636605895653,0.0130922,0.5877490961286117
41508,0.213863,-0.0380232,0.0208333,0.55752,0.0136818,-0.00110798,0.5576889542306898,-0.148424,0.0404656,-0.111694,0.19011233046638507,0.7150549425728631,0.024894640000000003,0.3441874489286325
41532,0.183737,-0.0338475,0.0208333,0.601272,-0.0669734,0.000270522,0.6049905184990195,-0.203908,0.105487,-0.111737,0.25532555062507944,0.8310253347237619,0.01238904,0.16798630896593925
41556,0.205899,-0.0347357,0.0208333,0.694468,0.00661649,0.000168641,0.6944995388074112,-0.217554,0.0994227,-0.132972,0.27367164444876274,0.9263495837881371,0.02364336,0.22134678673972208
41580,0.126143,0.0324136,0.0208333,-0.308722,-0.0316111,-0.00100319,0.3103377858356699,0.0197251,-0.0281978,-0.00916169,0.03561084186741588,0.32856614134379397,0.00013896465,0.0
41604,0.0116551,0.00693902,0.0208333,1.15854,-0.00100329,-0.000134428,1.1585404422210348,1.28675,-0.0144987,-0.000285923,1.2868317126002344,0.12891839722011425,2.0589714039999998e-09,1.868812457150262e-05
41628,0.352941,0.0366038,0.0208333,1.5055,0.00885524,0.00398501,1.5055313167052216,1.88262,0.00223423,-0.00375752,1.8826250755634386,0.3772575763907478,0.05380975,0.012637879568978333
41652,0.0705882,0.00660382,0.0208333,1.1594,-0.000996328,-0.000199977,1.1594004453424553,1.30866,-0.00138222,-0.000601756,1.3086608683086738,0.14926103958836842,7.818775e-09,0.0
41676,0.0647059,-0.00660382,0.0208333,1.15954,0.000768284,-0.00020273,1.1595402722457542,1.3067,0.00122018,-0.000547158,1.3067006842506472,0.1471610968994251,2.118533e-09,0.0
41700,0.370587,0.0233765,0.0208333,0.600359,-0.0192782,0.0014017,0.6006700780288045,0.858195,-0.0541422,-0.0334006,0.8605496127046947,0.26249971709944764,0.15975705,0.007359422531693638
41724,0.0235193,-0.00666318,0.0208333,1.15824,0.00100212,-0.000174337,1.1582404466421832,1.29643,0.00140295,-0.000389014,1.2964308174756547,0.1381907480655027,6.568761800000001e-10,0.0
41748,0.0588235,0.00660382,0.0208333,1.15904,-0.000896091,-0.000204023,1.1590403643551268,1.30629,-0.00130368,-0.000505225,1.3062907482386312,0.14725087215849583,1.249416e-09,3.05175850944992e-05
41772,0.376471,0.0366038,0.0208333,1.45392,0.00402597,0.0023924,1.4539275423528508,1.68437,0.00243012,0.0116312,1.6844119113793556,0.23064063965975817,0.07296491000000001,0.012819945397699633
41796,0.317648,0.0233892,0.0208333,0.277135,-0.0927837,-0.0605163,0.2984540932478226,0.00850992,-0.0422405,0.0037515,0.04325219452127718,0.28079244788292723,0.12704595,0.006069390414201413
41820,0.388336,0.0369794,0.0208333,1.42865,0.00251919,0.0020987,1.4286537625890838,1.63909,0.0205776,0.00871617,1.6392423363680029,0.21131703831193777,0.098204265,0.012952953331190536
41844,0.364697,0.0366194,0.0208333,1.47801,0.00610089,0.00309384,1.4780258295458635,1.77811,-0.00271222,0.0067124,1.7781247381865786,0.3002511863163004,0.060832004999999995,0.012726979217394834
41868,0.0823529,-0.00660382,0.0208333,1.16191,3.29067e-05,-0.000147021,1.1619100097675488,1.31199,0.000540322,-0.000822828,1.3119903692839294,0.15008237933011298,1.0392439999999999e-07,0.0
41892,0.335295,0.0233765,0.0208333,0.434362,-0.0370829,-0.00292702,0.435951896385932,0.226837,-0.0512925,0.0133562,0.2329470609466666,0.20864726600348352,0.143718495,0.004560701700396552
41916,0.282506,0.0366529,0.0208333,0.437319,0.115108,0.00142399,0.45221652686795966,0.300885,0.00488924,-0.116578,0.3227167767203583,0.21139271760374742,0.03953955,0.016059545448112784
41940,0.135147,0.0366115,0.0208333,-0.336754,-0.0119507,-0.002751,0.3369772154723373,0.00677153,-0.00103661,-0.000898217,0.0069090500513521395,0.3437038549786052,0.00022952965,0.0
41964,0.123326,0.0366693,0.0208333,-0.310675,-0.0146401,-0.000477464,0.3110201217363296,0.039486,-0.00600327,-0.00492745,0.0402425547175549,0.3502957652168366,5.5807700000000004e-05,0.0
41988,0.0411765,-0.00660382,0.0208333,1.15841,0.000948381,-0.000196246,1.1584104048388955,1.30192,0.00135853,-0.000440478,1.301920783313881,0.14351079391973284,5.699039500000001e-10,0.0
42012,0.0470588,-0.00660382,0.0208333,1.15859,0.000915259,-0.00020011,1.1585903787978946,1.30303,0.00133577,-0.000456762,1.3030307647223904,0.14444084013792705,5.98646e-10,0.0
42036,0.317647,0.0366038,0.0208333,1.54017,0.0398586,0.00819253,1.5407074525820146,2.08514,0.0984236,-0.0445857,2.0879377168108846,0.5506429893196978,0.0652384,0.012803358934279706
42060,0.311759,0.0366117,0.0208333,1.49147,0.0643366,0.00881284,1.4928829911109665,1.96881,0.170351,-0.0552798,1.9769390824173212,0.493153520832539,0.07379775,0.013071189693367624
42084,0.217665,0.0365651,0.0208333,-0.567484,0.00747994,-0.00127709,0.5675347308467313,-0.218546,-0.00167412,-0.0735127,0.23058463490671793,0.3564540755981837,0.002585222,0.004190739791492666
42108,0.111784,0.0367058,0.0208333,-0.220708,-0.0213612,0.00418002,0.22177870658979051,0.00475423,-0.0100697,-0.0114902,0.01600082051092693,0.22628802646996435,6.6023305e-05,3.23688121499693e-05
42132,0.0470588,0.00660382,0.0208333,1.15858,-0.000926492,-0.000199961,1.1585803877037741,1.30393,-0.00131884,-0.000455836,1.3039307466370307,0.1453507547588548,5.3904605e-10,0.0
42156,0.358814,0.0366194,0.0208333,1.49175,0.00743409,0.00350682,1.4917726455397418,1.83071,0.000188312,0.00238489,1.8307115630982729,0.3390392921561604,0.056784935,0.012686015923054803
42180,0.129164,0.0368238,0.0208333,-0.329589,-0.0121206,-0.00199955,0.32981785286057896,0.0407934,-0.00268101,-0.00811926,0.04167987141448135,0.37055320662438235,7.22918e-05,1.868812457150262e-05
42204,0.323529,0.0366038,0.0208333,1.55427,0.0267621,0.00749153,1.554518435374168,2.10934,0.0550016,-0.036781,2.110377514465969,0.5575484115059883,0.0589501,0.012682704758843833
42228,0.335294,0.0366038,0.0208333,1.54432,0.0161926,0.00588652,1.5444161077288951,2.03911,0.0186689,-0.0251366,2.0393503790635807,0.4957677986075986,0.053169549999999996,0.012600872985630797
42252,0.0294118,0.00660382,0.0208333,1.15832,-0.00100638,-0.000183837,1.1583204517734922,1.30109,-0.00117082,-0.000409442,1.30109059122039,0.1427702729496923,4.9513895e-10,0.0
42276,0.305841,0.0365333,0.0208333,1.36308,0.106381,0.00972415,1.3672595081601087,1.65699,0.268901,-0.061607,1.6797973182351496,0.3433423531408883,0.08216805,0.013391937873213123
42300,0.117549,0.0365438,0.0208333,-0.277066,-0.0172551,0.00152566,0.2776069784253371,0.0320431,-0.0151467,-0.0157665,0.03879130444764651,0.3095995798621755,0.00013762387000000001,5.6064338041218326e-05
42324,0.0352941,-0.00660382,0.0208333,1.15832,0.000975016,-0.000191042,1.1583204261141413,1.30111,0.00138068,-0.000426294,1.301110802393031,0.14279077003358584,5.818637500000001e-10,0.0
42348,0.0764706,0.0066095,0.0208333,1.1592,-0.00126506,-0.000190641,1.159200705969762,1.30931,-0.00159396,-0.000681671,1.3093111476970758,0.1501111634278773,2.7819445e-08,3.23688121499693e-05
42372,0.31179,0.0233543,0.0208333,-0.0189675,-0.150326,-0.0644449,0.16465362877343453,0.148889,-0.0426067,-0.039128,0.15973185527592795,0.20104774957792987,0.1660125,0.0037859609084088548
42396,0.341187,0.0233368,0.0208333,0.46993,-0.0321494,6.12239e-06,0.4710284374194871,0.321545,-0.0674702,0.00700907,0.32862218728397646,0.15269154663198747,0.1788262,0.004789603323867228
42420,0.364696,0.0233368,0.0208333,0.576885,-0.0244701,0.00233606,0.5774084743016278,0.756328,-0.0632461,-0.0168968,0.7591558565929989,0.1845894670038884,0.18624369999999998,0.007172823711760941
42444,0.0823532,0.00661479,0.0208333,1.15815,-0.00198462,-0.000170059,1.1581517129187384,1.3097,-0.0019057,-0.000786143,1.3097016223985167,0.15155127280185238,1.1664965e-07,5.39479378660575e-05
42468,0.341186,0.0366194,0.0208333,1.53345,0.013242,0.0052128,1.5335160339389478,1.98753,0.0110751,-0.0187715,1.9876494982647872,0.4547181418220523,0.053249599999999994,0.012598690408133696
42492,0.0235165,0.00662725,0.0208333,1.15837,-0.00100177,-0.000174143,1.1583704462601405,1.29906,-0.00200009,-0.000388358,1.2990615977627638,0.14069370501514517,5.09732185e-10,0.0
42516,0.0882376,0.00662173,0.0208333,1.15496,-0.0040989,-0.000128415,1.1549672805199385,1.30905,-0.00216454,-0.000878971,1.3090520846488236,0.15410396874486637,5.186537e-07,0.0
42540,0.276768,0.0366543,0.0208333,0.272932,0.0909697,0.000323343,0.2876933567060346,0.113445,-0.0444336,-0.124529,0.17421706195134848,0.24363551541694337,0.03350605,0.016751029819088735
42564,0.0352941,0.00660382,0.0208333,1.15833,-0.000984734,-0.000190806,1.158330434292383,1.30167,-0.00127618,-0.000425278,1.3016706950672163,0.14334048806213026,4.6903505e-10,0.0
42588,0.0764706,-0.00660382,0.0208333,1.16079,0.000438687,-0.000182781,1.160790097285111,1.30979,0.000967329,-0.000694604,1.3097905413844273,0.14900181685183406,2.1975390000000002e-08,0.0
42612,0.0411765,0.00660382,0.0208333,1.15842,-0.000954659,-0.000196046,1.1584204099582502,1.30283,-0.00130376,-0.000439447,1.3028307264582775,0.14441062708663438,4.767324e-10,0.0
42636,0.376471,0.0233962,0.0208333,0.618061,-0.0132282,0.000640354,0.6182028753164168,0.937514,-0.0422786,-0.053365,0.9399828740136492,0.3252856025246511,0.1404573,0.007465406887772428
42660,0.323529,0.0233962,0.0208333,0.314838,-0.0589652,-0.0154623,0.3206851162376109,0.0576834,-0.0588625,0.090668,0.12252695526213814,0.27819442738225364,0.131429785,0.00498599037303523
42684,0.0940387,0.00661514,0.0208333,1.14609,-0.00998596,-5.20653e-05,1.1461335045307406,1.29252,-0.0017169,-0.000722448,1.2925213422132427,0.1466648276385583,2.1742765e-06,0.0
42708,0.0294107,-0.00662351,0.0208333,1.15827,0.000966044,-0.000184086,1.1582704174883622,1.29924,0.0015997,-0.000410701,1.2992410497345754,0.14097160626978955,6.2205015e-10,2.4126271987192716e-05
42732,0.347068,0.0366194,0.0208333,1.51985,0.0105558,0.00458393,1.5198935685856048,1.93224,0.0055868,-0.0115233,1.9322824370099547,0.41273435272493725,0.053114249999999995,0.012606902871046481
42756,0.0588235,-0.00660382,0.0208333,1.15915,0.000833734,-0.000203846,1.1591503177610634,1.30541,0.00127267,-0.000506513,1.3054107186415882,0.1462609718008362,1.0625425e-09,0.0
42780,0.329412,0.0366038,0.0208333,1.55254,0.0201531,0.00667162,1.5526851289147567,2.08433,0.0316586,-0.0311066,2.084802493383371,0.5332543244424919,0.05492505,0.012628459921938225
42804,0.0529412,-0.00660382,0.0208333,1.15883,0.000878469,-0.000202719,1.1588303506996944,1.30419,0.00130821,-0.000477816,1.304190743649691,0.14536089555202414,7.145263500000001e-10,0.0
42828,0.370588,0.0366038,0.0208333,1.46561,0.00523729,0.00271146,1.465621865735455,1.72751,-0.00109676,0.00969503,1.7275375528738004,0.26206964806964467,0.066166,0.012776932339180638
42852,0.329412,0.0233962,0.0208333,0.390079,-0.0501675,-0.00779966,0.3933690874908266,0.112419,-0.0493509,0.0520803,0.13336379021271103,0.28404463037551264,0.133753485,0.003851038820889761
42876,0.0705882,-0.00660382,0.0208333,1.16006,0.000654593,-0.000197368,1.1600602014749595,1.30812,0.00113004,-0.000606529,1.3081206287142746,0.1480613287208165,5.8462999999999995e-09,5.5016361202827654e-05
42900,0.382333,0.0233635,0.0208333,0.631884,-0.0124516,0.000340812,0.6320067625835813,0.995734,-0.0344252,-0.0705556,0.9988240014348874,0.37134345669667285,0.1245607,0.007483902725182897
42924,0.0176107,0.00667462,0.0208333,1.15849,-0.000981252,-0.000159412,1.1584904265325948,1.30059,-0.00224384,-0.000349578,1.3005919825689851,0.14210573630774118,8.3228036e-10,3.578505274552491e-05
42948,0.0647059,0.00660382,0.0208333,1.15927,-0.000914925,-0.000203537,1.1592703789086762,1.30749,-0.00130844,-0.000545012,1.3074907682860761,0.14822091572794596,2.7638929999999998e-09,4.5776413140393603e-05
42972,0.0529412,0.00660382,0.0208333,1.1588,-0.000904811,-0.000202664,1.1588003709680295,1.3051,-0.00131463,-0.000476803,1.3051007492117754,0.14630083083770934,7.277325000000001e-10,0.0
42996,0.382367,0.0366754,0.0208333,1.4417,0.002476,0.00217289,1.4417037636168368,1.65623,0.00941341,0.0107746,1.6562917971157705,0.21481442682564933,0.0833423,0.01289193546369202
43020,0.196629,0.0303578,0.0208333,-0.456127,-0.0408647,0.000169987,0.4579539198769568,-0.0428604,0.0484762,0.00927489,0.06536803071159555,0.4229113126259564,0.0027474603,0.0008947558326158037
43044,0.258072,-0.0354908,0.0208333,-0.0894195,0.013068,0.0214257,0.0928745402397234,-0.0412518,0.037866,-0.0103693,0.05694793535967743,0.06281711671423641,0.10715845,0.37288604157302535
43068,0.138046,-0.0396342,0.0208333,-0.731667,-0.00107889,-0.00708456,0.7317020936713423,-0.0257644,0.00108322,0.0203031,0.03282062678466699,0.7064370030842719,0.000354201565,2.6423587947135414
43092,0.147458,0.0326433,0.0208333,-0.322922,-0.0320247,-0.0022926,0.3245141838330799,0.0310034,-0.0487475,0.0450498,0.07325990750642537,0.3574690806807772,0.000229585,0.0
43116,0.146841,0.0299201,0.0208333,-0.296827,-0.0406025,-0.00203027,0.29959798552647665,0.0219974,-0.0458996,0.0197526,0.05459692384814368,0.3196115622583246,0.00047829424999999996,0.0
43140,0.256593,-0.0147759,0.0208333,0.546679,0.354582,0.00377497,0.6516138228763267,0.957466,0.106934,0.0496566,0.9646977762157224,0.4818512376703591,0.03932984,0.018159625546800243
43164,0.256527,-0.0284006,0.0208333,0.23777,0.180426,0.0113922,0.29869365007786824,0.385943,0.053527,0.105033,0.40354562327821125,0.21639591852583542,0.10185795,0.16490967224514153
43188,0.1014,-0.0298466,0.0208333,-0.0538576,0.397738,0.00778546,0.40144335977715656,0.00224979,0.0119577,-0.0262354,0.028919618902988678,0.39132070989898,0.0004968055,0.144649922226042
43212,0.114387,0.0134672,0.0208333,0.319751,-0.0826897,0.00292721,0.33028299539254835,0.229849,-0.010466,0.00821274,0.23023368358106855,0.11544076088224169,0.0006981822000000001,0.0
43236,0.00562679,-0.00503289,0.0208333,1.16115,0.00157982,-8.13618e-05,1.1611510775738765,1.28907,0.0475844,-0.000142514,1.289947968072201,0.13594098543326796,1.0640891155e-09,2.642899922433689e-05
43260,0.252915,-0.0372394,0.0208333,-0.0812095,0.00593536,0.0244978,0.08503148589445912,-0.0786901,0.0232962,0.0919868,0.12327374475811952,0.06973170916351899,0.08007525,0.3513246361984881
43284,0.152638,0.0333989,0.0208333,-0.325411,-0.0370302,-0.00223325,0.3275187659334996,0.0244307,-0.02807,0.0223521,0.04340968068184791,0.3508189556987372,0.0008433222,6.0073871192058204e-05
43308,0.170108,-0.0382712,0.0208333,0.137347,-0.04442,-0.00359531,0.14439619476633064,-0.318494,0.0623737,-0.0407195,0.3270886487910273,0.4696531881333779,0.0046237835,0.5993921921413391
43332,0.184102,-0.0209094,0.0208333,0.865023,-0.158276,0.00043369,0.8793840291886225,-0.101703,0.042832,0.071358,0.13141554168742753,0.9899665875619117,0.0145459,0.10139625239623011
43356,0.1322,-0.0365241,0.0208333,-0.70033,-0.00880638,-3.64208e-05,0.7003853671766559,-0.0859277,0.0181879,0.030721,0.09304917610973241,0.6157636692208113,0.001410264,0.6947452770620323
43380,0.255362,-0.0383532,0.0208333,-0.0800578,0.00650082,0.0244626,0.08396386603934099,-0.123572,0.0118911,0.0652677,0.14025444772448395,0.059896551704821874,0.07230291,0.4497677178277694
43404,0.299613,-0.0377554,0.0208333,-0.0136343,-0.0355138,-0.0420267,0.05668657371741566,-0.00427435,-0.173749,-0.0690113,0.1870014561350058,0.14115504886543204,0.05343938,0.09353469944357548
43428,0.260431,-0.0372471,0.0208333,-0.108014,0.0100823,0.0253661,0.11140967641322723,-0.169546,0.0627985,-0.0581999,0.1899387429627247,0.11639785703542828,0.0855118,0.3159003007279354
43452,0.219681,-0.0337923,0.0208333,0.676782,0.0507388,0.000465587,0.6786814555597454,-0.0519452,0.115678,-0.0444214,0.13436131982456856,0.7329906365830454,0.0350218,0.34643181147233
43476,0.138979,-0.0373969,0.0208333,-0.672787,-0.0168308,-0.00247412,0.6730020389771597,-0.114738,0.0186807,0.0123969,0.11690791387284268,0.5593754555476048,0.002023244,1.3259487169570323
43500,0.202883,-0.0321248,0.0208333,0.75606,-0.00620068,0.000676932,0.75608572944435,-0.20173,0.154282,-0.0203875,0.25478143295823186,0.9713702100514844,0.015033245,0.19104868489471474
43524,0.284271,-0.0289611,0.0208333,-0.146144,-0.0589553,-0.00671031,0.15773022663518269,0.262525,0.0649916,-0.00426217,0.2704837329464914,0.4270587535340654,0.058811800000000004,0.13522795568964283
43548,0.125269,-0.0391536,0.0208333,-0.781037,0.0080582,-0.00366151,0.781087150458718,0.0134786,0.00982729,0.0188021,0.025134980626889288,0.7948350659709347,0.00027131875,2.328574671338671
43572,0.126832,-0.0391016,0.0208333,-0.785605,0.00568409,-0.00373869,0.785634458706493,0.00545266,0.00870626,0.00276092,0.010637346638593668,0.7910901338572847,0.00021101640000000001,2.4463850882475553
43596,0.168642,-0.0392173,0.0208333,0.0461636,-0.0237614,-0.00564258,0.05222567188630894,-0.240494,0.0234411,0.0109587,0.2418820834847013,0.2909918523629973,0.0052084361,0.9919274166994276
43620,0.217972,-0.0382958,0.0208333,0.537663,0.0175641,-0.000830642,0.5379504523131681,-0.135105,0.0440056,-0.0564777,0.15290384054578224,0.6755831035559617,0.02809184,0.5150728103870365
43644,0.290418,-0.0168728,0.0208333,-0.17584,-0.0464212,0.0137199,0.18238110939856134,0.31048,0.14484,-0.109869,0.3597883449488046,0.5369936733599847,0.06293055,0.03313698839665428
43668,0.243022,-0.0133106,0.0208333,0.638173,0.294615,0.000845621,0.7028965010788399,1.09107,-0.0210098,0.00338644,1.091277519502676,0.5520336608805941,0.00950862,0.006157686253780717
43692,0.101985,0.030855,0.0208333,-0.0665785,-0.095837,0.0109058,0.11720223421458313,-0.0168703,-0.0281564,0.00916227,0.03407839600983151,0.08399171780872743,3.9696150000000004e-05,0.0
43716,0.173195,-0.038118,0.0208333,0.230565,-0.0357679,-0.00337105,0.23334722169657923,-0.351692,0.0606451,-0.0739579,0.36446517253424915,0.5943914400552236,0.006382585,0.47025418658423446
43740,0.255391,-0.0336018,0.0208333,-0.0382762,0.0276971,0.0209484,0.051682030701298884,0.0864397,0.00940209,0.0807339,0.11865152186831865,0.13951010398519564,0.09612285,0.18893146905690433
43764,0.180088,-0.0163447,0.0208333,0.846568,-0.194678,0.000483295,0.8686639948116054,0.670675,-0.0891425,0.0720331,0.680397022646969,0.2172451698077267,0.011081035,0.023588386973254445
43788,0.189104,-0.0380629,0.0208333,0.492364,-0.0113939,-0.00234745,0.4925014111398185,-0.350127,0.0338336,-0.161571,0.38709019189196725,0.8585969664003319,0.012147815,0.6307210159809169
43812,0.134761,-0.0347261,0.0208333,-0.560157,-0.0351443,0.00172783,0.5612610550073815,-0.10575,0.0349632,0.0265269,0.11449525875707692,0.4604517098221212,0.0017544930000000002,0.7362092093963509
43836,0.108099,-0.0378403,0.0208333,-0.380913,0.095823,-0.0017438,0.3927846760458457,0.0138393,0.0163021,-0.000960263,0.021405765436656756,0.4026829594387257,0.000127749435,1.096731507708245
43860,0.237865,-0.034396,0.0208333,0.429976,0.101863,0.00348468,0.4418909077359506,0.0353889,0.0575248,0.17734,0.18976551967691602,0.43346340994131494,0.042602749999999995,0.21822992462079988
43884,0.277248,-0.0372905,0.0208333,-0.165896,-0.00964501,0.0343414,0.16968747976164916,-0.0627873,0.00261795,-0.179502,0.1901842966900593,0.23771996955916766,0.06621455,0.2569540815009561
43908,0.106971,0.00631724,0.0208333,1.16894,-0.0614116,0.000552417,1.1705521831080843,1.24693,-0.0243102,0.00322621,1.2471711266522347,0.086406615203738,3.6959291e-05,4.7030734631727794e-05
43932,0.16939,-0.0395882,0.0208333,0.0364156,-0.0170098,-0.00721027,0.04083402028790332,-0.168442,0.0138344,0.00452835,0.16906981972274798,0.20749890638483953,0.0027173309,1.0114445115773776
43956,0.239651,-0.0372225,0.0208333,0.250746,0.0607718,0.00587431,0.25807222963584464,-0.144164,0.0496885,0.209069,0.2587702701031361,0.4442576163478642,0.045662839999999996,0.3013992368935263
43980,0.196269,-0.0395836,0.0208333,0.459136,0.00206621,-0.00311888,0.4591512421111572,-0.214919,0.00347035,-0.0829518,0.23039796225957057,0.6787675668075678,0.0060173165,1.0315522284402279
44004,0.188885,-0.0362254,0.0208333,0.571517,-0.0255381,-0.00048073,0.5720874993757012,-0.269949,0.0667884,-0.157679,0.31968080958443534,0.8609880997140686,0.015945515,0.3289376840679705
44028,0.0204806,0.0016425,0.0208333,1.16785,-0.000789386,-0.000167532,1.1678502788017084,1.23937,-0.00276114,-0.000324741,1.23937311825407,0.07154734745961026,8.0198887e-10,1.0789578305012667e-05
44052,0.361749,0.0316186,0.0208333,1.40623,0.0023879,-0.00207101,1.4062335524545098,1.48546,-0.0422065,0.0390343,1.4865720557102975,0.09977825375078522,0.10076125,0.010790736768172968
44076,0.344133,0.0316184,0.0208333,1.44121,0.00861642,-0.00393526,1.4412411293967724,1.60403,-0.0461502,0.0294917,1.6049647479707863,0.17500599052908442,0.08204605,0.011097657410462805
44100,0.131,-0.0276532,0.0208333,-0.0247871,-0.134981,0.00320091,0.13727533104035153,-0.0869417,0.0456657,0.00938663,0.09865254268460039,0.1911404919266674,0.001753835,0.26405529723904425
44124,0.198596,-0.0280866,0.0208333,0.829804,-0.030846,0.00067637,0.8303773910749117,-0.226073,0.206198,0.0501476,0.31006676429240204,1.083288280958819,0.014121600000000002,0.1581107206991354
44148,0.208824,0.0383441,0.0208333,-0.593991,-0.000684978,-0.00109848,0.593992410670516,-0.146097,-0.00963884,-0.0357984,0.1507274563180365,0.4493253735643264,0.0008800395,0.003482427314388629
44172,0.20191,-0.0227394,0.0208333,0.860155,-0.00942913,0.000252788,0.8602067172600607,-0.0680416,0.0738136,0.0217502,0.10271892754288277,0.9321697372646844,0.051627865,0.17854327206590564
44196,0.259576,-0.0329463,0.0208333,-0.0576124,0.0249349,0.0173836,0.06513929244879775,0.0858513,0.069943,0.0226356,0.11302583486995352,0.15044981152297932,0.10877295000000001,0.2787127553593484
44220,0.214135,-0.0396042,0.0208333,0.445806,0.00111054,-0.00169583,0.44581060863833255,-0.124269,0.00305159,-0.082912,0.14942053508981992,0.5758344723699437,0.009664149,0.7037769533026782
44244,0.205981,0.0367966,0.0208333,-0.596713,-0.00668687,-0.00117266,0.5967516181217044,-0.179395,-0.0346491,-0.0310137,0.18532397509092016,0.4193169291822768,0.0039083985,0.0035341335571820146
44268,0.211685,0.0366878,0.0208333,-0.59007,-0.00142357,-0.00116723,0.590072871667066,-0.208826,-0.0119326,-0.0620059,0.21816373863126293,0.38621078573093964,0.001318468,0.0034587859141612105
44292,0.104591,-0.0355219,0.0208333,-0.247399,0.200209,0.000572376,0.31826127080794075,-0.00466192,0.00363163,-0.0282937,0.02890425045271543,0.3136832841365333,0.00048117528499999997,0.32605827699967993
44316,0.139265,-0.0353189,0.0208333,-0.545165,-0.0408577,0.000731885,0.5466943977488183,-0.140405,0.0474517,0.0197538,0.14951735843148783,0.41471802586652445,0.002666791,0.7389066246827132
44340,0.302926,0.0215175,0.0208333,0.716928,0.247973,0.229152,0.7924563111093255,0.591984,0.0704268,-0.1313,0.6104462960934728,0.4207841496235808,0.16792985,0.008138095600323211
44364,0.299359,-0.0327424,0.0208333,-0.0195773,-0.108494,-0.102091,0.15025575194411028,0.0379293,-0.204151,-0.0695956,0.2189972834051829,0.11624638365867561,0.0762851,0.058299228125250506
44388,0.134135,-0.0223536,0.0208333,0.428461,-0.217605,-0.000705171,0.4805530790788248,-0.167567,0.00118919,-0.00484378,0.16764121171879096,0.6349310218017473,0.00275888,0.285256551195586
44412,0.207057,-0.0359133,0.0208333,0.661227,0.00875722,-0.000213212,0.6612850216740777,-0.212052,0.0580103,-0.148843,0.2654910248183354,0.8872051012090786,0.02462804,0.24084995329042522
44436,0.114215,-0.0395741,0.0208333,-0.581991,0.0217484,-0.00322575,0.5824061490460266,0.00966218,-0.00149792,0.00413273,0.0106151280694912,0.5921554052996267,0.000108339955,3.6427736685113996
44460,0.295582,-0.0366831,0.0208333,-0.101306,-0.0538306,-0.0675109,0.13311033299924538,0.0291253,-0.038558,-0.0717956,0.08654253661321698,0.1313922942357732,0.09916839999999999,0.1407693148381422
44484,0.29716,-0.0334462,0.0208333,-0.0670877,-0.103667,-0.101715,0.15997983499582064,0.0717784,-0.149426,-0.0604877,0.17646254569695521,0.15191237630785714,0.0891399,0.07840554827306546
44508,0.273239,-0.0391812,0.0208333,-0.125086,0.000287618,0.0543512,0.13638417452752327,-0.296601,0.00846251,-0.246468,0.38573338240357175,0.3463761180752098,0.040181565,0.44234714874179987
44532,0.274689,-0.039132,0.0208333,-0.131008,3.21248e-05,0.0565463,0.14269050823265286,-0.28748,-0.00430791,-0.269958,0.39438639714443513,0.3620875316888931,0.04315899,0.42430531460258664
44556,0.198327,0.0272953,0.0208333,-0.393271,-0.033032,0.000613156,0.39465626616750976,0.0214302,0.109178,0.00246851,0.111288735717772,0.4384110077540313,0.00268193,4.0370905365126505e-05
44580,0.224478,0.034095,0.0208333,-0.479575,0.0263496,-0.00049713,0.4802985833660109,-0.197626,-0.0249237,-0.0693059,0.21090408832571264,0.2947182327627575,0.0032396400000000002,0.00532154113016145
44604,0.224872,-0.037743,0.0208333,0.490826,0.0264057,-9.075e-05,0.49153578862993536,-0.150105,0.042516,0.0953807,0.18285677240258288,0.6482028126228645,0.031522205,0.640207778771861
44628,0.297352,-0.0377566,0.0208333,-0.0637448,-0.0394054,-0.0520183,0.09122548224640964,-0.0605367,-0.130145,-0.0827994,0.16570502017817687,0.09587201380475953,0.0923395,0.13651776441181565
44652,0.190776,-0.0390979,0.0208333,0.444222,-0.0124397,-0.00341328,0.44440925046678365,-0.318605,0.0144772,-0.126578,0.3431336844858575,0.7731746889851532,0.009578816,0.8742499642550751
44676,0.100985,-0.0253809,0.0208333,-0.0333845,0.488288,0.00622289,0.48946748629934766,0.0017657,0.0312071,-0.00138994,0.031287900538444574,0.45849366504397737,0.00067327525,0.1263360597770882
44700,0.155586,-0.0287375,0.0208333,0.456666,-0.328626,1.02295e-05,0.562617884124423,-0.152857,0.10866,-0.0448434,0.19282942869945965,0.7514979583500699,0.007000325,0.2755942669940723
44724,0.222956,-0.0290068,0.0208333,0.73261,0.0929591,0.000829347,0.7384845930615319,0.229797,0.0490259,-0.230582,0.32920853391704474,0.5552497190918645,0.0633278,0.19837514965337769
44748,0.29032,-0.0395895,0.0208333,-0.144153,-0.00500185,0.041073,0.14997365515790598,-0.184129,-0.00367878,-0.122561,0.22121984717535723,0.1684515272896773,0.062050299,0.4546647116282503
44772,0.19573,-0.0266161,0.0208333,0.842372,-0.0522422,0.000601219,0.8439906369795378,-0.242584,0.187824,0.0567678,0.3120055049976522,1.1126167296691478,0.01391507,0.1489459633558426
44796,0.260663,0.0294559,0.0208333,0.0633062,0.170895,-0.000680165,0.18224499611201186,-0.164866,0.0296667,-0.050395,0.17493017769924663,0.27290941792618156,0.043124695,0.00984996954310012
44820,0.255499,0.0268148,0.0208333,0.033821,0.191046,-0.000515549,0.194017267138189,-0.141317,0.0366245,-0.0394899,0.15123260459061066,0.23672414059854816,0.022463995,0.006343776477777256
44844,0.108909,-0.0391695,0.0208333,-0.392017,0.0321977,-0.00238375,0.3933442543604171,0.00759332,0.0059566,0.0111015,0.014709959022118314,0.4006979599988936,0.00012943607099999999,2.3518120673217067
44868,0.110412,-0.0391522,0.0208333,-0.454508,0.0304676,-0.00280113,0.45553665389629944,0.0040065,0.00398639,0.0154249,0.016427747486861977,0.45964006501052,0.0001805459315,2.1546948739902825
44892,0.16548,-0.0383566,0.0208333,-0.0353321,-0.0611166,-0.00181938,0.07061803048481599,-0.281287,0.0505045,0.000679662,0.28578583385060263,0.2701098443414045,0.0051563205,0.6463621276034047
44916,0.112261,0.0105297,0.0208333,0.632768,-0.051348,0.0035712,0.6348580253863378,0.473537,-0.0466543,0.000668101,0.4758301802496729,0.15932661473995424,0.0004683495,0.0
44940,0.284486,-0.0344185,0.0208333,-0.146081,-0.0281493,-0.00593516,0.14888676158650105,0.0942299,0.0491141,-0.0757915,0.13052134057337136,0.2619138596496291,0.051904549999999994,0.21646316083805114
44964,0.180487,-0.0319872,0.0208333,0.63258,-0.106886,0.000457682,0.6415467893059813,-0.183439,0.102541,-0.0821389,0.22563537465390923,0.8465039114192461,0.012840589999999999,0.1922602402994441
44988,0.140722,-0.0376021,0.0208333,-0.664823,-0.0161168,-0.00355998,0.6650278535736984,-0.122445,0.0229216,0.0079472,0.12482522084659013,0.5439028467935357,0.0023386945,1.2130787278655908
45012,0.157164,-0.0321858,0.0208333,0.15842,-0.2142,-0.000847698,0.2664193217315501,-0.24681,0.143393,-0.0288239,0.2868929168874861,0.5411716681676386,0.0072954000000000005,0.42939958081022855
45036,0.213389,-0.0392815,0.0208333,0.456904,0.00127239,-0.00174793,0.4569091150892013,-0.188424,0.00759122,-0.118373,0.22265084218589518,0.6558121393730629,0.018513889999999998,0.594972268261303
45060,0.0940331,0.00328259,0.0208333,1.19902,-0.0139975,-4.51898e-05,1.1991017022956676,1.30032,-0.000956045,-0.000749143,1.3003205672591955,0.10213846042811103,1.1836497e-06,4.944410986153962e-05
45084,0.22448,-0.0323394,0.0208333,0.669018,0.0752395,0.000807406,0.6732360051190807,0.0923353,0.0686828,-0.183899,0.2169377257254487,0.6055760754947448,0.05346845,0.27124306442746143
45108,0.0911859,-0.00164045,0.0208333,1.20293,-0.0051977,-5.02838e-05,1.202941230282573,1.30457,-0.00174619,-0.000950062,1.3045715145967736,0.10170256693952856,5.641826e-07,0.0
45132,0.248281,-0.0378275,0.0208333,-0.0514166,0.000883363,0.0242174,0.05684126624653754,-0.133314,-0.0455868,0.071246,0.1578821441653235,0.10525373814723431,0.06570705,0.4740379731624883
45156,0.393959,0.0225047,0.0208333,0.635105,-0.0143205,0.0016986,0.6352687014069008,1.01432,-0.0367031,-0.100703,1.0199672907297617,0.3934349815284859,0.09761336000000001,0.007433323617332962
45180,0.185641,-0.0339417,0.0208333,0.616362,-0.0562658,0.000285478,0.6189249039999347,-0.213773,0.114947,-0.113447,0.26792149997154013,0.8552034948834462,0.01236158,0.1859795687703356
45204,0.219414,-0.039118,0.0208333,0.423027,0.00823726,-0.00122892,0.42310897582735585,-0.155828,0.0152713,-0.0346413,0.16036083640770896,0.5798611694888579,0.028093005,0.6424250929096714
45228,0.217955,-0.0391398,0.0208333,0.434151,0.00739464,-0.00134595,0.4342160557638698,-0.162938,0.0173441,-0.0689699,0.17778204846052373,0.6009885725110704,0.026932615,0.601715048839565
45252,0.184301,-0.0298813,0.0208333,0.727295,-0.101671,0.000638076,0.7343673579394593,-0.2155,0.143093,-0.0480168,0.2630997334305757,0.9752636180436423,0.014047665,0.20409997550220332
45276,0.16462,-0.0381231,0.0208333,-0.0573587,-0.05931,-0.00135927,0.08251996231593238,-0.290516,0.0546653,0.00254674,0.2956253155004111,0.2595533711349173,0.0060559755,0.6754405969439504
45300,0.179036,-0.0361434,0.0208333,0.44113,-0.0565201,-0.000834557,0.4447368829874539,-0.261565,0.0709761,-0.166011,0.31782622314278913,0.7330203280684461,0.01316765,0.2786571369981397
45324,0.228351,-0.038302,0.0208333,0.42679,0.0280076,0.000499236,0.427708287264046,-0.195075,0.0446568,0.161352,0.25706604854636095,0.6425471856385955,0.027308689999999997,0.48692299185805554
45348,0.175547,-0.0129851,0.0208333,0.828215,-0.235437,0.000687851,0.861029117006503,0.958883,-0.124312,0.0286158,0.9673308353622561,0.17378970678479955,0.00732191,0.013763684099833154
45372,0.112302,-0.037576,0.0208333,-0.548041,0.0919116,-0.00202981,0.5556984794150477,0.0134285,0.00454412,0.0261959,0.029785882824492547,0.5689268553134088,0.00033953645,0.49691246714084364
45396,0.347073,0.0232892,0.0208333,0.494736,-0.0291068,0.00237069,0.49559715059039244,0.42795,-0.0735008,0.0189598,0.43462977822128107,0.08189258576081293,0.1899063,0.005705576219804622
45420,0.35881,0.0232902,0.0208333,0.551314,-0.030685,0.00355932,0.5521787433248969,0.645618,-0.0669539,-0.00877346,0.6491397386153321,0.10178789213722038,0.20379825000000001,0.006898963690294362
45444,0.0175767,-0.00668694,0.0208333,1.15842,0.00104829,-0.000159686,1.158420485321087,1.3029,0.00259008,-0.000350361,1.3029026215597375,0.14448835203351068,9.620450100000001e-10,0.0
45468,0.100411,-0.0365677,0.0208333,-0.0324584,0.0747208,0.0156418,0.08295427409386451,0.00138167,-0.0100716,-0.0134812,0.016884575564369394,0.0958282346929385,6.6711e-05,0.07842831121476479
45492,0.288784,-0.0395898,0.0208333,-0.1491,-0.00418355,0.0462649,0.1561689887993532,-0.185495,-0.00576127,-0.124639,0.22355417146189174,0.17474332107582366,0.062935555,0.46299460040047985
45516,0.256137,-0.0379499,0.0208333,-0.0864451,0.00748807,0.0253565,0.09039789045428494,-0.118467,0.0220163,0.0407418,0.12719686246889111,0.03838201405128319,0.07655875000000001,0.46997233961159884
45540,0.256211,-0.0371019,0.0208333,-0.0926667,0.00969973,0.0242333,0.09627281485369014,-0.0836059,0.0206905,0.0391986,0.0946286085019747,0.020660477388552766,0.08965334999999999,0.382056278576861
45564,0.255596,-0.0295389,0.0208333,0.233664,0.161445,0.0111159,0.2842303927341515,0.346292,0.0326188,0.111612,0.3652935448669193,0.1984457666609444,0.1120304,0.17223153021441806
45588,0.232809,-0.0353623,0.0208333,0.478545,0.0722178,0.00175484,0.48396674175532517,-0.0515102,0.0685713,0.148337,0.1713452347068047,0.5499619456285639,0.040827,0.17036607643542184
45612,0.12509,-0.0384143,0.0208333,-0.778931,0.0148534,-0.00218968,0.7790756837118346,0.00723472,0.0180041,0.0355024,0.04045873448401964,0.7870750657391802,0.00041866265,2.06305356207734
45636,0.239677,-0.0379697,0.0208333,0.19534,0.0392321,0.0065889,0.19934965982820238,-0.204833,0.0363263,0.182971,0.27704610591323964,0.4373299884561428,0.05010563,0.3384021276528858
45660,0.391306,0.0213939,0.0208333,0.633199,-0.0032499,0.00128376,0.6332086413582395,0.65818,-0.0178966,-0.073977,0.6625660700794751,0.08063968116050312,0.053164289999999996,0.007539151145851899
45684,0.287319,-0.0289558,0.0208333,-0.141778,-0.0599494,-0.0191011,0.15511216543382406,0.244531,0.0221146,-0.00762409,0.2456472923573311,0.39509602039952274,0.0396349,0.11308403954581743
45708,0.189765,-0.0141115,0.0208333,0.811069,-0.109581,0.000107885,0.8184381039279471,1.00454,-0.135857,0.0392117,1.014443341673595,0.19912449463728513,0.015742685,0.01609117770705426
45732,0.158874,-0.0372155,0.0208333,-0.156946,-0.0571748,-0.00680695,0.1671745771322377,-0.288267,0.0744721,0.0298809,0.2992270461576293,0.18953128939104621,0.0094543455,0.4789258815307437
45756,0.279106,-0.0261797,0.0208333,-0.139362,-0.0610558,0.0131522,0.15271724893567198,0.23417,0.0628508,0.0354494,0.24503565438727484,0.39417783508893545,0.09480045000000001,0.11002954148772956
45780,0.113767,-0.0314215,0.0208333,-0.346258,0.197739,0.000271813,0.39874225831645554,-0.0148959,0.0545387,-0.00330588,0.056632909841137426,0.36099856942057573,0.000453712,0.23801806654117666
45804,0.256845,-0.0383947,0.0208333,-0.0866142,0.00830724,0.0254631,0.09066090303801082,-0.137307,0.0323544,0.0148346,0.14184528474898278,0.05710508635975959,0.07276758,0.6295172753785236
45828,0.1597,-0.0383189,0.0208333,-0.196541,-0.0343871,-0.00511971,0.19959220615518555,-0.264847,0.0395859,0.0450585,0.2715533931109313,0.11249696495374487,0.008064644999999999,0.5014738278315231
45852,0.185311,-0.0385116,0.0208333,0.439643,-0.0117462,-0.00285034,0.4398091234860364,-0.362781,0.0179625,-0.136843,0.3881477966139316,0.8140767258468734,0.010610544999999999,0.42336509067234157
45876,0.145668,-0.0371662,0.0208333,-0.54503,-0.0410932,-0.00322541,0.5465864572562222,-0.167114,0.038705,0.0010704,0.17154099153601743,0.3862728436776214,0.003014631,0.822961724504852
45900,0.187693,-0.0331807,0.0208333,0.672645,-0.0603313,0.000555835,0.675345445484929,-0.220564,0.128684,-0.108684,0.27752524535256246,0.9195011924222379,0.013642209999999998,0.25560281688588643
45924,0.126086,-0.0395325,0.0208333,-0.780623,0.00510684,-0.00369905,0.780648468207482,0.00609633,0.00446199,0.00599867,0.009646690416816536,0.7867793628460076,0.00013487695000000003,2.4550987760169654
45948,0.155224,-0.039113,0.0208333,-0.364936,-0.0174926,-0.00696495,0.36542138098264376,-0.158308,0.014582,0.0392552,0.16375294902700224,0.21414997692080776,0.006197270500000001,0.641
45972,0.156731,-0.0391807,0.0208333,-0.328964,-0.0127242,-0.00537075,0.32925379803003413,-0.17278,0.0153621,0.0503154,0.1806116330516116,0.16817618560757197,0.0067891945,0.7872248725745395
45996,0.290595,0.00452413,0.0208333,-0.0304906,0.313717,0.0314452,0.3167598986304927,0.227123,0.727747,0.0761819,0.7661620161725652,0.4896804877997999,0.0872484,0.02160067128586517
46020,0.255164,-0.0200549,0.0208333,0.523051,0.311454,0.00477999,0.6087764704892923,0.72687,0.0124086,0.049615,0.7286670148146956,0.36466493407491224,0.053329810000000005,0.03655817282086182
46044,0.144863,-0.0383892,0.0208333,-0.615076,-0.0146157,-0.00625048,0.6152813770647706,-0.123367,0.0219028,-0.00419448,0.1253664348991005,0.4930675092309875,0.0021282345,1.1037798693580165
46068,0.361749,0.0282929,0.0208333,1.10616,-0.0211062,-0.00326746,1.1063661661372746,1.22927,-0.0752104,0.0457837,1.2324193622115203,0.14314102436054316,0.2105601,0.007964897990558323
46092,0.0204845,-0.00169109,0.0208333,1.1678,0.000792713,-0.000167177,1.1678002810164287,1.24021,0.00245326,-0.000324691,1.2402124688975165,0.07242920907340779,7.74339335e-10,0.0
46116,0.344133,0.0282927,0.0208333,1.1299,-0.022657,-0.00696119,1.130148577761002,1.23144,-0.076545,0.037303,1.2343804617839673,0.12318119442656877,0.22779925,0.007980050125155857
46140,0.275791,-0.0377949,0.0208333,-0.166042,-0.00608097,0.0436839,0.17179990418900382,-0.139078,-0.00153141,-0.200178,0.2437545219777227,0.2453902648105739,0.0581613,0.28996223892086365
46164,0.1373,-0.0392963,0.0208333,-0.743146,0.0012368,-0.00700942,0.7431800851469154,-0.0469988,-0.00133772,0.0322114,0.05699342932477743,0.6972559249963695,0.0006718714,1.944409936201726
46188,0.138784,-0.0392134,0.0208333,-0.727879,-0.000231623,-0.0071613,0.7279142645311357,-0.0496232,0.0021665,0.0271771,0.05661934709001862,0.6791287116166738,0.0009368410499999999,2.6164919262248834
46212,0.148902,-0.0370683,0.0208333,-0.465375,-0.0502068,-0.00461597,0.4680981954358304,-0.185416,0.0513856,0.00752826,0.19255193492143255,0.2980696894034227,0.005012053,0.7313104675854162
46236,0.00602102,-0.00750869,0.0208333,1.15894,0.000584358,-8.86813e-05,1.1589401507147146,1.25969,0.00640807,-0.000172146,1.2597063106515622,0.10091820989204608,4.3090879745e-09,3.578505274552491e-05
46260,0.00867799,-0.00861432,0.0208333,1.15673,0.0009463,-0.00011376,1.1567303926693668,0.866583,0.0116436,-0.000158618,0.8666612339718617,0.2903441334839232,1.9522453349999997e-09,2.4126271987192716e-05
46284,0.0175328,0.00333255,0.0208333,1.16638,-0.000988968,-0.00015853,1.1663804300439313,1.24889,-0.00568731,-0.000312637,1.2489029887613088,0.08264380355789795,3.4249787e-10,0.0
46308,0.347072,0.0332617,0.0208333,1.43857,0.00736046,-0.00275446,1.4385914667901039,1.70843,-0.0263738,0.0189675,1.7087388355985502,0.27282643465029044,0.06366224000000001,0.011386922323437533
46332,0.358811,0.0332619,0.0208333,1.41375,0.00291664,-0.00176581,1.4137541113552405,1.60661,-0.0242434,0.0301918,1.6070765318835316,0.19736751558884685,0.07068616,0.011137593995114025
46356,0.137546,-0.0117686,0.0208333,1.00729,-0.368234,0.000271147,1.0724875273758179,0.711634,-0.0529885,0.00327575,0.7136115621444993,0.4322050708233739,0.001343416,0.010696354519180822
46380,0.254525,-0.0395966,0.0208333,-0.0254464,0.00210451,0.0147012,0.029463087359272108,-0.0985479,-0.00062975,0.0551672,0.11294027242446557,0.0835990588224389,0.038716435,0.7909209821467629
46404,0.131763,-0.0371494,0.0208333,-0.72685,-0.00291307,-0.000591632,0.7268560782611977,-0.075994,0.013855,0.0315315,0.08343431280504443,0.6518639401876855,0.001017879,0.7628230463220157
46428,0.257349,-0.0337057,0.0208333,-0.0627908,0.0193284,0.0195783,0.06855349328874495,0.0579224,0.029295,0.0372143,0.07482048898029202,0.12240113670142119,0.1029031,0.23705590058043272
46452,0.122761,-0.0205131,0.0208333,0.357771,-0.0490681,-0.00471941,0.3611509929508129,-0.114704,0.0932874,-0.000964175,0.14785288718246467,0.4934691639759826,0.0020103555,0.1334248852351015
46476,0.197143,-0.0327207,0.0208333,0.726914,-0.0201739,0.000608804,0.7271941420827869,-0.213028,0.124784,-0.0788093,0.25915802361974055,0.9543641817353398,0.019334905,0.24372176759575662
46500,0.103507,-0.0271816,0.0208333,-0.0865109,0.453672,0.00163809,0.46184965382866544,0.00476812,0.0419053,-0.0174774,0.045653572118558264,0.4221955431775548,0.00035676665,0.14977716781939762
46524,0.296078,-0.0379577,0.0208333,-0.0926127,-0.0355774,-0.0476811,0.11007429713270941,-0.101885,-0.0463588,-0.072357,0.13328625964982288,0.028480066257998773,0.0923168,0.17593265757101492
46548,0.189583,-0.0385278,0.0208333,0.481257,-0.0114752,-0.00266841,0.48140118474715876,-0.355214,0.027188,-0.149791,0.3864628272175734,0.8501903512529109,0.011199404999999999,0.7092982447461716
46572,0.252952,-0.0395953,0.0208333,-0.018543,-0.000713116,0.0137441,0.023092242598748525,-0.098103,-0.00200073,0.0846779,0.12960921370775652,0.10659763380231756,0.03707209,0.999827485119308
46596,0.205245,-0.0122949,0.0208333,0.732181,0.0361019,-0.000511546,0.733070682556546,1.20296,-0.189617,0.0106276,1.2178589056909508,0.522212570924733,0.006530193,0.004807982945061265
46620,0.267625,0.0382834,0.0208333,0.0138323,0.0543791,-0.00152069,0.05613137748333012,-0.0824107,0.00183728,-0.0462218,0.09450584038845643,0.11841261391061556,0.020063400000000002,0.013911865439257239
46644,0.0940393,-0.00657514,0.0208333,1.16658,-0.000761939,0.000117853,1.166580254779057,1.30656,-0.00775286,-0.00114262,1.3065835013571248,0.14016013045303566,2.7456075e-06,0.0
46668,0.137778,-0.0345103,0.0208333,-0.508534,-0.0487879,0.00166242,0.5108716590129722,-0.127329,0.0504459,0.0265149,0.1395009067706013,0.3946925953822676,0.0023215765000000003,0.7050106382176087
46692,0.350005,0.0216308,0.0208333,0.475489,-0.0251689,0.00488412,0.4761797111137605,0.15707,-0.0233786,0.00710746,0.1589593024192406,0.31843179485699225,0.0953861,0.005990659396093221
46716,0.0146445,-0.00834536,0.0208333,1.15696,0.000875257,-0.000148355,1.1569603405839035,0.879538,0.00640079,-0.000214092,0.8795613164481534,0.2774770295362973,1.661753596e-09,0.0
46740,0.355877,0.0216318,0.0208333,0.499037,-0.0257561,0.00504759,0.4997267075322452,0.26959,-0.0383013,-0.00621205,0.2723680363899048,0.2300653979740752,0.100263555,0.006685065444705833
46764,0.240343,-0.0383817,0.0208333,0.160092,0.0369853,0.00754672,0.16448195604031587,-0.237951,0.0251585,0.164439,0.2903339684643359,0.4280108533329948,0.04732182,0.37123846783435577
46788,0.297054,0.0383508,0.0208333,1.00429,0.132552,0.00733697,1.0130262918270092,0.64342,0.0591337,-0.0721399,0.6501463343338175,0.37674125940741726,0.021603295,0.014165945079661998
46812,0.101008,-0.0342629,0.0208333,-0.0652271,0.217123,0.0102677,0.22694139632667287,-0.00260088,-0.0134446,-0.029714,0.03271763502966558,0.2422436747082128,0.00028004284999999995,0.1414492841975526
46836,0.260789,-0.0306673,0.0208333,-0.0203467,0.0452017,0.015355,0.051893717430725655,0.194873,0.0846302,0.0513653,0.21857756272117682,0.22174505087246027,0.1007807,0.19167055068528394
46860,0.25677,-0.0392014,0.0208333,-0.0418317,0.00296341,0.0186127,0.04588142897739891,-0.154043,0.0227681,0.00336426,0.15575285060620112,0.11496136966877049,0.06844649,0.7920820664552379
46884,0.103585,-0.0366399,0.0208333,-0.190817,0.152821,0.00197007,0.24447753824391497,0.00571442,-0.00431554,-0.0314508,0.03225571735472643,0.2538374397167307,0.0005682498999999999,0.1287396597789508
46908,0.191459,-0.0390912,0.0208333,0.445437,-0.00674884,-0.00340943,0.44550116949708507,-0.298843,0.0104755,-0.122032,0.322968549201389,0.7538704864907768,0.0084548555,0.883581348829863
46932,0.253275,0.0368818,0.0208333,-0.218318,0.0380009,-0.00233431,0.2216128753659997,-0.324453,-0.0350149,-0.0849286,0.33720714631954346,0.15302863135780864,0.01494481,0.01576090098947392
46956,0.108877,-0.0383149,0.0208333,-0.408531,0.0827279,-0.00200022,0.4168278832797278,0.0103942,0.0121604,0.00848503,0.018108297984650572,0.4249565103853011,0.000137760385,1.773527558286028
46980,0.165617,-0.0391715,0.0208333,-0.0877954,-0.0305878,-0.00361387,0.09304141995034738,-0.22343,0.0205138,0.0307997,0.22647384487072672,0.14897117855432607,0.00557086395,1.0555993558164007
47004,0.241791,-0.0391947,0.0208333,0.0320969,0.0142193,0.0102909,0.0365828116047687,-0.329479,0.00111697,0.114242,0.3487246673623489,0.3764500414443448,0.048171994999999995,0.5660998145203724
47028,0.24031,-0.0392102,0.0208333,0.0820775,0.0152642,0.00828988,0.0838953748326116,-0.320874,0.0124246,0.129669,0.3463070084797014,0.4208454175257043,0.041285765,0.5513991294878874
47052,0.100423,-0.0350599,0.0208333,-0.0401399,0.15424,0.0131255,0.15991706576303855,-0.0017218,-0.010492,-0.0168092,0.019889591847999294,0.17178087348625282,0.0001181191,0.12639343337373188
47076,0.113797,0.0074443,0.0208333,0.949021,-0.0584034,0.00190109,0.9508182947944093,0.964199,-0.0132525,0.00136691,0.9642910394689967,0.04763675894813165,0.00018737905,7.705309857494376e-05
47100,0.139192,-0.0148017,0.0208333,0.934365,-0.386965,0.000166865,1.0113258091702833,0.44542,-0.0229765,0.00953045,0.44611402738476236,0.6096248993285152,0.0008798648,0.0742087595907653
47124,0.182846,-0.039614,0.0208333,0.324861,-0.00380496,-0.00514496,0.32492401827966366,-0.214547,0.000868767,-0.0474134,0.21972528408141903,0.5410817454027664,0.003917625,0.6376174401629867
47148,0.183499,-0.0271885,0.0208333,0.771869,-0.126077,0.000581107,0.7820981401175593,-0.281239,0.113366,0.0285909,0.3045729217113859,1.0803489984337944,0.013580130000000001,0.1870152400206999
47172,0.187982,-0.0373546,0.0208333,0.51708,-0.0200157,-0.0014069,0.5174691623798465,-0.324544,0.0443912,-0.173769,0.3708032523245178,0.8615032789606897,0.013997365,0.39646689647434624
47196,0.127878,-0.0364089,0.0208333,-0.715893,0.00789025,0.000549708,0.7159366911067959,-0.0300068,0.0299228,0.0216883,0.047604247320696076,0.6865654758882688,0.00062364,0.5375527881055032
47220,0.198376,-0.0383257,0.0208333,0.551447,-0.00242894,-0.00190985,0.551455656499728,-0.31468,0.0306305,-0.162104,0.3553018952190517,0.8814369361425333,0.013846515,0.7112678820247684
47244,0.241231,0.0366505,0.0208333,-0.378059,0.0217488,-0.00232867,0.3786912205034715,-0.322755,-0.039518,-0.0701544,0.3326471136029291,0.10682922281975515,0.0055197449999999995,0.006891879279267738
47268,0.350004,0.0315565,0.0208333,1.42776,0.00400549,-0.00322365,1.427769257782735,1.55584,-0.0451008,0.0385399,1.5569706200351532,0.1433879640212755,0.0899398,0.01091233247294088
47292,0.0141869,0.00169086,0.0208333,1.16506,-0.000837884,-0.000147095,1.1650603105790431,1.22745,-0.009704,-0.000274381,1.227488389110436,0.06301695259730707,6.8227885e-10,4.7030734631727794e-05
47316,0.355879,0.0315567,0.0208333,1.41563,0.00256225,-0.00259423,1.4156346958358839,1.51557,-0.0439605,0.0419767,1.5167883813515781,0.11890726499515254,0.09766095000000001,0.010816931172934401
47340,0.130941,0.0271402,0.0208333,-0.295122,-0.0397062,-0.00152698,0.29778500444172873,-0.0310029,-0.0578672,-0.0158269,0.06752987048603011,0.2651286642704187,0.0004106075,5.6064338041218326e-05
47364,0.196778,-0.0358802,0.0208333,0.638864,-0.0128333,-0.000250278,0.6389929316698012,-0.258449,0.0862068,-0.167055,0.3195854674296689,0.9180432324561341,0.020214944999999998,0.4575532755865704
47388,0.276593,-0.011333,0.0208333,0.230081,0.25687,0.0079507,0.34493865699786386,0.533356,0.349947,0.118294,0.6487873272352043,0.3358789922113172,0.09116345000000001,0.028232782363769957
47412,0.23887,-0.0370543,0.0208333,0.267791,0.0613566,0.00529518,0.27478116925253887,-0.125224,0.0551662,0.207167,0.24827912857797774,0.44187254156291766,0.045372955,0.24777025648773907
47436,0.123077,-0.035313,0.0208333,-0.65101,0.0415293,0.00152494,0.6523350583101399,-0.0284005,0.0384388,0.046511,0.06668885114237612,0.6242402472404543,0.0008954705,0.8203060404507576
47460,0.299195,-0.0370088,0.0208333,-0.0188832,-0.0554164,-0.0646704,0.08723424366245174,-0.00760643,-0.270061,-0.0923651,0.2855207754198543,0.2167174802799324,0.10534914000000001,0.09602114350495937
47484,0.2267,-0.0366047,0.0208333,0.517417,0.0414752,0.000405192,0.5190767845748805,-0.117271,0.0675069,0.123043,0.18289135801784076,0.646951728261031,0.0339777,0.37217737706636606
47508,0.134909,-0.0378245,0.0208333,-0.741815,-0.00354592,-0.00276059,0.7418286113589813,-0.0918958,0.00461577,0.0357838,0.09872499041667668,0.6511123172792604,0.001361738,0.8911621625719979
47532,0.111686,-0.0158573,0.0208333,0.333306,0.0745913,-0.00234075,0.3415585320003769,-0.0614337,0.0282664,-0.0224105,0.07124127578096844,0.39795505020185695,0.0009761715,0.051032146731251664
47556,0.104295,-0.0371623,0.0208333,-0.215525,0.135621,0.00116385,0.2546476699536489,0.0111513,0.00105321,-0.0281237,0.030272152957530128,0.2652327198370831,0.00045023584999999997,0.1257938790243786
47580,0.104046,-0.0379362,0.0208333,-0.199807,0.0904765,0.00153692,0.21934264615969326,0.0161985,0.000611195,-0.0227228,0.027912194493053124,0.23520774453123652,0.0003168969,0.36634000600535016
47604,0.125588,-0.0378939,0.0208333,-0.776309,0.0147849,-0.00164395,0.7764515176883954,-0.000316575,0.024294,0.0353602,0.04290270853653211,0.7769324126057641,0.00051294995,1.3290410076442336
47628,0.106749,-0.0325346,0.0208333,-0.284745,0.306846,-0.000527056,0.41861015339934976,-0.0245061,0.0261217,-0.0289431,0.046049920583101984,0.3838461791399127,0.00067072085,0.1841646002900666
47652,0.126634,0.0296986,0.0208333,-0.302527,-0.0412783,-0.00116386,0.3053323408189666,0.0146115,-0.0336096,-0.00539345,0.03704308906277256,0.3172593995037942,0.0001347187,0.0
47676,0.257602,-0.0380551,0.0208333,-0.091091,0.00883456,0.0260317,0.09514866859963728,-0.141247,0.0434116,-0.0152801,0.14855559053623665,0.07360611965320275,0.07477515000000001,0.5245455175673509
47700,0.164967,-0.0289389,0.0208333,0.5691,-0.269736,-1.81249e-05,0.6297875197433751,-0.153788,0.0963524,-0.0422227,0.18632576398622389,0.8113994104742323,0.015308930000000002,0.1460243130440955
47724,0.10375,0.027753,0.0208333,-0.0805236,-0.119363,0.0097485,0.1443142722609583,0.00625937,-0.0471836,0.00684342,0.04808642447773903,0.1129140786447257,9.570419999999999e-05,3.737619563304965e-05
47748,0.135521,-0.0379744,0.0208333,-0.734902,-0.00363295,-0.00288474,0.7349166412965285,-0.0913614,0.00314986,0.0337247,0.09743809531220117,0.6446167554888484,0.001360944,0.9345549743059527
47772,0.113654,-0.0381561,0.0208333,-0.588689,0.0694275,-0.00219608,0.5927729238457307,0.0142725,-0.00332443,0.0109173,0.01827412187671134,0.6074762337211221,0.000697732,2.0145346857276993
47796,0.298283,-0.035505,0.0208333,-0.0406462,-0.0766794,-0.0848018,0.1213391496675331,0.0314183,-0.223323,-0.0935203,0.24414405259186636,0.16362655598484005,0.111244065,0.09427640213754447
47820,0.168595,-0.0384204,0.0208333,0.0791425,-0.0442405,-0.00360016,0.0907398385414345,-0.29932,0.0558847,-0.0226671,0.30533483181009663,0.391947021652485,0.004334659,0.6536252749091026
47844,0.142091,0.0344473,0.0208333,-0.330987,-0.0249729,-0.00263965,0.3319382588005373,0.0260892,-0.0120697,0.0081438,0.029877173446797137,0.35747194011639916,0.00011495774999999999,0.0
47868,0.114954,-0.0391623,0.0208333,-0.609236,0.0229618,-0.00324272,0.6096771794878323,0.0163194,-0.00364664,0.00395596,0.017183434440506937,0.6261624298392039,0.00027929805,2.5338251715538704
47892,0.279369,-0.00981021,0.0208333,0.214815,0.251304,0.00853964,0.3307145447244944,0.521419,0.364292,0.126832,0.6485929316983033,0.34751314132615124,0.0869602,0.027052486022545136
47916,0.206926,-0.0152879,0.0208333,0.783911,0.0486376,-0.000339186,0.7854184789664059,1.00754,-0.149011,0.0181085,1.0186604181439711,0.2990237713656134,0.021970385,0.017160477848824605
47940,0.347077,0.0265982,0.0208333,1.11696,-0.0268179,-0.00525134,1.1172942396397672,1.02357,-0.0834397,0.0562388,1.0285040257877118,0.12533458282716536,0.2531079,0.007501059925103918
47964,0.358806,0.0265994,0.0208333,1.09849,-0.0267255,-0.00321617,1.0988197651115121,1.05786,-0.054539,0.0336204,1.0597983833810845,0.061492443207396594,0.26205405,0.007496412475311107
47988,0.0174988,-0.00336234,0.0208333,1.16632,0.000988082,-0.000158033,1.1663204292476694,1.25055,0.00562576,-0.000312004,1.2505626929594829,0.08435771846310526,3.33055675e-10,0.0
48012,0.238248,-0.0282563,0.0208333,0.598865,0.172054,0.00248039,0.6230955139266788,0.463175,-0.0782055,-0.192797,0.5077576824276024,0.3452171092015315,0.06632985,0.05848880234711598
48036,0.171243,-0.0280334,0.0208333,0.661005,-0.225886,0.000295671,0.6985357417071371,-0.183944,0.090489,0.0245056,0.20645623916065117,0.9025619501664054,0.014399945,0.1183165246277966
48060,0.181341,-0.0396217,0.0208333,0.302071,-0.00522121,-0.00542788,0.3021648754507355,-0.215834,0.00162785,-0.0399644,0.21950881239481593,0.5191004429410496,0.0040178725,0.6885266879359144
48084,0.0853006,0.00163678,0.0208333,1.19597,-0.00366224,-0.000152423,1.1959756168645699,1.29727,-0.00260346,-0.000802192,1.297272860432984,0.10130761676617286,1.2456423e-07,1.868812457150262e-05
48108,0.176738,-0.0375549,0.0208333,0.333793,-0.0367675,-0.0023625,0.3358201859797889,-0.340754,0.0562018,-0.129697,0.36890817644535884,0.6927272340840512,0.0103882,0.36734452493538
48132,0.150609,-0.0350351,0.0208333,-0.290072,-0.102312,-0.000804568,0.3075876425633296,-0.230661,0.102308,0.0167252,0.2528856581541152,0.2137903273937664,0.006411074000000001,0.6162385901580653
48156,0.100644,-0.031114,0.0208333,-0.0508119,0.343805,0.00981896,0.3476782121187516,-0.0012093,0.00337556,-0.0264357,0.026677763142617484,0.3459292151830909,0.000201153025,0.12258711188375392
48180,0.130679,-0.0396426,0.0208333,-0.77956,0.00461072,-0.00556658,0.7795935089210368,-0.0075491,0.000315673,0.014517,0.01636556901708367,0.7722840328099233,0.000109181905,0.817251491280377
48204,0.352942,0.0232626,0.0208333,0.522132,-0.0307698,0.00386797,0.5230521649013231,0.534748,-0.0689739,-3.08913e-05,0.5391779143654555,0.04042174949512498,0.2019125,0.006449496104347998
48228,0.286961,-0.0342212,0.0208333,-0.142097,-0.0336184,-0.0151206,0.14680049990350852,0.0750023,-0.0230546,-0.0507113,0.09342641775290327,0.22025076130951282,0.06144764999999999,0.11614602877412555
48252,0.0882503,-0.00327648,0.0208333,1.20006,-0.00258178,-0.000100015,1.2000627813539457,1.30318,-0.00155614,-0.00091852,1.3031812528005036,0.10312834861397058,2.2203289999999997e-07,0.0
48276,0.155589,0.0321734,0.0208333,-0.333066,-0.0391358,-0.00214081,0.3353642113659358,0.0112286,-0.0296563,0.00213128,0.03178238414732916,0.3444515688197371,0.000948825,3.578505274552491e-05
48300,0.298606,0.0114259,0.0208333,-0.0565901,0.596319,-0.087595,0.6053690388548213,0.00851288,0.680756,-0.0959924,0.6875432651983834,0.1069510229060031,0.02762522,0.01269196596276558
48324,0.167153,-0.0391757,0.0208333,-0.00914291,-0.0360251,-0.00483629,0.0374805327369049,-0.231607,0.0221325,0.0192016,0.23345310331586944,0.23119342104164686,0.0051966125,0.9929768375949158
48348,0.12078,0.0281322,0.0208333,-0.280557,-0.0586056,3.80019e-05,0.28661271438040636,0.00109986,-0.0534585,-0.00584849,0.05378871396073436,0.28176538149736985,0.00013146975,0.0
48372,0.112718,-0.0342248,0.0208333,-0.476843,0.178447,-0.000405509,0.509139217597259,-0.00260211,0.0314052,-0.00337315,0.03169283364444713,0.49652242606788366,0.000530336,0.1550058063428593
48396,0.0853004,-0.00163899,0.0208333,1.19836,-0.00217257,-0.000138303,1.198361977362485,1.29826,-0.000475969,-0.00081465,1.298260342843881,0.09991669480230811,1.19520005e-07,4.448662720413855e-05
48420,0.0882439,0.00328465,0.0208333,1.19639,-0.00572302,-0.000126154,1.1964036948174108,1.30084,-0.00223576,-0.000830572,1.3008421864594586,0.10451057213041325,1.9306975000000001e-07,0.0
48444,0.237825,0.028084,0.0208333,-0.205339,0.11968,-1.40003e-05,0.2376707965169646,-0.210822,-0.11468,-0.0537978,0.24595044494539953,0.24051480203756634,0.008184499999999999,0.004976333992006565
48468,0.273928,-0.0395917,0.0208333,-0.122288,-0.000204648,0.0540634,0.13370582651613916,-0.214351,-0.00456455,-0.19045,0.2867723641108092,0.26130711336281987,0.020918725,0.5788868628670027
48492,0.27075,0.0366031,0.0208333,0.139512,0.0873528,-0.000945518,0.16460560080425066,-0.0570352,-0.0739563,-0.0912884,0.1305990823983461,0.2698393297848109,0.024960990000000002,0.015397856993750786
48516,0.0617647,0.00163524,0.0208333,1.18681,-0.000721684,-0.00020853,1.1868102377434044,1.276,-0.000828338,-0.000498564,1.2760003662655839,0.08919053534314553,1.2319545e-09,1.868812457150262e-05
48540,0.0588235,0.00327049,0.0208333,1.18524,-0.00083397,-0.000208321,1.1852403117104986,1.27973,-0.00145059,-0.000485292,1.2797309141454984,0.09449241786068993,7.3851855e-10,4.1787916913863986e-05
48564,0.05,0.00163524,0.0208333,1.18148,-0.000674683,-0.000205118,1.1814802104438924,1.26582,-0.000843621,-0.000434991,1.2658203558615897,0.08434048246034612,6.9538915e-10,0.0
48588,0.0735294,-0.00163524,0.0208333,1.19228,4.8082e-05,-0.000199004,1.1922800175774444,1.28686,0.000595472,-0.000610279,1.2868602824811093,0.09458247820255983,6.833475e-09,0.0
48612,0.03235,0.00163072,0.0208333,1.17333,-0.000718874,-0.00018931,1.1733302354913147,1.25046,-0.00101858,-0.000373147,1.2504604705243185,0.07713080136838325,6.9835835e-10,1.5258800739245532e-05
48636,0.0234997,0.00328647,0.0208333,1.16908,-0.000969651,-0.0001745,1.1690804151440188,1.25302,-0.00302373,-0.000349222,1.2530236970221744,0.08396531050568173,4.577765e-10,0.0
48660,0.0470588,0.00327049,0.0208333,1.17991,-0.000833184,-0.000203368,1.1799103116992076,1.27109,-0.00150549,-0.000429533,1.2710909641322836,0.09118275903900293,3.7718934999999997e-10,4.944410986153962e-05
48684,0.326471,0.0283648,0.0208333,1.15626,-0.0183232,-0.0171455,1.1565322716761908,1.39247,-0.0368189,0.0327552,1.3933417511236252,0.2421308218277467,0.09945255,0.007601980005235478
48708,0.320588,0.0316352,0.0208333,1.46846,0.0566102,-0.00602169,1.4695631143623933,1.79553,0.054623,0.0380768,1.7967641736541944,0.33003546882739754,0.0538764,0.012467598004427316
48732,0.376471,0.0267295,0.0208333,1.0916,-0.0136685,-0.00224882,1.0916878881272074,1.18158,-0.0478452,0.0154331,1.1826489927863846,0.09786264618216918,0.1608959,0.0075129222011145564
48756,0.0676471,0.00163524,0.0208333,1.18938,-0.000842501,-0.000206924,1.1893803163939938,1.28109,-0.000846468,-0.000545475,1.281090395776602,0.09171062497070163,2.4365265e-09,4.315842907243033e-05
48780,0.03235,-0.00163977,0.0208333,1.17331,0.000730284,-0.000189154,1.173310242516427,1.25112,0.00145775,-0.000373147,1.251120904898382,0.07781361808967115,6.940571e-10,0.0
48804,0.0764706,-0.00327049,0.0208333,1.1934,-5.00302e-06,-0.000191519,1.1934000153781454,1.29344,0.00121339,-0.00066329,1.2934407392180425,0.10004853147061983,1.1140595e-08,3.737619563304965e-05
48828,0.376471,0.0332705,0.0208333,1.38653,0.000993237,-0.000933855,1.3865306702359308,1.4725,-0.0149537,0.0273775,1.472830401183361,0.09190581331786349,0.07935166,0.011173182178770738
48852,0.0705882,0.00327049,0.0208333,1.19034,-0.00106105,-0.00020463,1.1903404904902375,1.28845,-0.00152793,-0.000581277,1.2884510370801974,0.09811183384228957,3.5651805e-09,3.737619563304965e-05
48876,0.38874,0.033684,0.0208333,1.37058,-0.00596234,-0.000366695,1.3705930177713217,1.47245,0.00798502,0.019633,1.4726025321631768,0.10474737968590266,0.07063430999999999,0.010988448480108555
48900,0.335294,0.0332705,0.0208333,1.45805,0.0184165,-0.00394208,1.4581716325477523,1.81628,-0.0146374,0.0148457,1.8163996494954653,0.3602419657432186,0.05809895,0.011793769541584233
48924,0.335295,0.0267098,0.0208333,1.13603,-0.0266197,-0.00985532,1.136384572519529,1.07181,-0.0543819,0.0365917,1.0738123763751746,0.08397781740269522,0.1687606,0.0073280966150836195
48948,0.0470588,-0.00327049,0.0208333,1.17989,0.000812091,-0.000203257,1.1798902969790033,1.27163,0.00154165,-0.000429699,1.271631007103064,0.0917431803041176,3.7105405e-10,0.0
48972,0.323529,0.0332705,0.0208333,1.47013,0.0439523,-0.00408038,1.470792531622402,1.90757,0.0431575,0.0195835,1.9081586381059883,0.43808031743470793,0.05375239,0.012566900970406348
48996,0.0647059,-0.00327049,0.0208333,1.18794,0.000618858,-0.000207701,1.1879401793545539,1.28459,0.00136723,-0.000526993,1.2845908356902966,0.09665342470927571,1.56151e-09,2.854657597681375e-05
49020,0.0411765,-0.00327049,0.0208333,1.17719,0.000845681,-0.000198752,1.177190320542397,1.26731,0.00163395,-0.000409131,1.2673111193707634,0.09012369292999482,3.420057e-10,3.578505274552491e-05
49044,0.0235025,-0.00333729,0.0208333,1.16902,0.000967398,-0.000174201,1.1690204132541393,1.25345,0.00278111,-0.000349705,1.2534531340925432,0.08444966105836638,4.24078135e-10,4.0370905365126505e-05
49068,0.364693,0.0266621,0.0208333,1.09465,-0.0214993,-0.00282492,1.0948647508133122,1.10283,-0.0563153,0.0278139,1.1046171440582027,0.0470935616299341,0.22447205,0.007570072654869304
49092,0.338239,0.028337,0.0208333,1.13901,-0.0224555,-0.0092779,1.139269111759228,1.29213,-0.0662823,0.0360485,1.2943310142871258,0.1655928903522128,0.18199844999999998,0.007907066459819343
49116,0.382434,0.0333549,0.0208333,1.37995,-0.00239993,-0.00069599,1.3799522624229017,1.46117,-0.00691979,0.0238677,1.4613813053056803,0.08497348057385734,0.0763723,0.01114724181131817
49140,0.0294088,0.00326597,0.0208333,1.17182,-0.000913268,-0.000185174,1.1718203705124135,1.25829,-0.0019421,-0.000372048,1.2582915537633257,0.08647632229215156,3.7628685e-10,0.0
49164,0.379478,0.0283776,0.0208333,1.10254,-0.0137691,-0.00224026,1.102628250354433,1.27819,-0.046537,0.034354,1.2794981695121723,0.18238913793139536,0.15418325,0.008002574585719274
49188,0.0529412,0.00327049,0.0208333,1.18259,-0.000822965,-0.000206559,1.1825903043903294,1.27541,-0.00147226,-0.000454246,1.2754109306372343,0.09282260141176273,4.734554e-10,3.23688121499693e-05
49212,0.0617647,-0.00163524,0.0208333,1.18686,0.000523733,-0.000208282,1.1868601338311295,1.27658,0.000768291,-0.000498745,1.2765803286192514,0.08972080348152114,1.2701465e-09,4.5776413140393603e-05
49236,0.329412,0.0267295,0.0208333,1.14499,-0.0264278,-0.0136,1.145375697626259,1.08485,-0.0404832,0.0344527,1.0861516471098915,0.07825238556395571,0.13306015,0.0071362034724354656
49260,0.308789,0.0315283,0.0208333,1.42659,0.18546,0.000490237,1.438594689282675,1.76828,0.370676,0.0387028,1.8071283192136192,0.3905345346150952,0.0583225,0.013603161397263504
49284,0.0382353,-0.00163524,0.0208333,1.17603,0.000693542,-0.00019596,1.1760302208280309,1.2562,0.00105157,-0.000391802,1.2562005012370725,0.08017103864948838,6.658686000000001e-10,0.0
49308,0.0441176,-0.00163524,0.0208333,1.17875,0.000668396,-0.000201162,1.1787502066677922,1.26132,0.000931831,-0.000411781,1.2613204114231262,0.0825706888572597,6.544629e-10,0.0
49332,0.370587,0.0267098,0.0208333,1.09232,-0.0164506,-0.00252661,1.0924467897332355,1.14629,-0.0538736,0.0243356,1.1478132906985874,0.07095646661921737,0.1850694,0.00757495214506336
49356,0.326471,0.0316352,0.0208333,1.46532,0.0341541,-0.00622857,1.465731216844021,1.7602,-0.00379785,0.0351626,1.7605552737995427,0.3001796026760836,0.058501449999999997,0.012026304503046644
49380,0.320588,0.0283648,0.0208333,1.16543,-0.00522906,-0.0250619,1.1657111678285037,1.40483,0.0179857,0.018858,1.4050716844590136,0.24449998506721352,0.1068496,0.007563623470268731
49404,0.0823529,-0.00327049,0.0208333,1.19636,-0.000871526,-0.000163005,1.1963603285499727,1.29829,0.000734222,-0.000774068,1.298290438370095,0.10194447863729278,4.18359e-08,0.0
49428,0.0823532,0.00328146,0.0208333,1.19469,-0.00267631,-0.000172365,1.1946930101264128,1.29723,-0.00194852,-0.000752456,1.2972316816283138,0.10254422355185297,3.94357e-08,3.05175850944992e-05
49452,0.05,-0.00163524,0.0208333,1.18147,0.000638578,-0.000205016,1.1814701903617468,1.2664,0.000859932,-0.000434967,1.266400366661087,0.08493059975683505,6.9169315e-10,3.737619563304965e-05
49476,0.305814,0.0331064,0.0208333,1.38091,0.294446,0.00781159,1.411974467175072,1.71609,0.533785,0.0207788,1.7973099545861417,0.41206423996287755,0.10603089,0.015177944524868972
49500,0.0735294,0.00163524,0.0208333,1.19185,-0.0011377,-0.000200763,1.191850559913898,1.2862,-0.000969882,-0.000609539,1.2862005101106462,0.09435103476220749,6.6009635e-09,0.0
49524,0.0676471,-0.00163524,0.0208333,1.18956,0.000375323,-0.000206301,1.1895600770988646,1.28169,0.000708156,-0.000545868,1.2816903118759981,0.09213122697301597,2.5462565e-09,0.0
49548,0.373529,0.0316352,0.0208333,1.38803,0.00137262,-0.00138038,1.3880313650759515,1.41819,-0.0321653,0.0339296,1.4189604294624463,0.05728186768539236,0.104606905,0.010891556362614114
49572,0.317647,0.0332705,0.0208333,1.4711,0.0771593,-0.00254973,1.4731243222143755,1.92605,0.122447,0.0199068,1.9300409713255415,0.4577496848834861,0.056491665,0.013070271611561865
49596,0.308819,0.028215,0.0208333,1.22215,0.191631,-0.0445976,1.2378861048524457,1.49442,0.352453,0.00699165,1.5354358133047186,0.3203999364849539,0.0663682,0.008414291414016988
49620,0.338238,0.0316271,0.0208333,1.45135,0.0142372,-0.00480783,1.451427792069984,1.65514,-0.0436936,0.0286792,1.6559649896038264,0.21449410916587186,0.075738,0.01131808287652993
49644,0.341189,0.026662,0.0208333,1.12717,-0.0261442,-0.00722738,1.1274963251005763,1.04482,-0.0719223,0.0341306,1.0478485327057772,0.10289625575933455,0.22058145,0.007457881736793632
49668,0.317648,0.0267225,0.0208333,1.1777,0.00793172,-0.0303658,1.1781181112230634,1.08791,0.0418536,0.00166477,1.0887160618784464,0.10118742736753072,0.09970884999999999,0.007313084164700964
49692,0.0352941,0.00327049,0.0208333,1.17451,-0.000879216,-0.000192952,1.1745103449315586,1.2624,-0.00166528,-0.000390861,1.2624011588753392,0.08789373791450891,3.5479314999999994e-10,2.1579179780519927e-05
49716,0.0352941,-0.00327049,0.0208333,1.17449,0.000882478,-0.000192799,1.1744903473587491,1.26313,0.00189246,-0.000390927,1.2631314781639997,0.08864597519540703,3.476487e-10,1.868812457150262e-05
49740,0.332353,0.0316352,0.0208333,1.45948,0.0218842,-0.00570032,1.4596551929335033,1.70967,-0.0311378,0.0301839,1.7102199096338606,0.25825190382455726,0.06726649999999999,0.011625446227994864
49764,0.311758,0.0332571,0.0208333,1.45262,0.145259,0.000602295,1.4598648582112892,1.89223,0.252956,0.02252,1.909195710564006,0.4531401347281733,0.07048362500000001,0.013800434775759783
49788,0.311789,0.0266663,0.0208333,1.2088,0.110218,-0.0463526,1.2146991442537367,1.1473,0.177618,-0.0126017,1.161035850767275,0.0972837769148074,0.07845775,0.007639751304852796
49812,0.0441176,0.00163524,0.0208333,1.17878,-0.000683803,-0.000201269,1.1787802155176141,1.26073,-0.000865356,-0.000411838,1.2607303642538101,0.08195047163253891,6.6061895e-10,3.578505274552491e-05
49836,0.323529,0.0267295,0.0208333,1.15435,-0.0202115,-0.0192467,1.1546873441296306,1.09026,-0.0123922,0.0331869,1.0908353700501512,0.08317422654554713,0.1229465,0.0073948698433441
49860,0.332353,0.0283648,0.0208333,1.14757,-0.0223807,-0.0125457,1.1478567834102738,1.34406,-0.0527823,0.0382825,1.345640666968541,0.2052220341430228,0.14072215,0.007790898536112507
49884,0.341188,0.0332779,0.0208333,1.4494,0.0122677,-0.00326798,1.449455599925907,1.76413,-0.0237092,0.0157828,1.7643599065498172,0.3173519220868504,0.061304185,0.01154668783677813
49908,0.0382353,0.00163524,0.0208333,1.17606,-0.000700839,-0.000196086,1.1760602251691976,1.2556,-0.000947632,-0.000391932,1.2556004187706773,0.07954062397568022,6.713499e-10,3.737619563304965e-05
49932,0.314705,0.031614,0.0208333,1.45954,0.0995538,-0.00372694,1.4629360412458925,1.79719,0.164859,0.0366493,1.805107630356564,0.34626945057798214,0.05119,0.01295885797437413
49956,0.364694,0.0332779,0.0208333,1.40387,0.00261165,-0.00144762,1.4038731756178642,1.55556,-0.0236201,0.0291549,1.5560124777513902,0.15695373534393162,0.07590303000000001,0.011101171109392018
49980,0.385779,0.0317576,0.0208333,1.37085,-0.00679442,-0.000997512,1.3708672005972447,1.38918,-0.00989973,0.0254606,1.3894485665926728,0.032336721243822024,0.10165785,0.010966129672769696
50004,0.379478,0.0316481,0.0208333,1.37945,-0.00172927,-0.00118291,1.3794515910864003,1.39501,-0.0232785,0.03077,1.3955434717565234,0.0415628604773661,0.10330625,0.010949840181482103
50028,0.367643,0.028337,0.0208333,1.10175,-0.0166874,-0.00285621,1.101880070495117,1.2466,-0.0685882,0.0435728,1.249245568364795,0.16071984479279489,0.18548815,0.007960282658298007
50052,0.370588,0.0332705,0.0208333,1.39493,0.00245755,-0.00114542,1.3949326350899454,1.50834,-0.0199054,0.0281322,1.5087336415769352,0.11924390410233515,0.07952138,0.011128207402812009
50076,0.0647059,0.00327049,0.0208333,1.18784,-0.000892616,-0.000208126,1.1878403536164932,1.28405,-0.00145812,-0.00052596,1.2840509356127021,0.09621218692673789,1.4510465e-09,0.0
50100,0.329412,0.0332705,0.0208333,1.46466,0.027635,-0.00431215,1.4649270300812334,1.86728,0.00519126,0.0160215,1.8673559478692427,0.4037574063562303,0.055197255,0.012164908548772571
50124,0.314706,0.0283365,0.0208333,1.1879,0.0520082,-0.0355083,1.1895680317813395,1.41839,0.121831,0.00562615,1.4236237699001877,0.24432131809697355,0.09354145000000001,0.007652300307750604
50148,0.0294077,-0.0032947,0.0208333,1.17176,0.000927713,-0.000184972,1.1717603818469247,1.25868,0.00237986,-0.000372419,1.2586823049640172,0.0869323315417655,3.5946445e-10,0.0
50172,0.0411765,0.00327049,0.0208333,1.17722,-0.00085402,-0.000198876,1.1772203265752013,1.2668,-0.00156205,-0.000409033,1.2668010290918608,0.08958304455892056,3.505616e-10,0.0
50196,0.373529,0.0283648,0.0208333,1.10014,-0.0135179,-0.00253665,1.1002259712502847,1.26407,-0.0596044,0.0407309,1.2661297941420422,0.17569601949177033,0.1639365,0.00798522385409451
50220,0.0529412,-0.00327049,0.0208333,1.18258,0.000773313,-0.000206437,1.1825802708608117,1.27593,0.00147581,-0.000454512,1.2759309344538654,0.09335297286771667,4.797167e-10,0.0
50244,0.0588235,-0.00327049,0.0208333,1.18526,0.000717476,-0.00020813,1.1852602354292947,1.28025,0.00142613,-0.000485784,1.280250886480018,0.09499304912589898,7.759030000000001e-10,0.0
50268,0.0764706,0.00327617,0.0208333,1.19262,-0.00149854,-0.000194788,1.192620957372667,1.29305,-0.00165967,-0.000657089,1.293051232074918,0.10043119328720287,1.0640825e-08,0.0
50292,0.367644,0.0316272,0.0208333,1.39649,0.00244447,-0.00169719,1.3964931707629211,1.4486,-0.0384391,0.0358751,1.4495539131777126,0.07614850866424773,0.10497475,0.010811521632036815
50316,0.0264508,0.00162328,0.0208333,1.1706,-0.000756566,-0.000180294,1.170600258370909,1.24498,-0.00180822,-0.000352314,1.2449813629869015,0.07438763315912195,7.64632295e-10,0.0
50340,0.0705882,-0.00327049,0.0208333,1.19063,0.000420067,-0.000203484,1.1906300914902255,1.28897,0.00128624,-0.000583653,1.2889707738983696,0.09834454933617046,3.818615e-09,0.0
50364,0.0558824,0.00163524,0.0208333,1.18416,-0.000680948,-0.000207638,1.184160213992903,1.27091,-0.000829423,-0.000463072,1.2709103550125753,0.08675050311873678,8.307697e-10,0.0
50388,0.0264497,-0.00166689,0.0208333,1.17054,0.000765808,-0.000180075,1.1705402643603928,1.24588,0.00186912,-0.000352776,1.2458814520091712,0.07534827617805713,7.3107956e-10,0.0
50412,0.382399,0.0267096,0.0208333,1.09227,-0.0175772,-0.00198043,1.0924132153003392,1.2097,-0.0383623,0.00292972,1.210311670323214,0.11935633563004723,0.1464018,0.00746842687585545
50436,0.0794118,0.00164093,0.0208333,1.194,-0.00187703,-0.000185517,1.1940014898056779,1.29192,-0.00136613,-0.000696992,1.2919209103149563,0.09792266859867345,2.51166e-08,6.651150276455945e-05
50460,0.0558824,-0.00163524,0.0208333,1.18417,0.000596773,-0.000207507,1.184170168555672,1.27149,0.000815052,-0.000463117,1.2714903455736966,0.0873206469409953,8.394375e-10,3.23688121499693e-05
50484,0.385744,0.0283828,0.0208333,1.10942,-0.0244069,-0.00220004,1.1096906205531394,1.28481,-0.0267764,0.0259181,1.2853503256328875,0.17764542332216043,0.15522650000000002,0.00802235626234587
50508,0.0794118,-0.00163524,0.0208333,1.19513,-0.000639146,-0.000180526,1.1951301845394275,1.29231,0.000208544,-0.000698506,1.2923102056012836,0.09718507746365442,2.5165395000000004e-08,0.0
50532,0.102954,-0.0392071,0.0208333,-0.112817,0.0276729,0.0040234,0.11623103127379539,0.0178684,-0.00119926,-0.00910884,0.020092011080357287,0.1344794821660286,9.8161104e-05,0.6375774462761368
50556,0.232863,0.0310023,0.0208333,-0.362963,0.0624477,-5.36621e-05,0.36829588306674155,-0.229381,-0.0627489,-0.0669752,0.2470602052683718,0.1949277599790782,0.0075128,0.005450293570074918
50580,0.250289,-0.0367562,0.0208333,-0.0600398,0.00914931,0.0240227,0.06531138930390396,-0.0714641,-0.00171854,0.0966522,0.12021530157755127,0.07432139035541853,0.07234815,0.45550082327038666
50604,0.249445,-0.0368356,0.0208333,-0.0550531,0.00895171,0.0234343,0.06049911857229079,-0.0845179,-0.0186552,0.0902975,0.1250796962488317,0.07810892031662005,0.06989515,0.4638782167767743
50628,0.170145,-0.0391373,0.0208333,0.0944756,-0.0208575,-0.00606929,0.09694075810882696,-0.269366,0.0281794,0.000567109,0.270836559852945,0.36719118895182823,0.005431126,0.9790413678696115
50652,0.223828,-0.0391782,0.0208333,0.390693,0.00720917,-0.000563072,0.39075991277402816,-0.163595,0.0118179,0.0686259,0.17779904649974926,0.5586085760016845,0.029381705,0.74769311886629
50676,0.222402,-0.0391651,0.0208333,0.400372,0.00641442,-0.000858557,0.40042430032161963,-0.14957,0.00964615,0.0315885,0.15317332157419747,0.5509078497813897,0.030758035,0.6599863634954892
50700,0.0940337,-0.00324103,0.0208333,1.20616,-0.00491453,1.94506e-05,1.2061700123048353,1.30409,-0.0108688,-0.00106286,1.3041357247559855,0.09811681623181516,1.4973685e-06,5.285801736728308e-05
50724,0.144754,-0.0391707,0.0208333,-0.63769,-0.00669762,-0.00835168,0.6377798560416336,-0.0686619,0.00868113,-0.000811107,0.06921326768945639,0.5692858199378769,0.001596783,1.7570913465155988
50748,0.146305,-0.0391978,0.0208333,-0.607153,-0.00568377,-0.00897083,0.6072458698429343,-0.0770129,0.0120057,-0.0049963,0.07810305123738764,0.5304500352206718,0.0013878345,1.8285075881712933
50772,0.190915,-0.0305956,0.0208333,0.760773,-0.0625977,0.000744303,0.7633443414090694,-0.222003,0.142602,-0.0650394,0.2717550109296239,1.006122795008881,0.016585984999999998,0.23669685253505168
50796,0.271698,-0.0368099,0.0208333,-0.150693,-0.00753359,0.0326031,0.15436352340141143,-0.0145357,0.0255767,-0.0161001,0.03353606085082146,0.14834791315490117,0.10042485000000001,0.22902292461672913
50820,0.197573,-0.0360841,0.0208333,0.6406,-0.0119899,-0.000275613,0.6407122549667172,-0.254719,0.0819178,-0.169203,0.3165785054719287,0.9159428093276009,0.021248815,0.4727060397329402
50844,0.16541,-0.0338007,0.0208333,0.290681,-0.181875,-0.000715356,0.3428913401067556,-0.260235,0.130948,-0.0847373,0.30339750153930073,0.6390824324439994,0.01134802,0.3777591825488826
50868,0.142059,-0.0383775,0.0208333,-0.666398,-0.0111165,-0.00544205,0.6665129307706285,-0.10534,0.0161385,0.00671323,0.1067803082936311,0.561851105917643,0.002116787,1.3769676829904178
50892,0.143255,-0.0391919,0.0208333,-0.665345,-0.00393554,-0.00835371,0.6654090786657901,-0.0595043,0.00707794,0.00798309,0.060453194118108435,0.6061609864981747,0.00160858015,1.9503794502608973
50916,0.294058,-0.0312613,0.0208333,-0.103798,-0.0831986,-0.0669611,0.14892891176386808,0.0974711,-0.0876576,-0.0283461,0.13411924380259532,0.20498841801626258,0.06918235,0.08358941320526182
50940,0.287988,-0.0383471,0.0208333,-0.176453,-0.00959482,0.0119882,0.17711984281573986,-0.152717,-0.021404,-0.093184,0.18017733253936244,0.10846218733324717,0.119333785,0.22575606304150503
50964,0.0993983,-0.00630007,0.0208333,1.16584,0.00295368,0.000429082,1.1658438205595574,1.20355,0.00394409,-0.0011887,1.2035570494802554,0.03775767776979428,6.491805000000001e-06,0.00011056039073737031
50988,0.22688,-0.0383115,0.0208333,0.444995,0.0264532,0.000209873,0.4457806252652936,-0.178279,0.0379762,0.136348,0.2276320950820424,0.6380727609199973,0.02719978,0.5910296100873458
51012,0.237061,-0.0358327,0.0208333,0.378443,0.0785128,0.00339632,0.3865163631754578,-0.0532623,0.0583961,0.203772,0.2185635035418768,0.47636599459075835,0.04157175,0.19964869145576689
51036,0.1014,-0.0125934,0.0208333,-0.0206086,0.291286,0.00475193,0.29205278466175405,-0.239142,0.155096,0.00262892,0.28504486769694065,0.25750547603307405,0.0002297735,0.03588105349623949
51060,0.183715,-0.0384604,0.0208333,0.421157,-0.0137156,-0.00284657,0.421389889880055,-0.368156,0.0149941,-0.129281,0.3904833419389488,0.7998905699734901,0.01061599,0.4399386320840669
51084,0.232878,-0.0392428,0.0208333,0.270964,0.0145522,0.00204976,0.2713622253315623,-0.248064,0.0130388,0.177614,0.3053727089925359,0.5479189333563294,0.0232285145,0.6480532385537472
51108,0.190242,-0.0396531,0.0208333,0.406619,-0.00603667,-0.00395444,0.4066830339974886,-0.202142,0.00156248,-0.0692652,0.21368551059627416,0.6123015577095163,0.0036870847999999996,1.0128079778516754
51132,0.186638,-0.0302432,0.0208333,0.737628,-0.0861111,0.000700794,0.7426376498935672,-0.219726,0.150337,-0.0644116,0.2739152840926552,0.9882681868612493,0.014949035,0.23873855993534016
51156,0.159145,-0.0310316,0.0208333,0.362941,-0.27073,-0.000303651,0.4527924409538324,-0.211247,0.117124,-0.0428664,0.2453178644819003,0.694214788276969,0.007276345,0.2782152044730841
51180,0.194863,-0.0140298,0.0208333,0.784079,-0.0515862,-0.000222128,0.7857741810547662,1.12538,-0.163381,0.027974,1.1375218856079208,0.36024917979397597,0.01432768,0.011255487550523966
51204,0.214892,-0.0391329,0.0208333,0.459722,0.00463818,-0.00156755,0.45974806928437983,-0.186649,0.0176089,-0.114611,0.21973530413024214,0.6563097826531469,0.022109504999999998,0.5264418296450236
51228,0.226436,-0.031269,0.0208333,0.671583,0.0919196,0.000983584,0.6778450458553527,0.200953,0.0350159,-0.23197,0.3088985308508443,0.5282026128978681,0.058967649999999996,0.21477802494668768
51252,0.294023,0.0338358,0.0208333,0.897058,0.296806,0.00619156,0.9449048589224386,0.812313,0.159016,-0.0226854,0.8280417414588228,0.1643218729927383,0.0897558,0.017487338276593153
51276,0.213281,-0.038534,0.0208333,0.547028,0.0105604,-0.00124527,0.5471313421195434,-0.165843,0.0240065,-0.116779,0.2042487393651427,0.7222976554121734,0.02209746,0.38598575103234056
51300,0.269318,-0.0396181,0.0208333,-0.113352,0.000229181,0.0435519,0.12143103566033174,-0.185019,0.0105491,-0.0875423,0.2049560151864297,0.1497609725222381,0.0224613735,0.682586258285354
51324,0.109675,-0.0395853,0.0208333,-0.41851,0.029933,-0.00259442,0.41958710133193605,0.00283813,0.00222172,0.00878005,0.009491064200488794,0.42241157685546,7.287336250000001e-05,2.7355273714587467
51348,0.284707,0.0285774,0.0208333,0.541279,0.356612,0.00154202,0.6481955354757392,0.375181,0.248258,0.020569,0.45035086442239675,0.1992264061009995,0.048068950000000006,0.018925696816762125
51372,0.137221,-0.0385526,0.0208333,-0.734741,-0.00585785,-0.00427749,0.7347768017624962,-0.0821751,0.00131716,0.0289288,0.08712839628912954,0.653449609615672,0.00117530725,1.3101183152677471
51396,0.161942,0.0384455,0.0208333,-0.389193,-0.0156256,-0.00197056,0.3895115322183332,-0.0242423,-0.0139159,0.00196825,0.028021694990890543,0.36497595911072844,0.0005492915,0.0
51420,0.207469,-0.0383295,0.0208333,0.571765,0.00839958,-0.00137525,0.5718283479172215,-0.221892,0.0080013,-0.12595,0.25527139080925226,0.803374421184494,0.0250436,0.3986489683919927
51444,0.135821,-0.0392312,0.0208333,-0.756001,-0.00131143,-0.00622574,0.7560277717704507,-0.0535497,-0.00342793,0.0360685,0.06465491293339509,0.7037265883715903,0.0005446114999999999,1.2022894826122368
51468,0.121554,-0.0376903,0.0208333,-0.743568,0.0347991,-0.00152611,0.744383420688923,0.00858699,0.0174428,0.0454427,0.04942698303953116,0.7538198984136769,0.00083450965,1.4010995681963505
51492,0.259716,-0.0392509,0.0208333,-0.0602651,0.00448524,0.0230148,0.06466591586692019,-0.277793,0.0249908,-0.122825,0.3047613354063143,0.26269395222076125,0.0627501,0.6709560343271384
51516,0.19892,-0.0377418,0.0208333,0.57422,-0.00330505,-0.00152941,0.5742315481149138,-0.293671,0.0439234,-0.172767,0.3435409110972957,0.8858823999828704,0.017837895,0.6228683649054589
51540,0.104609,-0.038458,0.0208333,-0.222889,0.0816063,0.000805073,0.23735994325754575,0.0199878,0.00343981,-0.0142868,0.024808407766644357,0.2555912846084706,0.0001984705,0.5358927131432186
51564,0.298896,-0.0337152,0.0208333,-0.0259932,-0.107658,-0.100045,0.14924775856018743,0.0339366,-0.297293,-0.102466,0.3162816811397081,0.19889413112015145,0.14449123,0.05701938266940462
51588,0.123279,0.0334627,0.0208333,-0.300473,-0.0327944,-0.000230159,0.3022574223630005,0.0350199,-0.0250924,-0.00564295,0.043449566378417404,0.3356249470179767,1.3523320000000001e-05,0.0
51612,0.352942,0.0265415,0.0208333,1.10282,-0.0282261,-0.00392209,1.103188128974917,1.0309,-0.0652088,0.0493782,1.0341398378520574,0.09685622031327723,0.26106039999999997,0.007387340522813335
51636,0.176834,-0.0396385,0.0208333,0.227064,-0.00296047,-0.00642458,0.2271741616179034,-0.207561,0.00240791,-0.0160756,0.20819652174550876,0.43476528416591037,0.003732119,0.861887463651723
51660,0.123821,-0.0392995,0.0208333,-0.769371,0.00807541,-0.00361777,0.7694218843699736,0.0206515,0.0037457,0.0264823,0.03379092975977429,0.7906075582164259,0.00019098854999999998,2.6522386770424715
51684,0.122452,-0.0392049,0.0208333,-0.754698,0.0121959,-0.00320586,0.7548033444011424,0.02369,0.00344374,0.0312444,0.03936099562444527,0.7791991396701701,0.00010086909999999999,2.34780961749457
51708,0.293661,-0.0345116,0.0208333,-0.116202,-0.0613128,-0.0596119,0.14427661927509253,0.0412309,-0.0739917,-0.0689654,0.1092290491621162,0.15821934290683295,0.07670869999999999,0.07014028799484644
51732,0.243078,-0.0329494,0.0208333,0.394833,0.141754,0.00542556,0.4195434793991126,0.200329,0.0120644,0.122002,0.23486537844552569,0.2612302906005228,0.06269515,0.18001499937505208
51756,0.167477,0.0286013,0.0208333,-0.324592,-0.0738371,-0.00149749,0.33288755800827113,-0.0808149,0.0038477,0.0785101,0.11273725497505249,0.26807352926586786,0.0018043399999999998,1.868812457150262e-05
51780,0.234439,-0.0350237,0.0208333,0.464784,0.0826763,0.00223226,0.4720852891400002,-0.0297259,0.071779,0.163983,0.18145599538403243,0.5204057015789196,0.04239065,0.1162626337221035
51804,0.101861,-0.0344569,0.0208333,-0.100901,0.221261,0.00641473,0.2432665013580228,-0.00344881,-0.011298,-0.0337219,0.03573101781402399,0.2553263928475727,0.0003265735,0.17028622962529882
51828,0.261887,-0.0120314,0.0208333,0.511224,0.37964,0.00407794,0.636783430508869,0.900029,0.189852,0.0296329,0.9203119533654933,0.4334072783763577,0.049359454999999997,0.0231589939332433
51852,0.172551,0.0310085,0.0208333,-0.379474,-0.0603931,-0.00125609,0.38425176768064195,-0.0651047,0.0332997,0.072998,0.10332569857581414,0.3363332684051015,0.0034715889999999998,2.1579179780519927e-05
51876,0.12155,-0.018487,0.0208333,0.413671,-0.036944,-0.0049059,0.4153463894532009,-0.120689,0.0576203,-0.00368612,0.1337890921328955,0.5426642648062782,0.001171425,0.1238305293536291
51900,0.287809,-0.0335764,0.0208333,-0.140514,-0.0372895,-0.019508,0.1466807863022625,0.0923558,-0.0459745,-0.0466465,0.11322166049895224,0.23460663068057136,0.05882805,0.10683351534045858
51924,0.258684,-0.0361431,0.0208333,-0.0960205,0.0119945,0.021964,0.09922812981458433,-0.0719199,0.0546674,-0.0325385,0.09601953249740387,0.0732962333344627,0.104198,0.39443377137359825
51948,0.238646,-0.0105858,0.0208333,0.638585,0.286088,0.000127114,0.6997407820950334,1.01903,-0.0369977,-0.00696333,1.0197251878177667,0.49917235697262646,0.010755339,0.0032537055797966724
51972,0.186257,-0.0277919,0.0208333,0.781007,-0.103648,0.000640839,0.7878548423584283,-0.274318,0.135557,0.0068408,0.3060602259648254,1.0821128994547664,0.01514927,0.19260841103129428
51996,0.250077,0.0384794,0.0208333,-0.273079,0.0282311,-0.0018286,0.27454048704365996,-0.235636,-0.00763627,-0.0516746,0.2413563784130697,0.07192405853201625,0.00597106,0.01482056004339917
52020,0.288274,0.0368801,0.0208333,0.631001,0.114176,0.00276397,0.6412535072084682,0.519142,0.0648567,-0.0972435,0.5321382395497809,0.15794405113612514,0.038008150000000004,0.015559402302145156
52044,0.265811,0.0320683,0.0208333,0.111461,0.156318,-0.000629171,0.191987675388675,-0.103468,-0.00455082,-0.103034,0.14609018496350945,0.28733256218485165,0.039446355,0.016519110145525394
52068,0.271021,-0.0396358,0.0208333,-0.110429,-0.00195334,0.0477458,0.12032473143870133,-0.22517,0.0205844,-0.153866,0.2734958726916368,0.23306815463410613,0.023884908499999996,0.9450232801365266
52092,0.243945,-0.0396237,0.0208333,-0.0295415,-0.00146983,0.0100859,0.031250376018360164,-0.204837,-0.0160881,0.0642541,0.21528031237765333,0.18405542651408813,0.0242595375,0.7956676441831727
52116,0.216559,-0.0383353,0.0208333,0.542269,0.0134447,-0.000930431,0.5424364423791379,-0.138436,0.0462822,-0.0857657,0.1692995080599173,0.6867565953797258,0.02667954,0.41934830391930766
52140,0.132865,-0.0350165,0.0208333,-0.60307,-0.0228363,0.00158458,0.6035042935982033,-0.0955806,0.0277649,0.0233949,0.10224412997517265,0.5104719998318247,0.001786727,0.6359732698785382
52164,0.214484,0.02884,0.0208333,-0.423302,0.0315408,0.000769573,0.4244761448082122,0.0301373,-0.0251724,-0.0255996,0.04687479166044368,0.4577323662615895,0.0047461135,0.00023932467486659207
52188,0.140272,-0.0367872,0.0208333,-0.625618,-0.0244029,-0.00164391,0.6260959079026935,-0.135846,0.0328791,0.00972915,0.14010648554771654,0.49324150879844203,0.0025538139999999997,1.1155760843617974
52212,0.111011,-0.0334799,0.0208333,-0.414135,0.220937,-0.000592986,0.46938396630732515,-0.00780552,0.0358849,0.00316156,0.03685983792848253,0.4464997454054666,0.0005639366,0.16140353155987636
52236,0.149824,-0.0371133,0.0208333,-0.439965,-0.054779,-0.00481248,0.44338820465789386,-0.191985,0.0531501,0.0108413,0.19950114571275024,0.2709018491171635,0.0057481189999999995,0.708865995798924
52260,0.201476,-0.0392339,0.0208333,0.486147,-0.000808532,-0.002568,0.4861544548361097,-0.318386,0.00139565,-0.109425,0.3366681206469102,0.8116012721504872,0.01522744,0.7682284816381126
52284,0.0967138,-0.0016479,0.0208333,1.21182,-0.00944503,9.22855e-05,1.2118568106456777,1.30604,-0.00604685,-0.00104277,1.306054414396351,0.09428809245233737,2.383772e-06,4.315842907243033e-05
52308,0.153541,-0.0381661,0.0208333,-0.374938,-0.0395724,-0.00842453,0.3771146395878591,-0.200121,0.0392046,0.0279425,0.20583050942076103,0.19516495609873435,0.00685386,0.5971733416688993
52332,0.114686,-0.0357303,0.0208333,-0.569854,0.122454,-0.000493939,0.5828625973655674,0.0016354,0.0084251,-0.00368509,0.009340060571436354,0.5827631661252062,0.0008651759999999999,0.48123798686304886
52356,0.229739,-0.0274166,0.0208333,0.69316,0.135026,0.00118965,0.706189933051387,0.366273,-0.0841682,-0.22746,0.4392928954811812,0.4551723525520443,0.06995175,0.07248275657009741
52380,0.162498,-0.0270287,0.0208333,0.598502,-0.309442,-1.69762e-05,0.6737647925323728,-0.226307,0.0659199,0.00676038,0.23580923264951778,0.906229758399972,0.008926835000000001,0.11455391743628848
52404,0.241402,-0.0279796,0.0208333,0.563427,0.189629,0.00320339,0.594490877707549,0.49249,-0.0794995,-0.169584,0.526901607187006,0.32759378752391216,0.062317349999999994,0.044738238677891645
52428,0.106239,-0.00993442,0.0208333,0.869508,-0.0300446,0.00232371,0.8700300222873485,0.73989,3.40632e-05,-0.00254366,0.7398943731820761,0.13315120425522223,7.651665e-05,0.006723146584747353
52452,0.211949,-0.0393149,0.0208333,0.457682,0.00618446,-0.00197359,0.45772803685920277,-0.194721,0.00815301,-0.112711,0.2251366450271037,0.6617373524077439,0.01586719,0.6009134713084738
52476,0.170767,-0.0101755,0.0208333,0.791094,-0.26592,0.000955661,0.8345921617915825,1.15709,-0.148028,0.0116507,1.1665784567248316,0.38466346270371393,0.0041879835500000006,0.004199976190408703
52500,0.218671,-0.039554,0.0208333,0.423628,0.0071497,-0.0012875,0.4236902857634808,-0.119385,0.00868863,-0.0317533,0.12384079528639544,0.5438691491932456,0.013566457,0.6612102540039742
52524,0.285084,-0.0383464,0.0208333,-0.181143,-0.0064155,0.0270613,0.1832655424430354,-0.186938,0.0165694,-0.1063,0.21568507333693726,0.13545155588142946,0.092999775,0.36121738607104725
52548,0.1744,-0.0274196,0.0208333,0.710862,-0.204198,0.000407665,0.7396092025108614,-0.223009,0.104166,0.0446156,0.25014819887490697,0.9844580959360151,0.01203734,0.15991904201814117
52572,0.132355,-0.0324582,0.0208333,-0.381806,-0.0611878,0.00384308,0.38669695857185943,-0.0846117,0.038286,0.0172451,0.09445819735152688,0.3136863130246686,0.0018984185,0.4530154522750852
52596,0.205214,-0.0326476,0.0208333,0.739959,0.0047041,0.000548457,0.7399741556587575,-0.218071,0.16864,-0.0607287,0.2822806859221686,0.9738846698551182,0.022024824999999998,0.16480837357367495
52620,0.232761,-0.0384907,0.0208333,0.325223,0.0254896,0.00202175,0.3262266189479677,-0.213978,0.0327984,0.191571,0.28907052351901946,0.5715943099209461,0.028200314999999997,0.4166353321551114
52644,0.2848,0.00140193,0.0208333,0.194926,0.380305,0.0151456,0.42761832011778916,0.370758,0.634919,0.079067,0.7394830773006236,0.3159606409000336,0.0668436,0.02352734579165274
52668,0.155645,0.038468,0.0208333,-0.366448,-0.0150245,-0.00231669,0.3667631924782067,0.0189922,-0.00299946,0.00666536,0.020350121499912478,0.385732325045807,0.0010176716,0.0
52692,0.280559,-0.0393064,0.0208333,-0.143491,9.33198e-05,0.061353,0.15605725359170292,-0.234857,-0.00126758,-0.271279,0.35881988942790843,0.34495455559865507,0.06722977,0.5108903992051524
52716,0.279188,-0.0393157,0.0208333,-0.140555,-0.00146899,0.0573446,0.15180997696390083,-0.231122,-0.00853565,-0.2748,0.35917304493088353,0.3443433671231604,0.058534859999999994,0.48360521089003994
52740,0.118041,-0.0302615,0.0208333,-0.313312,0.120658,0.00153291,0.3357456062572794,-0.0208779,0.0456153,0.0247087,0.055921035024309056,0.30279733636249856,0.0009382920000000001,0.33442786965203725
52764,0.299138,-0.039636,0.0208333,-0.0149507,-0.00618581,0.0222046,0.02747420493856192,-0.0865512,-0.0337642,-0.0838022,0.1251157070392043,0.13086115100167084,0.051720927,0.16894910476235145
52788,0.244516,-0.0274574,0.0208333,0.539259,0.210423,0.00394713,0.5788727734530593,0.526449,-0.0798329,-0.153258,0.5540847011851256,0.33034230198859926,0.06168975,0.03721222917267924
52812,0.177605,-0.0268176,0.0208333,0.745823,-0.179565,0.000475511,0.7671347747721461,-0.252017,0.116952,0.0529133,0.2828253098820719,1.0422843751127657,0.01277412,0.20043153444505682
52836,0.254427,-0.0260481,0.0208333,0.404774,0.237511,0.00747935,0.46937128893171826,0.521886,0.0331973,0.00603459,0.5229755959887211,0.23550243286035832,0.08119240000000001,0.11656972162615814
52860,0.299635,-0.0391411,0.0208333,-0.0100954,-0.0126836,0.00513944,0.01700601815927526,-0.0286539,-0.0901917,-0.0812174,0.12470707596948939,0.11751351965899753,0.057614643,0.11936372983448532
52884,0.251043,-0.0265133,0.0208333,0.460286,0.237939,0.0059929,0.5181834466358511,0.525287,-0.0118215,-0.0546622,0.528255748989152,0.26511219986500056,0.07894028,0.11444168820844963
52908,0.247784,-0.0271223,0.0208333,0.496184,0.224039,0.00498234,0.5444417866851107,0.521856,-0.0483335,-0.110232,0.5355566317227806,0.2968504244259819,0.07044518000000001,0.06016535547971108
52932,0.200018,-0.0392104,0.0208333,0.478536,0.000733488,-0.00285463,0.4785450764693782,-0.312609,0.010354,-0.117931,0.33427430795381213,0.7995283210796971,0.0134517465,0.8923844463010323
52956,0.202969,-0.0392415,0.0208333,0.486686,0.00220953,-0.00254204,0.4866976541819187,-0.301083,0.00331588,-0.110804,0.32084185257720726,0.7951741151184212,0.016032650000000002,0.6847992406537846
52980,0.204433,-0.0392277,0.0208333,0.493336,0.000288154,-0.00226048,0.49334126291904484,-0.294021,-0.00437046,-0.10753,0.31309766888562357,0.7943767493918936,0.017472545,0.6548847226802592
53004,0.187415,-0.0341982,0.0208333,0.626528,-0.0482624,0.00026471,0.6283841692063415,-0.224191,0.11051,-0.118771,0.2767320274597792,0.8735565191892075,0.013297005,0.2419057667770655
53028,0.134556,-0.0370545,0.0208333,-0.704316,-0.0103548,-0.00113458,0.704393027372373,-0.0981761,0.0121672,0.0335848,0.10447260960696828,0.6075510301230626,0.001666819,0.8177303956684012
53052,0.183751,-0.0326314,0.0208333,0.656865,-0.0845727,0.000540848,0.6622872959123172,-0.193574,0.120754,-0.09263,0.24623715985204184,0.8798217736399396,0.013805665000000002,0.17725264455008846
53076,0.257917,-0.0255583,0.0208333,0.334854,0.226282,0.00927621,0.4042484296963491,0.525543,0.0629007,0.0572265,0.5323784511151254,0.25564618953110585,0.0773852,0.13133506767044362
53100,0.290987,0.0165421,0.0208333,0.303269,0.640277,0.0312272,0.709155738261942,0.329336,1.00143,0.0606708,1.055938062467984,0.3632876318827274,0.0670905,0.02022955758290329
53124,0.261592,-0.0251663,0.0208333,0.23904,0.193557,0.0113451,0.30778749997849164,0.497944,0.112157,0.096367,0.519436250635244,0.2844045792451486,0.06276685,0.12176370559407265
53148,0.104479,-0.0392154,0.0208333,-0.178418,0.0324418,0.00111997,0.18134692565367874,0.02049,0.00211963,-0.00405266,0.020994213117249715,0.20127240883595,9.94311695e-05,0.4803269719680543
53172,0.105995,-0.0392438,0.0208333,-0.260874,0.0319761,-0.000716503,0.26282737342932716,0.0169585,0.00397312,0.000912127,0.017441570469671847,0.2792449057383273,9.1412834e-05,0.7188003895380135
53196,0.265273,-0.024459,0.0208333,0.167491,0.163569,0.0118389,0.23441035044385303,0.443352,0.153716,0.118667,0.48401597230773286,0.29598752656085026,0.06885685,0.11722030540823548
53220,0.269013,-0.0238456,0.0208333,0.0901718,0.120274,0.010699,0.15070254540730227,0.348033,0.16687,0.129683,0.4071734844977015,0.2877859932961297,0.0804567,0.14578408692309322
53244,0.272931,-0.0234385,0.0208333,-0.0148337,0.0440354,0.0105758,0.04765503808087872,0.273154,0.164335,0.112544,0.33806101797900334,0.32833888426851005,0.07046380000000001,0.15892734188930488
53268,0.1402,-0.0352924,0.0208333,-0.531252,-0.0441878,0.000665418,0.533086945960933,-0.147802,0.0498582,0.0208407,0.15737091881199014,0.39532972898553875,0.0030345779999999996,0.7105920067098982
53292,0.160477,-0.00972405,0.0208333,0.882438,-0.35225,0.0012695,0.9501465665749942,1.14149,-0.120965,0.00303456,1.1478855168871995,0.34728058593276356,0.00303397015,0.004931196609343416
53316,0.291078,-0.0391867,0.0208333,-0.145369,-0.0057032,0.0365792,0.1500090348075075,-0.238266,-0.0057521,-0.160965,0.28759955604174703,0.2182969673491824,0.121727325,0.29653178581730494
53340,0.244173,0.0383485,0.0208333,-0.349836,0.0234673,-0.00193715,0.3506275710998958,-0.234838,-0.01517,-0.0483648,0.24024605932884724,0.1298957568198919,0.004099765,0.008483401440460071
53364,0.294823,0.0230092,0.0208333,0.633655,0.85776,0.0125936,1.066503387423575,0.563289,1.26902,0.0293936,1.3887297223153108,0.4175744263673244,0.07259985,0.014521604594534311
53388,0.170869,-0.0190323,0.0208333,0.84342,-0.28879,0.000563257,0.89149160274141,0.282394,-0.0589329,0.0672358,0.2962095723302169,0.6099423637414414,0.004456473,0.03063858678203027
53412,0.273905,0.0287927,0.0208333,0.297452,0.242065,1.57571e-05,0.38350118223714275,0.119716,0.056753,-0.0341428,0.1368157683048266,0.2590317163266961,0.03332809,0.01064800450788785
53436,0.350009,0.0282187,0.0208333,1.1175,-0.0237533,-0.00518689,1.1177644533123972,1.21649,-0.0764533,0.06531,1.2206385309668422,0.13246177410737078,0.22530650000000002,0.007971518048652966
53460,0.355874,0.0282199,0.0208333,1.11105,-0.0246081,-0.00392655,1.1113294196054169,1.21055,-0.0724105,0.0547642,1.2139496285315508,0.12501969277406852,0.2312831,0.007905226119473117
53484,0.014149,-0.00167045,0.0208333,1.16497,0.000848057,-0.000146068,1.1649703178349808,1.22809,0.011137,-0.000272412,1.2281405274142276,0.06395320719763448,6.6637932e-10,5.285801736728308e-05
53508,0.118023,-0.0382304,0.0208333,-0.69941,0.0444233,-0.00201649,0.7008222627134573,0.0164511,0.00678861,0.00577412,0.01871000744832829,0.7168920267298126,0.00070872425,0.8549181247347608
53532,0.185193,-0.039268,0.0208333,0.358588,-0.00261611,-0.00491318,0.3586311993026325,-0.321028,0.00665424,-0.0936085,0.3344634613320678,0.6854419790434672,0.0081089535,0.5612468262716502
53556,0.261109,-0.0367498,0.0208333,-0.111155,0.00976563,0.0246779,0.11427948329733952,-0.14914,0.0651866,-0.0249085,0.16465863412469445,0.08350542021749786,0.0902747,0.31545411710738536
53580,0.116724,-0.0164,0.0208333,0.43233,0.024982,-0.00389105,0.43306866602665045,-0.11068,0.084818,-0.0107959,0.13985959738541362,0.5463404469280326,0.0008481365,0.10122697269008887
53604,0.119502,-0.0354079,0.0208333,-0.614759,0.0748217,0.0011529,0.6192965719671797,-0.0171322,0.0332839,0.0245449,0.044763628003771094,0.5995251175481141,0.0012422925,0.4341739282822035
53628,0.258938,0.0267238,0.0208333,0.0913368,0.203768,-0.000470907,0.2233025539747422,-0.100182,0.0581783,-0.0211241,0.11775982046394262,0.2414588285414829,0.031175945,0.00611704994257853
53652,0.128994,-0.0396234,0.0208333,-0.784017,0.00328043,-0.00424709,0.7840353660922783,-0.00580314,0.00139274,0.00303947,0.006697352943372478,0.7782502613081921,6.715905899999999e-05,1.2071371090311158
53676,0.261262,-0.0383803,0.0208333,-0.107756,0.00738792,0.0293822,0.11193413498467035,-0.285501,0.0499309,-0.108493,0.3094747919052697,0.22893833437701164,0.05769743,0.34136197796474055
53700,0.179058,-0.0392861,0.0208333,0.272333,-0.00388746,-0.00594655,0.27242565351147474,-0.327702,0.00769229,-0.0477174,0.3312472224671538,0.6015986168075729,0.008018098500000001,0.7346720356730614
53724,0.230469,-0.0396431,0.0208333,0.28103,-0.0011152,0.00111378,0.28103441973702864,-0.148359,0.00222243,0.106721,0.1827695377165049,0.442197849396789,0.0089975455,0.6837901724944575
53748,0.188033,-0.0392869,0.0208333,0.399844,-0.00796381,-0.00409058,0.39994422042386424,-0.314041,0.00989931,-0.102007,0.3303409966511515,0.7207901980373698,0.007853441999999999,0.8012995694495286
53772,0.19192,-0.0396464,0.0208333,0.433519,-0.00297429,-0.00338728,0.4335424355559701,-0.225994,0.00674233,-0.072168,0.2373330303051577,0.6631610643855252,0.00573854645,1.1856137651022782
53796,0.102128,-0.00705825,0.0208333,1.20464,-0.0199523,0.00062848,1.2048053863020367,1.21444,-0.0014419,-0.00173495,1.2144420952549002,0.02107749296109242,4.6205735e-05,0.0006609009002868736
53820,0.162776,-0.0392393,0.0208333,-0.184335,-0.0185006,-0.00202237,0.1852721090876252,-0.209862,0.0129775,0.0443758,0.21489459317509596,0.06160591439106232,0.0059167036999999995,0.8345627597730443
53844,0.199456,-0.0346598,0.0208333,0.6844,-0.0097023,0.000183827,0.6844687928734632,-0.215043,0.0976727,-0.127241,0.26827918341774115,0.9147481551826054,0.020542514999999997,0.25719506216099874
53868,0.160403,-0.0378457,0.0208333,-0.161552,-0.0406851,-0.00472852,0.16666338820328958,-0.286854,0.0548218,0.0331828,0.2939247272467561,0.16204760823829645,0.008622124,0.5320234957217586
53892,0.00559925,0.00502419,0.0208333,1.16113,-0.00162556,-8.09011e-05,1.1611311406944098,1.28957,-0.0479241,-0.000140238,1.2904601985057529,0.1365298206510187,8.96844223e-10,4.944410986153962e-05
53916,0.394398,0.0350545,0.0208333,1.37966,-0.00626695,0.0002291,1.3796742524049337,1.49296,0.0272921,0.0175399,1.493312448355809,0.11942681287526051,0.07247619999999999,0.01135856505021651
53940,0.230044,-0.0179635,0.0208333,0.731944,0.197296,0.000171289,0.7580684402426483,0.966573,-0.127157,0.0269649,0.9752739988382803,0.40129591879362453,0.033361185,0.03295587959681853
53964,0.109595,-0.0378974,0.0208333,-0.441411,0.0862288,-0.00215105,0.4497596067751555,0.0106113,0.0138735,0.0154031,0.023287962116724598,0.4581130835477224,0.0001480971,1.396688941747589
53988,0.162658,-0.0174242,0.0208333,0.856753,-0.360408,0.000500942,0.9294729046163138,0.341659,-0.0119433,0.0421776,0.3444596705532449,0.6232867877663852,0.005846315,0.04382704644394828
54012,0.102874,-0.0370603,0.0208333,-0.150571,0.128388,0.00347215,0.19790694886896343,0.00910488,-0.0084647,-0.0321457,0.034465867382011434,0.21329247382335575,0.00051997785,0.06320356002631497
54036,0.246326,-0.0393216,0.0208333,-0.0233955,-0.00146662,0.0147323,0.02768647788658572,-0.189699,-0.0402323,0.108798,0.22235411704821212,0.19495637454210724,0.053900815000000005,0.6192164403502219
54060,0.247196,-0.0167194,0.0208333,0.624289,0.303668,0.00200528,0.6942298112965751,0.993625,-0.0121779,0.0395903,0.9944879756575743,0.4874221447279662,0.028294114999999998,0.016486509636669613
54084,0.194437,-0.0379177,0.0208333,0.522456,-0.00147131,-0.00226113,0.5224629646185392,-0.31959,0.0357776,-0.187933,0.37247364638422403,0.8630776272859153,0.014864744999999999,0.538554546912381
54108,0.292444,-0.0263702,0.0208333,-0.133801,-0.0812035,-0.049977,0.16429977645222163,0.175549,-0.0241446,-0.0301701,0.17975162876638975,0.3151911386077026,0.07297865,0.06458413117786752
54132,0.279409,-0.0326021,0.0208333,-0.139884,-0.0398709,-7.93868e-05,0.14545524543678037,0.233934,0.0487858,-0.0558115,0.24539782837240023,0.38820867586985686,0.06777845,0.16528974559844903
54156,0.22085,-0.0382635,0.0208333,0.527002,0.0182763,-0.000581804,0.5273191345301101,-0.132213,0.0350045,0.00172106,0.13677921785407898,0.6594312337786575,0.033757855,0.5998433128742872
54180,0.160812,-0.0364995,0.0208333,-0.0636139,-0.0695847,-0.00513184,0.09441977827280469,-0.293608,0.1007,-0.00549243,0.3104453485741168,0.2861717930091086,0.00933472,0.44314331767499326
54204,0.164409,-0.0336895,0.0208333,0.298027,-0.200584,-0.000792251,0.35924178688822794,-0.262996,0.131587,-0.0774646,0.30410984666426044,0.6564777443837513,0.010810515,0.3269648299129434
54228,0.237677,-0.0363172,0.0208333,0.343032,0.0717912,0.00391369,0.35048572922567917,-0.0792523,0.0576998,0.209832,0.23160237952000837,0.47002653964824803,0.038656365,0.1905562908958925
54252,0.00607573,0.00748266,0.0208333,1.15891,-0.000591092,-8.90282e-05,1.1589101541602667,1.26445,-0.00847628,-0.000172805,1.2644784219923275,0.10583418544283106,3.5289299595000003e-09,0.0
54276,0.393924,0.0375038,0.0208333,1.41712,0.00191825,0.00227339,1.417123121815869,1.5656,0.0438957,0.011979,1.5662610538858106,0.1546047074767604,0.10619279499999999,0.013001269168815789
54300,0.101429,0.0365606,0.0208333,-0.0374657,-0.0375123,0.010109,0.053972615359828544,-0.00373595,-0.00940234,0.0210416,0.023347596245397513,0.04524806768276519,1.753194e-05,0.0
54324,0.128593,-0.0360802,0.0208333,-0.708844,0.00585996,0.000540554,0.7088684276125073,-0.0427662,0.0304812,0.0238974,0.0576986753976207,0.6669418140790434,0.0006123115,0.5091885701780824
54348,0.24719,0.036828,0.0208333,-0.307165,0.0273602,-0.00231643,0.308389824113872,-0.336994,-0.0357968,-0.0784593,0.3478537461099564,0.10332624323876727,0.01017614,0.009974281929041307
54372,0.275173,-0.0378893,0.0208333,-0.164951,-0.00636009,0.0438704,0.17080367426366477,-0.118599,0.00141355,-0.166325,0.20428344658733977,0.2153858016769202,0.0657737,0.2848710234474542
54396,0.181304,-0.0373047,0.0208333,0.429843,-0.0304874,-0.00166037,0.4309260296574075,-0.329585,0.0361586,-0.161302,0.36871676363159844,0.7788825498937929,0.012836075,0.29055687911319533
54420,0.264734,-0.0342537,0.0208333,-0.104067,0.00690657,0.015333,0.10541699145377324,0.0192595,0.0459959,0.0726367,0.08810585306294923,0.14149599059969473,0.10681865,0.29998833310647266
54444,0.179195,-0.0276466,0.0208333,0.748689,-0.165617,0.000504882,0.7667884090906917,-0.242527,0.108029,0.0273788,0.26690674262640873,1.028646440445244,0.010894215,0.19457337947417164
54468,0.103389,0.0385606,0.0208333,-0.0814595,-0.0170144,0.00989257,0.08380335845785,-0.0131951,-0.000832847,0.0145578,0.01966554954674313,0.07031099014951155,8.87648e-06,4.448662720413855e-05
54492,0.258279,-0.0384978,0.0208333,-0.0914888,0.00873611,0.026347,0.09560692732418555,-0.182742,0.0538517,-0.052456,0.1976013058987465,0.12873412826553843,0.06579471,0.5082509222815046
54516,0.115546,-0.0252569,0.0208333,0.0194473,0.156882,-0.00291764,0.15810968352526547,-0.0166874,0.0678204,0.0179286,0.07210763255633901,0.09834760221168383,0.001065444,0.2548052197267552
54540,0.166509,-0.0366771,0.0208333,0.131767,-0.11149,-0.00111909,0.17260884899514306,-0.28457,0.117128,-0.0663129,0.3147958925882134,0.47942978667925507,0.006616375,0.6196039057333322
54564,0.21544,-0.0216825,0.0208333,0.81506,0.0880274,0.000168582,0.819799765290678,0.442145,-0.0468258,0.0221442,0.445168756949856,0.39715728693015556,0.07114899999999999,0.09294186354921016
54588,0.236064,-0.0346588,0.0208333,0.453551,0.0937262,0.00278375,0.4631423749037681,0.0105691,0.0548464,0.166444,0.17556605196839736,0.4738452067982882,0.0471719,0.11094367940536315
54612,0.147915,-0.0212971,0.0208333,0.711475,-0.400698,-4.93751e-05,0.8165510181653688,-0.131684,0.0787289,0.0375486,0.15795193228691443,0.9706600122886644,0.00360218,0.08990456050724012
54636,0.182225,0.0368503,0.0208333,-0.497939,-0.0208375,-0.00115056,0.4983761359812121,-0.0718015,0.0278206,-0.00719321,0.07733811128230442,0.42894905667326333,0.001958167,0.0015674661080865512
54660,0.20481,-0.0345809,0.0208333,0.694931,0.00360658,0.000172561,0.6949403801460922,-0.208895,0.0999779,-0.123079,0.26226159031472757,0.9172675819429569,0.022694429999999998,0.23491594241345137
54684,0.20026,-0.0384691,0.0208333,0.547257,-0.00321924,-0.00194143,0.5472699121143264,-0.303707,0.0195771,-0.153316,0.3407741195416841,0.8646234225696645,0.01675007,0.6512234639507395
54708,0.388344,0.0230593,0.0208333,0.641691,-0.00899098,0.000868243,0.6417545722846605,1.0413,-0.0317364,-0.0888158,1.0455625927770178,0.41018036835129273,0.11088565,0.0074913950636713855
54732,0.203851,0.0294733,0.0208333,-0.44344,-0.00930754,0.000664667,0.4435381671097455,0.0250172,0.0229323,0.0114953,0.035831447099161376,0.4696901724820802,0.0031946455,0.00017229596629056643
54756,0.220669,-0.0269269,0.0208333,0.771704,0.0928469,0.000666957,0.7772696155693015,0.22119,0.00655328,-0.113852,0.2488578700438433,0.5688821007564504,0.0764725,0.09566775841421184
54780,0.153253,-0.0266187,0.0208333,0.534097,-0.36795,-1.56294e-05,0.6485729011863494,-0.23015,0.100682,-0.0224958,0.2522140928688165,0.8967690820401901,0.00583469,0.2377513406902262
54804,0.197594,0.0386187,0.0208333,-0.585594,-0.0126184,-0.00119648,0.5857311571181358,-0.111171,-0.00867996,0.0108955,0.1120403715936876,0.4745934156927948,0.0031070154999999996,0.0037682621989452913
54828,0.288021,-0.039175,0.0208333,-0.155354,-0.00339328,0.0478475,0.1625907836299721,-0.24856,-0.0049378,-0.162593,0.29705713106714,0.23016287280593367,0.13051891999999998,0.4088789551933433
54852,0.125396,-0.0300845,0.0208333,-0.277841,-0.0114602,0.00421478,0.2781091904908725,-0.0366651,0.0383886,0.020341,0.056848662684094865,0.24680107895578252,0.000658692,0.2865459823483833
54876,0.15597,-0.039617,0.0208333,-0.347614,-0.0088576,-0.00561522,0.34777216790509324,-0.0965621,0.00458165,0.0337923,0.10240678792161435,0.2544810848898654,0.0029097104,0.8692830379111283
54900,0.105702,-0.0330942,0.0208333,-0.251568,0.302559,-5.37368e-05,0.393482413828933,-0.0247555,0.0185733,-0.0327139,0.04503333772162574,0.36490885741646595,0.0005310205000000001,0.18800212764753488
54924,0.17482,-0.0362503,0.0208333,0.345683,-0.0610704,-0.00131756,0.35103855373664244,-0.266578,0.0969475,-0.155504,0.323487467850379,0.6508507103178759,0.01292406,0.2945965037131296
54948,0.226569,-0.0357044,0.0208333,0.560563,0.0536039,0.000541897,0.5631203678757931,-0.0774948,0.0758726,0.100681,0.14798229359893028,0.6462518789838638,0.033899700000000005,0.32851940581950406
54972,0.232956,-0.0265009,0.0208333,0.676477,0.158498,0.00147248,0.6947984713068606,0.446016,-0.110359,-0.174636,0.4915354652850596,0.3954877440552493,0.06750324999999999,0.04506695019634677
54996,0.165774,-0.0260806,0.0208333,0.668964,-0.296234,0.000165305,0.7316197396036708,-0.242723,0.0598827,0.059718,0.2570343012367999,0.9805808551413051,0.010726345,0.1053745699872602
55020,0.103227,-0.0312176,0.0208333,-0.138391,0.368149,0.00247808,0.39330890653846934,-0.00944139,0.013897,-0.0264793,0.031359524591774345,0.3781018530496994,0.0004724417,0.1709915202575847
55044,0.115455,-0.0295614,0.0208333,-0.254881,0.172825,0.000231188,0.3079494410351988,-0.0150203,0.0545625,0.0215092,0.060541898739468025,0.2682758433132066,0.0006494724,0.29913692516972895
55068,0.286356,-0.0357887,0.0208333,-0.154905,-0.0215591,-0.00591428,0.1565098480151597,-0.0154061,-0.0167226,-0.0376833,0.044011638993111814,0.1431523854681451,0.0761658,0.09476935158583707
55092,0.191823,-0.0271945,0.0208333,0.81717,-0.0739222,0.000673088,0.8205070100860173,-0.251139,0.170017,0.0302983,0.30478609645600635,1.096206233317292,0.015406850000000001,0.1650172718232852
55116,0.2761,-0.0296515,0.0208333,-0.135111,-0.0460517,0.00657886,0.14289514614845952,0.248225,0.0414676,-0.0189712,0.25237891929438167,0.3940290881832122,0.1014758,0.12741703182855893
55140,0.101529,-0.0374041,0.0208333,-0.0707995,0.0770196,0.0102042,0.10511286163952535,0.00635786,-0.0111007,-0.0282398,0.031002164897142262,0.12327362495789437,0.0002811694,0.03243732418064104
55164,0.112733,-0.0290338,0.0208333,-0.213092,0.22929,-0.000822355,0.31302201333412005,-0.01703,0.0597774,0.00633074,0.06247748970395338,0.25927976429108196,0.0003686305,0.22687926304534753
55188,0.271682,-0.0153606,0.0208333,0.290261,0.271888,0.00845758,0.39780153760946724,0.517026,0.270725,0.118156,0.595456757990872,0.25190764407714267,0.0979822,0.03496369545685925
55212,0.135758,-0.034632,0.0208333,-0.543701,-0.0410379,0.00166077,0.5452500754648301,-0.111155,0.039256,0.0261083,0.12073984797857748,0.4406141557148509,0.0018643524999999998,0.8011042379116465
55236,0.225431,-0.0383001,0.0208333,0.46113,0.0233516,-1.64367e-05,0.46172088364370645,-0.163177,0.0368864,0.105042,0.19753774727367931,0.6332295762058875,0.028987890000000002,0.6901347694472435
55260,0.285063,-0.031998,0.0208333,-0.138963,-0.0446978,-0.0141553,0.14665940546698666,0.210143,0.0564765,-0.0392559,0.22111241753022376,0.3643367650084877,0.04334125,0.14865160611308578
55284,0.125783,-0.0226479,0.0208333,0.275183,-0.0866163,-0.00276187,0.28850597019920904,-0.180891,0.0459504,-0.012185,0.18703333223294716,0.47504338623318065,0.001417597,0.20452481512031737
55308,0.166019,-0.037836,0.0208333,0.0289865,-0.0909001,-0.00158414,0.09542303108683774,-0.301467,0.0757659,-0.0251437,0.3118573862224526,0.37085323793334146,0.005546355,0.6501346014480386
55332,0.223603,0.0369651,0.0208333,-0.535777,0.0115058,-0.00127294,0.5359020409915264,-0.194518,-0.00509275,-0.0643137,0.20493765011401027,0.34742963944442057,0.004975253,0.005624233281079297
55356,0.388748,0.0264306,0.0208333,1.06847,-0.0324067,-0.00143847,1.0689623025630186,1.23024,-0.0280674,-0.0158826,1.2306626237623046,0.16247152155361533,0.12352120000000001,0.0074676502328376365
55380,0.276756,-0.0146543,0.0208333,0.186928,0.197457,0.00907629,0.2720546325155374,0.442755,0.292958,0.159619,0.5543776735673975,0.3118188616234498,0.08669489999999999,0.03463784057934328
55404,0.247466,0.033603,0.0208333,-0.238428,0.0693325,-0.00115367,0.2483067411382923,-0.318061,-0.0477262,-0.0759056,0.33045763722268545,0.16009998430173222,0.01864851,0.005507122660700413
55428,0.101998,0.000894653,0.0208333,1.23219,-0.0368124,0.000151625,1.2327397827132458,1.29859,-0.00261085,-0.000805657,1.2985928745072197,0.0746968701568548,1.19814955e-05,5.6064338041218326e-05
55452,0.10134,-0.0174868,0.0208333,0.0112976,0.450409,0.00404187,0.45056879581242293,0.00690131,0.097681,0.00371258,0.09799484216514918,0.3527555496114387,0.0002064368,0.06760843142685681
55476,0.264743,0.0371452,0.0208333,-0.00977993,0.0563326,-0.00104403,0.05718477815123356,-0.207858,-0.0289921,-0.0864586,0.2269814519743188,0.23197171166609906,0.01746946,0.014971773442047538
55500,0.297711,-0.0218386,0.0208333,-0.0620524,-0.110174,-0.111808,0.16878933463273085,0.0788396,-0.146847,-0.258137,0.30726931950027164,0.20641618355642563,0.0883855,0.03228436153929639
55524,0.114461,-0.0236008,0.0208333,0.0834951,0.172524,-0.00406061,0.19170928734305517,-0.0256452,0.0602405,0.018734,0.06809960997898593,0.15823648031156437,0.001038639,0.2221299169405148
55548,0.298688,0.0167093,0.0208333,-0.0693952,0.873952,-0.0898,0.8812898683674062,-0.0416065,0.995928,-0.0965932,1.0014658897398803,0.1252856894857909,0.032107495,0.01182006768170132
55572,0.146989,0.0371714,0.0208333,-0.350237,-0.0132263,-0.00278573,0.3504977196392623,0.0398311,-0.00625242,0.0314383,0.05112705731759261,0.3916287040926716,0.0002067204,0.0
55596,0.141172,0.0370804,0.0208333,-0.339371,-0.0121324,-0.00283098,0.3395995954333874,0.0174681,0.00666982,-0.00751654,0.02015240407529583,0.35736482932467206,0.00019737425,4.7030734631727794e-05
55620,0.259141,0.0372642,0.0208333,-0.124433,0.0465178,-0.00143612,0.13285156998129302,-0.270836,-0.0656741,-0.0742941,0.28841782122750326,0.19831577366485603,0.01436708,0.013420692977637183
55644,0.113286,-0.0350597,0.0208333,-0.515338,0.155457,-0.000403148,0.5382752972423218,0.00300303,0.0189978,-0.00234344,0.019375920753721614,0.5360058781199569,0.0007208305,0.19093978108293724
55668,0.158282,-0.0383737,0.0208333,-0.239988,-0.0302278,-0.00643218,0.24196969433462612,-0.252592,0.0339818,0.0510585,0.2599316287362698,0.08710288075042294,0.008490483,0.525452186216786
55692,0.101241,-0.0217427,0.0208333,-0.0129809,0.494411,0.00455039,0.49460231169593427,-0.00200329,0.0536668,-0.00355033,0.053821403141993615,0.44095530319916837,0.0003025822,0.10350990290788606
55716,0.305892,0.0231806,0.0208333,-0.526992,-0.298164,-0.0901187,0.6121631474122646,0.121959,0.0267045,0.0352413,0.12972693331355675,0.7364727233871259,0.2358322,0.0043681117201829905
55740,0.293035,0.0106051,0.0208333,-0.0371355,0.526999,0.00915044,0.5283850129530961,0.144084,0.899811,0.0555437,0.9129650252811934,0.41711105127732784,0.07594565,0.01508804162242403
55764,0.27293,-0.0335377,0.0208333,-0.133655,-0.0231701,0.0105775,0.13606026629865164,0.148443,0.020789,0.0290133,0.1526737644354458,0.2860971212690718,0.09533085,0.21852665741277424
55788,0.131997,-0.0379254,0.0208333,-0.765877,0.000969739,-0.00220628,0.7658807917647279,-0.0701268,0.00761364,0.0336277,0.07814446749181672,0.696704066547037,0.0007458015,0.7970156836599892
55812,0.153572,-0.0349248,0.0208333,-0.181735,-0.123499,-0.00172417,0.21973298793806292,-0.263388,0.118911,0.0225875,0.28986765880527277,0.25694528173754994,0.00814388,0.6228434795355893
55836,0.305864,0.0264204,0.0208333,1.25539,0.329537,-0.0536455,1.299029070552022,1.27523,0.50683,-0.0205008,1.372409736412796,0.18145248575616152,0.064346545,0.00860753158576836
55860,0.209235,-0.0345029,0.0208333,0.694658,0.015957,0.000190201,0.6948412761123366,-0.217924,0.103819,-0.140937,0.27952189986832876,0.927600412154983,0.016392885,0.2020517260505339
55884,0.102795,-0.0299353,0.0208333,-0.111322,0.403163,0.00295671,0.4182603667418467,0.002845,0.0170264,-0.0217901,0.0277992945948274,0.40342035441179225,0.00051626115,0.15933361227311707
55908,0.233056,-0.0325135,0.0208333,0.586094,0.110336,0.00175344,0.5963918881774245,0.134865,0.0623436,-0.0193249,0.14982905074106959,0.45426333476950964,0.0516484,0.11309420851661679
55932,0.193957,-0.0366794,0.0208333,0.587911,-0.0113739,-0.000867494,0.5880216510197988,-0.288778,0.0641565,-0.18075,0.34666893757048667,0.8981348228467706,0.01604614,0.4469932885402196
55956,0.111773,-0.0368649,0.0208333,-0.525882,0.118854,-0.0019331,0.5391492262032933,0.0138815,0.00752431,0.0310878,0.03486778731244786,0.5521134988791309,0.00021679270000000002,0.30709868120850015
55980,0.257487,-0.0396148,0.0208333,-0.0399281,0.00292842,0.0175437,0.04371052759915396,-0.117418,0.0245854,-0.029288,0.12348771421141456,0.09309628085815459,0.032988305,0.8120295561123375
56004,0.272712,-0.00682234,0.0208333,0.388355,0.382736,0.00589602,0.5452900281252541,0.660751,0.382792,0.05135,0.7653485622675461,0.27616235849557846,0.08393996,0.0165269476915733
56028,0.226203,-0.0379292,0.0208333,0.457492,0.0269916,9.51361e-05,0.4582875577467029,-0.165319,0.0431059,0.122703,0.21034380567254649,0.6349692123840422,0.029720955,0.5431601973635403
56052,0.247789,-0.0372204,0.0208333,-0.0384177,0.00625291,0.0238539,0.0456511456807833,-0.111052,-0.0679286,0.0757281,0.15060407209491383,0.11605847917326033,0.06817385000000001,0.47253042230104086
56076,0.16488,-0.0396249,0.0208333,-0.123061,-0.0235197,-0.00346097,0.12533620515410104,-0.135007,0.0104665,0.0228913,0.1373333509637772,0.04463418914456607,0.00262828255,1.0839095903256877
56100,0.102418,-0.0322986,0.0208333,-0.12544,0.324007,0.00386173,0.3474631528775287,-0.0072904,0.00277584,-0.0294414,0.030457367808554958,0.3438864414351088,0.00038563985,0.16662142719350354
56124,0.241045,-0.0396255,0.0208333,0.0469483,0.0148326,0.00872486,0.05000272070267377,-0.240686,-0.000256777,0.0748874,0.2520673307058805,0.2955311515458053,0.02103568,0.7852101629500219
56148,0.255301,-0.0391831,0.0208333,-0.0348924,0.00264044,0.0173233,0.0390454635526792,-0.135962,0.00826502,0.0634447,0.15026378791209277,0.11123795881935448,0.07323320999999999,0.7298883476258543
56172,0.292641,-0.034724,0.0208333,-0.124688,-0.0527041,-0.0508366,0.14460006708286824,0.0362967,-0.0727602,-0.0580774,0.09992237750218917,0.16239073238932078,0.08087615000000001,0.0830959686146085
56196,0.132792,-0.0274757,0.0208333,0.00898518,-0.148413,0.00280787,0.14871125096161789,-0.104624,0.0402945,0.00966157,0.11253076930828697,0.2203736362186103,0.0018040115,0.3549535180837063
56220,0.20044,-0.0279204,0.0208333,0.831,-0.0228584,0.000684919,0.8313146068514594,-0.216441,0.212401,0.0669072,0.31054382089141624,1.0755766008379892,0.014295140000000001,0.16879099502046901
56244,0.398513,0.0325507,0.0208333,1.29239,-0.0242105,-0.000406765,1.2926168132389486,1.40123,0.0416196,0.0174773,1.4019569037668205,0.1284507199159827,0.09705265,0.010488326844640189
56268,0.0014843,0.00254153,0.0208333,1.16003,-0.000274696,-3.03355e-05,1.160030032920758,1.15346,0.00827989,-4.04211e-05,1.1534897181216126,0.010786377675138346,2.1635302707e-09,5.39479378660575e-05
56292,0.398432,0.0274935,0.0208333,1.10661,-0.036494,-0.000995955,1.10721203753498,1.26332,-0.0468004,0.00577004,1.2641997441867174,0.15719422594134938,0.13415875,0.007829374176778117
56316,0.00156655,-0.0025242,0.0208333,1.16004,0.000276117,-3.20913e-05,1.160040033305079,1.15291,-0.00907148,-4.31162e-05,1.15294568896735,0.011756470185511762,2.49624758295e-09,5.285801736728308e-05
56340,0.126889,-0.0383174,0.0208333,-0.783463,0.010596,-0.0021774,0.7835376753263112,0.00115642,0.0175845,0.0120922,0.021372254169984038,0.7847802844475302,0.00039039049999999996,1.321593734851978
56364,0.101742,-0.0270002,0.0208333,-0.0403886,0.465485,0.00604332,0.4672729886817581,0.00242417,0.0370638,-0.0212727,0.04280338346344714,0.4314207028332707,0.0005074509999999999,0.13155683182564104
56388,0.205382,-0.0378213,0.0208333,0.5817,0.00532236,-0.00133708,0.5817258850170722,-0.236959,0.0127584,-0.147364,0.27933580677664654,0.8316139214422569,0.02779025,0.3821465687403198
56412,0.258604,-0.0321313,0.0208333,-0.0333645,0.0352061,0.0184467,0.051893545632862664,0.137822,0.051146,0.0530491,0.15628507289824578,0.17537452574424828,0.10050495000000001,0.19716515919401176
56436,0.29996,0.0365743,0.0208333,1.14697,0.154505,0.00917885,1.157366073121345,1.20533,0.241756,-0.0685277,1.2312442560691563,0.13060219949871632,0.079762315,0.013288754644435272
56460,0.223901,-0.0259691,0.0208333,0.75754,0.114349,0.000705778,0.7661220813444717,0.316224,-0.0135469,-0.102493,0.33269498301689193,0.47092160799171584,0.0686341,0.03265409622084188
56484,0.156546,-0.0256372,0.0208333,0.564913,-0.345962,-8.60897e-05,0.6624321930767227,-0.288036,0.0686718,0.0328225,0.29792259047861747,0.9489605681899974,0.00717387,0.15753507545940365
56508,0.178254,-0.0374767,0.0208333,0.36811,-0.0355875,-0.00207347,0.3698320450340815,-0.339367,0.0471575,-0.139394,0.3698979288009734,0.7254153076090142,0.01124746,0.3563341128772265
56532,0.203185,0.0324183,0.0208333,-0.516195,-0.0158635,0.000259805,0.5164387632196948,-0.0651046,-0.00609575,-0.0161254,0.06734831575015444,0.4514935579331276,0.0028699280000000003,0.0006045064102224228
56556,0.131588,-0.0358,0.0208333,-0.660186,-0.0147612,0.00096251,0.6603517048111106,-0.0851495,0.0256227,0.026703,0.09284401065518443,0.5770272164611476,0.001377356,0.680309488394804
56580,0.265659,-0.0384037,0.0208333,-0.12633,0.00419355,0.0368729,0.13166801250118612,-0.269895,0.0339588,-0.0891133,0.28624760498444346,0.19331167042628983,0.0565176,0.41074322879385367
56604,0.122742,-0.0292628,0.0208333,-0.231479,0.0257714,0.00301138,0.2329286605561119,-0.0268819,0.0338656,0.016992,0.04645689911057345,0.20523388399003317,0.0006574565,0.2960700930523041
56628,0.222372,-0.0343139,0.0208333,0.640889,0.0530994,0.000443086,0.643085105508255,-0.0344868,0.0879656,-0.0278644,0.0985074156851148,0.6768673702371243,0.045738299999999996,0.39488099473132404
56652,0.277029,-0.0228832,0.0208333,-0.0859613,-0.028227,0.0170742,0.09207408393424288,0.273093,0.143823,0.077129,0.3181410451655052,0.40265093052361123,0.08346055,0.12533076238497873
56676,0.0115578,-0.00695968,0.0208333,1.15854,0.00106081,-0.000134537,1.1585404934736032,1.28637,0.0172928,-0.000285672,1.2864862608828482,0.12885654520104267,2.3750306790000002e-09,5.174504807225519e-05
56700,0.164262,-0.0301321,0.0208333,0.436454,-0.236857,-0.000384631,0.49658179639008737,-0.189557,0.1019,-0.053483,0.22175639232725627,0.7137685296792372,0.010834685,0.18629814813894421
56724,0.188681,-0.0258607,0.0208333,0.822423,-0.100463,0.000596326,0.8285365175432512,-0.259411,0.152901,0.0583414,0.3067189294385985,1.112606225770495,0.015240825,0.13026856873398127
56748,0.252139,-0.0390919,0.0208333,-0.0312925,-0.00120587,0.0185964,0.036421158296612424,-0.13254,0.00518916,0.128446,0.18464060739042643,0.14952888445083412,0.06493233000000001,0.7831174879927021
56772,0.269155,-0.00635078,0.0208333,0.448603,0.403649,0.00509327,0.6034924259750846,0.737828,0.341801,0.0234533,0.8134913266076598,0.29633320170139715,0.07748835,0.01606558433422202
56796,0.214212,-0.03125,0.0208333,0.753299,0.0402662,0.000643002,0.7543746839038357,-0.0911539,0.167662,-0.122955,0.22701874758312363,0.8629060529828505,0.0622299,0.30214566023691286
56820,0.276932,-0.0203597,0.0208333,0.00528643,0.0406446,0.0142793,0.043403090440599965,0.295163,0.210493,0.123217,0.3828980656872009,0.353191629712278,0.07672240000000001,0.06910629493758148
56844,0.101846,-0.0381593,0.0208333,-0.0872895,0.0640287,0.00798217,0.10854881976257919,0.00989649,-0.00833267,-0.0230229,0.02640885889354177,0.12507037573407181,0.000208724885,0.047165029417991465
56868,0.146665,-0.0310212,0.0208333,-0.0220936,-0.207801,0.00158122,0.20897818790162864,-0.220021,0.128621,0.00122014,0.25486092447376,0.3903269759234255,0.004968480000000001,0.35016281927126414
56892,0.16569,-0.0353259,0.0208333,0.20303,-0.16017,-0.000928604,0.2586048570800417,-0.267472,0.132712,-0.0850454,0.31046169778115945,0.5605601067658182,0.009396405,0.48446465299338404
56916,0.139627,-0.0316278,0.0208333,-0.218027,-0.104391,0.0023397,0.24174103459299168,-0.123762,0.0797879,0.0341624,0.15116286317799751,0.20933332669572705,0.002955386,0.40987925051165985
56940,0.119294,-0.0229236,0.0208333,0.190974,0.0437329,-0.00459414,0.19597127682583892,-0.0657817,0.0767929,-0.0111167,0.10172493580332209,0.258957519434064,0.0014729675,0.14973176015795714
56964,0.150014,-0.0378996,0.0208333,-0.479497,-0.0336018,-0.0075198,0.4807317353413232,-0.175696,0.0365035,0.010907,0.17977917726269077,0.3123289094005388,0.0054711755,0.702811496775629
56988,0.127397,-0.0356081,0.0208333,-0.674537,0.0111659,0.00142885,0.6746309237680501,-0.03724,0.0372555,0.0232114,0.05756352117626232,0.6382026425216857,0.0008353715,0.46069838289275555
57012,0.188411,0.0335773,0.0208333,-0.490063,-0.0439698,-0.000634885,0.4920320013576386,-0.0731609,0.0588064,0.0324907,0.09932953013208107,0.4306595089539325,0.0061807695,0.0015716933543156566
57036,0.28434,-0.0379122,0.0208333,-0.18085,-0.0063811,0.028041,0.1831221958644282,-0.156667,0.0269735,-0.0977905,0.1866416365163465,0.1324043549979003,0.079129435,0.31100852078359525
57060,0.184627,-0.0186521,0.0208333,0.857433,-0.155242,0.000357688,0.8713733734706984,0.38443,-0.0623803,0.0970586,0.40137027613171605,0.4916362473592867,0.013835839999999999,0.03115034510242222
57084,0.237704,-0.0333356,0.0208333,0.496847,0.120467,0.00304891,0.511251929434196,0.0882665,0.045483,0.103313,0.14329429255992718,0.4273330235071684,0.05076825,0.15974855241910643
57108,0.143013,-0.0333486,0.0208333,-0.323373,-0.097925,0.00204928,0.33788104756336723,-0.159139,0.0762312,0.032241,0.17937641777959556,0.24127728594088255,0.004523446,0.532187936729122
57132,0.100837,-0.0396706,0.0208333,-0.0235532,0.0119486,0.0120202,0.029017365149854663,0.00340825,-0.00138882,-0.000108135,0.0036819400094413542,0.03243305517880061,2.376382785e-05,2.4576736968116824
57156,0.171453,-0.0330951,0.0208333,0.436335,-0.14032,-0.000130085,0.45834261371501034,-0.227575,0.102187,-0.100116,0.26880434715606816,0.7138510463306663,0.015856275,0.19649198456934572
57180,0.104365,0.00222073,0.0208333,1.24351,-0.0483349,0.000184827,1.2444490414713771,1.29332,-0.013568,-8.3743e-05,1.2933911705423422,0.06074409901755819,1.6550642e-05,0.0
57204,0.282494,-0.0260629,0.0208333,-0.152295,-0.0694488,0.00976765,0.1676672592755142,0.260264,0.0668218,0.0182415,0.26932369924217586,0.43456462239715565,0.08366835,0.09330069667478373
57228,0.299497,-0.0306603,0.0208333,-0.0177807,-0.127354,-0.110714,0.16968436700088196,0.0230671,-0.185997,-0.0936057,0.20949702189744845,0.07348631262167125,0.077547515,0.053253075028584035
57252,0.292788,-0.0371487,0.0208333,-0.140559,-0.0324535,-0.0380023,0.1491785405094848,0.00739269,-0.017139,-0.0661,0.06868483956766662,0.1513727757207223,0.11345279999999999,0.1021934440167274
57276,0.216031,-0.0377438,0.0208333,0.56738,0.0165998,-0.000840352,0.5676233997568493,-0.136659,0.0633608,-0.0855092,0.173211132847401,0.7106520375427394,0.025307005,0.3593633258973431
57300,0.128171,-0.0264441,0.0208333,0.0476033,-0.101245,0.00178712,0.11189199253648315,-0.137119,0.0301037,-0.00278731,0.1404123285603016,0.22670627366441565,0.0017315285000000001,0.20701642446917104
57324,0.239674,-0.0331603,0.0208333,0.467308,0.132102,0.00373934,0.4856353446070782,0.137077,0.0341747,0.093856,0.16960826272646626,0.35603831515139717,0.0571469,0.19064312208941606
57348,0.197919,0.0332016,0.0208333,-0.518291,-0.0305458,-2.86744e-05,0.519190338316172,-0.0709822,0.0190038,0.0188428,0.07585952967900605,0.4504402934503416,0.0032800525,0.0014125721220525345
57372,0.165838,-0.0328455,0.0208333,0.354052,-0.185461,-0.000518051,0.3996859637288237,-0.247958,0.120386,-0.080055,0.2870274582422386,0.67991510776363,0.011646595,0.3184493680320311
57396,0.113367,0.0285946,0.0208333,-0.217816,-0.0792497,0.00354852,0.231812244716021,0.0295629,-0.0406741,-0.0312471,0.05920074936713217,0.2527748647546951,0.00022656745,0.0
57420,0.194162,-0.0358102,0.0208333,0.628993,-0.019886,-0.000240147,0.6293073213586361,-0.271198,0.0799053,-0.164456,0.32707642548506916,0.9204721540672524,0.01691904,0.37709680454758565
57444,0.237948,-0.0264344,0.0208333,0.639781,0.190884,0.0020837,0.6676531818412087,0.506563,-0.114732,-0.158985,0.5431811254250279,0.37025842475180765,0.06292905,0.04353171257830319
57468,0.210904,-0.0311438,0.0208333,0.771917,0.0257438,0.0006546,0.7723464421026356,-0.142948,0.196876,-0.109192,0.2666780511103229,0.9371928689620936,0.050762945000000004,0.2720604712191758
57492,0.170861,-0.0260866,0.0208333,0.716076,-0.256411,0.000345036,0.7605994726180405,-0.245174,0.0623583,0.0966646,0.27081892981852285,1.0172968532005002,0.01257448,0.1171358186038754
57516,0.253136,-0.0144871,0.0208333,0.577382,0.34481,0.00306466,0.6725126780700238,1.01904,0.0817116,0.0390732,1.0230571939695259,0.5153437415934063,0.02761331,0.012541331667729708
57540,0.17256,-0.0311461,0.0208333,0.543059,-0.17201,0.000138253,0.5696494858199136,-0.188287,0.0851451,-0.0535062,0.21345865140923664,0.7770929445759234,0.014170424999999999,0.16543185908403496
57564,0.273595,-0.0100503,0.0208333,0.32985,0.336913,0.00684082,0.47154871316468716,0.601155,0.35931,0.0826292,0.7052081925344033,0.282580797608444,0.10597695,0.025426698566664137
57588,0.147597,-0.0362673,0.0208333,-0.459551,-0.0617995,-0.00229529,0.46369339887196376,-0.190406,0.0583144,0.00731918,0.19927012942042366,0.2948878058373911,0.0044432125,0.7406335126093067
57612,0.210539,-0.0384422,0.0208333,0.56082,0.00951747,-0.00134517,0.5609023659403923,-0.190388,0.0141569,-0.120972,0.22601378972445466,0.7606875587457532,0.02382611,0.3606175259190823
57636,0.183646,-0.0392363,0.0208333,0.342079,-0.00301729,-0.00502396,0.342129195559259,-0.329302,0.0051866,-0.0854738,0.3402535503268114,0.6762336339817459,0.008475671,0.5721223645340217
57660,0.106029,-0.0385239,0.0208333,-0.284151,0.0732678,-0.00057847,0.29344555874195966,0.0195212,0.00759219,-0.00916112,0.022861424235827914,0.31081144232916297,0.000148800355,0.3440552281247881
57684,0.286532,-0.0383576,0.0208333,-0.179858,-0.00770419,0.0203705,0.18117177478240393,-0.181961,-0.00263304,-0.091369,0.20362964563550565,0.11187428226170884,0.10846842000000001,0.3162005692594496
57708,0.276323,-0.0383636,0.0208333,-0.167621,-0.00336477,0.0496435,0.1748502170727932,-0.198542,-0.0128756,-0.232808,0.3062421781913131,0.2842981075922576,0.050511749999999994,0.3676832876267291
57732,0.280373,-0.0316967,0.0208333,-0.140437,-0.0430987,-0.00225568,0.14691881092274195,0.255102,0.0503608,-0.0368275,0.2626204587173094,0.4078982586373254,0.0711028,0.16337961929200348
57756,0.291107,-0.0383958,0.0208333,-0.161192,-0.015636,-0.00894773,0.1621955832695604,-0.112393,-0.0141976,-0.107762,0.15635346794606125,0.11021647495357896,0.11058517,0.1512464875625216
57780,0.28797,-0.00887636,0.0208333,-0.110862,0.0397428,0.0379793,0.12374288029753469,0.348363,0.305576,0.0665769,0.4681516369282607,0.531387536147584,0.10323025,0.026906895027111546
57804,0.238877,-0.0383021,0.0208333,0.206035,0.0330716,0.00609351,0.20876130583918107,-0.230203,0.0307199,0.173735,0.29003617651943003,0.4673465441257805,0.045740005,0.3358883743150394
57828,0.272231,-0.0297055,0.0208333,-0.11537,-0.0199475,0.00741679,0.11731644569349217,0.193321,0.0326729,0.058033,0.20447091852977525,0.3172081977060557,0.10142609999999999,0.17864461928644815
57852,0.0111402,-0.00360937,0.0208333,1.16332,0.00104957,-0.000127915,1.1633204805037312,1.23363,0.0179696,-0.000242957,1.2337608935495823,0.0723173336750096,1.4578256625e-09,0.0
57876,0.174889,-0.0217589,0.0208333,0.810744,-0.231677,0.000436946,0.843196452071999,-0.144696,0.021934,0.14754,0.20781261841380086,0.9994115475704326,0.009328185000000001,0.12314544246540349
57900,0.27116,0.0335695,0.0208333,0.185079,0.141497,-0.000496089,0.23297185099126444,0.0150289,-0.0893779,-0.11557,0.14686967605200196,0.30896967642934786,0.02899259,0.019949786966281118
57924,0.263943,0.0345275,0.0208333,0.0384267,0.0945703,-0.00127273,0.10208708418126604,-0.199694,-0.0669815,-0.102982,0.23445576832795137,0.30519703054856695,0.023071650000000003,0.015263059981537123
57948,0.108157,-0.0305826,0.0208333,-0.24611,0.325231,-0.000833065,0.4078554026346767,-0.0132382,0.043624,-0.0132043,0.04746216233727663,0.365629354865915,0.0006427767,0.18113751682078455
57972,0.100834,-0.0358673,0.0208333,-0.0607411,0.131854,0.0119386,0.14566224189943666,0.00271647,-0.0168019,-0.026756,0.031710669953044196,0.1662008178808844,0.00023388095,0.10778265166528424
57996,0.285801,-0.0379533,0.0208333,-0.18044,-0.00711978,0.0226243,0.18199215317627956,-0.155766,0.00784708,-0.0695515,0.17076895084521776,0.0965877387658475,0.09464297,0.24430800232493408
58020,0.186951,-0.0323901,0.0208333,0.68015,-0.0666371,0.000611533,0.6834068331301788,-0.20896,0.140492,-0.0986187,0.27042176623506103,0.918294993620266,0.013844375,0.22951318044940253
58044,0.150465,0.031901,0.0208333,-0.323088,-0.037221,-0.00227183,0.32523287010471263,0.0322866,-0.0400249,0.028482,0.05878470450355262,0.3567138436338558,0.0007371083999999999,7.075210244225962e-05
58068,0.197619,-0.0264259,0.0208333,0.845066,-0.0427465,0.000602164,0.846146659994432,-0.22807,0.182484,0.0627833,0.2987609042610663,1.098278719770396,0.015729260000000002,0.15864583196541912
58092,0.109875,-0.0283924,0.0208333,-0.168676,0.304513,-0.0014947,0.3481120427004645,-0.0200615,0.0576908,0.000565433,0.06108200963759697,0.2881175318703596,0.00033997995,0.2137823659706291
58116,0.129922,-0.0261379,0.0208333,0.0782496,-0.14616,0.00195731,0.1657998086928815,-0.144877,0.0218471,-0.0034363,0.1465552764833119,0.27935811480392353,0.001662518,0.22100791841017822
58140,0.134143,-0.0338591,0.0208333,-0.511134,-0.0485252,0.00240493,0.5134378683729365,-0.0995991,0.0389818,0.0250671,0.10985408938432834,0.42134549115437187,0.0017388365,0.6239655439204956
58164,0.23629,-0.0364007,0.0208333,0.380726,0.0671148,0.00306069,0.386608395250693,-0.10142,0.053918,0.195636,0.22686253904071513,0.5193497577431188,0.040106199999999995,0.18218671740826772
58188,0.104475,-0.0314846,0.0208333,-0.183553,0.356157,0.000856756,0.4006747390201228,-0.0135921,0.0200827,-0.0295976,0.038263271520610986,0.3778360893941641,0.00057124855,0.17919068056123902
58212,0.289055,-0.0262402,0.0208333,-0.148785,-0.0691194,-0.0194946,0.16521049334264457,0.248354,0.0221126,-0.0021061,0.24934536701525054,0.40785416888546083,0.060046550000000004,0.07993885163048066
58236,0.200753,0.0339138,0.0208333,-0.524577,-0.0230348,3.16144e-05,0.5250825001268946,-0.0926439,-0.00194895,0.00254921,0.09269945568845915,0.4324548002201358,0.0039053374999999998,0.0015503257722169234
58260,0.284324,-0.037086,0.0208333,-0.170757,-0.0115205,0.012547,0.17160449346753714,-0.0950059,0.0388346,-0.0619235,0.11986979204211543,0.11755730780121668,0.0762031,0.22389863778058142
58284,0.10034,-0.0392077,0.0208333,-0.00968818,0.007847,0.0144307,0.019070431122614927,0.00220335,-0.00215715,-0.00162276,0.003484450797844619,0.022342897773901218,2.7961396000000002e-05,0.3867324656658657
58308,0.261094,-0.0346082,0.0208333,-0.0893943,0.0147469,0.0180795,0.09238874526883671,-0.00499933,0.0685269,0.0288688,0.07452742406321917,0.10065390382787395,0.10423505,0.3067115909123749
58332,0.30019,0.0227581,0.0208333,0.808614,1.01211,0.0174179,1.295579652640628,0.890073,1.36032,-0.0779597,1.6275067319532321,0.3701116849854378,0.0617176,0.010246072418248858
58356,0.296704,-0.03575,0.0208333,-0.0769082,-0.0748496,-0.0842397,0.1364318910793587,0.0462227,-0.0983314,-0.0747751,0.13189737602113244,0.12570677037936343,0.0941173,0.13173040651269546
58380,0.190913,0.0385529,0.0208333,-0.547582,-0.0158557,-0.000890652,0.5478122335321429,-0.0842554,0.00792061,0.0161345,0.08615120766525619,0.4642485401004501,0.0014448215000000002,0.0031076084051887875
58404,0.138763,-0.0344994,0.0208333,-0.491249,-0.0525676,0.00159469,0.49405614620906807,-0.134732,0.0537459,0.026577,0.14747091414855337,0.3728686731064787,0.002623085,0.6904730262653277
58428,0.156579,-0.0332883,0.0208333,0.0420846,-0.179593,-0.00169167,0.18446577176687523,-0.269142,0.145728,-0.0090453,0.30619582557587227,0.4502774982860424,0.008703305,0.4395008532414926
58452,0.223891,-0.0334063,0.0208333,0.654975,0.0639977,0.000676562,0.6580945326975676,0.0156267,0.0798625,-0.0758999,0.1112789624284393,0.6441132626521265,0.0495003,0.31009917768352757
58476,0.187844,0.0367195,0.0208333,-0.525792,-0.0216223,-0.000943352,0.5262372478590678,-0.0865032,0.0467469,0.019001,0.1001454655531143,0.44502446504746224,0.004513288,0.0024744413510932118
58500,0.102221,0.00718183,0.0208333,1.14973,-0.0232435,0.000139729,1.1499649354290953,1.15646,-0.0200014,0.00399295,1.1566398450907969,0.008405440171986396,1.306887e-05,0.0
58524,0.100759,-0.0372641,0.0208333,-0.0453772,0.0648278,0.0143407,0.08042008212610828,0.00320674,-0.0130329,-0.0190805,0.023328204904955716,0.09767120578683157,0.00011865635,0.03971095566717074
58548,0.295663,-0.0342662,0.0208333,-0.0915155,-0.0823793,-0.0855017,0.1499065592681988,0.052882,-0.0741814,-0.0745309,0.11770404022279778,0.14504551707412403,0.07554695,0.08263467795060377
58572,0.291052,-0.0232118,0.0208333,-0.15251,-0.0718907,-0.0211912,0.16993127965130495,0.229545,0.012984,-0.0531998,0.23598667335474688,0.3926758054668635,0.0715213,0.055247533881613214
58596,0.29391,-0.0271254,0.0208333,-0.115767,-0.0949363,-0.0720011,0.16612964138858544,0.146451,-0.0807276,-0.0415505,0.1723115923349616,0.26436226228425647,0.0747717,0.07305217313673838
58620,0.110132,-0.026586,0.0208333,-0.0964975,0.314723,-0.00213433,0.32919126598346876,-0.0231252,0.0614745,0.0123103,0.06682389177068333,0.26405860049499785,0.0005981365,0.19676381781211708
58644,0.108481,-0.0232382,0.0208333,0.0102886,0.348113,-0.00257541,0.3482745307880381,-0.034032,0.0688686,0.0228326,0.08013980729150776,0.2838790543310304,0.00102494745,0.10097474931882723
58668,0.278056,-0.0368697,0.0208333,-0.166463,-0.0101668,0.0314942,0.16972088505802696,-0.0347579,0.00581835,-0.174513,0.17803581655984985,0.24503208940539298,0.06379784999999999,0.23655992898206576
58692,0.291176,0.0385617,0.0208333,0.7311,0.0911293,0.0045079,0.736771389564565,0.40841,0.0277334,-0.0715897,0.41556341841125766,0.33754810170192034,0.018630405000000003,0.016519503624503974
58716,0.208493,-0.036302,0.0208333,0.642577,0.0114823,-0.000437695,0.642679730285002,-0.199944,0.0489156,-0.145314,0.25196527073261504,0.8557055750317062,0.023349105,0.24296378330936486
58740,0.18822,-0.0348316,0.0208333,0.621164,-0.0418797,0.000172827,0.6225742156861799,-0.235065,0.0974327,-0.130344,0.28589900942516394,0.8772517810554208,0.01479175,0.28438846671410567
58764,0.120012,-0.028311,0.0208333,-0.168019,0.0744186,0.0013225,0.18376686696249137,-0.0247753,0.0362189,0.0116533,0.045402903081080616,0.1486092194260504,0.000793219,0.34095747535433213
58788,0.1332,-0.034049,0.0208333,-0.525487,-0.0424956,0.0024513,0.5272081866398226,-0.0950946,0.034802,0.0228439,0.10380754269497955,0.4377538064692071,0.0017544474999999999,0.5866975370665877
58812,0.296157,-0.0372338,0.0208333,-0.0883986,-0.0459925,-0.0624896,0.11762046015200757,-0.0129906,-0.056246,-0.0688307,0.08983336499792269,0.07636563543544962,0.09796615,0.12429762668691627
58836,0.255383,-0.0323785,0.0208333,0.0430672,0.0675627,0.0186476,0.0822632064345294,0.144658,0.0141567,0.113578,0.18446222161431863,0.1489451990659652,0.09932575,0.16514962912462142
58860,0.12632,-0.037849,0.0208333,-0.775432,0.0131426,-0.0016842,0.7755451960320559,-0.000908182,0.0250787,0.0254215,0.03572140325470325,0.7750898877581859,0.0005479798499999999,1.3721370193971154
58884,0.105624,-0.0341767,0.0208333,-0.283934,0.259821,-0.000254583,0.38487080067147716,-0.0179156,0.0131761,-0.0249215,0.033401489440143234,0.36360411525291475,0.000436414,0.25227266994266345
58908,0.191912,-0.0382557,0.0208333,0.499168,-0.00910843,-0.00241411,0.4992569314973574,-0.332396,0.0153812,-0.175095,0.37600790038832965,0.8496570589624551,0.013189905,0.5604275153844608
58932,0.268983,0.0316524,0.0208333,0.16538,0.174462,-0.000412069,0.24039073119581952,-0.0201782,-0.00383172,-0.103921,0.1059311855611859,0.27737086179957904,0.03216959,0.019446053584210858
58956,0.160244,-0.0370727,0.0208333,-0.112875,-0.0573352,-0.00558462,0.1267252096647877,-0.293166,0.081469,0.0152459,0.30465708425016147,0.22848492550299765,0.008996351999999999,0.4520077432965059
58980,0.192622,-0.0383801,0.0208333,0.50246,-0.00523818,-0.00242411,0.5024931506388963,-0.325792,0.0184253,-0.16896,0.3674607469432484,0.8451600667612038,0.012217285000000001,0.6021411794587711
59004,0.130836,-0.036075,0.0208333,-0.679006,-0.00919718,0.000769425,0.6790687212431323,-0.0757505,0.0244762,0.027667,0.08427743176966179,0.6047930012341041,0.000997763,0.6884533390143446
59028,0.106839,-0.0312204,0.0208333,-0.235162,0.342121,-0.000508623,0.41514841151370935,-0.0169896,0.0339248,-0.0244323,0.0451273292638729,0.3783601936480638,0.0006698565000000001,0.1713076180442656
59052,0.265714,-0.0344838,0.0208333,-0.109528,0.00402425,0.0156389,0.11071202538691315,0.0154366,0.04758,0.067996,0.0844132752329869,0.14231837735033553,0.10791575,0.3074652825930108
59076,0.107478,-0.0127246,0.0208333,0.547131,0.0253592,0.00144556,0.5477202842960571,0.375005,0.0116957,-0.000170382,0.37518737779077255,0.17267501955059214,0.0002760399,0.00813534879399771
59100,0.103062,-0.00989362,0.0208333,0.835919,-0.0266686,0.00224103,0.8363473028607319,0.7268,-0.00249121,-0.00180508,0.7268065110062447,0.11183860404325598,1.7757885e-05,0.006632654069073707
59124,0.25095,0.0296128,0.0208333,-0.106564,0.131039,-0.000845892,0.16890180919775744,-0.238439,-0.0262887,-0.0673903,0.24917003231283655,0.21580356588425612,0.025816820000000004,0.012520583053516318
59148,0.245496,-0.0377231,0.0208333,0.0261344,0.0252019,0.0148153,0.039212698721970154,-0.171834,-0.0634506,0.103189,0.21024003405003527,0.23422353427121706,0.0637924,0.43541474481234554
59172,0.207198,-0.0367761,0.0208333,0.623086,0.00805891,-0.000725002,0.6231385360048664,-0.203902,0.034438,-0.149648,0.25525776256952504,0.8407039121275315,0.02766149,0.2755019056195438
59196,0.229127,-0.0253559,0.0208333,0.73273,0.150871,0.000876955,0.7481016512420435,0.424017,-0.110584,-0.12112,0.4546309401536591,0.4225466724792328,0.06231405,0.039370420368596525
59220,0.120944,-0.0356264,0.0208333,-0.641229,0.0568374,0.0012634,0.6437442944673919,-0.0183946,0.0375928,0.0386593,0.056974743505258545,0.62425275152724,0.00100643,0.4788684579297325
59244,0.161871,-0.0249975,0.0208333,0.657177,-0.340676,9.19423e-05,0.7402308793602078,-0.282749,0.0094836,0.0701738,0.29148121359085905,1.0054770498260233,0.009151475,0.09372390303439139
59268,0.167909,-0.0396291,0.0208333,-0.0272229,-0.0155546,-0.0085945,0.03250995687201077,-0.143028,0.00867518,0.0117393,0.1437709243780619,0.12004735252098815,0.0026376141,1.0853847244180288
59292,0.271124,-0.0123413,0.0208333,0.346448,0.326006,0.00718456,0.47577068703567016,0.631307,0.295553,0.0897981,0.7028255849224685,0.29815605323610583,0.10248909999999999,0.029230035921975876
59316,0.25824,-0.0392508,0.0208333,-0.0495614,0.00384273,0.0203879,0.0537286274738421,-0.212868,0.027588,-0.0708012,0.2260236560394509,0.18854266204162626,0.060803015,0.7318818210612967
59340,0.0995846,0.0063015,0.0208333,1.12067,-0.029072,7.76404e-05,1.1210470267174486,1.19641,-0.0227358,0.000706657,1.1966262173568467,0.07600717526867488,7.2541525e-06,0.0
59364,0.104678,-0.0326304,0.0208333,-0.219198,0.324055,0.000505056,0.3912284004396449,-0.0240396,0.0155094,-0.0331662,0.043800007750684246,0.3666346162742104,0.0006109465,0.19311732185384098
59388,0.165887,-0.034486,0.0208333,0.276509,-0.173427,-0.00072195,0.3263964960317474,-0.262698,0.133385,-0.0898996,0.30803203649808897,0.6267618730048299,0.011070015,0.42793340603416324
59412,0.18222,-0.0216835,0.0208333,0.859292,-0.179996,0.000483316,0.8779416466225735,-0.0482442,-0.0325948,0.104911,0.11998433956846201,0.9253400506070639,0.019689965,0.11864316246627954
59436,0.287351,-0.0230171,0.0208333,-0.164783,-0.0708427,0.00913208,0.17959821858085454,0.241833,0.0588772,-0.0490282,0.25367989467847074,0.430751020987401,0.07468635,0.04759737387713738
59460,0.114749,-0.0371569,0.0208333,-0.612678,0.0909887,-0.00167307,0.6193997694340181,0.0100917,-0.00589005,0.00317589,0.012108731361484572,0.6302785922532465,0.000909138,1.2304552003222222
59484,0.137245,-0.0336441,0.0208333,-0.440469,-0.0625785,0.00220837,0.44489761240234466,-0.120253,0.0558465,0.0304196,0.13603296525258132,0.34257647435151306,0.002251754,0.659996969690013
59508,0.178588,-0.0189407,0.0208333,0.858758,-0.215169,0.000522656,0.8853040575385918,0.264706,-0.0229552,0.115181,0.2895908672662866,0.6348152955492349,0.02025783,0.03836925852814985
59532,0.285164,-0.0192312,0.0208333,-0.146028,-0.0662712,0.0325395,0.16363027774128477,0.283554,0.132661,0.0213757,0.3137813448685087,0.4735391698173235,0.08016995,0.04439222904968841
59556,0.217735,-0.0224435,0.0208333,0.807296,0.0965194,0.000185556,0.8130454234686947,0.452104,-0.0420047,0.0174392,0.4543859013379817,0.3816385349726738,0.0711911,0.07353427772134571
59580,0.185479,-0.0247258,0.0208333,0.82012,-0.127941,0.000542383,0.8300397629392935,-0.244489,0.111081,0.0736867,0.27846649607967205,1.0935602088931347,0.010137315000000001,0.1285293740745671
59604,0.150254,-0.0220683,0.0208333,0.685726,-0.398335,-8.63588e-05,0.7930264350945953,-0.127883,0.0918161,0.047035,0.16430626626276307,0.9510142628622181,0.005378979,0.08887913140889711
59628,0.123165,-0.0161877,0.0208333,0.695053,-0.144967,-0.00159334,0.71001172006549,0.174697,0.0214818,-0.0206627,0.1772214905465192,0.5466618792711356,0.000449002,0.06437398542889822
59652,0.219512,0.0313232,0.0208333,-0.466601,0.032288,0.000260799,0.4677168760704689,-0.137574,-0.000151513,-0.0614686,0.15068184103650037,0.3363355577895063,0.003364895,0.0032323366161339075
59676,0.278318,-0.0322456,0.0208333,-0.139336,-0.0391049,0.00149834,0.14472718860934733,0.242861,0.0346361,-0.0342595,0.2476990877747837,0.39088477203834077,0.0796952,0.17001646979042942
59700,0.279989,0.0317389,0.0208333,0.413972,0.245708,0.000436305,0.481399447870532,0.235521,0.046194,-0.0415055,0.24357079793614422,0.2709422643362568,0.04170344000000001,0.013559977876088147
59724,0.164011,-0.0386424,0.0208333,-0.099677,-0.0416347,-0.00148874,0.10803318434572592,-0.263589,0.0349529,0.02234,0.2668331721121083,0.18248455569649613,0.005931875,0.6596430853120496
59748,0.166859,-0.0345385,0.0208333,0.279169,-0.157358,-0.000684178,0.32046425514327753,-0.260854,0.133584,-0.095402,0.3082061582382805,0.6206799124326674,0.011399240000000001,0.46251918879112464
59772,0.26819,-0.0117133,0.0208333,0.4051,0.353165,0.00656196,0.5374705448152872,0.728949,0.277751,0.0566476,0.7821260852239618,0.33626480269455733,0.09103895000000001,0.03056283691020845
59796,0.269739,-0.0172116,0.0208333,0.296491,0.264284,0.00879009,0.3972785061127874,0.500162,0.233861,0.118182,0.5646414602993656,0.2331823860059934,0.0919421,0.040978164917428894
59820,0.126701,-0.0371263,0.0208333,-0.746447,0.0130877,-0.000426999,0.746561848763005,-0.0116809,0.0309928,0.023136,0.04040138082603118,0.7353618355864642,0.0006247215999999999,0.9834719111393065
59844,0.17659,0.036808,0.0208333,-0.457278,-0.0241735,-0.00128771,0.4579183175887312,-0.0392097,-0.0130405,-0.0113601,0.04285448735371828,0.4183377824129708,0.000609904,0.00010349009614451038
59868,0.211972,-0.0304758,0.0208333,0.773591,0.0336384,0.000662297,0.774322294573052,-0.0819133,0.191158,-0.127978,0.2441916013397881,0.879345414336652,0.06351315,0.29573281860490225
59892,0.184847,-0.0320597,0.0208333,0.670205,-0.078767,0.000586489,0.6748179949314831,-0.195476,0.134882,-0.0847246,0.25215526634429036,0.895727341811316,0.013685255,0.1901010257731399
59916,0.180569,-0.0392656,0.0208333,0.299576,-0.00567178,-0.00547532,0.2996797090119229,-0.331002,0.00664079,-0.0596046,0.3363913382312097,0.6330167394447982,0.0084324625,0.7114168960602496
59940,0.163161,-0.0321569,0.0208333,0.356205,-0.22784,-0.000642384,0.42283978086528645,-0.24796,0.11469,-0.0625952,0.280278641289414,0.6972663046034348,0.008959355,0.24554918040995372
59964,0.102221,-0.0396395,0.0208333,-0.0739095,0.0217167,0.00627973,0.07728948348910672,0.00993944,-0.00169034,-0.00259061,0.010409657871481657,0.0875055266391832,4.85688835e-05,1.606822952288148
59988,0.285759,-0.0371185,0.0208333,-0.169911,-0.0124298,0.00655689,0.17049117471444702,-0.0998225,0.00679678,-0.0372238,0.1067536369921812,0.08484578968706993,0.08600735000000001,0.1472436755857446
60012,0.396771,0.0211108,0.0208333,0.607349,-0.030811,0.00311093,0.6081379805664705,0.68305,0.00364559,-0.0896935,0.6889234476839194,0.12462166835287113,0.05484688,0.007582380892569299
60036,0.00322079,0.00889292,0.0208333,1.15848,-1.83347e-05,-6.18644e-05,1.1584800017969086,0.820489,0.0198464,-6.98707e-05,0.820728995220636,0.3385742515753408,1.308434489225e-08,1.0789578305012667e-05
60060,0.00322538,-0.00889437,0.0208333,1.15848,-1.99262e-05,-6.22117e-05,1.158480001841788,0.818781,-0.0215379,-6.93484e-05,0.8190642294146477,0.34037983760556373,1.433249927435e-08,4.0370905365126505e-05
60084,0.396779,0.038898,0.0208333,1.40833,-2.32328e-05,0.0026664,1.408332524345271,1.11776,-0.00784522,0.0108729,1.1178404112534395,0.29079108484616056,0.069865993,0.013362447380626051
60108,0.181215,-0.0356459,0.0208333,0.492316,-0.0544246,-0.000517688,0.4953154034976353,-0.233452,0.069556,-0.16104,0.29201327887614975,0.7535766660733234,0.012511089999999999,0.214590074327775
60132,0.117695,-0.021116,0.0208333,0.239355,0.0738551,-0.00563456,0.2505536670803355,-0.0392941,0.0980249,-0.0163425,0.10686432810376903,0.27990026820618374,0.0013681564999999999,0.12257895414792867
60156,0.293805,0.0163257,0.0208333,0.161432,0.760874,0.0150987,0.7779572644057577,0.416261,1.15196,0.0769395,1.2272753351963244,0.4708612993033512,0.08572385,0.015666078003125094
60180,0.131432,-0.0392221,0.0208333,-0.784153,0.00403901,-0.00565732,0.7841838089889146,-0.0274613,0.000185677,0.0273715,0.03877314129508117,0.7574219959670377,0.00027208075,1.0022025743331535
60204,0.182765,-0.0319199,0.0208333,0.655318,-0.0922489,0.000529505,0.6617792842411697,-0.187274,0.119292,-0.0816705,0.23658445196219044,0.8726211501326392,0.013584825,0.18166700305779254
60228,0.231974,-0.0383107,0.0208333,0.335852,0.0222163,0.00174228,0.3365905010978302,-0.199315,0.0388959,0.187613,0.2764742267026169,0.5667714279129448,0.031077564999999998,0.38418354988208436
60252,0.264793,-0.0374107,0.0208333,-0.126354,0.00434959,0.0298554,0.12990610901080865,-0.188145,0.0476426,-0.0338965,0.1970211437181553,0.0987760960428691,0.07510225,0.3459913293711274
60276,0.259726,-0.0384888,0.0208333,-0.09801,0.0080667,0.0275405,0.1021249768134123,-0.240726,0.0448195,-0.0899302,0.26085481695435486,0.18846217212568148,0.06650617,0.39219127986226315
60300,0.223122,-0.0396534,0.0208333,0.373789,0.00348156,-0.000741425,0.3738059489789645,-0.113978,0.00637851,0.0299861,0.11802896283129026,0.4887424878204555,0.014474332000000001,0.774326158669588
60324,0.268988,-0.0335024,0.0208333,-0.117481,-0.00786343,0.0116154,0.11831541070175475,0.0844077,0.0368543,0.0640466,0.11218229013235556,0.21332546331247684,0.09465685,0.26912004756242147
60348,0.179035,-0.0385578,0.0208333,0.337761,-0.017866,-0.00350372,0.33825133130682333,-0.375224,0.0182457,-0.089455,0.3861711444029577,0.7190544399664941,0.008730685,0.4873653660243001
60372,0.145529,-0.0396319,0.0208333,-0.619675,-0.00450319,-0.0089474,0.6197559522198525,-0.0363575,0.00374656,-0.00118628,0.036569273691474925,0.5834274583570496,0.00061763475,2.1115752413778677
60396,0.22916,0.036888,0.0208333,-0.498678,0.0157168,-0.00197981,0.4989295392476538,-0.225865,-0.028771,-0.0748662,0.23968253288139293,0.2858645188985021,0.003939067500000001,0.006281305596768876
60420,0.294191,-0.0286349,0.0208333,-0.107723,-0.0958322,-0.0723081,0.16129636267272118,0.137566,-0.0991446,-0.023531,0.17119510514661335,0.25011371613562094,0.08161815,0.07886482105476433
60444,0.100348,-0.0379168,0.0208333,-0.0147686,0.0285093,0.0174755,0.03655522989532414,0.00156777,-0.00685069,-0.00783097,0.010522069539301666,0.04645022391160133,3.6939675e-05,0.010025966287595426
60468,0.136219,-0.0337172,0.0208333,-0.462222,-0.0585247,0.00228741,0.4659179649236527,-0.113122,0.0503111,0.0295062,0.127272972408324,0.3666836564270408,0.002004508,0.6248719868901149
60492,0.104709,-0.0346051,0.0208333,-0.23671,0.244642,0.000619225,0.340414035702996,-0.0133876,0.00619237,-0.0268508,0.03063557965204674,0.32785015275640417,0.00044680800000000004,0.22574321695235938
60516,0.182954,-0.0305177,0.0208333,0.715669,-0.110172,0.000602614,0.7240996825635493,-0.19767,0.134651,-0.0589588,0.24633404311714613,0.9474565912418782,0.013114854999999998,0.18670672189291954
60540,0.282371,-0.0241341,0.0208333,-0.151121,-0.0724071,0.0199998,0.16876118265599468,0.270132,0.0687712,0.0498319,0.28316778353310246,0.4452812106863482,0.0896208,0.08496240344999664
60564,0.254271,-0.0316629,0.0208333,0.130579,0.107848,0.0141657,0.1699492082990974,0.205284,0.0187531,0.131889,0.24472005993912718,0.16546151695756933,0.09992365,0.14914422550001727
60588,0.253232,-0.0193964,0.0208333,0.541681,0.307011,0.00424132,0.6226492180010688,0.785949,0.00261746,0.0577913,0.7880751969536547,0.3939414720180296,0.04955747,0.02997700785602192
60612,0.180526,-0.0369173,0.0208333,0.425742,-0.0341305,-0.00155278,0.42711070312037186,-0.305558,0.0478762,-0.170134,0.3529920676820373,0.7549466316115189,0.013209055,0.2763720318700863
60636,0.27465,-0.0192157,0.0208333,0.104073,0.12809,0.0102865,0.16536036257595108,0.296371,0.221537,0.161185,0.40360254735940404,0.26168916659894426,0.08163809999999999,0.06293576089950768
60660,0.217335,0.0334741,0.0208333,-0.497607,0.0209831,0.000234312,0.4980492664754395,-0.186028,0.00115718,-0.0773119,0.20145690787650444,0.32169543879327134,0.002990365,0.002972509041197352
60684,0.206647,-0.0372318,0.0208333,0.613709,0.00723967,-0.000855854,0.6137522969315701,-0.209934,0.0215786,-0.150722,0.2593357700317486,0.8372892320336134,0.028482399999999998,0.29996999849985
60708,0.124311,0.0274877,0.0208333,-0.289887,-0.0508382,-0.00075975,0.2943120326597309,-0.00194084,-0.030448,-0.013787,0.03348027677462658,0.28896100179323175,0.00023196513000000002,2.642899922433689e-05
60732,0.25298,-0.0380248,0.0208333,-0.0709406,0.0029445,0.0240114,0.07495189216137242,-0.114112,0.0127616,0.10605,0.1563042209236846,0.09322272856085044,0.0672015,0.468664058788382
60756,0.20582,-0.0371109,0.0208333,0.614411,0.0054758,-0.000854402,0.6144359944773887,-0.216051,0.0255947,-0.157718,0.26871563183612895,0.8453863566196912,0.02909777,0.30416968948269646
60780,0.281222,-0.0206439,0.0208333,-0.115337,-0.0587821,0.0278645,0.13241748075560114,0.276565,0.135905,0.103949,0.325213411240988,0.4441611145188871,0.0857936,0.05491894026654193
60804,0.142537,-0.0396531,0.0208333,-0.671993,-0.0019781,-0.00828545,0.6720469876506496,-0.0234597,0.000583251,0.00979168,0.025427833235283755,0.6487902468108411,0.00065470675,2.80546074647285
60828,0.177563,0.0338233,0.0208333,-0.432799,-0.0468851,-0.00108548,0.4353324767000969,-0.0159356,0.00368877,0.024849,0.029749339025815346,0.4207201062930167,0.0012798205,0.0001394324209070473
60852,0.264914,-0.0381248,0.0208333,-0.12496,0.00486452,0.0359779,0.13012714721855853,-0.260315,0.0412761,-0.0868376,0.27750384579311693,0.18636101046985767,0.0630462,0.3906584185704949
60876,0.273782,-0.0315288,0.0208333,-0.130814,-0.0306077,0.00663949,0.13451102825698014,0.201023,0.0206506,0.0378125,0.2055881294374994,0.33721649491142947,0.098304,0.1949284484112055
60900,0.246302,-0.0386551,0.0208333,-0.0399214,-0.00318376,0.0211286,0.04527993201913625,-0.199713,-0.0605701,0.0854134,0.2254982666952675,0.18154636586887551,0.060914575,0.4968923424646429
60924,0.274316,-0.016391,0.0208333,0.199116,0.202852,0.00912801,0.28439310105303206,0.431579,0.26739,0.146694,0.5284666261714168,0.2777203655076093,0.08452785,0.0326243773886951
60948,0.156482,-0.0310584,0.0208333,0.212223,-0.244319,-0.000269373,0.3236208399528886,-0.220232,0.13766,-0.0382224,0.2625135449567508,0.5782436473706069,0.006634785,0.43866957952427016
60972,0.09672,0.00159037,0.0208333,1.20206,-0.017999,1.0167e-05,1.2021947461640181,1.30468,-0.00653169,-0.000867346,1.3046966381743075,0.10326245023095909,2.2296305e-06,3.23688121499693e-05
60996,0.234378,0.0278667,0.0208333,-0.265106,0.103048,0.000277112,0.2844295313976039,-0.16971,-0.0882979,-0.0653168,0.20214917166946292,0.2236430449494769,0.009489295,0.005074130467380593
61020,0.192616,-0.0252778,0.0208333,0.852072,-0.076726,0.000525978,0.8555196367780559,-0.242618,0.171468,0.057382,0.30258463753469045,1.1239123920367033,0.01840784,0.12573464120917513
61044,0.223834,-0.0312444,0.0208333,0.700068,0.0799029,0.000839142,0.7046136403815257,0.135881,0.0841305,-0.242758,0.29064245002279004,0.6145440677130715,0.05692335,0.27484377380613884
61068,0.273952,-0.0338671,0.0208333,-0.135931,-0.025676,0.0102871,0.1387166830752884,0.148875,0.0233057,-0.000833855,0.15069046616044104,0.28920121059740056,0.0959522,0.20580549069449047
61092,0.101416,-0.0386158,0.0208333,-0.0464824,0.0370016,0.0126197,0.060737045865023764,0.00833203,-0.00590817,-0.0141596,0.017459194392348117,0.07458552812823545,0.000145003405,0.07885188647077507
61116,0.265748,-0.0181802,0.0208333,0.375556,0.297474,0.0080082,0.4791630422718764,0.569048,0.169305,0.0952195,0.6012874208806052,0.24793599470970326,0.0854396,0.05246170031556354
61140,0.125252,-0.0207989,0.0208333,0.355265,-0.088929,-0.0039861,0.36624783447716114,-0.136363,0.0473415,0.0102435,0.14471010567164963,0.510362832767444,0.001918875,0.14484439927038947
61164,0.10287,-0.033197,0.0208333,-0.15314,0.295365,0.00311657,0.3327191846491045,-0.01363,-0.000543525,-0.0312254,0.03407488700767216,0.32894416877512284,0.0005188215,0.18862953109203234
61188,0.277501,-0.0331049,0.0208333,-0.139009,-0.0355221,0.0037726,0.14352544784870033,0.216415,0.0356538,-0.0540599,0.22589625598369265,0.3670651530356157,0.07990430000000001,0.17661172101533917
61212,0.164134,-0.0393293,0.0208333,-0.151964,-0.0167417,-0.00286941,0.1529103506262349,-0.197017,0.0119319,0.040728,0.2015361965271003,0.06893970049737742,0.0055855205,1.16721891691319
61236,0.195095,-0.0371369,0.0208333,0.58664,-0.00913503,-0.000975901,0.5867119316631142,-0.29623,0.0583215,-0.182486,0.35278144857439714,0.9038560374189192,0.015641215,0.5024878107974362
61260,0.231622,-0.0340103,0.0208333,0.543047,0.0851275,0.00146261,0.5496807024930583,0.0297455,0.06708,0.0734525,0.10382577197642212,0.5186392642489691,0.04318745,0.19443687921790967
61284,0.29407,-0.033481,0.0208333,-0.10695,-0.0722702,-0.0669994,0.14543109677232033,0.059384,-0.0772132,-0.0765134,0.1238654031188693,0.16667917986659284,0.06111985,0.07537088297213984
61308,0.114191,-0.0349844,0.0208333,-0.532604,0.143843,-0.000286024,0.5516864247692964,-5.3941e-05,0.0196332,-0.00864875,0.021453818504731995,0.5469072818523214,0.000812697,0.2552379282160079
61332,0.23215,-0.0396505,0.0208333,0.275568,0.00916925,0.00174556,0.275726032048619,-0.183208,0.00894038,0.120369,0.21939416086018426,0.4738638950953221,0.0117447795,0.7671636070617531
61356,0.205967,-0.0383602,0.0208333,0.567274,0.00653828,-0.00146014,0.5673135572063988,-0.24024,0.0066957,-0.132496,0.27443629500211886,0.818076574400585,0.025905375,0.4256677107791945
61380,0.295765,-0.0323615,0.0208333,-0.0877767,-0.0933353,-0.0848506,0.1536744988908049,0.081255,-0.103062,-0.0551545,0.14235929804283948,0.1718958482715333,0.0718226,0.0833524444752522
61404,0.228074,0.0340179,0.0208333,-0.451049,0.0328219,-0.000562798,0.4522419642870382,-0.220304,-0.0338206,-0.0726808,0.23443588481501718,0.25076978295584573,0.00313342,0.005682165080319297
61428,0.294475,0.00808746,0.0208333,-0.110072,0.44446,-0.00672361,0.4579363970197522,0.0867535,0.814795,0.0393178,0.8203431910999749,0.4219100628214953,0.0731121,0.014337712509323097
61452,0.233976,-0.0229874,0.0208333,0.703903,0.189032,0.00117761,0.7288442338375958,0.63955,-0.147589,-0.0211312,0.6566987460277657,0.34344241038872314,0.045850515,0.027623377780423595
61476,0.265425,-0.0323914,0.0208333,-0.0875576,0.0126372,0.0112024,0.08917132895364967,0.0967317,0.0544907,0.0830704,0.1386612762365182,0.2021862284646014,0.10194905,0.280274686691467
61500,0.166918,-0.022488,0.0208333,0.77531,-0.312571,0.00037124,0.8359463882092785,-0.226621,-0.0235912,0.118792,0.2569536176480884,1.0494753593905946,0.006085200000000001,0.08611869715688922
61524,0.28265,0.0335765,0.0208333,0.476109,0.214308,0.000704798,0.5221189476404977,0.332367,-0.0155815,-0.0840877,0.3431928716079925,0.2840787082682016,0.048702100000000005,0.015829908401503782
61548,0.111865,-0.0259279,0.0208333,-0.0525894,0.25257,-0.00261861,0.25800020738497886,-0.0210891,0.064565,0.0200651,0.07082370790787502,0.19197056968310042,0.0007613941999999999,0.16982108231901008
61572,0.287189,-0.00325773,0.0208333,-0.00992145,0.174103,0.0322447,0.17734150799289064,0.371645,0.503438,0.106756,0.6347965574930287,0.509515879848992,0.0816578,0.02565595447454645
61596,0.236266,-0.0319819,0.0208333,0.558161,0.129731,0.00243061,0.5730442759045519,0.18652,0.0341561,-0.0308893,0.1921210514797897,0.3851776353754435,0.06355730000000001,0.1312459523185382
61620,0.235369,-0.0188975,0.0208333,0.704497,0.225555,0.000761012,0.7397240432575273,0.896712,-0.109511,0.0326634,0.9039645832467995,0.38759978449568633,0.03042109,0.021260573839856724
61644,0.168294,-0.0180142,0.0208333,0.846669,-0.308602,0.000609311,0.9011570125260607,0.406857,-0.0659232,0.0264705,0.4130123171498521,0.5029874714244219,0.0056221445,0.03300242415338607
61668,0.247521,-0.03241,0.0208333,0.31685,0.14802,0.00744154,0.3497988270671753,0.221114,-0.00253645,0.156635,0.2709840545117046,0.2325753960318548,0.07305245,0.15913076383905156
61692,0.110545,-0.0223227,0.0208333,0.0741519,0.27116,-0.00361174,0.2811392796096583,-0.0345547,0.0665999,0.027599,0.07994547374992533,0.23374359817312132,0.0009645560999999999,0.0869662578245149
61716,0.264452,-0.0332305,0.0208333,-0.0891829,0.0133154,0.0130588,0.09111213852725661,0.0670035,0.0550735,0.0807406,0.11849727382037106,0.17526767104006943,0.10541875,0.29471562564614723
61740,0.106887,-0.0282482,0.0208333,-0.139973,0.384552,-0.00090709,0.4092352675970976,-0.00786691,0.0494776,-0.00776346,0.05069706585079357,0.3602414223267849,0.00034559415,0.18451395611172614
61764,0.122467,-0.0336502,0.0208333,-0.552111,0.0483088,0.00270888,0.5542270604267663,-0.0307967,0.0415482,0.0347432,0.06230392925305755,0.5223413661148353,0.0008134325,0.5762421366057848
61788,0.23618,-0.02578,0.0208333,0.656163,0.181266,0.00179768,0.6807425923051844,0.515499,-0.130151,-0.132553,0.547949632366881,0.36717436457555475,0.0604033,0.03478246684753685
61812,0.169042,-0.0254008,0.0208333,0.718545,-0.274762,0.000316179,0.7692861454869443,-0.261987,0.0767572,0.107681,0.2934689995243791,1.0471561277006414,0.011850085,0.11665847590295357
61836,0.237379,-0.0200699,0.0208333,0.690706,0.232024,0.00105096,0.7286364110644771,0.857777,-0.119978,0.0275386,0.8665647562086517,0.39053773456321683,0.031821724999999995,0.02030288156888081
61860,0.206537,-0.0339134,0.0208333,0.711027,0.009197,0.000317852,0.7110865492806722,-0.224802,0.128534,-0.1206,0.28565939221387415,0.9511247887329475,0.02375727,0.19266862744100297
61884,0.136567,-0.0396621,0.0208333,-0.744367,0.000574991,-0.00691341,0.7443993259947769,-0.0229487,-0.00148542,0.0235614,0.0329239863052213,0.7220646251637834,0.00022957778,1.716342040503582
61908,0.191686,0.033151,0.0208333,-0.501086,-0.0442126,-0.000539139,0.5030330248260261,-0.082702,0.0394229,0.0247358,0.09489808032858199,0.42740951189427656,0.004808799000000001,0.0019244531690846623
61932,0.258962,-0.039636,0.0208333,-0.0486318,0.00362672,0.0197234,0.052604349409135366,-0.171758,0.0169393,-0.0765956,0.188824353270043,0.15689052129971523,0.0317028825,0.7572740587132244
61956,0.185782,-0.0327854,0.0208333,0.67104,-0.0723255,0.000584426,0.674926663500561,-0.206357,0.131882,-0.0981471,0.26383503673964537,0.9062417519026248,0.01341455,0.199586572694658
61980,0.167712,-0.0373293,0.0208333,0.111251,-0.0815798,-0.00183456,0.1379688891722826,-0.296396,0.0970909,-0.0573722,0.31712584412445793,0.44853508792987373,0.005465838000000001,0.6274225051749419
62004,0.164863,0.0367324,0.0208333,-0.399813,-0.0172261,-0.00182841,0.40018810148895995,-0.0358298,0.011719,0.0179542,0.04175479405625179,0.36566780054396647,0.0006567455,5.5016361202827654e-05
62028,0.297727,-0.0316235,0.0208333,-0.0550012,-0.119724,-0.110416,0.1719030576616949,0.0809784,-0.211879,-0.0578602,0.2340897576819627,0.1724677006131873,0.1059916,0.06809897209209549
62052,0.232071,-0.0321316,0.0208333,0.596383,0.107972,0.00159135,0.6060801662056122,0.173069,0.0486586,-0.0724863,0.19384220851674697,0.43382060836834674,0.0526909,0.13257073583562853
62076,0.287389,-0.0271413,0.0208333,-0.149341,-0.066819,-0.0139535,0.1642017454360641,0.266911,0.0230078,-0.00824046,0.26802750971281214,0.4258723051905132,0.0529159,0.09332480913454899
62100,0.267104,-0.00895075,0.0208333,0.46128,0.391201,0.00503973,0.604849452078344,0.802198,0.296854,0.0309695,0.8559223320198217,0.35468125423435176,0.071552685,0.01709265924307859
62124,0.293349,-0.0299153,0.0208333,-0.116924,-0.0886429,-0.0627873,0.15959646154504803,0.123448,-0.0907406,-0.00610059,0.1533312831443998,0.24697465825447376,0.0752747,0.08129575634681063
62148,0.224583,-0.0222026,0.0208333,0.769989,0.142314,0.000390494,0.7830303232969743,0.579339,-0.0910943,0.0120985,0.5865818119544282,0.3016022785281737,0.04926445,0.023605677283229983
62172,0.257436,-0.0325867,0.0208333,-0.0250386,0.0361141,0.0188313,0.047809806195591296,0.108483,0.0350134,0.0750818,0.1364982643105765,0.14489081391620381,0.10105535,0.18987074550862226
62196,0.157237,-0.0217956,0.0208333,0.757607,-0.395568,0.000204004,0.8546592599923271,-0.131774,-0.0415912,0.105105,0.1736124304836494,0.9629653976447087,0.008913615000000001,0.08865765618377242
62220,0.279026,-0.0239591,0.0208333,-0.127315,-0.0598621,0.0200787,0.14211169703828044,0.253113,0.0911436,0.0790091,0.2803850646392742,0.4135226434678638,0.08933965,0.10996453973895404
62244,0.293887,-0.0203983,0.0208333,-0.134596,-0.0666845,-0.04724,0.15746276815885715,0.187879,0.0122569,-0.137238,0.23298716463060792,0.3439789386909611,0.057742049999999996,0.03791675091565732
62268,0.185026,-0.0140558,0.0208333,0.804877,-0.142181,0.000234778,0.8173386550327283,1.00923,-0.145892,0.0474858,1.0208254355009188,0.20977745162444064,0.01218331,0.013892336016667608
62292,0.122052,-0.0260791,0.0208333,0.0268744,0.0104689,-0.000496023,0.028845749797613666,-0.0508319,0.0515229,-0.000571112,0.07237967567581761,0.0878846153433462,0.0011645135,0.20125381983952503
62316,0.269056,-0.0295917,0.0208333,-0.0880303,0.00982044,0.00786832,0.08892516640133996,0.157389,0.0464022,0.0625814,0.17561575416744366,0.2540912810394603,0.09746105000000001,0.2479707644058065
62340,0.106807,-0.0265008,0.0208333,-0.0949136,0.403763,-0.00109255,0.4147702319350588,-0.0145912,0.0538294,-0.00165023,0.055796332145158965,0.3590341534696976,0.00029544395,0.16985905922263905
62364,0.227609,-0.0378883,0.0208333,0.439979,0.0298177,0.000353101,0.44098836759557075,-0.173084,0.0495735,0.148746,0.23354009393303324,0.6310760541141331,0.029529600000000003,0.4478548872123648
62388,0.196636,-0.0372875,0.0208333,0.586579,-0.00950006,-0.00114096,0.5866570345361293,-0.293973,0.0576504,-0.184378,0.35176546196743075,0.9019184119476513,0.016395109999999997,0.587733783272665
62412,0.187967,-0.0221992,0.0208333,0.863446,-0.123135,0.000433609,0.8721819828211111,-0.195886,0.0591396,0.0353924,0.20765702314614837,1.0754675416289148,0.01289683,0.10160856263130583
62436,0.263924,-0.0373049,0.0208333,-0.124327,0.00551804,0.0291078,0.12780812069380254,-0.181835,0.0502199,-0.028487,0.19078132704751266,0.09285788786365755,0.0737523,0.36548187369553636
62460,0.158218,-0.0174155,0.0208333,0.864305,-0.394426,0.000506748,0.950050135147896,0.38098,-0.0425653,0.0395321,0.3853833832620447,0.5991093271918022,0.0029478304999999995,0.0426181886053361
62484,0.225534,-0.0176416,0.0208333,0.750498,0.168707,2.42659e-05,0.7692264298903372,0.956018,-0.13669,0.0224246,0.9660007428098386,0.3687920457070511,0.0321246,0.03322408764736814
62508,0.123146,-0.0396784,0.0208333,-0.753768,0.00652527,-0.00358394,0.7538047635817224,0.0162179,0.000965513,0.0156118,0.022531773010643637,0.7702452035104514,5.327745e-05,2.4262584363583364
62532,0.227174,-0.0248204,0.0208333,0.743529,0.140156,0.000784642,0.7566238787139011,0.443016,-0.0990977,-0.0823851,0.4613792746789782,0.39302366610299255,0.05537059999999999,0.02815498179718822
62556,0.159882,-0.024462,0.0208333,0.671764,-0.358099,0.000100871,0.7612501400144099,-0.306043,0.0200879,0.0865706,0.3186852841907985,1.0519547873430415,0.009350530000000001,0.1061484809123522
62580,0.189469,-0.039233,0.0208333,0.413335,-0.00415775,-0.00404277,0.4133756803433596,-0.323923,0.011294,-0.114906,0.34388523260093623,0.7457068934293791,0.0086921195,0.8569445723032499
62604,0.27271,-0.0323558,0.0208333,-0.128365,-0.0262325,0.00764571,0.13124090125663607,0.167249,0.0254003,0.0404072,0.17392568830661562,0.3018723211208012,0.09297735,0.2160525399063848
62628,0.271886,-0.0384266,0.0208333,-0.15205,-0.00399266,0.0466997,0.1591100430958574,-0.179375,0.0346302,-0.120993,0.21912085118956617,0.17423898120934248,0.060782104999999996,0.3141033269483149
62652,0.131371,-0.0384514,0.0208333,-0.774954,0.00290691,-0.00273942,0.7749642937991947,-0.0520679,0.00410122,0.0310639,0.060768841515273266,0.723677002807612,0.00044548949999999993,0.8797374608370386
62676,0.111731,0.0337317,0.0208333,-0.212503,-0.0468754,0.00445585,0.21765725977642578,0.0143243,-0.0308637,-0.0348559,0.048710238276875636,0.23076484188507249,0.00015048060000000002,0.0
62700,0.194576,-0.0249747,0.0208333,0.856541,-0.0651631,0.000526142,0.859016292690665,-0.220561,0.150443,0.0608477,0.2738296798473277,1.1001242653085865,0.015398225,0.13107478781214946
62724,0.295438,-0.0219477,0.0208333,-0.108956,-0.0925786,-0.0804376,0.16405003690252556,0.15422,-0.0531629,-0.17421,0.23866132161791528,0.2821497251181542,0.05599155,0.044731420724139756
62748,0.141599,-0.0345154,0.0208333,-0.445861,-0.0594626,0.00141771,0.449810895845581,-0.156296,0.0587478,0.028932,0.16946033236377178,0.3139723300664632,0.003813346,0.5592629077634239
62772,0.137797,-0.0326644,0.0208333,-0.342913,-0.0814769,0.00252812,0.3524687251279813,-0.116692,0.0648996,0.0358371,0.13825078184433534,0.2714986348803441,0.002452394,0.5399444415863544
62796,0.287245,-0.0379404,0.0208333,-0.178362,-0.00863122,0.0151563,0.1792127630286928,-0.130896,-0.0248508,-0.0641974,0.14789398650181826,0.09387814247771628,0.106533875,0.14519538560160924
62820,0.149272,-0.038371,0.0208333,-0.507285,-0.0268145,-0.00758339,0.5080497972041147,-0.150471,0.0255091,0.00457948,0.15268663222718745,0.3608350386528405,0.0039502445,0.8057406530639992
62844,0.118442,-0.0287298,0.0208333,-0.181026,0.111613,0.000770722,0.21266985789575654,-0.0217065,0.0468948,0.0160679,0.0541153565977348,0.1726416871623238,0.001009299,0.3405084433608071
62868,0.234232,-0.0340658,0.0208333,0.523033,0.0991267,0.0019866,0.5323472253346024,0.012612,0.0666524,0.115215,0.13370153774269014,0.5238366615349197,0.047945299999999996,0.14443476035913239
62892,0.115225,-0.021499,0.0208333,0.183793,0.125621,-0.00506128,0.22267940866914124,-0.0150483,0.0733174,-0.000113718,0.07484587769165063,0.20566479409075789,0.001100361,0.14616394904353125
62916,0.241107,-0.025987,0.0208333,0.61117,0.209692,0.00265567,0.6461474725998306,0.555871,-0.114479,-0.13259,0.5828191127459703,0.35557869437826123,0.0553159,0.03289635238138113
62940,0.250741,-0.0244903,0.0208333,0.510814,0.263622,0.00498317,0.5748498355773001,0.568465,-0.0362659,-0.040102,0.5710305089325876,0.3086892659639122,0.06126859,0.06355863434656223
62964,0.1512,-0.0332981,0.0208333,-0.124749,-0.162394,0.00133668,0.2047825943541648,-0.253077,0.136012,0.014422,0.2876720809480823,0.32509297442347534,0.00702691,0.5394219127918332
62988,0.174208,-0.0254686,0.0208333,0.756077,-0.228797,0.000417795,0.7899371314798804,-0.250322,0.102781,0.102402,0.2893288911412063,1.0645110123218462,0.013281649999999999,0.15359654944040899
63012,0.102534,-0.0340232,0.0208333,-0.140333,0.266415,0.00380534,0.3011391434644716,-0.00835105,-0.006639,-0.0319838,0.033716165552187274,0.30538268546815506,0.0003671274999999999,0.18947823093959898
63036,0.264913,-0.022181,0.0208333,0.262387,0.224946,0.010478,0.34577077546981905,0.475292,0.14663,0.10422,0.5081974523391474,0.24545773046494176,0.056989750000000006,0.07517832134332343
63060,0.257602,-0.0233834,0.0208333,0.411883,0.268734,0.00766057,0.49185795996174025,0.552829,0.0556757,0.0182306,0.5559244927036855,0.25567819549013343,0.06354989999999999,0.0843962084456405
63084,0.268572,-0.0391872,0.0208333,-0.117415,0.00220963,0.0431184,0.12510140330266845,-0.262165,0.0146659,-0.0953158,0.27933971715001427,0.20067822226627605,0.051974775,0.5192215326813787
63108,0.272616,-0.0208533,0.0208333,0.105509,0.130593,0.010098,0.16819230164903504,0.291894,0.198697,0.139481,0.37965451980188514,0.23689129095431094,0.0749564,0.060460234865570936
63132,0.198563,-0.0245828,0.0208333,0.859685,-0.0352027,0.000420026,0.8604055472474191,-0.204772,0.15332,0.0548576,0.2616255925206095,1.0823922406998747,0.0234564,0.1828450163389749
63156,0.1204,-0.0265121,0.0208333,-0.0166196,0.0543039,-0.000619343,0.056793558130492666,-0.0362818,0.0461084,-0.00126965,0.0586853096858362,0.02131176267426627,0.001295814,0.23991977825931735
63180,0.130808,-0.024254,0.0208333,0.250963,-0.173688,-0.000180005,0.30520481830207075,-0.19102,-0.000713371,-0.0132263,0.19147867847327973,0.47480459178478324,0.002267382,0.261036204385522
63204,0.129472,-0.0227892,0.0208333,0.308372,-0.170117,-0.00105524,0.35218489122115615,-0.160269,-0.00962909,-0.00937065,0.1608312184143694,0.49542900821473523,0.001772853,0.22673133881314245
63228,0.287209,-0.0371108,0.0208333,-0.168012,-0.0147174,-0.000727906,0.1686569413155143,-0.0896706,-0.0366807,-0.0358291,0.10329576304795857,0.08861069529732646,0.0938942,0.10747046105791117
63252,0.263331,-0.0143484,0.0208333,0.445395,0.346824,0.00661627,0.5645417327618153,0.793011,0.173591,0.0438572,0.8129721615122132,0.3901710427649199,0.0688405,0.03481034329046469
63276,0.2978,-0.0348154,0.0208333,-0.0486408,-0.0894883,-0.0939268,0.1385508102458084,0.0493392,-0.194365,-0.0876225,0.21883741085081865,0.1436626144874859,0.1095491,0.08531307051091291
63300,0.197455,-0.0227496,0.0208333,0.867582,-0.0458761,0.000319067,0.8687941327374169,-0.13901,0.097589,0.0242603,0.1715690973837946,1.0170461503882555,0.0260998,0.1347278738791643
63324,0.102581,-0.0197237,0.0208333,0.00785293,0.479202,0.0040594,0.47928353199535756,-0.0163265,0.0926375,-0.000875669,0.09406927130948534,0.38735140686643915,0.0005171805,0.07469203438118419
63348,0.288671,0.00718257,0.0208333,0.130524,0.42257,0.0254679,0.4430017307036283,0.274879,0.783464,0.0675977,0.833032864287052,0.39097028698999625,0.07326664999999999,0.021951628641173757
63372,0.152761,-0.0379104,0.0208333,-0.395914,-0.0388052,-0.00841827,0.3979002465604073,-0.202208,0.0422653,0.0250092,0.208086258394758,0.2126307507319929,0.0072804405,0.6061740674096839
63396,0.232488,-0.0244978,0.0208333,0.713276,0.175591,0.00106414,0.7345719732272254,0.50915,-0.132795,-0.0766579,0.5317374052644877,0.37790218889781735,0.0592021,0.033120688398642927
63420,0.165297,-0.0241172,0.0208333,0.721037,-0.321937,0.000232382,0.7896441232222234,-0.266252,0.0137044,0.0997499,0.28465414213281703,1.0475201455360372,0.007567685,0.08582051036902542
63444,0.189381,-0.0239703,0.0208333,0.856075,-0.10497,0.000476726,0.8624867151398213,-0.270781,0.136597,0.0514228,0.30761240990870314,1.153583357491349,0.012890735,0.11420770551937379
63468,0.223207,-0.0238757,0.0208333,0.781004,0.1235,0.000444331,0.7907083504339875,0.354332,-0.0303154,-0.0196943,0.3561713845238693,0.45399750805452027,0.06971350000000001,0.0234157852740411
63492,0.123246,-0.0275376,0.0208333,-0.0718832,-0.000282603,0.00155017,0.07190046824412555,-0.0555291,0.0397031,0.00721452,0.06864303602879464,0.043570608122181505,0.0007140835,0.23518928547023565
63516,0.155837,-0.0235031,0.0208333,0.624294,-0.363615,-8.39156e-05,0.7224672128912342,-0.243982,0.0122952,0.086136,0.25903242801440907,0.9500766097984473,0.0058329,0.12291094336957958
63540,0.113164,-0.027239,0.0208333,-0.111907,0.232096,-0.00182847,0.2576724144481533,-0.018653,0.0632556,0.0165637,0.06799677564451126,0.193756705962578,0.00058012365,0.20972291243447866
63564,0.107544,-0.0363571,0.0208333,-0.363481,0.160654,-0.00126321,0.39740375033019515,0.0045188,0.0202037,-0.0106127,0.0232645319836871,0.3940019702151121,0.00020483055,0.6240801230611339
63588,0.172228,-0.034914,0.0208333,0.353397,-0.101324,-0.000642153,0.36763623997842676,-0.240986,0.111467,-0.134235,0.2975200489210769,0.6453047412963625,0.01443442,0.2705237512677953
63612,0.254065,0.0293289,0.0208333,-0.0254122,0.15935,-0.000774135,0.16136542905417572,-0.218161,-0.0118672,-0.0638176,0.22761313324718324,0.26540894475598636,0.02463552,0.015299542476819365
63636,0.19687,-0.0184217,0.0208333,0.855183,-0.0447113,5.37366e-05,0.8563510184056023,0.419218,-0.0107313,0.032489,0.4206119677858561,0.438488503768146,0.094417635,0.03228792343895779
63660,0.113219,-0.0333273,0.0208333,-0.437007,0.187039,8.06068e-05,0.4753511460672586,-0.0111186,0.0413097,-0.0104695,0.04404230932069752,0.45025466448060414,0.00062950055,0.17859787232775198
63684,0.299169,-0.0285229,0.0208333,-0.0274333,-0.130387,-0.115599,0.1763986522592789,0.0471822,-0.170942,-0.0977778,0.20250389016925083,0.0867742821041465,0.06354096000000001,0.05034689662729968
63708,0.176777,-0.0382464,0.0208333,0.296958,-0.0204292,-0.00361464,0.29768182947396976,-0.378284,0.0376133,-0.090847,0.3908538376450844,0.6833228921976927,0.008501205,0.45383807685120475
63732,0.134271,-0.0383734,0.0208333,-0.754178,-0.00163689,-0.00291984,0.7541854284978581,-0.0795639,-0.00021561,0.0368939,0.08770188440445337,0.6757894182720205,0.000873703,0.7907325717333262
63756,0.12754,-0.0281966,0.0208333,-0.098095,-0.0727842,0.00357191,0.12220035734681016,-0.0834677,0.039756,-0.00138907,0.09246256536974788,0.11359518406997014,0.001496155,0.2204973922748294
63780,0.150566,-0.0244688,0.0208333,0.613892,-0.398281,-2.00968e-05,0.7317726033604164,-0.219835,0.0987769,0.00658862,0.24109689569157544,0.9706755078908464,0.0043573,0.16291715686200764
63804,0.218036,-0.024814,0.0208333,0.800319,0.0873719,0.00047964,0.8050742703161863,0.290365,-0.0227388,-0.052574,0.2959609969682492,0.5243969270388029,0.0664641,0.0840878707067791
63828,0.217224,-0.0372159,0.0208333,0.58215,0.0223564,-0.000571905,0.5825794007654999,-0.129072,0.0775033,-0.0612362,0.1625306582935355,0.7159316102474153,0.027173959999999997,0.3731822611003905
63852,0.206758,-0.0379856,0.0208333,0.573507,0.00738468,-0.00136579,0.5735561680690274,-0.223993,0.0101668,-0.136066,0.2622788291632399,0.8088004307403269,0.027675465000000003,0.36527523868995004
63876,0.179412,0.0386837,0.0208333,-0.483387,-0.0163984,-0.00121358,0.483666591846053,-0.0471728,0.0132149,-0.0181721,0.052250663730329786,0.437546988584221,0.000586735,0.0006292288931700451
63900,0.295375,-0.0312151,0.0208333,-0.0889396,-0.0976316,-0.0798202,0.15431605909548105,0.0893885,-0.118476,-0.035653,0.1526368334225065,0.1848949480564842,0.07183434999999999,0.08361973451285289
63924,0.258601,-0.031005,0.0208333,0.025904,0.0609831,0.0173791,0.0684980935385796,0.215809,0.0478128,0.0658148,0.23063212313960083,0.19642653298773055,0.09568355,0.16139454761546315
63948,0.298743,0.00630218,0.0208333,-0.0614943,0.418935,-0.0987215,0.4347804247200419,0.0107362,0.508347,-0.146849,0.5292415017744168,0.12461142455850506,0.028841580000000002,0.014684038953911828
63972,0.198879,-0.0363335,0.0208333,0.63282,-0.00715317,-0.000503937,0.6328606277795681,-0.247748,0.0734213,-0.168302,0.3083752940844808,0.9000269094790071,0.023434065,0.41461910230957766
63996,0.289121,-0.0241985,0.0208333,-0.156663,-0.0711711,-0.0108102,0.17241079278354357,0.240912,0.0334347,-0.0296713,0.24502419666592112,0.411538570624735,0.0661886,0.06140700285798029
64020,0.281088,0.0285943,0.0208333,0.465692,0.356916,0.0010868,0.5867361000093995,0.260996,0.178523,-0.00104685,0.3162126965191665,0.27153096937057203,0.042827055,0.013905574421792147
64044,0.176087,-0.0392076,0.0208333,0.22553,-0.00365115,-0.00645347,0.22565185368474908,-0.328933,0.0136164,-0.03328,0.3308925554284351,0.5553800944973121,0.0071108735,0.800091244796492
64068,0.200746,-0.0396744,0.0208333,0.46355,-0.00069635,-0.00280837,0.46355903005483495,-0.210454,0.00200625,-0.059789,0.21879130621682047,0.6764136960898685,0.0068191020000000005,1.0661566489029648
64092,0.298856,-0.0317462,0.0208333,-0.0229747,-0.119287,-0.109171,0.16332645973659626,0.0408303,-0.27172,-0.104098,0.2938286327131684,0.16532583840101947,0.141642365,0.05314611933151846
64116,0.231351,-0.0329598,0.0208333,0.593718,0.0980096,0.00142845,0.6017549216130786,0.108607,0.0597143,-0.00972788,0.12432179906510524,0.4867480621657973,0.0471042,0.15688467101664202
64140,0.287437,-0.0205545,0.0208333,-0.171242,-0.0648313,0.0224855,0.18447904415932995,0.257417,0.110614,-0.0541226,0.28535631185547655,0.46946607178655625,0.0696828,0.04112639055399829
64164,0.149848,0.0291779,0.0208333,-0.292071,-0.048724,-0.00188238,0.29611322255425276,0.0231658,-0.0361267,0.0115111,0.044433075132608135,0.3157725721908735,0.00145409965,0.0
64188,0.267254,-0.0164101,0.0208333,0.368923,0.308977,0.00786255,0.481282439063075,0.598036,0.212774,0.0931989,0.6415651699813589,0.26273575434135815,0.09702649999999999,0.04457252516966029
64212,0.114102,-0.0170677,0.0208333,0.372753,0.0684858,-0.00358519,0.379009178514157,-0.0145106,0.069129,-0.00875982,0.07117661554044558,0.3872987043443818,0.0010901845,0.0536722460867812
64236,0.129969,-0.0204426,0.0208333,0.507317,-0.193375,-0.00176803,0.5429249994650098,-0.0728652,-0.0574518,0.014112,0.09385731318485524,0.5961029079344278,0.002532035,0.1634750745526669
64260,0.198426,-0.0205117,0.0208333,0.85934,-0.0329864,0.000138295,0.8599728817296898,0.214745,-0.000605973,0.0493113,0.2203347147772378,0.647278294474975,0.06736178,0.057198601381502324
64284,0.167194,-0.0384676,0.0208333,0.031424,-0.0507186,-0.00308449,0.05974410632455807,-0.295782,0.0534591,-0.00869915,0.30070008664370634,0.34343599697790217,0.0047198785,0.6717492091547261
64308,0.296852,-0.0383302,0.0208333,-0.0755642,-0.0312429,-0.0426768,0.09223543993655584,-0.13478,-0.078061,-0.0804698,0.17531274007624204,0.08442011790000059,0.08981879499999999,0.16767170303900417
64332,0.217311,-0.0379625,0.0208333,0.543489,0.0164165,-0.000853953,0.543737550504815,-0.136086,0.0553654,-0.0655637,0.16088295643370681,0.6837591306834696,0.027728009999999997,0.43270082042908126
64356,0.212687,-0.0396773,0.0208333,0.440215,0.00288175,-0.0018973,0.44022852072003754,-0.130771,0.00356185,-0.0830498,0.15495486599801406,0.5767245468924138,0.007820143,0.889382932150151
64380,0.250315,0.0324187,0.0208333,-0.179541,0.0922662,-0.0012012,0.20186496779996277,-0.30372,-0.0371451,-0.0779218,0.3157489568775327,0.1950737272752279,0.023636360000000002,0.013758488289052689
64404,0.152634,0.0367742,0.0208333,-0.358599,-0.0140937,-0.00246858,0.35888433940185577,0.0371969,-0.0164103,0.0278072,0.04925594063196844,0.3969589197221526,0.00140411035,7.705309857494376e-05
64428,0.203201,-0.0259113,0.0208333,0.849148,-0.00619639,0.000524312,0.8491707696665645,-0.145823,0.177005,0.0696429,0.2396773891596994,1.0140549390176283,0.028233650000000002,0.23661234118278784
64452,0.135452,-0.0255851,0.0208333,0.169303,-0.19475,0.00114388,0.25805498788137077,-0.130268,0.0397817,0.000734964,0.13620894115648685,0.3804577106041946,0.0023519895,0.34614014502799295
64476,0.249744,-0.0177879,0.0208333,0.599129,0.310043,0.00262084,0.6746029123064217,0.938306,-0.0123894,0.0488648,0.9396592018106351,0.47025758232615616,0.034348045,0.01703825108395812
64500,0.188804,-0.0197708,0.0208333,0.862499,-0.114126,0.00025659,0.8700168588685097,0.272383,-0.0535339,0.0232431,0.2785652864874229,0.5936637732592331,0.027786764999999998,0.029075419171527003
64524,0.239381,-0.0252301,0.0208333,0.633602,0.202758,0.00225435,0.6652573810653457,0.563137,-0.136442,-0.102843,0.5884865187767686,0.36203233170812593,0.055686299999999994,0.030719667966955633
64548,0.265182,-0.0311009,0.0208333,-0.0679292,0.024726,0.0109608,0.0731155963203474,0.136075,0.0707285,0.0848636,0.17527337773378476,0.22180073821277058,0.09709205,0.27394013944655865
64572,0.122684,-0.0241854,0.0208333,0.16702,-0.0182782,-0.00277657,0.16804012120980186,-0.119434,0.0660508,-0.0105248,0.13688666827591356,0.29870940632181786,0.0012198134999999999,0.16709787551013328
64596,0.181325,-0.0380929,0.0208333,0.389728,-0.017391,-0.00291004,0.39012668352446955,-0.373518,0.020219,-0.130778,0.3962668161340286,0.7747962208287814,0.011300359999999999,0.42757338551411267
64620,0.156461,-0.0193458,0.0208333,0.827395,-0.412124,0.000304319,0.9243531630340504,0.10518,-0.00567377,0.0782674,0.13122808376552977,0.8323908563235576,0.0074580625,0.061536086973417475
64644,0.223784,-0.0197369,0.0208333,0.768187,0.147904,4.63225e-05,0.7822958918023115,0.790397,-0.132805,0.0282142,0.8019729588431521,0.28299161843392995,0.04856263,0.04535195695887886
64668,0.112307,-0.0239275,0.0208333,0.0359311,0.236228,-0.0035268,0.23897102386994534,-0.0264354,0.0693963,0.021703,0.07736728660002236,0.17988590621607908,0.0008887915,0.16075944762283803
64692,0.172397,-0.0248254,0.0208333,0.755336,-0.245383,0.0003984,0.7941948427857991,-0.257564,0.0527307,0.128552,0.29265228091113527,1.0636077911150568,0.013085145,0.14882439316187385
64716,0.233483,-0.0206492,0.0208333,0.716272,0.205981,0.000649759,0.7453013971084169,0.792165,-0.135977,0.0269666,0.8042029154818826,0.351265707596428,0.039383245,0.026858871904828763
64740,0.166338,-0.0199175,0.0208333,0.823504,-0.332113,0.000459631,0.8879516282127401,0.0500706,0.0042868,0.0682599,0.08476352745497323,0.8461447430269081,0.0064346905,0.04730866728201081
64764,0.208049,-0.0370042,0.0208333,0.622196,0.0104682,-0.000723339,0.6222844758199813,-0.200847,0.0328536,-0.145952,0.2504413359371013,0.83605756378255,0.027501045,0.27274786891926395
64788,0.122755,-0.0370336,0.0208333,-0.725215,0.035375,-9.34775e-05,0.7260772655771858,-0.00881789,0.0260678,0.0550154,0.06151406032812417,0.7185738873404058,0.0007186248,0.6670689619522108
64812,0.27986,-0.0396972,0.0208333,-0.130508,-0.000601685,0.0581876,0.14289330594047864,-0.163414,0.00436979,-0.198076,0.25682159612587896,0.25841546603219323,0.0321366965,0.6352283054146753
64836,0.165818,-0.0370278,0.0208333,0.0743808,-0.11437,-0.00115929,0.1364343954505025,-0.290202,0.103714,-0.0495879,0.31214220225148986,0.42758224867079325,0.006209999999999999,0.5650592889246225
64860,0.170821,0.0281087,0.0208333,-0.339741,-0.0777118,-0.00135366,0.3485181535237951,-0.090339,0.0312774,0.0832752,0.12678394853765992,0.2850299059143437,0.00223471,6.651150276455945e-05
64884,0.285635,-0.0240315,0.0208333,-0.163042,-0.0723827,0.0126161,0.1788326452371043,0.256498,0.0630972,-0.00607672,0.26421469901918476,0.441268666940632,0.07432255,0.06337783524229902
64908,0.295117,-0.0333748,0.0208333,-0.0970741,-0.084055,-0.0773666,0.14991402439855317,0.0523596,-0.0788728,-0.0778079,0.12254189322191004,0.14952418078096935,0.06475195,0.07806497293921262
64932,0.271825,-0.0392253,0.0208333,-0.120641,-0.000618257,0.0520531,0.1313931441983487,-0.289297,0.0173348,-0.207667,0.35653728050379246,0.31019621038248557,0.041355135,0.6136521816143082
64956,0.193152,-0.0379065,0.0208333,0.513378,-0.00332486,-0.00233272,0.5133940661525199,-0.323322,0.0313397,-0.188657,0.3756471164924469,0.8578958322765718,0.01492622,0.5073578618687208
64980,0.144832,-0.0323611,0.0208333,-0.194369,-0.135438,0.00208921,0.23691163923164285,-0.185269,0.0970326,0.0162628,0.2097722729237589,0.23307998738168856,0.00482461,0.48340769542902395
65004,0.243198,-0.0391929,0.0208333,-0.0201728,0.0066148,0.00992206,0.02343383693558526,-0.310728,-0.0110789,0.103389,0.327664336372163,0.30573102580486267,0.050851195,0.5653087651894317
65028,0.294908,-0.00867427,0.0208333,-0.150977,0.0613869,-0.0422172,0.1683588370013585,0.217651,0.24645,-0.169276,0.36981606844078585,0.4316003846419162,0.0573351,0.023623060766970905
65052,0.190694,-0.0377358,0.0208333,0.522154,-0.0117843,-0.00184342,0.5222902139996368,-0.322749,0.0344265,-0.179453,0.3708847261781617,0.8646049273242759,0.014667824999999999,0.486636414584852
65076,0.103414,0.0334157,0.0208333,-0.0827905,-0.0685103,0.0103701,0.10796048846846702,-0.0223768,-0.0192102,0.0170545,0.03406771099633787,0.07826235500583917,5.464345e-05,3.737619563304965e-05
65100,0.203731,-0.0396819,0.0208333,0.470397,-0.000616352,-0.00249216,0.47040400546791,-0.200195,0.000501663,-0.0601773,0.20904448599773107,0.673069428661234,0.007712864,0.843567424691115
65124,0.241787,-0.010634,0.0208333,0.624048,0.301372,0.000285459,0.693008708585138,1.03003,-0.00586571,-0.00739039,1.0300732135718103,0.5091908418539308,0.013585319999999998,0.002481489472071159
65148,0.175489,-0.0379706,0.0208333,0.279981,-0.0270913,-0.00330951,0.28130810822500313,-0.366494,0.055434,-0.0997944,0.38386156705687535,0.6588244718917187,0.00860988,0.41335940777971897
65172,0.175914,-0.0373484,0.0208333,0.325304,-0.0412046,-0.00225875,0.32791098400133306,-0.328064,0.0682835,-0.133944,0.3608734121603447,0.6754394070034502,0.010625435,0.3547167884383258
65196,0.118768,-0.037873,0.0208333,-0.710259,0.041585,-0.00195206,0.7114780178222259,0.0127442,0.0102714,0.0111207,0.019788538604202183,0.7237990507103595,0.0009756749,0.8217317080410126
65220,0.105238,-0.0396478,0.0208333,-0.214744,0.0293335,7.67297e-05,0.21673819609311337,0.0124721,0.00111599,0.000542926,0.012533693818327302,0.22896200843982878,3.93860325e-05,0.9708192416716925
65244,0.226125,-0.0371448,0.0208333,0.511526,0.0382383,0.000237696,0.5129532851656946,-0.135759,0.0579426,0.117964,0.1889533177050882,0.6581987642931202,0.03213225,0.4415789850072125
65268,0.295216,0.000560894,0.0208333,-0.128382,0.275745,-0.0469713,0.30777190575601604,0.118462,0.515386,-0.0406915,0.5303883224697259,0.34409185562148953,0.0608603,0.014785668736989882
65292,0.239702,-0.0341353,0.0208333,0.412558,0.114335,0.00419097,0.42812867203510313,0.0831104,0.0445709,0.175747,0.19945152725404236,0.3779341506452293,0.04382095,0.22742910983425144
65316,0.284975,-0.0358826,0.0208333,-0.15748,-0.0185106,-2.95116e-05,0.1585641623548478,-0.0136508,0.0371077,-0.0353555,0.053040900446542194,0.15820290618053431,0.07329995,0.16219895190783445
65340,0.286454,-0.0366931,0.0208333,-0.168074,-0.0138696,0.0020623,0.16865790334713046,-0.0732331,-0.0161597,-0.0306837,0.0810290829603174,0.10036105513006528,0.0852833,0.1093567556212235
65364,0.299249,-0.0383814,0.0208333,-0.0160396,-0.0281918,-0.0298653,0.04409061690983695,-0.0354493,-0.194496,-0.094401,0.21908193829590336,0.1794399062812395,0.09134374,0.09968199436207123
65388,0.290167,0.0104031,0.0208333,0.138067,0.49985,0.0308967,0.5194873675652663,0.226049,0.894609,0.0588419,0.9246003366198879,0.4054089720369296,0.07538170000000001,0.019896532361192994
65412,0.292549,-0.0384159,0.0208333,-0.146857,-0.0190112,-0.0196955,0.14938646824491833,-0.126841,-0.010063,-0.111289,0.16904184325485808,0.09418110097832791,0.09803881,0.19851523870977764
65436,0.256429,-0.0318564,0.0208333,0.0366709,0.0650683,0.0177316,0.07676619184419663,0.166133,0.0220742,0.109599,0.20024830784713263,0.16446442519274496,0.097438,0.15534027166192288
65460,0.147064,-0.036946,0.0208333,-0.500751,-0.0503633,-0.00313257,0.5032870343876295,-0.179775,0.0456291,0.00243802,0.18549126484373973,0.3350688957613166,0.0037109825000000004,0.7977863122415676
65484,0.206215,-0.0329223,0.0208333,0.7383,0.00667523,0.000544847,0.7383303769680659,-0.221037,0.163794,-0.090443,0.28959586677644417,0.9763670292246703,0.02368737,0.1600174990430734
65508,0.120385,-0.0350588,0.0208333,-0.614124,0.0665414,0.00147582,0.6177201820684123,-0.0218493,0.0407559,0.0338129,0.05728653857329835,0.5937170193057181,0.0009925155,0.4273043411902107
65532,0.220876,-0.0351148,0.0208333,0.631002,0.0434651,0.00021783,0.6324972619481596,-0.077376,0.0930726,-0.0130421,0.12173598736269403,0.7102366652629635,0.040326100000000004,0.44004999715941373
65556,0.141951,-0.0335084,0.0208333,-0.348966,-0.0882355,0.00204893,0.35995412309125574,-0.152226,0.0715913,0.0340138,0.1716246133342476,0.25548578534305366,0.0041910804999999995,0.5019093543659054
65580,0.192544,-0.0176776,0.0208333,0.84865,-0.076393,5.44985e-05,0.8520814021671207,0.591975,-0.0935713,0.0241246,0.5998099575147532,0.2583728302320318,0.048164115,0.020625663625687296
65604,0.10274,-0.0151176,0.0208333,0.0196284,0.418093,0.00394759,0.4185721135029997,-0.024683,0.119488,-0.00116019,0.12201630495075688,0.301918094210149,0.0010090188,0.036669469589837266
65628,0.207405,0.0292177,0.0208333,-0.435108,0.00093493,0.000713844,0.4351095900245836,0.0197193,-0.0458172,-0.00727956,0.05040891391533446,0.457293701019743,0.003577125,0.0001377523139551565
65652,0.291832,-0.0380558,0.0208333,-0.154811,-0.0179918,-0.0169554,0.15677256194053857,-0.0719458,-0.0162747,-0.0952674,0.12048627100416877,0.11402788758654614,0.10726174,0.14101276537959248
65676,0.291928,-0.0373018,0.0208333,-0.14955,-0.0276199,-0.0312661,0.15525988015330938,-0.0189314,-0.0230066,-0.0689947,0.07515297850125437,0.13603657030670097,0.1145023,0.07883812529480898
65700,0.258411,-0.0369664,0.0208333,-0.100045,0.0107238,0.0243555,0.10352387305201637,-0.109009,0.0516194,-0.0358173,0.12581893147157944,0.07330463324510941,0.092643,0.40897554939140307
65724,0.263733,-0.00885143,0.0208333,0.501772,0.398303,0.00430076,0.6406550681369637,0.877533,0.261609,0.0161811,0.9158412869963932,0.40002840053615646,0.05361655,0.023026007035523984
65748,0.222854,-0.0333696,0.0208333,0.660164,0.0610014,0.000618669,0.6629766665949048,0.00267542,0.0886656,-0.0924387,0.12811580602418424,0.6646173445805177,0.04950695,0.31204887437707574
65772,0.262849,-0.0319389,0.0208333,-0.0615926,0.0269825,0.0134554,0.06857661022659256,0.123614,0.0778142,0.0809872,0.16701615874363773,0.20358263781494237,0.1021117,0.2800389258656732
65796,0.185885,-0.0396456,0.0208333,0.359419,-0.00316571,-0.00484603,0.35946560793428484,-0.202046,0.00217679,-0.0573032,0.2100261442319601,0.5639354956159959,0.00349218065,0.7461889841052333
65820,0.155047,-0.0342337,0.0208333,-0.0825723,-0.137923,-0.00169192,0.1607600735555206,-0.276979,0.136728,0.0127058,0.3091493971830448,0.3368002837693109,0.009159975,0.5849675204658802
65844,0.227779,-0.0187243,0.0208333,0.740469,0.179616,0.00012243,0.761942427225381,0.907225,-0.137653,0.0256933,0.9179682427507445,0.3593341777364865,0.03083139,0.033145587941685394
65868,0.160425,-0.0183895,0.0208333,0.853251,-0.386451,0.000460194,0.9366866371313928,0.307514,-0.050086,0.0475329,0.31517113474176217,0.6427955554016863,0.00448127,0.044657474178462
65892,0.299898,0.0257195,0.0208333,1.0484,0.724352,0.00793253,1.2743199382165378,1.13035,1.19209,-0.0146887,1.642858925321249,0.47540126124224047,0.046044800000000004,0.01178558441486887
65916,0.105641,-0.0152081,0.0208333,0.0724324,0.243044,2.67464e-05,0.25360764819131526,-0.196119,0.0861606,0.000979969,0.2142131450042246,0.31101955609068244,0.0006564145,0.01984678815325039
65940,0.197017,-0.0316781,0.0208333,0.754852,-0.0277584,0.000728875,0.7553625632326013,-0.210984,0.148172,-0.0548014,0.2635761432337153,0.9832976639765476,0.018327780000000002,0.22191146883385726
65964,0.145346,-0.0311692,0.0208333,-0.0891386,-0.167048,0.00182631,0.1893516826494449,-0.204398,0.118814,0.00591364,0.23649583535032834,0.30825073981888335,0.004948495000000001,0.36580322579222835
65988,0.180682,-0.0247088,0.0208333,0.801991,-0.17,0.0004889,0.8198108337319104,-0.291445,0.0703886,0.100094,0.31609104996972,1.1239707029331192,0.011699795,0.1729022845424548
66012,0.0991461,-0.00301109,0.0208333,1.22015,-0.00426833,0.000173458,1.2201574780448083,1.29932,-0.0304286,-0.00111094,1.2996767276079246,0.08339003720286553,6.9630035000000005e-06,3.05175850944992e-05
66036,0.140634,-0.034562,0.0208333,-0.465247,-0.0578639,0.0014449,0.4688337548302383,-0.149307,0.0569464,0.028979,0.16240460326899603,0.3372797284879422,0.0033436365000000003,0.5335466240170581
66060,0.230551,-0.0238753,0.0208333,0.724193,0.164927,0.000932488,0.7427363503369618,0.5407,-0.132903,-0.0486462,0.5589151547269406,0.35331350986454135,0.052192525000000003,0.027319114187689175
66084,0.163321,-0.0234846,0.0208333,0.728905,-0.338067,0.000227083,0.8034873036213385,-0.274137,-0.00444418,0.100748,0.29209759500699833,1.0618389211849757,0.00913248,0.08400249996279872
66108,0.180508,-0.0361336,0.0208333,0.462729,-0.0498281,-0.000811838,0.4654047980753403,-0.258556,0.0646346,-0.169512,0.3158530588694053,0.7495421973278864,0.013057880000000001,0.2574457224348464
66132,0.284278,-0.0353843,0.0208333,-0.154325,-0.0206183,3.5194e-05,0.15569624644964192,0.0261263,0.0465553,-0.0646726,0.08386014965727166,0.20313065453790186,0.0624013,0.24382104092961296
66156,0.196989,-0.0384571,0.0208333,0.535275,-0.00110644,-0.0021303,0.535280382615096,-0.31832,0.0260813,-0.164612,0.35931179656906614,0.8693468238086555,0.012628674999999999,0.6907951939612782
66180,0.190717,-0.0112591,0.0208333,0.717536,-0.0824234,-0.000170828,0.7222544962447555,1.19218,-0.183623,0.0224921,1.2064478658820736,0.4858414289474429,0.0052717155,0.0037976045081077095
66204,0.242301,-0.0338276,0.0208333,0.390738,0.131664,0.00520103,0.41235742293920313,0.136143,0.0284183,0.189565,0.2351114745155795,0.3308600338929604,0.047869999999999996,0.18219714597106068
66228,0.298528,-0.00264665,0.0208333,-0.0516602,0.172906,-0.0959901,0.2044000009737035,0.0601691,0.306468,-0.188934,0.3650191939813714,0.19744155775747924,0.033232835,0.015630131157479132
66252,0.263726,-0.0308332,0.0208333,-0.0524228,0.0344621,0.0121318,0.06389809752637397,0.153084,0.0928605,0.0865991,0.19888988822225226,0.22624941268009957,0.10045765000000001,0.2777644685700459
66276,0.212321,-0.0375998,0.0208333,0.591102,0.0139889,-0.000878619,0.59126815887426,-0.156168,0.0356476,-0.119384,0.19977921580024285,0.7569181445253147,0.025887834999999998,0.2856770904360376
66300,0.00305085,1.73289e-05,0.0208333,1.16066,1.15654e-05,-5.96431e-05,1.1606600015900685,1.1351,-0.000175218,-8.54133e-05,1.1351000167371945,0.025560695454970018,1.0979617548000002e-09,1.868812457150262e-05
66324,0.396945,0.0300441,0.0208333,1.21938,-0.0360817,-0.00105829,1.2199141746256634,1.35314,-0.0117157,0.0232026,1.353389625301321,0.13810876271834502,0.1238255,0.009396238609145683
66348,0.221409,-0.0342847,0.0208333,0.645665,0.051299,0.000396078,0.6476998043104399,-0.043888,0.0976607,-0.0364214,0.11309415213197364,0.6920897873268833,0.042803850000000004,0.3784441834669942
66372,0.174111,-0.0101318,0.0208333,0.790086,-0.240737,0.000778189,0.8259484222051154,1.20159,-0.157895,0.0148441,1.2120106049163966,0.4199954628710409,0.0052854980000000005,0.0018182629072826624
66396,0.21197,-0.0386821,0.0208333,0.539701,0.00801868,-0.00140976,0.5397624070396159,-0.175258,0.0189488,-0.119962,0.21322594830235836,0.7248037477919329,0.022046975,0.40903422839659764
66420,0.186631,-0.0393526,0.0208333,0.370854,-0.00261936,-0.00480344,0.3708943561159205,-0.303149,0.00485081,-0.0956206,0.3179090211098391,0.6801349895419986,0.0074593455,0.6783944280431554
66444,0.298421,-0.037004,0.0208333,-0.0390089,-0.0539651,-0.0663775,0.09402073602918667,0.00321764,-0.210167,-0.0911993,0.2291240568265576,0.1637016676739171,0.0984967,0.12960362649247126
66468,0.235845,-0.0237046,0.0208333,0.690111,0.19916,0.00137197,0.7182755600900541,0.610724,-0.144429,-0.0407189,0.6288891548072761,0.3551441088169096,0.049400815,0.029041917980739494
66492,0.28561,-0.0354112,0.0208333,-0.155364,-0.0203767,-0.00353299,0.15673437535279267,0.0152178,0.0232724,-0.034935,0.044650198920049615,0.1788560333175543,0.0700007,0.12085735393429727
66516,0.178337,-0.0396422,0.0208333,0.251194,-0.00363463,-0.00616949,0.25129603812654305,-0.211964,0.00297082,-0.0238959,0.21332739417215596,0.46354416245401103,0.0038565985,0.7722862163731786
66540,0.214029,-0.0366718,0.0208333,0.613675,0.0189994,-0.000495231,0.6139692403362756,-0.137026,0.0716066,-0.0957808,0.18187245939998722,0.7585504917620802,0.021869390000000002,0.26705748444857336
66564,0.168801,-0.0232023,0.0208333,0.769938,-0.29851,0.000378517,0.825780168821654,-0.252555,0.00112677,0.134399,0.28609157421467846,1.0738880848806294,0.006953855,0.09793482526660269
66588,0.263548,-0.0379867,0.0208333,-0.121503,0.00671217,0.0322285,0.12588371001586704,-0.265326,0.0506861,-0.0915555,0.28521812107483635,0.19478511366283846,0.05276585,0.39814946942071894
66612,0.282758,-0.00121025,0.0208333,0.22563,0.352981,0.0122977,0.41911301183128397,0.455213,0.544399,0.0865354,0.7148968611087616,0.3079942218845834,0.07155035,0.024977289684831698
66636,0.129831,0.0294798,0.0208333,-0.305318,-0.0379945,-0.00156403,0.30767695614733787,0.00545411,-0.0327562,-0.0101458,0.034722517362255,0.3109347052309777,0.00041834544999999997,0.0
66660,0.297994,-0.0338731,0.0208333,-0.0414746,-0.0996533,-0.0972034,0.14525640645978405,0.0501229,-0.218937,-0.0865312,0.24069350561834857,0.15077333631905876,0.11580152,0.0656671911992587
66684,0.166695,-0.0379428,0.0208333,0.0366724,-0.0737445,-0.00208498,0.08238606279954395,-0.298174,0.0732977,-0.025193,0.30808273945531256,0.3664389454767607,0.0049365525,0.6332021794024402
66708,0.187314,-0.039707,0.0208333,0.363173,-0.00465987,-0.00466226,0.3632328165044074,-0.188136,0.00339915,-0.0539621,0.19575141622254613,0.5535675527958499,0.00306242445,0.9247378006764945
66732,0.101229,-0.0322837,0.0208333,-0.0636453,0.30784,0.00904368,0.31448048899738185,-0.0038443,-0.0017488,-0.0297843,0.030082245102717984,0.31769324310932456,0.0002833952,0.15420505828279435
66756,0.29735,0.008641,0.0208333,-0.0593217,0.498648,-0.0824907,0.5088944955306355,0.0715634,0.873711,-0.101408,0.8824827557547853,0.3976946411636697,0.055105,0.01285702142799801
66780,0.108133,-0.0369838,0.0208333,-0.392445,0.142689,-0.00150743,0.41758292720273527,0.00985364,0.0202629,-0.00263452,0.022685238224228545,0.420515892730498,0.000136636,1.0353550115781542
66804,0.262651,-0.0338768,0.0208333,-0.0867017,0.0155448,0.0154648,0.08943145771466549,0.0398724,0.0631295,0.0750486,0.1058651709202323,0.14776852062377835,0.10415834999999998,0.3055848491008676
66828,0.226446,0.0387436,0.0208333,-0.524981,0.00866374,-0.00155632,0.5250547903635677,-0.137056,-0.01185,-0.0461151,0.14509090972218075,0.39101419926759184,0.0035170945,0.006115374068689503
66852,0.108332,-0.0290549,0.0208333,-0.18432,0.350608,-0.00111828,0.39610741297551905,-0.0153775,0.0486984,-0.00409866,0.051232808654275444,0.3459766719640999,0.00036230585,0.18337775219475236
66876,0.10851,-0.0255011,0.0208333,-0.0499528,0.351098,-0.00209583,0.35463993054255594,-0.0236849,0.0603017,0.0101979,0.06558404284054163,0.29223898860592323,0.00066410335,0.1726241582166297
66900,0.144343,-0.0302708,0.0208333,0.00883369,-0.170451,0.00163085,0.1706875424620631,-0.194186,0.121811,0.00393753,0.2292632252662884,0.3558642886611672,0.004616294999999999,0.3436902675375024
66924,0.212958,-0.0313747,0.0208333,0.756509,0.0348946,0.0006273,0.7573136032684544,-0.118318,0.171597,-0.126176,0.2436494664656584,0.894476887899095,0.057829000000000005,0.300357453711407
66948,0.274696,-0.0384551,0.0208333,-0.159146,-0.00402031,0.0471279,0.16602605568676895,-0.198967,0.00537779,-0.210494,0.289697276049127,0.2608506846535389,0.055212565000000005,0.40644310794993194
66972,0.211309,-0.0323858,0.0208333,0.737608,0.0255085,0.00053522,0.7380491390799792,-0.182491,0.177584,-0.111669,0.2780449742361836,0.939307678286012,0.040225805,0.27462137571572975
66996,0.163433,-0.0397044,0.0208333,-0.176954,-0.00793622,-0.00250966,0.17714965452183076,-0.107835,-0.000786826,0.0288289,0.11162487086381903,0.07622765468280417,0.0024811768,1.5440887280205111
67020,0.288911,0.0134704,0.0208333,0.246406,0.580667,0.0224373,0.6311842157059142,0.252657,0.913983,0.0627202,0.9503337873747518,0.3357995576075257,0.06665829000000001,0.021407989162927004
67044,0.135883,-0.0386017,0.0208333,-0.750522,-0.00141445,-0.00415209,0.7505348179825975,-0.0816047,-0.000596355,0.0361625,0.08926034454126885,0.6701315465530534,0.001059888,1.136886098076672
67068,0.298374,-0.0391631,0.0208333,-0.0345142,-0.0157551,0.00854199,0.03888982862922001,-0.154049,-0.0897808,-0.110653,0.20984702251554582,0.184325305676215,0.09313601,0.11581968744561522
67092,0.270812,-0.0329713,0.0208333,-0.123493,-0.0170993,0.00958427,0.12503905526243753,0.12545,0.0297405,0.0564354,0.14073789188917818,0.25760747756095304,0.09134415,0.24950330659131553
67116,0.230987,-0.0159185,0.0208333,0.715102,0.212326,0.000162796,0.7459579258795616,1.04756,-0.120717,0.0155132,1.0546066598799952,0.4708307514553008,0.012298535,0.01696676162383382
67140,0.217809,0.0284457,0.0208333,-0.399852,0.0434088,0.00075578,0.40220208480917696,-0.0185016,-0.0220116,-0.0489279,0.0567517324451862,0.3900979676628198,0.004212085,0.0013611135147371066
67164,0.263332,-0.0330457,0.0208333,-0.0813367,0.0172905,0.0134893,0.08424120946205604,0.0729006,0.0590633,0.0856128,0.12701386700313474,0.17531660156237344,0.1036338,0.3027522089101911
67188,0.105624,-0.0374122,0.0208333,-0.276745,0.121369,-0.000238935,0.30218915644995314,0.0136198,0.0116084,-0.0210002,0.027590982270299838,0.31111113209880525,0.000260645275,0.20375769924103482
67212,0.191364,-0.0236017,0.0208333,0.860401,-0.0915771,0.000471533,0.8652609250328943,-0.216559,0.0963221,0.0443822,0.2411338365021591,1.0941101853273392,0.012389405,0.10455333567132137
67236,0.274811,-0.0320818,0.0208333,-0.135695,-0.0353793,0.00605757,0.14036211044222335,0.207992,0.0235105,0.0141499,0.20979426909298549,0.348789690670279,0.0970029,0.1833941111377353
67260,0.267385,-0.0341012,0.0208333,-0.114956,-0.00162833,0.0140824,0.11582679907667699,0.0466703,0.0436907,0.0714013,0.09583913506637046,0.17737624313599862,0.10449415000000001,0.2830745484850236
67284,0.18595,-0.0226598,0.0208333,0.85951,-0.139107,0.000449426,0.8706942055238047,-0.213325,0.0578085,0.0486028,0.22629982427100997,1.091819306841949,0.01206285,0.11053370526676468
67308,0.102226,-0.0236639,0.0208333,-0.0160644,0.49396,0.0045695,0.4942422754860312,-0.00583471,0.0634222,-0.0102031,0.06450211270364793,0.43091260540519827,0.0005454699999999999,0.1124757751695893
67332,0.23258,-0.0343603,0.0208333,0.53486,0.0889523,0.00162295,0.5422087838111741,0.000894186,0.0694251,0.108992,0.12922809347279174,0.545003591693142,0.04304405,0.18849217490389356
67356,0.285027,-0.0366854,0.0208333,-0.169311,-0.0125469,0.00856873,0.16999136023463926,-0.0759384,0.0309924,-0.0366302,0.08982728429803497,0.11250358371356398,0.07855745,0.167146043925664
67380,0.283371,-0.0207085,0.0208333,-0.13737,-0.068193,0.0311512,0.15649664344783884,0.263971,0.119379,0.0588176,0.29562060914584426,0.4438730484653918,0.08369865,0.048151427808529206
67404,0.155549,-0.0333107,0.0208333,-0.000858132,-0.167281,-0.000934332,0.1672858103002632,-0.270477,0.146951,-0.0012161,0.3078211864528009,0.41404850343746835,0.0087621,0.496233815857001
67428,0.197853,-0.0342633,0.0208333,0.689879,-0.0156074,0.000303826,0.6900555904316683,-0.224658,0.104531,-0.11637,0.2737515731918266,0.9297440191778801,0.020166315000000004,0.29814426038413017
67452,0.196371,-0.0379761,0.0208333,0.541511,-0.00226314,-0.00204851,0.5415196038158542,-0.310789,0.0391051,-0.178758,0.3606569477093295,0.8714085523660859,0.014131655,0.6341190739916281
67476,0.128248,-0.0391926,0.0208333,-0.787803,0.0047227,-0.00396912,0.7878271540241961,-0.00420656,0.0033057,0.00031876,0.005359515599492178,0.7836094528427845,0.00017213696,1.3820528209876783
67500,0.299153,-0.025937,0.0208333,-0.0313384,-0.130466,-0.115891,0.17729691579821685,0.0238564,-0.149118,-0.18751,0.24075985098217687,0.09232358426772655,0.06739499,0.03476952688777919
67524,0.273678,-0.0302687,0.0208333,-0.125739,-0.0321214,0.00700414,0.12996591259287799,0.211715,0.0294858,0.0450945,0.21846319497089206,0.3451398625670028,0.10745565,0.17503799587518135
67548,0.247734,-0.0384463,0.0208333,-0.0448447,-0.00113948,0.0227965,0.050319240306371874,-0.169494,-0.047705,0.0801168,0.193449437071396,0.1448841345194511,0.062296005,0.46876859963099066
67572,0.201327,-0.0261545,0.0208333,0.848368,-0.0166598,0.000527381,0.8485317262723646,-0.202176,0.19716,0.0786273,0.2931372594558563,1.0749238113261081,0.020090695,0.21967680806129716
67596,0.133564,-0.0258097,0.0208333,0.147608,-0.181978,0.00125523,0.23431963159401073,-0.13449,0.0466854,0.00118089,0.1423674161258541,0.3631339114293728,0.002006622,0.3392948570196725
67620,0.103062,-0.0353282,0.0208333,-0.178967,0.199497,0.00259573,0.2680204803969892,-0.00194452,-0.00879233,-0.0321213,0.033359618381349924,0.27554795515340014,0.00044298155000000003,0.14123172448143512
67644,0.226612,-0.0226912,0.0208333,0.760706,0.152464,0.000452052,0.7758344501780071,0.56063,-0.102952,0.00313194,0.5700130877902397,0.32446096935023255,0.052536825,0.02346531482848675
67668,0.159307,-0.0222916,0.0208333,0.740235,-0.382404,0.000194462,0.8331750789938868,-0.190654,-0.0325392,0.104394,0.2197859287776176,0.9999086219847558,0.0070076850000000005,0.0880357313822064
67692,0.196356,-0.0333554,0.0208333,0.717311,-0.0255537,0.000567585,0.7177662463904404,-0.220799,0.112663,-0.0944536,0.2652670965705321,0.9529864919597204,0.020262265,0.270381952060414
67716,0.143549,-0.0323664,0.0208333,-0.228443,-0.124668,0.00223522,0.2602562404274841,-0.165185,0.0892462,0.0251013,0.18942292285024534,0.22424031114009452,0.004681745,0.46609226554406585
67740,0.275736,-0.0335995,0.0208333,-0.137755,-0.0302387,0.00741497,0.14122960306816307,0.180068,0.026584,-0.0335544,0.18508671329774054,0.325451636718095,0.09112965,0.20061181420843588
67764,0.115446,-0.0372522,0.0208333,-0.626424,0.0870072,-0.00164313,0.63243970503443,0.00876478,-0.00457156,0.00173015,0.010035633926389502,0.6417654045981167,0.0008234404999999999,1.0987629407656594
67788,0.199059,-0.0328573,0.0208333,0.726548,-0.0151053,0.000574487,0.7267052335214073,-0.206106,0.12148,-0.066885,0.2484163377497543,0.9450131270402508,0.015894755,0.21799472470681486
67812,0.152212,-0.0337602,0.0208333,-0.128166,-0.156738,0.00067831,0.20246921816527097,-0.258885,0.133939,0.0169077,0.2919708363266612,0.3191300180017105,0.0077586849999999995,0.5652088109716621
67836,0.229704,-0.0392107,0.0208333,0.308407,0.00602147,0.000823234,0.3084668757973531,-0.212844,0.017962,0.162317,0.2682759964458244,0.5458254461955248,0.0207847245,0.5787521058277023
67860,0.296997,-0.0349638,0.0208333,-0.0658327,-0.0834357,-0.0902268,0.13941425989481848,0.049577,-0.130284,-0.0788603,0.1601585043046107,0.1250734159972854,0.09246165,0.10069011868103046
67884,0.270611,0.0287144,0.0208333,0.249504,0.244111,-6.29343e-05,0.349059350680835,0.0373226,0.0770927,-0.0520394,0.1002215546497359,0.27498656699466845,0.036170375,0.009661231805520453
67908,0.127545,-0.0234321,0.0208333,0.242921,-0.10587,-0.00171546,0.264994362098539,-0.177969,0.00957118,-0.00913988,0.17846038735250686,0.4364976290337999,0.0018586115,0.21351674407408897
67932,0.245591,-0.0396917,0.0208333,-0.0182617,-0.000751498,0.010037,0.0208517578427816,-0.165582,-0.00280698,0.0892406,0.18812007481680523,0.16727434367320748,0.024568846,1.0832820500682174
67956,0.103732,-0.00412013,0.0208333,1.24878,-0.00940221,0.000494707,1.2488154926520971,1.29508,-0.00417768,-0.00131581,1.2950874066124411,0.046629000477473134,3.004961e-05,0.00026582719951126146
67980,0.271619,-0.032079,0.0208333,-0.124133,-0.0216261,0.00804197,0.12625911124228184,0.158959,0.0232426,0.0564708,0.17028544678979468,0.2906882045746936,0.0931539,0.23341165352226953
68004,0.144118,0.0388652,0.0208333,-0.346441,-0.00939743,-0.00284414,0.34658010229086217,0.0226323,0.0126241,0.00246439,0.02603194426415553,0.36976780423286154,7.299025e-05,6.0073871192058204e-05
68028,0.106349,0.0369645,0.0208333,-0.139686,-0.019302,0.00758472,0.14121711573842033,-0.0198385,-0.00595061,0.0098896,0.022951689039852816,0.12061092547110525,4.326619e-05,0.0
68052,0.183731,-0.0252413,0.0208333,0.812879,-0.14253,0.000524829,0.825280161512731,-0.271655,0.110424,0.072471,0.3020628157221607,1.1159641458369356,0.011859834999999999,0.15277139784658647
68076,0.183127,-0.0164536,0.0208333,0.849742,-0.177622,0.000426746,0.8681078409737747,0.672431,-0.0944544,0.0760945,0.6832828523902894,0.20995630356377615,0.01796876,0.028984875366300955
68100,0.125918,-0.0285206,0.0208333,-0.136145,-0.0413677,0.00366275,0.142338200655525,-0.0637027,0.0392021,0.0075032,0.07517404234135609,0.10841645888670455,0.000907858,0.23483547432191756
68124,0.137495,-0.0306416,0.0208333,-0.157182,-0.132195,0.00258196,0.2053980663649042,-0.0954686,0.0727715,0.031872,0.12420052005611733,0.21605026337639952,0.0021500210000000002,0.45680630468503824
68148,0.24746,-0.025108,0.0208333,0.545953,0.247363,0.00412411,0.5993914749654787,0.562852,-0.0706431,-0.08562,0.5736929543593943,0.33085867242359257,0.057144465,0.02882403510960948
68172,0.296717,0.026087,0.0208333,0.895659,0.814508,0.0173382,1.210755524259229,0.957275,1.15656,0.0530309,1.5022711924215981,0.3493852758679021,0.07981465,0.0147849247546276
68196,0.152617,-0.0248693,0.0208333,0.582305,-0.386766,-3.62571e-05,0.6990472466833534,-0.230191,0.0952264,0.0207595,0.2499738397877066,0.9449332712880429,0.0048915700000000005,0.19732232514340592
68220,0.220048,-0.0252095,0.0208333,0.791376,0.0969106,0.000504375,0.7972878352028836,0.273796,-0.023296,-0.0587041,0.2809859864634,0.5346441120926944,0.07694580000000001,0.07454139789405616
68244,0.163875,-0.00982393,0.0208333,0.871374,-0.33615,0.0011879,0.933965139329306,1.15575,-0.123323,0.00458856,1.1623199558262232,0.3552134651071601,0.00395857835,0.002718013980832328
68268,0.206007,0.0339197,0.0208333,-0.528959,-0.00776623,0.000203643,0.5290160484143032,-0.111099,-0.0564753,-0.0231251,0.12675652867249088,0.4213357133572051,0.00388649,0.0012251285646820908
68292,0.283928,-0.0230462,0.0208333,-0.154169,-0.0725017,0.0204147,0.17158478091013782,0.253495,0.0854479,0.00894502,0.2676584988790948,0.4373437624974917,0.0878112,0.06707913237363763
68316,0.208601,0.0320544,0.0208333,-0.509795,0.00304635,0.000398392,0.5098042575239129,-0.0534016,-0.0502884,-0.0214838,0.07643433599868583,0.46001995766254244,0.005033995,0.000607292351343239
68340,0.284734,-0.00918161,0.0208333,-0.00840627,0.0869532,0.0255128,0.09100784213128503,0.38819,0.335875,0.135923,0.5310165286071611,0.48108323204742115,0.09836575,0.02773207529197914
68364,0.107189,0.00132057,0.0208333,1.25094,-0.0629419,0.000223673,1.2525225013568502,1.28719,-0.0227295,-0.000671641,1.2873908409538586,0.054147033168204184,4.1454074e-05,3.578505274552491e-05
68388,0.192667,-0.0392155,0.0208333,0.452787,-0.00237927,-0.00320832,0.45280461748082396,-0.319691,-0.000837676,-0.122217,0.34225726036284604,0.7815930545439892,0.0108932795,0.9580307928245313
68412,0.266426,-0.0327743,0.0208333,-0.0965671,0.00571515,0.0110038,0.0973599063083593,0.0822703,0.0479213,0.0810521,0.12503717915160276,0.19664927935152088,0.10446935,0.29942878953100016
68436,0.146236,-0.036685,0.0208333,-0.516688,-0.0472841,-0.0027667,0.5188544401715187,-0.179577,0.0455594,0.00408061,0.18531111471072664,0.34972936317599373,0.0036056845000000002,0.7938381447121321
68460,0.154074,-0.034179,0.0208333,-0.112638,-0.141262,-0.00101754,0.18067458890406146,-0.273592,0.136511,0.0166849,0.3062127062566314,0.3215235699399868,0.00876665,0.6170259313837628
68484,0.292691,-0.0243344,0.0208333,-0.136746,-0.0829449,-0.0495789,0.16744369882805385,0.197044,-0.00339667,-0.0571709,0.20519840913101375,0.3432219740344912,0.07229415,0.04755922623424397
68508,0.105401,-0.0381706,0.0208333,-0.260321,0.0827274,-0.000123194,0.273149887293628,0.0194061,0.00780751,-0.0157588,0.026189572486967024,0.29000812500171325,0.00020419842,0.35286683040489936
68532,0.118707,-0.0186348,0.0208333,0.38456,0.0123776,-0.00508988,0.3847928084829216,-0.0621557,0.109999,-0.0092775,0.12668537030667748,0.4572771484840615,0.0011779235000000002,0.1183296243550194
68556,0.284154,-0.0270576,0.0208333,-0.154438,-0.0675498,0.00205114,0.1685772182097557,0.276241,0.0733622,-0.000207941,0.28581662951847203,0.45315085372529595,0.0679506,0.10778357945438628
68580,0.236547,-0.0370636,0.0208333,0.323523,0.0507884,0.00380408,0.3275073497315845,-0.131507,0.0538768,0.193493,0.2400756998870148,0.4929946505646146,0.040877045,0.19786662174303174
68604,0.106374,0.0338195,0.0208333,-0.12661,-0.0634067,0.00808933,0.14183067004262126,-0.0196651,-0.0220199,0.000109382,0.029522942238908438,0.11495111317570049,0.00013392183,0.0
68628,0.195357,-0.0229514,0.0208333,0.865897,-0.0579319,0.000328838,0.8678328340072414,-0.123891,0.101571,0.0397276,0.16505735404325372,1.0033313124285232,0.0272758,0.10098316691409515
68652,0.121693,-0.0342869,0.0208333,-0.568554,0.056159,0.00236452,0.5713257172155218,-0.0290014,0.0435065,0.0402157,0.06596362081253575,0.5410266220348149,0.0008859085000000001,0.5923225472662678
68676,0.236721,-0.0330575,0.0208333,0.510344,0.117749,0.00271491,0.5237587193291469,0.109626,0.0481197,0.0566827,0.13246242442058803,0.41028731067384244,0.05581835,0.09640363063702528
68700,0.264191,-0.0384876,0.0208333,-0.1217,0.00628693,0.0351191,0.12682179100468066,-0.299798,0.0437384,-0.121856,0.3265589888129862,0.2403387031444809,0.051731650000000004,0.45017885334608954
68724,0.255572,0.0320577,0.0208333,-0.0875135,0.111115,-0.00126966,0.14144528250799177,-0.288165,-0.0256163,-0.0842215,0.30131133917086494,0.2565881536847046,0.030229110000000003,0.01749448484523051
68748,0.284272,-0.00393234,0.0208333,0.114119,0.23304,0.0191908,0.2601904582524886,0.441557,0.49294,0.118846,0.6723740027432649,0.42976134392362464,0.07791609999999999,0.02771694427602004
68772,0.190171,-0.0371917,0.0208333,0.533378,-0.0148946,-0.00148192,0.5335879834479469,-0.304754,0.0464788,-0.177927,0.3559400183941671,0.858699487543673,0.015870065000000003,0.4265606639154623
68796,0.192239,-0.0155993,0.0208333,0.813691,-0.0852041,-1.14919e-05,0.8181398305117982,0.898188,-0.12915,0.0352081,0.9081084825887323,0.10154508747060358,0.02711927,0.02028122284281695
68820,0.261824,0.0388618,0.0208333,-0.0925618,0.0262832,0.000179145,0.096221232139331,-0.160679,-0.0238,-0.0207461,0.16375158535479892,0.0870984829741025,0.008702345,0.012258955909864429
68844,0.188776,-0.0369458,0.0208333,0.530393,-0.0190027,-0.00128689,0.5307348614347489,-0.295614,0.0538876,-0.177064,0.3487738099768387,0.8476427031969554,0.01643218,0.35254503258449127
68868,0.230293,-0.0325283,0.0208333,0.604643,0.0939804,0.00128318,0.611904502013241,0.139884,0.0443747,-0.0649732,0.16049350196917633,0.47207156390127375,0.0513385,0.15561073227769348
68892,0.127131,-0.0252031,0.0208333,0.124002,-0.0883197,9.73343e-05,0.1522395312855894,-0.153566,0.0425041,-0.00691986,0.15948980950276917,0.3069333841182545,0.0017055925,0.19757175911551733
68916,0.109705,-0.0180703,0.0208333,0.156766,0.215481,-0.0028882,0.2664882395458381,-0.108233,0.0208526,-0.00203746,0.11024229886487127,0.3287938683219436,0.0009908595,0.04815402371557335
68940,0.253238,0.0340461,0.0208333,-0.158035,0.07393,-0.00149737,0.17447907680268399,-0.316991,-0.0458177,-0.0852395,0.3314337461311687,0.21591495068250116,0.026091215,0.01590921116837664
68964,0.261538,-0.0338228,0.0208333,-0.0808743,0.0164367,0.0160379,0.0840715870183857,0.0414377,0.0716277,0.0576738,0.10086564130079181,0.14049846972052757,0.1048284,0.3025599114225148
68988,0.297195,-0.0363979,0.0208333,-0.0645485,-0.0610511,-0.074987,0.11626175567425429,0.0209873,-0.130162,-0.0766164,0.15248831350057615,0.10997883671329681,0.0975076,0.12051804844088707
69012,0.297971,-0.0363013,0.0208333,-0.0483465,-0.0698675,-0.0804588,0.11701482861560751,0.0240329,-0.191632,-0.0855514,0.2112331549458323,0.141743802613624,0.10498964999999999,0.12237687690082633
69036,0.200634,0.0370711,0.0208333,-0.593092,-0.0114902,-0.00119532,0.5932044958949168,-0.133786,-0.0117432,-0.00272943,0.13432812933397417,0.45930863168298075,0.0058513835000000005,0.003530863916947239
69060,0.268022,-0.0333572,0.0208333,-0.112923,-0.00427612,0.0117522,0.11361339417557421,0.0740053,0.039153,0.0742173,0.11188364248798839,0.20181716112083828,0.1005743,0.28341489022279687
69084,0.298485,-0.0384034,0.0208333,-0.0340033,-0.0229406,-0.0202561,0.0457471870879511,-0.0848188,-0.148498,-0.0971718,0.19669327276925358,0.15576553098005988,0.086475625,0.13137579685771653
69108,0.274812,-0.0292847,0.0208333,-0.129117,-0.0392591,0.006986,0.1351343065909246,0.22074,0.0385726,0.00471356,0.2241343586303394,0.3584171563380352,0.1131396,0.1299611480404817
69132,0.218715,-0.0332923,0.0208333,0.682339,0.048543,0.000445251,0.6840636900307259,-0.0560999,0.13708,-0.0559372,0.15832591551559083,0.7458617768614889,0.03345763,0.32261897030397946
69156,0.128988,0.0340166,0.0208333,-0.316839,-0.0256974,-0.00157538,0.31788329636818663,0.00762646,-0.00740034,-0.00386839,0.011308950678082384,0.32498903832670306,0.00013313395,2.642899922433689e-05
69180,0.277911,-0.0311269,0.0208333,-0.140711,-0.0464949,0.00333798,0.14823124959835696,0.259237,0.0401254,-0.0211531,0.2631754614962611,0.40995279249647315,0.0845886,0.17110523077919038
69204,0.121518,-0.0224685,0.0208333,0.226675,0.00510491,-0.00439481,0.2267750649565428,-0.115817,0.0925024,-0.0145365,0.14893482241238953,0.35361270508616655,0.001545827,0.15437745949457776
69228,0.136172,-0.0321,0.0208333,-0.310745,-0.089431,0.00288113,0.32337077743060966,-0.103697,0.0603887,0.0340258,0.12473018063937051,0.25745836028666635,0.002090756,0.5674865637175915
69252,0.254136,-0.0240657,0.0208333,0.463042,0.268485,0.0062157,0.5352856470292193,0.544374,0.0162228,-0.00543057,0.5446427473182444,0.26530500820329966,0.06630323,0.0742631133201403
69276,0.291471,-0.0210017,0.0208333,-0.153196,-0.0676417,-0.0221201,0.16891924940308017,0.240825,0.0473231,-0.0929789,0.26245234284307695,0.41652181601625626,0.06092740000000001,0.04572974961663359
69300,0.244197,-0.0257526,0.0208333,0.578345,0.228019,0.00330852,0.6216804240850683,0.56741,-0.108068,-0.119338,0.5898087477886369,0.35793325447925406,0.05343149,0.026649559095789935
69324,0.261251,-0.0229429,0.0208333,0.330399,0.24731,0.00955995,0.4128160945808709,0.525264,0.098169,0.0672129,0.5385693977412845,0.2520699679646556,0.0536163,0.08563842595470797
69348,0.269715,-0.0327308,0.0208333,-0.118085,-0.0115014,0.00968793,0.1190386719291042,0.111962,0.0277598,0.0609895,0.1304830067491166,0.23894542288753912,0.09216895,0.26316021735817136
69372,0.268603,-0.0214933,0.0208333,0.192215,0.188598,0.0105497,0.2694941706217223,0.392211,0.189194,0.125165,0.4530895224809331,0.2305112193063279,0.0722945,0.06589613038714792
69396,0.266433,-0.0338435,0.0208333,-0.108995,0.00243142,0.0137369,0.10988414011961144,0.0426724,0.0406285,0.0762305,0.09634675845226968,0.1684264444327149,0.1085576,0.30056164093243837
69420,0.298906,-0.00686541,0.0208333,-0.0497461,0.0917263,-0.116274,0.15623070009732404,0.0446448,0.227735,-0.266262,0.35320226646503844,0.22339294667133067,0.039813625,0.014039693728853204
69444,0.276502,-0.0328637,0.0208333,-0.137996,-0.0341482,0.0049472,0.1422444036406354,0.216141,0.0277442,-0.025101,0.2193552659856608,0.3607583377692053,0.0881449,0.1881451567274587
69468,0.114992,-0.0384154,0.0208333,-0.623649,0.0548301,-0.00230743,0.6260588944342336,0.0153415,-0.00559722,0.0038553,0.01677956590822301,0.6418709366638167,0.00062681395,1.891668575623119
69492,0.252165,-0.03831,0.0208333,-0.0669682,0.00183618,0.023976,0.07115447943898122,-0.112532,0.0136608,0.120241,0.16525122257230052,0.10715797559484035,0.061700765,0.5089911590587798
69516,0.184708,-0.0283094,0.0208333,0.772685,-0.11467,0.000610557,0.7811476754781072,-0.258165,0.141102,-0.00896687,0.2943456240316762,1.0621500673595705,0.015159185,0.18611125704803566
69540,0.259012,-0.0381209,0.0208333,-0.0968895,0.00854704,0.0271137,0.1009741542707915,-0.190814,0.0520848,-0.0628944,0.2075536425563281,0.13718165442827113,0.07360356,0.41789711652510836
69564,0.200427,-0.0244775,0.0208333,0.860115,-0.0267598,0.000414898,0.8605312732616929,-0.187662,0.124787,0.0527515,0.23145527076575723,1.0599727327757758,0.024927449999999997,0.20495560494897425
69588,0.180648,-0.0266327,0.0208333,0.764101,-0.15096,0.000535732,0.7788706868343268,-0.277997,0.106592,0.0544695,0.30267327748456746,1.0748070178588702,0.013067754999999999,0.19966221475281695
69612,0.274123,-0.0380494,0.0208333,-0.16064,-0.00549585,0.045618,0.1670820633438027,-0.140192,0.0114117,-0.161526,0.21418373522956874,0.20883635384434987,0.06564475,0.3126198969995352
69636,0.242504,-0.0230013,0.0208333,0.629781,0.241837,0.00240937,0.6746221517218338,0.679097,-0.107718,-0.0126399,0.6877031845244065,0.3533372983546075,0.0460795,0.021638068305650574
69660,0.132659,-0.0241033,0.0208333,0.227259,-0.18689,0.000355887,0.29423570795631987,-0.17784,0.0036944,-0.00767247,0.17804376143875666,0.44776340609799664,0.0024110315,0.3062399386102342
69684,0.114433,-0.0379313,0.0208333,-0.606193,0.066877,-0.00216983,0.6098747367617623,0.0136417,-0.00567165,0.0071727,0.016422887014849123,0.6241359185367505,0.000793489,1.9006919792538717
69708,0.274762,-0.0332381,0.0208333,-0.136312,-0.0290377,0.00806638,0.13960378165219736,0.183073,0.015679,0.00217852,0.18375608920357006,0.3225539154610739,0.0955459,0.20377929237290035
69732,0.196853,-0.0343194,0.0208333,0.686692,-0.0183214,0.000288334,0.6869364306094528,-0.227759,0.103791,-0.116367,0.27602176082874336,0.9299142630293458,0.02011968,0.3093283045568252
69756,0.251911,-0.0169789,0.0208333,0.589929,0.323073,0.00285874,0.6726072856908314,0.940923,0.0253715,0.0576639,0.9430296550503912,0.4634938798958143,0.04222803,0.019347506299262445
69780,0.18939,-0.0373837,0.0208333,0.525395,-0.0161035,-0.00155268,0.5256440236057406,-0.316674,0.0439398,-0.177668,0.3657581803925101,0.8623815887265871,0.015250095,0.4363587973216536
69804,0.138897,-0.0326548,0.0208333,-0.316048,-0.0848452,0.0023942,0.3272472741837279,-0.124344,0.0687662,0.0363715,0.14667346934837944,0.24799464256562076,0.0028099075,0.5053147533963361
69828,0.212464,-0.0325178,0.0208333,0.73568,0.0295234,0.000541896,0.7362723593880425,-0.168029,0.164414,-0.109384,0.2592885799509882,0.9203092595756943,0.03966765,0.2720316158096334
69852,0.130926,-0.036912,0.0208333,-0.729974,-0.00108623,-0.000459494,0.7299749527938263,-0.0677506,0.0180163,0.0306535,0.07651384141643915,0.6632290377807692,0.000832468,0.7570706704132713
69876,0.298902,-0.0233217,0.0208333,-0.0389692,-0.11469,-0.113417,0.16593917722358395,0.0672444,-0.123529,-0.207636,0.25078662577649546,0.14225567372502226,0.064879525,0.028785551931481183
69900,0.297685,-0.0183649,0.0208333,-0.0622373,-0.0834794,-0.124635,0.162407435053479,0.0841053,-0.0402016,-0.271762,0.2873055077346238,0.21197990158644758,0.09091085,0.022244325119005072
69924,0.397253,0.034782,0.0208333,1.3775,-0.0074348,0.00015858,1.3775200729567088,1.48424,0.0829005,0.0142276,1.4866214363791508,0.14054120872488046,0.08884085,0.011254998889382441
69948,0.00274431,0.00476778,0.0208333,1.16033,-0.00119805,-5.35578e-05,1.1603306197339793,1.25174,-0.0439767,-7.7147e-05,1.25251226887985,0.10092473211395141,5.2845624501499994e-09,0.0
69972,0.00283115,-0.00475191,0.0208333,1.16038,0.0011752,-5.54096e-05,1.1603805964274239,1.25178,0.042553,-7.99717e-05,1.2525030669042183,0.10032987060759493,5.38498894575e-09,5.39479378660575e-05
69996,0.397164,0.025271,0.0208333,0.976127,-0.0416981,-0.00119893,0.9770179574121219,1.20192,-0.0641019,-0.0390833,1.2042625313122135,0.23004267993947766,0.12749985,0.006710573745962412
70020,0.235931,-0.0337751,0.0208333,0.507108,0.109122,0.00247136,0.5187217386694427,0.0464246,0.0489957,0.114608,0.13300682601900551,0.4779319962272244,0.053379499999999996,0.1125557639572492
70044,0.124862,-0.0271668,0.0208333,-0.0378385,-0.0365549,0.00184674,0.05264430876065902,-0.0767699,0.0487353,0.00322934,0.09098997554091111,0.09376557846438106,0.000960634,0.2087132003491873
70068,0.153858,-0.0232257,0.0208333,0.647444,-0.377469,-8.40606e-05,0.7494441848217814,-0.255407,0.0518866,0.0844105,0.27395271018701384,1.0033072760741581,0.0063078200000000004,0.124683599563054
70092,0.221267,-0.0235984,0.0208333,0.787402,0.112446,0.000407254,0.7953905822775503,0.397985,-0.0250775,-0.0181329,0.39918635158740085,0.4134030119043568,0.05979335,0.03335386034629275
70116,0.248933,-0.0238001,0.0208333,0.53977,0.259878,0.00431738,0.5990883637278097,0.609214,-0.0685061,-0.0375564,0.6142029523815153,0.33824842899901014,0.052393895,0.03739398347328083
70140,0.233294,-0.0336918,0.0208333,0.531805,0.0940589,0.00178699,0.5400618742583762,0.0377418,0.0719599,0.0785328,0.11300474039211805,0.5004765036920276,0.05059570000000001,0.17131433098255383
70164,0.175699,-0.0192836,0.0208333,0.856423,-0.241549,0.000552103,0.8898351415558517,0.333278,-0.0744407,0.110893,0.3590444269857005,0.5601615735702107,0.007766645,0.02711518025018458
70188,0.115783,-0.0281582,0.0208333,-0.158736,0.169759,-0.000639419,0.23241266022671303,-0.0170156,0.0581003,0.0226422,0.06463624930555609,0.18191858301204733,0.0007652206,0.31709619991415855
70212,0.195278,-0.0330877,0.0208333,0.716302,-0.0285127,0.000573085,0.7168694844193796,-0.22063,0.116095,-0.0960114,0.2671588195342987,0.9529331153160777,0.02087845,0.2704303976996669
70236,0.285738,-0.0261141,0.0208333,-0.155789,-0.0692172,-0.000129283,0.1704736050270953,0.285164,0.0561547,-0.00727132,0.2907313696913912,0.45848519083076106,0.0682522,0.08742619744676078
70260,0.17978,-0.0356947,0.0208333,0.459739,-0.0551785,-0.000741864,0.4630390538015606,-0.236625,0.0741403,-0.164875,0.29777834094186567,0.7270391040808152,0.01352361,0.2413412521721059
70284,0.180552,-0.0385063,0.0208333,0.369297,-0.0177175,-0.00321368,0.3697357323202511,-0.373433,0.015045,-0.102789,0.38761338474696666,0.7500909802546304,0.009463699999999999,0.4762089877354269
70308,0.255694,-0.0226893,0.0208333,0.458267,0.278486,0.00645306,0.5362879240374181,0.591138,0.0203837,0.00445433,0.591506104216549,0.2903024196039415,0.06180415,0.06669167864134176
70332,0.270338,-0.0198796,0.0208333,0.195056,0.192947,0.0102184,0.274553826495935,0.362621,0.21436,0.137041,0.44297227331064415,0.21123569221312957,0.08379129999999999,0.05755970812990629
70356,0.262904,-0.0214728,0.0208333,0.329515,0.258688,0.00942124,0.4190326673806442,0.540793,0.136906,0.077725,0.5632419527254694,0.25324820322785624,0.0578328,0.07899753160700655
70380,0.159435,-0.0367786,0.0208333,-0.120634,-0.0647544,-0.00634939,0.13706206268961554,-0.292322,0.0887113,0.0163102,0.30592134455727343,0.23139132965489026,0.00959313,0.4650473094213104
70404,0.114691,-0.0268947,0.0208333,-0.0869192,0.187051,-0.00172289,0.2062667987815589,-0.0192202,0.0628226,0.0261701,0.07071753172170252,0.1442007935439334,0.00072430135,0.25352356892407457
70428,0.298666,-0.0297113,0.0208333,-0.0302699,-0.136791,-0.116373,0.18212830547723766,0.0594318,-0.262442,-0.141296,0.30392844853886253,0.15638326225299817,0.13162655,0.05189084697709221
70452,0.259494,-0.0303866,0.0208333,0.0334723,0.0724594,0.0170758,0.0816231735556147,0.232802,0.0756455,0.064871,0.2532336066071208,0.20500454062859194,0.09113295,0.1584947948672132
70476,0.138713,-0.0385246,0.0208333,-0.715218,-0.00540106,-0.0045852,0.715253090194068,-0.084157,0.00530176,0.0215073,0.08702340639958654,0.6316908695186297,0.001394157,1.6106955019493907
70500,0.194635,-0.018916,0.0208333,0.855342,-0.064013,8.02479e-05,0.8577339958126444,0.411935,-0.0503673,0.0145117,0.4152564250811539,0.4438515963553636,0.049818525,0.03630950288836243
70524,0.121681,-0.0352022,0.0208333,-0.637296,0.0502754,0.00146862,0.6392776895104852,-0.0257372,0.0405258,0.0449295,0.06575259614441091,0.6131786596482092,0.0009004079999999999,0.64198052929976
70548,0.111091,-0.0201825,0.0208333,0.131343,0.232183,-0.00409445,0.2667896056048708,-0.0339139,0.0779548,0.0188354,0.08707396711652686,0.22720466257071506,0.000947849,0.06019401963650542
70572,0.252269,-0.0232602,0.0208333,0.506443,0.273886,0.00519787,0.5757821385711238,0.596473,-0.0216896,-0.0111695,0.5969717214470129,0.30941594499326774,0.059424500000000005,0.06468848429202836
70596,0.259255,-0.0220894,0.0208333,0.409002,0.277157,0.00790492,0.4941266299373131,0.570015,0.0789556,0.0257514,0.576033177515254,0.2559833548872864,0.0661065,0.07714337301414814
70620,0.242487,-0.0250034,0.0208333,0.604926,0.218883,0.00280924,0.6433141728536513,0.590057,-0.125085,-0.0925045,0.6102217654215966,0.35723910930606073,0.05164729999999999,0.02692639968506744
70644,0.266497,-0.0205955,0.0208333,0.264983,0.232717,0.0101529,0.3528119524001561,0.464805,0.176799,0.111758,0.5096973857005743,0.23103950041932225,0.0728301,0.0702732523795505
70668,0.249906,-0.0319675,0.0208333,0.253116,0.139407,0.00951587,0.28912380200678206,0.225689,0.0306893,0.160143,0.27842977266177915,0.18777729073113952,0.0926025,0.1900542027948869
70692,0.167903,-0.038124,0.0208333,0.0758472,-0.0567706,-0.00280014,0.09478153594566611,-0.306433,0.065638,-0.0279423,0.3146272439924585,0.40218670400134515,0.0047782960000000005,0.6552915381721329
70716,0.197393,-0.037358,0.0208333,0.588434,-0.00779505,-0.00114869,0.5884867497652081,-0.289062,0.0559518,-0.179271,0.34471079937860954,0.8976583137367239,0.01667965,0.6179506452784074
70740,0.180023,-0.0211487,0.0208333,0.851652,-0.195591,0.000510248,0.8738233395475434,0.0110773,-0.0527981,0.121964,0.13336252560183465,0.8612239270046889,0.01777042,0.10326761350975436
70764,0.289626,-0.0195258,0.0208333,-0.172825,-0.0599461,0.013579,0.18342956351474538,0.258446,0.0929549,-0.102422,0.2931300299082474,0.4720483272324985,0.0557831,0.04072247536680451
70788,0.182319,-0.0239493,0.0208333,0.811713,-0.155649,0.000501375,0.8265015770988526,-0.223174,0.0297923,0.101432,0.24694668663355257,1.0562038484959146,0.0071976,0.13843879514066856
70812,0.298717,-0.0107582,0.0208333,-0.0228278,0.026709,-0.12273,0.12766022103161187,0.0896451,0.11884,-0.300973,0.3357736384575329,0.23001921972828704,0.039085115000000004,0.012289182234794959
70836,0.113616,-0.0196855,0.0208333,0.222653,0.150386,-0.00495582,0.2687282410854363,-0.0294817,0.0435242,-0.00538731,0.05284458089119545,0.27384582784287603,0.00108198,0.10247438704378768
70860,0.296537,-0.0342083,0.0208333,-0.0773796,-0.096069,-0.0964413,0.15658154298272195,0.0493583,-0.113261,-0.0727482,0.14337571796901313,0.13007468296336533,0.0800403,0.08620539426277221
70884,0.103991,-0.034154,0.0208333,-0.219175,0.259997,0.00106633,0.3400547863119543,-0.014436,0.0014234,-0.0283425,0.03183899291450658,0.3311242123734368,0.0004342825,0.1901162802076666
70908,0.23499,-0.0334576,0.0208333,0.518918,0.104037,0.00219401,0.5292489034215188,0.0693208,0.0490097,0.0756477,0.11370971164337725,0.45886936111244786,0.05500275,0.13897229939811745
70932,0.248486,-0.0216353,0.0208333,0.584701,0.279993,0.00330301,0.6482917933500779,0.729948,-0.0756407,0.0292666,0.7344400125783249,0.3850274374513823,0.044262750000000003,0.018534103701015596
70956,0.117284,-0.0276812,0.0208333,-0.127747,0.128387,-0.000281898,0.1811148730626019,-0.0210299,0.0548789,0.0194652,0.0619099698777184,0.13107985381988188,0.0009777085,0.33175442725003684
70980,0.398739,0.0372313,0.0208333,1.39344,-0.000800786,0.00169707,1.393441263528823,1.44715,0.0375616,0.0150228,1.4477153314151232,0.06733507139408028,0.090024005,0.012104751133336034
71004,0.0012646,-0.0072277,0.0208333,1.15845,0.000949117,-2.47275e-05,1.1584503890691777,1.231,0.0136829,-3.58277e-05,1.2310760427512324,0.07365902424486456,2.9845591548549997e-09,2.642899922433689e-05
71028,0.398732,0.0227775,0.0208333,0.746473,-0.0515134,0.00139268,0.7482496305820288,1.01768,-0.03035,-0.0934654,1.022413559132096,0.28809578561625354,0.07512461000000001,0.006822697413779978
71052,0.00126001,0.00722625,0.0208333,1.15849,-0.00094245,-2.45356e-05,1.1584903836087712,1.23039,-0.0141247,-3.54967e-05,1.2304710726019146,0.07309843934864974,2.8476202351299998e-09,5.174504807225519e-05
71076,0.296718,-0.0274935,0.0208333,-0.0761754,-0.116489,-0.0939578,0.16792988675932582,0.095263,-0.175005,-0.0807759,0.21500357023735675,0.1816287690267431,0.0826473,0.07908798897430633
71100,0.256525,-0.0306623,0.0208333,0.115241,0.0993131,0.0150948,0.15287718240355555,0.270676,0.0215967,0.108328,0.29234717376928754,0.19721132735266503,0.10237639999999999,0.15681645321840434
71124,0.190392,-0.0383926,0.0208333,0.486979,-0.0109465,-0.00264893,0.48710921684299396,-0.345562,0.0300622,-0.155601,0.3801690451810089,0.8474671473714924,0.011526169999999999,0.7114934996189354
71148,0.197798,-0.0368856,0.0208333,0.606024,-0.00833997,-0.000884426,0.6060820290067593,-0.273945,0.0675247,-0.178856,0.33405825370897513,0.9009854439818916,0.01958168,0.579418674189916
71172,0.241324,-0.0336789,0.0208333,0.403257,0.129331,0.00477074,0.4235156143168131,0.142013,0.0333775,0.154154,0.21223855773928074,0.3158652561876307,0.049327899999999994,0.2300567321336196
71196,0.299026,0.00175535,0.0208333,-0.0587339,0.288561,-0.110997,0.3147021698991127,0.0248656,0.384572,-0.184833,0.42740748605559076,0.14716909803776743,0.029570924999999998,0.01631508504421598
71220,0.245642,-0.0245561,0.0208333,0.571259,0.244168,0.00352419,0.6212626475333569,0.593871,-0.0968861,-0.0693924,0.6057103154082569,0.3494939638506481,0.051258460000000006,0.01971025113995253
71244,0.135737,-0.0329591,0.0208333,-0.411402,-0.06966,0.00269094,0.4172665363554614,-0.106481,0.0531033,0.0300076,0.12271356848225873,0.32983911833111246,0.0020139090000000004,0.6090476171860456
71268,0.283213,-0.00641596,0.0208333,0.127488,0.216239,0.0161497,0.2515418614765542,0.465615,0.432853,0.127553,0.6484048238893663,0.41672795487690767,0.0781393,0.027013959354378246
71292,0.178266,-0.0382133,0.0208333,0.330691,-0.0197905,-0.00335652,0.33129966434900054,-0.38009,0.0292093,-0.102057,0.394635556628505,0.7192721286921038,0.009411405,0.46646972034634787
71316,0.139329,-0.0336237,0.0208333,-0.415581,-0.067716,0.0021622,0.4210673334822353,-0.133963,0.0628331,0.0351296,0.15207949441252755,0.3121515896124349,0.0029909415,0.5163119212259194
71340,0.139337,-0.0380411,0.0208333,-0.697002,-0.00990812,-0.00406606,0.6970842787567785,-0.102557,0.0109864,0.014247,0.10412308218142603,0.5950939481775915,0.0018228044999999999,1.494536717514829
71364,0.24066,-0.0344215,0.0208333,0.392514,0.118159,0.00465942,0.4099396293013599,0.0729481,0.050143,0.203606,0.2220161007193172,0.38252879942888796,0.0411465,0.21660586326320902
71388,0.101818,-0.00180198,0.0208333,1.23663,-0.0151673,0.000251976,1.2367230358415722,1.30312,-0.0377195,-0.000942584,1.3036661319313496,0.0702207148812487,1.233116e-05,0.0
71412,0.294598,0.0134561,0.0208333,-0.0182063,0.642413,-0.00115598,0.6426719755975442,0.106325,1.04187,0.0327401,1.0477929264282184,0.4197890943891426,0.06491715,0.014054180872608691
71436,0.137207,-0.0318783,0.0208333,-0.271532,-0.0945867,0.0027393,0.28754786489449025,-0.107852,0.0656348,0.0362314,0.1313495154958708,0.23148173194587082,0.002296883,0.5383400412378778
71460,0.187311,-0.017974,0.0208333,0.858538,-0.131533,0.00026304,0.8685554079752434,0.47466,-0.0321163,0.0699926,0.48086644339197765,0.40262663928344783,0.03822106,0.032153848914243534
71484,0.29353,0.005227,0.0208333,-0.12095,0.383535,-0.00614379,0.40220112491210674,0.129129,0.711899,0.0482931,0.7251253052746194,0.41632414982783794,0.0785863,0.014594451000294597
71508,0.101566,-0.0393102,0.0208333,-0.0536701,0.0150908,0.00907555,0.05648519705597653,0.00980664,-0.00386466,-0.00700065,0.012653651071042698,0.06816927600671141,9.8909365e-05,1.070910827286754
71532,0.297295,0.0137234,0.0208333,-0.0352212,0.710712,-0.0778759,0.7158328964739257,0.122417,1.13855,-0.0751352,1.1475745390466103,0.45596345004806027,0.0532095,0.011980484130451491
71556,0.125443,-0.0256018,0.0208333,0.0975957,-0.0601443,-0.000403068,0.11464039403627599,-0.129285,0.0494267,-0.00378887,0.13846286662411297,0.251976426930523,0.001544554,0.180064988268125
71580,0.285872,-0.0327607,0.0208333,-0.137475,-0.040611,-0.0169807,0.144350175332384,0.191176,0.0327996,-0.0392356,0.19789772369463982,0.3374846316017517,0.04601475,0.15731369933988584
71604,0.164157,-0.0195354,0.0208333,0.830806,-0.34912,0.000443676,0.9011789949196514,0.221493,-5.12737e-05,0.051936,0.22750054895316693,0.704104230267526,0.004334435,0.050402182492427845
71628,0.231489,-0.0202412,0.0208333,0.725789,0.196109,0.000515112,0.7518169177016254,0.815685,-0.125682,0.0277695,0.8257778935520435,0.3352216284225326,0.035489635,0.027560097967895544
71652,0.164169,-0.0325942,0.0208333,0.343955,-0.215968,-0.000660368,0.4061374830459452,-0.250901,0.120838,-0.0715465,0.287527452093274,0.6872530728064601,0.010229755,0.267810754078323
71676,0.0993324,0.00292381,0.0208333,1.20911,-0.0379288,6.03911e-05,1.2097047530767682,1.2994,0.00959731,-0.00039656,1.2994355026776319,0.10203540579641916,5.542287e-06,0.0
71700,0.298876,-0.016908,0.0208333,0.00320352,-0.0789426,-0.139925,0.16068977024114012,0.082847,-0.136515,-0.354156,0.3884925262730289,0.23569596201307821,0.050152635,0.01269759819808455
71724,0.140265,-0.0337127,0.0208333,-0.398428,-0.0733328,0.00205096,0.40512563135003143,-0.140882,0.0644131,0.0346418,0.15873512428838804,0.293880992809531,0.003411832,0.5037668111338817
71748,0.19206,-0.021555,0.0208333,0.866214,-0.0858894,0.000273823,0.8704618072077576,-0.0278204,0.00834296,0.0241941,0.03780124485425844,0.8993049681316602,0.032457285,0.06460936464631115
71772,0.135517,-0.0313844,0.0208333,-0.250627,-0.112009,0.00309453,0.27453503478776786,-0.0929147,0.0596525,0.0314808,0.1148155172482361,0.23483317584628643,0.0020735700000000003,0.5357079428195927
71796,0.190914,-0.0194952,0.0208333,0.865376,-0.103395,0.000214915,0.871530948153568,0.181371,-0.0143222,0.00604436,0.1820359836451288,0.6898048899173215,0.0542648,0.04287971548413072
71820,0.134657,-0.0330069,0.0208333,-0.432985,-0.0668873,0.00284938,0.4381301634134249,-0.0995268,0.046442,0.0263366,0.11294272788364906,0.3529724506091919,0.001797562,0.5206966487312934
71844,0.124458,-0.024079,0.0208333,0.172227,-0.0458562,-0.00212375,0.17823984100504156,-0.14457,0.0672684,-0.0114589,0.15986503347439676,0.3365184383650954,0.0014369515,0.17985466354809931
71868,0.29777,0.00391418,0.0208333,-0.0688954,0.342602,-0.0956036,0.3623020216312904,0.0379801,0.644706,-0.163698,0.6662472136046874,0.3276065424066039,0.04918645000000001,0.014246999684144026
71892,0.216462,-0.0370542,0.0208333,0.58694,0.0222588,-0.000597536,0.5873622177385189,-0.12881,0.0849505,-0.0689871,0.16902018671348107,0.7217377946408239,0.024662339999999998,0.3105799413999558
71916,0.115585,-0.0380408,0.0208333,-0.641758,0.0532336,-0.00220758,0.6439658532425585,0.0133891,-0.00669411,0.00209683,0.015115416089244781,0.6578963299864974,0.0007151810000000001,1.1990537936222878
71940,0.259042,-0.0374049,0.0208333,-0.103066,0.0102489,0.025172,0.10658925786030223,-0.149468,0.0615932,-0.0539087,0.1704128904922688,0.10508634477885316,0.08360680000000001,0.3830939832469312
71964,0.259688,-0.036982,0.0208333,-0.105888,0.0101826,0.0249422,0.10926146268286911,-0.132544,0.061537,-0.055149,0.15619259427386434,0.09880494447546641,0.09174270000000001,0.3446969683649684
71988,0.131264,0.0321637,0.0208333,-0.316758,-0.0283163,-0.00199232,0.31802737735715836,-0.00573611,-0.011901,-0.0113451,0.01741401886245964,0.31159517426781574,0.0003496982,0.0
72012,0.100688,-0.0385133,0.0208333,-0.0238201,0.028223,0.0165661,0.04047679041401381,0.00395093,-0.00739006,-0.00841607,0.011876576481183456,0.051610357175022534,8.1191275e-05,0.00746681993890304
72036,0.194093,-0.0212078,0.0208333,0.868131,-0.071449,0.000244887,0.8710662734440147,-0.0296485,0.0647921,0.0235594,0.07504728578049977,0.9083574376124671,0.03280607,0.06995541437229859
72060,0.18872,-0.0310294,0.0208333,0.735183,-0.0723969,0.000731387,0.7387393921712541,-0.216006,0.142076,-0.0840455,0.271859941665281,0.9787472907368995,0.015832695,0.2712028760909441
72084,0.173547,-0.031863,0.0208333,0.540462,-0.157683,0.000165496,0.5629947862297892,-0.199898,0.0955285,-0.0730875,0.23329527936179933,0.7858848482794576,0.014319084999999999,0.17164643893771872
72108,0.240874,-0.0221648,0.0208333,0.651349,0.240037,0.00197706,0.6941737462164955,0.709407,-0.110569,0.00652003,0.7180016059878981,0.3554095344478267,0.04541714,0.021519014847339087
72132,0.298322,-0.0273409,0.0208333,-0.0397204,-0.133726,-0.115732,0.18125741109306398,0.0615829,-0.239684,-0.168174,0.2992045582948395,0.15569078238254827,0.10616235,0.04727694998622479
72156,0.249921,-0.0202905,0.0208333,0.578478,0.289927,0.00345856,0.6470752842214527,0.793428,-0.051531,0.0515676,0.7967701378156439,0.40633920312187644,0.04529111,0.023351595234587293
72180,0.165095,-0.0320861,0.0208333,0.370388,-0.199017,-0.000524292,0.420470345821321,-0.239732,0.11277,-0.0711551,0.2743201650991228,0.688800594372372,0.010258930000000001,0.2643660341269279
72204,0.280707,-0.0229941,0.0208333,-0.132266,-0.0660348,0.0232663,0.1496536343786211,0.259105,0.0941781,0.0824608,0.28775805650103004,0.4270168870169656,0.08993330000000001,0.09621538338540257
72228,0.245581,-0.0384584,0.0208333,-0.0323597,-0.0028145,0.0198352,0.0380592531899931,-0.210846,-0.0674835,0.0919466,0.2397169909284905,0.20307509167460694,0.06506065999999999,0.45360445324092663
72252,0.296922,-0.0370845,0.0208333,-0.0736736,-0.0545509,-0.0689993,0.11473666993712167,-8.09134e-05,-0.105454,-0.0725578,0.12800463664968664,0.08955262158566785,0.09597839999999999,0.13465882815471106
72276,0.197606,-0.0380631,0.0208333,0.549506,-0.003016,-0.00188918,0.5495175241000713,-0.31115,0.0361933,-0.172946,0.35781922304550656,0.8783658436044759,0.014194585,0.6937449098912366
72300,0.194401,-0.0371907,0.0208333,0.583945,-0.0100428,-0.000956198,0.5840321353927841,-0.302708,0.051627,-0.188478,0.3603074199582906,0.908361785230074,0.015467815,0.4842406426561075
72324,0.136551,-0.0382888,0.0208333,-0.742033,-0.00272547,-0.00416558,0.7420496973467864,-0.0882809,0.00103227,0.0323601,0.09403062776655752,0.6547824479655667,0.0013340244999999998,1.2604046969128606
72348,0.198554,-0.0370068,0.0208333,0.607773,-0.00625789,-0.000889818,0.6078058674382185,-0.272572,0.0612257,-0.175178,0.3297444665320253,0.8999654017400631,0.01993238,0.5699315748403487
72372,0.128568,-0.0351456,0.0208333,-0.630233,-0.00311308,0.00219811,0.6302445217878998,-0.0561351,0.0367105,0.0211253,0.07032132366750501,0.5757886372877833,0.0006725945,0.4636474954100367
72396,0.16701,-0.0372305,0.0208333,0.105908,-0.0940397,-0.00145686,0.1416407147720937,-0.293503,0.0997357,-0.0555126,0.314917242497533,0.44721368001561357,0.005635575,0.6309302655603074
72420,0.198089,-0.0332755,0.0208333,0.722005,-0.0171451,0.000561091,0.7222087574255247,-0.215161,0.115742,-0.0841101,0.258389193673052,0.9503201058000238,0.018294035,0.24899618470972604
72444,0.297554,-0.000444658,0.0208333,-0.0793772,0.230973,-0.0911492,0.2606864846314055,0.0901428,0.516475,-0.199866,0.5610869522389912,0.34938197578902097,0.051676200000000005,0.015637327137333925
72468,0.266263,-0.013931,0.0208333,0.415986,0.343244,0.00682795,0.5393583378730716,0.747543,0.215359,0.0643436,0.7806024177460379,0.35998981578500583,0.0850782,0.03507905357902348
72492,0.269307,-0.0317484,0.0208333,-0.107179,-0.00581163,0.00846093,0.10766940336382384,0.1352,0.0335322,0.0597483,0.1515694817228389,0.25085037556596523,0.09270825,0.24277541061647903
72516,0.103882,-0.0332619,0.0208333,-0.190153,0.295106,0.00152679,0.35106701031669735,-0.0189094,0.00590712,-0.0311889,0.03694870712574934,0.33768428910209974,0.0005180429999999999,0.2008698583660575
72540,0.297434,-0.00480388,0.0208333,-0.086596,0.117867,-0.090136,0.17180219847545608,0.0723565,0.380241,-0.224586,0.44750145538227026,0.3349370323392891,0.053273,0.015248245800747049
72564,0.240722,-0.0328412,0.0208333,0.460719,0.140227,0.00400366,0.4816031953625262,0.169495,0.0185565,0.0823122,0.18933620093920234,0.3251881857989026,0.0627202,0.19321827035764502
72588,0.187281,-0.0288952,0.0208333,0.776096,-0.0924151,0.000680413,0.7815791801768138,-0.245552,0.15278,-0.0348592,0.2912948281872509,1.0512603564579992,0.01534961,0.21165632520668973
72612,0.23913,-0.02341,0.0208333,0.662643,0.219835,0.0017947,0.6981592895765908,0.64003,-0.147569,-0.025724,0.657325440582517,0.36912643610921453,0.049204515,0.027715176347986675
72636,0.165262,-0.0310823,0.0208333,0.421569,-0.220279,-0.000373089,0.475650500680281,-0.219602,0.101435,-0.0629782,0.24996069951942446,0.7200830153255403,0.010609645000000001,0.24654005759713776
72660,0.176079,-0.0385162,0.0208333,0.27467,-0.0182676,-0.00395309,0.27530517799400017,-0.381015,0.0343962,-0.0699026,0.38889831869808844,0.6610942693176822,0.007510785000000001,0.5267608565563694
72684,0.2126,-0.0382971,0.0208333,0.549646,0.00999215,-0.00125126,0.5497382413742108,-0.16469,0.023719,-0.120773,0.20560035162907675,0.7243961579409088,0.02405885,0.366046445140504
72708,0.237336,-0.0370226,0.0208333,0.314612,0.0569638,0.004064,0.31975318786595386,-0.127827,0.0494246,0.200729,0.24305280178422134,0.4842377829978161,0.04104225,0.21000595229659563
72732,0.104336,0.00513022,0.0208333,1.19072,-0.05381,0.00023018,1.1919352698376,1.3208,-0.0320825,0.00279774,1.3211925499923762,0.13190709996282834,1.4098934999999999e-05,0.0
72756,0.257764,-0.0290055,0.0208333,0.155762,0.134588,0.014061,0.2063333276739364,0.3336,0.0503304,0.105114,0.35337099790469506,0.21683253033334274,0.10023270000000001,0.1513350587273154
72780,0.237363,-0.0225389,0.0208333,0.683171,0.210817,0.00147604,0.7149605593486129,0.684228,-0.145196,-0.0091158,0.6995233607318915,0.3561720939273396,0.0445992,0.02678803837536448
72804,0.103246,-0.034548,0.0208333,-0.172849,0.237325,0.00271853,0.2936108356845178,-0.00848987,-0.00506532,-0.0297365,0.03133679612802336,0.29465288021052877,0.0003953535,0.1905350361482108
72828,0.298054,-0.0246738,0.0208333,-0.0475607,-0.128639,-0.113066,0.17774682236678663,0.0670699,-0.212225,-0.22781,0.31848896089348216,0.18246363853754535,0.09029565,0.03662485494851823
72852,0.251895,-0.0212252,0.0208333,0.545172,0.292736,0.00426073,0.6188093641018475,0.701878,-0.0396333,0.0452022,0.7044478435184042,0.36973277645382063,0.05098632,0.031065978175489662
72876,0.127808,-0.0349304,0.0208333,-0.629419,0.00425967,0.00227084,0.6294375100546634,-0.0499852,0.0392349,0.0221882,0.06730686306974944,0.5808300065641947,0.0007529665,0.41685129242932667
72900,0.230045,-0.0219569,0.0208333,0.740729,0.17742,0.000565413,0.7616807911014039,0.644527,-0.13489,0.0223858,0.658871375816737,0.32751868678417384,0.04856490499999999,0.023462459376629722
72924,0.162762,-0.0214733,0.0208333,0.782525,-0.359023,0.000314718,0.8609546963699191,-0.141509,-0.0231025,0.0760838,0.16231841303342637,0.9861147850343654,0.00910223,0.0898472592792902
72948,0.295431,0.00339254,0.0208333,-0.142079,0.322931,-0.0351879,0.35455473668872345,0.0685959,0.593975,-0.0247254,0.5984338255203911,0.34345047289567093,0.06560375,0.014481574500032792
72972,0.257529,-0.0302663,0.0208333,0.113789,0.100209,0.0149309,0.15235718551092364,0.268084,0.0352772,0.0979969,0.2876054664039785,0.18687708803446185,0.1009466,0.15089731607951148
72996,0.228059,-0.0213083,0.0208333,0.75279,0.165264,0.000483709,0.7707173332489653,0.686562,-0.125384,0.0225667,0.6982820227163878,0.2989148145868754,0.04195349499999999,0.023802268799423303
73020,0.160737,-0.0208159,0.0208333,0.792719,-0.37637,0.000321435,0.8775294258208434,0.0373769,-0.0794583,0.0844082,0.12180064991509693,0.8159465850639153,0.01051947,0.07601907655319157
73044,0.297623,-0.0089588,0.0208333,-0.0924279,0.0622088,-0.0974786,0.1480369175368428,0.119476,0.259477,-0.289506,0.4067143372700303,0.3474083014512031,0.0632841,0.014830340522051406
73068,0.298876,-0.0147197,0.0208333,0.0155825,0.0114271,-0.130657,0.1320781759779412,0.144249,0.0672968,-0.328191,0.3647546651822839,0.2422729303003949,0.037230555,0.017706891313835977
73092,0.127511,-0.0192365,0.0208333,0.541566,-0.173366,-0.00199772,0.568641796913662,-0.0678004,0.0183352,0.034806,0.07838706165688314,0.6398681687162117,0.0023671805,0.11338694810250428
73116,0.141085,-0.0329613,0.0208333,-0.333933,-0.0860595,0.00222167,0.34485130396569313,-0.143145,0.0745685,0.0385501,0.1659429493146967,0.2520340654639069,0.0038527825,0.47431845842218706
