cell,x,y,z,T
12,0.145304,-0.0379707,0.0208333,800.241
36,0.145208,-0.0371009,0.0208333,800.233
60,0.185426,-0.0332282,0.0208333,800.166
84,0.296693,0.00331288,0.0208333,799.996
108,0.277042,-0.0333881,0.0208333,802.415
132,0.228235,-0.0382527,0.0208333,800.57
156,0.128807,0.0307335,0.0208333,800.03
180,0.208602,-0.0352868,0.0208333,800.165
204,0.158079,-0.0347657,0.0208333,800.24
228,0.266256,-0.0326058,0.0208333,800.435
252,0.163555,-0.0355416,0.0208333,800.23
276,0.150256,0.000464203,0.0208333,800.004
300,0.242513,-0.0395007,0.0208333,803.18
324,0.202914,-0.03055,0.0208333,800.086
348,0.277863,-0.0375449,0.0208333,802.507
372,0.110891,-0.0276906,0.0208333,800.206
396,0.15093,0.00334498,0.0208333,800.013
420,0.237547,-0.0166334,0.0208333,800.01
444,0.228846,-0.0378651,0.0208333,800.588
468,0.180302,-0.0166059,0.0208333,800.005
492,0.213819,-0.0298638,0.0208333,800.083
516,0.103508,-0.0379953,0.0208333,802.242
540,0.230376,-0.0116481,0.0208333,800.01
564,0.10357,-0.0372795,0.0208333,802.198
588,0.220627,-0.0341082,0.0208333,800.146
612,0.173033,-0.0117028,0.0208333,800.005
636,0.164208,-0.0362611,0.0208333,800.231
660,0.111698,-0.035808,0.0208333,800.298
684,0.159337,-0.0375491,0.0208333,800.163
708,0.293403,0.0029454,0.0208333,800.005
732,0.167153,-0.0383052,0.0208333,800.112
756,0.299779,-0.00430972,0.0208333,801.062
780,0.285456,-0.0354217,0.0208333,802.529
804,0.257525,-0.0378092,0.0208333,802.055
828,0.273112,-0.0390968,0.0208333,803.002
852,0.393445,-3.43071e-05,0.0208333,800.714
876,0.162058,0.0158209,0.0208333,800.023
900,0.00657236,8.21203e-05,0.0208333,799.999
924,0.227686,-0.0129659,0.0208333,800.01
948,0.288125,0.00542793,0.0208333,800.008
972,0.296701,-0.0375621,0.0208333,801.185
996,0.170214,-0.0127943,0.0208333,800.005
1020,0.267275,-0.0317902,0.0208333,800.295
1044,0.178374,-0.0394614,0.0208333,801.427
1068,0.211161,-0.0325784,0.0208333,800.125
1092,0.286303,-0.0347367,0.0208333,802.579
1116,0.289195,-0.0353526,0.0208333,802.123
1140,0.130596,0.0334678,0.0208333,800.031
1164,0.153258,-0.0372522,0.0208333,800.214
1188,0.29973,-0.00725692,0.0208333,801.612
1212,0.100607,-0.00746075,0.0208333,799.938
1236,0.207693,-0.0355151,0.0208333,800.167
1260,0.29243,0.0269648,0.0208333,800.017
1284,0.182891,-0.0348843,0.0208333,800.188
1308,0.290327,0.0290931,0.0208333,800.015
1332,0.224157,0.0311805,0.0208333,800.028
1356,0.107761,-0.0358856,0.0208333,800.548
1380,0.153524,-0.0363368,0.0208333,800.241
1404,0.264291,-0.0311274,0.0208333,800.201
1428,0.118637,-0.0394789,0.0208333,801.803
1452,0.132268,-0.0278647,0.0208333,800.145
1476,0.166495,-0.0379355,0.0208333,800.225
1500,0.181224,-0.0319515,0.0208333,800.155
1524,0.238456,-0.0319689,0.0208333,800.112
1548,0.223123,-0.0394567,0.0208333,802.394
1572,0.129908,-0.0376427,0.0208333,800.163
1596,0.0991255,0.000870588,0.0208333,800.006
1620,0.277332,-0.0381505,0.0208333,802.581
1644,0.210274,-0.0278717,0.0208333,800.036
1668,0.130692,-0.0375732,0.0208333,800.22
1692,0.201605,-0.0299571,0.0208333,800.08
1716,0.191401,-0.0375319,0.0208333,800.16
1740,0.109507,0.0290987,0.0208333,800.03
1764,0.191628,-0.0368587,0.0208333,800.187
1788,0.254791,-0.0182872,0.0208333,800.01
1812,0.197569,-0.0182529,0.0208333,800.005
1836,0.10743,0.0269694,0.0208333,800.026
1860,0.257456,-0.0369852,0.0208333,801.096
1884,0.223519,-0.0348568,0.0208333,800.161
1908,0.147529,-0.0366256,0.0208333,800.224
1932,0.133823,-0.0270229,0.0208333,800.159
1956,0.290755,0.0234336,0.0208333,800.013
1980,0.285927,0.0139769,0.0208333,800.016
2004,0.222322,0.0337467,0.0208333,800.029
2028,0.247648,-0.037889,0.0208333,801.041
2052,0.120881,-0.0301759,0.0208333,800.144
2076,0.138599,-0.0358064,0.0208333,800.243
2100,0.188238,-0.0284356,0.0208333,800.078
2124,0.159936,-0.0381257,0.0208333,800.104
2148,0.114928,-0.0358919,0.0208333,800.243
2172,0.195457,-0.0378456,0.0208333,800.166
2196,0.138654,-0.0367325,0.0208333,800.234
2220,0.256222,-0.0207909,0.0208333,800.024
2244,0.199002,-0.0207595,0.0208333,800.006
2268,0.286368,-0.0230134,0.0208333,801.166
2292,0.124304,-0.0312678,0.0208333,800.155
2316,0.141717,-0.0353047,0.0208333,800.247
2340,0.15838,-0.0376692,0.0208333,800.146
2364,0.17895,-0.019445,0.0208333,800.009
2388,0.236198,-0.0194721,0.0208333,800.009
2412,0.229573,-0.0350335,0.0208333,800.164
2436,0.292851,0.0210238,0.0208333,800.016
2460,0.255153,-0.03821,0.0208333,801.862
2484,0.276448,-0.0342135,0.0208333,802.359
2508,0.177628,-0.0390305,0.0208333,800.876
2532,0.126179,-0.0366706,0.0208333,800.213
2556,0.229033,-0.032901,0.0208333,800.136
2580,0.171798,-0.0329697,0.0208333,800.201
2604,0.146801,-0.0370693,0.0208333,800.226
2628,0.269193,-0.0336271,0.0208333,802.031
2652,0.235112,0.0316164,0.0208333,800.022
2676,0.247401,-0.032654,0.0208333,800.15
2700,0.109207,0.0233701,0.0208333,800.027
2724,0.263776,0.030356,0.0208333,800.013
2748,0.114572,-0.0339734,0.0208333,800.226
2772,0.207255,-0.0330505,0.0208333,800.138
2796,0.255567,-0.0344958,0.0208333,800.257
2820,0.198339,-0.0344906,0.0208333,800.172
2844,0.289603,-0.019327,0.0208333,801.475
2868,0.161684,-0.0350667,0.0208333,800.228
2892,0.292569,-0.0381106,0.0208333,801.558
2916,0.288451,-0.037577,0.0208333,801.871
2940,0.203897,-0.0364614,0.0208333,800.193
2964,0.136084,0.030576,0.0208333,800.028
2988,0.11545,-0.0366929,0.0208333,800.254
3012,0.160954,-0.037809,0.0208333,800.192
3036,0.290265,-0.0336563,0.0208333,802.031
3060,0.283809,-0.0365603,0.0208333,802.29
3084,0.247601,-0.0256535,0.0208333,800.043
3108,0.190438,-0.0257246,0.0208333,800.037
3132,0.131439,-0.0306755,0.0208333,800.156
3156,0.256226,-0.0334434,0.0208333,800.218
3180,0.246225,-0.0236405,0.0208333,800.022
3204,0.125448,-0.0367568,0.0208333,800.196
3228,0.198987,-0.0334518,0.0208333,800.156
3252,0.189019,-0.0236542,0.0208333,800.021
3276,0.107185,0.0210191,0.0208333,800.027
3300,0.115383,-0.0349897,0.0208333,800.23
3324,0.121029,-0.0381812,0.0208333,800.44
3348,0.212138,-0.0318659,0.0208333,800.11
3372,0.288505,-0.0219,0.0208333,801.363
3396,0.260432,0.030432,0.0208333,800.014
3420,0.109075,0.0173301,0.0208333,800.027
3444,0.141911,-0.0230909,0.0208333,800.239
3468,0.166957,0.0249445,0.0208333,800.021
3492,0.123085,-0.0309741,0.0208333,800.148
3516,0.206216,-0.0364987,0.0208333,800.191
3540,0.107562,-0.0368356,0.0208333,800.793
3564,0.10714,0.0149963,0.0208333,800.029
3588,0.268336,-0.034521,0.0208333,801.95
3612,0.171814,-0.0354414,0.0208333,800.215
3636,0.117308,0.0328993,0.0208333,800.03
3660,0.101222,-0.00466687,0.0208333,799.968
3684,0.281294,-0.0352249,0.0208333,802.541
3708,0.2879,-0.0381328,0.0208333,801.968
3732,0.172719,-0.0339166,0.0208333,800.206
3756,0.229947,-0.0339277,0.0208333,800.147
3780,0.166333,-0.0337991,0.0208333,800.215
3804,0.288253,-0.0347046,0.0208333,802.38
3828,0.23372,0.0341371,0.0208333,800.027
3852,0.293399,-0.0344964,0.0208333,801.779
3876,0.392157,-0.00281492,0.0208333,801.235
3900,0.282656,0.0329027,0.0208333,800.008
3924,0.180181,-0.0316036,0.0208333,800.157
3948,0.206843,-0.0369549,0.0208333,800.207
3972,0.237433,-0.0316223,0.0208333,800.113
3996,0.291318,-0.0336066,0.0208333,801.917
4020,0.246406,-0.0328008,0.0208333,800.144
4044,0.160025,0.018476,0.0208333,800.018
4068,0.255885,-0.0377767,0.0208333,801.828
4092,0.159059,-0.0182896,0.0208333,800.066
4116,0.249964,-0.02909,0.0208333,800.089
4140,0.192891,-0.0291247,0.0208333,800.09
4164,0.151819,-0.0340289,0.0208333,800.246
4188,0.120386,-0.0376805,0.0208333,800.445
4212,0.221458,-0.0355916,0.0208333,800.172
4236,0.287862,0.0114887,0.0208333,800.011
4260,0.157449,-0.0354259,0.0208333,800.24
4284,0.241772,-0.0391811,0.0208333,802.804
4308,0.258281,-0.0382689,0.0208333,802.416
4332,0.291861,-0.0376313,0.0208333,801.607
4356,0.255458,-0.0321977,0.0208333,800.148
4380,0.134331,-0.0250293,0.0208333,800.158
4404,0.198221,-0.0322037,0.0208333,800.128
4428,0.200904,-0.0363926,0.0208333,800.186
4452,0.157775,-0.0368967,0.0208333,800.232
4476,0.116918,-0.0366467,0.0208333,800.263
4500,0.0980835,-0.00219865,0.0208333,800.005
4524,0.282,-0.0333818,0.0208333,802.677
4548,0.221565,-0.0344917,0.0208333,800.155
4572,0.115228,-0.0328425,0.0208333,800.224
4596,0.240847,-0.0297966,0.0208333,800.083
4620,0.183527,-0.0298564,0.0208333,800.109
4644,0.258084,-0.0363447,0.0208333,800.868
4668,0.116299,-0.0369904,0.0208333,800.279
4692,0.216884,-0.0345375,0.0208333,800.164
4716,0.139521,0.0305133,0.0208333,800.03
4740,0.240766,-0.0162478,0.0208333,800.01
4764,0.206641,-0.0316503,0.0208333,800.113
4788,0.153852,-0.0379246,0.0208333,800.183
4812,0.231049,-0.0360576,0.0208333,800.224
4836,0.108963,0.0114098,0.0208333,800.015
4860,0.218268,-0.032876,0.0208333,800.131
4884,0.161009,-0.0331288,0.0208333,800.229
4908,0.297249,-0.00277518,0.0208333,800.187
4932,0.183524,-0.0162169,0.0208333,800.005
4956,0.284345,-0.0269933,0.0208333,801.46
4980,0.2718,-0.02323,0.0208333,800.089
5004,0.141087,-0.0358979,0.0208333,800.241
5028,0.109236,-0.0346491,0.0208333,800.274
5052,0.170161,-0.0377651,0.0208333,800.168
5076,0.268787,-0.0322394,0.0208333,800.821
5100,0.229454,-0.0315255,0.0208333,800.102
5124,0.172191,-0.0315101,0.0208333,800.173
5148,0.195513,-0.030597,0.0208333,800.107
5172,0.143527,-0.035244,0.0208333,800.243
5196,0.195979,-0.0318761,0.0208333,800.12
5220,0.252712,-0.0305974,0.0208333,800.117
5244,0.170903,-0.0352852,0.0208333,800.214
5268,0.247566,-0.0210648,0.0208333,800.015
5292,0.119693,-0.0296851,0.0208333,800.136
5316,0.150044,-0.0345584,0.0208333,800.245
5340,0.19033,-0.0210339,0.0208333,800.009
5364,0.162718,-0.0311458,0.0208333,800.215
5388,0.219919,-0.0309765,0.0208333,800.095
5412,0.132098,-0.0360907,0.0208333,800.241
5436,0.170275,-0.0344902,0.0208333,800.213
5460,0.25318,-0.0318786,0.0208333,800.13
5484,0.185086,-0.0322124,0.0208333,800.159
5508,0.107034,0.00921981,0.0208333,800.011
5532,0.00785919,0.00286118,0.0208333,800.001
5556,0.169763,-0.038333,0.0208333,800.044
5580,0.210468,-0.0345291,0.0208333,800.158
5604,0.28595,-0.0267531,0.0208333,801.631
5628,0.270827,-0.0350802,0.0208333,801.82
5652,0.00789732,-0.00274129,0.0208333,799.999
5676,0.162055,-0.0339765,0.0208333,800.229
5700,0.109469,-0.0281786,0.0208333,800.227
5724,0.163956,-0.0322021,0.0208333,800.214
5748,0.220885,-0.0320596,0.0208333,800.113
5772,0.148216,-0.0352988,0.0208333,800.243
5796,0.117886,-0.0391013,0.0208333,801.566
5820,0.227599,-0.0344783,0.0208333,800.153
5844,0.288435,-0.000985116,0.0208333,800.011
5868,0.259769,-0.0392104,0.0208333,804.486
5892,0.217642,-0.0352817,0.0208333,800.168
5916,0.175698,-0.0362993,0.0208333,800.209
5940,0.200273,-0.0355434,0.0208333,800.171
5964,0.169633,-0.0363638,0.0208333,800.214
5988,0.172578,-0.0350138,0.0208333,800.212
6012,0.284334,-0.0370891,0.0208333,802.259
6036,0.257535,-0.035466,0.0208333,800.384
6060,0.149357,-0.0338429,0.0208333,800.243
6084,0.280987,-0.0340845,0.0208333,802.646
6108,0.108801,-0.03565,0.0208333,800.379
6132,0.28481,-0.033144,0.0208333,802.634
6156,0.144728,-0.0336668,0.0208333,800.242
6180,0.232867,-0.0382111,0.0208333,800.64
6204,0.228314,-0.0303946,0.0208333,800.086
6228,0.171049,-0.0303784,0.0208333,800.171
6252,0.108498,-0.0337696,0.0208333,800.256
6276,0.152825,-0.0346387,0.0208333,800.245
6300,0.143215,-0.0206135,0.0208333,800.238
6324,0.152688,-0.035713,0.0208333,800.242
6348,0.269937,-0.0311571,0.0208333,800.501
6372,0.243305,-0.0390457,0.0208333,802.831
6396,0.102454,-0.0354466,0.0208333,801.977
6420,0.189833,-0.0277271,0.0208333,800.064
6444,0.231729,-0.035645,0.0208333,800.187
6468,0.2935,-0.036453,0.0208333,801.585
6492,0.297258,-0.0382311,0.0208333,801.086
6516,0.102809,-0.0383554,0.0208333,802.439
6540,0.293597,-0.0371507,0.0208333,801.585
6564,0.126618,-0.0381353,0.0208333,800.49
6588,0.292525,-0.0351246,0.0208333,801.784
6612,0.107018,-0.0351588,0.0208333,800.459
6636,0.279149,-0.0319547,0.0208333,802.108
6660,0.286122,0.0081257,0.0208333,800.01
6684,0.284096,-0.033952,0.0208333,802.652
6708,0.287333,-0.0352427,0.0208333,802.372
6732,0.220247,-0.0331929,0.0208333,800.136
6756,0.129223,-0.0362212,0.0208333,800.234
6780,0.18648,-0.0279443,0.0208333,800.073
6804,0.243694,-0.02785,0.0208333,800.064
6828,0.147247,-0.0337285,0.0208333,800.243
6852,0.142613,-0.0335282,0.0208333,800.237
6876,0.242713,-0.0261225,0.0208333,800.04
6900,0.213643,-0.0155668,0.0208333,800.008
6924,0.185513,-0.0261544,0.0208333,800.059
6948,0.190998,-0.0361783,0.0208333,800.195
6972,0.126834,-0.037391,0.0208333,800.173
6996,0.223894,-0.0390101,0.0208333,801.672
7020,0.248577,-0.0377366,0.0208333,800.818
7044,0.195877,-0.0384971,0.0208333,800.578
7068,0.230193,-0.0358979,0.0208333,800.211
7092,0.123294,-0.0277805,0.0208333,800.121
7116,0.193829,-0.0305541,0.0208333,800.102
7140,0.204302,-0.030024,0.0208333,800.068
7164,0.250921,-0.0305675,0.0208333,800.112
7188,0.135906,-0.0355149,0.0208333,800.243
7212,0.392134,0.00278821,0.0208333,800.274
7236,0.201463,-0.0382201,0.0208333,800.319
7260,0.179706,-0.0302199,0.0208333,800.141
7284,0.236958,-0.0302406,0.0208333,800.093
7308,0.165053,0.0275817,0.0208333,800.025
7332,0.112203,-0.0351487,0.0208333,800.235
7356,0.182444,-0.0283839,0.0208333,800.107
7380,0.239684,-0.0283965,0.0208333,800.066
7404,0.28709,-0.0328619,0.0208333,802.351
7428,0.11319,-0.0351775,0.0208333,800.243
7452,0.10553,-0.0295205,0.0208333,800.244
7476,0.292135,-0.0327722,0.0208333,801.874
7500,0.209886,-0.0321843,0.0208333,800.112
7524,0.114434,-0.0316473,0.0208333,800.223
7548,0.198649,-0.0354277,0.0208333,800.171
7572,0.116672,-0.0299269,0.0208333,800.174
7596,0.162428,-0.0357775,0.0208333,800.229
7620,0.255917,-0.0354246,0.0208333,800.34
7644,0.200784,-0.0345967,0.0208333,800.157
7668,0.272358,-0.0395142,0.0208333,803.769
7692,0.258002,-0.034595,0.0208333,800.316
7716,0.27003,-0.0224145,0.0208333,800.085
7740,0.289401,-0.032877,0.0208333,802.088
7764,0.174232,-0.03555,0.0208333,800.214
7788,0.217605,-0.0377519,0.0208333,800.326
7812,0.207702,-0.0303759,0.0208333,800.09
7836,0.250455,-0.0390135,0.0208333,802.998
7860,0.273211,-0.0383247,0.0208333,802.214
7884,0.119152,-0.0280959,0.0208333,800.132
7908,0.251987,-0.0182839,0.0208333,800.012
7932,0.153296,-0.0321062,0.0208333,800.246
7956,0.194758,-0.0182504,0.0208333,800.005
7980,0.161499,-0.0384054,0.0208333,800.123
8004,0.282436,-0.01963,0.0208333,800.351
8028,0.139538,-0.0353578,0.0208333,800.242
8052,0.280439,-0.0312734,0.0208333,802.279
8076,0.292155,-0.0239826,0.0208333,801.943
8100,0.160002,0.0359185,0.0208333,800.03
8124,0.199395,-0.0357931,0.0208333,800.173
8148,0.259824,-0.0384785,0.0208333,803.208
8172,0.22059,-0.0360524,0.0208333,800.19
8196,0.251157,-0.039027,0.0208333,803.112
8220,0.26862,-0.0355552,0.0208333,802.878
8244,0.102605,-0.0347435,0.0208333,801.714
8268,0.286094,-0.033586,0.0208333,802.534
8292,0.157292,0.0359791,0.0208333,800.03
8316,0.256701,-0.035707,0.0208333,800.449
8340,0.180098,-0.0216356,0.0208333,800.015
8364,0.237345,-0.021662,0.0208333,800.009
8388,0.260127,-0.0300413,0.0208333,800.125
8412,0.294409,-0.018062,0.0208333,801.886
8436,0.270184,-0.0358676,0.0208333,802.312
8460,0.258887,-0.0296967,0.0208333,800.13
8484,0.190022,-0.0363379,0.0208333,800.194
8508,0.225537,-0.0330672,0.0208333,800.128
8532,0.222742,-0.034009,0.0208333,800.148
8556,0.250944,-0.0273763,0.0208333,800.072
8580,0.19377,-0.0274286,0.0208333,800.056
8604,0.148262,-0.0342768,0.0208333,800.242
8628,0.143591,-0.0341444,0.0208333,800.242
8652,0.216395,-0.0364615,0.0208333,800.176
8676,0.183249,-0.03573,0.0208333,800.192
8700,0.158076,-0.0362284,0.0208333,800.243
8724,0.137681,-0.0353325,0.0208333,800.241
8748,0.176047,-0.0370611,0.0208333,800.209
8772,0.169464,-0.037112,0.0208333,800.234
8796,0.235602,-0.0137108,0.0208333,800.01
8820,0.231617,-0.0297689,0.0208333,800.076
8844,0.174358,-0.0297482,0.0208333,800.145
8868,0.294348,-0.0349844,0.0208333,801.579
8892,0.223021,-0.0301405,0.0208333,800.077
8916,0.165816,-0.0301905,0.0208333,800.19
8940,0.210712,-0.0296631,0.0208333,800.081
8964,0.222376,-0.0390258,0.0208333,801.64
8988,0.178357,-0.0136806,0.0208333,800.005
9012,0.196496,-0.0292204,0.0208333,800.077
9036,0.25371,-0.029224,0.0208333,800.105
9060,0.117636,-0.0311655,0.0208333,800.174
9084,0.256208,-0.0308826,0.0208333,800.14
9108,0.198964,-0.0308979,0.0208333,800.099
9132,0.157926,-0.0383331,0.0208333,800.39
9156,0.164702,-0.0289241,0.0208333,800.19
9180,0.222021,-0.0289098,0.0208333,800.055
9204,0.129306,-0.0254359,0.0208333,800.131
9228,0.145481,-0.0343603,0.0208333,800.241
9252,0.271286,-0.0145969,0.0208333,800.019
9276,0.13291,-0.0231284,0.0208333,800.161
9300,0.211639,-0.0265764,0.0208333,800.029
9324,0.269294,-0.0359923,0.0208333,802.803
9348,0.150967,-0.0346394,0.0208333,800.246
9372,0.292616,-0.0361296,0.0208333,801.759
9396,0.275808,-0.0297829,0.0208333,801.279
9420,0.119922,0.0313157,0.0208333,800.031
9444,0.170514,-0.0361947,0.0208333,800.215
9468,0.287708,-0.016611,0.0208333,800.692
9492,0.294358,-0.035936,0.0208333,801.558
9516,0.141588,-0.0341911,0.0208333,800.242
9540,0.216824,0.0307925,0.0208333,800.028
9564,0.280541,-0.0358413,0.0208333,802.522
9588,0.293252,-0.0258348,0.0208333,801.996
9612,0.125474,-0.0305417,0.0208333,800.136
9636,0.119384,-0.039048,0.0208333,801.496
9660,0.131589,-0.0355902,0.0208333,800.24
9684,0.29158,0.00624515,0.0208333,800.007
9708,0.276613,-0.0323517,0.0208333,801.546
9732,0.203428,-0.0370977,0.0208333,800.205
9756,0.299066,-0.0284878,0.0208333,800.574
9780,0.136964,-0.0206773,0.0208333,800.237
9804,0.126662,-0.0359584,0.0208333,800.24
9828,0.156444,-0.0378234,0.0208333,800.236
9852,0.157872,-0.0340016,0.0208333,800.239
9876,0.264968,-0.0300713,0.0208333,800.165
9900,0.133713,-0.0356894,0.0208333,800.242
9924,0.168892,-0.0356604,0.0208333,800.215
9948,0.196755,-0.0354051,0.0208333,800.181
9972,0.113814,-0.0359081,0.0208333,800.239
9996,0.253978,-0.0353967,0.0208333,800.306
10020,0.288219,-0.0334745,0.0208333,802.274
10044,0.248881,-0.0368506,0.0208333,800.553
10068,0.293335,-0.0332872,0.0208333,801.744
10092,0.110104,-0.0322042,0.0208333,800.224
10116,0.154202,-0.0330289,0.0208333,800.245
10140,0.232603,-0.0143589,0.0208333,800.01
10164,0.213191,-0.0326014,0.0208333,800.12
10188,0.162916,-0.0379551,0.0208333,800.188
10212,0.175255,-0.0144243,0.0208333,800.005
10236,0.247339,-0.0385919,0.0208333,801.416
10260,0.162366,-0.0384345,0.0208333,800.341
10284,0.173474,-0.0282958,0.0208333,800.136
10308,0.230733,-0.0283171,0.0208333,800.047
10332,0.214329,-0.0285502,0.0208333,800.057
10356,0.282249,-0.0356084,0.0208333,802.528
10380,0.279763,0.0313934,0.0208333,800.0
10404,0.267779,-0.0291884,0.0208333,800.173
10428,0.266715,-0.0303214,0.0208333,800.214
10452,0.113984,-0.0170434,0.0208333,800.227
10476,0.229741,-0.0367439,0.0208333,800.273
10500,0.246012,-0.0185182,0.0208333,800.009
10524,0.143129,-0.0384596,0.0208333,800.273
10548,0.143775,-0.0380211,0.0208333,800.255
10572,0.154478,-0.036008,0.0208333,800.237
10596,0.188774,-0.0184854,0.0208333,800.005
10620,0.18109,-0.033907,0.0208333,800.177
10644,0.283015,-0.0262215,0.0208333,801.379
10668,0.160686,-0.0353563,0.0208333,800.241
10692,0.123872,-0.0365515,0.0208333,800.21
10716,0.18835,-0.0357995,0.0208333,800.188
10740,0.256743,-0.0154556,0.0208333,800.009
10764,0.215629,-0.0358656,0.0208333,800.178
10788,0.18263,-0.0364734,0.0208333,800.201
10812,0.24734,-0.0303103,0.0208333,800.099
10836,0.156349,-0.0202894,0.0208333,800.142
10860,0.124912,-0.0277567,0.0208333,800.123
10884,0.189359,-0.0356088,0.0208333,800.183
10908,0.287444,-0.0362715,0.0208333,802.186
10932,0.199495,-0.0154059,0.0208333,800.006
10956,0.283792,-0.0223513,0.0208333,800.864
10980,0.273187,-0.0116141,0.0208333,800.017
11004,0.28911,-0.0363074,0.0208333,802.095
11028,0.144371,-0.0357419,0.0208333,800.244
11052,0.202408,-0.0355435,0.0208333,800.17
11076,0.17457,-0.0345719,0.0208333,800.208
11100,0.231881,-0.0346806,0.0208333,800.165
11124,0.151933,-0.0327227,0.0208333,800.246
11148,0.142677,-0.0357413,0.0208333,800.247
11172,0.259594,-0.0355533,0.0208333,800.64
11196,0.243754,-0.0335464,0.0208333,800.155
11220,0.183572,-0.0340516,0.0208333,800.176
11244,0.130033,-0.0357218,0.0208333,800.24
11268,0.15459,-0.0378449,0.0208333,800.227
11292,0.187114,-0.0368579,0.0208333,800.206
11316,0.222189,-0.036142,0.0208333,800.191
11340,0.187683,-0.0350978,0.0208333,800.177
11364,0.166824,0.0309862,0.0208333,800.027
11388,0.266782,-0.0354259,0.0208333,802.511
11412,0.215796,-0.0348988,0.0208333,800.165
11436,0.108696,0.00550196,0.0208333,800.002
11460,0.172486,-0.0368147,0.0208333,800.215
11484,0.137094,-0.0367865,0.0208333,800.234
11508,0.159854,-0.026568,0.0208333,800.186
11532,0.281886,-0.0319909,0.0208333,802.529
11556,0.217091,-0.0333603,0.0208333,800.133
11580,0.122313,-0.0259457,0.0208333,800.121
11604,0.193259,-0.0319038,0.0208333,800.131
11628,0.25036,-0.0319248,0.0208333,800.132
11652,0.267271,-0.0361875,0.0208333,802.92
11676,0.262284,-0.0284479,0.0208333,800.12
11700,0.205051,-0.0285779,0.0208333,800.052
11724,0.218142,-0.0383478,0.0208333,800.521
11748,0.228494,-0.0352,0.0208333,800.174
11772,0.227765,-0.0332851,0.0208333,800.133
11796,0.170569,-0.0333049,0.0208333,800.206
11820,0.233661,-0.0378327,0.0208333,800.521
11844,0.1283,-0.0357732,0.0208333,800.24
11868,0.1612,-0.0317133,0.0208333,800.228
11892,0.218502,-0.0314528,0.0208333,800.102
11916,0.265554,-0.0382193,0.0208333,804.461
11940,0.163271,-0.0257993,0.0208333,800.152
11964,0.109269,-0.0389937,0.0208333,802.174
11988,0.276306,-0.0357848,0.0208333,802.484
12012,0.159142,-0.0156399,0.0208333,800.027
12036,0.206445,-0.0339522,0.0208333,800.152
12060,0.270514,-0.0339649,0.0208333,801.945
12084,0.216195,-0.0372057,0.0208333,800.173
12108,0.10859,-0.0390203,0.0208333,802.148
12132,0.122132,-0.0366363,0.0208333,800.213
12156,0.271498,-0.036849,0.0208333,802.009
12180,0.213462,0.0308137,0.0208333,800.025
12204,0.286489,0.0019248,0.0208333,800.007
12228,0.136902,-0.0358715,0.0208333,800.243
12252,0.134364,0.0333978,0.0208333,800.032
12276,0.197235,-0.0362218,0.0208333,800.175
12300,0.202195,-0.0378731,0.0208333,800.283
12324,0.204819,-0.0363589,0.0208333,800.181
12348,0.22678,-0.0349142,0.0208333,800.166
12372,0.254517,-0.0362781,0.0208333,800.536
12396,0.21732,-0.0362389,0.0208333,800.169
12420,0.291894,-0.000781741,0.0208333,800.0
12444,0.291102,-0.0381796,0.0208333,801.681
12468,0.224224,-0.0299998,0.0208333,800.075
12492,0.176164,-0.0353858,0.0208333,800.207
12516,0.206865,-0.0350203,0.0208333,800.162
12540,0.233539,-0.0353224,0.0208333,800.198
12564,0.169144,-0.0346962,0.0208333,800.215
12588,0.130374,-0.0273292,0.0208333,800.127
12612,0.160504,-0.0363239,0.0208333,800.238
12636,0.171899,-0.0364149,0.0208333,800.215
12660,0.233196,-0.0362597,0.0208333,800.245
12684,0.156947,-0.0384095,0.0208333,800.241
12708,0.111317,-0.0160149,0.0208333,800.24
12732,0.228282,-0.036261,0.0208333,800.204
12756,0.112639,-0.0336491,0.0208333,800.225
12780,0.286596,-0.036737,0.0208333,802.227
12804,0.162965,-0.0294458,0.0208333,800.2
12828,0.220309,-0.0293828,0.0208333,800.066
12852,0.10692,-0.0290172,0.0208333,800.232
12876,0.267363,-0.0376847,0.0208333,801.492
12900,0.13533,-0.0361499,0.0208333,800.24
12924,0.124745,-0.0361288,0.0208333,800.2
12948,0.271934,-0.0352828,0.0208333,801.548
12972,0.144358,-0.0366838,0.0208333,800.225
12996,0.167006,-0.0300019,0.0208333,800.187
13020,0.117085,-0.0358184,0.0208333,800.234
13044,0.16123,-0.0369235,0.0208333,800.237
13068,0.214697,-0.0361862,0.0208333,800.176
13092,0.208848,-0.0345536,0.0208333,800.161
13116,0.179156,-0.0390353,0.0208333,800.964
13140,0.277461,-0.0301661,0.0208333,801.341
13164,0.200469,-0.0371359,0.0208333,800.198
13188,0.174788,-0.0363432,0.0208333,800.209
13212,0.265705,0.0329532,0.0208333,800.006
13236,0.252389,-0.0383464,0.0208333,801.798
13260,0.272186,-0.0361948,0.0208333,802.032
13284,0.198165,-0.0228017,0.0208333,800.009
13308,0.25539,-0.0228468,0.0208333,800.03
13332,0.15201,-0.038291,0.0208333,800.363
13356,0.276578,-0.0365555,0.0208333,802.475
13380,0.170388,0.031401,0.0208333,800.029
13404,0.111296,-0.0260998,0.0208333,800.206
13428,0.248248,-0.0361637,0.0208333,800.339
13452,0.163868,-0.0348134,0.0208333,800.231
13476,0.117602,-0.0382863,0.0208333,800.723
13500,0.271266,-0.0317668,0.0208333,801.097
13524,0.107319,-0.0340437,0.0208333,800.323
13548,0.201891,-0.0363594,0.0208333,800.18
13572,0.164383,-0.0377308,0.0208333,800.258
13596,0.113493,-0.034145,0.0208333,800.229
13620,0.109403,-0.0364123,0.0208333,800.479
13644,0.15251,-0.0387501,0.0208333,800.469
13668,0.122974,-0.0361378,0.0208333,800.212
13692,0.258996,-0.0364063,0.0208333,800.841
13716,0.162155,-0.0366666,0.0208333,800.228
13740,0.118038,-0.0377066,0.0208333,800.338
13764,0.166384,-0.032668,0.0208333,800.215
13788,0.105983,-0.0354177,0.0208333,800.698
13812,0.177881,-0.0324151,0.0208333,800.168
13836,0.235141,-0.0324314,0.0208333,800.118
13860,0.106708,0.0034911,0.0208333,799.998
13884,0.132893,-0.0361679,0.0208333,800.239
13908,0.213892,-0.0356338,0.0208333,800.176
13932,0.156154,-0.0363415,0.0208333,800.237
13956,0.181814,-0.0365044,0.0208333,800.201
13980,0.105667,-0.0363486,0.0208333,801.167
14004,0.293678,-0.0289416,0.0208333,801.889
14028,0.215312,-0.0374898,0.0208333,800.236
14052,0.130273,-0.030202,0.0208333,800.144
14076,0.175764,-0.0298356,0.0208333,800.147
14100,0.23302,-0.0298559,0.0208333,800.075
14124,0.274797,-0.0308604,0.0208333,801.219
14148,0.186454,-0.0361851,0.0208333,800.195
14172,0.127683,-0.0315001,0.0208333,800.158
14196,0.240488,-0.0312405,0.0208333,800.112
14220,0.283053,-0.0340472,0.0208333,802.671
14244,0.282292,-0.0365503,0.0208333,802.332
14268,0.246646,-0.0356436,0.0208333,800.263
14292,0.121272,-0.0362248,0.0208333,800.21
14316,0.154662,-0.0350006,0.0208333,800.239
14340,0.293212,-0.037803,0.0208333,801.5
14364,0.24435,-0.0377753,0.0208333,800.706
14388,0.118525,-0.0350989,0.0208333,800.232
14412,0.151807,-0.036101,0.0208333,800.246
14436,0.270603,-0.0367245,0.0208333,801.845
14460,0.243761,-0.023898,0.0208333,800.025
14484,0.186557,-0.0239189,0.0208333,800.027
14508,0.205395,-0.0369047,0.0208333,800.207
14532,0.215338,-0.0382152,0.0208333,800.613
14556,0.286646,-0.0374565,0.0208333,802.026
14580,0.143046,-0.0249006,0.0208333,800.242
14604,0.210585,-0.0147067,0.0208333,800.007
14628,0.17153,-0.0286764,0.0208333,800.142
14652,0.228793,-0.0286964,0.0208333,800.058
14676,0.246847,-0.0273409,0.0208333,800.065
14700,0.185973,-0.0310212,0.0208333,800.131
14724,0.141651,-0.0179378,0.0208333,800.239
14748,0.108838,-0.0325515,0.0208333,800.24
14772,0.237948,-0.0378821,0.0208333,800.741
14796,0.160484,0.0127353,0.0208333,800.023
14820,0.129228,-0.0370267,0.0208333,800.164
14844,0.165472,-0.0344696,0.0208333,800.215
14868,0.269488,-0.0295749,0.0208333,800.275
14892,0.15683,0.0121435,0.0208333,800.024
14916,0.290868,-0.028612,0.0208333,802.087
14940,0.264129,-0.0391845,0.0208333,803.666
14964,0.295891,-0.0376442,0.0208333,801.205
14988,0.13641,-0.0372481,0.0208333,800.228
15012,0.284058,-0.016752,0.0208333,800.178
15036,0.193883,-0.0356596,0.0208333,800.18
15060,0.14279,-0.0367108,0.0208333,800.229
15084,0.200224,-0.0335237,0.0208333,800.158
15108,0.257456,-0.0335092,0.0208333,800.212
15132,0.251103,-0.0356992,0.0208333,800.313
15156,0.252641,-0.0364021,0.0208333,800.429
15180,0.194462,-0.0363758,0.0208333,800.18
15204,0.165201,-0.0362228,0.0208333,800.231
15228,0.186724,-0.0353238,0.0208333,800.181
15252,0.116651,-0.0383528,0.0208333,800.689
15276,0.148014,-0.0178716,0.0208333,800.15
15300,0.163894,-0.0334151,0.0208333,800.212
15324,0.271859,-0.037694,0.0208333,802.02
15348,0.192911,0.0361998,0.0208333,800.03
15372,0.17743,-0.0313389,0.0208333,800.156
15396,0.234686,-0.0313585,0.0208333,800.103
15420,0.183116,-0.031267,0.0208333,800.155
15444,0.225297,-0.0341269,0.0208333,800.153
15468,0.2473,-0.0363524,0.0208333,800.395
15492,0.116191,-0.0378647,0.0208333,800.685
15516,0.183264,-0.0262945,0.0208333,800.063
15540,0.240497,-0.0263011,0.0208333,800.041
15564,0.197229,-0.0344531,0.0208333,800.17
15588,0.237808,-0.0286544,0.0208333,800.068
15612,0.180559,-0.0286341,0.0208333,800.106
15636,0.254457,-0.0344608,0.0208333,800.251
15660,0.21458,-0.0370662,0.0208333,800.209
15684,0.18805,-0.0366982,0.0208333,800.201
15708,0.156483,-0.0354613,0.0208333,800.24
15732,0.214749,-0.0309625,0.0208333,800.091
15756,0.112843,-0.0317314,0.0208333,800.224
15780,0.115101,-0.0301528,0.0208333,800.182
15804,0.209365,-0.0307623,0.0208333,800.088
15828,0.159823,-0.0336014,0.0208333,800.239
15852,0.195928,-0.0370588,0.0208333,800.176
15876,0.211059,-0.0371647,0.0208333,800.213
15900,0.117326,-0.0281902,0.0208333,800.14
15924,0.195625,0.036253,0.0208333,800.03
15948,0.176731,-0.0372164,0.0208333,800.207
15972,0.2093,-0.0330972,0.0208333,800.14
15996,0.251697,-0.036521,0.0208333,800.492
16020,0.164731,0.0333365,0.0208333,800.029
16044,0.215829,-0.0139671,0.0208333,800.009
16068,0.12732,-0.017504,0.0208333,800.238
16092,0.116709,-0.0101943,0.0208333,800.261
16116,0.148182,-0.0273987,0.0208333,800.244
16140,0.262511,-0.0358586,0.0208333,801.206
16164,0.195395,-0.0363077,0.0208333,800.183
16188,0.297169,-0.0367704,0.0208333,801.098
16212,0.249892,-0.0255141,0.0208333,800.042
16236,0.192709,-0.025553,0.0208333,800.027
16260,0.157054,-0.0226398,0.0208333,800.145
16284,0.294858,-0.0155635,0.0208333,801.934
16308,0.201931,-0.0346299,0.0208333,800.158
16332,0.259149,-0.0346208,0.0208333,800.308
16356,0.108298,-0.0374646,0.0208333,801.04
16380,0.19726,-0.0378235,0.0208333,800.284
16404,0.266157,-0.037817,0.0208333,803.265
16428,0.183108,-0.0370978,0.0208333,800.215
16452,0.279439,-0.0194873,0.0208333,800.106
16476,0.21851,0.0335023,0.0208333,800.029
16500,0.286935,-0.0254397,0.0208333,801.718
16524,0.264189,-0.0286008,0.0208333,800.133
16548,0.206973,-0.0286846,0.0208333,800.047
16572,0.177708,-0.0360824,0.0208333,800.211
16596,0.276634,-0.0114072,0.0208333,800.016
16620,0.118009,-0.0358063,0.0208333,800.232
16644,0.132529,-0.0297694,0.0208333,800.151
16668,0.127578,-0.0362524,0.0208333,800.232
16692,0.235035,-0.0359674,0.0208333,800.242
16716,0.120125,-0.0261891,0.0208333,800.129
16740,0.165144,-0.0377577,0.0208333,800.261
16764,0.245709,-0.035847,0.0208333,800.3
16788,0.141673,-0.0384054,0.0208333,800.249
16812,0.261929,-0.0366068,0.0208333,801.612
16836,0.255477,-0.0124318,0.0208333,800.009
16860,0.219048,-0.0335329,0.0208333,800.135
16884,0.21733,-0.0288935,0.0208333,800.057
16908,0.213834,-0.0386096,0.0208333,800.778
16932,0.282149,-0.0383541,0.0208333,802.395
16956,0.158778,-0.0332569,0.0208333,800.241
16980,0.19822,-0.0123799,0.0208333,800.007
17004,0.280691,-0.0367357,0.0208333,802.403
17028,0.104048,-0.0358267,0.0208333,801.525
17052,0.169685,-0.030951,0.0208333,800.175
17076,0.113558,-0.0367936,0.0208333,800.328
17100,0.13219,-0.0379694,0.0208333,800.246
17124,0.170954,-0.0376164,0.0208333,800.188
17148,0.1165,-0.0350132,0.0208333,800.229
17172,0.147441,-0.0357314,0.0208333,800.247
17196,0.295267,-0.0363283,0.0208333,801.356
17220,0.104707,-0.0364657,0.0208333,801.449
17244,0.203411,-0.0356359,0.0208333,800.166
17268,0.245448,-0.0367234,0.0208333,800.391
17292,0.278366,-0.023605,0.0208333,800.256
17316,0.260597,-0.0356428,0.0208333,800.685
17340,0.156086,0.00926968,0.0208333,800.021
17364,0.12546,0.0307164,0.0208333,800.03
17388,0.135111,-0.0298745,0.0208333,800.162
17412,0.195791,-0.0354682,0.0208333,800.181
17436,0.253019,-0.0354616,0.0208333,800.329
17460,0.211689,-0.036781,0.0208333,800.214
17484,0.243898,-0.0362851,0.0208333,800.304
17508,0.164909,-0.0139296,0.0208333,800.011
17532,0.146144,-0.0204949,0.0208333,800.243
17556,0.25301,-0.0379247,0.0208333,801.562
17580,0.192924,-0.0357981,0.0208333,800.178
17604,0.248031,-0.0317253,0.0208333,800.116
17628,0.192592,-0.0366575,0.0208333,800.18
17652,0.29017,-0.0240777,0.0208333,801.903
17676,0.266944,-0.0382581,0.0208333,801.567
17700,0.2529,-0.0274805,0.0208333,800.071
17724,0.19569,-0.0274814,0.0208333,800.047
17748,0.151693,-0.036985,0.0208333,800.215
17772,0.250146,-0.0358377,0.0208333,800.351
17796,0.249813,-0.0366997,0.0208333,800.468
17820,0.248159,-0.0289151,0.0208333,800.089
17844,0.198266,-0.0293607,0.0208333,800.079
17868,0.255496,-0.0293605,0.0208333,800.105
17892,0.21306,-0.0360095,0.0208333,800.172
17916,0.247322,-0.0155786,0.0208333,800.009
17940,0.122315,-0.0296135,0.0208333,800.129
17964,0.162118,-0.0135217,0.0208333,800.011
17988,0.298465,-0.0298623,0.0208333,800.771
18012,0.12692,-0.0254213,0.0208333,800.129
18036,0.190085,-0.015543,0.0208333,800.005
18060,0.226959,-0.0309699,0.0208333,800.087
18084,0.185313,-0.0295571,0.0208333,800.107
18108,0.24264,-0.0294286,0.0208333,800.078
18132,0.29183,-0.0366799,0.0208333,801.736
18156,0.130414,-0.0232789,0.0208333,800.16
18180,0.205163,-0.0314051,0.0208333,800.109
18204,0.118052,-0.0202489,0.0208333,800.163
18228,0.213462,-0.0380438,0.0208333,800.258
18252,0.23929,-0.0369332,0.0208333,800.359
18276,0.278678,-0.0376694,0.0208333,802.514
18300,0.139547,-0.0342791,0.0208333,800.239
18324,0.204499,-0.03338,0.0208333,800.147
18348,0.273829,-0.0357831,0.0208333,802.202
18372,0.134117,-0.020599,0.0208333,800.238
18396,0.292512,-0.0277823,0.0208333,802.059
18420,0.260989,-0.0365234,0.0208333,801.368
18444,0.147026,-0.0282393,0.0208333,800.241
18468,0.246089,-0.0373592,0.0208333,800.681
18492,0.208432,-0.0334425,0.0208333,800.138
18516,0.240277,-0.0343664,0.0208333,800.169
18540,0.143976,-0.00763414,0.0208333,800.018
18564,0.244559,-0.0369189,0.0208333,800.474
18588,0.122916,-0.0351829,0.0208333,800.231
18612,0.132411,-0.00766552,0.0208333,800.055
18636,0.260422,-0.0372067,0.0208333,801.799
18660,0.131752,-0.0346837,0.0208333,800.232
18684,0.129966,-0.034708,0.0208333,800.237
18708,0.25167,-0.0381588,0.0208333,801.677
18732,0.290025,-0.0349018,0.0208333,802.099
18756,0.121215,-0.0352833,0.0208333,800.23
18780,0.196803,-0.0370361,0.0208333,800.163
18804,0.240618,-0.038532,0.0208333,801.443
18828,0.209716,-0.0342084,0.0208333,800.154
18852,0.133713,-0.0346629,0.0208333,800.234
18876,0.124686,-0.0351603,0.0208333,800.239
18900,0.128221,-0.0348158,0.0208333,800.235
18924,0.250375,-0.0374251,0.0208333,800.786
18948,0.128545,-0.0381907,0.0208333,800.411
18972,0.137584,-0.0343045,0.0208333,800.233
18996,0.135699,-0.0344712,0.0208333,800.233
19020,0.2199,-0.0356216,0.0208333,800.175
19044,0.126464,-0.0350244,0.0208333,800.236
19068,0.173507,-0.0385724,0.0208333,800.425
19092,0.125137,-0.0376943,0.0208333,800.342
19116,0.110942,-0.0329706,0.0208333,800.225
19140,0.237242,-0.0383264,0.0208333,800.739
19164,0.255922,-0.0369449,0.0208333,800.95
19188,0.118427,-0.0127514,0.0208333,800.253
19212,0.165551,-0.0369949,0.0208333,800.23
19236,0.267193,-0.034441,0.0208333,801.615
19260,0.20617,-0.035607,0.0208333,800.175
19284,0.278987,-0.0362381,0.0208333,802.512
19308,0.147286,-0.0226929,0.0208333,800.242
19332,0.222932,-0.0141368,0.0208333,800.009
19356,0.263698,-0.0368345,0.0208333,802.523
19380,0.218975,-0.0281785,0.0208333,800.042
19404,0.173867,-0.0336377,0.0208333,800.193
19428,0.263401,-0.0359965,0.0208333,801.488
19452,0.231121,-0.0337445,0.0208333,800.142
19476,0.146621,-0.0147355,0.0208333,800.125
19500,0.139441,-0.0371569,0.0208333,800.227
19524,0.138514,-0.0180837,0.0208333,800.236
19548,0.174397,-0.0371696,0.0208333,800.196
19572,0.239498,-0.0317733,0.0208333,800.111
19596,0.296815,-0.0360796,0.0208333,801.132
19620,0.137875,-0.0228009,0.0208333,800.235
19644,0.228909,-0.0369405,0.0208333,800.283
19668,0.259433,-0.037179,0.0208333,801.482
19692,0.285638,-0.0363933,0.0208333,802.291
19716,0.108108,-0.0382592,0.0208333,802.055
19740,0.109099,-0.0372769,0.0208333,800.871
19764,0.128378,-0.0374329,0.0208333,800.193
19788,0.112227,-0.0327785,0.0208333,800.226
19812,0.247004,-0.0371916,0.0208333,800.538
19836,0.243438,-0.0380952,0.0208333,800.919
19860,0.129487,-0.0383804,0.0208333,800.589
19884,0.151112,-0.0384935,0.0208333,800.296
19908,0.142319,-0.0380132,0.0208333,800.273
19932,0.15888,-0.0253996,0.0208333,800.189
19956,0.149559,-0.0325934,0.0208333,800.241
19980,0.237952,-0.0370972,0.0208333,800.391
20004,0.233832,-0.0369573,0.0208333,800.344
20028,0.238665,-0.0366213,0.0208333,800.324
20052,0.127651,-0.0371066,0.0208333,800.203
20076,0.254407,-0.0378565,0.0208333,801.691
20100,0.179188,-0.0366376,0.0208333,800.201
20124,0.163871,-0.0383166,0.0208333,800.181
20148,0.236523,-0.0366498,0.0208333,800.321
20172,0.260634,-0.0380155,0.0208333,802.957
20196,0.202425,-0.0370881,0.0208333,800.218
20220,0.289198,-0.0133807,0.0208333,800.422
20244,0.261474,-0.0296506,0.0208333,800.14
20268,0.177516,-0.0382306,0.0208333,800.149
20292,0.223687,-0.0365946,0.0208333,800.22
20316,0.220483,-0.0135289,0.0208333,800.009
20340,0.167757,-0.0379104,0.0208333,800.159
20364,0.241538,-0.0384706,0.0208333,801.042
20388,0.245307,-0.0280362,0.0208333,800.063
20412,0.274714,-0.0361197,0.0208333,802.352
20436,0.288279,-0.0366882,0.0208333,802.04
20460,0.173215,-0.0379496,0.0208333,800.153
20484,0.153601,-0.0145579,0.0208333,800.036
20508,0.147236,-0.0324788,0.0208333,800.239
20532,0.118064,-0.0342446,0.0208333,800.228
20556,0.267879,-0.0144387,0.0208333,800.014
20580,0.251303,-0.0373848,0.0208333,800.629
20604,0.142627,-0.0322687,0.0208333,800.234
20628,0.292373,-0.0194396,0.0208333,801.657
20652,0.122194,-0.0373477,0.0208333,800.224
20676,0.144895,-0.0324107,0.0208333,800.24
20700,0.141846,-0.00915582,0.0208333,800.025
20724,0.177418,0.031612,0.0208333,800.024
20748,0.163111,-0.033959,0.0208333,800.228
20772,0.284522,-0.031806,0.0208333,802.444
20796,0.104326,-0.0317575,0.0208333,800.382
20820,0.273104,-0.036392,0.0208333,802.161
20844,0.238209,-0.0339659,0.0208333,800.146
20868,0.104047,-0.0288507,0.0208333,800.367
20892,0.156819,-0.0369744,0.0208333,800.231
20916,0.24024,-0.0379662,0.0208333,800.594
20940,0.174831,-0.0379153,0.0208333,800.207
20964,0.232916,-0.0344832,0.0208333,800.154
20988,0.175592,-0.0344516,0.0208333,800.208
21012,0.185569,-0.0363468,0.0208333,800.197
21036,0.243424,-0.0308454,0.0208333,800.106
21060,0.227911,0.0315857,0.0208333,800.026
21084,0.223072,-0.03589,0.0208333,800.176
21108,0.185505,-0.018877,0.0208333,800.005
21132,0.242746,-0.0189073,0.0208333,800.01
21156,0.298463,0.000575019,0.0208333,800.052
21180,0.186877,-0.0375187,0.0208333,800.214
21204,0.264071,-0.038407,0.0208333,804.415
21228,0.286984,-0.0315156,0.0208333,802.241
21252,0.240326,-0.0334176,0.0208333,800.142
21276,0.289489,-0.0313912,0.0208333,802.13
21300,0.292021,-0.0313307,0.0208333,802.025
21324,0.140252,-0.0359129,0.0208333,800.247
21348,0.177148,-0.0352994,0.0208333,800.209
21372,0.234474,-0.03522,0.0208333,800.187
21396,0.28207,-0.0137806,0.0208333,800.066
21420,0.155234,-0.0366301,0.0208333,800.237
21444,0.266181,-0.0169567,0.0208333,800.02
21468,0.225237,-0.0115071,0.0208333,800.012
21492,0.289452,-0.0277653,0.0208333,802.067
21516,0.200733,-0.0378802,0.0208333,800.27
21540,0.258255,0.0330504,0.0208333,800.019
21564,0.222274,-0.0316967,0.0208333,800.114
21588,0.165317,-0.0317686,0.0208333,800.215
21612,0.197031,-0.0324222,0.0208333,800.131
21636,0.224451,-0.0347648,0.0208333,800.159
21660,0.254253,-0.0324253,0.0208333,800.158
21684,0.123908,-0.0372656,0.0208333,800.35
21708,0.158186,-0.0323767,0.0208333,800.24
21732,0.205324,-0.0355151,0.0208333,800.166
21756,0.259069,-0.0379686,0.0208333,802.495
21780,0.235952,-0.0358902,0.0208333,800.225
21804,0.178672,-0.0359298,0.0208333,800.21
21828,0.213977,-0.034611,0.0208333,800.16
21852,0.217959,-0.0368863,0.0208333,800.213
21876,0.27221,-0.0176584,0.0208333,800.046
21900,0.132261,-0.0372698,0.0208333,800.229
21924,0.244664,-0.0332682,0.0208333,800.145
21948,0.158575,-0.0312062,0.0208333,800.24
21972,0.150676,-0.0380008,0.0208333,800.267
21996,0.110298,-0.0378795,0.0208333,801.153
22020,0.109588,-0.0380449,0.0208333,801.088
22044,0.134477,-0.036186,0.0208333,800.243
22068,0.243022,-0.0365224,0.0208333,800.364
22092,0.257759,-0.0309683,0.0208333,800.139
22116,0.120484,-0.0367165,0.0208333,800.24
22140,0.224012,-0.0381044,0.0208333,800.545
22164,0.259429,-0.0160169,0.0208333,800.011
22188,0.150531,-0.0185446,0.0208333,800.153
22212,0.202169,-0.0159898,0.0208333,800.006
22236,0.272096,-0.0311802,0.0208333,801.068
22260,0.204313,-0.0323939,0.0208333,800.139
22284,0.27543,-0.0355652,0.0208333,802.398
22308,0.262792,-0.0119794,0.0208333,800.009
22332,0.193163,-0.0380002,0.0208333,800.273
22356,0.242772,-0.0374761,0.0208333,800.549
22380,0.133988,-0.0103137,0.0208333,800.117
22404,0.283001,-0.0369741,0.0208333,802.303
22428,0.279639,-0.0355668,0.0208333,802.521
22452,0.110283,-0.0363809,0.0208333,800.442
22476,0.156071,-0.0308378,0.0208333,800.237
22500,0.290957,-0.0363532,0.0208333,801.878
22524,0.143628,-0.0371554,0.0208333,800.226
22548,0.146441,-0.034371,0.0208333,800.241
22572,0.153524,-0.0306459,0.0208333,800.246
22596,0.277932,-0.0215381,0.0208333,800.185
22620,0.223392,-0.0374753,0.0208333,800.27
22644,0.246942,0.0333557,0.0208333,800.019
22668,0.280301,-0.0297312,0.0208333,801.457
22692,0.28145,-0.0379662,0.0208333,802.397
22716,0.171925,0.0340449,0.0208333,800.031
22740,0.294539,-0.0380432,0.0208333,801.346
22764,0.200476,-0.0311492,0.0208333,800.098
22788,0.102007,-0.0340841,0.0208333,801.849
22812,0.261325,-0.0383166,0.0208333,803.161
22836,0.277717,-0.0314264,0.0208333,801.699
22860,0.224589,-0.0322249,0.0208333,800.123
22884,0.18824,0.033602,0.0208333,800.026
22908,0.185951,0.0319847,0.0208333,800.026
22932,0.223172,-0.032715,0.0208333,800.122
22956,0.283845,-0.0356615,0.0208333,802.541
22980,0.124469,-0.0377804,0.0208333,800.341
23004,0.237329,-0.0341235,0.0208333,800.155
23028,0.301808,0.000977872,0.0208333,800.035
23052,0.0971804,0.00334745,0.0208333,800.0
23076,0.303186,0.003257,0.0208333,800.031
23100,0.126743,-0.0151554,0.0208333,800.258
23124,0.182223,-0.0317282,0.0208333,800.153
23148,0.178795,-0.0374803,0.0208333,800.175
23172,0.180103,-0.0341092,0.0208333,800.179
23196,0.238817,-0.0350027,0.0208333,800.196
23220,0.253188,-0.0370898,0.0208333,800.738
23244,0.224507,-0.0364167,0.0208333,800.202
23268,0.111978,-0.0366766,0.0208333,800.367
23292,0.184907,-0.012943,0.0208333,800.006
23316,0.137562,-0.026061,0.0208333,800.163
23340,0.242147,-0.0129768,0.0208333,800.011
23364,0.152308,-0.0375124,0.0208333,800.195
23388,0.193263,-0.0372333,0.0208333,800.212
23412,0.159629,-0.0366329,0.0208333,800.25
23436,0.278109,-0.0360456,0.0208333,802.507
23460,0.143187,-0.0146831,0.0208333,800.125
23484,0.164651,-0.0342695,0.0208333,800.215
23508,0.250431,-0.0210333,0.0208333,800.014
23532,0.1932,-0.0210032,0.0208333,800.007
23556,0.153845,-0.0342551,0.0208333,800.245
23580,0.273673,-0.0348876,0.0208333,801.931
23604,0.180069,-0.0365643,0.0208333,800.2
23628,0.117389,-0.0324058,0.0208333,800.222
23652,0.237343,-0.0365668,0.0208333,800.302
23676,0.105473,-0.0311248,0.0208333,800.296
23700,0.214192,-0.0322068,0.0208333,800.115
23724,0.245436,-0.0126967,0.0208333,800.01
23748,0.295398,-0.0285369,0.0208333,801.589
23772,0.188199,-0.0126607,0.0208333,800.005
23796,0.229688,-0.0383351,0.0208333,800.583
23820,0.150322,-0.0367609,0.0208333,800.213
23844,0.141733,0.0331189,0.0208333,800.033
23868,0.144601,-0.0384193,0.0208333,800.274
23892,0.104269,-0.034965,0.0208333,801.022
23916,0.285552,0.0316871,0.0208333,800.012
23940,0.267172,-0.0194029,0.0208333,800.034
23964,0.182944,-0.0100036,0.0208333,800.006
23988,0.154121,-0.0251773,0.0208333,800.224
24012,0.225667,-0.0279176,0.0208333,800.046
24036,0.119487,-0.0353474,0.0208333,800.231
24060,0.1684,-0.0278966,0.0208333,800.147
24084,0.167584,-0.0112682,0.0208333,800.005
24108,0.232196,-0.037824,0.0208333,800.493
24132,0.240183,-0.0100382,0.0208333,800.011
24156,0.116502,-0.0329924,0.0208333,800.222
24180,0.12628,-0.0270176,0.0208333,800.129
24204,0.0971371,-0.00845059,0.0208333,800.012
24228,0.302901,-0.00845941,0.0208333,801.592
24252,0.119487,-0.0381165,0.0208333,800.405
24276,0.241908,-0.0377161,0.0208333,800.675
24300,0.244143,-0.0353493,0.0208333,800.238
24324,0.102965,-0.0367312,0.0208333,802.255
24348,0.107404,-0.012747,0.0208333,800.294
24372,0.292633,-0.0131143,0.0208333,801.164
24396,0.272373,-0.0288477,0.0208333,800.498
24420,0.179616,-0.0103522,0.0208333,800.006
24444,0.128345,-0.0307205,0.0208333,800.153
24468,0.236857,-0.0103866,0.0208333,800.01
24492,0.222493,-0.0270805,0.0208333,800.034
24516,0.165104,-0.0270578,0.0208333,800.157
24540,0.163477,-0.0236528,0.0208333,800.112
24564,0.281331,-0.00171211,0.0208333,800.007
24588,0.245018,-0.0383535,0.0208333,801.279
24612,0.165815,-0.0163238,0.0208333,800.011
24636,0.101733,0.0129322,0.0208333,800.034
24660,0.298312,0.0129462,0.0208333,800.002
24684,0.290484,-0.0378311,0.0208333,801.697
24708,0.297261,-0.035258,0.0208333,801.099
24732,0.188719,-0.0372484,0.0208333,800.211
24756,0.28291,0.00144954,0.0208333,800.008
24780,0.241313,-0.0370317,0.0208333,800.362
24804,0.171138,-0.0367942,0.0208333,800.215
24828,0.283216,-0.00461856,0.0208333,800.012
24852,0.119017,0.00425033,0.0208333,799.996
24876,0.211327,-0.0338121,0.0208333,800.148
24900,0.239649,-0.035068,0.0208333,800.191
24924,0.155748,-0.0347425,0.0208333,800.239
24948,0.117443,0.00731421,0.0208333,800.012
24972,0.117156,0.00134631,0.0208333,799.987
24996,0.275405,-0.0281635,0.0208333,800.68
25020,0.250551,0.0235489,0.0208333,800.025
25044,0.248747,0.0265719,0.0208333,800.028
25068,0.253993,0.0237507,0.0208333,800.024
25092,0.25583,0.0209294,0.0208333,800.021
25116,0.259283,0.0211218,0.0208333,800.027
25140,0.132594,-0.00220562,0.0208333,799.998
25164,0.261176,0.0182094,0.0208333,800.025
25188,0.129365,0.00375366,0.0208333,800.001
25212,0.259602,0.0151237,0.0208333,800.017
25236,0.240116,0.0230645,0.0208333,800.021
25260,0.261486,0.0122174,0.0208333,800.018
25284,0.261798,0.00622329,0.0208333,800.014
25308,0.132824,0.00358572,0.0208333,800.0
25332,0.238292,0.0258954,0.0208333,800.022
25356,0.259912,0.00913101,0.0208333,800.016
25380,0.243585,0.0232275,0.0208333,800.02
25404,0.265258,0.00640207,0.0208333,800.014
25428,0.245245,0.0264277,0.0208333,800.028
25452,0.127499,0.000856181,0.0208333,799.995
25476,0.267147,0.00349164,0.0208333,800.013
25500,0.267467,-0.00251155,0.0208333,800.009
25524,0.265576,0.000403062,0.0208333,800.014
25548,0.134448,0.000583056,0.0208333,800.001
25572,0.270928,-0.00233727,0.0208333,800.009
25596,0.234838,0.025745,0.0208333,800.023
25620,0.140996,0.0271952,0.0208333,800.024
25644,0.138735,0.0182846,0.0208333,800.022
25668,0.262113,0.000226303,0.0208333,800.014
25692,0.257065,-0.00304069,0.0208333,800.014
25716,0.139082,0.0243041,0.0208333,800.023
25740,0.137851,0.000494759,0.0208333,799.999
25764,0.254877,0.00586458,0.0208333,800.016
25788,0.260537,-0.00285793,0.0208333,800.014
25812,0.149327,0.0237386,0.0208333,800.02
25836,0.130256,0.0216403,0.0208333,800.023
25860,0.140609,0.0211978,0.0208333,800.02
25884,0.135275,0.0184513,0.0208333,800.023
25908,0.128356,0.0187842,0.0208333,800.024
25932,0.255179,-0.000135894,0.0208333,800.012
25956,0.151064,0.0268492,0.0208333,800.024
25980,0.14587,0.0238997,0.0208333,800.02
26004,0.256761,0.00295666,0.0208333,800.013
26028,0.270288,0.00966787,0.0208333,800.013
26052,0.123019,0.0160469,0.0208333,800.027
26076,0.144328,0.0269476,0.0208333,800.025
26100,0.133716,0.0214728,0.0208333,800.024
26124,0.139476,-0.00254364,0.0208333,800.0
26148,0.246381,0.00241917,0.0208333,800.014
26172,0.266831,0.009489,0.0208333,800.013
26196,0.124899,0.0189508,0.0208333,800.028
26220,0.272175,0.00676006,0.0208333,800.013
26244,0.124603,0.0129675,0.0208333,800.023
26268,0.129937,0.0157131,0.0208333,800.026
26292,0.128063,0.0128004,0.0208333,800.025
26316,0.274519,0.0246157,0.0208333,800.0
26340,0.269636,0.0215916,0.0208333,800.028
26364,0.271061,0.024439,0.0208333,800.02
26388,0.271541,0.0187311,0.0208333,800.016
26412,0.135649,0.0244124,0.0208333,800.024
26436,0.112911,0.0225973,0.0208333,800.028
26460,0.274998,0.0189102,0.0208333,800.007
26484,0.150566,0.00870962,0.0208333,800.022
26508,0.285013,0.0257059,0.0208333,799.991
26532,0.14913,0.011655,0.0208333,800.021
26556,0.24984,0.00259749,0.0208333,800.014
26580,0.21777,0.0189537,0.0208333,800.023
26604,0.224341,0.025211,0.0208333,800.021
26628,0.219655,0.0160474,0.0208333,800.026
26652,0.218399,0.00697956,0.0208333,800.017
26676,0.218088,0.0129722,0.0208333,800.033
26700,0.220592,-0.00200755,0.0208333,800.013
26724,0.220284,0.00407334,0.0208333,800.017
26748,0.219973,0.0100659,0.0208333,800.025
26772,0.222762,0.022155,0.0208333,800.019
26796,0.219302,0.0219757,0.0208333,800.02
26820,0.224044,-0.00189696,0.0208333,800.013
26844,0.225623,0.00126168,0.0208333,800.015
26868,0.218712,0.000983252,0.0208333,800.011
26892,0.229081,0.00142637,0.0208333,800.016
26916,0.207137,0.0243065,0.0208333,800.021
26940,0.197941,-9.68086e-05,0.0208333,800.011
26964,0.181918,0.00809345,0.0208333,800.011
26988,0.194179,0.0057228,0.0208333,800.009
27012,0.229366,-0.00497775,0.0208333,800.013
27036,0.203296,-0.00281345,0.0208333,800.015
27060,0.198204,-0.0061303,0.0208333,800.018
27084,0.187858,-0.00663406,0.0208333,800.016
27108,0.161666,-0.00501745,0.0208333,800.003
27132,0.173115,0.0106417,0.0208333,800.012
27156,0.198906,0.0149823,0.0208333,800.015
27180,0.168062,0.00735471,0.0208333,800.022
27204,0.192601,0.00263419,0.0208333,800.01
27228,0.202059,0.0211271,0.0208333,800.021
27252,0.234428,-0.00121724,0.0208333,800.012
27276,0.166821,-0.00188946,0.0208333,800.013
27300,0.234119,0.00477182,0.0208333,800.015
27324,0.171842,0.00146377,0.0208333,800.021
27348,0.168397,0.00126675,0.0208333,800.021
27372,0.238845,0.0140479,0.0208333,800.012
27396,0.248928,0.0205483,0.0208333,800.021
27420,0.225317,0.00732679,0.0208333,800.02
27444,0.256142,0.0149445,0.0208333,800.017
27468,0.255535,0.0268288,0.0208333,800.029
27492,0.198599,0.0209479,0.0208333,800.019
27516,0.17754,0.0257929,0.0208333,800.024
27540,0.178149,0.0139065,0.0208333,800.015
27564,0.154594,0.026737,0.0208333,800.024
27588,0.166501,0.00423664,0.0208333,800.022
27612,0.163176,-0.00797332,0.0208333,800.003
27636,0.236003,0.00186894,0.0208333,800.013
27660,0.249223,0.0145859,0.0208333,800.019
27684,0.192296,0.00863052,0.0208333,800.016
27708,0.213054,0.00970724,0.0208333,800.023
27732,0.21494,0.00680015,0.0208333,800.017
27756,0.187565,-0.000631465,0.0208333,800.018
27780,0.16336,-0.00200538,0.0208333,800.011
27804,0.197021,0.0178887,0.0208333,800.02
27828,0.214629,0.012793,0.0208333,800.031
27852,0.208667,0.0273069,0.0208333,800.026
27876,0.241039,0.00514877,0.0208333,800.012
27900,0.158199,-0.00511746,0.0208333,800.003
27924,0.172804,0.0166337,0.0208333,800.016
27948,0.16743,0.0193023,0.0208333,800.02
27972,0.208974,0.0215121,0.0208333,800.018
27996,0.203682,0.0241008,0.0208333,800.02
28020,0.230659,0.00458062,0.0208333,800.015
28044,0.298235,0.024898,0.0208333,800.022
28068,0.230966,-0.00146862,0.0208333,800.014
28092,0.194479,-0.000278542,0.0208333,800.012
28116,0.23381,0.0107786,0.0208333,800.022
28140,0.176883,0.00481401,0.0208333,800.018
28164,0.202675,0.00916924,0.0208333,800.013
28188,0.20456,0.00626299,0.0208333,800.011
28212,0.189441,-0.00354576,0.0208333,800.017
28236,0.220828,-0.00796468,0.0208333,800.015
28260,0.210714,-0.0086502,0.0208333,800.015
28284,0.203577,-0.00905797,0.0208333,800.014
28308,0.174139,-0.00794273,0.0208333,800.008
28332,0.153281,-0.00832869,0.0208333,800.004
28356,0.148331,-0.0116886,0.0208333,800.041
28380,0.240729,0.0111415,0.0208333,800.011
28404,0.244189,0.0113208,0.0208333,800.012
28428,0.178459,0.00791426,0.0208333,800.01
28452,0.191987,0.0146238,0.0208333,800.016
28476,0.230041,0.0165958,0.0208333,800.023
28500,0.167678,0.0133168,0.0208333,800.018
28524,0.202365,0.0151616,0.0208333,800.013
28548,0.212433,0.0216914,0.0208333,800.018
28572,0.228776,0.00750154,0.0208333,800.02
28596,0.215253,0.000803973,0.0208333,800.011
28620,0.177619,-0.00733589,0.0208333,800.007
28644,0.156569,-0.00812333,0.0208333,800.004
28668,0.176574,0.0108209,0.0208333,800.013
28692,0.188527,0.0144445,0.0208333,800.012
28716,0.193247,0.0236947,0.0208333,800.018
28740,0.171537,0.00754258,0.0208333,800.017
28764,0.231377,-0.00798554,0.0208333,800.011
28788,0.205183,-0.00571886,0.0208333,800.015
28812,0.200067,-0.00928133,0.0208333,800.013
28836,0.199828,-0.00300153,0.0208333,800.015
28860,0.183803,0.00518658,0.0208333,800.007
28884,0.173729,-0.00143007,0.0208333,800.019
28908,0.245465,0.0203711,0.0208333,800.015
28932,0.181298,0.0200779,0.0208333,800.016
28956,0.250804,0.0176584,0.0208333,800.016
28980,0.192716,0.0299393,0.0208333,800.022
29004,0.223742,0.00424117,0.0208333,800.015
29028,0.209905,0.00353622,0.0208333,800.009
29052,0.161594,0.000977676,0.0208333,800.015
29076,0.156471,0.0296447,0.0208333,800.026
29100,0.254264,0.0178376,0.0208333,800.015
29124,0.10176,0.0248974,0.0208333,800.032
29148,0.189142,0.00245567,0.0208333,800.011
29172,0.240422,0.0171226,0.0208333,800.01
29196,0.207399,0.0184265,0.0208333,800.019
29220,0.189689,-0.00954586,0.0208333,800.011
29244,0.184108,-0.000808558,0.0208333,800.018
29268,0.179074,-0.00407613,0.0208333,800.017
29292,0.235695,0.00787195,0.0208333,800.014
29316,0.213944,0.0247725,0.0208333,800.022
29340,0.194735,-0.00631839,0.0208333,800.016
29364,0.212744,0.0156994,0.0208333,800.025
29388,0.217361,0.0248882,0.0208333,800.023
29412,0.199523,0.00299569,0.0208333,800.01
29436,0.21559,-0.00511987,0.0208333,800.016
29460,0.204871,0.000272019,0.0208333,800.013
29484,0.193111,-0.0094046,0.0208333,800.013
29508,0.168668,-0.00519565,0.0208333,800.008
29532,0.166717,-0.00826744,0.0208333,800.002
29556,0.245764,0.0144066,0.0208333,800.015
29580,0.228466,0.0135102,0.0208333,800.031
29604,0.223432,0.0102453,0.0208333,800.028
29628,0.208331,0.000452224,0.0208333,800.012
29652,0.183493,0.0111793,0.0208333,800.01
29676,0.225007,0.0133309,0.0208333,800.031
29700,0.20394,0.0182472,0.0208333,800.016
29724,0.235385,0.0138687,0.0208333,800.019
29748,0.180909,0.0259131,0.0208333,800.023
29772,0.186953,0.0113587,0.0208333,800.013
29796,0.18766,0.0265498,0.0208333,800.023
29820,0.235075,0.0198607,0.0208333,800.012
29844,0.241345,-0.000846252,0.0208333,800.013
29868,0.214318,0.018785,0.0208333,800.021
29892,0.224238,-0.00828188,0.0208333,800.015
29916,0.18253,-0.0038983,0.0208333,800.018
29940,0.177191,-0.00117977,0.0208333,800.019
29964,0.182227,0.00209992,0.0208333,800.015
29988,0.172131,-0.00493328,0.0208333,800.009
30012,0.151458,-0.00549324,0.0208333,800.002
30036,0.188837,0.00845147,0.0208333,800.012
30060,0.186642,0.0173508,0.0208333,800.016
30084,0.193871,0.0117171,0.0208333,800.013
30108,0.191676,0.0206157,0.0208333,800.016
30132,0.197331,0.0118963,0.0208333,800.014
30156,0.172482,0.0225586,0.0208333,800.02
30180,0.196711,0.0238475,0.0208333,800.02
30204,0.20425,0.0122553,0.0208333,800.01
30228,0.209284,0.0155202,0.0208333,800.018
30252,0.212015,0.0275936,0.0208333,800.026
30276,0.1828,0.0230959,0.0208333,800.021
30300,0.191189,0.02679,0.0208333,800.024
30324,0.186259,0.0232752,0.0208333,800.018
30348,0.162629,0.0100433,0.0208333,800.026
30372,0.161261,0.00700227,0.0208333,800.021
30396,0.213365,0.00371466,0.0208333,800.01
30420,0.20802,0.00644257,0.0208333,800.013
30444,0.208646,-0.00553084,0.0208333,800.015
30468,0.192896,-0.00337135,0.0208333,800.019
30492,0.181608,0.0140858,0.0208333,800.013
30516,0.176264,0.016813,0.0208333,800.018
30540,0.170889,0.0194815,0.0208333,800.02
30564,0.197639,0.00590257,0.0208333,800.011
30588,0.175711,0.0286071,0.0208333,800.024
30612,0.225902,-0.0052414,0.0208333,800.014
30636,0.21904,-0.00503478,0.0208333,800.015
30660,0.213682,-0.00227191,0.0208333,800.014
30684,0.17123,0.0135481,0.0208333,800.016
30708,0.223115,0.0162267,0.0208333,800.023
30732,0.175971,0.0227964,0.0208333,800.022
30756,0.165793,0.0162232,0.0208333,800.024
30780,0.199215,0.00898956,0.0208333,800.013
30804,0.166089,0.0102226,0.0208333,800.02
30828,0.163159,0.00406348,0.0208333,800.022
30852,0.202984,0.00317643,0.0208333,800.01
30876,0.234859,-0.00737212,0.0208333,800.011
30900,0.17342,0.00462154,0.0208333,800.021
30924,0.214196,-0.00841254,0.0208333,800.015
30948,0.151781,-0.0116366,0.0208333,800.037
30972,0.239155,0.00805562,0.0208333,800.013
30996,0.243881,0.0173018,0.0208333,800.011
31020,0.251108,0.0116796,0.0208333,800.015
31044,0.2335,0.0167751,0.0208333,800.015
31068,0.230351,0.0105993,0.0208333,800.021
31092,0.228156,0.0195022,0.0208333,800.018
31116,0.159969,0.0296368,0.0208333,800.027
31140,0.239463,0.00206223,0.0208333,800.014
31164,0.187261,0.00536524,0.0208333,800.009
31188,0.239767,-0.00393526,0.0208333,800.012
31212,0.183183,0.0171715,0.0208333,800.011
31236,0.177838,0.0198986,0.0208333,800.016
31260,0.236311,-0.00411296,0.0208333,800.012
31284,0.178767,0.00190654,0.0208333,800.019
31308,0.188217,0.0204364,0.0208333,800.015
31332,0.193561,0.0177094,0.0208333,800.017
31356,0.184404,-0.0068095,0.0208333,800.015
31380,0.238537,0.0200289,0.0208333,800.011
31404,0.20771,0.0124346,0.0208333,800.016
31428,0.254568,0.0118588,0.0208333,800.013
31452,0.210221,-0.00244523,0.0208333,800.012
31476,0.156326,0.023668,0.0208333,800.023
31500,0.258899,0.0271299,0.0208333,800.029
31524,0.224689,0.0193123,0.0208333,800.018
31548,0.209595,0.0095281,0.0208333,800.014
31572,0.241641,-0.00684603,0.0208333,800.011
31596,0.154435,0.0207881,0.0208333,800.019
31620,0.26081,0.0242442,0.0208333,800.033
31644,0.264254,0.0243713,0.0208333,800.033
31668,0.150943,0.0146224,0.0208333,800.024
31692,0.245095,-0.00667176,0.0208333,800.012
31716,0.150965,0.0207465,0.0208333,800.019
31740,0.149093,0.0178278,0.0208333,800.023
31764,0.276551,0.0219474,0.0208333,800.009
31788,0.281528,0.025478,0.0208333,799.995
31812,0.28703,0.0226708,0.0208333,800.009
31836,0.12868,0.0246674,0.0208333,800.026
31860,0.246927,-0.00958383,0.0208333,800.012
31884,0.266186,0.0214282,0.0208333,800.023
31908,0.144065,0.0210409,0.0208333,800.021
31932,0.264635,0.0183886,0.0208333,800.018
31956,0.280027,0.0221542,0.0208333,800.008
31980,0.145406,0.0119471,0.0208333,800.024
32004,0.114898,0.0256873,0.0208333,800.029
32028,0.12522,0.0248398,0.0208333,800.026
32052,0.264945,0.0123966,0.0208333,800.015
32076,0.285502,0.0196554,0.0208333,800.009
32100,0.14565,0.0179611,0.0208333,800.022
32124,0.250351,-0.00944517,0.0208333,800.012
32148,0.118386,0.0254681,0.0208333,800.03
32172,0.251975,-0.00635909,0.0208333,800.012
32196,0.143776,0.0150479,0.0208333,800.024
32220,0.281984,0.0193667,0.0208333,800.015
32244,0.123339,0.0219794,0.0208333,800.027
32268,0.266519,0.0154822,0.0208333,800.016
32292,0.255444,-0.00617085,0.0208333,800.013
32316,0.269976,0.0156612,0.0208333,800.016
32340,0.280385,0.0162684,0.0208333,800.013
32364,0.140316,0.0152145,0.0208333,800.025
32388,0.114511,0.0195169,0.0208333,800.025
32412,0.119877,0.0221547,0.0208333,800.025
32436,0.117989,0.0192935,0.0208333,800.023
32460,0.271859,0.0127545,0.0208333,800.012
32484,0.138442,0.0123013,0.0208333,800.026
32508,0.276876,0.0160187,0.0208333,800.014
32532,0.257326,-0.00933341,0.0208333,800.011
32556,0.133396,0.0155478,0.0208333,800.024
32580,0.134693,0.00647527,0.0208333,800.01
32604,0.260854,-0.0091236,0.0208333,800.012
32628,0.119572,0.0162143,0.0208333,800.021
32652,0.134982,0.012468,0.0208333,800.026
32676,0.275302,0.0129329,0.0208333,800.013
32700,0.262444,-0.00577828,0.0208333,800.011
32724,0.133107,0.0095551,0.0208333,800.02
32748,0.117717,0.0133006,0.0208333,800.021
32772,0.277177,0.0100258,0.0208333,800.013
32796,0.280976,0.00428406,0.0208333,800.009
32820,0.129648,0.00972216,0.0208333,800.016
32844,0.11929,0.010224,0.0208333,800.016
32868,0.270606,0.00367076,0.0208333,800.012
32892,0.27562,0.0069396,0.0208333,800.013
32916,0.26591,-0.00560866,0.0208333,800.01
32940,0.145263,0.00588717,0.0208333,800.015
32964,0.251717,-0.00031616,0.0208333,800.012
32988,0.251417,0.00568567,0.0208333,800.016
33012,0.250135,-0.0034092,0.0208333,800.013
33036,0.244498,0.00532794,0.0208333,800.012
33060,0.249533,0.00859356,0.0208333,800.014
33084,0.244803,-0.000668478,0.0208333,800.013
33108,0.267835,-0.00857662,0.0208333,800.009
33132,0.277507,0.00403367,0.0208333,800.011
33156,0.272497,0.000756472,0.0208333,800.009
33180,0.122729,0.0100584,0.0208333,800.02
33204,0.127774,0.00681026,0.0208333,800.008
33228,0.256453,0.00895174,0.0208333,800.014
33252,0.246074,0.00841414,0.0208333,800.013
33276,0.24668,-0.00358321,0.0208333,800.012
33300,0.260224,0.0031361,0.0208333,800.013
33324,0.129105,-0.00210043,0.0208333,800.0
33348,0.124315,0.00697938,0.0208333,800.007
33372,0.271308,-0.00843051,0.0208333,800.007
33396,0.275953,0.00093984,0.0208333,800.009
33420,0.227854,0.0254328,0.0208333,800.02
33444,0.2332,0.022746,0.0208333,800.015
33468,0.229741,0.0225667,0.0208333,800.016
33492,0.12245,0.00408114,0.0208333,799.996
33516,0.277844,-0.00197142,0.0208333,800.008
33540,0.272845,-0.00528826,0.0208333,800.008
33564,0.127276,-0.00489318,0.0208333,800.025
33588,0.139686,0.00334404,0.0208333,800.005
33612,0.138152,0.00632188,0.0208333,800.008
33636,0.14353,0.00904744,0.0208333,800.021
33660,0.143293,0.00309693,0.0208333,800.004
33684,0.124043,0.00101455,0.0208333,799.997
33708,0.12384,-0.0047703,0.0208333,800.045
33732,0.276304,-0.00510578,0.0208333,800.007
33756,0.229582,0.0284586,0.0208333,800.025
33780,0.140026,0.00923505,0.0208333,800.019
33804,0.148574,0.0058415,0.0208333,800.015
33828,0.233107,0.0285916,0.0208333,800.022
33852,0.278214,-0.00804109,0.0208333,800.013
33876,0.122213,-0.00181919,0.0208333,799.995
33900,0.118759,-0.00165661,0.0208333,800.003
33924,0.113685,0.00149571,0.0208333,799.987
33948,0.281639,-0.00781317,0.0208333,800.015
33972,0.154097,-0.0199351,0.0208333,800.138
33996,0.116895,-0.00447369,0.0208333,800.036
34020,0.283541,-0.0106941,0.0208333,800.03
34044,0.111855,-0.00145934,0.0208333,799.978
34068,0.129559,-0.0312151,0.0208333,800.159
34092,0.296511,0.0217,0.0208333,800.016
34116,0.295993,-0.0358788,0.0208333,801.298
34140,0.108688,0.0322952,0.0208333,800.031
34164,0.209706,-0.0379261,0.0208333,800.285
34188,0.298276,0.018802,0.0208333,800.017
34212,0.287019,-0.0104353,0.0208333,800.132
34236,0.113462,-0.00442582,0.0208333,800.061
34260,0.28674,-0.00436682,0.0208333,800.013
34284,0.114394,0.0316845,0.0208333,800.029
34308,0.291186,0.0322852,0.0208333,800.024
34332,0.134691,-0.0326833,0.0208333,800.199
34356,0.198072,-0.0377316,0.0208333,800.257
34380,0.284309,-0.0395831,0.0208333,802.815
34404,0.105233,-0.0395434,0.0208333,802.648
34428,0.175337,-0.0395609,0.0208333,801.799
34452,0.26194,-0.0395691,0.0208333,805.913
34476,0.26937,-0.0396074,0.0208333,804.6
34500,0.273888,-0.0395827,0.0208333,804.082
34524,0.282844,-0.0395823,0.0208333,802.964
34548,0.285816,-0.0395544,0.0208333,802.628
34572,0.287313,-0.0395691,0.0208333,802.519
34596,0.293266,-0.0395605,0.0208333,802.13
34620,0.238052,-0.0395874,0.0208333,803.649
34644,0.254478,-0.0395691,0.0208333,803.688
34668,0.266406,-0.0395685,0.0208333,803.267
34692,0.297795,-0.0395923,0.0208333,802.287
34716,0.13054,-0.039504,0.0208333,801.546
34740,0.188785,-0.0395964,0.0208333,802.264
34764,0.193274,-0.0395931,0.0208333,802.177
34788,0.206716,-0.0395698,0.0208333,802.412
34812,0.205224,-0.0395715,0.0208333,802.411
34836,0.197749,-0.0395455,0.0208333,802.049
34860,0.220168,-0.0396084,0.0208333,803.092
34884,0.278337,-0.039491,0.0208333,803.445
34908,0.103699,-0.0395818,0.0208333,802.963
34932,0.111249,-0.0395979,0.0208333,802.527
34956,0.123122,-0.0395239,0.0208333,801.83
34980,0.132105,-0.0395886,0.0208333,801.852
35004,0.136569,-0.0395893,0.0208333,801.841
35028,0.141032,-0.0395949,0.0208333,801.757
35052,0.145489,-0.0396009,0.0208333,801.669
35076,0.172463,-0.039561,0.0208333,801.653
35100,0.199272,-0.0395901,0.0208333,802.298
35124,0.230597,-0.0395691,0.0208333,803.118
35148,0.239604,-0.0395622,0.0208333,803.55
35172,0.106713,-0.0395949,0.0208333,802.519
35196,0.126185,-0.0396486,0.0208333,802.14
35220,0.169325,-0.0395934,0.0208333,803.163
35244,0.176866,-0.0395691,0.0208333,801.909
35268,0.182832,-0.039579,0.0208333,801.887
35292,0.184323,-0.0396038,0.0208333,802.029
35316,0.200746,-0.0395691,0.0208333,802.232
35340,0.203731,-0.0395848,0.0208333,802.425
35364,0.212751,-0.0395827,0.0208333,802.5
35388,0.226121,-0.0395774,0.0208333,802.989
35412,0.244075,-0.0395449,0.0208333,803.485
35436,0.150058,-0.03956,0.0208333,801.542
35460,0.154436,-0.0395584,0.0208333,801.449
35484,0.15597,-0.0395691,0.0208333,801.69
35508,0.209702,-0.0395686,0.0208333,802.423
35532,0.217173,-0.0395528,0.0208333,802.57
35556,0.232105,-0.039566,0.0208333,803.175
35580,0.248434,-0.0395514,0.0208333,803.933
35604,0.114169,-0.0396155,0.0208333,802.3
35628,0.120149,-0.0395691,0.0208333,802.049
35652,0.1605,-0.0395631,0.0208333,802.074
35676,0.121642,-0.0395691,0.0208333,802.004
35700,0.117159,-0.0396224,0.0208333,802.218
35724,0.170835,-0.0395014,0.0208333,801.684
35748,0.163357,-0.0395922,0.0208333,802.166
35772,0.167886,-0.0395835,0.0208333,812.198
35796,0.181356,-0.0395915,0.0208333,801.884
35820,0.185825,-0.0396312,0.0208333,802.254
35844,0.190311,-0.0395322,0.0208333,801.918
35868,0.194831,-0.0395448,0.0208333,801.911
35892,0.253003,-0.0395783,0.0208333,803.577
35916,0.257477,-0.0395684,0.0208333,804.092
35940,0.276833,-0.0395768,0.0208333,803.745
35964,0.279882,-0.0396033,0.0208333,803.489
35988,0.288819,-0.0394958,0.0208333,802.335
36012,0.296273,-0.0394893,0.0208333,801.907
36036,0.211203,-0.0395969,0.0208333,802.568
36060,0.275374,-0.0396017,0.0208333,803.969
36084,0.129032,-0.0396458,0.0208333,801.877
36108,0.1336,-0.0395965,0.0208333,801.878
36132,0.147009,-0.0395885,0.0208333,801.625
36156,0.158939,-0.0394927,0.0208333,801.568
36180,0.202235,-0.0395767,0.0208333,802.335
36204,0.208209,-0.0395697,0.0208333,802.414
36228,0.221642,-0.0395691,0.0208333,802.975
36252,0.227612,-0.0395691,0.0208333,803.0
36276,0.235077,-0.039606,0.0208333,803.562
36300,0.233583,-0.0395697,0.0208333,803.252
36324,0.290324,-0.039562,0.0208333,802.346
36348,0.124653,-0.0395315,0.0208333,801.814
36372,0.148514,-0.0395814,0.0208333,801.605
36396,0.255962,-0.0395682,0.0208333,803.857
36420,0.267862,-0.0395124,0.0208333,803.624
36444,0.135077,-0.0395983,0.0208333,801.887
36468,0.291802,-0.0395363,0.0208333,802.193
36492,0.294738,-0.0395829,0.0208333,802.099
36516,0.1022,-0.0396078,0.0208333,803.484
36540,0.112751,-0.0370789,0.0208333,800.43
36564,0.287555,0.0170843,0.0208333,800.013
36588,0.29659,0.00996459,0.0208333,800.009
36612,0.103454,0.00995054,0.0208333,800.011
36636,0.289261,-0.0376969,0.0208333,801.788
36660,0.208973,-0.038307,0.0208333,800.343
36684,0.206005,-0.0382729,0.0208333,800.319
36708,0.296588,0.0157482,0.0208333,800.012
36732,0.293969,-0.00376446,0.0208333,800.297
36756,0.111536,-0.00727724,0.0208333,800.189
36780,0.288641,-0.00730265,0.0208333,800.04
36804,0.103517,0.0217532,0.0208333,800.029
36828,0.261254,-0.0317802,0.0208333,800.184
36852,0.298283,0.0069044,0.0208333,800.005
36876,0.101861,0.00697037,0.0208333,799.999
36900,0.161411,-0.022236,0.0208333,800.115
36924,0.191339,-0.0352776,0.0208333,800.182
36948,0.104455,-0.0391252,0.0208333,802.488
36972,0.28505,-0.0391375,0.0208333,802.422
36996,0.297054,-0.0390816,0.0208333,801.55
37020,0.105977,-0.0391383,0.0208333,802.365
37044,0.291081,-0.0390983,0.0208333,801.959
37068,0.283571,-0.0391654,0.0208333,802.569
37092,0.134349,-0.0391948,0.0208333,801.184
37116,0.14623,-0.0391894,0.0208333,801.016
37140,0.253749,-0.0391474,0.0208333,803.492
37164,0.277558,-0.0390679,0.0208333,803.089
37188,0.274635,-0.0391844,0.0208333,803.17
37212,0.125464,-0.0391801,0.0208333,801.257
37236,0.129722,-0.0391498,0.0208333,801.298
37260,0.207463,-0.0391394,0.0208333,801.615
37284,0.220914,-0.0391776,0.0208333,801.786
37308,0.23885,-0.0391496,0.0208333,802.704
37332,0.168555,-0.0391769,0.0208333,801.494
37356,0.288073,-0.0390649,0.0208333,802.177
37380,0.120896,-0.0391383,0.0208333,801.461
37404,0.182099,-0.0391704,0.0208333,801.14
37428,0.155182,-0.0391275,0.0208333,801.043
37452,0.232852,-0.0391357,0.0208333,802.314
37476,0.293974,-0.0391434,0.0208333,801.742
37500,0.198513,-0.0391356,0.0208333,801.305
37524,0.267105,-0.0390809,0.0208333,802.691
37548,0.171656,-0.0390624,0.0208333,800.927
37572,0.185074,-0.0392349,0.0208333,801.247
37596,0.212013,-0.0391796,0.0208333,801.876
37620,0.200018,-0.0391593,0.0208333,801.357
37644,0.201488,-0.0391458,0.0208333,801.412
37668,0.204478,-0.0391563,0.0208333,801.49
37692,0.208956,-0.0391383,0.0208333,801.704
37716,0.226867,-0.0391466,0.0208333,801.903
37740,0.231359,-0.0391352,0.0208333,802.178
37764,0.189544,-0.0391286,0.0208333,801.143
37788,0.194076,-0.039138,0.0208333,801.33
37812,0.176083,-0.03913,0.0208333,800.952
37836,0.183573,-0.0391827,0.0208333,801.177
37860,0.20597,-0.0391412,0.0208333,801.515
37884,0.159738,-0.0390558,0.0208333,801.014
37908,0.122376,-0.039093,0.0208333,801.383
37932,0.149318,-0.0391414,0.0208333,800.953
37956,0.210457,-0.0391656,0.0208333,801.805
37980,0.286562,-0.0391235,0.0208333,802.283
38004,0.202981,-0.0391615,0.0208333,801.428
38028,0.131302,-0.0390927,0.0208333,801.232
38052,0.132869,-0.0391851,0.0208333,801.23
38076,0.17001,-0.0390948,0.0208333,801.089
38100,0.234332,-0.0391757,0.0208333,802.421
38124,0.268576,-0.0391198,0.0208333,802.795
38148,0.279115,-0.0390943,0.0208333,802.942
38172,0.147762,-0.0391699,0.0208333,800.997
38196,0.256722,-0.0391365,0.0208333,803.854
38220,0.255216,-0.0391373,0.0208333,803.661
38244,0.123894,-0.0390553,0.0208333,801.288
38268,0.289591,-0.0390578,0.0208333,802.025
38292,0.135825,-0.0391876,0.0208333,801.124
38316,0.276088,-0.0391786,0.0208333,803.19
38340,0.292531,-0.0390968,0.0208333,801.861
38364,0.295489,-0.0390722,0.0208333,801.609
38388,0.102915,-0.0391895,0.0208333,802.775
38412,0.188628,-0.0380242,0.0208333,800.239
38436,0.10773,-0.0275911,0.0208333,800.229
38460,0.248572,-0.0352792,0.0208333,800.267
38484,0.210444,-0.0383544,0.0208333,800.368
38508,0.161865,-0.0195943,0.0208333,800.069
38532,0.110728,-0.0130296,0.0208333,800.294
38556,0.205241,-0.037787,0.0208333,800.277
38580,0.215633,-0.0396351,0.0208333,802.945
38604,0.266307,-0.011602,0.0208333,800.009
38628,0.234736,-0.0367674,0.0208333,800.3
38652,0.293177,0.00967282,0.0208333,800.011
38676,0.174312,-0.0324414,0.0208333,800.176
38700,0.23157,-0.0324713,0.0208333,800.12
38724,0.224652,-0.0395534,0.0208333,802.803
38748,0.2254,-0.0391309,0.0208333,801.858
38772,0.20446,-0.0382401,0.0208333,800.315
38796,0.272717,-0.0377514,0.0208333,802.169
38820,0.10349,0.0157879,0.0208333,800.029
38844,0.245868,-0.0381329,0.0208333,801.006
38868,0.178126,-0.0301251,0.0208333,800.14
38892,0.235379,-0.0301438,0.0208333,800.084
38916,0.234684,-0.0274637,0.0208333,800.048
38940,0.177431,-0.0274416,0.0208333,800.1
38964,0.230187,-0.0372932,0.0208333,800.334
38988,0.101758,0.0188558,0.0208333,800.03
39012,0.110452,-0.0308203,0.0208333,800.227
39036,0.139477,-0.0379869,0.0208333,800.239
39060,0.136451,-0.0246235,0.0208333,800.175
39084,0.274881,-0.0184028,0.0208333,800.051
39108,0.201943,0.0271553,0.0208333,800.023
39132,0.196495,0.0300778,0.0208333,800.023
39156,0.192441,-0.0383702,0.0208333,800.271
39180,0.245344,-0.032333,0.0208333,800.138
39204,0.385318,-0.00834928,0.0208333,801.755
39228,0.332354,0.0083216,0.0208333,800.01
39252,0.361764,0.0083216,0.0208333,800.02
39276,0.138175,0.0380251,0.0208333,800.029
39300,0.314716,0.00833351,0.0208333,800.001
39324,0.185369,0.0383652,0.0208333,800.032
39348,0.149956,0.0384394,0.0208333,800.027
39372,0.285294,0.0383019,0.0208333,800.044
39396,0.0558733,-0.00834158,0.0208333,800.0
39420,0.0441176,0.00830191,0.0208333,800.001
39444,0.0794118,0.00830191,0.0208333,800.0
39468,0.0323529,0.00830191,0.0208333,800.001
39492,0.00873729,0.00860587,0.0208333,800.0
39516,0.0735294,-0.00830191,0.0208333,800.0
39540,0.0852941,-0.00830191,0.0208333,800.0
39564,0.0205882,0.00830191,0.0208333,800.0
39588,0.367647,-0.00830191,0.0208333,801.767
39612,0.0382443,-0.00834158,0.0208333,800.0
39636,0.120477,0.0382415,0.0208333,800.026
39660,0.108842,0.0384033,0.0208333,800.028
39684,0.0617647,0.00830191,0.0208333,800.0
39708,0.0264706,-0.00830191,0.0208333,800.0
39732,0.0147262,-0.00833462,0.0208333,800.0
39756,0.05,0.00830191,0.0208333,800.0
39780,0.314706,-0.00830191,0.0208333,801.654
39804,0.320588,-0.00830191,0.0208333,801.681
39828,0.332353,-0.00830191,0.0208333,801.729
39852,0.344118,-0.00830191,0.0208333,801.762
39876,0.35,-0.00830191,0.0208333,801.768
39900,0.361765,-0.00830191,0.0208333,801.768
39924,0.391263,-0.00858974,0.0208333,801.781
39948,0.379421,0.00834158,0.0208333,800.013
39972,0.367647,0.00830191,0.0208333,800.021
39996,0.355873,0.00834158,0.0208333,800.016
40020,0.338244,0.00834158,0.0208333,800.01
40044,0.320588,0.00830191,0.0208333,800.006
40068,0.308884,0.00836582,0.0208333,800.002
40092,0.291158,0.0384039,0.0208333,800.045
40116,0.27951,0.0382419,0.0208333,800.038
40140,0.267793,0.0383963,0.0208333,800.043
40164,0.261837,0.0379823,0.0208333,800.035
40188,0.249969,0.038389,0.0208333,800.036
40212,0.203002,0.0384927,0.0208333,800.032
40236,0.179356,0.0382334,0.0208333,800.032
40260,0.0911164,0.00836582,0.0208333,800.001
40284,0.220542,0.0386595,0.0208333,800.033
40308,0.214767,0.038086,0.0208333,800.03
40332,0.23794,0.0382282,0.0208333,800.032
40356,0.167852,0.038144,0.0208333,800.031
40380,0.132385,0.0386373,0.0208333,800.028
40404,0.126564,0.0380951,0.0208333,800.028
40428,0.244059,0.0383711,0.0208333,800.034
40452,0.373529,-0.00830191,0.0208333,801.758
40476,0.114706,0.0383019,0.0208333,800.027
40500,0.0264706,0.00830191,0.0208333,800.001
40524,0.273636,0.0384273,0.0208333,800.038
40548,0.0617636,-0.0083216,0.0208333,800.0
40572,0.0852841,0.00833351,0.0208333,800.0
40596,0.0912039,-0.00834764,0.0208333,800.001
40620,0.032354,-0.0083216,0.0208333,800.0
40644,0.37353,0.0083216,0.0208333,800.02
40668,0.0382443,0.00831744,0.0208333,800.001
40692,0.338244,-0.00831744,0.0208333,801.758
40716,0.355873,-0.00831744,0.0208333,801.776
40740,0.0735294,0.00830191,0.0208333,800.001
40764,0.308802,-0.00834911,0.0208333,801.625
40788,0.0794118,-0.00830191,0.0208333,800.0
40812,0.326471,0.00830822,0.0208333,800.013
40836,0.326471,-0.00830191,0.0208333,801.707
40860,0.0558733,0.00831744,0.0208333,800.001
40884,0.0676471,0.00830191,0.0208333,800.001
40908,0.067647,-0.00830822,0.0208333,800.0
40932,0.0146915,0.00837352,0.0208333,800.0
40956,0.379425,-0.00832534,0.0208333,801.758
40980,0.0205882,-0.00830191,0.0208333,800.0
41004,0.206786,-0.0378469,0.0208333,800.279
41028,0.208261,-0.0378838,0.0208333,800.28
41052,0.149717,-0.0370864,0.0208333,800.216
41076,0.272656,-0.0301412,0.0208333,801.137
41100,0.267161,-0.0275133,0.0208333,800.14
41124,0.103184,-0.0359782,0.0208333,801.789
41148,0.146156,-0.0383617,0.0208333,800.255
41172,0.216388,-0.0391879,0.0208333,801.686
41196,0.136023,-0.0308224,0.0208333,800.167
41220,0.295215,-0.0333522,0.0208333,801.46
41244,0.294446,-0.0373685,0.0208333,801.385
41268,0.155786,-0.0245168,0.0208333,800.2
41292,0.112697,0.0166008,0.0208333,800.026
41316,0.165297,0.0218902,0.0208333,800.02
41340,0.220659,-0.0369021,0.0208333,800.233
41364,0.277505,-0.036674,0.0208333,802.506
41388,0.115801,-0.0210376,0.0208333,800.169
41412,0.231422,-0.026454,0.0208333,800.033
41436,0.174163,-0.02643,0.0208333,800.101
41460,0.100511,-0.0332605,0.0208333,802.389
41484,0.299524,-0.0332763,0.0208333,800.902
41508,0.264761,-0.0378733,0.0208333,804.533
41532,0.162871,-0.0371759,0.0208333,800.234
41556,0.155271,-0.0328694,0.0208333,800.24
41580,0.0470588,0.00321609,0.0208333,800.0
41604,0.388763,-0.00362266,0.0208333,801.184
41628,0.347059,-0.00321609,0.0208333,801.135
41652,0.26216,-0.0350029,0.0208333,800.61
41676,0.157986,0.00105354,0.0208333,800.012
41700,0.152832,-0.00219995,0.0208333,800.005
41724,0.171704,-0.0381519,0.0208333,800.17
41748,0.100769,-0.0284983,0.0208333,801.601
41772,0.00564802,-0.00500179,0.0208333,800.0
41796,0.218858,-0.0367115,0.0208333,800.195
41820,0.207497,-0.0382849,0.0208333,800.33
41844,0.108044,-0.00720188,0.0208333,800.172
41868,0.292412,-0.00690367,0.0208333,800.343
41892,0.189711,-0.0347056,0.0208333,800.175
41916,0.126505,-0.0314967,0.0208333,800.157
41940,0.181443,-0.0330773,0.0208333,800.172
41964,0.282553,0.0074571,0.0208333,800.011
41988,0.282275,0.0134497,0.0208333,800.014
42012,0.246923,-0.034669,0.0208333,800.207
42036,0.164893,-0.0395376,0.0208333,802.351
42060,0.163797,-0.0370063,0.0208333,800.228
42084,0.209088,-0.011672,0.0208333,800.011
42108,0.112057,-0.0383742,0.0208333,801.085
42132,0.161645,-0.0267486,0.0208333,800.19
42156,0.188017,-0.0341084,0.0208333,800.171
42180,0.140537,-0.0336471,0.0208333,800.233
42204,0.148953,-0.0357915,0.0208333,800.248
42228,0.1388,-0.0392112,0.0208333,801.119
42252,0.198431,0.0270813,0.0208333,800.02
42276,0.282214,-0.0243135,0.0208333,800.791
42300,0.194242,-0.0347983,0.0208333,800.175
42324,0.278588,-0.0142657,0.0208333,800.036
42348,0.251477,-0.0347823,0.0208333,800.251
42372,0.388345,-0.00693902,0.0208333,801.786
42396,0.0470588,0.00660382,0.0208333,800.0
42420,0.0588145,0.00661935,0.0208333,800.0
42444,0.376481,0.00666318,0.0208333,800.018
42468,0.335304,0.00666318,0.0208333,800.01
42492,0.0235294,0.00660382,0.0208333,800.001
42516,0.364705,0.00662351,0.0208333,800.02
42540,0.135266,0.0366624,0.0208333,800.029
42564,0.0647048,-0.00662981,0.0208333,800.0
42588,0.347059,-0.00660382,0.0208333,801.761
42612,0.317647,-0.00660382,0.0208333,801.684
42636,0.0116641,0.00697939,0.0208333,800.001
42660,0.370588,-0.00660382,0.0208333,801.761
42684,0.123511,0.0363366,0.0208333,800.027
42708,0.0705882,0.00660382,0.0208333,800.001
42732,0.0823429,0.00663542,0.0208333,800.0
42756,0.352932,-0.00661935,0.0208333,801.772
42780,0.246969,0.0367601,0.0208333,800.034
42804,0.182372,0.0365986,0.0208333,800.028
42828,0.0823529,-0.00660382,0.0208333,800.0
42852,0.335303,-0.00661935,0.0208333,801.737
42876,0.311835,0.00669933,0.0208333,800.001
42900,0.129537,0.0367325,0.0208333,800.028
42924,0.264923,0.0363786,0.0208333,800.035
42948,0.358813,0.00666318,0.0208333,800.015
42972,0.111784,0.0367053,0.0208333,800.027
42996,0.282451,0.0365438,0.0208333,800.041
43020,0.217661,0.0367455,0.0208333,800.031
43044,0.270841,0.0368236,0.0208333,800.034
43068,0.240823,0.0365993,0.0208333,800.032
43092,0.317657,0.00663542,0.0208333,800.007
43116,0.0353042,-0.00666318,0.0208333,800.0
43140,0.117535,0.0365434,0.0208333,800.029
43164,0.0294118,0.00660382,0.0208333,800.0
43188,0.0881653,0.00669933,0.0208333,800.001
43212,0.0882627,-0.00664955,0.0208333,800.0
43236,0.341186,-0.00661935,0.0208333,801.747
43260,0.0353032,0.00661935,0.0208333,800.0
43284,0.276675,0.0366692,0.0208333,800.031
43308,0.311744,-0.00665102,0.0208333,801.662
43332,0.364706,-0.00660382,0.0208333,801.766
43356,0.329413,0.00662981,0.0208333,800.012
43380,0.288216,0.0367058,0.0208333,800.04
43404,0.323529,0.00661013,0.0208333,800.011
43428,0.0235294,-0.00660382,0.0208333,800.0
43452,0.0294128,-0.00662351,0.0208333,800.0
43476,0.0764706,-0.00660382,0.0208333,800.0
43500,0.0411855,0.00661935,0.0208333,800.001
43524,0.0764706,0.00660382,0.0208333,800.001
43548,0.0588134,-0.00666318,0.0208333,800.0
43572,0.358814,-0.00661935,0.0208333,801.767
43596,0.323529,-0.00660382,0.0208333,801.703
43620,0.329412,-0.00660382,0.0208333,801.719
43644,0.376484,-0.00662725,0.0208333,801.758
43668,0.370589,0.00662351,0.0208333,800.014
43692,0.0705882,-0.00661013,0.0208333,800.0
43716,0.382389,-0.00667462,0.0208333,801.759
43740,0.0529321,0.00661935,0.0208333,800.0
43764,0.0647059,0.00660382,0.0208333,800.0
43788,0.0176327,0.00667543,0.0208333,800.001
43812,0.0176674,-0.00663653,0.0208333,800.0
43836,0.110283,-0.0346646,0.0208333,800.252
43860,0.101399,-0.0298579,0.0208333,801.517
43884,0.102807,-0.0300175,0.0208333,800.539
43908,0.394373,0.00503289,0.0208333,800.188
43932,0.139745,-0.0235446,0.0208333,800.24
43956,0.308652,0.00187597,0.0208333,800.236
43980,0.0915592,-0.0015414,0.0208333,800.001
44004,0.0914717,0.00183872,0.0208333,800.0
44028,0.308571,-0.00150562,0.0208333,801.028
44052,0.226421,0.0383304,0.0208333,800.032
44076,0.139547,-0.0395979,0.0208333,801.782
44100,0.268044,-0.0377125,0.0208333,801.582
44124,0.212258,-0.0354848,0.0208333,800.174
44148,0.289731,-0.0382456,0.0208333,801.742
44172,0.112174,0.00461909,0.0208333,800.004
44196,0.273866,0.0324116,0.0208333,800.0
44220,0.235823,-0.0391978,0.0208333,802.556
44244,0.237306,-0.0391792,0.0208333,802.664
44268,0.104413,-0.0329597,0.0208333,800.554
44292,0.156643,-0.013743,0.0208333,800.034
44316,0.101891,0.0308653,0.0208333,800.028
44340,0.298015,0.030855,0.0208333,800.03
44364,0.118389,-0.0332867,0.0208333,800.222
44388,0.294308,-0.0326686,0.0208333,801.626
44412,0.297999,-0.035157,0.0208333,801.045
44436,0.177996,-0.0375758,0.0208333,800.184
44460,0.210642,-0.0355337,0.0208333,800.165
44484,0.113435,-0.0392189,0.0208333,801.878
44508,0.112008,-0.0392012,0.0208333,801.979
44532,0.170682,0.0254336,0.0208333,800.021
44556,0.114319,0.0134637,0.0208333,800.021
44580,0.269794,-0.0199464,0.0208333,800.048
44604,0.260193,-0.0314691,0.0208333,800.178
44628,0.149304,-0.038297,0.0208333,800.261
44652,0.379519,-0.0016425,0.0208333,801.109
44676,0.355867,-0.00161835,0.0208333,801.12
44700,0.038251,0.00161835,0.0208333,800.001
44724,0.338251,-0.00161855,0.0208333,801.129
44748,0.0558668,0.00161855,0.0208333,800.0
44772,0.106925,-0.0259113,0.0208333,800.228
44796,0.201159,-0.028164,0.0208333,800.054
44820,0.264908,-0.0395795,0.0208333,803.694
44844,0.258401,-0.0280665,0.0208333,800.094
44868,0.299399,-0.0311297,0.0208333,800.893
44892,0.181341,-0.0357171,0.0208333,800.206
44916,0.122354,-0.0321144,0.0208333,800.188
44940,0.180646,-0.0391654,0.0208333,801.081
44964,0.123388,-0.0237024,0.0208333,800.132
44988,0.241518,-0.0361813,0.0208333,800.289
45012,0.254105,-0.0370308,0.0208333,800.679
45036,0.175587,0.0341343,0.0208333,800.031
45060,0.156045,-0.0320477,0.0208333,800.24
45084,0.156285,-0.00202952,0.0208333,800.004
45108,0.184437,-0.0380555,0.0208333,800.249
45132,0.299091,-0.0253391,0.0208333,800.804
45156,0.100909,-0.0253391,0.0208333,801.304
45180,0.264548,-0.0370165,0.0208333,803.114
45204,0.283571,-0.0383181,0.0208333,802.276
45228,0.177054,-0.0290262,0.0208333,800.129
45252,0.161472,0.032646,0.0208333,800.03
45276,0.234308,-0.0290463,0.0208333,800.07
45300,0.11494,-0.0391609,0.0208333,801.745
45324,0.116438,-0.0391677,0.0208333,801.692
45348,0.20423,-0.0268176,0.0208333,800.033
45372,0.26148,-0.0266968,0.0208333,800.087
45396,0.127175,-0.0386847,0.0208333,800.661
45420,0.212222,-0.0344121,0.0208333,800.154
45444,0.0945541,-0.00334016,0.0208333,799.999
45468,0.305615,-0.00333053,0.0208333,800.996
45492,0.122016,-0.0347399,0.0208333,800.237
45516,0.123755,-0.0346281,0.0208333,800.239
45540,0.299593,-0.0350438,0.0208333,800.915
45564,0.122241,-0.0124399,0.0208333,800.265
45588,0.175515,-0.0323521,0.0208333,800.177
45612,0.232772,-0.0323848,0.0208333,800.122
45636,0.130852,-0.0341458,0.0208333,800.236
45660,0.132707,-0.0341153,0.0208333,800.235
45684,0.13851,-0.0336998,0.0208333,800.235
45708,0.191057,-0.0391389,0.0208333,801.263
45732,0.192528,-0.0391998,0.0208333,801.343
45756,0.129077,-0.0342501,0.0208333,800.238
45780,0.00604069,-0.00749527,0.0208333,800.0
45804,0.127302,-0.0343611,0.0208333,800.238
45828,0.120247,-0.0347898,0.0208333,800.231
45852,0.289657,-0.0368883,0.0208333,801.911
45876,0.168012,-0.0292656,0.0208333,800.149
45900,0.134701,-0.0339974,0.0208333,800.234
45924,0.136597,-0.0337999,0.0208333,800.235
45948,0.225301,-0.0293272,0.0208333,800.077
45972,0.125535,-0.0345863,0.0208333,800.24
45996,0.150828,-0.0319656,0.0208333,800.242
46020,0.187929,-0.0384211,0.0208333,800.239
46044,0.21954,-0.038471,0.0208333,800.538
46068,0.182128,-0.0382708,0.0208333,800.252
46092,0.164071,-0.0391298,0.0208333,801.251
46116,0.28064,0.0102929,0.0208333,800.014
46140,0.167335,-0.0343781,0.0208333,800.215
46164,0.352927,0.00671083,0.0208333,800.015
46188,0.0411909,-0.00671083,0.0208333,800.0
46212,0.0529272,-0.00670977,0.0208333,800.0
46236,0.34119,0.00670977,0.0208333,800.01
46260,0.382423,0.00668694,0.0208333,800.018
46284,0.299604,-0.0365419,0.0208333,800.972
46308,0.100398,-0.0365377,0.0208333,802.827
46332,0.205414,-0.0118918,0.0208333,800.011
46356,0.161627,0.0214663,0.0208333,800.02
46380,0.249838,0.0320758,0.0208333,800.019
46404,0.11894,-0.0176741,0.0208333,800.213
46428,0.244918,-0.0310687,0.0208333,800.11
46452,0.00869412,-0.00860608,0.0208333,800.0
46476,0.18363,-0.0383701,0.0208333,800.273
46500,0.112521,0.0106065,0.0208333,800.016
46524,0.298157,-0.0269585,0.0208333,800.752
46548,0.15987,-0.0347386,0.0208333,800.242
46572,0.242363,-0.035912,0.0208333,800.249
46596,0.305821,-0.00680852,0.0208333,801.638
46620,0.0942233,-0.00679823,0.0208333,799.998
46644,0.179346,-0.0381399,0.0208333,800.274
46668,0.18329,-0.0331008,0.0208333,800.161
46692,0.154578,0.0147445,0.0208333,800.022
46716,0.106108,-0.0370415,0.0208333,801.241
46740,0.236567,-0.0395918,0.0208333,803.582
46764,0.283168,-0.0311653,0.0208333,802.429
46788,0.211238,0.0333526,0.0208333,800.025
46812,0.379516,0.00169109,0.0208333,800.367
46836,0.355867,0.00170734,0.0208333,800.379
46860,0.038251,-0.00170734,0.0208333,800.0
46884,0.338251,0.00170714,0.0208333,800.359
46908,0.0558668,-0.00170714,0.0208333,799.999
46932,0.393979,0.00750869,0.0208333,799.997
46956,0.138779,-0.0384086,0.0208333,800.257
46980,0.391322,0.00861432,0.0208333,800.007
47004,0.184015,-0.0321588,0.0208333,800.155
47028,0.382467,-0.00333255,0.0208333,801.169
47052,0.352928,-0.00326171,0.0208333,801.151
47076,0.0411894,0.00326171,0.0208333,800.0
47100,0.341189,-0.00326189,0.0208333,801.143
47124,0.0529283,0.00326189,0.0208333,800.001
47148,0.137315,-0.0392025,0.0208333,801.108
47172,0.222043,-0.0369527,0.0208333,800.216
47196,0.204925,-0.0349052,0.0208333,800.163
47220,0.125652,-0.0383525,0.0208333,800.459
47244,0.229823,-0.0391535,0.0208333,802.075
47268,0.228331,-0.0391535,0.0208333,802.034
47292,0.25004,-0.0381855,0.0208333,801.092
47316,0.103548,-0.0271617,0.0208333,800.268
47340,0.25895,-0.0395956,0.0208333,804.453
47364,0.29037,-0.0369563,0.0208333,801.896
47388,0.251971,-0.0123553,0.0208333,800.009
47412,0.119666,-0.0363325,0.0208333,800.236
47436,0.188025,-0.039224,0.0208333,801.294
47460,0.186558,-0.0392588,0.0208333,801.297
47484,0.194734,-0.0123151,0.0208333,800.008
47508,0.385355,0.00834536,0.0208333,800.02
47532,0.044123,-0.00836925,0.0208333,800.0
47556,0.349995,0.00836925,0.0208333,800.013
47580,0.344123,0.00836819,0.0208333,800.007
47604,0.0499951,-0.00836819,0.0208333,800.0
47628,0.244877,-0.0391726,0.0208333,803.018
47652,0.285069,-0.037009,0.0208333,802.24
47676,0.101055,-0.0341649,0.0208333,802.262
47700,0.223433,0.0369899,0.0208333,800.031
47724,0.28003,-0.0380048,0.0208333,802.517
47748,0.28,-0.0372141,0.0208333,802.442
47772,0.280684,-0.0384314,0.0208333,802.485
47796,0.165778,-0.0355013,0.0208333,800.215
47820,0.161243,-0.0392294,0.0208333,801.261
47844,0.162608,-0.0392585,0.0208333,801.423
47868,0.218525,-0.0351524,0.0208333,800.166
47892,0.100544,-0.0350206,0.0208333,802.529
47916,0.2634,-0.039605,0.0208333,805.767
47940,0.213061,-0.0368038,0.0208333,800.19
47964,0.165641,-0.0391675,0.0208333,801.367
47988,0.14028,-0.0391928,0.0208333,801.083
48012,0.166371,-0.0370802,0.0208333,800.223
48036,0.349996,-0.00155653,0.0208333,801.118
48060,0.0441216,0.00155653,0.0208333,800.001
48084,0.0499962,0.00155671,0.0208333,800.001
48108,0.344121,-0.00155671,0.0208333,801.122
48132,0.385813,-0.00169086,0.0208333,801.106
48156,0.21495,-0.0341966,0.0208333,800.153
48180,0.112699,-0.0396034,0.0208333,802.395
48204,0.128032,-0.0386819,0.0208333,800.671
48228,0.217934,-0.0391741,0.0208333,801.791
48252,0.219437,-0.0392297,0.0208333,801.838
48276,0.148452,-0.0317776,0.0208333,800.24
48300,0.258857,0.0363997,0.0208333,800.037
48324,0.252871,0.0368064,0.0208333,800.036
48348,0.159977,-0.0307132,0.0208333,800.227
48372,0.217247,-0.030574,0.0208333,800.087
48396,0.158187,-0.039143,0.0208333,801.155
48420,0.156711,-0.0392195,0.0208333,801.097
48444,0.282098,-0.0392161,0.0208333,802.731
48468,0.280629,-0.0392371,0.0208333,802.896
48492,0.114071,0.00753357,0.0208333,800.009
48516,0.146109,-0.0317717,0.0208333,800.24
48540,0.271549,-0.0391229,0.0208333,802.977
48564,0.10365,0.0277626,0.0208333,800.027
48588,0.29625,0.027753,0.0208333,800.026
48612,0.269044,0.0270853,0.0208333,800.012
48636,0.147058,0.0368604,0.0208333,800.029
48660,0.141158,0.0364462,0.0208333,800.03
48684,0.265999,-0.0355585,0.0208333,802.176
48708,0.143773,-0.0316288,0.0208333,800.232
48732,0.266929,-0.0369168,0.0208333,802.958
48756,0.156662,0.00395755,0.0208333,800.019
48780,0.275345,-0.032169,0.0208333,801.753
48804,0.152392,0.0337004,0.0208333,800.032
48828,0.179276,-0.033616,0.0208333,800.173
48852,0.152754,-0.0174247,0.0208333,800.103
48876,0.193199,-0.0153386,0.0208333,800.005
48900,0.250431,-0.0153758,0.0208333,800.009
48924,0.0529234,-0.00340057,0.0208333,799.999
48948,0.341194,0.00340057,0.0208333,800.256
48972,0.352923,0.00340181,0.0208333,800.267
48996,0.0411948,-0.00340181,0.0208333,799.999
49020,0.382501,0.00336234,0.0208333,800.304
49044,0.245065,-0.0351066,0.0208333,800.213
49068,0.184844,-0.0357235,0.0208333,800.193
49092,0.27995,-0.0338735,0.0208333,802.649
49116,0.130616,0.0274535,0.0208333,800.025
49140,0.236536,-0.0336239,0.0208333,800.135
49164,0.249911,-0.0396228,0.0208333,804.578
49188,0.132337,-0.0182652,0.0208333,800.239
49212,0.179886,-0.039574,0.0208333,801.764
49236,0.10063,-0.0311148,0.0208333,802.026
49260,0.0470593,-0.00673743,0.0208333,800.0
49284,0.347058,0.00673743,0.0208333,800.013
49308,0.264,-0.0353348,0.0208333,801.194
49332,0.208331,-0.0370489,0.0208333,800.211
49356,0.279224,0.0281354,0.0208333,799.986
49380,0.192174,-0.0322359,0.0208333,800.134
49404,0.168015,-0.0358297,0.0208333,800.215
49428,0.273371,0.0296876,0.0208333,799.995
49452,0.278755,-0.0291522,0.0208333,801.384
49476,0.285701,-0.0309016,0.0208333,802.166
49500,0.130755,-0.036066,0.0208333,800.238
49524,0.149994,0.0323292,0.0208333,800.03
49548,0.13793,-0.0371735,0.0208333,800.227
49572,0.120438,0.0280619,0.0208333,800.029
49596,0.136987,-0.0153809,0.0208333,800.236
49620,0.153402,-0.038644,0.0208333,800.538
49644,0.168413,-0.038412,0.0208333,800.04
49668,0.290758,-0.0305817,0.0208333,802.082
49692,0.014221,0.00175764,0.0208333,800.0
49716,0.0235294,-0.00327049,0.0208333,799.999
49740,0.326471,-0.00163377,0.0208333,801.128
49764,0.0588118,0.00327793,0.0208333,800.001
49788,0.0175663,0.00335491,0.0208333,800.001
49812,0.0647048,-0.00329648,0.0208333,800.0
49836,0.0142558,-0.00161716,0.0208333,800.0
49860,0.3765,-0.00328647,0.0208333,801.169
49884,0.0735294,0.00163524,0.0208333,800.001
49908,0.0705882,0.00327049,0.0208333,800.001
49932,0.31469,0.001699,0.0208333,800.315
49956,0.0735294,-0.00163524,0.0208333,800.0
49980,0.364706,-0.00327049,0.0208333,801.166
50004,0.323529,-0.00327049,0.0208333,801.126
50028,0.0823554,-0.00326275,0.0208333,799.999
50052,0.31468,-0.00160308,0.0208333,801.092
50076,0.361762,-0.00162713,0.0208333,801.114
50100,0.061762,0.00162715,0.0208333,800.001
50124,0.376498,0.00333729,0.0208333,800.303
50148,0.0617609,-0.00166302,0.0208333,800.0
50172,0.0323568,-0.00166304,0.0208333,800.0
50196,0.329412,-0.00326901,0.0208333,801.137
50220,0.0705882,-0.0032768,0.0208333,799.999
50244,0.37355,0.00166689,0.0208333,800.378
50268,0.01126,0.00368403,0.0208333,800.001
50292,0.317647,-0.00327049,0.0208333,801.112
50316,0.067647,-0.00164155,0.0208333,800.0
50340,0.370591,-0.00326597,0.0208333,801.167
50364,0.0794142,-0.0016275,0.0208333,800.0
50388,0.326471,0.00164303,0.0208333,800.359
50412,0.035307,-0.00333795,0.0208333,799.999
50436,0.373549,-0.00162328,0.0208333,801.105
50460,0.335307,0.00333793,0.0208333,800.245
50484,0.332357,0.0016645,0.0208333,800.366
50508,0.332356,-0.00162568,0.0208333,801.128
50532,0.0235294,0.00327049,0.0208333,800.001
50556,0.358812,-0.00327791,0.0208333,801.16
50580,0.311809,0.00339816,0.0208333,800.118
50604,0.085311,0.00168942,0.0208333,800.001
50628,0.085321,-0.00161267,0.0208333,800.0
50652,0.0676471,0.00163524,0.0208333,800.0
50676,0.0647059,0.00327049,0.0208333,800.001
50700,0.335306,-0.00327793,0.0208333,801.142
50724,0.0881898,0.00338083,0.0208333,799.998
50748,0.323529,0.0032768,0.0208333,800.209
50772,0.311717,-0.00328553,0.0208333,801.075
50796,0.0764706,-0.00327049,0.0208333,799.999
50820,0.0323557,0.00162713,0.0208333,800.0
50844,0.0264706,-0.00163524,0.0208333,800.0
50868,0.317657,0.00330209,0.0208333,800.176
50892,0.0823454,0.00330983,0.0208333,800.0
50916,0.0764706,0.00327049,0.0208333,800.001
50940,0.320588,-0.00163524,0.0208333,801.12
50964,0.0882872,-0.00330138,0.0208333,799.999
50988,0.0294128,-0.00329017,0.0208333,799.999
51012,0.0294118,0.00327049,0.0208333,800.0
51036,0.0264706,0.00163524,0.0208333,800.0
51060,0.0588107,-0.00333793,0.0208333,800.0
51084,0.358811,0.00333795,0.0208333,800.282
51108,0.0794142,0.00164298,0.0208333,800.001
51132,0.361761,0.00166304,0.0208333,800.374
51156,0.0353059,0.00327791,0.0208333,800.0
51180,0.329413,0.00329796,0.0208333,800.231
51204,0.320588,0.00163524,0.0208333,800.346
51228,0.364705,0.00329017,0.0208333,800.297
51252,0.370592,0.0032947,0.0208333,800.296
51276,0.36765,-0.00163072,0.0208333,801.11
51300,0.0205219,-0.00162243,0.0208333,799.999
51324,0.36765,0.00163977,0.0208333,800.384
51348,0.0176011,-0.00329038,0.0208333,799.999
51372,0.0205219,0.00164806,0.0208333,800.001
51396,0.141768,-0.0392309,0.0208333,801.087
51420,0.270833,-0.0396087,0.0208333,804.408
51444,0.2882,-0.0306424,0.0208333,802.103
51468,0.123184,0.033055,0.0208333,800.028
51492,0.249283,-0.03226,0.0208333,800.138
51516,0.159692,0.0238616,0.0208333,800.021
51540,0.122794,-0.0378287,0.0208333,800.338
51564,0.172342,0.0284856,0.0208333,800.025
51588,0.238412,-0.0357961,0.0208333,800.238
51612,0.227517,-0.0379406,0.0208333,800.511
51636,0.13423,-0.00502573,0.0208333,800.019
51660,0.177424,-0.0368857,0.0208333,800.214
51684,0.293261,-0.0219175,0.0208333,801.867
51708,0.272696,-0.0345846,0.0208333,801.619
51732,0.187198,-0.0310851,0.0208333,800.132
51756,0.203763,0.0297388,0.0208333,800.025
51780,0.184568,-0.037294,0.0208333,800.219
51804,0.249539,-0.035104,0.0208333,800.238
51828,0.105244,-0.034673,0.0208333,800.617
51852,0.1923,-0.0350986,0.0208333,800.183
51876,0.265643,-0.039148,0.0208333,803.301
51900,0.133701,-0.0320579,0.0208333,800.193
51924,0.196805,-0.0384977,0.0208333,800.427
51948,0.132903,-0.0384049,0.0208333,800.245
51972,0.237609,-0.035742,0.0208333,800.23
51996,0.109782,-0.0396157,0.0208333,802.765
52020,0.10149,-0.0126373,0.0208333,801.174
52044,0.298582,-0.0126373,0.0208333,801.599
52068,0.12345,-0.0148365,0.0208333,800.257
52092,0.18043,-0.0357729,0.0208333,800.207
52116,0.123349,-0.0377989,0.0208333,800.353
52140,0.144711,-0.0392218,0.0208333,801.072
52164,0.173556,-0.0312606,0.0208333,800.174
52188,0.230816,-0.031279,0.0208333,800.104
52212,0.230196,-0.0379597,0.0208333,800.616
52236,0.115697,-0.0395453,0.0208333,802.029
52260,0.191225,-0.0292516,0.0208333,800.086
52284,0.222316,0.0278316,0.0208333,800.024
52308,0.207625,-0.0365581,0.0208333,800.19
52332,0.162077,0.038465,0.0208333,800.03
52356,0.118698,-0.00720403,0.0208333,800.127
52380,0.293883,-0.0383722,0.0208333,801.411
52404,0.167141,-0.0392134,0.0208333,801.659
52428,0.231435,-0.0383178,0.0208333,800.701
52452,0.146889,-0.0379212,0.0208333,800.243
52476,0.205909,0.0369814,0.0208333,800.032
52500,0.211791,0.0365747,0.0208333,800.031
52524,0.276724,0.0334618,0.0208333,800.002
52548,0.140459,-0.0323318,0.0208333,800.222
52572,0.0470593,-0.0034585,0.0208333,799.999
52596,0.347058,0.0034585,0.0208333,800.249
52620,0.213109,-0.033914,0.0208333,800.152
52644,0.165705,-0.0383812,0.0208333,800.049
52668,0.208731,-0.0171303,0.0208333,800.006
52692,0.26052,-0.0396148,0.0208333,805.154
52716,0.296296,-0.0270186,0.0208333,801.309
52740,0.161251,-0.0105663,0.0208333,800.002
52764,0.153867,0.0046691,0.0208333,800.016
52788,0.146933,-0.00857547,0.0208333,800.012
52812,0.157449,-0.0302091,0.0208333,800.24
52836,0.108109,-0.0396424,0.0208333,802.441
52860,0.191791,-0.0396067,0.0208333,802.238
52884,0.203699,-0.0378908,0.0208333,800.298
52908,0.190865,0.0385431,0.0208333,800.03
52932,0.155263,0.0327145,0.0208333,800.033
52956,0.154889,-0.0300094,0.0208333,800.237
52980,0.101665,-0.0373257,0.0208333,802.377
53004,0.298436,-0.0373117,0.0208333,801.073
53028,0.291644,-0.0347498,0.0208333,801.934
53052,0.107374,-0.0384762,0.0208333,802.066
53076,0.227536,-0.0273562,0.0208333,800.037
53100,0.170271,-0.0273344,0.0208333,800.139
53124,0.294225,-0.00976997,0.0208333,801.319
53148,0.106165,-0.00995741,0.0208333,800.386
53172,0.216197,-0.0109448,0.0208333,800.014
53196,0.249174,-0.0383462,0.0208333,801.56
53220,0.203022,0.0325686,0.0208333,800.027
53244,0.107829,-0.0315476,0.0208333,800.232
53268,0.197003,-0.039224,0.0208333,801.348
53292,0.195578,-0.0392234,0.0208333,801.501
53316,0.190122,-0.0377903,0.0208333,800.206
53340,0.240936,-0.035643,0.0208333,800.23
53364,0.296252,-0.0317163,0.0208333,801.224
53388,0.105457,-0.0151894,0.0208333,800.176
53412,0.299197,-0.0358254,0.0208333,800.909
53436,0.185521,0.0289682,0.0208333,800.022
53460,0.293151,0.0153124,0.0208333,800.012
53484,0.199616,-0.0372435,0.0208333,800.217
53508,0.229362,0.0370774,0.0208333,800.03
53532,0.270666,-0.028323,0.0208333,800.177
53556,0.250604,0.0291847,0.0208333,800.029
53580,0.14924,0.0294578,0.0208333,800.028
53604,0.261186,-0.0348704,0.0208333,800.509
53628,0.100377,-0.0379166,0.0208333,803.469
53652,0.299622,-0.0379148,0.0208333,801.044
53676,0.291179,0.0176899,0.0208333,800.015
53700,0.0499912,-0.00178006,0.0208333,800.0
53724,0.349991,0.0017813,0.0208333,800.362
53748,0.344126,0.00178006,0.0208333,800.347
53772,0.0441269,-0.0017813,0.0208333,799.999
53796,0.385851,0.00167045,0.0208333,800.379
53820,0.299117,-0.034204,0.0208333,800.888
53844,0.214887,-0.0393525,0.0208333,801.966
53868,0.251609,-0.0396363,0.0208333,803.752
53892,0.211166,-0.0379998,0.0208333,800.367
53916,0.240354,-0.0392425,0.0208333,802.919
53940,0.218982,-0.0380363,0.0208333,800.53
53964,0.156972,-0.025959,0.0208333,800.214
53988,0.199173,-0.0367498,0.0208333,800.186
54012,0.242983,-0.032992,0.0208333,800.139
54036,0.155445,0.0385256,0.0208333,800.025
54060,0.220118,-0.0373153,0.0208333,800.261
54084,0.150866,-0.0392245,0.0208333,800.995
54108,0.167298,-0.0352663,0.0208333,800.215
54132,0.132989,-0.0369554,0.0208333,800.232
54156,0.148453,-0.0378975,0.0208333,800.254
54180,0.148354,-0.0370446,0.0208333,800.219
54204,0.00560226,0.00505451,0.0208333,800.001
54228,0.394401,-0.00502419,0.0208333,801.355
54252,0.262297,-0.0373115,0.0208333,802.154
54276,0.169993,-0.0178697,0.0208333,800.012
54300,0.128284,-0.0393676,0.0208333,801.498
54324,0.126929,-0.0393703,0.0208333,801.466
54348,0.191192,0.0328934,0.0208333,800.025
54372,0.255844,0.0384174,0.0208333,800.036
54396,0.247687,-0.0392676,0.0208333,803.044
54420,0.213497,-0.0393001,0.0208333,802.06
54444,0.173218,-0.0392628,0.0208333,801.207
54468,0.174598,-0.0392626,0.0208333,801.104
54492,0.274661,-0.0384161,0.0208333,802.437
54516,0.153689,-0.0392865,0.0208333,801.204
54540,0.1975,0.0385963,0.0208333,800.032
54564,0.174391,-0.0385723,0.0208333,800.239
54588,0.159033,-0.0351581,0.0208333,800.24
54612,0.153509,0.00797655,0.0208333,800.021
54636,0.00607623,0.00750385,0.0208333,800.001
54660,0.393924,-0.00748266,0.0208333,801.792
54684,0.101429,0.0365606,0.0208333,800.028
54708,0.298571,0.0365606,0.0208333,800.038
54732,0.116948,-0.0156618,0.0208333,800.235
54756,0.234395,-0.0383633,0.0208333,800.771
54780,0.227437,-0.0364873,0.0208333,800.231
54804,0.225742,-0.0173967,0.0208333,800.01
54828,0.214726,-0.038662,0.0208333,800.662
54852,0.274599,-0.0341765,0.0208333,802.05
54876,0.303388,0.00855966,0.0208333,799.999
54900,0.0967098,0.00860407,0.0208333,800.002
54924,0.103389,0.0385606,0.0208333,800.026
54948,0.296611,0.0385606,0.0208333,800.049
54972,0.184599,-0.0216902,0.0208333,800.011
54996,0.241836,-0.0217115,0.0208333,800.01
55020,0.25245,-0.0346637,0.0208333,800.238
55044,0.195217,-0.0346749,0.0208333,800.176
55068,0.0116557,-0.0069407,0.0208333,800.0
55092,0.14416,0.0384211,0.0208333,800.026
55116,0.145188,-0.0353357,0.0208333,800.243
55140,0.284944,-0.0383498,0.0208333,802.196
55164,0.280109,-0.0245277,0.0208333,800.522
55188,0.179356,-0.0269547,0.0208333,800.086
55212,0.236605,-0.026975,0.0208333,800.039
55236,0.111906,-0.0305397,0.0208333,800.225
55260,0.285449,-0.0378392,0.0208333,802.104
55284,0.168305,-0.0339774,0.0208333,800.214
55308,0.116261,-0.0267315,0.0208333,800.135
55332,0.101975,-0.0380791,0.0208333,802.471
55356,0.298119,-0.0380454,0.0208333,801.042
55380,0.103143,-0.03132,0.0208333,800.71
55404,0.0988104,0.00655605,0.0208333,799.998
55428,0.301431,0.00644568,0.0208333,800.0
55452,0.19863,-0.0383174,0.0208333,800.347
55476,0.173389,-0.035713,0.0208333,800.214
55500,0.224333,-0.0265381,0.0208333,800.025
55524,0.166986,-0.0264849,0.0208333,800.143
55548,0.150964,-0.0304426,0.0208333,800.242
55572,0.221032,-0.0256992,0.0208333,800.018
55596,0.208198,-0.0272796,0.0208333,800.035
55620,0.265319,-0.0271758,0.0208333,800.117
55644,0.236297,-0.0351716,0.0208333,800.2
55668,0.234999,0.0369751,0.0208333,800.031
55692,0.25824,-0.0323493,0.0208333,800.194
55716,0.179025,-0.035182,0.0208333,800.203
55740,0.235322,-0.0373682,0.0208333,800.436
55764,0.115013,-0.0372917,0.0208333,800.372
55788,0.273667,-0.0276111,0.0208333,800.379
55812,0.277579,-0.0170944,0.0208333,800.058
55836,0.284533,-0.035079,0.0208333,802.587
55860,0.298923,-0.0322567,0.0208333,800.864
55884,0.138059,-0.0396133,0.0208333,801.894
55908,0.170813,0.0369026,0.0208333,800.03
55932,0.176435,0.036992,0.0208333,800.032
55956,0.0112515,-0.00356939,0.0208333,799.999
55980,0.229077,-0.0395844,0.0208333,803.133
56004,0.12947,-0.0287603,0.0208333,800.129
56028,0.101219,-0.0174438,0.0208333,801.089
56052,0.293297,-0.0305203,0.0208333,801.971
56076,0.106843,-0.0372285,0.0208333,801.229
56100,0.225492,-0.0383192,0.0208333,800.628
56124,0.11078,-0.0384262,0.0208333,801.259
56148,0.100776,-0.0372339,0.0208333,802.766
56172,0.299227,-0.0372363,0.0208333,800.927
56196,0.295191,-0.0344588,0.0208333,801.56
56220,0.135438,-0.0282753,0.0208333,800.159
56244,0.187299,-0.0396277,0.0208333,802.31
56268,0.189682,-0.0370788,0.0208333,800.209
56292,0.182918,-0.0378668,0.0208333,800.232
56316,0.216059,-0.0312669,0.0208333,800.099
56340,0.224824,-0.0356201,0.0208333,800.178
56364,0.156198,0.0179914,0.0208333,800.019
56388,0.213382,-0.0270104,0.0208333,800.026
56412,0.245578,-0.0396277,0.0208333,804.06
56436,0.265001,-0.0363745,0.0208333,802.762
56460,0.265744,-0.0363963,0.0208333,803.101
56484,0.224863,-0.037836,0.0208333,800.438
56508,0.230044,0.0342394,0.0208333,800.026
56532,0.249091,-0.0391742,0.0208333,803.081
56556,0.19416,-0.0234519,0.0208333,800.016
56580,0.251382,-0.0234695,0.0208333,800.033
56604,0.277831,-0.035171,0.0208333,802.546
56628,0.140231,-0.0383844,0.0208333,800.249
56652,0.10104,-0.0216791,0.0208333,801.154
56676,0.282896,-0.037873,0.0208333,802.282
56700,0.279207,-0.0383015,0.0208333,802.531
56724,0.190755,-0.0378938,0.0208333,800.182
56748,0.161937,-0.0396663,0.0208333,802.655
56772,0.199333,-0.0278189,0.0208333,800.052
56796,0.256561,-0.027816,0.0208333,800.092
56820,0.398516,-0.00254153,0.0208333,801.017
56844,0.00148681,0.00255067,0.0208333,800.0
56868,0.398433,0.0025242,0.0208333,800.4
56892,0.00156811,-0.00250652,0.0208333,800.0
56916,0.101678,-0.026969,0.0208333,801.26
56940,0.125644,-0.0234907,0.0208333,800.131
56964,0.233358,-0.0260106,0.0208333,800.029
56988,0.176102,-0.0259862,0.0208333,800.087
57012,0.121734,-0.0379002,0.0208333,800.418
57036,0.281487,-0.0370612,0.0208333,802.365
57060,0.133656,-0.0156407,0.0208333,800.233
57084,0.168936,-0.0380667,0.0208333,800.12
57108,0.142498,-0.00237757,0.0208333,800.001
57132,0.190715,-0.0345339,0.0208333,800.177
57156,0.239615,-0.0329359,0.0208333,800.138
57180,0.148138,-0.0258624,0.0208333,800.241
57204,0.258218,-0.039164,0.0208333,804.141
57228,0.273913,-0.0226885,0.0208333,800.111
57252,0.247902,-0.0344932,0.0208333,800.191
57276,0.297219,-0.0313833,0.0208333,801.082
57300,0.388442,0.00695968,0.0208333,800.005
57324,0.145939,-0.0358167,0.0208333,800.248
57348,0.21221,-0.0303727,0.0208333,800.08
57372,0.145972,-0.03664,0.0208333,800.229
57396,0.100814,-0.03969,0.0208333,804.815
57420,0.299185,-0.0396866,0.0208333,802.656
57444,0.189036,-0.0339068,0.0208333,800.169
57468,0.194174,-0.03709,0.0208333,800.193
57492,0.180725,-0.0383907,0.0208333,800.293
57516,0.187258,-0.0332699,0.0208333,800.165
57540,0.281622,-0.0288124,0.0208333,801.584
57564,0.197684,0.0330851,0.0208333,800.028
57588,0.137295,-0.0384114,0.0208333,800.247
57612,0.216766,-0.0378487,0.0208333,800.392
57636,0.244033,0.0319804,0.0208333,800.02
57660,0.146477,-0.0247168,0.0208333,800.242
57684,0.219226,-0.0263242,0.0208333,800.026
57708,0.235152,-0.0380887,0.0208333,800.699
57732,0.105625,-0.037836,0.0208333,802.129
57756,0.243285,0.0289631,0.0208333,800.028
57780,0.217946,-0.0231658,0.0208333,800.01
57804,0.286635,0.028597,0.0208333,800.0
57828,0.218672,-0.0396213,0.0208333,803.007
57852,0.20003,-0.0383962,0.0208333,800.371
57876,0.102349,0.00133761,0.0208333,800.004
57900,0.263738,-0.0344477,0.0208333,800.612
57924,0.262789,-0.0342538,0.0208333,800.45
57948,0.262654,-0.0391742,0.0208333,806.081
57972,0.24259,-0.0350073,0.0208333,800.209
57996,0.27475,-0.0369509,0.0208333,802.31
58020,0.225875,-0.0368208,0.0208333,800.233
58044,0.261827,-0.0147144,0.0208333,800.008
58068,0.168676,-0.0303295,0.0208333,800.178
58092,0.256707,-0.0382724,0.0208333,802.217
58116,0.136521,-0.0380269,0.0208333,800.235
58140,0.157457,-0.0396504,0.0208333,802.055
58164,0.238352,0.0314681,0.0208333,800.023
58188,0.194636,-0.0378087,0.0208333,800.224
58212,0.19363,-0.0339855,0.0208333,800.168
58236,0.281343,-0.0396338,0.0208333,803.274
58260,0.25086,-0.0339687,0.0208333,800.19
58284,0.256675,-0.0366166,0.0208333,800.788
58308,0.38886,0.00360937,0.0208333,800.314
58332,0.261992,-0.0379913,0.0208333,803.202
58356,0.295927,-0.0349608,0.0208333,801.359
58380,0.108227,-0.0241648,0.0208333,800.219
58404,0.216137,-0.0326299,0.0208333,800.127
58428,0.100317,-0.0392271,0.0208333,805.074
58452,0.299682,-0.0392237,0.0208333,800.259
58476,0.246474,-0.0386682,0.0208333,801.769
58500,0.276852,-0.0268855,0.0208333,800.646
58524,0.179052,-0.032585,0.0208333,800.166
58548,0.100942,-0.035798,0.0208333,802.472
58572,0.192646,-0.0341474,0.0208333,800.169
58596,0.104772,-0.0256075,0.0208333,800.26
58620,0.249879,-0.0341519,0.0208333,800.203
58644,0.259559,-0.0264986,0.0208333,800.087
58668,0.202312,-0.0266058,0.0208333,800.036
58692,0.236309,-0.0325983,0.0208333,800.122
58716,0.104448,-0.0371655,0.0208333,802.17
58740,0.12196,-0.0216836,0.0208333,800.141
58764,0.208789,0.0384887,0.0208333,800.032
58788,0.113271,0.0285894,0.0208333,800.028
58812,0.200601,0.0339211,0.0208333,800.027
58836,0.111741,-0.0229932,0.0208333,800.195
58860,0.225062,-0.0370291,0.0208333,800.264
58884,0.233358,-0.0334606,0.0208333,800.137
58908,0.176091,-0.0334281,0.0208333,800.186
58932,0.211026,-0.0244062,0.0208333,800.013
58956,0.188297,-0.0301122,0.0208333,800.104
58980,0.290862,-0.0354281,0.0208333,801.922
59004,0.299086,-0.0217714,0.0208333,800.79
59028,0.110689,-0.0370802,0.0208333,800.54
59052,0.186311,-0.0336169,0.0208333,800.167
59076,0.173212,-0.0365404,0.0208333,800.219
59100,0.166602,-0.035719,0.0208333,800.217
59124,0.11936,-0.0330365,0.0208333,800.223
59148,0.225971,-0.0303932,0.0208333,800.084
59172,0.279198,-0.036991,0.0208333,802.471
59196,0.274013,-0.0380422,0.0208333,802.379
59220,0.10945,-0.0298326,0.0208333,800.223
59244,0.106599,-0.0319566,0.0208333,800.262
59268,0.246247,-0.0339268,0.0208333,800.164
59292,0.271288,-0.0382933,0.0208333,802.038
59316,0.167702,-0.0365995,0.0208333,800.216
59340,0.269002,-0.0368838,0.0208333,801.679
59364,0.297372,-0.0097059,0.0208333,801.502
59388,0.102999,-0.00991855,0.0208333,800.383
59412,0.205352,-0.0339289,0.0208333,800.151
59436,0.139384,-0.031785,0.0208333,800.215
59460,0.103454,0.00422879,0.0208333,800.0
59484,0.215084,-0.0331049,0.0208333,800.131
59508,0.186034,-0.0375859,0.0208333,800.232
59532,0.170877,-0.0253449,0.0208333,800.099
59556,0.228107,-0.0253634,0.0208333,800.023
59580,0.14258,-0.0293988,0.0208333,800.211
59604,0.185909,-0.0382368,0.0208333,800.287
59628,0.131353,-0.0382537,0.0208333,800.194
59652,0.128946,-0.00763816,0.0208333,800.083
59676,0.265394,-0.0350417,0.0208333,801.238
59700,0.117713,-0.0370184,0.0208333,800.282
59724,0.11298,-0.0103154,0.0208333,800.248
59748,0.253741,-0.038362,0.0208333,802.165
59772,0.182289,-0.0224456,0.0208333,800.019
59796,0.239528,-0.0224638,0.0208333,800.011
59820,0.265687,0.027181,0.0208333,800.024
59844,0.262699,-0.0250217,0.0208333,800.08
59868,0.205479,-0.0250455,0.0208333,800.02
59892,0.270053,-0.0392161,0.0208333,803.066
59916,0.237134,-0.0351063,0.0208333,800.195
59940,0.239956,-0.0366021,0.0208333,800.303
59964,0.179902,-0.0350983,0.0208333,800.203
59988,0.270213,-0.0265209,0.0208333,800.144
60012,0.182442,-0.032854,0.0208333,800.163
60036,0.213776,-0.0373081,0.0208333,800.225
60060,0.169597,-0.0324178,0.0208333,800.198
60084,0.180568,0.0313955,0.0208333,800.025
60108,0.226397,-0.0373466,0.0208333,800.334
60132,0.306183,0.0037368,0.0208333,799.995
60156,0.0940394,0.00376129,0.0208333,800.002
60180,0.226831,-0.0324849,0.0208333,800.127
60204,0.141524,-0.0316164,0.0208333,800.223
60228,0.142528,-0.039636,0.0208333,801.864
60252,0.106094,-0.0383791,0.0208333,802.232
60276,0.212599,-0.0228381,0.0208333,800.01
60300,0.263175,-0.0374013,0.0208333,803.051
60324,0.396779,-0.00889292,0.0208333,801.855
60348,0.00322129,0.00889797,0.0208333,799.999
60372,0.396775,0.00889437,0.0208333,799.981
60396,0.00322892,-0.00888919,0.0208333,800.0
60420,0.134126,0.0273661,0.0208333,800.025
60444,0.225987,-0.0347097,0.0208333,800.157
60468,0.175571,-0.0378506,0.0208333,800.209
60492,0.111414,-0.0372019,0.0208333,800.552
60516,0.10643,-0.0332347,0.0208333,800.308
60540,0.295316,-0.0254759,0.0208333,801.674
60564,0.227591,-0.0163716,0.0208333,800.009
60588,0.302744,-0.00203422,0.0208333,800.895
60612,0.180155,-0.0379039,0.0208333,800.252
60636,0.119677,-0.0220783,0.0208333,800.149
60660,0.158973,-0.0360848,0.0208333,800.243
60684,0.223532,-0.0166207,0.0208333,800.01
60708,0.137205,-0.0308187,0.0208333,800.181
60732,0.182713,0.0335244,0.0208333,800.025
60756,0.295258,-0.0370631,0.0208333,801.392
60780,0.129714,-0.0187859,0.0208333,800.24
60804,0.27569,0.0274799,0.0208333,799.992
60828,0.240565,-0.0372204,0.0208333,800.455
60852,0.185386,-0.0370869,0.0208333,800.209
60876,0.113437,-0.0384377,0.0208333,801.04
60900,0.266184,-0.0369929,0.0208333,803.217
60924,0.259434,-0.0325055,0.0208333,800.193
60948,0.147716,-0.0383304,0.0208333,800.254
60972,0.143242,-0.0392569,0.0208333,801.129
60996,0.298164,-0.0197414,0.0208333,800.824
61020,0.152296,-0.0297394,0.0208333,800.244
61044,0.208989,-0.0238226,0.0208333,800.012
61068,0.233422,-0.0312796,0.0208333,800.101
61092,0.176164,-0.0312586,0.0208333,800.154
61116,0.216022,-0.0279797,0.0208333,800.041
61140,0.12381,0.0276089,0.0208333,800.027
61164,0.214096,-0.0186332,0.0208333,800.008
61188,0.238809,-0.0382971,0.0208333,800.735
61212,0.267966,-0.0362369,0.0208333,802.716
61236,0.246325,-0.0393439,0.0208333,803.316
61260,0.216254,-0.0384585,0.0208333,800.593
61284,0.140292,-0.0269536,0.0208333,800.201
61308,0.143998,-0.0396209,0.0208333,801.755
61332,0.165744,-0.0228585,0.0208333,800.095
61356,0.189482,-0.0383593,0.0208333,800.193
61380,0.161457,0.0269227,0.0208333,800.027
61404,0.296078,-0.0296054,0.0208333,801.17
61428,0.109248,-0.020479,0.0208333,800.219
61452,0.239801,0.0285937,0.0208333,800.028
61476,0.203935,-0.0349235,0.0208333,800.163
61500,0.198019,-0.0362069,0.0208333,800.171
61524,0.164507,-0.0187176,0.0208333,800.045
61548,0.16027,-0.0292287,0.0208333,800.212
61572,0.149724,-0.0296597,0.0208333,800.242
61596,0.255345,-0.036271,0.0208333,800.5
61620,0.295381,-0.0383037,0.0208333,801.301
61644,0.141403,-0.0301589,0.0208333,800.206
61668,0.114435,-0.0270766,0.0208333,800.157
61692,0.137709,-0.00527546,0.0208333,800.008
61716,0.294384,-0.0313433,0.0208333,801.726
61740,0.271438,-0.0331869,0.0208333,802.024
61764,0.165223,0.036609,0.0208333,800.03
61788,0.232422,-0.0363848,0.0208333,800.268
61812,0.125462,-0.0333412,0.0208333,800.208
61836,0.138425,-0.032521,0.0208333,800.222
61860,0.132704,-0.0328245,0.0208333,800.193
61884,0.129018,-0.0331771,0.0208333,800.201
61908,0.118917,-0.0243406,0.0208333,800.13
61932,0.220901,-0.0384011,0.0208333,800.492
61956,0.10539,-0.0336051,0.0208333,800.432
61980,0.113929,-0.0287611,0.0208333,800.175
62004,0.18926,-0.0308457,0.0208333,800.115
62028,0.289058,-0.0259075,0.0208333,801.962
62052,0.266079,-0.0236615,0.0208333,800.082
62076,0.121629,-0.0171603,0.0208333,800.211
62100,0.245326,-0.0341611,0.0208333,800.182
62124,0.166419,-0.0396299,0.0208333,803.564
62148,0.269429,-0.037365,0.0208333,801.725
62172,0.232663,-0.0222034,0.0208333,800.009
62196,0.142127,-0.0371301,0.0208333,800.23
62220,0.175417,-0.0222026,0.0208333,800.036
62244,0.110584,-0.0392136,0.0208333,802.077
62268,0.110728,-0.0356341,0.0208333,800.289
62292,0.283041,-0.029529,0.0208333,801.828
62316,0.16174,-0.0285288,0.0208333,800.201
62340,0.276955,-0.0350286,0.0208333,802.514
62364,0.174467,-0.0176417,0.0208333,800.008
62388,0.23181,-0.017546,0.0208333,800.009
62412,0.172826,-0.0248211,0.0208333,800.083
62436,0.230053,-0.0248404,0.0208333,800.018
62460,0.148482,-0.0303668,0.0208333,800.24
62484,0.143846,-0.0302164,0.0208333,800.227
62508,0.173664,-0.0372038,0.0208333,800.195
62532,0.111699,0.0337319,0.0208333,800.032
62556,0.279355,-0.0347394,0.0208333,802.596
62580,0.104925,-0.0378429,0.0208333,802.12
62604,0.268417,-0.0260977,0.0208333,800.119
62628,0.133757,-0.0305267,0.0208333,800.16
62652,0.202967,-0.0383837,0.0208333,800.364
62676,0.288053,-0.0289862,0.0208333,802.048
62700,0.27855,-0.027491,0.0208333,800.957
62724,0.288269,0.0337321,0.0208333,800.028
62748,0.281484,-0.0272636,0.0208333,801.217
62772,0.243494,-0.034682,0.0208333,800.186
62796,0.172475,-0.0377294,0.0208333,800.187
62820,0.151094,-0.0356371,0.0208333,800.245
62844,0.108092,-0.0302125,0.0208333,800.228
62868,0.157684,-0.0287361,0.0208333,800.232
62892,0.264633,-0.0253479,0.0208333,800.084
62916,0.207526,-0.0254007,0.0208333,800.017
62940,0.273274,-0.0371037,0.0208333,802.163
62964,0.241091,-0.0347962,0.0208333,800.189
62988,0.104219,-0.00356939,0.0208333,799.979
63012,0.211538,-0.0358894,0.0208333,800.175
63036,0.258692,-0.0246086,0.0208333,800.056
63060,0.201457,-0.0246155,0.0208333,800.014
63084,0.123024,-0.0193403,0.0208333,800.186
63108,0.114885,-0.0384307,0.0208333,801.041
63132,0.251289,-0.0329196,0.0208333,800.161
63156,0.274433,-0.0330798,0.0208333,801.864
63180,0.27364,-0.0307676,0.0208333,801.136
63204,0.194079,-0.0329346,0.0208333,800.147
63228,0.259847,-0.0228341,0.0208333,800.042
63252,0.202665,-0.0228144,0.0208333,800.009
63276,0.262511,-0.0332467,0.0208333,800.275
63300,0.16742,-0.0244321,0.0208333,800.103
63324,0.224817,-0.0245185,0.0208333,800.016
63348,0.242695,-0.0319259,0.0208333,800.123
63372,0.106288,-0.0176069,0.0208333,800.185
63396,0.273335,-0.025878,0.0208333,800.219
63420,0.234049,-0.0239162,0.0208333,800.017
63444,0.194051,-0.0383748,0.0208333,800.235
63468,0.176794,-0.0238888,0.0208333,800.054
63492,0.189449,-0.032881,0.0208333,800.152
63516,0.138018,-0.0380196,0.0208333,800.26
63540,0.187998,0.0369083,0.0208333,800.031
63564,0.134352,-0.0384314,0.0208333,800.256
63588,0.181998,-0.0248144,0.0208333,800.046
63612,0.239237,-0.0248289,0.0208333,800.023
63636,0.101949,-0.0235585,0.0208333,801.13
63660,0.135798,-0.0384163,0.0208333,800.256
63684,0.218794,0.0276881,0.0208333,800.026
63708,0.145511,-0.0281867,0.0208333,800.24
63732,0.168464,-0.0328843,0.0208333,800.214
63756,0.222232,-0.0382262,0.0208333,800.405
63780,0.240121,-0.0358752,0.0208333,800.258
63804,0.122189,-0.00733806,0.0208333,800.113
63828,0.236191,-0.0373278,0.0208333,800.388
63852,0.270141,-0.0373304,0.0208333,801.812
63876,0.276128,-0.0372046,0.0208333,802.436
63900,0.291462,0.0122186,0.0208333,800.012
63924,0.15096,-0.0372709,0.0208333,800.205
63948,0.275471,-0.0345175,0.0208333,802.287
63972,0.185115,-0.0349194,0.0208333,800.182
63996,0.258796,-0.0207138,0.0208333,800.024
64020,0.201632,-0.020664,0.0208333,800.006
64044,0.21199,-0.0383936,0.0208333,800.373
64068,0.135052,-0.0380637,0.0208333,800.247
64092,0.268598,-0.0383247,0.0208333,801.633
64116,0.147263,-0.000603559,0.0208333,800.003
64140,0.298426,-0.0359139,0.0208333,800.969
64164,0.118832,-0.031018,0.0208333,800.17
64188,0.1818,-0.0348403,0.0208333,800.185
64212,0.261267,-0.039184,0.0208333,805.075
64236,0.212149,-0.0203751,0.0208333,800.007
64260,0.234955,-0.0343484,0.0208333,800.162
64284,0.177676,-0.034348,0.0208333,800.19
64308,0.253962,-0.0259846,0.0208333,800.064
64332,0.196743,-0.0259552,0.0208333,800.032
64356,0.259798,-0.0336912,0.0208333,800.277
64380,0.128998,-0.0212702,0.0208333,800.164
64404,0.132044,-0.0130283,0.0208333,800.232
64428,0.176217,-0.0197371,0.0208333,800.012
64452,0.23346,-0.0197365,0.0208333,800.009
64476,0.282995,-0.0351334,0.0208333,802.599
64500,0.196269,-0.0396785,0.0208333,802.586
64524,0.196274,-0.0238013,0.0208333,800.013
64548,0.16632,-0.020565,0.0208333,800.058
64572,0.196687,-0.0336327,0.0208333,800.155
64596,0.253495,-0.0238358,0.0208333,800.036
64620,0.108858,-0.00162501,0.0208333,799.989
64644,0.107359,-0.0392373,0.0208333,802.263
64668,0.264476,-0.0338046,0.0208333,800.452
64692,0.253911,-0.033636,0.0208333,800.205
64716,0.202611,-0.0338275,0.0208333,800.153
64740,0.122334,-0.0383811,0.0208333,800.609
64764,0.11275,-0.0379951,0.0208333,800.948
64788,0.149003,-0.0366431,0.0208333,800.228
64812,0.20446,-0.014665,0.0208333,800.006
64836,0.116879,-0.0247887,0.0208333,800.136
64860,0.222632,-0.0375814,0.0208333,800.323
64884,0.103319,0.0334259,0.0208333,800.025
64908,0.296586,0.0334157,0.0208333,800.033
64932,0.142842,-0.0279093,0.0208333,800.213
64956,0.158111,-0.0106163,0.0208333,800.004
64980,0.14856,-0.00568799,0.0208333,800.002
65004,0.112325,-0.0290639,0.0208333,800.21
65028,0.155119,-0.0373507,0.0208333,800.24
65052,0.190593,-0.0306935,0.0208333,800.117
65076,0.269947,-0.0384913,0.0208333,801.884
65100,0.106974,-0.00451613,0.0208333,799.96
65124,0.2961,-0.0329101,0.0208333,801.3
65148,0.128854,-0.0129361,0.0208333,800.225
65172,0.144153,-0.00450343,0.0208333,800.0
65196,0.270465,-0.0380543,0.0208333,801.958
65220,0.130981,-0.0368386,0.0208333,800.234
65244,0.118923,-0.03759,0.0208333,800.397
65268,0.102709,-0.0151186,0.0208333,800.986
65292,0.210066,-0.0360762,0.0208333,800.175
65316,0.184044,-0.0360093,0.0208333,800.198
65340,0.276005,-0.0384477,0.0208333,802.593
65364,0.232353,0.038747,0.0208333,800.033
65388,0.114236,-0.0373762,0.0208333,800.443
65412,0.264257,-0.032924,0.0208333,800.338
65436,0.15246,0.036965,0.0208333,800.028
65460,0.18513,-0.0384993,0.0208333,800.29
65484,0.241049,-0.0396803,0.0208333,804.487
65508,0.180486,-0.0371709,0.0208333,800.212
65532,0.172258,-0.0186305,0.0208333,800.01
65556,0.252766,0.0338976,0.0208333,800.017
65580,0.101744,-0.0358881,0.0208333,802.235
65604,0.110248,-0.024418,0.0208333,800.209
65628,0.16944,-0.0238542,0.0208333,800.088
65652,0.226722,-0.0239051,0.0208333,800.012
65676,0.12391,-0.0383137,0.0208333,800.35
65700,0.261932,-0.023049,0.0208333,800.049
65724,0.20477,-0.0230326,0.0208333,800.007
65748,0.151554,-0.0396645,0.0208333,801.901
65772,0.396949,-1.73289e-05,0.0208333,800.688
65796,0.00305493,4.4147e-05,0.0208333,799.996
65820,0.138407,-0.0128362,0.0208333,800.148
65844,0.219378,-0.0105821,0.0208333,800.014
65868,0.155664,-0.0379111,0.0208333,800.241
65892,0.191131,-0.0384731,0.0208333,800.431
65916,0.212411,-0.0371708,0.0208333,800.21
65940,0.104369,-0.0383728,0.0208333,802.283
65964,0.151172,-0.0254611,0.0208333,800.247
65988,0.245747,-0.0298382,0.0208333,800.095
66012,0.240823,0.033613,0.0208333,800.019
66036,0.271588,-0.0253126,0.0208333,800.118
66060,0.101141,-0.0322259,0.0208333,801.901
66084,0.298473,-0.0392789,0.0208333,801.566
66108,0.101522,-0.0392978,0.0208333,803.337
66132,0.135007,-0.0373942,0.0208333,800.226
66156,0.155135,-0.0384053,0.0208333,800.201
66180,0.124014,-0.0100169,0.0208333,800.187
66204,0.115388,-0.0233151,0.0208333,800.144
66228,0.2097,-0.0372223,0.0208333,800.224
66252,0.17355,0.0387586,0.0208333,800.029
66276,0.111494,-0.0379834,0.0208333,801.039
66300,0.147164,0.0340149,0.0208333,800.035
66324,0.18611,-0.0346813,0.0208333,800.179
66348,0.102089,-0.0367196,0.0208333,802.355
66372,0.217732,-0.0252214,0.0208333,800.016
66396,0.102259,-0.0196171,0.0208333,801.062
66420,0.297926,-0.0323411,0.0208333,800.927
66444,0.287155,-0.037953,0.0208333,801.968
66468,0.202209,-0.0327974,0.0208333,800.149
66492,0.200971,-0.0325269,0.0208333,800.143
66516,0.221382,-0.0372519,0.0208333,800.257
66540,0.169086,-0.0159029,0.0208333,800.007
66564,0.275259,-0.0210767,0.0208333,800.078
66588,0.270183,0.0294697,0.0208333,799.996
66612,0.252373,-0.0392146,0.0208333,803.367
66636,0.108825,-0.0181498,0.0208333,800.203
66660,0.200502,0.037089,0.0208333,800.031
66684,0.182229,0.0285109,0.0208333,800.024
66708,0.123623,-0.0335103,0.0208333,800.211
66732,0.230906,-0.0379607,0.0208333,800.508
66756,0.226867,-0.0384189,0.0208333,800.735
66780,0.276525,-0.0379287,0.0208333,802.56
66804,0.234463,-0.0334282,0.0208333,800.141
66828,0.121947,-0.0337959,0.0208333,800.221
66852,0.177192,-0.0334109,0.0208333,800.187
66876,0.1523,-0.0393926,0.0208333,801.209
66900,0.181319,-0.0371667,0.0208333,800.202
66924,0.181464,-0.0379172,0.0208333,800.257
66948,0.120224,-0.033739,0.0208333,800.219
66972,0.25395,0.0292398,0.0208333,800.026
66996,0.14596,0.0293952,0.0208333,800.026
67020,0.241899,-0.0344298,0.0208333,800.173
67044,0.15244,-0.0281077,0.0208333,800.247
67068,0.279958,-0.0265212,0.0208333,801.048
67092,0.219101,-0.0359349,0.0208333,800.186
67116,0.126614,-0.0214966,0.0208333,800.152
67140,0.255837,-0.0261836,0.0208333,800.065
67164,0.23586,-0.0343772,0.0208333,800.163
67188,0.198615,-0.0261525,0.0208333,800.027
67212,0.159103,-0.0282488,0.0208333,800.211
67236,0.286577,-0.0384395,0.0208333,802.076
67260,0.178589,-0.0343832,0.0208333,800.194
67284,0.205829,0.0342252,0.0208333,800.03
67308,0.247015,-0.0397162,0.0208333,805.156
67332,0.230603,-0.0226842,0.0208333,800.01
67356,0.173388,-0.0226912,0.0208333,800.051
67380,0.214179,-0.0397174,0.0208333,803.415
67404,0.173889,-0.0397018,0.0208333,802.484
67428,0.286068,-0.037943,0.0208333,802.067
67452,0.278425,-0.0345361,0.0208333,802.585
67476,0.115426,-0.0379495,0.0208333,800.631
67500,0.29766,-0.0151505,0.0208333,801.343
67524,0.149451,-0.0228067,0.0208333,800.248
67548,0.235836,-0.0384929,0.0208333,800.888
67572,0.278143,-0.0335683,0.0208333,802.561
67596,0.128085,-0.0291217,0.0208333,800.125
67620,0.14448,0.000413715,0.0208333,800.004
67644,0.306389,0.00692548,0.0208333,800.002
67668,0.0937086,0.00696989,0.0208333,800.001
67692,0.176118,-0.038375,0.0208333,800.193
67716,0.103942,-0.0236341,0.0208333,800.207
67740,0.293651,0.0369645,0.0208333,800.045
67764,0.106349,0.036964,0.0208333,800.026
67788,0.268022,-0.0240739,0.0208333,800.083
67812,0.14147,-0.0122842,0.0208333,800.116
67836,0.265383,-0.0342025,0.0208333,800.785
67860,0.207032,0.0296847,0.0208333,800.025
67884,0.216287,-0.0196692,0.0208333,800.008
67908,0.127227,-0.0333484,0.0208333,800.206
67932,0.130773,-0.0329522,0.0208333,800.194
67956,0.152985,-0.0397281,0.0208333,802.025
67980,0.297283,-0.0300315,0.0208333,800.793
68004,0.121335,-0.0322423,0.0208333,800.186
68028,0.140888,-0.037961,0.0208333,800.238
68052,0.158371,0.00682047,0.0208333,800.022
68076,0.19564,-0.0337914,0.0208333,800.164
68100,0.179975,-0.0252243,0.0208333,800.064
68124,0.237221,-0.0252448,0.0208333,800.029
68148,0.252863,-0.033774,0.0208333,800.208
68172,0.218966,-0.0344714,0.0208333,800.152
68196,0.186585,-0.0386001,0.0208333,800.301
68220,0.150342,-0.0360111,0.0208333,800.249
68244,0.113571,-0.0239699,0.0208333,800.156
68268,0.141868,-0.0267051,0.0208333,800.214
68292,0.119005,-0.0367701,0.0208333,800.24
68316,0.260832,-0.0338515,0.0208333,800.274
68340,0.263336,-0.038117,0.0208333,804.764
68364,0.159311,-0.0232817,0.0208333,800.139
68388,0.183952,-0.0368396,0.0208333,800.207
68412,0.12761,-0.0397217,0.0208333,802.273
68436,0.149918,-0.0378874,0.0208333,800.252
68460,0.114116,-0.0381041,0.0208333,800.895
68484,0.146182,-0.0303795,0.0208333,800.241
68508,0.274036,-0.037326,0.0208333,802.308
68532,0.113236,-0.0257886,0.0208333,800.159
68556,0.106279,0.0338292,0.0208333,800.024
68580,0.293626,0.0338195,0.0208333,800.032
68604,0.272512,-0.0336039,0.0208333,801.859
68628,0.226075,-0.0361066,0.0208333,800.207
68652,0.110891,-0.0339886,0.0208333,800.228
68676,0.226214,-0.038038,0.0208333,800.539
68700,0.220255,-0.0196604,0.0208333,800.009
68724,0.229488,-0.0182408,0.0208333,800.01
68748,0.227204,-0.0372575,0.0208333,800.275
68772,0.209843,-0.0197324,0.0208333,800.008
68796,0.102246,-0.0322714,0.0208333,801.149
68820,0.216216,-0.0221044,0.0208333,800.008
68844,0.208255,-0.0216118,0.0208333,800.007
68868,0.216173,-0.026162,0.0208333,800.022
68892,0.152724,-0.0242027,0.0208333,800.22
68916,0.238573,-0.0331315,0.0208333,800.14
68940,0.236517,-0.038034,0.0208333,800.707
68964,0.167545,-0.0321538,0.0208333,800.211
68988,0.284203,-0.0379481,0.0208333,802.217
69012,0.239438,-0.0378242,0.0208333,800.716
69036,0.219344,-0.0372656,0.0208333,800.249
69060,0.285539,-0.029484,0.0208333,802.064
69084,0.271022,0.0340152,0.0208333,800.009
69108,0.276517,-0.024993,0.0208333,800.32
69132,0.15511,-0.0282593,0.0208333,800.239
69156,0.255137,0.0321593,0.0208333,800.018
69180,0.222315,-0.0188313,0.0208333,800.008
69204,0.111482,-0.0211452,0.0208333,800.198
69228,0.166844,-0.036526,0.0208333,800.216
69252,0.118309,-0.0364923,0.0208333,800.233
69276,0.274738,-0.024538,0.0208333,800.159
69300,0.103555,-0.0344133,0.0208333,801.109
69324,0.156,-0.0338375,0.0208333,800.239
69348,0.214645,-0.0255333,0.0208333,800.019
69372,0.137021,-0.0103814,0.0208333,800.1
69396,0.264748,-0.0355308,0.0208333,801.494
69420,0.139655,-0.0283982,0.0208333,800.203
69444,0.214475,-0.0235313,0.0208333,800.009
69468,0.137058,-0.0277192,0.0208333,800.16
69492,0.125422,-0.0193651,0.0208333,800.182
69516,0.223822,-0.0207321,0.0208333,800.009
69540,0.25681,-0.0245442,0.0208333,800.053
69564,0.199587,-0.0245073,0.0208333,800.018
69588,0.298043,-0.0367057,0.0208333,801.012
69612,0.125657,-0.029235,0.0208333,800.122
69636,0.22683,-0.0358621,0.0208333,800.184
69660,0.124481,-0.0327974,0.0208333,800.205
69684,0.19115,-0.0317986,0.0208333,800.129
69708,0.22141,-0.0236301,0.0208333,800.012
69732,0.263242,-0.03256,0.0208333,800.24
69756,0.299077,-0.0174758,0.0208333,800.746
69780,0.14484,0.0322483,0.0208333,800.033
69804,0.195115,-0.032864,0.0208333,800.147
69828,0.128087,-0.0327302,0.0208333,800.195
69852,0.13167,-0.0321994,0.0208333,800.195
69876,0.252319,-0.0328436,0.0208333,800.163
69900,0.397256,-0.00476778,0.0208333,801.39
69924,0.397169,0.00475191,0.0208333,800.15
69948,0.00274732,0.00478197,0.0208333,800.001
69972,0.00283625,-0.00472904,0.0208333,800.0
69996,0.296297,-0.0199146,0.0208333,801.871
70020,0.126316,-0.0327666,0.0208333,800.194
70044,0.178742,-0.0236138,0.0208333,800.042
70068,0.235992,-0.0236392,0.0208333,800.014
70092,0.129828,-0.0324414,0.0208333,800.196
70116,0.261528,-0.0329769,0.0208333,800.251
70140,0.209241,-0.0360491,0.0208333,800.175
70164,0.149745,-0.0247737,0.0208333,800.245
70188,0.203611,-0.0340287,0.0208333,800.156
70212,0.206281,-0.0168688,0.0208333,800.006
70236,0.145041,-0.0296061,0.0208333,800.241
70260,0.219817,-0.0221995,0.0208333,800.009
70284,0.147338,-0.0296759,0.0208333,800.24
70308,0.190451,-0.032782,0.0208333,800.155
70332,0.263644,-0.0168551,0.0208333,800.017
70356,0.286675,-0.0284417,0.0208333,801.971
70380,0.187644,-0.032237,0.0208333,800.151
70404,0.273324,-0.0328102,0.0208333,801.907
70428,0.135659,-0.0321,0.0208333,800.2
70452,0.144578,-0.0273074,0.0208333,800.241
70476,0.298294,-0.0342287,0.0208333,800.923
70500,0.144848,-0.0254416,0.0208333,800.242
70524,0.103552,-0.0334759,0.0208333,800.753
70548,0.131713,-0.0368195,0.0208333,800.231
70572,0.116962,-0.0341468,0.0208333,800.23
70596,0.106846,-0.0380745,0.0208333,802.106
70620,0.150826,-0.0212818,0.0208333,800.192
70644,0.156526,-0.0276147,0.0208333,800.227
70668,0.284234,-0.028752,0.0208333,801.85
70692,0.137469,-0.0320686,0.0208333,800.207
70716,0.262134,-0.03089,0.0208333,800.175
70740,0.153889,-0.0272641,0.0208333,800.236
70764,0.133637,-0.0380529,0.0208333,800.252
70788,0.225579,-0.0355182,0.0208333,800.171
70812,0.192011,-0.0334286,0.0208333,800.159
70836,0.120632,-0.0316644,0.0208333,800.178
70860,0.122715,-0.033121,0.0208333,800.212
70884,0.24923,-0.033438,0.0208333,800.172
70908,0.184638,-0.0341254,0.0208333,800.177
70932,0.121122,-0.0332885,0.0208333,800.217
70956,0.140099,-0.036786,0.0208333,800.229
70980,0.133652,-0.037303,0.0208333,800.228
71004,0.101402,-0.0386032,0.0208333,802.809
71028,0.298592,-0.0385825,0.0208333,800.974
71052,0.191042,-0.0336362,0.0208333,800.162
71076,0.268304,-0.036994,0.0208333,801.502
71100,0.296697,-0.0345658,0.0208333,801.319
71124,0.248219,-0.0336041,0.0208333,800.175
71148,0.223355,-0.0229917,0.0208333,800.011
71172,0.263138,-0.0314,0.0208333,800.185
71196,0.198398,-0.0369293,0.0208333,800.198
71220,0.136567,-0.0327429,0.0208333,800.218
71244,0.1994,-0.0380088,0.0208333,800.333
71268,0.188816,-0.0320497,0.0208333,800.147
71292,0.127025,-0.0284958,0.0208333,800.125
71316,0.102568,-0.0332252,0.0208333,801.272
71340,0.107486,-0.0220737,0.0208333,800.22
71364,0.398735,0.0072277,0.0208333,800.022
71388,0.00126813,-0.00722252,0.0208333,800.0
71412,0.39874,-0.00722625,0.0208333,801.693
71436,0.00126051,0.00723131,0.0208333,800.0
71460,0.107082,0.000452941,0.0208333,800.003
71484,0.100694,-0.0385325,0.0208333,803.358
71508,0.299305,-0.0385272,0.0208333,801.053
71532,0.168019,-0.0371752,0.0208333,800.212
71556,0.152672,-0.0219903,0.0208333,800.2
71580,0.191778,-0.0381112,0.0208333,800.284
71604,0.187231,-0.038166,0.0208333,800.268
71628,0.15112,-0.0272793,0.0208333,800.245
71652,0.218451,-0.0155558,0.0208333,800.007
71676,0.206082,-0.021177,0.0208333,800.008
71700,0.208156,0.0325104,0.0208333,800.026
71724,0.138034,-0.0300654,0.0208333,800.176
71748,0.146681,-0.0353519,0.0208333,800.246
71772,0.113725,-0.0198444,0.0208333,800.202
71796,0.203024,-0.0320126,0.0208333,800.122
71820,0.210331,-0.0368155,0.0208333,800.198
71844,0.265465,-0.0214587,0.0208333,800.048
71868,0.135641,-0.0369681,0.0208333,800.231
71892,0.275384,-0.0373536,0.0208333,802.437
71916,0.168535,-0.020138,0.0208333,800.042
71940,0.209038,-0.0367683,0.0208333,800.198
71964,0.127334,-0.0101941,0.0208333,800.193
71988,0.26502,-0.0321931,0.0208333,800.255
72012,0.139257,-0.0305794,0.0208333,800.206
72036,0.262647,-0.0384637,0.0208333,804.691
72060,0.138922,-0.00798289,0.0208333,800.031
72084,0.298177,-0.0236508,0.0208333,800.779
72108,0.140791,-0.0371927,0.0208333,800.225
72132,0.141384,-0.0367539,0.0208333,800.224
72156,0.176789,-0.0380143,0.0208333,800.205
72180,0.205219,-0.0190361,0.0208333,800.006
72204,0.260052,-0.0187713,0.0208333,800.022
72228,0.105355,-0.021847,0.0208333,800.216
72252,0.15694,-0.0335938,0.0208333,800.24
72276,0.10458,-0.0197094,0.0208333,800.179
72300,0.212604,-0.0379483,0.0208333,800.346
72324,0.295305,-0.0220212,0.0208333,801.728
72348,0.202872,-0.0187413,0.0208333,800.006
72372,0.262422,-0.019015,0.0208333,800.024
72396,0.295444,-0.0308331,0.0208333,801.577
72420,0.227143,-0.02161,0.0208333,800.008
72444,0.14021,-0.0296687,0.0208333,800.203
72468,0.268755,0.0321626,0.0208333,800.003
72492,0.241273,-0.0329676,0.0208333,800.134
72516,0.220258,-0.0380732,0.0208333,800.519
72540,0.139304,-0.0256028,0.0208333,800.204
72564,0.296264,-0.0237274,0.0208333,801.399
72588,0.221484,-0.037993,0.0208333,800.483
72612,0.230896,-0.0372942,0.0208333,800.346
72636,0.263252,-0.0211723,0.0208333,800.039
72660,0.229077,-0.0209122,0.0208333,800.008
72684,0.225704,-0.0199638,0.0208333,800.009
72708,0.134321,-0.0370121,0.0208333,800.233
72732,0.224895,-0.0310659,0.0208333,800.092
72756,0.16767,-0.0310659,0.0208333,800.201
72780,0.149686,-0.0354851,0.0208333,800.247
72804,0.275318,-0.0381025,0.0208333,802.519
72828,0.231307,-0.0369046,0.0208333,800.324
72852,0.232077,-0.0370773,0.0208333,800.327
72876,0.149736,-0.0281281,0.0208333,800.242
72900,0.242033,-0.03355,0.0208333,800.154
72924,0.269286,-0.0380875,0.0208333,801.824
72948,0.104303,-0.000634145,0.0208333,800.003
72972,0.218456,-0.0181915,0.0208333,800.008
72996,0.111841,-0.0342988,0.0208333,800.231
73020,0.146941,-0.00346246,0.0208333,800.0
73044,0.168754,-0.0373216,0.0208333,800.226
73068,0.296845,-0.0336216,0.0208333,801.133
73092,0.119555,-0.032008,0.0208333,800.201
73116,0.138163,-0.0287056,0.0208333,800.166
73140,0.273079,-0.0318066,0.0208333,801.162
73164,0.169979,-0.0218537,0.0208333,800.062
73188,0.157034,-0.0325895,0.0208333,800.239
73212,0.241551,-0.0319532,0.0208333,800.117
73236,0.171978,-0.0212145,0.0208333,800.037
73260,0.297704,-0.0333855,0.0208333,800.959
73284,0.21983,-0.0347772,0.0208333,800.161
73308,0.266399,-0.0337346,0.0208333,800.614
73332,0.279146,-0.0330602,0.0208333,802.566
