cell,x,y,z,T
168,0.208602,-0.0352868,0.000833333,800.122
169,0.208602,-0.0352868,0.0025,800.093
170,0.208602,-0.0352868,0.00416667,800.15
171,0.208602,-0.0352868,0.00583333,800.173
172,0.208602,-0.0352868,0.0075,800.19
173,0.208602,-0.0352868,0.00916667,800.19
174,0.208602,-0.0352868,0.0108333,800.174
175,0.208602,-0.0352868,0.0125,800.171
176,0.208602,-0.0352868,0.0141667,800.166
177,0.208602,-0.0352868,0.0158333,800.164
178,0.208602,-0.0352868,0.0175,800.165
179,0.208602,-0.0352868,0.0191667,800.168
180,0.208602,-0.0352868,0.0208333,800.165
181,0.208602,-0.0352868,0.0225,800.161
182,0.208602,-0.0352868,0.0241667,800.162
183,0.208602,-0.0352868,0.0258333,800.164
184,0.208602,-0.0352868,0.0275,800.177
185,0.208602,-0.0352868,0.0291667,800.166
186,0.208602,-0.0352868,0.0308333,800.183
187,0.208602,-0.0352868,0.0325,800.177
188,0.208602,-0.0352868,0.0341667,800.165
189,0.208602,-0.0352868,0.0358333,800.14
190,0.208602,-0.0352868,0.0375,800.096
191,0.208602,-0.0352868,0.0391667,800.123
192,0.158079,-0.0347657,0.000833333,800.245
193,0.158079,-0.0347657,0.0025,800.488
194,0.158079,-0.0347657,0.00416667,800.598
195,0.158079,-0.0347657,0.00583333,800.588
196,0.158079,-0.0347657,0.0075,800.546
197,0.158079,-0.0347657,0.00916667,800.447
198,0.158079,-0.0347657,0.0108333,800.342
199,0.158079,-0.0347657,0.0125,800.278
200,0.158079,-0.0347657,0.0141667,800.243
201,0.158079,-0.0347657,0.0158333,800.24
202,0.158079,-0.0347657,0.0175,800.236
203,0.158079,-0.0347657,0.0191667,800.246
204,0.158079,-0.0347657,0.0208333,800.24
205,0.158079,-0.0347657,0.0225,800.232
206,0.158079,-0.0347657,0.0241667,800.234
207,0.158079,-0.0347657,0.0258333,800.246
208,0.158079,-0.0347657,0.0275,800.274
209,0.158079,-0.0347657,0.0291667,800.327
210,0.158079,-0.0347657,0.0308333,800.431
211,0.158079,-0.0347657,0.0325,800.528
212,0.158079,-0.0347657,0.0341667,800.576
213,0.158079,-0.0347657,0.0358333,800.59
214,0.158079,-0.0347657,0.0375,800.481
215,0.158079,-0.0347657,0.0391667,800.25
1080,0.286303,-0.0347367,0.000833333,802.221
1081,0.286303,-0.0347367,0.0025,801.325
1082,0.286303,-0.0347367,0.00416667,801.563
1083,0.286303,-0.0347367,0.00583333,802.503
1084,0.286303,-0.0347367,0.0075,802.685
1085,0.286303,-0.0347367,0.00916667,802.831
1086,0.286303,-0.0347367,0.0108333,803.217
1087,0.286303,-0.0347367,0.0125,804.428
1088,0.286303,-0.0347367,0.0141667,804.238
1089,0.286303,-0.0347367,0.0158333,803.335
1090,0.286303,-0.0347367,0.0175,803.158
1091,0.286303,-0.0347367,0.0191667,803.232
1092,0.286303,-0.0347367,0.0208333,802.579
1093,0.286303,-0.0347367,0.0225,801.188
1094,0.286303,-0.0347367,0.0241667,801.448
1095,0.286303,-0.0347367,0.0258333,802.582
1096,0.286303,-0.0347367,0.0275,803.565
1097,0.286303,-0.0347367,0.0291667,804.431
1098,0.286303,-0.0347367,0.0308333,803.791
1099,0.286303,-0.0347367,0.0325,802.548
1100,0.286303,-0.0347367,0.0341667,802.255
1101,0.286303,-0.0347367,0.0358333,801.857
1102,0.286303,-0.0347367,0.0375,801.362
1103,0.286303,-0.0347367,0.0391667,801.913
1272,0.182891,-0.0348843,0.000833333,800.047
1273,0.182891,-0.0348843,0.0025,800.131
1274,0.182891,-0.0348843,0.00416667,800.221
1275,0.182891,-0.0348843,0.00583333,800.26
1276,0.182891,-0.0348843,0.0075,800.255
1277,0.182891,-0.0348843,0.00916667,800.244
1278,0.182891,-0.0348843,0.0108333,800.222
1279,0.182891,-0.0348843,0.0125,800.213
1280,0.182891,-0.0348843,0.0141667,800.201
1281,0.182891,-0.0348843,0.0158333,800.193
1282,0.182891,-0.0348843,0.0175,800.196
1283,0.182891,-0.0348843,0.0191667,800.196
1284,0.182891,-0.0348843,0.0208333,800.188
1285,0.182891,-0.0348843,0.0225,800.178
1286,0.182891,-0.0348843,0.0241667,800.186
1287,0.182891,-0.0348843,0.0258333,800.175
1288,0.182891,-0.0348843,0.0275,800.206
1289,0.182891,-0.0348843,0.0291667,800.214
1290,0.182891,-0.0348843,0.0308333,800.231
1291,0.182891,-0.0348843,0.0325,800.256
1292,0.182891,-0.0348843,0.0341667,800.243
1293,0.182891,-0.0348843,0.0358333,800.223
1294,0.182891,-0.0348843,0.0375,800.125
1295,0.182891,-0.0348843,0.0391667,800.037
1872,0.223519,-0.0348568,0.000833333,800.197
1873,0.223519,-0.0348568,0.0025,800.085
1874,0.223519,-0.0348568,0.00416667,800.123
1875,0.223519,-0.0348568,0.00583333,800.141
1876,0.223519,-0.0348568,0.0075,800.152
1877,0.223519,-0.0348568,0.00916667,800.161
1878,0.223519,-0.0348568,0.0108333,800.153
1879,0.223519,-0.0348568,0.0125,800.151
1880,0.223519,-0.0348568,0.0141667,800.153
1881,0.223519,-0.0348568,0.0158333,800.152
1882,0.223519,-0.0348568,0.0175,800.154
1883,0.223519,-0.0348568,0.0191667,800.162
1884,0.223519,-0.0348568,0.0208333,800.161
1885,0.223519,-0.0348568,0.0225,800.153
1886,0.223519,-0.0348568,0.0241667,800.149
1887,0.223519,-0.0348568,0.0258333,800.155
1888,0.223519,-0.0348568,0.0275,800.152
1889,0.223519,-0.0348568,0.0291667,800.147
1890,0.223519,-0.0348568,0.0308333,800.153
1891,0.223519,-0.0348568,0.0325,800.142
1892,0.223519,-0.0348568,0.0341667,800.133
1893,0.223519,-0.0348568,0.0358333,800.117
1894,0.223519,-0.0348568,0.0375,800.087
1895,0.223519,-0.0348568,0.0391667,800.196
2304,0.141717,-0.0353047,0.000833333,801.08
2305,0.141717,-0.0353047,0.0025,801.184
2306,0.141717,-0.0353047,0.00416667,801.103
2307,0.141717,-0.0353047,0.00583333,800.961
2308,0.141717,-0.0353047,0.0075,800.792
2309,0.141717,-0.0353047,0.00916667,800.589
2310,0.141717,-0.0353047,0.0108333,800.411
2311,0.141717,-0.0353047,0.0125,800.302
2312,0.141717,-0.0353047,0.0141667,800.256
2313,0.141717,-0.0353047,0.0158333,800.244
2314,0.141717,-0.0353047,0.0175,800.242
2315,0.141717,-0.0353047,0.0191667,800.249
2316,0.141717,-0.0353047,0.0208333,800.247
2317,0.141717,-0.0353047,0.0225,800.241
2318,0.141717,-0.0353047,0.0241667,800.238
2319,0.141717,-0.0353047,0.0258333,800.256
2320,0.141717,-0.0353047,0.0275,800.29
2321,0.141717,-0.0353047,0.0291667,800.394
2322,0.141717,-0.0353047,0.0308333,800.565
2323,0.141717,-0.0353047,0.0325,800.753
2324,0.141717,-0.0353047,0.0341667,800.926
2325,0.141717,-0.0353047,0.0358333,801.072
2326,0.141717,-0.0353047,0.0375,801.146
2327,0.141717,-0.0353047,0.0391667,801.048
2400,0.229573,-0.0350335,0.000833333,800.257
2401,0.229573,-0.0350335,0.0025,800.094
2402,0.229573,-0.0350335,0.00416667,800.136
2403,0.229573,-0.0350335,0.00583333,800.145
2404,0.229573,-0.0350335,0.0075,800.162
2405,0.229573,-0.0350335,0.00916667,800.165
2406,0.229573,-0.0350335,0.0108333,800.158
2407,0.229573,-0.0350335,0.0125,800.157
2408,0.229573,-0.0350335,0.0141667,800.159
2409,0.229573,-0.0350335,0.0158333,800.158
2410,0.229573,-0.0350335,0.0175,800.156
2411,0.229573,-0.0350335,0.0191667,800.165
2412,0.229573,-0.0350335,0.0208333,800.164
2413,0.229573,-0.0350335,0.0225,800.157
2414,0.229573,-0.0350335,0.0241667,800.156
2415,0.229573,-0.0350335,0.0258333,800.156
2416,0.229573,-0.0350335,0.0275,800.157
2417,0.229573,-0.0350335,0.0291667,800.151
2418,0.229573,-0.0350335,0.0308333,800.157
2419,0.229573,-0.0350335,0.0325,800.144
2420,0.229573,-0.0350335,0.0341667,800.14
2421,0.229573,-0.0350335,0.0358333,800.124
2422,0.229573,-0.0350335,0.0375,800.092
2423,0.229573,-0.0350335,0.0391667,800.257
2856,0.161684,-0.0350667,0.000833333,800.152
2857,0.161684,-0.0350667,0.0025,800.364
2858,0.161684,-0.0350667,0.00416667,800.504
2859,0.161684,-0.0350667,0.00583333,800.511
2860,0.161684,-0.0350667,0.0075,800.484
2861,0.161684,-0.0350667,0.00916667,800.404
2862,0.161684,-0.0350667,0.0108333,800.316
2863,0.161684,-0.0350667,0.0125,800.262
2864,0.161684,-0.0350667,0.0141667,800.234
2865,0.161684,-0.0350667,0.0158333,800.229
2866,0.161684,-0.0350667,0.0175,800.227
2867,0.161684,-0.0350667,0.0191667,800.23
2868,0.161684,-0.0350667,0.0208333,800.228
2869,0.161684,-0.0350667,0.0225,800.225
2870,0.161684,-0.0350667,0.0241667,800.227
2871,0.161684,-0.0350667,0.0258333,800.235
2872,0.161684,-0.0350667,0.0275,800.258
2873,0.161684,-0.0350667,0.0291667,800.31
2874,0.161684,-0.0350667,0.0308333,800.389
2875,0.161684,-0.0350667,0.0325,800.466
2876,0.161684,-0.0350667,0.0341667,800.503
2877,0.161684,-0.0350667,0.0358333,800.496
2878,0.161684,-0.0350667,0.0375,800.361
2879,0.161684,-0.0350667,0.0391667,800.14
3288,0.115383,-0.0349897,0.000833333,801.096
3289,0.115383,-0.0349897,0.0025,801.143
3290,0.115383,-0.0349897,0.00416667,801.025
3291,0.115383,-0.0349897,0.00583333,800.876
3292,0.115383,-0.0349897,0.0075,800.738
3293,0.115383,-0.0349897,0.00916667,800.534
3294,0.115383,-0.0349897,0.0108333,800.376
3295,0.115383,-0.0349897,0.0125,800.279
3296,0.115383,-0.0349897,0.0141667,800.238
3297,0.115383,-0.0349897,0.0158333,800.226
3298,0.115383,-0.0349897,0.0175,800.224
3299,0.115383,-0.0349897,0.0191667,800.231
3300,0.115383,-0.0349897,0.0208333,800.23
3301,0.115383,-0.0349897,0.0225,800.222
3302,0.115383,-0.0349897,0.0241667,800.224
3303,0.115383,-0.0349897,0.0258333,800.242
3304,0.115383,-0.0349897,0.0275,800.274
3305,0.115383,-0.0349897,0.0291667,800.354
3306,0.115383,-0.0349897,0.0308333,800.513
3307,0.115383,-0.0349897,0.0325,800.691
3308,0.115383,-0.0349897,0.0341667,800.85
3309,0.115383,-0.0349897,0.0358333,800.989
3310,0.115383,-0.0349897,0.0375,801.109
3311,0.115383,-0.0349897,0.0391667,801.063
3672,0.281294,-0.0352249,0.000833333,801.938
3673,0.281294,-0.0352249,0.0025,801.001
3674,0.281294,-0.0352249,0.00416667,801.104
3675,0.281294,-0.0352249,0.00583333,802.206
3676,0.281294,-0.0352249,0.0075,802.643
3677,0.281294,-0.0352249,0.00916667,802.76
3678,0.281294,-0.0352249,0.0108333,802.956
3679,0.281294,-0.0352249,0.0125,803.801
3680,0.281294,-0.0352249,0.0141667,805.72
3681,0.281294,-0.0352249,0.0158333,806.206
3682,0.281294,-0.0352249,0.0175,803.822
3683,0.281294,-0.0352249,0.0191667,802.75
3684,0.281294,-0.0352249,0.0208333,802.541
3685,0.281294,-0.0352249,0.0225,801.502
3686,0.281294,-0.0352249,0.0241667,801.357
3687,0.281294,-0.0352249,0.0258333,802.236
3688,0.281294,-0.0352249,0.0275,804.438
3689,0.281294,-0.0352249,0.0291667,804.047
3690,0.281294,-0.0352249,0.0308333,802.575
3691,0.281294,-0.0352249,0.0325,802.261
3692,0.281294,-0.0352249,0.0341667,802.127
3693,0.281294,-0.0352249,0.0358333,801.533
3694,0.281294,-0.0352249,0.0375,801.068
3695,0.281294,-0.0352249,0.0391667,801.819
3792,0.288253,-0.0347046,0.000833333,802.597
3793,0.288253,-0.0347046,0.0025,801.572
3794,0.288253,-0.0347046,0.00416667,801.815
3795,0.288253,-0.0347046,0.00583333,802.653
3796,0.288253,-0.0347046,0.0075,802.781
3797,0.288253,-0.0347046,0.00916667,802.986
3798,0.288253,-0.0347046,0.0108333,803.608
3799,0.288253,-0.0347046,0.0125,804.071
3800,0.288253,-0.0347046,0.0141667,803.72
3801,0.288253,-0.0347046,0.0158333,803.202
3802,0.288253,-0.0347046,0.0175,803.473
3803,0.288253,-0.0347046,0.0191667,803.477
3804,0.288253,-0.0347046,0.0208333,802.38
3805,0.288253,-0.0347046,0.0225,801.112
3806,0.288253,-0.0347046,0.0241667,801.586
3807,0.288253,-0.0347046,0.0258333,802.783
3808,0.288253,-0.0347046,0.0275,803.179
3809,0.288253,-0.0347046,0.0291667,803.589
3810,0.288253,-0.0347046,0.0308333,803.016
3811,0.288253,-0.0347046,0.0325,802.5
3812,0.288253,-0.0347046,0.0341667,802.285
3813,0.288253,-0.0347046,0.0358333,801.987
3814,0.288253,-0.0347046,0.0375,801.582
3815,0.288253,-0.0347046,0.0391667,802.134
5160,0.143527,-0.035244,0.000833333,801.002
5161,0.143527,-0.035244,0.0025,801.128
5162,0.143527,-0.035244,0.00416667,801.08
5163,0.143527,-0.035244,0.00583333,800.949
5164,0.143527,-0.035244,0.0075,800.785
5165,0.143527,-0.035244,0.00916667,800.585
5166,0.143527,-0.035244,0.0108333,800.41
5167,0.143527,-0.035244,0.0125,800.302
5168,0.143527,-0.035244,0.0141667,800.258
5169,0.143527,-0.035244,0.0158333,800.242
5170,0.143527,-0.035244,0.0175,800.244
5171,0.143527,-0.035244,0.0191667,800.247
5172,0.143527,-0.035244,0.0208333,800.243
5173,0.143527,-0.035244,0.0225,800.238
5174,0.143527,-0.035244,0.0241667,800.24
5175,0.143527,-0.035244,0.0258333,800.256
5176,0.143527,-0.035244,0.0275,800.289
5177,0.143527,-0.035244,0.0291667,800.396
5178,0.143527,-0.035244,0.0308333,800.566
5179,0.143527,-0.035244,0.0325,800.749
5180,0.143527,-0.035244,0.0341667,800.923
5181,0.143527,-0.035244,0.0358333,801.049
5182,0.143527,-0.035244,0.0375,801.092
5183,0.143527,-0.035244,0.0391667,800.978
5232,0.170903,-0.0352852,0.000833333,800.075
5233,0.170903,-0.0352852,0.0025,800.219
5234,0.170903,-0.0352852,0.00416667,800.335
5235,0.170903,-0.0352852,0.00583333,800.364
5236,0.170903,-0.0352852,0.0075,800.355
5237,0.170903,-0.0352852,0.00916667,800.319
5238,0.170903,-0.0352852,0.0108333,800.266
5239,0.170903,-0.0352852,0.0125,800.235
5240,0.170903,-0.0352852,0.0141667,800.221
5241,0.170903,-0.0352852,0.0158333,800.213
5242,0.170903,-0.0352852,0.0175,800.212
5243,0.170903,-0.0352852,0.0191667,800.214
5244,0.170903,-0.0352852,0.0208333,800.214
5245,0.170903,-0.0352852,0.0225,800.205
5246,0.170903,-0.0352852,0.0241667,800.207
5247,0.170903,-0.0352852,0.0258333,800.214
5248,0.170903,-0.0352852,0.0275,800.232
5249,0.170903,-0.0352852,0.0291667,800.259
5250,0.170903,-0.0352852,0.0308333,800.305
5251,0.170903,-0.0352852,0.0325,800.348
5252,0.170903,-0.0352852,0.0341667,800.355
5253,0.170903,-0.0352852,0.0358333,800.327
5254,0.170903,-0.0352852,0.0375,800.209
5255,0.170903,-0.0352852,0.0391667,800.075
5616,0.270827,-0.0350802,0.000833333,801.985
5617,0.270827,-0.0350802,0.0025,800.533
5618,0.270827,-0.0350802,0.00416667,800.441
5619,0.270827,-0.0350802,0.00583333,800.472
5620,0.270827,-0.0350802,0.0075,800.616
5621,0.270827,-0.0350802,0.00916667,800.869
5622,0.270827,-0.0350802,0.0108333,801.398
5623,0.270827,-0.0350802,0.0125,802.573
5624,0.270827,-0.0350802,0.0141667,803.072
5625,0.270827,-0.0350802,0.0158333,803.002
5626,0.270827,-0.0350802,0.0175,802.594
5627,0.270827,-0.0350802,0.0191667,802.008
5628,0.270827,-0.0350802,0.0208333,801.82
5629,0.270827,-0.0350802,0.0225,802.031
5630,0.270827,-0.0350802,0.0241667,802.594
5631,0.270827,-0.0350802,0.0258333,802.961
5632,0.270827,-0.0350802,0.0275,802.495
5633,0.270827,-0.0350802,0.0291667,801.311
5634,0.270827,-0.0350802,0.0308333,800.804
5635,0.270827,-0.0350802,0.0325,800.608
5636,0.270827,-0.0350802,0.0341667,800.453
5637,0.270827,-0.0350802,0.0358333,800.429
5638,0.270827,-0.0350802,0.0375,800.538
5639,0.270827,-0.0350802,0.0391667,802.012
5760,0.148216,-0.0352988,0.000833333,800.722
5761,0.148216,-0.0352988,0.0025,800.895
5762,0.148216,-0.0352988,0.00416667,800.96
5763,0.148216,-0.0352988,0.00583333,800.884
5764,0.148216,-0.0352988,0.0075,800.739
5765,0.148216,-0.0352988,0.00916667,800.552
5766,0.148216,-0.0352988,0.0108333,800.399
5767,0.148216,-0.0352988,0.0125,800.302
5768,0.148216,-0.0352988,0.0141667,800.26
5769,0.148216,-0.0352988,0.0158333,800.247
5770,0.148216,-0.0352988,0.0175,800.243
5771,0.148216,-0.0352988,0.0191667,800.26
5772,0.148216,-0.0352988,0.0208333,800.243
5773,0.148216,-0.0352988,0.0225,800.237
5774,0.148216,-0.0352988,0.0241667,800.241
5775,0.148216,-0.0352988,0.0258333,800.252
5776,0.148216,-0.0352988,0.0275,800.292
5777,0.148216,-0.0352988,0.0291667,800.391
5778,0.148216,-0.0352988,0.0308333,800.537
5779,0.148216,-0.0352988,0.0325,800.713
5780,0.148216,-0.0352988,0.0341667,800.862
5781,0.148216,-0.0352988,0.0358333,800.938
5782,0.148216,-0.0352988,0.0375,800.877
5783,0.148216,-0.0352988,0.0391667,800.711
5880,0.217642,-0.0352817,0.000833333,800.191
5881,0.217642,-0.0352817,0.0025,800.094
5882,0.217642,-0.0352817,0.00416667,800.141
5883,0.217642,-0.0352817,0.00583333,800.16
5884,0.217642,-0.0352817,0.0075,800.179
5885,0.217642,-0.0352817,0.00916667,800.174
5886,0.217642,-0.0352817,0.0108333,800.167
5887,0.217642,-0.0352817,0.0125,800.169
5888,0.217642,-0.0352817,0.0141667,800.161
5889,0.217642,-0.0352817,0.0158333,800.161
5890,0.217642,-0.0352817,0.0175,800.161
5891,0.217642,-0.0352817,0.0191667,800.165
5892,0.217642,-0.0352817,0.0208333,800.168
5893,0.217642,-0.0352817,0.0225,800.158
5894,0.217642,-0.0352817,0.0241667,800.153
5895,0.217642,-0.0352817,0.0258333,800.16
5896,0.217642,-0.0352817,0.0275,800.165
5897,0.217642,-0.0352817,0.0291667,800.16
5898,0.217642,-0.0352817,0.0308333,800.172
5899,0.217642,-0.0352817,0.0325,800.162
5900,0.217642,-0.0352817,0.0341667,800.154
5901,0.217642,-0.0352817,0.0358333,800.131
5902,0.217642,-0.0352817,0.0375,800.093
5903,0.217642,-0.0352817,0.0391667,800.193
5976,0.172578,-0.0350138,0.000833333,800.068
5977,0.172578,-0.0350138,0.0025,800.205
5978,0.172578,-0.0350138,0.00416667,800.309
5979,0.172578,-0.0350138,0.00583333,800.349
5980,0.172578,-0.0350138,0.0075,800.332
5981,0.172578,-0.0350138,0.00916667,800.299
5982,0.172578,-0.0350138,0.0108333,800.254
5983,0.172578,-0.0350138,0.0125,800.228
5984,0.172578,-0.0350138,0.0141667,800.217
5985,0.172578,-0.0350138,0.0158333,800.208
5986,0.172578,-0.0350138,0.0175,800.21
5987,0.172578,-0.0350138,0.0191667,800.211
5988,0.172578,-0.0350138,0.0208333,800.212
5989,0.172578,-0.0350138,0.0225,800.202
5990,0.172578,-0.0350138,0.0241667,800.207
5991,0.172578,-0.0350138,0.0258333,800.213
5992,0.172578,-0.0350138,0.0275,800.226
5993,0.172578,-0.0350138,0.0291667,800.251
5994,0.172578,-0.0350138,0.0308333,800.29
5995,0.172578,-0.0350138,0.0325,800.327
5996,0.172578,-0.0350138,0.0341667,800.338
5997,0.172578,-0.0350138,0.0358333,800.304
5998,0.172578,-0.0350138,0.0375,800.196
5999,0.172578,-0.0350138,0.0391667,800.07
6576,0.292525,-0.0351246,0.000833333,802.67
6577,0.292525,-0.0351246,0.0025,802.086
6578,0.292525,-0.0351246,0.00416667,802.194
6579,0.292525,-0.0351246,0.00583333,802.911
6580,0.292525,-0.0351246,0.0075,803.481
6581,0.292525,-0.0351246,0.00916667,803.743
6582,0.292525,-0.0351246,0.0108333,803.837
6583,0.292525,-0.0351246,0.0125,803.88
6584,0.292525,-0.0351246,0.0141667,803.993
6585,0.292525,-0.0351246,0.0158333,804.083
6586,0.292525,-0.0351246,0.0175,803.919
6587,0.292525,-0.0351246,0.0191667,803.217
6588,0.292525,-0.0351246,0.0208333,801.784
6589,0.292525,-0.0351246,0.0225,801.003
6590,0.292525,-0.0351246,0.0241667,801.677
6591,0.292525,-0.0351246,0.0258333,803.193
6592,0.292525,-0.0351246,0.0275,803.887
6593,0.292525,-0.0351246,0.0291667,803.933
6594,0.292525,-0.0351246,0.0308333,803.566
6595,0.292525,-0.0351246,0.0325,802.981
6596,0.292525,-0.0351246,0.0341667,802.689
6597,0.292525,-0.0351246,0.0358333,802.264
6598,0.292525,-0.0351246,0.0375,802.063
6599,0.292525,-0.0351246,0.0391667,802.431
6600,0.107018,-0.0351588,0.000833333,801.615
6601,0.107018,-0.0351588,0.0025,800.936
6602,0.107018,-0.0351588,0.00416667,800.936
6603,0.107018,-0.0351588,0.00583333,800.928
6604,0.107018,-0.0351588,0.0075,800.876
6605,0.107018,-0.0351588,0.00916667,800.752
6606,0.107018,-0.0351588,0.0108333,800.598
6607,0.107018,-0.0351588,0.0125,800.478
6608,0.107018,-0.0351588,0.0141667,800.415
6609,0.107018,-0.0351588,0.0158333,800.4
6610,0.107018,-0.0351588,0.0175,800.412
6611,0.107018,-0.0351588,0.0191667,800.469
6612,0.107018,-0.0351588,0.0208333,800.459
6613,0.107018,-0.0351588,0.0225,800.406
6614,0.107018,-0.0351588,0.0241667,800.394
6615,0.107018,-0.0351588,0.0258333,800.41
6616,0.107018,-0.0351588,0.0275,800.464
6617,0.107018,-0.0351588,0.0291667,800.586
6618,0.107018,-0.0351588,0.0308333,800.735
6619,0.107018,-0.0351588,0.0325,800.85
6620,0.107018,-0.0351588,0.0341667,800.904
6621,0.107018,-0.0351588,0.0358333,800.918
6622,0.107018,-0.0351588,0.0375,800.916
6623,0.107018,-0.0351588,0.0391667,801.566
6696,0.287333,-0.0352427,0.000833333,802.788
6697,0.287333,-0.0352427,0.0025,801.836
6698,0.287333,-0.0352427,0.00416667,802.057
6699,0.287333,-0.0352427,0.00583333,802.784
6700,0.287333,-0.0352427,0.0075,803.039
6701,0.287333,-0.0352427,0.00916667,803.249
6702,0.287333,-0.0352427,0.0108333,803.756
6703,0.287333,-0.0352427,0.0125,804.148
6704,0.287333,-0.0352427,0.0141667,803.691
6705,0.287333,-0.0352427,0.0158333,803.096
6706,0.287333,-0.0352427,0.0175,803.136
6707,0.287333,-0.0352427,0.0191667,803.192
6708,0.287333,-0.0352427,0.0208333,802.372
6709,0.287333,-0.0352427,0.0225,801.13
6710,0.287333,-0.0352427,0.0241667,801.477
6711,0.287333,-0.0352427,0.0258333,802.577
6712,0.287333,-0.0352427,0.0275,803.182
6713,0.287333,-0.0352427,0.0291667,803.986
6714,0.287333,-0.0352427,0.0308333,803.252
6715,0.287333,-0.0352427,0.0325,802.554
6716,0.287333,-0.0352427,0.0341667,802.366
6717,0.287333,-0.0352427,0.0358333,801.998
6718,0.287333,-0.0352427,0.0375,801.742
6719,0.287333,-0.0352427,0.0391667,802.278
7320,0.112203,-0.0351487,0.000833333,800.892
7321,0.112203,-0.0351487,0.0025,800.951
7322,0.112203,-0.0351487,0.00416667,800.948
7323,0.112203,-0.0351487,0.00583333,800.875
7324,0.112203,-0.0351487,0.0075,800.758
7325,0.112203,-0.0351487,0.00916667,800.575
7326,0.112203,-0.0351487,0.0108333,800.406
7327,0.112203,-0.0351487,0.0125,800.296
7328,0.112203,-0.0351487,0.0141667,800.243
7329,0.112203,-0.0351487,0.0158333,800.223
7330,0.112203,-0.0351487,0.0175,800.222
7331,0.112203,-0.0351487,0.0191667,800.24
7332,0.112203,-0.0351487,0.0208333,800.235
7333,0.112203,-0.0351487,0.0225,800.222
7334,0.112203,-0.0351487,0.0241667,800.225
7335,0.112203,-0.0351487,0.0258333,800.243
7336,0.112203,-0.0351487,0.0275,800.287
7337,0.112203,-0.0351487,0.0291667,800.394
7338,0.112203,-0.0351487,0.0308333,800.556
7339,0.112203,-0.0351487,0.0325,800.722
7340,0.112203,-0.0351487,0.0341667,800.853
7341,0.112203,-0.0351487,0.0358333,800.926
7342,0.112203,-0.0351487,0.0375,800.933
7343,0.112203,-0.0351487,0.0391667,800.861
7416,0.11319,-0.0351775,0.000833333,800.928
7417,0.11319,-0.0351775,0.0025,800.995
7418,0.11319,-0.0351775,0.00416667,800.96
7419,0.11319,-0.0351775,0.00583333,800.872
7420,0.11319,-0.0351775,0.0075,800.756
7421,0.11319,-0.0351775,0.00916667,800.58
7422,0.11319,-0.0351775,0.0108333,800.413
7423,0.11319,-0.0351775,0.0125,800.3
7424,0.11319,-0.0351775,0.0141667,800.248
7425,0.11319,-0.0351775,0.0158333,800.231
7426,0.11319,-0.0351775,0.0175,800.227
7427,0.11319,-0.0351775,0.0191667,800.249
7428,0.11319,-0.0351775,0.0208333,800.243
7429,0.11319,-0.0351775,0.0225,800.226
7430,0.11319,-0.0351775,0.0241667,800.229
7431,0.11319,-0.0351775,0.0258333,800.247
7432,0.11319,-0.0351775,0.0275,800.293
7433,0.11319,-0.0351775,0.0291667,800.4
7434,0.11319,-0.0351775,0.0308333,800.562
7435,0.11319,-0.0351775,0.0325,800.718
7436,0.11319,-0.0351775,0.0341667,800.849
7437,0.11319,-0.0351775,0.0358333,800.939
7438,0.11319,-0.0351775,0.0375,800.97
7439,0.11319,-0.0351775,0.0391667,800.893
8232,0.102605,-0.0347435,0.000833333,802.376
8233,0.102605,-0.0347435,0.0025,801.799
8234,0.102605,-0.0347435,0.00416667,801.416
8235,0.102605,-0.0347435,0.00583333,801.394
8236,0.102605,-0.0347435,0.0075,801.507
8237,0.102605,-0.0347435,0.00916667,801.565
8238,0.102605,-0.0347435,0.0108333,801.584
8239,0.102605,-0.0347435,0.0125,801.56
8240,0.102605,-0.0347435,0.0141667,801.529
8241,0.102605,-0.0347435,0.0158333,801.52
8242,0.102605,-0.0347435,0.0175,801.559
8243,0.102605,-0.0347435,0.0191667,801.734
8244,0.102605,-0.0347435,0.0208333,801.714
8245,0.102605,-0.0347435,0.0225,801.543
8246,0.102605,-0.0347435,0.0241667,801.515
8247,0.102605,-0.0347435,0.0258333,801.523
8248,0.102605,-0.0347435,0.0275,801.544
8249,0.102605,-0.0347435,0.0291667,801.572
8250,0.102605,-0.0347435,0.0308333,801.552
8251,0.102605,-0.0347435,0.0325,801.49
8252,0.102605,-0.0347435,0.0341667,801.372
8253,0.102605,-0.0347435,0.0358333,801.403
8254,0.102605,-0.0347435,0.0375,801.804
8255,0.102605,-0.0347435,0.0391667,802.365
8712,0.137681,-0.0353325,0.000833333,801.171
8713,0.137681,-0.0353325,0.0025,801.228
8714,0.137681,-0.0353325,0.00416667,801.114
8715,0.137681,-0.0353325,0.00583333,800.948
8716,0.137681,-0.0353325,0.0075,800.784
8717,0.137681,-0.0353325,0.00916667,800.589
8718,0.137681,-0.0353325,0.0108333,800.41
8719,0.137681,-0.0353325,0.0125,800.3
8720,0.137681,-0.0353325,0.0141667,800.252
8721,0.137681,-0.0353325,0.0158333,800.242
8722,0.137681,-0.0353325,0.0175,800.244
8723,0.137681,-0.0353325,0.0191667,800.245
8724,0.137681,-0.0353325,0.0208333,800.241
8725,0.137681,-0.0353325,0.0225,800.238
8726,0.137681,-0.0353325,0.0241667,800.24
8727,0.137681,-0.0353325,0.0258333,800.25
8728,0.137681,-0.0353325,0.0275,800.282
8729,0.137681,-0.0353325,0.0291667,800.385
8730,0.137681,-0.0353325,0.0308333,800.559
8731,0.137681,-0.0353325,0.0325,800.751
8732,0.137681,-0.0353325,0.0341667,800.925
8733,0.137681,-0.0353325,0.0358333,801.084
8734,0.137681,-0.0353325,0.0375,801.192
8735,0.137681,-0.0353325,0.0391667,801.117
8856,0.294348,-0.0349844,0.000833333,802.203
8857,0.294348,-0.0349844,0.0025,801.977
8858,0.294348,-0.0349844,0.00416667,801.999
8859,0.294348,-0.0349844,0.00583333,802.33
8860,0.294348,-0.0349844,0.0075,803.026
8861,0.294348,-0.0349844,0.00916667,803.387
8862,0.294348,-0.0349844,0.0108333,803.649
8863,0.294348,-0.0349844,0.0125,803.744
8864,0.294348,-0.0349844,0.0141667,803.832
8865,0.294348,-0.0349844,0.0158333,803.769
8866,0.294348,-0.0349844,0.0175,803.53
8867,0.294348,-0.0349844,0.0191667,802.885
8868,0.294348,-0.0349844,0.0208333,801.579
8869,0.294348,-0.0349844,0.0225,800.964
8870,0.294348,-0.0349844,0.0241667,801.533
8871,0.294348,-0.0349844,0.0258333,802.984
8872,0.294348,-0.0349844,0.0275,803.71
8873,0.294348,-0.0349844,0.0291667,803.766
8874,0.294348,-0.0349844,0.0308333,803.228
8875,0.294348,-0.0349844,0.0325,802.827
8876,0.294348,-0.0349844,0.0341667,802.5
8877,0.294348,-0.0349844,0.0358333,802.135
8878,0.294348,-0.0349844,0.0375,802.028
8879,0.294348,-0.0349844,0.0391667,802.251
11088,0.231881,-0.0346806,0.000833333,800.263
11089,0.231881,-0.0346806,0.0025,800.09
11090,0.231881,-0.0346806,0.00416667,800.118
11091,0.231881,-0.0346806,0.00583333,800.132
11092,0.231881,-0.0346806,0.0075,800.151
11093,0.231881,-0.0346806,0.00916667,800.153
11094,0.231881,-0.0346806,0.0108333,800.151
11095,0.231881,-0.0346806,0.0125,800.156
11096,0.231881,-0.0346806,0.0141667,800.152
11097,0.231881,-0.0346806,0.0158333,800.153
11098,0.231881,-0.0346806,0.0175,800.158
11099,0.231881,-0.0346806,0.0191667,800.168
11100,0.231881,-0.0346806,0.0208333,800.165
11101,0.231881,-0.0346806,0.0225,800.154
11102,0.231881,-0.0346806,0.0241667,800.15
11103,0.231881,-0.0346806,0.0258333,800.154
11104,0.231881,-0.0346806,0.0275,800.157
11105,0.231881,-0.0346806,0.0291667,800.147
11106,0.231881,-0.0346806,0.0308333,800.149
11107,0.231881,-0.0346806,0.0325,800.141
11108,0.231881,-0.0346806,0.0341667,800.125
11109,0.231881,-0.0346806,0.0358333,800.111
11110,0.231881,-0.0346806,0.0375,800.088
11111,0.231881,-0.0346806,0.0391667,800.264
11328,0.187683,-0.0350978,0.000833333,800.046
11329,0.187683,-0.0350978,0.0025,800.107
11330,0.187683,-0.0350978,0.00416667,800.196
11331,0.187683,-0.0350978,0.00583333,800.229
11332,0.187683,-0.0350978,0.0075,800.227
11333,0.187683,-0.0350978,0.00916667,800.229
11334,0.187683,-0.0350978,0.0108333,800.202
11335,0.187683,-0.0350978,0.0125,800.193
11336,0.187683,-0.0350978,0.0141667,800.189
11337,0.187683,-0.0350978,0.0158333,800.182
11338,0.187683,-0.0350978,0.0175,800.179
11339,0.187683,-0.0350978,0.0191667,800.185
11340,0.187683,-0.0350978,0.0208333,800.177
11341,0.187683,-0.0350978,0.0225,800.171
11342,0.187683,-0.0350978,0.0241667,800.17
11343,0.187683,-0.0350978,0.0258333,800.177
11344,0.187683,-0.0350978,0.0275,800.194
11345,0.187683,-0.0350978,0.0291667,800.199
11346,0.187683,-0.0350978,0.0308333,800.218
11347,0.187683,-0.0350978,0.0325,800.227
11348,0.187683,-0.0350978,0.0341667,800.215
11349,0.187683,-0.0350978,0.0358333,800.195
11350,0.187683,-0.0350978,0.0375,800.118
11351,0.187683,-0.0350978,0.0391667,800.04
11400,0.215796,-0.0348988,0.000833333,800.153
11401,0.215796,-0.0348988,0.0025,800.084
11402,0.215796,-0.0348988,0.00416667,800.132
11403,0.215796,-0.0348988,0.00583333,800.153
11404,0.215796,-0.0348988,0.0075,800.17
11405,0.215796,-0.0348988,0.00916667,800.168
11406,0.215796,-0.0348988,0.0108333,800.162
11407,0.215796,-0.0348988,0.0125,800.162
11408,0.215796,-0.0348988,0.0141667,800.157
11409,0.215796,-0.0348988,0.0158333,800.158
11410,0.215796,-0.0348988,0.0175,800.158
11411,0.215796,-0.0348988,0.0191667,800.166
11412,0.215796,-0.0348988,0.0208333,800.165
11413,0.215796,-0.0348988,0.0225,800.155
11414,0.215796,-0.0348988,0.0241667,800.15
11415,0.215796,-0.0348988,0.0258333,800.153
11416,0.215796,-0.0348988,0.0275,800.16
11417,0.215796,-0.0348988,0.0291667,800.157
11418,0.215796,-0.0348988,0.0308333,800.164
11419,0.215796,-0.0348988,0.0325,800.154
11420,0.215796,-0.0348988,0.0341667,800.145
11421,0.215796,-0.0348988,0.0358333,800.124
11422,0.215796,-0.0348988,0.0375,800.088
11423,0.215796,-0.0348988,0.0391667,800.158
11736,0.228494,-0.0352,0.000833333,800.28
11737,0.228494,-0.0352,0.0025,800.097
11738,0.228494,-0.0352,0.00416667,800.133
11739,0.228494,-0.0352,0.00583333,800.145
11740,0.228494,-0.0352,0.0075,800.166
11741,0.228494,-0.0352,0.00916667,800.166
11742,0.228494,-0.0352,0.0108333,800.161
11743,0.228494,-0.0352,0.0125,800.166
11744,0.228494,-0.0352,0.0141667,800.159
11745,0.228494,-0.0352,0.0158333,800.164
11746,0.228494,-0.0352,0.0175,800.166
11747,0.228494,-0.0352,0.0191667,800.174
11748,0.228494,-0.0352,0.0208333,800.174
11749,0.228494,-0.0352,0.0225,800.164
11750,0.228494,-0.0352,0.0241667,800.159
11751,0.228494,-0.0352,0.0258333,800.164
11752,0.228494,-0.0352,0.0275,800.164
11753,0.228494,-0.0352,0.0291667,800.156
11754,0.228494,-0.0352,0.0308333,800.166
11755,0.228494,-0.0352,0.0325,800.157
11756,0.228494,-0.0352,0.0341667,800.141
11757,0.228494,-0.0352,0.0358333,800.123
11758,0.228494,-0.0352,0.0375,800.1
11759,0.228494,-0.0352,0.0391667,800.281
12336,0.22678,-0.0349142,0.000833333,800.232
12337,0.22678,-0.0349142,0.0025,800.088
12338,0.22678,-0.0349142,0.00416667,800.124
12339,0.22678,-0.0349142,0.00583333,800.135
12340,0.22678,-0.0349142,0.0075,800.159
12341,0.22678,-0.0349142,0.00916667,800.163
12342,0.22678,-0.0349142,0.0108333,800.151
12343,0.22678,-0.0349142,0.0125,800.153
12344,0.22678,-0.0349142,0.0141667,800.156
12345,0.22678,-0.0349142,0.0158333,800.155
12346,0.22678,-0.0349142,0.0175,800.156
12347,0.22678,-0.0349142,0.0191667,800.165
12348,0.22678,-0.0349142,0.0208333,800.166
12349,0.22678,-0.0349142,0.0225,800.156
12350,0.22678,-0.0349142,0.0241667,800.153
12351,0.22678,-0.0349142,0.0258333,800.155
12352,0.22678,-0.0349142,0.0275,800.155
12353,0.22678,-0.0349142,0.0291667,800.145
12354,0.22678,-0.0349142,0.0308333,800.157
12355,0.22678,-0.0349142,0.0325,800.143
12356,0.22678,-0.0349142,0.0341667,800.138
12357,0.22678,-0.0349142,0.0358333,800.116
12358,0.22678,-0.0349142,0.0375,800.09
12359,0.22678,-0.0349142,0.0391667,800.235
12504,0.206865,-0.0350203,0.000833333,800.094
12505,0.206865,-0.0350203,0.0025,800.087
12506,0.206865,-0.0350203,0.00416667,800.143
12507,0.206865,-0.0350203,0.00583333,800.166
12508,0.206865,-0.0350203,0.0075,800.183
12509,0.206865,-0.0350203,0.00916667,800.183
12510,0.206865,-0.0350203,0.0108333,800.169
12511,0.206865,-0.0350203,0.0125,800.171
12512,0.206865,-0.0350203,0.0141667,800.161
12513,0.206865,-0.0350203,0.0158333,800.157
12514,0.206865,-0.0350203,0.0175,800.16
12515,0.206865,-0.0350203,0.0191667,800.164
12516,0.206865,-0.0350203,0.0208333,800.162
12517,0.206865,-0.0350203,0.0225,800.161
12518,0.206865,-0.0350203,0.0241667,800.153
12519,0.206865,-0.0350203,0.0258333,800.161
12520,0.206865,-0.0350203,0.0275,800.171
12521,0.206865,-0.0350203,0.0291667,800.163
12522,0.206865,-0.0350203,0.0308333,800.179
12523,0.206865,-0.0350203,0.0325,800.168
12524,0.206865,-0.0350203,0.0341667,800.164
12525,0.206865,-0.0350203,0.0358333,800.138
12526,0.206865,-0.0350203,0.0375,800.091
12527,0.206865,-0.0350203,0.0391667,800.096
12528,0.233539,-0.0353224,0.000833333,800.394
12529,0.233539,-0.0353224,0.0025,800.114
12530,0.233539,-0.0353224,0.00416667,800.143
12531,0.233539,-0.0353224,0.00583333,800.153
12532,0.233539,-0.0353224,0.0075,800.175
12533,0.233539,-0.0353224,0.00916667,800.173
12534,0.233539,-0.0353224,0.0108333,800.174
12535,0.233539,-0.0353224,0.0125,800.178
12536,0.233539,-0.0353224,0.0141667,800.174
12537,0.233539,-0.0353224,0.0158333,800.177
12538,0.233539,-0.0353224,0.0175,800.186
12539,0.233539,-0.0353224,0.0191667,800.201
12540,0.233539,-0.0353224,0.0208333,800.198
12541,0.233539,-0.0353224,0.0225,800.179
12542,0.233539,-0.0353224,0.0241667,800.173
12543,0.233539,-0.0353224,0.0258333,800.178
12544,0.233539,-0.0353224,0.0275,800.181
12545,0.233539,-0.0353224,0.0291667,800.166
12546,0.233539,-0.0353224,0.0308333,800.173
12547,0.233539,-0.0353224,0.0325,800.161
12548,0.233539,-0.0353224,0.0341667,800.145
12549,0.233539,-0.0353224,0.0358333,800.136
12550,0.233539,-0.0353224,0.0375,800.114
12551,0.233539,-0.0353224,0.0391667,800.396
12552,0.169144,-0.0346962,0.000833333,800.078
12553,0.169144,-0.0346962,0.0025,800.233
12554,0.169144,-0.0346962,0.00416667,800.346
12555,0.169144,-0.0346962,0.00583333,800.374
12556,0.169144,-0.0346962,0.0075,800.363
12557,0.169144,-0.0346962,0.00916667,800.324
12558,0.169144,-0.0346962,0.0108333,800.267
12559,0.169144,-0.0346962,0.0125,800.236
12560,0.169144,-0.0346962,0.0141667,800.222
12561,0.169144,-0.0346962,0.0158333,800.215
12562,0.169144,-0.0346962,0.0175,800.214
12563,0.169144,-0.0346962,0.0191667,800.216
12564,0.169144,-0.0346962,0.0208333,800.215
12565,0.169144,-0.0346962,0.0225,800.207
12566,0.169144,-0.0346962,0.0241667,800.209
12567,0.169144,-0.0346962,0.0258333,800.214
12568,0.169144,-0.0346962,0.0275,800.233
12569,0.169144,-0.0346962,0.0291667,800.26
12570,0.169144,-0.0346962,0.0308333,800.306
12571,0.169144,-0.0346962,0.0325,800.351
12572,0.169144,-0.0346962,0.0341667,800.366
12573,0.169144,-0.0346962,0.0358333,800.338
12574,0.169144,-0.0346962,0.0375,800.22
12575,0.169144,-0.0346962,0.0391667,800.077
12936,0.271934,-0.0352828,0.000833333,801.966
12937,0.271934,-0.0352828,0.0025,800.515
12938,0.271934,-0.0352828,0.00416667,800.438
12939,0.271934,-0.0352828,0.00583333,800.493
12940,0.271934,-0.0352828,0.0075,800.684
12941,0.271934,-0.0352828,0.00916667,800.986
12942,0.271934,-0.0352828,0.0108333,801.699
12943,0.271934,-0.0352828,0.0125,802.674
12944,0.271934,-0.0352828,0.0141667,802.994
12945,0.271934,-0.0352828,0.0158333,802.762
12946,0.271934,-0.0352828,0.0175,801.995
12947,0.271934,-0.0352828,0.0191667,801.64
12948,0.271934,-0.0352828,0.0208333,801.548
12949,0.271934,-0.0352828,0.0225,801.398
12950,0.271934,-0.0352828,0.0241667,802.224
12951,0.271934,-0.0352828,0.0258333,802.703
12952,0.271934,-0.0352828,0.0275,802.585
12953,0.271934,-0.0352828,0.0291667,801.683
12954,0.271934,-0.0352828,0.0308333,801.004
12955,0.271934,-0.0352828,0.0325,800.671
12956,0.271934,-0.0352828,0.0341667,800.474
12957,0.271934,-0.0352828,0.0358333,800.422
12958,0.271934,-0.0352828,0.0375,800.522
12959,0.271934,-0.0352828,0.0391667,801.982
13440,0.163868,-0.0348134,0.000833333,800.147
13441,0.163868,-0.0348134,0.0025,800.348
13442,0.163868,-0.0348134,0.00416667,800.488
13443,0.163868,-0.0348134,0.00583333,800.506
13444,0.163868,-0.0348134,0.0075,800.481
13445,0.163868,-0.0348134,0.00916667,800.402
13446,0.163868,-0.0348134,0.0108333,800.317
13447,0.163868,-0.0348134,0.0125,800.26
13448,0.163868,-0.0348134,0.0141667,800.235
13449,0.163868,-0.0348134,0.0158333,800.227
13450,0.163868,-0.0348134,0.0175,800.227
13451,0.163868,-0.0348134,0.0191667,800.233
13452,0.163868,-0.0348134,0.0208333,800.231
13453,0.163868,-0.0348134,0.0225,800.218
13454,0.163868,-0.0348134,0.0241667,800.228
13455,0.163868,-0.0348134,0.0258333,800.232
13456,0.163868,-0.0348134,0.0275,800.261
13457,0.163868,-0.0348134,0.0291667,800.309
13458,0.163868,-0.0348134,0.0308333,800.388
13459,0.163868,-0.0348134,0.0325,800.466
13460,0.163868,-0.0348134,0.0341667,800.495
13461,0.163868,-0.0348134,0.0358333,800.481
13462,0.163868,-0.0348134,0.0375,800.341
13463,0.163868,-0.0348134,0.0391667,800.136
14304,0.154662,-0.0350006,0.000833333,800.379
14305,0.154662,-0.0350006,0.0025,800.598
14306,0.154662,-0.0350006,0.00416667,800.725
14307,0.154662,-0.0350006,0.00583333,800.704
14308,0.154662,-0.0350006,0.0075,800.622
14309,0.154662,-0.0350006,0.00916667,800.493
14310,0.154662,-0.0350006,0.0108333,800.367
14311,0.154662,-0.0350006,0.0125,800.288
14312,0.154662,-0.0350006,0.0141667,800.249
14313,0.154662,-0.0350006,0.0158333,800.244
14314,0.154662,-0.0350006,0.0175,800.231
14315,0.154662,-0.0350006,0.0191667,800.252
14316,0.154662,-0.0350006,0.0208333,800.239
14317,0.154662,-0.0350006,0.0225,800.237
14318,0.154662,-0.0350006,0.0241667,800.235
14319,0.154662,-0.0350006,0.0258333,800.249
14320,0.154662,-0.0350006,0.0275,800.28
14321,0.154662,-0.0350006,0.0291667,800.349
14322,0.154662,-0.0350006,0.0308333,800.474
14323,0.154662,-0.0350006,0.0325,800.607
14324,0.154662,-0.0350006,0.0341667,800.691
14325,0.154662,-0.0350006,0.0358333,800.709
14326,0.154662,-0.0350006,0.0375,800.591
14327,0.154662,-0.0350006,0.0391667,800.369
14376,0.118525,-0.0350989,0.000833333,801.153
14377,0.118525,-0.0350989,0.0025,801.18
14378,0.118525,-0.0350989,0.00416667,801.033
14379,0.118525,-0.0350989,0.00583333,800.877
14380,0.118525,-0.0350989,0.0075,800.728
14381,0.118525,-0.0350989,0.00916667,800.531
14382,0.118525,-0.0350989,0.0108333,800.376
14383,0.118525,-0.0350989,0.0125,800.281
14384,0.118525,-0.0350989,0.0141667,800.239
14385,0.118525,-0.0350989,0.0158333,800.228
14386,0.118525,-0.0350989,0.0175,800.228
14387,0.118525,-0.0350989,0.0191667,800.233
14388,0.118525,-0.0350989,0.0208333,800.232
14389,0.118525,-0.0350989,0.0225,800.222
14390,0.118525,-0.0350989,0.0241667,800.227
14391,0.118525,-0.0350989,0.0258333,800.239
14392,0.118525,-0.0350989,0.0275,800.267
14393,0.118525,-0.0350989,0.0291667,800.341
14394,0.118525,-0.0350989,0.0308333,800.5
14395,0.118525,-0.0350989,0.0325,800.689
14396,0.118525,-0.0350989,0.0341667,800.848
14397,0.118525,-0.0350989,0.0358333,801.0
14398,0.118525,-0.0350989,0.0375,801.142
14399,0.118525,-0.0350989,0.0391667,801.126
15216,0.186724,-0.0353238,0.000833333,800.055
15217,0.186724,-0.0353238,0.0025,800.12
15218,0.186724,-0.0353238,0.00416667,800.211
15219,0.186724,-0.0353238,0.00583333,800.243
15220,0.186724,-0.0353238,0.0075,800.248
15221,0.186724,-0.0353238,0.00916667,800.231
15222,0.186724,-0.0353238,0.0108333,800.216
15223,0.186724,-0.0353238,0.0125,800.199
15224,0.186724,-0.0353238,0.0141667,800.193
15225,0.186724,-0.0353238,0.0158333,800.187
15226,0.186724,-0.0353238,0.0175,800.187
15227,0.186724,-0.0353238,0.0191667,800.184
15228,0.186724,-0.0353238,0.0208333,800.181
15229,0.186724,-0.0353238,0.0225,800.176
15230,0.186724,-0.0353238,0.0241667,800.171
15231,0.186724,-0.0353238,0.0258333,800.18
15232,0.186724,-0.0353238,0.0275,800.194
15233,0.186724,-0.0353238,0.0291667,800.207
15234,0.186724,-0.0353238,0.0308333,800.223
15235,0.186724,-0.0353238,0.0325,800.238
15236,0.186724,-0.0353238,0.0341667,800.226
15237,0.186724,-0.0353238,0.0358333,800.206
15238,0.186724,-0.0353238,0.0375,800.116
15239,0.186724,-0.0353238,0.0391667,800.051
17136,0.1165,-0.0350132,0.000833333,801.086
17137,0.1165,-0.0350132,0.0025,801.135
17138,0.1165,-0.0350132,0.00416667,801.016
17139,0.1165,-0.0350132,0.00583333,800.876
17140,0.1165,-0.0350132,0.0075,800.726
17141,0.1165,-0.0350132,0.00916667,800.538
17142,0.1165,-0.0350132,0.0108333,800.379
17143,0.1165,-0.0350132,0.0125,800.281
17144,0.1165,-0.0350132,0.0141667,800.241
17145,0.1165,-0.0350132,0.0158333,800.229
17146,0.1165,-0.0350132,0.0175,800.226
17147,0.1165,-0.0350132,0.0191667,800.231
17148,0.1165,-0.0350132,0.0208333,800.229
17149,0.1165,-0.0350132,0.0225,800.22
17150,0.1165,-0.0350132,0.0241667,800.224
17151,0.1165,-0.0350132,0.0258333,800.24
17152,0.1165,-0.0350132,0.0275,800.268
17153,0.1165,-0.0350132,0.0291667,800.355
17154,0.1165,-0.0350132,0.0308333,800.518
17155,0.1165,-0.0350132,0.0325,800.693
17156,0.1165,-0.0350132,0.0341667,800.851
17157,0.1165,-0.0350132,0.0358333,800.983
17158,0.1165,-0.0350132,0.0375,801.097
17159,0.1165,-0.0350132,0.0391667,801.053
18576,0.122916,-0.0351829,0.000833333,801.202
18577,0.122916,-0.0351829,0.0025,801.225
18578,0.122916,-0.0351829,0.00416667,801.052
18579,0.122916,-0.0351829,0.00583333,800.877
18580,0.122916,-0.0351829,0.0075,800.716
18581,0.122916,-0.0351829,0.00916667,800.522
18582,0.122916,-0.0351829,0.0108333,800.37
18583,0.122916,-0.0351829,0.0125,800.279
18584,0.122916,-0.0351829,0.0141667,800.24
18585,0.122916,-0.0351829,0.0158333,800.234
18586,0.122916,-0.0351829,0.0175,800.233
18587,0.122916,-0.0351829,0.0191667,800.233
18588,0.122916,-0.0351829,0.0208333,800.231
18589,0.122916,-0.0351829,0.0225,800.227
18590,0.122916,-0.0351829,0.0241667,800.233
18591,0.122916,-0.0351829,0.0258333,800.239
18592,0.122916,-0.0351829,0.0275,800.269
18593,0.122916,-0.0351829,0.0291667,800.335
18594,0.122916,-0.0351829,0.0308333,800.491
18595,0.122916,-0.0351829,0.0325,800.68
18596,0.122916,-0.0351829,0.0341667,800.845
18597,0.122916,-0.0351829,0.0358333,801.015
18598,0.122916,-0.0351829,0.0375,801.187
18599,0.122916,-0.0351829,0.0391667,801.181
18648,0.131752,-0.0346837,0.000833333,801.268
18649,0.131752,-0.0346837,0.0025,801.259
18650,0.131752,-0.0346837,0.00416667,801.083
18651,0.131752,-0.0346837,0.00583333,800.9
18652,0.131752,-0.0346837,0.0075,800.733
18653,0.131752,-0.0346837,0.00916667,800.533
18654,0.131752,-0.0346837,0.0108333,800.376
18655,0.131752,-0.0346837,0.0125,800.283
18656,0.131752,-0.0346837,0.0141667,800.243
18657,0.131752,-0.0346837,0.0158333,800.23
18658,0.131752,-0.0346837,0.0175,800.226
18659,0.131752,-0.0346837,0.0191667,800.235
18660,0.131752,-0.0346837,0.0208333,800.232
18661,0.131752,-0.0346837,0.0225,800.225
18662,0.131752,-0.0346837,0.0241667,800.227
18663,0.131752,-0.0346837,0.0258333,800.245
18664,0.131752,-0.0346837,0.0275,800.272
18665,0.131752,-0.0346837,0.0291667,800.35
18666,0.131752,-0.0346837,0.0308333,800.52
18667,0.131752,-0.0346837,0.0325,800.694
18668,0.131752,-0.0346837,0.0341667,800.859
18669,0.131752,-0.0346837,0.0358333,801.048
18670,0.131752,-0.0346837,0.0375,801.23
18671,0.131752,-0.0346837,0.0391667,801.231
18672,0.129966,-0.034708,0.000833333,801.276
18673,0.129966,-0.034708,0.0025,801.256
18674,0.129966,-0.034708,0.00416667,801.077
18675,0.129966,-0.034708,0.00583333,800.894
18676,0.129966,-0.034708,0.0075,800.719
18677,0.129966,-0.034708,0.00916667,800.522
18678,0.129966,-0.034708,0.0108333,800.37
18679,0.129966,-0.034708,0.0125,800.277
18680,0.129966,-0.034708,0.0141667,800.242
18681,0.129966,-0.034708,0.0158333,800.232
18682,0.129966,-0.034708,0.0175,800.228
18683,0.129966,-0.034708,0.0191667,800.235
18684,0.129966,-0.034708,0.0208333,800.237
18685,0.129966,-0.034708,0.0225,800.229
18686,0.129966,-0.034708,0.0241667,800.227
18687,0.129966,-0.034708,0.0258333,800.241
18688,0.129966,-0.034708,0.0275,800.268
18689,0.129966,-0.034708,0.0291667,800.343
18690,0.129966,-0.034708,0.0308333,800.505
18691,0.129966,-0.034708,0.0325,800.681
18692,0.129966,-0.034708,0.0341667,800.85
18693,0.129966,-0.034708,0.0358333,801.044
18694,0.129966,-0.034708,0.0375,801.222
18695,0.129966,-0.034708,0.0391667,801.237
18720,0.290025,-0.0349018,0.000833333,803.106
18721,0.290025,-0.0349018,0.0025,802.18
18722,0.290025,-0.0349018,0.00416667,802.334
18723,0.290025,-0.0349018,0.00583333,803.027
18724,0.290025,-0.0349018,0.0075,803.274
18725,0.290025,-0.0349018,0.00916667,803.467
18726,0.290025,-0.0349018,0.0108333,803.739
18727,0.290025,-0.0349018,0.0125,803.639
18728,0.290025,-0.0349018,0.0141667,803.365
18729,0.290025,-0.0349018,0.0158333,803.623
18730,0.290025,-0.0349018,0.0175,803.889
18731,0.290025,-0.0349018,0.0191667,803.477
18732,0.290025,-0.0349018,0.0208333,802.099
18733,0.290025,-0.0349018,0.0225,801.053
18734,0.290025,-0.0349018,0.0241667,801.589
18735,0.290025,-0.0349018,0.0258333,803.015
18736,0.290025,-0.0349018,0.0275,803.369
18737,0.290025,-0.0349018,0.0291667,803.46
18738,0.290025,-0.0349018,0.0308333,803.488
18739,0.290025,-0.0349018,0.0325,802.592
18740,0.290025,-0.0349018,0.0341667,802.376
18741,0.290025,-0.0349018,0.0358333,802.201
18742,0.290025,-0.0349018,0.0375,801.979
18743,0.290025,-0.0349018,0.0391667,802.488
18744,0.121215,-0.0352833,0.000833333,801.162
18745,0.121215,-0.0352833,0.0025,801.191
18746,0.121215,-0.0352833,0.00416667,801.039
18747,0.121215,-0.0352833,0.00583333,800.874
18748,0.121215,-0.0352833,0.0075,800.717
18749,0.121215,-0.0352833,0.00916667,800.522
18750,0.121215,-0.0352833,0.0108333,800.371
18751,0.121215,-0.0352833,0.0125,800.279
18752,0.121215,-0.0352833,0.0141667,800.237
18753,0.121215,-0.0352833,0.0158333,800.23
18754,0.121215,-0.0352833,0.0175,800.228
18755,0.121215,-0.0352833,0.0191667,800.234
18756,0.121215,-0.0352833,0.0208333,800.23
18757,0.121215,-0.0352833,0.0225,800.221
18758,0.121215,-0.0352833,0.0241667,800.227
18759,0.121215,-0.0352833,0.0258333,800.237
18760,0.121215,-0.0352833,0.0275,800.265
18761,0.121215,-0.0352833,0.0291667,800.338
18762,0.121215,-0.0352833,0.0308333,800.497
18763,0.121215,-0.0352833,0.0325,800.676
18764,0.121215,-0.0352833,0.0341667,800.846
18765,0.121215,-0.0352833,0.0358333,801.012
18766,0.121215,-0.0352833,0.0375,801.164
18767,0.121215,-0.0352833,0.0391667,801.13
18840,0.133713,-0.0346629,0.000833333,801.26
18841,0.133713,-0.0346629,0.0025,801.261
18842,0.133713,-0.0346629,0.00416667,801.095
18843,0.133713,-0.0346629,0.00583333,800.912
18844,0.133713,-0.0346629,0.0075,800.752
18845,0.133713,-0.0346629,0.00916667,800.553
18846,0.133713,-0.0346629,0.0108333,800.385
18847,0.133713,-0.0346629,0.0125,800.282
18848,0.133713,-0.0346629,0.0141667,800.249
18849,0.133713,-0.0346629,0.0158333,800.232
18850,0.133713,-0.0346629,0.0175,800.227
18851,0.133713,-0.0346629,0.0191667,800.234
18852,0.133713,-0.0346629,0.0208333,800.234
18853,0.133713,-0.0346629,0.0225,800.226
18854,0.133713,-0.0346629,0.0241667,800.229
18855,0.133713,-0.0346629,0.0258333,800.238
18856,0.133713,-0.0346629,0.0275,800.275
18857,0.133713,-0.0346629,0.0291667,800.361
18858,0.133713,-0.0346629,0.0308333,800.532
18859,0.133713,-0.0346629,0.0325,800.718
18860,0.133713,-0.0346629,0.0341667,800.874
18861,0.133713,-0.0346629,0.0358333,801.056
18862,0.133713,-0.0346629,0.0375,801.234
18863,0.133713,-0.0346629,0.0391667,801.223
18864,0.124686,-0.0351603,0.000833333,801.241
18865,0.124686,-0.0351603,0.0025,801.241
18866,0.124686,-0.0351603,0.00416667,801.061
18867,0.124686,-0.0351603,0.00583333,800.877
18868,0.124686,-0.0351603,0.0075,800.716
18869,0.124686,-0.0351603,0.00916667,800.515
18870,0.124686,-0.0351603,0.0108333,800.366
18871,0.124686,-0.0351603,0.0125,800.277
18872,0.124686,-0.0351603,0.0141667,800.245
18873,0.124686,-0.0351603,0.0158333,800.232
18874,0.124686,-0.0351603,0.0175,800.228
18875,0.124686,-0.0351603,0.0191667,800.239
18876,0.124686,-0.0351603,0.0208333,800.239
18877,0.124686,-0.0351603,0.0225,800.229
18878,0.124686,-0.0351603,0.0241667,800.233
18879,0.124686,-0.0351603,0.0258333,800.237
18880,0.124686,-0.0351603,0.0275,800.269
18881,0.124686,-0.0351603,0.0291667,800.337
18882,0.124686,-0.0351603,0.0308333,800.496
18883,0.124686,-0.0351603,0.0325,800.679
18884,0.124686,-0.0351603,0.0341667,800.847
18885,0.124686,-0.0351603,0.0358333,801.03
18886,0.124686,-0.0351603,0.0375,801.217
18887,0.124686,-0.0351603,0.0391667,801.224
18888,0.128221,-0.0348158,0.000833333,801.271
18889,0.128221,-0.0348158,0.0025,801.249
18890,0.128221,-0.0348158,0.00416667,801.073
18891,0.128221,-0.0348158,0.00583333,800.888
18892,0.128221,-0.0348158,0.0075,800.713
18893,0.128221,-0.0348158,0.00916667,800.523
18894,0.128221,-0.0348158,0.0108333,800.367
18895,0.128221,-0.0348158,0.0125,800.279
18896,0.128221,-0.0348158,0.0141667,800.245
18897,0.128221,-0.0348158,0.0158333,800.235
18898,0.128221,-0.0348158,0.0175,800.232
18899,0.128221,-0.0348158,0.0191667,800.235
18900,0.128221,-0.0348158,0.0208333,800.235
18901,0.128221,-0.0348158,0.0225,800.229
18902,0.128221,-0.0348158,0.0241667,800.229
18903,0.128221,-0.0348158,0.0258333,800.238
18904,0.128221,-0.0348158,0.0275,800.271
18905,0.128221,-0.0348158,0.0291667,800.337
18906,0.128221,-0.0348158,0.0308333,800.505
18907,0.128221,-0.0348158,0.0325,800.682
18908,0.128221,-0.0348158,0.0341667,800.847
18909,0.128221,-0.0348158,0.0358333,801.038
18910,0.128221,-0.0348158,0.0375,801.215
18911,0.128221,-0.0348158,0.0391667,801.235
19032,0.126464,-0.0350244,0.000833333,801.258
19033,0.126464,-0.0350244,0.0025,801.246
19034,0.126464,-0.0350244,0.00416667,801.065
19035,0.126464,-0.0350244,0.00583333,800.885
19036,0.126464,-0.0350244,0.0075,800.719
19037,0.126464,-0.0350244,0.00916667,800.524
19038,0.126464,-0.0350244,0.0108333,800.367
19039,0.126464,-0.0350244,0.0125,800.279
19040,0.126464,-0.0350244,0.0141667,800.245
19041,0.126464,-0.0350244,0.0158333,800.235
19042,0.126464,-0.0350244,0.0175,800.233
19043,0.126464,-0.0350244,0.0191667,800.24
19044,0.126464,-0.0350244,0.0208333,800.236
19045,0.126464,-0.0350244,0.0225,800.231
19046,0.126464,-0.0350244,0.0241667,800.232
19047,0.126464,-0.0350244,0.0258333,800.241
19048,0.126464,-0.0350244,0.0275,800.269
19049,0.126464,-0.0350244,0.0291667,800.34
19050,0.126464,-0.0350244,0.0308333,800.501
19051,0.126464,-0.0350244,0.0325,800.684
19052,0.126464,-0.0350244,0.0341667,800.849
19053,0.126464,-0.0350244,0.0358333,801.035
19054,0.126464,-0.0350244,0.0375,801.219
19055,0.126464,-0.0350244,0.0391667,801.233
21336,0.177148,-0.0352994,0.000833333,800.06
21337,0.177148,-0.0352994,0.0025,800.176
21338,0.177148,-0.0352994,0.00416667,800.293
21339,0.177148,-0.0352994,0.00583333,800.331
21340,0.177148,-0.0352994,0.0075,800.32
21341,0.177148,-0.0352994,0.00916667,800.3
21342,0.177148,-0.0352994,0.0108333,800.246
21343,0.177148,-0.0352994,0.0125,800.227
21344,0.177148,-0.0352994,0.0141667,800.211
21345,0.177148,-0.0352994,0.0158333,800.204
21346,0.177148,-0.0352994,0.0175,800.204
21347,0.177148,-0.0352994,0.0191667,800.206
21348,0.177148,-0.0352994,0.0208333,800.209
21349,0.177148,-0.0352994,0.0225,800.199
21350,0.177148,-0.0352994,0.0241667,800.204
21351,0.177148,-0.0352994,0.0258333,800.206
21352,0.177148,-0.0352994,0.0275,800.217
21353,0.177148,-0.0352994,0.0291667,800.238
21354,0.177148,-0.0352994,0.0308333,800.281
21355,0.177148,-0.0352994,0.0325,800.312
21356,0.177148,-0.0352994,0.0341667,800.319
21357,0.177148,-0.0352994,0.0358333,800.285
21358,0.177148,-0.0352994,0.0375,800.172
21359,0.177148,-0.0352994,0.0391667,800.059
21360,0.234474,-0.03522,0.000833333,800.363
21361,0.234474,-0.03522,0.0025,800.106
21362,0.234474,-0.03522,0.00416667,800.137
21363,0.234474,-0.03522,0.00583333,800.151
21364,0.234474,-0.03522,0.0075,800.168
21365,0.234474,-0.03522,0.00916667,800.174
21366,0.234474,-0.03522,0.0108333,800.164
21367,0.234474,-0.03522,0.0125,800.168
21368,0.234474,-0.03522,0.0141667,800.166
21369,0.234474,-0.03522,0.0158333,800.168
21370,0.234474,-0.03522,0.0175,800.174
21371,0.234474,-0.03522,0.0191667,800.188
21372,0.234474,-0.03522,0.0208333,800.187
21373,0.234474,-0.03522,0.0225,800.17
21374,0.234474,-0.03522,0.0241667,800.165
21375,0.234474,-0.03522,0.0258333,800.171
21376,0.234474,-0.03522,0.0275,800.17
21377,0.234474,-0.03522,0.0291667,800.161
21378,0.234474,-0.03522,0.0308333,800.166
21379,0.234474,-0.03522,0.0325,800.155
21380,0.234474,-0.03522,0.0341667,800.136
21381,0.234474,-0.03522,0.0358333,800.126
21382,0.234474,-0.03522,0.0375,800.106
21383,0.234474,-0.03522,0.0391667,800.371
21624,0.224451,-0.0347648,0.000833333,800.181
21625,0.224451,-0.0347648,0.0025,800.081
21626,0.224451,-0.0347648,0.00416667,800.12
21627,0.224451,-0.0347648,0.00583333,800.137
21628,0.224451,-0.0347648,0.0075,800.15
21629,0.224451,-0.0347648,0.00916667,800.155
21630,0.224451,-0.0347648,0.0108333,800.149
21631,0.224451,-0.0347648,0.0125,800.151
21632,0.224451,-0.0347648,0.0141667,800.152
21633,0.224451,-0.0347648,0.0158333,800.152
21634,0.224451,-0.0347648,0.0175,800.153
21635,0.224451,-0.0347648,0.0191667,800.16
21636,0.224451,-0.0347648,0.0208333,800.159
21637,0.224451,-0.0347648,0.0225,800.15
21638,0.224451,-0.0347648,0.0241667,800.149
21639,0.224451,-0.0347648,0.0258333,800.152
21640,0.224451,-0.0347648,0.0275,800.152
21641,0.224451,-0.0347648,0.0291667,800.143
21642,0.224451,-0.0347648,0.0308333,800.149
21643,0.224451,-0.0347648,0.0325,800.138
21644,0.224451,-0.0347648,0.0341667,800.13
21645,0.224451,-0.0347648,0.0358333,800.116
21646,0.224451,-0.0347648,0.0375,800.084
21647,0.224451,-0.0347648,0.0391667,800.184
23184,0.238817,-0.0350027,0.000833333,800.424
23185,0.238817,-0.0350027,0.0025,800.111
23186,0.238817,-0.0350027,0.00416667,800.134
23187,0.238817,-0.0350027,0.00583333,800.146
23188,0.238817,-0.0350027,0.0075,800.16
23189,0.238817,-0.0350027,0.00916667,800.166
23190,0.238817,-0.0350027,0.0108333,800.166
23191,0.238817,-0.0350027,0.0125,800.173
23192,0.238817,-0.0350027,0.0141667,800.173
23193,0.238817,-0.0350027,0.0158333,800.178
23194,0.238817,-0.0350027,0.0175,800.185
23195,0.238817,-0.0350027,0.0191667,800.201
23196,0.238817,-0.0350027,0.0208333,800.196
23197,0.238817,-0.0350027,0.0225,800.184
23198,0.238817,-0.0350027,0.0241667,800.173
23199,0.238817,-0.0350027,0.0258333,800.174
23200,0.238817,-0.0350027,0.0275,800.171
23201,0.238817,-0.0350027,0.0291667,800.162
23202,0.238817,-0.0350027,0.0308333,800.164
23203,0.238817,-0.0350027,0.0325,800.159
23204,0.238817,-0.0350027,0.0341667,800.138
23205,0.238817,-0.0350027,0.0358333,800.132
23206,0.238817,-0.0350027,0.0375,800.111
23207,0.238817,-0.0350027,0.0391667,800.427
23568,0.273673,-0.0348876,0.000833333,801.823
23569,0.273673,-0.0348876,0.0025,800.508
23570,0.273673,-0.0348876,0.00416667,800.437
23571,0.273673,-0.0348876,0.00583333,800.511
23572,0.273673,-0.0348876,0.0075,800.737
23573,0.273673,-0.0348876,0.00916667,801.173
23574,0.273673,-0.0348876,0.0108333,802.173
23575,0.273673,-0.0348876,0.0125,802.843
23576,0.273673,-0.0348876,0.0141667,802.899
23577,0.273673,-0.0348876,0.0158333,802.435
23578,0.273673,-0.0348876,0.0175,802.354
23579,0.273673,-0.0348876,0.0191667,802.39
23580,0.273673,-0.0348876,0.0208333,801.931
23581,0.273673,-0.0348876,0.0225,801.421
23582,0.273673,-0.0348876,0.0241667,801.351
23583,0.273673,-0.0348876,0.0258333,802.396
23584,0.273673,-0.0348876,0.0275,802.594
23585,0.273673,-0.0348876,0.0291667,802.152
23586,0.273673,-0.0348876,0.0308333,801.21
23587,0.273673,-0.0348876,0.0325,800.743
23588,0.273673,-0.0348876,0.0341667,800.499
23589,0.273673,-0.0348876,0.0358333,800.429
23590,0.273673,-0.0348876,0.0375,800.516
23591,0.273673,-0.0348876,0.0391667,801.812
23880,0.104269,-0.034965,0.000833333,802.66
23881,0.104269,-0.034965,0.0025,801.913
23882,0.104269,-0.034965,0.00416667,801.116
23883,0.104269,-0.034965,0.00583333,801.086
23884,0.104269,-0.034965,0.0075,801.108
23885,0.104269,-0.034965,0.00916667,801.092
23886,0.104269,-0.034965,0.0108333,801.028
23887,0.104269,-0.034965,0.0125,800.954
23888,0.104269,-0.034965,0.0141667,800.907
23889,0.104269,-0.034965,0.0158333,800.893
23890,0.104269,-0.034965,0.0175,800.915
23891,0.104269,-0.034965,0.0191667,801.033
23892,0.104269,-0.034965,0.0208333,801.022
23893,0.104269,-0.034965,0.0225,800.908
23894,0.104269,-0.034965,0.0241667,800.889
23895,0.104269,-0.034965,0.0258333,800.9
23896,0.104269,-0.034965,0.0275,800.939
23897,0.104269,-0.034965,0.0291667,801.019
23898,0.104269,-0.034965,0.0308333,801.076
23899,0.104269,-0.034965,0.0325,801.091
23900,0.104269,-0.034965,0.0341667,801.063
23901,0.104269,-0.034965,0.0358333,801.1
23902,0.104269,-0.034965,0.0375,801.886
23903,0.104269,-0.034965,0.0391667,802.654
24024,0.119487,-0.0353474,0.000833333,801.131
24025,0.119487,-0.0353474,0.0025,801.165
24026,0.119487,-0.0353474,0.00416667,801.032
24027,0.119487,-0.0353474,0.00583333,800.874
24028,0.119487,-0.0353474,0.0075,800.724
24029,0.119487,-0.0353474,0.00916667,800.528
24030,0.119487,-0.0353474,0.0108333,800.375
24031,0.119487,-0.0353474,0.0125,800.282
24032,0.119487,-0.0353474,0.0141667,800.243
24033,0.119487,-0.0353474,0.0158333,800.231
24034,0.119487,-0.0353474,0.0175,800.227
24035,0.119487,-0.0353474,0.0191667,800.234
24036,0.119487,-0.0353474,0.0208333,800.231
24037,0.119487,-0.0353474,0.0225,800.225
24038,0.119487,-0.0353474,0.0241667,800.226
24039,0.119487,-0.0353474,0.0258333,800.238
24040,0.119487,-0.0353474,0.0275,800.27
24041,0.119487,-0.0353474,0.0291667,800.348
24042,0.119487,-0.0353474,0.0308333,800.502
24043,0.119487,-0.0353474,0.0325,800.685
24044,0.119487,-0.0353474,0.0341667,800.844
24045,0.119487,-0.0353474,0.0358333,800.996
24046,0.119487,-0.0353474,0.0375,801.121
24047,0.119487,-0.0353474,0.0391667,801.101
24288,0.244143,-0.0353493,0.000833333,800.615
24289,0.244143,-0.0353493,0.0025,800.14
24290,0.244143,-0.0353493,0.00416667,800.152
24291,0.244143,-0.0353493,0.00583333,800.161
24292,0.244143,-0.0353493,0.0075,800.177
24293,0.244143,-0.0353493,0.00916667,800.188
24294,0.244143,-0.0353493,0.0108333,800.187
24295,0.244143,-0.0353493,0.0125,800.199
24296,0.244143,-0.0353493,0.0141667,800.202
24297,0.244143,-0.0353493,0.0158333,800.208
24298,0.244143,-0.0353493,0.0175,800.222
24299,0.244143,-0.0353493,0.0191667,800.246
24300,0.244143,-0.0353493,0.0208333,800.238
24301,0.244143,-0.0353493,0.0225,800.216
24302,0.244143,-0.0353493,0.0241667,800.201
24303,0.244143,-0.0353493,0.0258333,800.203
24304,0.244143,-0.0353493,0.0275,800.196
24305,0.244143,-0.0353493,0.0291667,800.184
24306,0.244143,-0.0353493,0.0308333,800.184
24307,0.244143,-0.0353493,0.0325,800.179
24308,0.244143,-0.0353493,0.0341667,800.154
24309,0.244143,-0.0353493,0.0358333,800.15
24310,0.244143,-0.0353493,0.0375,800.144
24311,0.244143,-0.0353493,0.0391667,800.621
24696,0.297261,-0.035258,0.000833333,800.713
24697,0.297261,-0.035258,0.0025,801.453
24698,0.297261,-0.035258,0.00416667,801.649
24699,0.297261,-0.035258,0.00583333,801.74
24700,0.297261,-0.035258,0.0075,801.853
24701,0.297261,-0.035258,0.00916667,802.114
24702,0.297261,-0.035258,0.0108333,802.424
24703,0.297261,-0.035258,0.0125,802.603
24704,0.297261,-0.035258,0.0141667,802.576
24705,0.297261,-0.035258,0.0158333,802.453
24706,0.297261,-0.035258,0.0175,802.151
24707,0.297261,-0.035258,0.0191667,801.505
24708,0.297261,-0.035258,0.0208333,801.099
24709,0.297261,-0.035258,0.0225,800.816
24710,0.297261,-0.035258,0.0241667,801.032
24711,0.297261,-0.035258,0.0258333,801.608
24712,0.297261,-0.035258,0.0275,801.996
24713,0.297261,-0.035258,0.0291667,802.19
24714,0.297261,-0.035258,0.0308333,802.238
24715,0.297261,-0.035258,0.0325,802.127
24716,0.297261,-0.035258,0.0341667,801.99
24717,0.297261,-0.035258,0.0358333,801.877
24718,0.297261,-0.035258,0.0375,801.704
24719,0.297261,-0.035258,0.0391667,801.317
24888,0.239649,-0.035068,0.000833333,800.413
24889,0.239649,-0.035068,0.0025,800.107
24890,0.239649,-0.035068,0.00416667,800.13
24891,0.239649,-0.035068,0.00583333,800.144
24892,0.239649,-0.035068,0.0075,800.159
24893,0.239649,-0.035068,0.00916667,800.17
24894,0.239649,-0.035068,0.0108333,800.163
24895,0.239649,-0.035068,0.0125,800.17
24896,0.239649,-0.035068,0.0141667,800.174
24897,0.239649,-0.035068,0.0158333,800.173
24898,0.239649,-0.035068,0.0175,800.181
24899,0.239649,-0.035068,0.0191667,800.198
24900,0.239649,-0.035068,0.0208333,800.191
24901,0.239649,-0.035068,0.0225,800.18
24902,0.239649,-0.035068,0.0241667,800.166
24903,0.239649,-0.035068,0.0258333,800.177
24904,0.239649,-0.035068,0.0275,800.168
24905,0.239649,-0.035068,0.0291667,800.16
24906,0.239649,-0.035068,0.0308333,800.16
24907,0.239649,-0.035068,0.0325,800.156
24908,0.239649,-0.035068,0.0341667,800.136
24909,0.239649,-0.035068,0.0358333,800.126
24910,0.239649,-0.035068,0.0375,800.111
24911,0.239649,-0.035068,0.0391667,800.418
24912,0.155748,-0.0347425,0.000833333,800.303
24913,0.155748,-0.0347425,0.0025,800.544
24914,0.155748,-0.0347425,0.00416667,800.682
24915,0.155748,-0.0347425,0.00583333,800.665
24916,0.155748,-0.0347425,0.0075,800.596
24917,0.155748,-0.0347425,0.00916667,800.476
24918,0.155748,-0.0347425,0.0108333,800.357
24919,0.155748,-0.0347425,0.0125,800.285
24920,0.155748,-0.0347425,0.0141667,800.249
24921,0.155748,-0.0347425,0.0158333,800.244
24922,0.155748,-0.0347425,0.0175,800.232
24923,0.155748,-0.0347425,0.0191667,800.251
24924,0.155748,-0.0347425,0.0208333,800.239
24925,0.155748,-0.0347425,0.0225,800.235
24926,0.155748,-0.0347425,0.0241667,800.236
24927,0.155748,-0.0347425,0.0258333,800.248
24928,0.155748,-0.0347425,0.0275,800.277
24929,0.155748,-0.0347425,0.0291667,800.339
24930,0.155748,-0.0347425,0.0308333,800.453
24931,0.155748,-0.0347425,0.0325,800.574
24932,0.155748,-0.0347425,0.0341667,800.65
24933,0.155748,-0.0347425,0.0358333,800.671
24934,0.155748,-0.0347425,0.0375,800.531
24935,0.155748,-0.0347425,0.0391667,800.299
36912,0.191339,-0.0352776,0.000833333,800.064
36913,0.191339,-0.0352776,0.0025,800.109
36914,0.191339,-0.0352776,0.00416667,800.188
36915,0.191339,-0.0352776,0.00583333,800.223
36916,0.191339,-0.0352776,0.0075,800.233
36917,0.191339,-0.0352776,0.00916667,800.225
36918,0.191339,-0.0352776,0.0108333,800.206
36919,0.191339,-0.0352776,0.0125,800.189
36920,0.191339,-0.0352776,0.0141667,800.185
36921,0.191339,-0.0352776,0.0158333,800.183
36922,0.191339,-0.0352776,0.0175,800.184
36923,0.191339,-0.0352776,0.0191667,800.19
36924,0.191339,-0.0352776,0.0208333,800.182
36925,0.191339,-0.0352776,0.0225,800.176
36926,0.191339,-0.0352776,0.0241667,800.175
36927,0.191339,-0.0352776,0.0258333,800.177
36928,0.191339,-0.0352776,0.0275,800.191
36929,0.191339,-0.0352776,0.0291667,800.192
36930,0.191339,-0.0352776,0.0308333,800.216
36931,0.191339,-0.0352776,0.0325,800.225
36932,0.191339,-0.0352776,0.0341667,800.213
36933,0.191339,-0.0352776,0.0358333,800.178
36934,0.191339,-0.0352776,0.0375,800.117
36935,0.191339,-0.0352776,0.0391667,800.061
38448,0.248572,-0.0352792,0.000833333,800.756
38449,0.248572,-0.0352792,0.0025,800.153
38450,0.248572,-0.0352792,0.00416667,800.16
38451,0.248572,-0.0352792,0.00583333,800.171
38452,0.248572,-0.0352792,0.0075,800.188
38453,0.248572,-0.0352792,0.00916667,800.195
38454,0.248572,-0.0352792,0.0108333,800.197
38455,0.248572,-0.0352792,0.0125,800.214
38456,0.248572,-0.0352792,0.0141667,800.219
38457,0.248572,-0.0352792,0.0158333,800.23
38458,0.248572,-0.0352792,0.0175,800.25
38459,0.248572,-0.0352792,0.0191667,800.279
38460,0.248572,-0.0352792,0.0208333,800.267
38461,0.248572,-0.0352792,0.0225,800.242
38462,0.248572,-0.0352792,0.0241667,800.226
38463,0.248572,-0.0352792,0.0258333,800.219
38464,0.248572,-0.0352792,0.0275,800.209
38465,0.248572,-0.0352792,0.0291667,800.196
38466,0.248572,-0.0352792,0.0308333,800.191
38467,0.248572,-0.0352792,0.0325,800.183
38468,0.248572,-0.0352792,0.0341667,800.161
38469,0.248572,-0.0352792,0.0358333,800.149
38470,0.248572,-0.0352792,0.0375,800.158
38471,0.248572,-0.0352792,0.0391667,800.769
41640,0.26216,-0.0350029,0.000833333,801.993
41641,0.26216,-0.0350029,0.0025,800.234
41642,0.26216,-0.0350029,0.00416667,800.194
41643,0.26216,-0.0350029,0.00583333,800.201
41644,0.26216,-0.0350029,0.0075,800.228
41645,0.26216,-0.0350029,0.00916667,800.247
41646,0.26216,-0.0350029,0.0108333,800.278
41647,0.26216,-0.0350029,0.0125,800.315
41648,0.26216,-0.0350029,0.0141667,800.37
41649,0.26216,-0.0350029,0.0158333,800.459
41650,0.26216,-0.0350029,0.0175,800.557
41651,0.26216,-0.0350029,0.0191667,800.644
41652,0.26216,-0.0350029,0.0208333,800.61
41653,0.26216,-0.0350029,0.0225,800.528
41654,0.26216,-0.0350029,0.0241667,800.434
41655,0.26216,-0.0350029,0.0258333,800.367
41656,0.26216,-0.0350029,0.0275,800.321
41657,0.26216,-0.0350029,0.0291667,800.265
41658,0.26216,-0.0350029,0.0308333,800.252
41659,0.26216,-0.0350029,0.0325,800.212
41660,0.26216,-0.0350029,0.0341667,800.194
41661,0.26216,-0.0350029,0.0358333,800.179
41662,0.26216,-0.0350029,0.0375,800.269
41663,0.26216,-0.0350029,0.0391667,802.28
41880,0.189711,-0.0347056,0.000833333,800.039
41881,0.189711,-0.0347056,0.0025,800.099
41882,0.189711,-0.0347056,0.00416667,800.179
41883,0.189711,-0.0347056,0.00583333,800.205
41884,0.189711,-0.0347056,0.0075,800.213
41885,0.189711,-0.0347056,0.00916667,800.21
41886,0.189711,-0.0347056,0.0108333,800.191
41887,0.189711,-0.0347056,0.0125,800.182
41888,0.189711,-0.0347056,0.0141667,800.176
41889,0.189711,-0.0347056,0.0158333,800.181
41890,0.189711,-0.0347056,0.0175,800.176
41891,0.189711,-0.0347056,0.0191667,800.185
41892,0.189711,-0.0347056,0.0208333,800.175
41893,0.189711,-0.0347056,0.0225,800.17
41894,0.189711,-0.0347056,0.0241667,800.17
41895,0.189711,-0.0347056,0.0258333,800.17
41896,0.189711,-0.0347056,0.0275,800.185
41897,0.189711,-0.0347056,0.0291667,800.187
41898,0.189711,-0.0347056,0.0308333,800.199
41899,0.189711,-0.0347056,0.0325,800.209
41900,0.189711,-0.0347056,0.0341667,800.199
41901,0.189711,-0.0347056,0.0358333,800.165
41902,0.189711,-0.0347056,0.0375,800.099
41903,0.189711,-0.0347056,0.0391667,800.043
42000,0.246923,-0.034669,0.000833333,800.56
42001,0.246923,-0.034669,0.0025,800.119
42002,0.246923,-0.034669,0.00416667,800.131
42003,0.246923,-0.034669,0.00583333,800.144
42004,0.246923,-0.034669,0.0075,800.16
42005,0.246923,-0.034669,0.00916667,800.164
42006,0.246923,-0.034669,0.0108333,800.169
42007,0.246923,-0.034669,0.0125,800.178
42008,0.246923,-0.034669,0.0141667,800.181
42009,0.246923,-0.034669,0.0158333,800.183
42010,0.246923,-0.034669,0.0175,800.201
42011,0.246923,-0.034669,0.0191667,800.218
42012,0.246923,-0.034669,0.0208333,800.207
42013,0.246923,-0.034669,0.0225,800.194
42014,0.246923,-0.034669,0.0241667,800.183
42015,0.246923,-0.034669,0.0258333,800.177
42016,0.246923,-0.034669,0.0275,800.176
42017,0.246923,-0.034669,0.0291667,800.166
42018,0.246923,-0.034669,0.0308333,800.158
42019,0.246923,-0.034669,0.0325,800.153
42020,0.246923,-0.034669,0.0341667,800.134
42021,0.246923,-0.034669,0.0358333,800.124
42022,0.246923,-0.034669,0.0375,800.117
42023,0.246923,-0.034669,0.0391667,800.567
42288,0.194242,-0.0347983,0.000833333,800.051
42289,0.194242,-0.0347983,0.0025,800.098
42290,0.194242,-0.0347983,0.00416667,800.167
42291,0.194242,-0.0347983,0.00583333,800.195
42292,0.194242,-0.0347983,0.0075,800.205
42293,0.194242,-0.0347983,0.00916667,800.2
42294,0.194242,-0.0347983,0.0108333,800.183
42295,0.194242,-0.0347983,0.0125,800.177
42296,0.194242,-0.0347983,0.0141667,800.172
42297,0.194242,-0.0347983,0.0158333,800.172
42298,0.194242,-0.0347983,0.0175,800.169
42299,0.194242,-0.0347983,0.0191667,800.175
42300,0.194242,-0.0347983,0.0208333,800.175
42301,0.194242,-0.0347983,0.0225,800.167
42302,0.194242,-0.0347983,0.0241667,800.169
42303,0.194242,-0.0347983,0.0258333,800.165
42304,0.194242,-0.0347983,0.0275,800.178
42305,0.194242,-0.0347983,0.0291667,800.175
42306,0.194242,-0.0347983,0.0308333,800.193
42307,0.194242,-0.0347983,0.0325,800.196
42308,0.194242,-0.0347983,0.0341667,800.184
42309,0.194242,-0.0347983,0.0358333,800.156
42310,0.194242,-0.0347983,0.0375,800.097
42311,0.194242,-0.0347983,0.0391667,800.052
42336,0.251477,-0.0347823,0.000833333,800.794
42337,0.251477,-0.0347823,0.0025,800.146
42338,0.251477,-0.0347823,0.00416667,800.148
42339,0.251477,-0.0347823,0.00583333,800.158
42340,0.251477,-0.0347823,0.0075,800.174
42341,0.251477,-0.0347823,0.00916667,800.184
42342,0.251477,-0.0347823,0.0108333,800.189
42343,0.251477,-0.0347823,0.0125,800.203
42344,0.251477,-0.0347823,0.0141667,800.207
42345,0.251477,-0.0347823,0.0158333,800.217
42346,0.251477,-0.0347823,0.0175,800.234
42347,0.251477,-0.0347823,0.0191667,800.262
42348,0.251477,-0.0347823,0.0208333,800.251
42349,0.251477,-0.0347823,0.0225,800.229
42350,0.251477,-0.0347823,0.0241667,800.213
42351,0.251477,-0.0347823,0.0258333,800.203
42352,0.251477,-0.0347823,0.0275,800.196
42353,0.251477,-0.0347823,0.0291667,800.185
42354,0.251477,-0.0347823,0.0308333,800.179
42355,0.251477,-0.0347823,0.0325,800.17
42356,0.251477,-0.0347823,0.0341667,800.148
42357,0.251477,-0.0347823,0.0358333,800.14
42358,0.251477,-0.0347823,0.0375,800.147
42359,0.251477,-0.0347823,0.0391667,800.815
43824,0.110283,-0.0346646,0.000833333,800.868
43825,0.110283,-0.0346646,0.0025,800.921
43826,0.110283,-0.0346646,0.00416667,800.939
43827,0.110283,-0.0346646,0.00583333,800.883
43828,0.110283,-0.0346646,0.0075,800.77
43829,0.110283,-0.0346646,0.00916667,800.597
43830,0.110283,-0.0346646,0.0108333,800.423
43831,0.110283,-0.0346646,0.0125,800.311
43832,0.110283,-0.0346646,0.0141667,800.256
43833,0.110283,-0.0346646,0.0158333,800.237
43834,0.110283,-0.0346646,0.0175,800.235
43835,0.110283,-0.0346646,0.0191667,800.258
43836,0.110283,-0.0346646,0.0208333,800.252
43837,0.110283,-0.0346646,0.0225,800.235
43838,0.110283,-0.0346646,0.0241667,800.235
43839,0.110283,-0.0346646,0.0258333,800.255
43840,0.110283,-0.0346646,0.0275,800.3
43841,0.110283,-0.0346646,0.0291667,800.41
43842,0.110283,-0.0346646,0.0308333,800.579
43843,0.110283,-0.0346646,0.0325,800.736
43844,0.110283,-0.0346646,0.0341667,800.862
43845,0.110283,-0.0346646,0.0358333,800.914
43846,0.110283,-0.0346646,0.0375,800.906
43847,0.110283,-0.0346646,0.0391667,800.842
44400,0.297999,-0.035157,0.000833333,800.687
44401,0.297999,-0.035157,0.0025,801.288
44402,0.297999,-0.035157,0.00416667,801.502
44403,0.297999,-0.035157,0.00583333,801.569
44404,0.297999,-0.035157,0.0075,801.639
44405,0.297999,-0.035157,0.00916667,801.744
44406,0.297999,-0.035157,0.0108333,801.998
44407,0.297999,-0.035157,0.0125,802.07
44408,0.297999,-0.035157,0.0141667,802.048
44409,0.297999,-0.035157,0.0158333,801.961
44410,0.297999,-0.035157,0.0175,801.772
44411,0.297999,-0.035157,0.0191667,801.316
44412,0.297999,-0.035157,0.0208333,801.045
44413,0.297999,-0.035157,0.0225,800.814
44414,0.297999,-0.035157,0.0241667,800.985
44415,0.297999,-0.035157,0.0258333,801.432
44416,0.297999,-0.035157,0.0275,801.752
44417,0.297999,-0.035157,0.0291667,801.881
44418,0.297999,-0.035157,0.0308333,801.922
44419,0.297999,-0.035157,0.0325,801.87
44420,0.297999,-0.035157,0.0341667,801.765
44421,0.297999,-0.035157,0.0358333,801.691
44422,0.297999,-0.035157,0.0375,801.516
44423,0.297999,-0.035157,0.0391667,800.935
45480,0.122016,-0.0347399,0.000833333,801.263
45481,0.122016,-0.0347399,0.0025,801.236
45482,0.122016,-0.0347399,0.00416667,801.049
45483,0.122016,-0.0347399,0.00583333,800.879
45484,0.122016,-0.0347399,0.0075,800.716
45485,0.122016,-0.0347399,0.00916667,800.518
45486,0.122016,-0.0347399,0.0108333,800.358
45487,0.122016,-0.0347399,0.0125,800.281
45488,0.122016,-0.0347399,0.0141667,800.246
45489,0.122016,-0.0347399,0.0158333,800.234
45490,0.122016,-0.0347399,0.0175,800.232
45491,0.122016,-0.0347399,0.0191667,800.237
45492,0.122016,-0.0347399,0.0208333,800.237
45493,0.122016,-0.0347399,0.0225,800.229
45494,0.122016,-0.0347399,0.0241667,800.23
45495,0.122016,-0.0347399,0.0258333,800.238
45496,0.122016,-0.0347399,0.0275,800.266
45497,0.122016,-0.0347399,0.0291667,800.334
45498,0.122016,-0.0347399,0.0308333,800.493
45499,0.122016,-0.0347399,0.0325,800.681
45500,0.122016,-0.0347399,0.0341667,800.846
45501,0.122016,-0.0347399,0.0358333,801.019
45502,0.122016,-0.0347399,0.0375,801.197
45503,0.122016,-0.0347399,0.0391667,801.235
45528,0.299593,-0.0350438,0.000833333,800.661
45529,0.299593,-0.0350438,0.0025,800.806
45530,0.299593,-0.0350438,0.00416667,800.876
45531,0.299593,-0.0350438,0.00583333,800.869
45532,0.299593,-0.0350438,0.0075,800.842
45533,0.299593,-0.0350438,0.00916667,800.808
45534,0.299593,-0.0350438,0.0108333,800.818
45535,0.299593,-0.0350438,0.0125,800.84
45536,0.299593,-0.0350438,0.0141667,800.875
45537,0.299593,-0.0350438,0.0158333,800.875
45538,0.299593,-0.0350438,0.0175,800.865
45539,0.299593,-0.0350438,0.0191667,800.868
45540,0.299593,-0.0350438,0.0208333,800.915
45541,0.299593,-0.0350438,0.0225,800.727
45542,0.299593,-0.0350438,0.0241667,800.781
45543,0.299593,-0.0350438,0.0258333,800.831
45544,0.299593,-0.0350438,0.0275,800.909
45545,0.299593,-0.0350438,0.0291667,800.953
45546,0.299593,-0.0350438,0.0308333,801.011
45547,0.299593,-0.0350438,0.0325,801.036
45548,0.299593,-0.0350438,0.0341667,801.044
45549,0.299593,-0.0350438,0.0358333,801.045
45550,0.299593,-0.0350438,0.0375,800.998
45551,0.299593,-0.0350438,0.0391667,800.74
45816,0.120247,-0.0347898,0.000833333,801.226
45817,0.120247,-0.0347898,0.0025,801.218
45818,0.120247,-0.0347898,0.00416667,801.038
45819,0.120247,-0.0347898,0.00583333,800.877
45820,0.120247,-0.0347898,0.0075,800.716
45821,0.120247,-0.0347898,0.00916667,800.513
45822,0.120247,-0.0347898,0.0108333,800.36
45823,0.120247,-0.0347898,0.0125,800.273
45824,0.120247,-0.0347898,0.0141667,800.243
45825,0.120247,-0.0347898,0.0158333,800.227
45826,0.120247,-0.0347898,0.0175,800.227
45827,0.120247,-0.0347898,0.0191667,800.231
45828,0.120247,-0.0347898,0.0208333,800.231
45829,0.120247,-0.0347898,0.0225,800.225
45830,0.120247,-0.0347898,0.0241667,800.229
45831,0.120247,-0.0347898,0.0258333,800.237
45832,0.120247,-0.0347898,0.0275,800.262
45833,0.120247,-0.0347898,0.0291667,800.331
45834,0.120247,-0.0347898,0.0308333,800.491
45835,0.120247,-0.0347898,0.0325,800.679
45836,0.120247,-0.0347898,0.0341667,800.845
45837,0.120247,-0.0347898,0.0358333,801.01
45838,0.120247,-0.0347898,0.0375,801.184
45839,0.120247,-0.0347898,0.0391667,801.203
46536,0.15987,-0.0347386,0.000833333,800.209
46537,0.15987,-0.0347386,0.0025,800.437
46538,0.15987,-0.0347386,0.00416667,800.566
46539,0.15987,-0.0347386,0.00583333,800.561
46540,0.15987,-0.0347386,0.0075,800.522
46541,0.15987,-0.0347386,0.00916667,800.429
46542,0.15987,-0.0347386,0.0108333,800.333
46543,0.15987,-0.0347386,0.0125,800.269
46544,0.15987,-0.0347386,0.0141667,800.242
46545,0.15987,-0.0347386,0.0158333,800.236
46546,0.15987,-0.0347386,0.0175,800.239
46547,0.15987,-0.0347386,0.0191667,800.242
46548,0.15987,-0.0347386,0.0208333,800.242
46549,0.15987,-0.0347386,0.0225,800.23
46550,0.15987,-0.0347386,0.0241667,800.234
46551,0.15987,-0.0347386,0.0258333,800.244
46552,0.15987,-0.0347386,0.0275,800.267
46553,0.15987,-0.0347386,0.0291667,800.324
46554,0.15987,-0.0347386,0.0308333,800.425
46555,0.15987,-0.0347386,0.0325,800.507
46556,0.15987,-0.0347386,0.0341667,800.549
46557,0.15987,-0.0347386,0.0358333,800.555
46558,0.15987,-0.0347386,0.0375,800.444
46559,0.15987,-0.0347386,0.0391667,800.22
47184,0.204925,-0.0349052,0.000833333,800.091
47185,0.204925,-0.0349052,0.0025,800.08
47186,0.204925,-0.0349052,0.00416667,800.147
47187,0.204925,-0.0349052,0.00583333,800.173
47188,0.204925,-0.0349052,0.0075,800.184
47189,0.204925,-0.0349052,0.00916667,800.188
47190,0.204925,-0.0349052,0.0108333,800.174
47191,0.204925,-0.0349052,0.0125,800.172
47192,0.204925,-0.0349052,0.0141667,800.167
47193,0.204925,-0.0349052,0.0158333,800.161
47194,0.204925,-0.0349052,0.0175,800.164
47195,0.204925,-0.0349052,0.0191667,800.161
47196,0.204925,-0.0349052,0.0208333,800.163
47197,0.204925,-0.0349052,0.0225,800.157
47198,0.204925,-0.0349052,0.0241667,800.159
47199,0.204925,-0.0349052,0.0258333,800.161
47200,0.204925,-0.0349052,0.0275,800.175
47201,0.204925,-0.0349052,0.0291667,800.164
47202,0.204925,-0.0349052,0.0308333,800.183
47203,0.204925,-0.0349052,0.0325,800.177
47204,0.204925,-0.0349052,0.0341667,800.162
47205,0.204925,-0.0349052,0.0358333,800.129
47206,0.204925,-0.0349052,0.0375,800.092
47207,0.204925,-0.0349052,0.0391667,800.09
47856,0.218525,-0.0351524,0.000833333,800.177
47857,0.218525,-0.0351524,0.0025,800.091
47858,0.218525,-0.0351524,0.00416667,800.142
47859,0.218525,-0.0351524,0.00583333,800.163
47860,0.218525,-0.0351524,0.0075,800.18
47861,0.218525,-0.0351524,0.00916667,800.177
47862,0.218525,-0.0351524,0.0108333,800.171
47863,0.218525,-0.0351524,0.0125,800.166
47864,0.218525,-0.0351524,0.0141667,800.163
47865,0.218525,-0.0351524,0.0158333,800.156
47866,0.218525,-0.0351524,0.0175,800.161
47867,0.218525,-0.0351524,0.0191667,800.166
47868,0.218525,-0.0351524,0.0208333,800.166
47869,0.218525,-0.0351524,0.0225,800.158
47870,0.218525,-0.0351524,0.0241667,800.152
47871,0.218525,-0.0351524,0.0258333,800.159
47872,0.218525,-0.0351524,0.0275,800.169
47873,0.218525,-0.0351524,0.0291667,800.162
47874,0.218525,-0.0351524,0.0308333,800.173
47875,0.218525,-0.0351524,0.0325,800.165
47876,0.218525,-0.0351524,0.0341667,800.151
47877,0.218525,-0.0351524,0.0358333,800.132
47878,0.218525,-0.0351524,0.0375,800.092
47879,0.218525,-0.0351524,0.0391667,800.181
47880,0.100544,-0.0350206,0.000833333,802.906
47881,0.100544,-0.0350206,0.0025,802.278
47882,0.100544,-0.0350206,0.00416667,802.226
47883,0.100544,-0.0350206,0.00583333,802.26
47884,0.100544,-0.0350206,0.0075,802.372
47885,0.100544,-0.0350206,0.00916667,802.403
47886,0.100544,-0.0350206,0.0108333,802.415
47887,0.100544,-0.0350206,0.0125,802.401
47888,0.100544,-0.0350206,0.0141667,802.376
47889,0.100544,-0.0350206,0.0158333,802.371
47890,0.100544,-0.0350206,0.0175,802.429
47891,0.100544,-0.0350206,0.0191667,802.548
47892,0.100544,-0.0350206,0.0208333,802.529
47893,0.100544,-0.0350206,0.0225,802.396
47894,0.100544,-0.0350206,0.0241667,802.359
47895,0.100544,-0.0350206,0.0258333,802.371
47896,0.100544,-0.0350206,0.0275,802.398
47897,0.100544,-0.0350206,0.0291667,802.405
47898,0.100544,-0.0350206,0.0308333,802.39
47899,0.100544,-0.0350206,0.0325,802.355
47900,0.100544,-0.0350206,0.0341667,802.246
47901,0.100544,-0.0350206,0.0358333,802.211
47902,0.100544,-0.0350206,0.0375,802.259
47903,0.100544,-0.0350206,0.0391667,802.879
49032,0.245065,-0.0351066,0.000833333,800.559
49033,0.245065,-0.0351066,0.0025,800.125
49034,0.245065,-0.0351066,0.00416667,800.138
49035,0.245065,-0.0351066,0.00583333,800.15
49036,0.245065,-0.0351066,0.0075,800.168
49037,0.245065,-0.0351066,0.00916667,800.174
49038,0.245065,-0.0351066,0.0108333,800.174
49039,0.245065,-0.0351066,0.0125,800.183
49040,0.245065,-0.0351066,0.0141667,800.186
49041,0.245065,-0.0351066,0.0158333,800.189
49042,0.245065,-0.0351066,0.0175,800.201
49043,0.245065,-0.0351066,0.0191667,800.221
49044,0.245065,-0.0351066,0.0208333,800.213
49045,0.245065,-0.0351066,0.0225,800.197
49046,0.245065,-0.0351066,0.0241667,800.186
49047,0.245065,-0.0351066,0.0258333,800.185
49048,0.245065,-0.0351066,0.0275,800.181
49049,0.245065,-0.0351066,0.0291667,800.17
49050,0.245065,-0.0351066,0.0308333,800.169
49051,0.245065,-0.0351066,0.0325,800.168
49052,0.245065,-0.0351066,0.0341667,800.141
49053,0.245065,-0.0351066,0.0358333,800.141
49054,0.245065,-0.0351066,0.0375,800.125
49055,0.245065,-0.0351066,0.0391667,800.565
49296,0.264,-0.0353348,0.000833333,802.362
49297,0.264,-0.0353348,0.0025,800.347
49298,0.264,-0.0353348,0.00416667,800.261
49299,0.264,-0.0353348,0.00583333,800.278
49300,0.264,-0.0353348,0.0075,800.319
49301,0.264,-0.0353348,0.00916667,800.368
49302,0.264,-0.0353348,0.0108333,800.435
49303,0.264,-0.0353348,0.0125,800.509
49304,0.264,-0.0353348,0.0141667,800.624
49305,0.264,-0.0353348,0.0158333,800.898
49306,0.264,-0.0353348,0.0175,801.048
49307,0.264,-0.0353348,0.0191667,801.232
49308,0.264,-0.0353348,0.0208333,801.194
49309,0.264,-0.0353348,0.0225,800.963
49310,0.264,-0.0353348,0.0241667,800.846
49311,0.264,-0.0353348,0.0258333,800.624
49312,0.264,-0.0353348,0.0275,800.513
49313,0.264,-0.0353348,0.0291667,800.43
49314,0.264,-0.0353348,0.0308333,800.371
49315,0.264,-0.0353348,0.0325,800.298
49316,0.264,-0.0353348,0.0341667,800.263
49317,0.264,-0.0353348,0.0358333,800.246
49318,0.264,-0.0353348,0.0375,800.39
49319,0.264,-0.0353348,0.0391667,802.615
51792,0.249539,-0.035104,0.000833333,800.716
51793,0.249539,-0.035104,0.0025,800.136
51794,0.249539,-0.035104,0.00416667,800.147
51795,0.249539,-0.035104,0.00583333,800.158
51796,0.249539,-0.035104,0.0075,800.178
51797,0.249539,-0.035104,0.00916667,800.179
51798,0.249539,-0.035104,0.0108333,800.181
51799,0.249539,-0.035104,0.0125,800.196
51800,0.249539,-0.035104,0.0141667,800.201
51801,0.249539,-0.035104,0.0158333,800.207
51802,0.249539,-0.035104,0.0175,800.227
51803,0.249539,-0.035104,0.0191667,800.251
51804,0.249539,-0.035104,0.0208333,800.238
51805,0.249539,-0.035104,0.0225,800.219
51806,0.249539,-0.035104,0.0241667,800.206
51807,0.249539,-0.035104,0.0258333,800.199
51808,0.249539,-0.035104,0.0275,800.192
51809,0.249539,-0.035104,0.0291667,800.18
51810,0.249539,-0.035104,0.0308333,800.176
51811,0.249539,-0.035104,0.0325,800.172
51812,0.249539,-0.035104,0.0341667,800.147
51813,0.249539,-0.035104,0.0358333,800.135
51814,0.249539,-0.035104,0.0375,800.138
51815,0.249539,-0.035104,0.0391667,800.727
51816,0.105244,-0.034673,0.000833333,803.23
51817,0.105244,-0.034673,0.0025,801.433
51818,0.105244,-0.034673,0.00416667,800.98
51819,0.105244,-0.034673,0.00583333,800.961
51820,0.105244,-0.034673,0.0075,800.933
51821,0.105244,-0.034673,0.00916667,800.85
51822,0.105244,-0.034673,0.0108333,800.721
51823,0.105244,-0.034673,0.0125,800.608
51824,0.105244,-0.034673,0.0141667,800.551
51825,0.105244,-0.034673,0.0158333,800.537
51826,0.105244,-0.034673,0.0175,800.547
51827,0.105244,-0.034673,0.0191667,800.627
51828,0.105244,-0.034673,0.0208333,800.617
51829,0.105244,-0.034673,0.0225,800.544
51830,0.105244,-0.034673,0.0241667,800.531
51831,0.105244,-0.034673,0.0258333,800.546
51832,0.105244,-0.034673,0.0275,800.593
51833,0.105244,-0.034673,0.0291667,800.71
51834,0.105244,-0.034673,0.0308333,800.83
51835,0.105244,-0.034673,0.0325,800.915
51836,0.105244,-0.034673,0.0341667,800.939
51837,0.105244,-0.034673,0.0358333,800.96
51838,0.105244,-0.034673,0.0375,801.411
51839,0.105244,-0.034673,0.0391667,803.231
51840,0.1923,-0.0350986,0.000833333,800.051
51841,0.1923,-0.0350986,0.0025,800.109
51842,0.1923,-0.0350986,0.00416667,800.19
51843,0.1923,-0.0350986,0.00583333,800.226
51844,0.1923,-0.0350986,0.0075,800.22
51845,0.1923,-0.0350986,0.00916667,800.224
51846,0.1923,-0.0350986,0.0108333,800.202
51847,0.1923,-0.0350986,0.0125,800.19
51848,0.1923,-0.0350986,0.0141667,800.188
51849,0.1923,-0.0350986,0.0158333,800.185
51850,0.1923,-0.0350986,0.0175,800.186
51851,0.1923,-0.0350986,0.0191667,800.191
51852,0.1923,-0.0350986,0.0208333,800.183
51853,0.1923,-0.0350986,0.0225,800.179
51854,0.1923,-0.0350986,0.0241667,800.177
51855,0.1923,-0.0350986,0.0258333,800.174
51856,0.1923,-0.0350986,0.0275,800.196
51857,0.1923,-0.0350986,0.0291667,800.195
51858,0.1923,-0.0350986,0.0308333,800.215
51859,0.1923,-0.0350986,0.0325,800.228
51860,0.1923,-0.0350986,0.0341667,800.212
51861,0.1923,-0.0350986,0.0358333,800.179
51862,0.1923,-0.0350986,0.0375,800.105
51863,0.1923,-0.0350986,0.0391667,800.051
53016,0.291644,-0.0347498,0.000833333,802.813
53017,0.291644,-0.0347498,0.0025,802.133
53018,0.291644,-0.0347498,0.00416667,802.238
53019,0.291644,-0.0347498,0.00583333,802.929
53020,0.291644,-0.0347498,0.0075,803.403
53021,0.291644,-0.0347498,0.00916667,803.61
53022,0.291644,-0.0347498,0.0108333,803.714
53023,0.291644,-0.0347498,0.0125,803.672
53024,0.291644,-0.0347498,0.0141667,803.724
53025,0.291644,-0.0347498,0.0158333,804.015
53026,0.291644,-0.0347498,0.0175,803.968
53027,0.291644,-0.0347498,0.0191667,803.401
53028,0.291644,-0.0347498,0.0208333,801.934
53029,0.291644,-0.0347498,0.0225,801.024
53030,0.291644,-0.0347498,0.0241667,801.706
53031,0.291644,-0.0347498,0.0258333,803.36
53032,0.291644,-0.0347498,0.0275,803.818
53033,0.291644,-0.0347498,0.0291667,803.5
53034,0.291644,-0.0347498,0.0308333,803.345
53035,0.291644,-0.0347498,0.0325,802.79
53036,0.291644,-0.0347498,0.0341667,802.536
53037,0.291644,-0.0347498,0.0358333,802.224
53038,0.291644,-0.0347498,0.0375,802.036
53039,0.291644,-0.0347498,0.0391667,802.448
53592,0.261186,-0.0348704,0.000833333,802.011
53593,0.261186,-0.0348704,0.0025,800.244
53594,0.261186,-0.0348704,0.00416667,800.198
53595,0.261186,-0.0348704,0.00583333,800.203
53596,0.261186,-0.0348704,0.0075,800.232
53597,0.261186,-0.0348704,0.00916667,800.248
53598,0.261186,-0.0348704,0.0108333,800.284
53599,0.261186,-0.0348704,0.0125,800.325
53600,0.261186,-0.0348704,0.0141667,800.353
53601,0.261186,-0.0348704,0.0158333,800.419
53602,0.261186,-0.0348704,0.0175,800.477
53603,0.261186,-0.0348704,0.0191667,800.548
53604,0.261186,-0.0348704,0.0208333,800.509
53605,0.261186,-0.0348704,0.0225,800.451
53606,0.261186,-0.0348704,0.0241667,800.409
53607,0.261186,-0.0348704,0.0258333,800.359
53608,0.261186,-0.0348704,0.0275,800.318
53609,0.261186,-0.0348704,0.0291667,800.272
53610,0.261186,-0.0348704,0.0308333,800.255
53611,0.261186,-0.0348704,0.0325,800.215
53612,0.261186,-0.0348704,0.0341667,800.195
53613,0.261186,-0.0348704,0.0358333,800.184
53614,0.261186,-0.0348704,0.0375,800.281
53615,0.261186,-0.0348704,0.0391667,802.295
54096,0.167298,-0.0352663,0.000833333,800.092
54097,0.167298,-0.0352663,0.0025,800.249
54098,0.167298,-0.0352663,0.00416667,800.379
54099,0.167298,-0.0352663,0.00583333,800.402
54100,0.167298,-0.0352663,0.0075,800.391
54101,0.167298,-0.0352663,0.00916667,800.341
54102,0.167298,-0.0352663,0.0108333,800.28
54103,0.167298,-0.0352663,0.0125,800.241
54104,0.167298,-0.0352663,0.0141667,800.225
54105,0.167298,-0.0352663,0.0158333,800.219
54106,0.167298,-0.0352663,0.0175,800.219
54107,0.167298,-0.0352663,0.0191667,800.22
54108,0.167298,-0.0352663,0.0208333,800.215
54109,0.167298,-0.0352663,0.0225,800.214
54110,0.167298,-0.0352663,0.0241667,800.211
54111,0.167298,-0.0352663,0.0258333,800.219
54112,0.167298,-0.0352663,0.0275,800.24
54113,0.167298,-0.0352663,0.0291667,800.268
54114,0.167298,-0.0352663,0.0308333,800.323
54115,0.167298,-0.0352663,0.0325,800.377
54116,0.167298,-0.0352663,0.0341667,800.393
54117,0.167298,-0.0352663,0.0358333,800.372
54118,0.167298,-0.0352663,0.0375,800.245
54119,0.167298,-0.0352663,0.0391667,800.09
54576,0.159033,-0.0351581,0.000833333,800.233
54577,0.159033,-0.0351581,0.0025,800.46
54578,0.159033,-0.0351581,0.00416667,800.592
54579,0.159033,-0.0351581,0.00583333,800.587
54580,0.159033,-0.0351581,0.0075,800.544
54581,0.159033,-0.0351581,0.00916667,800.445
54582,0.159033,-0.0351581,0.0108333,800.342
54583,0.159033,-0.0351581,0.0125,800.272
54584,0.159033,-0.0351581,0.0141667,800.242
54585,0.159033,-0.0351581,0.0158333,800.238
54586,0.159033,-0.0351581,0.0175,800.238
54587,0.159033,-0.0351581,0.0191667,800.247
54588,0.159033,-0.0351581,0.0208333,800.24
54589,0.159033,-0.0351581,0.0225,800.229
54590,0.159033,-0.0351581,0.0241667,800.234
54591,0.159033,-0.0351581,0.0258333,800.247
54592,0.159033,-0.0351581,0.0275,800.272
54593,0.159033,-0.0351581,0.0291667,800.325
54594,0.159033,-0.0351581,0.0308333,800.428
54595,0.159033,-0.0351581,0.0325,800.522
54596,0.159033,-0.0351581,0.0341667,800.574
54597,0.159033,-0.0351581,0.0358333,800.581
54598,0.159033,-0.0351581,0.0375,800.459
54599,0.159033,-0.0351581,0.0391667,800.238
55008,0.25245,-0.0346637,0.000833333,800.778
55009,0.25245,-0.0346637,0.0025,800.138
55010,0.25245,-0.0346637,0.00416667,800.145
55011,0.25245,-0.0346637,0.00583333,800.157
55012,0.25245,-0.0346637,0.0075,800.169
55013,0.25245,-0.0346637,0.00916667,800.179
55014,0.25245,-0.0346637,0.0108333,800.18
55015,0.25245,-0.0346637,0.0125,800.193
55016,0.25245,-0.0346637,0.0141667,800.198
55017,0.25245,-0.0346637,0.0158333,800.208
55018,0.25245,-0.0346637,0.0175,800.221
55019,0.25245,-0.0346637,0.0191667,800.249
55020,0.25245,-0.0346637,0.0208333,800.238
55021,0.25245,-0.0346637,0.0225,800.218
55022,0.25245,-0.0346637,0.0241667,800.205
55023,0.25245,-0.0346637,0.0258333,800.193
55024,0.25245,-0.0346637,0.0275,800.189
55025,0.25245,-0.0346637,0.0291667,800.178
55026,0.25245,-0.0346637,0.0308333,800.17
55027,0.25245,-0.0346637,0.0325,800.164
55028,0.25245,-0.0346637,0.0341667,800.14
55029,0.25245,-0.0346637,0.0358333,800.132
55030,0.25245,-0.0346637,0.0375,800.14
55031,0.25245,-0.0346637,0.0391667,800.802
55032,0.195217,-0.0346749,0.000833333,800.042
55033,0.195217,-0.0346749,0.0025,800.086
55034,0.195217,-0.0346749,0.00416667,800.155
55035,0.195217,-0.0346749,0.00583333,800.193
55036,0.195217,-0.0346749,0.0075,800.191
55037,0.195217,-0.0346749,0.00916667,800.192
55038,0.195217,-0.0346749,0.0108333,800.185
55039,0.195217,-0.0346749,0.0125,800.178
55040,0.195217,-0.0346749,0.0141667,800.171
55041,0.195217,-0.0346749,0.0158333,800.167
55042,0.195217,-0.0346749,0.0175,800.172
55043,0.195217,-0.0346749,0.0191667,800.173
55044,0.195217,-0.0346749,0.0208333,800.176
55045,0.195217,-0.0346749,0.0225,800.167
55046,0.195217,-0.0346749,0.0241667,800.168
55047,0.195217,-0.0346749,0.0258333,800.167
55048,0.195217,-0.0346749,0.0275,800.175
55049,0.195217,-0.0346749,0.0291667,800.178
55050,0.195217,-0.0346749,0.0308333,800.189
55051,0.195217,-0.0346749,0.0325,800.192
55052,0.195217,-0.0346749,0.0341667,800.177
55053,0.195217,-0.0346749,0.0358333,800.142
55054,0.195217,-0.0346749,0.0375,800.087
55055,0.195217,-0.0346749,0.0391667,800.044
55104,0.145188,-0.0353357,0.000833333,800.932
55105,0.145188,-0.0353357,0.0025,801.074
55106,0.145188,-0.0353357,0.00416667,801.056
55107,0.145188,-0.0353357,0.00583333,800.938
55108,0.145188,-0.0353357,0.0075,800.779
55109,0.145188,-0.0353357,0.00916667,800.574
55110,0.145188,-0.0353357,0.0108333,800.405
55111,0.145188,-0.0353357,0.0125,800.302
55112,0.145188,-0.0353357,0.0141667,800.253
55113,0.145188,-0.0353357,0.0158333,800.247
55114,0.145188,-0.0353357,0.0175,800.246
55115,0.145188,-0.0353357,0.0191667,800.254
55116,0.145188,-0.0353357,0.0208333,800.243
55117,0.145188,-0.0353357,0.0225,800.238
55118,0.145188,-0.0353357,0.0241667,800.244
55119,0.145188,-0.0353357,0.0258333,800.252
55120,0.145188,-0.0353357,0.0275,800.288
55121,0.145188,-0.0353357,0.0291667,800.396
55122,0.145188,-0.0353357,0.0308333,800.556
55123,0.145188,-0.0353357,0.0325,800.737
55124,0.145188,-0.0353357,0.0341667,800.917
55125,0.145188,-0.0353357,0.0358333,801.026
55126,0.145188,-0.0353357,0.0375,801.041
55127,0.145188,-0.0353357,0.0391667,800.904
55632,0.236297,-0.0351716,0.000833333,800.426
55633,0.236297,-0.0351716,0.0025,800.114
55634,0.236297,-0.0351716,0.00416667,800.141
55635,0.236297,-0.0351716,0.00583333,800.153
55636,0.236297,-0.0351716,0.0075,800.171
55637,0.236297,-0.0351716,0.00916667,800.17
55638,0.236297,-0.0351716,0.0108333,800.171
55639,0.236297,-0.0351716,0.0125,800.177
55640,0.236297,-0.0351716,0.0141667,800.177
55641,0.236297,-0.0351716,0.0158333,800.18
55642,0.236297,-0.0351716,0.0175,800.187
55643,0.236297,-0.0351716,0.0191667,800.202
55644,0.236297,-0.0351716,0.0208333,800.2
55645,0.236297,-0.0351716,0.0225,800.181
55646,0.236297,-0.0351716,0.0241667,800.176
55647,0.236297,-0.0351716,0.0258333,800.178
55648,0.236297,-0.0351716,0.0275,800.175
55649,0.236297,-0.0351716,0.0291667,800.166
55650,0.236297,-0.0351716,0.0308333,800.17
55651,0.236297,-0.0351716,0.0325,800.162
55652,0.236297,-0.0351716,0.0341667,800.144
55653,0.236297,-0.0351716,0.0358333,800.133
55654,0.236297,-0.0351716,0.0375,800.115
55655,0.236297,-0.0351716,0.0391667,800.42
55704,0.179025,-0.035182,0.000833333,800.055
55705,0.179025,-0.035182,0.0025,800.148
55706,0.179025,-0.035182,0.00416667,800.252
55707,0.179025,-0.035182,0.00583333,800.305
55708,0.179025,-0.035182,0.0075,800.297
55709,0.179025,-0.035182,0.00916667,800.271
55710,0.179025,-0.035182,0.0108333,800.231
55711,0.179025,-0.035182,0.0125,800.221
55712,0.179025,-0.035182,0.0141667,800.209
55713,0.179025,-0.035182,0.0158333,800.2
55714,0.179025,-0.035182,0.0175,800.204
55715,0.179025,-0.035182,0.0191667,800.208
55716,0.179025,-0.035182,0.0208333,800.203
55717,0.179025,-0.035182,0.0225,800.194
55718,0.179025,-0.035182,0.0241667,800.198
55719,0.179025,-0.035182,0.0258333,800.199
55720,0.179025,-0.035182,0.0275,800.212
55721,0.179025,-0.035182,0.0291667,800.228
55722,0.179025,-0.035182,0.0308333,800.257
55723,0.179025,-0.035182,0.0325,800.297
55724,0.179025,-0.035182,0.0341667,800.296
55725,0.179025,-0.035182,0.0358333,800.258
55726,0.179025,-0.035182,0.0375,800.146
55727,0.179025,-0.035182,0.0391667,800.051
55824,0.284533,-0.035079,0.000833333,802.234
55825,0.284533,-0.035079,0.0025,801.347
55826,0.284533,-0.035079,0.00416667,801.581
55827,0.284533,-0.035079,0.00583333,802.5
55828,0.284533,-0.035079,0.0075,802.747
55829,0.284533,-0.035079,0.00916667,802.874
55830,0.284533,-0.035079,0.0108333,803.398
55831,0.284533,-0.035079,0.0125,804.563
55832,0.284533,-0.035079,0.0141667,805.261
55833,0.284533,-0.035079,0.0158333,804.043
55834,0.284533,-0.035079,0.0175,802.908
55835,0.284533,-0.035079,0.0191667,802.885
55836,0.284533,-0.035079,0.0208333,802.587
55837,0.284533,-0.035079,0.0225,801.312
55838,0.284533,-0.035079,0.0241667,801.369
55839,0.284533,-0.035079,0.0258333,802.63
55840,0.284533,-0.035079,0.0275,804.408
55841,0.284533,-0.035079,0.0291667,805.647
55842,0.284533,-0.035079,0.0308333,803.788
55843,0.284533,-0.035079,0.0325,802.515
55844,0.284533,-0.035079,0.0341667,802.244
55845,0.284533,-0.035079,0.0358333,801.858
55846,0.284533,-0.035079,0.0375,801.416
55847,0.284533,-0.035079,0.0391667,801.995
56592,0.277831,-0.035171,0.000833333,801.863
56593,0.277831,-0.035171,0.0025,800.789
56594,0.277831,-0.035171,0.00416667,800.754
56595,0.277831,-0.035171,0.00583333,801.012
56596,0.277831,-0.035171,0.0075,801.975
56597,0.277831,-0.035171,0.00916667,802.525
56598,0.277831,-0.035171,0.0108333,802.706
56599,0.277831,-0.035171,0.0125,802.762
56600,0.277831,-0.035171,0.0141667,802.995
56601,0.277831,-0.035171,0.0158333,803.427
56602,0.277831,-0.035171,0.0175,803.592
56603,0.277831,-0.035171,0.0191667,802.743
56604,0.277831,-0.035171,0.0208333,802.546
56605,0.277831,-0.035171,0.0225,801.538
56606,0.277831,-0.035171,0.0241667,801.383
56607,0.277831,-0.035171,0.0258333,801.57
56608,0.277831,-0.035171,0.0275,801.928
56609,0.277831,-0.035171,0.0291667,801.943
56610,0.277831,-0.035171,0.0308333,802.257
56611,0.277831,-0.035171,0.0325,802.041
56612,0.277831,-0.035171,0.0341667,801.184
56613,0.277831,-0.035171,0.0358333,800.767
56614,0.277831,-0.035171,0.0375,800.809
56615,0.277831,-0.035171,0.0391667,801.795
57960,0.24259,-0.0350073,0.000833333,800.514
57961,0.24259,-0.0350073,0.0025,800.122
57962,0.24259,-0.0350073,0.00416667,800.14
57963,0.24259,-0.0350073,0.00583333,800.15
57964,0.24259,-0.0350073,0.0075,800.166
57965,0.24259,-0.0350073,0.00916667,800.173
57966,0.24259,-0.0350073,0.0108333,800.172
57967,0.24259,-0.0350073,0.0125,800.181
57968,0.24259,-0.0350073,0.0141667,800.183
57969,0.24259,-0.0350073,0.0158333,800.186
57970,0.24259,-0.0350073,0.0175,800.198
57971,0.24259,-0.0350073,0.0191667,800.214
57972,0.24259,-0.0350073,0.0208333,800.209
57973,0.24259,-0.0350073,0.0225,800.192
57974,0.24259,-0.0350073,0.0241667,800.181
57975,0.24259,-0.0350073,0.0258333,800.182
57976,0.24259,-0.0350073,0.0275,800.18
57977,0.24259,-0.0350073,0.0291667,800.168
57978,0.24259,-0.0350073,0.0308333,800.167
57979,0.24259,-0.0350073,0.0325,800.162
57980,0.24259,-0.0350073,0.0341667,800.143
57981,0.24259,-0.0350073,0.0358333,800.133
57982,0.24259,-0.0350073,0.0375,800.123
57983,0.24259,-0.0350073,0.0391667,800.517
58344,0.295927,-0.0349608,0.000833333,801.291
58345,0.295927,-0.0349608,0.0025,801.769
58346,0.295927,-0.0349608,0.00416667,801.837
58347,0.295927,-0.0349608,0.00583333,801.992
58348,0.295927,-0.0349608,0.0075,802.417
58349,0.295927,-0.0349608,0.00916667,802.879
58350,0.295927,-0.0349608,0.0108333,803.201
58351,0.295927,-0.0349608,0.0125,803.328
58352,0.295927,-0.0349608,0.0141667,803.353
58353,0.295927,-0.0349608,0.0158333,803.283
58354,0.295927,-0.0349608,0.0175,803.022
58355,0.295927,-0.0349608,0.0191667,802.319
58356,0.295927,-0.0349608,0.0208333,801.359
58357,0.295927,-0.0349608,0.0225,800.907
58358,0.295927,-0.0349608,0.0241667,801.325
58359,0.295927,-0.0349608,0.0258333,802.251
58360,0.295927,-0.0349608,0.0275,802.778
58361,0.295927,-0.0349608,0.0291667,802.955
58362,0.295927,-0.0349608,0.0308333,802.781
58363,0.295927,-0.0349608,0.0325,802.538
58364,0.295927,-0.0349608,0.0341667,802.235
58365,0.295927,-0.0349608,0.0358333,802.032
58366,0.295927,-0.0349608,0.0375,801.983
58367,0.295927,-0.0349608,0.0391667,802.017
59664,0.265394,-0.0350417,0.000833333,802.215
59665,0.265394,-0.0350417,0.0025,800.285
59666,0.265394,-0.0350417,0.00416667,800.222
59667,0.265394,-0.0350417,0.00583333,800.231
59668,0.265394,-0.0350417,0.0075,800.273
59669,0.265394,-0.0350417,0.00916667,800.307
59670,0.265394,-0.0350417,0.0108333,800.365
59671,0.265394,-0.0350417,0.0125,800.448
59672,0.265394,-0.0350417,0.0141667,800.58
59673,0.265394,-0.0350417,0.0158333,800.879
59674,0.265394,-0.0350417,0.0175,801.076
59675,0.265394,-0.0350417,0.0191667,801.27
59676,0.265394,-0.0350417,0.0208333,801.238
59677,0.265394,-0.0350417,0.0225,800.985
59678,0.265394,-0.0350417,0.0241667,800.827
59679,0.265394,-0.0350417,0.0258333,800.578
59680,0.265394,-0.0350417,0.0275,800.453
59681,0.265394,-0.0350417,0.0291667,800.363
59682,0.265394,-0.0350417,0.0308333,800.312
59683,0.265394,-0.0350417,0.0325,800.253
59684,0.265394,-0.0350417,0.0341667,800.22
59685,0.265394,-0.0350417,0.0358333,800.208
59686,0.265394,-0.0350417,0.0375,800.322
59687,0.265394,-0.0350417,0.0391667,802.437
59904,0.237134,-0.0351063,0.000833333,800.426
59905,0.237134,-0.0351063,0.0025,800.106
59906,0.237134,-0.0351063,0.00416667,800.137
59907,0.237134,-0.0351063,0.00583333,800.148
59908,0.237134,-0.0351063,0.0075,800.17
59909,0.237134,-0.0351063,0.00916667,800.17
59910,0.237134,-0.0351063,0.0108333,800.168
59911,0.237134,-0.0351063,0.0125,800.167
59912,0.237134,-0.0351063,0.0141667,800.173
59913,0.237134,-0.0351063,0.0158333,800.175
59914,0.237134,-0.0351063,0.0175,800.178
59915,0.237134,-0.0351063,0.0191667,800.189
59916,0.237134,-0.0351063,0.0208333,800.195
59917,0.237134,-0.0351063,0.0225,800.171
59918,0.237134,-0.0351063,0.0241667,800.171
59919,0.237134,-0.0351063,0.0258333,800.174
59920,0.237134,-0.0351063,0.0275,800.175
59921,0.237134,-0.0351063,0.0291667,800.161
59922,0.237134,-0.0351063,0.0308333,800.163
59923,0.237134,-0.0351063,0.0325,800.152
59924,0.237134,-0.0351063,0.0341667,800.146
59925,0.237134,-0.0351063,0.0358333,800.129
59926,0.237134,-0.0351063,0.0375,800.113
59927,0.237134,-0.0351063,0.0391667,800.425
59952,0.179902,-0.0350983,0.000833333,800.052
59953,0.179902,-0.0350983,0.0025,800.15
59954,0.179902,-0.0350983,0.00416667,800.256
59955,0.179902,-0.0350983,0.00583333,800.303
59956,0.179902,-0.0350983,0.0075,800.288
59957,0.179902,-0.0350983,0.00916667,800.27
59958,0.179902,-0.0350983,0.0108333,800.232
59959,0.179902,-0.0350983,0.0125,800.221
59960,0.179902,-0.0350983,0.0141667,800.21
59961,0.179902,-0.0350983,0.0158333,800.201
59962,0.179902,-0.0350983,0.0175,800.204
59963,0.179902,-0.0350983,0.0191667,800.209
59964,0.179902,-0.0350983,0.0208333,800.203
59965,0.179902,-0.0350983,0.0225,800.195
59966,0.179902,-0.0350983,0.0241667,800.198
59967,0.179902,-0.0350983,0.0258333,800.197
59968,0.179902,-0.0350983,0.0275,800.215
59969,0.179902,-0.0350983,0.0291667,800.226
59970,0.179902,-0.0350983,0.0308333,800.256
59971,0.179902,-0.0350983,0.0325,800.291
59972,0.179902,-0.0350983,0.0341667,800.289
59973,0.179902,-0.0350983,0.0358333,800.249
59974,0.179902,-0.0350983,0.0375,800.143
59975,0.179902,-0.0350983,0.0391667,800.046
60432,0.225987,-0.0347097,0.000833333,800.195
60433,0.225987,-0.0347097,0.0025,800.083
60434,0.225987,-0.0347097,0.00416667,800.12
60435,0.225987,-0.0347097,0.00583333,800.133
60436,0.225987,-0.0347097,0.0075,800.152
60437,0.225987,-0.0347097,0.00916667,800.155
60438,0.225987,-0.0347097,0.0108333,800.152
60439,0.225987,-0.0347097,0.0125,800.153
60440,0.225987,-0.0347097,0.0141667,800.156
60441,0.225987,-0.0347097,0.0158333,800.155
60442,0.225987,-0.0347097,0.0175,800.149
60443,0.225987,-0.0347097,0.0191667,800.156
60444,0.225987,-0.0347097,0.0208333,800.157
60445,0.225987,-0.0347097,0.0225,800.152
60446,0.225987,-0.0347097,0.0241667,800.145
60447,0.225987,-0.0347097,0.0258333,800.153
60448,0.225987,-0.0347097,0.0275,800.152
60449,0.225987,-0.0347097,0.0291667,800.143
60450,0.225987,-0.0347097,0.0308333,800.152
60451,0.225987,-0.0347097,0.0325,800.142
60452,0.225987,-0.0347097,0.0341667,800.134
60453,0.225987,-0.0347097,0.0358333,800.116
60454,0.225987,-0.0347097,0.0375,800.086
60455,0.225987,-0.0347097,0.0391667,800.196
61464,0.203935,-0.0349235,0.000833333,800.085
61465,0.203935,-0.0349235,0.0025,800.089
61466,0.203935,-0.0349235,0.00416667,800.145
61467,0.203935,-0.0349235,0.00583333,800.171
61468,0.203935,-0.0349235,0.0075,800.181
61469,0.203935,-0.0349235,0.00916667,800.187
61470,0.203935,-0.0349235,0.0108333,800.17
61471,0.203935,-0.0349235,0.0125,800.167
61472,0.203935,-0.0349235,0.0141667,800.163
61473,0.203935,-0.0349235,0.0158333,800.163
61474,0.203935,-0.0349235,0.0175,800.163
61475,0.203935,-0.0349235,0.0191667,800.164
61476,0.203935,-0.0349235,0.0208333,800.163
61477,0.203935,-0.0349235,0.0225,800.158
61478,0.203935,-0.0349235,0.0241667,800.158
61479,0.203935,-0.0349235,0.0258333,800.162
61480,0.203935,-0.0349235,0.0275,800.171
61481,0.203935,-0.0349235,0.0291667,800.164
61482,0.203935,-0.0349235,0.0308333,800.181
61483,0.203935,-0.0349235,0.0325,800.173
61484,0.203935,-0.0349235,0.0341667,800.158
61485,0.203935,-0.0349235,0.0358333,800.136
61486,0.203935,-0.0349235,0.0375,800.092
61487,0.203935,-0.0349235,0.0391667,800.087
62328,0.276955,-0.0350286,0.000833333,801.86
62329,0.276955,-0.0350286,0.0025,800.736
62330,0.276955,-0.0350286,0.00416667,800.681
62331,0.276955,-0.0350286,0.00583333,800.884
62332,0.276955,-0.0350286,0.0075,801.631
62333,0.276955,-0.0350286,0.00916667,802.417
62334,0.276955,-0.0350286,0.0108333,802.661
62335,0.276955,-0.0350286,0.0125,802.761
62336,0.276955,-0.0350286,0.0141667,802.935
62337,0.276955,-0.0350286,0.0158333,803.145
62338,0.276955,-0.0350286,0.0175,803.235
62339,0.276955,-0.0350286,0.0191667,802.673
62340,0.276955,-0.0350286,0.0208333,802.514
62341,0.276955,-0.0350286,0.0225,801.544
62342,0.276955,-0.0350286,0.0241667,801.384
62343,0.276955,-0.0350286,0.0258333,801.504
62344,0.276955,-0.0350286,0.0275,801.873
62345,0.276955,-0.0350286,0.0291667,802.006
62346,0.276955,-0.0350286,0.0308333,802.32
62347,0.276955,-0.0350286,0.0325,801.911
62348,0.276955,-0.0350286,0.0341667,800.986
62349,0.276955,-0.0350286,0.0358333,800.707
62350,0.276955,-0.0350286,0.0375,800.751
62351,0.276955,-0.0350286,0.0391667,801.799
62544,0.279355,-0.0347394,0.000833333,801.794
62545,0.279355,-0.0347394,0.0025,800.783
62546,0.279355,-0.0347394,0.00416667,800.76
62547,0.279355,-0.0347394,0.00583333,801.083
62548,0.279355,-0.0347394,0.0075,802.157
62549,0.279355,-0.0347394,0.00916667,802.608
62550,0.279355,-0.0347394,0.0108333,802.7
62551,0.279355,-0.0347394,0.0125,802.714
62552,0.279355,-0.0347394,0.0141667,803.151
62553,0.279355,-0.0347394,0.0158333,803.944
62554,0.279355,-0.0347394,0.0175,803.743
62555,0.279355,-0.0347394,0.0191667,802.785
62556,0.279355,-0.0347394,0.0208333,802.596
62557,0.279355,-0.0347394,0.0225,801.521
62558,0.279355,-0.0347394,0.0241667,801.371
62559,0.279355,-0.0347394,0.0258333,801.763
62560,0.279355,-0.0347394,0.0275,803.002
62561,0.279355,-0.0347394,0.0291667,802.294
62562,0.279355,-0.0347394,0.0308333,802.203
62563,0.279355,-0.0347394,0.0325,802.133
62564,0.279355,-0.0347394,0.0341667,801.361
62565,0.279355,-0.0347394,0.0358333,800.791
62566,0.279355,-0.0347394,0.0375,800.801
62567,0.279355,-0.0347394,0.0391667,801.707
62760,0.243494,-0.034682,0.000833333,800.446
62761,0.243494,-0.034682,0.0025,800.116
62762,0.243494,-0.034682,0.00416667,800.123
62763,0.243494,-0.034682,0.00583333,800.132
62764,0.243494,-0.034682,0.0075,800.161
62765,0.243494,-0.034682,0.00916667,800.156
62766,0.243494,-0.034682,0.0108333,800.157
62767,0.243494,-0.034682,0.0125,800.166
62768,0.243494,-0.034682,0.0141667,800.166
62769,0.243494,-0.034682,0.0158333,800.166
62770,0.243494,-0.034682,0.0175,800.175
62771,0.243494,-0.034682,0.0191667,800.189
62772,0.243494,-0.034682,0.0208333,800.186
62773,0.243494,-0.034682,0.0225,800.174
62774,0.243494,-0.034682,0.0241667,800.164
62775,0.243494,-0.034682,0.0258333,800.169
62776,0.243494,-0.034682,0.0275,800.162
62777,0.243494,-0.034682,0.0291667,800.15
62778,0.243494,-0.034682,0.0308333,800.151
62779,0.243494,-0.034682,0.0325,800.16
62780,0.243494,-0.034682,0.0341667,800.129
62781,0.243494,-0.034682,0.0358333,800.131
62782,0.243494,-0.034682,0.0375,800.105
62783,0.243494,-0.034682,0.0391667,800.447
62952,0.241091,-0.0347962,0.000833333,800.433
62953,0.241091,-0.0347962,0.0025,800.115
62954,0.241091,-0.0347962,0.00416667,800.127
62955,0.241091,-0.0347962,0.00583333,800.136
62956,0.241091,-0.0347962,0.0075,800.154
62957,0.241091,-0.0347962,0.00916667,800.165
62958,0.241091,-0.0347962,0.0108333,800.162
62959,0.241091,-0.0347962,0.0125,800.166
62960,0.241091,-0.0347962,0.0141667,800.17
62961,0.241091,-0.0347962,0.0158333,800.172
62962,0.241091,-0.0347962,0.0175,800.178
62963,0.241091,-0.0347962,0.0191667,800.198
62964,0.241091,-0.0347962,0.0208333,800.189
62965,0.241091,-0.0347962,0.0225,800.175
62966,0.241091,-0.0347962,0.0241667,800.168
62967,0.241091,-0.0347962,0.0258333,800.17
62968,0.241091,-0.0347962,0.0275,800.165
62969,0.241091,-0.0347962,0.0291667,800.156
62970,0.241091,-0.0347962,0.0308333,800.157
62971,0.241091,-0.0347962,0.0325,800.156
62972,0.241091,-0.0347962,0.0341667,800.132
62973,0.241091,-0.0347962,0.0358333,800.128
62974,0.241091,-0.0347962,0.0375,800.108
62975,0.241091,-0.0347962,0.0391667,800.43
63960,0.185115,-0.0349194,0.000833333,800.048
63961,0.185115,-0.0349194,0.0025,800.115
63962,0.185115,-0.0349194,0.00416667,800.209
63963,0.185115,-0.0349194,0.00583333,800.238
63964,0.185115,-0.0349194,0.0075,800.247
63965,0.185115,-0.0349194,0.00916667,800.235
63966,0.185115,-0.0349194,0.0108333,800.211
63967,0.185115,-0.0349194,0.0125,800.192
63968,0.185115,-0.0349194,0.0141667,800.188
63969,0.185115,-0.0349194,0.0158333,800.186
63970,0.185115,-0.0349194,0.0175,800.188
63971,0.185115,-0.0349194,0.0191667,800.186
63972,0.185115,-0.0349194,0.0208333,800.182
63973,0.185115,-0.0349194,0.0225,800.169
63974,0.185115,-0.0349194,0.0241667,800.166
63975,0.185115,-0.0349194,0.0258333,800.18
63976,0.185115,-0.0349194,0.0275,800.197
63977,0.185115,-0.0349194,0.0291667,800.204
63978,0.185115,-0.0349194,0.0308333,800.216
63979,0.185115,-0.0349194,0.0325,800.236
63980,0.185115,-0.0349194,0.0341667,800.217
63981,0.185115,-0.0349194,0.0358333,800.208
63982,0.185115,-0.0349194,0.0375,800.117
63983,0.185115,-0.0349194,0.0391667,800.041
64176,0.1818,-0.0348403,0.000833333,800.046
64177,0.1818,-0.0348403,0.0025,800.128
64178,0.1818,-0.0348403,0.00416667,800.226
64179,0.1818,-0.0348403,0.00583333,800.264
64180,0.1818,-0.0348403,0.0075,800.26
64181,0.1818,-0.0348403,0.00916667,800.242
64182,0.1818,-0.0348403,0.0108333,800.217
64183,0.1818,-0.0348403,0.0125,800.209
64184,0.1818,-0.0348403,0.0141667,800.198
64185,0.1818,-0.0348403,0.0158333,800.192
64186,0.1818,-0.0348403,0.0175,800.195
64187,0.1818,-0.0348403,0.0191667,800.193
64188,0.1818,-0.0348403,0.0208333,800.185
64189,0.1818,-0.0348403,0.0225,800.175
64190,0.1818,-0.0348403,0.0241667,800.184
64191,0.1818,-0.0348403,0.0258333,800.177
64192,0.1818,-0.0348403,0.0275,800.202
64193,0.1818,-0.0348403,0.0291667,800.211
64194,0.1818,-0.0348403,0.0308333,800.232
64195,0.1818,-0.0348403,0.0325,800.255
64196,0.1818,-0.0348403,0.0341667,800.246
64197,0.1818,-0.0348403,0.0358333,800.224
64198,0.1818,-0.0348403,0.0375,800.129
64199,0.1818,-0.0348403,0.0391667,800.033
64464,0.282995,-0.0351334,0.000833333,802.027
64465,0.282995,-0.0351334,0.0025,801.127
64466,0.282995,-0.0351334,0.00416667,801.291
64467,0.282995,-0.0351334,0.00583333,802.37
64468,0.282995,-0.0351334,0.0075,802.715
64469,0.282995,-0.0351334,0.00916667,802.825
64470,0.282995,-0.0351334,0.0108333,803.189
64471,0.282995,-0.0351334,0.0125,804.484
64472,0.282995,-0.0351334,0.0141667,806.255
64473,0.282995,-0.0351334,0.0158333,805.34
64474,0.282995,-0.0351334,0.0175,803.134
64475,0.282995,-0.0351334,0.0191667,802.754
64476,0.282995,-0.0351334,0.0208333,802.599
64477,0.282995,-0.0351334,0.0225,801.42
64478,0.282995,-0.0351334,0.0241667,801.357
64479,0.282995,-0.0351334,0.0258333,802.51
64480,0.282995,-0.0351334,0.0275,804.712
64481,0.282995,-0.0351334,0.0291667,804.668
64482,0.282995,-0.0351334,0.0308333,803.18
64483,0.282995,-0.0351334,0.0325,802.385
64484,0.282995,-0.0351334,0.0341667,802.197
64485,0.282995,-0.0351334,0.0358333,801.675
64486,0.282995,-0.0351334,0.0375,801.196
64487,0.282995,-0.0351334,0.0391667,801.851
66312,0.18611,-0.0346813,0.000833333,800.039
66313,0.18611,-0.0346813,0.0025,800.098
66314,0.18611,-0.0346813,0.00416667,800.185
66315,0.18611,-0.0346813,0.00583333,800.215
66316,0.18611,-0.0346813,0.0075,800.221
66317,0.18611,-0.0346813,0.00916667,800.218
66318,0.18611,-0.0346813,0.0108333,800.2
66319,0.18611,-0.0346813,0.0125,800.193
66320,0.18611,-0.0346813,0.0141667,800.182
66321,0.18611,-0.0346813,0.0158333,800.178
66322,0.18611,-0.0346813,0.0175,800.181
66323,0.18611,-0.0346813,0.0191667,800.186
66324,0.18611,-0.0346813,0.0208333,800.179
66325,0.18611,-0.0346813,0.0225,800.172
66326,0.18611,-0.0346813,0.0241667,800.169
66327,0.18611,-0.0346813,0.0258333,800.171
66328,0.18611,-0.0346813,0.0275,800.188
66329,0.18611,-0.0346813,0.0291667,800.191
66330,0.18611,-0.0346813,0.0308333,800.214
66331,0.18611,-0.0346813,0.0325,800.223
66332,0.18611,-0.0346813,0.0341667,800.206
66333,0.18611,-0.0346813,0.0358333,800.182
66334,0.18611,-0.0346813,0.0375,800.104
66335,0.18611,-0.0346813,0.0391667,800.031
73272,0.21983,-0.0347772,0.000833333,800.168
73273,0.21983,-0.0347772,0.0025,800.087
73274,0.21983,-0.0347772,0.00416667,800.127
73275,0.21983,-0.0347772,0.00583333,800.152
73276,0.21983,-0.0347772,0.0075,800.168
73277,0.21983,-0.0347772,0.00916667,800.161
73278,0.21983,-0.0347772,0.0108333,800.156
73279,0.21983,-0.0347772,0.0125,800.159
73280,0.21983,-0.0347772,0.0141667,800.155
73281,0.21983,-0.0347772,0.0158333,800.16
73282,0.21983,-0.0347772,0.0175,800.152
73283,0.21983,-0.0347772,0.0191667,800.157
73284,0.21983,-0.0347772,0.0208333,800.161
73285,0.21983,-0.0347772,0.0225,800.154
73286,0.21983,-0.0347772,0.0241667,800.144
73287,0.21983,-0.0347772,0.0258333,800.154
73288,0.21983,-0.0347772,0.0275,800.16
73289,0.21983,-0.0347772,0.0291667,800.148
73290,0.21983,-0.0347772,0.0308333,800.158
73291,0.21983,-0.0347772,0.0325,800.149
73292,0.21983,-0.0347772,0.0341667,800.146
73293,0.21983,-0.0347772,0.0358333,800.122
73294,0.21983,-0.0347772,0.0375,800.092
73295,0.21983,-0.0347772,0.0391667,800.178
