cell,x,y,z,|U|
168,0.208602,-0.0352868,0.000833333,0.5949574886942092
169,0.208602,-0.0352868,0.0025,0.7291195827027073
170,0.208602,-0.0352868,0.00416667,0.7750674846699609
171,0.208602,-0.0352868,0.00583333,0.7853438785579601
172,0.208602,-0.0352868,0.0075,0.7793496522388291
173,0.208602,-0.0352868,0.00916667,0.768506475242247
174,0.208602,-0.0352868,0.0108333,0.7570339768272304
175,0.208602,-0.0352868,0.0125,0.7466225235889559
176,0.208602,-0.0352868,0.0141667,0.7376845496102159
177,0.208602,-0.0352868,0.0158333,0.7304712538911788
178,0.208602,-0.0352868,0.0175,0.7252286238223912
179,0.208602,-0.0352868,0.0191667,0.7224011447426288
180,0.208602,-0.0352868,0.0208333,0.7225551530711517
181,0.208602,-0.0352868,0.0225,0.7256225884292276
182,0.208602,-0.0352868,0.0241667,0.7310112741720671
183,0.208602,-0.0352868,0.0258333,0.7382975943055584
184,0.208602,-0.0352868,0.0275,0.7472464631752105
185,0.208602,-0.0352868,0.0291667,0.757615369344155
186,0.208602,-0.0352868,0.0308333,0.7689962221263886
187,0.208602,-0.0352868,0.0325,0.7797295467465052
188,0.208602,-0.0352868,0.0341667,0.7856299452853932
189,0.208602,-0.0352868,0.0358333,0.7752866881951799
190,0.208602,-0.0352868,0.0375,0.7292439223010365
191,0.208602,-0.0352868,0.0391667,0.5949369428903958
192,0.158079,-0.0347657,0.000833333,0.22101330824079352
193,0.158079,-0.0347657,0.0025,0.2580178760199572
194,0.158079,-0.0347657,0.00416667,0.2527981261361128
195,0.158079,-0.0347657,0.00583333,0.23614592113407337
196,0.158079,-0.0347657,0.0075,0.2206574104820638
197,0.158079,-0.0347657,0.00916667,0.20728422884061876
198,0.158079,-0.0347657,0.0108333,0.19573372380250267
199,0.158079,-0.0347657,0.0125,0.1860906384833611
200,0.158079,-0.0347657,0.0141667,0.17855929937622095
201,0.158079,-0.0347657,0.0158333,0.17300713952099087
202,0.158079,-0.0347657,0.0175,0.16931614992398214
203,0.158079,-0.0347657,0.0191667,0.16723252906014083
204,0.158079,-0.0347657,0.0208333,0.16730018866943078
205,0.158079,-0.0347657,0.0225,0.16948588152687977
206,0.158079,-0.0347657,0.0241667,0.17324229865911617
207,0.158079,-0.0347657,0.0258333,0.17881509171489665
208,0.158079,-0.0347657,0.0275,0.18630305060970742
209,0.158079,-0.0347657,0.0291667,0.19581871872266168
210,0.158079,-0.0347657,0.0308333,0.20714765718078976
211,0.158079,-0.0347657,0.0325,0.2202423421519123
212,0.158079,-0.0347657,0.0341667,0.2354973155830019
213,0.158079,-0.0347657,0.0358333,0.2520868022206835
214,0.158079,-0.0347657,0.0375,0.257498529484908
215,0.158079,-0.0347657,0.0391667,0.2207529097593959
1080,0.286303,-0.0347367,0.000833333,0.2362229468452354
1081,0.286303,-0.0347367,0.0025,0.3389148682098022
1082,0.286303,-0.0347367,0.00416667,0.3496222348640091
1083,0.286303,-0.0347367,0.00583333,0.3091522905124754
1084,0.286303,-0.0347367,0.0075,0.2520544393963979
1085,0.286303,-0.0347367,0.00916667,0.20023007038059992
1086,0.286303,-0.0347367,0.0108333,0.160050793257047
1087,0.286303,-0.0347367,0.0125,0.13347550697775978
1088,0.286303,-0.0347367,0.0141667,0.14461804760139724
1089,0.286303,-0.0347367,0.0158333,0.16086138971642636
1090,0.286303,-0.0347367,0.0175,0.16966378571162438
1091,0.286303,-0.0347367,0.0191667,0.19036308900256899
1092,0.286303,-0.0347367,0.0208333,0.23366180751213922
1093,0.286303,-0.0347367,0.0225,0.28126271445543577
1094,0.286303,-0.0347367,0.0241667,0.26411214232187435
1095,0.286303,-0.0347367,0.0258333,0.21361709734887793
1096,0.286303,-0.0347367,0.0275,0.16439297514662846
1097,0.286303,-0.0347367,0.0291667,0.11460938696865106
1098,0.286303,-0.0347367,0.0308333,0.12578661087496593
1099,0.286303,-0.0347367,0.0325,0.2116986909521901
1100,0.286303,-0.0347367,0.0341667,0.2845099772192884
1101,0.286303,-0.0347367,0.0358333,0.3363572578463114
1102,0.286303,-0.0347367,0.0375,0.34249483555560367
1103,0.286303,-0.0347367,0.0391667,0.26950646328016775
1272,0.182891,-0.0348843,0.000833333,0.4201412468306963
1273,0.182891,-0.0348843,0.0025,0.5492975089106331
1274,0.182891,-0.0348843,0.00416667,0.5851835019304769
1275,0.182891,-0.0348843,0.00583333,0.5856162263960972
1276,0.182891,-0.0348843,0.0075,0.5731054737157179
1277,0.182891,-0.0348843,0.00916667,0.5584073423559217
1278,0.182891,-0.0348843,0.0108333,0.5444365487930826
1279,0.182891,-0.0348843,0.0125,0.5321829777187864
1280,0.182891,-0.0348843,0.0141667,0.5218889402119938
1281,0.182891,-0.0348843,0.0158333,0.513741339673407
1282,0.182891,-0.0348843,0.0175,0.5079771147969753
1283,0.182891,-0.0348843,0.0191667,0.5049147804399763
1284,0.182891,-0.0348843,0.0208333,0.5050244777672334
1285,0.182891,-0.0348843,0.0225,0.5082604995658717
1286,0.182891,-0.0348843,0.0241667,0.5141360572395332
1287,0.182891,-0.0348843,0.0258333,0.5223350905355394
1288,0.182891,-0.0348843,0.0275,0.5326206317705973
1289,0.182891,-0.0348843,0.0291667,0.5448018183553079
1290,0.182891,-0.0348843,0.0308333,0.5586307833591924
1291,0.182891,-0.0348843,0.0325,0.5731487773772437
1292,0.182891,-0.0348843,0.0341667,0.5855063103770619
1293,0.182891,-0.0348843,0.0358333,0.5850328851269915
1294,0.182891,-0.0348843,0.0375,0.549156029136682
1295,0.182891,-0.0348843,0.0391667,0.4198661398242701
1872,0.223519,-0.0348568,0.000833333,0.6074989688084511
1873,0.223519,-0.0348568,0.0025,0.751893660394846
1874,0.223519,-0.0348568,0.00416667,0.8033439957875117
1875,0.223519,-0.0348568,0.00583333,0.8187709041447492
1876,0.223519,-0.0348568,0.0075,0.8159057701634889
1877,0.223519,-0.0348568,0.00916667,0.806262517706468
1878,0.223519,-0.0348568,0.0108333,0.7948964324569098
1879,0.223519,-0.0348568,0.0125,0.7840554314187911
1880,0.223519,-0.0348568,0.0141667,0.7745112987292777
1881,0.223519,-0.0348568,0.0158333,0.7666963656330791
1882,0.223519,-0.0348568,0.0175,0.7609664622576716
1883,0.223519,-0.0348568,0.0191667,0.7578698960051774
1884,0.223519,-0.0348568,0.0208333,0.7580349788086695
1885,0.223519,-0.0348568,0.0225,0.7613839247363612
1886,0.223519,-0.0348568,0.0241667,0.7672599528937997
1887,0.223519,-0.0348568,0.0258333,0.7751379634062275
1888,0.223519,-0.0348568,0.0275,0.7846809224236573
1889,0.223519,-0.0348568,0.0291667,0.7954838418032745
1890,0.223519,-0.0348568,0.0308333,0.8067683642076883
1891,0.223519,-0.0348568,0.0325,0.8163159270399508
1892,0.223519,-0.0348568,0.0341667,0.8190875108832816
1893,0.223519,-0.0348568,0.0358333,0.8035428782037519
1894,0.223519,-0.0348568,0.0375,0.7518883055350508
1895,0.223519,-0.0348568,0.0391667,0.607188834267535
2304,0.141717,-0.0353047,0.000833333,0.4023017566176757
2305,0.141717,-0.0353047,0.0025,0.4233538836007305
2306,0.141717,-0.0353047,0.00416667,0.44569973712845246
2307,0.141717,-0.0353047,0.00583333,0.4647016147330466
2308,0.141717,-0.0353047,0.0075,0.47811825100675714
2309,0.141717,-0.0353047,0.00916667,0.4881350461978709
2310,0.141717,-0.0353047,0.0108333,0.4969015208840682
2311,0.141717,-0.0353047,0.0125,0.5053223161622332
2312,0.141717,-0.0353047,0.0141667,0.5133145507834914
2313,0.141717,-0.0353047,0.0158333,0.5203486135438283
2314,0.141717,-0.0353047,0.0175,0.525784241773043
2315,0.141717,-0.0353047,0.0191667,0.528997173013966
2316,0.141717,-0.0353047,0.0208333,0.5290624263242504
2317,0.141717,-0.0353047,0.0225,0.5260285358082989
2318,0.141717,-0.0353047,0.0241667,0.5208346135212694
2319,0.141717,-0.0353047,0.0258333,0.514103964349588
2320,0.141717,-0.0353047,0.0275,0.5064590101875196
2321,0.141717,-0.0353047,0.0291667,0.49843060477341317
2322,0.141717,-0.0353047,0.0308333,0.4900820662866206
2323,0.141717,-0.0353047,0.0325,0.4805122053768308
2324,0.141717,-0.0353047,0.0341667,0.4675691891468615
2325,0.141717,-0.0353047,0.0358333,0.4488339567220377
2326,0.141717,-0.0353047,0.0375,0.4264815227474691
2327,0.141717,-0.0353047,0.0391667,0.404958535780419
2400,0.229573,-0.0350335,0.000833333,0.5829098018136083
2401,0.229573,-0.0350335,0.0025,0.729158260796797
2402,0.229573,-0.0350335,0.00416667,0.780573721924146
2403,0.229573,-0.0350335,0.00583333,0.7961362314143677
2404,0.229573,-0.0350335,0.0075,0.7932134909870686
2405,0.229573,-0.0350335,0.00916667,0.7833150955361923
2406,0.229573,-0.0350335,0.0108333,0.7716000665868881
2407,0.229573,-0.0350335,0.0125,0.7603168628831134
2408,0.229573,-0.0350335,0.0141667,0.7502466666358377
2409,0.229573,-0.0350335,0.0158333,0.7418579581963906
2410,0.229573,-0.0350335,0.0175,0.735585975540798
2411,0.229573,-0.0350335,0.0191667,0.7321233518481716
2412,0.229573,-0.0350335,0.0208333,0.7323295396104732
2413,0.229573,-0.0350335,0.0225,0.7360803823155995
2414,0.229573,-0.0350335,0.0241667,0.7424980390458816
2415,0.229573,-0.0350335,0.0258333,0.7509324623943289
2416,0.229573,-0.0350335,0.0275,0.7609791555470401
2417,0.229573,-0.0350335,0.0291667,0.7721886313103715
2418,0.229573,-0.0350335,0.0308333,0.7837863832125599
2419,0.229573,-0.0350335,0.0325,0.7935500712519604
2420,0.229573,-0.0350335,0.0341667,0.7963273699661336
2421,0.229573,-0.0350335,0.0358333,0.7805666031088636
2422,0.229573,-0.0350335,0.0375,0.7288617279821873
2423,0.229573,-0.0350335,0.0391667,0.582233951495717
2856,0.161684,-0.0350667,0.000833333,0.1863648954183432
2857,0.161684,-0.0350667,0.0025,0.2478880890276094
2858,0.161684,-0.0350667,0.00416667,0.25124275256166095
2859,0.161684,-0.0350667,0.00583333,0.2356227004937343
2860,0.161684,-0.0350667,0.0075,0.2180303806456568
2861,0.161684,-0.0350667,0.00916667,0.20186153357447773
2862,0.161684,-0.0350667,0.0108333,0.1872350725253151
2863,0.161684,-0.0350667,0.0125,0.17425057035579541
2864,0.161684,-0.0350667,0.0141667,0.1626003509753174
2865,0.161684,-0.0350667,0.0158333,0.15252667456696253
2866,0.161684,-0.0350667,0.0175,0.14530261657679155
2867,0.161684,-0.0350667,0.0191667,0.14123924328425247
2868,0.161684,-0.0350667,0.0208333,0.14133858917118
2869,0.161684,-0.0350667,0.0225,0.14555942969542338
2870,0.161684,-0.0350667,0.0241667,0.1528734221131878
2871,0.161684,-0.0350667,0.0258333,0.16295657314011608
2872,0.161684,-0.0350667,0.0275,0.17456654292919363
2873,0.161684,-0.0350667,0.0291667,0.18740390436810542
2874,0.161684,-0.0350667,0.0308333,0.20179255887076214
2875,0.161684,-0.0350667,0.0325,0.21768184616602737
2876,0.161684,-0.0350667,0.0341667,0.23507806393368566
2877,0.161684,-0.0350667,0.0358333,0.25069084350508297
2878,0.161684,-0.0350667,0.0375,0.24754393341839342
2879,0.161684,-0.0350667,0.0391667,0.18627853572540232
3288,0.115383,-0.0349897,0.000833333,0.4059839289797527
3289,0.115383,-0.0349897,0.0025,0.46038263659924455
3290,0.115383,-0.0349897,0.00416667,0.4855540290724273
3291,0.115383,-0.0349897,0.00583333,0.5041900087043856
3292,0.115383,-0.0349897,0.0075,0.5169418114801089
3293,0.115383,-0.0349897,0.00916667,0.5249923365258415
3294,0.115383,-0.0349897,0.0108333,0.5302720080827401
3295,0.115383,-0.0349897,0.0125,0.53462689416678
3296,0.115383,-0.0349897,0.0141667,0.5390495772146102
3297,0.115383,-0.0349897,0.0158333,0.5438058994418403
3298,0.115383,-0.0349897,0.0175,0.5482934676960218
3299,0.115383,-0.0349897,0.0191667,0.551415371170195
3300,0.115383,-0.0349897,0.0208333,0.5514460847985285
3301,0.115383,-0.0349897,0.0225,0.5484202051586079
3302,0.115383,-0.0349897,0.0241667,0.5440509968025998
3303,0.115383,-0.0349897,0.0258333,0.5394366237350109
3304,0.115383,-0.0349897,0.0275,0.535188782937793
3305,0.115383,-0.0349897,0.0291667,0.5310601222549284
3306,0.115383,-0.0349897,0.0308333,0.5260596324294234
3307,0.115383,-0.0349897,0.0325,0.5183205699652661
3308,0.115383,-0.0349897,0.0341667,0.5058639424769519
3309,0.115383,-0.0349897,0.0358333,0.4874134403144551
3310,0.115383,-0.0349897,0.0375,0.4621122734414207
3311,0.115383,-0.0349897,0.0391667,0.40695226094983683
3672,0.281294,-0.0352249,0.000833333,0.2609005134512004
3673,0.281294,-0.0352249,0.0025,0.36699780481850297
3674,0.281294,-0.0352249,0.00416667,0.38209785351660897
3675,0.281294,-0.0352249,0.00583333,0.34233365647756575
3676,0.281294,-0.0352249,0.0075,0.2783815552839843
3677,0.281294,-0.0352249,0.00916667,0.21390147926522154
3678,0.281294,-0.0352249,0.0108333,0.16293828851433292
3679,0.281294,-0.0352249,0.0125,0.11707037325146956
3680,0.281294,-0.0352249,0.0141667,0.06419691100763728
3681,0.281294,-0.0352249,0.0158333,0.05207852203166772
3682,0.281294,-0.0352249,0.0175,0.13041975987437637
3683,0.281294,-0.0352249,0.0191667,0.17590201480000164
3684,0.281294,-0.0352249,0.0208333,0.21331220813539947
3685,0.281294,-0.0352249,0.0225,0.25319945196563914
3686,0.281294,-0.0352249,0.0241667,0.25279254331520545
3687,0.281294,-0.0352249,0.0258333,0.1975697692768304
3688,0.281294,-0.0352249,0.0275,0.0977823714525783
3689,0.281294,-0.0352249,0.0291667,0.08671682378189367
3690,0.281294,-0.0352249,0.0308333,0.16483633215953938
3691,0.281294,-0.0352249,0.0325,0.24660276828888195
3692,0.281294,-0.0352249,0.0341667,0.32048113303745357
3693,0.281294,-0.0352249,0.0358333,0.3698582290667196
3694,0.281294,-0.0352249,0.0375,0.3664864583413281
3695,0.281294,-0.0352249,0.0391667,0.28112554929251804
3792,0.288253,-0.0347046,0.000833333,0.21874168111990547
3793,0.288253,-0.0347046,0.0025,0.3205619353808903
3794,0.288253,-0.0347046,0.00416667,0.33504673868929097
3795,0.288253,-0.0347046,0.00583333,0.3012850219616966
3796,0.288253,-0.0347046,0.0075,0.25415431450266585
3797,0.288253,-0.0347046,0.00916667,0.21304303580734577
3798,0.288253,-0.0347046,0.0108333,0.18457484510571856
3799,0.288253,-0.0347046,0.0125,0.17209120672596842
3800,0.288253,-0.0347046,0.0141667,0.16915705308676904
3801,0.288253,-0.0347046,0.0158333,0.1629454678728132
3802,0.288253,-0.0347046,0.0175,0.16198860582426777
3803,0.288253,-0.0347046,0.0191667,0.18775832903338802
3804,0.288253,-0.0347046,0.0208333,0.2389468090857043
3805,0.288253,-0.0347046,0.0225,0.2859633019992251
3806,0.288253,-0.0347046,0.0241667,0.25877379113606713
3807,0.288253,-0.0347046,0.0258333,0.21024158374415372
3808,0.288253,-0.0347046,0.0275,0.17720997083138407
3809,0.288253,-0.0347046,0.0291667,0.15340038050790486
3810,0.288253,-0.0347046,0.0308333,0.15277568562886568
3811,0.288253,-0.0347046,0.0325,0.20928572791473385
3812,0.288253,-0.0347046,0.0341667,0.27176030856245365
3813,0.288253,-0.0347046,0.0358333,0.31920031105538793
3814,0.288253,-0.0347046,0.0375,0.32396508270320135
3815,0.288253,-0.0347046,0.0391667,0.25130995879437185
5160,0.143527,-0.035244,0.000833333,0.3675091235374142
5161,0.143527,-0.035244,0.0025,0.3844272562557967
5162,0.143527,-0.035244,0.00416667,0.40439112202793226
5163,0.143527,-0.035244,0.00583333,0.4223990565215552
5164,0.143527,-0.035244,0.0075,0.43585729034445725
5165,0.143527,-0.035244,0.00916667,0.44653753163281457
5166,0.143527,-0.035244,0.0108333,0.45625583097614886
5167,0.143527,-0.035244,0.0125,0.4656192649581604
5168,0.143527,-0.035244,0.0141667,0.4743707467653313
5169,0.143527,-0.035244,0.0158333,0.48193791080306214
5170,0.143527,-0.035244,0.0175,0.4876548648374025
5171,0.143527,-0.035244,0.0191667,0.4909664783207982
5172,0.143527,-0.035244,0.0208333,0.49103424176173505
5173,0.143527,-0.035244,0.0225,0.4879031984201575
5174,0.143527,-0.035244,0.0241667,0.4824210449406013
5175,0.143527,-0.035244,0.0258333,0.4751504373421571
5176,0.143527,-0.035244,0.0275,0.46673993597831126
5177,0.143527,-0.035244,0.0291667,0.45777197169593825
5178,0.143527,-0.035244,0.0308333,0.44845629902063155
5179,0.143527,-0.035244,0.0325,0.43818162723226817
5180,0.143527,-0.035244,0.0341667,0.42514705998502555
5181,0.143527,-0.035244,0.0358333,0.40737633206877644
5182,0.143527,-0.035244,0.0375,0.3874097537986879
5183,0.143527,-0.035244,0.0391667,0.3701274771401491
5232,0.170903,-0.0352852,0.000833333,0.2656009579402621
5233,0.170903,-0.0352852,0.0025,0.373122564770827
5234,0.170903,-0.0352852,0.00416667,0.39427426669364307
5235,0.170903,-0.0352852,0.00583333,0.38373354577129426
5236,0.170903,-0.0352852,0.0075,0.3661242665734682
5237,0.170903,-0.0352852,0.00916667,0.3487412843209275
5238,0.170903,-0.0352852,0.0108333,0.3328198606429624
5239,0.170903,-0.0352852,0.0125,0.3186328685296332
5240,0.170903,-0.0352852,0.0141667,0.3065123472246304
5241,0.170903,-0.0352852,0.0158333,0.2967204773190656
5242,0.170903,-0.0352852,0.0175,0.289639572849072
5243,0.170903,-0.0352852,0.0191667,0.2857445911815986
5244,0.170903,-0.0352852,0.0208333,0.2858666367715834
5245,0.170903,-0.0352852,0.0225,0.28996168396261185
5246,0.170903,-0.0352852,0.0241667,0.29717053992739856
5247,0.170903,-0.0352852,0.0258333,0.3070169571990062
5248,0.170903,-0.0352852,0.0275,0.3191133887539036
5249,0.170903,-0.0352852,0.0291667,0.33318965603280803
5250,0.170903,-0.0352852,0.0308333,0.3489159720263462
5251,0.170903,-0.0352852,0.0325,0.36605835361905076
5252,0.170903,-0.0352852,0.0341667,0.38347534150791235
5253,0.170903,-0.0352852,0.0358333,0.39396904399031146
5254,0.170903,-0.0352852,0.0375,0.3728623000590969
5255,0.170903,-0.0352852,0.0391667,0.26513071900302104
5616,0.270827,-0.0350802,0.000833333,0.2493650309060996
5617,0.270827,-0.0350802,0.0025,0.4326795866494975
5618,0.270827,-0.0350802,0.00416667,0.49856823286954416
5619,0.270827,-0.0350802,0.00583333,0.4989766348371134
5620,0.270827,-0.0350802,0.0075,0.4680998100571394
5621,0.270827,-0.0350802,0.00916667,0.4221058617032107
5622,0.270827,-0.0350802,0.0108333,0.3676006716754609
5623,0.270827,-0.0350802,0.0125,0.3078422188581839
5624,0.270827,-0.0350802,0.0141667,0.24727603967875658
5625,0.270827,-0.0350802,0.0158333,0.18736672578750477
5626,0.270827,-0.0350802,0.0175,0.13561190946248047
5627,0.270827,-0.0350802,0.0191667,0.10061846604977638
5628,0.270827,-0.0350802,0.0208333,0.08069622789943096
5629,0.270827,-0.0350802,0.0225,0.06439765563131937
5630,0.270827,-0.0350802,0.0241667,0.11724341808711482
5631,0.270827,-0.0350802,0.0258333,0.21248082485666797
5632,0.270827,-0.0350802,0.0275,0.2844205063096717
5633,0.270827,-0.0350802,0.0291667,0.34707395759372384
5634,0.270827,-0.0350802,0.0308333,0.4055977276460015
5635,0.270827,-0.0350802,0.0325,0.45439079780872543
5636,0.270827,-0.0350802,0.0341667,0.4871171284046271
5637,0.270827,-0.0350802,0.0358333,0.48673572874723303
5638,0.270827,-0.0350802,0.0375,0.41646326608732254
5639,0.270827,-0.0350802,0.0391667,0.24004145719887637
5760,0.148216,-0.0352988,0.000833333,0.2982164954287573
5761,0.148216,-0.0352988,0.0025,0.30024497458117433
5762,0.148216,-0.0352988,0.00416667,0.31292356126402493
5763,0.148216,-0.0352988,0.00583333,0.32885531884287655
5764,0.148216,-0.0352988,0.0075,0.3424915817605449
5765,0.148216,-0.0352988,0.00916667,0.3545114228970485
5766,0.148216,-0.0352988,0.0108333,0.3659553456253093
5767,0.148216,-0.0352988,0.0125,0.37684684077394637
5768,0.148216,-0.0352988,0.0141667,0.38672329371843644
5769,0.148216,-0.0352988,0.0158333,0.3950003859616287
5770,0.148216,-0.0352988,0.0175,0.4010790604200774
5771,0.148216,-0.0352988,0.0191667,0.4044870589420223
5772,0.148216,-0.0352988,0.0208333,0.40452720186735175
5773,0.148216,-0.0352988,0.0225,0.40122996557192087
5774,0.148216,-0.0352988,0.0241667,0.39530949159059464
5775,0.148216,-0.0352988,0.0258333,0.3872508047168884
5776,0.148216,-0.0352988,0.0275,0.37766532494977295
5777,0.148216,-0.0352988,0.0291667,0.367142815398126
5778,0.148216,-0.0352988,0.0308333,0.35610931288810743
5779,0.148216,-0.0352988,0.0325,0.34444260370518914
5780,0.148216,-0.0352988,0.0341667,0.331143748939943
5781,0.148216,-0.0352988,0.0358333,0.3155302295506565
5782,0.148216,-0.0352988,0.0375,0.3030857315300244
5783,0.148216,-0.0352988,0.0391667,0.3012006433708932
5880,0.217642,-0.0352817,0.000833333,0.6106426587632492
5881,0.217642,-0.0352817,0.0025,0.749437618453806
5882,0.217642,-0.0352817,0.00416667,0.7984472117521484
5883,0.217642,-0.0352817,0.00583333,0.8117928941606966
5884,0.217642,-0.0352817,0.0075,0.8076346614920307
5885,0.217642,-0.0352817,0.00916667,0.7975075283355573
5886,0.217642,-0.0352817,0.0108333,0.7861074845630694
5887,0.217642,-0.0352817,0.0125,0.7754578684815361
5888,0.217642,-0.0352817,0.0141667,0.7661572622860425
5889,0.217642,-0.0352817,0.0158333,0.7585722111242797
5890,0.217642,-0.0352817,0.0175,0.7530088794348726
5891,0.217642,-0.0352817,0.0191667,0.749994647934266
5892,0.217642,-0.0352817,0.0208333,0.7501639999606625
5893,0.217642,-0.0352817,0.0225,0.7534356496072305
5894,0.217642,-0.0352817,0.0241667,0.7591494437124681
5895,0.217642,-0.0352817,0.0258333,0.7668064131770889
5896,0.217642,-0.0352817,0.0275,0.776114260211132
5897,0.217642,-0.0352817,0.0291667,0.7867269600859883
5898,0.217642,-0.0352817,0.0308333,0.7980434093587053
5899,0.217642,-0.0352817,0.0325,0.808074833693316
5900,0.217642,-0.0352817,0.0341667,0.8121449639064567
5901,0.217642,-0.0352817,0.0358333,0.7987080498296797
5902,0.217642,-0.0352817,0.0375,0.7495475052577004
5903,0.217642,-0.0352817,0.0391667,0.6105333705462217
5976,0.172578,-0.0350138,0.000833333,0.28089746963877127
5977,0.172578,-0.0350138,0.0025,0.3940673411361647
5978,0.172578,-0.0350138,0.00416667,0.4182021410297926
5979,0.172578,-0.0350138,0.00583333,0.408921584636471
5980,0.172578,-0.0350138,0.0075,0.3918192540769404
5981,0.172578,-0.0350138,0.00916667,0.37492562467802865
5982,0.172578,-0.0350138,0.0108333,0.3595433517508702
5983,0.172578,-0.0350138,0.0125,0.34590342530168794
5984,0.172578,-0.0350138,0.0141667,0.3342608594676224
5985,0.172578,-0.0350138,0.0158333,0.32484924252042224
5986,0.172578,-0.0350138,0.0175,0.31803051713705965
5987,0.172578,-0.0350138,0.0191667,0.3142745915234271
5988,0.172578,-0.0350138,0.0208333,0.3144074168419311
5989,0.172578,-0.0350138,0.0225,0.3183807992775288
5990,0.172578,-0.0350138,0.0241667,0.3253402163523319
5991,0.172578,-0.0350138,0.0258333,0.3348144404193111
5992,0.172578,-0.0350138,0.0275,0.34644190102356626
5993,0.172578,-0.0350138,0.0291667,0.35997874697892496
5994,0.172578,-0.0350138,0.0308333,0.37517219390681344
5995,0.172578,-0.0350138,0.0325,0.3918293101649198
5996,0.172578,-0.0350138,0.0341667,0.4087343125216497
5997,0.172578,-0.0350138,0.0358333,0.41795606399487595
5998,0.172578,-0.0350138,0.0375,0.39385361988518036
5999,0.172578,-0.0350138,0.0391667,0.2804644906032847
6576,0.292525,-0.0351246,0.000833333,0.1454677521440405
6577,0.292525,-0.0351246,0.0025,0.2465131808995091
6578,0.292525,-0.0351246,0.00416667,0.2843197469923658
6579,0.292525,-0.0351246,0.00583333,0.27447788125730643
6580,0.292525,-0.0351246,0.0075,0.24732487358484587
6581,0.292525,-0.0351246,0.00916667,0.2183558462738289
6582,0.292525,-0.0351246,0.0108333,0.19295227310026694
6583,0.292525,-0.0351246,0.0125,0.16748786050066433
6584,0.292525,-0.0351246,0.0141667,0.13920369013747447
6585,0.292525,-0.0351246,0.0158333,0.12622168826144736
6586,0.292525,-0.0351246,0.0175,0.14107311083739524
6587,0.292525,-0.0351246,0.0191667,0.1795019278198705
6588,0.292525,-0.0351246,0.0208333,0.23322525269843744
6589,0.292525,-0.0351246,0.0225,0.271187017053
6590,0.292525,-0.0351246,0.0241667,0.22971230526247394
6591,0.292525,-0.0351246,0.0258333,0.17737354354384421
6592,0.292525,-0.0351246,0.0275,0.1443952448254443
6593,0.292525,-0.0351246,0.0291667,0.14338834553854962
6594,0.292525,-0.0351246,0.0308333,0.17715414467570326
6595,0.292525,-0.0351246,0.0325,0.21400690374480913
6596,0.292525,-0.0351246,0.0341667,0.25228610281420577
6597,0.292525,-0.0351246,0.0358333,0.2806107965746329
6598,0.292525,-0.0351246,0.0375,0.27224859865433654
6599,0.292525,-0.0351246,0.0391667,0.1974786308991863
6600,0.107018,-0.0351588,0.000833333,0.21565933270869592
6601,0.107018,-0.0351588,0.0025,0.306638718184185
6602,0.107018,-0.0351588,0.00416667,0.35027414679163804
6603,0.107018,-0.0351588,0.00583333,0.3713683394270572
6604,0.107018,-0.0351588,0.0075,0.3802832945010996
6605,0.107018,-0.0351588,0.00916667,0.384065529653455
6606,0.107018,-0.0351588,0.0108333,0.38527331047876184
6607,0.107018,-0.0351588,0.0125,0.3865017654012074
6608,0.107018,-0.0351588,0.0141667,0.38914441562435415
6609,0.107018,-0.0351588,0.0158333,0.39367820973484535
6610,0.107018,-0.0351588,0.0175,0.3991553789817475
6611,0.107018,-0.0351588,0.0191667,0.40386000235457775
6612,0.107018,-0.0351588,0.0208333,0.4037673027766543
6613,0.107018,-0.0351588,0.0225,0.39890329831500276
6614,0.107018,-0.0351588,0.0241667,0.39332653388731603
6615,0.107018,-0.0351588,0.0258333,0.3887664896770462
6616,0.107018,-0.0351588,0.0275,0.3861796747206067
6617,0.107018,-0.0351588,0.0291667,0.38508835329220864
6618,0.107018,-0.0351588,0.0308333,0.38408339942470826
6619,0.107018,-0.0351588,0.0325,0.38053877537182723
6620,0.107018,-0.0351588,0.0341667,0.37181676052121426
6621,0.107018,-0.0351588,0.0358333,0.3508047660782419
6622,0.107018,-0.0351588,0.0375,0.3070305460436958
6623,0.107018,-0.0351588,0.0391667,0.21628859140733706
6696,0.287333,-0.0352427,0.000833333,0.2206802870915624
6697,0.287333,-0.0352427,0.0025,0.3212588818075113
6698,0.287333,-0.0352427,0.00416667,0.3326835817642531
6699,0.287333,-0.0352427,0.00583333,0.29508305535298024
6700,0.287333,-0.0352427,0.0075,0.24393730326165777
6701,0.287333,-0.0352427,0.00916667,0.19973268468800995
6702,0.287333,-0.0352427,0.0108333,0.17058292805747005
6703,0.287333,-0.0352427,0.0125,0.16543980758233492
6704,0.287333,-0.0352427,0.0141667,0.1748081816780968
6705,0.287333,-0.0352427,0.0158333,0.17638481024736796
6706,0.287333,-0.0352427,0.0175,0.17798561649473252
6707,0.287333,-0.0352427,0.0191667,0.19519665306723372
6708,0.287333,-0.0352427,0.0208333,0.2375711207466303
6709,0.287333,-0.0352427,0.0225,0.28369234435028384
6710,0.287333,-0.0352427,0.0241667,0.2631351801266414
6711,0.287333,-0.0352427,0.0258333,0.2157513398602428
6712,0.287333,-0.0352427,0.0275,0.1765003184814124
6713,0.287333,-0.0352427,0.0291667,0.14610230686820247
6714,0.287333,-0.0352427,0.0308333,0.13879962036763646
6715,0.287333,-0.0352427,0.0325,0.20245034659651734
6716,0.287333,-0.0352427,0.0341667,0.27024048140560825
6717,0.287333,-0.0352427,0.0358333,0.3206411730220565
6718,0.287333,-0.0352427,0.0375,0.32668176937766763
6719,0.287333,-0.0352427,0.0391667,0.2555155649555025
7320,0.112203,-0.0351487,0.000833333,0.35737190734169355
7321,0.112203,-0.0351487,0.0025,0.41981875225179016
7322,0.112203,-0.0351487,0.00416667,0.4504870726791169
7323,0.112203,-0.0351487,0.00583333,0.4711750370966293
7324,0.112203,-0.0351487,0.0075,0.4847290165197974
7325,0.112203,-0.0351487,0.00916667,0.4927336331293917
7326,0.112203,-0.0351487,0.0108333,0.49748502238682774
7327,0.112203,-0.0351487,0.0125,0.5012456584942766
7328,0.112203,-0.0351487,0.0141667,0.5053236101739329
7329,0.112203,-0.0351487,0.0158333,0.5101327743185189
7330,0.112203,-0.0351487,0.0175,0.5149896711123966
7331,0.112203,-0.0351487,0.0191667,0.5185752982824866
7332,0.112203,-0.0351487,0.0208333,0.5185778102662161
7333,0.112203,-0.0351487,0.0225,0.5149948822191857
7334,0.112203,-0.0351487,0.0241667,0.510169406805291
7335,0.112203,-0.0351487,0.0258333,0.5054268195064049
7336,0.112203,-0.0351487,0.0275,0.5014636471098582
7337,0.112203,-0.0351487,0.0291667,0.49788004991009643
7338,0.112203,-0.0351487,0.0308333,0.49336847098820574
7339,0.112203,-0.0351487,0.0325,0.48564836470290934
7340,0.112203,-0.0351487,0.0341667,0.472365654241542
7341,0.112203,-0.0351487,0.0358333,0.45186832339106264
7342,0.112203,-0.0351487,0.0375,0.42107175470130975
7343,0.112203,-0.0351487,0.0391667,0.35800804477296316
7416,0.11319,-0.0351775,0.000833333,0.38140330578143916
7417,0.11319,-0.0351775,0.0025,0.4414276469924035
7418,0.11319,-0.0351775,0.00416667,0.47023826209657804
7419,0.11319,-0.0351775,0.00583333,0.4902371773960539
7420,0.11319,-0.0351775,0.0075,0.503579593447312
7421,0.11319,-0.0351775,0.00916667,0.5116557193132898
7422,0.11319,-0.0351775,0.0108333,0.5166099435577122
7423,0.11319,-0.0351775,0.0125,0.5205974851227555
7424,0.11319,-0.0351775,0.0141667,0.5248483799664662
7425,0.11319,-0.0351775,0.0158333,0.5297520836711531
7426,0.11319,-0.0351775,0.0175,0.5346312058923445
7427,0.11319,-0.0351775,0.0191667,0.5382117299508188
7428,0.11319,-0.0351775,0.0208333,0.5382114144536054
7429,0.11319,-0.0351775,0.0225,0.5346307511977987
7430,0.11319,-0.0351775,0.0241667,0.529778610323634
7431,0.11319,-0.0351775,0.0258333,0.5249370084929158
7432,0.11319,-0.0351775,0.0275,0.5207931312636872
7433,0.11319,-0.0351775,0.0291667,0.5169756044215628
7434,0.11319,-0.0351775,0.0308333,0.5122539739108034
7435,0.11319,-0.0351775,0.0325,0.5044545526942938
7436,0.11319,-0.0351775,0.0341667,0.49137839307059483
7437,0.11319,-0.0351775,0.0358333,0.4715842831972245
7438,0.11319,-0.0351775,0.0375,0.44265254361591555
7439,0.11319,-0.0351775,0.0391667,0.3820203218865326
8232,0.102605,-0.0347435,0.000833333,0.23157893285929532
8233,0.102605,-0.0347435,0.0025,0.2229846096856911
8234,0.102605,-0.0347435,0.00416667,0.2594107424132817
8235,0.102605,-0.0347435,0.00583333,0.26810137027342845
8236,0.102605,-0.0347435,0.0075,0.26561188186118484
8237,0.102605,-0.0347435,0.00916667,0.26125050436192465
8238,0.102605,-0.0347435,0.0108333,0.25743400562668484
8239,0.102605,-0.0347435,0.0125,0.25567709293499485
8240,0.102605,-0.0347435,0.0141667,0.2567882111200785
8241,0.102605,-0.0347435,0.0158333,0.2609384755114699
8242,0.102605,-0.0347435,0.0175,0.26700924337088033
8243,0.102605,-0.0347435,0.0191667,0.273619461312392
8244,0.102605,-0.0347435,0.0208333,0.2734226602045121
8245,0.102605,-0.0347435,0.0225,0.266358811839996
8246,0.102605,-0.0347435,0.0241667,0.2600272358408057
8247,0.102605,-0.0347435,0.0258333,0.25575761692047416
8248,0.102605,-0.0347435,0.0275,0.25467533206881265
8249,0.102605,-0.0347435,0.0291667,0.2565488173772002
8250,0.102605,-0.0347435,0.0308333,0.2605207959840442
8251,0.102605,-0.0347435,0.0325,0.2650329642734277
8252,0.102605,-0.0347435,0.0341667,0.26755703218082305
8253,0.102605,-0.0347435,0.0358333,0.25895985164903457
8254,0.102605,-0.0347435,0.0375,0.22195741194726976
8255,0.102605,-0.0347435,0.0391667,0.23032665142056402
8712,0.137681,-0.0353325,0.000833333,0.46606856441668126
8713,0.137681,-0.0353325,0.0025,0.49337518715468137
8714,0.137681,-0.0353325,0.00416667,0.517151469492105
8715,0.137681,-0.0353325,0.00583333,0.5366369654146297
8716,0.137681,-0.0353325,0.0075,0.5496788897311434
8717,0.137681,-0.0353325,0.00916667,0.5585077337310634
8718,0.137681,-0.0353325,0.0108333,0.5654734323233233
8719,0.137681,-0.0353325,0.0125,0.5719386995669155
8720,0.137681,-0.0353325,0.0141667,0.578193875939791
8721,0.137681,-0.0353325,0.0158333,0.583997114283805
8722,0.137681,-0.0353325,0.0175,0.5887425767545968
8723,0.137681,-0.0353325,0.0191667,0.5917051648182594
8724,0.137681,-0.0353325,0.0208333,0.5917704871357138
8725,0.137681,-0.0353325,0.0225,0.5890003497841056
8726,0.137681,-0.0353325,0.0241667,0.5845104730698361
8727,0.137681,-0.0353325,0.0258333,0.5790190989059342
8728,0.137681,-0.0353325,0.0275,0.5731241317865204
8729,0.137681,-0.0353325,0.0291667,0.5670768446280547
8730,0.137681,-0.0353325,0.0308333,0.5605805978098778
8731,0.137681,-0.0353325,0.0325,0.5522776668474675
8732,0.137681,-0.0353325,0.0341667,0.5397846999495655
8733,0.137681,-0.0353325,0.0358333,0.5206294172382978
8734,0.137681,-0.0353325,0.0375,0.4967946013451262
8735,0.137681,-0.0353325,0.0391667,0.4689243027107464
8856,0.294348,-0.0349844,0.000833333,0.12605285501288735
8857,0.294348,-0.0349844,0.0025,0.20383485119686967
8858,0.294348,-0.0349844,0.00416667,0.2488985063288448
8859,0.294348,-0.0349844,0.00583333,0.25030834659875006
8860,0.294348,-0.0349844,0.0075,0.233639946830588
8861,0.294348,-0.0349844,0.00916667,0.2130407563887483
8862,0.294348,-0.0349844,0.0108333,0.19271774993780413
8863,0.294348,-0.0349844,0.0125,0.17086916759346168
8864,0.294348,-0.0349844,0.0141667,0.14724491635222625
8865,0.294348,-0.0349844,0.0158333,0.13127236840439804
8866,0.294348,-0.0349844,0.0175,0.13922246718716055
8867,0.294348,-0.0349844,0.0191667,0.16832236933173797
8868,0.294348,-0.0349844,0.0208333,0.21604182322419174
8869,0.294348,-0.0349844,0.0225,0.24625509706662335
8870,0.294348,-0.0349844,0.0241667,0.20376864588326635
8871,0.294348,-0.0349844,0.0258333,0.15330784981836382
8872,0.294348,-0.0349844,0.0275,0.12575107385724385
8873,0.294348,-0.0349844,0.0291667,0.1373120476270382
8874,0.294348,-0.0349844,0.0308333,0.17297241984634432
8875,0.294348,-0.0349844,0.0325,0.20825426563756144
8876,0.294348,-0.0349844,0.0341667,0.2372021743658561
8877,0.294348,-0.0349844,0.0358333,0.25199977731559053
8878,0.294348,-0.0349844,0.0375,0.23165304849461835
8879,0.294348,-0.0349844,0.0391667,0.15699618699197762
11088,0.231881,-0.0346806,0.000833333,0.5798947614079635
11089,0.231881,-0.0346806,0.0025,0.7338703843293378
11090,0.231881,-0.0346806,0.00416667,0.7886200860784008
11091,0.231881,-0.0346806,0.00583333,0.8063170264888382
11092,0.231881,-0.0346806,0.0075,0.8046312246212464
11093,0.231881,-0.0346806,0.00916667,0.7952436466034799
11094,0.231881,-0.0346806,0.0108333,0.7836090036423906
11095,0.231881,-0.0346806,0.0125,0.7722127084666107
11096,0.231881,-0.0346806,0.0141667,0.7619924310138985
11097,0.231881,-0.0346806,0.0158333,0.7535133794461814
11098,0.231881,-0.0346806,0.0175,0.7472317940079655
11099,0.231881,-0.0346806,0.0191667,0.7438052060690816
11100,0.231881,-0.0346806,0.0208333,0.7439825562840132
11101,0.231881,-0.0346806,0.0225,0.7476638249970249
11102,0.231881,-0.0346806,0.0241667,0.7540748838828392
11103,0.231881,-0.0346806,0.0258333,0.7625909506302133
11104,0.231881,-0.0346806,0.0275,0.7727784892535697
11105,0.231881,-0.0346806,0.0291667,0.784096219598144
11106,0.231881,-0.0346806,0.0308333,0.7956178975220966
11107,0.231881,-0.0346806,0.0325,0.8048752050531057
11108,0.231881,-0.0346806,0.0341667,0.806416763782303
11109,0.231881,-0.0346806,0.0358333,0.7885099848449305
11110,0.231881,-0.0346806,0.0375,0.7334256181444071
11111,0.231881,-0.0346806,0.0391667,0.5789216127903968
11328,0.187683,-0.0350978,0.000833333,0.46247906240817743
11329,0.187683,-0.0350978,0.0025,0.5927928436511865
11330,0.187683,-0.0350978,0.00416667,0.6302484440873908
11331,0.187683,-0.0350978,0.00583333,0.6322165881605527
11332,0.187683,-0.0350978,0.0075,0.6209399047076576
11333,0.187683,-0.0350978,0.00916667,0.6070035860237818
11334,0.187683,-0.0350978,0.0108333,0.5936489006958763
11335,0.187683,-0.0350978,0.0125,0.5819943751871728
11336,0.187683,-0.0350978,0.0141667,0.5721909800562832
11337,0.187683,-0.0350978,0.0158333,0.564422918548813
11338,0.187683,-0.0350978,0.0175,0.5588863014077553
11339,0.187683,-0.0350978,0.0191667,0.5559348523756316
11340,0.187683,-0.0350978,0.0208333,0.5560547587210904
11341,0.187683,-0.0350978,0.0225,0.559196986101919
11342,0.187683,-0.0350978,0.0241667,0.5648529959525501
11343,0.187683,-0.0350978,0.0258333,0.5726777935697072
11344,0.187683,-0.0350978,0.0275,0.5824771662053565
11345,0.187683,-0.0350978,0.0291667,0.5940650672457057
11346,0.187683,-0.0350978,0.0308333,0.6072871747896688
11347,0.187683,-0.0350978,0.0325,0.6210624620834365
11348,0.187683,-0.0350978,0.0341667,0.6321989297636019
11349,0.187683,-0.0350978,0.0358333,0.6301822372573449
11350,0.187683,-0.0350978,0.0375,0.5927228920237575
11351,0.187683,-0.0350978,0.0391667,0.46232475359622754
11400,0.215796,-0.0348988,0.000833333,0.6157303265277746
11401,0.215796,-0.0348988,0.0025,0.7558888974916896
11402,0.215796,-0.0348988,0.00416667,0.8058167655327482
11403,0.215796,-0.0348988,0.00583333,0.8195226916674425
11404,0.215796,-0.0348988,0.0075,0.8156956439913471
11405,0.215796,-0.0348988,0.00916667,0.805836480187383
11406,0.215796,-0.0348988,0.0108333,0.7946842743947898
11407,0.215796,-0.0348988,0.0125,0.7842495372065259
11408,0.215796,-0.0348988,0.0141667,0.7751766574833727
11409,0.215796,-0.0348988,0.0158333,0.7678278452632872
11410,0.215796,-0.0348988,0.0175,0.7625017268136025
11411,0.215796,-0.0348988,0.0191667,0.7596509834830358
11412,0.215796,-0.0348988,0.0208333,0.7597975984277009
11413,0.215796,-0.0348988,0.0225,0.7628820785791599
11414,0.215796,-0.0348988,0.0241667,0.7683517912853163
11415,0.215796,-0.0348988,0.0258333,0.7757716982772128
11416,0.215796,-0.0348988,0.0275,0.7848560520442185
11417,0.215796,-0.0348988,0.0291667,0.7952602359610395
11418,0.215796,-0.0348988,0.0308333,0.8063382604962324
11419,0.215796,-0.0348988,0.0325,0.8161102412197473
11420,0.215796,-0.0348988,0.0341667,0.8198636300257806
11421,0.215796,-0.0348988,0.0358333,0.8060878538574936
11422,0.215796,-0.0348988,0.0375,0.7560273301012036
11423,0.215796,-0.0348988,0.0391667,0.6156356539768795
11736,0.228494,-0.0352,0.000833333,0.5852609176530484
11737,0.228494,-0.0352,0.0025,0.7314301552845357
11738,0.228494,-0.0352,0.00416667,0.7829075964719572
11739,0.228494,-0.0352,0.00583333,0.7983757559104011
11740,0.228494,-0.0352,0.0075,0.7953090169236277
11741,0.228494,-0.0352,0.00916667,0.7853138432143998
11742,0.228494,-0.0352,0.0108333,0.773547343533602
11743,0.228494,-0.0352,0.0125,0.7622463516700047
11744,0.228494,-0.0352,0.0141667,0.7521775279939142
11745,0.228494,-0.0352,0.0158333,0.743798192264253
11746,0.228494,-0.0352,0.0175,0.7375329317639319
11747,0.228494,-0.0352,0.0191667,0.7340697260372525
11748,0.228494,-0.0352,0.0208333,0.7342773020189278
11749,0.228494,-0.0352,0.0225,0.7380292871503765
11750,0.228494,-0.0352,0.0241667,0.7444415033883616
11751,0.228494,-0.0352,0.0258333,0.7528706593038598
11752,0.228494,-0.0352,0.0275,0.7629169877694888
11753,0.228494,-0.0352,0.0291667,0.7741472241290015
11754,0.228494,-0.0352,0.0308333,0.7858003964794832
11755,0.228494,-0.0352,0.0325,0.7956668427278506
11756,0.228494,-0.0352,0.0341667,0.7985971450874164
11757,0.228494,-0.0352,0.0358333,0.7829424839249711
11758,0.228494,-0.0352,0.0375,0.7311916113110024
11759,0.228494,-0.0352,0.0391667,0.5846548405508036
12336,0.22678,-0.0349142,0.000833333,0.5985554594697394
12337,0.22678,-0.0349142,0.0025,0.7436022423730311
12338,0.22678,-0.0349142,0.00416667,0.7950290029644881
12339,0.22678,-0.0349142,0.00583333,0.8106181335475925
12340,0.22678,-0.0349142,0.0075,0.8078588197394407
12341,0.22678,-0.0349142,0.00916667,0.7981867655807341
12342,0.22678,-0.0349142,0.0108333,0.786723284277955
12343,0.22678,-0.0349142,0.0125,0.7757152912257613
12344,0.22678,-0.0349142,0.0141667,0.7659579730745457
12345,0.22678,-0.0349142,0.0158333,0.7579046132865804
12346,0.22678,-0.0349142,0.0175,0.7519489658500955
12347,0.22678,-0.0349142,0.0191667,0.7487021455011629
12348,0.22678,-0.0349142,0.0208333,0.7488815262471626
12349,0.22678,-0.0349142,0.0225,0.7523947618438329
12350,0.22678,-0.0349142,0.0241667,0.7584950530421241
12351,0.22678,-0.0349142,0.0258333,0.7666061589692845
12352,0.22678,-0.0349142,0.0275,0.7763500862443701
12353,0.22678,-0.0349142,0.0291667,0.7873056691179015
12354,0.22678,-0.0349142,0.0308333,0.7986722578110803
12355,0.22678,-0.0349142,0.0325,0.8082321737154508
12356,0.22678,-0.0349142,0.0341667,0.8108744910210165
12357,0.22678,-0.0349142,0.0358333,0.7951307823174035
12358,0.22678,-0.0349142,0.0375,0.7434635610513336
12359,0.22678,-0.0349142,0.0391667,0.5980792748697631
12504,0.206865,-0.0350203,0.000833333,0.5908426624818574
12505,0.206865,-0.0350203,0.0025,0.726798595676856
12506,0.206865,-0.0350203,0.00416667,0.7734134838324194
12507,0.206865,-0.0350203,0.00583333,0.7837961412151758
12508,0.206865,-0.0350203,0.0075,0.7778536765352225
12509,0.206865,-0.0350203,0.00916667,0.7670398634229711
12510,0.206865,-0.0350203,0.0108333,0.7555980364151816
12511,0.206865,-0.0350203,0.0125,0.7452050055390278
12512,0.206865,-0.0350203,0.0141667,0.736304104824968
12513,0.206865,-0.0350203,0.0158333,0.7291443641503341
12514,0.206865,-0.0350203,0.0175,0.7239616420247952
12515,0.206865,-0.0350203,0.0191667,0.7211788760649193
12516,0.206865,-0.0350203,0.0208333,0.7213255948309907
12517,0.206865,-0.0350203,0.0225,0.7243383689839277
12518,0.206865,-0.0350203,0.0241667,0.7296637991953087
12519,0.206865,-0.0350203,0.0258333,0.7368960327485322
12520,0.206865,-0.0350203,0.0275,0.7458091798509562
12521,0.206865,-0.0350203,0.0291667,0.7561619797547843
12522,0.206865,-0.0350203,0.0308333,0.7675163864483054
12523,0.206865,-0.0350203,0.0325,0.778222452058253
12524,0.206865,-0.0350203,0.0341667,0.7840752609607639
12525,0.206865,-0.0350203,0.0358333,0.7736340080540152
12526,0.206865,-0.0350203,0.0375,0.7269341132402648
12527,0.206865,-0.0350203,0.0391667,0.5908290074507598
12528,0.233539,-0.0353224,0.000833333,0.5590362490436147
12529,0.233539,-0.0353224,0.0025,0.713779053133594
12530,0.233539,-0.0353224,0.00416667,0.7680602433418097
12531,0.233539,-0.0353224,0.00583333,0.7849050182094662
12532,0.233539,-0.0353224,0.0075,0.7822120719773696
12533,0.233539,-0.0353224,0.00916667,0.7719681955742894
12534,0.233539,-0.0353224,0.0108333,0.7596415778886901
12535,0.233539,-0.0353224,0.0125,0.7476631717100907
12536,0.233539,-0.0353224,0.0141667,0.736886595467787
12537,0.233539,-0.0353224,0.0158333,0.7278510971862584
12538,0.233539,-0.0353224,0.0175,0.7210463805660177
12539,0.233539,-0.0353224,0.0191667,0.7172639044443108
12540,0.233539,-0.0353224,0.0208333,0.717489312968052
12541,0.233539,-0.0353224,0.0225,0.7215729686023611
12542,0.233539,-0.0353224,0.0241667,0.728515844884658
12543,0.233539,-0.0353224,0.0258333,0.7375767069024073
12544,0.233539,-0.0353224,0.0275,0.7483026187651375
12545,0.233539,-0.0353224,0.0291667,0.7601720647299481
12546,0.233539,-0.0353224,0.0308333,0.77235514181314
12547,0.233539,-0.0353224,0.0325,0.7824358663812521
12548,0.233539,-0.0353224,0.0341667,0.7849460392069101
12549,0.233539,-0.0353224,0.0358333,0.7678338951522113
12550,0.233539,-0.0353224,0.0375,0.713162183198756
12551,0.233539,-0.0353224,0.0391667,0.5578393318016667
12552,0.169144,-0.0346962,0.000833333,0.2673024198429608
12553,0.169144,-0.0346962,0.0025,0.368668807095203
12554,0.169144,-0.0346962,0.00416667,0.3881990665471003
12555,0.169144,-0.0346962,0.00583333,0.3777871185257644
12556,0.169144,-0.0346962,0.0075,0.3608181240596985
12557,0.169144,-0.0346962,0.00916667,0.343807119474108
12558,0.169144,-0.0346962,0.0108333,0.32801044915935607
12559,0.169144,-0.0346962,0.0125,0.3138481632108764
12560,0.169144,-0.0346962,0.0141667,0.3018011884473567
12561,0.169144,-0.0346962,0.0158333,0.29220154440618706
12562,0.169144,-0.0346962,0.0175,0.285384305023896
12563,0.169144,-0.0346962,0.0191667,0.2817253676174112
12564,0.169144,-0.0346962,0.0208333,0.2818197758555878
12565,0.169144,-0.0346962,0.0225,0.285641780799995
12566,0.169144,-0.0346962,0.0241667,0.29256908519103125
12567,0.169144,-0.0346962,0.0258333,0.3022165945692096
12568,0.169144,-0.0346962,0.0275,0.3142383050344896
12569,0.169144,-0.0346962,0.0291667,0.32828887635679405
12570,0.169144,-0.0346962,0.0308333,0.3438879796218583
12571,0.169144,-0.0346962,0.0325,0.360656488446666
12572,0.169144,-0.0346962,0.0341667,0.37742821602503435
12573,0.169144,-0.0346962,0.0358333,0.38779529284081055
12574,0.169144,-0.0346962,0.0375,0.3683121407893582
12575,0.169144,-0.0346962,0.0391667,0.26674207638908415
12936,0.271934,-0.0352828,0.000833333,0.2582976262953456
12937,0.271934,-0.0352828,0.0025,0.43373992509273346
12938,0.271934,-0.0352828,0.00416667,0.49616011742329713
12939,0.271934,-0.0352828,0.00583333,0.4949880417281815
12940,0.271934,-0.0352828,0.0075,0.46312549391171504
12941,0.271934,-0.0352828,0.00916667,0.41610215079511426
12942,0.271934,-0.0352828,0.0108333,0.36004446473724605
12943,0.271934,-0.0352828,0.0125,0.29592173623194695
12944,0.271934,-0.0352828,0.0141667,0.2291398567000512
12945,0.271934,-0.0352828,0.0158333,0.1637007811993883
12946,0.271934,-0.0352828,0.0175,0.11310232784960705
12947,0.271934,-0.0352828,0.0191667,0.09867678583309247
12948,0.271934,-0.0352828,0.0208333,0.09620310370492212
12949,0.271934,-0.0352828,0.0225,0.08146194651860462
12950,0.271934,-0.0352828,0.0241667,0.03365437145289301
12951,0.271934,-0.0352828,0.0258333,0.1594801273710615
12952,0.271934,-0.0352828,0.0275,0.25776788376215526
12953,0.271934,-0.0352828,0.0291667,0.3341246892589801
12954,0.271934,-0.0352828,0.0308333,0.3975795354950378
12955,0.271934,-0.0352828,0.0325,0.4483575161043361
12956,0.271934,-0.0352828,0.0341667,0.48261722180469274
12957,0.271934,-0.0352828,0.0358333,0.4843067774594632
12958,0.271934,-0.0352828,0.0375,0.41855618782232806
12959,0.271934,-0.0352828,0.0391667,0.2500582252818131
13440,0.163868,-0.0348134,0.000833333,0.18256828845834644
13441,0.163868,-0.0348134,0.0025,0.2709367877070406
13442,0.163868,-0.0348134,0.00416667,0.2841008301466224
13443,0.163868,-0.0348134,0.00583333,0.27171032336113027
13444,0.163868,-0.0348134,0.0075,0.25420649668623735
13445,0.163868,-0.0348134,0.00916667,0.23702459960774114
13446,0.163868,-0.0348134,0.0108333,0.22094072440745277
13447,0.163868,-0.0348134,0.0125,0.20642257182510346
13448,0.163868,-0.0348134,0.0141667,0.1940053824251781
13449,0.163868,-0.0348134,0.0158333,0.18406692578562725
13450,0.163868,-0.0348134,0.0175,0.17691725359583108
13451,0.163868,-0.0348134,0.0191667,0.17294128582059623
13452,0.163868,-0.0348134,0.0208333,0.17302999911861497
13453,0.163868,-0.0348134,0.0225,0.17714810479815019
13454,0.163868,-0.0348134,0.0241667,0.18437307445065862
13455,0.163868,-0.0348134,0.0258333,0.19431425730422253
13456,0.163868,-0.0348134,0.0275,0.20665008534935184
13457,0.163868,-0.0348134,0.0291667,0.22099141453459228
13458,0.163868,-0.0348134,0.0308333,0.23680712407410803
13459,0.163868,-0.0348134,0.0325,0.2536697685684283
13460,0.163868,-0.0348134,0.0341667,0.2709220519481757
13461,0.163868,-0.0348134,0.0358333,0.28326566134348163
13462,0.163868,-0.0348134,0.0375,0.2701767295865616
13463,0.163868,-0.0348134,0.0391667,0.18156729118233272
14304,0.154662,-0.0350006,0.000833333,0.236193137997466
14305,0.154662,-0.0350006,0.0025,0.22768526447726034
14306,0.154662,-0.0350006,0.00416667,0.21467882225382642
14307,0.154662,-0.0350006,0.00583333,0.2084105201882573
14308,0.154662,-0.0350006,0.0075,0.20962329843927177
14309,0.154662,-0.0350006,0.00916667,0.21499931426590646
14310,0.154662,-0.0350006,0.0108333,0.22232813830111564
14311,0.154662,-0.0350006,0.0125,0.23009370081392927
14312,0.154662,-0.0350006,0.0141667,0.23709111943012628
14313,0.154662,-0.0350006,0.0158333,0.24195953140780566
14314,0.154662,-0.0350006,0.0175,0.24539083560841385
14315,0.154662,-0.0350006,0.0191667,0.24710529192466693
14316,0.154662,-0.0350006,0.0208333,0.2471602562989751
14317,0.154662,-0.0350006,0.0225,0.24555645537222884
14318,0.154662,-0.0350006,0.0241667,0.24224085820330474
14319,0.154662,-0.0350006,0.0258333,0.23751432769088185
14320,0.154662,-0.0350006,0.0275,0.23071950229242108
14321,0.154662,-0.0350006,0.0291667,0.2231453516141441
14322,0.154662,-0.0350006,0.0308333,0.21596895353557188
14323,0.154662,-0.0350006,0.0325,0.2106351464168314
14324,0.154662,-0.0350006,0.0341667,0.20931244514020184
14325,0.154662,-0.0350006,0.0358333,0.2154142638171391
14326,0.154662,-0.0350006,0.0375,0.2284347900246589
14327,0.154662,-0.0350006,0.0391667,0.23740388140822383
14376,0.118525,-0.0350989,0.000833333,0.4643198731333055
14377,0.118525,-0.0350989,0.0025,0.51191329260772
14378,0.118525,-0.0350989,0.00416667,0.534144289301924
14379,0.118525,-0.0350989,0.00583333,0.5514706082414145
14380,0.118525,-0.0350989,0.0075,0.5634679580856895
14381,0.118525,-0.0350989,0.00916667,0.5712984841651887
14382,0.118525,-0.0350989,0.0108333,0.5767428304442302
14383,0.118525,-0.0350989,0.0125,0.581413336906717
14384,0.118525,-0.0350989,0.0141667,0.5861175501653726
14385,0.118525,-0.0350989,0.0158333,0.5910094558584883
14386,0.118525,-0.0350989,0.0175,0.5954964953344394
14387,0.118525,-0.0350989,0.0191667,0.5985606804917882
14388,0.118525,-0.0350989,0.0208333,0.5985828871111286
14389,0.118525,-0.0350989,0.0225,0.595608897788106
14390,0.118525,-0.0350989,0.0241667,0.5912419206757011
14391,0.118525,-0.0350989,0.0258333,0.5864987794104775
14392,0.118525,-0.0350989,0.0275,0.5819790753127254
14393,0.118525,-0.0350989,0.0291667,0.5775456951598639
14394,0.118525,-0.0350989,0.0308333,0.5723964603242729
14395,0.118525,-0.0350989,0.0325,0.5648986275240195
14396,0.118525,-0.0350989,0.0341667,0.5532270203399314
14397,0.118525,-0.0350989,0.0358333,0.5361313950513344
14398,0.118525,-0.0350989,0.0375,0.5138416149326096
14399,0.118525,-0.0350989,0.0391667,0.46552234705309703
15216,0.186724,-0.0353238,0.000833333,0.4545583290803772
15217,0.186724,-0.0353238,0.0025,0.5867686504833509
15218,0.186724,-0.0353238,0.00416667,0.6242941259300295
15219,0.186724,-0.0353238,0.00583333,0.6256554199561052
15220,0.186724,-0.0353238,0.0075,0.613702299891568
15221,0.186724,-0.0353238,0.00916667,0.5991948925422742
15222,0.186724,-0.0353238,0.0108333,0.5853493559454136
15223,0.186724,-0.0353238,0.0125,0.5732947749615935
15224,0.186724,-0.0353238,0.0141667,0.5631642025085154
15225,0.186724,-0.0353238,0.0158333,0.5551344241384658
15226,0.186724,-0.0353238,0.0175,0.549413183850053
15227,0.186724,-0.0353238,0.0191667,0.5463584605492338
15228,0.186724,-0.0353238,0.0208333,0.5464811523361516
15229,0.186724,-0.0353238,0.0225,0.5497267872746668
15230,0.186724,-0.0353238,0.0241667,0.5555680451691688
15231,0.186724,-0.0353238,0.0258333,0.5636539592194288
15232,0.186724,-0.0353238,0.0275,0.5737786657228571
15233,0.186724,-0.0353238,0.0291667,0.5857636290285229
15234,0.186724,-0.0353238,0.0308333,0.5994753764554833
15235,0.186724,-0.0353238,0.0325,0.6138153858207392
15236,0.186724,-0.0353238,0.0341667,0.6256260710836945
15237,0.186724,-0.0353238,0.0358333,0.6242196771342141
15238,0.186724,-0.0353238,0.0375,0.586695762791587
15239,0.186724,-0.0353238,0.0391667,0.4543944444703755
17136,0.1165,-0.0350132,0.000833333,0.425186079632177
17137,0.1165,-0.0350132,0.0025,0.47680958247005073
17138,0.1165,-0.0350132,0.00416667,0.5007578411878939
17139,0.1165,-0.0350132,0.00583333,0.5189026434920065
17140,0.1165,-0.0350132,0.0075,0.5313916579575668
17141,0.1165,-0.0350132,0.00916667,0.5393584568870068
17142,0.1165,-0.0350132,0.0108333,0.544665855137779
17143,0.1165,-0.0350132,0.0125,0.5490979410657232
17144,0.1165,-0.0350132,0.0141667,0.5535936243238329
17145,0.1165,-0.0350132,0.0158333,0.5583938182857361
17146,0.1165,-0.0350132,0.0175,0.5628957190210735
17147,0.1165,-0.0350132,0.0191667,0.5660286938633887
17148,0.1165,-0.0350132,0.0208333,0.5660580223932581
17149,0.1165,-0.0350132,0.0225,0.5630203725941477
17150,0.1165,-0.0350132,0.0241667,0.5586358604923326
17151,0.1165,-0.0350132,0.0258333,0.5539774504266847
17152,0.1165,-0.0350132,0.0275,0.5496561527195475
17153,0.1165,-0.0350132,0.0291667,0.5454464204370737
17154,0.1165,-0.0350132,0.0308333,0.5404164105073702
17155,0.1165,-0.0350132,0.0325,0.5327565444045286
17156,0.1165,-0.0350132,0.0341667,0.5205625369309944
17157,0.1165,-0.0350132,0.0358333,0.5026034823271821
17158,0.1165,-0.0350132,0.0375,0.47853074936524453
17159,0.1165,-0.0350132,0.0391667,0.4261427926485999
18576,0.122916,-0.0351829,0.000833333,0.4916927861716835
18577,0.122916,-0.0351829,0.0025,0.5345345379167714
18578,0.122916,-0.0351829,0.00416667,0.5566485916356028
18579,0.122916,-0.0351829,0.00583333,0.5740633064437494
18580,0.122916,-0.0351829,0.0075,0.5861059797311404
18581,0.122916,-0.0351829,0.00916667,0.5941836059149814
18582,0.122916,-0.0351829,0.0108333,0.6000296229185023
18583,0.122916,-0.0351829,0.0125,0.6050805620545912
18584,0.122916,-0.0351829,0.0141667,0.6100017463986476
18585,0.122916,-0.0351829,0.0158333,0.614870378316653
18586,0.122916,-0.0351829,0.0175,0.6191449203067122
18587,0.122916,-0.0351829,0.0191667,0.6219675126852079
18588,0.122916,-0.0351829,0.0208333,0.6220047180434184
18589,0.122916,-0.0351829,0.0225,0.6193151621912925
18590,0.122916,-0.0351829,0.0241667,0.6152113722904511
18591,0.122916,-0.0351829,0.0258333,0.6105504057704163
18592,0.122916,-0.0351829,0.0275,0.6058784572308954
18593,0.122916,-0.0351829,0.0291667,0.6011342282059473
18594,0.122916,-0.0351829,0.0308333,0.5956546196392
18595,0.122916,-0.0351829,0.0325,0.5879766219495126
18596,0.122916,-0.0351829,0.0341667,0.5763154605107604
18597,0.122916,-0.0351829,0.0358333,0.5592018932689696
18598,0.122916,-0.0351829,0.0375,0.5371299352587603
18599,0.122916,-0.0351829,0.0391667,0.493574555286431
18648,0.131752,-0.0346837,0.000833333,0.4574687937708649
18649,0.131752,-0.0346837,0.0025,0.4892460982898586
18650,0.131752,-0.0346837,0.00416667,0.5102184146516175
18651,0.131752,-0.0346837,0.00583333,0.5267548392320758
18652,0.131752,-0.0346837,0.0075,0.538490537869961
18653,0.131752,-0.0346837,0.00916667,0.5469730069530123
18654,0.131752,-0.0346837,0.0108333,0.5537614893473995
18655,0.131752,-0.0346837,0.0125,0.5598019993103365
18656,0.131752,-0.0346837,0.0141667,0.5653967259178284
18657,0.131752,-0.0346837,0.0158333,0.5704330031429196
18658,0.131752,-0.0346837,0.0175,0.5744752172572202
18659,0.131752,-0.0346837,0.0191667,0.576960281902427
18660,0.131752,-0.0346837,0.0208333,0.5770967222321948
18661,0.131752,-0.0346837,0.0225,0.574956443311926
18662,0.131752,-0.0346837,0.0241667,0.5713134401663329
18663,0.131752,-0.0346837,0.0258333,0.5667224190155972
18664,0.131752,-0.0346837,0.0275,0.5616177030731848
18665,0.131752,-0.0346837,0.0291667,0.5561157629273423
18666,0.131752,-0.0346837,0.0308333,0.5499032807925408
18667,0.131752,-0.0346837,0.0325,0.5419805325035024
18668,0.131752,-0.0346837,0.0341667,0.5306874212357496
18669,0.131752,-0.0346837,0.0358333,0.514324368566083
18670,0.131752,-0.0346837,0.0375,0.4932315621077386
18671,0.131752,-0.0346837,0.0391667,0.460760778170597
18672,0.129966,-0.034708,0.000833333,0.468628914977788
18673,0.129966,-0.034708,0.0025,0.5022198429378313
18674,0.129966,-0.034708,0.00416667,0.5243327011020198
18675,0.129966,-0.034708,0.00583333,0.5416334985839525
18676,0.129966,-0.034708,0.0075,0.5537356941258311
18677,0.129966,-0.034708,0.00916667,0.5621828361363076
18678,0.129966,-0.034708,0.0108333,0.5686713506324161
18679,0.129966,-0.034708,0.0125,0.5743704359977039
18680,0.129966,-0.034708,0.0141667,0.5797009794537322
18681,0.129966,-0.034708,0.0158333,0.5846154887465799
18682,0.129966,-0.034708,0.0175,0.5886561070483365
18683,0.129966,-0.034708,0.0191667,0.5911977258909974
18684,0.129966,-0.034708,0.0208333,0.5913199443856536
18685,0.129966,-0.034708,0.0225,0.5890909085406875
18686,0.129966,-0.034708,0.0241667,0.5854176147761164
18687,0.129966,-0.034708,0.0258333,0.580912308129731
18688,0.129966,-0.034708,0.0275,0.5760376989383463
18689,0.129966,-0.034708,0.0291667,0.5708404416488342
18690,0.129966,-0.034708,0.0308333,0.5648926061810885
18691,0.129966,-0.034708,0.0325,0.5569814397671277
18692,0.129966,-0.034708,0.0341667,0.5453202840655503
18693,0.129966,-0.034708,0.0358333,0.5282413242200009
18694,0.129966,-0.034708,0.0375,0.5062958489149403
18695,0.129966,-0.034708,0.0391667,0.47196114629359737
18720,0.290025,-0.0349018,0.000833333,0.190384763109918
18721,0.290025,-0.0349018,0.0025,0.28949947715408747
18722,0.290025,-0.0349018,0.00416667,0.3099872699962532
18723,0.290025,-0.0349018,0.00583333,0.28629993208759236
18724,0.290025,-0.0349018,0.0075,0.2508624780757178
18725,0.290025,-0.0349018,0.00916667,0.22050257224089248
18726,0.290025,-0.0349018,0.0108333,0.19889212152775182
18727,0.290025,-0.0349018,0.0125,0.18487363523252848
18728,0.290025,-0.0349018,0.0141667,0.16689135806041605
18729,0.290025,-0.0349018,0.0158333,0.1473293543130153
18730,0.290025,-0.0349018,0.0175,0.15231299035476256
18731,0.290025,-0.0349018,0.0191667,0.18764820064658227
18732,0.290025,-0.0349018,0.0208333,0.24087772440748853
18733,0.290025,-0.0349018,0.0225,0.2839420973334705
18734,0.290025,-0.0349018,0.0241667,0.25086546403823484
18735,0.290025,-0.0349018,0.0258333,0.19950751834444738
18736,0.290025,-0.0349018,0.0275,0.16860282407732677
18737,0.290025,-0.0349018,0.0291667,0.16628958785278772
18738,0.290025,-0.0349018,0.0308333,0.1785238706166769
18739,0.290025,-0.0349018,0.0325,0.2108494629172671
18740,0.290025,-0.0349018,0.0341667,0.2584175083996826
18741,0.290025,-0.0349018,0.0358333,0.2976313475240805
18742,0.290025,-0.0349018,0.0375,0.29902164014527444
18743,0.290025,-0.0349018,0.0391667,0.22888611463255015
18744,0.121215,-0.0352833,0.000833333,0.48757600923599653
18745,0.121215,-0.0352833,0.0025,0.532420977340225
18746,0.121215,-0.0352833,0.00416667,0.5547505926964978
18747,0.121215,-0.0352833,0.00583333,0.5722617478442972
18748,0.121215,-0.0352833,0.0075,0.5843426665854035
18749,0.121215,-0.0352833,0.00916667,0.5923544851284744
18750,0.121215,-0.0352833,0.0108333,0.5980802478692973
18751,0.121215,-0.0352833,0.0125,0.6030345068451721
18752,0.121215,-0.0352833,0.0141667,0.607931763337451
18753,0.121215,-0.0352833,0.0158333,0.6128783465804832
18754,0.121215,-0.0352833,0.0175,0.6173032990462745
18755,0.121215,-0.0352833,0.0191667,0.6202728162120144
18756,0.121215,-0.0352833,0.0208333,0.6202987795425685
18757,0.121215,-0.0352833,0.0225,0.6174335180259733
18758,0.121215,-0.0352833,0.0241667,0.6131502202422177
18759,0.121215,-0.0352833,0.0258333,0.6083778118590536
18760,0.121215,-0.0352833,0.0275,0.6036937660387094
18761,0.121215,-0.0352833,0.0291667,0.5990097344156103
18762,0.121215,-0.0352833,0.0308333,0.5936142223849088
18763,0.121215,-0.0352833,0.0325,0.5859760803936795
18764,0.121215,-0.0352833,0.0341667,0.5742555160871683
18765,0.121215,-0.0352833,0.0358333,0.5570203110775581
18766,0.121215,-0.0352833,0.0375,0.5346969255424374
18767,0.121215,-0.0352833,0.0391667,0.48913856364544717
18840,0.133713,-0.0346629,0.000833333,0.4404190449711951
18841,0.133713,-0.0346629,0.0025,0.47116386792181975
18842,0.133713,-0.0346629,0.00416667,0.4923078194588219
18843,0.133713,-0.0346629,0.00583333,0.5086648855103427
18844,0.133713,-0.0346629,0.0075,0.5202593251681896
18845,0.133713,-0.0346629,0.00916667,0.5287783426037133
18846,0.133713,-0.0346629,0.0108333,0.5357204623923749
18847,0.133713,-0.0346629,0.0125,0.5419723751975281
18848,0.133713,-0.0346629,0.0141667,0.5477497467146836
18849,0.133713,-0.0346629,0.0158333,0.5528906418830491
18850,0.133713,-0.0346629,0.0175,0.556961224983488
18851,0.133713,-0.0346629,0.0191667,0.5594357416937846
18852,0.133713,-0.0346629,0.0208333,0.5595780951623168
18853,0.133713,-0.0346629,0.0225,0.5574575438716566
18854,0.133713,-0.0346629,0.0241667,0.5537977819479688
18855,0.133713,-0.0346629,0.0258333,0.5491136579290392
18856,0.133713,-0.0346629,0.0275,0.5438404301438612
18857,0.133713,-0.0346629,0.0291667,0.5381415504851581
18858,0.133713,-0.0346629,0.0308333,0.5317881098161278
18859,0.133713,-0.0346629,0.0325,0.5238483478942163
18860,0.133713,-0.0346629,0.0341667,0.5127170777670761
18861,0.133713,-0.0346629,0.0358333,0.496538199250823
18862,0.133713,-0.0346629,0.0375,0.47521996462847604
18863,0.133713,-0.0346629,0.0391667,0.4438368095325403
18864,0.124686,-0.0351603,0.000833333,0.49175320885935825
18865,0.124686,-0.0351603,0.0025,0.5332191601628077
18866,0.124686,-0.0351603,0.00416667,0.5557282173227216
18867,0.124686,-0.0351603,0.00583333,0.5734335378144009
18868,0.124686,-0.0351603,0.0075,0.5857865503735128
18869,0.124686,-0.0351603,0.00916667,0.5942148729248536
18870,0.124686,-0.0351603,0.0108333,0.600414904807967
18871,0.124686,-0.0351603,0.0125,0.6057485885549301
18872,0.124686,-0.0351603,0.0141667,0.610836257305581
18873,0.124686,-0.0351603,0.0158333,0.6157162445919873
18874,0.124686,-0.0351603,0.0175,0.6198869958781608
18875,0.124686,-0.0351603,0.0191667,0.6225635605036666
18876,0.124686,-0.0351603,0.0208333,0.6226142015075404
18877,0.124686,-0.0351603,0.0225,0.6200957032629606
18878,0.124686,-0.0351603,0.0241667,0.6161258653927865
18879,0.124686,-0.0351603,0.0258333,0.6114850886246123
18880,0.124686,-0.0351603,0.0275,0.6066817882190713
18881,0.124686,-0.0351603,0.0291667,0.6016926569730431
18882,0.124686,-0.0351603,0.0308333,0.5958955886887064
18883,0.124686,-0.0351603,0.0325,0.5878964791169445
18884,0.124686,-0.0351603,0.0341667,0.5759454773101357
18885,0.124686,-0.0351603,0.0358333,0.5585403369731232
18886,0.124686,-0.0351603,0.0375,0.536102745186676
18887,0.124686,-0.0351603,0.0391667,0.49391909709263965
18888,0.128221,-0.0348158,0.000833333,0.48133919948010806
18889,0.128221,-0.0348158,0.0025,0.5166949914217827
18890,0.128221,-0.0348158,0.00416667,0.5391077522318243
18891,0.128221,-0.0348158,0.00583333,0.5566950268184997
18892,0.128221,-0.0348158,0.0075,0.5688979402345219
18893,0.128221,-0.0348158,0.00916667,0.5772774964967043
18894,0.128221,-0.0348158,0.0108333,0.5835585989695075
18895,0.128221,-0.0348158,0.0125,0.5890240849519537
18896,0.128221,-0.0348158,0.0141667,0.5941778481368561
18897,0.128221,-0.0348158,0.0158333,0.5990165432589538
18898,0.128221,-0.0348158,0.0175,0.6030676511200199
18899,0.128221,-0.0348158,0.0191667,0.6056484902335203
18900,0.128221,-0.0348158,0.0208333,0.605746870380452
18901,0.128221,-0.0348158,0.0225,0.6034268922811449
18902,0.128221,-0.0348158,0.0241667,0.5996884656196273
18903,0.128221,-0.0348158,0.0258333,0.5952010357920493
18904,0.128221,-0.0348158,0.0275,0.5904430629262338
18905,0.128221,-0.0348158,0.0291667,0.5854241142049904
18906,0.128221,-0.0348158,0.0308333,0.5796275826405332
18907,0.128221,-0.0348158,0.0325,0.5717550778827543
18908,0.128221,-0.0348158,0.0341667,0.5599893118097367
18909,0.128221,-0.0348158,0.0358333,0.5426625707472094
18910,0.128221,-0.0348158,0.0375,0.5204053821885507
18911,0.128221,-0.0348158,0.0391667,0.4843244457229593
19032,0.126464,-0.0350244,0.000833333,0.49579192087009133
19033,0.126464,-0.0350244,0.0025,0.5339564984804778
19034,0.126464,-0.0350244,0.00416667,0.5563780238740564
19035,0.126464,-0.0350244,0.00583333,0.5740428472876569
19036,0.126464,-0.0350244,0.0075,0.5862536003924922
19037,0.126464,-0.0350244,0.00916667,0.5945275177107279
19038,0.126464,-0.0350244,0.0108333,0.6006798751151897
19039,0.126464,-0.0350244,0.0125,0.6060116192205641
19040,0.126464,-0.0350244,0.0141667,0.6111029452548074
19041,0.126464,-0.0350244,0.0158333,0.615985825760991
19042,0.126464,-0.0350244,0.0175,0.6201532010649885
19043,0.126464,-0.0350244,0.0191667,0.6228429818587028
19044,0.126464,-0.0350244,0.0208333,0.6229032220313651
19045,0.126464,-0.0350244,0.0225,0.6203992052273539
19046,0.126464,-0.0350244,0.0241667,0.6164658995261619
19047,0.126464,-0.0350244,0.0258333,0.6118561699313655
19048,0.126464,-0.0350244,0.0275,0.6070830683362944
19049,0.126464,-0.0350244,0.0291667,0.602139732965115
19050,0.126464,-0.0350244,0.0308333,0.5964144498218331
19051,0.126464,-0.0350244,0.0325,0.5885990059603058
19052,0.126464,-0.0350244,0.0341667,0.5768098090091223
19053,0.126464,-0.0350244,0.0358333,0.5594345561175587
19054,0.126464,-0.0350244,0.0375,0.5371196030693816
19055,0.126464,-0.0350244,0.0391667,0.4982351763675155
21336,0.177148,-0.0352994,0.000833333,0.33357897149193383
21337,0.177148,-0.0352994,0.0025,0.44563543821244017
21338,0.177148,-0.0352994,0.00416667,0.4738294666202384
21339,0.177148,-0.0352994,0.00583333,0.4688271145269207
21340,0.177148,-0.0352994,0.0075,0.454058970877663
21341,0.177148,-0.0352994,0.00916667,0.4385301599866335
21342,0.177148,-0.0352994,0.0108333,0.4241582390675962
21343,0.177148,-0.0352994,0.0125,0.4114868766923193
21344,0.177148,-0.0352994,0.0141667,0.40074439982862203
21345,0.177148,-0.0352994,0.0158333,0.3921310850805283
21346,0.177148,-0.0352994,0.0175,0.38593989036083703
21347,0.177148,-0.0352994,0.0191667,0.382579075122894
21348,0.177148,-0.0352994,0.0208333,0.3826977328980553
21349,0.177148,-0.0352994,0.0225,0.3862478200887617
21350,0.177148,-0.0352994,0.0241667,0.39255815376914044
21351,0.177148,-0.0352994,0.0258333,0.4012244236937439
21352,0.177148,-0.0352994,0.0275,0.411948625876812
21353,0.177148,-0.0352994,0.0291667,0.4245255462837926
21354,0.177148,-0.0352994,0.0308333,0.43872858193697173
21355,0.177148,-0.0352994,0.0325,0.4540428632659772
21356,0.177148,-0.0352994,0.0341667,0.4686286648083987
21357,0.177148,-0.0352994,0.0358333,0.4735762012652346
21358,0.177148,-0.0352994,0.0375,0.4454029131977473
21359,0.177148,-0.0352994,0.0391667,0.33318543821154145
21360,0.234474,-0.03522,0.000833333,0.5563051727831929
21361,0.234474,-0.03522,0.0025,0.7114486217606345
21362,0.234474,-0.03522,0.00416667,0.7658616051221004
21363,0.234474,-0.03522,0.00583333,0.782818553721918
21364,0.234474,-0.03522,0.0075,0.7802301035316513
21365,0.234474,-0.03522,0.00916667,0.7700289491019353
21366,0.234474,-0.03522,0.0108333,0.757702236175939
21367,0.234474,-0.03522,0.0125,0.745696037877259
21368,0.234474,-0.03522,0.0141667,0.7348852097762548
21369,0.234474,-0.03522,0.0158333,0.7258176680914726
21370,0.234474,-0.03522,0.0175,0.7189939606640232
21371,0.234474,-0.03522,0.0191667,0.7152050580092385
21372,0.234474,-0.03522,0.0208333,0.7154293092019576
21373,0.234474,-0.03522,0.0225,0.7195161542833701
21374,0.234474,-0.03522,0.0241667,0.7264759098394445
21375,0.234474,-0.03522,0.0258333,0.7355657756255711
21376,0.234474,-0.03522,0.0275,0.7463229383495384
21377,0.234474,-0.03522,0.0291667,0.7582161561502261
21378,0.234474,-0.03522,0.0308333,0.7703933208521478
21379,0.234474,-0.03522,0.0325,0.7804252808972175
21380,0.234474,-0.03522,0.0341667,0.7828199565522741
21381,0.234474,-0.03522,0.0358333,0.7655808924217695
21382,0.234474,-0.03522,0.0375,0.7107583327303096
21383,0.234474,-0.03522,0.0391667,0.5550080744336923
21624,0.224451,-0.0347648,0.000833333,0.6079888523992927
21625,0.224451,-0.0347648,0.0025,0.7518448502421826
21626,0.224451,-0.0347648,0.00416667,0.8030658177668807
21627,0.224451,-0.0347648,0.00583333,0.8184690055620981
21628,0.224451,-0.0347648,0.0075,0.815643904350159
21629,0.224451,-0.0347648,0.00916667,0.8060402449089317
21630,0.224451,-0.0347648,0.0108333,0.7947028185033399
21631,0.224451,-0.0347648,0.0125,0.7838817417218223
21632,0.224451,-0.0347648,0.0141667,0.774348976781467
21633,0.224451,-0.0347648,0.0158333,0.7665416154169061
21634,0.224451,-0.0347648,0.0175,0.76081639073908
21635,0.224451,-0.0347648,0.0191667,0.7577232563906752
21636,0.224451,-0.0347648,0.0208333,0.7578872402664925
21637,0.224451,-0.0347648,0.0225,0.761231590327629
21638,0.224451,-0.0347648,0.0241667,0.767101845429714
21639,0.224451,-0.0347648,0.0258333,0.774972227622977
21640,0.224451,-0.0347648,0.0275,0.784500784466853
21641,0.224451,-0.0347648,0.0291667,0.7952817374633937
21642,0.224451,-0.0347648,0.0308333,0.8065345609671175
21643,0.224451,-0.0347648,0.0325,0.816040476174794
21644,0.224451,-0.0347648,0.0341667,0.8187669604778701
21645,0.224451,-0.0347648,0.0358333,0.8032390662953702
21646,0.224451,-0.0347648,0.0375,0.7518072385783274
21647,0.224451,-0.0347648,0.0391667,0.6076422322851149
23184,0.238817,-0.0350027,0.000833333,0.5230504896475044
23185,0.238817,-0.0350027,0.0025,0.6899979357684444
23186,0.238817,-0.0350027,0.00416667,0.7487203800270746
23187,0.238817,-0.0350027,0.00583333,0.7677160440016609
23188,0.238817,-0.0350027,0.0075,0.7658174585617533
23189,0.238817,-0.0350027,0.00916667,0.7553723825332533
23190,0.238817,-0.0350027,0.0108333,0.7423514931847963
23191,0.238817,-0.0350027,0.0125,0.7294519907582931
23192,0.238817,-0.0350027,0.0141667,0.7177196849231965
23193,0.238817,-0.0350027,0.0158333,0.7078145677751089
23194,0.238817,-0.0350027,0.0175,0.7003584693320485
23195,0.238817,-0.0350027,0.0191667,0.6962135276825212
23196,0.238817,-0.0350027,0.0208333,0.6964456487215733
23197,0.238817,-0.0350027,0.0225,0.7008916697624524
23198,0.238817,-0.0350027,0.0241667,0.7084697176715935
23199,0.238817,-0.0350027,0.0258333,0.7183705138440017
23200,0.238817,-0.0350027,0.0275,0.7300110431713347
23201,0.238817,-0.0350027,0.0291667,0.7427605758207314
23202,0.238817,-0.0350027,0.0308333,0.7555860034313662
23203,0.238817,-0.0350027,0.0325,0.7658099956504779
23204,0.238817,-0.0350027,0.0341667,0.7674463228197976
23205,0.238817,-0.0350027,0.0358333,0.7480475409184814
23206,0.238817,-0.0350027,0.0375,0.6887142485910052
23207,0.238817,-0.0350027,0.0391667,0.5207319732165581
23568,0.273673,-0.0348876,0.000833333,0.2744335316101879
23569,0.273673,-0.0348876,0.0025,0.4371059332497787
23570,0.273673,-0.0348876,0.00416667,0.4935326902741702
23571,0.273673,-0.0348876,0.00583333,0.4892280260715344
23572,0.273673,-0.0348876,0.0075,0.4547658394976474
23573,0.273673,-0.0348876,0.00916667,0.4034545962103295
23574,0.273673,-0.0348876,0.0108333,0.34122100797355664
23575,0.273673,-0.0348876,0.0125,0.27112552009738955
23576,0.273673,-0.0348876,0.0141667,0.20021903462460805
23577,0.273673,-0.0348876,0.0158333,0.13612158188270515
23578,0.273673,-0.0348876,0.0175,0.11234234730219232
23579,0.273673,-0.0348876,0.0191667,0.12140518971197235
23580,0.273673,-0.0348876,0.0208333,0.1343174716621036
23581,0.273673,-0.0348876,0.0225,0.13768580100028469
23582,0.273673,-0.0348876,0.0241667,0.09138097473982261
23583,0.273673,-0.0348876,0.0258333,0.08427579986407724
23584,0.273673,-0.0348876,0.0275,0.2069378186657045
23585,0.273673,-0.0348876,0.0291667,0.3034503266651232
23586,0.273673,-0.0348876,0.0308333,0.37916585644787426
23587,0.273673,-0.0348876,0.0325,0.43731611760168404
23588,0.273673,-0.0348876,0.0341667,0.4760536444902927
23589,0.273673,-0.0348876,0.0358333,0.4820285870363396
23590,0.273673,-0.0348876,0.0375,0.4238576080053772
23591,0.273673,-0.0348876,0.0391667,0.26931354359112725
23880,0.104269,-0.034965,0.000833333,0.21174093244701175
23881,0.104269,-0.034965,0.0025,0.23164437511141944
23882,0.104269,-0.034965,0.00416667,0.28877475820578574
23883,0.104269,-0.034965,0.00583333,0.3076385740222445
23884,0.104269,-0.034965,0.0075,0.31035457216119755
23885,0.104269,-0.034965,0.00916667,0.30993909367327316
23886,0.104269,-0.034965,0.0108333,0.30833603425984774
23887,0.104269,-0.034965,0.0125,0.30789982119981557
23888,0.104269,-0.034965,0.0141667,0.3096629178992028
23889,0.104269,-0.034965,0.0158333,0.3140313424385432
23890,0.104269,-0.034965,0.0175,0.31990854786754686
23891,0.104269,-0.034965,0.0191667,0.32555894077248887
23892,0.104269,-0.034965,0.0208333,0.3254039930951832
23893,0.104269,-0.034965,0.0225,0.3194938311732761
23894,0.104269,-0.034965,0.0241667,0.31344677916802716
23895,0.104269,-0.034965,0.0258333,0.30901127183743254
23896,0.104269,-0.034965,0.0275,0.3072912088842953
23897,0.104269,-0.034965,0.0291667,0.30785704513337026
23898,0.104269,-0.034965,0.0308333,0.30964512869967775
23899,0.104269,-0.034965,0.0325,0.310267464162519
23900,0.104269,-0.034965,0.0341667,0.30773437570385276
23901,0.104269,-0.034965,0.0358333,0.2889415733832015
23902,0.104269,-0.034965,0.0375,0.23205330514519718
23903,0.104269,-0.034965,0.0391667,0.21022563811909337
24024,0.119487,-0.0353474,0.000833333,0.4755150275985827
24025,0.119487,-0.0353474,0.0025,0.5222130656805191
24026,0.119487,-0.0353474,0.00416667,0.5444468698119037
24027,0.119487,-0.0353474,0.00583333,0.56187010343083
24028,0.119487,-0.0353474,0.0075,0.5739137182610057
24029,0.119487,-0.0353474,0.00916667,0.5818003502482562
24030,0.119487,-0.0353474,0.0108333,0.5873237095394699
24031,0.119487,-0.0353474,0.0125,0.5920829794813457
24032,0.119487,-0.0353474,0.0141667,0.5968644204374035
24033,0.119487,-0.0353474,0.0158333,0.6018104352125531
24034,0.119487,-0.0353474,0.0175,0.6063282822286372
24035,0.119487,-0.0353474,0.0191667,0.6094159162734699
24036,0.119487,-0.0353474,0.0208333,0.6094375982087257
24037,0.119487,-0.0353474,0.0225,0.6064411856962358
24038,0.119487,-0.0353474,0.0241667,0.6020454951776055
24039,0.119487,-0.0353474,0.0258333,0.5972515076554746
24040,0.119487,-0.0353474,0.0275,0.5926592004656457
24041,0.119487,-0.0353474,0.0291667,0.5881402219179921
24042,0.119487,-0.0353474,0.0308333,0.5829166625728657
24043,0.119487,-0.0353474,0.0325,0.5753659492040663
24044,0.119487,-0.0353474,0.0341667,0.5636541210327837
24045,0.119487,-0.0353474,0.0358333,0.5464684931890621
24046,0.119487,-0.0353474,0.0375,0.5241886530527244
24047,0.119487,-0.0353474,0.0391667,0.47676701421465273
24288,0.244143,-0.0353493,0.000833333,0.46681811306463505
24289,0.244143,-0.0353493,0.0025,0.648090096342615
24290,0.244143,-0.0353493,0.00416667,0.7110630027071246
24291,0.244143,-0.0353493,0.00583333,0.730941596555445
24292,0.244143,-0.0353493,0.0075,0.728273546570964
24293,0.244143,-0.0353493,0.00916667,0.7163255531896491
24294,0.244143,-0.0353493,0.0108333,0.7015682457656134
24295,0.244143,-0.0353493,0.0125,0.6868713693016782
24296,0.244143,-0.0353493,0.0141667,0.6733780445376568
24297,0.244143,-0.0353493,0.0158333,0.6618461981206907
24298,0.244143,-0.0353493,0.0175,0.6530792932952938
24299,0.244143,-0.0353493,0.0191667,0.6481433304162999
24300,0.244143,-0.0353493,0.0208333,0.6484334676594089
24301,0.244143,-0.0353493,0.0225,0.6537206531346242
24302,0.244143,-0.0353493,0.0241667,0.6626074368882854
24303,0.244143,-0.0353493,0.0258333,0.6740927134567469
24304,0.244143,-0.0353493,0.0275,0.6874259593386067
24305,0.244143,-0.0353493,0.0291667,0.7018925727560733
24306,0.244143,-0.0353493,0.0308333,0.7163587012522498
24307,0.244143,-0.0353493,0.0325,0.7279656476927576
24308,0.244143,-0.0353493,0.0341667,0.730207935427788
24309,0.244143,-0.0353493,0.0358333,0.7096566175890338
24310,0.244143,-0.0353493,0.0375,0.6456115710370923
24311,0.244143,-0.0353493,0.0391667,0.4623110570916054
24696,0.297261,-0.035258,0.000833333,0.19486809086292195
24697,0.297261,-0.035258,0.0025,0.16016065190039658
24698,0.297261,-0.035258,0.00416667,0.18177210618508
24699,0.297261,-0.035258,0.00583333,0.20292740203826587
24700,0.297261,-0.035258,0.0075,0.21724020959806223
24701,0.297261,-0.035258,0.00916667,0.22760844047389805
24702,0.297261,-0.035258,0.0108333,0.23257560714662232
24703,0.297261,-0.035258,0.0125,0.23058551258786836
24704,0.297261,-0.035258,0.0141667,0.2233078708779375
24705,0.297261,-0.035258,0.0158333,0.21369879229967584
24706,0.297261,-0.035258,0.0175,0.1981412604325762
24707,0.297261,-0.035258,0.0191667,0.17499755799293315
24708,0.297261,-0.035258,0.0208333,0.16144879752803984
24709,0.297261,-0.035258,0.0225,0.15041384248615586
24710,0.297261,-0.035258,0.0241667,0.15397304151133082
24711,0.297261,-0.035258,0.0258333,0.16455950463358232
24712,0.297261,-0.035258,0.0275,0.17902051750623446
24713,0.297261,-0.035258,0.0291667,0.18810526813982784
24714,0.297261,-0.035258,0.0308333,0.20021713710172265
24715,0.297261,-0.035258,0.0325,0.20557142612243073
24716,0.297261,-0.035258,0.0341667,0.2020035699293703
24717,0.297261,-0.035258,0.0358333,0.19158098763836143
24718,0.297261,-0.035258,0.0375,0.1746864518282972
24719,0.297261,-0.035258,0.0391667,0.160830407413306
24888,0.239649,-0.035068,0.000833333,0.52079784451728
24889,0.239649,-0.035068,0.0025,0.6876931462524546
24890,0.239649,-0.035068,0.00416667,0.7462579794511401
24891,0.239649,-0.035068,0.00583333,0.7651308419111323
24892,0.239649,-0.035068,0.0075,0.7631840940656655
24893,0.239649,-0.035068,0.00916667,0.7527173480020655
24894,0.239649,-0.035068,0.0108333,0.73969306507006
24895,0.239649,-0.035068,0.0125,0.7267856811344042
24896,0.239649,-0.035068,0.0141667,0.7150430446433681
24897,0.239649,-0.035068,0.0158333,0.7051204608589996
24898,0.239649,-0.035068,0.0175,0.6976424923923499
24899,0.239649,-0.035068,0.0191667,0.6934840385597812
24900,0.239649,-0.035068,0.0208333,0.6937148105363703
24901,0.239649,-0.035068,0.0225,0.6981728689751058
24902,0.239649,-0.035068,0.0241667,0.7057685898611159
24903,0.239649,-0.035068,0.0258333,0.7156817818712315
24904,0.239649,-0.035068,0.0275,0.727325700943238
24905,0.239649,-0.035068,0.0291667,0.7400781811174625
24906,0.239649,-0.035068,0.0308333,0.7528991484625819
24907,0.239649,-0.035068,0.0325,0.763135932396765
24908,0.239649,-0.035068,0.0341667,0.7648056437978386
24909,0.239649,-0.035068,0.0358333,0.7455103783165453
24910,0.239649,-0.035068,0.0375,0.686308557258923
24911,0.239649,-0.035068,0.0391667,0.5183358938851944
24912,0.155748,-0.0347425,0.000833333,0.23701899675945806
24913,0.155748,-0.0347425,0.0025,0.23516033981464304
24914,0.155748,-0.0347425,0.00416667,0.21933870558812207
24915,0.155748,-0.0347425,0.00583333,0.20717047793833945
24916,0.155748,-0.0347425,0.0075,0.20202571958433907
24917,0.155748,-0.0347425,0.00916667,0.20097091332324685
24918,0.155748,-0.0347425,0.0108333,0.20201315591099506
24919,0.155748,-0.0347425,0.0125,0.20399549531550837
24920,0.155748,-0.0347425,0.0141667,0.20616507914207222
24921,0.155748,-0.0347425,0.0158333,0.20771472091269047
24922,0.155748,-0.0347425,0.0175,0.20889966611270286
24923,0.155748,-0.0347425,0.0191667,0.20941661061237962
24924,0.155748,-0.0347425,0.0208333,0.2094872839228211
24925,0.155748,-0.0347425,0.0225,0.2091036496112108
24926,0.155748,-0.0347425,0.0241667,0.2080376070987945
24927,0.155748,-0.0347425,0.0258333,0.20660951132976454
24928,0.155748,-0.0347425,0.0275,0.204588348202097
24929,0.155748,-0.0347425,0.0291667,0.20270204778001136
24930,0.155748,-0.0347425,0.0308333,0.20169496156307426
24931,0.155748,-0.0347425,0.0325,0.20271148922101087
24932,0.155748,-0.0347425,0.0341667,0.20776258766970054
24933,0.155748,-0.0347425,0.0358333,0.21983625441868757
24934,0.155748,-0.0347425,0.0375,0.23572976229907883
24935,0.155748,-0.0347425,0.0391667,0.23798740506297808
36912,0.191339,-0.0352776,0.000833333,0.4961486970148793
36913,0.191339,-0.0352776,0.0025,0.6261533022263468
36914,0.191339,-0.0352776,0.00416667,0.6654522965102518
36915,0.191339,-0.0352776,0.00583333,0.6686396031386561
36916,0.191339,-0.0352776,0.0075,0.657901194713988
36917,0.191339,-0.0352776,0.00916667,0.6445051372664213
36918,0.191339,-0.0352776,0.0108333,0.6316987463636832
36919,0.191339,-0.0352776,0.0125,0.6205218988469832
36920,0.191339,-0.0352776,0.0141667,0.6111089799222578
36921,0.191339,-0.0352776,0.0158333,0.6036185407239977
36922,0.191339,-0.0352776,0.0175,0.5982521399643
36923,0.191339,-0.0352776,0.0191667,0.595378366953363
36924,0.191339,-0.0352776,0.0208333,0.5955044204082799
36925,0.191339,-0.0352776,0.0225,0.598577225589339
36926,0.191339,-0.0352776,0.0241667,0.6040662838417014
36927,0.191339,-0.0352776,0.0258333,0.6116163951749404
36928,0.191339,-0.0352776,0.0275,0.621026950345801
36929,0.191339,-0.0352776,0.0291667,0.6321393543082147
36930,0.191339,-0.0352776,0.0308333,0.6448264756881199
36931,0.191339,-0.0352776,0.0325,0.6580767236528048
36932,0.191339,-0.0352776,0.0341667,0.6686836158682472
36933,0.191339,-0.0352776,0.0358333,0.6654431997283813
36934,0.191339,-0.0352776,0.0375,0.6261194587035401
36935,0.191339,-0.0352776,0.0391667,0.4960486502253218
38448,0.248572,-0.0352792,0.000833333,0.41071182780395016
38449,0.248572,-0.0352792,0.0025,0.6119565156128436
38450,0.248572,-0.0352792,0.00416667,0.6807268942159405
38451,0.248572,-0.0352792,0.00583333,0.701863656963744
38452,0.248572,-0.0352792,0.0075,0.6985202238727434
38453,0.248572,-0.0352792,0.00916667,0.6849519274349478
38454,0.248572,-0.0352792,0.0108333,0.6681899867200496
38455,0.248572,-0.0352792,0.0125,0.6513710447615111
38456,0.248572,-0.0352792,0.0141667,0.6358288042120879
38457,0.248572,-0.0352792,0.0158333,0.6224690470615901
38458,0.248572,-0.0352792,0.0175,0.6122345822657179
38459,0.248572,-0.0352792,0.0191667,0.606456764610799
38460,0.248572,-0.0352792,0.0208333,0.6067693547446923
38461,0.248572,-0.0352792,0.0225,0.6129391241779967
38462,0.248572,-0.0352792,0.0241667,0.6232740329415156
38463,0.248572,-0.0352792,0.0258333,0.6365440654567535
38464,0.248572,-0.0352792,0.0275,0.6518694818066847
38465,0.248572,-0.0352792,0.0291667,0.6683939227705471
38466,0.248572,-0.0352792,0.0308333,0.6847882975379591
38467,0.248572,-0.0352792,0.0325,0.6979223229453853
38468,0.248572,-0.0352792,0.0341667,0.7006646385843801
38469,0.248572,-0.0352792,0.0358333,0.6785694053104936
38470,0.248572,-0.0352792,0.0375,0.6077637861879492
38471,0.248572,-0.0352792,0.0391667,0.40339892628757695
41640,0.26216,-0.0350029,0.000833333,0.22326012409234658
41641,0.26216,-0.0350029,0.0025,0.5033031819084993
41642,0.26216,-0.0350029,0.00416667,0.586745579852648
41643,0.26216,-0.0350029,0.00583333,0.6040926557445803
41644,0.26216,-0.0350029,0.0075,0.5912717441390379
41645,0.26216,-0.0350029,0.00916667,0.5663544148545592
41646,0.26216,-0.0350029,0.0108333,0.5372706349740045
41647,0.26216,-0.0350029,0.0125,0.5078111096462935
41648,0.26216,-0.0350029,0.0141667,0.47981493863884644
41649,0.26216,-0.0350029,0.0158333,0.45488100778225504
41650,0.26216,-0.0350029,0.0175,0.434808066240968
41651,0.26216,-0.0350029,0.0191667,0.42260071087848394
41652,0.26216,-0.0350029,0.0208333,0.42221714036448604
41653,0.26216,-0.0350029,0.0225,0.4346199259088336
41654,0.26216,-0.0350029,0.0241667,0.4540214308080622
41655,0.26216,-0.0350029,0.0258333,0.478321089590549
41656,0.26216,-0.0350029,0.0275,0.5056920617373778
41657,0.26216,-0.0350029,0.0291667,0.5346990920272168
41658,0.26216,-0.0350029,0.0308333,0.5634936034482735
41659,0.26216,-0.0350029,0.0325,0.5881211614765618
41660,0.26216,-0.0350029,0.0341667,0.6005319980794696
41661,0.26216,-0.0350029,0.0358333,0.5812192220748467
41662,0.26216,-0.0350029,0.0375,0.48952599786165596
41663,0.26216,-0.0350029,0.0391667,0.19395282604339154
41880,0.189711,-0.0347056,0.000833333,0.4912594517256949
41881,0.189711,-0.0347056,0.0025,0.6257734081166432
41882,0.189711,-0.0347056,0.00416667,0.6664361970151252
41883,0.189711,-0.0347056,0.00583333,0.6701736617085223
41884,0.189711,-0.0347056,0.0075,0.659667978720617
41885,0.189711,-0.0347056,0.00916667,0.6462822738338609
41886,0.189711,-0.0347056,0.0108333,0.633419154937837
41887,0.189711,-0.0347056,0.0125,0.622165133229333
41888,0.189711,-0.0347056,0.0141667,0.6127228878667337
41889,0.189711,-0.0347056,0.0158333,0.605266082358842
41890,0.189711,-0.0347056,0.0175,0.5999867632220316
41891,0.189711,-0.0347056,0.0191667,0.5971976768765066
41892,0.189711,-0.0347056,0.0208333,0.5973076644674536
41893,0.189711,-0.0347056,0.0225,0.6002744001609785
41894,0.189711,-0.0347056,0.0241667,0.6056667360367902
41895,0.189711,-0.0347056,0.0258333,0.6131792696581704
41896,0.189711,-0.0347056,0.0275,0.6226210118304218
41897,0.189711,-0.0347056,0.0291667,0.6338143430168103
41898,0.189711,-0.0347056,0.0308333,0.6465593504825372
41899,0.189711,-0.0347056,0.0325,0.659807474609005
41900,0.189711,-0.0347056,0.0341667,0.6701854154180111
41901,0.189711,-0.0347056,0.0358333,0.6664013221367587
41902,0.189711,-0.0347056,0.0375,0.6257169448223898
41903,0.189711,-0.0347056,0.0391667,0.4911095222106675
42000,0.246923,-0.034669,0.000833333,0.446729001483006
42001,0.246923,-0.034669,0.0025,0.6389431657976502
42002,0.246923,-0.034669,0.00416667,0.7057024312685499
42003,0.246923,-0.034669,0.00583333,0.7273066296833268
42004,0.246923,-0.034669,0.0075,0.7254540851447182
42005,0.246923,-0.034669,0.00916667,0.7135262667650645
42006,0.246923,-0.034669,0.0108333,0.6983045085907096
42007,0.246923,-0.034669,0.0125,0.6829202087683462
42008,0.246923,-0.034669,0.0141667,0.6687321866177839
42009,0.246923,-0.034669,0.0158333,0.6566217965091495
42010,0.246923,-0.034669,0.0175,0.6474418582608114
42011,0.246923,-0.034669,0.0191667,0.6423217022257993
42012,0.246923,-0.034669,0.0208333,0.6425727156848355
42013,0.246923,-0.034669,0.0225,0.6480204417528241
42014,0.246923,-0.034669,0.0241667,0.6572969588291071
42015,0.246923,-0.034669,0.0258333,0.6693421250671147
42016,0.246923,-0.034669,0.0275,0.6833537989076953
42017,0.246923,-0.034669,0.0291667,0.6984899251201648
42018,0.246923,-0.034669,0.0308333,0.7133986248163693
42019,0.246923,-0.034669,0.0325,0.7249537721698843
42020,0.246923,-0.034669,0.0341667,0.726298196800125
42021,0.246923,-0.034669,0.0358333,0.703904808149392
42022,0.246923,-0.034669,0.0375,0.6357158825263669
42023,0.246923,-0.034669,0.0391667,0.4408042371688001
42288,0.194242,-0.0347983,0.000833333,0.526444401612572
42289,0.194242,-0.0347983,0.0025,0.6616305231996139
42290,0.194242,-0.0347983,0.00416667,0.7043378779121132
42291,0.194242,-0.0347983,0.00583333,0.7100612266201379
42292,0.194242,-0.0347983,0.0075,0.7010904394496077
42293,0.194242,-0.0347983,0.00916667,0.6885993380617907
42294,0.194242,-0.0347983,0.0108333,0.6762590300090853
42295,0.194242,-0.0347983,0.0125,0.665389918453178
42296,0.194242,-0.0347983,0.0141667,0.6562564520488486
42297,0.194242,-0.0347983,0.0158333,0.6490195026436418
42298,0.194242,-0.0347983,0.0175,0.6438679310349052
42299,0.194242,-0.0347983,0.0191667,0.6411396149989865
42300,0.194242,-0.0347983,0.0208333,0.6412575796399039
42301,0.194242,-0.0347983,0.0225,0.6441754299705175
42302,0.194242,-0.0347983,0.0241667,0.6494479220389784
42303,0.194242,-0.0347983,0.0258333,0.656746255874661
42304,0.194242,-0.0347983,0.0275,0.6658835686075891
42305,0.194242,-0.0347983,0.0291667,0.6766969742926975
42306,0.194242,-0.0347983,0.0308333,0.6889309638172175
42307,0.194242,-0.0347983,0.0325,0.7012883956880053
42308,0.194242,-0.0347983,0.0341667,0.7101428219403096
42309,0.194242,-0.0347983,0.0358333,0.7043700043311841
42310,0.194242,-0.0347983,0.0375,0.6616257544716747
42311,0.194242,-0.0347983,0.0391667,0.5263550706416725
42336,0.251477,-0.0347823,0.000833333,0.3795658028109277
42337,0.251477,-0.0347823,0.0025,0.595258808809375
42338,0.251477,-0.0347823,0.00416667,0.6681083978042953
42339,0.251477,-0.0347823,0.00583333,0.6900760723976612
42340,0.251477,-0.0347823,0.0075,0.6864235524840111
42341,0.251477,-0.0347823,0.00916667,0.671850191532681
42342,0.251477,-0.0347823,0.0108333,0.6537166959282897
42343,0.251477,-0.0347823,0.0125,0.6353869528738768
42344,0.251477,-0.0347823,0.0141667,0.6183823258997431
42345,0.251477,-0.0347823,0.0158333,0.6037457248887564
42346,0.251477,-0.0347823,0.0175,0.5925471835520681
42347,0.251477,-0.0347823,0.0191667,0.5862414626785978
42348,0.251477,-0.0347823,0.0208333,0.5865251634743202
42349,0.251477,-0.0347823,0.0225,0.5932205203903625
42350,0.251477,-0.0347823,0.0241667,0.6044885364146046
42351,0.251477,-0.0347823,0.0258333,0.6190013140528003
42352,0.251477,-0.0347823,0.0275,0.6357515766369974
42353,0.251477,-0.0347823,0.0291667,0.653762482102233
42354,0.251477,-0.0347823,0.0308333,0.6715025389398362
42355,0.251477,-0.0347823,0.0325,0.6856191460368519
42356,0.251477,-0.0347823,0.0341667,0.6885750023278964
42357,0.251477,-0.0347823,0.0358333,0.665455464097024
42358,0.251477,-0.0347823,0.0375,0.5893465156989953
42359,0.251477,-0.0347823,0.0391667,0.3705680802714319
43824,0.110283,-0.0346646,0.000833333,0.3009442298230853
43825,0.110283,-0.0346646,0.0025,0.3698095261328999
43826,0.110283,-0.0346646,0.00416667,0.40560000646411487
43827,0.110283,-0.0346646,0.00583333,0.4271505331358607
43828,0.110283,-0.0346646,0.0075,0.4401554533264356
43829,0.110283,-0.0346646,0.00916667,0.447309562691253
43830,0.110283,-0.0346646,0.0108333,0.4511518718931282
43831,0.110283,-0.0346646,0.0125,0.45413308838100797
43832,0.110283,-0.0346646,0.0141667,0.4576526038948097
43833,0.110283,-0.0346646,0.0158333,0.4621681395405482
43834,0.110283,-0.0346646,0.0175,0.4669484711956594
43835,0.110283,-0.0346646,0.0191667,0.4705957826369968
43836,0.110283,-0.0346646,0.0208333,0.4705902572671542
43837,0.110283,-0.0346646,0.0225,0.46693225293282375
43838,0.110283,-0.0346646,0.0241667,0.4621697590851003
43839,0.110283,-0.0346646,0.0258333,0.4577118112425941
43840,0.110283,-0.0346646,0.0275,0.4543007948150961
43841,0.110283,-0.0346646,0.0291667,0.4514918227272163
43842,0.110283,-0.0346646,0.0308333,0.44788047022102895
43843,0.110283,-0.0346646,0.0325,0.4409917644452785
43844,0.110283,-0.0346646,0.0341667,0.42822380674637883
43845,0.110283,-0.0346646,0.0358333,0.40679335347875345
43846,0.110283,-0.0346646,0.0375,0.37084775871297915
43847,0.110283,-0.0346646,0.0391667,0.3014531733611209
44400,0.297999,-0.035157,0.000833333,0.20413973998949836
44401,0.297999,-0.035157,0.0025,0.16475664574001256
44402,0.297999,-0.035157,0.00416667,0.1783993454286198
44403,0.297999,-0.035157,0.00583333,0.20310399270740595
44404,0.297999,-0.035157,0.0075,0.2268828233600111
44405,0.297999,-0.035157,0.00916667,0.24701939053240335
44406,0.297999,-0.035157,0.0108333,0.26003286843697276
44407,0.297999,-0.035157,0.0125,0.26427822538735574
44408,0.297999,-0.035157,0.0141667,0.25815117762211137
44409,0.297999,-0.035157,0.0158333,0.24045886125730528
44410,0.297999,-0.035157,0.0175,0.21384091567857166
44411,0.297999,-0.035157,0.0191667,0.17776711776506926
44412,0.297999,-0.035157,0.0208333,0.1499737626046636
44413,0.297999,-0.035157,0.0225,0.1294332565883282
44414,0.297999,-0.035157,0.0241667,0.14572213702365197
44415,0.297999,-0.035157,0.0258333,0.17326318569274893
44416,0.297999,-0.035157,0.0275,0.2021462864713819
44417,0.297999,-0.035157,0.0291667,0.22121078849427211
44418,0.297999,-0.035157,0.0308333,0.22656769859061993
44419,0.297999,-0.035157,0.0325,0.22100826313794242
44420,0.297999,-0.035157,0.0341667,0.20589753181755238
44421,0.297999,-0.035157,0.0358333,0.18599714890935828
44422,0.297999,-0.035157,0.0375,0.1713363350493117
44423,0.297999,-0.035157,0.0391667,0.18317544031124916
45480,0.122016,-0.0347399,0.000833333,0.483057457353235
45481,0.122016,-0.0347399,0.0025,0.5240104945468173
45482,0.122016,-0.0347399,0.00416667,0.5447559613905112
45483,0.122016,-0.0347399,0.00583333,0.5611578725100183
45484,0.122016,-0.0347399,0.0075,0.5724843729998226
45485,0.122016,-0.0347399,0.00916667,0.5800253084143572
45486,0.122016,-0.0347399,0.0108333,0.5854579623598606
45487,0.122016,-0.0347399,0.0125,0.5901822241323861
45488,0.122016,-0.0347399,0.0141667,0.5948531345477555
45489,0.122016,-0.0347399,0.0158333,0.5995419698946596
45490,0.122016,-0.0347399,0.0175,0.6037043823323799
45491,0.122016,-0.0347399,0.0191667,0.6064647759404984
45492,0.122016,-0.0347399,0.0208333,0.6065056858109956
45493,0.122016,-0.0347399,0.0225,0.6038817438801822
45494,0.122016,-0.0347399,0.0241667,0.5998913633530407
45495,0.122016,-0.0347399,0.0258333,0.595407028458348
45496,0.122016,-0.0347399,0.0275,0.590979590514571
45497,0.122016,-0.0347399,0.0291667,0.5865535791650921
45498,0.122016,-0.0347399,0.0308333,0.581476841440491
45499,0.122016,-0.0347399,0.0325,0.5743226656976025
45500,0.122016,-0.0347399,0.0341667,0.5633620870149588
45501,0.122016,-0.0347399,0.0358333,0.5472396006346214
45502,0.122016,-0.0347399,0.0375,0.5265069781893028
45503,0.122016,-0.0347399,0.0391667,0.48482490834042974
45528,0.299593,-0.0350438,0.000833333,0.19827340389837966
45529,0.299593,-0.0350438,0.0025,0.20625255138943133
45530,0.299593,-0.0350438,0.00416667,0.20438304312454594
45531,0.299593,-0.0350438,0.00583333,0.22945147753366069
45532,0.299593,-0.0350438,0.0075,0.2599814429555502
45533,0.299593,-0.0350438,0.00916667,0.28614448430520206
45534,0.299593,-0.0350438,0.0108333,0.3024506689464581
45535,0.299593,-0.0350438,0.0125,0.3066848645389107
45536,0.299593,-0.0350438,0.0141667,0.2971719223317251
45537,0.299593,-0.0350438,0.0158333,0.27182087505977975
45538,0.299593,-0.0350438,0.0175,0.22982330610547314
45539,0.299593,-0.0350438,0.0191667,0.17012649728813556
45540,0.299593,-0.0350438,0.0208333,0.11366342540298528
45541,0.299593,-0.0350438,0.0225,0.07361972251095492
45542,0.299593,-0.0350438,0.0241667,0.11945245321938767
45543,0.299593,-0.0350438,0.0258333,0.17825703848992894
45544,0.299593,-0.0350438,0.0275,0.22897730780151032
45545,0.299593,-0.0350438,0.0291667,0.2583421552067972
45546,0.299593,-0.0350438,0.0308333,0.2663731114771159
45547,0.299593,-0.0350438,0.0325,0.2553344883336562
45548,0.299593,-0.0350438,0.0341667,0.2284093002520694
45549,0.299593,-0.0350438,0.0358333,0.1959519189164781
45550,0.299593,-0.0350438,0.0375,0.1789707089408792
45551,0.299593,-0.0350438,0.0391667,0.18651957529902888
45816,0.120247,-0.0347898,0.000833333,0.472893542434289
45817,0.120247,-0.0347898,0.0025,0.5166816822328159
45818,0.120247,-0.0347898,0.00416667,0.5377295251955159
45819,0.120247,-0.0347898,0.00583333,0.5543277418860396
45820,0.120247,-0.0347898,0.0075,0.5657739867640611
45821,0.120247,-0.0347898,0.00916667,0.5732929676648058
45822,0.120247,-0.0347898,0.0108333,0.5786019796562228
45823,0.120247,-0.0347898,0.0125,0.5831952715342777
45824,0.120247,-0.0347898,0.0141667,0.587797441277414
45825,0.120247,-0.0347898,0.0158333,0.5925182055458996
45826,0.120247,-0.0347898,0.0175,0.5967918993447817
45827,0.120247,-0.0347898,0.0191667,0.5996763169155263
45828,0.120247,-0.0347898,0.0208333,0.599714176361621
45829,0.120247,-0.0347898,0.0225,0.5969587355400552
45830,0.120247,-0.0347898,0.0241667,0.5928432406096682
45831,0.120247,-0.0347898,0.0258333,0.5883075044888174
45832,0.120247,-0.0347898,0.0275,0.5839254505905699
45833,0.120247,-0.0347898,0.0291667,0.5796022541453579
45834,0.120247,-0.0347898,0.0308333,0.5746175764807582
45835,0.120247,-0.0347898,0.0325,0.5674557427174739
45836,0.120247,-0.0347898,0.0341667,0.556349883463527
45837,0.120247,-0.0347898,0.0358333,0.5399939626253635
45838,0.120247,-0.0347898,0.0375,0.5189082304437612
45839,0.120247,-0.0347898,0.0391667,0.47437474358714277
46536,0.15987,-0.0347386,0.000833333,0.19063701844715258
46537,0.15987,-0.0347386,0.0025,0.2513766672116567
46538,0.15987,-0.0347386,0.00416667,0.2538437118272777
46539,0.15987,-0.0347386,0.00583333,0.2368132008524018
46540,0.15987,-0.0347386,0.0075,0.21776332312464833
46541,0.15987,-0.0347386,0.00916667,0.19970161767830025
46542,0.15987,-0.0347386,0.0108333,0.1830325826767737
46543,0.15987,-0.0347386,0.0125,0.1682961320261889
46544,0.15987,-0.0347386,0.0141667,0.15618109473669628
46545,0.15987,-0.0347386,0.0158333,0.14698115398029776
46546,0.15987,-0.0347386,0.0175,0.14065432746835804
46547,0.15987,-0.0347386,0.0191667,0.13716179410486587
46548,0.15987,-0.0347386,0.0208333,0.13724266370568033
46549,0.15987,-0.0347386,0.0225,0.14085977661442034
46550,0.15987,-0.0347386,0.0241667,0.14725015533159888
46551,0.15987,-0.0347386,0.0258333,0.15643266428903393
46552,0.15987,-0.0347386,0.0275,0.168436091081794
46553,0.15987,-0.0347386,0.0291667,0.18295568028429618
46554,0.15987,-0.0347386,0.0308333,0.1993099843194264
46555,0.15987,-0.0347386,0.0325,0.21701967113330992
46556,0.15987,-0.0347386,0.0341667,0.23580319463359695
46557,0.15987,-0.0347386,0.0358333,0.25279502297911244
46558,0.15987,-0.0347386,0.0375,0.25052267700637404
46559,0.15987,-0.0347386,0.0391667,0.19005260520195455
47184,0.204925,-0.0349052,0.000833333,0.5844029865856778
47185,0.204925,-0.0349052,0.0025,0.7187183047267476
47186,0.204925,-0.0349052,0.00416667,0.7643610592690147
47187,0.204925,-0.0349052,0.00583333,0.7740578953116686
47188,0.204925,-0.0349052,0.0075,0.7678720462002877
47189,0.204925,-0.0349052,0.00916667,0.7570906147155769
47190,0.204925,-0.0349052,0.0108333,0.7457833584127951
47191,0.204925,-0.0349052,0.0125,0.7355558999946559
47192,0.204925,-0.0349052,0.0141667,0.7268254991847768
47193,0.204925,-0.0349052,0.0158333,0.7198229490821061
47194,0.204925,-0.0349052,0.0175,0.7147695779813303
47195,0.204925,-0.0349052,0.0191667,0.7120617828751448
47196,0.204925,-0.0349052,0.0208333,0.7122011605335382
47197,0.204925,-0.0349052,0.0225,0.7151269509402106
47198,0.204925,-0.0349052,0.0241667,0.7203156311660205
47199,0.204925,-0.0349052,0.0258333,0.7273880686649316
47200,0.204925,-0.0349052,0.0275,0.7361289140444273
47201,0.204925,-0.0349052,0.0291667,0.7463132193998337
47202,0.204925,-0.0349052,0.0308333,0.7575339660409377
47203,0.204925,-0.0349052,0.0325,0.7682034919841342
47204,0.204925,-0.0349052,0.0341667,0.774296610661616
47205,0.204925,-0.0349052,0.0358333,0.7645455503196718
47206,0.204925,-0.0349052,0.0375,0.7188288673056473
47207,0.204925,-0.0349052,0.0391667,0.5843807559085429
47856,0.218525,-0.0351524,0.000833333,0.6125938521399394
47857,0.218525,-0.0351524,0.0025,0.7503276582721454
47858,0.218525,-0.0351524,0.00416667,0.7989365391377528
47859,0.218525,-0.0351524,0.00583333,0.8122394477443766
47860,0.218525,-0.0351524,0.0075,0.808172582657078
47861,0.218525,-0.0351524,0.00916667,0.7981395152413178
47862,0.218525,-0.0351524,0.0108333,0.7868241801399325
47863,0.218525,-0.0351524,0.0125,0.7762400320269791
47864,0.218525,-0.0351524,0.0141667,0.7669921366077795
47865,0.218525,-0.0351524,0.0158333,0.7594457507834613
47866,0.218525,-0.0351524,0.0175,0.7539128076571859
47867,0.218525,-0.0351524,0.0191667,0.7509170654647306
47868,0.218525,-0.0351524,0.0208333,0.7510842299557623
47869,0.218525,-0.0351524,0.0225,0.7543361098312593
47870,0.218525,-0.0351524,0.0241667,0.7600193612020051
47871,0.218525,-0.0351524,0.0258333,0.7676365805975053
47872,0.218525,-0.0351524,0.0275,0.7768906831100618
47873,0.218525,-0.0351524,0.0291667,0.7874369079241766
47874,0.218525,-0.0351524,0.0308333,0.7986676537423734
47875,0.218525,-0.0351524,0.0325,0.8086030223458283
47876,0.218525,-0.0351524,0.0341667,0.8125797522310595
47877,0.218525,-0.0351524,0.0358333,0.799179601327793
47878,0.218525,-0.0351524,0.0375,0.7504150350277359
47879,0.218525,-0.0351524,0.0391667,0.6124626031172026
47880,0.100544,-0.0350206,0.000833333,0.19268049183879513
47881,0.100544,-0.0350206,0.0025,0.2269161861878522
47882,0.100544,-0.0350206,0.00416667,0.23569082471918587
47883,0.100544,-0.0350206,0.00583333,0.21411501766116267
47884,0.100544,-0.0350206,0.0075,0.19472394778752816
47885,0.100544,-0.0350206,0.00916667,0.18196540082460733
47886,0.100544,-0.0350206,0.0108333,0.17528333562943169
47887,0.100544,-0.0350206,0.0125,0.17245560700168608
47888,0.100544,-0.0350206,0.0141667,0.17147690129160253
47889,0.100544,-0.0350206,0.0158333,0.17077263896508715
47890,0.100544,-0.0350206,0.0175,0.1695618664178948
47891,0.100544,-0.0350206,0.0191667,0.16896346333234297
47892,0.100544,-0.0350206,0.0208333,0.16858093735532495
47893,0.100544,-0.0350206,0.0225,0.16849719471433344
47894,0.100544,-0.0350206,0.0241667,0.16913278353760988
47895,0.100544,-0.0350206,0.0258333,0.16938055308676966
47896,0.100544,-0.0350206,0.0275,0.16999829679549733
47897,0.100544,-0.0350206,0.0291667,0.17255470256602687
47898,0.100544,-0.0350206,0.0308333,0.17906011898728316
47899,0.100544,-0.0350206,0.0325,0.19180323325335263
47900,0.100544,-0.0350206,0.0341667,0.21146829519812183
47901,0.100544,-0.0350206,0.0358333,0.23357023754245745
47902,0.100544,-0.0350206,0.0375,0.22550250976332836
47903,0.100544,-0.0350206,0.0391667,0.191812612431404
49032,0.245065,-0.0351066,0.000833333,0.461487993335064
49033,0.245065,-0.0351066,0.0025,0.6438466325065463
49034,0.245065,-0.0351066,0.00416667,0.7071619299747738
49035,0.245065,-0.0351066,0.00583333,0.7271221683847581
49036,0.245065,-0.0351066,0.0075,0.7244523313484967
49037,0.245065,-0.0351066,0.00916667,0.712430296218875
49038,0.245065,-0.0351066,0.0108333,0.6975554434526541
49039,0.245065,-0.0351066,0.0125,0.6827167276205091
49040,0.245065,-0.0351066,0.0141667,0.6690864836482762
49041,0.245065,-0.0351066,0.0158333,0.6574328020074048
49042,0.245065,-0.0351066,0.0175,0.6485782214539376
49043,0.245065,-0.0351066,0.0191667,0.6435996884179626
49044,0.245065,-0.0351066,0.0208333,0.6438863504118572
49045,0.245065,-0.0351066,0.0225,0.6492142281873088
49046,0.245065,-0.0351066,0.0241667,0.6581880939560829
49047,0.245065,-0.0351066,0.0258333,0.6697909710892086
49048,0.245065,-0.0351066,0.0275,0.6832572120640531
49049,0.245065,-0.0351066,0.0291667,0.6978579589634502
49050,0.245065,-0.0351066,0.0308333,0.712432115830027
49051,0.245065,-0.0351066,0.0325,0.7241007470601221
49052,0.245065,-0.0351066,0.0341667,0.7263189020265838
49053,0.245065,-0.0351066,0.0358333,0.7056520649241231
49054,0.245065,-0.0351066,0.0375,0.6411888483824718
49055,0.245065,-0.0351066,0.0391667,0.4567020358924643
49296,0.264,-0.0353348,0.000833333,0.19872941904874072
49297,0.264,-0.0353348,0.0025,0.4686077382764928
49298,0.264,-0.0353348,0.00416667,0.5514996923691345
49299,0.264,-0.0353348,0.00583333,0.5650798947961695
49300,0.264,-0.0353348,0.0075,0.5473406671181487
49301,0.264,-0.0353348,0.00916667,0.5171460550489775
49302,0.264,-0.0353348,0.0108333,0.4823759487190463
49303,0.264,-0.0353348,0.0125,0.4465948411203381
49304,0.264,-0.0353348,0.0141667,0.4116320504883578
49305,0.264,-0.0353348,0.0158333,0.37944938100484493
49306,0.264,-0.0353348,0.0175,0.3536688402393544
49307,0.264,-0.0353348,0.0191667,0.3379013736809751
49308,0.264,-0.0353348,0.0208333,0.33658099057673607
49309,0.264,-0.0353348,0.0225,0.3524746643414814
49310,0.264,-0.0353348,0.0241667,0.37726283413854855
49311,0.264,-0.0353348,0.0258333,0.4085543488951745
49312,0.264,-0.0353348,0.0275,0.4427439757871359
49313,0.264,-0.0353348,0.0291667,0.4780641766968217
49314,0.264,-0.0353348,0.0308333,0.5126419988224725
49315,0.264,-0.0353348,0.0325,0.5426837719823948
49316,0.264,-0.0353348,0.0341667,0.5601371596093943
49317,0.264,-0.0353348,0.0358333,0.5445273872205603
49318,0.264,-0.0353348,0.0375,0.452870210921849
49319,0.264,-0.0353348,0.0391667,0.17370910064524542
51792,0.249539,-0.035104,0.000833333,0.40424178912544956
51793,0.249539,-0.035104,0.0025,0.6071339043873353
51794,0.249539,-0.035104,0.00416667,0.6764245613128397
51795,0.249539,-0.035104,0.00583333,0.697562456832827
51796,0.249539,-0.035104,0.0075,0.6940778762589271
51797,0.249539,-0.035104,0.00916667,0.6802785175750594
51798,0.249539,-0.035104,0.0108333,0.6632494339538199
51799,0.249539,-0.035104,0.0125,0.6461495805692024
51800,0.249539,-0.035104,0.0141667,0.6303482052831549
51801,0.249539,-0.035104,0.0158333,0.6167668217355606
51802,0.249539,-0.035104,0.0175,0.6063710345691328
51803,0.249539,-0.035104,0.0191667,0.6005093520226445
51804,0.249539,-0.035104,0.0208333,0.6008146878475329
51805,0.249539,-0.035104,0.0225,0.607068682770121
51806,0.249539,-0.035104,0.0241667,0.6175584784885944
51807,0.249539,-0.035104,0.0258333,0.6310445337103876
51808,0.249539,-0.035104,0.0275,0.6466212365708198
51809,0.249539,-0.035104,0.0291667,0.6634201924751161
51810,0.249539,-0.035104,0.0308333,0.680074813386441
51811,0.249539,-0.035104,0.0325,0.6934312707471679
51812,0.249539,-0.035104,0.0341667,0.6962853255042047
51813,0.249539,-0.035104,0.0358333,0.6741423543630548
51814,0.249539,-0.035104,0.0375,0.6025638366437216
51815,0.249539,-0.035104,0.0391667,0.39666621469161967
51816,0.105244,-0.034673,0.000833333,0.208701829600653
51817,0.105244,-0.034673,0.0025,0.27724772248557783
51818,0.105244,-0.034673,0.00416667,0.32240193739746664
51819,0.105244,-0.034673,0.00583333,0.3427515093272689
51820,0.105244,-0.034673,0.0075,0.34812062969952656
51821,0.105244,-0.034673,0.00916667,0.34985898103021806
51822,0.105244,-0.034673,0.0108333,0.34985433712643454
51823,0.105244,-0.034673,0.0125,0.35047382640867436
51824,0.105244,-0.034673,0.0141667,0.3527634129582512
51825,0.105244,-0.034673,0.0158333,0.357113602289414
51826,0.105244,-0.034673,0.0175,0.36253029287617833
51827,0.105244,-0.034673,0.0191667,0.36736826584998367
51828,0.105244,-0.034673,0.0208333,0.3672498488974405
51829,0.105244,-0.034673,0.0225,0.36221518070153286
51830,0.105244,-0.034673,0.0241667,0.3566760543376783
51831,0.105244,-0.034673,0.0258333,0.3522831647750373
51832,0.105244,-0.034673,0.0275,0.35002858351757166
51833,0.105244,-0.034673,0.0291667,0.3495304044042887
51834,0.105244,-0.034673,0.0308333,0.34971670368299096
51835,0.105244,-0.034673,0.0325,0.3481876854609999
51836,0.105244,-0.034673,0.0341667,0.34298854822299596
51837,0.105244,-0.034673,0.0358333,0.3227501642514841
51838,0.105244,-0.034673,0.0375,0.2775524516963235
51839,0.105244,-0.034673,0.0391667,0.2070662863221582
51840,0.1923,-0.0350986,0.000833333,0.5027970446544984
51841,0.1923,-0.0350986,0.0025,0.6316941986184711
51842,0.1923,-0.0350986,0.00416667,0.6709727174782764
51843,0.1923,-0.0350986,0.00583333,0.6746932993289517
51844,0.1923,-0.0350986,0.0075,0.6645527961115675
51845,0.1923,-0.0350986,0.00916667,0.6516375378492337
51846,0.1923,-0.0350986,0.0108333,0.6392343950255525
51847,0.1923,-0.0350986,0.0125,0.6283945454647883
51848,0.1923,-0.0350986,0.0141667,0.61926077584347
51849,0.1923,-0.0350986,0.0158333,0.611984692455701
51850,0.1923,-0.0350986,0.0175,0.6067676222216282
51851,0.1923,-0.0350986,0.0191667,0.603974687765025
51852,0.1923,-0.0350986,0.0208333,0.6040993477151048
51853,0.1923,-0.0350986,0.0225,0.6070907259430708
51854,0.1923,-0.0350986,0.0241667,0.612433115493712
51855,0.1923,-0.0350986,0.0258333,0.6197686549695666
51856,0.1923,-0.0350986,0.0275,0.6289029529108876
51857,0.1923,-0.0350986,0.0291667,0.6396783003005259
51858,0.1923,-0.0350986,0.0308333,0.651966257563469
51859,0.1923,-0.0350986,0.0325,0.6647377954746985
51860,0.1923,-0.0350986,0.0341667,0.6747488741696699
51861,0.1923,-0.0350986,0.0358333,0.6709718410027181
51862,0.1923,-0.0350986,0.0375,0.6316645238836415
51863,0.1923,-0.0350986,0.0391667,0.5027016906983787
53016,0.291644,-0.0347498,0.000833333,0.16322065117285253
53017,0.291644,-0.0347498,0.0025,0.26698976222449056
53018,0.291644,-0.0347498,0.00416667,0.2987671049472649
53019,0.291644,-0.0347498,0.00583333,0.2836708403094862
53020,0.291644,-0.0347498,0.0075,0.2528992417178233
53021,0.291644,-0.0347498,0.00916667,0.22331088593843784
53022,0.291644,-0.0347498,0.0108333,0.20016609078435335
53023,0.291644,-0.0347498,0.0125,0.17962718034465164
53024,0.291644,-0.0347498,0.0141667,0.1565299972998786
53025,0.291644,-0.0347498,0.0158333,0.1298075926688805
53026,0.291644,-0.0347498,0.0175,0.13645028003686913
53027,0.291644,-0.0347498,0.0191667,0.1791414867103095
53028,0.291644,-0.0347498,0.0208333,0.23739093264556252
53029,0.291644,-0.0347498,0.0225,0.2782991164055783
53030,0.291644,-0.0347498,0.0241667,0.23636040528872426
53031,0.291644,-0.0347498,0.0258333,0.18047043056614565
53032,0.291644,-0.0347498,0.0275,0.1501241215514682
53033,0.291644,-0.0347498,0.0291667,0.16575928794975564
53034,0.291644,-0.0347498,0.0308333,0.19137889414196121
53035,0.291644,-0.0347498,0.0325,0.2212306262510008
53036,0.291644,-0.0347498,0.0341667,0.2607392956828333
53037,0.291644,-0.0347498,0.0358333,0.29241284793348254
53038,0.291644,-0.0347498,0.0375,0.28704301317346154
53039,0.291644,-0.0347498,0.0391667,0.21348010511513713
53592,0.261186,-0.0348704,0.000833333,0.22121217171947138
53593,0.261186,-0.0348704,0.0025,0.5065900101152114
53594,0.261186,-0.0348704,0.00416667,0.590495184566479
53595,0.261186,-0.0348704,0.00583333,0.6083964555247507
53596,0.261186,-0.0348704,0.0075,0.5959830542942056
53597,0.261186,-0.0348704,0.00916667,0.5713507237309322
53598,0.261186,-0.0348704,0.0108333,0.5424315807980302
53599,0.261186,-0.0348704,0.0125,0.5130349550893779
53600,0.261186,-0.0348704,0.0141667,0.4850084444363418
53601,0.261186,-0.0348704,0.0158333,0.4599791907230696
53602,0.261186,-0.0348704,0.0175,0.4398778478447852
53603,0.261186,-0.0348704,0.0191667,0.4277750574012075
53604,0.261186,-0.0348704,0.0208333,0.42756943221679256
53605,0.261186,-0.0348704,0.0225,0.4400095522481757
53606,0.261186,-0.0348704,0.0241667,0.4595485810839263
53607,0.261186,-0.0348704,0.0258333,0.4839892599597227
53608,0.261186,-0.0348704,0.0275,0.5113997954649571
53609,0.261186,-0.0348704,0.0291667,0.5403204345999325
53610,0.261186,-0.0348704,0.0308333,0.5689076777955805
53611,0.261186,-0.0348704,0.0325,0.5932034804879435
53612,0.261186,-0.0348704,0.0341667,0.6051663235997935
53613,0.261186,-0.0348704,0.0358333,0.5852768351187753
53614,0.261186,-0.0348704,0.0375,0.49306515018800506
53615,0.261186,-0.0348704,0.0391667,0.19209904621785606
54096,0.167298,-0.0352663,0.000833333,0.2229627726075564
54097,0.167298,-0.0352663,0.0025,0.3169112111317774
54098,0.167298,-0.0352663,0.00416667,0.33217376130514886
54099,0.167298,-0.0352663,0.00583333,0.3196658136448907
54100,0.167298,-0.0352663,0.0075,0.3014939980387006
54101,0.167298,-0.0352663,0.00916667,0.2841238111038214
54102,0.167298,-0.0352663,0.0108333,0.2682154596604006
54103,0.167298,-0.0352663,0.0125,0.25389926106983846
54104,0.167298,-0.0352663,0.0141667,0.24152348193171633
54105,0.167298,-0.0352663,0.0158333,0.2312287408371857
54106,0.167298,-0.0352663,0.0175,0.22371159103047142
54107,0.167298,-0.0352663,0.0191667,0.21953442576808424
54108,0.167298,-0.0352663,0.0208333,0.21964532838943018
54109,0.167298,-0.0352663,0.0225,0.22400671315949996
54110,0.167298,-0.0352663,0.0241667,0.23163677353166554
54111,0.167298,-0.0352663,0.0258333,0.24198027547792897
54112,0.167298,-0.0352663,0.0275,0.2543301064270803
54113,0.167298,-0.0352663,0.0291667,0.26852325111163095
54114,0.167298,-0.0352663,0.0308333,0.2842220952653048
54115,0.167298,-0.0352663,0.0325,0.3013458247440804
54116,0.167298,-0.0352663,0.0341667,0.31932907940118765
54117,0.167298,-0.0352663,0.0358333,0.33182327447218046
54118,0.167298,-0.0352663,0.0375,0.3166534650945888
54119,0.167298,-0.0352663,0.0391667,0.2225657799701115
54576,0.159033,-0.0351581,0.000833333,0.177022315352908
54577,0.159033,-0.0351581,0.0025,0.2223392103128236
54578,0.159033,-0.0351581,0.00416667,0.21936568570822557
54579,0.159033,-0.0351581,0.00583333,0.2029516888996985
54580,0.159033,-0.0351581,0.0075,0.18736596371459788
54581,0.159033,-0.0351581,0.00916667,0.17404191837752767
54582,0.159033,-0.0351581,0.0108333,0.16258973582607358
54583,0.159033,-0.0351581,0.0125,0.15306933921033955
54584,0.159033,-0.0351581,0.0141667,0.14578471035647358
54585,0.159033,-0.0351581,0.0158333,0.14058107645661844
54586,0.159033,-0.0351581,0.0175,0.1371248082469485
54587,0.159033,-0.0351581,0.0191667,0.1350842360835638
54588,0.159033,-0.0351581,0.0208333,0.13516036540478846
54589,0.159033,-0.0351581,0.0225,0.13731294180102474
54590,0.159033,-0.0351581,0.0241667,0.14083564830077647
54591,0.159033,-0.0351581,0.0258333,0.14605457627545979
54592,0.159033,-0.0351581,0.0275,0.15328497171518446
54593,0.159033,-0.0351581,0.0291667,0.1626665650635142
54594,0.159033,-0.0351581,0.0308333,0.17389323797870923
54595,0.159033,-0.0351581,0.0325,0.18694693957243588
54596,0.159033,-0.0351581,0.0341667,0.2023206562634918
54597,0.159033,-0.0351581,0.0358333,0.21868891157562148
54598,0.159033,-0.0351581,0.0375,0.2218110802693364
54599,0.159033,-0.0351581,0.0391667,0.17661194178227133
55008,0.25245,-0.0346637,0.000833333,0.37393508879299636
55009,0.25245,-0.0346637,0.0025,0.5908442923262863
55010,0.25245,-0.0346637,0.00416667,0.6641182091301118
55011,0.25245,-0.0346637,0.00583333,0.6859420343248299
55012,0.25245,-0.0346637,0.0075,0.6820155281269262
55013,0.25245,-0.0346637,0.00916667,0.6671247341048974
55014,0.25245,-0.0346637,0.0108333,0.6486648432800486
55015,0.25245,-0.0346637,0.0125,0.6300122183992942
55016,0.25245,-0.0346637,0.0141667,0.6127182683244181
55017,0.25245,-0.0346637,0.0158333,0.5978348664861879
55018,0.25245,-0.0346637,0.0175,0.5864590081967254
55019,0.25245,-0.0346637,0.0191667,0.5800564912386025
55020,0.25245,-0.0346637,0.0208333,0.5803279872805277
55021,0.25245,-0.0346637,0.0225,0.5871145913365315
55022,0.25245,-0.0346637,0.0241667,0.5985495425428495
55023,0.25245,-0.0346637,0.0258333,0.6132991391483951
55024,0.25245,-0.0346637,0.0275,0.6303310155290756
55025,0.25245,-0.0346637,0.0291667,0.6486606971640019
55026,0.25245,-0.0346637,0.0308333,0.6667258067026741
55027,0.25245,-0.0346637,0.0325,0.6811595849940911
55028,0.25245,-0.0346637,0.0341667,0.6843751104580437
55029,0.25245,-0.0346637,0.0358333,0.6613511474949292
55030,0.25245,-0.0346637,0.0375,0.5844905694090833
55031,0.25245,-0.0346637,0.0391667,0.364793706083274
55032,0.195217,-0.0346749,0.000833333,0.5320492520904384
55033,0.195217,-0.0346749,0.0025,0.665938576076079
55034,0.195217,-0.0346749,0.00416667,0.7084405522568573
55035,0.195217,-0.0346749,0.00583333,0.7145427687911761
55036,0.195217,-0.0346749,0.0075,0.7060184578797997
55037,0.195217,-0.0346749,0.00916667,0.6938893891616894
55038,0.195217,-0.0346749,0.0108333,0.6818627946068878
55039,0.195217,-0.0346749,0.0125,0.6712536907881864
55040,0.195217,-0.0346749,0.0141667,0.6623312550476131
55041,0.195217,-0.0346749,0.0158333,0.6552562853585528
55042,0.195217,-0.0346749,0.0175,0.6502174898232693
55043,0.195217,-0.0346749,0.0191667,0.6475503192434969
55044,0.195217,-0.0346749,0.0208333,0.6476679741456856
55045,0.195217,-0.0346749,0.0225,0.650525223601481
55046,0.195217,-0.0346749,0.0241667,0.6556856487014819
55047,0.195217,-0.0346749,0.0258333,0.6628218123524505
55048,0.195217,-0.0346749,0.0275,0.6717499907725459
55049,0.195217,-0.0346749,0.0291667,0.6823053478366138
55050,0.195217,-0.0346749,0.0308333,0.6942277438565
55051,0.195217,-0.0346749,0.0325,0.7062252967188315
55052,0.195217,-0.0346749,0.0341667,0.7146333800457564
55053,0.195217,-0.0346749,0.0358333,0.7084795057056392
55054,0.195217,-0.0346749,0.0375,0.6659365643680367
55055,0.195217,-0.0346749,0.0391667,0.531962451348456
55104,0.145188,-0.0353357,0.000833333,0.3387993465831361
55105,0.145188,-0.0353357,0.0025,0.3507233076688944
55106,0.145188,-0.0353357,0.00416667,0.36845556086601544
55107,0.145188,-0.0353357,0.00583333,0.3863710141677944
55108,0.145188,-0.0353357,0.0075,0.4006661904384747
55109,0.145188,-0.0353357,0.00916667,0.41252856801068033
55110,0.145188,-0.0353357,0.0108333,0.4235239030076934
55111,0.145188,-0.0353357,0.0125,0.4340224115446155
55112,0.145188,-0.0353357,0.0141667,0.44365946532877176
55113,0.145188,-0.0353357,0.0158333,0.45184908633378956
55114,0.145188,-0.0353357,0.0175,0.4579282202630892
55115,0.145188,-0.0353357,0.0191667,0.46139437341723244
55116,0.145188,-0.0353357,0.0208333,0.46145682859186954
55117,0.145188,-0.0353357,0.0225,0.45815676118733517
55118,0.145188,-0.0353357,0.0241667,0.45229599924526703
55119,0.145188,-0.0353357,0.0258333,0.4443891014570515
55120,0.145188,-0.0353357,0.0275,0.43509595073897617
55121,0.145188,-0.0353357,0.0291667,0.42500565684716674
55122,0.145188,-0.0353357,0.0308333,0.41442515714330436
55123,0.145188,-0.0353357,0.0325,0.4029477980944554
55124,0.145188,-0.0353357,0.0341667,0.3890321213330334
55125,0.145188,-0.0353357,0.0358333,0.3713531499183627
55126,0.145188,-0.0353357,0.0375,0.3536435948250159
55127,0.145188,-0.0353357,0.0391667,0.3415269009691769
55632,0.236297,-0.0351716,0.000833333,0.5418256946590941
55633,0.236297,-0.0351716,0.0025,0.7028368655604105
55634,0.236297,-0.0351716,0.00416667,0.7593290738778757
55635,0.236297,-0.0351716,0.00583333,0.777245379606467
55636,0.236297,-0.0351716,0.0075,0.7749261140823673
55637,0.236297,-0.0351716,0.00916667,0.7645662061123709
55638,0.236297,-0.0351716,0.0108333,0.7518843057699438
55639,0.236297,-0.0351716,0.0125,0.7394511404398779
55640,0.236297,-0.0351716,0.0141667,0.7281987410156128
55641,0.236297,-0.0351716,0.0158333,0.7187292375184837
55642,0.236297,-0.0351716,0.0175,0.711580905961735
55643,0.236297,-0.0351716,0.0191667,0.7076021333088979
55644,0.236297,-0.0351716,0.0208333,0.7078341767424622
55645,0.236297,-0.0351716,0.0225,0.7121175017648791
55646,0.236297,-0.0351716,0.0241667,0.719394624865938
55647,0.236297,-0.0351716,0.0258333,0.7288742238280655
55648,0.236297,-0.0351716,0.0275,0.7400548507278869
55649,0.236297,-0.0351716,0.0291667,0.7523599011944911
55650,0.236297,-0.0351716,0.0308333,0.7648741258027525
55651,0.236297,-0.0351716,0.0325,0.7750436271791085
55652,0.236297,-0.0351716,0.0341667,0.7771440689279034
55653,0.236297,-0.0351716,0.0358333,0.7589003951456386
55654,0.236297,-0.0351716,0.0375,0.7019167073214913
55655,0.236297,-0.0351716,0.0391667,0.5401246923981106
55704,0.179025,-0.035182,0.000833333,0.3694684364550335
55705,0.179025,-0.035182,0.0025,0.4933523383875601
55706,0.179025,-0.035182,0.00416667,0.5253771879894605
55707,0.179025,-0.035182,0.00583333,0.5222123633058039
55708,0.179025,-0.035182,0.0075,0.5074349627444404
55709,0.179025,-0.035182,0.00916667,0.4913990404480161
55710,0.179025,-0.035182,0.0108333,0.4764746054030373
55711,0.179025,-0.035182,0.0125,0.46336425610479753
55712,0.179025,-0.035182,0.0141667,0.4523198633121252
55713,0.179025,-0.035182,0.0158333,0.44353995258321477
55714,0.179025,-0.035182,0.0175,0.4372879372831339
55715,0.179025,-0.035182,0.0191667,0.4339219289355095
55716,0.179025,-0.035182,0.0208333,0.43403962719587574
55717,0.179025,-0.035182,0.0225,0.4375919094253499
55718,0.179025,-0.035182,0.0241667,0.4439603454557928
55719,0.179025,-0.035182,0.0258333,0.45279136232048467
55720,0.179025,-0.035182,0.0275,0.4638207161814251
55721,0.179025,-0.035182,0.0291667,0.4768448325016209
55722,0.179025,-0.035182,0.0308333,0.4916096509644513
55723,0.179025,-0.035182,0.0325,0.5074431875882979
55724,0.179025,-0.035182,0.0341667,0.5220495761629096
55725,0.179025,-0.035182,0.0358333,0.5251701780906948
55726,0.179025,-0.035182,0.0375,0.493161515707524
55727,0.179025,-0.035182,0.0391667,0.3691125915529963
55824,0.284533,-0.035079,0.000833333,0.23920720102628681
55825,0.284533,-0.035079,0.0025,0.340271847308369
55826,0.284533,-0.035079,0.00416667,0.350018620041563
55827,0.284533,-0.035079,0.00583333,0.3080175206718767
55828,0.284533,-0.035079,0.0075,0.24837993709865133
55829,0.284533,-0.035079,0.00916667,0.1928572258090943
55830,0.284533,-0.035079,0.0108333,0.1473626184648471
55831,0.284533,-0.035079,0.0125,0.10274612612984492
55832,0.284533,-0.035079,0.0141667,0.1012223197130455
55833,0.284533,-0.035079,0.0158333,0.14512510566514672
55834,0.284533,-0.035079,0.0175,0.17075628845919555
55835,0.284533,-0.035079,0.0191667,0.19386678029466525
55836,0.284533,-0.035079,0.0208333,0.230341362244995
55837,0.284533,-0.035079,0.0225,0.2750861485274204
55838,0.284533,-0.035079,0.0241667,0.26744267063368926
55839,0.284533,-0.035079,0.0258333,0.21228220868111414
55840,0.284533,-0.035079,0.0275,0.14555339906250903
55841,0.284533,-0.035079,0.0291667,0.06067605269181574
55842,0.284533,-0.035079,0.0308333,0.12825695615961732
55843,0.284533,-0.035079,0.0325,0.21615768668351815
55844,0.284533,-0.035079,0.0341667,0.2901704761268796
55845,0.284533,-0.035079,0.0358333,0.3415988529683904
55846,0.284533,-0.035079,0.0375,0.34604505308052014
55847,0.284533,-0.035079,0.0391667,0.2723399240407657
56592,0.277831,-0.035171,0.000833333,0.28141066560899924
56593,0.277831,-0.035171,0.0025,0.40935511858121426
56594,0.277831,-0.035171,0.00416667,0.44404377908974246
56595,0.277831,-0.035171,0.00583333,0.42102013508198155
56596,0.277831,-0.035171,0.0075,0.3663520747212577
56597,0.277831,-0.035171,0.00916667,0.29385807904859446
56598,0.277831,-0.035171,0.0108333,0.21880933286608228
56599,0.277831,-0.035171,0.0125,0.15942215345719332
56600,0.277831,-0.035171,0.0141667,0.12416226000093587
56601,0.277831,-0.035171,0.0158333,0.11115357316092003
56602,0.277831,-0.035171,0.0175,0.1146381971716779
56603,0.277831,-0.035171,0.0191667,0.14633955029838686
56604,0.277831,-0.035171,0.0208333,0.1779192472817081
56605,0.277831,-0.035171,0.0225,0.2121559635134589
56606,0.277831,-0.035171,0.0241667,0.20571989817849803
56607,0.277831,-0.035171,0.0258333,0.15305128310702296
56608,0.277831,-0.035171,0.0275,0.10322937528809326
56609,0.277831,-0.035171,0.0291667,0.14086656787389265
56610,0.277831,-0.035171,0.0308333,0.24132635077537637
56611,0.277831,-0.035171,0.0325,0.3357798083565181
56612,0.277831,-0.035171,0.0341667,0.4028228459477938
56613,0.277831,-0.035171,0.0358333,0.43243168452295444
56614,0.277831,-0.035171,0.0375,0.4023468713707738
56615,0.277831,-0.035171,0.0391667,0.2866333346651956
57960,0.24259,-0.0350073,0.000833333,0.4917288739612247
57961,0.24259,-0.0350073,0.0025,0.6667148093828893
57962,0.24259,-0.0350073,0.00416667,0.7281015775589366
57963,0.24259,-0.0350073,0.00583333,0.7479478237448088
57964,0.24259,-0.0350073,0.0075,0.7459423225812573
57965,0.24259,-0.0350073,0.00916667,0.7348391030662971
57966,0.24259,-0.0350073,0.0108333,0.7209270233776937
57967,0.24259,-0.0350073,0.0125,0.7070423427152819
57968,0.24259,-0.0350073,0.0141667,0.6943297732279863
57969,0.24259,-0.0350073,0.0158333,0.6835245528182361
57970,0.24259,-0.0350073,0.0175,0.6753957526981419
57971,0.24259,-0.0350073,0.0191667,0.6708607032331843
57972,0.24259,-0.0350073,0.0208333,0.6711117027372502
57973,0.24259,-0.0350073,0.0225,0.6759658903923033
57974,0.24259,-0.0350073,0.0241667,0.6842153874566956
57975,0.24259,-0.0350073,0.0258333,0.6949900026086152
57976,0.24259,-0.0350073,0.0275,0.7075703535728232
57977,0.24259,-0.0350073,0.0291667,0.7212567192761343
57978,0.24259,-0.0350073,0.0308333,0.7349174331251982
57979,0.24259,-0.0350073,0.0325,0.7457275860009096
57980,0.24259,-0.0350073,0.0341667,0.7473667134630229
57981,0.24259,-0.0350073,0.0358333,0.7269521579299197
57982,0.24259,-0.0350073,0.0375,0.6646882760106221
57983,0.24259,-0.0350073,0.0391667,0.4880966379905325
58344,0.295927,-0.0349608,0.000833333,0.16985270378636896
58345,0.295927,-0.0349608,0.0025,0.18010744558193592
58346,0.295927,-0.0349608,0.00416667,0.21293043983143883
58347,0.295927,-0.0349608,0.00583333,0.2238844462147605
58348,0.295927,-0.0349608,0.0075,0.2208612284431335
58349,0.295927,-0.0349608,0.00916667,0.21368588702813293
58350,0.295927,-0.0349608,0.0108333,0.20460109366455007
58351,0.295927,-0.0349608,0.0125,0.19268643709586825
58352,0.295927,-0.0349608,0.0141667,0.17879718469839956
58353,0.295927,-0.0349608,0.0158333,0.16798719593754755
58354,0.295927,-0.0349608,0.0175,0.16124528034180843
58355,0.295927,-0.0349608,0.0191667,0.16447211710367476
58356,0.295927,-0.0349608,0.0208333,0.18871452694766241
58357,0.295927,-0.0349608,0.0225,0.20249215921551753
58358,0.295927,-0.0349608,0.0241667,0.17558293158015703
58359,0.295927,-0.0349608,0.0258333,0.1483795133483393
58360,0.295927,-0.0349608,0.0275,0.14179935649593053
58361,0.295927,-0.0349608,0.0291667,0.1540816417231138
58362,0.295927,-0.0349608,0.0308333,0.17896614932551044
58363,0.295927,-0.0349608,0.0325,0.20149033659121224
58364,0.295927,-0.0349608,0.0341667,0.21684840043717177
58365,0.295927,-0.0349608,0.0358333,0.22000616315114904
58366,0.295927,-0.0349608,0.0375,0.19445800245446315
58367,0.295927,-0.0349608,0.0391667,0.13152148534049485
59664,0.265394,-0.0350417,0.000833333,0.21479153776871657
59665,0.265394,-0.0350417,0.0025,0.46860443717383854
59666,0.265394,-0.0350417,0.00416667,0.5499519936211159
59667,0.265394,-0.0350417,0.00583333,0.5628644210072705
59668,0.265394,-0.0350417,0.0075,0.545078881067768
59669,0.265394,-0.0350417,0.00916667,0.5150234320040691
59670,0.265394,-0.0350417,0.0108333,0.4805151451836768
59671,0.265394,-0.0350417,0.0125,0.44498442613072425
59672,0.265394,-0.0350417,0.0141667,0.41020714922029333
59673,0.265394,-0.0350417,0.0158333,0.37804364227196047
59674,0.265394,-0.0350417,0.0175,0.35170118492976393
59675,0.265394,-0.0350417,0.0191667,0.33476990682152125
59676,0.265394,-0.0350417,0.0208333,0.3325742915712808
59677,0.265394,-0.0350417,0.0225,0.3492476841991798
59678,0.265394,-0.0350417,0.0241667,0.37436683416217575
59679,0.265394,-0.0350417,0.0258333,0.4057256811409034
59680,0.265394,-0.0350417,0.0275,0.439803322278368
59681,0.265394,-0.0350417,0.0291667,0.47501286462869613
59682,0.265394,-0.0350417,0.0308333,0.5094874392401642
59683,0.265394,-0.0350417,0.0325,0.5395552803289483
59684,0.265394,-0.0350417,0.0341667,0.5571513434445349
59685,0.265394,-0.0350417,0.0358333,0.5423522400952447
59686,0.265394,-0.0350417,0.0375,0.4526739229255977
59687,0.265394,-0.0350417,0.0391667,0.19323929590018693
59904,0.237134,-0.0351063,0.000833333,0.5387725457495143
59905,0.237134,-0.0351063,0.0025,0.700288320278641
59906,0.237134,-0.0351063,0.00416667,0.7569895067237129
59907,0.237134,-0.0351063,0.00583333,0.7750568340691278
59908,0.237134,-0.0351063,0.0075,0.7728644381925084
59909,0.237134,-0.0351063,0.00916667,0.7625578936977564
59910,0.237134,-0.0351063,0.0108333,0.7498835526007939
59911,0.237134,-0.0351063,0.0125,0.7374213031595507
59912,0.237134,-0.0351063,0.0141667,0.7261332714033525
59913,0.237134,-0.0351063,0.0158333,0.7166308895593794
59914,0.237134,-0.0351063,0.0175,0.7094640376986736
59915,0.237134,-0.0351063,0.0191667,0.7054812513527322
59916,0.237134,-0.0351063,0.0208333,0.7057100398361147
59917,0.237134,-0.0351063,0.0225,0.7099940304417272
59918,0.237134,-0.0351063,0.0241667,0.7172865160273652
59919,0.237134,-0.0351063,0.0258333,0.7267959626560129
59920,0.237134,-0.0351063,0.0275,0.7380092637948654
59921,0.237134,-0.0351063,0.0291667,0.7503394362876112
59922,0.237134,-0.0351063,0.0308333,0.7628411369383946
59923,0.237134,-0.0351063,0.0325,0.772950293070384
59924,0.237134,-0.0351063,0.0341667,0.7749139306745856
59925,0.237134,-0.0351063,0.0358333,0.756502745936571
59926,0.237134,-0.0351063,0.0375,0.6992887926482223
59927,0.237134,-0.0351063,0.0391667,0.5369583857575962
59952,0.179902,-0.0350983,0.000833333,0.37784876578542387
59953,0.179902,-0.0350983,0.0025,0.5004991950532033
59954,0.179902,-0.0350983,0.00416667,0.533153667798679
59955,0.179902,-0.0350983,0.00583333,0.5307403459111064
59956,0.179902,-0.0350983,0.0075,0.5167284557075122
59957,0.179902,-0.0350983,0.00916667,0.5013919687955904
59958,0.179902,-0.0350983,0.0108333,0.4870932545350183
59959,0.179902,-0.0350983,0.0125,0.47453601292754377
59960,0.179902,-0.0350983,0.0141667,0.46396597056417016
59961,0.179902,-0.0350983,0.0158333,0.45556309612710166
59962,0.179902,-0.0350983,0.0175,0.44957786594761495
59963,0.179902,-0.0350983,0.0191667,0.4463599024526598
59964,0.179902,-0.0350983,0.0208333,0.44647670533932843
59965,0.179902,-0.0350983,0.0225,0.44987868031825307
59966,0.179902,-0.0350983,0.0241667,0.455980537714721
59967,0.179902,-0.0350983,0.0258333,0.4644369424361853
59968,0.179902,-0.0350983,0.0275,0.47499557105295037
59969,0.179902,-0.0350983,0.0291667,0.4874705261876045
59970,0.179902,-0.0350983,0.0308333,0.5016147353907942
59971,0.179902,-0.0350983,0.0325,0.5167511573096676
59972,0.179902,-0.0350983,0.0341667,0.5305920974512248
59973,0.179902,-0.0350983,0.0358333,0.5329596600320217
59974,0.179902,-0.0350983,0.0375,0.5003161177225491
59975,0.179902,-0.0350983,0.0391667,0.3775106450334696
60432,0.225987,-0.0347097,0.000833333,0.601842599745495
60433,0.225987,-0.0347097,0.0025,0.746739343696045
60434,0.225987,-0.0347097,0.00416667,0.7982273560848883
60435,0.225987,-0.0347097,0.00583333,0.8139187290140592
60436,0.225987,-0.0347097,0.0075,0.811314581948058
60437,0.225987,-0.0347097,0.00916667,0.80180488306224
60438,0.225987,-0.0347097,0.0108333,0.7904812183889453
60439,0.225987,-0.0347097,0.0125,0.7796069803633647
60440,0.225987,-0.0347097,0.0141667,0.7699780752395827
60441,0.225987,-0.0347097,0.0158333,0.7620508776306004
60442,0.225987,-0.0347097,0.0175,0.7562090125459083
60443,0.225987,-0.0347097,0.0191667,0.7530371617380622
60444,0.225987,-0.0347097,0.0208333,0.753208774958982
60445,0.225987,-0.0347097,0.0225,0.7566393279651026
60446,0.225987,-0.0347097,0.0241667,0.7626259536032736
60447,0.225987,-0.0347097,0.0258333,0.7706129703764341
60448,0.225987,-0.0347097,0.0275,0.7802335197807521
60449,0.225987,-0.0347097,0.0291667,0.7910614124838541
60450,0.225987,-0.0347097,0.0308333,0.8022932505321053
60451,0.225987,-0.0347097,0.0325,0.8116978999790162
60452,0.225987,-0.0347097,0.0341667,0.8141931168145843
60453,0.225987,-0.0347097,0.0358333,0.7983580450083864
60454,0.225987,-0.0347097,0.0375,0.7466387456232767
60455,0.225987,-0.0347097,0.0391667,0.6014136998261368
61464,0.203935,-0.0349235,0.000833333,0.5804740988227209
61465,0.203935,-0.0349235,0.0025,0.7158841179275107
61466,0.203935,-0.0349235,0.00416667,0.7618776046842695
61467,0.203935,-0.0349235,0.00583333,0.7713412046558542
61468,0.203935,-0.0349235,0.0075,0.7647879229390017
61469,0.203935,-0.0349235,0.00916667,0.7536936399573319
61470,0.203935,-0.0349235,0.0108333,0.7421357105045815
61471,0.203935,-0.0349235,0.0125,0.731721264627599
61472,0.203935,-0.0349235,0.0141667,0.7228475267284956
61473,0.203935,-0.0349235,0.0158333,0.7157381318076269
61474,0.203935,-0.0349235,0.0175,0.7106096080538066
61475,0.203935,-0.0349235,0.0191667,0.7078590977213289
61476,0.203935,-0.0349235,0.0208333,0.7079998364494265
61477,0.203935,-0.0349235,0.0225,0.7109698934595575
61478,0.203935,-0.0349235,0.0241667,0.7162360647127669
61479,0.203935,-0.0349235,0.0258333,0.7234155841514375
61480,0.203935,-0.0349235,0.0275,0.7322978728049365
61481,0.203935,-0.0349235,0.0291667,0.7426682241975107
61482,0.203935,-0.0349235,0.0308333,0.754136651988944
61483,0.203935,-0.0349235,0.0325,0.7651179687364793
61484,0.203935,-0.0349235,0.0341667,0.7715775174986894
61485,0.203935,-0.0349235,0.0358333,0.7620628495848357
61486,0.203935,-0.0349235,0.0375,0.7159982286210281
61487,0.203935,-0.0349235,0.0391667,0.580453012939523
62328,0.276955,-0.0350286,0.000833333,0.27560386809297505
62329,0.276955,-0.0350286,0.0025,0.4083519777412373
62330,0.276955,-0.0350286,0.00416667,0.4461939349587128
62331,0.276955,-0.0350286,0.00583333,0.4255315901859696
62332,0.276955,-0.0350286,0.0075,0.37327562393766084
62333,0.276955,-0.0350286,0.00916667,0.3035815222138693
62334,0.276955,-0.0350286,0.0108333,0.23094025898855317
62335,0.276955,-0.0350286,0.0125,0.1728336330398343
62336,0.276955,-0.0350286,0.0141667,0.13606036735184862
62337,0.276955,-0.0350286,0.0158333,0.12022200848182334
62338,0.276955,-0.0350286,0.0175,0.12174333031673645
62339,0.276955,-0.0350286,0.0191667,0.1452343445172749
62340,0.276955,-0.0350286,0.0208333,0.1732731367511251
62341,0.276955,-0.0350286,0.0225,0.20533191141955723
62342,0.276955,-0.0350286,0.0241667,0.19657178411718934
62343,0.276955,-0.0350286,0.0258333,0.14037457166210696
62344,0.276955,-0.0350286,0.0275,0.0944848847541108
62345,0.276955,-0.0350286,0.0291667,0.15911843839181555
62346,0.276955,-0.0350286,0.0308333,0.25771065151306805
62347,0.276955,-0.0350286,0.0325,0.3459082520975179
62348,0.276955,-0.0350286,0.0341667,0.40816464653191115
62349,0.276955,-0.0350286,0.0358333,0.4341706502910578
62350,0.276955,-0.0350286,0.0375,0.3998846839705792
62351,0.276955,-0.0350286,0.0391667,0.2786064235986134
62544,0.279355,-0.0347394,0.000833333,0.28881815852700465
62545,0.279355,-0.0347394,0.0025,0.4109318234164154
62546,0.279355,-0.0347394,0.00416667,0.44141904764543183
62547,0.279355,-0.0347394,0.00583333,0.41497757369218163
62548,0.279355,-0.0347394,0.0075,0.35650529365961736
62549,0.279355,-0.0347394,0.00916667,0.28249476818408514
62550,0.279355,-0.0347394,0.0108333,0.21217522765096777
62551,0.279355,-0.0347394,0.0125,0.15848247913712732
62552,0.279355,-0.0347394,0.0141667,0.1185797356162089
62553,0.279355,-0.0347394,0.0158333,0.0878669180273782
62554,0.279355,-0.0347394,0.0175,0.10460073844772799
62555,0.279355,-0.0347394,0.0191667,0.14944428187093678
62556,0.279355,-0.0347394,0.0208333,0.18644407919387088
62557,0.279355,-0.0347394,0.0225,0.22486956253937526
62558,0.279355,-0.0347394,0.0241667,0.21899863354856805
62559,0.279355,-0.0347394,0.0258333,0.16858322026729114
62560,0.279355,-0.0347394,0.0275,0.10577389992364089
62561,0.279355,-0.0347394,0.0291667,0.12921167118604263
62562,0.279355,-0.0347394,0.0308333,0.22216635504659565
62563,0.279355,-0.0347394,0.0325,0.32018240122545777
62564,0.279355,-0.0347394,0.0341667,0.3945215590596412
62565,0.279355,-0.0347394,0.0358333,0.43007524796152824
62566,0.279355,-0.0347394,0.0375,0.40651051506657243
62567,0.279355,-0.0347394,0.0391667,0.29904435685819253
62760,0.243494,-0.034682,0.000833333,0.48678968294740343
62761,0.243494,-0.034682,0.0025,0.6629754947838827
62762,0.243494,-0.034682,0.00416667,0.7247933270783768
62763,0.243494,-0.034682,0.00583333,0.7448184648173349
62764,0.243494,-0.034682,0.0075,0.7428984194210297
62765,0.243494,-0.034682,0.00916667,0.7317877250217276
62766,0.243494,-0.034682,0.0108333,0.7178050849135984
62767,0.243494,-0.034682,0.0125,0.7038144684115184
62768,0.243494,-0.034682,0.0141667,0.6909920127511752
62769,0.243494,-0.034682,0.0158333,0.6800888794898594
62770,0.243494,-0.034682,0.0175,0.6718899258706867
62771,0.243494,-0.034682,0.0191667,0.6673235181759314
62772,0.243494,-0.034682,0.0208333,0.6675704145527157
62773,0.243494,-0.034682,0.0225,0.6724525680780015
62774,0.243494,-0.034682,0.0241667,0.6807708687780509
62775,0.243494,-0.034682,0.0258333,0.6916402093880016
62776,0.243494,-0.034682,0.0275,0.7043254028476599
62777,0.243494,-0.034682,0.0291667,0.7181118076361385
62778,0.243494,-0.034682,0.0308333,0.7318332960493275
62779,0.243494,-0.034682,0.0325,0.742639257356955
62780,0.243494,-0.034682,0.0341667,0.7441685765325835
62781,0.243494,-0.034682,0.0358333,0.7235435137062218
62782,0.243494,-0.034682,0.0375,0.6607914115164937
62783,0.243494,-0.034682,0.0391667,0.4829006385755898
62952,0.241091,-0.0347962,0.000833333,0.5111215234675327
62953,0.241091,-0.0347962,0.0025,0.6811922843467915
62954,0.241091,-0.0347962,0.00416667,0.7413815832177734
62955,0.241091,-0.0347962,0.00583333,0.7611229258648583
62956,0.241091,-0.0347962,0.0075,0.759502052069639
62957,0.241091,-0.0347962,0.00916667,0.7489758557584374
62958,0.241091,-0.0347962,0.0108333,0.7356751095092249
62959,0.241091,-0.0347962,0.0125,0.7223997537407802
62960,0.241091,-0.0347962,0.0141667,0.7102752137358356
62961,0.241091,-0.0347962,0.0158333,0.7000099896034073
62962,0.241091,-0.0347962,0.0175,0.6923618989301454
62963,0.241091,-0.0347962,0.0191667,0.6881154707344403
62964,0.241091,-0.0347962,0.0208333,0.6883439228456659
62965,0.241091,-0.0347962,0.0225,0.6928851443070604
62966,0.241091,-0.0347962,0.0241667,0.7006581629011518
62967,0.241091,-0.0347962,0.0258333,0.7109057962286569
62968,0.241091,-0.0347962,0.0275,0.7229198555696255
62969,0.241091,-0.0347962,0.0291667,0.7360246757258836
62970,0.241091,-0.0347962,0.0308333,0.7491046966803305
62971,0.241091,-0.0347962,0.0325,0.759376505882546
62972,0.241091,-0.0347962,0.0341667,0.7606842299841148
62973,0.241091,-0.0347962,0.0358333,0.7404612656820205
62974,0.241091,-0.0347962,0.0375,0.6795366365512974
62975,0.241091,-0.0347962,0.0391667,0.5081778900348422
63960,0.185115,-0.0349194,0.000833333,0.4476616117656953
63961,0.185115,-0.0349194,0.0025,0.5835892011658479
63962,0.185115,-0.0349194,0.00416667,0.6218780046068721
63963,0.185115,-0.0349194,0.00583333,0.6236098922857249
63964,0.185115,-0.0349194,0.0075,0.6117186277638457
63965,0.185115,-0.0349194,0.00916667,0.5970896200843647
63966,0.185115,-0.0349194,0.0108333,0.5830031211404699
63967,0.185115,-0.0349194,0.0125,0.5706490882758763
63968,0.185115,-0.0349194,0.0141667,0.5602800980938898
63969,0.185115,-0.0349194,0.0158333,0.5520927381524696
63970,0.185115,-0.0349194,0.0175,0.5463088735318364
63971,0.185115,-0.0349194,0.0191667,0.543249151849232
63972,0.185115,-0.0349194,0.0208333,0.5433601330193254
63973,0.185115,-0.0349194,0.0225,0.5465979345968434
63974,0.185115,-0.0349194,0.0241667,0.5524945258267985
63975,0.185115,-0.0349194,0.0258333,0.5607363143574938
63976,0.185115,-0.0349194,0.0275,0.5710983617843446
63977,0.185115,-0.0349194,0.0291667,0.5833833694386916
63978,0.185115,-0.0349194,0.0308333,0.597335134851217
63979,0.185115,-0.0349194,0.0325,0.6117940417917577
63980,0.185115,-0.0349194,0.0341667,0.6235443176184884
63981,0.185115,-0.0349194,0.0358333,0.6217735891185769
63982,0.185115,-0.0349194,0.0375,0.5834920659615946
63983,0.185115,-0.0349194,0.0391667,0.44744543649076335
64176,0.1818,-0.0348403,0.000833333,0.41317980607635224
64177,0.1818,-0.0348403,0.0025,0.5448565869158156
64178,0.1818,-0.0348403,0.00416667,0.5810470222648878
64179,0.1818,-0.0348403,0.00583333,0.581089475018883
64180,0.1818,-0.0348403,0.0075,0.5681882282401478
64181,0.1818,-0.0348403,0.00916667,0.5530991161376503
64182,0.1818,-0.0348403,0.0108333,0.5387674350178304
64183,0.1818,-0.0348403,0.0125,0.5261838261945208
64184,0.1818,-0.0348403,0.0141667,0.5156185018506768
64185,0.1818,-0.0348403,0.0158333,0.507261351798353
64186,0.1818,-0.0348403,0.0175,0.5013536917970592
64187,0.1818,-0.0348403,0.0191667,0.4982123155748327
64188,0.1818,-0.0348403,0.0208333,0.4983223165401156
64189,0.1818,-0.0348403,0.0225,0.5016374117306626
64190,0.1818,-0.0348403,0.0241667,0.5076548453677828
64191,0.1818,-0.0348403,0.0258333,0.5160624601784733
64192,0.1818,-0.0348403,0.0275,0.5266179078927666
64193,0.1818,-0.0348403,0.0291667,0.5391264497132711
64194,0.1818,-0.0348403,0.0308333,0.5533161369429357
64195,0.1818,-0.0348403,0.0325,0.5682217538371831
64196,0.1818,-0.0348403,0.0341667,0.5809692734719278
64197,0.1818,-0.0348403,0.0358333,0.5808885925748137
64198,0.1818,-0.0348403,0.0375,0.5447105313534659
64199,0.1818,-0.0348403,0.0391667,0.41288544423911694
64464,0.282995,-0.0351334,0.000833333,0.25531183913310795
64465,0.282995,-0.0351334,0.0025,0.35820434155968855
64466,0.282995,-0.0351334,0.00416667,0.3699291154725456
64467,0.282995,-0.0351334,0.00583333,0.32799951399000576
64468,0.282995,-0.0351334,0.0075,0.26460498997004955
64469,0.282995,-0.0351334,0.00916667,0.2030146454325155
64470,0.282995,-0.0351334,0.0108333,0.15286005263612856
64471,0.282995,-0.0351334,0.0125,0.10445997385510873
64472,0.282995,-0.0351334,0.0141667,0.05052320543087107
64473,0.282995,-0.0351334,0.0158333,0.10606597684021961
64474,0.282995,-0.0351334,0.0175,0.15322899286574326
64475,0.282995,-0.0351334,0.0191667,0.18738896900137958
64476,0.282995,-0.0351334,0.0208333,0.2237972850373525
64477,0.282995,-0.0351334,0.0225,0.2666646392267449
64478,0.282995,-0.0351334,0.0241667,0.2639721279730116
64479,0.282995,-0.0351334,0.0258333,0.20768181797027876
64480,0.282995,-0.0351334,0.0275,0.11915849980763268
64481,0.282995,-0.0351334,0.0291667,0.05563081697728337
64482,0.282995,-0.0351334,0.0308333,0.1420960396459085
64483,0.282995,-0.0351334,0.0325,0.2296332946935614
64484,0.282995,-0.0351334,0.0341667,0.3066986151225988
64485,0.282995,-0.0351334,0.0358333,0.35892429337396486
64486,0.282995,-0.0351334,0.0375,0.36068602897452234
64487,0.282995,-0.0351334,0.0391667,0.2817339283079871
66312,0.18611,-0.0346813,0.000833333,0.45514095213861167
66313,0.18611,-0.0346813,0.0025,0.5894997963423517
66314,0.18611,-0.0346813,0.00416667,0.6278925953816704
66315,0.18611,-0.0346813,0.00583333,0.6303119484619423
66316,0.18611,-0.0346813,0.0075,0.6191859769566989
66317,0.18611,-0.0346813,0.00916667,0.6052223725117513
66318,0.18611,-0.0346813,0.0108333,0.5917215913622634
66319,0.18611,-0.0346813,0.0125,0.5798840759651614
66320,0.18611,-0.0346813,0.0141667,0.5699476372927805
66321,0.18611,-0.0346813,0.0158333,0.5621097726338111
66322,0.18611,-0.0346813,0.0175,0.5565785300754202
66323,0.18611,-0.0346813,0.0191667,0.5536620918458407
66324,0.18611,-0.0346813,0.0208333,0.5537702450371375
66325,0.18611,-0.0346813,0.0225,0.5568615434946699
66326,0.18611,-0.0346813,0.0241667,0.5625047699493
66327,0.18611,-0.0346813,0.0258333,0.5703985649255885
66328,0.18611,-0.0346813,0.0275,0.5803298505338886
66329,0.18611,-0.0346813,0.0291667,0.5921023358158793
66330,0.18611,-0.0346813,0.0308333,0.6054726011917904
66331,0.18611,-0.0346813,0.0325,0.61927483331911
66332,0.18611,-0.0346813,0.0341667,0.6302611433293924
66333,0.18611,-0.0346813,0.0358333,0.6277976730048722
66334,0.18611,-0.0346813,0.0375,0.589406766959434
66335,0.18611,-0.0346813,0.0391667,0.4549363380122588
73272,0.21983,-0.0347772,0.000833333,0.6149309616163184
73273,0.21983,-0.0347772,0.0025,0.756463201418196
73274,0.21983,-0.0347772,0.00416667,0.8068498419773409
73275,0.21983,-0.0347772,0.00583333,0.8214509912143085
73276,0.21983,-0.0347772,0.0075,0.8182377345617532
73277,0.21983,-0.0347772,0.00916667,0.8086068732651327
73278,0.21983,-0.0347772,0.0108333,0.7974544568102062
73279,0.21983,-0.0347772,0.0125,0.7869036967409326
73280,0.21983,-0.0347772,0.0141667,0.7776771666832583
73281,0.21983,-0.0347772,0.0158333,0.770162016163081
73282,0.21983,-0.0347772,0.0175,0.7646862178600887
73283,0.21983,-0.0347772,0.0191667,0.7617459225524448
73284,0.21983,-0.0347772,0.0208333,0.7618986860311635
73285,0.21983,-0.0347772,0.0225,0.765081424820289
73286,0.21983,-0.0347772,0.0241667,0.7707010475029855
73287,0.21983,-0.0347772,0.0258333,0.778285790419247
73288,0.21983,-0.0347772,0.0275,0.7875205084344297
73289,0.21983,-0.0347772,0.0291667,0.7980395452887673
73290,0.21983,-0.0347772,0.0308333,0.8091166919503715
73291,0.21983,-0.0347772,0.0325,0.8186612229294774
73292,0.21983,-0.0347772,0.0341667,0.8217944405404372
73293,0.21983,-0.0347772,0.0358333,0.8071038058110059
73294,0.21983,-0.0347772,0.0375,0.7565507978398337
73295,0.21983,-0.0347772,0.0391667,0.6147605787901824
