cell,x,y,z,|U|
12,0.145304,-0.0379707,0.0208333,0.6297470792514027
36,0.145208,-0.0371009,0.0208333,0.5695327674826
60,0.185426,-0.0332282,0.0208333,0.5975254928095721
84,0.296693,0.00331288,0.0208333,0.9913233485916108
108,0.277042,-0.0333881,0.0208333,0.14195646575623105
132,0.228235,-0.0382527,0.0208333,0.6316023496895122
156,0.128807,0.0307335,0.0208333,0.31065333894934866
180,0.208602,-0.0352868,0.0208333,0.7225551530711517
204,0.158079,-0.0347657,0.0208333,0.16730018866943078
228,0.266256,-0.0326058,0.0208333,0.45381487206572413
252,0.163555,-0.0355416,0.0208333,0.11251833557732936
276,0.150256,0.000464203,0.0208333,0.8698515911973537
300,0.242513,-0.0395007,0.0208333,0.4200959278224783
324,0.202914,-0.03055,0.0208333,0.8366296200649178
348,0.277863,-0.0375449,0.0208333,0.20318052178470025
372,0.110891,-0.0276906,0.0208333,0.29957515920401406
396,0.15093,0.00334498,0.0208333,0.6826888221403641
420,0.237547,-0.0166334,0.0208333,0.7875837083782796
444,0.228846,-0.0378651,0.0208333,0.6312511468782295
468,0.180302,-0.0166059,0.0208333,0.8986209500516421
492,0.213819,-0.0298638,0.0208333,0.8654842657560506
516,0.103508,-0.0379953,0.0208333,0.18550713033476993
540,0.230376,-0.0116481,0.0208333,0.7248843780775389
564,0.10357,-0.0372795,0.0208333,0.21159089462477876
588,0.220627,-0.0341082,0.0208333,0.7776454999285672
612,0.173033,-0.0117028,0.0208333,0.9014053854005287
636,0.164208,-0.0362611,0.0208333,0.08883694081772289
660,0.111698,-0.035808,0.0208333,0.5162231560384962
684,0.159337,-0.0375491,0.0208333,0.1934739770452453
708,0.293403,0.0029454,0.0208333,0.8936250815845921
732,0.167153,-0.0383052,0.0208333,0.03708697633679645
756,0.299779,-0.00430972,0.0208333,1.1581782012936783
780,0.285456,-0.0354217,0.0208333,0.23284343057814624
804,0.257525,-0.0378092,0.0208333,0.32527259418039955
828,0.273112,-0.0390968,0.0208333,0.11770273026851517
852,0.393445,-3.43071e-05,0.0208333,1.212846648337578
876,0.162058,0.0158209,0.0208333,0.12087470825747627
900,0.00657236,8.21203e-05,0.0208333,1.1615300037956129
924,0.227686,-0.0129659,0.0208333,0.7308558839527647
948,0.288125,0.00542793,0.0208333,0.6634752374000318
972,0.296701,-0.0375621,0.0208333,0.17559428977791391
996,0.170214,-0.0127943,0.0208333,0.9151648924210788
1020,0.267275,-0.0317902,0.0208333,0.45506859382262815
1044,0.178374,-0.0394614,0.0208333,0.2498233228615617
1068,0.211161,-0.0325784,0.0208333,0.8144040308977166
1092,0.286303,-0.0347367,0.0208333,0.23366180751213922
1116,0.289195,-0.0353526,0.0208333,0.24093070035271552
1140,0.130596,0.0334678,0.0208333,0.32020135797833355
1164,0.153258,-0.0372522,0.0208333,0.393108384020913
1188,0.29973,-0.00725692,0.0208333,1.1877392788975198
1212,0.100607,-0.00746075,0.0208333,1.192443655332368
1236,0.207693,-0.0355151,0.0208333,0.7190871896056027
1260,0.29243,0.0269648,0.0208333,0.1423400433815432
1284,0.182891,-0.0348843,0.0208333,0.5050244777672334
1308,0.290327,0.0290931,0.0208333,0.14383710334246308
1332,0.224157,0.0311805,0.0208333,0.5185915702958057
1356,0.107761,-0.0358856,0.0208333,0.41968072291890285
1380,0.153524,-0.0363368,0.0208333,0.3399312390052368
1404,0.264291,-0.0311274,0.0208333,0.5458380766475096
1428,0.118637,-0.0394789,0.0208333,0.6891643920868501
1452,0.132268,-0.0278647,0.0208333,0.11013076673552945
1476,0.166495,-0.0379355,0.0208333,0.040562604710328944
1500,0.181224,-0.0319515,0.0208333,0.602975547127748
1524,0.238456,-0.0319689,0.0208333,0.7786252936742339
1548,0.223123,-0.0394567,0.0208333,0.5430495515017465
1572,0.129908,-0.0376427,0.0208333,0.771809661441273
1596,0.0991255,0.000870588,0.0208333,1.2157901047497366
1620,0.277332,-0.0381505,0.0208333,0.19049637397165228
1644,0.210274,-0.0278717,0.0208333,0.896866141680179
1668,0.130692,-0.0375732,0.0208333,0.7698450907965778
1692,0.201605,-0.0299571,0.0208333,0.8342574759417947
1716,0.191401,-0.0375319,0.0208333,0.5042404938527969
1740,0.109507,0.0290987,0.0208333,0.21124812416523395
1764,0.191628,-0.0368587,0.0208333,0.5465920482612787
1788,0.254791,-0.0182872,0.0208333,0.7585484898530325
1812,0.197569,-0.0182529,0.0208333,0.8814427017835702
1836,0.10743,0.0269694,0.0208333,0.19213293234179715
1860,0.257456,-0.0369852,0.0208333,0.40507582905120365
1884,0.223519,-0.0348568,0.0208333,0.7580349788086695
1908,0.147529,-0.0366256,0.0208333,0.5101759495283976
1932,0.133823,-0.0270229,0.0208333,0.15809358197897883
1956,0.290755,0.0234336,0.0208333,0.13906266022584352
1980,0.285927,0.0139769,0.0208333,0.3515978720268086
2004,0.222322,0.0337467,0.0208333,0.5356048885764011
2028,0.247648,-0.037889,0.0208333,0.5011927301008191
2052,0.120881,-0.0301759,0.0208333,0.2572924852714249
2076,0.138599,-0.0358064,0.0208333,0.592361238240238
2100,0.188238,-0.0284356,0.0208333,0.7994025078091592
2124,0.159936,-0.0381257,0.0208333,0.18659277901358373
2148,0.114928,-0.0358919,0.0208333,0.5824677206927471
2172,0.195457,-0.0378456,0.0208333,0.5419708935040021
2196,0.138654,-0.0367325,0.0208333,0.6644166763764454
2220,0.256222,-0.0207909,0.0208333,0.7587410740587565
2244,0.199002,-0.0207595,0.0208333,0.8935930309513587
2268,0.286368,-0.0230134,0.0208333,0.23132151406810392
2292,0.124304,-0.0312678,0.0208333,0.31760650331816714
2316,0.141717,-0.0353047,0.0208333,0.5290624263242504
2340,0.15838,-0.0376692,0.0208333,0.22468599411723464
2364,0.17895,-0.019445,0.0208333,0.9145274109105669
2388,0.236198,-0.0194721,0.0208333,0.8319335992071328
2412,0.229573,-0.0350335,0.0208333,0.7323295396104732
2436,0.292851,0.0210238,0.0208333,0.16348704100037897
2460,0.255153,-0.03821,0.0208333,0.37197578055397723
2484,0.276448,-0.0342135,0.0208333,0.15877662016241562
2508,0.177628,-0.0390305,0.0208333,0.2439644233108299
2532,0.126179,-0.0366706,0.0208333,0.7315851617755431
2556,0.229033,-0.032901,0.0208333,0.7934417825068532
2580,0.171798,-0.0329697,0.0208333,0.4001963389772473
2604,0.146801,-0.0370693,0.0208333,0.5372339569470068
2628,0.269193,-0.0336271,0.0208333,0.29380955707131107
2652,0.235112,0.0316164,0.0208333,0.5064862449371913
2676,0.247401,-0.032654,0.0208333,0.691539538521934
2700,0.109207,0.0233701,0.0208333,0.21783666722575057
2724,0.263776,0.030356,0.0208333,0.3333558098147522
2748,0.114572,-0.0339734,0.0208333,0.5088341876257492
2772,0.207255,-0.0330505,0.0208333,0.7798558693883897
2796,0.255567,-0.0344958,0.0208333,0.5492666255681374
2820,0.198339,-0.0344906,0.0208333,0.6845055184578558
2844,0.289603,-0.019327,0.0208333,0.29384434321691477
2868,0.161684,-0.0350667,0.0208333,0.14133858917118
2892,0.292569,-0.0381106,0.0208333,0.24753257805438136
2916,0.288451,-0.037577,0.0208333,0.25808918692353233
2940,0.203897,-0.0364614,0.0208333,0.6603374140341973
2964,0.136084,0.030576,0.0208333,0.314561476308425
2988,0.11545,-0.0366929,0.0208333,0.6307243997221387
3012,0.160954,-0.037809,0.0208333,0.14904110061797585
3036,0.290265,-0.0336563,0.0208333,0.24245976984213277
3060,0.283809,-0.0365603,0.0208333,0.2434416864488085
3084,0.247601,-0.0256535,0.0208333,0.7942699903650029
3108,0.190438,-0.0257246,0.0208333,0.8800941010947319
3132,0.131439,-0.0306755,0.0208333,0.2340306935622806
3156,0.256226,-0.0334434,0.0208333,0.5658398038567153
3180,0.246225,-0.0236405,0.0208333,0.8107326608048729
3204,0.125448,-0.0367568,0.0208333,0.7310382825661902
3228,0.198987,-0.0334518,0.0208333,0.7243175408878616
3252,0.189019,-0.0236542,0.0208333,0.8926335993999104
3276,0.107185,0.0210191,0.0208333,0.2125563886063028
3300,0.115383,-0.0349897,0.0208333,0.5514460847985285
3324,0.121029,-0.0381812,0.0208333,0.7398068158522199
3348,0.212138,-0.0318659,0.0208333,0.8229745630322284
3372,0.288505,-0.0219,0.0208333,0.22178982590382726
3396,0.260432,0.030432,0.0208333,0.35706481830608117
3420,0.109075,0.0173301,0.0208333,0.17921703176062703
3444,0.141911,-0.0230909,0.0208333,0.5019714170111402
3468,0.166957,0.0249445,0.0208333,0.27400285504149696
3492,0.123085,-0.0309741,0.0208333,0.3110389563100217
3516,0.206216,-0.0364987,0.0208333,0.6673076068508835
3540,0.107562,-0.0368356,0.0208333,0.4007656753596051
3564,0.10714,0.0149963,0.0208333,0.14494762929365249
3588,0.268336,-0.034521,0.0208333,0.2869159747648081
3612,0.171814,-0.0354414,0.0208333,0.2877465138249484
3636,0.117308,0.0328993,0.0208333,0.27481561792035053
3660,0.101222,-0.00466687,0.0208333,1.2369274448696619
3684,0.281294,-0.0352249,0.0208333,0.21331220813539947
3708,0.2879,-0.0381328,0.0208333,0.2555974989849861
3732,0.172719,-0.0339166,0.0208333,0.392952757101556
3756,0.229947,-0.0339277,0.0208333,0.7666405482781501
3780,0.166333,-0.0337991,0.0208333,0.27929834896172046
3804,0.288253,-0.0347046,0.0208333,0.2389468090857043
3828,0.23372,0.0341371,0.0208333,0.5431216522650404
3852,0.293399,-0.0344964,0.0208333,0.22530225724774708
3876,0.392157,-0.00281492,0.0208333,1.1009738975417067
3900,0.282656,0.0329027,0.0208333,0.2248255577316191
3924,0.180181,-0.0316036,0.0208333,0.5994817397242806
3948,0.206843,-0.0369549,0.0208333,0.6677321058574476
3972,0.237433,-0.0316223,0.0208333,0.7819087237082902
3996,0.291318,-0.0336066,0.0208333,0.23880692152626146
4020,0.246406,-0.0328008,0.0208333,0.6962734474910562
4044,0.160025,0.018476,0.0208333,0.1638845852732773
4068,0.255885,-0.0377767,0.0208333,0.36428542225533633
4092,0.159059,-0.0182896,0.0208333,0.9162324354697495
4116,0.249964,-0.02909,0.0208333,0.7495786410813027
4140,0.192891,-0.0291247,0.0208333,0.7977658157537579
4164,0.151819,-0.0340289,0.0208333,0.2559963894995337
4188,0.120386,-0.0376805,0.0208333,0.7321983540728807
4212,0.221458,-0.0355916,0.0208333,0.731692683814283
4236,0.287862,0.0114887,0.0208333,0.44392179824955064
4260,0.157449,-0.0354259,0.0208333,0.18608156309280147
4284,0.241772,-0.0391811,0.0208333,0.42962661971360694
4308,0.258281,-0.0382689,0.0208333,0.2938963164031315
4332,0.291861,-0.0376313,0.0208333,0.25257976219368805
4356,0.255458,-0.0321977,0.0208333,0.6205348211164644
4380,0.134331,-0.0250293,0.0208333,0.25393134781399795
4404,0.198221,-0.0322037,0.0208333,0.7541172551421956
4428,0.200904,-0.0363926,0.0208333,0.6428372142662881
4452,0.157775,-0.0368967,0.0208333,0.21607362958951656
4476,0.116918,-0.0366467,0.0208333,0.6548484442912483
4500,0.0980835,-0.00219865,0.0208333,1.2169372924100577
4524,0.282,-0.0333818,0.0208333,0.20012849303315106
4548,0.221565,-0.0344917,0.0208333,0.7739771855667277
4572,0.115228,-0.0328425,0.0208333,0.4482549802163782
4596,0.240847,-0.0297966,0.0208333,0.8022465059338569
4620,0.183527,-0.0298564,0.0208333,0.7150946109211477
4644,0.258084,-0.0363447,0.0208333,0.41386591183790966
4668,0.116299,-0.0369904,0.0208333,0.6438706422587785
4692,0.216884,-0.0345375,0.0208333,0.7626666304624689
4716,0.139521,0.0305133,0.0208333,0.3125813573481375
4740,0.240766,-0.0162478,0.0208333,0.7805953075206258
4764,0.206641,-0.0316503,0.0208333,0.8204769106975556
4788,0.153852,-0.0379246,0.0208333,0.3961887171176226
4812,0.231049,-0.0360576,0.0208333,0.703896232712389
4836,0.108963,0.0114098,0.0208333,0.6380493913672031
4860,0.218268,-0.032876,0.0208333,0.8040280324100355
4884,0.161009,-0.0331288,0.0208333,0.24650556185126793
4908,0.297249,-0.00277518,0.0208333,1.1146286743184206
4932,0.183524,-0.0162169,0.0208333,0.8981316839418491
4956,0.284345,-0.0269933,0.0208333,0.11384634793742836
4980,0.2718,-0.02323,0.0208333,0.6565447296186144
5004,0.141087,-0.0358979,0.0208333,0.5616935797933391
5028,0.109236,-0.0346491,0.0208333,0.455273937580795
5052,0.170161,-0.0377651,0.0208333,0.14665893311284656
5076,0.268787,-0.0322394,0.0208333,0.4205190956773426
5100,0.229454,-0.0315255,0.0208333,0.8235165626516525
5124,0.172191,-0.0315101,0.0208333,0.5101232515247466
5148,0.195513,-0.030597,0.0208333,0.7845689672276281
5172,0.143527,-0.035244,0.0208333,0.49103424176173505
5196,0.195979,-0.0318761,0.0208333,0.7514356722352175
5220,0.252712,-0.0305974,0.0208333,0.6986425202690508
5244,0.170903,-0.0352852,0.0208333,0.2858666367715834
5268,0.247566,-0.0210648,0.0208333,0.7940798516118707
5292,0.119693,-0.0296851,0.0208333,0.2422318233527123
5316,0.150044,-0.0345584,0.0208333,0.31663299203721823
5340,0.19033,-0.0210339,0.0208333,0.9049867144135764
5364,0.162718,-0.0311458,0.0208333,0.3640463731441752
5388,0.219919,-0.0309765,0.0208333,0.843510083438704
5412,0.132098,-0.0360907,0.0208333,0.6826291036452132
5436,0.170275,-0.0344902,0.0208333,0.2978882905021532
5460,0.25318,-0.0318786,0.0208333,0.6485604534210906
5484,0.185086,-0.0322124,0.0208333,0.6216146607706432
5508,0.107034,0.00921981,0.0208333,0.756228402896636
5532,0.00785919,0.00286118,0.0208333,1.162290205601728
5556,0.169763,-0.038333,0.0208333,0.10761408198069107
5580,0.210468,-0.0345291,0.0208333,0.7569632371403513
5604,0.28595,-0.0267531,0.0208333,0.15436616508205417
5628,0.270827,-0.0350802,0.0208333,0.08069622789943096
5652,0.00789732,-0.00274129,0.0208333,1.1622701686980041
5676,0.162055,-0.0339765,0.0208333,0.20772849713527108
5700,0.109469,-0.0281786,0.0208333,0.35881232334606694
5724,0.163956,-0.0322021,0.0208333,0.33676228496144606
5748,0.220885,-0.0320596,0.0208333,0.8290240700556707
5772,0.148216,-0.0352988,0.0208333,0.40452720186735175
5796,0.117886,-0.0391013,0.0208333,0.681294584224748
5820,0.227599,-0.0344783,0.0208333,0.7496368520397493
5844,0.288435,-0.000985116,0.0208333,0.8283318861829236
5868,0.259769,-0.0392104,0.0208333,0.1353669549484515
5892,0.217642,-0.0352817,0.0208333,0.7501639999606625
5916,0.175698,-0.0362993,0.0208333,0.31225850157216295
5940,0.200273,-0.0355434,0.0208333,0.6601495715815686
5964,0.169633,-0.0363638,0.0208333,0.20990920492863696
5988,0.172578,-0.0350138,0.0208333,0.3144074168419311
6012,0.284334,-0.0370891,0.0208333,0.24684219822684292
6036,0.257535,-0.035466,0.0208333,0.4720351036332847
6060,0.149357,-0.0338429,0.0208333,0.2783934273983213
6084,0.280987,-0.0340845,0.0208333,0.19598845907702317
6108,0.108801,-0.03565,0.0208333,0.4493647977609338
6132,0.28481,-0.033144,0.0208333,0.2195225185150134
6156,0.144728,-0.0336668,0.0208333,0.34456053766920264
6180,0.232867,-0.0382111,0.0208333,0.6215358751002125
6204,0.228314,-0.0303946,0.0208333,0.8414637576097584
6228,0.171049,-0.0303784,0.0208333,0.5183435435395863
6252,0.108498,-0.0337696,0.0208333,0.4394697706561233
6276,0.152825,-0.0346387,0.0208333,0.264472963585508
6300,0.143215,-0.0206135,0.0208333,0.7649792701814361
6324,0.152688,-0.035713,0.0208333,0.3313777978900025
6348,0.269937,-0.0311571,0.0208333,0.42622714598237216
6372,0.243305,-0.0390457,0.0208333,0.4202481890359917
6396,0.102454,-0.0354466,0.0208333,0.24950569806176773
6420,0.189833,-0.0277271,0.0208333,0.8125189805289578
6444,0.231729,-0.035645,0.0208333,0.7050375216265968
6468,0.2935,-0.036453,0.0208333,0.2282085729185475
6492,0.297258,-0.0382311,0.0208333,0.14907879207536529
6516,0.102809,-0.0383554,0.0208333,0.13559899157773592
6540,0.293597,-0.0371507,0.0208333,0.22940088905757733
6564,0.126618,-0.0381353,0.0208333,0.783738677892933
6588,0.292525,-0.0351246,0.0208333,0.23322525269843744
6612,0.107018,-0.0351588,0.0208333,0.4037673027766543
6636,0.279149,-0.0319547,0.0208333,0.14008728841711515
6660,0.286122,0.0081257,0.0208333,0.5439256475331079
6684,0.284096,-0.033952,0.0208333,0.21818324032803252
6708,0.287333,-0.0352427,0.0208333,0.2375711207466303
6732,0.220247,-0.0331929,0.0208333,0.8028263601630353
6756,0.129223,-0.0362212,0.0208333,0.6931084839873586
6780,0.18648,-0.0279443,0.0208333,0.7947346502946181
6804,0.243694,-0.02785,0.0208333,0.8008649357524081
6828,0.147247,-0.0337285,0.0208333,0.30902220697095684
6852,0.142613,-0.0335282,0.0208333,0.37697740542654495
6876,0.242713,-0.0261225,0.0208333,0.8219389132319337
6900,0.213643,-0.0155668,0.0208333,0.8036532175440385
6924,0.185513,-0.0261544,0.0208333,0.8262689640648623
6948,0.190998,-0.0361783,0.0208333,0.5555040219592098
6972,0.126834,-0.037391,0.0208333,0.7673203374895651
6996,0.223894,-0.0390101,0.0208333,0.5444760374419132
7020,0.248577,-0.0377366,0.0208333,0.4941951887433746
7044,0.195877,-0.0384971,0.0208333,0.517835452846977
7068,0.230193,-0.0358979,0.0208333,0.7062038472129941
7092,0.123294,-0.0277805,0.0208333,0.06475297086687826
7116,0.193829,-0.0305541,0.0208333,0.7782596603292612
7140,0.204302,-0.030024,0.0208333,0.8442334902380013
7164,0.250921,-0.0305675,0.0208333,0.708019603981028
7188,0.135906,-0.0355149,0.0208333,0.6224173814848561
7212,0.392134,0.00278821,0.0208333,1.310641417799587
7236,0.201463,-0.0382201,0.0208333,0.5868724503378496
7260,0.179706,-0.0302199,0.0208333,0.6350840885523483
7284,0.236958,-0.0302406,0.0208333,0.8130644632827593
7308,0.165053,0.0275817,0.0208333,0.2951693144778571
7332,0.112203,-0.0351487,0.0208333,0.5185778102662161
7356,0.182444,-0.0283839,0.0208333,0.7200777834485731
7380,0.239684,-0.0283965,0.0208333,0.8201555614052276
7404,0.28709,-0.0328619,0.0208333,0.23298567212062635
7428,0.11319,-0.0351775,0.0208333,0.5382114144536054
7452,0.10553,-0.0295205,0.0208333,0.4294295197910661
7476,0.292135,-0.0327722,0.0208333,0.2383662763761896
7500,0.209886,-0.0321843,0.0208333,0.8150731161850208
7524,0.114434,-0.0316473,0.0208333,0.40387605496210266
7548,0.198649,-0.0354277,0.0208333,0.6565741596584312
7572,0.116672,-0.0299269,0.0208333,0.28025961190918597
7596,0.162428,-0.0357775,0.0208333,0.1037055899615715
7620,0.255917,-0.0354246,0.0208333,0.49405692335408874
7644,0.200784,-0.0345967,0.0208333,0.7026305862076533
7668,0.272358,-0.0395142,0.0208333,0.10694471454822187
7692,0.258002,-0.034595,0.0208333,0.4985532249017752
7716,0.27003,-0.0224145,0.0208333,0.682259959512719
7740,0.289401,-0.032877,0.0208333,0.242296645180118
7764,0.174232,-0.03555,0.0208333,0.3171621248111711
7788,0.217605,-0.0377519,0.0208333,0.6488936097470784
7812,0.207702,-0.0303759,0.0208333,0.8481662231271179
7836,0.250455,-0.0390135,0.0208333,0.3698464492326925
7860,0.273211,-0.0383247,0.0208333,0.15489254308399775
7884,0.119152,-0.0280959,0.0208333,0.16615552485176333
7908,0.251987,-0.0182839,0.0208333,0.7647789851429193
7932,0.153296,-0.0321062,0.0208333,0.23417272605147968
7956,0.194758,-0.0182504,0.0208333,0.8778344835497549
7980,0.161499,-0.0384054,0.0208333,0.1456386765650392
8004,0.282436,-0.01963,0.0208333,0.5612547517042595
8028,0.139538,-0.0353578,0.0208333,0.5656156046065208
8052,0.280439,-0.0312734,0.0208333,0.14979316596360465
8076,0.292155,-0.0239826,0.0208333,0.2517255532459905
8100,0.160002,0.0359185,0.0208333,0.3416658373457061
8124,0.199395,-0.0357931,0.0208333,0.65407119695045
8148,0.259824,-0.0384785,0.0208333,0.23002575340366763
8172,0.22059,-0.0360524,0.0208333,0.7284433187799486
8196,0.251157,-0.039027,0.0208333,0.35977659262319517
8220,0.26862,-0.0355552,0.0208333,0.1375283732490136
8244,0.102605,-0.0347435,0.0208333,0.2734226602045121
8268,0.286094,-0.033586,0.0208333,0.22701361139343607
8292,0.157292,0.0359791,0.0208333,0.34284469620061225
8316,0.256701,-0.035707,0.0208333,0.47910780437026035
8340,0.180098,-0.0216356,0.0208333,0.8990642819161622
8364,0.237345,-0.021662,0.0208333,0.8405525594483357
8388,0.260127,-0.0300413,0.0208333,0.6313773486972328
8412,0.294409,-0.018062,0.0208333,0.41950642719433995
8436,0.270184,-0.0358676,0.0208333,0.07604033425025168
8460,0.258887,-0.0296967,0.0208333,0.6367555360879166
8484,0.190022,-0.0363379,0.0208333,0.5465917007479076
8508,0.225537,-0.0330672,0.0208333,0.8056716921475329
8532,0.222742,-0.034009,0.0208333,0.775860261816775
8556,0.250944,-0.0273763,0.0208333,0.7563567545555964
8580,0.19377,-0.0274286,0.0208333,0.8582882091904263
8604,0.148262,-0.0342768,0.0208333,0.3216684401238681
8628,0.143591,-0.0341444,0.0208333,0.3899378697911373
8652,0.216395,-0.0364615,0.0208333,0.7132331816744849
8676,0.183249,-0.03573,0.0208333,0.47749249203292193
8700,0.158076,-0.0362284,0.0208333,0.18112395074291004
8724,0.137681,-0.0353325,0.0208333,0.5917704871357138
8748,0.176047,-0.0370611,0.0208333,0.29624504454966416
8772,0.169464,-0.037112,0.0208333,0.16079247912645792
8796,0.235602,-0.0137108,0.0208333,0.7536373688002208
8820,0.231617,-0.0297689,0.0208333,0.8392475490282824
8844,0.174358,-0.0297482,0.0208333,0.6149292816596387
8868,0.294348,-0.0349844,0.0208333,0.21604182322419174
8892,0.223021,-0.0301405,0.0208333,0.8595661046232291
8916,0.165816,-0.0301905,0.0208333,0.49155201348038396
8940,0.210712,-0.0296631,0.0208333,0.8621203580000849
8964,0.222376,-0.0390258,0.0208333,0.5475832557399546
8988,0.178357,-0.0136806,0.0208333,0.8925700319780642
9012,0.196496,-0.0292204,0.0208333,0.8311361185019829
9036,0.25371,-0.029224,0.0208333,0.7043545800267813
9060,0.117636,-0.0311655,0.0208333,0.3254520996101001
9084,0.256208,-0.0308826,0.0208333,0.6399829057997476
9108,0.198964,-0.0308979,0.0208333,0.8049223446034954
9132,0.157926,-0.0383331,0.0208333,0.2617684176727821
9156,0.164702,-0.0289241,0.0208333,0.5094697333793486
9180,0.222021,-0.0289098,0.0208333,0.874082925706977
9204,0.129306,-0.0254359,0.0208333,0.1396401578002635
9228,0.145481,-0.0343603,0.0208333,0.3762355203721893
9252,0.271286,-0.0145969,0.0208333,0.7301308179728303
9276,0.13291,-0.0231284,0.0208333,0.29662504704527926
9300,0.211639,-0.0265764,0.0208333,0.9009788379080763
9324,0.269294,-0.0359923,0.0208333,0.07837319590606216
9348,0.150967,-0.0346394,0.0208333,0.2919392052905757
9372,0.292616,-0.0361296,0.0208333,0.23503168492550108
9396,0.275808,-0.0297829,0.0208333,0.3014685544949091
9420,0.119922,0.0313157,0.0208333,0.29153162586302755
9444,0.170514,-0.0361947,0.0208333,0.2232707504360533
9468,0.287708,-0.016611,0.0208333,0.516636641041119
9492,0.294358,-0.035936,0.0208333,0.2141060528020504
9516,0.141588,-0.0341911,0.0208333,0.426132987644761
9540,0.216824,0.0307925,0.0208333,0.496604186076542
9564,0.280541,-0.0358413,0.0208333,0.21004232328509412
9588,0.293252,-0.0258348,0.0208333,0.25489522622803273
9612,0.125474,-0.0305417,0.0208333,0.28067124792263437
9636,0.119384,-0.039048,0.0208333,0.7056769442841894
9660,0.131589,-0.0355902,0.0208333,0.6609981071339014
9684,0.29158,0.00624515,0.0208333,0.6858355868746632
9708,0.276613,-0.0323517,0.0208333,0.07780738287103608
9732,0.203428,-0.0370977,0.0208333,0.6350180280135506
9756,0.299066,-0.0284878,0.0208333,0.17937888209569042
9780,0.136964,-0.0206773,0.0208333,0.5505527509575928
9804,0.126662,-0.0359584,0.0208333,0.693782460927076
9828,0.156444,-0.0378234,0.0208333,0.30926483837372154
9852,0.157872,-0.0340016,0.0208333,0.17302413042171638
9876,0.264968,-0.0300713,0.0208333,0.5534465792510278
9900,0.133713,-0.0356894,0.0208333,0.6585376964513877
9924,0.168892,-0.0356604,0.0208333,0.22128130089626394
9948,0.196755,-0.0354051,0.0208333,0.6385948989818002
9972,0.113814,-0.0359081,0.0208333,0.564639203013886
9996,0.253978,-0.0353967,0.0208333,0.5317765990441143
10020,0.288219,-0.0334745,0.0208333,0.2365835165774023
10044,0.248881,-0.0368506,0.0208333,0.5394542434559195
10068,0.293335,-0.0332872,0.0208333,0.23001873089826838
10092,0.110104,-0.0322042,0.0208333,0.4248054260240276
10116,0.154202,-0.0330289,0.0208333,0.20683444589424826
10140,0.232603,-0.0143589,0.0208333,0.7584901551440184
10164,0.213191,-0.0326014,0.0208333,0.8178757559683503
10188,0.162916,-0.0379551,0.0208333,0.09192205416151501
10212,0.175255,-0.0144243,0.0208333,0.8968119993229395
10236,0.247339,-0.0385919,0.0208333,0.4589088002227416
10260,0.162366,-0.0384345,0.0208333,0.11729162587701476
10284,0.173474,-0.0282958,0.0208333,0.6395689152492688
10308,0.230733,-0.0283171,0.0208333,0.8605537835911085
10332,0.214329,-0.0285502,0.0208333,0.888225377578451
10356,0.282249,-0.0356084,0.0208333,0.2204842869562364
10380,0.279763,0.0313934,0.0208333,0.2380585073183691
10404,0.267779,-0.0291884,0.0208333,0.5364764823648858
10428,0.266715,-0.0303214,0.0208333,0.5354508413276334
10452,0.113984,-0.0170434,0.0208333,0.3745813507789955
10476,0.229741,-0.0367439,0.0208333,0.6824486047790854
10500,0.246012,-0.0185182,0.0208333,0.7884307552939881
10524,0.143129,-0.0384596,0.0208333,0.6788236652317655
10548,0.143775,-0.0380211,0.0208333,0.660582882368996
10572,0.154478,-0.036008,0.0208333,0.3015160059146112
10596,0.188774,-0.0184854,0.0208333,0.9048988068020609
10620,0.18109,-0.033907,0.0208333,0.5201970276237363
10644,0.283015,-0.0262215,0.0208333,0.16969148233488326
10668,0.160686,-0.0353563,0.0208333,0.11418790219251093
10692,0.123872,-0.0365515,0.0208333,0.7149036079003953
10716,0.18835,-0.0357995,0.0208333,0.547184487326942
10740,0.256743,-0.0154556,0.0208333,0.743953574082986
10764,0.215629,-0.0358656,0.0208333,0.7237921264427952
10788,0.18263,-0.0364734,0.0208333,0.4321918334072708
10812,0.24734,-0.0303103,0.0208333,0.7542856834842867
10836,0.156349,-0.0202894,0.0208333,0.829028166981484
10860,0.124912,-0.0277567,0.0208333,0.06212646942280319
10884,0.189359,-0.0356088,0.0208333,0.5571512448730721
10908,0.287444,-0.0362715,0.0208333,0.25039160145959366
10932,0.199495,-0.0154059,0.0208333,0.8318223949287704
10956,0.283792,-0.0223513,0.0208333,0.37428110521864444
10980,0.273187,-0.0116141,0.0208333,0.7268177631897268
11004,0.28911,-0.0363074,0.0208333,0.24998785602528772
11028,0.144371,-0.0357419,0.0208333,0.4951600115840475
11052,0.202408,-0.0355435,0.0208333,0.6795685900595378
11076,0.17457,-0.0345719,0.0208333,0.38702376376560405
11100,0.231881,-0.0346806,0.0208333,0.7439825562840132
11124,0.151933,-0.0327227,0.0208333,0.21279485111339724
11148,0.142677,-0.0357413,0.0208333,0.5215116650697313
11172,0.259594,-0.0355533,0.0208333,0.42280848727154247
11196,0.243754,-0.0335464,0.0208333,0.7013498517815002
11220,0.183572,-0.0340516,0.0208333,0.5535951861904536
11244,0.130033,-0.0357218,0.0208333,0.68010784468089
11268,0.15459,-0.0378449,0.0208333,0.37374428601789267
11292,0.187114,-0.0368579,0.0208333,0.4901165473243054
11316,0.222189,-0.036142,0.0208333,0.7230717173734703
11340,0.187683,-0.0350978,0.0208333,0.5560547587210904
11364,0.166824,0.0309862,0.0208333,0.3318461985381211
11388,0.266782,-0.0354259,0.0208333,0.26254957389026573
11412,0.215796,-0.0348988,0.0208333,0.7597975984277009
11436,0.108696,0.00550196,0.0208333,1.168461990967969
11460,0.172486,-0.0368147,0.0208333,0.24241095460692696
11484,0.137094,-0.0367865,0.0208333,0.6862348977600469
11508,0.159854,-0.026568,0.0208333,0.6138357755428037
11532,0.281886,-0.0319909,0.0208333,0.17609360402660854
11556,0.217091,-0.0333603,0.0208333,0.8026083559268957
11580,0.122313,-0.0259457,0.0208333,0.0359382312973691
11604,0.193259,-0.0319038,0.0208333,0.7209825230754459
11628,0.25036,-0.0319248,0.0208333,0.6790784201584679
11652,0.267271,-0.0361875,0.0208333,0.12887373338675343
11676,0.262284,-0.0284479,0.0208333,0.6341355034746439
11700,0.205051,-0.0285779,0.0208333,0.8780019239215596
11724,0.218142,-0.0383478,0.0208333,0.6306756584176886
11748,0.228494,-0.0352,0.0208333,0.7342773020189278
11772,0.227765,-0.0332851,0.0208333,0.7937189736693322
11796,0.170569,-0.0333049,0.0208333,0.39058217449367644
11820,0.233661,-0.0378327,0.0208333,0.6211202161782738
11844,0.1283,-0.0357732,0.0208333,0.6865168838772121
11868,0.1612,-0.0317133,0.0208333,0.3198814328903128
11892,0.218502,-0.0314528,0.0208333,0.8425090258927315
11916,0.265554,-0.0382193,0.0208333,0.048919904271676584
11940,0.163271,-0.0257993,0.0208333,0.6684096005368969
11964,0.109269,-0.0389937,0.0208333,0.39691200450643965
11988,0.276306,-0.0357848,0.0208333,0.176726366453955
12012,0.159142,-0.0156399,0.0208333,0.987754410781936
12036,0.206445,-0.0339522,0.0208333,0.7518614724863978
12060,0.270514,-0.0339649,0.0208333,0.23950221885613085
12084,0.216195,-0.0372057,0.0208333,0.6776792784283214
12108,0.10859,-0.0390203,0.0208333,0.3872051910670053
12132,0.122132,-0.0366363,0.0208333,0.7073046520394394
12156,0.271498,-0.036849,0.0208333,0.14764164559652537
12180,0.213462,0.0308137,0.0208333,0.48979753248811736
12204,0.286489,0.0019248,0.0208333,0.7058331570012533
12228,0.136902,-0.0358715,0.0208333,0.6180068202126737
12252,0.134364,0.0333978,0.0208333,0.32036674453677005
12276,0.197235,-0.0362218,0.0208333,0.6185883371416583
12300,0.202195,-0.0378731,0.0208333,0.5921009005297385
12324,0.204819,-0.0363589,0.0208333,0.6648200417794277
12348,0.22678,-0.0349142,0.0208333,0.7488815262471626
12372,0.254517,-0.0362781,0.0208333,0.4795980772940457
12396,0.21732,-0.0362389,0.0208333,0.7156683847309405
12420,0.291894,-0.000781741,0.0208333,0.8882260929395088
12444,0.291102,-0.0381796,0.0208333,0.25542793295418964
12468,0.224224,-0.0299998,0.0208333,0.8597742364086316
12492,0.176164,-0.0353858,0.0208333,0.3729266102943411
12516,0.206865,-0.0350203,0.0208333,0.7213255948309907
12540,0.233539,-0.0353224,0.0208333,0.717489312968052
12564,0.169144,-0.0346962,0.0208333,0.2818197758555878
12588,0.130374,-0.0273292,0.0208333,0.09610488199260274
12612,0.160504,-0.0363239,0.0208333,0.11375281732970352
12636,0.171899,-0.0364149,0.0208333,0.24308058139853542
12660,0.233196,-0.0362597,0.0208333,0.6865272354158282
12684,0.156947,-0.0384095,0.0208333,0.29706194840508016
12708,0.111317,-0.0160149,0.0208333,0.32789642377063155
12732,0.228282,-0.036261,0.0208333,0.6992960832722238
12756,0.112639,-0.0336491,0.0208333,0.48014966338071613
12780,0.286596,-0.036737,0.0208333,0.24908534622054748
12804,0.162965,-0.0294458,0.0208333,0.48040519265438725
12828,0.220309,-0.0293828,0.0208333,0.8750024639875792
12852,0.10692,-0.0290172,0.0208333,0.4092892879265403
12876,0.267363,-0.0376847,0.0208333,0.08452177463287434
12900,0.13533,-0.0361499,0.0208333,0.655812821065998
12924,0.124745,-0.0361288,0.0208333,0.7114129330445943
12948,0.271934,-0.0352828,0.0208333,0.09620310370492212
12972,0.144358,-0.0366838,0.0208333,0.5766969959077033
12996,0.167006,-0.0300019,0.0208333,0.4872752042273913
13020,0.117085,-0.0358184,0.0208333,0.6113737004270646
13044,0.16123,-0.0369235,0.0208333,0.11415820960337851
13068,0.214697,-0.0361862,0.0208333,0.7212377291828957
13092,0.208848,-0.0345536,0.0208333,0.740374719457232
13116,0.179156,-0.0390353,0.0208333,0.26498778024580394
13140,0.277461,-0.0301661,0.0208333,0.1879566998625215
13164,0.200469,-0.0371359,0.0208333,0.6100637367681258
13188,0.174788,-0.0363432,0.0208333,0.30135142399792986
13212,0.265705,0.0329532,0.0208333,0.3530288745057288
13236,0.252389,-0.0383464,0.0208333,0.4054969719226239
13260,0.272186,-0.0361948,0.0208333,0.15347417324833518
13284,0.198165,-0.0228017,0.0208333,0.9157039687607562
13308,0.25539,-0.0228468,0.0208333,0.7692329772209565
13332,0.15201,-0.038291,0.0208333,0.47137670067198156
13356,0.276578,-0.0365555,0.0208333,0.18466659876450559
13380,0.170388,0.031401,0.0208333,0.33749058117077
13404,0.111296,-0.0260998,0.0208333,0.2760051293037642
13428,0.248248,-0.0361637,0.0208333,0.5764562976505925
13452,0.163868,-0.0348134,0.0208333,0.17302999911861497
13476,0.117602,-0.0382863,0.0208333,0.6859493718599659
13500,0.271266,-0.0317668,0.0208333,0.3749769619509977
13524,0.107319,-0.0340437,0.0208333,0.41568204384089547
13548,0.201891,-0.0363594,0.0208333,0.6465927085285315
13572,0.164383,-0.0377308,0.0208333,0.05069239146842059
13596,0.113493,-0.034145,0.0208333,0.4949962891435567
13620,0.109403,-0.0364123,0.0208333,0.47134554950376906
13644,0.15251,-0.0387501,0.0208333,0.4593943452819619
13668,0.122974,-0.0361378,0.0208333,0.7044382896957834
13692,0.258996,-0.0364063,0.0208333,0.40611314493033396
13716,0.162155,-0.0366666,0.0208333,0.09190373751400158
13740,0.118038,-0.0377066,0.0208333,0.703227608282436
13764,0.166384,-0.032668,0.0208333,0.33919830901537523
13788,0.105983,-0.0354177,0.0208333,0.3736424655607037
13812,0.177881,-0.0324151,0.0208333,0.5505559362325074
13836,0.235141,-0.0324314,0.0208333,0.7791724620775498
13860,0.106708,0.0034911,0.0208333,1.22711442991838
13884,0.132893,-0.0361679,0.0208333,0.676912742218537
13908,0.213892,-0.0356338,0.0208333,0.728668446908147
13932,0.156154,-0.0363415,0.0208333,0.25634941536999084
13956,0.181814,-0.0365044,0.0208333,0.42564688695835
13980,0.105667,-0.0363486,0.0208333,0.3388201147239675
14004,0.293678,-0.0289416,0.0208333,0.23753479276335498
14028,0.215312,-0.0374898,0.0208333,0.6746380321775881
14052,0.130273,-0.030202,0.0208333,0.2265938510402513
14076,0.175764,-0.0298356,0.0208333,0.6169887982216057
14100,0.23302,-0.0298559,0.0208333,0.8369918133491118
14124,0.274797,-0.0308604,0.0208333,0.29546630829290843
14148,0.186454,-0.0361851,0.0208333,0.4995633102061576
14172,0.127683,-0.0315001,0.0208333,0.32065006628961484
14196,0.240488,-0.0312405,0.0208333,0.7737666712091835
14220,0.283053,-0.0340472,0.0208333,0.20922688839747627
14244,0.282292,-0.0365503,0.0208333,0.23538188856596423
14268,0.246646,-0.0356436,0.0208333,0.612177017654455
14292,0.121272,-0.0362248,0.0208333,0.6945481489554531
14316,0.154662,-0.0350006,0.0208333,0.2471602562989751
14340,0.293212,-0.037803,0.0208333,0.23892511391915772
14364,0.24435,-0.0377753,0.0208333,0.5433295572712977
14388,0.118525,-0.0350989,0.0208333,0.5985828871111286
14412,0.151807,-0.036101,0.0208333,0.3672156547357294
14436,0.270603,-0.0367245,0.0208333,0.13699080703244287
14460,0.243761,-0.023898,0.0208333,0.8171258737158027
14484,0.186557,-0.0239189,0.0208333,0.890220607953891
14508,0.205395,-0.0369047,0.0208333,0.6604051499198638
14532,0.215338,-0.0382152,0.0208333,0.6165206208249031
14556,0.286646,-0.0374565,0.0208333,0.25555724466565216
14580,0.143046,-0.0249006,0.0208333,0.45789215104050707
14604,0.210585,-0.0147067,0.0208333,0.8027657850482585
14628,0.17153,-0.0286764,0.0208333,0.634283264591542
14652,0.228793,-0.0286964,0.0208333,0.863218368493981
14676,0.246847,-0.0273409,0.0208333,0.7930858262249966
14700,0.185973,-0.0310212,0.0208333,0.6918189194314459
14724,0.141651,-0.0179378,0.0208333,0.8030994906773616
14748,0.108838,-0.0325515,0.0208333,0.42240490429077276
14772,0.237948,-0.0378821,0.0208333,0.5929392787767426
14796,0.160484,0.0127353,0.0208333,0.05569092111958645
14820,0.129228,-0.0370267,0.0208333,0.7607371652684682
14844,0.165472,-0.0344696,0.0208333,0.22538457790585736
14868,0.269488,-0.0295749,0.0208333,0.5165166387586634
14892,0.15683,0.0121435,0.0208333,0.11529105414116744
14916,0.290868,-0.028612,0.0208333,0.24032807016636654
14940,0.264129,-0.0391845,0.0208333,0.05794949134946398
14964,0.295891,-0.0376442,0.0208333,0.19142440750701045
14988,0.13641,-0.0372481,0.0208333,0.7035322100054435
15012,0.284058,-0.016752,0.0208333,0.5870511715993846
15036,0.193883,-0.0356596,0.0208333,0.6012991473613739
15060,0.14279,-0.0367108,0.0208333,0.6038105459861793
15084,0.200224,-0.0335237,0.0208333,0.7273345880726333
15108,0.257456,-0.0335092,0.0208333,0.5583230894164546
15132,0.251103,-0.0356992,0.0208333,0.559271811868005
15156,0.252641,-0.0364021,0.0208333,0.5069329314856967
15180,0.194462,-0.0363758,0.0208333,0.5891659935985546
15204,0.165201,-0.0362228,0.0208333,0.09642492263492308
15228,0.186724,-0.0353238,0.0208333,0.5464811523361516
15252,0.116651,-0.0383528,0.0208333,0.6759865879976986
15276,0.148014,-0.0178716,0.0208333,0.9319286272066334
15300,0.163894,-0.0334151,0.0208333,0.27717708532886354
15324,0.271859,-0.037694,0.0208333,0.15229851319973547
15348,0.192911,0.0361998,0.0208333,0.46537926122466494
15372,0.17743,-0.0313389,0.0208333,0.5826834601627059
15396,0.234686,-0.0313585,0.0208333,0.8051029838546956
15420,0.183116,-0.031267,0.0208333,0.6248554063873161
15444,0.225297,-0.0341269,0.0208333,0.7634233408128512
15468,0.2473,-0.0363524,0.0208333,0.5823846086557951
15492,0.116191,-0.0378647,0.0208333,0.6607988158540206
15516,0.183264,-0.0262945,0.0208333,0.8195249654665193
15540,0.240497,-0.0263011,0.0208333,0.828145321117066
15564,0.197229,-0.0344531,0.0208333,0.6790782280102362
15588,0.237808,-0.0286544,0.0208333,0.8250861092816223
15612,0.180559,-0.0286341,0.0208333,0.717525164118936
15636,0.254457,-0.0344608,0.0208333,0.5572110259151577
15660,0.21458,-0.0370662,0.0208333,0.6774803083218018
15684,0.18805,-0.0366982,0.0208333,0.49999441193581445
15708,0.156483,-0.0354613,0.0208333,0.21488646059724717
15732,0.214749,-0.0309625,0.0208333,0.8481624551124182
15756,0.112843,-0.0317314,0.0208333,0.3927297564248274
15780,0.115101,-0.0301528,0.0208333,0.289031968277321
15804,0.209365,-0.0307623,0.0208333,0.8506168826061693
15828,0.159823,-0.0336014,0.0208333,0.18323489262590484
15852,0.195928,-0.0370588,0.0208333,0.5767226413523926
15876,0.211059,-0.0371647,0.0208333,0.6801214937579969
15900,0.117326,-0.0281902,0.0208333,0.17230171536713637
15924,0.195625,0.036253,0.0208333,0.46734955276877965
15948,0.176731,-0.0372164,0.0208333,0.30249052443854235
15972,0.2093,-0.0330972,0.0208333,0.7868464585448237
15996,0.251697,-0.036521,0.0208333,0.5136065833947181
16020,0.164731,0.0333365,0.0208333,0.3366470424853835
16044,0.215829,-0.0139671,0.0208333,0.7951877279760796
16068,0.12732,-0.017504,0.0208333,0.629623647318175
16092,0.116709,-0.0101943,0.0208333,0.9493880319832155
16116,0.148182,-0.0273987,0.0208333,0.40457023207313225
16140,0.262511,-0.0358586,0.0208333,0.34055509674608364
16164,0.195395,-0.0363077,0.0208333,0.5956535736684002
16188,0.297169,-0.0367704,0.0208333,0.15693323765375516
16212,0.249892,-0.0255141,0.0208333,0.786518632555149
16236,0.192709,-0.025553,0.0208333,0.8868127852363709
16260,0.157054,-0.0226398,0.0208333,0.7931243335773334
16284,0.294858,-0.0155635,0.0208333,0.46400627695062485
16308,0.201931,-0.0346299,0.0208333,0.7065933097161667
16332,0.259149,-0.0346208,0.0208333,0.4904889970043483
16356,0.108298,-0.0374646,0.0208333,0.42417340563147155
16380,0.19726,-0.0378235,0.0208333,0.5594341239356436
16404,0.266157,-0.037817,0.0208333,0.040887817481383135
16428,0.183108,-0.0370978,0.0208333,0.42364652071153713
16452,0.279439,-0.0194873,0.0208333,0.613279245227857
16476,0.21851,0.0335023,0.0208333,0.5332609639332256
16500,0.286935,-0.0254397,0.0208333,0.1612809428500776
16524,0.264189,-0.0286008,0.0208333,0.627356260000046
16548,0.206973,-0.0286846,0.0208333,0.8807635733729813
16572,0.177708,-0.0360824,0.0208333,0.3715568635714507
16596,0.276634,-0.0114072,0.0208333,0.7330311875793614
16620,0.118009,-0.0358063,0.0208333,0.621344285361444
16644,0.132529,-0.0297694,0.0208333,0.18822610018115152
16668,0.127578,-0.0362524,0.0208333,0.698709670152567
16692,0.235035,-0.0359674,0.0208333,0.6915220686655059
16716,0.120125,-0.0261891,0.0208333,0.053659359197684234
16740,0.165144,-0.0377577,0.0208333,0.0409552232539697
16764,0.245709,-0.035847,0.0208333,0.6175691943276277
16788,0.141673,-0.0384054,0.0208333,0.6986538171672949
16812,0.261929,-0.0366068,0.0208333,0.3291425868177353
16836,0.255477,-0.0124318,0.0208333,0.7104059008683231
16860,0.219048,-0.0335329,0.0208333,0.8009287061345604
16884,0.21733,-0.0288935,0.0208333,0.8855461290224268
16908,0.213834,-0.0386096,0.0208333,0.6021233293130719
16932,0.282149,-0.0383541,0.0208333,0.2398162216387582
16956,0.158778,-0.0332569,0.0208333,0.2067515031243806
16980,0.19822,-0.0123799,0.0208333,0.7742270131789842
17004,0.280691,-0.0367357,0.0208333,0.22449033239925947
17028,0.104048,-0.0358267,0.0208333,0.2951720201150211
17052,0.169685,-0.030951,0.0208333,0.49195341606722204
17076,0.113558,-0.0367936,0.0208333,0.5817515743043506
17100,0.13219,-0.0379694,0.0208333,0.7858985698977374
17124,0.170954,-0.0376164,0.0208333,0.1658689931227666
17148,0.1165,-0.0350132,0.0208333,0.5660580223932581
17172,0.147441,-0.0357314,0.0208333,0.4372206770142396
17196,0.295267,-0.0363283,0.0208333,0.20123535607395138
17220,0.104707,-0.0364657,0.0208333,0.304032580869259
17244,0.203411,-0.0356359,0.0208333,0.6838386810945206
17268,0.245448,-0.0367234,0.0208333,0.585989056504043
17292,0.278366,-0.023605,0.0208333,0.5283570938278864
17316,0.260597,-0.0356428,0.0208333,0.41629656918762387
17340,0.156086,0.00926968,0.0208333,0.3612970553201584
17364,0.12546,0.0307164,0.0208333,0.30966973813261334
17388,0.135111,-0.0298745,0.0208333,0.1716943225714668
17412,0.195791,-0.0354682,0.0208333,0.6323642287583537
17436,0.253019,-0.0354616,0.0208333,0.538874739550111
17460,0.211689,-0.036781,0.0208333,0.6831151182998062
17484,0.243898,-0.0362851,0.0208333,0.6183946696330029
17508,0.164909,-0.0139296,0.0208333,0.9742241761907091
17532,0.146144,-0.0204949,0.0208333,0.7324607658450125
17556,0.25301,-0.0379247,0.0208333,0.4011828804504921
17580,0.192924,-0.0357981,0.0208333,0.5938396194042728
17604,0.248031,-0.0317253,0.0208333,0.7013305704104813
17628,0.192592,-0.0366575,0.0208333,0.5543637119912296
17652,0.29017,-0.0240777,0.0208333,0.2205043678338595
17676,0.266944,-0.0382581,0.0208333,0.08159701215885604
17700,0.2529,-0.0274805,0.0208333,0.7497103234796181
17724,0.19569,-0.0274814,0.0208333,0.8636688688549116
17748,0.151693,-0.036985,0.0208333,0.4289519470389066
17772,0.250146,-0.0358377,0.0208333,0.5657025806887557
17796,0.249813,-0.0366997,0.0208333,0.5325890560335098
17820,0.248159,-0.0289151,0.0208333,0.756728876631356
17844,0.198266,-0.0293607,0.0208333,0.8360067970659618
17868,0.255496,-0.0293605,0.0208333,0.6968792129456127
17892,0.21306,-0.0360095,0.0208333,0.7247452639047579
17916,0.247322,-0.0155786,0.0208333,0.7550680330581678
17940,0.122315,-0.0296135,0.0208333,0.2303689482134222
17964,0.162118,-0.0135217,0.0208333,0.982919834493682
17988,0.298465,-0.0298623,0.0208333,0.1775914292420949
18012,0.12692,-0.0254213,0.0208333,0.1378629532007022
18036,0.190085,-0.015543,0.0208333,0.8481846350132097
18060,0.226959,-0.0309699,0.0208333,0.8417036042592785
18084,0.185313,-0.0295571,0.0208333,0.7257467526360968
18108,0.24264,-0.0294286,0.0208333,0.7965186986157997
18132,0.29183,-0.0366799,0.0208333,0.24285143934555958
18156,0.130414,-0.0232789,0.0208333,0.3077133048193666
18180,0.205163,-0.0314051,0.0208333,0.8194282279720153
18204,0.118052,-0.0202489,0.0208333,0.2678939603799981
18228,0.213462,-0.0380438,0.0208333,0.6398605608324367
18252,0.23929,-0.0369332,0.0208333,0.6465413244691585
18276,0.278678,-0.0376694,0.0208333,0.20899692707770512
18300,0.139547,-0.0342791,0.0208333,0.4651524528474547
18324,0.204499,-0.03338,0.0208333,0.7555187827262129
18348,0.273829,-0.0357831,0.0208333,0.1676581268690844
18372,0.134117,-0.020599,0.0208333,0.5725175737402474
18396,0.292512,-0.0277823,0.0208333,0.24263616778264943
18420,0.260989,-0.0365234,0.0208333,0.3356640800402064
18444,0.147026,-0.0282393,0.0208333,0.2679405621147862
18468,0.246089,-0.0373592,0.0208333,0.5518744224039936
18492,0.208432,-0.0334425,0.0208333,0.7818905066081863
18516,0.240277,-0.0343664,0.0208333,0.6959464566194592
18540,0.143976,-0.00763414,0.0208333,1.1149870504068926
18564,0.244559,-0.0369189,0.0208333,0.5905550526819418
18588,0.122916,-0.0351829,0.0208333,0.6220047180434184
18612,0.132411,-0.00766552,0.0208333,1.1787981442063387
18636,0.260422,-0.0372067,0.0208333,0.32489272873930575
18660,0.131752,-0.0346837,0.0208333,0.5770967222321948
18684,0.129966,-0.034708,0.0208333,0.5913199443856536
18708,0.25167,-0.0381588,0.0208333,0.4131953698242492
18732,0.290025,-0.0349018,0.0208333,0.24087772440748853
18756,0.121215,-0.0352833,0.0208333,0.6202987795425685
18780,0.196803,-0.0370361,0.0208333,0.5823266642453958
18804,0.240618,-0.038532,0.0208333,0.5288237384030293
18828,0.209716,-0.0342084,0.0208333,0.7563044388402873
18852,0.133713,-0.0346629,0.0208333,0.5595780951623168
18876,0.124686,-0.0351603,0.0208333,0.6226142015075404
18900,0.128221,-0.0348158,0.0208333,0.605746870380452
18924,0.250375,-0.0374251,0.0208333,0.4887251590337488
18948,0.128545,-0.0381907,0.0208333,0.7849753026060516
18972,0.137584,-0.0343045,0.0208333,0.4956454686779335
18996,0.135699,-0.0344712,0.0208333,0.5327915343750927
19020,0.2199,-0.0356216,0.0208333,0.7312560798547395
19044,0.126464,-0.0350244,0.0208333,0.6229032220313651
19068,0.173507,-0.0385724,0.0208333,0.19579776751388792
19092,0.125137,-0.0376943,0.0208333,0.7658035264711125
19116,0.110942,-0.0329706,0.0208333,0.4422045771157961
19140,0.237242,-0.0383264,0.0208333,0.5945303157435642
19164,0.255922,-0.0369449,0.0208333,0.4360198316561854
19188,0.118427,-0.0127514,0.0208333,0.882878902165455
19212,0.165551,-0.0369949,0.0208333,0.06632578364512552
19236,0.267193,-0.034441,0.0208333,0.3190382438580052
19260,0.20617,-0.035607,0.0208333,0.7065120230901496
19284,0.278987,-0.0362381,0.0208333,0.19980643008321855
19308,0.147286,-0.0226929,0.0208333,0.7007537607070706
19332,0.222932,-0.0141368,0.0208333,0.7669205679358571
19356,0.263698,-0.0368345,0.0208333,0.2217050512558027
19380,0.218975,-0.0281785,0.0208333,0.8865771327569525
19404,0.173867,-0.0336377,0.0208333,0.4057999949713653
19428,0.263401,-0.0359965,0.0208333,0.3357618861203994
19452,0.231121,-0.0337445,0.0208333,0.7644142635422299
19476,0.146621,-0.0147355,0.0208333,1.0100093715507577
19500,0.139441,-0.0371569,0.0208333,0.6638514593741844
19524,0.138514,-0.0180837,0.0208333,0.8313421782705475
19548,0.174397,-0.0371696,0.0208333,0.2577322163181196
19572,0.239498,-0.0317733,0.0208333,0.7769831963454071
19596,0.296815,-0.0360796,0.0208333,0.17033670285540342
19620,0.137875,-0.0228009,0.0208333,0.49944060832752907
19644,0.228909,-0.0369405,0.0208333,0.6845895132478583
19668,0.259433,-0.037179,0.0208333,0.33521880291784406
19692,0.285638,-0.0363933,0.0208333,0.24530316650204498
19716,0.108108,-0.0382592,0.0208333,0.3735224416858109
19740,0.109099,-0.0372769,0.0208333,0.4493057141568605
19764,0.128378,-0.0374329,0.0208333,0.767781404976266
19788,0.112227,-0.0327785,0.0208333,0.445369683284747
19812,0.247004,-0.0371916,0.0208333,0.5457341876223317
19836,0.243438,-0.0380952,0.0208333,0.5478719496767309
19860,0.129487,-0.0383804,0.0208333,0.7833822031468803
19884,0.151112,-0.0384935,0.0208333,0.49860136573839664
19908,0.142319,-0.0380132,0.0208333,0.6849318645253853
19932,0.15888,-0.0253996,0.0208333,0.6369302428753854
19956,0.149559,-0.0325934,0.0208333,0.21655420043959453
19980,0.237952,-0.0370972,0.0208333,0.6470046559831881
20004,0.233832,-0.0369573,0.0208333,0.6665275832995868
20028,0.238665,-0.0366213,0.0208333,0.6508699299906331
20052,0.127651,-0.0371066,0.0208333,0.7645752409383414
20076,0.254407,-0.0378565,0.0208333,0.38741370588429525
20100,0.179188,-0.0366376,0.0208333,0.3726777480159319
20124,0.163871,-0.0383166,0.0208333,0.0708475194305884
20148,0.236523,-0.0366498,0.0208333,0.6613205550713599
20172,0.260634,-0.0380155,0.0208333,0.22103602130169211
20196,0.202425,-0.0370881,0.0208333,0.6308391929132688
20220,0.289198,-0.0133807,0.0208333,0.5841084226776395
20244,0.261474,-0.0296506,0.0208333,0.6278519330200458
20268,0.177516,-0.0382306,0.0208333,0.2832573202498818
20292,0.223687,-0.0365946,0.0208333,0.702852834634203
20316,0.220483,-0.0135289,0.0208333,0.7659445584305985
20340,0.167757,-0.0379104,0.0208333,0.0736148296671941
20364,0.241538,-0.0384706,0.0208333,0.5216336418714532
20388,0.245307,-0.0280362,0.0208333,0.7955958974885363
20412,0.274714,-0.0361197,0.0208333,0.17336966579393295
20436,0.288279,-0.0366882,0.0208333,0.2511793672123767
20460,0.173215,-0.0379496,0.0208333,0.20662351527876394
20484,0.153601,-0.0145579,0.0208333,1.0282249704446602
20508,0.147236,-0.0324788,0.0208333,0.22308756456952974
20532,0.118064,-0.0342446,0.0208333,0.5464658200480011
20556,0.267879,-0.0144387,0.0208333,0.7299533935594057
20580,0.251303,-0.0373848,0.0208333,0.4812756521327451
20604,0.142627,-0.0322687,0.0208333,0.2800662030406955
20628,0.292373,-0.0194396,0.0208333,0.31021820499527425
20652,0.122194,-0.0373477,0.0208333,0.7485711615877344
20676,0.144895,-0.0324107,0.0208333,0.2545214807000165
20700,0.141846,-0.00915582,0.0208333,1.1383725498339559
20724,0.177418,0.031612,0.0208333,0.3614810507306281
20748,0.163111,-0.033959,0.0208333,0.20000609056621976
20772,0.284522,-0.031806,0.0208333,0.2030951194460615
20796,0.104326,-0.0317575,0.0208333,0.3970647689405245
20820,0.273104,-0.036392,0.0208333,0.16420665766420678
20844,0.238209,-0.0339659,0.0208333,0.730220104896682
20868,0.104047,-0.0288507,0.0208333,0.4445937952921201
20892,0.156819,-0.0369744,0.0208333,0.25536506542586357
20916,0.24024,-0.0379662,0.0208333,0.5818552390981485
20940,0.174831,-0.0379153,0.0208333,0.24632735719633012
20964,0.232916,-0.0344832,0.0208333,0.7417615267058993
20988,0.175592,-0.0344516,0.0208333,0.3971904791703868
21012,0.185569,-0.0363468,0.0208333,0.4884777750535736
21036,0.243424,-0.0308454,0.0208333,0.7651658975125473
21060,0.227911,0.0315857,0.0208333,0.5169074912275202
21084,0.223072,-0.03589,0.0208333,0.7238635964402472
21108,0.185505,-0.018877,0.0208333,0.9012905079627531
21132,0.242746,-0.0189073,0.0208333,0.7964141779361047
21156,0.298463,0.000575019,0.0208333,1.1181248632081526
21180,0.186877,-0.0375187,0.0208333,0.4574405939427511
21204,0.264071,-0.038407,0.0208333,0.08033195616876262
21228,0.286984,-0.0315156,0.0208333,0.22689202645870146
21252,0.240326,-0.0334176,0.0208333,0.7317952077685013
21276,0.289489,-0.0313912,0.0208333,0.24149935532117286
21300,0.292021,-0.0313307,0.0208333,0.2444895698213934
21324,0.140252,-0.0359129,0.0208333,0.5797046561866576
21348,0.177148,-0.0352994,0.0208333,0.3826977328980553
21372,0.234474,-0.03522,0.0208333,0.7154293092019576
21396,0.28207,-0.0137806,0.0208333,0.7300577518628242
21420,0.155234,-0.0366301,0.0208333,0.29651939113327747
21444,0.266181,-0.0169567,0.0208333,0.7355195937467043
21468,0.225237,-0.0115071,0.0208333,0.7201138919352299
21492,0.289452,-0.0277653,0.0208333,0.23294502858914073
21516,0.200733,-0.0378802,0.0208333,0.5843376381074789
21540,0.258255,0.0330504,0.0208333,0.4060217046279823
21564,0.222274,-0.0316967,0.0208333,0.8287112126460454
21588,0.165317,-0.0317686,0.0208333,0.35880345756084503
21612,0.197031,-0.0324222,0.0208333,0.7477047256689708
21636,0.224451,-0.0347648,0.0208333,0.7578872402664925
21660,0.254253,-0.0324253,0.0208333,0.6274456855466849
21684,0.123908,-0.0372656,0.0208333,0.7577066384756677
21708,0.158186,-0.0323767,0.0208333,0.250039041265478
21732,0.205324,-0.0355151,0.0208333,0.7041046645994365
21756,0.259069,-0.0379686,0.0208333,0.28364220392727335
21780,0.235952,-0.0358902,0.0208333,0.689186921471688
21804,0.178672,-0.0359298,0.0208333,0.38488050459743944
21828,0.213977,-0.034611,0.0208333,0.7644020010134864
21852,0.217959,-0.0368863,0.0208333,0.695886925244204
21876,0.27221,-0.0176584,0.0208333,0.714334231105216
21900,0.132261,-0.0372698,0.0208333,0.735882352737277
21924,0.244664,-0.0332682,0.0208333,0.6985458121387305
21948,0.158575,-0.0312062,0.0208333,0.3196124251196756
21972,0.150676,-0.0380008,0.0208333,0.5021475099699714
21996,0.110298,-0.0378795,0.0208333,0.4740518510456661
22020,0.109588,-0.0380449,0.0208333,0.4595431559698881
22044,0.134477,-0.036186,0.0208333,0.665847113837836
22068,0.243022,-0.0365224,0.0208333,0.6227360783657115
22092,0.257759,-0.0309683,0.0208333,0.6325073794224825
22116,0.120484,-0.0367165,0.0208333,0.6939202256645962
22140,0.224012,-0.0381044,0.0208333,0.6364108522174639
22164,0.259429,-0.0160169,0.0208333,0.7365086581213166
22188,0.150531,-0.0185446,0.0208333,0.9117036688728247
22212,0.202169,-0.0159898,0.0208333,0.8333740763725517
22236,0.272096,-0.0311802,0.0208333,0.3738252915646693
22260,0.204313,-0.0323939,0.0208333,0.7934232577603867
22284,0.27543,-0.0355652,0.0208333,0.17414669891941678
22308,0.262792,-0.0119794,0.0208333,0.711231616895748
22332,0.193163,-0.0380002,0.0208333,0.5064823514663674
22356,0.242772,-0.0374761,0.0208333,0.5728238861380953
22380,0.133988,-0.0103137,0.0208333,1.1236332438175662
22404,0.283001,-0.0369741,0.0208333,0.23988316813776242
22428,0.279639,-0.0355668,0.0208333,0.2023383259139012
22452,0.110283,-0.0363809,0.0208333,0.4894469580854703
22476,0.156071,-0.0308378,0.0208333,0.33480223341313464
22500,0.290957,-0.0363532,0.0208333,0.24492424830159223
22524,0.143628,-0.0371554,0.0208333,0.6006584893170491
22548,0.146441,-0.034371,0.0208333,0.34936895208624497
22572,0.153524,-0.0306459,0.0208333,0.2969683924944532
22596,0.277932,-0.0215381,0.0208333,0.604310480928711
22620,0.223392,-0.0374753,0.0208333,0.6624253705787526
22644,0.246942,0.0333557,0.0208333,0.4756763813012935
22668,0.280301,-0.0297312,0.0208333,0.07723369874458946
22692,0.28145,-0.0379662,0.0208333,0.2364306694675841
22716,0.171925,0.0340449,0.0208333,0.36124087744595973
22740,0.294539,-0.0380432,0.0208333,0.21831154024188118
22764,0.200476,-0.0311492,0.0208333,0.8086069245034525
22788,0.102007,-0.0340841,0.0208333,0.2805266479427785
22812,0.261325,-0.0383166,0.0208333,0.19991590728449024
22836,0.277717,-0.0314264,0.0208333,0.08859374235017956
22860,0.224589,-0.0322249,0.0208333,0.8155509831249523
22884,0.18824,0.033602,0.0208333,0.41195528866069053
22908,0.185951,0.0319847,0.0208333,0.40096227504376636
22932,0.223172,-0.032715,0.0208333,0.8151002048436888
22956,0.283845,-0.0356615,0.0208333,0.2297659436763421
22980,0.124469,-0.0377804,0.0208333,0.7645004126132898
23004,0.237329,-0.0341235,0.0208333,0.7329313522625035
23028,0.301808,0.000977872,0.0208333,1.2183364067926232
23052,0.0971804,0.00334745,0.0208333,1.1929250655775845
23076,0.303186,0.003257,0.0208333,1.2601514624862562
23100,0.126743,-0.0151554,0.0208333,0.7819036195901773
23124,0.182223,-0.0317282,0.0208333,0.6101569354207089
23148,0.178795,-0.0374803,0.0208333,0.3250787968298857
23172,0.180103,-0.0341092,0.0208333,0.5107567089346154
23196,0.238817,-0.0350027,0.0208333,0.6964456487215733
23220,0.253188,-0.0370898,0.0208333,0.4714323035430484
23244,0.224507,-0.0364167,0.0208333,0.7023913919925218
23268,0.111978,-0.0366766,0.0208333,0.5453611090298303
23292,0.184907,-0.012943,0.0208333,0.8162486867916053
23316,0.137562,-0.026061,0.0208333,0.23363187678487388
23340,0.242147,-0.0129768,0.0208333,0.7308211642791671
23364,0.152308,-0.0375124,0.0208333,0.4257376560632282
23388,0.193263,-0.0372333,0.0208333,0.5503664916436262
23412,0.159629,-0.0366329,0.0208333,0.14468869811786442
23436,0.278109,-0.0360456,0.0208333,0.19275789701970605
23460,0.143187,-0.0146831,0.0208333,1.0354428313725745
23484,0.164651,-0.0342695,0.0208333,0.2357236902434432
23508,0.250431,-0.0210333,0.0208333,0.7868588659326854
23532,0.1932,-0.0210032,0.0208333,0.910795021418499
23556,0.153845,-0.0342551,0.0208333,0.22446316986545675
23580,0.273673,-0.0348876,0.0208333,0.1343174716621036
23604,0.180069,-0.0365643,0.0208333,0.3843770833751982
23628,0.117389,-0.0324058,0.0208333,0.4340082317182954
23652,0.237343,-0.0365668,0.0208333,0.6584571298433999
23676,0.105473,-0.0311248,0.0208333,0.41719585519939384
23700,0.214192,-0.0322068,0.0208333,0.8194964391721953
23724,0.245436,-0.0126967,0.0208333,0.7219218811672977
23748,0.295398,-0.0285369,0.0208333,0.21780256210139035
23772,0.188199,-0.0126607,0.0208333,0.8167181764329191
23796,0.229688,-0.0383351,0.0208333,0.6255399820966382
23820,0.150322,-0.0367609,0.0208333,0.45125045763977917
23844,0.141733,0.0331189,0.0208333,0.3226180957620481
23868,0.144601,-0.0384193,0.0208333,0.6496182203311462
23892,0.104269,-0.034965,0.0208333,0.3254039930951832
23916,0.285552,0.0316871,0.0208333,0.19645374473569624
23940,0.267172,-0.0194029,0.0208333,0.7249489381529327
23964,0.182944,-0.0100036,0.0208333,0.7847213287131442
23988,0.154121,-0.0251773,0.0208333,0.6401486968971555
24012,0.225667,-0.0279176,0.0208333,0.8787810876910677
24036,0.119487,-0.0353474,0.0208333,0.6094375982087257
24060,0.1684,-0.0278966,0.0208333,0.6353145647002977
24084,0.167584,-0.0112682,0.0208333,0.9194285813590518
24108,0.232196,-0.037824,0.0208333,0.6278539689179181
24132,0.240183,-0.0100382,0.0208333,0.6793174310615636
24156,0.116502,-0.0329924,0.0208333,0.45893939897240904
24180,0.12628,-0.0270176,0.0208333,0.04772724857449463
24204,0.0971371,-0.00845059,0.0208333,1.1528799022492557
24228,0.302901,-0.00845941,0.0208333,1.0021408184206202
24252,0.119487,-0.0381165,0.0208333,0.7247921094182376
24276,0.241908,-0.0377161,0.0208333,0.5778092503909258
24300,0.244143,-0.0353493,0.0208333,0.6484334676594089
24324,0.102965,-0.0367312,0.0208333,0.20032469635734498
24348,0.107404,-0.012747,0.0208333,0.5436090702858642
24372,0.292633,-0.0131143,0.0208333,0.5778488674270202
24396,0.272373,-0.0288477,0.0208333,0.48244289069459817
24420,0.179616,-0.0103522,0.0208333,0.7873061697887455
24444,0.128345,-0.0307205,0.0208333,0.2801018726004137
24468,0.236857,-0.0103866,0.0208333,0.6883881324093717
24492,0.222493,-0.0270805,0.0208333,0.8904292035051345
24516,0.165104,-0.0270578,0.0208333,0.6408838009284188
24540,0.163477,-0.0236528,0.0208333,0.7697514407271541
24564,0.281331,-0.00171211,0.0208333,0.6973161943012905
24588,0.245018,-0.0383535,0.0208333,0.508982334777769
24612,0.165815,-0.0163238,0.0208333,0.9655680746858682
24636,0.101733,0.0129322,0.0208333,0.2424403583066491
24660,0.298312,0.0129462,0.0208333,0.23798799110765567
24684,0.290484,-0.0378311,0.0208333,0.2587134751051827
24708,0.297261,-0.035258,0.0208333,0.16144879752803984
24732,0.188719,-0.0372484,0.0208333,0.49998048752463325
24756,0.28291,0.00144954,0.0208333,0.6910705174397698
24780,0.241313,-0.0370317,0.0208333,0.614957763097944
24804,0.171138,-0.0367942,0.0208333,0.215145732875028
24828,0.283216,-0.00461856,0.0208333,0.7731607541744215
24852,0.119017,0.00425033,0.0208333,1.1115992897508742
24876,0.211327,-0.0338121,0.0208333,0.7678760867592356
24900,0.239649,-0.035068,0.0208333,0.6937148105363703
24924,0.155748,-0.0347425,0.0208333,0.2094872839228211
24948,0.117443,0.00731421,0.0208333,0.9694129797835938
24972,0.117156,0.00134631,0.0208333,1.253454038961215
24996,0.275405,-0.0281635,0.0208333,0.4304595869159032
25020,0.250551,0.0235489,0.0208333,0.26993764117554336
25044,0.248747,0.0265719,0.0208333,0.34955886067646685
25068,0.253993,0.0237507,0.0208333,0.23711326200585744
25092,0.25583,0.0209294,0.0208333,0.17404532669047912
25116,0.259283,0.0211218,0.0208333,0.15566235464270897
25140,0.132594,-0.00220562,0.0208333,1.1897991489666675
25164,0.261176,0.0182094,0.0208333,0.14272227299017137
25188,0.129365,0.00375366,0.0208333,1.0158000886814083
25212,0.259602,0.0151237,0.0208333,0.17572047507200206
25236,0.240116,0.0230645,0.0208333,0.305438961839753
25260,0.261486,0.0122174,0.0208333,0.27002686902118983
25284,0.261798,0.00622329,0.0208333,0.4325718463593456
25308,0.132824,0.00358572,0.0208333,1.0124262152619803
25332,0.238292,0.0258954,0.0208333,0.37837042535290255
25356,0.259912,0.00913101,0.0208333,0.31226268273850877
25380,0.243585,0.0232275,0.0208333,0.28256638008527146
25404,0.265258,0.00640207,0.0208333,0.418644884335707
25428,0.245245,0.0264277,0.0208333,0.37011646703042056
25452,0.127499,0.000856181,0.0208333,1.1790455120521683
25476,0.267147,0.00349164,0.0208333,0.5205308995103032
25500,0.267467,-0.00251155,0.0208333,0.6266014174079174
25524,0.265576,0.000403062,0.0208333,0.5463965812523559
25548,0.134448,0.000583056,0.0208333,1.0717718502078335
25572,0.270928,-0.00233727,0.0208333,0.6238380561056338
25596,0.234838,0.025745,0.0208333,0.3912123656592204
25620,0.140996,0.0271952,0.0208333,0.28974053816433126
25644,0.138735,0.0182846,0.0208333,0.11423112729735664
25668,0.262113,0.000226303,0.0208333,0.5539395735507876
25692,0.257065,-0.00304069,0.0208333,0.591801904819426
25716,0.139082,0.0243041,0.0208333,0.26134229985406016
25740,0.137851,0.000494759,0.0208333,1.0661028455469193
25764,0.254877,0.00586458,0.0208333,0.3726009480558812
25788,0.260537,-0.00285793,0.0208333,0.5834513113429519
25812,0.149327,0.0237386,0.0208333,0.25406133216146765
25836,0.130256,0.0216403,0.0208333,0.22333359239820685
25860,0.140609,0.0211978,0.0208333,0.21066817420847775
25884,0.135275,0.0184513,0.0208333,0.06875783467896585
25908,0.128356,0.0187842,0.0208333,0.14438891245922728
25932,0.255179,-0.000135894,0.0208333,0.5100413739488064
25956,0.151064,0.0268492,0.0208333,0.28583737284918587
25980,0.14587,0.0238997,0.0208333,0.2549207503566099
26004,0.256761,0.00295666,0.0208333,0.4745782865832707
26028,0.270288,0.00966787,0.0208333,0.3667140602602863
26052,0.123019,0.0160469,0.0208333,0.09358260779559628
26076,0.144328,0.0269476,0.0208333,0.2871153212813619
26100,0.133716,0.0214728,0.0208333,0.216346923353782
26124,0.139476,-0.00254364,0.0208333,1.0940913620486363
26148,0.246381,0.00241917,0.0208333,0.4407105874717158
26172,0.266831,0.009489,0.0208333,0.38468647050324145
26196,0.124899,0.0189508,0.0208333,0.11500911132915338
26220,0.272175,0.00676006,0.0208333,0.48757287956986556
26244,0.124603,0.0129675,0.0208333,0.42179492510008854
26268,0.129937,0.0157131,0.0208333,0.18315441900359775
26292,0.128063,0.0128004,0.0208333,0.41755175591956406
26316,0.274519,0.0246157,0.0208333,0.12574217056045636
26340,0.269636,0.0215916,0.0208333,0.1241598016176959
26364,0.271061,0.024439,0.0208333,0.15135501840192847
26388,0.271541,0.0187311,0.0208333,0.15209967146519712
26412,0.135649,0.0244124,0.0208333,0.26478794334693356
26436,0.112911,0.0225973,0.0208333,0.24556205763392355
26460,0.274998,0.0189102,0.0208333,0.14346102853909454
26484,0.150566,0.00870962,0.0208333,0.4417882532118274
26508,0.285013,0.0257059,0.0208333,0.10869827842778877
26532,0.14913,0.011655,0.0208333,0.3165320754900271
26556,0.24984,0.00259749,0.0208333,0.4288529825881276
26580,0.21777,0.0189537,0.0208333,0.22201784411367842
26604,0.224341,0.025211,0.0208333,0.3936986626766466
26628,0.219655,0.0160474,0.0208333,0.10618628813707541
26652,0.218399,0.00697956,0.0208333,0.20731713269333266
26676,0.218088,0.0129722,0.0208333,0.025358989589462765
26700,0.220592,-0.00200755,0.0208333,0.47752388184148326
26724,0.220284,0.00407334,0.0208333,0.3015267688217126
26748,0.219973,0.0100659,0.0208333,0.12135557178126358
26772,0.222762,0.022155,0.0208333,0.309079950216591
26796,0.219302,0.0219757,0.0208333,0.30357485530893513
26820,0.224044,-0.00189696,0.0208333,0.47644291779307874
26844,0.225623,0.00126168,0.0208333,0.4034690248644344
26868,0.218712,0.000983252,0.0208333,0.38073301777785046
26892,0.229081,0.00142637,0.0208333,0.3987308693106017
26916,0.207137,0.0243065,0.0208333,0.34923621481606654
26940,0.197941,-9.68086e-05,0.0208333,0.3711649158913967
26964,0.181918,0.00809345,0.0208333,0.11444623360914852
26988,0.194179,0.0057228,0.0208333,0.15966197706579988
27012,0.229366,-0.00497775,0.0208333,0.5619224189520586
27036,0.203296,-0.00281345,0.0208333,0.4703580029050833
27060,0.198204,-0.0061303,0.0208333,0.5983263884423443
27084,0.187858,-0.00663406,0.0208333,0.6620771615279446
27108,0.161666,-0.00501745,0.0208333,0.8833413087780954
27132,0.173115,0.0106417,0.0208333,0.08755966107179461
27156,0.198906,0.0149823,0.0208333,0.13180072478903293
27180,0.168062,0.00735471,0.0208333,0.2113758279569471
27204,0.192601,0.00263419,0.0208333,0.26826415903329315
27228,0.202059,0.0211271,0.0208333,0.27797855053929027
27252,0.234428,-0.00121724,0.0208333,0.47754333420981554
27276,0.166821,-0.00188946,0.0208333,0.7029825769337847
27300,0.234119,0.00477182,0.0208333,0.321125841158994
27324,0.171842,0.00146377,0.0208333,0.5190518835510469
27348,0.168397,0.00126675,0.0208333,0.5275161634313308
27372,0.238845,0.0140479,0.0208333,0.12083995759834576
27396,0.248928,0.0205483,0.0208333,0.18155208716117835
27420,0.225317,0.00732679,0.0208333,0.2308894477559215
27444,0.256142,0.0149445,0.0208333,0.17640371464621743
27468,0.255535,0.0268288,0.0208333,0.3185664146927161
27492,0.198599,0.0209479,0.0208333,0.2607541469174372
27516,0.17754,0.0257929,0.0208333,0.2947831238115106
27540,0.178149,0.0139065,0.0208333,0.11855167562207165
27564,0.154594,0.026737,0.0208333,0.2858359859018929
27588,0.166501,0.00423664,0.0208333,0.472625560350335
27612,0.163176,-0.00797332,0.0208333,0.9049671528811571
27636,0.236003,0.00186894,0.0208333,0.4167341952406979
27660,0.249223,0.0145859,0.0208333,0.15139280049690243
27684,0.192296,0.00863052,0.0208333,0.1159599898852725
27708,0.213054,0.00970724,0.0208333,0.11310489077273583
27732,0.21494,0.00680015,0.0208333,0.19815919748413294
27756,0.187565,-0.000631465,0.0208333,0.43455766345953445
27780,0.16336,-0.00200538,0.0208333,0.7146851566859972
27804,0.197021,0.0178887,0.0208333,0.21217747492434463
27828,0.214629,0.012793,0.0208333,0.05304516265248416
27852,0.208667,0.0273069,0.0208333,0.41346873800467915
27876,0.241039,0.00514877,0.0208333,0.3544741818620315
27900,0.158199,-0.00511746,0.0208333,0.8966153633181232
27924,0.172804,0.0166337,0.0208333,0.16339572608388017
27948,0.16743,0.0193023,0.0208333,0.19871180998382812
27972,0.208974,0.0215121,0.0208333,0.28304098388555077
27996,0.203682,0.0241008,0.0208333,0.3328455998698536
28020,0.230659,0.00458062,0.0208333,0.3301217859031748
28044,0.298235,0.024898,0.0208333,0.18714851441379382
28068,0.230966,-0.00146862,0.0208333,0.4860074525204687
28092,0.194479,-0.000278542,0.0208333,0.3634854467120555
28116,0.23381,0.0107786,0.0208333,0.14555878533504735
28140,0.176883,0.00481401,0.0208333,0.2665086522343845
28164,0.202675,0.00916924,0.0208333,0.1169397528384702
28188,0.20456,0.00626299,0.0208333,0.17063305085430666
28212,0.189441,-0.00354576,0.0208333,0.5162906057053567
28236,0.220828,-0.00796468,0.0208333,0.6298261472803268
28260,0.210714,-0.0086502,0.0208333,0.6500679379030112
28284,0.203577,-0.00905797,0.0208333,0.679769563554333
28308,0.174139,-0.00794273,0.0208333,0.7635782245497094
28332,0.153281,-0.00832869,0.0208333,1.039805167482005
28356,0.148331,-0.0116886,0.0208333,1.069929982124319
28380,0.240729,0.0111415,0.0208333,0.19559502050516547
28404,0.244189,0.0113208,0.0208333,0.1839623913829226
28428,0.178459,0.00791426,0.0208333,0.11913577076800502
28452,0.191987,0.0146238,0.0208333,0.1506941112286824
28476,0.230041,0.0165958,0.0208333,0.11981030116951547
28500,0.167678,0.0133168,0.0208333,0.08178963527490815
28524,0.202365,0.0151616,0.0208333,0.14859111982615952
28548,0.212433,0.0216914,0.0208333,0.29778503777285703
28572,0.228776,0.00750154,0.0208333,0.22640103030154377
28596,0.215253,0.000803973,0.0208333,0.3763042368521355
28620,0.177619,-0.00733589,0.0208333,0.7581666424622917
28644,0.156569,-0.00812333,0.0208333,1.0229408765014019
28668,0.176574,0.0108209,0.0208333,0.08922746953900756
28692,0.188527,0.0144445,0.0208333,0.13442672901673833
28716,0.193247,0.0236947,0.0208333,0.30142558586318713
28740,0.171537,0.00754258,0.0208333,0.19054157788630702
28764,0.231377,-0.00798554,0.0208333,0.6298686068663925
28788,0.205183,-0.00571886,0.0208333,0.563937452501077
28812,0.200067,-0.00928133,0.0208333,0.6791047992539648
28836,0.199828,-0.00300153,0.0208333,0.4659101289828785
28860,0.183803,0.00518658,0.0208333,0.17158081407024695
28884,0.173729,-0.00143007,0.0208333,0.5684880093724493
28908,0.245465,0.0203711,0.0208333,0.20330107136633613
28932,0.181298,0.0200779,0.0208333,0.2373784204887051
28956,0.250804,0.0176584,0.0208333,0.1417520004072253
28980,0.192716,0.0299393,0.0208333,0.3892613143725048
29004,0.223742,0.00424117,0.0208333,0.30326556051587855
29028,0.209905,0.00353622,0.0208333,0.2706173362600646
29052,0.161594,0.000977676,0.0208333,0.6669708174117066
29076,0.156471,0.0296447,0.0208333,0.3045495015439198
29100,0.254264,0.0178376,0.0208333,0.14475058808080504
29124,0.10176,0.0248974,0.0208333,0.17368683906531318
29148,0.189142,0.00245567,0.0208333,0.259588879930866
29172,0.240422,0.0171226,0.0208333,0.1375998931254309
29196,0.207399,0.0184265,0.0208333,0.22039377214192957
29220,0.189689,-0.00954586,0.0208333,0.716590980074191
29244,0.184108,-0.000808558,0.0208333,0.43384386056412616
29268,0.179074,-0.00407613,0.0208333,0.6149755932560317
29292,0.235695,0.00787195,0.0208333,0.264118584490036
29316,0.213944,0.0247725,0.0208333,0.369416020976634
29340,0.194735,-0.00631839,0.0208333,0.5979183952132707
29364,0.212744,0.0156994,0.0208333,0.1370701162939678
29388,0.217361,0.0248882,0.0208333,0.37943780717185804
29412,0.199523,0.00299569,0.0208333,0.24646515756901644
29436,0.21559,-0.00511987,0.0208333,0.5547514232519896
29460,0.204871,0.000272019,0.0208333,0.35467948397615684
29484,0.193111,-0.0094046,0.0208333,0.7171667886682305
29508,0.168668,-0.00519565,0.0208333,0.7599234495642679
29532,0.166717,-0.00826744,0.0208333,0.8972028133741659
29556,0.245764,0.0144066,0.0208333,0.14625042286531995
29580,0.228466,0.0135102,0.0208333,0.06068038035189381
29604,0.223432,0.0102453,0.0208333,0.12095912349987767
29628,0.208331,0.000452224,0.0208333,0.36374751277608497
29652,0.183493,0.0111793,0.0208333,0.10336747702346033
29676,0.225007,0.0133309,0.0208333,0.037496395693080956
29700,0.20394,0.0182472,0.0208333,0.19966314304431074
29724,0.235385,0.0138687,0.0208333,0.10293902717618619
29748,0.180909,0.0259131,0.0208333,0.30508721626936797
29772,0.186953,0.0113587,0.0208333,0.11028248331535884
29796,0.18766,0.0265498,0.0208333,0.3310525170586874
29820,0.235075,0.0198607,0.0208333,0.2266295660351438
29844,0.241345,-0.000846252,0.0208333,0.49851761228821434
29868,0.214318,0.018785,0.0208333,0.20968598513659517
29892,0.224238,-0.00828188,0.0208333,0.6303487587581618
29916,0.18253,-0.0038983,0.0208333,0.6095745500005866
29940,0.177191,-0.00117977,0.0208333,0.5627188680741004
29964,0.182227,0.00209992,0.0208333,0.3505846317104616
29988,0.172131,-0.00493328,0.0208333,0.7519906440793057
30012,0.151458,-0.00549324,0.0208333,1.0463734969483363
30036,0.188837,0.00845147,0.0208333,0.11861227119932616
30060,0.186642,0.0173508,0.0208333,0.19959351773716602
30084,0.193871,0.0117171,0.0208333,0.1092405478248457
30108,0.191676,0.0206157,0.0208333,0.2574196542805238
30132,0.197331,0.0118963,0.0208333,0.10789333938297581
30156,0.172482,0.0225586,0.0208333,0.24811745367688284
30180,0.196711,0.0238475,0.0208333,0.3189323255694833
30204,0.20425,0.0122553,0.0208333,0.09593932111807338
30228,0.209284,0.0155202,0.0208333,0.11711794166874007
30252,0.212015,0.0275936,0.0208333,0.4263909608409448
30276,0.1828,0.0230959,0.0208333,0.27375996632325356
30300,0.191189,0.02679,0.0208333,0.3441820674748365
30324,0.186259,0.0232752,0.0208333,0.2887619160786978
30348,0.162629,0.0100433,0.0208333,0.15406065128777077
30372,0.161261,0.00700227,0.0208333,0.4170647058877675
30396,0.213365,0.00371466,0.0208333,0.282054786098555
30420,0.20802,0.00644257,0.0208333,0.18752509567151512
30444,0.208646,-0.00553084,0.0208333,0.5659719989384431
30468,0.192896,-0.00337135,0.0208333,0.517030367871906
30492,0.181608,0.0140858,0.0208333,0.14219681213066487
30516,0.176264,0.016813,0.0208333,0.18510909900103345
30540,0.170889,0.0194815,0.0208333,0.21196087368742397
30564,0.197639,0.00590257,0.0208333,0.17083111118100355
30588,0.175711,0.0286071,0.0208333,0.3280220043305729
30612,0.225902,-0.0052414,0.0208333,0.5689557322709844
30636,0.21904,-0.00503478,0.0208333,0.5559772757590603
30660,0.213682,-0.00227191,0.0208333,0.46520535227524157
30684,0.17123,0.0135481,0.0208333,0.11899045238498057
30708,0.223115,0.0162267,0.0208333,0.11642113920056142
30732,0.175971,0.0227964,0.0208333,0.26051219205947423
30756,0.165793,0.0162232,0.0208333,0.1550927479996359
30780,0.199215,0.00898956,0.0208333,0.11787247805743332
30804,0.166089,0.0102226,0.0208333,0.11829119201549032
30828,0.163159,0.00406348,0.0208333,0.4818653243346219
30852,0.202984,0.00317643,0.0208333,0.2621384174034016
30876,0.234859,-0.00737212,0.0208333,0.6223457986586085
30900,0.17342,0.00462154,0.0208333,0.27756754831278385
30924,0.214196,-0.00841254,0.0208333,0.6494012321601659
30948,0.151781,-0.0116366,0.0208333,1.0511997076546202
30972,0.239155,0.00805562,0.0208333,0.24768326706974267
30996,0.243881,0.0173018,0.0208333,0.1393788636242845
31020,0.251108,0.0116796,0.0208333,0.2282750352721122
31044,0.2335,0.0167751,0.0208333,0.11804467361105286
31068,0.230351,0.0105993,0.0208333,0.1602692350756616
31092,0.228156,0.0195022,0.0208333,0.219700371709318
31116,0.159969,0.0296368,0.0208333,0.3077902035356557
31140,0.239463,0.00206223,0.0208333,0.4063067642666601
31164,0.187261,0.00536524,0.0208333,0.1759516160802398
31188,0.239767,-0.00393526,0.0208333,0.552567178886359
31212,0.183183,0.0171715,0.0208333,0.178866595895616
31236,0.177838,0.0198986,0.0208333,0.22221182044340956
31260,0.236311,-0.00411296,0.0208333,0.5610524802779623
31284,0.178767,0.00190654,0.0208333,0.3507010705757078
31308,0.188217,0.0204364,0.0208333,0.24022164671393148
31332,0.193561,0.0177094,0.0208333,0.1902468054579264
31356,0.184404,-0.0068095,0.0208333,0.6638473098378066
31380,0.238537,0.0200289,0.0208333,0.206412525980111
31404,0.20771,0.0124346,0.0208333,0.08422519695867087
31428,0.254568,0.0118588,0.0208333,0.21860186241038299
31452,0.210221,-0.00244523,0.0208333,0.46066474491609855
31476,0.156326,0.023668,0.0208333,0.2513610328681581
31500,0.258899,0.0271299,0.0208333,0.29184039580421967
31524,0.224689,0.0193123,0.0208333,0.22175655230095842
31548,0.209595,0.0095281,0.0208333,0.10724402195282683
31572,0.241641,-0.00684603,0.0208333,0.627274601585629
31596,0.154435,0.0207881,0.0208333,0.21082103202172525
31620,0.26081,0.0242442,0.0208333,0.21837139385615598
31644,0.264254,0.0243713,0.0208333,0.18791927162422276
31668,0.150943,0.0146224,0.0208333,0.1056150790860396
31692,0.245095,-0.00667176,0.0208333,0.6184861158143244
31716,0.150965,0.0207465,0.0208333,0.21243573576697872
31740,0.149093,0.0178278,0.0208333,0.13187675803734333
31764,0.276551,0.0219474,0.0208333,0.10772410256116734
31788,0.281528,0.025478,0.0208333,0.11448629246410211
31812,0.28703,0.0226708,0.0208333,0.10645055736303866
31836,0.12868,0.0246674,0.0208333,0.2746296211182423
31860,0.246927,-0.00958383,0.0208333,0.6803794757674746
31884,0.266186,0.0214282,0.0208333,0.13634311832937554
31908,0.144065,0.0210409,0.0208333,0.20664577521885538
31932,0.264635,0.0183886,0.0208333,0.1437601748351848
31956,0.280027,0.0221542,0.0208333,0.10074333184259739
31980,0.145406,0.0119471,0.0208333,0.32316482630376336
32004,0.114898,0.0256873,0.0208333,0.2608921519903964
32028,0.12522,0.0248398,0.0208333,0.27710184280673794
32052,0.264945,0.0123966,0.0208333,0.255294353786472
32076,0.285502,0.0196554,0.0208333,0.14424391987185098
32100,0.14565,0.0179611,0.0208333,0.08219356587267035
32124,0.250351,-0.00944517,0.0208333,0.6719540126547086
32148,0.118386,0.0254681,0.0208333,0.27155896222135467
32172,0.251975,-0.00635909,0.0208333,0.6341429503464152
32196,0.143776,0.0150479,0.0208333,0.12885476068854346
32220,0.281984,0.0193667,0.0208333,0.17053375228984316
32244,0.123339,0.0219794,0.0208333,0.25020868641132826
32268,0.266519,0.0154822,0.0208333,0.2096546647864983
32292,0.255444,-0.00617085,0.0208333,0.625436160127442
32316,0.269976,0.0156612,0.0208333,0.1992043026103806
32340,0.280385,0.0162684,0.0208333,0.2278255588507502
32364,0.140316,0.0152145,0.0208333,0.17124353542274853
32388,0.114511,0.0195169,0.0208333,0.23246088622379657
32412,0.119877,0.0221547,0.0208333,0.2623421798042823
32436,0.117989,0.0192935,0.0208333,0.23121457698877898
32460,0.271859,0.0127545,0.0208333,0.3276707203048542
32484,0.138442,0.0123013,0.0208333,0.3895776026474345
32508,0.276876,0.0160187,0.0208333,0.2578723025532894
32532,0.257326,-0.00933341,0.0208333,0.6827447404011787
32556,0.133396,0.0155478,0.0208333,0.1472709761401526
32580,0.134693,0.00647527,0.0208333,0.7969660398986655
32604,0.260854,-0.0091236,0.0208333,0.6759490768835494
32628,0.119572,0.0162143,0.0208333,0.11984136029846457
32652,0.134982,0.012468,0.0208333,0.3940013883017271
32676,0.275302,0.0129329,0.0208333,0.3048560506856011
32700,0.262444,-0.00577828,0.0208333,0.6515391229804252
32724,0.133107,0.0095551,0.0208333,0.6429416069058091
32748,0.117717,0.0133006,0.0208333,0.37014906659365504
32772,0.277177,0.0100258,0.0208333,0.44679604785967575
32796,0.280976,0.00428406,0.0208333,0.583832152790316
32820,0.129648,0.00972216,0.0208333,0.6475919680127166
32844,0.11929,0.010224,0.0208333,0.7004133424069104
32868,0.270606,0.00367076,0.0208333,0.5134635694264756
32892,0.27562,0.0069396,0.0208333,0.47792257625839096
32916,0.26591,-0.00560866,0.0208333,0.6464400055755214
32940,0.145263,0.00588717,0.0208333,0.6620655286326963
32964,0.251717,-0.00031616,0.0208333,0.5205120643532004
32988,0.251417,0.00568567,0.0208333,0.38846959753135457
33012,0.250135,-0.0034092,0.0208333,0.561788287116446
33036,0.244498,0.00532794,0.0208333,0.34072953905666686
33060,0.249533,0.00859356,0.0208333,0.27358921251232016
33084,0.244803,-0.000668478,0.0208333,0.48785712051444097
33108,0.267835,-0.00857662,0.0208333,0.6949101694493289
33132,0.277507,0.00403367,0.0208333,0.5857706601061625
33156,0.272497,0.000756472,0.0208333,0.605877666649631
33180,0.122729,0.0100584,0.0208333,0.7005217029339965
33204,0.127774,0.00681026,0.0208333,0.9005671686237158
33228,0.256453,0.00895174,0.0208333,0.33219900251199563
33252,0.246074,0.00841414,0.0208333,0.2935580423599526
33276,0.24668,-0.00358321,0.0208333,0.5717927482464903
33300,0.260224,0.0031361,0.0208333,0.4641331719587731
33324,0.129105,-0.00210043,0.0208333,1.1935675721905488
33348,0.124315,0.00697938,0.0208333,0.9025334287290684
33372,0.271308,-0.00843051,0.0208333,0.6955126392402751
33396,0.275953,0.00093984,0.0208333,0.6047090332805208
33420,0.227854,0.0254328,0.0208333,0.39331031181206016
33444,0.2332,0.022746,0.0208333,0.31023171003371075
33468,0.229741,0.0225667,0.0208333,0.31873050307008644
33492,0.12245,0.00408114,0.0208333,1.113858140292795
33516,0.277844,-0.00197142,0.0208333,0.6878606775546074
33540,0.272845,-0.00528826,0.0208333,0.6885551615187142
33564,0.127276,-0.00489318,0.0208333,1.2256545269428056
33588,0.139686,0.00334404,0.0208333,0.8795917556488553
33612,0.138152,0.00632188,0.0208333,0.7908367562912899
33636,0.14353,0.00904744,0.0208333,0.5447076811093202
33660,0.143293,0.00309693,0.0208333,0.8730191157504457
33684,0.124043,0.00101455,0.0208333,1.1786515138590619
33708,0.12384,-0.0047703,0.0208333,1.2253349387573518
33732,0.276304,-0.00510578,0.0208333,0.69278347112541
33756,0.229582,0.0284586,0.0208333,0.4618212918272596
33780,0.140026,0.00923505,0.0208333,0.5532258535075195
33804,0.148574,0.0058415,0.0208333,0.658094775078119
33828,0.233107,0.0285916,0.0208333,0.4556686657029698
33852,0.278214,-0.00804109,0.0208333,0.7398271633830757
33876,0.122213,-0.00181919,0.0208333,1.2608359795821966
33900,0.118759,-0.00165661,0.0208333,1.256448381206773
33924,0.113685,0.00149571,0.0208333,1.2427770223835983
33948,0.281639,-0.00781317,0.0208333,0.7561810915920455
33972,0.154097,-0.0199351,0.0208333,0.8581009758477566
33996,0.116895,-0.00447369,0.0208333,1.247191560941668
34020,0.283541,-0.0106941,0.0208333,0.7624527582748142
34044,0.111855,-0.00145934,0.0208333,1.2920343527029605
34068,0.129559,-0.0312151,0.0208333,0.29613340302774444
34092,0.296511,0.0217,0.0208333,0.17649668347701636
34116,0.295993,-0.0358788,0.0208333,0.18591767180125723
34140,0.108688,0.0322952,0.0208333,0.19822868657259876
34164,0.209706,-0.0379261,0.0208333,0.6299899516279879
34188,0.298276,0.018802,0.0208333,0.13144847404217516
34212,0.287019,-0.0104353,0.0208333,0.7698091002426252
34236,0.113462,-0.00442582,0.0208333,1.2389640104601496
34260,0.28674,-0.00436682,0.0208333,0.8058254471902471
34284,0.114394,0.0316845,0.0208333,0.2613376178450557
34308,0.291186,0.0322852,0.0208333,0.15906960057301836
34332,0.134691,-0.0326833,0.0208333,0.38115683792706645
34356,0.198072,-0.0377316,0.0208333,0.5635484358861858
34380,0.284309,-0.0395831,0.0208333,0.23451797850921793
34404,0.105233,-0.0395434,0.0208333,0.21960298688185573
34428,0.175337,-0.0395609,0.0208333,0.18543986431346685
34452,0.26194,-0.0395691,0.0208333,0.047391107995805495
34476,0.26937,-0.0396074,0.0208333,0.08417665815054017
34500,0.273888,-0.0395827,0.0208333,0.11585228862915495
34524,0.282844,-0.0395823,0.0208333,0.22658628928622315
34548,0.285816,-0.0395544,0.0208333,0.24135113897732074
34572,0.287313,-0.0395691,0.0208333,0.24598261242254502
34596,0.293266,-0.0395605,0.0208333,0.22399883706016177
34620,0.238052,-0.0395874,0.0208333,0.427276259567503
34644,0.254478,-0.0395691,0.0208333,0.2841040452619539
34668,0.266406,-0.0395685,0.0208333,0.08707350106375647
34692,0.297795,-0.0395923,0.0208333,0.09544385695208465
34716,0.13054,-0.039504,0.0208333,0.793386992067235
34740,0.188785,-0.0395964,0.0208333,0.372284298752739
34764,0.193274,-0.0395931,0.0208333,0.42181997758420736
34788,0.206716,-0.0395698,0.0208333,0.5030748382805128
34812,0.205224,-0.0395715,0.0208333,0.4986031819507196
34836,0.197749,-0.0395455,0.0208333,0.46913298850346274
34860,0.220168,-0.0396084,0.0208333,0.5210581333881228
34884,0.278337,-0.039491,0.0208333,0.17944639984777463
34908,0.103699,-0.0395818,0.0208333,0.1515265327378699
34932,0.111249,-0.0395979,0.0208333,0.47412183654850787
34956,0.123122,-0.0395239,0.0208333,0.751564722171354
34980,0.132105,-0.0395886,0.0208333,0.7890383323587825
35004,0.136569,-0.0395893,0.0208333,0.7646569303236456
35028,0.141032,-0.0395949,0.0208333,0.7152190814014046
35052,0.145489,-0.0396009,0.0208333,0.6425198666151671
35076,0.172463,-0.039561,0.0208333,0.12323188815718153
35100,0.199272,-0.0395901,0.0208333,0.4743657472818843
35124,0.230597,-0.0395691,0.0208333,0.4942327330538641
35148,0.239604,-0.0395622,0.0208333,0.42260353185446164
35172,0.106713,-0.0395949,0.0208333,0.283215526708294
35196,0.126185,-0.0396486,0.0208333,0.7717316607267166
35220,0.169325,-0.0395934,0.0208333,0.03138970650506468
35244,0.176866,-0.0395691,0.0208333,0.2131157992724073
35268,0.182832,-0.039579,0.0208333,0.304395489493174
35292,0.184323,-0.0396038,0.0208333,0.321240294530778
35316,0.200746,-0.0395691,0.0208333,0.4835538108241539
35340,0.203731,-0.0395848,0.0208333,0.4910719167758818
35364,0.212751,-0.0395827,0.0208333,0.5147486169016784
35388,0.226121,-0.0395774,0.0208333,0.5229053623022852
35412,0.244075,-0.0395449,0.0208333,0.4060844137380839
35436,0.150058,-0.03956,0.0208333,0.5380710950178239
35460,0.154436,-0.0395584,0.0208333,0.4051409594270246
35484,0.15597,-0.0395691,0.0208333,0.3507093780659565
35508,0.209702,-0.0395686,0.0208333,0.5093870786972533
35532,0.217173,-0.0395528,0.0208333,0.5318339783344171
35556,0.232105,-0.039566,0.0208333,0.48281560586275607
35580,0.248434,-0.0395514,0.0208333,0.3655891366838465
35604,0.114169,-0.0396155,0.0208333,0.5796836648261954
35628,0.120149,-0.0395691,0.0208333,0.7125213386786575
35652,0.1605,-0.0395631,0.0208333,0.20586629910234555
35676,0.121642,-0.0395691,0.0208333,0.7338141871535968
35700,0.117159,-0.0396224,0.0208333,0.6579228559530306
35724,0.170835,-0.0395014,0.0208333,0.08245235315330242
35748,0.163357,-0.0395922,0.0208333,0.11966347450663464
35772,0.167886,-0.0395835,0.0208333,0.021603658664439224
35796,0.181356,-0.0395915,0.0208333,0.28289928822445154
35820,0.185825,-0.0396312,0.0208333,0.33549360196227423
35844,0.190311,-0.0395322,0.0208333,0.39921166153398
35868,0.194831,-0.0395448,0.0208333,0.44402169949357256
35892,0.253003,-0.0395783,0.0208333,0.3161338170757476
35916,0.257477,-0.0395684,0.0208333,0.2060473872647746
35940,0.276833,-0.0395768,0.0208333,0.15623099612264654
35964,0.279882,-0.0396033,0.0208333,0.1955994622962755
35988,0.288819,-0.0394958,0.0208333,0.24840589369237276
36012,0.296273,-0.0394893,0.0208333,0.15836365964324012
36036,0.211203,-0.0395969,0.0208333,0.5076873203279512
36060,0.275374,-0.0396017,0.0208333,0.13370215037657435
36084,0.129032,-0.0396458,0.0208333,0.7892827949137198
36108,0.1336,-0.0395965,0.0208333,0.7836366486110461
36132,0.147009,-0.0395885,0.0208333,0.6116624337158831
36156,0.158939,-0.0394927,0.0208333,0.25164726817452243
36180,0.202235,-0.0395767,0.0208333,0.4885597667369529
36204,0.208209,-0.0395697,0.0208333,0.5061782037553908
36228,0.221642,-0.0395691,0.0208333,0.524660518731586
36252,0.227612,-0.0395691,0.0208333,0.5146450360773225
36276,0.235077,-0.039606,0.0208333,0.45350879870914884
36300,0.233583,-0.0395697,0.0208333,0.4720353168775108
36324,0.290324,-0.039562,0.0208333,0.24556338133664474
36348,0.124653,-0.0395315,0.0208333,0.7666372915777091
36372,0.148514,-0.0395814,0.0208333,0.5763250896065453
36396,0.255962,-0.0395682,0.0208333,0.24798916885610325
36420,0.267862,-0.0395124,0.0208333,0.09046384855338624
36444,0.135077,-0.0395983,0.0208333,0.7752468419304162
36468,0.291802,-0.0395363,0.0208333,0.23899363237575622
36492,0.294738,-0.0395829,0.0208333,0.19561359471404946
36516,0.1022,-0.0396078,0.0208333,0.0843346940593846
36540,0.112751,-0.0370789,0.0208333,0.561465132029627
36564,0.287555,0.0170843,0.0208333,0.27355341498753893
36588,0.29659,0.00996459,0.0208333,0.6206727195048631
36612,0.103454,0.00995054,0.0208333,0.7577147974290311
36636,0.289261,-0.0376969,0.0208333,0.25763546516192215
36660,0.208973,-0.038307,0.0208333,0.6250230671593394
36684,0.206005,-0.0382729,0.0208333,0.6154718204564192
36708,0.296588,0.0157482,0.0208333,0.1690224162706249
36732,0.293969,-0.00376446,0.0208333,1.0174461318983723
36756,0.111536,-0.00727724,0.0208333,1.1279263521211915
36780,0.288641,-0.00730265,0.0208333,0.838775886855297
36804,0.103517,0.0217532,0.0208333,0.20787858731187298
36828,0.261254,-0.0317802,0.0208333,0.5659803950378499
36852,0.298283,0.0069044,0.0208333,1.025802180982034
36876,0.101861,0.00697037,0.0208333,1.1623593769149483
36900,0.161411,-0.022236,0.0208333,0.7888661903690344
36924,0.191339,-0.0352776,0.0208333,0.5955044204082799
36948,0.104455,-0.0391252,0.0208333,0.19276618840693016
36972,0.28505,-0.0391375,0.0208333,0.24287137407125606
36996,0.297054,-0.0390816,0.0208333,0.13780924079792325
37020,0.105977,-0.0391383,0.0208333,0.2569060816330933
37044,0.291081,-0.0390983,0.0208333,0.24722737130088995
37068,0.283571,-0.0391654,0.0208333,0.23501891288943108
37092,0.134349,-0.0391948,0.0208333,0.7840342809769015
37116,0.14623,-0.0391894,0.0208333,0.6314752022369607
37140,0.253749,-0.0391474,0.0208333,0.3069393292862369
37164,0.277558,-0.0390679,0.0208333,0.1725970221652784
37188,0.274635,-0.0391844,0.0208333,0.12981351165681637
37212,0.125464,-0.0391801,0.0208333,0.773898911846214
37236,0.129722,-0.0391498,0.0208333,0.7970519814576275
37260,0.207463,-0.0391394,0.0208333,0.5104617138999408
37284,0.220914,-0.0391776,0.0208333,0.534151979883324
37308,0.23885,-0.0391496,0.0208333,0.431469222872048
37332,0.168555,-0.0391769,0.0208333,0.03908898455191692
37356,0.288073,-0.0390649,0.0208333,0.25182612514685604
37380,0.120896,-0.0391383,0.0208333,0.7282312100350178
37404,0.182099,-0.0391704,0.0208333,0.30132512432062036
37428,0.155182,-0.0391275,0.0208333,0.37929346670379127
37452,0.232852,-0.0391357,0.0208333,0.4826175156582672
37476,0.293974,-0.0391434,0.0208333,0.21674574375576652
37500,0.198513,-0.0391356,0.0208333,0.47868882226466625
37524,0.267105,-0.0390809,0.0208333,0.09157187706064565
37548,0.171656,-0.0390624,0.0208333,0.11797196746290027
37572,0.185074,-0.0392349,0.0208333,0.33523497011937126
37596,0.212013,-0.0391796,0.0208333,0.5170561710415436
37620,0.200018,-0.0391593,0.0208333,0.48605416153836783
37644,0.201488,-0.0391458,0.0208333,0.49182842292594486
37668,0.204478,-0.0391563,0.0208333,0.5015388111032191
37692,0.208956,-0.0391383,0.0208333,0.5133206493935822
37716,0.226867,-0.0391466,0.0208333,0.5242165747720693
37740,0.231359,-0.0391352,0.0208333,0.49402313384984275
37764,0.189544,-0.0391286,0.0208333,0.3968381018501395
37788,0.194076,-0.039138,0.0208333,0.44192569493649686
37812,0.176083,-0.03913,0.0208333,0.20981953803755193
37836,0.183573,-0.0391827,0.0208333,0.3193783057901585
37860,0.20597,-0.0391412,0.0208333,0.5068891460739371
37884,0.159738,-0.0390558,0.0208333,0.22570554454740363
37908,0.122376,-0.039093,0.0208333,0.7479540021173284
37932,0.149318,-0.0391414,0.0208333,0.5618098966999303
37956,0.210457,-0.0391656,0.0208333,0.5148540423325345
37980,0.286562,-0.0391235,0.0208333,0.24777784157648158
38004,0.202981,-0.0391615,0.0208333,0.4960682943053778
38028,0.131302,-0.0390927,0.0208333,0.7949552130105761
38052,0.132869,-0.0391851,0.0208333,0.7909090236962139
38076,0.17001,-0.0390948,0.0208333,0.07973664801256447
38100,0.234332,-0.0391757,0.0208333,0.4698441942871762
38124,0.268576,-0.0391198,0.0208333,0.09833374495507634
38148,0.279115,-0.0390943,0.0208333,0.1930008172964591
38172,0.147762,-0.0391699,0.0208333,0.5983064897483052
38196,0.256722,-0.0391365,0.0208333,0.23333830316340778
38220,0.255216,-0.0391373,0.0208333,0.2714180077190807
38244,0.123894,-0.0390553,0.0208333,0.7636071066739508
38268,0.289591,-0.0390578,0.0208333,0.2514936114773258
38292,0.135825,-0.0391876,0.0208333,0.7743985594578302
38316,0.276088,-0.0391786,0.0208333,0.1496196329127618
38340,0.292531,-0.0390968,0.0208333,0.23679221811308349
38364,0.295489,-0.0390722,0.0208333,0.18325838699880584
38388,0.102915,-0.0391895,0.0208333,0.12350290596565086
38412,0.188628,-0.0380242,0.0208333,0.4552195081935967
38436,0.10773,-0.0275911,0.0208333,0.39293491378548945
38460,0.248572,-0.0352792,0.0208333,0.6067693547446923
38484,0.210444,-0.0383544,0.0208333,0.6233024870428011
38508,0.161865,-0.0195943,0.0208333,0.8942962478403353
38532,0.110728,-0.0130296,0.0208333,0.6104579568570879
38556,0.205241,-0.037787,0.0208333,0.6149845229261568
38580,0.215633,-0.0396351,0.0208333,0.5165250352894794
38604,0.266307,-0.011602,0.0208333,0.707693924515996
38628,0.234736,-0.0367674,0.0208333,0.6643562293386087
38652,0.293177,0.00967282,0.0208333,0.5352142426096036
38676,0.174312,-0.0324414,0.0208333,0.4952483859379694
38700,0.23157,-0.0324713,0.0208333,0.7950634176215527
38724,0.224652,-0.0395534,0.0208333,0.5321734602006204
38748,0.2254,-0.0391309,0.0208333,0.5327895843202027
38772,0.20446,-0.0382401,0.0208333,0.6079865706647795
38796,0.272717,-0.0377514,0.0208333,0.15618869799025442
38820,0.10349,0.0157879,0.0208333,0.26575827995061996
38844,0.245868,-0.0381329,0.0208333,0.503494541267888
38868,0.178126,-0.0301251,0.0208333,0.6309355960677991
38892,0.235379,-0.0301438,0.0208333,0.818392135603581
38916,0.234684,-0.0274637,0.0208333,0.8528564795121921
38940,0.177431,-0.0274416,0.0208333,0.7331449917993552
38964,0.230187,-0.0372932,0.0208333,0.6719953344496683
38988,0.101758,0.0188558,0.0208333,0.246854848358504
39012,0.110452,-0.0308203,0.0208333,0.3853407300638831
39036,0.139477,-0.0379869,0.0208333,0.7288462012477941
39060,0.136451,-0.0246235,0.0208333,0.28050666579754285
39084,0.274881,-0.0184028,0.0208333,0.7020334552275286
39108,0.201943,0.0271553,0.0208333,0.38358711712751586
39132,0.196495,0.0300778,0.0208333,0.4036848530523608
39156,0.192441,-0.0383702,0.0208333,0.4960927793285749
39180,0.245344,-0.032333,0.0208333,0.7129900030307511
39204,0.385318,-0.00834928,0.0208333,0.6170825794491306
39228,0.332354,0.0083216,0.0208333,1.3303818519753918
39252,0.361764,0.0083216,0.0208333,1.3096574563095278
39276,0.138175,0.0380251,0.0208333,0.3272483024189255
39300,0.314716,0.00833351,0.0208333,1.2957045844059916
39324,0.185369,0.0383652,0.0208333,0.4257158517507893
39348,0.149956,0.0384394,0.0208333,0.33233634895817776
39372,0.285294,0.0383019,0.0208333,0.2571708774161444
39396,0.0558733,-0.00834158,0.0208333,1.156660200230382
39420,0.0441176,0.00830191,0.0208333,1.1566102731256676
39444,0.0794118,0.00830191,0.0208333,1.1576003394670489
39468,0.0323529,0.00830191,0.0208333,1.1564403226602094
39492,0.00873729,0.00860587,0.0208333,1.1567503550868128
39516,0.0735294,-0.00830191,0.0208333,1.15820015871319
39540,0.0852941,-0.00830191,0.0208333,1.1594800523659845
39564,0.0205882,0.00830191,0.0208333,1.1566202868898774
39588,0.367647,-0.00830191,0.0208333,0.5439871106504885
39612,0.0382443,-0.00834158,0.0208333,1.1563403171599582
39636,0.120477,0.0382415,0.0208333,0.29738475517061513
39660,0.108842,0.0384033,0.0208333,0.18811257138897017
39684,0.0617647,0.00830191,0.0208333,1.1573402288994026
39708,0.0264706,-0.00830191,0.0208333,1.156520333691219
39732,0.0147262,-0.00833462,0.0208333,1.156920236165723
39756,0.05,0.00830191,0.0208333,1.156810264827628
39780,0.314706,-0.00830191,0.0208333,0.37247455382288863
39804,0.320588,-0.00830191,0.0208333,0.34405897604689184
39828,0.332353,-0.00830191,0.0208333,0.3827695715456495
39852,0.344118,-0.00830191,0.0208333,0.44150022040616976
39876,0.35,-0.00830191,0.0208333,0.4711535187574361
39900,0.361765,-0.00830191,0.0208333,0.5214182703149809
39924,0.391263,-0.00858974,0.0208333,0.6293057114615659
39948,0.379421,0.00834158,0.0208333,1.2948483202994874
39972,0.367647,0.00830191,0.0208333,1.3053840344029946
39996,0.355873,0.00834158,0.0208333,1.3141315323368254
40020,0.338244,0.00834158,0.0208333,1.3276210878539163
40044,0.320588,0.00830191,0.0208333,1.3193554566029666
40068,0.308884,0.00836582,0.0208333,1.2317559112630123
40092,0.291158,0.0384039,0.0208333,0.18581674565635897
40116,0.27951,0.0382419,0.0208333,0.30908438152644485
40140,0.267793,0.0383963,0.0208333,0.4091057862479476
40164,0.261837,0.0379823,0.0208333,0.44164505842054924
40188,0.249969,0.038389,0.0208333,0.5258259775867686
40212,0.203002,0.0384927,0.0208333,0.5203069539034596
40236,0.179356,0.0382334,0.0208333,0.40124445284473165
40260,0.0911164,0.00836582,0.0208333,1.152921995843176
40284,0.220542,0.0386595,0.0208333,0.5923477222756904
40308,0.214767,0.038086,0.0208333,0.5658969379883991
40332,0.23794,0.0382282,0.0208333,0.5796733949219272
40356,0.167852,0.038144,0.0208333,0.36335641757976916
40380,0.132385,0.0386373,0.0208333,0.3255142290843952
40404,0.126564,0.0380951,0.0208333,0.31813516035305517
40428,0.244059,0.0383711,0.0208333,0.5570805043784816
40452,0.373529,-0.00830191,0.0208333,0.5664636957628131
40476,0.114706,0.0383019,0.0208333,0.2578182946684963
40500,0.0264706,0.00830191,0.0208333,1.1564603307871097
40524,0.273636,0.0384273,0.0208333,0.3610033440306066
40548,0.0617636,-0.0083216,0.0208333,1.1571501835208953
40572,0.0852841,0.00833351,0.0208333,1.1563906959201968
40596,0.0912039,-0.00834764,0.0208333,1.1589901557875721
40620,0.032354,-0.0083216,0.0208333,1.1564003361227855
40644,0.37353,0.0083216,0.0208333,1.3004110432051725
40668,0.0382443,0.00831744,0.0208333,1.1563702865118224
40692,0.338244,-0.00831744,0.0208333,0.4053677212586382
40716,0.355873,-0.00831744,0.0208333,0.49213299608011335
40740,0.0735294,0.00830191,0.0208333,1.1577002758737123
40764,0.308802,-0.00834911,0.0208333,0.4032375092405699
40788,0.0794118,-0.00830191,0.0208333,1.1587501105193183
40812,0.326471,0.00830822,0.0208333,1.3291257611181646
40836,0.326471,-0.00830191,0.0208333,0.35780489530964893
40860,0.0558733,0.00831744,0.0208333,1.1569102504095616
40884,0.0676471,0.00830191,0.0208333,1.1575702530201561
40908,0.067647,-0.00830822,0.0208333,1.1576701762124506
40932,0.0146915,0.00837352,0.0208333,1.156760250012291
40956,0.379425,-0.00832534,0.0208333,0.5880202303912787
40980,0.0205882,-0.00830191,0.0208333,1.1566203076972483
41004,0.206786,-0.0378469,0.0208333,0.6211869600355294
41028,0.208261,-0.0378838,0.0208333,0.6262456624826856
41052,0.149717,-0.0370864,0.0208333,0.47575119122355974
41076,0.272656,-0.0301412,0.0208333,0.3821979522082896
41100,0.267161,-0.0275133,0.0208333,0.6206401706488744
41124,0.103184,-0.0359782,0.0208333,0.2486902320231744
41148,0.146156,-0.0383617,0.0208333,0.6154942101071508
41172,0.216388,-0.0391879,0.0208333,0.537234276832335
41196,0.136023,-0.0308224,0.0208333,0.23921444284883303
41220,0.295215,-0.0333522,0.0208333,0.2045110882466095
41244,0.294446,-0.0373685,0.0208333,0.21996965534164842
41268,0.155786,-0.0245168,0.0208333,0.6461424899855287
41292,0.112697,0.0166008,0.0208333,0.18959395428058676
41316,0.165297,0.0218902,0.0208333,0.2344004799672537
41340,0.220659,-0.0369021,0.0208333,0.6855474034152294
41364,0.277505,-0.036674,0.0208333,0.19095256327674684
41388,0.115801,-0.0210376,0.0208333,0.22825931006725858
41412,0.231422,-0.026454,0.0208333,0.8693420060759546
41436,0.174163,-0.02643,0.0208333,0.7388279070975575
41460,0.100511,-0.0332605,0.0208333,0.2498027394703469
41484,0.299524,-0.0332763,0.0208333,0.12223917209147811
41508,0.264761,-0.0378733,0.0208333,0.08202246342606395
41532,0.162871,-0.0371759,0.0208333,0.07778796287498471
41556,0.155271,-0.0328694,0.0208333,0.2354358722617206
41580,0.0470588,0.00321609,0.0208333,1.1798403117908953
41604,0.388763,-0.00362266,0.0208333,1.1021141870592408
41628,0.347059,-0.00321609,0.0208333,1.1438847166087873
41652,0.26216,-0.0350029,0.0208333,0.42221714036448604
41676,0.157986,0.00105354,0.0208333,0.6766184901498986
41700,0.152832,-0.00219995,0.0208333,0.8856931620337599
41724,0.171704,-0.0381519,0.0208333,0.1692540859671119
41748,0.100769,-0.0284983,0.0208333,0.4375076057182206
41772,0.00564802,-0.00500179,0.0208333,1.1611710681362535
41796,0.218858,-0.0367115,0.0208333,0.6963672940393121
41820,0.207497,-0.0382849,0.0208333,0.6213944302530773
41844,0.108044,-0.00720188,0.0208333,1.1127403798131064
41868,0.292412,-0.00690367,0.0208333,0.9020164549169821
41892,0.189711,-0.0347056,0.0208333,0.5973076644674536
41916,0.126505,-0.0314967,0.0208333,0.33163862816078465
41940,0.181443,-0.0330773,0.0208333,0.5668133691761077
41964,0.282553,0.0074571,0.0208333,0.5502276183938727
41988,0.282275,0.0134497,0.0208333,0.38070270489709146
42012,0.246923,-0.034669,0.0208333,0.6425727156848355
42036,0.164893,-0.0395376,0.0208333,0.0772698439731827
42060,0.163797,-0.0370063,0.0208333,0.06419752150230178
42084,0.209088,-0.011672,0.0208333,0.731141234851309
42108,0.112057,-0.0383742,0.0208333,0.5438105967160005
42132,0.161645,-0.0267486,0.0208333,0.601023679423137
42156,0.188017,-0.0341084,0.0208333,0.5995208153727603
42180,0.140537,-0.0336471,0.0208333,0.42859698084792947
42204,0.148953,-0.0357915,0.0208333,0.41544828753107393
42228,0.1388,-0.0392112,0.0208333,0.7470551276886673
42252,0.198431,0.0270813,0.0208333,0.36950652687852925
42276,0.282214,-0.0243135,0.0208333,0.36687981586459617
42300,0.194242,-0.0347983,0.0208333,0.6412575796399039
42324,0.278588,-0.0142657,0.0208333,0.7253064495204331
42348,0.251477,-0.0347823,0.0208333,0.5865251634743202
42372,0.388345,-0.00693902,0.0208333,0.6310209091600945
42396,0.0470588,0.00660382,0.0208333,1.1586803760627191
42420,0.0588145,0.00661935,0.0208333,1.159180320658753
42444,0.376481,0.00666318,0.0208333,1.299979706455718
42468,0.335304,0.00666318,0.0208333,1.331838752190299
42492,0.0235294,0.00660382,0.0208333,1.1584404615757693
42516,0.364705,0.00662351,0.0208333,1.3100965795695128
42540,0.135266,0.0366624,0.0208333,0.3284696907546281
42564,0.0647048,-0.00662981,0.0208333,1.1594902496679655
42588,0.347059,-0.00660382,0.0208333,0.470231581947014
42612,0.317647,-0.00660382,0.0208333,0.36605869788653084
42636,0.0116641,0.00697939,0.0208333,1.1584604324741443
42660,0.370588,-0.00660382,0.0208333,0.565512306396536
42684,0.123511,0.0363366,0.0208333,0.31159963692793613
42708,0.0705882,0.00660382,0.0208333,1.159700383422343
42732,0.0823429,0.00663542,0.0208333,1.1592008747762863
42756,0.352932,-0.00661935,0.0208333,0.49463994820738416
42780,0.246969,0.0367601,0.0208333,0.5412707727289595
42804,0.182372,0.0365986,0.0208333,0.4141998402973363
42828,0.0823529,-0.00660382,0.0208333,1.1611401093035938
42852,0.335303,-0.00661935,0.0208333,0.40902047265934416
42876,0.311835,0.00669933,0.0208333,1.2788990407216734
42900,0.129537,0.0367325,0.0208333,0.32241705168840257
42924,0.264923,0.0363786,0.0208333,0.42034278862591873
42948,0.358813,0.00666318,0.0208333,1.314520483595186
42972,0.111784,0.0367053,0.0208333,0.23147641495993085
42996,0.282451,0.0365438,0.0208333,0.2820275259577669
43020,0.217661,0.0367455,0.0208333,0.5748129879273837
43044,0.270841,0.0368236,0.0208333,0.3825276209567474
43068,0.240823,0.0365993,0.0208333,0.5673509638878194
43092,0.317657,0.00663542,0.0208333,1.3136692803381984
43116,0.0353042,-0.00666318,0.0208333,1.1582004523502756
43140,0.117535,0.0365434,0.0208333,0.2823559954689293
43164,0.0294118,0.00660382,0.0208333,1.1583504538026645
43188,0.0881653,0.00669933,0.0208333,1.1570928250363166
43212,0.0882627,-0.00664955,0.0208333,1.1614403582947128
43236,0.341186,-0.00661935,0.0208333,0.444245438373994
43260,0.0353032,0.00661935,0.0208333,1.1583404372134944
43284,0.276675,0.0366692,0.0208333,0.3345013106311156
43308,0.311744,-0.00665102,0.0208333,0.38904600059035127
43332,0.364706,-0.00660382,0.0208333,0.5446148469951719
43356,0.329413,0.00662981,0.0208333,1.3332242155544276
43380,0.288216,0.0367058,0.0208333,0.22061399296780426
43404,0.323529,0.00661013,0.0208333,1.3290970996804525
43428,0.0235294,-0.00660382,0.0208333,1.1584604691127265
43452,0.0294128,-0.00662351,0.0208333,1.1583304632778058
43476,0.0764706,-0.00660382,0.0208333,1.1605101806432114
43500,0.0411855,0.00661935,0.0208333,1.1584803774777845
43524,0.0764706,0.00660382,0.0208333,1.1597304585964483
43548,0.0588134,-0.00666318,0.0208333,1.158980268415345
43572,0.358814,-0.00661935,0.0208333,0.5230318362936108
43596,0.323529,-0.00660382,0.0208333,0.36248933543066464
43620,0.329412,-0.00660382,0.0208333,0.3827642869302229
43644,0.376484,-0.00662725,0.0208333,0.5868094695162887
43668,0.370589,0.00662351,0.0208333,1.305342788644441
43692,0.0705882,-0.00661013,0.0208333,1.1599902296439257
43716,0.382389,-0.00667462,0.0208333,0.6092576752453525
43740,0.0529321,0.00661935,0.0208333,1.1588703581132
43764,0.0647059,0.00660382,0.0208333,1.1595003519969311
43788,0.0176327,0.00667543,0.0208333,1.1585503679983546
43812,0.0176674,-0.00663653,0.0208333,1.158630376711008
43836,0.110283,-0.0346646,0.0208333,0.4705902572671542
43860,0.101399,-0.0298579,0.0208333,0.4046919906235285
43884,0.102807,-0.0300175,0.0208333,0.421587199101372
43908,0.394373,0.00503289,0.0208333,1.3031449601639757
43932,0.139745,-0.0235446,0.0208333,0.46254997837435674
43956,0.308652,0.00187597,0.0208333,1.3429059056762482
43980,0.0915592,-0.0015414,0.0208333,1.2032396935827896
44004,0.0914717,0.00183872,0.0208333,1.1970630711505952
44028,0.308571,-0.00150562,0.0208333,1.2226079181459033
44052,0.226421,0.0383304,0.0208333,0.5960778491054334
44076,0.139547,-0.0395979,0.0208333,0.7344524174447445
44100,0.268044,-0.0377125,0.0208333,0.09758048847589564
44124,0.212258,-0.0354848,0.0208333,0.7286768900295638
44148,0.289731,-0.0382456,0.0208333,0.2597680624770682
44172,0.112174,0.00461909,0.0208333,1.1791204480582995
44196,0.273866,0.0324116,0.0208333,0.29633518720930596
44220,0.235823,-0.0391978,0.0208333,0.45215997270747715
44244,0.237306,-0.0391792,0.0208333,0.4396107558708259
44268,0.104413,-0.0329597,0.0208333,0.38532769644755305
44292,0.156643,-0.013743,0.0208333,1.0021957508777755
44316,0.101891,0.0308653,0.0208333,0.12121197584071468
44340,0.298015,0.030855,0.0208333,0.1488140433769357
44364,0.118389,-0.0332867,0.0208333,0.4766432010311365
44388,0.294308,-0.0326686,0.0208333,0.21772628026659988
44412,0.297999,-0.035157,0.0208333,0.1499737626046636
44436,0.177996,-0.0375758,0.0208333,0.31409568193676013
44460,0.210642,-0.0355337,0.0208333,0.7268154511790902
44484,0.113435,-0.0392189,0.0208333,0.5587892263923409
44508,0.112008,-0.0392012,0.0208333,0.50743855603636
44532,0.170682,0.0254336,0.0208333,0.2845333857414282
44556,0.114319,0.0134637,0.0208333,0.3731932547922222
44580,0.269794,-0.0199464,0.0208333,0.7159182736917029
44604,0.260193,-0.0314691,0.0208333,0.5729417485482894
44628,0.149304,-0.038297,0.0208333,0.5416960233255108
44652,0.379519,-0.0016425,0.0208333,1.1447508220610678
44676,0.355867,-0.00161835,0.0208333,1.1450067231495284
44700,0.038251,0.00161835,0.0208333,1.1759402015931064
44724,0.338251,-0.00161855,0.0208333,1.1471983375561294
44748,0.0558668,0.00161855,0.0208333,1.183880190146959
44772,0.106925,-0.0259113,0.0208333,0.39938427051720615
44796,0.201159,-0.028164,0.0208333,0.8734442296762284
44820,0.264908,-0.0395795,0.0208333,0.06831942585067662
44844,0.258401,-0.0280665,0.0208333,0.6958916781240935
44868,0.299399,-0.0311297,0.0208333,0.12870914162366245
44892,0.181341,-0.0357171,0.0208333,0.4432848659909208
44916,0.122354,-0.0321144,0.0208333,0.3913813323394364
44940,0.180646,-0.0391654,0.0208333,0.28112709428055294
44964,0.123388,-0.0237024,0.0208333,0.18567388595198975
44988,0.241518,-0.0361813,0.0208333,0.6516195206645882
45012,0.254105,-0.0370308,0.0208333,0.46185097012326776
45036,0.175587,0.0341343,0.0208333,0.36979399158087256
45060,0.156045,-0.0320477,0.0208333,0.29512616815087783
45084,0.156285,-0.00202952,0.0208333,0.8772246342377177
45108,0.184437,-0.0380555,0.0208333,0.3969039499887221
45132,0.299091,-0.0253391,0.0208333,0.21494281136025462
45156,0.100909,-0.0253391,0.0208333,0.49304502663328464
45180,0.264548,-0.0370165,0.0208333,0.2067848786328663
45204,0.283571,-0.0383181,0.0208333,0.24815977390473662
45228,0.177054,-0.0290262,0.0208333,0.6431562253007206
45252,0.161472,0.032646,0.0208333,0.3323950369443174
45276,0.234308,-0.0290463,0.0208333,0.8371411375419897
45300,0.11494,-0.0391609,0.0208333,0.6083403585757818
45324,0.116438,-0.0391677,0.0208333,0.6452782544843442
45348,0.20423,-0.0268176,0.0208333,0.8975591341305734
45372,0.26148,-0.0266968,0.0208333,0.6936746007592777
45396,0.127175,-0.0386847,0.0208333,0.7897562391966094
45420,0.212222,-0.0344121,0.0208333,0.7665001847173624
45444,0.0945541,-0.00334016,0.0208333,1.2067502306703626
45468,0.305615,-0.00333053,0.0208333,1.238972192722136
45492,0.122016,-0.0347399,0.0208333,0.6065056858109956
45516,0.123755,-0.0346281,0.0208333,0.6055387621047372
45540,0.299593,-0.0350438,0.0208333,0.11366342540298528
45564,0.122241,-0.0124399,0.0208333,0.8920571465685354
45588,0.175515,-0.0323521,0.0208333,0.5012447023415605
45612,0.232772,-0.0323848,0.0208333,0.7924290575113005
45636,0.130852,-0.0341458,0.0208333,0.5658608381713387
45660,0.132707,-0.0341153,0.0208333,0.5557166140846107
45684,0.13851,-0.0336998,0.0208333,0.4597875507699181
45708,0.191057,-0.0391389,0.0208333,0.4101666616151237
45732,0.192528,-0.0391998,0.0208333,0.42246585208890775
45756,0.129077,-0.0342501,0.0208333,0.5823513470206249
45780,0.00604069,-0.00749527,0.0208333,1.1589501499305832
45804,0.127302,-0.0343611,0.0208333,0.5929854126645174
45828,0.120247,-0.0347898,0.0208333,0.599714176361621
45852,0.289657,-0.0368883,0.0208333,0.25183196411968833
45876,0.168012,-0.0292656,0.0208333,0.5319044251567088
45900,0.134701,-0.0339974,0.0208333,0.5297348520138754
45924,0.136597,-0.0337999,0.0208333,0.4897529402598242
45948,0.225301,-0.0293272,0.0208333,0.8613810175055312
45972,0.125535,-0.0345863,0.0208333,0.6115873171508086
45996,0.150828,-0.0319656,0.0208333,0.2032405104065132
46020,0.187929,-0.0384211,0.0208333,0.4421761086574354
46044,0.21954,-0.038471,0.0208333,0.627255447125253
46068,0.182128,-0.0382708,0.0208333,0.36435054761685426
46092,0.164071,-0.0391298,0.0208333,0.09467683601177217
46116,0.28064,0.0102929,0.0208333,0.4318091808777315
46140,0.167335,-0.0343781,0.0208333,0.2659487325552652
46164,0.352927,0.00671083,0.0208333,1.3190459133416057
46188,0.0411909,-0.00671083,0.0208333,1.158110446492836
46212,0.0529272,-0.00670977,0.0208333,1.1584702921059602
46236,0.34119,0.00670977,0.0208333,1.3278665830183494
46260,0.382423,0.00668694,0.0208333,1.2940189201124062
46284,0.299604,-0.0365419,0.0208333,0.10076180748309352
46308,0.100398,-0.0365377,0.0208333,0.09488595277605637
46332,0.205414,-0.0118918,0.0208333,0.7264159941399695
46356,0.161627,0.0214663,0.0208333,0.22120781900451034
46380,0.249838,0.0320758,0.0208333,0.4549061214653322
46404,0.11894,-0.0176741,0.0208333,0.4175440641609833
46428,0.244918,-0.0310687,0.0208333,0.7589117923825623
46452,0.00869412,-0.00860608,0.0208333,1.156780402637445
46476,0.18363,-0.0383701,0.0208333,0.3835841128851929
46500,0.112521,0.0106065,0.0208333,0.6689535101668052
46524,0.298157,-0.0269585,0.0208333,0.18779972307285228
46548,0.15987,-0.0347386,0.0208333,0.13724266370568033
46572,0.242363,-0.035912,0.0208333,0.6486486938780885
46596,0.305821,-0.00680852,0.0208333,0.5287823062182101
46620,0.0942233,-0.00679823,0.0208333,1.1589319738338684
46644,0.179346,-0.0381399,0.0208333,0.3197963355253753
46668,0.18329,-0.0331008,0.0208333,0.5849094647898357
46692,0.154578,0.0147445,0.0208333,0.0359808217721455
46716,0.106108,-0.0370415,0.0208333,0.34847612031614006
46740,0.236567,-0.0395918,0.0208333,0.4399879040258522
46764,0.283168,-0.0311653,0.0208333,0.1856640891989886
46788,0.211238,0.0333526,0.0208333,0.5039541811269652
46812,0.379516,0.00169109,0.0208333,1.3273628559562265
46836,0.355867,0.00170734,0.0208333,1.3412783580392516
46860,0.038251,-0.00170734,0.0208333,1.1757502109831526
46884,0.338251,0.00170714,0.0208333,1.3561826164500532
46908,0.0558668,-0.00170714,0.0208333,1.1838102011455378
46932,0.393979,0.00750869,0.0208333,1.2791423696375996
46956,0.138779,-0.0384086,0.0208333,0.7417278106263867
46980,0.391322,0.00861432,0.0208333,1.2815889689582933
47004,0.184015,-0.0321588,0.0208333,0.6170045889761762
47028,0.382467,-0.00333255,0.0208333,1.136747772523943
47052,0.352928,-0.00326171,0.0208333,1.1407130510203394
47076,0.0411894,0.00326171,0.0208333,1.1771303263510497
47100,0.341189,-0.00326189,0.0208333,1.1415267479966813
47124,0.0529283,0.00326189,0.0208333,1.1823502627030014
47148,0.137315,-0.0392025,0.0208333,0.7619623595437632
47172,0.222043,-0.0369527,0.0208333,0.686039914727956
47196,0.204925,-0.0349052,0.0208333,0.7122011605335382
47220,0.125652,-0.0383525,0.0208333,0.784683269008227
47244,0.229823,-0.0391535,0.0208333,0.5041993091293608
47268,0.228331,-0.0391535,0.0208333,0.5146916546888098
47292,0.25004,-0.0381855,0.0208333,0.45186491463324846
47316,0.103548,-0.0271617,0.0208333,0.4678426251302535
47340,0.25895,-0.0395956,0.0208333,0.1566587732652165
47364,0.29037,-0.0369563,0.0208333,0.25012723719183405
47388,0.251971,-0.0123553,0.0208333,0.7171094050643716
47412,0.119666,-0.0363325,0.0208333,0.682130340931062
47436,0.188025,-0.039224,0.0208333,0.3721544147350141
47460,0.186558,-0.0392588,0.0208333,0.3512275762104929
47484,0.194734,-0.0123151,0.0208333,0.7701839553376598
47508,0.385355,0.00834536,0.0208333,1.289267473669033
47532,0.044123,-0.00836925,0.0208333,1.1562103177219358
47556,0.349995,0.00836925,0.0208333,1.3186769891468564
47580,0.344123,0.00836819,0.0208333,1.323121047088148
47604,0.0499951,-0.00836819,0.0208333,1.1562202464010911
47628,0.244877,-0.0391726,0.0208333,0.40006510207810053
47652,0.285069,-0.037009,0.0208333,0.2486512219218116
47676,0.101055,-0.0341649,0.0208333,0.22440906927566454
47700,0.223433,0.0369899,0.0208333,0.5952710903870102
47724,0.28003,-0.0380048,0.0208333,0.22466061062262338
47748,0.28,-0.0372141,0.0208333,0.2188554181565766
47772,0.280684,-0.0384314,0.0208333,0.23071675408829764
47796,0.165778,-0.0355013,0.0208333,0.18508404422514085
47820,0.161243,-0.0392294,0.0208333,0.181235638950649
47844,0.162608,-0.0392585,0.0208333,0.14438681700769948
47868,0.218525,-0.0351524,0.0208333,0.7510842299557623
47892,0.100544,-0.0350206,0.0208333,0.16858093735532495
47916,0.2634,-0.039605,0.0208333,0.04012424856380491
47940,0.213061,-0.0368038,0.0208333,0.6882261071386744
47964,0.165641,-0.0391675,0.0208333,0.049069267855654825
47988,0.14028,-0.0391928,0.0208333,0.7288256426581959
48012,0.166371,-0.0370802,0.0208333,0.07572822474643387
48036,0.349996,-0.00155653,0.0208333,1.149468434772064
48060,0.0441216,0.00155653,0.0208333,1.178710224762451
48084,0.0499962,0.00155671,0.0208333,1.1813901977971464
48108,0.344121,-0.00155671,0.0208333,1.1487485114108877
48132,0.385813,-0.00169086,0.0208333,1.1452973691740858
48156,0.21495,-0.0341966,0.0208333,0.7678632751207086
48180,0.112699,-0.0396034,0.0208333,0.5276212279746755
48204,0.128032,-0.0386819,0.0208333,0.788730010579866
48228,0.217934,-0.0391741,0.0208333,0.5341610179981973
48252,0.219437,-0.0392297,0.0208333,0.5284781163081923
48276,0.148452,-0.0317776,0.0208333,0.18376571704554173
48300,0.258857,0.0363997,0.0208333,0.46297562374254864
48324,0.252871,0.0368064,0.0208333,0.5064428316970697
48348,0.159977,-0.0307132,0.0208333,0.35453818058492725
48372,0.217247,-0.030574,0.0208333,0.8499283369924225
48396,0.158187,-0.039143,0.0208333,0.27847749545263084
48420,0.156711,-0.0392195,0.0208333,0.32674318696783866
48444,0.282098,-0.0392161,0.0208333,0.22550297525675794
48468,0.280629,-0.0392371,0.0208333,0.20939825185553101
48492,0.114071,0.00753357,0.0208333,0.9699789208749343
48516,0.146109,-0.0317717,0.0208333,0.20891883604352218
48540,0.271549,-0.0391229,0.0208333,0.1053373578480536
48564,0.10365,0.0277626,0.0208333,0.15304925847902695
48588,0.29625,0.027753,0.0208333,0.18362662706654068
48612,0.269044,0.0270853,0.0208333,0.21446045173029085
48636,0.147058,0.0368604,0.0208333,0.33166053909385257
48660,0.141158,0.0364462,0.0208333,0.3285414179509564
48684,0.265999,-0.0355585,0.0208333,0.26662022318256523
48708,0.143773,-0.0316288,0.0208333,0.23219473024082266
48732,0.266929,-0.0369168,0.0208333,0.08498929481093487
48756,0.156662,0.00395755,0.0208333,0.5955970697110611
48780,0.275345,-0.032169,0.0208333,0.1055744915563414
48804,0.152392,0.0337004,0.0208333,0.3263952359929797
48828,0.179276,-0.033616,0.0208333,0.5146417810471484
48852,0.152754,-0.0174247,0.0208333,0.914187951788713
48876,0.193199,-0.0153386,0.0208333,0.849962467072264
48900,0.250431,-0.0153758,0.0208333,0.7467191971020116
48924,0.0529234,-0.00340057,0.0208333,1.1821802995395447
48948,0.341194,0.00340057,0.0208333,1.355851672407882
48972,0.352923,0.00340181,0.0208333,1.34666057451631
48996,0.0411948,-0.00340181,0.0208333,1.1767003182715394
49020,0.382501,0.00336234,0.0208333,1.3257909393677896
49044,0.245065,-0.0351066,0.0208333,0.6438863504118572
49068,0.184844,-0.0357235,0.0208333,0.49497458929916704
49092,0.27995,-0.0338735,0.0208333,0.18551420444392636
49116,0.130616,0.0274535,0.0208333,0.29747084273918706
49140,0.236536,-0.0336239,0.0208333,0.7454523707229797
49164,0.249911,-0.0396228,0.0208333,0.33852488279419063
49188,0.132337,-0.0182652,0.0208333,0.6172770497051259
49212,0.179886,-0.039574,0.0208333,0.26541500646262733
49236,0.10063,-0.0311148,0.0208333,0.35092906104439625
49260,0.0470593,-0.00673743,0.0208333,1.1580704005963312
49284,0.347058,0.00673743,0.0208333,1.323361293760989
49308,0.264,-0.0353348,0.0208333,0.33658099057673607
49332,0.208331,-0.0370489,0.0208333,0.6723684910453182
49356,0.279224,0.0281354,0.0208333,0.15740880438156682
49380,0.192174,-0.0322359,0.0208333,0.7132733827544396
49404,0.168015,-0.0358297,0.0208333,0.20324386518862628
49428,0.273371,0.0296876,0.0208333,0.23149479760402775
49452,0.278755,-0.0291522,0.0208333,0.1847051719235008
49476,0.285701,-0.0309016,0.0208333,0.21551602435169617
49500,0.130755,-0.036066,0.0208333,0.6840089208728801
49524,0.149994,0.0323292,0.0208333,0.32547897165574136
49548,0.13793,-0.0371735,0.0208333,0.682376254058656
49572,0.120438,0.0280619,0.0208333,0.28958402066018313
49596,0.136987,-0.0153809,0.0208333,0.9004164615939517
49620,0.153402,-0.038644,0.0208333,0.4307479721493955
49644,0.168413,-0.038412,0.0208333,0.06817826188184911
49668,0.290758,-0.0305817,0.0208333,0.2466952835283642
49692,0.014221,0.00175764,0.0208333,1.1650303263162423
49716,0.0235294,-0.00327049,0.0208333,1.1690303948404823
49740,0.326471,-0.00163377,0.0208333,1.1557355251862265
49764,0.0588118,0.00327793,0.0208333,1.1850103021196785
49788,0.0175663,0.00335491,0.0208333,1.166360450294054
49812,0.0647048,-0.00329648,0.0208333,1.1877302367612115
49836,0.0142558,-0.00161716,0.0208333,1.165040315202922
49860,0.3765,-0.00328647,0.0208333,1.139800517898534
49884,0.0735294,0.00163524,0.0208333,1.1917603941193033
49908,0.0705882,0.00327049,0.0208333,1.1902603850276072
49932,0.31469,0.001699,0.0208333,1.3532480188774705
49956,0.0735294,-0.00163524,0.0208333,1.192080053009962
49980,0.364706,-0.00327049,0.0208333,1.1412039695385674
50004,0.323529,-0.00327049,0.0208333,1.1523702484265808
50028,0.0823554,-0.00326275,0.0208333,1.1960700294671749
50052,0.31468,-0.00160308,0.0208333,1.186021571332331
50076,0.361762,-0.00162713,0.0208333,1.1461575292115438
50100,0.061762,0.00162715,0.0208333,1.1866402278277102
50124,0.376498,0.00333729,0.0208333,1.3309421654666453
50148,0.0617609,-0.00166302,0.0208333,1.186580173784261
50172,0.0323568,-0.00166304,0.0208333,1.17314021451874
50196,0.329412,-0.00326901,0.0208333,1.1485469000973014
50220,0.0705882,-0.0032768,0.0208333,1.1904601667921506
50244,0.37355,0.00166689,0.0208333,1.3312772990504882
50268,0.01126,0.00368403,0.0208333,1.163380502227168
50292,0.317647,-0.00327049,0.0208333,1.1652995336225278
50316,0.067647,-0.00164155,0.0208333,1.1893401277673208
50340,0.370591,-0.00326597,0.0208333,1.1422726549264133
50364,0.0794142,-0.0016275,0.0208333,1.1948600351603347
50388,0.326471,0.00164303,0.0208333,1.3604434266386032
50412,0.035307,-0.00333795,0.0208333,1.1741903200621513
50436,0.373549,-0.00162328,0.0208333,1.1485928018427942
50460,0.335307,0.00333793,0.0208333,1.358732186312391
50484,0.332357,0.0016645,0.0208333,1.358344210121492
50508,0.332356,-0.00162568,0.0208333,1.1530159201125276
50532,0.0235294,0.00327049,0.0208333,1.1691204035549672
50556,0.358812,-0.00327791,0.0208333,1.1399330168751816
50580,0.311809,0.00339816,0.0208333,1.3542453213414662
50604,0.085311,0.00168942,0.0208333,1.1955423956875806
50628,0.085321,-0.00161267,0.0208333,1.1981307266956762
50652,0.0676471,0.00163524,0.0208333,1.1892602617131243
50676,0.0647059,0.00327049,0.0208333,1.1877103224969014
50700,0.335306,-0.00327793,0.0208333,1.1438831859786596
50724,0.0881898,0.00338083,0.0208333,1.1953548762871182
50748,0.323529,0.0032768,0.0208333,1.3642088669877288
50772,0.311717,-0.00328553,0.0208333,1.1802972492244217
50796,0.0764706,-0.00327049,0.0208333,1.1931800612521524
50820,0.0323557,0.00162713,0.0208333,1.1733302129792431
50844,0.0264706,-0.00163524,0.0208333,1.1705202444645644
50868,0.317657,0.00330209,0.0208333,1.3634781896007497
50892,0.0823454,0.00330983,0.0208333,1.1942812047298064
50916,0.0764706,0.00327049,0.0208333,1.1926405709246009
50940,0.320588,-0.00163524,0.0208333,1.1649223184381017
50964,0.0882872,-0.00330138,0.0208333,1.1992702733249427
50988,0.0294128,-0.00329017,0.0208333,1.171610344309488
51012,0.0294118,0.00327049,0.0208333,1.171790353774774
51036,0.0264706,0.00163524,0.0208333,1.1705902391767007
51060,0.0588107,-0.00333793,0.0208333,1.1849602820102856
51084,0.358811,0.00333795,0.0208333,1.3413322171346134
51108,0.0794142,0.00164298,0.0208333,1.194090773254556
51132,0.361761,0.00166304,0.0208333,1.3370114542954346
51156,0.0353059,0.00327791,0.0208333,1.1744103131442298
51180,0.329413,0.00329796,0.0208333,1.3617282906494634
51204,0.320588,0.00163524,0.0208333,1.3612167220110918
51228,0.364705,0.00329017,0.0208333,1.337036280037221
51252,0.370592,0.0032947,0.0208333,1.3342507958167982
51276,0.36765,-0.00163072,0.0208333,1.1469364533206063
51300,0.0205219,-0.00162243,0.0208333,1.1678202711625547
51324,0.36765,0.00163977,0.0208333,1.3341753984579188
51348,0.0176011,-0.00329038,0.0208333,1.1663504385877212
51372,0.0205219,0.00164806,0.0208333,1.167890281479676
51396,0.141768,-0.0392309,0.0208333,0.7084584659918817
51420,0.270833,-0.0396087,0.0208333,0.09117110735969948
51444,0.2882,-0.0306424,0.0208333,0.23670470541185046
51468,0.123184,0.033055,0.0208333,0.30454273987720254
51492,0.249283,-0.03226,0.0208333,0.685867294257494
51516,0.159692,0.0238616,0.0208333,0.25370288959721776
51540,0.122794,-0.0378287,0.0208333,0.75501753004946
51564,0.172342,0.0284856,0.0208333,0.31887150950738463
51588,0.238412,-0.0357961,0.0208333,0.6800953726687144
51612,0.227517,-0.0379406,0.0208333,0.6367759488293807
51636,0.13423,-0.00502573,0.0208333,1.1823777986111235
51660,0.177424,-0.0368857,0.0208333,0.3217158836550499
51684,0.293261,-0.0219175,0.0208333,0.3058657519623438
51708,0.272696,-0.0345846,0.0208333,0.10056428661319883
51732,0.187198,-0.0310851,0.0208333,0.6948659014393354
51756,0.203763,0.0297388,0.0208333,0.42757990392577017
51780,0.184568,-0.037294,0.0208333,0.43941963239064047
51804,0.249539,-0.035104,0.0208333,0.6008146878475329
51828,0.105244,-0.034673,0.0208333,0.3672498488974405
51852,0.1923,-0.0350986,0.0208333,0.6040993477151048
51876,0.265643,-0.039148,0.0208333,0.08024578033149157
51900,0.133701,-0.0320579,0.0208333,0.3624774510298951
51924,0.196805,-0.0384977,0.0208333,0.5225634623258351
51948,0.132903,-0.0384049,0.0208333,0.7915577340629657
51972,0.237609,-0.035742,0.0208333,0.6836358813568265
51996,0.109782,-0.0396157,0.0208333,0.41244013345558705
52020,0.10149,-0.0126373,0.0208333,0.2751015621803235
52044,0.298582,-0.0126373,0.0208333,0.8179228495299847
52068,0.12345,-0.0148365,0.0208333,0.78656133642313
52092,0.18043,-0.0357729,0.0208333,0.4321681062858563
52116,0.123349,-0.0377989,0.0208333,0.755896601740775
52140,0.144711,-0.0392218,0.0208333,0.660307853484144
52164,0.173556,-0.0312606,0.0208333,0.5163148686042462
52188,0.230816,-0.031279,0.0208333,0.8209121728753412
52212,0.230196,-0.0379597,0.0208333,0.6246935626144797
52236,0.115697,-0.0395453,0.0208333,0.6229591506939035
52260,0.191225,-0.0292516,0.0208333,0.7937883254129556
52284,0.222316,0.0278316,0.0208333,0.4469111526572864
52308,0.207625,-0.0365581,0.0208333,0.6736299207283514
52332,0.162077,0.038465,0.0208333,0.35328957883369555
52356,0.118698,-0.00720403,0.0208333,1.157294896627526
52380,0.293883,-0.0383722,0.0208333,0.23118761968016022
52404,0.167141,-0.0392134,0.0208333,0.01830650791217156
52428,0.231435,-0.0383178,0.0208333,0.6182479000786739
52452,0.146889,-0.0379212,0.0208333,0.5939525363652394
52476,0.205909,0.0369814,0.0208333,0.5362209629216582
52500,0.211791,0.0365747,0.0208333,0.5590165948348389
52524,0.276724,0.0334618,0.0208333,0.27481395623143395
52548,0.140459,-0.0323318,0.0208333,0.31363557691495464
52572,0.0470593,-0.0034585,0.0208333,1.179390330659551
52596,0.347058,0.0034585,0.0208333,1.3537232604412766
52620,0.213109,-0.033914,0.0208333,0.7703324123668324
52644,0.165705,-0.0383812,0.0208333,0.0290805412830659
52668,0.208731,-0.0171303,0.0208333,0.8533801307686084
52692,0.26052,-0.0396148,0.0208333,0.09593587282275645
52716,0.296296,-0.0270186,0.0208333,0.21748899061297333
52740,0.161251,-0.0105663,0.0208333,0.9980665494747898
52764,0.153867,0.0046691,0.0208333,0.6043071361833815
52788,0.146933,-0.00857547,0.0208333,1.1072787306137752
52812,0.157449,-0.0302091,0.0208333,0.3695657741230741
52836,0.108109,-0.0396424,0.0208333,0.35304044953595953
52860,0.191791,-0.0396067,0.0208333,0.40719672507289706
52884,0.203699,-0.0378908,0.0208333,0.605357372973138
52908,0.190865,0.0385431,0.0208333,0.45565417582017714
52932,0.155263,0.0327145,0.0208333,0.3292526027115141
52956,0.154889,-0.0300094,0.0208333,0.38084281419088617
52980,0.101665,-0.0373257,0.0208333,0.12130584576224716
53004,0.298436,-0.0373117,0.0208333,0.11894133872371708
53028,0.291644,-0.0347498,0.0208333,0.23739093264556252
53052,0.107374,-0.0384762,0.0208333,0.34496062457923166
53076,0.227536,-0.0273562,0.0208333,0.8758634954475157
53100,0.170271,-0.0273344,0.0208333,0.6435949255724926
53124,0.294225,-0.00976997,0.0208333,0.7643631774350528
53148,0.106165,-0.00995741,0.0208333,0.8537852381422474
53172,0.216197,-0.0109448,0.0208333,0.6884697681556639
53196,0.249174,-0.0383462,0.0208333,0.46066036181099856
53220,0.203022,0.0325686,0.0208333,0.47184318816390797
53244,0.107829,-0.0315476,0.0208333,0.4155388437517287
53268,0.197003,-0.039224,0.0208333,0.4688162362213917
53292,0.195578,-0.0392234,0.0208333,0.45111920232122266
53316,0.190122,-0.0377903,0.0208333,0.48924531718177017
53340,0.240936,-0.035643,0.0208333,0.6699995583409841
53364,0.296252,-0.0317163,0.0208333,0.19362136081187012
53388,0.105457,-0.0151894,0.0208333,0.2825856039893768
53412,0.299197,-0.0358254,0.0208333,0.1204413340274841
53436,0.185521,0.0289682,0.0208333,0.3479184639353596
53460,0.293151,0.0153124,0.0208333,0.2472239204628965
53484,0.199616,-0.0372435,0.0208333,0.604213999436096
53508,0.229362,0.0370774,0.0208333,0.5949372489180179
53532,0.270666,-0.028323,0.0208333,0.5201403961472464
53556,0.250604,0.0291847,0.0208333,0.393674174986171
53580,0.14924,0.0294578,0.0208333,0.30135489477339483
53604,0.261186,-0.0348704,0.0208333,0.42756943221679256
53628,0.100377,-0.0379166,0.0208333,0.049275291114715895
53652,0.299622,-0.0379148,0.0208333,0.08110346508269545
53676,0.291179,0.0176899,0.0208333,0.22186985841281076
53700,0.0499912,-0.00178006,0.0208333,1.1809902046263505
53724,0.349991,0.0017813,0.0208333,1.3469289438937002
53748,0.344126,0.00178006,0.0208333,1.3534172234454453
53772,0.0441269,-0.0017813,0.0208333,1.178240215423675
53796,0.385851,0.00167045,0.0208333,1.319314875421008
53820,0.299117,-0.034204,0.0208333,0.13447388996954018
53844,0.214887,-0.0393525,0.0208333,0.523321210083199
53868,0.251609,-0.0396363,0.0208333,0.3342743179990083
53892,0.211166,-0.0379998,0.0208333,0.6272573732585179
53916,0.240354,-0.0392425,0.0208333,0.4192084755323885
53940,0.218982,-0.0380363,0.0208333,0.6310017535363294
53964,0.156972,-0.025959,0.0208333,0.6097963667711661
53988,0.199173,-0.0367498,0.0208333,0.6077265027229231
54012,0.242983,-0.032992,0.0208333,0.7145306171043262
54036,0.155445,0.0385256,0.0208333,0.3393494456867051
54060,0.220118,-0.0373153,0.0208333,0.681448751111909
54084,0.150866,-0.0392245,0.0208333,0.519319872159803
54108,0.167298,-0.0352663,0.0208333,0.21964532838943018
54132,0.132989,-0.0369554,0.0208333,0.725905386635305
54156,0.148453,-0.0378975,0.0208333,0.5561208845380444
54180,0.148354,-0.0370446,0.0208333,0.5047282942311625
54204,0.00560226,0.00505451,0.0208333,1.161121151726177
54228,0.394401,-0.00502419,0.0208333,1.0139694655567446
54252,0.262297,-0.0373115,0.0208333,0.2402448853613831
54276,0.169993,-0.0178697,0.0208333,0.9342999117519872
54300,0.128284,-0.0393676,0.0208333,0.7912582216193801
54324,0.126929,-0.0393703,0.0208333,0.7811026890280376
54348,0.191192,0.0328934,0.0208333,0.42525184810190253
54372,0.255844,0.0384174,0.0208333,0.4864018242456979
54396,0.247687,-0.0392676,0.0208333,0.37837674361655826
54420,0.213497,-0.0393001,0.0208333,0.5168306120031363
54444,0.173218,-0.0392628,0.0208333,0.1428529595255555
54468,0.174598,-0.0392626,0.0208333,0.1800935208284418
54492,0.274661,-0.0384161,0.0208333,0.16314010103116555
54516,0.153689,-0.0392865,0.0208333,0.4310575245864292
54540,0.1975,0.0385963,0.0208333,0.4943072830331712
54564,0.174391,-0.0385723,0.0208333,0.2104775943956734
54588,0.159033,-0.0351581,0.0208333,0.13516036540478846
54612,0.153509,0.00797655,0.0208333,0.44279304059134256
54636,0.00607623,0.00750385,0.0208333,1.1588801549612624
54660,0.393924,-0.00748266,0.0208333,0.6366619582597755
54684,0.101429,0.0365606,0.0208333,0.05956116222119914
54708,0.298571,0.0365606,0.0208333,0.07602858006706163
54732,0.116948,-0.0156618,0.0208333,0.4373158789527981
54756,0.234395,-0.0383633,0.0208333,0.6019497709012396
54780,0.227437,-0.0364873,0.0208333,0.6995368890415641
54804,0.225742,-0.0173967,0.0208333,0.824067073801866
54828,0.214726,-0.038662,0.0208333,0.6025911503999151
54852,0.274599,-0.0341765,0.0208333,0.13424156736812184
54876,0.303388,0.00855966,0.0208333,1.1943810832250155
54900,0.0967098,0.00860407,0.0208333,1.1361017562188425
54924,0.103389,0.0385606,0.0208333,0.09395808139468366
54948,0.296611,0.0385606,0.0208333,0.08152193935898483
54972,0.184599,-0.0216902,0.0208333,0.9072653467592415
54996,0.241836,-0.0217115,0.0208333,0.8286960725441448
55020,0.25245,-0.0346637,0.0208333,0.5803279872805277
55044,0.195217,-0.0346749,0.0208333,0.6476679741456856
55068,0.0116557,-0.0069407,0.0208333,1.1585504593553908
55092,0.14416,0.0384211,0.0208333,0.3295068684682225
55116,0.145188,-0.0353357,0.0208333,0.46145682859186954
55140,0.284944,-0.0383498,0.0208333,0.2528028440999033
55164,0.280109,-0.0245277,0.0208333,0.4412217173327827
55188,0.179356,-0.0269547,0.0208333,0.7429352889051355
55212,0.236605,-0.026975,0.0208333,0.8479563198922901
55236,0.111906,-0.0305397,0.0208333,0.36687883666531107
55260,0.285449,-0.0378392,0.0208333,0.2549381844793165
55284,0.168305,-0.0339774,0.0208333,0.29600000729904435
55308,0.116261,-0.0267315,0.0208333,0.1465405215864885
55332,0.101975,-0.0380791,0.0208333,0.12321911194339984
55356,0.298119,-0.0380454,0.0208333,0.12852697867953639
55380,0.103143,-0.03132,0.0208333,0.3955704965349828
55404,0.0988104,0.00655605,0.0208333,1.1349617840713846
55428,0.301431,0.00644568,0.0208333,1.1943252393081691
55452,0.19863,-0.0383174,0.0208333,0.5567523246885691
55476,0.173389,-0.035713,0.0208333,0.30503788213954414
55500,0.224333,-0.0265381,0.0208333,0.8890177462530182
55524,0.166986,-0.0264849,0.0208333,0.6493279430131924
55548,0.150964,-0.0304426,0.0208333,0.24048932281048074
55572,0.221032,-0.0256992,0.0208333,0.8984699961476308
55596,0.208198,-0.0272796,0.0208333,0.8950247297625737
55620,0.265319,-0.0271758,0.0208333,0.6302282746353892
55644,0.236297,-0.0351716,0.0208333,0.7078341767424622
55668,0.234999,0.0369751,0.0208333,0.5901929574862999
55692,0.25824,-0.0323493,0.0208333,0.5721308497998862
55716,0.179025,-0.035182,0.0208333,0.43403962719587574
55740,0.235322,-0.0373682,0.0208333,0.6419371466218509
55764,0.115013,-0.0372917,0.0208333,0.6280115429849897
55788,0.273667,-0.0276111,0.0208333,0.4813041797832635
55812,0.277579,-0.0170944,0.0208333,0.7102528758050966
55836,0.284533,-0.035079,0.0208333,0.230341362244995
55860,0.298923,-0.0322567,0.0208333,0.14782346722185216
55884,0.138059,-0.0396133,0.0208333,0.7504240015125667
55908,0.170813,0.0369026,0.0208333,0.37201651930122676
55932,0.176435,0.036992,0.0208333,0.3949908741966913
55956,0.0112515,-0.00356939,0.0208333,1.1633704770723816
55980,0.229077,-0.0395844,0.0208333,0.5031916561188948
56004,0.12947,-0.0287603,0.0208333,0.11479648642091099
56028,0.101219,-0.0174438,0.0208333,0.4560507502918288
56052,0.293297,-0.0305203,0.0208333,0.23745338493148502
56076,0.106843,-0.0372285,0.0208333,0.3618222008509186
56100,0.225492,-0.0383192,0.0208333,0.6259778837592028
56124,0.11078,-0.0384262,0.0208333,0.4978821982087285
56148,0.100776,-0.0372339,0.0208333,0.09010652458568137
56172,0.299227,-0.0372363,0.0208333,0.10595558610082811
56196,0.295191,-0.0344588,0.0208333,0.2030064260650458
56220,0.135438,-0.0282753,0.0208333,0.12280332885814782
56244,0.187299,-0.0396277,0.0208333,0.3509598998923837
56268,0.189682,-0.0370788,0.0208333,0.5099969725589774
56292,0.182918,-0.0378668,0.0208333,0.3796684679046603
56316,0.216059,-0.0312669,0.0208333,0.8470788565005797
56340,0.224824,-0.0356201,0.0208333,0.7351734949649599
56364,0.156198,0.0179914,0.0208333,0.13680741494886342
56388,0.213382,-0.0270104,0.0208333,0.901712834693039
56412,0.245578,-0.0396277,0.0208333,0.3817230179064067
56436,0.265001,-0.0363745,0.0208333,0.2098859899915192
56460,0.265744,-0.0363963,0.0208333,0.2058285746753956
56484,0.224863,-0.037836,0.0208333,0.6355587539234342
56508,0.230044,0.0342394,0.0208333,0.5524840324105448
56532,0.249091,-0.0391742,0.0208333,0.363597755273405
56556,0.19416,-0.0234519,0.0208333,0.906413571097125
56580,0.251382,-0.0234695,0.0208333,0.7788272924576103
56604,0.277831,-0.035171,0.0208333,0.1779192472817081
56628,0.140231,-0.0383844,0.0208333,0.7217996956568683
56652,0.10104,-0.0216791,0.0208333,0.5018612034959368
56676,0.282896,-0.037873,0.0208333,0.24641315996663002
56700,0.279207,-0.0383015,0.0208333,0.2175003557512033
56724,0.190755,-0.0378938,0.0208333,0.4935457736575707
56748,0.161937,-0.0396663,0.0208333,0.16387617447923325
56772,0.199333,-0.0278189,0.0208333,0.8693572946586231
56796,0.256561,-0.027816,0.0208333,0.7035935914788679
56820,0.398516,-0.00254153,0.0208333,1.1206213306506654
56844,0.00148681,0.00255067,0.0208333,1.1600300327944875
56868,0.398433,0.0025242,0.0208333,1.2522853290192812
56892,0.00156811,-0.00250652,0.0208333,1.1600300324503103
56916,0.101678,-0.026969,0.0208333,0.4719886789522079
56940,0.125644,-0.0234907,0.0208333,0.1964355575442837
56964,0.233358,-0.0260106,0.0208333,0.8658871058398635
56988,0.176102,-0.0259862,0.0208333,0.7388731878887977
57012,0.121734,-0.0379002,0.0208333,0.744986097514749
57036,0.281487,-0.0370612,0.0208333,0.23057437020928842
57060,0.133656,-0.0156407,0.0208333,0.9133464266978265
57084,0.168936,-0.0380667,0.0208333,0.10118132400143615
57108,0.142498,-0.00237757,0.0208333,1.0919292930292555
57132,0.190715,-0.0345339,0.0208333,0.605695695686611
57156,0.239615,-0.0329359,0.0208333,0.7374848631814364
57180,0.148138,-0.0258624,0.0208333,0.475096547067775
57204,0.258218,-0.039164,0.0208333,0.18940834233009934
57228,0.273913,-0.0226885,0.0208333,0.6505343144947006
57252,0.247902,-0.0344932,0.0208333,0.6381190457216969
57276,0.297219,-0.0313833,0.0208333,0.17705684032726582
57300,0.388442,0.00695968,0.0208333,1.2868416145847879
57324,0.145939,-0.0358167,0.0208333,0.47520310051046105
57348,0.21221,-0.0303727,0.0208333,0.8619899813109837
57372,0.145972,-0.03664,0.0208333,0.542535663344778
57396,0.100814,-0.03969,0.0208333,0.03366634664616878
57420,0.299185,-0.0396866,0.0208333,0.0300945536796843
57444,0.189036,-0.0339068,0.0208333,0.6080525526708037
57468,0.194174,-0.03709,0.0208333,0.5577067119033118
57492,0.180725,-0.0383907,0.0208333,0.33387082654459105
57516,0.187258,-0.0332699,0.0208333,0.6076838483136018
57540,0.281622,-0.0288124,0.0208333,0.09429234781794332
57564,0.197684,0.0330851,0.0208333,0.45294911419434125
57588,0.137295,-0.0384114,0.0208333,0.7593858493102895
57612,0.216766,-0.0378487,0.0208333,0.6475472269470626
57636,0.244033,0.0319804,0.0208333,0.48709774923431154
57660,0.146477,-0.0247168,0.0208333,0.5133634287952551
57684,0.219226,-0.0263242,0.0208333,0.899232695431168
57708,0.235152,-0.0380887,0.0208333,0.5987906584627226
57732,0.105625,-0.037836,0.0208333,0.27190771449909706
57756,0.243285,0.0289631,0.0208333,0.4188561846164308
57780,0.217946,-0.0231658,0.0208333,0.8987057128362639
57804,0.286635,0.028597,0.0208333,0.15323507608460574
57828,0.218672,-0.0396213,0.0208333,0.5229262868659655
57852,0.20003,-0.0383962,0.0208333,0.5641775678964949
57876,0.102349,0.00133761,0.0208333,1.2239577481304154
57900,0.263738,-0.0344477,0.0208333,0.41963865587489674
57924,0.262789,-0.0342538,0.0208333,0.4273282763341195
57948,0.262654,-0.0391742,0.0208333,0.030424512837539403
57972,0.24259,-0.0350073,0.0208333,0.6711117027372502
57996,0.27475,-0.0369509,0.0208333,0.17050880828685097
58020,0.225875,-0.0368208,0.0208333,0.6844279023486571
58044,0.261827,-0.0147144,0.0208333,0.735702248474451
58068,0.168676,-0.0303295,0.0208333,0.49918289482276373
58092,0.256707,-0.0382724,0.0208333,0.33577863918581596
58116,0.136521,-0.0380269,0.0208333,0.7644816375376332
58140,0.157457,-0.0396504,0.0208333,0.29876148062367475
58164,0.238352,0.0314681,0.0208333,0.4965242609992825
58188,0.194636,-0.0378087,0.0208333,0.5360934612607119
58212,0.19363,-0.0339855,0.0208333,0.6582291481671747
58236,0.281343,-0.0396338,0.0208333,0.21278125467087297
58260,0.25086,-0.0339687,0.0208333,0.6211312949753206
58284,0.256675,-0.0366166,0.0208333,0.4296198494124501
58308,0.38886,0.00360937,0.0208333,1.3098419079688375
58332,0.261992,-0.0379913,0.0208333,0.19754459519037718
58356,0.295927,-0.0349608,0.0208333,0.18871452694766241
58380,0.108227,-0.0241648,0.0208333,0.3730718843385891
58404,0.216137,-0.0326299,0.0208333,0.8099298283506713
58428,0.100317,-0.0392271,0.0208333,0.020877920928732346
58452,0.299682,-0.0392237,0.0208333,0.034236356987565136
58476,0.246474,-0.0386682,0.0208333,0.4664896343585702
58500,0.276852,-0.0268855,0.0208333,0.4327852569460286
58524,0.179052,-0.032585,0.0208333,0.555283520368024
58548,0.100942,-0.035798,0.0208333,0.15185376272852116
58572,0.192646,-0.0341474,0.0208333,0.6511157127020731
58596,0.104772,-0.0256075,0.0208333,0.46086914895164427
58620,0.249879,-0.0341519,0.0208333,0.626459877323453
58644,0.259559,-0.0264986,0.0208333,0.698942466667394
58668,0.202312,-0.0266058,0.0208333,0.8945783610209762
58692,0.236309,-0.0325983,0.0208333,0.7749664814617195
58716,0.104448,-0.0371655,0.0208333,0.25368012754106617
58740,0.12196,-0.0216836,0.0208333,0.25042350497310595
58764,0.208789,0.0384887,0.0208333,0.5487638059854678
58788,0.113271,0.0285894,0.0208333,0.24150003231648312
58812,0.200601,0.0339211,0.0208333,0.4649435945635045
58836,0.111741,-0.0229932,0.0208333,0.2330712767784353
58860,0.225062,-0.0370291,0.0208333,0.6850326552028227
58884,0.233358,-0.0334606,0.0208333,0.7666158111320336
58908,0.176091,-0.0334281,0.0208333,0.47379990098729907
58932,0.211026,-0.0244062,0.0208333,0.9086237040570609
58956,0.188297,-0.0301122,0.0208333,0.7322309131055054
58980,0.290862,-0.0354281,0.0208333,0.24006794013014315
59004,0.299086,-0.0217714,0.0208333,0.2952168722052316
59028,0.110689,-0.0370802,0.0208333,0.5108717528413955
59052,0.186311,-0.0336169,0.0208333,0.5977671983476381
59076,0.173212,-0.0365404,0.0208333,0.2606784118309186
59100,0.166602,-0.035719,0.0208333,0.17918488604353947
59124,0.11936,-0.0330365,0.0208333,0.4788943847799919
59148,0.225971,-0.0303932,0.0208333,0.8475620367699365
59172,0.279198,-0.036991,0.0208333,0.21201414648935576
59196,0.274013,-0.0380422,0.0208333,0.15911610926722317
59220,0.10945,-0.0298326,0.0208333,0.37800206633454386
59244,0.106599,-0.0319566,0.0208333,0.410071680920449
59268,0.246247,-0.0339268,0.0208333,0.6673667614816816
59292,0.271288,-0.0382933,0.0208333,0.1425701271796094
59316,0.167702,-0.0365995,0.0208333,0.1441431160143907
59340,0.269002,-0.0368838,0.0208333,0.10188182339231518
59364,0.297372,-0.0097059,0.0208333,1.0666216796411743
59388,0.102999,-0.00991855,0.0208333,0.815651744873472
59412,0.205352,-0.0339289,0.0208333,0.7491710642323379
59436,0.139384,-0.031785,0.0208333,0.302837795609782
59460,0.103454,0.00422879,0.0208333,1.2094214939702912
59484,0.215084,-0.0331049,0.0208333,0.806592552246781
59508,0.186034,-0.0375859,0.0208333,0.4483880967505846
59532,0.170877,-0.0253449,0.0208333,0.7498438739104029
59556,0.228107,-0.0253634,0.0208333,0.8826427018579801
59580,0.14258,-0.0293988,0.0208333,0.19744815355055614
59604,0.185909,-0.0382368,0.0208333,0.4119670271021579
59628,0.131353,-0.0382537,0.0208333,0.7924882761482063
59652,0.128946,-0.00763816,0.0208333,1.1824530300790006
59676,0.265394,-0.0350417,0.0208333,0.3325742915712808
59700,0.117713,-0.0370184,0.0208333,0.6761361054533672
59724,0.11298,-0.0103154,0.0208333,0.9347201293679098
59748,0.253741,-0.038362,0.0208333,0.3798914054231206
59772,0.182289,-0.0224456,0.0208333,0.9023308099387054
59796,0.239528,-0.0224638,0.0208333,0.8362265394328737
59820,0.265687,0.027181,0.0208333,0.24861785565600253
59844,0.262699,-0.0250217,0.0208333,0.6962493019678163
59868,0.205479,-0.0250455,0.0208333,0.9063216511039793
59892,0.270053,-0.0392161,0.0208333,0.09580276002543768
59916,0.237134,-0.0351063,0.0208333,0.7057100398361147
59940,0.239956,-0.0366021,0.0208333,0.6454352642032906
59964,0.179902,-0.0350983,0.0208333,0.44647670533932843
59988,0.270213,-0.0265209,0.0208333,0.6053234533438347
60012,0.182442,-0.032854,0.0208333,0.580705262907298
60036,0.213776,-0.0373081,0.0208333,0.6750212477333306
60060,0.169597,-0.0324178,0.0208333,0.4043084659381019
60084,0.180568,0.0313955,0.0208333,0.36978211946789913
60108,0.226397,-0.0373466,0.0208333,0.6693309211934743
60132,0.306183,0.0037368,0.0208333,1.3363678514766657
60156,0.0940394,0.00376129,0.0208333,1.1924911466021773
60180,0.226831,-0.0324849,0.0208333,0.8054465810064587
60204,0.141524,-0.0316164,0.0208333,0.26195847752860546
60228,0.142528,-0.039636,0.0208333,0.693297473882475
60252,0.106094,-0.0383791,0.0208333,0.29067379770081186
60276,0.212599,-0.0228381,0.0208333,0.9036911847932008
60300,0.263175,-0.0374013,0.0208333,0.21871335410991713
60324,0.396779,-0.00889292,0.0208333,0.614368262030952
60348,0.00322129,0.00889797,0.0208333,1.1585100017528986
60372,0.396775,0.00889437,0.0208333,1.2699529379266352
60396,0.00322892,-0.00888919,0.0208333,1.1584700017550198
60420,0.134126,0.0273661,0.0208333,0.2952791423507596
60444,0.225987,-0.0347097,0.0208333,0.753208774958982
60468,0.175571,-0.0378506,0.0208333,0.25474759677058406
60492,0.111414,-0.0372019,0.0208333,0.527038919609109
60516,0.10643,-0.0332347,0.0208333,0.40893458692707757
60540,0.295316,-0.0254759,0.0208333,0.23685614937765498
60564,0.227591,-0.0163716,0.0208333,0.8157991618135731
60588,0.302744,-0.00203422,0.0208333,1.2713681935615417
60612,0.180155,-0.0379039,0.0208333,0.3318259631785073
60636,0.119677,-0.0220783,0.0208333,0.22454895557698348
60660,0.158973,-0.0360848,0.0208333,0.1485157265180681
60684,0.223532,-0.0166207,0.0208333,0.8140455684249773
60708,0.137205,-0.0308187,0.0208333,0.22212284809997396
60732,0.182713,0.0335244,0.0208333,0.3933619305526488
60756,0.295258,-0.0370631,0.0208333,0.20513065348565046
60780,0.129714,-0.0187859,0.0208333,0.6070079168246951
60804,0.27569,0.0274799,0.0208333,0.18157320167223714
60828,0.240565,-0.0372204,0.0208333,0.6173842343482804
60852,0.185386,-0.0370869,0.0208333,0.4509085968744468
60876,0.113437,-0.0384377,0.0208333,0.5873952093723408
60900,0.266184,-0.0369929,0.0208333,0.10952290074454749
60924,0.259434,-0.0325055,0.0208333,0.5670269302418954
60948,0.147716,-0.0383304,0.0208333,0.579656888601
60972,0.143242,-0.0392569,0.0208333,0.685942444828098
60996,0.298164,-0.0197414,0.0208333,0.3520049052126405
61020,0.152296,-0.0297394,0.0208333,0.3485186948869659
61044,0.208989,-0.0238226,0.0208333,0.9067715499071712
61068,0.233422,-0.0312796,0.0208333,0.808585241982177
61092,0.176164,-0.0312586,0.0208333,0.5779893157683241
61116,0.216022,-0.0279797,0.0208333,0.8892644844444281
61140,0.12381,0.0276089,0.0208333,0.29449812985539664
61164,0.214096,-0.0186332,0.0208333,0.8693534434592705
61188,0.238809,-0.0382971,0.0208333,0.585132543589986
61212,0.267966,-0.0362369,0.0208333,0.11372080798543423
61236,0.246325,-0.0393439,0.0208333,0.3760536943932794
61260,0.216254,-0.0384585,0.0208333,0.6168094337709566
61284,0.140292,-0.0269536,0.0208333,0.25527532456899965
61308,0.143998,-0.0396209,0.0208333,0.6693690229130972
61332,0.165744,-0.0228585,0.0208333,0.7750086969473994
61356,0.189482,-0.0383593,0.0208333,0.4605978196924828
61380,0.161457,0.0269227,0.0208333,0.288832527851559
61404,0.296078,-0.0296054,0.0208333,0.2073546786812634
61428,0.109248,-0.020479,0.0208333,0.3142051438895455
61452,0.239801,0.0285937,0.0208333,0.43650406075755827
61476,0.203935,-0.0349235,0.0208333,0.7079998364494265
61500,0.198019,-0.0362069,0.0208333,0.622150051326749
61524,0.164507,-0.0187176,0.0208333,0.8917177653592084
61548,0.16027,-0.0292287,0.0208333,0.4563052495540258
61572,0.149724,-0.0296597,0.0208333,0.284821304509188
61596,0.255345,-0.036271,0.0208333,0.4741647213391432
61620,0.295381,-0.0383037,0.0208333,0.20100528685330646
61644,0.141403,-0.0301589,0.0208333,0.19585780291066682
61668,0.114435,-0.0270766,0.0208333,0.19914495027768492
61692,0.137709,-0.00527546,0.0208333,1.1760089916077217
61716,0.294384,-0.0313433,0.0208333,0.22717985748146777
61740,0.271438,-0.0331869,0.0208333,0.24873150446312586
61764,0.165223,0.036609,0.0208333,0.35990468913572105
61788,0.232422,-0.0363848,0.0208333,0.6884624097019727
61812,0.125462,-0.0333412,0.0208333,0.4790809470829016
61836,0.138425,-0.032521,0.0208333,0.34598967715474704
61860,0.132704,-0.0328245,0.0208333,0.4023455261196401
61884,0.129018,-0.0331771,0.0208333,0.4519059098539851
61908,0.118917,-0.0243406,0.0208333,0.11841830167807846
61932,0.220901,-0.0384011,0.0208333,0.6303639308071279
61956,0.10539,-0.0336051,0.0208333,0.3830117742936226
61980,0.113929,-0.0287611,0.0208333,0.2616234933366199
62004,0.18926,-0.0308457,0.0208333,0.7300427716787192
62028,0.289058,-0.0259075,0.0208333,0.21263491762382303
62052,0.266079,-0.0236615,0.0208333,0.6899372995083861
62076,0.121629,-0.0171603,0.0208333,0.4452854151908077
62100,0.245326,-0.0341611,0.0208333,0.6719922499818596
62124,0.166419,-0.0396299,0.0208333,0.043024237866938445
62148,0.269429,-0.037365,0.0208333,0.12952205771141842
62172,0.232663,-0.0222034,0.0208333,0.8658971705709638
62196,0.142127,-0.0371301,0.0208333,0.6222231222828467
62220,0.175417,-0.0222026,0.0208333,0.8551770325057388
62244,0.110584,-0.0392136,0.0208333,0.45327484060220946
62268,0.110728,-0.0356341,0.0208333,0.4989315689237168
62292,0.283041,-0.029529,0.0208333,0.13787204463374725
62316,0.16174,-0.0285288,0.0208333,0.5100000940005012
62340,0.276955,-0.0350286,0.0208333,0.1732731367511251
62364,0.174467,-0.0176417,0.0208333,0.9258158791145931
62388,0.23181,-0.017546,0.0208333,0.82385838742548
62412,0.172826,-0.0248211,0.0208333,0.752038122777839
62436,0.230053,-0.0248404,0.0208333,0.8798724032603893
62460,0.148482,-0.0303668,0.0208333,0.19411891669868342
62484,0.143846,-0.0302164,0.0208333,0.19143208984458587
62508,0.173664,-0.0372038,0.0208333,0.24695232288393018
62532,0.111699,0.0337319,0.0208333,0.22879339955272773
62556,0.279355,-0.0347394,0.0208333,0.18644407919387088
62580,0.104925,-0.0378429,0.0208333,0.25836839347845336
62604,0.268417,-0.0260977,0.0208333,0.6215518609537676
62628,0.133757,-0.0305267,0.0208333,0.2217569778960617
62652,0.202967,-0.0383837,0.0208333,0.5889171190014637
62676,0.288053,-0.0289862,0.0208333,0.2180437749771325
62700,0.27855,-0.027491,0.0208333,0.33448358627149405
62724,0.288269,0.0337321,0.0208333,0.18861513674390637
62748,0.281484,-0.0272636,0.0208333,0.1728430587382091
62772,0.243494,-0.034682,0.0208333,0.6675704145527157
62796,0.172475,-0.0377294,0.0208333,0.19869297204631095
62820,0.151094,-0.0356371,0.0208333,0.3676596805415064
62844,0.108092,-0.0302125,0.0208333,0.4013453151779252
62868,0.157684,-0.0287361,0.0208333,0.45536302307121607
62892,0.264633,-0.0253479,0.0208333,0.6902321454107625
62916,0.207526,-0.0254007,0.0208333,0.9089870625805061
62940,0.273274,-0.0371037,0.0208333,0.164437250089449
62964,0.241091,-0.0347962,0.0208333,0.6883439228456659
62988,0.104219,-0.00356939,0.0208333,1.2582116781506973
63012,0.211538,-0.0358894,0.0208333,0.7246321124921613
63036,0.258692,-0.0246086,0.0208333,0.7389638448534135
63060,0.201457,-0.0246155,0.0208333,0.9118644118857792
63084,0.123024,-0.0193403,0.0208333,0.39171367956940234
63108,0.114885,-0.0384307,0.0208333,0.6244739044968032
63132,0.251289,-0.0329196,0.0208333,0.6451642718283871
63156,0.274433,-0.0330798,0.0208333,0.10265547954775721
63180,0.27364,-0.0307676,0.0208333,0.33908018471773016
63204,0.194079,-0.0329346,0.0208333,0.7043042616265985
63228,0.259847,-0.0228341,0.0208333,0.7380132272306277
63252,0.202665,-0.0228144,0.0208333,0.9067470466244052
63276,0.262511,-0.0332467,0.0208333,0.49833880614321857
63300,0.16742,-0.0244321,0.0208333,0.7578085056891651
63324,0.224817,-0.0245185,0.0208333,0.8916342168554696
63348,0.242695,-0.0319259,0.0208333,0.7511891785454327
63372,0.106288,-0.0176069,0.0208333,0.3748956177844313
63396,0.273335,-0.025878,0.0208333,0.5659640303208496
63420,0.234049,-0.0239162,0.0208333,0.8621306940685654
63444,0.194051,-0.0383748,0.0208333,0.5104076927137349
63468,0.176794,-0.0238888,0.0208333,0.8450489560427663
63492,0.189449,-0.032881,0.0208333,0.6672736033584752
63516,0.138018,-0.0380196,0.0208333,0.7485654426268007
63540,0.187998,0.0369083,0.0208333,0.4404078957513297
63564,0.134352,-0.0384314,0.0208333,0.7866886900230222
63588,0.181998,-0.0248144,0.0208333,0.8351654990311032
63612,0.239237,-0.0248289,0.0208333,0.8438308744969037
63636,0.101949,-0.0235585,0.0208333,0.5021529487892987
63660,0.135798,-0.0384163,0.0208333,0.7745543926494052
63684,0.218794,0.0276881,0.0208333,0.44213433607942837
63708,0.145511,-0.0281867,0.0208333,0.2595683264757247
63732,0.168464,-0.0328843,0.0208333,0.37018028311562257
63756,0.222232,-0.0382262,0.0208333,0.6342804554322803
63780,0.240121,-0.0358752,0.0208333,0.6726924057296993
63804,0.122189,-0.00733806,0.0208333,1.1606436262613289
63828,0.236191,-0.0373278,0.0208333,0.6385208881846095
63852,0.270141,-0.0373304,0.0208333,0.1348968019333668
63876,0.276128,-0.0372046,0.0208333,0.18058800208517758
63900,0.291462,0.0122186,0.0208333,0.41239941820647696
63924,0.15096,-0.0372709,0.0208333,0.45305104085426223
63948,0.275471,-0.0345175,0.0208333,0.1610069627659003
63972,0.185115,-0.0349194,0.0208333,0.5433601330193254
63996,0.258796,-0.0207138,0.0208333,0.7526875465700371
64020,0.201632,-0.020664,0.0208333,0.89716688406748
64044,0.21199,-0.0383936,0.0208333,0.6258444147328632
64068,0.135052,-0.0380637,0.0208333,0.7782106936986171
64092,0.268598,-0.0383247,0.0208333,0.1226331439108123
64116,0.147263,-0.000603559,0.0208333,0.9254200912731364
64140,0.298426,-0.0359139,0.0208333,0.13045881422705788
64164,0.118832,-0.031018,0.0208333,0.31860516840103603
64188,0.1818,-0.0348403,0.0208333,0.4983223165401156
64212,0.261267,-0.039184,0.0208333,0.07725790192587165
64236,0.212149,-0.0203751,0.0208333,0.8863137843809126
64260,0.234955,-0.0343484,0.0208333,0.7373656850699324
64284,0.177676,-0.034348,0.0208333,0.4535891572761913
64308,0.253962,-0.0259846,0.0208333,0.7486491346417643
64332,0.196743,-0.0259552,0.0208333,0.8899406940860618
64356,0.259798,-0.0336912,0.0208333,0.5054437509939844
64380,0.128998,-0.0212702,0.0208333,0.35306558307806796
64404,0.132044,-0.0130283,0.0208333,0.9626568310467819
64428,0.176217,-0.0197371,0.0208333,0.915721172076238
64452,0.23346,-0.0197365,0.0208333,0.8364440702546818
64476,0.282995,-0.0351334,0.0208333,0.2237972850373525
64500,0.196269,-0.0396785,0.0208333,0.4396785492453009
64524,0.196274,-0.0238013,0.0208333,0.9104414584917424
64548,0.16632,-0.020565,0.0208333,0.8771867431461368
64572,0.196687,-0.0336327,0.0208333,0.6950428064448109
64596,0.253495,-0.0238358,0.0208333,0.7716849433995807
64620,0.108858,-0.00162501,0.0208333,1.2764557921327313
64644,0.107359,-0.0392373,0.0208333,0.32299817980368
64668,0.264476,-0.0338046,0.0208333,0.42126828795443944
64692,0.253911,-0.033636,0.0208333,0.5961716470235462
64716,0.202611,-0.0338275,0.0208333,0.7332260129784594
64740,0.122334,-0.0383811,0.0208333,0.7511632373461183
64764,0.11275,-0.0379951,0.0208333,0.5690481947247354
64788,0.149003,-0.0366431,0.0208333,0.47751467491069044
64812,0.20446,-0.014665,0.0208333,0.8284434894917578
64836,0.116879,-0.0247887,0.0208333,0.11645299182032379
64860,0.222632,-0.0375814,0.0208333,0.6617652658340825
64884,0.103319,0.0334259,0.0208333,0.11564021263773255
64908,0.296586,0.0334157,0.0208333,0.13760326233476444
64932,0.142842,-0.0279093,0.0208333,0.2391220071471683
64956,0.158111,-0.0106163,0.0208333,1.0121088222443453
64980,0.14856,-0.00568799,0.0208333,1.057085363005942
65004,0.112325,-0.0290639,0.0208333,0.30065329873886715
65028,0.155119,-0.0373507,0.0208333,0.33336311390111295
65052,0.190593,-0.0306935,0.0208333,0.737808985475031
65076,0.269947,-0.0384913,0.0208333,0.13330561656659481
65100,0.106974,-0.00451613,0.0208333,1.2816078778690496
65124,0.2961,-0.0329101,0.0208333,0.1897921765607384
65148,0.128854,-0.0129361,0.0208333,0.9692199190897332
65172,0.144153,-0.00450343,0.0208333,1.0961411695668715
65196,0.270465,-0.0380543,0.0208333,0.13837023241105725
65220,0.130981,-0.0368386,0.0208333,0.7270085331344737
65244,0.118923,-0.03759,0.0208333,0.7143758775623483
65268,0.102709,-0.0151186,0.0208333,0.4153873909124951
65292,0.210066,-0.0360762,0.0208333,0.7077114898675114
65316,0.184044,-0.0360093,0.0208333,0.4819746315990392
65340,0.276005,-0.0384477,0.0208333,0.17484230817817065
65364,0.232353,0.038747,0.0208333,0.5985916515044855
65388,0.114236,-0.0373762,0.0208333,0.6127688705994803
65412,0.264257,-0.032924,0.0208333,0.47639097748054166
65436,0.15246,0.036965,0.0208333,0.3358180721576243
65460,0.18513,-0.0384993,0.0208333,0.4001610339158236
65484,0.241049,-0.0396803,0.0208333,0.39082036545158727
65508,0.180486,-0.0371709,0.0208333,0.37483997695508625
65532,0.172258,-0.0186305,0.0208333,0.9304948321675304
65556,0.252766,0.0338976,0.0208333,0.45546703026330926
65580,0.101744,-0.0358881,0.0208333,0.1692074622095979
65604,0.110248,-0.024418,0.0208333,0.27361646827841524
65628,0.16944,-0.0238542,0.0208333,0.7607398414961052
65652,0.226722,-0.0239051,0.0208333,0.8890238185069357
65676,0.12391,-0.0383137,0.0208333,0.7620874180919167
65700,0.261932,-0.023049,0.0208333,0.7322151896158325
65724,0.20477,-0.0230326,0.0208333,0.9100269290871239
65748,0.151554,-0.0396645,0.0208333,0.4939186157241073
65772,0.396949,-1.73289e-05,0.0208333,1.20902652449995
65796,0.00305493,4.4147e-05,0.0208333,1.1606600015386648
65820,0.138407,-0.0128362,0.0208333,1.072880424874298
65844,0.219378,-0.0105821,0.0208333,0.6901948996065705
65868,0.155664,-0.0379111,0.0208333,0.33299624301306524
65892,0.191131,-0.0384731,0.0208333,0.4770005031204311
65916,0.212411,-0.0371708,0.0208333,0.6822132463224873
65940,0.104369,-0.0383728,0.0208333,0.20734246743398807
65964,0.151172,-0.0254611,0.0208333,0.5522015230964082
65988,0.245747,-0.0298382,0.0208333,0.7625696249305556
66012,0.240823,0.033613,0.0208333,0.5115283874474399
66036,0.271588,-0.0253126,0.0208333,0.6057320093394979
66060,0.101141,-0.0322259,0.0208333,0.3168768061014029
66084,0.298473,-0.0392789,0.0208333,0.07746662588528043
66108,0.101522,-0.0392978,0.0208333,0.06544597163884192
66132,0.135007,-0.0373942,0.0208333,0.7246736311945277
66156,0.155135,-0.0384053,0.0208333,0.3616915166215658
66180,0.124014,-0.0100169,0.0208333,1.0627462805968955
66204,0.115388,-0.0233151,0.0208333,0.16137959520153997
66228,0.2097,-0.0372223,0.0208333,0.6703625474535034
66252,0.17355,0.0387586,0.0208333,0.3859699983796783
66276,0.111494,-0.0379834,0.0208333,0.52948225610926
66300,0.147164,0.0340149,0.0208333,0.327660734934383
66324,0.18611,-0.0346813,0.0208333,0.5537702450371375
66348,0.102089,-0.0367196,0.0208333,0.16780402403986502
66372,0.217732,-0.0252214,0.0208333,0.9034033276542487
66396,0.102259,-0.0196171,0.0208333,0.48324411883699897
66420,0.297926,-0.0323411,0.0208333,0.15535920798526878
66444,0.287155,-0.037953,0.0208333,0.2571721313520771
66468,0.202209,-0.0327974,0.0208333,0.7655611996051511
66492,0.200971,-0.0325269,0.0208333,0.7621441815195065
66516,0.221382,-0.0372519,0.0208333,0.6838301269527052
66540,0.169086,-0.0159029,0.0208333,0.9535039411018208
66564,0.275259,-0.0210767,0.0208333,0.6527625187711855
66588,0.270183,0.0294697,0.0208333,0.26028951522935295
66612,0.252373,-0.0392146,0.0208333,0.33359841600247897
66636,0.108825,-0.0181498,0.0208333,0.27838990329326313
66660,0.200502,0.037089,0.0208333,0.5098191153369201
66684,0.182229,0.0285109,0.0208333,0.33669297716711644
66708,0.123623,-0.0335103,0.0208333,0.48920339396068063
66732,0.230906,-0.0379607,0.0208333,0.6256979057658295
66756,0.226867,-0.0384189,0.0208333,0.6204957295030592
66780,0.276525,-0.0379287,0.0208333,0.18404498912199183
66804,0.234463,-0.0334282,0.0208333,0.7637646954890815
66828,0.121947,-0.0337959,0.0208333,0.5156099219527622
66852,0.177192,-0.0334109,0.0208333,0.48067501340356006
66876,0.1523,-0.0393926,0.0208333,0.47439376206153894
66900,0.181319,-0.0371667,0.0208333,0.38588686894985375
66924,0.181464,-0.0379172,0.0208333,0.35805267852698563
66948,0.120224,-0.033739,0.0208333,0.5078274700950948
66972,0.25395,0.0292398,0.0208333,0.36637894612452226
66996,0.14596,0.0293952,0.0208333,0.3019998644452168
67020,0.241899,-0.0344298,0.0208333,0.6854638667966927
67044,0.15244,-0.0281077,0.0208333,0.4289704070825627
67068,0.279958,-0.0265212,0.0208333,0.33162830848098596
67092,0.219101,-0.0359349,0.0208333,0.7299244691917015
67116,0.126614,-0.0214966,0.0208333,0.3231447535840601
67140,0.255837,-0.0261836,0.0208333,0.7403900643411453
67164,0.23586,-0.0343772,0.0208333,0.7344433531128556
67188,0.198615,-0.0261525,0.0208333,0.8932985504481654
67212,0.159103,-0.0282488,0.0208333,0.4902184179253368
67236,0.286577,-0.0384395,0.0208333,0.2538902172340833
67260,0.178589,-0.0343832,0.0208333,0.45952091673360684
67284,0.205829,0.0342252,0.0208333,0.494018059508476
67308,0.247015,-0.0397162,0.0208333,0.347232639745893
67332,0.230603,-0.0226842,0.0208333,0.86971322173568
67356,0.173388,-0.0226912,0.0208333,0.8556930718994151
67380,0.214179,-0.0397174,0.0208333,0.4978003455675323
67404,0.173889,-0.0397018,0.0208333,0.14056847516133056
67428,0.286068,-0.037943,0.0208333,0.25301908390222266
67452,0.278425,-0.0345361,0.0208333,0.17796945475760723
67476,0.115426,-0.0379495,0.0208333,0.6476672866443873
67500,0.29766,-0.0151505,0.0208333,0.5747482149881025
67524,0.149451,-0.0228067,0.0208333,0.6796580933002315
67548,0.235836,-0.0384929,0.0208333,0.5891039408694158
67572,0.278143,-0.0335683,0.0208333,0.1585056255386212
67596,0.128085,-0.0291217,0.0208333,0.14318754024057262
67620,0.14448,0.000413715,0.0208333,0.9288996300160219
67644,0.306389,0.00692548,0.0208333,1.1964607329992483
67668,0.0937086,0.00696989,0.0208333,1.1507261779169926
67692,0.176118,-0.038375,0.0208333,0.25428778800400953
67716,0.103942,-0.0236341,0.0208333,0.46734818732817707
67740,0.293651,0.0369645,0.0208333,0.13820491637381246
67764,0.106349,0.036964,0.0208333,0.1524648255272343
67788,0.268022,-0.0240739,0.0208333,0.681407264109615
67812,0.14147,-0.0122842,0.0208333,1.0743094589557363
67836,0.265383,-0.0342025,0.0208333,0.392787151072122
67860,0.207032,0.0296847,0.0208333,0.439587490211401
67884,0.216287,-0.0196692,0.0208333,0.86977367521275
67908,0.127227,-0.0333484,0.0208333,0.47722994023709364
67932,0.130773,-0.0329522,0.0208333,0.4197118107725271
67956,0.152985,-0.0397281,0.0208333,0.4443238617193098
67980,0.297283,-0.0300315,0.0208333,0.193530650827749
68004,0.121335,-0.0322423,0.0208333,0.39548042571380393
68028,0.140888,-0.037961,0.0208333,0.7066654739710501
68052,0.158371,0.00682047,0.0208333,0.42699189852538466
68076,0.19564,-0.0337914,0.0208333,0.6874934850165564
68100,0.179975,-0.0252243,0.0208333,0.8283397155214101
68124,0.237221,-0.0252448,0.0208333,0.8497078153401995
68148,0.252863,-0.033774,0.0208333,0.6021001543837439
68172,0.218966,-0.0344714,0.0208333,0.7634455482581507
68196,0.186585,-0.0386001,0.0208333,0.4155513635995343
68220,0.150342,-0.0360111,0.0208333,0.40017293054625536
68244,0.113571,-0.0239699,0.0208333,0.18662841079488515
68268,0.141868,-0.0267051,0.0208333,0.28308658829096955
68292,0.119005,-0.0367701,0.0208333,0.6772426158398592
68316,0.260832,-0.0338515,0.0208333,0.5001411382100953
68340,0.263336,-0.038117,0.0208333,0.12901802042130547
68364,0.159311,-0.0232817,0.0208333,0.762069250729767
68388,0.183952,-0.0368396,0.0208333,0.438018633000985
68412,0.12761,-0.0397217,0.0208333,0.7782338861358256
68436,0.149918,-0.0378874,0.0208333,0.5168704466537112
68460,0.114116,-0.0381041,0.0208333,0.6079435572153409
68484,0.146182,-0.0303795,0.0208333,0.17881251797945497
68508,0.274036,-0.037326,0.0208333,0.16694796964389835
68532,0.113236,-0.0257886,0.0208333,0.19781956528879946
68556,0.106279,0.0338292,0.0208333,0.1521406650718341
68580,0.293626,0.0338195,0.0208333,0.14798823165290406
68604,0.272512,-0.0336039,0.0208333,0.15389970663925906
68628,0.226075,-0.0361066,0.0208333,0.7153060817764674
68652,0.110891,-0.0339886,0.0208333,0.4724933386291588
68676,0.226214,-0.038038,0.0208333,0.6265379851712197
68700,0.220255,-0.0196604,0.0208333,0.8679933540120863
68724,0.229488,-0.0182408,0.0208333,0.8285960765080623
68748,0.227204,-0.0372575,0.0208333,0.6686347052688223
68772,0.209843,-0.0197324,0.0208333,0.88342038373343
68796,0.102246,-0.0322714,0.0208333,0.34625740776522024
68820,0.216216,-0.0221044,0.0208333,0.899836539817437
68844,0.208255,-0.0216118,0.0208333,0.897774033184056
68868,0.216173,-0.026162,0.0208333,0.9036609189090412
68892,0.152724,-0.0242027,0.0208333,0.6668232871809804
68916,0.238573,-0.0331315,0.0208333,0.7400769628272603
68940,0.236517,-0.038034,0.0208333,0.6012306265847928
68964,0.167545,-0.0321538,0.0208333,0.3820786840955256
68988,0.284203,-0.0379481,0.0208333,0.25156303372192823
69012,0.239438,-0.0378242,0.0208333,0.5846939042959025
69036,0.219344,-0.0372656,0.0208333,0.6827460757580983
69060,0.285539,-0.029484,0.0208333,0.18951619952481633
69084,0.271022,0.0340152,0.0208333,0.33132840786110707
69108,0.276517,-0.024993,0.0208333,0.5266877865813864
69132,0.15511,-0.0282593,0.0208333,0.4790434834006944
69156,0.255137,0.0321593,0.0208333,0.42599429541186695
69180,0.222315,-0.0188313,0.0208333,0.8668706342077189
69204,0.111482,-0.0211452,0.0208333,0.22689804063951918
69228,0.166844,-0.036526,0.0208333,0.13947996577699753
69252,0.118309,-0.0364923,0.0208333,0.667106858280691
69276,0.274738,-0.024538,0.0208333,0.567785891723971
69300,0.103555,-0.0344133,0.0208333,0.32603342698479
69324,0.156,-0.0338375,0.0208333,0.20505675862063255
69348,0.214645,-0.0255333,0.0208333,0.9039525939923311
69372,0.137021,-0.0103814,0.0208333,1.1128821407829765
69396,0.264748,-0.0355308,0.0208333,0.33011304050645396
69420,0.139655,-0.0283982,0.0208333,0.18354752857904924
69444,0.214475,-0.0235313,0.0208333,0.9046878476141276
69468,0.137058,-0.0277192,0.0208333,0.14900363750065834
69492,0.125422,-0.0193651,0.0208333,0.40065089973181456
69516,0.223822,-0.0207321,0.0208333,0.8739304393169568
69540,0.25681,-0.0245442,0.0208333,0.7440706245238701
69564,0.199587,-0.0245073,0.0208333,0.9089789617361219
69588,0.298043,-0.0367057,0.0208333,0.14141686542852658
69612,0.125657,-0.029235,0.0208333,0.1588578526953213
69636,0.22683,-0.0358621,0.0208333,0.7161984072714411
69660,0.124481,-0.0327974,0.0208333,0.4598232885146506
69684,0.19115,-0.0317986,0.0208333,0.7151770061859564
69708,0.22141,-0.0236301,0.0208333,0.8963822045329212
69732,0.263242,-0.03256,0.0208333,0.49874932504383523
69756,0.299077,-0.0174758,0.0208333,0.4751792966163825
69780,0.14484,0.0322483,0.0208333,0.32188374063586994
69804,0.195115,-0.032864,0.0208333,0.7078380325072017
69828,0.128087,-0.0327302,0.0208333,0.44013245964176667
69852,0.13167,-0.0321994,0.0208333,0.38651941012735697
69876,0.252319,-0.0328436,0.0208333,0.6386201330758584
69900,0.397256,-0.00476778,0.0208333,1.0097067387250342
69924,0.397169,0.00475191,0.0208333,1.301929571251899
69948,0.00274732,0.00478197,0.0208333,1.1603206235999735
69972,0.00283625,-0.00472904,0.0208333,1.1603905898511315
69996,0.296297,-0.0199146,0.0208333,0.37587229095357644
70020,0.126316,-0.0327666,0.0208333,0.4478507700471884
70044,0.178742,-0.0236138,0.0208333,0.8462040275969023
70068,0.235992,-0.0236392,0.0208333,0.8581128076097188
70092,0.129828,-0.0324414,0.0208333,0.41212639541774426
70116,0.261528,-0.0329769,0.0208333,0.5032282888209646
70140,0.209241,-0.0360491,0.0208333,0.7070018024821068
70164,0.149745,-0.0247737,0.0208333,0.5867718729275015
70188,0.203611,-0.0340287,0.0208333,0.7355883328115438
70212,0.206281,-0.0168688,0.0208333,0.8491960972688248
70236,0.145041,-0.0296061,0.0208333,0.2116347565639739
70260,0.219817,-0.0221995,0.0208333,0.8971558717439815
70284,0.147338,-0.0296759,0.0208333,0.2049953068311897
70308,0.190451,-0.032782,0.0208333,0.6735360650969894
70332,0.263644,-0.0168551,0.0208333,0.7364204065226565
70356,0.286675,-0.0284417,0.0208333,0.19772579970830817
70380,0.187644,-0.032237,0.0208333,0.6718077082249991
70404,0.273324,-0.0328102,0.0208333,0.1645845032220227
70428,0.135659,-0.0321,0.0208333,0.34449476771873927
70452,0.144578,-0.0273074,0.0208333,0.2980353431729212
70476,0.298294,-0.0342287,0.0208333,0.14149709198418178
70500,0.144848,-0.0254416,0.0208333,0.4245169602594611
70524,0.103552,-0.0334759,0.0208333,0.33983832376475026
70548,0.131713,-0.0368195,0.0208333,0.724254208312315
70572,0.116962,-0.0341468,0.0208333,0.5311766845664264
70596,0.106846,-0.0380745,0.0208333,0.3265996844492697
70620,0.150826,-0.0212818,0.0208333,0.8193623925487333
70644,0.156526,-0.0276147,0.0208333,0.4938496844002337
70668,0.284234,-0.028752,0.0208333,0.1597955622380046
70692,0.137469,-0.0320686,0.0208333,0.3399588844578056
70716,0.262134,-0.03089,0.0208333,0.5661913407246706
70740,0.153889,-0.0272641,0.0208333,0.5178584177349357
70764,0.133637,-0.0380529,0.0208333,0.7859462181156333
70788,0.225579,-0.0355182,0.0208333,0.7345553244448957
70812,0.192011,-0.0334286,0.0208333,0.661640428795426
70836,0.120632,-0.0316644,0.0208333,0.371421065756169
70860,0.122715,-0.033121,0.0208333,0.47737684068943526
70884,0.24923,-0.033438,0.0208333,0.6520855745987132
70908,0.184638,-0.0341254,0.0208333,0.5595884646547046
70932,0.121122,-0.0332885,0.0208333,0.49199957921092174
70956,0.140099,-0.036786,0.0208333,0.6458257262012718
70980,0.133652,-0.037303,0.0208333,0.7263012290209209
71004,0.101402,-0.0386032,0.0208333,0.06876989155088148
71028,0.298592,-0.0385825,0.0208333,0.09621633594151255
71052,0.191042,-0.0336362,0.0208333,0.6529459086938735
71076,0.268304,-0.036994,0.0208333,0.07760955403957429
71100,0.296697,-0.0345658,0.0208333,0.17382300505784612
71124,0.248219,-0.0336041,0.0208333,0.6572961932123124
71148,0.223355,-0.0229917,0.0208333,0.8950402476315288
71172,0.263138,-0.0314,0.0208333,0.5491385003610402
71196,0.198398,-0.0369293,0.0208333,0.6017992000007145
71220,0.136567,-0.0327429,0.0208333,0.38015870871507024
71244,0.1994,-0.0380088,0.0208333,0.5626883298755389
71268,0.188816,-0.0320497,0.0208333,0.6816550523239474
71292,0.127025,-0.0284958,0.0208333,0.11788666480060457
71316,0.102568,-0.0332252,0.0208333,0.32849126142604956
71340,0.107486,-0.0220737,0.0208333,0.3663693706843301
71364,0.398735,0.0072277,0.0208333,1.2776954263550266
71388,0.00126813,-0.00722252,0.0208333,1.1584703883642495
71412,0.39874,-0.00722625,0.0208333,0.775062135948297
71436,0.00126051,0.00723131,0.0208333,1.1584603860425362
71460,0.107082,0.000452941,0.0208333,1.2584265922556317
71484,0.100694,-0.0385325,0.0208333,0.0501806432127967
71508,0.299305,-0.0385272,0.0208333,0.0826977298000979
71532,0.168019,-0.0371752,0.0208333,0.13173710075296025
71556,0.152672,-0.0219903,0.0208333,0.791749524173298
71580,0.191778,-0.0381112,0.0208333,0.4921277303872974
71604,0.187231,-0.038166,0.0208333,0.43701412199135403
71628,0.15112,-0.0272793,0.0208333,0.46653918416953993
71652,0.218451,-0.0155558,0.0208333,0.8009406298832243
71676,0.206082,-0.021177,0.0208333,0.895600169827228
71700,0.208156,0.0325104,0.0208333,0.495615976892786
71724,0.138034,-0.0300654,0.0208333,0.18786147889573343
71748,0.146681,-0.0353519,0.0208333,0.44266854832384184
71772,0.113725,-0.0198444,0.0208333,0.23016098079430927
71796,0.203024,-0.0320126,0.0208333,0.7914866447878666
71820,0.210331,-0.0368155,0.0208333,0.6819942089333516
71844,0.265465,-0.0214587,0.0208333,0.7256297753564278
71868,0.135641,-0.0369681,0.0208333,0.7080163696115043
71892,0.275384,-0.0373536,0.0208333,0.1747598308514677
71916,0.168535,-0.020138,0.0208333,0.8687044170337525
71940,0.209038,-0.0367683,0.0208333,0.6755725887968345
71964,0.127334,-0.0101941,0.0208333,1.069929473503251
71988,0.26502,-0.0321931,0.0208333,0.48059002976300136
72012,0.139257,-0.0305794,0.0208333,0.20960542142859018
72036,0.262647,-0.0384637,0.0208333,0.12904304919279674
72060,0.138922,-0.00798289,0.0208333,1.1526707695432934
72084,0.298177,-0.0236508,0.0208333,0.24154878340616828
72108,0.140791,-0.0371927,0.0208333,0.649105395548098
72132,0.141384,-0.0367539,0.0208333,0.6268730876512073
72156,0.176789,-0.0380143,0.0208333,0.2739854898545908
72180,0.205219,-0.0190361,0.0208333,0.8719145621301418
72204,0.260052,-0.0187713,0.0208333,0.7462187655555961
72228,0.105355,-0.021847,0.0208333,0.4372596271659784
72252,0.15694,-0.0335938,0.0208333,0.21181826760209807
72276,0.10458,-0.0197094,0.0208333,0.4212093754339995
72300,0.212604,-0.0379483,0.0208333,0.6368823478634252
72324,0.295305,-0.0220212,0.0208333,0.3027501319294345
72348,0.202872,-0.0187413,0.0208333,0.8705685000025004
72372,0.262422,-0.019015,0.0208333,0.740462777601975
72396,0.295444,-0.0308331,0.0208333,0.21041524318539756
72420,0.227143,-0.02161,0.0208333,0.8721781700089608
72444,0.14021,-0.0296687,0.0208333,0.17089964640981678
72468,0.268755,0.0321626,0.0208333,0.3268033832263926
72492,0.241273,-0.0329676,0.0208333,0.7297557040290679
72516,0.220258,-0.0380732,0.0208333,0.6312893050770298
72540,0.139304,-0.0256028,0.0208333,0.3104354864662906
72564,0.296264,-0.0237274,0.0208333,0.2741594069835285
72588,0.221484,-0.037993,0.0208333,0.6351466635656717
72612,0.230896,-0.0372942,0.0208333,0.6694773186411397
72636,0.263252,-0.0211723,0.0208333,0.7298902777061744
72660,0.229077,-0.0209122,0.0208333,0.8689188404347522
72684,0.225704,-0.0199638,0.0208333,0.8706093825087668
72708,0.134321,-0.0370121,0.0208333,0.7169150942129239
72732,0.224895,-0.0310659,0.0208333,0.8438188121955452
72756,0.16767,-0.0310659,0.0208333,0.46840838860620104
72780,0.149686,-0.0354851,0.0208333,0.38555283939186297
72804,0.275318,-0.0381025,0.0208333,0.16969385917911586
72828,0.231307,-0.0369046,0.0208333,0.675347400640973
72852,0.232077,-0.0370773,0.0208333,0.6729370517433264
72876,0.149736,-0.0281281,0.0208333,0.36286790006945285
72900,0.242033,-0.03355,0.0208333,0.7139984495595744
72924,0.269286,-0.0380875,0.0208333,0.12825643346584997
72948,0.104303,-0.000634145,0.0208333,1.2405014618383534
72972,0.218456,-0.0181915,0.0208333,0.8625200656720067
72996,0.111841,-0.0342988,0.0208333,0.48976543430198355
73020,0.146941,-0.00346246,0.0208333,1.059641750840623
73044,0.168754,-0.0373216,0.0208333,0.1370623532397208
73068,0.296845,-0.0336216,0.0208333,0.17324953311885144
73092,0.119555,-0.032008,0.0208333,0.38343556939590046
73116,0.138163,-0.0287056,0.0208333,0.14614393417757715
73140,0.273079,-0.0318066,0.0208333,0.32812231481970255
73164,0.169979,-0.0218537,0.0208333,0.8538574825008762
73188,0.157034,-0.0325895,0.0208333,0.25175055241205574
73212,0.241551,-0.0319532,0.0208333,0.757050268891945
73236,0.171978,-0.0212145,0.0208333,0.8623488099098242
73260,0.297704,-0.0333855,0.0208333,0.15940187707175846
73284,0.21983,-0.0347772,0.0208333,0.7618986860311635
73308,0.266399,-0.0337346,0.0208333,0.3922897837618685
73332,0.279146,-0.0330602,0.0208333,0.16928496346636934
