cell,x,y,z,T
168,0.208602,-0.0352868,0.000833333,800.6
169,0.208602,-0.0352868,0.0025,800.451
170,0.208602,-0.0352868,0.00416667,800.739
171,0.208602,-0.0352868,0.00583333,800.855
172,0.208602,-0.0352868,0.0075,800.906
173,0.208602,-0.0352868,0.00916667,800.875
174,0.208602,-0.0352868,0.0108333,800.839
175,0.208602,-0.0352868,0.0125,800.82
176,0.208602,-0.0352868,0.0141667,800.799
177,0.208602,-0.0352868,0.0158333,800.793
178,0.208602,-0.0352868,0.0175,800.8
179,0.208602,-0.0352868,0.0191667,800.818
180,0.208602,-0.0352868,0.0208333,800.806
181,0.208602,-0.0352868,0.0225,800.781
182,0.208602,-0.0352868,0.0241667,800.776
183,0.208602,-0.0352868,0.0258333,800.788
184,0.208602,-0.0352868,0.0275,800.813
185,0.208602,-0.0352868,0.0291667,800.811
186,0.208602,-0.0352868,0.0308333,800.858
187,0.208602,-0.0352868,0.0325,800.866
188,0.208602,-0.0352868,0.0341667,800.83
189,0.208602,-0.0352868,0.0358333,800.711
190,0.208602,-0.0352868,0.0375,800.45
191,0.208602,-0.0352868,0.0391667,800.594
192,0.158079,-0.0347657,0.000833333,801.204
193,0.158079,-0.0347657,0.0025,802.411
194,0.158079,-0.0347657,0.00416667,802.968
195,0.158079,-0.0347657,0.00583333,802.921
196,0.158079,-0.0347657,0.0075,802.669
197,0.158079,-0.0347657,0.00916667,802.189
198,0.158079,-0.0347657,0.0108333,801.688
199,0.158079,-0.0347657,0.0125,801.348
200,0.158079,-0.0347657,0.0141667,801.203
201,0.158079,-0.0347657,0.0158333,801.158
202,0.158079,-0.0347657,0.0175,801.144
203,0.158079,-0.0347657,0.0191667,801.175
204,0.158079,-0.0347657,0.0208333,801.161
205,0.158079,-0.0347657,0.0225,801.123
206,0.158079,-0.0347657,0.0241667,801.138
207,0.158079,-0.0347657,0.0258333,801.195
208,0.158079,-0.0347657,0.0275,801.33
209,0.158079,-0.0347657,0.0291667,801.629
210,0.158079,-0.0347657,0.0308333,802.11
211,0.158079,-0.0347657,0.0325,802.584
212,0.158079,-0.0347657,0.0341667,802.853
213,0.158079,-0.0347657,0.0358333,802.914
214,0.158079,-0.0347657,0.0375,802.383
215,0.158079,-0.0347657,0.0391667,801.203
1080,0.286303,-0.0347367,0.000833333,810.786
1081,0.286303,-0.0347367,0.0025,806.437
1082,0.286303,-0.0347367,0.00416667,807.709
1083,0.286303,-0.0347367,0.00583333,812.38
1084,0.286303,-0.0347367,0.0075,813.273
1085,0.286303,-0.0347367,0.00916667,814.038
1086,0.286303,-0.0347367,0.0108333,815.794
1087,0.286303,-0.0347367,0.0125,821.823
1088,0.286303,-0.0347367,0.0141667,820.761
1089,0.286303,-0.0347367,0.0158333,816.04
1090,0.286303,-0.0347367,0.0175,815.162
1091,0.286303,-0.0347367,0.0191667,815.747
1092,0.286303,-0.0347367,0.0208333,812.519
1093,0.286303,-0.0347367,0.0225,805.898
1094,0.286303,-0.0347367,0.0241667,807.352
1095,0.286303,-0.0347367,0.0258333,812.904
1096,0.286303,-0.0347367,0.0275,817.997
1097,0.286303,-0.0347367,0.0291667,822.996
1098,0.286303,-0.0347367,0.0308333,820.64
1099,0.286303,-0.0347367,0.0325,813.429
1100,0.286303,-0.0347367,0.0341667,811.557
1101,0.286303,-0.0347367,0.0358333,809.234
1102,0.286303,-0.0347367,0.0375,806.801
1103,0.286303,-0.0347367,0.0391667,809.446
1272,0.182891,-0.0348843,0.000833333,800.206
1273,0.182891,-0.0348843,0.0025,800.625
1274,0.182891,-0.0348843,0.00416667,801.108
1275,0.182891,-0.0348843,0.00583333,801.286
1276,0.182891,-0.0348843,0.0075,801.289
1277,0.182891,-0.0348843,0.00916667,801.192
1278,0.182891,-0.0348843,0.0108333,801.075
1279,0.182891,-0.0348843,0.0125,801.005
1280,0.182891,-0.0348843,0.0141667,800.964
1281,0.182891,-0.0348843,0.0158333,800.936
1282,0.182891,-0.0348843,0.0175,800.939
1283,0.182891,-0.0348843,0.0191667,800.965
1284,0.182891,-0.0348843,0.0208333,800.944
1285,0.182891,-0.0348843,0.0225,800.907
1286,0.182891,-0.0348843,0.0241667,800.924
1287,0.182891,-0.0348843,0.0258333,800.925
1288,0.182891,-0.0348843,0.0275,800.993
1289,0.182891,-0.0348843,0.0291667,801.046
1290,0.182891,-0.0348843,0.0308333,801.147
1291,0.182891,-0.0348843,0.0325,801.252
1292,0.182891,-0.0348843,0.0341667,801.244
1293,0.182891,-0.0348843,0.0358333,801.087
1294,0.182891,-0.0348843,0.0375,800.609
1295,0.182891,-0.0348843,0.0391667,800.19
1872,0.223519,-0.0348568,0.000833333,800.974
1873,0.223519,-0.0348568,0.0025,800.415
1874,0.223519,-0.0348568,0.00416667,800.607
1875,0.223519,-0.0348568,0.00583333,800.692
1876,0.223519,-0.0348568,0.0075,800.73
1877,0.223519,-0.0348568,0.00916667,800.745
1878,0.223519,-0.0348568,0.0108333,800.746
1879,0.223519,-0.0348568,0.0125,800.754
1880,0.223519,-0.0348568,0.0141667,800.746
1881,0.223519,-0.0348568,0.0158333,800.753
1882,0.223519,-0.0348568,0.0175,800.767
1883,0.223519,-0.0348568,0.0191667,800.791
1884,0.223519,-0.0348568,0.0208333,800.778
1885,0.223519,-0.0348568,0.0225,800.748
1886,0.223519,-0.0348568,0.0241667,800.738
1887,0.223519,-0.0348568,0.0258333,800.743
1888,0.223519,-0.0348568,0.0275,800.743
1889,0.223519,-0.0348568,0.0291667,800.728
1890,0.223519,-0.0348568,0.0308333,800.724
1891,0.223519,-0.0348568,0.0325,800.701
1892,0.223519,-0.0348568,0.0341667,800.661
1893,0.223519,-0.0348568,0.0358333,800.593
1894,0.223519,-0.0348568,0.0375,800.411
1895,0.223519,-0.0348568,0.0391667,800.966
2304,0.141717,-0.0353047,0.000833333,805.337
2305,0.141717,-0.0353047,0.0025,805.82
2306,0.141717,-0.0353047,0.00416667,805.451
2307,0.141717,-0.0353047,0.00583333,804.722
2308,0.141717,-0.0353047,0.0075,803.884
2309,0.141717,-0.0353047,0.00916667,802.877
2310,0.141717,-0.0353047,0.0108333,801.971
2311,0.141717,-0.0353047,0.0125,801.435
2312,0.141717,-0.0353047,0.0141667,801.235
2313,0.141717,-0.0353047,0.0158333,801.178
2314,0.141717,-0.0353047,0.0175,801.171
2315,0.141717,-0.0353047,0.0191667,801.202
2316,0.141717,-0.0353047,0.0208333,801.191
2317,0.141717,-0.0353047,0.0225,801.157
2318,0.141717,-0.0353047,0.0241667,801.163
2319,0.141717,-0.0353047,0.0258333,801.221
2320,0.141717,-0.0353047,0.0275,801.389
2321,0.141717,-0.0353047,0.0291667,801.876
2322,0.141717,-0.0353047,0.0308333,802.718
2323,0.141717,-0.0353047,0.0325,803.716
2324,0.141717,-0.0353047,0.0341667,804.572
2325,0.141717,-0.0353047,0.0358333,805.32
2326,0.141717,-0.0353047,0.0375,805.688
2327,0.141717,-0.0353047,0.0391667,805.22
2400,0.229573,-0.0350335,0.000833333,801.269
2401,0.229573,-0.0350335,0.0025,800.46
2402,0.229573,-0.0350335,0.00416667,800.658
2403,0.229573,-0.0350335,0.00583333,800.734
2404,0.229573,-0.0350335,0.0075,800.778
2405,0.229573,-0.0350335,0.00916667,800.781
2406,0.229573,-0.0350335,0.0108333,800.783
2407,0.229573,-0.0350335,0.0125,800.79
2408,0.229573,-0.0350335,0.0141667,800.778
2409,0.229573,-0.0350335,0.0158333,800.783
2410,0.229573,-0.0350335,0.0175,800.793
2411,0.229573,-0.0350335,0.0191667,800.82
2412,0.229573,-0.0350335,0.0208333,800.804
2413,0.229573,-0.0350335,0.0225,800.773
2414,0.229573,-0.0350335,0.0241667,800.768
2415,0.229573,-0.0350335,0.0258333,800.772
2416,0.229573,-0.0350335,0.0275,800.774
2417,0.229573,-0.0350335,0.0291667,800.761
2418,0.229573,-0.0350335,0.0308333,800.763
2419,0.229573,-0.0350335,0.0325,800.738
2420,0.229573,-0.0350335,0.0341667,800.703
2421,0.229573,-0.0350335,0.0358333,800.635
2422,0.229573,-0.0350335,0.0375,800.451
2423,0.229573,-0.0350335,0.0391667,801.261
2856,0.161684,-0.0350667,0.000833333,800.695
2857,0.161684,-0.0350667,0.0025,801.784
2858,0.161684,-0.0350667,0.00416667,802.484
2859,0.161684,-0.0350667,0.00583333,802.523
2860,0.161684,-0.0350667,0.0075,802.361
2861,0.161684,-0.0350667,0.00916667,801.968
2862,0.161684,-0.0350667,0.0108333,801.555
2863,0.161684,-0.0350667,0.0125,801.275
2864,0.161684,-0.0350667,0.0141667,801.144
2865,0.161684,-0.0350667,0.0158333,801.096
2866,0.161684,-0.0350667,0.0175,801.087
2867,0.161684,-0.0350667,0.0191667,801.109
2868,0.161684,-0.0350667,0.0208333,801.098
2869,0.161684,-0.0350667,0.0225,801.067
2870,0.161684,-0.0350667,0.0241667,801.084
2871,0.161684,-0.0350667,0.0258333,801.134
2872,0.161684,-0.0350667,0.0275,801.251
2873,0.161684,-0.0350667,0.0291667,801.509
2874,0.161684,-0.0350667,0.0308333,801.894
2875,0.161684,-0.0350667,0.0325,802.288
2876,0.161684,-0.0350667,0.0341667,802.469
2877,0.161684,-0.0350667,0.0358333,802.437
2878,0.161684,-0.0350667,0.0375,801.764
2879,0.161684,-0.0350667,0.0391667,800.674
3288,0.115383,-0.0349897,0.000833333,805.404
3289,0.115383,-0.0349897,0.0025,805.636
3290,0.115383,-0.0349897,0.00416667,805.044
3291,0.115383,-0.0349897,0.00583333,804.31
3292,0.115383,-0.0349897,0.0075,803.578
3293,0.115383,-0.0349897,0.00916667,802.617
3294,0.115383,-0.0349897,0.0108333,801.794
3295,0.115383,-0.0349897,0.0125,801.341
3296,0.115383,-0.0349897,0.0141667,801.159
3297,0.115383,-0.0349897,0.0158333,801.1
3298,0.115383,-0.0349897,0.0175,801.088
3299,0.115383,-0.0349897,0.0191667,801.113
3300,0.115383,-0.0349897,0.0208333,801.106
3301,0.115383,-0.0349897,0.0225,801.074
3302,0.115383,-0.0349897,0.0241667,801.087
3303,0.115383,-0.0349897,0.0258333,801.15
3304,0.115383,-0.0349897,0.0275,801.296
3305,0.115383,-0.0349897,0.0291667,801.688
3306,0.115383,-0.0349897,0.0308333,802.459
3307,0.115383,-0.0349897,0.0325,803.387
3308,0.115383,-0.0349897,0.0341667,804.168
3309,0.115383,-0.0349897,0.0358333,804.893
3310,0.115383,-0.0349897,0.0375,805.488
3311,0.115383,-0.0349897,0.0391667,805.265
3672,0.281294,-0.0352249,0.000833333,809.481
3673,0.281294,-0.0352249,0.0025,804.883
3674,0.281294,-0.0352249,0.00416667,805.44
3675,0.281294,-0.0352249,0.00583333,811.011
3676,0.281294,-0.0352249,0.0075,813.131
3677,0.281294,-0.0352249,0.00916667,813.731
3678,0.281294,-0.0352249,0.0108333,814.476
3679,0.281294,-0.0352249,0.0125,818.788
3680,0.281294,-0.0352249,0.0141667,828.333
3681,0.281294,-0.0352249,0.0158333,830.856
3682,0.281294,-0.0352249,0.0175,818.498
3683,0.281294,-0.0352249,0.0191667,813.447
3684,0.281294,-0.0352249,0.0208333,812.255
3685,0.281294,-0.0352249,0.0225,807.331
3686,0.281294,-0.0352249,0.0241667,806.769
3687,0.281294,-0.0352249,0.0258333,811.378
3688,0.281294,-0.0352249,0.0275,823.249
3689,0.281294,-0.0352249,0.0291667,821.562
3690,0.281294,-0.0352249,0.0308333,813.756
3691,0.281294,-0.0352249,0.0325,811.453
3692,0.281294,-0.0352249,0.0341667,810.674
3693,0.281294,-0.0352249,0.0358333,807.621
3694,0.281294,-0.0352249,0.0375,805.334
3695,0.281294,-0.0352249,0.0391667,808.949
3792,0.288253,-0.0347046,0.000833333,812.699
3793,0.288253,-0.0347046,0.0025,807.665
3794,0.288253,-0.0347046,0.00416667,808.976
3795,0.288253,-0.0347046,0.00583333,813.118
3796,0.288253,-0.0347046,0.0075,813.738
3797,0.288253,-0.0347046,0.00916667,814.766
3798,0.288253,-0.0347046,0.0108333,817.756
3799,0.288253,-0.0347046,0.0125,819.772
3800,0.288253,-0.0347046,0.0141667,817.835
3801,0.288253,-0.0347046,0.0158333,815.351
3802,0.288253,-0.0347046,0.0175,816.722
3803,0.288253,-0.0347046,0.0191667,817.075
3804,0.288253,-0.0347046,0.0208333,811.62
3805,0.288253,-0.0347046,0.0225,805.546
3806,0.288253,-0.0347046,0.0241667,808.138
3807,0.288253,-0.0347046,0.0258333,814.022
3808,0.288253,-0.0347046,0.0275,815.875
3809,0.288253,-0.0347046,0.0291667,818.385
3810,0.288253,-0.0347046,0.0308333,816.97
3811,0.288253,-0.0347046,0.0325,813.067
3812,0.288253,-0.0347046,0.0341667,811.743
3813,0.288253,-0.0347046,0.0358333,809.871
3814,0.288253,-0.0347046,0.0375,807.885
3815,0.288253,-0.0347046,0.0391667,810.502
5160,0.143527,-0.035244,0.000833333,804.985
5161,0.143527,-0.035244,0.0025,805.563
5162,0.143527,-0.035244,0.00416667,805.336
5163,0.143527,-0.035244,0.00583333,804.678
5164,0.143527,-0.035244,0.0075,803.849
5165,0.143527,-0.035244,0.00916667,802.855
5166,0.143527,-0.035244,0.0108333,801.97
5167,0.143527,-0.035244,0.0125,801.435
5168,0.143527,-0.035244,0.0141667,801.238
5169,0.143527,-0.035244,0.0158333,801.174
5170,0.143527,-0.035244,0.0175,801.172
5171,0.143527,-0.035244,0.0191667,801.197
5172,0.143527,-0.035244,0.0208333,801.183
5173,0.143527,-0.035244,0.0225,801.153
5174,0.143527,-0.035244,0.0241667,801.164
5175,0.143527,-0.035244,0.0258333,801.222
5176,0.143527,-0.035244,0.0275,801.391
5177,0.143527,-0.035244,0.0291667,801.879
5178,0.143527,-0.035244,0.0308333,802.711
5179,0.143527,-0.035244,0.0325,803.682
5180,0.143527,-0.035244,0.0341667,804.535
5181,0.143527,-0.035244,0.0358333,805.202
5182,0.143527,-0.035244,0.0375,805.43
5183,0.143527,-0.035244,0.0391667,804.869
5232,0.170903,-0.0352852,0.000833333,800.366
5233,0.170903,-0.0352852,0.0025,801.053
5234,0.170903,-0.0352852,0.00416667,801.664
5235,0.170903,-0.0352852,0.00583333,801.8
5236,0.170903,-0.0352852,0.0075,801.748
5237,0.170903,-0.0352852,0.00916667,801.546
5238,0.170903,-0.0352852,0.0108333,801.292
5239,0.170903,-0.0352852,0.0125,801.137
5240,0.170903,-0.0352852,0.0141667,801.067
5241,0.170903,-0.0352852,0.0158333,801.027
5242,0.170903,-0.0352852,0.0175,801.025
5243,0.170903,-0.0352852,0.0191667,801.047
5244,0.170903,-0.0352852,0.0208333,801.039
5245,0.170903,-0.0352852,0.0225,801.004
5246,0.170903,-0.0352852,0.0241667,801.013
5247,0.170903,-0.0352852,0.0258333,801.051
5248,0.170903,-0.0352852,0.0275,801.118
5249,0.170903,-0.0352852,0.0291667,801.261
5250,0.170903,-0.0352852,0.0308333,801.49
5251,0.170903,-0.0352852,0.0325,801.703
5252,0.170903,-0.0352852,0.0341667,801.756
5253,0.170903,-0.0352852,0.0358333,801.629
5254,0.170903,-0.0352852,0.0375,801.039
5255,0.170903,-0.0352852,0.0391667,800.368
5616,0.270827,-0.0350802,0.000833333,809.869
5617,0.270827,-0.0350802,0.0025,802.593
5618,0.270827,-0.0350802,0.00416667,802.122
5619,0.270827,-0.0350802,0.00583333,802.271
5620,0.270827,-0.0350802,0.0075,803.06
5621,0.270827,-0.0350802,0.00916667,804.3
5622,0.270827,-0.0350802,0.0108333,807.1
5623,0.270827,-0.0350802,0.0125,812.871
5624,0.270827,-0.0350802,0.0141667,815.062
5625,0.270827,-0.0350802,0.0158333,814.376
5626,0.270827,-0.0350802,0.0175,812.036
5627,0.270827,-0.0350802,0.0191667,809.26
5628,0.270827,-0.0350802,0.0208333,808.564
5629,0.270827,-0.0350802,0.0225,809.44
5630,0.270827,-0.0350802,0.0241667,811.965
5631,0.270827,-0.0350802,0.0258333,814.27
5632,0.270827,-0.0350802,0.0275,812.274
5633,0.270827,-0.0350802,0.0291667,806.657
5634,0.270827,-0.0350802,0.0308333,804.024
5635,0.270827,-0.0350802,0.0325,802.925
5636,0.270827,-0.0350802,0.0341667,802.202
5637,0.270827,-0.0350802,0.0358333,802.132
5638,0.270827,-0.0350802,0.0375,802.695
5639,0.270827,-0.0350802,0.0391667,810.002
5760,0.148216,-0.0352988,0.000833333,803.625
5761,0.148216,-0.0352988,0.0025,804.457
5762,0.148216,-0.0352988,0.00416667,804.728
5763,0.148216,-0.0352988,0.00583333,804.338
5764,0.148216,-0.0352988,0.0075,803.602
5765,0.148216,-0.0352988,0.00916667,802.715
5766,0.148216,-0.0352988,0.0108333,801.93
5767,0.148216,-0.0352988,0.0125,801.442
5768,0.148216,-0.0352988,0.0141667,801.252
5769,0.148216,-0.0352988,0.0158333,801.192
5770,0.148216,-0.0352988,0.0175,801.181
5771,0.148216,-0.0352988,0.0191667,801.224
5772,0.148216,-0.0352988,0.0208333,801.193
5773,0.148216,-0.0352988,0.0225,801.157
5774,0.148216,-0.0352988,0.0241667,801.176
5775,0.148216,-0.0352988,0.0258333,801.227
5776,0.148216,-0.0352988,0.0275,801.403
5777,0.148216,-0.0352988,0.0291667,801.856
5778,0.148216,-0.0352988,0.0308333,802.597
5779,0.148216,-0.0352988,0.0325,803.473
5780,0.148216,-0.0352988,0.0341667,804.216
5781,0.148216,-0.0352988,0.0358333,804.614
5782,0.148216,-0.0352988,0.0375,804.345
5783,0.148216,-0.0352988,0.0391667,803.522
5880,0.217642,-0.0352817,0.000833333,800.945
5881,0.217642,-0.0352817,0.0025,800.456
5882,0.217642,-0.0352817,0.00416667,800.696
5883,0.217642,-0.0352817,0.00583333,800.793
5884,0.217642,-0.0352817,0.0075,800.843
5885,0.217642,-0.0352817,0.00916667,800.823
5886,0.217642,-0.0352817,0.0108333,800.808
5887,0.217642,-0.0352817,0.0125,800.801
5888,0.217642,-0.0352817,0.0141667,800.783
5889,0.217642,-0.0352817,0.0158333,800.784
5890,0.217642,-0.0352817,0.0175,800.796
5891,0.217642,-0.0352817,0.0191667,800.82
5892,0.217642,-0.0352817,0.0208333,800.809
5893,0.217642,-0.0352817,0.0225,800.775
5894,0.217642,-0.0352817,0.0241667,800.769
5895,0.217642,-0.0352817,0.0258333,800.777
5896,0.217642,-0.0352817,0.0275,800.789
5897,0.217642,-0.0352817,0.0291667,800.784
5898,0.217642,-0.0352817,0.0308333,800.808
5899,0.217642,-0.0352817,0.0325,800.803
5900,0.217642,-0.0352817,0.0341667,800.765
5901,0.217642,-0.0352817,0.0358333,800.673
5902,0.217642,-0.0352817,0.0375,800.449
5903,0.217642,-0.0352817,0.0391667,800.938
5976,0.172578,-0.0350138,0.000833333,800.336
5977,0.172578,-0.0350138,0.0025,800.973
5978,0.172578,-0.0350138,0.00416667,801.554
5979,0.172578,-0.0350138,0.00583333,801.705
5980,0.172578,-0.0350138,0.0075,801.653
5981,0.172578,-0.0350138,0.00916667,801.453
5982,0.172578,-0.0350138,0.0108333,801.237
5983,0.172578,-0.0350138,0.0125,801.109
5984,0.172578,-0.0350138,0.0141667,801.048
5985,0.172578,-0.0350138,0.0158333,801.011
5986,0.172578,-0.0350138,0.0175,801.012
5987,0.172578,-0.0350138,0.0191667,801.032
5988,0.172578,-0.0350138,0.0208333,801.025
5989,0.172578,-0.0350138,0.0225,800.991
5990,0.172578,-0.0350138,0.0241667,801.002
5991,0.172578,-0.0350138,0.0258333,801.037
5992,0.172578,-0.0350138,0.0275,801.09
5993,0.172578,-0.0350138,0.0291667,801.212
5994,0.172578,-0.0350138,0.0308333,801.404
5995,0.172578,-0.0350138,0.0325,801.609
5996,0.172578,-0.0350138,0.0341667,801.663
5997,0.172578,-0.0350138,0.0358333,801.524
5998,0.172578,-0.0350138,0.0375,800.964
5999,0.172578,-0.0350138,0.0391667,800.344
6576,0.292525,-0.0351246,0.000833333,813.064
6577,0.292525,-0.0351246,0.0025,810.212
6578,0.292525,-0.0351246,0.00416667,810.79
6579,0.292525,-0.0351246,0.00583333,814.434
6580,0.292525,-0.0351246,0.0075,817.105
6581,0.292525,-0.0351246,0.00916667,818.325
6582,0.292525,-0.0351246,0.0108333,818.707
6583,0.292525,-0.0351246,0.0125,818.88
6584,0.292525,-0.0351246,0.0141667,819.464
6585,0.292525,-0.0351246,0.0158333,820.061
6586,0.292525,-0.0351246,0.0175,819.353
6587,0.292525,-0.0351246,0.0191667,815.975
6588,0.292525,-0.0351246,0.0208333,808.654
6589,0.292525,-0.0351246,0.0225,804.99
6590,0.292525,-0.0351246,0.0241667,808.569
6591,0.292525,-0.0351246,0.0258333,816.358
6592,0.292525,-0.0351246,0.0275,819.614
6593,0.292525,-0.0351246,0.0291667,819.763
6594,0.292525,-0.0351246,0.0308333,817.891
6595,0.292525,-0.0351246,0.0325,815.202
6596,0.292525,-0.0351246,0.0341667,813.565
6597,0.292525,-0.0351246,0.0358333,811.222
6598,0.292525,-0.0351246,0.0375,810.221
6599,0.292525,-0.0351246,0.0391667,811.933
6600,0.107018,-0.0351588,0.000833333,808.019
6601,0.107018,-0.0351588,0.0025,804.645
6602,0.107018,-0.0351588,0.00416667,804.633
6603,0.107018,-0.0351588,0.00583333,804.58
6604,0.107018,-0.0351588,0.0075,804.291
6605,0.107018,-0.0351588,0.00916667,803.711
6606,0.107018,-0.0351588,0.0108333,802.969
6607,0.107018,-0.0351588,0.0125,802.351
6608,0.107018,-0.0351588,0.0141667,802.045
6609,0.107018,-0.0351588,0.0158333,801.961
6610,0.107018,-0.0351588,0.0175,802.007
6611,0.107018,-0.0351588,0.0191667,802.282
6612,0.107018,-0.0351588,0.0208333,802.248
6613,0.107018,-0.0351588,0.0225,801.984
6614,0.107018,-0.0351588,0.0241667,801.943
6615,0.107018,-0.0351588,0.0258333,802.018
6616,0.107018,-0.0351588,0.0275,802.283
6617,0.107018,-0.0351588,0.0291667,802.861
6618,0.107018,-0.0351588,0.0308333,803.587
6619,0.107018,-0.0351588,0.0325,804.17
6620,0.107018,-0.0351588,0.0341667,804.471
6621,0.107018,-0.0351588,0.0358333,804.531
6622,0.107018,-0.0351588,0.0375,804.539
6623,0.107018,-0.0351588,0.0391667,807.767
6696,0.287333,-0.0352427,0.000833333,813.636
6697,0.287333,-0.0352427,0.0025,809.014
6698,0.287333,-0.0352427,0.00416667,810.184
6699,0.287333,-0.0352427,0.00583333,813.79
6700,0.287333,-0.0352427,0.0075,814.983
6701,0.287333,-0.0352427,0.00916667,816.057
6702,0.287333,-0.0352427,0.0108333,818.378
6703,0.287333,-0.0352427,0.0125,820.232
6704,0.287333,-0.0352427,0.0141667,817.881
6705,0.287333,-0.0352427,0.0158333,814.956
6706,0.287333,-0.0352427,0.0175,815.13
6707,0.287333,-0.0352427,0.0191667,815.662
6708,0.287333,-0.0352427,0.0208333,811.537
6709,0.287333,-0.0352427,0.0225,805.614
6710,0.287333,-0.0352427,0.0241667,807.511
6711,0.287333,-0.0352427,0.0258333,812.869
6712,0.287333,-0.0352427,0.0275,815.862
6713,0.287333,-0.0352427,0.0291667,820.361
6714,0.287333,-0.0352427,0.0308333,818.17
6715,0.287333,-0.0352427,0.0325,813.467
6716,0.287333,-0.0352427,0.0341667,812.132
6717,0.287333,-0.0352427,0.0358333,809.949
6718,0.287333,-0.0352427,0.0375,808.661
6719,0.287333,-0.0352427,0.0391667,811.201
7320,0.112203,-0.0351487,0.000833333,804.41
7321,0.112203,-0.0351487,0.0025,804.733
7322,0.112203,-0.0351487,0.00416667,804.688
7323,0.112203,-0.0351487,0.00583333,804.313
7324,0.112203,-0.0351487,0.0075,803.715
7325,0.112203,-0.0351487,0.00916667,802.838
7326,0.112203,-0.0351487,0.0108333,801.978
7327,0.112203,-0.0351487,0.0125,801.42
7328,0.112203,-0.0351487,0.0141667,801.182
7329,0.112203,-0.0351487,0.0158333,801.099
7330,0.112203,-0.0351487,0.0175,801.089
7331,0.112203,-0.0351487,0.0191667,801.141
7332,0.112203,-0.0351487,0.0208333,801.133
7333,0.112203,-0.0351487,0.0225,801.08
7334,0.112203,-0.0351487,0.0241667,801.092
7335,0.112203,-0.0351487,0.0258333,801.167
7336,0.112203,-0.0351487,0.0275,801.37
7337,0.112203,-0.0351487,0.0291667,801.869
7338,0.112203,-0.0351487,0.0308333,802.689
7339,0.112203,-0.0351487,0.0325,803.555
7340,0.112203,-0.0351487,0.0341667,804.184
7341,0.112203,-0.0351487,0.0358333,804.569
7342,0.112203,-0.0351487,0.0375,804.614
7343,0.112203,-0.0351487,0.0391667,804.281
7416,0.11319,-0.0351775,0.000833333,804.583
7417,0.11319,-0.0351775,0.0025,804.934
7418,0.11319,-0.0351775,0.00416667,804.762
7419,0.11319,-0.0351775,0.00583333,804.309
7420,0.11319,-0.0351775,0.0075,803.717
7421,0.11319,-0.0351775,0.00916667,802.861
7422,0.11319,-0.0351775,0.0108333,802.007
7423,0.11319,-0.0351775,0.0125,801.445
7424,0.11319,-0.0351775,0.0141667,801.206
7425,0.11319,-0.0351775,0.0158333,801.125
7426,0.11319,-0.0351775,0.0175,801.114
7427,0.11319,-0.0351775,0.0191667,801.177
7428,0.11319,-0.0351775,0.0208333,801.167
7429,0.11319,-0.0351775,0.0225,801.104
7430,0.11319,-0.0351775,0.0241667,801.114
7431,0.11319,-0.0351775,0.0258333,801.19
7432,0.11319,-0.0351775,0.0275,801.397
7433,0.11319,-0.0351775,0.0291667,801.898
7434,0.11319,-0.0351775,0.0308333,802.714
7435,0.11319,-0.0351775,0.0325,803.556
7436,0.11319,-0.0351775,0.0341667,804.182
7437,0.11319,-0.0351775,0.0358333,804.637
7438,0.11319,-0.0351775,0.0375,804.806
7439,0.11319,-0.0351775,0.0391667,804.444
8232,0.102605,-0.0347435,0.000833333,811.811
8233,0.102605,-0.0347435,0.0025,808.944
8234,0.102605,-0.0347435,0.00416667,807.035
8235,0.102605,-0.0347435,0.00583333,806.915
8236,0.102605,-0.0347435,0.0075,807.488
8237,0.102605,-0.0347435,0.00916667,807.778
8238,0.102605,-0.0347435,0.0108333,807.867
8239,0.102605,-0.0347435,0.0125,807.743
8240,0.102605,-0.0347435,0.0141667,807.596
8241,0.102605,-0.0347435,0.0158333,807.551
8242,0.102605,-0.0347435,0.0175,807.716
8243,0.102605,-0.0347435,0.0191667,808.614
8244,0.102605,-0.0347435,0.0208333,808.508
8245,0.102605,-0.0347435,0.0225,807.653
8246,0.102605,-0.0347435,0.0241667,807.518
8247,0.102605,-0.0347435,0.0258333,807.558
8248,0.102605,-0.0347435,0.0275,807.678
8249,0.102605,-0.0347435,0.0291667,807.792
8250,0.102605,-0.0347435,0.0308333,807.702
8251,0.102605,-0.0347435,0.0325,807.401
8252,0.102605,-0.0347435,0.0341667,806.825
8253,0.102605,-0.0347435,0.0358333,806.966
8254,0.102605,-0.0347435,0.0375,808.947
8255,0.102605,-0.0347435,0.0391667,811.757
8712,0.137681,-0.0353325,0.000833333,805.778
8713,0.137681,-0.0353325,0.0025,806.057
8714,0.137681,-0.0353325,0.00416667,805.495
8715,0.137681,-0.0353325,0.00583333,804.694
8716,0.137681,-0.0353325,0.0075,803.86
8717,0.137681,-0.0353325,0.00916667,802.86
8718,0.137681,-0.0353325,0.0108333,801.947
8719,0.137681,-0.0353325,0.0125,801.417
8720,0.137681,-0.0353325,0.0141667,801.225
8721,0.137681,-0.0353325,0.0158333,801.168
8722,0.137681,-0.0353325,0.0175,801.164
8723,0.137681,-0.0353325,0.0191667,801.188
8724,0.137681,-0.0353325,0.0208333,801.175
8725,0.137681,-0.0353325,0.0225,801.146
8726,0.137681,-0.0353325,0.0241667,801.158
8727,0.137681,-0.0353325,0.0258333,801.208
8728,0.137681,-0.0353325,0.0275,801.363
8729,0.137681,-0.0353325,0.0291667,801.841
8730,0.137681,-0.0353325,0.0308333,802.694
8731,0.137681,-0.0353325,0.0325,803.687
8732,0.137681,-0.0353325,0.0341667,804.55
8733,0.137681,-0.0353325,0.0358333,805.355
8734,0.137681,-0.0353325,0.0375,805.92
8735,0.137681,-0.0353325,0.0391667,805.633
8856,0.294348,-0.0349844,0.000833333,810.674
8857,0.294348,-0.0349844,0.0025,809.671
8858,0.294348,-0.0349844,0.00416667,809.815
8859,0.294348,-0.0349844,0.00583333,811.566
8860,0.294348,-0.0349844,0.0075,814.965
8861,0.294348,-0.0349844,0.00916667,816.712
8862,0.294348,-0.0349844,0.0108333,817.897
8863,0.294348,-0.0349844,0.0125,818.335
8864,0.294348,-0.0349844,0.0141667,818.804
8865,0.294348,-0.0349844,0.0158333,818.523
8866,0.294348,-0.0349844,0.0175,817.361
8867,0.294348,-0.0349844,0.0191667,814.274
8868,0.294348,-0.0349844,0.0208333,807.619
8869,0.294348,-0.0349844,0.0225,804.756
8870,0.294348,-0.0349844,0.0241667,807.715
8871,0.294348,-0.0349844,0.0258333,815.22
8872,0.294348,-0.0349844,0.0275,818.827
8873,0.294348,-0.0349844,0.0291667,819.044
8874,0.294348,-0.0349844,0.0308333,816.317
8875,0.294348,-0.0349844,0.0325,814.48
8876,0.294348,-0.0349844,0.0341667,812.5
8877,0.294348,-0.0349844,0.0358333,810.587
8878,0.294348,-0.0349844,0.0375,810.054
8879,0.294348,-0.0349844,0.0391667,811.076
11088,0.231881,-0.0346806,0.000833333,801.297
11089,0.231881,-0.0346806,0.0025,800.435
11090,0.231881,-0.0346806,0.00416667,800.584
11091,0.231881,-0.0346806,0.00583333,800.655
11092,0.231881,-0.0346806,0.0075,800.701
11093,0.231881,-0.0346806,0.00916667,800.719
11094,0.231881,-0.0346806,0.0108333,800.732
11095,0.231881,-0.0346806,0.0125,800.75
11096,0.231881,-0.0346806,0.0141667,800.746
11097,0.231881,-0.0346806,0.0158333,800.755
11098,0.231881,-0.0346806,0.0175,800.779
11099,0.231881,-0.0346806,0.0191667,800.813
11100,0.231881,-0.0346806,0.0208333,800.797
11101,0.231881,-0.0346806,0.0225,800.757
11102,0.231881,-0.0346806,0.0241667,800.741
11103,0.231881,-0.0346806,0.0258333,800.742
11104,0.231881,-0.0346806,0.0275,800.74
11105,0.231881,-0.0346806,0.0291667,800.718
11106,0.231881,-0.0346806,0.0308333,800.7
11107,0.231881,-0.0346806,0.0325,800.677
11108,0.231881,-0.0346806,0.0341667,800.627
11109,0.231881,-0.0346806,0.0358333,800.568
11110,0.231881,-0.0346806,0.0375,800.426
11111,0.231881,-0.0346806,0.0391667,801.292
11328,0.187683,-0.0350978,0.000833333,800.224
11329,0.187683,-0.0350978,0.0025,800.546
11330,0.187683,-0.0350978,0.00416667,800.971
11331,0.187683,-0.0350978,0.00583333,801.132
11332,0.187683,-0.0350978,0.0075,801.158
11333,0.187683,-0.0350978,0.00916667,801.09
11334,0.187683,-0.0350978,0.0108333,800.987
11335,0.187683,-0.0350978,0.0125,800.938
11336,0.187683,-0.0350978,0.0141667,800.912
11337,0.187683,-0.0350978,0.0158333,800.895
11338,0.187683,-0.0350978,0.0175,800.891
11339,0.187683,-0.0350978,0.0191667,800.921
11340,0.187683,-0.0350978,0.0208333,800.9
11341,0.187683,-0.0350978,0.0225,800.865
11342,0.187683,-0.0350978,0.0241667,800.871
11343,0.187683,-0.0350978,0.0258333,800.886
11344,0.187683,-0.0350978,0.0275,800.931
11345,0.187683,-0.0350978,0.0291667,800.964
11346,0.187683,-0.0350978,0.0308333,801.06
11347,0.187683,-0.0350978,0.0325,801.125
11348,0.187683,-0.0350978,0.0341667,801.104
11349,0.187683,-0.0350978,0.0358333,800.947
11350,0.187683,-0.0350978,0.0375,800.536
11351,0.187683,-0.0350978,0.0391667,800.215
11400,0.215796,-0.0348988,0.000833333,800.769
11401,0.215796,-0.0348988,0.0025,800.423
11402,0.215796,-0.0348988,0.00416667,800.657
11403,0.215796,-0.0348988,0.00583333,800.756
11404,0.215796,-0.0348988,0.0075,800.803
11405,0.215796,-0.0348988,0.00916667,800.79
11406,0.215796,-0.0348988,0.0108333,800.781
11407,0.215796,-0.0348988,0.0125,800.779
11408,0.215796,-0.0348988,0.0141667,800.765
11409,0.215796,-0.0348988,0.0158333,800.769
11410,0.215796,-0.0348988,0.0175,800.778
11411,0.215796,-0.0348988,0.0191667,800.804
11412,0.215796,-0.0348988,0.0208333,800.792
11413,0.215796,-0.0348988,0.0225,800.76
11414,0.215796,-0.0348988,0.0241667,800.749
11415,0.215796,-0.0348988,0.0258333,800.757
11416,0.215796,-0.0348988,0.0275,800.766
11417,0.215796,-0.0348988,0.0291667,800.758
11418,0.215796,-0.0348988,0.0308333,800.774
11419,0.215796,-0.0348988,0.0325,800.766
11420,0.215796,-0.0348988,0.0341667,800.728
11421,0.215796,-0.0348988,0.0358333,800.637
11422,0.215796,-0.0348988,0.0375,800.42
11423,0.215796,-0.0348988,0.0391667,800.767
11736,0.228494,-0.0352,0.000833333,801.389
11737,0.228494,-0.0352,0.0025,800.482
11738,0.228494,-0.0352,0.00416667,800.654
11739,0.228494,-0.0352,0.00583333,800.731
11740,0.228494,-0.0352,0.0075,800.78
11741,0.228494,-0.0352,0.00916667,800.788
11742,0.228494,-0.0352,0.0108333,800.791
11743,0.228494,-0.0352,0.0125,800.803
11744,0.228494,-0.0352,0.0141667,800.795
11745,0.228494,-0.0352,0.0158333,800.806
11746,0.228494,-0.0352,0.0175,800.828
11747,0.228494,-0.0352,0.0191667,800.862
11748,0.228494,-0.0352,0.0208333,800.848
11749,0.228494,-0.0352,0.0225,800.806
11750,0.228494,-0.0352,0.0241667,800.79
11751,0.228494,-0.0352,0.0258333,800.791
11752,0.228494,-0.0352,0.0275,800.792
11753,0.228494,-0.0352,0.0291667,800.774
11754,0.228494,-0.0352,0.0308333,800.775
11755,0.228494,-0.0352,0.0325,800.752
11756,0.228494,-0.0352,0.0341667,800.702
11757,0.228494,-0.0352,0.0358333,800.634
11758,0.228494,-0.0352,0.0375,800.477
11759,0.228494,-0.0352,0.0391667,801.383
12336,0.22678,-0.0349142,0.000833333,801.154
12337,0.22678,-0.0349142,0.0025,800.438
12338,0.22678,-0.0349142,0.00416667,800.614
12339,0.22678,-0.0349142,0.00583333,800.689
12340,0.22678,-0.0349142,0.0075,800.741
12341,0.22678,-0.0349142,0.00916667,800.754
12342,0.22678,-0.0349142,0.0108333,800.75
12343,0.22678,-0.0349142,0.0125,800.761
12344,0.22678,-0.0349142,0.0141667,800.76
12345,0.22678,-0.0349142,0.0158333,800.766
12346,0.22678,-0.0349142,0.0175,800.785
12347,0.22678,-0.0349142,0.0191667,800.818
12348,0.22678,-0.0349142,0.0208333,800.805
12349,0.22678,-0.0349142,0.0225,800.766
12350,0.22678,-0.0349142,0.0241667,800.755
12351,0.22678,-0.0349142,0.0258333,800.754
12352,0.22678,-0.0349142,0.0275,800.752
12353,0.22678,-0.0349142,0.0291667,800.734
12354,0.22678,-0.0349142,0.0308333,800.734
12355,0.22678,-0.0349142,0.0325,800.707
12356,0.22678,-0.0349142,0.0341667,800.669
12357,0.22678,-0.0349142,0.0358333,800.596
12358,0.22678,-0.0349142,0.0375,800.433
12359,0.22678,-0.0349142,0.0391667,801.149
12504,0.206865,-0.0350203,0.000833333,800.456
12505,0.206865,-0.0350203,0.0025,800.429
12506,0.206865,-0.0350203,0.00416667,800.716
12507,0.206865,-0.0350203,0.00583333,800.831
12508,0.206865,-0.0350203,0.0075,800.878
12509,0.206865,-0.0350203,0.00916667,800.851
12510,0.206865,-0.0350203,0.0108333,800.822
12511,0.206865,-0.0350203,0.0125,800.81
12512,0.206865,-0.0350203,0.0141667,800.783
12513,0.206865,-0.0350203,0.0158333,800.777
12514,0.206865,-0.0350203,0.0175,800.786
12515,0.206865,-0.0350203,0.0191667,800.801
12516,0.206865,-0.0350203,0.0208333,800.792
12517,0.206865,-0.0350203,0.0225,800.772
12518,0.206865,-0.0350203,0.0241667,800.761
12519,0.206865,-0.0350203,0.0258333,800.776
12520,0.206865,-0.0350203,0.0275,800.799
12521,0.206865,-0.0350203,0.0291667,800.796
12522,0.206865,-0.0350203,0.0308333,800.837
12523,0.206865,-0.0350203,0.0325,800.842
12524,0.206865,-0.0350203,0.0341667,800.813
12525,0.206865,-0.0350203,0.0358333,800.694
12526,0.206865,-0.0350203,0.0375,800.429
12527,0.206865,-0.0350203,0.0391667,800.455
12528,0.233539,-0.0353224,0.000833333,801.946
12529,0.233539,-0.0353224,0.0025,800.557
12530,0.233539,-0.0353224,0.00416667,800.697
12531,0.233539,-0.0353224,0.00583333,800.765
12532,0.233539,-0.0353224,0.0075,800.821
12533,0.233539,-0.0353224,0.00916667,800.838
12534,0.233539,-0.0353224,0.0108333,800.847
12535,0.233539,-0.0353224,0.0125,800.859
12536,0.233539,-0.0353224,0.0141667,800.859
12537,0.233539,-0.0353224,0.0158333,800.877
12538,0.233539,-0.0353224,0.0175,800.916
12539,0.233539,-0.0353224,0.0191667,800.975
12540,0.233539,-0.0353224,0.0208333,800.956
12541,0.233539,-0.0353224,0.0225,800.89
12542,0.233539,-0.0353224,0.0241667,800.86
12543,0.233539,-0.0353224,0.0258333,800.855
12544,0.233539,-0.0353224,0.0275,800.85
12545,0.233539,-0.0353224,0.0291667,800.826
12546,0.233539,-0.0353224,0.0308333,800.815
12547,0.233539,-0.0353224,0.0325,800.788
12548,0.233539,-0.0353224,0.0341667,800.735
12549,0.233539,-0.0353224,0.0358333,800.677
12550,0.233539,-0.0353224,0.0375,800.548
12551,0.233539,-0.0353224,0.0391667,801.942
12552,0.169144,-0.0346962,0.000833333,800.374
12553,0.169144,-0.0346962,0.0025,801.124
12554,0.169144,-0.0346962,0.00416667,801.717
12555,0.169144,-0.0346962,0.00583333,801.837
12556,0.169144,-0.0346962,0.0075,801.776
12557,0.169144,-0.0346962,0.00916667,801.561
12558,0.169144,-0.0346962,0.0108333,801.301
12559,0.169144,-0.0346962,0.0125,801.143
12560,0.169144,-0.0346962,0.0141667,801.071
12561,0.169144,-0.0346962,0.0158333,801.034
12562,0.169144,-0.0346962,0.0175,801.032
12563,0.169144,-0.0346962,0.0191667,801.052
12564,0.169144,-0.0346962,0.0208333,801.043
12565,0.169144,-0.0346962,0.0225,801.009
12566,0.169144,-0.0346962,0.0241667,801.019
12567,0.169144,-0.0346962,0.0258333,801.054
12568,0.169144,-0.0346962,0.0275,801.124
12569,0.169144,-0.0346962,0.0291667,801.27
12570,0.169144,-0.0346962,0.0308333,801.503
12571,0.169144,-0.0346962,0.0325,801.724
12572,0.169144,-0.0346962,0.0341667,801.794
12573,0.169144,-0.0346962,0.0358333,801.681
12574,0.169144,-0.0346962,0.0375,801.105
12575,0.169144,-0.0346962,0.0391667,800.375
12936,0.271934,-0.0352828,0.000833333,809.768
12937,0.271934,-0.0352828,0.0025,802.531
12938,0.271934,-0.0352828,0.00416667,802.104
12939,0.271934,-0.0352828,0.00583333,802.382
12940,0.271934,-0.0352828,0.0075,803.358
12941,0.271934,-0.0352828,0.00916667,804.945
12942,0.271934,-0.0352828,0.0108333,808.609
12943,0.271934,-0.0352828,0.0125,813.285
12944,0.271934,-0.0352828,0.0141667,814.709
12945,0.271934,-0.0352828,0.0158333,813.288
12946,0.271934,-0.0352828,0.0175,809.424
12947,0.271934,-0.0352828,0.0191667,807.957
12948,0.271934,-0.0352828,0.0208333,807.554
12949,0.271934,-0.0352828,0.0225,806.82
12950,0.271934,-0.0352828,0.0241667,810.103
12951,0.271934,-0.0352828,0.0258333,813.029
12952,0.271934,-0.0352828,0.0275,812.55
12953,0.271934,-0.0352828,0.0291667,808.434
12954,0.271934,-0.0352828,0.0308333,805.006
12955,0.271934,-0.0352828,0.0325,803.357
12956,0.271934,-0.0352828,0.0341667,802.359
12957,0.271934,-0.0352828,0.0358333,802.127
12958,0.271934,-0.0352828,0.0375,802.644
12959,0.271934,-0.0352828,0.0391667,809.845
13440,0.163868,-0.0348134,0.000833333,800.678
13441,0.163868,-0.0348134,0.0025,801.68
13442,0.163868,-0.0348134,0.00416667,802.418
13443,0.163868,-0.0348134,0.00583333,802.489
13444,0.163868,-0.0348134,0.0075,802.345
13445,0.163868,-0.0348134,0.00916667,801.968
13446,0.163868,-0.0348134,0.0108333,801.56
13447,0.163868,-0.0348134,0.0125,801.276
13448,0.163868,-0.0348134,0.0141667,801.15
13449,0.163868,-0.0348134,0.0158333,801.101
13450,0.163868,-0.0348134,0.0175,801.095
13451,0.163868,-0.0348134,0.0191667,801.117
13452,0.163868,-0.0348134,0.0208333,801.106
13453,0.163868,-0.0348134,0.0225,801.066
13454,0.163868,-0.0348134,0.0241667,801.091
13455,0.163868,-0.0348134,0.0258333,801.137
13456,0.163868,-0.0348134,0.0275,801.256
13457,0.163868,-0.0348134,0.0291667,801.51
13458,0.163868,-0.0348134,0.0308333,801.895
13459,0.163868,-0.0348134,0.0325,802.274
13460,0.163868,-0.0348134,0.0341667,802.43
13461,0.163868,-0.0348134,0.0358333,802.372
13462,0.163868,-0.0348134,0.0375,801.658
13463,0.163868,-0.0348134,0.0391667,800.661
14304,0.154662,-0.0350006,0.000833333,801.847
14305,0.154662,-0.0350006,0.0025,802.971
14306,0.154662,-0.0350006,0.00416667,803.584
14307,0.154662,-0.0350006,0.00583333,803.472
14308,0.154662,-0.0350006,0.0075,803.064
14309,0.154662,-0.0350006,0.00916667,802.434
14310,0.154662,-0.0350006,0.0108333,801.813
14311,0.154662,-0.0350006,0.0125,801.401
14312,0.154662,-0.0350006,0.0141667,801.22
14313,0.154662,-0.0350006,0.0158333,801.171
14314,0.154662,-0.0350006,0.0175,801.147
14315,0.154662,-0.0350006,0.0191667,801.194
14316,0.154662,-0.0350006,0.0208333,801.174
14317,0.154662,-0.0350006,0.0225,801.138
14318,0.154662,-0.0350006,0.0241667,801.146
14319,0.154662,-0.0350006,0.0258333,801.209
14320,0.154662,-0.0350006,0.0275,801.366
14321,0.154662,-0.0350006,0.0291667,801.748
14322,0.154662,-0.0350006,0.0308333,802.337
14323,0.154662,-0.0350006,0.0325,802.964
14324,0.154662,-0.0350006,0.0341667,803.388
14325,0.154662,-0.0350006,0.0358333,803.508
14326,0.154662,-0.0350006,0.0375,802.927
14327,0.154662,-0.0350006,0.0391667,801.819
14376,0.118525,-0.0350989,0.000833333,805.686
14377,0.118525,-0.0350989,0.0025,805.816
14378,0.118525,-0.0350989,0.00416667,805.084
14379,0.118525,-0.0350989,0.00583333,804.319
14380,0.118525,-0.0350989,0.0075,803.552
14381,0.118525,-0.0350989,0.00916667,802.592
14382,0.118525,-0.0350989,0.0108333,801.772
14383,0.118525,-0.0350989,0.0125,801.337
14384,0.118525,-0.0350989,0.0141667,801.166
14385,0.118525,-0.0350989,0.0158333,801.11
14386,0.118525,-0.0350989,0.0175,801.098
14387,0.118525,-0.0350989,0.0191667,801.119
14388,0.118525,-0.0350989,0.0208333,801.114
14389,0.118525,-0.0350989,0.0225,801.082
14390,0.118525,-0.0350989,0.0241667,801.096
14391,0.118525,-0.0350989,0.0258333,801.148
14392,0.118525,-0.0350989,0.0275,801.287
14393,0.118525,-0.0350989,0.0291667,801.651
14394,0.118525,-0.0350989,0.0308333,802.424
14395,0.118525,-0.0350989,0.0325,803.374
14396,0.118525,-0.0350989,0.0341667,804.169
14397,0.118525,-0.0350989,0.0358333,804.932
14398,0.118525,-0.0350989,0.0375,805.661
14399,0.118525,-0.0350989,0.0391667,805.556
15216,0.186724,-0.0353238,0.000833333,800.274
15217,0.186724,-0.0353238,0.0025,800.608
15218,0.186724,-0.0353238,0.00416667,801.046
15219,0.186724,-0.0353238,0.00583333,801.209
15220,0.186724,-0.0353238,0.0075,801.238
15221,0.186724,-0.0353238,0.00916667,801.144
15222,0.186724,-0.0353238,0.0108333,801.04
15223,0.186724,-0.0353238,0.0125,800.967
15224,0.186724,-0.0353238,0.0141667,800.928
15225,0.186724,-0.0353238,0.0158333,800.903
15226,0.186724,-0.0353238,0.0175,800.907
15227,0.186724,-0.0353238,0.0191667,800.927
15228,0.186724,-0.0353238,0.0208333,800.914
15229,0.186724,-0.0353238,0.0225,800.885
15230,0.186724,-0.0353238,0.0241667,800.887
15231,0.186724,-0.0353238,0.0258333,800.909
15232,0.186724,-0.0353238,0.0275,800.956
15233,0.186724,-0.0353238,0.0291667,801.004
15234,0.186724,-0.0353238,0.0308333,801.113
15235,0.186724,-0.0353238,0.0325,801.193
15236,0.186724,-0.0353238,0.0341667,801.173
15237,0.186724,-0.0353238,0.0358333,801.023
15238,0.186724,-0.0353238,0.0375,800.592
15239,0.186724,-0.0353238,0.0391667,800.265
17136,0.1165,-0.0350132,0.000833333,805.352
17137,0.1165,-0.0350132,0.0025,805.581
17138,0.1165,-0.0350132,0.00416667,805.008
17139,0.1165,-0.0350132,0.00583333,804.306
17140,0.1165,-0.0350132,0.0075,803.56
17141,0.1165,-0.0350132,0.00916667,802.633
17142,0.1165,-0.0350132,0.0108333,801.812
17143,0.1165,-0.0350132,0.0125,801.35
17144,0.1165,-0.0350132,0.0141667,801.165
17145,0.1165,-0.0350132,0.0158333,801.106
17146,0.1165,-0.0350132,0.0175,801.094
17147,0.1165,-0.0350132,0.0191667,801.118
17148,0.1165,-0.0350132,0.0208333,801.109
17149,0.1165,-0.0350132,0.0225,801.076
17150,0.1165,-0.0350132,0.0241667,801.091
17151,0.1165,-0.0350132,0.0258333,801.146
17152,0.1165,-0.0350132,0.0275,801.301
17153,0.1165,-0.0350132,0.0291667,801.703
17154,0.1165,-0.0350132,0.0308333,802.478
17155,0.1165,-0.0350132,0.0325,803.395
17156,0.1165,-0.0350132,0.0341667,804.164
17157,0.1165,-0.0350132,0.0358333,804.859
17158,0.1165,-0.0350132,0.0375,805.431
17159,0.1165,-0.0350132,0.0391667,805.213
18576,0.122916,-0.0351829,0.000833333,805.948
18577,0.122916,-0.0351829,0.0025,806.046
18578,0.122916,-0.0351829,0.00416667,805.178
18579,0.122916,-0.0351829,0.00583333,804.31
18580,0.122916,-0.0351829,0.0075,803.498
18581,0.122916,-0.0351829,0.00916667,802.527
18582,0.122916,-0.0351829,0.0108333,801.743
18583,0.122916,-0.0351829,0.0125,801.325
18584,0.122916,-0.0351829,0.0141667,801.166
18585,0.122916,-0.0351829,0.0158333,801.119
18586,0.122916,-0.0351829,0.0175,801.11
18587,0.122916,-0.0351829,0.0191667,801.121
18588,0.122916,-0.0351829,0.0208333,801.116
18589,0.122916,-0.0351829,0.0225,801.094
18590,0.122916,-0.0351829,0.0241667,801.108
18591,0.122916,-0.0351829,0.0258333,801.149
18592,0.122916,-0.0351829,0.0275,801.282
18593,0.122916,-0.0351829,0.0291667,801.622
18594,0.122916,-0.0351829,0.0308333,802.361
18595,0.122916,-0.0351829,0.0325,803.322
18596,0.122916,-0.0351829,0.0341667,804.152
18597,0.122916,-0.0351829,0.0358333,805.02
18598,0.122916,-0.0351829,0.0375,805.895
18599,0.122916,-0.0351829,0.0391667,805.831
18648,0.131752,-0.0346837,0.000833333,806.269
18649,0.131752,-0.0346837,0.0025,806.223
18650,0.131752,-0.0346837,0.00416667,805.334
18651,0.131752,-0.0346837,0.00583333,804.423
18652,0.131752,-0.0346837,0.0075,803.614
18653,0.131752,-0.0346837,0.00916667,802.635
18654,0.131752,-0.0346837,0.0108333,801.784
18655,0.131752,-0.0346837,0.0125,801.338
18656,0.131752,-0.0346837,0.0141667,801.157
18657,0.131752,-0.0346837,0.0158333,801.098
18658,0.131752,-0.0346837,0.0175,801.089
18659,0.131752,-0.0346837,0.0191667,801.114
18660,0.131752,-0.0346837,0.0208333,801.095
18661,0.131752,-0.0346837,0.0225,801.084
18662,0.131752,-0.0346837,0.0241667,801.084
18663,0.131752,-0.0346837,0.0258333,801.147
18664,0.131752,-0.0346837,0.0275,801.295
18665,0.131752,-0.0346837,0.0291667,801.68
18666,0.131752,-0.0346837,0.0308333,802.485
18667,0.131752,-0.0346837,0.0325,803.432
18668,0.131752,-0.0346837,0.0341667,804.259
18669,0.131752,-0.0346837,0.0358333,805.179
18670,0.131752,-0.0346837,0.0375,806.081
18671,0.131752,-0.0346837,0.0391667,806.121
18672,0.129966,-0.034708,0.000833333,806.281
18673,0.129966,-0.034708,0.0025,806.199
18674,0.129966,-0.034708,0.00416667,805.295
18675,0.129966,-0.034708,0.00583333,804.38
18676,0.129966,-0.034708,0.0075,803.542
18677,0.129966,-0.034708,0.00916667,802.57
18678,0.129966,-0.034708,0.0108333,801.754
18679,0.129966,-0.034708,0.0125,801.322
18680,0.129966,-0.034708,0.0141667,801.153
18681,0.129966,-0.034708,0.0158333,801.102
18682,0.129966,-0.034708,0.0175,801.095
18683,0.129966,-0.034708,0.0191667,801.111
18684,0.129966,-0.034708,0.0208333,801.103
18685,0.129966,-0.034708,0.0225,801.088
18686,0.129966,-0.034708,0.0241667,801.086
18687,0.129966,-0.034708,0.0258333,801.137
18688,0.129966,-0.034708,0.0275,801.284
18689,0.129966,-0.034708,0.0291667,801.649
18690,0.129966,-0.034708,0.0308333,802.424
18691,0.129966,-0.034708,0.0325,803.363
18692,0.129966,-0.034708,0.0341667,804.2
18693,0.129966,-0.034708,0.0358333,805.143
18694,0.129966,-0.034708,0.0375,806.048
18695,0.129966,-0.034708,0.0391667,806.132
18720,0.290025,-0.0349018,0.000833333,815.176
18721,0.290025,-0.0349018,0.0025,810.656
18722,0.290025,-0.0349018,0.00416667,811.509
18723,0.290025,-0.0349018,0.00583333,814.967
18724,0.290025,-0.0349018,0.0075,816.065
18725,0.290025,-0.0349018,0.00916667,817.036
18726,0.290025,-0.0349018,0.0108333,818.208
18727,0.290025,-0.0349018,0.0125,817.662
18728,0.290025,-0.0349018,0.0141667,816.235
18729,0.290025,-0.0349018,0.0158333,817.57
18730,0.290025,-0.0349018,0.0175,819.08
18731,0.290025,-0.0349018,0.0191667,817.22
18732,0.290025,-0.0349018,0.0208333,810.306
18733,0.290025,-0.0349018,0.0225,805.268
18734,0.290025,-0.0349018,0.0241667,808.225
18735,0.290025,-0.0349018,0.0258333,815.258
18736,0.290025,-0.0349018,0.0275,816.86
18737,0.290025,-0.0349018,0.0291667,817.482
18738,0.290025,-0.0349018,0.0308333,817.87
18739,0.290025,-0.0349018,0.0325,813.454
18740,0.290025,-0.0349018,0.0341667,812.099
18741,0.290025,-0.0349018,0.0358333,810.915
18742,0.290025,-0.0349018,0.0375,809.799
18743,0.290025,-0.0349018,0.0391667,812.214
18744,0.121215,-0.0352833,0.000833333,805.725
18745,0.121215,-0.0352833,0.0025,805.896
18746,0.121215,-0.0352833,0.00416667,805.127
18747,0.121215,-0.0352833,0.00583333,804.304
18748,0.121215,-0.0352833,0.0075,803.506
18749,0.121215,-0.0352833,0.00916667,802.546
18750,0.121215,-0.0352833,0.0108333,801.758
18751,0.121215,-0.0352833,0.0125,801.326
18752,0.121215,-0.0352833,0.0141667,801.155
18753,0.121215,-0.0352833,0.0158333,801.106
18754,0.121215,-0.0352833,0.0175,801.095
18755,0.121215,-0.0352833,0.0191667,801.112
18756,0.121215,-0.0352833,0.0208333,801.104
18757,0.121215,-0.0352833,0.0225,801.077
18758,0.121215,-0.0352833,0.0241667,801.091
18759,0.121215,-0.0352833,0.0258333,801.14
18760,0.121215,-0.0352833,0.0275,801.276
18761,0.121215,-0.0352833,0.0291667,801.643
18762,0.121215,-0.0352833,0.0308333,802.387
18763,0.121215,-0.0352833,0.0325,803.322
18764,0.121215,-0.0352833,0.0341667,804.151
18765,0.121215,-0.0352833,0.0358333,804.981
18766,0.121215,-0.0352833,0.0375,805.756
18767,0.121215,-0.0352833,0.0391667,805.6
18840,0.133713,-0.0346629,0.000833333,806.243
18841,0.133713,-0.0346629,0.0025,806.242
18842,0.133713,-0.0346629,0.00416667,805.4
18843,0.133713,-0.0346629,0.00583333,804.479
18844,0.133713,-0.0346629,0.0075,803.695
18845,0.133713,-0.0346629,0.00916667,802.721
18846,0.133713,-0.0346629,0.0108333,801.844
18847,0.133713,-0.0346629,0.0125,801.351
18848,0.133713,-0.0346629,0.0141667,801.17
18849,0.133713,-0.0346629,0.0158333,801.102
18850,0.133713,-0.0346629,0.0175,801.086
18851,0.133713,-0.0346629,0.0191667,801.118
18852,0.133713,-0.0346629,0.0208333,801.1
18853,0.133713,-0.0346629,0.0225,801.089
18854,0.133713,-0.0346629,0.0241667,801.085
18855,0.133713,-0.0346629,0.0258333,801.145
18856,0.133713,-0.0346629,0.0275,801.316
18857,0.133713,-0.0346629,0.0291667,801.732
18858,0.133713,-0.0346629,0.0308333,802.564
18859,0.133713,-0.0346629,0.0325,803.525
18860,0.133713,-0.0346629,0.0341667,804.325
18861,0.133713,-0.0346629,0.0358333,805.245
18862,0.133713,-0.0346629,0.0375,806.103
18863,0.133713,-0.0346629,0.0391667,806.093
18864,0.124686,-0.0351603,0.000833333,806.115
18865,0.124686,-0.0351603,0.0025,806.144
18866,0.124686,-0.0351603,0.00416667,805.22
18867,0.124686,-0.0351603,0.00583333,804.32
18868,0.124686,-0.0351603,0.0075,803.502
18869,0.124686,-0.0351603,0.00916667,802.519
18870,0.124686,-0.0351603,0.0108333,801.73
18871,0.124686,-0.0351603,0.0125,801.322
18872,0.124686,-0.0351603,0.0141667,801.174
18873,0.124686,-0.0351603,0.0158333,801.122
18874,0.124686,-0.0351603,0.0175,801.108
18875,0.124686,-0.0351603,0.0191667,801.133
18876,0.124686,-0.0351603,0.0208333,801.129
18877,0.124686,-0.0351603,0.0225,801.099
18878,0.124686,-0.0351603,0.0241667,801.11
18879,0.124686,-0.0351603,0.0258333,801.148
18880,0.124686,-0.0351603,0.0275,801.284
18881,0.124686,-0.0351603,0.0291667,801.618
18882,0.124686,-0.0351603,0.0308333,802.367
18883,0.124686,-0.0351603,0.0325,803.325
18884,0.124686,-0.0351603,0.0341667,804.163
18885,0.124686,-0.0351603,0.0358333,805.067
18886,0.124686,-0.0351603,0.0375,806.01
18887,0.124686,-0.0351603,0.0391667,806.005
18888,0.128221,-0.0348158,0.000833333,806.251
18889,0.128221,-0.0348158,0.0025,806.169
18890,0.128221,-0.0348158,0.00416667,805.267
18891,0.128221,-0.0348158,0.00583333,804.346
18892,0.128221,-0.0348158,0.0075,803.513
18893,0.128221,-0.0348158,0.00916667,802.547
18894,0.128221,-0.0348158,0.0108333,801.736
18895,0.128221,-0.0348158,0.0125,801.322
18896,0.128221,-0.0348158,0.0141667,801.163
18897,0.128221,-0.0348158,0.0158333,801.112
18898,0.128221,-0.0348158,0.0175,801.106
18899,0.128221,-0.0348158,0.0191667,801.115
18900,0.128221,-0.0348158,0.0208333,801.107
18901,0.128221,-0.0348158,0.0225,801.093
18902,0.128221,-0.0348158,0.0241667,801.095
18903,0.128221,-0.0348158,0.0258333,801.135
18904,0.128221,-0.0348158,0.0275,801.282
18905,0.128221,-0.0348158,0.0291667,801.63
18906,0.128221,-0.0348158,0.0308333,802.4
18907,0.128221,-0.0348158,0.0325,803.342
18908,0.128221,-0.0348158,0.0341667,804.173
18909,0.128221,-0.0348158,0.0358333,805.109
18910,0.128221,-0.0348158,0.0375,806.018
18911,0.128221,-0.0348158,0.0391667,806.108
19032,0.126464,-0.0350244,0.000833333,806.198
19033,0.126464,-0.0350244,0.0025,806.161
19034,0.126464,-0.0350244,0.00416667,805.243
19035,0.126464,-0.0350244,0.00583333,804.345
19036,0.126464,-0.0350244,0.0075,803.523
19037,0.126464,-0.0350244,0.00916667,802.549
19038,0.126464,-0.0350244,0.0108333,801.734
19039,0.126464,-0.0350244,0.0125,801.327
19040,0.126464,-0.0350244,0.0141667,801.172
19041,0.126464,-0.0350244,0.0158333,801.121
19042,0.126464,-0.0350244,0.0175,801.11
19043,0.126464,-0.0350244,0.0191667,801.129
19044,0.126464,-0.0350244,0.0208333,801.123
19045,0.126464,-0.0350244,0.0225,801.099
19046,0.126464,-0.0350244,0.0241667,801.108
19047,0.126464,-0.0350244,0.0258333,801.151
19048,0.126464,-0.0350244,0.0275,801.284
19049,0.126464,-0.0350244,0.0291667,801.633
19050,0.126464,-0.0350244,0.0308333,802.395
19051,0.126464,-0.0350244,0.0325,803.349
19052,0.126464,-0.0350244,0.0341667,804.18
19053,0.126464,-0.0350244,0.0358333,805.09
19054,0.126464,-0.0350244,0.0375,806.022
19055,0.126464,-0.0350244,0.0391667,806.065
21336,0.177148,-0.0352994,0.000833333,800.29
21337,0.177148,-0.0352994,0.0025,800.871
21338,0.177148,-0.0352994,0.00416667,801.439
21339,0.177148,-0.0352994,0.00583333,801.612
21340,0.177148,-0.0352994,0.0075,801.581
21341,0.177148,-0.0352994,0.00916667,801.427
21342,0.177148,-0.0352994,0.0108333,801.21
21343,0.177148,-0.0352994,0.0125,801.091
21344,0.177148,-0.0352994,0.0141667,801.027
21345,0.177148,-0.0352994,0.0158333,800.994
21346,0.177148,-0.0352994,0.0175,800.993
21347,0.177148,-0.0352994,0.0191667,801.011
21348,0.177148,-0.0352994,0.0208333,801.008
21349,0.177148,-0.0352994,0.0225,800.978
21350,0.177148,-0.0352994,0.0241667,800.986
21351,0.177148,-0.0352994,0.0258333,801.016
21352,0.177148,-0.0352994,0.0275,801.066
21353,0.177148,-0.0352994,0.0291667,801.178
21354,0.177148,-0.0352994,0.0308333,801.375
21355,0.177148,-0.0352994,0.0325,801.541
21356,0.177148,-0.0352994,0.0341667,801.565
21357,0.177148,-0.0352994,0.0358333,801.405
21358,0.177148,-0.0352994,0.0375,800.855
21359,0.177148,-0.0352994,0.0391667,800.282
21360,0.234474,-0.03522,0.000833333,801.825
21361,0.234474,-0.03522,0.0025,800.518
21362,0.234474,-0.03522,0.00416667,800.67
21363,0.234474,-0.03522,0.00583333,800.74
21364,0.234474,-0.03522,0.0075,800.786
21365,0.234474,-0.03522,0.00916667,800.807
21366,0.234474,-0.03522,0.0108333,800.806
21367,0.234474,-0.03522,0.0125,800.818
21368,0.234474,-0.03522,0.0141667,800.818
21369,0.234474,-0.03522,0.0158333,800.832
21370,0.234474,-0.03522,0.0175,800.864
21371,0.234474,-0.03522,0.0191667,800.915
21372,0.234474,-0.03522,0.0208333,800.898
21373,0.234474,-0.03522,0.0225,800.841
21374,0.234474,-0.03522,0.0241667,800.817
21375,0.234474,-0.03522,0.0258333,800.816
21376,0.234474,-0.03522,0.0275,800.809
21377,0.234474,-0.03522,0.0291667,800.793
21378,0.234474,-0.03522,0.0308333,800.779
21379,0.234474,-0.03522,0.0325,800.756
21380,0.234474,-0.03522,0.0341667,800.704
21381,0.234474,-0.03522,0.0358333,800.648
21382,0.234474,-0.03522,0.0375,800.51
21383,0.234474,-0.03522,0.0391667,801.831
21624,0.224451,-0.0347648,0.000833333,800.895
21625,0.224451,-0.0347648,0.0025,800.4
21626,0.224451,-0.0347648,0.00416667,800.589
21627,0.224451,-0.0347648,0.00583333,800.67
21628,0.224451,-0.0347648,0.0075,800.711
21629,0.224451,-0.0347648,0.00916667,800.722
21630,0.224451,-0.0347648,0.0108333,800.729
21631,0.224451,-0.0347648,0.0125,800.742
21632,0.224451,-0.0347648,0.0141667,800.737
21633,0.224451,-0.0347648,0.0158333,800.741
21634,0.224451,-0.0347648,0.0175,800.754
21635,0.224451,-0.0347648,0.0191667,800.775
21636,0.224451,-0.0347648,0.0208333,800.763
21637,0.224451,-0.0347648,0.0225,800.734
21638,0.224451,-0.0347648,0.0241667,800.727
21639,0.224451,-0.0347648,0.0258333,800.731
21640,0.224451,-0.0347648,0.0275,800.73
21641,0.224451,-0.0347648,0.0291667,800.711
21642,0.224451,-0.0347648,0.0308333,800.704
21643,0.224451,-0.0347648,0.0325,800.68
21644,0.224451,-0.0347648,0.0341667,800.642
21645,0.224451,-0.0347648,0.0358333,800.575
21646,0.224451,-0.0347648,0.0375,800.396
21647,0.224451,-0.0347648,0.0391667,800.891
23184,0.238817,-0.0350027,0.000833333,802.109
23185,0.238817,-0.0350027,0.0025,800.546
23186,0.238817,-0.0350027,0.00416667,800.656
23187,0.238817,-0.0350027,0.00583333,800.716
23188,0.238817,-0.0350027,0.0075,800.767
23189,0.238817,-0.0350027,0.00916667,800.796
23190,0.238817,-0.0350027,0.0108333,800.812
23191,0.238817,-0.0350027,0.0125,800.834
23192,0.238817,-0.0350027,0.0141667,800.843
23193,0.238817,-0.0350027,0.0158333,800.87
23194,0.238817,-0.0350027,0.0175,800.91
23195,0.238817,-0.0350027,0.0191667,800.971
23196,0.238817,-0.0350027,0.0208333,800.951
23197,0.238817,-0.0350027,0.0225,800.885
23198,0.238817,-0.0350027,0.0241667,800.85
23199,0.238817,-0.0350027,0.0258333,800.837
23200,0.238817,-0.0350027,0.0275,800.822
23201,0.238817,-0.0350027,0.0291667,800.793
23202,0.238817,-0.0350027,0.0308333,800.77
23203,0.238817,-0.0350027,0.0325,800.739
23204,0.238817,-0.0350027,0.0341667,800.684
23205,0.238817,-0.0350027,0.0358333,800.638
23206,0.238817,-0.0350027,0.0375,800.537
23207,0.238817,-0.0350027,0.0391667,802.111
23568,0.273673,-0.0348876,0.000833333,809.047
23569,0.273673,-0.0348876,0.0025,802.476
23570,0.273673,-0.0348876,0.00416667,802.117
23571,0.273673,-0.0348876,0.00583333,802.481
23572,0.273673,-0.0348876,0.0075,803.661
23573,0.273673,-0.0348876,0.00916667,805.888
23574,0.273673,-0.0348876,0.0108333,810.96
23575,0.273673,-0.0348876,0.0125,813.993
23576,0.273673,-0.0348876,0.0141667,814.055
23577,0.273673,-0.0348876,0.0158333,811.652
23578,0.273673,-0.0348876,0.0175,811.405
23579,0.273673,-0.0348876,0.0191667,811.518
23580,0.273673,-0.0348876,0.0208333,809.363
23581,0.273673,-0.0348876,0.0225,807.029
23582,0.273673,-0.0348876,0.0241667,806.683
23583,0.273673,-0.0348876,0.0258333,811.637
23584,0.273673,-0.0348876,0.0275,812.568
23585,0.273673,-0.0348876,0.0291667,810.621
23586,0.273673,-0.0348876,0.0308333,806.07
23587,0.273673,-0.0348876,0.0325,803.708
23588,0.273673,-0.0348876,0.0341667,802.472
23589,0.273673,-0.0348876,0.0358333,802.154
23590,0.273673,-0.0348876,0.0375,802.58
23591,0.273673,-0.0348876,0.0391667,808.989
23880,0.104269,-0.034965,0.000833333,813.219
23881,0.104269,-0.034965,0.0025,809.517
23882,0.104269,-0.034965,0.00416667,805.538
23883,0.104269,-0.034965,0.00583333,805.368
23884,0.104269,-0.034965,0.0075,805.477
23885,0.104269,-0.034965,0.00916667,805.403
23886,0.104269,-0.034965,0.0108333,805.107
23887,0.104269,-0.034965,0.0125,804.726
23888,0.104269,-0.034965,0.0141667,804.488
23889,0.104269,-0.034965,0.0158333,804.416
23890,0.104269,-0.034965,0.0175,804.502
23891,0.104269,-0.034965,0.0191667,805.124
23892,0.104269,-0.034965,0.0208333,805.054
23893,0.104269,-0.034965,0.0225,804.471
23894,0.104269,-0.034965,0.0241667,804.394
23895,0.104269,-0.034965,0.0258333,804.453
23896,0.104269,-0.034965,0.0275,804.657
23897,0.104269,-0.034965,0.0291667,805.018
23898,0.104269,-0.034965,0.0308333,805.307
23899,0.104269,-0.034965,0.0325,805.383
23900,0.104269,-0.034965,0.0341667,805.273
23901,0.104269,-0.034965,0.0358333,805.452
23902,0.104269,-0.034965,0.0375,809.38
23903,0.104269,-0.034965,0.0391667,813.192
24024,0.119487,-0.0353474,0.000833333,805.576
24025,0.119487,-0.0353474,0.0025,805.731
24026,0.119487,-0.0353474,0.00416667,805.072
24027,0.119487,-0.0353474,0.00583333,804.303
24028,0.119487,-0.0353474,0.0075,803.529
24029,0.119487,-0.0353474,0.00916667,802.573
24030,0.119487,-0.0353474,0.0108333,801.77
24031,0.119487,-0.0353474,0.0125,801.337
24032,0.119487,-0.0353474,0.0141667,801.164
24033,0.119487,-0.0353474,0.0158333,801.11
24034,0.119487,-0.0353474,0.0175,801.095
24035,0.119487,-0.0353474,0.0191667,801.116
24036,0.119487,-0.0353474,0.0208333,801.11
24037,0.119487,-0.0353474,0.0225,801.082
24038,0.119487,-0.0353474,0.0241667,801.093
24039,0.119487,-0.0353474,0.0258333,801.144
24040,0.119487,-0.0353474,0.0275,801.292
24041,0.119487,-0.0353474,0.0291667,801.665
24042,0.119487,-0.0353474,0.0308333,802.411
24043,0.119487,-0.0353474,0.0325,803.349
24044,0.119487,-0.0353474,0.0341667,804.151
24045,0.119487,-0.0353474,0.0358333,804.921
24046,0.119487,-0.0353474,0.0375,805.572
24047,0.119487,-0.0353474,0.0391667,805.441
24288,0.244143,-0.0353493,0.000833333,803.05
24289,0.244143,-0.0353493,0.0025,800.693
24290,0.244143,-0.0353493,0.00416667,800.747
24291,0.244143,-0.0353493,0.00583333,800.799
24292,0.244143,-0.0353493,0.0075,800.859
24293,0.244143,-0.0353493,0.00916667,800.898
24294,0.244143,-0.0353493,0.0108333,800.924
24295,0.244143,-0.0353493,0.0125,800.958
24296,0.244143,-0.0353493,0.0141667,800.981
24297,0.244143,-0.0353493,0.0158333,801.025
24298,0.244143,-0.0353493,0.0175,801.094
24299,0.244143,-0.0353493,0.0191667,801.191
24300,0.244143,-0.0353493,0.0208333,801.164
24301,0.244143,-0.0353493,0.0225,801.063
24302,0.244143,-0.0353493,0.0241667,801.002
24303,0.244143,-0.0353493,0.0258333,800.97
24304,0.244143,-0.0353493,0.0275,800.939
24305,0.244143,-0.0353493,0.0291667,800.901
24306,0.244143,-0.0353493,0.0308333,800.871
24307,0.244143,-0.0353493,0.0325,800.832
24308,0.244143,-0.0353493,0.0341667,800.766
24309,0.244143,-0.0353493,0.0358333,800.727
24310,0.244143,-0.0353493,0.0375,800.684
24311,0.244143,-0.0353493,0.0391667,803.076
24696,0.297261,-0.035258,0.000833333,803.326
24697,0.297261,-0.035258,0.0025,806.994
24698,0.297261,-0.035258,0.00416667,807.993
24699,0.297261,-0.035258,0.00583333,808.486
24700,0.297261,-0.035258,0.0075,809.085
24701,0.297261,-0.035258,0.00916667,810.521
24702,0.297261,-0.035258,0.0108333,812.0
24703,0.297261,-0.035258,0.0125,812.903
24704,0.297261,-0.035258,0.0141667,812.775
24705,0.297261,-0.035258,0.0158333,812.158
24706,0.297261,-0.035258,0.0175,810.663
24707,0.297261,-0.035258,0.0191667,807.443
24708,0.297261,-0.035258,0.0208333,805.11
24709,0.297261,-0.035258,0.0225,804.123
24710,0.297261,-0.035258,0.0241667,805.148
24711,0.297261,-0.035258,0.0258333,808.215
24712,0.297261,-0.035258,0.0275,810.068
24713,0.297261,-0.035258,0.0291667,811.039
24714,0.297261,-0.035258,0.0308333,811.277
24715,0.297261,-0.035258,0.0325,810.566
24716,0.297261,-0.035258,0.0341667,809.768
24717,0.297261,-0.035258,0.0358333,809.321
24718,0.297261,-0.035258,0.0375,808.436
24719,0.297261,-0.035258,0.0391667,806.461
24888,0.239649,-0.035068,0.000833333,802.048
24889,0.239649,-0.035068,0.0025,800.527
24890,0.239649,-0.035068,0.00416667,800.639
24891,0.239649,-0.035068,0.00583333,800.699
24892,0.239649,-0.035068,0.0075,800.75
24893,0.239649,-0.035068,0.00916667,800.779
24894,0.239649,-0.035068,0.0108333,800.793
24895,0.239649,-0.035068,0.0125,800.817
24896,0.239649,-0.035068,0.0141667,800.826
24897,0.239649,-0.035068,0.0158333,800.847
24898,0.239649,-0.035068,0.0175,800.886
24899,0.239649,-0.035068,0.0191667,800.942
24900,0.239649,-0.035068,0.0208333,800.921
24901,0.239649,-0.035068,0.0225,800.864
24902,0.239649,-0.035068,0.0241667,800.826
24903,0.239649,-0.035068,0.0258333,800.819
24904,0.239649,-0.035068,0.0275,800.802
24905,0.239649,-0.035068,0.0291667,800.774
24906,0.239649,-0.035068,0.0308333,800.75
24907,0.239649,-0.035068,0.0325,800.722
24908,0.239649,-0.035068,0.0341667,800.667
24909,0.239649,-0.035068,0.0358333,800.621
24910,0.239649,-0.035068,0.0375,800.519
24911,0.239649,-0.035068,0.0391667,802.053
24912,0.155748,-0.0347425,0.000833333,801.478
24913,0.155748,-0.0347425,0.0025,802.689
24914,0.155748,-0.0347425,0.00416667,803.367
24915,0.155748,-0.0347425,0.00583333,803.28
24916,0.155748,-0.0347425,0.0075,802.909
24917,0.155748,-0.0347425,0.00916667,802.316
24918,0.155748,-0.0347425,0.0108333,801.748
24919,0.155748,-0.0347425,0.0125,801.375
24920,0.155748,-0.0347425,0.0141667,801.213
24921,0.155748,-0.0347425,0.0158333,801.165
24922,0.155748,-0.0347425,0.0175,801.145
24923,0.155748,-0.0347425,0.0191667,801.184
24924,0.155748,-0.0347425,0.0208333,801.166
24925,0.155748,-0.0347425,0.0225,801.13
24926,0.155748,-0.0347425,0.0241667,801.143
24927,0.155748,-0.0347425,0.0258333,801.203
24928,0.155748,-0.0347425,0.0275,801.346
24929,0.155748,-0.0347425,0.0291667,801.683
24930,0.155748,-0.0347425,0.0308333,802.22
24931,0.155748,-0.0347425,0.0325,802.808
24932,0.155748,-0.0347425,0.0341667,803.198
24933,0.155748,-0.0347425,0.0358333,803.295
24934,0.155748,-0.0347425,0.0375,802.642
24935,0.155748,-0.0347425,0.0391667,801.459
36912,0.191339,-0.0352776,0.000833333,800.315
36913,0.191339,-0.0352776,0.0025,800.548
36914,0.191339,-0.0352776,0.00416667,800.934
36915,0.191339,-0.0352776,0.00583333,801.1
36916,0.191339,-0.0352776,0.0075,801.133
36917,0.191339,-0.0352776,0.00916667,801.071
36918,0.191339,-0.0352776,0.0108333,800.99
36919,0.191339,-0.0352776,0.0125,800.938
36920,0.191339,-0.0352776,0.0141667,800.908
36921,0.191339,-0.0352776,0.0158333,800.895
36922,0.191339,-0.0352776,0.0175,800.899
36923,0.191339,-0.0352776,0.0191667,800.928
36924,0.191339,-0.0352776,0.0208333,800.904
36925,0.191339,-0.0352776,0.0225,800.877
36926,0.191339,-0.0352776,0.0241667,800.879
36927,0.191339,-0.0352776,0.0258333,800.892
36928,0.191339,-0.0352776,0.0275,800.933
36929,0.191339,-0.0352776,0.0291667,800.959
36930,0.191339,-0.0352776,0.0308333,801.04
36931,0.191339,-0.0352776,0.0325,801.103
36932,0.191339,-0.0352776,0.0341667,801.069
36933,0.191339,-0.0352776,0.0358333,800.91
36934,0.191339,-0.0352776,0.0375,800.551
36935,0.191339,-0.0352776,0.0391667,800.307
38448,0.248572,-0.0352792,0.000833333,803.752
38449,0.248572,-0.0352792,0.0025,800.783
38450,0.248572,-0.0352792,0.00416667,800.79
38451,0.248572,-0.0352792,0.00583333,800.835
38452,0.248572,-0.0352792,0.0075,800.901
38453,0.248572,-0.0352792,0.00916667,800.947
38454,0.248572,-0.0352792,0.0108333,800.984
38455,0.248572,-0.0352792,0.0125,801.031
38456,0.248572,-0.0352792,0.0141667,801.07
38457,0.248572,-0.0352792,0.0158333,801.132
38458,0.248572,-0.0352792,0.0175,801.227
38459,0.248572,-0.0352792,0.0191667,801.349
38460,0.248572,-0.0352792,0.0208333,801.311
38461,0.248572,-0.0352792,0.0225,801.187
38462,0.248572,-0.0352792,0.0241667,801.112
38463,0.248572,-0.0352792,0.0258333,801.056
38464,0.248572,-0.0352792,0.0275,801.011
38465,0.248572,-0.0352792,0.0291667,800.962
38466,0.248572,-0.0352792,0.0308333,800.918
38467,0.248572,-0.0352792,0.0325,800.872
38468,0.248572,-0.0352792,0.0341667,800.799
38469,0.248572,-0.0352792,0.0358333,800.763
38470,0.248572,-0.0352792,0.0375,800.775
38471,0.248572,-0.0352792,0.0391667,803.823
41640,0.26216,-0.0350029,0.000833333,809.957
41641,0.26216,-0.0350029,0.0025,801.203
41642,0.26216,-0.0350029,0.00416667,800.939
41643,0.26216,-0.0350029,0.00583333,800.965
41644,0.26216,-0.0350029,0.0075,801.081
41645,0.26216,-0.0350029,0.00916667,801.202
41646,0.26216,-0.0350029,0.0108333,801.358
41647,0.26216,-0.0350029,0.0125,801.574
41648,0.26216,-0.0350029,0.0141667,801.846
41649,0.26216,-0.0350029,0.0158333,802.238
41650,0.26216,-0.0350029,0.0175,802.733
41651,0.26216,-0.0350029,0.0191667,803.141
41652,0.26216,-0.0350029,0.0208333,803.06
41653,0.26216,-0.0350029,0.0225,802.587
41654,0.26216,-0.0350029,0.0241667,802.151
41655,0.26216,-0.0350029,0.0258333,801.791
41656,0.26216,-0.0350029,0.0275,801.538
41657,0.26216,-0.0350029,0.0291667,801.312
41658,0.26216,-0.0350029,0.0308333,801.171
41659,0.26216,-0.0350029,0.0325,801.036
41660,0.26216,-0.0350029,0.0341667,800.927
41661,0.26216,-0.0350029,0.0358333,800.913
41662,0.26216,-0.0350029,0.0375,801.342
41663,0.26216,-0.0350029,0.0391667,811.4
41880,0.189711,-0.0347056,0.000833333,800.212
41881,0.189711,-0.0347056,0.0025,800.5
41882,0.189711,-0.0347056,0.00416667,800.877
41883,0.189711,-0.0347056,0.00583333,801.029
41884,0.189711,-0.0347056,0.0075,801.06
41885,0.189711,-0.0347056,0.00916667,801.01
41886,0.189711,-0.0347056,0.0108333,800.936
41887,0.189711,-0.0347056,0.0125,800.897
41888,0.189711,-0.0347056,0.0141667,800.869
41889,0.189711,-0.0347056,0.0158333,800.862
41890,0.189711,-0.0347056,0.0175,800.863
41891,0.189711,-0.0347056,0.0191667,800.897
41892,0.189711,-0.0347056,0.0208333,800.867
41893,0.189711,-0.0347056,0.0225,800.843
41894,0.189711,-0.0347056,0.0241667,800.851
41895,0.189711,-0.0347056,0.0258333,800.857
41896,0.189711,-0.0347056,0.0275,800.898
41897,0.189711,-0.0347056,0.0291667,800.918
41898,0.189711,-0.0347056,0.0308333,800.978
41899,0.189711,-0.0347056,0.0325,801.036
41900,0.189711,-0.0347056,0.0341667,801.005
41901,0.189711,-0.0347056,0.0358333,800.852
41902,0.189711,-0.0347056,0.0375,800.493
41903,0.189711,-0.0347056,0.0391667,800.208
42000,0.246923,-0.034669,0.000833333,802.781
42001,0.246923,-0.034669,0.0025,800.598
42002,0.246923,-0.034669,0.00416667,800.656
42003,0.246923,-0.034669,0.00583333,800.705
42004,0.246923,-0.034669,0.0075,800.758
42005,0.246923,-0.034669,0.00916667,800.793
42006,0.246923,-0.034669,0.0108333,800.827
42007,0.246923,-0.034669,0.0125,800.859
42008,0.246923,-0.034669,0.0141667,800.881
42009,0.246923,-0.034669,0.0158333,800.915
42010,0.246923,-0.034669,0.0175,800.982
42011,0.246923,-0.034669,0.0191667,801.056
42012,0.246923,-0.034669,0.0208333,801.02
42013,0.246923,-0.034669,0.0225,800.948
42014,0.246923,-0.034669,0.0241667,800.902
42015,0.246923,-0.034669,0.0258333,800.868
42016,0.246923,-0.034669,0.0275,800.845
42017,0.246923,-0.034669,0.0291667,800.808
42018,0.246923,-0.034669,0.0308333,800.769
42019,0.246923,-0.034669,0.0325,800.73
42020,0.246923,-0.034669,0.0341667,800.673
42021,0.246923,-0.034669,0.0358333,800.634
42022,0.246923,-0.034669,0.0375,800.588
42023,0.246923,-0.034669,0.0391667,802.818
42288,0.194242,-0.0347983,0.000833333,800.264
42289,0.194242,-0.0347983,0.0025,800.479
42290,0.194242,-0.0347983,0.00416667,800.818
42291,0.194242,-0.0347983,0.00583333,800.968
42292,0.194242,-0.0347983,0.0075,801.004
42293,0.194242,-0.0347983,0.00916667,800.962
42294,0.194242,-0.0347983,0.0108333,800.904
42295,0.194242,-0.0347983,0.0125,800.872
42296,0.194242,-0.0347983,0.0141667,800.848
42297,0.194242,-0.0347983,0.0158333,800.841
42298,0.194242,-0.0347983,0.0175,800.846
42299,0.194242,-0.0347983,0.0191667,800.871
42300,0.194242,-0.0347983,0.0208333,800.858
42301,0.194242,-0.0347983,0.0225,800.826
42302,0.194242,-0.0347983,0.0241667,800.829
42303,0.194242,-0.0347983,0.0258333,800.832
42304,0.194242,-0.0347983,0.0275,800.866
42305,0.194242,-0.0347983,0.0291667,800.881
42306,0.194242,-0.0347983,0.0308333,800.937
42307,0.194242,-0.0347983,0.0325,800.974
42308,0.194242,-0.0347983,0.0341667,800.935
42309,0.194242,-0.0347983,0.0358333,800.796
42310,0.194242,-0.0347983,0.0375,800.471
42311,0.194242,-0.0347983,0.0391667,800.259
42336,0.251477,-0.0347823,0.000833333,803.93
42337,0.251477,-0.0347823,0.0025,800.737
42338,0.251477,-0.0347823,0.00416667,800.736
42339,0.251477,-0.0347823,0.00583333,800.775
42340,0.251477,-0.0347823,0.0075,800.838
42341,0.251477,-0.0347823,0.00916667,800.888
42342,0.251477,-0.0347823,0.0108333,800.93
42343,0.251477,-0.0347823,0.0125,800.978
42344,0.251477,-0.0347823,0.0141667,801.017
42345,0.251477,-0.0347823,0.0158333,801.076
42346,0.251477,-0.0347823,0.0175,801.166
42347,0.251477,-0.0347823,0.0191667,801.274
42348,0.251477,-0.0347823,0.0208333,801.239
42349,0.251477,-0.0347823,0.0225,801.126
42350,0.251477,-0.0347823,0.0241667,801.055
42351,0.251477,-0.0347823,0.0258333,800.999
42352,0.251477,-0.0347823,0.0275,800.957
42353,0.251477,-0.0347823,0.0291667,800.908
42354,0.251477,-0.0347823,0.0308333,800.86
42355,0.251477,-0.0347823,0.0325,800.809
42356,0.251477,-0.0347823,0.0341667,800.742
42357,0.251477,-0.0347823,0.0358333,800.713
42358,0.251477,-0.0347823,0.0375,800.736
42359,0.251477,-0.0347823,0.0391667,804.043
43824,0.110283,-0.0346646,0.000833333,804.3
43825,0.110283,-0.0346646,0.0025,804.58
43826,0.110283,-0.0346646,0.00416667,804.648
43827,0.110283,-0.0346646,0.00583333,804.361
43828,0.110283,-0.0346646,0.0075,803.787
43829,0.110283,-0.0346646,0.00916667,802.96
43830,0.110283,-0.0346646,0.0108333,802.069
43831,0.110283,-0.0346646,0.0125,801.496
43832,0.110283,-0.0346646,0.0141667,801.247
43833,0.110283,-0.0346646,0.0158333,801.165
43834,0.110283,-0.0346646,0.0175,801.159
43835,0.110283,-0.0346646,0.0191667,801.231
43836,0.110283,-0.0346646,0.0208333,801.217
43837,0.110283,-0.0346646,0.0225,801.147
43838,0.110283,-0.0346646,0.0241667,801.152
43839,0.110283,-0.0346646,0.0258333,801.23
43840,0.110283,-0.0346646,0.0275,801.441
43841,0.110283,-0.0346646,0.0291667,801.961
43842,0.110283,-0.0346646,0.0308333,802.814
43843,0.110283,-0.0346646,0.0325,803.632
43844,0.110283,-0.0346646,0.0341667,804.233
43845,0.110283,-0.0346646,0.0358333,804.529
43846,0.110283,-0.0346646,0.0375,804.472
43847,0.110283,-0.0346646,0.0391667,804.185
44400,0.297999,-0.035157,0.000833333,803.219
44401,0.297999,-0.035157,0.0025,806.186
44402,0.297999,-0.035157,0.00416667,807.267
44403,0.297999,-0.035157,0.00583333,807.642
44404,0.297999,-0.035157,0.0075,808.022
44405,0.297999,-0.035157,0.00916667,808.649
44406,0.297999,-0.035157,0.0108333,810.054
44407,0.297999,-0.035157,0.0125,810.397
44408,0.297999,-0.035157,0.0141667,810.277
44409,0.297999,-0.035157,0.0158333,809.822
44410,0.297999,-0.035157,0.0175,808.805
44411,0.297999,-0.035157,0.0191667,806.47
44412,0.297999,-0.035157,0.0208333,804.872
44413,0.297999,-0.035157,0.0225,804.073
44414,0.297999,-0.035157,0.0241667,804.821
44415,0.297999,-0.035157,0.0258333,807.014
44416,0.297999,-0.035157,0.0275,808.768
44417,0.297999,-0.035157,0.0291667,809.435
44418,0.297999,-0.035157,0.0308333,809.641
44419,0.297999,-0.035157,0.0325,809.291
44420,0.297999,-0.035157,0.0341667,808.692
44421,0.297999,-0.035157,0.0358333,808.422
44422,0.297999,-0.035157,0.0375,807.486
44423,0.297999,-0.035157,0.0391667,804.605
45480,0.122016,-0.0347399,0.000833333,806.214
45481,0.122016,-0.0347399,0.0025,806.096
45482,0.122016,-0.0347399,0.00416667,805.175
45483,0.122016,-0.0347399,0.00583333,804.319
45484,0.122016,-0.0347399,0.0075,803.503
45485,0.122016,-0.0347399,0.00916667,802.518
45486,0.122016,-0.0347399,0.0108333,801.711
45487,0.122016,-0.0347399,0.0125,801.329
45488,0.122016,-0.0347399,0.0141667,801.174
45489,0.122016,-0.0347399,0.0158333,801.121
45490,0.122016,-0.0347399,0.0175,801.11
45491,0.122016,-0.0347399,0.0191667,801.128
45492,0.122016,-0.0347399,0.0208333,801.124
45493,0.122016,-0.0347399,0.0225,801.096
45494,0.122016,-0.0347399,0.0241667,801.106
45495,0.122016,-0.0347399,0.0258333,801.149
45496,0.122016,-0.0347399,0.0275,801.281
45497,0.122016,-0.0347399,0.0291667,801.609
45498,0.122016,-0.0347399,0.0308333,802.359
45499,0.122016,-0.0347399,0.0325,803.329
45500,0.122016,-0.0347399,0.0341667,804.159
45501,0.122016,-0.0347399,0.0358333,805.024
45502,0.122016,-0.0347399,0.0375,805.935
45503,0.122016,-0.0347399,0.0391667,806.081
45528,0.299593,-0.0350438,0.000833333,803.121
45529,0.299593,-0.0350438,0.0025,803.832
45530,0.299593,-0.0350438,0.00416667,804.199
45531,0.299593,-0.0350438,0.00583333,804.179
45532,0.299593,-0.0350438,0.0075,804.044
45533,0.299593,-0.0350438,0.00916667,803.923
45534,0.299593,-0.0350438,0.0108333,803.978
45535,0.299593,-0.0350438,0.0125,804.095
45536,0.299593,-0.0350438,0.0141667,804.289
45537,0.299593,-0.0350438,0.0158333,804.268
45538,0.299593,-0.0350438,0.0175,804.218
45539,0.299593,-0.0350438,0.0191667,804.182
45540,0.299593,-0.0350438,0.0208333,804.236
45541,0.299593,-0.0350438,0.0225,803.935
45542,0.299593,-0.0350438,0.0241667,803.995
45543,0.299593,-0.0350438,0.0258333,804.255
45544,0.299593,-0.0350438,0.0275,804.507
45545,0.299593,-0.0350438,0.0291667,804.719
45546,0.299593,-0.0350438,0.0308333,805.0
45547,0.299593,-0.0350438,0.0325,805.108
45548,0.299593,-0.0350438,0.0341667,805.148
45549,0.299593,-0.0350438,0.0358333,805.175
45550,0.299593,-0.0350438,0.0375,804.917
45551,0.299593,-0.0350438,0.0391667,803.684
45816,0.120247,-0.0347898,0.000833333,806.08
45817,0.120247,-0.0347898,0.0025,806.012
45818,0.120247,-0.0347898,0.00416667,805.123
45819,0.120247,-0.0347898,0.00583333,804.31
45820,0.120247,-0.0347898,0.0075,803.497
45821,0.120247,-0.0347898,0.00916667,802.516
45822,0.120247,-0.0347898,0.0108333,801.72
45823,0.120247,-0.0347898,0.0125,801.316
45824,0.120247,-0.0347898,0.0141667,801.163
45825,0.120247,-0.0347898,0.0158333,801.1
45826,0.120247,-0.0347898,0.0175,801.095
45827,0.120247,-0.0347898,0.0191667,801.11
45828,0.120247,-0.0347898,0.0208333,801.106
45829,0.120247,-0.0347898,0.0225,801.082
45830,0.120247,-0.0347898,0.0241667,801.095
45831,0.120247,-0.0347898,0.0258333,801.141
45832,0.120247,-0.0347898,0.0275,801.267
45833,0.120247,-0.0347898,0.0291667,801.606
45834,0.120247,-0.0347898,0.0308333,802.359
45835,0.120247,-0.0347898,0.0325,803.318
45836,0.120247,-0.0347898,0.0341667,804.154
45837,0.120247,-0.0347898,0.0358333,804.976
45838,0.120247,-0.0347898,0.0375,805.855
45839,0.120247,-0.0347898,0.0391667,805.945
46536,0.15987,-0.0347386,0.000833333,801.03
46537,0.15987,-0.0347386,0.0025,802.173
46538,0.15987,-0.0347386,0.00416667,802.781
46539,0.15987,-0.0347386,0.00583333,802.773
46540,0.15987,-0.0347386,0.0075,802.573
46541,0.15987,-0.0347386,0.00916667,802.122
46542,0.15987,-0.0347386,0.0108333,801.657
46543,0.15987,-0.0347386,0.0125,801.332
46544,0.15987,-0.0347386,0.0141667,801.195
46545,0.15987,-0.0347386,0.0158333,801.148
46546,0.15987,-0.0347386,0.0175,801.141
46547,0.15987,-0.0347386,0.0191667,801.166
46548,0.15987,-0.0347386,0.0208333,801.151
46549,0.15987,-0.0347386,0.0225,801.114
46550,0.15987,-0.0347386,0.0241667,801.134
46551,0.15987,-0.0347386,0.0258333,801.187
46552,0.15987,-0.0347386,0.0275,801.312
46553,0.15987,-0.0347386,0.0291667,801.603
46554,0.15987,-0.0347386,0.0308333,802.06
46555,0.15987,-0.0347386,0.0325,802.496
46556,0.15987,-0.0347386,0.0341667,802.711
46557,0.15987,-0.0347386,0.0358333,802.726
46558,0.15987,-0.0347386,0.0375,802.161
46559,0.15987,-0.0347386,0.0391667,801.035
47184,0.204925,-0.0349052,0.000833333,800.461
47185,0.204925,-0.0349052,0.0025,800.434
47186,0.204925,-0.0349052,0.00416667,800.73
47187,0.204925,-0.0349052,0.00583333,800.853
47188,0.204925,-0.0349052,0.0075,800.895
47189,0.204925,-0.0349052,0.00916667,800.878
47190,0.204925,-0.0349052,0.0108333,800.841
47191,0.204925,-0.0349052,0.0125,800.825
47192,0.204925,-0.0349052,0.0141667,800.802
47193,0.204925,-0.0349052,0.0158333,800.787
47194,0.204925,-0.0349052,0.0175,800.8
47195,0.204925,-0.0349052,0.0191667,800.814
47196,0.204925,-0.0349052,0.0208333,800.803
47197,0.204925,-0.0349052,0.0225,800.779
47198,0.204925,-0.0349052,0.0241667,800.779
47199,0.204925,-0.0349052,0.0258333,800.789
47200,0.204925,-0.0349052,0.0275,800.818
47201,0.204925,-0.0349052,0.0291667,800.816
47202,0.204925,-0.0349052,0.0308333,800.856
47203,0.204925,-0.0349052,0.0325,800.865
47204,0.204925,-0.0349052,0.0341667,800.824
47205,0.204925,-0.0349052,0.0358333,800.7
47206,0.204925,-0.0349052,0.0375,800.435
47207,0.204925,-0.0349052,0.0391667,800.452
47856,0.218525,-0.0351524,0.000833333,800.876
47857,0.218525,-0.0351524,0.0025,800.456
47858,0.218525,-0.0351524,0.00416667,800.712
47859,0.218525,-0.0351524,0.00583333,800.81
47860,0.218525,-0.0351524,0.0075,800.858
47861,0.218525,-0.0351524,0.00916667,800.835
47862,0.218525,-0.0351524,0.0108333,800.819
47863,0.218525,-0.0351524,0.0125,800.798
47864,0.218525,-0.0351524,0.0141667,800.786
47865,0.218525,-0.0351524,0.0158333,800.773
47866,0.218525,-0.0351524,0.0175,800.789
47867,0.218525,-0.0351524,0.0191667,800.811
47868,0.218525,-0.0351524,0.0208333,800.799
47869,0.218525,-0.0351524,0.0225,800.769
47870,0.218525,-0.0351524,0.0241667,800.76
47871,0.218525,-0.0351524,0.0258333,800.778
47872,0.218525,-0.0351524,0.0275,800.799
47873,0.218525,-0.0351524,0.0291667,800.79
47874,0.218525,-0.0351524,0.0308333,800.82
47875,0.218525,-0.0351524,0.0325,800.819
47876,0.218525,-0.0351524,0.0341667,800.779
47877,0.218525,-0.0351524,0.0358333,800.687
47878,0.218525,-0.0351524,0.0375,800.449
47879,0.218525,-0.0351524,0.0391667,800.871
47880,0.100544,-0.0350206,0.000833333,814.443
47881,0.100544,-0.0350206,0.0025,811.328
47882,0.100544,-0.0350206,0.00416667,811.075
47883,0.100544,-0.0350206,0.00583333,811.235
47884,0.100544,-0.0350206,0.0075,811.784
47885,0.100544,-0.0350206,0.00916667,811.941
47886,0.100544,-0.0350206,0.0108333,811.997
47887,0.100544,-0.0350206,0.0125,811.947
47888,0.100544,-0.0350206,0.0141667,811.821
47889,0.100544,-0.0350206,0.0158333,811.798
47890,0.100544,-0.0350206,0.0175,812.061
47891,0.100544,-0.0350206,0.0191667,812.637
47892,0.100544,-0.0350206,0.0208333,812.542
47893,0.100544,-0.0350206,0.0225,811.909
47894,0.100544,-0.0350206,0.0241667,811.731
47895,0.100544,-0.0350206,0.0258333,811.786
47896,0.100544,-0.0350206,0.0275,811.937
47897,0.100544,-0.0350206,0.0291667,811.96
47898,0.100544,-0.0350206,0.0308333,811.89
47899,0.100544,-0.0350206,0.0325,811.717
47900,0.100544,-0.0350206,0.0341667,811.151
47901,0.100544,-0.0350206,0.0358333,810.985
47902,0.100544,-0.0350206,0.0375,811.231
47903,0.100544,-0.0350206,0.0391667,814.321
49032,0.245065,-0.0351066,0.000833333,802.774
49033,0.245065,-0.0351066,0.0025,800.614
49034,0.245065,-0.0351066,0.00416667,800.682
49035,0.245065,-0.0351066,0.00583333,800.735
49036,0.245065,-0.0351066,0.0075,800.788
49037,0.245065,-0.0351066,0.00916667,800.823
49038,0.245065,-0.0351066,0.0108333,800.849
49039,0.245065,-0.0351066,0.0125,800.877
49040,0.245065,-0.0351066,0.0141667,800.897
49041,0.245065,-0.0351066,0.0158333,800.931
49042,0.245065,-0.0351066,0.0175,800.988
49043,0.245065,-0.0351066,0.0191667,801.065
49044,0.245065,-0.0351066,0.0208333,801.04
49045,0.245065,-0.0351066,0.0225,800.96
49046,0.245065,-0.0351066,0.0241667,800.913
49047,0.245065,-0.0351066,0.0258333,800.885
49048,0.245065,-0.0351066,0.0275,800.863
49049,0.245065,-0.0351066,0.0291667,800.828
49050,0.245065,-0.0351066,0.0308333,800.797
49051,0.245065,-0.0351066,0.0325,800.761
49052,0.245065,-0.0351066,0.0341667,800.701
49053,0.245065,-0.0351066,0.0358333,800.663
49054,0.245065,-0.0351066,0.0375,800.604
49055,0.245065,-0.0351066,0.0391667,802.8
49296,0.264,-0.0353348,0.000833333,811.872
49297,0.264,-0.0353348,0.0025,801.777
49298,0.264,-0.0353348,0.00416667,801.316
49299,0.264,-0.0353348,0.00583333,801.346
49300,0.264,-0.0353348,0.0075,801.564
49301,0.264,-0.0353348,0.00916667,801.822
49302,0.264,-0.0353348,0.0108333,802.149
49303,0.264,-0.0353348,0.0125,802.543
49304,0.264,-0.0353348,0.0141667,803.105
49305,0.264,-0.0353348,0.0158333,804.41
49306,0.264,-0.0353348,0.0175,805.189
49307,0.264,-0.0353348,0.0191667,806.122
49308,0.264,-0.0353348,0.0208333,805.702
49309,0.264,-0.0353348,0.0225,804.723
49310,0.264,-0.0353348,0.0241667,804.206
49311,0.264,-0.0353348,0.0258333,803.039
49312,0.264,-0.0353348,0.0275,802.479
49313,0.264,-0.0353348,0.0291667,802.1
49314,0.264,-0.0353348,0.0308333,801.775
49315,0.264,-0.0353348,0.0325,801.503
49316,0.264,-0.0353348,0.0341667,801.298
49317,0.264,-0.0353348,0.0358333,801.286
49318,0.264,-0.0353348,0.0375,801.975
49319,0.264,-0.0353348,0.0391667,813.121
51792,0.249539,-0.035104,0.000833333,803.544
51793,0.249539,-0.035104,0.0025,800.698
51794,0.249539,-0.035104,0.00416667,800.726
51795,0.249539,-0.035104,0.00583333,800.77
51796,0.249539,-0.035104,0.0075,800.831
51797,0.249539,-0.035104,0.00916667,800.869
51798,0.249539,-0.035104,0.0108333,800.904
51799,0.249539,-0.035104,0.0125,800.945
51800,0.249539,-0.035104,0.0141667,800.977
51801,0.249539,-0.035104,0.0158333,801.027
51802,0.249539,-0.035104,0.0175,801.112
51803,0.249539,-0.035104,0.0191667,801.212
51804,0.249539,-0.035104,0.0208333,801.173
51805,0.249539,-0.035104,0.0225,801.073
51806,0.249539,-0.035104,0.0241667,801.011
51807,0.249539,-0.035104,0.0258333,800.964
51808,0.249539,-0.035104,0.0275,800.927
51809,0.249539,-0.035104,0.0291667,800.883
51810,0.249539,-0.035104,0.0308333,800.843
51811,0.249539,-0.035104,0.0325,800.801
51812,0.249539,-0.035104,0.0341667,800.734
51813,0.249539,-0.035104,0.0358333,800.698
51814,0.249539,-0.035104,0.0375,800.691
51815,0.249539,-0.035104,0.0391667,803.615
51816,0.105244,-0.034673,0.000833333,816.063
51817,0.105244,-0.034673,0.0025,807.123
51818,0.105244,-0.034673,0.00416667,804.853
51819,0.105244,-0.034673,0.00583333,804.744
51820,0.105244,-0.034673,0.0075,804.589
51821,0.105244,-0.034673,0.00916667,804.182
51822,0.105244,-0.034673,0.0108333,803.577
51823,0.105244,-0.034673,0.0125,803.006
51824,0.105244,-0.034673,0.0141667,802.711
51825,0.105244,-0.034673,0.0158333,802.628
51826,0.105244,-0.034673,0.0175,802.682
51827,0.105244,-0.034673,0.0191667,803.075
51828,0.105244,-0.034673,0.0208333,803.028
51829,0.105244,-0.034673,0.0225,802.658
51830,0.105244,-0.034673,0.0241667,802.609
51831,0.105244,-0.034673,0.0258333,802.68
51832,0.105244,-0.034673,0.0275,802.934
51833,0.105244,-0.034673,0.0291667,803.473
51834,0.105244,-0.034673,0.0308333,804.067
51835,0.105244,-0.034673,0.0325,804.486
51836,0.105244,-0.034673,0.0341667,804.64
51837,0.105244,-0.034673,0.0358333,804.754
51838,0.105244,-0.034673,0.0375,807.006
51839,0.105244,-0.034673,0.0391667,816.082
51840,0.1923,-0.0350986,0.000833333,800.255
51841,0.1923,-0.0350986,0.0025,800.55
51842,0.1923,-0.0350986,0.00416667,800.93
51843,0.1923,-0.0350986,0.00583333,801.104
51844,0.1923,-0.0350986,0.0075,801.121
51845,0.1923,-0.0350986,0.00916667,801.075
51846,0.1923,-0.0350986,0.0108333,800.995
51847,0.1923,-0.0350986,0.0125,800.946
51848,0.1923,-0.0350986,0.0141667,800.919
51849,0.1923,-0.0350986,0.0158333,800.904
51850,0.1923,-0.0350986,0.0175,800.907
51851,0.1923,-0.0350986,0.0191667,800.934
51852,0.1923,-0.0350986,0.0208333,800.911
51853,0.1923,-0.0350986,0.0225,800.885
51854,0.1923,-0.0350986,0.0241667,800.887
51855,0.1923,-0.0350986,0.0258333,800.898
51856,0.1923,-0.0350986,0.0275,800.945
51857,0.1923,-0.0350986,0.0291667,800.967
51858,0.1923,-0.0350986,0.0308333,801.042
51859,0.1923,-0.0350986,0.0325,801.11
51860,0.1923,-0.0350986,0.0341667,801.068
51861,0.1923,-0.0350986,0.0358333,800.898
51862,0.1923,-0.0350986,0.0375,800.53
51863,0.1923,-0.0350986,0.0391667,800.249
53016,0.291644,-0.0347498,0.000833333,813.738
53017,0.291644,-0.0347498,0.0025,810.423
53018,0.291644,-0.0347498,0.00416667,811.008
53019,0.291644,-0.0347498,0.00583333,814.501
53020,0.291644,-0.0347498,0.0075,816.688
53021,0.291644,-0.0347498,0.00916667,817.675
53022,0.291644,-0.0347498,0.0108333,818.101
53023,0.291644,-0.0347498,0.0125,817.839
53024,0.291644,-0.0347498,0.0141667,818.098
53025,0.291644,-0.0347498,0.0158333,819.684
53026,0.291644,-0.0347498,0.0175,819.524
53027,0.291644,-0.0347498,0.0191667,816.891
53028,0.291644,-0.0347498,0.0208333,809.47
53029,0.291644,-0.0347498,0.0225,805.121
53030,0.291644,-0.0347498,0.0241667,808.852
53031,0.291644,-0.0347498,0.0258333,817.171
53032,0.291644,-0.0347498,0.0275,819.19
53033,0.291644,-0.0347498,0.0291667,817.487
53034,0.291644,-0.0347498,0.0308333,816.857
53035,0.291644,-0.0347498,0.0325,814.308
53036,0.291644,-0.0347498,0.0341667,812.827
53037,0.291644,-0.0347498,0.0358333,811.011
53038,0.291644,-0.0347498,0.0375,810.077
53039,0.291644,-0.0347498,0.0391667,812.01
53592,0.261186,-0.0348704,0.000833333,810.048
53593,0.261186,-0.0348704,0.0025,801.244
53594,0.261186,-0.0348704,0.00416667,800.967
53595,0.261186,-0.0348704,0.00583333,800.99
53596,0.261186,-0.0348704,0.0075,801.111
53597,0.261186,-0.0348704,0.00916667,801.23
53598,0.261186,-0.0348704,0.0108333,801.385
53599,0.261186,-0.0348704,0.0125,801.582
53600,0.261186,-0.0348704,0.0141667,801.757
53601,0.261186,-0.0348704,0.0158333,802.055
53602,0.261186,-0.0348704,0.0175,802.339
53603,0.261186,-0.0348704,0.0191667,802.653
53604,0.261186,-0.0348704,0.0208333,802.552
53605,0.261186,-0.0348704,0.0225,802.219
53606,0.261186,-0.0348704,0.0241667,801.989
53607,0.261186,-0.0348704,0.0258333,801.731
53608,0.261186,-0.0348704,0.0275,801.54
53609,0.261186,-0.0348704,0.0291667,801.342
53610,0.261186,-0.0348704,0.0308333,801.201
53611,0.261186,-0.0348704,0.0325,801.065
53612,0.261186,-0.0348704,0.0341667,800.951
53613,0.261186,-0.0348704,0.0358333,800.942
53614,0.261186,-0.0348704,0.0375,801.387
53615,0.261186,-0.0348704,0.0391667,811.488
54096,0.167298,-0.0352663,0.000833333,800.448
54097,0.167298,-0.0352663,0.0025,801.227
54098,0.167298,-0.0352663,0.00416667,801.87
54099,0.167298,-0.0352663,0.00583333,801.986
54100,0.167298,-0.0352663,0.0075,801.91
54101,0.167298,-0.0352663,0.00916667,801.653
54102,0.167298,-0.0352663,0.0108333,801.363
54103,0.167298,-0.0352663,0.0125,801.173
54104,0.167298,-0.0352663,0.0141667,801.088
54105,0.167298,-0.0352663,0.0158333,801.054
54106,0.167298,-0.0352663,0.0175,801.049
54107,0.167298,-0.0352663,0.0191667,801.069
54108,0.167298,-0.0352663,0.0208333,801.058
54109,0.167298,-0.0352663,0.0225,801.026
54110,0.167298,-0.0352663,0.0241667,801.034
54111,0.167298,-0.0352663,0.0258333,801.075
54112,0.167298,-0.0352663,0.0275,801.156
54113,0.167298,-0.0352663,0.0291667,801.325
54114,0.167298,-0.0352663,0.0308333,801.594
54115,0.167298,-0.0352663,0.0325,801.853
54116,0.167298,-0.0352663,0.0341667,801.937
54117,0.167298,-0.0352663,0.0358333,801.834
54118,0.167298,-0.0352663,0.0375,801.215
54119,0.167298,-0.0352663,0.0391667,800.443
54576,0.159033,-0.0351581,0.000833333,801.139
54577,0.159033,-0.0351581,0.0025,802.277
54578,0.159033,-0.0351581,0.00416667,802.925
54579,0.159033,-0.0351581,0.00583333,802.907
54580,0.159033,-0.0351581,0.0075,802.656
54581,0.159033,-0.0351581,0.00916667,802.169
54582,0.159033,-0.0351581,0.0108333,801.677
54583,0.159033,-0.0351581,0.0125,801.339
54584,0.159033,-0.0351581,0.0141667,801.197
54585,0.159033,-0.0351581,0.0158333,801.152
54586,0.159033,-0.0351581,0.0175,801.14
54587,0.159033,-0.0351581,0.0191667,801.168
54588,0.159033,-0.0351581,0.0208333,801.15
54589,0.159033,-0.0351581,0.0225,801.114
54590,0.159033,-0.0351581,0.0241667,801.134
54591,0.159033,-0.0351581,0.0258333,801.19
54592,0.159033,-0.0351581,0.0275,801.32
54593,0.159033,-0.0351581,0.0291667,801.616
54594,0.159033,-0.0351581,0.0308333,802.089
54595,0.159033,-0.0351581,0.0325,802.566
54596,0.159033,-0.0351581,0.0341667,802.838
54597,0.159033,-0.0351581,0.0358333,802.869
54598,0.159033,-0.0351581,0.0375,802.256
54599,0.159033,-0.0351581,0.0391667,801.139
55008,0.25245,-0.0346637,0.000833333,803.866
55009,0.25245,-0.0346637,0.0025,800.696
55010,0.25245,-0.0346637,0.00416667,800.713
55011,0.25245,-0.0346637,0.00583333,800.756
55012,0.25245,-0.0346637,0.0075,800.808
55013,0.25245,-0.0346637,0.00916667,800.855
55014,0.25245,-0.0346637,0.0108333,800.888
55015,0.25245,-0.0346637,0.0125,800.934
55016,0.25245,-0.0346637,0.0141667,800.971
55017,0.25245,-0.0346637,0.0158333,801.026
55018,0.25245,-0.0346637,0.0175,801.109
55019,0.25245,-0.0346637,0.0191667,801.209
55020,0.25245,-0.0346637,0.0208333,801.175
55021,0.25245,-0.0346637,0.0225,801.071
55022,0.25245,-0.0346637,0.0241667,801.006
55023,0.25245,-0.0346637,0.0258333,800.953
55024,0.25245,-0.0346637,0.0275,800.914
55025,0.25245,-0.0346637,0.0291667,800.869
55026,0.25245,-0.0346637,0.0308333,800.825
55027,0.25245,-0.0346637,0.0325,800.781
55028,0.25245,-0.0346637,0.0341667,800.715
55029,0.25245,-0.0346637,0.0358333,800.685
55030,0.25245,-0.0346637,0.0375,800.698
55031,0.25245,-0.0346637,0.0391667,803.981
55032,0.195217,-0.0346749,0.000833333,800.224
55033,0.195217,-0.0346749,0.0025,800.43
55034,0.195217,-0.0346749,0.00416667,800.766
55035,0.195217,-0.0346749,0.00583333,800.929
55036,0.195217,-0.0346749,0.0075,800.952
55037,0.195217,-0.0346749,0.00916667,800.923
55038,0.195217,-0.0346749,0.0108333,800.884
55039,0.195217,-0.0346749,0.0125,800.863
55040,0.195217,-0.0346749,0.0141667,800.848
55041,0.195217,-0.0346749,0.0158333,800.838
55042,0.195217,-0.0346749,0.0175,800.853
55043,0.195217,-0.0346749,0.0191667,800.875
55044,0.195217,-0.0346749,0.0208333,800.861
55045,0.195217,-0.0346749,0.0225,800.828
55046,0.195217,-0.0346749,0.0241667,800.831
55047,0.195217,-0.0346749,0.0258333,800.833
55048,0.195217,-0.0346749,0.0275,800.858
55049,0.195217,-0.0346749,0.0291667,800.866
55050,0.195217,-0.0346749,0.0308333,800.902
55051,0.195217,-0.0346749,0.0325,800.934
55052,0.195217,-0.0346749,0.0341667,800.888
55053,0.195217,-0.0346749,0.0358333,800.74
55054,0.195217,-0.0346749,0.0375,800.424
55055,0.195217,-0.0346749,0.0391667,800.219
55104,0.145188,-0.0353357,0.000833333,804.63
55105,0.145188,-0.0353357,0.0025,805.311
55106,0.145188,-0.0353357,0.00416667,805.21
55107,0.145188,-0.0353357,0.00583333,804.62
55108,0.145188,-0.0353357,0.0075,803.792
55109,0.145188,-0.0353357,0.00916667,802.812
55110,0.145188,-0.0353357,0.0108333,801.95
55111,0.145188,-0.0353357,0.0125,801.435
55112,0.145188,-0.0353357,0.0141667,801.231
55113,0.145188,-0.0353357,0.0158333,801.184
55114,0.145188,-0.0353357,0.0175,801.178
55115,0.145188,-0.0353357,0.0191667,801.21
55116,0.145188,-0.0353357,0.0208333,801.19
55117,0.145188,-0.0353357,0.0225,801.156
55118,0.145188,-0.0353357,0.0241667,801.173
55119,0.145188,-0.0353357,0.0258333,801.221
55120,0.145188,-0.0353357,0.0275,801.391
55121,0.145188,-0.0353357,0.0291667,801.87
55122,0.145188,-0.0353357,0.0308333,802.673
55123,0.145188,-0.0353357,0.0325,803.623
55124,0.145188,-0.0353357,0.0341667,804.479
55125,0.145188,-0.0353357,0.0358333,805.076
55126,0.145188,-0.0353357,0.0375,805.172
55127,0.145188,-0.0353357,0.0391667,804.503
55632,0.236297,-0.0351716,0.000833333,802.097
55633,0.236297,-0.0351716,0.0025,800.563
55634,0.236297,-0.0351716,0.00416667,800.69
55635,0.236297,-0.0351716,0.00583333,800.755
55636,0.236297,-0.0351716,0.0075,800.808
55637,0.236297,-0.0351716,0.00916667,800.831
55638,0.236297,-0.0351716,0.0108333,800.842
55639,0.236297,-0.0351716,0.0125,800.859
55640,0.236297,-0.0351716,0.0141667,800.865
55641,0.236297,-0.0351716,0.0158333,800.886
55642,0.236297,-0.0351716,0.0175,800.926
55643,0.236297,-0.0351716,0.0191667,800.987
55644,0.236297,-0.0351716,0.0208333,800.968
55645,0.236297,-0.0351716,0.0225,800.9
55646,0.236297,-0.0351716,0.0241667,800.868
55647,0.236297,-0.0351716,0.0258333,800.858
55648,0.236297,-0.0351716,0.0275,800.849
55649,0.236297,-0.0351716,0.0291667,800.822
55650,0.236297,-0.0351716,0.0308333,800.805
55651,0.236297,-0.0351716,0.0325,800.779
55652,0.236297,-0.0351716,0.0341667,800.722
55653,0.236297,-0.0351716,0.0358333,800.668
55654,0.236297,-0.0351716,0.0375,800.554
55655,0.236297,-0.0351716,0.0391667,802.081
55704,0.179025,-0.035182,0.000833333,800.264
55705,0.179025,-0.035182,0.0025,800.756
55706,0.179025,-0.035182,0.00416667,801.28
55707,0.179025,-0.035182,0.00583333,801.474
55708,0.179025,-0.035182,0.0075,801.46
55709,0.179025,-0.035182,0.00916667,801.323
55710,0.179025,-0.035182,0.0108333,801.15
55711,0.179025,-0.035182,0.0125,801.06
55712,0.179025,-0.035182,0.0141667,801.005
55713,0.179025,-0.035182,0.0158333,800.973
55714,0.179025,-0.035182,0.0175,800.976
55715,0.179025,-0.035182,0.0191667,801.002
55716,0.179025,-0.035182,0.0208333,800.987
55717,0.179025,-0.035182,0.0225,800.954
55718,0.179025,-0.035182,0.0241667,800.964
55719,0.179025,-0.035182,0.0258333,800.986
55720,0.179025,-0.035182,0.0275,801.04
55721,0.179025,-0.035182,0.0291667,801.125
55722,0.179025,-0.035182,0.0308333,801.282
55723,0.179025,-0.035182,0.0325,801.426
55724,0.179025,-0.035182,0.0341667,801.436
55725,0.179025,-0.035182,0.0358333,801.268
55726,0.179025,-0.035182,0.0375,800.751
55727,0.179025,-0.035182,0.0391667,800.256
55824,0.284533,-0.035079,0.000833333,810.809
55825,0.284533,-0.035079,0.0025,806.524
55826,0.284533,-0.035079,0.00416667,807.778
55827,0.284533,-0.035079,0.00583333,812.355
55828,0.284533,-0.035079,0.0075,813.605
55829,0.284533,-0.035079,0.00916667,814.282
55830,0.284533,-0.035079,0.0108333,816.633
55831,0.284533,-0.035079,0.0125,822.902
55832,0.284533,-0.035079,0.0141667,825.761
55833,0.284533,-0.035079,0.0158333,819.63
55834,0.284533,-0.035079,0.0175,813.993
55835,0.284533,-0.035079,0.0191667,813.967
55836,0.284533,-0.035079,0.0208333,812.495
55837,0.284533,-0.035079,0.0225,806.439
55838,0.284533,-0.035079,0.0241667,806.881
55839,0.284533,-0.035079,0.0258333,813.095
55840,0.284533,-0.035079,0.0275,822.428
55841,0.284533,-0.035079,0.0291667,829.598
55842,0.284533,-0.035079,0.0308333,820.623
55843,0.284533,-0.035079,0.0325,813.238
55844,0.284533,-0.035079,0.0341667,811.483
55845,0.284533,-0.035079,0.0358333,809.239
55846,0.284533,-0.035079,0.0375,807.063
55847,0.284533,-0.035079,0.0391667,809.845
56592,0.277831,-0.035171,0.000833333,809.205
56593,0.277831,-0.035171,0.0025,803.879
56594,0.277831,-0.035171,0.00416667,803.705
56595,0.277831,-0.035171,0.00583333,805.077
56596,0.277831,-0.035171,0.0075,809.865
56597,0.277831,-0.035171,0.00916667,812.649
56598,0.277831,-0.035171,0.0108333,813.449
56599,0.277831,-0.035171,0.0125,813.627
56600,0.277831,-0.035171,0.0141667,814.563
56601,0.277831,-0.035171,0.0158333,816.697
56602,0.277831,-0.035171,0.0175,817.471
56603,0.277831,-0.035171,0.0191667,813.356
56604,0.277831,-0.035171,0.0208333,812.251
56605,0.277831,-0.035171,0.0225,807.442
56606,0.277831,-0.035171,0.0241667,806.872
56607,0.277831,-0.035171,0.0258333,808.096
56608,0.277831,-0.035171,0.0275,810.307
56609,0.277831,-0.035171,0.0291667,810.016
56610,0.277831,-0.035171,0.0308333,811.271
56611,0.277831,-0.035171,0.0325,810.222
56612,0.277831,-0.035171,0.0341667,806.019
56613,0.277831,-0.035171,0.0358333,803.828
56614,0.277831,-0.035171,0.0375,804.026
56615,0.277831,-0.035171,0.0391667,808.86
57960,0.24259,-0.0350073,0.000833333,802.55
57961,0.24259,-0.0350073,0.0025,800.599
57962,0.24259,-0.0350073,0.00416667,800.682
57963,0.24259,-0.0350073,0.00583333,800.735
57964,0.24259,-0.0350073,0.0075,800.79
57965,0.24259,-0.0350073,0.00916667,800.823
57966,0.24259,-0.0350073,0.0108333,800.844
57967,0.24259,-0.0350073,0.0125,800.87
57968,0.24259,-0.0350073,0.0141667,800.887
57969,0.24259,-0.0350073,0.0158333,800.918
57970,0.24259,-0.0350073,0.0175,800.972
57971,0.24259,-0.0350073,0.0191667,801.04
57972,0.24259,-0.0350073,0.0208333,801.017
57973,0.24259,-0.0350073,0.0225,800.942
57974,0.24259,-0.0350073,0.0241667,800.898
57975,0.24259,-0.0350073,0.0258333,800.875
57976,0.24259,-0.0350073,0.0275,800.857
57977,0.24259,-0.0350073,0.0291667,800.823
57978,0.24259,-0.0350073,0.0308333,800.795
57979,0.24259,-0.0350073,0.0325,800.763
57980,0.24259,-0.0350073,0.0341667,800.705
57981,0.24259,-0.0350073,0.0358333,800.66
57982,0.24259,-0.0350073,0.0375,800.589
57983,0.24259,-0.0350073,0.0391667,802.563
58344,0.295927,-0.0349608,0.000833333,806.166
58345,0.295927,-0.0349608,0.0025,808.586
58346,0.295927,-0.0349608,0.00416667,808.972
58347,0.295927,-0.0349608,0.00583333,809.805
58348,0.295927,-0.0349608,0.0075,812.002
58349,0.295927,-0.0349608,0.00916667,814.283
58350,0.295927,-0.0349608,0.0108333,815.797
58351,0.295927,-0.0349608,0.0125,816.38
58352,0.295927,-0.0349608,0.0141667,816.523
58353,0.295927,-0.0349608,0.0158333,816.17
58354,0.295927,-0.0349608,0.0175,814.892
58355,0.295927,-0.0349608,0.0191667,811.545
58356,0.295927,-0.0349608,0.0208333,806.425
58357,0.295927,-0.0349608,0.0225,804.487
58358,0.295927,-0.0349608,0.0241667,806.571
58359,0.295927,-0.0349608,0.0258333,811.396
58360,0.295927,-0.0349608,0.0275,814.175
58361,0.295927,-0.0349608,0.0291667,815.065
58362,0.295927,-0.0349608,0.0308333,814.14
58363,0.295927,-0.0349608,0.0325,812.953
58364,0.295927,-0.0349608,0.0341667,811.035
58365,0.295927,-0.0349608,0.0358333,810.069
58366,0.295927,-0.0349608,0.0375,809.813
58367,0.295927,-0.0349608,0.0391667,809.968
59664,0.265394,-0.0350417,0.000833333,811.146
59665,0.265394,-0.0350417,0.0025,801.453
59666,0.265394,-0.0350417,0.00416667,801.093
59667,0.265394,-0.0350417,0.00583333,801.121
59668,0.265394,-0.0350417,0.0075,801.308
59669,0.265394,-0.0350417,0.00916667,801.524
59670,0.265394,-0.0350417,0.0108333,801.82
59671,0.265394,-0.0350417,0.0125,802.235
59672,0.265394,-0.0350417,0.0141667,802.883
59673,0.265394,-0.0350417,0.0158333,804.316
59674,0.265394,-0.0350417,0.0175,805.327
59675,0.265394,-0.0350417,0.0191667,806.307
59676,0.265394,-0.0350417,0.0208333,805.953
59677,0.265394,-0.0350417,0.0225,804.835
59678,0.265394,-0.0350417,0.0241667,804.106
59679,0.265394,-0.0350417,0.0258333,802.82
59680,0.265394,-0.0350417,0.0275,802.181
59681,0.265394,-0.0350417,0.0291667,801.781
59682,0.265394,-0.0350417,0.0308333,801.482
59683,0.265394,-0.0350417,0.0325,801.253
59684,0.265394,-0.0350417,0.0341667,801.078
59685,0.265394,-0.0350417,0.0358333,801.067
59686,0.265394,-0.0350417,0.0375,801.625
59687,0.265394,-0.0350417,0.0391667,812.219
59904,0.237134,-0.0351063,0.000833333,802.105
59905,0.237134,-0.0351063,0.0025,800.542
59906,0.237134,-0.0351063,0.00416667,800.676
59907,0.237134,-0.0351063,0.00583333,800.738
59908,0.237134,-0.0351063,0.0075,800.793
59909,0.237134,-0.0351063,0.00916667,800.817
59910,0.237134,-0.0351063,0.0108333,800.825
59911,0.237134,-0.0351063,0.0125,800.833
59912,0.237134,-0.0351063,0.0141667,800.842
59913,0.237134,-0.0351063,0.0158333,800.86
59914,0.237134,-0.0351063,0.0175,800.891
59915,0.237134,-0.0351063,0.0191667,800.946
59916,0.237134,-0.0351063,0.0208333,800.932
59917,0.237134,-0.0351063,0.0225,800.864
59918,0.237134,-0.0351063,0.0241667,800.843
59919,0.237134,-0.0351063,0.0258333,800.835
59920,0.237134,-0.0351063,0.0275,800.833
59921,0.237134,-0.0351063,0.0291667,800.803
59922,0.237134,-0.0351063,0.0308333,800.784
59923,0.237134,-0.0351063,0.0325,800.76
59924,0.237134,-0.0351063,0.0341667,800.712
59925,0.237134,-0.0351063,0.0358333,800.655
59926,0.237134,-0.0351063,0.0375,800.537
59927,0.237134,-0.0351063,0.0391667,802.101
59952,0.179902,-0.0350983,0.000833333,800.25
59953,0.179902,-0.0350983,0.0025,800.745
59954,0.179902,-0.0350983,0.00416667,801.267
59955,0.179902,-0.0350983,0.00583333,801.46
59956,0.179902,-0.0350983,0.0075,801.441
59957,0.179902,-0.0350983,0.00916667,801.303
59958,0.179902,-0.0350983,0.0108333,801.145
59959,0.179902,-0.0350983,0.0125,801.063
59960,0.179902,-0.0350983,0.0141667,801.009
59961,0.179902,-0.0350983,0.0158333,800.976
59962,0.179902,-0.0350983,0.0175,800.98
59963,0.179902,-0.0350983,0.0191667,801.003
59964,0.179902,-0.0350983,0.0208333,800.99
59965,0.179902,-0.0350983,0.0225,800.957
59966,0.179902,-0.0350983,0.0241667,800.966
59967,0.179902,-0.0350983,0.0258333,800.99
59968,0.179902,-0.0350983,0.0275,801.046
59969,0.179902,-0.0350983,0.0291667,801.118
59970,0.179902,-0.0350983,0.0308333,801.267
59971,0.179902,-0.0350983,0.0325,801.407
59972,0.179902,-0.0350983,0.0341667,801.413
59973,0.179902,-0.0350983,0.0358333,801.241
59974,0.179902,-0.0350983,0.0375,800.727
59975,0.179902,-0.0350983,0.0391667,800.241
60432,0.225987,-0.0347097,0.000833333,800.974
60433,0.225987,-0.0347097,0.0025,800.413
60434,0.225987,-0.0347097,0.00416667,800.599
60435,0.225987,-0.0347097,0.00583333,800.677
60436,0.225987,-0.0347097,0.0075,800.723
60437,0.225987,-0.0347097,0.00916667,800.732
60438,0.225987,-0.0347097,0.0108333,800.742
60439,0.225987,-0.0347097,0.0125,800.751
60440,0.225987,-0.0347097,0.0141667,800.748
60441,0.225987,-0.0347097,0.0158333,800.751
60442,0.225987,-0.0347097,0.0175,800.762
60443,0.225987,-0.0347097,0.0191667,800.784
60444,0.225987,-0.0347097,0.0208333,800.772
60445,0.225987,-0.0347097,0.0225,800.743
60446,0.225987,-0.0347097,0.0241667,800.731
60447,0.225987,-0.0347097,0.0258333,800.74
60448,0.225987,-0.0347097,0.0275,800.739
60449,0.225987,-0.0347097,0.0291667,800.72
60450,0.225987,-0.0347097,0.0308333,800.716
60451,0.225987,-0.0347097,0.0325,800.692
60452,0.225987,-0.0347097,0.0341667,800.656
60453,0.225987,-0.0347097,0.0358333,800.587
60454,0.225987,-0.0347097,0.0375,800.408
60455,0.225987,-0.0347097,0.0391667,800.967
61464,0.203935,-0.0349235,0.000833333,800.429
61465,0.203935,-0.0349235,0.0025,800.429
61466,0.203935,-0.0349235,0.00416667,800.719
61467,0.203935,-0.0349235,0.00583333,800.842
61468,0.203935,-0.0349235,0.0075,800.883
61469,0.203935,-0.0349235,0.00916667,800.868
61470,0.203935,-0.0349235,0.0108333,800.831
61471,0.203935,-0.0349235,0.0125,800.815
61472,0.203935,-0.0349235,0.0141667,800.793
61473,0.203935,-0.0349235,0.0158333,800.784
61474,0.203935,-0.0349235,0.0175,800.795
61475,0.203935,-0.0349235,0.0191667,800.807
61476,0.203935,-0.0349235,0.0208333,800.798
61477,0.203935,-0.0349235,0.0225,800.773
61478,0.203935,-0.0349235,0.0241667,800.774
61479,0.203935,-0.0349235,0.0258333,800.785
61480,0.203935,-0.0349235,0.0275,800.81
61481,0.203935,-0.0349235,0.0291667,800.809
61482,0.203935,-0.0349235,0.0308333,800.846
61483,0.203935,-0.0349235,0.0325,800.852
61484,0.203935,-0.0349235,0.0341667,800.811
61485,0.203935,-0.0349235,0.0358333,800.69
61486,0.203935,-0.0349235,0.0375,800.428
61487,0.203935,-0.0349235,0.0391667,800.425
62328,0.276955,-0.0350286,0.000833333,809.195
62329,0.276955,-0.0350286,0.0025,803.598
62330,0.276955,-0.0350286,0.00416667,803.317
62331,0.276955,-0.0350286,0.00583333,804.422
62332,0.276955,-0.0350286,0.0075,808.16
62333,0.276955,-0.0350286,0.00916667,812.103
62334,0.276955,-0.0350286,0.0108333,813.235
62335,0.276955,-0.0350286,0.0125,813.648
62336,0.276955,-0.0350286,0.0141667,814.269
62337,0.276955,-0.0350286,0.0158333,815.316
62338,0.276955,-0.0350286,0.0175,815.751
62339,0.276955,-0.0350286,0.0191667,812.969
62340,0.276955,-0.0350286,0.0208333,812.072
62341,0.276955,-0.0350286,0.0225,807.455
62342,0.276955,-0.0350286,0.0241667,806.882
62343,0.276955,-0.0350286,0.0258333,807.645
62344,0.276955,-0.0350286,0.0275,809.668
62345,0.276955,-0.0350286,0.0291667,810.109
62346,0.276955,-0.0350286,0.0308333,811.435
62347,0.276955,-0.0350286,0.0325,809.45
62348,0.276955,-0.0350286,0.0341667,804.968
62349,0.276955,-0.0350286,0.0358333,803.545
62350,0.276955,-0.0350286,0.0375,803.727
62351,0.276955,-0.0350286,0.0391667,808.869
62544,0.279355,-0.0347394,0.000833333,808.849
62545,0.279355,-0.0347394,0.0025,803.842
62546,0.279355,-0.0347394,0.00416667,803.734
62547,0.279355,-0.0347394,0.00583333,805.474
62548,0.279355,-0.0347394,0.0075,810.808
62549,0.279355,-0.0347394,0.00916667,813.009
62550,0.279355,-0.0347394,0.0108333,813.33
62551,0.279355,-0.0347394,0.0125,813.299
62552,0.279355,-0.0347394,0.0141667,815.408
62553,0.279355,-0.0347394,0.0158333,819.437
62554,0.279355,-0.0347394,0.0175,818.071
62555,0.279355,-0.0347394,0.0191667,813.589
62556,0.279355,-0.0347394,0.0208333,812.563
62557,0.279355,-0.0347394,0.0225,807.386
62558,0.279355,-0.0347394,0.0241667,806.849
62559,0.279355,-0.0347394,0.0258333,809.011
62560,0.279355,-0.0347394,0.0275,815.816
62561,0.279355,-0.0347394,0.0291667,812.037
62562,0.279355,-0.0347394,0.0308333,811.132
62563,0.279355,-0.0347394,0.0325,810.641
62564,0.279355,-0.0347394,0.0341667,806.898
62565,0.279355,-0.0347394,0.0358333,803.952
62566,0.279355,-0.0347394,0.0375,803.994
62567,0.279355,-0.0347394,0.0391667,808.408
62760,0.243494,-0.034682,0.000833333,802.204
62761,0.243494,-0.034682,0.0025,800.519
62762,0.243494,-0.034682,0.00416667,800.605
62763,0.243494,-0.034682,0.00583333,800.654
62764,0.243494,-0.034682,0.0075,800.706
62765,0.243494,-0.034682,0.00916667,800.737
62766,0.243494,-0.034682,0.0108333,800.763
62767,0.243494,-0.034682,0.0125,800.79
62768,0.243494,-0.034682,0.0141667,800.803
62769,0.243494,-0.034682,0.0158333,800.826
62770,0.243494,-0.034682,0.0175,800.868
62771,0.243494,-0.034682,0.0191667,800.923
62772,0.243494,-0.034682,0.0208333,800.903
62773,0.243494,-0.034682,0.0225,800.846
62774,0.243494,-0.034682,0.0241667,800.81
62775,0.243494,-0.034682,0.0258333,800.795
62776,0.243494,-0.034682,0.0275,800.777
62777,0.243494,-0.034682,0.0291667,800.742
62778,0.243494,-0.034682,0.0308333,800.712
62779,0.243494,-0.034682,0.0325,800.682
62780,0.243494,-0.034682,0.0341667,800.629
62781,0.243494,-0.034682,0.0358333,800.589
62782,0.243494,-0.034682,0.0375,800.508
62783,0.243494,-0.034682,0.0391667,802.218
62952,0.241091,-0.0347962,0.000833333,802.138
62953,0.241091,-0.0347962,0.0025,800.531
62954,0.241091,-0.0347962,0.00416667,800.627
62955,0.241091,-0.0347962,0.00583333,800.679
62956,0.241091,-0.0347962,0.0075,800.73
62957,0.241091,-0.0347962,0.00916667,800.765
62958,0.241091,-0.0347962,0.0108333,800.784
62959,0.241091,-0.0347962,0.0125,800.805
62960,0.241091,-0.0347962,0.0141667,800.82
62961,0.241091,-0.0347962,0.0158333,800.843
62962,0.241091,-0.0347962,0.0175,800.883
62963,0.241091,-0.0347962,0.0191667,800.943
62964,0.241091,-0.0347962,0.0208333,800.918
62965,0.241091,-0.0347962,0.0225,800.858
62966,0.241091,-0.0347962,0.0241667,800.825
62967,0.241091,-0.0347962,0.0258333,800.808
62968,0.241091,-0.0347962,0.0275,800.794
62969,0.241091,-0.0347962,0.0291667,800.764
62970,0.241091,-0.0347962,0.0308333,800.735
62971,0.241091,-0.0347962,0.0325,800.708
62972,0.241091,-0.0347962,0.0341667,800.653
62973,0.241091,-0.0347962,0.0358333,800.609
62974,0.241091,-0.0347962,0.0375,800.517
62975,0.241091,-0.0347962,0.0391667,802.14
63960,0.185115,-0.0349194,0.000833333,800.225
63961,0.185115,-0.0349194,0.0025,800.594
63962,0.185115,-0.0349194,0.00416667,801.043
63963,0.185115,-0.0349194,0.00583333,801.2
63964,0.185115,-0.0349194,0.0075,801.232
63965,0.185115,-0.0349194,0.00916667,801.14
63966,0.185115,-0.0349194,0.0108333,801.027
63967,0.185115,-0.0349194,0.0125,800.953
63968,0.185115,-0.0349194,0.0141667,800.918
63969,0.185115,-0.0349194,0.0158333,800.9
63970,0.185115,-0.0349194,0.0175,800.903
63971,0.185115,-0.0349194,0.0191667,800.921
63972,0.185115,-0.0349194,0.0208333,800.91
63973,0.185115,-0.0349194,0.0225,800.87
63974,0.185115,-0.0349194,0.0241667,800.874
63975,0.185115,-0.0349194,0.0258333,800.906
63976,0.185115,-0.0349194,0.0275,800.954
63977,0.185115,-0.0349194,0.0291667,801.0
63978,0.185115,-0.0349194,0.0308333,801.099
63979,0.185115,-0.0349194,0.0325,801.185
63980,0.185115,-0.0349194,0.0341667,801.16
63981,0.185115,-0.0349194,0.0358333,801.021
63982,0.185115,-0.0349194,0.0375,800.577
63983,0.185115,-0.0349194,0.0391667,800.214
64176,0.1818,-0.0348403,0.000833333,800.201
64177,0.1818,-0.0348403,0.0025,800.625
64178,0.1818,-0.0348403,0.00416667,801.113
64179,0.1818,-0.0348403,0.00583333,801.285
64180,0.1818,-0.0348403,0.0075,801.289
64181,0.1818,-0.0348403,0.00916667,801.18
64182,0.1818,-0.0348403,0.0108333,801.056
64183,0.1818,-0.0348403,0.0125,800.992
64184,0.1818,-0.0348403,0.0141667,800.952
64185,0.1818,-0.0348403,0.0158333,800.926
64186,0.1818,-0.0348403,0.0175,800.928
64187,0.1818,-0.0348403,0.0191667,800.954
64188,0.1818,-0.0348403,0.0208333,800.933
64189,0.1818,-0.0348403,0.0225,800.896
64190,0.1818,-0.0348403,0.0241667,800.913
64191,0.1818,-0.0348403,0.0258333,800.917
64192,0.1818,-0.0348403,0.0275,800.979
64193,0.1818,-0.0348403,0.0291667,801.029
64194,0.1818,-0.0348403,0.0308333,801.145
64195,0.1818,-0.0348403,0.0325,801.25
64196,0.1818,-0.0348403,0.0341667,801.243
64197,0.1818,-0.0348403,0.0358333,801.089
64198,0.1818,-0.0348403,0.0375,800.631
64199,0.1818,-0.0348403,0.0391667,800.184
64464,0.282995,-0.0351334,0.000833333,809.856
64465,0.282995,-0.0351334,0.0025,805.47
64466,0.282995,-0.0351334,0.00416667,806.355
64467,0.282995,-0.0351334,0.00583333,811.772
64468,0.282995,-0.0351334,0.0075,813.463
64469,0.282995,-0.0351334,0.00916667,814.044
64470,0.282995,-0.0351334,0.0108333,815.587
64471,0.282995,-0.0351334,0.0125,822.319
64472,0.282995,-0.0351334,0.0141667,831.044
64473,0.282995,-0.0351334,0.0158333,826.316
64474,0.282995,-0.0351334,0.0175,815.185
64475,0.282995,-0.0351334,0.0191667,813.413
64476,0.282995,-0.0351334,0.0208333,812.544
64477,0.282995,-0.0351334,0.0225,806.945
64478,0.282995,-0.0351334,0.0241667,806.786
64479,0.282995,-0.0351334,0.0258333,812.57
64480,0.282995,-0.0351334,0.0275,824.292
64481,0.282995,-0.0351334,0.0291667,824.424
64482,0.282995,-0.0351334,0.0308333,817.39
64483,0.282995,-0.0351334,0.0325,812.341
64484,0.282995,-0.0351334,0.0341667,811.154
64485,0.282995,-0.0351334,0.0358333,808.314
64486,0.282995,-0.0351334,0.0375,805.973
64487,0.282995,-0.0351334,0.0391667,809.113
66312,0.18611,-0.0346813,0.000833333,800.175
66313,0.18611,-0.0346813,0.0025,800.508
66314,0.18611,-0.0346813,0.00416667,800.922
66315,0.18611,-0.0346813,0.00583333,801.077
66316,0.18611,-0.0346813,0.0075,801.112
66317,0.18611,-0.0346813,0.00916667,801.045
66318,0.18611,-0.0346813,0.0108333,800.959
66319,0.18611,-0.0346813,0.0125,800.921
66320,0.18611,-0.0346813,0.0141667,800.89
66321,0.18611,-0.0346813,0.0158333,800.876
66322,0.18611,-0.0346813,0.0175,800.881
66323,0.18611,-0.0346813,0.0191667,800.914
66324,0.18611,-0.0346813,0.0208333,800.891
66325,0.18611,-0.0346813,0.0225,800.855
66326,0.18611,-0.0346813,0.0241667,800.859
66327,0.18611,-0.0346813,0.0258333,800.864
66328,0.18611,-0.0346813,0.0275,800.909
66329,0.18611,-0.0346813,0.0291667,800.931
66330,0.18611,-0.0346813,0.0308333,801.023
66331,0.18611,-0.0346813,0.0325,801.082
66332,0.18611,-0.0346813,0.0341667,801.057
66333,0.18611,-0.0346813,0.0358333,800.9
66334,0.18611,-0.0346813,0.0375,800.499
66335,0.18611,-0.0346813,0.0391667,800.166
73272,0.21983,-0.0347772,0.000833333,800.843
73273,0.21983,-0.0347772,0.0025,800.423
73274,0.21983,-0.0347772,0.00416667,800.647
73275,0.21983,-0.0347772,0.00583333,800.746
73276,0.21983,-0.0347772,0.0075,800.788
73277,0.21983,-0.0347772,0.00916667,800.761
73278,0.21983,-0.0347772,0.0108333,800.754
73279,0.21983,-0.0347772,0.0125,800.755
73280,0.21983,-0.0347772,0.0141667,800.745
73281,0.21983,-0.0347772,0.0158333,800.749
73282,0.21983,-0.0347772,0.0175,800.754
73283,0.21983,-0.0347772,0.0191667,800.775
73284,0.21983,-0.0347772,0.0208333,800.768
73285,0.21983,-0.0347772,0.0225,800.739
73286,0.21983,-0.0347772,0.0241667,800.728
73287,0.21983,-0.0347772,0.0258333,800.74
73288,0.21983,-0.0347772,0.0275,800.748
73289,0.21983,-0.0347772,0.0291667,800.731
73290,0.21983,-0.0347772,0.0308333,800.749
73291,0.21983,-0.0347772,0.0325,800.744
73292,0.21983,-0.0347772,0.0341667,800.717
73293,0.21983,-0.0347772,0.0358333,800.631
73294,0.21983,-0.0347772,0.0375,800.422
73295,0.21983,-0.0347772,0.0391667,800.845
