cell,x,y,z,|U|
12,0.145304,-0.0379707,0.0208333,0.6295843169710829
36,0.145208,-0.0371009,0.0208333,0.5695302075626297
60,0.185426,-0.0332282,0.0208333,0.597483145005487
84,0.296693,0.00331288,0.0208333,0.9982125444256587
108,0.277042,-0.0333881,0.0208333,0.14075591937666423
132,0.228235,-0.0382527,0.0208333,0.6308485003288924
156,0.128807,0.0307335,0.0208333,0.3109852633017645
180,0.208602,-0.0352868,0.0208333,0.7223948426822214
204,0.158079,-0.0347657,0.0208333,0.16648695273377426
228,0.266256,-0.0326058,0.0208333,0.45300716249824996
252,0.163555,-0.0355416,0.0208333,0.11202766224462421
276,0.150256,0.000464203,0.0208333,0.8694821801579662
300,0.242513,-0.0395007,0.0208333,0.4191918702222119
324,0.202914,-0.03055,0.0208333,0.8367181883244682
348,0.277863,-0.0375449,0.0208333,0.20430109542687813
372,0.110891,-0.0276906,0.0208333,0.2993288675953592
396,0.15093,0.00334498,0.0208333,0.6818264728138347
420,0.237547,-0.0166334,0.0208333,0.7879253706349528
444,0.228846,-0.0378651,0.0208333,0.6308674111366461
468,0.180302,-0.0166059,0.0208333,0.8989506935272615
492,0.213819,-0.0298638,0.0208333,0.8654412059389873
516,0.103508,-0.0379953,0.0208333,0.18585138516851474
540,0.230376,-0.0116481,0.0208333,0.7246561295981806
564,0.10357,-0.0372795,0.0208333,0.2117940260973599
588,0.220627,-0.0341082,0.0208333,0.7776663285926633
612,0.173033,-0.0117028,0.0208333,0.901959053086292
636,0.164208,-0.0362611,0.0208333,0.08869084586375811
660,0.111698,-0.035808,0.0208333,0.5163147269164637
684,0.159337,-0.0375491,0.0208333,0.19345522560412395
708,0.293403,0.0029454,0.0208333,0.8966383769765058
732,0.167153,-0.0383052,0.0208333,0.03647763227238851
756,0.299779,-0.00430972,0.0208333,1.1774811359927593
780,0.285456,-0.0354217,0.0208333,0.23446377298825935
804,0.257525,-0.0378092,0.0208333,0.3250367055212073
828,0.273112,-0.0390968,0.0208333,0.1175616681651998
852,0.393445,-3.43071e-05,0.0208333,1.2119371073435965
876,0.162058,0.0158209,0.0208333,0.12017343801424049
900,0.00657236,8.21203e-05,0.0208333,1.1616000037303005
924,0.227686,-0.0129659,0.0208333,0.7309302189958182
948,0.288125,0.00542793,0.0208333,0.6643778822617714
972,0.296701,-0.0375621,0.0208333,0.17534615913378312
996,0.170214,-0.0127943,0.0208333,0.9155036155473661
1020,0.267275,-0.0317902,0.0208333,0.45474979225561224
1044,0.178374,-0.0394614,0.0208333,0.25003747997942327
1068,0.211161,-0.0325784,0.0208333,0.8144035444936941
1092,0.286303,-0.0347367,0.0208333,0.23515921608531526
1116,0.289195,-0.0353526,0.0208333,0.2424571135541294
1140,0.130596,0.0334678,0.0208333,0.32006919410984014
1164,0.153258,-0.0372522,0.0208333,0.3931709595613318
1188,0.29973,-0.00725692,0.0208333,1.1905308068136498
1212,0.100607,-0.00746075,0.0208333,1.1921460376961648
1236,0.207693,-0.0355151,0.0208333,0.7190948230863566
1260,0.29243,0.0269648,0.0208333,0.14327552555006876
1284,0.182891,-0.0348843,0.0208333,0.504986688772853
1308,0.290327,0.0290931,0.0208333,0.14413973331380245
1332,0.224157,0.0311805,0.0208333,0.5186700323352157
1356,0.107761,-0.0358856,0.0208333,0.4203281584958354
1380,0.153524,-0.0363368,0.0208333,0.3404772724164511
1404,0.264291,-0.0311274,0.0208333,0.5457256544042142
1428,0.118637,-0.0394789,0.0208333,0.6893463979415458
1452,0.132268,-0.0278647,0.0208333,0.11016638338970922
1476,0.166495,-0.0379355,0.0208333,0.040709463548904694
1500,0.181224,-0.0319515,0.0208333,0.6033638194244058
1524,0.238456,-0.0319689,0.0208333,0.7785244401167386
1548,0.223123,-0.0394567,0.0208333,0.5426575102524822
1572,0.129908,-0.0376427,0.0208333,0.7719833708033229
1596,0.0991255,0.000870588,0.0208333,1.2163658653328833
1620,0.277332,-0.0381505,0.0208333,0.1915179867071824
1644,0.210274,-0.0278717,0.0208333,0.8968689639255761
1668,0.130692,-0.0375732,0.0208333,0.7698409563327726
1692,0.201605,-0.0299571,0.0208333,0.8344188137631708
1716,0.191401,-0.0375319,0.0208333,0.5042843655918073
1740,0.109507,0.0290987,0.0208333,0.21083735610328191
1764,0.191628,-0.0368587,0.0208333,0.5465214162162603
1788,0.254791,-0.0182872,0.0208333,0.758630621333433
1812,0.197569,-0.0182529,0.0208333,0.8817784670117921
1836,0.10743,0.0269694,0.0208333,0.19317295447381966
1860,0.257456,-0.0369852,0.0208333,0.40518392671526604
1884,0.223519,-0.0348568,0.0208333,0.7581640021111378
1908,0.147529,-0.0366256,0.0208333,0.5099731370604033
1932,0.133823,-0.0270229,0.0208333,0.15769033661577236
1956,0.290755,0.0234336,0.0208333,0.1423736924983917
1980,0.285927,0.0139769,0.0208333,0.3511283457994486
2004,0.222322,0.0337467,0.0208333,0.535470602505745
2028,0.247648,-0.037889,0.0208333,0.5008923431816961
2052,0.120881,-0.0301759,0.0208333,0.25677154100652605
2076,0.138599,-0.0358064,0.0208333,0.5921993934409039
2100,0.188238,-0.0284356,0.0208333,0.7996166666781487
2124,0.159936,-0.0381257,0.0208333,0.18622038810872882
2148,0.114928,-0.0358919,0.0208333,0.5824443484248474
2172,0.195457,-0.0378456,0.0208333,0.5421131598352055
2196,0.138654,-0.0367325,0.0208333,0.6644307022891679
2220,0.256222,-0.0207909,0.0208333,0.7590483889293606
2244,0.199002,-0.0207595,0.0208333,0.8937229830124591
2268,0.286368,-0.0230134,0.0208333,0.2298202263884752
2292,0.124304,-0.0312678,0.0208333,0.3175304725193159
2316,0.141717,-0.0353047,0.0208333,0.5290054900872192
2340,0.15838,-0.0376692,0.0208333,0.22462174690299447
2364,0.17895,-0.019445,0.0208333,0.9144772185618388
2388,0.236198,-0.0194721,0.0208333,0.8320856821785446
2412,0.229573,-0.0350335,0.0208333,0.7322815154946609
2436,0.292851,0.0210238,0.0208333,0.16389330492845153
2460,0.255153,-0.03821,0.0208333,0.371014274505993
2484,0.276448,-0.0342135,0.0208333,0.15821715846879567
2508,0.177628,-0.0390305,0.0208333,0.24400626179921078
2532,0.126179,-0.0366706,0.0208333,0.7314416192533929
2556,0.229033,-0.032901,0.0208333,0.7933216031126887
2580,0.171798,-0.0329697,0.0208333,0.4004571687235915
2604,0.146801,-0.0370693,0.0208333,0.5369459583500485
2628,0.269193,-0.0336271,0.0208333,0.2925486549911997
2652,0.235112,0.0316164,0.0208333,0.5070016031750898
2676,0.247401,-0.032654,0.0208333,0.6912645350677363
2700,0.109207,0.0233701,0.0208333,0.21789898947675365
2724,0.263776,0.030356,0.0208333,0.3335926103227188
2748,0.114572,-0.0339734,0.0208333,0.508785378623487
2772,0.207255,-0.0330505,0.0208333,0.7804629734990345
2796,0.255567,-0.0344958,0.0208333,0.5489115650166527
2820,0.198339,-0.0344906,0.0208333,0.6844814746789323
2844,0.289603,-0.019327,0.0208333,0.29359654555081194
2868,0.161684,-0.0350667,0.0208333,0.14131737097179697
2892,0.292569,-0.0381106,0.0208333,0.24863547173852404
2916,0.288451,-0.037577,0.0208333,0.2593928192572416
2940,0.203897,-0.0364614,0.0208333,0.6601477983506342
2964,0.136084,0.030576,0.0208333,0.31443859370804644
2988,0.11545,-0.0366929,0.0208333,0.6307189406732866
3012,0.160954,-0.037809,0.0208333,0.14877907968482162
3036,0.290265,-0.0336563,0.0208333,0.24427283873564412
3060,0.283809,-0.0365603,0.0208333,0.24501039360276128
3084,0.247601,-0.0256535,0.0208333,0.7945526601604382
3108,0.190438,-0.0257246,0.0208333,0.8803666943233998
3132,0.131439,-0.0306755,0.0208333,0.2336321209615844
3156,0.256226,-0.0334434,0.0208333,0.5658446505837623
3180,0.246225,-0.0236405,0.0208333,0.8109455890700723
3204,0.125448,-0.0367568,0.0208333,0.731154448209314
3228,0.198987,-0.0334518,0.0208333,0.7243945169456344
3252,0.189019,-0.0236542,0.0208333,0.8929708297739941
3276,0.107185,0.0210191,0.0208333,0.21319574582532386
3300,0.115383,-0.0349897,0.0208333,0.5514023593284206
3324,0.121029,-0.0381812,0.0208333,0.7399159344247275
3348,0.212138,-0.0318659,0.0208333,0.8229155444693107
3372,0.288505,-0.0219,0.0208333,0.22346826027353411
3396,0.260432,0.030432,0.0208333,0.3572774920914427
3420,0.109075,0.0173301,0.0208333,0.17564710400863887
3444,0.141911,-0.0230909,0.0208333,0.501307874228875
3468,0.166957,0.0249445,0.0208333,0.273904069556059
3492,0.123085,-0.0309741,0.0208333,0.31083280618040127
3516,0.206216,-0.0364987,0.0208333,0.6672665617619933
3540,0.107562,-0.0368356,0.0208333,0.401878169815435
3564,0.10714,0.0149963,0.0208333,0.14669729212850385
3588,0.268336,-0.034521,0.0208333,0.28486455333537025
3612,0.171814,-0.0354414,0.0208333,0.28755230942135074
3636,0.117308,0.0328993,0.0208333,0.2750255596590499
3660,0.101222,-0.00466687,0.0208333,1.2380362097560338
3684,0.281294,-0.0352249,0.0208333,0.21461160599534218
3708,0.2879,-0.0381328,0.0208333,0.2571774348045722
3732,0.172719,-0.0339166,0.0208333,0.3930810232050243
3756,0.229947,-0.0339277,0.0208333,0.7665156008550735
3780,0.166333,-0.0337991,0.0208333,0.27921318019910185
3804,0.288253,-0.0347046,0.0208333,0.24059747381552035
3828,0.23372,0.0341371,0.0208333,0.5431691000821242
3852,0.293399,-0.0344964,0.0208333,0.22672881035300743
3876,0.392157,-0.00281492,0.0208333,1.099606994797772
3900,0.282656,0.0329027,0.0208333,0.2252075118254915
3924,0.180181,-0.0316036,0.0208333,0.6002700909781383
3948,0.206843,-0.0369549,0.0208333,0.6675994065975911
3972,0.237433,-0.0316223,0.0208333,0.7820472372320164
3996,0.291318,-0.0336066,0.0208333,0.2405071821120941
4020,0.246406,-0.0328008,0.0208333,0.6960208442265537
4044,0.160025,0.018476,0.0208333,0.16340321310724462
4068,0.255885,-0.0377767,0.0208333,0.363569603762078
4092,0.159059,-0.0182896,0.0208333,0.9168661839126357
4116,0.249964,-0.02909,0.0208333,0.7495849497234426
4140,0.192891,-0.0291247,0.0208333,0.7981635441045012
4164,0.151819,-0.0340289,0.0208333,0.25540093648749845
4188,0.120386,-0.0376805,0.0208333,0.7325577785280685
4212,0.221458,-0.0355916,0.0208333,0.7314622953127705
4236,0.287862,0.0114887,0.0208333,0.44460158224250046
4260,0.157449,-0.0354259,0.0208333,0.1859186312621476
4284,0.241772,-0.0391811,0.0208333,0.42994462024124475
4308,0.258281,-0.0382689,0.0208333,0.2932361234683756
4332,0.291861,-0.0376313,0.0208333,0.25359305686721784
4356,0.255458,-0.0321977,0.0208333,0.6201598521343111
4380,0.134331,-0.0250293,0.0208333,0.2538828603746667
4404,0.198221,-0.0322037,0.0208333,0.7542780921217405
4428,0.200904,-0.0363926,0.0208333,0.6427583811037636
4452,0.157775,-0.0368967,0.0208333,0.21623537445914903
4476,0.116918,-0.0366467,0.0208333,0.6548121817490955
4500,0.0980835,-0.00219865,0.0208333,1.2186048825983988
4524,0.282,-0.0333818,0.0208333,0.2012077926861681
4548,0.221565,-0.0344917,0.0208333,0.7738887889018593
4572,0.115228,-0.0328425,0.0208333,0.4473485870866979
4596,0.240847,-0.0297966,0.0208333,0.8022275175037529
4620,0.183527,-0.0298564,0.0208333,0.7154038407261564
4644,0.258084,-0.0363447,0.0208333,0.41385725932186856
4668,0.116299,-0.0369904,0.0208333,0.6437336605376531
4692,0.216884,-0.0345375,0.0208333,0.7625366984291025
4716,0.139521,0.0305133,0.0208333,0.31267564276221366
4740,0.240766,-0.0162478,0.0208333,0.7807547950043761
4764,0.206641,-0.0316503,0.0208333,0.8208789600137938
4788,0.153852,-0.0379246,0.0208333,0.39779829924175153
4812,0.231049,-0.0360576,0.0208333,0.7038197740586394
4836,0.108963,0.0114098,0.0208333,0.634878219331127
4860,0.218268,-0.032876,0.0208333,0.8041553531838039
4884,0.161009,-0.0331288,0.0208333,0.2467782702602033
4908,0.297249,-0.00277518,0.0208333,1.1153623497815632
4932,0.183524,-0.0162169,0.0208333,0.8986739868775968
4956,0.284345,-0.0269933,0.0208333,0.11374893488547487
4980,0.2718,-0.02323,0.0208333,0.6563071972105932
5004,0.141087,-0.0358979,0.0208333,0.5615142326291138
5028,0.109236,-0.0346491,0.0208333,0.4549315743835603
5052,0.170161,-0.0377651,0.0208333,0.14658237321380901
5076,0.268787,-0.0322394,0.0208333,0.41987348454102175
5100,0.229454,-0.0315255,0.0208333,0.8235022794561321
5124,0.172191,-0.0315101,0.0208333,0.5100388326491948
5148,0.195513,-0.030597,0.0208333,0.7843876709294852
5172,0.143527,-0.035244,0.0208333,0.49060286888844584
5196,0.195979,-0.0318761,0.0208333,0.7512744752599678
5220,0.252712,-0.0305974,0.0208333,0.6986864333617171
5244,0.170903,-0.0352852,0.0208333,0.285688058165994
5268,0.247566,-0.0210648,0.0208333,0.7940993353834215
5292,0.119693,-0.0296851,0.0208333,0.24215564117909788
5316,0.150044,-0.0345584,0.0208333,0.31645513688088434
5340,0.19033,-0.0210339,0.0208333,0.9051752499094532
5364,0.162718,-0.0311458,0.0208333,0.36399566737079503
5388,0.219919,-0.0309765,0.0208333,0.8435019670552559
5412,0.132098,-0.0360907,0.0208333,0.6826869612774862
5436,0.170275,-0.0344902,0.0208333,0.29783532306653315
5460,0.25318,-0.0318786,0.0208333,0.6480271028957283
5484,0.185086,-0.0322124,0.0208333,0.6218082766855287
5508,0.107034,0.00921981,0.0208333,0.7540221957334362
5532,0.00785919,0.00286118,0.0208333,1.162330233648955
5556,0.169763,-0.038333,0.0208333,0.10761449631829394
5580,0.210468,-0.0345291,0.0208333,0.7569160492159102
5604,0.28595,-0.0267531,0.0208333,0.1537328115182312
5628,0.270827,-0.0350802,0.0208333,0.08244893772509686
5652,0.00789732,-0.00274129,0.0208333,1.1623201908571004
5676,0.162055,-0.0339765,0.0208333,0.2082105172528113
5700,0.109469,-0.0281786,0.0208333,0.3590580572122809
5724,0.163956,-0.0322021,0.0208333,0.33688739816881824
5748,0.220885,-0.0320596,0.0208333,0.8289583945405807
5772,0.148216,-0.0352988,0.0208333,0.40414314993854583
5796,0.117886,-0.0391013,0.0208333,0.6813844413307883
5820,0.227599,-0.0344783,0.0208333,0.7497148592816472
5844,0.288435,-0.000985116,0.0208333,0.8255837224930385
5868,0.259769,-0.0392104,0.0208333,0.13494359602806685
5892,0.217642,-0.0352817,0.0208333,0.7501038447054336
5916,0.175698,-0.0362993,0.0208333,0.31227868417427146
5940,0.200273,-0.0355434,0.0208333,0.6601665142125851
5964,0.169633,-0.0363638,0.0208333,0.20982084375924143
5988,0.172578,-0.0350138,0.0208333,0.31436824123424634
6012,0.284334,-0.0370891,0.0208333,0.24842238994416344
6036,0.257535,-0.035466,0.0208333,0.471710969727962
6060,0.149357,-0.0338429,0.0208333,0.27829298670985225
6084,0.280987,-0.0340845,0.0208333,0.19702158504451228
6108,0.108801,-0.03565,0.0208333,0.44982815142214133
6132,0.28481,-0.033144,0.0208333,0.2211330016411517
6156,0.144728,-0.0336668,0.0208333,0.3447859077935176
6180,0.232867,-0.0382111,0.0208333,0.6211802683377529
6204,0.228314,-0.0303946,0.0208333,0.8413648228621491
6228,0.171049,-0.0303784,0.0208333,0.5182622120746163
6252,0.108498,-0.0337696,0.0208333,0.43969384297778846
6276,0.152825,-0.0346387,0.0208333,0.26429975616250057
6300,0.143215,-0.0206135,0.0208333,0.7643524564653841
6324,0.152688,-0.035713,0.0208333,0.3310189203093411
6348,0.269937,-0.0311571,0.0208333,0.4253676090963674
6372,0.243305,-0.0390457,0.0208333,0.4194572964185943
6396,0.102454,-0.0354466,0.0208333,0.2503024985233355
6420,0.189833,-0.0277271,0.0208333,0.8123744857023554
6444,0.231729,-0.035645,0.0208333,0.7048270044511352
6468,0.2935,-0.036453,0.0208333,0.22916457608341215
6492,0.297258,-0.0382311,0.0208333,0.14849341112338957
6516,0.102809,-0.0383554,0.0208333,0.13549905561997877
6540,0.293597,-0.0371507,0.0208333,0.22981787904827075
6564,0.126618,-0.0381353,0.0208333,0.7841025191593065
6588,0.292525,-0.0351246,0.0208333,0.2346665511826941
6612,0.107018,-0.0351588,0.0208333,0.40404420279431424
6636,0.279149,-0.0319547,0.0208333,0.14250530040928303
6660,0.286122,0.0081257,0.0208333,0.5443940927224187
6684,0.284096,-0.033952,0.0208333,0.21965378400264357
6708,0.287333,-0.0352427,0.0208333,0.23908468627814708
6732,0.220247,-0.0331929,0.0208333,0.8026355428625479
6756,0.129223,-0.0362212,0.0208333,0.693061417114286
6780,0.18648,-0.0279443,0.0208333,0.7951011162256048
6804,0.243694,-0.02785,0.0208333,0.8006412163603206
6828,0.147247,-0.0337285,0.0208333,0.30899839711047045
6852,0.142613,-0.0335282,0.0208333,0.37698266571702527
6876,0.242713,-0.0261225,0.0208333,0.8218804433476392
6900,0.213643,-0.0155668,0.0208333,0.8038495151337414
6924,0.185513,-0.0261544,0.0208333,0.8264991732297287
6948,0.190998,-0.0361783,0.0208333,0.5554928812279077
6972,0.126834,-0.037391,0.0208333,0.7674393841440724
6996,0.223894,-0.0390101,0.0208333,0.5440380231864539
7020,0.248577,-0.0377366,0.0208333,0.49387026776990334
7044,0.195877,-0.0384971,0.0208333,0.5179518270750849
7068,0.230193,-0.0358979,0.0208333,0.7062794039838074
7092,0.123294,-0.0277805,0.0208333,0.06449667047170365
7116,0.193829,-0.0305541,0.0208333,0.7783482413705064
7140,0.204302,-0.030024,0.0208333,0.8440289190156397
7164,0.250921,-0.0305675,0.0208333,0.7078136931789194
7188,0.135906,-0.0355149,0.0208333,0.6221478493742223
7212,0.392134,0.00278821,0.0208333,1.309911693823502
7236,0.201463,-0.0382201,0.0208333,0.5867280617276373
7260,0.179706,-0.0302199,0.0208333,0.635314021326981
7284,0.236958,-0.0302406,0.0208333,0.8131391183622592
7308,0.165053,0.0275817,0.0208333,0.2951303838105865
7332,0.112203,-0.0351487,0.0208333,0.5192471940277574
7356,0.182444,-0.0283839,0.0208333,0.7203849605682409
7380,0.239684,-0.0283965,0.0208333,0.8200034409712158
7404,0.28709,-0.0328619,0.0208333,0.23466091583431614
7428,0.11319,-0.0351775,0.0208333,0.5387327070601403
7452,0.10553,-0.0295205,0.0208333,0.4297465402189626
7476,0.292135,-0.0327722,0.0208333,0.23998848632874034
7500,0.209886,-0.0321843,0.0208333,0.8150447223663055
7524,0.114434,-0.0316473,0.0208333,0.4034912546241273
7548,0.198649,-0.0354277,0.0208333,0.6564824686299334
7572,0.116672,-0.0299269,0.0208333,0.28040677355888216
7596,0.162428,-0.0357775,0.0208333,0.10349362448075862
7620,0.255917,-0.0354246,0.0208333,0.49320231653946484
7644,0.200784,-0.0345967,0.0208333,0.7027137934295936
7668,0.272358,-0.0395142,0.0208333,0.10667161294487773
7692,0.258002,-0.034595,0.0208333,0.4982096067265125
7716,0.27003,-0.0224145,0.0208333,0.6821946717380337
7740,0.289401,-0.032877,0.0208333,0.24423253739315734
7764,0.174232,-0.03555,0.0208333,0.31708506602889325
7788,0.217605,-0.0377519,0.0208333,0.6488759667625986
7812,0.207702,-0.0303759,0.0208333,0.84831194423503
7836,0.250455,-0.0390135,0.0208333,0.36958187776408474
7860,0.273211,-0.0383247,0.0208333,0.15485584998022
7884,0.119152,-0.0280959,0.0208333,0.16630104114914615
7908,0.251987,-0.0182839,0.0208333,0.7651170452074718
7932,0.153296,-0.0321062,0.0208333,0.23121006044131032
7956,0.194758,-0.0182504,0.0208333,0.8780275559512406
7980,0.161499,-0.0384054,0.0208333,0.14547565912586236
8004,0.282436,-0.01963,0.0208333,0.5599459691992077
8028,0.139538,-0.0353578,0.0208333,0.5656880921546166
8052,0.280439,-0.0312734,0.0208333,0.14948306706637376
8076,0.292155,-0.0239826,0.0208333,0.25290292273597964
8100,0.160002,0.0359185,0.0208333,0.34182615547533807
8124,0.199395,-0.0357931,0.0208333,0.653898726541835
8148,0.259824,-0.0384785,0.0208333,0.229433186974081
8172,0.22059,-0.0360524,0.0208333,0.7283793041472593
8196,0.251157,-0.039027,0.0208333,0.3588923563153236
8220,0.26862,-0.0355552,0.0208333,0.13548630339045345
8244,0.102605,-0.0347435,0.0208333,0.2738240744030884
8268,0.286094,-0.033586,0.0208333,0.22867335984799367
8292,0.157292,0.0359791,0.0208333,0.3429504382574603
8316,0.256701,-0.035707,0.0208333,0.47835843072749484
8340,0.180098,-0.0216356,0.0208333,0.8988865572192847
8364,0.237345,-0.021662,0.0208333,0.8403677945945425
8388,0.260127,-0.0300413,0.0208333,0.6307556701474043
8412,0.294409,-0.018062,0.0208333,0.420498373989496
8436,0.270184,-0.0358676,0.0208333,0.07666068810922584
8460,0.258887,-0.0296967,0.0208333,0.6364211952507289
8484,0.190022,-0.0363379,0.0208333,0.546440244364789
8508,0.225537,-0.0330672,0.0208333,0.8056703213658237
8532,0.222742,-0.034009,0.0208333,0.7756711453430386
8556,0.250944,-0.0273763,0.0208333,0.7562166405536279
8580,0.19377,-0.0274286,0.0208333,0.8584695847943037
8604,0.148262,-0.0342768,0.0208333,0.3215502671691405
8628,0.143591,-0.0341444,0.0208333,0.3897894548161846
8652,0.216395,-0.0364615,0.0208333,0.7130346340333631
8676,0.183249,-0.03573,0.0208333,0.4777058114730518
8700,0.158076,-0.0362284,0.0208333,0.18111533096087726
8724,0.137681,-0.0353325,0.0208333,0.5915896901203591
8748,0.176047,-0.0370611,0.0208333,0.2963458985204555
8772,0.169464,-0.037112,0.0208333,0.16078317154167598
8796,0.235602,-0.0137108,0.0208333,0.7537107922311681
8820,0.231617,-0.0297689,0.0208333,0.8393124668719809
8844,0.174358,-0.0297482,0.0208333,0.6153740393868979
8868,0.294348,-0.0349844,0.0208333,0.2173587641701121
8892,0.223021,-0.0301405,0.0208333,0.859623837533653
8916,0.165816,-0.0301905,0.0208333,0.49087064056403706
8940,0.210712,-0.0296631,0.0208333,0.8619721612178107
8964,0.222376,-0.0390258,0.0208333,0.5476421767529915
8988,0.178357,-0.0136806,0.0208333,0.8928017510856
9012,0.196496,-0.0292204,0.0208333,0.8311875069932
9036,0.25371,-0.029224,0.0208333,0.7045296862907277
9060,0.117636,-0.0311655,0.0208333,0.3257192226570664
9084,0.256208,-0.0308826,0.0208333,0.6397847056524878
9108,0.198964,-0.0308979,0.0208333,0.8051108654269007
9132,0.157926,-0.0383331,0.0208333,0.2615515791408725
9156,0.164702,-0.0289241,0.0208333,0.5095921771995706
9180,0.222021,-0.0289098,0.0208333,0.8740270844787509
9204,0.129306,-0.0254359,0.0208333,0.14006327105262428
9228,0.145481,-0.0343603,0.0208333,0.37633804622473405
9252,0.271286,-0.0145969,0.0208333,0.730417111412583
9276,0.13291,-0.0231284,0.0208333,0.2965171307308398
9300,0.211639,-0.0265764,0.0208333,0.9011926518902627
9324,0.269294,-0.0359923,0.0208333,0.0754708824483986
9348,0.150967,-0.0346394,0.0208333,0.29120565663809833
9372,0.292616,-0.0361296,0.0208333,0.23630298073509357
9396,0.275808,-0.0297829,0.0208333,0.29852478367601243
9420,0.119922,0.0313157,0.0208333,0.2914342010262558
9444,0.170514,-0.0361947,0.0208333,0.22324387031247442
9468,0.287708,-0.016611,0.0208333,0.5143098684803646
9492,0.294358,-0.035936,0.0208333,0.21503960224299426
9516,0.141588,-0.0341911,0.0208333,0.426283485501023
9540,0.216824,0.0307925,0.0208333,0.4969288763644656
9564,0.280541,-0.0358413,0.0208333,0.21128251711985066
9588,0.293252,-0.0258348,0.0208333,0.25594262104872256
9612,0.125474,-0.0305417,0.0208333,0.28061655818919695
9636,0.119384,-0.039048,0.0208333,0.706049969443879
9660,0.131589,-0.0355902,0.0208333,0.6613459534448941
9684,0.29158,0.00624515,0.0208333,0.687245013886986
9708,0.276613,-0.0323517,0.0208333,0.08054061526540507
9732,0.203428,-0.0370977,0.0208333,0.6348398645053007
9756,0.299066,-0.0284878,0.0208333,0.1728806641134699
9780,0.136964,-0.0206773,0.0208333,0.5510427860303865
9804,0.126662,-0.0359584,0.0208333,0.6938897731877823
9828,0.156444,-0.0378234,0.0208333,0.30899309867456975
9852,0.157872,-0.0340016,0.0208333,0.17258829779640686
9876,0.264968,-0.0300713,0.0208333,0.5531325371622821
9900,0.133713,-0.0356894,0.0208333,0.6586015462109299
9924,0.168892,-0.0356604,0.0208333,0.2213483202316541
9948,0.196755,-0.0354051,0.0208333,0.6384320053658804
9972,0.113814,-0.0359081,0.0208333,0.5648463429254561
9996,0.253978,-0.0353967,0.0208333,0.5314793925167801
10020,0.288219,-0.0334745,0.0208333,0.23836924644647428
10044,0.248881,-0.0368506,0.0208333,0.5392165248281864
10068,0.293335,-0.0332872,0.0208333,0.23155603479669884
10092,0.110104,-0.0322042,0.0208333,0.4241057927771737
10116,0.154202,-0.0330289,0.0208333,0.20385889311882327
10140,0.232603,-0.0143589,0.0208333,0.7584723444736291
10164,0.213191,-0.0326014,0.0208333,0.8176977803646492
10188,0.162916,-0.0379551,0.0208333,0.09193906203644674
10212,0.175255,-0.0144243,0.0208333,0.897234416891949
10236,0.247339,-0.0385919,0.0208333,0.4588024406648578
10260,0.162366,-0.0384345,0.0208333,0.117354881512174
10284,0.173474,-0.0282958,0.0208333,0.6396390225873206
10308,0.230733,-0.0283171,0.0208333,0.860462690668498
10332,0.214329,-0.0285502,0.0208333,0.8882290526459367
10356,0.282249,-0.0356084,0.0208333,0.22192112049187657
10380,0.279763,0.0313934,0.0208333,0.23801385072774736
10404,0.267779,-0.0291884,0.0208333,0.5358668486726396
10428,0.266715,-0.0303214,0.0208333,0.5347150156810994
10452,0.113984,-0.0170434,0.0208333,0.37576181690589266
10476,0.229741,-0.0367439,0.0208333,0.6823586755882605
10500,0.246012,-0.0185182,0.0208333,0.7885415039643048
10524,0.143129,-0.0384596,0.0208333,0.6786929212208928
10548,0.143775,-0.0380211,0.0208333,0.6604680906819287
10572,0.154478,-0.036008,0.0208333,0.30143612942443854
10596,0.188774,-0.0184854,0.0208333,0.9048932661878794
10620,0.18109,-0.033907,0.0208333,0.5203212861643423
10644,0.283015,-0.0262215,0.0208333,0.16800276270008183
10668,0.160686,-0.0353563,0.0208333,0.1144077660108264
10692,0.123872,-0.0365515,0.0208333,0.7152718666968112
10716,0.18835,-0.0357995,0.0208333,0.5471672468263457
10740,0.256743,-0.0154556,0.0208333,0.7436198339866594
10764,0.215629,-0.0358656,0.0208333,0.7235925185301889
10788,0.18263,-0.0364734,0.0208333,0.4323431362558495
10812,0.24734,-0.0303103,0.0208333,0.7543413217321902
10836,0.156349,-0.0202894,0.0208333,0.8289586764820538
10860,0.124912,-0.0277567,0.0208333,0.060799684354855006
10884,0.189359,-0.0356088,0.0208333,0.5569525449760006
10908,0.287444,-0.0362715,0.0208333,0.25183293591148875
10932,0.199495,-0.0154059,0.0208333,0.8311551053537168
10956,0.283792,-0.0223513,0.0208333,0.37183440684698615
10980,0.273187,-0.0116141,0.0208333,0.7273891601213633
11004,0.28911,-0.0363074,0.0208333,0.25146823502557936
11028,0.144371,-0.0357419,0.0208333,0.49518367110937295
11052,0.202408,-0.0355435,0.0208333,0.6794932228094929
11076,0.17457,-0.0345719,0.0208333,0.3871178677587626
11100,0.231881,-0.0346806,0.0208333,0.7439573671971857
11124,0.151933,-0.0327227,0.0208333,0.2138322528841524
11148,0.142677,-0.0357413,0.0208333,0.5212363886849942
11172,0.259594,-0.0355533,0.0208333,0.4221797434462394
11196,0.243754,-0.0335464,0.0208333,0.7010529848384579
11220,0.183572,-0.0340516,0.0208333,0.5533082528135115
11244,0.130033,-0.0357218,0.0208333,0.6801215515215613
11268,0.15459,-0.0378449,0.0208333,0.3732270835587546
11292,0.187114,-0.0368579,0.0208333,0.4899534379294597
11316,0.222189,-0.036142,0.0208333,0.7227825832022274
11340,0.187683,-0.0350978,0.0208333,0.5560102976977318
11364,0.166824,0.0309862,0.0208333,0.33179670461656563
11388,0.266782,-0.0354259,0.0208333,0.2613176620637771
11412,0.215796,-0.0348988,0.0208333,0.7596547305502515
11436,0.108696,0.00550196,0.0208333,1.1708950068104744
11460,0.172486,-0.0368147,0.0208333,0.24239335780908602
11484,0.137094,-0.0367865,0.0208333,0.6861249090947995
11508,0.159854,-0.026568,0.0208333,0.6138848818999899
11532,0.281886,-0.0319909,0.0208333,0.17814402037219773
11556,0.217091,-0.0333603,0.0208333,0.8023404798726153
11580,0.122313,-0.0259457,0.0208333,0.03366208905042584
11604,0.193259,-0.0319038,0.0208333,0.7211913089497932
11628,0.25036,-0.0319248,0.0208333,0.678789834571034
11652,0.267271,-0.0361875,0.0208333,0.12797091737578503
11676,0.262284,-0.0284479,0.0208333,0.6347118802582189
11700,0.205051,-0.0285779,0.0208333,0.878204782735647
11724,0.218142,-0.0383478,0.0208333,0.6304863925274823
11748,0.228494,-0.0352,0.0208333,0.7341874060945949
11772,0.227765,-0.0332851,0.0208333,0.7937019025151646
11796,0.170569,-0.0333049,0.0208333,0.3906516835602074
11820,0.233661,-0.0378327,0.0208333,0.6208321171706171
11844,0.1283,-0.0357732,0.0208333,0.6864718104933469
11868,0.1612,-0.0317133,0.0208333,0.3191829906216182
11892,0.218502,-0.0314528,0.0208333,0.8425634893365392
11916,0.265554,-0.0382193,0.0208333,0.04780601483798874
11940,0.163271,-0.0257993,0.0208333,0.6685845434800044
11964,0.109269,-0.0389937,0.0208333,0.39737267029483403
11988,0.276306,-0.0357848,0.0208333,0.1776442266289251
12012,0.159142,-0.0156399,0.0208333,0.9881239837988967
12036,0.206445,-0.0339522,0.0208333,0.7519434316444752
12060,0.270514,-0.0339649,0.0208333,0.23739341027899236
12084,0.216195,-0.0372057,0.0208333,0.6776115652636432
12108,0.10859,-0.0390203,0.0208333,0.3868511977428542
12132,0.122132,-0.0366363,0.0208333,0.7074888484132508
12156,0.271498,-0.036849,0.0208333,0.14727959462702225
12180,0.213462,0.0308137,0.0208333,0.48979358057483474
12204,0.286489,0.0019248,0.0208333,0.7057335378422833
12228,0.136902,-0.0358715,0.0208333,0.6178976846918021
12252,0.134364,0.0333978,0.0208333,0.3200693886217431
12276,0.197235,-0.0362218,0.0208333,0.6185074903677743
12300,0.202195,-0.0378731,0.0208333,0.5920193757417826
12324,0.204819,-0.0363589,0.0208333,0.6647639929740904
12348,0.22678,-0.0349142,0.0208333,0.7488195665259254
12372,0.254517,-0.0362781,0.0208333,0.47953641607152714
12396,0.21732,-0.0362389,0.0208333,0.7155163328334687
12420,0.291894,-0.000781741,0.0208333,0.8880279431667677
12444,0.291102,-0.0381796,0.0208333,0.25649098972332346
12468,0.224224,-0.0299998,0.0208333,0.8596511059412463
12492,0.176164,-0.0353858,0.0208333,0.37287265095188543
12516,0.206865,-0.0350203,0.0208333,0.7215556602141705
12540,0.233539,-0.0353224,0.0208333,0.7173674704908477
12564,0.169144,-0.0346962,0.0208333,0.28164703311185957
12588,0.130374,-0.0273292,0.0208333,0.09687971850671791
12612,0.160504,-0.0363239,0.0208333,0.11398565042039327
12636,0.171899,-0.0364149,0.0208333,0.24323636118749103
12660,0.233196,-0.0362597,0.0208333,0.6864327124752462
12684,0.156947,-0.0384095,0.0208333,0.29684834545993277
12708,0.111317,-0.0160149,0.0208333,0.3267658959091814
12732,0.228282,-0.036261,0.0208333,0.6992023487402457
12756,0.112639,-0.0336491,0.0208333,0.480809770638847
12780,0.286596,-0.036737,0.0208333,0.250496344742593
12804,0.162965,-0.0294458,0.0208333,0.4802553976903092
12828,0.220309,-0.0293828,0.0208333,0.8749370193138759
12852,0.10692,-0.0290172,0.0208333,0.4095822188958189
12876,0.267363,-0.0376847,0.0208333,0.08462709690383807
12900,0.13533,-0.0361499,0.0208333,0.655103538964569
12924,0.124745,-0.0361288,0.0208333,0.7117773565327943
12948,0.271934,-0.0352828,0.0208333,0.09694604117229336
12972,0.144358,-0.0366838,0.0208333,0.5766747381262449
12996,0.167006,-0.0300019,0.0208333,0.4868903854884095
13020,0.117085,-0.0358184,0.0208333,0.6116925427258357
13044,0.16123,-0.0369235,0.0208333,0.11420435472344345
13068,0.214697,-0.0361862,0.0208333,0.7211769730933463
13092,0.208848,-0.0345536,0.0208333,0.7402669824291918
13116,0.179156,-0.0390353,0.0208333,0.26522522734354664
13140,0.277461,-0.0301661,0.0208333,0.18448306745108073
13164,0.200469,-0.0371359,0.0208333,0.6099154252085451
13188,0.174788,-0.0363432,0.0208333,0.30123920062960946
13212,0.265705,0.0329532,0.0208333,0.3536238005715254
13236,0.252389,-0.0383464,0.0208333,0.4051424269540112
13260,0.272186,-0.0361948,0.0208333,0.15368805728552887
13284,0.198165,-0.0228017,0.0208333,0.9156656356389635
13308,0.25539,-0.0228468,0.0208333,0.769229505954035
13332,0.15201,-0.038291,0.0208333,0.47060638013969336
13356,0.276578,-0.0365555,0.0208333,0.18558714670968163
13380,0.170388,0.031401,0.0208333,0.33749728502925486
13404,0.111296,-0.0260998,0.0208333,0.27650941411381
13428,0.248248,-0.0361637,0.0208333,0.5762486777308105
13452,0.163868,-0.0348134,0.0208333,0.17258732134116406
13476,0.117602,-0.0382863,0.0208333,0.6860752430607546
13500,0.271266,-0.0317668,0.0208333,0.37362582188676413
13524,0.107319,-0.0340437,0.0208333,0.41610140721202676
13548,0.201891,-0.0363594,0.0208333,0.646650318757067
13572,0.164383,-0.0377308,0.0208333,0.05078863623896688
13596,0.113493,-0.034145,0.0208333,0.49503082038622365
13620,0.109403,-0.0364123,0.0208333,0.4714354336051885
13644,0.15251,-0.0387501,0.0208333,0.45831857684671
13668,0.122974,-0.0361378,0.0208333,0.7046232077325018
13692,0.258996,-0.0364063,0.0208333,0.40545764005160834
13716,0.162155,-0.0366666,0.0208333,0.09168022263225586
13740,0.118038,-0.0377066,0.0208333,0.7036980666817189
13764,0.166384,-0.032668,0.0208333,0.3389796547187362
13788,0.105983,-0.0354177,0.0208333,0.373855617844355
13812,0.177881,-0.0324151,0.0208333,0.5504959366081318
13836,0.235141,-0.0324314,0.0208333,0.7789847084330707
13860,0.106708,0.0034911,0.0208333,1.229226691112656
13884,0.132893,-0.0361679,0.0208333,0.67689585056189
13908,0.213892,-0.0356338,0.0208333,0.7286234845179916
13932,0.156154,-0.0363415,0.0208333,0.25582498967267153
13956,0.181814,-0.0365044,0.0208333,0.4255397302823816
13980,0.105667,-0.0363486,0.0208333,0.3386967849116199
14004,0.293678,-0.0289416,0.0208333,0.23873666219560832
14028,0.215312,-0.0374898,0.0208333,0.6748579953403465
14052,0.130273,-0.030202,0.0208333,0.22716515256442832
14076,0.175764,-0.0298356,0.0208333,0.6173893727103346
14100,0.23302,-0.0298559,0.0208333,0.8368599002581304
14124,0.274797,-0.0308604,0.0208333,0.2919562641527666
14148,0.186454,-0.0361851,0.0208333,0.4994159280411473
14172,0.127683,-0.0315001,0.0208333,0.32093184651816486
14196,0.240488,-0.0312405,0.0208333,0.7736216464588481
14220,0.283053,-0.0340472,0.0208333,0.2106808908175822
14244,0.282292,-0.0365503,0.0208333,0.2368888679227667
14268,0.246646,-0.0356436,0.0208333,0.611978741589529
14292,0.121272,-0.0362248,0.0208333,0.6947091382461198
14316,0.154662,-0.0350006,0.0208333,0.2458575556644727
14340,0.293212,-0.037803,0.0208333,0.23969538152199032
14364,0.24435,-0.0377753,0.0208333,0.543415380110769
14388,0.118525,-0.0350989,0.0208333,0.5988278933794168
14412,0.151807,-0.036101,0.0208333,0.36695233278696526
14436,0.270603,-0.0367245,0.0208333,0.13628465068513768
14460,0.243761,-0.023898,0.0208333,0.8175238969714951
14484,0.186557,-0.0239189,0.0208333,0.8903159745686001
14508,0.205395,-0.0369047,0.0208333,0.6604605393094144
14532,0.215338,-0.0382152,0.0208333,0.6161764981231808
14556,0.286646,-0.0374565,0.0208333,0.2570697919916885
14580,0.143046,-0.0249006,0.0208333,0.45754609934396295
14604,0.210585,-0.0147067,0.0208333,0.8024100515885737
14628,0.17153,-0.0286764,0.0208333,0.6347583159669693
14652,0.228793,-0.0286964,0.0208333,0.8632575306200265
14676,0.246847,-0.0273409,0.0208333,0.7927892319970061
14700,0.185973,-0.0310212,0.0208333,0.6918195244333419
14724,0.141651,-0.0179378,0.0208333,0.8032102418469407
14748,0.108838,-0.0325515,0.0208333,0.42233502261079897
14772,0.237948,-0.0378821,0.0208333,0.5924875994539521
14796,0.160484,0.0127353,0.0208333,0.05621987515772069
14820,0.129228,-0.0370267,0.0208333,0.7609628735662706
14844,0.165472,-0.0344696,0.0208333,0.2248172760212725
14868,0.269488,-0.0295749,0.0208333,0.5159625968627153
14892,0.15683,0.0121435,0.0208333,0.11617262801904973
14916,0.290868,-0.028612,0.0208333,0.24205222337755214
14940,0.264129,-0.0391845,0.0208333,0.057866028463900133
14964,0.295891,-0.0376442,0.0208333,0.19139828023639607
14988,0.13641,-0.0372481,0.0208333,0.7036436927809071
15012,0.284058,-0.016752,0.0208333,0.5861671212121079
15036,0.193883,-0.0356596,0.0208333,0.6013201605420974
15060,0.14279,-0.0367108,0.0208333,0.6036411523677638
15084,0.200224,-0.0335237,0.0208333,0.7274764894767862
15108,0.257456,-0.0335092,0.0208333,0.5580218079424294
15132,0.251103,-0.0356992,0.0208333,0.5590068394377293
15156,0.252641,-0.0364021,0.0208333,0.5066850315015883
15180,0.194462,-0.0363758,0.0208333,0.5891341517604404
15204,0.165201,-0.0362228,0.0208333,0.09669016006711799
15228,0.186724,-0.0353238,0.0208333,0.5462332469847767
15252,0.116651,-0.0383528,0.0208333,0.6762679344315252
15276,0.148014,-0.0178716,0.0208333,0.933395740601156
15300,0.163894,-0.0334151,0.0208333,0.2770216992214516
15324,0.271859,-0.037694,0.0208333,0.15199117706577578
15348,0.192911,0.0361998,0.0208333,0.46543593866290783
15372,0.17743,-0.0313389,0.0208333,0.5827497111608364
15396,0.234686,-0.0313585,0.0208333,0.8050511988083094
15420,0.183116,-0.031267,0.0208333,0.6247611623267407
15444,0.225297,-0.0341269,0.0208333,0.7629973992053076
15468,0.2473,-0.0363524,0.0208333,0.5821707995422141
15492,0.116191,-0.0378647,0.0208333,0.6614146391700753
15516,0.183264,-0.0262945,0.0208333,0.8196190542181341
15540,0.240497,-0.0263011,0.0208333,0.8279877848593239
15564,0.197229,-0.0344531,0.0208333,0.6788532237805599
15588,0.237808,-0.0286544,0.0208333,0.8251649698026686
15612,0.180559,-0.0286341,0.0208333,0.717306898741387
15636,0.254457,-0.0344608,0.0208333,0.5567961157402581
15660,0.21458,-0.0370662,0.0208333,0.67757727776199
15684,0.18805,-0.0366982,0.0208333,0.5001218836217604
15708,0.156483,-0.0354613,0.0208333,0.21472641692811967
15732,0.214749,-0.0309625,0.0208333,0.8481661988645136
15756,0.112843,-0.0317314,0.0208333,0.3923184991964935
15780,0.115101,-0.0301528,0.0208333,0.28911229727386023
15804,0.209365,-0.0307623,0.0208333,0.8505435900623827
15828,0.159823,-0.0336014,0.0208333,0.18318504930709287
15852,0.195928,-0.0370588,0.0208333,0.5767351937409684
15876,0.211059,-0.0371647,0.0208333,0.6798972533893523
15900,0.117326,-0.0281902,0.0208333,0.17247328718938187
15924,0.195625,0.036253,0.0208333,0.46767016926152943
15948,0.176731,-0.0372164,0.0208333,0.302412716541371
15972,0.2093,-0.0330972,0.0208333,0.7865507967698461
15996,0.251697,-0.036521,0.0208333,0.5133679031880553
16020,0.164731,0.0333365,0.0208333,0.3366036581114852
16044,0.215829,-0.0139671,0.0208333,0.7958361332337163
16068,0.12732,-0.017504,0.0208333,0.6304389725264773
16092,0.116709,-0.0101943,0.0208333,0.9483414433828616
16116,0.148182,-0.0273987,0.0208333,0.40442592242741326
16140,0.262511,-0.0358586,0.0208333,0.3397240233518589
16164,0.195395,-0.0363077,0.0208333,0.5956404526972815
16188,0.297169,-0.0367704,0.0208333,0.15658810396364725
16212,0.249892,-0.0255141,0.0208333,0.7865883316445986
16236,0.192709,-0.025553,0.0208333,0.8868241224486454
16260,0.157054,-0.0226398,0.0208333,0.7936989244221382
16284,0.294858,-0.0155635,0.0208333,0.46310361616507595
16308,0.201931,-0.0346299,0.0208333,0.7065161165816959
16332,0.259149,-0.0346208,0.0208333,0.49008121136814076
16356,0.108298,-0.0374646,0.0208333,0.42452895115296013
16380,0.19726,-0.0378235,0.0208333,0.5592090691714731
16404,0.266157,-0.037817,0.0208333,0.04241354626463696
16428,0.183108,-0.0370978,0.0208333,0.4239231973376108
16452,0.279439,-0.0194873,0.0208333,0.6132013640998852
16476,0.21851,0.0335023,0.0208333,0.533334548507956
16500,0.286935,-0.0254397,0.0208333,0.15964868105703223
16524,0.264189,-0.0286008,0.0208333,0.6274005885334132
16548,0.206973,-0.0286846,0.0208333,0.8808098311709168
16572,0.177708,-0.0360824,0.0208333,0.3717641795218867
16596,0.276634,-0.0114072,0.0208333,0.7332887761951675
16620,0.118009,-0.0358063,0.0208333,0.6214712159365051
16644,0.132529,-0.0297694,0.0208333,0.1875492382344967
16668,0.127578,-0.0362524,0.0208333,0.6986725500814599
16692,0.235035,-0.0359674,0.0208333,0.6914262506648471
16716,0.120125,-0.0261891,0.0208333,0.05264424206930516
16740,0.165144,-0.0377577,0.0208333,0.04089306965648336
16764,0.245709,-0.035847,0.0208333,0.6173899807796233
16788,0.141673,-0.0384054,0.0208333,0.698709122582856
16812,0.261929,-0.0366068,0.0208333,0.32845993626429026
16836,0.255477,-0.0124318,0.0208333,0.7106590395972197
16860,0.219048,-0.0335329,0.0208333,0.8010061773522119
16884,0.21733,-0.0288935,0.0208333,0.8854780392871802
16908,0.213834,-0.0386096,0.0208333,0.6023181165811717
16932,0.282149,-0.0383541,0.0208333,0.2412924739619742
16956,0.158778,-0.0332569,0.0208333,0.20711692387983707
16980,0.19822,-0.0123799,0.0208333,0.7741872840534955
17004,0.280691,-0.0367357,0.0208333,0.22593134412449284
17028,0.104048,-0.0358267,0.0208333,0.2960974523761399
17052,0.169685,-0.030951,0.0208333,0.4915109336302029
17076,0.113558,-0.0367936,0.0208333,0.5820510447755565
17100,0.13219,-0.0379694,0.0208333,0.7861319276340555
17124,0.170954,-0.0376164,0.0208333,0.1658520884361801
17148,0.1165,-0.0350132,0.0208333,0.566211004592919
17172,0.147441,-0.0357314,0.0208333,0.4370736102416055
17196,0.295267,-0.0363283,0.0208333,0.2020126943694876
17220,0.104707,-0.0364657,0.0208333,0.3046282629464786
17244,0.203411,-0.0356359,0.0208333,0.6836440091889707
17268,0.245448,-0.0367234,0.0208333,0.5857750328294145
17292,0.278366,-0.023605,0.0208333,0.5276929917301252
17316,0.260597,-0.0356428,0.0208333,0.4157478100735498
17340,0.156086,0.00926968,0.0208333,0.3606288685751889
17364,0.12546,0.0307164,0.0208333,0.3097370507124871
17388,0.135111,-0.0298745,0.0208333,0.1717562187060777
17412,0.195791,-0.0354682,0.0208333,0.632252761168742
17436,0.253019,-0.0354616,0.0208333,0.5385029308000655
17460,0.211689,-0.036781,0.0208333,0.683142120476931
17484,0.243898,-0.0362851,0.0208333,0.6181749206712308
17508,0.164909,-0.0139296,0.0208333,0.9740574875621538
17532,0.146144,-0.0204949,0.0208333,0.732426557339538
17556,0.25301,-0.0379247,0.0208333,0.40064641235780624
17580,0.192924,-0.0357981,0.0208333,0.5938858109850845
17604,0.248031,-0.0317253,0.0208333,0.7008732194529671
17628,0.192592,-0.0366575,0.0208333,0.5543924302404778
17652,0.29017,-0.0240777,0.0208333,0.2240569072518185
17676,0.266944,-0.0382581,0.0208333,0.08271932863780991
17700,0.2529,-0.0274805,0.0208333,0.7494455779329419
17724,0.19569,-0.0274814,0.0208333,0.8636892976478544
17748,0.151693,-0.036985,0.0208333,0.4285677424528006
17772,0.250146,-0.0358377,0.0208333,0.5654103729280656
17796,0.249813,-0.0366997,0.0208333,0.5323202238046457
17820,0.248159,-0.0289151,0.0208333,0.7570626795842077
17844,0.198266,-0.0293607,0.0208333,0.836147027841122
17868,0.255496,-0.0293605,0.0208333,0.6968069006449883
17892,0.21306,-0.0360095,0.0208333,0.7246692513564339
17916,0.247322,-0.0155786,0.0208333,0.7551703698784152
17940,0.122315,-0.0296135,0.0208333,0.22957545242209587
17964,0.162118,-0.0135217,0.0208333,0.9830717602260813
17988,0.298465,-0.0298623,0.0208333,0.17414492270247214
18012,0.12692,-0.0254213,0.0208333,0.13779494278990362
18036,0.190085,-0.015543,0.0208333,0.8481849812490498
18060,0.226959,-0.0309699,0.0208333,0.8414912281945747
18084,0.185313,-0.0295571,0.0208333,0.725692401628298
18108,0.24264,-0.0294286,0.0208333,0.7964424955602569
18132,0.29183,-0.0366799,0.0208333,0.24400344973907645
18156,0.130414,-0.0232789,0.0208333,0.3074409094393841
18180,0.205163,-0.0314051,0.0208333,0.8195431233387
18204,0.118052,-0.0202489,0.0208333,0.26821077119297426
18228,0.213462,-0.0380438,0.0208333,0.6397955444892517
18252,0.23929,-0.0369332,0.0208333,0.646339252355082
18276,0.278678,-0.0376694,0.0208333,0.21029550503676106
18300,0.139547,-0.0342791,0.0208333,0.46508455607894833
18324,0.204499,-0.03338,0.0208333,0.7552609646585717
18348,0.273829,-0.0357831,0.0208333,0.16866078110079413
18372,0.134117,-0.020599,0.0208333,0.5722200777048888
18396,0.292512,-0.0277823,0.0208333,0.24407775594898032
18420,0.260989,-0.0365234,0.0208333,0.33534345759469
18444,0.147026,-0.0282393,0.0208333,0.2675546310630597
18468,0.246089,-0.0373592,0.0208333,0.5517305838907175
18492,0.208432,-0.0334425,0.0208333,0.7819635537524733
18516,0.240277,-0.0343664,0.0208333,0.6953589504761835
18540,0.143976,-0.00763414,0.0208333,1.1152174530261811
18564,0.244559,-0.0369189,0.0208333,0.5903581341501922
18588,0.122916,-0.0351829,0.0208333,0.6221026290021607
18612,0.132411,-0.00766552,0.0208333,1.1792309908038487
18636,0.260422,-0.0372067,0.0208333,0.32508447814386277
18660,0.131752,-0.0346837,0.0208333,0.5770297069001981
18684,0.129966,-0.034708,0.0208333,0.5914925281679928
18708,0.25167,-0.0381588,0.0208333,0.41283855847017314
18732,0.290025,-0.0349018,0.0208333,0.2423965796967647
18756,0.121215,-0.0352833,0.0208333,0.6202622443129777
18780,0.196803,-0.0370361,0.0208333,0.5822890045055379
18804,0.240618,-0.038532,0.0208333,0.5288735923346335
18828,0.209716,-0.0342084,0.0208333,0.7563363868059552
18852,0.133713,-0.0346629,0.0208333,0.5596823563017262
18876,0.124686,-0.0351603,0.0208333,0.6225228438851522
18900,0.128221,-0.0348158,0.0208333,0.6058471446306282
18924,0.250375,-0.0374251,0.0208333,0.48853749930254653
18948,0.128545,-0.0381907,0.0208333,0.7851176986055387
18972,0.137584,-0.0343045,0.0208333,0.4953589854056829
18996,0.135699,-0.0344712,0.0208333,0.5330710303343614
19020,0.2199,-0.0356216,0.0208333,0.7312610618374953
19044,0.126464,-0.0350244,0.0208333,0.6235222328904108
19068,0.173507,-0.0385724,0.0208333,0.19580979648194036
19092,0.125137,-0.0376943,0.0208333,0.766231245280013
19116,0.110942,-0.0329706,0.0208333,0.44258874309693963
19140,0.237242,-0.0383264,0.0208333,0.5937978702184831
19164,0.255922,-0.0369449,0.0208333,0.43556489179762464
19188,0.118427,-0.0127514,0.0208333,0.881817216917905
19212,0.165551,-0.0369949,0.0208333,0.0664179469645035
19236,0.267193,-0.034441,0.0208333,0.317600217180672
19260,0.20617,-0.035607,0.0208333,0.7063898981046131
19284,0.278987,-0.0362381,0.0208333,0.2008538520580315
19308,0.147286,-0.0226929,0.0208333,0.7008322510306284
19332,0.222932,-0.0141368,0.0208333,0.7669214786482074
19356,0.263698,-0.0368345,0.0208333,0.2212797749478691
19380,0.218975,-0.0281785,0.0208333,0.8864422385198424
19404,0.173867,-0.0336377,0.0208333,0.40576701476359
19428,0.263401,-0.0359965,0.0208333,0.33495065288455866
19452,0.231121,-0.0337445,0.0208333,0.7643004431326976
19476,0.146621,-0.0147355,0.0208333,1.0097928431616898
19500,0.139441,-0.0371569,0.0208333,0.6638846097470579
19524,0.138514,-0.0180837,0.0208333,0.8312286286461372
19548,0.174397,-0.0371696,0.0208333,0.2577944179676436
19572,0.239498,-0.0317733,0.0208333,0.7766368411605679
19596,0.296815,-0.0360796,0.0208333,0.17017234261113057
19620,0.137875,-0.0228009,0.0208333,0.5001602481920343
19644,0.228909,-0.0369405,0.0208333,0.6844643925620467
19668,0.259433,-0.037179,0.0208333,0.33508909475675996
19692,0.285638,-0.0363933,0.0208333,0.246735066308865
19716,0.108108,-0.0382592,0.0208333,0.37298862620653045
19740,0.109099,-0.0372769,0.0208333,0.4486820833601629
19764,0.128378,-0.0374329,0.0208333,0.7680995197454928
19788,0.112227,-0.0327785,0.0208333,0.44641914167353675
19812,0.247004,-0.0371916,0.0208333,0.5456135532675376
19836,0.243438,-0.0380952,0.0208333,0.547808814850973
19860,0.129487,-0.0383804,0.0208333,0.7835484825578466
19884,0.151112,-0.0384935,0.0208333,0.4984383113596923
19908,0.142319,-0.0380132,0.0208333,0.6848065060967983
19932,0.15888,-0.0253996,0.0208333,0.6385430904330037
19956,0.149559,-0.0325934,0.0208333,0.2175200337385228
19980,0.237952,-0.0370972,0.0208333,0.647117176817066
20004,0.233832,-0.0369573,0.0208333,0.666429867567716
20028,0.238665,-0.0366213,0.0208333,0.6509902278905824
20052,0.127651,-0.0371066,0.0208333,0.7650135433759662
20076,0.254407,-0.0378565,0.0208333,0.3875404999409002
20100,0.179188,-0.0366376,0.0208333,0.37276959483661604
20124,0.163871,-0.0383166,0.0208333,0.07085264202105947
20148,0.236523,-0.0366498,0.0208333,0.6609454966773173
20172,0.260634,-0.0380155,0.0208333,0.2210312038413581
20196,0.202425,-0.0370881,0.0208333,0.6308549855023953
20220,0.289198,-0.0133807,0.0208333,0.5828065040495344
20244,0.261474,-0.0296506,0.0208333,0.6273467106007369
20268,0.177516,-0.0382306,0.0208333,0.28311290430055797
20292,0.223687,-0.0365946,0.0208333,0.7026705663737696
20316,0.220483,-0.0135289,0.0208333,0.7661029304304817
20340,0.167757,-0.0379104,0.0208333,0.07319067466762484
20364,0.241538,-0.0384706,0.0208333,0.5219063611305209
20388,0.245307,-0.0280362,0.0208333,0.795206500385567
20412,0.274714,-0.0361197,0.0208333,0.17440546664528608
20436,0.288279,-0.0366882,0.0208333,0.25268111810948596
20460,0.173215,-0.0379496,0.0208333,0.2066501746597493
20484,0.153601,-0.0145579,0.0208333,1.0282966972586436
20508,0.147236,-0.0324788,0.0208333,0.22369831006678637
20532,0.118064,-0.0342446,0.0208333,0.5467286820322055
20556,0.267879,-0.0144387,0.0208333,0.73028677064238
20580,0.251303,-0.0373848,0.0208333,0.481010982607147
20604,0.142627,-0.0322687,0.0208333,0.28013568514414744
20628,0.292373,-0.0194396,0.0208333,0.31224662392226116
20652,0.122194,-0.0373477,0.0208333,0.7488249332130504
20676,0.144895,-0.0324107,0.0208333,0.25522238337031805
20700,0.141846,-0.00915582,0.0208333,1.1391966387077217
20724,0.177418,0.031612,0.0208333,0.36144771517570573
20748,0.163111,-0.033959,0.0208333,0.2001564873249742
20772,0.284522,-0.031806,0.0208333,0.20503031579932368
20796,0.104326,-0.0317575,0.0208333,0.39773030220400607
20820,0.273104,-0.036392,0.0208333,0.16506557890199275
20844,0.238209,-0.0339659,0.0208333,0.7299854898921754
20868,0.104047,-0.0288507,0.0208333,0.4443452531575311
20892,0.156819,-0.0369744,0.0208333,0.2555721005991008
20916,0.24024,-0.0379662,0.0208333,0.5817003952607218
20940,0.174831,-0.0379153,0.0208333,0.24603286429115034
20964,0.232916,-0.0344832,0.0208333,0.7417133884224514
20988,0.175592,-0.0344516,0.0208333,0.3972944626791704
21012,0.185569,-0.0363468,0.0208333,0.4884605126051158
21036,0.243424,-0.0308454,0.0208333,0.7652097061958125
21060,0.227911,0.0315857,0.0208333,0.5170676623903321
21084,0.223072,-0.03589,0.0208333,0.7236865192844084
21108,0.185505,-0.018877,0.0208333,0.9015797743747609
21132,0.242746,-0.0189073,0.0208333,0.7964868448706169
21156,0.298463,0.000575019,0.0208333,1.119043846345732
21180,0.186877,-0.0375187,0.0208333,0.45736646291822886
21204,0.264071,-0.038407,0.0208333,0.07888409148041194
21228,0.286984,-0.0315156,0.0208333,0.22882642406622977
21252,0.240326,-0.0334176,0.0208333,0.7315124527108261
21276,0.289489,-0.0313912,0.0208333,0.24310280753217475
21300,0.292021,-0.0313307,0.0208333,0.24611312587273762
21324,0.140252,-0.0359129,0.0208333,0.5797844206227606
21348,0.177148,-0.0352994,0.0208333,0.3829120265572165
21372,0.234474,-0.03522,0.0208333,0.7152323449597351
21396,0.28207,-0.0137806,0.0208333,0.7308934011938455
21420,0.155234,-0.0366301,0.0208333,0.2959902432400921
21444,0.266181,-0.0169567,0.0208333,0.7355860978722754
21468,0.225237,-0.0115071,0.0208333,0.7201093453079976
21492,0.289452,-0.0277653,0.0208333,0.23549548980183974
21516,0.200733,-0.0378802,0.0208333,0.5842989089790537
21540,0.258255,0.0330504,0.0208333,0.4062934353737925
21564,0.222274,-0.0316967,0.0208333,0.8286879259869182
21588,0.165317,-0.0317686,0.0208333,0.3584771652564159
21612,0.197031,-0.0324222,0.0208333,0.7475063225000398
21636,0.224451,-0.0347648,0.0208333,0.7578860138854396
21660,0.254253,-0.0324253,0.0208333,0.6268730278863571
21684,0.123908,-0.0372656,0.0208333,0.7580045163383693
21708,0.158186,-0.0323767,0.0208333,0.2506666426199007
21732,0.205324,-0.0355151,0.0208333,0.703901338969457
21756,0.259069,-0.0379686,0.0208333,0.28302081281090286
21780,0.235952,-0.0358902,0.0208333,0.6890258091304005
21804,0.178672,-0.0359298,0.0208333,0.38504037250151435
21828,0.213977,-0.034611,0.0208333,0.7643330367493836
21852,0.217959,-0.0368863,0.0208333,0.6957190570992189
21876,0.27221,-0.0176584,0.0208333,0.7148290083317493
21900,0.132261,-0.0372698,0.0208333,0.7357621130478604
21924,0.244664,-0.0332682,0.0208333,0.6982548672965322
21948,0.158575,-0.0312062,0.0208333,0.3205730267932927
21972,0.150676,-0.0380008,0.0208333,0.50193105111762
21996,0.110298,-0.0378795,0.0208333,0.47497680543580495
22020,0.109588,-0.0380449,0.0208333,0.4596925509212923
22044,0.134477,-0.036186,0.0208333,0.6654277041582278
22068,0.243022,-0.0365224,0.0208333,0.6225465941724605
22092,0.257759,-0.0309683,0.0208333,0.6322369562994345
22116,0.120484,-0.0367165,0.0208333,0.6942008831878568
22140,0.224012,-0.0381044,0.0208333,0.6362522996129419
22164,0.259429,-0.0160169,0.0208333,0.7362403962794607
22188,0.150531,-0.0185446,0.0208333,0.9122839570116014
22212,0.202169,-0.0159898,0.0208333,0.8331318582781101
22236,0.272096,-0.0311802,0.0208333,0.3725342814456812
22260,0.204313,-0.0323939,0.0208333,0.7932722822661276
22284,0.27543,-0.0355652,0.0208333,0.17533276533600328
22308,0.262792,-0.0119794,0.0208333,0.7116672219651068
22332,0.193163,-0.0380002,0.0208333,0.506433031131959
22356,0.242772,-0.0374761,0.0208333,0.5725570945786215
22380,0.133988,-0.0103137,0.0208333,1.1238804879146813
22404,0.283001,-0.0369741,0.0208333,0.24146903636574193
22428,0.279639,-0.0355668,0.0208333,0.20347507467181333
22452,0.110283,-0.0363809,0.0208333,0.4900069737198038
22476,0.156071,-0.0308378,0.0208333,0.3349699039955127
22500,0.290957,-0.0363532,0.0208333,0.24609912247490845
22524,0.143628,-0.0371554,0.0208333,0.6006314587247767
22548,0.146441,-0.034371,0.0208333,0.3493105063495852
22572,0.153524,-0.0306459,0.0208333,0.29604947592364145
22596,0.277932,-0.0215381,0.0208333,0.6039883132661509
22620,0.223392,-0.0374753,0.0208333,0.662339446382149
22644,0.246942,0.0333557,0.0208333,0.4764370501797929
22668,0.280301,-0.0297312,0.0208333,0.07949627687615314
22692,0.28145,-0.0379662,0.0208333,0.23793551804911348
22716,0.171925,0.0340449,0.0208333,0.3613169517958663
22740,0.294539,-0.0380432,0.0208333,0.21873129269139793
22764,0.200476,-0.0311492,0.0208333,0.8085182275563879
22788,0.102007,-0.0340841,0.0208333,0.2806970093726046
22812,0.261325,-0.0383166,0.0208333,0.20012651195097964
22836,0.277717,-0.0314264,0.0208333,0.08892509253939519
22860,0.224589,-0.0322249,0.0208333,0.8154647246539101
22884,0.18824,0.033602,0.0208333,0.4121547463910502
22908,0.185951,0.0319847,0.0208333,0.40112034151381254
22932,0.223172,-0.032715,0.0208333,0.8150161068049843
22956,0.283845,-0.0356615,0.0208333,0.23105173468314405
22980,0.124469,-0.0377804,0.0208333,0.764899837617604
23004,0.237329,-0.0341235,0.0208333,0.732729712126452
23028,0.301808,0.000977872,0.0208333,1.2183420029581555
23052,0.0971804,0.00334745,0.0208333,1.1934446446299245
23076,0.303186,0.003257,0.0208333,1.2568200377810819
23100,0.126743,-0.0151554,0.0208333,0.7818380677237458
23124,0.182223,-0.0317282,0.0208333,0.6101499924106721
23148,0.178795,-0.0374803,0.0208333,0.3253413456201515
23172,0.180103,-0.0341092,0.0208333,0.5106337474309104
23196,0.238817,-0.0350027,0.0208333,0.6965905843156356
23220,0.253188,-0.0370898,0.0208333,0.47131450768596594
23244,0.224507,-0.0364167,0.0208333,0.7022567003229817
23268,0.111978,-0.0366766,0.0208333,0.5453587492133728
23292,0.184907,-0.012943,0.0208333,0.8163038199823167
23316,0.137562,-0.026061,0.0208333,0.23236166573748263
23340,0.242147,-0.0129768,0.0208333,0.7308309752068961
23364,0.152308,-0.0375124,0.0208333,0.42495468013376014
23388,0.193263,-0.0372333,0.0208333,0.5504875799269808
23412,0.159629,-0.0366329,0.0208333,0.14495255207485966
23436,0.278109,-0.0360456,0.0208333,0.19357674981730866
23460,0.143187,-0.0146831,0.0208333,1.0355901762103015
23484,0.164651,-0.0342695,0.0208333,0.23531469633288435
23508,0.250431,-0.0210333,0.0208333,0.7869850788301995
23532,0.1932,-0.0210032,0.0208333,0.9108014781366579
23556,0.153845,-0.0342551,0.0208333,0.22315068499216822
23580,0.273673,-0.0348876,0.0208333,0.1350450101457288
23604,0.180069,-0.0365643,0.0208333,0.3845059394600376
23628,0.117389,-0.0324058,0.0208333,0.4345212984462442
23652,0.237343,-0.0365668,0.0208333,0.6581225280111956
23676,0.105473,-0.0311248,0.0208333,0.4179691608841314
23700,0.214192,-0.0322068,0.0208333,0.8194345802138453
23724,0.245436,-0.0126967,0.0208333,0.7220633148102088
23748,0.295398,-0.0285369,0.0208333,0.2184101585712075
23772,0.188199,-0.0126607,0.0208333,0.8167341068004338
23796,0.229688,-0.0383351,0.0208333,0.6253713909369156
23820,0.150322,-0.0367609,0.0208333,0.4508721413823684
23844,0.141733,0.0331189,0.0208333,0.3225557057935279
23868,0.144601,-0.0384193,0.0208333,0.6494370033320861
23892,0.104269,-0.034965,0.0208333,0.32593461147495767
23916,0.285552,0.0316871,0.0208333,0.19719646207500682
23940,0.267172,-0.0194029,0.0208333,0.7248447148638155
23964,0.182944,-0.0100036,0.0208333,0.7847300161374647
23988,0.154121,-0.0251773,0.0208333,0.6397321799812191
24012,0.225667,-0.0279176,0.0208333,0.8790637793175672
24036,0.119487,-0.0353474,0.0208333,0.6095411815412668
24060,0.1684,-0.0278966,0.0208333,0.6356398804062682
24084,0.167584,-0.0112682,0.0208333,0.9187836623950825
24108,0.232196,-0.037824,0.0208333,0.6277117679172702
24132,0.240183,-0.0100382,0.0208333,0.6793818166652563
24156,0.116502,-0.0329924,0.0208333,0.45884740299279553
24180,0.12628,-0.0270176,0.0208333,0.04767324480233121
24204,0.0971371,-0.00845059,0.0208333,1.1512692285341066
24228,0.302901,-0.00845941,0.0208333,0.9312591954745135
24252,0.119487,-0.0381165,0.0208333,0.7251574111213103
24276,0.241908,-0.0377161,0.0208333,0.577381925130705
24300,0.244143,-0.0353493,0.0208333,0.6481798050676235
24324,0.102965,-0.0367312,0.0208333,0.20039932143945893
24348,0.107404,-0.012747,0.0208333,0.5421338151406119
24372,0.292633,-0.0131143,0.0208333,0.5737127369744898
24396,0.272373,-0.0288477,0.0208333,0.4815895877607924
24420,0.179616,-0.0103522,0.0208333,0.7872835441125948
24444,0.128345,-0.0307205,0.0208333,0.2797472248993832
24468,0.236857,-0.0103866,0.0208333,0.6884930940569061
24492,0.222493,-0.0270805,0.0208333,0.8905850479604236
24516,0.165104,-0.0270578,0.0208333,0.6415047165107097
24540,0.163477,-0.0236528,0.0208333,0.7695976045036691
24564,0.281331,-0.00171211,0.0208333,0.6971550546431071
24588,0.245018,-0.0383535,0.0208333,0.5089823944643823
24612,0.165815,-0.0163238,0.0208333,0.9654157545516228
24636,0.101733,0.0129322,0.0208333,0.2392827591228856
24660,0.298312,0.0129462,0.0208333,0.23113296849539422
24684,0.290484,-0.0378311,0.0208333,0.25985751803950186
24708,0.297261,-0.035258,0.0208333,0.16125357550516514
24732,0.188719,-0.0372484,0.0208333,0.5000988347200377
24756,0.28291,0.00144954,0.0208333,0.6910346716308904
24780,0.241313,-0.0370317,0.0208333,0.6146853276213488
24804,0.171138,-0.0367942,0.0208333,0.21527873835834904
24828,0.283216,-0.00461856,0.0208333,0.7717635163007726
24852,0.119017,0.00425033,0.0208333,1.112279974582579
24876,0.211327,-0.0338121,0.0208333,0.7677053572065001
24900,0.239649,-0.035068,0.0208333,0.6935761633807895
24924,0.155748,-0.0347425,0.0208333,0.2077788355441826
24948,0.117443,0.00731421,0.0208333,0.970642540844889
24972,0.117156,0.00134631,0.0208333,1.254804232112022
24996,0.275405,-0.0281635,0.0208333,0.4290920996184968
25020,0.250551,0.0235489,0.0208333,0.26975607433296106
25044,0.248747,0.0265719,0.0208333,0.3496494563956914
25068,0.253993,0.0237507,0.0208333,0.23718126494217118
25092,0.25583,0.0209294,0.0208333,0.17387866094140733
25116,0.259283,0.0211218,0.0208333,0.15575226304986906
25140,0.132594,-0.00220562,0.0208333,1.190211218667392
25164,0.261176,0.0182094,0.0208333,0.14274185398208508
25188,0.129365,0.00375366,0.0208333,1.0157261937939293
25212,0.259602,0.0151237,0.0208333,0.17574623230436806
25236,0.240116,0.0230645,0.0208333,0.30557141110213976
25260,0.261486,0.0122174,0.0208333,0.2700595097667727
25284,0.261798,0.00622329,0.0208333,0.4326389075488622
25308,0.132824,0.00358572,0.0208333,1.0124121737069605
25332,0.238292,0.0258954,0.0208333,0.3784130278587703
25356,0.259912,0.00913101,0.0208333,0.31196101812333743
25380,0.243585,0.0232275,0.0208333,0.2826727162575327
25404,0.265258,0.00640207,0.0208333,0.4182263841272022
25428,0.245245,0.0264277,0.0208333,0.3704361971415154
25452,0.127499,0.000856181,0.0208333,1.1796057426927395
25476,0.267147,0.00349164,0.0208333,0.5205596240019582
25500,0.267467,-0.00251155,0.0208333,0.6267261085908962
25524,0.265576,0.000403062,0.0208333,0.546460739527225
25548,0.134448,0.000583056,0.0208333,1.0717978575293259
25572,0.270928,-0.00233727,0.0208333,0.6238923911628512
25596,0.234838,0.025745,0.0208333,0.3914046738632378
25620,0.140996,0.0271952,0.0208333,0.28976643427760257
25644,0.138735,0.0182846,0.0208333,0.10147971350388216
25668,0.262113,0.000226303,0.0208333,0.5541008262722594
25692,0.257065,-0.00304069,0.0208333,0.5919104614389765
25716,0.139082,0.0243041,0.0208333,0.26214517321678193
25740,0.137851,0.000494759,0.0208333,1.066203781003976
25764,0.254877,0.00586458,0.0208333,0.3722925556806912
25788,0.260537,-0.00285793,0.0208333,0.5835789373826077
25812,0.149327,0.0237386,0.0208333,0.25493847690164056
25836,0.130256,0.0216403,0.0208333,0.22421361108181606
25860,0.140609,0.0211978,0.0208333,0.21107747744501307
25884,0.135275,0.0184513,0.0208333,0.061653926763381425
25908,0.128356,0.0187842,0.0208333,0.13359409455848897
25932,0.255179,-0.000135894,0.0208333,0.5101543181703548
25956,0.151064,0.0268492,0.0208333,0.2860584669055842
25980,0.14587,0.0238997,0.0208333,0.25666777768120796
26004,0.256761,0.00295666,0.0208333,0.47472593983238115
26028,0.270288,0.00966787,0.0208333,0.366277463781112
26052,0.123019,0.0160469,0.0208333,0.10186662110509997
26076,0.144328,0.0269476,0.0208333,0.287368039531523
26100,0.133716,0.0214728,0.0208333,0.2191418952148101
26124,0.139476,-0.00254364,0.0208333,1.094521846833694
26148,0.246381,0.00241917,0.0208333,0.44085209061708097
26172,0.266831,0.009489,0.0208333,0.3841013549044846
26196,0.124899,0.0189508,0.0208333,0.10852686252037512
26220,0.272175,0.00676006,0.0208333,0.48763043161435865
26244,0.124603,0.0129675,0.0208333,0.4192301602759742
26268,0.129937,0.0157131,0.0208333,0.18096284128478332
26292,0.128063,0.0128004,0.0208333,0.415174447703257
26316,0.274519,0.0246157,0.0208333,0.12557318147374025
26340,0.269636,0.0215916,0.0208333,0.12411540872328021
26364,0.271061,0.024439,0.0208333,0.15113656291232244
26388,0.271541,0.0187311,0.0208333,0.15215033987933416
26412,0.135649,0.0244124,0.0208333,0.26828782791220573
26436,0.112911,0.0225973,0.0208333,0.24642624548430894
26460,0.274998,0.0189102,0.0208333,0.14306986184064796
26484,0.150566,0.00870962,0.0208333,0.4400478465879322
26508,0.285013,0.0257059,0.0208333,0.10942087915502288
26532,0.14913,0.011655,0.0208333,0.3136946967907289
26556,0.24984,0.00259749,0.0208333,0.4290102577491172
26580,0.21777,0.0189537,0.0208333,0.2219581203250985
26604,0.224341,0.025211,0.0208333,0.39375842266486394
26628,0.219655,0.0160474,0.0208333,0.10618336167114932
26652,0.218399,0.00697956,0.0208333,0.20740689870138504
26676,0.218088,0.0129722,0.0208333,0.025222662643186365
26700,0.220592,-0.00200755,0.0208333,0.4775130883734208
26724,0.220284,0.00407334,0.0208333,0.3015137553266254
26748,0.219973,0.0100659,0.0208333,0.12155793722595519
26772,0.222762,0.022155,0.0208333,0.3091197389575929
26796,0.219302,0.0219757,0.0208333,0.3036550280199615
26820,0.224044,-0.00189696,0.0208333,0.4765105393874915
26844,0.225623,0.00126168,0.0208333,0.4035809086753342
26868,0.218712,0.000983252,0.0208333,0.3806458872388417
26892,0.229081,0.00142637,0.0208333,0.3987081463001657
26916,0.207137,0.0243065,0.0208333,0.3491966745465487
26940,0.197941,-9.68086e-05,0.0208333,0.37103497974133254
26964,0.181918,0.00809345,0.0208333,0.11443371828232146
26988,0.194179,0.0057228,0.0208333,0.1596374375957247
27012,0.229366,-0.00497775,0.0208333,0.5619743942263651
27036,0.203296,-0.00281345,0.0208333,0.4703546410430611
27060,0.198204,-0.0061303,0.0208333,0.5985132207064158
27084,0.187858,-0.00663406,0.0208333,0.6622188149969552
27108,0.161666,-0.00501745,0.0208333,0.8833187393037533
27132,0.173115,0.0106417,0.0208333,0.08811940497571462
27156,0.198906,0.0149823,0.0208333,0.1317574202058165
27180,0.168062,0.00735471,0.0208333,0.21096061144680542
27204,0.192601,0.00263419,0.0208333,0.2680936936591999
27228,0.202059,0.0211271,0.0208333,0.2779437752444349
27252,0.234428,-0.00121724,0.0208333,0.47774504176853844
27276,0.166821,-0.00188946,0.0208333,0.7028319215003701
27300,0.234119,0.00477182,0.0208333,0.3212069896507505
27324,0.171842,0.00146377,0.0208333,0.5191268752675516
27348,0.168397,0.00126675,0.0208333,0.5274741885052501
27372,0.238845,0.0140479,0.0208333,0.12083607251437793
27396,0.248928,0.0205483,0.0208333,0.1816170160101349
27420,0.225317,0.00732679,0.0208333,0.23085993679874925
27444,0.256142,0.0149445,0.0208333,0.17647218340019027
27468,0.255535,0.0268288,0.0208333,0.318629805042652
27492,0.198599,0.0209479,0.0208333,0.26075091903772096
27516,0.17754,0.0257929,0.0208333,0.2946291446061703
27540,0.178149,0.0139065,0.0208333,0.11857587972962672
27564,0.154594,0.026737,0.0208333,0.2862413072192687
27588,0.166501,0.00423664,0.0208333,0.47227840430615514
27612,0.163176,-0.00797332,0.0208333,0.9050186307144755
27636,0.236003,0.00186894,0.0208333,0.41682342570269837
27660,0.249223,0.0145859,0.0208333,0.15140009657272382
27684,0.192296,0.00863052,0.0208333,0.11575861347355539
27708,0.213054,0.00970724,0.0208333,0.11324215432105175
27732,0.21494,0.00680015,0.0208333,0.19825509441411485
27756,0.187565,-0.000631465,0.0208333,0.4344181191476198
27780,0.16336,-0.00200538,0.0208333,0.7142799635542793
27804,0.197021,0.0178887,0.0208333,0.21218480470056664
27828,0.214629,0.012793,0.0208333,0.05309309235452857
27852,0.208667,0.0273069,0.0208333,0.41351295402476973
27876,0.241039,0.00514877,0.0208333,0.3545312092822841
27900,0.158199,-0.00511746,0.0208333,0.8962557800451868
27924,0.172804,0.0166337,0.0208333,0.16305351587251987
27948,0.16743,0.0193023,0.0208333,0.19929900030725806
27972,0.208974,0.0215121,0.0208333,0.28311702493096585
27996,0.203682,0.0241008,0.0208333,0.3328397785463701
28020,0.230659,0.00458062,0.0208333,0.33028813495649284
28044,0.298235,0.024898,0.0208333,0.1873319893053231
28068,0.230966,-0.00146862,0.0208333,0.4861224791839461
28092,0.194479,-0.000278542,0.0208333,0.3632646186981202
28116,0.23381,0.0107786,0.0208333,0.14549960832833228
28140,0.176883,0.00481401,0.0208333,0.2661285093112912
28164,0.202675,0.00916924,0.0208333,0.11698295939824911
28188,0.20456,0.00626299,0.0208333,0.17056272231320183
28212,0.189441,-0.00354576,0.0208333,0.5162725304823351
28236,0.220828,-0.00796468,0.0208333,0.6301945647908153
28260,0.210714,-0.0086502,0.0208333,0.6504520122089984
28284,0.203577,-0.00905797,0.0208333,0.6800486112274736
28308,0.174139,-0.00794273,0.0208333,0.7634412289973658
28332,0.153281,-0.00832869,0.0208333,1.0394662057496031
28356,0.148331,-0.0116886,0.0208333,1.0695618435896457
28380,0.240729,0.0111415,0.0208333,0.19532145156353514
28404,0.244189,0.0113208,0.0208333,0.18385074519494365
28428,0.178459,0.00791426,0.0208333,0.11946196520511905
28452,0.191987,0.0146238,0.0208333,0.15046785083765932
28476,0.230041,0.0165958,0.0208333,0.11959173549609899
28500,0.167678,0.0133168,0.0208333,0.08149803410139474
28524,0.202365,0.0151616,0.0208333,0.1482793604499952
28548,0.212433,0.0216914,0.0208333,0.29793362321354105
28572,0.228776,0.00750154,0.0208333,0.2263817927767523
28596,0.215253,0.000803973,0.0208333,0.37622189040225984
28620,0.177619,-0.00733589,0.0208333,0.7579172242109504
28644,0.156569,-0.00812333,0.0208333,1.0230049047576695
28668,0.176574,0.0108209,0.0208333,0.08936618208196799
28692,0.188527,0.0144445,0.0208333,0.13442754750911584
28716,0.193247,0.0236947,0.0208333,0.30151954429074895
28740,0.171537,0.00754258,0.0208333,0.19020067149141615
28764,0.231377,-0.00798554,0.0208333,0.6297732703354074
28788,0.205183,-0.00571886,0.0208333,0.564000331259616
28812,0.200067,-0.00928133,0.0208333,0.6794517978438029
28836,0.199828,-0.00300153,0.0208333,0.46587290688493177
28860,0.183803,0.00518658,0.0208333,0.17172051758636328
28884,0.173729,-0.00143007,0.0208333,0.5686113625365536
28908,0.245465,0.0203711,0.0208333,0.20301205848452084
28932,0.181298,0.0200779,0.0208333,0.2374123026238533
28956,0.250804,0.0176584,0.0208333,0.1417833987741601
28980,0.192716,0.0299393,0.0208333,0.3893174117439773
29004,0.223742,0.00424117,0.0208333,0.3032234400699497
29028,0.209905,0.00353622,0.0208333,0.27063346018936035
29052,0.161594,0.000977676,0.0208333,0.6667787096535476
29076,0.156471,0.0296447,0.0208333,0.3046358229086894
29100,0.254264,0.0178376,0.0208333,0.14471236726680828
29124,0.10176,0.0248974,0.0208333,0.17317289212108228
29148,0.189142,0.00245567,0.0208333,0.2598554063959006
29172,0.240422,0.0171226,0.0208333,0.13745291802447157
29196,0.207399,0.0184265,0.0208333,0.2205446343937365
29220,0.189689,-0.00954586,0.0208333,0.7166620603789907
29244,0.184108,-0.000808558,0.0208333,0.43363474589072415
29268,0.179074,-0.00407613,0.0208333,0.6151417575402504
29292,0.235695,0.00787195,0.0208333,0.2642795004089528
29316,0.213944,0.0247725,0.0208333,0.3694032149742609
29340,0.194735,-0.00631839,0.0208333,0.598003058178036
29364,0.212744,0.0156994,0.0208333,0.13706959548834657
29388,0.217361,0.0248882,0.0208333,0.3794967395343234
29412,0.199523,0.00299569,0.0208333,0.24654740267001393
29436,0.21559,-0.00511987,0.0208333,0.5548380286355639
29460,0.204871,0.000272019,0.0208333,0.3545449255951168
29484,0.193111,-0.0094046,0.0208333,0.7172078663206818
29508,0.168668,-0.00519565,0.0208333,0.7602689426824973
29532,0.166717,-0.00826744,0.0208333,0.8969397515134182
29556,0.245764,0.0144066,0.0208333,0.14619752131356434
29580,0.228466,0.0135102,0.0208333,0.0606579922756507
29604,0.223432,0.0102453,0.0208333,0.1211929626106934
29628,0.208331,0.000452224,0.0208333,0.36366937259877813
29652,0.183493,0.0111793,0.0208333,0.10342818325490205
29676,0.225007,0.0133309,0.0208333,0.037402824296694816
29700,0.20394,0.0182472,0.0208333,0.19963070501658706
29724,0.235385,0.0138687,0.0208333,0.10299890846623036
29748,0.180909,0.0259131,0.0208333,0.30500062413429274
29772,0.186953,0.0113587,0.0208333,0.11044303219602629
29796,0.18766,0.0265498,0.0208333,0.33111420239446465
29820,0.235075,0.0198607,0.0208333,0.22662185533108342
29844,0.241345,-0.000846252,0.0208333,0.49858952152920344
29868,0.214318,0.018785,0.0208333,0.20969098176726428
29892,0.224238,-0.00828188,0.0208333,0.6305819913864384
29916,0.18253,-0.0038983,0.0208333,0.6098379494874369
29940,0.177191,-0.00117977,0.0208333,0.5628204381748143
29964,0.182227,0.00209992,0.0208333,0.35030774441770823
29988,0.172131,-0.00493328,0.0208333,0.7522814714018367
30012,0.151458,-0.00549324,0.0208333,1.0459847952692316
30036,0.188837,0.00845147,0.0208333,0.11861733778685307
30060,0.186642,0.0173508,0.0208333,0.1995360713822894
30084,0.193871,0.0117171,0.0208333,0.10910310465095666
30108,0.191676,0.0206157,0.0208333,0.2574170551900748
30132,0.197331,0.0118963,0.0208333,0.10792993703902592
30156,0.172482,0.0225586,0.0208333,0.2482574480147365
30180,0.196711,0.0238475,0.0208333,0.31895686485472063
30204,0.20425,0.0122553,0.0208333,0.09594324675569406
30228,0.209284,0.0155202,0.0208333,0.1171040212676593
30252,0.212015,0.0275936,0.0208333,0.4264717735255494
30276,0.1828,0.0230959,0.0208333,0.2739320818043898
30300,0.191189,0.02679,0.0208333,0.3444166581607546
30324,0.186259,0.0232752,0.0208333,0.28881561602013417
30348,0.162629,0.0100433,0.0208333,0.15376707359443406
30372,0.161261,0.00700227,0.0208333,0.4158882437510251
30396,0.213365,0.00371466,0.0208333,0.28205711666506766
30420,0.20802,0.00644257,0.0208333,0.18759611809482335
30444,0.208646,-0.00553084,0.0208333,0.5661903246239607
30468,0.192896,-0.00337135,0.0208333,0.5171227161479562
30492,0.181608,0.0140858,0.0208333,0.14195529562216447
30516,0.176264,0.016813,0.0208333,0.18497615455980834
30540,0.170889,0.0194815,0.0208333,0.21215884582456135
30564,0.197639,0.00590257,0.0208333,0.17115042123705831
30588,0.175711,0.0286071,0.0208333,0.32808231368257706
30612,0.225902,-0.0052414,0.0208333,0.5692237871208827
30636,0.21904,-0.00503478,0.0208333,0.5563665350060333
30660,0.213682,-0.00227191,0.0208333,0.4651138777697029
30684,0.17123,0.0135481,0.0208333,0.11759395112617783
30708,0.223115,0.0162267,0.0208333,0.11650427895074841
30732,0.175971,0.0227964,0.0208333,0.2605870812331457
30756,0.165793,0.0162232,0.0208333,0.15553576582450668
30780,0.199215,0.00898956,0.0208333,0.1178359269276565
30804,0.166089,0.0102226,0.0208333,0.11833064524539871
30828,0.163159,0.00406348,0.0208333,0.4812534859467855
30852,0.202984,0.00317643,0.0208333,0.26205480771013456
30876,0.234859,-0.00737212,0.0208333,0.6223981892973931
30900,0.17342,0.00462154,0.0208333,0.27729496499407
30924,0.214196,-0.00841254,0.0208333,0.6495412990429078
30948,0.151781,-0.0116366,0.0208333,1.0508644320104836
30972,0.239155,0.00805562,0.0208333,0.2475160130318731
30996,0.243881,0.0173018,0.0208333,0.13937293474607076
31020,0.251108,0.0116796,0.0208333,0.22815695782883574
31044,0.2335,0.0167751,0.0208333,0.11814642613117166
31068,0.230351,0.0105993,0.0208333,0.16039903815377685
31092,0.228156,0.0195022,0.0208333,0.21968556649741555
31116,0.159969,0.0296368,0.0208333,0.3077628898205768
31140,0.239463,0.00206223,0.0208333,0.406323321020111
31164,0.187261,0.00536524,0.0208333,0.17629104176209182
31188,0.239767,-0.00393526,0.0208333,0.552610564937766
31212,0.183183,0.0171715,0.0208333,0.17885801696432985
31236,0.177838,0.0198986,0.0208333,0.22228427929105762
31260,0.236311,-0.00411296,0.0208333,0.5612162818845258
31284,0.178767,0.00190654,0.0208333,0.35058447391367237
31308,0.188217,0.0204364,0.0208333,0.24018176514398945
31332,0.193561,0.0177094,0.0208333,0.19024471738232943
31356,0.184404,-0.0068095,0.0208333,0.664020965096835
31380,0.238537,0.0200289,0.0208333,0.2065048757497704
31404,0.20771,0.0124346,0.0208333,0.08418251420348587
31428,0.254568,0.0118588,0.0208333,0.21866164917868725
31452,0.210221,-0.00244523,0.0208333,0.46065025780524005
31476,0.156326,0.023668,0.0208333,0.2513534700490174
31500,0.258899,0.0271299,0.0208333,0.2919212498160242
31524,0.224689,0.0193123,0.0208333,0.22176223366078926
31548,0.209595,0.0095281,0.0208333,0.10727813835869636
31572,0.241641,-0.00684603,0.0208333,0.6273963715108414
31596,0.154435,0.0207881,0.0208333,0.20987542746431895
31620,0.26081,0.0242442,0.0208333,0.21823912593824693
31644,0.264254,0.0243713,0.0208333,0.18801335515469134
31668,0.150943,0.0146224,0.0208333,0.09620917498247036
31692,0.245095,-0.00667176,0.0208333,0.6185243539971188
31716,0.150965,0.0207465,0.0208333,0.21441468713818
31740,0.149093,0.0178278,0.0208333,0.12410785648774415
31764,0.276551,0.0219474,0.0208333,0.1074950704180187
31788,0.281528,0.025478,0.0208333,0.11414086107493442
31812,0.28703,0.0226708,0.0208333,0.10494968047889672
31836,0.12868,0.0246674,0.0208333,0.2766481910213338
31860,0.246927,-0.00958383,0.0208333,0.6804921410589686
31884,0.266186,0.0214282,0.0208333,0.13630170287935364
31908,0.144065,0.0210409,0.0208333,0.2077535270535499
31932,0.264635,0.0183886,0.0208333,0.14369874468641852
31956,0.280027,0.0221542,0.0208333,0.10040888941525547
31980,0.145406,0.0119471,0.0208333,0.3203194266489955
32004,0.114898,0.0256873,0.0208333,0.2619820871065929
32028,0.12522,0.0248398,0.0208333,0.2822007492739311
32052,0.264945,0.0123966,0.0208333,0.2554853211095338
32076,0.285502,0.0196554,0.0208333,0.14373727869723427
32100,0.14565,0.0179611,0.0208333,0.07420509194879568
32124,0.250351,-0.00944517,0.0208333,0.6720359244308727
32148,0.118386,0.0254681,0.0208333,0.2717255063852564
32172,0.251975,-0.00635909,0.0208333,0.6342747088217701
32196,0.143776,0.0150479,0.0208333,0.12801926257762158
32220,0.281984,0.0193667,0.0208333,0.17207576766090432
32244,0.123339,0.0219794,0.0208333,0.2554076347869453
32268,0.266519,0.0154822,0.0208333,0.20975230579119328
32292,0.255444,-0.00617085,0.0208333,0.6255759073811088
32316,0.269976,0.0156612,0.0208333,0.19929471896690187
32340,0.280385,0.0162684,0.0208333,0.22795459612656568
32364,0.140316,0.0152145,0.0208333,0.16880592938371855
32388,0.114511,0.0195169,0.0208333,0.23425985873384694
32412,0.119877,0.0221547,0.0208333,0.2671903339666922
32436,0.117989,0.0192935,0.0208333,0.23186521060143714
32460,0.271859,0.0127545,0.0208333,0.3272444378250667
32484,0.138442,0.0123013,0.0208333,0.38657210733439645
32508,0.276876,0.0160187,0.0208333,0.2578449873394547
32532,0.257326,-0.00933341,0.0208333,0.6832221348991013
32556,0.133396,0.0155478,0.0208333,0.1473867703809252
32580,0.134693,0.00647527,0.0208333,0.7963917379794375
32604,0.260854,-0.0091236,0.0208333,0.6762156733895908
32628,0.119572,0.0162143,0.0208333,0.11590837688245013
32652,0.134982,0.012468,0.0208333,0.39108779193084925
32676,0.275302,0.0129329,0.0208333,0.3047934863192459
32700,0.262444,-0.00577828,0.0208333,0.6517102315595008
32724,0.133107,0.0095551,0.0208333,0.6417107459885016
32748,0.117717,0.0133006,0.0208333,0.36697138473631
32772,0.277177,0.0100258,0.0208333,0.44674888722420153
32796,0.280976,0.00428406,0.0208333,0.5836887605226596
32820,0.129648,0.00972216,0.0208333,0.6464270055115643
32844,0.11929,0.010224,0.0208333,0.6993166446864771
32868,0.270606,0.00367076,0.0208333,0.5135511053172859
32892,0.27562,0.0069396,0.0208333,0.4779143899642907
32916,0.26591,-0.00560866,0.0208333,0.6466305068301854
32940,0.145263,0.00588717,0.0208333,0.662194824876644
32964,0.251717,-0.00031616,0.0208333,0.520653257688726
32988,0.251417,0.00568567,0.0208333,0.3885553834078743
33012,0.250135,-0.0034092,0.0208333,0.5618948469631364
33036,0.244498,0.00532794,0.0208333,0.3406782843418503
33060,0.249533,0.00859356,0.0208333,0.2733559622316944
33084,0.244803,-0.000668478,0.0208333,0.48797266168891124
33108,0.267835,-0.00857662,0.0208333,0.6952109322844808
33132,0.277507,0.00403367,0.0208333,0.5856446935422589
33156,0.272497,0.000756472,0.0208333,0.6058716450099189
33180,0.122729,0.0100584,0.0208333,0.6979983663086845
33204,0.127774,0.00681026,0.0208333,0.9002004834445181
33228,0.256453,0.00895174,0.0208333,0.3315267170890958
33252,0.246074,0.00841414,0.0208333,0.2933072054097247
33276,0.24668,-0.00358321,0.0208333,0.5718618316192072
33300,0.260224,0.0031361,0.0208333,0.4644381996439229
33324,0.129105,-0.00210043,0.0208333,1.193925108459266
33348,0.124315,0.00697938,0.0208333,0.9017974687597112
33372,0.271308,-0.00843051,0.0208333,0.6956998634472203
33396,0.275953,0.00093984,0.0208333,0.6046080016491474
33420,0.227854,0.0254328,0.0208333,0.3933969652393522
33444,0.2332,0.022746,0.0208333,0.310331800887605
33468,0.229741,0.0225667,0.0208333,0.3189084788743518
33492,0.12245,0.00408114,0.0208333,1.1144737543596026
33516,0.277844,-0.00197142,0.0208333,0.6878250242887617
33540,0.272845,-0.00528826,0.0208333,0.688730283528778
33564,0.127276,-0.00489318,0.0208333,1.2261392798692987
33588,0.139686,0.00334404,0.0208333,0.8795030446563541
33612,0.138152,0.00632188,0.0208333,0.7905989186578358
33636,0.14353,0.00904744,0.0208333,0.543026507510828
33660,0.143293,0.00309693,0.0208333,0.8730005483365243
33684,0.124043,0.00101455,0.0208333,1.1792303891688682
33708,0.12384,-0.0047703,0.0208333,1.2256784586018252
33732,0.276304,-0.00510578,0.0208333,0.6928073301771938
33756,0.229582,0.0284586,0.0208333,0.4617778828326166
33780,0.140026,0.00923505,0.0208333,0.5515064971520591
33804,0.148574,0.0058415,0.0208333,0.6584327035225429
33828,0.233107,0.0285916,0.0208333,0.45573051334723125
33852,0.278214,-0.00804109,0.0208333,0.7398154405782567
33876,0.122213,-0.00181919,0.0208333,1.2616586087398345
33900,0.118759,-0.00165661,0.0208333,1.2576049127127482
33924,0.113685,0.00149571,0.0208333,1.244158344345103
33948,0.281639,-0.00781317,0.0208333,0.7558376793871552
33972,0.154097,-0.0199351,0.0208333,0.8574635849387215
33996,0.116895,-0.00447369,0.0208333,1.2484048689114466
34020,0.283541,-0.0106941,0.0208333,0.7637086435958824
34044,0.111855,-0.00145934,0.0208333,1.293166393254018
34068,0.129559,-0.0312151,0.0208333,0.29653674723051376
34092,0.296511,0.0217,0.0208333,0.1833285706624914
34116,0.295993,-0.0358788,0.0208333,0.18631264586119753
34140,0.108688,0.0322952,0.0208333,0.1986281073411072
34164,0.209706,-0.0379261,0.0208333,0.6300063683184979
34188,0.298276,0.018802,0.0208333,0.11804761694192772
34212,0.287019,-0.0104353,0.0208333,0.7715587501177406
34236,0.113462,-0.00442582,0.0208333,1.2396183678247397
34260,0.28674,-0.00436682,0.0208333,0.8046072815591597
34284,0.114394,0.0316845,0.0208333,0.26169914985875364
34308,0.291186,0.0322852,0.0208333,0.15870417426127423
34332,0.134691,-0.0326833,0.0208333,0.3817482104684316
34356,0.198072,-0.0377316,0.0208333,0.5635902424668252
34380,0.284309,-0.0395831,0.0208333,0.2357119771972778
34404,0.105233,-0.0395434,0.0208333,0.21948098245468922
34428,0.175337,-0.0395609,0.0208333,0.185599377107611
34452,0.26194,-0.0395691,0.0208333,0.04802216905644309
34476,0.26937,-0.0396074,0.0208333,0.08444458799915125
34500,0.273888,-0.0395827,0.0208333,0.11597120157308193
34524,0.282844,-0.0395823,0.0208333,0.22782340889963437
34548,0.285816,-0.0395544,0.0208333,0.2425614235454187
34572,0.287313,-0.0395691,0.0208333,0.24697567048435276
34596,0.293266,-0.0395605,0.0208333,0.22436701557535058
34620,0.238052,-0.0395874,0.0208333,0.4273093310325864
34644,0.254478,-0.0395691,0.0208333,0.28374059515712874
34668,0.266406,-0.0395685,0.0208333,0.0880264759902383
34692,0.297795,-0.0395923,0.0208333,0.09518664246615699
34716,0.13054,-0.039504,0.0208333,0.7938000949345914
34740,0.188785,-0.0395964,0.0208333,0.37234453167694165
34764,0.193274,-0.0395931,0.0208333,0.4216760830680054
34788,0.206716,-0.0395698,0.0208333,0.5030626104340198
34812,0.205224,-0.0395715,0.0208333,0.49856584467142
34836,0.197749,-0.0395455,0.0208333,0.4689938316166797
34860,0.220168,-0.0396084,0.0208333,0.5207480292518324
34884,0.278337,-0.039491,0.0208333,0.18043373246685387
34908,0.103699,-0.0395818,0.0208333,0.15143175068908238
34932,0.111249,-0.0395979,0.0208333,0.474214673234001
34956,0.123122,-0.0395239,0.0208333,0.7518967252084174
34980,0.132105,-0.0395886,0.0208333,0.7890941648114648
35004,0.136569,-0.0395893,0.0208333,0.764764376801438
35028,0.141032,-0.0395949,0.0208333,0.7152987496398523
35052,0.145489,-0.0396009,0.0208333,0.6427639117463849
35076,0.172463,-0.039561,0.0208333,0.12334682535876836
35100,0.199272,-0.0395901,0.0208333,0.4744377728526485
35124,0.230597,-0.0395691,0.0208333,0.49403197644626523
35148,0.239604,-0.0395622,0.0208333,0.4219963318743541
35172,0.106713,-0.0395949,0.0208333,0.2830148400132643
35196,0.126185,-0.0396486,0.0208333,0.7719257604978972
35220,0.169325,-0.0395934,0.0208333,0.03110295510044182
35244,0.176866,-0.0395691,0.0208333,0.21296160393680288
35268,0.182832,-0.039579,0.0208333,0.30469260494183525
35292,0.184323,-0.0396038,0.0208333,0.32142745453682486
35316,0.200746,-0.0395691,0.0208333,0.48352740951844964
35340,0.203731,-0.0395848,0.0208333,0.4911172617985749
35364,0.212751,-0.0395827,0.0208333,0.5142676281332315
35388,0.226121,-0.0395774,0.0208333,0.5224127867939472
35412,0.244075,-0.0395449,0.0208333,0.4057628803212598
35436,0.150058,-0.03956,0.0208333,0.5382754555568181
35460,0.154436,-0.0395584,0.0208333,0.40591606295258875
35484,0.15597,-0.0395691,0.0208333,0.3511930035840834
35508,0.209702,-0.0395686,0.0208333,0.5092744910017234
35532,0.217173,-0.0395528,0.0208333,0.531653414424241
35556,0.232105,-0.039566,0.0208333,0.4827711569416819
35580,0.248434,-0.0395514,0.0208333,0.36456251234251336
35604,0.114169,-0.0396155,0.0208333,0.5799803799750933
35628,0.120149,-0.0395691,0.0208333,0.7128426053309104
35652,0.1605,-0.0395631,0.0208333,0.20584826678749593
35676,0.121642,-0.0395691,0.0208333,0.7339586147450617
35700,0.117159,-0.0396224,0.0208333,0.6583890017963243
35724,0.170835,-0.0395014,0.0208333,0.08222282445673099
35748,0.163357,-0.0395922,0.0208333,0.11987180189806942
35772,0.167886,-0.0395835,0.0208333,0.020891404524830303
35796,0.181356,-0.0395915,0.0208333,0.28301293567868235
35820,0.185825,-0.0396312,0.0208333,0.33568450391407006
35844,0.190311,-0.0395322,0.0208333,0.39927286309556637
35868,0.194831,-0.0395448,0.0208333,0.44395227209878374
35892,0.253003,-0.0395783,0.0208333,0.31548862906968556
35916,0.257477,-0.0395684,0.0208333,0.20555365179114576
35940,0.276833,-0.0395768,0.0208333,0.1569285746011672
35964,0.279882,-0.0396033,0.0208333,0.19680528955541945
35988,0.288819,-0.0394958,0.0208333,0.24958307024666337
36012,0.296273,-0.0394893,0.0208333,0.15871241008796383
36036,0.211203,-0.0395969,0.0208333,0.5076593505217505
36060,0.275374,-0.0396017,0.0208333,0.13404685025069257
36084,0.129032,-0.0396458,0.0208333,0.7896183454485854
36108,0.1336,-0.0395965,0.0208333,0.7836994910856616
36132,0.147009,-0.0395885,0.0208333,0.6115881203764123
36156,0.158939,-0.0394927,0.0208333,0.25219845154377935
36180,0.202235,-0.0395767,0.0208333,0.4885979330341156
36204,0.208209,-0.0395697,0.0208333,0.5061539940587483
36228,0.221642,-0.0395691,0.0208333,0.524582768582459
36252,0.227612,-0.0395691,0.0208333,0.51451233183218
36276,0.235077,-0.039606,0.0208333,0.4532577294604946
36300,0.233583,-0.0395697,0.0208333,0.4718363358473268
36324,0.290324,-0.039562,0.0208333,0.24631375001878314
36348,0.124653,-0.0395315,0.0208333,0.7666922687344833
36372,0.148514,-0.0395814,0.0208333,0.5762678823945162
36396,0.255962,-0.0395682,0.0208333,0.24759178480217078
36420,0.267862,-0.0395124,0.0208333,0.09156809615500641
36444,0.135077,-0.0395983,0.0208333,0.7753473721200037
36468,0.291802,-0.0395363,0.0208333,0.23964226396585056
36492,0.294738,-0.0395829,0.0208333,0.19563912312809112
36516,0.1022,-0.0396078,0.0208333,0.08396715746799399
36540,0.112751,-0.0370789,0.0208333,0.5617127279288321
36564,0.287555,0.0170843,0.0208333,0.2739855692272491
36588,0.29659,0.00996459,0.0208333,0.6223405736446144
36612,0.103454,0.00995054,0.0208333,0.7535540053605316
36636,0.289261,-0.0376969,0.0208333,0.25897313735661853
36660,0.208973,-0.038307,0.0208333,0.6251164685166407
36684,0.206005,-0.0382729,0.0208333,0.6154588912649228
36708,0.296588,0.0157482,0.0208333,0.1647040667796955
36732,0.293969,-0.00376446,0.0208333,1.0190069983172048
36756,0.111536,-0.00727724,0.0208333,1.1283801320737255
36780,0.288641,-0.00730265,0.0208333,0.8426732372664032
36804,0.103517,0.0217532,0.0208333,0.20823674707505396
36828,0.261254,-0.0317802,0.0208333,0.5656666873710142
36852,0.298283,0.0069044,0.0208333,1.0258675451862984
36876,0.101861,0.00697037,0.0208333,1.1629935623953824
36900,0.161411,-0.022236,0.0208333,0.7891264066638574
36924,0.191339,-0.0352776,0.0208333,0.595522677540519
36948,0.104455,-0.0391252,0.0208333,0.19267187579151143
36972,0.28505,-0.0391375,0.0208333,0.2439747617978753
36996,0.297054,-0.0390816,0.0208333,0.13787553195335278
37020,0.105977,-0.0391383,0.0208333,0.25673126513043265
37044,0.291081,-0.0390983,0.0208333,0.24792765329923344
37068,0.283571,-0.0391654,0.0208333,0.23626674485481444
37092,0.134349,-0.0391948,0.0208333,0.784132056171228
37116,0.14623,-0.0391894,0.0208333,0.6316027045861671
37140,0.253749,-0.0391474,0.0208333,0.3064534477928001
37164,0.277558,-0.0390679,0.0208333,0.17338119325844312
37188,0.274635,-0.0391844,0.0208333,0.12997752563143214
37212,0.125464,-0.0391801,0.0208333,0.7741420286501349
37236,0.129722,-0.0391498,0.0208333,0.7973633355816175
37260,0.207463,-0.0391394,0.0208333,0.5104555480394335
37284,0.220914,-0.0391776,0.0208333,0.5339247434086816
37308,0.23885,-0.0391496,0.0208333,0.4314934064156874
37332,0.168555,-0.0391769,0.0208333,0.03822660072894267
37356,0.288073,-0.0390649,0.0208333,0.25287753280296
37380,0.120896,-0.0391383,0.0208333,0.72840588147842
37404,0.182099,-0.0391704,0.0208333,0.3016053925764407
37428,0.155182,-0.0391275,0.0208333,0.3797086596437063
37452,0.232852,-0.0391357,0.0208333,0.4825575618359456
37476,0.293974,-0.0391434,0.0208333,0.21693333600665182
37500,0.198513,-0.0391356,0.0208333,0.47854114079541216
37524,0.267105,-0.0390809,0.0208333,0.09245282335012814
37548,0.171656,-0.0390624,0.0208333,0.11794565474270301
37572,0.185074,-0.0392349,0.0208333,0.3354059067477892
37596,0.212013,-0.0391796,0.0208333,0.5170333090686299
37620,0.200018,-0.0391593,0.0208333,0.4861094391949624
37644,0.201488,-0.0391458,0.0208333,0.49182547865091025
37668,0.204478,-0.0391563,0.0208333,0.5016106054310703
37692,0.208956,-0.0391383,0.0208333,0.5133002726766323
37716,0.226867,-0.0391466,0.0208333,0.5239416965083596
37740,0.231359,-0.0391352,0.0208333,0.49385803432476927
37764,0.189544,-0.0391286,0.0208333,0.396963195951049
37788,0.194076,-0.039138,0.0208333,0.44204558700634705
37812,0.176083,-0.03913,0.0208333,0.20985681492196578
37836,0.183573,-0.0391827,0.0208333,0.319600936490262
37860,0.20597,-0.0391412,0.0208333,0.506834067395236
37884,0.159738,-0.0390558,0.0208333,0.22561034044626588
37908,0.122376,-0.039093,0.0208333,0.7481276964262116
37932,0.149318,-0.0391414,0.0208333,0.5619538883732551
37956,0.210457,-0.0391656,0.0208333,0.5147070346979342
37980,0.286562,-0.0391235,0.0208333,0.24890691307382362
38004,0.202981,-0.0391615,0.0208333,0.49609655620012216
38028,0.131302,-0.0390927,0.0208333,0.7950778182487918
38052,0.132869,-0.0391851,0.0208333,0.7910090070700994
38076,0.17001,-0.0390948,0.0208333,0.07976699044079888
38100,0.234332,-0.0391757,0.0208333,0.46956936640907
38124,0.268576,-0.0391198,0.0208333,0.09823857018676524
38148,0.279115,-0.0390943,0.0208333,0.19420753084585402
38172,0.147762,-0.0391699,0.0208333,0.598162565209974
38196,0.256722,-0.0391365,0.0208333,0.2329580013039552
38220,0.255216,-0.0391373,0.0208333,0.2710416489710738
38244,0.123894,-0.0390553,0.0208333,0.7637165523320836
38268,0.289591,-0.0390578,0.0208333,0.25244615365786105
38292,0.135825,-0.0391876,0.0208333,0.774515108034708
38316,0.276088,-0.0391786,0.0208333,0.15014565649083192
38340,0.292531,-0.0390968,0.0208333,0.23732726851084368
38364,0.295489,-0.0390722,0.0208333,0.18350482308589303
38388,0.102915,-0.0391895,0.0208333,0.12337605448771206
38412,0.188628,-0.0380242,0.0208333,0.4552758282130077
38436,0.10773,-0.0275911,0.0208333,0.39305404553382683
38460,0.248572,-0.0352792,0.0208333,0.6064853672822078
38484,0.210444,-0.0383544,0.0208333,0.6231409864999167
38508,0.161865,-0.0195943,0.0208333,0.8946382923802947
38532,0.110728,-0.0130296,0.0208333,0.6080184557383048
38556,0.205241,-0.037787,0.0208333,0.6148875081039265
38580,0.215633,-0.0396351,0.0208333,0.5162514421338324
38604,0.266307,-0.011602,0.0208333,0.7080620099951421
38628,0.234736,-0.0367674,0.0208333,0.6643269574150551
38652,0.293177,0.00967282,0.0208333,0.5375501241274283
38676,0.174312,-0.0324414,0.0208333,0.49530742769571673
38700,0.23157,-0.0324713,0.0208333,0.7949977725835716
38724,0.224652,-0.0395534,0.0208333,0.5321436114158498
38748,0.2254,-0.0391309,0.0208333,0.5325067669613166
38772,0.20446,-0.0382401,0.0208333,0.6078767550966335
38796,0.272717,-0.0377514,0.0208333,0.1558736478884449
38820,0.10349,0.0157879,0.0208333,0.2717568424124451
38844,0.245868,-0.0381329,0.0208333,0.5034071618745686
38868,0.178126,-0.0301251,0.0208333,0.6306296157917816
38892,0.235379,-0.0301438,0.0208333,0.8183366645625887
38916,0.234684,-0.0274637,0.0208333,0.852960706009838
38940,0.177431,-0.0274416,0.0208333,0.7335478003554025
38964,0.230187,-0.0372932,0.0208333,0.6718963806406313
38988,0.101758,0.0188558,0.0208333,0.24825309526545686
39012,0.110452,-0.0308203,0.0208333,0.38518718371571453
39036,0.139477,-0.0379869,0.0208333,0.7287093524493091
39060,0.136451,-0.0246235,0.0208333,0.27949476552496094
39084,0.274881,-0.0184028,0.0208333,0.7023885368948525
39108,0.201943,0.0271553,0.0208333,0.3836584005583261
39132,0.196495,0.0300778,0.0208333,0.4036434137019525
39156,0.192441,-0.0383702,0.0208333,0.496216626546003
39180,0.245344,-0.032333,0.0208333,0.712639266105448
39204,0.385318,-0.00834928,0.0208333,0.6161292221774652
39228,0.332354,0.0083216,0.0208333,1.3308015393549786
39252,0.361764,0.0083216,0.0208333,1.3095985892149105
39276,0.138175,0.0380251,0.0208333,0.32724498053651485
39300,0.314716,0.00833351,0.0208333,1.2909716479912845
39324,0.185369,0.0383652,0.0208333,0.42561734625940717
39348,0.149956,0.0384394,0.0208333,0.3321980759254647
39372,0.285294,0.0383019,0.0208333,0.2570199844742825
39396,0.0558733,-0.00834158,0.0208333,1.1566602435724782
39420,0.0441176,0.00830191,0.0208333,1.1565903253708232
39444,0.0794118,0.00830191,0.0208333,1.15768037710022
39468,0.0323529,0.00830191,0.0208333,1.1564503896206795
39492,0.00873729,0.00860587,0.0208333,1.1567803891291406
39516,0.0735294,-0.00830191,0.0208333,1.1581301985843022
39540,0.0852941,-0.00830191,0.0208333,1.15931010612762
39564,0.0205882,0.00830191,0.0208333,1.1565903366836314
39588,0.367647,-0.00830191,0.0208333,0.5431282331621855
39612,0.0382443,-0.00834158,0.0208333,1.1563303575670512
39636,0.120477,0.0382415,0.0208333,0.2973464591294575
39660,0.108842,0.0384033,0.0208333,0.18826360396776884
39684,0.0617647,0.00830191,0.0208333,1.1573202741330548
39708,0.0264706,-0.00830191,0.0208333,1.1565203900811436
39732,0.0147262,-0.00833462,0.0208333,1.1569002918854874
39756,0.05,0.00830191,0.0208333,1.1568203157028272
39780,0.314706,-0.00830191,0.0208333,0.3969026355001871
39804,0.320588,-0.00830191,0.0208333,0.35836303486843085
39828,0.332353,-0.00830191,0.0208333,0.38550271113419815
39852,0.344118,-0.00830191,0.0208333,0.4405618056034329
39876,0.35,-0.00830191,0.0208333,0.46965289919765474
39900,0.361765,-0.00830191,0.0208333,0.5206696960325962
39924,0.391263,-0.00858974,0.0208333,0.627718871338285
39948,0.379421,0.00834158,0.0208333,1.2947392155316784
39972,0.367647,0.00830191,0.0208333,1.3052750586751662
39996,0.355873,0.00834158,0.0208333,1.3142527561892263
40020,0.338244,0.00834158,0.0208333,1.3286093829625432
40044,0.320588,0.00830191,0.0208333,1.315569226547463
40068,0.308884,0.00836582,0.0208333,1.2205646209989123
40092,0.291158,0.0384039,0.0208333,0.18685583277709047
40116,0.27951,0.0382419,0.0208333,0.3090540056934427
40140,0.267793,0.0383963,0.0208333,0.4091213002919784
40164,0.261837,0.0379823,0.0208333,0.44200557679824504
40188,0.249969,0.038389,0.0208333,0.5258040810584194
40212,0.203002,0.0384927,0.0208333,0.5205616455190947
40236,0.179356,0.0382334,0.0208333,0.40136955319130324
40260,0.0911164,0.00836582,0.0208333,1.1531919461829196
40284,0.220542,0.0386595,0.0208333,0.5924092907084858
40308,0.214767,0.038086,0.0208333,0.5660007982278078
40332,0.23794,0.0382282,0.0208333,0.5802663461789948
40356,0.167852,0.038144,0.0208333,0.3633197166060192
40380,0.132385,0.0386373,0.0208333,0.3254204425021108
40404,0.126564,0.0380951,0.0208333,0.31795718772242937
40428,0.244059,0.0383711,0.0208333,0.5570143946652909
40452,0.373529,-0.00830191,0.0208333,0.5656716690950784
40476,0.114706,0.0383019,0.0208333,0.2578646803931659
40500,0.0264706,0.00830191,0.0208333,1.1564403999838069
40524,0.273636,0.0384273,0.0208333,0.3611692709074155
40548,0.0617636,-0.0083216,0.0208333,1.1571402176716088
40572,0.0852841,0.00833351,0.0208333,1.1565506985081075
40596,0.0912039,-0.00834764,0.0208333,1.1584504005100542
40620,0.032354,-0.0083216,0.0208333,1.1564003788492294
40644,0.37353,0.0083216,0.0208333,1.3002820509186468
40668,0.0382443,0.00831744,0.0208333,1.1563703367839075
40692,0.338244,-0.00831744,0.0208333,0.4060231827394176
40716,0.355873,-0.00831744,0.0208333,0.4909961511473039
40740,0.0735294,0.00830191,0.0208333,1.1577303276922053
40764,0.308802,-0.00834911,0.0208333,0.39935199487876516
40788,0.0794118,-0.00830191,0.0208333,1.1586501581054645
40812,0.326471,0.00830822,0.0208333,1.327745189629916
40836,0.326471,-0.00830191,0.0208333,0.36454215796842554
40860,0.0558733,0.00831744,0.0208333,1.1569102915235228
40884,0.0676471,0.00830191,0.0208333,1.1575703050510835
40908,0.067647,-0.00830822,0.0208333,1.157640209884883
40932,0.0146915,0.00837352,0.0208333,1.156740304252165
40956,0.379425,-0.00832534,0.0208333,0.5874581131214563
40980,0.0205882,-0.00830191,0.0208333,1.156600353374896
41004,0.206786,-0.0378469,0.0208333,0.6211780535852814
41028,0.208261,-0.0378838,0.0208333,0.6262508491673605
41052,0.149717,-0.0370864,0.0208333,0.4755223917049195
41076,0.272656,-0.0301412,0.0208333,0.3807680605802041
41100,0.267161,-0.0275133,0.0208333,0.6201906790373919
41124,0.103184,-0.0359782,0.0208333,0.2495416947467697
41148,0.146156,-0.0383617,0.0208333,0.6153371382800163
41172,0.216388,-0.0391879,0.0208333,0.5370682419984188
41196,0.136023,-0.0308224,0.0208333,0.2391679534814888
41220,0.295215,-0.0333522,0.0208333,0.20593980887059307
41244,0.294446,-0.0373685,0.0208333,0.22034061838791688
41268,0.155786,-0.0245168,0.0208333,0.6443503488190192
41292,0.112697,0.0166008,0.0208333,0.1912576958987958
41316,0.165297,0.0218902,0.0208333,0.23428405575027025
41340,0.220659,-0.0369021,0.0208333,0.6854559801783351
41364,0.277505,-0.036674,0.0208333,0.19191497600804894
41388,0.115801,-0.0210376,0.0208333,0.22917043518769803
41412,0.231422,-0.026454,0.0208333,0.8694064528833538
41436,0.174163,-0.02643,0.0208333,0.7387716419156634
41460,0.100511,-0.0332605,0.0208333,0.25028605473228027
41484,0.299524,-0.0332763,0.0208333,0.11959159272607753
41508,0.264761,-0.0378733,0.0208333,0.07951805499111507
41532,0.162871,-0.0371759,0.0208333,0.07775783986351473
41556,0.155271,-0.0328694,0.0208333,0.23382601686696777
41580,0.0470588,0.00321609,0.0208333,1.1798503343438906
41604,0.388763,-0.00362266,0.0208333,1.1005206682955975
41628,0.347059,-0.00321609,0.0208333,1.1384138877551897
41652,0.26216,-0.0350029,0.0208333,0.4215002915742617
41676,0.157986,0.00105354,0.0208333,0.6768540122175192
41700,0.152832,-0.00219995,0.0208333,0.886101127465046
41724,0.171704,-0.0381519,0.0208333,0.1689610200851072
41748,0.100769,-0.0284983,0.0208333,0.4378206278967925
41772,0.00564802,-0.00500179,0.0208333,1.1611509620276235
41796,0.218858,-0.0367115,0.0208333,0.6963463328670748
41820,0.207497,-0.0382849,0.0208333,0.6213924656661561
41844,0.108044,-0.00720188,0.0208333,1.113879071640576
41868,0.292412,-0.00690367,0.0208333,0.9048449989469799
41892,0.189711,-0.0347056,0.0208333,0.597327559568938
41916,0.126505,-0.0314967,0.0208333,0.3321833409325037
41940,0.181443,-0.0330773,0.0208333,0.5668826847559911
41964,0.282553,0.0074571,0.0208333,0.5501501693977807
41988,0.282275,0.0134497,0.0208333,0.3802478443835407
42012,0.246923,-0.034669,0.0208333,0.6422725380938987
42036,0.164893,-0.0395376,0.0208333,0.07724763298813757
42060,0.163797,-0.0370063,0.0208333,0.06402735213323833
42084,0.209088,-0.011672,0.0208333,0.7310555740812253
42108,0.112057,-0.0383742,0.0208333,0.5443029343093939
42132,0.161645,-0.0267486,0.0208333,0.5999790540316173
42156,0.188017,-0.0341084,0.0208333,0.599442267421651
42180,0.140537,-0.0336471,0.0208333,0.4284089527682824
42204,0.148953,-0.0357915,0.0208333,0.4151239631038384
42228,0.1388,-0.0392112,0.0208333,0.7472046261676405
42252,0.198431,0.0270813,0.0208333,0.36940983732986293
42276,0.282214,-0.0243135,0.0208333,0.3638077041060153
42300,0.194242,-0.0347983,0.0208333,0.6412987991851324
42324,0.278588,-0.0142657,0.0208333,0.726320030949386
42348,0.251477,-0.0347823,0.0208333,0.5862612540058082
42372,0.388345,-0.00693902,0.0208333,0.6299154058932537
42396,0.0470588,0.00660382,0.0208333,1.158670421195035
42420,0.0588145,0.00661935,0.0208333,1.159180351265178
42444,0.376481,0.00666318,0.0208333,1.2998606021724761
42468,0.335304,0.00666318,0.0208333,1.3327013892705253
42492,0.0235294,0.00660382,0.0208333,1.1584205187472691
42516,0.364705,0.00662351,0.0208333,1.3100174403640668
42540,0.135266,0.0366624,0.0208333,0.3284131234180754
42564,0.0647048,-0.00662981,0.0208333,1.1594702723597063
42588,0.347059,-0.00660382,0.0208333,0.46857517181602715
42612,0.317647,-0.00660382,0.0208333,0.38322096097728114
42636,0.0116641,0.00697939,0.0208333,1.1584604487099068
42660,0.370588,-0.00660382,0.0208333,0.5647067600550505
42684,0.123511,0.0363366,0.0208333,0.3114834973208485
42708,0.0705882,0.00660382,0.0208333,1.1597104281220756
42732,0.0823429,0.00663542,0.0208333,1.1593008189209368
42756,0.352932,-0.00661935,0.0208333,0.49325727812001935
42780,0.246969,0.0367601,0.0208333,0.5413066291842132
42804,0.182372,0.0365986,0.0208333,0.4140361621183576
42828,0.0823529,-0.00660382,0.0208333,1.1610101829133697
42852,0.335303,-0.00661935,0.0208333,0.41041002152519923
42876,0.311835,0.00669933,0.0208333,1.2723620529947643
42900,0.129537,0.0367325,0.0208333,0.32231392362837025
42924,0.264923,0.0363786,0.0208333,0.4202820446207889
42948,0.358813,0.00666318,0.0208333,1.3145214530547633
42972,0.111784,0.0367053,0.0208333,0.23160913335092895
42996,0.282451,0.0365438,0.0208333,0.28197145360095155
43020,0.217661,0.0367455,0.0208333,0.5747283755659789
43044,0.270841,0.0368236,0.0208333,0.3827254325182987
43068,0.240823,0.0365993,0.0208333,0.5673286005984886
43092,0.317657,0.00663542,0.0208333,1.3095049531002625
43116,0.0353042,-0.00666318,0.0208333,1.15820046677953
43140,0.117535,0.0365434,0.0208333,0.28235936291427205
43164,0.0294118,0.00660382,0.0208333,1.1583405141820697
43188,0.0881653,0.00669933,0.0208333,1.1572825880780944
43212,0.0882627,-0.00664955,0.0208333,1.161100629528192
43236,0.341186,-0.00661935,0.0208333,0.4431155221242561
43260,0.0353032,0.00661935,0.0208333,1.1583404688755843
43284,0.276675,0.0366692,0.0208333,0.33459527541121614
43308,0.311744,-0.00665102,0.0208333,0.44016774323930974
43332,0.364706,-0.00660382,0.0208333,0.5435515115087457
43356,0.329413,0.00662981,0.0208333,1.332921617033623
43380,0.288216,0.0367058,0.0208333,0.22046899491570443
43404,0.323529,0.00661013,0.0208333,1.326535872556984
43428,0.0235294,-0.00660382,0.0208333,1.158440509397222
43452,0.0294128,-0.00662351,0.0208333,1.1583304815658675
43476,0.0764706,-0.00660382,0.0208333,1.160440236167937
43500,0.0411855,0.00661935,0.0208333,1.1584704122291194
43524,0.0764706,0.00660382,0.0208333,1.1597804824486828
43548,0.0588134,-0.00666318,0.0208333,1.1589702900818528
43572,0.358814,-0.00661935,0.0208333,0.5222090037579471
43596,0.323529,-0.00660382,0.0208333,0.37323198938950825
43620,0.329412,-0.00660382,0.0208333,0.38714682754236757
43644,0.376484,-0.00662725,0.0208333,0.5861270235850673
43668,0.370589,0.00662351,0.0208333,1.3052137529655845
43692,0.0705882,-0.00661013,0.0208333,1.1599502642068875
43716,0.382389,-0.00667462,0.0208333,0.6087600873912665
43740,0.0529321,0.00661935,0.0208333,1.1588703816620882
43764,0.0647059,0.00660382,0.0208333,1.1594903994098331
43788,0.0176327,0.00667543,0.0208333,1.1585403984608362
43812,0.0176674,-0.00663653,0.0208333,1.1586204035137477
43836,0.110283,-0.0346646,0.0208333,0.4704040615191769
43860,0.101399,-0.0298579,0.0208333,0.4048975676400114
43884,0.102807,-0.0300175,0.0208333,0.4218544915842508
43908,0.394373,0.00503289,0.0208333,1.3025825090248675
43932,0.139745,-0.0235446,0.0208333,0.46278066960314157
43956,0.308652,0.00187597,0.0208333,1.3389887367421287
43980,0.0915592,-0.0015414,0.0208333,1.2034382045978602
44004,0.0914717,0.00183872,0.0208333,1.1970932955006013
44028,0.308571,-0.00150562,0.0208333,1.234433602570451
44052,0.226421,0.0383304,0.0208333,0.5963602394432196
44076,0.139547,-0.0395979,0.0208333,0.7346380951522975
44100,0.268044,-0.0377125,0.0208333,0.09795018374814873
44124,0.212258,-0.0354848,0.0208333,0.7285807463547979
44148,0.289731,-0.0382456,0.0208333,0.2609258404786502
44172,0.112174,0.00461909,0.0208333,1.181298603024615
44196,0.273866,0.0324116,0.0208333,0.29630415518155817
44220,0.235823,-0.0391978,0.0208333,0.4519642726937557
44244,0.237306,-0.0391792,0.0208333,0.4395104004885623
44268,0.104413,-0.0329597,0.0208333,0.3857240927791108
44292,0.156643,-0.013743,0.0208333,1.0031999423858322
44316,0.101891,0.0308653,0.0208333,0.11559211765332444
44340,0.298015,0.030855,0.0208333,0.1484319887391626
44364,0.118389,-0.0332867,0.0208333,0.4765324479677668
44388,0.294308,-0.0326686,0.0208333,0.21915544772945983
44412,0.297999,-0.035157,0.0208333,0.14952839960853592
44436,0.177996,-0.0375758,0.0208333,0.313957098118899
44460,0.210642,-0.0355337,0.0208333,0.7265392197500168
44484,0.113435,-0.0392189,0.0208333,0.5591961083904581
44508,0.112008,-0.0392012,0.0208333,0.5075180558255268
44532,0.170682,0.0254336,0.0208333,0.2844993656997542
44556,0.114319,0.0134637,0.0208333,0.36979573760522455
44580,0.269794,-0.0199464,0.0208333,0.7160334615166406
44604,0.260193,-0.0314691,0.0208333,0.5722876013082611
44628,0.149304,-0.038297,0.0208333,0.5416761520015081
44652,0.379519,-0.0016425,0.0208333,1.1427206641027143
44676,0.355867,-0.00161835,0.0208333,1.1419050897955463
44700,0.038251,0.00161835,0.0208333,1.175950224893011
44724,0.338251,-0.00161855,0.0208333,1.137385003430781
44748,0.0558668,0.00161855,0.0208333,1.1838902070175477
44772,0.106925,-0.0259113,0.0208333,0.3995909745554427
44796,0.201159,-0.028164,0.0208333,0.873410985481022
44820,0.264908,-0.0395795,0.0208333,0.06680156229496696
44844,0.258401,-0.0280665,0.0208333,0.6957856197020638
44868,0.299399,-0.0311297,0.0208333,0.12489699416755393
44892,0.181341,-0.0357171,0.0208333,0.44340415198135874
44916,0.122354,-0.0321144,0.0208333,0.39125035617518983
44940,0.180646,-0.0391654,0.0208333,0.28120929646612325
44964,0.123388,-0.0237024,0.0208333,0.18502082125290656
44988,0.241518,-0.0361813,0.0208333,0.6514179817457375
45012,0.254105,-0.0370308,0.0208333,0.4618965747822603
45036,0.175587,0.0341343,0.0208333,0.3697476761986478
45060,0.156045,-0.0320477,0.0208333,0.2955040064164464
45084,0.156285,-0.00202952,0.0208333,0.8772115913871869
45108,0.184437,-0.0380555,0.0208333,0.39704271579880224
45132,0.299091,-0.0253391,0.0208333,0.21014558030855657
45156,0.100909,-0.0253391,0.0208333,0.4932386497466889
45180,0.264548,-0.0370165,0.0208333,0.20593826390568995
45204,0.283571,-0.0383181,0.0208333,0.24961023747653058
45228,0.177054,-0.0290262,0.0208333,0.642702449864334
45252,0.161472,0.032646,0.0208333,0.33243480277734533
45276,0.234308,-0.0290463,0.0208333,0.8368257932039841
45300,0.11494,-0.0391609,0.0208333,0.6081776396913734
45324,0.116438,-0.0391677,0.0208333,0.6456382411292887
45348,0.20423,-0.0268176,0.0208333,0.8977856419302884
45372,0.26148,-0.0266968,0.0208333,0.6937771616487328
45396,0.127175,-0.0386847,0.0208333,0.7899731567646782
45420,0.212222,-0.0344121,0.0208333,0.7663748269181886
45444,0.0945541,-0.00334016,0.0208333,1.2077000568107517
45468,0.305615,-0.00333053,0.0208333,1.2825591436452357
45492,0.122016,-0.0347399,0.0208333,0.6064577620193862
45516,0.123755,-0.0346281,0.0208333,0.6055827882241801
45540,0.299593,-0.0350438,0.0208333,0.11214744550719825
45564,0.122241,-0.0124399,0.0208333,0.8906729823441268
45588,0.175515,-0.0323521,0.0208333,0.5013173404600771
45612,0.232772,-0.0323848,0.0208333,0.7923153152566835
45636,0.130852,-0.0341458,0.0208333,0.5658939430715265
45660,0.132707,-0.0341153,0.0208333,0.5555635937857829
45684,0.13851,-0.0336998,0.0208333,0.4598234802588955
45708,0.191057,-0.0391389,0.0208333,0.4101746908810456
45732,0.192528,-0.0391998,0.0208333,0.4224173442721769
45756,0.129077,-0.0342501,0.0208333,0.58258541549154
45780,0.00604069,-0.00749527,0.0208333,1.1589501641081303
45804,0.127302,-0.0343611,0.0208333,0.5934118820483628
45828,0.120247,-0.0347898,0.0208333,0.5997314370504468
45852,0.289657,-0.0368883,0.0208333,0.25312592538951834
45876,0.168012,-0.0292656,0.0208333,0.5321864396387289
45900,0.134701,-0.0339974,0.0208333,0.5300721058093785
45924,0.136597,-0.0337999,0.0208333,0.4895672586377305
45948,0.225301,-0.0293272,0.0208333,0.8612440980113921
45972,0.125535,-0.0345863,0.0208333,0.6117338313467207
45996,0.150828,-0.0319656,0.0208333,0.2039158470915218
46020,0.187929,-0.0384211,0.0208333,0.4424097146831458
46044,0.21954,-0.038471,0.0208333,0.6272512146850658
46068,0.182128,-0.0382708,0.0208333,0.3643397685653929
46092,0.164071,-0.0391298,0.0208333,0.09475935256411369
46116,0.28064,0.0102929,0.0208333,0.43170737050675
46140,0.167335,-0.0343781,0.0208333,0.2660521161862404
46164,0.352927,0.00671083,0.0208333,1.3193068910658436
46188,0.0411909,-0.00671083,0.0208333,1.1580904737195301
46212,0.0529272,-0.00670977,0.0208333,1.158480325213816
46236,0.34119,0.00670977,0.0208333,1.3288519905668768
46260,0.382423,0.00668694,0.0208333,1.2938694127146264
46284,0.299604,-0.0365419,0.0208333,0.09973199631131426
46308,0.100398,-0.0365377,0.0208333,0.09567689992161117
46332,0.205414,-0.0118918,0.0208333,0.7263077753651141
46356,0.161627,0.0214663,0.0208333,0.2209396750551549
46380,0.249838,0.0320758,0.0208333,0.45482734399991004
46404,0.11894,-0.0176741,0.0208333,0.41653570659339756
46428,0.244918,-0.0310687,0.0208333,0.7586582276773933
46452,0.00869412,-0.00860608,0.0208333,1.1568104425794374
46476,0.18363,-0.0383701,0.0208333,0.3837265171262502
46500,0.112521,0.0106065,0.0208333,0.6668400670263598
46524,0.298157,-0.0269585,0.0208333,0.18493687628171943
46548,0.15987,-0.0347386,0.0208333,0.13780109829283724
46572,0.242363,-0.035912,0.0208333,0.6484753299542801
46596,0.305821,-0.00680852,0.0208333,0.40462885550822364
46620,0.0942233,-0.00679823,0.0208333,1.1577585444657417
46644,0.179346,-0.0381399,0.0208333,0.31983428012307935
46668,0.18329,-0.0331008,0.0208333,0.5849077427506215
46692,0.154578,0.0147445,0.0208333,0.036224489205072305
46716,0.106108,-0.0370415,0.0208333,0.34852098931572667
46740,0.236567,-0.0395918,0.0208333,0.4397927435102104
46764,0.283168,-0.0311653,0.0208333,0.1868628522501998
46788,0.211238,0.0333526,0.0208333,0.5040733651546888
46812,0.379516,0.00169109,0.0208333,1.3263364316871475
46836,0.355867,0.00170734,0.0208333,1.3410384627616474
46860,0.038251,-0.00170734,0.0208333,1.1757702342636707
46884,0.338251,0.00170714,0.0208333,1.3568495974684034
46908,0.0558668,-0.00170714,0.0208333,1.1838002190813448
46932,0.393979,0.00750869,0.0208333,1.2786038043359147
46956,0.138779,-0.0384086,0.0208333,0.7416589606306728
46980,0.391322,0.00861432,0.0208333,1.281120661012421
47004,0.184015,-0.0321588,0.0208333,0.6166858682713132
47028,0.382467,-0.00333255,0.0208333,1.134766786883219
47052,0.352928,-0.00326171,0.0208333,1.136892226326196
47076,0.0411894,0.00326171,0.0208333,1.1771403336526114
47100,0.341189,-0.00326189,0.0208333,1.1332191643962302
47124,0.0529283,0.00326189,0.0208333,1.1823402714905213
47148,0.137315,-0.0392025,0.0208333,0.7620449036153688
47172,0.222043,-0.0369527,0.0208333,0.6859531982842084
47196,0.204925,-0.0349052,0.0208333,0.7121234410024103
47220,0.125652,-0.0383525,0.0208333,0.7850378937868222
47244,0.229823,-0.0391535,0.0208333,0.5041893316910276
47268,0.228331,-0.0391535,0.0208333,0.5146507677253717
47292,0.25004,-0.0381855,0.0208333,0.4520637269647172
47316,0.103548,-0.0271617,0.0208333,0.467858723417153
47340,0.25895,-0.0395956,0.0208333,0.1561348949660402
47364,0.29037,-0.0369563,0.0208333,0.251294659404055
47388,0.251971,-0.0123553,0.0208333,0.7172492857564489
47412,0.119666,-0.0363325,0.0208333,0.6822223559028142
47436,0.188025,-0.039224,0.0208333,0.3723107687628992
47460,0.186558,-0.0392588,0.0208333,0.35137318662317524
47484,0.194734,-0.0123151,0.0208333,0.7702081749468063
47508,0.385355,0.00834536,0.0208333,1.288848191556524
47532,0.044123,-0.00836925,0.0208333,1.1561703685764162
47556,0.349995,0.00836925,0.0208333,1.3190588724605694
47580,0.344123,0.00836819,0.0208333,1.3239447109488751
47604,0.0499951,-0.00836819,0.0208333,1.156230311052385
47628,0.244877,-0.0391726,0.0208333,0.3998072940415476
47652,0.285069,-0.037009,0.0208333,0.25006013177717873
47676,0.101055,-0.0341649,0.0208333,0.22477706754938323
47700,0.223433,0.0369899,0.0208333,0.5956051623073193
47724,0.28003,-0.0380048,0.0208333,0.2261470008178972
47748,0.28,-0.0372141,0.0208333,0.2202407075341205
47772,0.280684,-0.0384314,0.0208333,0.23221134569396043
47796,0.165778,-0.0355013,0.0208333,0.1850614785813478
47820,0.161243,-0.0392294,0.0208333,0.18130217378525829
47844,0.162608,-0.0392585,0.0208333,0.14476776916215292
47868,0.218525,-0.0351524,0.0208333,0.7509676052019859
47892,0.100544,-0.0350206,0.0208333,0.16920596299920992
47916,0.2634,-0.039605,0.0208333,0.04117512462482658
47940,0.213061,-0.0368038,0.0208333,0.687946145676925
47964,0.165641,-0.0391675,0.0208333,0.049143780910813124
47988,0.14028,-0.0391928,0.0208333,0.7290126372478053
48012,0.166371,-0.0370802,0.0208333,0.07557801255244874
48036,0.349996,-0.00155653,0.0208333,1.1449659402957488
48060,0.0441216,0.00155653,0.0208333,1.1787302511216546
48084,0.0499962,0.00155671,0.0208333,1.1813802246865903
48108,0.344121,-0.00155671,0.0208333,1.1420973788412845
48132,0.385813,-0.00169086,0.0208333,1.1434376754463829
48156,0.21495,-0.0341966,0.0208333,0.7677201682954876
48180,0.112699,-0.0396034,0.0208333,0.5277907187026388
48204,0.128032,-0.0386819,0.0208333,0.7887384472406677
48228,0.217934,-0.0391741,0.0208333,0.533964656604166
48252,0.219437,-0.0392297,0.0208333,0.5283261396523743
48276,0.148452,-0.0317776,0.0208333,0.1842841347757587
48300,0.258857,0.0363997,0.0208333,0.46317406381268994
48324,0.252871,0.0368064,0.0208333,0.5062470123919526
48348,0.159977,-0.0307132,0.0208333,0.3547298256324181
48372,0.217247,-0.030574,0.0208333,0.8500013394335094
48396,0.158187,-0.039143,0.0208333,0.2789199142607964
48420,0.156711,-0.0392195,0.0208333,0.32650264716899313
48444,0.282098,-0.0392161,0.0208333,0.22669871729134242
48468,0.280629,-0.0392371,0.0208333,0.21055646268213307
48492,0.114071,0.00753357,0.0208333,0.9711880570237993
48516,0.146109,-0.0317717,0.0208333,0.20922371194491532
48540,0.271549,-0.0391229,0.0208333,0.10501786413459568
48564,0.10365,0.0277626,0.0208333,0.1516220332405881
48588,0.29625,0.027753,0.0208333,0.1826091124228197
48612,0.269044,0.0270853,0.0208333,0.21437274375139112
48636,0.147058,0.0368604,0.0208333,0.33155498189147947
48660,0.141158,0.0364462,0.0208333,0.3284596054218089
48684,0.265999,-0.0355585,0.0208333,0.2653108138262836
48708,0.143773,-0.0316288,0.0208333,0.23262794789939772
48732,0.266929,-0.0369168,0.0208333,0.08431058410567442
48756,0.156662,0.00395755,0.0208333,0.5961976944378972
48780,0.275345,-0.032169,0.0208333,0.10111603444187277
48804,0.152392,0.0337004,0.0208333,0.3265763017916929
48828,0.179276,-0.033616,0.0208333,0.5146054714989339
48852,0.152754,-0.0174247,0.0208333,0.9126258908380699
48876,0.193199,-0.0153386,0.0208333,0.8499866842251261
48900,0.250431,-0.0153758,0.0208333,0.7468745848610413
48924,0.0529234,-0.00340057,0.0208333,1.182170299083167
48948,0.341194,0.00340057,0.0208333,1.3565249104789432
48972,0.352923,0.00340181,0.0208333,1.3467303038199476
48996,0.0411948,-0.00340181,0.0208333,1.1767203328720441
49020,0.382501,0.00336234,0.0208333,1.3250634317035699
49044,0.245065,-0.0351066,0.0208333,0.6437192074172603
49068,0.184844,-0.0357235,0.0208333,0.4949656767029064
49092,0.27995,-0.0338735,0.0208333,0.18635906024350843
49116,0.130616,0.0274535,0.0208333,0.2979601069840696
49140,0.236536,-0.0336239,0.0208333,0.7452010164787259
49164,0.249911,-0.0396228,0.0208333,0.33859359149159524
49188,0.132337,-0.0182652,0.0208333,0.6163514226900173
49212,0.179886,-0.039574,0.0208333,0.26571413478946315
49236,0.10063,-0.0311148,0.0208333,0.3512341855839553
49260,0.0470593,-0.00673743,0.0208333,1.1580504636867985
49284,0.347058,0.00673743,0.0208333,1.3240036781232334
49308,0.264,-0.0353348,0.0208333,0.33566762154648294
49332,0.208331,-0.0370489,0.0208333,0.6721155133707479
49356,0.279224,0.0281354,0.0208333,0.15772413248495412
49380,0.192174,-0.0322359,0.0208333,0.713232092281044
49404,0.168015,-0.0358297,0.0208333,0.20311428166183218
49428,0.273371,0.0296876,0.0208333,0.23159217058664788
49452,0.278755,-0.0291522,0.0208333,0.18068887051072072
49476,0.285701,-0.0309016,0.0208333,0.21771899136713846
49500,0.130755,-0.036066,0.0208333,0.6843210117376073
49524,0.149994,0.0323292,0.0208333,0.3255974860600223
49548,0.13793,-0.0371735,0.0208333,0.6823433751237861
49572,0.120438,0.0280619,0.0208333,0.28913554030349525
49596,0.136987,-0.0153809,0.0208333,0.9009307923186025
49620,0.153402,-0.038644,0.0208333,0.4308420645095162
49644,0.168413,-0.038412,0.0208333,0.06763228278207753
49668,0.290758,-0.0305817,0.0208333,0.24833888599502496
49692,0.014221,0.00175764,0.0208333,1.165040359208709
49716,0.0235294,-0.00327049,0.0208333,1.1690504267201116
49740,0.326471,-0.00163377,0.0208333,1.1449283035550515
49764,0.0588118,0.00327793,0.0208333,1.1850303070904755
49788,0.0175663,0.00335491,0.0208333,1.1663704667963606
49812,0.0647048,-0.00329648,0.0208333,1.1877302493461526
49836,0.0142558,-0.00161716,0.0208333,1.165040341562083
49860,0.3765,-0.00328647,0.0208333,1.1377705465322498
49884,0.0735294,0.00163524,0.0208333,1.1917804150525815
49908,0.0705882,0.00327049,0.0208333,1.1902804016225785
49932,0.31469,0.001699,0.0208333,1.3547524364674963
49956,0.0735294,-0.00163524,0.0208333,1.192100075006192
49980,0.364706,-0.00327049,0.0208333,1.1388936353221044
50004,0.323529,-0.00327049,0.0208333,1.142298780708415
50028,0.0823554,-0.00326275,0.0208333,1.1960700137448974
50052,0.31468,-0.00160308,0.0208333,1.1874550240581894
50076,0.361762,-0.00162713,0.0208333,1.1436065304052019
50100,0.061762,0.00162715,0.0208333,1.186670241906469
50124,0.376498,0.00333729,0.0208333,1.329905350811215
50148,0.0617609,-0.00166302,0.0208333,1.1865901954931428
50172,0.0323568,-0.00166304,0.0208333,1.1731402446393802
50196,0.329412,-0.00326901,0.0208333,1.1350029541423055
50220,0.0705882,-0.0032768,0.0208333,1.1904601930802006
50244,0.37355,0.00166689,0.0208333,1.3302308460020174
50268,0.01126,0.00368403,0.0208333,1.163420504043425
50292,0.317647,-0.00327049,0.0208333,1.1623744632433388
50316,0.067647,-0.00164155,0.0208333,1.1893501545788816
50340,0.370591,-0.00326597,0.0208333,1.140262733757009
50364,0.0794142,-0.0016275,0.0208333,1.1948600191733418
50388,0.326471,0.00164303,0.0208333,1.3603253686853156
50412,0.035307,-0.00333795,0.0208333,1.174200327772793
50436,0.373549,-0.00162328,0.0208333,1.1466631178966407
50460,0.335307,0.00333793,0.0208333,1.359320136196634
50484,0.332357,0.0016645,0.0208333,1.358459502448846
50508,0.332356,-0.00162568,0.0208333,1.1410037590596143
50532,0.0235294,0.00327049,0.0208333,1.1691504469429033
50556,0.358812,-0.00327791,0.0208333,1.1371424282507483
50580,0.311809,0.00339816,0.0208333,1.3552349518264897
50604,0.085311,0.00168942,0.0208333,1.1955822921002162
50628,0.085321,-0.00161267,0.0208333,1.1981005202460961
50652,0.0676471,0.00163524,0.0208333,1.1892902831224386
50676,0.0647059,0.00327049,0.0208333,1.1877403419625376
50700,0.335306,-0.00327793,0.0208333,1.13175106133536
50724,0.0881898,0.00338083,0.0208333,1.1954846332926963
50748,0.323529,0.0032768,0.0208333,1.3650151230407863
50772,0.311717,-0.00328553,0.0208333,1.1944735881152218
50796,0.0764706,-0.00327049,0.0208333,1.1931900884656512
50820,0.0323557,0.00162713,0.0208333,1.1733202418376836
50844,0.0264706,-0.00163524,0.0208333,1.170520289054311
50868,0.317657,0.00330209,0.0208333,1.3656692912768575
50892,0.0823454,0.00330983,0.0208333,1.1943111491031582
50916,0.0764706,0.00327049,0.0208333,1.1926605726128117
50940,0.320588,-0.00163524,0.0208333,1.1601711223403093
50964,0.0882872,-0.00330138,0.0208333,1.199270103986458
50988,0.0294128,-0.00329017,0.0208333,1.1716103590231075
51012,0.0294118,0.00327049,0.0208333,1.1718103796379482
51036,0.0264706,0.00163524,0.0208333,1.17062027425215
51060,0.0588107,-0.00333793,0.0208333,1.1849602812595197
51084,0.358811,0.00333795,0.0208333,1.3408934176901492
51108,0.0794142,0.00164298,0.0208333,1.1941007762495082
51132,0.361761,0.00166304,0.0208333,1.3363438831510008
51156,0.0353059,0.00327791,0.0208333,1.1744103182258578
51180,0.329413,0.00329796,0.0208333,1.3621009254156489
51204,0.320588,0.00163524,0.0208333,1.361799672296278
51228,0.364705,0.00329017,0.0208333,1.3363290257203964
51252,0.370592,0.0032947,0.0208333,1.333283979598165
51276,0.36765,-0.00163072,0.0208333,1.1448864512310775
51300,0.0205219,-0.00162243,0.0208333,1.167860310291291
51324,0.36765,0.00163977,0.0208333,1.3332688338188239
51348,0.0176011,-0.00329038,0.0208333,1.1663604504571554
51372,0.0205219,0.00164806,0.0208333,1.167930321742553
51396,0.141768,-0.0392309,0.0208333,0.7084559825976604
51420,0.270833,-0.0396087,0.0208333,0.0910699061157689
51444,0.2882,-0.0306424,0.0208333,0.2384934680986104
51468,0.123184,0.033055,0.0208333,0.30428821009962803
51492,0.249283,-0.03226,0.0208333,0.6854048849529706
51516,0.159692,0.0238616,0.0208333,0.2534689327648349
51540,0.122794,-0.0378287,0.0208333,0.7552427634347798
51564,0.172342,0.0284856,0.0208333,0.31897252727793357
51588,0.238412,-0.0357961,0.0208333,0.6798941056692385
51612,0.227517,-0.0379406,0.0208333,0.6365978611585732
51636,0.13423,-0.00502573,0.0208333,1.182766191902357
51660,0.177424,-0.0368857,0.0208333,0.3215166640842674
51684,0.293261,-0.0219175,0.0208333,0.30671538554022687
51708,0.272696,-0.0345846,0.0208333,0.1009007051162062
51732,0.187198,-0.0310851,0.0208333,0.6950413493107063
51756,0.203763,0.0297388,0.0208333,0.42779357691493597
51780,0.184568,-0.037294,0.0208333,0.4394022860419827
51804,0.249539,-0.035104,0.0208333,0.6005408604236664
51828,0.105244,-0.034673,0.0208333,0.36753008398627723
51852,0.1923,-0.0350986,0.0208333,0.6041039917083506
51876,0.265643,-0.039148,0.0208333,0.08199566805539181
51900,0.133701,-0.0320579,0.0208333,0.36270716255541247
51924,0.196805,-0.0384977,0.0208333,0.5225057403134257
51948,0.132903,-0.0384049,0.0208333,0.7916852177446918
51972,0.237609,-0.035742,0.0208333,0.6833691474573775
51996,0.109782,-0.0396157,0.0208333,0.41244847064868373
52020,0.10149,-0.0126373,0.0208333,0.2757381118526826
52044,0.298582,-0.0126373,0.0208333,0.8184692525367097
52068,0.12345,-0.0148365,0.0208333,0.7859864969419078
52092,0.18043,-0.0357729,0.0208333,0.43216427602110113
52116,0.123349,-0.0377989,0.0208333,0.7563260441177585
52140,0.144711,-0.0392218,0.0208333,0.6605154208623573
52164,0.173556,-0.0312606,0.0208333,0.5162652948573808
52188,0.230816,-0.031279,0.0208333,0.8209042394056373
52212,0.230196,-0.0379597,0.0208333,0.6245915083629127
52236,0.115697,-0.0395453,0.0208333,0.622686999871771
52260,0.191225,-0.0292516,0.0208333,0.7938436196170509
52284,0.222316,0.0278316,0.0208333,0.44691638134112527
52308,0.207625,-0.0365581,0.0208333,0.673532522634642
52332,0.162077,0.038465,0.0208333,0.35314593909017405
52356,0.118698,-0.00720403,0.0208333,1.1579043749856452
52380,0.293883,-0.0383722,0.0208333,0.2317279252277034
52404,0.167141,-0.0392134,0.0208333,0.017180862505744583
52428,0.231435,-0.0383178,0.0208333,0.6179675370499814
52452,0.146889,-0.0379212,0.0208333,0.5935957105219111
52476,0.205909,0.0369814,0.0208333,0.5363345145270698
52500,0.211791,0.0365747,0.0208333,0.5591326281597618
52524,0.276724,0.0334618,0.0208333,0.27472500111994247
52548,0.140459,-0.0323318,0.0208333,0.3133055777233506
52572,0.0470593,-0.0034585,0.0208333,1.179410358349462
52596,0.347058,0.0034585,0.0208333,1.3542119686029688
52620,0.213109,-0.033914,0.0208333,0.7703272362698101
52644,0.165705,-0.0383812,0.0208333,0.02877327444839916
52668,0.208731,-0.0171303,0.0208333,0.8533095265282588
52692,0.26052,-0.0396148,0.0208333,0.0955282069971922
52716,0.296296,-0.0270186,0.0208333,0.2172563200982885
52740,0.161251,-0.0105663,0.0208333,0.9982187660132034
52764,0.153867,0.0046691,0.0208333,0.6041818192239158
52788,0.146933,-0.00857547,0.0208333,1.1073667061858552
52812,0.157449,-0.0302091,0.0208333,0.3701630671171877
52836,0.108109,-0.0396424,0.0208333,0.35269674594171135
52860,0.191791,-0.0396067,0.0208333,0.4073249736487838
52884,0.203699,-0.0378908,0.0208333,0.6053692318738894
52908,0.190865,0.0385431,0.0208333,0.45545211120856427
52932,0.155263,0.0327145,0.0208333,0.3291578683297182
52956,0.154889,-0.0300094,0.0208333,0.3800081734293806
52980,0.101665,-0.0373257,0.0208333,0.12117994771582509
53004,0.298436,-0.0373117,0.0208333,0.11849133936330537
53028,0.291644,-0.0347498,0.0208333,0.23895502888179607
53052,0.107374,-0.0384762,0.0208333,0.34502135718992816
53076,0.227536,-0.0273562,0.0208333,0.8759966772037346
53100,0.170271,-0.0273344,0.0208333,0.6439974139040989
53124,0.294225,-0.00976997,0.0208333,0.7625358134961007
53148,0.106165,-0.00995741,0.0208333,0.8534336400427024
53172,0.216197,-0.0109448,0.0208333,0.6880115625000663
53196,0.249174,-0.0383462,0.0208333,0.4606118128739531
53220,0.203022,0.0325686,0.0208333,0.47177961338468266
53244,0.107829,-0.0315476,0.0208333,0.41583429624604074
53268,0.197003,-0.039224,0.0208333,0.46895505458882997
53292,0.195578,-0.0392234,0.0208333,0.4509917015774481
53316,0.190122,-0.0377903,0.0208333,0.4892406860297062
53340,0.240936,-0.035643,0.0208333,0.6698291659767212
53364,0.296252,-0.0317163,0.0208333,0.19452372601882886
53388,0.105457,-0.0151894,0.0208333,0.2886048634015276
53412,0.299197,-0.0358254,0.0208333,0.11893688881961727
53436,0.185521,0.0289682,0.0208333,0.3477772613721311
53460,0.293151,0.0153124,0.0208333,0.2497368725293417
53484,0.199616,-0.0372435,0.0208333,0.6041552200975776
53508,0.229362,0.0370774,0.0208333,0.5946167741874678
53532,0.270666,-0.028323,0.0208333,0.5196177120192348
53556,0.250604,0.0291847,0.0208333,0.3935293840246448
53580,0.14924,0.0294578,0.0208333,0.30124197010866155
53604,0.261186,-0.0348704,0.0208333,0.42692689455873833
53628,0.100377,-0.0379166,0.0208333,0.049045162484897535
53652,0.299622,-0.0379148,0.0208333,0.07999206137836429
53676,0.291179,0.0176899,0.0208333,0.22074959649731168
53700,0.0499912,-0.00178006,0.0208333,1.180980233309248
53724,0.349991,0.0017813,0.0208333,1.3471769809928744
53748,0.344126,0.00178006,0.0208333,1.3540039763556957
53772,0.0441269,-0.0017813,0.0208333,1.1782902406885905
53796,0.385851,0.00167045,0.0208333,1.3185067534407067
53820,0.299117,-0.034204,0.0208333,0.1318070752562623
53844,0.214887,-0.0393525,0.0208333,0.5235032698253187
53868,0.251609,-0.0396363,0.0208333,0.3340487581510767
53892,0.211166,-0.0379998,0.0208333,0.627198679440444
53916,0.240354,-0.0392425,0.0208333,0.4185020136948345
53940,0.218982,-0.0380363,0.0208333,0.630843468744018
53964,0.156972,-0.025959,0.0208333,0.6093930428450146
53988,0.199173,-0.0367498,0.0208333,0.6076860537036344
54012,0.242983,-0.032992,0.0208333,0.7146253216037103
54036,0.155445,0.0385256,0.0208333,0.33926698978246395
54060,0.220118,-0.0373153,0.0208333,0.6813114377699521
54084,0.150866,-0.0392245,0.0208333,0.5191096358148826
54108,0.167298,-0.0352663,0.0208333,0.2195069627644913
54132,0.132989,-0.0369554,0.0208333,0.7261815410111306
54156,0.148453,-0.0378975,0.0208333,0.5557476243402475
54180,0.148354,-0.0370446,0.0208333,0.5047126582288343
54204,0.00560226,0.00505451,0.0208333,1.1611010532229877
54228,0.394401,-0.00502419,0.0208333,1.013380293466524
54252,0.262297,-0.0373115,0.0208333,0.23952101826214417
54276,0.169993,-0.0178697,0.0208333,0.9345136870151848
54300,0.128284,-0.0393676,0.0208333,0.7914544177347603
54324,0.126929,-0.0393703,0.0208333,0.7812474035606329
54348,0.191192,0.0328934,0.0208333,0.42506964590365903
54372,0.255844,0.0384174,0.0208333,0.4861799295540459
54396,0.247687,-0.0392676,0.0208333,0.37834591410956575
54420,0.213497,-0.0393001,0.0208333,0.5164293329299858
54444,0.173218,-0.0392628,0.0208333,0.14295251047876598
54468,0.174598,-0.0392626,0.0208333,0.18003903677443844
54492,0.274661,-0.0384161,0.0208333,0.16362803283654698
54516,0.153689,-0.0392865,0.0208333,0.4317843247849787
54540,0.1975,0.0385963,0.0208333,0.49425878485367597
54564,0.174391,-0.0385723,0.0208333,0.21031233823438059
54588,0.159033,-0.0351581,0.0208333,0.13568322416883694
54612,0.153509,0.00797655,0.0208333,0.4416788875685956
54636,0.00607623,0.00750385,0.0208333,1.1588901683663229
54660,0.393924,-0.00748266,0.0208333,0.6351635112619411
54684,0.101429,0.0365606,0.0208333,0.05378903276254371
54708,0.298571,0.0365606,0.0208333,0.06937846829054459
54732,0.116948,-0.0156618,0.0208333,0.4376016624248044
54756,0.234395,-0.0383633,0.0208333,0.6016812172449119
54780,0.227437,-0.0364873,0.0208333,0.6992765216943454
54804,0.225742,-0.0173967,0.0208333,0.8244118981921441
54828,0.214726,-0.038662,0.0208333,0.6027571909049119
54852,0.274599,-0.0341765,0.0208333,0.13483977075766632
54876,0.303388,0.00855966,0.0208333,1.1950942555268778
54900,0.0967098,0.00860407,0.0208333,1.1365715532651985
54924,0.103389,0.0385606,0.0208333,0.0880082646483272
54948,0.296611,0.0385606,0.0208333,0.07908075953264486
54972,0.184599,-0.0216902,0.0208333,0.9073322881167545
54996,0.241836,-0.0217115,0.0208333,0.828865547670942
55020,0.25245,-0.0346637,0.0208333,0.5800179686496829
55044,0.195217,-0.0346749,0.0208333,0.6476552288571752
55068,0.0116557,-0.0069407,0.0208333,1.1585504829957827
55092,0.14416,0.0384211,0.0208333,0.3294553065521788
55116,0.145188,-0.0353357,0.0208333,0.4611225975727171
55140,0.284944,-0.0383498,0.0208333,0.2540579497713071
55164,0.280109,-0.0245277,0.0208333,0.43878963635323026
55188,0.179356,-0.0269547,0.0208333,0.7429466221193567
55212,0.236605,-0.026975,0.0208333,0.8481106529912072
55236,0.111906,-0.0305397,0.0208333,0.36631090850096876
55260,0.285449,-0.0378392,0.0208333,0.2562569058567008
55284,0.168305,-0.0339774,0.0208333,0.29596832618405045
55308,0.116261,-0.0267315,0.0208333,0.14662382921079675
55332,0.101975,-0.0380791,0.0208333,0.12317624537405092
55356,0.298119,-0.0380454,0.0208333,0.1281002209173739
55380,0.103143,-0.03132,0.0208333,0.3961541680394925
55404,0.0988104,0.00655605,0.0208333,1.136669163130372
55428,0.301431,0.00644568,0.0208333,1.1932961606148054
55452,0.19863,-0.0383174,0.0208333,0.5568216491704445
55476,0.173389,-0.035713,0.0208333,0.304848464202641
55500,0.224333,-0.0265381,0.0208333,0.8892619318776442
55524,0.166986,-0.0264849,0.0208333,0.6497051971654005
55548,0.150964,-0.0304426,0.0208333,0.240302614449765
55572,0.221032,-0.0256992,0.0208333,0.8986194081816288
55596,0.208198,-0.0272796,0.0208333,0.8949228750493797
55620,0.265319,-0.0271758,0.0208333,0.6296348369903433
55644,0.236297,-0.0351716,0.0208333,0.7076582039400627
55668,0.234999,0.0369751,0.0208333,0.5907121440682036
55692,0.25824,-0.0323493,0.0208333,0.571670805730575
55716,0.179025,-0.035182,0.0208333,0.43448207453174004
55740,0.235322,-0.0373682,0.0208333,0.6419076124868487
55764,0.115013,-0.0372917,0.0208333,0.6280200702990172
55788,0.273667,-0.0276111,0.0208333,0.4806064996991718
55812,0.277579,-0.0170944,0.0208333,0.7109037863726427
55836,0.284533,-0.035079,0.0208333,0.23184858405142353
55860,0.298923,-0.0322567,0.0208333,0.14511156707071976
55884,0.138059,-0.0396133,0.0208333,0.7505493755311196
55908,0.170813,0.0369026,0.0208333,0.3720411227167992
55932,0.176435,0.036992,0.0208333,0.3950662914477827
55956,0.0112515,-0.00356939,0.0208333,1.163410472495589
55980,0.229077,-0.0395844,0.0208333,0.503287752287598
56004,0.12947,-0.0287603,0.0208333,0.11475859352865432
56028,0.101219,-0.0174438,0.0208333,0.45430646375016775
56052,0.293297,-0.0305203,0.0208333,0.23896509670813854
56076,0.106843,-0.0372285,0.0208333,0.36229666535792954
56100,0.225492,-0.0383192,0.0208333,0.6258715309663894
56124,0.11078,-0.0384262,0.0208333,0.4986803954348861
56148,0.100776,-0.0372339,0.0208333,0.09008018182541597
56172,0.299227,-0.0372363,0.0208333,0.10476276047379622
56196,0.295191,-0.0344588,0.0208333,0.20430792909395978
56220,0.135438,-0.0282753,0.0208333,0.12257266170449102
56244,0.187299,-0.0396277,0.0208333,0.3510848183921049
56268,0.189682,-0.0370788,0.0208333,0.509829443847898
56292,0.182918,-0.0378668,0.0208333,0.37978846695675855
56316,0.216059,-0.0312669,0.0208333,0.8471298108218244
56340,0.224824,-0.0356201,0.0208333,0.7350521761558738
56364,0.156198,0.0179914,0.0208333,0.13605243921196009
56388,0.213382,-0.0270104,0.0208333,0.9018303838627788
56412,0.245578,-0.0396277,0.0208333,0.38136583588268325
56436,0.265001,-0.0363745,0.0208333,0.20945772739147153
56460,0.265744,-0.0363963,0.0208333,0.20516929318295754
56484,0.224863,-0.037836,0.0208333,0.6355632358821818
56508,0.230044,0.0342394,0.0208333,0.5523110072303168
56532,0.249091,-0.0391742,0.0208333,0.362759478520342
56556,0.19416,-0.0234519,0.0208333,0.9063634735670852
56580,0.251382,-0.0234695,0.0208333,0.7786690551687733
56604,0.277831,-0.035171,0.0208333,0.17783483489778962
56628,0.140231,-0.0383844,0.0208333,0.721763892479556
56652,0.10104,-0.0216791,0.0208333,0.5016522151637268
56676,0.282896,-0.037873,0.0208333,0.24781894420415077
56700,0.279207,-0.0383015,0.0208333,0.21886023841415322
56724,0.190755,-0.0378938,0.0208333,0.49370699754089864
56748,0.161937,-0.0396663,0.0208333,0.16413452377637955
56772,0.199333,-0.0278189,0.0208333,0.8693282144686583
56796,0.256561,-0.027816,0.0208333,0.7032879464719344
56820,0.398516,-0.00254153,0.0208333,1.1173026094420664
56844,0.00148681,0.00255067,0.0208333,1.1600000377956743
56868,0.398433,0.0025242,0.0208333,1.2499660002166861
56892,0.00156811,-0.00250652,0.0208333,1.1600000375864126
56916,0.101678,-0.026969,0.0208333,0.4720922004231509
56940,0.125644,-0.0234907,0.0208333,0.19595421181681094
56964,0.233358,-0.0260106,0.0208333,0.8659633919829519
56988,0.176102,-0.0259862,0.0208333,0.7392991942817715
57012,0.121734,-0.0379002,0.0208333,0.7453446172883149
57036,0.281487,-0.0370612,0.0208333,0.23202656196084534
57060,0.133656,-0.0156407,0.0208333,0.9140755367501776
57084,0.168936,-0.0380667,0.0208333,0.10118189169459572
57108,0.142498,-0.00237757,0.0208333,1.0920038854071883
57132,0.190715,-0.0345339,0.0208333,0.6058029770037657
57156,0.239615,-0.0329359,0.0208333,0.7373315812761386
57180,0.148138,-0.0258624,0.0208333,0.4743800947829666
57204,0.258218,-0.039164,0.0208333,0.18888553609457265
57228,0.273913,-0.0226885,0.0208333,0.6505492405180562
57252,0.247902,-0.0344932,0.0208333,0.6377328975743152
57276,0.297219,-0.0313833,0.0208333,0.17738165160162422
57300,0.388442,0.00695968,0.0208333,1.2864323823995687
57324,0.145939,-0.0358167,0.0208333,0.4749103032494673
57348,0.21221,-0.0303727,0.0208333,0.8619300833933332
57372,0.145972,-0.03664,0.0208333,0.5423393820805275
57396,0.100814,-0.03969,0.0208333,0.03203744119042593
57420,0.299185,-0.0396866,0.0208333,0.02961616395645121
57444,0.189036,-0.0339068,0.0208333,0.6080583927948152
57468,0.194174,-0.03709,0.0208333,0.5575675155093743
57492,0.180725,-0.0383907,0.0208333,0.3340454962068616
57516,0.187258,-0.0332699,0.0208333,0.6077292045218101
57540,0.281622,-0.0288124,0.0208333,0.09704419584421317
57564,0.197684,0.0330851,0.0208333,0.45286712568082543
57588,0.137295,-0.0384114,0.0208333,0.7593602895685025
57612,0.216766,-0.0378487,0.0208333,0.6473839531288152
57636,0.244033,0.0319804,0.0208333,0.487347824645243
57660,0.146477,-0.0247168,0.0208333,0.5123217101929564
57684,0.219226,-0.0263242,0.0208333,0.8993619429332496
57708,0.235152,-0.0380887,0.0208333,0.5987833548797619
57732,0.105625,-0.037836,0.0208333,0.27230128864925507
57756,0.243285,0.0289631,0.0208333,0.41875562423406043
57780,0.217946,-0.0231658,0.0208333,0.8989357090604941
57804,0.286635,0.028597,0.0208333,0.15376136288438166
57828,0.218672,-0.0396213,0.0208333,0.5229120360323213
57852,0.20003,-0.0383962,0.0208333,0.5641720265982727
57876,0.102349,0.00133761,0.0208333,1.224733992963863
57900,0.263738,-0.0344477,0.0208333,0.4189748948256553
57924,0.262789,-0.0342538,0.0208333,0.42658240742489617
57948,0.262654,-0.0391742,0.0208333,0.03104232003645346
57972,0.24259,-0.0350073,0.0208333,0.67083697423188
57996,0.27475,-0.0369509,0.0208333,0.17091237560970504
58020,0.225875,-0.0368208,0.0208333,0.6844113373220236
58044,0.261827,-0.0147144,0.0208333,0.7356807454952887
58068,0.168676,-0.0303295,0.0208333,0.49916985167070127
58092,0.256707,-0.0382724,0.0208333,0.3356828164859881
58116,0.136521,-0.0380269,0.0208333,0.7644793399681724
58140,0.157457,-0.0396504,0.0208333,0.2984332520024136
58164,0.238352,0.0314681,0.0208333,0.4963862785902209
58188,0.194636,-0.0378087,0.0208333,0.5360216515815435
58212,0.19363,-0.0339855,0.0208333,0.6582251178681223
58236,0.281343,-0.0396338,0.0208333,0.2139121105498632
58260,0.25086,-0.0339687,0.0208333,0.6207924294134858
58284,0.256675,-0.0366166,0.0208333,0.4294359529626989
58308,0.38886,0.00360937,0.0208333,1.309511272817507
58332,0.261992,-0.0379913,0.0208333,0.19742937184088113
58356,0.295927,-0.0349608,0.0208333,0.18950123184003317
58380,0.108227,-0.0241648,0.0208333,0.37348377393003585
58404,0.216137,-0.0326299,0.0208333,0.8098297903611639
58428,0.100317,-0.0392271,0.0208333,0.02009626813647748
58452,0.299682,-0.0392237,0.0208333,0.03318559077400913
58476,0.246474,-0.0386682,0.0208333,0.46641198510687565
58500,0.276852,-0.0268855,0.0208333,0.4313427108610971
58524,0.179052,-0.032585,0.0208333,0.5552490476023428
58548,0.100942,-0.035798,0.0208333,0.1538158452247687
58572,0.192646,-0.0341474,0.0208333,0.6510094883400679
58596,0.104772,-0.0256075,0.0208333,0.46121051990182194
58620,0.249879,-0.0341519,0.0208333,0.626095880981744
58644,0.259559,-0.0264986,0.0208333,0.6992337775239326
58668,0.202312,-0.0266058,0.0208333,0.894763243648777
58692,0.236309,-0.0325983,0.0208333,0.7747662534470645
58716,0.104448,-0.0371655,0.0208333,0.25331596327220296
58740,0.12196,-0.0216836,0.0208333,0.25012976099839423
58764,0.208789,0.0384887,0.0208333,0.548730161668618
58788,0.113271,0.0285894,0.0208333,0.24170655115099302
58812,0.200601,0.0339211,0.0208333,0.4648195206338585
58836,0.111741,-0.0229932,0.0208333,0.23300638698421572
58860,0.225062,-0.0370291,0.0208333,0.6849678206710575
58884,0.233358,-0.0334606,0.0208333,0.7665043820399406
58908,0.176091,-0.0334281,0.0208333,0.47380965214348536
58932,0.211026,-0.0244062,0.0208333,0.9088088120747733
58956,0.188297,-0.0301122,0.0208333,0.7321133504457685
58980,0.290862,-0.0354281,0.0208333,0.24164794368154677
59004,0.299086,-0.0217714,0.0208333,0.2934272969634045
59028,0.110689,-0.0370802,0.0208333,0.5115942672528223
59052,0.186311,-0.0336169,0.0208333,0.597549312590121
59076,0.173212,-0.0365404,0.0208333,0.26028384245185404
59100,0.166602,-0.035719,0.0208333,0.17916233635177747
59124,0.11936,-0.0330365,0.0208333,0.47871042608980596
59148,0.225971,-0.0303932,0.0208333,0.8475263202006027
59172,0.279198,-0.036991,0.0208333,0.21338312457703867
59196,0.274013,-0.0380422,0.0208333,0.1593525155445715
59220,0.10945,-0.0298326,0.0208333,0.3784849131104342
59244,0.106599,-0.0319566,0.0208333,0.4104716386350126
59268,0.246247,-0.0339268,0.0208333,0.6672036948918305
59292,0.271288,-0.0382933,0.0208333,0.1422741055293267
59316,0.167702,-0.0365995,0.0208333,0.14442566142892369
59340,0.269002,-0.0368838,0.0208333,0.10139337027136242
59364,0.297372,-0.0097059,0.0208333,1.0646493607082521
59388,0.102999,-0.00991855,0.0208333,0.8127474303685299
59412,0.205352,-0.0339289,0.0208333,0.7488689589186914
59436,0.139384,-0.031785,0.0208333,0.3023855875976382
59460,0.103454,0.00422879,0.0208333,1.2106845701770492
59484,0.215084,-0.0331049,0.0208333,0.806716423061402
59508,0.186034,-0.0375859,0.0208333,0.448542853316994
59532,0.170877,-0.0253449,0.0208333,0.7498589658229969
59556,0.228107,-0.0253634,0.0208333,0.8826322700764738
59580,0.14258,-0.0293988,0.0208333,0.1988847233687746
59604,0.185909,-0.0382368,0.0208333,0.41208561853109615
59628,0.131353,-0.0382537,0.0208333,0.7926130852747209
59652,0.128946,-0.00763816,0.0208333,1.182826900082856
59676,0.265394,-0.0350417,0.0208333,0.3315358642305009
59700,0.117713,-0.0370184,0.0208333,0.6765444651581204
59724,0.11298,-0.0103154,0.0208333,0.9325318675053438
59748,0.253741,-0.038362,0.0208333,0.3802291120982389
59772,0.182289,-0.0224456,0.0208333,0.9024440057926456
59796,0.239528,-0.0224638,0.0208333,0.8362321420381865
59820,0.265687,0.027181,0.0208333,0.24865683530855853
59844,0.262699,-0.0250217,0.0208333,0.6959724899630105
59868,0.205479,-0.0250455,0.0208333,0.9063113131153786
59892,0.270053,-0.0392161,0.0208333,0.09588282557760591
59916,0.237134,-0.0351063,0.0208333,0.7055532628384059
59940,0.239956,-0.0366021,0.0208333,0.6451745804118403
59964,0.179902,-0.0350983,0.0208333,0.4465351062913416
59988,0.270213,-0.0265209,0.0208333,0.6047789413216466
60012,0.182442,-0.032854,0.0208333,0.5810433036982674
60036,0.213776,-0.0373081,0.0208333,0.6746761607489677
60060,0.169597,-0.0324178,0.0208333,0.4041982913332915
60084,0.180568,0.0313955,0.0208333,0.36988860166279375
60108,0.226397,-0.0373466,0.0208333,0.669260969466398
60132,0.306183,0.0037368,0.0208333,1.3284178457269986
60156,0.0940394,0.00376129,0.0208333,1.1926106644895647
60180,0.226831,-0.0324849,0.0208333,0.8054632226941636
60204,0.141524,-0.0316164,0.0208333,0.26161567647724954
60228,0.142528,-0.039636,0.0208333,0.693336477938127
60252,0.106094,-0.0383791,0.0208333,0.29077411993334706
60276,0.212599,-0.0228381,0.0208333,0.9037448250114161
60300,0.263175,-0.0374013,0.0208333,0.2181363426018097
60324,0.396779,-0.00889292,0.0208333,0.6125869252966211
60348,0.00322129,0.00889797,0.0208333,1.1584300111703307
60372,0.396775,0.00889437,0.0208333,1.2693849286005343
60396,0.00322892,-0.00888919,0.0208333,1.1583900082472456
60420,0.134126,0.0273661,0.0208333,0.29610200313422774
60444,0.225987,-0.0347097,0.0208333,0.7528622203455335
60468,0.175571,-0.0378506,0.0208333,0.25473626687546
60492,0.111414,-0.0372019,0.0208333,0.5271022682274176
60516,0.10643,-0.0332347,0.0208333,0.40928772907777233
60540,0.295316,-0.0254759,0.0208333,0.23797935277164275
60564,0.227591,-0.0163716,0.0208333,0.8162379697372297
60588,0.302744,-0.00203422,0.0208333,1.307926649022291
60612,0.180155,-0.0379039,0.0208333,0.3318754121168539
60636,0.119677,-0.0220783,0.0208333,0.22435998297506263
60660,0.158973,-0.0360848,0.0208333,0.14902088679745837
60684,0.223532,-0.0166207,0.0208333,0.8139111743199814
60708,0.137205,-0.0308187,0.0208333,0.22236055587319348
60732,0.182713,0.0335244,0.0208333,0.393331606773374
60756,0.295258,-0.0370631,0.0208333,0.20573173525005808
60780,0.129714,-0.0187859,0.0208333,0.607310908257516
60804,0.27569,0.0274799,0.0208333,0.1817576386715419
60828,0.240565,-0.0372204,0.0208333,0.6172679210745381
60852,0.185386,-0.0370869,0.0208333,0.4510616432254239
60876,0.113437,-0.0384377,0.0208333,0.5879005406927539
60900,0.266184,-0.0369929,0.0208333,0.11015919934866991
60924,0.259434,-0.0325055,0.0208333,0.566465063031955
60948,0.147716,-0.0383304,0.0208333,0.5791386803591447
60972,0.143242,-0.0392569,0.0208333,0.6860789425994548
60996,0.298164,-0.0197414,0.0208333,0.3520545465651736
61020,0.152296,-0.0297394,0.0208333,0.3484260851595812
61044,0.208989,-0.0238226,0.0208333,0.9068834394533853
61068,0.233422,-0.0312796,0.0208333,0.8083999695145014
61092,0.176164,-0.0312586,0.0208333,0.5783965673202585
61116,0.216022,-0.0279797,0.0208333,0.8892453144038974
61140,0.12381,0.0276089,0.0208333,0.29503112825607863
61164,0.214096,-0.0186332,0.0208333,0.8694511343735115
61188,0.238809,-0.0382971,0.0208333,0.5848276912994994
61212,0.267966,-0.0362369,0.0208333,0.11315489812752252
61236,0.246325,-0.0393439,0.0208333,0.3755733155765007
61260,0.216254,-0.0384585,0.0208333,0.6164907617799892
61284,0.140292,-0.0269536,0.0208333,0.25458115146103044
61308,0.143998,-0.0396209,0.0208333,0.6695788227457888
61332,0.165744,-0.0228585,0.0208333,0.7746780665855336
61356,0.189482,-0.0383593,0.0208333,0.4604587310901802
61380,0.161457,0.0269227,0.0208333,0.2887121629826878
61404,0.296078,-0.0296054,0.0208333,0.20726197031534754
61428,0.109248,-0.020479,0.0208333,0.31581865565398837
61452,0.239801,0.0285937,0.0208333,0.4361183424191493
61476,0.203935,-0.0349235,0.0208333,0.7078557758966428
61500,0.198019,-0.0362069,0.0208333,0.6221989318304108
61524,0.164507,-0.0187176,0.0208333,0.8915571632413719
61548,0.16027,-0.0292287,0.0208333,0.45658676398839665
61572,0.149724,-0.0296597,0.0208333,0.2843460922652691
61596,0.255345,-0.036271,0.0208333,0.4737828163996291
61620,0.295381,-0.0383037,0.0208333,0.20112963359000582
61644,0.141403,-0.0301589,0.0208333,0.19621357706481068
61668,0.114435,-0.0270766,0.0208333,0.200078103772617
61692,0.137709,-0.00527546,0.0208333,1.1762605372198012
61716,0.294384,-0.0313433,0.0208333,0.22880252313591298
61740,0.271438,-0.0331869,0.0208333,0.24672618637325466
61764,0.165223,0.036609,0.0208333,0.3598727035280043
61788,0.232422,-0.0363848,0.0208333,0.6883340869471758
61812,0.125462,-0.0333412,0.0208333,0.4794314178280853
61836,0.138425,-0.032521,0.0208333,0.34593737786832807
61860,0.132704,-0.0328245,0.0208333,0.4024868768391242
61884,0.129018,-0.0331771,0.0208333,0.4518681800588442
61908,0.118917,-0.0243406,0.0208333,0.11773433529804506
61932,0.220901,-0.0384011,0.0208333,0.6300526112917177
61956,0.10539,-0.0336051,0.0208333,0.38310764444329276
61980,0.113929,-0.0287611,0.0208333,0.2617816425611857
62004,0.18926,-0.0308457,0.0208333,0.729830162613915
62028,0.289058,-0.0259075,0.0208333,0.21488924148242042
62052,0.266079,-0.0236615,0.0208333,0.6899715394126255
62076,0.121629,-0.0171603,0.0208333,0.4441557433732768
62100,0.245326,-0.0341611,0.0208333,0.6718659040880768
62124,0.166419,-0.0396299,0.0208333,0.0438910273244145
62148,0.269429,-0.037365,0.0208333,0.12959150890212676
62172,0.232663,-0.0222034,0.0208333,0.8658922129023281
62196,0.142127,-0.0371301,0.0208333,0.6224260947706322
62220,0.175417,-0.0222026,0.0208333,0.8549231270068796
62244,0.110584,-0.0392136,0.0208333,0.4532745488979134
62268,0.110728,-0.0356341,0.0208333,0.4994043045140096
62292,0.283041,-0.029529,0.0208333,0.140779798098946
62316,0.16174,-0.0285288,0.0208333,0.5101812968139219
62340,0.276955,-0.0350286,0.0208333,0.17339572373601492
62364,0.174467,-0.0176417,0.0208333,0.9257164174458907
62388,0.23181,-0.017546,0.0208333,0.8239950229127849
62412,0.172826,-0.0248211,0.0208333,0.7518850371973067
62436,0.230053,-0.0248404,0.0208333,0.8799116829426207
62460,0.148482,-0.0303668,0.0208333,0.19416689732767145
62484,0.143846,-0.0302164,0.0208333,0.19207239050262379
62508,0.173664,-0.0372038,0.0208333,0.24677037409090277
62532,0.111699,0.0337319,0.0208333,0.22895971056303246
62556,0.279355,-0.0347394,0.0208333,0.18724453169575475
62580,0.104925,-0.0378429,0.0208333,0.2581499178713968
62604,0.268417,-0.0260977,0.0208333,0.62127082767304
62628,0.133757,-0.0305267,0.0208333,0.222084236467399
62652,0.202967,-0.0383837,0.0208333,0.5889831274750971
62676,0.288053,-0.0289862,0.0208333,0.220269669982111
62700,0.27855,-0.027491,0.0208333,0.3320543347405662
62724,0.288269,0.0337321,0.0208333,0.1887533944080996
62748,0.281484,-0.0272636,0.0208333,0.17109765103647684
62772,0.243494,-0.034682,0.0208333,0.6672653901809696
62796,0.172475,-0.0377294,0.0208333,0.1986005936323112
62820,0.151094,-0.0356371,0.0208333,0.36752267365722485
62844,0.108092,-0.0302125,0.0208333,0.4013189562513748
62868,0.157684,-0.0287361,0.0208333,0.4558207015448245
62892,0.264633,-0.0253479,0.0208333,0.6901617230959246
62916,0.207526,-0.0254007,0.0208333,0.9090161698026559
62940,0.273274,-0.0371037,0.0208333,0.16478710218839945
62964,0.241091,-0.0347962,0.0208333,0.6880270600517453
62988,0.104219,-0.00356939,0.0208333,1.2600525345774987
63012,0.211538,-0.0358894,0.0208333,0.7244147676723937
63036,0.258692,-0.0246086,0.0208333,0.738889584606074
63060,0.201457,-0.0246155,0.0208333,0.912192782843007
63084,0.123024,-0.0193403,0.0208333,0.39081348660432685
63108,0.114885,-0.0384307,0.0208333,0.6246488877613168
63132,0.251289,-0.0329196,0.0208333,0.6451447405773268
63156,0.274433,-0.0330798,0.0208333,0.10021210194846727
63180,0.27364,-0.0307676,0.0208333,0.3367876584160411
63204,0.194079,-0.0329346,0.0208333,0.7042712719496724
63228,0.259847,-0.0228341,0.0208333,0.7379360191260866
63252,0.202665,-0.0228144,0.0208333,0.9069287999337555
63276,0.262511,-0.0332467,0.0208333,0.497665419441154
63300,0.16742,-0.0244321,0.0208333,0.757873299173886
63324,0.224817,-0.0245185,0.0208333,0.8916654135556618
63348,0.242695,-0.0319259,0.0208333,0.75126115514799
63372,0.106288,-0.0176069,0.0208333,0.37991789817788474
63396,0.273335,-0.025878,0.0208333,0.5656212638973618
63420,0.234049,-0.0239162,0.0208333,0.8620840584901762
63444,0.194051,-0.0383748,0.0208333,0.5102592215080978
63468,0.176794,-0.0238888,0.0208333,0.844756234706214
63492,0.189449,-0.032881,0.0208333,0.6669878341462041
63516,0.138018,-0.0380196,0.0208333,0.748529526227919
63540,0.187998,0.0369083,0.0208333,0.4404101815167079
63564,0.134352,-0.0384314,0.0208333,0.7867516957497366
63588,0.181998,-0.0248144,0.0208333,0.8352021261630223
63612,0.239237,-0.0248289,0.0208333,0.8438179470323112
63636,0.101949,-0.0235585,0.0208333,0.5021094138749541
63660,0.135798,-0.0384163,0.0208333,0.7745294224012946
63684,0.218794,0.0276881,0.0208333,0.44231598736027666
63708,0.145511,-0.0281867,0.0208333,0.26044815211148725
63732,0.168464,-0.0328843,0.0208333,0.36975654871885644
63756,0.222232,-0.0382262,0.0208333,0.6340672009094128
63780,0.240121,-0.0358752,0.0208333,0.6724071506129441
63804,0.122189,-0.00733806,0.0208333,1.1609369156439302
63828,0.236191,-0.0373278,0.0208333,0.6384955047392288
63852,0.270141,-0.0373304,0.0208333,0.1344356892760252
63876,0.276128,-0.0372046,0.0208333,0.18138169426029987
63900,0.291462,0.0122186,0.0208333,0.4109771781743171
63924,0.15096,-0.0372709,0.0208333,0.45279833742722864
63948,0.275471,-0.0345175,0.0208333,0.16215513517076785
63972,0.185115,-0.0349194,0.0208333,0.5435643755343514
63996,0.258796,-0.0207138,0.0208333,0.7529066547336555
64020,0.201632,-0.020664,0.0208333,0.8972200862556728
64044,0.21199,-0.0383936,0.0208333,0.6258795407851658
64068,0.135052,-0.0380637,0.0208333,0.778230499369104
64092,0.268598,-0.0383247,0.0208333,0.12270921360826986
64116,0.147263,-0.000603559,0.0208333,0.9257029827407451
64140,0.298426,-0.0359139,0.0208333,0.12985725857440544
64164,0.118832,-0.031018,0.0208333,0.31847370095284727
64188,0.1818,-0.0348403,0.0208333,0.4983014344617672
64212,0.261267,-0.039184,0.0208333,0.07721318191360592
64236,0.212149,-0.0203751,0.0208333,0.8863154774482108
64260,0.234955,-0.0343484,0.0208333,0.7372871351691724
64284,0.177676,-0.034348,0.0208333,0.4535894663426432
64308,0.253962,-0.0259846,0.0208333,0.7484201891227592
64332,0.196743,-0.0259552,0.0208333,0.8901333325758922
64356,0.259798,-0.0336912,0.0208333,0.505108482868678
64380,0.128998,-0.0212702,0.0208333,0.35384198088622837
64404,0.132044,-0.0130283,0.0208333,0.9624488090664407
64428,0.176217,-0.0197371,0.0208333,0.9157799868772343
64452,0.23346,-0.0197365,0.0208333,0.8365182859774832
64476,0.282995,-0.0351334,0.0208333,0.22518804014845017
64500,0.196269,-0.0396785,0.0208333,0.43987391417772725
64524,0.196274,-0.0238013,0.0208333,0.9105298893504068
64548,0.16632,-0.020565,0.0208333,0.8771437226879192
64572,0.196687,-0.0336327,0.0208333,0.6949579049567493
64596,0.253495,-0.0238358,0.0208333,0.7715358395670384
64620,0.108858,-0.00162501,0.0208333,1.277955385374583
64644,0.107359,-0.0392373,0.0208333,0.32320245848293433
64668,0.264476,-0.0338046,0.0208333,0.4204275926834062
64692,0.253911,-0.033636,0.0208333,0.5958536442498333
64716,0.202611,-0.0338275,0.0208333,0.7331332187358599
64740,0.122334,-0.0383811,0.0208333,0.7514342588550537
64764,0.11275,-0.0379951,0.0208333,0.5694836168258927
64788,0.149003,-0.0366431,0.0208333,0.4773954174958872
64812,0.20446,-0.014665,0.0208333,0.8287559481646412
64836,0.116879,-0.0247887,0.0208333,0.11531515472096632
64860,0.222632,-0.0375814,0.0208333,0.6616273525770247
64884,0.103319,0.0334259,0.0208333,0.11530217950169024
64908,0.296586,0.0334157,0.0208333,0.13698702379568659
64932,0.142842,-0.0279093,0.0208333,0.23951881384122545
64956,0.158111,-0.0106163,0.0208333,1.0122712143969994
64980,0.14856,-0.00568799,0.0208333,1.0579492229777618
65004,0.112325,-0.0290639,0.0208333,0.29982213033223276
65028,0.155119,-0.0373507,0.0208333,0.3323860737516667
65052,0.190593,-0.0306935,0.0208333,0.7378979082996577
65076,0.269947,-0.0384913,0.0208333,0.1331468949179439
65100,0.106974,-0.00451613,0.0208333,1.283648270013716
65124,0.2961,-0.0329101,0.0208333,0.1908909313086664
65148,0.128854,-0.0129361,0.0208333,0.968598651019519
65172,0.144153,-0.00450343,0.0208333,1.095717449509722
65196,0.270465,-0.0380543,0.0208333,0.13817461723507687
65220,0.130981,-0.0368386,0.0208333,0.7269959557772812
65244,0.118923,-0.03759,0.0208333,0.7149077546282139
65268,0.102709,-0.0151186,0.0208333,0.4174232711898181
65292,0.210066,-0.0360762,0.0208333,0.7075326596365407
65316,0.184044,-0.0360093,0.0208333,0.4819618613128469
65340,0.276005,-0.0384477,0.0208333,0.17565419762344536
65364,0.232353,0.038747,0.0208333,0.5984170861322823
65388,0.114236,-0.0373762,0.0208333,0.6130524017044632
65412,0.264257,-0.032924,0.0208333,0.4761306200005449
65436,0.15246,0.036965,0.0208333,0.33573797237862063
65460,0.18513,-0.0384993,0.0208333,0.40030421807263794
65484,0.241049,-0.0396803,0.0208333,0.39120674905899305
65508,0.180486,-0.0371709,0.0208333,0.37505519068897364
65532,0.172258,-0.0186305,0.0208333,0.9307933952058521
65556,0.252766,0.0338976,0.0208333,0.4550332733163766
65580,0.101744,-0.0358881,0.0208333,0.16998621299480027
65604,0.110248,-0.024418,0.0208333,0.27427914160343747
65628,0.16944,-0.0238542,0.0208333,0.7608587929570176
65652,0.226722,-0.0239051,0.0208333,0.8889936849379191
65676,0.12391,-0.0383137,0.0208333,0.762369690853769
65700,0.261932,-0.023049,0.0208333,0.7321566230633975
65724,0.20477,-0.0230326,0.0208333,0.91003268896841
65748,0.151554,-0.0396645,0.0208333,0.49339518831882784
65772,0.396949,-1.73289e-05,0.0208333,1.2084175864531754
65796,0.00305493,4.4147e-05,0.0208333,1.160680001564858
65820,0.138407,-0.0128362,0.0208333,1.0731592182126939
65844,0.219378,-0.0105821,0.0208333,0.6900904478368813
65868,0.155664,-0.0379111,0.0208333,0.33293473899763915
65892,0.191131,-0.0384731,0.0208333,0.4769690353371633
65916,0.212411,-0.0371708,0.0208333,0.6823212426836465
65940,0.104369,-0.0383728,0.0208333,0.20738073323047854
65964,0.151172,-0.0254611,0.0208333,0.5515906867726205
65988,0.245747,-0.0298382,0.0208333,0.7623370027190202
66012,0.240823,0.033613,0.0208333,0.5108937464064816
66036,0.271588,-0.0253126,0.0208333,0.605268119375948
66060,0.101141,-0.0322259,0.0208333,0.31737304140139505
66084,0.298473,-0.0392789,0.0208333,0.07761330858370875
66108,0.101522,-0.0392978,0.0208333,0.06482279614652241
66132,0.135007,-0.0373942,0.0208333,0.7243311923573005
66156,0.155135,-0.0384053,0.0208333,0.3610998550104439
66180,0.124014,-0.0100169,0.0208333,1.062981174077431
66204,0.115388,-0.0233151,0.0208333,0.16014572939832147
66228,0.2097,-0.0372223,0.0208333,0.6704635302751738
66252,0.17355,0.0387586,0.0208333,0.38599357842848747
66276,0.111494,-0.0379834,0.0208333,0.5300062358035971
66300,0.147164,0.0340149,0.0208333,0.32752169122530267
66324,0.18611,-0.0346813,0.0208333,0.5535553562231901
66348,0.102089,-0.0367196,0.0208333,0.16668337198118355
66372,0.217732,-0.0252214,0.0208333,0.9035603274890149
66396,0.102259,-0.0196171,0.0208333,0.4825003458005907
66420,0.297926,-0.0323411,0.0208333,0.15444446804842185
66444,0.287155,-0.037953,0.0208333,0.2587569105947124
66468,0.202209,-0.0327974,0.0208333,0.7653090182304064
66492,0.200971,-0.0325269,0.0208333,0.762037883744077
66516,0.221382,-0.0372519,0.0208333,0.683871596834723
66540,0.169086,-0.0159029,0.0208333,0.9536146853829676
66564,0.275259,-0.0210767,0.0208333,0.6527746391160772
66588,0.270183,0.0294697,0.0208333,0.2600376818518717
66612,0.252373,-0.0392146,0.0208333,0.333409615271266
66636,0.108825,-0.0181498,0.0208333,0.2777053218394003
66660,0.200502,0.037089,0.0208333,0.5099539460209799
66684,0.182229,0.0285109,0.0208333,0.3366084188299372
66708,0.123623,-0.0335103,0.0208333,0.48941963456952003
66732,0.230906,-0.0379607,0.0208333,0.6255012488655657
66756,0.226867,-0.0384189,0.0208333,0.6206920479052809
66780,0.276525,-0.0379287,0.0208333,0.18501163789557024
66804,0.234463,-0.0334282,0.0208333,0.7636612830172754
66828,0.121947,-0.0337959,0.0208333,0.5153504993580256
66852,0.177192,-0.0334109,0.0208333,0.48071799081767536
66876,0.1523,-0.0393926,0.0208333,0.4735043987187448
66900,0.181319,-0.0371667,0.0208333,0.3858918877723454
66924,0.181464,-0.0379172,0.0208333,0.3580891959936782
66948,0.120224,-0.033739,0.0208333,0.5080710396698486
66972,0.25395,0.0292398,0.0208333,0.3663755937245221
66996,0.14596,0.0293952,0.0208333,0.30168515997346496
67020,0.241899,-0.0344298,0.0208333,0.6853312253582213
67044,0.15244,-0.0281077,0.0208333,0.42819129105671777
67068,0.279958,-0.0265212,0.0208333,0.3293224339271317
67092,0.219101,-0.0359349,0.0208333,0.7299250897786559
67116,0.126614,-0.0214966,0.0208333,0.32390434032145804
67140,0.255837,-0.0261836,0.0208333,0.7405000700110526
67164,0.23586,-0.0343772,0.0208333,0.7343737150609174
67188,0.198615,-0.0261525,0.0208333,0.8934441927023482
67212,0.159103,-0.0282488,0.0208333,0.49004171943027686
67236,0.286577,-0.0384395,0.0208333,0.25550301447335216
67260,0.178589,-0.0343832,0.0208333,0.4596278938065964
67284,0.205829,0.0342252,0.0208333,0.4938550896828878
67308,0.247015,-0.0397162,0.0208333,0.34723015207815083
67332,0.230603,-0.0226842,0.0208333,0.869713707940532
67356,0.173388,-0.0226912,0.0208333,0.8554216727099923
67380,0.214179,-0.0397174,0.0208333,0.49810746481235735
67404,0.173889,-0.0397018,0.0208333,0.14056592839091697
67428,0.286068,-0.037943,0.0208333,0.25468429627057887
67452,0.278425,-0.0345361,0.0208333,0.17837817141043352
67476,0.115426,-0.0379495,0.0208333,0.6482504416429571
67500,0.29766,-0.0151505,0.0208333,0.5780855852391149
67524,0.149451,-0.0228067,0.0208333,0.6791441881757899
67548,0.235836,-0.0384929,0.0208333,0.5894433891217795
67572,0.278143,-0.0335683,0.0208333,0.15970513047434293
67596,0.128085,-0.0291217,0.0208333,0.14290099777690707
67620,0.14448,0.000413715,0.0208333,0.9289590251660511
67644,0.306389,0.00692548,0.0208333,1.1898472859524045
67668,0.0937086,0.00696989,0.0208333,1.1510248257279534
67692,0.176118,-0.038375,0.0208333,0.2546590501746539
67716,0.103942,-0.0236341,0.0208333,0.46745957849844255
67740,0.293651,0.0369645,0.0208333,0.14072395605119978
67764,0.106349,0.036964,0.0208333,0.15254923211669208
67788,0.268022,-0.0240739,0.0208333,0.681430267454209
67812,0.14147,-0.0122842,0.0208333,1.0745577731086027
67836,0.265383,-0.0342025,0.0208333,0.39168327499014366
67860,0.207032,0.0296847,0.0208333,0.43954364559280784
67884,0.216287,-0.0196692,0.0208333,0.8699043233697024
67908,0.127227,-0.0333484,0.0208333,0.4772582838855866
67932,0.130773,-0.0329522,0.0208333,0.4201403783411327
67956,0.152985,-0.0397281,0.0208333,0.44386519802018315
67980,0.297283,-0.0300315,0.0208333,0.19222064011677414
68004,0.121335,-0.0322423,0.0208333,0.39589227368168783
68028,0.140888,-0.037961,0.0208333,0.7067390923549361
68052,0.158371,0.00682047,0.0208333,0.42625817708484653
68076,0.19564,-0.0337914,0.0208333,0.6876744310099726
68100,0.179975,-0.0252243,0.0208333,0.8283864835755531
68124,0.237221,-0.0252448,0.0208333,0.8497241878476757
68148,0.252863,-0.033774,0.0208333,0.601739673597379
68172,0.218966,-0.0344714,0.0208333,0.7630602798108782
68196,0.186585,-0.0386001,0.0208333,0.41562915926369565
68220,0.150342,-0.0360111,0.0208333,0.3994916941502235
68244,0.113571,-0.0239699,0.0208333,0.18613435371593715
68268,0.141868,-0.0267051,0.0208333,0.28259509644401565
68292,0.119005,-0.0367701,0.0208333,0.6772819547901181
68316,0.260832,-0.0338515,0.0208333,0.4997099977855077
68340,0.263336,-0.038117,0.0208333,0.12830353772301994
68364,0.159311,-0.0232817,0.0208333,0.7632136863667083
68388,0.183952,-0.0368396,0.0208333,0.43801717714963245
68412,0.12761,-0.0397217,0.0208333,0.7782920517575713
68436,0.149918,-0.0378874,0.0208333,0.5165987790016958
68460,0.114116,-0.0381041,0.0208333,0.6084861899799564
68484,0.146182,-0.0303795,0.0208333,0.17870809464264595
68508,0.274036,-0.037326,0.0208333,0.16739532712026342
68532,0.113236,-0.0257886,0.0208333,0.1988951450646066
68556,0.106279,0.0338292,0.0208333,0.15580830966120388
68580,0.293626,0.0338195,0.0208333,0.1488294475239161
68604,0.272512,-0.0336039,0.0208333,0.15142482674660718
68628,0.226075,-0.0361066,0.0208333,0.7153204380030717
68652,0.110891,-0.0339886,0.0208333,0.4728506686357072
68676,0.226214,-0.038038,0.0208333,0.6264164920131721
68700,0.220255,-0.0196604,0.0208333,0.8679988500323749
68724,0.229488,-0.0182408,0.0208333,0.8288190481444344
68748,0.227204,-0.0372575,0.0208333,0.6685228265766888
68772,0.209843,-0.0197324,0.0208333,0.883398907974181
68796,0.102246,-0.0322714,0.0208333,0.34720049294132993
68820,0.216216,-0.0221044,0.0208333,0.8999284658629334
68844,0.208255,-0.0216118,0.0208333,0.8978752529767281
68868,0.216173,-0.026162,0.0208333,0.9037094200740863
68892,0.152724,-0.0242027,0.0208333,0.6673231638846978
68916,0.238573,-0.0331315,0.0208333,0.7398668517611328
68940,0.236517,-0.038034,0.0208333,0.6010317274983826
68964,0.167545,-0.0321538,0.0208333,0.38154585314346645
68988,0.284203,-0.0379481,0.0208333,0.2529722921442188
69012,0.239438,-0.0378242,0.0208333,0.5845430326371294
69036,0.219344,-0.0372656,0.0208333,0.6827318074583936
69060,0.285539,-0.029484,0.0208333,0.19216274559107444
69084,0.271022,0.0340152,0.0208333,0.3310492155481902
69108,0.276517,-0.024993,0.0208333,0.5254948942482696
69132,0.15511,-0.0282593,0.0208333,0.4784602658879099
69156,0.255137,0.0321593,0.0208333,0.4261736431582818
69180,0.222315,-0.0188313,0.0208333,0.8667402918041733
69204,0.111482,-0.0211452,0.0208333,0.22620468136337077
69228,0.166844,-0.036526,0.0208333,0.13935526312493546
69252,0.118309,-0.0364923,0.0208333,0.6673267808942932
69276,0.274738,-0.024538,0.0208333,0.5671749025736114
69300,0.103555,-0.0344133,0.0208333,0.326263082434107
69324,0.156,-0.0338375,0.0208333,0.2025461840232598
69348,0.214645,-0.0255333,0.0208333,0.9037976683258419
69372,0.137021,-0.0103814,0.0208333,1.113022084119579
69396,0.264748,-0.0355308,0.0208333,0.32925683458934846
69420,0.139655,-0.0283982,0.0208333,0.18219752945291243
69444,0.214475,-0.0235313,0.0208333,0.9047096610915202
69468,0.137058,-0.0277192,0.0208333,0.14880035337029984
69492,0.125422,-0.0193651,0.0208333,0.40005499180412685
69516,0.223822,-0.0207321,0.0208333,0.8740618607298177
69540,0.25681,-0.0245442,0.0208333,0.7442520313254694
69564,0.199587,-0.0245073,0.0208333,0.9092343575030016
69588,0.298043,-0.0367057,0.0208333,0.14101341330969194
69612,0.125657,-0.029235,0.0208333,0.15895456220476845
69636,0.22683,-0.0358621,0.0208333,0.7160752928640476
69660,0.124481,-0.0327974,0.0208333,0.45997176283984914
69684,0.19115,-0.0317986,0.0208333,0.715134860125504
69708,0.22141,-0.0236301,0.0208333,0.8964325075750494
69732,0.263242,-0.03256,0.0208333,0.49810656415559756
69756,0.299077,-0.0174758,0.0208333,0.47793964959810564
69780,0.14484,0.0322483,0.0208333,0.32174218571764873
69804,0.195115,-0.032864,0.0208333,0.7079016612607898
69828,0.128087,-0.0327302,0.0208333,0.44053949143591514
69852,0.13167,-0.0321994,0.0208333,0.38654444058444304
69876,0.252319,-0.0328436,0.0208333,0.6384736657244986
69900,0.397256,-0.00476778,0.0208333,1.008360461895111
69924,0.397169,0.00475191,0.0208333,1.3012167693363241
69948,0.00274732,0.00478197,0.0208333,1.1602305846954255
69972,0.00283625,-0.00472904,0.0208333,1.1602905499310092
69996,0.296297,-0.0199146,0.0208333,0.3777923940431967
70020,0.126316,-0.0327666,0.0208333,0.4476620117393511
70044,0.178742,-0.0236138,0.0208333,0.8458913197805498
70068,0.235992,-0.0236392,0.0208333,0.8579934632288416
70092,0.129828,-0.0324414,0.0208333,0.41241662119733014
70116,0.261528,-0.0329769,0.0208333,0.5025935927578634
70140,0.209241,-0.0360491,0.0208333,0.7068861348974474
70164,0.149745,-0.0247737,0.0208333,0.586239583593814
70188,0.203611,-0.0340287,0.0208333,0.735535315250845
70212,0.206281,-0.0168688,0.0208333,0.8494195580802752
70236,0.145041,-0.0296061,0.0208333,0.21110442181362307
70260,0.219817,-0.0221995,0.0208333,0.89726184821023
70284,0.147338,-0.0296759,0.0208333,0.2046839320305666
70308,0.190451,-0.032782,0.0208333,0.6735236876610162
70332,0.263644,-0.0168551,0.0208333,0.7366371996754375
70356,0.286675,-0.0284417,0.0208333,0.19972591346392685
70380,0.187644,-0.032237,0.0208333,0.6721494869836037
70404,0.273324,-0.0328102,0.0208333,0.16206155961362337
70428,0.135659,-0.0321,0.0208333,0.34438779003636294
70452,0.144578,-0.0273074,0.0208333,0.2991707067538573
70476,0.298294,-0.0342287,0.0208333,0.1402450628553462
70500,0.144848,-0.0254416,0.0208333,0.4239045496834259
70524,0.103552,-0.0334759,0.0208333,0.33947466627576095
70548,0.131713,-0.0368195,0.0208333,0.7241307868619358
70572,0.116962,-0.0341468,0.0208333,0.5315542108727583
70596,0.106846,-0.0380745,0.0208333,0.3265262782621345
70620,0.150826,-0.0212818,0.0208333,0.8192161804876921
70644,0.156526,-0.0276147,0.0208333,0.4940695434467853
70668,0.284234,-0.028752,0.0208333,0.15978726498003526
70692,0.137469,-0.0320686,0.0208333,0.3403387232797032
70716,0.262134,-0.03089,0.0208333,0.5657804011806621
70740,0.153889,-0.0272641,0.0208333,0.5173733731726122
70764,0.133637,-0.0380529,0.0208333,0.7860487875843349
70788,0.225579,-0.0355182,0.0208333,0.7344235860263513
70812,0.192011,-0.0334286,0.0208333,0.6616106040882636
70836,0.120632,-0.0316644,0.0208333,0.3718550011241849
70860,0.122715,-0.033121,0.0208333,0.4775426026760114
70884,0.24923,-0.033438,0.0208333,0.6518642042943547
70908,0.184638,-0.0341254,0.0208333,0.5596432634846535
70932,0.121122,-0.0332885,0.0208333,0.4920307276404722
70956,0.140099,-0.036786,0.0208333,0.6454852584284746
70980,0.133652,-0.037303,0.0208333,0.7265849796991962
71004,0.101402,-0.0386032,0.0208333,0.0686567738701725
71028,0.298592,-0.0385825,0.0208333,0.09564289793126304
71052,0.191042,-0.0336362,0.0208333,0.6532015873532998
71076,0.268304,-0.036994,0.0208333,0.07699420711712084
71100,0.296697,-0.0345658,0.0208333,0.17432366483713563
71124,0.248219,-0.0336041,0.0208333,0.6570647850089215
71148,0.223355,-0.0229917,0.0208333,0.8950983563660957
71172,0.263138,-0.0314,0.0208333,0.5486761639615592
71196,0.198398,-0.0369293,0.0208333,0.6018899409592318
71220,0.136567,-0.0327429,0.0208333,0.37992765705736997
71244,0.1994,-0.0380088,0.0208333,0.5626478375421995
71268,0.188816,-0.0320497,0.0208333,0.6815128506088551
71292,0.127025,-0.0284958,0.0208333,0.11785646880128217
71316,0.102568,-0.0332252,0.0208333,0.32895683259838543
71340,0.107486,-0.0220737,0.0208333,0.36714068657534393
71364,0.398735,0.0072277,0.0208333,1.2761524839067122
71388,0.00126813,-0.00722252,0.0208333,1.1583803775980315
71412,0.39874,-0.00722625,0.0208333,0.7717504807312182
71436,0.00126051,0.00723131,0.0208333,1.1583703747387788
71460,0.107082,0.000452941,0.0208333,1.2596067230223773
71484,0.100694,-0.0385325,0.0208333,0.04988945492215765
71508,0.299305,-0.0385272,0.0208333,0.08130881955470759
71532,0.168019,-0.0371752,0.0208333,0.13171494194811803
71556,0.152672,-0.0219903,0.0208333,0.7918536113964006
71580,0.191778,-0.0381112,0.0208333,0.49211135836690056
71604,0.187231,-0.038166,0.0208333,0.4370902721410437
71628,0.15112,-0.0272793,0.0208333,0.4659787418000961
71652,0.218451,-0.0155558,0.0208333,0.8011168161462165
71676,0.206082,-0.021177,0.0208333,0.8955601568799888
71700,0.208156,0.0325104,0.0208333,0.49570853463066455
71724,0.138034,-0.0300654,0.0208333,0.18771932110805856
71748,0.146681,-0.0353519,0.0208333,0.442901570612464
71772,0.113725,-0.0198444,0.0208333,0.22944938349176797
71796,0.203024,-0.0320126,0.0208333,0.7912601135320438
71820,0.210331,-0.0368155,0.0208333,0.6819791315233349
71844,0.265465,-0.0214587,0.0208333,0.7256221295285008
71868,0.135641,-0.0369681,0.0208333,0.7080461928967149
71892,0.275384,-0.0373536,0.0208333,0.1754400728761445
71916,0.168535,-0.020138,0.0208333,0.8688240848449991
71940,0.209038,-0.0367683,0.0208333,0.6753784831508755
71964,0.127334,-0.0101941,0.0208333,1.0697879548563396
71988,0.26502,-0.0321931,0.0208333,0.4802099276288215
72012,0.139257,-0.0305794,0.0208333,0.2092326475415584
72036,0.262647,-0.0384637,0.0208333,0.1290188546383171
72060,0.138922,-0.00798289,0.0208333,1.153343812489541
72084,0.298177,-0.0236508,0.0208333,0.24022080296468912
72108,0.140791,-0.0371927,0.0208333,0.6487294555459705
72132,0.141384,-0.0367539,0.0208333,0.6271379718773508
72156,0.176789,-0.0380143,0.0208333,0.2742007951928989
72180,0.205219,-0.0190361,0.0208333,0.8720906371485059
72204,0.260052,-0.0187713,0.0208333,0.7464276096050356
72228,0.105355,-0.021847,0.0208333,0.4373968355928503
72252,0.15694,-0.0335938,0.0208333,0.21043557698231644
72276,0.10458,-0.0197094,0.0208333,0.4220421454117344
72300,0.212604,-0.0379483,0.0208333,0.6369563583275263
72324,0.295305,-0.0220212,0.0208333,0.3043602208769076
72348,0.202872,-0.0187413,0.0208333,0.8707647691456778
72372,0.262422,-0.019015,0.0208333,0.7409421673225131
72396,0.295444,-0.0308331,0.0208333,0.21162974170047555
72420,0.227143,-0.02161,0.0208333,0.8721426015438578
72444,0.14021,-0.0296687,0.0208333,0.17042343143449523
72468,0.268755,0.0321626,0.0208333,0.3269940916996691
72492,0.241273,-0.0329676,0.0208333,0.7297094204458396
72516,0.220258,-0.0380732,0.0208333,0.6311092956232431
72540,0.139304,-0.0256028,0.0208333,0.3101353113451611
72564,0.296264,-0.0237274,0.0208333,0.2753973983931039
72588,0.221484,-0.037993,0.0208333,0.6348852654290684
72612,0.230896,-0.0372942,0.0208333,0.6692312945119967
72636,0.263252,-0.0211723,0.0208333,0.7298800940717598
72660,0.229077,-0.0209122,0.0208333,0.8689056516469018
72684,0.225704,-0.0199638,0.0208333,0.8706107944958286
72708,0.134321,-0.0370121,0.0208333,0.716604206704663
72732,0.224895,-0.0310659,0.0208333,0.8437431509355403
72756,0.16767,-0.0310659,0.0208333,0.46856045136610164
72780,0.149686,-0.0354851,0.0208333,0.38494891326860814
72804,0.275318,-0.0381025,0.0208333,0.1704372056384641
72828,0.231307,-0.0369046,0.0208333,0.6750695184604425
72852,0.232077,-0.0370773,0.0208333,0.6726988689720612
72876,0.149736,-0.0281281,0.0208333,0.36275591688459186
72900,0.242033,-0.03355,0.0208333,0.7142563612870297
72924,0.269286,-0.0380875,0.0208333,0.12791192674586682
72948,0.104303,-0.000634145,0.0208333,1.241831977722867
72972,0.218456,-0.0181915,0.0208333,0.8625725422861845
72996,0.111841,-0.0342988,0.0208333,0.4904838055074529
73020,0.146941,-0.00346246,0.0208333,1.0603504873478122
73044,0.168754,-0.0373216,0.0208333,0.13693435128221698
73068,0.296845,-0.0336216,0.0208333,0.17376666964423873
73092,0.119555,-0.032008,0.0208333,0.3834017621518321
73116,0.138163,-0.0287056,0.0208333,0.1458407241420753
73140,0.273079,-0.0318066,0.0208333,0.32632531833097167
73164,0.169979,-0.0218537,0.0208333,0.8544645970062038
73188,0.157034,-0.0325895,0.0208333,0.2504693099791864
73212,0.241551,-0.0319532,0.0208333,0.7569255138348279
73236,0.171978,-0.0212145,0.0208333,0.8626357356862723
73260,0.297704,-0.0333855,0.0208333,0.1593906217997157
73284,0.21983,-0.0347772,0.0208333,0.7616427765736945
73308,0.266399,-0.0337346,0.0208333,0.39131494406358297
73332,0.279146,-0.0330602,0.0208333,0.17053530135760747
