cell,x,y,z,|U|
12,0.145304,-0.0379707,0.0208333,0.6301810908368102
36,0.145208,-0.0371009,0.0208333,0.5702509086170756
60,0.185426,-0.0332282,0.0208333,0.5986314888709143
84,0.296693,0.00331288,0.0208333,0.9983493352419541
108,0.277042,-0.0333881,0.0208333,0.14236701578332675
132,0.228235,-0.0382527,0.0208333,0.6306060844198828
156,0.128807,0.0307335,0.0208333,0.31300600185704147
180,0.208602,-0.0352868,0.0208333,0.7229961561434862
204,0.158079,-0.0347657,0.0208333,0.1668425178923174
228,0.266256,-0.0326058,0.0208333,0.4517530245164497
252,0.163555,-0.0355416,0.0208333,0.11196556688662324
276,0.150256,0.000464203,0.0208333,0.8688255158657162
300,0.242513,-0.0395007,0.0208333,0.4184074321703601
324,0.202914,-0.03055,0.0208333,0.8376263150607111
348,0.277863,-0.0375449,0.0208333,0.20717789680427326
372,0.110891,-0.0276906,0.0208333,0.29942881554444434
396,0.15093,0.00334498,0.0208333,0.6806294085091357
420,0.237547,-0.0166334,0.0208333,0.7881968521734699
444,0.228846,-0.0378651,0.0208333,0.6306101848903201
468,0.180302,-0.0166059,0.0208333,0.8994448196797913
492,0.213819,-0.0298638,0.0208333,0.8659858819519082
516,0.103508,-0.0379953,0.0208333,0.18569264653785905
540,0.230376,-0.0116481,0.0208333,0.7249366237028098
564,0.10357,-0.0372795,0.0208333,0.21169415089212085
588,0.220627,-0.0341082,0.0208333,0.7778268575027446
612,0.173033,-0.0117028,0.0208333,0.9023095821691072
636,0.164208,-0.0362611,0.0208333,0.08857871360241353
660,0.111698,-0.035808,0.0208333,0.5163259941855037
684,0.159337,-0.0375491,0.0208333,0.19482020097416103
708,0.293403,0.0029454,0.0208333,0.8969795309636109
732,0.167153,-0.0383052,0.0208333,0.03612795348231201
756,0.299779,-0.00430972,0.0208333,1.1724087783077197
780,0.285456,-0.0354217,0.0208333,0.23787567643626364
804,0.257525,-0.0378092,0.0208333,0.3238512973406506
828,0.273112,-0.0390968,0.0208333,0.1187866237970028
852,0.393445,-3.43071e-05,0.0208333,1.209857719790001
876,0.162058,0.0158209,0.0208333,0.11849604426867634
900,0.00657236,8.21203e-05,0.0208333,1.161600003730222
924,0.227686,-0.0129659,0.0208333,0.7312054404917129
948,0.288125,0.00542793,0.0208333,0.6649734192203339
972,0.296701,-0.0375621,0.0208333,0.17617355867430845
996,0.170214,-0.0127943,0.0208333,0.9159045604048317
1020,0.267275,-0.0317902,0.0208333,0.45336559443119734
1044,0.178374,-0.0394614,0.0208333,0.2502841223071412
1068,0.211161,-0.0325784,0.0208333,0.8149776525744434
1092,0.286303,-0.0347367,0.0208333,0.23866882586984417
1116,0.289195,-0.0353526,0.0208333,0.24570001553707727
1140,0.130596,0.0334678,0.0208333,0.32167400905296484
1164,0.153258,-0.0372522,0.0208333,0.39420019839965437
1188,0.29973,-0.00725692,0.0208333,1.1865055885368767
1212,0.100607,-0.00746075,0.0208333,1.1918834168106947
1236,0.207693,-0.0355151,0.0208333,0.7197215654702293
1260,0.29243,0.0269648,0.0208333,0.1447449666774389
1284,0.182891,-0.0348843,0.0208333,0.5058643016725949
1308,0.290327,0.0290931,0.0208333,0.14585919831437064
1332,0.224157,0.0311805,0.0208333,0.518812454070468
1356,0.107761,-0.0358856,0.0208333,0.42037290126005994
1380,0.153524,-0.0363368,0.0208333,0.3413227277938725
1404,0.264291,-0.0311274,0.0208333,0.5447962975368119
1428,0.118637,-0.0394789,0.0208333,0.6892523303808629
1452,0.132268,-0.0278647,0.0208333,0.10952240255423773
1476,0.166495,-0.0379355,0.0208333,0.04053468509114632
1500,0.181224,-0.0319515,0.0208333,0.6045462382442203
1524,0.238456,-0.0319689,0.0208333,0.7783461750453923
1548,0.223123,-0.0394567,0.0208333,0.5425456861694238
1572,0.129908,-0.0376427,0.0208333,0.7720624117985234
1596,0.0991255,0.000870588,0.0208333,1.216413665084011
1620,0.277332,-0.0381505,0.0208333,0.19413672414979502
1644,0.210274,-0.0278717,0.0208333,0.8975307286826187
1668,0.130692,-0.0375732,0.0208333,0.7699491141261156
1692,0.201605,-0.0299571,0.0208333,0.8353470436916837
1716,0.191401,-0.0375319,0.0208333,0.5050991544867004
1740,0.109507,0.0290987,0.0208333,0.2106449721917606
1764,0.191628,-0.0368587,0.0208333,0.5474160966702789
1788,0.254791,-0.0182872,0.0208333,0.7588025248736511
1812,0.197569,-0.0182529,0.0208333,0.882173804275326
1836,0.10743,0.0269694,0.0208333,0.19297961781026748
1860,0.257456,-0.0369852,0.0208333,0.40413387857304767
1884,0.223519,-0.0348568,0.0208333,0.7582052874961708
1908,0.147529,-0.0366256,0.0208333,0.5107018755519824
1932,0.133823,-0.0270229,0.0208333,0.15580644373319225
1956,0.290755,0.0234336,0.0208333,0.1432275483147544
1980,0.285927,0.0139769,0.0208333,0.3516214849631547
2004,0.222322,0.0337467,0.0208333,0.5356176026585066
2028,0.247648,-0.037889,0.0208333,0.5000700357084491
2052,0.120881,-0.0301759,0.0208333,0.2572193120590979
2076,0.138599,-0.0358064,0.0208333,0.5930581425554127
2100,0.188238,-0.0284356,0.0208333,0.8008812341006597
2124,0.159936,-0.0381257,0.0208333,0.1875284257548335
2148,0.114928,-0.0358919,0.0208333,0.5824717041526654
2172,0.195457,-0.0378456,0.0208333,0.542954736462525
2196,0.138654,-0.0367325,0.0208333,0.6651401074027848
2220,0.256222,-0.0207909,0.0208333,0.7591304612996879
2244,0.199002,-0.0207595,0.0208333,0.8942478122856816
2268,0.286368,-0.0230134,0.0208333,0.22271867016819671
2292,0.124304,-0.0312678,0.0208333,0.3180584105593796
2316,0.141717,-0.0353047,0.0208333,0.5301083983260994
2340,0.15838,-0.0376692,0.0208333,0.22600780047226776
2364,0.17895,-0.019445,0.0208333,0.9154073773205118
2388,0.236198,-0.0194721,0.0208333,0.832333265168893
2412,0.229573,-0.0350335,0.0208333,0.732133153689595
2436,0.292851,0.0210238,0.0208333,0.16419060615836978
2460,0.255153,-0.03821,0.0208333,0.3698921211341443
2484,0.276448,-0.0342135,0.0208333,0.15978549652224383
2508,0.177628,-0.0390305,0.0208333,0.24421630623170312
2532,0.126179,-0.0366706,0.0208333,0.7314896992671709
2556,0.229033,-0.032901,0.0208333,0.7932880551674808
2580,0.171798,-0.0329697,0.0208333,0.40082864522701667
2604,0.146801,-0.0370693,0.0208333,0.5376325017676596
2628,0.269193,-0.0336271,0.0208333,0.29058442904300635
2652,0.235112,0.0316164,0.0208333,0.507062110869597
2676,0.247401,-0.032654,0.0208333,0.690827672839944
2700,0.109207,0.0233701,0.0208333,0.21930558210325632
2724,0.263776,0.030356,0.0208333,0.33358677588934543
2748,0.114572,-0.0339734,0.0208333,0.5088099744665011
2772,0.207255,-0.0330505,0.0208333,0.7811474651586413
2796,0.255567,-0.0344958,0.0208333,0.5481589005755041
2820,0.198339,-0.0344906,0.0208333,0.6854678213739311
2844,0.289603,-0.019327,0.0208333,0.29159224562812025
2868,0.161684,-0.0350667,0.0208333,0.14163625260358875
2892,0.292569,-0.0381106,0.0208333,0.250495465050727
2916,0.288451,-0.037577,0.0208333,0.2619996606059062
2940,0.203897,-0.0364614,0.0208333,0.6608722518655868
2964,0.136084,0.030576,0.0208333,0.3162749165838003
2988,0.11545,-0.0366929,0.0208333,0.6307431992320475
3012,0.160954,-0.037809,0.0208333,0.15002346850869566
3036,0.290265,-0.0336563,0.0208333,0.2474920217010035
3060,0.283809,-0.0365603,0.0208333,0.2482750924548413
3084,0.247601,-0.0256535,0.0208333,0.7945475685467975
3108,0.190438,-0.0257246,0.0208333,0.8814014219523382
3132,0.131439,-0.0306755,0.0208333,0.23423944683433146
3156,0.256226,-0.0334434,0.0208333,0.5651279765379857
3180,0.246225,-0.0236405,0.0208333,0.811022978057222
3204,0.125448,-0.0367568,0.0208333,0.7311892875881991
3228,0.198987,-0.0334518,0.0208333,0.7254016267936493
3252,0.189019,-0.0236542,0.0208333,0.893980489125489
3276,0.107185,0.0210191,0.0208333,0.2142428780306223
3300,0.115383,-0.0349897,0.0208333,0.5514555584373777
3324,0.121029,-0.0381812,0.0208333,0.7398477665596194
3348,0.212138,-0.0318659,0.0208333,0.82343964284225
3372,0.288505,-0.0219,0.0208333,0.22097112207818018
3396,0.260432,0.030432,0.0208333,0.3572623597505488
3420,0.109075,0.0173301,0.0208333,0.176525873017816
3444,0.141911,-0.0230909,0.0208333,0.49974999882981386
3468,0.166957,0.0249445,0.0208333,0.2727746008165716
3492,0.123085,-0.0309741,0.0208333,0.3113458747032059
3516,0.206216,-0.0364987,0.0208333,0.6679037152730063
3540,0.107562,-0.0368356,0.0208333,0.4019295090844906
3564,0.10714,0.0149963,0.0208333,0.14626383682217592
3588,0.268336,-0.034521,0.0208333,0.283134750655867
3612,0.171814,-0.0354414,0.0208333,0.28769048959491833
3636,0.117308,0.0328993,0.0208333,0.2754429479413262
3660,0.101222,-0.00466687,0.0208333,1.2378886519702406
3684,0.281294,-0.0352249,0.0208333,0.21792828847081785
3708,0.2879,-0.0381328,0.0208333,0.25987664060827015
3732,0.172719,-0.0339166,0.0208333,0.3934402477714613
3756,0.229947,-0.0339277,0.0208333,0.7664063627764968
3780,0.166333,-0.0337991,0.0208333,0.27944650345588606
3804,0.288253,-0.0347046,0.0208333,0.24398019373065918
3828,0.23372,0.0341371,0.0208333,0.5432209046003004
3852,0.293399,-0.0344964,0.0208333,0.2296242248387134
3876,0.392157,-0.00281492,0.0208333,1.0971646219493305
3900,0.282656,0.0329027,0.0208333,0.2261222127898133
3924,0.180181,-0.0316036,0.0208333,0.6014349055269737
3948,0.206843,-0.0369549,0.0208333,0.6682088166697941
3972,0.237433,-0.0316223,0.0208333,0.7818819984119414
3996,0.291318,-0.0336066,0.0208333,0.24362978607971972
4020,0.246406,-0.0328008,0.0208333,0.6955915762486355
4044,0.160025,0.018476,0.0208333,0.1614919191225728
4068,0.255885,-0.0377767,0.0208333,0.36244807486371283
4092,0.159059,-0.0182896,0.0208333,0.9176395868029846
4116,0.249964,-0.02909,0.0208333,0.7493814619198094
4140,0.192891,-0.0291247,0.0208333,0.7993757194831033
4164,0.151819,-0.0340289,0.0208333,0.2560773174884902
4188,0.120386,-0.0376805,0.0208333,0.7324991463433917
4212,0.221458,-0.0355916,0.0208333,0.7315464268807135
4236,0.287862,0.0114887,0.0208333,0.4452083972053314
4260,0.157449,-0.0354259,0.0208333,0.18661766642561728
4284,0.241772,-0.0391811,0.0208333,0.4291879148277133
4308,0.258281,-0.0382689,0.0208333,0.2919723403149156
4332,0.291861,-0.0376313,0.0208333,0.25557689225894425
4356,0.255458,-0.0321977,0.0208333,0.6195567747763223
4380,0.134331,-0.0250293,0.0208333,0.2516748357111613
4404,0.198221,-0.0322037,0.0208333,0.7553607535366541
4428,0.200904,-0.0363926,0.0208333,0.6435793079475073
4452,0.157775,-0.0368967,0.0208333,0.21749844255076864
4476,0.116918,-0.0366467,0.0208333,0.6548287402598276
4500,0.0980835,-0.00219865,0.0208333,1.2185644401866977
4524,0.282,-0.0333818,0.0208333,0.20441277666949806
4548,0.221565,-0.0344917,0.0208333,0.7740177302234164
4572,0.115228,-0.0328425,0.0208333,0.44741891062471745
4596,0.240847,-0.0297966,0.0208333,0.8021356469799441
4620,0.183527,-0.0298564,0.0208333,0.7166738985558132
4644,0.258084,-0.0363447,0.0208333,0.41285978983645283
4668,0.116299,-0.0369904,0.0208333,0.6437533545556083
4692,0.216884,-0.0345375,0.0208333,0.7628205890546181
4716,0.139521,0.0305133,0.0208333,0.31410870286862713
4740,0.240766,-0.0162478,0.0208333,0.7810188178533968
4764,0.206641,-0.0316503,0.0208333,0.821656969087518
4788,0.153852,-0.0379246,0.0208333,0.3989939057322837
4812,0.231049,-0.0360576,0.0208333,0.7035940044021297
4836,0.108963,0.0114098,0.0208333,0.6349737479006307
4860,0.218268,-0.032876,0.0208333,0.8044459816006825
4884,0.161009,-0.0331288,0.0208333,0.2470030545914062
4908,0.297249,-0.00277518,0.0208333,1.1115453078326767
4932,0.183524,-0.0162169,0.0208333,0.8991724133872511
4956,0.284345,-0.0269933,0.0208333,0.11672189123887601
4980,0.2718,-0.02323,0.0208333,0.6554386715712084
5004,0.141087,-0.0358979,0.0208333,0.5625069438794391
5028,0.109236,-0.0346491,0.0208333,0.4549278646949628
5052,0.170161,-0.0377651,0.0208333,0.146382175776672
5076,0.268787,-0.0322394,0.0208333,0.4182107739586135
5100,0.229454,-0.0315255,0.0208333,0.8235182362394365
5124,0.172191,-0.0315101,0.0208333,0.5107025949232273
5148,0.195513,-0.030597,0.0208333,0.7855575885388533
5172,0.143527,-0.035244,0.0208333,0.49176882073031597
5196,0.195979,-0.0318761,0.0208333,0.7524011279482983
5220,0.252712,-0.0305974,0.0208333,0.6983160223045151
5244,0.170903,-0.0352852,0.0208333,0.2858633213600796
5268,0.247566,-0.0210648,0.0208333,0.794236303631838
5292,0.119693,-0.0296851,0.0208333,0.24257800908313368
5316,0.150044,-0.0345584,0.0208333,0.3172921528393848
5340,0.19033,-0.0210339,0.0208333,0.9058897422658847
5364,0.162718,-0.0311458,0.0208333,0.36424609859639107
5388,0.219919,-0.0309765,0.0208333,0.8437974154470953
5412,0.132098,-0.0360907,0.0208333,0.6830456373499822
5436,0.170275,-0.0344902,0.0208333,0.2980293322586274
5460,0.25318,-0.0318786,0.0208333,0.6474829637994814
5484,0.185086,-0.0322124,0.0208333,0.6229933930245911
5508,0.107034,0.00921981,0.0208333,0.7541742907364404
5532,0.00785919,0.00286118,0.0208333,1.1623302337229435
5556,0.169763,-0.038333,0.0208333,0.10730974424071843
5580,0.210468,-0.0345291,0.0208333,0.7574601217284684
5604,0.28595,-0.0267531,0.0208333,0.15707066676884646
5628,0.270827,-0.0350802,0.0208333,0.0834904897948509
5652,0.00789732,-0.00274129,0.0208333,1.1623201909255054
5676,0.162055,-0.0339765,0.0208333,0.20824032430663572
5700,0.109469,-0.0281786,0.0208333,0.35903271037927725
5724,0.163956,-0.0322021,0.0208333,0.3369772521809215
5748,0.220885,-0.0320596,0.0208333,0.8291937462318179
5772,0.148216,-0.0352988,0.0208333,0.4051226518090834
5796,0.117886,-0.0391013,0.0208333,0.6813033180082378
5820,0.227599,-0.0344783,0.0208333,0.7496364273555736
5844,0.288435,-0.000985116,0.0208333,0.8257821113946423
5868,0.259769,-0.0392104,0.0208333,0.13342482254038227
5892,0.217642,-0.0352817,0.0208333,0.7503349028916382
5916,0.175698,-0.0362993,0.0208333,0.3124967341635015
5940,0.200273,-0.0355434,0.0208333,0.6610442905867485
5964,0.169633,-0.0363638,0.0208333,0.20972198162010677
5988,0.172578,-0.0350138,0.0208333,0.3146396457482503
6012,0.284334,-0.0370891,0.0208333,0.25163313621192657
6036,0.257535,-0.035466,0.0208333,0.47082926950896375
6060,0.149357,-0.0338429,0.0208333,0.2794031656890253
6084,0.280987,-0.0340845,0.0208333,0.19998964696515692
6108,0.108801,-0.03565,0.0208333,0.4498572622334551
6132,0.28481,-0.033144,0.0208333,0.22466665329954957
6156,0.144728,-0.0336668,0.0208333,0.34632660330035636
6180,0.232867,-0.0382111,0.0208333,0.6207802061147459
6204,0.228314,-0.0303946,0.0208333,0.8414463868579753
6228,0.171049,-0.0303784,0.0208333,0.5189402843806867
6252,0.108498,-0.0337696,0.0208333,0.43969418786834835
6276,0.152825,-0.0346387,0.0208333,0.26489132347333133
6300,0.143215,-0.0206135,0.0208333,0.7626379566675084
6324,0.152688,-0.035713,0.0208333,0.3318512193254019
6348,0.269937,-0.0311571,0.0208333,0.4235235849403432
6372,0.243305,-0.0390457,0.0208333,0.4186530213410413
6396,0.102454,-0.0354466,0.0208333,0.25038403425926287
6420,0.189833,-0.0277271,0.0208333,0.8136120971872454
6444,0.231729,-0.035645,0.0208333,0.7045866220321507
6468,0.2935,-0.036453,0.0208333,0.23136846134348132
6492,0.297258,-0.0382311,0.0208333,0.1488844350830536
6516,0.102809,-0.0383554,0.0208333,0.13530917958051072
6540,0.293597,-0.0371507,0.0208333,0.23151862785320085
6564,0.126618,-0.0381353,0.0208333,0.7840197858095842
6588,0.292525,-0.0351246,0.0208333,0.23763439381600468
6612,0.107018,-0.0351588,0.0208333,0.4041205483997349
6636,0.279149,-0.0319547,0.0208333,0.1464877410519392
6660,0.286122,0.0081257,0.0208333,0.5449366719121129
6684,0.284096,-0.033952,0.0208333,0.22315203997761257
6708,0.287333,-0.0352427,0.0208333,0.24245960894542826
6732,0.220247,-0.0331929,0.0208333,0.8028622383930577
6756,0.129223,-0.0362212,0.0208333,0.69324835658106
6780,0.18648,-0.0279443,0.0208333,0.7963638451600263
6804,0.243694,-0.02785,0.0208333,0.8005793631722397
6828,0.147247,-0.0337285,0.0208333,0.31045351436538704
6852,0.142613,-0.0335282,0.0208333,0.3784482716521936
6876,0.242713,-0.0261225,0.0208333,0.8219040300601075
6900,0.213643,-0.0155668,0.0208333,0.8039813715633285
6924,0.185513,-0.0261544,0.0208333,0.8277361797820975
6948,0.190998,-0.0361783,0.0208333,0.5564170277206409
6972,0.126834,-0.037391,0.0208333,0.7674438619307855
6996,0.223894,-0.0390101,0.0208333,0.5439023382703598
7020,0.248577,-0.0377366,0.0208333,0.49303113342626187
7044,0.195877,-0.0384971,0.0208333,0.5187655821955451
7068,0.230193,-0.0358979,0.0208333,0.7060705332018483
7092,0.123294,-0.0277805,0.0208333,0.06537432714311842
7116,0.193829,-0.0305541,0.0208333,0.7795353521056926
7140,0.204302,-0.030024,0.0208333,0.8449051860093493
7164,0.250921,-0.0305675,0.0208333,0.7074620489971813
7188,0.135906,-0.0355149,0.0208333,0.6228185618111449
7212,0.392134,0.00278821,0.0208333,1.3092571072747754
7236,0.201463,-0.0382201,0.0208333,0.5874608847515499
7260,0.179706,-0.0302199,0.0208333,0.6365065975041274
7284,0.236958,-0.0302406,0.0208333,0.8130731269866481
7308,0.165053,0.0275817,0.0208333,0.293893073427501
7332,0.112203,-0.0351487,0.0208333,0.5192478044988982
7356,0.182444,-0.0283839,0.0208333,0.7216121073872872
7380,0.239684,-0.0283965,0.0208333,0.8199743073240495
7404,0.28709,-0.0328619,0.0208333,0.23794972778519835
7428,0.11319,-0.0351775,0.0208333,0.538743339392257
7452,0.10553,-0.0295205,0.0208333,0.4298832223340399
7476,0.292135,-0.0327722,0.0208333,0.2429332050569868
7500,0.209886,-0.0321843,0.0208333,0.8156505868495253
7524,0.114434,-0.0316473,0.0208333,0.40352788761979314
7548,0.198649,-0.0354277,0.0208333,0.6574010617558957
7572,0.116672,-0.0299269,0.0208333,0.28061939313314577
7596,0.162428,-0.0357775,0.0208333,0.10382917462725708
7620,0.255917,-0.0354246,0.0208333,0.49233747126717575
7644,0.200784,-0.0345967,0.0208333,0.7036220740543331
7668,0.272358,-0.0395142,0.0208333,0.1078097453380941
7692,0.258002,-0.034595,0.0208333,0.49736432316395196
7716,0.27003,-0.0224145,0.0208333,0.6816246413370193
7740,0.289401,-0.032877,0.0208333,0.24731723100861774
7764,0.174232,-0.03555,0.0208333,0.3173307414377882
7788,0.217605,-0.0377519,0.0208333,0.6490354051507337
7812,0.207702,-0.0303759,0.0208333,0.8490327333770589
7836,0.250455,-0.0390135,0.0208333,0.3685501213594028
7860,0.273211,-0.0383247,0.0208333,0.15634400742635612
7884,0.119152,-0.0280959,0.0208333,0.1667629951921619
7908,0.251987,-0.0182839,0.0208333,0.7652912734525482
7932,0.153296,-0.0321062,0.0208333,0.23067964085839937
7956,0.194758,-0.0182504,0.0208333,0.8784180532384002
7980,0.161499,-0.0384054,0.0208333,0.14662973117335515
8004,0.282436,-0.01963,0.0208333,0.5563025309940985
8028,0.139538,-0.0353578,0.0208333,0.5666730346715593
8052,0.280439,-0.0312734,0.0208333,0.15215730949188738
8076,0.292155,-0.0239826,0.0208333,0.2589122456305304
8100,0.160002,0.0359185,0.0208333,0.34100534155207896
8124,0.199395,-0.0357931,0.0208333,0.6547956894437532
8148,0.259824,-0.0384785,0.0208333,0.22803431882293265
8172,0.22059,-0.0360524,0.0208333,0.7284903209759335
8196,0.251157,-0.039027,0.0208333,0.35782896283006305
8220,0.26862,-0.0355552,0.0208333,0.1339491118902996
8244,0.102605,-0.0347435,0.0208333,0.273921104891303
8268,0.286094,-0.033586,0.0208333,0.23214123505193987
8292,0.157292,0.0359791,0.0208333,0.3421801257401354
8316,0.256701,-0.035707,0.0208333,0.47746942306161655
8340,0.180098,-0.0216356,0.0208333,0.899901087473574
8364,0.237345,-0.021662,0.0208333,0.840568523366889
8388,0.260127,-0.0300413,0.0208333,0.6301755642869268
8412,0.294409,-0.018062,0.0208333,0.42569082943564807
8436,0.270184,-0.0358676,0.0208333,0.07911002633364497
8460,0.258887,-0.0296967,0.0208333,0.6358592763633696
8484,0.190022,-0.0363379,0.0208333,0.5473636137357277
8508,0.225537,-0.0330672,0.0208333,0.8057331572629933
8532,0.222742,-0.034009,0.0208333,0.7757698342047666
8556,0.250944,-0.0273763,0.0208333,0.7560653374549108
8580,0.19377,-0.0274286,0.0208333,0.8595359009197977
8604,0.148262,-0.0342768,0.0208333,0.32269222739409525
8628,0.143591,-0.0341444,0.0208333,0.3911945183249992
8652,0.216395,-0.0364615,0.0208333,0.7132804631612384
8676,0.183249,-0.03573,0.0208333,0.47848120312489417
8700,0.158076,-0.0362284,0.0208333,0.18220254285466186
8724,0.137681,-0.0353325,0.0208333,0.592446850769512
8748,0.176047,-0.0370611,0.0208333,0.29654109763442243
8772,0.169464,-0.037112,0.0208333,0.1606587845874367
8796,0.235602,-0.0137108,0.0208333,0.7539984410128977
8820,0.231617,-0.0297689,0.0208333,0.8393472577294564
8844,0.174358,-0.0297482,0.0208333,0.6163993956324373
8868,0.294348,-0.0349844,0.0208333,0.22004047126577075
8892,0.223021,-0.0301405,0.0208333,0.859844894603243
8916,0.165816,-0.0301905,0.0208333,0.49124193139049854
8940,0.210712,-0.0296631,0.0208333,0.8625962487981849
8964,0.222376,-0.0390258,0.0208333,0.5475552694711618
8988,0.178357,-0.0136806,0.0208333,0.8931716347750136
9012,0.196496,-0.0292204,0.0208333,0.8322613139115818
9036,0.25371,-0.029224,0.0208333,0.7042010175087924
9060,0.117636,-0.0311655,0.0208333,0.32593686519422144
9084,0.256208,-0.0308826,0.0208333,0.6392398123986606
9108,0.198964,-0.0308979,0.0208333,0.8061311899650607
9132,0.157926,-0.0383331,0.0208333,0.2629770146605433
9156,0.164702,-0.0289241,0.0208333,0.5100112220168189
9180,0.222021,-0.0289098,0.0208333,0.8743106691884142
9204,0.129306,-0.0254359,0.0208333,0.13849218122989795
9228,0.145481,-0.0343603,0.0208333,0.37776367940940325
9252,0.271286,-0.0145969,0.0208333,0.7305150656090379
9276,0.13291,-0.0231284,0.0208333,0.29441006218453036
9300,0.211639,-0.0265764,0.0208333,0.901786769877862
9324,0.269294,-0.0359923,0.0208333,0.07516061980678446
9348,0.150967,-0.0346394,0.0208333,0.2919551145482201
9372,0.292616,-0.0361296,0.0208333,0.23876435691545336
9396,0.275808,-0.0297829,0.0208333,0.29391943257942305
9420,0.119922,0.0313157,0.0208333,0.2923904394223933
9444,0.170514,-0.0361947,0.0208333,0.22314831347123465
9468,0.287708,-0.016611,0.0208333,0.5077946246939701
9492,0.294358,-0.035936,0.0208333,0.21721177120258647
9516,0.141588,-0.0341911,0.0208333,0.42759633685340426
9540,0.216824,0.0307925,0.0208333,0.49710294814209505
9564,0.280541,-0.0358413,0.0208333,0.21445179281479557
9588,0.293252,-0.0258348,0.0208333,0.2621087211721312
9612,0.125474,-0.0305417,0.0208333,0.28125444781068754
9636,0.119384,-0.039048,0.0208333,0.7059419224754887
9660,0.131589,-0.0355902,0.0208333,0.6617354418130424
9684,0.29158,0.00624515,0.0208333,0.6877514686076072
9708,0.276613,-0.0323517,0.0208333,0.08082593128915991
9732,0.203428,-0.0370977,0.0208333,0.6355599513249802
9756,0.299066,-0.0284878,0.0208333,0.17016055528744023
9780,0.136964,-0.0206773,0.0208333,0.5488032061831876
9804,0.126662,-0.0359584,0.0208333,0.6940063644894783
9828,0.156444,-0.0378234,0.0208333,0.3103777529593977
9852,0.157872,-0.0340016,0.0208333,0.17265919078174613
9876,0.264968,-0.0300713,0.0208333,0.5521227921802986
9900,0.133713,-0.0356894,0.0208333,0.6590905689114768
9924,0.168892,-0.0356604,0.0208333,0.2213245408103503
9948,0.196755,-0.0354051,0.0208333,0.6393865156036139
9972,0.113814,-0.0359081,0.0208333,0.5648726122610933
9996,0.253978,-0.0353967,0.0208333,0.5306889969972572
10020,0.288219,-0.0334745,0.0208333,0.24160947035039831
10044,0.248881,-0.0368506,0.0208333,0.5384456967240456
10068,0.293335,-0.0332872,0.0208333,0.234613275151791
10092,0.110104,-0.0322042,0.0208333,0.42404706887043264
10116,0.154202,-0.0330289,0.0208333,0.20388910719003558
10140,0.232603,-0.0143589,0.0208333,0.7587718513751274
10164,0.213191,-0.0326014,0.0208333,0.8181761638407068
10188,0.162916,-0.0379551,0.0208333,0.09292866000837632
10212,0.175255,-0.0144243,0.0208333,0.8976304708801466
10236,0.247339,-0.0385919,0.0208333,0.45793185760040805
10260,0.162366,-0.0384345,0.0208333,0.11843832843121183
10284,0.173474,-0.0282958,0.0208333,0.6405619849642303
10308,0.230733,-0.0283171,0.0208333,0.8605759090437329
10332,0.214329,-0.0285502,0.0208333,0.888743094432228
10356,0.282249,-0.0356084,0.0208333,0.22528389711306487
10380,0.279763,0.0313934,0.0208333,0.23876508167123683
10404,0.267779,-0.0291884,0.0208333,0.5345744365565824
10428,0.266715,-0.0303214,0.0208333,0.5335433022831801
10452,0.113984,-0.0170434,0.0208333,0.3755482293506607
10476,0.229741,-0.0367439,0.0208333,0.6821345070772205
10500,0.246012,-0.0185182,0.0208333,0.7887586191340737
10524,0.143129,-0.0384596,0.0208333,0.6792696062577604
10548,0.143775,-0.0380211,0.0208333,0.6610681537173009
10572,0.154478,-0.036008,0.0208333,0.3023281472722344
10596,0.188774,-0.0184854,0.0208333,0.9054786764243157
10620,0.18109,-0.033907,0.0208333,0.5212523757351519
10644,0.283015,-0.0262215,0.0208333,0.1617135129385915
10668,0.160686,-0.0353563,0.0208333,0.11507864138827022
10692,0.123872,-0.0365515,0.0208333,0.7153165749147621
10716,0.18835,-0.0357995,0.0208333,0.548133826190024
10740,0.256743,-0.0154556,0.0208333,0.7438144285789234
10764,0.215629,-0.0358656,0.0208333,0.7238830964886059
10788,0.18263,-0.0364734,0.0208333,0.4329489286640821
10812,0.24734,-0.0303103,0.0208333,0.7541279493023377
10836,0.156349,-0.0202894,0.0208333,0.8290004480779778
10860,0.124912,-0.0277567,0.0208333,0.061598666848694056
10884,0.189359,-0.0356088,0.0208333,0.5579198955826611
10908,0.287444,-0.0362715,0.0208333,0.2548176975498758
10932,0.199495,-0.0154059,0.0208333,0.8313009948278519
10956,0.283792,-0.0223513,0.0208333,0.3657906421028428
10980,0.273187,-0.0116141,0.0208333,0.7275143122688396
11004,0.28911,-0.0363074,0.0208333,0.2542675732257655
11028,0.144371,-0.0357419,0.0208333,0.4962589693499762
11052,0.202408,-0.0355435,0.0208333,0.6803037634499219
11076,0.17457,-0.0345719,0.0208333,0.3875192113666904
11100,0.231881,-0.0346806,0.0208333,0.7437703094148194
11124,0.151933,-0.0327227,0.0208333,0.21408257943045356
11148,0.142677,-0.0357413,0.0208333,0.522297477968236
11172,0.259594,-0.0355533,0.0208333,0.42121926474796006
11196,0.243754,-0.0335464,0.0208333,0.7006368894088649
11220,0.183572,-0.0340516,0.0208333,0.5543790657266099
11244,0.130033,-0.0357218,0.0208333,0.6803782631238057
11268,0.15459,-0.0378449,0.0208333,0.3744715765671206
11292,0.187114,-0.0368579,0.0208333,0.4907510269100408
11316,0.222189,-0.036142,0.0208333,0.7228276224743546
11340,0.187683,-0.0350978,0.0208333,0.5570146084099185
11364,0.166824,0.0309862,0.0208333,0.330757294746057
11388,0.266782,-0.0354259,0.0208333,0.2599283160778758
11412,0.215796,-0.0348988,0.0208333,0.7599721656923164
11436,0.108696,0.00550196,0.0208333,1.1713846886038304
11460,0.172486,-0.0368147,0.0208333,0.24237710360506334
11484,0.137094,-0.0367865,0.0208333,0.6867352937316283
11508,0.159854,-0.026568,0.0208333,0.6139991249835322
11532,0.281886,-0.0319909,0.0208333,0.18065752451730316
11556,0.217091,-0.0333603,0.0208333,0.8026599641240454
11580,0.122313,-0.0259457,0.0208333,0.0326246269400663
11604,0.193259,-0.0319038,0.0208333,0.7223859745281659
11628,0.25036,-0.0319248,0.0208333,0.6783300453190554
11652,0.267271,-0.0361875,0.0208333,0.12704842180562498
11676,0.262284,-0.0284479,0.0208333,0.6340697760250641
11700,0.205051,-0.0285779,0.0208333,0.8790089831705101
11724,0.218142,-0.0383478,0.0208333,0.6306028867041967
11748,0.228494,-0.0352,0.0208333,0.7340625735941835
11772,0.227765,-0.0332851,0.0208333,0.7936878929325695
11796,0.170569,-0.0333049,0.0208333,0.3909431268343409
11820,0.233661,-0.0378327,0.0208333,0.6204129875672131
11844,0.1283,-0.0357732,0.0208333,0.6866479339147846
11868,0.1612,-0.0317133,0.0208333,0.3192253416120604
11892,0.218502,-0.0314528,0.0208333,0.8428956816320394
11916,0.265554,-0.0382193,0.0208333,0.04745342529976103
11940,0.163271,-0.0257993,0.0208333,0.6692475316042388
11964,0.109269,-0.0389937,0.0208333,0.39733281269432863
11988,0.276306,-0.0357848,0.0208333,0.17913695791890324
12012,0.159142,-0.0156399,0.0208333,0.9887202507829298
12036,0.206445,-0.0339522,0.0208333,0.752663602837281
12060,0.270514,-0.0339649,0.0208333,0.23488847097411997
12084,0.216195,-0.0372057,0.0208333,0.6778520835605137
12108,0.10859,-0.0390203,0.0208333,0.38680475191291913
12132,0.122132,-0.0366363,0.0208333,0.7075208317929179
12156,0.271498,-0.036849,0.0208333,0.1490728024030205
12180,0.213462,0.0308137,0.0208333,0.48996423961518376
12204,0.286489,0.0019248,0.0208333,0.7063035876292098
12228,0.136902,-0.0358715,0.0208333,0.61864147012388
12252,0.134364,0.0333978,0.0208333,0.32159143278607466
12276,0.197235,-0.0362218,0.0208333,0.6194084479378938
12300,0.202195,-0.0378731,0.0208333,0.5927362264067032
12324,0.204819,-0.0363589,0.0208333,0.6654655783042321
12348,0.22678,-0.0349142,0.0208333,0.7487619777848403
12372,0.254517,-0.0362781,0.0208333,0.4786454973111408
12396,0.21732,-0.0362389,0.0208333,0.7157352208296264
12420,0.291894,-0.000781741,0.0208333,0.8881990674579002
12444,0.291102,-0.0381796,0.0208333,0.25863599427583545
12468,0.224224,-0.0299998,0.0208333,0.8598596988144366
12492,0.176164,-0.0353858,0.0208333,0.3732656074558338
12516,0.206865,-0.0350203,0.0208333,0.7222176537626578
12540,0.233539,-0.0353224,0.0208333,0.7171037814037411
12564,0.169144,-0.0346962,0.0208333,0.28175421014758917
12588,0.130374,-0.0273292,0.0208333,0.09568951252934722
12612,0.160504,-0.0363239,0.0208333,0.11506729167096096
12636,0.171899,-0.0364149,0.0208333,0.2432347626249373
12660,0.233196,-0.0362597,0.0208333,0.6861317010346766
12684,0.156947,-0.0384095,0.0208333,0.2982596223311161
12708,0.111317,-0.0160149,0.0208333,0.3263308406673871
12732,0.228282,-0.036261,0.0208333,0.6990381487222468
12756,0.112639,-0.0336491,0.0208333,0.48080607876893994
12780,0.286596,-0.036737,0.0208333,0.2535303449935727
12804,0.162965,-0.0294458,0.0208333,0.4803860643483772
12828,0.220309,-0.0293828,0.0208333,0.875255248495809
12852,0.10692,-0.0290172,0.0208333,0.40959863173259015
12876,0.267363,-0.0376847,0.0208333,0.08725590255759205
12900,0.13533,-0.0361499,0.0208333,0.6556557298917493
12924,0.124745,-0.0361288,0.0208333,0.7118498319645997
12948,0.271934,-0.0352828,0.0208333,0.09979282882722586
12972,0.144358,-0.0366838,0.0208333,0.5774533669355383
12996,0.167006,-0.0300019,0.0208333,0.48722628527930295
13020,0.117085,-0.0358184,0.0208333,0.6117563499081718
13044,0.16123,-0.0369235,0.0208333,0.11533965879847399
13068,0.214697,-0.0361862,0.0208333,0.7214993045711556
13092,0.208848,-0.0345536,0.0208333,0.7408388916687508
13116,0.179156,-0.0390353,0.0208333,0.2655082099162015
13140,0.277461,-0.0301661,0.0208333,0.17801830809228583
13164,0.200469,-0.0371359,0.0208333,0.6107103670692978
13188,0.174788,-0.0363432,0.0208333,0.3014494168884473
13212,0.265705,0.0329532,0.0208333,0.3536556616562891
13236,0.252389,-0.0383464,0.0208333,0.4041310251168118
13260,0.272186,-0.0361948,0.0208333,0.1557313769516278
13284,0.198165,-0.0228017,0.0208333,0.916487939335809
13308,0.25539,-0.0228468,0.0208333,0.7692525731384176
13332,0.15201,-0.038291,0.0208333,0.47163538527640353
13356,0.276578,-0.0365555,0.0208333,0.18781944496540395
13380,0.170388,0.031401,0.0208333,0.3365948532143427
13404,0.111296,-0.0260998,0.0208333,0.2767077014420316
13428,0.248248,-0.0361637,0.0208333,0.5755511261492784
13452,0.163868,-0.0348134,0.0208333,0.17237853602869277
13476,0.117602,-0.0382863,0.0208333,0.6860405438487939
13500,0.271266,-0.0317668,0.0208333,0.37122627476929754
13524,0.107319,-0.0340437,0.0208333,0.4161438125634004
13548,0.201891,-0.0363594,0.0208333,0.647450387286669
13572,0.164383,-0.0377308,0.0208333,0.051529368534757924
13596,0.113493,-0.034145,0.0208333,0.49504416301062837
13620,0.109403,-0.0364123,0.0208333,0.47145817890084335
13644,0.15251,-0.0387501,0.0208333,0.4594523782892956
13668,0.122974,-0.0361378,0.0208333,0.7046770168173584
13692,0.258996,-0.0364063,0.0208333,0.4044708386240452
13716,0.162155,-0.0366666,0.0208333,0.09254302190795426
13740,0.118038,-0.0377066,0.0208333,0.7036715477220146
13764,0.166384,-0.032668,0.0208333,0.33914019077950974
13788,0.105983,-0.0354177,0.0208333,0.3739539207084879
13812,0.177881,-0.0324151,0.0208333,0.5514852079409239
13836,0.235141,-0.0324314,0.0208333,0.7788257058455075
13860,0.106708,0.0034911,0.0208333,1.229539600243753
13884,0.132893,-0.0361679,0.0208333,0.6773103728590638
13908,0.213892,-0.0356338,0.0208333,0.7289887998348829
13932,0.156154,-0.0363415,0.0208333,0.25690265231052484
13956,0.181814,-0.0365044,0.0208333,0.42613504201144975
13980,0.105667,-0.0363486,0.0208333,0.33878692861532245
14004,0.293678,-0.0289416,0.0208333,0.24243598614347664
14028,0.215312,-0.0374898,0.0208333,0.6751285805051457
14052,0.130273,-0.030202,0.0208333,0.22778774190772888
14076,0.175764,-0.0298356,0.0208333,0.6184167514205051
14100,0.23302,-0.0298559,0.0208333,0.8368808173056443
14124,0.274797,-0.0308604,0.0208333,0.2877400748362313
14148,0.186454,-0.0361851,0.0208333,0.5002381001334928
14172,0.127683,-0.0315001,0.0208333,0.3215141676995364
14196,0.240488,-0.0312405,0.0208333,0.7734245005165333
14220,0.283053,-0.0340472,0.0208333,0.2141736298993179
14244,0.282292,-0.0365503,0.0208333,0.24020313903411006
14268,0.246646,-0.0356436,0.0208333,0.6113588025860038
14292,0.121272,-0.0362248,0.0208333,0.6947538559219816
14316,0.154662,-0.0350006,0.0208333,0.24652639715396224
14340,0.293212,-0.037803,0.0208333,0.24142009837601258
14364,0.24435,-0.0377753,0.0208333,0.5426886080298133
14388,0.118525,-0.0350989,0.0208333,0.5989326899514156
14412,0.151807,-0.036101,0.0208333,0.3677091605687877
14436,0.270603,-0.0367245,0.0208333,0.13837926408172577
14460,0.243761,-0.023898,0.0208333,0.8176091046674605
14484,0.186557,-0.0239189,0.0208333,0.8913431248221694
14508,0.205395,-0.0369047,0.0208333,0.6611215804771502
14532,0.215338,-0.0382152,0.0208333,0.6163877575763056
14556,0.286646,-0.0374565,0.0208333,0.25988932136045917
14580,0.143046,-0.0249006,0.0208333,0.4559361425418853
14604,0.210585,-0.0147067,0.0208333,0.8025637790309957
14628,0.17153,-0.0286764,0.0208333,0.6356361439835259
14652,0.228793,-0.0286964,0.0208333,0.863393420827162
14676,0.246847,-0.0273409,0.0208333,0.7927180993945754
14700,0.185973,-0.0310212,0.0208333,0.6930873422213644
14724,0.141651,-0.0179378,0.0208333,0.8014357465118639
14748,0.108838,-0.0325515,0.0208333,0.4223080775951552
14772,0.237948,-0.0378821,0.0208333,0.5919136616830735
14796,0.160484,0.0127353,0.0208333,0.057264274846473874
14820,0.129228,-0.0370267,0.0208333,0.7610672979478245
14844,0.165472,-0.0344696,0.0208333,0.22484823092370862
14868,0.269488,-0.0295749,0.0208333,0.5143900272769779
14892,0.15683,0.0121435,0.0208333,0.11634590922571193
14916,0.290868,-0.028612,0.0208333,0.24524299182109158
14940,0.264129,-0.0391845,0.0208333,0.05954410539929624
14964,0.295891,-0.0376442,0.0208333,0.19235274307638558
14988,0.13641,-0.0372481,0.0208333,0.7041817445316543
15012,0.284058,-0.016752,0.0208333,0.5825782167805795
15036,0.193883,-0.0356596,0.0208333,0.6022801570282755
15060,0.14279,-0.0367108,0.0208333,0.6044352589698145
15084,0.200224,-0.0335237,0.0208333,0.7284615202535462
15108,0.257456,-0.0335092,0.0208333,0.5572908946066433
15132,0.251103,-0.0356992,0.0208333,0.5582671826142444
15156,0.252641,-0.0364021,0.0208333,0.5058451995052051
15180,0.194462,-0.0363758,0.0208333,0.5900535661595785
15204,0.165201,-0.0362228,0.0208333,0.09670356540296796
15228,0.186724,-0.0353238,0.0208333,0.5472329255708249
15252,0.116651,-0.0383528,0.0208333,0.6762447995235888
15276,0.148014,-0.0178716,0.0208333,0.9330933302887962
15300,0.163894,-0.0334151,0.0208333,0.2773907973694887
15324,0.271859,-0.037694,0.0208333,0.15331859427962413
15348,0.192911,0.0361998,0.0208333,0.4652694257557255
15372,0.17743,-0.0313389,0.0208333,0.5837694658412266
15396,0.234686,-0.0313585,0.0208333,0.804968260057384
15420,0.183116,-0.031267,0.0208333,0.6259512401606727
15444,0.225297,-0.0341269,0.0208333,0.7630018819176217
15468,0.2473,-0.0363524,0.0208333,0.5814857714863384
15492,0.116191,-0.0378647,0.0208333,0.6614029952535142
15516,0.183264,-0.0262945,0.0208333,0.8208732909370308
15540,0.240497,-0.0263011,0.0208333,0.8280218759672636
15564,0.197229,-0.0344531,0.0208333,0.6798587961563861
15588,0.237808,-0.0286544,0.0208333,0.8251479878766518
15612,0.180559,-0.0286341,0.0208333,0.7185486615302732
15636,0.254457,-0.0344608,0.0208333,0.5560520177712496
15660,0.21458,-0.0370662,0.0208333,0.6778758297937268
15684,0.18805,-0.0366982,0.0208333,0.5009353432941941
15708,0.156483,-0.0354613,0.0208333,0.2155642700905538
15732,0.214749,-0.0309625,0.0208333,0.848632055653102
15756,0.112843,-0.0317314,0.0208333,0.3923121213572317
15780,0.115101,-0.0301528,0.0208333,0.2892340752344481
15804,0.209365,-0.0307623,0.0208333,0.8512343724076749
15828,0.159823,-0.0336014,0.0208333,0.18315521193028803
15852,0.195928,-0.0370588,0.0208333,0.577604216650853
15876,0.211059,-0.0371647,0.0208333,0.6803390896884627
15900,0.117326,-0.0281902,0.0208333,0.17282536605627044
15924,0.195625,0.036253,0.0208333,0.46752483116114546
15948,0.176731,-0.0372164,0.0208333,0.3026154428654222
15972,0.2093,-0.0330972,0.0208333,0.7871859006142081
15996,0.251697,-0.036521,0.0208333,0.512538837417632
16020,0.164731,0.0333365,0.0208333,0.3355777697475429
16044,0.215829,-0.0139671,0.0208333,0.7959806574084346
16068,0.12732,-0.017504,0.0208333,0.6280906908417103
16092,0.116709,-0.0101943,0.0208333,0.9476783279155513
16116,0.148182,-0.0273987,0.0208333,0.40310085080731894
16140,0.262511,-0.0358586,0.0208333,0.3386346376421244
16164,0.195395,-0.0363077,0.0208333,0.5965514146092395
16188,0.297169,-0.0367704,0.0208333,0.15725631359894585
16212,0.249892,-0.0255141,0.0208333,0.7865729613120471
16236,0.192709,-0.025553,0.0208333,0.8878512428337172
16260,0.157054,-0.0226398,0.0208333,0.7938196194010703
16284,0.294858,-0.0155635,0.0208333,0.466545234180106
16308,0.201931,-0.0346299,0.0208333,0.7074015814954173
16332,0.259149,-0.0346208,0.0208333,0.48923157852927174
16356,0.108298,-0.0374646,0.0208333,0.4245553467236162
16380,0.19726,-0.0378235,0.0208333,0.5600294517381966
16404,0.266157,-0.037817,0.0208333,0.04440986045284953
16428,0.183108,-0.0370978,0.0208333,0.42452635300670083
16452,0.279439,-0.0194873,0.0208333,0.6113217101407081
16476,0.21851,0.0335023,0.0208333,0.5334893246451394
16500,0.286935,-0.0254397,0.0208333,0.16114044769420868
16524,0.264189,-0.0286008,0.0208333,0.6266938233099741
16548,0.206973,-0.0286846,0.0208333,0.8815846922208689
16572,0.177708,-0.0360824,0.0208333,0.37216067159776955
16596,0.276634,-0.0114072,0.0208333,0.7334268323644191
16620,0.118009,-0.0358063,0.0208333,0.6215377472757406
16644,0.132529,-0.0297694,0.0208333,0.18818821440152012
16668,0.127578,-0.0362524,0.0208333,0.6988012473008279
16692,0.235035,-0.0359674,0.0208333,0.6910856286007264
16716,0.120125,-0.0261891,0.0208333,0.052700400141968556
16740,0.165144,-0.0377577,0.0208333,0.041482690767890164
16764,0.245709,-0.035847,0.0208333,0.6167816685622006
16788,0.141673,-0.0384054,0.0208333,0.6992916842978973
16812,0.261929,-0.0366068,0.0208333,0.32738407815613146
16836,0.255477,-0.0124318,0.0208333,0.7109244397378262
16860,0.219048,-0.0335329,0.0208333,0.8012691046763233
16884,0.21733,-0.0288935,0.0208333,0.8858951474707085
16908,0.213834,-0.0386096,0.0208333,0.6025849858170402
16932,0.282149,-0.0383541,0.0208333,0.24448203204074118
16956,0.158778,-0.0332569,0.0208333,0.20696406624698221
16980,0.19822,-0.0123799,0.0208333,0.774003132684708
17004,0.280691,-0.0367357,0.0208333,0.22921631576722454
17028,0.104048,-0.0358267,0.0208333,0.2962210615325671
17052,0.169685,-0.030951,0.0208333,0.4919815300974215
17076,0.113558,-0.0367936,0.0208333,0.5820744713680305
17100,0.13219,-0.0379694,0.0208333,0.7862972866731547
17124,0.170954,-0.0376164,0.0208333,0.16568426529565958
17148,0.1165,-0.0350132,0.0208333,0.5662732461515761
17172,0.147441,-0.0357314,0.0208333,0.4379945110599564
17196,0.295267,-0.0363283,0.0208333,0.20382271504834784
17220,0.104707,-0.0364657,0.0208333,0.3046859774820994
17244,0.203411,-0.0356359,0.0208333,0.6844328025227742
17268,0.245448,-0.0367234,0.0208333,0.5851064898048594
17292,0.278366,-0.023605,0.0208333,0.5251037143574591
17316,0.260597,-0.0356428,0.0208333,0.4147927652631762
17340,0.156086,0.00926968,0.0208333,0.3584309915276836
17364,0.12546,0.0307164,0.0208333,0.311680921379266
17388,0.135111,-0.0298745,0.0208333,0.17228675595959458
17412,0.195791,-0.0354682,0.0208333,0.6332197737871974
17436,0.253019,-0.0354616,0.0208333,0.5377195375942929
17460,0.211689,-0.036781,0.0208333,0.6835581252228935
17484,0.243898,-0.0362851,0.0208333,0.6175786166575682
17508,0.164909,-0.0139296,0.0208333,0.9748063575693232
17532,0.146144,-0.0204949,0.0208333,0.7307851254298671
17556,0.25301,-0.0379247,0.0208333,0.3996271805132673
17580,0.192924,-0.0357981,0.0208333,0.5948527165732136
17604,0.248031,-0.0317253,0.0208333,0.7004637004996673
17628,0.192592,-0.0366575,0.0208333,0.5552873139237583
17652,0.29017,-0.0240777,0.0208333,0.23003520613430023
17676,0.266944,-0.0382581,0.0208333,0.08531679246162505
17700,0.2529,-0.0274805,0.0208333,0.7492856229202122
17724,0.19569,-0.0274814,0.0208333,0.8647459199215818
17748,0.151693,-0.036985,0.0208333,0.42943044042130135
17772,0.250146,-0.0358377,0.0208333,0.5646827822990127
17796,0.249813,-0.0366997,0.0208333,0.5315359599625701
17820,0.248159,-0.0289151,0.0208333,0.7568711812069244
17844,0.198266,-0.0293607,0.0208333,0.8372019515664201
17868,0.255496,-0.0293605,0.0208333,0.6964654581142007
17892,0.21306,-0.0360095,0.0208333,0.7250633236998936
17916,0.247322,-0.0155786,0.0208333,0.7554160816146783
17940,0.122315,-0.0296135,0.0208333,0.23014552806645974
17964,0.162118,-0.0135217,0.0208333,0.9837896523248006
17988,0.298465,-0.0298623,0.0208333,0.17462569716616738
18012,0.12692,-0.0254213,0.0208333,0.1361887179180114
18036,0.190085,-0.015543,0.0208333,0.8483316029166218
18060,0.226959,-0.0309699,0.0208333,0.8415907290416854
18084,0.185313,-0.0295571,0.0208333,0.7269697128460624
18108,0.24264,-0.0294286,0.0208333,0.7963400032333379
18132,0.29183,-0.0366799,0.0208333,0.2464284253174743
18156,0.130414,-0.0232789,0.0208333,0.30524655148975494
18180,0.205163,-0.0314051,0.0208333,0.8203552605459004
18204,0.118052,-0.0202489,0.0208333,0.26809712562570026
18228,0.213462,-0.0380438,0.0208333,0.640111654005542
18252,0.23929,-0.0369332,0.0208333,0.6458420036554781
18276,0.278678,-0.0376694,0.0208333,0.2132641406887949
18300,0.139547,-0.0342791,0.0208333,0.4662738463722216
18324,0.204499,-0.03338,0.0208333,0.756052097240803
18348,0.273829,-0.0357831,0.0208333,0.17011515322069343
18372,0.134117,-0.020599,0.0208333,0.5698120287663236
18396,0.292512,-0.0277823,0.0208333,0.24769630294271652
18420,0.260989,-0.0365234,0.0208333,0.33426726092529446
18444,0.147026,-0.0282393,0.0208333,0.26695786394547005
18468,0.246089,-0.0373592,0.0208333,0.550997148796471
18492,0.208432,-0.0334425,0.0208333,0.7826255283309722
18516,0.240277,-0.0343664,0.0208333,0.6949617514856984
18540,0.143976,-0.00763414,0.0208333,1.1153712399578517
18564,0.244559,-0.0369189,0.0208333,0.5897022550426247
18588,0.122916,-0.0351829,0.0208333,0.6222632820781089
18612,0.132411,-0.00766552,0.0208333,1.179264286612158
18636,0.260422,-0.0372067,0.0208333,0.3239827462093622
18660,0.131752,-0.0346837,0.0208333,0.577548471617421
18684,0.129966,-0.034708,0.0208333,0.591892007849174
18708,0.25167,-0.0381588,0.0208333,0.4118490831102095
18732,0.290025,-0.0349018,0.0208333,0.24554347114004071
18756,0.121215,-0.0352833,0.0208333,0.6203954445887002
18780,0.196803,-0.0370361,0.0208333,0.5831498810686897
18804,0.240618,-0.038532,0.0208333,0.528191189302477
18828,0.209716,-0.0342084,0.0208333,0.7569014992397604
18852,0.133713,-0.0346629,0.0208333,0.5603511005428468
18876,0.124686,-0.0351603,0.0208333,0.6227070906656436
18900,0.128221,-0.0348158,0.0208333,0.6061458932418823
18924,0.250375,-0.0374251,0.0208333,0.48767294840286807
18948,0.128545,-0.0381907,0.0208333,0.7850841364336436
18972,0.137584,-0.0343045,0.0208333,0.49639801531158134
18996,0.135699,-0.0344712,0.0208333,0.5339650735876832
19020,0.2199,-0.0356216,0.0208333,0.7313979523547322
19044,0.126464,-0.0350244,0.0208333,0.6237384255042192
19068,0.173507,-0.0385724,0.0208333,0.1957880130423017
19092,0.125137,-0.0376943,0.0208333,0.7661696221641296
19116,0.110942,-0.0329706,0.0208333,0.44254603009574073
19140,0.237242,-0.0383264,0.0208333,0.5932387537868231
19164,0.255922,-0.0369449,0.0208333,0.4345727306062206
19188,0.118427,-0.0127514,0.0208333,0.8804122280822563
19212,0.165551,-0.0369949,0.0208333,0.06638434504239987
19236,0.267193,-0.034441,0.0208333,0.3161224705958475
19260,0.20617,-0.035607,0.0208333,0.707079360614012
19284,0.278987,-0.0362381,0.0208333,0.20377392977466008
19308,0.147286,-0.0226929,0.0208333,0.699243893035787
19332,0.222932,-0.0141368,0.0208333,0.7671260757806944
19356,0.263698,-0.0368345,0.0208333,0.21990682131361092
19380,0.218975,-0.0281785,0.0208333,0.8868239707332941
19404,0.173867,-0.0336377,0.0208333,0.4061421117362501
19428,0.263401,-0.0359965,0.0208333,0.3338357726599928
19452,0.231121,-0.0337445,0.0208333,0.7641725404056572
19476,0.146621,-0.0147355,0.0208333,1.0094057670888144
19500,0.139441,-0.0371569,0.0208333,0.6645762514648502
19524,0.138514,-0.0180837,0.0208333,0.8293654427537756
19548,0.174397,-0.0371696,0.0208333,0.2578605073887422
19572,0.239498,-0.0317733,0.0208333,0.776447318680372
19596,0.296815,-0.0360796,0.0208333,0.1713592460461063
19620,0.137875,-0.0228009,0.0208333,0.49795574216676225
19644,0.228909,-0.0369405,0.0208333,0.6842580651162817
19668,0.259433,-0.037179,0.0208333,0.3339592627352212
19692,0.285638,-0.0363933,0.0208333,0.2498947064643427
19716,0.108108,-0.0382592,0.0208333,0.37292623472361247
19740,0.109099,-0.0372769,0.0208333,0.44870909579468177
19764,0.128378,-0.0374329,0.0208333,0.7681406015476122
19788,0.112227,-0.0327785,0.0208333,0.4463889055616632
19812,0.247004,-0.0371916,0.0208333,0.5448663238952519
19836,0.243438,-0.0380952,0.0208333,0.5470958788003923
19860,0.129487,-0.0383804,0.0208333,0.7835440816322286
19884,0.151112,-0.0384935,0.0208333,0.49936249676038186
19908,0.142319,-0.0380132,0.0208333,0.6854077799428043
19932,0.15888,-0.0253996,0.0208333,0.6386418797784372
19956,0.149559,-0.0325934,0.0208333,0.21819021638990965
19980,0.237952,-0.0370972,0.0208333,0.6466385546836282
20004,0.233832,-0.0369573,0.0208333,0.6660730857155243
20028,0.238665,-0.0366213,0.0208333,0.6505101738296027
20052,0.127651,-0.0371066,0.0208333,0.7650420179256592
20076,0.254407,-0.0378565,0.0208333,0.3864612046670403
20100,0.179188,-0.0366376,0.0208333,0.37318027322391734
20124,0.163871,-0.0383166,0.0208333,0.07178973397399102
20148,0.236523,-0.0366498,0.0208333,0.6605210153288346
20172,0.260634,-0.0380155,0.0208333,0.21966617905729344
20196,0.202425,-0.0370881,0.0208333,0.6316007911262989
20220,0.289198,-0.0133807,0.0208333,0.5776408075594124
20244,0.261474,-0.0296506,0.0208333,0.6267056697970762
20268,0.177516,-0.0382306,0.0208333,0.2833088878721564
20292,0.223687,-0.0365946,0.0208333,0.7026463255843822
20316,0.220483,-0.0135289,0.0208333,0.7663188091765605
20340,0.167757,-0.0379104,0.0208333,0.07303449187047446
20364,0.241538,-0.0384706,0.0208333,0.5212002476333353
20388,0.245307,-0.0280362,0.0208333,0.7951353022725833
20412,0.274714,-0.0361197,0.0208333,0.17561229740963474
20436,0.288279,-0.0366882,0.0208333,0.25551426324268084
20460,0.173215,-0.0379496,0.0208333,0.20661212552559177
20484,0.153601,-0.0145579,0.0208333,1.0286393308471042
20508,0.147236,-0.0324788,0.0208333,0.22512173572474628
20532,0.118064,-0.0342446,0.0208333,0.5468360176016921
20556,0.267879,-0.0144387,0.0208333,0.7304234686864879
20580,0.251303,-0.0373848,0.0208333,0.48013103694530795
20604,0.142627,-0.0322687,0.0208333,0.2814639287226873
20628,0.292373,-0.0194396,0.0208333,0.3167119363387019
20652,0.122194,-0.0373477,0.0208333,0.7487772186479054
20676,0.144895,-0.0324107,0.0208333,0.25664543926482875
20700,0.141846,-0.00915582,0.0208333,1.1392875556882944
20724,0.177418,0.031612,0.0208333,0.3608616496433675
20748,0.163111,-0.033959,0.0208333,0.20002808558135543
20772,0.284522,-0.031806,0.0208333,0.20885383679989722
20796,0.104326,-0.0317575,0.0208333,0.3979241604735918
20820,0.273104,-0.036392,0.0208333,0.16675336792400927
20844,0.238209,-0.0339659,0.0208333,0.7296815920731238
20868,0.104047,-0.0288507,0.0208333,0.444536741559033
20892,0.156819,-0.0369744,0.0208333,0.2568283850899096
20916,0.24024,-0.0379662,0.0208333,0.5810646931679488
20940,0.174831,-0.0379153,0.0208333,0.24610429260791533
20964,0.232916,-0.0344832,0.0208333,0.7415094675780144
20988,0.175592,-0.0344516,0.0208333,0.39771004261290704
21012,0.185569,-0.0363468,0.0208333,0.4892609015625508
21036,0.243424,-0.0308454,0.0208333,0.7649998636791779
21060,0.227911,0.0315857,0.0208333,0.5171829103491014
21084,0.223072,-0.03589,0.0208333,0.723709564840232
21108,0.185505,-0.018877,0.0208333,0.90215660424929
21132,0.242746,-0.0189073,0.0208333,0.796706063803142
21156,0.298463,0.000575019,0.0208333,1.1173740151530327
21180,0.186877,-0.0375187,0.0208333,0.4580812146365949
21204,0.264071,-0.038407,0.0208333,0.07749266912566634
21228,0.286984,-0.0315156,0.0208333,0.23235759394672773
21252,0.240326,-0.0334176,0.0208333,0.7311888433572613
21276,0.289489,-0.0313912,0.0208333,0.24584734596112687
21300,0.292021,-0.0313307,0.0208333,0.24904946228813662
21324,0.140252,-0.0359129,0.0208333,0.5807205347653143
21348,0.177148,-0.0352994,0.0208333,0.38331378612839556
21372,0.234474,-0.03522,0.0208333,0.7149526757365071
21396,0.28207,-0.0137806,0.0208333,0.7301102497953582
21420,0.155234,-0.0366301,0.0208333,0.29704627750025014
21444,0.266181,-0.0169567,0.0208333,0.7356854129466546
21468,0.225237,-0.0115071,0.0208333,0.7203581521098097
21492,0.289452,-0.0277653,0.0208333,0.23891231450563014
21516,0.200733,-0.0378802,0.0208333,0.5850495135545355
21540,0.258255,0.0330504,0.0208333,0.4062206942052781
21564,0.222274,-0.0316967,0.0208333,0.8288969846618897
21588,0.165317,-0.0317686,0.0208333,0.3587601536236193
21612,0.197031,-0.0324222,0.0208333,0.7486126114803344
21636,0.224451,-0.0347648,0.0208333,0.7579114529990004
21660,0.254253,-0.0324253,0.0208333,0.6262811238207213
21684,0.123908,-0.0372656,0.0208333,0.7579568069682974
21708,0.158186,-0.0323767,0.0208333,0.2504942268433327
21732,0.205324,-0.0355151,0.0208333,0.7046143341263068
21756,0.259069,-0.0379686,0.0208333,0.281786237463344
21780,0.235952,-0.0358902,0.0208333,0.6886691842825382
21804,0.178672,-0.0359298,0.0208333,0.38546276949936886
21828,0.213977,-0.034611,0.0208333,0.7647315867332412
21852,0.217959,-0.0368863,0.0208333,0.6958917685386858
21876,0.27221,-0.0176584,0.0208333,0.7145766297965688
21900,0.132261,-0.0372698,0.0208333,0.73600510770264
21924,0.244664,-0.0332682,0.0208333,0.6978318385895886
21948,0.158575,-0.0312062,0.0208333,0.32032715693675184
21972,0.150676,-0.0380008,0.0208333,0.5027639011582598
21996,0.110298,-0.0378795,0.0208333,0.4749950840335525
22020,0.109588,-0.0380449,0.0208333,0.45970742259625785
22044,0.134477,-0.036186,0.0208333,0.6658974549647491
22068,0.243022,-0.0365224,0.0208333,0.6219608370765443
22092,0.257759,-0.0309683,0.0208333,0.6316756201740675
22116,0.120484,-0.0367165,0.0208333,0.6942287782055789
22140,0.224012,-0.0381044,0.0208333,0.6361600522749913
22164,0.259429,-0.0160169,0.0208333,0.7364280286773106
22188,0.150531,-0.0185446,0.0208333,0.9119716654193941
22212,0.202169,-0.0159898,0.0208333,0.8332630984513586
22236,0.272096,-0.0311802,0.0208333,0.36997748989068235
22260,0.204313,-0.0323939,0.0208333,0.7941088074538803
22284,0.27543,-0.0355652,0.0208333,0.17662126726272234
22308,0.262792,-0.0119794,0.0208333,0.7118995827038965
22332,0.193163,-0.0380002,0.0208333,0.5072600951256936
22356,0.242772,-0.0374761,0.0208333,0.5718891812105843
22380,0.133988,-0.0103137,0.0208333,1.1234361180761254
22404,0.283001,-0.0369741,0.0208333,0.24473918303232522
22428,0.279639,-0.0355668,0.0208333,0.2064832252235578
22452,0.110283,-0.0363809,0.0208333,0.4900299361803803
22476,0.156071,-0.0308378,0.0208333,0.3344277205425474
22500,0.290957,-0.0363532,0.0208333,0.24870736538273247
22524,0.143628,-0.0371554,0.0208333,0.6013695049536452
22548,0.146441,-0.034371,0.0208333,0.3507298771708748
22572,0.153524,-0.0306459,0.0208333,0.29504848707026177
22596,0.277932,-0.0215381,0.0208333,0.6021052468657037
22620,0.223392,-0.0374753,0.0208333,0.6622974512258525
22644,0.246942,0.0333557,0.0208333,0.4764337858642518
22668,0.280301,-0.0297312,0.0208333,0.0780478228187052
22692,0.28145,-0.0379662,0.0208333,0.24115098671232926
22716,0.171925,0.0340449,0.0208333,0.36049501911434223
22740,0.294539,-0.0380432,0.0208333,0.2201786286444779
22764,0.200476,-0.0311492,0.0208333,0.8095166876912904
22788,0.102007,-0.0340841,0.0208333,0.2808125292030341
22812,0.261325,-0.0383166,0.0208333,0.19872940894246527
22836,0.277717,-0.0314264,0.0208333,0.09204245300039542
22860,0.224589,-0.0322249,0.0208333,0.8155822151890264
22884,0.18824,0.033602,0.0208333,0.41187822133547874
22908,0.185951,0.0319847,0.0208333,0.40078119508620114
22932,0.223172,-0.032715,0.0208333,0.8151618500971709
22956,0.283845,-0.0356615,0.0208333,0.23448670983569622
22980,0.124469,-0.0377804,0.0208333,0.7648340877970404
23004,0.237329,-0.0341235,0.0208333,0.7324360979395187
23028,0.301808,0.000977872,0.0208333,1.2167133379713606
23052,0.0971804,0.00334745,0.0208333,1.1934835944466626
23076,0.303186,0.003257,0.0208333,1.2559911616131738
23100,0.126743,-0.0151554,0.0208333,0.779811077566248
23124,0.182223,-0.0317282,0.0208333,0.611344938755595
23148,0.178795,-0.0374803,0.0208333,0.3256182597906391
23172,0.180103,-0.0341092,0.0208333,0.51154106708791
23196,0.238817,-0.0350027,0.0208333,0.6962047096435299
23220,0.253188,-0.0370898,0.0208333,0.4704019617081609
23244,0.224507,-0.0364167,0.0208333,0.7022125200964934
23268,0.111978,-0.0366766,0.0208333,0.5453829505398592
23292,0.184907,-0.012943,0.0208333,0.8161901196612587
23316,0.137562,-0.026061,0.0208333,0.23056636304177786
23340,0.242147,-0.0129768,0.0208333,0.7311152241666654
23364,0.152308,-0.0375124,0.0208333,0.42588779911508384
23388,0.193263,-0.0372333,0.0208333,0.5513668688289168
23412,0.159629,-0.0366329,0.0208333,0.1461607468555426
23436,0.278109,-0.0360456,0.0208333,0.19628803935021638
23460,0.143187,-0.0146831,0.0208333,1.0351423910349566
23484,0.164651,-0.0342695,0.0208333,0.2354943318658772
23508,0.250431,-0.0210333,0.0208333,0.7871167880411978
23532,0.1932,-0.0210032,0.0208333,0.9115357159901998
23556,0.153845,-0.0342551,0.0208333,0.2236900240853529
23580,0.273673,-0.0348876,0.0208333,0.1378621489817274
23604,0.180069,-0.0365643,0.0208333,0.3849427479904783
23628,0.117389,-0.0324058,0.0208333,0.4346740238299961
23652,0.237343,-0.0365668,0.0208333,0.6576851186176257
23676,0.105473,-0.0311248,0.0208333,0.41807132139477876
23700,0.214192,-0.0322068,0.0208333,0.8198889929543919
23724,0.245436,-0.0126967,0.0208333,0.7223395315274234
23748,0.295398,-0.0285369,0.0208333,0.2221085798148509
23772,0.188199,-0.0126607,0.0208333,0.8166421105463032
23796,0.229688,-0.0383351,0.0208333,0.6250854142917853
23820,0.150322,-0.0367609,0.0208333,0.45163365850439713
23844,0.141733,0.0331189,0.0208333,0.32346291925477716
23868,0.144601,-0.0384193,0.0208333,0.6500151154085806
23892,0.104269,-0.034965,0.0208333,0.32608565850022064
23916,0.285552,0.0316871,0.0208333,0.198249753498958
23940,0.267172,-0.0194029,0.0208333,0.7246961051857282
23964,0.182944,-0.0100036,0.0208333,0.7844056032445185
23988,0.154121,-0.0251773,0.0208333,0.639134234052187
24012,0.225667,-0.0279176,0.0208333,0.8792900285711123
24036,0.119487,-0.0353474,0.0208333,0.6096464325548163
24060,0.1684,-0.0278966,0.0208333,0.6363956382385825
24084,0.167584,-0.0112682,0.0208333,0.9191100689137964
24108,0.232196,-0.037824,0.0208333,0.6273429227999332
24132,0.240183,-0.0100382,0.0208333,0.679674320191145
24156,0.116502,-0.0329924,0.0208333,0.4589435251439218
24180,0.12628,-0.0270176,0.0208333,0.04691897323577105
24204,0.0971371,-0.00845059,0.0208333,1.1511493620414832
24228,0.302901,-0.00845941,0.0208333,0.9225675735754032
24252,0.119487,-0.0381165,0.0208333,0.7251063484547391
24276,0.241908,-0.0377161,0.0208333,0.5767296491501699
24300,0.244143,-0.0353493,0.0208333,0.6476449216733148
24324,0.102965,-0.0367312,0.0208333,0.200387249210934
24348,0.107404,-0.012747,0.0208333,0.5413222696014938
24372,0.292633,-0.0131143,0.0208333,0.5701524026944111
24396,0.272373,-0.0288477,0.0208333,0.47935922420561594
24420,0.179616,-0.0103522,0.0208333,0.7869315773262584
24444,0.128345,-0.0307205,0.0208333,0.28040511898721265
24468,0.236857,-0.0103866,0.0208333,0.6888041544057134
24492,0.222493,-0.0270805,0.0208333,0.8908960784039521
24516,0.165104,-0.0270578,0.0208333,0.6420975904793351
24540,0.163477,-0.0236528,0.0208333,0.7702457273799266
24564,0.281331,-0.00171211,0.0208333,0.6976360161473475
24588,0.245018,-0.0383535,0.0208333,0.5082040696179144
24612,0.165815,-0.0163238,0.0208333,0.9662693517831104
24636,0.101733,0.0129322,0.0208333,0.23896995509664307
24660,0.298312,0.0129462,0.0208333,0.23028320225105087
24684,0.290484,-0.0378311,0.0208333,0.2620873724553131
24708,0.297261,-0.035258,0.0208333,0.16224266725263733
24732,0.188719,-0.0372484,0.0208333,0.5009148504391264
24756,0.28291,0.00144954,0.0208333,0.6915579413605712
24780,0.241313,-0.0370317,0.0208333,0.6140958249979807
24804,0.171138,-0.0367942,0.0208333,0.21516834993038916
24828,0.283216,-0.00461856,0.0208333,0.7720823219542254
24852,0.119017,0.00425033,0.0208333,1.1138989186294617
24876,0.211327,-0.0338121,0.0208333,0.7682168841748507
24900,0.239649,-0.035068,0.0208333,0.6931804718180297
24924,0.155748,-0.0347425,0.0208333,0.20836599537110737
24948,0.117443,0.00731421,0.0208333,0.9721324066422755
24972,0.117156,0.00134631,0.0208333,1.255897181755869
24996,0.275405,-0.0281635,0.0208333,0.4257037208761042
25020,0.250551,0.0235489,0.0208333,0.26970554088883597
25044,0.248747,0.0265719,0.0208333,0.3496150961059246
25068,0.253993,0.0237507,0.0208333,0.2371245366958386
25092,0.25583,0.0209294,0.0208333,0.1738091656261073
25116,0.259283,0.0211218,0.0208333,0.15567159113316084
25140,0.132594,-0.00220562,0.0208333,1.1912188281410734
25164,0.261176,0.0182094,0.0208333,0.142685201488565
25188,0.129365,0.00375366,0.0208333,1.01745360358734
25212,0.259602,0.0151237,0.0208333,0.1757669677077738
25236,0.240116,0.0230645,0.0208333,0.3055691239803564
25260,0.261486,0.0122174,0.0208333,0.2702360861079235
25284,0.261798,0.00622329,0.0208333,0.43294552947178455
25308,0.132824,0.00358572,0.0208333,1.0137696313828388
25332,0.238292,0.0258954,0.0208333,0.3784390604422678
25356,0.259912,0.00913101,0.0208333,0.31214669096610653
25380,0.243585,0.0232275,0.0208333,0.2826346174239978
25404,0.265258,0.00640207,0.0208333,0.41856190545702254
25428,0.245245,0.0264277,0.0208333,0.37041865389782197
25452,0.127499,0.000856181,0.0208333,1.1811327032560435
25476,0.267147,0.00349164,0.0208333,0.5208507384375098
25500,0.267467,-0.00251155,0.0208333,0.6270738953319854
25524,0.265576,0.000403062,0.0208333,0.5467509000670016
25548,0.134448,0.000583056,0.0208333,1.0728459275365696
25572,0.270928,-0.00233727,0.0208333,0.6242714033810316
25596,0.234838,0.025745,0.0208333,0.39147031547070077
25620,0.140996,0.0271952,0.0208333,0.29108724303610434
25644,0.138735,0.0182846,0.0208333,0.09716809049774726
25668,0.262113,0.000226303,0.0208333,0.5543720429195789
25692,0.257065,-0.00304069,0.0208333,0.5921741923114341
25716,0.139082,0.0243041,0.0208333,0.26300286593780575
25740,0.137851,0.000494759,0.0208333,1.066952490524061
25764,0.254877,0.00586458,0.0208333,0.37257253330624973
25788,0.260537,-0.00285793,0.0208333,0.5838493393895476
25812,0.149327,0.0237386,0.0208333,0.25344127068588024
25836,0.130256,0.0216403,0.0208333,0.22203217286194432
25860,0.140609,0.0211978,0.0208333,0.20956571272870247
25884,0.135275,0.0184513,0.0208333,0.05791096649205545
25908,0.128356,0.0187842,0.0208333,0.12970526255331508
25932,0.255179,-0.000135894,0.0208333,0.5104239161874242
25956,0.151064,0.0268492,0.0208333,0.28514524326091084
25980,0.14587,0.0238997,0.0208333,0.2562305920648742
26004,0.256761,0.00295666,0.0208333,0.47499275386671236
26028,0.270288,0.00966787,0.0208333,0.3666458919448839
26052,0.123019,0.0160469,0.0208333,0.1043469027335268
26076,0.144328,0.0269476,0.0208333,0.287867670263141
26100,0.133716,0.0214728,0.0208333,0.21833879893032332
26124,0.139476,-0.00254364,0.0208333,1.094987430528746
26148,0.246381,0.00241917,0.0208333,0.4411589644829881
26172,0.266831,0.009489,0.0208333,0.3844498697611338
26196,0.124899,0.0189508,0.0208333,0.10769344244840351
26220,0.272175,0.00676006,0.0208333,0.4879453771806837
26244,0.124603,0.0129675,0.0208333,0.4215943029727632
26268,0.129937,0.0157131,0.0208333,0.18513190064534618
26292,0.128063,0.0128004,0.0208333,0.4171895279288319
26316,0.274519,0.0246157,0.0208333,0.12522889425432496
26340,0.269636,0.0215916,0.0208333,0.12403369506675233
26364,0.271061,0.024439,0.0208333,0.15088797848468777
26388,0.271541,0.0187311,0.0208333,0.1521225823049047
26412,0.135649,0.0244124,0.0208333,0.27030092583084847
26436,0.112911,0.0225973,0.0208333,0.24902463643753986
26460,0.274998,0.0189102,0.0208333,0.1428871905138442
26484,0.150566,0.00870962,0.0208333,0.4383772351744411
26508,0.285013,0.0257059,0.0208333,0.11009248032707233
26532,0.14913,0.011655,0.0208333,0.3125427686474811
26556,0.24984,0.00259749,0.0208333,0.4293080260584106
26580,0.21777,0.0189537,0.0208333,0.22212976840032966
26604,0.224341,0.025211,0.0208333,0.39395234634995396
26628,0.219655,0.0160474,0.0208333,0.10630424348932126
26652,0.218399,0.00697956,0.0208333,0.20726998434808186
26676,0.218088,0.0129722,0.0208333,0.02505968711452687
26700,0.220592,-0.00200755,0.0208333,0.47753900326027826
26724,0.220284,0.00407334,0.0208333,0.3014342567893246
26748,0.219973,0.0100659,0.0208333,0.12157241735265611
26772,0.222762,0.022155,0.0208333,0.30930112856100994
26796,0.219302,0.0219757,0.0208333,0.30386910396108074
26820,0.224044,-0.00189696,0.0208333,0.47655870134558254
26844,0.225623,0.00126168,0.0208333,0.40366319027555086
26868,0.218712,0.000983252,0.0208333,0.3804679629706357
26892,0.229081,0.00142637,0.0208333,0.39880826121386653
26916,0.207137,0.0243065,0.0208333,0.34939298394406854
26940,0.197941,-9.68086e-05,0.0208333,0.3698256506756553
26964,0.181918,0.00809345,0.0208333,0.11518844271101257
26988,0.194179,0.0057228,0.0208333,0.15945798434930783
27012,0.229366,-0.00497775,0.0208333,0.5622077117445865
27036,0.203296,-0.00281345,0.0208333,0.4695738196240508
27060,0.198204,-0.0061303,0.0208333,0.597666708732508
27084,0.187858,-0.00663406,0.0208333,0.6614014226003573
27108,0.161666,-0.00501745,0.0208333,0.8831630667378731
27132,0.173115,0.0106417,0.0208333,0.08971515430764922
27156,0.198906,0.0149823,0.0208333,0.13230053618573923
27180,0.168062,0.00735471,0.0208333,0.20814990801501906
27204,0.192601,0.00263419,0.0208333,0.2667114267631893
27228,0.202059,0.0211271,0.0208333,0.2781636529305801
27252,0.234428,-0.00121724,0.0208333,0.4780095942638825
27276,0.166821,-0.00188946,0.0208333,0.7020206204487034
27300,0.234119,0.00477182,0.0208333,0.321362570116258
27324,0.171842,0.00146377,0.0208333,0.5176434386809152
27348,0.168397,0.00126675,0.0208333,0.5257207937041876
27372,0.238845,0.0140479,0.0208333,0.12090885099939581
27396,0.248928,0.0205483,0.0208333,0.18158299692607344
27420,0.225317,0.00732679,0.0208333,0.23090438954642006
27444,0.256142,0.0149445,0.0208333,0.17658283033494507
27468,0.255535,0.0268288,0.0208333,0.3186232739013426
27492,0.198599,0.0209479,0.0208333,0.26096006318032344
27516,0.17754,0.0257929,0.0208333,0.2941209578151044
27540,0.178149,0.0139065,0.0208333,0.11962701924449383
27564,0.154594,0.026737,0.0208333,0.2849043794359567
27588,0.166501,0.00423664,0.0208333,0.4706806658557465
27612,0.163176,-0.00797332,0.0208333,0.9050412479517163
27636,0.236003,0.00186894,0.0208333,0.41710473674448
27660,0.249223,0.0145859,0.0208333,0.15145714863583726
27684,0.192296,0.00863052,0.0208333,0.11623819983835995
27708,0.213054,0.00970724,0.0208333,0.11303493343384426
27732,0.21494,0.00680015,0.0208333,0.19806877724204816
27756,0.187565,-0.000631465,0.0208333,0.4322703882246769
27780,0.16336,-0.00200538,0.0208333,0.7132735697388828
27804,0.197021,0.0178887,0.0208333,0.21249536868688246
27828,0.214629,0.012793,0.0208333,0.052990740732348704
27852,0.208667,0.0273069,0.0208333,0.41369240967253507
27876,0.241039,0.00514877,0.0208333,0.3548192016600545
27900,0.158199,-0.00511746,0.0208333,0.8959809744330782
27924,0.172804,0.0166337,0.0208333,0.16264510842950547
27948,0.16743,0.0193023,0.0208333,0.19840039143793203
27972,0.208974,0.0215121,0.0208333,0.28334458212942953
27996,0.203682,0.0241008,0.0208333,0.3330016764828413
28020,0.230659,0.00458062,0.0208333,0.3304342210099614
28044,0.298235,0.024898,0.0208333,0.18838280554482378
28068,0.230966,-0.00146862,0.0208333,0.4863753662091899
28092,0.194479,-0.000278542,0.0208333,0.36185735299194566
28116,0.23381,0.0107786,0.0208333,0.1456009576829301
28140,0.176883,0.00481401,0.0208333,0.26320111793792234
28164,0.202675,0.00916924,0.0208333,0.11693967570097157
28188,0.20456,0.00626299,0.0208333,0.17018918998384386
28212,0.189441,-0.00354576,0.0208333,0.514690380559309
28236,0.220828,-0.00796468,0.0208333,0.6303573346733221
28260,0.210714,-0.0086502,0.0208333,0.6503720821238195
28284,0.203577,-0.00905797,0.0208333,0.679663155714805
28308,0.174139,-0.00794273,0.0208333,0.7629191851580622
28332,0.153281,-0.00832869,0.0208333,1.0398284496549346
28356,0.148331,-0.0116886,0.0208333,1.0697328205556844
28380,0.240729,0.0111415,0.0208333,0.1954403350442178
28404,0.244189,0.0113208,0.0208333,0.1839447772934138
28428,0.178459,0.00791426,0.0208333,0.12030356786443298
28452,0.191987,0.0146238,0.0208333,0.15103901207127116
28476,0.230041,0.0165958,0.0208333,0.11963976435427479
28500,0.167678,0.0133168,0.0208333,0.08210623962670316
28524,0.202365,0.0151616,0.0208333,0.14866591576806837
28548,0.212433,0.0216914,0.0208333,0.298155484629135
28572,0.228776,0.00750154,0.0208333,0.2264383747833075
28596,0.215253,0.000803973,0.0208333,0.37601257631341267
28620,0.177619,-0.00733589,0.0208333,0.7574336861264543
28644,0.156569,-0.00812333,0.0208333,1.0234506656574052
28668,0.176574,0.0108209,0.0208333,0.09104277416178617
28692,0.188527,0.0144445,0.0208333,0.135284916504474
28716,0.193247,0.0236947,0.0208333,0.30163725877950176
28740,0.171537,0.00754258,0.0208333,0.18794862525717207
28764,0.231377,-0.00798554,0.0208333,0.6300866336598875
28788,0.205183,-0.00571886,0.0208333,0.5635760651648916
28812,0.200067,-0.00928133,0.0208333,0.6790364277288093
28836,0.199828,-0.00300153,0.0208333,0.4649715091334921
28860,0.183803,0.00518658,0.0208333,0.17143548728928454
28884,0.173729,-0.00143007,0.0208333,0.567073717010133
28908,0.245465,0.0203711,0.0208333,0.20296236640619486
28932,0.181298,0.0200779,0.0208333,0.23742711680399714
28956,0.250804,0.0176584,0.0208333,0.14178406725238524
28980,0.192716,0.0299393,0.0208333,0.38924371429650606
29004,0.223742,0.00424117,0.0208333,0.3031668083751625
29028,0.209905,0.00353622,0.0208333,0.2702241180980891
29052,0.161594,0.000977676,0.0208333,0.6657405986330622
29076,0.156471,0.0296447,0.0208333,0.30345034267692383
29100,0.254264,0.0178376,0.0208333,0.1447259224703978
29124,0.10176,0.0248974,0.0208333,0.17288257100323906
29148,0.189142,0.00245567,0.0208333,0.2583563813781235
29172,0.240422,0.0171226,0.0208333,0.13746676989058992
29196,0.207399,0.0184265,0.0208333,0.22081188389693068
29220,0.189689,-0.00954586,0.0208333,0.7161372300868197
29244,0.184108,-0.000808558,0.0208333,0.4311871226259133
29268,0.179074,-0.00407613,0.0208333,0.6139479676310962
29292,0.235695,0.00787195,0.0208333,0.26445723284502437
29316,0.213944,0.0247725,0.0208333,0.36963381145063945
29340,0.194735,-0.00631839,0.0208333,0.5970780874170422
29364,0.212744,0.0156994,0.0208333,0.1372612427774224
29388,0.217361,0.0248882,0.0208333,0.379722891411306
29412,0.199523,0.00299569,0.0208333,0.245737237755151
29436,0.21559,-0.00511987,0.0208333,0.5548089092863209
29460,0.204871,0.000272019,0.0208333,0.35388649340080164
29484,0.193111,-0.0094046,0.0208333,0.7167079262773984
29508,0.168668,-0.00519565,0.0208333,0.7596271497307494
29532,0.166717,-0.00826744,0.0208333,0.8970707485817381
29556,0.245764,0.0144066,0.0208333,0.14624575642151125
29580,0.228466,0.0135102,0.0208333,0.06083846789050905
29604,0.223432,0.0102453,0.0208333,0.12123782301513429
29628,0.208331,0.000452224,0.0208333,0.36309376318042147
29652,0.183493,0.0111793,0.0208333,0.1046222021703926
29676,0.225007,0.0133309,0.0208333,0.03759005059147712
29700,0.20394,0.0182472,0.0208333,0.19994122244893398
29724,0.235385,0.0138687,0.0208333,0.103093098147812
29748,0.180909,0.0259131,0.0208333,0.3046398411708694
29772,0.186953,0.0113587,0.0208333,0.1115723632188944
29796,0.18766,0.0265498,0.0208333,0.33099316536515205
29820,0.235075,0.0198607,0.0208333,0.22664963767606247
29844,0.241345,-0.000846252,0.0208333,0.49890656977670156
29868,0.214318,0.018785,0.0208333,0.209899569170065
29892,0.224238,-0.00828188,0.0208333,0.6307755104983656
29916,0.18253,-0.0038983,0.0208333,0.6087538964728603
29940,0.177191,-0.00117977,0.0208333,0.5615032000091691
29964,0.182227,0.00209992,0.0208333,0.347242547886093
29988,0.172131,-0.00493328,0.0208333,0.7517728922133483
30012,0.151458,-0.00549324,0.0208333,1.0461991778484037
30036,0.188837,0.00845147,0.0208333,0.11937986348197965
30060,0.186642,0.0173508,0.0208333,0.19985407190606078
30084,0.193871,0.0117171,0.0208333,0.10982499843645299
30108,0.191676,0.0206157,0.0208333,0.25765506891310114
30132,0.197331,0.0118963,0.0208333,0.10850112254082396
30156,0.172482,0.0225586,0.0208333,0.24766072095104708
30180,0.196711,0.0238475,0.0208333,0.3191145588982427
30204,0.20425,0.0122553,0.0208333,0.09619326641879668
30228,0.209284,0.0155202,0.0208333,0.11735270856584477
30252,0.212015,0.0275936,0.0208333,0.4266666074114725
30276,0.1828,0.0230959,0.0208333,0.2738247699606447
30300,0.191189,0.02679,0.0208333,0.3443812262713966
30324,0.186259,0.0232752,0.0208333,0.28882229727263525
30348,0.162629,0.0100433,0.0208333,0.15169573234249406
30372,0.161261,0.00700227,0.0208333,0.41409943176760095
30396,0.213365,0.00371466,0.0208333,0.28170286656346344
30420,0.20802,0.00644257,0.0208333,0.18720087866628968
30444,0.208646,-0.00553084,0.0208333,0.5658332133855927
30468,0.192896,-0.00337135,0.0208333,0.5157000690925683
30492,0.181608,0.0140858,0.0208333,0.14259587967156306
30516,0.176264,0.016813,0.0208333,0.1847812624823134
30540,0.170889,0.0194815,0.0208333,0.21166077169118067
30564,0.197639,0.00590257,0.0208333,0.1707230495455845
30588,0.175711,0.0286071,0.0208333,0.3274920375564243
30612,0.225902,-0.0052414,0.0208333,0.5694435206002789
30636,0.21904,-0.00503478,0.0208333,0.556368529823808
30660,0.213682,-0.00227191,0.0208333,0.46484344648736314
30684,0.17123,0.0135481,0.0208333,0.11770760539835515
30708,0.223115,0.0162267,0.0208333,0.11656923751255989
30732,0.175971,0.0227964,0.0208333,0.26016872116982936
30756,0.165793,0.0162232,0.0208333,0.15491073768858188
30780,0.199215,0.00898956,0.0208333,0.11801190583873306
30804,0.166089,0.0102226,0.0208333,0.11769808553799886
30828,0.163159,0.00406348,0.0208333,0.47933095978133533
30852,0.202984,0.00317643,0.0208333,0.26134096445218913
30876,0.234859,-0.00737212,0.0208333,0.6227013655657145
30900,0.17342,0.00462154,0.0208333,0.27424298356438603
30924,0.214196,-0.00841254,0.0208333,0.6494888608143159
30948,0.151781,-0.0116366,0.0208333,1.0510836995406796
30972,0.239155,0.00805562,0.0208333,0.2476667489271886
30996,0.243881,0.0173018,0.0208333,0.1393834127078703
31020,0.251108,0.0116796,0.0208333,0.22834513391479286
31044,0.2335,0.0167751,0.0208333,0.11818815711204951
31068,0.230351,0.0105993,0.0208333,0.16050936485709494
31092,0.228156,0.0195022,0.0208333,0.2197702250150816
31116,0.159969,0.0296368,0.0208333,0.30656726653056116
31140,0.239463,0.00206223,0.0208333,0.4066037015860205
31164,0.187261,0.00536524,0.0208333,0.17580913560257358
31188,0.239767,-0.00393526,0.0208333,0.5529190300886464
31212,0.183183,0.0171715,0.0208333,0.1792015922094232
31236,0.177838,0.0198986,0.0208333,0.2220342958725512
31260,0.236311,-0.00411296,0.0208333,0.561539492483822
31284,0.178767,0.00190654,0.0208333,0.347651766436296
31308,0.188217,0.0204364,0.0208333,0.24034278816965257
31332,0.193561,0.0177094,0.0208333,0.19063560222017398
31356,0.184404,-0.0068095,0.0208333,0.6631534154375611
31380,0.238537,0.0200289,0.0208333,0.2064901243856713
31404,0.20771,0.0124346,0.0208333,0.08434393912650986
31428,0.254568,0.0118588,0.0208333,0.21880096240661503
31452,0.210221,-0.00244523,0.0208333,0.4603303421009977
31476,0.156326,0.023668,0.0208333,0.24911847681796073
31500,0.258899,0.0271299,0.0208333,0.2918947378466808
31524,0.224689,0.0193123,0.0208333,0.22190766290087416
31548,0.209595,0.0095281,0.0208333,0.10711902692889112
31572,0.241641,-0.00684603,0.0208333,0.6277001081599151
31596,0.154435,0.0207881,0.0208333,0.20691475364003697
31620,0.26081,0.0242442,0.0208333,0.21819740600074994
31644,0.264254,0.0243713,0.0208333,0.18796541996309452
31668,0.150943,0.0146224,0.0208333,0.09607190942930458
31692,0.245095,-0.00667176,0.0208333,0.618809451150285
31716,0.150965,0.0207465,0.0208333,0.21072787841618487
31740,0.149093,0.0178278,0.0208333,0.12030813209846956
31764,0.276551,0.0219474,0.0208333,0.10711115174849956
31788,0.281528,0.025478,0.0208333,0.11440000560749823
31812,0.28703,0.0226708,0.0208333,0.1053957988461361
31836,0.12868,0.0246674,0.0208333,0.278949232440416
31860,0.246927,-0.00958383,0.0208333,0.6807775467406962
31884,0.266186,0.0214282,0.0208333,0.1362094759936606
31908,0.144065,0.0210409,0.0208333,0.20627487742602588
31932,0.264635,0.0183886,0.0208333,0.14368097338774538
31956,0.280027,0.0221542,0.0208333,0.10022120740696755
31980,0.145406,0.0119471,0.0208333,0.32053372966209226
32004,0.114898,0.0256873,0.0208333,0.26442010748032685
32028,0.12522,0.0248398,0.0208333,0.28575970002201867
32052,0.264945,0.0123966,0.0208333,0.25561611640200016
32076,0.285502,0.0196554,0.0208333,0.14418634651597412
32100,0.14565,0.0179611,0.0208333,0.0725880382395943
32124,0.250351,-0.00944517,0.0208333,0.6723112522478807
32148,0.118386,0.0254681,0.0208333,0.27395919399784413
32172,0.251975,-0.00635909,0.0208333,0.6345486378735815
32196,0.143776,0.0150479,0.0208333,0.1298897540196741
32220,0.281984,0.0193667,0.0208333,0.17257497341957795
32244,0.123339,0.0219794,0.0208333,0.2584527774148231
32268,0.266519,0.0154822,0.0208333,0.20988151203320143
32292,0.255444,-0.00617085,0.0208333,0.6258433766693343
32316,0.269976,0.0156612,0.0208333,0.19932822572363829
32340,0.280385,0.0162684,0.0208333,0.22842384472950547
32364,0.140316,0.0152145,0.0208333,0.17185910083856634
32388,0.114511,0.0195169,0.0208333,0.23548719762056425
32412,0.119877,0.0221547,0.0208333,0.2692759936243335
32436,0.117989,0.0192935,0.0208333,0.2337022374141335
32460,0.271859,0.0127545,0.0208333,0.3275895966189174
32484,0.138442,0.0123013,0.0208333,0.3886340478993445
32508,0.276876,0.0160187,0.0208333,0.2581862743786078
32532,0.257326,-0.00933341,0.0208333,0.683499087293313
32556,0.133396,0.0155478,0.0208333,0.15315802343582138
32580,0.134693,0.00647527,0.0208333,0.797718286259769
32604,0.260854,-0.0091236,0.0208333,0.6765045038472735
32628,0.119572,0.0162143,0.0208333,0.11910300190273501
32652,0.134982,0.012468,0.0208333,0.3947173280182695
32676,0.275302,0.0129329,0.0208333,0.3051552269001037
32700,0.262444,-0.00577828,0.0208333,0.652015964075164
32724,0.133107,0.0095551,0.0208333,0.6431570062023826
32748,0.117717,0.0133006,0.0208333,0.3692963746557939
32772,0.277177,0.0100258,0.0208333,0.447100053657826
32796,0.280976,0.00428406,0.0208333,0.5841779278503902
32820,0.129648,0.00972216,0.0208333,0.6488650330711352
32844,0.11929,0.010224,0.0208333,0.7014264565821557
32868,0.270606,0.00367076,0.0208333,0.5138769665988339
32892,0.27562,0.0069396,0.0208333,0.4782857568204703
32916,0.26591,-0.00560866,0.0208333,0.6469600529786425
32940,0.145263,0.00588717,0.0208333,0.6614228478223493
32964,0.251717,-0.00031616,0.0208333,0.520928057687198
32988,0.251417,0.00568567,0.0208333,0.3888450674929264
33012,0.250135,-0.0034092,0.0208333,0.5621690799005069
33036,0.244498,0.00532794,0.0208333,0.34095404234302373
33060,0.249533,0.00859356,0.0208333,0.2735819120360264
33084,0.244803,-0.000668478,0.0208333,0.48827544471904044
33108,0.267835,-0.00857662,0.0208333,0.695481307408475
33132,0.277507,0.00403367,0.0208333,0.5860841624567439
33156,0.272497,0.000756472,0.0208333,0.6062655837950743
33180,0.122729,0.0100584,0.0208333,0.7001904890631493
33204,0.127774,0.00681026,0.0208333,0.9021435072504199
33228,0.256453,0.00895174,0.0208333,0.33178418963726203
33252,0.246074,0.00841414,0.0208333,0.293566608333744
33276,0.24668,-0.00358321,0.0208333,0.5721513406639753
33300,0.260224,0.0031361,0.0208333,0.46472365686906436
33324,0.129105,-0.00210043,0.0208333,1.1950594454463574
33348,0.124315,0.00697938,0.0208333,0.9040198741880194
33372,0.271308,-0.00843051,0.0208333,0.6959885514077572
33396,0.275953,0.00093984,0.0208333,0.6050396455988242
33420,0.227854,0.0254328,0.0208333,0.3935471886194926
33444,0.2332,0.022746,0.0208333,0.31040516501523874
33468,0.229741,0.0225667,0.0208333,0.319045233289909
33492,0.12245,0.00408114,0.0208333,1.1162148652069472
33516,0.277844,-0.00197142,0.0208333,0.6882562970213629
33540,0.272845,-0.00528826,0.0208333,0.6890665475891647
33564,0.127276,-0.00489318,0.0208333,1.2267794029308932
33588,0.139686,0.00334404,0.0208333,0.8798257727675752
33612,0.138152,0.00632188,0.0208333,0.7911284381095418
33636,0.14353,0.00904744,0.0208333,0.5426407590243926
33660,0.143293,0.00309693,0.0208333,0.8728287875749975
33684,0.124043,0.00101455,0.0208333,1.180810814020667
33708,0.12384,-0.0047703,0.0208333,1.226288294924057
33732,0.276304,-0.00510578,0.0208333,0.6931809477521056
33756,0.229582,0.0284586,0.0208333,0.46189104309699924
33780,0.140026,0.00923505,0.0208333,0.5525851645497908
33804,0.148574,0.0058415,0.0208333,0.6572361859750179
33828,0.233107,0.0285916,0.0208333,0.4558148464850394
33852,0.278214,-0.00804109,0.0208333,0.7400152170740065
33876,0.122213,-0.00181919,0.0208333,1.2627667899439334
33900,0.118759,-0.00165661,0.0208333,1.2585553271352972
33924,0.113685,0.00149571,0.0208333,1.244999619869608
33948,0.281639,-0.00781317,0.0208333,0.7560600294204307
33972,0.154097,-0.0199351,0.0208333,0.8575043065971663
33996,0.116895,-0.00447369,0.0208333,1.2486965083559771
34020,0.283541,-0.0106941,0.0208333,0.7630700215623559
34044,0.111855,-0.00145934,0.0208333,1.293523269559313
34068,0.129559,-0.0312151,0.0208333,0.2971313567656906
34092,0.296511,0.0217,0.0208333,0.18458534363517842
34116,0.295993,-0.0358788,0.0208333,0.18789297466749522
34140,0.108688,0.0322952,0.0208333,0.1984287281577466
34164,0.209706,-0.0379261,0.0208333,0.630468706054303
34188,0.298276,0.018802,0.0208333,0.1207582320764096
34212,0.287019,-0.0104353,0.0208333,0.7695134965775194
34236,0.113462,-0.00442582,0.0208333,1.2397264096971348
34260,0.28674,-0.00436682,0.0208333,0.8048643940852248
34284,0.114394,0.0316845,0.0208333,0.26197788291833896
34308,0.291186,0.0322852,0.0208333,0.15917004070202911
34332,0.134691,-0.0326833,0.0208333,0.38236978453179327
34356,0.198072,-0.0377316,0.0208333,0.5644016720553138
34380,0.284309,-0.0395831,0.0208333,0.2384025586498811
34404,0.105233,-0.0395434,0.0208333,0.21928625350739067
34428,0.175337,-0.0395609,0.0208333,0.18565001801744757
34452,0.26194,-0.0395691,0.0208333,0.046612452139959334
34476,0.26937,-0.0396074,0.0208333,0.08570627591734224
34500,0.273888,-0.0395827,0.0208333,0.11736327319604715
34524,0.282844,-0.0395823,0.0208333,0.2306501566471612
34548,0.285816,-0.0395544,0.0208333,0.24514287973902077
34572,0.287313,-0.0395691,0.0208333,0.2493797777004922
34596,0.293266,-0.0395605,0.0208333,0.22598729263582698
34620,0.238052,-0.0395874,0.0208333,0.4266628209206466
34644,0.254478,-0.0395691,0.0208333,0.28252339874730725
34668,0.266406,-0.0395685,0.0208333,0.08963171603807438
34692,0.297795,-0.0395923,0.0208333,0.09575484271690911
34716,0.13054,-0.039504,0.0208333,0.7937407400771419
34740,0.188785,-0.0395964,0.0208333,0.37308055076894814
34764,0.193274,-0.0395931,0.0208333,0.4224906566985098
34788,0.206716,-0.0395698,0.0208333,0.5035779113715226
34812,0.205224,-0.0395715,0.0208333,0.49912613768270264
34836,0.197749,-0.0395455,0.0208333,0.4697611231697919
34860,0.220168,-0.0396084,0.0208333,0.5207362271586029
34884,0.278337,-0.039491,0.0208333,0.18325332172985379
34908,0.103699,-0.0395818,0.0208333,0.1511768981986287
34932,0.111249,-0.0395979,0.0208333,0.4742149928089921
34956,0.123122,-0.0395239,0.0208333,0.7517280968450287
34980,0.132105,-0.0395886,0.0208333,0.7890999025924139
35004,0.136569,-0.0395893,0.0208333,0.7650330077978488
35028,0.141032,-0.0395949,0.0208333,0.7157444049091696
35052,0.145489,-0.0396009,0.0208333,0.6432725472875848
35076,0.172463,-0.039561,0.0208333,0.12321823862735784
35100,0.199272,-0.0395901,0.0208333,0.4751691063951511
35124,0.230597,-0.0395691,0.0208333,0.49362657805897625
35148,0.239604,-0.0395622,0.0208333,0.42129974377072443
35172,0.106713,-0.0395949,0.0208333,0.28287806601743376
35196,0.126185,-0.0396486,0.0208333,0.7717442320154155
35220,0.169325,-0.0395934,0.0208333,0.03079482285494755
35244,0.176866,-0.0395691,0.0208333,0.21312017006841658
35268,0.182832,-0.039579,0.0208333,0.3051562373834247
35292,0.184323,-0.0396038,0.0208333,0.32196592662119916
35316,0.200746,-0.0395691,0.0208333,0.48421876534494296
35340,0.203731,-0.0395848,0.0208333,0.4917236125801683
35364,0.212751,-0.0395827,0.0208333,0.514567844883431
35388,0.226121,-0.0395774,0.0208333,0.5221951910748796
35412,0.244075,-0.0395449,0.0208333,0.40492961750777995
35436,0.150058,-0.03956,0.0208333,0.5391277241935347
35460,0.154436,-0.0395584,0.0208333,0.4072782339559162
35484,0.15597,-0.0395691,0.0208333,0.3526158248760966
35508,0.209702,-0.0395686,0.0208333,0.5096957746945339
35532,0.217173,-0.0395528,0.0208333,0.5317676839167849
35556,0.232105,-0.039566,0.0208333,0.4823086745975089
35580,0.248434,-0.0395514,0.0208333,0.3635692372613729
35604,0.114169,-0.0396155,0.0208333,0.5799712492663688
35628,0.120149,-0.0395691,0.0208333,0.712710790459583
35652,0.1605,-0.0395631,0.0208333,0.20710380809595366
35676,0.121642,-0.0395691,0.0208333,0.7338029164406132
35700,0.117159,-0.0396224,0.0208333,0.6583219301518898
35724,0.170835,-0.0395014,0.0208333,0.08196908336315345
35748,0.163357,-0.0395922,0.0208333,0.12087592676182468
35772,0.167886,-0.0395835,0.0208333,0.021135071245245426
35796,0.181356,-0.0395915,0.0208333,0.28340073246672776
35820,0.185825,-0.0396312,0.0208333,0.3362958650572335
35844,0.190311,-0.0395322,0.0208333,0.4000496434326241
35868,0.194831,-0.0395448,0.0208333,0.4447607164262824
35892,0.253003,-0.0395783,0.0208333,0.31433551406398663
35916,0.257477,-0.0395684,0.0208333,0.20417045062725997
35940,0.276833,-0.0395768,0.0208333,0.15932853935249924
35964,0.279882,-0.0396033,0.0208333,0.19975179465355924
35988,0.288819,-0.0394958,0.0208333,0.2518970775252353
36012,0.296273,-0.0394893,0.0208333,0.15963305900501937
36036,0.211203,-0.0395969,0.0208333,0.5080276465065043
36060,0.275374,-0.0396017,0.0208333,0.13591833075401605
36084,0.129032,-0.0396458,0.0208333,0.7895010205974209
36108,0.1336,-0.0395965,0.0208333,0.7837912297266855
36132,0.147009,-0.0395885,0.0208333,0.6121554642509035
36156,0.158939,-0.0394927,0.0208333,0.2535754626971624
36180,0.202235,-0.0395767,0.0208333,0.4892502897940327
36204,0.208209,-0.0395697,0.0208333,0.5066242916323772
36228,0.221642,-0.0395691,0.0208333,0.5245158175031569
36252,0.227612,-0.0395691,0.0208333,0.514231810151349
36276,0.235077,-0.039606,0.0208333,0.45269434123121455
36300,0.233583,-0.0395697,0.0208333,0.4713227900085567
36324,0.290324,-0.039562,0.0208333,0.24833170794370985
36348,0.124653,-0.0395315,0.0208333,0.7665156825512057
36372,0.148514,-0.0395814,0.0208333,0.5769418022187198
36396,0.255962,-0.0395682,0.0208333,0.24630100248032472
36420,0.267862,-0.0395124,0.0208333,0.09333737734563843
36444,0.135077,-0.0395983,0.0208333,0.7755270373955836
36468,0.291802,-0.0395363,0.0208333,0.24152578111683562
36492,0.294738,-0.0395829,0.0208333,0.1968519995448926
36516,0.1022,-0.0396078,0.0208333,0.08361979636592581
36540,0.112751,-0.0370789,0.0208333,0.5617383758243123
36564,0.287555,0.0170843,0.0208333,0.2743442319773243
36588,0.29659,0.00996459,0.0208333,0.6216577566838474
36612,0.103454,0.00995054,0.0208333,0.7536420048830679
36636,0.289261,-0.0376969,0.0208333,0.26145582715871907
36660,0.208973,-0.038307,0.0208333,0.6256037885707634
36684,0.206005,-0.0382729,0.0208333,0.6160640034897689
36708,0.296588,0.0157482,0.0208333,0.16666810375033642
36732,0.293969,-0.00376446,0.0208333,1.0154755812432172
36756,0.111536,-0.00727724,0.0208333,1.1280118244783095
36780,0.288641,-0.00730265,0.0208333,0.840698688697776
36804,0.103517,0.0217532,0.0208333,0.20841874437540403
36828,0.261254,-0.0317802,0.0208333,0.5649083440237296
36852,0.298283,0.0069044,0.0208333,1.02583014431961
36876,0.101861,0.00697037,0.0208333,1.1630739882221575
36900,0.161411,-0.022236,0.0208333,0.7897857589288996
36924,0.191339,-0.0352776,0.0208333,0.5965334488316574
36948,0.104455,-0.0391252,0.0208333,0.1924656610683737
36972,0.28505,-0.0391375,0.0208333,0.24661005814475612
36996,0.297054,-0.0390816,0.0208333,0.1386856734941645
37020,0.105977,-0.0391383,0.0208333,0.2565701967516017
37044,0.291081,-0.0390983,0.0208333,0.24988561622135058
37068,0.283571,-0.0391654,0.0208333,0.23903018810696278
37092,0.134349,-0.0391948,0.0208333,0.7842698284976828
37116,0.14623,-0.0391894,0.0208333,0.6321353669781049
37140,0.253749,-0.0391474,0.0208333,0.3052754533177157
37164,0.277558,-0.0390679,0.0208333,0.176000174300306
37188,0.274635,-0.0391844,0.0208333,0.13158780846715093
37212,0.125464,-0.0391801,0.0208333,0.7739704733591117
37236,0.129722,-0.0391498,0.0208333,0.7972771422851641
37260,0.207463,-0.0391394,0.0208333,0.5109468614660829
37284,0.220914,-0.0391776,0.0208333,0.5338838577266709
37308,0.23885,-0.0391496,0.0208333,0.43081680523319066
37332,0.168555,-0.0391769,0.0208333,0.03794758903817211
37356,0.288073,-0.0390649,0.0208333,0.25522992710765713
37380,0.120896,-0.0391383,0.0208333,0.7282621203680462
37404,0.182099,-0.0391704,0.0208333,0.30203604372447285
37428,0.155182,-0.0391275,0.0208333,0.38111149790123106
37452,0.232852,-0.0391357,0.0208333,0.4820700395072046
37476,0.293974,-0.0391434,0.0208333,0.21842689438553028
37500,0.198513,-0.0391356,0.0208333,0.4792915098846498
37524,0.267105,-0.0390809,0.0208333,0.09435469229402425
37548,0.171656,-0.0390624,0.0208333,0.11779946142819372
37572,0.185074,-0.0392349,0.0208333,0.3359812448772985
37596,0.212013,-0.0391796,0.0208333,0.5173595610693935
37620,0.200018,-0.0391593,0.0208333,0.48681780437114014
37644,0.201488,-0.0391458,0.0208333,0.49249686312731633
37668,0.204478,-0.0391563,0.0208333,0.5021899185105587
37692,0.208956,-0.0391383,0.0208333,0.5137445657903805
37716,0.226867,-0.0391466,0.0208333,0.5236931874876565
37740,0.231359,-0.0391352,0.0208333,0.4934236009879391
37764,0.189544,-0.0391286,0.0208333,0.3977199957705546
37788,0.194076,-0.039138,0.0208333,0.4428540276566357
37812,0.176083,-0.03913,0.0208333,0.2099726381916463
37836,0.183573,-0.0391827,0.0208333,0.3201014013289765
37860,0.20597,-0.0391412,0.0208333,0.5073673952560109
37884,0.159738,-0.0390558,0.0208333,0.2269401758461908
37908,0.122376,-0.039093,0.0208333,0.7479660381933909
37932,0.149318,-0.0391414,0.0208333,0.5627075667628283
37956,0.210457,-0.0391656,0.0208333,0.515101334492181
37980,0.286562,-0.0391235,0.0208333,0.2514075411642419
38004,0.202981,-0.0391615,0.0208333,0.4967249516594939
38028,0.131302,-0.0390927,0.0208333,0.7950575372886306
38052,0.132869,-0.0391851,0.0208333,0.7910607672882657
38076,0.17001,-0.0390948,0.0208333,0.07951423643103415
38100,0.234332,-0.0391757,0.0208333,0.46903397564294425
38124,0.268576,-0.0391198,0.0208333,0.09996934188650038
38148,0.279115,-0.0390943,0.0208333,0.1971679131983564
38172,0.147762,-0.0391699,0.0208333,0.5987768497287508
38196,0.256722,-0.0391365,0.0208333,0.2316369566283215
38220,0.255216,-0.0391373,0.0208333,0.2697956770748098
38244,0.123894,-0.0390553,0.0208333,0.7635439538660165
38268,0.289591,-0.0390578,0.0208333,0.2546408019444938
38292,0.135825,-0.0391876,0.0208333,0.774742814886056
38316,0.276088,-0.0391786,0.0208333,0.15228871834518176
38340,0.292531,-0.0390968,0.0208333,0.2391300728345149
38364,0.295489,-0.0390722,0.0208333,0.18459107670096084
38388,0.102915,-0.0391895,0.0208333,0.12308740064533168
38412,0.188628,-0.0380242,0.0208333,0.4560101415098138
38436,0.10773,-0.0275911,0.0208333,0.39307237655614724
38460,0.248572,-0.0352792,0.0208333,0.6058453268487557
38484,0.210444,-0.0383544,0.0208333,0.6235642403552485
38508,0.161865,-0.0195943,0.0208333,0.895419190649597
38532,0.110728,-0.0130296,0.0208333,0.6074786837790226
38556,0.205241,-0.037787,0.0208333,0.6155165340495817
38580,0.215633,-0.0396351,0.0208333,0.5164335263409735
38604,0.266307,-0.011602,0.0208333,0.7082984568555555
38628,0.234736,-0.0367674,0.0208333,0.6639541421558179
38652,0.293177,0.00967282,0.0208333,0.5374815635737867
38676,0.174312,-0.0324414,0.0208333,0.4960123678760465
38700,0.23157,-0.0324713,0.0208333,0.7949179003372588
38724,0.224652,-0.0395534,0.0208333,0.5319779554195578
38748,0.2254,-0.0391309,0.0208333,0.5323161655215682
38772,0.20446,-0.0382401,0.0208333,0.6085296651726245
38796,0.272717,-0.0377514,0.0208333,0.1572734899084461
38820,0.10349,0.0157879,0.0208333,0.27273086232422783
38844,0.245868,-0.0381329,0.0208333,0.5026129348841254
38868,0.178126,-0.0301251,0.0208333,0.631814556350055
38892,0.235379,-0.0301438,0.0208333,0.8182898305102585
38916,0.234684,-0.0274637,0.0208333,0.8530455237573833
38940,0.177431,-0.0274416,0.0208333,0.7346933985170219
38964,0.230187,-0.0372932,0.0208333,0.6716392889824306
38988,0.101758,0.0188558,0.0208333,0.24925204819066182
39012,0.110452,-0.0308203,0.0208333,0.38512757093721883
39036,0.139477,-0.0379869,0.0208333,0.7292646646829932
39060,0.136451,-0.0246235,0.0208333,0.27767280986621645
39084,0.274881,-0.0184028,0.0208333,0.7019421507752394
39108,0.201943,0.0271553,0.0208333,0.38378554760801353
39132,0.196495,0.0300778,0.0208333,0.4036408892838288
39156,0.192441,-0.0383702,0.0208333,0.4970418501414608
39180,0.245344,-0.032333,0.0208333,0.7122518941342584
39204,0.385318,-0.00834928,0.0208333,0.6103987564099366
39228,0.332354,0.0083216,0.0208333,1.329866308539206
39252,0.361764,0.0083216,0.0208333,1.3086858753455644
39276,0.138175,0.0380251,0.0208333,0.3282610322629625
39300,0.314716,0.00833351,0.0208333,1.2926263937963756
39324,0.185369,0.0383652,0.0208333,0.4251770545918959
39348,0.149956,0.0384394,0.0208333,0.3320804528241363
39372,0.285294,0.0383019,0.0208333,0.2561883523658226
39396,0.0558733,-0.00834158,0.0208333,1.1566502450954153
39420,0.0441176,0.00830191,0.0208333,1.156590327477317
39444,0.0794118,0.00830191,0.0208333,1.1576803776136253
39468,0.0323529,0.00830191,0.0208333,1.1564503914301267
39492,0.00873729,0.00860587,0.0208333,1.1567803893078406
39516,0.0735294,-0.00830191,0.0208333,1.1581202003648539
39540,0.0852941,-0.00830191,0.0208333,1.159270109123965
39564,0.0205882,0.00830191,0.0208333,1.156590337230522
39588,0.367647,-0.00830191,0.0208333,0.5355076927123485
39612,0.0382443,-0.00834158,0.0208333,1.156320359582602
39636,0.120477,0.0382415,0.0208333,0.2977376892157596
39660,0.108842,0.0384033,0.0208333,0.1880446538537791
39684,0.0617647,0.00830191,0.0208333,1.1573202757131602
39708,0.0264706,-0.00830191,0.0208333,1.15652039149892
39732,0.0147262,-0.00833462,0.0208333,1.156900292426664
39756,0.05,0.00830191,0.0208333,1.1568203173395846
39780,0.314706,-0.00830191,0.0208333,0.38040442658841844
39804,0.320588,-0.00830191,0.0208333,0.35967012025446266
39828,0.332353,-0.00830191,0.0208333,0.40003195991082824
39852,0.344118,-0.00830191,0.0208333,0.44884902016243955
39876,0.35,-0.00830191,0.0208333,0.4722634820050249
39900,0.361765,-0.00830191,0.0208333,0.5148630322594921
39924,0.391263,-0.00858974,0.0208333,0.623672966340268
39948,0.379421,0.00834158,0.0208333,1.2928943918946119
39972,0.367647,0.00830191,0.0208333,1.3041213422321616
39996,0.355873,0.00834158,0.0208333,1.3134714821996725
40020,0.338244,0.00834158,0.0208333,1.3273889465251922
40044,0.320588,0.00830191,0.0208333,1.316850764288293
40068,0.308884,0.00836582,0.0208333,1.2217864907941507
40092,0.291158,0.0384039,0.0208333,0.1853972117831603
40116,0.27951,0.0382419,0.0208333,0.30866991831587604
40140,0.267793,0.0383963,0.0208333,0.4087756436370818
40164,0.261837,0.0379823,0.0208333,0.44174195117223625
40188,0.249969,0.038389,0.0208333,0.5256630269908373
40212,0.203002,0.0384927,0.0208333,0.5205974666657335
40236,0.179356,0.0382334,0.0208333,0.40072124322224406
40260,0.0911164,0.00836582,0.0208333,1.153201929554924
40284,0.220542,0.0386595,0.0208333,0.5925335131123837
40308,0.214767,0.038086,0.0208333,0.5661406355008705
40332,0.23794,0.0382282,0.0208333,0.5802346134314804
40356,0.167852,0.038144,0.0208333,0.3623905925365508
40380,0.132385,0.0386373,0.0208333,0.32648692656274264
40404,0.126564,0.0380951,0.0208333,0.3189042185333865
40428,0.244059,0.0383711,0.0208333,0.5569296127795617
40452,0.373529,-0.00830191,0.0208333,0.557573052995599
40476,0.114706,0.0383019,0.0208333,0.2577905835211061
40500,0.0264706,0.00830191,0.0208333,1.1564404010107303
40524,0.273636,0.0384273,0.0208333,0.3608095325399878
40548,0.0617636,-0.0083216,0.0208333,1.1571302193079946
40572,0.0852841,0.00833351,0.0208333,1.1565406959691134
40596,0.0912039,-0.00834764,0.0208333,1.1584004113472344
40620,0.032354,-0.0083216,0.0208333,1.1564003806754601
40644,0.37353,0.0083216,0.0208333,1.2987576792894935
40668,0.0382443,0.00831744,0.0208333,1.1563703390734263
40692,0.338244,-0.00831744,0.0208333,0.41901479994415675
40716,0.355873,-0.00831744,0.0208333,0.48851370982513603
40740,0.0735294,0.00830191,0.0208333,1.1577203291271891
40764,0.308802,-0.00834911,0.0208333,0.3801483551116532
40788,0.0794118,-0.00830191,0.0208333,1.1586301603234173
40812,0.326471,0.00830822,0.0208333,1.3278313217857507
40836,0.326471,-0.00830191,0.0208333,0.37632156520979143
40860,0.0558733,0.00831744,0.0208333,1.156900293001786
40884,0.0676471,0.00830191,0.0208333,1.1575703067737637
40908,0.067647,-0.00830822,0.0208333,1.1576202115584004
40932,0.0146915,0.00837352,0.0208333,1.1567403046055444
40956,0.379425,-0.00832534,0.0208333,0.5801360882934687
40980,0.0205882,-0.00830191,0.0208333,1.156600354304614
41004,0.206786,-0.0378469,0.0208333,0.6217541991476218
41028,0.208261,-0.0378838,0.0208333,0.626772162932213
41052,0.149717,-0.0370864,0.0208333,0.47623249230607567
41076,0.272656,-0.0301412,0.0208333,0.3781300382724044
41100,0.267161,-0.0275133,0.0208333,0.6192751672949917
41124,0.103184,-0.0359782,0.0208333,0.24960077923770596
41148,0.146156,-0.0383617,0.0208333,0.6159172391030121
41172,0.216388,-0.0391879,0.0208333,0.5372124873209962
41196,0.136023,-0.0308224,0.0208333,0.23975050637517514
41220,0.295215,-0.0333522,0.0208333,0.20873101350207168
41244,0.294446,-0.0373685,0.0208333,0.2218416732666917
41268,0.155786,-0.0245168,0.0208333,0.6441292734895131
41292,0.112697,0.0166008,0.0208333,0.19243597403300883
41316,0.165297,0.0218902,0.0208333,0.2330186633490998
41340,0.220659,-0.0369021,0.0208333,0.6855151670348602
41364,0.277505,-0.036674,0.0208333,0.1944893447915592
41388,0.115801,-0.0210376,0.0208333,0.2293541023019342
41412,0.231422,-0.026454,0.0208333,0.8695620906286525
41436,0.174163,-0.02643,0.0208333,0.7399085799259069
41460,0.100511,-0.0332605,0.0208333,0.2503124927870161
41484,0.299524,-0.0332763,0.0208333,0.11979050162696539
41508,0.264761,-0.0378733,0.0208333,0.07818370114064696
41532,0.162871,-0.0371759,0.0208333,0.07855959843403224
41556,0.155271,-0.0328694,0.0208333,0.23380796425722258
41580,0.0470588,0.00321609,0.0208333,1.1798603352032044
41604,0.388763,-0.00362266,0.0208333,1.0984956630308043
41628,0.347059,-0.00321609,0.0208333,1.1471394025543922
41652,0.26216,-0.0350029,0.0208333,0.4205285380733578
41676,0.157986,0.00105354,0.0208333,0.6755298673244655
41700,0.152832,-0.00219995,0.0208333,0.8855234598230585
41724,0.171704,-0.0381519,0.0208333,0.16880873589662385
41748,0.100769,-0.0284983,0.0208333,0.4381089547425462
41772,0.00564802,-0.00500179,0.0208333,1.1611509621569076
41796,0.218858,-0.0367115,0.0208333,0.6964942996104341
41820,0.207497,-0.0382849,0.0208333,0.6219386637553971
41844,0.108044,-0.00720188,0.0208333,1.1133910751473943
41868,0.292412,-0.00690367,0.0208333,0.901160403285919
41892,0.189711,-0.0347056,0.0208333,0.5983890577965268
41916,0.126505,-0.0314967,0.0208333,0.3327150420266245
41940,0.181443,-0.0330773,0.0208333,0.5680117633424536
41964,0.282553,0.0074571,0.0208333,0.550640974862274
41988,0.282275,0.0134497,0.0208333,0.3806248852056938
42012,0.246923,-0.034669,0.0208333,0.6417157136197704
42036,0.164893,-0.0395376,0.0208333,0.0780646817952267
42060,0.163797,-0.0370063,0.0208333,0.06438898472311394
42084,0.209088,-0.011672,0.0208333,0.73096812203028
42108,0.112057,-0.0383742,0.0208333,0.5443325566983481
42132,0.161645,-0.0267486,0.0208333,0.6001129074929404
42156,0.188017,-0.0341084,0.0208333,0.6005554661791455
42180,0.140537,-0.0336471,0.0208333,0.4297470878916879
42204,0.148953,-0.0357915,0.0208333,0.41593620770679507
42228,0.1388,-0.0392112,0.0208333,0.747585314232314
42252,0.198431,0.0270813,0.0208333,0.3695000002050176
42276,0.282214,-0.0243135,0.0208333,0.35780064729768163
42300,0.194242,-0.0347983,0.0208333,0.6423330063352429
42324,0.278588,-0.0142657,0.0208333,0.7260387701216244
42348,0.251477,-0.0347823,0.0208333,0.5855727533937914
42372,0.388345,-0.00693902,0.0208333,0.6251959464977428
42396,0.0470588,0.00660382,0.0208333,1.15867042350157
42420,0.0588145,0.00661935,0.0208333,1.1591703530765474
42444,0.376481,0.00666318,0.0208333,1.2981763344831503
42468,0.335304,0.00666318,0.0208333,1.331579400432354
42492,0.0235294,0.00660382,0.0208333,1.1584205196738442
42516,0.364705,0.00662351,0.0208333,1.3090546286618152
42540,0.135266,0.0366624,0.0208333,0.32953723720364475
42564,0.0647048,-0.00662981,0.0208333,1.1594602743928053
42588,0.347059,-0.00660382,0.0208333,0.473975599251435
42612,0.317647,-0.00660382,0.0208333,0.3765975947761724
42636,0.0116641,0.00697939,0.0208333,1.1584604490354398
42660,0.370588,-0.00660382,0.0208333,0.5570527400573171
42684,0.123511,0.0363366,0.0208333,0.3122183317297777
42708,0.0705882,0.00660382,0.0208333,1.159700430140412
42732,0.0823429,0.00663542,0.0208333,1.1593008181340139
42756,0.352932,-0.00661935,0.0208333,0.4934720001871705
42780,0.246969,0.0367601,0.0208333,0.5412059650362396
42804,0.182372,0.0365986,0.0208333,0.41350260477115797
42828,0.0823529,-0.00660382,0.0208333,1.1609901861953054
42852,0.335303,-0.00661935,0.0208333,0.42451007821604625
42876,0.311835,0.00669933,0.0208333,1.2738161871346454
42900,0.129537,0.0367325,0.0208333,0.32340016802157906
42924,0.264923,0.0363786,0.0208333,0.420006793899293
42948,0.358813,0.00666318,0.0208333,1.3137798103347282
42972,0.111784,0.0367053,0.0208333,0.23142030706831584
42996,0.282451,0.0365438,0.0208333,0.281494532435338
43020,0.217661,0.0367455,0.0208333,0.5748670230719297
43044,0.270841,0.0368236,0.0208333,0.3823831405209243
43068,0.240823,0.0365993,0.0208333,0.5672667846423936
43092,0.317657,0.00663542,0.0208333,1.311128092062296
43116,0.0353042,-0.00666318,0.0208333,1.1581904691438678
43140,0.117535,0.0365434,0.0208333,0.2825012497393249
43164,0.0294118,0.00660382,0.0208333,1.1583405158685367
43188,0.0881653,0.00669933,0.0208333,1.1572825758308758
43212,0.0882627,-0.00664955,0.0208333,1.1610606403223065
43236,0.341186,-0.00661935,0.0208333,0.4538789975694986
43260,0.0353032,0.00661935,0.0208333,1.15834047149975
43284,0.276675,0.0366692,0.0208333,0.3342729239775959
43308,0.311744,-0.00665102,0.0208333,0.42298935211157074
43332,0.364706,-0.00660382,0.0208333,0.5371883499815242
43356,0.329413,0.00662981,0.0208333,1.332492391756234
43380,0.288216,0.0367058,0.0208333,0.2192764395836899
43404,0.323529,0.00661013,0.0208333,1.3273180182316966
43428,0.0235294,-0.00660382,0.0208333,1.1584405108200153
43452,0.0294128,-0.00662351,0.0208333,1.1583304835174872
43476,0.0764706,-0.00660382,0.0208333,1.1604202385846514
43500,0.0411855,0.00661935,0.0208333,1.1584704149819558
43524,0.0764706,0.00660382,0.0208333,1.1597804837608356
43548,0.0588134,-0.00666318,0.0208333,1.1589602920115158
43572,0.358814,-0.00661935,0.0208333,0.5184842610334492
43596,0.323529,-0.00660382,0.0208333,0.3812246000742104
43620,0.329412,-0.00660382,0.0208333,0.4009222597812181
43644,0.376484,-0.00662725,0.0208333,0.5785702757379296
43668,0.370589,0.00662351,0.0208333,1.3038900720806013
43692,0.0705882,-0.00661013,0.0208333,1.1599402662882672
43716,0.382389,-0.00667462,0.0208333,0.6023640988251658
43740,0.0529321,0.00661935,0.0208333,1.1588703834662104
43764,0.0647059,0.00660382,0.0208333,1.159490401576532
43788,0.0176327,0.00667543,0.0208333,1.158540398959465
43812,0.0176674,-0.00663653,0.0208333,1.158620404375643
43836,0.110283,-0.0346646,0.0208333,0.4703951199863673
43860,0.101399,-0.0298579,0.0208333,0.4051520022080262
43884,0.102807,-0.0300175,0.0208333,0.42210262738704024
43908,0.394373,0.00503289,0.0208333,1.3016244408796322
43932,0.139745,-0.0235446,0.0208333,0.4606677272207636
43956,0.308652,0.00187597,0.0208333,1.3374898828681092
43980,0.0915592,-0.0015414,0.0208333,1.2034280861225706
44004,0.0914717,0.00183872,0.0208333,1.1971231508954088
44028,0.308571,-0.00150562,0.0208333,1.2291214530622645
44052,0.226421,0.0383304,0.0208333,0.5964413267114916
44076,0.139547,-0.0395979,0.0208333,0.7350447237150302
44100,0.268044,-0.0377125,0.0208333,0.10020253930609743
44124,0.212258,-0.0354848,0.0208333,0.7290122652842578
44148,0.289731,-0.0382456,0.0208333,0.26325149309278384
44172,0.112174,0.00461909,0.0208333,1.1820430139690332
44196,0.273866,0.0324116,0.0208333,0.2965792277233605
44220,0.235823,-0.0391978,0.0208333,0.45137904387604394
44244,0.237306,-0.0391792,0.0208333,0.4388829329057954
44268,0.104413,-0.0329597,0.0208333,0.3858904249015381
44292,0.156643,-0.013743,0.0208333,1.0036494370159812
44316,0.101891,0.0308653,0.0208333,0.11538273533926123
44340,0.298015,0.030855,0.0208333,0.14785164252212418
44364,0.118389,-0.0332867,0.0208333,0.47670069689100825
44388,0.294308,-0.0326686,0.0208333,0.22215172330227373
44412,0.297999,-0.035157,0.0208333,0.15024870082020675
44436,0.177996,-0.0375758,0.0208333,0.314209232890875
44460,0.210642,-0.0355337,0.0208333,0.7270319237632057
44484,0.113435,-0.0392189,0.0208333,0.5591961377298882
44508,0.112008,-0.0392012,0.0208333,0.5075223928182343
44532,0.170682,0.0254336,0.0208333,0.283697765024359
44556,0.114319,0.0134637,0.0208333,0.36985625344930745
44580,0.269794,-0.0199464,0.0208333,0.715771223393285
44604,0.260193,-0.0314691,0.0208333,0.5715576782977138
44628,0.149304,-0.038297,0.0208333,0.5423885864667196
44652,0.379519,-0.0016425,0.0208333,1.1431706798593504
44676,0.355867,-0.00161835,0.0208333,1.1473402270419724
44700,0.038251,0.00161835,0.0208333,1.1759602257365085
44724,0.338251,-0.00161855,0.0208333,1.1512522070160665
44748,0.0558668,0.00161855,0.0208333,1.183910207266221
44772,0.106925,-0.0259113,0.0208333,0.3996220998396991
44796,0.201159,-0.028164,0.0208333,0.8743350127896595
44820,0.264908,-0.0395795,0.0208333,0.06851464187540955
44844,0.258401,-0.0280665,0.0208333,0.6954574881292556
44868,0.299399,-0.0311297,0.0208333,0.12509301844119838
44892,0.181341,-0.0357171,0.0208333,0.44404018256051786
44916,0.122354,-0.0321144,0.0208333,0.3916282002148129
44940,0.180646,-0.0391654,0.0208333,0.2815640091483059
44964,0.123388,-0.0237024,0.0208333,0.18373720267735655
44988,0.241518,-0.0361813,0.0208333,0.6509027904992942
45012,0.254105,-0.0370308,0.0208333,0.46097368430468116
45036,0.175587,0.0341343,0.0208333,0.3690263796797764
45060,0.156045,-0.0320477,0.0208333,0.2951064232838838
45084,0.156285,-0.00202952,0.0208333,0.8767840682250064
45108,0.184437,-0.0380555,0.0208333,0.39759749334987377
45132,0.299091,-0.0253391,0.0208333,0.2095576808823289
45156,0.100909,-0.0253391,0.0208333,0.49350252312352005
45180,0.264548,-0.0370165,0.0208333,0.20448891361667998
45204,0.283571,-0.0383181,0.0208333,0.2527174986147576
45228,0.177054,-0.0290262,0.0208333,0.6438939556488554
45252,0.161472,0.032646,0.0208333,0.3314205456235301
45276,0.234308,-0.0290463,0.0208333,0.8368401502767995
45300,0.11494,-0.0391609,0.0208333,0.608157426124805
45324,0.116438,-0.0391677,0.0208333,0.6455920067909754
45348,0.20423,-0.0268176,0.0208333,0.89861916345422
45372,0.26148,-0.0266968,0.0208333,0.6934364028829934
45396,0.127175,-0.0386847,0.0208333,0.7898743291499921
45420,0.212222,-0.0344121,0.0208333,0.7668490118180121
45444,0.0945541,-0.00334016,0.0208333,1.20768007021673
45468,0.305615,-0.00333053,0.0208333,1.2762396367557935
45492,0.122016,-0.0347399,0.0208333,0.6066297333167123
45516,0.123755,-0.0346281,0.0208333,0.6057871143624655
45540,0.299593,-0.0350438,0.0208333,0.1121938862321829
45564,0.122241,-0.0124399,0.0208333,0.8892754822268721
45588,0.175515,-0.0323521,0.0208333,0.5020242539700847
45612,0.232772,-0.0323848,0.0208333,0.7922179342358712
45636,0.130852,-0.0341458,0.0208333,0.566378237767782
45660,0.132707,-0.0341153,0.0208333,0.5562222426734997
45684,0.13851,-0.0336998,0.0208333,0.4610286922073724
45708,0.191057,-0.0391389,0.0208333,0.41096541262162983
45732,0.192528,-0.0391998,0.0208333,0.4232269511368539
45756,0.129077,-0.0342501,0.0208333,0.5829606971534486
45780,0.00604069,-0.00749527,0.0208333,1.1589501641608186
45804,0.127302,-0.0343611,0.0208333,0.5937043419617694
45828,0.120247,-0.0347898,0.0208333,0.5998726144780058
45852,0.289657,-0.0368883,0.0208333,0.2557796423991558
45876,0.168012,-0.0292656,0.0208333,0.5329834161724825
45900,0.134701,-0.0339974,0.0208333,0.5309640606874048
45924,0.136597,-0.0337999,0.0208333,0.49060972358108396
45948,0.225301,-0.0293272,0.0208333,0.8614356544010429
45972,0.125535,-0.0345863,0.0208333,0.6119590672531735
45996,0.150828,-0.0319656,0.0208333,0.2037451371256757
46020,0.187929,-0.0384211,0.0208333,0.4431183094407904
46044,0.21954,-0.038471,0.0208333,0.62732092896595
46068,0.182128,-0.0382708,0.0208333,0.3647855111232601
46092,0.164071,-0.0391298,0.0208333,0.09573070669779891
46116,0.28064,0.0102929,0.0208333,0.4321405770127621
46140,0.167335,-0.0343781,0.0208333,0.2661743175680562
46164,0.352927,0.00671083,0.0208333,1.3185969931283357
46188,0.0411909,-0.00671083,0.0208333,1.158080476289789
46212,0.0529272,-0.00670977,0.0208333,1.1584703270223782
46236,0.34119,0.00670977,0.0208333,1.327652540342241
46260,0.382423,0.00668694,0.0208333,1.2920053406793088
46284,0.299604,-0.0365419,0.0208333,0.09986907610992504
46308,0.100398,-0.0365377,0.0208333,0.09534103817423009
46332,0.205414,-0.0118918,0.0208333,0.726192245054301
46356,0.161627,0.0214663,0.0208333,0.21919242991002177
46380,0.249838,0.0320758,0.0208333,0.4548012419496051
46404,0.11894,-0.0176741,0.0208333,0.41569090579363727
46428,0.244918,-0.0310687,0.0208333,0.7584334542358183
46452,0.00869412,-0.00860608,0.0208333,1.156810442767215
46476,0.18363,-0.0383701,0.0208333,0.38424334322073816
46500,0.112521,0.0106065,0.0208333,0.6673351734383847
46524,0.298157,-0.0269585,0.0208333,0.18509594267365775
46548,0.15987,-0.0347386,0.0208333,0.13812752330892716
46572,0.242363,-0.035912,0.0208333,0.6479485327973623
46596,0.305821,-0.00680852,0.0208333,0.3875567149677741
46620,0.0942233,-0.00679823,0.0208333,1.1576886503354678
46644,0.179346,-0.0381399,0.0208333,0.3201364872473553
46668,0.18329,-0.0331008,0.0208333,0.5860664788030773
46692,0.154578,0.0147445,0.0208333,0.036566964205003404
46716,0.106108,-0.0370415,0.0208333,0.348556705584953
46740,0.236567,-0.0395918,0.0208333,0.43918440860345026
46764,0.283168,-0.0311653,0.0208333,0.19084568578618696
46788,0.211238,0.0333526,0.0208333,0.5042267035671381
46812,0.379516,0.00169109,0.0208333,1.32707771666207
46836,0.355867,0.00170734,0.0208333,1.3438920562053474
46860,0.038251,-0.00170734,0.0208333,1.1757802352991833
46884,0.338251,0.00170714,0.0208333,1.3601617177639798
46908,0.0558668,-0.00170714,0.0208333,1.1838202198464147
46932,0.393979,0.00750869,0.0208333,1.2765808678482857
46956,0.138779,-0.0384086,0.0208333,0.7421647685175609
46980,0.391322,0.00861432,0.0208333,1.279106650383311
47004,0.184015,-0.0321588,0.0208333,0.6178808488237366
47028,0.382467,-0.00333255,0.0208333,1.1344323493690096
47052,0.352928,-0.00326171,0.0208333,1.1432459068376053
47076,0.0411894,0.00326171,0.0208333,1.177150334904247
47100,0.341189,-0.00326189,0.0208333,1.1454643668757856
47124,0.0529283,0.00326189,0.0208333,1.1823602719437776
47148,0.137315,-0.0392025,0.0208333,0.7623565736720377
47172,0.222043,-0.0369527,0.0208333,0.6859714808843634
47196,0.204925,-0.0349052,0.0208333,0.7128765212321051
47220,0.125652,-0.0383525,0.0208333,0.784940066732847
47244,0.229823,-0.0391535,0.0208333,0.5038110483643558
47268,0.228331,-0.0391535,0.0208333,0.5143423646726799
47292,0.25004,-0.0381855,0.0208333,0.45114802620455086
47316,0.103548,-0.0271617,0.0208333,0.4680773632355442
47340,0.25895,-0.0395956,0.0208333,0.1546325730358339
47364,0.29037,-0.0369563,0.0208333,0.2538419270452578
47388,0.251971,-0.0123553,0.0208333,0.7175137316458876
47412,0.119666,-0.0363325,0.0208333,0.6822577299751511
47436,0.188025,-0.039224,0.0208333,0.37302084088467047
47460,0.186558,-0.0392588,0.0208333,0.3520213987559821
47484,0.194734,-0.0123151,0.0208333,0.7700090802248057
47508,0.385355,0.00834536,0.0208333,1.2869435927411468
47532,0.044123,-0.00836925,0.0208333,1.1561603705867982
47556,0.349995,0.00836925,0.0208333,1.318169186627063
47580,0.344123,0.00836819,0.0208333,1.3227550610827508
47604,0.0499951,-0.00836819,0.0208333,1.1562203127139719
47628,0.244877,-0.0391726,0.0208333,0.3989480230004224
47652,0.285069,-0.037009,0.0208333,0.25317027061147995
47676,0.101055,-0.0341649,0.0208333,0.22475894195808985
47700,0.223433,0.0369899,0.0208333,0.595711395991358
47724,0.28003,-0.0380048,0.0208333,0.22935524146136274
47748,0.28,-0.0372141,0.0208333,0.22344744981440268
47772,0.280684,-0.0384314,0.0208333,0.23545235787218186
47796,0.165778,-0.0355013,0.0208333,0.18510550404240436
47820,0.161243,-0.0392294,0.0208333,0.18250459081165604
47844,0.162608,-0.0392585,0.0208333,0.14585526290254183
47868,0.218525,-0.0351524,0.0208333,0.7511839708645106
47892,0.100544,-0.0350206,0.0208333,0.1690642452693058
47916,0.2634,-0.039605,0.0208333,0.042734816649308324
47940,0.213061,-0.0368038,0.0208333,0.6883123682928068
47964,0.165641,-0.0391675,0.0208333,0.049873977632228214
47988,0.14028,-0.0391928,0.0208333,0.7294462931937589
48012,0.166371,-0.0370802,0.0208333,0.07541617548009247
48036,0.349996,-0.00155653,0.0208333,1.1524533543693514
48060,0.0441216,0.00155653,0.0208333,1.1787402518582553
48084,0.0499962,0.00155671,0.0208333,1.1814002250981628
48108,0.344121,-0.00155671,0.0208333,1.1521558415171722
48132,0.385813,-0.00169086,0.0208333,1.1425160830423762
48156,0.21495,-0.0341966,0.0208333,0.7680880594615057
48180,0.112699,-0.0396034,0.0208333,0.5277947710264123
48204,0.128032,-0.0386819,0.0208333,0.7886597372018662
48228,0.217934,-0.0391741,0.0208333,0.5340500234390794
48252,0.219437,-0.0392297,0.0208333,0.5283414115735091
48276,0.148452,-0.0317776,0.0208333,0.18526501792537334
48300,0.258857,0.0363997,0.0208333,0.46293602821570845
48324,0.252871,0.0368064,0.0208333,0.5060612467659779
48348,0.159977,-0.0307132,0.0208333,0.35482948915007373
48372,0.217247,-0.030574,0.0208333,0.8503903915083506
48396,0.158187,-0.039143,0.0208333,0.2803261706965299
48420,0.156711,-0.0392195,0.0208333,0.3279279367029897
48444,0.282098,-0.0392161,0.0208333,0.22958608052425564
48468,0.280629,-0.0392371,0.0208333,0.2135286596074796
48492,0.114071,0.00753357,0.0208333,0.9722990581073594
48516,0.146109,-0.0317717,0.0208333,0.21056968952202998
48540,0.271549,-0.0391229,0.0208333,0.10610384456904519
48564,0.10365,0.0277626,0.0208333,0.15127137803434593
48588,0.29625,0.027753,0.0208333,0.18280977411133573
48612,0.269044,0.0270853,0.0208333,0.21432777276456008
48636,0.147058,0.0368604,0.0208333,0.33170532081058846
48660,0.141158,0.0364462,0.0208333,0.3292376831386567
48684,0.265999,-0.0355585,0.0208333,0.2640949714981716
48708,0.143773,-0.0316288,0.0208333,0.2339502004555884
48732,0.266929,-0.0369168,0.0208333,0.08360816156273261
48756,0.156662,0.00395755,0.0208333,0.5949130332676748
48780,0.275345,-0.032169,0.0208333,0.09783171431320213
48804,0.152392,0.0337004,0.0208333,0.3260442121168816
48828,0.179276,-0.033616,0.0208333,0.5155117942744991
48852,0.152754,-0.0174247,0.0208333,0.9127266378052523
48876,0.193199,-0.0153386,0.0208333,0.8501312517806903
48900,0.250431,-0.0153758,0.0208333,0.7471199932379855
48924,0.0529234,-0.00340057,0.0208333,1.182180300086301
48948,0.341194,0.00340057,0.0208333,1.3597862449923905
48972,0.352923,0.00340181,0.0208333,1.3497962244131314
48996,0.0411948,-0.00340181,0.0208333,1.1767303343686464
49020,0.382501,0.00336234,0.0208333,1.3255545602885903
49044,0.245065,-0.0351066,0.0208333,0.6431737256154718
49068,0.184844,-0.0357235,0.0208333,0.4957790833537238
49092,0.27995,-0.0338735,0.0208333,0.18900774360891565
49116,0.130616,0.0274535,0.0208333,0.3008465327663661
49140,0.236536,-0.0336239,0.0208333,0.744944285995346
49164,0.249911,-0.0396228,0.0208333,0.33753687648009145
49188,0.132337,-0.0182652,0.0208333,0.6140494143600355
49212,0.179886,-0.039574,0.0208333,0.26603209725379384
49236,0.10063,-0.0311148,0.0208333,0.35143441908606565
49260,0.0470593,-0.00673743,0.0208333,1.1580504660509467
49284,0.347058,0.00673743,0.0208333,1.323044915812424
49308,0.264,-0.0353348,0.0208333,0.3345505247175202
49332,0.208331,-0.0370489,0.0208333,0.6726673342511896
49356,0.279224,0.0281354,0.0208333,0.1580825140109208
49380,0.192174,-0.0322359,0.0208333,0.7144466795515333
49404,0.168015,-0.0358297,0.0208333,0.20304416186824212
49428,0.273371,0.0296876,0.0208333,0.23180676634314848
49452,0.278755,-0.0291522,0.0208333,0.173881544817413
49476,0.285701,-0.0309016,0.0208333,0.2215699857877867
49500,0.130755,-0.036066,0.0208333,0.6846020691241871
49524,0.149994,0.0323292,0.0208333,0.32530533749292545
49548,0.13793,-0.0371735,0.0208333,0.6829812530059394
49572,0.120438,0.0280619,0.0208333,0.29129613969189544
49596,0.136987,-0.0153809,0.0208333,0.899117887564675
49620,0.153402,-0.038644,0.0208333,0.43206470356207166
49644,0.168413,-0.038412,0.0208333,0.06727375606968068
49668,0.290758,-0.0305817,0.0208333,0.2510149918446506
49692,0.014221,0.00175764,0.0208333,1.1650403592781073
49716,0.0235294,-0.00327049,0.0208333,1.169060427359978
49740,0.326471,-0.00163377,0.0208333,1.1605583173060725
49764,0.0588118,0.00327793,0.0208333,1.1850503075325411
49788,0.0175663,0.00335491,0.0208333,1.1663704668396022
49812,0.0647048,-0.00329648,0.0208333,1.187750250652031
49836,0.0142558,-0.00161716,0.0208333,1.165040341867176
49860,0.3765,-0.00328647,0.0208333,1.1386808923013783
49884,0.0735294,0.00163524,0.0208333,1.1918104138004855
49908,0.0705882,0.00327049,0.0208333,1.1903104012947037
49932,0.31469,0.001699,0.0208333,1.3551733250802755
49956,0.0735294,-0.00163524,0.0208333,1.192110076014621
49980,0.364706,-0.00327049,0.0208333,1.1420955183421522
50004,0.323529,-0.00327049,0.0208333,1.156985228255335
50028,0.0823554,-0.00326275,0.0208333,1.1960800133879312
50052,0.31468,-0.00160308,0.0208333,1.1875927882134116
50076,0.361762,-0.00162713,0.0208333,1.147500212280416
50100,0.061762,0.00162715,0.0208333,1.186690242097814
50124,0.376498,0.00333729,0.0208333,1.3311383652370927
50148,0.0617609,-0.00166302,0.0208333,1.1866101964537379
50172,0.0323568,-0.00166304,0.0208333,1.173150245401525
50196,0.329412,-0.00326901,0.0208333,1.15277413858835
50220,0.0705882,-0.0032768,0.0208333,1.1904801944841719
50244,0.37355,0.00166689,0.0208333,1.3316545498374384
50268,0.01126,0.00368403,0.0208333,1.1634205042297237
50292,0.317647,-0.00327049,0.0208333,1.168280852687644
50316,0.067647,-0.00164155,0.0208333,1.1893701556386291
50340,0.370591,-0.00326597,0.0208333,1.1423241769594867
50364,0.0794142,-0.0016275,0.0208333,1.194880018668052
50388,0.326471,0.00164303,0.0208333,1.3645374305013402
50412,0.035307,-0.00333795,0.0208333,1.1742103290316577
50436,0.373549,-0.00162328,0.0208333,1.148265127053554
50460,0.335307,0.00333793,0.0208333,1.3630815072442024
50484,0.332357,0.0016645,0.0208333,1.3625410855330446
50508,0.332356,-0.00162568,0.0208333,1.1574850131130214
50532,0.0235294,0.00327049,0.0208333,1.1691504470133631
50556,0.358812,-0.00327791,0.0208333,1.1417549857906473
50580,0.311809,0.00339816,0.0208333,1.3546409181680492
50604,0.085311,0.00168942,0.0208333,1.1956122701853384
50628,0.085321,-0.00161267,0.0208333,1.1981105081825936
50652,0.0676471,0.00163524,0.0208333,1.1893102829882245
50676,0.0647059,0.00327049,0.0208333,1.1877603422843195
50700,0.335306,-0.00327793,0.0208333,1.1476886582165144
50724,0.0881898,0.00338083,0.0208333,1.1955045879514925
50748,0.323529,0.0032768,0.0208333,1.3684410458755012
50772,0.311717,-0.00328553,0.0208333,1.1911517361967954
50796,0.0764706,-0.00327049,0.0208333,1.1932000899437463
50820,0.0323557,0.00162713,0.0208333,1.173330242413393
50844,0.0264706,-0.00163524,0.0208333,1.1705302895645162
50868,0.317657,0.00330209,0.0208333,1.3671277112205165
50892,0.0823454,0.00330983,0.0208333,1.1943311400127308
50916,0.0764706,0.00327049,0.0208333,1.1926805703318402
50940,0.320588,-0.00163524,0.0208333,1.1695817541901885
50964,0.0882872,-0.00330138,0.0208333,1.1992700971531725
50988,0.0294128,-0.00329017,0.0208333,1.171610359888925
51012,0.0294118,0.00327049,0.0208333,1.1718103802290478
51036,0.0264706,0.00163524,0.0208333,1.1706202744130718
51060,0.0588107,-0.00333793,0.0208333,1.1849802824162667
51084,0.358811,0.00333795,0.0208333,1.343683164892633
51108,0.0794142,0.00164298,0.0208333,1.1941207711774813
51132,0.361761,0.00166304,0.0208333,1.338842449933742
51156,0.0353059,0.00327791,0.0208333,1.1744103193576767
51180,0.329413,0.00329796,0.0208333,1.366211418591582
51204,0.320588,0.00163524,0.0208333,1.3647019804699643
51228,0.364705,0.00329017,0.0208333,1.3386751286930156
51252,0.370592,0.0032947,0.0208333,1.3351083489402702
51276,0.36765,-0.00163072,0.0208333,1.1475391531216759
51300,0.0205219,-0.00162243,0.0208333,1.1678703107275394
51324,0.36765,0.00163977,0.0208333,1.3352643448486117
51348,0.0176011,-0.00329038,0.0208333,1.166360450959054
51372,0.0205219,0.00164806,0.0208333,1.1679303217040944
51396,0.141768,-0.0392309,0.0208333,0.708918692719712
51420,0.270833,-0.0396087,0.0208333,0.09214348261445018
51444,0.2882,-0.0306424,0.0208333,0.24157508183082876
51468,0.123184,0.033055,0.0208333,0.305573571647256
51492,0.249283,-0.03226,0.0208333,0.6849573717678512
51516,0.159692,0.0238616,0.0208333,0.2516218748271702
51540,0.122794,-0.0378287,0.0208333,0.7551744718945586
51564,0.172342,0.0284856,0.0208333,0.318221038834993
51588,0.238412,-0.0357961,0.0208333,0.679480881211033
51612,0.227517,-0.0379406,0.0208333,0.6363843081985023
51636,0.13423,-0.00502573,0.0208333,1.183349939709374
51660,0.177424,-0.0368857,0.0208333,0.3217569363148835
51684,0.293261,-0.0219175,0.0208333,0.31337346047321873
51708,0.272696,-0.0345846,0.0208333,0.10373769973194123
51732,0.187198,-0.0310851,0.0208333,0.6963105382100163
51756,0.203763,0.0297388,0.0208333,0.4279222054320552
51780,0.184568,-0.037294,0.0208333,0.44006340927689225
51804,0.249539,-0.035104,0.0208333,0.5998895260572457
51828,0.105244,-0.034673,0.0208333,0.36767875457762433
51852,0.1923,-0.0350986,0.0208333,0.605107325347042
51876,0.265643,-0.039148,0.0208333,0.08343820656234169
51900,0.133701,-0.0320579,0.0208333,0.3633897402966684
51924,0.196805,-0.0384977,0.0208333,0.5233076052470236
51948,0.132903,-0.0384049,0.0208333,0.7918691726612367
51972,0.237609,-0.035742,0.0208333,0.6829707716549313
51996,0.109782,-0.0396157,0.0208333,0.4124243734115966
52020,0.10149,-0.0126373,0.0208333,0.2753100745668253
52044,0.298582,-0.0126373,0.0208333,0.8211524432011695
52068,0.12345,-0.0148365,0.0208333,0.7839815060727278
52092,0.18043,-0.0357729,0.0208333,0.4327737519546619
52116,0.123349,-0.0377989,0.0208333,0.7562578879538234
52140,0.144711,-0.0392218,0.0208333,0.6610111745473652
52164,0.173556,-0.0312606,0.0208333,0.5169461791746424
52188,0.230816,-0.031279,0.0208333,0.8209005008235469
52212,0.230196,-0.0379597,0.0208333,0.6242864040603582
52236,0.115697,-0.0395453,0.0208333,0.6226547450674134
52260,0.191225,-0.0292516,0.0208333,0.7950706409659499
52284,0.222316,0.0278316,0.0208333,0.4471063854695775
52308,0.207625,-0.0365581,0.0208333,0.6741180853183396
52332,0.162077,0.038465,0.0208333,0.3522769296119409
52356,0.118698,-0.00720403,0.0208333,1.1576561597464392
52380,0.293883,-0.0383722,0.0208333,0.23328787860356762
52404,0.167141,-0.0392134,0.0208333,0.01762180820007981
52428,0.231435,-0.0383178,0.0208333,0.6176063459048551
52452,0.146889,-0.0379212,0.0208333,0.5942081979168993
52476,0.205909,0.0369814,0.0208333,0.5364214539080372
52500,0.211791,0.0365747,0.0208333,0.559276274693152
52524,0.276724,0.0334618,0.0208333,0.2751177232785819
52548,0.140459,-0.0323318,0.0208333,0.31453081464160565
52572,0.0470593,-0.0034585,0.0208333,1.1794303596992277
52596,0.347058,0.0034585,0.0208333,1.3574280481652836
52620,0.213109,-0.033914,0.0208333,0.7707700404359222
52644,0.165705,-0.0383812,0.0208333,0.029403773492706682
52668,0.208731,-0.0171303,0.0208333,0.8535300213028968
52692,0.26052,-0.0396148,0.0208333,0.0939280784916571
52716,0.296296,-0.0270186,0.0208333,0.22059333421075986
52740,0.161251,-0.0105663,0.0208333,0.998864366993131
52764,0.153867,0.0046691,0.0208333,0.6026836567694074
52788,0.146933,-0.00857547,0.0208333,1.1075603863344785
52812,0.157449,-0.0302091,0.0208333,0.36990611865027756
52836,0.108109,-0.0396424,0.0208333,0.3526328504359458
52860,0.191791,-0.0396067,0.0208333,0.40812867560480043
52884,0.203699,-0.0378908,0.0208333,0.606039990942328
52908,0.190865,0.0385431,0.0208333,0.45521638355262256
52932,0.155263,0.0327145,0.0208333,0.3284133081857153
52956,0.154889,-0.0300094,0.0208333,0.3795685728494667
52980,0.101665,-0.0373257,0.0208333,0.12111922581665101
53004,0.298436,-0.0373117,0.0208333,0.11862068146832574
53028,0.291644,-0.0347498,0.0208333,0.24203041839384568
53052,0.107374,-0.0384762,0.0208333,0.3449268641207328
53076,0.227536,-0.0273562,0.0208333,0.8761954848603613
53100,0.170271,-0.0273344,0.0208333,0.6448756197075644
53124,0.294225,-0.00976997,0.0208333,0.7568487688285157
53148,0.106165,-0.00995741,0.0208333,0.8528457825120106
53172,0.216197,-0.0109448,0.0208333,0.6881249284187336
53196,0.249174,-0.0383462,0.0208333,0.4597142271334404
53220,0.203022,0.0325686,0.0208333,0.47185065691635947
53244,0.107829,-0.0315476,0.0208333,0.4158161839307086
53268,0.197003,-0.039224,0.0208333,0.4697312807527824
53292,0.195578,-0.0392234,0.0208333,0.4517951544682067
53316,0.190122,-0.0377903,0.0208333,0.4900432873696058
53340,0.240936,-0.035643,0.0208333,0.6693647944796015
53364,0.296252,-0.0317163,0.0208333,0.1972636096679228
53388,0.105457,-0.0151894,0.0208333,0.2887699491559329
53412,0.299197,-0.0358254,0.0208333,0.1189416516758112
53436,0.185521,0.0289682,0.0208333,0.3475353177707683
53460,0.293151,0.0153124,0.0208333,0.25040202584396654
53484,0.199616,-0.0372435,0.0208333,0.6049680323281654
53508,0.229362,0.0370774,0.0208333,0.5946717853403509
53532,0.270666,-0.028323,0.0208333,0.5179015030641544
53556,0.250604,0.0291847,0.0208333,0.39351303395496945
53580,0.14924,0.0294578,0.0208333,0.3010061428287067
53604,0.261186,-0.0348704,0.0208333,0.42597164992241265
53628,0.100377,-0.0379166,0.0208333,0.04862008736283801
53652,0.299622,-0.0379148,0.0208333,0.08032666225687458
53676,0.291179,0.0176899,0.0208333,0.22127323966441043
53700,0.0499912,-0.00178006,0.0208333,1.1809902340827438
53724,0.349991,0.0017813,0.0208333,1.350218006019798
53748,0.344126,0.00178006,0.0208333,1.3572861210677576
53772,0.0441269,-0.0017813,0.0208333,1.1783002417425066
53796,0.385851,0.00167045,0.0208333,1.318435566655012
53820,0.299117,-0.034204,0.0208333,0.13192093219516
53844,0.214887,-0.0393525,0.0208333,0.5237133235265546
53868,0.251609,-0.0396363,0.0208333,0.3329508836647517
53892,0.211166,-0.0379998,0.0208333,0.6275968927340939
53916,0.240354,-0.0392425,0.0208333,0.41778833284860994
53940,0.218982,-0.0380363,0.0208333,0.630939053352201
53964,0.156972,-0.025959,0.0208333,0.6091598525157204
53988,0.199173,-0.0367498,0.0208333,0.608520608369998
54012,0.242983,-0.032992,0.0208333,0.7142454750205434
54036,0.155445,0.0385256,0.0208333,0.33868287371181394
54060,0.220118,-0.0373153,0.0208333,0.6813994837837183
54084,0.150866,-0.0392245,0.0208333,0.5200548183396534
54108,0.167298,-0.0352663,0.0208333,0.21958319413871308
54132,0.132989,-0.0369554,0.0208333,0.7264914103459514
54156,0.148453,-0.0378975,0.0208333,0.5564240823755119
54180,0.148354,-0.0370446,0.0208333,0.505381728984381
54204,0.00560226,0.00505451,0.0208333,1.1611010533839574
54228,0.394401,-0.00502419,0.0208333,1.0099228299317704
54252,0.262297,-0.0373115,0.0208333,0.23824267563199084
54276,0.169993,-0.0178697,0.0208333,0.9354654218147251
54300,0.128284,-0.0393676,0.0208333,0.7913120847887196
54324,0.126929,-0.0393703,0.0208333,0.7810799399007786
54348,0.191192,0.0328934,0.0208333,0.42489526576660464
54372,0.255844,0.0384174,0.0208333,0.4859525245352818
54396,0.247687,-0.0392676,0.0208333,0.37738541485865035
54420,0.213497,-0.0393001,0.0208333,0.5167075801950303
54444,0.173218,-0.0392628,0.0208333,0.14286609268151665
54468,0.174598,-0.0392626,0.0208333,0.18005642058286203
54492,0.274661,-0.0384161,0.0208333,0.16544054892066243
54516,0.153689,-0.0392865,0.0208333,0.433097668142291
54540,0.1975,0.0385963,0.0208333,0.4941886127901683
54564,0.174391,-0.0385723,0.0208333,0.21033297182111532
54588,0.159033,-0.0351581,0.0208333,0.13626102185507227
54612,0.153509,0.00797655,0.0208333,0.4399916179363067
54636,0.00607623,0.00750385,0.0208333,1.1588901684143658
54660,0.393924,-0.00748266,0.0208333,0.6317648276471114
54684,0.101429,0.0365606,0.0208333,0.052886945899909936
54708,0.298571,0.0365606,0.0208333,0.06929424970505417
54732,0.116948,-0.0156618,0.0208333,0.43715737695183643
54756,0.234395,-0.0383633,0.0208333,0.6012168732892683
54780,0.227437,-0.0364873,0.0208333,0.6991299822269887
54804,0.225742,-0.0173967,0.0208333,0.8247148350748601
54828,0.214726,-0.038662,0.0208333,0.6030012562526431
54852,0.274599,-0.0341765,0.0208333,0.13731495064693428
54876,0.303388,0.00855966,0.0208333,1.195427191836337
54900,0.0967098,0.00860407,0.0208333,1.1366115266455976
54924,0.103389,0.0385606,0.0208333,0.08888728215836053
54948,0.296611,0.0385606,0.0208333,0.07824521735793186
54972,0.184599,-0.0216902,0.0208333,0.9083137623827564
54996,0.241836,-0.0217115,0.0208333,0.8290296561379714
55020,0.25245,-0.0346637,0.0208333,0.5793195299791957
55044,0.195217,-0.0346749,0.0208333,0.6486754106435653
55068,0.0116557,-0.0069407,0.0208333,1.1585504834342042
55092,0.14416,0.0384211,0.0208333,0.3299232400171316
55116,0.145188,-0.0353357,0.0208333,0.4622803711075213
55140,0.284944,-0.0383498,0.0208333,0.25704228661130835
55164,0.280109,-0.0245277,0.0208333,0.4343346107741818
55188,0.179356,-0.0269547,0.0208333,0.7441187024505173
55212,0.236605,-0.026975,0.0208333,0.8481811513472974
55236,0.111906,-0.0305397,0.0208333,0.36627675974686696
55260,0.285449,-0.0378392,0.0208333,0.25921368859481553
55284,0.168305,-0.0339774,0.0208333,0.2961645854036566
55308,0.116261,-0.0267315,0.0208333,0.1470007984401993
55332,0.101975,-0.0380791,0.0208333,0.12307634117853074
55356,0.298119,-0.0380454,0.0208333,0.12844144808861352
55380,0.103143,-0.03132,0.0208333,0.3963594371923163
55404,0.0988104,0.00655605,0.0208333,1.1367287026012076
55428,0.301431,0.00644568,0.0208333,1.1931455939669489
55452,0.19863,-0.0383174,0.0208333,0.5576063828990225
55476,0.173389,-0.035713,0.0208333,0.30508608650480934
55500,0.224333,-0.0265381,0.0208333,0.8895469748022427
55524,0.166986,-0.0264849,0.0208333,0.6504793031831528
55548,0.150964,-0.0304426,0.0208333,0.23920448576374756
55572,0.221032,-0.0256992,0.0208333,0.898990533269173
55596,0.208198,-0.0272796,0.0208333,0.8956242696719176
55620,0.265319,-0.0271758,0.0208333,0.628862116978996
55644,0.236297,-0.0351716,0.0208333,0.7073265006636678
55668,0.234999,0.0369751,0.0208333,0.5907042534489204
55692,0.25824,-0.0323493,0.0208333,0.5709611130354754
55716,0.179025,-0.035182,0.0208333,0.4350980635522459
55740,0.235322,-0.0373682,0.0208333,0.6414791258278549
55764,0.115013,-0.0372917,0.0208333,0.6280364151542425
55788,0.273667,-0.0276111,0.0208333,0.4782469187976123
55812,0.277579,-0.0170944,0.0208333,0.7104609579235391
55836,0.284533,-0.035079,0.0208333,0.23534678644209273
55860,0.298923,-0.0322567,0.0208333,0.14556941800752654
55884,0.138059,-0.0396133,0.0208333,0.7508910413992269
55908,0.170813,0.0369026,0.0208333,0.3711694459656318
55932,0.176435,0.036992,0.0208333,0.39433818684729227
55956,0.0112515,-0.00356939,0.0208333,1.1634104727511567
55980,0.229077,-0.0395844,0.0208333,0.5029503308864209
56004,0.12947,-0.0287603,0.0208333,0.11516762426055337
56028,0.101219,-0.0174438,0.0208333,0.4542339473243035
56052,0.293297,-0.0305203,0.0208333,0.24199541872870237
56076,0.106843,-0.0372285,0.0208333,0.3623127287494384
56100,0.225492,-0.0383192,0.0208333,0.6257175860530593
56124,0.11078,-0.0384262,0.0208333,0.49870550974074157
56148,0.100776,-0.0372339,0.0208333,0.08985234811567253
56172,0.299227,-0.0372363,0.0208333,0.10484211400324776
56196,0.295191,-0.0344588,0.0208333,0.20680292804684755
56220,0.135438,-0.0282753,0.0208333,0.12176786526852681
56244,0.187299,-0.0396277,0.0208333,0.35176504745618786
56268,0.189682,-0.0370788,0.0208333,0.5106594376510988
56292,0.182918,-0.0378668,0.0208333,0.38027413088345213
56316,0.216059,-0.0312669,0.0208333,0.8475553377973045
56340,0.224824,-0.0356201,0.0208333,0.7350256981644424
56364,0.156198,0.0179914,0.0208333,0.13354259907799493
56388,0.213382,-0.0270104,0.0208333,0.9024010640821992
56412,0.245578,-0.0396277,0.0208333,0.38047169261053837
56436,0.265001,-0.0363745,0.0208333,0.2081837184050446
56460,0.265744,-0.0363963,0.0208333,0.20389581399636433
56484,0.224863,-0.037836,0.0208333,0.6354480976020611
56508,0.230044,0.0342394,0.0208333,0.552387630252183
56532,0.249091,-0.0391742,0.0208333,0.361746075797531
56556,0.19416,-0.0234519,0.0208333,0.9072079154064309
56580,0.251382,-0.0234695,0.0208333,0.7786975935566721
56604,0.277831,-0.035171,0.0208333,0.17966878271871936
56628,0.140231,-0.0383844,0.0208333,0.7223172064422392
56652,0.10104,-0.0216791,0.0208333,0.5018018620762725
56676,0.282896,-0.037873,0.0208333,0.25098474467236054
56700,0.279207,-0.0383015,0.0208333,0.22197789854724276
56724,0.190755,-0.0378938,0.0208333,0.49451626700755313
56748,0.161937,-0.0396663,0.0208333,0.16526463552161302
56772,0.199333,-0.0278189,0.0208333,0.8702733740547494
56796,0.256561,-0.027816,0.0208333,0.7029842274743767
56820,0.398516,-0.00254153,0.0208333,1.1137425193341588
56844,0.00148681,0.00255067,0.0208333,1.1600000377999542
56868,0.398433,0.0025242,0.0208333,1.247972029167657
56892,0.00156811,-0.00250652,0.0208333,1.160000037589933
56916,0.101678,-0.026969,0.0208333,0.4723734283967353
56940,0.125644,-0.0234907,0.0208333,0.19452580951578766
56964,0.233358,-0.0260106,0.0208333,0.8661059660828484
56988,0.176102,-0.0259862,0.0208333,0.7404086595702907
57012,0.121734,-0.0379002,0.0208333,0.7452766943028614
57036,0.281487,-0.0370612,0.0208333,0.23531953632161529
57060,0.133656,-0.0156407,0.0208333,0.9122056349311706
57084,0.168936,-0.0380667,0.0208333,0.10090620658140906
57108,0.142498,-0.00237757,0.0208333,1.0923738778852978
57132,0.190715,-0.0345339,0.0208333,0.6068542514697005
57156,0.239615,-0.0329359,0.0208333,0.7370333307456302
57180,0.148138,-0.0258624,0.0208333,0.4730149952987541
57204,0.258218,-0.039164,0.0208333,0.18746653852942102
57228,0.273913,-0.0226885,0.0208333,0.6494991553932211
57252,0.247902,-0.0344932,0.0208333,0.6371669405855039
57276,0.297219,-0.0313833,0.0208333,0.1797603597830178
57300,0.388442,0.00695968,0.0208333,1.2844493667235004
57324,0.145939,-0.0358167,0.0208333,0.4759073105104202
57348,0.21221,-0.0303727,0.0208333,0.8625190402287032
57372,0.145972,-0.03664,0.0208333,0.5430958108629783
57396,0.100814,-0.03969,0.0208333,0.03185499516527981
57420,0.299185,-0.0396866,0.0208333,0.029632050321356435
57444,0.189036,-0.0339068,0.0208333,0.6091610957031464
57468,0.194174,-0.03709,0.0208333,0.558443281586054
57492,0.180725,-0.0383907,0.0208333,0.3344097894769978
57516,0.187258,-0.0332699,0.0208333,0.6088698037375986
57540,0.281622,-0.0288124,0.0208333,0.10022409520055545
57564,0.197684,0.0330851,0.0208333,0.4528372454182828
57588,0.137295,-0.0384114,0.0208333,0.7597944580835723
57612,0.216766,-0.0378487,0.0208333,0.6475662476539034
57636,0.244033,0.0319804,0.0208333,0.48736047083089423
57660,0.146477,-0.0247168,0.0208333,0.5110999026280996
57684,0.219226,-0.0263242,0.0208333,0.8997632084129038
57708,0.235152,-0.0380887,0.0208333,0.5983009684642635
57732,0.105625,-0.037836,0.0208333,0.2721276559746363
57756,0.243285,0.0289631,0.0208333,0.41875966797257347
57780,0.217946,-0.0231658,0.0208333,0.8993614720503516
57804,0.286635,0.028597,0.0208333,0.1554707782788637
57828,0.218672,-0.0396213,0.0208333,0.5229653858528813
57852,0.20003,-0.0383962,0.0208333,0.5649259219427734
57876,0.102349,0.00133761,0.0208333,1.2248100175042655
57900,0.263738,-0.0344477,0.0208333,0.4179326504714313
57924,0.262789,-0.0342538,0.0208333,0.4255833893063451
57948,0.262654,-0.0391742,0.0208333,0.029728483558190452
57972,0.24259,-0.0350073,0.0208333,0.6703628695928777
57996,0.27475,-0.0369509,0.0208333,0.17261222182230002
58020,0.225875,-0.0368208,0.0208333,0.684302989458378
58044,0.261827,-0.0147144,0.0208333,0.7358704554607391
58068,0.168676,-0.0303295,0.0208333,0.4997103089597554
58092,0.256707,-0.0382724,0.0208333,0.3344785745116478
58116,0.136521,-0.0380269,0.0208333,0.7648877071395953
58140,0.157457,-0.0396504,0.0208333,0.29983711512748046
58164,0.238352,0.0314681,0.0208333,0.49642724545536265
58188,0.194636,-0.0378087,0.0208333,0.5368673201317529
58212,0.19363,-0.0339855,0.0208333,0.6593162891223853
58236,0.281343,-0.0396338,0.0208333,0.21684344469111255
58260,0.25086,-0.0339687,0.0208333,0.6201841403614657
58284,0.256675,-0.0366166,0.0208333,0.42845529619268136
58308,0.38886,0.00360937,0.0208333,1.3090028316514073
58332,0.261992,-0.0379913,0.0208333,0.1960984377018514
58356,0.295927,-0.0349608,0.0208333,0.19146106786534958
58380,0.108227,-0.0241648,0.0208333,0.37360847854388435
58404,0.216137,-0.0326299,0.0208333,0.8102005083301026
58428,0.100317,-0.0392271,0.0208333,0.01999628978313227
58452,0.299682,-0.0392237,0.0208333,0.0341304045077113
58476,0.246474,-0.0386682,0.0208333,0.4655642836129336
58500,0.276852,-0.0268855,0.0208333,0.4278812829060066
58524,0.179052,-0.032585,0.0208333,0.5562560434672116
58548,0.100942,-0.035798,0.0208333,0.15369569026475663
58572,0.192646,-0.0341474,0.0208333,0.6521095689229851
58596,0.104772,-0.0256075,0.0208333,0.4614335943999926
58620,0.249879,-0.0341519,0.0208333,0.6254987382545044
58644,0.259559,-0.0264986,0.0208333,0.698923590671705
58668,0.202312,-0.0266058,0.0208333,0.89561083372352
58692,0.236309,-0.0325983,0.0208333,0.7745896612685462
58716,0.104448,-0.0371655,0.0208333,0.2532311004986649
58740,0.12196,-0.0216836,0.0208333,0.2492515374642991
58764,0.208789,0.0384887,0.0208333,0.5488508492662789
58788,0.113271,0.0285894,0.0208333,0.24223115922540786
58812,0.200601,0.0339211,0.0208333,0.46483383228598896
58836,0.111741,-0.0229932,0.0208333,0.23354902653124976
58860,0.225062,-0.0370291,0.0208333,0.6848794458539447
58884,0.233358,-0.0334606,0.0208333,0.7663361203867635
58908,0.176091,-0.0334281,0.0208333,0.47450324898977203
58932,0.211026,-0.0244062,0.0208333,0.9093888519698441
58956,0.188297,-0.0301122,0.0208333,0.7333795776070431
58980,0.290862,-0.0354281,0.0208333,0.24466296198740423
59004,0.299086,-0.0217714,0.0208333,0.2944604390953902
59028,0.110689,-0.0370802,0.0208333,0.5116227398933054
59052,0.186311,-0.0336169,0.0208333,0.5986942098020992
59076,0.173212,-0.0365404,0.0208333,0.26031547521576887
59100,0.166602,-0.035719,0.0208333,0.1791254366487924
59124,0.11936,-0.0330365,0.0208333,0.4789017596990357
59148,0.225971,-0.0303932,0.0208333,0.8476605987101307
59172,0.279198,-0.036991,0.0208333,0.21648893583192652
59196,0.274013,-0.0380422,0.0208333,0.16098352695843166
59220,0.10945,-0.0298326,0.0208333,0.3784139425509638
59244,0.106599,-0.0319566,0.0208333,0.4105368254795085
59268,0.246247,-0.0339268,0.0208333,0.6667067256923324
59292,0.271288,-0.0382933,0.0208333,0.1435344818619554
59316,0.167702,-0.0365995,0.0208333,0.14434257458216582
59340,0.269002,-0.0368838,0.0208333,0.10437339179075336
59364,0.297372,-0.0097059,0.0208333,1.0652946013662137
59388,0.102999,-0.00991855,0.0208333,0.8124014924928438
59412,0.205352,-0.0339289,0.0208333,0.7496224575431771
59436,0.139384,-0.031785,0.0208333,0.3035974455295408
59460,0.103454,0.00422879,0.0208333,1.210853272934338
59484,0.215084,-0.0331049,0.0208333,0.8071172801075933
59508,0.186034,-0.0375859,0.0208333,0.4492366880956514
59532,0.170877,-0.0253449,0.0208333,0.7508723344107221
59556,0.228107,-0.0253634,0.0208333,0.8828672159681417
59580,0.14258,-0.0293988,0.0208333,0.1986106406403005
59604,0.185909,-0.0382368,0.0208333,0.4127055061533752
59628,0.131353,-0.0382537,0.0208333,0.7927177743887193
59652,0.128946,-0.00763816,0.0208333,1.18288069370648
59676,0.265394,-0.0350417,0.0208333,0.33036696967625756
59700,0.117713,-0.0370184,0.0208333,0.6765533145332985
59724,0.11298,-0.0103154,0.0208333,0.9316994932851655
59748,0.253741,-0.038362,0.0208333,0.3791463555167588
59772,0.182289,-0.0224456,0.0208333,0.9034730584574396
59796,0.239528,-0.0224638,0.0208333,0.8363991625262036
59820,0.265687,0.027181,0.0208333,0.24862431667814072
59844,0.262699,-0.0250217,0.0208333,0.6956292256534733
59868,0.205479,-0.0250455,0.0208333,0.9070304862223896
59892,0.270053,-0.0392161,0.0208333,0.09712166135181378
59916,0.237134,-0.0351063,0.0208333,0.7052097096945149
59940,0.239956,-0.0366021,0.0208333,0.6446673338084244
59964,0.179902,-0.0350983,0.0208333,0.4471753373784615
59988,0.270213,-0.0265209,0.0208333,0.6035388115342185
60012,0.182442,-0.032854,0.0208333,0.5821969511860791
60036,0.213776,-0.0373081,0.0208333,0.6750014512285112
60060,0.169597,-0.0324178,0.0208333,0.40454478059723487
60084,0.180568,0.0313955,0.0208333,0.3694028857535714
60108,0.226397,-0.0373466,0.0208333,0.6691154855952446
60132,0.306183,0.0037368,0.0208333,1.3276219979930621
60156,0.0940394,0.00376129,0.0208333,1.192640392309076
60180,0.226831,-0.0324849,0.0208333,0.8055003958409694
60204,0.141524,-0.0316164,0.0208333,0.2629076182093933
60228,0.142528,-0.039636,0.0208333,0.6937972848984658
60252,0.106094,-0.0383791,0.0208333,0.2906117282568788
60276,0.212599,-0.0228381,0.0208333,0.9042581229292552
60300,0.263175,-0.0374013,0.0208333,0.21678022390049695
60324,0.396779,-0.00889292,0.0208333,0.6096544879201538
60348,0.00322129,0.00889797,0.0208333,1.1584300111703818
60372,0.396775,0.00889437,0.0208333,1.2673813967896996
60396,0.00322892,-0.00888919,0.0208333,1.1583900082511365
60420,0.134126,0.0273661,0.0208333,0.2983335481198286
60444,0.225987,-0.0347097,0.0208333,0.7528294107038589
60468,0.175571,-0.0378506,0.0208333,0.2548273849155691
60492,0.111414,-0.0372019,0.0208333,0.5271290144016025
60516,0.10643,-0.0332347,0.0208333,0.40936094865902495
60540,0.295316,-0.0254759,0.0208333,0.24334143609235565
60564,0.227591,-0.0163716,0.0208333,0.8165341475398217
60588,0.302744,-0.00203422,0.0208333,1.3039574666895875
60612,0.180155,-0.0379039,0.0208333,0.3322123318032761
60636,0.119677,-0.0220783,0.0208333,0.22369859599919262
60660,0.158973,-0.0360848,0.0208333,0.1500756326973916
60684,0.223532,-0.0166207,0.0208333,0.8142189873947089
60708,0.137205,-0.0308187,0.0208333,0.2229827142712188
60732,0.182713,0.0335244,0.0208333,0.39290661394766935
60756,0.295258,-0.0370631,0.0208333,0.2071255200622077
60780,0.129714,-0.0187859,0.0208333,0.6049515520570317
60804,0.27569,0.0274799,0.0208333,0.18198854555003208
60828,0.240565,-0.0372204,0.0208333,0.6166933255529754
60852,0.185386,-0.0370869,0.0208333,0.45175053653086944
60876,0.113437,-0.0384377,0.0208333,0.5879237642346689
60900,0.266184,-0.0369929,0.0208333,0.10946788682645701
60924,0.259434,-0.0325055,0.0208333,0.5657415833911718
60948,0.147716,-0.0383304,0.0208333,0.5797585175644666
60972,0.143242,-0.0392569,0.0208333,0.6865547452190566
60996,0.298164,-0.0197414,0.0208333,0.3540633567174242
61020,0.152296,-0.0297394,0.0208333,0.3475526374766217
61044,0.208989,-0.0238226,0.0208333,0.9074880445502194
61068,0.233422,-0.0312796,0.0208333,0.8083323305658955
61092,0.176164,-0.0312586,0.0208333,0.5794026341952632
61116,0.216022,-0.0279797,0.0208333,0.8897180914607454
61140,0.12381,0.0276089,0.0208333,0.29753712266528637
61164,0.214096,-0.0186332,0.0208333,0.8698218016339014
61188,0.238809,-0.0382971,0.0208333,0.5842254200764243
61212,0.267966,-0.0362369,0.0208333,0.1120025634789222
61236,0.246325,-0.0393439,0.0208333,0.37465290121693506
61260,0.216254,-0.0384585,0.0208333,0.6166731683066087
61284,0.140292,-0.0269536,0.0208333,0.2530234900460185
61308,0.143998,-0.0396209,0.0208333,0.6700615619682578
61332,0.165744,-0.0228585,0.0208333,0.7755525684079411
61356,0.189482,-0.0383593,0.0208333,0.4612106592772986
61380,0.161457,0.0269227,0.0208333,0.2872448495830066
61404,0.296078,-0.0296054,0.0208333,0.20968390239796666
61428,0.109248,-0.020479,0.0208333,0.3159227746804002
61452,0.239801,0.0285937,0.0208333,0.4361323880648628
61476,0.203935,-0.0349235,0.0208333,0.7086373929540882
61500,0.198019,-0.0362069,0.0208333,0.6230908027567973
61524,0.164507,-0.0187176,0.0208333,0.8925082640598058
61548,0.16027,-0.0292287,0.0208333,0.4566456864521387
61572,0.149724,-0.0296597,0.0208333,0.2831294700214734
61596,0.255345,-0.036271,0.0208333,0.47288931463814937
61620,0.295381,-0.0383037,0.0208333,0.20232796704879927
61644,0.141403,-0.0301589,0.0208333,0.19670977953346624
61668,0.114435,-0.0270766,0.0208333,0.2003289419588333
61692,0.137709,-0.00527546,0.0208333,1.1767451336322834
61716,0.294384,-0.0313433,0.0208333,0.23208964333838766
61740,0.271438,-0.0331869,0.0208333,0.2441503223567194
61764,0.165223,0.036609,0.0208333,0.3589515772220985
61788,0.232422,-0.0363848,0.0208333,0.6880500207440637
61812,0.125462,-0.0333412,0.0208333,0.4797737820466601
61836,0.138425,-0.032521,0.0208333,0.34698341666252713
61860,0.132704,-0.0328245,0.0208333,0.40298200735476714
61884,0.129018,-0.0331771,0.0208333,0.45229461038931706
61908,0.118917,-0.0243406,0.0208333,0.1173271591290887
61932,0.220901,-0.0384011,0.0208333,0.6300761907666825
61956,0.10539,-0.0336051,0.0208333,0.3832493903111132
61980,0.113929,-0.0287611,0.0208333,0.2619070582982003
62004,0.18926,-0.0308457,0.0208333,0.7310941628494053
62028,0.289058,-0.0259075,0.0208333,0.2176311871521405
62052,0.266079,-0.0236615,0.0208333,0.6895407179327707
62076,0.121629,-0.0171603,0.0208333,0.4431808797978249
62100,0.245326,-0.0341611,0.0208333,0.6713772885035191
62124,0.166419,-0.0396299,0.0208333,0.04437913874633441
62148,0.269429,-0.037365,0.0208333,0.1322592260151253
62172,0.232663,-0.0222034,0.0208333,0.866121068811086
62196,0.142127,-0.0371301,0.0208333,0.6231791628250976
62220,0.175417,-0.0222026,0.0208333,0.8560288068978769
62244,0.110584,-0.0392136,0.0208333,0.45326762810389193
62268,0.110728,-0.0356341,0.0208333,0.49941195527327625
62292,0.283041,-0.029529,0.0208333,0.14625894409385704
62316,0.16174,-0.0285288,0.0208333,0.5103911591391228
62340,0.276955,-0.0350286,0.0208333,0.17479964111413643
62364,0.174467,-0.0176417,0.0208333,0.9266096534973512
62388,0.23181,-0.017546,0.0208333,0.8242816419459725
62412,0.172826,-0.0248211,0.0208333,0.7529886348202303
62436,0.230053,-0.0248404,0.0208333,0.8801293824700159
62460,0.148482,-0.0303668,0.0208333,0.1941998785191363
62484,0.143846,-0.0302164,0.0208333,0.19248725612476297
62508,0.173664,-0.0372038,0.0208333,0.24680800826906812
62532,0.111699,0.0337319,0.0208333,0.2289107349957404
62556,0.279355,-0.0347394,0.0208333,0.18995202850943813
62580,0.104925,-0.0378429,0.0208333,0.25799319446523566
62604,0.268417,-0.0260977,0.0208333,0.6202776293863516
62628,0.133757,-0.0305267,0.0208333,0.2225067426950797
62652,0.202967,-0.0383837,0.0208333,0.5896661077251778
62676,0.288053,-0.0289862,0.0208333,0.22361707394494926
62700,0.27855,-0.027491,0.0208333,0.32614541604690694
62724,0.288269,0.0337321,0.0208333,0.18905716136422868
62748,0.281484,-0.0272636,0.0208333,0.16376916524339985
62772,0.243494,-0.034682,0.0208333,0.6667802458654751
62796,0.172475,-0.0377294,0.0208333,0.19854300884343823
62820,0.151094,-0.0356371,0.0208333,0.36834966054219864
62844,0.108092,-0.0302125,0.0208333,0.4012981759911779
62868,0.157684,-0.0287361,0.0208333,0.45545186694866696
62892,0.264633,-0.0253479,0.0208333,0.6897674702992121
62916,0.207526,-0.0254007,0.0208333,0.9097095050973485
62940,0.273274,-0.0371037,0.0208333,0.16630611952255395
62964,0.241091,-0.0347962,0.0208333,0.6876067699594829
62988,0.104219,-0.00356939,0.0208333,1.259874756606605
63012,0.211538,-0.0358894,0.0208333,0.7248748421822959
63036,0.258692,-0.0246086,0.0208333,0.7387743015451809
63060,0.201457,-0.0246155,0.0208333,0.9130156958577115
63084,0.123024,-0.0193403,0.0208333,0.3894219024048145
63108,0.114885,-0.0384307,0.0208333,0.6246548554298667
63132,0.251289,-0.0329196,0.0208333,0.6445941171837133
63156,0.274433,-0.0330798,0.0208333,0.09836423249682782
63180,0.27364,-0.0307676,0.0208333,0.3332873304984904
63204,0.194079,-0.0329346,0.0208333,0.7054183383809992
63228,0.259847,-0.0228341,0.0208333,0.7378486752114102
63252,0.202665,-0.0228144,0.0208333,0.907583833084296
63276,0.262511,-0.0332467,0.0208333,0.496760264865597
63300,0.16742,-0.0244321,0.0208333,0.7587410493585666
63324,0.224817,-0.0245185,0.0208333,0.8919705077902345
63348,0.242695,-0.0319259,0.0208333,0.750997006163928
63372,0.106288,-0.0176069,0.0208333,0.38010719017430017
63396,0.273335,-0.025878,0.0208333,0.563815240060058
63420,0.234049,-0.0239162,0.0208333,0.8622637285010626
63444,0.194051,-0.0383748,0.0208333,0.5110831847633465
63468,0.176794,-0.0238888,0.0208333,0.8459600419217871
63492,0.189449,-0.032881,0.0208333,0.6681997044683001
63516,0.138018,-0.0380196,0.0208333,0.7490154432365905
63540,0.187998,0.0369083,0.0208333,0.4400818119975403
63564,0.134352,-0.0384314,0.0208333,0.7870118557227762
63588,0.181998,-0.0248144,0.0208333,0.8364357676099721
63612,0.239237,-0.0248289,0.0208333,0.8439212649209844
63636,0.101949,-0.0235585,0.0208333,0.5023395738146283
63660,0.135798,-0.0384163,0.0208333,0.7748790301512134
63684,0.218794,0.0276881,0.0208333,0.44253316544822446
63708,0.145511,-0.0281867,0.0208333,0.259227815559459
63732,0.168464,-0.0328843,0.0208333,0.36995132886094884
63756,0.222232,-0.0382262,0.0208333,0.6340448416205726
63780,0.240121,-0.0358752,0.0208333,0.6719532336650815
63804,0.122189,-0.00733806,0.0208333,1.1608491611191232
63828,0.236191,-0.0373278,0.0208333,0.6380472950942194
63852,0.270141,-0.0373304,0.0208333,0.13674941038264113
63876,0.276128,-0.0372046,0.0208333,0.1835386772524595
63900,0.291462,0.0122186,0.0208333,0.41166836176004074
63924,0.15096,-0.0372709,0.0208333,0.4535859251852989
63948,0.275471,-0.0345175,0.0208333,0.16382352695843172
63972,0.185115,-0.0349194,0.0208333,0.5445947488788203
63996,0.258796,-0.0207138,0.0208333,0.7529827897889408
64020,0.201632,-0.020664,0.0208333,0.8977336520241056
64044,0.21199,-0.0383936,0.0208333,0.6262467380811133
64068,0.135052,-0.0380637,0.0208333,0.7785523278588309
64092,0.268598,-0.0383247,0.0208333,0.12461503523190932
64116,0.147263,-0.000603559,0.0208333,0.9253572772681925
64140,0.298426,-0.0359139,0.0208333,0.13002999293320752
64164,0.118832,-0.031018,0.0208333,0.31874931346440966
64188,0.1818,-0.0348403,0.0208333,0.4991747128027378
64212,0.261267,-0.039184,0.0208333,0.0756057401000883
64236,0.212149,-0.0203751,0.0208333,0.8867036233019998
64260,0.234955,-0.0343484,0.0208333,0.7370339641581168
64284,0.177676,-0.034348,0.0208333,0.45425821633452385
64308,0.253962,-0.0259846,0.0208333,0.7482882404298076
64332,0.196743,-0.0259552,0.0208333,0.891056056715231
64356,0.259798,-0.0336912,0.0208333,0.5042747228515579
64380,0.128998,-0.0212702,0.0208333,0.35171571224485493
64404,0.132044,-0.0130283,0.0208333,0.9608842375440477
64428,0.176217,-0.0197371,0.0208333,0.9167452359757323
64452,0.23346,-0.0197365,0.0208333,0.8367796843663197
64476,0.282995,-0.0351334,0.0208333,0.22865317516382755
64500,0.196269,-0.0396785,0.0208333,0.44066233741260097
64524,0.196274,-0.0238013,0.0208333,0.9113755664176584
64548,0.16632,-0.020565,0.0208333,0.87814723275317
64572,0.196687,-0.0336327,0.0208333,0.6960190105279934
64596,0.253495,-0.0238358,0.0208333,0.7715570278242999
64620,0.108858,-0.00162501,0.0208333,1.2781741216965392
64644,0.107359,-0.0392373,0.0208333,0.3231054502159134
64668,0.264476,-0.0338046,0.0208333,0.41934191225477974
64692,0.253911,-0.033636,0.0208333,0.5951923362337962
64716,0.202611,-0.0338275,0.0208333,0.7339958252486808
64740,0.122334,-0.0383811,0.0208333,0.7513505252154389
64764,0.11275,-0.0379951,0.0208333,0.5695112210395857
64788,0.149003,-0.0366431,0.0208333,0.4781239596680367
64812,0.20446,-0.014665,0.0208333,0.8288659942595046
64836,0.116879,-0.0247887,0.0208333,0.11564536213130383
64860,0.222632,-0.0375814,0.0208333,0.6616032313837202
64884,0.103319,0.0334259,0.0208333,0.11551379261070949
64908,0.296586,0.0334157,0.0208333,0.13582657315276858
64932,0.142842,-0.0279093,0.0208333,0.23849594920556955
64956,0.158111,-0.0106163,0.0208333,1.0128528741964453
64980,0.14856,-0.00568799,0.0208333,1.05810933550889
65004,0.112325,-0.0290639,0.0208333,0.2998752982330015
65028,0.155119,-0.0373507,0.0208333,0.33360711911498064
65052,0.190593,-0.0306935,0.0208333,0.7391503161754381
65076,0.269947,-0.0384913,0.0208333,0.13454973404433024
65100,0.106974,-0.00451613,0.0208333,1.2834685330316358
65124,0.2961,-0.0329101,0.0208333,0.19347566468189226
65148,0.128854,-0.0129361,0.0208333,0.9670824232375617
65172,0.144153,-0.00450343,0.0208333,1.0960777817081049
65196,0.270465,-0.0380543,0.0208333,0.13949714360681367
65220,0.130981,-0.0368386,0.0208333,0.7271947170231632
65244,0.118923,-0.03759,0.0208333,0.7148690360989763
65268,0.102709,-0.0151186,0.0208333,0.4173131687397306
65292,0.210066,-0.0360762,0.0208333,0.7080508615810256
65316,0.184044,-0.0360093,0.0208333,0.4827449541520217
65340,0.276005,-0.0384477,0.0208333,0.17790697930163532
65364,0.232353,0.038747,0.0208333,0.5984362171527631
65388,0.114236,-0.0373762,0.0208333,0.613074630321279
65412,0.264257,-0.032924,0.0208333,0.47509468090829365
65436,0.15246,0.036965,0.0208333,0.33536139581743213
65460,0.18513,-0.0384993,0.0208333,0.40089227347082856
65484,0.241049,-0.0396803,0.0208333,0.39046196076368683
65508,0.180486,-0.0371709,0.0208333,0.37549282209130175
65532,0.172258,-0.0186305,0.0208333,0.9317553820496889
65556,0.252766,0.0338976,0.0208333,0.45498263291274754
65580,0.101744,-0.0358881,0.0208333,0.1699624679659895
65604,0.110248,-0.024418,0.0208333,0.27458729708089047
65628,0.16944,-0.0238542,0.0208333,0.7618707033212073
65652,0.226722,-0.0239051,0.0208333,0.8892773737810745
65676,0.12391,-0.0383137,0.0208333,0.7622964772358407
65700,0.261932,-0.023049,0.0208333,0.7320429798243723
65724,0.20477,-0.0230326,0.0208333,0.9106721344543062
65748,0.151554,-0.0396645,0.0208333,0.4944518667838256
65772,0.396949,-1.73289e-05,0.0208333,1.2060566705797084
65796,0.00305493,4.4147e-05,0.0208333,1.1606800015644991
65820,0.138407,-0.0128362,0.0208333,1.0724992496813115
65844,0.219378,-0.0105821,0.0208333,0.6902282755632059
65868,0.155664,-0.0379111,0.0208333,0.33429255049150297
65892,0.191131,-0.0384731,0.0208333,0.4777745019219607
65916,0.212411,-0.0371708,0.0208333,0.6827143055289111
65940,0.104369,-0.0383728,0.0208333,0.20715343436025
65964,0.151172,-0.0254611,0.0208333,0.5502401368243309
65988,0.245747,-0.0298382,0.0208333,0.762138547647833
66012,0.240823,0.033613,0.0208333,0.5109228096852244
66036,0.271588,-0.0253126,0.0208333,0.6039590807431541
66060,0.101141,-0.0322259,0.0208333,0.3175147333960212
66084,0.298473,-0.0392789,0.0208333,0.07828274346789336
66108,0.101522,-0.0392978,0.0208333,0.06446681667727669
66132,0.135007,-0.0373942,0.0208333,0.7247585030467282
66156,0.155135,-0.0384053,0.0208333,0.3624275065126189
66180,0.124014,-0.0100169,0.0208333,1.0621015417454331
66204,0.115388,-0.0233151,0.0208333,0.16065631447355438
66228,0.2097,-0.0372223,0.0208333,0.6709536274797734
66252,0.17355,0.0387586,0.0208333,0.38519537806745413
66276,0.111494,-0.0379834,0.0208333,0.5300344131488234
66300,0.147164,0.0340149,0.0208333,0.32766814035194647
66324,0.18611,-0.0346813,0.0208333,0.5545902594287484
66348,0.102089,-0.0367196,0.0208333,0.16664914799756284
66372,0.217732,-0.0252214,0.0208333,0.9040114715487352
66396,0.102259,-0.0196171,0.0208333,0.4826064681928684
66420,0.297926,-0.0323411,0.0208333,0.1552214364386891
66444,0.287155,-0.037953,0.0208333,0.2615245702917605
66468,0.202209,-0.0327974,0.0208333,0.766233833766654
66492,0.200971,-0.0325269,0.0208333,0.7629861251236649
66516,0.221382,-0.0372519,0.0208333,0.6839127602247476
66540,0.169086,-0.0159029,0.0208333,0.9544292967826752
66564,0.275259,-0.0210767,0.0208333,0.6517501178909785
66588,0.270183,0.0294697,0.0208333,0.2601721790435186
66612,0.252373,-0.0392146,0.0208333,0.33228554089378276
66636,0.108825,-0.0181498,0.0208333,0.2780958875206681
66660,0.200502,0.037089,0.0208333,0.5099465120197827
66684,0.182229,0.0285109,0.0208333,0.3362371360772223
66708,0.123623,-0.0335103,0.0208333,0.48971806701679527
66732,0.230906,-0.0379607,0.0208333,0.6251763563256851
66756,0.226867,-0.0384189,0.0208333,0.6204812305326971
66780,0.276525,-0.0379287,0.0208333,0.18744285109924277
66804,0.234463,-0.0334282,0.0208333,0.7634773303531205
66828,0.121947,-0.0337959,0.0208333,0.5155867366606292
66852,0.177192,-0.0334109,0.0208333,0.48142078500663915
66876,0.1523,-0.0393926,0.0208333,0.47465615618749746
66900,0.181319,-0.0371667,0.0208333,0.386362262229491
66924,0.181464,-0.0379172,0.0208333,0.35851321947918807
66948,0.120224,-0.033739,0.0208333,0.5082661913581508
66972,0.25395,0.0292398,0.0208333,0.3663587705989575
66996,0.14596,0.0293952,0.0208333,0.3019413394658314
67020,0.241899,-0.0344298,0.0208333,0.6849005282492596
67044,0.15244,-0.0281077,0.0208333,0.426977903332302
67068,0.279958,-0.0265212,0.0208333,0.3230829207523047
67092,0.219101,-0.0359349,0.0208333,0.7300883583012335
67116,0.126614,-0.0214966,0.0208333,0.32212793448691796
67140,0.255837,-0.0261836,0.0208333,0.7403575785307724
67164,0.23586,-0.0343772,0.0208333,0.7341075156745687
67188,0.198615,-0.0261525,0.0208333,0.8943501861325834
67212,0.159103,-0.0282488,0.0208333,0.490129495655837
67236,0.286577,-0.0384395,0.0208333,0.2583624273179829
67260,0.178589,-0.0343832,0.0208333,0.46030235105369005
67284,0.205829,0.0342252,0.0208333,0.4939606583158112
67308,0.247015,-0.0397162,0.0208333,0.3462654575916239
67332,0.230603,-0.0226842,0.0208333,0.8699571864066263
67356,0.173388,-0.0226912,0.0208333,0.8565109118829112
67380,0.214179,-0.0397174,0.0208333,0.4983536607850523
67404,0.173889,-0.0397018,0.0208333,0.1405174138819812
67428,0.286068,-0.037943,0.0208333,0.25758916608438714
67452,0.278425,-0.0345361,0.0208333,0.18061641784561003
67476,0.115426,-0.0379495,0.0208333,0.6482473908548353
67500,0.29766,-0.0151505,0.0208333,0.5816865275952676
67524,0.149451,-0.0228067,0.0208333,0.6776011165557628
67548,0.235836,-0.0384929,0.0208333,0.5889150943130598
67572,0.278143,-0.0335683,0.0208333,0.16156439848188245
67596,0.128085,-0.0291217,0.0208333,0.1435523001821723
67620,0.14448,0.000413715,0.0208333,0.9288311682044926
67644,0.306389,0.00692548,0.0208333,1.1906392643636017
67668,0.0937086,0.00696989,0.0208333,1.1510447540798652
67692,0.176118,-0.038375,0.0208333,0.2547687843209407
67716,0.103942,-0.0236341,0.0208333,0.4676667667521762
67740,0.293651,0.0369645,0.0208333,0.13925552959262658
67764,0.106349,0.036964,0.0208333,0.15240683005371675
67788,0.268022,-0.0240739,0.0208333,0.6808878531736174
67812,0.14147,-0.0122842,0.0208333,1.0741005344282848
67836,0.265383,-0.0342025,0.0208333,0.39052635733339797
67860,0.207032,0.0296847,0.0208333,0.4396966843673097
67884,0.216287,-0.0196692,0.0208333,0.8702531802048546
67908,0.127227,-0.0333484,0.0208333,0.47763147138693657
67932,0.130773,-0.0329522,0.0208333,0.42064431182432693
67956,0.152985,-0.0397281,0.0208333,0.4451075662059868
67980,0.297283,-0.0300315,0.0208333,0.19405897941576938
68004,0.121335,-0.0322423,0.0208333,0.3962328226208858
68028,0.140888,-0.037961,0.0208333,0.7073300464878683
68052,0.158371,0.00682047,0.0208333,0.42410630960263207
68076,0.19564,-0.0337914,0.0208333,0.6887517455583815
68100,0.179975,-0.0252243,0.0208333,0.8296314034005206
68124,0.237221,-0.0252448,0.0208333,0.8498362853328623
68148,0.252863,-0.033774,0.0208333,0.6010864324578293
68172,0.218966,-0.0344714,0.0208333,0.7632570290908863
68196,0.186585,-0.0386001,0.0208333,0.41627269118332627
68220,0.150342,-0.0360111,0.0208333,0.40024519580528833
68244,0.113571,-0.0239699,0.0208333,0.18670876638466552
68268,0.141868,-0.0267051,0.0208333,0.2814974216128171
68292,0.119005,-0.0367701,0.0208333,0.6773096337798263
68316,0.260832,-0.0338515,0.0208333,0.49886216285343576
68340,0.263336,-0.038117,0.0208333,0.12687418333374842
68364,0.159311,-0.0232817,0.0208333,0.763393472825864
68388,0.183952,-0.0368396,0.0208333,0.4386670524114908
68412,0.12761,-0.0397217,0.0208333,0.778128611105782
68436,0.149918,-0.0378874,0.0208333,0.5173744690035352
68460,0.114116,-0.0381041,0.0208333,0.608501012749926
68484,0.146182,-0.0303795,0.0208333,0.17885157559449705
68508,0.274036,-0.037326,0.0208333,0.16900147278603253
68532,0.113236,-0.0257886,0.0208333,0.19922898466597197
68556,0.106279,0.0338292,0.0208333,0.15549582972063786
68580,0.293626,0.0338195,0.0208333,0.1480302819966239
68604,0.272512,-0.0336039,0.0208333,0.14877355968749958
68628,0.226075,-0.0361066,0.0208333,0.7152308366714679
68652,0.110891,-0.0339886,0.0208333,0.47282706614571396
68676,0.226214,-0.038038,0.0208333,0.6262435889165354
68700,0.220255,-0.0196604,0.0208333,0.8683349393907385
68724,0.229488,-0.0182408,0.0208333,0.8291144382469456
68748,0.227204,-0.0372575,0.0208333,0.6683566824929362
68772,0.209843,-0.0197324,0.0208333,0.8838030926215357
68796,0.102246,-0.0322714,0.0208333,0.3474008036328045
68820,0.216216,-0.0221044,0.0208333,0.900383667686058
68844,0.208255,-0.0216118,0.0208333,0.898374160076794
68868,0.216173,-0.026162,0.0208333,0.9041954283102142
68892,0.152724,-0.0242027,0.0208333,0.6667894830181937
68916,0.238573,-0.0331315,0.0208333,0.7395790255336543
68940,0.236517,-0.038034,0.0208333,0.6005057846093516
68964,0.167545,-0.0321538,0.0208333,0.3818242579600855
68988,0.284203,-0.0379481,0.0208333,0.25601052428900267
69012,0.239438,-0.0378242,0.0208333,0.5839244838112305
69036,0.219344,-0.0372656,0.0208333,0.6828407985144618
69060,0.285539,-0.029484,0.0208333,0.19596614068468562
69084,0.271022,0.0340152,0.0208333,0.33116026231808426
69108,0.276517,-0.024993,0.0208333,0.5229714165358276
69132,0.15511,-0.0282593,0.0208333,0.47779582166298307
69156,0.255137,0.0321593,0.0208333,0.42611075087776157
69180,0.222315,-0.0188313,0.0208333,0.8670664242826924
69204,0.111482,-0.0211452,0.0208333,0.2269880193584049
69228,0.166844,-0.036526,0.0208333,0.13938052395577225
69252,0.118309,-0.0364923,0.0208333,0.6673600817841182
69276,0.274738,-0.024538,0.0208333,0.565386464616761
69300,0.103555,-0.0344133,0.0208333,0.3264435283381608
69324,0.156,-0.0338375,0.0208333,0.20271550400053495
69348,0.214645,-0.0255333,0.0208333,0.9043155347867038
69372,0.137021,-0.0103814,0.0208333,1.1125742521722919
69396,0.264748,-0.0355308,0.0208333,0.3281126152889248
69420,0.139655,-0.0283982,0.0208333,0.18122615378671506
69444,0.214475,-0.0235313,0.0208333,0.9051936758333046
69468,0.137058,-0.0277192,0.0208333,0.147429230357519
69492,0.125422,-0.0193651,0.0208333,0.39856099930566663
69516,0.223822,-0.0207321,0.0208333,0.8743885334995982
69540,0.25681,-0.0245442,0.0208333,0.7441543143603672
69564,0.199587,-0.0245073,0.0208333,0.9100679293502559
69588,0.298043,-0.0367057,0.0208333,0.14141290971113635
69612,0.125657,-0.029235,0.0208333,0.15973919848639406
69636,0.22683,-0.0358621,0.0208333,0.7159690108429937
69660,0.124481,-0.0327974,0.0208333,0.46033056169661424
69684,0.19115,-0.0317986,0.0208333,0.7163611596690018
69708,0.22141,-0.0236301,0.0208333,0.8968056526486271
69732,0.263242,-0.03256,0.0208333,0.49716728217427486
69756,0.299077,-0.0174758,0.0208333,0.48022063438690343
69780,0.14484,0.0322483,0.0208333,0.3222440515190038
69804,0.195115,-0.032864,0.0208333,0.7090361732047179
69828,0.128087,-0.0327302,0.0208333,0.44095950143216617
69852,0.13167,-0.0321994,0.0208333,0.3871197416984497
69876,0.252319,-0.0328436,0.0208333,0.6379093609345593
69900,0.397256,-0.00476778,0.0208333,1.0045532601380247
69924,0.397169,0.00475191,0.0208333,1.300236139141834
69948,0.00274732,0.00478197,0.0208333,1.160230584745394
69972,0.00283625,-0.00472904,0.0208333,1.1602905499603169
69996,0.296297,-0.0199146,0.0208333,0.3826749167866114
70020,0.126316,-0.0327666,0.0208333,0.44807194328369454
70044,0.178742,-0.0236138,0.0208333,0.8470805475148114
70068,0.235992,-0.0236392,0.0208333,0.8581607109473272
70092,0.129828,-0.0324414,0.0208333,0.4128922115347539
70116,0.261528,-0.0329769,0.0208333,0.5017227985860077
70140,0.209241,-0.0360491,0.0208333,0.7074322180872268
70164,0.149745,-0.0247737,0.0208333,0.584903151777221
70188,0.203611,-0.0340287,0.0208333,0.7363752214013514
70212,0.206281,-0.0168688,0.0208333,0.8496426673408767
70236,0.145041,-0.0296061,0.0208333,0.21052448112014457
70260,0.219817,-0.0221995,0.0208333,0.8976627283672954
70284,0.147338,-0.0296759,0.0208333,0.20420852003690468
70308,0.190451,-0.032782,0.0208333,0.674729527316832
70332,0.263644,-0.0168551,0.0208333,0.7367449491997012
70356,0.286675,-0.0284417,0.0208333,0.20324192196554824
70380,0.187644,-0.032237,0.0208333,0.6733981712488668
70404,0.273324,-0.0328102,0.0208333,0.15846561498309342
70428,0.135659,-0.0321,0.0208333,0.34520259513189294
70452,0.144578,-0.0273074,0.0208333,0.2979983415812269
70476,0.298294,-0.0342287,0.0208333,0.14064816778052958
70500,0.144848,-0.0254416,0.0208333,0.4223155456959755
70524,0.103552,-0.0334759,0.0208333,0.3396823415103375
70548,0.131713,-0.0368195,0.0208333,0.7243745739423979
70572,0.116962,-0.0341468,0.0208333,0.5316506967964926
70596,0.106846,-0.0380745,0.0208333,0.3264217028553097
70620,0.150826,-0.0212818,0.0208333,0.8188100196445689
70644,0.156526,-0.0276147,0.0208333,0.49373347861426825
70668,0.284234,-0.028752,0.0208333,0.16445895111136397
70692,0.137469,-0.0320686,0.0208333,0.34143631821877485
70716,0.262134,-0.03089,0.0208333,0.5649946717453183
70740,0.153889,-0.0272641,0.0208333,0.5167908662397279
70764,0.133637,-0.0380529,0.0208333,0.7862925794155701
70788,0.225579,-0.0355182,0.0208333,0.734380365383929
70812,0.192011,-0.0334286,0.0208333,0.6627525333676577
70836,0.120632,-0.0316644,0.0208333,0.37219620395323544
70860,0.122715,-0.033121,0.0208333,0.477846570010788
70884,0.24923,-0.033438,0.0208333,0.6513318826945165
70908,0.184638,-0.0341254,0.0208333,0.5607193013653733
70932,0.121122,-0.0332885,0.0208333,0.4922738223154529
70956,0.140099,-0.036786,0.0208333,0.6462397856844134
70980,0.133652,-0.037303,0.0208333,0.7269223463417935
71004,0.101402,-0.0386032,0.0208333,0.06834748473945475
71028,0.298592,-0.0385825,0.0208333,0.09585621527125927
71052,0.191042,-0.0336362,0.0208333,0.6543543909115536
71076,0.268304,-0.036994,0.0208333,0.07978130755720227
71100,0.296697,-0.0345658,0.0208333,0.17606564146868633
71124,0.248219,-0.0336041,0.0208333,0.6565397169571957
71148,0.223355,-0.0229917,0.0208333,0.8954482184409663
71172,0.263138,-0.0314,0.0208333,0.5478141024662893
71196,0.198398,-0.0369293,0.0208333,0.6027364351871176
71220,0.136567,-0.0327429,0.0208333,0.3808362729562661
71244,0.1994,-0.0380088,0.0208333,0.5634205657357073
71268,0.188816,-0.0320497,0.0208333,0.6827553902713546
71292,0.127025,-0.0284958,0.0208333,0.11881617471206687
71316,0.102568,-0.0332252,0.0208333,0.3291241626468646
71340,0.107486,-0.0220737,0.0208333,0.3672187559045999
71364,0.398735,0.0072277,0.0208333,1.274562739643144
71388,0.00126813,-0.00722252,0.0208333,1.1583803776013566
71412,0.39874,-0.00722625,0.0208333,0.7681441372619678
71436,0.00126051,0.00723131,0.0208333,1.1583703747394785
71460,0.107082,0.000452941,0.0208333,1.2598125771280753
71484,0.100694,-0.0385325,0.0208333,0.04960724093244856
71508,0.299305,-0.0385272,0.0208333,0.08157824973539209
71532,0.168019,-0.0371752,0.0208333,0.1315801855874265
71556,0.152672,-0.0219903,0.0208333,0.7914146769190562
71580,0.191778,-0.0381112,0.0208333,0.49292885054311397
71604,0.187231,-0.038166,0.0208333,0.43778055479287786
71628,0.15112,-0.0272793,0.0208333,0.4648250368742934
71652,0.218451,-0.0155558,0.0208333,0.8012885802639871
71676,0.206082,-0.021177,0.0208333,0.8960755097674298
71700,0.208156,0.0325104,0.0208333,0.4958459621530981
71724,0.138034,-0.0300654,0.0208333,0.18818822866221574
71748,0.146681,-0.0353519,0.0208333,0.44395628540425186
71772,0.113725,-0.0198444,0.0208333,0.23027741107852523
71796,0.203024,-0.0320126,0.0208333,0.7921336835012525
71820,0.210331,-0.0368155,0.0208333,0.6824509482447889
71844,0.265465,-0.0214587,0.0208333,0.7254765612754808
71868,0.135641,-0.0369681,0.0208333,0.7085441911302477
71892,0.275384,-0.0373536,0.0208333,0.1773807479392158
71916,0.168535,-0.020138,0.0208333,0.8698447479974635
71940,0.209038,-0.0367683,0.0208333,0.6759083951886462
71964,0.127334,-0.0101941,0.0208333,1.0688953985696292
71988,0.26502,-0.0321931,0.0208333,0.47910504862786624
72012,0.139257,-0.0305794,0.0208333,0.20986387487378577
72036,0.262647,-0.0384637,0.0208333,0.12755143650642095
72060,0.138922,-0.00798289,0.0208333,1.1535080694032998
72084,0.298177,-0.0236508,0.0208333,0.2417014458314224
72108,0.140791,-0.0371927,0.0208333,0.6494480207745089
72132,0.141384,-0.0367539,0.0208333,0.627906988767806
72156,0.176789,-0.0380143,0.0208333,0.27436732545315157
72180,0.205219,-0.0190361,0.0208333,0.8724420675869419
72204,0.260052,-0.0187713,0.0208333,0.7465164580889622
72228,0.105355,-0.021847,0.0208333,0.43761721941500425
72252,0.15694,-0.0335938,0.0208333,0.2103663231226682
72276,0.10458,-0.0197094,0.0208333,0.422194767135439
72300,0.212604,-0.0379483,0.0208333,0.6372984224325792
72324,0.295305,-0.0220212,0.0208333,0.3097909174079996
72348,0.202872,-0.0187413,0.0208333,0.8711371578298333
72372,0.262422,-0.019015,0.0208333,0.7410225117493
72396,0.295444,-0.0308331,0.0208333,0.2148228819908624
72420,0.227143,-0.02161,0.0208333,0.8724339914279777
72444,0.14021,-0.0296687,0.0208333,0.17072818552356375
72468,0.268755,0.0321626,0.0208333,0.3270663977537289
72492,0.241273,-0.0329676,0.0208333,0.7293772926664731
72516,0.220258,-0.0380732,0.0208333,0.6311540297747747
72540,0.139304,-0.0256028,0.0208333,0.3084520484495339
72564,0.296264,-0.0237274,0.0208333,0.2800136470786558
72588,0.221484,-0.037993,0.0208333,0.6348868646812792
72612,0.230896,-0.0372942,0.0208333,0.6689581464744861
72636,0.263252,-0.0211723,0.0208333,0.729774350017353
72660,0.229077,-0.0209122,0.0208333,0.8691803757045475
72684,0.225704,-0.0199638,0.0208333,0.870920584757516
72708,0.134321,-0.0370121,0.0208333,0.7170105136624914
72732,0.224895,-0.0310659,0.0208333,0.843886536020454
72756,0.16767,-0.0310659,0.0208333,0.4688381646523422
72780,0.149686,-0.0354851,0.0208333,0.3857942078938891
72804,0.275318,-0.0381025,0.0208333,0.1724690128080114
72828,0.231307,-0.0369046,0.0208333,0.6747875701606046
72852,0.232077,-0.0370773,0.0208333,0.6724000937291881
72876,0.149736,-0.0281281,0.0208333,0.36131396708080926
72900,0.242033,-0.03355,0.0208333,0.7138777896968036
72924,0.269286,-0.0380875,0.0208333,0.12968454677215785
72948,0.104303,-0.000634145,0.0208333,1.2419343576649104
72972,0.218456,-0.0181915,0.0208333,0.8629184346799018
72996,0.111841,-0.0342988,0.0208333,0.49047049551187843
73020,0.146941,-0.00346246,0.0208333,1.0605550575697391
73044,0.168754,-0.0373216,0.0208333,0.136731628079964
73068,0.296845,-0.0336216,0.0208333,0.1753875334419468
73092,0.119555,-0.032008,0.0208333,0.38367800452282497
73116,0.138163,-0.0287056,0.0208333,0.1453711858257079
73140,0.273079,-0.0318066,0.0208333,0.32310580058680466
73164,0.169979,-0.0218537,0.0208333,0.8554927805944432
73188,0.157034,-0.0325895,0.0208333,0.2501189566536315
73212,0.241551,-0.0319532,0.0208333,0.7566763061103593
73236,0.171978,-0.0212145,0.0208333,0.8637113507519603
73260,0.297704,-0.0333855,0.0208333,0.160709668082695
73284,0.21983,-0.0347772,0.0208333,0.7618148669817741
73308,0.266399,-0.0337346,0.0208333,0.3900249070211717
73332,0.279146,-0.0330602,0.0208333,0.17310060610899083
