/*--------------------------------*- C++ -*----------------------------------*\
| =========                 |                                                 |
| \\      /  F ield         | OpenFOAM: The Open Source CFD Toolbox           |
|  \\    /   O peration     | Version:  2512                                  |
|   \\  /    A nd           | Website:  www.openfoam.com                      |
|    \\/     M anipulation  |                                                 |
\*---------------------------------------------------------------------------*/
FoamFile
{
    version     2.0;
    format      ascii;
    arch        "LSB;label=32;scalar=64";
    class       surfaceScalarField;
    location    "500";
    object      phi;
}
// * * * * * * * * * * * * * * * * * * * * * * * * * * * * * * * * * * * * * //

dimensions      [0 3 -1 0 0 0 0];

oriented        oriented;

internalField   nonuniform List<scalar> 
8622
(
2.72982e-07
2.416e-07
4.02481e-06
-4.53939e-06
2.10392e-07
-6.34101e-07
4.99829e-06
-4.3016e-06
1.01405e-07
-1.2117e-06
5.64609e-06
-4.3254e-06
-3.61165e-12
-1.43993e-06
5.91188e-06
-4.37054e-06
-1.01411e-07
-1.43991e-06
5.91186e-06
-4.37054e-06
-2.10392e-07
-1.21167e-06
5.64604e-06
-4.3254e-06
-2.72971e-07
-6.34052e-07
4.99822e-06
-4.30159e-06
2.41663e-07
4.02475e-06
-4.53939e-06
2.66216e-08
2.68511e-05
-3.74781e-05
1.06004e-05
-3.95471e-09
3.01633e-05
-4.1025e-05
1.08923e-05
-1.27275e-08
3.01733e-05
-4.11242e-05
1.09597e-05
-1.15396e-12
2.99435e-05
-4.09126e-05
1.09564e-05
1.27253e-08
2.99435e-05
-4.09126e-05
1.09564e-05
3.95297e-09
3.01733e-05
-4.11242e-05
1.09597e-05
-2.66227e-08
3.01633e-05
-4.1025e-05
1.08923e-05
2.68511e-05
-3.74781e-05
1.06004e-05
-3.68685e-08
3.0544e-05
-3.65604e-06
-2.64525e-08
3.36161e-05
-3.46324e-06
-1.63098e-08
3.37011e-05
-3.53792e-06
-1.00706e-12
3.35103e-05
-3.58314e-06
1.63079e-08
3.35103e-05
-3.58314e-06
2.64509e-08
3.37011e-05
-3.53792e-06
3.68675e-08
3.36161e-05
-3.46324e-06
3.0544e-05
-3.65604e-06
2.1689e-08
-1.18974e-05
1.92788e-06
9.94786e-06
3.96185e-08
-1.27248e-05
2.41311e-06
1.02937e-05
2.60983e-08
-1.29697e-05
2.69077e-06
1.02925e-05
7.11531e-12
-1.30439e-05
2.83231e-06
1.02377e-05
-2.60848e-08
-1.30439e-05
2.83231e-06
1.02377e-05
-3.9607e-08
-1.29696e-05
2.69077e-06
1.02924e-05
-2.16815e-08
-1.27247e-05
2.41311e-06
1.02936e-05
-1.18973e-05
1.92788e-06
9.94773e-06
2.05709e-07
-7.50071e-06
-6.81633e-07
7.97663e-06
1.82619e-07
-8.45106e-06
-6.56593e-07
9.13075e-06
8.59787e-08
-8.20086e-06
-6.7575e-07
8.97325e-06
4.31935e-12
-7.96989e-06
-6.77062e-07
8.73292e-06
-8.59721e-08
-7.9699e-06
-6.77057e-07
8.73293e-06
-1.82612e-07
-8.20089e-06
-6.75737e-07
8.97327e-06
-2.05701e-07
-8.45111e-06
-6.56571e-07
9.13077e-06
-7.50076e-06
-6.81599e-07
7.97666e-06
2.67122e-07
2.8865e-06
-1.06543e-05
1.83551e-07
3.66703e-06
-1.20345e-05
7.49226e-08
4.00064e-06
-1.20929e-05
5.62384e-12
4.09245e-06
-1.19874e-05
-7.49126e-08
4.09244e-06
-1.19874e-05
-1.83543e-07
4.00063e-06
-1.20929e-05
-2.67116e-07
3.66701e-06
-1.20345e-05
2.88647e-06
-1.06543e-05
2.08248e-07
-5.23952e-06
5.27287e-06
2.01478e-07
-5.77157e-06
5.14424e-06
1.10531e-07
-6.11818e-06
4.99742e-06
-6.2886e-12
-6.26508e-06
4.93569e-06
-1.10543e-07
-6.26507e-06
4.93569e-06
-2.01486e-07
-6.11815e-06
4.99743e-06
-2.08251e-07
-5.77153e-06
5.14424e-06
-5.23946e-06
5.27287e-06
6.18035e-07
3.77182e-05
-1.6027e-05
-2.23092e-05
4.49227e-07
3.94228e-05
-1.36086e-05
-2.56454e-05
1.97073e-07
3.95494e-05
-1.30186e-05
-2.62787e-05
2.31933e-12
3.95141e-05
-1.30165e-05
-2.63005e-05
-1.97069e-07
3.95141e-05
-1.30165e-05
-2.63005e-05
-4.49224e-07
3.95494e-05
-1.30186e-05
-2.62787e-05
-6.18033e-07
3.94228e-05
-1.36086e-05
-2.56454e-05
3.77182e-05
-1.6027e-05
-2.23092e-05
6.23903e-07
3.16396e-06
3.39303e-05
4.50295e-07
1.51716e-06
3.80792e-05
2.03347e-07
9.4097e-07
3.88554e-05
3.48593e-12
8.46388e-07
3.88711e-05
-2.0334e-07
8.46393e-07
3.88711e-05
-4.5029e-07
9.40984e-07
3.88554e-05
-6.239e-07
1.51718e-06
3.80792e-05
3.16399e-06
3.39303e-05
6.89929e-07
4.85916e-06
-1.1799e-05
6.24992e-06
1.13439e-07
4.37245e-06
-1.15974e-05
7.80145e-06
-5.23414e-08
4.48352e-06
-1.14069e-05
7.08919e-06
-9.14928e-13
4.58961e-06
-1.13019e-05
6.65997e-06
5.23399e-08
4.58961e-06
-1.13019e-05
6.65997e-06
-1.1344e-07
4.48352e-06
-1.14069e-05
7.08918e-06
-6.89929e-07
4.37245e-06
-1.15974e-05
7.80145e-06
4.85916e-06
-1.1799e-05
6.24992e-06
7.665e-08
-1.26696e-05
6.9551e-07
8.16778e-08
-1.33498e-05
6.19961e-07
5.10552e-08
-1.34777e-05
5.38576e-07
1.70103e-12
-1.34829e-05
4.90044e-07
-5.10521e-08
-1.34829e-05
4.90045e-07
-8.16754e-08
-1.34776e-05
5.38578e-07
-7.66489e-08
-1.33497e-05
6.19962e-07
-1.26695e-05
6.95509e-07
6.49631e-07
-1.59583e-06
-1.80313e-05
1.89775e-05
2.29334e-07
-1.07423e-05
-1.62373e-05
2.73999e-05
-2.93479e-10
-1.23182e-05
-1.58417e-05
2.83895e-05
3.7656e-12
-1.22192e-05
-1.59279e-05
2.81468e-05
3.01644e-10
-1.22192e-05
-1.59279e-05
2.81468e-05
-2.29326e-07
-1.23182e-05
-1.58417e-05
2.83895e-05
-6.49624e-07
-1.07423e-05
-1.62373e-05
2.73999e-05
-1.5958e-06
-1.80313e-05
1.89775e-05
8.668e-07
-1.84896e-05
4.79114e-07
-2.39632e-05
1.80456e-07
-2.50381e-05
2.30511e-12
-2.50552e-05
-1.80452e-07
-2.50552e-05
-4.7911e-07
-2.50381e-05
-8.66799e-07
-2.39632e-05
-1.84896e-05
1.07021e-07
8.56226e-06
-1.09282e-05
2.25897e-06
6.27392e-08
9.50689e-06
-1.15524e-05
2.08978e-06
2.46268e-08
1.00476e-05
-1.19343e-05
1.92482e-06
-2.4901e-12
1.02812e-05
-1.21137e-05
1.85721e-06
-2.46322e-08
1.02811e-05
-1.21137e-05
1.85722e-06
-6.27449e-08
1.00475e-05
-1.19342e-05
1.92483e-06
-1.07026e-07
9.50681e-06
-1.15523e-05
2.08979e-06
8.56218e-06
-1.09282e-05
2.25899e-06
1.48316e-06
6.10458e-05
-6.2529e-05
1.09347e-06
6.42337e-05
-6.3844e-05
5.19532e-07
6.44262e-05
-6.38523e-05
-7.995e-12
6.42682e-05
-6.37486e-05
-5.19546e-07
6.42682e-05
-6.37487e-05
-1.09348e-06
6.44262e-05
-6.38523e-05
-1.48317e-06
6.42337e-05
-6.3844e-05
6.10458e-05
-6.2529e-05
-4.21757e-07
-5.60615e-05
5.64833e-05
-3.33683e-07
-6.38576e-05
6.37695e-05
-1.69639e-07
-6.5064e-05
6.49e-05
4.62838e-12
-6.49398e-05
6.47701e-05
1.69647e-07
-6.49398e-05
6.47701e-05
3.33689e-07
-6.5064e-05
6.49e-05
4.2176e-07
-6.38576e-05
6.37695e-05
-5.60615e-05
5.64833e-05
1.02223e-07
-5.72919e-05
5.71896e-05
7.13601e-08
-5.95944e-05
5.96253e-05
3.40338e-08
-5.96705e-05
5.97078e-05
-3.87966e-13
-5.96529e-05
5.96869e-05
-3.40345e-08
-5.96529e-05
5.96869e-05
-7.13607e-08
-5.96705e-05
5.97078e-05
-1.02223e-07
-5.95944e-05
5.96253e-05
-5.72919e-05
5.71896e-05
1.14815e-07
6.5449e-05
-6.55638e-05
7.41969e-08
6.5922e-05
-6.58814e-05
3.60574e-08
6.58928e-05
-6.58547e-05
-5.38674e-15
6.58817e-05
-6.58457e-05
-3.60574e-08
6.58817e-05
-6.58457e-05
-7.41969e-08
6.58928e-05
-6.58547e-05
-1.14815e-07
6.5922e-05
-6.58814e-05
6.5449e-05
-6.55638e-05
1.16495e-07
5.77595e-05
-5.7876e-05
8.47594e-08
5.96461e-05
-5.96143e-05
4.23681e-08
5.96943e-05
-5.96519e-05
-9.40064e-14
5.968e-05
-5.96376e-05
-4.23683e-08
5.968e-05
-5.96376e-05
-8.47595e-08
5.96943e-05
-5.96519e-05
-1.16495e-07
5.96461e-05
-5.96143e-05
5.77595e-05
-5.7876e-05
1.10251e-07
-5.82065e-05
5.80962e-05
7.72806e-08
-5.90321e-05
5.9065e-05
3.84428e-08
-5.90204e-05
5.90592e-05
-1.45067e-14
-5.90073e-05
5.90458e-05
-3.84428e-08
-5.90073e-05
5.90458e-05
-7.72806e-08
-5.90204e-05
5.90592e-05
-1.10251e-07
-5.90321e-05
5.9065e-05
-5.82065e-05
5.80962e-05
1.18362e-07
-5.95546e-05
5.94363e-05
8.55492e-08
-6.10019e-05
6.10347e-05
4.27496e-08
-6.10198e-05
6.10626e-05
-5.12991e-14
-6.10054e-05
6.10482e-05
-4.27497e-08
-6.10054e-05
6.10482e-05
-8.55493e-08
-6.10198e-05
6.10626e-05
-1.18362e-07
-6.10019e-05
6.10347e-05
-5.95546e-05
5.94363e-05
7.4333e-07
5.88566e-05
-5.95999e-05
6.17103e-07
6.32308e-05
-6.31046e-05
3.22138e-07
6.40694e-05
-6.37745e-05
-5.528e-12
6.39853e-05
-6.36632e-05
-3.22148e-07
6.39853e-05
-6.36632e-05
-6.17109e-07
6.40695e-05
-6.37745e-05
-7.43333e-07
6.32309e-05
-6.31046e-05
5.88566e-05
-5.95999e-05
-8.25921e-07
5.00873e-05
-4.92614e-05
-6.48366e-07
5.65471e-05
-5.67247e-05
-3.18006e-07
5.74355e-05
-5.77659e-05
7.48967e-12
5.72082e-05
-5.75262e-05
3.18019e-07
5.72082e-05
-5.75262e-05
6.48375e-07
5.74355e-05
-5.77659e-05
8.25926e-07
5.65471e-05
-5.67247e-05
5.00873e-05
-4.92613e-05
9.26651e-07
6.36834e-05
-3.56426e-06
9.09321e-07
6.57251e-05
-1.47412e-06
4.78014e-07
6.58872e-05
-1.02962e-06
-6.63949e-12
6.57441e-05
-9.97901e-07
-4.78026e-07
6.57441e-05
-9.97905e-07
-9.0933e-07
6.58872e-05
-1.02962e-06
-9.26656e-07
6.57251e-05
-1.47413e-06
6.36834e-05
-3.56427e-06
5.47304e-07
6.09991e-05
-2.6898e-06
5.28254e-07
6.50902e-05
-1.84034e-06
2.92783e-07
6.59112e-05
-1.60628e-06
-4.7522e-12
6.58189e-05
-1.54084e-06
-2.92791e-07
6.58189e-05
-1.54084e-06
-5.2826e-07
6.59112e-05
-1.60628e-06
-5.47307e-07
6.50902e-05
-1.84034e-06
6.09991e-05
-2.68981e-06
6.93617e-08
-1.31638e-05
1.41054e-05
-1.0109e-06
5.18971e-08
-1.37631e-05
1.49382e-05
-1.15765e-06
2.45284e-08
-1.38686e-05
1.51319e-05
-1.23593e-06
-5.89479e-12
-1.38741e-05
1.51695e-05
-1.27087e-06
-2.45398e-08
-1.38741e-05
1.51695e-05
-1.27086e-06
-5.19069e-08
-1.38686e-05
1.51319e-05
-1.23592e-06
-6.93675e-08
-1.3763e-05
1.49381e-05
-1.15764e-06
-1.31637e-05
1.41052e-05
-1.01089e-06
6.1843e-08
8.61008e-06
-2.66169e-05
1.7945e-05
5.57017e-08
1.13786e-05
-2.9938e-05
1.85656e-05
2.92025e-08
1.16422e-05
-3.0188e-05
1.85723e-05
-2.07435e-12
1.15346e-05
-3.00601e-05
1.85547e-05
-2.92063e-08
1.15346e-05
-3.00601e-05
1.85547e-05
-5.57047e-08
1.16422e-05
-3.0188e-05
1.85723e-05
-6.18448e-08
1.13786e-05
-2.9938e-05
1.85656e-05
8.61008e-06
-2.66169e-05
1.7945e-05
3.96025e-07
-4.42761e-06
4.05475e-06
-2.31699e-08
1.53e-07
-4.98137e-06
4.53676e-06
6.87644e-07
2.84864e-08
-5.24835e-06
4.62101e-06
7.51852e-07
-9.48983e-14
-5.3315e-06
4.5386e-06
8.21381e-07
-2.84866e-08
-5.3315e-06
4.5386e-06
8.21381e-07
-1.53e-07
-5.24835e-06
4.62101e-06
7.51852e-07
-3.96026e-07
-4.98138e-06
4.53676e-06
6.87643e-07
-4.42761e-06
4.05475e-06
-2.31702e-08
6.42688e-07
6.03564e-05
5.49429e-07
6.51835e-05
2.91652e-07
6.6169e-05
-4.94054e-12
6.61106e-05
-2.9166e-07
6.61106e-05
-5.49435e-07
6.6169e-05
-6.42691e-07
6.51835e-05
6.03564e-05
1.20115e-06
6.24823e-05
9.52424e-07
6.59738e-05
4.71938e-07
6.63676e-05
-7.45556e-12
6.62161e-05
-4.71951e-07
6.62161e-05
-9.52433e-07
6.63676e-05
-1.20115e-06
6.59738e-05
6.24823e-05
8.88052e-07
6.10765e-05
-6.19645e-05
7.36486e-07
6.50558e-05
-6.49042e-05
3.78736e-07
6.57099e-05
-6.53521e-05
-6.44325e-12
6.55816e-05
-6.52028e-05
-3.78747e-07
6.55816e-05
-6.52028e-05
-7.36494e-07
6.57099e-05
-6.53521e-05
-8.88057e-07
6.50558e-05
-6.49042e-05
6.10765e-05
-6.19645e-05
7.01509e-08
-5.50652e-05
5.4995e-05
3.99028e-08
-5.76135e-05
5.76438e-05
1.52555e-08
-5.77006e-05
5.77252e-05
-1.06753e-12
-5.76766e-05
5.76919e-05
-1.52575e-08
-5.76766e-05
5.76919e-05
-3.99045e-08
-5.77006e-05
5.77252e-05
-7.01519e-08
-5.76135e-05
5.76438e-05
-5.50652e-05
5.4995e-05
-1.03906e-06
4.93924e-05
-4.83533e-05
-8.53678e-07
5.52543e-05
-5.54397e-05
-4.34112e-07
5.59464e-05
-5.6366e-05
9.54131e-12
5.57303e-05
-5.61645e-05
4.34129e-07
5.57303e-05
-5.61645e-05
8.5369e-07
5.59464e-05
-5.6366e-05
1.03907e-06
5.52543e-05
-5.54397e-05
4.93923e-05
-4.83533e-05
1.14344e-07
-5.61007e-05
5.59864e-05
8.26325e-08
-5.80562e-05
5.80879e-05
4.08202e-08
-5.81127e-05
5.81545e-05
-2.23678e-13
-5.8099e-05
5.81398e-05
-4.08206e-08
-5.8099e-05
5.81398e-05
-8.26328e-08
-5.81127e-05
5.81545e-05
-1.14344e-07
-5.80562e-05
5.80879e-05
-5.61007e-05
5.59864e-05
1.12226e-07
5.82868e-05
-5.8399e-05
8.03491e-08
5.95827e-05
-5.95508e-05
4.02011e-08
5.95929e-05
-5.95527e-05
-2.47638e-14
5.95785e-05
-5.95383e-05
-4.02012e-08
5.95785e-05
-5.95383e-05
-8.03491e-08
5.95929e-05
-5.95527e-05
-1.12226e-07
5.95827e-05
-5.95508e-05
5.82868e-05
-5.8399e-05
-6.42568e-07
-4.81679e-05
4.88105e-05
-5.03195e-07
-5.55468e-05
5.54074e-05
-2.51038e-07
-5.66085e-05
5.63564e-05
6.0926e-12
-5.6424e-05
5.61729e-05
2.51049e-07
-5.6424e-05
5.61729e-05
5.03202e-07
-5.66085e-05
5.63564e-05
6.42573e-07
-5.55468e-05
5.54074e-05
-4.81679e-05
4.88105e-05
1.08767e-07
5.96124e-05
-5.97211e-05
7.52091e-08
6.03443e-05
-6.03107e-05
3.72957e-08
6.03261e-05
-6.02882e-05
-8.7459e-15
6.0313e-05
-6.02758e-05
-3.72957e-08
6.0313e-05
-6.02758e-05
-7.52091e-08
6.03261e-05
-6.02882e-05
-1.08767e-07
6.03443e-05
-6.03107e-05
5.96124e-05
-5.97211e-05
2.69583e-08
3.26377e-05
-9.11293e-06
-2.35517e-05
1.72368e-08
3.66726e-05
-1.16559e-05
-2.50069e-05
8.50412e-09
3.69466e-05
-1.18177e-05
-2.51201e-05
-2.22207e-12
3.67774e-05
-1.16875e-05
-2.50814e-05
-8.50826e-09
3.67774e-05
-1.16875e-05
-2.50814e-05
-1.72401e-08
3.69465e-05
-1.18177e-05
-2.51201e-05
-2.69603e-08
3.66725e-05
-1.16559e-05
-2.50069e-05
3.26377e-05
-9.11293e-06
-2.35517e-05
2.15556e-08
1.79799e-05
1.46362e-05
2.57763e-08
1.85515e-05
1.81169e-05
1.4141e-08
1.85817e-05
1.83764e-05
-2.25329e-12
1.85769e-05
1.82147e-05
-1.41452e-08
1.85769e-05
1.82147e-05
-2.57796e-08
1.85817e-05
1.83764e-05
-2.15575e-08
1.85515e-05
1.81169e-05
1.79799e-05
1.46362e-05
3.57635e-07
-1.90583e-05
2.15872e-05
2.28974e-07
-1.92606e-05
2.30562e-05
9.0317e-08
-1.88438e-05
2.29831e-05
4.27096e-12
-1.86823e-05
2.28651e-05
-9.03093e-08
-1.86823e-05
2.28651e-05
-2.28968e-07
-1.88438e-05
2.29831e-05
-3.57632e-07
-1.92606e-05
2.30563e-05
-1.90583e-05
2.15872e-05
4.65049e-07
1.51883e-05
-1.37161e-05
-1.93729e-06
4.62908e-07
2.24776e-05
-1.67894e-05
-5.68611e-06
2.38773e-07
2.39369e-05
-1.73009e-05
-6.41185e-06
3.37335e-13
2.39496e-05
-1.73096e-05
-6.40117e-06
-2.38772e-07
2.39496e-05
-1.73096e-05
-6.40117e-06
-4.62908e-07
2.39369e-05
-1.73009e-05
-6.41184e-06
-4.65049e-07
2.24776e-05
-1.67894e-05
-5.6861e-06
1.51883e-05
-1.37161e-05
-1.93728e-06
1.67453e-07
-1.60618e-05
1.23736e-07
-1.76997e-05
5.43295e-08
-1.78334e-05
4.05918e-12
-1.77816e-05
-5.43224e-08
-1.77816e-05
-1.23731e-07
-1.78334e-05
-1.6745e-07
-1.76997e-05
-1.60618e-05
4.39578e-08
-8.88346e-06
1.45779e-05
-5.73843e-06
7.05994e-09
-9.3509e-06
1.51235e-05
-5.73567e-06
-8.73168e-09
-9.54799e-06
1.52683e-05
-5.70447e-06
-5.11722e-12
-9.61669e-06
1.52967e-05
-5.6887e-06
8.7223e-09
-9.61668e-06
1.52966e-05
-5.68869e-06
-7.06603e-09
-9.54795e-06
1.52682e-05
-5.70446e-06
-4.39559e-08
-9.35084e-06
1.51234e-05
-5.73565e-06
-8.88339e-06
1.45778e-05
-5.73837e-06
4.71062e-08
1.0727e-05
-2.21183e-06
3.4306e-08
1.1226e-05
-1.70627e-06
8.02112e-09
1.14565e-05
-1.38266e-06
-2.71416e-12
1.15545e-05
-1.26534e-06
-8.0268e-09
1.15545e-05
-1.26534e-06
-3.43121e-08
1.14565e-05
-1.38268e-06
-4.71113e-08
1.12259e-05
-1.7063e-06
1.07269e-05
-2.21187e-06
9.45897e-07
3.91326e-06
4.14693e-07
4.90366e-06
3.34874e-08
4.86472e-06
-1.03404e-12
4.6231e-06
-3.34891e-08
4.6231e-06
-4.14694e-07
4.86472e-06
-9.45898e-07
4.90366e-06
3.91326e-06
1.03286e-06
-3.75241e-06
-5.98094e-05
9.74503e-07
-1.16504e-06
-6.26206e-05
5.02662e-07
-7.25024e-07
-6.26554e-05
-5.9227e-12
-7.34846e-07
-6.25111e-05
-5.02673e-07
-7.3485e-07
-6.25111e-05
-9.74511e-07
-7.25032e-07
-6.26554e-05
-1.03287e-06
-1.16505e-06
-6.26206e-05
-3.75243e-06
-5.98094e-05
1.05101e-07
-2.95784e-06
-5.53537e-05
7.34004e-08
-2.99541e-06
-5.60049e-05
3.627e-08
-2.99472e-06
-5.59885e-05
-1.07341e-14
-2.99407e-06
-5.5977e-05
-3.627e-08
-2.99407e-06
-5.5977e-05
-7.34004e-08
-2.99472e-06
-5.59885e-05
-1.05101e-07
-2.99541e-06
-5.60049e-05
-2.95784e-06
-5.53537e-05
1.05317e-07
9.89057e-06
5.54531e-05
7.31846e-08
9.97984e-06
5.59743e-05
3.57181e-08
9.97633e-06
5.5954e-05
-6.63045e-15
9.97464e-06
5.59428e-05
-3.57181e-08
9.97464e-06
5.59428e-05
-7.31846e-08
9.97633e-06
5.5954e-05
-1.05317e-07
9.97984e-06
5.59743e-05
9.89057e-06
5.54531e-05
6.22555e-07
-1.76184e-06
-5.84606e-05
5.94545e-07
-6.13475e-07
-6.24631e-05
3.25875e-07
-3.27357e-07
-6.31785e-05
-5.3334e-12
-2.66704e-07
-6.30706e-05
-3.25885e-07
-2.66707e-07
-6.30706e-05
-5.94551e-07
-3.27362e-07
-6.31785e-05
-6.22558e-07
-6.1348e-07
-6.24631e-05
-1.76185e-06
-5.84606e-05
1.10993e-07
-6.56036e-07
-5.67468e-05
7.87873e-08
-6.67811e-07
-5.88944e-05
3.85612e-08
-6.67565e-07
-5.89627e-05
-2.79087e-13
-6.66918e-07
-5.89474e-05
-3.85617e-08
-6.66918e-07
-5.89474e-05
-7.87877e-08
-6.67565e-07
-5.89627e-05
-1.10994e-07
-6.67811e-07
-5.88944e-05
-6.56036e-07
-5.67468e-05
1.15756e-07
7.8454e-07
5.68592e-05
8.39629e-08
8.1404e-07
5.88638e-05
4.1887e-08
8.1498e-07
5.89214e-05
-1.3489e-13
8.15008e-07
5.89068e-05
-4.18872e-08
8.15008e-07
5.89068e-05
-8.39631e-08
8.1498e-07
5.89214e-05
-1.15756e-07
8.1404e-07
5.88638e-05
7.84539e-07
5.68592e-05
1.09569e-07
2.06719e-06
5.59194e-05
7.77075e-08
2.10678e-06
5.69901e-05
3.86278e-08
2.10689e-06
5.69914e-05
-1.80499e-14
2.10627e-06
5.69781e-05
-3.86278e-08
2.10627e-06
5.69781e-05
-7.77075e-08
2.10689e-06
5.69914e-05
-1.0957e-07
2.10678e-06
5.69901e-05
2.06719e-06
5.59194e-05
8.39018e-08
4.43401e-08
5.70614e-05
5.44158e-08
9.72801e-08
5.95575e-05
2.46604e-08
1.01495e-07
5.9636e-05
-5.06851e-13
1.02419e-07
5.96092e-05
-2.46613e-08
1.02419e-07
5.96092e-05
-5.44166e-08
1.01495e-07
5.9636e-05
-8.39022e-08
9.72797e-08
5.95575e-05
4.43396e-08
5.70614e-05
1.14398e-07
-3.85884e-06
-5.58102e-05
8.17573e-08
-3.94756e-06
-5.70217e-05
4.07874e-08
-3.94852e-06
-5.70303e-05
-3.40118e-14
-3.94777e-06
-5.70169e-05
-4.07875e-08
-3.94777e-06
-5.70169e-05
-8.17573e-08
-3.94852e-06
-5.70303e-05
-1.14398e-07
-3.94756e-06
-5.70217e-05
-3.85884e-06
-5.58102e-05
-1.01336e-06
6.87594e-06
5.05529e-06
-1.09179e-05
-8.59205e-07
-3.00314e-06
1.42043e-05
-1.13553e-05
-4.8134e-07
-4.5328e-06
1.54839e-05
-1.1329e-05
6.08184e-12
-4.27944e-06
1.51318e-05
-1.13337e-05
4.81353e-07
-4.27944e-06
1.51318e-05
-1.13337e-05
8.59217e-07
-4.53279e-06
1.54839e-05
-1.1329e-05
1.01337e-06
-3.00312e-06
1.42043e-05
-1.13553e-05
6.87596e-06
5.05528e-06
-1.09179e-05
-6.23262e-07
4.82175e-06
4.58888e-05
-5.58498e-07
3.55717e-06
5.29252e-05
-2.97219e-07
3.23287e-06
5.39414e-05
6.79275e-12
3.16996e-06
5.3741e-05
2.97231e-07
3.16996e-06
5.3741e-05
5.58507e-07
3.23288e-06
5.39413e-05
6.23267e-07
3.55718e-06
5.29252e-05
4.82176e-06
4.58888e-05
3.81324e-07
-1.15367e-05
1.58101e-07
-1.90172e-05
3.1032e-08
-2.02474e-05
3.18685e-12
-2.01763e-05
-3.10255e-08
-2.01763e-05
-1.58095e-07
-2.02474e-05
-3.81319e-07
-1.90172e-05
-1.15366e-05
1.15808e-07
3.77827e-06
5.55422e-05
8.37337e-08
3.88653e-06
5.71803e-05
4.18772e-08
3.88898e-06
5.72155e-05
-6.84177e-14
3.88792e-06
5.72021e-05
-4.18773e-08
3.88792e-06
5.72021e-05
-8.37338e-08
3.88898e-06
5.72155e-05
-1.15808e-07
3.88653e-06
5.71803e-05
3.77827e-06
5.55422e-05
1.12927e-07
-5.42107e-05
8.12919e-08
-5.56962e-05
4.06876e-08
-5.57223e-05
-6.40534e-14
-5.5709e-05
-4.06877e-08
-5.5709e-05
-8.1292e-08
-5.57223e-05
-1.12927e-07
-5.56962e-05
-5.42107e-05
-2.74295e-07
-9.37398e-06
-4.64132e-05
-2.67339e-07
-1.12062e-05
-5.26584e-05
-1.43854e-07
-1.16015e-05
-5.3586e-05
3.91814e-12
-1.16406e-05
-5.3443e-05
1.43861e-07
-1.16406e-05
-5.3443e-05
2.67344e-07
-1.16015e-05
-5.3586e-05
2.74298e-07
-1.12061e-05
-5.26584e-05
-9.37397e-06
-4.64132e-05
-6.31252e-07
-2.67174e-06
-4.59584e-05
-5.57861e-07
-4.92083e-06
-5.18772e-05
-2.96374e-07
-5.3863e-06
-5.2641e-05
7.229e-12
-5.41899e-06
-5.24036e-05
2.96387e-07
-5.41899e-06
-5.24036e-05
5.5787e-07
-5.3863e-06
-5.2641e-05
6.31257e-07
-4.92083e-06
-5.18772e-05
-2.67173e-06
-4.59583e-05
-5.74302e-08
9.10359e-06
-1.28053e-05
3.7591e-06
-9.14197e-08
9.38311e-06
-1.35869e-05
4.23775e-06
-6.48097e-08
9.47362e-06
-1.39719e-05
4.47168e-06
-2.55251e-12
9.51282e-06
-1.41266e-05
4.54902e-06
6.4805e-08
9.51281e-06
-1.41266e-05
4.54901e-06
9.14159e-08
9.4736e-06
-1.39719e-05
4.47164e-06
5.74274e-08
9.38308e-06
-1.35868e-05
4.2377e-06
9.10355e-06
-1.28051e-05
3.75903e-06
2.0986e-07
1.52895e-05
-2.72983e-05
1.20044e-07
1.64077e-05
-2.79153e-05
4.33367e-08
1.62358e-05
-2.7566e-05
-5.05423e-13
1.60382e-05
-2.72968e-05
-4.33376e-08
1.60382e-05
-2.72968e-05
-1.20045e-07
1.62358e-05
-2.7566e-05
-2.0986e-07
1.64077e-05
-2.79153e-05
1.52895e-05
-2.72983e-05
8.47227e-08
-2.27537e-06
-1.09732e-05
5.8191e-08
-2.06487e-06
-1.16717e-05
2.8799e-08
-1.9499e-06
-1.18893e-05
-3.98158e-12
-1.88833e-06
-1.19569e-05
-2.88067e-08
-1.88832e-06
-1.19569e-05
-5.81978e-08
-1.94989e-06
-1.18893e-05
-8.47277e-08
-2.06486e-06
-1.16716e-05
-2.27535e-06
-1.09731e-05
6.70906e-07
1.11578e-06
5.92898e-05
6.41436e-07
2.77614e-06
6.23091e-05
3.48539e-07
3.15311e-06
6.28497e-05
-5.80759e-12
3.20594e-06
6.27242e-05
-3.48549e-07
3.20593e-06
6.27242e-05
-6.41443e-07
3.1531e-06
6.28497e-05
-6.7091e-07
2.77613e-06
6.23091e-05
1.11577e-06
5.92898e-05
1.34712e-07
-6.38725e-06
1.82493e-06
9.9628e-09
-6.84778e-06
1.99116e-06
-5.17888e-08
-7.12763e-06
1.94104e-06
-2.63165e-13
-7.27667e-06
1.89338e-06
5.17883e-08
-7.27667e-06
1.89338e-06
-9.96328e-09
-7.12763e-06
1.94104e-06
-1.34713e-07
-6.84778e-06
1.99116e-06
-6.38725e-06
1.82493e-06
-4.60128e-07
-4.6592e-05
-4.40099e-07
-5.27907e-05
-2.38933e-07
-5.36566e-05
5.59945e-12
-5.3457e-05
2.38943e-07
-5.3457e-05
4.40106e-07
-5.36566e-05
4.60132e-07
-5.27907e-05
-4.6592e-05
1.66843e-07
-2.24565e-05
7.52849e-06
1.47612e-05
1.89561e-07
-2.79238e-05
1.13568e-05
1.65443e-05
1.0719e-07
-2.86148e-05
1.19232e-05
1.6774e-05
-4.29861e-13
-2.8525e-05
1.18535e-05
1.67786e-05
-1.07191e-07
-2.8525e-05
1.18535e-05
1.67786e-05
-1.89561e-07
-2.86148e-05
1.19232e-05
1.6774e-05
-1.66844e-07
-2.79238e-05
1.13568e-05
1.65443e-05
-2.24565e-05
7.52848e-06
1.47612e-05
6.14675e-08
2.48614e-05
-1.63128e-05
4.98571e-08
2.8552e-05
-1.71618e-05
2.51722e-08
2.89035e-05
-1.72366e-05
-1.46041e-12
2.87993e-05
-1.72395e-05
-2.51749e-08
2.87993e-05
-1.72395e-05
-4.98592e-08
2.89035e-05
-1.72366e-05
-6.14687e-08
2.8552e-05
-1.71618e-05
2.48614e-05
-1.63128e-05
7.15473e-08
-8.7085e-06
5.24267e-08
-1.13675e-05
2.66191e-08
-1.15804e-05
-2.44262e-12
-1.14566e-05
-2.66236e-08
-1.14566e-05
-5.24303e-08
-1.15804e-05
-7.15495e-08
-1.13675e-05
-8.7085e-06
-1.08024e-06
4.67202e-05
-8.20422e-07
5.38295e-05
-4.13388e-07
5.48144e-05
8.67832e-12
5.45821e-05
4.13404e-07
5.45821e-05
8.20434e-07
5.48144e-05
1.08025e-06
5.38294e-05
4.67202e-05
9.09035e-08
-5.51118e-05
5.99696e-08
-5.74853e-05
2.72458e-08
-5.75664e-05
-6.82236e-13
-5.75469e-05
-2.7247e-08
-5.75469e-05
-5.99706e-08
-5.75664e-05
-9.09041e-08
-5.74853e-05
-5.51118e-05
-4.6783e-07
4.75165e-05
-4.40108e-07
5.47662e-05
-2.38334e-07
5.58273e-05
5.6881e-12
5.56679e-05
2.38344e-07
5.56679e-05
4.40115e-07
5.58272e-05
4.67834e-07
5.47662e-05
4.75165e-05
1.13873e-07
-5.54301e-05
8.24484e-08
-5.72108e-05
4.11064e-08
-5.72564e-05
-1.47875e-13
-5.72429e-05
-4.11067e-08
-5.72429e-05
-8.24486e-08
-5.72564e-05
-1.13873e-07
-5.72108e-05
-5.54301e-05
1.11577e-07
5.52188e-05
7.96843e-08
5.7452e-05
3.89886e-08
5.75277e-05
-3.31395e-13
5.75119e-05
-3.89892e-08
5.75119e-05
-7.96848e-08
5.75277e-05
-1.11577e-07
5.7452e-05
5.52188e-05
1.10145e-07
5.43178e-05
7.88999e-08
5.56664e-05
3.94876e-08
5.56837e-05
-3.21317e-14
5.56702e-05
-3.94876e-08
5.56702e-05
-7.89e-08
5.56837e-05
-1.10145e-07
5.56664e-05
5.43178e-05
1.10104e-07
-5.64419e-05
7.76885e-08
-5.74116e-05
3.86742e-08
-5.74068e-05
-1.8584e-14
-5.73934e-05
-3.86742e-08
-5.73934e-05
-7.76885e-08
-5.74068e-05
-1.10104e-07
-5.74116e-05
-5.64419e-05
1.07305e-07
5.65472e-05
7.53896e-08
5.73808e-05
3.72448e-08
5.73695e-05
-1.10523e-14
5.73562e-05
-3.72448e-08
5.73562e-05
-7.53896e-08
5.73695e-05
-1.07305e-07
5.73808e-05
5.65472e-05
9.88647e-08
-4.99294e-05
6.81727e-08
-5.03002e-05
3.30988e-08
-5.02768e-05
-5.87033e-15
-5.0268e-05
-3.30988e-08
-5.0268e-05
-6.81727e-08
-5.02768e-05
-9.88647e-08
-5.03002e-05
-4.99294e-05
7.33395e-07
-5.78761e-05
7.0825e-07
-6.13219e-05
3.80722e-07
-6.17917e-05
-5.68784e-12
-6.16521e-05
-3.80732e-07
-6.16521e-05
-7.08257e-07
-6.17917e-05
-7.33399e-07
-6.13219e-05
-5.78761e-05
4.91483e-07
5.04909e-05
4.54954e-07
5.40139e-05
2.50527e-07
5.47719e-05
-4.17408e-12
5.47205e-05
-2.50534e-07
5.47205e-05
-4.54959e-07
5.47719e-05
-4.91485e-07
5.40139e-05
5.04909e-05
8.39351e-07
5.89712e-05
8.09739e-07
6.10826e-05
4.30518e-07
6.13606e-05
-6.2814e-12
6.12276e-05
-4.3053e-07
6.12276e-05
-8.09747e-07
6.13606e-05
-8.39355e-07
6.10826e-05
5.89712e-05
-2.39662e-07
3.61183e-05
2.06046e-05
-2.10676e-07
4.12036e-05
2.25369e-05
-1.1171e-07
4.19818e-05
2.28192e-05
2.89014e-12
4.19011e-05
2.27573e-05
1.11715e-07
4.19011e-05
2.27573e-05
2.1068e-07
4.19818e-05
2.28192e-05
2.39664e-07
4.12036e-05
2.25369e-05
3.61183e-05
2.06046e-05
6.74202e-08
-4.24252e-05
-2.3206e-05
4.42221e-08
-4.25637e-05
-2.32945e-05
2.09951e-08
-4.25452e-05
-2.32863e-05
-2.57588e-15
-4.25409e-05
-2.32838e-05
-2.09951e-08
-4.25409e-05
-2.32838e-05
-4.42221e-08
-4.25452e-05
-2.32863e-05
-6.74202e-08
-4.25637e-05
-2.32945e-05
-4.24252e-05
-2.3206e-05
-4.95432e-09
9.24406e-06
4.86626e-06
-1.86635e-10
9.98188e-06
4.95154e-06
-5.88184e-09
1.01467e-05
4.99093e-06
-5.38012e-12
1.01899e-05
4.9737e-06
5.87129e-09
1.01899e-05
4.97369e-06
1.77387e-10
1.01467e-05
4.9909e-06
4.94926e-09
9.98181e-06
4.9515e-06
9.24396e-06
4.86621e-06
1.59949e-07
1.05208e-05
8.10916e-06
-1.87899e-05
-4.22332e-08
1.09954e-05
7.62236e-06
-1.84156e-05
-6.29567e-08
1.04503e-05
7.63027e-06
-1.80599e-05
-2.48208e-13
1.00273e-05
7.66141e-06
-1.77516e-05
6.29562e-08
1.00273e-05
7.66141e-06
-1.77516e-05
4.22327e-08
1.04503e-05
7.63027e-06
-1.80599e-05
-1.5995e-07
1.09954e-05
7.62236e-06
-1.84156e-05
1.05208e-05
8.10916e-06
-1.87899e-05
5.16882e-08
4.62405e-06
-2.74785e-06
-4.68614e-09
5.10662e-06
-2.63714e-06
5.25543e-09
4.66695e-06
-1.98612e-06
2.24154e-11
4.38412e-06
-1.54658e-06
-5.21074e-09
4.38414e-06
-1.5466e-06
4.72701e-09
4.66701e-06
-1.98618e-06
-5.1661e-08
5.10671e-06
-2.63722e-06
4.62414e-06
-2.74793e-06
-2.39964e-08
-2.08922e-05
3.47859e-05
-1.38696e-05
-2.92692e-08
-2.21754e-05
3.84776e-05
-1.62969e-05
-1.73582e-08
-2.22984e-05
3.86695e-05
-1.63829e-05
-1.18939e-12
-2.22599e-05
3.8487e-05
-1.62445e-05
1.7356e-08
-2.22599e-05
3.8487e-05
-1.62445e-05
2.92674e-08
-2.22984e-05
3.86694e-05
-1.63829e-05
2.39953e-08
-2.21754e-05
3.84776e-05
-1.62969e-05
-2.08922e-05
3.47859e-05
-1.38696e-05
6.313e-07
1.40643e-05
4.9279e-07
5.37297e-07
1.58505e-05
6.72108e-06
2.46931e-07
1.61131e-05
8.11421e-06
1.00021e-12
1.61148e-05
8.08165e-06
-2.46929e-07
1.61148e-05
8.08165e-06
-5.37295e-07
1.61131e-05
8.1142e-06
-6.31299e-07
1.58505e-05
6.72106e-06
1.40643e-05
4.92766e-07
5.91944e-08
3.53829e-08
1.74389e-05
-1.75334e-05
6.58339e-08
1.50284e-07
1.7729e-05
-1.78859e-05
4.04963e-08
2.36539e-07
1.76865e-05
-1.78977e-05
-9.85765e-12
2.78215e-07
1.76464e-05
-1.78841e-05
-4.05145e-08
2.78212e-07
1.76464e-05
-1.78841e-05
-6.58476e-08
2.36531e-07
1.76865e-05
-1.78977e-05
-5.92016e-08
1.50273e-07
1.77289e-05
-1.78858e-05
3.53706e-08
1.74388e-05
-1.75334e-05
4.35283e-08
5.01244e-07
9.97599e-06
7.43865e-09
1.30965e-06
9.72184e-06
1.82536e-08
1.32837e-06
9.11113e-06
-1.96534e-13
1.25323e-06
8.79228e-06
-1.8254e-08
1.25323e-06
8.79228e-06
-7.43906e-09
1.32837e-06
9.11113e-06
-4.35286e-08
1.30965e-06
9.72184e-06
5.01244e-07
9.97599e-06
3.14071e-07
-1.41048e-05
7.46522e-08
3.09339e-07
-1.90362e-05
2.2516e-06
1.65314e-07
-1.98216e-05
2.66468e-06
8.18089e-14
-1.97834e-05
2.63906e-06
-1.65314e-07
-1.97834e-05
2.63906e-06
-3.09339e-07
-1.98216e-05
2.66468e-06
-3.14071e-07
-1.90362e-05
2.25159e-06
-1.41048e-05
7.46432e-08
9.48121e-08
-9.24889e-06
-3.51552e-06
7.96576e-08
-1.01236e-05
-3.21096e-06
5.27502e-08
-1.03985e-05
-3.0523e-06
-5.68946e-13
-1.0492e-05
-2.93817e-06
-5.27519e-08
-1.0492e-05
-2.93816e-06
-7.96603e-08
-1.03984e-05
-3.05229e-06
-9.48149e-08
-1.01236e-05
-3.21094e-06
-9.24878e-06
-3.51549e-06
-3.32088e-08
1.24931e-05
-2.94501e-05
1.69903e-05
-1.95402e-08
1.26699e-05
-3.28807e-05
2.01972e-05
-6.68129e-09
1.27135e-05
-3.3126e-05
2.03996e-05
-9.27125e-13
1.27535e-05
-3.2995e-05
2.02348e-05
6.67958e-09
1.27535e-05
-3.2995e-05
2.02348e-05
1.95389e-08
1.27135e-05
-3.3126e-05
2.03996e-05
3.32081e-08
1.26699e-05
-3.28807e-05
2.01972e-05
1.24931e-05
-2.94501e-05
1.69903e-05
4.70951e-07
-1.16224e-06
9.65211e-09
3.6492e-07
-1.88754e-06
1.33697e-06
1.90363e-07
-1.94987e-06
1.44867e-06
-1.23781e-12
-1.85587e-06
1.36918e-06
-1.90365e-07
-1.85589e-06
1.36919e-06
-3.64919e-07
-1.9499e-06
1.44872e-06
-4.70944e-07
-1.88758e-06
1.33704e-06
-1.16229e-06
9.74925e-09
2.19222e-08
-1.45815e-05
5.67616e-06
1.28129e-09
-1.5065e-05
5.73474e-06
-6.50832e-09
-1.52484e-05
5.70817e-06
-4.91919e-12
-1.53159e-05
5.69274e-06
6.49936e-09
-1.53159e-05
5.69274e-06
-1.28757e-09
-1.52483e-05
5.70817e-06
-2.19241e-08
-1.50649e-05
5.73473e-06
-1.45815e-05
5.67615e-06
2.62207e-08
2.71031e-05
1.94783e-08
3.07935e-05
9.4622e-09
3.10999e-05
-1.60753e-12
3.09777e-05
-9.46516e-09
3.09777e-05
-1.94805e-08
3.10999e-05
-2.62221e-08
3.07935e-05
2.7103e-05
2.14306e-08
1.27208e-06
5.37015e-05
6.96642e-09
1.20282e-06
5.64554e-05
-7.6219e-10
1.19547e-06
5.65375e-05
-1.07653e-12
1.19384e-06
5.64972e-05
7.60149e-10
1.19384e-06
5.64972e-05
-6.9682e-09
1.19548e-06
5.65375e-05
-2.14319e-08
1.20282e-06
5.64554e-05
1.27208e-06
5.37015e-05
3.81687e-08
-2.05696e-05
-1.69467e-05
3.44743e-09
-2.2808e-05
-1.81823e-05
-6.95644e-09
-2.28504e-05
-1.82635e-05
-7.0947e-13
-2.27358e-05
-1.81837e-05
6.95511e-09
-2.27358e-05
-1.81837e-05
-3.44855e-09
-2.28504e-05
-1.82635e-05
-3.81694e-08
-2.2808e-05
-1.81823e-05
-2.05696e-05
-1.69467e-05
1.16199e-07
-6.57957e-06
-1.59931e-05
1.2451e-07
-9.55775e-06
-1.83744e-05
7.04151e-08
-9.92384e-06
-1.86369e-05
-4.60229e-13
-9.84008e-06
-1.86145e-05
-7.0416e-08
-9.84008e-06
-1.86145e-05
-1.24511e-07
-9.92383e-06
-1.86369e-05
-1.162e-07
-9.55774e-06
-1.83744e-05
-6.57956e-06
-1.59931e-05
3.03813e-07
-3.99902e-07
-5.38354e-06
5.47962e-06
2.70154e-07
-7.44267e-07
-4.72753e-06
5.50545e-06
1.39384e-07
-1.12591e-06
-4.25285e-06
5.50953e-06
-3.34345e-12
-1.30528e-06
-4.07607e-06
5.52074e-06
-1.3939e-07
-1.30527e-06
-4.07608e-06
5.52073e-06
-2.70159e-07
-1.12588e-06
-4.25287e-06
5.50952e-06
-3.03816e-07
-7.44223e-07
-4.72756e-06
5.50544e-06
-3.99857e-07
-5.38356e-06
5.47961e-06
-8.93064e-07
7.10803e-06
-5.45683e-05
-7.05322e-07
3.90125e-06
-5.95287e-05
-4.0465e-07
3.45335e-06
-6.012e-05
7.27791e-12
3.48136e-06
-6.00505e-05
4.04663e-07
3.48137e-06
-6.00505e-05
7.05333e-07
3.45336e-06
-6.012e-05
8.93071e-07
3.90126e-06
-5.95287e-05
7.10804e-06
-5.45682e-05
1.74307e-07
8.12805e-06
-4.2476e-06
2.09432e-07
8.20206e-06
-3.70042e-06
1.44054e-07
8.24749e-06
-3.5611e-06
-3.26139e-14
8.31876e-06
-3.6361e-06
-1.44054e-07
8.31876e-06
-3.6361e-06
-2.09431e-07
8.24749e-06
-3.5611e-06
-1.74307e-07
8.20206e-06
-3.70042e-06
8.12805e-06
-4.2476e-06
1.75271e-07
-9.20402e-06
1.10023e-05
-1.97351e-06
1.14621e-07
-1.02769e-05
1.16298e-05
-1.29224e-06
4.9632e-08
-1.03263e-05
1.17432e-05
-1.352e-06
1.55795e-11
-1.02715e-05
1.17926e-05
-1.47143e-06
-4.96029e-08
-1.02715e-05
1.17926e-05
-1.47144e-06
-1.146e-07
-1.03262e-05
1.17432e-05
-1.35202e-06
-1.75261e-07
-1.02769e-05
1.16298e-05
-1.29227e-06
-9.20392e-06
1.10022e-05
-1.97357e-06
6.38311e-08
-5.76316e-06
-5.22892e-06
3.58561e-08
-5.53988e-06
-5.98453e-06
1.76307e-08
-5.45249e-06
-6.46356e-06
-9.33197e-13
-5.43052e-06
-6.6656e-06
-1.76331e-08
-5.43052e-06
-6.66558e-06
-3.58591e-08
-5.45249e-06
-6.46352e-06
-6.38338e-08
-5.53988e-06
-5.98448e-06
-5.76315e-06
-5.22888e-06
-6.87434e-08
9.72053e-06
-4.18537e-08
1.14138e-05
-1.90494e-08
1.13798e-05
-9.36174e-13
1.12313e-05
1.90476e-08
1.12313e-05
4.18522e-08
1.13798e-05
6.87425e-08
1.14138e-05
9.72053e-06
1.07479e-07
-3.32081e-06
7.23814e-06
8.08929e-08
-2.55281e-06
7.57768e-06
3.87131e-08
-2.07128e-06
7.75955e-06
-8.33891e-13
-1.89672e-06
7.84731e-06
-3.87143e-08
-1.89673e-06
7.84731e-06
-8.08921e-08
-2.07131e-06
7.75953e-06
-1.07477e-07
-2.55285e-06
7.57765e-06
-3.32084e-06
7.23811e-06
3.05494e-08
3.90636e-08
2.38613e-08
-4.15656e-12
-2.38695e-08
-3.90712e-08
-3.0554e-08
1.16141e-08
-5.48956e-06
-1.40868e-08
-5.65619e-06
-1.5228e-08
-5.77361e-06
-4.85365e-12
-5.81834e-06
1.52192e-08
-5.81834e-06
1.40804e-08
-5.77359e-06
-1.1617e-08
-5.65616e-06
-5.48953e-06
1.91905e-08
-7.57521e-06
-5.24923e-06
-1.71197e-08
-8.26092e-06
-5.28964e-06
-1.77153e-08
-8.62667e-06
-5.34465e-06
-3.21242e-12
-8.77087e-06
-5.37349e-06
1.7709e-08
-8.77085e-06
-5.37349e-06
1.71144e-08
-8.62663e-06
-5.34463e-06
-1.91941e-08
-8.26086e-06
-5.28962e-06
-7.57515e-06
-5.2492e-06
1.20373e-07
3.45312e-05
-3.41503e-05
6.02868e-08
3.56908e-05
-3.4321e-05
2.37753e-08
3.55588e-05
-3.4194e-05
-4.217e-13
3.53592e-05
-3.40822e-05
-2.37761e-08
3.53592e-05
-3.40822e-05
-6.02876e-08
3.55588e-05
-3.4194e-05
-1.20373e-07
3.56908e-05
-3.4321e-05
3.45312e-05
-3.41503e-05
2.17401e-07
-6.79373e-06
2.32593e-07
-7.69463e-06
1.29475e-07
-7.79528e-06
-8.37639e-14
-7.80035e-06
-1.29476e-07
-7.80035e-06
-2.32593e-07
-7.79528e-06
-2.17402e-07
-7.69463e-06
-6.79373e-06
-1.94124e-08
8.9637e-06
5.63364e-06
-2.49757e-08
9.43776e-06
5.69128e-06
-2.18039e-08
9.55117e-06
5.71391e-06
-4.42894e-12
9.58462e-06
5.69024e-06
2.17958e-08
9.58461e-06
5.69023e-06
2.49699e-08
9.55114e-06
5.71388e-06
1.94105e-08
9.43771e-06
5.69122e-06
8.96363e-06
5.63358e-06
-1.42029e-08
2.04296e-05
1.43705e-05
-1.85078e-08
2.35249e-05
1.4957e-05
-1.25369e-08
2.36421e-05
1.50214e-05
-1.06844e-12
2.34587e-05
1.50158e-05
1.25349e-08
2.34587e-05
1.50158e-05
1.85062e-08
2.36421e-05
1.50214e-05
1.4202e-08
2.35249e-05
1.4957e-05
2.04296e-05
1.43705e-05
2.06827e-07
-8.91191e-06
-4.98946e-07
1.3943e-07
-9.79501e-06
-4.14533e-07
1.02547e-07
-9.96599e-06
-3.23381e-07
1.2091e-11
-1.00616e-05
-1.0735e-07
-1.02525e-07
-1.00616e-05
-1.07341e-07
-1.39414e-07
-9.96597e-06
-3.23356e-07
-2.06825e-07
-9.79498e-06
-4.14488e-07
-8.91185e-06
-4.989e-07
9.93653e-08
6.8747e-08
3.41915e-08
-8.07666e-15
-3.41915e-08
-6.8747e-08
-9.93654e-08
8.29148e-07
6.75153e-07
3.46374e-07
-5.98559e-12
-3.46385e-07
-6.7516e-07
-8.29152e-07
1.09246e-07
7.76476e-08
3.87177e-08
-2.38218e-14
-3.87178e-08
-7.76476e-08
-1.09246e-07
1.12422e-07
8.18403e-08
4.05821e-08
-1.94075e-13
-4.05825e-08
-8.18406e-08
-1.12422e-07
1.79697e-06
-6.16064e-05
1.1895e-06
-6.20131e-05
5.19695e-07
-6.19856e-05
-6.9532e-12
-6.19914e-05
-5.19707e-07
-6.19914e-05
-1.18951e-06
-6.19856e-05
-1.79697e-06
-6.20131e-05
-6.16064e-05
4.49861e-08
5.70164e-05
2.76013e-08
5.95749e-05
1.02516e-08
5.96534e-05
-6.7817e-13
5.96194e-05
-1.02529e-08
5.96194e-05
-2.76024e-08
5.96534e-05
-4.49867e-08
5.95749e-05
5.70164e-05
-7.03232e-07
-5.68739e-07
-2.83986e-07
6.70657e-12
2.83998e-07
5.68747e-07
7.03237e-07
1.65414e-07
4.69167e-06
2.96741e-05
8.40389e-08
5.97963e-06
2.97925e-05
2.96414e-08
6.03685e-06
2.95764e-05
-3.72045e-13
5.96872e-06
2.94201e-05
-2.96422e-08
5.96872e-06
2.94201e-05
-8.40396e-08
6.03685e-06
2.95764e-05
-1.65415e-07
5.97963e-06
2.97925e-05
4.69167e-06
2.96741e-05
-8.85791e-07
-4.50726e-05
-7.43518e-07
-5.20195e-05
-3.73283e-07
-5.30113e-05
8.35302e-12
-5.27769e-05
3.73298e-07
-5.27769e-05
7.43529e-07
-5.30113e-05
8.85797e-07
-5.20195e-05
-4.50725e-05
-9.15895e-07
-4.77209e-05
-7.60763e-07
-5.36487e-05
-3.95293e-07
-5.44064e-05
8.9987e-12
-5.41701e-05
3.95309e-07
-5.41701e-05
7.60774e-07
-5.44064e-05
9.15901e-07
-5.36487e-05
-4.77209e-05
-5.569e-07
-4.58563e-05
-4.37236e-07
-5.27781e-05
-2.22096e-07
-5.38011e-05
5.87384e-12
-5.36651e-05
2.22106e-07
-5.36651e-05
4.37243e-07
-5.38011e-05
5.56904e-07
-5.2778e-05
-4.58563e-05
-4.3735e-07
-4.81088e-05
-4.11052e-07
-5.46447e-05
-2.22972e-07
-5.55955e-05
5.58158e-12
-5.54289e-05
2.22982e-07
-5.54289e-05
4.11059e-07
-5.55955e-05
4.37354e-07
-5.46447e-05
-4.81088e-05
4.06999e-07
1.93979e-06
-2.74669e-06
3.07591e-07
1.62086e-06
-2.26572e-06
1.39912e-07
1.22882e-06
-2.18706e-06
-2.82255e-13
1.04214e-06
-2.20751e-06
-1.39913e-07
1.04215e-06
-2.20751e-06
-3.07592e-07
1.22885e-06
-2.18705e-06
-4.06999e-07
1.6209e-06
-2.26572e-06
1.93983e-06
-2.74669e-06
7.41181e-07
1.78641e-06
4.46905e-07
-2.87238e-06
1.86457e-07
-3.87391e-06
1.55836e-12
-3.87504e-06
-1.86454e-07
-3.87504e-06
-4.46903e-07
-3.8739e-06
-7.4118e-07
-2.87237e-06
1.78643e-06
1.76299e-07
1.54561e-06
1.35692e-08
9.37302e-07
-3.41615e-08
5.50369e-07
-2.40757e-13
3.50583e-07
3.4161e-08
3.50583e-07
-1.35697e-08
5.50369e-07
-1.763e-07
9.37302e-07
1.54561e-06
8.03659e-08
-3.95757e-05
6.66449e-06
3.28309e-05
4.38778e-08
-4.21966e-05
8.08237e-06
3.41507e-05
1.24288e-08
-4.22598e-05
8.13117e-06
3.41601e-05
4.22323e-13
-4.21537e-05
8.05777e-06
3.41084e-05
-1.24281e-08
-4.21537e-05
8.05777e-06
3.41084e-05
-4.38774e-08
-4.22598e-05
8.13117e-06
3.41601e-05
-8.03658e-08
-4.21966e-05
8.08237e-06
3.41507e-05
-3.95757e-05
6.66449e-06
3.28309e-05
9.07316e-08
-3.49748e-05
3.71239e-08
-3.61634e-05
9.71939e-09
-3.61956e-05
5.28209e-13
-3.61753e-05
-9.71849e-09
-3.61753e-05
-3.71233e-08
-3.61956e-05
-9.07314e-08
-3.61634e-05
-3.49748e-05
2.90993e-07
2.70641e-05
2.31902e-06
1.44243e-07
2.83546e-05
1.58467e-06
4.83383e-08
2.80536e-05
1.61867e-06
-4.23807e-13
2.77476e-05
1.72084e-06
-4.83392e-08
2.77476e-05
1.72084e-06
-1.44244e-07
2.80536e-05
1.61867e-06
-2.90993e-07
2.83546e-05
1.58467e-06
2.70641e-05
2.31902e-06
3.82647e-07
-7.82727e-06
2.90318e-05
3.29488e-07
-7.38029e-06
3.04897e-05
1.68006e-07
-7.74088e-06
3.08854e-05
-2.46599e-12
-7.94545e-06
3.09785e-05
-1.68011e-07
-7.94544e-06
3.09785e-05
-3.29491e-07
-7.74086e-06
3.08854e-05
-3.82648e-07
-7.38026e-06
3.04897e-05
-7.82724e-06
2.90318e-05
-1.81599e-09
4.70747e-05
-1.01345e-05
-3.69384e-05
-4.08061e-08
4.90581e-05
-1.14065e-05
-3.76125e-05
-4.04965e-08
4.91152e-05
-1.14967e-05
-3.76188e-05
-5.76954e-13
4.90684e-05
-1.15176e-05
-3.75914e-05
4.04954e-08
4.90684e-05
-1.15176e-05
-3.75914e-05
4.08051e-08
4.91152e-05
-1.14967e-05
-3.76188e-05
1.81521e-09
4.90581e-05
-1.14065e-05
-3.76125e-05
4.70747e-05
-1.01345e-05
-3.69384e-05
-3.29955e-08
4.39921e-05
-1.27327e-05
-3.12264e-05
-6.86433e-08
4.55583e-05
-1.34718e-05
-3.20509e-05
-5.00265e-08
4.55933e-05
-1.35412e-05
-3.20707e-05
-7.45201e-13
4.55558e-05
-1.3555e-05
-3.20508e-05
5.00251e-08
4.55558e-05
-1.3555e-05
-3.20508e-05
6.86421e-08
4.55933e-05
-1.35412e-05
-3.20707e-05
3.29947e-08
4.55583e-05
-1.34718e-05
-3.20509e-05
4.39921e-05
-1.27327e-05
-3.12264e-05
8.01703e-08
-4.14854e-05
7.25495e-06
4.93554e-08
-4.30415e-05
8.75126e-06
1.79125e-08
-4.29846e-05
8.82207e-06
-4.34549e-13
-4.2839e-05
8.77472e-06
-1.79134e-08
-4.2839e-05
8.77472e-06
-4.93562e-08
-4.29846e-05
8.82207e-06
-8.01709e-08
-4.30415e-05
8.75126e-06
-4.14854e-05
7.25495e-06
2.96753e-09
3.57393e-05
1.13324e-05
-1.85142e-08
3.61574e-05
1.29221e-05
-2.48616e-08
3.61254e-05
1.29962e-05
-4.86807e-13
3.60695e-05
1.29741e-05
2.48606e-08
3.60695e-05
1.29741e-05
1.85132e-08
3.61254e-05
1.29962e-05
-2.9683e-09
3.61574e-05
1.29221e-05
3.57393e-05
1.13324e-05
5.76115e-08
-3.4854e-05
2.46619e-05
7.60836e-09
-3.57199e-05
2.43634e-05
-4.52261e-08
-3.55816e-05
2.41377e-05
-2.44785e-13
-3.5438e-05
2.38752e-05
4.52256e-08
-3.5438e-05
2.38752e-05
-7.60886e-09
-3.55816e-05
2.41377e-05
-5.7612e-08
-3.57199e-05
2.43634e-05
-3.4854e-05
2.46619e-05
1.1869e-07
-1.79799e-05
2.09911e-05
-3.12993e-06
1.24789e-07
-1.82403e-05
2.12161e-05
-2.98195e-06
7.49962e-08
-1.83796e-05
2.12682e-05
-2.83887e-06
-1.49356e-11
-1.84261e-05
2.12807e-05
-2.77956e-06
-7.50236e-08
-1.84261e-05
2.12807e-05
-2.77957e-06
-1.2481e-07
-1.83795e-05
2.12682e-05
-2.83888e-06
-1.18701e-07
-1.82402e-05
2.12161e-05
-2.98197e-06
-1.79798e-05
2.09911e-05
-3.12995e-06
1.09527e-07
-5.85564e-06
4.29586e-08
-6.81745e-06
1.0969e-08
-6.82723e-06
-4.71573e-13
-6.75855e-06
-1.09699e-08
-6.75855e-06
-4.29594e-08
-6.82723e-06
-1.09528e-07
-6.81745e-06
-5.85564e-06
4.05302e-08
-2.67813e-06
-6.85658e-06
9.49418e-06
1.07155e-08
-2.81449e-06
-7.50797e-06
1.03523e-05
-6.40062e-09
-2.86366e-06
-7.59196e-06
1.04727e-05
4.18809e-12
-2.87864e-06
-7.58479e-06
1.0457e-05
6.40816e-09
-2.87864e-06
-7.58478e-06
1.0457e-05
-1.07103e-08
-2.86366e-06
-7.59192e-06
1.04727e-05
-4.05286e-08
-2.81449e-06
-7.5079e-06
1.03522e-05
-2.67812e-06
-6.85648e-06
9.49407e-06
1.95345e-07
-2.55607e-05
-9.48864e-06
8.73342e-08
-2.58676e-05
-9.74431e-06
-4.30057e-10
-2.58053e-05
-9.68845e-06
-3.2753e-13
-2.57259e-05
-9.71247e-06
4.29442e-10
-2.57259e-05
-9.71247e-06
-8.73347e-08
-2.58053e-05
-9.68845e-06
-1.95345e-07
-2.58676e-05
-9.74431e-06
-2.55607e-05
-9.48863e-06
1.39026e-08
1.84175e-05
-3.20275e-08
1.97367e-05
-4.26754e-08
1.97986e-05
-6.39431e-13
1.97872e-05
4.26742e-08
1.97872e-05
3.20264e-08
1.97986e-05
-1.39033e-08
1.97367e-05
1.84175e-05
1.67428e-07
-2.99207e-06
2.02957e-05
-1.74711e-05
1.58469e-07
-5.66978e-06
2.44198e-05
-1.87411e-05
8.51691e-08
-6.1244e-06
2.5073e-05
-1.88753e-05
-2.94269e-13
-6.10389e-06
2.5065e-05
-1.8876e-05
-8.51696e-08
-6.10389e-06
2.5065e-05
-1.8876e-05
-1.5847e-07
-6.1244e-06
2.5073e-05
-1.88753e-05
-1.67428e-07
-5.66976e-06
2.44198e-05
-1.87411e-05
-2.99205e-06
2.02957e-05
-1.74711e-05
1.1538e-07
1.56172e-05
-1.57326e-05
1.04768e-07
1.61318e-05
-1.61212e-05
5.73544e-08
1.60798e-05
-1.60324e-05
-3.56366e-12
1.60127e-05
-1.59554e-05
-5.73611e-08
1.60127e-05
-1.59554e-05
-1.04773e-07
1.60798e-05
-1.60324e-05
-1.15383e-07
1.61317e-05
-1.61211e-05
1.56172e-05
-1.57325e-05
7.08949e-08
-1.8744e-05
1.86731e-05
6.7279e-08
-1.90368e-05
1.90404e-05
3.83174e-08
-1.90522e-05
1.90811e-05
-1.09546e-11
-1.90435e-05
1.90818e-05
-3.83373e-08
-1.90435e-05
1.90818e-05
-6.72935e-08
-1.90521e-05
1.90811e-05
-7.09019e-08
-1.90368e-05
1.90404e-05
-1.87439e-05
1.8673e-05
7.5545e-08
1.18716e-05
-1.9993e-06
4.60061e-08
1.25643e-05
-2.24108e-06
1.8894e-08
1.26742e-05
-2.35466e-06
4.34639e-12
1.26648e-05
-2.4082e-06
-1.88863e-08
1.26648e-05
-2.40819e-06
-4.60002e-08
1.26742e-05
-2.35466e-06
-7.55423e-08
1.25643e-05
-2.24107e-06
1.18715e-05
-1.9993e-06
7.18268e-08
-4.42268e-06
4.35085e-06
1.73501e-07
-3.85771e-06
3.75603e-06
1.30636e-07
-3.7448e-06
3.78767e-06
-2.23617e-11
-3.75995e-06
3.89061e-06
-1.30676e-07
-3.75994e-06
3.89059e-06
-1.73531e-07
-3.74477e-06
3.78763e-06
-7.18451e-08
-3.85766e-06
3.75598e-06
-4.42263e-06
4.35079e-06
1.30838e-07
-2.03655e-06
-2.51697e-06
1.81744e-07
-2.02663e-06
-1.88198e-06
1.16904e-07
-1.86748e-06
-1.81248e-06
-2.05949e-11
-1.77005e-06
-1.87297e-06
-1.16942e-07
-1.77006e-06
-1.87296e-06
-1.81773e-07
-1.8675e-06
-1.81245e-06
-1.30856e-07
-2.02665e-06
-1.88193e-06
-2.03658e-06
-2.51691e-06
1.26311e-07
1.8223e-05
-1.27867e-05
-5.56254e-06
8.6086e-08
1.95385e-05
-1.28804e-05
-6.61791e-06
3.92536e-08
1.93761e-05
-1.2753e-05
-6.57627e-06
-5.1175e-12
1.91656e-05
-1.26783e-05
-6.44809e-06
-3.92634e-08
1.91657e-05
-1.26783e-05
-6.44809e-06
-8.60934e-08
1.93761e-05
-1.2753e-05
-6.57628e-06
-1.26314e-07
1.95386e-05
-1.28804e-05
-6.61793e-06
1.8223e-05
-1.27868e-05
-5.56256e-06
1.07977e-07
1.71773e-05
-1.72853e-05
1.49816e-07
2.19416e-05
-2.19834e-05
9.52523e-08
2.24832e-05
-2.24286e-05
1.7545e-13
2.23878e-05
-2.22925e-05
-9.5252e-08
2.23877e-05
-2.22925e-05
-1.49817e-07
2.24832e-05
-2.24286e-05
-1.07977e-07
2.19416e-05
-2.19834e-05
1.71773e-05
-1.72853e-05
1.5923e-07
1.59916e-05
-1.61509e-05
2.00785e-07
1.61976e-05
-1.62391e-05
1.22336e-07
1.63296e-05
-1.62512e-05
-1.68438e-11
1.63762e-05
-1.62539e-05
-1.22366e-07
1.63762e-05
-1.62539e-05
-2.00807e-07
1.63296e-05
-1.62511e-05
-1.59242e-07
1.61975e-05
-1.62391e-05
1.59916e-05
-1.61508e-05
-2.15337e-07
2.26166e-05
-2.24012e-05
-7.82521e-08
2.50592e-05
-2.51963e-05
-1.01568e-08
2.51513e-05
-2.52194e-05
-9.55957e-14
2.50232e-05
-2.50333e-05
1.01566e-08
2.50232e-05
-2.50333e-05
7.82516e-08
2.51513e-05
-2.52194e-05
2.15337e-07
2.50592e-05
-2.51963e-05
2.26166e-05
-2.24012e-05
-1.17602e-08
-3.55994e-05
4.69436e-05
-5.33259e-08
-3.67883e-05
4.9752e-05
-4.48683e-08
-3.68561e-05
4.98438e-05
1.21324e-12
-3.68543e-05
4.97836e-05
4.48704e-08
-3.68543e-05
4.97836e-05
5.33273e-08
-3.68561e-05
4.98438e-05
1.17607e-08
-3.67883e-05
4.9752e-05
-3.55994e-05
4.69436e-05
-5.15875e-08
-1.514e-06
-2.78846e-05
-2.56012e-08
-7.93847e-07
-3.21129e-05
-8.89181e-09
-8.00651e-07
-3.2342e-05
-1.06609e-12
-8.81091e-07
-3.21228e-05
8.88983e-09
-8.81091e-07
-3.21228e-05
2.55997e-08
-8.00652e-07
-3.2342e-05
5.15866e-08
-7.93848e-07
-3.21128e-05
-1.514e-06
-2.78845e-05
6.10121e-08
-2.08553e-05
2.05036e-06
6.1069e-08
-2.12553e-05
2.21842e-06
3.5461e-08
-2.13479e-05
2.32137e-06
-1.24126e-11
-2.13717e-05
2.36372e-06
-3.54838e-08
-2.13717e-05
2.36372e-06
-6.10861e-08
-2.13479e-05
2.32136e-06
-6.10208e-08
-2.12552e-05
2.2184e-06
-2.08553e-05
2.05033e-06
1.65873e-07
-9.97998e-06
9.81411e-06
1.03188e-07
-1.07221e-05
1.07847e-05
4.58722e-08
-1.06082e-05
1.06655e-05
1.00561e-11
-1.04633e-05
1.05092e-05
-4.58533e-08
-1.04633e-05
1.05092e-05
-1.03174e-07
-1.06081e-05
1.06655e-05
-1.65867e-07
-1.0722e-05
1.07847e-05
-9.97989e-06
9.81402e-06
1.26335e-07
-1.81062e-05
1.57098e-07
-1.8271e-05
9.50448e-08
-1.83175e-05
-1.62598e-11
-1.8331e-05
-9.50742e-08
-1.8331e-05
-1.57119e-07
-1.83175e-05
-1.26346e-07
-1.8271e-05
-1.81062e-05
-1.45322e-07
2.12479e-05
-7.9482e-08
2.41996e-05
-1.70771e-08
2.42882e-05
1.38388e-14
2.4125e-05
1.70771e-08
2.4125e-05
7.94818e-08
2.42882e-05
1.45322e-07
2.41995e-05
2.12479e-05
2.19517e-08
-4.32776e-05
8.28084e-06
-1.77403e-09
-4.60082e-05
9.86859e-06
-1.20445e-08
-4.60902e-05
9.90489e-06
8.5113e-13
-4.60101e-05
9.82279e-06
1.20461e-08
-4.60101e-05
9.82279e-06
1.77506e-09
-4.60902e-05
9.90489e-06
-2.19513e-08
-4.60082e-05
9.86859e-06
-4.32776e-05
8.28084e-06
-9.61505e-08
2.47348e-05
-1.31016e-07
2.50859e-05
-1.20792e-07
2.48793e-05
-1.56047e-13
2.45757e-05
1.20792e-07
2.45757e-05
1.31015e-07
2.48793e-05
9.61502e-08
2.50859e-05
2.47348e-05
1.24825e-07
-1.27172e-05
2.61236e-06
1.01118e-07
-1.33595e-05
2.6612e-06
5.22288e-08
-1.33036e-05
2.74436e-06
4.17957e-12
-1.32263e-05
2.81524e-06
-5.22211e-08
-1.32263e-05
2.81524e-06
-1.01114e-07
-1.33036e-05
2.74437e-06
-1.24823e-07
-1.33595e-05
2.66121e-06
-1.27171e-05
2.61238e-06
-1.18828e-07
1.65544e-05
-1.64355e-05
9.6396e-09
1.79777e-05
-1.81062e-05
3.24159e-08
1.79482e-05
-1.7971e-05
-1.94047e-13
1.78207e-05
-1.77883e-05
-3.24164e-08
1.78207e-05
-1.77883e-05
-9.64032e-09
1.79482e-05
-1.7971e-05
1.18827e-07
1.79777e-05
-1.81062e-05
1.65544e-05
-1.64355e-05
-8.17745e-08
3.14785e-05
-8.6232e-06
-2.27735e-05
-9.85903e-08
3.47132e-05
-1.00244e-05
-2.46719e-05
-6.07744e-08
3.4616e-05
-9.98866e-06
-2.46652e-05
6.39693e-12
3.42826e-05
-9.85414e-06
-2.44893e-05
6.07862e-08
3.42826e-05
-9.85414e-06
-2.44893e-05
9.85992e-08
3.4616e-05
-9.98866e-06
-2.46652e-05
8.17794e-08
3.47132e-05
-1.00244e-05
-2.46719e-05
3.14785e-05
-8.62321e-06
-2.27735e-05
1.3776e-07
1.69084e-05
-1.62498e-05
-7.96357e-07
1.11022e-07
1.90455e-05
-1.66489e-05
-2.36985e-06
5.53915e-08
1.92211e-05
-1.65655e-05
-2.6e-06
-5.88579e-13
1.91434e-05
-1.65216e-05
-2.56645e-06
-5.53926e-08
1.91434e-05
-1.65216e-05
-2.56645e-06
-1.11022e-07
1.92211e-05
-1.65655e-05
-2.6e-06
-1.3776e-07
1.90455e-05
-1.66489e-05
-2.36985e-06
1.69084e-05
-1.62498e-05
-7.96351e-07
2.04272e-07
-3.40306e-06
2.70826e-07
-3.98072e-06
1.60684e-07
-3.7072e-06
3.68519e-12
-3.46524e-06
-1.60677e-07
-3.46526e-06
-2.70819e-07
-3.70725e-06
-2.04266e-07
-3.98079e-06
-3.40314e-06
1.44367e-07
1.60676e-07
9.75922e-08
-1.49625e-11
-9.76195e-08
-1.60696e-07
-1.44377e-07
1.75431e-07
-1.01642e-05
9.98872e-06
2.31317e-07
-9.92172e-06
9.86584e-06
1.42697e-07
-9.87145e-06
9.96007e-06
-1.20628e-11
-9.88629e-06
1.0029e-05
-1.42718e-07
-9.88628e-06
1.0029e-05
-2.31333e-07
-9.87142e-06
9.96003e-06
-1.75441e-07
-9.92169e-06
9.86579e-06
-1.01641e-05
9.98866e-06
-2.30234e-08
-2.78681e-05
-1.09187e-05
3.88098e-05
-6.46054e-08
-2.93291e-05
-1.2557e-05
4.19276e-05
-5.27404e-08
-2.93779e-05
-1.25742e-05
4.19402e-05
4.56849e-12
-2.93328e-05
-1.249e-05
4.17701e-05
5.27487e-08
-2.93328e-05
-1.249e-05
4.17701e-05
6.46116e-08
-2.93779e-05
-1.25742e-05
4.19402e-05
2.30269e-08
-2.93291e-05
-1.2557e-05
4.19276e-05
-2.78681e-05
-1.09187e-05
3.88098e-05
-1.1761e-07
8.33259e-06
2.32635e-05
-1.00517e-07
9.2519e-06
2.54442e-05
-5.56908e-08
9.10696e-06
2.54642e-05
5.58293e-12
8.93052e-06
2.52964e-05
5.57012e-08
8.93053e-06
2.52964e-05
1.00525e-07
9.10697e-06
2.54642e-05
1.17615e-07
9.25191e-06
2.54442e-05
8.3326e-06
2.32635e-05
-8.30337e-08
1.32726e-05
-4.8789e-05
-8.52106e-08
1.47891e-05
-5.15753e-05
-5.98172e-08
1.47729e-05
-5.16544e-05
1.96018e-12
1.46781e-05
-5.15923e-05
5.98206e-08
1.46781e-05
-5.15923e-05
8.52129e-08
1.47729e-05
-5.16544e-05
8.30348e-08
1.47891e-05
-5.15753e-05
1.32726e-05
-4.8789e-05
-3.03923e-08
-2.24011e-05
-1.08063e-05
3.32378e-05
-3.84536e-08
-2.486e-05
-1.1984e-05
3.68521e-05
-2.19525e-08
-2.49084e-05
-1.20308e-05
3.69227e-05
1.74062e-12
-2.47494e-05
-1.19546e-05
3.6682e-05
2.19556e-08
-2.47494e-05
-1.19546e-05
3.6682e-05
3.84559e-08
-2.49084e-05
-1.20308e-05
3.69227e-05
3.03934e-08
-2.486e-05
-1.1984e-05
3.68521e-05
-2.24011e-05
-1.08063e-05
3.32378e-05
3.81143e-08
-1.08854e-05
-1.58459e-05
2.66932e-05
2.97956e-08
-1.30574e-05
-1.6358e-05
2.94237e-05
1.82222e-08
-1.31045e-05
-1.63443e-05
2.94604e-05
-2.9333e-12
-1.29384e-05
-1.62957e-05
2.92523e-05
-1.82278e-08
-1.29384e-05
-1.62957e-05
2.92523e-05
-2.98005e-08
-1.31045e-05
-1.63443e-05
2.94604e-05
-3.81174e-08
-1.30574e-05
-1.6358e-05
2.94237e-05
-1.08854e-05
-1.58459e-05
2.66932e-05
1.90311e-07
9.24733e-06
2.9096e-06
-1.23472e-05
1.23668e-07
8.89582e-06
4.08354e-06
-1.29127e-05
5.16282e-08
8.58827e-06
4.12029e-06
-1.26365e-05
-6.85951e-12
8.44989e-06
4.01567e-06
-1.24139e-05
-5.16411e-08
8.4499e-06
4.01568e-06
-1.24139e-05
-1.23678e-07
8.58829e-06
4.12029e-06
-1.26365e-05
-1.90317e-07
8.89585e-06
4.08355e-06
-1.29128e-05
9.24736e-06
2.90962e-06
-1.23473e-05
1.20374e-07
-3.87139e-06
2.13967e-05
-1.76457e-05
8.85079e-08
-5.64272e-06
2.37219e-05
-1.80473e-05
4.35232e-08
-5.77351e-06
2.38143e-05
-1.79958e-05
-3.61858e-12
-5.67375e-06
2.36745e-05
-1.79572e-05
-4.35299e-08
-5.67376e-06
2.36745e-05
-1.79572e-05
-8.85132e-08
-5.77351e-06
2.38143e-05
-1.79958e-05
-1.20377e-07
-5.64272e-06
2.37219e-05
-1.80473e-05
-3.8714e-06
2.13967e-05
-1.76457e-05
8.93197e-08
-5.78015e-08
-6.55743e-08
-2.05377e-13
6.55739e-08
5.7801e-08
-8.93201e-08
-4.41903e-08
1.29142e-05
-1.287e-05
-2.96746e-08
1.33405e-05
-1.3355e-05
-9.55017e-09
1.34087e-05
-1.34288e-05
3.27763e-11
1.34355e-05
-1.34451e-05
9.61008e-09
1.34355e-05
-1.34451e-05
2.97225e-08
1.34087e-05
-1.34288e-05
4.42191e-08
1.33405e-05
-1.3355e-05
1.29142e-05
-1.287e-05
-7.84061e-08
1.02565e-05
-3.25792e-05
-6.08659e-08
1.11711e-05
-3.60487e-05
-3.20413e-08
1.10971e-05
-3.60343e-05
3.19168e-12
1.09637e-05
-3.57451e-05
3.20472e-08
1.09637e-05
-3.57451e-05
6.08704e-08
1.10971e-05
-3.60343e-05
7.84084e-08
1.11711e-05
-3.60487e-05
1.02565e-05
-3.25792e-05
1.40034e-07
6.39394e-06
1.1689e-05
1.14917e-07
8.07488e-06
1.14888e-05
5.79476e-08
8.11328e-06
1.13198e-05
-7.06381e-12
7.97166e-06
1.12519e-05
-5.79607e-08
7.97166e-06
1.12519e-05
-1.14927e-07
8.11329e-06
1.13198e-05
-1.40039e-07
8.0749e-06
1.14888e-05
6.39396e-06
1.1689e-05
1.27975e-07
1.95567e-05
-1.71859e-05
-2.49872e-06
1.00007e-07
2.21035e-05
-1.76931e-05
-4.38246e-06
4.97398e-08
2.2322e-05
-1.7659e-05
-4.61273e-06
-1.44403e-12
2.22339e-05
-1.76318e-05
-4.55236e-06
-4.97426e-08
2.22339e-05
-1.76318e-05
-4.55236e-06
-1.00009e-07
2.2322e-05
-1.7659e-05
-4.61273e-06
-1.27977e-07
2.21035e-05
-1.76931e-05
-4.38246e-06
1.95567e-05
-1.71859e-05
-2.49872e-06
1.24138e-07
1.73459e-06
1.50497e-05
1.08235e-07
3.73322e-06
1.53282e-05
5.56915e-08
4.0869e-06
1.51867e-05
-3.67632e-14
4.07609e-06
1.5123e-05
-5.56915e-08
4.07609e-06
1.51231e-05
-1.08234e-07
4.0869e-06
1.51867e-05
-1.24137e-07
3.73321e-06
1.53282e-05
1.73458e-06
1.50497e-05
6.50213e-08
-7.84017e-06
2.37415e-05
-1.59663e-05
6.08016e-08
-1.07804e-05
2.80712e-05
-1.72866e-05
3.35159e-08
-1.10992e-05
2.85493e-05
-1.74229e-05
-8.83269e-13
-1.0999e-05
2.84541e-05
-1.74215e-05
-3.35175e-08
-1.0999e-05
2.84541e-05
-1.74215e-05
-6.08028e-08
-1.10992e-05
2.85493e-05
-1.74229e-05
-6.5022e-08
-1.07803e-05
2.80712e-05
-1.72866e-05
-7.84016e-06
2.37415e-05
-1.59663e-05
8.76003e-08
1.28515e-05
7.79447e-08
1.3327e-05
4.07658e-08
1.32534e-05
-1.701e-12
1.31749e-05
-4.07692e-08
1.31748e-05
-7.79477e-08
1.32533e-05
-8.76024e-08
1.33269e-05
1.28514e-05
1.07118e-07
7.73565e-08
3.87646e-08
-4.34664e-14
-3.87647e-08
-7.73565e-08
-1.07118e-07
-6.86553e-08
-3.60474e-05
8.24792e-06
-8.44464e-08
-3.86774e-05
9.36411e-06
-6.13126e-08
-3.86459e-05
9.24488e-06
5.98557e-12
-3.84755e-05
9.08129e-06
6.13235e-08
-3.84755e-05
9.08129e-06
8.44546e-08
-3.86459e-05
9.24489e-06
6.86596e-08
-3.86774e-05
9.36412e-06
-3.60474e-05
8.24793e-06
-3.44139e-08
3.60593e-05
-4.8795e-08
3.72094e-05
-4.02888e-08
3.72611e-05
1.2873e-12
3.72533e-05
4.02911e-08
3.72533e-05
4.87965e-08
3.72611e-05
3.44147e-08
3.72094e-05
3.60593e-05
-5.47069e-09
2.7398e-05
-3.66571e-05
9.26454e-06
-1.66334e-08
2.94943e-05
-4.0074e-05
1.05908e-05
-1.81421e-08
2.95615e-05
-4.01559e-05
1.05959e-05
2.01895e-12
2.94884e-05
-3.99943e-05
1.04878e-05
1.81457e-08
2.94884e-05
-3.99943e-05
1.04878e-05
1.6636e-08
2.95615e-05
-4.01559e-05
1.05959e-05
5.47204e-09
2.94943e-05
-4.0074e-05
1.05908e-05
2.7398e-05
-3.66571e-05
9.26454e-06
-1.17498e-08
2.2377e-05
-3.31715e-05
-1.42416e-08
2.44616e-05
-3.64432e-05
-1.20883e-08
2.45177e-05
-3.65507e-05
6.94519e-13
2.44339e-05
-3.64006e-05
1.20895e-08
2.44339e-05
-3.64006e-05
1.42424e-08
2.45177e-05
-3.65507e-05
1.17501e-08
2.44616e-05
-3.64432e-05
2.2377e-05
-3.31715e-05
-7.08672e-08
-2.61684e-05
1.00083e-05
1.62309e-05
-3.87642e-08
-2.8916e-05
1.03921e-05
1.84918e-05
-1.22072e-08
-2.87611e-05
1.02423e-05
1.84922e-05
2.06332e-12
-2.84243e-05
1.01142e-05
1.8298e-05
1.22109e-08
-2.84244e-05
1.01142e-05
1.8298e-05
3.87667e-08
-2.87611e-05
1.02423e-05
1.84922e-05
7.08676e-08
-2.89161e-05
1.03921e-05
1.84918e-05
-2.61684e-05
1.00084e-05
1.62309e-05
-5.32893e-08
2.08135e-05
1.24776e-05
-3.72492e-08
2.35222e-05
1.33139e-05
-1.80724e-08
2.36007e-05
1.33029e-05
1.01531e-12
2.34476e-05
1.32163e-05
1.80742e-08
2.34476e-05
1.32163e-05
3.72504e-08
2.36007e-05
1.33029e-05
5.32896e-08
2.35222e-05
1.33139e-05
2.08135e-05
1.24776e-05
-4.18551e-08
4.57349e-06
-4.61988e-06
8.82484e-08
-5.12564e-08
4.58364e-06
-3.93047e-06
-6.43762e-07
-3.56342e-08
4.32075e-06
-3.40426e-06
-9.32108e-07
5.71648e-13
4.16559e-06
-3.19245e-06
-1.00877e-06
3.56349e-08
4.1656e-06
-3.19249e-06
-1.00875e-06
5.12567e-08
4.32079e-06
-3.40435e-06
-9.32058e-07
4.18557e-08
4.58371e-06
-3.93062e-06
-6.43688e-07
4.57353e-06
-4.62e-06
8.8324e-08
1.46437e-07
-1.59928e-05
-1.45563e-06
1.7302e-05
1.04048e-07
-1.61508e-05
-2.83681e-06
1.903e-05
4.8772e-08
-1.60385e-05
-2.97142e-06
1.90652e-05
-2.4139e-12
-1.59908e-05
-2.90533e-06
1.89449e-05
-4.87766e-08
-1.59908e-05
-2.90533e-06
1.89449e-05
-1.04052e-07
-1.60385e-05
-2.97142e-06
1.90652e-05
-1.46439e-07
-1.61508e-05
-2.83681e-06
1.903e-05
-1.59928e-05
-1.45564e-06
1.7302e-05
1.05082e-07
-1.69549e-05
-5.85513e-06
2.27049e-05
8.68705e-08
-1.77764e-05
-8.49823e-06
2.62929e-05
4.43927e-08
-1.78336e-05
-8.81345e-06
2.66895e-05
-1.32178e-12
-1.78326e-05
-8.73538e-06
2.66123e-05
-4.43951e-08
-1.78326e-05
-8.73538e-06
2.66123e-05
-8.68723e-08
-1.78336e-05
-8.81345e-06
2.66895e-05
-1.05083e-07
-1.77764e-05
-8.49822e-06
2.62929e-05
-1.69549e-05
-5.85512e-06
2.27049e-05
1.21689e-07
3.18519e-06
1.03301e-07
5.47299e-06
5.23264e-08
5.80751e-06
-1.10694e-12
5.76461e-06
-5.23285e-08
5.76461e-06
-1.03302e-07
5.80751e-06
-1.2169e-07
5.47298e-06
3.18519e-06
2.03542e-07
1.38015e-05
-1.46464e-05
6.41278e-07
1.3716e-07
1.52645e-05
-1.4688e-05
-5.10143e-07
6.34189e-08
1.52565e-05
-1.45128e-05
-6.69907e-07
-8.10276e-13
1.51415e-05
-1.44486e-05
-6.29532e-07
-6.34207e-08
1.51415e-05
-1.44486e-05
-6.29531e-07
-1.37162e-07
1.52565e-05
-1.45129e-05
-6.69906e-07
-2.03545e-07
1.52646e-05
-1.4688e-05
-5.10141e-07
1.38016e-05
-1.46464e-05
6.41279e-07
-8.48616e-09
3.28584e-05
-1.04729e-05
-1.88353e-08
3.60879e-05
-1.1616e-05
-1.23556e-08
3.62128e-05
-1.17016e-05
7.96313e-14
3.60552e-05
-1.16337e-05
1.23558e-08
3.60552e-05
-1.16337e-05
1.88353e-08
3.62128e-05
-1.17016e-05
8.4861e-09
3.60879e-05
-1.1616e-05
3.28584e-05
-1.04729e-05
1.83402e-07
-1.67417e-05
1.70329e-05
-4.74533e-07
1.55217e-07
-1.73316e-05
1.94067e-05
-2.04687e-06
7.78231e-08
-1.72774e-05
1.97467e-05
-2.39192e-06
1.08707e-12
-1.72305e-05
1.9722e-05
-2.41368e-06
-7.78211e-08
-1.72305e-05
1.9722e-05
-2.41368e-06
-1.55216e-07
-1.72774e-05
1.97467e-05
-2.39191e-06
-1.83402e-07
-1.73316e-05
1.94067e-05
-2.04687e-06
-1.67417e-05
1.70329e-05
-4.74521e-07
1.95376e-07
-3.6348e-06
-1.94412e-06
1.56475e-07
-3.56142e-06
-1.1272e-06
7.99939e-08
-3.18858e-06
-9.87786e-07
-6.96216e-13
-2.98943e-06
-1.00664e-06
-7.99954e-08
-2.98944e-06
-1.00664e-06
-1.56476e-07
-3.1886e-06
-9.87784e-07
-1.95377e-07
-3.56145e-06
-1.1272e-06
-3.63483e-06
-1.94411e-06
4.42125e-08
4.97082e-06
-1.91662e-10
5.10078e-06
-2.05635e-08
5.10264e-06
3.41479e-12
5.05942e-06
2.05696e-08
5.05942e-06
1.95321e-10
5.10263e-06
-4.42116e-08
5.10076e-06
4.97079e-06
-2.41867e-07
-7.5854e-06
1.8784e-08
-7.64094e-06
7.16047e-08
-7.7937e-06
-1.25753e-11
-7.87383e-06
-7.16278e-08
-7.87383e-06
-1.87988e-08
-7.79369e-06
2.41863e-07
-7.64092e-06
-7.58538e-06
1.34346e-07
1.01753e-07
5.14614e-08
4.12026e-13
-5.14608e-08
-1.01753e-07
-1.34347e-07
-7.11329e-08
1.72972e-05
-5.41644e-05
-6.48156e-08
1.8898e-05
-5.65169e-05
-4.26609e-08
1.89622e-05
-5.66031e-05
-6.67878e-13
1.89322e-05
-5.65662e-05
4.26596e-08
1.89322e-05
-5.65662e-05
6.48144e-08
1.89622e-05
-5.66031e-05
7.1132e-08
1.8898e-05
-5.65169e-05
1.72972e-05
-5.41644e-05
-3.17201e-08
3.00175e-05
-3.8609e-05
-4.14321e-08
3.1953e-05
-4.19677e-05
-3.42641e-08
3.20189e-05
-4.20148e-05
3.51068e-12
3.19561e-05
-4.18445e-05
3.42705e-08
3.19561e-05
-4.18445e-05
4.14369e-08
3.20189e-05
-4.20148e-05
3.17227e-08
3.1953e-05
-4.19677e-05
3.00175e-05
-3.8609e-05
6.50392e-08
-1.92438e-05
8.61942e-06
1.05594e-05
6.18072e-08
-2.09256e-05
8.65045e-06
1.22784e-05
3.51066e-08
-2.07165e-05
8.50127e-06
1.22419e-05
-9.97366e-13
-2.04437e-05
8.41414e-06
1.20646e-05
-3.51087e-08
-2.04437e-05
8.41414e-06
1.20646e-05
-6.18089e-08
-2.07165e-05
8.50129e-06
1.22419e-05
-6.50385e-08
-2.09257e-05
8.65048e-06
1.22784e-05
-1.92439e-05
8.61947e-06
1.05594e-05
1.07027e-07
7.37415e-08
3.50278e-08
-4.89082e-13
-3.50287e-08
-7.37422e-08
-1.07027e-07
1.06877e-07
1.78576e-05
-1.79645e-05
1.03167e-07
1.83489e-05
-1.83452e-05
6.03116e-08
1.8337e-05
-1.82942e-05
-6.46512e-12
1.83013e-05
-1.8241e-05
-6.03235e-08
1.83013e-05
-1.8241e-05
-1.03176e-07
1.8337e-05
-1.82941e-05
-1.06881e-07
1.83488e-05
-1.83451e-05
1.78575e-05
-1.79644e-05
-1.58941e-07
2.14068e-05
-5.9796e-08
2.41004e-05
-5.66012e-09
2.42341e-05
5.37071e-14
2.41193e-05
5.66013e-09
2.41193e-05
5.97958e-08
2.42341e-05
1.58941e-07
2.41004e-05
2.14068e-05
-1.67662e-07
-2.66213e-05
4.3877e-06
-9.27344e-08
-2.91555e-05
3.8842e-06
-2.05641e-08
-2.92158e-05
3.92428e-06
-1.63817e-13
-2.90538e-05
3.99993e-06
2.05637e-08
-2.90538e-05
3.99993e-06
9.27338e-08
-2.92158e-05
3.92428e-06
1.67661e-07
-2.91555e-05
3.8842e-06
-2.66213e-05
4.3877e-06
-9.03008e-08
2.63652e-05
-3.3671e-08
2.93348e-05
3.61964e-09
2.92907e-05
-3.33653e-13
2.90557e-05
-3.62038e-09
2.90557e-05
3.36702e-08
2.92907e-05
9.03002e-08
2.93348e-05
2.63652e-05
-1.58106e-08
9.23816e-06
3.81244e-06
-1.30348e-05
2.49802e-08
1.05396e-05
3.38309e-06
-1.39635e-05
2.32607e-08
1.04749e-05
3.07839e-06
-1.35516e-05
4.87026e-12
1.032e-05
2.94543e-06
-1.32422e-05
-2.32518e-08
1.032e-05
2.94545e-06
-1.32422e-05
-2.49744e-08
1.04749e-05
3.07844e-06
-1.35516e-05
1.58113e-08
1.05397e-05
3.38316e-06
-1.39636e-05
9.23822e-06
3.81252e-06
-1.30349e-05
1.65317e-07
1.35371e-05
-1.75738e-05
1.26229e-07
1.33631e-05
-1.89668e-05
6.20924e-08
1.31808e-05
-1.88902e-05
-5.40335e-12
1.31201e-05
-1.87317e-05
-6.21025e-08
1.31201e-05
-1.87317e-05
-1.26237e-07
1.31808e-05
-1.88902e-05
-1.65321e-07
1.33631e-05
-1.89668e-05
1.35371e-05
-1.75738e-05
2.1093e-07
2.88817e-07
1.30373e-05
1.49864e-07
-5.03096e-07
1.39273e-05
7.26582e-08
-5.04652e-07
1.37627e-05
-4.70035e-12
-4.08207e-07
1.36009e-05
-7.26671e-08
-4.0821e-07
1.36009e-05
-1.49871e-07
-5.04661e-07
1.37627e-05
-2.10933e-07
-5.0311e-07
1.39273e-05
2.88798e-07
1.30374e-05
7.66133e-08
-8.2508e-06
6.80557e-08
-7.85446e-06
3.84991e-08
-7.48442e-06
-4.51883e-13
-7.32148e-06
-3.84999e-08
-7.32149e-06
-6.8056e-08
-7.48444e-06
-7.66125e-08
-7.85449e-06
-8.25083e-06
8.16375e-08
5.65587e-06
-1.97841e-06
-6.64561e-08
6.35022e-06
-1.96437e-06
-7.36412e-08
6.62604e-06
-2.14718e-06
-3.89565e-12
6.73151e-06
-2.25613e-06
7.36335e-08
6.73149e-06
-2.25612e-06
6.64474e-08
6.62598e-06
-2.14715e-06
-8.16527e-08
6.35013e-06
-1.96433e-06
5.65574e-06
-1.97836e-06
1.75972e-07
-1.13774e-05
7.73271e-06
3.46876e-06
1.14544e-07
-1.11532e-05
8.32467e-06
2.88996e-06
4.25891e-08
-1.08722e-05
8.10565e-06
2.83855e-06
-1.96026e-12
-1.07562e-05
7.91644e-06
2.88233e-06
-4.25929e-08
-1.07562e-05
7.91644e-06
2.88233e-06
-1.14547e-07
-1.08723e-05
8.10567e-06
2.83854e-06
-1.75974e-07
-1.11532e-05
8.3247e-06
2.88995e-06
-1.13775e-05
7.73273e-06
3.46875e-06
1.01913e-07
-1.28346e-05
-1.26184e-08
-1.33573e-05
-3.74774e-08
-1.35164e-05
-5.65856e-13
-1.35925e-05
3.74763e-08
-1.35925e-05
1.26175e-08
-1.35164e-05
-1.01914e-07
-1.33573e-05
-1.28346e-05
6.02266e-08
-2.09156e-05
6.36464e-08
-2.12587e-05
3.7071e-08
-2.13214e-05
-1.19515e-11
-2.13346e-05
-3.70927e-08
-2.13346e-05
-6.3662e-08
-2.13213e-05
-6.02344e-08
-2.12587e-05
-2.09155e-05
2.23439e-07
1.44546e-05
-1.4678e-05
2.67721e-07
1.46587e-05
-1.4703e-05
1.60662e-07
1.48191e-05
-1.47121e-05
-1.78922e-11
1.48824e-05
-1.47218e-05
-1.60694e-07
1.48824e-05
-1.47217e-05
-2.67745e-07
1.48191e-05
-1.4712e-05
-2.23451e-07
1.46587e-05
-1.4703e-05
1.44545e-05
-1.4678e-05
6.44104e-07
9.00372e-06
-9.64783e-06
5.911e-07
1.65234e-05
-1.64704e-05
2.81213e-07
1.80508e-05
-1.77409e-05
9.91206e-13
1.79579e-05
-1.76767e-05
-2.81211e-07
1.79579e-05
-1.76766e-05
-5.911e-07
1.80508e-05
-1.77409e-05
-6.44105e-07
1.65234e-05
-1.64704e-05
9.0037e-06
-9.64781e-06
-1.20336e-07
6.37026e-06
2.60712e-07
7.4204e-06
2.01128e-07
7.14877e-06
-3.04231e-13
6.8611e-06
-2.01129e-07
6.8611e-06
-2.60712e-07
7.14877e-06
1.20336e-07
7.4204e-06
6.37026e-06
3.21309e-07
1.50734e-05
-1.53947e-05
3.65916e-07
1.57378e-05
-1.57824e-05
2.37166e-07
1.61107e-05
-1.5982e-05
2.49955e-13
1.62273e-05
-1.59901e-05
-2.37166e-07
1.62273e-05
-1.59901e-05
-3.65915e-07
1.61107e-05
-1.5982e-05
-3.21309e-07
1.57378e-05
-1.57824e-05
1.50734e-05
-1.53947e-05
2.5231e-07
-1.85121e-05
-1.97222e-06
2.0232e-05
2.27459e-07
-1.95132e-05
-4.51659e-06
2.40547e-05
1.18433e-07
-1.96002e-05
-5.04297e-06
2.47522e-05
4.36427e-13
-1.95966e-05
-5.06582e-06
2.47809e-05
-1.18432e-07
-1.95966e-05
-5.06581e-06
2.47809e-05
-2.27459e-07
-1.96002e-05
-5.04296e-06
2.47522e-05
-2.5231e-07
-1.95132e-05
-4.51658e-06
2.40546e-05
-1.85121e-05
-1.9722e-06
2.0232e-05
1.25669e-07
1.12314e-07
6.22402e-08
-4.63695e-12
-6.22489e-08
-1.12321e-07
-1.25673e-07
8.47251e-08
2.09064e-05
1.05714e-07
2.11951e-05
6.41004e-08
2.13098e-05
-1.4139e-11
2.13448e-05
-6.4126e-08
2.13448e-05
-1.05732e-07
2.13098e-05
-8.47356e-08
2.11951e-05
2.09063e-05
1.09504e-06
8.55733e-07
4.2455e-07
-7.06582e-12
-4.24562e-07
-8.55741e-07
-1.09504e-06
-5.92304e-07
-4.70774e-07
-2.38987e-07
6.08177e-12
2.38998e-07
4.70782e-07
5.92308e-07
1.19602e-07
-1.79852e-05
1.78656e-05
1.24503e-07
-1.8533e-05
1.85281e-05
7.96602e-08
-1.87922e-05
1.8837e-05
1.19051e-13
-1.88731e-05
1.89528e-05
-7.966e-08
-1.88731e-05
1.89528e-05
-1.24503e-07
-1.87922e-05
1.8837e-05
-1.19602e-07
-1.8533e-05
1.85281e-05
-1.79852e-05
1.78656e-05
1.05284e-07
7.4424e-08
3.7144e-08
-1.41134e-14
-3.7144e-08
-7.44241e-08
-1.05284e-07
9.1144e-08
-5.00206e-05
5.75756e-08
-5.02666e-05
2.78808e-08
-5.02471e-05
-4.10503e-15
-5.02401e-05
-2.78808e-08
-5.02401e-05
-5.75756e-08
-5.02471e-05
-9.1144e-08
-5.02666e-05
-5.00206e-05
-5.07133e-08
-2.2724e-05
-8.28137e-08
-2.38562e-05
-6.23233e-08
-2.38935e-05
6.20143e-12
-2.38597e-05
6.23346e-08
-2.38597e-05
8.2822e-08
-2.38935e-05
5.07177e-08
-2.38562e-05
-2.2724e-05
-9.22261e-08
2.92546e-05
-8.53192e-06
-2.06304e-05
-1.12904e-07
3.21521e-05
-9.88136e-06
-2.22501e-05
-7.53074e-08
3.19904e-05
-9.81226e-06
-2.22158e-05
7.7686e-12
3.16337e-05
-9.6633e-06
-2.20457e-05
7.53215e-08
3.16337e-05
-9.66331e-06
-2.20458e-05
1.12915e-07
3.19905e-05
-9.81227e-06
-2.22158e-05
9.22322e-08
3.21521e-05
-9.88137e-06
-2.22501e-05
2.92546e-05
-8.53193e-06
-2.06305e-05
3.6626e-08
-1.09054e-08
-1.78988e-08
7.93012e-13
1.79002e-08
1.09062e-08
-3.66257e-08
3.11153e-08
2.85375e-05
-1.76595e-05
-1.09091e-05
2.24634e-08
3.17781e-05
-1.83285e-05
-1.3441e-05
1.36412e-08
3.19302e-05
-1.83617e-05
-1.35597e-05
-2.9014e-12
3.17528e-05
-1.83334e-05
-1.34058e-05
-1.36466e-08
3.17528e-05
-1.83334e-05
-1.34058e-05
-2.24679e-08
3.19302e-05
-1.83617e-05
-1.35597e-05
-3.11181e-08
3.17781e-05
-1.83285e-05
-1.3441e-05
2.85375e-05
-1.76595e-05
-1.09091e-05
3.60307e-07
-1.58805e-06
-1.69426e-05
1.81704e-05
3.20156e-07
-4.90653e-06
-1.86701e-05
2.36168e-05
1.63242e-07
-5.56428e-06
-1.89205e-05
2.46417e-05
1.96203e-13
-5.57256e-06
-1.89317e-05
2.46675e-05
-1.63242e-07
-5.57255e-06
-1.89317e-05
2.46675e-05
-3.20156e-07
-5.56427e-06
-1.89205e-05
2.46417e-05
-3.60308e-07
-4.90652e-06
-1.86701e-05
2.36168e-05
-1.58803e-06
-1.69426e-05
1.81704e-05
1.17607e-07
2.21871e-05
-1.70897e-05
-5.21503e-06
1.09597e-07
2.6569e-05
-1.85075e-05
-8.0535e-06
5.90255e-08
2.71524e-05
-1.86592e-05
-8.44255e-06
-7.37619e-13
2.70981e-05
-1.86584e-05
-8.38072e-06
-5.90268e-08
2.70981e-05
-1.86584e-05
-8.38072e-06
-1.09598e-07
2.71524e-05
-1.86592e-05
-8.44255e-06
-1.17607e-07
2.6569e-05
-1.85075e-05
-8.05349e-06
2.21871e-05
-1.70897e-05
-5.21502e-06
3.38261e-08
3.54102e-05
-2.25299e-05
-5.67963e-08
3.72822e-05
-2.38511e-05
-4.9169e-08
3.72922e-05
-2.38912e-05
8.61802e-12
3.72521e-05
-2.38658e-05
4.91855e-08
3.72521e-05
-2.38658e-05
5.68089e-08
3.72923e-05
-2.38912e-05
-3.38199e-08
3.72822e-05
-2.38511e-05
3.54103e-05
-2.25299e-05
-2.56079e-07
-7.67142e-08
-1.83087e-09
-3.22957e-13
1.83016e-09
7.67133e-08
2.56079e-07
-1.05952e-07
3.14496e-05
-4.73339e-05
1.59903e-05
-1.03436e-07
3.26396e-05
-4.99624e-05
1.73203e-05
-7.53766e-08
3.2713e-05
-5.00206e-05
1.72795e-05
3.75275e-12
3.27192e-05
-4.99648e-05
1.71702e-05
7.53835e-08
3.27192e-05
-4.99648e-05
1.71702e-05
1.03441e-07
3.2713e-05
-5.00206e-05
1.72795e-05
1.05954e-07
3.26396e-05
-4.99624e-05
1.73203e-05
3.14496e-05
-4.73339e-05
1.59903e-05
-4.22207e-08
-7.9864e-08
-5.90814e-08
2.04555e-12
5.90851e-08
7.98665e-08
4.22219e-08
1.07018e-07
7.10451e-06
1.48241e-05
-2.20356e-05
8.52901e-08
9.26752e-06
1.48356e-05
-2.40814e-05
4.42577e-08
9.39597e-06
1.47121e-05
-2.4067e-05
-5.15933e-12
9.26643e-06
1.46616e-05
-2.38838e-05
-4.42674e-08
9.26643e-06
1.46616e-05
-2.38838e-05
-8.52978e-08
9.39597e-06
1.47121e-05
-2.4067e-05
-1.07022e-07
9.26752e-06
1.48356e-05
-2.40814e-05
7.10452e-06
1.48241e-05
-2.20356e-05
2.27859e-08
1.94018e-05
2.57538e-08
2.01192e-05
1.61123e-08
2.01221e-05
-2.76786e-12
2.00815e-05
-1.61175e-08
2.00815e-05
-2.5758e-08
2.01221e-05
-2.27885e-08
2.01192e-05
1.94018e-05
1.36505e-07
1.73071e-05
-2.04357e-05
1.26544e-07
1.80813e-05
-2.37411e-05
6.64834e-08
1.80912e-05
-2.41555e-05
-5.01133e-13
1.80684e-05
-2.41058e-05
-6.64843e-08
1.80684e-05
-2.41058e-05
-1.26545e-07
1.80912e-05
-2.41555e-05
-1.36505e-07
1.80813e-05
-2.37411e-05
1.73072e-05
-2.04357e-05
-4.82512e-06
2.6626e-05
-2.18009e-05
-3.45004e-06
2.12812e-05
-2.26563e-05
-1.4801e-06
2.07804e-05
-2.27503e-05
1.45465e-11
2.11973e-05
-2.26774e-05
1.48012e-06
2.11973e-05
-2.26774e-05
3.45005e-06
2.07804e-05
-2.27503e-05
4.82512e-06
2.12812e-05
-2.26563e-05
2.6626e-05
-2.18009e-05
-1.44306e-07
6.62537e-06
-1.25972e-07
7.46187e-06
-7.0925e-08
7.27022e-06
7.86528e-12
7.07353e-06
7.09396e-08
7.07353e-06
1.25984e-07
7.27024e-06
1.44313e-07
7.4619e-06
6.6254e-06
-3.25824e-08
-1.05056e-05
1.71636e-05
-6.58367e-09
-1.15477e-05
1.89836e-05
1.09727e-08
-1.12432e-05
1.84959e-05
1.21061e-11
-1.09582e-05
1.80427e-05
-1.09493e-08
-1.09583e-05
1.80428e-05
6.60359e-09
-1.12433e-05
1.8496e-05
3.25954e-08
-1.15478e-05
1.89837e-05
-1.05057e-05
1.71637e-05
-8.81325e-08
-1.34428e-05
2.18635e-05
-7.52293e-08
-1.50599e-05
2.42989e-05
-3.53296e-08
-1.49702e-05
2.40372e-05
6.726e-12
-1.47696e-05
2.36648e-05
3.5342e-08
-1.47696e-05
2.36648e-05
7.52389e-08
-1.49702e-05
2.40373e-05
8.81378e-08
-1.506e-05
2.4299e-05
-1.34428e-05
2.18636e-05
-4.99004e-08
-1.58619e-05
-3.79557e-08
-1.77569e-05
-1.41342e-08
-1.76879e-05
3.74533e-12
-1.74748e-05
1.4141e-08
-1.74748e-05
3.79609e-08
-1.76879e-05
4.99029e-08
-1.77569e-05
-1.58619e-05
4.4783e-08
-2.3717e-05
4.36666e-08
-2.59366e-05
2.69615e-08
-2.58408e-05
-2.84979e-12
-2.55897e-05
-2.6967e-08
-2.55897e-05
-4.36715e-08
-2.58409e-05
-4.47859e-08
-2.59367e-05
-2.3717e-05
8.0147e-08
2.64261e-05
5.98351e-08
2.9407e-05
3.13359e-08
2.95466e-05
-3.77635e-12
2.93793e-05
-3.1343e-08
2.93793e-05
-5.98408e-08
2.95466e-05
-8.01503e-08
2.9407e-05
2.64261e-05
1.82558e-07
5.51378e-06
3.55099e-06
8.70639e-08
5.64823e-06
3.34309e-06
2.14262e-08
5.12654e-06
3.52737e-06
-4.99918e-12
4.78665e-06
3.68468e-06
-2.14355e-08
4.78666e-06
3.68467e-06
-8.70721e-08
5.12658e-06
3.52734e-06
-1.82566e-07
5.64829e-06
3.34305e-06
5.51385e-06
3.55094e-06
9.2159e-08
5.71044e-06
6.85841e-08
5.16871e-06
3.17083e-08
4.65876e-06
-3.66965e-12
4.41015e-06
-3.17151e-08
4.41017e-06
-6.85894e-08
4.6588e-06
-9.21619e-08
5.16875e-06
5.71048e-06
-6.15057e-08
1.86291e-07
4.74147e-06
-1.45943e-07
5.59874e-07
4.47611e-06
-1.11581e-07
4.8025e-07
4.47631e-06
-6.99334e-12
4.16359e-07
4.44577e-06
1.11566e-07
4.16379e-07
4.44574e-06
1.45927e-07
4.80309e-07
4.47623e-06
6.14906e-08
5.59961e-07
4.47598e-06
1.8639e-07
4.74131e-06
9.42585e-08
6.86618e-06
-2.60958e-06
1.51948e-07
6.46484e-06
-2.7665e-06
1.06665e-07
6.4081e-06
-2.57515e-06
-1.06426e-11
6.42876e-06
-2.43148e-06
-1.06684e-07
6.42875e-06
-2.43149e-06
-1.51961e-07
6.40808e-06
-2.57517e-06
-9.42658e-08
6.4648e-06
-2.76652e-06
6.86613e-06
-2.60961e-06
-4.55938e-08
-2.43826e-05
-2.29058e-05
-8.39643e-08
-2.54896e-05
-2.44344e-05
-6.27363e-08
-2.55592e-05
-2.44826e-05
3.27486e-12
-2.55777e-05
-2.44498e-05
6.27423e-08
-2.55777e-05
-2.44498e-05
8.39686e-08
-2.55592e-05
-2.44826e-05
4.55958e-08
-2.54896e-05
-2.44344e-05
-2.43826e-05
-2.29058e-05
2.33994e-08
-5.79691e-06
-3.47327e-09
-6.92195e-06
-9.32913e-09
-6.98329e-06
1.16332e-12
-6.92149e-06
9.33119e-09
-6.92149e-06
3.47473e-09
-6.98329e-06
-2.33986e-08
-6.92195e-06
-5.79691e-06
1.08908e-07
5.29501e-06
8.9476e-08
7.59049e-06
4.51446e-08
7.82012e-06
-3.10722e-12
7.72881e-06
-4.51504e-08
7.72881e-06
-8.94806e-08
7.82012e-06
-1.08911e-07
7.59049e-06
5.29501e-06
-6.05029e-08
1.42465e-05
-3.31894e-05
1.90034e-05
-4.19927e-08
1.49225e-05
-3.67898e-05
2.18487e-05
-1.94014e-08
1.49584e-05
-3.69276e-05
2.19467e-05
-5.05078e-13
1.49152e-05
-3.67277e-05
2.17931e-05
1.94004e-08
1.49152e-05
-3.67277e-05
2.17931e-05
4.19918e-08
1.49584e-05
-3.69276e-05
2.19467e-05
6.05022e-08
1.49225e-05
-3.67898e-05
2.18487e-05
1.42465e-05
-3.31894e-05
1.90034e-05
2.48742e-08
-1.37671e-08
-1.95642e-08
2.4141e-12
1.95686e-08
1.37704e-08
-2.48725e-08
2.68649e-09
8.79909e-09
9.52878e-09
1.07003e-12
-9.5271e-09
-8.79859e-09
-2.68718e-09
-3.31085e-08
1.55681e-05
-2.87353e-05
1.32003e-05
-1.14553e-08
1.81252e-05
-3.1802e-05
1.36552e-05
5.52333e-10
1.8184e-05
-3.17801e-05
1.35841e-05
-4.45389e-13
1.80066e-05
-3.15062e-05
1.35002e-05
-5.53277e-10
1.80066e-05
-3.15062e-05
1.35002e-05
1.14542e-08
1.8184e-05
-3.17801e-05
1.35841e-05
3.31074e-08
1.81252e-05
-3.18021e-05
1.36552e-05
1.55682e-05
-2.87354e-05
1.32003e-05
-2.33624e-08
-2.98313e-05
1.40088e-05
-8.58286e-09
-3.30456e-05
1.66728e-05
3.22911e-10
-3.31317e-05
1.67786e-05
-1.58649e-12
-3.29178e-05
1.66224e-05
-3.25942e-10
-3.29178e-05
1.66224e-05
8.58022e-09
-3.31317e-05
1.67786e-05
2.33606e-08
-3.30456e-05
1.66728e-05
-2.98313e-05
1.40088e-05
1.599e-07
1.12243e-07
5.44274e-08
-5.67496e-12
-5.4438e-08
-1.12252e-07
-1.59904e-07
7.19792e-08
6.42572e-08
3.45749e-08
-3.53901e-12
-3.45815e-08
-6.42624e-08
-7.19822e-08
1.95525e-07
1.95623e-07
1.04149e-07
-6.03379e-15
-1.04149e-07
-1.95623e-07
-1.95525e-07
-1.59778e-07
-3.86726e-06
4.21333e-06
-2.47955e-07
-3.86106e-06
4.50911e-06
-1.54969e-07
-3.47713e-06
3.8644e-06
2.12686e-11
-3.23787e-06
3.49924e-06
1.55008e-07
-3.23788e-06
3.49928e-06
2.47985e-07
-3.47717e-06
3.8645e-06
1.59795e-07
-3.86111e-06
4.50926e-06
-3.86734e-06
4.21352e-06
2.39876e-07
-1.93613e-06
2.57214e-07
-1.59771e-06
1.52618e-07
-1.32744e-06
-1.89433e-11
-1.21879e-06
-1.52652e-07
-1.2188e-06
-2.57239e-07
-1.32746e-06
-2.39888e-07
-1.59773e-06
-1.93616e-06
1.12379e-07
6.7538e-06
1.8344e-07
6.39378e-06
1.27306e-07
6.46424e-06
-1.28703e-11
6.55608e-06
-1.27328e-07
6.55607e-06
-1.83456e-07
6.4642e-06
-1.12388e-07
6.39374e-06
6.75375e-06
-5.1158e-08
-6.48377e-08
-3.9059e-08
3.77754e-12
3.9066e-08
6.48429e-08
5.11608e-08
1.05165e-07
-1.57468e-05
8.05287e-08
-1.59818e-05
4.22069e-08
-1.59154e-05
-5.35419e-12
-1.58699e-05
-4.2217e-08
-1.58699e-05
-8.05369e-08
-1.59154e-05
-1.05169e-07
-1.59818e-05
-1.57468e-05
-2.03892e-08
-2.98009e-05
1.21618e-05
-8.87592e-09
-3.31178e-05
1.47778e-05
-1.68146e-09
-3.3274e-05
1.49051e-05
-1.8052e-12
-3.30968e-05
1.47617e-05
1.67808e-09
-3.30968e-05
1.47617e-05
8.87317e-09
-3.3274e-05
1.49051e-05
2.03875e-08
-3.31178e-05
1.47778e-05
-2.98009e-05
1.21618e-05
1.00154e-07
2.31398e-05
7.82522e-08
2.6178e-05
3.96099e-08
2.6431e-05
-2.21942e-12
2.63231e-05
-3.9614e-08
2.63231e-05
-7.82555e-08
2.6431e-05
-1.00156e-07
2.6178e-05
2.31398e-05
6.63241e-08
6.15287e-08
3.22543e-08
-1.31987e-12
-3.22567e-08
-6.15305e-08
-6.63252e-08
1.58612e-07
1.88831e-05
1.3793e-07
2.18352e-05
7.1581e-08
2.22444e-05
-5.27148e-14
2.22161e-05
-7.15811e-08
2.22161e-05
-1.3793e-07
2.22444e-05
-1.58613e-07
2.18352e-05
1.88831e-05
1.69188e-07
1.56128e-07
8.02272e-08
3.93072e-13
-8.02265e-08
-1.56127e-07
-1.69188e-07
-2.12204e-07
1.43816e-06
-6.93591e-08
1.1223e-06
-7.08048e-09
1.36173e-06
5.50502e-12
1.50051e-06
7.09012e-09
1.50049e-06
6.93662e-08
1.36167e-06
2.12211e-07
1.1222e-06
1.43803e-06
2.01054e-07
-4.58711e-06
1.91472e-05
2.05251e-07
-7.82203e-06
2.43621e-05
1.12299e-07
-8.33779e-06
2.52048e-05
-3.40296e-13
-8.29628e-06
2.51872e-05
-1.123e-07
-8.29628e-06
2.51872e-05
-2.05252e-07
-8.33778e-06
2.52048e-05
-2.01055e-07
-7.82202e-06
2.43621e-05
-4.5871e-06
1.91472e-05
1.2891e-07
1.34827e-07
7.41463e-08
-5.44407e-13
-7.41473e-08
-1.34828e-07
-1.2891e-07
1.12132e-07
8.16416e-08
4.07627e-08
-9.89139e-14
-4.07629e-08
-8.16417e-08
-1.12132e-07
1.23454e-07
-7.90863e-07
-1.94218e-06
1.31161e-07
-3.01651e-07
-2.47256e-06
7.38363e-08
-3.43942e-07
-2.17389e-06
5.66722e-12
-4.45254e-07
-1.91239e-06
-7.38259e-08
-4.45246e-07
-1.91241e-06
-1.31153e-07
-3.43918e-07
-2.17392e-06
-1.23447e-07
-3.01619e-07
-2.47261e-06
-7.90834e-07
-1.94222e-06
-5.27713e-08
3.03307e-05
-6.43138e-08
3.20578e-05
-4.9472e-08
3.21131e-05
4.76305e-12
3.20573e-05
4.94807e-08
3.20573e-05
6.43206e-08
3.21131e-05
5.27752e-08
3.20578e-05
3.03307e-05
2.31677e-07
1.29612e-05
1.42866e-07
1.33229e-05
5.80609e-08
1.29068e-05
-3.8121e-12
1.26378e-05
-5.80678e-08
1.26378e-05
-1.42869e-07
1.29069e-05
-2.31669e-07
1.3323e-05
1.29613e-05
-2.42561e-07
-5.64875e-07
-2.11893e-07
-5.78048e-07
-1.04221e-07
-4.33542e-07
6.52089e-12
-3.5125e-07
1.04231e-07
-3.51263e-07
2.11893e-07
-4.3358e-07
2.42542e-07
-5.78106e-07
-5.64938e-07
9.87632e-08
8.54229e-08
4.40229e-08
-1.84289e-12
-4.40264e-08
-8.54256e-08
-9.87649e-08
2.06789e-07
2.30659e-06
1.45195e-05
1.70898e-07
4.49515e-06
1.49474e-05
8.20333e-08
5.06694e-06
1.47686e-05
1.74097e-12
5.13018e-06
1.46739e-05
-8.20302e-08
5.13018e-06
1.46739e-05
-1.70896e-07
5.06693e-06
1.47686e-05
-2.06788e-07
4.49514e-06
1.49474e-05
2.30657e-06
1.45195e-05
8.15429e-08
8.58282e-07
-5.18392e-06
4.24409e-06
5.9549e-08
1.37939e-06
-4.90947e-06
3.55207e-06
1.93043e-08
1.23554e-06
-4.26074e-06
3.06544e-06
-1.08553e-11
1.08767e-06
-3.92372e-06
2.85536e-06
-1.93244e-08
1.08768e-06
-3.92374e-06
2.85538e-06
-5.95645e-08
1.23557e-06
-4.26081e-06
3.06548e-06
-8.15509e-08
1.37943e-06
-4.90958e-06
3.55213e-06
8.58327e-07
-5.18404e-06
4.24416e-06
-1.63519e-08
1.1044e-05
-6.72797e-08
1.18435e-05
-7.18579e-08
1.17377e-05
7.58072e-12
1.16026e-05
7.18717e-08
1.16026e-05
6.72896e-08
1.17377e-05
1.63569e-08
1.18435e-05
1.10441e-05
2.5498e-09
-3.88073e-08
-3.55696e-08
3.55953e-12
3.55761e-08
3.88123e-08
-2.54703e-09
2.17615e-07
1.27876e-05
1.61928e-07
1.29504e-05
7.17016e-08
1.27467e-05
-6.61016e-13
1.26468e-05
-7.17031e-08
1.26468e-05
-1.6193e-07
1.27467e-05
-2.17616e-07
1.29504e-05
1.27876e-05
5.69242e-09
-2.35204e-08
-3.40562e-08
-5.8287e-12
3.40447e-08
2.35103e-08
-5.6961e-09
2.67312e-07
2.73232e-07
1.45667e-07
-1.09934e-13
-1.45667e-07
-2.73232e-07
-2.67312e-07
5.44295e-07
4.99466e-05
4.54308e-07
5.41039e-05
2.38408e-07
5.49878e-05
-4.01707e-12
5.49589e-05
-2.38415e-07
5.49589e-05
-4.54313e-07
5.49878e-05
-5.44297e-07
5.41039e-05
4.99466e-05
-1.00074e-06
-8.20038e-07
-4.12023e-07
8.58672e-12
4.12039e-07
8.20049e-07
1.00075e-06
1.19963e-07
-6.99889e-06
1.7923e-05
-1.71681e-09
-7.18337e-06
1.91485e-05
-4.32353e-08
-7.23575e-06
1.90149e-05
1.16853e-11
-7.33515e-06
1.88945e-05
4.32571e-08
-7.33515e-06
1.88945e-05
1.73193e-09
-7.23576e-06
1.9015e-05
-1.19957e-07
-7.18339e-06
1.91486e-05
-6.99894e-06
1.7923e-05
7.69492e-08
-9.14444e-06
1.5828e-07
-1.05068e-05
1.15591e-07
-9.83881e-06
2.48592e-11
-9.34217e-06
-1.15543e-07
-9.3422e-06
-1.58239e-07
-9.8389e-06
-7.69244e-08
-1.05069e-05
-9.14461e-06
-1.46455e-07
-8.38201e-08
-3.52256e-08
9.99386e-12
3.52442e-08
8.38348e-08
1.46463e-07
9.56735e-08
-7.05233e-06
-6.07814e-06
1.01261e-07
-7.47056e-06
-6.49855e-06
6.62825e-08
-7.19468e-06
-6.3219e-06
7.51386e-12
-6.99141e-06
-6.18447e-06
-6.62677e-08
-6.99142e-06
-6.18448e-06
-1.01247e-07
-7.19472e-06
-6.32193e-06
-9.56639e-08
-7.47062e-06
-6.49859e-06
-7.0524e-06
-6.0782e-06
-1.66608e-08
-1.45818e-08
-3.97873e-09
-1.15738e-12
3.97649e-09
1.45798e-08
1.66593e-08
3.72784e-08
3.81678e-08
2.34453e-08
-3.47467e-12
-2.34519e-08
-3.81734e-08
-3.72819e-08
2.04263e-07
1.41553e-07
6.05679e-08
-3.0517e-12
-6.05739e-08
-1.41558e-07
-2.04267e-07
1.56858e-07
1.16404e-07
5.60482e-08
-1.84387e-12
-5.60517e-08
-1.16407e-07
-1.56861e-07
7.22391e-08
7.81105e-08
4.43695e-08
-7.69651e-13
-4.43709e-08
-7.81115e-08
-7.22398e-08
1.62811e-07
7.23588e-06
9.30958e-08
6.7747e-06
3.05718e-08
6.39307e-06
-3.36997e-12
6.22028e-06
-3.05779e-08
6.22029e-06
-9.30994e-08
6.39312e-06
-1.62811e-07
6.77477e-06
7.23596e-06
2.00031e-07
1.55476e-07
7.43126e-08
-9.25128e-12
-7.43301e-08
-1.5549e-07
-2.00039e-07
1.35634e-08
-2.41669e-05
8.18706e-06
2.67986e-08
-2.80737e-05
1.07739e-05
1.89348e-08
-2.84262e-05
1.10111e-05
-6.53113e-13
-2.83071e-05
1.09045e-05
-1.89359e-08
-2.83071e-05
1.09045e-05
-2.67995e-08
-2.84261e-05
1.10111e-05
-1.3564e-08
-2.80737e-05
1.07738e-05
-2.41669e-05
8.18706e-06
7.35474e-08
-2.55964e-08
-4.04361e-08
-1.99165e-12
4.04328e-08
2.55946e-08
-7.35492e-08
-5.0947e-08
1.23398e-05
-3.82033e-08
1.32672e-05
-2.09816e-08
1.33452e-05
-3.27407e-13
1.32984e-05
2.0981e-08
1.32984e-05
3.82027e-08
1.33452e-05
5.09466e-08
1.32672e-05
1.23398e-05
-3.61433e-08
-3.65314e-08
-1.83182e-08
-3.21169e-14
1.83181e-08
3.65312e-08
3.6143e-08
3.44961e-08
-2.87349e-06
9.10567e-08
-3.01802e-06
6.60272e-08
-3.30525e-06
1.71349e-11
-3.42615e-06
-6.59939e-08
-3.42613e-06
-9.10269e-08
-3.30518e-06
-3.44766e-08
-3.01791e-06
-2.87336e-06
-7.65485e-08
-3.30343e-08
-5.55778e-09
5.98922e-12
5.56906e-09
3.30434e-08
7.65535e-08
-2.68657e-08
-2.31507e-08
-8.08936e-09
4.83231e-13
8.09012e-09
2.31509e-08
2.68651e-08
4.27132e-08
3.97103e-08
2.48638e-08
-1.82587e-12
-2.48674e-08
-3.97135e-08
-4.27152e-08
1.23184e-07
8.32538e-08
3.45733e-08
-3.50998e-13
-3.45742e-08
-8.32551e-08
-1.23186e-07
1.91013e-07
-4.38494e-06
1.52269e-07
-4.24363e-06
7.31738e-08
-3.97205e-06
9.6161e-12
-3.83733e-06
-7.31561e-08
-3.83734e-06
-1.52255e-07
-3.97207e-06
-1.91004e-07
-4.24366e-06
-4.38498e-06
2.64835e-07
-3.67519e-06
2.5412e-07
-3.51723e-06
1.39796e-07
-3.29289e-06
-9.51138e-12
-3.19041e-06
-1.39814e-07
-3.19041e-06
-2.54133e-07
-3.2929e-06
-2.64842e-07
-3.51724e-06
-3.6752e-06
-6.93604e-09
-1.57851e-05
-8.93381e-09
-1.6443e-05
-3.07758e-09
-1.65013e-05
-1.66153e-12
-1.64774e-05
3.07445e-09
-1.64774e-05
8.93121e-09
-1.65013e-05
6.93431e-09
-1.6443e-05
-1.57851e-05
-3.32689e-08
-3.57136e-05
-5.47129e-08
-3.67588e-05
-3.78936e-08
-3.68214e-05
-8.35547e-13
-3.68169e-05
3.7892e-08
-3.68169e-05
5.47115e-08
-3.68214e-05
3.32679e-08
-3.67588e-05
-3.57136e-05
1.33298e-07
-1.73838e-05
1.13527e-07
-1.82483e-05
5.86695e-08
-1.82932e-05
-7.91163e-13
-1.82826e-05
-5.86709e-08
-1.82826e-05
-1.13528e-07
-1.82932e-05
-1.33298e-07
-1.82483e-05
-1.73838e-05
-4.53176e-08
-2.47165e-06
-2.20962e-08
-1.9052e-06
-6.50874e-09
-1.82807e-06
-4.06926e-11
-1.87944e-06
6.43268e-09
-1.87943e-06
2.20362e-08
-1.82805e-06
4.52838e-08
-1.90517e-06
-2.47162e-06
1.06084e-07
9.7124e-08
5.09522e-08
-1.08663e-12
-5.09542e-08
-9.71255e-08
-1.06084e-07
-1.27443e-07
-5.8492e-05
-8.83664e-08
-6.12323e-05
-4.51845e-08
-6.13472e-05
-1.11812e-12
-6.13119e-05
4.51825e-08
-6.13119e-05
8.83647e-08
-6.13472e-05
1.27442e-07
-6.12323e-05
-5.8492e-05
-1.85975e-06
4.74632e-05
-1.46195e-06
4.82833e-05
-7.53801e-07
4.84617e-05
8.88967e-12
4.85903e-05
7.53817e-07
4.85903e-05
1.46197e-06
4.84617e-05
1.85976e-06
4.82833e-05
4.74633e-05
2.98956e-07
1.05445e-05
2.06186e-07
1.19159e-05
8.48641e-08
1.18803e-05
-4.56689e-13
1.1725e-05
-8.48652e-08
1.1725e-05
-2.06187e-07
1.18803e-05
-2.98958e-07
1.1916e-05
1.05445e-05
8.54511e-08
1.43205e-06
-2.63877e-05
2.48702e-05
3.24646e-08
9.54993e-07
-2.7834e-05
2.69319e-05
2.85107e-09
8.84118e-07
-2.78184e-05
2.69639e-05
-1.07455e-13
9.06979e-07
-2.77299e-05
2.68258e-05
-2.8513e-09
9.06979e-07
-2.77299e-05
2.68258e-05
-3.24649e-08
8.84117e-07
-2.78184e-05
2.69639e-05
-8.54514e-08
9.54994e-07
-2.7834e-05
2.69319e-05
1.43205e-06
-2.63877e-05
2.48702e-05
-1.50552e-07
2.00275e-05
-1.9877e-05
5.54785e-08
2.16375e-05
-2.18435e-05
7.20682e-08
2.15382e-05
-2.15548e-05
-2.97697e-13
2.13381e-05
-2.1266e-05
-7.20689e-08
2.13381e-05
-2.1266e-05
-5.54795e-08
2.15382e-05
-2.15548e-05
1.50551e-07
2.16375e-05
-2.18435e-05
2.00275e-05
-1.9877e-05
4.39633e-07
-2.04422e-05
3.32117e-07
-2.10427e-05
1.54137e-07
-2.10338e-05
1.40097e-12
-2.10162e-05
-1.54134e-07
-2.10162e-05
-3.32115e-07
-2.10338e-05
-4.39632e-07
-2.10427e-05
-2.04422e-05
2.68251e-07
3.16504e-08
1.02446e-05
2.13504e-07
1.50003e-06
1.04707e-05
9.7907e-08
1.78087e-06
1.0215e-05
6.17916e-13
1.77034e-06
1.00526e-05
-9.79061e-08
1.77034e-06
1.00526e-05
-2.13504e-07
1.78087e-06
1.0215e-05
-2.68252e-07
1.50003e-06
1.04707e-05
3.16429e-08
1.02446e-05
1.91251e-07
-1.49325e-05
1.42667e-05
1.48393e-07
-1.68534e-05
1.48493e-05
6.91801e-08
-1.70258e-05
1.47131e-05
1.71695e-12
-1.69589e-05
1.46144e-05
-6.91769e-08
-1.69589e-05
1.46144e-05
-1.4839e-07
-1.70258e-05
1.47131e-05
-1.91249e-07
-1.68534e-05
1.48494e-05
-1.49325e-05
1.42667e-05
4.23593e-07
1.95332e-05
3.66167e-07
2.08018e-05
1.74321e-07
2.09596e-05
6.68411e-13
2.09668e-05
-1.7432e-07
2.09668e-05
-3.66166e-07
2.09596e-05
-4.23593e-07
2.08018e-05
1.95332e-05
-1.74047e-07
-3.64721e-05
-1.38342e-05
-1.56644e-07
-4.11111e-05
-1.5906e-05
-7.95822e-08
-4.18482e-05
-1.62836e-05
1.79398e-12
-4.17735e-05
-1.6284e-05
7.95853e-08
-4.17735e-05
-1.6284e-05
1.56647e-07
-4.18482e-05
-1.62836e-05
1.74048e-07
-4.11111e-05
-1.5906e-05
-3.64721e-05
-1.38342e-05
4.00373e-08
4.24895e-05
1.54605e-05
1.53039e-08
4.25368e-05
1.5478e-05
6.8102e-09
4.2525e-05
1.54735e-05
-6.03158e-16
4.25236e-05
1.54732e-05
-6.8102e-09
4.25236e-05
1.54732e-05
-1.53039e-08
4.2525e-05
1.54735e-05
-4.00373e-08
4.25368e-05
1.5478e-05
4.24895e-05
1.54605e-05
6.43042e-08
3.73895e-08
1.72417e-08
-1.55991e-15
-1.72417e-08
-3.73895e-08
-6.43042e-08
-3.53791e-07
-2.61242e-07
-1.27602e-07
3.15501e-12
1.27607e-07
2.61246e-07
3.53793e-07
4.8912e-07
-1.84971e-06
3.25517e-07
-1.37865e-06
1.44193e-07
-1.25964e-06
3.87374e-14
-1.24952e-06
-1.44193e-07
-1.24952e-06
-3.25517e-07
-1.25964e-06
-4.8912e-07
-1.37865e-06
-1.84971e-06
-3.65142e-07
1.46523e-05
-1.42871e-05
-2.81546e-07
1.4672e-05
-1.47556e-05
-1.40356e-07
1.48082e-05
-1.49493e-05
-3.80591e-13
1.49059e-05
-1.50463e-05
1.40355e-07
1.49059e-05
-1.50463e-05
2.81546e-07
1.48082e-05
-1.49493e-05
3.65141e-07
1.4672e-05
-1.47556e-05
1.46523e-05
-1.42871e-05
-5.33392e-07
9.11171e-06
-8.57832e-06
-2.16203e-07
8.72861e-06
-9.0458e-06
-3.47144e-08
8.8635e-06
-9.04498e-06
3.9224e-11
8.98034e-06
-9.01509e-06
3.47877e-08
8.98034e-06
-9.01509e-06
2.16265e-07
8.8635e-06
-9.04498e-06
5.33432e-07
8.72862e-06
-9.04579e-06
9.11173e-06
-8.5783e-06
-9.59588e-07
-3.45355e-07
1.30494e-06
-2.93677e-07
-1.49904e-06
8.33131e-07
1.14669e-08
-1.18194e-06
8.76793e-07
-5.44402e-11
-8.93341e-07
9.04862e-07
-1.15465e-08
-8.93364e-07
9.04856e-07
2.9362e-07
-1.18196e-06
8.76797e-07
9.59549e-07
-1.49907e-06
8.33143e-07
-3.45408e-07
1.30496e-06
3.67907e-07
3.63546e-06
1.43301e-07
4.67107e-06
2.87593e-08
4.62204e-06
1.3011e-11
4.48618e-06
-2.87345e-08
4.48617e-06
-1.43283e-07
4.62202e-06
-3.679e-07
4.67103e-06
3.63539e-06
-6.40796e-08
3.99253e-09
3.3352e-08
-1.56189e-13
-3.33524e-08
-3.99323e-09
6.4079e-08
3.38849e-07
-5.49044e-07
2.86429e-07
3.06436e-06
1.40366e-07
3.86447e-06
8.81001e-13
3.90505e-06
-1.40365e-07
3.90504e-06
-2.86428e-07
3.86446e-06
-3.38849e-07
3.06434e-06
-5.49064e-07
1.00888e-06
-6.04278e-06
5.52669e-06
5.14163e-07
-7.37132e-06
1.45871e-05
1.79171e-07
-7.52479e-06
1.5974e-05
2.47932e-12
-7.51289e-06
1.57737e-05
-1.79166e-07
-7.51289e-06
1.57737e-05
-5.1416e-07
-7.52479e-06
1.5974e-05
-1.00888e-06
-7.37132e-06
1.45871e-05
-6.04278e-06
5.52666e-06
1.48801e-07
1.23671e-07
6.55058e-08
1.02668e-12
-6.55038e-08
-1.23669e-07
-1.488e-07
-3.40166e-06
-1.33439e-05
-2.52004e-06
-9.33362e-06
-1.24596e-06
-8.54049e-06
1.14275e-11
-8.79156e-06
1.24598e-06
-8.79156e-06
2.52006e-06
-8.5405e-06
3.40167e-06
-9.33363e-06
-1.3344e-05
-6.2609e-08
-3.4955e-05
1.22936e-05
-8.81561e-08
-3.7312e-05
1.34814e-05
-7.19331e-08
-3.71983e-05
1.32886e-05
1.06142e-11
-3.69936e-05
1.3062e-05
7.19524e-08
-3.69936e-05
1.3062e-05
8.81704e-08
-3.71983e-05
1.32886e-05
6.2616e-08
-3.7312e-05
1.34814e-05
-3.49551e-05
1.22936e-05
-2.96868e-09
1.89311e-05
-1.00513e-06
1.91028e-08
1.99664e-05
-8.3996e-07
4.07336e-08
1.99261e-05
-9.32833e-07
2.03984e-11
1.9875e-05
-9.39816e-07
-4.06947e-08
1.9875e-05
-9.39807e-07
-1.90708e-08
1.99261e-05
-9.32803e-07
2.98625e-09
1.99664e-05
-8.39909e-07
1.89311e-05
-1.00507e-06
1.58181e-07
1.65633e-05
8.45381e-08
1.74363e-05
3.06145e-08
1.71738e-05
-4.65616e-13
1.69758e-05
-3.06154e-08
1.69758e-05
-8.45388e-08
1.71738e-05
-1.58182e-07
1.74363e-05
1.65633e-05
8.45898e-08
1.73543e-05
8.37144e-08
1.77298e-05
4.98388e-08
1.77204e-05
-8.71545e-12
1.76962e-05
-4.98547e-08
1.76962e-05
-8.3726e-08
1.77203e-05
-8.45956e-08
1.77298e-05
1.73542e-05
-1.06402e-07
2.52706e-05
-1.69163e-05
-1.48616e-07
2.75533e-05
-1.81469e-05
-1.10018e-07
2.73538e-05
-1.81475e-05
7.23633e-12
2.70149e-05
-1.80436e-05
1.10031e-07
2.70149e-05
-1.80436e-05
1.48625e-07
2.73538e-05
-1.81475e-05
1.06406e-07
2.75533e-05
-1.8147e-05
2.52707e-05
-1.69163e-05
2.46865e-07
-4.76726e-06
1.48255e-07
-5.30155e-06
7.35079e-08
-5.09712e-06
2.31066e-11
-4.88456e-06
-7.34615e-08
-4.88457e-06
-1.48209e-07
-5.09714e-06
-2.46831e-07
-5.30158e-06
-4.7673e-06
7.4184e-07
-5.52402e-05
5.37673e-07
-5.79077e-05
2.49886e-07
-5.82445e-05
-1.41059e-12
-5.82602e-05
-2.49888e-07
-5.82602e-05
-5.37674e-07
-5.82445e-05
-7.41841e-07
-5.79077e-05
-5.52402e-05
1.31538e-07
4.26312e-06
9.87206e-06
1.09614e-07
3.56392e-06
1.13073e-05
5.12149e-08
3.30821e-06
1.14632e-05
2.25406e-12
3.25099e-06
1.14146e-05
-5.12107e-08
3.25099e-06
1.14146e-05
-1.09611e-07
3.30822e-06
1.14632e-05
-1.31536e-07
3.56393e-06
1.13073e-05
4.26314e-06
9.87206e-06
4.347e-08
-9.72784e-06
-1.01926e-05
9.91106e-08
-1.06736e-05
-1.12255e-05
8.20377e-08
-1.05009e-05
-1.10368e-05
-1.68781e-13
-1.03544e-05
-1.08295e-05
-8.20381e-08
-1.03544e-05
-1.08295e-05
-9.91113e-08
-1.05009e-05
-1.10368e-05
-4.34705e-08
-1.06736e-05
-1.12255e-05
-9.72784e-06
-1.01926e-05
1.15429e-07
-1.65775e-06
9.80395e-08
-2.73486e-06
5.29608e-08
-3.01973e-06
3.11202e-12
-3.05476e-06
-5.29552e-08
-3.05475e-06
-9.80356e-08
-3.01973e-06
-1.15427e-07
-2.73486e-06
-1.65774e-06
2.18405e-08
4.92904e-09
-4.09836e-09
-2.4876e-12
4.09321e-09
-4.93435e-09
-2.18445e-08
8.69397e-08
-3.22715e-05
4.80905e-08
-3.47171e-05
1.42378e-08
-3.47678e-05
5.3774e-15
-3.46372e-05
-1.42378e-08
-3.46372e-05
-4.80907e-08
-3.47678e-05
-8.69399e-08
-3.47171e-05
-3.22715e-05
6.30047e-08
-1.75964e-05
6.44932e-08
-1.78874e-05
3.79133e-08
-1.78711e-05
-1.00482e-11
-1.78462e-05
-3.79317e-08
-1.78462e-05
-6.45066e-08
-1.78711e-05
-6.30114e-08
-1.78873e-05
-1.75964e-05
4.9451e-07
3.97491e-07
1.83433e-07
1.19306e-12
-1.8343e-07
-3.97489e-07
-4.94509e-07
-1.2282e-07
-7.81326e-08
-2.14228e-08
2.81462e-11
2.14767e-08
7.81781e-08
1.22852e-07
-3.20638e-08
-9.60425e-08
-6.38949e-08
-4.82618e-13
6.3894e-08
9.60417e-08
3.20634e-08
4.58681e-08
3.66339e-08
3.42486e-08
-1.24823e-12
-3.42581e-08
-3.66412e-08
-4.58668e-08
8.9588e-07
2.06506e-06
6.06185e-07
9.44181e-06
2.42496e-07
1.08897e-05
1.85476e-12
1.06875e-05
-2.42493e-07
1.06875e-05
-6.06183e-07
1.08897e-05
-8.95882e-07
9.4418e-06
2.06504e-06
-9.98731e-08
7.59266e-06
2.48321e-06
1.00387e-07
7.36942e-06
2.15215e-06
1.25067e-07
7.20292e-06
1.88353e-06
-5.34464e-14
7.11022e-06
1.80714e-06
-1.25068e-07
7.11022e-06
1.80714e-06
-1.00387e-07
7.20292e-06
1.88353e-06
9.98732e-08
7.36942e-06
2.15215e-06
7.59266e-06
2.48321e-06
1.04736e-07
-2.99383e-06
7.15222e-06
8.7009e-08
-4.05553e-06
7.63718e-06
4.69316e-08
-4.13509e-06
7.48338e-06
3.67221e-12
-4.04627e-06
7.34419e-06
-4.69249e-08
-4.04627e-06
7.34419e-06
-8.70038e-08
-4.1351e-06
7.4834e-06
-1.04732e-07
-4.05555e-06
7.63721e-06
-2.99385e-06
7.15225e-06
-4.70734e-08
-5.10178e-06
2.04846e-08
-5.15044e-06
2.4229e-08
-5.25889e-06
7.9731e-13
-5.29025e-06
-2.42285e-08
-5.29023e-06
-2.04861e-08
-5.25882e-06
4.70725e-08
-5.15033e-06
-5.10164e-06
-3.21501e-09
5.82917e-05
-6.83994e-09
6.07813e-05
-6.28001e-09
6.08483e-05
-6.5688e-13
6.0807e-05
6.27878e-09
6.0807e-05
6.83894e-09
6.08483e-05
3.21439e-09
6.07813e-05
5.82917e-05
-2.17679e-07
-5.17351e-06
-1.26897e-07
3.14103e-06
-1.09386e-07
4.62753e-06
3.46261e-12
4.33057e-06
1.09393e-07
4.33056e-06
1.26904e-07
4.62751e-06
2.17688e-07
3.14101e-06
-5.17352e-06
9.30123e-08
-2.67676e-05
5.33362e-08
-2.88163e-05
1.58544e-08
-2.87269e-05
-6.46574e-13
-2.85223e-05
-1.58556e-08
-2.85223e-05
-5.33373e-08
-2.87269e-05
-9.3013e-08
-2.88163e-05
-2.67676e-05
9.60037e-08
1.02019e-05
-3.92761e-06
1.55225e-07
1.14302e-05
-4.06906e-06
1.28651e-07
1.0978e-05
-3.8027e-06
-2.14752e-14
1.06743e-05
-3.6846e-06
-1.28651e-07
1.06743e-05
-3.6846e-06
-1.55225e-07
1.0978e-05
-3.8027e-06
-9.60041e-08
1.14302e-05
-4.06906e-06
1.02019e-05
-3.92761e-06
2.70499e-07
-3.03951e-08
2.37362e-07
-2.32986e-07
1.27246e-07
-4.98533e-07
-5.69311e-12
-6.1709e-07
-1.27257e-07
-6.17081e-07
-2.37372e-07
-4.98512e-07
-2.70507e-07
-2.32959e-07
-3.03582e-08
2.74269e-07
1.06489e-06
1.67019e-07
1.74407e-06
6.53952e-08
2.24633e-06
-8.79794e-12
2.48474e-06
-6.5413e-08
2.48473e-06
-1.67036e-07
2.24628e-06
-2.74281e-07
1.74399e-06
1.06479e-06
2.22758e-07
-4.5704e-07
1.43271e-07
5.18815e-07
5.74532e-08
5.73436e-07
-4.66385e-13
5.08283e-07
-5.74541e-08
5.08283e-07
-1.43271e-07
5.73437e-07
-2.22759e-07
5.18814e-07
-4.57042e-07
2.00649e-07
9.75767e-06
2.18305e-07
9.61519e-06
1.29469e-07
9.55037e-06
-1.20354e-11
9.54139e-06
-1.29491e-07
9.54139e-06
-2.18322e-07
9.55035e-06
-2.00658e-07
9.61517e-06
9.75765e-06
1.9294e-07
-9.59811e-06
2.05161e-07
-9.571e-06
1.20714e-07
-9.63019e-06
-1.18866e-11
-9.66534e-06
-1.20735e-07
-9.66533e-06
-2.05177e-07
-9.63017e-06
-1.9295e-07
-9.57097e-06
-9.59808e-06
-4.4337e-08
2.48616e-05
-2.70365e-08
2.73918e-05
-1.28263e-08
2.75522e-05
-9.67645e-13
2.74458e-05
1.28245e-08
2.74458e-05
2.70351e-08
2.75522e-05
4.43361e-08
2.73918e-05
2.48616e-05
-4.66596e-06
-8.67799e-06
-3.81948e-06
-1.01801e-05
-1.71383e-06
-1.06461e-05
1.60808e-11
-1.05054e-05
1.71385e-06
-1.05054e-05
3.81949e-06
-1.06461e-05
4.66597e-06
-1.01801e-05
-8.67799e-06
5.98034e-08
-1.62201e-05
1.05807e-07
-1.65878e-05
7.4441e-08
-1.68198e-05
1.28735e-13
-1.69053e-05
-7.44408e-08
-1.69053e-05
-1.05806e-07
-1.68198e-05
-5.98032e-08
-1.65878e-05
-1.62201e-05
2.51664e-07
1.63673e-05
2.78943e-07
1.66478e-05
1.85944e-07
1.67541e-05
2.26216e-13
1.67638e-05
-1.85943e-07
1.67638e-05
-2.78943e-07
1.67541e-05
-2.51664e-07
1.66478e-05
1.63673e-05
-3.36228e-08
-5.89157e-08
-5.15335e-08
1.12056e-11
5.15545e-08
5.89321e-08
3.36321e-08
3.6627e-07
-9.93944e-06
3.88091e-07
-1.42407e-05
2.01825e-07
-1.489e-05
3.8135e-13
-1.48358e-05
-2.01824e-07
-1.48358e-05
-3.88091e-07
-1.489e-05
-3.66271e-07
-1.42406e-05
-9.93943e-06
1.72161e-07
1.02114e-05
1.87873e-07
1.42312e-05
1.06886e-07
1.47689e-05
1.51973e-13
1.46943e-05
-1.06885e-07
1.46943e-05
-1.87873e-07
1.47689e-05
-1.72162e-07
1.42312e-05
1.02114e-05
6.54003e-08
1.53515e-05
7.13559e-08
1.5533e-05
4.38388e-08
1.55637e-05
-1.06935e-11
1.55703e-05
-4.38583e-08
1.55703e-05
-7.13702e-08
1.55637e-05
-6.54077e-08
1.55329e-05
1.53514e-05
5.1134e-08
-1.52905e-05
5.00504e-08
-1.55229e-05
2.92669e-08
-1.55924e-05
-9.27203e-12
-1.56126e-05
-2.92837e-08
-1.56126e-05
-5.00626e-08
-1.55924e-05
-5.11402e-08
-1.55229e-05
-1.52905e-05
-2.15255e-08
2.96253e-05
-2.58938e-08
3.27454e-05
-1.47442e-08
3.28952e-05
-9.21017e-13
3.27347e-05
1.47425e-08
3.27347e-05
2.58924e-08
3.28952e-05
2.15245e-08
3.27454e-05
2.96253e-05
6.63227e-07
-2.68716e-05
4.44425e-07
-2.71992e-05
1.95773e-07
-2.71104e-05
-6.19103e-14
-2.70859e-05
-1.95773e-07
-2.70859e-05
-4.44425e-07
-2.71104e-05
-6.63228e-07
-2.71992e-05
-2.68716e-05
4.08843e-08
2.53963e-08
8.59624e-09
-6.11351e-12
-8.60769e-09
-2.54053e-08
-4.08885e-08
-1.89714e-08
-1.65223e-05
2.52094e-05
-8.66809e-06
4.25218e-09
-1.89435e-05
2.96913e-05
-1.07711e-05
1.3658e-08
-1.90951e-05
2.9999e-05
-1.09133e-05
-3.27353e-14
-1.90133e-05
2.98325e-05
-1.08056e-05
-1.36581e-08
-1.90133e-05
2.98325e-05
-1.08056e-05
-4.2524e-09
-1.90951e-05
2.9999e-05
-1.09133e-05
1.89712e-08
-1.89435e-05
2.96913e-05
-1.07711e-05
-1.65223e-05
2.52093e-05
-8.66809e-06
-3.9053e-07
1.09631e-06
-7.05779e-07
-3.17201e-07
1.11024e-06
-1.18357e-06
-1.41191e-07
1.10612e-06
-1.28213e-06
-4.8277e-11
1.12759e-06
-1.26873e-06
1.41103e-07
1.12759e-06
-1.26874e-06
3.17137e-07
1.10612e-06
-1.28216e-06
3.905e-07
1.11024e-06
-1.18361e-06
1.09633e-06
-7.05831e-07
-5.39892e-07
-4.26606e-06
4.80595e-06
-1.37809e-07
-4.93679e-06
4.53471e-06
2.13958e-08
-4.79229e-06
4.63309e-06
4.79079e-11
-4.67086e-06
4.6922e-06
-2.13134e-08
-4.67085e-06
4.69221e-06
1.37876e-07
-4.79228e-06
4.63309e-06
5.39937e-07
-4.93677e-06
4.53471e-06
-4.26602e-06
4.80596e-06
-8.20288e-08
-4.18403e-06
-3.58751e-08
-4.98295e-06
5.81293e-09
-4.83398e-06
3.01335e-11
-4.66507e-06
-5.75455e-09
-4.66506e-06
3.59219e-08
-4.83396e-06
8.20561e-08
-4.9829e-06
-4.18397e-06
-5.59521e-07
-7.99911e-06
8.55864e-06
-4.12882e-07
-8.57361e-06
8.42697e-06
-1.97874e-07
-8.70017e-06
8.48516e-06
-2.09217e-13
-8.74433e-06
8.54646e-06
1.97873e-07
-8.74433e-06
8.54646e-06
4.12881e-07
-8.70017e-06
8.48516e-06
5.5952e-07
-8.57361e-06
8.42697e-06
-7.99912e-06
8.55864e-06
-3.77292e-07
1.4736e-06
-3.27764e-07
1.06071e-06
-1.65304e-07
9.4366e-07
-4.91121e-11
9.62333e-07
1.65212e-07
9.62326e-07
3.27693e-07
9.4364e-07
3.77256e-07
1.06068e-06
1.47359e-06
-7.28768e-08
-7.92624e-06
-1.0009e-07
-8.5464e-06
-5.20329e-08
-8.74823e-06
6.9485e-15
-8.79636e-06
5.20329e-08
-8.79636e-06
1.0009e-07
-8.74823e-06
7.28766e-08
-8.5464e-06
-7.92624e-06
-7.87484e-08
3.12504e-05
-3.90862e-08
3.25647e-05
-2.00485e-08
3.26273e-05
-1.29645e-12
3.26114e-05
2.00461e-08
3.26114e-05
3.90839e-08
3.26273e-05
7.87462e-08
3.25647e-05
3.12504e-05
-1.2086e-07
2.71862e-05
-5.83105e-08
2.86679e-05
-2.67329e-08
2.8746e-05
-6.65172e-13
2.87295e-05
2.67316e-08
2.87295e-05
5.83094e-08
2.8746e-05
1.20859e-07
2.86679e-05
2.71862e-05
3.64367e-07
-2.09976e-06
2.51755e-07
-1.78376e-06
1.02237e-07
-1.91455e-06
2.23923e-12
-2.04603e-06
-1.02234e-07
-2.04602e-06
-2.51753e-07
-1.91453e-06
-3.64366e-07
-1.78373e-06
-2.09973e-06
-1.34799e-08
-3.92318e-08
7.56923e-10
-3.85413e-07
8.2188e-09
-8.01187e-07
-1.52568e-12
-1.01215e-06
-8.22242e-09
-1.01213e-06
-7.61063e-10
-8.01152e-07
1.34781e-08
-3.85363e-07
-3.91892e-08
1.21941e-07
-6.42149e-06
8.11899e-08
-7.09306e-06
5.22582e-08
-7.1927e-06
8.29784e-12
-7.19416e-06
-5.22428e-08
-7.19415e-06
-8.11786e-08
-7.19267e-06
-1.21937e-07
-7.09301e-06
-6.42141e-06
8.53207e-08
8.99393e-08
5.47278e-08
-6.87167e-12
-5.47403e-08
-8.99484e-08
-8.53253e-08
-7.36195e-08
-1.64487e-05
-1.18773e-08
-1.90052e-05
1.2218e-08
-1.91192e-05
1.79332e-13
-1.9001e-05
-1.22178e-08
-1.9001e-05
1.18773e-08
-1.91192e-05
7.36193e-08
-1.90052e-05
-1.64487e-05
1.35993e-07
-7.938e-06
2.23166e-07
-8.50018e-06
1.74162e-07
-8.73004e-06
1.30851e-13
-8.70573e-06
-1.74162e-07
-8.70573e-06
-2.23166e-07
-8.73004e-06
-1.35993e-07
-8.50018e-06
-7.938e-06
-1.27087e-07
-1.25453e-07
-8.45885e-08
8.45111e-12
8.46041e-08
1.25464e-07
1.27094e-07
-4.45405e-06
-1.26311e-06
5.71716e-06
-3.56955e-06
-4.85536e-06
3.97086e-06
-1.54043e-06
-5.56335e-06
3.53424e-06
1.41997e-11
-5.29596e-06
3.75551e-06
1.54046e-06
-5.29596e-06
3.75552e-06
3.56956e-06
-5.56335e-06
3.53424e-06
4.45405e-06
-4.85536e-06
3.97087e-06
-1.26311e-06
5.71716e-06
-2.89772e-06
1.6346e-06
-2.25905e-06
-5.49403e-06
-1.06659e-06
-6.75581e-06
9.81638e-12
-6.36256e-06
1.06661e-06
-6.36256e-06
2.25906e-06
-6.7558e-06
2.89772e-06
-5.49402e-06
1.63461e-06
1.0872e-07
6.04551e-08
2.65338e-08
-1.0242e-12
-2.65361e-08
-6.04572e-08
-1.0872e-07
-1.12838e-08
-2.65372e-05
2.99674e-06
-7.3464e-09
-2.97375e-05
4.72671e-06
-3.90152e-09
-2.99233e-05
4.79978e-06
-1.46103e-12
-2.97729e-05
4.6876e-06
3.89881e-09
-2.97729e-05
4.6876e-06
7.34427e-09
-2.99233e-05
4.79978e-06
1.12825e-08
-2.97375e-05
4.7267e-06
-2.65372e-05
2.99674e-06
-5.49439e-07
-9.54636e-07
-1.65343e-07
-1.63859e-06
1.11306e-08
-1.43269e-06
2.6472e-11
-1.03606e-06
-1.10842e-08
-1.03604e-06
1.65386e-07
-1.43263e-06
5.49488e-07
-1.6385e-06
-9.54481e-07
-6.64088e-07
-6.44092e-06
-7.2697e-07
-1.11825e-05
-4.47112e-07
-1.19381e-05
6.47012e-12
-1.19073e-05
4.47124e-07
-1.19073e-05
7.2698e-07
-1.19381e-05
6.64095e-07
-1.11825e-05
-6.4409e-06
1.02317e-07
5.4811e-08
2.05396e-08
2.11216e-13
-2.05393e-08
-5.48109e-08
-1.02317e-07
7.30789e-08
6.85237e-08
3.70743e-08
-2.29533e-12
-3.70784e-08
-6.85259e-08
-7.30781e-08
6.5739e-08
6.11412e-08
3.52354e-08
-9.72212e-12
-3.52533e-08
-6.11547e-08
-6.5746e-08
3.67516e-07
1.6134e-05
3.34452e-05
3.293e-07
1.82231e-05
3.5919e-05
1.7784e-07
1.8657e-05
3.64822e-05
-2.81703e-12
1.86745e-05
3.64622e-05
-1.77844e-07
1.86745e-05
3.64622e-05
-3.29303e-07
1.8657e-05
3.64822e-05
-3.67517e-07
1.82231e-05
3.5919e-05
1.6134e-05
3.34452e-05
5.87601e-08
-1.66712e-05
-3.34082e-05
3.8833e-08
-1.67329e-05
-3.35138e-05
1.85221e-08
-1.67278e-05
-3.3499e-05
-2.24055e-15
-1.67262e-05
-3.34954e-05
-1.85221e-08
-1.67262e-05
-3.34954e-05
-3.8833e-08
-1.67278e-05
-3.3499e-05
-5.87601e-08
-1.67329e-05
-3.35138e-05
-1.66712e-05
-3.34082e-05
1.41649e-08
1.50414e-05
1.01538e-05
2.46251e-08
1.83116e-05
1.13693e-05
2.15577e-08
1.85279e-05
1.14742e-05
-1.55374e-14
1.83945e-05
1.14596e-05
-2.15578e-08
1.83945e-05
1.14596e-05
-2.46253e-08
1.85278e-05
1.14742e-05
-1.41651e-08
1.83116e-05
1.13693e-05
1.50414e-05
1.01538e-05
-4.01453e-08
1.83993e-05
-6.06552e-06
-1.07058e-07
1.97468e-05
-6.19857e-06
-1.04688e-07
1.95159e-05
-6.22975e-06
6.93008e-12
1.92507e-05
-6.29336e-06
1.047e-07
1.92507e-05
-6.29336e-06
1.07065e-07
1.9516e-05
-6.22976e-06
4.01466e-08
1.97469e-05
-6.19859e-06
1.83993e-05
-6.06555e-06
-3.58244e-08
2.13394e-06
-3.05275e-06
-7.59371e-08
1.67916e-06
-3.27764e-06
-5.58134e-08
1.83436e-06
-3.28717e-06
6.87791e-12
2.16537e-06
-3.25725e-06
5.58286e-08
2.16538e-06
-3.25724e-06
7.59494e-08
1.83441e-06
-3.28716e-06
3.58268e-08
1.67925e-06
-3.27763e-06
2.13407e-06
-3.05273e-06
5.02536e-07
1.56253e-06
5.74757e-08
9.88687e-06
-4.88784e-08
1.09961e-05
3.56241e-12
1.06386e-05
4.88855e-08
1.06386e-05
-5.74695e-08
1.09961e-05
-5.02532e-07
9.88686e-06
1.5625e-06
2.47408e-08
1.07655e-05
2.41618e-08
1.36323e-05
1.24836e-08
1.3875e-05
-1.18481e-12
1.37506e-05
-1.24857e-08
1.37506e-05
-2.41635e-08
1.3875e-05
-2.47417e-08
1.36323e-05
1.07655e-05
2.06987e-07
7.29092e-06
1.50891e-07
8.26103e-06
6.37864e-08
8.11503e-06
1.09072e-12
7.90886e-06
-6.37846e-08
7.90887e-06
-1.5089e-07
8.11505e-06
-2.06987e-07
8.26106e-06
7.29095e-06
-1.91452e-08
1.50606e-05
3.50373e-08
1.82574e-05
3.75411e-08
1.85254e-05
1.73689e-13
1.8432e-05
-3.75408e-08
1.8432e-05
-3.50373e-08
1.85253e-05
1.9145e-08
1.82574e-05
1.50605e-05
5.75684e-08
2.26077e-06
-1.83115e-05
6.66986e-08
3.75188e-06
-2.21354e-05
4.10573e-08
3.88701e-06
-2.24983e-05
-2.01298e-13
3.81487e-06
-2.23883e-05
-4.10577e-08
3.81487e-06
-2.23883e-05
-6.66989e-08
3.887e-06
-2.24983e-05
-5.75687e-08
3.75188e-06
-2.21354e-05
2.26077e-06
-1.83115e-05
-3.30072e-08
-7.02217e-08
-4.87437e-08
-5.1839e-12
4.87331e-08
7.02104e-08
3.29953e-08
3.60559e-08
6.19178e-08
4.56271e-08
1.685e-13
-4.56268e-08
-6.19178e-08
-3.60561e-08
9.28112e-09
2.13983e-07
1.55185e-07
-4.86133e-14
-1.55185e-07
-2.13983e-07
-9.28178e-09
-4.92096e-09
-7.68895e-09
-4.55035e-09
-1.30992e-12
4.54792e-09
7.68701e-09
4.91977e-09
-1.3894e-06
2.32658e-07
-4.01677e-06
-1.02791e-06
6.8419e-06
-4.06235e-06
-5.29621e-07
8.16024e-06
-4.031e-06
5.10979e-12
7.79707e-06
-3.99612e-06
5.29632e-07
7.79706e-06
-3.99612e-06
1.02792e-06
8.16023e-06
-4.03101e-06
1.3894e-06
6.84189e-06
-4.06235e-06
2.32652e-07
-4.01677e-06
5.97529e-08
6.62523e-08
3.33764e-08
-9.09517e-12
-3.33939e-08
-6.6267e-08
-5.9761e-08
1.02722e-07
4.19436e-06
9.8442e-08
4.20978e-06
5.09298e-08
4.02745e-06
2.35275e-12
3.91351e-06
-5.09257e-08
3.91352e-06
-9.84392e-08
4.02747e-06
-1.02721e-07
4.2098e-06
4.19438e-06
4.50392e-07
7.97719e-06
-4.51432e-06
3.25241e-07
8.70734e-06
-3.67853e-06
1.32698e-07
8.679e-06
-3.62173e-06
-1.31521e-13
8.51043e-06
-3.75463e-06
-1.32698e-07
8.51043e-06
-3.75463e-06
-3.25241e-07
8.679e-06
-3.62173e-06
-4.50392e-07
8.70734e-06
-3.67853e-06
7.97719e-06
-4.51432e-06
1.5956e-07
2.03755e-07
1.23937e-07
-1.24247e-11
-1.2396e-07
-2.03771e-07
-1.59571e-07
-2.61955e-08
-2.05409e-08
-1.05959e-08
-1.02663e-12
1.0594e-08
2.05394e-08
2.61946e-08
1.54609e-08
-1.34169e-05
1.65104e-08
-1.44424e-05
1.0835e-08
-1.45455e-05
-7.21864e-13
-1.45456e-05
-1.08364e-08
-1.45456e-05
-1.65114e-08
-1.45455e-05
-1.54615e-08
-1.44424e-05
-1.34169e-05
-1.25194e-07
1.60817e-06
-1.58339e-07
1.63305e-06
-1.23789e-07
1.33391e-06
6.44468e-12
1.08327e-06
1.238e-07
1.08327e-06
1.58345e-07
1.33393e-06
1.25196e-07
1.63307e-06
1.60819e-06
1.47213e-07
2.07207e-07
1.41486e-07
1.722e-13
-1.41486e-07
-2.07206e-07
-1.47213e-07
2.71954e-07
2.62543e-07
1.41489e-07
1.90625e-13
-1.41489e-07
-2.62543e-07
-2.71955e-07
6.09063e-08
7.09887e-08
4.23099e-08
-9.8862e-12
-4.23277e-08
-7.10013e-08
-6.09128e-08
1.14719e-07
-4.0463e-06
-5.54631e-08
-4.34923e-06
-9.20119e-08
-4.35883e-06
4.28472e-12
-4.22001e-06
9.20191e-08
-4.22e-06
5.54653e-08
-4.35879e-06
-1.14721e-07
-4.34916e-06
-4.0462e-06
-2.9484e-08
-2.38783e-08
-1.28439e-08
-1.02661e-12
1.2842e-08
2.38768e-08
2.9483e-08
3.91916e-08
2.46355e-07
1.95308e-07
4.64145e-14
-1.95308e-07
-2.46355e-07
-3.91914e-08
2.87905e-07
3.46194e-07
2.26658e-07
2.82815e-14
-2.26658e-07
-3.46194e-07
-2.87905e-07
2.93605e-08
3.71209e-08
2.41664e-08
-2.29571e-13
-2.41669e-08
-3.71212e-08
-2.93607e-08
-1.73663e-07
-5.55481e-06
-1.89201e-07
-6.31307e-06
-9.97349e-08
-6.55364e-06
-2.85316e-13
-6.59955e-06
9.97343e-08
-6.59955e-06
1.892e-07
-6.55364e-06
1.73662e-07
-6.31307e-06
-5.55482e-06
-2.02245e-07
-3.57012e-06
-1.33133e-07
-4.58021e-06
-3.8805e-08
-4.50622e-06
2.29326e-11
-4.36172e-06
3.88503e-08
-4.36171e-06
1.33171e-07
-4.5062e-06
2.02269e-07
-4.58017e-06
-3.57007e-06
-2.78415e-07
8.77578e-07
-2.23171e-07
-4.05679e-07
-8.6135e-08
-5.42373e-07
-2.76677e-11
-4.49975e-07
8.60788e-08
-4.4999e-07
2.23125e-07
-5.42405e-07
2.78387e-07
-4.05727e-07
8.77513e-07
7.36636e-08
5.55641e-06
4.16965e-08
5.83376e-06
1.44051e-08
5.85881e-06
1.0503e-11
5.8585e-06
-1.43851e-08
5.85849e-06
-4.16819e-08
5.8588e-06
-7.3656e-08
5.83375e-06
5.5564e-06
-9.43903e-08
-9.0366e-07
-8.14311e-08
-8.57453e-07
-4.26219e-08
-9.23221e-07
-2.80407e-11
-9.59703e-07
4.25696e-08
-9.59705e-07
8.13897e-08
-9.23229e-07
9.43664e-08
-8.5747e-07
-9.03671e-07
6.57441e-08
9.87363e-06
5.65605e-08
9.99089e-06
3.67832e-08
1.01086e-05
4.23215e-14
1.01932e-05
-3.67831e-08
1.01932e-05
-5.65604e-08
1.01086e-05
-6.57439e-08
9.99089e-06
9.87363e-06
-5.54115e-08
-5.51008e-08
-2.89699e-08
-8.2659e-13
2.89684e-08
5.50993e-08
5.54104e-08
9.90226e-08
8.11528e-06
7.99277e-08
8.59157e-06
3.71093e-08
8.48633e-06
2.93302e-12
8.39696e-06
-3.71039e-08
8.39697e-06
-7.99236e-08
8.48634e-06
-9.90203e-08
8.59159e-06
8.1153e-06
1.66612e-07
1.24691e-05
8.34691e-08
1.34504e-05
3.10975e-08
1.34235e-05
-4.06869e-13
1.33223e-05
-3.10983e-08
1.33223e-05
-8.34698e-08
1.34235e-05
-1.66613e-07
1.34504e-05
1.24691e-05
1.52426e-07
1.05893e-07
4.49119e-08
4.2136e-12
-4.49043e-08
-1.05887e-07
-1.52424e-07
4.34415e-08
3.66951e-05
4.15166e-08
4.07619e-05
2.4796e-08
4.14929e-05
9.81072e-14
4.14566e-05
-2.47958e-08
4.14566e-05
-4.15164e-08
4.14929e-05
-4.34414e-08
4.07619e-05
3.66951e-05
4.69965e-08
-3.99242e-05
3.17396e-08
-4.00122e-05
1.56266e-08
-3.9998e-05
-1.70653e-15
-3.99944e-05
-1.56266e-08
-3.99944e-05
-3.17396e-08
-3.9998e-05
-4.69965e-08
-4.00122e-05
-3.99242e-05
-2.62776e-07
-8.76902e-07
-3.45867e-07
-9.20994e-07
-2.38009e-07
-7.6006e-07
9.14291e-12
-7.0133e-07
2.38024e-07
-7.01344e-07
3.45872e-07
-7.60098e-07
2.62774e-07
-9.21047e-07
-8.76965e-07
4.21168e-07
3.3024e-05
3.27966e-07
3.60122e-05
1.67292e-07
3.66429e-05
-2.74207e-12
3.66295e-05
-1.67296e-07
3.66295e-05
-3.27969e-07
3.66429e-05
-4.2117e-07
3.60122e-05
3.3024e-05
2.29e-07
-2.28422e-05
2.07746e-07
-2.48498e-05
1.09592e-07
-2.5219e-05
-1.40123e-12
-2.51879e-05
-1.09594e-07
-2.51879e-05
-2.07748e-07
-2.5219e-05
-2.29001e-07
-2.48498e-05
-2.28422e-05
3.34272e-08
3.34593e-05
2.44973e-05
1.22292e-08
3.34917e-05
2.45195e-05
5.36858e-09
3.34832e-05
2.45137e-05
-5.28353e-16
3.34822e-05
2.45132e-05
-5.36858e-09
3.34822e-05
2.45132e-05
-1.22292e-08
3.34832e-05
2.45137e-05
-3.34272e-08
3.34917e-05
2.45195e-05
3.34593e-05
2.44973e-05
5.10982e-08
2.90251e-08
1.31883e-08
-1.11836e-15
-1.31883e-08
-2.90251e-08
-5.10982e-08
1.1378e-07
2.6535e-06
8.81861e-08
3.41915e-06
4.23434e-08
3.55717e-06
4.58755e-12
3.54919e-06
-4.2335e-08
3.54919e-06
-8.81795e-08
3.55717e-06
-1.13776e-07
3.41915e-06
2.6535e-06
4.76212e-08
-1.21819e-07
-1.38076e-07
9.82171e-13
1.38077e-07
1.21814e-07
-4.76289e-08
1.57712e-08
1.43815e-05
8.31315e-09
1.53234e-05
-2.2747e-09
1.52729e-05
-1.97241e-13
1.51899e-05
2.2743e-09
1.51899e-05
-8.31352e-09
1.52729e-05
-1.57715e-08
1.53234e-05
1.43815e-05
-6.81194e-08
5.0263e-06
-3.32927e-08
5.06037e-06
-2.55502e-09
5.08416e-06
9.57218e-14
5.11575e-06
2.55514e-09
5.11575e-06
3.32926e-08
5.08416e-06
6.81192e-08
5.06037e-06
5.0263e-06
1.99402e-08
1.5164e-09
-5.61768e-09
4.6819e-12
5.62667e-09
-1.50985e-09
-1.99377e-08
6.17735e-07
3.15266e-07
1.22129e-07
2.57968e-12
-1.22124e-07
-3.15262e-07
-6.17734e-07
7.12147e-08
4.86053e-08
4.24558e-08
-2.76035e-14
-4.24558e-08
-4.86053e-08
-7.12143e-08
1.27745e-08
-2.59155e-08
-2.5334e-08
1.38063e-11
2.5361e-08
2.59368e-08
-1.27618e-08
-1.64307e-08
5.74103e-08
4.04908e-08
-1.19893e-11
-4.05153e-08
-5.74329e-08
1.64085e-08
-2.72817e-06
-2.09551e-06
-1.04717e-06
8.74507e-12
1.04719e-06
2.09552e-06
2.72817e-06
-3.51762e-08
2.20517e-05
-1.35249e-08
2.52359e-05
-9.67551e-10
2.54712e-05
-4.50525e-13
2.53496e-05
9.66709e-10
2.53496e-05
1.35242e-08
2.54712e-05
3.51758e-08
2.52359e-05
2.20517e-05
1.14458e-07
9.06516e-08
4.12713e-08
3.75057e-12
-4.12644e-08
-9.06461e-08
-1.14454e-07
-8.19639e-07
-4.89151e-07
-2.79904e-07
3.81564e-12
2.79912e-07
4.89158e-07
8.19649e-07
-3.32147e-08
-1.08571e-08
1.6154e-09
-3.5477e-13
-1.61606e-09
1.08566e-08
3.32144e-08
8.30239e-08
4.05717e-08
1.01075e-08
-3.1178e-13
-1.01081e-08
-4.05722e-08
-8.30243e-08
3.35945e-08
1.88624e-08
8.06224e-09
-6.92751e-16
-8.06224e-09
-1.88624e-08
-3.35945e-08
1.87408e-08
2.49046e-08
1.52117e-08
7.9919e-14
-1.52116e-08
-2.49045e-08
-1.87407e-08
)
;

boundaryField
{
    adiabatic_walls
    {
        type            calculated;
        value           uniform 0;
    }
    heated_wall
    {
        type            calculated;
        value           uniform 0;
    }
    outlet
    {
        type            calculated;
        value           nonuniform List<scalar> 
16
(
5.04803e-05
5.69997e-05
5.80547e-05
5.79779e-05
5.79779e-05
5.80547e-05
5.69997e-05
5.04803e-05
5.56372e-05
6.08832e-05
6.196e-05
6.1927e-05
6.1927e-05
6.196e-05
6.08832e-05
5.56372e-05
)
;
    }
    inlet
    {
        type            calculated;
        value           nonuniform List<scalar> 
16
(
-5.799e-05
-5.799e-05
-5.799e-05
-5.799e-05
-5.799e-05
-5.799e-05
-5.799e-05
-5.799e-05
-5.799e-05
-5.799e-05
-5.799e-05
-5.799e-05
-5.799e-05
-5.799e-05
-5.799e-05
-5.799e-05
)
;
    }
}


// ************************************************************************* //
