/*--------------------------------*- C++ -*----------------------------------*\
| =========                 |                                                 |
| \\      /  F ield         | OpenFOAM: The Open Source CFD Toolbox           |
|  \\    /   O peration     | Version:  2512                                  |
|   \\  /    A nd           | Website:  www.openfoam.com                      |
|    \\/     M anipulation  |                                                 |
\*---------------------------------------------------------------------------*/
FoamFile
{
    version     2.0;
    format      ascii;
    arch        "LSB;label=32;scalar=64";
    class       volScalarField;
    location    "0";
    object      Cy;
}
// * * * * * * * * * * * * * * * * * * * * * * * * * * * * * * * * * * * * * //

dimensions      [0 1 0 0 0 0 0];

internalField   nonuniform List<scalar> 
55296
(
-0.0073431431
-0.0066960953
-0.0060490476
-0.0054019998
-0.0066764764
-0.0060294287
-0.0053823809
-0.0047353331
-0.0060098097
-0.005362762
-0.0047157142
-0.0040686665
-0.0053431431
-0.0046960953
-0.0040490476
-0.0034019998
-0.0046764764
-0.0040294287
-0.0033823809
-0.0027353331
-0.0040098097
-0.003362762
-0.0027157142
-0.0020686665
-0.0033431431
-0.0026960953
-0.0020490476
-0.0014019998
-0.0026764764
-0.0020294287
-0.0013823809
-0.00073533314
-0.0020098097
-0.001362762
-0.00071571423
-6.8666473e-05
-0.0013431431
-0.00069609532
-4.9047563e-05
0.00059800019
-0.00067647641
-2.9428653e-05
0.0006176191
0.0012646669
-9.8097432e-06
0.00063723801
0.0012842858
0.0019313335
0.00065685692
0.0013039047
0.0019509524
0.0025980002
0.0013235236
0.0019705713
0.0026176191
0.0032646669
0.0019901903
0.002637238
0.0032842858
0.0039313335
0.0026568569
0.0033039047
0.0039509524
0.0045980002
0.0033235236
0.0039705713
0.0046176191
0.0052646669
0.0039901903
0.004637238
0.0052842858
0.0059313335
0.0046568569
0.0053039047
0.0059509524
0.0065980002
0.0053235236
0.0059705713
0.0066176191
0.0072646669
0.0059901903
0.006637238
0.0072842858
0.0079313335
0.0066568569
0.0073039047
0.0079509524
0.0085980002
0.0073235236
0.0079705713
0.0086176191
0.0092646669
0.0079901903
0.008637238
0.0092842858
0.0099313335
-0.0073431431
-0.0066960953
-0.0060490476
-0.0054019998
-0.0066764764
-0.0060294287
-0.0053823809
-0.0047353331
-0.0060098097
-0.005362762
-0.0047157142
-0.0040686665
-0.0053431431
-0.0046960953
-0.0040490476
-0.0034019998
-0.0046764764
-0.0040294287
-0.0033823809
-0.0027353331
-0.0040098097
-0.003362762
-0.0027157142
-0.0020686665
-0.0033431431
-0.0026960953
-0.0020490476
-0.0014019998
-0.0026764764
-0.0020294287
-0.0013823809
-0.00073533314
-0.0020098097
-0.001362762
-0.00071571423
-6.8666469e-05
-0.0013431431
-0.00069609532
-4.9047562e-05
0.0005980002
-0.00067647641
-2.9428654e-05
0.0006176191
0.0012646669
-9.8097463e-06
0.00063723801
0.0012842858
0.0019313335
0.00065685692
0.0013039047
0.0019509524
0.0025980002
0.0013235236
0.0019705713
0.0026176191
0.0032646669
0.0019901903
0.002637238
0.0032842858
0.0039313335
0.0026568569
0.0033039047
0.0039509524
0.0045980002
0.0033235236
0.0039705713
0.0046176191
0.0052646669
0.0039901903
0.004637238
0.0052842858
0.0059313335
0.0046568569
0.0053039047
0.0059509524
0.0065980002
0.0053235236
0.0059705713
0.0066176191
0.0072646669
0.0059901903
0.006637238
0.0072842858
0.0079313335
0.0066568569
0.0073039047
0.0079509524
0.0085980002
0.0073235236
0.0079705713
0.0086176191
0.0092646669
0.0079901903
0.008637238
0.0092842858
0.0099313335
-0.0073431431
-0.0066960953
-0.0060490476
-0.0054019998
-0.0066764764
-0.0060294287
-0.0053823809
-0.0047353331
-0.0060098097
-0.005362762
-0.0047157142
-0.0040686665
-0.0053431431
-0.0046960953
-0.0040490476
-0.0034019998
-0.0046764764
-0.0040294287
-0.0033823809
-0.0027353331
-0.0040098097
-0.003362762
-0.0027157142
-0.0020686665
-0.0033431431
-0.0026960953
-0.0020490476
-0.0014019998
-0.0026764764
-0.0020294287
-0.0013823809
-0.00073533313
-0.0020098097
-0.001362762
-0.00071571423
-6.8666468e-05
-0.0013431431
-0.00069609532
-4.9047561e-05
0.0005980002
-0.00067647642
-2.9428655e-05
0.00061761911
0.0012646669
-9.8097486e-06
0.00063723801
0.0012842858
0.0019313335
0.00065685692
0.0013039047
0.0019509524
0.0025980002
0.0013235236
0.0019705713
0.0026176191
0.0032646669
0.0019901903
0.002637238
0.0032842858
0.0039313335
0.0026568569
0.0033039047
0.0039509524
0.0045980002
0.0033235236
0.0039705713
0.0046176191
0.0052646669
0.0039901903
0.004637238
0.0052842858
0.0059313335
0.0046568569
0.0053039047
0.0059509524
0.0065980002
0.0053235236
0.0059705713
0.0066176191
0.0072646669
0.0059901903
0.006637238
0.0072842858
0.0079313335
0.0066568569
0.0073039047
0.0079509524
0.0085980002
0.0073235236
0.0079705713
0.0086176191
0.0092646669
0.0079901903
0.008637238
0.0092842858
0.0099313335
-0.0073431431
-0.0066960953
-0.0060490476
-0.0054019998
-0.0066764764
-0.0060294287
-0.0053823809
-0.0047353331
-0.0060098098
-0.005362762
-0.0047157142
-0.0040686665
-0.0053431431
-0.0046960953
-0.0040490476
-0.0034019998
-0.0046764764
-0.0040294287
-0.0033823809
-0.0027353331
-0.0040098098
-0.003362762
-0.0027157142
-0.0020686665
-0.0033431431
-0.0026960953
-0.0020490476
-0.0014019998
-0.0026764764
-0.0020294287
-0.0013823809
-0.00073533313
-0.0020098098
-0.001362762
-0.00071571423
-6.8666464e-05
-0.0013431431
-0.00069609532
-4.904756e-05
0.0005980002
-0.00067647642
-2.9428656e-05
0.00061761911
0.0012646669
-9.8097516e-06
0.00063723801
0.0012842858
0.0019313335
0.00065685691
0.0013039047
0.0019509524
0.0025980002
0.0013235236
0.0019705713
0.0026176191
0.0032646669
0.0019901902
0.002637238
0.0032842858
0.0039313335
0.0026568569
0.0033039047
0.0039509524
0.0045980002
0.0033235236
0.0039705713
0.0046176191
0.0052646669
0.0039901902
0.004637238
0.0052842858
0.0059313335
0.0046568569
0.0053039047
0.0059509524
0.0065980002
0.0053235236
0.0059705713
0.0066176191
0.0072646669
0.0059901902
0.006637238
0.0072842858
0.0079313335
0.0066568569
0.0073039047
0.0079509524
0.0085980002
0.0073235236
0.0079705713
0.0086176191
0.0092646669
0.0079901902
0.008637238
0.0092842858
0.0099313335
-0.0073431431
-0.0066960953
-0.0060490476
-0.0054019998
-0.0066764764
-0.0060294287
-0.0053823809
-0.0047353331
-0.0060098098
-0.005362762
-0.0047157142
-0.0040686665
-0.0053431431
-0.0046960953
-0.0040490476
-0.0034019998
-0.0046764764
-0.0040294287
-0.0033823809
-0.0027353331
-0.0040098098
-0.003362762
-0.0027157142
-0.0020686665
-0.0033431431
-0.0026960953
-0.0020490476
-0.0014019998
-0.0026764764
-0.0020294287
-0.0013823809
-0.00073533313
-0.0020098098
-0.001362762
-0.00071571423
-6.8666462e-05
-0.0013431431
-0.00069609532
-4.9047559e-05
0.0005980002
-0.00067647642
-2.9428657e-05
0.00061761911
0.0012646669
-9.8097545e-06
0.00063723801
0.0012842858
0.0019313335
0.00065685691
0.0013039047
0.0019509524
0.0025980002
0.0013235236
0.0019705713
0.0026176191
0.0032646669
0.0019901902
0.002637238
0.0032842858
0.0039313335
0.0026568569
0.0033039047
0.0039509524
0.0045980002
0.0033235236
0.0039705713
0.0046176191
0.0052646669
0.0039901902
0.004637238
0.0052842858
0.0059313335
0.0046568569
0.0053039047
0.0059509524
0.0065980002
0.0053235236
0.0059705713
0.0066176191
0.0072646669
0.0059901902
0.006637238
0.0072842858
0.0079313335
0.0066568569
0.0073039047
0.0079509524
0.0085980002
0.0073235236
0.0079705713
0.0086176191
0.0092646669
0.0079901902
0.008637238
0.0092842858
0.0099313335
-0.0073431431
-0.0066960953
-0.0060490476
-0.0054019998
-0.0066764764
-0.0060294287
-0.0053823809
-0.0047353331
-0.0060098098
-0.005362762
-0.0047157142
-0.0040686665
-0.0053431431
-0.0046960953
-0.0040490476
-0.0034019998
-0.0046764764
-0.0040294287
-0.0033823809
-0.0027353331
-0.0040098098
-0.003362762
-0.0027157142
-0.0020686665
-0.0033431431
-0.0026960953
-0.0020490476
-0.0014019998
-0.0026764764
-0.0020294287
-0.0013823809
-0.00073533313
-0.0020098098
-0.001362762
-0.00071571422
-6.8666459e-05
-0.0013431431
-0.00069609532
-4.9047558e-05
0.00059800021
-0.00067647642
-2.9428658e-05
0.00061761911
0.0012646669
-9.8097574e-06
0.00063723801
0.0012842858
0.0019313335
0.00065685691
0.0013039047
0.0019509524
0.0025980002
0.0013235236
0.0019705713
0.0026176191
0.0032646669
0.0019901902
0.002637238
0.0032842858
0.0039313335
0.0026568569
0.0033039047
0.0039509524
0.0045980002
0.0033235236
0.0039705713
0.0046176191
0.0052646669
0.0039901902
0.004637238
0.0052842858
0.0059313335
0.0046568569
0.0053039047
0.0059509524
0.0065980002
0.0053235236
0.0059705713
0.0066176191
0.0072646669
0.0059901902
0.006637238
0.0072842858
0.0079313335
0.0066568569
0.0073039047
0.0079509524
0.0085980002
0.0073235236
0.0079705713
0.0086176191
0.0092646669
0.0079901902
0.008637238
0.0092842858
0.0099313335
-0.0073431431
-0.0066960953
-0.0060490476
-0.0054019998
-0.0066764764
-0.0060294287
-0.0053823809
-0.0047353331
-0.0060098098
-0.005362762
-0.0047157142
-0.0040686665
-0.0053431431
-0.0046960953
-0.0040490476
-0.0034019998
-0.0046764764
-0.0040294287
-0.0033823809
-0.0027353331
-0.0040098098
-0.003362762
-0.0027157142
-0.0020686665
-0.0033431431
-0.0026960953
-0.0020490476
-0.0014019998
-0.0026764764
-0.0020294287
-0.0013823809
-0.00073533312
-0.0020098098
-0.001362762
-0.00071571422
-6.8666456e-05
-0.0013431431
-0.00069609533
-4.9047557e-05
0.00059800021
-0.00067647643
-2.9428659e-05
0.00061761911
0.0012646669
-9.8097603e-06
0.00063723801
0.0012842858
0.0019313335
0.00065685691
0.0013039047
0.0019509524
0.0025980002
0.0013235236
0.0019705713
0.0026176191
0.0032646669
0.0019901902
0.002637238
0.0032842858
0.0039313335
0.0026568569
0.0033039047
0.0039509524
0.0045980002
0.0033235236
0.0039705713
0.0046176191
0.0052646669
0.0039901902
0.004637238
0.0052842858
0.0059313335
0.0046568569
0.0053039047
0.0059509524
0.0065980002
0.0053235236
0.0059705713
0.0066176191
0.0072646669
0.0059901902
0.006637238
0.0072842858
0.0079313335
0.0066568569
0.0073039047
0.0079509524
0.0085980002
0.0073235236
0.0079705713
0.0086176191
0.0092646669
0.0079901902
0.008637238
0.0092842858
0.0099313335
-0.0073431431
-0.0066960953
-0.0060490476
-0.0054019998
-0.0066764764
-0.0060294287
-0.0053823809
-0.0047353331
-0.0060098098
-0.005362762
-0.0047157142
-0.0040686665
-0.0053431431
-0.0046960953
-0.0040490476
-0.0034019998
-0.0046764764
-0.0040294287
-0.0033823809
-0.0027353331
-0.0040098098
-0.003362762
-0.0027157142
-0.0020686665
-0.0033431431
-0.0026960953
-0.0020490476
-0.0014019998
-0.0026764764
-0.0020294287
-0.0013823809
-0.00073533312
-0.0020098098
-0.001362762
-0.00071571422
-6.8666453e-05
-0.0013431431
-0.00069609533
-4.9047556e-05
0.00059800021
-0.00067647643
-2.942866e-05
0.00061761911
0.0012646669
-9.8097634e-06
0.00063723801
0.0012842858
0.0019313335
0.0006568569
0.0013039047
0.0019509524
0.0025980002
0.0013235236
0.0019705713
0.0026176191
0.0032646669
0.0019901902
0.002637238
0.0032842858
0.0039313335
0.0026568569
0.0033039047
0.0039509524
0.0045980002
0.0033235236
0.0039705713
0.0046176191
0.0052646669
0.0039901902
0.004637238
0.0052842858
0.0059313335
0.0046568569
0.0053039047
0.0059509524
0.0065980002
0.0053235236
0.0059705713
0.0066176191
0.0072646669
0.0059901902
0.006637238
0.0072842858
0.0079313335
0.0066568569
0.0073039047
0.0079509524
0.0085980002
0.0073235236
0.0079705713
0.0086176191
0.0092646669
0.0079901902
0.008637238
0.0092842858
0.0099313335
-0.0073431431
-0.0066960953
-0.0060490476
-0.0054019998
-0.0066764764
-0.0060294287
-0.0053823809
-0.0047353331
-0.0060098098
-0.005362762
-0.0047157142
-0.0040686664
-0.0053431431
-0.0046960953
-0.0040490476
-0.0034019998
-0.0046764764
-0.0040294287
-0.0033823809
-0.0027353331
-0.0040098098
-0.003362762
-0.0027157142
-0.0020686664
-0.0033431431
-0.0026960953
-0.0020490476
-0.0014019998
-0.0026764764
-0.0020294287
-0.0013823809
-0.00073533312
-0.0020098098
-0.001362762
-0.00071571422
-6.866645e-05
-0.0013431431
-0.00069609533
-4.9047555e-05
0.00059800022
-0.00067647643
-2.9428661e-05
0.00061761911
0.0012646669
-9.8097665e-06
0.00063723801
0.0012842858
0.0019313336
0.0006568569
0.0013039047
0.0019509524
0.0025980002
0.0013235236
0.0019705713
0.0026176191
0.0032646669
0.0019901902
0.002637238
0.0032842858
0.0039313336
0.0026568569
0.0033039047
0.0039509524
0.0045980002
0.0033235236
0.0039705713
0.0046176191
0.0052646669
0.0039901902
0.004637238
0.0052842858
0.0059313336
0.0046568569
0.0053039047
0.0059509524
0.0065980002
0.0053235236
0.0059705713
0.0066176191
0.0072646669
0.0059901902
0.006637238
0.0072842858
0.0079313336
0.0066568569
0.0073039047
0.0079509524
0.0085980002
0.0073235236
0.0079705713
0.0086176191
0.0092646669
0.0079901902
0.008637238
0.0092842858
0.0099313335
-0.0073431431
-0.0066960953
-0.0060490476
-0.0054019998
-0.0066764764
-0.0060294287
-0.0053823809
-0.0047353331
-0.0060098098
-0.005362762
-0.0047157142
-0.0040686664
-0.0053431431
-0.0046960953
-0.0040490476
-0.0034019998
-0.0046764764
-0.0040294287
-0.0033823809
-0.0027353331
-0.0040098098
-0.003362762
-0.0027157142
-0.0020686664
-0.0033431431
-0.0026960953
-0.0020490476
-0.0014019998
-0.0026764764
-0.0020294287
-0.0013823809
-0.00073533311
-0.0020098098
-0.001362762
-0.00071571422
-6.8666446e-05
-0.0013431431
-0.00069609533
-4.9047554e-05
0.00059800022
-0.00067647644
-2.9428662e-05
0.00061761911
0.0012646669
-9.8097696e-06
0.000637238
0.0012842858
0.0019313336
0.0006568569
0.0013039047
0.0019509524
0.0025980002
0.0013235236
0.0019705713
0.0026176191
0.0032646669
0.0019901902
0.002637238
0.0032842858
0.0039313336
0.0026568569
0.0033039047
0.0039509524
0.0045980002
0.0033235236
0.0039705713
0.0046176191
0.0052646669
0.0039901902
0.004637238
0.0052842858
0.0059313336
0.0046568569
0.0053039047
0.0059509524
0.0065980002
0.0053235236
0.0059705713
0.0066176191
0.0072646669
0.0059901902
0.006637238
0.0072842858
0.0079313336
0.0066568569
0.0073039047
0.0079509524
0.0085980002
0.0073235236
0.0079705713
0.0086176191
0.0092646669
0.0079901902
0.008637238
0.0092842858
0.0099313336
-0.0073431431
-0.0066960953
-0.0060490476
-0.0054019998
-0.0066764764
-0.0060294287
-0.0053823809
-0.0047353331
-0.0060098098
-0.005362762
-0.0047157142
-0.0040686664
-0.0053431431
-0.0046960953
-0.0040490476
-0.0034019998
-0.0046764764
-0.0040294287
-0.0033823809
-0.0027353331
-0.0040098098
-0.003362762
-0.0027157142
-0.0020686664
-0.0033431431
-0.0026960953
-0.0020490476
-0.0014019998
-0.0026764764
-0.0020294287
-0.0013823809
-0.00073533311
-0.0020098098
-0.001362762
-0.00071571422
-6.8666443e-05
-0.0013431431
-0.00069609533
-4.9047553e-05
0.00059800022
-0.00067647644
-2.9428663e-05
0.00061761911
0.0012646669
-9.8097728e-06
0.000637238
0.0012842858
0.0019313336
0.00065685689
0.0013039047
0.0019509524
0.0025980002
0.0013235236
0.0019705713
0.0026176191
0.0032646669
0.0019901902
0.002637238
0.0032842858
0.0039313336
0.0026568569
0.0033039047
0.0039509524
0.0045980002
0.0033235236
0.0039705713
0.0046176191
0.0052646669
0.0039901902
0.004637238
0.0052842858
0.0059313336
0.0046568569
0.0053039047
0.0059509524
0.0065980002
0.0053235236
0.0059705713
0.0066176191
0.0072646669
0.0059901902
0.006637238
0.0072842858
0.0079313336
0.0066568569
0.0073039047
0.0079509524
0.0085980002
0.0073235236
0.0079705713
0.0086176191
0.0092646669
0.0079901902
0.008637238
0.0092842858
0.0099313336
-0.0073431431
-0.0066960953
-0.0060490476
-0.0054019998
-0.0066764764
-0.0060294287
-0.0053823809
-0.0047353331
-0.0060098098
-0.005362762
-0.0047157142
-0.0040686664
-0.0053431431
-0.0046960953
-0.0040490476
-0.0034019998
-0.0046764764
-0.0040294287
-0.0033823809
-0.0027353331
-0.0040098098
-0.003362762
-0.0027157142
-0.0020686664
-0.0033431431
-0.0026960953
-0.0020490476
-0.0014019998
-0.0026764764
-0.0020294287
-0.0013823809
-0.00073533311
-0.0020098098
-0.001362762
-0.00071571422
-6.866644e-05
-0.0013431431
-0.00069609533
-4.9047552e-05
0.00059800023
-0.00067647644
-2.9428664e-05
0.00061761911
0.0012646669
-9.8097761e-06
0.000637238
0.0012842858
0.0019313336
0.00065685689
0.0013039047
0.0019509524
0.0025980002
0.0013235236
0.0019705713
0.0026176191
0.0032646669
0.0019901902
0.002637238
0.0032842858
0.0039313336
0.0026568569
0.0033039047
0.0039509524
0.0045980002
0.0033235236
0.0039705713
0.0046176191
0.0052646669
0.0039901902
0.004637238
0.0052842858
0.0059313336
0.0046568569
0.0053039047
0.0059509524
0.0065980002
0.0053235236
0.0059705713
0.0066176191
0.0072646669
0.0059901902
0.006637238
0.0072842858
0.0079313336
0.0066568569
0.0073039047
0.0079509524
0.0085980002
0.0073235236
0.0079705713
0.0086176191
0.0092646669
0.0079901902
0.008637238
0.0092842858
0.0099313336
-0.0073431431
-0.0066960953
-0.0060490476
-0.0054019998
-0.0066764764
-0.0060294287
-0.0053823809
-0.0047353331
-0.0060098098
-0.005362762
-0.0047157142
-0.0040686664
-0.0053431431
-0.0046960953
-0.0040490476
-0.0034019998
-0.0046764764
-0.0040294287
-0.0033823809
-0.0027353331
-0.0040098098
-0.003362762
-0.0027157142
-0.0020686664
-0.0033431431
-0.0026960953
-0.0020490476
-0.0014019998
-0.0026764764
-0.0020294287
-0.0013823809
-0.0007353331
-0.0020098098
-0.001362762
-0.00071571422
-6.8666437e-05
-0.0013431431
-0.00069609533
-4.9047551e-05
0.00059800023
-0.00067647645
-2.9428665e-05
0.00061761912
0.0012646669
-9.8097794e-06
0.000637238
0.0012842858
0.0019313336
0.00065685689
0.0013039047
0.0019509524
0.0025980002
0.0013235236
0.0019705713
0.0026176191
0.0032646669
0.0019901902
0.002637238
0.0032842858
0.0039313336
0.0026568569
0.0033039047
0.0039509524
0.0045980002
0.0033235236
0.0039705713
0.0046176191
0.0052646669
0.0039901902
0.004637238
0.0052842858
0.0059313336
0.0046568569
0.0053039047
0.0059509524
0.0065980002
0.0053235236
0.0059705713
0.0066176191
0.0072646669
0.0059901902
0.006637238
0.0072842858
0.0079313336
0.0066568569
0.0073039047
0.0079509524
0.0085980002
0.0073235236
0.0079705713
0.0086176191
0.0092646669
0.0079901902
0.008637238
0.0092842858
0.0099313336
-0.0073431431
-0.0066960953
-0.0060490475
-0.0054019998
-0.0066764764
-0.0060294287
-0.0053823809
-0.0047353331
-0.0060098098
-0.005362762
-0.0047157142
-0.0040686664
-0.0053431431
-0.0046960953
-0.0040490475
-0.0034019998
-0.0046764764
-0.0040294287
-0.0033823809
-0.0027353331
-0.0040098098
-0.003362762
-0.0027157142
-0.0020686664
-0.0033431431
-0.0026960953
-0.0020490475
-0.0014019998
-0.0026764764
-0.0020294287
-0.0013823809
-0.0007353331
-0.0020098098
-0.001362762
-0.00071571422
-6.8666433e-05
-0.0013431431
-0.00069609533
-4.904755e-05
0.00059800023
-0.00067647645
-2.9428666e-05
0.00061761912
0.0012646669
-9.8097828e-06
0.000637238
0.0012842858
0.0019313336
0.00065685688
0.0013039047
0.0019509525
0.0025980002
0.0013235236
0.0019705713
0.0026176191
0.0032646669
0.0019901902
0.002637238
0.0032842858
0.0039313336
0.0026568569
0.0033039047
0.0039509524
0.0045980002
0.0033235236
0.0039705713
0.0046176191
0.0052646669
0.0039901902
0.004637238
0.0052842858
0.0059313336
0.0046568569
0.0053039047
0.0059509524
0.0065980002
0.0053235236
0.0059705713
0.0066176191
0.0072646669
0.0059901902
0.006637238
0.0072842858
0.0079313336
0.0066568569
0.0073039047
0.0079509524
0.0085980002
0.0073235236
0.0079705713
0.0086176191
0.0092646669
0.0079901902
0.008637238
0.0092842858
0.0099313336
-0.0073431431
-0.0066960953
-0.0060490475
-0.0054019998
-0.0066764765
-0.0060294287
-0.0053823809
-0.0047353331
-0.0060098098
-0.005362762
-0.0047157142
-0.0040686664
-0.0053431431
-0.0046960953
-0.0040490475
-0.0034019998
-0.0046764765
-0.0040294287
-0.0033823809
-0.0027353331
-0.0040098098
-0.003362762
-0.0027157142
-0.0020686664
-0.0033431431
-0.0026960953
-0.0020490475
-0.0014019998
-0.0026764765
-0.0020294287
-0.0013823809
-0.0007353331
-0.0020098098
-0.001362762
-0.00071571422
-6.866643e-05
-0.0013431431
-0.00069609533
-4.9047549e-05
0.00059800024
-0.00067647645
-2.9428667e-05
0.00061761912
0.0012646669
-9.8097863e-06
0.000637238
0.0012842858
0.0019313336
0.00065685688
0.0013039047
0.0019509525
0.0025980002
0.0013235235
0.0019705713
0.0026176191
0.0032646669
0.0019901902
0.002637238
0.0032842858
0.0039313336
0.0026568569
0.0033039047
0.0039509525
0.0045980002
0.0033235235
0.0039705713
0.0046176191
0.0052646669
0.0039901902
0.004637238
0.0052842858
0.0059313336
0.0046568569
0.0053039047
0.0059509525
0.0065980002
0.0053235235
0.0059705713
0.0066176191
0.0072646669
0.0059901902
0.006637238
0.0072842858
0.0079313336
0.0066568569
0.0073039047
0.0079509525
0.0085980002
0.0073235235
0.0079705713
0.0086176191
0.0092646669
0.0079901902
0.008637238
0.0092842858
0.0099313336
-0.0073431431
-0.0066960953
-0.0060490475
-0.0054019998
-0.0066764765
-0.0060294287
-0.0053823809
-0.0047353331
-0.0060098098
-0.005362762
-0.0047157142
-0.0040686664
-0.0053431431
-0.0046960953
-0.0040490475
-0.0034019998
-0.0046764765
-0.0040294287
-0.0033823809
-0.0027353331
-0.0040098098
-0.003362762
-0.0027157142
-0.0020686664
-0.0033431431
-0.0026960953
-0.0020490475
-0.0014019998
-0.0026764765
-0.0020294287
-0.0013823809
-0.00073533309
-0.0020098098
-0.001362762
-0.00071571421
-6.8666426e-05
-0.0013431431
-0.00069609534
-4.9047547e-05
0.00059800024
-0.00067647646
-2.9428669e-05
0.00061761912
0.0012646669
-9.8097899e-06
0.000637238
0.0012842858
0.0019313336
0.00065685688
0.0013039047
0.0019509525
0.0025980002
0.0013235235
0.0019705713
0.0026176191
0.0032646669
0.0019901902
0.002637238
0.0032842858
0.0039313336
0.0026568569
0.0033039047
0.0039509525
0.0045980002
0.0033235235
0.0039705713
0.0046176191
0.0052646669
0.0039901902
0.004637238
0.0052842858
0.0059313336
0.0046568569
0.0053039047
0.0059509525
0.0065980002
0.0053235235
0.0059705713
0.0066176191
0.0072646669
0.0059901902
0.006637238
0.0072842858
0.0079313336
0.0066568569
0.0073039047
0.0079509525
0.0085980002
0.0073235235
0.0079705713
0.0086176191
0.0092646669
0.0079901902
0.008637238
0.0092842858
0.0099313336
-0.0073431431
-0.0066960953
-0.0060490475
-0.0054019998
-0.0066764765
-0.0060294287
-0.0053823809
-0.0047353331
-0.0060098098
-0.005362762
-0.0047157142
-0.0040686664
-0.0053431431
-0.0046960953
-0.0040490475
-0.0034019998
-0.0046764765
-0.0040294287
-0.0033823809
-0.0027353331
-0.0040098098
-0.003362762
-0.0027157142
-0.0020686664
-0.0033431431
-0.0026960953
-0.0020490475
-0.0014019998
-0.0026764765
-0.0020294287
-0.0013823809
-0.00073533309
-0.0020098098
-0.001362762
-0.00071571421
-6.8666423e-05
-0.0013431431
-0.00069609534
-4.9047546e-05
0.00059800024
-0.00067647646
-2.942867e-05
0.00061761912
0.0012646669
-9.8097935e-06
0.000637238
0.0012842858
0.0019313336
0.00065685687
0.0013039047
0.0019509525
0.0025980002
0.0013235235
0.0019705713
0.0026176191
0.0032646669
0.0019901902
0.002637238
0.0032842858
0.0039313336
0.0026568569
0.0033039047
0.0039509525
0.0045980002
0.0033235235
0.0039705713
0.0046176191
0.0052646669
0.0039901902
0.004637238
0.0052842858
0.0059313336
0.0046568569
0.0053039047
0.0059509525
0.0065980002
0.0053235235
0.0059705713
0.0066176191
0.0072646669
0.0059901902
0.006637238
0.0072842858
0.0079313336
0.0066568569
0.0073039047
0.0079509525
0.0085980002
0.0073235235
0.0079705713
0.0086176191
0.0092646669
0.0079901902
0.008637238
0.0092842858
0.0099313336
-0.0073431431
-0.0066960953
-0.0060490475
-0.0054019998
-0.0066764765
-0.0060294287
-0.0053823809
-0.0047353331
-0.0060098098
-0.005362762
-0.0047157142
-0.0040686664
-0.0053431431
-0.0046960953
-0.0040490475
-0.0034019998
-0.0046764765
-0.0040294287
-0.0033823809
-0.0027353331
-0.0040098098
-0.003362762
-0.0027157142
-0.0020686664
-0.0033431431
-0.0026960953
-0.0020490475
-0.0014019998
-0.0026764765
-0.0020294287
-0.0013823809
-0.00073533309
-0.0020098098
-0.001362762
-0.00071571421
-6.8666419e-05
-0.0013431431
-0.00069609534
-4.9047545e-05
0.00059800025
-0.00067647646
-2.9428671e-05
0.00061761912
0.0012646669
-9.8097972e-06
0.000637238
0.0012842858
0.0019313336
0.00065685687
0.0013039047
0.0019509525
0.0025980002
0.0013235235
0.0019705713
0.0026176191
0.0032646669
0.0019901902
0.002637238
0.0032842858
0.0039313336
0.0026568569
0.0033039047
0.0039509525
0.0045980002
0.0033235235
0.0039705713
0.0046176191
0.0052646669
0.0039901902
0.004637238
0.0052842858
0.0059313336
0.0046568569
0.0053039047
0.0059509525
0.0065980002
0.0053235235
0.0059705713
0.0066176191
0.0072646669
0.0059901902
0.006637238
0.0072842858
0.0079313336
0.0066568569
0.0073039047
0.0079509525
0.0085980002
0.0073235235
0.0079705713
0.0086176191
0.0092646669
0.0079901902
0.008637238
0.0092842858
0.0099313336
-0.0073431431
-0.0066960953
-0.0060490475
-0.0054019997
-0.0066764765
-0.0060294287
-0.0053823809
-0.0047353331
-0.0060098098
-0.005362762
-0.0047157142
-0.0040686664
-0.0053431431
-0.0046960953
-0.0040490475
-0.0034019997
-0.0046764765
-0.0040294287
-0.0033823809
-0.0027353331
-0.0040098098
-0.003362762
-0.0027157142
-0.0020686664
-0.0033431431
-0.0026960953
-0.0020490475
-0.0014019997
-0.0026764765
-0.0020294287
-0.0013823809
-0.00073533308
-0.0020098098
-0.001362762
-0.00071571421
-6.8666415e-05
-0.0013431431
-0.00069609534
-4.9047544e-05
0.00059800025
-0.00067647647
-2.9428672e-05
0.00061761912
0.0012646669
-9.8098009e-06
0.00063723799
0.0012842858
0.0019313336
0.00065685687
0.0013039047
0.0019509525
0.0025980003
0.0013235235
0.0019705713
0.0026176191
0.0032646669
0.0019901902
0.002637238
0.0032842858
0.0039313336
0.0026568569
0.0033039047
0.0039509525
0.0045980003
0.0033235235
0.0039705713
0.0046176191
0.0052646669
0.0039901902
0.004637238
0.0052842858
0.0059313336
0.0046568569
0.0053039047
0.0059509525
0.0065980003
0.0053235235
0.0059705713
0.0066176191
0.0072646669
0.0059901902
0.006637238
0.0072842858
0.0079313336
0.0066568569
0.0073039047
0.0079509525
0.0085980003
0.0073235235
0.0079705713
0.0086176191
0.0092646669
0.0079901902
0.008637238
0.0092842858
0.0099313336
-0.0073431431
-0.0066960953
-0.0060490475
-0.0054019997
-0.0066764765
-0.0060294287
-0.0053823809
-0.0047353331
-0.0060098098
-0.005362762
-0.0047157142
-0.0040686664
-0.0053431431
-0.0046960953
-0.0040490475
-0.0034019997
-0.0046764765
-0.0040294287
-0.0033823809
-0.0027353331
-0.0040098098
-0.003362762
-0.0027157142
-0.0020686664
-0.0033431431
-0.0026960953
-0.0020490475
-0.0014019997
-0.0026764765
-0.0020294287
-0.0013823809
-0.00073533308
-0.0020098098
-0.001362762
-0.00071571421
-6.8666411e-05
-0.0013431431
-0.00069609534
-4.9047543e-05
0.00059800026
-0.00067647647
-2.9428674e-05
0.00061761912
0.0012646669
-9.8098048e-06
0.00063723799
0.0012842858
0.0019313336
0.00065685686
0.0013039047
0.0019509525
0.0025980003
0.0013235235
0.0019705713
0.0026176191
0.0032646669
0.0019901902
0.002637238
0.0032842858
0.0039313336
0.0026568569
0.0033039047
0.0039509525
0.0045980003
0.0033235235
0.0039705713
0.0046176191
0.0052646669
0.0039901902
0.004637238
0.0052842858
0.0059313336
0.0046568569
0.0053039047
0.0059509525
0.0065980003
0.0053235235
0.0059705713
0.0066176191
0.0072646669
0.0059901902
0.006637238
0.0072842858
0.0079313336
0.0066568569
0.0073039047
0.0079509525
0.0085980003
0.0073235235
0.0079705713
0.0086176191
0.0092646669
0.0079901902
0.008637238
0.0092842858
0.0099313336
-0.0073431431
-0.0066960953
-0.0060490475
-0.0054019997
-0.0066764765
-0.0060294287
-0.0053823809
-0.0047353331
-0.0060098098
-0.005362762
-0.0047157142
-0.0040686664
-0.0053431431
-0.0046960953
-0.0040490475
-0.0034019997
-0.0046764765
-0.0040294287
-0.0033823809
-0.0027353331
-0.0040098098
-0.003362762
-0.0027157142
-0.0020686664
-0.0033431431
-0.0026960953
-0.0020490475
-0.0014019997
-0.0026764765
-0.0020294287
-0.0013823809
-0.00073533307
-0.0020098098
-0.001362762
-0.00071571421
-6.8666408e-05
-0.0013431431
-0.00069609534
-4.9047541e-05
0.00059800026
-0.00067647648
-2.9428675e-05
0.00061761913
0.0012646669
-9.8098085e-06
0.00063723799
0.0012842858
0.0019313336
0.00065685686
0.0013039047
0.0019509525
0.0025980003
0.0013235235
0.0019705713
0.0026176191
0.0032646669
0.0019901902
0.002637238
0.0032842858
0.0039313336
0.0026568569
0.0033039047
0.0039509525
0.0045980003
0.0033235235
0.0039705713
0.0046176191
0.0052646669
0.0039901902
0.004637238
0.0052842858
0.0059313336
0.0046568569
0.0053039047
0.0059509525
0.0065980003
0.0053235235
0.0059705713
0.0066176191
0.0072646669
0.0059901902
0.006637238
0.0072842858
0.0079313336
0.0066568569
0.0073039047
0.0079509525
0.0085980003
0.0073235235
0.0079705713
0.0086176191
0.0092646669
0.0079901902
0.008637238
0.0092842858
0.0099313336
-0.0073431431
-0.0066960953
-0.0060490475
-0.0054019997
-0.0066764765
-0.0060294287
-0.0053823809
-0.0047353331
-0.0060098098
-0.005362762
-0.0047157142
-0.0040686664
-0.0053431431
-0.0046960953
-0.0040490475
-0.0034019997
-0.0046764765
-0.0040294287
-0.0033823809
-0.0027353331
-0.0040098098
-0.003362762
-0.0027157142
-0.0020686664
-0.0033431431
-0.0026960953
-0.0020490475
-0.0014019997
-0.0026764765
-0.0020294287
-0.0013823809
-0.00073533307
-0.0020098098
-0.001362762
-0.00071571421
-6.8666404e-05
-0.0013431431
-0.00069609534
-4.904754e-05
0.00059800026
-0.00067647648
-2.9428676e-05
0.00061761913
0.0012646669
-9.8098129e-06
0.00063723799
0.0012842858
0.0019313336
0.00065685685
0.0013039047
0.0019509525
0.0025980003
0.0013235235
0.0019705713
0.0026176191
0.0032646669
0.0019901902
0.002637238
0.0032842858
0.0039313336
0.0026568569
0.0033039047
0.0039509525
0.0045980003
0.0033235235
0.0039705713
0.0046176191
0.0052646669
0.0039901902
0.004637238
0.0052842858
0.0059313336
0.0046568569
0.0053039047
0.0059509525
0.0065980003
0.0053235235
0.0059705713
0.0066176191
0.0072646669
0.0059901902
0.006637238
0.0072842858
0.0079313336
0.0066568569
0.0073039047
0.0079509525
0.0085980003
0.0073235235
0.0079705713
0.0086176191
0.0092646669
0.0079901902
0.008637238
0.0092842858
0.0099313336
-0.0073431431
-0.0066960953
-0.0060490475
-0.0054019997
-0.0066764765
-0.0060294287
-0.0053823809
-0.0047353331
-0.0060098098
-0.005362762
-0.0047157142
-0.0040686664
-0.0053431431
-0.0046960953
-0.0040490475
-0.0034019997
-0.0046764765
-0.0040294287
-0.0033823809
-0.0027353331
-0.0040098098
-0.003362762
-0.0027157142
-0.0020686664
-0.0033431431
-0.0026960953
-0.0020490475
-0.0014019997
-0.0026764765
-0.0020294287
-0.0013823809
-0.00073533307
-0.0020098098
-0.001362762
-0.0007157142
-6.8666399e-05
-0.0013431431
-0.00069609534
-4.9047538e-05
0.00059800027
-0.00067647648
-2.9428678e-05
0.00061761913
0.0012646669
-9.8098166e-06
0.00063723799
0.0012842858
0.0019313336
0.00065685685
0.0013039047
0.0019509525
0.0025980003
0.0013235235
0.0019705713
0.0026176191
0.0032646669
0.0019901902
0.002637238
0.0032842858
0.0039313336
0.0026568569
0.0033039047
0.0039509525
0.0045980003
0.0033235235
0.0039705713
0.0046176191
0.0052646669
0.0039901902
0.004637238
0.0052842858
0.0059313336
0.0046568569
0.0053039047
0.0059509525
0.0065980003
0.0053235235
0.0059705713
0.0066176191
0.0072646669
0.0059901902
0.006637238
0.0072842858
0.0079313336
0.0066568569
0.0073039047
0.0079509525
0.0085980003
0.0073235235
0.0079705713
0.0086176191
0.0092646669
0.0079901902
0.008637238
0.0092842858
0.0099313336
-0.0073431432
-0.0066960953
-0.0060490475
-0.0054019997
-0.0066764765
-0.0060294287
-0.0053823809
-0.0047353331
-0.0060098098
-0.005362762
-0.0047157142
-0.0040686664
-0.0053431432
-0.0046960953
-0.0040490475
-0.0034019997
-0.0046764765
-0.0040294287
-0.0033823809
-0.0027353331
-0.0040098098
-0.003362762
-0.0027157142
-0.0020686664
-0.0033431432
-0.0026960953
-0.0020490475
-0.0014019997
-0.0026764765
-0.0020294287
-0.0013823809
-0.00073533306
-0.0020098098
-0.001362762
-0.0007157142
-6.8666395e-05
-0.0013431432
-0.00069609535
-4.9047537e-05
0.00059800027
-0.00067647649
-2.9428679e-05
0.00061761913
0.0012646669
-9.8098212e-06
0.00063723799
0.0012842858
0.0019313336
0.00065685685
0.0013039047
0.0019509525
0.0025980003
0.0013235235
0.0019705713
0.0026176191
0.0032646669
0.0019901902
0.002637238
0.0032842858
0.0039313336
0.0026568568
0.0033039047
0.0039509525
0.0045980003
0.0033235235
0.0039705713
0.0046176191
0.0052646669
0.0039901902
0.004637238
0.0052842858
0.0059313336
0.0046568568
0.0053039047
0.0059509525
0.0065980003
0.0053235235
0.0059705713
0.0066176191
0.0072646669
0.0059901902
0.006637238
0.0072842858
0.0079313336
0.0066568568
0.0073039047
0.0079509525
0.0085980003
0.0073235235
0.0079705713
0.0086176191
0.0092646669
0.0079901902
0.008637238
0.0092842858
0.0099313336
-0.0047770002
-0.0041740477
-0.0035710952
-0.0029681427
-0.0041103335
-0.003507381
-0.0029044285
-0.002301476
-0.0034436669
-0.0028407144
-0.0022377619
-0.0016348094
-0.0027770002
-0.0021740477
-0.0015710952
-0.00096814268
-0.0021103335
-0.001507381
-0.00090442852
-0.00030147602
-0.0014436669
-0.00084071436
-0.00023776186
0.00036519065
-0.0007770002
-0.00017404769
0.00042890481
0.0010318573
-0.00011033353
0.00049261897
0.0010955715
0.001698524
0.00055633314
0.0011592856
0.0017622381
0.0023651906
0.0012229998
0.0018259523
0.0024289048
0.0030318573
0.0018896665
0.002492619
0.0030955715
0.003698524
0.0025563331
0.0031592856
0.0037622381
0.0043651906
0.0032229998
0.0038259523
0.0044289048
0.0050318573
0.0038896665
0.004492619
0.0050955715
0.005698524
0.0045563331
0.0051592856
0.0057622381
0.0063651906
0.0052229998
0.0058259523
0.0064289048
0.0070318573
0.0058896665
0.006492619
0.0070955715
0.007698524
0.0065563331
0.0071592856
0.0077622381
0.0083651906
0.0072229998
0.0078259523
0.0084289048
0.0090318573
0.0078896665
0.008492619
0.0090955715
0.009698524
0.0085563331
0.0091592856
0.0097622381
0.010365191
0.0092229998
0.0098259523
0.010428905
0.011031857
0.0098896665
0.010492619
0.011095571
0.011698524
0.010556333
0.011159286
0.011762238
0.012365191
-0.0047770002
-0.0041740477
-0.0035710952
-0.0029681427
-0.0041103335
-0.003507381
-0.0029044285
-0.002301476
-0.0034436669
-0.0028407144
-0.0022377619
-0.0016348093
-0.0027770002
-0.0021740477
-0.0015710952
-0.00096814268
-0.0021103335
-0.001507381
-0.00090442852
-0.00030147602
-0.0014436669
-0.00084071436
-0.00023776186
0.00036519065
-0.0007770002
-0.00017404769
0.00042890481
0.0010318573
-0.00011033353
0.00049261897
0.0010955715
0.001698524
0.00055633313
0.0011592856
0.0017622381
0.0023651907
0.0012229998
0.0018259523
0.0024289048
0.0030318573
0.0018896665
0.002492619
0.0030955715
0.003698524
0.0025563331
0.0031592856
0.0037622381
0.0043651907
0.0032229998
0.0038259523
0.0044289048
0.0050318573
0.0038896665
0.004492619
0.0050955715
0.005698524
0.0045563331
0.0051592856
0.0057622381
0.0063651907
0.0052229998
0.0058259523
0.0064289048
0.0070318573
0.0058896665
0.006492619
0.0070955715
0.007698524
0.0065563331
0.0071592856
0.0077622381
0.0083651907
0.0072229998
0.0078259523
0.0084289048
0.0090318573
0.0078896665
0.008492619
0.0090955715
0.009698524
0.0085563331
0.0091592856
0.0097622381
0.010365191
0.0092229998
0.0098259523
0.010428905
0.011031857
0.0098896665
0.010492619
0.011095571
0.011698524
0.010556333
0.011159286
0.011762238
0.012365191
-0.0047770002
-0.0041740477
-0.0035710952
-0.0029681427
-0.0041103335
-0.003507381
-0.0029044285
-0.002301476
-0.0034436669
-0.0028407144
-0.0022377619
-0.0016348093
-0.0027770002
-0.0021740477
-0.0015710952
-0.00096814268
-0.0021103335
-0.001507381
-0.00090442852
-0.00030147601
-0.0014436669
-0.00084071436
-0.00023776185
0.00036519065
-0.0007770002
-0.00017404769
0.00042890481
0.0010318573
-0.00011033354
0.00049261897
0.0010955715
0.001698524
0.00055633313
0.0011592856
0.0017622381
0.0023651907
0.0012229998
0.0018259523
0.0024289048
0.0030318573
0.0018896665
0.002492619
0.0030955715
0.003698524
0.0025563331
0.0031592856
0.0037622381
0.0043651907
0.0032229998
0.0038259523
0.0044289048
0.0050318573
0.0038896665
0.004492619
0.0050955715
0.005698524
0.0045563331
0.0051592856
0.0057622381
0.0063651907
0.0052229998
0.0058259523
0.0064289048
0.0070318573
0.0058896665
0.006492619
0.0070955715
0.007698524
0.0065563331
0.0071592856
0.0077622381
0.0083651907
0.0072229998
0.0078259523
0.0084289048
0.0090318573
0.0078896665
0.008492619
0.0090955715
0.009698524
0.0085563331
0.0091592856
0.0097622381
0.010365191
0.0092229998
0.0098259523
0.010428905
0.011031857
0.0098896665
0.010492619
0.011095571
0.011698524
0.010556333
0.011159286
0.011762238
0.012365191
-0.0047770002
-0.0041740477
-0.0035710952
-0.0029681427
-0.0041103335
-0.003507381
-0.0029044285
-0.002301476
-0.0034436669
-0.0028407144
-0.0022377619
-0.0016348093
-0.0027770002
-0.0021740477
-0.0015710952
-0.00096814268
-0.0021103335
-0.001507381
-0.00090442852
-0.00030147601
-0.0014436669
-0.00084071436
-0.00023776185
0.00036519066
-0.0007770002
-0.0001740477
0.00042890481
0.0010318573
-0.00011033354
0.00049261897
0.0010955715
0.001698524
0.00055633313
0.0011592856
0.0017622381
0.0023651907
0.0012229998
0.0018259523
0.0024289048
0.0030318573
0.0018896665
0.002492619
0.0030955715
0.003698524
0.0025563331
0.0031592856
0.0037622381
0.0043651907
0.0032229998
0.0038259523
0.0044289048
0.0050318573
0.0038896665
0.004492619
0.0050955715
0.005698524
0.0045563331
0.0051592856
0.0057622381
0.0063651907
0.0052229998
0.0058259523
0.0064289048
0.0070318573
0.0058896665
0.006492619
0.0070955715
0.007698524
0.0065563331
0.0071592856
0.0077622381
0.0083651907
0.0072229998
0.0078259523
0.0084289048
0.0090318573
0.0078896665
0.008492619
0.0090955715
0.009698524
0.0085563331
0.0091592856
0.0097622381
0.010365191
0.0092229998
0.0098259523
0.010428905
0.011031857
0.0098896665
0.010492619
0.011095571
0.011698524
0.010556333
0.011159286
0.011762238
0.012365191
-0.0047770002
-0.0041740477
-0.0035710952
-0.0029681427
-0.0041103335
-0.003507381
-0.0029044285
-0.002301476
-0.0034436669
-0.0028407144
-0.0022377619
-0.0016348093
-0.0027770002
-0.0021740477
-0.0015710952
-0.00096814268
-0.0021103335
-0.001507381
-0.00090442852
-0.00030147601
-0.0014436669
-0.00084071436
-0.00023776185
0.00036519066
-0.00077700021
-0.0001740477
0.00042890481
0.0010318573
-0.00011033354
0.00049261897
0.0010955715
0.001698524
0.00055633313
0.0011592856
0.0017622381
0.0023651907
0.0012229998
0.0018259523
0.0024289048
0.0030318573
0.0018896665
0.002492619
0.0030955715
0.003698524
0.0025563331
0.0031592856
0.0037622381
0.0043651907
0.0032229998
0.0038259523
0.0044289048
0.0050318573
0.0038896665
0.004492619
0.0050955715
0.005698524
0.0045563331
0.0051592856
0.0057622381
0.0063651907
0.0052229998
0.0058259523
0.0064289048
0.0070318573
0.0058896665
0.006492619
0.0070955715
0.007698524
0.0065563331
0.0071592856
0.0077622381
0.0083651907
0.0072229998
0.0078259523
0.0084289048
0.0090318573
0.0078896665
0.008492619
0.0090955715
0.009698524
0.0085563331
0.0091592856
0.0097622381
0.010365191
0.0092229998
0.0098259523
0.010428905
0.011031857
0.0098896665
0.010492619
0.011095571
0.011698524
0.010556333
0.011159286
0.011762238
0.012365191
-0.0047770002
-0.0041740477
-0.0035710952
-0.0029681427
-0.0041103335
-0.003507381
-0.0029044285
-0.002301476
-0.0034436669
-0.0028407144
-0.0022377619
-0.0016348093
-0.0027770002
-0.0021740477
-0.0015710952
-0.00096814267
-0.0021103335
-0.001507381
-0.00090442852
-0.00030147601
-0.0014436669
-0.00084071436
-0.00023776185
0.00036519066
-0.00077700021
-0.0001740477
0.00042890481
0.0010318573
-0.00011033354
0.00049261897
0.0010955715
0.001698524
0.00055633312
0.0011592856
0.0017622381
0.0023651907
0.0012229998
0.0018259523
0.0024289048
0.0030318573
0.0018896665
0.002492619
0.0030955715
0.003698524
0.0025563331
0.0031592856
0.0037622381
0.0043651907
0.0032229998
0.0038259523
0.0044289048
0.0050318573
0.0038896665
0.004492619
0.0050955715
0.005698524
0.0045563331
0.0051592856
0.0057622381
0.0063651907
0.0052229998
0.0058259523
0.0064289048
0.0070318573
0.0058896665
0.006492619
0.0070955715
0.007698524
0.0065563331
0.0071592856
0.0077622381
0.0083651907
0.0072229998
0.0078259523
0.0084289048
0.0090318573
0.0078896665
0.008492619
0.0090955715
0.009698524
0.0085563331
0.0091592856
0.0097622381
0.010365191
0.0092229998
0.0098259523
0.010428905
0.011031857
0.0098896665
0.010492619
0.011095571
0.011698524
0.010556333
0.011159286
0.011762238
0.012365191
-0.0047770002
-0.0041740477
-0.0035710952
-0.0029681427
-0.0041103335
-0.003507381
-0.0029044285
-0.002301476
-0.0034436669
-0.0028407144
-0.0022377619
-0.0016348093
-0.0027770002
-0.0021740477
-0.0015710952
-0.00096814267
-0.0021103335
-0.001507381
-0.00090442852
-0.000301476
-0.0014436669
-0.00084071436
-0.00023776185
0.00036519066
-0.00077700021
-0.0001740477
0.00042890482
0.0010318573
-0.00011033355
0.00049261897
0.0010955715
0.001698524
0.00055633312
0.0011592856
0.0017622381
0.0023651907
0.0012229998
0.0018259523
0.0024289048
0.0030318573
0.0018896665
0.002492619
0.0030955715
0.003698524
0.0025563331
0.0031592856
0.0037622381
0.0043651907
0.0032229998
0.0038259523
0.0044289048
0.0050318573
0.0038896665
0.004492619
0.0050955715
0.005698524
0.0045563331
0.0051592856
0.0057622381
0.0063651907
0.0052229998
0.0058259523
0.0064289048
0.0070318573
0.0058896665
0.006492619
0.0070955715
0.007698524
0.0065563331
0.0071592856
0.0077622381
0.0083651907
0.0072229998
0.0078259523
0.0084289048
0.0090318573
0.0078896665
0.008492619
0.0090955715
0.009698524
0.0085563331
0.0091592856
0.0097622381
0.010365191
0.0092229998
0.0098259523
0.010428905
0.011031857
0.0098896665
0.010492619
0.011095571
0.011698524
0.010556333
0.011159286
0.011762238
0.012365191
-0.0047770002
-0.0041740477
-0.0035710952
-0.0029681427
-0.0041103335
-0.003507381
-0.0029044285
-0.002301476
-0.0034436669
-0.0028407144
-0.0022377619
-0.0016348093
-0.0027770002
-0.0021740477
-0.0015710952
-0.00096814267
-0.0021103335
-0.001507381
-0.00090442852
-0.000301476
-0.0014436669
-0.00084071437
-0.00023776185
0.00036519067
-0.00077700021
-0.0001740477
0.00042890482
0.0010318573
-0.00011033355
0.00049261897
0.0010955715
0.001698524
0.00055633312
0.0011592856
0.0017622381
0.0023651907
0.0012229998
0.0018259523
0.0024289048
0.0030318573
0.0018896665
0.002492619
0.0030955715
0.003698524
0.0025563331
0.0031592856
0.0037622381
0.0043651907
0.0032229998
0.0038259523
0.0044289048
0.0050318573
0.0038896665
0.004492619
0.0050955715
0.005698524
0.0045563331
0.0051592856
0.0057622381
0.0063651907
0.0052229998
0.0058259523
0.0064289048
0.0070318573
0.0058896665
0.006492619
0.0070955715
0.007698524
0.0065563331
0.0071592856
0.0077622381
0.0083651907
0.0072229998
0.0078259523
0.0084289048
0.0090318573
0.0078896665
0.008492619
0.0090955715
0.009698524
0.0085563331
0.0091592856
0.0097622381
0.010365191
0.0092229998
0.0098259523
0.010428905
0.011031857
0.0098896665
0.010492619
0.011095571
0.011698524
0.010556333
0.011159286
0.011762238
0.012365191
-0.0047770002
-0.0041740477
-0.0035710952
-0.0029681427
-0.0041103335
-0.003507381
-0.0029044285
-0.002301476
-0.0034436669
-0.0028407144
-0.0022377618
-0.0016348093
-0.0027770002
-0.0021740477
-0.0015710952
-0.00096814267
-0.0021103336
-0.001507381
-0.00090442852
-0.000301476
-0.0014436669
-0.00084071437
-0.00023776185
0.00036519067
-0.00077700022
-0.0001740477
0.00042890482
0.0010318573
-0.00011033355
0.00049261897
0.0010955715
0.001698524
0.00055633312
0.0011592856
0.0017622382
0.0023651907
0.0012229998
0.0018259523
0.0024289048
0.0030318573
0.0018896664
0.002492619
0.0030955715
0.003698524
0.0025563331
0.0031592856
0.0037622382
0.0043651907
0.0032229998
0.0038259523
0.0044289048
0.0050318573
0.0038896664
0.004492619
0.0050955715
0.005698524
0.0045563331
0.0051592856
0.0057622382
0.0063651907
0.0052229998
0.0058259523
0.0064289048
0.0070318573
0.0058896664
0.006492619
0.0070955715
0.007698524
0.0065563331
0.0071592856
0.0077622382
0.0083651907
0.0072229998
0.0078259523
0.0084289048
0.0090318573
0.0078896664
0.008492619
0.0090955715
0.009698524
0.0085563331
0.0091592856
0.0097622381
0.010365191
0.0092229998
0.0098259523
0.010428905
0.011031857
0.0098896664
0.010492619
0.011095571
0.011698524
0.010556333
0.011159286
0.011762238
0.012365191
-0.0047770002
-0.0041740477
-0.0035710952
-0.0029681427
-0.0041103336
-0.003507381
-0.0029044285
-0.002301476
-0.0034436669
-0.0028407144
-0.0022377618
-0.0016348093
-0.0027770002
-0.0021740477
-0.0015710952
-0.00096814266
-0.0021103336
-0.001507381
-0.00090442852
-0.000301476
-0.0014436669
-0.00084071437
-0.00023776185
0.00036519067
-0.00077700022
-0.0001740477
0.00042890482
0.0010318573
-0.00011033355
0.00049261897
0.0010955715
0.001698524
0.00055633311
0.0011592856
0.0017622382
0.0023651907
0.0012229998
0.0018259523
0.0024289048
0.0030318573
0.0018896664
0.002492619
0.0030955715
0.003698524
0.0025563331
0.0031592856
0.0037622382
0.0043651907
0.0032229998
0.0038259523
0.0044289048
0.0050318573
0.0038896664
0.004492619
0.0050955715
0.005698524
0.0045563331
0.0051592856
0.0057622382
0.0063651907
0.0052229998
0.0058259523
0.0064289048
0.0070318573
0.0058896664
0.006492619
0.0070955715
0.007698524
0.0065563331
0.0071592856
0.0077622382
0.0083651907
0.0072229998
0.0078259523
0.0084289048
0.0090318573
0.0078896664
0.008492619
0.0090955715
0.009698524
0.0085563331
0.0091592856
0.0097622382
0.010365191
0.0092229998
0.0098259523
0.010428905
0.011031857
0.0098896664
0.010492619
0.011095571
0.011698524
0.010556333
0.011159286
0.011762238
0.012365191
-0.0047770002
-0.0041740477
-0.0035710952
-0.0029681427
-0.0041103336
-0.003507381
-0.0029044285
-0.002301476
-0.0034436669
-0.0028407144
-0.0022377618
-0.0016348093
-0.0027770002
-0.0021740477
-0.0015710952
-0.00096814266
-0.0021103336
-0.001507381
-0.00090442851
-0.00030147599
-0.0014436669
-0.00084071437
-0.00023776185
0.00036519067
-0.00077700022
-0.0001740477
0.00042890482
0.0010318573
-0.00011033356
0.00049261897
0.0010955715
0.001698524
0.00055633311
0.0011592856
0.0017622382
0.0023651907
0.0012229998
0.0018259523
0.0024289048
0.0030318573
0.0018896664
0.002492619
0.0030955715
0.003698524
0.0025563331
0.0031592856
0.0037622382
0.0043651907
0.0032229998
0.0038259523
0.0044289048
0.0050318573
0.0038896664
0.004492619
0.0050955715
0.005698524
0.0045563331
0.0051592856
0.0057622382
0.0063651907
0.0052229998
0.0058259523
0.0064289048
0.0070318573
0.0058896664
0.006492619
0.0070955715
0.007698524
0.0065563331
0.0071592856
0.0077622382
0.0083651907
0.0072229998
0.0078259523
0.0084289048
0.0090318573
0.0078896664
0.008492619
0.0090955715
0.009698524
0.0085563331
0.0091592856
0.0097622382
0.010365191
0.0092229998
0.0098259523
0.010428905
0.011031857
0.0098896664
0.010492619
0.011095571
0.011698524
0.010556333
0.011159286
0.011762238
0.012365191
-0.0047770002
-0.0041740477
-0.0035710952
-0.0029681427
-0.0041103336
-0.003507381
-0.0029044285
-0.002301476
-0.0034436669
-0.0028407144
-0.0022377618
-0.0016348093
-0.0027770002
-0.0021740477
-0.0015710952
-0.00096814266
-0.0021103336
-0.001507381
-0.00090442851
-0.00030147599
-0.0014436669
-0.00084071437
-0.00023776185
0.00036519068
-0.00077700022
-0.0001740477
0.00042890482
0.0010318573
-0.00011033356
0.00049261896
0.0010955715
0.001698524
0.00055633311
0.0011592856
0.0017622382
0.0023651907
0.0012229998
0.0018259523
0.0024289048
0.0030318573
0.0018896664
0.002492619
0.0030955715
0.003698524
0.0025563331
0.0031592856
0.0037622382
0.0043651907
0.0032229998
0.0038259523
0.0044289048
0.0050318573
0.0038896664
0.004492619
0.0050955715
0.005698524
0.0045563331
0.0051592856
0.0057622382
0.0063651907
0.0052229998
0.0058259523
0.0064289048
0.0070318573
0.0058896664
0.006492619
0.0070955715
0.007698524
0.0065563331
0.0071592856
0.0077622382
0.0083651907
0.0072229998
0.0078259523
0.0084289048
0.0090318573
0.0078896664
0.008492619
0.0090955715
0.009698524
0.0085563331
0.0091592856
0.0097622382
0.010365191
0.0092229998
0.0098259523
0.010428905
0.011031857
0.0098896664
0.010492619
0.011095571
0.011698524
0.010556333
0.011159286
0.011762238
0.012365191
-0.0047770002
-0.0041740477
-0.0035710952
-0.0029681427
-0.0041103336
-0.003507381
-0.0029044285
-0.002301476
-0.0034436669
-0.0028407144
-0.0022377618
-0.0016348093
-0.0027770002
-0.0021740477
-0.0015710952
-0.00096814265
-0.0021103336
-0.001507381
-0.00090442851
-0.00030147599
-0.0014436669
-0.00084071437
-0.00023776185
0.00036519068
-0.00077700023
-0.0001740477
0.00042890482
0.0010318573
-0.00011033356
0.00049261896
0.0010955715
0.001698524
0.00055633311
0.0011592856
0.0017622382
0.0023651907
0.0012229998
0.0018259523
0.0024289048
0.0030318573
0.0018896664
0.002492619
0.0030955715
0.003698524
0.0025563331
0.0031592856
0.0037622382
0.0043651907
0.0032229998
0.0038259523
0.0044289048
0.0050318573
0.0038896664
0.004492619
0.0050955715
0.005698524
0.0045563331
0.0051592856
0.0057622382
0.0063651907
0.0052229998
0.0058259523
0.0064289048
0.0070318573
0.0058896664
0.006492619
0.0070955715
0.007698524
0.0065563331
0.0071592856
0.0077622382
0.0083651907
0.0072229998
0.0078259523
0.0084289048
0.0090318573
0.0078896664
0.008492619
0.0090955715
0.009698524
0.0085563331
0.0091592856
0.0097622382
0.010365191
0.0092229998
0.0098259523
0.010428905
0.011031857
0.0098896664
0.010492619
0.011095571
0.011698524
0.010556333
0.011159286
0.011762238
0.012365191
-0.0047770002
-0.0041740477
-0.0035710952
-0.0029681427
-0.0041103336
-0.003507381
-0.0029044285
-0.002301476
-0.0034436669
-0.0028407144
-0.0022377618
-0.0016348093
-0.0027770002
-0.0021740477
-0.0015710952
-0.00096814265
-0.0021103336
-0.001507381
-0.00090442851
-0.00030147599
-0.0014436669
-0.00084071437
-0.00023776184
0.00036519068
-0.00077700023
-0.0001740477
0.00042890482
0.0010318573
-0.00011033356
0.00049261896
0.0010955715
0.001698524
0.0005563331
0.0011592856
0.0017622382
0.0023651907
0.0012229998
0.0018259523
0.0024289048
0.0030318573
0.0018896664
0.002492619
0.0030955715
0.003698524
0.0025563331
0.0031592856
0.0037622382
0.0043651907
0.0032229998
0.0038259523
0.0044289048
0.0050318573
0.0038896664
0.004492619
0.0050955715
0.005698524
0.0045563331
0.0051592856
0.0057622382
0.0063651907
0.0052229998
0.0058259523
0.0064289048
0.0070318573
0.0058896664
0.006492619
0.0070955715
0.007698524
0.0065563331
0.0071592856
0.0077622382
0.0083651907
0.0072229998
0.0078259523
0.0084289048
0.0090318573
0.0078896664
0.008492619
0.0090955715
0.009698524
0.0085563331
0.0091592856
0.0097622382
0.010365191
0.0092229998
0.0098259523
0.010428905
0.011031857
0.0098896664
0.010492619
0.011095571
0.011698524
0.010556333
0.011159286
0.011762238
0.012365191
-0.0047770002
-0.0041740477
-0.0035710952
-0.0029681426
-0.0041103336
-0.003507381
-0.0029044285
-0.002301476
-0.0034436669
-0.0028407144
-0.0022377618
-0.0016348093
-0.0027770002
-0.0021740477
-0.0015710952
-0.00096814265
-0.0021103336
-0.001507381
-0.00090442851
-0.00030147598
-0.0014436669
-0.00084071437
-0.00023776184
0.00036519068
-0.00077700023
-0.00017404771
0.00042890482
0.0010318574
-0.00011033357
0.00049261896
0.0010955715
0.001698524
0.0005563331
0.0011592856
0.0017622382
0.0023651907
0.0012229998
0.0018259523
0.0024289048
0.0030318574
0.0018896664
0.002492619
0.0030955715
0.003698524
0.0025563331
0.0031592856
0.0037622382
0.0043651907
0.0032229998
0.0038259523
0.0044289048
0.0050318574
0.0038896664
0.004492619
0.0050955715
0.005698524
0.0045563331
0.0051592856
0.0057622382
0.0063651907
0.0052229998
0.0058259523
0.0064289048
0.0070318574
0.0058896664
0.006492619
0.0070955715
0.007698524
0.0065563331
0.0071592856
0.0077622382
0.0083651907
0.0072229998
0.0078259523
0.0084289048
0.0090318574
0.0078896664
0.008492619
0.0090955715
0.009698524
0.0085563331
0.0091592856
0.0097622382
0.010365191
0.0092229998
0.0098259523
0.010428905
0.011031857
0.0098896664
0.010492619
0.011095571
0.011698524
0.010556333
0.011159286
0.011762238
0.012365191
-0.0047770002
-0.0041740477
-0.0035710952
-0.0029681426
-0.0041103336
-0.003507381
-0.0029044285
-0.002301476
-0.0034436669
-0.0028407144
-0.0022377618
-0.0016348093
-0.0027770002
-0.0021740477
-0.0015710952
-0.00096814265
-0.0021103336
-0.001507381
-0.00090442851
-0.00030147598
-0.0014436669
-0.00084071437
-0.00023776184
0.00036519069
-0.00077700024
-0.00017404771
0.00042890482
0.0010318574
-0.00011033357
0.00049261896
0.0010955715
0.001698524
0.0005563331
0.0011592856
0.0017622382
0.0023651907
0.0012229998
0.0018259523
0.0024289048
0.0030318574
0.0018896664
0.002492619
0.0030955715
0.003698524
0.0025563331
0.0031592856
0.0037622382
0.0043651907
0.0032229998
0.0038259523
0.0044289048
0.0050318574
0.0038896664
0.004492619
0.0050955715
0.005698524
0.0045563331
0.0051592856
0.0057622382
0.0063651907
0.0052229998
0.0058259523
0.0064289048
0.0070318574
0.0058896664
0.006492619
0.0070955715
0.007698524
0.0065563331
0.0071592856
0.0077622382
0.0083651907
0.0072229998
0.0078259523
0.0084289048
0.0090318574
0.0078896664
0.008492619
0.0090955715
0.009698524
0.0085563331
0.0091592856
0.0097622382
0.010365191
0.0092229998
0.0098259523
0.010428905
0.011031857
0.0098896664
0.010492619
0.011095571
0.011698524
0.010556333
0.011159286
0.011762238
0.012365191
-0.0047770002
-0.0041740477
-0.0035710952
-0.0029681426
-0.0041103336
-0.003507381
-0.0029044285
-0.002301476
-0.0034436669
-0.0028407144
-0.0022377618
-0.0016348093
-0.0027770002
-0.0021740477
-0.0015710952
-0.00096814264
-0.0021103336
-0.001507381
-0.00090442851
-0.00030147598
-0.0014436669
-0.00084071437
-0.00023776184
0.00036519069
-0.00077700024
-0.00017404771
0.00042890482
0.0010318574
-0.00011033357
0.00049261896
0.0010955715
0.001698524
0.00055633309
0.0011592856
0.0017622382
0.0023651907
0.0012229998
0.0018259523
0.0024289048
0.0030318574
0.0018896664
0.002492619
0.0030955715
0.003698524
0.0025563331
0.0031592856
0.0037622382
0.0043651907
0.0032229998
0.0038259523
0.0044289048
0.0050318574
0.0038896664
0.004492619
0.0050955715
0.005698524
0.0045563331
0.0051592856
0.0057622382
0.0063651907
0.0052229998
0.0058259523
0.0064289048
0.0070318574
0.0058896664
0.006492619
0.0070955715
0.007698524
0.0065563331
0.0071592856
0.0077622382
0.0083651907
0.0072229998
0.0078259523
0.0084289048
0.0090318574
0.0078896664
0.008492619
0.0090955715
0.009698524
0.0085563331
0.0091592856
0.0097622382
0.010365191
0.0092229998
0.0098259523
0.010428905
0.011031857
0.0098896664
0.010492619
0.011095571
0.011698524
0.010556333
0.011159286
0.011762238
0.012365191
-0.0047770002
-0.0041740477
-0.0035710952
-0.0029681426
-0.0041103336
-0.003507381
-0.0029044285
-0.002301476
-0.0034436669
-0.0028407144
-0.0022377618
-0.0016348093
-0.0027770002
-0.0021740477
-0.0015710952
-0.00096814264
-0.0021103336
-0.001507381
-0.00090442851
-0.00030147597
-0.0014436669
-0.00084071438
-0.00023776184
0.00036519069
-0.00077700024
-0.00017404771
0.00042890483
0.0010318574
-0.00011033358
0.00049261896
0.0010955715
0.001698524
0.00055633309
0.0011592856
0.0017622382
0.0023651907
0.0012229998
0.0018259523
0.0024289048
0.0030318574
0.0018896664
0.002492619
0.0030955715
0.003698524
0.0025563331
0.0031592856
0.0037622382
0.0043651907
0.0032229998
0.0038259523
0.0044289048
0.0050318574
0.0038896664
0.004492619
0.0050955715
0.005698524
0.0045563331
0.0051592856
0.0057622382
0.0063651907
0.0052229998
0.0058259523
0.0064289048
0.0070318574
0.0058896664
0.006492619
0.0070955715
0.007698524
0.0065563331
0.0071592856
0.0077622382
0.0083651907
0.0072229998
0.0078259523
0.0084289048
0.0090318574
0.0078896664
0.008492619
0.0090955715
0.009698524
0.0085563331
0.0091592856
0.0097622382
0.010365191
0.0092229998
0.0098259523
0.010428905
0.011031857
0.0098896664
0.010492619
0.011095571
0.011698524
0.010556333
0.011159286
0.011762238
0.012365191
-0.0047770002
-0.0041740477
-0.0035710952
-0.0029681426
-0.0041103336
-0.003507381
-0.0029044285
-0.002301476
-0.0034436669
-0.0028407144
-0.0022377618
-0.0016348093
-0.0027770002
-0.0021740477
-0.0015710952
-0.00096814264
-0.0021103336
-0.001507381
-0.00090442851
-0.00030147597
-0.0014436669
-0.00084071438
-0.00023776184
0.0003651907
-0.00077700025
-0.00017404771
0.00042890483
0.0010318574
-0.00011033358
0.00049261896
0.0010955715
0.001698524
0.00055633309
0.0011592856
0.0017622382
0.0023651907
0.0012229998
0.0018259523
0.0024289048
0.0030318574
0.0018896664
0.002492619
0.0030955715
0.003698524
0.0025563331
0.0031592856
0.0037622382
0.0043651907
0.0032229998
0.0038259523
0.0044289048
0.0050318574
0.0038896664
0.004492619
0.0050955715
0.005698524
0.0045563331
0.0051592856
0.0057622382
0.0063651907
0.0052229998
0.0058259523
0.0064289048
0.0070318574
0.0058896664
0.006492619
0.0070955715
0.007698524
0.0065563331
0.0071592856
0.0077622382
0.0083651907
0.0072229998
0.0078259523
0.0084289048
0.0090318574
0.0078896664
0.008492619
0.0090955715
0.009698524
0.0085563331
0.0091592856
0.0097622382
0.010365191
0.0092229998
0.0098259523
0.010428905
0.011031857
0.0098896664
0.010492619
0.011095571
0.011698524
0.010556333
0.011159286
0.011762238
0.012365191
-0.0047770002
-0.0041740477
-0.0035710952
-0.0029681426
-0.0041103336
-0.003507381
-0.0029044285
-0.002301476
-0.0034436669
-0.0028407144
-0.0022377618
-0.0016348093
-0.0027770002
-0.0021740477
-0.0015710952
-0.00096814263
-0.0021103336
-0.001507381
-0.00090442851
-0.00030147597
-0.0014436669
-0.00084071438
-0.00023776184
0.0003651907
-0.00077700025
-0.00017404771
0.00042890483
0.0010318574
-0.00011033358
0.00049261896
0.0010955715
0.001698524
0.00055633308
0.0011592856
0.0017622382
0.0023651907
0.0012229998
0.0018259523
0.0024289048
0.0030318574
0.0018896664
0.002492619
0.0030955715
0.003698524
0.0025563331
0.0031592856
0.0037622382
0.0043651907
0.0032229998
0.0038259523
0.0044289048
0.0050318574
0.0038896664
0.004492619
0.0050955715
0.005698524
0.0045563331
0.0051592856
0.0057622382
0.0063651907
0.0052229998
0.0058259523
0.0064289048
0.0070318574
0.0058896664
0.006492619
0.0070955715
0.007698524
0.0065563331
0.0071592856
0.0077622382
0.0083651907
0.0072229998
0.0078259523
0.0084289048
0.0090318574
0.0078896664
0.008492619
0.0090955715
0.009698524
0.0085563331
0.0091592856
0.0097622382
0.010365191
0.0092229998
0.0098259523
0.010428905
0.011031857
0.0098896664
0.010492619
0.011095571
0.011698524
0.010556333
0.011159286
0.011762238
0.012365191
-0.0047770003
-0.0041740477
-0.0035710952
-0.0029681426
-0.0041103336
-0.003507381
-0.0029044285
-0.002301476
-0.0034436669
-0.0028407144
-0.0022377618
-0.0016348093
-0.0027770003
-0.0021740477
-0.0015710952
-0.00096814263
-0.0021103336
-0.001507381
-0.0009044285
-0.00030147596
-0.0014436669
-0.00084071438
-0.00023776184
0.0003651907
-0.00077700025
-0.00017404771
0.00042890483
0.0010318574
-0.00011033358
0.00049261896
0.0010955715
0.001698524
0.00055633308
0.0011592856
0.0017622382
0.0023651907
0.0012229997
0.0018259523
0.0024289048
0.0030318574
0.0018896664
0.002492619
0.0030955715
0.003698524
0.0025563331
0.0031592856
0.0037622382
0.0043651907
0.0032229997
0.0038259523
0.0044289048
0.0050318574
0.0038896664
0.004492619
0.0050955715
0.005698524
0.0045563331
0.0051592856
0.0057622382
0.0063651907
0.0052229997
0.0058259523
0.0064289048
0.0070318574
0.0058896664
0.006492619
0.0070955715
0.007698524
0.0065563331
0.0071592856
0.0077622382
0.0083651907
0.0072229997
0.0078259523
0.0084289048
0.0090318574
0.0078896664
0.008492619
0.0090955715
0.009698524
0.0085563331
0.0091592856
0.0097622382
0.010365191
0.0092229997
0.0098259523
0.010428905
0.011031857
0.0098896664
0.010492619
0.011095571
0.011698524
0.010556333
0.011159286
0.011762238
0.012365191
-0.0047770003
-0.0041740477
-0.0035710952
-0.0029681426
-0.0041103336
-0.003507381
-0.0029044285
-0.002301476
-0.0034436669
-0.0028407144
-0.0022377618
-0.0016348093
-0.0027770003
-0.0021740477
-0.0015710952
-0.00096814263
-0.0021103336
-0.001507381
-0.0009044285
-0.00030147596
-0.0014436669
-0.00084071438
-0.00023776184
0.00036519071
-0.00077700025
-0.00017404771
0.00042890483
0.0010318574
-0.00011033359
0.00049261895
0.0010955715
0.001698524
0.00055633308
0.0011592856
0.0017622382
0.0023651907
0.0012229997
0.0018259523
0.0024289048
0.0030318574
0.0018896664
0.002492619
0.0030955715
0.003698524
0.0025563331
0.0031592856
0.0037622382
0.0043651907
0.0032229997
0.0038259523
0.0044289048
0.0050318574
0.0038896664
0.004492619
0.0050955715
0.005698524
0.0045563331
0.0051592856
0.0057622382
0.0063651907
0.0052229997
0.0058259523
0.0064289048
0.0070318574
0.0058896664
0.006492619
0.0070955715
0.007698524
0.0065563331
0.0071592856
0.0077622382
0.0083651907
0.0072229997
0.0078259523
0.0084289048
0.0090318574
0.0078896664
0.008492619
0.0090955715
0.009698524
0.0085563331
0.0091592856
0.0097622382
0.010365191
0.0092229997
0.0098259523
0.010428905
0.011031857
0.0098896664
0.010492619
0.011095571
0.011698524
0.010556333
0.011159286
0.011762238
0.012365191
-0.0047770003
-0.0041740477
-0.0035710952
-0.0029681426
-0.0041103336
-0.003507381
-0.0029044285
-0.002301476
-0.0034436669
-0.0028407144
-0.0022377618
-0.0016348093
-0.0027770003
-0.0021740477
-0.0015710952
-0.00096814262
-0.0021103336
-0.001507381
-0.0009044285
-0.00030147596
-0.0014436669
-0.00084071438
-0.00023776184
0.00036519071
-0.00077700026
-0.00017404771
0.00042890483
0.0010318574
-0.00011033359
0.00049261895
0.0010955715
0.001698524
0.00055633307
0.0011592856
0.0017622382
0.0023651907
0.0012229997
0.0018259523
0.0024289048
0.0030318574
0.0018896664
0.002492619
0.0030955715
0.003698524
0.0025563331
0.0031592856
0.0037622382
0.0043651907
0.0032229997
0.0038259523
0.0044289048
0.0050318574
0.0038896664
0.004492619
0.0050955715
0.005698524
0.0045563331
0.0051592856
0.0057622382
0.0063651907
0.0052229997
0.0058259523
0.0064289048
0.0070318574
0.0058896664
0.006492619
0.0070955715
0.007698524
0.0065563331
0.0071592856
0.0077622382
0.0083651907
0.0072229997
0.0078259523
0.0084289048
0.0090318574
0.0078896664
0.008492619
0.0090955715
0.009698524
0.0085563331
0.0091592856
0.0097622382
0.010365191
0.0092229997
0.0098259523
0.010428905
0.011031857
0.0098896664
0.010492619
0.011095571
0.011698524
0.010556333
0.011159286
0.011762238
0.012365191
-0.0047770003
-0.0041740477
-0.0035710952
-0.0029681426
-0.0041103336
-0.003507381
-0.0029044285
-0.002301476
-0.0034436669
-0.0028407144
-0.0022377618
-0.0016348093
-0.0027770003
-0.0021740477
-0.0015710952
-0.00096814262
-0.0021103336
-0.001507381
-0.0009044285
-0.00030147595
-0.0014436669
-0.00084071438
-0.00023776183
0.00036519071
-0.00077700026
-0.00017404771
0.00042890483
0.0010318574
-0.00011033359
0.00049261895
0.0010955715
0.001698524
0.00055633307
0.0011592856
0.0017622382
0.0023651907
0.0012229997
0.0018259523
0.0024289048
0.0030318574
0.0018896664
0.002492619
0.0030955715
0.003698524
0.0025563331
0.0031592856
0.0037622382
0.0043651907
0.0032229997
0.0038259523
0.0044289048
0.0050318574
0.0038896664
0.004492619
0.0050955715
0.005698524
0.0045563331
0.0051592856
0.0057622382
0.0063651907
0.0052229997
0.0058259523
0.0064289048
0.0070318574
0.0058896664
0.006492619
0.0070955715
0.007698524
0.0065563331
0.0071592856
0.0077622382
0.0083651907
0.0072229997
0.0078259523
0.0084289048
0.0090318574
0.0078896664
0.008492619
0.0090955715
0.009698524
0.0085563331
0.0091592856
0.0097622382
0.010365191
0.0092229997
0.0098259523
0.010428905
0.011031857
0.0098896664
0.010492619
0.011095571
0.011698524
0.010556333
0.011159286
0.011762238
0.012365191
-0.0024077833
-0.0018900163
-0.0013722492
-0.00085448222
-0.0017411166
-0.0012233496
-0.00070558258
-0.00018781555
-0.00107445
-0.00055668294
-3.8915914e-05
0.00047885111
-0.0004077833
0.00010998373
0.00062775075
0.0011455178
0.00025888336
0.00077665039
0.0012944174
0.0018121844
0.00092555003
0.0014433171
0.0019610841
0.0024788511
0.0015922167
0.0021099837
0.0026277508
0.0031455178
0.0022588834
0.0027766504
0.0032944174
0.0038121844
0.00292555
0.0034433171
0.0039610841
0.0044788511
0.0035922167
0.0041099837
0.0046277508
0.0051455178
0.0042588834
0.0047766504
0.0052944174
0.0058121844
0.00492555
0.0054433171
0.0059610841
0.0064788511
0.0055922167
0.0061099837
0.0066277508
0.0071455178
0.0062588834
0.0067766504
0.0072944174
0.0078121844
0.00692555
0.0074433171
0.0079610841
0.0084788511
0.0075922167
0.0081099837
0.0086277508
0.0091455178
0.0082588834
0.0087766504
0.0092944174
0.0098121844
0.00892555
0.0094433171
0.0099610841
0.010478851
0.0095922167
0.010109984
0.010627751
0.011145518
0.010258883
0.01077665
0.011294417
0.011812184
0.01092555
0.011443317
0.011961084
0.012478851
0.011592217
0.012109984
0.012627751
0.013145518
0.012258883
0.01277665
0.013294417
0.013812184
0.01292555
0.013443317
0.013961084
0.014478851
-0.0024077833
-0.0018900163
-0.0013722492
-0.00085448222
-0.0017411166
-0.0012233496
-0.00070558258
-0.00018781555
-0.00107445
-0.00055668294
-3.8915913e-05
0.00047885112
-0.0004077833
0.00010998372
0.00062775075
0.0011455178
0.00025888336
0.00077665039
0.0012944174
0.0018121844
0.00092555003
0.0014433171
0.0019610841
0.0024788511
0.0015922167
0.0021099837
0.0026277508
0.0031455178
0.0022588834
0.0027766504
0.0032944174
0.0038121844
0.00292555
0.0034433171
0.0039610841
0.0044788511
0.0035922167
0.0041099837
0.0046277508
0.0051455178
0.0042588834
0.0047766504
0.0052944174
0.0058121844
0.00492555
0.0054433171
0.0059610841
0.0064788511
0.0055922167
0.0061099837
0.0066277508
0.0071455178
0.0062588834
0.0067766504
0.0072944174
0.0078121844
0.00692555
0.0074433171
0.0079610841
0.0084788511
0.0075922167
0.0081099837
0.0086277508
0.0091455178
0.0082588834
0.0087766504
0.0092944174
0.0098121844
0.00892555
0.0094433171
0.0099610841
0.010478851
0.0095922167
0.010109984
0.010627751
0.011145518
0.010258883
0.01077665
0.011294417
0.011812184
0.01092555
0.011443317
0.011961084
0.012478851
0.011592217
0.012109984
0.012627751
0.013145518
0.012258883
0.01277665
0.013294417
0.013812184
0.01292555
0.013443317
0.013961084
0.014478851
-0.0024077833
-0.0018900163
-0.0013722492
-0.00085448222
-0.0017411166
-0.0012233496
-0.00070558258
-0.00018781555
-0.00107445
-0.00055668294
-3.8915913e-05
0.00047885112
-0.00040778331
0.00010998372
0.00062775075
0.0011455178
0.00025888336
0.00077665039
0.0012944174
0.0018121845
0.00092555003
0.0014433171
0.0019610841
0.0024788511
0.0015922167
0.0021099837
0.0026277508
0.0031455178
0.0022588834
0.0027766504
0.0032944174
0.0038121845
0.00292555
0.0034433171
0.0039610841
0.0044788511
0.0035922167
0.0041099837
0.0046277508
0.0051455178
0.0042588834
0.0047766504
0.0052944174
0.0058121844
0.00492555
0.0054433171
0.0059610841
0.0064788511
0.0055922167
0.0061099837
0.0066277508
0.0071455178
0.0062588834
0.0067766504
0.0072944174
0.0078121844
0.00692555
0.0074433171
0.0079610841
0.0084788511
0.0075922167
0.0081099837
0.0086277508
0.0091455178
0.0082588834
0.0087766504
0.0092944174
0.0098121844
0.00892555
0.0094433171
0.0099610841
0.010478851
0.0095922167
0.010109984
0.010627751
0.011145518
0.010258883
0.01077665
0.011294417
0.011812184
0.01092555
0.011443317
0.011961084
0.012478851
0.011592217
0.012109984
0.012627751
0.013145518
0.012258883
0.01277665
0.013294417
0.013812184
0.01292555
0.013443317
0.013961084
0.014478851
-0.0024077833
-0.0018900163
-0.0013722492
-0.00085448221
-0.0017411166
-0.0012233496
-0.00070558258
-0.00018781555
-0.00107445
-0.00055668294
-3.8915912e-05
0.00047885112
-0.00040778331
0.00010998372
0.00062775075
0.0011455178
0.00025888336
0.00077665039
0.0012944174
0.0018121845
0.00092555003
0.0014433171
0.0019610841
0.0024788511
0.0015922167
0.0021099837
0.0026277508
0.0031455178
0.0022588834
0.0027766504
0.0032944174
0.0038121845
0.00292555
0.0034433171
0.0039610841
0.0044788511
0.0035922167
0.0041099837
0.0046277508
0.0051455178
0.0042588834
0.0047766504
0.0052944174
0.0058121845
0.00492555
0.0054433171
0.0059610841
0.0064788511
0.0055922167
0.0061099837
0.0066277508
0.0071455178
0.0062588834
0.0067766504
0.0072944174
0.0078121845
0.00692555
0.0074433171
0.0079610841
0.0084788511
0.0075922167
0.0081099837
0.0086277508
0.0091455178
0.0082588834
0.0087766504
0.0092944174
0.0098121844
0.00892555
0.0094433171
0.0099610841
0.010478851
0.0095922167
0.010109984
0.010627751
0.011145518
0.010258883
0.01077665
0.011294417
0.011812184
0.01092555
0.011443317
0.011961084
0.012478851
0.011592217
0.012109984
0.012627751
0.013145518
0.012258883
0.01277665
0.013294417
0.013812184
0.01292555
0.013443317
0.013961084
0.014478851
-0.0024077833
-0.0018900163
-0.0013722492
-0.00085448221
-0.0017411166
-0.0012233496
-0.00070558258
-0.00018781555
-0.00107445
-0.00055668294
-3.8915912e-05
0.00047885112
-0.00040778331
0.00010998372
0.00062775075
0.0011455178
0.00025888336
0.00077665039
0.0012944174
0.0018121845
0.00092555003
0.0014433171
0.0019610841
0.0024788511
0.0015922167
0.0021099837
0.0026277508
0.0031455178
0.0022588834
0.0027766504
0.0032944174
0.0038121845
0.00292555
0.0034433171
0.0039610841
0.0044788511
0.0035922167
0.0041099837
0.0046277508
0.0051455178
0.0042588834
0.0047766504
0.0052944174
0.0058121845
0.00492555
0.0054433171
0.0059610841
0.0064788511
0.0055922167
0.0061099837
0.0066277508
0.0071455178
0.0062588834
0.0067766504
0.0072944174
0.0078121845
0.00692555
0.0074433171
0.0079610841
0.0084788511
0.0075922167
0.0081099837
0.0086277508
0.0091455178
0.0082588834
0.0087766504
0.0092944174
0.0098121845
0.00892555
0.0094433171
0.0099610841
0.010478851
0.0095922167
0.010109984
0.010627751
0.011145518
0.010258883
0.01077665
0.011294417
0.011812184
0.01092555
0.011443317
0.011961084
0.012478851
0.011592217
0.012109984
0.012627751
0.013145518
0.012258883
0.01277665
0.013294417
0.013812184
0.01292555
0.013443317
0.013961084
0.014478851
-0.0024077833
-0.0018900163
-0.0013722492
-0.00085448221
-0.0017411166
-0.0012233496
-0.00070558258
-0.00018781555
-0.00107445
-0.00055668294
-3.8915911e-05
0.00047885112
-0.00040778331
0.00010998372
0.00062775076
0.0011455178
0.00025888336
0.00077665039
0.0012944174
0.0018121845
0.00092555002
0.0014433171
0.0019610841
0.0024788511
0.0015922167
0.0021099837
0.0026277508
0.0031455178
0.0022588834
0.0027766504
0.0032944174
0.0038121845
0.00292555
0.0034433171
0.0039610841
0.0044788511
0.0035922167
0.0041099837
0.0046277508
0.0051455178
0.0042588834
0.0047766504
0.0052944174
0.0058121845
0.00492555
0.0054433171
0.0059610841
0.0064788511
0.0055922167
0.0061099837
0.0066277508
0.0071455178
0.0062588834
0.0067766504
0.0072944174
0.0078121845
0.00692555
0.0074433171
0.0079610841
0.0084788511
0.0075922167
0.0081099837
0.0086277508
0.0091455178
0.0082588834
0.0087766504
0.0092944174
0.0098121845
0.00892555
0.0094433171
0.0099610841
0.010478851
0.0095922167
0.010109984
0.010627751
0.011145518
0.010258883
0.01077665
0.011294417
0.011812184
0.01092555
0.011443317
0.011961084
0.012478851
0.011592217
0.012109984
0.012627751
0.013145518
0.012258883
0.01277665
0.013294417
0.013812184
0.01292555
0.013443317
0.013961084
0.014478851
-0.0024077833
-0.0018900163
-0.0013722492
-0.00085448221
-0.0017411166
-0.0012233496
-0.00070558258
-0.00018781554
-0.00107445
-0.00055668294
-3.8915911e-05
0.00047885112
-0.00040778331
0.00010998372
0.00062775076
0.0011455178
0.00025888336
0.00077665039
0.0012944174
0.0018121845
0.00092555002
0.0014433171
0.0019610841
0.0024788511
0.0015922167
0.0021099837
0.0026277508
0.0031455178
0.0022588834
0.0027766504
0.0032944174
0.0038121845
0.00292555
0.0034433171
0.0039610841
0.0044788511
0.0035922167
0.0041099837
0.0046277508
0.0051455178
0.0042588834
0.0047766504
0.0052944174
0.0058121845
0.00492555
0.0054433171
0.0059610841
0.0064788511
0.0055922167
0.0061099837
0.0066277508
0.0071455178
0.0062588834
0.0067766504
0.0072944174
0.0078121845
0.00692555
0.0074433171
0.0079610841
0.0084788511
0.0075922167
0.0081099837
0.0086277508
0.0091455178
0.0082588834
0.0087766504
0.0092944174
0.0098121845
0.00892555
0.0094433171
0.0099610841
0.010478851
0.0095922167
0.010109984
0.010627751
0.011145518
0.010258883
0.01077665
0.011294417
0.011812184
0.01092555
0.011443317
0.011961084
0.012478851
0.011592217
0.012109984
0.012627751
0.013145518
0.012258883
0.01277665
0.013294417
0.013812184
0.01292555
0.013443317
0.013961084
0.014478851
-0.0024077833
-0.0018900163
-0.0013722492
-0.00085448221
-0.0017411166
-0.0012233496
-0.00070558258
-0.00018781554
-0.00107445
-0.00055668294
-3.891591e-05
0.00047885112
-0.00040778331
0.00010998372
0.00062775076
0.0011455178
0.00025888335
0.00077665039
0.0012944174
0.0018121845
0.00092555002
0.0014433171
0.0019610841
0.0024788511
0.0015922167
0.0021099837
0.0026277508
0.0031455178
0.0022588834
0.0027766504
0.0032944174
0.0038121845
0.00292555
0.0034433171
0.0039610841
0.0044788511
0.0035922167
0.0041099837
0.0046277508
0.0051455178
0.0042588834
0.0047766504
0.0052944174
0.0058121845
0.00492555
0.0054433171
0.0059610841
0.0064788511
0.0055922167
0.0061099837
0.0066277508
0.0071455178
0.0062588834
0.0067766504
0.0072944174
0.0078121845
0.00692555
0.0074433171
0.0079610841
0.0084788511
0.0075922167
0.0081099837
0.0086277508
0.0091455178
0.0082588834
0.0087766504
0.0092944174
0.0098121845
0.00892555
0.0094433171
0.0099610841
0.010478851
0.0095922167
0.010109984
0.010627751
0.011145518
0.010258883
0.01077665
0.011294417
0.011812184
0.01092555
0.011443317
0.011961084
0.012478851
0.011592217
0.012109984
0.012627751
0.013145518
0.012258883
0.01277665
0.013294417
0.013812184
0.01292555
0.013443317
0.013961084
0.014478851
-0.0024077833
-0.0018900163
-0.0013722492
-0.00085448221
-0.0017411166
-0.0012233496
-0.00070558258
-0.00018781554
-0.00107445
-0.00055668295
-3.891591e-05
0.00047885113
-0.00040778331
0.00010998372
0.00062775076
0.0011455178
0.00025888335
0.00077665039
0.0012944174
0.0018121845
0.00092555002
0.0014433171
0.0019610841
0.0024788511
0.0015922167
0.0021099837
0.0026277508
0.0031455178
0.0022588834
0.0027766504
0.0032944174
0.0038121845
0.00292555
0.0034433171
0.0039610841
0.0044788511
0.0035922167
0.0041099837
0.0046277508
0.0051455178
0.0042588834
0.0047766504
0.0052944174
0.0058121845
0.00492555
0.0054433171
0.0059610841
0.0064788511
0.0055922167
0.0061099837
0.0066277508
0.0071455178
0.0062588834
0.0067766504
0.0072944174
0.0078121845
0.00692555
0.0074433171
0.0079610841
0.0084788511
0.0075922167
0.0081099837
0.0086277508
0.0091455178
0.0082588834
0.0087766504
0.0092944174
0.0098121845
0.00892555
0.0094433171
0.0099610841
0.010478851
0.0095922167
0.010109984
0.010627751
0.011145518
0.010258883
0.01077665
0.011294417
0.011812184
0.01092555
0.011443317
0.011961084
0.012478851
0.011592217
0.012109984
0.012627751
0.013145518
0.012258883
0.01277665
0.013294417
0.013812184
0.01292555
0.013443317
0.013961084
0.014478851
-0.0024077833
-0.0018900163
-0.0013722492
-0.00085448221
-0.0017411166
-0.0012233496
-0.00070558258
-0.00018781554
-0.00107445
-0.00055668295
-3.8915909e-05
0.00047885113
-0.00040778332
0.00010998372
0.00062775076
0.0011455178
0.00025888335
0.00077665039
0.0012944174
0.0018121845
0.00092555002
0.0014433171
0.0019610841
0.0024788511
0.0015922167
0.0021099837
0.0026277508
0.0031455178
0.0022588834
0.0027766504
0.0032944174
0.0038121845
0.00292555
0.0034433171
0.0039610841
0.0044788511
0.0035922167
0.0041099837
0.0046277508
0.0051455178
0.0042588834
0.0047766504
0.0052944174
0.0058121845
0.00492555
0.0054433171
0.0059610841
0.0064788511
0.0055922167
0.0061099837
0.0066277508
0.0071455178
0.0062588834
0.0067766504
0.0072944174
0.0078121845
0.00692555
0.0074433171
0.0079610841
0.0084788511
0.0075922167
0.0081099837
0.0086277508
0.0091455178
0.0082588834
0.0087766504
0.0092944174
0.0098121845
0.00892555
0.0094433171
0.0099610841
0.010478851
0.0095922167
0.010109984
0.010627751
0.011145518
0.010258883
0.01077665
0.011294417
0.011812184
0.01092555
0.011443317
0.011961084
0.012478851
0.011592217
0.012109984
0.012627751
0.013145518
0.012258883
0.01277665
0.013294417
0.013812184
0.01292555
0.013443317
0.013961084
0.014478851
-0.0024077833
-0.0018900163
-0.0013722492
-0.0008544822
-0.0017411167
-0.0012233496
-0.00070558257
-0.00018781554
-0.00107445
-0.00055668295
-3.8915908e-05
0.00047885113
-0.00040778332
0.00010998372
0.00062775076
0.0011455178
0.00025888335
0.00077665039
0.0012944174
0.0018121845
0.00092555002
0.0014433171
0.0019610841
0.0024788511
0.0015922167
0.0021099837
0.0026277508
0.0031455178
0.0022588833
0.0027766504
0.0032944174
0.0038121845
0.00292555
0.0034433171
0.0039610841
0.0044788511
0.0035922167
0.0041099837
0.0046277508
0.0051455178
0.0042588833
0.0047766504
0.0052944174
0.0058121845
0.00492555
0.0054433171
0.0059610841
0.0064788511
0.0055922167
0.0061099837
0.0066277508
0.0071455178
0.0062588833
0.0067766504
0.0072944174
0.0078121845
0.00692555
0.0074433171
0.0079610841
0.0084788511
0.0075922167
0.0081099837
0.0086277508
0.0091455178
0.0082588833
0.0087766504
0.0092944174
0.0098121845
0.00892555
0.0094433171
0.0099610841
0.010478851
0.0095922167
0.010109984
0.010627751
0.011145518
0.010258883
0.01077665
0.011294417
0.011812184
0.01092555
0.011443317
0.011961084
0.012478851
0.011592217
0.012109984
0.012627751
0.013145518
0.012258883
0.01277665
0.013294417
0.013812184
0.01292555
0.013443317
0.013961084
0.014478851
-0.0024077833
-0.0018900163
-0.0013722492
-0.0008544822
-0.0017411167
-0.0012233496
-0.00070558257
-0.00018781554
-0.00107445
-0.00055668295
-3.8915908e-05
0.00047885113
-0.00040778332
0.00010998372
0.00062775076
0.0011455178
0.00025888335
0.00077665039
0.0012944174
0.0018121845
0.00092555001
0.0014433171
0.0019610841
0.0024788511
0.0015922167
0.0021099837
0.0026277508
0.0031455178
0.0022588833
0.0027766504
0.0032944174
0.0038121845
0.00292555
0.0034433171
0.0039610841
0.0044788511
0.0035922167
0.0041099837
0.0046277508
0.0051455178
0.0042588833
0.0047766504
0.0052944174
0.0058121845
0.00492555
0.0054433171
0.0059610841
0.0064788511
0.0055922167
0.0061099837
0.0066277508
0.0071455178
0.0062588833
0.0067766504
0.0072944174
0.0078121845
0.00692555
0.0074433171
0.0079610841
0.0084788511
0.0075922167
0.0081099837
0.0086277508
0.0091455178
0.0082588833
0.0087766504
0.0092944174
0.0098121845
0.00892555
0.0094433171
0.0099610841
0.010478851
0.0095922167
0.010109984
0.010627751
0.011145518
0.010258883
0.01077665
0.011294417
0.011812184
0.01092555
0.011443317
0.011961084
0.012478851
0.011592217
0.012109984
0.012627751
0.013145518
0.012258883
0.01277665
0.013294417
0.013812184
0.01292555
0.013443317
0.013961084
0.014478851
-0.0024077833
-0.0018900163
-0.0013722492
-0.0008544822
-0.0017411167
-0.0012233496
-0.00070558257
-0.00018781553
-0.00107445
-0.00055668295
-3.8915907e-05
0.00047885113
-0.00040778332
0.00010998372
0.00062775076
0.0011455178
0.00025888335
0.00077665039
0.0012944174
0.0018121845
0.00092555001
0.0014433171
0.0019610841
0.0024788511
0.0015922167
0.0021099837
0.0026277508
0.0031455178
0.0022588833
0.0027766504
0.0032944174
0.0038121845
0.00292555
0.0034433171
0.0039610841
0.0044788511
0.0035922167
0.0041099837
0.0046277508
0.0051455178
0.0042588833
0.0047766504
0.0052944174
0.0058121845
0.00492555
0.0054433171
0.0059610841
0.0064788511
0.0055922167
0.0061099837
0.0066277508
0.0071455178
0.0062588833
0.0067766504
0.0072944174
0.0078121845
0.00692555
0.0074433171
0.0079610841
0.0084788511
0.0075922167
0.0081099837
0.0086277508
0.0091455178
0.0082588833
0.0087766504
0.0092944174
0.0098121845
0.00892555
0.0094433171
0.0099610841
0.010478851
0.0095922167
0.010109984
0.010627751
0.011145518
0.010258883
0.01077665
0.011294417
0.011812184
0.01092555
0.011443317
0.011961084
0.012478851
0.011592217
0.012109984
0.012627751
0.013145518
0.012258883
0.01277665
0.013294417
0.013812184
0.01292555
0.013443317
0.013961084
0.014478851
-0.0024077833
-0.0018900163
-0.0013722492
-0.0008544822
-0.0017411167
-0.0012233496
-0.00070558257
-0.00018781553
-0.00107445
-0.00055668295
-3.8915907e-05
0.00047885114
-0.00040778332
0.00010998372
0.00062775076
0.0011455178
0.00025888334
0.00077665038
0.0012944174
0.0018121845
0.00092555001
0.0014433171
0.0019610841
0.0024788511
0.0015922167
0.0021099837
0.0026277508
0.0031455178
0.0022588833
0.0027766504
0.0032944174
0.0038121845
0.00292555
0.0034433171
0.0039610841
0.0044788511
0.0035922167
0.0041099837
0.0046277508
0.0051455178
0.0042588833
0.0047766504
0.0052944174
0.0058121845
0.00492555
0.0054433171
0.0059610841
0.0064788511
0.0055922167
0.0061099837
0.0066277508
0.0071455178
0.0062588833
0.0067766504
0.0072944174
0.0078121845
0.00692555
0.0074433171
0.0079610841
0.0084788511
0.0075922167
0.0081099837
0.0086277508
0.0091455178
0.0082588833
0.0087766504
0.0092944174
0.0098121845
0.00892555
0.0094433171
0.0099610841
0.010478851
0.0095922167
0.010109984
0.010627751
0.011145518
0.010258883
0.01077665
0.011294417
0.011812184
0.01092555
0.011443317
0.011961084
0.012478851
0.011592217
0.012109984
0.012627751
0.013145518
0.012258883
0.01277665
0.013294417
0.013812184
0.01292555
0.013443317
0.013961084
0.014478851
-0.0024077833
-0.0018900163
-0.0013722492
-0.0008544822
-0.0017411167
-0.0012233496
-0.00070558257
-0.00018781553
-0.00107445
-0.00055668295
-3.8915906e-05
0.00047885114
-0.00040778333
0.00010998372
0.00062775076
0.0011455178
0.00025888334
0.00077665038
0.0012944174
0.0018121845
0.00092555001
0.0014433171
0.0019610841
0.0024788511
0.0015922167
0.0021099837
0.0026277508
0.0031455178
0.0022588833
0.0027766504
0.0032944174
0.0038121845
0.00292555
0.0034433171
0.0039610841
0.0044788511
0.0035922167
0.0041099837
0.0046277508
0.0051455178
0.0042588833
0.0047766504
0.0052944174
0.0058121845
0.00492555
0.0054433171
0.0059610841
0.0064788511
0.0055922167
0.0061099837
0.0066277508
0.0071455178
0.0062588833
0.0067766504
0.0072944174
0.0078121845
0.00692555
0.0074433171
0.0079610841
0.0084788511
0.0075922167
0.0081099837
0.0086277508
0.0091455178
0.0082588833
0.0087766504
0.0092944174
0.0098121845
0.00892555
0.0094433171
0.0099610841
0.010478851
0.0095922167
0.010109984
0.010627751
0.011145518
0.010258883
0.01077665
0.011294417
0.011812184
0.01092555
0.011443317
0.011961084
0.012478851
0.011592217
0.012109984
0.012627751
0.013145518
0.012258883
0.01277665
0.013294417
0.013812184
0.01292555
0.013443317
0.013961084
0.014478851
-0.0024077833
-0.0018900163
-0.0013722492
-0.00085448219
-0.0017411167
-0.0012233496
-0.00070558257
-0.00018781553
-0.00107445
-0.00055668295
-3.8915905e-05
0.00047885114
-0.00040778333
0.00010998372
0.00062775076
0.0011455178
0.00025888334
0.00077665038
0.0012944174
0.0018121845
0.00092555001
0.0014433171
0.0019610841
0.0024788511
0.0015922167
0.0021099837
0.0026277508
0.0031455178
0.0022588833
0.0027766504
0.0032944174
0.0038121845
0.00292555
0.0034433171
0.0039610841
0.0044788511
0.0035922167
0.0041099837
0.0046277508
0.0051455178
0.0042588833
0.0047766504
0.0052944174
0.0058121845
0.00492555
0.0054433171
0.0059610841
0.0064788511
0.0055922167
0.0061099837
0.0066277508
0.0071455178
0.0062588833
0.0067766504
0.0072944174
0.0078121845
0.00692555
0.0074433171
0.0079610841
0.0084788511
0.0075922167
0.0081099837
0.0086277508
0.0091455178
0.0082588833
0.0087766504
0.0092944174
0.0098121845
0.00892555
0.0094433171
0.0099610841
0.010478851
0.0095922167
0.010109984
0.010627751
0.011145518
0.010258883
0.01077665
0.011294417
0.011812184
0.01092555
0.011443317
0.011961084
0.012478851
0.011592217
0.012109984
0.012627751
0.013145518
0.012258883
0.01277665
0.013294417
0.013812184
0.01292555
0.013443317
0.013961084
0.014478851
-0.0024077833
-0.0018900163
-0.0013722492
-0.00085448219
-0.0017411167
-0.0012233496
-0.00070558257
-0.00018781553
-0.00107445
-0.00055668295
-3.8915905e-05
0.00047885114
-0.00040778333
0.00010998372
0.00062775076
0.0011455178
0.00025888334
0.00077665038
0.0012944174
0.0018121845
0.00092555
0.001443317
0.0019610841
0.0024788511
0.0015922167
0.0021099837
0.0026277508
0.0031455178
0.0022588833
0.0027766504
0.0032944174
0.0038121845
0.00292555
0.003443317
0.0039610841
0.0044788511
0.0035922167
0.0041099837
0.0046277508
0.0051455178
0.0042588833
0.0047766504
0.0052944174
0.0058121845
0.00492555
0.005443317
0.0059610841
0.0064788511
0.0055922167
0.0061099837
0.0066277508
0.0071455178
0.0062588833
0.0067766504
0.0072944174
0.0078121845
0.00692555
0.007443317
0.0079610841
0.0084788511
0.0075922167
0.0081099837
0.0086277508
0.0091455178
0.0082588833
0.0087766504
0.0092944174
0.0098121845
0.00892555
0.0094433171
0.0099610841
0.010478851
0.0095922167
0.010109984
0.010627751
0.011145518
0.010258883
0.01077665
0.011294417
0.011812184
0.01092555
0.011443317
0.011961084
0.012478851
0.011592217
0.012109984
0.012627751
0.013145518
0.012258883
0.01277665
0.013294417
0.013812184
0.01292555
0.013443317
0.013961084
0.014478851
-0.0024077833
-0.0018900163
-0.0013722492
-0.00085448219
-0.0017411167
-0.0012233496
-0.00070558257
-0.00018781552
-0.00107445
-0.00055668295
-3.8915904e-05
0.00047885114
-0.00040778333
0.00010998372
0.00062775076
0.0011455178
0.00025888334
0.00077665038
0.0012944174
0.0018121845
0.00092555
0.001443317
0.0019610841
0.0024788511
0.0015922167
0.0021099837
0.0026277508
0.0031455178
0.0022588833
0.0027766504
0.0032944174
0.0038121845
0.00292555
0.003443317
0.0039610841
0.0044788511
0.0035922167
0.0041099837
0.0046277508
0.0051455178
0.0042588833
0.0047766504
0.0052944174
0.0058121845
0.00492555
0.005443317
0.0059610841
0.0064788511
0.0055922167
0.0061099837
0.0066277508
0.0071455178
0.0062588833
0.0067766504
0.0072944174
0.0078121845
0.00692555
0.007443317
0.0079610841
0.0084788511
0.0075922167
0.0081099837
0.0086277508
0.0091455178
0.0082588833
0.0087766504
0.0092944174
0.0098121845
0.00892555
0.0094433171
0.0099610841
0.010478851
0.0095922167
0.010109984
0.010627751
0.011145518
0.010258883
0.01077665
0.011294417
0.011812184
0.01092555
0.011443317
0.011961084
0.012478851
0.011592217
0.012109984
0.012627751
0.013145518
0.012258883
0.01277665
0.013294417
0.013812184
0.01292555
0.013443317
0.013961084
0.014478851
-0.0024077833
-0.0018900163
-0.0013722492
-0.00085448219
-0.0017411167
-0.0012233496
-0.00070558257
-0.00018781552
-0.00107445
-0.00055668295
-3.8915903e-05
0.00047885114
-0.00040778333
0.00010998372
0.00062775076
0.0011455178
0.00025888333
0.00077665038
0.0012944174
0.0018121845
0.00092555
0.001443317
0.0019610841
0.0024788511
0.0015922167
0.0021099837
0.0026277508
0.0031455178
0.0022588833
0.0027766504
0.0032944174
0.0038121845
0.00292555
0.003443317
0.0039610841
0.0044788511
0.0035922167
0.0041099837
0.0046277508
0.0051455178
0.0042588833
0.0047766504
0.0052944174
0.0058121845
0.00492555
0.005443317
0.0059610841
0.0064788511
0.0055922167
0.0061099837
0.0066277508
0.0071455178
0.0062588833
0.0067766504
0.0072944174
0.0078121845
0.00692555
0.007443317
0.0079610841
0.0084788511
0.0075922167
0.0081099837
0.0086277508
0.0091455178
0.0082588833
0.0087766504
0.0092944174
0.0098121845
0.00892555
0.009443317
0.0099610841
0.010478851
0.0095922167
0.010109984
0.010627751
0.011145518
0.010258883
0.01077665
0.011294417
0.011812184
0.01092555
0.011443317
0.011961084
0.012478851
0.011592217
0.012109984
0.012627751
0.013145518
0.012258883
0.01277665
0.013294417
0.013812184
0.01292555
0.013443317
0.013961084
0.014478851
-0.0024077833
-0.0018900163
-0.0013722492
-0.00085448219
-0.0017411167
-0.0012233496
-0.00070558257
-0.00018781552
-0.00107445
-0.00055668295
-3.8915903e-05
0.00047885115
-0.00040778333
0.00010998371
0.00062775076
0.0011455178
0.00025888333
0.00077665038
0.0012944174
0.0018121845
0.00092555
0.001443317
0.0019610841
0.0024788511
0.0015922167
0.0021099837
0.0026277508
0.0031455178
0.0022588833
0.0027766504
0.0032944174
0.0038121845
0.00292555
0.003443317
0.0039610841
0.0044788511
0.0035922167
0.0041099837
0.0046277508
0.0051455178
0.0042588833
0.0047766504
0.0052944174
0.0058121845
0.00492555
0.005443317
0.0059610841
0.0064788511
0.0055922167
0.0061099837
0.0066277508
0.0071455178
0.0062588833
0.0067766504
0.0072944174
0.0078121845
0.00692555
0.007443317
0.0079610841
0.0084788511
0.0075922167
0.0081099837
0.0086277508
0.0091455178
0.0082588833
0.0087766504
0.0092944174
0.0098121845
0.00892555
0.009443317
0.0099610841
0.010478851
0.0095922167
0.010109984
0.010627751
0.011145518
0.010258883
0.01077665
0.011294417
0.011812184
0.01092555
0.011443317
0.011961084
0.012478851
0.011592217
0.012109984
0.012627751
0.013145518
0.012258883
0.01277665
0.013294417
0.013812184
0.01292555
0.013443317
0.013961084
0.014478851
-0.0024077833
-0.0018900163
-0.0013722492
-0.00085448218
-0.0017411167
-0.0012233496
-0.00070558257
-0.00018781552
-0.00107445
-0.00055668295
-3.8915902e-05
0.00047885115
-0.00040778334
0.00010998371
0.00062775076
0.0011455178
0.00025888333
0.00077665038
0.0012944174
0.0018121845
0.00092555
0.001443317
0.0019610841
0.0024788511
0.0015922167
0.0021099837
0.0026277508
0.0031455178
0.0022588833
0.0027766504
0.0032944174
0.0038121845
0.00292555
0.003443317
0.0039610841
0.0044788511
0.0035922167
0.0041099837
0.0046277508
0.0051455178
0.0042588833
0.0047766504
0.0052944174
0.0058121845
0.00492555
0.005443317
0.0059610841
0.0064788511
0.0055922167
0.0061099837
0.0066277508
0.0071455178
0.0062588833
0.0067766504
0.0072944174
0.0078121845
0.00692555
0.007443317
0.0079610841
0.0084788511
0.0075922167
0.0081099837
0.0086277508
0.0091455178
0.0082588833
0.0087766504
0.0092944174
0.0098121845
0.00892555
0.009443317
0.0099610841
0.010478851
0.0095922167
0.010109984
0.010627751
0.011145518
0.010258883
0.01077665
0.011294417
0.011812184
0.01092555
0.011443317
0.011961084
0.012478851
0.011592217
0.012109984
0.012627751
0.013145518
0.012258883
0.01277665
0.013294417
0.013812184
0.01292555
0.013443317
0.013961084
0.014478851
-0.0024077833
-0.0018900163
-0.0013722492
-0.00085448218
-0.0017411167
-0.0012233496
-0.00070558257
-0.00018781552
-0.00107445
-0.00055668295
-3.8915902e-05
0.00047885115
-0.00040778334
0.00010998371
0.00062775076
0.0011455178
0.00025888333
0.00077665038
0.0012944174
0.0018121845
0.00092554999
0.001443317
0.0019610841
0.0024788512
0.0015922167
0.0021099837
0.0026277508
0.0031455178
0.0022588833
0.0027766504
0.0032944174
0.0038121845
0.00292555
0.003443317
0.0039610841
0.0044788512
0.0035922167
0.0041099837
0.0046277508
0.0051455178
0.0042588833
0.0047766504
0.0052944174
0.0058121845
0.00492555
0.005443317
0.0059610841
0.0064788512
0.0055922167
0.0061099837
0.0066277508
0.0071455178
0.0062588833
0.0067766504
0.0072944174
0.0078121845
0.00692555
0.007443317
0.0079610841
0.0084788512
0.0075922167
0.0081099837
0.0086277508
0.0091455178
0.0082588833
0.0087766504
0.0092944174
0.0098121845
0.00892555
0.009443317
0.0099610841
0.010478851
0.0095922167
0.010109984
0.010627751
0.011145518
0.010258883
0.01077665
0.011294417
0.011812184
0.01092555
0.011443317
0.011961084
0.012478851
0.011592217
0.012109984
0.012627751
0.013145518
0.012258883
0.01277665
0.013294417
0.013812184
0.01292555
0.013443317
0.013961084
0.014478851
-0.0024077833
-0.0018900163
-0.0013722492
-0.00085448218
-0.0017411167
-0.0012233496
-0.00070558257
-0.00018781551
-0.00107445
-0.00055668295
-3.8915901e-05
0.00047885115
-0.00040778334
0.00010998371
0.00062775077
0.0011455178
0.00025888333
0.00077665038
0.0012944174
0.0018121845
0.00092554999
0.001443317
0.0019610841
0.0024788512
0.0015922167
0.0021099837
0.0026277508
0.0031455178
0.0022588833
0.0027766504
0.0032944174
0.0038121845
0.00292555
0.003443317
0.0039610841
0.0044788512
0.0035922167
0.0041099837
0.0046277508
0.0051455178
0.0042588833
0.0047766504
0.0052944174
0.0058121845
0.00492555
0.005443317
0.0059610841
0.0064788512
0.0055922167
0.0061099837
0.0066277508
0.0071455178
0.0062588833
0.0067766504
0.0072944174
0.0078121845
0.00692555
0.007443317
0.0079610841
0.0084788512
0.0075922167
0.0081099837
0.0086277508
0.0091455178
0.0082588833
0.0087766504
0.0092944174
0.0098121845
0.00892555
0.009443317
0.0099610841
0.010478851
0.0095922167
0.010109984
0.010627751
0.011145518
0.010258883
0.01077665
0.011294417
0.011812184
0.01092555
0.011443317
0.011961084
0.012478851
0.011592217
0.012109984
0.012627751
0.013145518
0.012258883
0.01277665
0.013294417
0.013812184
0.01292555
0.013443317
0.013961084
0.014478851
-0.0024077833
-0.0018900163
-0.0013722492
-0.00085448218
-0.0017411167
-0.0012233496
-0.00070558257
-0.00018781551
-0.00107445
-0.00055668295
-3.89159e-05
0.00047885116
-0.00040778334
0.00010998371
0.00062775077
0.0011455178
0.00025888332
0.00077665038
0.0012944174
0.0018121845
0.00092554999
0.001443317
0.0019610841
0.0024788512
0.0015922167
0.0021099837
0.0026277508
0.0031455178
0.0022588833
0.0027766504
0.0032944174
0.0038121845
0.00292555
0.003443317
0.0039610841
0.0044788512
0.0035922167
0.0041099837
0.0046277508
0.0051455178
0.0042588833
0.0047766504
0.0052944174
0.0058121845
0.00492555
0.005443317
0.0059610841
0.0064788512
0.0055922167
0.0061099837
0.0066277508
0.0071455178
0.0062588833
0.0067766504
0.0072944174
0.0078121845
0.00692555
0.007443317
0.0079610841
0.0084788512
0.0075922167
0.0081099837
0.0086277508
0.0091455178
0.0082588833
0.0087766504
0.0092944174
0.0098121845
0.00892555
0.009443317
0.0099610841
0.010478851
0.0095922167
0.010109984
0.010627751
0.011145518
0.010258883
0.01077665
0.011294417
0.011812184
0.01092555
0.011443317
0.011961084
0.012478851
0.011592217
0.012109984
0.012627751
0.013145518
0.012258883
0.01277665
0.013294417
0.013812184
0.01292555
0.013443317
0.013961084
0.014478851
-0.00039695063
3.4596273e-07
0.00039764255
0.00079493914
0.00026971604
0.00066701263
0.0010643092
0.0014616058
0.00093638271
0.0013336793
0.0017309759
0.0021282725
0.0016030494
0.002000346
0.0023976426
0.0027949391
0.002269716
0.0026670126
0.0030643092
0.0034616058
0.0029363827
0.0033336793
0.0037309759
0.0041282725
0.0036030494
0.004000346
0.0043976426
0.0047949391
0.004269716
0.0046670126
0.0050643092
0.0054616058
0.0049363827
0.0053336793
0.0057309759
0.0061282725
0.0056030494
0.006000346
0.0063976426
0.0067949391
0.006269716
0.0066670126
0.0070643092
0.0074616058
0.0069363827
0.0073336793
0.0077309759
0.0081282725
0.0076030494
0.008000346
0.0083976426
0.0087949391
0.008269716
0.0086670126
0.0090643092
0.0094616058
0.0089363827
0.0093336793
0.0097309759
0.010128272
0.0096030494
0.010000346
0.010397643
0.010794939
0.010269716
0.010667013
0.011064309
0.011461606
0.010936383
0.011333679
0.011730976
0.012128272
0.011603049
0.012000346
0.012397643
0.012794939
0.012269716
0.012667013
0.013064309
0.013461606
0.012936383
0.013333679
0.013730976
0.014128272
0.013603049
0.014000346
0.014397643
0.014794939
0.014269716
0.014667013
0.015064309
0.015461606
0.014936383
0.015333679
0.015730976
0.016128272
-0.00039695063
3.4596264e-07
0.00039764255
0.00079493914
0.00026971604
0.00066701263
0.0010643092
0.0014616058
0.0009363827
0.0013336793
0.0017309759
0.0021282725
0.0016030494
0.002000346
0.0023976426
0.0027949391
0.002269716
0.0026670126
0.0030643092
0.0034616058
0.0029363827
0.0033336793
0.0037309759
0.0041282725
0.0036030494
0.004000346
0.0043976426
0.0047949391
0.004269716
0.0046670126
0.0050643092
0.0054616058
0.0049363827
0.0053336793
0.0057309759
0.0061282725
0.0056030494
0.006000346
0.0063976426
0.0067949391
0.006269716
0.0066670126
0.0070643092
0.0074616058
0.0069363827
0.0073336793
0.0077309759
0.0081282725
0.0076030494
0.008000346
0.0083976426
0.0087949391
0.008269716
0.0086670126
0.0090643092
0.0094616058
0.0089363827
0.0093336793
0.0097309759
0.010128272
0.0096030494
0.010000346
0.010397643
0.010794939
0.010269716
0.010667013
0.011064309
0.011461606
0.010936383
0.011333679
0.011730976
0.012128272
0.011603049
0.012000346
0.012397643
0.012794939
0.012269716
0.012667013
0.013064309
0.013461606
0.012936383
0.013333679
0.013730976
0.014128272
0.013603049
0.014000346
0.014397643
0.014794939
0.014269716
0.014667013
0.015064309
0.015461606
0.014936383
0.015333679
0.015730976
0.016128272
-0.00039695063
3.4596246e-07
0.00039764255
0.00079493915
0.00026971604
0.00066701263
0.0010643092
0.0014616058
0.0009363827
0.0013336793
0.0017309759
0.0021282725
0.0016030494
0.002000346
0.0023976426
0.0027949391
0.002269716
0.0026670126
0.0030643092
0.0034616058
0.0029363827
0.0033336793
0.0037309759
0.0041282725
0.0036030494
0.004000346
0.0043976426
0.0047949391
0.004269716
0.0046670126
0.0050643092
0.0054616058
0.0049363827
0.0053336793
0.0057309759
0.0061282725
0.0056030494
0.006000346
0.0063976426
0.0067949391
0.006269716
0.0066670126
0.0070643092
0.0074616058
0.0069363827
0.0073336793
0.0077309759
0.0081282725
0.0076030494
0.008000346
0.0083976426
0.0087949391
0.008269716
0.0086670126
0.0090643092
0.0094616058
0.0089363827
0.0093336793
0.0097309759
0.010128272
0.0096030494
0.010000346
0.010397643
0.010794939
0.010269716
0.010667013
0.011064309
0.011461606
0.010936383
0.011333679
0.011730976
0.012128272
0.011603049
0.012000346
0.012397643
0.012794939
0.012269716
0.012667013
0.013064309
0.013461606
0.012936383
0.013333679
0.013730976
0.014128272
0.013603049
0.014000346
0.014397643
0.014794939
0.014269716
0.014667013
0.015064309
0.015461606
0.014936383
0.015333679
0.015730976
0.016128272
-0.00039695063
3.4596213e-07
0.00039764255
0.00079493915
0.00026971604
0.00066701263
0.0010643092
0.0014616058
0.0009363827
0.0013336793
0.0017309759
0.0021282725
0.0016030494
0.002000346
0.0023976426
0.0027949391
0.002269716
0.0026670126
0.0030643092
0.0034616058
0.0029363827
0.0033336793
0.0037309759
0.0041282725
0.0036030494
0.004000346
0.0043976426
0.0047949391
0.004269716
0.0046670126
0.0050643092
0.0054616058
0.0049363827
0.0053336793
0.0057309759
0.0061282725
0.0056030494
0.006000346
0.0063976426
0.0067949391
0.006269716
0.0066670126
0.0070643092
0.0074616058
0.0069363827
0.0073336793
0.0077309759
0.0081282725
0.0076030494
0.008000346
0.0083976426
0.0087949391
0.008269716
0.0086670126
0.0090643092
0.0094616058
0.0089363827
0.0093336793
0.0097309759
0.010128272
0.0096030494
0.010000346
0.010397643
0.010794939
0.010269716
0.010667013
0.011064309
0.011461606
0.010936383
0.011333679
0.011730976
0.012128272
0.011603049
0.012000346
0.012397643
0.012794939
0.012269716
0.012667013
0.013064309
0.013461606
0.012936383
0.013333679
0.013730976
0.014128272
0.013603049
0.014000346
0.014397643
0.014794939
0.014269716
0.014667013
0.015064309
0.015461606
0.014936383
0.015333679
0.015730976
0.016128272
-0.00039695063
3.4596203e-07
0.00039764255
0.00079493915
0.00026971604
0.00066701263
0.0010643092
0.0014616058
0.0009363827
0.0013336793
0.0017309759
0.0021282725
0.0016030494
0.002000346
0.0023976426
0.0027949391
0.002269716
0.0026670126
0.0030643092
0.0034616058
0.0029363827
0.0033336793
0.0037309759
0.0041282725
0.0036030494
0.004000346
0.0043976426
0.0047949391
0.004269716
0.0046670126
0.0050643092
0.0054616058
0.0049363827
0.0053336793
0.0057309759
0.0061282725
0.0056030494
0.006000346
0.0063976426
0.0067949391
0.006269716
0.0066670126
0.0070643092
0.0074616058
0.0069363827
0.0073336793
0.0077309759
0.0081282725
0.0076030494
0.008000346
0.0083976426
0.0087949391
0.008269716
0.0086670126
0.0090643092
0.0094616058
0.0089363827
0.0093336793
0.0097309759
0.010128272
0.0096030494
0.010000346
0.010397643
0.010794939
0.010269716
0.010667013
0.011064309
0.011461606
0.010936383
0.011333679
0.011730976
0.012128272
0.011603049
0.012000346
0.012397643
0.012794939
0.012269716
0.012667013
0.013064309
0.013461606
0.012936383
0.013333679
0.013730976
0.014128272
0.013603049
0.014000346
0.014397643
0.014794939
0.014269716
0.014667013
0.015064309
0.015461606
0.014936383
0.015333679
0.015730976
0.016128272
-0.00039695063
3.4596164e-07
0.00039764255
0.00079493915
0.00026971604
0.00066701263
0.0010643092
0.0014616058
0.0009363827
0.0013336793
0.0017309759
0.0021282725
0.0016030494
0.002000346
0.0023976426
0.0027949391
0.002269716
0.0026670126
0.0030643092
0.0034616058
0.0029363827
0.0033336793
0.0037309759
0.0041282725
0.0036030494
0.004000346
0.0043976426
0.0047949391
0.004269716
0.0046670126
0.0050643092
0.0054616058
0.0049363827
0.0053336793
0.0057309759
0.0061282725
0.0056030494
0.006000346
0.0063976426
0.0067949391
0.006269716
0.0066670126
0.0070643092
0.0074616058
0.0069363827
0.0073336793
0.0077309759
0.0081282725
0.0076030494
0.008000346
0.0083976426
0.0087949391
0.008269716
0.0086670126
0.0090643092
0.0094616058
0.0089363827
0.0093336793
0.0097309759
0.010128272
0.0096030494
0.010000346
0.010397643
0.010794939
0.010269716
0.010667013
0.011064309
0.011461606
0.010936383
0.011333679
0.011730976
0.012128272
0.011603049
0.012000346
0.012397643
0.012794939
0.012269716
0.012667013
0.013064309
0.013461606
0.012936383
0.013333679
0.013730976
0.014128272
0.013603049
0.014000346
0.014397643
0.014794939
0.014269716
0.014667013
0.015064309
0.015461606
0.014936383
0.015333679
0.015730976
0.016128272
-0.00039695063
3.4596156e-07
0.00039764255
0.00079493915
0.00026971603
0.00066701263
0.0010643092
0.0014616058
0.0009363827
0.0013336793
0.0017309759
0.0021282725
0.0016030494
0.002000346
0.0023976426
0.0027949391
0.002269716
0.0026670126
0.0030643092
0.0034616058
0.0029363827
0.0033336793
0.0037309759
0.0041282725
0.0036030494
0.004000346
0.0043976426
0.0047949391
0.004269716
0.0046670126
0.0050643092
0.0054616058
0.0049363827
0.0053336793
0.0057309759
0.0061282725
0.0056030494
0.006000346
0.0063976426
0.0067949391
0.006269716
0.0066670126
0.0070643092
0.0074616058
0.0069363827
0.0073336793
0.0077309759
0.0081282725
0.0076030494
0.008000346
0.0083976426
0.0087949391
0.008269716
0.0086670126
0.0090643092
0.0094616058
0.0089363827
0.0093336793
0.0097309759
0.010128272
0.0096030494
0.010000346
0.010397643
0.010794939
0.010269716
0.010667013
0.011064309
0.011461606
0.010936383
0.011333679
0.011730976
0.012128272
0.011603049
0.012000346
0.012397643
0.012794939
0.012269716
0.012667013
0.013064309
0.013461606
0.012936383
0.013333679
0.013730976
0.014128272
0.013603049
0.014000346
0.014397643
0.014794939
0.014269716
0.014667013
0.015064309
0.015461606
0.014936383
0.015333679
0.015730976
0.016128272
-0.00039695063
3.4596123e-07
0.00039764256
0.00079493915
0.00026971603
0.00066701263
0.0010643092
0.0014616058
0.0009363827
0.0013336793
0.0017309759
0.0021282725
0.0016030494
0.002000346
0.0023976426
0.0027949391
0.002269716
0.0026670126
0.0030643092
0.0034616058
0.0029363827
0.0033336793
0.0037309759
0.0041282725
0.0036030494
0.004000346
0.0043976426
0.0047949391
0.004269716
0.0046670126
0.0050643092
0.0054616058
0.0049363827
0.0053336793
0.0057309759
0.0061282725
0.0056030494
0.006000346
0.0063976426
0.0067949391
0.006269716
0.0066670126
0.0070643092
0.0074616058
0.0069363827
0.0073336793
0.0077309759
0.0081282725
0.0076030494
0.008000346
0.0083976426
0.0087949392
0.008269716
0.0086670126
0.0090643092
0.0094616058
0.0089363827
0.0093336793
0.0097309759
0.010128272
0.0096030494
0.010000346
0.010397643
0.010794939
0.010269716
0.010667013
0.011064309
0.011461606
0.010936383
0.011333679
0.011730976
0.012128272
0.011603049
0.012000346
0.012397643
0.012794939
0.012269716
0.012667013
0.013064309
0.013461606
0.012936383
0.013333679
0.013730976
0.014128272
0.013603049
0.014000346
0.014397643
0.014794939
0.014269716
0.014667013
0.015064309
0.015461606
0.014936383
0.015333679
0.015730976
0.016128272
-0.00039695063
3.4596099e-07
0.00039764256
0.00079493915
0.00026971603
0.00066701263
0.0010643092
0.0014616058
0.0009363827
0.0013336793
0.0017309759
0.0021282725
0.0016030494
0.002000346
0.0023976426
0.0027949391
0.002269716
0.0026670126
0.0030643092
0.0034616058
0.0029363827
0.0033336793
0.0037309759
0.0041282725
0.0036030494
0.004000346
0.0043976426
0.0047949392
0.004269716
0.0046670126
0.0050643092
0.0054616058
0.0049363827
0.0053336793
0.0057309759
0.0061282725
0.0056030494
0.006000346
0.0063976426
0.0067949392
0.006269716
0.0066670126
0.0070643092
0.0074616058
0.0069363827
0.0073336793
0.0077309759
0.0081282725
0.0076030494
0.008000346
0.0083976426
0.0087949392
0.008269716
0.0086670126
0.0090643092
0.0094616058
0.0089363827
0.0093336793
0.0097309759
0.010128272
0.0096030494
0.010000346
0.010397643
0.010794939
0.010269716
0.010667013
0.011064309
0.011461606
0.010936383
0.011333679
0.011730976
0.012128272
0.011603049
0.012000346
0.012397643
0.012794939
0.012269716
0.012667013
0.013064309
0.013461606
0.012936383
0.013333679
0.013730976
0.014128272
0.013603049
0.014000346
0.014397643
0.014794939
0.014269716
0.014667013
0.015064309
0.015461606
0.014936383
0.015333679
0.015730976
0.016128272
-0.00039695063
3.4596073e-07
0.00039764256
0.00079493915
0.00026971603
0.00066701263
0.0010643092
0.0014616058
0.0009363827
0.0013336793
0.0017309759
0.0021282725
0.0016030494
0.002000346
0.0023976426
0.0027949392
0.002269716
0.0026670126
0.0030643092
0.0034616058
0.0029363827
0.0033336793
0.0037309759
0.0041282725
0.0036030494
0.004000346
0.0043976426
0.0047949392
0.004269716
0.0046670126
0.0050643092
0.0054616058
0.0049363827
0.0053336793
0.0057309759
0.0061282725
0.0056030494
0.006000346
0.0063976426
0.0067949392
0.006269716
0.0066670126
0.0070643092
0.0074616058
0.0069363827
0.0073336793
0.0077309759
0.0081282725
0.0076030494
0.008000346
0.0083976426
0.0087949392
0.008269716
0.0086670126
0.0090643092
0.0094616058
0.0089363827
0.0093336793
0.0097309759
0.010128272
0.0096030494
0.010000346
0.010397643
0.010794939
0.010269716
0.010667013
0.011064309
0.011461606
0.010936383
0.011333679
0.011730976
0.012128272
0.011603049
0.012000346
0.012397643
0.012794939
0.012269716
0.012667013
0.013064309
0.013461606
0.012936383
0.013333679
0.013730976
0.014128272
0.013603049
0.014000346
0.014397643
0.014794939
0.014269716
0.014667013
0.015064309
0.015461606
0.014936383
0.015333679
0.015730976
0.016128272
-0.00039695063
3.4596045e-07
0.00039764256
0.00079493915
0.00026971603
0.00066701263
0.0010643092
0.0014616058
0.0009363827
0.0013336793
0.0017309759
0.0021282725
0.0016030494
0.002000346
0.0023976426
0.0027949392
0.002269716
0.0026670126
0.0030643092
0.0034616058
0.0029363827
0.0033336793
0.0037309759
0.0041282725
0.0036030494
0.004000346
0.0043976426
0.0047949392
0.004269716
0.0046670126
0.0050643092
0.0054616058
0.0049363827
0.0053336793
0.0057309759
0.0061282725
0.0056030494
0.006000346
0.0063976426
0.0067949392
0.006269716
0.0066670126
0.0070643092
0.0074616058
0.0069363827
0.0073336793
0.0077309759
0.0081282725
0.0076030494
0.008000346
0.0083976426
0.0087949392
0.008269716
0.0086670126
0.0090643092
0.0094616058
0.0089363827
0.0093336793
0.0097309759
0.010128272
0.0096030494
0.010000346
0.010397643
0.010794939
0.010269716
0.010667013
0.011064309
0.011461606
0.010936383
0.011333679
0.011730976
0.012128272
0.011603049
0.012000346
0.012397643
0.012794939
0.012269716
0.012667013
0.013064309
0.013461606
0.012936383
0.013333679
0.013730976
0.014128272
0.013603049
0.014000346
0.014397643
0.014794939
0.014269716
0.014667013
0.015064309
0.015461606
0.014936383
0.015333679
0.015730976
0.016128272
-0.00039695064
3.4596021e-07
0.00039764256
0.00079493915
0.00026971603
0.00066701263
0.0010643092
0.0014616058
0.0009363827
0.0013336793
0.0017309759
0.0021282725
0.0016030494
0.002000346
0.0023976426
0.0027949392
0.002269716
0.0026670126
0.0030643092
0.0034616058
0.0029363827
0.0033336793
0.0037309759
0.0041282725
0.0036030494
0.004000346
0.0043976426
0.0047949392
0.004269716
0.0046670126
0.0050643092
0.0054616058
0.0049363827
0.0053336793
0.0057309759
0.0061282725
0.0056030494
0.006000346
0.0063976426
0.0067949392
0.006269716
0.0066670126
0.0070643092
0.0074616058
0.0069363827
0.0073336793
0.0077309759
0.0081282725
0.0076030494
0.008000346
0.0083976426
0.0087949392
0.008269716
0.0086670126
0.0090643092
0.0094616058
0.0089363827
0.0093336793
0.0097309759
0.010128272
0.0096030494
0.010000346
0.010397643
0.010794939
0.010269716
0.010667013
0.011064309
0.011461606
0.010936383
0.011333679
0.011730976
0.012128272
0.011603049
0.012000346
0.012397643
0.012794939
0.012269716
0.012667013
0.013064309
0.013461606
0.012936383
0.013333679
0.013730976
0.014128272
0.013603049
0.014000346
0.014397643
0.014794939
0.014269716
0.014667013
0.015064309
0.015461606
0.014936383
0.015333679
0.015730976
0.016128272
-0.00039695064
3.4595994e-07
0.00039764256
0.00079493915
0.00026971603
0.00066701263
0.0010643092
0.0014616058
0.0009363827
0.0013336793
0.0017309759
0.0021282725
0.0016030494
0.002000346
0.0023976426
0.0027949392
0.002269716
0.0026670126
0.0030643092
0.0034616058
0.0029363827
0.0033336793
0.0037309759
0.0041282725
0.0036030494
0.004000346
0.0043976426
0.0047949392
0.004269716
0.0046670126
0.0050643092
0.0054616058
0.0049363827
0.0053336793
0.0057309759
0.0061282725
0.0056030494
0.006000346
0.0063976426
0.0067949392
0.006269716
0.0066670126
0.0070643092
0.0074616058
0.0069363827
0.0073336793
0.0077309759
0.0081282725
0.0076030494
0.008000346
0.0083976426
0.0087949392
0.008269716
0.0086670126
0.0090643092
0.0094616058
0.0089363827
0.0093336793
0.0097309759
0.010128272
0.0096030494
0.010000346
0.010397643
0.010794939
0.010269716
0.010667013
0.011064309
0.011461606
0.010936383
0.011333679
0.011730976
0.012128272
0.011603049
0.012000346
0.012397643
0.012794939
0.012269716
0.012667013
0.013064309
0.013461606
0.012936383
0.013333679
0.013730976
0.014128272
0.013603049
0.014000346
0.014397643
0.014794939
0.014269716
0.014667013
0.015064309
0.015461606
0.014936383
0.015333679
0.015730976
0.016128272
-0.00039695064
3.4595963e-07
0.00039764256
0.00079493915
0.00026971603
0.00066701263
0.0010643092
0.0014616058
0.0009363827
0.0013336793
0.0017309759
0.0021282725
0.0016030494
0.002000346
0.0023976426
0.0027949392
0.002269716
0.0026670126
0.0030643092
0.0034616058
0.0029363827
0.0033336793
0.0037309759
0.0041282725
0.0036030494
0.004000346
0.0043976426
0.0047949392
0.004269716
0.0046670126
0.0050643092
0.0054616058
0.0049363827
0.0053336793
0.0057309759
0.0061282725
0.0056030494
0.006000346
0.0063976426
0.0067949392
0.006269716
0.0066670126
0.0070643092
0.0074616058
0.0069363827
0.0073336793
0.0077309759
0.0081282725
0.0076030494
0.008000346
0.0083976426
0.0087949392
0.008269716
0.0086670126
0.0090643092
0.0094616058
0.0089363827
0.0093336793
0.0097309759
0.010128272
0.0096030494
0.010000346
0.010397643
0.010794939
0.010269716
0.010667013
0.011064309
0.011461606
0.010936383
0.011333679
0.011730976
0.012128272
0.011603049
0.012000346
0.012397643
0.012794939
0.012269716
0.012667013
0.013064309
0.013461606
0.012936383
0.013333679
0.013730976
0.014128272
0.013603049
0.014000346
0.014397643
0.014794939
0.014269716
0.014667013
0.015064309
0.015461606
0.014936383
0.015333679
0.015730976
0.016128272
-0.00039695064
3.4595938e-07
0.00039764256
0.00079493915
0.00026971603
0.00066701263
0.0010643092
0.0014616058
0.00093638269
0.0013336793
0.0017309759
0.0021282725
0.0016030494
0.002000346
0.0023976426
0.0027949392
0.002269716
0.0026670126
0.0030643092
0.0034616058
0.0029363827
0.0033336793
0.0037309759
0.0041282725
0.0036030494
0.004000346
0.0043976426
0.0047949392
0.004269716
0.0046670126
0.0050643092
0.0054616058
0.0049363827
0.0053336793
0.0057309759
0.0061282725
0.0056030494
0.006000346
0.0063976426
0.0067949392
0.006269716
0.0066670126
0.0070643092
0.0074616058
0.0069363827
0.0073336793
0.0077309759
0.0081282725
0.0076030494
0.008000346
0.0083976426
0.0087949392
0.008269716
0.0086670126
0.0090643092
0.0094616058
0.0089363827
0.0093336793
0.0097309759
0.010128272
0.0096030494
0.010000346
0.010397643
0.010794939
0.010269716
0.010667013
0.011064309
0.011461606
0.010936383
0.011333679
0.011730976
0.012128272
0.011603049
0.012000346
0.012397643
0.012794939
0.012269716
0.012667013
0.013064309
0.013461606
0.012936383
0.013333679
0.013730976
0.014128272
0.013603049
0.014000346
0.014397643
0.014794939
0.014269716
0.014667013
0.015064309
0.015461606
0.014936383
0.015333679
0.015730976
0.016128272
-0.00039695064
3.4595919e-07
0.00039764256
0.00079493916
0.00026971603
0.00066701263
0.0010643092
0.0014616058
0.00093638269
0.0013336793
0.0017309759
0.0021282725
0.0016030494
0.002000346
0.0023976426
0.0027949392
0.002269716
0.0026670126
0.0030643092
0.0034616058
0.0029363827
0.0033336793
0.0037309759
0.0041282725
0.0036030494
0.004000346
0.0043976426
0.0047949392
0.004269716
0.0046670126
0.0050643092
0.0054616058
0.0049363827
0.0053336793
0.0057309759
0.0061282725
0.0056030494
0.006000346
0.0063976426
0.0067949392
0.006269716
0.0066670126
0.0070643092
0.0074616058
0.0069363827
0.0073336793
0.0077309759
0.0081282725
0.0076030494
0.008000346
0.0083976426
0.0087949392
0.008269716
0.0086670126
0.0090643092
0.0094616058
0.0089363827
0.0093336793
0.0097309759
0.010128272
0.0096030494
0.010000346
0.010397643
0.010794939
0.010269716
0.010667013
0.011064309
0.011461606
0.010936383
0.011333679
0.011730976
0.012128272
0.011603049
0.012000346
0.012397643
0.012794939
0.012269716
0.012667013
0.013064309
0.013461606
0.012936383
0.013333679
0.013730976
0.014128272
0.013603049
0.014000346
0.014397643
0.014794939
0.014269716
0.014667013
0.015064309
0.015461606
0.014936383
0.015333679
0.015730976
0.016128272
-0.00039695064
3.4595869e-07
0.00039764256
0.00079493916
0.00026971603
0.00066701263
0.0010643092
0.0014616058
0.00093638269
0.0013336793
0.0017309759
0.0021282725
0.0016030494
0.002000346
0.0023976426
0.0027949392
0.002269716
0.0026670126
0.0030643092
0.0034616058
0.0029363827
0.0033336793
0.0037309759
0.0041282725
0.0036030494
0.004000346
0.0043976426
0.0047949392
0.004269716
0.0046670126
0.0050643092
0.0054616058
0.0049363827
0.0053336793
0.0057309759
0.0061282725
0.0056030494
0.006000346
0.0063976426
0.0067949392
0.006269716
0.0066670126
0.0070643092
0.0074616058
0.0069363827
0.0073336793
0.0077309759
0.0081282725
0.0076030494
0.008000346
0.0083976426
0.0087949392
0.008269716
0.0086670126
0.0090643092
0.0094616058
0.0089363827
0.0093336793
0.0097309759
0.010128272
0.0096030494
0.010000346
0.010397643
0.010794939
0.010269716
0.010667013
0.011064309
0.011461606
0.010936383
0.011333679
0.011730976
0.012128272
0.011603049
0.012000346
0.012397643
0.012794939
0.012269716
0.012667013
0.013064309
0.013461606
0.012936383
0.013333679
0.013730976
0.014128272
0.013603049
0.014000346
0.014397643
0.014794939
0.014269716
0.014667013
0.015064309
0.015461606
0.014936383
0.015333679
0.015730976
0.016128272
-0.00039695064
3.4595868e-07
0.00039764256
0.00079493916
0.00026971603
0.00066701263
0.0010643092
0.0014616058
0.00093638269
0.0013336793
0.0017309759
0.0021282725
0.0016030494
0.002000346
0.0023976426
0.0027949392
0.002269716
0.0026670126
0.0030643092
0.0034616058
0.0029363827
0.0033336793
0.0037309759
0.0041282725
0.0036030494
0.004000346
0.0043976426
0.0047949392
0.004269716
0.0046670126
0.0050643092
0.0054616058
0.0049363827
0.0053336793
0.0057309759
0.0061282725
0.0056030494
0.006000346
0.0063976426
0.0067949392
0.006269716
0.0066670126
0.0070643092
0.0074616058
0.0069363827
0.0073336793
0.0077309759
0.0081282725
0.0076030494
0.008000346
0.0083976426
0.0087949392
0.008269716
0.0086670126
0.0090643092
0.0094616058
0.0089363827
0.0093336793
0.0097309759
0.010128272
0.0096030494
0.010000346
0.010397643
0.010794939
0.010269716
0.010667013
0.011064309
0.011461606
0.010936383
0.011333679
0.011730976
0.012128272
0.011603049
0.012000346
0.012397643
0.012794939
0.012269716
0.012667013
0.013064309
0.013461606
0.012936383
0.013333679
0.013730976
0.014128272
0.013603049
0.014000346
0.014397643
0.014794939
0.014269716
0.014667013
0.015064309
0.015461606
0.014936383
0.015333679
0.015730976
0.016128272
-0.00039695064
3.4595799e-07
0.00039764256
0.00079493916
0.00026971602
0.00066701262
0.0010643092
0.0014616058
0.00093638269
0.0013336793
0.0017309759
0.0021282725
0.0016030494
0.002000346
0.0023976426
0.0027949392
0.002269716
0.0026670126
0.0030643092
0.0034616058
0.0029363827
0.0033336793
0.0037309759
0.0041282725
0.0036030494
0.004000346
0.0043976426
0.0047949392
0.004269716
0.0046670126
0.0050643092
0.0054616058
0.0049363827
0.0053336793
0.0057309759
0.0061282725
0.0056030494
0.006000346
0.0063976426
0.0067949392
0.006269716
0.0066670126
0.0070643092
0.0074616058
0.0069363827
0.0073336793
0.0077309759
0.0081282725
0.0076030494
0.008000346
0.0083976426
0.0087949392
0.008269716
0.0086670126
0.0090643092
0.0094616058
0.0089363827
0.0093336793
0.0097309759
0.010128272
0.0096030494
0.010000346
0.010397643
0.010794939
0.010269716
0.010667013
0.011064309
0.011461606
0.010936383
0.011333679
0.011730976
0.012128272
0.011603049
0.012000346
0.012397643
0.012794939
0.012269716
0.012667013
0.013064309
0.013461606
0.012936383
0.013333679
0.013730976
0.014128272
0.013603049
0.014000346
0.014397643
0.014794939
0.014269716
0.014667013
0.015064309
0.015461606
0.014936383
0.015333679
0.015730976
0.016128272
-0.00039695064
3.4595781e-07
0.00039764256
0.00079493916
0.00026971602
0.00066701262
0.0010643092
0.0014616058
0.00093638269
0.0013336793
0.0017309759
0.0021282725
0.0016030494
0.002000346
0.0023976426
0.0027949392
0.002269716
0.0026670126
0.0030643092
0.0034616058
0.0029363827
0.0033336793
0.0037309759
0.0041282725
0.0036030494
0.004000346
0.0043976426
0.0047949392
0.004269716
0.0046670126
0.0050643092
0.0054616058
0.0049363827
0.0053336793
0.0057309759
0.0061282725
0.0056030494
0.006000346
0.0063976426
0.0067949392
0.006269716
0.0066670126
0.0070643092
0.0074616058
0.0069363827
0.0073336793
0.0077309759
0.0081282725
0.0076030494
0.008000346
0.0083976426
0.0087949392
0.008269716
0.0086670126
0.0090643092
0.0094616058
0.0089363827
0.0093336793
0.0097309759
0.010128272
0.0096030494
0.010000346
0.010397643
0.010794939
0.010269716
0.010667013
0.011064309
0.011461606
0.010936383
0.011333679
0.011730976
0.012128272
0.011603049
0.012000346
0.012397643
0.012794939
0.012269716
0.012667013
0.013064309
0.013461606
0.012936383
0.013333679
0.013730976
0.014128272
0.013603049
0.014000346
0.014397643
0.014794939
0.014269716
0.014667013
0.015064309
0.015461606
0.014936383
0.015333679
0.015730976
0.016128272
-0.00039695064
3.4595761e-07
0.00039764256
0.00079493916
0.00026971602
0.00066701262
0.0010643092
0.0014616058
0.00093638269
0.0013336793
0.0017309759
0.0021282725
0.0016030494
0.002000346
0.0023976426
0.0027949392
0.002269716
0.0026670126
0.0030643092
0.0034616058
0.0029363827
0.0033336793
0.0037309759
0.0041282725
0.0036030494
0.004000346
0.0043976426
0.0047949392
0.004269716
0.0046670126
0.0050643092
0.0054616058
0.0049363827
0.0053336793
0.0057309759
0.0061282725
0.0056030494
0.006000346
0.0063976426
0.0067949392
0.006269716
0.0066670126
0.0070643092
0.0074616058
0.0069363827
0.0073336793
0.0077309759
0.0081282725
0.0076030494
0.008000346
0.0083976426
0.0087949392
0.008269716
0.0086670126
0.0090643092
0.0094616058
0.0089363827
0.0093336793
0.0097309759
0.010128272
0.0096030494
0.010000346
0.010397643
0.010794939
0.010269716
0.010667013
0.011064309
0.011461606
0.010936383
0.011333679
0.011730976
0.012128272
0.011603049
0.012000346
0.012397643
0.012794939
0.012269716
0.012667013
0.013064309
0.013461606
0.012936383
0.013333679
0.013730976
0.014128272
0.013603049
0.014000346
0.014397643
0.014794939
0.014269716
0.014667013
0.015064309
0.015461606
0.014936383
0.015333679
0.015730976
0.016128272
-0.00039695064
3.4595716e-07
0.00039764256
0.00079493916
0.00026971602
0.00066701262
0.0010643092
0.0014616058
0.00093638269
0.0013336793
0.0017309759
0.0021282725
0.0016030494
0.002000346
0.0023976426
0.0027949392
0.002269716
0.0026670126
0.0030643092
0.0034616058
0.0029363827
0.0033336793
0.0037309759
0.0041282725
0.0036030494
0.004000346
0.0043976426
0.0047949392
0.004269716
0.0046670126
0.0050643092
0.0054616058
0.0049363827
0.0053336793
0.0057309759
0.0061282725
0.0056030494
0.006000346
0.0063976426
0.0067949392
0.006269716
0.0066670126
0.0070643092
0.0074616058
0.0069363827
0.0073336793
0.0077309759
0.0081282725
0.0076030494
0.008000346
0.0083976426
0.0087949392
0.008269716
0.0086670126
0.0090643092
0.0094616058
0.0089363827
0.0093336793
0.0097309759
0.010128272
0.0096030494
0.010000346
0.010397643
0.010794939
0.010269716
0.010667013
0.011064309
0.011461606
0.010936383
0.011333679
0.011730976
0.012128272
0.011603049
0.012000346
0.012397643
0.012794939
0.012269716
0.012667013
0.013064309
0.013461606
0.012936383
0.013333679
0.013730976
0.014128272
0.013603049
0.014000346
0.014397643
0.014794939
0.014269716
0.014667013
0.015064309
0.015461606
0.014936383
0.015333679
0.015730976
0.016128272
-0.00039695065
3.4595676e-07
0.00039764256
0.00079493916
0.00026971602
0.00066701262
0.0010643092
0.0014616058
0.00093638269
0.0013336793
0.0017309759
0.0021282725
0.0016030494
0.002000346
0.0023976426
0.0027949392
0.002269716
0.0026670126
0.0030643092
0.0034616058
0.0029363827
0.0033336793
0.0037309759
0.0041282725
0.0036030494
0.004000346
0.0043976426
0.0047949392
0.004269716
0.0046670126
0.0050643092
0.0054616058
0.0049363827
0.0053336793
0.0057309759
0.0061282725
0.0056030494
0.006000346
0.0063976426
0.0067949392
0.006269716
0.0066670126
0.0070643092
0.0074616058
0.0069363827
0.0073336793
0.0077309759
0.0081282725
0.0076030494
0.008000346
0.0083976426
0.0087949392
0.008269716
0.0086670126
0.0090643092
0.0094616058
0.0089363827
0.0093336793
0.0097309759
0.010128272
0.0096030494
0.010000346
0.010397643
0.010794939
0.010269716
0.010667013
0.011064309
0.011461606
0.010936383
0.011333679
0.011730976
0.012128272
0.011603049
0.012000346
0.012397643
0.012794939
0.012269716
0.012667013
0.013064309
0.013461606
0.012936383
0.013333679
0.013730976
0.014128272
0.013603049
0.014000346
0.014397643
0.014794939
0.014269716
0.014667013
0.015064309
0.015461606
0.014936383
0.015333679
0.015730976
0.016128272
-0.00039695065
3.4595661e-07
0.00039764256
0.00079493916
0.00026971602
0.00066701262
0.0010643092
0.0014616058
0.00093638269
0.0013336793
0.0017309759
0.0021282725
0.0016030494
0.002000346
0.0023976426
0.0027949392
0.002269716
0.0026670126
0.0030643092
0.0034616058
0.0029363827
0.0033336793
0.0037309759
0.0041282725
0.0036030494
0.004000346
0.0043976426
0.0047949392
0.004269716
0.0046670126
0.0050643092
0.0054616058
0.0049363827
0.0053336793
0.0057309759
0.0061282725
0.0056030494
0.006000346
0.0063976426
0.0067949392
0.006269716
0.0066670126
0.0070643092
0.0074616058
0.0069363827
0.0073336793
0.0077309759
0.0081282725
0.0076030494
0.008000346
0.0083976426
0.0087949392
0.008269716
0.0086670126
0.0090643092
0.0094616058
0.0089363827
0.0093336793
0.0097309759
0.010128272
0.0096030494
0.010000346
0.010397643
0.010794939
0.010269716
0.010667013
0.011064309
0.011461606
0.010936383
0.011333679
0.011730976
0.012128272
0.011603049
0.012000346
0.012397643
0.012794939
0.012269716
0.012667013
0.013064309
0.013461606
0.012936383
0.013333679
0.013730976
0.014128272
0.013603049
0.014000346
0.014397643
0.014794939
0.014269716
0.014667013
0.015064309
0.015461606
0.014936383
0.015333679
0.015730976
0.016128272
0.0011184629
0.001368214
0.001617965
0.0018677161
0.0017851296
0.0020348806
0.0022846317
0.0025343827
0.0024517962
0.0027015473
0.0029512983
0.0032010494
0.0031184629
0.003368214
0.003617965
0.0038677161
0.0037851296
0.0040348806
0.0042846317
0.0045343827
0.0044517962
0.0047015473
0.0049512983
0.0052010494
0.0051184629
0.005368214
0.005617965
0.0058677161
0.0057851296
0.0060348806
0.0062846317
0.0065343827
0.0064517962
0.0067015473
0.0069512983
0.0072010494
0.0071184629
0.007368214
0.007617965
0.0078677161
0.0077851296
0.0080348806
0.0082846317
0.0085343827
0.0084517962
0.0087015473
0.0089512983
0.0092010494
0.0091184629
0.009368214
0.009617965
0.0098677161
0.0097851296
0.010034881
0.010284632
0.010534383
0.010451796
0.010701547
0.010951298
0.011201049
0.011118463
0.011368214
0.011617965
0.011867716
0.01178513
0.012034881
0.012284632
0.012534383
0.012451796
0.012701547
0.012951298
0.013201049
0.013118463
0.013368214
0.013617965
0.013867716
0.01378513
0.014034881
0.014284632
0.014534383
0.014451796
0.014701547
0.014951298
0.015201049
0.015118463
0.015368214
0.015617965
0.015867716
0.01578513
0.016034881
0.016284632
0.016534383
0.016451796
0.016701547
0.016951298
0.017201049
0.0011184629
0.001368214
0.001617965
0.0018677161
0.0017851296
0.0020348806
0.0022846317
0.0025343827
0.0024517962
0.0027015473
0.0029512983
0.0032010494
0.0031184629
0.003368214
0.003617965
0.0038677161
0.0037851296
0.0040348806
0.0042846317
0.0045343827
0.0044517962
0.0047015473
0.0049512983
0.0052010494
0.0051184629
0.005368214
0.005617965
0.0058677161
0.0057851296
0.0060348806
0.0062846317
0.0065343827
0.0064517962
0.0067015473
0.0069512983
0.0072010494
0.0071184629
0.007368214
0.007617965
0.0078677161
0.0077851296
0.0080348806
0.0082846317
0.0085343827
0.0084517962
0.0087015473
0.0089512983
0.0092010494
0.0091184629
0.009368214
0.009617965
0.0098677161
0.0097851296
0.010034881
0.010284632
0.010534383
0.010451796
0.010701547
0.010951298
0.011201049
0.011118463
0.011368214
0.011617965
0.011867716
0.01178513
0.012034881
0.012284632
0.012534383
0.012451796
0.012701547
0.012951298
0.013201049
0.013118463
0.013368214
0.013617965
0.013867716
0.01378513
0.014034881
0.014284632
0.014534383
0.014451796
0.014701547
0.014951298
0.015201049
0.015118463
0.015368214
0.015617965
0.015867716
0.01578513
0.016034881
0.016284632
0.016534383
0.016451796
0.016701547
0.016951298
0.017201049
0.0011184629
0.001368214
0.001617965
0.0018677161
0.0017851296
0.0020348806
0.0022846317
0.0025343827
0.0024517962
0.0027015473
0.0029512983
0.0032010494
0.0031184629
0.003368214
0.003617965
0.0038677161
0.0037851296
0.0040348806
0.0042846317
0.0045343827
0.0044517962
0.0047015473
0.0049512983
0.0052010494
0.0051184629
0.005368214
0.005617965
0.0058677161
0.0057851296
0.0060348806
0.0062846317
0.0065343827
0.0064517962
0.0067015473
0.0069512983
0.0072010494
0.0071184629
0.007368214
0.007617965
0.0078677161
0.0077851296
0.0080348806
0.0082846317
0.0085343827
0.0084517962
0.0087015473
0.0089512983
0.0092010494
0.0091184629
0.009368214
0.009617965
0.0098677161
0.0097851296
0.010034881
0.010284632
0.010534383
0.010451796
0.010701547
0.010951298
0.011201049
0.011118463
0.011368214
0.011617965
0.011867716
0.01178513
0.012034881
0.012284632
0.012534383
0.012451796
0.012701547
0.012951298
0.013201049
0.013118463
0.013368214
0.013617965
0.013867716
0.01378513
0.014034881
0.014284632
0.014534383
0.014451796
0.014701547
0.014951298
0.015201049
0.015118463
0.015368214
0.015617965
0.015867716
0.01578513
0.016034881
0.016284632
0.016534383
0.016451796
0.016701547
0.016951298
0.017201049
0.0011184629
0.001368214
0.001617965
0.0018677161
0.0017851296
0.0020348806
0.0022846317
0.0025343827
0.0024517962
0.0027015473
0.0029512983
0.0032010494
0.0031184629
0.003368214
0.003617965
0.0038677161
0.0037851296
0.0040348806
0.0042846317
0.0045343827
0.0044517962
0.0047015473
0.0049512983
0.0052010494
0.0051184629
0.005368214
0.005617965
0.0058677161
0.0057851296
0.0060348806
0.0062846317
0.0065343827
0.0064517962
0.0067015473
0.0069512983
0.0072010494
0.0071184629
0.007368214
0.007617965
0.0078677161
0.0077851296
0.0080348806
0.0082846317
0.0085343827
0.0084517962
0.0087015473
0.0089512983
0.0092010494
0.0091184629
0.009368214
0.009617965
0.0098677161
0.0097851296
0.010034881
0.010284632
0.010534383
0.010451796
0.010701547
0.010951298
0.011201049
0.011118463
0.011368214
0.011617965
0.011867716
0.01178513
0.012034881
0.012284632
0.012534383
0.012451796
0.012701547
0.012951298
0.013201049
0.013118463
0.013368214
0.013617965
0.013867716
0.01378513
0.014034881
0.014284632
0.014534383
0.014451796
0.014701547
0.014951298
0.015201049
0.015118463
0.015368214
0.015617965
0.015867716
0.01578513
0.016034881
0.016284632
0.016534383
0.016451796
0.016701547
0.016951298
0.017201049
0.0011184629
0.001368214
0.001617965
0.0018677161
0.0017851296
0.0020348806
0.0022846317
0.0025343827
0.0024517962
0.0027015473
0.0029512983
0.0032010494
0.0031184629
0.003368214
0.003617965
0.0038677161
0.0037851296
0.0040348806
0.0042846317
0.0045343827
0.0044517962
0.0047015473
0.0049512983
0.0052010494
0.0051184629
0.005368214
0.005617965
0.0058677161
0.0057851296
0.0060348806
0.0062846317
0.0065343827
0.0064517962
0.0067015473
0.0069512983
0.0072010494
0.0071184629
0.007368214
0.007617965
0.0078677161
0.0077851296
0.0080348806
0.0082846317
0.0085343827
0.0084517962
0.0087015473
0.0089512983
0.0092010494
0.0091184629
0.009368214
0.009617965
0.0098677161
0.0097851296
0.010034881
0.010284632
0.010534383
0.010451796
0.010701547
0.010951298
0.011201049
0.011118463
0.011368214
0.011617965
0.011867716
0.01178513
0.012034881
0.012284632
0.012534383
0.012451796
0.012701547
0.012951298
0.013201049
0.013118463
0.013368214
0.013617965
0.013867716
0.01378513
0.014034881
0.014284632
0.014534383
0.014451796
0.014701547
0.014951298
0.015201049
0.015118463
0.015368214
0.015617965
0.015867716
0.01578513
0.016034881
0.016284632
0.016534383
0.016451796
0.016701547
0.016951298
0.017201049
0.0011184629
0.001368214
0.001617965
0.0018677161
0.0017851296
0.0020348806
0.0022846317
0.0025343827
0.0024517962
0.0027015473
0.0029512983
0.0032010494
0.0031184629
0.003368214
0.003617965
0.0038677161
0.0037851296
0.0040348806
0.0042846317
0.0045343827
0.0044517962
0.0047015473
0.0049512983
0.0052010494
0.0051184629
0.005368214
0.005617965
0.0058677161
0.0057851296
0.0060348806
0.0062846317
0.0065343827
0.0064517962
0.0067015473
0.0069512983
0.0072010494
0.0071184629
0.007368214
0.007617965
0.0078677161
0.0077851296
0.0080348806
0.0082846317
0.0085343827
0.0084517962
0.0087015473
0.0089512983
0.0092010494
0.0091184629
0.009368214
0.009617965
0.0098677161
0.0097851296
0.010034881
0.010284632
0.010534383
0.010451796
0.010701547
0.010951298
0.011201049
0.011118463
0.011368214
0.011617965
0.011867716
0.01178513
0.012034881
0.012284632
0.012534383
0.012451796
0.012701547
0.012951298
0.013201049
0.013118463
0.013368214
0.013617965
0.013867716
0.01378513
0.014034881
0.014284632
0.014534383
0.014451796
0.014701547
0.014951298
0.015201049
0.015118463
0.015368214
0.015617965
0.015867716
0.01578513
0.016034881
0.016284632
0.016534383
0.016451796
0.016701547
0.016951298
0.017201049
0.0011184629
0.001368214
0.001617965
0.0018677161
0.0017851296
0.0020348806
0.0022846317
0.0025343827
0.0024517962
0.0027015473
0.0029512983
0.0032010494
0.0031184629
0.003368214
0.003617965
0.0038677161
0.0037851296
0.0040348806
0.0042846317
0.0045343827
0.0044517962
0.0047015473
0.0049512983
0.0052010494
0.0051184629
0.005368214
0.005617965
0.0058677161
0.0057851296
0.0060348806
0.0062846317
0.0065343827
0.0064517962
0.0067015473
0.0069512983
0.0072010494
0.0071184629
0.007368214
0.007617965
0.0078677161
0.0077851296
0.0080348806
0.0082846317
0.0085343827
0.0084517962
0.0087015473
0.0089512983
0.0092010494
0.0091184629
0.009368214
0.009617965
0.0098677161
0.0097851296
0.010034881
0.010284632
0.010534383
0.010451796
0.010701547
0.010951298
0.011201049
0.011118463
0.011368214
0.011617965
0.011867716
0.01178513
0.012034881
0.012284632
0.012534383
0.012451796
0.012701547
0.012951298
0.013201049
0.013118463
0.013368214
0.013617965
0.013867716
0.01378513
0.014034881
0.014284632
0.014534383
0.014451796
0.014701547
0.014951298
0.015201049
0.015118463
0.015368214
0.015617965
0.015867716
0.01578513
0.016034881
0.016284632
0.016534383
0.016451796
0.016701547
0.016951298
0.017201049
0.0011184629
0.001368214
0.001617965
0.0018677161
0.0017851296
0.0020348806
0.0022846317
0.0025343827
0.0024517962
0.0027015473
0.0029512983
0.0032010494
0.0031184629
0.003368214
0.003617965
0.0038677161
0.0037851296
0.0040348806
0.0042846317
0.0045343827
0.0044517962
0.0047015473
0.0049512983
0.0052010494
0.0051184629
0.005368214
0.005617965
0.0058677161
0.0057851296
0.0060348806
0.0062846317
0.0065343827
0.0064517962
0.0067015473
0.0069512983
0.0072010494
0.0071184629
0.007368214
0.007617965
0.0078677161
0.0077851296
0.0080348806
0.0082846317
0.0085343827
0.0084517962
0.0087015473
0.0089512983
0.0092010494
0.0091184629
0.009368214
0.009617965
0.0098677161
0.0097851296
0.010034881
0.010284632
0.010534383
0.010451796
0.010701547
0.010951298
0.011201049
0.011118463
0.011368214
0.011617965
0.011867716
0.01178513
0.012034881
0.012284632
0.012534383
0.012451796
0.012701547
0.012951298
0.013201049
0.013118463
0.013368214
0.013617965
0.013867716
0.01378513
0.014034881
0.014284632
0.014534383
0.014451796
0.014701547
0.014951298
0.015201049
0.015118463
0.015368214
0.015617965
0.015867716
0.01578513
0.016034881
0.016284632
0.016534383
0.016451796
0.016701547
0.016951298
0.017201049
0.0011184629
0.001368214
0.001617965
0.0018677161
0.0017851296
0.0020348806
0.0022846317
0.0025343827
0.0024517962
0.0027015473
0.0029512983
0.0032010494
0.0031184629
0.003368214
0.003617965
0.0038677161
0.0037851296
0.0040348806
0.0042846317
0.0045343827
0.0044517962
0.0047015473
0.0049512983
0.0052010494
0.0051184629
0.005368214
0.005617965
0.0058677161
0.0057851296
0.0060348806
0.0062846317
0.0065343827
0.0064517962
0.0067015473
0.0069512983
0.0072010494
0.0071184629
0.007368214
0.007617965
0.0078677161
0.0077851296
0.0080348806
0.0082846317
0.0085343827
0.0084517962
0.0087015473
0.0089512983
0.0092010494
0.0091184629
0.009368214
0.009617965
0.0098677161
0.0097851296
0.010034881
0.010284632
0.010534383
0.010451796
0.010701547
0.010951298
0.011201049
0.011118463
0.011368214
0.011617965
0.011867716
0.01178513
0.012034881
0.012284632
0.012534383
0.012451796
0.012701547
0.012951298
0.013201049
0.013118463
0.013368214
0.013617965
0.013867716
0.01378513
0.014034881
0.014284632
0.014534383
0.014451796
0.014701547
0.014951298
0.015201049
0.015118463
0.015368214
0.015617965
0.015867716
0.01578513
0.016034881
0.016284632
0.016534383
0.016451796
0.016701547
0.016951298
0.017201049
0.0011184629
0.001368214
0.001617965
0.0018677161
0.0017851296
0.0020348806
0.0022846317
0.0025343827
0.0024517962
0.0027015473
0.0029512983
0.0032010494
0.0031184629
0.003368214
0.003617965
0.0038677161
0.0037851296
0.0040348806
0.0042846317
0.0045343827
0.0044517962
0.0047015473
0.0049512983
0.0052010494
0.0051184629
0.005368214
0.005617965
0.0058677161
0.0057851296
0.0060348806
0.0062846317
0.0065343827
0.0064517962
0.0067015473
0.0069512983
0.0072010494
0.0071184629
0.007368214
0.007617965
0.0078677161
0.0077851296
0.0080348806
0.0082846317
0.0085343827
0.0084517962
0.0087015473
0.0089512983
0.0092010494
0.0091184629
0.009368214
0.009617965
0.0098677161
0.0097851296
0.010034881
0.010284632
0.010534383
0.010451796
0.010701547
0.010951298
0.011201049
0.011118463
0.011368214
0.011617965
0.011867716
0.01178513
0.012034881
0.012284632
0.012534383
0.012451796
0.012701547
0.012951298
0.013201049
0.013118463
0.013368214
0.013617965
0.013867716
0.01378513
0.014034881
0.014284632
0.014534383
0.014451796
0.014701547
0.014951298
0.015201049
0.015118463
0.015368214
0.015617965
0.015867716
0.01578513
0.016034881
0.016284632
0.016534383
0.016451796
0.016701547
0.016951298
0.017201049
0.0011184629
0.001368214
0.001617965
0.0018677161
0.0017851296
0.0020348806
0.0022846317
0.0025343827
0.0024517962
0.0027015473
0.0029512983
0.0032010494
0.0031184629
0.003368214
0.003617965
0.0038677161
0.0037851296
0.0040348806
0.0042846317
0.0045343827
0.0044517962
0.0047015473
0.0049512983
0.0052010494
0.0051184629
0.005368214
0.005617965
0.0058677161
0.0057851296
0.0060348806
0.0062846317
0.0065343827
0.0064517962
0.0067015473
0.0069512983
0.0072010494
0.0071184629
0.007368214
0.007617965
0.0078677161
0.0077851296
0.0080348806
0.0082846317
0.0085343827
0.0084517962
0.0087015473
0.0089512983
0.0092010494
0.0091184629
0.009368214
0.009617965
0.0098677161
0.0097851296
0.010034881
0.010284632
0.010534383
0.010451796
0.010701547
0.010951298
0.011201049
0.011118463
0.011368214
0.011617965
0.011867716
0.01178513
0.012034881
0.012284632
0.012534383
0.012451796
0.012701547
0.012951298
0.013201049
0.013118463
0.013368214
0.013617965
0.013867716
0.01378513
0.014034881
0.014284632
0.014534383
0.014451796
0.014701547
0.014951298
0.015201049
0.015118463
0.015368214
0.015617965
0.015867716
0.01578513
0.016034881
0.016284632
0.016534383
0.016451796
0.016701547
0.016951298
0.017201049
0.0011184629
0.001368214
0.001617965
0.0018677161
0.0017851296
0.0020348806
0.0022846317
0.0025343827
0.0024517962
0.0027015473
0.0029512983
0.0032010494
0.0031184629
0.003368214
0.003617965
0.0038677161
0.0037851296
0.0040348806
0.0042846317
0.0045343827
0.0044517962
0.0047015473
0.0049512983
0.0052010494
0.0051184629
0.005368214
0.005617965
0.0058677161
0.0057851296
0.0060348806
0.0062846317
0.0065343827
0.0064517962
0.0067015473
0.0069512983
0.0072010494
0.0071184629
0.007368214
0.007617965
0.0078677161
0.0077851296
0.0080348806
0.0082846317
0.0085343827
0.0084517962
0.0087015473
0.0089512983
0.0092010494
0.0091184629
0.009368214
0.009617965
0.0098677161
0.0097851296
0.010034881
0.010284632
0.010534383
0.010451796
0.010701547
0.010951298
0.011201049
0.011118463
0.011368214
0.011617965
0.011867716
0.01178513
0.012034881
0.012284632
0.012534383
0.012451796
0.012701547
0.012951298
0.013201049
0.013118463
0.013368214
0.013617965
0.013867716
0.01378513
0.014034881
0.014284632
0.014534383
0.014451796
0.014701547
0.014951298
0.015201049
0.015118463
0.015368214
0.015617965
0.015867716
0.01578513
0.016034881
0.016284632
0.016534383
0.016451796
0.016701547
0.016951298
0.017201049
0.0011184629
0.001368214
0.001617965
0.0018677161
0.0017851296
0.0020348806
0.0022846317
0.0025343827
0.0024517962
0.0027015473
0.0029512984
0.0032010494
0.0031184629
0.003368214
0.003617965
0.0038677161
0.0037851296
0.0040348806
0.0042846317
0.0045343827
0.0044517962
0.0047015473
0.0049512984
0.0052010494
0.0051184629
0.005368214
0.005617965
0.0058677161
0.0057851296
0.0060348806
0.0062846317
0.0065343827
0.0064517962
0.0067015473
0.0069512983
0.0072010494
0.0071184629
0.007368214
0.007617965
0.0078677161
0.0077851296
0.0080348806
0.0082846317
0.0085343827
0.0084517962
0.0087015473
0.0089512983
0.0092010494
0.0091184629
0.009368214
0.009617965
0.0098677161
0.0097851296
0.010034881
0.010284632
0.010534383
0.010451796
0.010701547
0.010951298
0.011201049
0.011118463
0.011368214
0.011617965
0.011867716
0.01178513
0.012034881
0.012284632
0.012534383
0.012451796
0.012701547
0.012951298
0.013201049
0.013118463
0.013368214
0.013617965
0.013867716
0.01378513
0.014034881
0.014284632
0.014534383
0.014451796
0.014701547
0.014951298
0.015201049
0.015118463
0.015368214
0.015617965
0.015867716
0.01578513
0.016034881
0.016284632
0.016534383
0.016451796
0.016701547
0.016951298
0.017201049
0.0011184629
0.001368214
0.001617965
0.0018677161
0.0017851296
0.0020348806
0.0022846317
0.0025343827
0.0024517962
0.0027015473
0.0029512984
0.0032010494
0.0031184629
0.003368214
0.003617965
0.0038677161
0.0037851296
0.0040348806
0.0042846317
0.0045343827
0.0044517962
0.0047015473
0.0049512984
0.0052010494
0.0051184629
0.005368214
0.005617965
0.0058677161
0.0057851296
0.0060348806
0.0062846317
0.0065343827
0.0064517962
0.0067015473
0.0069512983
0.0072010494
0.0071184629
0.007368214
0.007617965
0.0078677161
0.0077851296
0.0080348806
0.0082846317
0.0085343827
0.0084517962
0.0087015473
0.0089512983
0.0092010494
0.0091184629
0.009368214
0.009617965
0.0098677161
0.0097851296
0.010034881
0.010284632
0.010534383
0.010451796
0.010701547
0.010951298
0.011201049
0.011118463
0.011368214
0.011617965
0.011867716
0.01178513
0.012034881
0.012284632
0.012534383
0.012451796
0.012701547
0.012951298
0.013201049
0.013118463
0.013368214
0.013617965
0.013867716
0.01378513
0.014034881
0.014284632
0.014534383
0.014451796
0.014701547
0.014951298
0.015201049
0.015118463
0.015368214
0.015617965
0.015867716
0.01578513
0.016034881
0.016284632
0.016534383
0.016451796
0.016701547
0.016951298
0.017201049
0.0011184629
0.001368214
0.001617965
0.0018677161
0.0017851296
0.0020348806
0.0022846317
0.0025343828
0.0024517962
0.0027015473
0.0029512984
0.0032010494
0.0031184629
0.003368214
0.003617965
0.0038677161
0.0037851296
0.0040348806
0.0042846317
0.0045343827
0.0044517962
0.0047015473
0.0049512984
0.0052010494
0.0051184629
0.005368214
0.005617965
0.0058677161
0.0057851296
0.0060348806
0.0062846317
0.0065343827
0.0064517962
0.0067015473
0.0069512983
0.0072010494
0.0071184629
0.007368214
0.007617965
0.0078677161
0.0077851296
0.0080348806
0.0082846317
0.0085343827
0.0084517962
0.0087015473
0.0089512983
0.0092010494
0.0091184629
0.009368214
0.009617965
0.0098677161
0.0097851296
0.010034881
0.010284632
0.010534383
0.010451796
0.010701547
0.010951298
0.011201049
0.011118463
0.011368214
0.011617965
0.011867716
0.01178513
0.012034881
0.012284632
0.012534383
0.012451796
0.012701547
0.012951298
0.013201049
0.013118463
0.013368214
0.013617965
0.013867716
0.01378513
0.014034881
0.014284632
0.014534383
0.014451796
0.014701547
0.014951298
0.015201049
0.015118463
0.015368214
0.015617965
0.015867716
0.01578513
0.016034881
0.016284632
0.016534383
0.016451796
0.016701547
0.016951298
0.017201049
0.0011184629
0.001368214
0.001617965
0.0018677161
0.0017851296
0.0020348806
0.0022846317
0.0025343828
0.0024517962
0.0027015473
0.0029512984
0.0032010494
0.0031184629
0.003368214
0.003617965
0.0038677161
0.0037851296
0.0040348806
0.0042846317
0.0045343828
0.0044517962
0.0047015473
0.0049512984
0.0052010494
0.0051184629
0.005368214
0.005617965
0.0058677161
0.0057851296
0.0060348806
0.0062846317
0.0065343827
0.0064517962
0.0067015473
0.0069512983
0.0072010494
0.0071184629
0.007368214
0.007617965
0.0078677161
0.0077851296
0.0080348806
0.0082846317
0.0085343827
0.0084517962
0.0087015473
0.0089512983
0.0092010494
0.0091184629
0.009368214
0.009617965
0.0098677161
0.0097851296
0.010034881
0.010284632
0.010534383
0.010451796
0.010701547
0.010951298
0.011201049
0.011118463
0.011368214
0.011617965
0.011867716
0.01178513
0.012034881
0.012284632
0.012534383
0.012451796
0.012701547
0.012951298
0.013201049
0.013118463
0.013368214
0.013617965
0.013867716
0.01378513
0.014034881
0.014284632
0.014534383
0.014451796
0.014701547
0.014951298
0.015201049
0.015118463
0.015368214
0.015617965
0.015867716
0.01578513
0.016034881
0.016284632
0.016534383
0.016451796
0.016701547
0.016951298
0.017201049
0.0011184629
0.001368214
0.001617965
0.0018677161
0.0017851296
0.0020348806
0.0022846317
0.0025343828
0.0024517962
0.0027015473
0.0029512984
0.0032010494
0.0031184629
0.003368214
0.003617965
0.0038677161
0.0037851296
0.0040348806
0.0042846317
0.0045343828
0.0044517962
0.0047015473
0.0049512984
0.0052010494
0.0051184629
0.005368214
0.005617965
0.0058677161
0.0057851296
0.0060348806
0.0062846317
0.0065343827
0.0064517962
0.0067015473
0.0069512984
0.0072010494
0.0071184629
0.007368214
0.007617965
0.0078677161
0.0077851296
0.0080348806
0.0082846317
0.0085343827
0.0084517962
0.0087015473
0.0089512984
0.0092010494
0.0091184629
0.009368214
0.009617965
0.0098677161
0.0097851296
0.010034881
0.010284632
0.010534383
0.010451796
0.010701547
0.010951298
0.011201049
0.011118463
0.011368214
0.011617965
0.011867716
0.01178513
0.012034881
0.012284632
0.012534383
0.012451796
0.012701547
0.012951298
0.013201049
0.013118463
0.013368214
0.013617965
0.013867716
0.01378513
0.014034881
0.014284632
0.014534383
0.014451796
0.014701547
0.014951298
0.015201049
0.015118463
0.015368214
0.015617965
0.015867716
0.01578513
0.016034881
0.016284632
0.016534383
0.016451796
0.016701547
0.016951298
0.017201049
0.0011184629
0.001368214
0.001617965
0.0018677161
0.0017851296
0.0020348806
0.0022846317
0.0025343828
0.0024517962
0.0027015473
0.0029512984
0.0032010494
0.0031184629
0.003368214
0.003617965
0.0038677161
0.0037851296
0.0040348806
0.0042846317
0.0045343828
0.0044517962
0.0047015473
0.0049512984
0.0052010494
0.0051184629
0.005368214
0.005617965
0.0058677161
0.0057851296
0.0060348806
0.0062846317
0.0065343828
0.0064517962
0.0067015473
0.0069512984
0.0072010494
0.0071184629
0.007368214
0.007617965
0.0078677161
0.0077851296
0.0080348806
0.0082846317
0.0085343827
0.0084517962
0.0087015473
0.0089512984
0.0092010494
0.0091184629
0.009368214
0.009617965
0.0098677161
0.0097851296
0.010034881
0.010284632
0.010534383
0.010451796
0.010701547
0.010951298
0.011201049
0.011118463
0.011368214
0.011617965
0.011867716
0.01178513
0.012034881
0.012284632
0.012534383
0.012451796
0.012701547
0.012951298
0.013201049
0.013118463
0.013368214
0.013617965
0.013867716
0.01378513
0.014034881
0.014284632
0.014534383
0.014451796
0.014701547
0.014951298
0.015201049
0.015118463
0.015368214
0.015617965
0.015867716
0.01578513
0.016034881
0.016284632
0.016534383
0.016451796
0.016701547
0.016951298
0.017201049
0.0011184629
0.001368214
0.001617965
0.0018677161
0.0017851295
0.0020348806
0.0022846317
0.0025343828
0.0024517962
0.0027015473
0.0029512984
0.0032010494
0.0031184629
0.003368214
0.003617965
0.0038677161
0.0037851296
0.0040348806
0.0042846317
0.0045343828
0.0044517962
0.0047015473
0.0049512984
0.0052010494
0.0051184629
0.005368214
0.005617965
0.0058677161
0.0057851296
0.0060348806
0.0062846317
0.0065343828
0.0064517962
0.0067015473
0.0069512984
0.0072010494
0.0071184629
0.007368214
0.007617965
0.0078677161
0.0077851296
0.0080348806
0.0082846317
0.0085343828
0.0084517962
0.0087015473
0.0089512984
0.0092010494
0.0091184629
0.009368214
0.009617965
0.0098677161
0.0097851296
0.010034881
0.010284632
0.010534383
0.010451796
0.010701547
0.010951298
0.011201049
0.011118463
0.011368214
0.011617965
0.011867716
0.01178513
0.012034881
0.012284632
0.012534383
0.012451796
0.012701547
0.012951298
0.013201049
0.013118463
0.013368214
0.013617965
0.013867716
0.01378513
0.014034881
0.014284632
0.014534383
0.014451796
0.014701547
0.014951298
0.015201049
0.015118463
0.015368214
0.015617965
0.015867716
0.01578513
0.016034881
0.016284632
0.016534383
0.016451796
0.016701547
0.016951298
0.017201049
0.0011184629
0.0013682139
0.001617965
0.0018677161
0.0017851295
0.0020348806
0.0022846317
0.0025343828
0.0024517962
0.0027015473
0.0029512984
0.0032010494
0.0031184629
0.0033682139
0.003617965
0.0038677161
0.0037851295
0.0040348806
0.0042846317
0.0045343828
0.0044517962
0.0047015473
0.0049512984
0.0052010494
0.0051184629
0.0053682139
0.005617965
0.0058677161
0.0057851295
0.0060348806
0.0062846317
0.0065343828
0.0064517962
0.0067015473
0.0069512984
0.0072010494
0.0071184629
0.0073682139
0.007617965
0.0078677161
0.0077851295
0.0080348806
0.0082846317
0.0085343828
0.0084517962
0.0087015473
0.0089512984
0.0092010494
0.0091184629
0.009368214
0.009617965
0.0098677161
0.0097851296
0.010034881
0.010284632
0.010534383
0.010451796
0.010701547
0.010951298
0.011201049
0.011118463
0.011368214
0.011617965
0.011867716
0.01178513
0.012034881
0.012284632
0.012534383
0.012451796
0.012701547
0.012951298
0.013201049
0.013118463
0.013368214
0.013617965
0.013867716
0.01378513
0.014034881
0.014284632
0.014534383
0.014451796
0.014701547
0.014951298
0.015201049
0.015118463
0.015368214
0.015617965
0.015867716
0.01578513
0.016034881
0.016284632
0.016534383
0.016451796
0.016701547
0.016951298
0.017201049
0.0011184629
0.0013682139
0.001617965
0.0018677161
0.0017851295
0.0020348806
0.0022846317
0.0025343828
0.0024517962
0.0027015473
0.0029512984
0.0032010494
0.0031184629
0.0033682139
0.003617965
0.0038677161
0.0037851295
0.0040348806
0.0042846317
0.0045343828
0.0044517962
0.0047015473
0.0049512984
0.0052010494
0.0051184629
0.0053682139
0.005617965
0.0058677161
0.0057851295
0.0060348806
0.0062846317
0.0065343828
0.0064517962
0.0067015473
0.0069512984
0.0072010494
0.0071184629
0.0073682139
0.007617965
0.0078677161
0.0077851295
0.0080348806
0.0082846317
0.0085343828
0.0084517962
0.0087015473
0.0089512984
0.0092010494
0.0091184629
0.009368214
0.009617965
0.0098677161
0.0097851296
0.010034881
0.010284632
0.010534383
0.010451796
0.010701547
0.010951298
0.011201049
0.011118463
0.011368214
0.011617965
0.011867716
0.01178513
0.012034881
0.012284632
0.012534383
0.012451796
0.012701547
0.012951298
0.013201049
0.013118463
0.013368214
0.013617965
0.013867716
0.01378513
0.014034881
0.014284632
0.014534383
0.014451796
0.014701547
0.014951298
0.015201049
0.015118463
0.015368214
0.015617965
0.015867716
0.01578513
0.016034881
0.016284632
0.016534383
0.016451796
0.016701547
0.016951298
0.017201049
0.0011184629
0.0013682139
0.001617965
0.0018677161
0.0017851295
0.0020348806
0.0022846317
0.0025343828
0.0024517962
0.0027015473
0.0029512984
0.0032010494
0.0031184629
0.0033682139
0.003617965
0.0038677161
0.0037851295
0.0040348806
0.0042846317
0.0045343828
0.0044517962
0.0047015473
0.0049512984
0.0052010494
0.0051184629
0.0053682139
0.005617965
0.0058677161
0.0057851295
0.0060348806
0.0062846317
0.0065343828
0.0064517962
0.0067015473
0.0069512984
0.0072010494
0.0071184629
0.0073682139
0.007617965
0.0078677161
0.0077851295
0.0080348806
0.0082846317
0.0085343828
0.0084517962
0.0087015473
0.0089512984
0.0092010494
0.0091184629
0.009368214
0.009617965
0.0098677161
0.0097851296
0.010034881
0.010284632
0.010534383
0.010451796
0.010701547
0.010951298
0.011201049
0.011118463
0.011368214
0.011617965
0.011867716
0.01178513
0.012034881
0.012284632
0.012534383
0.012451796
0.012701547
0.012951298
0.013201049
0.013118463
0.013368214
0.013617965
0.013867716
0.01378513
0.014034881
0.014284632
0.014534383
0.014451796
0.014701547
0.014951298
0.015201049
0.015118463
0.015368214
0.015617965
0.015867716
0.01578513
0.016034881
0.016284632
0.016534383
0.016451796
0.016701547
0.016951298
0.017201049
0.0011184629
0.0013682139
0.001617965
0.0018677161
0.0017851295
0.0020348806
0.0022846317
0.0025343828
0.0024517962
0.0027015473
0.0029512984
0.0032010494
0.0031184629
0.0033682139
0.003617965
0.0038677161
0.0037851295
0.0040348806
0.0042846317
0.0045343828
0.0044517962
0.0047015473
0.0049512984
0.0052010494
0.0051184629
0.0053682139
0.005617965
0.0058677161
0.0057851295
0.0060348806
0.0062846317
0.0065343828
0.0064517962
0.0067015473
0.0069512984
0.0072010494
0.0071184629
0.0073682139
0.007617965
0.0078677161
0.0077851295
0.0080348806
0.0082846317
0.0085343828
0.0084517962
0.0087015473
0.0089512984
0.0092010494
0.0091184629
0.0093682139
0.009617965
0.0098677161
0.0097851296
0.010034881
0.010284632
0.010534383
0.010451796
0.010701547
0.010951298
0.011201049
0.011118463
0.011368214
0.011617965
0.011867716
0.01178513
0.012034881
0.012284632
0.012534383
0.012451796
0.012701547
0.012951298
0.013201049
0.013118463
0.013368214
0.013617965
0.013867716
0.01378513
0.014034881
0.014284632
0.014534383
0.014451796
0.014701547
0.014951298
0.015201049
0.015118463
0.015368214
0.015617965
0.015867716
0.01578513
0.016034881
0.016284632
0.016534383
0.016451796
0.016701547
0.016951298
0.017201049
0.0011184629
0.0013682139
0.001617965
0.0018677161
0.0017851295
0.0020348806
0.0022846317
0.0025343828
0.0024517962
0.0027015473
0.0029512984
0.0032010494
0.0031184629
0.0033682139
0.003617965
0.0038677161
0.0037851295
0.0040348806
0.0042846317
0.0045343828
0.0044517962
0.0047015473
0.0049512984
0.0052010494
0.0051184629
0.0053682139
0.005617965
0.0058677161
0.0057851295
0.0060348806
0.0062846317
0.0065343828
0.0064517962
0.0067015473
0.0069512984
0.0072010494
0.0071184629
0.0073682139
0.007617965
0.0078677161
0.0077851295
0.0080348806
0.0082846317
0.0085343828
0.0084517962
0.0087015473
0.0089512984
0.0092010494
0.0091184629
0.009368214
0.009617965
0.0098677161
0.0097851295
0.010034881
0.010284632
0.010534383
0.010451796
0.010701547
0.010951298
0.011201049
0.011118463
0.011368214
0.011617965
0.011867716
0.01178513
0.012034881
0.012284632
0.012534383
0.012451796
0.012701547
0.012951298
0.013201049
0.013118463
0.013368214
0.013617965
0.013867716
0.01378513
0.014034881
0.014284632
0.014534383
0.014451796
0.014701547
0.014951298
0.015201049
0.015118463
0.015368214
0.015617965
0.015867716
0.01578513
0.016034881
0.016284632
0.016534383
0.016451796
0.016701547
0.016951298
0.017201049
0.0020351843
0.0021203697
0.0022055552
0.0022907406
0.002701851
0.0027870364
0.0028722218
0.0029574073
0.0033685176
0.0034537031
0.0035388885
0.003624074
0.0040351843
0.0041203697
0.0042055552
0.0042907406
0.004701851
0.0047870364
0.0048722218
0.0049574073
0.0053685176
0.0054537031
0.0055388885
0.005624074
0.0060351843
0.0061203697
0.0062055552
0.0062907406
0.006701851
0.0067870364
0.0068722218
0.0069574073
0.0073685176
0.0074537031
0.0075388885
0.0076240739
0.0080351843
0.0081203697
0.0082055552
0.0082907406
0.008701851
0.0087870364
0.0088722218
0.0089574073
0.0093685176
0.0094537031
0.0095388885
0.0096240739
0.010035184
0.01012037
0.010205555
0.010290741
0.010701851
0.010787036
0.010872222
0.010957407
0.011368518
0.011453703
0.011538889
0.011624074
0.012035184
0.01212037
0.012205555
0.012290741
0.012701851
0.012787036
0.012872222
0.012957407
0.013368518
0.013453703
0.013538889
0.013624074
0.014035184
0.01412037
0.014205555
0.014290741
0.014701851
0.014787036
0.014872222
0.014957407
0.015368518
0.015453703
0.015538889
0.015624074
0.016035184
0.01612037
0.016205555
0.016290741
0.016701851
0.016787036
0.016872222
0.016957407
0.017368518
0.017453703
0.017538889
0.017624074
0.0020351843
0.0021203697
0.0022055552
0.0022907406
0.002701851
0.0027870364
0.0028722218
0.0029574073
0.0033685176
0.0034537031
0.0035388885
0.003624074
0.0040351843
0.0041203697
0.0042055552
0.0042907406
0.004701851
0.0047870364
0.0048722218
0.0049574073
0.0053685176
0.0054537031
0.0055388885
0.005624074
0.0060351843
0.0061203697
0.0062055552
0.0062907406
0.006701851
0.0067870364
0.0068722218
0.0069574073
0.0073685176
0.0074537031
0.0075388885
0.0076240739
0.0080351843
0.0081203697
0.0082055552
0.0082907406
0.008701851
0.0087870364
0.0088722218
0.0089574073
0.0093685176
0.0094537031
0.0095388885
0.0096240739
0.010035184
0.01012037
0.010205555
0.010290741
0.010701851
0.010787036
0.010872222
0.010957407
0.011368518
0.011453703
0.011538889
0.011624074
0.012035184
0.01212037
0.012205555
0.012290741
0.012701851
0.012787036
0.012872222
0.012957407
0.013368518
0.013453703
0.013538889
0.013624074
0.014035184
0.01412037
0.014205555
0.014290741
0.014701851
0.014787036
0.014872222
0.014957407
0.015368518
0.015453703
0.015538889
0.015624074
0.016035184
0.01612037
0.016205555
0.016290741
0.016701851
0.016787036
0.016872222
0.016957407
0.017368518
0.017453703
0.017538889
0.017624074
0.0020351843
0.0021203697
0.0022055552
0.0022907406
0.002701851
0.0027870364
0.0028722218
0.0029574073
0.0033685176
0.0034537031
0.0035388885
0.003624074
0.0040351843
0.0041203697
0.0042055552
0.0042907406
0.004701851
0.0047870364
0.0048722218
0.0049574073
0.0053685176
0.0054537031
0.0055388885
0.005624074
0.0060351843
0.0061203697
0.0062055552
0.0062907406
0.006701851
0.0067870364
0.0068722218
0.0069574073
0.0073685176
0.0074537031
0.0075388885
0.0076240739
0.0080351843
0.0081203697
0.0082055552
0.0082907406
0.008701851
0.0087870364
0.0088722218
0.0089574073
0.0093685176
0.0094537031
0.0095388885
0.0096240739
0.010035184
0.01012037
0.010205555
0.010290741
0.010701851
0.010787036
0.010872222
0.010957407
0.011368518
0.011453703
0.011538889
0.011624074
0.012035184
0.01212037
0.012205555
0.012290741
0.012701851
0.012787036
0.012872222
0.012957407
0.013368518
0.013453703
0.013538889
0.013624074
0.014035184
0.01412037
0.014205555
0.014290741
0.014701851
0.014787036
0.014872222
0.014957407
0.015368518
0.015453703
0.015538889
0.015624074
0.016035184
0.01612037
0.016205555
0.016290741
0.016701851
0.016787036
0.016872222
0.016957407
0.017368518
0.017453703
0.017538889
0.017624074
0.0020351843
0.0021203697
0.0022055552
0.0022907406
0.002701851
0.0027870364
0.0028722218
0.0029574073
0.0033685176
0.0034537031
0.0035388885
0.003624074
0.0040351843
0.0041203697
0.0042055552
0.0042907406
0.004701851
0.0047870364
0.0048722218
0.0049574073
0.0053685176
0.0054537031
0.0055388885
0.005624074
0.0060351843
0.0061203697
0.0062055552
0.0062907406
0.006701851
0.0067870364
0.0068722218
0.0069574073
0.0073685176
0.0074537031
0.0075388885
0.0076240739
0.0080351843
0.0081203697
0.0082055552
0.0082907406
0.008701851
0.0087870364
0.0088722218
0.0089574073
0.0093685176
0.0094537031
0.0095388885
0.0096240739
0.010035184
0.01012037
0.010205555
0.010290741
0.010701851
0.010787036
0.010872222
0.010957407
0.011368518
0.011453703
0.011538889
0.011624074
0.012035184
0.01212037
0.012205555
0.012290741
0.012701851
0.012787036
0.012872222
0.012957407
0.013368518
0.013453703
0.013538889
0.013624074
0.014035184
0.01412037
0.014205555
0.014290741
0.014701851
0.014787036
0.014872222
0.014957407
0.015368518
0.015453703
0.015538889
0.015624074
0.016035184
0.01612037
0.016205555
0.016290741
0.016701851
0.016787036
0.016872222
0.016957407
0.017368518
0.017453703
0.017538889
0.017624074
0.0020351843
0.0021203697
0.0022055552
0.0022907406
0.002701851
0.0027870364
0.0028722218
0.0029574073
0.0033685176
0.0034537031
0.0035388885
0.003624074
0.0040351843
0.0041203697
0.0042055552
0.0042907406
0.004701851
0.0047870364
0.0048722218
0.0049574073
0.0053685176
0.0054537031
0.0055388885
0.005624074
0.0060351843
0.0061203697
0.0062055552
0.0062907406
0.006701851
0.0067870364
0.0068722218
0.0069574073
0.0073685176
0.0074537031
0.0075388885
0.0076240739
0.0080351843
0.0081203697
0.0082055552
0.0082907406
0.008701851
0.0087870364
0.0088722218
0.0089574073
0.0093685176
0.0094537031
0.0095388885
0.0096240739
0.010035184
0.01012037
0.010205555
0.010290741
0.010701851
0.010787036
0.010872222
0.010957407
0.011368518
0.011453703
0.011538889
0.011624074
0.012035184
0.01212037
0.012205555
0.012290741
0.012701851
0.012787036
0.012872222
0.012957407
0.013368518
0.013453703
0.013538889
0.013624074
0.014035184
0.01412037
0.014205555
0.014290741
0.014701851
0.014787036
0.014872222
0.014957407
0.015368518
0.015453703
0.015538889
0.015624074
0.016035184
0.01612037
0.016205555
0.016290741
0.016701851
0.016787036
0.016872222
0.016957407
0.017368518
0.017453703
0.017538889
0.017624074
0.0020351843
0.0021203697
0.0022055552
0.0022907406
0.002701851
0.0027870364
0.0028722218
0.0029574073
0.0033685176
0.0034537031
0.0035388885
0.003624074
0.0040351843
0.0041203697
0.0042055552
0.0042907406
0.004701851
0.0047870364
0.0048722218
0.0049574073
0.0053685176
0.0054537031
0.0055388885
0.005624074
0.0060351843
0.0061203697
0.0062055552
0.0062907406
0.006701851
0.0067870364
0.0068722218
0.0069574073
0.0073685176
0.0074537031
0.0075388885
0.0076240739
0.0080351843
0.0081203697
0.0082055552
0.0082907406
0.008701851
0.0087870364
0.0088722218
0.0089574073
0.0093685176
0.0094537031
0.0095388885
0.0096240739
0.010035184
0.01012037
0.010205555
0.010290741
0.010701851
0.010787036
0.010872222
0.010957407
0.011368518
0.011453703
0.011538889
0.011624074
0.012035184
0.01212037
0.012205555
0.012290741
0.012701851
0.012787036
0.012872222
0.012957407
0.013368518
0.013453703
0.013538889
0.013624074
0.014035184
0.01412037
0.014205555
0.014290741
0.014701851
0.014787036
0.014872222
0.014957407
0.015368518
0.015453703
0.015538889
0.015624074
0.016035184
0.01612037
0.016205555
0.016290741
0.016701851
0.016787036
0.016872222
0.016957407
0.017368518
0.017453703
0.017538889
0.017624074
0.0020351843
0.0021203697
0.0022055552
0.0022907406
0.002701851
0.0027870364
0.0028722218
0.0029574073
0.0033685176
0.0034537031
0.0035388885
0.003624074
0.0040351843
0.0041203697
0.0042055552
0.0042907406
0.004701851
0.0047870364
0.0048722218
0.0049574073
0.0053685176
0.0054537031
0.0055388885
0.005624074
0.0060351843
0.0061203697
0.0062055552
0.0062907406
0.006701851
0.0067870364
0.0068722218
0.0069574073
0.0073685176
0.0074537031
0.0075388885
0.0076240739
0.0080351843
0.0081203697
0.0082055552
0.0082907406
0.008701851
0.0087870364
0.0088722218
0.0089574073
0.0093685176
0.0094537031
0.0095388885
0.0096240739
0.010035184
0.01012037
0.010205555
0.010290741
0.010701851
0.010787036
0.010872222
0.010957407
0.011368518
0.011453703
0.011538889
0.011624074
0.012035184
0.01212037
0.012205555
0.012290741
0.012701851
0.012787036
0.012872222
0.012957407
0.013368518
0.013453703
0.013538889
0.013624074
0.014035184
0.01412037
0.014205555
0.014290741
0.014701851
0.014787036
0.014872222
0.014957407
0.015368518
0.015453703
0.015538889
0.015624074
0.016035184
0.01612037
0.016205555
0.016290741
0.016701851
0.016787036
0.016872222
0.016957407
0.017368518
0.017453703
0.017538889
0.017624074
0.0020351843
0.0021203697
0.0022055552
0.0022907406
0.002701851
0.0027870364
0.0028722218
0.0029574073
0.0033685176
0.0034537031
0.0035388885
0.003624074
0.0040351843
0.0041203697
0.0042055552
0.0042907406
0.004701851
0.0047870364
0.0048722218
0.0049574073
0.0053685176
0.0054537031
0.0055388885
0.005624074
0.0060351843
0.0061203697
0.0062055552
0.0062907406
0.006701851
0.0067870364
0.0068722218
0.0069574073
0.0073685176
0.0074537031
0.0075388885
0.0076240739
0.0080351843
0.0081203697
0.0082055552
0.0082907406
0.008701851
0.0087870364
0.0088722218
0.0089574073
0.0093685176
0.0094537031
0.0095388885
0.0096240739
0.010035184
0.01012037
0.010205555
0.010290741
0.010701851
0.010787036
0.010872222
0.010957407
0.011368518
0.011453703
0.011538889
0.011624074
0.012035184
0.01212037
0.012205555
0.012290741
0.012701851
0.012787036
0.012872222
0.012957407
0.013368518
0.013453703
0.013538889
0.013624074
0.014035184
0.01412037
0.014205555
0.014290741
0.014701851
0.014787036
0.014872222
0.014957407
0.015368518
0.015453703
0.015538889
0.015624074
0.016035184
0.01612037
0.016205555
0.016290741
0.016701851
0.016787036
0.016872222
0.016957407
0.017368518
0.017453703
0.017538889
0.017624074
0.0020351843
0.0021203697
0.0022055552
0.0022907406
0.002701851
0.0027870364
0.0028722218
0.0029574073
0.0033685176
0.0034537031
0.0035388885
0.003624074
0.0040351843
0.0041203697
0.0042055552
0.0042907406
0.004701851
0.0047870364
0.0048722218
0.0049574073
0.0053685176
0.0054537031
0.0055388885
0.005624074
0.0060351843
0.0061203697
0.0062055552
0.0062907406
0.006701851
0.0067870364
0.0068722218
0.0069574073
0.0073685176
0.0074537031
0.0075388885
0.0076240739
0.0080351843
0.0081203697
0.0082055552
0.0082907406
0.008701851
0.0087870364
0.0088722218
0.0089574073
0.0093685176
0.0094537031
0.0095388885
0.0096240739
0.010035184
0.01012037
0.010205555
0.010290741
0.010701851
0.010787036
0.010872222
0.010957407
0.011368518
0.011453703
0.011538889
0.011624074
0.012035184
0.01212037
0.012205555
0.012290741
0.012701851
0.012787036
0.012872222
0.012957407
0.013368518
0.013453703
0.013538889
0.013624074
0.014035184
0.01412037
0.014205555
0.014290741
0.014701851
0.014787036
0.014872222
0.014957407
0.015368518
0.015453703
0.015538889
0.015624074
0.016035184
0.01612037
0.016205555
0.016290741
0.016701851
0.016787036
0.016872222
0.016957407
0.017368518
0.017453703
0.017538889
0.017624074
0.0020351843
0.0021203697
0.0022055552
0.0022907406
0.002701851
0.0027870364
0.0028722218
0.0029574073
0.0033685176
0.0034537031
0.0035388885
0.003624074
0.0040351843
0.0041203697
0.0042055552
0.0042907406
0.004701851
0.0047870364
0.0048722218
0.0049574073
0.0053685176
0.0054537031
0.0055388885
0.005624074
0.0060351843
0.0061203697
0.0062055552
0.0062907406
0.006701851
0.0067870364
0.0068722218
0.0069574073
0.0073685176
0.0074537031
0.0075388885
0.0076240739
0.0080351843
0.0081203697
0.0082055552
0.0082907406
0.008701851
0.0087870364
0.0088722218
0.0089574073
0.0093685176
0.0094537031
0.0095388885
0.0096240739
0.010035184
0.01012037
0.010205555
0.010290741
0.010701851
0.010787036
0.010872222
0.010957407
0.011368518
0.011453703
0.011538889
0.011624074
0.012035184
0.01212037
0.012205555
0.012290741
0.012701851
0.012787036
0.012872222
0.012957407
0.013368518
0.013453703
0.013538889
0.013624074
0.014035184
0.01412037
0.014205555
0.014290741
0.014701851
0.014787036
0.014872222
0.014957407
0.015368518
0.015453703
0.015538889
0.015624074
0.016035184
0.01612037
0.016205555
0.016290741
0.016701851
0.016787036
0.016872222
0.016957407
0.017368518
0.017453703
0.017538889
0.017624074
0.0020351843
0.0021203697
0.0022055552
0.0022907406
0.002701851
0.0027870364
0.0028722218
0.0029574073
0.0033685176
0.0034537031
0.0035388885
0.003624074
0.0040351843
0.0041203697
0.0042055552
0.0042907406
0.004701851
0.0047870364
0.0048722218
0.0049574073
0.0053685176
0.0054537031
0.0055388885
0.005624074
0.0060351843
0.0061203697
0.0062055552
0.0062907406
0.006701851
0.0067870364
0.0068722218
0.0069574073
0.0073685176
0.0074537031
0.0075388885
0.0076240739
0.0080351843
0.0081203697
0.0082055552
0.0082907406
0.008701851
0.0087870364
0.0088722218
0.0089574073
0.0093685176
0.0094537031
0.0095388885
0.0096240739
0.010035184
0.01012037
0.010205555
0.010290741
0.010701851
0.010787036
0.010872222
0.010957407
0.011368518
0.011453703
0.011538889
0.011624074
0.012035184
0.01212037
0.012205555
0.012290741
0.012701851
0.012787036
0.012872222
0.012957407
0.013368518
0.013453703
0.013538889
0.013624074
0.014035184
0.01412037
0.014205555
0.014290741
0.014701851
0.014787036
0.014872222
0.014957407
0.015368518
0.015453703
0.015538889
0.015624074
0.016035184
0.01612037
0.016205555
0.016290741
0.016701851
0.016787036
0.016872222
0.016957407
0.017368518
0.017453703
0.017538889
0.017624074
0.0020351843
0.0021203697
0.0022055552
0.0022907406
0.002701851
0.0027870364
0.0028722218
0.0029574073
0.0033685176
0.0034537031
0.0035388885
0.003624074
0.0040351843
0.0041203697
0.0042055552
0.0042907406
0.004701851
0.0047870364
0.0048722218
0.0049574073
0.0053685176
0.0054537031
0.0055388885
0.005624074
0.0060351843
0.0061203697
0.0062055552
0.0062907406
0.006701851
0.0067870364
0.0068722218
0.0069574073
0.0073685176
0.0074537031
0.0075388885
0.0076240739
0.0080351843
0.0081203697
0.0082055552
0.0082907406
0.008701851
0.0087870364
0.0088722218
0.0089574073
0.0093685176
0.0094537031
0.0095388885
0.0096240739
0.010035184
0.01012037
0.010205555
0.010290741
0.010701851
0.010787036
0.010872222
0.010957407
0.011368518
0.011453703
0.011538889
0.011624074
0.012035184
0.01212037
0.012205555
0.012290741
0.012701851
0.012787036
0.012872222
0.012957407
0.013368518
0.013453703
0.013538889
0.013624074
0.014035184
0.01412037
0.014205555
0.014290741
0.014701851
0.014787036
0.014872222
0.014957407
0.015368518
0.015453703
0.015538889
0.015624074
0.016035184
0.01612037
0.016205555
0.016290741
0.016701851
0.016787036
0.016872222
0.016957407
0.017368518
0.017453703
0.017538889
0.017624074
0.0020351843
0.0021203697
0.0022055552
0.0022907406
0.002701851
0.0027870364
0.0028722218
0.0029574073
0.0033685176
0.0034537031
0.0035388885
0.003624074
0.0040351843
0.0041203697
0.0042055552
0.0042907406
0.004701851
0.0047870364
0.0048722218
0.0049574073
0.0053685176
0.0054537031
0.0055388885
0.005624074
0.0060351843
0.0061203697
0.0062055552
0.0062907406
0.006701851
0.0067870364
0.0068722218
0.0069574073
0.0073685176
0.0074537031
0.0075388885
0.0076240739
0.0080351843
0.0081203697
0.0082055552
0.0082907406
0.008701851
0.0087870364
0.0088722218
0.0089574073
0.0093685176
0.0094537031
0.0095388885
0.0096240739
0.010035184
0.01012037
0.010205555
0.010290741
0.010701851
0.010787036
0.010872222
0.010957407
0.011368518
0.011453703
0.011538889
0.011624074
0.012035184
0.01212037
0.012205555
0.012290741
0.012701851
0.012787036
0.012872222
0.012957407
0.013368518
0.013453703
0.013538889
0.013624074
0.014035184
0.01412037
0.014205555
0.014290741
0.014701851
0.014787036
0.014872222
0.014957407
0.015368518
0.015453703
0.015538889
0.015624074
0.016035184
0.01612037
0.016205555
0.016290741
0.016701851
0.016787036
0.016872222
0.016957407
0.017368518
0.017453703
0.017538889
0.017624074
0.0020351843
0.0021203697
0.0022055552
0.0022907406
0.002701851
0.0027870364
0.0028722218
0.0029574073
0.0033685176
0.0034537031
0.0035388885
0.003624074
0.0040351843
0.0041203697
0.0042055552
0.0042907406
0.004701851
0.0047870364
0.0048722218
0.0049574073
0.0053685176
0.0054537031
0.0055388885
0.005624074
0.0060351843
0.0061203697
0.0062055552
0.0062907406
0.006701851
0.0067870364
0.0068722218
0.0069574073
0.0073685176
0.0074537031
0.0075388885
0.0076240739
0.0080351843
0.0081203697
0.0082055552
0.0082907406
0.008701851
0.0087870364
0.0088722218
0.0089574073
0.0093685176
0.0094537031
0.0095388885
0.0096240739
0.010035184
0.01012037
0.010205555
0.010290741
0.010701851
0.010787036
0.010872222
0.010957407
0.011368518
0.011453703
0.011538889
0.011624074
0.012035184
0.01212037
0.012205555
0.012290741
0.012701851
0.012787036
0.012872222
0.012957407
0.013368518
0.013453703
0.013538889
0.013624074
0.014035184
0.01412037
0.014205555
0.014290741
0.014701851
0.014787036
0.014872222
0.014957407
0.015368518
0.015453703
0.015538889
0.015624074
0.016035184
0.01612037
0.016205555
0.016290741
0.016701851
0.016787036
0.016872222
0.016957407
0.017368518
0.017453703
0.017538889
0.017624074
0.0020351843
0.0021203697
0.0022055552
0.0022907406
0.002701851
0.0027870364
0.0028722218
0.0029574073
0.0033685176
0.0034537031
0.0035388885
0.003624074
0.0040351843
0.0041203697
0.0042055552
0.0042907406
0.004701851
0.0047870364
0.0048722218
0.0049574073
0.0053685176
0.0054537031
0.0055388885
0.005624074
0.0060351843
0.0061203697
0.0062055552
0.0062907406
0.006701851
0.0067870364
0.0068722218
0.0069574073
0.0073685176
0.0074537031
0.0075388885
0.0076240739
0.0080351843
0.0081203697
0.0082055552
0.0082907406
0.008701851
0.0087870364
0.0088722218
0.0089574073
0.0093685176
0.0094537031
0.0095388885
0.0096240739
0.010035184
0.01012037
0.010205555
0.010290741
0.010701851
0.010787036
0.010872222
0.010957407
0.011368518
0.011453703
0.011538889
0.011624074
0.012035184
0.01212037
0.012205555
0.012290741
0.012701851
0.012787036
0.012872222
0.012957407
0.013368518
0.013453703
0.013538889
0.013624074
0.014035184
0.01412037
0.014205555
0.014290741
0.014701851
0.014787036
0.014872222
0.014957407
0.015368518
0.015453703
0.015538889
0.015624074
0.016035184
0.01612037
0.016205555
0.016290741
0.016701851
0.016787036
0.016872222
0.016957407
0.017368518
0.017453703
0.017538889
0.017624074
0.0020351843
0.0021203697
0.0022055552
0.0022907406
0.002701851
0.0027870364
0.0028722218
0.0029574073
0.0033685176
0.0034537031
0.0035388885
0.003624074
0.0040351843
0.0041203697
0.0042055552
0.0042907406
0.004701851
0.0047870364
0.0048722218
0.0049574073
0.0053685176
0.0054537031
0.0055388885
0.005624074
0.0060351843
0.0061203697
0.0062055552
0.0062907406
0.006701851
0.0067870364
0.0068722218
0.0069574073
0.0073685176
0.0074537031
0.0075388885
0.0076240739
0.0080351843
0.0081203697
0.0082055552
0.0082907406
0.008701851
0.0087870364
0.0088722218
0.0089574073
0.0093685176
0.0094537031
0.0095388885
0.0096240739
0.010035184
0.01012037
0.010205555
0.010290741
0.010701851
0.010787036
0.010872222
0.010957407
0.011368518
0.011453703
0.011538889
0.011624074
0.012035184
0.01212037
0.012205555
0.012290741
0.012701851
0.012787036
0.012872222
0.012957407
0.013368518
0.013453703
0.013538889
0.013624074
0.014035184
0.01412037
0.014205555
0.014290741
0.014701851
0.014787036
0.014872222
0.014957407
0.015368518
0.015453703
0.015538889
0.015624074
0.016035184
0.01612037
0.016205555
0.016290741
0.016701851
0.016787036
0.016872222
0.016957407
0.017368518
0.017453703
0.017538889
0.017624074
0.0020351843
0.0021203697
0.0022055552
0.0022907406
0.002701851
0.0027870364
0.0028722218
0.0029574073
0.0033685176
0.0034537031
0.0035388885
0.003624074
0.0040351843
0.0041203697
0.0042055552
0.0042907406
0.004701851
0.0047870364
0.0048722218
0.0049574073
0.0053685176
0.0054537031
0.0055388885
0.005624074
0.0060351843
0.0061203697
0.0062055552
0.0062907406
0.006701851
0.0067870364
0.0068722218
0.0069574073
0.0073685176
0.0074537031
0.0075388885
0.0076240739
0.0080351843
0.0081203697
0.0082055552
0.0082907406
0.008701851
0.0087870364
0.0088722218
0.0089574073
0.0093685176
0.0094537031
0.0095388885
0.0096240739
0.010035184
0.01012037
0.010205555
0.010290741
0.010701851
0.010787036
0.010872222
0.010957407
0.011368518
0.011453703
0.011538889
0.011624074
0.012035184
0.01212037
0.012205555
0.012290741
0.012701851
0.012787036
0.012872222
0.012957407
0.013368518
0.013453703
0.013538889
0.013624074
0.014035184
0.01412037
0.014205555
0.014290741
0.014701851
0.014787036
0.014872222
0.014957407
0.015368518
0.015453703
0.015538889
0.015624074
0.016035184
0.01612037
0.016205555
0.016290741
0.016701851
0.016787036
0.016872222
0.016957407
0.017368518
0.017453703
0.017538889
0.017624074
0.0020351843
0.0021203697
0.0022055552
0.0022907406
0.002701851
0.0027870364
0.0028722218
0.0029574073
0.0033685176
0.0034537031
0.0035388885
0.003624074
0.0040351843
0.0041203697
0.0042055552
0.0042907406
0.004701851
0.0047870364
0.0048722218
0.0049574073
0.0053685176
0.0054537031
0.0055388885
0.005624074
0.0060351843
0.0061203697
0.0062055552
0.0062907406
0.006701851
0.0067870364
0.0068722218
0.0069574073
0.0073685176
0.0074537031
0.0075388885
0.0076240739
0.0080351843
0.0081203697
0.0082055552
0.0082907406
0.008701851
0.0087870364
0.0088722218
0.0089574073
0.0093685176
0.0094537031
0.0095388885
0.0096240739
0.010035184
0.01012037
0.010205555
0.010290741
0.010701851
0.010787036
0.010872222
0.010957407
0.011368518
0.011453703
0.011538889
0.011624074
0.012035184
0.01212037
0.012205555
0.012290741
0.012701851
0.012787036
0.012872222
0.012957407
0.013368518
0.013453703
0.013538889
0.013624074
0.014035184
0.01412037
0.014205555
0.014290741
0.014701851
0.014787036
0.014872222
0.014957407
0.015368518
0.015453703
0.015538889
0.015624074
0.016035184
0.01612037
0.016205555
0.016290741
0.016701851
0.016787036
0.016872222
0.016957407
0.017368518
0.017453703
0.017538889
0.017624074
0.0020351843
0.0021203697
0.0022055552
0.0022907406
0.002701851
0.0027870364
0.0028722218
0.0029574073
0.0033685176
0.0034537031
0.0035388885
0.003624074
0.0040351843
0.0041203697
0.0042055552
0.0042907406
0.004701851
0.0047870364
0.0048722218
0.0049574073
0.0053685176
0.0054537031
0.0055388885
0.005624074
0.0060351843
0.0061203697
0.0062055552
0.0062907406
0.006701851
0.0067870364
0.0068722218
0.0069574073
0.0073685176
0.0074537031
0.0075388885
0.0076240739
0.0080351843
0.0081203697
0.0082055552
0.0082907406
0.008701851
0.0087870364
0.0088722218
0.0089574073
0.0093685176
0.0094537031
0.0095388885
0.0096240739
0.010035184
0.01012037
0.010205555
0.010290741
0.010701851
0.010787036
0.010872222
0.010957407
0.011368518
0.011453703
0.011538889
0.011624074
0.012035184
0.01212037
0.012205555
0.012290741
0.012701851
0.012787036
0.012872222
0.012957407
0.013368518
0.013453703
0.013538889
0.013624074
0.014035184
0.01412037
0.014205555
0.014290741
0.014701851
0.014787036
0.014872222
0.014957407
0.015368518
0.015453703
0.015538889
0.015624074
0.016035184
0.01612037
0.016205555
0.016290741
0.016701851
0.016787036
0.016872222
0.016957407
0.017368518
0.017453703
0.017538889
0.017624074
0.0020351843
0.0021203697
0.0022055552
0.0022907406
0.002701851
0.0027870364
0.0028722218
0.0029574073
0.0033685176
0.0034537031
0.0035388885
0.003624074
0.0040351843
0.0041203697
0.0042055552
0.0042907406
0.004701851
0.0047870364
0.0048722218
0.0049574073
0.0053685176
0.0054537031
0.0055388885
0.005624074
0.0060351843
0.0061203697
0.0062055552
0.0062907406
0.006701851
0.0067870364
0.0068722218
0.0069574073
0.0073685176
0.0074537031
0.0075388885
0.0076240739
0.0080351843
0.0081203697
0.0082055552
0.0082907406
0.008701851
0.0087870364
0.0088722218
0.0089574073
0.0093685176
0.0094537031
0.0095388885
0.0096240739
0.010035184
0.01012037
0.010205555
0.010290741
0.010701851
0.010787036
0.010872222
0.010957407
0.011368518
0.011453703
0.011538889
0.011624074
0.012035184
0.01212037
0.012205555
0.012290741
0.012701851
0.012787036
0.012872222
0.012957407
0.013368518
0.013453703
0.013538889
0.013624074
0.014035184
0.01412037
0.014205555
0.014290741
0.014701851
0.014787036
0.014872222
0.014957407
0.015368518
0.015453703
0.015538889
0.015624074
0.016035184
0.01612037
0.016205555
0.016290741
0.016701851
0.016787036
0.016872222
0.016957407
0.017368518
0.017453703
0.017538889
0.017624074
0.0020351843
0.0021203697
0.0022055552
0.0022907406
0.002701851
0.0027870364
0.0028722218
0.0029574073
0.0033685176
0.0034537031
0.0035388885
0.003624074
0.0040351843
0.0041203697
0.0042055552
0.0042907406
0.004701851
0.0047870364
0.0048722218
0.0049574073
0.0053685176
0.0054537031
0.0055388885
0.005624074
0.0060351843
0.0061203697
0.0062055552
0.0062907406
0.006701851
0.0067870364
0.0068722218
0.0069574073
0.0073685176
0.0074537031
0.0075388885
0.0076240739
0.0080351843
0.0081203697
0.0082055552
0.0082907406
0.008701851
0.0087870364
0.0088722218
0.0089574073
0.0093685176
0.0094537031
0.0095388885
0.0096240739
0.010035184
0.01012037
0.010205555
0.010290741
0.010701851
0.010787036
0.010872222
0.010957407
0.011368518
0.011453703
0.011538889
0.011624074
0.012035184
0.01212037
0.012205555
0.012290741
0.012701851
0.012787036
0.012872222
0.012957407
0.013368518
0.013453703
0.013538889
0.013624074
0.014035184
0.01412037
0.014205555
0.014290741
0.014701851
0.014787036
0.014872222
0.014957407
0.015368518
0.015453703
0.015538889
0.015624074
0.016035184
0.01612037
0.016205555
0.016290741
0.016701851
0.016787036
0.016872222
0.016957407
0.017368518
0.017453703
0.017538889
0.017624074
0.0020351843
0.0021203697
0.0022055552
0.0022907406
0.002701851
0.0027870364
0.0028722218
0.0029574073
0.0033685176
0.0034537031
0.0035388885
0.003624074
0.0040351843
0.0041203697
0.0042055552
0.0042907406
0.004701851
0.0047870364
0.0048722218
0.0049574073
0.0053685176
0.0054537031
0.0055388885
0.005624074
0.0060351843
0.0061203697
0.0062055552
0.0062907406
0.006701851
0.0067870364
0.0068722218
0.0069574073
0.0073685176
0.0074537031
0.0075388885
0.007624074
0.0080351843
0.0081203697
0.0082055552
0.0082907406
0.008701851
0.0087870364
0.0088722218
0.0089574073
0.0093685176
0.0094537031
0.0095388885
0.009624074
0.010035184
0.01012037
0.010205555
0.010290741
0.010701851
0.010787036
0.010872222
0.010957407
0.011368518
0.011453703
0.011538889
0.011624074
0.012035184
0.01212037
0.012205555
0.012290741
0.012701851
0.012787036
0.012872222
0.012957407
0.013368518
0.013453703
0.013538889
0.013624074
0.014035184
0.01412037
0.014205555
0.014290741
0.014701851
0.014787036
0.014872222
0.014957407
0.015368518
0.015453703
0.015538889
0.015624074
0.016035184
0.01612037
0.016205555
0.016290741
0.016701851
0.016787036
0.016872222
0.016957407
0.017368518
0.017453703
0.017538889
0.017624074
0.0020351843
0.0021203697
0.0022055552
0.0022907406
0.002701851
0.0027870364
0.0028722218
0.0029574073
0.0033685176
0.0034537031
0.0035388885
0.003624074
0.0040351843
0.0041203697
0.0042055552
0.0042907406
0.004701851
0.0047870364
0.0048722218
0.0049574073
0.0053685176
0.0054537031
0.0055388885
0.005624074
0.0060351843
0.0061203697
0.0062055552
0.0062907406
0.006701851
0.0067870364
0.0068722218
0.0069574073
0.0073685176
0.0074537031
0.0075388885
0.0076240739
0.0080351843
0.0081203697
0.0082055552
0.0082907406
0.008701851
0.0087870364
0.0088722218
0.0089574073
0.0093685176
0.0094537031
0.0095388885
0.0096240739
0.010035184
0.01012037
0.010205555
0.010290741
0.010701851
0.010787036
0.010872222
0.010957407
0.011368518
0.011453703
0.011538889
0.011624074
0.012035184
0.01212037
0.012205555
0.012290741
0.012701851
0.012787036
0.012872222
0.012957407
0.013368518
0.013453703
0.013538889
0.013624074
0.014035184
0.01412037
0.014205555
0.014290741
0.014701851
0.014787036
0.014872222
0.014957407
0.015368518
0.015453703
0.015538889
0.015624074
0.016035184
0.01612037
0.016205555
0.016290741
0.016701851
0.016787036
0.016872222
0.016957407
0.017368518
0.017453703
0.017538889
0.017624074
0.0020351843
0.0021203697
0.0022055552
0.0022907406
0.002701851
0.0027870364
0.0028722218
0.0029574073
0.0033685176
0.0034537031
0.0035388885
0.003624074
0.0040351843
0.0041203697
0.0042055552
0.0042907406
0.004701851
0.0047870364
0.0048722218
0.0049574073
0.0053685176
0.0054537031
0.0055388885
0.005624074
0.0060351843
0.0061203697
0.0062055552
0.0062907406
0.006701851
0.0067870364
0.0068722218
0.0069574073
0.0073685176
0.0074537031
0.0075388885
0.007624074
0.0080351843
0.0081203697
0.0082055552
0.0082907406
0.008701851
0.0087870364
0.0088722218
0.0089574073
0.0093685176
0.0094537031
0.0095388885
0.009624074
0.010035184
0.01012037
0.010205555
0.010290741
0.010701851
0.010787036
0.010872222
0.010957407
0.011368518
0.011453703
0.011538889
0.011624074
0.012035184
0.01212037
0.012205555
0.012290741
0.012701851
0.012787036
0.012872222
0.012957407
0.013368518
0.013453703
0.013538889
0.013624074
0.014035184
0.01412037
0.014205555
0.014290741
0.014701851
0.014787036
0.014872222
0.014957407
0.015368518
0.015453703
0.015538889
0.015624074
0.016035184
0.01612037
0.016205555
0.016290741
0.016701851
0.016787036
0.016872222
0.016957407
0.017368518
0.017453703
0.017538889
0.017624074
0.0022907406
0.0022055552
0.0021203697
0.0020351843
0.0029574073
0.0028722218
0.0027870364
0.002701851
0.003624074
0.0035388885
0.0034537031
0.0033685176
0.0042907406
0.0042055552
0.0041203697
0.0040351843
0.0049574073
0.0048722218
0.0047870364
0.004701851
0.0056240739
0.0055388885
0.0054537031
0.0053685176
0.0062907406
0.0062055552
0.0061203697
0.0060351843
0.0069574073
0.0068722218
0.0067870364
0.006701851
0.0076240739
0.0075388885
0.0074537031
0.0073685176
0.0082907406
0.0082055552
0.0081203697
0.0080351843
0.0089574073
0.0088722218
0.0087870364
0.008701851
0.0096240739
0.0095388885
0.0094537031
0.0093685176
0.010290741
0.010205555
0.01012037
0.010035184
0.010957407
0.010872222
0.010787036
0.010701851
0.011624074
0.011538889
0.011453703
0.011368518
0.012290741
0.012205555
0.01212037
0.012035184
0.012957407
0.012872222
0.012787036
0.012701851
0.013624074
0.013538889
0.013453703
0.013368518
0.014290741
0.014205555
0.01412037
0.014035184
0.014957407
0.014872222
0.014787036
0.014701851
0.015624074
0.015538889
0.015453703
0.015368518
0.016290741
0.016205555
0.01612037
0.016035184
0.016957407
0.016872222
0.016787036
0.016701851
0.017624074
0.017538889
0.017453703
0.017368518
0.0022907406
0.0022055552
0.0021203697
0.0020351843
0.0029574073
0.0028722218
0.0027870364
0.002701851
0.003624074
0.0035388885
0.0034537031
0.0033685176
0.0042907406
0.0042055552
0.0041203697
0.0040351843
0.0049574073
0.0048722218
0.0047870364
0.004701851
0.005624074
0.0055388885
0.0054537031
0.0053685176
0.0062907406
0.0062055552
0.0061203697
0.0060351843
0.0069574073
0.0068722218
0.0067870364
0.006701851
0.0076240739
0.0075388885
0.0074537031
0.0073685176
0.0082907406
0.0082055552
0.0081203697
0.0080351843
0.0089574073
0.0088722218
0.0087870364
0.008701851
0.0096240739
0.0095388885
0.0094537031
0.0093685176
0.010290741
0.010205555
0.01012037
0.010035184
0.010957407
0.010872222
0.010787036
0.010701851
0.011624074
0.011538889
0.011453703
0.011368518
0.012290741
0.012205555
0.01212037
0.012035184
0.012957407
0.012872222
0.012787036
0.012701851
0.013624074
0.013538889
0.013453703
0.013368518
0.014290741
0.014205555
0.01412037
0.014035184
0.014957407
0.014872222
0.014787036
0.014701851
0.015624074
0.015538889
0.015453703
0.015368518
0.016290741
0.016205555
0.01612037
0.016035184
0.016957407
0.016872222
0.016787036
0.016701851
0.017624074
0.017538889
0.017453703
0.017368518
0.0022907406
0.0022055552
0.0021203697
0.0020351843
0.0029574073
0.0028722218
0.0027870364
0.002701851
0.003624074
0.0035388885
0.0034537031
0.0033685176
0.0042907406
0.0042055552
0.0041203697
0.0040351843
0.0049574073
0.0048722218
0.0047870364
0.004701851
0.005624074
0.0055388885
0.0054537031
0.0053685176
0.0062907406
0.0062055552
0.0061203697
0.0060351843
0.0069574073
0.0068722218
0.0067870364
0.006701851
0.0076240739
0.0075388885
0.0074537031
0.0073685176
0.0082907406
0.0082055552
0.0081203697
0.0080351843
0.0089574073
0.0088722218
0.0087870364
0.008701851
0.0096240739
0.0095388885
0.0094537031
0.0093685176
0.010290741
0.010205555
0.01012037
0.010035184
0.010957407
0.010872222
0.010787036
0.010701851
0.011624074
0.011538889
0.011453703
0.011368518
0.012290741
0.012205555
0.01212037
0.012035184
0.012957407
0.012872222
0.012787036
0.012701851
0.013624074
0.013538889
0.013453703
0.013368518
0.014290741
0.014205555
0.01412037
0.014035184
0.014957407
0.014872222
0.014787036
0.014701851
0.015624074
0.015538889
0.015453703
0.015368518
0.016290741
0.016205555
0.01612037
0.016035184
0.016957407
0.016872222
0.016787036
0.016701851
0.017624074
0.017538889
0.017453703
0.017368518
0.0022907406
0.0022055552
0.0021203697
0.0020351843
0.0029574073
0.0028722218
0.0027870364
0.002701851
0.003624074
0.0035388885
0.0034537031
0.0033685176
0.0042907406
0.0042055552
0.0041203697
0.0040351843
0.0049574073
0.0048722218
0.0047870364
0.004701851
0.005624074
0.0055388885
0.0054537031
0.0053685176
0.0062907406
0.0062055552
0.0061203697
0.0060351843
0.0069574073
0.0068722218
0.0067870364
0.006701851
0.0076240739
0.0075388885
0.0074537031
0.0073685176
0.0082907406
0.0082055552
0.0081203697
0.0080351843
0.0089574073
0.0088722218
0.0087870364
0.008701851
0.0096240739
0.0095388885
0.0094537031
0.0093685176
0.010290741
0.010205555
0.01012037
0.010035184
0.010957407
0.010872222
0.010787036
0.010701851
0.011624074
0.011538889
0.011453703
0.011368518
0.012290741
0.012205555
0.01212037
0.012035184
0.012957407
0.012872222
0.012787036
0.012701851
0.013624074
0.013538889
0.013453703
0.013368518
0.014290741
0.014205555
0.01412037
0.014035184
0.014957407
0.014872222
0.014787036
0.014701851
0.015624074
0.015538889
0.015453703
0.015368518
0.016290741
0.016205555
0.01612037
0.016035184
0.016957407
0.016872222
0.016787036
0.016701851
0.017624074
0.017538889
0.017453703
0.017368518
0.0022907406
0.0022055552
0.0021203697
0.0020351843
0.0029574073
0.0028722218
0.0027870364
0.002701851
0.003624074
0.0035388885
0.0034537031
0.0033685176
0.0042907406
0.0042055552
0.0041203697
0.0040351843
0.0049574073
0.0048722218
0.0047870364
0.004701851
0.005624074
0.0055388885
0.0054537031
0.0053685176
0.0062907406
0.0062055552
0.0061203697
0.0060351843
0.0069574073
0.0068722218
0.0067870364
0.006701851
0.0076240739
0.0075388885
0.0074537031
0.0073685176
0.0082907406
0.0082055552
0.0081203697
0.0080351843
0.0089574073
0.0088722218
0.0087870364
0.008701851
0.0096240739
0.0095388885
0.0094537031
0.0093685176
0.010290741
0.010205555
0.01012037
0.010035184
0.010957407
0.010872222
0.010787036
0.010701851
0.011624074
0.011538889
0.011453703
0.011368518
0.012290741
0.012205555
0.01212037
0.012035184
0.012957407
0.012872222
0.012787036
0.012701851
0.013624074
0.013538889
0.013453703
0.013368518
0.014290741
0.014205555
0.01412037
0.014035184
0.014957407
0.014872222
0.014787036
0.014701851
0.015624074
0.015538889
0.015453703
0.015368518
0.016290741
0.016205555
0.01612037
0.016035184
0.016957407
0.016872222
0.016787036
0.016701851
0.017624074
0.017538889
0.017453703
0.017368518
0.0022907406
0.0022055552
0.0021203697
0.0020351843
0.0029574073
0.0028722218
0.0027870364
0.002701851
0.003624074
0.0035388885
0.0034537031
0.0033685176
0.0042907406
0.0042055552
0.0041203697
0.0040351843
0.0049574073
0.0048722218
0.0047870364
0.004701851
0.005624074
0.0055388885
0.0054537031
0.0053685176
0.0062907406
0.0062055552
0.0061203697
0.0060351843
0.0069574073
0.0068722218
0.0067870364
0.006701851
0.0076240739
0.0075388885
0.0074537031
0.0073685176
0.0082907406
0.0082055552
0.0081203697
0.0080351843
0.0089574073
0.0088722218
0.0087870364
0.008701851
0.0096240739
0.0095388885
0.0094537031
0.0093685176
0.010290741
0.010205555
0.01012037
0.010035184
0.010957407
0.010872222
0.010787036
0.010701851
0.011624074
0.011538889
0.011453703
0.011368518
0.012290741
0.012205555
0.01212037
0.012035184
0.012957407
0.012872222
0.012787036
0.012701851
0.013624074
0.013538889
0.013453703
0.013368518
0.014290741
0.014205555
0.01412037
0.014035184
0.014957407
0.014872222
0.014787036
0.014701851
0.015624074
0.015538889
0.015453703
0.015368518
0.016290741
0.016205555
0.01612037
0.016035184
0.016957407
0.016872222
0.016787036
0.016701851
0.017624074
0.017538889
0.017453703
0.017368518
0.0022907406
0.0022055552
0.0021203697
0.0020351843
0.0029574073
0.0028722218
0.0027870364
0.002701851
0.003624074
0.0035388885
0.0034537031
0.0033685176
0.0042907406
0.0042055552
0.0041203697
0.0040351843
0.0049574073
0.0048722218
0.0047870364
0.004701851
0.005624074
0.0055388885
0.0054537031
0.0053685176
0.0062907406
0.0062055552
0.0061203697
0.0060351843
0.0069574073
0.0068722218
0.0067870364
0.006701851
0.0076240739
0.0075388885
0.0074537031
0.0073685176
0.0082907406
0.0082055552
0.0081203697
0.0080351843
0.0089574073
0.0088722218
0.0087870364
0.008701851
0.0096240739
0.0095388885
0.0094537031
0.0093685176
0.010290741
0.010205555
0.01012037
0.010035184
0.010957407
0.010872222
0.010787036
0.010701851
0.011624074
0.011538889
0.011453703
0.011368518
0.012290741
0.012205555
0.01212037
0.012035184
0.012957407
0.012872222
0.012787036
0.012701851
0.013624074
0.013538889
0.013453703
0.013368518
0.014290741
0.014205555
0.01412037
0.014035184
0.014957407
0.014872222
0.014787036
0.014701851
0.015624074
0.015538889
0.015453703
0.015368518
0.016290741
0.016205555
0.01612037
0.016035184
0.016957407
0.016872222
0.016787036
0.016701851
0.017624074
0.017538889
0.017453703
0.017368518
0.0022907406
0.0022055552
0.0021203697
0.0020351843
0.0029574073
0.0028722218
0.0027870364
0.002701851
0.003624074
0.0035388885
0.0034537031
0.0033685176
0.0042907406
0.0042055552
0.0041203697
0.0040351843
0.0049574073
0.0048722218
0.0047870364
0.004701851
0.005624074
0.0055388885
0.0054537031
0.0053685176
0.0062907406
0.0062055552
0.0061203697
0.0060351843
0.0069574073
0.0068722218
0.0067870364
0.006701851
0.0076240739
0.0075388885
0.0074537031
0.0073685176
0.0082907406
0.0082055552
0.0081203697
0.0080351843
0.0089574073
0.0088722218
0.0087870364
0.008701851
0.0096240739
0.0095388885
0.0094537031
0.0093685176
0.010290741
0.010205555
0.01012037
0.010035184
0.010957407
0.010872222
0.010787036
0.010701851
0.011624074
0.011538889
0.011453703
0.011368518
0.012290741
0.012205555
0.01212037
0.012035184
0.012957407
0.012872222
0.012787036
0.012701851
0.013624074
0.013538889
0.013453703
0.013368518
0.014290741
0.014205555
0.01412037
0.014035184
0.014957407
0.014872222
0.014787036
0.014701851
0.015624074
0.015538889
0.015453703
0.015368518
0.016290741
0.016205555
0.01612037
0.016035184
0.016957407
0.016872222
0.016787036
0.016701851
0.017624074
0.017538889
0.017453703
0.017368518
0.0022907406
0.0022055552
0.0021203697
0.0020351843
0.0029574073
0.0028722218
0.0027870364
0.002701851
0.003624074
0.0035388885
0.0034537031
0.0033685176
0.0042907406
0.0042055552
0.0041203697
0.0040351843
0.0049574073
0.0048722218
0.0047870364
0.004701851
0.005624074
0.0055388885
0.0054537031
0.0053685176
0.0062907406
0.0062055552
0.0061203697
0.0060351843
0.0069574073
0.0068722218
0.0067870364
0.006701851
0.0076240739
0.0075388885
0.0074537031
0.0073685176
0.0082907406
0.0082055552
0.0081203697
0.0080351843
0.0089574073
0.0088722218
0.0087870364
0.008701851
0.0096240739
0.0095388885
0.0094537031
0.0093685176
0.010290741
0.010205555
0.01012037
0.010035184
0.010957407
0.010872222
0.010787036
0.010701851
0.011624074
0.011538889
0.011453703
0.011368518
0.012290741
0.012205555
0.01212037
0.012035184
0.012957407
0.012872222
0.012787036
0.012701851
0.013624074
0.013538889
0.013453703
0.013368518
0.014290741
0.014205555
0.01412037
0.014035184
0.014957407
0.014872222
0.014787036
0.014701851
0.015624074
0.015538889
0.015453703
0.015368518
0.016290741
0.016205555
0.01612037
0.016035184
0.016957407
0.016872222
0.016787036
0.016701851
0.017624074
0.017538889
0.017453703
0.017368518
0.0022907406
0.0022055552
0.0021203697
0.0020351843
0.0029574073
0.0028722218
0.0027870364
0.002701851
0.003624074
0.0035388885
0.0034537031
0.0033685176
0.0042907406
0.0042055552
0.0041203697
0.0040351843
0.0049574073
0.0048722218
0.0047870364
0.004701851
0.005624074
0.0055388885
0.0054537031
0.0053685176
0.0062907406
0.0062055552
0.0061203697
0.0060351843
0.0069574073
0.0068722218
0.0067870364
0.006701851
0.0076240739
0.0075388885
0.0074537031
0.0073685176
0.0082907406
0.0082055552
0.0081203697
0.0080351843
0.0089574073
0.0088722218
0.0087870364
0.008701851
0.0096240739
0.0095388885
0.0094537031
0.0093685176
0.010290741
0.010205555
0.01012037
0.010035184
0.010957407
0.010872222
0.010787036
0.010701851
0.011624074
0.011538889
0.011453703
0.011368518
0.012290741
0.012205555
0.01212037
0.012035184
0.012957407
0.012872222
0.012787036
0.012701851
0.013624074
0.013538889
0.013453703
0.013368518
0.014290741
0.014205555
0.01412037
0.014035184
0.014957407
0.014872222
0.014787036
0.014701851
0.015624074
0.015538889
0.015453703
0.015368518
0.016290741
0.016205555
0.01612037
0.016035184
0.016957407
0.016872222
0.016787036
0.016701851
0.017624074
0.017538889
0.017453703
0.017368518
0.0022907406
0.0022055552
0.0021203697
0.0020351843
0.0029574073
0.0028722218
0.0027870364
0.002701851
0.003624074
0.0035388885
0.0034537031
0.0033685176
0.0042907406
0.0042055552
0.0041203697
0.0040351843
0.0049574073
0.0048722218
0.0047870364
0.004701851
0.005624074
0.0055388885
0.0054537031
0.0053685176
0.0062907406
0.0062055552
0.0061203697
0.0060351843
0.0069574073
0.0068722218
0.0067870364
0.006701851
0.0076240739
0.0075388885
0.0074537031
0.0073685176
0.0082907406
0.0082055552
0.0081203697
0.0080351843
0.0089574073
0.0088722218
0.0087870364
0.008701851
0.0096240739
0.0095388885
0.0094537031
0.0093685176
0.010290741
0.010205555
0.01012037
0.010035184
0.010957407
0.010872222
0.010787036
0.010701851
0.011624074
0.011538889
0.011453703
0.011368518
0.012290741
0.012205555
0.01212037
0.012035184
0.012957407
0.012872222
0.012787036
0.012701851
0.013624074
0.013538889
0.013453703
0.013368518
0.014290741
0.014205555
0.01412037
0.014035184
0.014957407
0.014872222
0.014787036
0.014701851
0.015624074
0.015538889
0.015453703
0.015368518
0.016290741
0.016205555
0.01612037
0.016035184
0.016957407
0.016872222
0.016787036
0.016701851
0.017624074
0.017538889
0.017453703
0.017368518
0.0022907406
0.0022055552
0.0021203697
0.0020351843
0.0029574073
0.0028722218
0.0027870364
0.002701851
0.003624074
0.0035388885
0.0034537031
0.0033685176
0.0042907406
0.0042055552
0.0041203697
0.0040351843
0.0049574073
0.0048722218
0.0047870364
0.004701851
0.005624074
0.0055388885
0.0054537031
0.0053685176
0.0062907406
0.0062055552
0.0061203697
0.0060351843
0.0069574073
0.0068722218
0.0067870364
0.006701851
0.0076240739
0.0075388885
0.0074537031
0.0073685176
0.0082907406
0.0082055552
0.0081203697
0.0080351843
0.0089574073
0.0088722218
0.0087870364
0.008701851
0.009624074
0.0095388885
0.0094537031
0.0093685176
0.010290741
0.010205555
0.01012037
0.010035184
0.010957407
0.010872222
0.010787036
0.010701851
0.011624074
0.011538889
0.011453703
0.011368518
0.012290741
0.012205555
0.01212037
0.012035184
0.012957407
0.012872222
0.012787036
0.012701851
0.013624074
0.013538889
0.013453703
0.013368518
0.014290741
0.014205555
0.01412037
0.014035184
0.014957407
0.014872222
0.014787036
0.014701851
0.015624074
0.015538889
0.015453703
0.015368518
0.016290741
0.016205555
0.01612037
0.016035184
0.016957407
0.016872222
0.016787036
0.016701851
0.017624074
0.017538889
0.017453703
0.017368518
0.0022907406
0.0022055552
0.0021203697
0.0020351843
0.0029574073
0.0028722218
0.0027870364
0.002701851
0.003624074
0.0035388885
0.0034537031
0.0033685176
0.0042907406
0.0042055552
0.0041203697
0.0040351843
0.0049574073
0.0048722218
0.0047870364
0.004701851
0.005624074
0.0055388885
0.0054537031
0.0053685176
0.0062907406
0.0062055552
0.0061203697
0.0060351843
0.0069574073
0.0068722218
0.0067870364
0.006701851
0.0076240739
0.0075388885
0.0074537031
0.0073685176
0.0082907406
0.0082055552
0.0081203697
0.0080351843
0.0089574073
0.0088722218
0.0087870364
0.008701851
0.0096240739
0.0095388885
0.0094537031
0.0093685176
0.010290741
0.010205555
0.01012037
0.010035184
0.010957407
0.010872222
0.010787036
0.010701851
0.011624074
0.011538889
0.011453703
0.011368518
0.012290741
0.012205555
0.01212037
0.012035184
0.012957407
0.012872222
0.012787036
0.012701851
0.013624074
0.013538889
0.013453703
0.013368518
0.014290741
0.014205555
0.01412037
0.014035184
0.014957407
0.014872222
0.014787036
0.014701851
0.015624074
0.015538889
0.015453703
0.015368518
0.016290741
0.016205555
0.01612037
0.016035184
0.016957407
0.016872222
0.016787036
0.016701851
0.017624074
0.017538889
0.017453703
0.017368518
0.0022907406
0.0022055552
0.0021203697
0.0020351843
0.0029574073
0.0028722218
0.0027870364
0.002701851
0.003624074
0.0035388885
0.0034537031
0.0033685176
0.0042907406
0.0042055552
0.0041203697
0.0040351843
0.0049574073
0.0048722218
0.0047870364
0.004701851
0.005624074
0.0055388885
0.0054537031
0.0053685176
0.0062907406
0.0062055552
0.0061203697
0.0060351843
0.0069574073
0.0068722218
0.0067870364
0.006701851
0.0076240739
0.0075388885
0.0074537031
0.0073685176
0.0082907406
0.0082055552
0.0081203697
0.0080351843
0.0089574073
0.0088722218
0.0087870364
0.008701851
0.0096240739
0.0095388885
0.0094537031
0.0093685176
0.010290741
0.010205555
0.01012037
0.010035184
0.010957407
0.010872222
0.010787036
0.010701851
0.011624074
0.011538889
0.011453703
0.011368518
0.012290741
0.012205555
0.01212037
0.012035184
0.012957407
0.012872222
0.012787036
0.012701851
0.013624074
0.013538889
0.013453703
0.013368518
0.014290741
0.014205555
0.01412037
0.014035184
0.014957407
0.014872222
0.014787036
0.014701851
0.015624074
0.015538889
0.015453703
0.015368518
0.016290741
0.016205555
0.01612037
0.016035184
0.016957407
0.016872222
0.016787036
0.016701851
0.017624074
0.017538889
0.017453703
0.017368518
0.0022907406
0.0022055552
0.0021203697
0.0020351843
0.0029574073
0.0028722218
0.0027870364
0.002701851
0.003624074
0.0035388885
0.0034537031
0.0033685176
0.0042907406
0.0042055552
0.0041203697
0.0040351843
0.0049574073
0.0048722218
0.0047870364
0.004701851
0.005624074
0.0055388885
0.0054537031
0.0053685176
0.0062907406
0.0062055552
0.0061203697
0.0060351843
0.0069574073
0.0068722218
0.0067870364
0.006701851
0.0076240739
0.0075388885
0.0074537031
0.0073685176
0.0082907406
0.0082055552
0.0081203697
0.0080351843
0.0089574073
0.0088722218
0.0087870364
0.008701851
0.0096240739
0.0095388885
0.0094537031
0.0093685176
0.010290741
0.010205555
0.01012037
0.010035184
0.010957407
0.010872222
0.010787036
0.010701851
0.011624074
0.011538889
0.011453703
0.011368518
0.012290741
0.012205555
0.01212037
0.012035184
0.012957407
0.012872222
0.012787036
0.012701851
0.013624074
0.013538889
0.013453703
0.013368518
0.014290741
0.014205555
0.01412037
0.014035184
0.014957407
0.014872222
0.014787036
0.014701851
0.015624074
0.015538889
0.015453703
0.015368518
0.016290741
0.016205555
0.01612037
0.016035184
0.016957407
0.016872222
0.016787036
0.016701851
0.017624074
0.017538889
0.017453703
0.017368518
0.0022907406
0.0022055552
0.0021203697
0.0020351843
0.0029574073
0.0028722218
0.0027870364
0.002701851
0.003624074
0.0035388885
0.0034537031
0.0033685176
0.0042907406
0.0042055552
0.0041203697
0.0040351843
0.0049574073
0.0048722218
0.0047870364
0.004701851
0.005624074
0.0055388885
0.0054537031
0.0053685176
0.0062907406
0.0062055552
0.0061203697
0.0060351843
0.0069574073
0.0068722218
0.0067870364
0.006701851
0.0076240739
0.0075388885
0.0074537031
0.0073685176
0.0082907406
0.0082055552
0.0081203697
0.0080351843
0.0089574073
0.0088722218
0.0087870364
0.008701851
0.0096240739
0.0095388885
0.0094537031
0.0093685176
0.010290741
0.010205555
0.01012037
0.010035184
0.010957407
0.010872222
0.010787036
0.010701851
0.011624074
0.011538889
0.011453703
0.011368518
0.012290741
0.012205555
0.01212037
0.012035184
0.012957407
0.012872222
0.012787036
0.012701851
0.013624074
0.013538889
0.013453703
0.013368518
0.014290741
0.014205555
0.01412037
0.014035184
0.014957407
0.014872222
0.014787036
0.014701851
0.015624074
0.015538889
0.015453703
0.015368518
0.016290741
0.016205555
0.01612037
0.016035184
0.016957407
0.016872222
0.016787036
0.016701851
0.017624074
0.017538889
0.017453703
0.017368518
0.0022907406
0.0022055552
0.0021203697
0.0020351843
0.0029574073
0.0028722218
0.0027870364
0.002701851
0.003624074
0.0035388885
0.0034537031
0.0033685176
0.0042907406
0.0042055552
0.0041203697
0.0040351843
0.0049574073
0.0048722218
0.0047870364
0.004701851
0.005624074
0.0055388885
0.0054537031
0.0053685176
0.0062907406
0.0062055552
0.0061203697
0.0060351843
0.0069574073
0.0068722218
0.0067870364
0.006701851
0.0076240739
0.0075388885
0.0074537031
0.0073685176
0.0082907406
0.0082055552
0.0081203697
0.0080351843
0.0089574073
0.0088722218
0.0087870364
0.008701851
0.0096240739
0.0095388885
0.0094537031
0.0093685176
0.010290741
0.010205555
0.01012037
0.010035184
0.010957407
0.010872222
0.010787036
0.010701851
0.011624074
0.011538889
0.011453703
0.011368518
0.012290741
0.012205555
0.01212037
0.012035184
0.012957407
0.012872222
0.012787036
0.012701851
0.013624074
0.013538889
0.013453703
0.013368518
0.014290741
0.014205555
0.01412037
0.014035184
0.014957407
0.014872222
0.014787036
0.014701851
0.015624074
0.015538889
0.015453703
0.015368518
0.016290741
0.016205555
0.01612037
0.016035184
0.016957407
0.016872222
0.016787036
0.016701851
0.017624074
0.017538889
0.017453703
0.017368518
0.0022907406
0.0022055552
0.0021203697
0.0020351843
0.0029574073
0.0028722218
0.0027870364
0.002701851
0.003624074
0.0035388885
0.0034537031
0.0033685176
0.0042907406
0.0042055552
0.0041203697
0.0040351843
0.0049574073
0.0048722218
0.0047870364
0.004701851
0.005624074
0.0055388885
0.0054537031
0.0053685176
0.0062907406
0.0062055552
0.0061203697
0.0060351843
0.0069574073
0.0068722218
0.0067870364
0.006701851
0.0076240739
0.0075388885
0.0074537031
0.0073685176
0.0082907406
0.0082055552
0.0081203697
0.0080351843
0.0089574073
0.0088722218
0.0087870364
0.008701851
0.0096240739
0.0095388885
0.0094537031
0.0093685176
0.010290741
0.010205555
0.01012037
0.010035184
0.010957407
0.010872222
0.010787036
0.010701851
0.011624074
0.011538889
0.011453703
0.011368518
0.012290741
0.012205555
0.01212037
0.012035184
0.012957407
0.012872222
0.012787036
0.012701851
0.013624074
0.013538889
0.013453703
0.013368518
0.014290741
0.014205555
0.01412037
0.014035184
0.014957407
0.014872222
0.014787036
0.014701851
0.015624074
0.015538889
0.015453703
0.015368518
0.016290741
0.016205555
0.01612037
0.016035184
0.016957407
0.016872222
0.016787036
0.016701851
0.017624074
0.017538889
0.017453703
0.017368518
0.0022907406
0.0022055552
0.0021203697
0.0020351843
0.0029574073
0.0028722218
0.0027870364
0.002701851
0.003624074
0.0035388885
0.0034537031
0.0033685176
0.0042907406
0.0042055552
0.0041203697
0.0040351843
0.0049574073
0.0048722218
0.0047870364
0.004701851
0.005624074
0.0055388885
0.0054537031
0.0053685176
0.0062907406
0.0062055552
0.0061203697
0.0060351843
0.0069574073
0.0068722218
0.0067870364
0.006701851
0.0076240739
0.0075388885
0.0074537031
0.0073685176
0.0082907406
0.0082055552
0.0081203697
0.0080351843
0.0089574073
0.0088722218
0.0087870364
0.008701851
0.0096240739
0.0095388885
0.0094537031
0.0093685176
0.010290741
0.010205555
0.01012037
0.010035184
0.010957407
0.010872222
0.010787036
0.010701851
0.011624074
0.011538889
0.011453703
0.011368518
0.012290741
0.012205555
0.01212037
0.012035184
0.012957407
0.012872222
0.012787036
0.012701851
0.013624074
0.013538889
0.013453703
0.013368518
0.014290741
0.014205555
0.01412037
0.014035184
0.014957407
0.014872222
0.014787036
0.014701851
0.015624074
0.015538889
0.015453703
0.015368518
0.016290741
0.016205555
0.01612037
0.016035184
0.016957407
0.016872222
0.016787036
0.016701851
0.017624074
0.017538889
0.017453703
0.017368518
0.0022907406
0.0022055552
0.0021203697
0.0020351843
0.0029574073
0.0028722218
0.0027870364
0.002701851
0.003624074
0.0035388885
0.0034537031
0.0033685176
0.0042907406
0.0042055552
0.0041203697
0.0040351843
0.0049574073
0.0048722218
0.0047870364
0.004701851
0.005624074
0.0055388885
0.0054537031
0.0053685176
0.0062907406
0.0062055552
0.0061203697
0.0060351843
0.0069574073
0.0068722218
0.0067870364
0.006701851
0.0076240739
0.0075388885
0.0074537031
0.0073685176
0.0082907406
0.0082055552
0.0081203697
0.0080351843
0.0089574073
0.0088722218
0.0087870364
0.008701851
0.0096240739
0.0095388885
0.0094537031
0.0093685176
0.010290741
0.010205555
0.01012037
0.010035184
0.010957407
0.010872222
0.010787036
0.010701851
0.011624074
0.011538889
0.011453703
0.011368518
0.012290741
0.012205555
0.01212037
0.012035184
0.012957407
0.012872222
0.012787036
0.012701851
0.013624074
0.013538889
0.013453703
0.013368518
0.014290741
0.014205555
0.01412037
0.014035184
0.014957407
0.014872222
0.014787036
0.014701851
0.015624074
0.015538889
0.015453703
0.015368518
0.016290741
0.016205555
0.01612037
0.016035184
0.016957407
0.016872222
0.016787036
0.016701851
0.017624074
0.017538889
0.017453703
0.017368518
0.0022907406
0.0022055552
0.0021203697
0.0020351843
0.0029574073
0.0028722218
0.0027870364
0.002701851
0.003624074
0.0035388885
0.0034537031
0.0033685176
0.0042907406
0.0042055552
0.0041203697
0.0040351843
0.0049574073
0.0048722218
0.0047870364
0.004701851
0.005624074
0.0055388885
0.0054537031
0.0053685176
0.0062907406
0.0062055552
0.0061203697
0.0060351843
0.0069574073
0.0068722218
0.0067870364
0.006701851
0.0076240739
0.0075388885
0.0074537031
0.0073685176
0.0082907406
0.0082055552
0.0081203697
0.0080351843
0.0089574073
0.0088722218
0.0087870364
0.008701851
0.0096240739
0.0095388885
0.0094537031
0.0093685176
0.010290741
0.010205555
0.01012037
0.010035184
0.010957407
0.010872222
0.010787036
0.010701851
0.011624074
0.011538889
0.011453703
0.011368518
0.012290741
0.012205555
0.01212037
0.012035184
0.012957407
0.012872222
0.012787036
0.012701851
0.013624074
0.013538889
0.013453703
0.013368518
0.014290741
0.014205555
0.01412037
0.014035184
0.014957407
0.014872222
0.014787036
0.014701851
0.015624074
0.015538889
0.015453703
0.015368518
0.016290741
0.016205555
0.01612037
0.016035184
0.016957407
0.016872222
0.016787036
0.016701851
0.017624074
0.017538889
0.017453703
0.017368518
0.0022907406
0.0022055552
0.0021203697
0.0020351843
0.0029574073
0.0028722218
0.0027870364
0.002701851
0.003624074
0.0035388885
0.0034537031
0.0033685176
0.0042907406
0.0042055552
0.0041203697
0.0040351843
0.0049574073
0.0048722218
0.0047870364
0.004701851
0.005624074
0.0055388885
0.0054537031
0.0053685176
0.0062907406
0.0062055552
0.0061203697
0.0060351843
0.0069574073
0.0068722218
0.0067870364
0.006701851
0.0076240739
0.0075388885
0.0074537031
0.0073685176
0.0082907406
0.0082055552
0.0081203697
0.0080351843
0.0089574073
0.0088722218
0.0087870364
0.008701851
0.0096240739
0.0095388885
0.0094537031
0.0093685176
0.010290741
0.010205555
0.01012037
0.010035184
0.010957407
0.010872222
0.010787036
0.010701851
0.011624074
0.011538889
0.011453703
0.011368518
0.012290741
0.012205555
0.01212037
0.012035184
0.012957407
0.012872222
0.012787036
0.012701851
0.013624074
0.013538889
0.013453703
0.013368518
0.014290741
0.014205555
0.01412037
0.014035184
0.014957407
0.014872222
0.014787036
0.014701851
0.015624074
0.015538889
0.015453703
0.015368518
0.016290741
0.016205555
0.01612037
0.016035184
0.016957407
0.016872222
0.016787036
0.016701851
0.017624074
0.017538889
0.017453703
0.017368518
0.0022907406
0.0022055552
0.0021203697
0.0020351843
0.0029574073
0.0028722218
0.0027870364
0.002701851
0.003624074
0.0035388885
0.0034537031
0.0033685176
0.0042907406
0.0042055552
0.0041203697
0.0040351843
0.0049574073
0.0048722218
0.0047870364
0.004701851
0.005624074
0.0055388885
0.0054537031
0.0053685176
0.0062907406
0.0062055552
0.0061203697
0.0060351843
0.0069574073
0.0068722218
0.0067870364
0.006701851
0.0076240739
0.0075388885
0.0074537031
0.0073685176
0.0082907406
0.0082055552
0.0081203697
0.0080351843
0.0089574073
0.0088722218
0.0087870364
0.008701851
0.0096240739
0.0095388885
0.0094537031
0.0093685176
0.010290741
0.010205555
0.01012037
0.010035184
0.010957407
0.010872222
0.010787036
0.010701851
0.011624074
0.011538889
0.011453703
0.011368518
0.012290741
0.012205555
0.01212037
0.012035184
0.012957407
0.012872222
0.012787036
0.012701851
0.013624074
0.013538889
0.013453703
0.013368518
0.014290741
0.014205555
0.01412037
0.014035184
0.014957407
0.014872222
0.014787036
0.014701851
0.015624074
0.015538889
0.015453703
0.015368518
0.016290741
0.016205555
0.01612037
0.016035184
0.016957407
0.016872222
0.016787036
0.016701851
0.017624074
0.017538889
0.017453703
0.017368518
0.0022907406
0.0022055552
0.0021203697
0.0020351843
0.0029574073
0.0028722218
0.0027870364
0.002701851
0.003624074
0.0035388885
0.0034537031
0.0033685176
0.0042907406
0.0042055552
0.0041203697
0.0040351843
0.0049574073
0.0048722218
0.0047870364
0.004701851
0.005624074
0.0055388885
0.0054537031
0.0053685176
0.0062907406
0.0062055552
0.0061203697
0.0060351843
0.0069574073
0.0068722218
0.0067870364
0.006701851
0.0076240739
0.0075388885
0.0074537031
0.0073685176
0.0082907406
0.0082055552
0.0081203697
0.0080351843
0.0089574073
0.0088722218
0.0087870364
0.008701851
0.0096240739
0.0095388885
0.0094537031
0.0093685176
0.010290741
0.010205555
0.01012037
0.010035184
0.010957407
0.010872222
0.010787036
0.010701851
0.011624074
0.011538889
0.011453703
0.011368518
0.012290741
0.012205555
0.01212037
0.012035184
0.012957407
0.012872222
0.012787036
0.012701851
0.013624074
0.013538889
0.013453703
0.013368518
0.014290741
0.014205555
0.01412037
0.014035184
0.014957407
0.014872222
0.014787036
0.014701851
0.015624074
0.015538889
0.015453703
0.015368518
0.016290741
0.016205555
0.01612037
0.016035184
0.016957407
0.016872222
0.016787036
0.016701851
0.017624074
0.017538889
0.017453703
0.017368518
0.0018677161
0.001617965
0.001368214
0.0011184629
0.0025343827
0.0022846317
0.0020348806
0.0017851296
0.0032010494
0.0029512983
0.0027015473
0.0024517962
0.0038677161
0.003617965
0.003368214
0.0031184629
0.0045343827
0.0042846317
0.0040348806
0.0037851296
0.0052010494
0.0049512983
0.0047015473
0.0044517962
0.0058677161
0.005617965
0.005368214
0.0051184629
0.0065343827
0.0062846317
0.0060348806
0.0057851296
0.0072010494
0.0069512983
0.0067015473
0.0064517962
0.0078677161
0.007617965
0.007368214
0.0071184629
0.0085343827
0.0082846317
0.0080348806
0.0077851296
0.0092010494
0.0089512983
0.0087015473
0.0084517962
0.0098677161
0.009617965
0.009368214
0.0091184629
0.010534383
0.010284632
0.010034881
0.0097851296
0.011201049
0.010951298
0.010701547
0.010451796
0.011867716
0.011617965
0.011368214
0.011118463
0.012534383
0.012284632
0.012034881
0.01178513
0.013201049
0.012951298
0.012701547
0.012451796
0.013867716
0.013617965
0.013368214
0.013118463
0.014534383
0.014284632
0.014034881
0.01378513
0.015201049
0.014951298
0.014701547
0.014451796
0.015867716
0.015617965
0.015368214
0.015118463
0.016534383
0.016284632
0.016034881
0.01578513
0.017201049
0.016951298
0.016701547
0.016451796
0.0018677161
0.001617965
0.001368214
0.0011184629
0.0025343827
0.0022846317
0.0020348806
0.0017851296
0.0032010494
0.0029512983
0.0027015473
0.0024517962
0.0038677161
0.003617965
0.003368214
0.0031184629
0.0045343827
0.0042846317
0.0040348806
0.0037851296
0.0052010494
0.0049512983
0.0047015473
0.0044517962
0.0058677161
0.005617965
0.005368214
0.0051184629
0.0065343827
0.0062846317
0.0060348806
0.0057851296
0.0072010494
0.0069512983
0.0067015473
0.0064517962
0.0078677161
0.007617965
0.007368214
0.0071184629
0.0085343827
0.0082846317
0.0080348806
0.0077851296
0.0092010494
0.0089512983
0.0087015473
0.0084517962
0.0098677161
0.009617965
0.009368214
0.0091184629
0.010534383
0.010284632
0.010034881
0.0097851296
0.011201049
0.010951298
0.010701547
0.010451796
0.011867716
0.011617965
0.011368214
0.011118463
0.012534383
0.012284632
0.012034881
0.01178513
0.013201049
0.012951298
0.012701547
0.012451796
0.013867716
0.013617965
0.013368214
0.013118463
0.014534383
0.014284632
0.014034881
0.01378513
0.015201049
0.014951298
0.014701547
0.014451796
0.015867716
0.015617965
0.015368214
0.015118463
0.016534383
0.016284632
0.016034881
0.01578513
0.017201049
0.016951298
0.016701547
0.016451796
0.0018677161
0.001617965
0.001368214
0.0011184629
0.0025343827
0.0022846317
0.0020348806
0.0017851296
0.0032010494
0.0029512983
0.0027015473
0.0024517962
0.0038677161
0.003617965
0.003368214
0.0031184629
0.0045343827
0.0042846317
0.0040348806
0.0037851296
0.0052010494
0.0049512983
0.0047015473
0.0044517962
0.0058677161
0.005617965
0.005368214
0.0051184629
0.0065343827
0.0062846317
0.0060348806
0.0057851296
0.0072010494
0.0069512983
0.0067015473
0.0064517962
0.0078677161
0.007617965
0.007368214
0.0071184629
0.0085343827
0.0082846317
0.0080348806
0.0077851296
0.0092010494
0.0089512983
0.0087015473
0.0084517962
0.0098677161
0.009617965
0.009368214
0.0091184629
0.010534383
0.010284632
0.010034881
0.0097851296
0.011201049
0.010951298
0.010701547
0.010451796
0.011867716
0.011617965
0.011368214
0.011118463
0.012534383
0.012284632
0.012034881
0.01178513
0.013201049
0.012951298
0.012701547
0.012451796
0.013867716
0.013617965
0.013368214
0.013118463
0.014534383
0.014284632
0.014034881
0.01378513
0.015201049
0.014951298
0.014701547
0.014451796
0.015867716
0.015617965
0.015368214
0.015118463
0.016534383
0.016284632
0.016034881
0.01578513
0.017201049
0.016951298
0.016701547
0.016451796
0.0018677161
0.001617965
0.001368214
0.0011184629
0.0025343827
0.0022846317
0.0020348806
0.0017851296
0.0032010494
0.0029512983
0.0027015473
0.0024517962
0.0038677161
0.003617965
0.003368214
0.0031184629
0.0045343827
0.0042846317
0.0040348806
0.0037851296
0.0052010494
0.0049512983
0.0047015473
0.0044517962
0.0058677161
0.005617965
0.005368214
0.0051184629
0.0065343827
0.0062846317
0.0060348806
0.0057851296
0.0072010494
0.0069512983
0.0067015473
0.0064517962
0.0078677161
0.007617965
0.007368214
0.0071184629
0.0085343827
0.0082846317
0.0080348806
0.0077851296
0.0092010494
0.0089512983
0.0087015473
0.0084517962
0.0098677161
0.009617965
0.009368214
0.0091184629
0.010534383
0.010284632
0.010034881
0.0097851296
0.011201049
0.010951298
0.010701547
0.010451796
0.011867716
0.011617965
0.011368214
0.011118463
0.012534383
0.012284632
0.012034881
0.01178513
0.013201049
0.012951298
0.012701547
0.012451796
0.013867716
0.013617965
0.013368214
0.013118463
0.014534383
0.014284632
0.014034881
0.01378513
0.015201049
0.014951298
0.014701547
0.014451796
0.015867716
0.015617965
0.015368214
0.015118463
0.016534383
0.016284632
0.016034881
0.01578513
0.017201049
0.016951298
0.016701547
0.016451796
0.0018677161
0.001617965
0.001368214
0.0011184629
0.0025343827
0.0022846317
0.0020348806
0.0017851296
0.0032010494
0.0029512983
0.0027015473
0.0024517962
0.0038677161
0.003617965
0.003368214
0.0031184629
0.0045343827
0.0042846317
0.0040348806
0.0037851296
0.0052010494
0.0049512983
0.0047015473
0.0044517962
0.0058677161
0.005617965
0.005368214
0.0051184629
0.0065343827
0.0062846317
0.0060348806
0.0057851296
0.0072010494
0.0069512983
0.0067015473
0.0064517962
0.0078677161
0.007617965
0.007368214
0.0071184629
0.0085343827
0.0082846317
0.0080348806
0.0077851296
0.0092010494
0.0089512983
0.0087015473
0.0084517962
0.0098677161
0.009617965
0.009368214
0.0091184629
0.010534383
0.010284632
0.010034881
0.0097851296
0.011201049
0.010951298
0.010701547
0.010451796
0.011867716
0.011617965
0.011368214
0.011118463
0.012534383
0.012284632
0.012034881
0.01178513
0.013201049
0.012951298
0.012701547
0.012451796
0.013867716
0.013617965
0.013368214
0.013118463
0.014534383
0.014284632
0.014034881
0.01378513
0.015201049
0.014951298
0.014701547
0.014451796
0.015867716
0.015617965
0.015368214
0.015118463
0.016534383
0.016284632
0.016034881
0.01578513
0.017201049
0.016951298
0.016701547
0.016451796
0.0018677161
0.001617965
0.001368214
0.0011184629
0.0025343827
0.0022846317
0.0020348806
0.0017851296
0.0032010494
0.0029512983
0.0027015473
0.0024517962
0.0038677161
0.003617965
0.003368214
0.0031184629
0.0045343827
0.0042846317
0.0040348806
0.0037851296
0.0052010494
0.0049512983
0.0047015473
0.0044517962
0.0058677161
0.005617965
0.005368214
0.0051184629
0.0065343827
0.0062846317
0.0060348806
0.0057851296
0.0072010494
0.0069512983
0.0067015473
0.0064517962
0.0078677161
0.007617965
0.007368214
0.0071184629
0.0085343827
0.0082846317
0.0080348806
0.0077851296
0.0092010494
0.0089512983
0.0087015473
0.0084517962
0.0098677161
0.009617965
0.009368214
0.0091184629
0.010534383
0.010284632
0.010034881
0.0097851296
0.011201049
0.010951298
0.010701547
0.010451796
0.011867716
0.011617965
0.011368214
0.011118463
0.012534383
0.012284632
0.012034881
0.01178513
0.013201049
0.012951298
0.012701547
0.012451796
0.013867716
0.013617965
0.013368214
0.013118463
0.014534383
0.014284632
0.014034881
0.01378513
0.015201049
0.014951298
0.014701547
0.014451796
0.015867716
0.015617965
0.015368214
0.015118463
0.016534383
0.016284632
0.016034881
0.01578513
0.017201049
0.016951298
0.016701547
0.016451796
0.0018677161
0.001617965
0.001368214
0.0011184629
0.0025343827
0.0022846317
0.0020348806
0.0017851296
0.0032010494
0.0029512983
0.0027015473
0.0024517962
0.0038677161
0.003617965
0.003368214
0.0031184629
0.0045343827
0.0042846317
0.0040348806
0.0037851296
0.0052010494
0.0049512983
0.0047015473
0.0044517962
0.0058677161
0.005617965
0.005368214
0.0051184629
0.0065343827
0.0062846317
0.0060348806
0.0057851296
0.0072010494
0.0069512983
0.0067015473
0.0064517962
0.0078677161
0.007617965
0.007368214
0.0071184629
0.0085343827
0.0082846317
0.0080348806
0.0077851296
0.0092010494
0.0089512983
0.0087015473
0.0084517962
0.0098677161
0.009617965
0.009368214
0.0091184629
0.010534383
0.010284632
0.010034881
0.0097851296
0.011201049
0.010951298
0.010701547
0.010451796
0.011867716
0.011617965
0.011368214
0.011118463
0.012534383
0.012284632
0.012034881
0.01178513
0.013201049
0.012951298
0.012701547
0.012451796
0.013867716
0.013617965
0.013368214
0.013118463
0.014534383
0.014284632
0.014034881
0.01378513
0.015201049
0.014951298
0.014701547
0.014451796
0.015867716
0.015617965
0.015368214
0.015118463
0.016534383
0.016284632
0.016034881
0.01578513
0.017201049
0.016951298
0.016701547
0.016451796
0.0018677161
0.001617965
0.001368214
0.0011184629
0.0025343827
0.0022846317
0.0020348806
0.0017851296
0.0032010494
0.0029512983
0.0027015473
0.0024517962
0.0038677161
0.003617965
0.003368214
0.0031184629
0.0045343827
0.0042846317
0.0040348806
0.0037851296
0.0052010494
0.0049512983
0.0047015473
0.0044517962
0.0058677161
0.005617965
0.005368214
0.0051184629
0.0065343827
0.0062846317
0.0060348806
0.0057851296
0.0072010494
0.0069512983
0.0067015473
0.0064517962
0.0078677161
0.007617965
0.007368214
0.0071184629
0.0085343827
0.0082846317
0.0080348806
0.0077851296
0.0092010494
0.0089512983
0.0087015473
0.0084517962
0.0098677161
0.009617965
0.009368214
0.0091184629
0.010534383
0.010284632
0.010034881
0.0097851296
0.011201049
0.010951298
0.010701547
0.010451796
0.011867716
0.011617965
0.011368214
0.011118463
0.012534383
0.012284632
0.012034881
0.01178513
0.013201049
0.012951298
0.012701547
0.012451796
0.013867716
0.013617965
0.013368214
0.013118463
0.014534383
0.014284632
0.014034881
0.01378513
0.015201049
0.014951298
0.014701547
0.014451796
0.015867716
0.015617965
0.015368214
0.015118463
0.016534383
0.016284632
0.016034881
0.01578513
0.017201049
0.016951298
0.016701547
0.016451796
0.0018677161
0.001617965
0.001368214
0.0011184629
0.0025343827
0.0022846317
0.0020348806
0.0017851296
0.0032010494
0.0029512983
0.0027015473
0.0024517962
0.0038677161
0.003617965
0.003368214
0.0031184629
0.0045343827
0.0042846317
0.0040348806
0.0037851296
0.0052010494
0.0049512983
0.0047015473
0.0044517962
0.0058677161
0.005617965
0.005368214
0.0051184629
0.0065343827
0.0062846317
0.0060348806
0.0057851296
0.0072010494
0.0069512983
0.0067015473
0.0064517962
0.0078677161
0.007617965
0.007368214
0.0071184629
0.0085343827
0.0082846317
0.0080348806
0.0077851296
0.0092010494
0.0089512983
0.0087015473
0.0084517962
0.0098677161
0.009617965
0.009368214
0.0091184629
0.010534383
0.010284632
0.010034881
0.0097851296
0.011201049
0.010951298
0.010701547
0.010451796
0.011867716
0.011617965
0.011368214
0.011118463
0.012534383
0.012284632
0.012034881
0.01178513
0.013201049
0.012951298
0.012701547
0.012451796
0.013867716
0.013617965
0.013368214
0.013118463
0.014534383
0.014284632
0.014034881
0.01378513
0.015201049
0.014951298
0.014701547
0.014451796
0.015867716
0.015617965
0.015368214
0.015118463
0.016534383
0.016284632
0.016034881
0.01578513
0.017201049
0.016951298
0.016701547
0.016451796
0.0018677161
0.001617965
0.001368214
0.0011184629
0.0025343827
0.0022846317
0.0020348806
0.0017851296
0.0032010494
0.0029512983
0.0027015473
0.0024517962
0.0038677161
0.003617965
0.003368214
0.0031184629
0.0045343827
0.0042846317
0.0040348806
0.0037851296
0.0052010494
0.0049512983
0.0047015473
0.0044517962
0.0058677161
0.005617965
0.005368214
0.0051184629
0.0065343827
0.0062846317
0.0060348806
0.0057851296
0.0072010494
0.0069512983
0.0067015473
0.0064517962
0.0078677161
0.007617965
0.007368214
0.0071184629
0.0085343827
0.0082846317
0.0080348806
0.0077851296
0.0092010494
0.0089512983
0.0087015473
0.0084517962
0.0098677161
0.009617965
0.009368214
0.0091184629
0.010534383
0.010284632
0.010034881
0.0097851296
0.011201049
0.010951298
0.010701547
0.010451796
0.011867716
0.011617965
0.011368214
0.011118463
0.012534383
0.012284632
0.012034881
0.01178513
0.013201049
0.012951298
0.012701547
0.012451796
0.013867716
0.013617965
0.013368214
0.013118463
0.014534383
0.014284632
0.014034881
0.01378513
0.015201049
0.014951298
0.014701547
0.014451796
0.015867716
0.015617965
0.015368214
0.015118463
0.016534383
0.016284632
0.016034881
0.01578513
0.017201049
0.016951298
0.016701547
0.016451796
0.0018677161
0.001617965
0.001368214
0.0011184629
0.0025343827
0.0022846317
0.0020348806
0.0017851296
0.0032010494
0.0029512984
0.0027015473
0.0024517962
0.0038677161
0.003617965
0.003368214
0.0031184629
0.0045343827
0.0042846317
0.0040348806
0.0037851296
0.0052010494
0.0049512984
0.0047015473
0.0044517962
0.0058677161
0.005617965
0.005368214
0.0051184629
0.0065343827
0.0062846317
0.0060348806
0.0057851296
0.0072010494
0.0069512983
0.0067015473
0.0064517962
0.0078677161
0.007617965
0.007368214
0.0071184629
0.0085343827
0.0082846317
0.0080348806
0.0077851296
0.0092010494
0.0089512983
0.0087015473
0.0084517962
0.0098677161
0.009617965
0.009368214
0.0091184629
0.010534383
0.010284632
0.010034881
0.0097851296
0.011201049
0.010951298
0.010701547
0.010451796
0.011867716
0.011617965
0.011368214
0.011118463
0.012534383
0.012284632
0.012034881
0.01178513
0.013201049
0.012951298
0.012701547
0.012451796
0.013867716
0.013617965
0.013368214
0.013118463
0.014534383
0.014284632
0.014034881
0.01378513
0.015201049
0.014951298
0.014701547
0.014451796
0.015867716
0.015617965
0.015368214
0.015118463
0.016534383
0.016284632
0.016034881
0.01578513
0.017201049
0.016951298
0.016701547
0.016451796
0.0018677161
0.001617965
0.001368214
0.0011184629
0.0025343827
0.0022846317
0.0020348806
0.0017851296
0.0032010494
0.0029512983
0.0027015473
0.0024517962
0.0038677161
0.003617965
0.003368214
0.0031184629
0.0045343827
0.0042846317
0.0040348806
0.0037851296
0.0052010494
0.0049512983
0.0047015473
0.0044517962
0.0058677161
0.005617965
0.005368214
0.0051184629
0.0065343827
0.0062846317
0.0060348806
0.0057851296
0.0072010494
0.0069512983
0.0067015473
0.0064517962
0.0078677161
0.007617965
0.007368214
0.0071184629
0.0085343827
0.0082846317
0.0080348806
0.0077851296
0.0092010494
0.0089512983
0.0087015473
0.0084517962
0.0098677161
0.009617965
0.009368214
0.0091184629
0.010534383
0.010284632
0.010034881
0.0097851296
0.011201049
0.010951298
0.010701547
0.010451796
0.011867716
0.011617965
0.011368214
0.011118463
0.012534383
0.012284632
0.012034881
0.01178513
0.013201049
0.012951298
0.012701547
0.012451796
0.013867716
0.013617965
0.013368214
0.013118463
0.014534383
0.014284632
0.014034881
0.01378513
0.015201049
0.014951298
0.014701547
0.014451796
0.015867716
0.015617965
0.015368214
0.015118463
0.016534383
0.016284632
0.016034881
0.01578513
0.017201049
0.016951298
0.016701547
0.016451796
0.0018677161
0.001617965
0.001368214
0.0011184629
0.0025343827
0.0022846317
0.0020348806
0.0017851296
0.0032010494
0.0029512983
0.0027015473
0.0024517962
0.0038677161
0.003617965
0.003368214
0.0031184629
0.0045343827
0.0042846317
0.0040348806
0.0037851296
0.0052010494
0.0049512983
0.0047015473
0.0044517962
0.0058677161
0.005617965
0.005368214
0.0051184629
0.0065343827
0.0062846317
0.0060348806
0.0057851296
0.0072010494
0.0069512983
0.0067015473
0.0064517962
0.0078677161
0.007617965
0.007368214
0.0071184629
0.0085343827
0.0082846317
0.0080348806
0.0077851296
0.0092010494
0.0089512983
0.0087015473
0.0084517962
0.0098677161
0.009617965
0.009368214
0.0091184629
0.010534383
0.010284632
0.010034881
0.0097851296
0.011201049
0.010951298
0.010701547
0.010451796
0.011867716
0.011617965
0.011368214
0.011118463
0.012534383
0.012284632
0.012034881
0.01178513
0.013201049
0.012951298
0.012701547
0.012451796
0.013867716
0.013617965
0.013368214
0.013118463
0.014534383
0.014284632
0.014034881
0.01378513
0.015201049
0.014951298
0.014701547
0.014451796
0.015867716
0.015617965
0.015368214
0.015118463
0.016534383
0.016284632
0.016034881
0.01578513
0.017201049
0.016951298
0.016701547
0.016451796
0.0018677161
0.001617965
0.001368214
0.0011184629
0.0025343828
0.0022846317
0.0020348806
0.0017851296
0.0032010494
0.0029512984
0.0027015473
0.0024517962
0.0038677161
0.003617965
0.003368214
0.0031184629
0.0045343827
0.0042846317
0.0040348806
0.0037851296
0.0052010494
0.0049512984
0.0047015473
0.0044517962
0.0058677161
0.005617965
0.005368214
0.0051184629
0.0065343827
0.0062846317
0.0060348806
0.0057851296
0.0072010494
0.0069512983
0.0067015473
0.0064517962
0.0078677161
0.007617965
0.007368214
0.0071184629
0.0085343827
0.0082846317
0.0080348806
0.0077851296
0.0092010494
0.0089512983
0.0087015473
0.0084517962
0.0098677161
0.009617965
0.009368214
0.0091184629
0.010534383
0.010284632
0.010034881
0.0097851296
0.011201049
0.010951298
0.010701547
0.010451796
0.011867716
0.011617965
0.011368214
0.011118463
0.012534383
0.012284632
0.012034881
0.01178513
0.013201049
0.012951298
0.012701547
0.012451796
0.013867716
0.013617965
0.013368214
0.013118463
0.014534383
0.014284632
0.014034881
0.01378513
0.015201049
0.014951298
0.014701547
0.014451796
0.015867716
0.015617965
0.015368214
0.015118463
0.016534383
0.016284632
0.016034881
0.01578513
0.017201049
0.016951298
0.016701547
0.016451796
0.0018677161
0.001617965
0.001368214
0.0011184629
0.0025343828
0.0022846317
0.0020348806
0.0017851296
0.0032010494
0.0029512984
0.0027015473
0.0024517962
0.0038677161
0.003617965
0.003368214
0.0031184629
0.0045343827
0.0042846317
0.0040348806
0.0037851296
0.0052010494
0.0049512984
0.0047015473
0.0044517962
0.0058677161
0.005617965
0.005368214
0.0051184629
0.0065343827
0.0062846317
0.0060348806
0.0057851296
0.0072010494
0.0069512983
0.0067015473
0.0064517962
0.0078677161
0.007617965
0.007368214
0.0071184629
0.0085343827
0.0082846317
0.0080348806
0.0077851296
0.0092010494
0.0089512983
0.0087015473
0.0084517962
0.0098677161
0.009617965
0.009368214
0.0091184629
0.010534383
0.010284632
0.010034881
0.0097851296
0.011201049
0.010951298
0.010701547
0.010451796
0.011867716
0.011617965
0.011368214
0.011118463
0.012534383
0.012284632
0.012034881
0.01178513
0.013201049
0.012951298
0.012701547
0.012451796
0.013867716
0.013617965
0.013368214
0.013118463
0.014534383
0.014284632
0.014034881
0.01378513
0.015201049
0.014951298
0.014701547
0.014451796
0.015867716
0.015617965
0.015368214
0.015118463
0.016534383
0.016284632
0.016034881
0.01578513
0.017201049
0.016951298
0.016701547
0.016451796
0.0018677161
0.001617965
0.001368214
0.0011184629
0.0025343828
0.0022846317
0.0020348806
0.0017851296
0.0032010494
0.0029512984
0.0027015473
0.0024517962
0.0038677161
0.003617965
0.003368214
0.0031184629
0.0045343828
0.0042846317
0.0040348806
0.0037851296
0.0052010494
0.0049512984
0.0047015473
0.0044517962
0.0058677161
0.005617965
0.005368214
0.0051184629
0.0065343827
0.0062846317
0.0060348806
0.0057851296
0.0072010494
0.0069512984
0.0067015473
0.0064517962
0.0078677161
0.007617965
0.007368214
0.0071184629
0.0085343827
0.0082846317
0.0080348806
0.0077851296
0.0092010494
0.0089512984
0.0087015473
0.0084517962
0.0098677161
0.009617965
0.009368214
0.0091184629
0.010534383
0.010284632
0.010034881
0.0097851296
0.011201049
0.010951298
0.010701547
0.010451796
0.011867716
0.011617965
0.011368214
0.011118463
0.012534383
0.012284632
0.012034881
0.01178513
0.013201049
0.012951298
0.012701547
0.012451796
0.013867716
0.013617965
0.013368214
0.013118463
0.014534383
0.014284632
0.014034881
0.01378513
0.015201049
0.014951298
0.014701547
0.014451796
0.015867716
0.015617965
0.015368214
0.015118463
0.016534383
0.016284632
0.016034881
0.01578513
0.017201049
0.016951298
0.016701547
0.016451796
0.0018677161
0.001617965
0.001368214
0.0011184629
0.0025343828
0.0022846317
0.0020348806
0.0017851296
0.0032010494
0.0029512984
0.0027015473
0.0024517962
0.0038677161
0.003617965
0.003368214
0.0031184629
0.0045343828
0.0042846317
0.0040348806
0.0037851296
0.0052010494
0.0049512984
0.0047015473
0.0044517962
0.0058677161
0.005617965
0.005368214
0.0051184629
0.0065343827
0.0062846317
0.0060348806
0.0057851296
0.0072010494
0.0069512983
0.0067015473
0.0064517962
0.0078677161
0.007617965
0.007368214
0.0071184629
0.0085343827
0.0082846317
0.0080348806
0.0077851296
0.0092010494
0.0089512983
0.0087015473
0.0084517962
0.0098677161
0.009617965
0.009368214
0.0091184629
0.010534383
0.010284632
0.010034881
0.0097851296
0.011201049
0.010951298
0.010701547
0.010451796
0.011867716
0.011617965
0.011368214
0.011118463
0.012534383
0.012284632
0.012034881
0.01178513
0.013201049
0.012951298
0.012701547
0.012451796
0.013867716
0.013617965
0.013368214
0.013118463
0.014534383
0.014284632
0.014034881
0.01378513
0.015201049
0.014951298
0.014701547
0.014451796
0.015867716
0.015617965
0.015368214
0.015118463
0.016534383
0.016284632
0.016034881
0.01578513
0.017201049
0.016951298
0.016701547
0.016451796
0.0018677161
0.001617965
0.001368214
0.0011184629
0.0025343828
0.0022846317
0.0020348806
0.0017851295
0.0032010494
0.0029512984
0.0027015473
0.0024517962
0.0038677161
0.003617965
0.003368214
0.0031184629
0.0045343828
0.0042846317
0.0040348806
0.0037851296
0.0052010494
0.0049512984
0.0047015473
0.0044517962
0.0058677161
0.005617965
0.005368214
0.0051184629
0.0065343828
0.0062846317
0.0060348806
0.0057851296
0.0072010494
0.0069512984
0.0067015473
0.0064517962
0.0078677161
0.007617965
0.007368214
0.0071184629
0.0085343827
0.0082846317
0.0080348806
0.0077851296
0.0092010494
0.0089512984
0.0087015473
0.0084517962
0.0098677161
0.009617965
0.009368214
0.0091184629
0.010534383
0.010284632
0.010034881
0.0097851296
0.011201049
0.010951298
0.010701547
0.010451796
0.011867716
0.011617965
0.011368214
0.011118463
0.012534383
0.012284632
0.012034881
0.01178513
0.013201049
0.012951298
0.012701547
0.012451796
0.013867716
0.013617965
0.013368214
0.013118463
0.014534383
0.014284632
0.014034881
0.01378513
0.015201049
0.014951298
0.014701547
0.014451796
0.015867716
0.015617965
0.015368214
0.015118463
0.016534383
0.016284632
0.016034881
0.01578513
0.017201049
0.016951298
0.016701547
0.016451796
0.0018677161
0.001617965
0.001368214
0.0011184629
0.0025343828
0.0022846317
0.0020348806
0.0017851295
0.0032010494
0.0029512984
0.0027015473
0.0024517962
0.0038677161
0.003617965
0.003368214
0.0031184629
0.0045343828
0.0042846317
0.0040348806
0.0037851295
0.0052010494
0.0049512984
0.0047015473
0.0044517962
0.0058677161
0.005617965
0.005368214
0.0051184629
0.0065343828
0.0062846317
0.0060348806
0.0057851296
0.0072010494
0.0069512984
0.0067015473
0.0064517962
0.0078677161
0.007617965
0.007368214
0.0071184629
0.0085343828
0.0082846317
0.0080348806
0.0077851295
0.0092010494
0.0089512984
0.0087015473
0.0084517962
0.0098677161
0.009617965
0.009368214
0.0091184629
0.010534383
0.010284632
0.010034881
0.0097851296
0.011201049
0.010951298
0.010701547
0.010451796
0.011867716
0.011617965
0.011368214
0.011118463
0.012534383
0.012284632
0.012034881
0.01178513
0.013201049
0.012951298
0.012701547
0.012451796
0.013867716
0.013617965
0.013368214
0.013118463
0.014534383
0.014284632
0.014034881
0.01378513
0.015201049
0.014951298
0.014701547
0.014451796
0.015867716
0.015617965
0.015368214
0.015118463
0.016534383
0.016284632
0.016034881
0.01578513
0.017201049
0.016951298
0.016701547
0.016451796
0.0018677161
0.001617965
0.0013682139
0.0011184629
0.0025343828
0.0022846317
0.0020348806
0.0017851295
0.0032010494
0.0029512984
0.0027015473
0.0024517962
0.0038677161
0.003617965
0.0033682139
0.0031184629
0.0045343828
0.0042846317
0.0040348806
0.0037851296
0.0052010494
0.0049512984
0.0047015473
0.0044517962
0.0058677161
0.005617965
0.0053682139
0.0051184629
0.0065343828
0.0062846317
0.0060348806
0.0057851296
0.0072010494
0.0069512984
0.0067015473
0.0064517962
0.0078677161
0.007617965
0.0073682139
0.0071184629
0.0085343828
0.0082846317
0.0080348806
0.0077851296
0.0092010494
0.0089512984
0.0087015473
0.0084517962
0.0098677161
0.009617965
0.009368214
0.0091184629
0.010534383
0.010284632
0.010034881
0.0097851296
0.011201049
0.010951298
0.010701547
0.010451796
0.011867716
0.011617965
0.011368214
0.011118463
0.012534383
0.012284632
0.012034881
0.01178513
0.013201049
0.012951298
0.012701547
0.012451796
0.013867716
0.013617965
0.013368214
0.013118463
0.014534383
0.014284632
0.014034881
0.01378513
0.015201049
0.014951298
0.014701547
0.014451796
0.015867716
0.015617965
0.015368214
0.015118463
0.016534383
0.016284632
0.016034881
0.01578513
0.017201049
0.016951298
0.016701547
0.016451796
0.0018677161
0.001617965
0.0013682139
0.0011184629
0.0025343828
0.0022846317
0.0020348806
0.0017851295
0.0032010494
0.0029512984
0.0027015473
0.0024517962
0.0038677161
0.003617965
0.0033682139
0.0031184629
0.0045343828
0.0042846317
0.0040348806
0.0037851295
0.0052010494
0.0049512984
0.0047015473
0.0044517962
0.0058677161
0.005617965
0.0053682139
0.0051184629
0.0065343828
0.0062846317
0.0060348806
0.0057851295
0.0072010494
0.0069512984
0.0067015473
0.0064517962
0.0078677161
0.007617965
0.0073682139
0.0071184629
0.0085343828
0.0082846317
0.0080348806
0.0077851295
0.0092010494
0.0089512984
0.0087015473
0.0084517962
0.0098677161
0.009617965
0.009368214
0.0091184629
0.010534383
0.010284632
0.010034881
0.0097851296
0.011201049
0.010951298
0.010701547
0.010451796
0.011867716
0.011617965
0.011368214
0.011118463
0.012534383
0.012284632
0.012034881
0.01178513
0.013201049
0.012951298
0.012701547
0.012451796
0.013867716
0.013617965
0.013368214
0.013118463
0.014534383
0.014284632
0.014034881
0.01378513
0.015201049
0.014951298
0.014701547
0.014451796
0.015867716
0.015617965
0.015368214
0.015118463
0.016534383
0.016284632
0.016034881
0.01578513
0.017201049
0.016951298
0.016701547
0.016451796
0.0018677161
0.001617965
0.0013682139
0.0011184629
0.0025343828
0.0022846317
0.0020348806
0.0017851295
0.0032010494
0.0029512984
0.0027015473
0.0024517962
0.0038677161
0.003617965
0.0033682139
0.0031184629
0.0045343828
0.0042846317
0.0040348806
0.0037851295
0.0052010494
0.0049512984
0.0047015473
0.0044517962
0.0058677161
0.005617965
0.0053682139
0.0051184629
0.0065343828
0.0062846317
0.0060348806
0.0057851295
0.0072010494
0.0069512984
0.0067015473
0.0064517962
0.0078677161
0.007617965
0.0073682139
0.0071184629
0.0085343828
0.0082846317
0.0080348806
0.0077851295
0.0092010494
0.0089512984
0.0087015473
0.0084517962
0.0098677161
0.009617965
0.0093682139
0.0091184629
0.010534383
0.010284632
0.010034881
0.0097851296
0.011201049
0.010951298
0.010701547
0.010451796
0.011867716
0.011617965
0.011368214
0.011118463
0.012534383
0.012284632
0.012034881
0.01178513
0.013201049
0.012951298
0.012701547
0.012451796
0.013867716
0.013617965
0.013368214
0.013118463
0.014534383
0.014284632
0.014034881
0.01378513
0.015201049
0.014951298
0.014701547
0.014451796
0.015867716
0.015617965
0.015368214
0.015118463
0.016534383
0.016284632
0.016034881
0.01578513
0.017201049
0.016951298
0.016701547
0.016451796
0.0018677161
0.001617965
0.0013682139
0.0011184629
0.0025343828
0.0022846317
0.0020348806
0.0017851295
0.0032010494
0.0029512984
0.0027015473
0.0024517962
0.0038677161
0.003617965
0.0033682139
0.0031184629
0.0045343828
0.0042846317
0.0040348806
0.0037851295
0.0052010494
0.0049512984
0.0047015473
0.0044517962
0.0058677161
0.005617965
0.0053682139
0.0051184629
0.0065343828
0.0062846317
0.0060348806
0.0057851295
0.0072010494
0.0069512984
0.0067015473
0.0064517962
0.0078677161
0.007617965
0.0073682139
0.0071184629
0.0085343828
0.0082846317
0.0080348806
0.0077851295
0.0092010494
0.0089512984
0.0087015473
0.0084517962
0.0098677161
0.009617965
0.009368214
0.0091184629
0.010534383
0.010284632
0.010034881
0.0097851295
0.011201049
0.010951298
0.010701547
0.010451796
0.011867716
0.011617965
0.011368214
0.011118463
0.012534383
0.012284632
0.012034881
0.01178513
0.013201049
0.012951298
0.012701547
0.012451796
0.013867716
0.013617965
0.013368214
0.013118463
0.014534383
0.014284632
0.014034881
0.01378513
0.015201049
0.014951298
0.014701547
0.014451796
0.015867716
0.015617965
0.015368214
0.015118463
0.016534383
0.016284632
0.016034881
0.01578513
0.017201049
0.016951298
0.016701547
0.016451796
0.0018677161
0.001617965
0.0013682139
0.0011184629
0.0025343828
0.0022846317
0.0020348806
0.0017851295
0.0032010494
0.0029512984
0.0027015473
0.0024517962
0.0038677161
0.003617965
0.0033682139
0.0031184629
0.0045343828
0.0042846317
0.0040348806
0.0037851295
0.0052010494
0.0049512984
0.0047015473
0.0044517962
0.0058677161
0.005617965
0.0053682139
0.0051184629
0.0065343828
0.0062846317
0.0060348806
0.0057851295
0.0072010494
0.0069512984
0.0067015473
0.0064517962
0.0078677161
0.007617965
0.0073682139
0.0071184629
0.0085343828
0.0082846317
0.0080348806
0.0077851295
0.0092010494
0.0089512984
0.0087015473
0.0084517962
0.0098677161
0.009617965
0.0093682139
0.0091184629
0.010534383
0.010284632
0.010034881
0.0097851295
0.011201049
0.010951298
0.010701547
0.010451796
0.011867716
0.011617965
0.011368214
0.011118463
0.012534383
0.012284632
0.012034881
0.01178513
0.013201049
0.012951298
0.012701547
0.012451796
0.013867716
0.013617965
0.013368214
0.013118463
0.014534383
0.014284632
0.014034881
0.01378513
0.015201049
0.014951298
0.014701547
0.014451796
0.015867716
0.015617965
0.015368214
0.015118463
0.016534383
0.016284632
0.016034881
0.01578513
0.017201049
0.016951298
0.016701547
0.016451796
0.00079493914
0.00039764255
3.4596284e-07
-0.00039695063
0.0014616058
0.0010643092
0.00066701263
0.00026971604
0.0021282725
0.0017309759
0.0013336793
0.00093638271
0.0027949391
0.0023976426
0.002000346
0.0016030494
0.0034616058
0.0030643092
0.0026670126
0.002269716
0.0041282725
0.0037309759
0.0033336793
0.0029363827
0.0047949391
0.0043976426
0.004000346
0.0036030494
0.0054616058
0.0050643092
0.0046670126
0.004269716
0.0061282725
0.0057309759
0.0053336793
0.0049363827
0.0067949391
0.0063976426
0.006000346
0.0056030494
0.0074616058
0.0070643092
0.0066670126
0.006269716
0.0081282725
0.0077309759
0.0073336793
0.0069363827
0.0087949391
0.0083976426
0.008000346
0.0076030494
0.0094616058
0.0090643092
0.0086670126
0.008269716
0.010128272
0.0097309759
0.0093336793
0.0089363827
0.010794939
0.010397643
0.010000346
0.0096030494
0.011461606
0.011064309
0.010667013
0.010269716
0.012128272
0.011730976
0.011333679
0.010936383
0.012794939
0.012397643
0.012000346
0.011603049
0.013461606
0.013064309
0.012667013
0.012269716
0.014128272
0.013730976
0.013333679
0.012936383
0.014794939
0.014397643
0.014000346
0.013603049
0.015461606
0.015064309
0.014667013
0.014269716
0.016128272
0.015730976
0.015333679
0.014936383
0.00079493915
0.00039764255
3.4596114e-07
-0.00039695063
0.0014616058
0.0010643092
0.00066701263
0.00026971604
0.0021282725
0.0017309759
0.0013336793
0.00093638271
0.0027949391
0.0023976426
0.002000346
0.0016030494
0.0034616058
0.0030643092
0.0026670126
0.002269716
0.0041282725
0.0037309759
0.0033336793
0.0029363827
0.0047949391
0.0043976426
0.004000346
0.0036030494
0.0054616058
0.0050643092
0.0046670126
0.004269716
0.0061282725
0.0057309759
0.0053336793
0.0049363827
0.0067949391
0.0063976426
0.006000346
0.0056030494
0.0074616058
0.0070643092
0.0066670126
0.006269716
0.0081282725
0.0077309759
0.0073336793
0.0069363827
0.0087949391
0.0083976426
0.008000346
0.0076030494
0.0094616058
0.0090643092
0.0086670126
0.008269716
0.010128272
0.0097309759
0.0093336793
0.0089363827
0.010794939
0.010397643
0.010000346
0.0096030494
0.011461606
0.011064309
0.010667013
0.010269716
0.012128272
0.011730976
0.011333679
0.010936383
0.012794939
0.012397643
0.012000346
0.011603049
0.013461606
0.013064309
0.012667013
0.012269716
0.014128272
0.013730976
0.013333679
0.012936383
0.014794939
0.014397643
0.014000346
0.013603049
0.015461606
0.015064309
0.014667013
0.014269716
0.016128272
0.015730976
0.015333679
0.014936383
0.00079493914
0.00039764256
3.459626e-07
-0.00039695063
0.0014616058
0.0010643092
0.00066701263
0.00026971604
0.0021282725
0.0017309759
0.0013336793
0.0009363827
0.0027949391
0.0023976426
0.002000346
0.0016030494
0.0034616058
0.0030643092
0.0026670126
0.002269716
0.0041282725
0.0037309759
0.0033336793
0.0029363827
0.0047949391
0.0043976426
0.004000346
0.0036030494
0.0054616058
0.0050643092
0.0046670126
0.004269716
0.0061282725
0.0057309759
0.0053336793
0.0049363827
0.0067949391
0.0063976426
0.006000346
0.0056030494
0.0074616058
0.0070643092
0.0066670126
0.006269716
0.0081282725
0.0077309759
0.0073336793
0.0069363827
0.0087949391
0.0083976426
0.008000346
0.0076030494
0.0094616058
0.0090643092
0.0086670126
0.008269716
0.010128272
0.0097309759
0.0093336793
0.0089363827
0.010794939
0.010397643
0.010000346
0.0096030494
0.011461606
0.011064309
0.010667013
0.010269716
0.012128272
0.011730976
0.011333679
0.010936383
0.012794939
0.012397643
0.012000346
0.011603049
0.013461606
0.013064309
0.012667013
0.012269716
0.014128272
0.013730976
0.013333679
0.012936383
0.014794939
0.014397643
0.014000346
0.013603049
0.015461606
0.015064309
0.014667013
0.014269716
0.016128272
0.015730976
0.015333679
0.014936383
0.00079493915
0.00039764255
3.4596216e-07
-0.00039695063
0.0014616058
0.0010643092
0.00066701263
0.00026971604
0.0021282725
0.0017309759
0.0013336793
0.0009363827
0.0027949391
0.0023976426
0.002000346
0.0016030494
0.0034616058
0.0030643092
0.0026670126
0.002269716
0.0041282725
0.0037309759
0.0033336793
0.0029363827
0.0047949391
0.0043976426
0.004000346
0.0036030494
0.0054616058
0.0050643092
0.0046670126
0.004269716
0.0061282725
0.0057309759
0.0053336793
0.0049363827
0.0067949391
0.0063976426
0.006000346
0.0056030494
0.0074616058
0.0070643092
0.0066670126
0.006269716
0.0081282725
0.0077309759
0.0073336793
0.0069363827
0.0087949391
0.0083976426
0.008000346
0.0076030494
0.0094616058
0.0090643092
0.0086670126
0.008269716
0.010128272
0.0097309759
0.0093336793
0.0089363827
0.010794939
0.010397643
0.010000346
0.0096030494
0.011461606
0.011064309
0.010667013
0.010269716
0.012128272
0.011730976
0.011333679
0.010936383
0.012794939
0.012397643
0.012000346
0.011603049
0.013461606
0.013064309
0.012667013
0.012269716
0.014128272
0.013730976
0.013333679
0.012936383
0.014794939
0.014397643
0.014000346
0.013603049
0.015461606
0.015064309
0.014667013
0.014269716
0.016128272
0.015730976
0.015333679
0.014936383
0.00079493915
0.00039764255
3.459634e-07
-0.00039695063
0.0014616058
0.0010643092
0.00066701263
0.00026971604
0.0021282725
0.0017309759
0.0013336793
0.0009363827
0.0027949391
0.0023976426
0.002000346
0.0016030494
0.0034616058
0.0030643092
0.0026670126
0.002269716
0.0041282725
0.0037309759
0.0033336793
0.0029363827
0.0047949391
0.0043976426
0.004000346
0.0036030494
0.0054616058
0.0050643092
0.0046670126
0.004269716
0.0061282725
0.0057309759
0.0053336793
0.0049363827
0.0067949391
0.0063976426
0.006000346
0.0056030494
0.0074616058
0.0070643092
0.0066670126
0.006269716
0.0081282725
0.0077309759
0.0073336793
0.0069363827
0.0087949391
0.0083976426
0.008000346
0.0076030494
0.0094616058
0.0090643092
0.0086670126
0.008269716
0.010128272
0.0097309759
0.0093336793
0.0089363827
0.010794939
0.010397643
0.010000346
0.0096030494
0.011461606
0.011064309
0.010667013
0.010269716
0.012128272
0.011730976
0.011333679
0.010936383
0.012794939
0.012397643
0.012000346
0.011603049
0.013461606
0.013064309
0.012667013
0.012269716
0.014128272
0.013730976
0.013333679
0.012936383
0.014794939
0.014397643
0.014000346
0.013603049
0.015461606
0.015064309
0.014667013
0.014269716
0.016128272
0.015730976
0.015333679
0.014936383
0.00079493915
0.00039764255
3.4596044e-07
-0.00039695063
0.0014616058
0.0010643092
0.00066701263
0.00026971604
0.0021282725
0.0017309759
0.0013336793
0.0009363827
0.0027949391
0.0023976426
0.002000346
0.0016030494
0.0034616058
0.0030643092
0.0026670126
0.002269716
0.0041282725
0.0037309759
0.0033336793
0.0029363827
0.0047949391
0.0043976426
0.004000346
0.0036030494
0.0054616058
0.0050643092
0.0046670126
0.004269716
0.0061282725
0.0057309759
0.0053336793
0.0049363827
0.0067949391
0.0063976426
0.006000346
0.0056030494
0.0074616058
0.0070643092
0.0066670126
0.006269716
0.0081282725
0.0077309759
0.0073336793
0.0069363827
0.0087949391
0.0083976426
0.008000346
0.0076030494
0.0094616058
0.0090643092
0.0086670126
0.008269716
0.010128272
0.0097309759
0.0093336793
0.0089363827
0.010794939
0.010397643
0.010000346
0.0096030494
0.011461606
0.011064309
0.010667013
0.010269716
0.012128272
0.011730976
0.011333679
0.010936383
0.012794939
0.012397643
0.012000346
0.011603049
0.013461606
0.013064309
0.012667013
0.012269716
0.014128272
0.013730976
0.013333679
0.012936383
0.014794939
0.014397643
0.014000346
0.013603049
0.015461606
0.015064309
0.014667013
0.014269716
0.016128272
0.015730976
0.015333679
0.014936383
0.00079493915
0.00039764256
3.4596124e-07
-0.00039695063
0.0014616058
0.0010643092
0.00066701263
0.00026971603
0.0021282725
0.0017309759
0.0013336793
0.0009363827
0.0027949391
0.0023976426
0.002000346
0.0016030494
0.0034616058
0.0030643092
0.0026670126
0.002269716
0.0041282725
0.0037309759
0.0033336793
0.0029363827
0.0047949391
0.0043976426
0.004000346
0.0036030494
0.0054616058
0.0050643092
0.0046670126
0.004269716
0.0061282725
0.0057309759
0.0053336793
0.0049363827
0.0067949391
0.0063976426
0.006000346
0.0056030494
0.0074616058
0.0070643092
0.0066670126
0.006269716
0.0081282725
0.0077309759
0.0073336793
0.0069363827
0.0087949391
0.0083976426
0.008000346
0.0076030494
0.0094616058
0.0090643092
0.0086670126
0.008269716
0.010128272
0.0097309759
0.0093336793
0.0089363827
0.010794939
0.010397643
0.010000346
0.0096030494
0.011461606
0.011064309
0.010667013
0.010269716
0.012128272
0.011730976
0.011333679
0.010936383
0.012794939
0.012397643
0.012000346
0.011603049
0.013461606
0.013064309
0.012667013
0.012269716
0.014128272
0.013730976
0.013333679
0.012936383
0.014794939
0.014397643
0.014000346
0.013603049
0.015461606
0.015064309
0.014667013
0.014269716
0.016128272
0.015730976
0.015333679
0.014936383
0.00079493915
0.00039764255
3.459612e-07
-0.00039695063
0.0014616058
0.0010643092
0.00066701263
0.00026971603
0.0021282725
0.0017309759
0.0013336793
0.0009363827
0.0027949391
0.0023976426
0.002000346
0.0016030494
0.0034616058
0.0030643092
0.0026670126
0.002269716
0.0041282725
0.0037309759
0.0033336793
0.0029363827
0.0047949391
0.0043976426
0.004000346
0.0036030494
0.0054616058
0.0050643092
0.0046670126
0.004269716
0.0061282725
0.0057309759
0.0053336793
0.0049363827
0.0067949392
0.0063976426
0.006000346
0.0056030494
0.0074616058
0.0070643092
0.0066670126
0.006269716
0.0081282725
0.0077309759
0.0073336793
0.0069363827
0.0087949392
0.0083976426
0.008000346
0.0076030494
0.0094616058
0.0090643092
0.0086670126
0.008269716
0.010128272
0.0097309759
0.0093336793
0.0089363827
0.010794939
0.010397643
0.010000346
0.0096030494
0.011461606
0.011064309
0.010667013
0.010269716
0.012128272
0.011730976
0.011333679
0.010936383
0.012794939
0.012397643
0.012000346
0.011603049
0.013461606
0.013064309
0.012667013
0.012269716
0.014128272
0.013730976
0.013333679
0.012936383
0.014794939
0.014397643
0.014000346
0.013603049
0.015461606
0.015064309
0.014667013
0.014269716
0.016128272
0.015730976
0.015333679
0.014936383
0.00079493915
0.00039764255
3.4596242e-07
-0.00039695063
0.0014616058
0.0010643092
0.00066701263
0.00026971603
0.0021282725
0.0017309759
0.0013336793
0.0009363827
0.0027949391
0.0023976426
0.002000346
0.0016030494
0.0034616058
0.0030643092
0.0026670126
0.002269716
0.0041282725
0.0037309759
0.0033336793
0.0029363827
0.0047949392
0.0043976426
0.004000346
0.0036030494
0.0054616058
0.0050643092
0.0046670126
0.004269716
0.0061282725
0.0057309759
0.0053336793
0.0049363827
0.0067949392
0.0063976426
0.006000346
0.0056030494
0.0074616058
0.0070643092
0.0066670126
0.006269716
0.0081282725
0.0077309759
0.0073336793
0.0069363827
0.0087949392
0.0083976426
0.008000346
0.0076030494
0.0094616058
0.0090643092
0.0086670126
0.008269716
0.010128272
0.0097309759
0.0093336793
0.0089363827
0.010794939
0.010397643
0.010000346
0.0096030494
0.011461606
0.011064309
0.010667013
0.010269716
0.012128272
0.011730976
0.011333679
0.010936383
0.012794939
0.012397643
0.012000346
0.011603049
0.013461606
0.013064309
0.012667013
0.012269716
0.014128272
0.013730976
0.013333679
0.012936383
0.014794939
0.014397643
0.014000346
0.013603049
0.015461606
0.015064309
0.014667013
0.014269716
0.016128272
0.015730976
0.015333679
0.014936383
0.00079493915
0.00039764256
3.4595946e-07
-0.00039695063
0.0014616058
0.0010643092
0.00066701263
0.00026971603
0.0021282725
0.0017309759
0.0013336793
0.0009363827
0.0027949392
0.0023976426
0.002000346
0.0016030494
0.0034616058
0.0030643092
0.0026670126
0.002269716
0.0041282725
0.0037309759
0.0033336793
0.0029363827
0.0047949392
0.0043976426
0.004000346
0.0036030494
0.0054616058
0.0050643092
0.0046670126
0.004269716
0.0061282725
0.0057309759
0.0053336793
0.0049363827
0.0067949392
0.0063976426
0.006000346
0.0056030494
0.0074616058
0.0070643092
0.0066670126
0.006269716
0.0081282725
0.0077309759
0.0073336793
0.0069363827
0.0087949392
0.0083976426
0.008000346
0.0076030494
0.0094616058
0.0090643092
0.0086670126
0.008269716
0.010128272
0.0097309759
0.0093336793
0.0089363827
0.010794939
0.010397643
0.010000346
0.0096030494
0.011461606
0.011064309
0.010667013
0.010269716
0.012128272
0.011730976
0.011333679
0.010936383
0.012794939
0.012397643
0.012000346
0.011603049
0.013461606
0.013064309
0.012667013
0.012269716
0.014128272
0.013730976
0.013333679
0.012936383
0.014794939
0.014397643
0.014000346
0.013603049
0.015461606
0.015064309
0.014667013
0.014269716
0.016128272
0.015730976
0.015333679
0.014936383
0.00079493915
0.00039764256
3.4596044e-07
-0.00039695063
0.0014616058
0.0010643092
0.00066701263
0.00026971603
0.0021282725
0.0017309759
0.0013336793
0.0009363827
0.0027949392
0.0023976426
0.002000346
0.0016030494
0.0034616058
0.0030643092
0.0026670126
0.002269716
0.0041282725
0.0037309759
0.0033336793
0.0029363827
0.0047949392
0.0043976426
0.004000346
0.0036030494
0.0054616058
0.0050643092
0.0046670126
0.004269716
0.0061282725
0.0057309759
0.0053336793
0.0049363827
0.0067949392
0.0063976426
0.006000346
0.0056030494
0.0074616058
0.0070643092
0.0066670126
0.006269716
0.0081282725
0.0077309759
0.0073336793
0.0069363827
0.0087949392
0.0083976426
0.008000346
0.0076030494
0.0094616058
0.0090643092
0.0086670126
0.008269716
0.010128272
0.0097309759
0.0093336793
0.0089363827
0.010794939
0.010397643
0.010000346
0.0096030494
0.011461606
0.011064309
0.010667013
0.010269716
0.012128272
0.011730976
0.011333679
0.010936383
0.012794939
0.012397643
0.012000346
0.011603049
0.013461606
0.013064309
0.012667013
0.012269716
0.014128272
0.013730976
0.013333679
0.012936383
0.014794939
0.014397643
0.014000346
0.013603049
0.015461606
0.015064309
0.014667013
0.014269716
0.016128272
0.015730976
0.015333679
0.014936383
0.00079493915
0.00039764256
3.4596077e-07
-0.00039695064
0.0014616058
0.0010643092
0.00066701263
0.00026971603
0.0021282725
0.0017309759
0.0013336793
0.0009363827
0.0027949392
0.0023976426
0.002000346
0.0016030494
0.0034616058
0.0030643092
0.0026670126
0.002269716
0.0041282725
0.0037309759
0.0033336793
0.0029363827
0.0047949392
0.0043976426
0.004000346
0.0036030494
0.0054616058
0.0050643092
0.0046670126
0.004269716
0.0061282725
0.0057309759
0.0053336793
0.0049363827
0.0067949392
0.0063976426
0.006000346
0.0056030494
0.0074616058
0.0070643092
0.0066670126
0.006269716
0.0081282725
0.0077309759
0.0073336793
0.0069363827
0.0087949392
0.0083976426
0.008000346
0.0076030494
0.0094616058
0.0090643092
0.0086670126
0.008269716
0.010128272
0.0097309759
0.0093336793
0.0089363827
0.010794939
0.010397643
0.010000346
0.0096030494
0.011461606
0.011064309
0.010667013
0.010269716
0.012128272
0.011730976
0.011333679
0.010936383
0.012794939
0.012397643
0.012000346
0.011603049
0.013461606
0.013064309
0.012667013
0.012269716
0.014128272
0.013730976
0.013333679
0.012936383
0.014794939
0.014397643
0.014000346
0.013603049
0.015461606
0.015064309
0.014667013
0.014269716
0.016128272
0.015730976
0.015333679
0.014936383
0.00079493915
0.00039764256
3.4596019e-07
-0.00039695064
0.0014616058
0.0010643092
0.00066701263
0.00026971603
0.0021282725
0.0017309759
0.0013336793
0.0009363827
0.0027949392
0.0023976426
0.002000346
0.0016030494
0.0034616058
0.0030643092
0.0026670126
0.002269716
0.0041282725
0.0037309759
0.0033336793
0.0029363827
0.0047949392
0.0043976426
0.004000346
0.0036030494
0.0054616058
0.0050643092
0.0046670126
0.004269716
0.0061282725
0.0057309759
0.0053336793
0.0049363827
0.0067949392
0.0063976426
0.006000346
0.0056030494
0.0074616058
0.0070643092
0.0066670126
0.006269716
0.0081282725
0.0077309759
0.0073336793
0.0069363827
0.0087949392
0.0083976426
0.008000346
0.0076030494
0.0094616058
0.0090643092
0.0086670126
0.008269716
0.010128272
0.0097309759
0.0093336793
0.0089363827
0.010794939
0.010397643
0.010000346
0.0096030494
0.011461606
0.011064309
0.010667013
0.010269716
0.012128272
0.011730976
0.011333679
0.010936383
0.012794939
0.012397643
0.012000346
0.011603049
0.013461606
0.013064309
0.012667013
0.012269716
0.014128272
0.013730976
0.013333679
0.012936383
0.014794939
0.014397643
0.014000346
0.013603049
0.015461606
0.015064309
0.014667013
0.014269716
0.016128272
0.015730976
0.015333679
0.014936383
0.00079493915
0.00039764256
3.4596006e-07
-0.00039695064
0.0014616058
0.0010643092
0.00066701263
0.00026971603
0.0021282725
0.0017309759
0.0013336793
0.0009363827
0.0027949392
0.0023976426
0.002000346
0.0016030494
0.0034616058
0.0030643092
0.0026670126
0.002269716
0.0041282725
0.0037309759
0.0033336793
0.0029363827
0.0047949392
0.0043976426
0.004000346
0.0036030494
0.0054616058
0.0050643092
0.0046670126
0.004269716
0.0061282725
0.0057309759
0.0053336793
0.0049363827
0.0067949392
0.0063976426
0.006000346
0.0056030494
0.0074616058
0.0070643092
0.0066670126
0.006269716
0.0081282725
0.0077309759
0.0073336793
0.0069363827
0.0087949392
0.0083976426
0.008000346
0.0076030494
0.0094616058
0.0090643092
0.0086670126
0.008269716
0.010128272
0.0097309759
0.0093336793
0.0089363827
0.010794939
0.010397643
0.010000346
0.0096030494
0.011461606
0.011064309
0.010667013
0.010269716
0.012128272
0.011730976
0.011333679
0.010936383
0.012794939
0.012397643
0.012000346
0.011603049
0.013461606
0.013064309
0.012667013
0.012269716
0.014128272
0.013730976
0.013333679
0.012936383
0.014794939
0.014397643
0.014000346
0.013603049
0.015461606
0.015064309
0.014667013
0.014269716
0.016128272
0.015730976
0.015333679
0.014936383
0.00079493915
0.00039764256
3.4595817e-07
-0.00039695064
0.0014616058
0.0010643092
0.00066701262
0.00026971603
0.0021282725
0.0017309759
0.0013336793
0.0009363827
0.0027949392
0.0023976426
0.002000346
0.0016030494
0.0034616058
0.0030643092
0.0026670126
0.002269716
0.0041282725
0.0037309759
0.0033336793
0.0029363827
0.0047949392
0.0043976426
0.004000346
0.0036030494
0.0054616058
0.0050643092
0.0046670126
0.004269716
0.0061282725
0.0057309759
0.0053336793
0.0049363827
0.0067949392
0.0063976426
0.006000346
0.0056030494
0.0074616058
0.0070643092
0.0066670126
0.006269716
0.0081282725
0.0077309759
0.0073336793
0.0069363827
0.0087949392
0.0083976426
0.008000346
0.0076030494
0.0094616058
0.0090643092
0.0086670126
0.008269716
0.010128272
0.0097309759
0.0093336793
0.0089363827
0.010794939
0.010397643
0.010000346
0.0096030494
0.011461606
0.011064309
0.010667013
0.010269716
0.012128272
0.011730976
0.011333679
0.010936383
0.012794939
0.012397643
0.012000346
0.011603049
0.013461606
0.013064309
0.012667013
0.012269716
0.014128272
0.013730976
0.013333679
0.012936383
0.014794939
0.014397643
0.014000346
0.013603049
0.015461606
0.015064309
0.014667013
0.014269716
0.016128272
0.015730976
0.015333679
0.014936383
0.00079493916
0.00039764256
3.4595964e-07
-0.00039695064
0.0014616058
0.0010643092
0.00066701263
0.00026971603
0.0021282725
0.0017309759
0.0013336793
0.00093638269
0.0027949392
0.0023976426
0.002000346
0.0016030494
0.0034616058
0.0030643092
0.0026670126
0.002269716
0.0041282725
0.0037309759
0.0033336793
0.0029363827
0.0047949392
0.0043976426
0.004000346
0.0036030494
0.0054616058
0.0050643092
0.0046670126
0.004269716
0.0061282725
0.0057309759
0.0053336793
0.0049363827
0.0067949392
0.0063976426
0.006000346
0.0056030494
0.0074616058
0.0070643092
0.0066670126
0.006269716
0.0081282725
0.0077309759
0.0073336793
0.0069363827
0.0087949392
0.0083976426
0.008000346
0.0076030494
0.0094616058
0.0090643092
0.0086670126
0.008269716
0.010128272
0.0097309759
0.0093336793
0.0089363827
0.010794939
0.010397643
0.010000346
0.0096030494
0.011461606
0.011064309
0.010667013
0.010269716
0.012128272
0.011730976
0.011333679
0.010936383
0.012794939
0.012397643
0.012000346
0.011603049
0.013461606
0.013064309
0.012667013
0.012269716
0.014128272
0.013730976
0.013333679
0.012936383
0.014794939
0.014397643
0.014000346
0.013603049
0.015461606
0.015064309
0.014667013
0.014269716
0.016128272
0.015730976
0.015333679
0.014936383
0.00079493916
0.00039764256
3.4595898e-07
-0.00039695064
0.0014616058
0.0010643092
0.00066701263
0.00026971603
0.0021282725
0.0017309759
0.0013336793
0.00093638269
0.0027949392
0.0023976426
0.002000346
0.0016030494
0.0034616058
0.0030643092
0.0026670126
0.002269716
0.0041282725
0.0037309759
0.0033336793
0.0029363827
0.0047949392
0.0043976426
0.004000346
0.0036030494
0.0054616058
0.0050643092
0.0046670126
0.004269716
0.0061282725
0.0057309759
0.0053336793
0.0049363827
0.0067949392
0.0063976426
0.006000346
0.0056030494
0.0074616058
0.0070643092
0.0066670126
0.006269716
0.0081282725
0.0077309759
0.0073336793
0.0069363827
0.0087949392
0.0083976426
0.008000346
0.0076030494
0.0094616058
0.0090643092
0.0086670126
0.008269716
0.010128272
0.0097309759
0.0093336793
0.0089363827
0.010794939
0.010397643
0.010000346
0.0096030494
0.011461606
0.011064309
0.010667013
0.010269716
0.012128272
0.011730976
0.011333679
0.010936383
0.012794939
0.012397643
0.012000346
0.011603049
0.013461606
0.013064309
0.012667013
0.012269716
0.014128272
0.013730976
0.013333679
0.012936383
0.014794939
0.014397643
0.014000346
0.013603049
0.015461606
0.015064309
0.014667013
0.014269716
0.016128272
0.015730976
0.015333679
0.014936383
0.00079493916
0.00039764256
3.4595857e-07
-0.00039695064
0.0014616058
0.0010643092
0.00066701263
0.00026971603
0.0021282725
0.0017309759
0.0013336793
0.00093638269
0.0027949392
0.0023976426
0.002000346
0.0016030494
0.0034616058
0.0030643092
0.0026670126
0.002269716
0.0041282725
0.0037309759
0.0033336793
0.0029363827
0.0047949392
0.0043976426
0.004000346
0.0036030494
0.0054616058
0.0050643092
0.0046670126
0.004269716
0.0061282725
0.0057309759
0.0053336793
0.0049363827
0.0067949392
0.0063976426
0.006000346
0.0056030494
0.0074616058
0.0070643092
0.0066670126
0.006269716
0.0081282725
0.0077309759
0.0073336793
0.0069363827
0.0087949392
0.0083976426
0.008000346
0.0076030494
0.0094616058
0.0090643092
0.0086670126
0.008269716
0.010128272
0.0097309759
0.0093336793
0.0089363827
0.010794939
0.010397643
0.010000346
0.0096030494
0.011461606
0.011064309
0.010667013
0.010269716
0.012128272
0.011730976
0.011333679
0.010936383
0.012794939
0.012397643
0.012000346
0.011603049
0.013461606
0.013064309
0.012667013
0.012269716
0.014128272
0.013730976
0.013333679
0.012936383
0.014794939
0.014397643
0.014000346
0.013603049
0.015461606
0.015064309
0.014667013
0.014269716
0.016128272
0.015730976
0.015333679
0.014936383
0.00079493916
0.00039764256
3.4595794e-07
-0.00039695064
0.0014616058
0.0010643092
0.00066701262
0.00026971602
0.0021282725
0.0017309759
0.0013336793
0.00093638269
0.0027949392
0.0023976426
0.002000346
0.0016030494
0.0034616058
0.0030643092
0.0026670126
0.002269716
0.0041282725
0.0037309759
0.0033336793
0.0029363827
0.0047949392
0.0043976426
0.004000346
0.0036030494
0.0054616058
0.0050643092
0.0046670126
0.004269716
0.0061282725
0.0057309759
0.0053336793
0.0049363827
0.0067949392
0.0063976426
0.006000346
0.0056030494
0.0074616058
0.0070643092
0.0066670126
0.006269716
0.0081282725
0.0077309759
0.0073336793
0.0069363827
0.0087949392
0.0083976426
0.008000346
0.0076030494
0.0094616058
0.0090643092
0.0086670126
0.008269716
0.010128272
0.0097309759
0.0093336793
0.0089363827
0.010794939
0.010397643
0.010000346
0.0096030494
0.011461606
0.011064309
0.010667013
0.010269716
0.012128272
0.011730976
0.011333679
0.010936383
0.012794939
0.012397643
0.012000346
0.011603049
0.013461606
0.013064309
0.012667013
0.012269716
0.014128272
0.013730976
0.013333679
0.012936383
0.014794939
0.014397643
0.014000346
0.013603049
0.015461606
0.015064309
0.014667013
0.014269716
0.016128272
0.015730976
0.015333679
0.014936383
0.00079493916
0.00039764256
3.4595805e-07
-0.00039695064
0.0014616058
0.0010643092
0.00066701262
0.00026971602
0.0021282725
0.0017309759
0.0013336793
0.00093638269
0.0027949392
0.0023976426
0.002000346
0.0016030494
0.0034616058
0.0030643092
0.0026670126
0.002269716
0.0041282725
0.0037309759
0.0033336793
0.0029363827
0.0047949392
0.0043976426
0.004000346
0.0036030494
0.0054616058
0.0050643092
0.0046670126
0.004269716
0.0061282725
0.0057309759
0.0053336793
0.0049363827
0.0067949392
0.0063976426
0.006000346
0.0056030494
0.0074616058
0.0070643092
0.0066670126
0.006269716
0.0081282725
0.0077309759
0.0073336793
0.0069363827
0.0087949392
0.0083976426
0.008000346
0.0076030494
0.0094616058
0.0090643092
0.0086670126
0.008269716
0.010128272
0.0097309759
0.0093336793
0.0089363827
0.010794939
0.010397643
0.010000346
0.0096030494
0.011461606
0.011064309
0.010667013
0.010269716
0.012128272
0.011730976
0.011333679
0.010936383
0.012794939
0.012397643
0.012000346
0.011603049
0.013461606
0.013064309
0.012667013
0.012269716
0.014128272
0.013730976
0.013333679
0.012936383
0.014794939
0.014397643
0.014000346
0.013603049
0.015461606
0.015064309
0.014667013
0.014269716
0.016128272
0.015730976
0.015333679
0.014936383
0.00079493916
0.00039764256
3.4595751e-07
-0.00039695064
0.0014616058
0.0010643092
0.00066701262
0.00026971602
0.0021282725
0.0017309759
0.0013336793
0.00093638269
0.0027949392
0.0023976426
0.002000346
0.0016030494
0.0034616058
0.0030643092
0.0026670126
0.002269716
0.0041282725
0.0037309759
0.0033336793
0.0029363827
0.0047949392
0.0043976426
0.004000346
0.0036030494
0.0054616058
0.0050643092
0.0046670126
0.004269716
0.0061282725
0.0057309759
0.0053336793
0.0049363827
0.0067949392
0.0063976426
0.006000346
0.0056030494
0.0074616058
0.0070643092
0.0066670126
0.006269716
0.0081282725
0.0077309759
0.0073336793
0.0069363827
0.0087949392
0.0083976426
0.008000346
0.0076030494
0.0094616058
0.0090643092
0.0086670126
0.008269716
0.010128272
0.0097309759
0.0093336793
0.0089363827
0.010794939
0.010397643
0.010000346
0.0096030494
0.011461606
0.011064309
0.010667013
0.010269716
0.012128272
0.011730976
0.011333679
0.010936383
0.012794939
0.012397643
0.012000346
0.011603049
0.013461606
0.013064309
0.012667013
0.012269716
0.014128272
0.013730976
0.013333679
0.012936383
0.014794939
0.014397643
0.014000346
0.013603049
0.015461606
0.015064309
0.014667013
0.014269716
0.016128272
0.015730976
0.015333679
0.014936383
0.00079493916
0.00039764256
3.4595718e-07
-0.00039695064
0.0014616058
0.0010643092
0.00066701262
0.00026971602
0.0021282725
0.0017309759
0.0013336793
0.00093638269
0.0027949392
0.0023976426
0.002000346
0.0016030494
0.0034616058
0.0030643092
0.0026670126
0.002269716
0.0041282725
0.0037309759
0.0033336793
0.0029363827
0.0047949392
0.0043976426
0.004000346
0.0036030494
0.0054616058
0.0050643092
0.0046670126
0.004269716
0.0061282725
0.0057309759
0.0053336793
0.0049363827
0.0067949392
0.0063976426
0.006000346
0.0056030494
0.0074616058
0.0070643092
0.0066670126
0.006269716
0.0081282725
0.0077309759
0.0073336793
0.0069363827
0.0087949392
0.0083976426
0.008000346
0.0076030494
0.0094616058
0.0090643092
0.0086670126
0.008269716
0.010128272
0.0097309759
0.0093336793
0.0089363827
0.010794939
0.010397643
0.010000346
0.0096030494
0.011461606
0.011064309
0.010667013
0.010269716
0.012128272
0.011730976
0.011333679
0.010936383
0.012794939
0.012397643
0.012000346
0.011603049
0.013461606
0.013064309
0.012667013
0.012269716
0.014128272
0.013730976
0.013333679
0.012936383
0.014794939
0.014397643
0.014000346
0.013603049
0.015461606
0.015064309
0.014667013
0.014269716
0.016128272
0.015730976
0.015333679
0.014936383
0.00079493916
0.00039764256
3.45957e-07
-0.00039695065
0.0014616058
0.0010643092
0.00066701262
0.00026971602
0.0021282725
0.0017309759
0.0013336793
0.00093638269
0.0027949392
0.0023976426
0.002000346
0.0016030494
0.0034616058
0.0030643092
0.0026670126
0.002269716
0.0041282725
0.0037309759
0.0033336793
0.0029363827
0.0047949392
0.0043976426
0.004000346
0.0036030494
0.0054616058
0.0050643092
0.0046670126
0.004269716
0.0061282725
0.0057309759
0.0053336793
0.0049363827
0.0067949392
0.0063976426
0.006000346
0.0056030494
0.0074616058
0.0070643092
0.0066670126
0.006269716
0.0081282725
0.0077309759
0.0073336793
0.0069363827
0.0087949392
0.0083976426
0.008000346
0.0076030494
0.0094616058
0.0090643092
0.0086670126
0.008269716
0.010128272
0.0097309759
0.0093336793
0.0089363827
0.010794939
0.010397643
0.010000346
0.0096030494
0.011461606
0.011064309
0.010667013
0.010269716
0.012128272
0.011730976
0.011333679
0.010936383
0.012794939
0.012397643
0.012000346
0.011603049
0.013461606
0.013064309
0.012667013
0.012269716
0.014128272
0.013730976
0.013333679
0.012936383
0.014794939
0.014397643
0.014000346
0.013603049
0.015461606
0.015064309
0.014667013
0.014269716
0.016128272
0.015730976
0.015333679
0.014936383
0.00079493916
0.00039764256
3.4595659e-07
-0.00039695065
0.0014616058
0.0010643092
0.00066701262
0.00026971602
0.0021282725
0.0017309759
0.0013336793
0.00093638269
0.0027949392
0.0023976426
0.002000346
0.0016030494
0.0034616058
0.0030643092
0.0026670126
0.002269716
0.0041282725
0.0037309759
0.0033336793
0.0029363827
0.0047949392
0.0043976426
0.004000346
0.0036030494
0.0054616058
0.0050643092
0.0046670126
0.004269716
0.0061282725
0.0057309759
0.0053336793
0.0049363827
0.0067949392
0.0063976426
0.006000346
0.0056030494
0.0074616058
0.0070643092
0.0066670126
0.006269716
0.0081282725
0.0077309759
0.0073336793
0.0069363827
0.0087949392
0.0083976426
0.008000346
0.0076030494
0.0094616058
0.0090643092
0.0086670126
0.008269716
0.010128272
0.0097309759
0.0093336793
0.0089363827
0.010794939
0.010397643
0.010000346
0.0096030494
0.011461606
0.011064309
0.010667013
0.010269716
0.012128272
0.011730976
0.011333679
0.010936383
0.012794939
0.012397643
0.012000346
0.011603049
0.013461606
0.013064309
0.012667013
0.012269716
0.014128272
0.013730976
0.013333679
0.012936383
0.014794939
0.014397643
0.014000346
0.013603049
0.015461606
0.015064309
0.014667013
0.014269716
0.016128272
0.015730976
0.015333679
0.014936383
-0.00085448222
-0.0013722492
-0.0018900163
-0.0024077833
-0.00018781555
-0.00070558258
-0.0012233496
-0.0017411166
0.00047885111
-3.8915915e-05
-0.00055668294
-0.00107445
0.0011455178
0.00062775075
0.00010998373
-0.0004077833
0.0018121844
0.0012944174
0.00077665039
0.00025888336
0.0024788511
0.0019610841
0.0014433171
0.00092555003
0.0031455178
0.0026277508
0.0021099837
0.0015922167
0.0038121844
0.0032944174
0.0027766504
0.0022588834
0.0044788511
0.0039610841
0.0034433171
0.00292555
0.0051455178
0.0046277508
0.0041099837
0.0035922167
0.0058121844
0.0052944174
0.0047766504
0.0042588834
0.0064788511
0.0059610841
0.0054433171
0.00492555
0.0071455178
0.0066277508
0.0061099837
0.0055922167
0.0078121844
0.0072944174
0.0067766504
0.0062588834
0.0084788511
0.0079610841
0.0074433171
0.00692555
0.0091455178
0.0086277508
0.0081099837
0.0075922167
0.0098121844
0.0092944174
0.0087766504
0.0082588834
0.010478851
0.0099610841
0.0094433171
0.00892555
0.011145518
0.010627751
0.010109984
0.0095922167
0.011812184
0.011294417
0.01077665
0.010258883
0.012478851
0.011961084
0.011443317
0.01092555
0.013145518
0.012627751
0.012109984
0.011592217
0.013812184
0.013294417
0.01277665
0.012258883
0.014478851
0.013961084
0.013443317
0.01292555
-0.00085448222
-0.0013722492
-0.0018900163
-0.0024077833
-0.00018781555
-0.00070558258
-0.0012233496
-0.0017411166
0.00047885112
-3.8915914e-05
-0.00055668294
-0.00107445
0.0011455178
0.00062775075
0.00010998373
-0.0004077833
0.0018121844
0.0012944174
0.00077665039
0.00025888336
0.0024788511
0.0019610841
0.0014433171
0.00092555003
0.0031455178
0.0026277508
0.0021099837
0.0015922167
0.0038121844
0.0032944174
0.0027766504
0.0022588834
0.0044788511
0.0039610841
0.0034433171
0.00292555
0.0051455178
0.0046277508
0.0041099837
0.0035922167
0.0058121844
0.0052944174
0.0047766504
0.0042588834
0.0064788511
0.0059610841
0.0054433171
0.00492555
0.0071455178
0.0066277508
0.0061099837
0.0055922167
0.0078121844
0.0072944174
0.0067766504
0.0062588834
0.0084788511
0.0079610841
0.0074433171
0.00692555
0.0091455178
0.0086277508
0.0081099837
0.0075922167
0.0098121844
0.0092944174
0.0087766504
0.0082588834
0.010478851
0.0099610841
0.0094433171
0.00892555
0.011145518
0.010627751
0.010109984
0.0095922167
0.011812184
0.011294417
0.01077665
0.010258883
0.012478851
0.011961084
0.011443317
0.01092555
0.013145518
0.012627751
0.012109984
0.011592217
0.013812184
0.013294417
0.01277665
0.012258883
0.014478851
0.013961084
0.013443317
0.01292555
-0.00085448221
-0.0013722492
-0.0018900163
-0.0024077833
-0.00018781555
-0.00070558258
-0.0012233496
-0.0017411166
0.00047885112
-3.8915911e-05
-0.00055668294
-0.00107445
0.0011455178
0.00062775076
0.00010998372
-0.00040778331
0.0018121845
0.0012944174
0.00077665039
0.00025888336
0.0024788511
0.0019610841
0.0014433171
0.00092555003
0.0031455178
0.0026277508
0.0021099837
0.0015922167
0.0038121845
0.0032944174
0.0027766504
0.0022588834
0.0044788511
0.0039610841
0.0034433171
0.00292555
0.0051455178
0.0046277508
0.0041099837
0.0035922167
0.0058121845
0.0052944174
0.0047766504
0.0042588834
0.0064788511
0.0059610841
0.0054433171
0.00492555
0.0071455178
0.0066277508
0.0061099837
0.0055922167
0.0078121845
0.0072944174
0.0067766504
0.0062588834
0.0084788511
0.0079610841
0.0074433171
0.00692555
0.0091455178
0.0086277508
0.0081099837
0.0075922167
0.0098121844
0.0092944174
0.0087766504
0.0082588834
0.010478851
0.0099610841
0.0094433171
0.00892555
0.011145518
0.010627751
0.010109984
0.0095922167
0.011812184
0.011294417
0.01077665
0.010258883
0.012478851
0.011961084
0.011443317
0.01092555
0.013145518
0.012627751
0.012109984
0.011592217
0.013812184
0.013294417
0.01277665
0.012258883
0.014478851
0.013961084
0.013443317
0.01292555
-0.00085448222
-0.0013722492
-0.0018900163
-0.0024077833
-0.00018781555
-0.00070558258
-0.0012233496
-0.0017411166
0.00047885112
-3.8915913e-05
-0.00055668294
-0.00107445
0.0011455178
0.00062775075
0.00010998372
-0.0004077833
0.0018121845
0.0012944174
0.00077665039
0.00025888336
0.0024788511
0.0019610841
0.0014433171
0.00092555003
0.0031455178
0.0026277508
0.0021099837
0.0015922167
0.0038121845
0.0032944174
0.0027766504
0.0022588834
0.0044788511
0.0039610841
0.0034433171
0.00292555
0.0051455178
0.0046277508
0.0041099837
0.0035922167
0.0058121845
0.0052944174
0.0047766504
0.0042588834
0.0064788511
0.0059610841
0.0054433171
0.00492555
0.0071455178
0.0066277508
0.0061099837
0.0055922167
0.0078121845
0.0072944174
0.0067766504
0.0062588834
0.0084788511
0.0079610841
0.0074433171
0.00692555
0.0091455178
0.0086277508
0.0081099837
0.0075922167
0.0098121844
0.0092944174
0.0087766504
0.0082588834
0.010478851
0.0099610841
0.0094433171
0.00892555
0.011145518
0.010627751
0.010109984
0.0095922167
0.011812184
0.011294417
0.01077665
0.010258883
0.012478851
0.011961084
0.011443317
0.01092555
0.013145518
0.012627751
0.012109984
0.011592217
0.013812184
0.013294417
0.01277665
0.012258883
0.014478851
0.013961084
0.013443317
0.01292555
-0.00085448221
-0.0013722492
-0.0018900163
-0.0024077833
-0.00018781555
-0.00070558258
-0.0012233496
-0.0017411166
0.00047885112
-3.891591e-05
-0.00055668294
-0.00107445
0.0011455178
0.00062775076
0.00010998372
-0.00040778331
0.0018121845
0.0012944174
0.00077665039
0.00025888336
0.0024788511
0.0019610841
0.0014433171
0.00092555003
0.0031455178
0.0026277508
0.0021099837
0.0015922167
0.0038121845
0.0032944174
0.0027766504
0.0022588834
0.0044788511
0.0039610841
0.0034433171
0.00292555
0.0051455178
0.0046277508
0.0041099837
0.0035922167
0.0058121845
0.0052944174
0.0047766504
0.0042588834
0.0064788511
0.0059610841
0.0054433171
0.00492555
0.0071455178
0.0066277508
0.0061099837
0.0055922167
0.0078121845
0.0072944174
0.0067766504
0.0062588834
0.0084788511
0.0079610841
0.0074433171
0.00692555
0.0091455178
0.0086277508
0.0081099837
0.0075922167
0.0098121845
0.0092944174
0.0087766504
0.0082588834
0.010478851
0.0099610841
0.0094433171
0.00892555
0.011145518
0.010627751
0.010109984
0.0095922167
0.011812184
0.011294417
0.01077665
0.010258883
0.012478851
0.011961084
0.011443317
0.01092555
0.013145518
0.012627751
0.012109984
0.011592217
0.013812184
0.013294417
0.01277665
0.012258883
0.014478851
0.013961084
0.013443317
0.01292555
-0.00085448221
-0.0013722492
-0.0018900163
-0.0024077833
-0.00018781555
-0.00070558258
-0.0012233496
-0.0017411166
0.00047885112
-3.8915912e-05
-0.00055668294
-0.00107445
0.0011455178
0.00062775075
0.00010998372
-0.00040778331
0.0018121845
0.0012944174
0.00077665039
0.00025888336
0.0024788511
0.0019610841
0.0014433171
0.00092555002
0.0031455178
0.0026277508
0.0021099837
0.0015922167
0.0038121845
0.0032944174
0.0027766504
0.0022588834
0.0044788511
0.0039610841
0.0034433171
0.00292555
0.0051455178
0.0046277508
0.0041099837
0.0035922167
0.0058121845
0.0052944174
0.0047766504
0.0042588834
0.0064788511
0.0059610841
0.0054433171
0.00492555
0.0071455178
0.0066277508
0.0061099837
0.0055922167
0.0078121845
0.0072944174
0.0067766504
0.0062588834
0.0084788511
0.0079610841
0.0074433171
0.00692555
0.0091455178
0.0086277508
0.0081099837
0.0075922167
0.0098121845
0.0092944174
0.0087766504
0.0082588834
0.010478851
0.0099610841
0.0094433171
0.00892555
0.011145518
0.010627751
0.010109984
0.0095922167
0.011812184
0.011294417
0.01077665
0.010258883
0.012478851
0.011961084
0.011443317
0.01092555
0.013145518
0.012627751
0.012109984
0.011592217
0.013812184
0.013294417
0.01277665
0.012258883
0.014478851
0.013961084
0.013443317
0.01292555
-0.00085448221
-0.0013722492
-0.0018900163
-0.0024077833
-0.00018781554
-0.00070558258
-0.0012233496
-0.0017411166
0.00047885113
-3.8915911e-05
-0.00055668295
-0.00107445
0.0011455178
0.00062775076
0.00010998372
-0.00040778331
0.0018121845
0.0012944174
0.00077665039
0.00025888335
0.0024788511
0.0019610841
0.0014433171
0.00092555002
0.0031455178
0.0026277508
0.0021099837
0.0015922167
0.0038121845
0.0032944174
0.0027766504
0.0022588834
0.0044788511
0.0039610841
0.0034433171
0.00292555
0.0051455178
0.0046277508
0.0041099837
0.0035922167
0.0058121845
0.0052944174
0.0047766504
0.0042588834
0.0064788511
0.0059610841
0.0054433171
0.00492555
0.0071455178
0.0066277508
0.0061099837
0.0055922167
0.0078121845
0.0072944174
0.0067766504
0.0062588834
0.0084788511
0.0079610841
0.0074433171
0.00692555
0.0091455178
0.0086277508
0.0081099837
0.0075922167
0.0098121845
0.0092944174
0.0087766504
0.0082588834
0.010478851
0.0099610841
0.0094433171
0.00892555
0.011145518
0.010627751
0.010109984
0.0095922167
0.011812184
0.011294417
0.01077665
0.010258883
0.012478851
0.011961084
0.011443317
0.01092555
0.013145518
0.012627751
0.012109984
0.011592217
0.013812184
0.013294417
0.01277665
0.012258883
0.014478851
0.013961084
0.013443317
0.01292555
-0.00085448221
-0.0013722492
-0.0018900163
-0.0024077833
-0.00018781554
-0.00070558258
-0.0012233496
-0.0017411166
0.00047885112
-3.8915911e-05
-0.00055668294
-0.00107445
0.0011455178
0.00062775076
0.00010998372
-0.00040778331
0.0018121845
0.0012944174
0.00077665039
0.00025888335
0.0024788511
0.0019610841
0.0014433171
0.00092555002
0.0031455178
0.0026277508
0.0021099837
0.0015922167
0.0038121845
0.0032944174
0.0027766504
0.0022588834
0.0044788511
0.0039610841
0.0034433171
0.00292555
0.0051455178
0.0046277508
0.0041099837
0.0035922167
0.0058121845
0.0052944174
0.0047766504
0.0042588834
0.0064788511
0.0059610841
0.0054433171
0.00492555
0.0071455178
0.0066277508
0.0061099837
0.0055922167
0.0078121845
0.0072944174
0.0067766504
0.0062588834
0.0084788511
0.0079610841
0.0074433171
0.00692555
0.0091455178
0.0086277508
0.0081099837
0.0075922167
0.0098121845
0.0092944174
0.0087766504
0.0082588834
0.010478851
0.0099610841
0.0094433171
0.00892555
0.011145518
0.010627751
0.010109984
0.0095922167
0.011812184
0.011294417
0.01077665
0.010258883
0.012478851
0.011961084
0.011443317
0.01092555
0.013145518
0.012627751
0.012109984
0.011592217
0.013812184
0.013294417
0.01277665
0.012258883
0.014478851
0.013961084
0.013443317
0.01292555
-0.00085448221
-0.0013722492
-0.0018900163
-0.0024077833
-0.00018781554
-0.00070558257
-0.0012233496
-0.0017411166
0.00047885113
-3.8915909e-05
-0.00055668295
-0.00107445
0.0011455178
0.00062775076
0.00010998372
-0.00040778331
0.0018121845
0.0012944174
0.00077665039
0.00025888335
0.0024788511
0.0019610841
0.0014433171
0.00092555002
0.0031455178
0.0026277508
0.0021099837
0.0015922167
0.0038121845
0.0032944174
0.0027766504
0.0022588834
0.0044788511
0.0039610841
0.0034433171
0.00292555
0.0051455178
0.0046277508
0.0041099837
0.0035922167
0.0058121845
0.0052944174
0.0047766504
0.0042588834
0.0064788511
0.0059610841
0.0054433171
0.00492555
0.0071455178
0.0066277508
0.0061099837
0.0055922167
0.0078121845
0.0072944174
0.0067766504
0.0062588834
0.0084788511
0.0079610841
0.0074433171
0.00692555
0.0091455178
0.0086277508
0.0081099837
0.0075922167
0.0098121845
0.0092944174
0.0087766504
0.0082588834
0.010478851
0.0099610841
0.0094433171
0.00892555
0.011145518
0.010627751
0.010109984
0.0095922167
0.011812184
0.011294417
0.01077665
0.010258883
0.012478851
0.011961084
0.011443317
0.01092555
0.013145518
0.012627751
0.012109984
0.011592217
0.013812184
0.013294417
0.01277665
0.012258883
0.014478851
0.013961084
0.013443317
0.01292555
-0.00085448221
-0.0013722492
-0.0018900163
-0.0024077833
-0.00018781554
-0.00070558258
-0.0012233496
-0.0017411167
0.00047885113
-3.891591e-05
-0.00055668294
-0.00107445
0.0011455178
0.00062775076
0.00010998372
-0.00040778332
0.0018121845
0.0012944174
0.00077665039
0.00025888335
0.0024788511
0.0019610841
0.0014433171
0.00092555002
0.0031455178
0.0026277508
0.0021099837
0.0015922167
0.0038121845
0.0032944174
0.0027766504
0.0022588833
0.0044788511
0.0039610841
0.0034433171
0.00292555
0.0051455178
0.0046277508
0.0041099837
0.0035922167
0.0058121845
0.0052944174
0.0047766504
0.0042588833
0.0064788511
0.0059610841
0.0054433171
0.00492555
0.0071455178
0.0066277508
0.0061099837
0.0055922167
0.0078121845
0.0072944174
0.0067766504
0.0062588833
0.0084788511
0.0079610841
0.0074433171
0.00692555
0.0091455178
0.0086277508
0.0081099837
0.0075922167
0.0098121845
0.0092944174
0.0087766504
0.0082588833
0.010478851
0.0099610841
0.0094433171
0.00892555
0.011145518
0.010627751
0.010109984
0.0095922167
0.011812184
0.011294417
0.01077665
0.010258883
0.012478851
0.011961084
0.011443317
0.01092555
0.013145518
0.012627751
0.012109984
0.011592217
0.013812184
0.013294417
0.01277665
0.012258883
0.014478851
0.013961084
0.013443317
0.01292555
-0.0008544822
-0.0013722492
-0.0018900163
-0.0024077833
-0.00018781554
-0.00070558258
-0.0012233496
-0.0017411167
0.00047885113
-3.8915909e-05
-0.00055668295
-0.00107445
0.0011455178
0.00062775076
0.00010998372
-0.00040778332
0.0018121845
0.0012944174
0.00077665039
0.00025888335
0.0024788511
0.0019610841
0.0014433171
0.00092555001
0.0031455178
0.0026277508
0.0021099837
0.0015922167
0.0038121845
0.0032944174
0.0027766504
0.0022588833
0.0044788511
0.0039610841
0.0034433171
0.00292555
0.0051455178
0.0046277508
0.0041099837
0.0035922167
0.0058121845
0.0052944174
0.0047766504
0.0042588833
0.0064788511
0.0059610841
0.0054433171
0.00492555
0.0071455178
0.0066277508
0.0061099837
0.0055922167
0.0078121845
0.0072944174
0.0067766504
0.0062588833
0.0084788511
0.0079610841
0.0074433171
0.00692555
0.0091455178
0.0086277508
0.0081099837
0.0075922167
0.0098121845
0.0092944174
0.0087766504
0.0082588833
0.010478851
0.0099610841
0.0094433171
0.00892555
0.011145518
0.010627751
0.010109984
0.0095922167
0.011812184
0.011294417
0.01077665
0.010258883
0.012478851
0.011961084
0.011443317
0.01092555
0.013145518
0.012627751
0.012109984
0.011592217
0.013812184
0.013294417
0.01277665
0.012258883
0.014478851
0.013961084
0.013443317
0.01292555
-0.0008544822
-0.0013722492
-0.0018900163
-0.0024077833
-0.00018781553
-0.00070558257
-0.0012233496
-0.0017411167
0.00047885113
-3.8915906e-05
-0.00055668295
-0.00107445
0.0011455178
0.00062775076
0.00010998372
-0.00040778332
0.0018121845
0.0012944174
0.00077665039
0.00025888335
0.0024788511
0.0019610841
0.0014433171
0.00092555001
0.0031455178
0.0026277508
0.0021099837
0.0015922167
0.0038121845
0.0032944174
0.0027766504
0.0022588833
0.0044788511
0.0039610841
0.0034433171
0.00292555
0.0051455178
0.0046277508
0.0041099837
0.0035922167
0.0058121845
0.0052944174
0.0047766504
0.0042588833
0.0064788511
0.0059610841
0.0054433171
0.00492555
0.0071455178
0.0066277508
0.0061099837
0.0055922167
0.0078121845
0.0072944174
0.0067766504
0.0062588833
0.0084788511
0.0079610841
0.0074433171
0.00692555
0.0091455178
0.0086277508
0.0081099837
0.0075922167
0.0098121845
0.0092944174
0.0087766504
0.0082588833
0.010478851
0.0099610841
0.0094433171
0.00892555
0.011145518
0.010627751
0.010109984
0.0095922167
0.011812184
0.011294417
0.01077665
0.010258883
0.012478851
0.011961084
0.011443317
0.01092555
0.013145518
0.012627751
0.012109984
0.011592217
0.013812184
0.013294417
0.01277665
0.012258883
0.014478851
0.013961084
0.013443317
0.01292555
-0.0008544822
-0.0013722492
-0.0018900163
-0.0024077833
-0.00018781553
-0.00070558257
-0.0012233496
-0.0017411167
0.00047885113
-3.8915908e-05
-0.00055668295
-0.00107445
0.0011455178
0.00062775076
0.00010998372
-0.00040778332
0.0018121845
0.0012944174
0.00077665039
0.00025888335
0.0024788511
0.0019610841
0.0014433171
0.00092555001
0.0031455178
0.0026277508
0.0021099837
0.0015922167
0.0038121845
0.0032944174
0.0027766504
0.0022588833
0.0044788511
0.0039610841
0.0034433171
0.00292555
0.0051455178
0.0046277508
0.0041099837
0.0035922167
0.0058121845
0.0052944174
0.0047766504
0.0042588833
0.0064788511
0.0059610841
0.0054433171
0.00492555
0.0071455178
0.0066277508
0.0061099837
0.0055922167
0.0078121845
0.0072944174
0.0067766504
0.0062588833
0.0084788511
0.0079610841
0.0074433171
0.00692555
0.0091455178
0.0086277508
0.0081099837
0.0075922167
0.0098121845
0.0092944174
0.0087766504
0.0082588833
0.010478851
0.0099610841
0.0094433171
0.00892555
0.011145518
0.010627751
0.010109984
0.0095922167
0.011812184
0.011294417
0.01077665
0.010258883
0.012478851
0.011961084
0.011443317
0.01092555
0.013145518
0.012627751
0.012109984
0.011592217
0.013812184
0.013294417
0.01277665
0.012258883
0.014478851
0.013961084
0.013443317
0.01292555
-0.0008544822
-0.0013722492
-0.0018900163
-0.0024077833
-0.00018781553
-0.00070558257
-0.0012233496
-0.0017411167
0.00047885113
-3.8915905e-05
-0.00055668295
-0.00107445
0.0011455178
0.00062775076
0.00010998372
-0.00040778332
0.0018121845
0.0012944174
0.00077665038
0.00025888335
0.0024788511
0.0019610841
0.001443317
0.00092555001
0.0031455178
0.0026277508
0.0021099837
0.0015922167
0.0038121845
0.0032944174
0.0027766504
0.0022588833
0.0044788511
0.0039610841
0.003443317
0.00292555
0.0051455178
0.0046277508
0.0041099837
0.0035922167
0.0058121845
0.0052944174
0.0047766504
0.0042588833
0.0064788511
0.0059610841
0.005443317
0.00492555
0.0071455178
0.0066277508
0.0061099837
0.0055922167
0.0078121845
0.0072944174
0.0067766504
0.0062588833
0.0084788511
0.0079610841
0.007443317
0.00692555
0.0091455178
0.0086277508
0.0081099837
0.0075922167
0.0098121845
0.0092944174
0.0087766504
0.0082588833
0.010478851
0.0099610841
0.009443317
0.00892555
0.011145518
0.010627751
0.010109984
0.0095922167
0.011812184
0.011294417
0.01077665
0.010258883
0.012478851
0.011961084
0.011443317
0.01092555
0.013145518
0.012627751
0.012109984
0.011592217
0.013812184
0.013294417
0.01277665
0.012258883
0.014478851
0.013961084
0.013443317
0.01292555
-0.00085448219
-0.0013722492
-0.0018900163
-0.0024077833
-0.00018781553
-0.00070558258
-0.0012233496
-0.0017411167
0.00047885114
-3.8915909e-05
-0.00055668295
-0.00107445
0.0011455178
0.00062775076
0.00010998372
-0.00040778333
0.0018121845
0.0012944174
0.00077665039
0.00025888334
0.0024788511
0.0019610841
0.0014433171
0.00092555001
0.0031455178
0.0026277508
0.0021099837
0.0015922167
0.0038121845
0.0032944174
0.0027766504
0.0022588833
0.0044788511
0.0039610841
0.0034433171
0.00292555
0.0051455178
0.0046277508
0.0041099837
0.0035922167
0.0058121845
0.0052944174
0.0047766504
0.0042588833
0.0064788511
0.0059610841
0.0054433171
0.00492555
0.0071455178
0.0066277508
0.0061099837
0.0055922167
0.0078121845
0.0072944174
0.0067766504
0.0062588833
0.0084788511
0.0079610841
0.0074433171
0.00692555
0.0091455178
0.0086277508
0.0081099837
0.0075922167
0.0098121845
0.0092944174
0.0087766504
0.0082588833
0.010478851
0.0099610841
0.0094433171
0.00892555
0.011145518
0.010627751
0.010109984
0.0095922167
0.011812184
0.011294417
0.01077665
0.010258883
0.012478851
0.011961084
0.011443317
0.01092555
0.013145518
0.012627751
0.012109984
0.011592217
0.013812184
0.013294417
0.01277665
0.012258883
0.014478851
0.013961084
0.013443317
0.01292555
-0.0008544822
-0.0013722492
-0.0018900163
-0.0024077833
-0.00018781553
-0.00070558257
-0.0012233496
-0.0017411167
0.00047885114
-3.8915904e-05
-0.00055668295
-0.00107445
0.0011455178
0.00062775076
0.00010998372
-0.00040778333
0.0018121845
0.0012944174
0.00077665038
0.00025888334
0.0024788511
0.0019610841
0.001443317
0.00092555001
0.0031455178
0.0026277508
0.0021099837
0.0015922167
0.0038121845
0.0032944174
0.0027766504
0.0022588833
0.0044788511
0.0039610841
0.003443317
0.00292555
0.0051455178
0.0046277508
0.0041099837
0.0035922167
0.0058121845
0.0052944174
0.0047766504
0.0042588833
0.0064788511
0.0059610841
0.005443317
0.00492555
0.0071455178
0.0066277508
0.0061099837
0.0055922167
0.0078121845
0.0072944174
0.0067766504
0.0062588833
0.0084788511
0.0079610841
0.007443317
0.00692555
0.0091455178
0.0086277508
0.0081099837
0.0075922167
0.0098121845
0.0092944174
0.0087766504
0.0082588833
0.010478851
0.0099610841
0.0094433171
0.00892555
0.011145518
0.010627751
0.010109984
0.0095922167
0.011812184
0.011294417
0.01077665
0.010258883
0.012478851
0.011961084
0.011443317
0.01092555
0.013145518
0.012627751
0.012109984
0.011592217
0.013812184
0.013294417
0.01277665
0.012258883
0.014478851
0.013961084
0.013443317
0.01292555
-0.00085448219
-0.0013722492
-0.0018900163
-0.0024077833
-0.00018781552
-0.00070558257
-0.0012233496
-0.0017411167
0.00047885114
-3.8915906e-05
-0.00055668295
-0.00107445
0.0011455178
0.00062775076
0.00010998372
-0.00040778333
0.0018121845
0.0012944174
0.00077665038
0.00025888334
0.0024788511
0.0019610841
0.0014433171
0.00092555
0.0031455178
0.0026277508
0.0021099837
0.0015922167
0.0038121845
0.0032944174
0.0027766504
0.0022588833
0.0044788511
0.0039610841
0.0034433171
0.00292555
0.0051455178
0.0046277508
0.0041099837
0.0035922167
0.0058121845
0.0052944174
0.0047766504
0.0042588833
0.0064788511
0.0059610841
0.0054433171
0.00492555
0.0071455178
0.0066277508
0.0061099837
0.0055922167
0.0078121845
0.0072944174
0.0067766504
0.0062588833
0.0084788511
0.0079610841
0.0074433171
0.00692555
0.0091455178
0.0086277508
0.0081099837
0.0075922167
0.0098121845
0.0092944174
0.0087766504
0.0082588833
0.010478851
0.0099610841
0.0094433171
0.00892555
0.011145518
0.010627751
0.010109984
0.0095922167
0.011812184
0.011294417
0.01077665
0.010258883
0.012478851
0.011961084
0.011443317
0.01092555
0.013145518
0.012627751
0.012109984
0.011592217
0.013812184
0.013294417
0.01277665
0.012258883
0.014478851
0.013961084
0.013443317
0.01292555
-0.00085448219
-0.0013722492
-0.0018900163
-0.0024077833
-0.00018781552
-0.00070558257
-0.0012233496
-0.0017411167
0.00047885114
-3.8915903e-05
-0.00055668295
-0.00107445
0.0011455178
0.00062775076
0.00010998371
-0.00040778333
0.0018121845
0.0012944174
0.00077665038
0.00025888334
0.0024788511
0.0019610841
0.001443317
0.00092555
0.0031455178
0.0026277508
0.0021099837
0.0015922167
0.0038121845
0.0032944174
0.0027766504
0.0022588833
0.0044788511
0.0039610841
0.003443317
0.00292555
0.0051455178
0.0046277508
0.0041099837
0.0035922167
0.0058121845
0.0052944174
0.0047766504
0.0042588833
0.0064788511
0.0059610841
0.005443317
0.00492555
0.0071455178
0.0066277508
0.0061099837
0.0055922167
0.0078121845
0.0072944174
0.0067766504
0.0062588833
0.0084788511
0.0079610841
0.007443317
0.00692555
0.0091455178
0.0086277508
0.0081099837
0.0075922167
0.0098121845
0.0092944174
0.0087766504
0.0082588833
0.010478851
0.0099610841
0.009443317
0.00892555
0.011145518
0.010627751
0.010109984
0.0095922167
0.011812184
0.011294417
0.01077665
0.010258883
0.012478851
0.011961084
0.011443317
0.01092555
0.013145518
0.012627751
0.012109984
0.011592217
0.013812184
0.013294417
0.01277665
0.012258883
0.014478851
0.013961084
0.013443317
0.01292555
-0.00085448219
-0.0013722492
-0.0018900163
-0.0024077833
-0.00018781552
-0.00070558257
-0.0012233496
-0.0017411167
0.00047885114
-3.8915904e-05
-0.00055668295
-0.00107445
0.0011455178
0.00062775076
0.00010998372
-0.00040778333
0.0018121845
0.0012944174
0.00077665038
0.00025888333
0.0024788511
0.0019610841
0.001443317
0.00092555
0.0031455178
0.0026277508
0.0021099837
0.0015922167
0.0038121845
0.0032944174
0.0027766504
0.0022588833
0.0044788511
0.0039610841
0.003443317
0.00292555
0.0051455178
0.0046277508
0.0041099837
0.0035922167
0.0058121845
0.0052944174
0.0047766504
0.0042588833
0.0064788511
0.0059610841
0.005443317
0.00492555
0.0071455178
0.0066277508
0.0061099837
0.0055922167
0.0078121845
0.0072944174
0.0067766504
0.0062588833
0.0084788511
0.0079610841
0.007443317
0.00692555
0.0091455178
0.0086277508
0.0081099837
0.0075922167
0.0098121845
0.0092944174
0.0087766504
0.0082588833
0.010478851
0.0099610841
0.0094433171
0.00892555
0.011145518
0.010627751
0.010109984
0.0095922167
0.011812184
0.011294417
0.01077665
0.010258883
0.012478851
0.011961084
0.011443317
0.01092555
0.013145518
0.012627751
0.012109984
0.011592217
0.013812184
0.013294417
0.01277665
0.012258883
0.014478851
0.013961084
0.013443317
0.01292555
-0.00085448219
-0.0013722492
-0.0018900163
-0.0024077833
-0.00018781552
-0.00070558257
-0.0012233496
-0.0017411167
0.00047885115
-3.8915901e-05
-0.00055668295
-0.00107445
0.0011455178
0.00062775077
0.00010998371
-0.00040778333
0.0018121845
0.0012944174
0.00077665038
0.00025888333
0.0024788511
0.0019610841
0.001443317
0.00092555
0.0031455178
0.0026277508
0.0021099837
0.0015922167
0.0038121845
0.0032944174
0.0027766504
0.0022588833
0.0044788511
0.0039610841
0.003443317
0.00292555
0.0051455178
0.0046277508
0.0041099837
0.0035922167
0.0058121845
0.0052944174
0.0047766504
0.0042588833
0.0064788511
0.0059610841
0.005443317
0.00492555
0.0071455178
0.0066277508
0.0061099837
0.0055922167
0.0078121845
0.0072944174
0.0067766504
0.0062588833
0.0084788511
0.0079610841
0.007443317
0.00692555
0.0091455178
0.0086277508
0.0081099837
0.0075922167
0.0098121845
0.0092944174
0.0087766504
0.0082588833
0.010478851
0.0099610841
0.009443317
0.00892555
0.011145518
0.010627751
0.010109984
0.0095922167
0.011812184
0.011294417
0.01077665
0.010258883
0.012478851
0.011961084
0.011443317
0.01092555
0.013145518
0.012627751
0.012109984
0.011592217
0.013812184
0.013294417
0.01277665
0.012258883
0.014478851
0.013961084
0.013443317
0.01292555
-0.00085448218
-0.0013722492
-0.0018900163
-0.0024077833
-0.00018781552
-0.00070558257
-0.0012233496
-0.0017411167
0.00047885115
-3.8915903e-05
-0.00055668295
-0.00107445
0.0011455178
0.00062775076
0.00010998371
-0.00040778334
0.0018121845
0.0012944174
0.00077665038
0.00025888333
0.0024788511
0.0019610841
0.001443317
0.00092555
0.0031455178
0.0026277508
0.0021099837
0.0015922167
0.0038121845
0.0032944174
0.0027766504
0.0022588833
0.0044788511
0.0039610841
0.003443317
0.00292555
0.0051455178
0.0046277508
0.0041099837
0.0035922167
0.0058121845
0.0052944174
0.0047766504
0.0042588833
0.0064788511
0.0059610841
0.005443317
0.00492555
0.0071455178
0.0066277508
0.0061099837
0.0055922167
0.0078121845
0.0072944174
0.0067766504
0.0062588833
0.0084788511
0.0079610841
0.007443317
0.00692555
0.0091455178
0.0086277508
0.0081099837
0.0075922167
0.0098121845
0.0092944174
0.0087766504
0.0082588833
0.010478851
0.0099610841
0.009443317
0.00892555
0.011145518
0.010627751
0.010109984
0.0095922167
0.011812184
0.011294417
0.01077665
0.010258883
0.012478851
0.011961084
0.011443317
0.01092555
0.013145518
0.012627751
0.012109984
0.011592217
0.013812184
0.013294417
0.01277665
0.012258883
0.014478851
0.013961084
0.013443317
0.01292555
-0.00085448218
-0.0013722492
-0.0018900163
-0.0024077833
-0.00018781552
-0.00070558257
-0.0012233496
-0.0017411167
0.00047885115
-3.8915903e-05
-0.00055668295
-0.00107445
0.0011455178
0.00062775076
0.00010998371
-0.00040778334
0.0018121845
0.0012944174
0.00077665038
0.00025888333
0.0024788512
0.0019610841
0.001443317
0.00092554999
0.0031455178
0.0026277508
0.0021099837
0.0015922167
0.0038121845
0.0032944174
0.0027766504
0.0022588833
0.0044788512
0.0039610841
0.003443317
0.00292555
0.0051455178
0.0046277508
0.0041099837
0.0035922167
0.0058121845
0.0052944174
0.0047766504
0.0042588833
0.0064788512
0.0059610841
0.005443317
0.00492555
0.0071455178
0.0066277508
0.0061099837
0.0055922167
0.0078121845
0.0072944174
0.0067766504
0.0062588833
0.0084788512
0.0079610841
0.007443317
0.00692555
0.0091455178
0.0086277508
0.0081099837
0.0075922167
0.0098121845
0.0092944174
0.0087766504
0.0082588833
0.010478851
0.0099610841
0.009443317
0.00892555
0.011145518
0.010627751
0.010109984
0.0095922167
0.011812184
0.011294417
0.01077665
0.010258883
0.012478851
0.011961084
0.011443317
0.01092555
0.013145518
0.012627751
0.012109984
0.011592217
0.013812184
0.013294417
0.01277665
0.012258883
0.014478851
0.013961084
0.013443317
0.01292555
-0.00085448218
-0.0013722492
-0.0018900163
-0.0024077833
-0.00018781551
-0.00070558257
-0.0012233496
-0.0017411167
0.00047885115
-3.89159e-05
-0.00055668296
-0.00107445
0.0011455178
0.00062775077
0.00010998371
-0.00040778334
0.0018121845
0.0012944174
0.00077665038
0.00025888333
0.0024788512
0.0019610841
0.001443317
0.00092554999
0.0031455178
0.0026277508
0.0021099837
0.0015922167
0.0038121845
0.0032944174
0.0027766504
0.0022588833
0.0044788512
0.0039610841
0.003443317
0.00292555
0.0051455178
0.0046277508
0.0041099837
0.0035922167
0.0058121845
0.0052944174
0.0047766504
0.0042588833
0.0064788512
0.0059610841
0.005443317
0.00492555
0.0071455178
0.0066277508
0.0061099837
0.0055922167
0.0078121845
0.0072944174
0.0067766504
0.0062588833
0.0084788512
0.0079610841
0.007443317
0.00692555
0.0091455178
0.0086277508
0.0081099837
0.0075922167
0.0098121845
0.0092944174
0.0087766504
0.0082588833
0.010478851
0.0099610841
0.009443317
0.00892555
0.011145518
0.010627751
0.010109984
0.0095922167
0.011812184
0.011294417
0.01077665
0.010258883
0.012478851
0.011961084
0.011443317
0.01092555
0.013145518
0.012627751
0.012109984
0.011592217
0.013812184
0.013294417
0.01277665
0.012258883
0.014478851
0.013961084
0.013443317
0.01292555
-0.00085448218
-0.0013722492
-0.0018900163
-0.0024077833
-0.00018781551
-0.00070558257
-0.0012233496
-0.0017411167
0.00047885116
-3.8915901e-05
-0.00055668295
-0.00107445
0.0011455178
0.00062775077
0.00010998371
-0.00040778334
0.0018121845
0.0012944174
0.00077665038
0.00025888332
0.0024788512
0.0019610841
0.001443317
0.00092554999
0.0031455178
0.0026277508
0.0021099837
0.0015922167
0.0038121845
0.0032944174
0.0027766504
0.0022588833
0.0044788512
0.0039610841
0.003443317
0.00292555
0.0051455178
0.0046277508
0.0041099837
0.0035922167
0.0058121845
0.0052944174
0.0047766504
0.0042588833
0.0064788512
0.0059610841
0.005443317
0.00492555
0.0071455178
0.0066277508
0.0061099837
0.0055922167
0.0078121845
0.0072944174
0.0067766504
0.0062588833
0.0084788512
0.0079610841
0.007443317
0.00692555
0.0091455178
0.0086277508
0.0081099837
0.0075922167
0.0098121845
0.0092944174
0.0087766504
0.0082588833
0.010478851
0.0099610841
0.009443317
0.00892555
0.011145518
0.010627751
0.010109984
0.0095922167
0.011812184
0.011294417
0.01077665
0.010258883
0.012478851
0.011961084
0.011443317
0.01092555
0.013145518
0.012627751
0.012109984
0.011592217
0.013812184
0.013294417
0.01277665
0.012258883
0.014478851
0.013961084
0.013443317
0.01292555
-0.0029681427
-0.0035710952
-0.0041740477
-0.0047770002
-0.002301476
-0.0029044285
-0.003507381
-0.0041103335
-0.0016348093
-0.0022377619
-0.0028407144
-0.0034436669
-0.00096814269
-0.0015710952
-0.0021740477
-0.0027770002
-0.00030147602
-0.00090442852
-0.001507381
-0.0021103335
0.00036519065
-0.00023776185
-0.00084071436
-0.0014436669
0.0010318573
0.00042890481
-0.0001740477
-0.0007770002
0.001698524
0.0010955715
0.00049261897
-0.00011033353
0.0023651906
0.0017622381
0.0011592856
0.00055633313
0.0030318573
0.0024289048
0.0018259523
0.0012229998
0.003698524
0.0030955715
0.002492619
0.0018896665
0.0043651906
0.0037622381
0.0031592856
0.0025563331
0.0050318573
0.0044289048
0.0038259523
0.0032229998
0.005698524
0.0050955715
0.004492619
0.0038896665
0.0063651906
0.0057622381
0.0051592856
0.0045563331
0.0070318573
0.0064289048
0.0058259523
0.0052229998
0.007698524
0.0070955715
0.006492619
0.0058896665
0.0083651906
0.0077622381
0.0071592856
0.0065563331
0.0090318573
0.0084289048
0.0078259523
0.0072229998
0.009698524
0.0090955715
0.008492619
0.0078896665
0.010365191
0.0097622381
0.0091592856
0.0085563331
0.011031857
0.010428905
0.0098259523
0.0092229998
0.011698524
0.011095571
0.010492619
0.0098896665
0.012365191
0.011762238
0.011159286
0.010556333
-0.0029681427
-0.0035710952
-0.0041740477
-0.0047770002
-0.002301476
-0.0029044285
-0.003507381
-0.0041103335
-0.0016348093
-0.0022377619
-0.0028407144
-0.0034436669
-0.00096814268
-0.0015710952
-0.0021740477
-0.0027770002
-0.00030147601
-0.00090442852
-0.001507381
-0.0021103335
0.00036519065
-0.00023776186
-0.00084071436
-0.0014436669
0.0010318573
0.00042890481
-0.00017404769
-0.0007770002
0.001698524
0.0010955715
0.00049261897
-0.00011033353
0.0023651907
0.0017622381
0.0011592856
0.00055633313
0.0030318573
0.0024289048
0.0018259523
0.0012229998
0.003698524
0.0030955715
0.002492619
0.0018896665
0.0043651907
0.0037622381
0.0031592856
0.0025563331
0.0050318573
0.0044289048
0.0038259523
0.0032229998
0.005698524
0.0050955715
0.004492619
0.0038896665
0.0063651907
0.0057622381
0.0051592856
0.0045563331
0.0070318573
0.0064289048
0.0058259523
0.0052229998
0.007698524
0.0070955715
0.006492619
0.0058896665
0.0083651907
0.0077622381
0.0071592856
0.0065563331
0.0090318573
0.0084289048
0.0078259523
0.0072229998
0.009698524
0.0090955715
0.008492619
0.0078896665
0.010365191
0.0097622381
0.0091592856
0.0085563331
0.011031857
0.010428905
0.0098259523
0.0092229998
0.011698524
0.011095571
0.010492619
0.0098896665
0.012365191
0.011762238
0.011159286
0.010556333
-0.0029681427
-0.0035710952
-0.0041740477
-0.0047770002
-0.002301476
-0.0029044285
-0.003507381
-0.0041103335
-0.0016348093
-0.0022377619
-0.0028407144
-0.0034436669
-0.00096814268
-0.0015710952
-0.0021740477
-0.0027770002
-0.00030147601
-0.00090442852
-0.001507381
-0.0021103335
0.00036519065
-0.00023776185
-0.00084071436
-0.0014436669
0.0010318573
0.00042890482
-0.0001740477
-0.0007770002
0.001698524
0.0010955715
0.00049261897
-0.00011033354
0.0023651907
0.0017622381
0.0011592856
0.00055633313
0.0030318573
0.0024289048
0.0018259523
0.0012229998
0.003698524
0.0030955715
0.002492619
0.0018896665
0.0043651907
0.0037622381
0.0031592856
0.0025563331
0.0050318573
0.0044289048
0.0038259523
0.0032229998
0.005698524
0.0050955715
0.004492619
0.0038896665
0.0063651907
0.0057622381
0.0051592856
0.0045563331
0.0070318573
0.0064289048
0.0058259523
0.0052229998
0.007698524
0.0070955715
0.006492619
0.0058896665
0.0083651907
0.0077622381
0.0071592856
0.0065563331
0.0090318573
0.0084289048
0.0078259523
0.0072229998
0.009698524
0.0090955715
0.008492619
0.0078896665
0.010365191
0.0097622381
0.0091592856
0.0085563331
0.011031857
0.010428905
0.0098259523
0.0092229998
0.011698524
0.011095571
0.010492619
0.0098896665
0.012365191
0.011762238
0.011159286
0.010556333
-0.0029681427
-0.0035710952
-0.0041740477
-0.0047770002
-0.002301476
-0.0029044285
-0.003507381
-0.0041103335
-0.0016348093
-0.0022377619
-0.0028407144
-0.0034436669
-0.00096814268
-0.0015710952
-0.0021740477
-0.0027770002
-0.00030147601
-0.00090442852
-0.001507381
-0.0021103335
0.00036519065
-0.00023776185
-0.00084071436
-0.0014436669
0.0010318573
0.00042890481
-0.0001740477
-0.0007770002
0.001698524
0.0010955715
0.00049261897
-0.00011033354
0.0023651907
0.0017622381
0.0011592856
0.00055633313
0.0030318573
0.0024289048
0.0018259523
0.0012229998
0.003698524
0.0030955715
0.002492619
0.0018896665
0.0043651907
0.0037622381
0.0031592856
0.0025563331
0.0050318573
0.0044289048
0.0038259523
0.0032229998
0.005698524
0.0050955715
0.004492619
0.0038896665
0.0063651907
0.0057622381
0.0051592856
0.0045563331
0.0070318573
0.0064289048
0.0058259523
0.0052229998
0.007698524
0.0070955715
0.006492619
0.0058896665
0.0083651907
0.0077622381
0.0071592856
0.0065563331
0.0090318573
0.0084289048
0.0078259523
0.0072229998
0.009698524
0.0090955715
0.008492619
0.0078896665
0.010365191
0.0097622381
0.0091592856
0.0085563331
0.011031857
0.010428905
0.0098259523
0.0092229998
0.011698524
0.011095571
0.010492619
0.0098896665
0.012365191
0.011762238
0.011159286
0.010556333
-0.0029681427
-0.0035710952
-0.0041740477
-0.0047770002
-0.002301476
-0.0029044285
-0.003507381
-0.0041103335
-0.0016348093
-0.0022377619
-0.0028407144
-0.0034436669
-0.00096814268
-0.0015710952
-0.0021740477
-0.0027770002
-0.00030147601
-0.00090442852
-0.001507381
-0.0021103335
0.00036519066
-0.00023776185
-0.00084071436
-0.0014436669
0.0010318573
0.00042890481
-0.0001740477
-0.00077700021
0.001698524
0.0010955715
0.00049261897
-0.00011033354
0.0023651907
0.0017622381
0.0011592856
0.00055633312
0.0030318573
0.0024289048
0.0018259523
0.0012229998
0.003698524
0.0030955715
0.002492619
0.0018896665
0.0043651907
0.0037622381
0.0031592856
0.0025563331
0.0050318573
0.0044289048
0.0038259523
0.0032229998
0.005698524
0.0050955715
0.004492619
0.0038896665
0.0063651907
0.0057622381
0.0051592856
0.0045563331
0.0070318573
0.0064289048
0.0058259523
0.0052229998
0.007698524
0.0070955715
0.006492619
0.0058896665
0.0083651907
0.0077622381
0.0071592856
0.0065563331
0.0090318573
0.0084289048
0.0078259523
0.0072229998
0.009698524
0.0090955715
0.008492619
0.0078896665
0.010365191
0.0097622381
0.0091592856
0.0085563331
0.011031857
0.010428905
0.0098259523
0.0092229998
0.011698524
0.011095571
0.010492619
0.0098896665
0.012365191
0.011762238
0.011159286
0.010556333
-0.0029681427
-0.0035710952
-0.0041740477
-0.0047770002
-0.002301476
-0.0029044285
-0.003507381
-0.0041103335
-0.0016348093
-0.0022377619
-0.0028407144
-0.0034436669
-0.00096814267
-0.0015710952
-0.0021740477
-0.0027770002
-0.00030147601
-0.00090442852
-0.001507381
-0.0021103335
0.00036519066
-0.00023776185
-0.00084071436
-0.0014436669
0.0010318573
0.00042890482
-0.0001740477
-0.00077700021
0.001698524
0.0010955715
0.00049261897
-0.00011033354
0.0023651907
0.0017622381
0.0011592856
0.00055633313
0.0030318573
0.0024289048
0.0018259523
0.0012229998
0.003698524
0.0030955715
0.002492619
0.0018896665
0.0043651907
0.0037622381
0.0031592856
0.0025563331
0.0050318573
0.0044289048
0.0038259523
0.0032229998
0.005698524
0.0050955715
0.004492619
0.0038896665
0.0063651907
0.0057622381
0.0051592856
0.0045563331
0.0070318573
0.0064289048
0.0058259523
0.0052229998
0.007698524
0.0070955715
0.006492619
0.0058896665
0.0083651907
0.0077622381
0.0071592856
0.0065563331
0.0090318573
0.0084289048
0.0078259523
0.0072229998
0.009698524
0.0090955715
0.008492619
0.0078896665
0.010365191
0.0097622381
0.0091592856
0.0085563331
0.011031857
0.010428905
0.0098259523
0.0092229998
0.011698524
0.011095571
0.010492619
0.0098896665
0.012365191
0.011762238
0.011159286
0.010556333
-0.0029681427
-0.0035710952
-0.0041740477
-0.0047770002
-0.002301476
-0.0029044285
-0.003507381
-0.0041103335
-0.0016348093
-0.0022377619
-0.0028407144
-0.0034436669
-0.00096814267
-0.0015710952
-0.0021740477
-0.0027770002
-0.000301476
-0.00090442852
-0.001507381
-0.0021103335
0.00036519066
-0.00023776185
-0.00084071436
-0.0014436669
0.0010318573
0.00042890481
-0.0001740477
-0.00077700021
0.001698524
0.0010955715
0.00049261897
-0.00011033354
0.0023651907
0.0017622381
0.0011592856
0.00055633312
0.0030318573
0.0024289048
0.0018259523
0.0012229998
0.003698524
0.0030955715
0.002492619
0.0018896665
0.0043651907
0.0037622381
0.0031592856
0.0025563331
0.0050318573
0.0044289048
0.0038259523
0.0032229998
0.005698524
0.0050955715
0.004492619
0.0038896665
0.0063651907
0.0057622381
0.0051592856
0.0045563331
0.0070318573
0.0064289048
0.0058259523
0.0052229998
0.007698524
0.0070955715
0.006492619
0.0058896665
0.0083651907
0.0077622381
0.0071592856
0.0065563331
0.0090318573
0.0084289048
0.0078259523
0.0072229998
0.009698524
0.0090955715
0.008492619
0.0078896665
0.010365191
0.0097622381
0.0091592856
0.0085563331
0.011031857
0.010428905
0.0098259523
0.0092229998
0.011698524
0.011095571
0.010492619
0.0098896665
0.012365191
0.011762238
0.011159286
0.010556333
-0.0029681427
-0.0035710952
-0.0041740477
-0.0047770002
-0.002301476
-0.0029044285
-0.003507381
-0.0041103335
-0.0016348093
-0.0022377618
-0.0028407144
-0.0034436669
-0.00096814267
-0.0015710952
-0.0021740477
-0.0027770002
-0.000301476
-0.00090442852
-0.001507381
-0.0021103335
0.00036519067
-0.00023776185
-0.00084071437
-0.0014436669
0.0010318573
0.00042890481
-0.0001740477
-0.00077700021
0.001698524
0.0010955715
0.00049261897
-0.00011033355
0.0023651907
0.0017622381
0.0011592856
0.00055633312
0.0030318573
0.0024289048
0.0018259523
0.0012229998
0.003698524
0.0030955715
0.002492619
0.0018896665
0.0043651907
0.0037622381
0.0031592856
0.0025563331
0.0050318573
0.0044289048
0.0038259523
0.0032229998
0.005698524
0.0050955715
0.004492619
0.0038896665
0.0063651907
0.0057622381
0.0051592856
0.0045563331
0.0070318573
0.0064289048
0.0058259523
0.0052229998
0.007698524
0.0070955715
0.006492619
0.0058896665
0.0083651907
0.0077622382
0.0071592856
0.0065563331
0.0090318573
0.0084289048
0.0078259523
0.0072229998
0.009698524
0.0090955715
0.008492619
0.0078896665
0.010365191
0.0097622381
0.0091592856
0.0085563331
0.011031857
0.010428905
0.0098259523
0.0092229998
0.011698524
0.011095571
0.010492619
0.0098896665
0.012365191
0.011762238
0.011159286
0.010556333
-0.0029681427
-0.0035710952
-0.0041740477
-0.0047770002
-0.002301476
-0.0029044285
-0.003507381
-0.0041103336
-0.0016348093
-0.0022377618
-0.0028407144
-0.0034436669
-0.00096814267
-0.0015710952
-0.0021740477
-0.0027770002
-0.000301476
-0.00090442851
-0.001507381
-0.0021103336
0.00036519067
-0.00023776185
-0.00084071437
-0.0014436669
0.0010318573
0.00042890482
-0.0001740477
-0.00077700022
0.001698524
0.0010955715
0.00049261897
-0.00011033355
0.0023651907
0.0017622382
0.0011592856
0.00055633312
0.0030318573
0.0024289048
0.0018259523
0.0012229998
0.003698524
0.0030955715
0.002492619
0.0018896664
0.0043651907
0.0037622382
0.0031592856
0.0025563331
0.0050318573
0.0044289048
0.0038259523
0.0032229998
0.005698524
0.0050955715
0.004492619
0.0038896664
0.0063651907
0.0057622382
0.0051592856
0.0045563331
0.0070318573
0.0064289048
0.0058259523
0.0052229998
0.007698524
0.0070955715
0.006492619
0.0058896664
0.0083651907
0.0077622382
0.0071592856
0.0065563331
0.0090318573
0.0084289048
0.0078259523
0.0072229998
0.009698524
0.0090955715
0.008492619
0.0078896664
0.010365191
0.0097622382
0.0091592856
0.0085563331
0.011031857
0.010428905
0.0098259523
0.0092229998
0.011698524
0.011095571
0.010492619
0.0098896664
0.012365191
0.011762238
0.011159286
0.010556333
-0.0029681427
-0.0035710952
-0.0041740477
-0.0047770002
-0.002301476
-0.0029044285
-0.003507381
-0.0041103336
-0.0016348093
-0.0022377618
-0.0028407144
-0.0034436669
-0.00096814266
-0.0015710952
-0.0021740477
-0.0027770002
-0.000301476
-0.00090442852
-0.001507381
-0.0021103336
0.00036519067
-0.00023776185
-0.00084071437
-0.0014436669
0.0010318573
0.00042890482
-0.0001740477
-0.00077700022
0.001698524
0.0010955715
0.00049261897
-0.00011033355
0.0023651907
0.0017622382
0.0011592856
0.00055633311
0.0030318573
0.0024289048
0.0018259523
0.0012229998
0.003698524
0.0030955715
0.002492619
0.0018896664
0.0043651907
0.0037622382
0.0031592856
0.0025563331
0.0050318573
0.0044289048
0.0038259523
0.0032229998
0.005698524
0.0050955715
0.004492619
0.0038896664
0.0063651907
0.0057622382
0.0051592856
0.0045563331
0.0070318573
0.0064289048
0.0058259523
0.0052229998
0.007698524
0.0070955715
0.006492619
0.0058896664
0.0083651907
0.0077622382
0.0071592856
0.0065563331
0.0090318573
0.0084289048
0.0078259523
0.0072229998
0.009698524
0.0090955715
0.008492619
0.0078896664
0.010365191
0.0097622381
0.0091592856
0.0085563331
0.011031857
0.010428905
0.0098259523
0.0092229998
0.011698524
0.011095571
0.010492619
0.0098896664
0.012365191
0.011762238
0.011159286
0.010556333
-0.0029681427
-0.0035710952
-0.0041740477
-0.0047770002
-0.002301476
-0.0029044285
-0.003507381
-0.0041103336
-0.0016348093
-0.0022377618
-0.0028407144
-0.0034436669
-0.00096814266
-0.0015710952
-0.0021740477
-0.0027770002
-0.00030147599
-0.00090442852
-0.001507381
-0.0021103336
0.00036519067
-0.00023776185
-0.00084071437
-0.0014436669
0.0010318573
0.00042890482
-0.0001740477
-0.00077700022
0.001698524
0.0010955715
0.00049261896
-0.00011033355
0.0023651907
0.0017622382
0.0011592856
0.00055633311
0.0030318573
0.0024289048
0.0018259523
0.0012229998
0.003698524
0.0030955715
0.002492619
0.0018896664
0.0043651907
0.0037622382
0.0031592856
0.0025563331
0.0050318573
0.0044289048
0.0038259523
0.0032229998
0.005698524
0.0050955715
0.004492619
0.0038896664
0.0063651907
0.0057622382
0.0051592856
0.0045563331
0.0070318573
0.0064289048
0.0058259523
0.0052229998
0.007698524
0.0070955715
0.006492619
0.0058896664
0.0083651907
0.0077622382
0.0071592856
0.0065563331
0.0090318573
0.0084289048
0.0078259523
0.0072229998
0.009698524
0.0090955715
0.008492619
0.0078896664
0.010365191
0.0097622381
0.0091592856
0.0085563331
0.011031857
0.010428905
0.0098259523
0.0092229998
0.011698524
0.011095571
0.010492619
0.0098896664
0.012365191
0.011762238
0.011159286
0.010556333
-0.0029681427
-0.0035710952
-0.0041740477
-0.0047770002
-0.002301476
-0.0029044285
-0.003507381
-0.0041103336
-0.0016348093
-0.0022377618
-0.0028407144
-0.0034436669
-0.00096814266
-0.0015710952
-0.0021740477
-0.0027770002
-0.000301476
-0.00090442851
-0.001507381
-0.0021103336
0.00036519067
-0.00023776185
-0.00084071437
-0.0014436669
0.0010318573
0.00042890482
-0.0001740477
-0.00077700023
0.001698524
0.0010955715
0.00049261897
-0.00011033356
0.0023651907
0.0017622382
0.0011592856
0.00055633311
0.0030318573
0.0024289048
0.0018259523
0.0012229998
0.003698524
0.0030955715
0.002492619
0.0018896664
0.0043651907
0.0037622382
0.0031592856
0.0025563331
0.0050318573
0.0044289048
0.0038259523
0.0032229998
0.005698524
0.0050955715
0.004492619
0.0038896664
0.0063651907
0.0057622382
0.0051592856
0.0045563331
0.0070318573
0.0064289048
0.0058259523
0.0052229998
0.007698524
0.0070955715
0.006492619
0.0058896664
0.0083651907
0.0077622382
0.0071592856
0.0065563331
0.0090318573
0.0084289048
0.0078259523
0.0072229998
0.009698524
0.0090955715
0.008492619
0.0078896664
0.010365191
0.0097622382
0.0091592856
0.0085563331
0.011031857
0.010428905
0.0098259523
0.0092229998
0.011698524
0.011095571
0.010492619
0.0098896664
0.012365191
0.011762238
0.011159286
0.010556333
-0.0029681427
-0.0035710952
-0.0041740477
-0.0047770002
-0.002301476
-0.0029044285
-0.003507381
-0.0041103336
-0.0016348093
-0.0022377618
-0.0028407144
-0.0034436669
-0.00096814266
-0.0015710952
-0.0021740477
-0.0027770002
-0.00030147599
-0.00090442851
-0.001507381
-0.0021103336
0.00036519068
-0.00023776185
-0.00084071437
-0.0014436669
0.0010318573
0.00042890482
-0.0001740477
-0.00077700023
0.001698524
0.0010955715
0.00049261896
-0.00011033356
0.0023651907
0.0017622382
0.0011592856
0.0005563331
0.0030318573
0.0024289048
0.0018259523
0.0012229998
0.003698524
0.0030955715
0.002492619
0.0018896664
0.0043651907
0.0037622382
0.0031592856
0.0025563331
0.0050318573
0.0044289048
0.0038259523
0.0032229998
0.005698524
0.0050955715
0.004492619
0.0038896664
0.0063651907
0.0057622382
0.0051592856
0.0045563331
0.0070318573
0.0064289048
0.0058259523
0.0052229998
0.007698524
0.0070955715
0.006492619
0.0058896664
0.0083651907
0.0077622382
0.0071592856
0.0065563331
0.0090318573
0.0084289048
0.0078259523
0.0072229998
0.009698524
0.0090955715
0.008492619
0.0078896664
0.010365191
0.0097622382
0.0091592856
0.0085563331
0.011031857
0.010428905
0.0098259523
0.0092229998
0.011698524
0.011095571
0.010492619
0.0098896664
0.012365191
0.011762238
0.011159286
0.010556333
-0.0029681427
-0.0035710952
-0.0041740477
-0.0047770002
-0.002301476
-0.0029044285
-0.003507381
-0.0041103336
-0.0016348093
-0.0022377618
-0.0028407144
-0.0034436669
-0.00096814265
-0.0015710952
-0.0021740477
-0.0027770002
-0.00030147598
-0.00090442851
-0.001507381
-0.0021103336
0.00036519068
-0.00023776184
-0.00084071437
-0.0014436669
0.0010318573
0.00042890482
-0.00017404771
-0.00077700023
0.001698524
0.0010955715
0.00049261896
-0.00011033357
0.0023651907
0.0017622382
0.0011592856
0.0005563331
0.0030318573
0.0024289048
0.0018259523
0.0012229998
0.003698524
0.0030955715
0.002492619
0.0018896664
0.0043651907
0.0037622382
0.0031592856
0.0025563331
0.0050318573
0.0044289048
0.0038259523
0.0032229998
0.005698524
0.0050955715
0.004492619
0.0038896664
0.0063651907
0.0057622382
0.0051592856
0.0045563331
0.0070318573
0.0064289048
0.0058259523
0.0052229998
0.007698524
0.0070955715
0.006492619
0.0058896664
0.0083651907
0.0077622382
0.0071592856
0.0065563331
0.0090318573
0.0084289048
0.0078259523
0.0072229998
0.009698524
0.0090955715
0.008492619
0.0078896664
0.010365191
0.0097622382
0.0091592856
0.0085563331
0.011031857
0.010428905
0.0098259523
0.0092229998
0.011698524
0.011095571
0.010492619
0.0098896664
0.012365191
0.011762238
0.011159286
0.010556333
-0.0029681427
-0.0035710952
-0.0041740477
-0.0047770002
-0.002301476
-0.0029044285
-0.003507381
-0.0041103336
-0.0016348093
-0.0022377618
-0.0028407144
-0.0034436669
-0.00096814265
-0.0015710952
-0.0021740477
-0.0027770002
-0.00030147598
-0.00090442851
-0.001507381
-0.0021103336
0.00036519068
-0.00023776184
-0.00084071437
-0.0014436669
0.0010318573
0.00042890482
-0.00017404771
-0.00077700023
0.001698524
0.0010955715
0.00049261896
-0.00011033356
0.0023651907
0.0017622382
0.0011592856
0.0005563331
0.0030318573
0.0024289048
0.0018259523
0.0012229998
0.003698524
0.0030955715
0.002492619
0.0018896664
0.0043651907
0.0037622382
0.0031592856
0.0025563331
0.0050318573
0.0044289048
0.0038259523
0.0032229998
0.005698524
0.0050955715
0.004492619
0.0038896664
0.0063651907
0.0057622382
0.0051592856
0.0045563331
0.0070318573
0.0064289048
0.0058259523
0.0052229998
0.007698524
0.0070955715
0.006492619
0.0058896664
0.0083651907
0.0077622382
0.0071592856
0.0065563331
0.0090318573
0.0084289048
0.0078259523
0.0072229998
0.009698524
0.0090955715
0.008492619
0.0078896664
0.010365191
0.0097622382
0.0091592856
0.0085563331
0.011031857
0.010428905
0.0098259523
0.0092229998
0.011698524
0.011095571
0.010492619
0.0098896664
0.012365191
0.011762238
0.011159286
0.010556333
-0.0029681426
-0.0035710952
-0.0041740477
-0.0047770002
-0.002301476
-0.0029044285
-0.003507381
-0.0041103336
-0.0016348093
-0.0022377618
-0.0028407144
-0.0034436669
-0.00096814264
-0.0015710952
-0.0021740477
-0.0027770002
-0.00030147598
-0.00090442851
-0.001507381
-0.0021103336
0.00036519069
-0.00023776184
-0.00084071437
-0.0014436669
0.0010318574
0.00042890482
-0.00017404771
-0.00077700024
0.001698524
0.0010955715
0.00049261896
-0.00011033357
0.0023651907
0.0017622382
0.0011592856
0.0005563331
0.0030318574
0.0024289048
0.0018259523
0.0012229998
0.003698524
0.0030955715
0.002492619
0.0018896664
0.0043651907
0.0037622382
0.0031592856
0.0025563331
0.0050318574
0.0044289048
0.0038259523
0.0032229998
0.005698524
0.0050955715
0.004492619
0.0038896664
0.0063651907
0.0057622382
0.0051592856
0.0045563331
0.0070318574
0.0064289048
0.0058259523
0.0052229998
0.007698524
0.0070955715
0.006492619
0.0058896664
0.0083651907
0.0077622382
0.0071592856
0.0065563331
0.0090318574
0.0084289048
0.0078259523
0.0072229998
0.009698524
0.0090955715
0.008492619
0.0078896664
0.010365191
0.0097622382
0.0091592856
0.0085563331
0.011031857
0.010428905
0.0098259523
0.0092229998
0.011698524
0.011095571
0.010492619
0.0098896664
0.012365191
0.011762238
0.011159286
0.010556333
-0.0029681426
-0.0035710952
-0.0041740477
-0.0047770002
-0.002301476
-0.0029044285
-0.003507381
-0.0041103336
-0.0016348093
-0.0022377618
-0.0028407144
-0.0034436669
-0.00096814264
-0.0015710952
-0.0021740477
-0.0027770002
-0.00030147598
-0.00090442851
-0.001507381
-0.0021103336
0.00036519069
-0.00023776184
-0.00084071437
-0.0014436669
0.0010318574
0.00042890482
-0.00017404771
-0.00077700024
0.001698524
0.0010955715
0.00049261896
-0.00011033357
0.0023651907
0.0017622382
0.0011592856
0.00055633309
0.0030318574
0.0024289048
0.0018259523
0.0012229998
0.003698524
0.0030955715
0.002492619
0.0018896664
0.0043651907
0.0037622382
0.0031592856
0.0025563331
0.0050318574
0.0044289048
0.0038259523
0.0032229998
0.005698524
0.0050955715
0.004492619
0.0038896664
0.0063651907
0.0057622382
0.0051592856
0.0045563331
0.0070318574
0.0064289048
0.0058259523
0.0052229998
0.007698524
0.0070955715
0.006492619
0.0058896664
0.0083651907
0.0077622382
0.0071592856
0.0065563331
0.0090318574
0.0084289048
0.0078259523
0.0072229998
0.009698524
0.0090955715
0.008492619
0.0078896664
0.010365191
0.0097622382
0.0091592856
0.0085563331
0.011031857
0.010428905
0.0098259523
0.0092229998
0.011698524
0.011095571
0.010492619
0.0098896664
0.012365191
0.011762238
0.011159286
0.010556333
-0.0029681426
-0.0035710952
-0.0041740477
-0.0047770002
-0.002301476
-0.0029044285
-0.003507381
-0.0041103336
-0.0016348093
-0.0022377618
-0.0028407144
-0.0034436669
-0.00096814264
-0.0015710952
-0.0021740477
-0.0027770002
-0.00030147597
-0.00090442851
-0.001507381
-0.0021103336
0.00036519069
-0.00023776184
-0.00084071438
-0.0014436669
0.0010318574
0.00042890483
-0.00017404771
-0.00077700024
0.001698524
0.0010955715
0.00049261896
-0.00011033357
0.0023651907
0.0017622382
0.0011592856
0.0005563331
0.0030318574
0.0024289048
0.0018259523
0.0012229998
0.003698524
0.0030955715
0.002492619
0.0018896664
0.0043651907
0.0037622382
0.0031592856
0.0025563331
0.0050318574
0.0044289048
0.0038259523
0.0032229998
0.005698524
0.0050955715
0.004492619
0.0038896664
0.0063651907
0.0057622382
0.0051592856
0.0045563331
0.0070318574
0.0064289048
0.0058259523
0.0052229998
0.007698524
0.0070955715
0.006492619
0.0058896664
0.0083651907
0.0077622382
0.0071592856
0.0065563331
0.0090318574
0.0084289048
0.0078259523
0.0072229998
0.009698524
0.0090955715
0.008492619
0.0078896664
0.010365191
0.0097622382
0.0091592856
0.0085563331
0.011031857
0.010428905
0.0098259523
0.0092229998
0.011698524
0.011095571
0.010492619
0.0098896664
0.012365191
0.011762238
0.011159286
0.010556333
-0.0029681426
-0.0035710952
-0.0041740477
-0.0047770002
-0.002301476
-0.0029044285
-0.003507381
-0.0041103336
-0.0016348093
-0.0022377618
-0.0028407144
-0.0034436669
-0.00096814264
-0.0015710952
-0.0021740477
-0.0027770002
-0.00030147597
-0.00090442851
-0.001507381
-0.0021103336
0.0003651907
-0.00023776184
-0.00084071438
-0.0014436669
0.0010318574
0.00042890483
-0.00017404771
-0.00077700024
0.001698524
0.0010955715
0.00049261896
-0.00011033358
0.0023651907
0.0017622382
0.0011592856
0.00055633309
0.0030318574
0.0024289048
0.0018259523
0.0012229998
0.003698524
0.0030955715
0.002492619
0.0018896664
0.0043651907
0.0037622382
0.0031592856
0.0025563331
0.0050318574
0.0044289048
0.0038259523
0.0032229998
0.005698524
0.0050955715
0.004492619
0.0038896664
0.0063651907
0.0057622382
0.0051592856
0.0045563331
0.0070318574
0.0064289048
0.0058259523
0.0052229998
0.007698524
0.0070955715
0.006492619
0.0058896664
0.0083651907
0.0077622382
0.0071592856
0.0065563331
0.0090318574
0.0084289048
0.0078259523
0.0072229998
0.009698524
0.0090955715
0.008492619
0.0078896664
0.010365191
0.0097622382
0.0091592856
0.0085563331
0.011031857
0.010428905
0.0098259523
0.0092229998
0.011698524
0.011095571
0.010492619
0.0098896664
0.012365191
0.011762238
0.011159286
0.010556333
-0.0029681426
-0.0035710952
-0.0041740477
-0.0047770002
-0.002301476
-0.0029044285
-0.003507381
-0.0041103336
-0.0016348093
-0.0022377618
-0.0028407144
-0.0034436669
-0.00096814264
-0.0015710952
-0.0021740477
-0.0027770002
-0.00030147597
-0.00090442851
-0.001507381
-0.0021103336
0.0003651907
-0.00023776184
-0.00084071438
-0.0014436669
0.0010318574
0.00042890483
-0.00017404771
-0.00077700025
0.001698524
0.0010955715
0.00049261896
-0.00011033358
0.0023651907
0.0017622382
0.0011592856
0.00055633308
0.0030318574
0.0024289048
0.0018259523
0.0012229998
0.003698524
0.0030955715
0.002492619
0.0018896664
0.0043651907
0.0037622382
0.0031592856
0.0025563331
0.0050318574
0.0044289048
0.0038259523
0.0032229998
0.005698524
0.0050955715
0.004492619
0.0038896664
0.0063651907
0.0057622382
0.0051592856
0.0045563331
0.0070318574
0.0064289048
0.0058259523
0.0052229997
0.007698524
0.0070955715
0.006492619
0.0058896664
0.0083651907
0.0077622382
0.0071592856
0.0065563331
0.0090318574
0.0084289048
0.0078259523
0.0072229997
0.009698524
0.0090955715
0.008492619
0.0078896664
0.010365191
0.0097622382
0.0091592856
0.0085563331
0.011031857
0.010428905
0.0098259523
0.0092229997
0.011698524
0.011095571
0.010492619
0.0098896664
0.012365191
0.011762238
0.011159286
0.010556333
-0.0029681426
-0.0035710952
-0.0041740477
-0.0047770003
-0.002301476
-0.0029044285
-0.003507381
-0.0041103336
-0.0016348093
-0.0022377618
-0.0028407144
-0.0034436669
-0.00096814263
-0.0015710952
-0.0021740477
-0.0027770003
-0.00030147597
-0.0009044285
-0.001507381
-0.0021103336
0.0003651907
-0.00023776184
-0.00084071438
-0.0014436669
0.0010318574
0.00042890483
-0.00017404771
-0.00077700025
0.001698524
0.0010955715
0.00049261896
-0.00011033359
0.0023651907
0.0017622382
0.0011592856
0.00055633308
0.0030318574
0.0024289048
0.0018259523
0.0012229997
0.003698524
0.0030955715
0.002492619
0.0018896664
0.0043651907
0.0037622382
0.0031592856
0.0025563331
0.0050318574
0.0044289048
0.0038259523
0.0032229997
0.005698524
0.0050955715
0.004492619
0.0038896664
0.0063651907
0.0057622382
0.0051592856
0.0045563331
0.0070318574
0.0064289048
0.0058259523
0.0052229997
0.007698524
0.0070955715
0.006492619
0.0058896664
0.0083651907
0.0077622382
0.0071592856
0.0065563331
0.0090318574
0.0084289048
0.0078259523
0.0072229997
0.009698524
0.0090955715
0.008492619
0.0078896664
0.010365191
0.0097622382
0.0091592856
0.0085563331
0.011031857
0.010428905
0.0098259523
0.0092229997
0.011698524
0.011095571
0.010492619
0.0098896664
0.012365191
0.011762238
0.011159286
0.010556333
-0.0029681426
-0.0035710952
-0.0041740477
-0.0047770003
-0.002301476
-0.0029044285
-0.003507381
-0.0041103336
-0.0016348093
-0.0022377618
-0.0028407144
-0.0034436669
-0.00096814263
-0.0015710952
-0.0021740477
-0.0027770003
-0.00030147596
-0.0009044285
-0.001507381
-0.0021103336
0.00036519071
-0.00023776184
-0.00084071438
-0.0014436669
0.0010318574
0.00042890483
-0.00017404771
-0.00077700025
0.001698524
0.0010955715
0.00049261895
-0.00011033358
0.0023651907
0.0017622382
0.0011592856
0.00055633308
0.0030318574
0.0024289048
0.0018259523
0.0012229997
0.003698524
0.0030955715
0.002492619
0.0018896664
0.0043651907
0.0037622382
0.0031592856
0.0025563331
0.0050318574
0.0044289048
0.0038259523
0.0032229997
0.005698524
0.0050955715
0.004492619
0.0038896664
0.0063651907
0.0057622382
0.0051592856
0.0045563331
0.0070318574
0.0064289048
0.0058259523
0.0052229997
0.007698524
0.0070955715
0.006492619
0.0058896664
0.0083651907
0.0077622382
0.0071592856
0.0065563331
0.0090318574
0.0084289048
0.0078259523
0.0072229997
0.009698524
0.0090955715
0.008492619
0.0078896664
0.010365191
0.0097622382
0.0091592856
0.0085563331
0.011031857
0.010428905
0.0098259523
0.0092229997
0.011698524
0.011095571
0.010492619
0.0098896664
0.012365191
0.011762238
0.011159286
0.010556333
-0.0029681426
-0.0035710952
-0.0041740477
-0.0047770003
-0.002301476
-0.0029044285
-0.003507381
-0.0041103336
-0.0016348093
-0.0022377618
-0.0028407144
-0.0034436669
-0.00096814262
-0.0015710952
-0.0021740477
-0.0027770003
-0.00030147596
-0.0009044285
-0.001507381
-0.0021103336
0.00036519071
-0.00023776184
-0.00084071438
-0.0014436669
0.0010318574
0.00042890483
-0.00017404771
-0.00077700026
0.001698524
0.0010955715
0.00049261895
-0.00011033359
0.0023651907
0.0017622382
0.0011592856
0.00055633307
0.0030318574
0.0024289048
0.0018259523
0.0012229997
0.003698524
0.0030955715
0.002492619
0.0018896664
0.0043651907
0.0037622382
0.0031592856
0.0025563331
0.0050318574
0.0044289048
0.0038259523
0.0032229997
0.005698524
0.0050955715
0.004492619
0.0038896664
0.0063651907
0.0057622382
0.0051592856
0.0045563331
0.0070318574
0.0064289048
0.0058259523
0.0052229997
0.007698524
0.0070955715
0.006492619
0.0058896664
0.0083651907
0.0077622382
0.0071592856
0.0065563331
0.0090318574
0.0084289048
0.0078259523
0.0072229997
0.009698524
0.0090955715
0.008492619
0.0078896664
0.010365191
0.0097622382
0.0091592856
0.0085563331
0.011031857
0.010428905
0.0098259523
0.0092229997
0.011698524
0.011095571
0.010492619
0.0098896664
0.012365191
0.011762238
0.011159286
0.010556333
-0.0029681426
-0.0035710952
-0.0041740477
-0.0047770003
-0.002301476
-0.0029044285
-0.003507381
-0.0041103336
-0.0016348093
-0.0022377618
-0.0028407144
-0.0034436669
-0.00096814262
-0.0015710952
-0.0021740477
-0.0027770003
-0.00030147596
-0.0009044285
-0.001507381
-0.0021103336
0.00036519071
-0.00023776183
-0.00084071438
-0.0014436669
0.0010318574
0.00042890484
-0.00017404771
-0.00077700026
0.001698524
0.0010955715
0.00049261895
-0.0001103336
0.0023651907
0.0017622382
0.0011592856
0.00055633307
0.0030318574
0.0024289048
0.0018259523
0.0012229997
0.003698524
0.0030955715
0.002492619
0.0018896664
0.0043651907
0.0037622382
0.0031592856
0.0025563331
0.0050318574
0.0044289048
0.0038259523
0.0032229997
0.005698524
0.0050955715
0.004492619
0.0038896664
0.0063651907
0.0057622382
0.0051592856
0.0045563331
0.0070318574
0.0064289048
0.0058259523
0.0052229997
0.007698524
0.0070955715
0.0064926189
0.0058896664
0.0083651907
0.0077622382
0.0071592856
0.0065563331
0.0090318574
0.0084289048
0.0078259523
0.0072229997
0.009698524
0.0090955715
0.008492619
0.0078896664
0.010365191
0.0097622382
0.0091592856
0.0085563331
0.011031857
0.010428905
0.0098259523
0.0092229997
0.011698524
0.011095572
0.010492619
0.0098896664
0.012365191
0.011762238
0.011159286
0.010556333
-0.0054019998
-0.0060490476
-0.0066960953
-0.0073431431
-0.0047353331
-0.0053823809
-0.0060294287
-0.0066764764
-0.0040686665
-0.0047157142
-0.005362762
-0.0060098097
-0.0034019998
-0.0040490476
-0.0046960953
-0.0053431431
-0.0027353331
-0.0033823809
-0.0040294287
-0.0046764764
-0.0020686665
-0.0027157142
-0.003362762
-0.0040098097
-0.0014019998
-0.0020490476
-0.0026960953
-0.0033431431
-0.00073533314
-0.0013823809
-0.0020294287
-0.0026764764
-6.866647e-05
-0.00071571423
-0.001362762
-0.0020098097
0.0005980002
-4.9047564e-05
-0.00069609532
-0.0013431431
0.0012646669
0.0006176191
-2.9428654e-05
-0.00067647641
0.0019313335
0.0012842858
0.00063723801
-9.8097441e-06
0.0025980002
0.0019509524
0.0013039047
0.00065685692
0.0032646669
0.0026176191
0.0019705713
0.0013235236
0.0039313335
0.0032842858
0.002637238
0.0019901903
0.0045980002
0.0039509524
0.0033039047
0.0026568569
0.0052646669
0.0046176191
0.0039705713
0.0033235236
0.0059313335
0.0052842858
0.004637238
0.0039901903
0.0065980002
0.0059509524
0.0053039047
0.0046568569
0.0072646669
0.0066176191
0.0059705713
0.0053235236
0.0079313335
0.0072842858
0.006637238
0.0059901903
0.0085980002
0.0079509524
0.0073039047
0.0066568569
0.0092646669
0.0086176191
0.0079705713
0.0073235236
0.0099313335
0.0092842858
0.008637238
0.0079901903
-0.0054019998
-0.0060490476
-0.0066960953
-0.0073431431
-0.0047353331
-0.0053823809
-0.0060294287
-0.0066764764
-0.0040686665
-0.0047157142
-0.005362762
-0.0060098097
-0.0034019998
-0.0040490476
-0.0046960953
-0.0053431431
-0.0027353331
-0.0033823809
-0.0040294287
-0.0046764764
-0.0020686665
-0.0027157142
-0.003362762
-0.0040098097
-0.0014019998
-0.0020490476
-0.0026960953
-0.0033431431
-0.00073533314
-0.0013823809
-0.0020294287
-0.0026764764
-6.8666471e-05
-0.00071571423
-0.001362762
-0.0020098097
0.0005980002
-4.9047559e-05
-0.00069609532
-0.0013431431
0.0012646669
0.00061761911
-2.9428655e-05
-0.00067647641
0.0019313335
0.0012842858
0.00063723801
-9.8097437e-06
0.0025980002
0.0019509524
0.0013039047
0.00065685692
0.0032646669
0.0026176191
0.0019705713
0.0013235236
0.0039313335
0.0032842858
0.002637238
0.0019901903
0.0045980002
0.0039509524
0.0033039047
0.0026568569
0.0052646669
0.0046176191
0.0039705713
0.0033235236
0.0059313335
0.0052842858
0.004637238
0.0039901903
0.0065980002
0.0059509524
0.0053039047
0.0046568569
0.0072646669
0.0066176191
0.0059705713
0.0053235236
0.0079313335
0.0072842858
0.006637238
0.0059901903
0.0085980002
0.0079509524
0.0073039047
0.0066568569
0.0092646669
0.0086176191
0.0079705713
0.0073235236
0.0099313335
0.0092842858
0.008637238
0.0079901903
-0.0054019998
-0.0060490476
-0.0066960953
-0.0073431431
-0.0047353331
-0.0053823809
-0.0060294287
-0.0066764764
-0.0040686665
-0.0047157142
-0.005362762
-0.0060098097
-0.0034019998
-0.0040490476
-0.0046960953
-0.0053431431
-0.0027353331
-0.0033823809
-0.0040294287
-0.0046764764
-0.0020686665
-0.0027157142
-0.003362762
-0.0040098097
-0.0014019998
-0.0020490476
-0.0026960953
-0.0033431431
-0.00073533313
-0.0013823809
-0.0020294287
-0.0026764764
-6.8666468e-05
-0.00071571423
-0.001362762
-0.0020098097
0.0005980002
-4.9047562e-05
-0.00069609532
-0.0013431431
0.0012646669
0.0006176191
-2.9428655e-05
-0.00067647642
0.0019313335
0.0012842858
0.00063723801
-9.8097498e-06
0.0025980002
0.0019509524
0.0013039047
0.00065685692
0.0032646669
0.0026176191
0.0019705713
0.0013235236
0.0039313335
0.0032842858
0.002637238
0.0019901903
0.0045980002
0.0039509524
0.0033039047
0.0026568569
0.0052646669
0.0046176191
0.0039705713
0.0033235236
0.0059313335
0.0052842858
0.004637238
0.0039901903
0.0065980002
0.0059509524
0.0053039047
0.0046568569
0.0072646669
0.0066176191
0.0059705713
0.0053235236
0.0079313335
0.0072842858
0.006637238
0.0059901903
0.0085980002
0.0079509524
0.0073039047
0.0066568569
0.0092646669
0.0086176191
0.0079705713
0.0073235236
0.0099313335
0.0092842858
0.008637238
0.0079901903
-0.0054019998
-0.0060490476
-0.0066960953
-0.0073431431
-0.0047353331
-0.0053823809
-0.0060294287
-0.0066764764
-0.0040686665
-0.0047157142
-0.005362762
-0.0060098098
-0.0034019998
-0.0040490476
-0.0046960953
-0.0053431431
-0.0027353331
-0.0033823809
-0.0040294287
-0.0046764764
-0.0020686665
-0.0027157142
-0.003362762
-0.0040098098
-0.0014019998
-0.0020490476
-0.0026960953
-0.0033431431
-0.00073533313
-0.0013823809
-0.0020294287
-0.0026764764
-6.8666466e-05
-0.00071571422
-0.001362762
-0.0020098098
0.0005980002
-4.9047558e-05
-0.00069609532
-0.0013431431
0.0012646669
0.00061761911
-2.9428657e-05
-0.00067647642
0.0019313335
0.0012842858
0.00063723801
-9.8097524e-06
0.0025980002
0.0019509524
0.0013039047
0.00065685691
0.0032646669
0.0026176191
0.0019705713
0.0013235236
0.0039313335
0.0032842858
0.002637238
0.0019901902
0.0045980002
0.0039509524
0.0033039047
0.0026568569
0.0052646669
0.0046176191
0.0039705713
0.0033235236
0.0059313335
0.0052842858
0.004637238
0.0039901902
0.0065980002
0.0059509524
0.0053039047
0.0046568569
0.0072646669
0.0066176191
0.0059705713
0.0053235236
0.0079313335
0.0072842858
0.006637238
0.0059901902
0.0085980002
0.0079509524
0.0073039047
0.0066568569
0.0092646669
0.0086176191
0.0079705713
0.0073235236
0.0099313335
0.0092842858
0.008637238
0.0079901902
-0.0054019998
-0.0060490476
-0.0066960953
-0.0073431431
-0.0047353331
-0.0053823809
-0.0060294287
-0.0066764764
-0.0040686665
-0.0047157142
-0.005362762
-0.0060098098
-0.0034019998
-0.0040490476
-0.0046960953
-0.0053431431
-0.0027353331
-0.0033823809
-0.0040294287
-0.0046764764
-0.0020686665
-0.0027157142
-0.003362762
-0.0040098098
-0.0014019998
-0.0020490476
-0.0026960953
-0.0033431431
-0.00073533313
-0.0013823809
-0.0020294287
-0.0026764764
-6.8666459e-05
-0.00071571423
-0.001362762
-0.0020098098
0.00059800021
-4.9047563e-05
-0.00069609532
-0.0013431431
0.0012646669
0.0006176191
-2.9428655e-05
-0.00067647642
0.0019313335
0.0012842858
0.00063723801
-9.8097552e-06
0.0025980002
0.0019509524
0.0013039047
0.00065685691
0.0032646669
0.0026176191
0.0019705713
0.0013235236
0.0039313335
0.0032842858
0.002637238
0.0019901902
0.0045980002
0.0039509524
0.0033039047
0.0026568569
0.0052646669
0.0046176191
0.0039705713
0.0033235236
0.0059313335
0.0052842858
0.004637238
0.0039901902
0.0065980002
0.0059509524
0.0053039047
0.0046568569
0.0072646669
0.0066176191
0.0059705713
0.0053235236
0.0079313335
0.0072842858
0.006637238
0.0059901902
0.0085980002
0.0079509524
0.0073039047
0.0066568569
0.0092646669
0.0086176191
0.0079705713
0.0073235236
0.0099313335
0.0092842858
0.008637238
0.0079901902
-0.0054019998
-0.0060490476
-0.0066960953
-0.0073431431
-0.0047353331
-0.0053823809
-0.0060294287
-0.0066764764
-0.0040686665
-0.0047157142
-0.005362762
-0.0060098098
-0.0034019998
-0.0040490476
-0.0046960953
-0.0053431431
-0.0027353331
-0.0033823809
-0.0040294287
-0.0046764764
-0.0020686665
-0.0027157142
-0.003362762
-0.0040098098
-0.0014019998
-0.0020490476
-0.0026960953
-0.0033431431
-0.00073533313
-0.0013823809
-0.0020294287
-0.0026764764
-6.8666459e-05
-0.00071571422
-0.001362762
-0.0020098098
0.00059800021
-4.9047556e-05
-0.00069609533
-0.0013431431
0.0012646669
0.00061761911
-2.9428659e-05
-0.00067647642
0.0019313335
0.0012842858
0.00063723801
-9.8097551e-06
0.0025980002
0.0019509524
0.0013039047
0.00065685691
0.0032646669
0.0026176191
0.0019705713
0.0013235236
0.0039313335
0.0032842858
0.002637238
0.0019901902
0.0045980002
0.0039509524
0.0033039047
0.0026568569
0.0052646669
0.0046176191
0.0039705713
0.0033235236
0.0059313335
0.0052842858
0.004637238
0.0039901902
0.0065980002
0.0059509524
0.0053039047
0.0046568569
0.0072646669
0.0066176191
0.0059705713
0.0053235236
0.0079313335
0.0072842858
0.006637238
0.0059901902
0.0085980002
0.0079509524
0.0073039047
0.0066568569
0.0092646669
0.0086176191
0.0079705713
0.0073235236
0.0099313335
0.0092842858
0.008637238
0.0079901902
-0.0054019998
-0.0060490476
-0.0066960953
-0.0073431431
-0.0047353331
-0.0053823809
-0.0060294287
-0.0066764764
-0.0040686665
-0.0047157142
-0.005362762
-0.0060098098
-0.0034019998
-0.0040490476
-0.0046960953
-0.0053431431
-0.0027353331
-0.0033823809
-0.0040294287
-0.0046764764
-0.0020686665
-0.0027157142
-0.003362762
-0.0040098098
-0.0014019998
-0.0020490476
-0.0026960953
-0.0033431431
-0.00073533312
-0.0013823809
-0.0020294287
-0.0026764764
-6.8666457e-05
-0.00071571422
-0.001362762
-0.0020098098
0.00059800021
-4.9047558e-05
-0.00069609533
-0.0013431431
0.0012646669
0.00061761911
-2.942866e-05
-0.00067647643
0.0019313335
0.0012842858
0.00063723801
-9.8097614e-06
0.0025980002
0.0019509524
0.0013039047
0.00065685691
0.0032646669
0.0026176191
0.0019705713
0.0013235236
0.0039313335
0.0032842858
0.002637238
0.0019901902
0.0045980002
0.0039509524
0.0033039047
0.0026568569
0.0052646669
0.0046176191
0.0039705713
0.0033235236
0.0059313335
0.0052842858
0.004637238
0.0039901902
0.0065980002
0.0059509524
0.0053039047
0.0046568569
0.0072646669
0.0066176191
0.0059705713
0.0053235236
0.0079313335
0.0072842858
0.006637238
0.0059901902
0.0085980002
0.0079509524
0.0073039047
0.0066568569
0.0092646669
0.0086176191
0.0079705713
0.0073235236
0.0099313335
0.0092842858
0.008637238
0.0079901902
-0.0054019998
-0.0060490476
-0.0066960953
-0.0073431431
-0.0047353331
-0.0053823809
-0.0060294287
-0.0066764764
-0.0040686665
-0.0047157142
-0.005362762
-0.0060098098
-0.0034019998
-0.0040490476
-0.0046960953
-0.0053431431
-0.0027353331
-0.0033823809
-0.0040294287
-0.0046764764
-0.0020686665
-0.0027157142
-0.003362762
-0.0040098098
-0.0014019998
-0.0020490476
-0.0026960953
-0.0033431431
-0.00073533312
-0.0013823809
-0.0020294287
-0.0026764764
-6.8666453e-05
-0.00071571422
-0.001362762
-0.0020098098
0.00059800021
-4.9047554e-05
-0.00069609533
-0.0013431431
0.0012646669
0.00061761911
-2.9428661e-05
-0.00067647643
0.0019313335
0.0012842858
0.00063723801
-9.8097641e-06
0.0025980002
0.0019509524
0.0013039047
0.0006568569
0.0032646669
0.0026176191
0.0019705713
0.0013235236
0.0039313335
0.0032842858
0.002637238
0.0019901902
0.0045980002
0.0039509524
0.0033039047
0.0026568569
0.0052646669
0.0046176191
0.0039705713
0.0033235236
0.0059313335
0.0052842858
0.004637238
0.0039901902
0.0065980002
0.0059509524
0.0053039047
0.0046568569
0.0072646669
0.0066176191
0.0059705713
0.0053235236
0.0079313335
0.0072842858
0.006637238
0.0059901902
0.0085980002
0.0079509524
0.0073039047
0.0066568569
0.0092646669
0.0086176191
0.0079705713
0.0073235236
0.0099313335
0.0092842858
0.008637238
0.0079901902
-0.0054019998
-0.0060490476
-0.0066960953
-0.0073431431
-0.0047353331
-0.0053823809
-0.0060294287
-0.0066764764
-0.0040686664
-0.0047157142
-0.005362762
-0.0060098098
-0.0034019998
-0.0040490476
-0.0046960953
-0.0053431431
-0.0027353331
-0.0033823809
-0.0040294287
-0.0046764764
-0.0020686664
-0.0027157142
-0.003362762
-0.0040098098
-0.0014019998
-0.0020490476
-0.0026960953
-0.0033431431
-0.00073533311
-0.0013823809
-0.0020294287
-0.0026764764
-6.8666448e-05
-0.00071571423
-0.001362762
-0.0020098098
0.00059800022
-4.9047559e-05
-0.00069609533
-0.0013431431
0.0012646669
0.00061761911
-2.9428659e-05
-0.00067647643
0.0019313336
0.0012842858
0.00063723801
-9.8097641e-06
0.0025980002
0.0019509524
0.0013039047
0.0006568569
0.0032646669
0.0026176191
0.0019705713
0.0013235236
0.0039313336
0.0032842858
0.002637238
0.0019901902
0.0045980002
0.0039509524
0.0033039047
0.0026568569
0.0052646669
0.0046176191
0.0039705713
0.0033235236
0.0059313336
0.0052842858
0.004637238
0.0039901902
0.0065980002
0.0059509524
0.0053039047
0.0046568569
0.0072646669
0.0066176191
0.0059705713
0.0053235236
0.0079313336
0.0072842858
0.006637238
0.0059901902
0.0085980002
0.0079509524
0.0073039047
0.0066568569
0.0092646669
0.0086176191
0.0079705713
0.0073235236
0.0099313336
0.0092842858
0.008637238
0.0079901902
-0.0054019998
-0.0060490476
-0.0066960953
-0.0073431431
-0.0047353331
-0.0053823809
-0.0060294287
-0.0066764764
-0.0040686664
-0.0047157142
-0.005362762
-0.0060098098
-0.0034019998
-0.0040490476
-0.0046960953
-0.0053431431
-0.0027353331
-0.0033823809
-0.0040294287
-0.0046764764
-0.0020686665
-0.0027157142
-0.003362762
-0.0040098098
-0.0014019998
-0.0020490476
-0.0026960953
-0.0033431431
-0.00073533312
-0.0013823809
-0.0020294287
-0.0026764764
-6.8666447e-05
-0.00071571422
-0.001362762
-0.0020098098
0.00059800022
-4.9047552e-05
-0.00069609533
-0.0013431431
0.0012646669
0.00061761911
-2.9428663e-05
-0.00067647644
0.0019313336
0.0012842858
0.000637238
-9.8097704e-06
0.0025980002
0.0019509524
0.0013039047
0.0006568569
0.0032646669
0.0026176191
0.0019705713
0.0013235236
0.0039313336
0.0032842858
0.002637238
0.0019901902
0.0045980002
0.0039509524
0.0033039047
0.0026568569
0.0052646669
0.0046176191
0.0039705713
0.0033235236
0.0059313335
0.0052842858
0.004637238
0.0039901902
0.0065980002
0.0059509524
0.0053039047
0.0046568569
0.0072646669
0.0066176191
0.0059705713
0.0053235236
0.0079313336
0.0072842858
0.006637238
0.0059901902
0.0085980002
0.0079509524
0.0073039047
0.0066568569
0.0092646669
0.0086176191
0.0079705713
0.0073235236
0.0099313336
0.0092842858
0.008637238
0.0079901902
-0.0054019998
-0.0060490476
-0.0066960953
-0.0073431431
-0.0047353331
-0.0053823809
-0.0060294287
-0.0066764764
-0.0040686664
-0.0047157142
-0.005362762
-0.0060098098
-0.0034019998
-0.0040490476
-0.0046960953
-0.0053431431
-0.0027353331
-0.0033823809
-0.0040294287
-0.0046764764
-0.0020686664
-0.0027157142
-0.003362762
-0.0040098098
-0.0014019998
-0.0020490476
-0.0026960953
-0.0033431431
-0.00073533311
-0.0013823809
-0.0020294287
-0.0026764764
-6.8666444e-05
-0.00071571422
-0.001362762
-0.0020098098
0.00059800022
-4.9047554e-05
-0.00069609533
-0.0013431431
0.0012646669
0.00061761911
-2.9428664e-05
-0.00067647644
0.0019313336
0.0012842858
0.000637238
-9.8097739e-06
0.0025980002
0.0019509524
0.0013039047
0.00065685689
0.0032646669
0.0026176191
0.0019705713
0.0013235236
0.0039313336
0.0032842858
0.002637238
0.0019901902
0.0045980002
0.0039509524
0.0033039047
0.0026568569
0.0052646669
0.0046176191
0.0039705713
0.0033235236
0.0059313336
0.0052842858
0.004637238
0.0039901902
0.0065980002
0.0059509524
0.0053039047
0.0046568569
0.0072646669
0.0066176191
0.0059705713
0.0053235236
0.0079313336
0.0072842858
0.006637238
0.0059901902
0.0085980002
0.0079509524
0.0073039047
0.0066568569
0.0092646669
0.0086176191
0.0079705713
0.0073235236
0.0099313336
0.0092842858
0.008637238
0.0079901902
-0.0054019998
-0.0060490475
-0.0066960953
-0.0073431431
-0.0047353331
-0.0053823809
-0.0060294287
-0.0066764764
-0.0040686664
-0.0047157142
-0.005362762
-0.0060098098
-0.0034019998
-0.0040490475
-0.0046960953
-0.0053431431
-0.0027353331
-0.0033823809
-0.0040294287
-0.0046764764
-0.0020686664
-0.0027157142
-0.003362762
-0.0040098098
-0.0014019998
-0.0020490475
-0.0026960953
-0.0033431431
-0.00073533311
-0.0013823809
-0.0020294287
-0.0026764764
-6.8666441e-05
-0.00071571422
-0.001362762
-0.0020098098
0.00059800023
-4.904755e-05
-0.00069609533
-0.0013431431
0.0012646669
0.00061761912
-2.9428665e-05
-0.00067647644
0.0019313336
0.0012842858
0.000637238
-9.8097735e-06
0.0025980002
0.0019509525
0.0013039047
0.00065685689
0.0032646669
0.0026176191
0.0019705713
0.0013235236
0.0039313336
0.0032842858
0.002637238
0.0019901902
0.0045980002
0.0039509525
0.0033039047
0.0026568569
0.0052646669
0.0046176191
0.0039705713
0.0033235236
0.0059313336
0.0052842858
0.004637238
0.0039901902
0.0065980002
0.0059509525
0.0053039047
0.0046568569
0.0072646669
0.0066176191
0.0059705713
0.0053235236
0.0079313336
0.0072842858
0.006637238
0.0059901902
0.0085980002
0.0079509525
0.0073039047
0.0066568569
0.0092646669
0.0086176191
0.0079705713
0.0073235236
0.0099313336
0.0092842858
0.008637238
0.0079901902
-0.0054019998
-0.0060490476
-0.0066960953
-0.0073431431
-0.0047353331
-0.0053823809
-0.0060294287
-0.0066764764
-0.0040686664
-0.0047157142
-0.005362762
-0.0060098098
-0.0034019998
-0.0040490476
-0.0046960953
-0.0053431431
-0.0027353331
-0.0033823809
-0.0040294287
-0.0046764764
-0.0020686664
-0.0027157142
-0.003362762
-0.0040098098
-0.0014019998
-0.0020490476
-0.0026960953
-0.0033431431
-0.0007353331
-0.0013823809
-0.0020294287
-0.0026764764
-6.8666434e-05
-0.00071571422
-0.001362762
-0.0020098098
0.00059800023
-4.9047552e-05
-0.00069609533
-0.0013431431
0.0012646669
0.00061761911
-2.9428666e-05
-0.00067647645
0.0019313336
0.0012842858
0.000637238
-9.8097802e-06
0.0025980002
0.0019509524
0.0013039047
0.00065685689
0.0032646669
0.0026176191
0.0019705713
0.0013235236
0.0039313336
0.0032842858
0.002637238
0.0019901902
0.0045980002
0.0039509524
0.0033039047
0.0026568569
0.0052646669
0.0046176191
0.0039705713
0.0033235236
0.0059313336
0.0052842858
0.004637238
0.0039901902
0.0065980002
0.0059509524
0.0053039047
0.0046568569
0.0072646669
0.0066176191
0.0059705713
0.0053235236
0.0079313336
0.0072842858
0.006637238
0.0059901902
0.0085980002
0.0079509524
0.0073039047
0.0066568569
0.0092646669
0.0086176191
0.0079705713
0.0073235236
0.0099313336
0.0092842858
0.008637238
0.0079901902
-0.0054019998
-0.0060490476
-0.0066960953
-0.0073431431
-0.0047353331
-0.0053823809
-0.0060294287
-0.0066764765
-0.0040686664
-0.0047157142
-0.005362762
-0.0060098098
-0.0034019998
-0.0040490476
-0.0046960953
-0.0053431431
-0.0027353331
-0.0033823809
-0.0040294287
-0.0046764765
-0.0020686664
-0.0027157142
-0.003362762
-0.0040098098
-0.0014019998
-0.0020490476
-0.0026960953
-0.0033431431
-0.0007353331
-0.0013823809
-0.0020294287
-0.0026764765
-6.8666434e-05
-0.00071571422
-0.001362762
-0.0020098098
0.00059800023
-4.904755e-05
-0.00069609533
-0.0013431431
0.0012646669
0.00061761912
-2.9428664e-05
-0.00067647645
0.0019313336
0.0012842858
0.000637238
-9.8097836e-06
0.0025980002
0.0019509524
0.0013039047
0.00065685688
0.0032646669
0.0026176191
0.0019705713
0.0013235235
0.0039313336
0.0032842858
0.002637238
0.0019901902
0.0045980002
0.0039509524
0.0033039047
0.0026568569
0.0052646669
0.0046176191
0.0039705713
0.0033235235
0.0059313336
0.0052842858
0.004637238
0.0039901902
0.0065980002
0.0059509524
0.0053039047
0.0046568569
0.0072646669
0.0066176191
0.0059705713
0.0053235235
0.0079313336
0.0072842858
0.006637238
0.0059901902
0.0085980002
0.0079509524
0.0073039047
0.0066568569
0.0092646669
0.0086176191
0.0079705713
0.0073235235
0.0099313336
0.0092842858
0.008637238
0.0079901902
-0.0054019998
-0.0060490475
-0.0066960953
-0.0073431431
-0.0047353331
-0.0053823809
-0.0060294287
-0.0066764765
-0.0040686664
-0.0047157142
-0.005362762
-0.0060098098
-0.0034019998
-0.0040490475
-0.0046960953
-0.0053431431
-0.0027353331
-0.0033823809
-0.0040294287
-0.0046764765
-0.0020686664
-0.0027157142
-0.003362762
-0.0040098098
-0.0014019998
-0.0020490475
-0.0026960953
-0.0033431431
-0.00073533309
-0.0013823809
-0.0020294287
-0.0026764765
-6.8666431e-05
-0.00071571422
-0.001362762
-0.0020098098
0.00059800024
-4.904755e-05
-0.00069609533
-0.0013431431
0.0012646669
0.00061761912
-2.9428668e-05
-0.00067647645
0.0019313336
0.0012842858
0.000637238
-9.8097871e-06
0.0025980002
0.0019509525
0.0013039047
0.00065685688
0.0032646669
0.0026176191
0.0019705713
0.0013235235
0.0039313336
0.0032842858
0.002637238
0.0019901902
0.0045980002
0.0039509525
0.0033039047
0.0026568569
0.0052646669
0.0046176191
0.0039705713
0.0033235235
0.0059313336
0.0052842858
0.004637238
0.0039901902
0.0065980002
0.0059509525
0.0053039047
0.0046568569
0.0072646669
0.0066176191
0.0059705713
0.0053235235
0.0079313336
0.0072842858
0.006637238
0.0059901902
0.0085980002
0.0079509525
0.0073039047
0.0066568569
0.0092646669
0.0086176191
0.0079705713
0.0073235235
0.0099313336
0.0092842858
0.008637238
0.0079901902
-0.0054019998
-0.0060490475
-0.0066960953
-0.0073431431
-0.0047353331
-0.0053823809
-0.0060294287
-0.0066764765
-0.0040686664
-0.0047157142
-0.005362762
-0.0060098098
-0.0034019998
-0.0040490475
-0.0046960953
-0.0053431431
-0.0027353331
-0.0033823809
-0.0040294287
-0.0046764765
-0.0020686664
-0.0027157142
-0.003362762
-0.0040098098
-0.0014019998
-0.0020490475
-0.0026960953
-0.0033431431
-0.00073533309
-0.0013823809
-0.0020294287
-0.0026764765
-6.8666427e-05
-0.00071571421
-0.001362762
-0.0020098098
0.00059800024
-4.9047545e-05
-0.00069609534
-0.0013431431
0.0012646669
0.00061761912
-2.9428669e-05
-0.00067647645
0.0019313336
0.0012842858
0.000637238
-9.8097878e-06
0.0025980002
0.0019509525
0.0013039047
0.00065685688
0.0032646669
0.0026176191
0.0019705713
0.0013235235
0.0039313336
0.0032842858
0.002637238
0.0019901902
0.0045980002
0.0039509525
0.0033039047
0.0026568569
0.0052646669
0.0046176191
0.0039705713
0.0033235235
0.0059313336
0.0052842858
0.004637238
0.0039901902
0.0065980002
0.0059509525
0.0053039047
0.0046568569
0.0072646669
0.0066176191
0.0059705713
0.0053235235
0.0079313336
0.0072842858
0.006637238
0.0059901902
0.0085980002
0.0079509525
0.0073039047
0.0066568569
0.0092646669
0.0086176191
0.0079705713
0.0073235235
0.0099313336
0.0092842858
0.008637238
0.0079901902
-0.0054019998
-0.0060490475
-0.0066960953
-0.0073431431
-0.0047353331
-0.0053823809
-0.0060294287
-0.0066764765
-0.0040686664
-0.0047157142
-0.005362762
-0.0060098098
-0.0034019998
-0.0040490475
-0.0046960953
-0.0053431431
-0.0027353331
-0.0033823809
-0.0040294287
-0.0046764765
-0.0020686664
-0.0027157142
-0.003362762
-0.0040098098
-0.0014019998
-0.0020490475
-0.0026960953
-0.0033431431
-0.00073533309
-0.0013823809
-0.0020294287
-0.0026764765
-6.866642e-05
-0.00071571421
-0.001362762
-0.0020098098
0.00059800025
-4.9047547e-05
-0.00069609534
-0.0013431431
0.0012646669
0.00061761912
-2.9428671e-05
-0.00067647646
0.0019313336
0.0012842858
0.000637238
-9.8097942e-06
0.0025980002
0.0019509525
0.0013039047
0.00065685687
0.0032646669
0.0026176191
0.0019705713
0.0013235235
0.0039313336
0.0032842858
0.002637238
0.0019901902
0.0045980002
0.0039509525
0.0033039047
0.0026568569
0.0052646669
0.0046176191
0.0039705713
0.0033235235
0.0059313336
0.0052842858
0.004637238
0.0039901902
0.0065980002
0.0059509525
0.0053039047
0.0046568569
0.0072646669
0.0066176191
0.0059705713
0.0053235235
0.0079313336
0.0072842858
0.006637238
0.0059901902
0.0085980002
0.0079509525
0.0073039047
0.0066568569
0.0092646669
0.0086176191
0.0079705713
0.0073235235
0.0099313336
0.0092842858
0.008637238
0.0079901902
-0.0054019998
-0.0060490475
-0.0066960953
-0.0073431431
-0.0047353331
-0.0053823809
-0.0060294287
-0.0066764765
-0.0040686664
-0.0047157142
-0.005362762
-0.0060098098
-0.0034019998
-0.0040490475
-0.0046960953
-0.0053431431
-0.0027353331
-0.0033823809
-0.0040294287
-0.0046764765
-0.0020686664
-0.0027157142
-0.003362762
-0.0040098098
-0.0014019998
-0.0020490475
-0.0026960953
-0.0033431431
-0.00073533309
-0.0013823809
-0.0020294287
-0.0026764765
-6.8666423e-05
-0.00071571421
-0.001362762
-0.0020098098
0.00059800025
-4.9047546e-05
-0.00069609534
-0.0013431431
0.0012646669
0.00061761912
-2.9428669e-05
-0.00067647646
0.0019313336
0.0012842858
0.000637238
-9.8097979e-06
0.0025980002
0.0019509525
0.0013039047
0.00065685687
0.0032646669
0.0026176191
0.0019705713
0.0013235235
0.0039313336
0.0032842858
0.002637238
0.0019901902
0.0045980002
0.0039509525
0.0033039047
0.0026568569
0.0052646669
0.0046176191
0.0039705713
0.0033235235
0.0059313336
0.0052842858
0.004637238
0.0039901902
0.0065980002
0.0059509525
0.0053039047
0.0046568569
0.0072646669
0.0066176191
0.0059705713
0.0053235235
0.0079313336
0.0072842858
0.006637238
0.0059901902
0.0085980002
0.0079509525
0.0073039047
0.0066568569
0.0092646669
0.0086176191
0.0079705713
0.0073235235
0.0099313336
0.0092842858
0.008637238
0.0079901902
-0.0054019997
-0.0060490475
-0.0066960953
-0.0073431431
-0.0047353331
-0.0053823809
-0.0060294287
-0.0066764765
-0.0040686664
-0.0047157142
-0.005362762
-0.0060098098
-0.0034019997
-0.0040490475
-0.0046960953
-0.0053431431
-0.0027353331
-0.0033823809
-0.0040294287
-0.0046764765
-0.0020686664
-0.0027157142
-0.003362762
-0.0040098098
-0.0014019997
-0.0020490475
-0.0026960953
-0.0033431431
-0.00073533308
-0.0013823809
-0.0020294287
-0.0026764765
-6.8666413e-05
-0.00071571421
-0.001362762
-0.0020098098
0.00059800025
-4.9047544e-05
-0.00069609534
-0.0013431431
0.0012646669
0.00061761912
-2.9428673e-05
-0.00067647647
0.0019313336
0.0012842858
0.00063723799
-9.8097986e-06
0.0025980003
0.0019509525
0.0013039047
0.00065685687
0.0032646669
0.0026176191
0.0019705713
0.0013235235
0.0039313336
0.0032842858
0.002637238
0.0019901902
0.0045980003
0.0039509525
0.0033039047
0.0026568569
0.0052646669
0.0046176191
0.0039705713
0.0033235235
0.0059313336
0.0052842858
0.004637238
0.0039901902
0.0065980003
0.0059509525
0.0053039047
0.0046568569
0.0072646669
0.0066176191
0.0059705713
0.0053235235
0.0079313336
0.0072842858
0.006637238
0.0059901902
0.0085980003
0.0079509525
0.0073039047
0.0066568569
0.0092646669
0.0086176191
0.0079705713
0.0073235235
0.0099313336
0.0092842858
0.008637238
0.0079901902
-0.0054019997
-0.0060490475
-0.0066960953
-0.0073431431
-0.0047353331
-0.0053823809
-0.0060294287
-0.0066764765
-0.0040686664
-0.0047157142
-0.005362762
-0.0060098098
-0.0034019997
-0.0040490475
-0.0046960953
-0.0053431431
-0.0027353331
-0.0033823809
-0.0040294287
-0.0046764765
-0.0020686664
-0.0027157142
-0.003362762
-0.0040098098
-0.0014019997
-0.0020490475
-0.0026960953
-0.0033431431
-0.00073533308
-0.0013823809
-0.0020294287
-0.0026764765
-6.8666412e-05
-0.00071571421
-0.001362762
-0.0020098098
0.00059800025
-4.904754e-05
-0.00069609534
-0.0013431431
0.0012646669
0.00061761913
-2.9428674e-05
-0.00067647647
0.0019313336
0.0012842858
0.00063723799
-9.8098058e-06
0.0025980003
0.0019509525
0.0013039047
0.00065685686
0.0032646669
0.0026176191
0.0019705713
0.0013235235
0.0039313336
0.0032842858
0.002637238
0.0019901902
0.0045980003
0.0039509525
0.0033039047
0.0026568569
0.0052646669
0.0046176191
0.0039705713
0.0033235235
0.0059313336
0.0052842858
0.004637238
0.0039901902
0.0065980003
0.0059509525
0.0053039047
0.0046568569
0.0072646669
0.0066176191
0.0059705713
0.0053235235
0.0079313336
0.0072842858
0.006637238
0.0059901902
0.0085980003
0.0079509525
0.0073039047
0.0066568569
0.0092646669
0.0086176191
0.0079705713
0.0073235235
0.0099313336
0.0092842858
0.008637238
0.0079901902
-0.0054019997
-0.0060490475
-0.0066960953
-0.0073431431
-0.0047353331
-0.0053823809
-0.0060294287
-0.0066764765
-0.0040686664
-0.0047157142
-0.005362762
-0.0060098098
-0.0034019997
-0.0040490475
-0.0046960953
-0.0053431431
-0.0027353331
-0.0033823809
-0.0040294287
-0.0046764765
-0.0020686664
-0.0027157142
-0.003362762
-0.0040098098
-0.0014019997
-0.0020490475
-0.0026960953
-0.0033431431
-0.00073533307
-0.0013823809
-0.0020294287
-0.0026764765
-6.8666405e-05
-0.00071571421
-0.001362762
-0.0020098098
0.00059800026
-4.9047542e-05
-0.00069609534
-0.0013431431
0.0012646669
0.00061761912
-2.9428676e-05
-0.00067647648
0.0019313336
0.0012842858
0.00063723799
-9.8098094e-06
0.0025980003
0.0019509525
0.0013039047
0.00065685686
0.0032646669
0.0026176191
0.0019705713
0.0013235235
0.0039313336
0.0032842858
0.002637238
0.0019901902
0.0045980003
0.0039509525
0.0033039047
0.0026568569
0.0052646669
0.0046176191
0.0039705713
0.0033235235
0.0059313336
0.0052842858
0.004637238
0.0039901902
0.0065980003
0.0059509525
0.0053039047
0.0046568569
0.0072646669
0.0066176191
0.0059705713
0.0053235235
0.0079313336
0.0072842858
0.006637238
0.0059901902
0.0085980003
0.0079509525
0.0073039047
0.0066568569
0.0092646669
0.0086176191
0.0079705713
0.0073235235
0.0099313336
0.0092842858
0.008637238
0.0079901902
-0.0054019997
-0.0060490475
-0.0066960953
-0.0073431431
-0.0047353331
-0.0053823809
-0.0060294287
-0.0066764765
-0.0040686664
-0.0047157142
-0.005362762
-0.0060098098
-0.0034019997
-0.0040490475
-0.0046960953
-0.0053431431
-0.0027353331
-0.0033823809
-0.0040294287
-0.0046764765
-0.0020686664
-0.0027157142
-0.003362762
-0.0040098098
-0.0014019997
-0.0020490475
-0.0026960953
-0.0033431431
-0.00073533307
-0.0013823809
-0.0020294287
-0.0026764765
-6.8666407e-05
-0.00071571421
-0.001362762
-0.0020098098
0.00059800026
-4.9047541e-05
-0.00069609534
-0.0013431431
0.0012646669
0.00061761913
-2.9428674e-05
-0.00067647648
0.0019313336
0.0012842858
0.00063723799
-9.8098134e-06
0.0025980003
0.0019509525
0.0013039047
0.00065685685
0.0032646669
0.0026176191
0.0019705713
0.0013235235
0.0039313336
0.0032842858
0.002637238
0.0019901902
0.0045980003
0.0039509525
0.0033039047
0.0026568569
0.0052646669
0.0046176191
0.0039705713
0.0033235235
0.0059313336
0.0052842858
0.004637238
0.0039901902
0.0065980003
0.0059509525
0.0053039047
0.0046568569
0.0072646669
0.0066176191
0.0059705713
0.0053235235
0.0079313336
0.0072842858
0.006637238
0.0059901902
0.0085980003
0.0079509525
0.0073039047
0.0066568569
0.0092646669
0.0086176191
0.0079705713
0.0073235235
0.0099313336
0.0092842858
0.008637238
0.0079901902
-0.0054019997
-0.0060490475
-0.0066960953
-0.0073431431
-0.0047353331
-0.0053823809
-0.0060294287
-0.0066764765
-0.0040686664
-0.0047157142
-0.005362762
-0.0060098098
-0.0034019997
-0.0040490475
-0.0046960953
-0.0053431431
-0.0027353331
-0.0033823809
-0.0040294287
-0.0046764765
-0.0020686664
-0.0027157142
-0.003362762
-0.0040098098
-0.0014019997
-0.0020490475
-0.0026960953
-0.0033431431
-0.00073533306
-0.0013823809
-0.0020294287
-0.0026764765
-6.8666397e-05
-0.00071571421
-0.001362762
-0.0020098098
0.00059800027
-4.9047539e-05
-0.00069609535
-0.0013431431
0.0012646669
0.00061761913
-2.9428679e-05
-0.00067647648
0.0019313336
0.0012842858
0.00063723799
-9.8098144e-06
0.0025980003
0.0019509525
0.0013039047
0.00065685685
0.0032646669
0.0026176191
0.0019705713
0.0013235235
0.0039313336
0.0032842858
0.002637238
0.0019901902
0.0045980003
0.0039509525
0.0033039047
0.0026568569
0.0052646669
0.0046176191
0.0039705713
0.0033235235
0.0059313336
0.0052842858
0.004637238
0.0039901902
0.0065980003
0.0059509525
0.0053039047
0.0046568569
0.0072646669
0.0066176191
0.0059705713
0.0053235235
0.0079313336
0.0072842858
0.006637238
0.0059901902
0.0085980003
0.0079509525
0.0073039047
0.0066568569
0.0092646669
0.0086176191
0.0079705713
0.0073235235
0.0099313336
0.0092842858
0.008637238
0.0079901902
-0.0054019997
-0.0060490475
-0.0066960953
-0.0073431432
-0.0047353331
-0.0053823809
-0.0060294287
-0.0066764765
-0.0040686664
-0.0047157142
-0.005362762
-0.0060098098
-0.0034019997
-0.0040490475
-0.0046960953
-0.0053431432
-0.0027353331
-0.0033823809
-0.0040294287
-0.0046764765
-0.0020686664
-0.0027157142
-0.003362762
-0.0040098098
-0.0014019997
-0.0020490475
-0.0026960953
-0.0033431432
-0.00073533306
-0.0013823809
-0.0020294287
-0.0026764765
-6.8666396e-05
-0.0007157142
-0.001362762
-0.0020098098
0.00059800027
-4.9047538e-05
-0.00069609534
-0.0013431432
0.0012646669
0.00061761913
-2.9428677e-05
-0.00067647649
0.0019313336
0.0012842858
0.00063723799
-9.8098216e-06
0.0025980003
0.0019509525
0.0013039047
0.00065685684
0.0032646669
0.0026176191
0.0019705713
0.0013235235
0.0039313336
0.0032842858
0.002637238
0.0019901902
0.0045980003
0.0039509525
0.0033039047
0.0026568568
0.0052646669
0.0046176191
0.0039705713
0.0033235235
0.0059313336
0.0052842858
0.004637238
0.0039901902
0.0065980003
0.0059509525
0.0053039047
0.0046568568
0.0072646669
0.0066176191
0.0059705713
0.0053235235
0.0079313336
0.0072842858
0.006637238
0.0059901902
0.0085980003
0.0079509525
0.0073039047
0.0066568568
0.0092646669
0.0086176191
0.0079705713
0.0073235235
0.0099313336
0.0092842858
0.008637238
0.0079901902
-0.0079901903
-0.008637238
-0.0092842858
-0.0099313335
-0.0073235236
-0.0079705713
-0.0086176191
-0.0092646669
-0.0066568569
-0.0073039047
-0.0079509524
-0.0085980002
-0.0059901903
-0.006637238
-0.0072842858
-0.0079313335
-0.0053235236
-0.0059705713
-0.0066176191
-0.0072646669
-0.0046568569
-0.0053039047
-0.0059509524
-0.0065980002
-0.0039901903
-0.004637238
-0.0052842858
-0.0059313335
-0.0033235236
-0.0039705713
-0.0046176191
-0.0052646669
-0.0026568569
-0.0033039047
-0.0039509524
-0.0045980002
-0.0019901903
-0.002637238
-0.0032842858
-0.0039313335
-0.0013235236
-0.0019705713
-0.0026176191
-0.0032646669
-0.00065685692
-0.0013039047
-0.0019509524
-0.0025980002
9.809745e-06
-0.00063723802
-0.0012842858
-0.0019313335
0.00067647641
2.9428651e-05
-0.0006176191
-0.0012646669
0.0013431431
0.00069609532
4.9047564e-05
-0.0005980002
0.0020098097
0.001362762
0.00071571423
6.8666471e-05
0.0026764764
0.0020294287
0.0013823809
0.00073533314
0.0033431431
0.0026960953
0.0020490476
0.0014019998
0.0040098097
0.003362762
0.0027157142
0.0020686665
0.0046764764
0.0040294287
0.0033823809
0.0027353331
0.0053431431
0.0046960953
0.0040490476
0.0034019998
0.0060098097
0.005362762
0.0047157142
0.0040686665
0.0066764764
0.0060294287
0.0053823809
0.0047353331
0.0073431431
0.0066960953
0.0060490476
0.0054019998
-0.0079901903
-0.008637238
-0.0092842858
-0.0099313335
-0.0073235236
-0.0079705713
-0.0086176191
-0.0092646669
-0.0066568569
-0.0073039047
-0.0079509524
-0.0085980002
-0.0059901903
-0.006637238
-0.0072842858
-0.0079313335
-0.0053235236
-0.0059705713
-0.0066176191
-0.0072646669
-0.0046568569
-0.0053039047
-0.0059509524
-0.0065980002
-0.0039901903
-0.004637238
-0.0052842858
-0.0059313335
-0.0033235236
-0.0039705713
-0.0046176191
-0.0052646669
-0.0026568569
-0.0033039047
-0.0039509524
-0.0045980002
-0.0019901903
-0.002637238
-0.0032842858
-0.0039313335
-0.0013235236
-0.0019705713
-0.0026176191
-0.0032646669
-0.00065685692
-0.0013039047
-0.0019509524
-0.0025980002
9.8097441e-06
-0.00063723801
-0.0012842858
-0.0019313335
0.00067647641
2.9428656e-05
-0.00061761911
-0.0012646669
0.0013431431
0.00069609532
4.904756e-05
-0.0005980002
0.0020098097
0.001362762
0.00071571423
6.8666471e-05
0.0026764764
0.0020294287
0.0013823809
0.00073533314
0.0033431431
0.0026960953
0.0020490476
0.0014019998
0.0040098097
0.003362762
0.0027157142
0.0020686665
0.0046764764
0.0040294287
0.0033823809
0.0027353331
0.0053431431
0.0046960953
0.0040490476
0.0034019998
0.0060098097
0.005362762
0.0047157142
0.0040686665
0.0066764764
0.0060294287
0.0053823809
0.0047353331
0.0073431431
0.0066960953
0.0060490476
0.0054019998
-0.0079901903
-0.008637238
-0.0092842858
-0.0099313335
-0.0073235236
-0.0079705713
-0.0086176191
-0.0092646669
-0.0066568569
-0.0073039047
-0.0079509524
-0.0085980002
-0.0059901903
-0.006637238
-0.0072842858
-0.0079313335
-0.0053235236
-0.0059705713
-0.0066176191
-0.0072646669
-0.0046568569
-0.0053039047
-0.0059509524
-0.0065980002
-0.0039901903
-0.004637238
-0.0052842858
-0.0059313335
-0.0033235236
-0.0039705713
-0.0046176191
-0.0052646669
-0.0026568569
-0.0033039047
-0.0039509524
-0.0045980002
-0.0019901903
-0.002637238
-0.0032842858
-0.0039313335
-0.0013235236
-0.0019705713
-0.0026176191
-0.0032646669
-0.00065685692
-0.0013039047
-0.0019509524
-0.0025980002
9.8097472e-06
-0.00063723801
-0.0012842858
-0.0019313335
0.00067647641
2.9428656e-05
-0.0006176191
-0.0012646669
0.0013431431
0.00069609532
4.9047563e-05
-0.0005980002
0.0020098097
0.001362762
0.00071571423
6.8666466e-05
0.0026764764
0.0020294287
0.0013823809
0.00073533313
0.0033431431
0.0026960953
0.0020490476
0.0014019998
0.0040098097
0.003362762
0.0027157142
0.0020686665
0.0046764764
0.0040294287
0.0033823809
0.0027353331
0.0053431431
0.0046960953
0.0040490476
0.0034019998
0.0060098097
0.005362762
0.0047157142
0.0040686665
0.0066764764
0.0060294287
0.0053823809
0.0047353331
0.0073431431
0.0066960953
0.0060490476
0.0054019998
-0.0079901902
-0.008637238
-0.0092842858
-0.0099313335
-0.0073235236
-0.0079705713
-0.0086176191
-0.0092646669
-0.0066568569
-0.0073039047
-0.0079509524
-0.0085980002
-0.0059901902
-0.006637238
-0.0072842858
-0.0079313335
-0.0053235236
-0.0059705713
-0.0066176191
-0.0072646669
-0.0046568569
-0.0053039047
-0.0059509524
-0.0065980002
-0.0039901902
-0.004637238
-0.0052842858
-0.0059313335
-0.0033235236
-0.0039705713
-0.0046176191
-0.0052646669
-0.0026568569
-0.0033039047
-0.0039509524
-0.0045980002
-0.0019901902
-0.002637238
-0.0032842858
-0.0039313335
-0.0013235236
-0.0019705713
-0.0026176191
-0.0032646669
-0.00065685691
-0.0013039047
-0.0019509524
-0.0025980002
9.809753e-06
-0.00063723801
-0.0012842858
-0.0019313335
0.00067647642
2.9428654e-05
-0.0006176191
-0.0012646669
0.0013431431
0.00069609532
4.9047562e-05
-0.0005980002
0.0020098098
0.001362762
0.00071571423
6.8666466e-05
0.0026764764
0.0020294287
0.0013823809
0.00073533313
0.0033431431
0.0026960953
0.0020490476
0.0014019998
0.0040098098
0.003362762
0.0027157142
0.0020686665
0.0046764764
0.0040294287
0.0033823809
0.0027353331
0.0053431431
0.0046960953
0.0040490476
0.0034019998
0.0060098098
0.005362762
0.0047157142
0.0040686665
0.0066764764
0.0060294287
0.0053823809
0.0047353331
0.0073431431
0.0066960953
0.0060490476
0.0054019998
-0.0079901902
-0.008637238
-0.0092842858
-0.0099313335
-0.0073235236
-0.0079705713
-0.0086176191
-0.0092646669
-0.0066568569
-0.0073039047
-0.0079509524
-0.0085980002
-0.0059901902
-0.006637238
-0.0072842858
-0.0079313335
-0.0053235236
-0.0059705713
-0.0066176191
-0.0072646669
-0.0046568569
-0.0053039047
-0.0059509524
-0.0065980002
-0.0039901902
-0.004637238
-0.0052842858
-0.0059313335
-0.0033235236
-0.0039705713
-0.0046176191
-0.0052646669
-0.0026568569
-0.0033039047
-0.0039509524
-0.0045980002
-0.0019901902
-0.002637238
-0.0032842858
-0.0039313335
-0.0013235236
-0.0019705713
-0.0026176191
-0.0032646669
-0.00065685691
-0.0013039047
-0.0019509524
-0.0025980002
9.8097561e-06
-0.00063723801
-0.0012842858
-0.0019313335
0.00067647642
2.9428658e-05
-0.00061761911
-0.0012646669
0.0013431431
0.00069609532
4.9047554e-05
-0.0005980002
0.0020098098
0.001362762
0.00071571422
6.8666463e-05
0.0026764764
0.0020294287
0.0013823809
0.00073533313
0.0033431431
0.0026960953
0.0020490476
0.0014019998
0.0040098098
0.003362762
0.0027157142
0.0020686665
0.0046764764
0.0040294287
0.0033823809
0.0027353331
0.0053431431
0.0046960953
0.0040490476
0.0034019998
0.0060098098
0.005362762
0.0047157142
0.0040686665
0.0066764764
0.0060294287
0.0053823809
0.0047353331
0.0073431431
0.0066960953
0.0060490476
0.0054019998
-0.0079901902
-0.008637238
-0.0092842858
-0.0099313335
-0.0073235236
-0.0079705713
-0.0086176191
-0.0092646669
-0.0066568569
-0.0073039047
-0.0079509524
-0.0085980002
-0.0059901902
-0.006637238
-0.0072842858
-0.0079313335
-0.0053235236
-0.0059705713
-0.0066176191
-0.0072646669
-0.0046568569
-0.0053039047
-0.0059509524
-0.0065980002
-0.0039901902
-0.004637238
-0.0052842858
-0.0059313335
-0.0033235236
-0.0039705713
-0.0046176191
-0.0052646669
-0.0026568569
-0.0033039047
-0.0039509524
-0.0045980002
-0.0019901902
-0.002637238
-0.0032842858
-0.0039313335
-0.0013235236
-0.0019705713
-0.0026176191
-0.0032646669
-0.00065685691
-0.0013039047
-0.0019509524
-0.0025980002
9.8097555e-06
-0.00063723801
-0.0012842858
-0.0019313335
0.00067647642
2.9428656e-05
-0.00061761911
-0.0012646669
0.0013431431
0.00069609532
4.904756e-05
-0.00059800021
0.0020098098
0.001362762
0.00071571423
6.8666457e-05
0.0026764764
0.0020294287
0.0013823809
0.00073533312
0.0033431431
0.0026960953
0.0020490476
0.0014019998
0.0040098098
0.003362762
0.0027157142
0.0020686665
0.0046764764
0.0040294287
0.0033823809
0.0027353331
0.0053431431
0.0046960953
0.0040490476
0.0034019998
0.0060098098
0.005362762
0.0047157142
0.0040686665
0.0066764764
0.0060294287
0.0053823809
0.0047353331
0.0073431431
0.0066960953
0.0060490476
0.0054019998
-0.0079901902
-0.008637238
-0.0092842858
-0.0099313335
-0.0073235236
-0.0079705713
-0.0086176191
-0.0092646669
-0.0066568569
-0.0073039047
-0.0079509524
-0.0085980002
-0.0059901902
-0.006637238
-0.0072842858
-0.0079313335
-0.0053235236
-0.0059705713
-0.0066176191
-0.0072646669
-0.0046568569
-0.0053039047
-0.0059509524
-0.0065980002
-0.0039901902
-0.004637238
-0.0052842858
-0.0059313335
-0.0033235236
-0.0039705713
-0.0046176191
-0.0052646669
-0.0026568569
-0.0033039047
-0.0039509524
-0.0045980002
-0.0019901902
-0.002637238
-0.0032842858
-0.0039313335
-0.0013235236
-0.0019705713
-0.0026176191
-0.0032646669
-0.0006568569
-0.0013039047
-0.0019509524
-0.0025980002
9.809762e-06
-0.00063723801
-0.0012842858
-0.0019313335
0.00067647643
2.9428657e-05
-0.00061761911
-0.0012646669
0.0013431431
0.00069609532
4.9047559e-05
-0.00059800021
0.0020098098
0.001362762
0.00071571423
6.8666457e-05
0.0026764764
0.0020294287
0.0013823809
0.00073533312
0.0033431431
0.0026960953
0.0020490476
0.0014019998
0.0040098098
0.003362762
0.0027157142
0.0020686665
0.0046764764
0.0040294287
0.0033823809
0.0027353331
0.0053431431
0.0046960953
0.0040490476
0.0034019998
0.0060098098
0.005362762
0.0047157142
0.0040686665
0.0066764764
0.0060294287
0.0053823809
0.0047353331
0.0073431431
0.0066960953
0.0060490476
0.0054019998
-0.0079901902
-0.008637238
-0.0092842858
-0.0099313335
-0.0073235236
-0.0079705713
-0.0086176191
-0.0092646669
-0.0066568569
-0.0073039047
-0.0079509524
-0.0085980002
-0.0059901902
-0.006637238
-0.0072842858
-0.0079313335
-0.0053235236
-0.0059705713
-0.0066176191
-0.0072646669
-0.0046568569
-0.0053039047
-0.0059509524
-0.0065980002
-0.0039901902
-0.004637238
-0.0052842858
-0.0059313335
-0.0033235236
-0.0039705713
-0.0046176191
-0.0052646669
-0.0026568569
-0.0033039047
-0.0039509524
-0.0045980002
-0.0019901902
-0.002637238
-0.0032842858
-0.0039313335
-0.0013235236
-0.0019705713
-0.0026176191
-0.0032646669
-0.0006568569
-0.0013039047
-0.0019509524
-0.0025980002
9.8097648e-06
-0.00063723801
-0.0012842858
-0.0019313335
0.00067647643
2.9428661e-05
-0.00061761911
-0.0012646669
0.0013431431
0.00069609533
4.9047555e-05
-0.00059800022
0.0020098098
0.001362762
0.00071571422
6.8666451e-05
0.0026764764
0.0020294287
0.0013823809
0.00073533312
0.0033431431
0.0026960953
0.0020490476
0.0014019998
0.0040098098
0.003362762
0.0027157142
0.0020686665
0.0046764764
0.0040294287
0.0033823809
0.0027353331
0.0053431431
0.0046960953
0.0040490476
0.0034019998
0.0060098098
0.005362762
0.0047157142
0.0040686665
0.0066764764
0.0060294287
0.0053823809
0.0047353331
0.0073431431
0.0066960953
0.0060490476
0.0054019998
-0.0079901902
-0.008637238
-0.0092842858
-0.0099313335
-0.0073235236
-0.0079705713
-0.0086176191
-0.0092646669
-0.0066568569
-0.0073039047
-0.0079509524
-0.0085980002
-0.0059901902
-0.006637238
-0.0072842858
-0.0079313335
-0.0053235236
-0.0059705713
-0.0066176191
-0.0072646669
-0.0046568569
-0.0053039047
-0.0059509524
-0.0065980002
-0.0039901902
-0.004637238
-0.0052842858
-0.0059313335
-0.0033235236
-0.0039705713
-0.0046176191
-0.0052646669
-0.0026568569
-0.0033039047
-0.0039509524
-0.0045980002
-0.0019901902
-0.002637238
-0.0032842858
-0.0039313335
-0.0013235236
-0.0019705713
-0.0026176191
-0.0032646669
-0.00065685691
-0.0013039047
-0.0019509524
-0.0025980002
9.8097616e-06
-0.000637238
-0.0012842858
-0.0019313335
0.00067647643
2.9428662e-05
-0.00061761911
-0.0012646669
0.0013431431
0.00069609533
4.9047557e-05
-0.00059800022
0.0020098098
0.001362762
0.00071571422
6.8666451e-05
0.0026764764
0.0020294287
0.0013823809
0.00073533312
0.0033431431
0.0026960953
0.0020490476
0.0014019998
0.0040098098
0.003362762
0.0027157142
0.0020686665
0.0046764764
0.0040294287
0.0033823809
0.0027353331
0.0053431431
0.0046960953
0.0040490476
0.0034019998
0.0060098098
0.005362762
0.0047157142
0.0040686665
0.0066764764
0.0060294287
0.0053823809
0.0047353331
0.0073431431
0.0066960953
0.0060490476
0.0054019998
-0.0079901902
-0.008637238
-0.0092842858
-0.0099313336
-0.0073235236
-0.0079705713
-0.0086176191
-0.0092646669
-0.0066568569
-0.0073039047
-0.0079509524
-0.0085980002
-0.0059901902
-0.006637238
-0.0072842858
-0.0079313336
-0.0053235236
-0.0059705713
-0.0066176191
-0.0072646669
-0.0046568569
-0.0053039047
-0.0059509524
-0.0065980002
-0.0039901902
-0.004637238
-0.0052842858
-0.0059313336
-0.0033235236
-0.0039705713
-0.0046176191
-0.0052646669
-0.0026568569
-0.0033039047
-0.0039509524
-0.0045980002
-0.0019901902
-0.002637238
-0.0032842858
-0.0039313336
-0.0013235236
-0.0019705713
-0.0026176191
-0.0032646669
-0.0006568569
-0.0013039047
-0.0019509524
-0.0025980002
9.809771e-06
-0.000637238
-0.0012842858
-0.0019313336
0.00067647644
2.9428664e-05
-0.00061761911
-0.0012646669
0.0013431431
0.00069609533
4.9047552e-05
-0.00059800022
0.0020098098
0.001362762
0.00071571422
6.8666445e-05
0.0026764764
0.0020294287
0.0013823809
0.00073533311
0.0033431431
0.0026960953
0.0020490476
0.0014019998
0.0040098098
0.003362762
0.0027157142
0.0020686664
0.0046764764
0.0040294287
0.0033823809
0.0027353331
0.0053431431
0.0046960953
0.0040490476
0.0034019998
0.0060098098
0.005362762
0.0047157142
0.0040686664
0.0066764764
0.0060294287
0.0053823809
0.0047353331
0.0073431431
0.0066960953
0.0060490476
0.0054019998
-0.0079901902
-0.008637238
-0.0092842858
-0.0099313336
-0.0073235236
-0.0079705713
-0.0086176191
-0.0092646669
-0.0066568569
-0.0073039047
-0.0079509524
-0.0085980002
-0.0059901902
-0.006637238
-0.0072842858
-0.0079313336
-0.0053235236
-0.0059705713
-0.0066176191
-0.0072646669
-0.0046568569
-0.0053039047
-0.0059509524
-0.0065980002
-0.0039901902
-0.004637238
-0.0052842858
-0.0059313336
-0.0033235236
-0.0039705713
-0.0046176191
-0.0052646669
-0.0026568569
-0.0033039047
-0.0039509524
-0.0045980002
-0.0019901902
-0.002637238
-0.0032842858
-0.0039313336
-0.0013235236
-0.0019705713
-0.0026176191
-0.0032646669
-0.00065685689
-0.0013039047
-0.0019509524
-0.0025980002
9.8097745e-06
-0.00063723801
-0.0012842858
-0.0019313336
0.00067647644
2.9428661e-05
-0.00061761911
-0.0012646669
0.0013431431
0.00069609533
4.9047555e-05
-0.00059800022
0.0020098098
0.001362762
0.00071571422
6.8666445e-05
0.0026764764
0.0020294287
0.0013823809
0.00073533311
0.0033431431
0.0026960953
0.0020490476
0.0014019998
0.0040098098
0.003362762
0.0027157142
0.0020686664
0.0046764764
0.0040294287
0.0033823809
0.0027353331
0.0053431431
0.0046960953
0.0040490476
0.0034019998
0.0060098098
0.005362762
0.0047157142
0.0040686664
0.0066764764
0.0060294287
0.0053823809
0.0047353331
0.0073431431
0.0066960953
0.0060490476
0.0054019998
-0.0079901902
-0.008637238
-0.0092842858
-0.0099313336
-0.0073235236
-0.0079705713
-0.0086176191
-0.0092646669
-0.0066568569
-0.0073039047
-0.0079509524
-0.0085980002
-0.0059901902
-0.006637238
-0.0072842858
-0.0079313336
-0.0053235236
-0.0059705713
-0.0066176191
-0.0072646669
-0.0046568569
-0.0053039047
-0.0059509524
-0.0065980002
-0.0039901902
-0.004637238
-0.0052842858
-0.0059313336
-0.0033235236
-0.0039705713
-0.0046176191
-0.0052646669
-0.0026568569
-0.0033039047
-0.0039509524
-0.0045980002
-0.0019901902
-0.002637238
-0.0032842858
-0.0039313336
-0.0013235236
-0.0019705713
-0.0026176191
-0.0032646669
-0.00065685689
-0.0013039047
-0.0019509524
-0.0025980002
9.8097773e-06
-0.000637238
-0.0012842858
-0.0019313336
0.00067647644
2.9428662e-05
-0.00061761911
-0.0012646669
0.0013431431
0.00069609533
4.9047553e-05
-0.00059800023
0.0020098098
0.001362762
0.00071571422
6.8666438e-05
0.0026764764
0.0020294287
0.0013823809
0.0007353331
0.0033431431
0.0026960953
0.0020490476
0.0014019998
0.0040098098
0.003362762
0.0027157142
0.0020686664
0.0046764764
0.0040294287
0.0033823809
0.0027353331
0.0053431431
0.0046960953
0.0040490476
0.0034019998
0.0060098098
0.005362762
0.0047157142
0.0040686664
0.0066764764
0.0060294287
0.0053823809
0.0047353331
0.0073431431
0.0066960953
0.0060490476
0.0054019998
-0.0079901902
-0.008637238
-0.0092842858
-0.0099313336
-0.0073235236
-0.0079705713
-0.0086176191
-0.0092646669
-0.0066568569
-0.0073039047
-0.0079509525
-0.0085980002
-0.0059901902
-0.006637238
-0.0072842858
-0.0079313336
-0.0053235236
-0.0059705713
-0.0066176191
-0.0072646669
-0.0046568569
-0.0053039047
-0.0059509525
-0.0065980002
-0.0039901902
-0.004637238
-0.0052842858
-0.0059313336
-0.0033235236
-0.0039705713
-0.0046176191
-0.0052646669
-0.0026568569
-0.0033039047
-0.0039509525
-0.0045980002
-0.0019901902
-0.002637238
-0.0032842858
-0.0039313336
-0.0013235236
-0.0019705713
-0.0026176191
-0.0032646669
-0.00065685689
-0.0013039047
-0.0019509525
-0.0025980002
9.8097778e-06
-0.000637238
-0.0012842858
-0.0019313336
0.00067647645
2.9428667e-05
-0.00061761912
-0.0012646669
0.0013431431
0.00069609533
4.9047549e-05
-0.00059800023
0.0020098098
0.001362762
0.00071571422
6.8666435e-05
0.0026764764
0.0020294287
0.0013823809
0.0007353331
0.0033431431
0.0026960953
0.0020490475
0.0014019998
0.0040098098
0.003362762
0.0027157142
0.0020686664
0.0046764764
0.0040294287
0.0033823809
0.0027353331
0.0053431431
0.0046960953
0.0040490475
0.0034019998
0.0060098098
0.005362762
0.0047157142
0.0040686664
0.0066764764
0.0060294287
0.0053823809
0.0047353331
0.0073431431
0.0066960953
0.0060490475
0.0054019998
-0.0079901902
-0.008637238
-0.0092842858
-0.0099313336
-0.0073235235
-0.0079705713
-0.0086176191
-0.0092646669
-0.0066568569
-0.0073039047
-0.0079509525
-0.0085980002
-0.0059901902
-0.006637238
-0.0072842858
-0.0079313336
-0.0053235235
-0.0059705713
-0.0066176191
-0.0072646669
-0.0046568569
-0.0053039047
-0.0059509525
-0.0065980002
-0.0039901902
-0.004637238
-0.0052842858
-0.0059313336
-0.0033235235
-0.0039705713
-0.0046176191
-0.0052646669
-0.0026568569
-0.0033039047
-0.0039509525
-0.0045980002
-0.0019901902
-0.002637238
-0.0032842858
-0.0039313336
-0.0013235235
-0.0019705713
-0.0026176191
-0.0032646669
-0.00065685688
-0.0013039047
-0.0019509525
-0.0025980002
9.8097842e-06
-0.000637238
-0.0012842858
-0.0019313336
0.00067647645
2.9428665e-05
-0.00061761912
-0.0012646669
0.0013431431
0.00069609533
4.9047548e-05
-0.00059800023
0.0020098098
0.001362762
0.00071571421
6.8666438e-05
0.0026764765
0.0020294287
0.0013823809
0.0007353331
0.0033431431
0.0026960953
0.0020490475
0.0014019998
0.0040098098
0.003362762
0.0027157142
0.0020686664
0.0046764765
0.0040294287
0.0033823809
0.0027353331
0.0053431431
0.0046960953
0.0040490475
0.0034019998
0.0060098098
0.005362762
0.0047157142
0.0040686664
0.0066764765
0.0060294287
0.0053823809
0.0047353331
0.0073431431
0.0066960953
0.0060490475
0.0054019998
-0.0079901902
-0.008637238
-0.0092842858
-0.0099313336
-0.0073235235
-0.0079705713
-0.0086176191
-0.0092646669
-0.0066568569
-0.0073039047
-0.0079509524
-0.0085980002
-0.0059901902
-0.006637238
-0.0072842858
-0.0079313336
-0.0053235235
-0.0059705713
-0.0066176191
-0.0072646669
-0.0046568569
-0.0053039047
-0.0059509524
-0.0065980002
-0.0039901902
-0.004637238
-0.0052842858
-0.0059313336
-0.0033235235
-0.0039705713
-0.0046176191
-0.0052646669
-0.0026568569
-0.0033039047
-0.0039509524
-0.0045980002
-0.0019901902
-0.002637238
-0.0032842858
-0.0039313336
-0.0013235235
-0.0019705713
-0.0026176191
-0.0032646669
-0.00065685688
-0.0013039047
-0.0019509524
-0.0025980002
9.8097847e-06
-0.000637238
-0.0012842858
-0.0019313336
0.00067647645
2.9428669e-05
-0.00061761912
-0.0012646669
0.0013431431
0.00069609534
4.904755e-05
-0.00059800024
0.0020098098
0.001362762
0.00071571422
6.8666428e-05
0.0026764765
0.0020294287
0.0013823809
0.00073533309
0.0033431431
0.0026960953
0.0020490476
0.0014019998
0.0040098098
0.003362762
0.0027157142
0.0020686664
0.0046764765
0.0040294287
0.0033823809
0.0027353331
0.0053431431
0.0046960953
0.0040490476
0.0034019998
0.0060098098
0.005362762
0.0047157142
0.0040686664
0.0066764765
0.0060294287
0.0053823809
0.0047353331
0.0073431431
0.0066960953
0.0060490476
0.0054019998
-0.0079901902
-0.008637238
-0.0092842858
-0.0099313336
-0.0073235235
-0.0079705713
-0.0086176191
-0.0092646669
-0.0066568569
-0.0073039047
-0.0079509525
-0.0085980002
-0.0059901902
-0.006637238
-0.0072842858
-0.0079313336
-0.0053235235
-0.0059705713
-0.0066176191
-0.0072646669
-0.0046568569
-0.0053039047
-0.0059509525
-0.0065980002
-0.0039901902
-0.004637238
-0.0052842858
-0.0059313336
-0.0033235235
-0.0039705713
-0.0046176191
-0.0052646669
-0.0026568569
-0.0033039047
-0.0039509525
-0.0045980002
-0.0019901902
-0.002637238
-0.0032842858
-0.0039313336
-0.0013235235
-0.0019705713
-0.0026176191
-0.0032646669
-0.00065685688
-0.0013039047
-0.0019509525
-0.0025980002
9.809788e-06
-0.000637238
-0.0012842858
-0.0019313336
0.00067647645
2.942867e-05
-0.00061761912
-0.0012646669
0.0013431431
0.00069609534
4.9047546e-05
-0.00059800024
0.0020098098
0.001362762
0.00071571421
6.8666428e-05
0.0026764765
0.0020294287
0.0013823809
0.00073533309
0.0033431431
0.0026960953
0.0020490475
0.0014019998
0.0040098098
0.003362762
0.0027157142
0.0020686664
0.0046764765
0.0040294287
0.0033823809
0.0027353331
0.0053431431
0.0046960953
0.0040490475
0.0034019998
0.0060098098
0.005362762
0.0047157142
0.0040686664
0.0066764765
0.0060294287
0.0053823809
0.0047353331
0.0073431431
0.0066960953
0.0060490475
0.0054019998
-0.0079901902
-0.008637238
-0.0092842858
-0.0099313336
-0.0073235235
-0.0079705713
-0.0086176191
-0.0092646669
-0.0066568569
-0.0073039047
-0.0079509525
-0.0085980002
-0.0059901902
-0.006637238
-0.0072842858
-0.0079313336
-0.0053235235
-0.0059705713
-0.0066176191
-0.0072646669
-0.0046568569
-0.0053039047
-0.0059509525
-0.0065980002
-0.0039901902
-0.004637238
-0.0052842858
-0.0059313336
-0.0033235235
-0.0039705713
-0.0046176191
-0.0052646669
-0.0026568569
-0.0033039047
-0.0039509525
-0.0045980002
-0.0019901902
-0.002637238
-0.0032842858
-0.0039313336
-0.0013235235
-0.0019705713
-0.0026176191
-0.0032646669
-0.00065685687
-0.0013039047
-0.0019509525
-0.0025980002
9.8097951e-06
-0.000637238
-0.0012842858
-0.0019313336
0.00067647646
2.9428668e-05
-0.00061761912
-0.0012646669
0.0013431431
0.00069609533
4.9047548e-05
-0.00059800025
0.0020098098
0.001362762
0.00071571421
6.8666421e-05
0.0026764765
0.0020294287
0.0013823809
0.00073533309
0.0033431431
0.0026960953
0.0020490475
0.0014019998
0.0040098098
0.003362762
0.0027157142
0.0020686664
0.0046764765
0.0040294287
0.0033823809
0.0027353331
0.0053431431
0.0046960953
0.0040490475
0.0034019998
0.0060098098
0.005362762
0.0047157142
0.0040686664
0.0066764765
0.0060294287
0.0053823809
0.0047353331
0.0073431431
0.0066960953
0.0060490475
0.0054019998
-0.0079901902
-0.008637238
-0.0092842858
-0.0099313336
-0.0073235235
-0.0079705713
-0.0086176191
-0.0092646669
-0.0066568569
-0.0073039047
-0.0079509525
-0.0085980002
-0.0059901902
-0.006637238
-0.0072842858
-0.0079313336
-0.0053235235
-0.0059705713
-0.0066176191
-0.0072646669
-0.0046568569
-0.0053039047
-0.0059509525
-0.0065980002
-0.0039901902
-0.004637238
-0.0052842858
-0.0059313336
-0.0033235235
-0.0039705713
-0.0046176191
-0.0052646669
-0.0026568569
-0.0033039047
-0.0039509525
-0.0045980002
-0.0019901902
-0.002637238
-0.0032842858
-0.0039313336
-0.0013235235
-0.0019705713
-0.0026176191
-0.0032646669
-0.00065685687
-0.0013039047
-0.0019509525
-0.0025980002
9.8097985e-06
-0.000637238
-0.0012842858
-0.0019313336
0.00067647647
2.9428669e-05
-0.00061761912
-0.0012646669
0.0013431431
0.00069609534
4.9047546e-05
-0.00059800025
0.0020098098
0.001362762
0.00071571421
6.8666417e-05
0.0026764765
0.0020294287
0.0013823809
0.00073533308
0.0033431431
0.0026960953
0.0020490475
0.0014019998
0.0040098098
0.003362762
0.0027157142
0.0020686664
0.0046764765
0.0040294287
0.0033823809
0.0027353331
0.0053431431
0.0046960953
0.0040490475
0.0034019998
0.0060098098
0.005362762
0.0047157142
0.0040686664
0.0066764765
0.0060294287
0.0053823809
0.0047353331
0.0073431431
0.0066960953
0.0060490475
0.0054019998
-0.0079901902
-0.008637238
-0.0092842858
-0.0099313336
-0.0073235235
-0.0079705713
-0.0086176191
-0.0092646669
-0.0066568569
-0.0073039047
-0.0079509525
-0.0085980003
-0.0059901902
-0.006637238
-0.0072842858
-0.0079313336
-0.0053235235
-0.0059705713
-0.0066176191
-0.0072646669
-0.0046568569
-0.0053039047
-0.0059509525
-0.0065980003
-0.0039901902
-0.004637238
-0.0052842858
-0.0059313336
-0.0033235235
-0.0039705713
-0.0046176191
-0.0052646669
-0.0026568569
-0.0033039047
-0.0039509525
-0.0045980003
-0.0019901902
-0.002637238
-0.0032842858
-0.0039313336
-0.0013235235
-0.0019705713
-0.0026176191
-0.0032646669
-0.00065685687
-0.0013039047
-0.0019509525
-0.0025980003
9.8097993e-06
-0.00063723799
-0.0012842858
-0.0019313336
0.00067647647
2.9428674e-05
-0.00061761912
-0.0012646669
0.0013431431
0.00069609534
4.9047542e-05
-0.00059800025
0.0020098098
0.001362762
0.00071571421
6.8666417e-05
0.0026764765
0.0020294287
0.0013823809
0.00073533308
0.0033431431
0.0026960953
0.0020490475
0.0014019997
0.0040098098
0.003362762
0.0027157142
0.0020686664
0.0046764765
0.0040294287
0.0033823809
0.0027353331
0.0053431431
0.0046960953
0.0040490475
0.0034019997
0.0060098098
0.005362762
0.0047157142
0.0040686664
0.0066764765
0.0060294287
0.0053823809
0.0047353331
0.0073431431
0.0066960953
0.0060490475
0.0054019997
-0.0079901902
-0.008637238
-0.0092842858
-0.0099313336
-0.0073235235
-0.0079705713
-0.0086176191
-0.0092646669
-0.0066568569
-0.0073039047
-0.0079509525
-0.0085980003
-0.0059901902
-0.006637238
-0.0072842858
-0.0079313336
-0.0053235235
-0.0059705713
-0.0066176191
-0.0072646669
-0.0046568569
-0.0053039047
-0.0059509525
-0.0065980003
-0.0039901902
-0.004637238
-0.0052842858
-0.0059313336
-0.0033235235
-0.0039705713
-0.0046176191
-0.0052646669
-0.0026568569
-0.0033039047
-0.0039509525
-0.0045980003
-0.0019901902
-0.002637238
-0.0032842858
-0.0039313336
-0.0013235235
-0.0019705713
-0.0026176191
-0.0032646669
-0.00065685686
-0.0013039047
-0.0019509525
-0.0025980003
9.8098029e-06
-0.00063723799
-0.0012842858
-0.0019313336
0.00067647647
2.9428675e-05
-0.00061761912
-0.0012646669
0.0013431431
0.00069609534
4.9047544e-05
-0.00059800026
0.0020098098
0.001362762
0.00071571421
6.866641e-05
0.0026764765
0.0020294287
0.0013823809
0.00073533308
0.0033431431
0.0026960953
0.0020490475
0.0014019997
0.0040098098
0.003362762
0.0027157142
0.0020686664
0.0046764765
0.0040294287
0.0033823809
0.0027353331
0.0053431431
0.0046960953
0.0040490475
0.0034019997
0.0060098098
0.005362762
0.0047157142
0.0040686664
0.0066764765
0.0060294287
0.0053823809
0.0047353331
0.0073431431
0.0066960953
0.0060490475
0.0054019997
-0.0079901902
-0.008637238
-0.0092842858
-0.0099313336
-0.0073235235
-0.0079705713
-0.0086176191
-0.0092646669
-0.0066568569
-0.0073039047
-0.0079509525
-0.0085980003
-0.0059901902
-0.006637238
-0.0072842858
-0.0079313336
-0.0053235235
-0.0059705713
-0.0066176191
-0.0072646669
-0.0046568569
-0.0053039047
-0.0059509525
-0.0065980003
-0.0039901902
-0.004637238
-0.0052842858
-0.0059313336
-0.0033235235
-0.0039705713
-0.0046176191
-0.0052646669
-0.0026568569
-0.0033039047
-0.0039509525
-0.0045980003
-0.0019901902
-0.002637238
-0.0032842858
-0.0039313336
-0.0013235235
-0.0019705713
-0.0026176191
-0.0032646669
-0.00065685686
-0.0013039047
-0.0019509525
-0.0025980003
9.8098103e-06
-0.00063723799
-0.0012842858
-0.0019313336
0.00067647648
2.9428673e-05
-0.00061761912
-0.0012646669
0.0013431431
0.00069609534
4.9047543e-05
-0.00059800026
0.0020098098
0.001362762
0.00071571421
6.8666409e-05
0.0026764765
0.0020294287
0.0013823809
0.00073533308
0.0033431431
0.0026960953
0.0020490475
0.0014019997
0.0040098098
0.003362762
0.0027157142
0.0020686664
0.0046764765
0.0040294287
0.0033823809
0.0027353331
0.0053431431
0.0046960953
0.0040490475
0.0034019997
0.0060098098
0.005362762
0.0047157142
0.0040686664
0.0066764765
0.0060294287
0.0053823809
0.0047353331
0.0073431431
0.0066960953
0.0060490475
0.0054019997
-0.0079901902
-0.008637238
-0.0092842858
-0.0099313336
-0.0073235235
-0.0079705713
-0.0086176191
-0.0092646669
-0.0066568569
-0.0073039047
-0.0079509525
-0.0085980003
-0.0059901902
-0.006637238
-0.0072842858
-0.0079313336
-0.0053235235
-0.0059705713
-0.0066176191
-0.0072646669
-0.0046568569
-0.0053039047
-0.0059509525
-0.0065980003
-0.0039901902
-0.004637238
-0.0052842858
-0.0059313336
-0.0033235235
-0.0039705713
-0.0046176191
-0.0052646669
-0.0026568569
-0.0033039047
-0.0039509525
-0.0045980003
-0.0019901902
-0.002637238
-0.0032842858
-0.0039313336
-0.0013235235
-0.0019705713
-0.0026176191
-0.0032646669
-0.00065685685
-0.0013039047
-0.0019509525
-0.0025980003
9.8098141e-06
-0.00063723799
-0.0012842858
-0.0019313336
0.00067647648
2.9428678e-05
-0.00061761913
-0.0012646669
0.0013431431
0.00069609534
4.9047535e-05
-0.00059800026
0.0020098098
0.001362762
0.0007157142
6.8666405e-05
0.0026764765
0.0020294287
0.0013823809
0.00073533307
0.0033431431
0.0026960953
0.0020490475
0.0014019997
0.0040098098
0.003362762
0.0027157142
0.0020686664
0.0046764765
0.0040294287
0.0033823809
0.0027353331
0.0053431431
0.0046960953
0.0040490475
0.0034019997
0.0060098098
0.005362762
0.0047157142
0.0040686664
0.0066764765
0.0060294287
0.0053823809
0.0047353331
0.0073431431
0.0066960953
0.0060490475
0.0054019997
-0.0079901902
-0.008637238
-0.0092842858
-0.0099313336
-0.0073235235
-0.0079705713
-0.0086176191
-0.0092646669
-0.0066568569
-0.0073039047
-0.0079509525
-0.0085980003
-0.0059901902
-0.006637238
-0.0072842858
-0.0079313336
-0.0053235235
-0.0059705713
-0.0066176191
-0.0072646669
-0.0046568569
-0.0053039047
-0.0059509525
-0.0065980003
-0.0039901902
-0.004637238
-0.0052842858
-0.0059313336
-0.0033235235
-0.0039705713
-0.0046176191
-0.0052646669
-0.0026568569
-0.0033039047
-0.0039509525
-0.0045980003
-0.0019901902
-0.002637238
-0.0032842858
-0.0039313336
-0.0013235235
-0.0019705713
-0.0026176191
-0.0032646669
-0.00065685685
-0.0013039047
-0.0019509525
-0.0025980003
9.8098152e-06
-0.00063723799
-0.0012842858
-0.0019313336
0.00067647648
2.9428676e-05
-0.00061761913
-0.0012646669
0.0013431431
0.00069609534
4.904754e-05
-0.00059800027
0.0020098098
0.001362762
0.00071571421
6.8666401e-05
0.0026764765
0.0020294287
0.0013823809
0.00073533307
0.0033431431
0.0026960953
0.0020490475
0.0014019997
0.0040098098
0.003362762
0.0027157142
0.0020686664
0.0046764765
0.0040294287
0.0033823809
0.0027353331
0.0053431431
0.0046960953
0.0040490475
0.0034019997
0.0060098098
0.005362762
0.0047157142
0.0040686664
0.0066764765
0.0060294287
0.0053823809
0.0047353331
0.0073431431
0.0066960953
0.0060490475
0.0054019997
-0.0079901902
-0.008637238
-0.0092842858
-0.0099313336
-0.0073235235
-0.0079705713
-0.0086176191
-0.0092646669
-0.0066568568
-0.0073039047
-0.0079509525
-0.0085980003
-0.0059901902
-0.006637238
-0.0072842858
-0.0079313336
-0.0053235235
-0.0059705713
-0.0066176191
-0.0072646669
-0.0046568568
-0.0053039047
-0.0059509525
-0.0065980003
-0.0039901902
-0.004637238
-0.0052842858
-0.0059313336
-0.0033235235
-0.0039705713
-0.0046176191
-0.0052646669
-0.0026568568
-0.0033039047
-0.0039509525
-0.0045980003
-0.0019901902
-0.002637238
-0.0032842858
-0.0039313336
-0.0013235235
-0.0019705713
-0.0026176191
-0.0032646669
-0.00065685684
-0.0013039047
-0.0019509525
-0.0025980003
9.8098223e-06
-0.00063723799
-0.0012842858
-0.0019313336
0.00067647649
2.9428681e-05
-0.00061761913
-0.0012646669
0.0013431432
0.00069609535
4.9047535e-05
-0.00059800027
0.0020098098
0.001362762
0.00071571421
6.8666393e-05
0.0026764765
0.0020294287
0.0013823809
0.00073533306
0.0033431432
0.0026960953
0.0020490475
0.0014019997
0.0040098098
0.003362762
0.0027157142
0.0020686664
0.0046764765
0.0040294287
0.0033823809
0.0027353331
0.0053431432
0.0046960953
0.0040490475
0.0034019997
0.0060098098
0.005362762
0.0047157142
0.0040686664
0.0066764765
0.0060294287
0.0053823809
0.0047353331
0.0073431432
0.0066960953
0.0060490475
0.0054019997
-0.010556333
-0.011159286
-0.011762238
-0.012365191
-0.0098896665
-0.010492619
-0.011095571
-0.011698524
-0.0092229998
-0.0098259523
-0.010428905
-0.011031857
-0.0085563331
-0.0091592856
-0.0097622381
-0.010365191
-0.0078896665
-0.008492619
-0.0090955715
-0.009698524
-0.0072229998
-0.0078259523
-0.0084289048
-0.0090318573
-0.0065563331
-0.0071592856
-0.0077622381
-0.0083651906
-0.0058896665
-0.006492619
-0.0070955715
-0.007698524
-0.0052229998
-0.0058259523
-0.0064289048
-0.0070318573
-0.0045563331
-0.0051592856
-0.0057622381
-0.0063651906
-0.0038896665
-0.004492619
-0.0050955715
-0.005698524
-0.0032229998
-0.0038259523
-0.0044289048
-0.0050318573
-0.0025563331
-0.0031592856
-0.0037622381
-0.0043651906
-0.0018896665
-0.002492619
-0.0030955715
-0.003698524
-0.0012229998
-0.0018259523
-0.0024289048
-0.0030318573
-0.00055633314
-0.0011592856
-0.0017622381
-0.0023651906
0.00011033353
-0.00049261897
-0.0010955715
-0.001698524
0.0007770002
0.0001740477
-0.00042890481
-0.0010318573
0.0014436669
0.00084071436
0.00023776185
-0.00036519065
0.0021103335
0.001507381
0.00090442852
0.00030147602
0.0027770002
0.0021740477
0.0015710952
0.00096814268
0.0034436669
0.0028407144
0.0022377619
0.0016348094
0.0041103335
0.003507381
0.0029044285
0.002301476
0.0047770002
0.0041740477
0.0035710952
0.0029681427
-0.010556333
-0.011159286
-0.011762238
-0.012365191
-0.0098896665
-0.010492619
-0.011095571
-0.011698524
-0.0092229998
-0.0098259523
-0.010428905
-0.011031857
-0.0085563331
-0.0091592856
-0.0097622381
-0.010365191
-0.0078896665
-0.008492619
-0.0090955715
-0.009698524
-0.0072229998
-0.0078259523
-0.0084289048
-0.0090318573
-0.0065563331
-0.0071592856
-0.0077622381
-0.0083651907
-0.0058896665
-0.006492619
-0.0070955715
-0.007698524
-0.0052229998
-0.0058259523
-0.0064289048
-0.0070318573
-0.0045563331
-0.0051592856
-0.0057622381
-0.0063651907
-0.0038896665
-0.004492619
-0.0050955715
-0.005698524
-0.0032229998
-0.0038259523
-0.0044289048
-0.0050318573
-0.0025563331
-0.0031592856
-0.0037622381
-0.0043651907
-0.0018896665
-0.002492619
-0.0030955715
-0.003698524
-0.0012229998
-0.0018259523
-0.0024289048
-0.0030318573
-0.00055633314
-0.0011592856
-0.0017622381
-0.0023651907
0.00011033353
-0.00049261897
-0.0010955715
-0.001698524
0.0007770002
0.00017404769
-0.00042890481
-0.0010318573
0.0014436669
0.00084071436
0.00023776186
-0.00036519065
0.0021103335
0.001507381
0.00090442852
0.00030147601
0.0027770002
0.0021740477
0.0015710952
0.00096814268
0.0034436669
0.0028407144
0.0022377619
0.0016348093
0.0041103335
0.003507381
0.0029044285
0.002301476
0.0047770002
0.0041740477
0.0035710952
0.0029681427
-0.010556333
-0.011159286
-0.011762238
-0.012365191
-0.0098896665
-0.010492619
-0.011095571
-0.011698524
-0.0092229998
-0.0098259523
-0.010428905
-0.011031857
-0.0085563331
-0.0091592856
-0.0097622381
-0.010365191
-0.0078896665
-0.008492619
-0.0090955715
-0.009698524
-0.0072229998
-0.0078259523
-0.0084289048
-0.0090318573
-0.0065563331
-0.0071592856
-0.0077622381
-0.0083651907
-0.0058896665
-0.006492619
-0.0070955715
-0.007698524
-0.0052229998
-0.0058259523
-0.0064289048
-0.0070318573
-0.0045563331
-0.0051592856
-0.0057622381
-0.0063651907
-0.0038896665
-0.004492619
-0.0050955715
-0.005698524
-0.0032229998
-0.0038259523
-0.0044289048
-0.0050318573
-0.0025563331
-0.0031592856
-0.0037622381
-0.0043651907
-0.0018896665
-0.002492619
-0.0030955715
-0.003698524
-0.0012229998
-0.0018259523
-0.0024289048
-0.0030318573
-0.00055633313
-0.0011592856
-0.0017622381
-0.0023651907
0.00011033354
-0.00049261897
-0.0010955715
-0.001698524
0.00077700021
0.00017404769
-0.00042890481
-0.0010318573
0.0014436669
0.00084071436
0.00023776185
-0.00036519065
0.0021103335
0.001507381
0.00090442852
0.00030147601
0.0027770002
0.0021740477
0.0015710952
0.00096814268
0.0034436669
0.0028407144
0.0022377619
0.0016348093
0.0041103335
0.003507381
0.0029044285
0.002301476
0.0047770002
0.0041740477
0.0035710952
0.0029681427
-0.010556333
-0.011159286
-0.011762238
-0.012365191
-0.0098896665
-0.010492619
-0.011095571
-0.011698524
-0.0092229998
-0.0098259523
-0.010428905
-0.011031857
-0.0085563331
-0.0091592856
-0.0097622381
-0.010365191
-0.0078896665
-0.008492619
-0.0090955715
-0.009698524
-0.0072229998
-0.0078259523
-0.0084289048
-0.0090318573
-0.0065563331
-0.0071592856
-0.0077622381
-0.0083651907
-0.0058896665
-0.006492619
-0.0070955715
-0.007698524
-0.0052229998
-0.0058259523
-0.0064289048
-0.0070318573
-0.0045563331
-0.0051592856
-0.0057622381
-0.0063651907
-0.0038896665
-0.004492619
-0.0050955715
-0.005698524
-0.0032229998
-0.0038259523
-0.0044289048
-0.0050318573
-0.0025563331
-0.0031592856
-0.0037622381
-0.0043651907
-0.0018896665
-0.002492619
-0.0030955715
-0.003698524
-0.0012229998
-0.0018259523
-0.0024289048
-0.0030318573
-0.00055633313
-0.0011592856
-0.0017622381
-0.0023651907
0.00011033354
-0.00049261897
-0.0010955715
-0.001698524
0.0007770002
0.0001740477
-0.00042890481
-0.0010318573
0.0014436669
0.00084071436
0.00023776185
-0.00036519066
0.0021103335
0.001507381
0.00090442852
0.00030147601
0.0027770002
0.0021740477
0.0015710952
0.00096814268
0.0034436669
0.0028407144
0.0022377619
0.0016348093
0.0041103335
0.003507381
0.0029044285
0.002301476
0.0047770002
0.0041740477
0.0035710952
0.0029681427
-0.010556333
-0.011159286
-0.011762238
-0.012365191
-0.0098896665
-0.010492619
-0.011095571
-0.011698524
-0.0092229998
-0.0098259523
-0.010428905
-0.011031857
-0.0085563331
-0.0091592856
-0.0097622381
-0.010365191
-0.0078896665
-0.008492619
-0.0090955715
-0.009698524
-0.0072229998
-0.0078259523
-0.0084289048
-0.0090318573
-0.0065563331
-0.0071592856
-0.0077622382
-0.0083651907
-0.0058896665
-0.006492619
-0.0070955715
-0.007698524
-0.0052229998
-0.0058259523
-0.0064289048
-0.0070318573
-0.0045563331
-0.0051592856
-0.0057622382
-0.0063651907
-0.0038896665
-0.004492619
-0.0050955715
-0.005698524
-0.0032229998
-0.0038259523
-0.0044289048
-0.0050318573
-0.0025563331
-0.0031592856
-0.0037622382
-0.0043651907
-0.0018896665
-0.002492619
-0.0030955715
-0.003698524
-0.0012229998
-0.0018259523
-0.0024289048
-0.0030318573
-0.00055633313
-0.0011592856
-0.0017622382
-0.0023651907
0.00011033354
-0.00049261897
-0.0010955715
-0.001698524
0.00077700021
0.0001740477
-0.00042890482
-0.0010318573
0.0014436669
0.00084071437
0.00023776185
-0.00036519066
0.0021103335
0.001507381
0.00090442852
0.00030147601
0.0027770002
0.0021740477
0.0015710952
0.00096814268
0.0034436669
0.0028407144
0.0022377618
0.0016348093
0.0041103335
0.003507381
0.0029044285
0.002301476
0.0047770002
0.0041740477
0.0035710952
0.0029681427
-0.010556333
-0.011159286
-0.011762238
-0.012365191
-0.0098896665
-0.010492619
-0.011095571
-0.011698524
-0.0092229998
-0.0098259523
-0.010428905
-0.011031857
-0.0085563331
-0.0091592856
-0.0097622381
-0.010365191
-0.0078896665
-0.008492619
-0.0090955715
-0.009698524
-0.0072229998
-0.0078259523
-0.0084289048
-0.0090318573
-0.0065563331
-0.0071592856
-0.0077622381
-0.0083651907
-0.0058896665
-0.006492619
-0.0070955715
-0.007698524
-0.0052229998
-0.0058259523
-0.0064289048
-0.0070318573
-0.0045563331
-0.0051592856
-0.0057622381
-0.0063651907
-0.0038896665
-0.004492619
-0.0050955715
-0.005698524
-0.0032229998
-0.0038259523
-0.0044289048
-0.0050318573
-0.0025563331
-0.0031592856
-0.0037622381
-0.0043651907
-0.0018896665
-0.002492619
-0.0030955715
-0.003698524
-0.0012229998
-0.0018259523
-0.0024289048
-0.0030318573
-0.00055633312
-0.0011592856
-0.0017622381
-0.0023651907
0.00011033355
-0.00049261897
-0.0010955715
-0.001698524
0.00077700021
0.00017404769
-0.00042890481
-0.0010318573
0.0014436669
0.00084071436
0.00023776185
-0.00036519066
0.0021103335
0.001507381
0.00090442852
0.00030147601
0.0027770002
0.0021740477
0.0015710952
0.00096814267
0.0034436669
0.0028407144
0.0022377619
0.0016348093
0.0041103335
0.003507381
0.0029044285
0.002301476
0.0047770002
0.0041740477
0.0035710952
0.0029681427
-0.010556333
-0.011159286
-0.011762238
-0.012365191
-0.0098896665
-0.010492619
-0.011095571
-0.011698524
-0.0092229998
-0.0098259523
-0.010428905
-0.011031857
-0.0085563331
-0.0091592856
-0.0097622381
-0.010365191
-0.0078896665
-0.008492619
-0.0090955715
-0.009698524
-0.0072229998
-0.0078259523
-0.0084289048
-0.0090318573
-0.0065563331
-0.0071592856
-0.0077622381
-0.0083651907
-0.0058896665
-0.006492619
-0.0070955715
-0.007698524
-0.0052229998
-0.0058259523
-0.0064289048
-0.0070318573
-0.0045563331
-0.0051592856
-0.0057622381
-0.0063651907
-0.0038896665
-0.004492619
-0.0050955715
-0.005698524
-0.0032229998
-0.0038259523
-0.0044289048
-0.0050318573
-0.0025563331
-0.0031592856
-0.0037622381
-0.0043651907
-0.0018896665
-0.002492619
-0.0030955715
-0.003698524
-0.0012229998
-0.0018259523
-0.0024289048
-0.0030318573
-0.00055633312
-0.0011592856
-0.0017622381
-0.0023651907
0.00011033354
-0.00049261897
-0.0010955715
-0.001698524
0.00077700021
0.0001740477
-0.00042890482
-0.0010318573
0.0014436669
0.00084071437
0.00023776185
-0.00036519066
0.0021103335
0.001507381
0.00090442852
0.00030147601
0.0027770002
0.0021740477
0.0015710952
0.00096814267
0.0034436669
0.0028407144
0.0022377619
0.0016348093
0.0041103335
0.003507381
0.0029044285
0.002301476
0.0047770002
0.0041740477
0.0035710952
0.0029681427
-0.010556333
-0.011159286
-0.011762238
-0.012365191
-0.0098896665
-0.010492619
-0.011095571
-0.011698524
-0.0092229998
-0.0098259523
-0.010428905
-0.011031857
-0.0085563331
-0.0091592856
-0.0097622381
-0.010365191
-0.0078896665
-0.008492619
-0.0090955715
-0.009698524
-0.0072229998
-0.0078259523
-0.0084289048
-0.0090318573
-0.0065563331
-0.0071592856
-0.0077622381
-0.0083651907
-0.0058896665
-0.006492619
-0.0070955715
-0.007698524
-0.0052229998
-0.0058259523
-0.0064289048
-0.0070318573
-0.0045563331
-0.0051592856
-0.0057622381
-0.0063651907
-0.0038896665
-0.004492619
-0.0050955715
-0.005698524
-0.0032229998
-0.0038259523
-0.0044289048
-0.0050318573
-0.0025563331
-0.0031592856
-0.0037622381
-0.0043651907
-0.0018896665
-0.002492619
-0.0030955715
-0.003698524
-0.0012229998
-0.0018259523
-0.0024289048
-0.0030318573
-0.00055633312
-0.0011592856
-0.0017622381
-0.0023651907
0.00011033355
-0.00049261897
-0.0010955715
-0.001698524
0.00077700021
0.0001740477
-0.00042890482
-0.0010318573
0.0014436669
0.00084071437
0.00023776185
-0.00036519067
0.0021103335
0.001507381
0.00090442852
0.000301476
0.0027770002
0.0021740477
0.0015710952
0.00096814267
0.0034436669
0.0028407144
0.0022377619
0.0016348093
0.0041103335
0.003507381
0.0029044285
0.002301476
0.0047770002
0.0041740477
0.0035710952
0.0029681427
-0.010556333
-0.011159286
-0.011762238
-0.012365191
-0.0098896664
-0.010492619
-0.011095571
-0.011698524
-0.0092229998
-0.0098259523
-0.010428905
-0.011031857
-0.0085563331
-0.0091592856
-0.0097622382
-0.010365191
-0.0078896664
-0.008492619
-0.0090955715
-0.009698524
-0.0072229998
-0.0078259523
-0.0084289048
-0.0090318573
-0.0065563331
-0.0071592856
-0.0077622382
-0.0083651907
-0.0058896664
-0.006492619
-0.0070955715
-0.007698524
-0.0052229998
-0.0058259523
-0.0064289048
-0.0070318573
-0.0045563331
-0.0051592856
-0.0057622382
-0.0063651907
-0.0038896664
-0.004492619
-0.0050955715
-0.005698524
-0.0032229998
-0.0038259523
-0.0044289048
-0.0050318573
-0.0025563331
-0.0031592856
-0.0037622382
-0.0043651907
-0.0018896664
-0.002492619
-0.0030955715
-0.003698524
-0.0012229998
-0.0018259523
-0.0024289048
-0.0030318573
-0.00055633312
-0.0011592856
-0.0017622382
-0.0023651907
0.00011033355
-0.00049261897
-0.0010955715
-0.001698524
0.00077700022
0.0001740477
-0.00042890482
-0.0010318573
0.0014436669
0.00084071436
0.00023776185
-0.00036519067
0.0021103336
0.001507381
0.00090442851
0.000301476
0.0027770002
0.0021740477
0.0015710952
0.00096814267
0.0034436669
0.0028407144
0.0022377618
0.0016348093
0.0041103336
0.003507381
0.0029044285
0.002301476
0.0047770002
0.0041740477
0.0035710952
0.0029681427
-0.010556333
-0.011159286
-0.011762238
-0.012365191
-0.0098896664
-0.010492619
-0.011095571
-0.011698524
-0.0092229998
-0.0098259523
-0.010428905
-0.011031857
-0.0085563331
-0.0091592856
-0.0097622381
-0.010365191
-0.0078896664
-0.008492619
-0.0090955715
-0.009698524
-0.0072229998
-0.0078259523
-0.0084289048
-0.0090318573
-0.0065563331
-0.0071592856
-0.0077622382
-0.0083651907
-0.0058896664
-0.006492619
-0.0070955715
-0.007698524
-0.0052229998
-0.0058259523
-0.0064289048
-0.0070318573
-0.0045563331
-0.0051592856
-0.0057622382
-0.0063651907
-0.0038896664
-0.004492619
-0.0050955715
-0.005698524
-0.0032229998
-0.0038259523
-0.0044289048
-0.0050318573
-0.0025563331
-0.0031592856
-0.0037622382
-0.0043651907
-0.0018896664
-0.002492619
-0.0030955715
-0.003698524
-0.0012229998
-0.0018259523
-0.0024289048
-0.0030318573
-0.00055633311
-0.0011592856
-0.0017622382
-0.0023651907
0.00011033355
-0.00049261897
-0.0010955715
-0.001698524
0.00077700022
0.0001740477
-0.00042890482
-0.0010318573
0.0014436669
0.00084071437
0.00023776185
-0.00036519067
0.0021103336
0.001507381
0.00090442852
0.000301476
0.0027770002
0.0021740477
0.0015710952
0.00096814266
0.0034436669
0.0028407144
0.0022377618
0.0016348093
0.0041103336
0.003507381
0.0029044285
0.002301476
0.0047770002
0.0041740477
0.0035710952
0.0029681427
-0.010556333
-0.011159286
-0.011762238
-0.012365191
-0.0098896664
-0.010492619
-0.011095571
-0.011698524
-0.0092229998
-0.0098259523
-0.010428905
-0.011031857
-0.0085563331
-0.0091592856
-0.0097622382
-0.010365191
-0.0078896664
-0.008492619
-0.0090955715
-0.009698524
-0.0072229998
-0.0078259523
-0.0084289048
-0.0090318573
-0.0065563331
-0.0071592856
-0.0077622382
-0.0083651907
-0.0058896664
-0.006492619
-0.0070955715
-0.007698524
-0.0052229998
-0.0058259523
-0.0064289048
-0.0070318573
-0.0045563331
-0.0051592856
-0.0057622382
-0.0063651907
-0.0038896664
-0.004492619
-0.0050955715
-0.005698524
-0.0032229998
-0.0038259523
-0.0044289048
-0.0050318573
-0.0025563331
-0.0031592856
-0.0037622382
-0.0043651907
-0.0018896664
-0.002492619
-0.0030955715
-0.003698524
-0.0012229998
-0.0018259523
-0.0024289048
-0.0030318573
-0.00055633311
-0.0011592856
-0.0017622382
-0.0023651907
0.00011033355
-0.00049261896
-0.0010955715
-0.001698524
0.00077700022
0.0001740477
-0.00042890482
-0.0010318573
0.0014436669
0.00084071437
0.00023776185
-0.00036519067
0.0021103336
0.001507381
0.00090442851
0.00030147599
0.0027770002
0.0021740477
0.0015710952
0.00096814266
0.0034436669
0.0028407144
0.0022377618
0.0016348093
0.0041103336
0.003507381
0.0029044285
0.002301476
0.0047770002
0.0041740477
0.0035710952
0.0029681427
-0.010556333
-0.011159286
-0.011762238
-0.012365191
-0.0098896664
-0.010492619
-0.011095571
-0.011698524
-0.0092229998
-0.0098259523
-0.010428905
-0.011031857
-0.0085563331
-0.0091592856
-0.0097622382
-0.010365191
-0.0078896664
-0.008492619
-0.0090955715
-0.009698524
-0.0072229998
-0.0078259523
-0.0084289048
-0.0090318573
-0.0065563331
-0.0071592856
-0.0077622382
-0.0083651907
-0.0058896664
-0.006492619
-0.0070955715
-0.007698524
-0.0052229998
-0.0058259523
-0.0064289048
-0.0070318573
-0.0045563331
-0.0051592856
-0.0057622382
-0.0063651907
-0.0038896664
-0.004492619
-0.0050955715
-0.005698524
-0.0032229998
-0.0038259523
-0.0044289048
-0.0050318573
-0.0025563331
-0.0031592856
-0.0037622382
-0.0043651907
-0.0018896664
-0.002492619
-0.0030955715
-0.003698524
-0.0012229998
-0.0018259523
-0.0024289048
-0.0030318573
-0.0005563331
-0.0011592856
-0.0017622382
-0.0023651907
0.00011033356
-0.00049261896
-0.0010955715
-0.001698524
0.00077700023
0.0001740477
-0.00042890482
-0.0010318573
0.0014436669
0.00084071437
0.00023776185
-0.00036519068
0.0021103336
0.001507381
0.00090442851
0.00030147599
0.0027770002
0.0021740477
0.0015710952
0.00096814266
0.0034436669
0.0028407144
0.0022377618
0.0016348093
0.0041103336
0.003507381
0.0029044285
0.002301476
0.0047770002
0.0041740477
0.0035710952
0.0029681427
-0.010556333
-0.011159286
-0.011762238
-0.012365191
-0.0098896664
-0.010492619
-0.011095571
-0.011698524
-0.0092229998
-0.0098259523
-0.010428905
-0.011031857
-0.0085563331
-0.0091592856
-0.0097622382
-0.010365191
-0.0078896664
-0.008492619
-0.0090955715
-0.009698524
-0.0072229998
-0.0078259523
-0.0084289048
-0.0090318573
-0.0065563331
-0.0071592856
-0.0077622382
-0.0083651907
-0.0058896664
-0.006492619
-0.0070955715
-0.007698524
-0.0052229998
-0.0058259523
-0.0064289048
-0.0070318573
-0.0045563331
-0.0051592856
-0.0057622382
-0.0063651907
-0.0038896664
-0.004492619
-0.0050955715
-0.005698524
-0.0032229998
-0.0038259523
-0.0044289048
-0.0050318573
-0.0025563331
-0.0031592856
-0.0037622382
-0.0043651907
-0.0018896664
-0.002492619
-0.0030955715
-0.003698524
-0.0012229998
-0.0018259523
-0.0024289048
-0.0030318573
-0.00055633311
-0.0011592856
-0.0017622382
-0.0023651907
0.00011033356
-0.00049261896
-0.0010955715
-0.001698524
0.00077700023
0.00017404771
-0.00042890482
-0.0010318573
0.0014436669
0.00084071437
0.00023776184
-0.00036519068
0.0021103336
0.001507381
0.00090442851
0.00030147599
0.0027770002
0.0021740477
0.0015710952
0.00096814266
0.0034436669
0.0028407144
0.0022377618
0.0016348093
0.0041103336
0.003507381
0.0029044285
0.002301476
0.0047770002
0.0041740477
0.0035710952
0.0029681427
-0.010556333
-0.011159286
-0.011762238
-0.012365191
-0.0098896664
-0.010492619
-0.011095571
-0.011698524
-0.0092229998
-0.0098259523
-0.010428905
-0.011031857
-0.0085563331
-0.0091592856
-0.0097622382
-0.010365191
-0.0078896664
-0.008492619
-0.0090955715
-0.009698524
-0.0072229998
-0.0078259523
-0.0084289048
-0.0090318574
-0.0065563331
-0.0071592856
-0.0077622382
-0.0083651907
-0.0058896664
-0.006492619
-0.0070955715
-0.007698524
-0.0052229998
-0.0058259523
-0.0064289048
-0.0070318574
-0.0045563331
-0.0051592856
-0.0057622382
-0.0063651907
-0.0038896664
-0.004492619
-0.0050955715
-0.005698524
-0.0032229998
-0.0038259523
-0.0044289048
-0.0050318574
-0.0025563331
-0.0031592856
-0.0037622382
-0.0043651907
-0.0018896664
-0.002492619
-0.0030955715
-0.003698524
-0.0012229998
-0.0018259523
-0.0024289048
-0.0030318574
-0.00055633311
-0.0011592856
-0.0017622382
-0.0023651907
0.00011033356
-0.00049261896
-0.0010955715
-0.001698524
0.00077700023
0.0001740477
-0.00042890482
-0.0010318574
0.0014436669
0.00084071437
0.00023776185
-0.00036519068
0.0021103336
0.001507381
0.00090442852
0.00030147598
0.0027770002
0.0021740477
0.0015710952
0.00096814265
0.0034436669
0.0028407144
0.0022377618
0.0016348093
0.0041103336
0.003507381
0.0029044285
0.002301476
0.0047770002
0.0041740477
0.0035710952
0.0029681426
-0.010556333
-0.011159286
-0.011762238
-0.012365191
-0.0098896664
-0.010492619
-0.011095571
-0.011698524
-0.0092229998
-0.0098259523
-0.010428905
-0.011031857
-0.0085563331
-0.0091592856
-0.0097622382
-0.010365191
-0.0078896664
-0.008492619
-0.0090955715
-0.009698524
-0.0072229998
-0.0078259523
-0.0084289048
-0.0090318574
-0.0065563331
-0.0071592856
-0.0077622382
-0.0083651907
-0.0058896664
-0.006492619
-0.0070955715
-0.007698524
-0.0052229998
-0.0058259523
-0.0064289048
-0.0070318574
-0.0045563331
-0.0051592856
-0.0057622382
-0.0063651907
-0.0038896664
-0.004492619
-0.0050955715
-0.005698524
-0.0032229998
-0.0038259523
-0.0044289048
-0.0050318574
-0.0025563331
-0.0031592856
-0.0037622382
-0.0043651907
-0.0018896664
-0.002492619
-0.0030955715
-0.003698524
-0.0012229998
-0.0018259523
-0.0024289048
-0.0030318574
-0.0005563331
-0.0011592856
-0.0017622382
-0.0023651907
0.00011033357
-0.00049261896
-0.0010955715
-0.001698524
0.00077700024
0.0001740477
-0.00042890482
-0.0010318574
0.0014436669
0.00084071437
0.00023776184
-0.00036519068
0.0021103336
0.001507381
0.00090442851
0.00030147598
0.0027770002
0.0021740477
0.0015710952
0.00096814265
0.0034436669
0.0028407144
0.0022377618
0.0016348093
0.0041103336
0.003507381
0.0029044285
0.002301476
0.0047770002
0.0041740477
0.0035710952
0.0029681426
-0.010556333
-0.011159286
-0.011762238
-0.012365191
-0.0098896664
-0.010492619
-0.011095571
-0.011698524
-0.0092229998
-0.0098259523
-0.010428905
-0.011031857
-0.0085563331
-0.0091592856
-0.0097622382
-0.010365191
-0.0078896664
-0.008492619
-0.0090955715
-0.009698524
-0.0072229998
-0.0078259523
-0.0084289048
-0.0090318574
-0.0065563331
-0.0071592856
-0.0077622382
-0.0083651907
-0.0058896664
-0.006492619
-0.0070955715
-0.007698524
-0.0052229998
-0.0058259523
-0.0064289048
-0.0070318574
-0.0045563331
-0.0051592856
-0.0057622382
-0.0063651907
-0.0038896664
-0.004492619
-0.0050955715
-0.005698524
-0.0032229998
-0.0038259523
-0.0044289048
-0.0050318574
-0.0025563331
-0.0031592856
-0.0037622382
-0.0043651907
-0.0018896664
-0.002492619
-0.0030955715
-0.003698524
-0.0012229998
-0.0018259523
-0.0024289048
-0.0030318574
-0.0005563331
-0.0011592856
-0.0017622382
-0.0023651907
0.00011033357
-0.00049261896
-0.0010955715
-0.001698524
0.00077700023
0.00017404771
-0.00042890482
-0.0010318574
0.0014436669
0.00084071437
0.00023776184
-0.00036519069
0.0021103336
0.001507381
0.00090442851
0.00030147598
0.0027770002
0.0021740477
0.0015710952
0.00096814265
0.0034436669
0.0028407144
0.0022377618
0.0016348093
0.0041103336
0.003507381
0.0029044285
0.002301476
0.0047770002
0.0041740477
0.0035710952
0.0029681426
-0.010556333
-0.011159286
-0.011762238
-0.012365191
-0.0098896664
-0.010492619
-0.011095571
-0.011698524
-0.0092229998
-0.0098259523
-0.010428905
-0.011031857
-0.0085563331
-0.0091592856
-0.0097622382
-0.010365191
-0.0078896664
-0.008492619
-0.0090955715
-0.009698524
-0.0072229998
-0.0078259523
-0.0084289048
-0.0090318574
-0.0065563331
-0.0071592856
-0.0077622382
-0.0083651907
-0.0058896664
-0.006492619
-0.0070955715
-0.007698524
-0.0052229998
-0.0058259523
-0.0064289048
-0.0070318574
-0.0045563331
-0.0051592856
-0.0057622382
-0.0063651907
-0.0038896664
-0.004492619
-0.0050955715
-0.005698524
-0.0032229998
-0.0038259523
-0.0044289048
-0.0050318574
-0.0025563331
-0.0031592856
-0.0037622382
-0.0043651907
-0.0018896664
-0.002492619
-0.0030955715
-0.003698524
-0.0012229998
-0.0018259523
-0.0024289048
-0.0030318574
-0.00055633309
-0.0011592856
-0.0017622382
-0.0023651907
0.00011033357
-0.00049261896
-0.0010955715
-0.001698524
0.00077700024
0.00017404771
-0.00042890483
-0.0010318574
0.0014436669
0.00084071438
0.00023776184
-0.00036519069
0.0021103336
0.001507381
0.00090442851
0.00030147598
0.0027770002
0.0021740477
0.0015710952
0.00096814264
0.0034436669
0.0028407144
0.0022377618
0.0016348093
0.0041103336
0.003507381
0.0029044285
0.002301476
0.0047770002
0.0041740477
0.0035710952
0.0029681426
-0.010556333
-0.011159286
-0.011762238
-0.012365191
-0.0098896664
-0.010492619
-0.011095571
-0.011698524
-0.0092229998
-0.0098259523
-0.010428905
-0.011031857
-0.0085563331
-0.0091592856
-0.0097622382
-0.010365191
-0.0078896664
-0.008492619
-0.0090955715
-0.009698524
-0.0072229998
-0.0078259523
-0.0084289048
-0.0090318574
-0.0065563331
-0.0071592856
-0.0077622382
-0.0083651907
-0.0058896664
-0.006492619
-0.0070955715
-0.007698524
-0.0052229998
-0.0058259523
-0.0064289048
-0.0070318574
-0.0045563331
-0.0051592856
-0.0057622382
-0.0063651907
-0.0038896664
-0.004492619
-0.0050955715
-0.005698524
-0.0032229998
-0.0038259523
-0.0044289048
-0.0050318574
-0.0025563331
-0.0031592856
-0.0037622382
-0.0043651907
-0.0018896664
-0.002492619
-0.0030955715
-0.003698524
-0.0012229998
-0.0018259523
-0.0024289048
-0.0030318574
-0.00055633309
-0.0011592856
-0.0017622382
-0.0023651907
0.00011033358
-0.00049261896
-0.0010955715
-0.001698524
0.00077700024
0.00017404771
-0.00042890483
-0.0010318574
0.0014436669
0.00084071437
0.00023776184
-0.00036519069
0.0021103336
0.001507381
0.00090442851
0.00030147598
0.0027770002
0.0021740477
0.0015710952
0.00096814264
0.0034436669
0.0028407144
0.0022377618
0.0016348093
0.0041103336
0.003507381
0.0029044285
0.002301476
0.0047770002
0.0041740477
0.0035710952
0.0029681426
-0.010556333
-0.011159286
-0.011762238
-0.012365191
-0.0098896664
-0.010492619
-0.011095571
-0.011698524
-0.0092229998
-0.0098259523
-0.010428905
-0.011031857
-0.0085563331
-0.0091592856
-0.0097622382
-0.010365191
-0.0078896664
-0.008492619
-0.0090955715
-0.009698524
-0.0072229998
-0.0078259523
-0.0084289048
-0.0090318574
-0.0065563331
-0.0071592856
-0.0077622382
-0.0083651907
-0.0058896664
-0.006492619
-0.0070955715
-0.007698524
-0.0052229998
-0.0058259523
-0.0064289048
-0.0070318574
-0.0045563331
-0.0051592856
-0.0057622382
-0.0063651907
-0.0038896664
-0.004492619
-0.0050955715
-0.005698524
-0.0032229998
-0.0038259523
-0.0044289048
-0.0050318574
-0.0025563331
-0.0031592856
-0.0037622382
-0.0043651907
-0.0018896664
-0.002492619
-0.0030955715
-0.003698524
-0.0012229998
-0.0018259523
-0.0024289048
-0.0030318574
-0.00055633309
-0.0011592856
-0.0017622382
-0.0023651907
0.00011033358
-0.00049261896
-0.0010955715
-0.001698524
0.00077700025
0.00017404771
-0.00042890483
-0.0010318574
0.0014436669
0.00084071438
0.00023776184
-0.00036519069
0.0021103336
0.001507381
0.00090442851
0.00030147597
0.0027770002
0.0021740477
0.0015710952
0.00096814264
0.0034436669
0.0028407144
0.0022377618
0.0016348093
0.0041103336
0.003507381
0.0029044285
0.002301476
0.0047770002
0.0041740477
0.0035710952
0.0029681426
-0.010556333
-0.011159286
-0.011762238
-0.012365191
-0.0098896664
-0.010492619
-0.011095571
-0.011698524
-0.0092229998
-0.0098259523
-0.010428905
-0.011031857
-0.0085563331
-0.0091592856
-0.0097622382
-0.010365191
-0.0078896664
-0.008492619
-0.0090955715
-0.009698524
-0.0072229998
-0.0078259523
-0.0084289048
-0.0090318574
-0.0065563331
-0.0071592856
-0.0077622382
-0.0083651907
-0.0058896664
-0.006492619
-0.0070955715
-0.007698524
-0.0052229998
-0.0058259523
-0.0064289048
-0.0070318574
-0.0045563331
-0.0051592856
-0.0057622382
-0.0063651907
-0.0038896664
-0.004492619
-0.0050955715
-0.005698524
-0.0032229998
-0.0038259523
-0.0044289048
-0.0050318574
-0.0025563331
-0.0031592856
-0.0037622382
-0.0043651907
-0.0018896664
-0.002492619
-0.0030955715
-0.003698524
-0.0012229998
-0.0018259523
-0.0024289048
-0.0030318574
-0.00055633308
-0.0011592856
-0.0017622382
-0.0023651907
0.00011033358
-0.00049261895
-0.0010955715
-0.001698524
0.00077700025
0.00017404771
-0.00042890482
-0.0010318574
0.0014436669
0.00084071438
0.00023776184
-0.0003651907
0.0021103336
0.001507381
0.00090442851
0.00030147596
0.0027770002
0.0021740477
0.0015710952
0.00096814263
0.0034436669
0.0028407144
0.0022377618
0.0016348093
0.0041103336
0.003507381
0.0029044285
0.002301476
0.0047770002
0.0041740477
0.0035710952
0.0029681426
-0.010556333
-0.011159286
-0.011762238
-0.012365191
-0.0098896664
-0.010492619
-0.011095571
-0.011698524
-0.0092229997
-0.0098259523
-0.010428905
-0.011031857
-0.0085563331
-0.0091592856
-0.0097622382
-0.010365191
-0.0078896664
-0.008492619
-0.0090955715
-0.009698524
-0.0072229997
-0.0078259523
-0.0084289048
-0.0090318574
-0.0065563331
-0.0071592856
-0.0077622382
-0.0083651907
-0.0058896664
-0.006492619
-0.0070955715
-0.007698524
-0.0052229997
-0.0058259523
-0.0064289048
-0.0070318574
-0.0045563331
-0.0051592856
-0.0057622382
-0.0063651907
-0.0038896664
-0.004492619
-0.0050955715
-0.005698524
-0.0032229997
-0.0038259523
-0.0044289048
-0.0050318574
-0.0025563331
-0.0031592856
-0.0037622382
-0.0043651907
-0.0018896664
-0.002492619
-0.0030955715
-0.003698524
-0.0012229997
-0.0018259523
-0.0024289048
-0.0030318574
-0.00055633308
-0.0011592856
-0.0017622382
-0.0023651907
0.00011033359
-0.00049261896
-0.0010955715
-0.001698524
0.00077700025
0.00017404771
-0.00042890483
-0.0010318574
0.0014436669
0.00084071438
0.00023776184
-0.0003651907
0.0021103336
0.001507381
0.0009044285
0.00030147596
0.0027770003
0.0021740477
0.0015710952
0.00096814263
0.0034436669
0.0028407144
0.0022377618
0.0016348093
0.0041103336
0.003507381
0.0029044285
0.002301476
0.0047770003
0.0041740477
0.0035710952
0.0029681426
-0.010556333
-0.011159286
-0.011762238
-0.012365191
-0.0098896664
-0.010492619
-0.011095571
-0.011698524
-0.0092229997
-0.0098259523
-0.010428905
-0.011031857
-0.0085563331
-0.0091592856
-0.0097622382
-0.010365191
-0.0078896664
-0.008492619
-0.0090955715
-0.009698524
-0.0072229997
-0.0078259523
-0.0084289048
-0.0090318574
-0.0065563331
-0.0071592856
-0.0077622382
-0.0083651907
-0.0058896664
-0.006492619
-0.0070955715
-0.007698524
-0.0052229997
-0.0058259523
-0.0064289048
-0.0070318574
-0.0045563331
-0.0051592856
-0.0057622382
-0.0063651907
-0.0038896664
-0.004492619
-0.0050955715
-0.005698524
-0.0032229997
-0.0038259523
-0.0044289048
-0.0050318574
-0.0025563331
-0.0031592856
-0.0037622382
-0.0043651907
-0.0018896664
-0.002492619
-0.0030955715
-0.003698524
-0.0012229997
-0.0018259523
-0.0024289048
-0.0030318574
-0.00055633308
-0.0011592856
-0.0017622382
-0.0023651907
0.00011033359
-0.00049261895
-0.0010955715
-0.001698524
0.00077700025
0.00017404771
-0.00042890483
-0.0010318574
0.0014436669
0.00084071438
0.00023776184
-0.00036519071
0.0021103336
0.001507381
0.0009044285
0.00030147596
0.0027770003
0.0021740477
0.0015710952
0.00096814263
0.0034436669
0.0028407144
0.0022377618
0.0016348093
0.0041103336
0.003507381
0.0029044285
0.002301476
0.0047770003
0.0041740477
0.0035710952
0.0029681426
-0.010556333
-0.011159286
-0.011762238
-0.012365191
-0.0098896664
-0.010492619
-0.011095571
-0.011698524
-0.0092229997
-0.0098259523
-0.010428905
-0.011031857
-0.0085563331
-0.0091592856
-0.0097622382
-0.010365191
-0.0078896664
-0.008492619
-0.0090955715
-0.009698524
-0.0072229997
-0.0078259523
-0.0084289048
-0.0090318574
-0.0065563331
-0.0071592856
-0.0077622382
-0.0083651907
-0.0058896664
-0.006492619
-0.0070955715
-0.007698524
-0.0052229997
-0.0058259523
-0.0064289048
-0.0070318574
-0.0045563331
-0.0051592856
-0.0057622382
-0.0063651907
-0.0038896664
-0.004492619
-0.0050955715
-0.005698524
-0.0032229997
-0.0038259523
-0.0044289048
-0.0050318574
-0.0025563331
-0.0031592856
-0.0037622382
-0.0043651907
-0.0018896664
-0.002492619
-0.0030955715
-0.003698524
-0.0012229997
-0.0018259523
-0.0024289048
-0.0030318574
-0.00055633308
-0.0011592856
-0.0017622382
-0.0023651907
0.00011033359
-0.00049261895
-0.0010955715
-0.001698524
0.00077700026
0.00017404771
-0.00042890483
-0.0010318574
0.0014436669
0.00084071438
0.00023776184
-0.00036519071
0.0021103336
0.001507381
0.0009044285
0.00030147596
0.0027770003
0.0021740477
0.0015710952
0.00096814262
0.0034436669
0.0028407144
0.0022377618
0.0016348093
0.0041103336
0.003507381
0.0029044285
0.002301476
0.0047770003
0.0041740477
0.0035710952
0.0029681426
-0.010556333
-0.011159286
-0.011762238
-0.012365191
-0.0098896664
-0.010492619
-0.011095572
-0.011698524
-0.0092229997
-0.0098259523
-0.010428905
-0.011031857
-0.0085563331
-0.0091592856
-0.0097622382
-0.010365191
-0.0078896664
-0.008492619
-0.0090955715
-0.009698524
-0.0072229997
-0.0078259523
-0.0084289048
-0.0090318574
-0.0065563331
-0.0071592856
-0.0077622382
-0.0083651907
-0.0058896664
-0.006492619
-0.0070955715
-0.007698524
-0.0052229997
-0.0058259523
-0.0064289048
-0.0070318574
-0.0045563331
-0.0051592856
-0.0057622382
-0.0063651907
-0.0038896664
-0.004492619
-0.0050955715
-0.005698524
-0.0032229997
-0.0038259523
-0.0044289048
-0.0050318574
-0.0025563331
-0.0031592856
-0.0037622382
-0.0043651907
-0.0018896664
-0.002492619
-0.0030955715
-0.003698524
-0.0012229997
-0.0018259523
-0.0024289048
-0.0030318574
-0.00055633307
-0.0011592856
-0.0017622382
-0.0023651907
0.0001103336
-0.00049261895
-0.0010955715
-0.001698524
0.00077700027
0.00017404772
-0.00042890484
-0.0010318574
0.0014436669
0.00084071438
0.00023776183
-0.00036519071
0.0021103336
0.001507381
0.0009044285
0.00030147595
0.0027770003
0.0021740477
0.0015710952
0.00096814262
0.0034436669
0.0028407144
0.0022377618
0.0016348093
0.0041103336
0.003507381
0.0029044285
0.002301476
0.0047770003
0.0041740477
0.0035710952
0.0029681426
-0.01292555
-0.013443317
-0.013961084
-0.014478851
-0.012258883
-0.01277665
-0.013294417
-0.013812184
-0.011592217
-0.012109984
-0.012627751
-0.013145518
-0.01092555
-0.011443317
-0.011961084
-0.012478851
-0.010258883
-0.01077665
-0.011294417
-0.011812184
-0.0095922167
-0.010109984
-0.010627751
-0.011145518
-0.00892555
-0.0094433171
-0.0099610841
-0.010478851
-0.0082588834
-0.0087766504
-0.0092944174
-0.0098121844
-0.0075922167
-0.0081099837
-0.0086277508
-0.0091455178
-0.00692555
-0.0074433171
-0.0079610841
-0.0084788511
-0.0062588834
-0.0067766504
-0.0072944174
-0.0078121844
-0.0055922167
-0.0061099837
-0.0066277508
-0.0071455178
-0.00492555
-0.0054433171
-0.0059610841
-0.0064788511
-0.0042588834
-0.0047766504
-0.0052944174
-0.0058121844
-0.0035922167
-0.0041099837
-0.0046277508
-0.0051455178
-0.00292555
-0.0034433171
-0.0039610841
-0.0044788511
-0.0022588834
-0.0027766504
-0.0032944174
-0.0038121844
-0.0015922167
-0.0021099837
-0.0026277508
-0.0031455178
-0.00092555003
-0.0014433171
-0.0019610841
-0.0024788511
-0.00025888336
-0.00077665039
-0.0012944174
-0.0018121844
0.0004077833
-0.00010998372
-0.00062775075
-0.0011455178
0.00107445
0.00055668294
3.8915911e-05
-0.00047885112
0.0017411166
0.0012233496
0.00070558258
0.00018781555
0.0024077833
0.0018900163
0.0013722492
0.00085448222
-0.01292555
-0.013443317
-0.013961084
-0.014478851
-0.012258883
-0.01277665
-0.013294417
-0.013812184
-0.011592217
-0.012109984
-0.012627751
-0.013145518
-0.01092555
-0.011443317
-0.011961084
-0.012478851
-0.010258883
-0.01077665
-0.011294417
-0.011812184
-0.0095922167
-0.010109984
-0.010627751
-0.011145518
-0.00892555
-0.0094433171
-0.0099610841
-0.010478851
-0.0082588834
-0.0087766504
-0.0092944174
-0.0098121844
-0.0075922167
-0.0081099837
-0.0086277508
-0.0091455178
-0.00692555
-0.0074433171
-0.0079610841
-0.0084788511
-0.0062588834
-0.0067766504
-0.0072944174
-0.0078121844
-0.0055922167
-0.0061099837
-0.0066277508
-0.0071455178
-0.00492555
-0.0054433171
-0.0059610841
-0.0064788511
-0.0042588834
-0.0047766504
-0.0052944174
-0.0058121844
-0.0035922167
-0.0041099837
-0.0046277508
-0.0051455178
-0.00292555
-0.0034433171
-0.0039610841
-0.0044788511
-0.0022588834
-0.0027766504
-0.0032944174
-0.0038121844
-0.0015922167
-0.0021099837
-0.0026277508
-0.0031455178
-0.00092555003
-0.0014433171
-0.0019610841
-0.0024788511
-0.00025888336
-0.00077665039
-0.0012944174
-0.0018121844
0.0004077833
-0.00010998373
-0.00062775075
-0.0011455178
0.00107445
0.00055668294
3.8915914e-05
-0.00047885112
0.0017411166
0.0012233496
0.00070558258
0.00018781555
0.0024077833
0.0018900163
0.0013722492
0.00085448222
-0.01292555
-0.013443317
-0.013961084
-0.014478851
-0.012258883
-0.01277665
-0.013294417
-0.013812184
-0.011592217
-0.012109984
-0.012627751
-0.013145518
-0.01092555
-0.011443317
-0.011961084
-0.012478851
-0.010258883
-0.01077665
-0.011294417
-0.011812184
-0.0095922167
-0.010109984
-0.010627751
-0.011145518
-0.00892555
-0.0094433171
-0.0099610841
-0.010478851
-0.0082588834
-0.0087766504
-0.0092944174
-0.0098121845
-0.0075922167
-0.0081099837
-0.0086277508
-0.0091455178
-0.00692555
-0.0074433171
-0.0079610841
-0.0084788511
-0.0062588834
-0.0067766504
-0.0072944174
-0.0078121844
-0.0055922167
-0.0061099837
-0.0066277508
-0.0071455178
-0.00492555
-0.0054433171
-0.0059610841
-0.0064788511
-0.0042588834
-0.0047766504
-0.0052944174
-0.0058121845
-0.0035922167
-0.0041099837
-0.0046277508
-0.0051455178
-0.00292555
-0.0034433171
-0.0039610841
-0.0044788511
-0.0022588834
-0.0027766504
-0.0032944174
-0.0038121845
-0.0015922167
-0.0021099837
-0.0026277508
-0.0031455178
-0.00092555003
-0.0014433171
-0.0019610841
-0.0024788511
-0.00025888336
-0.00077665039
-0.0012944174
-0.0018121844
0.00040778331
-0.00010998372
-0.00062775076
-0.0011455178
0.00107445
0.00055668294
3.8915913e-05
-0.00047885112
0.0017411166
0.0012233496
0.00070558258
0.00018781555
0.0024077833
0.0018900163
0.0013722492
0.00085448222
-0.01292555
-0.013443317
-0.013961084
-0.014478851
-0.012258883
-0.01277665
-0.013294417
-0.013812184
-0.011592217
-0.012109984
-0.012627751
-0.013145518
-0.01092555
-0.011443317
-0.011961084
-0.012478851
-0.010258883
-0.01077665
-0.011294417
-0.011812184
-0.0095922167
-0.010109984
-0.010627751
-0.011145518
-0.00892555
-0.0094433171
-0.0099610841
-0.010478851
-0.0082588834
-0.0087766504
-0.0092944174
-0.0098121844
-0.0075922167
-0.0081099837
-0.0086277508
-0.0091455178
-0.00692555
-0.0074433171
-0.0079610841
-0.0084788511
-0.0062588834
-0.0067766504
-0.0072944174
-0.0078121845
-0.0055922167
-0.0061099837
-0.0066277508
-0.0071455178
-0.00492555
-0.0054433171
-0.0059610841
-0.0064788511
-0.0042588834
-0.0047766504
-0.0052944174
-0.0058121845
-0.0035922167
-0.0041099837
-0.0046277508
-0.0051455178
-0.00292555
-0.0034433171
-0.0039610841
-0.0044788511
-0.0022588834
-0.0027766504
-0.0032944174
-0.0038121845
-0.0015922167
-0.0021099837
-0.0026277508
-0.0031455178
-0.00092555003
-0.0014433171
-0.0019610841
-0.0024788511
-0.00025888336
-0.00077665039
-0.0012944174
-0.0018121845
0.00040778331
-0.00010998373
-0.00062775075
-0.0011455178
0.00107445
0.00055668294
3.8915913e-05
-0.00047885112
0.0017411166
0.0012233496
0.00070558258
0.00018781555
0.0024077833
0.0018900163
0.0013722492
0.00085448221
-0.01292555
-0.013443317
-0.013961084
-0.014478851
-0.012258883
-0.01277665
-0.013294417
-0.013812184
-0.011592217
-0.012109984
-0.012627751
-0.013145518
-0.01092555
-0.011443317
-0.011961084
-0.012478851
-0.010258883
-0.01077665
-0.011294417
-0.011812184
-0.0095922167
-0.010109984
-0.010627751
-0.011145518
-0.00892555
-0.0094433171
-0.0099610841
-0.010478851
-0.0082588834
-0.0087766504
-0.0092944174
-0.0098121845
-0.0075922167
-0.0081099837
-0.0086277508
-0.0091455178
-0.00692555
-0.0074433171
-0.0079610841
-0.0084788511
-0.0062588834
-0.0067766504
-0.0072944174
-0.0078121845
-0.0055922167
-0.0061099837
-0.0066277508
-0.0071455178
-0.00492555
-0.0054433171
-0.0059610841
-0.0064788511
-0.0042588834
-0.0047766504
-0.0052944174
-0.0058121845
-0.0035922167
-0.0041099837
-0.0046277508
-0.0051455178
-0.00292555
-0.0034433171
-0.0039610841
-0.0044788511
-0.0022588834
-0.0027766504
-0.0032944174
-0.0038121845
-0.0015922167
-0.0021099837
-0.0026277508
-0.0031455178
-0.00092555002
-0.0014433171
-0.0019610841
-0.0024788511
-0.00025888336
-0.00077665039
-0.0012944174
-0.0018121845
0.00040778331
-0.00010998372
-0.00062775076
-0.0011455178
0.00107445
0.00055668294
3.891591e-05
-0.00047885112
0.0017411166
0.0012233496
0.00070558258
0.00018781555
0.0024077833
0.0018900163
0.0013722492
0.00085448221
-0.01292555
-0.013443317
-0.013961084
-0.014478851
-0.012258883
-0.01277665
-0.013294417
-0.013812184
-0.011592217
-0.012109984
-0.012627751
-0.013145518
-0.01092555
-0.011443317
-0.011961084
-0.012478851
-0.010258883
-0.01077665
-0.011294417
-0.011812184
-0.0095922167
-0.010109984
-0.010627751
-0.011145518
-0.00892555
-0.0094433171
-0.0099610841
-0.010478851
-0.0082588834
-0.0087766504
-0.0092944174
-0.0098121845
-0.0075922167
-0.0081099837
-0.0086277508
-0.0091455178
-0.00692555
-0.0074433171
-0.0079610841
-0.0084788511
-0.0062588834
-0.0067766504
-0.0072944174
-0.0078121844
-0.0055922167
-0.0061099837
-0.0066277508
-0.0071455178
-0.00492555
-0.0054433171
-0.0059610841
-0.0064788511
-0.0042588834
-0.0047766504
-0.0052944174
-0.0058121845
-0.0035922167
-0.0041099837
-0.0046277508
-0.0051455178
-0.00292555
-0.0034433171
-0.0039610841
-0.0044788511
-0.0022588834
-0.0027766504
-0.0032944174
-0.0038121845
-0.0015922167
-0.0021099837
-0.0026277508
-0.0031455178
-0.00092555002
-0.0014433171
-0.0019610841
-0.0024788511
-0.00025888336
-0.00077665039
-0.0012944174
-0.0018121845
0.00040778331
-0.00010998373
-0.00062775075
-0.0011455178
0.00107445
0.00055668294
3.8915912e-05
-0.00047885112
0.0017411166
0.0012233496
0.00070558258
0.00018781555
0.0024077833
0.0018900163
0.0013722492
0.00085448221
-0.01292555
-0.013443317
-0.013961084
-0.014478851
-0.012258883
-0.01277665
-0.013294417
-0.013812184
-0.011592217
-0.012109984
-0.012627751
-0.013145518
-0.01092555
-0.011443317
-0.011961084
-0.012478851
-0.010258883
-0.01077665
-0.011294417
-0.011812184
-0.0095922167
-0.010109984
-0.010627751
-0.011145518
-0.00892555
-0.0094433171
-0.0099610841
-0.010478851
-0.0082588834
-0.0087766504
-0.0092944174
-0.0098121845
-0.0075922167
-0.0081099837
-0.0086277508
-0.0091455178
-0.00692555
-0.0074433171
-0.0079610841
-0.0084788511
-0.0062588834
-0.0067766504
-0.0072944174
-0.0078121845
-0.0055922167
-0.0061099837
-0.0066277508
-0.0071455178
-0.00492555
-0.0054433171
-0.0059610841
-0.0064788511
-0.0042588834
-0.0047766504
-0.0052944174
-0.0058121845
-0.0035922167
-0.0041099837
-0.0046277508
-0.0051455178
-0.00292555
-0.0034433171
-0.0039610841
-0.0044788511
-0.0022588834
-0.0027766504
-0.0032944174
-0.0038121845
-0.0015922167
-0.0021099837
-0.0026277508
-0.0031455178
-0.00092555003
-0.0014433171
-0.0019610841
-0.0024788511
-0.00025888336
-0.00077665039
-0.0012944174
-0.0018121845
0.00040778331
-0.00010998372
-0.00062775076
-0.0011455178
0.00107445
0.00055668295
3.8915912e-05
-0.00047885112
0.0017411166
0.0012233496
0.00070558257
0.00018781554
0.0024077833
0.0018900163
0.0013722492
0.00085448221
-0.01292555
-0.013443317
-0.013961084
-0.014478851
-0.012258883
-0.01277665
-0.013294417
-0.013812184
-0.011592217
-0.012109984
-0.012627751
-0.013145518
-0.01092555
-0.011443317
-0.011961084
-0.012478851
-0.010258883
-0.01077665
-0.011294417
-0.011812184
-0.0095922167
-0.010109984
-0.010627751
-0.011145518
-0.00892555
-0.0094433171
-0.0099610841
-0.010478851
-0.0082588834
-0.0087766504
-0.0092944174
-0.0098121845
-0.0075922167
-0.0081099837
-0.0086277508
-0.0091455178
-0.00692555
-0.0074433171
-0.0079610841
-0.0084788511
-0.0062588834
-0.0067766504
-0.0072944174
-0.0078121845
-0.0055922167
-0.0061099837
-0.0066277508
-0.0071455178
-0.00492555
-0.0054433171
-0.0059610841
-0.0064788511
-0.0042588834
-0.0047766504
-0.0052944174
-0.0058121845
-0.0035922167
-0.0041099837
-0.0046277508
-0.0051455178
-0.00292555
-0.0034433171
-0.0039610841
-0.0044788511
-0.0022588834
-0.0027766504
-0.0032944174
-0.0038121845
-0.0015922167
-0.0021099837
-0.0026277508
-0.0031455178
-0.00092555002
-0.0014433171
-0.0019610841
-0.0024788511
-0.00025888335
-0.00077665039
-0.0012944174
-0.0018121845
0.00040778331
-0.00010998372
-0.00062775076
-0.0011455178
0.00107445
0.00055668295
3.8915908e-05
-0.00047885112
0.0017411166
0.0012233496
0.00070558257
0.00018781554
0.0024077833
0.0018900163
0.0013722492
0.00085448221
-0.01292555
-0.013443317
-0.013961084
-0.014478851
-0.012258883
-0.01277665
-0.013294417
-0.013812184
-0.011592217
-0.012109984
-0.012627751
-0.013145518
-0.01092555
-0.011443317
-0.011961084
-0.012478851
-0.010258883
-0.01077665
-0.011294417
-0.011812184
-0.0095922167
-0.010109984
-0.010627751
-0.011145518
-0.00892555
-0.0094433171
-0.0099610841
-0.010478851
-0.0082588834
-0.0087766504
-0.0092944174
-0.0098121845
-0.0075922167
-0.0081099837
-0.0086277508
-0.0091455178
-0.00692555
-0.0074433171
-0.0079610841
-0.0084788511
-0.0062588834
-0.0067766504
-0.0072944174
-0.0078121845
-0.0055922167
-0.0061099837
-0.0066277508
-0.0071455178
-0.00492555
-0.0054433171
-0.0059610841
-0.0064788511
-0.0042588834
-0.0047766504
-0.0052944174
-0.0058121845
-0.0035922167
-0.0041099837
-0.0046277508
-0.0051455178
-0.00292555
-0.0034433171
-0.0039610841
-0.0044788511
-0.0022588834
-0.0027766504
-0.0032944174
-0.0038121845
-0.0015922167
-0.0021099837
-0.0026277508
-0.0031455178
-0.00092555002
-0.0014433171
-0.0019610841
-0.0024788511
-0.00025888335
-0.00077665039
-0.0012944174
-0.0018121845
0.00040778332
-0.00010998372
-0.00062775075
-0.0011455178
0.00107445
0.00055668294
3.8915913e-05
-0.00047885113
0.0017411166
0.0012233496
0.00070558258
0.00018781554
0.0024077833
0.0018900163
0.0013722492
0.0008544822
-0.01292555
-0.013443317
-0.013961084
-0.014478851
-0.012258883
-0.01277665
-0.013294417
-0.013812184
-0.011592217
-0.012109984
-0.012627751
-0.013145518
-0.01092555
-0.011443317
-0.011961084
-0.012478851
-0.010258883
-0.01077665
-0.011294417
-0.011812184
-0.0095922167
-0.010109984
-0.010627751
-0.011145518
-0.00892555
-0.0094433171
-0.0099610841
-0.010478851
-0.0082588833
-0.0087766504
-0.0092944174
-0.0098121845
-0.0075922167
-0.0081099837
-0.0086277508
-0.0091455178
-0.00692555
-0.0074433171
-0.0079610841
-0.0084788511
-0.0062588833
-0.0067766504
-0.0072944174
-0.0078121845
-0.0055922167
-0.0061099837
-0.0066277508
-0.0071455178
-0.00492555
-0.0054433171
-0.0059610841
-0.0064788511
-0.0042588833
-0.0047766504
-0.0052944174
-0.0058121845
-0.0035922167
-0.0041099837
-0.0046277508
-0.0051455178
-0.00292555
-0.0034433171
-0.0039610841
-0.0044788511
-0.0022588833
-0.0027766504
-0.0032944174
-0.0038121845
-0.0015922167
-0.0021099837
-0.0026277508
-0.0031455178
-0.00092555002
-0.0014433171
-0.0019610841
-0.0024788511
-0.00025888335
-0.00077665039
-0.0012944174
-0.0018121845
0.00040778332
-0.00010998372
-0.00062775076
-0.0011455178
0.00107445
0.00055668295
3.8915907e-05
-0.00047885113
0.0017411167
0.0012233496
0.00070558257
0.00018781554
0.0024077833
0.0018900163
0.0013722492
0.00085448221
-0.01292555
-0.013443317
-0.013961084
-0.014478851
-0.012258883
-0.01277665
-0.013294417
-0.013812184
-0.011592217
-0.012109984
-0.012627751
-0.013145518
-0.01092555
-0.011443317
-0.011961084
-0.012478851
-0.010258883
-0.01077665
-0.011294417
-0.011812184
-0.0095922167
-0.010109984
-0.010627751
-0.011145518
-0.00892555
-0.0094433171
-0.0099610841
-0.010478851
-0.0082588833
-0.0087766504
-0.0092944174
-0.0098121845
-0.0075922167
-0.0081099837
-0.0086277508
-0.0091455178
-0.00692555
-0.0074433171
-0.0079610841
-0.0084788511
-0.0062588833
-0.0067766504
-0.0072944174
-0.0078121845
-0.0055922167
-0.0061099837
-0.0066277508
-0.0071455178
-0.00492555
-0.0054433171
-0.0059610841
-0.0064788511
-0.0042588833
-0.0047766504
-0.0052944174
-0.0058121845
-0.0035922167
-0.0041099837
-0.0046277508
-0.0051455178
-0.00292555
-0.0034433171
-0.0039610841
-0.0044788511
-0.0022588833
-0.0027766504
-0.0032944174
-0.0038121845
-0.0015922167
-0.0021099837
-0.0026277508
-0.0031455178
-0.00092555001
-0.0014433171
-0.0019610841
-0.0024788511
-0.00025888335
-0.00077665039
-0.0012944174
-0.0018121845
0.00040778332
-0.00010998372
-0.00062775076
-0.0011455178
0.00107445
0.00055668294
3.8915909e-05
-0.00047885113
0.0017411167
0.0012233496
0.00070558258
0.00018781554
0.0024077833
0.0018900163
0.0013722492
0.0008544822
-0.01292555
-0.013443317
-0.013961084
-0.014478851
-0.012258883
-0.01277665
-0.013294417
-0.013812184
-0.011592217
-0.012109984
-0.012627751
-0.013145518
-0.01092555
-0.011443317
-0.011961084
-0.012478851
-0.010258883
-0.01077665
-0.011294417
-0.011812184
-0.0095922167
-0.010109984
-0.010627751
-0.011145518
-0.00892555
-0.0094433171
-0.0099610841
-0.010478851
-0.0082588833
-0.0087766504
-0.0092944174
-0.0098121845
-0.0075922167
-0.0081099837
-0.0086277508
-0.0091455178
-0.00692555
-0.007443317
-0.0079610841
-0.0084788511
-0.0062588833
-0.0067766504
-0.0072944174
-0.0078121845
-0.0055922167
-0.0061099837
-0.0066277508
-0.0071455178
-0.00492555
-0.005443317
-0.0059610841
-0.0064788511
-0.0042588833
-0.0047766504
-0.0052944174
-0.0058121845
-0.0035922167
-0.0041099837
-0.0046277508
-0.0051455178
-0.00292555
-0.0034433171
-0.0039610841
-0.0044788511
-0.0022588833
-0.0027766504
-0.0032944174
-0.0038121845
-0.0015922167
-0.0021099837
-0.0026277508
-0.0031455178
-0.00092555002
-0.0014433171
-0.0019610841
-0.0024788511
-0.00025888335
-0.00077665039
-0.0012944174
-0.0018121845
0.00040778332
-0.00010998372
-0.00062775076
-0.0011455178
0.00107445
0.00055668295
3.8915909e-05
-0.00047885113
0.0017411167
0.0012233496
0.00070558258
0.00018781554
0.0024077833
0.0018900163
0.0013722492
0.0008544822
-0.01292555
-0.013443317
-0.013961084
-0.014478851
-0.012258883
-0.01277665
-0.013294417
-0.013812184
-0.011592217
-0.012109984
-0.012627751
-0.013145518
-0.01092555
-0.011443317
-0.011961084
-0.012478851
-0.010258883
-0.01077665
-0.011294417
-0.011812184
-0.0095922167
-0.010109984
-0.010627751
-0.011145518
-0.00892555
-0.0094433171
-0.0099610841
-0.010478851
-0.0082588833
-0.0087766504
-0.0092944174
-0.0098121845
-0.0075922167
-0.0081099837
-0.0086277508
-0.0091455178
-0.00692555
-0.0074433171
-0.0079610841
-0.0084788511
-0.0062588833
-0.0067766504
-0.0072944174
-0.0078121845
-0.0055922167
-0.0061099837
-0.0066277508
-0.0071455178
-0.00492555
-0.0054433171
-0.0059610841
-0.0064788511
-0.0042588833
-0.0047766504
-0.0052944174
-0.0058121845
-0.0035922167
-0.0041099837
-0.0046277508
-0.0051455178
-0.00292555
-0.003443317
-0.0039610841
-0.0044788511
-0.0022588833
-0.0027766504
-0.0032944174
-0.0038121845
-0.0015922167
-0.0021099837
-0.0026277508
-0.0031455178
-0.00092555001
-0.001443317
-0.0019610841
-0.0024788511
-0.00025888335
-0.00077665038
-0.0012944174
-0.0018121845
0.00040778332
-0.00010998372
-0.00062775076
-0.0011455178
0.00107445
0.00055668295
3.8915905e-05
-0.00047885113
0.0017411167
0.0012233496
0.00070558257
0.00018781553
0.0024077833
0.0018900163
0.0013722492
0.0008544822
-0.01292555
-0.013443317
-0.013961084
-0.014478851
-0.012258883
-0.01277665
-0.013294417
-0.013812184
-0.011592217
-0.012109984
-0.012627751
-0.013145518
-0.01092555
-0.011443317
-0.011961084
-0.012478851
-0.010258883
-0.01077665
-0.011294417
-0.011812184
-0.0095922167
-0.010109984
-0.010627751
-0.011145518
-0.00892555
-0.0094433171
-0.0099610841
-0.010478851
-0.0082588833
-0.0087766504
-0.0092944174
-0.0098121845
-0.0075922167
-0.0081099837
-0.0086277508
-0.0091455178
-0.00692555
-0.0074433171
-0.0079610841
-0.0084788511
-0.0062588833
-0.0067766504
-0.0072944174
-0.0078121845
-0.0055922167
-0.0061099837
-0.0066277508
-0.0071455178
-0.00492555
-0.0054433171
-0.0059610841
-0.0064788511
-0.0042588833
-0.0047766504
-0.0052944174
-0.0058121845
-0.0035922167
-0.0041099837
-0.0046277508
-0.0051455178
-0.00292555
-0.0034433171
-0.0039610841
-0.0044788511
-0.0022588833
-0.0027766504
-0.0032944174
-0.0038121845
-0.0015922167
-0.0021099837
-0.0026277508
-0.0031455178
-0.00092555001
-0.0014433171
-0.0019610841
-0.0024788511
-0.00025888334
-0.00077665039
-0.0012944174
-0.0018121845
0.00040778332
-0.00010998372
-0.00062775076
-0.0011455178
0.00107445
0.00055668295
3.8915908e-05
-0.00047885113
0.0017411167
0.0012233496
0.00070558257
0.00018781553
0.0024077833
0.0018900163
0.0013722492
0.0008544822
-0.01292555
-0.013443317
-0.013961084
-0.014478851
-0.012258883
-0.01277665
-0.013294417
-0.013812184
-0.011592217
-0.012109984
-0.012627751
-0.013145518
-0.01092555
-0.011443317
-0.011961084
-0.012478851
-0.010258883
-0.01077665
-0.011294417
-0.011812184
-0.0095922167
-0.010109984
-0.010627751
-0.011145518
-0.00892555
-0.0094433171
-0.0099610841
-0.010478851
-0.0082588833
-0.0087766504
-0.0092944174
-0.0098121845
-0.0075922167
-0.0081099837
-0.0086277508
-0.0091455178
-0.00692555
-0.007443317
-0.0079610841
-0.0084788511
-0.0062588833
-0.0067766504
-0.0072944174
-0.0078121845
-0.0055922167
-0.0061099837
-0.0066277508
-0.0071455178
-0.00492555
-0.005443317
-0.0059610841
-0.0064788511
-0.0042588833
-0.0047766504
-0.0052944174
-0.0058121845
-0.0035922167
-0.0041099837
-0.0046277508
-0.0051455178
-0.00292555
-0.0034433171
-0.0039610841
-0.0044788511
-0.0022588833
-0.0027766504
-0.0032944174
-0.0038121845
-0.0015922167
-0.0021099837
-0.0026277508
-0.0031455178
-0.00092555001
-0.0014433171
-0.0019610841
-0.0024788511
-0.00025888334
-0.00077665038
-0.0012944174
-0.0018121845
0.00040778333
-0.00010998372
-0.00062775076
-0.0011455178
0.00107445
0.00055668295
3.8915907e-05
-0.00047885114
0.0017411167
0.0012233496
0.00070558257
0.00018781553
0.0024077833
0.0018900163
0.0013722492
0.00085448219
-0.01292555
-0.013443317
-0.013961084
-0.014478851
-0.012258883
-0.01277665
-0.013294417
-0.013812184
-0.011592217
-0.012109984
-0.012627751
-0.013145518
-0.01092555
-0.011443317
-0.011961084
-0.012478851
-0.010258883
-0.01077665
-0.011294417
-0.011812184
-0.0095922167
-0.010109984
-0.010627751
-0.011145518
-0.00892555
-0.0094433171
-0.0099610841
-0.010478851
-0.0082588833
-0.0087766504
-0.0092944174
-0.0098121845
-0.0075922167
-0.0081099837
-0.0086277508
-0.0091455178
-0.00692555
-0.0074433171
-0.0079610841
-0.0084788511
-0.0062588833
-0.0067766504
-0.0072944174
-0.0078121845
-0.0055922167
-0.0061099837
-0.0066277508
-0.0071455178
-0.00492555
-0.0054433171
-0.0059610841
-0.0064788511
-0.0042588833
-0.0047766504
-0.0052944174
-0.0058121845
-0.0035922167
-0.0041099837
-0.0046277508
-0.0051455178
-0.00292555
-0.0034433171
-0.0039610841
-0.0044788511
-0.0022588833
-0.0027766504
-0.0032944174
-0.0038121845
-0.0015922167
-0.0021099837
-0.0026277508
-0.0031455178
-0.00092555001
-0.0014433171
-0.0019610841
-0.0024788511
-0.00025888334
-0.00077665039
-0.0012944174
-0.0018121845
0.00040778333
-0.00010998372
-0.00062775076
-0.0011455178
0.00107445
0.00055668295
3.8915906e-05
-0.00047885114
0.0017411167
0.0012233496
0.00070558257
0.00018781553
0.0024077833
0.0018900163
0.0013722492
0.0008544822
-0.01292555
-0.013443317
-0.013961084
-0.014478851
-0.012258883
-0.01277665
-0.013294417
-0.013812184
-0.011592217
-0.012109984
-0.012627751
-0.013145518
-0.01092555
-0.011443317
-0.011961084
-0.012478851
-0.010258883
-0.01077665
-0.011294417
-0.011812184
-0.0095922167
-0.010109984
-0.010627751
-0.011145518
-0.00892555
-0.0094433171
-0.0099610841
-0.010478851
-0.0082588833
-0.0087766504
-0.0092944174
-0.0098121845
-0.0075922167
-0.0081099837
-0.0086277508
-0.0091455178
-0.00692555
-0.007443317
-0.0079610841
-0.0084788511
-0.0062588833
-0.0067766504
-0.0072944174
-0.0078121845
-0.0055922167
-0.0061099837
-0.0066277508
-0.0071455178
-0.00492555
-0.005443317
-0.0059610841
-0.0064788511
-0.0042588833
-0.0047766504
-0.0052944174
-0.0058121845
-0.0035922167
-0.0041099837
-0.0046277508
-0.0051455178
-0.00292555
-0.003443317
-0.0039610841
-0.0044788511
-0.0022588833
-0.0027766504
-0.0032944174
-0.0038121845
-0.0015922167
-0.0021099837
-0.0026277508
-0.0031455178
-0.00092555
-0.001443317
-0.0019610841
-0.0024788511
-0.00025888334
-0.00077665038
-0.0012944174
-0.0018121845
0.00040778333
-0.00010998372
-0.00062775076
-0.0011455178
0.00107445
0.00055668295
3.8915902e-05
-0.00047885114
0.0017411167
0.0012233496
0.00070558257
0.00018781553
0.0024077833
0.0018900163
0.0013722492
0.00085448219
-0.01292555
-0.013443317
-0.013961084
-0.014478851
-0.012258883
-0.01277665
-0.013294417
-0.013812184
-0.011592217
-0.012109984
-0.012627751
-0.013145518
-0.01092555
-0.011443317
-0.011961084
-0.012478851
-0.010258883
-0.01077665
-0.011294417
-0.011812184
-0.0095922167
-0.010109984
-0.010627751
-0.011145518
-0.00892555
-0.009443317
-0.0099610841
-0.010478851
-0.0082588833
-0.0087766504
-0.0092944174
-0.0098121845
-0.0075922167
-0.0081099837
-0.0086277508
-0.0091455178
-0.00692555
-0.007443317
-0.0079610841
-0.0084788511
-0.0062588833
-0.0067766504
-0.0072944174
-0.0078121845
-0.0055922167
-0.0061099837
-0.0066277508
-0.0071455178
-0.00492555
-0.005443317
-0.0059610841
-0.0064788511
-0.0042588833
-0.0047766504
-0.0052944174
-0.0058121845
-0.0035922167
-0.0041099837
-0.0046277508
-0.0051455178
-0.00292555
-0.003443317
-0.0039610841
-0.0044788511
-0.0022588833
-0.0027766504
-0.0032944174
-0.0038121845
-0.0015922167
-0.0021099837
-0.0026277508
-0.0031455178
-0.00092555001
-0.001443317
-0.0019610841
-0.0024788511
-0.00025888334
-0.00077665038
-0.0012944174
-0.0018121845
0.00040778332
-0.00010998372
-0.00062775076
-0.0011455178
0.00107445
0.00055668296
3.8915902e-05
-0.00047885115
0.0017411167
0.0012233496
0.00070558257
0.00018781553
0.0024077833
0.0018900163
0.0013722492
0.00085448219
-0.01292555
-0.013443317
-0.013961084
-0.014478851
-0.012258883
-0.01277665
-0.013294417
-0.013812184
-0.011592217
-0.012109984
-0.012627751
-0.013145518
-0.01092555
-0.011443317
-0.011961084
-0.012478851
-0.010258883
-0.01077665
-0.011294417
-0.011812184
-0.0095922167
-0.010109984
-0.010627751
-0.011145518
-0.00892555
-0.009443317
-0.0099610841
-0.010478851
-0.0082588833
-0.0087766504
-0.0092944174
-0.0098121845
-0.0075922167
-0.0081099837
-0.0086277508
-0.0091455178
-0.00692555
-0.0074433171
-0.0079610841
-0.0084788511
-0.0062588833
-0.0067766504
-0.0072944174
-0.0078121845
-0.0055922167
-0.0061099837
-0.0066277508
-0.0071455178
-0.00492555
-0.0054433171
-0.0059610841
-0.0064788511
-0.0042588833
-0.0047766504
-0.0052944174
-0.0058121845
-0.0035922167
-0.0041099837
-0.0046277508
-0.0051455178
-0.00292555
-0.0034433171
-0.0039610841
-0.0044788511
-0.0022588833
-0.0027766504
-0.0032944174
-0.0038121845
-0.0015922167
-0.0021099837
-0.0026277508
-0.0031455178
-0.00092555
-0.001443317
-0.0019610841
-0.0024788511
-0.00025888334
-0.00077665038
-0.0012944174
-0.0018121845
0.00040778333
-0.00010998371
-0.00062775076
-0.0011455178
0.00107445
0.00055668295
3.8915908e-05
-0.00047885114
0.0017411167
0.0012233496
0.00070558257
0.00018781552
0.0024077833
0.0018900163
0.0013722492
0.00085448219
-0.01292555
-0.013443317
-0.013961084
-0.014478851
-0.012258883
-0.01277665
-0.013294417
-0.013812184
-0.011592217
-0.012109984
-0.012627751
-0.013145518
-0.01092555
-0.011443317
-0.011961084
-0.012478851
-0.010258883
-0.01077665
-0.011294417
-0.011812184
-0.0095922167
-0.010109984
-0.010627751
-0.011145518
-0.00892555
-0.009443317
-0.0099610841
-0.010478851
-0.0082588833
-0.0087766504
-0.0092944174
-0.0098121845
-0.0075922167
-0.0081099837
-0.0086277508
-0.0091455178
-0.00692555
-0.007443317
-0.0079610841
-0.0084788511
-0.0062588833
-0.0067766504
-0.0072944174
-0.0078121845
-0.0055922167
-0.0061099837
-0.0066277508
-0.0071455178
-0.00492555
-0.005443317
-0.0059610841
-0.0064788511
-0.0042588833
-0.0047766504
-0.0052944174
-0.0058121845
-0.0035922167
-0.0041099837
-0.0046277508
-0.0051455178
-0.00292555
-0.003443317
-0.0039610841
-0.0044788511
-0.0022588833
-0.0027766504
-0.0032944174
-0.0038121845
-0.0015922167
-0.0021099837
-0.0026277508
-0.0031455178
-0.00092555
-0.001443317
-0.0019610841
-0.0024788511
-0.00025888333
-0.00077665038
-0.0012944174
-0.0018121845
0.00040778334
-0.00010998371
-0.00062775077
-0.0011455178
0.00107445
0.00055668295
3.8915901e-05
-0.00047885115
0.0017411167
0.0012233496
0.00070558257
0.00018781552
0.0024077833
0.0018900163
0.0013722492
0.00085448219
-0.01292555
-0.013443317
-0.013961084
-0.014478851
-0.012258883
-0.01277665
-0.013294417
-0.013812184
-0.011592217
-0.012109984
-0.012627751
-0.013145518
-0.01092555
-0.011443317
-0.011961084
-0.012478851
-0.010258883
-0.01077665
-0.011294417
-0.011812184
-0.0095922167
-0.010109984
-0.010627751
-0.011145518
-0.00892555
-0.0094433171
-0.0099610841
-0.010478851
-0.0082588833
-0.0087766504
-0.0092944174
-0.0098121845
-0.0075922167
-0.0081099837
-0.0086277508
-0.0091455178
-0.00692555
-0.007443317
-0.0079610841
-0.0084788512
-0.0062588833
-0.0067766504
-0.0072944174
-0.0078121845
-0.0055922167
-0.0061099837
-0.0066277508
-0.0071455178
-0.00492555
-0.005443317
-0.0059610841
-0.0064788511
-0.0042588833
-0.0047766504
-0.0052944174
-0.0058121845
-0.0035922167
-0.0041099837
-0.0046277508
-0.0051455178
-0.00292555
-0.003443317
-0.0039610841
-0.0044788511
-0.0022588833
-0.0027766504
-0.0032944174
-0.0038121845
-0.0015922167
-0.0021099837
-0.0026277508
-0.0031455178
-0.00092555
-0.001443317
-0.0019610841
-0.0024788511
-0.00025888333
-0.00077665038
-0.0012944174
-0.0018121845
0.00040778334
-0.00010998372
-0.00062775076
-0.0011455178
0.00107445
0.00055668295
3.8915903e-05
-0.00047885115
0.0017411167
0.0012233496
0.00070558257
0.00018781552
0.0024077833
0.0018900163
0.0013722492
0.00085448219
-0.01292555
-0.013443317
-0.013961084
-0.014478851
-0.012258883
-0.01277665
-0.013294417
-0.013812184
-0.011592217
-0.012109984
-0.012627751
-0.013145518
-0.01092555
-0.011443317
-0.011961084
-0.012478851
-0.010258883
-0.01077665
-0.011294417
-0.011812184
-0.0095922167
-0.010109984
-0.010627751
-0.011145518
-0.00892555
-0.009443317
-0.0099610841
-0.010478851
-0.0082588833
-0.0087766504
-0.0092944174
-0.0098121845
-0.0075922167
-0.0081099837
-0.0086277508
-0.0091455178
-0.00692555
-0.007443317
-0.0079610841
-0.0084788511
-0.0062588833
-0.0067766504
-0.0072944174
-0.0078121845
-0.0055922167
-0.0061099837
-0.0066277508
-0.0071455178
-0.00492555
-0.005443317
-0.0059610841
-0.0064788512
-0.0042588833
-0.0047766504
-0.0052944174
-0.0058121845
-0.0035922167
-0.0041099837
-0.0046277508
-0.0051455178
-0.00292555
-0.003443317
-0.0039610841
-0.0044788512
-0.0022588833
-0.0027766504
-0.0032944174
-0.0038121845
-0.0015922167
-0.0021099837
-0.0026277508
-0.0031455178
-0.00092554999
-0.001443317
-0.0019610841
-0.0024788512
-0.00025888333
-0.00077665038
-0.0012944174
-0.0018121845
0.00040778334
-0.00010998371
-0.00062775077
-0.0011455178
0.00107445
0.00055668295
3.8915902e-05
-0.00047885115
0.0017411167
0.0012233496
0.00070558257
0.00018781552
0.0024077833
0.0018900163
0.0013722492
0.00085448218
-0.01292555
-0.013443317
-0.013961084
-0.014478851
-0.012258883
-0.01277665
-0.013294417
-0.013812184
-0.011592217
-0.012109984
-0.012627751
-0.013145518
-0.01092555
-0.011443317
-0.011961084
-0.012478851
-0.010258883
-0.01077665
-0.011294417
-0.011812184
-0.0095922167
-0.010109984
-0.010627751
-0.011145518
-0.00892555
-0.009443317
-0.0099610841
-0.010478851
-0.0082588833
-0.0087766504
-0.0092944174
-0.0098121845
-0.0075922167
-0.0081099837
-0.0086277508
-0.0091455178
-0.00692555
-0.007443317
-0.0079610841
-0.0084788512
-0.0062588833
-0.0067766504
-0.0072944174
-0.0078121845
-0.0055922167
-0.0061099837
-0.0066277508
-0.0071455178
-0.00492555
-0.005443317
-0.0059610841
-0.0064788512
-0.0042588833
-0.0047766504
-0.0052944174
-0.0058121845
-0.0035922167
-0.0041099837
-0.0046277508
-0.0051455178
-0.00292555
-0.003443317
-0.0039610841
-0.0044788512
-0.0022588833
-0.0027766504
-0.0032944174
-0.0038121845
-0.0015922167
-0.0021099837
-0.0026277508
-0.0031455178
-0.00092554999
-0.001443317
-0.0019610841
-0.0024788512
-0.00025888332
-0.00077665038
-0.0012944174
-0.0018121845
0.00040778334
-0.00010998371
-0.00062775077
-0.0011455178
0.00107445
0.00055668295
3.8915902e-05
-0.00047885115
0.0017411167
0.0012233496
0.00070558257
0.00018781551
0.0024077833
0.0018900163
0.0013722492
0.00085448218
-0.01292555
-0.013443317
-0.013961084
-0.014478851
-0.012258883
-0.01277665
-0.013294417
-0.013812184
-0.011592217
-0.012109984
-0.012627751
-0.013145518
-0.01092555
-0.011443317
-0.011961084
-0.012478851
-0.010258883
-0.01077665
-0.011294417
-0.011812184
-0.0095922167
-0.010109984
-0.010627751
-0.011145518
-0.00892555
-0.009443317
-0.0099610841
-0.010478851
-0.0082588833
-0.0087766504
-0.0092944174
-0.0098121845
-0.0075922167
-0.0081099837
-0.0086277508
-0.0091455178
-0.00692555
-0.007443317
-0.0079610841
-0.0084788512
-0.0062588833
-0.0067766504
-0.0072944174
-0.0078121845
-0.0055922167
-0.0061099837
-0.0066277508
-0.0071455178
-0.00492555
-0.005443317
-0.0059610841
-0.0064788512
-0.0042588833
-0.0047766504
-0.0052944174
-0.0058121845
-0.0035922167
-0.0041099837
-0.0046277508
-0.0051455178
-0.00292555
-0.003443317
-0.0039610841
-0.0044788512
-0.0022588833
-0.0027766504
-0.0032944174
-0.0038121845
-0.0015922167
-0.0021099837
-0.0026277508
-0.0031455178
-0.00092554999
-0.001443317
-0.0019610841
-0.0024788512
-0.00025888332
-0.00077665038
-0.0012944174
-0.0018121845
0.00040778334
-0.00010998371
-0.00062775077
-0.0011455178
0.00107445
0.00055668296
3.8915901e-05
-0.00047885116
0.0017411167
0.0012233496
0.00070558257
0.00018781551
0.0024077833
0.0018900163
0.0013722492
0.00085448218
-0.014936383
-0.015333679
-0.015730976
-0.016128272
-0.014269716
-0.014667013
-0.015064309
-0.015461606
-0.013603049
-0.014000346
-0.014397643
-0.014794939
-0.012936383
-0.013333679
-0.013730976
-0.014128272
-0.012269716
-0.012667013
-0.013064309
-0.013461606
-0.011603049
-0.012000346
-0.012397643
-0.012794939
-0.010936383
-0.011333679
-0.011730976
-0.012128272
-0.010269716
-0.010667013
-0.011064309
-0.011461606
-0.0096030494
-0.010000346
-0.010397643
-0.010794939
-0.0089363827
-0.0093336793
-0.0097309759
-0.010128272
-0.008269716
-0.0086670126
-0.0090643092
-0.0094616058
-0.0076030494
-0.008000346
-0.0083976426
-0.0087949391
-0.0069363827
-0.0073336793
-0.0077309759
-0.0081282725
-0.006269716
-0.0066670126
-0.0070643092
-0.0074616058
-0.0056030494
-0.006000346
-0.0063976426
-0.0067949391
-0.0049363827
-0.0053336793
-0.0057309759
-0.0061282725
-0.004269716
-0.0046670126
-0.0050643092
-0.0054616058
-0.0036030494
-0.004000346
-0.0043976426
-0.0047949391
-0.0029363827
-0.0033336793
-0.0037309759
-0.0041282725
-0.002269716
-0.0026670126
-0.0030643092
-0.0034616058
-0.0016030494
-0.002000346
-0.0023976426
-0.0027949391
-0.0009363827
-0.0013336793
-0.0017309759
-0.0021282725
-0.00026971604
-0.00066701263
-0.0010643092
-0.0014616058
0.00039695063
-3.459606e-07
-0.00039764255
-0.00079493914
-0.014936383
-0.015333679
-0.015730976
-0.016128272
-0.014269716
-0.014667013
-0.015064309
-0.015461606
-0.013603049
-0.014000346
-0.014397643
-0.014794939
-0.012936383
-0.013333679
-0.013730976
-0.014128272
-0.012269716
-0.012667013
-0.013064309
-0.013461606
-0.011603049
-0.012000346
-0.012397643
-0.012794939
-0.010936383
-0.011333679
-0.011730976
-0.012128272
-0.010269716
-0.010667013
-0.011064309
-0.011461606
-0.0096030494
-0.010000346
-0.010397643
-0.010794939
-0.0089363827
-0.0093336793
-0.0097309759
-0.010128272
-0.008269716
-0.0086670126
-0.0090643092
-0.0094616058
-0.0076030494
-0.008000346
-0.0083976426
-0.0087949391
-0.0069363827
-0.0073336793
-0.0077309759
-0.0081282725
-0.006269716
-0.0066670126
-0.0070643092
-0.0074616058
-0.0056030494
-0.006000346
-0.0063976426
-0.0067949391
-0.0049363827
-0.0053336793
-0.0057309759
-0.0061282725
-0.004269716
-0.0046670126
-0.0050643092
-0.0054616058
-0.0036030494
-0.004000346
-0.0043976426
-0.0047949391
-0.0029363827
-0.0033336793
-0.0037309759
-0.0041282725
-0.002269716
-0.0026670126
-0.0030643092
-0.0034616058
-0.0016030494
-0.002000346
-0.0023976426
-0.0027949391
-0.00093638271
-0.0013336793
-0.0017309759
-0.0021282725
-0.00026971604
-0.00066701263
-0.0010643092
-0.0014616058
0.00039695063
-3.4596155e-07
-0.00039764255
-0.00079493915
-0.014936383
-0.015333679
-0.015730976
-0.016128272
-0.014269716
-0.014667013
-0.015064309
-0.015461606
-0.013603049
-0.014000346
-0.014397643
-0.014794939
-0.012936383
-0.013333679
-0.013730976
-0.014128272
-0.012269716
-0.012667013
-0.013064309
-0.013461606
-0.011603049
-0.012000346
-0.012397643
-0.012794939
-0.010936383
-0.011333679
-0.011730976
-0.012128272
-0.010269716
-0.010667013
-0.011064309
-0.011461606
-0.0096030494
-0.010000346
-0.010397643
-0.010794939
-0.0089363827
-0.0093336793
-0.0097309759
-0.010128272
-0.008269716
-0.0086670126
-0.0090643092
-0.0094616058
-0.0076030494
-0.008000346
-0.0083976426
-0.0087949391
-0.0069363827
-0.0073336793
-0.0077309759
-0.0081282725
-0.006269716
-0.0066670126
-0.0070643092
-0.0074616058
-0.0056030494
-0.006000346
-0.0063976426
-0.0067949391
-0.0049363827
-0.0053336793
-0.0057309759
-0.0061282725
-0.004269716
-0.0046670126
-0.0050643092
-0.0054616058
-0.0036030494
-0.004000346
-0.0043976426
-0.0047949391
-0.0029363827
-0.0033336793
-0.0037309759
-0.0041282725
-0.002269716
-0.0026670126
-0.0030643092
-0.0034616058
-0.0016030494
-0.002000346
-0.0023976426
-0.0027949391
-0.0009363827
-0.0013336793
-0.0017309759
-0.0021282725
-0.00026971604
-0.00066701263
-0.0010643092
-0.0014616058
0.00039695063
-3.4596353e-07
-0.00039764256
-0.00079493914
-0.014936383
-0.015333679
-0.015730976
-0.016128272
-0.014269716
-0.014667013
-0.015064309
-0.015461606
-0.013603049
-0.014000346
-0.014397643
-0.014794939
-0.012936383
-0.013333679
-0.013730976
-0.014128272
-0.012269716
-0.012667013
-0.013064309
-0.013461606
-0.011603049
-0.012000346
-0.012397643
-0.012794939
-0.010936383
-0.011333679
-0.011730976
-0.012128272
-0.010269716
-0.010667013
-0.011064309
-0.011461606
-0.0096030494
-0.010000346
-0.010397643
-0.010794939
-0.0089363827
-0.0093336793
-0.0097309759
-0.010128272
-0.008269716
-0.0086670126
-0.0090643092
-0.0094616058
-0.0076030494
-0.008000346
-0.0083976426
-0.0087949391
-0.0069363827
-0.0073336793
-0.0077309759
-0.0081282725
-0.006269716
-0.0066670126
-0.0070643092
-0.0074616058
-0.0056030494
-0.006000346
-0.0063976426
-0.0067949391
-0.0049363827
-0.0053336793
-0.0057309759
-0.0061282725
-0.004269716
-0.0046670126
-0.0050643092
-0.0054616058
-0.0036030494
-0.004000346
-0.0043976426
-0.0047949391
-0.0029363827
-0.0033336793
-0.0037309759
-0.0041282725
-0.002269716
-0.0026670126
-0.0030643092
-0.0034616058
-0.0016030494
-0.002000346
-0.0023976426
-0.0027949391
-0.0009363827
-0.0013336793
-0.0017309759
-0.0021282725
-0.00026971604
-0.00066701263
-0.0010643092
-0.0014616058
0.00039695063
-3.4596331e-07
-0.00039764255
-0.00079493915
-0.014936383
-0.015333679
-0.015730976
-0.016128272
-0.014269716
-0.014667013
-0.015064309
-0.015461606
-0.013603049
-0.014000346
-0.014397643
-0.014794939
-0.012936383
-0.013333679
-0.013730976
-0.014128272
-0.012269716
-0.012667013
-0.013064309
-0.013461606
-0.011603049
-0.012000346
-0.012397643
-0.012794939
-0.010936383
-0.011333679
-0.011730976
-0.012128272
-0.010269716
-0.010667013
-0.011064309
-0.011461606
-0.0096030494
-0.010000346
-0.010397643
-0.010794939
-0.0089363827
-0.0093336793
-0.0097309759
-0.010128272
-0.008269716
-0.0086670126
-0.0090643092
-0.0094616058
-0.0076030494
-0.008000346
-0.0083976426
-0.0087949391
-0.0069363827
-0.0073336793
-0.0077309759
-0.0081282725
-0.006269716
-0.0066670126
-0.0070643092
-0.0074616058
-0.0056030494
-0.006000346
-0.0063976426
-0.0067949391
-0.0049363827
-0.0053336793
-0.0057309759
-0.0061282725
-0.004269716
-0.0046670126
-0.0050643092
-0.0054616058
-0.0036030494
-0.004000346
-0.0043976426
-0.0047949391
-0.0029363827
-0.0033336793
-0.0037309759
-0.0041282725
-0.002269716
-0.0026670126
-0.0030643092
-0.0034616058
-0.0016030494
-0.002000346
-0.0023976426
-0.0027949391
-0.0009363827
-0.0013336793
-0.0017309759
-0.0021282725
-0.00026971604
-0.00066701263
-0.0010643092
-0.0014616058
0.00039695063
-3.4596075e-07
-0.00039764256
-0.00079493915
-0.014936383
-0.015333679
-0.015730976
-0.016128272
-0.014269716
-0.014667013
-0.015064309
-0.015461606
-0.013603049
-0.014000346
-0.014397643
-0.014794939
-0.012936383
-0.013333679
-0.013730976
-0.014128272
-0.012269716
-0.012667013
-0.013064309
-0.013461606
-0.011603049
-0.012000346
-0.012397643
-0.012794939
-0.010936383
-0.011333679
-0.011730976
-0.012128272
-0.010269716
-0.010667013
-0.011064309
-0.011461606
-0.0096030494
-0.010000346
-0.010397643
-0.010794939
-0.0089363827
-0.0093336793
-0.0097309759
-0.010128272
-0.008269716
-0.0086670126
-0.0090643092
-0.0094616058
-0.0076030494
-0.008000346
-0.0083976426
-0.0087949391
-0.0069363827
-0.0073336793
-0.0077309759
-0.0081282725
-0.006269716
-0.0066670126
-0.0070643092
-0.0074616058
-0.0056030494
-0.006000346
-0.0063976426
-0.0067949391
-0.0049363827
-0.0053336793
-0.0057309759
-0.0061282725
-0.004269716
-0.0046670126
-0.0050643092
-0.0054616058
-0.0036030494
-0.004000346
-0.0043976426
-0.0047949391
-0.0029363827
-0.0033336793
-0.0037309759
-0.0041282725
-0.002269716
-0.0026670126
-0.0030643092
-0.0034616058
-0.0016030494
-0.002000346
-0.0023976426
-0.0027949391
-0.0009363827
-0.0013336793
-0.0017309759
-0.0021282725
-0.00026971604
-0.00066701263
-0.0010643092
-0.0014616058
0.00039695063
-3.4596284e-07
-0.00039764255
-0.00079493915
-0.014936383
-0.015333679
-0.015730976
-0.016128272
-0.014269716
-0.014667013
-0.015064309
-0.015461606
-0.013603049
-0.014000346
-0.014397643
-0.014794939
-0.012936383
-0.013333679
-0.013730976
-0.014128272
-0.012269716
-0.012667013
-0.013064309
-0.013461606
-0.011603049
-0.012000346
-0.012397643
-0.012794939
-0.010936383
-0.011333679
-0.011730976
-0.012128272
-0.010269716
-0.010667013
-0.011064309
-0.011461606
-0.0096030494
-0.010000346
-0.010397643
-0.010794939
-0.0089363827
-0.0093336793
-0.0097309759
-0.010128272
-0.008269716
-0.0086670126
-0.0090643092
-0.0094616058
-0.0076030494
-0.008000346
-0.0083976426
-0.0087949391
-0.0069363827
-0.0073336793
-0.0077309759
-0.0081282725
-0.006269716
-0.0066670126
-0.0070643092
-0.0074616058
-0.0056030494
-0.006000346
-0.0063976426
-0.0067949391
-0.0049363827
-0.0053336793
-0.0057309759
-0.0061282725
-0.004269716
-0.0046670126
-0.0050643092
-0.0054616058
-0.0036030494
-0.004000346
-0.0043976426
-0.0047949391
-0.0029363827
-0.0033336793
-0.0037309759
-0.0041282725
-0.002269716
-0.0026670126
-0.0030643092
-0.0034616058
-0.0016030494
-0.002000346
-0.0023976426
-0.0027949391
-0.0009363827
-0.0013336793
-0.0017309759
-0.0021282725
-0.00026971604
-0.00066701263
-0.0010643092
-0.0014616058
0.00039695063
-3.459604e-07
-0.00039764256
-0.00079493915
-0.014936383
-0.015333679
-0.015730976
-0.016128272
-0.014269716
-0.014667013
-0.015064309
-0.015461606
-0.013603049
-0.014000346
-0.014397643
-0.014794939
-0.012936383
-0.013333679
-0.013730976
-0.014128272
-0.012269716
-0.012667013
-0.013064309
-0.013461606
-0.011603049
-0.012000346
-0.012397643
-0.012794939
-0.010936383
-0.011333679
-0.011730976
-0.012128272
-0.010269716
-0.010667013
-0.011064309
-0.011461606
-0.0096030494
-0.010000346
-0.010397643
-0.010794939
-0.0089363827
-0.0093336793
-0.0097309759
-0.010128272
-0.008269716
-0.0086670126
-0.0090643092
-0.0094616058
-0.0076030494
-0.008000346
-0.0083976426
-0.0087949392
-0.0069363827
-0.0073336793
-0.0077309759
-0.0081282725
-0.006269716
-0.0066670126
-0.0070643092
-0.0074616058
-0.0056030494
-0.006000346
-0.0063976426
-0.0067949392
-0.0049363827
-0.0053336793
-0.0057309759
-0.0061282725
-0.004269716
-0.0046670126
-0.0050643092
-0.0054616058
-0.0036030494
-0.004000346
-0.0043976426
-0.0047949392
-0.0029363827
-0.0033336793
-0.0037309759
-0.0041282725
-0.002269716
-0.0026670126
-0.0030643092
-0.0034616058
-0.0016030494
-0.002000346
-0.0023976426
-0.0027949392
-0.0009363827
-0.0013336793
-0.0017309759
-0.0021282725
-0.00026971603
-0.00066701263
-0.0010643092
-0.0014616058
0.00039695063
-3.4596236e-07
-0.00039764255
-0.00079493915
-0.014936383
-0.015333679
-0.015730976
-0.016128272
-0.014269716
-0.014667013
-0.015064309
-0.015461606
-0.013603049
-0.014000346
-0.014397643
-0.014794939
-0.012936383
-0.013333679
-0.013730976
-0.014128272
-0.012269716
-0.012667013
-0.013064309
-0.013461606
-0.011603049
-0.012000346
-0.012397643
-0.012794939
-0.010936383
-0.011333679
-0.011730976
-0.012128272
-0.010269716
-0.010667013
-0.011064309
-0.011461606
-0.0096030494
-0.010000346
-0.010397643
-0.010794939
-0.0089363827
-0.0093336793
-0.0097309759
-0.010128272
-0.008269716
-0.0086670126
-0.0090643092
-0.0094616058
-0.0076030494
-0.008000346
-0.0083976426
-0.0087949391
-0.0069363827
-0.0073336793
-0.0077309759
-0.0081282725
-0.006269716
-0.0066670126
-0.0070643092
-0.0074616058
-0.0056030494
-0.006000346
-0.0063976426
-0.0067949391
-0.0049363827
-0.0053336793
-0.0057309759
-0.0061282725
-0.004269716
-0.0046670126
-0.0050643092
-0.0054616058
-0.0036030494
-0.004000346
-0.0043976426
-0.0047949391
-0.0029363827
-0.0033336793
-0.0037309759
-0.0041282725
-0.002269716
-0.0026670126
-0.0030643092
-0.0034616058
-0.0016030494
-0.002000346
-0.0023976426
-0.0027949391
-0.0009363827
-0.0013336793
-0.0017309759
-0.0021282725
-0.00026971603
-0.00066701263
-0.0010643092
-0.0014616058
0.00039695063
-3.4595965e-07
-0.00039764256
-0.00079493915
-0.014936383
-0.015333679
-0.015730976
-0.016128272
-0.014269716
-0.014667013
-0.015064309
-0.015461606
-0.013603049
-0.014000346
-0.014397643
-0.014794939
-0.012936383
-0.013333679
-0.013730976
-0.014128272
-0.012269716
-0.012667013
-0.013064309
-0.013461606
-0.011603049
-0.012000346
-0.012397643
-0.012794939
-0.010936383
-0.011333679
-0.011730976
-0.012128272
-0.010269716
-0.010667013
-0.011064309
-0.011461606
-0.0096030494
-0.010000346
-0.010397643
-0.010794939
-0.0089363827
-0.0093336793
-0.0097309759
-0.010128272
-0.008269716
-0.0086670126
-0.0090643092
-0.0094616058
-0.0076030494
-0.008000346
-0.0083976426
-0.0087949392
-0.0069363827
-0.0073336793
-0.0077309759
-0.0081282725
-0.006269716
-0.0066670126
-0.0070643092
-0.0074616058
-0.0056030494
-0.006000346
-0.0063976426
-0.0067949392
-0.0049363827
-0.0053336793
-0.0057309759
-0.0061282725
-0.004269716
-0.0046670126
-0.0050643092
-0.0054616058
-0.0036030494
-0.004000346
-0.0043976426
-0.0047949392
-0.0029363827
-0.0033336793
-0.0037309759
-0.0041282725
-0.002269716
-0.0026670126
-0.0030643092
-0.0034616058
-0.0016030494
-0.002000346
-0.0023976426
-0.0027949392
-0.0009363827
-0.0013336793
-0.0017309759
-0.0021282725
-0.00026971603
-0.00066701263
-0.0010643092
-0.0014616058
0.00039695064
-3.4596198e-07
-0.00039764255
-0.00079493915
-0.014936383
-0.015333679
-0.015730976
-0.016128272
-0.014269716
-0.014667013
-0.015064309
-0.015461606
-0.013603049
-0.014000346
-0.014397643
-0.014794939
-0.012936383
-0.013333679
-0.013730976
-0.014128272
-0.012269716
-0.012667013
-0.013064309
-0.013461606
-0.011603049
-0.012000346
-0.012397643
-0.012794939
-0.010936383
-0.011333679
-0.011730976
-0.012128272
-0.010269716
-0.010667013
-0.011064309
-0.011461606
-0.0096030494
-0.010000346
-0.010397643
-0.010794939
-0.0089363827
-0.0093336793
-0.0097309759
-0.010128272
-0.008269716
-0.0086670126
-0.0090643092
-0.0094616058
-0.0076030494
-0.008000346
-0.0083976426
-0.0087949392
-0.0069363827
-0.0073336793
-0.0077309759
-0.0081282725
-0.006269716
-0.0066670126
-0.0070643092
-0.0074616058
-0.0056030494
-0.006000346
-0.0063976426
-0.0067949392
-0.0049363827
-0.0053336793
-0.0057309759
-0.0061282725
-0.004269716
-0.0046670126
-0.0050643092
-0.0054616058
-0.0036030494
-0.004000346
-0.0043976426
-0.0047949392
-0.0029363827
-0.0033336793
-0.0037309759
-0.0041282725
-0.002269716
-0.0026670126
-0.0030643092
-0.0034616058
-0.0016030494
-0.002000346
-0.0023976426
-0.0027949392
-0.0009363827
-0.0013336793
-0.0017309759
-0.0021282725
-0.00026971603
-0.00066701263
-0.0010643092
-0.0014616058
0.00039695063
-3.4595926e-07
-0.00039764256
-0.00079493915
-0.014936383
-0.015333679
-0.015730976
-0.016128272
-0.014269716
-0.014667013
-0.015064309
-0.015461606
-0.013603049
-0.014000346
-0.014397643
-0.014794939
-0.012936383
-0.013333679
-0.013730976
-0.014128272
-0.012269716
-0.012667013
-0.013064309
-0.013461606
-0.011603049
-0.012000346
-0.012397643
-0.012794939
-0.010936383
-0.011333679
-0.011730976
-0.012128272
-0.010269716
-0.010667013
-0.011064309
-0.011461606
-0.0096030494
-0.010000346
-0.010397643
-0.010794939
-0.0089363827
-0.0093336793
-0.0097309759
-0.010128272
-0.008269716
-0.0086670126
-0.0090643092
-0.0094616058
-0.0076030494
-0.008000346
-0.0083976426
-0.0087949392
-0.0069363827
-0.0073336793
-0.0077309759
-0.0081282725
-0.006269716
-0.0066670126
-0.0070643092
-0.0074616058
-0.0056030494
-0.006000346
-0.0063976426
-0.0067949392
-0.0049363827
-0.0053336793
-0.0057309759
-0.0061282725
-0.004269716
-0.0046670126
-0.0050643092
-0.0054616058
-0.0036030494
-0.004000346
-0.0043976426
-0.0047949392
-0.0029363827
-0.0033336793
-0.0037309759
-0.0041282725
-0.002269716
-0.0026670126
-0.0030643092
-0.0034616058
-0.0016030494
-0.002000346
-0.0023976426
-0.0027949392
-0.0009363827
-0.0013336793
-0.0017309759
-0.0021282725
-0.00026971603
-0.00066701263
-0.0010643092
-0.0014616058
0.00039695064
-3.4596123e-07
-0.00039764255
-0.00079493915
-0.014936383
-0.015333679
-0.015730976
-0.016128272
-0.014269716
-0.014667013
-0.015064309
-0.015461606
-0.013603049
-0.014000346
-0.014397643
-0.014794939
-0.012936383
-0.013333679
-0.013730976
-0.014128272
-0.012269716
-0.012667013
-0.013064309
-0.013461606
-0.011603049
-0.012000346
-0.012397643
-0.012794939
-0.010936383
-0.011333679
-0.011730976
-0.012128272
-0.010269716
-0.010667013
-0.011064309
-0.011461606
-0.0096030494
-0.010000346
-0.010397643
-0.010794939
-0.0089363827
-0.0093336793
-0.0097309759
-0.010128272
-0.008269716
-0.0086670126
-0.0090643092
-0.0094616058
-0.0076030494
-0.008000346
-0.0083976426
-0.0087949392
-0.0069363827
-0.0073336793
-0.0077309759
-0.0081282725
-0.006269716
-0.0066670126
-0.0070643092
-0.0074616058
-0.0056030494
-0.006000346
-0.0063976426
-0.0067949392
-0.0049363827
-0.0053336793
-0.0057309759
-0.0061282725
-0.004269716
-0.0046670126
-0.0050643092
-0.0054616058
-0.0036030494
-0.004000346
-0.0043976426
-0.0047949392
-0.0029363827
-0.0033336793
-0.0037309759
-0.0041282725
-0.002269716
-0.0026670126
-0.0030643092
-0.0034616058
-0.0016030494
-0.002000346
-0.0023976426
-0.0027949392
-0.0009363827
-0.0013336793
-0.0017309759
-0.0021282725
-0.00026971603
-0.00066701263
-0.0010643092
-0.0014616058
0.00039695064
-3.4596118e-07
-0.00039764256
-0.00079493915
-0.014936383
-0.015333679
-0.015730976
-0.016128272
-0.014269716
-0.014667013
-0.015064309
-0.015461606
-0.013603049
-0.014000346
-0.014397643
-0.014794939
-0.012936383
-0.013333679
-0.013730976
-0.014128272
-0.012269716
-0.012667013
-0.013064309
-0.013461606
-0.011603049
-0.012000346
-0.012397643
-0.012794939
-0.010936383
-0.011333679
-0.011730976
-0.012128272
-0.010269716
-0.010667013
-0.011064309
-0.011461606
-0.0096030494
-0.010000346
-0.010397643
-0.010794939
-0.0089363827
-0.0093336793
-0.0097309759
-0.010128272
-0.008269716
-0.0086670126
-0.0090643092
-0.0094616058
-0.0076030494
-0.008000346
-0.0083976426
-0.0087949392
-0.0069363827
-0.0073336793
-0.0077309759
-0.0081282725
-0.006269716
-0.0066670126
-0.0070643092
-0.0074616058
-0.0056030494
-0.006000346
-0.0063976426
-0.0067949392
-0.0049363827
-0.0053336793
-0.0057309759
-0.0061282725
-0.004269716
-0.0046670126
-0.0050643092
-0.0054616058
-0.0036030494
-0.004000346
-0.0043976426
-0.0047949392
-0.0029363827
-0.0033336793
-0.0037309759
-0.0041282725
-0.002269716
-0.0026670126
-0.0030643092
-0.0034616058
-0.0016030494
-0.002000346
-0.0023976426
-0.0027949392
-0.0009363827
-0.0013336793
-0.0017309759
-0.0021282725
-0.00026971603
-0.00066701262
-0.0010643092
-0.0014616058
0.00039695064
-3.4595833e-07
-0.00039764256
-0.00079493915
-0.014936383
-0.015333679
-0.015730976
-0.016128272
-0.014269716
-0.014667013
-0.015064309
-0.015461606
-0.013603049
-0.014000346
-0.014397643
-0.014794939
-0.012936383
-0.013333679
-0.013730976
-0.014128272
-0.012269716
-0.012667013
-0.013064309
-0.013461606
-0.011603049
-0.012000346
-0.012397643
-0.012794939
-0.010936383
-0.011333679
-0.011730976
-0.012128272
-0.010269716
-0.010667013
-0.011064309
-0.011461606
-0.0096030494
-0.010000346
-0.010397643
-0.010794939
-0.0089363827
-0.0093336793
-0.0097309759
-0.010128272
-0.008269716
-0.0086670126
-0.0090643092
-0.0094616058
-0.0076030494
-0.008000346
-0.0083976426
-0.0087949392
-0.0069363827
-0.0073336793
-0.0077309759
-0.0081282725
-0.006269716
-0.0066670126
-0.0070643092
-0.0074616058
-0.0056030494
-0.006000346
-0.0063976426
-0.0067949392
-0.0049363827
-0.0053336793
-0.0057309759
-0.0061282725
-0.004269716
-0.0046670126
-0.0050643092
-0.0054616058
-0.0036030494
-0.004000346
-0.0043976426
-0.0047949392
-0.0029363827
-0.0033336793
-0.0037309759
-0.0041282725
-0.002269716
-0.0026670126
-0.0030643092
-0.0034616058
-0.0016030494
-0.002000346
-0.0023976426
-0.0027949392
-0.00093638269
-0.0013336793
-0.0017309759
-0.0021282725
-0.00026971603
-0.00066701263
-0.0010643092
-0.0014616058
0.00039695064
-3.4596062e-07
-0.00039764256
-0.00079493916
-0.014936383
-0.015333679
-0.015730976
-0.016128272
-0.014269716
-0.014667013
-0.015064309
-0.015461606
-0.013603049
-0.014000346
-0.014397643
-0.014794939
-0.012936383
-0.013333679
-0.013730976
-0.014128272
-0.012269716
-0.012667013
-0.013064309
-0.013461606
-0.011603049
-0.012000346
-0.012397643
-0.012794939
-0.010936383
-0.011333679
-0.011730976
-0.012128272
-0.010269716
-0.010667013
-0.011064309
-0.011461606
-0.0096030494
-0.010000346
-0.010397643
-0.010794939
-0.0089363827
-0.0093336793
-0.0097309759
-0.010128272
-0.008269716
-0.0086670126
-0.0090643092
-0.0094616058
-0.0076030494
-0.008000346
-0.0083976426
-0.0087949392
-0.0069363827
-0.0073336793
-0.0077309759
-0.0081282725
-0.006269716
-0.0066670126
-0.0070643092
-0.0074616058
-0.0056030494
-0.006000346
-0.0063976426
-0.0067949392
-0.0049363827
-0.0053336793
-0.0057309759
-0.0061282725
-0.004269716
-0.0046670126
-0.0050643092
-0.0054616058
-0.0036030494
-0.004000346
-0.0043976426
-0.0047949392
-0.0029363827
-0.0033336793
-0.0037309759
-0.0041282725
-0.002269716
-0.0026670126
-0.0030643092
-0.0034616058
-0.0016030494
-0.002000346
-0.0023976426
-0.0027949392
-0.0009363827
-0.0013336793
-0.0017309759
-0.0021282725
-0.00026971603
-0.00066701262
-0.0010643092
-0.0014616058
0.00039695064
-3.4595788e-07
-0.00039764256
-0.00079493915
-0.014936383
-0.015333679
-0.015730976
-0.016128272
-0.014269716
-0.014667013
-0.015064309
-0.015461606
-0.013603049
-0.014000346
-0.014397643
-0.014794939
-0.012936383
-0.013333679
-0.013730976
-0.014128272
-0.012269716
-0.012667013
-0.013064309
-0.013461606
-0.011603049
-0.012000346
-0.012397643
-0.012794939
-0.010936383
-0.011333679
-0.011730976
-0.012128272
-0.010269716
-0.010667013
-0.011064309
-0.011461606
-0.0096030494
-0.010000346
-0.010397643
-0.010794939
-0.0089363827
-0.0093336793
-0.0097309759
-0.010128272
-0.008269716
-0.0086670126
-0.0090643092
-0.0094616058
-0.0076030494
-0.008000346
-0.0083976426
-0.0087949392
-0.0069363827
-0.0073336793
-0.0077309759
-0.0081282725
-0.006269716
-0.0066670126
-0.0070643092
-0.0074616058
-0.0056030494
-0.006000346
-0.0063976426
-0.0067949392
-0.0049363827
-0.0053336793
-0.0057309759
-0.0061282725
-0.004269716
-0.0046670126
-0.0050643092
-0.0054616058
-0.0036030494
-0.004000346
-0.0043976426
-0.0047949392
-0.0029363827
-0.0033336793
-0.0037309759
-0.0041282725
-0.002269716
-0.0026670126
-0.0030643092
-0.0034616058
-0.0016030494
-0.002000346
-0.0023976426
-0.0027949392
-0.00093638269
-0.0013336793
-0.0017309759
-0.0021282725
-0.00026971603
-0.00066701263
-0.0010643092
-0.0014616058
0.00039695064
-3.4595991e-07
-0.00039764256
-0.00079493916
-0.014936383
-0.015333679
-0.015730976
-0.016128272
-0.014269716
-0.014667013
-0.015064309
-0.015461606
-0.013603049
-0.014000346
-0.014397643
-0.014794939
-0.012936383
-0.013333679
-0.013730976
-0.014128272
-0.012269716
-0.012667013
-0.013064309
-0.013461606
-0.011603049
-0.012000346
-0.012397643
-0.012794939
-0.010936383
-0.011333679
-0.011730976
-0.012128272
-0.010269716
-0.010667013
-0.011064309
-0.011461606
-0.0096030494
-0.010000346
-0.010397643
-0.010794939
-0.0089363827
-0.0093336793
-0.0097309759
-0.010128272
-0.008269716
-0.0086670126
-0.0090643092
-0.0094616058
-0.0076030494
-0.008000346
-0.0083976426
-0.0087949392
-0.0069363827
-0.0073336793
-0.0077309759
-0.0081282725
-0.006269716
-0.0066670126
-0.0070643092
-0.0074616058
-0.0056030494
-0.006000346
-0.0063976426
-0.0067949392
-0.0049363827
-0.0053336793
-0.0057309759
-0.0061282725
-0.004269716
-0.0046670126
-0.0050643092
-0.0054616058
-0.0036030494
-0.004000346
-0.0043976426
-0.0047949392
-0.0029363827
-0.0033336793
-0.0037309759
-0.0041282725
-0.002269716
-0.0026670126
-0.0030643092
-0.0034616058
-0.0016030494
-0.002000346
-0.0023976426
-0.0027949392
-0.00093638269
-0.0013336793
-0.0017309759
-0.0021282725
-0.00026971603
-0.00066701262
-0.0010643092
-0.0014616058
0.00039695064
-3.4595729e-07
-0.00039764256
-0.00079493916
-0.014936383
-0.015333679
-0.015730976
-0.016128272
-0.014269716
-0.014667013
-0.015064309
-0.015461606
-0.013603049
-0.014000346
-0.014397643
-0.014794939
-0.012936383
-0.013333679
-0.013730976
-0.014128272
-0.012269716
-0.012667013
-0.013064309
-0.013461606
-0.011603049
-0.012000346
-0.012397643
-0.012794939
-0.010936383
-0.011333679
-0.011730976
-0.012128272
-0.010269716
-0.010667013
-0.011064309
-0.011461606
-0.0096030494
-0.010000346
-0.010397643
-0.010794939
-0.0089363827
-0.0093336793
-0.0097309759
-0.010128272
-0.008269716
-0.0086670126
-0.0090643092
-0.0094616058
-0.0076030494
-0.008000346
-0.0083976426
-0.0087949392
-0.0069363827
-0.0073336793
-0.0077309759
-0.0081282725
-0.006269716
-0.0066670126
-0.0070643092
-0.0074616058
-0.0056030494
-0.006000346
-0.0063976426
-0.0067949392
-0.0049363827
-0.0053336793
-0.0057309759
-0.0061282725
-0.004269716
-0.0046670126
-0.0050643092
-0.0054616058
-0.0036030494
-0.004000346
-0.0043976426
-0.0047949392
-0.0029363827
-0.0033336793
-0.0037309759
-0.0041282725
-0.002269716
-0.0026670126
-0.0030643092
-0.0034616058
-0.0016030494
-0.002000346
-0.0023976426
-0.0027949392
-0.00093638269
-0.0013336793
-0.0017309759
-0.0021282725
-0.00026971603
-0.00066701263
-0.0010643092
-0.0014616058
0.00039695064
-3.459593e-07
-0.00039764256
-0.00079493916
-0.014936383
-0.015333679
-0.015730976
-0.016128272
-0.014269716
-0.014667013
-0.015064309
-0.015461606
-0.013603049
-0.014000346
-0.014397643
-0.014794939
-0.012936383
-0.013333679
-0.013730976
-0.014128272
-0.012269716
-0.012667013
-0.013064309
-0.013461606
-0.011603049
-0.012000346
-0.012397643
-0.012794939
-0.010936383
-0.011333679
-0.011730976
-0.012128272
-0.010269716
-0.010667013
-0.011064309
-0.011461606
-0.0096030494
-0.010000346
-0.010397643
-0.010794939
-0.0089363827
-0.0093336793
-0.0097309759
-0.010128272
-0.008269716
-0.0086670126
-0.0090643092
-0.0094616058
-0.0076030494
-0.008000346
-0.0083976426
-0.0087949392
-0.0069363827
-0.0073336793
-0.0077309759
-0.0081282725
-0.006269716
-0.0066670126
-0.0070643092
-0.0074616058
-0.0056030494
-0.006000346
-0.0063976426
-0.0067949392
-0.0049363827
-0.0053336793
-0.0057309759
-0.0061282725
-0.004269716
-0.0046670126
-0.0050643092
-0.0054616058
-0.0036030494
-0.004000346
-0.0043976426
-0.0047949392
-0.0029363827
-0.0033336793
-0.0037309759
-0.0041282725
-0.002269716
-0.0026670126
-0.0030643092
-0.0034616058
-0.0016030494
-0.002000346
-0.0023976426
-0.0027949392
-0.00093638269
-0.0013336793
-0.0017309759
-0.0021282725
-0.00026971602
-0.00066701262
-0.0010643092
-0.0014616058
0.00039695064
-3.4595997e-07
-0.00039764256
-0.00079493916
-0.014936383
-0.015333679
-0.015730976
-0.016128272
-0.014269716
-0.014667013
-0.015064309
-0.015461606
-0.013603049
-0.014000346
-0.014397643
-0.014794939
-0.012936383
-0.013333679
-0.013730976
-0.014128272
-0.012269716
-0.012667013
-0.013064309
-0.013461606
-0.011603049
-0.012000346
-0.012397643
-0.012794939
-0.010936383
-0.011333679
-0.011730976
-0.012128272
-0.010269716
-0.010667013
-0.011064309
-0.011461606
-0.0096030494
-0.010000346
-0.010397643
-0.010794939
-0.0089363827
-0.0093336793
-0.0097309759
-0.010128272
-0.008269716
-0.0086670126
-0.0090643092
-0.0094616058
-0.0076030494
-0.008000346
-0.0083976426
-0.0087949392
-0.0069363827
-0.0073336793
-0.0077309759
-0.0081282725
-0.006269716
-0.0066670126
-0.0070643092
-0.0074616058
-0.0056030494
-0.006000346
-0.0063976426
-0.0067949392
-0.0049363827
-0.0053336793
-0.0057309759
-0.0061282725
-0.004269716
-0.0046670126
-0.0050643092
-0.0054616058
-0.0036030494
-0.004000346
-0.0043976426
-0.0047949392
-0.0029363827
-0.0033336793
-0.0037309759
-0.0041282725
-0.002269716
-0.0026670126
-0.0030643092
-0.0034616058
-0.0016030494
-0.002000346
-0.0023976426
-0.0027949392
-0.00093638269
-0.0013336793
-0.0017309759
-0.0021282725
-0.00026971603
-0.00066701263
-0.0010643092
-0.0014616058
0.00039695065
-3.4595598e-07
-0.00039764256
-0.00079493916
-0.014936383
-0.015333679
-0.015730976
-0.016128272
-0.014269716
-0.014667013
-0.015064309
-0.015461606
-0.013603049
-0.014000346
-0.014397643
-0.014794939
-0.012936383
-0.013333679
-0.013730976
-0.014128272
-0.012269716
-0.012667013
-0.013064309
-0.013461606
-0.011603049
-0.012000346
-0.012397643
-0.012794939
-0.010936383
-0.011333679
-0.011730976
-0.012128272
-0.010269716
-0.010667013
-0.011064309
-0.011461606
-0.0096030494
-0.010000346
-0.010397643
-0.010794939
-0.0089363827
-0.0093336793
-0.0097309759
-0.010128272
-0.008269716
-0.0086670126
-0.0090643092
-0.0094616058
-0.0076030494
-0.008000346
-0.0083976426
-0.0087949392
-0.0069363827
-0.0073336793
-0.0077309759
-0.0081282725
-0.006269716
-0.0066670126
-0.0070643092
-0.0074616058
-0.0056030494
-0.006000346
-0.0063976426
-0.0067949392
-0.0049363827
-0.0053336793
-0.0057309759
-0.0061282725
-0.004269716
-0.0046670126
-0.0050643092
-0.0054616058
-0.0036030494
-0.004000346
-0.0043976426
-0.0047949392
-0.0029363827
-0.0033336793
-0.0037309759
-0.0041282725
-0.002269716
-0.0026670126
-0.0030643092
-0.0034616058
-0.0016030494
-0.002000346
-0.0023976426
-0.0027949392
-0.00093638269
-0.0013336793
-0.0017309759
-0.0021282725
-0.00026971602
-0.00066701262
-0.0010643092
-0.0014616058
0.00039695065
-3.4595822e-07
-0.00039764256
-0.00079493916
-0.014936383
-0.015333679
-0.015730976
-0.016128272
-0.014269716
-0.014667013
-0.015064309
-0.015461606
-0.013603049
-0.014000346
-0.014397643
-0.014794939
-0.012936383
-0.013333679
-0.013730976
-0.014128272
-0.012269716
-0.012667013
-0.013064309
-0.013461606
-0.011603049
-0.012000346
-0.012397643
-0.012794939
-0.010936383
-0.011333679
-0.011730976
-0.012128272
-0.010269716
-0.010667013
-0.011064309
-0.011461606
-0.0096030494
-0.010000346
-0.010397643
-0.010794939
-0.0089363827
-0.0093336793
-0.0097309759
-0.010128272
-0.008269716
-0.0086670126
-0.0090643092
-0.0094616058
-0.0076030494
-0.008000346
-0.0083976426
-0.0087949392
-0.0069363827
-0.0073336793
-0.0077309759
-0.0081282725
-0.006269716
-0.0066670126
-0.0070643092
-0.0074616058
-0.0056030494
-0.006000346
-0.0063976426
-0.0067949392
-0.0049363827
-0.0053336793
-0.0057309759
-0.0061282725
-0.004269716
-0.0046670126
-0.0050643092
-0.0054616058
-0.0036030494
-0.004000346
-0.0043976426
-0.0047949392
-0.0029363827
-0.0033336793
-0.0037309759
-0.0041282725
-0.002269716
-0.0026670126
-0.0030643092
-0.0034616058
-0.0016030494
-0.002000346
-0.0023976426
-0.0027949392
-0.00093638269
-0.0013336793
-0.0017309759
-0.0021282725
-0.00026971602
-0.00066701262
-0.0010643092
-0.0014616058
0.00039695064
-3.4595594e-07
-0.00039764256
-0.00079493916
-0.014936383
-0.015333679
-0.015730976
-0.016128272
-0.014269716
-0.014667013
-0.015064309
-0.015461606
-0.013603049
-0.014000346
-0.014397643
-0.014794939
-0.012936383
-0.013333679
-0.013730976
-0.014128272
-0.012269716
-0.012667013
-0.013064309
-0.013461606
-0.011603049
-0.012000346
-0.012397643
-0.012794939
-0.010936383
-0.011333679
-0.011730976
-0.012128272
-0.010269716
-0.010667013
-0.011064309
-0.011461606
-0.0096030493
-0.010000346
-0.010397643
-0.010794939
-0.0089363827
-0.0093336793
-0.0097309759
-0.010128272
-0.008269716
-0.0086670126
-0.0090643092
-0.0094616058
-0.0076030494
-0.008000346
-0.0083976426
-0.0087949392
-0.0069363827
-0.0073336793
-0.0077309759
-0.0081282725
-0.006269716
-0.0066670126
-0.0070643092
-0.0074616058
-0.0056030494
-0.006000346
-0.0063976426
-0.0067949392
-0.0049363827
-0.0053336793
-0.0057309759
-0.0061282725
-0.004269716
-0.0046670126
-0.0050643092
-0.0054616058
-0.0036030494
-0.004000346
-0.0043976426
-0.0047949392
-0.0029363827
-0.0033336793
-0.0037309759
-0.0041282725
-0.002269716
-0.0026670126
-0.0030643092
-0.0034616058
-0.0016030494
-0.002000346
-0.0023976426
-0.0027949392
-0.00093638269
-0.0013336793
-0.0017309759
-0.0021282725
-0.00026971602
-0.00066701263
-0.0010643092
-0.0014616058
0.00039695065
-3.4595524e-07
-0.00039764256
-0.00079493916
-0.016451796
-0.016701547
-0.016951298
-0.017201049
-0.01578513
-0.016034881
-0.016284632
-0.016534383
-0.015118463
-0.015368214
-0.015617965
-0.015867716
-0.014451796
-0.014701547
-0.014951298
-0.015201049
-0.01378513
-0.014034881
-0.014284632
-0.014534383
-0.013118463
-0.013368214
-0.013617965
-0.013867716
-0.012451796
-0.012701547
-0.012951298
-0.013201049
-0.01178513
-0.012034881
-0.012284632
-0.012534383
-0.011118463
-0.011368214
-0.011617965
-0.011867716
-0.010451796
-0.010701547
-0.010951298
-0.011201049
-0.0097851296
-0.010034881
-0.010284632
-0.010534383
-0.0091184629
-0.0093682139
-0.009617965
-0.0098677161
-0.0084517962
-0.0087015473
-0.0089512983
-0.0092010494
-0.0077851296
-0.0080348806
-0.0082846317
-0.0085343827
-0.0071184629
-0.007368214
-0.007617965
-0.0078677161
-0.0064517962
-0.0067015473
-0.0069512983
-0.0072010494
-0.0057851296
-0.0060348806
-0.0062846317
-0.0065343827
-0.0051184629
-0.005368214
-0.005617965
-0.0058677161
-0.0044517962
-0.0047015473
-0.0049512984
-0.0052010494
-0.0037851296
-0.0040348806
-0.0042846317
-0.0045343827
-0.0031184629
-0.003368214
-0.003617965
-0.0038677161
-0.0024517962
-0.0027015473
-0.0029512984
-0.0032010494
-0.0017851296
-0.0020348806
-0.0022846317
-0.0025343827
-0.0011184629
-0.001368214
-0.001617965
-0.0018677161
-0.016451796
-0.016701547
-0.016951298
-0.017201049
-0.01578513
-0.016034881
-0.016284632
-0.016534383
-0.015118463
-0.015368214
-0.015617965
-0.015867716
-0.014451796
-0.014701547
-0.014951298
-0.015201049
-0.01378513
-0.014034881
-0.014284632
-0.014534383
-0.013118463
-0.013368214
-0.013617965
-0.013867716
-0.012451796
-0.012701547
-0.012951298
-0.013201049
-0.01178513
-0.012034881
-0.012284632
-0.012534383
-0.011118463
-0.011368214
-0.011617965
-0.011867716
-0.010451796
-0.010701547
-0.010951298
-0.011201049
-0.0097851296
-0.010034881
-0.010284632
-0.010534383
-0.0091184629
-0.009368214
-0.009617965
-0.0098677161
-0.0084517962
-0.0087015473
-0.0089512983
-0.0092010494
-0.0077851296
-0.0080348806
-0.0082846317
-0.0085343827
-0.0071184629
-0.007368214
-0.007617965
-0.0078677161
-0.0064517962
-0.0067015473
-0.0069512983
-0.0072010494
-0.0057851296
-0.0060348806
-0.0062846317
-0.0065343827
-0.0051184629
-0.005368214
-0.005617965
-0.0058677161
-0.0044517962
-0.0047015473
-0.0049512983
-0.0052010494
-0.0037851296
-0.0040348806
-0.0042846317
-0.0045343827
-0.0031184629
-0.003368214
-0.003617965
-0.0038677161
-0.0024517962
-0.0027015473
-0.0029512983
-0.0032010494
-0.0017851296
-0.0020348806
-0.0022846317
-0.0025343827
-0.0011184629
-0.001368214
-0.001617965
-0.0018677161
-0.016451796
-0.016701547
-0.016951298
-0.017201049
-0.01578513
-0.016034881
-0.016284632
-0.016534383
-0.015118463
-0.015368214
-0.015617965
-0.015867716
-0.014451796
-0.014701547
-0.014951298
-0.015201049
-0.01378513
-0.014034881
-0.014284632
-0.014534383
-0.013118463
-0.013368214
-0.013617965
-0.013867716
-0.012451796
-0.012701547
-0.012951298
-0.013201049
-0.01178513
-0.012034881
-0.012284632
-0.012534383
-0.011118463
-0.011368214
-0.011617965
-0.011867716
-0.010451796
-0.010701547
-0.010951298
-0.011201049
-0.0097851296
-0.010034881
-0.010284632
-0.010534383
-0.0091184629
-0.009368214
-0.009617965
-0.0098677161
-0.0084517962
-0.0087015473
-0.0089512983
-0.0092010494
-0.0077851296
-0.0080348806
-0.0082846317
-0.0085343827
-0.0071184629
-0.007368214
-0.007617965
-0.0078677161
-0.0064517962
-0.0067015473
-0.0069512983
-0.0072010494
-0.0057851296
-0.0060348806
-0.0062846317
-0.0065343827
-0.0051184629
-0.005368214
-0.005617965
-0.0058677161
-0.0044517962
-0.0047015473
-0.0049512983
-0.0052010494
-0.0037851296
-0.0040348806
-0.0042846317
-0.0045343827
-0.0031184629
-0.003368214
-0.003617965
-0.0038677161
-0.0024517962
-0.0027015473
-0.0029512983
-0.0032010494
-0.0017851296
-0.0020348806
-0.0022846317
-0.0025343827
-0.0011184629
-0.001368214
-0.001617965
-0.0018677161
-0.016451796
-0.016701547
-0.016951298
-0.017201049
-0.01578513
-0.016034881
-0.016284632
-0.016534383
-0.015118463
-0.015368214
-0.015617965
-0.015867716
-0.014451796
-0.014701547
-0.014951298
-0.015201049
-0.01378513
-0.014034881
-0.014284632
-0.014534383
-0.013118463
-0.013368214
-0.013617965
-0.013867716
-0.012451796
-0.012701547
-0.012951298
-0.013201049
-0.01178513
-0.012034881
-0.012284632
-0.012534383
-0.011118463
-0.011368214
-0.011617965
-0.011867716
-0.010451796
-0.010701547
-0.010951298
-0.011201049
-0.0097851296
-0.010034881
-0.010284632
-0.010534383
-0.0091184629
-0.009368214
-0.009617965
-0.0098677161
-0.0084517962
-0.0087015473
-0.0089512983
-0.0092010494
-0.0077851296
-0.0080348806
-0.0082846317
-0.0085343827
-0.0071184629
-0.007368214
-0.007617965
-0.0078677161
-0.0064517962
-0.0067015473
-0.0069512983
-0.0072010494
-0.0057851296
-0.0060348806
-0.0062846317
-0.0065343827
-0.0051184629
-0.005368214
-0.005617965
-0.0058677161
-0.0044517962
-0.0047015473
-0.0049512983
-0.0052010494
-0.0037851296
-0.0040348806
-0.0042846317
-0.0045343828
-0.0031184629
-0.003368214
-0.003617965
-0.0038677161
-0.0024517962
-0.0027015473
-0.0029512983
-0.0032010494
-0.0017851296
-0.0020348806
-0.0022846317
-0.0025343827
-0.0011184629
-0.001368214
-0.001617965
-0.0018677161
-0.016451796
-0.016701547
-0.016951298
-0.017201049
-0.01578513
-0.016034881
-0.016284632
-0.016534383
-0.015118463
-0.015368214
-0.015617965
-0.015867716
-0.014451796
-0.014701547
-0.014951298
-0.015201049
-0.01378513
-0.014034881
-0.014284632
-0.014534383
-0.013118463
-0.013368214
-0.013617965
-0.013867716
-0.012451796
-0.012701547
-0.012951298
-0.013201049
-0.01178513
-0.012034881
-0.012284632
-0.012534383
-0.011118463
-0.011368214
-0.011617965
-0.011867716
-0.010451796
-0.010701547
-0.010951298
-0.011201049
-0.0097851296
-0.010034881
-0.010284632
-0.010534383
-0.0091184629
-0.009368214
-0.009617965
-0.0098677161
-0.0084517962
-0.0087015473
-0.0089512984
-0.0092010494
-0.0077851296
-0.0080348806
-0.0082846317
-0.0085343827
-0.0071184629
-0.007368214
-0.007617965
-0.0078677161
-0.0064517962
-0.0067015473
-0.0069512984
-0.0072010494
-0.0057851296
-0.0060348806
-0.0062846317
-0.0065343827
-0.0051184629
-0.005368214
-0.005617965
-0.0058677161
-0.0044517962
-0.0047015473
-0.0049512984
-0.0052010494
-0.0037851296
-0.0040348806
-0.0042846317
-0.0045343827
-0.0031184629
-0.003368214
-0.003617965
-0.0038677161
-0.0024517962
-0.0027015473
-0.0029512984
-0.0032010494
-0.0017851296
-0.0020348806
-0.0022846317
-0.0025343827
-0.0011184629
-0.001368214
-0.001617965
-0.0018677161
-0.016451796
-0.016701547
-0.016951298
-0.017201049
-0.01578513
-0.016034881
-0.016284632
-0.016534383
-0.015118463
-0.015368214
-0.015617965
-0.015867716
-0.014451796
-0.014701547
-0.014951298
-0.015201049
-0.01378513
-0.014034881
-0.014284632
-0.014534383
-0.013118463
-0.013368214
-0.013617965
-0.013867716
-0.012451796
-0.012701547
-0.012951298
-0.013201049
-0.01178513
-0.012034881
-0.012284632
-0.012534383
-0.011118463
-0.011368214
-0.011617965
-0.011867716
-0.010451796
-0.010701547
-0.010951298
-0.011201049
-0.0097851296
-0.010034881
-0.010284632
-0.010534383
-0.0091184629
-0.009368214
-0.009617965
-0.0098677161
-0.0084517962
-0.0087015473
-0.0089512983
-0.0092010494
-0.0077851296
-0.0080348806
-0.0082846317
-0.0085343827
-0.0071184629
-0.007368214
-0.007617965
-0.0078677161
-0.0064517962
-0.0067015473
-0.0069512983
-0.0072010494
-0.0057851296
-0.0060348806
-0.0062846317
-0.0065343827
-0.0051184629
-0.005368214
-0.005617965
-0.0058677161
-0.0044517962
-0.0047015473
-0.0049512983
-0.0052010494
-0.0037851296
-0.0040348806
-0.0042846317
-0.0045343827
-0.0031184629
-0.003368214
-0.003617965
-0.0038677161
-0.0024517962
-0.0027015473
-0.0029512983
-0.0032010494
-0.0017851296
-0.0020348806
-0.0022846317
-0.0025343827
-0.0011184629
-0.001368214
-0.001617965
-0.0018677161
-0.016451796
-0.016701547
-0.016951298
-0.017201049
-0.01578513
-0.016034881
-0.016284632
-0.016534383
-0.015118463
-0.015368214
-0.015617965
-0.015867716
-0.014451796
-0.014701547
-0.014951298
-0.015201049
-0.01378513
-0.014034881
-0.014284632
-0.014534383
-0.013118463
-0.013368214
-0.013617965
-0.013867716
-0.012451796
-0.012701547
-0.012951298
-0.013201049
-0.01178513
-0.012034881
-0.012284632
-0.012534383
-0.011118463
-0.011368214
-0.011617965
-0.011867716
-0.010451796
-0.010701547
-0.010951298
-0.011201049
-0.0097851296
-0.010034881
-0.010284632
-0.010534383
-0.0091184629
-0.009368214
-0.009617965
-0.0098677161
-0.0084517962
-0.0087015473
-0.0089512983
-0.0092010494
-0.0077851296
-0.0080348806
-0.0082846317
-0.0085343827
-0.0071184629
-0.007368214
-0.007617965
-0.0078677161
-0.0064517962
-0.0067015473
-0.0069512983
-0.0072010494
-0.0057851296
-0.0060348806
-0.0062846317
-0.0065343827
-0.0051184629
-0.005368214
-0.005617965
-0.0058677161
-0.0044517962
-0.0047015473
-0.0049512983
-0.0052010494
-0.0037851296
-0.0040348806
-0.0042846317
-0.0045343828
-0.0031184629
-0.003368214
-0.003617965
-0.0038677161
-0.0024517962
-0.0027015473
-0.0029512983
-0.0032010494
-0.0017851296
-0.0020348806
-0.0022846317
-0.0025343828
-0.0011184629
-0.001368214
-0.001617965
-0.0018677161
-0.016451796
-0.016701547
-0.016951298
-0.017201049
-0.01578513
-0.016034881
-0.016284632
-0.016534383
-0.015118463
-0.015368214
-0.015617965
-0.015867716
-0.014451796
-0.014701547
-0.014951298
-0.015201049
-0.01378513
-0.014034881
-0.014284632
-0.014534383
-0.013118463
-0.013368214
-0.013617965
-0.013867716
-0.012451796
-0.012701547
-0.012951298
-0.013201049
-0.01178513
-0.012034881
-0.012284632
-0.012534383
-0.011118463
-0.011368214
-0.011617965
-0.011867716
-0.010451796
-0.010701547
-0.010951298
-0.011201049
-0.0097851296
-0.010034881
-0.010284632
-0.010534383
-0.0091184629
-0.009368214
-0.009617965
-0.0098677161
-0.0084517962
-0.0087015473
-0.0089512984
-0.0092010494
-0.0077851296
-0.0080348806
-0.0082846317
-0.0085343827
-0.0071184629
-0.007368214
-0.007617965
-0.0078677161
-0.0064517962
-0.0067015473
-0.0069512984
-0.0072010494
-0.0057851296
-0.0060348806
-0.0062846317
-0.0065343827
-0.0051184629
-0.0053682139
-0.005617965
-0.0058677161
-0.0044517962
-0.0047015473
-0.0049512983
-0.0052010494
-0.0037851296
-0.0040348806
-0.0042846317
-0.0045343827
-0.0031184629
-0.0033682139
-0.003617965
-0.0038677161
-0.0024517962
-0.0027015473
-0.0029512984
-0.0032010494
-0.0017851296
-0.0020348806
-0.0022846317
-0.0025343827
-0.0011184629
-0.0013682139
-0.001617965
-0.0018677161
-0.016451796
-0.016701547
-0.016951298
-0.017201049
-0.01578513
-0.016034881
-0.016284632
-0.016534383
-0.015118463
-0.015368214
-0.015617965
-0.015867716
-0.014451796
-0.014701547
-0.014951298
-0.015201049
-0.01378513
-0.014034881
-0.014284632
-0.014534383
-0.013118463
-0.013368214
-0.013617965
-0.013867716
-0.012451796
-0.012701547
-0.012951298
-0.013201049
-0.01178513
-0.012034881
-0.012284632
-0.012534383
-0.011118463
-0.011368214
-0.011617965
-0.011867716
-0.010451796
-0.010701547
-0.010951298
-0.011201049
-0.0097851296
-0.010034881
-0.010284632
-0.010534383
-0.0091184629
-0.0093682139
-0.009617965
-0.0098677161
-0.0084517962
-0.0087015473
-0.0089512983
-0.0092010494
-0.0077851296
-0.0080348806
-0.0082846317
-0.0085343827
-0.0071184629
-0.0073682139
-0.007617965
-0.0078677161
-0.0064517962
-0.0067015473
-0.0069512983
-0.0072010494
-0.0057851296
-0.0060348806
-0.0062846317
-0.0065343827
-0.0051184629
-0.005368214
-0.005617965
-0.0058677161
-0.0044517962
-0.0047015473
-0.0049512984
-0.0052010494
-0.0037851296
-0.0040348806
-0.0042846317
-0.0045343827
-0.0031184629
-0.003368214
-0.003617965
-0.0038677161
-0.0024517962
-0.0027015473
-0.0029512983
-0.0032010494
-0.0017851296
-0.0020348806
-0.0022846317
-0.0025343827
-0.0011184629
-0.001368214
-0.001617965
-0.0018677161
-0.016451796
-0.016701547
-0.016951298
-0.017201049
-0.01578513
-0.016034881
-0.016284632
-0.016534383
-0.015118463
-0.015368214
-0.015617965
-0.015867716
-0.014451796
-0.014701547
-0.014951298
-0.015201049
-0.01378513
-0.014034881
-0.014284632
-0.014534383
-0.013118463
-0.013368214
-0.013617965
-0.013867716
-0.012451796
-0.012701547
-0.012951298
-0.013201049
-0.01178513
-0.012034881
-0.012284632
-0.012534383
-0.011118463
-0.011368214
-0.011617965
-0.011867716
-0.010451796
-0.010701547
-0.010951298
-0.011201049
-0.0097851296
-0.010034881
-0.010284632
-0.010534383
-0.0091184629
-0.009368214
-0.009617965
-0.0098677161
-0.0084517962
-0.0087015473
-0.0089512983
-0.0092010494
-0.0077851296
-0.0080348806
-0.0082846317
-0.0085343827
-0.0071184629
-0.007368214
-0.007617965
-0.0078677161
-0.0064517962
-0.0067015473
-0.0069512983
-0.0072010494
-0.0057851296
-0.0060348806
-0.0062846317
-0.0065343827
-0.0051184629
-0.005368214
-0.005617965
-0.0058677161
-0.0044517962
-0.0047015473
-0.0049512984
-0.0052010494
-0.0037851296
-0.0040348806
-0.0042846317
-0.0045343828
-0.0031184629
-0.003368214
-0.003617965
-0.0038677161
-0.0024517962
-0.0027015473
-0.0029512984
-0.0032010494
-0.0017851296
-0.0020348806
-0.0022846317
-0.0025343828
-0.0011184629
-0.001368214
-0.001617965
-0.0018677161
-0.016451796
-0.016701547
-0.016951298
-0.017201049
-0.01578513
-0.016034881
-0.016284632
-0.016534383
-0.015118463
-0.015368214
-0.015617965
-0.015867716
-0.014451796
-0.014701547
-0.014951298
-0.015201049
-0.01378513
-0.014034881
-0.014284632
-0.014534383
-0.013118463
-0.013368214
-0.013617965
-0.013867716
-0.012451796
-0.012701547
-0.012951298
-0.013201049
-0.01178513
-0.012034881
-0.012284632
-0.012534383
-0.011118463
-0.011368214
-0.011617965
-0.011867716
-0.010451796
-0.010701547
-0.010951298
-0.011201049
-0.0097851296
-0.010034881
-0.010284632
-0.010534383
-0.0091184629
-0.009368214
-0.009617965
-0.0098677161
-0.0084517962
-0.0087015473
-0.0089512983
-0.0092010494
-0.0077851296
-0.0080348806
-0.0082846317
-0.0085343827
-0.0071184629
-0.007368214
-0.007617965
-0.0078677161
-0.0064517962
-0.0067015473
-0.0069512983
-0.0072010494
-0.0057851296
-0.0060348806
-0.0062846317
-0.0065343827
-0.0051184629
-0.005368214
-0.005617965
-0.0058677161
-0.0044517962
-0.0047015473
-0.0049512983
-0.0052010494
-0.0037851296
-0.0040348806
-0.0042846317
-0.0045343827
-0.0031184629
-0.003368214
-0.003617965
-0.0038677161
-0.0024517962
-0.0027015473
-0.0029512983
-0.0032010494
-0.0017851296
-0.0020348806
-0.0022846317
-0.0025343827
-0.0011184629
-0.001368214
-0.001617965
-0.0018677161
-0.016451796
-0.016701547
-0.016951298
-0.017201049
-0.01578513
-0.016034881
-0.016284632
-0.016534383
-0.015118463
-0.015368214
-0.015617965
-0.015867716
-0.014451796
-0.014701547
-0.014951298
-0.015201049
-0.01378513
-0.014034881
-0.014284632
-0.014534383
-0.013118463
-0.013368214
-0.013617965
-0.013867716
-0.012451796
-0.012701547
-0.012951298
-0.013201049
-0.01178513
-0.012034881
-0.012284632
-0.012534383
-0.011118463
-0.011368214
-0.011617965
-0.011867716
-0.010451796
-0.010701547
-0.010951298
-0.011201049
-0.0097851296
-0.010034881
-0.010284632
-0.010534383
-0.0091184629
-0.009368214
-0.009617965
-0.0098677161
-0.0084517962
-0.0087015473
-0.0089512984
-0.0092010494
-0.0077851296
-0.0080348806
-0.0082846317
-0.0085343827
-0.0071184629
-0.007368214
-0.007617965
-0.0078677161
-0.0064517962
-0.0067015473
-0.0069512984
-0.0072010494
-0.0057851296
-0.0060348806
-0.0062846317
-0.0065343827
-0.0051184629
-0.005368214
-0.005617965
-0.0058677161
-0.0044517962
-0.0047015473
-0.0049512984
-0.0052010494
-0.0037851296
-0.0040348806
-0.0042846317
-0.0045343827
-0.0031184629
-0.003368214
-0.003617965
-0.0038677161
-0.0024517962
-0.0027015473
-0.0029512984
-0.0032010494
-0.0017851296
-0.0020348806
-0.0022846317
-0.0025343827
-0.0011184629
-0.001368214
-0.001617965
-0.0018677161
-0.016451796
-0.016701547
-0.016951298
-0.017201049
-0.01578513
-0.016034881
-0.016284632
-0.016534383
-0.015118463
-0.015368214
-0.015617965
-0.015867716
-0.014451796
-0.014701547
-0.014951298
-0.015201049
-0.01378513
-0.014034881
-0.014284632
-0.014534383
-0.013118463
-0.013368214
-0.013617965
-0.013867716
-0.012451796
-0.012701547
-0.012951298
-0.013201049
-0.01178513
-0.012034881
-0.012284632
-0.012534383
-0.011118463
-0.011368214
-0.011617965
-0.011867716
-0.010451796
-0.010701547
-0.010951298
-0.011201049
-0.0097851296
-0.010034881
-0.010284632
-0.010534383
-0.0091184629
-0.009368214
-0.009617965
-0.0098677161
-0.0084517962
-0.0087015473
-0.0089512983
-0.0092010494
-0.0077851296
-0.0080348806
-0.0082846317
-0.0085343827
-0.0071184629
-0.007368214
-0.007617965
-0.0078677161
-0.0064517962
-0.0067015473
-0.0069512983
-0.0072010494
-0.0057851296
-0.0060348806
-0.0062846317
-0.0065343827
-0.0051184629
-0.005368214
-0.005617965
-0.0058677161
-0.0044517962
-0.0047015473
-0.0049512983
-0.0052010494
-0.0037851296
-0.0040348806
-0.0042846317
-0.0045343827
-0.0031184629
-0.003368214
-0.003617965
-0.0038677161
-0.0024517962
-0.0027015473
-0.0029512983
-0.0032010494
-0.0017851296
-0.0020348806
-0.0022846317
-0.0025343827
-0.0011184629
-0.001368214
-0.001617965
-0.0018677161
-0.016451796
-0.016701547
-0.016951298
-0.017201049
-0.01578513
-0.016034881
-0.016284632
-0.016534383
-0.015118463
-0.015368214
-0.015617965
-0.015867716
-0.014451796
-0.014701547
-0.014951298
-0.015201049
-0.01378513
-0.014034881
-0.014284632
-0.014534383
-0.013118463
-0.013368214
-0.013617965
-0.013867716
-0.012451796
-0.012701547
-0.012951298
-0.013201049
-0.01178513
-0.012034881
-0.012284632
-0.012534383
-0.011118463
-0.011368214
-0.011617965
-0.011867716
-0.010451796
-0.010701547
-0.010951298
-0.011201049
-0.0097851296
-0.010034881
-0.010284632
-0.010534383
-0.0091184629
-0.009368214
-0.009617965
-0.0098677161
-0.0084517962
-0.0087015473
-0.0089512984
-0.0092010494
-0.0077851296
-0.0080348806
-0.0082846317
-0.0085343827
-0.0071184629
-0.007368214
-0.007617965
-0.0078677161
-0.0064517962
-0.0067015473
-0.0069512984
-0.0072010494
-0.0057851296
-0.0060348806
-0.0062846317
-0.0065343827
-0.0051184629
-0.005368214
-0.005617965
-0.0058677161
-0.0044517962
-0.0047015473
-0.0049512984
-0.0052010494
-0.0037851296
-0.0040348806
-0.0042846317
-0.0045343827
-0.0031184629
-0.003368214
-0.003617965
-0.0038677161
-0.0024517962
-0.0027015473
-0.0029512984
-0.0032010494
-0.0017851296
-0.0020348806
-0.0022846317
-0.0025343827
-0.0011184629
-0.001368214
-0.001617965
-0.0018677161
-0.016451796
-0.016701547
-0.016951298
-0.017201049
-0.01578513
-0.016034881
-0.016284632
-0.016534383
-0.015118463
-0.015368214
-0.015617965
-0.015867716
-0.014451796
-0.014701547
-0.014951298
-0.015201049
-0.01378513
-0.014034881
-0.014284632
-0.014534383
-0.013118463
-0.013368214
-0.013617965
-0.013867716
-0.012451796
-0.012701547
-0.012951298
-0.013201049
-0.01178513
-0.012034881
-0.012284632
-0.012534383
-0.011118463
-0.011368214
-0.011617965
-0.011867716
-0.010451796
-0.010701547
-0.010951298
-0.011201049
-0.0097851296
-0.010034881
-0.010284632
-0.010534383
-0.0091184629
-0.009368214
-0.009617965
-0.0098677161
-0.0084517962
-0.0087015473
-0.0089512983
-0.0092010494
-0.0077851296
-0.0080348806
-0.0082846317
-0.0085343828
-0.0071184629
-0.007368214
-0.007617965
-0.0078677161
-0.0064517962
-0.0067015473
-0.0069512983
-0.0072010494
-0.0057851296
-0.0060348806
-0.0062846317
-0.0065343828
-0.0051184629
-0.005368214
-0.005617965
-0.0058677161
-0.0044517962
-0.0047015473
-0.0049512983
-0.0052010494
-0.0037851296
-0.0040348806
-0.0042846317
-0.0045343828
-0.0031184629
-0.003368214
-0.003617965
-0.0038677161
-0.0024517962
-0.0027015473
-0.0029512983
-0.0032010494
-0.0017851296
-0.0020348806
-0.0022846317
-0.0025343828
-0.0011184629
-0.001368214
-0.001617965
-0.0018677161
-0.016451796
-0.016701547
-0.016951298
-0.017201049
-0.01578513
-0.016034881
-0.016284632
-0.016534383
-0.015118463
-0.015368214
-0.015617965
-0.015867716
-0.014451796
-0.014701547
-0.014951298
-0.015201049
-0.01378513
-0.014034881
-0.014284632
-0.014534383
-0.013118463
-0.013368214
-0.013617965
-0.013867716
-0.012451796
-0.012701547
-0.012951298
-0.013201049
-0.01178513
-0.012034881
-0.012284632
-0.012534383
-0.011118463
-0.011368214
-0.011617965
-0.011867716
-0.010451796
-0.010701547
-0.010951298
-0.011201049
-0.0097851296
-0.010034881
-0.010284632
-0.010534383
-0.0091184629
-0.009368214
-0.009617965
-0.0098677161
-0.0084517962
-0.0087015473
-0.0089512983
-0.0092010494
-0.0077851296
-0.0080348806
-0.0082846317
-0.0085343827
-0.0071184629
-0.007368214
-0.007617965
-0.0078677161
-0.0064517962
-0.0067015473
-0.0069512983
-0.0072010494
-0.0057851296
-0.0060348806
-0.0062846317
-0.0065343827
-0.0051184629
-0.005368214
-0.005617965
-0.0058677161
-0.0044517962
-0.0047015473
-0.0049512984
-0.0052010494
-0.0037851296
-0.0040348806
-0.0042846317
-0.0045343827
-0.0031184629
-0.0033682139
-0.003617965
-0.0038677161
-0.0024517962
-0.0027015473
-0.0029512983
-0.0032010494
-0.0017851296
-0.0020348806
-0.0022846317
-0.0025343827
-0.0011184629
-0.001368214
-0.001617965
-0.0018677161
-0.016451796
-0.016701547
-0.016951298
-0.017201049
-0.01578513
-0.016034881
-0.016284632
-0.016534383
-0.015118463
-0.015368214
-0.015617965
-0.015867716
-0.014451796
-0.014701547
-0.014951298
-0.015201049
-0.01378513
-0.014034881
-0.014284632
-0.014534383
-0.013118463
-0.013368214
-0.013617965
-0.013867716
-0.012451796
-0.012701547
-0.012951298
-0.013201049
-0.01178513
-0.012034881
-0.012284632
-0.012534383
-0.011118463
-0.011368214
-0.011617965
-0.011867716
-0.010451796
-0.010701547
-0.010951298
-0.011201049
-0.0097851296
-0.010034881
-0.010284632
-0.010534383
-0.0091184629
-0.009368214
-0.009617965
-0.0098677161
-0.0084517962
-0.0087015473
-0.0089512984
-0.0092010494
-0.0077851296
-0.0080348806
-0.0082846317
-0.0085343827
-0.0071184629
-0.0073682139
-0.007617965
-0.0078677161
-0.0064517962
-0.0067015473
-0.0069512984
-0.0072010494
-0.0057851296
-0.0060348806
-0.0062846317
-0.0065343827
-0.0051184629
-0.0053682139
-0.005617965
-0.0058677161
-0.0044517962
-0.0047015473
-0.0049512983
-0.0052010494
-0.0037851296
-0.0040348806
-0.0042846317
-0.0045343828
-0.0031184629
-0.003368214
-0.003617965
-0.0038677161
-0.0024517962
-0.0027015473
-0.0029512984
-0.0032010494
-0.0017851296
-0.0020348806
-0.0022846317
-0.0025343828
-0.0011184629
-0.0013682139
-0.001617965
-0.0018677161
-0.016451796
-0.016701547
-0.016951298
-0.017201049
-0.01578513
-0.016034881
-0.016284632
-0.016534383
-0.015118463
-0.015368214
-0.015617965
-0.015867716
-0.014451796
-0.014701547
-0.014951298
-0.015201049
-0.01378513
-0.014034881
-0.014284632
-0.014534383
-0.013118463
-0.013368214
-0.013617965
-0.013867716
-0.012451796
-0.012701547
-0.012951298
-0.013201049
-0.01178513
-0.012034881
-0.012284632
-0.012534383
-0.011118463
-0.011368214
-0.011617965
-0.011867716
-0.010451796
-0.010701547
-0.010951298
-0.011201049
-0.0097851296
-0.010034881
-0.010284632
-0.010534383
-0.0091184629
-0.009368214
-0.009617965
-0.0098677161
-0.0084517962
-0.0087015473
-0.0089512983
-0.0092010494
-0.0077851296
-0.0080348806
-0.0082846317
-0.0085343828
-0.0071184629
-0.0073682139
-0.007617965
-0.0078677161
-0.0064517962
-0.0067015473
-0.0069512983
-0.0072010494
-0.0057851296
-0.0060348806
-0.0062846317
-0.0065343828
-0.0051184629
-0.0053682139
-0.005617965
-0.0058677161
-0.0044517962
-0.0047015473
-0.0049512984
-0.0052010494
-0.0037851296
-0.0040348806
-0.0042846317
-0.0045343828
-0.0031184629
-0.0033682139
-0.003617965
-0.0038677161
-0.0024517962
-0.0027015473
-0.0029512984
-0.0032010494
-0.0017851296
-0.0020348806
-0.0022846317
-0.0025343828
-0.0011184629
-0.0013682139
-0.001617965
-0.0018677161
-0.016451796
-0.016701547
-0.016951298
-0.017201049
-0.01578513
-0.016034881
-0.016284632
-0.016534383
-0.015118463
-0.015368214
-0.015617965
-0.015867716
-0.014451796
-0.014701547
-0.014951298
-0.015201049
-0.01378513
-0.014034881
-0.014284632
-0.014534383
-0.013118463
-0.013368214
-0.013617965
-0.013867716
-0.012451796
-0.012701547
-0.012951298
-0.013201049
-0.01178513
-0.012034881
-0.012284632
-0.012534383
-0.011118463
-0.011368214
-0.011617965
-0.011867716
-0.010451796
-0.010701547
-0.010951298
-0.011201049
-0.0097851296
-0.010034881
-0.010284632
-0.010534383
-0.0091184629
-0.0093682139
-0.009617965
-0.0098677161
-0.0084517962
-0.0087015473
-0.0089512984
-0.0092010494
-0.0077851296
-0.0080348806
-0.0082846317
-0.0085343827
-0.0071184629
-0.0073682139
-0.007617965
-0.0078677161
-0.0064517962
-0.0067015473
-0.0069512984
-0.0072010494
-0.0057851296
-0.0060348806
-0.0062846317
-0.0065343827
-0.0051184629
-0.0053682139
-0.005617965
-0.0058677161
-0.0044517962
-0.0047015473
-0.0049512984
-0.0052010494
-0.0037851296
-0.0040348806
-0.0042846317
-0.0045343827
-0.0031184629
-0.0033682139
-0.003617965
-0.0038677161
-0.0024517962
-0.0027015473
-0.0029512984
-0.0032010494
-0.0017851296
-0.0020348806
-0.0022846317
-0.0025343827
-0.0011184629
-0.0013682139
-0.001617965
-0.0018677161
-0.016451796
-0.016701547
-0.016951298
-0.017201049
-0.01578513
-0.016034881
-0.016284632
-0.016534383
-0.015118463
-0.015368214
-0.015617965
-0.015867716
-0.014451796
-0.014701547
-0.014951298
-0.015201049
-0.01378513
-0.014034881
-0.014284632
-0.014534383
-0.013118463
-0.013368214
-0.013617965
-0.013867716
-0.012451796
-0.012701547
-0.012951298
-0.013201049
-0.01178513
-0.012034881
-0.012284632
-0.012534383
-0.011118463
-0.011368214
-0.011617965
-0.011867716
-0.010451796
-0.010701547
-0.010951298
-0.011201049
-0.0097851296
-0.010034881
-0.010284632
-0.010534383
-0.0091184629
-0.009368214
-0.009617965
-0.0098677161
-0.0084517962
-0.0087015473
-0.0089512983
-0.0092010494
-0.0077851295
-0.0080348806
-0.0082846317
-0.0085343828
-0.0071184629
-0.007368214
-0.007617965
-0.0078677161
-0.0064517962
-0.0067015473
-0.0069512983
-0.0072010494
-0.0057851295
-0.0060348806
-0.0062846317
-0.0065343828
-0.0051184629
-0.005368214
-0.005617965
-0.0058677161
-0.0044517962
-0.0047015473
-0.0049512983
-0.0052010494
-0.0037851295
-0.0040348806
-0.0042846317
-0.0045343828
-0.0031184629
-0.003368214
-0.003617965
-0.0038677161
-0.0024517962
-0.0027015473
-0.0029512983
-0.0032010494
-0.0017851295
-0.0020348806
-0.0022846317
-0.0025343828
-0.0011184629
-0.001368214
-0.001617965
-0.0018677161
-0.016451796
-0.016701547
-0.016951298
-0.017201049
-0.01578513
-0.016034881
-0.016284632
-0.016534383
-0.015118463
-0.015368214
-0.015617965
-0.015867716
-0.014451796
-0.014701547
-0.014951298
-0.015201049
-0.01378513
-0.014034881
-0.014284632
-0.014534383
-0.013118463
-0.013368214
-0.013617965
-0.013867716
-0.012451796
-0.012701547
-0.012951298
-0.013201049
-0.01178513
-0.012034881
-0.012284632
-0.012534383
-0.011118463
-0.011368214
-0.011617965
-0.011867716
-0.010451796
-0.010701547
-0.010951298
-0.011201049
-0.0097851296
-0.010034881
-0.010284632
-0.010534383
-0.0091184629
-0.0093682139
-0.009617965
-0.0098677161
-0.0084517962
-0.0087015473
-0.0089512984
-0.0092010494
-0.0077851295
-0.0080348806
-0.0082846317
-0.0085343828
-0.0071184629
-0.0073682139
-0.007617965
-0.0078677161
-0.0064517962
-0.0067015473
-0.0069512984
-0.0072010494
-0.0057851295
-0.0060348806
-0.0062846317
-0.0065343828
-0.0051184629
-0.0053682139
-0.005617965
-0.0058677161
-0.0044517962
-0.0047015473
-0.0049512984
-0.0052010494
-0.0037851295
-0.0040348806
-0.0042846317
-0.0045343827
-0.0031184629
-0.0033682139
-0.003617965
-0.0038677161
-0.0024517962
-0.0027015473
-0.0029512984
-0.0032010494
-0.0017851295
-0.0020348806
-0.0022846317
-0.0025343828
-0.0011184629
-0.0013682139
-0.001617965
-0.0018677161
-0.016451796
-0.016701547
-0.016951298
-0.017201049
-0.01578513
-0.016034881
-0.016284632
-0.016534383
-0.015118463
-0.015368214
-0.015617965
-0.015867716
-0.014451796
-0.014701547
-0.014951298
-0.015201049
-0.01378513
-0.014034881
-0.014284632
-0.014534383
-0.013118463
-0.013368214
-0.013617965
-0.013867716
-0.012451796
-0.012701547
-0.012951298
-0.013201049
-0.01178513
-0.012034881
-0.012284632
-0.012534383
-0.011118463
-0.011368214
-0.011617965
-0.011867716
-0.010451796
-0.010701547
-0.010951298
-0.011201049
-0.0097851296
-0.010034881
-0.010284632
-0.010534383
-0.0091184629
-0.009368214
-0.009617965
-0.0098677161
-0.0084517962
-0.0087015473
-0.0089512983
-0.0092010494
-0.0077851295
-0.0080348806
-0.0082846317
-0.0085343828
-0.0071184629
-0.007368214
-0.007617965
-0.0078677161
-0.0064517962
-0.0067015473
-0.0069512983
-0.0072010494
-0.0057851295
-0.0060348806
-0.0062846317
-0.0065343828
-0.0051184629
-0.005368214
-0.005617965
-0.0058677161
-0.0044517962
-0.0047015473
-0.0049512983
-0.0052010494
-0.0037851295
-0.0040348806
-0.0042846317
-0.0045343828
-0.0031184629
-0.003368214
-0.003617965
-0.0038677161
-0.0024517962
-0.0027015473
-0.0029512983
-0.0032010494
-0.0017851295
-0.0020348806
-0.0022846317
-0.0025343828
-0.0011184629
-0.001368214
-0.001617965
-0.0018677161
-0.016451796
-0.016701547
-0.016951298
-0.017201049
-0.01578513
-0.016034881
-0.016284632
-0.016534383
-0.015118463
-0.015368214
-0.015617965
-0.015867716
-0.014451796
-0.014701547
-0.014951298
-0.015201049
-0.01378513
-0.014034881
-0.014284632
-0.014534383
-0.013118463
-0.013368214
-0.013617965
-0.013867716
-0.012451796
-0.012701547
-0.012951298
-0.013201049
-0.01178513
-0.012034881
-0.012284632
-0.012534383
-0.011118463
-0.011368214
-0.011617965
-0.011867716
-0.010451796
-0.010701547
-0.010951298
-0.011201049
-0.0097851295
-0.010034881
-0.010284632
-0.010534383
-0.0091184629
-0.0093682139
-0.009617965
-0.0098677161
-0.0084517962
-0.0087015473
-0.0089512984
-0.0092010494
-0.0077851295
-0.0080348806
-0.0082846317
-0.0085343828
-0.0071184629
-0.0073682139
-0.007617965
-0.0078677161
-0.0064517962
-0.0067015473
-0.0069512984
-0.0072010494
-0.0057851295
-0.0060348806
-0.0062846317
-0.0065343828
-0.0051184629
-0.0053682139
-0.005617965
-0.0058677161
-0.0044517962
-0.0047015473
-0.0049512984
-0.0052010494
-0.0037851295
-0.0040348806
-0.0042846317
-0.0045343828
-0.0031184629
-0.0033682139
-0.003617965
-0.0038677161
-0.0024517962
-0.0027015473
-0.0029512984
-0.0032010494
-0.0017851295
-0.0020348806
-0.0022846317
-0.0025343828
-0.0011184629
-0.0013682139
-0.001617965
-0.0018677161
-0.016451796
-0.016701547
-0.016951298
-0.017201049
-0.01578513
-0.016034881
-0.016284632
-0.016534383
-0.015118463
-0.015368214
-0.015617965
-0.015867716
-0.014451796
-0.014701547
-0.014951298
-0.015201049
-0.01378513
-0.014034881
-0.014284632
-0.014534383
-0.013118463
-0.013368214
-0.013617965
-0.013867716
-0.012451796
-0.012701547
-0.012951298
-0.013201049
-0.01178513
-0.012034881
-0.012284632
-0.012534383
-0.011118463
-0.011368214
-0.011617965
-0.011867716
-0.010451796
-0.010701547
-0.010951298
-0.011201049
-0.0097851295
-0.010034881
-0.010284632
-0.010534383
-0.0091184629
-0.009368214
-0.009617965
-0.0098677161
-0.0084517962
-0.0087015473
-0.0089512984
-0.0092010494
-0.0077851295
-0.0080348806
-0.0082846317
-0.0085343828
-0.0071184629
-0.007368214
-0.007617965
-0.0078677161
-0.0064517962
-0.0067015473
-0.0069512983
-0.0072010494
-0.0057851295
-0.0060348806
-0.0062846317
-0.0065343828
-0.0051184629
-0.005368214
-0.005617965
-0.0058677161
-0.0044517962
-0.0047015473
-0.0049512983
-0.0052010494
-0.0037851295
-0.0040348806
-0.0042846317
-0.0045343828
-0.0031184629
-0.0033682139
-0.003617965
-0.0038677161
-0.0024517962
-0.0027015473
-0.0029512984
-0.0032010494
-0.0017851295
-0.0020348806
-0.0022846317
-0.0025343828
-0.0011184629
-0.001368214
-0.001617965
-0.0018677161
-0.017368518
-0.017453703
-0.017538889
-0.017624074
-0.016701851
-0.016787036
-0.016872222
-0.016957407
-0.016035184
-0.01612037
-0.016205555
-0.016290741
-0.015368518
-0.015453703
-0.015538889
-0.015624074
-0.014701851
-0.014787036
-0.014872222
-0.014957407
-0.014035184
-0.01412037
-0.014205555
-0.014290741
-0.013368518
-0.013453703
-0.013538889
-0.013624074
-0.012701851
-0.012787036
-0.012872222
-0.012957407
-0.012035184
-0.01212037
-0.012205555
-0.012290741
-0.011368518
-0.011453703
-0.011538889
-0.011624074
-0.010701851
-0.010787036
-0.010872222
-0.010957407
-0.010035184
-0.01012037
-0.010205555
-0.010290741
-0.0093685176
-0.0094537031
-0.0095388885
-0.0096240739
-0.008701851
-0.0087870364
-0.0088722218
-0.0089574073
-0.0080351843
-0.0081203697
-0.0082055552
-0.0082907406
-0.0073685176
-0.0074537031
-0.0075388885
-0.0076240739
-0.006701851
-0.0067870364
-0.0068722218
-0.0069574073
-0.0060351843
-0.0061203697
-0.0062055552
-0.0062907406
-0.0053685176
-0.0054537031
-0.0055388885
-0.005624074
-0.004701851
-0.0047870364
-0.0048722218
-0.0049574073
-0.0040351843
-0.0041203697
-0.0042055552
-0.0042907406
-0.0033685176
-0.0034537031
-0.0035388885
-0.003624074
-0.002701851
-0.0027870364
-0.0028722218
-0.0029574073
-0.0020351843
-0.0021203697
-0.0022055552
-0.0022907406
-0.017368518
-0.017453703
-0.017538889
-0.017624074
-0.016701851
-0.016787036
-0.016872222
-0.016957407
-0.016035184
-0.01612037
-0.016205555
-0.016290741
-0.015368518
-0.015453703
-0.015538889
-0.015624074
-0.014701851
-0.014787036
-0.014872222
-0.014957407
-0.014035184
-0.01412037
-0.014205555
-0.014290741
-0.013368518
-0.013453703
-0.013538889
-0.013624074
-0.012701851
-0.012787036
-0.012872222
-0.012957407
-0.012035184
-0.01212037
-0.012205555
-0.012290741
-0.011368518
-0.011453703
-0.011538889
-0.011624074
-0.010701851
-0.010787036
-0.010872222
-0.010957407
-0.010035184
-0.01012037
-0.010205555
-0.010290741
-0.0093685176
-0.0094537031
-0.0095388885
-0.0096240739
-0.008701851
-0.0087870364
-0.0088722218
-0.0089574073
-0.0080351843
-0.0081203697
-0.0082055552
-0.0082907406
-0.0073685176
-0.0074537031
-0.0075388885
-0.0076240739
-0.006701851
-0.0067870364
-0.0068722218
-0.0069574073
-0.0060351843
-0.0061203697
-0.0062055552
-0.0062907406
-0.0053685176
-0.0054537031
-0.0055388885
-0.0056240739
-0.004701851
-0.0047870364
-0.0048722219
-0.0049574073
-0.0040351843
-0.0041203697
-0.0042055552
-0.0042907406
-0.0033685176
-0.0034537031
-0.0035388885
-0.0036240739
-0.002701851
-0.0027870364
-0.0028722218
-0.0029574073
-0.0020351843
-0.0021203697
-0.0022055552
-0.0022907406
-0.017368518
-0.017453703
-0.017538889
-0.017624074
-0.016701851
-0.016787036
-0.016872222
-0.016957407
-0.016035184
-0.01612037
-0.016205555
-0.016290741
-0.015368518
-0.015453703
-0.015538889
-0.015624074
-0.014701851
-0.014787036
-0.014872222
-0.014957407
-0.014035184
-0.01412037
-0.014205555
-0.014290741
-0.013368518
-0.013453703
-0.013538889
-0.013624074
-0.012701851
-0.012787036
-0.012872222
-0.012957407
-0.012035184
-0.01212037
-0.012205555
-0.012290741
-0.011368518
-0.011453703
-0.011538889
-0.011624074
-0.010701851
-0.010787036
-0.010872222
-0.010957407
-0.010035184
-0.01012037
-0.010205555
-0.010290741
-0.0093685176
-0.0094537031
-0.0095388885
-0.0096240739
-0.008701851
-0.0087870364
-0.0088722218
-0.0089574073
-0.0080351843
-0.0081203697
-0.0082055552
-0.0082907406
-0.0073685176
-0.0074537031
-0.0075388885
-0.0076240739
-0.006701851
-0.0067870364
-0.0068722218
-0.0069574073
-0.0060351843
-0.0061203697
-0.0062055552
-0.0062907406
-0.0053685176
-0.0054537031
-0.0055388885
-0.005624074
-0.004701851
-0.0047870364
-0.0048722218
-0.0049574073
-0.0040351843
-0.0041203697
-0.0042055552
-0.0042907406
-0.0033685176
-0.0034537031
-0.0035388885
-0.003624074
-0.002701851
-0.0027870364
-0.0028722219
-0.0029574073
-0.0020351843
-0.0021203697
-0.0022055552
-0.0022907406
-0.017368518
-0.017453703
-0.017538889
-0.017624074
-0.016701851
-0.016787036
-0.016872222
-0.016957407
-0.016035184
-0.01612037
-0.016205555
-0.016290741
-0.015368518
-0.015453703
-0.015538889
-0.015624074
-0.014701851
-0.014787036
-0.014872222
-0.014957407
-0.014035184
-0.01412037
-0.014205555
-0.014290741
-0.013368518
-0.013453703
-0.013538889
-0.013624074
-0.012701851
-0.012787036
-0.012872222
-0.012957407
-0.012035184
-0.01212037
-0.012205555
-0.012290741
-0.011368518
-0.011453703
-0.011538889
-0.011624074
-0.010701851
-0.010787036
-0.010872222
-0.010957407
-0.010035184
-0.01012037
-0.010205555
-0.010290741
-0.0093685176
-0.0094537031
-0.0095388885
-0.0096240739
-0.008701851
-0.0087870364
-0.0088722218
-0.0089574073
-0.0080351843
-0.0081203697
-0.0082055552
-0.0082907406
-0.0073685176
-0.0074537031
-0.0075388885
-0.0076240739
-0.006701851
-0.0067870364
-0.0068722218
-0.0069574073
-0.0060351843
-0.0061203697
-0.0062055552
-0.0062907406
-0.0053685176
-0.0054537031
-0.0055388885
-0.005624074
-0.004701851
-0.0047870364
-0.0048722218
-0.0049574073
-0.0040351843
-0.0041203697
-0.0042055552
-0.0042907406
-0.0033685176
-0.0034537031
-0.0035388885
-0.003624074
-0.002701851
-0.0027870364
-0.0028722218
-0.0029574073
-0.0020351843
-0.0021203697
-0.0022055552
-0.0022907406
-0.017368518
-0.017453703
-0.017538889
-0.017624074
-0.016701851
-0.016787036
-0.016872222
-0.016957407
-0.016035184
-0.01612037
-0.016205555
-0.016290741
-0.015368518
-0.015453703
-0.015538889
-0.015624074
-0.014701851
-0.014787036
-0.014872222
-0.014957407
-0.014035184
-0.01412037
-0.014205555
-0.014290741
-0.013368518
-0.013453703
-0.013538889
-0.013624074
-0.012701851
-0.012787036
-0.012872222
-0.012957407
-0.012035184
-0.01212037
-0.012205555
-0.012290741
-0.011368518
-0.011453703
-0.011538889
-0.011624074
-0.010701851
-0.010787036
-0.010872222
-0.010957407
-0.010035184
-0.01012037
-0.010205555
-0.010290741
-0.0093685176
-0.0094537031
-0.0095388885
-0.0096240739
-0.008701851
-0.0087870364
-0.0088722219
-0.0089574073
-0.0080351843
-0.0081203697
-0.0082055552
-0.0082907406
-0.0073685176
-0.0074537031
-0.0075388885
-0.0076240739
-0.006701851
-0.0067870364
-0.0068722219
-0.0069574073
-0.0060351843
-0.0061203697
-0.0062055552
-0.0062907406
-0.0053685176
-0.0054537031
-0.0055388885
-0.0056240739
-0.004701851
-0.0047870364
-0.0048722219
-0.0049574073
-0.0040351843
-0.0041203697
-0.0042055552
-0.0042907406
-0.0033685176
-0.0034537031
-0.0035388885
-0.0036240739
-0.002701851
-0.0027870364
-0.0028722219
-0.0029574073
-0.0020351843
-0.0021203697
-0.0022055552
-0.0022907406
-0.017368518
-0.017453703
-0.017538889
-0.017624074
-0.016701851
-0.016787036
-0.016872222
-0.016957407
-0.016035184
-0.01612037
-0.016205555
-0.016290741
-0.015368518
-0.015453703
-0.015538889
-0.015624074
-0.014701851
-0.014787036
-0.014872222
-0.014957407
-0.014035184
-0.01412037
-0.014205555
-0.014290741
-0.013368518
-0.013453703
-0.013538889
-0.013624074
-0.012701851
-0.012787036
-0.012872222
-0.012957407
-0.012035184
-0.01212037
-0.012205555
-0.012290741
-0.011368518
-0.011453703
-0.011538889
-0.011624074
-0.010701851
-0.010787036
-0.010872222
-0.010957407
-0.010035184
-0.01012037
-0.010205555
-0.010290741
-0.0093685176
-0.0094537031
-0.0095388885
-0.009624074
-0.008701851
-0.0087870364
-0.0088722218
-0.0089574073
-0.0080351843
-0.0081203697
-0.0082055552
-0.0082907406
-0.0073685176
-0.0074537031
-0.0075388885
-0.007624074
-0.006701851
-0.0067870364
-0.0068722218
-0.0069574073
-0.0060351843
-0.0061203697
-0.0062055552
-0.0062907406
-0.0053685176
-0.0054537031
-0.0055388885
-0.005624074
-0.004701851
-0.0047870364
-0.0048722218
-0.0049574073
-0.0040351843
-0.0041203697
-0.0042055552
-0.0042907406
-0.0033685176
-0.0034537031
-0.0035388885
-0.003624074
-0.002701851
-0.0027870364
-0.0028722219
-0.0029574073
-0.0020351843
-0.0021203697
-0.0022055552
-0.0022907406
-0.017368518
-0.017453703
-0.017538889
-0.017624074
-0.016701851
-0.016787036
-0.016872222
-0.016957407
-0.016035184
-0.01612037
-0.016205555
-0.016290741
-0.015368518
-0.015453703
-0.015538889
-0.015624074
-0.014701851
-0.014787036
-0.014872222
-0.014957407
-0.014035184
-0.01412037
-0.014205555
-0.014290741
-0.013368518
-0.013453703
-0.013538889
-0.013624074
-0.012701851
-0.012787036
-0.012872222
-0.012957407
-0.012035184
-0.01212037
-0.012205555
-0.012290741
-0.011368518
-0.011453703
-0.011538889
-0.011624074
-0.010701851
-0.010787036
-0.010872222
-0.010957407
-0.010035184
-0.01012037
-0.010205555
-0.010290741
-0.0093685176
-0.0094537031
-0.0095388885
-0.0096240739
-0.008701851
-0.0087870364
-0.0088722218
-0.0089574073
-0.0080351843
-0.0081203697
-0.0082055552
-0.0082907406
-0.0073685176
-0.0074537031
-0.0075388885
-0.0076240739
-0.006701851
-0.0067870364
-0.0068722218
-0.0069574073
-0.0060351843
-0.0061203697
-0.0062055552
-0.0062907406
-0.0053685176
-0.0054537031
-0.0055388885
-0.0056240739
-0.004701851
-0.0047870364
-0.0048722218
-0.0049574073
-0.0040351843
-0.0041203697
-0.0042055552
-0.0042907406
-0.0033685176
-0.0034537031
-0.0035388885
-0.0036240739
-0.002701851
-0.0027870364
-0.0028722218
-0.0029574073
-0.0020351843
-0.0021203697
-0.0022055552
-0.0022907406
-0.017368518
-0.017453703
-0.017538889
-0.017624074
-0.016701851
-0.016787036
-0.016872222
-0.016957407
-0.016035184
-0.01612037
-0.016205555
-0.016290741
-0.015368518
-0.015453703
-0.015538889
-0.015624074
-0.014701851
-0.014787036
-0.014872222
-0.014957407
-0.014035184
-0.01412037
-0.014205555
-0.014290741
-0.013368518
-0.013453703
-0.013538889
-0.013624074
-0.012701851
-0.012787036
-0.012872222
-0.012957407
-0.012035184
-0.01212037
-0.012205555
-0.012290741
-0.011368518
-0.011453703
-0.011538889
-0.011624074
-0.010701851
-0.010787036
-0.010872222
-0.010957407
-0.010035184
-0.01012037
-0.010205555
-0.010290741
-0.0093685176
-0.0094537031
-0.0095388885
-0.009624074
-0.008701851
-0.0087870364
-0.0088722218
-0.0089574073
-0.0080351843
-0.0081203697
-0.0082055552
-0.0082907406
-0.0073685176
-0.0074537031
-0.0075388885
-0.007624074
-0.006701851
-0.0067870364
-0.0068722218
-0.0069574073
-0.0060351843
-0.0061203697
-0.0062055552
-0.0062907406
-0.0053685176
-0.0054537031
-0.0055388885
-0.005624074
-0.004701851
-0.0047870364
-0.0048722219
-0.0049574073
-0.0040351843
-0.0041203697
-0.0042055552
-0.0042907406
-0.0033685176
-0.0034537031
-0.0035388885
-0.003624074
-0.002701851
-0.0027870364
-0.0028722218
-0.0029574073
-0.0020351843
-0.0021203697
-0.0022055552
-0.0022907406
-0.017368518
-0.017453703
-0.017538889
-0.017624074
-0.016701851
-0.016787036
-0.016872222
-0.016957407
-0.016035184
-0.01612037
-0.016205555
-0.016290741
-0.015368518
-0.015453703
-0.015538889
-0.015624074
-0.014701851
-0.014787036
-0.014872222
-0.014957407
-0.014035184
-0.01412037
-0.014205555
-0.014290741
-0.013368518
-0.013453703
-0.013538889
-0.013624074
-0.012701851
-0.012787036
-0.012872222
-0.012957407
-0.012035184
-0.01212037
-0.012205555
-0.012290741
-0.011368518
-0.011453703
-0.011538889
-0.011624074
-0.010701851
-0.010787036
-0.010872222
-0.010957407
-0.010035184
-0.01012037
-0.010205555
-0.010290741
-0.0093685176
-0.0094537031
-0.0095388885
-0.009624074
-0.008701851
-0.0087870364
-0.0088722218
-0.0089574073
-0.0080351843
-0.0081203697
-0.0082055552
-0.0082907406
-0.0073685176
-0.0074537031
-0.0075388885
-0.007624074
-0.006701851
-0.0067870364
-0.0068722219
-0.0069574073
-0.0060351843
-0.0061203697
-0.0062055552
-0.0062907406
-0.0053685176
-0.0054537031
-0.0055388885
-0.005624074
-0.004701851
-0.0047870364
-0.0048722218
-0.0049574073
-0.0040351843
-0.0041203697
-0.0042055552
-0.0042907406
-0.0033685176
-0.0034537031
-0.0035388885
-0.003624074
-0.002701851
-0.0027870364
-0.0028722219
-0.0029574073
-0.0020351843
-0.0021203697
-0.0022055552
-0.0022907406
-0.017368518
-0.017453703
-0.017538889
-0.017624074
-0.016701851
-0.016787036
-0.016872222
-0.016957407
-0.016035184
-0.01612037
-0.016205555
-0.016290741
-0.015368518
-0.015453703
-0.015538889
-0.015624074
-0.014701851
-0.014787036
-0.014872222
-0.014957407
-0.014035184
-0.01412037
-0.014205555
-0.014290741
-0.013368518
-0.013453703
-0.013538889
-0.013624074
-0.012701851
-0.012787036
-0.012872222
-0.012957407
-0.012035184
-0.01212037
-0.012205555
-0.012290741
-0.011368518
-0.011453703
-0.011538889
-0.011624074
-0.010701851
-0.010787036
-0.010872222
-0.010957407
-0.010035184
-0.01012037
-0.010205555
-0.010290741
-0.0093685176
-0.0094537031
-0.0095388885
-0.0096240739
-0.008701851
-0.0087870364
-0.0088722218
-0.0089574073
-0.0080351843
-0.0081203697
-0.0082055552
-0.0082907406
-0.0073685176
-0.0074537031
-0.0075388885
-0.0076240739
-0.006701851
-0.0067870364
-0.0068722218
-0.0069574073
-0.0060351843
-0.0061203697
-0.0062055552
-0.0062907406
-0.0053685176
-0.0054537031
-0.0055388885
-0.0056240739
-0.004701851
-0.0047870364
-0.0048722218
-0.0049574073
-0.0040351843
-0.0041203697
-0.0042055552
-0.0042907406
-0.0033685176
-0.0034537031
-0.0035388885
-0.0036240739
-0.002701851
-0.0027870364
-0.0028722218
-0.0029574073
-0.0020351843
-0.0021203697
-0.0022055552
-0.0022907406
-0.017368518
-0.017453703
-0.017538889
-0.017624074
-0.016701851
-0.016787036
-0.016872222
-0.016957407
-0.016035184
-0.01612037
-0.016205555
-0.016290741
-0.015368518
-0.015453703
-0.015538889
-0.015624074
-0.014701851
-0.014787036
-0.014872222
-0.014957407
-0.014035184
-0.01412037
-0.014205555
-0.014290741
-0.013368518
-0.013453703
-0.013538889
-0.013624074
-0.012701851
-0.012787036
-0.012872222
-0.012957407
-0.012035184
-0.01212037
-0.012205555
-0.012290741
-0.011368518
-0.011453703
-0.011538889
-0.011624074
-0.010701851
-0.010787036
-0.010872222
-0.010957407
-0.010035184
-0.01012037
-0.010205555
-0.010290741
-0.0093685176
-0.0094537031
-0.0095388885
-0.0096240739
-0.008701851
-0.0087870364
-0.0088722218
-0.0089574073
-0.0080351843
-0.0081203697
-0.0082055552
-0.0082907406
-0.0073685176
-0.0074537031
-0.0075388885
-0.0076240739
-0.006701851
-0.0067870364
-0.0068722218
-0.0069574073
-0.0060351843
-0.0061203697
-0.0062055552
-0.0062907406
-0.0053685176
-0.0054537031
-0.0055388885
-0.005624074
-0.004701851
-0.0047870364
-0.0048722218
-0.0049574073
-0.0040351843
-0.0041203697
-0.0042055552
-0.0042907406
-0.0033685176
-0.0034537031
-0.0035388885
-0.003624074
-0.002701851
-0.0027870364
-0.0028722218
-0.0029574073
-0.0020351843
-0.0021203697
-0.0022055552
-0.0022907406
-0.017368518
-0.017453703
-0.017538889
-0.017624074
-0.016701851
-0.016787036
-0.016872222
-0.016957407
-0.016035184
-0.01612037
-0.016205555
-0.016290741
-0.015368518
-0.015453703
-0.015538889
-0.015624074
-0.014701851
-0.014787036
-0.014872222
-0.014957407
-0.014035184
-0.01412037
-0.014205555
-0.014290741
-0.013368518
-0.013453703
-0.013538889
-0.013624074
-0.012701851
-0.012787036
-0.012872222
-0.012957407
-0.012035184
-0.01212037
-0.012205555
-0.012290741
-0.011368518
-0.011453703
-0.011538889
-0.011624074
-0.010701851
-0.010787036
-0.010872222
-0.010957407
-0.010035184
-0.01012037
-0.010205555
-0.010290741
-0.0093685176
-0.0094537031
-0.0095388885
-0.009624074
-0.008701851
-0.0087870364
-0.0088722218
-0.0089574073
-0.0080351843
-0.0081203697
-0.0082055552
-0.0082907406
-0.0073685176
-0.0074537031
-0.0075388885
-0.007624074
-0.006701851
-0.0067870364
-0.0068722219
-0.0069574073
-0.0060351843
-0.0061203697
-0.0062055552
-0.0062907406
-0.0053685176
-0.0054537031
-0.0055388885
-0.0056240739
-0.004701851
-0.0047870364
-0.0048722218
-0.0049574073
-0.0040351843
-0.0041203697
-0.0042055552
-0.0042907406
-0.0033685176
-0.0034537031
-0.0035388885
-0.0036240739
-0.002701851
-0.0027870364
-0.0028722219
-0.0029574073
-0.0020351843
-0.0021203697
-0.0022055552
-0.0022907406
-0.017368518
-0.017453703
-0.017538889
-0.017624074
-0.016701851
-0.016787036
-0.016872222
-0.016957407
-0.016035184
-0.01612037
-0.016205555
-0.016290741
-0.015368518
-0.015453703
-0.015538889
-0.015624074
-0.014701851
-0.014787036
-0.014872222
-0.014957407
-0.014035184
-0.01412037
-0.014205555
-0.014290741
-0.013368518
-0.013453703
-0.013538889
-0.013624074
-0.012701851
-0.012787036
-0.012872222
-0.012957407
-0.012035184
-0.01212037
-0.012205555
-0.012290741
-0.011368518
-0.011453703
-0.011538889
-0.011624074
-0.010701851
-0.010787036
-0.010872222
-0.010957407
-0.010035184
-0.01012037
-0.010205555
-0.010290741
-0.0093685176
-0.0094537031
-0.0095388885
-0.0096240739
-0.008701851
-0.0087870364
-0.0088722219
-0.0089574073
-0.0080351843
-0.0081203697
-0.0082055552
-0.0082907406
-0.0073685176
-0.0074537031
-0.0075388885
-0.007624074
-0.006701851
-0.0067870364
-0.0068722218
-0.0069574073
-0.0060351843
-0.0061203697
-0.0062055552
-0.0062907406
-0.0053685176
-0.0054537031
-0.0055388885
-0.005624074
-0.004701851
-0.0047870364
-0.0048722218
-0.0049574073
-0.0040351843
-0.0041203697
-0.0042055552
-0.0042907406
-0.0033685176
-0.0034537031
-0.0035388885
-0.003624074
-0.002701851
-0.0027870364
-0.0028722218
-0.0029574073
-0.0020351843
-0.0021203697
-0.0022055552
-0.0022907406
-0.017368518
-0.017453703
-0.017538889
-0.017624074
-0.016701851
-0.016787036
-0.016872222
-0.016957407
-0.016035184
-0.01612037
-0.016205555
-0.016290741
-0.015368518
-0.015453703
-0.015538889
-0.015624074
-0.014701851
-0.014787036
-0.014872222
-0.014957407
-0.014035184
-0.01412037
-0.014205555
-0.014290741
-0.013368518
-0.013453703
-0.013538889
-0.013624074
-0.012701851
-0.012787036
-0.012872222
-0.012957407
-0.012035184
-0.01212037
-0.012205555
-0.012290741
-0.011368518
-0.011453703
-0.011538889
-0.011624074
-0.010701851
-0.010787036
-0.010872222
-0.010957407
-0.010035184
-0.01012037
-0.010205555
-0.010290741
-0.0093685176
-0.0094537031
-0.0095388885
-0.0096240739
-0.008701851
-0.0087870364
-0.0088722218
-0.0089574073
-0.0080351843
-0.0081203697
-0.0082055552
-0.0082907406
-0.0073685176
-0.0074537031
-0.0075388885
-0.0076240739
-0.006701851
-0.0067870364
-0.0068722219
-0.0069574073
-0.0060351843
-0.0061203697
-0.0062055552
-0.0062907406
-0.0053685176
-0.0054537031
-0.0055388885
-0.005624074
-0.004701851
-0.0047870364
-0.0048722218
-0.0049574073
-0.0040351843
-0.0041203697
-0.0042055552
-0.0042907406
-0.0033685176
-0.0034537031
-0.0035388885
-0.003624074
-0.002701851
-0.0027870364
-0.0028722218
-0.0029574073
-0.0020351843
-0.0021203697
-0.0022055552
-0.0022907406
-0.017368518
-0.017453703
-0.017538889
-0.017624074
-0.016701851
-0.016787036
-0.016872222
-0.016957407
-0.016035184
-0.01612037
-0.016205555
-0.016290741
-0.015368518
-0.015453703
-0.015538889
-0.015624074
-0.014701851
-0.014787036
-0.014872222
-0.014957407
-0.014035184
-0.01412037
-0.014205555
-0.014290741
-0.013368518
-0.013453703
-0.013538889
-0.013624074
-0.012701851
-0.012787036
-0.012872222
-0.012957407
-0.012035184
-0.01212037
-0.012205555
-0.012290741
-0.011368518
-0.011453703
-0.011538889
-0.011624074
-0.010701851
-0.010787036
-0.010872222
-0.010957407
-0.010035184
-0.01012037
-0.010205555
-0.010290741
-0.0093685176
-0.0094537031
-0.0095388885
-0.0096240739
-0.008701851
-0.0087870364
-0.0088722218
-0.0089574073
-0.0080351843
-0.0081203697
-0.0082055552
-0.0082907406
-0.0073685176
-0.0074537031
-0.0075388885
-0.0076240739
-0.006701851
-0.0067870364
-0.0068722218
-0.0069574073
-0.0060351843
-0.0061203697
-0.0062055552
-0.0062907406
-0.0053685176
-0.0054537031
-0.0055388885
-0.0056240739
-0.004701851
-0.0047870364
-0.0048722218
-0.0049574073
-0.0040351843
-0.0041203697
-0.0042055552
-0.0042907406
-0.0033685176
-0.0034537031
-0.0035388885
-0.0036240739
-0.002701851
-0.0027870364
-0.0028722218
-0.0029574073
-0.0020351843
-0.0021203697
-0.0022055552
-0.0022907406
-0.017368518
-0.017453703
-0.017538889
-0.017624074
-0.016701851
-0.016787036
-0.016872222
-0.016957407
-0.016035184
-0.01612037
-0.016205555
-0.016290741
-0.015368518
-0.015453703
-0.015538889
-0.015624074
-0.014701851
-0.014787036
-0.014872222
-0.014957407
-0.014035184
-0.01412037
-0.014205555
-0.014290741
-0.013368518
-0.013453703
-0.013538889
-0.013624074
-0.012701851
-0.012787036
-0.012872222
-0.012957407
-0.012035184
-0.01212037
-0.012205555
-0.012290741
-0.011368518
-0.011453703
-0.011538889
-0.011624074
-0.010701851
-0.010787036
-0.010872222
-0.010957407
-0.010035184
-0.01012037
-0.010205555
-0.010290741
-0.0093685176
-0.0094537031
-0.0095388885
-0.009624074
-0.008701851
-0.0087870364
-0.0088722218
-0.0089574073
-0.0080351843
-0.0081203697
-0.0082055552
-0.0082907406
-0.0073685176
-0.0074537031
-0.0075388885
-0.007624074
-0.006701851
-0.0067870364
-0.0068722218
-0.0069574073
-0.0060351843
-0.0061203697
-0.0062055552
-0.0062907406
-0.0053685176
-0.0054537031
-0.0055388885
-0.005624074
-0.004701851
-0.0047870364
-0.0048722218
-0.0049574073
-0.0040351843
-0.0041203697
-0.0042055552
-0.0042907406
-0.0033685176
-0.0034537031
-0.0035388885
-0.003624074
-0.002701851
-0.0027870364
-0.0028722218
-0.0029574073
-0.0020351843
-0.0021203697
-0.0022055552
-0.0022907406
-0.017368518
-0.017453703
-0.017538889
-0.017624074
-0.016701851
-0.016787036
-0.016872222
-0.016957407
-0.016035184
-0.01612037
-0.016205555
-0.016290741
-0.015368518
-0.015453703
-0.015538889
-0.015624074
-0.014701851
-0.014787036
-0.014872222
-0.014957407
-0.014035184
-0.01412037
-0.014205555
-0.014290741
-0.013368518
-0.013453703
-0.013538889
-0.013624074
-0.012701851
-0.012787036
-0.012872222
-0.012957407
-0.012035184
-0.01212037
-0.012205555
-0.012290741
-0.011368518
-0.011453703
-0.011538889
-0.011624074
-0.010701851
-0.010787036
-0.010872222
-0.010957407
-0.010035184
-0.01012037
-0.010205555
-0.010290741
-0.0093685176
-0.0094537031
-0.0095388885
-0.009624074
-0.008701851
-0.0087870364
-0.0088722218
-0.0089574073
-0.0080351843
-0.0081203697
-0.0082055552
-0.0082907406
-0.0073685176
-0.0074537031
-0.0075388885
-0.007624074
-0.006701851
-0.0067870364
-0.0068722218
-0.0069574073
-0.0060351843
-0.0061203697
-0.0062055552
-0.0062907406
-0.0053685176
-0.0054537031
-0.0055388885
-0.005624074
-0.004701851
-0.0047870364
-0.0048722218
-0.0049574073
-0.0040351843
-0.0041203697
-0.0042055552
-0.0042907406
-0.0033685176
-0.0034537031
-0.0035388885
-0.003624074
-0.002701851
-0.0027870364
-0.0028722219
-0.0029574073
-0.0020351843
-0.0021203697
-0.0022055552
-0.0022907406
-0.017368518
-0.017453703
-0.017538889
-0.017624074
-0.016701851
-0.016787036
-0.016872222
-0.016957407
-0.016035184
-0.01612037
-0.016205555
-0.016290741
-0.015368518
-0.015453703
-0.015538889
-0.015624074
-0.014701851
-0.014787036
-0.014872222
-0.014957407
-0.014035184
-0.01412037
-0.014205555
-0.014290741
-0.013368518
-0.013453703
-0.013538889
-0.013624074
-0.012701851
-0.012787036
-0.012872222
-0.012957407
-0.012035184
-0.01212037
-0.012205555
-0.012290741
-0.011368518
-0.011453703
-0.011538889
-0.011624074
-0.010701851
-0.010787036
-0.010872222
-0.010957407
-0.010035184
-0.01012037
-0.010205555
-0.010290741
-0.0093685176
-0.0094537031
-0.0095388885
-0.0096240739
-0.008701851
-0.0087870364
-0.0088722218
-0.0089574073
-0.0080351843
-0.0081203697
-0.0082055552
-0.0082907406
-0.0073685176
-0.0074537031
-0.0075388885
-0.0076240739
-0.006701851
-0.0067870364
-0.0068722218
-0.0069574073
-0.0060351843
-0.0061203697
-0.0062055552
-0.0062907406
-0.0053685176
-0.0054537031
-0.0055388885
-0.0056240739
-0.004701851
-0.0047870364
-0.0048722218
-0.0049574073
-0.0040351843
-0.0041203697
-0.0042055552
-0.0042907406
-0.0033685176
-0.0034537031
-0.0035388885
-0.0036240739
-0.002701851
-0.0027870364
-0.0028722218
-0.0029574073
-0.0020351843
-0.0021203697
-0.0022055552
-0.0022907406
-0.017368518
-0.017453703
-0.017538889
-0.017624074
-0.016701851
-0.016787036
-0.016872222
-0.016957407
-0.016035184
-0.01612037
-0.016205555
-0.016290741
-0.015368518
-0.015453703
-0.015538889
-0.015624074
-0.014701851
-0.014787036
-0.014872222
-0.014957407
-0.014035184
-0.01412037
-0.014205555
-0.014290741
-0.013368518
-0.013453703
-0.013538889
-0.013624074
-0.012701851
-0.012787036
-0.012872222
-0.012957407
-0.012035184
-0.01212037
-0.012205555
-0.012290741
-0.011368518
-0.011453703
-0.011538889
-0.011624074
-0.010701851
-0.010787036
-0.010872222
-0.010957407
-0.010035184
-0.01012037
-0.010205555
-0.010290741
-0.0093685176
-0.0094537031
-0.0095388885
-0.009624074
-0.008701851
-0.0087870364
-0.0088722218
-0.0089574073
-0.0080351843
-0.0081203697
-0.0082055552
-0.0082907406
-0.0073685176
-0.0074537031
-0.0075388885
-0.007624074
-0.006701851
-0.0067870364
-0.0068722218
-0.0069574073
-0.0060351843
-0.0061203697
-0.0062055552
-0.0062907406
-0.0053685176
-0.0054537031
-0.0055388885
-0.005624074
-0.004701851
-0.0047870364
-0.0048722218
-0.0049574073
-0.0040351843
-0.0041203697
-0.0042055552
-0.0042907406
-0.0033685176
-0.0034537031
-0.0035388885
-0.003624074
-0.002701851
-0.0027870364
-0.0028722218
-0.0029574073
-0.0020351843
-0.0021203697
-0.0022055552
-0.0022907406
-0.017368518
-0.017453703
-0.017538889
-0.017624074
-0.016701851
-0.016787036
-0.016872222
-0.016957407
-0.016035184
-0.01612037
-0.016205555
-0.016290741
-0.015368518
-0.015453703
-0.015538889
-0.015624074
-0.014701851
-0.014787036
-0.014872222
-0.014957407
-0.014035184
-0.01412037
-0.014205555
-0.014290741
-0.013368518
-0.013453703
-0.013538889
-0.013624074
-0.012701851
-0.012787036
-0.012872222
-0.012957407
-0.012035184
-0.01212037
-0.012205555
-0.012290741
-0.011368518
-0.011453703
-0.011538889
-0.011624074
-0.010701851
-0.010787036
-0.010872222
-0.010957407
-0.010035184
-0.01012037
-0.010205555
-0.010290741
-0.0093685176
-0.0094537031
-0.0095388885
-0.009624074
-0.008701851
-0.0087870364
-0.0088722218
-0.0089574073
-0.0080351843
-0.0081203697
-0.0082055552
-0.0082907406
-0.0073685176
-0.0074537031
-0.0075388885
-0.007624074
-0.006701851
-0.0067870364
-0.0068722219
-0.0069574073
-0.0060351843
-0.0061203697
-0.0062055552
-0.0062907406
-0.0053685176
-0.0054537031
-0.0055388885
-0.0056240739
-0.004701851
-0.0047870364
-0.0048722218
-0.0049574073
-0.0040351843
-0.0041203697
-0.0042055552
-0.0042907406
-0.0033685176
-0.0034537031
-0.0035388885
-0.0036240739
-0.002701851
-0.0027870364
-0.0028722218
-0.0029574073
-0.0020351843
-0.0021203697
-0.0022055552
-0.0022907406
-0.017368518
-0.017453703
-0.017538889
-0.017624074
-0.016701851
-0.016787036
-0.016872222
-0.016957407
-0.016035184
-0.01612037
-0.016205555
-0.016290741
-0.015368518
-0.015453703
-0.015538889
-0.015624074
-0.014701851
-0.014787036
-0.014872222
-0.014957407
-0.014035184
-0.01412037
-0.014205555
-0.014290741
-0.013368518
-0.013453703
-0.013538889
-0.013624074
-0.012701851
-0.012787036
-0.012872222
-0.012957407
-0.012035184
-0.01212037
-0.012205555
-0.012290741
-0.011368518
-0.011453703
-0.011538889
-0.011624074
-0.010701851
-0.010787036
-0.010872222
-0.010957407
-0.010035184
-0.01012037
-0.010205555
-0.010290741
-0.0093685176
-0.0094537031
-0.0095388885
-0.0096240739
-0.008701851
-0.0087870364
-0.0088722219
-0.0089574073
-0.0080351843
-0.0081203697
-0.0082055552
-0.0082907406
-0.0073685176
-0.0074537031
-0.0075388885
-0.0076240739
-0.006701851
-0.0067870364
-0.0068722218
-0.0069574073
-0.0060351843
-0.0061203697
-0.0062055552
-0.0062907406
-0.0053685176
-0.0054537031
-0.0055388885
-0.005624074
-0.004701851
-0.0047870364
-0.0048722218
-0.0049574073
-0.0040351843
-0.0041203697
-0.0042055552
-0.0042907406
-0.0033685176
-0.0034537031
-0.0035388885
-0.003624074
-0.002701851
-0.0027870364
-0.0028722218
-0.0029574073
-0.0020351843
-0.0021203697
-0.0022055552
-0.0022907406
-0.017368518
-0.017453703
-0.017538889
-0.017624074
-0.016701851
-0.016787036
-0.016872222
-0.016957407
-0.016035184
-0.01612037
-0.016205555
-0.016290741
-0.015368518
-0.015453703
-0.015538889
-0.015624074
-0.014701851
-0.014787036
-0.014872222
-0.014957407
-0.014035184
-0.01412037
-0.014205555
-0.014290741
-0.013368518
-0.013453703
-0.013538889
-0.013624074
-0.012701851
-0.012787036
-0.012872222
-0.012957407
-0.012035184
-0.01212037
-0.012205555
-0.012290741
-0.011368518
-0.011453703
-0.011538889
-0.011624074
-0.010701851
-0.010787036
-0.010872222
-0.010957407
-0.010035184
-0.01012037
-0.010205555
-0.010290741
-0.0093685176
-0.0094537031
-0.0095388885
-0.009624074
-0.008701851
-0.0087870364
-0.0088722218
-0.0089574073
-0.0080351843
-0.0081203697
-0.0082055552
-0.0082907406
-0.0073685176
-0.0074537031
-0.0075388885
-0.007624074
-0.006701851
-0.0067870364
-0.0068722218
-0.0069574073
-0.0060351843
-0.0061203697
-0.0062055552
-0.0062907406
-0.0053685176
-0.0054537031
-0.0055388885
-0.005624074
-0.004701851
-0.0047870364
-0.0048722218
-0.0049574073
-0.0040351843
-0.0041203697
-0.0042055552
-0.0042907406
-0.0033685176
-0.0034537031
-0.0035388885
-0.003624074
-0.002701851
-0.0027870364
-0.0028722218
-0.0029574073
-0.0020351843
-0.0021203697
-0.0022055552
-0.0022907406
-0.017368518
-0.017453703
-0.017538889
-0.017624074
-0.016701851
-0.016787036
-0.016872222
-0.016957407
-0.016035184
-0.01612037
-0.016205555
-0.016290741
-0.015368518
-0.015453703
-0.015538889
-0.015624074
-0.014701851
-0.014787036
-0.014872222
-0.014957407
-0.014035184
-0.01412037
-0.014205555
-0.014290741
-0.013368518
-0.013453703
-0.013538889
-0.013624074
-0.012701851
-0.012787036
-0.012872222
-0.012957407
-0.012035184
-0.01212037
-0.012205555
-0.012290741
-0.011368518
-0.011453703
-0.011538889
-0.011624074
-0.010701851
-0.010787036
-0.010872222
-0.010957407
-0.010035184
-0.01012037
-0.010205555
-0.010290741
-0.0093685176
-0.0094537031
-0.0095388885
-0.0096240739
-0.008701851
-0.0087870364
-0.0088722218
-0.0089574073
-0.0080351843
-0.0081203697
-0.0082055552
-0.0082907406
-0.0073685176
-0.0074537031
-0.0075388885
-0.0076240739
-0.006701851
-0.0067870364
-0.0068722218
-0.0069574073
-0.0060351843
-0.0061203697
-0.0062055552
-0.0062907406
-0.0053685176
-0.0054537031
-0.0055388885
-0.0056240739
-0.004701851
-0.0047870364
-0.0048722218
-0.0049574073
-0.0040351843
-0.0041203697
-0.0042055552
-0.0042907406
-0.0033685176
-0.0034537031
-0.0035388885
-0.0036240739
-0.002701851
-0.0027870364
-0.0028722218
-0.0029574073
-0.0020351843
-0.0021203697
-0.0022055552
-0.0022907406
-0.017368518
-0.017453703
-0.017538889
-0.017624074
-0.016701851
-0.016787036
-0.016872222
-0.016957407
-0.016035184
-0.01612037
-0.016205555
-0.016290741
-0.015368518
-0.015453703
-0.015538889
-0.015624074
-0.014701851
-0.014787036
-0.014872222
-0.014957407
-0.014035184
-0.01412037
-0.014205555
-0.014290741
-0.013368518
-0.013453703
-0.013538889
-0.013624074
-0.012701851
-0.012787036
-0.012872222
-0.012957407
-0.012035184
-0.01212037
-0.012205555
-0.012290741
-0.011368518
-0.011453703
-0.011538889
-0.011624074
-0.010701851
-0.010787036
-0.010872222
-0.010957407
-0.010035184
-0.01012037
-0.010205555
-0.010290741
-0.0093685176
-0.0094537031
-0.0095388885
-0.009624074
-0.008701851
-0.0087870364
-0.0088722218
-0.0089574073
-0.0080351843
-0.0081203697
-0.0082055552
-0.0082907406
-0.0073685176
-0.0074537031
-0.0075388885
-0.007624074
-0.006701851
-0.0067870364
-0.0068722218
-0.0069574073
-0.0060351843
-0.0061203697
-0.0062055552
-0.0062907406
-0.0053685176
-0.0054537031
-0.0055388885
-0.005624074
-0.004701851
-0.0047870364
-0.0048722218
-0.0049574073
-0.0040351843
-0.0041203697
-0.0042055552
-0.0042907406
-0.0033685176
-0.0034537031
-0.0035388885
-0.003624074
-0.002701851
-0.0027870364
-0.0028722218
-0.0029574073
-0.0020351843
-0.0021203697
-0.0022055552
-0.0022907406
-0.017624074
-0.017538889
-0.017453703
-0.017368518
-0.016957407
-0.016872222
-0.016787036
-0.016701851
-0.016290741
-0.016205555
-0.01612037
-0.016035184
-0.015624074
-0.015538889
-0.015453703
-0.015368518
-0.014957407
-0.014872222
-0.014787036
-0.014701851
-0.014290741
-0.014205555
-0.01412037
-0.014035184
-0.013624074
-0.013538889
-0.013453703
-0.013368518
-0.012957407
-0.012872222
-0.012787036
-0.012701851
-0.012290741
-0.012205555
-0.01212037
-0.012035184
-0.011624074
-0.011538889
-0.011453703
-0.011368518
-0.010957407
-0.010872222
-0.010787036
-0.010701851
-0.010290741
-0.010205555
-0.01012037
-0.010035184
-0.0096240739
-0.0095388885
-0.0094537031
-0.0093685176
-0.0089574073
-0.0088722218
-0.0087870364
-0.008701851
-0.0082907406
-0.0082055552
-0.0081203697
-0.0080351843
-0.0076240739
-0.0075388885
-0.0074537031
-0.0073685176
-0.0069574073
-0.0068722218
-0.0067870364
-0.006701851
-0.0062907406
-0.0062055552
-0.0061203697
-0.0060351843
-0.005624074
-0.0055388885
-0.0054537031
-0.0053685176
-0.0049574073
-0.0048722218
-0.0047870364
-0.004701851
-0.0042907406
-0.0042055552
-0.0041203697
-0.0040351843
-0.003624074
-0.0035388885
-0.0034537031
-0.0033685176
-0.0029574073
-0.0028722218
-0.0027870364
-0.002701851
-0.0022907406
-0.0022055552
-0.0021203697
-0.0020351843
-0.017624074
-0.017538889
-0.017453703
-0.017368518
-0.016957407
-0.016872222
-0.016787036
-0.016701851
-0.016290741
-0.016205555
-0.01612037
-0.016035184
-0.015624074
-0.015538889
-0.015453703
-0.015368518
-0.014957407
-0.014872222
-0.014787036
-0.014701851
-0.014290741
-0.014205555
-0.01412037
-0.014035184
-0.013624074
-0.013538889
-0.013453703
-0.013368518
-0.012957407
-0.012872222
-0.012787036
-0.012701851
-0.012290741
-0.012205555
-0.01212037
-0.012035184
-0.011624074
-0.011538889
-0.011453703
-0.011368518
-0.010957407
-0.010872222
-0.010787036
-0.010701851
-0.010290741
-0.010205555
-0.01012037
-0.010035184
-0.0096240739
-0.0095388885
-0.0094537031
-0.0093685176
-0.0089574073
-0.0088722218
-0.0087870364
-0.008701851
-0.0082907406
-0.0082055552
-0.0081203697
-0.0080351843
-0.0076240739
-0.0075388885
-0.0074537031
-0.0073685176
-0.0069574073
-0.0068722218
-0.0067870364
-0.006701851
-0.0062907406
-0.0062055552
-0.0061203697
-0.0060351843
-0.0056240739
-0.0055388885
-0.0054537031
-0.0053685176
-0.0049574073
-0.0048722218
-0.0047870364
-0.004701851
-0.0042907406
-0.0042055552
-0.0041203697
-0.0040351843
-0.003624074
-0.0035388885
-0.0034537031
-0.0033685176
-0.0029574073
-0.0028722218
-0.0027870364
-0.002701851
-0.0022907406
-0.0022055552
-0.0021203697
-0.0020351843
-0.017624074
-0.017538889
-0.017453703
-0.017368518
-0.016957407
-0.016872222
-0.016787036
-0.016701851
-0.016290741
-0.016205555
-0.01612037
-0.016035184
-0.015624074
-0.015538889
-0.015453703
-0.015368518
-0.014957407
-0.014872222
-0.014787036
-0.014701851
-0.014290741
-0.014205555
-0.01412037
-0.014035184
-0.013624074
-0.013538889
-0.013453703
-0.013368518
-0.012957407
-0.012872222
-0.012787036
-0.012701851
-0.012290741
-0.012205555
-0.01212037
-0.012035184
-0.011624074
-0.011538889
-0.011453703
-0.011368518
-0.010957407
-0.010872222
-0.010787036
-0.010701851
-0.010290741
-0.010205555
-0.01012037
-0.010035184
-0.0096240739
-0.0095388885
-0.0094537031
-0.0093685176
-0.0089574073
-0.0088722219
-0.0087870364
-0.008701851
-0.0082907406
-0.0082055552
-0.0081203697
-0.0080351843
-0.0076240739
-0.0075388885
-0.0074537031
-0.0073685176
-0.0069574073
-0.0068722218
-0.0067870364
-0.006701851
-0.0062907406
-0.0062055552
-0.0061203697
-0.0060351843
-0.005624074
-0.0055388885
-0.0054537031
-0.0053685176
-0.0049574073
-0.0048722218
-0.0047870364
-0.004701851
-0.0042907406
-0.0042055552
-0.0041203697
-0.0040351843
-0.0036240739
-0.0035388885
-0.0034537031
-0.0033685176
-0.0029574073
-0.0028722218
-0.0027870364
-0.002701851
-0.0022907406
-0.0022055552
-0.0021203697
-0.0020351843
-0.017624074
-0.017538889
-0.017453703
-0.017368518
-0.016957407
-0.016872222
-0.016787036
-0.016701851
-0.016290741
-0.016205555
-0.01612037
-0.016035184
-0.015624074
-0.015538889
-0.015453703
-0.015368518
-0.014957407
-0.014872222
-0.014787036
-0.014701851
-0.014290741
-0.014205555
-0.01412037
-0.014035184
-0.013624074
-0.013538889
-0.013453703
-0.013368518
-0.012957407
-0.012872222
-0.012787036
-0.012701851
-0.012290741
-0.012205555
-0.01212037
-0.012035184
-0.011624074
-0.011538889
-0.011453703
-0.011368518
-0.010957407
-0.010872222
-0.010787036
-0.010701851
-0.010290741
-0.010205555
-0.01012037
-0.010035184
-0.009624074
-0.0095388885
-0.0094537031
-0.0093685176
-0.0089574073
-0.0088722218
-0.0087870364
-0.008701851
-0.0082907406
-0.0082055552
-0.0081203697
-0.0080351843
-0.007624074
-0.0075388885
-0.0074537031
-0.0073685176
-0.0069574073
-0.0068722218
-0.0067870364
-0.006701851
-0.0062907406
-0.0062055552
-0.0061203697
-0.0060351843
-0.005624074
-0.0055388885
-0.0054537031
-0.0053685176
-0.0049574073
-0.0048722218
-0.0047870364
-0.004701851
-0.0042907406
-0.0042055552
-0.0041203697
-0.0040351843
-0.003624074
-0.0035388885
-0.0034537031
-0.0033685176
-0.0029574073
-0.0028722218
-0.0027870364
-0.002701851
-0.0022907406
-0.0022055552
-0.0021203697
-0.0020351843
-0.017624074
-0.017538889
-0.017453703
-0.017368518
-0.016957407
-0.016872222
-0.016787036
-0.016701851
-0.016290741
-0.016205555
-0.01612037
-0.016035184
-0.015624074
-0.015538889
-0.015453703
-0.015368518
-0.014957407
-0.014872222
-0.014787036
-0.014701851
-0.014290741
-0.014205555
-0.01412037
-0.014035184
-0.013624074
-0.013538889
-0.013453703
-0.013368518
-0.012957407
-0.012872222
-0.012787036
-0.012701851
-0.012290741
-0.012205555
-0.01212037
-0.012035184
-0.011624074
-0.011538889
-0.011453703
-0.011368518
-0.010957407
-0.010872222
-0.010787036
-0.010701851
-0.010290741
-0.010205555
-0.01012037
-0.010035184
-0.0096240739
-0.0095388885
-0.0094537031
-0.0093685176
-0.0089574073
-0.0088722218
-0.0087870364
-0.008701851
-0.0082907406
-0.0082055552
-0.0081203697
-0.0080351843
-0.0076240739
-0.0075388885
-0.0074537031
-0.0073685176
-0.0069574073
-0.0068722218
-0.0067870364
-0.006701851
-0.0062907406
-0.0062055552
-0.0061203697
-0.0060351843
-0.0056240739
-0.0055388885
-0.0054537031
-0.0053685176
-0.0049574073
-0.0048722218
-0.0047870364
-0.004701851
-0.0042907406
-0.0042055552
-0.0041203697
-0.0040351843
-0.0036240739
-0.0035388885
-0.0034537031
-0.0033685176
-0.0029574073
-0.0028722218
-0.0027870364
-0.002701851
-0.0022907406
-0.0022055552
-0.0021203697
-0.0020351843
-0.017624074
-0.017538889
-0.017453703
-0.017368518
-0.016957407
-0.016872222
-0.016787036
-0.016701851
-0.016290741
-0.016205555
-0.01612037
-0.016035184
-0.015624074
-0.015538889
-0.015453703
-0.015368518
-0.014957407
-0.014872222
-0.014787036
-0.014701851
-0.014290741
-0.014205555
-0.01412037
-0.014035184
-0.013624074
-0.013538889
-0.013453703
-0.013368518
-0.012957407
-0.012872222
-0.012787036
-0.012701851
-0.012290741
-0.012205555
-0.01212037
-0.012035184
-0.011624074
-0.011538889
-0.011453703
-0.011368518
-0.010957407
-0.010872222
-0.010787036
-0.010701851
-0.010290741
-0.010205555
-0.01012037
-0.010035184
-0.009624074
-0.0095388885
-0.0094537031
-0.0093685176
-0.0089574073
-0.0088722218
-0.0087870364
-0.008701851
-0.0082907406
-0.0082055552
-0.0081203697
-0.0080351843
-0.007624074
-0.0075388885
-0.0074537031
-0.0073685176
-0.0069574073
-0.0068722218
-0.0067870364
-0.006701851
-0.0062907406
-0.0062055552
-0.0061203697
-0.0060351843
-0.005624074
-0.0055388885
-0.0054537031
-0.0053685176
-0.0049574073
-0.0048722218
-0.0047870364
-0.004701851
-0.0042907406
-0.0042055552
-0.0041203697
-0.0040351843
-0.003624074
-0.0035388885
-0.0034537031
-0.0033685176
-0.0029574073
-0.0028722218
-0.0027870364
-0.002701851
-0.0022907406
-0.0022055552
-0.0021203697
-0.0020351843
-0.017624074
-0.017538889
-0.017453703
-0.017368518
-0.016957407
-0.016872222
-0.016787036
-0.016701851
-0.016290741
-0.016205555
-0.01612037
-0.016035184
-0.015624074
-0.015538889
-0.015453703
-0.015368518
-0.014957407
-0.014872222
-0.014787036
-0.014701851
-0.014290741
-0.014205555
-0.01412037
-0.014035184
-0.013624074
-0.013538889
-0.013453703
-0.013368518
-0.012957407
-0.012872222
-0.012787036
-0.012701851
-0.012290741
-0.012205555
-0.01212037
-0.012035184
-0.011624074
-0.011538889
-0.011453703
-0.011368518
-0.010957407
-0.010872222
-0.010787036
-0.010701851
-0.010290741
-0.010205555
-0.01012037
-0.010035184
-0.0096240739
-0.0095388885
-0.0094537031
-0.0093685176
-0.0089574073
-0.0088722218
-0.0087870364
-0.008701851
-0.0082907406
-0.0082055552
-0.0081203697
-0.0080351843
-0.0076240739
-0.0075388885
-0.0074537031
-0.0073685176
-0.0069574073
-0.0068722218
-0.0067870364
-0.006701851
-0.0062907406
-0.0062055552
-0.0061203697
-0.0060351843
-0.0056240739
-0.0055388885
-0.0054537031
-0.0053685176
-0.0049574073
-0.0048722218
-0.0047870364
-0.004701851
-0.0042907406
-0.0042055552
-0.0041203697
-0.0040351843
-0.0036240739
-0.0035388885
-0.0034537031
-0.0033685176
-0.0029574073
-0.0028722218
-0.0027870364
-0.002701851
-0.0022907406
-0.0022055552
-0.0021203697
-0.0020351843
-0.017624074
-0.017538889
-0.017453703
-0.017368518
-0.016957407
-0.016872222
-0.016787036
-0.016701851
-0.016290741
-0.016205555
-0.01612037
-0.016035184
-0.015624074
-0.015538889
-0.015453703
-0.015368518
-0.014957407
-0.014872222
-0.014787036
-0.014701851
-0.014290741
-0.014205555
-0.01412037
-0.014035184
-0.013624074
-0.013538889
-0.013453703
-0.013368518
-0.012957407
-0.012872222
-0.012787036
-0.012701851
-0.012290741
-0.012205555
-0.01212037
-0.012035184
-0.011624074
-0.011538889
-0.011453703
-0.011368518
-0.010957407
-0.010872222
-0.010787036
-0.010701851
-0.010290741
-0.010205555
-0.01012037
-0.010035184
-0.009624074
-0.0095388885
-0.0094537031
-0.0093685176
-0.0089574073
-0.0088722218
-0.0087870364
-0.008701851
-0.0082907406
-0.0082055552
-0.0081203697
-0.0080351843
-0.007624074
-0.0075388885
-0.0074537031
-0.0073685176
-0.0069574073
-0.0068722218
-0.0067870364
-0.006701851
-0.0062907406
-0.0062055552
-0.0061203697
-0.0060351843
-0.005624074
-0.0055388885
-0.0054537031
-0.0053685176
-0.0049574073
-0.0048722218
-0.0047870364
-0.004701851
-0.0042907406
-0.0042055552
-0.0041203697
-0.0040351843
-0.003624074
-0.0035388885
-0.0034537031
-0.0033685176
-0.0029574073
-0.0028722218
-0.0027870364
-0.002701851
-0.0022907406
-0.0022055552
-0.0021203697
-0.0020351843
-0.017624074
-0.017538889
-0.017453703
-0.017368518
-0.016957407
-0.016872222
-0.016787036
-0.016701851
-0.016290741
-0.016205555
-0.01612037
-0.016035184
-0.015624074
-0.015538889
-0.015453703
-0.015368518
-0.014957407
-0.014872222
-0.014787036
-0.014701851
-0.014290741
-0.014205555
-0.01412037
-0.014035184
-0.013624074
-0.013538889
-0.013453703
-0.013368518
-0.012957407
-0.012872222
-0.012787036
-0.012701851
-0.012290741
-0.012205555
-0.01212037
-0.012035184
-0.011624074
-0.011538889
-0.011453703
-0.011368518
-0.010957407
-0.010872222
-0.010787036
-0.010701851
-0.010290741
-0.010205555
-0.01012037
-0.010035184
-0.009624074
-0.0095388885
-0.0094537031
-0.0093685176
-0.0089574073
-0.0088722218
-0.0087870364
-0.008701851
-0.0082907406
-0.0082055552
-0.0081203697
-0.0080351843
-0.007624074
-0.0075388885
-0.0074537031
-0.0073685176
-0.0069574073
-0.0068722218
-0.0067870364
-0.006701851
-0.0062907406
-0.0062055552
-0.0061203697
-0.0060351843
-0.005624074
-0.0055388885
-0.0054537031
-0.0053685176
-0.0049574073
-0.0048722218
-0.0047870364
-0.004701851
-0.0042907406
-0.0042055552
-0.0041203697
-0.0040351843
-0.003624074
-0.0035388885
-0.0034537031
-0.0033685176
-0.0029574073
-0.0028722218
-0.0027870364
-0.002701851
-0.0022907406
-0.0022055552
-0.0021203697
-0.0020351843
-0.017624074
-0.017538889
-0.017453703
-0.017368518
-0.016957407
-0.016872222
-0.016787036
-0.016701851
-0.016290741
-0.016205555
-0.01612037
-0.016035184
-0.015624074
-0.015538889
-0.015453703
-0.015368518
-0.014957407
-0.014872222
-0.014787036
-0.014701851
-0.014290741
-0.014205555
-0.01412037
-0.014035184
-0.013624074
-0.013538889
-0.013453703
-0.013368518
-0.012957407
-0.012872222
-0.012787036
-0.012701851
-0.012290741
-0.012205555
-0.01212037
-0.012035184
-0.011624074
-0.011538889
-0.011453703
-0.011368518
-0.010957407
-0.010872222
-0.010787036
-0.010701851
-0.010290741
-0.010205555
-0.01012037
-0.010035184
-0.0096240739
-0.0095388885
-0.0094537031
-0.0093685176
-0.0089574073
-0.0088722218
-0.0087870364
-0.008701851
-0.0082907406
-0.0082055552
-0.0081203697
-0.0080351843
-0.0076240739
-0.0075388885
-0.0074537031
-0.0073685176
-0.0069574073
-0.0068722219
-0.0067870364
-0.006701851
-0.0062907406
-0.0062055552
-0.0061203697
-0.0060351843
-0.0056240739
-0.0055388885
-0.0054537031
-0.0053685176
-0.0049574073
-0.0048722218
-0.0047870364
-0.004701851
-0.0042907406
-0.0042055552
-0.0041203697
-0.0040351843
-0.0036240739
-0.0035388885
-0.0034537031
-0.0033685176
-0.0029574073
-0.0028722218
-0.0027870364
-0.002701851
-0.0022907406
-0.0022055552
-0.0021203697
-0.0020351843
-0.017624074
-0.017538889
-0.017453703
-0.017368518
-0.016957407
-0.016872222
-0.016787036
-0.016701851
-0.016290741
-0.016205555
-0.01612037
-0.016035184
-0.015624074
-0.015538889
-0.015453703
-0.015368518
-0.014957407
-0.014872222
-0.014787036
-0.014701851
-0.014290741
-0.014205555
-0.01412037
-0.014035184
-0.013624074
-0.013538889
-0.013453703
-0.013368518
-0.012957407
-0.012872222
-0.012787036
-0.012701851
-0.012290741
-0.012205555
-0.01212037
-0.012035184
-0.011624074
-0.011538889
-0.011453703
-0.011368518
-0.010957407
-0.010872222
-0.010787036
-0.010701851
-0.010290741
-0.010205555
-0.01012037
-0.010035184
-0.0096240739
-0.0095388885
-0.0094537031
-0.0093685176
-0.0089574073
-0.0088722218
-0.0087870364
-0.008701851
-0.0082907406
-0.0082055552
-0.0081203697
-0.0080351843
-0.007624074
-0.0075388885
-0.0074537031
-0.0073685176
-0.0069574073
-0.0068722218
-0.0067870364
-0.006701851
-0.0062907406
-0.0062055552
-0.0061203697
-0.0060351843
-0.0056240739
-0.0055388885
-0.0054537031
-0.0053685176
-0.0049574073
-0.0048722218
-0.0047870364
-0.004701851
-0.0042907406
-0.0042055552
-0.0041203697
-0.0040351843
-0.0036240739
-0.0035388885
-0.0034537031
-0.0033685176
-0.0029574073
-0.0028722218
-0.0027870364
-0.002701851
-0.0022907406
-0.0022055552
-0.0021203697
-0.0020351843
-0.017624074
-0.017538889
-0.017453703
-0.017368518
-0.016957407
-0.016872222
-0.016787036
-0.016701851
-0.016290741
-0.016205555
-0.01612037
-0.016035184
-0.015624074
-0.015538889
-0.015453703
-0.015368518
-0.014957407
-0.014872222
-0.014787036
-0.014701851
-0.014290741
-0.014205555
-0.01412037
-0.014035184
-0.013624074
-0.013538889
-0.013453703
-0.013368518
-0.012957407
-0.012872222
-0.012787036
-0.012701851
-0.012290741
-0.012205555
-0.01212037
-0.012035184
-0.011624074
-0.011538889
-0.011453703
-0.011368518
-0.010957407
-0.010872222
-0.010787036
-0.010701851
-0.010290741
-0.010205555
-0.01012037
-0.010035184
-0.009624074
-0.0095388885
-0.0094537031
-0.0093685176
-0.0089574073
-0.0088722218
-0.0087870364
-0.008701851
-0.0082907406
-0.0082055552
-0.0081203697
-0.0080351843
-0.0076240739
-0.0075388885
-0.0074537031
-0.0073685176
-0.0069574073
-0.0068722218
-0.0067870364
-0.006701851
-0.0062907406
-0.0062055552
-0.0061203697
-0.0060351843
-0.0056240739
-0.0055388885
-0.0054537031
-0.0053685176
-0.0049574073
-0.0048722218
-0.0047870364
-0.004701851
-0.0042907406
-0.0042055552
-0.0041203697
-0.0040351843
-0.0036240739
-0.0035388885
-0.0034537031
-0.0033685176
-0.0029574073
-0.0028722218
-0.0027870364
-0.002701851
-0.0022907406
-0.0022055552
-0.0021203697
-0.0020351843
-0.017624074
-0.017538889
-0.017453703
-0.017368518
-0.016957407
-0.016872222
-0.016787036
-0.016701851
-0.016290741
-0.016205555
-0.01612037
-0.016035184
-0.015624074
-0.015538889
-0.015453703
-0.015368518
-0.014957407
-0.014872222
-0.014787036
-0.014701851
-0.014290741
-0.014205555
-0.01412037
-0.014035184
-0.013624074
-0.013538889
-0.013453703
-0.013368518
-0.012957407
-0.012872222
-0.012787036
-0.012701851
-0.012290741
-0.012205555
-0.01212037
-0.012035184
-0.011624074
-0.011538889
-0.011453703
-0.011368518
-0.010957407
-0.010872222
-0.010787036
-0.010701851
-0.010290741
-0.010205555
-0.01012037
-0.010035184
-0.0096240739
-0.0095388885
-0.0094537031
-0.0093685176
-0.0089574073
-0.0088722218
-0.0087870364
-0.008701851
-0.0082907406
-0.0082055552
-0.0081203697
-0.0080351843
-0.0076240739
-0.0075388885
-0.0074537031
-0.0073685176
-0.0069574073
-0.0068722218
-0.0067870364
-0.006701851
-0.0062907406
-0.0062055552
-0.0061203697
-0.0060351843
-0.005624074
-0.0055388885
-0.0054537031
-0.0053685176
-0.0049574073
-0.0048722218
-0.0047870364
-0.004701851
-0.0042907406
-0.0042055552
-0.0041203697
-0.0040351843
-0.003624074
-0.0035388885
-0.0034537031
-0.0033685176
-0.0029574073
-0.0028722218
-0.0027870364
-0.002701851
-0.0022907406
-0.0022055552
-0.0021203697
-0.0020351843
-0.017624074
-0.017538889
-0.017453703
-0.017368518
-0.016957407
-0.016872222
-0.016787036
-0.016701851
-0.016290741
-0.016205555
-0.01612037
-0.016035184
-0.015624074
-0.015538889
-0.015453703
-0.015368518
-0.014957407
-0.014872222
-0.014787036
-0.014701851
-0.014290741
-0.014205555
-0.01412037
-0.014035184
-0.013624074
-0.013538889
-0.013453703
-0.013368518
-0.012957407
-0.012872222
-0.012787036
-0.012701851
-0.012290741
-0.012205555
-0.01212037
-0.012035184
-0.011624074
-0.011538889
-0.011453703
-0.011368518
-0.010957407
-0.010872222
-0.010787036
-0.010701851
-0.010290741
-0.010205555
-0.01012037
-0.010035184
-0.009624074
-0.0095388885
-0.0094537031
-0.0093685176
-0.0089574073
-0.0088722218
-0.0087870364
-0.008701851
-0.0082907406
-0.0082055552
-0.0081203697
-0.0080351843
-0.007624074
-0.0075388885
-0.0074537031
-0.0073685176
-0.0069574073
-0.0068722218
-0.0067870364
-0.006701851
-0.0062907406
-0.0062055552
-0.0061203697
-0.0060351843
-0.005624074
-0.0055388885
-0.0054537031
-0.0053685176
-0.0049574073
-0.0048722218
-0.0047870364
-0.004701851
-0.0042907406
-0.0042055552
-0.0041203697
-0.0040351843
-0.003624074
-0.0035388885
-0.0034537031
-0.0033685176
-0.0029574073
-0.0028722218
-0.0027870364
-0.002701851
-0.0022907406
-0.0022055552
-0.0021203697
-0.0020351843
-0.017624074
-0.017538889
-0.017453703
-0.017368518
-0.016957407
-0.016872222
-0.016787036
-0.016701851
-0.016290741
-0.016205555
-0.01612037
-0.016035184
-0.015624074
-0.015538889
-0.015453703
-0.015368518
-0.014957407
-0.014872222
-0.014787036
-0.014701851
-0.014290741
-0.014205555
-0.01412037
-0.014035184
-0.013624074
-0.013538889
-0.013453703
-0.013368518
-0.012957407
-0.012872222
-0.012787036
-0.012701851
-0.012290741
-0.012205555
-0.01212037
-0.012035184
-0.011624074
-0.011538889
-0.011453703
-0.011368518
-0.010957407
-0.010872222
-0.010787036
-0.010701851
-0.010290741
-0.010205555
-0.01012037
-0.010035184
-0.0096240739
-0.0095388885
-0.0094537031
-0.0093685176
-0.0089574073
-0.0088722218
-0.0087870364
-0.008701851
-0.0082907406
-0.0082055552
-0.0081203697
-0.0080351843
-0.0076240739
-0.0075388885
-0.0074537031
-0.0073685176
-0.0069574073
-0.0068722218
-0.0067870364
-0.006701851
-0.0062907406
-0.0062055552
-0.0061203697
-0.0060351843
-0.0056240739
-0.0055388885
-0.0054537031
-0.0053685176
-0.0049574073
-0.0048722218
-0.0047870364
-0.004701851
-0.0042907406
-0.0042055552
-0.0041203697
-0.0040351843
-0.0036240739
-0.0035388885
-0.0034537031
-0.0033685176
-0.0029574073
-0.0028722218
-0.0027870364
-0.002701851
-0.0022907406
-0.0022055552
-0.0021203697
-0.0020351843
-0.017624074
-0.017538889
-0.017453703
-0.017368518
-0.016957407
-0.016872222
-0.016787036
-0.016701851
-0.016290741
-0.016205555
-0.01612037
-0.016035184
-0.015624074
-0.015538889
-0.015453703
-0.015368518
-0.014957407
-0.014872222
-0.014787036
-0.014701851
-0.014290741
-0.014205555
-0.01412037
-0.014035184
-0.013624074
-0.013538889
-0.013453703
-0.013368518
-0.012957407
-0.012872222
-0.012787036
-0.012701851
-0.012290741
-0.012205555
-0.01212037
-0.012035184
-0.011624074
-0.011538889
-0.011453703
-0.011368518
-0.010957407
-0.010872222
-0.010787036
-0.010701851
-0.010290741
-0.010205555
-0.01012037
-0.010035184
-0.009624074
-0.0095388885
-0.0094537031
-0.0093685176
-0.0089574073
-0.0088722218
-0.0087870364
-0.008701851
-0.0082907406
-0.0082055552
-0.0081203697
-0.0080351843
-0.007624074
-0.0075388885
-0.0074537031
-0.0073685176
-0.0069574073
-0.0068722219
-0.0067870364
-0.006701851
-0.0062907406
-0.0062055552
-0.0061203697
-0.0060351843
-0.005624074
-0.0055388885
-0.0054537031
-0.0053685176
-0.0049574073
-0.0048722218
-0.0047870364
-0.004701851
-0.0042907406
-0.0042055552
-0.0041203697
-0.0040351843
-0.003624074
-0.0035388885
-0.0034537031
-0.0033685176
-0.0029574073
-0.0028722218
-0.0027870364
-0.002701851
-0.0022907406
-0.0022055552
-0.0021203697
-0.0020351843
-0.017624074
-0.017538889
-0.017453703
-0.017368518
-0.016957407
-0.016872222
-0.016787036
-0.016701851
-0.016290741
-0.016205555
-0.01612037
-0.016035184
-0.015624074
-0.015538889
-0.015453703
-0.015368518
-0.014957407
-0.014872222
-0.014787036
-0.014701851
-0.014290741
-0.014205555
-0.01412037
-0.014035184
-0.013624074
-0.013538889
-0.013453703
-0.013368518
-0.012957407
-0.012872222
-0.012787036
-0.012701851
-0.012290741
-0.012205555
-0.01212037
-0.012035184
-0.011624074
-0.011538889
-0.011453703
-0.011368518
-0.010957407
-0.010872222
-0.010787036
-0.010701851
-0.010290741
-0.010205555
-0.01012037
-0.010035184
-0.009624074
-0.0095388885
-0.0094537031
-0.0093685176
-0.0089574073
-0.0088722218
-0.0087870364
-0.008701851
-0.0082907406
-0.0082055552
-0.0081203697
-0.0080351843
-0.007624074
-0.0075388885
-0.0074537031
-0.0073685176
-0.0069574073
-0.0068722218
-0.0067870364
-0.006701851
-0.0062907406
-0.0062055552
-0.0061203697
-0.0060351843
-0.005624074
-0.0055388885
-0.0054537031
-0.0053685176
-0.0049574073
-0.0048722218
-0.0047870364
-0.004701851
-0.0042907406
-0.0042055552
-0.0041203697
-0.0040351843
-0.003624074
-0.0035388885
-0.0034537031
-0.0033685176
-0.0029574073
-0.0028722218
-0.0027870364
-0.002701851
-0.0022907406
-0.0022055552
-0.0021203697
-0.0020351843
-0.017624074
-0.017538889
-0.017453703
-0.017368518
-0.016957407
-0.016872222
-0.016787036
-0.016701851
-0.016290741
-0.016205555
-0.01612037
-0.016035184
-0.015624074
-0.015538889
-0.015453703
-0.015368518
-0.014957407
-0.014872222
-0.014787036
-0.014701851
-0.014290741
-0.014205555
-0.01412037
-0.014035184
-0.013624074
-0.013538889
-0.013453703
-0.013368518
-0.012957407
-0.012872222
-0.012787036
-0.012701851
-0.012290741
-0.012205555
-0.01212037
-0.012035184
-0.011624074
-0.011538889
-0.011453703
-0.011368518
-0.010957407
-0.010872222
-0.010787036
-0.010701851
-0.010290741
-0.010205555
-0.01012037
-0.010035184
-0.0096240739
-0.0095388885
-0.0094537031
-0.0093685176
-0.0089574073
-0.0088722218
-0.0087870364
-0.008701851
-0.0082907406
-0.0082055552
-0.0081203697
-0.0080351843
-0.0076240739
-0.0075388885
-0.0074537031
-0.0073685176
-0.0069574073
-0.0068722218
-0.0067870364
-0.006701851
-0.0062907406
-0.0062055552
-0.0061203697
-0.0060351843
-0.0056240739
-0.0055388885
-0.0054537031
-0.0053685176
-0.0049574073
-0.0048722218
-0.0047870364
-0.004701851
-0.0042907406
-0.0042055552
-0.0041203697
-0.0040351843
-0.003624074
-0.0035388885
-0.0034537031
-0.0033685176
-0.0029574073
-0.0028722218
-0.0027870364
-0.002701851
-0.0022907406
-0.0022055552
-0.0021203697
-0.0020351843
-0.017624074
-0.017538889
-0.017453703
-0.017368518
-0.016957407
-0.016872222
-0.016787036
-0.016701851
-0.016290741
-0.016205555
-0.01612037
-0.016035184
-0.015624074
-0.015538889
-0.015453703
-0.015368518
-0.014957407
-0.014872222
-0.014787036
-0.014701851
-0.014290741
-0.014205555
-0.01412037
-0.014035184
-0.013624074
-0.013538889
-0.013453703
-0.013368518
-0.012957407
-0.012872222
-0.012787036
-0.012701851
-0.012290741
-0.012205555
-0.01212037
-0.012035184
-0.011624074
-0.011538889
-0.011453703
-0.011368518
-0.010957407
-0.010872222
-0.010787036
-0.010701851
-0.010290741
-0.010205555
-0.01012037
-0.010035184
-0.0096240739
-0.0095388885
-0.0094537031
-0.0093685176
-0.0089574073
-0.0088722218
-0.0087870364
-0.008701851
-0.0082907406
-0.0082055552
-0.0081203697
-0.0080351843
-0.0076240739
-0.0075388885
-0.0074537031
-0.0073685176
-0.0069574073
-0.0068722219
-0.0067870364
-0.006701851
-0.0062907406
-0.0062055552
-0.0061203697
-0.0060351843
-0.005624074
-0.0055388885
-0.0054537031
-0.0053685176
-0.0049574073
-0.0048722218
-0.0047870364
-0.004701851
-0.0042907406
-0.0042055552
-0.0041203697
-0.0040351843
-0.0036240739
-0.0035388885
-0.0034537031
-0.0033685176
-0.0029574073
-0.0028722218
-0.0027870364
-0.002701851
-0.0022907406
-0.0022055552
-0.0021203697
-0.0020351843
-0.017624074
-0.017538889
-0.017453703
-0.017368518
-0.016957407
-0.016872222
-0.016787036
-0.016701851
-0.016290741
-0.016205555
-0.01612037
-0.016035184
-0.015624074
-0.015538889
-0.015453703
-0.015368518
-0.014957407
-0.014872222
-0.014787036
-0.014701851
-0.014290741
-0.014205555
-0.01412037
-0.014035184
-0.013624074
-0.013538889
-0.013453703
-0.013368518
-0.012957407
-0.012872222
-0.012787036
-0.012701851
-0.012290741
-0.012205555
-0.01212037
-0.012035184
-0.011624074
-0.011538889
-0.011453703
-0.011368518
-0.010957407
-0.010872222
-0.010787036
-0.010701851
-0.010290741
-0.010205555
-0.01012037
-0.010035184
-0.009624074
-0.0095388885
-0.0094537031
-0.0093685176
-0.0089574073
-0.0088722218
-0.0087870364
-0.008701851
-0.0082907406
-0.0082055552
-0.0081203697
-0.0080351843
-0.007624074
-0.0075388885
-0.0074537031
-0.0073685176
-0.0069574073
-0.0068722218
-0.0067870364
-0.006701851
-0.0062907406
-0.0062055552
-0.0061203697
-0.0060351843
-0.0056240739
-0.0055388885
-0.0054537031
-0.0053685176
-0.0049574073
-0.0048722218
-0.0047870364
-0.004701851
-0.0042907406
-0.0042055552
-0.0041203697
-0.0040351843
-0.0036240739
-0.0035388885
-0.0034537031
-0.0033685176
-0.0029574073
-0.0028722218
-0.0027870364
-0.002701851
-0.0022907406
-0.0022055552
-0.0021203697
-0.0020351843
-0.017624074
-0.017538889
-0.017453703
-0.017368518
-0.016957407
-0.016872222
-0.016787036
-0.016701851
-0.016290741
-0.016205555
-0.01612037
-0.016035184
-0.015624074
-0.015538889
-0.015453703
-0.015368518
-0.014957407
-0.014872222
-0.014787036
-0.014701851
-0.014290741
-0.014205555
-0.01412037
-0.014035184
-0.013624074
-0.013538889
-0.013453703
-0.013368518
-0.012957407
-0.012872222
-0.012787036
-0.012701851
-0.012290741
-0.012205555
-0.01212037
-0.012035184
-0.011624074
-0.011538889
-0.011453703
-0.011368518
-0.010957407
-0.010872222
-0.010787036
-0.010701851
-0.010290741
-0.010205555
-0.01012037
-0.010035184
-0.0096240739
-0.0095388885
-0.0094537031
-0.0093685176
-0.0089574073
-0.0088722218
-0.0087870364
-0.008701851
-0.0082907406
-0.0082055552
-0.0081203697
-0.0080351843
-0.0076240739
-0.0075388885
-0.0074537031
-0.0073685176
-0.0069574073
-0.0068722218
-0.0067870364
-0.006701851
-0.0062907406
-0.0062055552
-0.0061203697
-0.0060351843
-0.005624074
-0.0055388885
-0.0054537031
-0.0053685176
-0.0049574073
-0.0048722218
-0.0047870364
-0.004701851
-0.0042907406
-0.0042055552
-0.0041203697
-0.0040351843
-0.003624074
-0.0035388885
-0.0034537031
-0.0033685176
-0.0029574073
-0.0028722218
-0.0027870364
-0.002701851
-0.0022907406
-0.0022055552
-0.0021203697
-0.0020351843
-0.017624074
-0.017538889
-0.017453703
-0.017368518
-0.016957407
-0.016872222
-0.016787036
-0.016701851
-0.016290741
-0.016205555
-0.01612037
-0.016035184
-0.015624074
-0.015538889
-0.015453703
-0.015368518
-0.014957407
-0.014872222
-0.014787036
-0.014701851
-0.014290741
-0.014205555
-0.01412037
-0.014035184
-0.013624074
-0.013538889
-0.013453703
-0.013368518
-0.012957407
-0.012872222
-0.012787036
-0.012701851
-0.012290741
-0.012205555
-0.01212037
-0.012035184
-0.011624074
-0.011538889
-0.011453703
-0.011368518
-0.010957407
-0.010872222
-0.010787036
-0.010701851
-0.010290741
-0.010205555
-0.01012037
-0.010035184
-0.009624074
-0.0095388885
-0.0094537031
-0.0093685176
-0.0089574073
-0.0088722218
-0.0087870364
-0.008701851
-0.0082907406
-0.0082055552
-0.0081203697
-0.0080351843
-0.007624074
-0.0075388885
-0.0074537031
-0.0073685176
-0.0069574073
-0.0068722218
-0.0067870364
-0.006701851
-0.0062907406
-0.0062055552
-0.0061203697
-0.0060351843
-0.005624074
-0.0055388885
-0.0054537031
-0.0053685176
-0.0049574073
-0.0048722218
-0.0047870364
-0.004701851
-0.0042907406
-0.0042055552
-0.0041203697
-0.0040351843
-0.003624074
-0.0035388885
-0.0034537031
-0.0033685176
-0.0029574073
-0.0028722218
-0.0027870364
-0.002701851
-0.0022907406
-0.0022055552
-0.0021203697
-0.0020351843
-0.017624074
-0.017538889
-0.017453703
-0.017368518
-0.016957407
-0.016872222
-0.016787036
-0.016701851
-0.016290741
-0.016205555
-0.01612037
-0.016035184
-0.015624074
-0.015538889
-0.015453703
-0.015368518
-0.014957407
-0.014872222
-0.014787036
-0.014701851
-0.014290741
-0.014205555
-0.01412037
-0.014035184
-0.013624074
-0.013538889
-0.013453703
-0.013368518
-0.012957407
-0.012872222
-0.012787036
-0.012701851
-0.012290741
-0.012205555
-0.01212037
-0.012035184
-0.011624074
-0.011538889
-0.011453703
-0.011368518
-0.010957407
-0.010872222
-0.010787036
-0.010701851
-0.010290741
-0.010205555
-0.01012037
-0.010035184
-0.0096240739
-0.0095388885
-0.0094537031
-0.0093685176
-0.0089574073
-0.0088722218
-0.0087870364
-0.008701851
-0.0082907406
-0.0082055552
-0.0081203697
-0.0080351843
-0.0076240739
-0.0075388885
-0.0074537031
-0.0073685176
-0.0069574073
-0.0068722218
-0.0067870364
-0.006701851
-0.0062907406
-0.0062055552
-0.0061203697
-0.0060351843
-0.005624074
-0.0055388885
-0.0054537031
-0.0053685176
-0.0049574073
-0.0048722218
-0.0047870364
-0.004701851
-0.0042907406
-0.0042055552
-0.0041203697
-0.0040351843
-0.003624074
-0.0035388885
-0.0034537031
-0.0033685176
-0.0029574073
-0.0028722218
-0.0027870364
-0.002701851
-0.0022907406
-0.0022055552
-0.0021203697
-0.0020351843
-0.017624074
-0.017538889
-0.017453703
-0.017368518
-0.016957407
-0.016872222
-0.016787036
-0.016701851
-0.016290741
-0.016205555
-0.01612037
-0.016035184
-0.015624074
-0.015538889
-0.015453703
-0.015368518
-0.014957407
-0.014872222
-0.014787036
-0.014701851
-0.014290741
-0.014205555
-0.01412037
-0.014035184
-0.013624074
-0.013538889
-0.013453703
-0.013368518
-0.012957407
-0.012872222
-0.012787036
-0.012701851
-0.012290741
-0.012205555
-0.01212037
-0.012035184
-0.011624074
-0.011538889
-0.011453703
-0.011368518
-0.010957407
-0.010872222
-0.010787036
-0.010701851
-0.010290741
-0.010205555
-0.01012037
-0.010035184
-0.009624074
-0.0095388885
-0.0094537031
-0.0093685176
-0.0089574073
-0.0088722218
-0.0087870364
-0.008701851
-0.0082907406
-0.0082055552
-0.0081203697
-0.0080351843
-0.007624074
-0.0075388885
-0.0074537031
-0.0073685176
-0.0069574073
-0.0068722218
-0.0067870364
-0.006701851
-0.0062907406
-0.0062055552
-0.0061203697
-0.0060351843
-0.005624074
-0.0055388885
-0.0054537031
-0.0053685176
-0.0049574073
-0.0048722218
-0.0047870364
-0.004701851
-0.0042907406
-0.0042055552
-0.0041203697
-0.0040351843
-0.003624074
-0.0035388885
-0.0034537031
-0.0033685176
-0.0029574073
-0.0028722218
-0.0027870364
-0.002701851
-0.0022907406
-0.0022055552
-0.0021203697
-0.0020351843
-0.017201049
-0.016951298
-0.016701547
-0.016451796
-0.016534383
-0.016284632
-0.016034881
-0.01578513
-0.015867716
-0.015617965
-0.015368214
-0.015118463
-0.015201049
-0.014951298
-0.014701547
-0.014451796
-0.014534383
-0.014284632
-0.014034881
-0.01378513
-0.013867716
-0.013617965
-0.013368214
-0.013118463
-0.013201049
-0.012951298
-0.012701547
-0.012451796
-0.012534383
-0.012284632
-0.012034881
-0.01178513
-0.011867716
-0.011617965
-0.011368214
-0.011118463
-0.011201049
-0.010951298
-0.010701547
-0.010451796
-0.010534383
-0.010284632
-0.010034881
-0.0097851296
-0.0098677161
-0.009617965
-0.009368214
-0.0091184629
-0.0092010494
-0.0089512983
-0.0087015473
-0.0084517962
-0.0085343827
-0.0082846317
-0.0080348806
-0.0077851296
-0.0078677161
-0.007617965
-0.007368214
-0.0071184629
-0.0072010494
-0.0069512983
-0.0067015473
-0.0064517962
-0.0065343827
-0.0062846317
-0.0060348806
-0.0057851296
-0.0058677161
-0.005617965
-0.005368214
-0.0051184629
-0.0052010494
-0.0049512983
-0.0047015473
-0.0044517962
-0.0045343827
-0.0042846317
-0.0040348806
-0.0037851296
-0.0038677161
-0.003617965
-0.003368214
-0.0031184629
-0.0032010494
-0.0029512983
-0.0027015473
-0.0024517962
-0.0025343827
-0.0022846317
-0.0020348806
-0.0017851296
-0.0018677161
-0.001617965
-0.001368214
-0.0011184629
-0.017201049
-0.016951298
-0.016701547
-0.016451796
-0.016534383
-0.016284632
-0.016034881
-0.01578513
-0.015867716
-0.015617965
-0.015368214
-0.015118463
-0.015201049
-0.014951298
-0.014701547
-0.014451796
-0.014534383
-0.014284632
-0.014034881
-0.01378513
-0.013867716
-0.013617965
-0.013368214
-0.013118463
-0.013201049
-0.012951298
-0.012701547
-0.012451796
-0.012534383
-0.012284632
-0.012034881
-0.01178513
-0.011867716
-0.011617965
-0.011368214
-0.011118463
-0.011201049
-0.010951298
-0.010701547
-0.010451796
-0.010534383
-0.010284632
-0.010034881
-0.0097851296
-0.0098677161
-0.009617965
-0.009368214
-0.0091184629
-0.0092010494
-0.0089512983
-0.0087015473
-0.0084517962
-0.0085343827
-0.0082846317
-0.0080348806
-0.0077851296
-0.0078677161
-0.007617965
-0.007368214
-0.0071184629
-0.0072010494
-0.0069512983
-0.0067015473
-0.0064517962
-0.0065343827
-0.0062846317
-0.0060348806
-0.0057851296
-0.0058677161
-0.005617965
-0.005368214
-0.0051184629
-0.0052010494
-0.0049512983
-0.0047015473
-0.0044517962
-0.0045343827
-0.0042846317
-0.0040348806
-0.0037851296
-0.0038677161
-0.003617965
-0.003368214
-0.0031184629
-0.0032010494
-0.0029512983
-0.0027015473
-0.0024517962
-0.0025343827
-0.0022846317
-0.0020348806
-0.0017851296
-0.0018677161
-0.001617965
-0.001368214
-0.0011184629
-0.017201049
-0.016951298
-0.016701547
-0.016451796
-0.016534383
-0.016284632
-0.016034881
-0.01578513
-0.015867716
-0.015617965
-0.015368214
-0.015118463
-0.015201049
-0.014951298
-0.014701547
-0.014451796
-0.014534383
-0.014284632
-0.014034881
-0.01378513
-0.013867716
-0.013617965
-0.013368214
-0.013118463
-0.013201049
-0.012951298
-0.012701547
-0.012451796
-0.012534383
-0.012284632
-0.012034881
-0.01178513
-0.011867716
-0.011617965
-0.011368214
-0.011118463
-0.011201049
-0.010951298
-0.010701547
-0.010451796
-0.010534383
-0.010284632
-0.010034881
-0.0097851296
-0.0098677161
-0.009617965
-0.009368214
-0.0091184629
-0.0092010494
-0.0089512983
-0.0087015473
-0.0084517962
-0.0085343827
-0.0082846317
-0.0080348806
-0.0077851296
-0.0078677161
-0.007617965
-0.0073682139
-0.0071184629
-0.0072010494
-0.0069512983
-0.0067015473
-0.0064517962
-0.0065343827
-0.0062846317
-0.0060348806
-0.0057851296
-0.0058677161
-0.005617965
-0.0053682139
-0.0051184629
-0.0052010494
-0.0049512983
-0.0047015473
-0.0044517962
-0.0045343827
-0.0042846317
-0.0040348806
-0.0037851296
-0.0038677161
-0.003617965
-0.0033682139
-0.0031184629
-0.0032010494
-0.0029512983
-0.0027015473
-0.0024517962
-0.0025343827
-0.0022846317
-0.0020348806
-0.0017851296
-0.0018677161
-0.001617965
-0.0013682139
-0.0011184629
-0.017201049
-0.016951298
-0.016701547
-0.016451796
-0.016534383
-0.016284632
-0.016034881
-0.01578513
-0.015867716
-0.015617965
-0.015368214
-0.015118463
-0.015201049
-0.014951298
-0.014701547
-0.014451796
-0.014534383
-0.014284632
-0.014034881
-0.01378513
-0.013867716
-0.013617965
-0.013368214
-0.013118463
-0.013201049
-0.012951298
-0.012701547
-0.012451796
-0.012534383
-0.012284632
-0.012034881
-0.01178513
-0.011867716
-0.011617965
-0.011368214
-0.011118463
-0.011201049
-0.010951298
-0.010701547
-0.010451796
-0.010534383
-0.010284632
-0.010034881
-0.0097851296
-0.0098677161
-0.009617965
-0.009368214
-0.0091184629
-0.0092010494
-0.0089512983
-0.0087015473
-0.0084517962
-0.0085343827
-0.0082846317
-0.0080348806
-0.0077851296
-0.0078677161
-0.007617965
-0.007368214
-0.0071184629
-0.0072010494
-0.0069512983
-0.0067015473
-0.0064517962
-0.0065343827
-0.0062846317
-0.0060348806
-0.0057851296
-0.0058677161
-0.005617965
-0.005368214
-0.0051184629
-0.0052010494
-0.0049512983
-0.0047015473
-0.0044517962
-0.0045343827
-0.0042846317
-0.0040348806
-0.0037851296
-0.0038677161
-0.003617965
-0.003368214
-0.0031184629
-0.0032010494
-0.0029512983
-0.0027015473
-0.0024517962
-0.0025343827
-0.0022846317
-0.0020348806
-0.0017851296
-0.0018677161
-0.001617965
-0.0013682139
-0.0011184629
-0.017201049
-0.016951298
-0.016701547
-0.016451796
-0.016534383
-0.016284632
-0.016034881
-0.01578513
-0.015867716
-0.015617965
-0.015368214
-0.015118463
-0.015201049
-0.014951298
-0.014701547
-0.014451796
-0.014534383
-0.014284632
-0.014034881
-0.01378513
-0.013867716
-0.013617965
-0.013368214
-0.013118463
-0.013201049
-0.012951298
-0.012701547
-0.012451796
-0.012534383
-0.012284632
-0.012034881
-0.01178513
-0.011867716
-0.011617965
-0.011368214
-0.011118463
-0.011201049
-0.010951298
-0.010701547
-0.010451796
-0.010534383
-0.010284632
-0.010034881
-0.0097851296
-0.0098677161
-0.009617965
-0.009368214
-0.0091184629
-0.0092010494
-0.0089512983
-0.0087015473
-0.0084517962
-0.0085343827
-0.0082846317
-0.0080348806
-0.0077851296
-0.0078677161
-0.007617965
-0.007368214
-0.0071184629
-0.0072010494
-0.0069512983
-0.0067015473
-0.0064517962
-0.0065343827
-0.0062846317
-0.0060348806
-0.0057851296
-0.0058677161
-0.005617965
-0.005368214
-0.0051184629
-0.0052010494
-0.0049512983
-0.0047015473
-0.0044517962
-0.0045343827
-0.0042846317
-0.0040348806
-0.0037851296
-0.0038677161
-0.003617965
-0.003368214
-0.0031184629
-0.0032010494
-0.0029512983
-0.0027015473
-0.0024517962
-0.0025343827
-0.0022846317
-0.0020348806
-0.0017851296
-0.0018677161
-0.001617965
-0.001368214
-0.0011184629
-0.017201049
-0.016951298
-0.016701547
-0.016451796
-0.016534383
-0.016284632
-0.016034881
-0.01578513
-0.015867716
-0.015617965
-0.015368214
-0.015118463
-0.015201049
-0.014951298
-0.014701547
-0.014451796
-0.014534383
-0.014284632
-0.014034881
-0.01378513
-0.013867716
-0.013617965
-0.013368214
-0.013118463
-0.013201049
-0.012951298
-0.012701547
-0.012451796
-0.012534383
-0.012284632
-0.012034881
-0.01178513
-0.011867716
-0.011617965
-0.011368214
-0.011118463
-0.011201049
-0.010951298
-0.010701547
-0.010451796
-0.010534383
-0.010284632
-0.010034881
-0.0097851296
-0.0098677161
-0.009617965
-0.009368214
-0.0091184629
-0.0092010494
-0.0089512984
-0.0087015473
-0.0084517962
-0.0085343827
-0.0082846317
-0.0080348806
-0.0077851296
-0.0078677161
-0.007617965
-0.0073682139
-0.0071184629
-0.0072010494
-0.0069512984
-0.0067015473
-0.0064517962
-0.0065343827
-0.0062846317
-0.0060348806
-0.0057851296
-0.0058677161
-0.005617965
-0.0053682139
-0.0051184629
-0.0052010494
-0.0049512984
-0.0047015473
-0.0044517962
-0.0045343827
-0.0042846317
-0.0040348806
-0.0037851296
-0.0038677161
-0.003617965
-0.0033682139
-0.0031184629
-0.0032010494
-0.0029512984
-0.0027015473
-0.0024517962
-0.0025343827
-0.0022846317
-0.0020348806
-0.0017851296
-0.0018677161
-0.001617965
-0.0013682139
-0.0011184629
-0.017201049
-0.016951298
-0.016701547
-0.016451796
-0.016534383
-0.016284632
-0.016034881
-0.01578513
-0.015867716
-0.015617965
-0.015368214
-0.015118463
-0.015201049
-0.014951298
-0.014701547
-0.014451796
-0.014534383
-0.014284632
-0.014034881
-0.01378513
-0.013867716
-0.013617965
-0.013368214
-0.013118463
-0.013201049
-0.012951298
-0.012701547
-0.012451796
-0.012534383
-0.012284632
-0.012034881
-0.01178513
-0.011867716
-0.011617965
-0.011368214
-0.011118463
-0.011201049
-0.010951298
-0.010701547
-0.010451796
-0.010534383
-0.010284632
-0.010034881
-0.0097851296
-0.0098677161
-0.009617965
-0.009368214
-0.0091184629
-0.0092010494
-0.0089512983
-0.0087015473
-0.0084517962
-0.0085343827
-0.0082846317
-0.0080348806
-0.0077851296
-0.0078677161
-0.007617965
-0.007368214
-0.0071184629
-0.0072010494
-0.0069512983
-0.0067015473
-0.0064517962
-0.0065343827
-0.0062846317
-0.0060348806
-0.0057851296
-0.0058677161
-0.005617965
-0.005368214
-0.0051184629
-0.0052010494
-0.0049512984
-0.0047015473
-0.0044517962
-0.0045343827
-0.0042846317
-0.0040348806
-0.0037851296
-0.0038677161
-0.003617965
-0.003368214
-0.0031184629
-0.0032010494
-0.0029512984
-0.0027015473
-0.0024517962
-0.0025343827
-0.0022846317
-0.0020348806
-0.0017851296
-0.0018677161
-0.001617965
-0.001368214
-0.0011184629
-0.017201049
-0.016951298
-0.016701547
-0.016451796
-0.016534383
-0.016284632
-0.016034881
-0.01578513
-0.015867716
-0.015617965
-0.015368214
-0.015118463
-0.015201049
-0.014951298
-0.014701547
-0.014451796
-0.014534383
-0.014284632
-0.014034881
-0.01378513
-0.013867716
-0.013617965
-0.013368214
-0.013118463
-0.013201049
-0.012951298
-0.012701547
-0.012451796
-0.012534383
-0.012284632
-0.012034881
-0.01178513
-0.011867716
-0.011617965
-0.011368214
-0.011118463
-0.011201049
-0.010951298
-0.010701547
-0.010451796
-0.010534383
-0.010284632
-0.010034881
-0.0097851296
-0.0098677161
-0.009617965
-0.0093682139
-0.0091184629
-0.0092010494
-0.0089512984
-0.0087015473
-0.0084517962
-0.0085343827
-0.0082846317
-0.0080348806
-0.0077851296
-0.0078677161
-0.007617965
-0.007368214
-0.0071184629
-0.0072010494
-0.0069512983
-0.0067015473
-0.0064517962
-0.0065343827
-0.0062846317
-0.0060348806
-0.0057851296
-0.0058677161
-0.005617965
-0.0053682139
-0.0051184629
-0.0052010494
-0.0049512983
-0.0047015473
-0.0044517962
-0.0045343827
-0.0042846317
-0.0040348806
-0.0037851296
-0.0038677161
-0.003617965
-0.0033682139
-0.0031184629
-0.0032010494
-0.0029512983
-0.0027015473
-0.0024517962
-0.0025343827
-0.0022846317
-0.0020348806
-0.0017851296
-0.0018677161
-0.001617965
-0.0013682139
-0.0011184629
-0.017201049
-0.016951298
-0.016701547
-0.016451796
-0.016534383
-0.016284632
-0.016034881
-0.01578513
-0.015867716
-0.015617965
-0.015368214
-0.015118463
-0.015201049
-0.014951298
-0.014701547
-0.014451796
-0.014534383
-0.014284632
-0.014034881
-0.01378513
-0.013867716
-0.013617965
-0.013368214
-0.013118463
-0.013201049
-0.012951298
-0.012701547
-0.012451796
-0.012534383
-0.012284632
-0.012034881
-0.01178513
-0.011867716
-0.011617965
-0.011368214
-0.011118463
-0.011201049
-0.010951298
-0.010701547
-0.010451796
-0.010534383
-0.010284632
-0.010034881
-0.0097851296
-0.0098677161
-0.009617965
-0.009368214
-0.0091184629
-0.0092010494
-0.0089512983
-0.0087015473
-0.0084517962
-0.0085343827
-0.0082846317
-0.0080348806
-0.0077851296
-0.0078677161
-0.007617965
-0.007368214
-0.0071184629
-0.0072010494
-0.0069512983
-0.0067015473
-0.0064517962
-0.0065343827
-0.0062846317
-0.0060348806
-0.0057851296
-0.0058677161
-0.005617965
-0.005368214
-0.0051184629
-0.0052010494
-0.0049512984
-0.0047015473
-0.0044517962
-0.0045343827
-0.0042846317
-0.0040348806
-0.0037851296
-0.0038677161
-0.003617965
-0.003368214
-0.0031184629
-0.0032010494
-0.0029512984
-0.0027015473
-0.0024517962
-0.0025343827
-0.0022846317
-0.0020348806
-0.0017851296
-0.0018677161
-0.001617965
-0.001368214
-0.0011184629
-0.017201049
-0.016951298
-0.016701547
-0.016451796
-0.016534383
-0.016284632
-0.016034881
-0.01578513
-0.015867716
-0.015617965
-0.015368214
-0.015118463
-0.015201049
-0.014951298
-0.014701547
-0.014451796
-0.014534383
-0.014284632
-0.014034881
-0.01378513
-0.013867716
-0.013617965
-0.013368214
-0.013118463
-0.013201049
-0.012951298
-0.012701547
-0.012451796
-0.012534383
-0.012284632
-0.012034881
-0.01178513
-0.011867716
-0.011617965
-0.011368214
-0.011118463
-0.011201049
-0.010951298
-0.010701547
-0.010451796
-0.010534383
-0.010284632
-0.010034881
-0.0097851296
-0.0098677161
-0.009617965
-0.0093682139
-0.0091184629
-0.0092010494
-0.0089512984
-0.0087015473
-0.0084517962
-0.0085343827
-0.0082846317
-0.0080348806
-0.0077851296
-0.0078677161
-0.007617965
-0.0073682139
-0.0071184629
-0.0072010494
-0.0069512984
-0.0067015473
-0.0064517962
-0.0065343827
-0.0062846317
-0.0060348806
-0.0057851296
-0.0058677161
-0.005617965
-0.0053682139
-0.0051184629
-0.0052010494
-0.0049512984
-0.0047015473
-0.0044517962
-0.0045343827
-0.0042846317
-0.0040348806
-0.0037851296
-0.0038677161
-0.003617965
-0.0033682139
-0.0031184629
-0.0032010494
-0.0029512984
-0.0027015473
-0.0024517962
-0.0025343827
-0.0022846317
-0.0020348806
-0.0017851296
-0.0018677161
-0.001617965
-0.0013682139
-0.0011184629
-0.017201049
-0.016951298
-0.016701547
-0.016451796
-0.016534383
-0.016284632
-0.016034881
-0.01578513
-0.015867716
-0.015617965
-0.015368214
-0.015118463
-0.015201049
-0.014951298
-0.014701547
-0.014451796
-0.014534383
-0.014284632
-0.014034881
-0.01378513
-0.013867716
-0.013617965
-0.013368214
-0.013118463
-0.013201049
-0.012951298
-0.012701547
-0.012451796
-0.012534383
-0.012284632
-0.012034881
-0.01178513
-0.011867716
-0.011617965
-0.011368214
-0.011118463
-0.011201049
-0.010951298
-0.010701547
-0.010451796
-0.010534383
-0.010284632
-0.010034881
-0.0097851296
-0.0098677161
-0.009617965
-0.009368214
-0.0091184629
-0.0092010494
-0.0089512984
-0.0087015473
-0.0084517962
-0.0085343827
-0.0082846317
-0.0080348806
-0.0077851296
-0.0078677161
-0.007617965
-0.007368214
-0.0071184629
-0.0072010494
-0.0069512984
-0.0067015473
-0.0064517962
-0.0065343827
-0.0062846317
-0.0060348806
-0.0057851296
-0.0058677161
-0.005617965
-0.005368214
-0.0051184629
-0.0052010494
-0.0049512984
-0.0047015473
-0.0044517962
-0.0045343827
-0.0042846317
-0.0040348806
-0.0037851296
-0.0038677161
-0.003617965
-0.003368214
-0.0031184629
-0.0032010494
-0.0029512984
-0.0027015473
-0.0024517962
-0.0025343827
-0.0022846317
-0.0020348806
-0.0017851296
-0.0018677161
-0.001617965
-0.001368214
-0.0011184629
-0.017201049
-0.016951298
-0.016701547
-0.016451796
-0.016534383
-0.016284632
-0.016034881
-0.01578513
-0.015867716
-0.015617965
-0.015368214
-0.015118463
-0.015201049
-0.014951298
-0.014701547
-0.014451796
-0.014534383
-0.014284632
-0.014034881
-0.01378513
-0.013867716
-0.013617965
-0.013368214
-0.013118463
-0.013201049
-0.012951298
-0.012701547
-0.012451796
-0.012534383
-0.012284632
-0.012034881
-0.01178513
-0.011867716
-0.011617965
-0.011368214
-0.011118463
-0.011201049
-0.010951298
-0.010701547
-0.010451796
-0.010534383
-0.010284632
-0.010034881
-0.0097851296
-0.0098677161
-0.009617965
-0.009368214
-0.0091184629
-0.0092010494
-0.0089512983
-0.0087015473
-0.0084517962
-0.0085343827
-0.0082846317
-0.0080348806
-0.0077851296
-0.0078677161
-0.007617965
-0.007368214
-0.0071184629
-0.0072010494
-0.0069512983
-0.0067015473
-0.0064517962
-0.0065343827
-0.0062846317
-0.0060348806
-0.0057851296
-0.0058677161
-0.005617965
-0.005368214
-0.0051184629
-0.0052010494
-0.0049512983
-0.0047015473
-0.0044517962
-0.0045343827
-0.0042846317
-0.0040348806
-0.0037851296
-0.0038677161
-0.003617965
-0.003368214
-0.0031184629
-0.0032010494
-0.0029512983
-0.0027015473
-0.0024517962
-0.0025343827
-0.0022846317
-0.0020348806
-0.0017851296
-0.0018677161
-0.001617965
-0.001368214
-0.0011184629
-0.017201049
-0.016951298
-0.016701547
-0.016451796
-0.016534383
-0.016284632
-0.016034881
-0.01578513
-0.015867716
-0.015617965
-0.015368214
-0.015118463
-0.015201049
-0.014951298
-0.014701547
-0.014451796
-0.014534383
-0.014284632
-0.014034881
-0.01378513
-0.013867716
-0.013617965
-0.013368214
-0.013118463
-0.013201049
-0.012951298
-0.012701547
-0.012451796
-0.012534383
-0.012284632
-0.012034881
-0.01178513
-0.011867716
-0.011617965
-0.011368214
-0.011118463
-0.011201049
-0.010951298
-0.010701547
-0.010451796
-0.010534383
-0.010284632
-0.010034881
-0.0097851296
-0.0098677161
-0.009617965
-0.0093682139
-0.0091184629
-0.0092010494
-0.0089512984
-0.0087015473
-0.0084517962
-0.0085343827
-0.0082846317
-0.0080348806
-0.0077851296
-0.0078677161
-0.007617965
-0.0073682139
-0.0071184629
-0.0072010494
-0.0069512984
-0.0067015473
-0.0064517962
-0.0065343827
-0.0062846317
-0.0060348806
-0.0057851296
-0.0058677161
-0.005617965
-0.0053682139
-0.0051184629
-0.0052010494
-0.0049512984
-0.0047015473
-0.0044517962
-0.0045343827
-0.0042846317
-0.0040348806
-0.0037851296
-0.0038677161
-0.003617965
-0.0033682139
-0.0031184629
-0.0032010494
-0.0029512984
-0.0027015473
-0.0024517962
-0.0025343827
-0.0022846317
-0.0020348806
-0.0017851296
-0.0018677161
-0.001617965
-0.0013682139
-0.0011184629
-0.017201049
-0.016951298
-0.016701547
-0.016451796
-0.016534383
-0.016284632
-0.016034881
-0.01578513
-0.015867716
-0.015617965
-0.015368214
-0.015118463
-0.015201049
-0.014951298
-0.014701547
-0.014451796
-0.014534383
-0.014284632
-0.014034881
-0.01378513
-0.013867716
-0.013617965
-0.013368214
-0.013118463
-0.013201049
-0.012951298
-0.012701547
-0.012451796
-0.012534383
-0.012284632
-0.012034881
-0.01178513
-0.011867716
-0.011617965
-0.011368214
-0.011118463
-0.011201049
-0.010951298
-0.010701547
-0.010451796
-0.010534383
-0.010284632
-0.010034881
-0.0097851296
-0.0098677161
-0.009617965
-0.009368214
-0.0091184629
-0.0092010494
-0.0089512984
-0.0087015473
-0.0084517962
-0.0085343827
-0.0082846317
-0.0080348806
-0.0077851295
-0.0078677161
-0.007617965
-0.007368214
-0.0071184629
-0.0072010494
-0.0069512984
-0.0067015473
-0.0064517962
-0.0065343827
-0.0062846317
-0.0060348806
-0.0057851295
-0.0058677161
-0.005617965
-0.005368214
-0.0051184629
-0.0052010494
-0.0049512984
-0.0047015473
-0.0044517962
-0.0045343828
-0.0042846317
-0.0040348806
-0.0037851295
-0.0038677161
-0.003617965
-0.003368214
-0.0031184629
-0.0032010494
-0.0029512984
-0.0027015473
-0.0024517962
-0.0025343828
-0.0022846317
-0.0020348806
-0.0017851295
-0.0018677161
-0.001617965
-0.001368214
-0.0011184629
-0.017201049
-0.016951298
-0.016701547
-0.016451796
-0.016534383
-0.016284632
-0.016034881
-0.01578513
-0.015867716
-0.015617965
-0.015368214
-0.015118463
-0.015201049
-0.014951298
-0.014701547
-0.014451796
-0.014534383
-0.014284632
-0.014034881
-0.01378513
-0.013867716
-0.013617965
-0.013368214
-0.013118463
-0.013201049
-0.012951298
-0.012701547
-0.012451796
-0.012534383
-0.012284632
-0.012034881
-0.01178513
-0.011867716
-0.011617965
-0.011368214
-0.011118463
-0.011201049
-0.010951298
-0.010701547
-0.010451796
-0.010534383
-0.010284632
-0.010034881
-0.0097851296
-0.0098677161
-0.009617965
-0.0093682139
-0.0091184629
-0.0092010494
-0.0089512984
-0.0087015473
-0.0084517962
-0.0085343827
-0.0082846317
-0.0080348806
-0.0077851296
-0.0078677161
-0.007617965
-0.0073682139
-0.0071184629
-0.0072010494
-0.0069512984
-0.0067015473
-0.0064517962
-0.0065343827
-0.0062846317
-0.0060348806
-0.0057851296
-0.0058677161
-0.005617965
-0.0053682139
-0.0051184629
-0.0052010494
-0.0049512984
-0.0047015473
-0.0044517962
-0.0045343827
-0.0042846317
-0.0040348806
-0.0037851296
-0.0038677161
-0.003617965
-0.0033682139
-0.0031184629
-0.0032010494
-0.0029512984
-0.0027015473
-0.0024517962
-0.0025343827
-0.0022846317
-0.0020348806
-0.0017851296
-0.0018677161
-0.001617965
-0.0013682139
-0.0011184629
-0.017201049
-0.016951298
-0.016701547
-0.016451796
-0.016534383
-0.016284632
-0.016034881
-0.01578513
-0.015867716
-0.015617965
-0.015368214
-0.015118463
-0.015201049
-0.014951298
-0.014701547
-0.014451796
-0.014534383
-0.014284632
-0.014034881
-0.01378513
-0.013867716
-0.013617965
-0.013368214
-0.013118463
-0.013201049
-0.012951298
-0.012701547
-0.012451796
-0.012534383
-0.012284632
-0.012034881
-0.01178513
-0.011867716
-0.011617965
-0.011368214
-0.011118463
-0.011201049
-0.010951298
-0.010701547
-0.010451796
-0.010534383
-0.010284632
-0.010034881
-0.0097851296
-0.0098677161
-0.009617965
-0.009368214
-0.0091184629
-0.0092010494
-0.0089512984
-0.0087015473
-0.0084517962
-0.0085343827
-0.0082846317
-0.0080348806
-0.0077851295
-0.0078677161
-0.007617965
-0.007368214
-0.0071184629
-0.0072010494
-0.0069512984
-0.0067015473
-0.0064517962
-0.0065343828
-0.0062846317
-0.0060348806
-0.0057851295
-0.0058677161
-0.005617965
-0.005368214
-0.0051184629
-0.0052010494
-0.0049512984
-0.0047015473
-0.0044517962
-0.0045343828
-0.0042846317
-0.0040348806
-0.0037851295
-0.0038677161
-0.003617965
-0.003368214
-0.0031184629
-0.0032010494
-0.0029512984
-0.0027015473
-0.0024517962
-0.0025343828
-0.0022846317
-0.0020348806
-0.0017851295
-0.0018677161
-0.001617965
-0.001368214
-0.0011184629
-0.017201049
-0.016951298
-0.016701547
-0.016451796
-0.016534383
-0.016284632
-0.016034881
-0.01578513
-0.015867716
-0.015617965
-0.015368214
-0.015118463
-0.015201049
-0.014951298
-0.014701547
-0.014451796
-0.014534383
-0.014284632
-0.014034881
-0.01378513
-0.013867716
-0.013617965
-0.013368214
-0.013118463
-0.013201049
-0.012951298
-0.012701547
-0.012451796
-0.012534383
-0.012284632
-0.012034881
-0.01178513
-0.011867716
-0.011617965
-0.011368214
-0.011118463
-0.011201049
-0.010951298
-0.010701547
-0.010451796
-0.010534383
-0.010284632
-0.010034881
-0.0097851296
-0.0098677161
-0.009617965
-0.009368214
-0.0091184629
-0.0092010494
-0.0089512983
-0.0087015473
-0.0084517962
-0.0085343828
-0.0082846317
-0.0080348806
-0.0077851296
-0.0078677161
-0.007617965
-0.007368214
-0.0071184629
-0.0072010494
-0.0069512983
-0.0067015473
-0.0064517962
-0.0065343828
-0.0062846317
-0.0060348806
-0.0057851296
-0.0058677161
-0.005617965
-0.0053682139
-0.0051184629
-0.0052010494
-0.0049512983
-0.0047015473
-0.0044517962
-0.0045343828
-0.0042846317
-0.0040348806
-0.0037851296
-0.0038677161
-0.003617965
-0.003368214
-0.0031184629
-0.0032010494
-0.0029512983
-0.0027015473
-0.0024517962
-0.0025343828
-0.0022846317
-0.0020348806
-0.0017851296
-0.0018677161
-0.001617965
-0.001368214
-0.0011184629
-0.017201049
-0.016951298
-0.016701547
-0.016451796
-0.016534383
-0.016284632
-0.016034881
-0.01578513
-0.015867716
-0.015617965
-0.015368214
-0.015118463
-0.015201049
-0.014951298
-0.014701547
-0.014451796
-0.014534383
-0.014284632
-0.014034881
-0.01378513
-0.013867716
-0.013617965
-0.013368214
-0.013118463
-0.013201049
-0.012951298
-0.012701547
-0.012451796
-0.012534383
-0.012284632
-0.012034881
-0.01178513
-0.011867716
-0.011617965
-0.011368214
-0.011118463
-0.011201049
-0.010951298
-0.010701547
-0.010451796
-0.010534383
-0.010284632
-0.010034881
-0.0097851295
-0.0098677161
-0.009617965
-0.009368214
-0.0091184629
-0.0092010494
-0.0089512984
-0.0087015473
-0.0084517962
-0.0085343827
-0.0082846317
-0.0080348806
-0.0077851295
-0.0078677161
-0.007617965
-0.007368214
-0.0071184629
-0.0072010494
-0.0069512984
-0.0067015473
-0.0064517962
-0.0065343827
-0.0062846317
-0.0060348806
-0.0057851295
-0.0058677161
-0.005617965
-0.005368214
-0.0051184629
-0.0052010494
-0.0049512984
-0.0047015473
-0.0044517962
-0.0045343827
-0.0042846317
-0.0040348806
-0.0037851295
-0.0038677161
-0.003617965
-0.003368214
-0.0031184629
-0.0032010494
-0.0029512984
-0.0027015473
-0.0024517962
-0.0025343827
-0.0022846317
-0.0020348806
-0.0017851295
-0.0018677161
-0.001617965
-0.001368214
-0.0011184629
-0.017201049
-0.016951298
-0.016701547
-0.016451796
-0.016534383
-0.016284632
-0.016034881
-0.01578513
-0.015867716
-0.015617965
-0.015368214
-0.015118463
-0.015201049
-0.014951298
-0.014701547
-0.014451796
-0.014534383
-0.014284632
-0.014034881
-0.01378513
-0.013867716
-0.013617965
-0.013368214
-0.013118463
-0.013201049
-0.012951298
-0.012701547
-0.012451796
-0.012534383
-0.012284632
-0.012034881
-0.01178513
-0.011867716
-0.011617965
-0.011368214
-0.011118463
-0.011201049
-0.010951298
-0.010701547
-0.010451796
-0.010534383
-0.010284632
-0.010034881
-0.0097851296
-0.0098677161
-0.009617965
-0.0093682139
-0.0091184629
-0.0092010494
-0.0089512984
-0.0087015473
-0.0084517962
-0.0085343828
-0.0082846317
-0.0080348806
-0.0077851296
-0.0078677161
-0.007617965
-0.0073682139
-0.0071184629
-0.0072010494
-0.0069512984
-0.0067015473
-0.0064517962
-0.0065343828
-0.0062846317
-0.0060348806
-0.0057851296
-0.0058677161
-0.005617965
-0.0053682139
-0.0051184629
-0.0052010494
-0.0049512984
-0.0047015473
-0.0044517962
-0.0045343828
-0.0042846317
-0.0040348806
-0.0037851296
-0.0038677161
-0.003617965
-0.0033682139
-0.0031184629
-0.0032010494
-0.0029512984
-0.0027015473
-0.0024517962
-0.0025343828
-0.0022846317
-0.0020348806
-0.0017851295
-0.0018677161
-0.001617965
-0.0013682139
-0.0011184629
-0.017201049
-0.016951298
-0.016701547
-0.016451796
-0.016534383
-0.016284632
-0.016034881
-0.01578513
-0.015867716
-0.015617965
-0.015368214
-0.015118463
-0.015201049
-0.014951298
-0.014701547
-0.014451796
-0.014534383
-0.014284632
-0.014034881
-0.01378513
-0.013867716
-0.013617965
-0.013368214
-0.013118463
-0.013201049
-0.012951298
-0.012701547
-0.012451796
-0.012534383
-0.012284632
-0.012034881
-0.01178513
-0.011867716
-0.011617965
-0.011368214
-0.011118463
-0.011201049
-0.010951298
-0.010701547
-0.010451796
-0.010534383
-0.010284632
-0.010034881
-0.0097851296
-0.0098677161
-0.009617965
-0.0093682139
-0.0091184629
-0.0092010494
-0.0089512983
-0.0087015473
-0.0084517962
-0.0085343828
-0.0082846317
-0.0080348806
-0.0077851295
-0.0078677161
-0.007617965
-0.007368214
-0.0071184629
-0.0072010494
-0.0069512984
-0.0067015473
-0.0064517962
-0.0065343828
-0.0062846317
-0.0060348806
-0.0057851295
-0.0058677161
-0.005617965
-0.005368214
-0.0051184629
-0.0052010494
-0.0049512984
-0.0047015473
-0.0044517962
-0.0045343827
-0.0042846317
-0.0040348806
-0.0037851295
-0.0038677161
-0.003617965
-0.0033682139
-0.0031184629
-0.0032010494
-0.0029512983
-0.0027015473
-0.0024517962
-0.0025343828
-0.0022846317
-0.0020348806
-0.0017851296
-0.0018677161
-0.001617965
-0.001368214
-0.0011184629
-0.017201049
-0.016951298
-0.016701547
-0.016451796
-0.016534383
-0.016284632
-0.016034881
-0.01578513
-0.015867716
-0.015617965
-0.015368214
-0.015118463
-0.015201049
-0.014951298
-0.014701547
-0.014451796
-0.014534383
-0.014284632
-0.014034881
-0.01378513
-0.013867716
-0.013617965
-0.013368214
-0.013118463
-0.013201049
-0.012951298
-0.012701547
-0.012451796
-0.012534383
-0.012284632
-0.012034881
-0.01178513
-0.011867716
-0.011617965
-0.011368214
-0.011118463
-0.011201049
-0.010951298
-0.010701547
-0.010451796
-0.010534383
-0.010284632
-0.010034881
-0.0097851296
-0.0098677161
-0.009617965
-0.009368214
-0.0091184629
-0.0092010494
-0.0089512983
-0.0087015473
-0.0084517962
-0.0085343828
-0.0082846317
-0.0080348806
-0.0077851296
-0.0078677161
-0.007617965
-0.0073682139
-0.0071184629
-0.0072010494
-0.0069512983
-0.0067015473
-0.0064517962
-0.0065343828
-0.0062846317
-0.0060348806
-0.0057851296
-0.0058677161
-0.005617965
-0.0053682139
-0.0051184629
-0.0052010494
-0.0049512983
-0.0047015473
-0.0044517962
-0.0045343828
-0.0042846317
-0.0040348806
-0.0037851296
-0.0038677161
-0.003617965
-0.003368214
-0.0031184629
-0.0032010494
-0.0029512983
-0.0027015473
-0.0024517962
-0.0025343828
-0.0022846317
-0.0020348806
-0.0017851295
-0.0018677161
-0.001617965
-0.0013682139
-0.0011184629
-0.017201049
-0.016951298
-0.016701547
-0.016451796
-0.016534383
-0.016284632
-0.016034881
-0.01578513
-0.015867716
-0.015617965
-0.015368214
-0.015118463
-0.015201049
-0.014951298
-0.014701547
-0.014451796
-0.014534383
-0.014284632
-0.014034881
-0.01378513
-0.013867716
-0.013617965
-0.013368214
-0.013118463
-0.013201049
-0.012951298
-0.012701547
-0.012451796
-0.012534383
-0.012284632
-0.012034881
-0.01178513
-0.011867716
-0.011617965
-0.011368214
-0.011118463
-0.011201049
-0.010951298
-0.010701547
-0.010451796
-0.010534383
-0.010284632
-0.010034881
-0.0097851296
-0.0098677161
-0.009617965
-0.0093682139
-0.0091184629
-0.0092010494
-0.0089512984
-0.0087015473
-0.0084517962
-0.0085343828
-0.0082846317
-0.0080348806
-0.0077851295
-0.0078677161
-0.007617965
-0.0073682139
-0.0071184629
-0.0072010494
-0.0069512984
-0.0067015473
-0.0064517962
-0.0065343828
-0.0062846317
-0.0060348806
-0.0057851295
-0.0058677161
-0.005617965
-0.0053682139
-0.0051184629
-0.0052010494
-0.0049512984
-0.0047015473
-0.0044517962
-0.0045343828
-0.0042846317
-0.0040348806
-0.0037851295
-0.0038677161
-0.003617965
-0.0033682139
-0.0031184629
-0.0032010494
-0.0029512984
-0.0027015473
-0.0024517962
-0.0025343828
-0.0022846317
-0.0020348806
-0.0017851295
-0.0018677161
-0.001617965
-0.0013682139
-0.0011184629
-0.017201049
-0.016951298
-0.016701547
-0.016451796
-0.016534383
-0.016284632
-0.016034881
-0.01578513
-0.015867716
-0.015617965
-0.015368214
-0.015118463
-0.015201049
-0.014951298
-0.014701547
-0.014451796
-0.014534383
-0.014284632
-0.014034881
-0.01378513
-0.013867716
-0.013617965
-0.013368214
-0.013118463
-0.013201049
-0.012951298
-0.012701547
-0.012451796
-0.012534383
-0.012284632
-0.012034881
-0.01178513
-0.011867716
-0.011617965
-0.011368214
-0.011118463
-0.011201049
-0.010951298
-0.010701547
-0.010451796
-0.010534383
-0.010284632
-0.010034881
-0.0097851295
-0.0098677161
-0.009617965
-0.009368214
-0.0091184629
-0.0092010494
-0.0089512984
-0.0087015473
-0.0084517962
-0.0085343827
-0.0082846317
-0.0080348806
-0.0077851295
-0.0078677161
-0.007617965
-0.007368214
-0.0071184629
-0.0072010494
-0.0069512984
-0.0067015473
-0.0064517962
-0.0065343828
-0.0062846317
-0.0060348806
-0.0057851295
-0.0058677161
-0.005617965
-0.005368214
-0.0051184629
-0.0052010494
-0.0049512984
-0.0047015473
-0.0044517962
-0.0045343828
-0.0042846317
-0.0040348806
-0.0037851295
-0.0038677161
-0.003617965
-0.003368214
-0.0031184629
-0.0032010494
-0.0029512984
-0.0027015473
-0.0024517962
-0.0025343828
-0.0022846317
-0.0020348806
-0.0017851295
-0.0018677161
-0.001617965
-0.001368214
-0.0011184629
-0.017201049
-0.016951298
-0.016701547
-0.016451796
-0.016534383
-0.016284632
-0.016034881
-0.01578513
-0.015867716
-0.015617965
-0.015368214
-0.015118463
-0.015201049
-0.014951298
-0.014701547
-0.014451796
-0.014534383
-0.014284632
-0.014034881
-0.01378513
-0.013867716
-0.013617965
-0.013368214
-0.013118463
-0.013201049
-0.012951298
-0.012701547
-0.012451796
-0.012534383
-0.012284632
-0.012034881
-0.01178513
-0.011867716
-0.011617965
-0.011368214
-0.011118463
-0.011201049
-0.010951298
-0.010701547
-0.010451796
-0.010534383
-0.010284632
-0.010034881
-0.0097851296
-0.0098677161
-0.009617965
-0.009368214
-0.0091184629
-0.0092010494
-0.0089512983
-0.0087015473
-0.0084517962
-0.0085343828
-0.0082846317
-0.0080348806
-0.0077851295
-0.0078677161
-0.007617965
-0.007368214
-0.0071184629
-0.0072010494
-0.0069512983
-0.0067015473
-0.0064517962
-0.0065343828
-0.0062846317
-0.0060348806
-0.0057851295
-0.0058677161
-0.005617965
-0.005368214
-0.0051184629
-0.0052010494
-0.0049512983
-0.0047015473
-0.0044517962
-0.0045343828
-0.0042846317
-0.0040348806
-0.0037851295
-0.0038677161
-0.003617965
-0.003368214
-0.0031184629
-0.0032010494
-0.0029512984
-0.0027015473
-0.0024517962
-0.0025343828
-0.0022846317
-0.0020348806
-0.0017851295
-0.0018677161
-0.001617965
-0.001368214
-0.0011184629
-0.016128272
-0.015730976
-0.015333679
-0.014936383
-0.015461606
-0.015064309
-0.014667013
-0.014269716
-0.014794939
-0.014397643
-0.014000346
-0.013603049
-0.014128272
-0.013730976
-0.013333679
-0.012936383
-0.013461606
-0.013064309
-0.012667013
-0.012269716
-0.012794939
-0.012397643
-0.012000346
-0.011603049
-0.012128272
-0.011730976
-0.011333679
-0.010936383
-0.011461606
-0.011064309
-0.010667013
-0.010269716
-0.010794939
-0.010397643
-0.010000346
-0.0096030494
-0.010128272
-0.0097309759
-0.0093336793
-0.0089363827
-0.0094616058
-0.0090643092
-0.0086670126
-0.008269716
-0.0087949391
-0.0083976426
-0.008000346
-0.0076030494
-0.0081282725
-0.0077309759
-0.0073336793
-0.0069363827
-0.0074616058
-0.0070643092
-0.0066670126
-0.006269716
-0.0067949391
-0.0063976426
-0.006000346
-0.0056030494
-0.0061282725
-0.0057309759
-0.0053336793
-0.0049363827
-0.0054616058
-0.0050643092
-0.0046670126
-0.004269716
-0.0047949391
-0.0043976426
-0.004000346
-0.0036030494
-0.0041282725
-0.0037309759
-0.0033336793
-0.0029363827
-0.0034616058
-0.0030643092
-0.0026670126
-0.002269716
-0.0027949391
-0.0023976426
-0.002000346
-0.0016030494
-0.0021282725
-0.0017309759
-0.0013336793
-0.00093638271
-0.0014616058
-0.0010643092
-0.00066701262
-0.00026971604
-0.00079493914
-0.00039764256
-3.4596048e-07
0.00039695063
-0.016128272
-0.015730976
-0.015333679
-0.014936383
-0.015461606
-0.015064309
-0.014667013
-0.014269716
-0.014794939
-0.014397643
-0.014000346
-0.013603049
-0.014128272
-0.013730976
-0.013333679
-0.012936383
-0.013461606
-0.013064309
-0.012667013
-0.012269716
-0.012794939
-0.012397643
-0.012000346
-0.011603049
-0.012128272
-0.011730976
-0.011333679
-0.010936383
-0.011461606
-0.011064309
-0.010667013
-0.010269716
-0.010794939
-0.010397643
-0.010000346
-0.0096030494
-0.010128272
-0.0097309759
-0.0093336793
-0.0089363827
-0.0094616058
-0.0090643092
-0.0086670126
-0.008269716
-0.0087949391
-0.0083976426
-0.008000346
-0.0076030494
-0.0081282725
-0.0077309759
-0.0073336793
-0.0069363827
-0.0074616058
-0.0070643092
-0.0066670126
-0.006269716
-0.0067949391
-0.0063976426
-0.006000346
-0.0056030494
-0.0061282725
-0.0057309759
-0.0053336793
-0.0049363827
-0.0054616058
-0.0050643092
-0.0046670126
-0.004269716
-0.0047949391
-0.0043976426
-0.004000346
-0.0036030494
-0.0041282725
-0.0037309759
-0.0033336793
-0.0029363827
-0.0034616058
-0.0030643092
-0.0026670126
-0.002269716
-0.0027949391
-0.0023976426
-0.002000346
-0.0016030494
-0.0021282725
-0.0017309759
-0.0013336793
-0.0009363827
-0.0014616058
-0.0010643092
-0.00066701263
-0.00026971604
-0.00079493914
-0.00039764255
-3.4596442e-07
0.00039695063
-0.016128272
-0.015730976
-0.015333679
-0.014936383
-0.015461606
-0.015064309
-0.014667013
-0.014269716
-0.014794939
-0.014397643
-0.014000346
-0.013603049
-0.014128272
-0.013730976
-0.013333679
-0.012936383
-0.013461606
-0.013064309
-0.012667013
-0.012269716
-0.012794939
-0.012397643
-0.012000346
-0.011603049
-0.012128272
-0.011730976
-0.011333679
-0.010936383
-0.011461606
-0.011064309
-0.010667013
-0.010269716
-0.010794939
-0.010397643
-0.010000346
-0.0096030494
-0.010128272
-0.0097309759
-0.0093336793
-0.0089363827
-0.0094616058
-0.0090643092
-0.0086670126
-0.008269716
-0.0087949391
-0.0083976426
-0.008000346
-0.0076030494
-0.0081282725
-0.0077309759
-0.0073336793
-0.0069363827
-0.0074616058
-0.0070643092
-0.0066670126
-0.006269716
-0.0067949391
-0.0063976426
-0.006000346
-0.0056030494
-0.0061282725
-0.0057309759
-0.0053336793
-0.0049363827
-0.0054616058
-0.0050643092
-0.0046670126
-0.004269716
-0.0047949391
-0.0043976426
-0.004000346
-0.0036030494
-0.0041282725
-0.0037309759
-0.0033336793
-0.0029363827
-0.0034616058
-0.0030643092
-0.0026670126
-0.002269716
-0.0027949391
-0.0023976426
-0.002000346
-0.0016030494
-0.0021282725
-0.0017309759
-0.0013336793
-0.00093638271
-0.0014616058
-0.0010643092
-0.00066701263
-0.00026971604
-0.00079493915
-0.00039764255
-3.4596158e-07
0.00039695063
-0.016128272
-0.015730976
-0.015333679
-0.014936383
-0.015461606
-0.015064309
-0.014667013
-0.014269716
-0.014794939
-0.014397643
-0.014000346
-0.013603049
-0.014128272
-0.013730976
-0.013333679
-0.012936383
-0.013461606
-0.013064309
-0.012667013
-0.012269716
-0.012794939
-0.012397643
-0.012000346
-0.011603049
-0.012128272
-0.011730976
-0.011333679
-0.010936383
-0.011461606
-0.011064309
-0.010667013
-0.010269716
-0.010794939
-0.010397643
-0.010000346
-0.0096030494
-0.010128272
-0.0097309759
-0.0093336793
-0.0089363827
-0.0094616058
-0.0090643092
-0.0086670126
-0.008269716
-0.0087949391
-0.0083976426
-0.008000346
-0.0076030494
-0.0081282725
-0.0077309759
-0.0073336793
-0.0069363827
-0.0074616058
-0.0070643092
-0.0066670126
-0.006269716
-0.0067949391
-0.0063976426
-0.006000346
-0.0056030494
-0.0061282725
-0.0057309759
-0.0053336793
-0.0049363827
-0.0054616058
-0.0050643092
-0.0046670126
-0.004269716
-0.0047949391
-0.0043976426
-0.004000346
-0.0036030494
-0.0041282725
-0.0037309759
-0.0033336793
-0.0029363827
-0.0034616058
-0.0030643092
-0.0026670126
-0.002269716
-0.0027949391
-0.0023976426
-0.002000346
-0.0016030494
-0.0021282725
-0.0017309759
-0.0013336793
-0.0009363827
-0.0014616058
-0.0010643092
-0.00066701263
-0.00026971604
-0.00079493914
-0.00039764256
-3.4596175e-07
0.00039695063
-0.016128272
-0.015730976
-0.015333679
-0.014936383
-0.015461606
-0.015064309
-0.014667013
-0.014269716
-0.014794939
-0.014397643
-0.014000346
-0.013603049
-0.014128272
-0.013730976
-0.013333679
-0.012936383
-0.013461606
-0.013064309
-0.012667013
-0.012269716
-0.012794939
-0.012397643
-0.012000346
-0.011603049
-0.012128272
-0.011730976
-0.011333679
-0.010936383
-0.011461606
-0.011064309
-0.010667013
-0.010269716
-0.010794939
-0.010397643
-0.010000346
-0.0096030494
-0.010128272
-0.0097309759
-0.0093336793
-0.0089363827
-0.0094616058
-0.0090643092
-0.0086670126
-0.008269716
-0.0087949391
-0.0083976426
-0.008000346
-0.0076030494
-0.0081282725
-0.0077309759
-0.0073336793
-0.0069363827
-0.0074616058
-0.0070643092
-0.0066670126
-0.006269716
-0.0067949391
-0.0063976426
-0.006000346
-0.0056030494
-0.0061282725
-0.0057309759
-0.0053336793
-0.0049363827
-0.0054616058
-0.0050643092
-0.0046670126
-0.004269716
-0.0047949391
-0.0043976426
-0.004000346
-0.0036030494
-0.0041282725
-0.0037309759
-0.0033336793
-0.0029363827
-0.0034616058
-0.0030643092
-0.0026670126
-0.002269716
-0.0027949391
-0.0023976426
-0.002000346
-0.0016030494
-0.0021282725
-0.0017309759
-0.0013336793
-0.0009363827
-0.0014616058
-0.0010643092
-0.00066701263
-0.00026971604
-0.00079493915
-0.00039764255
-3.4596374e-07
0.00039695063
-0.016128272
-0.015730976
-0.015333679
-0.014936383
-0.015461606
-0.015064309
-0.014667013
-0.014269716
-0.014794939
-0.014397643
-0.014000346
-0.013603049
-0.014128272
-0.013730976
-0.013333679
-0.012936383
-0.013461606
-0.013064309
-0.012667013
-0.012269716
-0.012794939
-0.012397643
-0.012000346
-0.011603049
-0.012128272
-0.011730976
-0.011333679
-0.010936383
-0.011461606
-0.011064309
-0.010667013
-0.010269716
-0.010794939
-0.010397643
-0.010000346
-0.0096030494
-0.010128272
-0.0097309759
-0.0093336793
-0.0089363827
-0.0094616058
-0.0090643092
-0.0086670126
-0.008269716
-0.0087949392
-0.0083976426
-0.008000346
-0.0076030494
-0.0081282725
-0.0077309759
-0.0073336793
-0.0069363827
-0.0074616058
-0.0070643092
-0.0066670126
-0.006269716
-0.0067949391
-0.0063976426
-0.006000346
-0.0056030494
-0.0061282725
-0.0057309759
-0.0053336793
-0.0049363827
-0.0054616058
-0.0050643092
-0.0046670126
-0.004269716
-0.0047949391
-0.0043976426
-0.004000346
-0.0036030494
-0.0041282725
-0.0037309759
-0.0033336793
-0.0029363827
-0.0034616058
-0.0030643092
-0.0026670126
-0.002269716
-0.0027949391
-0.0023976426
-0.002000346
-0.0016030494
-0.0021282725
-0.0017309759
-0.0013336793
-0.0009363827
-0.0014616058
-0.0010643092
-0.00066701263
-0.00026971603
-0.00079493915
-0.00039764255
-3.4596129e-07
0.00039695063
-0.016128272
-0.015730976
-0.015333679
-0.014936383
-0.015461606
-0.015064309
-0.014667013
-0.014269716
-0.014794939
-0.014397643
-0.014000346
-0.013603049
-0.014128272
-0.013730976
-0.013333679
-0.012936383
-0.013461606
-0.013064309
-0.012667013
-0.012269716
-0.012794939
-0.012397643
-0.012000346
-0.011603049
-0.012128272
-0.011730976
-0.011333679
-0.010936383
-0.011461606
-0.011064309
-0.010667013
-0.010269716
-0.010794939
-0.010397643
-0.010000346
-0.0096030494
-0.010128272
-0.0097309759
-0.0093336793
-0.0089363827
-0.0094616058
-0.0090643092
-0.0086670126
-0.008269716
-0.0087949391
-0.0083976426
-0.008000346
-0.0076030494
-0.0081282725
-0.0077309759
-0.0073336793
-0.0069363827
-0.0074616058
-0.0070643092
-0.0066670126
-0.006269716
-0.0067949391
-0.0063976426
-0.006000346
-0.0056030494
-0.0061282725
-0.0057309759
-0.0053336793
-0.0049363827
-0.0054616058
-0.0050643092
-0.0046670126
-0.004269716
-0.0047949391
-0.0043976426
-0.004000346
-0.0036030494
-0.0041282725
-0.0037309759
-0.0033336793
-0.0029363827
-0.0034616058
-0.0030643092
-0.0026670126
-0.002269716
-0.0027949391
-0.0023976426
-0.002000346
-0.0016030494
-0.0021282725
-0.0017309759
-0.0013336793
-0.0009363827
-0.0014616058
-0.0010643092
-0.00066701263
-0.00026971603
-0.00079493915
-0.00039764256
-3.4596064e-07
0.00039695063
-0.016128272
-0.015730976
-0.015333679
-0.014936383
-0.015461606
-0.015064309
-0.014667013
-0.014269716
-0.014794939
-0.014397643
-0.014000346
-0.013603049
-0.014128272
-0.013730976
-0.013333679
-0.012936383
-0.013461606
-0.013064309
-0.012667013
-0.012269716
-0.012794939
-0.012397643
-0.012000346
-0.011603049
-0.012128272
-0.011730976
-0.011333679
-0.010936383
-0.011461606
-0.011064309
-0.010667013
-0.010269716
-0.010794939
-0.010397643
-0.010000346
-0.0096030494
-0.010128272
-0.0097309759
-0.0093336793
-0.0089363827
-0.0094616058
-0.0090643092
-0.0086670126
-0.008269716
-0.0087949392
-0.0083976426
-0.008000346
-0.0076030494
-0.0081282725
-0.0077309759
-0.0073336793
-0.0069363827
-0.0074616058
-0.0070643092
-0.0066670126
-0.006269716
-0.0067949392
-0.0063976426
-0.006000346
-0.0056030494
-0.0061282725
-0.0057309759
-0.0053336793
-0.0049363827
-0.0054616058
-0.0050643092
-0.0046670126
-0.004269716
-0.0047949392
-0.0043976426
-0.004000346
-0.0036030494
-0.0041282725
-0.0037309759
-0.0033336793
-0.0029363827
-0.0034616058
-0.0030643092
-0.0026670126
-0.002269716
-0.0027949392
-0.0023976426
-0.002000346
-0.0016030494
-0.0021282725
-0.0017309759
-0.0013336793
-0.0009363827
-0.0014616058
-0.0010643092
-0.00066701263
-0.00026971603
-0.00079493915
-0.00039764255
-3.4596343e-07
0.00039695063
-0.016128272
-0.015730976
-0.015333679
-0.014936383
-0.015461606
-0.015064309
-0.014667013
-0.014269716
-0.014794939
-0.014397643
-0.014000346
-0.013603049
-0.014128272
-0.013730976
-0.013333679
-0.012936383
-0.013461606
-0.013064309
-0.012667013
-0.012269716
-0.012794939
-0.012397643
-0.012000346
-0.011603049
-0.012128272
-0.011730976
-0.011333679
-0.010936383
-0.011461606
-0.011064309
-0.010667013
-0.010269716
-0.010794939
-0.010397643
-0.010000346
-0.0096030494
-0.010128272
-0.0097309759
-0.0093336793
-0.0089363827
-0.0094616058
-0.0090643092
-0.0086670126
-0.008269716
-0.0087949392
-0.0083976426
-0.008000346
-0.0076030494
-0.0081282725
-0.0077309759
-0.0073336793
-0.0069363827
-0.0074616058
-0.0070643092
-0.0066670126
-0.006269716
-0.0067949391
-0.0063976426
-0.006000346
-0.0056030494
-0.0061282725
-0.0057309759
-0.0053336793
-0.0049363827
-0.0054616058
-0.0050643092
-0.0046670126
-0.004269716
-0.0047949391
-0.0043976426
-0.004000346
-0.0036030494
-0.0041282725
-0.0037309759
-0.0033336793
-0.0029363827
-0.0034616058
-0.0030643092
-0.0026670126
-0.002269716
-0.0027949391
-0.0023976426
-0.002000346
-0.0016030494
-0.0021282725
-0.0017309759
-0.0013336793
-0.0009363827
-0.0014616058
-0.0010643092
-0.00066701263
-0.00026971604
-0.00079493915
-0.00039764256
-3.4596056e-07
0.00039695063
-0.016128272
-0.015730976
-0.015333679
-0.014936383
-0.015461606
-0.015064309
-0.014667013
-0.014269716
-0.014794939
-0.014397643
-0.014000346
-0.013603049
-0.014128272
-0.013730976
-0.013333679
-0.012936383
-0.013461606
-0.013064309
-0.012667013
-0.012269716
-0.012794939
-0.012397643
-0.012000346
-0.011603049
-0.012128272
-0.011730976
-0.011333679
-0.010936383
-0.011461606
-0.011064309
-0.010667013
-0.010269716
-0.010794939
-0.010397643
-0.010000346
-0.0096030494
-0.010128272
-0.0097309759
-0.0093336793
-0.0089363827
-0.0094616058
-0.0090643092
-0.0086670126
-0.008269716
-0.0087949392
-0.0083976426
-0.008000346
-0.0076030494
-0.0081282725
-0.0077309759
-0.0073336793
-0.0069363827
-0.0074616058
-0.0070643092
-0.0066670126
-0.006269716
-0.0067949392
-0.0063976426
-0.006000346
-0.0056030494
-0.0061282725
-0.0057309759
-0.0053336793
-0.0049363827
-0.0054616058
-0.0050643092
-0.0046670126
-0.004269716
-0.0047949392
-0.0043976426
-0.004000346
-0.0036030494
-0.0041282725
-0.0037309759
-0.0033336793
-0.0029363827
-0.0034616058
-0.0030643092
-0.0026670126
-0.002269716
-0.0027949391
-0.0023976426
-0.002000346
-0.0016030494
-0.0021282725
-0.0017309759
-0.0013336793
-0.0009363827
-0.0014616058
-0.0010643092
-0.00066701263
-0.00026971603
-0.00079493915
-0.00039764256
-3.4596211e-07
0.00039695063
-0.016128272
-0.015730976
-0.015333679
-0.014936383
-0.015461606
-0.015064309
-0.014667013
-0.014269716
-0.014794939
-0.014397643
-0.014000346
-0.013603049
-0.014128272
-0.013730976
-0.013333679
-0.012936383
-0.013461606
-0.013064309
-0.012667013
-0.012269716
-0.012794939
-0.012397643
-0.012000346
-0.011603049
-0.012128272
-0.011730976
-0.011333679
-0.010936383
-0.011461606
-0.011064309
-0.010667013
-0.010269716
-0.010794939
-0.010397643
-0.010000346
-0.0096030494
-0.010128272
-0.0097309759
-0.0093336793
-0.0089363827
-0.0094616058
-0.0090643092
-0.0086670126
-0.008269716
-0.0087949392
-0.0083976426
-0.008000346
-0.0076030494
-0.0081282725
-0.0077309759
-0.0073336793
-0.0069363827
-0.0074616058
-0.0070643092
-0.0066670126
-0.006269716
-0.0067949392
-0.0063976426
-0.006000346
-0.0056030494
-0.0061282725
-0.0057309759
-0.0053336793
-0.0049363827
-0.0054616058
-0.0050643092
-0.0046670126
-0.004269716
-0.0047949392
-0.0043976426
-0.004000346
-0.0036030494
-0.0041282725
-0.0037309759
-0.0033336793
-0.0029363827
-0.0034616058
-0.0030643092
-0.0026670126
-0.002269716
-0.0027949392
-0.0023976426
-0.002000346
-0.0016030494
-0.0021282725
-0.0017309759
-0.0013336793
-0.0009363827
-0.0014616058
-0.0010643092
-0.00066701262
-0.00026971603
-0.00079493915
-0.00039764256
-3.4595743e-07
0.00039695063
-0.016128272
-0.015730976
-0.015333679
-0.014936383
-0.015461606
-0.015064309
-0.014667013
-0.014269716
-0.014794939
-0.014397643
-0.014000346
-0.013603049
-0.014128272
-0.013730976
-0.013333679
-0.012936383
-0.013461606
-0.013064309
-0.012667013
-0.012269716
-0.012794939
-0.012397643
-0.012000346
-0.011603049
-0.012128272
-0.011730976
-0.011333679
-0.010936383
-0.011461606
-0.011064309
-0.010667013
-0.010269716
-0.010794939
-0.010397643
-0.010000346
-0.0096030494
-0.010128272
-0.0097309759
-0.0093336793
-0.0089363827
-0.0094616058
-0.0090643092
-0.0086670126
-0.008269716
-0.0087949391
-0.0083976426
-0.008000346
-0.0076030494
-0.0081282725
-0.0077309759
-0.0073336793
-0.0069363827
-0.0074616058
-0.0070643092
-0.0066670126
-0.006269716
-0.0067949391
-0.0063976426
-0.006000346
-0.0056030494
-0.0061282725
-0.0057309759
-0.0053336793
-0.0049363827
-0.0054616058
-0.0050643092
-0.0046670126
-0.004269716
-0.0047949392
-0.0043976426
-0.004000346
-0.0036030494
-0.0041282725
-0.0037309759
-0.0033336793
-0.0029363827
-0.0034616058
-0.0030643092
-0.0026670126
-0.002269716
-0.0027949391
-0.0023976426
-0.002000346
-0.0016030494
-0.0021282725
-0.0017309759
-0.0013336793
-0.0009363827
-0.0014616058
-0.0010643092
-0.00066701263
-0.00026971603
-0.00079493915
-0.00039764256
-3.4595936e-07
0.00039695064
-0.016128272
-0.015730976
-0.015333679
-0.014936383
-0.015461606
-0.015064309
-0.014667013
-0.014269716
-0.014794939
-0.014397643
-0.014000346
-0.013603049
-0.014128272
-0.013730976
-0.013333679
-0.012936383
-0.013461606
-0.013064309
-0.012667013
-0.012269716
-0.012794939
-0.012397643
-0.012000346
-0.011603049
-0.012128272
-0.011730976
-0.011333679
-0.010936383
-0.011461606
-0.011064309
-0.010667013
-0.010269716
-0.010794939
-0.010397643
-0.010000346
-0.0096030494
-0.010128272
-0.0097309759
-0.0093336793
-0.0089363827
-0.0094616058
-0.0090643092
-0.0086670126
-0.008269716
-0.0087949392
-0.0083976426
-0.008000346
-0.0076030494
-0.0081282725
-0.0077309759
-0.0073336793
-0.0069363827
-0.0074616058
-0.0070643092
-0.0066670126
-0.006269716
-0.0067949392
-0.0063976426
-0.006000346
-0.0056030494
-0.0061282725
-0.0057309759
-0.0053336793
-0.0049363827
-0.0054616058
-0.0050643092
-0.0046670126
-0.004269716
-0.0047949392
-0.0043976426
-0.004000346
-0.0036030494
-0.0041282725
-0.0037309759
-0.0033336793
-0.0029363827
-0.0034616058
-0.0030643092
-0.0026670126
-0.002269716
-0.0027949392
-0.0023976426
-0.002000346
-0.0016030494
-0.0021282725
-0.0017309759
-0.0013336793
-0.0009363827
-0.0014616058
-0.0010643092
-0.00066701263
-0.00026971603
-0.00079493915
-0.00039764255
-3.4596212e-07
0.00039695064
-0.016128272
-0.015730976
-0.015333679
-0.014936383
-0.015461606
-0.015064309
-0.014667013
-0.014269716
-0.014794939
-0.014397643
-0.014000346
-0.013603049
-0.014128272
-0.013730976
-0.013333679
-0.012936383
-0.013461606
-0.013064309
-0.012667013
-0.012269716
-0.012794939
-0.012397643
-0.012000346
-0.011603049
-0.012128272
-0.011730976
-0.011333679
-0.010936383
-0.011461606
-0.011064309
-0.010667013
-0.010269716
-0.010794939
-0.010397643
-0.010000346
-0.0096030494
-0.010128272
-0.0097309759
-0.0093336793
-0.0089363827
-0.0094616058
-0.0090643092
-0.0086670126
-0.008269716
-0.0087949392
-0.0083976426
-0.008000346
-0.0076030494
-0.0081282725
-0.0077309759
-0.0073336793
-0.0069363827
-0.0074616058
-0.0070643092
-0.0066670126
-0.006269716
-0.0067949392
-0.0063976426
-0.006000346
-0.0056030494
-0.0061282725
-0.0057309759
-0.0053336793
-0.0049363827
-0.0054616058
-0.0050643092
-0.0046670126
-0.004269716
-0.0047949392
-0.0043976426
-0.004000346
-0.0036030494
-0.0041282725
-0.0037309759
-0.0033336793
-0.0029363827
-0.0034616058
-0.0030643092
-0.0026670126
-0.002269716
-0.0027949392
-0.0023976426
-0.002000346
-0.0016030494
-0.0021282725
-0.0017309759
-0.0013336793
-0.00093638269
-0.0014616058
-0.0010643092
-0.00066701263
-0.00026971603
-0.00079493915
-0.00039764256
-3.4595882e-07
0.00039695064
-0.016128272
-0.015730976
-0.015333679
-0.014936383
-0.015461606
-0.015064309
-0.014667013
-0.014269716
-0.014794939
-0.014397643
-0.014000346
-0.013603049
-0.014128272
-0.013730976
-0.013333679
-0.012936383
-0.013461606
-0.013064309
-0.012667013
-0.012269716
-0.012794939
-0.012397643
-0.012000346
-0.011603049
-0.012128272
-0.011730976
-0.011333679
-0.010936383
-0.011461606
-0.011064309
-0.010667013
-0.010269716
-0.010794939
-0.010397643
-0.010000346
-0.0096030494
-0.010128272
-0.0097309759
-0.0093336793
-0.0089363827
-0.0094616058
-0.0090643092
-0.0086670126
-0.008269716
-0.0087949392
-0.0083976426
-0.008000346
-0.0076030494
-0.0081282725
-0.0077309759
-0.0073336793
-0.0069363827
-0.0074616058
-0.0070643092
-0.0066670126
-0.006269716
-0.0067949392
-0.0063976426
-0.006000346
-0.0056030494
-0.0061282725
-0.0057309759
-0.0053336793
-0.0049363827
-0.0054616058
-0.0050643092
-0.0046670126
-0.004269716
-0.0047949392
-0.0043976426
-0.004000346
-0.0036030494
-0.0041282725
-0.0037309759
-0.0033336793
-0.0029363827
-0.0034616058
-0.0030643092
-0.0026670126
-0.002269716
-0.0027949392
-0.0023976426
-0.002000346
-0.0016030494
-0.0021282725
-0.0017309759
-0.0013336793
-0.0009363827
-0.0014616058
-0.0010643092
-0.00066701263
-0.00026971603
-0.00079493915
-0.00039764256
-3.4595894e-07
0.00039695064
-0.016128272
-0.015730976
-0.015333679
-0.014936383
-0.015461606
-0.015064309
-0.014667013
-0.014269716
-0.014794939
-0.014397643
-0.014000346
-0.013603049
-0.014128272
-0.013730976
-0.013333679
-0.012936383
-0.013461606
-0.013064309
-0.012667013
-0.012269716
-0.012794939
-0.012397643
-0.012000346
-0.011603049
-0.012128272
-0.011730976
-0.011333679
-0.010936383
-0.011461606
-0.011064309
-0.010667013
-0.010269716
-0.010794939
-0.010397643
-0.010000346
-0.0096030494
-0.010128272
-0.0097309759
-0.0093336793
-0.0089363827
-0.0094616058
-0.0090643092
-0.0086670126
-0.008269716
-0.0087949392
-0.0083976426
-0.008000346
-0.0076030494
-0.0081282725
-0.0077309759
-0.0073336793
-0.0069363827
-0.0074616058
-0.0070643092
-0.0066670126
-0.006269716
-0.0067949392
-0.0063976426
-0.006000346
-0.0056030494
-0.0061282725
-0.0057309759
-0.0053336793
-0.0049363827
-0.0054616058
-0.0050643092
-0.0046670126
-0.004269716
-0.0047949392
-0.0043976426
-0.004000346
-0.0036030494
-0.0041282725
-0.0037309759
-0.0033336793
-0.0029363827
-0.0034616058
-0.0030643092
-0.0026670126
-0.002269716
-0.0027949392
-0.0023976426
-0.002000346
-0.0016030494
-0.0021282725
-0.0017309759
-0.0013336793
-0.00093638269
-0.0014616058
-0.0010643092
-0.00066701263
-0.00026971603
-0.00079493916
-0.00039764255
-3.4596127e-07
0.00039695064
-0.016128272
-0.015730976
-0.015333679
-0.014936383
-0.015461606
-0.015064309
-0.014667013
-0.014269716
-0.014794939
-0.014397643
-0.014000346
-0.013603049
-0.014128272
-0.013730976
-0.013333679
-0.012936383
-0.013461606
-0.013064309
-0.012667013
-0.012269716
-0.012794939
-0.012397643
-0.012000346
-0.011603049
-0.012128272
-0.011730976
-0.011333679
-0.010936383
-0.011461606
-0.011064309
-0.010667013
-0.010269716
-0.010794939
-0.010397643
-0.010000346
-0.0096030494
-0.010128272
-0.0097309759
-0.0093336793
-0.0089363827
-0.0094616058
-0.0090643092
-0.0086670126
-0.008269716
-0.0087949392
-0.0083976426
-0.008000346
-0.0076030494
-0.0081282725
-0.0077309759
-0.0073336793
-0.0069363827
-0.0074616058
-0.0070643092
-0.0066670126
-0.006269716
-0.0067949392
-0.0063976426
-0.006000346
-0.0056030494
-0.0061282725
-0.0057309759
-0.0053336793
-0.0049363827
-0.0054616058
-0.0050643092
-0.0046670126
-0.004269716
-0.0047949392
-0.0043976426
-0.004000346
-0.0036030494
-0.0041282725
-0.0037309759
-0.0033336793
-0.0029363827
-0.0034616058
-0.0030643092
-0.0026670126
-0.002269716
-0.0027949392
-0.0023976426
-0.002000346
-0.0016030494
-0.0021282725
-0.0017309759
-0.0013336793
-0.00093638269
-0.0014616058
-0.0010643092
-0.00066701263
-0.00026971603
-0.00079493916
-0.00039764256
-3.4595755e-07
0.00039695064
-0.016128272
-0.015730976
-0.015333679
-0.014936383
-0.015461606
-0.015064309
-0.014667013
-0.014269716
-0.014794939
-0.014397643
-0.014000346
-0.013603049
-0.014128272
-0.013730976
-0.013333679
-0.012936383
-0.013461606
-0.013064309
-0.012667013
-0.012269716
-0.012794939
-0.012397643
-0.012000346
-0.011603049
-0.012128272
-0.011730976
-0.011333679
-0.010936383
-0.011461606
-0.011064309
-0.010667013
-0.010269716
-0.010794939
-0.010397643
-0.010000346
-0.0096030494
-0.010128272
-0.0097309759
-0.0093336793
-0.0089363827
-0.0094616058
-0.0090643092
-0.0086670126
-0.008269716
-0.0087949392
-0.0083976426
-0.008000346
-0.0076030494
-0.0081282725
-0.0077309759
-0.0073336793
-0.0069363827
-0.0074616058
-0.0070643092
-0.0066670126
-0.006269716
-0.0067949392
-0.0063976426
-0.006000346
-0.0056030494
-0.0061282725
-0.0057309759
-0.0053336793
-0.0049363827
-0.0054616058
-0.0050643092
-0.0046670126
-0.004269716
-0.0047949392
-0.0043976426
-0.004000346
-0.0036030494
-0.0041282725
-0.0037309759
-0.0033336793
-0.0029363827
-0.0034616058
-0.0030643092
-0.0026670126
-0.002269716
-0.0027949392
-0.0023976426
-0.002000346
-0.0016030494
-0.0021282725
-0.0017309759
-0.0013336793
-0.00093638269
-0.0014616058
-0.0010643092
-0.00066701262
-0.00026971602
-0.00079493916
-0.00039764256
-3.4595806e-07
0.00039695064
-0.016128272
-0.015730976
-0.015333679
-0.014936383
-0.015461606
-0.015064309
-0.014667013
-0.014269716
-0.014794939
-0.014397643
-0.014000346
-0.013603049
-0.014128272
-0.013730976
-0.013333679
-0.012936383
-0.013461606
-0.013064309
-0.012667013
-0.012269716
-0.012794939
-0.012397643
-0.012000346
-0.011603049
-0.012128272
-0.011730976
-0.011333679
-0.010936383
-0.011461606
-0.011064309
-0.010667013
-0.010269716
-0.010794939
-0.010397643
-0.010000346
-0.0096030494
-0.010128272
-0.0097309759
-0.0093336793
-0.0089363827
-0.0094616058
-0.0090643092
-0.0086670126
-0.008269716
-0.0087949392
-0.0083976426
-0.008000346
-0.0076030494
-0.0081282725
-0.0077309759
-0.0073336793
-0.0069363827
-0.0074616058
-0.0070643092
-0.0066670126
-0.006269716
-0.0067949392
-0.0063976426
-0.006000346
-0.0056030494
-0.0061282725
-0.0057309759
-0.0053336793
-0.0049363827
-0.0054616058
-0.0050643092
-0.0046670126
-0.004269716
-0.0047949392
-0.0043976426
-0.004000346
-0.0036030494
-0.0041282725
-0.0037309759
-0.0033336793
-0.0029363827
-0.0034616058
-0.0030643092
-0.0026670126
-0.002269716
-0.0027949392
-0.0023976426
-0.002000346
-0.0016030494
-0.0021282725
-0.0017309759
-0.0013336793
-0.00093638269
-0.0014616058
-0.0010643092
-0.00066701263
-0.00026971602
-0.00079493916
-0.00039764256
-3.4595996e-07
0.00039695064
-0.016128272
-0.015730976
-0.015333679
-0.014936383
-0.015461606
-0.015064309
-0.014667013
-0.014269716
-0.014794939
-0.014397643
-0.014000346
-0.013603049
-0.014128272
-0.013730976
-0.013333679
-0.012936383
-0.013461606
-0.013064309
-0.012667013
-0.012269716
-0.012794939
-0.012397643
-0.012000346
-0.011603049
-0.012128272
-0.011730976
-0.011333679
-0.010936383
-0.011461606
-0.011064309
-0.010667013
-0.010269716
-0.010794939
-0.010397643
-0.010000346
-0.0096030494
-0.010128272
-0.0097309759
-0.0093336793
-0.0089363827
-0.0094616058
-0.0090643092
-0.0086670126
-0.008269716
-0.0087949392
-0.0083976426
-0.008000346
-0.0076030494
-0.0081282725
-0.0077309759
-0.0073336793
-0.0069363827
-0.0074616058
-0.0070643092
-0.0066670126
-0.006269716
-0.0067949392
-0.0063976426
-0.006000346
-0.0056030494
-0.0061282725
-0.0057309759
-0.0053336793
-0.0049363827
-0.0054616058
-0.0050643092
-0.0046670126
-0.004269716
-0.0047949392
-0.0043976426
-0.004000346
-0.0036030494
-0.0041282725
-0.0037309759
-0.0033336793
-0.0029363827
-0.0034616058
-0.0030643092
-0.0026670126
-0.002269716
-0.0027949392
-0.0023976426
-0.002000346
-0.0016030494
-0.0021282725
-0.0017309759
-0.0013336793
-0.00093638269
-0.0014616058
-0.0010643092
-0.00066701262
-0.00026971602
-0.00079493916
-0.00039764256
-3.4595744e-07
0.00039695064
-0.016128272
-0.015730976
-0.015333679
-0.014936383
-0.015461606
-0.015064309
-0.014667013
-0.014269716
-0.014794939
-0.014397643
-0.014000346
-0.013603049
-0.014128272
-0.013730976
-0.013333679
-0.012936383
-0.013461606
-0.013064309
-0.012667013
-0.012269716
-0.012794939
-0.012397643
-0.012000346
-0.011603049
-0.012128272
-0.011730976
-0.011333679
-0.010936383
-0.011461606
-0.011064309
-0.010667013
-0.010269716
-0.010794939
-0.010397643
-0.010000346
-0.0096030494
-0.010128272
-0.0097309759
-0.0093336793
-0.0089363827
-0.0094616058
-0.0090643092
-0.0086670126
-0.008269716
-0.0087949392
-0.0083976426
-0.008000346
-0.0076030494
-0.0081282725
-0.0077309759
-0.0073336793
-0.0069363827
-0.0074616058
-0.0070643092
-0.0066670126
-0.006269716
-0.0067949392
-0.0063976426
-0.006000346
-0.0056030494
-0.0061282725
-0.0057309759
-0.0053336793
-0.0049363827
-0.0054616058
-0.0050643092
-0.0046670126
-0.004269716
-0.0047949392
-0.0043976426
-0.004000346
-0.0036030494
-0.0041282725
-0.0037309759
-0.0033336793
-0.0029363827
-0.0034616058
-0.0030643092
-0.0026670126
-0.002269716
-0.0027949392
-0.0023976426
-0.002000346
-0.0016030494
-0.0021282725
-0.0017309759
-0.0013336793
-0.00093638269
-0.0014616058
-0.0010643092
-0.00066701262
-0.00026971602
-0.00079493916
-0.00039764256
-3.4595671e-07
0.00039695064
-0.016128272
-0.015730976
-0.015333679
-0.014936383
-0.015461606
-0.015064309
-0.014667013
-0.014269716
-0.014794939
-0.014397643
-0.014000346
-0.013603049
-0.014128272
-0.013730976
-0.013333679
-0.012936383
-0.013461606
-0.013064309
-0.012667013
-0.012269716
-0.012794939
-0.012397643
-0.012000346
-0.011603049
-0.012128272
-0.011730976
-0.011333679
-0.010936383
-0.011461606
-0.011064309
-0.010667013
-0.010269716
-0.010794939
-0.010397643
-0.010000346
-0.0096030494
-0.010128272
-0.0097309759
-0.0093336793
-0.0089363827
-0.0094616058
-0.0090643092
-0.0086670126
-0.008269716
-0.0087949392
-0.0083976426
-0.008000346
-0.0076030494
-0.0081282725
-0.0077309759
-0.0073336793
-0.0069363827
-0.0074616058
-0.0070643092
-0.0066670126
-0.006269716
-0.0067949392
-0.0063976426
-0.006000346
-0.0056030494
-0.0061282725
-0.0057309759
-0.0053336793
-0.0049363827
-0.0054616058
-0.0050643092
-0.0046670126
-0.004269716
-0.0047949392
-0.0043976426
-0.004000346
-0.0036030494
-0.0041282725
-0.0037309759
-0.0033336793
-0.0029363827
-0.0034616058
-0.0030643092
-0.0026670126
-0.002269716
-0.0027949392
-0.0023976426
-0.002000346
-0.0016030494
-0.0021282725
-0.0017309759
-0.0013336793
-0.00093638269
-0.0014616058
-0.0010643092
-0.00066701262
-0.00026971603
-0.00079493916
-0.00039764256
-3.4595679e-07
0.00039695064
-0.016128272
-0.015730976
-0.015333679
-0.014936383
-0.015461606
-0.015064309
-0.014667013
-0.014269716
-0.014794939
-0.014397643
-0.014000346
-0.013603049
-0.014128272
-0.013730976
-0.013333679
-0.012936383
-0.013461606
-0.013064309
-0.012667013
-0.012269716
-0.012794939
-0.012397643
-0.012000346
-0.011603049
-0.012128272
-0.011730976
-0.011333679
-0.010936383
-0.011461606
-0.011064309
-0.010667013
-0.010269716
-0.010794939
-0.010397643
-0.010000346
-0.0096030494
-0.010128272
-0.0097309759
-0.0093336793
-0.0089363827
-0.0094616058
-0.0090643092
-0.0086670126
-0.008269716
-0.0087949392
-0.0083976426
-0.008000346
-0.0076030494
-0.0081282725
-0.0077309759
-0.0073336793
-0.0069363827
-0.0074616058
-0.0070643092
-0.0066670126
-0.006269716
-0.0067949392
-0.0063976426
-0.006000346
-0.0056030494
-0.0061282725
-0.0057309759
-0.0053336793
-0.0049363827
-0.0054616058
-0.0050643092
-0.0046670126
-0.004269716
-0.0047949392
-0.0043976426
-0.004000346
-0.0036030494
-0.0041282725
-0.0037309759
-0.0033336793
-0.0029363827
-0.0034616058
-0.0030643092
-0.0026670126
-0.002269716
-0.0027949392
-0.0023976426
-0.002000346
-0.0016030494
-0.0021282725
-0.0017309759
-0.0013336793
-0.00093638269
-0.0014616058
-0.0010643092
-0.00066701262
-0.00026971602
-0.00079493916
-0.00039764256
-3.4595604e-07
0.00039695065
-0.016128273
-0.015730976
-0.015333679
-0.014936383
-0.015461606
-0.015064309
-0.014667013
-0.014269716
-0.014794939
-0.014397643
-0.014000346
-0.013603049
-0.014128273
-0.013730976
-0.013333679
-0.012936383
-0.013461606
-0.013064309
-0.012667013
-0.012269716
-0.012794939
-0.012397643
-0.012000346
-0.011603049
-0.012128273
-0.011730976
-0.011333679
-0.010936383
-0.011461606
-0.011064309
-0.010667013
-0.010269716
-0.010794939
-0.010397643
-0.010000346
-0.0096030494
-0.010128272
-0.0097309759
-0.0093336793
-0.0089363827
-0.0094616058
-0.0090643092
-0.0086670126
-0.008269716
-0.0087949392
-0.0083976426
-0.008000346
-0.0076030494
-0.0081282725
-0.0077309759
-0.0073336793
-0.0069363827
-0.0074616058
-0.0070643092
-0.0066670126
-0.006269716
-0.0067949392
-0.0063976426
-0.006000346
-0.0056030494
-0.0061282725
-0.0057309759
-0.0053336793
-0.0049363827
-0.0054616058
-0.0050643092
-0.0046670126
-0.004269716
-0.0047949392
-0.0043976426
-0.004000346
-0.0036030494
-0.0041282725
-0.0037309759
-0.0033336793
-0.0029363827
-0.0034616058
-0.0030643092
-0.0026670126
-0.002269716
-0.0027949392
-0.0023976426
-0.002000346
-0.0016030494
-0.0021282725
-0.0017309759
-0.0013336793
-0.00093638269
-0.0014616058
-0.0010643092
-0.00066701262
-0.00026971602
-0.00079493917
-0.00039764256
-3.4595832e-07
0.00039695065
-0.014478851
-0.013961084
-0.013443317
-0.01292555
-0.013812184
-0.013294417
-0.01277665
-0.012258883
-0.013145518
-0.012627751
-0.012109984
-0.011592217
-0.012478851
-0.011961084
-0.011443317
-0.01092555
-0.011812184
-0.011294417
-0.01077665
-0.010258883
-0.011145518
-0.010627751
-0.010109984
-0.0095922167
-0.010478851
-0.0099610841
-0.0094433171
-0.00892555
-0.0098121844
-0.0092944174
-0.0087766504
-0.0082588834
-0.0091455178
-0.0086277508
-0.0081099837
-0.0075922167
-0.0084788511
-0.0079610841
-0.0074433171
-0.00692555
-0.0078121844
-0.0072944174
-0.0067766504
-0.0062588834
-0.0071455178
-0.0066277508
-0.0061099837
-0.0055922167
-0.0064788511
-0.0059610841
-0.0054433171
-0.00492555
-0.0058121844
-0.0052944174
-0.0047766504
-0.0042588834
-0.0051455178
-0.0046277508
-0.0041099837
-0.0035922167
-0.0044788511
-0.0039610841
-0.0034433171
-0.00292555
-0.0038121844
-0.0032944174
-0.0027766504
-0.0022588834
-0.0031455178
-0.0026277508
-0.0021099837
-0.0015922167
-0.0024788511
-0.0019610841
-0.0014433171
-0.00092555003
-0.0018121844
-0.0012944174
-0.00077665039
-0.00025888337
-0.0011455178
-0.00062775075
-0.00010998373
0.0004077833
-0.00047885111
3.8915911e-05
0.00055668294
0.00107445
0.00018781555
0.00070558258
0.0012233496
0.0017411166
0.00085448222
0.0013722492
0.0018900163
0.0024077833
-0.014478851
-0.013961084
-0.013443317
-0.01292555
-0.013812184
-0.013294417
-0.01277665
-0.012258883
-0.013145518
-0.012627751
-0.012109984
-0.011592217
-0.012478851
-0.011961084
-0.011443317
-0.01092555
-0.011812184
-0.011294417
-0.01077665
-0.010258883
-0.011145518
-0.010627751
-0.010109984
-0.0095922167
-0.010478851
-0.0099610841
-0.0094433171
-0.00892555
-0.0098121844
-0.0092944174
-0.0087766504
-0.0082588834
-0.0091455178
-0.0086277508
-0.0081099837
-0.0075922167
-0.0084788511
-0.0079610841
-0.0074433171
-0.00692555
-0.0078121845
-0.0072944174
-0.0067766504
-0.0062588834
-0.0071455178
-0.0066277508
-0.0061099837
-0.0055922167
-0.0064788511
-0.0059610841
-0.0054433171
-0.00492555
-0.0058121845
-0.0052944174
-0.0047766504
-0.0042588834
-0.0051455178
-0.0046277508
-0.0041099837
-0.0035922167
-0.0044788511
-0.0039610841
-0.0034433171
-0.00292555
-0.0038121845
-0.0032944174
-0.0027766504
-0.0022588834
-0.0031455178
-0.0026277508
-0.0021099837
-0.0015922167
-0.0024788511
-0.0019610841
-0.0014433171
-0.00092555002
-0.0018121845
-0.0012944174
-0.00077665039
-0.00025888336
-0.0011455178
-0.00062775075
-0.00010998373
0.00040778331
-0.00047885112
3.8915914e-05
0.00055668294
0.00107445
0.00018781555
0.00070558258
0.0012233496
0.0017411166
0.00085448222
0.0013722492
0.0018900163
0.0024077833
-0.014478851
-0.013961084
-0.013443317
-0.01292555
-0.013812184
-0.013294417
-0.01277665
-0.012258883
-0.013145518
-0.012627751
-0.012109984
-0.011592217
-0.012478851
-0.011961084
-0.011443317
-0.01092555
-0.011812184
-0.011294417
-0.01077665
-0.010258883
-0.011145518
-0.010627751
-0.010109984
-0.0095922167
-0.010478851
-0.0099610841
-0.0094433171
-0.00892555
-0.0098121844
-0.0092944174
-0.0087766504
-0.0082588834
-0.0091455178
-0.0086277508
-0.0081099837
-0.0075922167
-0.0084788511
-0.0079610841
-0.0074433171
-0.00692555
-0.0078121844
-0.0072944174
-0.0067766504
-0.0062588834
-0.0071455178
-0.0066277508
-0.0061099837
-0.0055922167
-0.0064788511
-0.0059610841
-0.0054433171
-0.00492555
-0.0058121844
-0.0052944174
-0.0047766504
-0.0042588834
-0.0051455178
-0.0046277508
-0.0041099837
-0.0035922167
-0.0044788511
-0.0039610841
-0.0034433171
-0.00292555
-0.0038121844
-0.0032944174
-0.0027766504
-0.0022588834
-0.0031455178
-0.0026277508
-0.0021099837
-0.0015922167
-0.0024788511
-0.0019610841
-0.0014433171
-0.00092555003
-0.0018121844
-0.0012944174
-0.00077665039
-0.00025888336
-0.0011455178
-0.00062775076
-0.00010998372
0.0004077833
-0.00047885111
3.891591e-05
0.00055668294
0.00107445
0.00018781555
0.00070558258
0.0012233496
0.0017411166
0.00085448222
0.0013722492
0.0018900163
0.0024077833
-0.014478851
-0.013961084
-0.013443317
-0.01292555
-0.013812184
-0.013294417
-0.01277665
-0.012258883
-0.013145518
-0.012627751
-0.012109984
-0.011592217
-0.012478851
-0.011961084
-0.011443317
-0.01092555
-0.011812184
-0.011294417
-0.01077665
-0.010258883
-0.011145518
-0.010627751
-0.010109984
-0.0095922167
-0.010478851
-0.0099610841
-0.0094433171
-0.00892555
-0.0098121845
-0.0092944174
-0.0087766504
-0.0082588834
-0.0091455178
-0.0086277508
-0.0081099837
-0.0075922167
-0.0084788511
-0.0079610841
-0.0074433171
-0.00692555
-0.0078121845
-0.0072944174
-0.0067766504
-0.0062588834
-0.0071455178
-0.0066277508
-0.0061099837
-0.0055922167
-0.0064788511
-0.0059610841
-0.0054433171
-0.00492555
-0.0058121844
-0.0052944174
-0.0047766504
-0.0042588834
-0.0051455178
-0.0046277508
-0.0041099837
-0.0035922167
-0.0044788511
-0.0039610841
-0.0034433171
-0.00292555
-0.0038121845
-0.0032944174
-0.0027766504
-0.0022588834
-0.0031455178
-0.0026277508
-0.0021099837
-0.0015922167
-0.0024788511
-0.0019610841
-0.0014433171
-0.00092555003
-0.0018121845
-0.0012944174
-0.00077665039
-0.00025888336
-0.0011455178
-0.00062775075
-0.00010998372
0.00040778331
-0.00047885112
3.8915913e-05
0.00055668294
0.00107445
0.00018781555
0.00070558258
0.0012233496
0.0017411166
0.00085448221
0.0013722492
0.0018900163
0.0024077833
-0.014478851
-0.013961084
-0.013443317
-0.01292555
-0.013812184
-0.013294417
-0.01277665
-0.012258883
-0.013145518
-0.012627751
-0.012109984
-0.011592217
-0.012478851
-0.011961084
-0.011443317
-0.01092555
-0.011812184
-0.011294417
-0.01077665
-0.010258883
-0.011145518
-0.010627751
-0.010109984
-0.0095922167
-0.010478851
-0.0099610841
-0.0094433171
-0.00892555
-0.0098121845
-0.0092944174
-0.0087766504
-0.0082588834
-0.0091455178
-0.0086277508
-0.0081099837
-0.0075922167
-0.0084788511
-0.0079610841
-0.0074433171
-0.00692555
-0.0078121845
-0.0072944174
-0.0067766504
-0.0062588834
-0.0071455178
-0.0066277508
-0.0061099837
-0.0055922167
-0.0064788511
-0.0059610841
-0.0054433171
-0.00492555
-0.0058121845
-0.0052944174
-0.0047766504
-0.0042588834
-0.0051455178
-0.0046277508
-0.0041099837
-0.0035922167
-0.0044788511
-0.0039610841
-0.0034433171
-0.00292555
-0.0038121845
-0.0032944174
-0.0027766504
-0.0022588834
-0.0031455178
-0.0026277508
-0.0021099837
-0.0015922167
-0.0024788511
-0.0019610841
-0.0014433171
-0.00092555003
-0.0018121845
-0.0012944174
-0.00077665039
-0.00025888336
-0.0011455178
-0.00062775076
-0.00010998372
0.00040778331
-0.00047885112
3.891591e-05
0.00055668294
0.00107445
0.00018781555
0.00070558258
0.0012233496
0.0017411166
0.00085448221
0.0013722492
0.0018900163
0.0024077833
-0.014478851
-0.013961084
-0.013443317
-0.01292555
-0.013812184
-0.013294417
-0.01277665
-0.012258883
-0.013145518
-0.012627751
-0.012109984
-0.011592217
-0.012478851
-0.011961084
-0.011443317
-0.01092555
-0.011812184
-0.011294417
-0.01077665
-0.010258883
-0.011145518
-0.010627751
-0.010109984
-0.0095922167
-0.010478851
-0.0099610841
-0.0094433171
-0.00892555
-0.0098121845
-0.0092944174
-0.0087766504
-0.0082588834
-0.0091455178
-0.0086277508
-0.0081099837
-0.0075922167
-0.0084788511
-0.0079610841
-0.0074433171
-0.00692555
-0.0078121845
-0.0072944174
-0.0067766504
-0.0062588834
-0.0071455178
-0.0066277508
-0.0061099837
-0.0055922167
-0.0064788511
-0.0059610841
-0.0054433171
-0.00492555
-0.0058121845
-0.0052944174
-0.0047766504
-0.0042588834
-0.0051455178
-0.0046277508
-0.0041099837
-0.0035922167
-0.0044788511
-0.0039610841
-0.0034433171
-0.00292555
-0.0038121845
-0.0032944174
-0.0027766504
-0.0022588834
-0.0031455178
-0.0026277508
-0.0021099837
-0.0015922167
-0.0024788511
-0.0019610841
-0.0014433171
-0.00092555002
-0.0018121845
-0.0012944174
-0.00077665039
-0.00025888336
-0.0011455178
-0.00062775075
-0.00010998372
0.00040778331
-0.00047885112
3.8915912e-05
0.00055668295
0.00107445
0.00018781554
0.00070558258
0.0012233496
0.0017411166
0.00085448221
0.0013722492
0.0018900163
0.0024077833
-0.014478851
-0.013961084
-0.013443317
-0.01292555
-0.013812184
-0.013294417
-0.01277665
-0.012258883
-0.013145518
-0.012627751
-0.012109984
-0.011592217
-0.012478851
-0.011961084
-0.011443317
-0.01092555
-0.011812184
-0.011294417
-0.01077665
-0.010258883
-0.011145518
-0.010627751
-0.010109984
-0.0095922167
-0.010478851
-0.0099610841
-0.0094433171
-0.00892555
-0.0098121845
-0.0092944174
-0.0087766504
-0.0082588834
-0.0091455178
-0.0086277508
-0.0081099837
-0.0075922167
-0.0084788511
-0.0079610841
-0.0074433171
-0.00692555
-0.0078121845
-0.0072944174
-0.0067766504
-0.0062588834
-0.0071455178
-0.0066277508
-0.0061099837
-0.0055922167
-0.0064788511
-0.0059610841
-0.0054433171
-0.00492555
-0.0058121845
-0.0052944174
-0.0047766504
-0.0042588834
-0.0051455178
-0.0046277508
-0.0041099837
-0.0035922167
-0.0044788511
-0.0039610841
-0.0034433171
-0.00292555
-0.0038121845
-0.0032944174
-0.0027766504
-0.0022588834
-0.0031455178
-0.0026277508
-0.0021099837
-0.0015922167
-0.0024788511
-0.0019610841
-0.0014433171
-0.00092555002
-0.0018121845
-0.0012944174
-0.00077665039
-0.00025888335
-0.0011455178
-0.00062775075
-0.00010998373
0.00040778331
-0.00047885112
3.8915912e-05
0.00055668294
0.00107445
0.00018781554
0.00070558258
0.0012233496
0.0017411166
0.00085448221
0.0013722492
0.0018900163
0.0024077833
-0.014478851
-0.013961084
-0.013443317
-0.01292555
-0.013812184
-0.013294417
-0.01277665
-0.012258883
-0.013145518
-0.012627751
-0.012109984
-0.011592217
-0.012478851
-0.011961084
-0.011443317
-0.01092555
-0.011812184
-0.011294417
-0.01077665
-0.010258883
-0.011145518
-0.010627751
-0.010109984
-0.0095922167
-0.010478851
-0.0099610841
-0.0094433171
-0.00892555
-0.0098121845
-0.0092944174
-0.0087766504
-0.0082588834
-0.0091455178
-0.0086277508
-0.0081099837
-0.0075922167
-0.0084788511
-0.0079610841
-0.0074433171
-0.00692555
-0.0078121845
-0.0072944174
-0.0067766504
-0.0062588834
-0.0071455178
-0.0066277508
-0.0061099837
-0.0055922167
-0.0064788511
-0.0059610841
-0.0054433171
-0.00492555
-0.0058121845
-0.0052944174
-0.0047766504
-0.0042588834
-0.0051455178
-0.0046277508
-0.0041099837
-0.0035922167
-0.0044788511
-0.0039610841
-0.0034433171
-0.00292555
-0.0038121845
-0.0032944174
-0.0027766504
-0.0022588834
-0.0031455178
-0.0026277508
-0.0021099837
-0.0015922167
-0.0024788511
-0.0019610841
-0.0014433171
-0.00092555002
-0.0018121845
-0.0012944174
-0.00077665039
-0.00025888335
-0.0011455178
-0.00062775076
-0.00010998372
0.00040778331
-0.00047885113
3.8915911e-05
0.00055668295
0.00107445
0.00018781554
0.00070558258
0.0012233496
0.0017411166
0.00085448221
0.0013722492
0.0018900163
0.0024077833
-0.014478851
-0.013961084
-0.013443317
-0.01292555
-0.013812184
-0.013294417
-0.01277665
-0.012258883
-0.013145518
-0.012627751
-0.012109984
-0.011592217
-0.012478851
-0.011961084
-0.011443317
-0.01092555
-0.011812184
-0.011294417
-0.01077665
-0.010258883
-0.011145518
-0.010627751
-0.010109984
-0.0095922167
-0.010478851
-0.0099610841
-0.0094433171
-0.00892555
-0.0098121845
-0.0092944174
-0.0087766504
-0.0082588834
-0.0091455178
-0.0086277508
-0.0081099837
-0.0075922167
-0.0084788511
-0.0079610841
-0.0074433171
-0.00692555
-0.0078121845
-0.0072944174
-0.0067766504
-0.0062588834
-0.0071455178
-0.0066277508
-0.0061099837
-0.0055922167
-0.0064788511
-0.0059610841
-0.0054433171
-0.00492555
-0.0058121845
-0.0052944174
-0.0047766504
-0.0042588834
-0.0051455178
-0.0046277508
-0.0041099837
-0.0035922167
-0.0044788511
-0.0039610841
-0.0034433171
-0.00292555
-0.0038121845
-0.0032944174
-0.0027766504
-0.0022588834
-0.0031455178
-0.0026277508
-0.0021099837
-0.0015922167
-0.0024788511
-0.0019610841
-0.0014433171
-0.00092555002
-0.0018121845
-0.0012944174
-0.00077665039
-0.00025888335
-0.0011455178
-0.00062775076
-0.00010998372
0.00040778331
-0.00047885112
3.8915907e-05
0.00055668295
0.00107445
0.00018781554
0.00070558257
0.0012233496
0.0017411166
0.00085448221
0.0013722492
0.0018900163
0.0024077833
-0.014478851
-0.013961084
-0.013443317
-0.01292555
-0.013812184
-0.013294417
-0.01277665
-0.012258883
-0.013145518
-0.012627751
-0.012109984
-0.011592217
-0.012478851
-0.011961084
-0.011443317
-0.01092555
-0.011812184
-0.011294417
-0.01077665
-0.010258883
-0.011145518
-0.010627751
-0.010109984
-0.0095922167
-0.010478851
-0.0099610841
-0.0094433171
-0.00892555
-0.0098121845
-0.0092944174
-0.0087766504
-0.0082588833
-0.0091455178
-0.0086277508
-0.0081099837
-0.0075922167
-0.0084788511
-0.0079610841
-0.0074433171
-0.00692555
-0.0078121845
-0.0072944174
-0.0067766504
-0.0062588833
-0.0071455178
-0.0066277508
-0.0061099837
-0.0055922167
-0.0064788511
-0.0059610841
-0.0054433171
-0.00492555
-0.0058121845
-0.0052944174
-0.0047766504
-0.0042588833
-0.0051455178
-0.0046277508
-0.0041099837
-0.0035922167
-0.0044788511
-0.0039610841
-0.0034433171
-0.00292555
-0.0038121845
-0.0032944174
-0.0027766504
-0.0022588833
-0.0031455178
-0.0026277508
-0.0021099837
-0.0015922167
-0.0024788511
-0.0019610841
-0.0014433171
-0.00092555002
-0.0018121845
-0.0012944174
-0.00077665039
-0.00025888335
-0.0011455178
-0.00062775076
-0.00010998372
0.00040778332
-0.00047885113
3.891591e-05
0.00055668295
0.00107445
0.00018781554
0.00070558258
0.0012233496
0.0017411167
0.0008544822
0.0013722492
0.0018900163
0.0024077833
-0.014478851
-0.013961084
-0.013443317
-0.01292555
-0.013812184
-0.013294417
-0.01277665
-0.012258883
-0.013145518
-0.012627751
-0.012109984
-0.011592217
-0.012478851
-0.011961084
-0.011443317
-0.01092555
-0.011812184
-0.011294417
-0.01077665
-0.010258883
-0.011145518
-0.010627751
-0.010109984
-0.0095922167
-0.010478851
-0.0099610841
-0.0094433171
-0.00892555
-0.0098121845
-0.0092944174
-0.0087766504
-0.0082588834
-0.0091455178
-0.0086277508
-0.0081099837
-0.0075922167
-0.0084788511
-0.0079610841
-0.0074433171
-0.00692555
-0.0078121845
-0.0072944174
-0.0067766504
-0.0062588834
-0.0071455178
-0.0066277508
-0.0061099837
-0.0055922167
-0.0064788511
-0.0059610841
-0.0054433171
-0.00492555
-0.0058121845
-0.0052944174
-0.0047766504
-0.0042588834
-0.0051455178
-0.0046277508
-0.0041099837
-0.0035922167
-0.0044788511
-0.0039610841
-0.0034433171
-0.00292555
-0.0038121845
-0.0032944174
-0.0027766504
-0.0022588834
-0.0031455178
-0.0026277508
-0.0021099837
-0.0015922167
-0.0024788511
-0.0019610841
-0.0014433171
-0.00092555002
-0.0018121845
-0.0012944174
-0.00077665039
-0.00025888335
-0.0011455178
-0.00062775076
-0.00010998372
0.00040778332
-0.00047885113
3.8915906e-05
0.00055668295
0.00107445
0.00018781554
0.00070558257
0.0012233496
0.0017411166
0.0008544822
0.0013722492
0.0018900163
0.0024077833
-0.014478851
-0.013961084
-0.013443317
-0.01292555
-0.013812184
-0.013294417
-0.01277665
-0.012258883
-0.013145518
-0.012627751
-0.012109984
-0.011592217
-0.012478851
-0.011961084
-0.011443317
-0.01092555
-0.011812184
-0.011294417
-0.01077665
-0.010258883
-0.011145518
-0.010627751
-0.010109984
-0.0095922167
-0.010478851
-0.0099610841
-0.0094433171
-0.00892555
-0.0098121845
-0.0092944174
-0.0087766504
-0.0082588833
-0.0091455178
-0.0086277508
-0.0081099837
-0.0075922167
-0.0084788511
-0.0079610841
-0.0074433171
-0.00692555
-0.0078121845
-0.0072944174
-0.0067766504
-0.0062588833
-0.0071455178
-0.0066277508
-0.0061099837
-0.0055922167
-0.0064788511
-0.0059610841
-0.0054433171
-0.00492555
-0.0058121845
-0.0052944174
-0.0047766504
-0.0042588833
-0.0051455178
-0.0046277508
-0.0041099837
-0.0035922167
-0.0044788511
-0.0039610841
-0.0034433171
-0.00292555
-0.0038121845
-0.0032944174
-0.0027766504
-0.0022588833
-0.0031455178
-0.0026277508
-0.0021099837
-0.0015922167
-0.0024788511
-0.0019610841
-0.0014433171
-0.00092555001
-0.0018121845
-0.0012944174
-0.00077665039
-0.00025888335
-0.0011455178
-0.00062775076
-0.00010998372
0.00040778332
-0.00047885113
3.8915909e-05
0.00055668295
0.00107445
0.00018781553
0.00070558258
0.0012233496
0.0017411167
0.0008544822
0.0013722492
0.0018900163
0.0024077833
-0.014478851
-0.013961084
-0.013443317
-0.01292555
-0.013812184
-0.013294417
-0.01277665
-0.012258883
-0.013145518
-0.012627751
-0.012109984
-0.011592217
-0.012478851
-0.011961084
-0.011443317
-0.01092555
-0.011812184
-0.011294417
-0.01077665
-0.010258883
-0.011145518
-0.010627751
-0.010109984
-0.0095922167
-0.010478851
-0.0099610841
-0.0094433171
-0.00892555
-0.0098121845
-0.0092944174
-0.0087766504
-0.0082588833
-0.0091455178
-0.0086277508
-0.0081099837
-0.0075922167
-0.0084788511
-0.0079610841
-0.0074433171
-0.00692555
-0.0078121845
-0.0072944174
-0.0067766504
-0.0062588833
-0.0071455178
-0.0066277508
-0.0061099837
-0.0055922167
-0.0064788511
-0.0059610841
-0.0054433171
-0.00492555
-0.0058121845
-0.0052944174
-0.0047766504
-0.0042588833
-0.0051455178
-0.0046277508
-0.0041099837
-0.0035922167
-0.0044788511
-0.0039610841
-0.0034433171
-0.00292555
-0.0038121845
-0.0032944174
-0.0027766504
-0.0022588833
-0.0031455178
-0.0026277508
-0.0021099837
-0.0015922167
-0.0024788511
-0.0019610841
-0.0014433171
-0.00092555001
-0.0018121845
-0.0012944174
-0.00077665038
-0.00025888334
-0.0011455178
-0.00062775076
-0.00010998372
0.00040778332
-0.00047885113
3.8915905e-05
0.00055668295
0.00107445
0.00018781553
0.00070558257
0.0012233496
0.0017411167
0.0008544822
0.0013722492
0.0018900163
0.0024077833
-0.014478851
-0.013961084
-0.013443317
-0.01292555
-0.013812184
-0.013294417
-0.01277665
-0.012258883
-0.013145518
-0.012627751
-0.012109984
-0.011592217
-0.012478851
-0.011961084
-0.011443317
-0.01092555
-0.011812184
-0.011294417
-0.01077665
-0.010258883
-0.011145518
-0.010627751
-0.010109984
-0.0095922167
-0.010478851
-0.0099610841
-0.0094433171
-0.00892555
-0.0098121845
-0.0092944174
-0.0087766504
-0.0082588833
-0.0091455178
-0.0086277508
-0.0081099837
-0.0075922167
-0.0084788511
-0.0079610841
-0.0074433171
-0.00692555
-0.0078121845
-0.0072944174
-0.0067766504
-0.0062588833
-0.0071455178
-0.0066277508
-0.0061099837
-0.0055922167
-0.0064788511
-0.0059610841
-0.0054433171
-0.00492555
-0.0058121845
-0.0052944174
-0.0047766504
-0.0042588833
-0.0051455178
-0.0046277508
-0.0041099837
-0.0035922167
-0.0044788511
-0.0039610841
-0.0034433171
-0.00292555
-0.0038121845
-0.0032944174
-0.0027766504
-0.0022588833
-0.0031455178
-0.0026277508
-0.0021099837
-0.0015922167
-0.0024788511
-0.0019610841
-0.0014433171
-0.00092555001
-0.0018121845
-0.0012944174
-0.00077665039
-0.00025888335
-0.0011455178
-0.00062775075
-0.00010998372
0.00040778332
-0.00047885114
3.8915912e-05
0.00055668295
0.00107445
0.00018781553
0.00070558258
0.0012233496
0.0017411167
0.0008544822
0.0013722492
0.0018900163
0.0024077833
-0.014478851
-0.013961084
-0.013443317
-0.01292555
-0.013812184
-0.013294417
-0.01277665
-0.012258883
-0.013145518
-0.012627751
-0.012109984
-0.011592217
-0.012478851
-0.011961084
-0.011443317
-0.01092555
-0.011812184
-0.011294417
-0.01077665
-0.010258883
-0.011145518
-0.010627751
-0.010109984
-0.0095922167
-0.010478851
-0.0099610841
-0.0094433171
-0.00892555
-0.0098121845
-0.0092944174
-0.0087766504
-0.0082588833
-0.0091455178
-0.0086277508
-0.0081099837
-0.0075922167
-0.0084788511
-0.0079610841
-0.007443317
-0.00692555
-0.0078121845
-0.0072944174
-0.0067766504
-0.0062588833
-0.0071455178
-0.0066277508
-0.0061099837
-0.0055922167
-0.0064788511
-0.0059610841
-0.005443317
-0.00492555
-0.0058121845
-0.0052944174
-0.0047766504
-0.0042588833
-0.0051455178
-0.0046277508
-0.0041099837
-0.0035922167
-0.0044788511
-0.0039610841
-0.003443317
-0.00292555
-0.0038121845
-0.0032944174
-0.0027766504
-0.0022588833
-0.0031455178
-0.0026277508
-0.0021099837
-0.0015922167
-0.0024788511
-0.0019610841
-0.001443317
-0.00092555001
-0.0018121845
-0.0012944174
-0.00077665038
-0.00025888334
-0.0011455178
-0.00062775076
-0.00010998372
0.00040778333
-0.00047885113
3.8915904e-05
0.00055668295
0.00107445
0.00018781553
0.00070558257
0.0012233496
0.0017411167
0.0008544822
0.0013722492
0.0018900163
0.0024077833
-0.014478851
-0.013961084
-0.013443317
-0.01292555
-0.013812184
-0.013294417
-0.01277665
-0.012258883
-0.013145518
-0.012627751
-0.012109984
-0.011592217
-0.012478851
-0.011961084
-0.011443317
-0.01092555
-0.011812184
-0.011294417
-0.01077665
-0.010258883
-0.011145518
-0.010627751
-0.010109984
-0.0095922167
-0.010478851
-0.0099610841
-0.0094433171
-0.00892555
-0.0098121845
-0.0092944174
-0.0087766504
-0.0082588833
-0.0091455178
-0.0086277508
-0.0081099837
-0.0075922167
-0.0084788511
-0.0079610841
-0.007443317
-0.00692555
-0.0078121845
-0.0072944174
-0.0067766504
-0.0062588833
-0.0071455178
-0.0066277508
-0.0061099837
-0.0055922167
-0.0064788511
-0.0059610841
-0.005443317
-0.00492555
-0.0058121845
-0.0052944174
-0.0047766504
-0.0042588833
-0.0051455178
-0.0046277508
-0.0041099837
-0.0035922167
-0.0044788511
-0.0039610841
-0.003443317
-0.00292555
-0.0038121845
-0.0032944174
-0.0027766504
-0.0022588833
-0.0031455178
-0.0026277508
-0.0021099837
-0.0015922167
-0.0024788511
-0.0019610841
-0.001443317
-0.00092555001
-0.0018121845
-0.0012944174
-0.00077665038
-0.00025888334
-0.0011455178
-0.00062775076
-0.00010998372
0.00040778332
-0.00047885114
3.8915907e-05
0.00055668295
0.00107445
0.00018781553
0.00070558257
0.0012233496
0.0017411167
0.00085448219
0.0013722492
0.0018900163
0.0024077833
-0.014478851
-0.013961084
-0.013443317
-0.01292555
-0.013812184
-0.013294417
-0.01277665
-0.012258883
-0.013145518
-0.012627751
-0.012109984
-0.011592217
-0.012478851
-0.011961084
-0.011443317
-0.01092555
-0.011812184
-0.011294417
-0.01077665
-0.010258883
-0.011145518
-0.010627751
-0.010109984
-0.0095922167
-0.010478851
-0.0099610841
-0.0094433171
-0.00892555
-0.0098121845
-0.0092944174
-0.0087766504
-0.0082588833
-0.0091455178
-0.0086277508
-0.0081099837
-0.0075922167
-0.0084788511
-0.0079610841
-0.0074433171
-0.00692555
-0.0078121845
-0.0072944174
-0.0067766504
-0.0062588833
-0.0071455178
-0.0066277508
-0.0061099837
-0.0055922167
-0.0064788511
-0.0059610841
-0.0054433171
-0.00492555
-0.0058121845
-0.0052944174
-0.0047766504
-0.0042588833
-0.0051455178
-0.0046277508
-0.0041099837
-0.0035922167
-0.0044788511
-0.0039610841
-0.0034433171
-0.00292555
-0.0038121845
-0.0032944174
-0.0027766504
-0.0022588833
-0.0031455178
-0.0026277508
-0.0021099837
-0.0015922167
-0.0024788511
-0.0019610841
-0.0014433171
-0.00092555
-0.0018121845
-0.0012944174
-0.00077665039
-0.00025888333
-0.0011455178
-0.00062775076
-0.00010998372
0.00040778333
-0.00047885114
3.8915903e-05
0.00055668295
0.00107445
0.00018781553
0.00070558257
0.0012233496
0.0017411167
0.00085448219
0.0013722492
0.0018900163
0.0024077833
-0.014478851
-0.013961084
-0.013443317
-0.01292555
-0.013812184
-0.013294417
-0.01277665
-0.012258883
-0.013145518
-0.012627751
-0.012109984
-0.011592217
-0.012478851
-0.011961084
-0.011443317
-0.01092555
-0.011812184
-0.011294417
-0.01077665
-0.010258883
-0.011145518
-0.010627751
-0.010109984
-0.0095922167
-0.010478851
-0.0099610841
-0.009443317
-0.00892555
-0.0098121845
-0.0092944174
-0.0087766504
-0.0082588833
-0.0091455178
-0.0086277508
-0.0081099837
-0.0075922167
-0.0084788511
-0.0079610841
-0.007443317
-0.00692555
-0.0078121845
-0.0072944174
-0.0067766504
-0.0062588833
-0.0071455178
-0.0066277508
-0.0061099837
-0.0055922167
-0.0064788511
-0.0059610841
-0.005443317
-0.00492555
-0.0058121845
-0.0052944174
-0.0047766504
-0.0042588833
-0.0051455178
-0.0046277508
-0.0041099837
-0.0035922167
-0.0044788511
-0.0039610841
-0.003443317
-0.00292555
-0.0038121845
-0.0032944174
-0.0027766504
-0.0022588833
-0.0031455178
-0.0026277508
-0.0021099837
-0.0015922167
-0.0024788511
-0.0019610841
-0.001443317
-0.00092555
-0.0018121845
-0.0012944174
-0.00077665038
-0.00025888334
-0.0011455178
-0.00062775076
-0.00010998371
0.00040778333
-0.00047885114
3.8915905e-05
0.00055668295
0.00107445
0.00018781552
0.00070558257
0.0012233496
0.0017411167
0.00085448219
0.0013722492
0.0018900163
0.0024077833
-0.014478851
-0.013961084
-0.013443317
-0.01292555
-0.013812184
-0.013294417
-0.01277665
-0.012258883
-0.013145518
-0.012627751
-0.012109984
-0.011592217
-0.012478851
-0.011961084
-0.011443317
-0.01092555
-0.011812184
-0.011294417
-0.01077665
-0.010258883
-0.011145518
-0.010627751
-0.010109984
-0.0095922167
-0.010478851
-0.0099610841
-0.009443317
-0.00892555
-0.0098121845
-0.0092944174
-0.0087766504
-0.0082588833
-0.0091455178
-0.0086277508
-0.0081099837
-0.0075922167
-0.0084788511
-0.0079610841
-0.007443317
-0.00692555
-0.0078121845
-0.0072944174
-0.0067766504
-0.0062588833
-0.0071455178
-0.0066277508
-0.0061099837
-0.0055922167
-0.0064788511
-0.0059610841
-0.005443317
-0.00492555
-0.0058121845
-0.0052944174
-0.0047766504
-0.0042588833
-0.0051455178
-0.0046277508
-0.0041099837
-0.0035922167
-0.0044788511
-0.0039610841
-0.003443317
-0.00292555
-0.0038121845
-0.0032944174
-0.0027766504
-0.0022588833
-0.0031455178
-0.0026277508
-0.0021099837
-0.0015922167
-0.0024788511
-0.0019610841
-0.001443317
-0.00092555
-0.0018121845
-0.0012944174
-0.00077665038
-0.00025888333
-0.0011455178
-0.00062775077
-0.00010998371
0.00040778333
-0.00047885114
3.8915901e-05
0.00055668295
0.00107445
0.00018781552
0.00070558257
0.0012233496
0.0017411167
0.00085448219
0.0013722492
0.0018900163
0.0024077833
-0.014478851
-0.013961084
-0.013443317
-0.01292555
-0.013812184
-0.013294417
-0.01277665
-0.012258883
-0.013145518
-0.012627751
-0.012109984
-0.011592217
-0.012478851
-0.011961084
-0.011443317
-0.01092555
-0.011812184
-0.011294417
-0.01077665
-0.010258883
-0.011145518
-0.010627751
-0.010109984
-0.0095922167
-0.010478851
-0.0099610841
-0.009443317
-0.00892555
-0.0098121845
-0.0092944174
-0.0087766504
-0.0082588833
-0.0091455178
-0.0086277508
-0.0081099837
-0.0075922167
-0.0084788511
-0.0079610841
-0.007443317
-0.00692555
-0.0078121845
-0.0072944174
-0.0067766504
-0.0062588833
-0.0071455178
-0.0066277508
-0.0061099837
-0.0055922167
-0.0064788511
-0.0059610841
-0.005443317
-0.00492555
-0.0058121845
-0.0052944174
-0.0047766504
-0.0042588833
-0.0051455178
-0.0046277508
-0.0041099837
-0.0035922167
-0.0044788511
-0.0039610841
-0.003443317
-0.00292555
-0.0038121845
-0.0032944174
-0.0027766504
-0.0022588833
-0.0031455178
-0.0026277508
-0.0021099837
-0.0015922167
-0.0024788511
-0.0019610841
-0.001443317
-0.00092555
-0.0018121845
-0.0012944174
-0.00077665038
-0.00025888333
-0.0011455178
-0.00062775076
-0.00010998371
0.00040778333
-0.00047885115
3.8915904e-05
0.00055668295
0.00107445
0.00018781552
0.00070558257
0.0012233496
0.0017411167
0.00085448218
0.0013722492
0.0018900163
0.0024077833
-0.014478851
-0.013961084
-0.013443317
-0.01292555
-0.013812184
-0.013294417
-0.01277665
-0.012258883
-0.013145518
-0.012627751
-0.012109984
-0.011592217
-0.012478851
-0.011961084
-0.011443317
-0.01092555
-0.011812184
-0.011294417
-0.01077665
-0.010258883
-0.011145518
-0.010627751
-0.010109984
-0.0095922167
-0.010478851
-0.0099610841
-0.0094433171
-0.00892555
-0.0098121845
-0.0092944174
-0.0087766504
-0.0082588833
-0.0091455178
-0.0086277508
-0.0081099837
-0.0075922167
-0.0084788511
-0.0079610841
-0.007443317
-0.00692555
-0.0078121845
-0.0072944174
-0.0067766504
-0.0062588833
-0.0071455178
-0.0066277508
-0.0061099837
-0.0055922167
-0.0064788511
-0.0059610841
-0.005443317
-0.00492555
-0.0058121845
-0.0052944174
-0.0047766504
-0.0042588833
-0.0051455178
-0.0046277508
-0.0041099837
-0.0035922167
-0.0044788511
-0.0039610841
-0.003443317
-0.00292555
-0.0038121845
-0.0032944174
-0.0027766504
-0.0022588833
-0.0031455178
-0.0026277508
-0.0021099837
-0.0015922167
-0.0024788511
-0.0019610841
-0.001443317
-0.00092555
-0.0018121845
-0.0012944174
-0.00077665038
-0.00025888333
-0.0011455178
-0.00062775076
-0.00010998372
0.00040778334
-0.00047885115
3.8915903e-05
0.00055668295
0.00107445
0.00018781552
0.00070558257
0.0012233496
0.0017411167
0.00085448219
0.0013722492
0.0018900163
0.0024077833
-0.014478851
-0.013961084
-0.013443317
-0.01292555
-0.013812184
-0.013294417
-0.01277665
-0.012258883
-0.013145518
-0.012627751
-0.012109984
-0.011592217
-0.012478851
-0.011961084
-0.011443317
-0.01092555
-0.011812184
-0.011294417
-0.01077665
-0.010258883
-0.011145518
-0.010627751
-0.010109984
-0.0095922167
-0.010478851
-0.0099610841
-0.0094433171
-0.00892555
-0.0098121845
-0.0092944174
-0.0087766504
-0.0082588833
-0.0091455178
-0.0086277508
-0.0081099837
-0.0075922167
-0.0084788511
-0.0079610841
-0.007443317
-0.00692555
-0.0078121845
-0.0072944174
-0.0067766504
-0.0062588833
-0.0071455178
-0.0066277508
-0.0061099837
-0.0055922167
-0.0064788511
-0.0059610841
-0.005443317
-0.00492555
-0.0058121845
-0.0052944174
-0.0047766504
-0.0042588833
-0.0051455178
-0.0046277508
-0.0041099837
-0.0035922167
-0.0044788511
-0.0039610841
-0.003443317
-0.00292555
-0.0038121845
-0.0032944174
-0.0027766504
-0.0022588833
-0.0031455178
-0.0026277508
-0.0021099837
-0.0015922167
-0.0024788511
-0.0019610841
-0.001443317
-0.00092554999
-0.0018121845
-0.0012944174
-0.00077665038
-0.00025888333
-0.0011455178
-0.00062775076
-0.00010998372
0.00040778334
-0.00047885115
3.8915903e-05
0.00055668295
0.00107445
0.00018781552
0.00070558257
0.0012233496
0.0017411167
0.00085448218
0.0013722492
0.0018900163
0.0024077833
-0.014478851
-0.013961084
-0.013443317
-0.01292555
-0.013812184
-0.013294417
-0.01277665
-0.012258883
-0.013145518
-0.012627751
-0.012109984
-0.011592217
-0.012478851
-0.011961084
-0.011443317
-0.01092555
-0.011812184
-0.011294417
-0.01077665
-0.010258883
-0.011145518
-0.010627751
-0.010109984
-0.0095922167
-0.010478851
-0.0099610841
-0.009443317
-0.00892555
-0.0098121845
-0.0092944174
-0.0087766504
-0.0082588833
-0.0091455178
-0.0086277508
-0.0081099837
-0.0075922167
-0.0084788512
-0.0079610841
-0.007443317
-0.00692555
-0.0078121845
-0.0072944174
-0.0067766504
-0.0062588833
-0.0071455178
-0.0066277508
-0.0061099837
-0.0055922167
-0.0064788512
-0.0059610841
-0.005443317
-0.00492555
-0.0058121845
-0.0052944174
-0.0047766504
-0.0042588833
-0.0051455178
-0.0046277508
-0.0041099837
-0.0035922167
-0.0044788512
-0.0039610841
-0.003443317
-0.00292555
-0.0038121845
-0.0032944174
-0.0027766504
-0.0022588833
-0.0031455178
-0.0026277508
-0.0021099837
-0.0015922167
-0.0024788512
-0.0019610841
-0.001443317
-0.00092554999
-0.0018121845
-0.0012944174
-0.00077665038
-0.00025888332
-0.0011455178
-0.00062775077
-0.00010998371
0.00040778334
-0.00047885115
3.8915898e-05
0.00055668296
0.00107445
0.00018781552
0.00070558256
0.0012233496
0.0017411167
0.00085448218
0.0013722492
0.0018900163
0.0024077833
-0.014478851
-0.013961084
-0.013443317
-0.01292555
-0.013812184
-0.013294417
-0.01277665
-0.012258883
-0.013145518
-0.012627751
-0.012109984
-0.011592217
-0.012478851
-0.011961084
-0.011443317
-0.01092555
-0.011812184
-0.011294417
-0.01077665
-0.010258883
-0.011145518
-0.010627751
-0.010109984
-0.0095922167
-0.010478851
-0.0099610841
-0.009443317
-0.00892555
-0.0098121845
-0.0092944174
-0.0087766504
-0.0082588833
-0.0091455178
-0.0086277508
-0.0081099837
-0.0075922167
-0.0084788512
-0.0079610841
-0.007443317
-0.00692555
-0.0078121845
-0.0072944174
-0.0067766504
-0.0062588833
-0.0071455178
-0.0066277508
-0.0061099837
-0.0055922167
-0.0064788512
-0.0059610841
-0.005443317
-0.00492555
-0.0058121845
-0.0052944174
-0.0047766504
-0.0042588833
-0.0051455178
-0.0046277508
-0.0041099837
-0.0035922167
-0.0044788512
-0.0039610841
-0.003443317
-0.00292555
-0.0038121845
-0.0032944174
-0.0027766504
-0.0022588833
-0.0031455178
-0.0026277508
-0.0021099837
-0.0015922167
-0.0024788512
-0.0019610841
-0.001443317
-0.00092554999
-0.0018121845
-0.0012944174
-0.00077665038
-0.00025888333
-0.0011455178
-0.00062775077
-0.00010998371
0.00040778334
-0.00047885116
3.8915902e-05
0.00055668296
0.00107445
0.00018781551
0.00070558257
0.0012233496
0.0017411167
0.00085448218
0.0013722492
0.0018900163
0.0024077833
-0.012365191
-0.011762238
-0.011159286
-0.010556333
-0.011698524
-0.011095571
-0.010492619
-0.0098896665
-0.011031857
-0.010428905
-0.0098259523
-0.0092229998
-0.010365191
-0.0097622381
-0.0091592856
-0.0085563331
-0.009698524
-0.0090955715
-0.008492619
-0.0078896665
-0.0090318573
-0.0084289048
-0.0078259523
-0.0072229998
-0.0083651906
-0.0077622381
-0.0071592856
-0.0065563331
-0.007698524
-0.0070955715
-0.006492619
-0.0058896665
-0.0070318573
-0.0064289048
-0.0058259523
-0.0052229998
-0.0063651906
-0.0057622381
-0.0051592856
-0.0045563331
-0.005698524
-0.0050955715
-0.004492619
-0.0038896665
-0.0050318573
-0.0044289048
-0.0038259523
-0.0032229998
-0.0043651906
-0.0037622381
-0.0031592856
-0.0025563331
-0.003698524
-0.0030955715
-0.002492619
-0.0018896665
-0.0030318573
-0.0024289048
-0.0018259523
-0.0012229998
-0.0023651906
-0.0017622381
-0.0011592856
-0.00055633313
-0.001698524
-0.0010955715
-0.00049261897
0.00011033353
-0.0010318573
-0.00042890481
0.00017404769
0.0007770002
-0.00036519065
0.00023776186
0.00084071436
0.0014436669
0.00030147602
0.00090442852
0.001507381
0.0021103335
0.00096814269
0.0015710952
0.0021740477
0.0027770002
0.0016348094
0.0022377619
0.0028407144
0.0034436669
0.002301476
0.0029044285
0.003507381
0.0041103335
0.0029681427
0.0035710952
0.0041740477
0.0047770002
-0.012365191
-0.011762238
-0.011159286
-0.010556333
-0.011698524
-0.011095571
-0.010492619
-0.0098896665
-0.011031857
-0.010428905
-0.0098259523
-0.0092229998
-0.010365191
-0.0097622381
-0.0091592856
-0.0085563331
-0.009698524
-0.0090955715
-0.008492619
-0.0078896665
-0.0090318573
-0.0084289048
-0.0078259523
-0.0072229998
-0.0083651906
-0.0077622381
-0.0071592856
-0.0065563331
-0.007698524
-0.0070955715
-0.006492619
-0.0058896665
-0.0070318573
-0.0064289048
-0.0058259523
-0.0052229998
-0.0063651906
-0.0057622381
-0.0051592856
-0.0045563331
-0.005698524
-0.0050955715
-0.004492619
-0.0038896665
-0.0050318573
-0.0044289048
-0.0038259523
-0.0032229998
-0.0043651906
-0.0037622381
-0.0031592856
-0.0025563331
-0.003698524
-0.0030955715
-0.002492619
-0.0018896665
-0.0030318573
-0.0024289048
-0.0018259523
-0.0012229998
-0.0023651906
-0.0017622381
-0.0011592856
-0.00055633313
-0.001698524
-0.0010955715
-0.00049261897
0.00011033353
-0.0010318573
-0.00042890481
0.0001740477
0.0007770002
-0.00036519065
0.00023776185
0.00084071436
0.0014436669
0.00030147602
0.00090442852
0.001507381
0.0021103335
0.00096814268
0.0015710952
0.0021740477
0.0027770002
0.0016348094
0.0022377619
0.0028407144
0.0034436669
0.002301476
0.0029044285
0.003507381
0.0041103335
0.0029681427
0.0035710952
0.0041740477
0.0047770002
-0.012365191
-0.011762238
-0.011159286
-0.010556333
-0.011698524
-0.011095571
-0.010492619
-0.0098896665
-0.011031857
-0.010428905
-0.0098259523
-0.0092229998
-0.010365191
-0.0097622381
-0.0091592856
-0.0085563331
-0.009698524
-0.0090955715
-0.008492619
-0.0078896665
-0.0090318573
-0.0084289048
-0.0078259523
-0.0072229998
-0.0083651907
-0.0077622381
-0.0071592856
-0.0065563331
-0.007698524
-0.0070955715
-0.006492619
-0.0058896665
-0.0070318573
-0.0064289048
-0.0058259523
-0.0052229998
-0.0063651907
-0.0057622381
-0.0051592856
-0.0045563331
-0.005698524
-0.0050955715
-0.004492619
-0.0038896665
-0.0050318573
-0.0044289048
-0.0038259523
-0.0032229998
-0.0043651907
-0.0037622381
-0.0031592856
-0.0025563331
-0.003698524
-0.0030955715
-0.002492619
-0.0018896665
-0.0030318573
-0.0024289048
-0.0018259523
-0.0012229998
-0.0023651907
-0.0017622381
-0.0011592856
-0.00055633313
-0.001698524
-0.0010955715
-0.00049261897
0.00011033354
-0.0010318573
-0.00042890481
0.00017404769
0.0007770002
-0.00036519065
0.00023776186
0.00084071436
0.0014436669
0.00030147601
0.00090442852
0.001507381
0.0021103335
0.00096814268
0.0015710952
0.0021740477
0.0027770002
0.0016348093
0.0022377619
0.0028407144
0.0034436669
0.002301476
0.0029044285
0.003507381
0.0041103335
0.0029681427
0.0035710952
0.0041740477
0.0047770002
-0.012365191
-0.011762238
-0.011159286
-0.010556333
-0.011698524
-0.011095571
-0.010492619
-0.0098896665
-0.011031857
-0.010428905
-0.0098259523
-0.0092229998
-0.010365191
-0.0097622381
-0.0091592856
-0.0085563331
-0.009698524
-0.0090955715
-0.008492619
-0.0078896665
-0.0090318573
-0.0084289048
-0.0078259523
-0.0072229998
-0.0083651907
-0.0077622381
-0.0071592856
-0.0065563331
-0.007698524
-0.0070955715
-0.006492619
-0.0058896665
-0.0070318573
-0.0064289048
-0.0058259523
-0.0052229998
-0.0063651907
-0.0057622381
-0.0051592856
-0.0045563331
-0.005698524
-0.0050955715
-0.004492619
-0.0038896665
-0.0050318573
-0.0044289048
-0.0038259523
-0.0032229998
-0.0043651907
-0.0037622381
-0.0031592856
-0.0025563331
-0.003698524
-0.0030955715
-0.002492619
-0.0018896665
-0.0030318573
-0.0024289048
-0.0018259523
-0.0012229998
-0.0023651907
-0.0017622381
-0.0011592856
-0.00055633313
-0.001698524
-0.0010955715
-0.00049261897
0.00011033354
-0.0010318573
-0.00042890481
0.0001740477
0.0007770002
-0.00036519066
0.00023776185
0.00084071436
0.0014436669
0.00030147601
0.00090442852
0.001507381
0.0021103335
0.00096814267
0.0015710952
0.0021740477
0.0027770002
0.0016348093
0.0022377619
0.0028407144
0.0034436669
0.002301476
0.0029044285
0.003507381
0.0041103335
0.0029681427
0.0035710952
0.0041740477
0.0047770002
-0.012365191
-0.011762238
-0.011159286
-0.010556333
-0.011698524
-0.011095571
-0.010492619
-0.0098896665
-0.011031857
-0.010428905
-0.0098259523
-0.0092229998
-0.010365191
-0.0097622381
-0.0091592856
-0.0085563331
-0.009698524
-0.0090955715
-0.008492619
-0.0078896665
-0.0090318573
-0.0084289048
-0.0078259523
-0.0072229998
-0.0083651907
-0.0077622381
-0.0071592856
-0.0065563331
-0.007698524
-0.0070955715
-0.006492619
-0.0058896665
-0.0070318573
-0.0064289048
-0.0058259523
-0.0052229998
-0.0063651907
-0.0057622381
-0.0051592856
-0.0045563331
-0.005698524
-0.0050955715
-0.004492619
-0.0038896665
-0.0050318573
-0.0044289048
-0.0038259523
-0.0032229998
-0.0043651907
-0.0037622381
-0.0031592856
-0.0025563331
-0.003698524
-0.0030955715
-0.002492619
-0.0018896665
-0.0030318573
-0.0024289048
-0.0018259523
-0.0012229998
-0.0023651907
-0.0017622381
-0.0011592856
-0.00055633313
-0.001698524
-0.0010955715
-0.00049261897
0.00011033354
-0.0010318573
-0.00042890481
0.0001740477
0.0007770002
-0.00036519066
0.00023776185
0.00084071436
0.0014436669
0.00030147601
0.00090442852
0.001507381
0.0021103335
0.00096814268
0.0015710952
0.0021740477
0.0027770002
0.0016348093
0.0022377619
0.0028407144
0.0034436669
0.002301476
0.0029044285
0.003507381
0.0041103335
0.0029681427
0.0035710952
0.0041740477
0.0047770002
-0.012365191
-0.011762238
-0.011159286
-0.010556333
-0.011698524
-0.011095571
-0.010492619
-0.0098896665
-0.011031857
-0.010428905
-0.0098259523
-0.0092229998
-0.010365191
-0.0097622381
-0.0091592856
-0.0085563331
-0.009698524
-0.0090955715
-0.008492619
-0.0078896665
-0.0090318573
-0.0084289048
-0.0078259523
-0.0072229998
-0.0083651907
-0.0077622381
-0.0071592856
-0.0065563331
-0.007698524
-0.0070955715
-0.006492619
-0.0058896665
-0.0070318573
-0.0064289048
-0.0058259523
-0.0052229998
-0.0063651907
-0.0057622381
-0.0051592856
-0.0045563331
-0.005698524
-0.0050955715
-0.004492619
-0.0038896665
-0.0050318573
-0.0044289048
-0.0038259523
-0.0032229998
-0.0043651907
-0.0037622381
-0.0031592856
-0.0025563331
-0.003698524
-0.0030955715
-0.002492619
-0.0018896665
-0.0030318573
-0.0024289048
-0.0018259523
-0.0012229998
-0.0023651907
-0.0017622381
-0.0011592856
-0.00055633312
-0.001698524
-0.0010955715
-0.00049261897
0.00011033355
-0.0010318573
-0.00042890481
0.00017404769
0.00077700021
-0.00036519066
0.00023776185
0.00084071436
0.0014436669
0.000301476
0.00090442852
0.001507381
0.0021103335
0.00096814267
0.0015710952
0.0021740477
0.0027770002
0.0016348093
0.0022377619
0.0028407144
0.0034436669
0.002301476
0.0029044285
0.003507381
0.0041103335
0.0029681427
0.0035710952
0.0041740477
0.0047770002
-0.012365191
-0.011762238
-0.011159286
-0.010556333
-0.011698524
-0.011095571
-0.010492619
-0.0098896665
-0.011031857
-0.010428905
-0.0098259523
-0.0092229998
-0.010365191
-0.0097622382
-0.0091592856
-0.0085563331
-0.009698524
-0.0090955715
-0.008492619
-0.0078896665
-0.0090318573
-0.0084289048
-0.0078259523
-0.0072229998
-0.0083651907
-0.0077622382
-0.0071592856
-0.0065563331
-0.007698524
-0.0070955715
-0.006492619
-0.0058896665
-0.0070318573
-0.0064289048
-0.0058259523
-0.0052229998
-0.0063651907
-0.0057622382
-0.0051592856
-0.0045563331
-0.005698524
-0.0050955715
-0.004492619
-0.0038896665
-0.0050318573
-0.0044289048
-0.0038259523
-0.0032229998
-0.0043651907
-0.0037622382
-0.0031592856
-0.0025563331
-0.003698524
-0.0030955715
-0.002492619
-0.0018896665
-0.0030318573
-0.0024289048
-0.0018259523
-0.0012229998
-0.0023651907
-0.0017622382
-0.0011592856
-0.00055633312
-0.001698524
-0.0010955715
-0.00049261896
0.00011033354
-0.0010318573
-0.00042890482
0.0001740477
0.00077700021
-0.00036519066
0.00023776185
0.00084071437
0.0014436669
0.00030147601
0.00090442851
0.001507381
0.0021103335
0.00096814267
0.0015710952
0.0021740477
0.0027770002
0.0016348093
0.0022377618
0.0028407144
0.0034436669
0.002301476
0.0029044285
0.003507381
0.0041103335
0.0029681427
0.0035710952
0.0041740477
0.0047770002
-0.012365191
-0.011762238
-0.011159286
-0.010556333
-0.011698524
-0.011095571
-0.010492619
-0.0098896665
-0.011031857
-0.010428905
-0.0098259523
-0.0092229998
-0.010365191
-0.0097622382
-0.0091592856
-0.0085563331
-0.009698524
-0.0090955715
-0.008492619
-0.0078896665
-0.0090318573
-0.0084289048
-0.0078259523
-0.0072229998
-0.0083651907
-0.0077622381
-0.0071592856
-0.0065563331
-0.007698524
-0.0070955715
-0.006492619
-0.0058896665
-0.0070318573
-0.0064289048
-0.0058259523
-0.0052229998
-0.0063651907
-0.0057622382
-0.0051592856
-0.0045563331
-0.005698524
-0.0050955715
-0.004492619
-0.0038896665
-0.0050318573
-0.0044289048
-0.0038259523
-0.0032229998
-0.0043651907
-0.0037622381
-0.0031592856
-0.0025563331
-0.003698524
-0.0030955715
-0.002492619
-0.0018896665
-0.0030318573
-0.0024289048
-0.0018259523
-0.0012229998
-0.0023651907
-0.0017622382
-0.0011592856
-0.00055633312
-0.001698524
-0.0010955715
-0.00049261897
0.00011033355
-0.0010318573
-0.00042890482
0.0001740477
0.00077700022
-0.00036519067
0.00023776185
0.00084071436
0.0014436669
0.000301476
0.00090442852
0.001507381
0.0021103335
0.00096814266
0.0015710952
0.0021740477
0.0027770002
0.0016348093
0.0022377619
0.0028407144
0.0034436669
0.002301476
0.0029044285
0.003507381
0.0041103335
0.0029681427
0.0035710952
0.0041740477
0.0047770002
-0.012365191
-0.011762238
-0.011159286
-0.010556333
-0.011698524
-0.011095571
-0.010492619
-0.0098896665
-0.011031857
-0.010428905
-0.0098259523
-0.0092229998
-0.010365191
-0.0097622381
-0.0091592856
-0.0085563331
-0.009698524
-0.0090955715
-0.008492619
-0.0078896665
-0.0090318573
-0.0084289048
-0.0078259523
-0.0072229998
-0.0083651907
-0.0077622382
-0.0071592856
-0.0065563331
-0.007698524
-0.0070955715
-0.006492619
-0.0058896665
-0.0070318573
-0.0064289048
-0.0058259523
-0.0052229998
-0.0063651907
-0.0057622381
-0.0051592856
-0.0045563331
-0.005698524
-0.0050955715
-0.004492619
-0.0038896665
-0.0050318573
-0.0044289048
-0.0038259523
-0.0032229998
-0.0043651907
-0.0037622382
-0.0031592856
-0.0025563331
-0.003698524
-0.0030955715
-0.002492619
-0.0018896665
-0.0030318573
-0.0024289048
-0.0018259523
-0.0012229998
-0.0023651907
-0.0017622381
-0.0011592856
-0.00055633312
-0.001698524
-0.0010955715
-0.00049261897
0.00011033355
-0.0010318573
-0.00042890482
0.0001740477
0.00077700021
-0.00036519066
0.00023776185
0.00084071437
0.0014436669
0.000301476
0.00090442851
0.001507381
0.0021103335
0.00096814267
0.0015710952
0.0021740477
0.0027770002
0.0016348093
0.0022377618
0.0028407144
0.0034436669
0.002301476
0.0029044285
0.003507381
0.0041103335
0.0029681427
0.0035710952
0.0041740477
0.0047770002
-0.012365191
-0.011762238
-0.011159286
-0.010556333
-0.011698524
-0.011095571
-0.010492619
-0.0098896664
-0.011031857
-0.010428905
-0.0098259523
-0.0092229998
-0.010365191
-0.0097622381
-0.0091592856
-0.0085563331
-0.009698524
-0.0090955715
-0.008492619
-0.0078896664
-0.0090318573
-0.0084289048
-0.0078259523
-0.0072229998
-0.0083651907
-0.0077622382
-0.0071592856
-0.0065563331
-0.007698524
-0.0070955715
-0.006492619
-0.0058896664
-0.0070318573
-0.0064289048
-0.0058259523
-0.0052229998
-0.0063651907
-0.0057622382
-0.0051592856
-0.0045563331
-0.005698524
-0.0050955715
-0.004492619
-0.0038896664
-0.0050318573
-0.0044289048
-0.0038259523
-0.0032229998
-0.0043651907
-0.0037622382
-0.0031592856
-0.0025563331
-0.003698524
-0.0030955715
-0.002492619
-0.0018896664
-0.0030318573
-0.0024289048
-0.0018259523
-0.0012229998
-0.0023651907
-0.0017622382
-0.0011592856
-0.00055633311
-0.001698524
-0.0010955715
-0.00049261897
0.00011033355
-0.0010318573
-0.00042890482
0.0001740477
0.00077700023
-0.00036519067
0.00023776185
0.00084071436
0.0014436669
0.00030147599
0.00090442852
0.001507381
0.0021103336
0.00096814266
0.0015710952
0.0021740477
0.0027770002
0.0016348093
0.0022377618
0.0028407144
0.0034436669
0.002301476
0.0029044285
0.003507381
0.0041103336
0.0029681427
0.0035710952
0.0041740477
0.0047770002
-0.012365191
-0.011762238
-0.011159286
-0.010556333
-0.011698524
-0.011095571
-0.010492619
-0.0098896664
-0.011031857
-0.010428905
-0.0098259523
-0.0092229998
-0.010365191
-0.0097622381
-0.0091592856
-0.0085563331
-0.009698524
-0.0090955715
-0.008492619
-0.0078896664
-0.0090318573
-0.0084289048
-0.0078259523
-0.0072229998
-0.0083651907
-0.0077622382
-0.0071592856
-0.0065563331
-0.007698524
-0.0070955715
-0.006492619
-0.0058896664
-0.0070318573
-0.0064289048
-0.0058259523
-0.0052229998
-0.0063651907
-0.0057622382
-0.0051592856
-0.0045563331
-0.005698524
-0.0050955715
-0.004492619
-0.0038896664
-0.0050318573
-0.0044289048
-0.0038259523
-0.0032229998
-0.0043651907
-0.0037622382
-0.0031592856
-0.0025563331
-0.003698524
-0.0030955715
-0.002492619
-0.0018896664
-0.0030318573
-0.0024289048
-0.0018259523
-0.0012229998
-0.0023651907
-0.0017622382
-0.0011592856
-0.00055633311
-0.001698524
-0.0010955715
-0.00049261896
0.00011033356
-0.0010318573
-0.00042890482
0.0001740477
0.00077700022
-0.00036519067
0.00023776185
0.00084071437
0.0014436669
0.00030147599
0.00090442852
0.001507381
0.0021103336
0.00096814266
0.0015710952
0.0021740477
0.0027770002
0.0016348093
0.0022377618
0.0028407144
0.0034436669
0.002301476
0.0029044285
0.003507381
0.0041103336
0.0029681427
0.0035710952
0.0041740477
0.0047770002
-0.012365191
-0.011762238
-0.011159286
-0.010556333
-0.011698524
-0.011095571
-0.010492619
-0.0098896664
-0.011031857
-0.010428905
-0.0098259523
-0.0092229998
-0.010365191
-0.0097622382
-0.0091592856
-0.0085563331
-0.009698524
-0.0090955715
-0.008492619
-0.0078896664
-0.0090318573
-0.0084289048
-0.0078259523
-0.0072229998
-0.0083651907
-0.0077622382
-0.0071592856
-0.0065563331
-0.007698524
-0.0070955715
-0.006492619
-0.0058896664
-0.0070318573
-0.0064289048
-0.0058259523
-0.0052229998
-0.0063651907
-0.0057622382
-0.0051592856
-0.0045563331
-0.005698524
-0.0050955715
-0.004492619
-0.0038896664
-0.0050318573
-0.0044289048
-0.0038259523
-0.0032229998
-0.0043651907
-0.0037622382
-0.0031592856
-0.0025563331
-0.003698524
-0.0030955715
-0.002492619
-0.0018896664
-0.0030318573
-0.0024289048
-0.0018259523
-0.0012229998
-0.0023651907
-0.0017622382
-0.0011592856
-0.00055633311
-0.001698524
-0.0010955715
-0.00049261897
0.00011033356
-0.0010318573
-0.00042890482
0.0001740477
0.00077700023
-0.00036519067
0.00023776185
0.00084071437
0.0014436669
0.00030147599
0.00090442851
0.001507381
0.0021103336
0.00096814266
0.0015710952
0.0021740477
0.0027770002
0.0016348093
0.0022377618
0.0028407144
0.0034436669
0.002301476
0.0029044285
0.003507381
0.0041103336
0.0029681427
0.0035710952
0.0041740477
0.0047770002
-0.012365191
-0.011762238
-0.011159286
-0.010556333
-0.011698524
-0.011095571
-0.010492619
-0.0098896664
-0.011031857
-0.010428905
-0.0098259523
-0.0092229998
-0.010365191
-0.0097622382
-0.0091592856
-0.0085563331
-0.009698524
-0.0090955715
-0.008492619
-0.0078896664
-0.0090318573
-0.0084289048
-0.0078259523
-0.0072229998
-0.0083651907
-0.0077622382
-0.0071592856
-0.0065563331
-0.007698524
-0.0070955715
-0.006492619
-0.0058896664
-0.0070318573
-0.0064289048
-0.0058259523
-0.0052229998
-0.0063651907
-0.0057622382
-0.0051592856
-0.0045563331
-0.005698524
-0.0050955715
-0.004492619
-0.0038896664
-0.0050318573
-0.0044289048
-0.0038259523
-0.0032229998
-0.0043651907
-0.0037622382
-0.0031592856
-0.0025563331
-0.003698524
-0.0030955715
-0.002492619
-0.0018896664
-0.0030318573
-0.0024289048
-0.0018259523
-0.0012229998
-0.0023651907
-0.0017622382
-0.0011592856
-0.00055633311
-0.001698524
-0.0010955715
-0.00049261896
0.00011033356
-0.0010318573
-0.00042890482
0.0001740477
0.00077700022
-0.00036519068
0.00023776185
0.00084071437
0.0014436669
0.00030147599
0.00090442851
0.001507381
0.0021103336
0.00096814265
0.0015710952
0.0021740477
0.0027770002
0.0016348093
0.0022377618
0.0028407144
0.0034436669
0.002301476
0.0029044285
0.003507381
0.0041103336
0.0029681427
0.0035710952
0.0041740477
0.0047770002
-0.012365191
-0.011762238
-0.011159286
-0.010556333
-0.011698524
-0.011095571
-0.010492619
-0.0098896664
-0.011031857
-0.010428905
-0.0098259523
-0.0092229998
-0.010365191
-0.0097622382
-0.0091592856
-0.0085563331
-0.009698524
-0.0090955715
-0.008492619
-0.0078896664
-0.0090318573
-0.0084289048
-0.0078259523
-0.0072229998
-0.0083651907
-0.0077622382
-0.0071592856
-0.0065563331
-0.007698524
-0.0070955715
-0.006492619
-0.0058896664
-0.0070318573
-0.0064289048
-0.0058259523
-0.0052229998
-0.0063651907
-0.0057622382
-0.0051592856
-0.0045563331
-0.005698524
-0.0050955715
-0.004492619
-0.0038896664
-0.0050318573
-0.0044289048
-0.0038259523
-0.0032229998
-0.0043651907
-0.0037622382
-0.0031592856
-0.0025563331
-0.003698524
-0.0030955715
-0.002492619
-0.0018896664
-0.0030318573
-0.0024289048
-0.0018259523
-0.0012229998
-0.0023651907
-0.0017622382
-0.0011592856
-0.0005563331
-0.001698524
-0.0010955715
-0.00049261896
0.00011033356
-0.0010318573
-0.00042890482
0.00017404771
0.00077700024
-0.00036519068
0.00023776184
0.00084071437
0.0014436669
0.00030147599
0.00090442851
0.001507381
0.0021103336
0.00096814265
0.0015710952
0.0021740477
0.0027770002
0.0016348093
0.0022377618
0.0028407144
0.0034436669
0.002301476
0.0029044285
0.003507381
0.0041103336
0.0029681427
0.0035710952
0.0041740477
0.0047770002
-0.012365191
-0.011762238
-0.011159286
-0.010556333
-0.011698524
-0.011095571
-0.010492619
-0.0098896664
-0.011031857
-0.010428905
-0.0098259523
-0.0092229998
-0.010365191
-0.0097622382
-0.0091592856
-0.0085563331
-0.009698524
-0.0090955715
-0.008492619
-0.0078896664
-0.0090318573
-0.0084289048
-0.0078259523
-0.0072229998
-0.0083651907
-0.0077622382
-0.0071592856
-0.0065563331
-0.007698524
-0.0070955715
-0.006492619
-0.0058896664
-0.0070318573
-0.0064289048
-0.0058259523
-0.0052229998
-0.0063651907
-0.0057622382
-0.0051592856
-0.0045563331
-0.005698524
-0.0050955715
-0.004492619
-0.0038896664
-0.0050318573
-0.0044289048
-0.0038259523
-0.0032229998
-0.0043651907
-0.0037622382
-0.0031592856
-0.0025563331
-0.003698524
-0.0030955715
-0.002492619
-0.0018896664
-0.0030318573
-0.0024289048
-0.0018259523
-0.0012229998
-0.0023651907
-0.0017622382
-0.0011592856
-0.0005563331
-0.001698524
-0.0010955715
-0.00049261896
0.00011033357
-0.0010318573
-0.00042890483
0.00017404771
0.00077700023
-0.00036519068
0.00023776184
0.00084071437
0.0014436669
0.00030147598
0.00090442851
0.001507381
0.0021103336
0.00096814265
0.0015710952
0.0021740477
0.0027770002
0.0016348093
0.0022377618
0.0028407144
0.0034436669
0.002301476
0.0029044285
0.003507381
0.0041103336
0.0029681427
0.0035710952
0.0041740477
0.0047770002
-0.012365191
-0.011762238
-0.011159286
-0.010556333
-0.011698524
-0.011095571
-0.010492619
-0.0098896664
-0.011031857
-0.010428905
-0.0098259523
-0.0092229998
-0.010365191
-0.0097622382
-0.0091592856
-0.0085563331
-0.009698524
-0.0090955715
-0.008492619
-0.0078896664
-0.0090318574
-0.0084289048
-0.0078259523
-0.0072229998
-0.0083651907
-0.0077622382
-0.0071592856
-0.0065563331
-0.007698524
-0.0070955715
-0.006492619
-0.0058896664
-0.0070318574
-0.0064289048
-0.0058259523
-0.0052229998
-0.0063651907
-0.0057622382
-0.0051592856
-0.0045563331
-0.005698524
-0.0050955715
-0.004492619
-0.0038896664
-0.0050318574
-0.0044289048
-0.0038259523
-0.0032229998
-0.0043651907
-0.0037622382
-0.0031592856
-0.0025563331
-0.003698524
-0.0030955715
-0.002492619
-0.0018896664
-0.0030318574
-0.0024289048
-0.0018259523
-0.0012229998
-0.0023651907
-0.0017622382
-0.0011592856
-0.0005563331
-0.001698524
-0.0010955715
-0.00049261896
0.00011033357
-0.0010318574
-0.00042890482
0.00017404771
0.00077700023
-0.00036519069
0.00023776184
0.00084071437
0.0014436669
0.00030147598
0.00090442851
0.001507381
0.0021103336
0.00096814265
0.0015710952
0.0021740477
0.0027770002
0.0016348093
0.0022377618
0.0028407144
0.0034436669
0.002301476
0.0029044285
0.003507381
0.0041103336
0.0029681426
0.0035710952
0.0041740477
0.0047770002
-0.012365191
-0.011762238
-0.011159286
-0.010556333
-0.011698524
-0.011095571
-0.010492619
-0.0098896664
-0.011031857
-0.010428905
-0.0098259523
-0.0092229998
-0.010365191
-0.0097622382
-0.0091592856
-0.0085563331
-0.009698524
-0.0090955715
-0.008492619
-0.0078896664
-0.0090318574
-0.0084289048
-0.0078259523
-0.0072229998
-0.0083651907
-0.0077622382
-0.0071592856
-0.0065563331
-0.007698524
-0.0070955715
-0.006492619
-0.0058896664
-0.0070318574
-0.0064289048
-0.0058259523
-0.0052229998
-0.0063651907
-0.0057622382
-0.0051592856
-0.0045563331
-0.005698524
-0.0050955715
-0.004492619
-0.0038896664
-0.0050318574
-0.0044289048
-0.0038259523
-0.0032229998
-0.0043651907
-0.0037622382
-0.0031592856
-0.0025563331
-0.003698524
-0.0030955715
-0.002492619
-0.0018896664
-0.0030318574
-0.0024289048
-0.0018259523
-0.0012229998
-0.0023651907
-0.0017622382
-0.0011592856
-0.00055633309
-0.001698524
-0.0010955715
-0.00049261896
0.00011033357
-0.0010318574
-0.00042890482
0.0001740477
0.00077700024
-0.00036519069
0.00023776184
0.00084071437
0.0014436669
0.00030147597
0.00090442851
0.001507381
0.0021103336
0.00096814264
0.0015710952
0.0021740477
0.0027770002
0.0016348093
0.0022377618
0.0028407144
0.0034436669
0.002301476
0.0029044285
0.003507381
0.0041103336
0.0029681426
0.0035710952
0.0041740477
0.0047770002
-0.012365191
-0.011762238
-0.011159286
-0.010556333
-0.011698524
-0.011095571
-0.010492619
-0.0098896664
-0.011031857
-0.010428905
-0.0098259523
-0.0092229998
-0.010365191
-0.0097622382
-0.0091592856
-0.0085563331
-0.009698524
-0.0090955715
-0.008492619
-0.0078896664
-0.0090318574
-0.0084289048
-0.0078259523
-0.0072229998
-0.0083651907
-0.0077622382
-0.0071592856
-0.0065563331
-0.007698524
-0.0070955715
-0.006492619
-0.0058896664
-0.0070318574
-0.0064289048
-0.0058259523
-0.0052229998
-0.0063651907
-0.0057622382
-0.0051592856
-0.0045563331
-0.005698524
-0.0050955715
-0.004492619
-0.0038896664
-0.0050318574
-0.0044289048
-0.0038259523
-0.0032229998
-0.0043651907
-0.0037622382
-0.0031592856
-0.0025563331
-0.003698524
-0.0030955715
-0.002492619
-0.0018896664
-0.0030318574
-0.0024289048
-0.0018259523
-0.0012229998
-0.0023651907
-0.0017622382
-0.0011592856
-0.00055633309
-0.001698524
-0.0010955715
-0.00049261896
0.00011033358
-0.0010318574
-0.00042890482
0.00017404771
0.00077700024
-0.00036519069
0.00023776184
0.00084071438
0.0014436669
0.00030147598
0.00090442851
0.001507381
0.0021103336
0.00096814264
0.0015710952
0.0021740477
0.0027770002
0.0016348093
0.0022377618
0.0028407144
0.0034436669
0.002301476
0.0029044285
0.003507381
0.0041103336
0.0029681426
0.0035710952
0.0041740477
0.0047770002
-0.012365191
-0.011762238
-0.011159286
-0.010556333
-0.011698524
-0.011095571
-0.010492619
-0.0098896664
-0.011031857
-0.010428905
-0.0098259523
-0.0092229998
-0.010365191
-0.0097622382
-0.0091592856
-0.0085563331
-0.009698524
-0.0090955715
-0.008492619
-0.0078896664
-0.0090318574
-0.0084289048
-0.0078259523
-0.0072229997
-0.0083651907
-0.0077622382
-0.0071592856
-0.0065563331
-0.007698524
-0.0070955715
-0.006492619
-0.0058896664
-0.0070318574
-0.0064289048
-0.0058259523
-0.0052229997
-0.0063651907
-0.0057622382
-0.0051592856
-0.0045563331
-0.005698524
-0.0050955715
-0.004492619
-0.0038896664
-0.0050318574
-0.0044289048
-0.0038259523
-0.0032229998
-0.0043651907
-0.0037622382
-0.0031592856
-0.0025563331
-0.003698524
-0.0030955715
-0.002492619
-0.0018896664
-0.0030318574
-0.0024289048
-0.0018259523
-0.0012229997
-0.0023651907
-0.0017622382
-0.0011592856
-0.00055633308
-0.001698524
-0.0010955715
-0.00049261896
0.00011033358
-0.0010318574
-0.00042890483
0.00017404771
0.00077700025
-0.0003651907
0.00023776184
0.00084071437
0.0014436669
0.00030147597
0.00090442851
0.001507381
0.0021103336
0.00096814263
0.0015710952
0.0021740477
0.0027770003
0.0016348093
0.0022377618
0.0028407144
0.0034436669
0.002301476
0.0029044285
0.003507381
0.0041103336
0.0029681426
0.0035710952
0.0041740477
0.0047770003
-0.012365191
-0.011762238
-0.011159286
-0.010556333
-0.011698524
-0.011095571
-0.010492619
-0.0098896664
-0.011031857
-0.010428905
-0.0098259523
-0.0092229998
-0.010365191
-0.0097622382
-0.0091592856
-0.0085563331
-0.009698524
-0.0090955715
-0.008492619
-0.0078896664
-0.0090318574
-0.0084289048
-0.0078259523
-0.0072229998
-0.0083651907
-0.0077622382
-0.0071592856
-0.0065563331
-0.007698524
-0.0070955715
-0.006492619
-0.0058896664
-0.0070318574
-0.0064289048
-0.0058259523
-0.0052229998
-0.0063651907
-0.0057622382
-0.0051592856
-0.0045563331
-0.005698524
-0.0050955715
-0.004492619
-0.0038896664
-0.0050318574
-0.0044289048
-0.0038259523
-0.0032229998
-0.0043651907
-0.0037622382
-0.0031592856
-0.0025563331
-0.003698524
-0.0030955715
-0.002492619
-0.0018896664
-0.0030318574
-0.0024289048
-0.0018259523
-0.0012229998
-0.0023651907
-0.0017622382
-0.0011592856
-0.00055633309
-0.001698524
-0.0010955715
-0.00049261896
0.00011033358
-0.0010318574
-0.00042890483
0.00017404771
0.00077700025
-0.0003651907
0.00023776184
0.00084071438
0.0014436669
0.00030147597
0.00090442851
0.001507381
0.0021103336
0.00096814264
0.0015710952
0.0021740477
0.0027770002
0.0016348093
0.0022377618
0.0028407144
0.0034436669
0.002301476
0.0029044285
0.003507381
0.0041103336
0.0029681426
0.0035710952
0.0041740477
0.0047770002
-0.012365191
-0.011762238
-0.011159286
-0.010556333
-0.011698524
-0.011095572
-0.010492619
-0.0098896664
-0.011031857
-0.010428905
-0.0098259523
-0.0092229997
-0.010365191
-0.0097622382
-0.0091592856
-0.0085563331
-0.009698524
-0.0090955715
-0.008492619
-0.0078896664
-0.0090318574
-0.0084289048
-0.0078259523
-0.0072229997
-0.0083651907
-0.0077622382
-0.0071592856
-0.0065563331
-0.007698524
-0.0070955715
-0.006492619
-0.0058896664
-0.0070318574
-0.0064289048
-0.0058259523
-0.0052229997
-0.0063651907
-0.0057622382
-0.0051592856
-0.0045563331
-0.005698524
-0.0050955715
-0.004492619
-0.0038896664
-0.0050318574
-0.0044289048
-0.0038259523
-0.0032229997
-0.0043651907
-0.0037622382
-0.0031592856
-0.0025563331
-0.003698524
-0.0030955715
-0.002492619
-0.0018896664
-0.0030318574
-0.0024289048
-0.0018259523
-0.0012229997
-0.0023651907
-0.0017622382
-0.0011592856
-0.00055633308
-0.001698524
-0.0010955715
-0.00049261895
0.00011033359
-0.0010318574
-0.00042890484
0.00017404771
0.00077700025
-0.0003651907
0.00023776183
0.00084071438
0.0014436669
0.00030147597
0.0009044285
0.001507381
0.0021103336
0.00096814263
0.0015710952
0.0021740477
0.0027770003
0.0016348093
0.0022377618
0.0028407144
0.0034436669
0.002301476
0.0029044285
0.003507381
0.0041103336
0.0029681426
0.0035710952
0.0041740477
0.0047770003
-0.012365191
-0.011762238
-0.011159286
-0.010556333
-0.011698524
-0.011095571
-0.010492619
-0.0098896664
-0.011031857
-0.010428905
-0.0098259523
-0.0092229997
-0.010365191
-0.0097622382
-0.0091592856
-0.0085563331
-0.009698524
-0.0090955715
-0.008492619
-0.0078896664
-0.0090318574
-0.0084289048
-0.0078259523
-0.0072229997
-0.0083651907
-0.0077622382
-0.0071592856
-0.0065563331
-0.007698524
-0.0070955715
-0.006492619
-0.0058896664
-0.0070318574
-0.0064289048
-0.0058259523
-0.0052229997
-0.0063651907
-0.0057622382
-0.0051592856
-0.0045563331
-0.005698524
-0.0050955715
-0.004492619
-0.0038896664
-0.0050318574
-0.0044289048
-0.0038259523
-0.0032229997
-0.0043651907
-0.0037622382
-0.0031592856
-0.0025563331
-0.003698524
-0.0030955715
-0.002492619
-0.0018896664
-0.0030318574
-0.0024289048
-0.0018259523
-0.0012229997
-0.0023651907
-0.0017622382
-0.0011592856
-0.00055633308
-0.001698524
-0.0010955715
-0.00049261895
0.00011033359
-0.0010318574
-0.00042890483
0.00017404771
0.00077700025
-0.0003651907
0.00023776184
0.00084071438
0.0014436669
0.00030147596
0.0009044285
0.001507381
0.0021103336
0.00096814263
0.0015710952
0.0021740477
0.0027770003
0.0016348093
0.0022377618
0.0028407144
0.0034436669
0.002301476
0.0029044285
0.003507381
0.0041103336
0.0029681426
0.0035710952
0.0041740477
0.0047770003
-0.012365191
-0.011762238
-0.011159286
-0.010556333
-0.011698524
-0.011095571
-0.010492619
-0.0098896664
-0.011031857
-0.010428905
-0.0098259523
-0.0092229997
-0.010365191
-0.0097622382
-0.0091592856
-0.0085563331
-0.009698524
-0.0090955715
-0.008492619
-0.0078896664
-0.0090318574
-0.0084289048
-0.0078259523
-0.0072229997
-0.0083651907
-0.0077622382
-0.0071592856
-0.0065563331
-0.007698524
-0.0070955715
-0.006492619
-0.0058896664
-0.0070318574
-0.0064289048
-0.0058259523
-0.0052229997
-0.0063651907
-0.0057622382
-0.0051592856
-0.0045563331
-0.005698524
-0.0050955715
-0.004492619
-0.0038896664
-0.0050318574
-0.0044289048
-0.0038259523
-0.0032229997
-0.0043651907
-0.0037622382
-0.0031592856
-0.0025563331
-0.003698524
-0.0030955715
-0.002492619
-0.0018896664
-0.0030318574
-0.0024289048
-0.0018259523
-0.0012229997
-0.0023651907
-0.0017622382
-0.0011592856
-0.00055633307
-0.001698524
-0.0010955715
-0.00049261896
0.00011033359
-0.0010318574
-0.00042890483
0.00017404771
0.00077700026
-0.00036519071
0.00023776184
0.00084071438
0.0014436669
0.00030147595
0.0009044285
0.001507381
0.0021103336
0.00096814262
0.0015710952
0.0021740477
0.0027770003
0.0016348093
0.0022377618
0.0028407144
0.0034436669
0.002301476
0.0029044285
0.003507381
0.0041103336
0.0029681426
0.0035710952
0.0041740477
0.0047770003
-0.012365191
-0.011762238
-0.011159286
-0.010556333
-0.011698524
-0.011095571
-0.010492619
-0.0098896664
-0.011031857
-0.010428905
-0.0098259523
-0.0092229997
-0.010365191
-0.0097622382
-0.0091592856
-0.0085563331
-0.009698524
-0.0090955715
-0.008492619
-0.0078896664
-0.0090318574
-0.0084289048
-0.0078259523
-0.0072229997
-0.0083651907
-0.0077622382
-0.0071592856
-0.0065563331
-0.007698524
-0.0070955715
-0.006492619
-0.0058896664
-0.0070318574
-0.0064289048
-0.0058259523
-0.0052229997
-0.0063651907
-0.0057622382
-0.0051592856
-0.0045563331
-0.005698524
-0.0050955715
-0.004492619
-0.0038896664
-0.0050318574
-0.0044289048
-0.0038259523
-0.0032229997
-0.0043651907
-0.0037622382
-0.0031592856
-0.0025563331
-0.003698524
-0.0030955715
-0.002492619
-0.0018896664
-0.0030318574
-0.0024289048
-0.0018259523
-0.0012229997
-0.0023651907
-0.0017622382
-0.0011592856
-0.00055633307
-0.001698524
-0.0010955715
-0.00049261895
0.00011033359
-0.0010318574
-0.00042890483
0.00017404772
0.00077700026
-0.00036519071
0.00023776184
0.00084071438
0.0014436669
0.00030147596
0.0009044285
0.001507381
0.0021103336
0.00096814262
0.0015710952
0.0021740477
0.0027770003
0.0016348093
0.0022377618
0.0028407144
0.0034436669
0.002301476
0.0029044285
0.003507381
0.0041103336
0.0029681426
0.0035710952
0.0041740477
0.0047770003
-0.0099313335
-0.0092842858
-0.008637238
-0.0079901903
-0.0092646669
-0.0086176191
-0.0079705713
-0.0073235236
-0.0085980002
-0.0079509524
-0.0073039047
-0.0066568569
-0.0079313335
-0.0072842858
-0.006637238
-0.0059901903
-0.0072646669
-0.0066176191
-0.0059705713
-0.0053235236
-0.0065980002
-0.0059509524
-0.0053039047
-0.0046568569
-0.0059313335
-0.0052842858
-0.004637238
-0.0039901903
-0.0052646669
-0.0046176191
-0.0039705713
-0.0033235236
-0.0045980002
-0.0039509524
-0.0033039047
-0.0026568569
-0.0039313335
-0.0032842858
-0.002637238
-0.0019901903
-0.0032646669
-0.0026176191
-0.0019705713
-0.0013235236
-0.0025980002
-0.0019509524
-0.0013039047
-0.00065685692
-0.0019313335
-0.0012842858
-0.00063723801
9.8097439e-06
-0.0012646669
-0.0006176191
2.9428654e-05
0.00067647641
-0.00059800019
4.9047564e-05
0.00069609532
0.0013431431
6.8666473e-05
0.00071571423
0.001362762
0.0020098097
0.00073533314
0.0013823809
0.0020294287
0.0026764764
0.0014019998
0.0020490476
0.0026960953
0.0033431431
0.0020686665
0.0027157142
0.003362762
0.0040098097
0.0027353331
0.0033823809
0.0040294287
0.0046764764
0.0034019998
0.0040490476
0.0046960953
0.0053431431
0.0040686665
0.0047157142
0.005362762
0.0060098097
0.0047353331
0.0053823809
0.0060294287
0.0066764764
0.0054019998
0.0060490476
0.0066960953
0.0073431431
-0.0099313335
-0.0092842858
-0.008637238
-0.0079901903
-0.0092646669
-0.0086176191
-0.0079705713
-0.0073235236
-0.0085980002
-0.0079509524
-0.0073039047
-0.0066568569
-0.0079313335
-0.0072842858
-0.006637238
-0.0059901903
-0.0072646669
-0.0066176191
-0.0059705713
-0.0053235236
-0.0065980002
-0.0059509524
-0.0053039047
-0.0046568569
-0.0059313335
-0.0052842858
-0.004637238
-0.0039901903
-0.0052646669
-0.0046176191
-0.0039705713
-0.0033235236
-0.0045980002
-0.0039509524
-0.0033039047
-0.0026568569
-0.0039313335
-0.0032842858
-0.002637238
-0.0019901903
-0.0032646669
-0.0026176191
-0.0019705713
-0.0013235236
-0.0025980002
-0.0019509524
-0.0013039047
-0.00065685692
-0.0019313335
-0.0012842858
-0.00063723801
9.8097423e-06
-0.0012646669
-0.0006176191
2.9428655e-05
0.00067647641
-0.0005980002
4.9047563e-05
0.00069609532
0.0013431431
6.8666466e-05
0.00071571423
0.001362762
0.0020098097
0.00073533313
0.0013823809
0.0020294287
0.0026764764
0.0014019998
0.0020490476
0.0026960953
0.0033431431
0.0020686665
0.0027157142
0.003362762
0.0040098097
0.0027353331
0.0033823809
0.0040294287
0.0046764764
0.0034019998
0.0040490476
0.0046960953
0.0053431431
0.0040686665
0.0047157142
0.005362762
0.0060098097
0.0047353331
0.0053823809
0.0060294287
0.0066764764
0.0054019998
0.0060490476
0.0066960953
0.0073431431
-0.0099313335
-0.0092842858
-0.008637238
-0.0079901903
-0.0092646669
-0.0086176191
-0.0079705713
-0.0073235236
-0.0085980002
-0.0079509524
-0.0073039047
-0.0066568569
-0.0079313335
-0.0072842858
-0.006637238
-0.0059901903
-0.0072646669
-0.0066176191
-0.0059705713
-0.0053235236
-0.0065980002
-0.0059509524
-0.0053039047
-0.0046568569
-0.0059313335
-0.0052842858
-0.004637238
-0.0039901903
-0.0052646669
-0.0046176191
-0.0039705713
-0.0033235236
-0.0045980002
-0.0039509524
-0.0033039047
-0.0026568569
-0.0039313335
-0.0032842858
-0.002637238
-0.0019901903
-0.0032646669
-0.0026176191
-0.0019705713
-0.0013235236
-0.0025980002
-0.0019509524
-0.0013039047
-0.00065685692
-0.0019313335
-0.0012842858
-0.00063723801
9.8097492e-06
-0.0012646669
-0.00061761911
2.9428656e-05
0.00067647642
-0.0005980002
4.9047562e-05
0.00069609532
0.0013431431
6.8666468e-05
0.00071571423
0.001362762
0.0020098097
0.00073533313
0.0013823809
0.0020294287
0.0026764764
0.0014019998
0.0020490476
0.0026960953
0.0033431431
0.0020686665
0.0027157142
0.003362762
0.0040098097
0.0027353331
0.0033823809
0.0040294287
0.0046764764
0.0034019998
0.0040490476
0.0046960953
0.0053431431
0.0040686665
0.0047157142
0.005362762
0.0060098097
0.0047353331
0.0053823809
0.0060294287
0.0066764764
0.0054019998
0.0060490476
0.0066960953
0.0073431431
-0.0099313335
-0.0092842858
-0.008637238
-0.0079901902
-0.0092646669
-0.0086176191
-0.0079705713
-0.0073235236
-0.0085980002
-0.0079509524
-0.0073039047
-0.0066568569
-0.0079313335
-0.0072842858
-0.006637238
-0.0059901902
-0.0072646669
-0.0066176191
-0.0059705713
-0.0053235236
-0.0065980002
-0.0059509524
-0.0053039047
-0.0046568569
-0.0059313335
-0.0052842858
-0.004637238
-0.0039901902
-0.0052646669
-0.0046176191
-0.0039705713
-0.0033235236
-0.0045980002
-0.0039509524
-0.0033039047
-0.0026568569
-0.0039313335
-0.0032842858
-0.002637238
-0.0019901902
-0.0032646669
-0.0026176191
-0.0019705713
-0.0013235236
-0.0025980002
-0.0019509524
-0.0013039047
-0.00065685691
-0.0019313335
-0.0012842858
-0.00063723801
9.8097565e-06
-0.0012646669
-0.00061761911
2.9428652e-05
0.00067647642
-0.0005980002
4.9047561e-05
0.00069609532
0.0013431431
6.8666465e-05
0.00071571423
0.001362762
0.0020098098
0.00073533313
0.0013823809
0.0020294287
0.0026764764
0.0014019998
0.0020490476
0.0026960953
0.0033431431
0.0020686665
0.0027157142
0.003362762
0.0040098098
0.0027353331
0.0033823809
0.0040294287
0.0046764764
0.0034019998
0.0040490476
0.0046960953
0.0053431431
0.0040686665
0.0047157142
0.005362762
0.0060098098
0.0047353331
0.0053823809
0.0060294287
0.0066764764
0.0054019998
0.0060490476
0.0066960953
0.0073431431
-0.0099313335
-0.0092842858
-0.008637238
-0.0079901902
-0.0092646669
-0.0086176191
-0.0079705713
-0.0073235236
-0.0085980002
-0.0079509524
-0.0073039047
-0.0066568569
-0.0079313335
-0.0072842858
-0.006637238
-0.0059901902
-0.0072646669
-0.0066176191
-0.0059705713
-0.0053235236
-0.0065980002
-0.0059509524
-0.0053039047
-0.0046568569
-0.0059313335
-0.0052842858
-0.004637238
-0.0039901902
-0.0052646669
-0.0046176191
-0.0039705713
-0.0033235236
-0.0045980002
-0.0039509524
-0.0033039047
-0.0026568569
-0.0039313335
-0.0032842858
-0.002637238
-0.0019901902
-0.0032646669
-0.0026176191
-0.0019705713
-0.0013235236
-0.0025980002
-0.0019509524
-0.0013039047
-0.00065685691
-0.0019313335
-0.0012842858
-0.00063723801
9.8097551e-06
-0.0012646669
-0.00061761911
2.9428657e-05
0.00067647642
-0.0005980002
4.9047556e-05
0.00069609532
0.0013431431
6.8666467e-05
0.00071571422
0.001362762
0.0020098098
0.00073533313
0.0013823809
0.0020294287
0.0026764764
0.0014019998
0.0020490476
0.0026960953
0.0033431431
0.0020686665
0.0027157142
0.003362762
0.0040098098
0.0027353331
0.0033823809
0.0040294287
0.0046764764
0.0034019998
0.0040490476
0.0046960953
0.0053431431
0.0040686665
0.0047157142
0.005362762
0.0060098098
0.0047353331
0.0053823809
0.0060294287
0.0066764764
0.0054019998
0.0060490476
0.0066960953
0.0073431431
-0.0099313335
-0.0092842858
-0.008637238
-0.0079901902
-0.0092646669
-0.0086176191
-0.0079705713
-0.0073235236
-0.0085980002
-0.0079509524
-0.0073039047
-0.0066568569
-0.0079313335
-0.0072842858
-0.006637238
-0.0059901902
-0.0072646669
-0.0066176191
-0.0059705713
-0.0053235236
-0.0065980002
-0.0059509524
-0.0053039047
-0.0046568569
-0.0059313335
-0.0052842858
-0.004637238
-0.0039901902
-0.0052646669
-0.0046176191
-0.0039705713
-0.0033235236
-0.0045980002
-0.0039509524
-0.0033039047
-0.0026568569
-0.0039313335
-0.0032842858
-0.002637238
-0.0019901902
-0.0032646669
-0.0026176191
-0.0019705713
-0.0013235236
-0.0025980002
-0.0019509524
-0.0013039047
-0.00065685691
-0.0019313335
-0.0012842858
-0.00063723801
9.8097537e-06
-0.0012646669
-0.00061761911
2.9428658e-05
0.00067647642
-0.00059800021
4.9047559e-05
0.00069609532
0.0013431431
6.8666459e-05
0.00071571423
0.001362762
0.0020098098
0.00073533313
0.0013823809
0.0020294287
0.0026764764
0.0014019998
0.0020490476
0.0026960953
0.0033431431
0.0020686665
0.0027157142
0.003362762
0.0040098098
0.0027353331
0.0033823809
0.0040294287
0.0046764764
0.0034019998
0.0040490476
0.0046960953
0.0053431431
0.0040686665
0.0047157142
0.005362762
0.0060098098
0.0047353331
0.0053823809
0.0060294287
0.0066764764
0.0054019998
0.0060490476
0.0066960953
0.0073431431
-0.0099313335
-0.0092842858
-0.008637238
-0.0079901902
-0.0092646669
-0.0086176191
-0.0079705713
-0.0073235236
-0.0085980002
-0.0079509524
-0.0073039047
-0.0066568569
-0.0079313335
-0.0072842858
-0.006637238
-0.0059901902
-0.0072646669
-0.0066176191
-0.0059705713
-0.0053235236
-0.0065980002
-0.0059509524
-0.0053039047
-0.0046568569
-0.0059313335
-0.0052842858
-0.004637238
-0.0039901902
-0.0052646669
-0.0046176191
-0.0039705713
-0.0033235236
-0.0045980002
-0.0039509524
-0.0033039047
-0.0026568569
-0.0039313335
-0.0032842858
-0.002637238
-0.0019901902
-0.0032646669
-0.0026176191
-0.0019705713
-0.0013235236
-0.0025980002
-0.0019509524
-0.0013039047
-0.00065685691
-0.0019313335
-0.0012842858
-0.00063723801
9.8097607e-06
-0.0012646669
-0.00061761911
2.9428659e-05
0.00067647643
-0.00059800021
4.9047558e-05
0.00069609533
0.0013431431
6.8666452e-05
0.00071571422
0.001362762
0.0020098098
0.00073533312
0.0013823809
0.0020294287
0.0026764764
0.0014019998
0.0020490476
0.0026960953
0.0033431431
0.0020686665
0.0027157142
0.003362762
0.0040098098
0.0027353331
0.0033823809
0.0040294287
0.0046764764
0.0034019998
0.0040490476
0.0046960953
0.0053431431
0.0040686665
0.0047157142
0.005362762
0.0060098098
0.0047353331
0.0053823809
0.0060294287
0.0066764764
0.0054019998
0.0060490476
0.0066960953
0.0073431431
-0.0099313335
-0.0092842858
-0.008637238
-0.0079901902
-0.0092646669
-0.0086176191
-0.0079705713
-0.0073235236
-0.0085980002
-0.0079509524
-0.0073039047
-0.0066568569
-0.0079313335
-0.0072842858
-0.006637238
-0.0059901902
-0.0072646669
-0.0066176191
-0.0059705713
-0.0053235236
-0.0065980002
-0.0059509524
-0.0053039047
-0.0046568569
-0.0059313335
-0.0052842858
-0.004637238
-0.0039901902
-0.0052646669
-0.0046176191
-0.0039705713
-0.0033235236
-0.0045980002
-0.0039509524
-0.0033039047
-0.0026568569
-0.0039313335
-0.0032842858
-0.002637238
-0.0019901902
-0.0032646669
-0.0026176191
-0.0019705713
-0.0013235236
-0.0025980002
-0.0019509524
-0.0013039047
-0.0006568569
-0.0019313335
-0.0012842858
-0.00063723801
9.809764e-06
-0.0012646669
-0.00061761911
2.942866e-05
0.00067647643
-0.00059800021
4.9047557e-05
0.00069609533
0.0013431431
6.8666453e-05
0.00071571422
0.001362762
0.0020098098
0.00073533312
0.0013823809
0.0020294287
0.0026764764
0.0014019998
0.0020490476
0.0026960953
0.0033431431
0.0020686665
0.0027157142
0.003362762
0.0040098098
0.0027353331
0.0033823809
0.0040294287
0.0046764764
0.0034019998
0.0040490476
0.0046960953
0.0053431431
0.0040686665
0.0047157142
0.005362762
0.0060098098
0.0047353331
0.0053823809
0.0060294287
0.0066764764
0.0054019998
0.0060490476
0.0066960953
0.0073431431
-0.0099313335
-0.0092842858
-0.008637238
-0.0079901902
-0.0092646669
-0.0086176191
-0.0079705713
-0.0073235236
-0.0085980002
-0.0079509524
-0.0073039047
-0.0066568569
-0.0079313335
-0.0072842858
-0.006637238
-0.0059901902
-0.0072646669
-0.0066176191
-0.0059705713
-0.0053235236
-0.0065980002
-0.0059509524
-0.0053039047
-0.0046568569
-0.0059313335
-0.0052842858
-0.004637238
-0.0039901902
-0.0052646669
-0.0046176191
-0.0039705713
-0.0033235236
-0.0045980002
-0.0039509524
-0.0033039047
-0.0026568569
-0.0039313335
-0.0032842858
-0.002637238
-0.0019901902
-0.0032646669
-0.0026176191
-0.0019705713
-0.0013235236
-0.0025980002
-0.0019509524
-0.0013039047
-0.0006568569
-0.0019313335
-0.0012842858
-0.00063723801
9.8097628e-06
-0.0012646669
-0.00061761911
2.9428661e-05
0.00067647643
-0.00059800022
4.9047556e-05
0.00069609533
0.0013431431
6.866645e-05
0.00071571422
0.001362762
0.0020098098
0.00073533312
0.0013823809
0.0020294287
0.0026764764
0.0014019998
0.0020490476
0.0026960953
0.0033431431
0.0020686665
0.0027157142
0.003362762
0.0040098098
0.0027353331
0.0033823809
0.0040294287
0.0046764764
0.0034019998
0.0040490476
0.0046960953
0.0053431431
0.0040686664
0.0047157142
0.005362762
0.0060098098
0.0047353331
0.0053823809
0.0060294287
0.0066764764
0.0054019998
0.0060490476
0.0066960953
0.0073431431
-0.0099313336
-0.0092842858
-0.008637238
-0.0079901902
-0.0092646669
-0.0086176191
-0.0079705713
-0.0073235236
-0.0085980002
-0.0079509524
-0.0073039047
-0.0066568569
-0.0079313336
-0.0072842858
-0.006637238
-0.0059901902
-0.0072646669
-0.0066176191
-0.0059705713
-0.0053235236
-0.0065980002
-0.0059509524
-0.0053039047
-0.0046568569
-0.0059313336
-0.0052842858
-0.004637238
-0.0039901902
-0.0052646669
-0.0046176191
-0.0039705713
-0.0033235236
-0.0045980002
-0.0039509524
-0.0033039047
-0.0026568569
-0.0039313336
-0.0032842858
-0.002637238
-0.0019901902
-0.0032646669
-0.0026176191
-0.0019705713
-0.0013235236
-0.0025980002
-0.0019509524
-0.0013039047
-0.00065685689
-0.0019313336
-0.0012842858
-0.00063723801
9.8097745e-06
-0.0012646669
-0.00061761911
2.9428658e-05
0.00067647644
-0.00059800022
4.9047555e-05
0.00069609532
0.0013431431
6.8666443e-05
0.00071571422
0.001362762
0.0020098098
0.00073533311
0.0013823809
0.0020294287
0.0026764764
0.0014019998
0.0020490476
0.0026960953
0.0033431431
0.0020686664
0.0027157142
0.003362762
0.0040098098
0.0027353331
0.0033823809
0.0040294287
0.0046764764
0.0034019998
0.0040490476
0.0046960953
0.0053431431
0.0040686664
0.0047157142
0.005362762
0.0060098098
0.0047353331
0.0053823809
0.0060294287
0.0066764764
0.0054019998
0.0060490476
0.0066960953
0.0073431431
-0.0099313336
-0.0092842858
-0.008637238
-0.0079901902
-0.0092646669
-0.0086176191
-0.0079705713
-0.0073235236
-0.0085980002
-0.0079509524
-0.0073039047
-0.0066568569
-0.0079313336
-0.0072842858
-0.006637238
-0.0059901902
-0.0072646669
-0.0066176191
-0.0059705713
-0.0053235236
-0.0065980002
-0.0059509524
-0.0053039047
-0.0046568569
-0.0059313336
-0.0052842858
-0.004637238
-0.0039901902
-0.0052646669
-0.0046176191
-0.0039705713
-0.0033235236
-0.0045980002
-0.0039509524
-0.0033039047
-0.0026568569
-0.0039313336
-0.0032842858
-0.002637238
-0.0019901902
-0.0032646669
-0.0026176191
-0.0019705713
-0.0013235236
-0.0025980002
-0.0019509524
-0.0013039047
-0.00065685689
-0.0019313336
-0.0012842858
-0.000637238
9.8097732e-06
-0.0012646669
-0.00061761911
2.9428664e-05
0.00067647644
-0.00059800022
4.9047554e-05
0.00069609533
0.0013431431
6.8666444e-05
0.00071571422
0.001362762
0.0020098098
0.00073533311
0.0013823809
0.0020294287
0.0026764764
0.0014019998
0.0020490476
0.0026960953
0.0033431431
0.0020686664
0.0027157142
0.003362762
0.0040098098
0.0027353331
0.0033823809
0.0040294287
0.0046764764
0.0034019998
0.0040490476
0.0046960953
0.0053431431
0.0040686664
0.0047157142
0.005362762
0.0060098098
0.0047353331
0.0053823809
0.0060294287
0.0066764764
0.0054019998
0.0060490476
0.0066960953
0.0073431431
-0.0099313336
-0.0092842858
-0.008637238
-0.0079901902
-0.0092646669
-0.0086176191
-0.0079705713
-0.0073235236
-0.0085980002
-0.0079509524
-0.0073039047
-0.0066568569
-0.0079313336
-0.0072842858
-0.006637238
-0.0059901902
-0.0072646669
-0.0066176191
-0.0059705713
-0.0053235236
-0.0065980002
-0.0059509524
-0.0053039047
-0.0046568569
-0.0059313336
-0.0052842858
-0.004637238
-0.0039901902
-0.0052646669
-0.0046176191
-0.0039705713
-0.0033235236
-0.0045980002
-0.0039509524
-0.0033039047
-0.0026568569
-0.0039313336
-0.0032842858
-0.002637238
-0.0019901902
-0.0032646669
-0.0026176191
-0.0019705713
-0.0013235236
-0.0025980002
-0.0019509524
-0.0013039047
-0.00065685689
-0.0019313336
-0.0012842858
-0.000637238
9.8097724e-06
-0.0012646669
-0.00061761911
2.9428665e-05
0.00067647644
-0.00059800023
4.9047553e-05
0.00069609533
0.0013431431
6.8666441e-05
0.00071571422
0.001362762
0.0020098098
0.00073533311
0.0013823809
0.0020294287
0.0026764764
0.0014019998
0.0020490476
0.0026960953
0.0033431431
0.0020686664
0.0027157142
0.003362762
0.0040098098
0.0027353331
0.0033823809
0.0040294287
0.0046764764
0.0034019998
0.0040490476
0.0046960953
0.0053431431
0.0040686664
0.0047157142
0.005362762
0.0060098098
0.0047353331
0.0053823809
0.0060294287
0.0066764764
0.0054019998
0.0060490476
0.0066960953
0.0073431431
-0.0099313336
-0.0092842858
-0.008637238
-0.0079901902
-0.0092646669
-0.0086176191
-0.0079705713
-0.0073235236
-0.0085980002
-0.0079509524
-0.0073039047
-0.0066568569
-0.0079313336
-0.0072842858
-0.006637238
-0.0059901902
-0.0072646669
-0.0066176191
-0.0059705713
-0.0053235236
-0.0065980002
-0.0059509524
-0.0053039047
-0.0046568569
-0.0059313336
-0.0052842858
-0.004637238
-0.0039901902
-0.0052646669
-0.0046176191
-0.0039705713
-0.0033235236
-0.0045980002
-0.0039509524
-0.0033039047
-0.0026568569
-0.0039313336
-0.0032842858
-0.002637238
-0.0019901902
-0.0032646669
-0.0026176191
-0.0019705713
-0.0013235236
-0.0025980002
-0.0019509524
-0.0013039047
-0.00065685689
-0.0019313336
-0.0012842858
-0.000637238
9.80978e-06
-0.0012646669
-0.00061761912
2.9428666e-05
0.00067647645
-0.00059800023
4.9047552e-05
0.00069609533
0.0013431431
6.8666437e-05
0.00071571422
0.001362762
0.0020098098
0.0007353331
0.0013823809
0.0020294287
0.0026764764
0.0014019998
0.0020490476
0.0026960953
0.0033431431
0.0020686664
0.0027157142
0.003362762
0.0040098098
0.0027353331
0.0033823809
0.0040294287
0.0046764764
0.0034019998
0.0040490476
0.0046960953
0.0053431431
0.0040686664
0.0047157142
0.005362762
0.0060098098
0.0047353331
0.0053823809
0.0060294287
0.0066764764
0.0054019998
0.0060490476
0.0066960953
0.0073431431
-0.0099313336
-0.0092842858
-0.008637238
-0.0079901902
-0.0092646669
-0.0086176191
-0.0079705713
-0.0073235235
-0.0085980002
-0.0079509525
-0.0073039047
-0.0066568569
-0.0079313336
-0.0072842858
-0.006637238
-0.0059901902
-0.0072646669
-0.0066176191
-0.0059705713
-0.0053235235
-0.0065980002
-0.0059509525
-0.0053039047
-0.0046568569
-0.0059313336
-0.0052842858
-0.004637238
-0.0039901902
-0.0052646669
-0.0046176191
-0.0039705713
-0.0033235235
-0.0045980002
-0.0039509525
-0.0033039047
-0.0026568569
-0.0039313336
-0.0032842858
-0.002637238
-0.0019901902
-0.0032646669
-0.0026176191
-0.0019705713
-0.0013235236
-0.0025980002
-0.0019509525
-0.0013039047
-0.00065685688
-0.0019313336
-0.0012842858
-0.000637238
9.8097835e-06
-0.0012646669
-0.00061761912
2.9428667e-05
0.00067647645
-0.00059800023
4.9047546e-05
0.00069609533
0.0013431431
6.8666434e-05
0.00071571421
0.001362762
0.0020098098
0.0007353331
0.0013823809
0.0020294287
0.0026764764
0.0014019998
0.0020490475
0.0026960953
0.0033431431
0.0020686664
0.0027157142
0.003362762
0.0040098098
0.0027353331
0.0033823809
0.0040294287
0.0046764765
0.0034019998
0.0040490475
0.0046960953
0.0053431431
0.0040686664
0.0047157142
0.005362762
0.0060098098
0.0047353331
0.0053823809
0.0060294287
0.0066764765
0.0054019998
0.0060490475
0.0066960953
0.0073431431
-0.0099313336
-0.0092842858
-0.008637238
-0.0079901902
-0.0092646669
-0.0086176191
-0.0079705713
-0.0073235235
-0.0085980002
-0.0079509525
-0.0073039047
-0.0066568569
-0.0079313336
-0.0072842858
-0.006637238
-0.0059901902
-0.0072646669
-0.0066176191
-0.0059705713
-0.0053235235
-0.0065980002
-0.0059509525
-0.0053039047
-0.0046568569
-0.0059313336
-0.0052842858
-0.004637238
-0.0039901902
-0.0052646669
-0.0046176191
-0.0039705713
-0.0033235235
-0.0045980002
-0.0039509525
-0.0033039047
-0.0026568569
-0.0039313336
-0.0032842858
-0.002637238
-0.0019901902
-0.0032646669
-0.0026176191
-0.0019705713
-0.0013235235
-0.0025980002
-0.0019509525
-0.0013039047
-0.00065685688
-0.0019313336
-0.0012842858
-0.000637238
9.8097867e-06
-0.0012646669
-0.00061761912
2.9428668e-05
0.00067647645
-0.00059800024
4.9047549e-05
0.00069609533
0.0013431431
6.866643e-05
0.00071571422
0.001362762
0.0020098098
0.0007353331
0.0013823809
0.0020294287
0.0026764765
0.0014019998
0.0020490475
0.0026960953
0.0033431431
0.0020686664
0.0027157142
0.003362762
0.0040098098
0.0027353331
0.0033823809
0.0040294287
0.0046764765
0.0034019998
0.0040490475
0.0046960953
0.0053431431
0.0040686664
0.0047157142
0.005362762
0.0060098098
0.0047353331
0.0053823809
0.0060294287
0.0066764765
0.0054019998
0.0060490475
0.0066960953
0.0073431431
-0.0099313336
-0.0092842858
-0.008637238
-0.0079901902
-0.0092646669
-0.0086176191
-0.0079705713
-0.0073235235
-0.0085980002
-0.0079509525
-0.0073039047
-0.0066568569
-0.0079313336
-0.0072842858
-0.006637238
-0.0059901902
-0.0072646669
-0.0066176191
-0.0059705713
-0.0053235235
-0.0065980002
-0.0059509525
-0.0053039047
-0.0046568569
-0.0059313336
-0.0052842858
-0.004637238
-0.0039901902
-0.0052646669
-0.0046176191
-0.0039705713
-0.0033235235
-0.0045980002
-0.0039509525
-0.0033039047
-0.0026568569
-0.0039313336
-0.0032842858
-0.002637238
-0.0019901902
-0.0032646669
-0.0026176191
-0.0019705713
-0.0013235235
-0.0025980002
-0.0019509525
-0.0013039047
-0.00065685688
-0.0019313336
-0.0012842858
-0.000637238
9.8097861e-06
-0.0012646669
-0.00061761912
2.9428665e-05
0.00067647645
-0.00059800024
4.9047548e-05
0.00069609534
0.0013431431
6.8666427e-05
0.00071571421
0.001362762
0.0020098098
0.00073533309
0.0013823809
0.0020294287
0.0026764765
0.0014019998
0.0020490475
0.0026960953
0.0033431431
0.0020686664
0.0027157142
0.003362762
0.0040098098
0.0027353331
0.0033823809
0.0040294287
0.0046764765
0.0034019998
0.0040490475
0.0046960953
0.0053431431
0.0040686664
0.0047157142
0.005362762
0.0060098098
0.0047353331
0.0053823809
0.0060294287
0.0066764765
0.0054019998
0.0060490475
0.0066960953
0.0073431431
-0.0099313336
-0.0092842858
-0.008637238
-0.0079901902
-0.0092646669
-0.0086176191
-0.0079705713
-0.0073235235
-0.0085980002
-0.0079509525
-0.0073039047
-0.0066568569
-0.0079313336
-0.0072842858
-0.006637238
-0.0059901902
-0.0072646669
-0.0066176191
-0.0059705713
-0.0053235235
-0.0065980002
-0.0059509525
-0.0053039047
-0.0046568569
-0.0059313336
-0.0052842858
-0.004637238
-0.0039901902
-0.0052646669
-0.0046176191
-0.0039705713
-0.0033235235
-0.0045980002
-0.0039509525
-0.0033039047
-0.0026568569
-0.0039313336
-0.0032842858
-0.002637238
-0.0019901902
-0.0032646669
-0.0026176191
-0.0019705713
-0.0013235235
-0.0025980002
-0.0019509525
-0.0013039047
-0.00065685687
-0.0019313336
-0.0012842858
-0.000637238
9.8097984e-06
-0.0012646669
-0.00061761912
2.9428671e-05
0.00067647647
-0.00059800024
4.9047547e-05
0.00069609533
0.0013431431
6.8666423e-05
0.00071571421
0.001362762
0.0020098098
0.00073533309
0.0013823809
0.0020294287
0.0026764765
0.0014019998
0.0020490475
0.0026960953
0.0033431431
0.0020686664
0.0027157142
0.003362762
0.0040098098
0.0027353331
0.0033823809
0.0040294287
0.0046764765
0.0034019998
0.0040490475
0.0046960953
0.0053431431
0.0040686664
0.0047157142
0.005362762
0.0060098098
0.0047353331
0.0053823809
0.0060294287
0.0066764765
0.0054019998
0.0060490475
0.0066960953
0.0073431431
-0.0099313336
-0.0092842858
-0.008637238
-0.0079901902
-0.0092646669
-0.0086176191
-0.0079705713
-0.0073235235
-0.0085980003
-0.0079509525
-0.0073039047
-0.0066568569
-0.0079313336
-0.0072842858
-0.006637238
-0.0059901902
-0.0072646669
-0.0066176191
-0.0059705713
-0.0053235235
-0.0065980002
-0.0059509525
-0.0053039047
-0.0046568569
-0.0059313336
-0.0052842858
-0.004637238
-0.0039901902
-0.0052646669
-0.0046176191
-0.0039705713
-0.0033235235
-0.0045980002
-0.0039509525
-0.0033039047
-0.0026568569
-0.0039313336
-0.0032842858
-0.002637238
-0.0019901902
-0.0032646669
-0.0026176191
-0.0019705713
-0.0013235235
-0.0025980002
-0.0019509525
-0.0013039047
-0.00065685687
-0.0019313336
-0.0012842858
-0.00063723799
9.8097978e-06
-0.0012646669
-0.00061761912
2.9428672e-05
0.00067647646
-0.00059800025
4.9047545e-05
0.00069609534
0.0013431431
6.866642e-05
0.00071571421
0.001362762
0.0020098098
0.00073533309
0.0013823809
0.0020294287
0.0026764765
0.0014019997
0.0020490475
0.0026960953
0.0033431431
0.0020686664
0.0027157142
0.003362762
0.0040098098
0.0027353331
0.0033823809
0.0040294287
0.0046764765
0.0034019998
0.0040490475
0.0046960953
0.0053431431
0.0040686664
0.0047157142
0.005362762
0.0060098098
0.0047353331
0.0053823809
0.0060294287
0.0066764765
0.0054019998
0.0060490475
0.0066960953
0.0073431431
-0.0099313336
-0.0092842858
-0.008637238
-0.0079901902
-0.0092646669
-0.0086176191
-0.0079705713
-0.0073235235
-0.0085980003
-0.0079509525
-0.0073039047
-0.0066568569
-0.0079313336
-0.0072842858
-0.006637238
-0.0059901902
-0.0072646669
-0.0066176191
-0.0059705713
-0.0053235235
-0.0065980003
-0.0059509525
-0.0053039047
-0.0046568569
-0.0059313336
-0.0052842858
-0.004637238
-0.0039901902
-0.0052646669
-0.0046176191
-0.0039705713
-0.0033235235
-0.0045980003
-0.0039509525
-0.0033039047
-0.0026568569
-0.0039313336
-0.0032842858
-0.002637238
-0.0019901902
-0.0032646669
-0.0026176191
-0.0019705713
-0.0013235235
-0.0025980003
-0.0019509525
-0.0013039047
-0.00065685687
-0.0019313336
-0.0012842858
-0.00063723799
9.8097969e-06
-0.0012646669
-0.00061761912
2.9428673e-05
0.00067647646
-0.00059800026
4.9047544e-05
0.00069609534
0.0013431431
6.8666411e-05
0.00071571421
0.001362762
0.0020098098
0.00073533308
0.0013823809
0.0020294287
0.0026764765
0.0014019997
0.0020490475
0.0026960953
0.0033431431
0.0020686664
0.0027157142
0.003362762
0.0040098098
0.0027353331
0.0033823809
0.0040294287
0.0046764765
0.0034019997
0.0040490475
0.0046960953
0.0053431431
0.0040686664
0.0047157142
0.005362762
0.0060098098
0.0047353331
0.0053823809
0.0060294287
0.0066764765
0.0054019997
0.0060490475
0.0066960953
0.0073431431
-0.0099313336
-0.0092842858
-0.008637238
-0.0079901902
-0.0092646669
-0.0086176191
-0.0079705713
-0.0073235235
-0.0085980003
-0.0079509525
-0.0073039047
-0.0066568569
-0.0079313336
-0.0072842858
-0.006637238
-0.0059901902
-0.0072646669
-0.0066176191
-0.0059705713
-0.0053235235
-0.0065980003
-0.0059509525
-0.0053039047
-0.0046568569
-0.0059313336
-0.0052842858
-0.004637238
-0.0039901902
-0.0052646669
-0.0046176191
-0.0039705713
-0.0033235235
-0.0045980003
-0.0039509525
-0.0033039047
-0.0026568569
-0.0039313336
-0.0032842858
-0.002637238
-0.0019901902
-0.0032646669
-0.0026176191
-0.0019705713
-0.0013235235
-0.0025980003
-0.0019509525
-0.0013039047
-0.00065685686
-0.0019313336
-0.0012842858
-0.00063723799
9.8098054e-06
-0.0012646669
-0.00061761912
2.9428674e-05
0.00067647647
-0.00059800025
4.9047543e-05
0.00069609534
0.0013431431
6.8666412e-05
0.00071571421
0.001362762
0.0020098098
0.00073533308
0.0013823809
0.0020294287
0.0026764765
0.0014019997
0.0020490475
0.0026960953
0.0033431431
0.0020686664
0.0027157142
0.003362762
0.0040098098
0.0027353331
0.0033823809
0.0040294287
0.0046764765
0.0034019997
0.0040490475
0.0046960953
0.0053431431
0.0040686664
0.0047157142
0.005362762
0.0060098098
0.0047353331
0.0053823809
0.0060294287
0.0066764765
0.0054019997
0.0060490475
0.0066960953
0.0073431431
-0.0099313336
-0.0092842858
-0.008637238
-0.0079901902
-0.0092646669
-0.0086176191
-0.0079705713
-0.0073235235
-0.0085980003
-0.0079509525
-0.0073039047
-0.0066568569
-0.0079313336
-0.0072842858
-0.006637238
-0.0059901902
-0.0072646669
-0.0066176191
-0.0059705713
-0.0053235235
-0.0065980003
-0.0059509525
-0.0053039047
-0.0046568569
-0.0059313336
-0.0052842858
-0.004637238
-0.0039901902
-0.0052646669
-0.0046176191
-0.0039705713
-0.0033235235
-0.0045980003
-0.0039509525
-0.0033039047
-0.0026568569
-0.0039313336
-0.0032842858
-0.002637238
-0.0019901902
-0.0032646669
-0.0026176191
-0.0019705713
-0.0013235235
-0.0025980003
-0.0019509525
-0.0013039047
-0.00065685686
-0.0019313336
-0.0012842858
-0.00063723799
9.8098093e-06
-0.0012646669
-0.00061761912
2.9428676e-05
0.00067647648
-0.00059800026
4.9047542e-05
0.00069609534
0.0013431431
6.8666408e-05
0.00071571421
0.001362762
0.0020098098
0.00073533307
0.0013823809
0.0020294287
0.0026764765
0.0014019997
0.0020490475
0.0026960953
0.0033431431
0.0020686664
0.0027157142
0.003362762
0.0040098098
0.0027353331
0.0033823809
0.0040294287
0.0046764765
0.0034019997
0.0040490475
0.0046960953
0.0053431431
0.0040686664
0.0047157142
0.005362762
0.0060098098
0.0047353331
0.0053823809
0.0060294287
0.0066764765
0.0054019997
0.0060490475
0.0066960953
0.0073431431
-0.0099313336
-0.0092842858
-0.008637238
-0.0079901902
-0.0092646669
-0.0086176191
-0.0079705713
-0.0073235235
-0.0085980003
-0.0079509525
-0.0073039047
-0.0066568569
-0.0079313336
-0.0072842858
-0.006637238
-0.0059901902
-0.0072646669
-0.0066176191
-0.0059705713
-0.0053235235
-0.0065980003
-0.0059509525
-0.0053039047
-0.0046568569
-0.0059313336
-0.0052842858
-0.004637238
-0.0039901902
-0.0052646669
-0.0046176191
-0.0039705713
-0.0033235235
-0.0045980003
-0.0039509525
-0.0033039047
-0.0026568569
-0.0039313336
-0.0032842858
-0.002637238
-0.0019901902
-0.0032646669
-0.0026176191
-0.0019705713
-0.0013235235
-0.0025980003
-0.0019509525
-0.0013039047
-0.00065685685
-0.0019313336
-0.0012842858
-0.00063723799
9.8098133e-06
-0.0012646669
-0.00061761913
2.9428677e-05
0.00067647648
-0.00059800026
4.9047536e-05
0.00069609534
0.0013431431
6.8666404e-05
0.0007157142
0.001362762
0.0020098098
0.00073533307
0.0013823809
0.0020294287
0.0026764765
0.0014019997
0.0020490475
0.0026960953
0.0033431431
0.0020686664
0.0027157142
0.003362762
0.0040098098
0.0027353331
0.0033823809
0.0040294287
0.0046764765
0.0034019997
0.0040490475
0.0046960953
0.0053431431
0.0040686664
0.0047157142
0.005362762
0.0060098098
0.0047353331
0.0053823809
0.0060294287
0.0066764765
0.0054019997
0.0060490475
0.0066960953
0.0073431431
-0.0099313336
-0.0092842858
-0.008637238
-0.0079901902
-0.0092646669
-0.0086176191
-0.0079705713
-0.0073235235
-0.0085980003
-0.0079509525
-0.0073039047
-0.0066568568
-0.0079313336
-0.0072842858
-0.006637238
-0.0059901902
-0.0072646669
-0.0066176191
-0.0059705713
-0.0053235235
-0.0065980003
-0.0059509525
-0.0053039047
-0.0046568568
-0.0059313336
-0.0052842858
-0.004637238
-0.0039901902
-0.0052646669
-0.0046176191
-0.0039705713
-0.0033235235
-0.0045980003
-0.0039509525
-0.0033039047
-0.0026568568
-0.0039313336
-0.0032842858
-0.002637238
-0.0019901902
-0.0032646669
-0.0026176191
-0.0019705713
-0.0013235235
-0.0025980003
-0.0019509525
-0.0013039047
-0.00065685685
-0.0019313336
-0.0012842858
-0.00063723799
9.8098172e-06
-0.0012646669
-0.00061761913
2.9428674e-05
0.00067647648
-0.00059800027
4.9047539e-05
0.00069609534
0.0013431432
6.86664e-05
0.00071571421
0.001362762
0.0020098098
0.00073533306
0.0013823809
0.0020294287
0.0026764765
0.0014019997
0.0020490475
0.0026960953
0.0033431432
0.0020686664
0.0027157142
0.003362762
0.0040098098
0.0027353331
0.0033823809
0.0040294287
0.0046764765
0.0034019997
0.0040490475
0.0046960953
0.0053431432
0.0040686664
0.0047157142
0.005362762
0.0060098098
0.0047353331
0.0053823809
0.0060294287
0.0066764765
0.0054019997
0.0060490475
0.0066960953
0.0073431432
-0.0099313336
-0.0092842858
-0.008637238
-0.0079901902
-0.0092646669
-0.0086176191
-0.0079705713
-0.0073235235
-0.0085980003
-0.0079509525
-0.0073039047
-0.0066568568
-0.0079313336
-0.0072842858
-0.006637238
-0.0059901902
-0.0072646669
-0.0066176191
-0.0059705713
-0.0053235235
-0.0065980003
-0.0059509525
-0.0053039047
-0.0046568568
-0.0059313336
-0.0052842858
-0.004637238
-0.0039901902
-0.0052646669
-0.0046176191
-0.0039705713
-0.0033235235
-0.0045980003
-0.0039509525
-0.0033039047
-0.0026568568
-0.0039313336
-0.0032842858
-0.002637238
-0.0019901902
-0.0032646669
-0.0026176191
-0.0019705713
-0.0013235235
-0.0025980003
-0.0019509525
-0.0013039046
-0.00065685685
-0.0019313336
-0.0012842858
-0.00063723799
9.8098216e-06
-0.0012646669
-0.00061761913
2.942868e-05
0.00067647649
-0.00059800027
4.9047537e-05
0.00069609535
0.0013431432
6.8666396e-05
0.0007157142
0.001362762
0.0020098098
0.00073533306
0.0013823809
0.0020294287
0.0026764765
0.0014019997
0.0020490475
0.0026960953
0.0033431432
0.0020686664
0.0027157142
0.003362762
0.0040098098
0.0027353331
0.0033823809
0.0040294287
0.0046764765
0.0034019997
0.0040490475
0.0046960953
0.0053431432
0.0040686664
0.0047157142
0.005362762
0.0060098098
0.0047353331
0.0053823809
0.0060294287
0.0066764765
0.0054019997
0.0060490475
0.0066960953
0.0073431432
)
;

boundaryField
{
    inlet
    {
        type            calculated;
        value           nonuniform List<scalar> 
576
(
-0.0076666667
-0.007
-0.0063333333
-0.0056666667
-0.005
-0.0043333333
-0.0036666667
-0.003
-0.0023333333
-0.0016666667
-0.001
-0.00033333333
0.00033333333
0.001
0.0016666667
0.0023333333
0.003
0.0036666667
0.0043333333
0.005
0.0056666667
0.0063333333
0.007
0.0076666667
-0.0076666667
-0.007
-0.0063333333
-0.0056666667
-0.005
-0.0043333333
-0.0036666667
-0.003
-0.0023333333
-0.0016666667
-0.001
-0.00033333333
0.00033333333
0.001
0.0016666667
0.0023333333
0.003
0.0036666667
0.0043333333
0.005
0.0056666667
0.0063333333
0.007
0.0076666667
-0.0076666667
-0.007
-0.0063333333
-0.0056666667
-0.005
-0.0043333333
-0.0036666667
-0.003
-0.0023333333
-0.0016666667
-0.001
-0.00033333333
0.00033333333
0.001
0.0016666667
0.0023333333
0.003
0.0036666667
0.0043333333
0.005
0.0056666667
0.0063333333
0.007
0.0076666667
-0.0076666667
-0.007
-0.0063333333
-0.0056666667
-0.005
-0.0043333333
-0.0036666667
-0.003
-0.0023333333
-0.0016666667
-0.001
-0.00033333333
0.00033333333
0.001
0.0016666667
0.0023333333
0.003
0.0036666667
0.0043333333
0.005
0.0056666667
0.0063333333
0.007
0.0076666667
-0.0076666667
-0.007
-0.0063333333
-0.0056666667
-0.005
-0.0043333333
-0.0036666667
-0.003
-0.0023333333
-0.0016666667
-0.001
-0.00033333333
0.00033333333
0.001
0.0016666667
0.0023333333
0.003
0.0036666667
0.0043333333
0.005
0.0056666667
0.0063333333
0.007
0.0076666667
-0.0076666667
-0.007
-0.0063333333
-0.0056666667
-0.005
-0.0043333333
-0.0036666667
-0.003
-0.0023333333
-0.0016666667
-0.001
-0.00033333333
0.00033333333
0.001
0.0016666667
0.0023333333
0.003
0.0036666667
0.0043333333
0.005
0.0056666667
0.0063333333
0.007
0.0076666667
-0.0076666667
-0.007
-0.0063333333
-0.0056666667
-0.005
-0.0043333333
-0.0036666667
-0.003
-0.0023333333
-0.0016666667
-0.001
-0.00033333333
0.00033333333
0.001
0.0016666667
0.0023333333
0.003
0.0036666667
0.0043333333
0.005
0.0056666667
0.0063333333
0.007
0.0076666667
-0.0076666667
-0.007
-0.0063333333
-0.0056666667
-0.005
-0.0043333333
-0.0036666667
-0.003
-0.0023333333
-0.0016666667
-0.001
-0.00033333333
0.00033333333
0.001
0.0016666667
0.0023333333
0.003
0.0036666667
0.0043333333
0.005
0.0056666667
0.0063333333
0.007
0.0076666667
-0.0076666667
-0.007
-0.0063333333
-0.0056666667
-0.005
-0.0043333333
-0.0036666667
-0.003
-0.0023333333
-0.0016666667
-0.001
-0.00033333333
0.00033333333
0.001
0.0016666667
0.0023333333
0.003
0.0036666667
0.0043333333
0.005
0.0056666667
0.0063333333
0.007
0.0076666667
-0.0076666667
-0.007
-0.0063333333
-0.0056666667
-0.005
-0.0043333333
-0.0036666667
-0.003
-0.0023333333
-0.0016666667
-0.001
-0.00033333333
0.00033333333
0.001
0.0016666667
0.0023333333
0.003
0.0036666667
0.0043333333
0.005
0.0056666667
0.0063333333
0.007
0.0076666667
-0.0076666667
-0.007
-0.0063333333
-0.0056666667
-0.005
-0.0043333333
-0.0036666667
-0.003
-0.0023333333
-0.0016666667
-0.001
-0.00033333333
0.00033333333
0.001
0.0016666667
0.0023333333
0.003
0.0036666667
0.0043333333
0.005
0.0056666667
0.0063333333
0.007
0.0076666667
-0.0076666667
-0.007
-0.0063333333
-0.0056666667
-0.005
-0.0043333333
-0.0036666667
-0.003
-0.0023333333
-0.0016666667
-0.001
-0.00033333333
0.00033333333
0.001
0.0016666667
0.0023333333
0.003
0.0036666667
0.0043333333
0.005
0.0056666667
0.0063333333
0.007
0.0076666667
-0.0076666667
-0.007
-0.0063333333
-0.0056666667
-0.005
-0.0043333333
-0.0036666667
-0.003
-0.0023333333
-0.0016666667
-0.001
-0.00033333333
0.00033333333
0.001
0.0016666667
0.0023333333
0.003
0.0036666667
0.0043333333
0.005
0.0056666667
0.0063333333
0.007
0.0076666667
-0.0076666667
-0.007
-0.0063333333
-0.0056666667
-0.005
-0.0043333333
-0.0036666667
-0.003
-0.0023333333
-0.0016666667
-0.001
-0.00033333333
0.00033333333
0.001
0.0016666667
0.0023333333
0.003
0.0036666667
0.0043333333
0.005
0.0056666667
0.0063333333
0.007
0.0076666667
-0.0076666667
-0.007
-0.0063333333
-0.0056666667
-0.005
-0.0043333333
-0.0036666667
-0.003
-0.0023333333
-0.0016666667
-0.001
-0.00033333333
0.00033333333
0.001
0.0016666667
0.0023333333
0.003
0.0036666667
0.0043333333
0.005
0.0056666667
0.0063333333
0.007
0.0076666667
-0.0076666667
-0.007
-0.0063333333
-0.0056666667
-0.005
-0.0043333333
-0.0036666667
-0.003
-0.0023333333
-0.0016666667
-0.001
-0.00033333333
0.00033333333
0.001
0.0016666667
0.0023333333
0.003
0.0036666667
0.0043333333
0.005
0.0056666667
0.0063333333
0.007
0.0076666667
-0.0076666667
-0.007
-0.0063333333
-0.0056666667
-0.005
-0.0043333333
-0.0036666667
-0.003
-0.0023333333
-0.0016666667
-0.001
-0.00033333333
0.00033333333
0.001
0.0016666667
0.0023333333
0.003
0.0036666667
0.0043333333
0.005
0.0056666667
0.0063333333
0.007
0.0076666667
-0.0076666667
-0.007
-0.0063333333
-0.0056666667
-0.005
-0.0043333333
-0.0036666667
-0.003
-0.0023333333
-0.0016666667
-0.001
-0.00033333333
0.00033333333
0.001
0.0016666667
0.0023333333
0.003
0.0036666667
0.0043333333
0.005
0.0056666667
0.0063333333
0.007
0.0076666667
-0.0076666667
-0.007
-0.0063333333
-0.0056666667
-0.005
-0.0043333333
-0.0036666667
-0.003
-0.0023333333
-0.0016666667
-0.001
-0.00033333333
0.00033333333
0.001
0.0016666667
0.0023333333
0.003
0.0036666667
0.0043333333
0.005
0.0056666667
0.0063333333
0.007
0.0076666667
-0.0076666667
-0.007
-0.0063333333
-0.0056666667
-0.005
-0.0043333333
-0.0036666667
-0.003
-0.0023333333
-0.0016666667
-0.001
-0.00033333333
0.00033333333
0.001
0.0016666667
0.0023333333
0.003
0.0036666667
0.0043333333
0.005
0.0056666667
0.0063333333
0.007
0.0076666667
-0.0076666667
-0.007
-0.0063333333
-0.0056666667
-0.005
-0.0043333333
-0.0036666667
-0.003
-0.0023333333
-0.0016666667
-0.001
-0.00033333333
0.00033333333
0.001
0.0016666667
0.0023333333
0.003
0.0036666667
0.0043333333
0.005
0.0056666667
0.0063333333
0.007
0.0076666667
-0.0076666667
-0.007
-0.0063333333
-0.0056666667
-0.005
-0.0043333333
-0.0036666667
-0.003
-0.0023333333
-0.0016666667
-0.001
-0.00033333333
0.00033333333
0.001
0.0016666667
0.0023333333
0.003
0.0036666667
0.0043333333
0.005
0.0056666667
0.0063333333
0.007
0.0076666667
-0.0076666667
-0.007
-0.0063333333
-0.0056666667
-0.005
-0.0043333333
-0.0036666667
-0.003
-0.0023333333
-0.0016666667
-0.001
-0.00033333333
0.00033333333
0.001
0.0016666667
0.0023333333
0.003
0.0036666667
0.0043333333
0.005
0.0056666667
0.0063333333
0.007
0.0076666667
-0.0076666667
-0.007
-0.0063333333
-0.0056666667
-0.005
-0.0043333333
-0.0036666667
-0.003
-0.0023333333
-0.0016666667
-0.001
-0.00033333333
0.00033333333
0.001
0.0016666667
0.0023333333
0.003
0.0036666667
0.0043333333
0.005
0.0056666667
0.0063333333
0.007
0.0076666667
)
;
    }
    outlet
    {
        type            calculated;
        value           nonuniform List<scalar> 
576
(
-0.0076666667
-0.007
-0.0063333333
-0.0056666667
-0.005
-0.0043333333
-0.0036666667
-0.003
-0.0023333333
-0.0016666667
-0.001
-0.00033333333
0.00033333333
0.001
0.0016666667
0.0023333333
0.003
0.0036666667
0.0043333333
0.005
0.0056666667
0.0063333333
0.007
0.0076666667
-0.0076666667
-0.007
-0.0063333333
-0.0056666667
-0.005
-0.0043333333
-0.0036666667
-0.003
-0.0023333333
-0.0016666667
-0.001
-0.00033333333
0.00033333333
0.001
0.0016666667
0.0023333333
0.003
0.0036666667
0.0043333333
0.005
0.0056666667
0.0063333333
0.007
0.0076666667
-0.0076666667
-0.007
-0.0063333333
-0.0056666667
-0.005
-0.0043333333
-0.0036666667
-0.003
-0.0023333333
-0.0016666667
-0.001
-0.00033333333
0.00033333333
0.001
0.0016666667
0.0023333333
0.003
0.0036666667
0.0043333333
0.005
0.0056666667
0.0063333333
0.007
0.0076666667
-0.0076666667
-0.007
-0.0063333333
-0.0056666667
-0.005
-0.0043333333
-0.0036666667
-0.003
-0.0023333333
-0.0016666667
-0.001
-0.00033333333
0.00033333333
0.001
0.0016666667
0.0023333333
0.003
0.0036666667
0.0043333333
0.005
0.0056666667
0.0063333333
0.007
0.0076666667
-0.0076666667
-0.007
-0.0063333333
-0.0056666667
-0.005
-0.0043333333
-0.0036666667
-0.003
-0.0023333333
-0.0016666667
-0.001
-0.00033333333
0.00033333333
0.001
0.0016666667
0.0023333333
0.003
0.0036666667
0.0043333333
0.005
0.0056666667
0.0063333333
0.007
0.0076666667
-0.0076666667
-0.007
-0.0063333333
-0.0056666667
-0.005
-0.0043333333
-0.0036666667
-0.003
-0.0023333333
-0.0016666667
-0.001
-0.00033333333
0.00033333333
0.001
0.0016666667
0.0023333333
0.003
0.0036666667
0.0043333333
0.005
0.0056666667
0.0063333333
0.007
0.0076666667
-0.0076666667
-0.007
-0.0063333333
-0.0056666667
-0.005
-0.0043333333
-0.0036666667
-0.003
-0.0023333333
-0.0016666667
-0.001
-0.00033333333
0.00033333333
0.001
0.0016666667
0.0023333333
0.003
0.0036666667
0.0043333333
0.005
0.0056666667
0.0063333333
0.007
0.0076666667
-0.0076666667
-0.007
-0.0063333333
-0.0056666667
-0.005
-0.0043333333
-0.0036666667
-0.003
-0.0023333333
-0.0016666667
-0.001
-0.00033333333
0.00033333333
0.001
0.0016666667
0.0023333333
0.003
0.0036666667
0.0043333333
0.005
0.0056666667
0.0063333333
0.007
0.0076666667
-0.0076666667
-0.007
-0.0063333333
-0.0056666667
-0.005
-0.0043333333
-0.0036666667
-0.003
-0.0023333333
-0.0016666667
-0.001
-0.00033333333
0.00033333333
0.001
0.0016666667
0.0023333333
0.003
0.0036666667
0.0043333333
0.005
0.0056666667
0.0063333333
0.007
0.0076666667
-0.0076666667
-0.007
-0.0063333333
-0.0056666667
-0.005
-0.0043333333
-0.0036666667
-0.003
-0.0023333333
-0.0016666667
-0.001
-0.00033333333
0.00033333333
0.001
0.0016666667
0.0023333333
0.003
0.0036666667
0.0043333333
0.005
0.0056666667
0.0063333333
0.007
0.0076666667
-0.0076666667
-0.007
-0.0063333333
-0.0056666667
-0.005
-0.0043333333
-0.0036666667
-0.003
-0.0023333333
-0.0016666667
-0.001
-0.00033333333
0.00033333333
0.001
0.0016666667
0.0023333333
0.003
0.0036666667
0.0043333333
0.005
0.0056666667
0.0063333333
0.007
0.0076666667
-0.0076666667
-0.007
-0.0063333333
-0.0056666667
-0.005
-0.0043333333
-0.0036666667
-0.003
-0.0023333333
-0.0016666667
-0.001
-0.00033333333
0.00033333333
0.001
0.0016666667
0.0023333333
0.003
0.0036666667
0.0043333333
0.005
0.0056666667
0.0063333333
0.007
0.0076666667
-0.0076666667
-0.007
-0.0063333333
-0.0056666667
-0.005
-0.0043333333
-0.0036666667
-0.003
-0.0023333333
-0.0016666667
-0.001
-0.00033333333
0.00033333333
0.001
0.0016666667
0.0023333333
0.003
0.0036666667
0.0043333333
0.005
0.0056666667
0.0063333333
0.007
0.0076666667
-0.0076666667
-0.007
-0.0063333333
-0.0056666667
-0.005
-0.0043333333
-0.0036666667
-0.003
-0.0023333333
-0.0016666667
-0.001
-0.00033333333
0.00033333333
0.001
0.0016666667
0.0023333333
0.003
0.0036666667
0.0043333333
0.005
0.0056666667
0.0063333333
0.007
0.0076666667
-0.0076666667
-0.007
-0.0063333333
-0.0056666667
-0.005
-0.0043333333
-0.0036666667
-0.003
-0.0023333333
-0.0016666667
-0.001
-0.00033333333
0.00033333333
0.001
0.0016666667
0.0023333333
0.003
0.0036666667
0.0043333333
0.005
0.0056666667
0.0063333333
0.007
0.0076666667
-0.0076666667
-0.007
-0.0063333333
-0.0056666667
-0.005
-0.0043333333
-0.0036666667
-0.003
-0.0023333333
-0.0016666667
-0.001
-0.00033333333
0.00033333333
0.001
0.0016666667
0.0023333333
0.003
0.0036666667
0.0043333333
0.005
0.0056666667
0.0063333333
0.007
0.0076666667
-0.0076666667
-0.007
-0.0063333333
-0.0056666667
-0.005
-0.0043333333
-0.0036666667
-0.003
-0.0023333333
-0.0016666667
-0.001
-0.00033333333
0.00033333333
0.001
0.0016666667
0.0023333333
0.003
0.0036666667
0.0043333333
0.005
0.0056666667
0.0063333333
0.007
0.0076666667
-0.0076666667
-0.007
-0.0063333333
-0.0056666667
-0.005
-0.0043333333
-0.0036666667
-0.003
-0.0023333333
-0.0016666667
-0.001
-0.00033333333
0.00033333333
0.001
0.0016666667
0.0023333333
0.003
0.0036666667
0.0043333333
0.005
0.0056666667
0.0063333333
0.007
0.0076666667
-0.0076666667
-0.007
-0.0063333333
-0.0056666667
-0.005
-0.0043333333
-0.0036666667
-0.003
-0.0023333333
-0.0016666667
-0.001
-0.00033333333
0.00033333333
0.001
0.0016666667
0.0023333333
0.003
0.0036666667
0.0043333333
0.005
0.0056666667
0.0063333333
0.007
0.0076666667
-0.0076666667
-0.007
-0.0063333333
-0.0056666667
-0.005
-0.0043333333
-0.0036666667
-0.003
-0.0023333333
-0.0016666667
-0.001
-0.00033333333
0.00033333333
0.001
0.0016666667
0.0023333333
0.003
0.0036666667
0.0043333333
0.005
0.0056666667
0.0063333333
0.007
0.0076666667
-0.0076666667
-0.007
-0.0063333333
-0.0056666667
-0.005
-0.0043333333
-0.0036666667
-0.003
-0.0023333333
-0.0016666667
-0.001
-0.00033333333
0.00033333333
0.001
0.0016666667
0.0023333333
0.003
0.0036666667
0.0043333333
0.005
0.0056666667
0.0063333333
0.007
0.0076666667
-0.0076666667
-0.007
-0.0063333333
-0.0056666667
-0.005
-0.0043333333
-0.0036666667
-0.003
-0.0023333333
-0.0016666667
-0.001
-0.00033333333
0.00033333333
0.001
0.0016666667
0.0023333333
0.003
0.0036666667
0.0043333333
0.005
0.0056666667
0.0063333333
0.007
0.0076666667
-0.0076666667
-0.007
-0.0063333333
-0.0056666667
-0.005
-0.0043333333
-0.0036666667
-0.003
-0.0023333333
-0.0016666667
-0.001
-0.00033333333
0.00033333333
0.001
0.0016666667
0.0023333333
0.003
0.0036666667
0.0043333333
0.005
0.0056666667
0.0063333333
0.007
0.0076666667
-0.0076666667
-0.007
-0.0063333333
-0.0056666667
-0.005
-0.0043333333
-0.0036666667
-0.003
-0.0023333333
-0.0016666667
-0.001
-0.00033333333
0.00033333333
0.001
0.0016666667
0.0023333333
0.003
0.0036666667
0.0043333333
0.005
0.0056666667
0.0063333333
0.007
0.0076666667
)
;
    }
    heated_first_wall
    {
        type            calculated;
        value           nonuniform List<scalar> 
2304
(
-0.0073431429
-0.0066764762
-0.0060098095
-0.0053431429
-0.0046764762
-0.0040098095
-0.0033431429
-0.0026764762
-0.0020098095
-0.0013431429
-0.00067647619
-9.809527e-06
0.00065685714
0.0013235238
0.0019901905
0.0026568571
0.0033235238
0.0039901905
0.0046568571
0.0053235238
0.0059901905
0.0066568571
0.0073235238
0.0079901905
-0.0066960952
-0.0060294286
-0.0053627619
-0.0046960952
-0.0040294286
-0.0033627619
-0.0026960952
-0.0020294286
-0.0013627619
-0.00069609525
-2.9428581e-05
0.00063723809
0.0013039048
0.0019705714
0.0026372381
0.0033039048
0.0039705714
0.0046372381
0.0053039048
0.0059705714
0.0066372381
0.0073039048
0.0079705714
0.0086372381
-0.0060490476
-0.005382381
-0.0047157143
-0.0040490476
-0.003382381
-0.0027157143
-0.0020490476
-0.001382381
-0.0007157143
-4.9047635e-05
0.00061761903
0.0012842857
0.0019509524
0.002617619
0.0032842857
0.0039509524
0.004617619
0.0052842857
0.0059509524
0.006617619
0.0072842857
0.0079509524
0.008617619
0.0092842857
-0.005402
-0.0047353334
-0.0040686667
-0.003402
-0.0027353334
-0.0020686667
-0.001402
-0.00073533336
-6.8666689e-05
0.00059799998
0.0012646666
0.0019313333
0.002598
0.0032646666
0.0039313333
0.004598
0.0052646666
0.0059313333
0.006598
0.0072646666
0.0079313333
0.008598
0.0092646666
0.0099313333
-0.004777
-0.0041103334
-0.0034436667
-0.002777
-0.0021103334
-0.0014436667
-0.00077700002
-0.00011033336
0.00055633331
0.001223
0.0018896666
0.0025563333
0.003223
0.0038896666
0.0045563333
0.005223
0.0058896666
0.0065563333
0.007223
0.0078896666
0.0085563333
0.009223
0.0098896666
0.010556333
-0.0041740476
-0.003507381
-0.0028407143
-0.0021740476
-0.001507381
-0.0008407143
-0.00017404763
0.00049261903
0.0011592857
0.0018259524
0.002492619
0.0031592857
0.0038259524
0.004492619
0.0051592857
0.0058259524
0.006492619
0.0071592857
0.0078259524
0.008492619
0.0091592857
0.0098259524
0.010492619
0.011159286
-0.0035710952
-0.0029044286
-0.0022377619
-0.0015710952
-0.00090442858
-0.00023776191
0.00042890475
0.0010955714
0.0017622381
0.0024289048
0.0030955714
0.0037622381
0.0044289048
0.0050955714
0.0057622381
0.0064289048
0.0070955714
0.0077622381
0.0084289048
0.0090955714
0.0097622381
0.010428905
0.011095571
0.011762238
-0.0029681429
-0.0023014762
-0.0016348095
-0.00096814286
-0.00030147619
0.00036519047
0.0010318571
0.0016985238
0.0023651905
0.0030318571
0.0036985238
0.0043651905
0.0050318571
0.0056985238
0.0063651905
0.0070318571
0.0076985238
0.0083651905
0.0090318571
0.0096985238
0.01036519
0.011031857
0.011698524
0.01236519
-0.0024077832
-0.0017411165
-0.0010744499
-0.00040778319
0.00025888348
0.00092555014
0.0015922168
0.0022588835
0.0029255501
0.0035922168
0.0042588835
0.0049255501
0.0055922168
0.0062588835
0.0069255501
0.0075922168
0.0082588835
0.0089255501
0.0095922168
0.010258883
0.01092555
0.011592217
0.012258883
0.01292555
-0.0018900162
-0.0012233496
-0.0005566829
0.00010998376
0.00077665043
0.0014433171
0.0021099838
0.0027766504
0.0034433171
0.0041099838
0.0047766504
0.0054433171
0.0061099838
0.0067766504
0.0074433171
0.0081099838
0.0087766504
0.0094433171
0.010109984
0.01077665
0.011443317
0.012109984
0.01277665
0.013443317
-0.0013722493
-0.00070558262
-3.8915951e-05
0.00062775072
0.0012944174
0.001961084
0.0026277507
0.0032944174
0.003961084
0.0046277507
0.0052944174
0.005961084
0.0066277507
0.0072944174
0.007961084
0.0086277507
0.0092944174
0.009961084
0.010627751
0.011294417
0.011961084
0.012627751
0.013294417
0.013961084
-0.00085448233
-0.00018781566
0.000478851
0.0011455177
0.0018121843
0.002478851
0.0031455177
0.0038121843
0.004478851
0.0051455177
0.0058121843
0.006478851
0.0071455177
0.0078121843
0.008478851
0.0091455177
0.0098121843
0.010478851
0.011145518
0.011812184
0.012478851
0.013145518
0.013812184
0.014478851
-0.00039695058
0.00026971609
0.00093638276
0.0016030494
0.0022697161
0.0029363828
0.0036030494
0.0042697161
0.0049363828
0.0056030494
0.0062697161
0.0069363828
0.0076030494
0.0082697161
0.0089363828
0.0096030494
0.010269716
0.010936383
0.011603049
0.012269716
0.012936383
0.013603049
0.014269716
0.014936383
3.4597993e-07
0.00066701265
0.0013336793
0.002000346
0.0026670126
0.0033336793
0.004000346
0.0046670126
0.0053336793
0.006000346
0.0066670126
0.0073336793
0.008000346
0.0086670126
0.0093336793
0.010000346
0.010667013
0.011333679
0.012000346
0.012667013
0.013333679
0.014000346
0.014667013
0.015333679
0.00039764254
0.0010643092
0.0017309759
0.0023976425
0.0030643092
0.0037309759
0.0043976425
0.0050643092
0.0057309759
0.0063976425
0.0070643092
0.0077309759
0.0083976425
0.0090643092
0.0097309759
0.010397643
0.011064309
0.011730976
0.012397643
0.013064309
0.013730976
0.014397643
0.015064309
0.015730976
0.00079493909
0.0014616058
0.0021282724
0.0027949391
0.0034616058
0.0041282724
0.0047949391
0.0054616058
0.0061282724
0.0067949391
0.0074616058
0.0081282724
0.0087949391
0.0094616058
0.010128272
0.010794939
0.011461606
0.012128272
0.012794939
0.013461606
0.014128272
0.014794939
0.015461606
0.016128272
0.0011184629
0.0017851296
0.0024517962
0.0031184629
0.0037851296
0.0044517962
0.0051184629
0.0057851296
0.0064517962
0.0071184629
0.0077851296
0.0084517962
0.0091184629
0.0097851296
0.010451796
0.011118463
0.01178513
0.012451796
0.013118463
0.01378513
0.014451796
0.015118463
0.01578513
0.016451796
0.001368214
0.0020348806
0.0027015473
0.003368214
0.0040348806
0.0047015473
0.005368214
0.0060348806
0.0067015473
0.007368214
0.0080348806
0.0087015473
0.009368214
0.010034881
0.010701547
0.011368214
0.012034881
0.012701547
0.013368214
0.014034881
0.014701547
0.015368214
0.016034881
0.016701547
0.001617965
0.0022846317
0.0029512983
0.003617965
0.0042846317
0.0049512983
0.005617965
0.0062846317
0.0069512983
0.007617965
0.0082846317
0.0089512983
0.009617965
0.010284632
0.010951298
0.011617965
0.012284632
0.012951298
0.013617965
0.014284632
0.014951298
0.015617965
0.016284632
0.016951298
0.0018677161
0.0025343827
0.0032010494
0.0038677161
0.0045343827
0.0052010494
0.0058677161
0.0065343827
0.0072010494
0.0078677161
0.0085343827
0.0092010494
0.0098677161
0.010534383
0.011201049
0.011867716
0.012534383
0.013201049
0.013867716
0.014534383
0.015201049
0.015867716
0.016534383
0.017201049
0.0020351843
0.002701851
0.0033685176
0.0040351843
0.004701851
0.0053685176
0.0060351843
0.006701851
0.0073685176
0.0080351843
0.008701851
0.0093685176
0.010035184
0.010701851
0.011368518
0.012035184
0.012701851
0.013368518
0.014035184
0.014701851
0.015368518
0.016035184
0.016701851
0.017368518
0.0021203697
0.0027870364
0.0034537031
0.0041203697
0.0047870364
0.0054537031
0.0061203697
0.0067870364
0.0074537031
0.0081203697
0.0087870364
0.0094537031
0.01012037
0.010787036
0.011453703
0.01212037
0.012787036
0.013453703
0.01412037
0.014787036
0.015453703
0.01612037
0.016787036
0.017453703
0.0022055552
0.0028722218
0.0035388885
0.0042055552
0.0048722218
0.0055388885
0.0062055552
0.0068722218
0.0075388885
0.0082055552
0.0088722218
0.0095388885
0.010205555
0.010872222
0.011538889
0.012205555
0.012872222
0.013538889
0.014205555
0.014872222
0.015538889
0.016205555
0.016872222
0.017538889
0.0022907406
0.0029574073
0.0036240739
0.0042907406
0.0049574073
0.0056240739
0.0062907406
0.0069574073
0.0076240739
0.0082907406
0.0089574073
0.0096240739
0.010290741
0.010957407
0.011624074
0.012290741
0.012957407
0.013624074
0.014290741
0.014957407
0.015624074
0.016290741
0.016957407
0.017624074
0.0022907406
0.0029574073
0.0036240739
0.0042907406
0.0049574073
0.0056240739
0.0062907406
0.0069574073
0.0076240739
0.0082907406
0.0089574073
0.0096240739
0.010290741
0.010957407
0.011624074
0.012290741
0.012957407
0.013624074
0.014290741
0.014957407
0.015624074
0.016290741
0.016957407
0.017624074
0.0022055552
0.0028722218
0.0035388885
0.0042055552
0.0048722218
0.0055388885
0.0062055552
0.0068722218
0.0075388885
0.0082055552
0.0088722218
0.0095388885
0.010205555
0.010872222
0.011538889
0.012205555
0.012872222
0.013538889
0.014205555
0.014872222
0.015538889
0.016205555
0.016872222
0.017538889
0.0021203697
0.0027870364
0.0034537031
0.0041203697
0.0047870364
0.0054537031
0.0061203697
0.0067870364
0.0074537031
0.0081203697
0.0087870364
0.0094537031
0.01012037
0.010787036
0.011453703
0.01212037
0.012787036
0.013453703
0.01412037
0.014787036
0.015453703
0.01612037
0.016787036
0.017453703
0.0020351843
0.002701851
0.0033685176
0.0040351843
0.004701851
0.0053685176
0.0060351843
0.006701851
0.0073685176
0.0080351843
0.008701851
0.0093685176
0.010035184
0.010701851
0.011368518
0.012035184
0.012701851
0.013368518
0.014035184
0.014701851
0.015368518
0.016035184
0.016701851
0.017368518
0.0018677161
0.0025343827
0.0032010494
0.0038677161
0.0045343827
0.0052010494
0.0058677161
0.0065343827
0.0072010494
0.0078677161
0.0085343827
0.0092010494
0.0098677161
0.010534383
0.011201049
0.011867716
0.012534383
0.013201049
0.013867716
0.014534383
0.015201049
0.015867716
0.016534383
0.017201049
0.001617965
0.0022846317
0.0029512983
0.003617965
0.0042846317
0.0049512983
0.005617965
0.0062846317
0.0069512983
0.007617965
0.0082846317
0.0089512983
0.009617965
0.010284632
0.010951298
0.011617965
0.012284632
0.012951298
0.013617965
0.014284632
0.014951298
0.015617965
0.016284632
0.016951298
0.001368214
0.0020348806
0.0027015473
0.003368214
0.0040348806
0.0047015473
0.005368214
0.0060348806
0.0067015473
0.007368214
0.0080348806
0.0087015473
0.009368214
0.010034881
0.010701547
0.011368214
0.012034881
0.012701547
0.013368214
0.014034881
0.014701547
0.015368214
0.016034881
0.016701547
0.0011184629
0.0017851296
0.0024517962
0.0031184629
0.0037851296
0.0044517962
0.0051184629
0.0057851296
0.0064517962
0.0071184629
0.0077851296
0.0084517962
0.0091184629
0.0097851296
0.010451796
0.011118463
0.01178513
0.012451796
0.013118463
0.01378513
0.014451796
0.015118463
0.01578513
0.016451796
0.00079493909
0.0014616058
0.0021282724
0.0027949391
0.0034616058
0.0041282724
0.0047949391
0.0054616058
0.0061282724
0.0067949391
0.0074616058
0.0081282724
0.0087949391
0.0094616058
0.010128272
0.010794939
0.011461606
0.012128272
0.012794939
0.013461606
0.014128272
0.014794939
0.015461606
0.016128272
0.00039764254
0.0010643092
0.0017309759
0.0023976425
0.0030643092
0.0037309759
0.0043976425
0.0050643092
0.0057309759
0.0063976425
0.0070643092
0.0077309759
0.0083976425
0.0090643092
0.0097309759
0.010397643
0.011064309
0.011730976
0.012397643
0.013064309
0.013730976
0.014397643
0.015064309
0.015730976
3.4597995e-07
0.00066701265
0.0013336793
0.002000346
0.0026670126
0.0033336793
0.004000346
0.0046670126
0.0053336793
0.006000346
0.0066670126
0.0073336793
0.008000346
0.0086670126
0.0093336793
0.010000346
0.010667013
0.011333679
0.012000346
0.012667013
0.013333679
0.014000346
0.014667013
0.015333679
-0.00039695058
0.00026971609
0.00093638276
0.0016030494
0.0022697161
0.0029363828
0.0036030494
0.0042697161
0.0049363828
0.0056030494
0.0062697161
0.0069363828
0.0076030494
0.0082697161
0.0089363828
0.0096030494
0.010269716
0.010936383
0.011603049
0.012269716
0.012936383
0.013603049
0.014269716
0.014936383
-0.00085448233
-0.00018781566
0.000478851
0.0011455177
0.0018121843
0.002478851
0.0031455177
0.0038121843
0.004478851
0.0051455177
0.0058121843
0.006478851
0.0071455177
0.0078121843
0.008478851
0.0091455177
0.0098121843
0.010478851
0.011145518
0.011812184
0.012478851
0.013145518
0.013812184
0.014478851
-0.0013722493
-0.00070558262
-3.8915951e-05
0.00062775072
0.0012944174
0.001961084
0.0026277507
0.0032944174
0.003961084
0.0046277507
0.0052944174
0.005961084
0.0066277507
0.0072944174
0.007961084
0.0086277507
0.0092944174
0.009961084
0.010627751
0.011294417
0.011961084
0.012627751
0.013294417
0.013961084
-0.0018900162
-0.0012233496
-0.0005566829
0.00010998376
0.00077665043
0.0014433171
0.0021099838
0.0027766504
0.0034433171
0.0041099838
0.0047766504
0.0054433171
0.0061099838
0.0067766504
0.0074433171
0.0081099838
0.0087766504
0.0094433171
0.010109984
0.01077665
0.011443317
0.012109984
0.01277665
0.013443317
-0.0024077832
-0.0017411165
-0.0010744499
-0.00040778319
0.00025888348
0.00092555014
0.0015922168
0.0022588835
0.0029255501
0.0035922168
0.0042588835
0.0049255501
0.0055922168
0.0062588835
0.0069255501
0.0075922168
0.0082588835
0.0089255501
0.0095922168
0.010258883
0.01092555
0.011592217
0.012258883
0.01292555
-0.0029681429
-0.0023014762
-0.0016348095
-0.00096814286
-0.00030147619
0.00036519047
0.0010318571
0.0016985238
0.0023651905
0.0030318571
0.0036985238
0.0043651905
0.0050318571
0.0056985238
0.0063651905
0.0070318571
0.0076985238
0.0083651905
0.0090318571
0.0096985238
0.01036519
0.011031857
0.011698524
0.01236519
-0.0035710952
-0.0029044286
-0.0022377619
-0.0015710952
-0.00090442858
-0.00023776191
0.00042890475
0.0010955714
0.0017622381
0.0024289048
0.0030955714
0.0037622381
0.0044289048
0.0050955714
0.0057622381
0.0064289048
0.0070955714
0.0077622381
0.0084289048
0.0090955714
0.0097622381
0.010428905
0.011095571
0.011762238
-0.0041740476
-0.003507381
-0.0028407143
-0.0021740476
-0.001507381
-0.0008407143
-0.00017404763
0.00049261903
0.0011592857
0.0018259524
0.002492619
0.0031592857
0.0038259524
0.004492619
0.0051592857
0.0058259524
0.006492619
0.0071592857
0.0078259524
0.008492619
0.0091592857
0.0098259524
0.010492619
0.011159286
-0.004777
-0.0041103334
-0.0034436667
-0.002777
-0.0021103334
-0.0014436667
-0.00077700002
-0.00011033336
0.00055633331
0.001223
0.0018896666
0.0025563333
0.003223
0.0038896666
0.0045563333
0.005223
0.0058896666
0.0065563333
0.007223
0.0078896666
0.0085563333
0.009223
0.0098896666
0.010556333
-0.005402
-0.0047353334
-0.0040686667
-0.003402
-0.0027353334
-0.0020686667
-0.001402
-0.00073533336
-6.8666689e-05
0.00059799998
0.0012646666
0.0019313333
0.002598
0.0032646666
0.0039313333
0.004598
0.0052646666
0.0059313333
0.006598
0.0072646666
0.0079313333
0.008598
0.0092646666
0.0099313333
-0.0060490476
-0.005382381
-0.0047157143
-0.0040490476
-0.003382381
-0.0027157143
-0.0020490476
-0.001382381
-0.0007157143
-4.9047635e-05
0.00061761903
0.0012842857
0.0019509524
0.002617619
0.0032842857
0.0039509524
0.004617619
0.0052842857
0.0059509524
0.006617619
0.0072842857
0.0079509524
0.008617619
0.0092842857
-0.0066960952
-0.0060294286
-0.0053627619
-0.0046960952
-0.0040294286
-0.0033627619
-0.0026960952
-0.0020294286
-0.0013627619
-0.00069609525
-2.9428581e-05
0.00063723809
0.0013039048
0.0019705714
0.0026372381
0.0033039048
0.0039705714
0.0046372381
0.0053039048
0.0059705714
0.0066372381
0.0073039048
0.0079705714
0.0086372381
-0.0073431429
-0.0066764762
-0.0060098095
-0.0053431429
-0.0046764762
-0.0040098095
-0.0033431429
-0.0026764762
-0.0020098095
-0.0013431429
-0.00067647619
-9.809527e-06
0.00065685714
0.0013235238
0.0019901905
0.0026568571
0.0033235238
0.0039901905
0.0046568571
0.0053235238
0.0059901905
0.0066568571
0.0073235238
0.0079901905
-0.0079901905
-0.0073235238
-0.0066568571
-0.0059901905
-0.0053235238
-0.0046568571
-0.0039901905
-0.0033235238
-0.0026568571
-0.0019901905
-0.0013235238
-0.00065685714
9.809527e-06
0.00067647619
0.0013431429
0.0020098095
0.0026764762
0.0033431429
0.0040098095
0.0046764762
0.0053431429
0.0060098095
0.0066764762
0.0073431429
-0.0086372381
-0.0079705714
-0.0073039048
-0.0066372381
-0.0059705714
-0.0053039048
-0.0046372381
-0.0039705714
-0.0033039048
-0.0026372381
-0.0019705714
-0.0013039048
-0.00063723809
2.9428581e-05
0.00069609525
0.0013627619
0.0020294286
0.0026960952
0.0033627619
0.0040294286
0.0046960952
0.0053627619
0.0060294286
0.0066960952
-0.0092842857
-0.008617619
-0.0079509524
-0.0072842857
-0.006617619
-0.0059509524
-0.0052842857
-0.004617619
-0.0039509524
-0.0032842857
-0.002617619
-0.0019509524
-0.0012842857
-0.00061761903
4.9047635e-05
0.0007157143
0.001382381
0.0020490476
0.0027157143
0.003382381
0.0040490476
0.0047157143
0.005382381
0.0060490476
-0.0099313333
-0.0092646666
-0.008598
-0.0079313333
-0.0072646666
-0.006598
-0.0059313333
-0.0052646666
-0.004598
-0.0039313333
-0.0032646666
-0.002598
-0.0019313333
-0.0012646666
-0.00059799998
6.8666689e-05
0.00073533336
0.001402
0.0020686667
0.0027353334
0.003402
0.0040686667
0.0047353334
0.005402
-0.010556333
-0.0098896666
-0.009223
-0.0085563333
-0.0078896666
-0.007223
-0.0065563333
-0.0058896666
-0.005223
-0.0045563333
-0.0038896666
-0.003223
-0.0025563333
-0.0018896666
-0.001223
-0.00055633331
0.00011033336
0.00077700002
0.0014436667
0.0021103334
0.002777
0.0034436667
0.0041103334
0.004777
-0.011159286
-0.010492619
-0.0098259524
-0.0091592857
-0.008492619
-0.0078259524
-0.0071592857
-0.006492619
-0.0058259524
-0.0051592857
-0.004492619
-0.0038259524
-0.0031592857
-0.002492619
-0.0018259524
-0.0011592857
-0.00049261903
0.00017404763
0.0008407143
0.001507381
0.0021740476
0.0028407143
0.003507381
0.0041740476
-0.011762238
-0.011095571
-0.010428905
-0.0097622381
-0.0090955714
-0.0084289048
-0.0077622381
-0.0070955714
-0.0064289048
-0.0057622381
-0.0050955714
-0.0044289048
-0.0037622381
-0.0030955714
-0.0024289048
-0.0017622381
-0.0010955714
-0.00042890475
0.00023776191
0.00090442858
0.0015710952
0.0022377619
0.0029044286
0.0035710952
-0.01236519
-0.011698524
-0.011031857
-0.01036519
-0.0096985238
-0.0090318571
-0.0083651905
-0.0076985238
-0.0070318571
-0.0063651905
-0.0056985238
-0.0050318571
-0.0043651905
-0.0036985238
-0.0030318571
-0.0023651905
-0.0016985238
-0.0010318571
-0.00036519047
0.00030147619
0.00096814286
0.0016348095
0.0023014762
0.0029681429
-0.01292555
-0.012258883
-0.011592217
-0.01092555
-0.010258883
-0.0095922168
-0.0089255501
-0.0082588835
-0.0075922168
-0.0069255501
-0.0062588835
-0.0055922168
-0.0049255501
-0.0042588835
-0.0035922168
-0.0029255501
-0.0022588835
-0.0015922168
-0.00092555014
-0.00025888348
0.00040778319
0.0010744499
0.0017411165
0.0024077832
-0.013443317
-0.01277665
-0.012109984
-0.011443317
-0.01077665
-0.010109984
-0.0094433171
-0.0087766504
-0.0081099838
-0.0074433171
-0.0067766504
-0.0061099838
-0.0054433171
-0.0047766504
-0.0041099838
-0.0034433171
-0.0027766504
-0.0021099838
-0.0014433171
-0.00077665043
-0.00010998376
0.0005566829
0.0012233496
0.0018900162
-0.013961084
-0.013294417
-0.012627751
-0.011961084
-0.011294417
-0.010627751
-0.009961084
-0.0092944174
-0.0086277507
-0.007961084
-0.0072944174
-0.0066277507
-0.005961084
-0.0052944174
-0.0046277507
-0.003961084
-0.0032944174
-0.0026277507
-0.001961084
-0.0012944174
-0.00062775072
3.8915951e-05
0.00070558262
0.0013722493
-0.014478851
-0.013812184
-0.013145518
-0.012478851
-0.011812184
-0.011145518
-0.010478851
-0.0098121843
-0.0091455177
-0.008478851
-0.0078121843
-0.0071455177
-0.006478851
-0.0058121843
-0.0051455177
-0.004478851
-0.0038121843
-0.0031455177
-0.002478851
-0.0018121843
-0.0011455177
-0.000478851
0.00018781566
0.00085448233
-0.014936383
-0.014269716
-0.013603049
-0.012936383
-0.012269716
-0.011603049
-0.010936383
-0.010269716
-0.0096030494
-0.0089363828
-0.0082697161
-0.0076030494
-0.0069363828
-0.0062697161
-0.0056030494
-0.0049363828
-0.0042697161
-0.0036030494
-0.0029363828
-0.0022697161
-0.0016030494
-0.00093638276
-0.00026971609
0.00039695058
-0.015333679
-0.014667013
-0.014000346
-0.013333679
-0.012667013
-0.012000346
-0.011333679
-0.010667013
-0.010000346
-0.0093336793
-0.0086670126
-0.008000346
-0.0073336793
-0.0066670126
-0.006000346
-0.0053336793
-0.0046670126
-0.004000346
-0.0033336793
-0.0026670126
-0.002000346
-0.0013336793
-0.00066701265
-3.4598055e-07
-0.015730976
-0.015064309
-0.014397643
-0.013730976
-0.013064309
-0.012397643
-0.011730976
-0.011064309
-0.010397643
-0.0097309759
-0.0090643092
-0.0083976425
-0.0077309759
-0.0070643092
-0.0063976425
-0.0057309759
-0.0050643092
-0.0043976425
-0.0037309759
-0.0030643092
-0.0023976425
-0.0017309759
-0.0010643092
-0.00039764254
-0.016128272
-0.015461606
-0.014794939
-0.014128272
-0.013461606
-0.012794939
-0.012128272
-0.011461606
-0.010794939
-0.010128272
-0.0094616058
-0.0087949391
-0.0081282724
-0.0074616058
-0.0067949391
-0.0061282724
-0.0054616058
-0.0047949391
-0.0041282724
-0.0034616058
-0.0027949391
-0.0021282724
-0.0014616058
-0.00079493909
-0.016451796
-0.01578513
-0.015118463
-0.014451796
-0.01378513
-0.013118463
-0.012451796
-0.01178513
-0.011118463
-0.010451796
-0.0097851296
-0.0091184629
-0.0084517962
-0.0077851296
-0.0071184629
-0.0064517962
-0.0057851296
-0.0051184629
-0.0044517962
-0.0037851296
-0.0031184629
-0.0024517962
-0.0017851296
-0.0011184629
-0.016701547
-0.016034881
-0.015368214
-0.014701547
-0.014034881
-0.013368214
-0.012701547
-0.012034881
-0.011368214
-0.010701547
-0.010034881
-0.009368214
-0.0087015473
-0.0080348806
-0.007368214
-0.0067015473
-0.0060348806
-0.005368214
-0.0047015473
-0.0040348806
-0.003368214
-0.0027015473
-0.0020348806
-0.001368214
-0.016951298
-0.016284632
-0.015617965
-0.014951298
-0.014284632
-0.013617965
-0.012951298
-0.012284632
-0.011617965
-0.010951298
-0.010284632
-0.009617965
-0.0089512983
-0.0082846317
-0.007617965
-0.0069512983
-0.0062846317
-0.005617965
-0.0049512983
-0.0042846317
-0.003617965
-0.0029512983
-0.0022846317
-0.001617965
-0.017201049
-0.016534383
-0.015867716
-0.015201049
-0.014534383
-0.013867716
-0.013201049
-0.012534383
-0.011867716
-0.011201049
-0.010534383
-0.0098677161
-0.0092010494
-0.0085343827
-0.0078677161
-0.0072010494
-0.0065343827
-0.0058677161
-0.0052010494
-0.0045343827
-0.0038677161
-0.0032010494
-0.0025343827
-0.0018677161
-0.017368518
-0.016701851
-0.016035184
-0.015368518
-0.014701851
-0.014035184
-0.013368518
-0.012701851
-0.012035184
-0.011368518
-0.010701851
-0.010035184
-0.0093685176
-0.008701851
-0.0080351843
-0.0073685176
-0.006701851
-0.0060351843
-0.0053685176
-0.004701851
-0.0040351843
-0.0033685176
-0.002701851
-0.0020351843
-0.017453703
-0.016787036
-0.01612037
-0.015453703
-0.014787036
-0.01412037
-0.013453703
-0.012787036
-0.01212037
-0.011453703
-0.010787036
-0.01012037
-0.0094537031
-0.0087870364
-0.0081203697
-0.0074537031
-0.0067870364
-0.0061203697
-0.0054537031
-0.0047870364
-0.0041203697
-0.0034537031
-0.0027870364
-0.0021203697
-0.017538889
-0.016872222
-0.016205555
-0.015538889
-0.014872222
-0.014205555
-0.013538889
-0.012872222
-0.012205555
-0.011538889
-0.010872222
-0.010205555
-0.0095388885
-0.0088722218
-0.0082055552
-0.0075388885
-0.0068722218
-0.0062055552
-0.0055388885
-0.0048722218
-0.0042055552
-0.0035388885
-0.0028722218
-0.0022055552
-0.017624074
-0.016957407
-0.016290741
-0.015624074
-0.014957407
-0.014290741
-0.013624074
-0.012957407
-0.012290741
-0.011624074
-0.010957407
-0.010290741
-0.0096240739
-0.0089574073
-0.0082907406
-0.0076240739
-0.0069574073
-0.0062907406
-0.0056240739
-0.0049574073
-0.0042907406
-0.0036240739
-0.0029574073
-0.0022907406
-0.017624074
-0.016957407
-0.016290741
-0.015624074
-0.014957407
-0.014290741
-0.013624074
-0.012957407
-0.012290741
-0.011624074
-0.010957407
-0.010290741
-0.0096240739
-0.0089574073
-0.0082907406
-0.0076240739
-0.0069574073
-0.0062907406
-0.0056240739
-0.0049574073
-0.0042907406
-0.0036240739
-0.0029574073
-0.0022907406
-0.017538889
-0.016872222
-0.016205555
-0.015538889
-0.014872222
-0.014205555
-0.013538889
-0.012872222
-0.012205555
-0.011538889
-0.010872222
-0.010205555
-0.0095388885
-0.0088722219
-0.0082055552
-0.0075388885
-0.0068722218
-0.0062055552
-0.0055388885
-0.0048722218
-0.0042055552
-0.0035388885
-0.0028722218
-0.0022055552
-0.017453703
-0.016787036
-0.01612037
-0.015453703
-0.014787036
-0.01412037
-0.013453703
-0.012787036
-0.01212037
-0.011453703
-0.010787036
-0.01012037
-0.0094537031
-0.0087870364
-0.0081203697
-0.0074537031
-0.0067870364
-0.0061203697
-0.0054537031
-0.0047870364
-0.0041203697
-0.0034537031
-0.0027870364
-0.0021203697
-0.017368518
-0.016701851
-0.016035184
-0.015368518
-0.014701851
-0.014035184
-0.013368518
-0.012701851
-0.012035184
-0.011368518
-0.010701851
-0.010035184
-0.0093685176
-0.008701851
-0.0080351843
-0.0073685176
-0.006701851
-0.0060351843
-0.0053685176
-0.004701851
-0.0040351843
-0.0033685176
-0.002701851
-0.0020351843
-0.017201049
-0.016534383
-0.015867716
-0.015201049
-0.014534383
-0.013867716
-0.013201049
-0.012534383
-0.011867716
-0.011201049
-0.010534383
-0.0098677161
-0.0092010494
-0.0085343827
-0.0078677161
-0.0072010494
-0.0065343827
-0.0058677161
-0.0052010494
-0.0045343827
-0.0038677161
-0.0032010494
-0.0025343827
-0.0018677161
-0.016951298
-0.016284632
-0.015617965
-0.014951298
-0.014284632
-0.013617965
-0.012951298
-0.012284632
-0.011617965
-0.010951298
-0.010284632
-0.009617965
-0.0089512983
-0.0082846317
-0.007617965
-0.0069512983
-0.0062846317
-0.005617965
-0.0049512983
-0.0042846317
-0.003617965
-0.0029512983
-0.0022846317
-0.001617965
-0.016701547
-0.016034881
-0.015368214
-0.014701547
-0.014034881
-0.013368214
-0.012701547
-0.012034881
-0.011368214
-0.010701547
-0.010034881
-0.009368214
-0.0087015473
-0.0080348806
-0.007368214
-0.0067015473
-0.0060348806
-0.005368214
-0.0047015473
-0.0040348806
-0.003368214
-0.0027015473
-0.0020348806
-0.001368214
-0.016451796
-0.01578513
-0.015118463
-0.014451796
-0.01378513
-0.013118463
-0.012451796
-0.01178513
-0.011118463
-0.010451796
-0.0097851296
-0.0091184629
-0.0084517962
-0.0077851296
-0.0071184629
-0.0064517962
-0.0057851296
-0.0051184629
-0.0044517962
-0.0037851296
-0.0031184629
-0.0024517962
-0.0017851296
-0.0011184629
-0.016128272
-0.015461606
-0.014794939
-0.014128272
-0.013461606
-0.012794939
-0.012128272
-0.011461606
-0.010794939
-0.010128272
-0.0094616058
-0.0087949391
-0.0081282724
-0.0074616058
-0.0067949391
-0.0061282724
-0.0054616058
-0.0047949391
-0.0041282724
-0.0034616058
-0.0027949391
-0.0021282724
-0.0014616058
-0.00079493909
-0.015730976
-0.015064309
-0.014397643
-0.013730976
-0.013064309
-0.012397643
-0.011730976
-0.011064309
-0.010397643
-0.0097309759
-0.0090643092
-0.0083976425
-0.0077309759
-0.0070643092
-0.0063976425
-0.0057309759
-0.0050643092
-0.0043976425
-0.0037309759
-0.0030643092
-0.0023976425
-0.0017309759
-0.0010643092
-0.00039764254
-0.015333679
-0.014667013
-0.014000346
-0.013333679
-0.012667013
-0.012000346
-0.011333679
-0.010667013
-0.010000346
-0.0093336793
-0.0086670126
-0.008000346
-0.0073336793
-0.0066670126
-0.006000346
-0.0053336793
-0.0046670126
-0.004000346
-0.0033336793
-0.0026670126
-0.002000346
-0.0013336793
-0.00066701265
-3.4597995e-07
-0.014936383
-0.014269716
-0.013603049
-0.012936383
-0.012269716
-0.011603049
-0.010936383
-0.010269716
-0.0096030494
-0.0089363828
-0.0082697161
-0.0076030494
-0.0069363828
-0.0062697161
-0.0056030494
-0.0049363828
-0.0042697161
-0.0036030494
-0.0029363828
-0.0022697161
-0.0016030494
-0.00093638276
-0.00026971609
0.00039695058
-0.014478851
-0.013812184
-0.013145518
-0.012478851
-0.011812184
-0.011145518
-0.010478851
-0.0098121843
-0.0091455177
-0.008478851
-0.0078121843
-0.0071455177
-0.006478851
-0.0058121843
-0.0051455177
-0.004478851
-0.0038121843
-0.0031455177
-0.002478851
-0.0018121843
-0.0011455177
-0.000478851
0.00018781566
0.00085448233
-0.013961084
-0.013294417
-0.012627751
-0.011961084
-0.011294417
-0.010627751
-0.0099610841
-0.0092944174
-0.0086277507
-0.007961084
-0.0072944174
-0.0066277507
-0.005961084
-0.0052944174
-0.0046277507
-0.003961084
-0.0032944174
-0.0026277507
-0.001961084
-0.0012944174
-0.00062775072
3.8915952e-05
0.00070558262
0.0013722493
-0.013443317
-0.01277665
-0.012109984
-0.011443317
-0.01077665
-0.010109984
-0.0094433171
-0.0087766504
-0.0081099838
-0.0074433171
-0.0067766504
-0.0061099838
-0.0054433171
-0.0047766504
-0.0041099838
-0.0034433171
-0.0027766504
-0.0021099838
-0.0014433171
-0.00077665043
-0.00010998376
0.0005566829
0.0012233496
0.0018900162
-0.01292555
-0.012258883
-0.011592217
-0.01092555
-0.010258883
-0.0095922168
-0.0089255501
-0.0082588835
-0.0075922168
-0.0069255501
-0.0062588835
-0.0055922168
-0.0049255501
-0.0042588835
-0.0035922168
-0.0029255501
-0.0022588835
-0.0015922168
-0.00092555014
-0.00025888348
0.00040778319
0.0010744499
0.0017411165
0.0024077832
-0.01236519
-0.011698524
-0.011031857
-0.01036519
-0.0096985238
-0.0090318571
-0.0083651905
-0.0076985238
-0.0070318571
-0.0063651905
-0.0056985238
-0.0050318571
-0.0043651905
-0.0036985238
-0.0030318571
-0.0023651905
-0.0016985238
-0.0010318571
-0.00036519047
0.00030147619
0.00096814286
0.0016348095
0.0023014762
0.0029681429
-0.011762238
-0.011095571
-0.010428905
-0.0097622381
-0.0090955714
-0.0084289048
-0.0077622381
-0.0070955714
-0.0064289048
-0.0057622381
-0.0050955714
-0.0044289048
-0.0037622381
-0.0030955714
-0.0024289048
-0.0017622381
-0.0010955714
-0.00042890475
0.00023776191
0.00090442858
0.0015710952
0.0022377619
0.0029044286
0.0035710952
-0.011159286
-0.010492619
-0.0098259524
-0.0091592857
-0.008492619
-0.0078259524
-0.0071592857
-0.006492619
-0.0058259524
-0.0051592857
-0.004492619
-0.0038259524
-0.0031592857
-0.002492619
-0.0018259524
-0.0011592857
-0.00049261903
0.00017404763
0.0008407143
0.001507381
0.0021740476
0.0028407143
0.003507381
0.0041740476
-0.010556333
-0.0098896666
-0.009223
-0.0085563333
-0.0078896666
-0.007223
-0.0065563333
-0.0058896666
-0.005223
-0.0045563333
-0.0038896666
-0.003223
-0.0025563333
-0.0018896666
-0.001223
-0.00055633331
0.00011033336
0.00077700002
0.0014436667
0.0021103334
0.002777
0.0034436667
0.0041103334
0.004777
-0.0099313333
-0.0092646666
-0.008598
-0.0079313333
-0.0072646666
-0.006598
-0.0059313333
-0.0052646666
-0.004598
-0.0039313333
-0.0032646666
-0.002598
-0.0019313333
-0.0012646666
-0.00059799998
6.8666689e-05
0.00073533336
0.001402
0.0020686667
0.0027353334
0.003402
0.0040686667
0.0047353334
0.005402
-0.0092842857
-0.008617619
-0.0079509524
-0.0072842857
-0.006617619
-0.0059509524
-0.0052842857
-0.004617619
-0.0039509524
-0.0032842857
-0.002617619
-0.0019509524
-0.0012842857
-0.00061761903
4.9047635e-05
0.0007157143
0.001382381
0.0020490476
0.0027157143
0.003382381
0.0040490476
0.0047157143
0.005382381
0.0060490476
-0.0086372381
-0.0079705714
-0.0073039048
-0.0066372381
-0.0059705714
-0.0053039048
-0.0046372381
-0.0039705714
-0.0033039048
-0.0026372381
-0.0019705714
-0.0013039048
-0.00063723809
2.9428581e-05
0.00069609525
0.0013627619
0.0020294286
0.0026960952
0.0033627619
0.0040294286
0.0046960952
0.0053627619
0.0060294286
0.0066960952
-0.0079901905
-0.0073235238
-0.0066568571
-0.0059901905
-0.0053235238
-0.0046568571
-0.0039901905
-0.0033235238
-0.0026568571
-0.0019901905
-0.0013235238
-0.00065685714
9.809527e-06
0.00067647619
0.0013431429
0.0020098095
0.0026764762
0.0033431429
0.0040098095
0.0046764762
0.0053431429
0.0060098095
0.0066764762
0.0073431429
)
;
    }
    blanket_back_wall
    {
        type            calculated;
        value           nonuniform List<scalar> 
2304
(
-0.0073431429
-0.0066764762
-0.0060098095
-0.0053431429
-0.0046764762
-0.0040098095
-0.0033431429
-0.0026764762
-0.0020098095
-0.0013431429
-0.00067647619
-9.809527e-06
0.00065685714
0.0013235238
0.0019901905
0.0026568571
0.0033235238
0.0039901905
0.0046568571
0.0053235238
0.0059901905
0.0066568571
0.0073235238
0.0079901905
-0.0066960952
-0.0060294286
-0.0053627619
-0.0046960952
-0.0040294286
-0.0033627619
-0.0026960952
-0.0020294286
-0.0013627619
-0.00069609525
-2.9428581e-05
0.00063723809
0.0013039048
0.0019705714
0.0026372381
0.0033039048
0.0039705714
0.0046372381
0.0053039048
0.0059705714
0.0066372381
0.0073039048
0.0079705714
0.0086372381
-0.0060490476
-0.005382381
-0.0047157143
-0.0040490476
-0.003382381
-0.0027157143
-0.0020490476
-0.001382381
-0.0007157143
-4.9047635e-05
0.00061761903
0.0012842857
0.0019509524
0.002617619
0.0032842857
0.0039509524
0.004617619
0.0052842857
0.0059509524
0.006617619
0.0072842857
0.0079509524
0.008617619
0.0092842857
-0.005402
-0.0047353334
-0.0040686667
-0.003402
-0.0027353334
-0.0020686667
-0.001402
-0.00073533336
-6.8666689e-05
0.00059799998
0.0012646666
0.0019313333
0.002598
0.0032646666
0.0039313333
0.004598
0.0052646666
0.0059313333
0.006598
0.0072646666
0.0079313333
0.008598
0.0092646666
0.0099313333
-0.004777
-0.0041103334
-0.0034436667
-0.002777
-0.0021103334
-0.0014436667
-0.00077700002
-0.00011033336
0.00055633331
0.001223
0.0018896666
0.0025563333
0.003223
0.0038896666
0.0045563333
0.005223
0.0058896666
0.0065563333
0.007223
0.0078896666
0.0085563333
0.009223
0.0098896666
0.010556333
-0.0041740476
-0.003507381
-0.0028407143
-0.0021740476
-0.001507381
-0.0008407143
-0.00017404763
0.00049261903
0.0011592857
0.0018259524
0.002492619
0.0031592857
0.0038259524
0.004492619
0.0051592857
0.0058259524
0.006492619
0.0071592857
0.0078259524
0.008492619
0.0091592857
0.0098259524
0.010492619
0.011159286
-0.0035710952
-0.0029044286
-0.0022377619
-0.0015710952
-0.00090442858
-0.00023776191
0.00042890475
0.0010955714
0.0017622381
0.0024289048
0.0030955714
0.0037622381
0.0044289048
0.0050955714
0.0057622381
0.0064289048
0.0070955714
0.0077622381
0.0084289048
0.0090955714
0.0097622381
0.010428905
0.011095571
0.011762238
-0.0029681429
-0.0023014762
-0.0016348095
-0.00096814286
-0.00030147619
0.00036519047
0.0010318571
0.0016985238
0.0023651905
0.0030318571
0.0036985238
0.0043651905
0.0050318571
0.0056985238
0.0063651905
0.0070318571
0.0076985238
0.0083651905
0.0090318571
0.0096985238
0.01036519
0.011031857
0.011698524
0.01236519
-0.0024077832
-0.0017411165
-0.0010744499
-0.00040778319
0.00025888348
0.00092555014
0.0015922168
0.0022588835
0.0029255501
0.0035922168
0.0042588835
0.0049255501
0.0055922168
0.0062588835
0.0069255501
0.0075922168
0.0082588835
0.0089255501
0.0095922168
0.010258883
0.01092555
0.011592217
0.012258883
0.01292555
-0.0018900162
-0.0012233496
-0.0005566829
0.00010998376
0.00077665043
0.0014433171
0.0021099838
0.0027766504
0.0034433171
0.0041099838
0.0047766504
0.0054433171
0.0061099838
0.0067766504
0.0074433171
0.0081099838
0.0087766504
0.0094433171
0.010109984
0.01077665
0.011443317
0.012109984
0.01277665
0.013443317
-0.0013722493
-0.00070558262
-3.8915951e-05
0.00062775072
0.0012944174
0.001961084
0.0026277507
0.0032944174
0.003961084
0.0046277507
0.0052944174
0.005961084
0.0066277507
0.0072944174
0.007961084
0.0086277507
0.0092944174
0.009961084
0.010627751
0.011294417
0.011961084
0.012627751
0.013294417
0.013961084
-0.00085448233
-0.00018781566
0.000478851
0.0011455177
0.0018121843
0.002478851
0.0031455177
0.0038121843
0.004478851
0.0051455177
0.0058121843
0.006478851
0.0071455177
0.0078121843
0.008478851
0.0091455177
0.0098121843
0.010478851
0.011145518
0.011812184
0.012478851
0.013145518
0.013812184
0.014478851
-0.00039695058
0.00026971609
0.00093638276
0.0016030494
0.0022697161
0.0029363828
0.0036030494
0.0042697161
0.0049363828
0.0056030494
0.0062697161
0.0069363828
0.0076030494
0.0082697161
0.0089363828
0.0096030494
0.010269716
0.010936383
0.011603049
0.012269716
0.012936383
0.013603049
0.014269716
0.014936383
3.4597983e-07
0.00066701265
0.0013336793
0.002000346
0.0026670126
0.0033336793
0.004000346
0.0046670126
0.0053336793
0.006000346
0.0066670126
0.0073336793
0.008000346
0.0086670126
0.0093336793
0.010000346
0.010667013
0.011333679
0.012000346
0.012667013
0.013333679
0.014000346
0.014667013
0.015333679
0.00039764254
0.0010643092
0.0017309759
0.0023976425
0.0030643092
0.0037309759
0.0043976425
0.0050643092
0.0057309759
0.0063976425
0.0070643092
0.0077309759
0.0083976425
0.0090643092
0.0097309759
0.010397643
0.011064309
0.011730976
0.012397643
0.013064309
0.013730976
0.014397643
0.015064309
0.015730976
0.00079493909
0.0014616058
0.0021282724
0.0027949391
0.0034616058
0.0041282724
0.0047949391
0.0054616058
0.0061282724
0.0067949391
0.0074616058
0.0081282724
0.0087949391
0.0094616058
0.010128272
0.010794939
0.011461606
0.012128272
0.012794939
0.013461606
0.014128272
0.014794939
0.015461606
0.016128272
0.0011184629
0.0017851296
0.0024517962
0.0031184629
0.0037851296
0.0044517962
0.0051184629
0.0057851296
0.0064517962
0.0071184629
0.0077851296
0.0084517962
0.0091184629
0.0097851296
0.010451796
0.011118463
0.01178513
0.012451796
0.013118463
0.01378513
0.014451796
0.015118463
0.01578513
0.016451796
0.001368214
0.0020348806
0.0027015473
0.003368214
0.0040348806
0.0047015473
0.005368214
0.0060348806
0.0067015473
0.007368214
0.0080348806
0.0087015473
0.009368214
0.010034881
0.010701547
0.011368214
0.012034881
0.012701547
0.013368214
0.014034881
0.014701547
0.015368214
0.016034881
0.016701547
0.001617965
0.0022846317
0.0029512983
0.003617965
0.0042846317
0.0049512983
0.005617965
0.0062846317
0.0069512983
0.007617965
0.0082846317
0.0089512983
0.009617965
0.010284632
0.010951298
0.011617965
0.012284632
0.012951298
0.013617965
0.014284632
0.014951298
0.015617965
0.016284632
0.016951298
0.0018677161
0.0025343827
0.0032010494
0.0038677161
0.0045343827
0.0052010494
0.0058677161
0.0065343827
0.0072010494
0.0078677161
0.0085343827
0.0092010494
0.0098677161
0.010534383
0.011201049
0.011867716
0.012534383
0.013201049
0.013867716
0.014534383
0.015201049
0.015867716
0.016534383
0.017201049
0.0020351843
0.002701851
0.0033685176
0.0040351843
0.004701851
0.0053685176
0.0060351843
0.006701851
0.0073685176
0.0080351843
0.008701851
0.0093685176
0.010035184
0.010701851
0.011368518
0.012035184
0.012701851
0.013368518
0.014035184
0.014701851
0.015368518
0.016035184
0.016701851
0.017368518
0.0021203697
0.0027870364
0.0034537031
0.0041203697
0.0047870364
0.0054537031
0.0061203697
0.0067870364
0.0074537031
0.0081203697
0.0087870364
0.0094537031
0.01012037
0.010787036
0.011453703
0.01212037
0.012787036
0.013453703
0.01412037
0.014787036
0.015453703
0.01612037
0.016787036
0.017453703
0.0022055552
0.0028722218
0.0035388885
0.0042055552
0.0048722218
0.0055388885
0.0062055552
0.0068722218
0.0075388885
0.0082055552
0.0088722218
0.0095388885
0.010205555
0.010872222
0.011538889
0.012205555
0.012872222
0.013538889
0.014205555
0.014872222
0.015538889
0.016205555
0.016872222
0.017538889
0.0022907406
0.0029574073
0.0036240739
0.0042907406
0.0049574073
0.0056240739
0.0062907406
0.0069574073
0.0076240739
0.0082907406
0.0089574073
0.0096240739
0.010290741
0.010957407
0.011624074
0.012290741
0.012957407
0.013624074
0.014290741
0.014957407
0.015624074
0.016290741
0.016957407
0.017624074
0.0022907406
0.0029574073
0.0036240739
0.0042907406
0.0049574073
0.0056240739
0.0062907406
0.0069574073
0.0076240739
0.0082907406
0.0089574073
0.0096240739
0.010290741
0.010957407
0.011624074
0.012290741
0.012957407
0.013624074
0.014290741
0.014957407
0.015624074
0.016290741
0.016957407
0.017624074
0.0022055552
0.0028722218
0.0035388885
0.0042055552
0.0048722218
0.0055388885
0.0062055552
0.0068722218
0.0075388885
0.0082055552
0.0088722218
0.0095388885
0.010205555
0.010872222
0.011538889
0.012205555
0.012872222
0.013538889
0.014205555
0.014872222
0.015538889
0.016205555
0.016872222
0.017538889
0.0021203697
0.0027870364
0.0034537031
0.0041203697
0.0047870364
0.0054537031
0.0061203697
0.0067870364
0.0074537031
0.0081203697
0.0087870364
0.0094537031
0.01012037
0.010787036
0.011453703
0.01212037
0.012787036
0.013453703
0.01412037
0.014787036
0.015453703
0.01612037
0.016787036
0.017453703
0.0020351843
0.002701851
0.0033685176
0.0040351843
0.004701851
0.0053685176
0.0060351843
0.006701851
0.0073685176
0.0080351843
0.008701851
0.0093685176
0.010035184
0.010701851
0.011368518
0.012035184
0.012701851
0.013368518
0.014035184
0.014701851
0.015368518
0.016035184
0.016701851
0.017368518
0.0018677161
0.0025343827
0.0032010494
0.0038677161
0.0045343827
0.0052010494
0.0058677161
0.0065343827
0.0072010494
0.0078677161
0.0085343827
0.0092010494
0.0098677161
0.010534383
0.011201049
0.011867716
0.012534383
0.013201049
0.013867716
0.014534383
0.015201049
0.015867716
0.016534383
0.017201049
0.001617965
0.0022846317
0.0029512983
0.003617965
0.0042846317
0.0049512983
0.005617965
0.0062846317
0.0069512983
0.007617965
0.0082846317
0.0089512983
0.009617965
0.010284632
0.010951298
0.011617965
0.012284632
0.012951298
0.013617965
0.014284632
0.014951298
0.015617965
0.016284632
0.016951298
0.001368214
0.0020348806
0.0027015473
0.003368214
0.0040348806
0.0047015473
0.005368214
0.0060348806
0.0067015473
0.007368214
0.0080348806
0.0087015473
0.009368214
0.010034881
0.010701547
0.011368214
0.012034881
0.012701547
0.013368214
0.014034881
0.014701547
0.015368214
0.016034881
0.016701547
0.0011184629
0.0017851296
0.0024517962
0.0031184629
0.0037851296
0.0044517962
0.0051184629
0.0057851296
0.0064517962
0.0071184629
0.0077851296
0.0084517962
0.0091184629
0.0097851296
0.010451796
0.011118463
0.01178513
0.012451796
0.013118463
0.01378513
0.014451796
0.015118463
0.01578513
0.016451796
0.00079493909
0.0014616058
0.0021282724
0.0027949391
0.0034616058
0.0041282724
0.0047949391
0.0054616058
0.0061282724
0.0067949391
0.0074616058
0.0081282724
0.0087949391
0.0094616058
0.010128272
0.010794939
0.011461606
0.012128272
0.012794939
0.013461606
0.014128272
0.014794939
0.015461606
0.016128272
0.00039764254
0.0010643092
0.0017309759
0.0023976425
0.0030643092
0.0037309759
0.0043976425
0.0050643092
0.0057309759
0.0063976425
0.0070643092
0.0077309759
0.0083976425
0.0090643092
0.0097309759
0.010397643
0.011064309
0.011730976
0.012397643
0.013064309
0.013730976
0.014397643
0.015064309
0.015730976
3.4597995e-07
0.00066701265
0.0013336793
0.002000346
0.0026670126
0.0033336793
0.004000346
0.0046670126
0.0053336793
0.006000346
0.0066670126
0.0073336793
0.008000346
0.0086670126
0.0093336793
0.010000346
0.010667013
0.011333679
0.012000346
0.012667013
0.013333679
0.014000346
0.014667013
0.015333679
-0.00039695058
0.00026971609
0.00093638276
0.0016030494
0.0022697161
0.0029363828
0.0036030494
0.0042697161
0.0049363828
0.0056030494
0.0062697161
0.0069363828
0.0076030494
0.0082697161
0.0089363828
0.0096030494
0.010269716
0.010936383
0.011603049
0.012269716
0.012936383
0.013603049
0.014269716
0.014936383
-0.00085448233
-0.00018781566
0.000478851
0.0011455177
0.0018121843
0.002478851
0.0031455177
0.0038121843
0.004478851
0.0051455177
0.0058121843
0.006478851
0.0071455177
0.0078121843
0.008478851
0.0091455177
0.0098121843
0.010478851
0.011145518
0.011812184
0.012478851
0.013145518
0.013812184
0.014478851
-0.0013722493
-0.00070558262
-3.8915952e-05
0.00062775072
0.0012944174
0.001961084
0.0026277507
0.0032944174
0.003961084
0.0046277507
0.0052944174
0.005961084
0.0066277507
0.0072944174
0.007961084
0.0086277507
0.0092944174
0.009961084
0.010627751
0.011294417
0.011961084
0.012627751
0.013294417
0.013961084
-0.0018900162
-0.0012233496
-0.0005566829
0.00010998376
0.00077665043
0.0014433171
0.0021099838
0.0027766504
0.0034433171
0.0041099838
0.0047766504
0.0054433171
0.0061099838
0.0067766504
0.0074433171
0.0081099838
0.0087766504
0.0094433171
0.010109984
0.01077665
0.011443317
0.012109984
0.01277665
0.013443317
-0.0024077832
-0.0017411165
-0.0010744499
-0.00040778319
0.00025888348
0.00092555014
0.0015922168
0.0022588835
0.0029255501
0.0035922168
0.0042588835
0.0049255501
0.0055922168
0.0062588835
0.0069255501
0.0075922168
0.0082588835
0.0089255501
0.0095922168
0.010258883
0.01092555
0.011592217
0.012258883
0.01292555
-0.0029681429
-0.0023014762
-0.0016348095
-0.00096814286
-0.00030147619
0.00036519047
0.0010318571
0.0016985238
0.0023651905
0.0030318571
0.0036985238
0.0043651905
0.0050318571
0.0056985238
0.0063651905
0.0070318571
0.0076985238
0.0083651905
0.0090318571
0.0096985238
0.01036519
0.011031857
0.011698524
0.01236519
-0.0035710952
-0.0029044286
-0.0022377619
-0.0015710952
-0.00090442858
-0.00023776191
0.00042890475
0.0010955714
0.0017622381
0.0024289048
0.0030955714
0.0037622381
0.0044289048
0.0050955714
0.0057622381
0.0064289048
0.0070955714
0.0077622381
0.0084289048
0.0090955714
0.0097622381
0.010428905
0.011095571
0.011762238
-0.0041740476
-0.003507381
-0.0028407143
-0.0021740476
-0.001507381
-0.0008407143
-0.00017404764
0.00049261903
0.0011592857
0.0018259524
0.002492619
0.0031592857
0.0038259524
0.004492619
0.0051592857
0.0058259524
0.006492619
0.0071592857
0.0078259524
0.008492619
0.0091592857
0.0098259524
0.010492619
0.011159286
-0.004777
-0.0041103334
-0.0034436667
-0.002777
-0.0021103334
-0.0014436667
-0.00077700002
-0.00011033336
0.00055633331
0.001223
0.0018896666
0.0025563333
0.003223
0.0038896666
0.0045563333
0.005223
0.0058896666
0.0065563333
0.007223
0.0078896666
0.0085563333
0.009223
0.0098896666
0.010556333
-0.005402
-0.0047353334
-0.0040686667
-0.003402
-0.0027353334
-0.0020686667
-0.001402
-0.00073533336
-6.8666689e-05
0.00059799998
0.0012646666
0.0019313333
0.002598
0.0032646666
0.0039313333
0.004598
0.0052646666
0.0059313333
0.006598
0.0072646666
0.0079313333
0.008598
0.0092646666
0.0099313333
-0.0060490476
-0.005382381
-0.0047157143
-0.0040490476
-0.003382381
-0.0027157143
-0.0020490476
-0.001382381
-0.0007157143
-4.9047635e-05
0.00061761903
0.0012842857
0.0019509524
0.002617619
0.0032842857
0.0039509524
0.004617619
0.0052842857
0.0059509524
0.006617619
0.0072842857
0.0079509524
0.008617619
0.0092842857
-0.0066960952
-0.0060294286
-0.0053627619
-0.0046960952
-0.0040294286
-0.0033627619
-0.0026960952
-0.0020294286
-0.0013627619
-0.00069609525
-2.9428581e-05
0.00063723809
0.0013039048
0.0019705714
0.0026372381
0.0033039048
0.0039705714
0.0046372381
0.0053039048
0.0059705714
0.0066372381
0.0073039048
0.0079705714
0.0086372381
-0.0073431429
-0.0066764762
-0.0060098095
-0.0053431429
-0.0046764762
-0.0040098095
-0.0033431429
-0.0026764762
-0.0020098095
-0.0013431429
-0.00067647619
-9.809527e-06
0.00065685714
0.0013235238
0.0019901905
0.0026568571
0.0033235238
0.0039901905
0.0046568571
0.0053235238
0.0059901905
0.0066568571
0.0073235238
0.0079901905
-0.0079901905
-0.0073235238
-0.0066568571
-0.0059901905
-0.0053235238
-0.0046568571
-0.0039901905
-0.0033235238
-0.0026568571
-0.0019901905
-0.0013235238
-0.00065685714
9.809527e-06
0.00067647619
0.0013431429
0.0020098095
0.0026764762
0.0033431429
0.0040098095
0.0046764762
0.0053431429
0.0060098095
0.0066764762
0.0073431429
-0.0086372381
-0.0079705714
-0.0073039048
-0.0066372381
-0.0059705714
-0.0053039048
-0.0046372381
-0.0039705714
-0.0033039048
-0.0026372381
-0.0019705714
-0.0013039048
-0.00063723809
2.9428581e-05
0.00069609525
0.0013627619
0.0020294286
0.0026960952
0.0033627619
0.0040294286
0.0046960952
0.0053627619
0.0060294286
0.0066960952
-0.0092842857
-0.008617619
-0.0079509524
-0.0072842857
-0.006617619
-0.0059509524
-0.0052842857
-0.004617619
-0.0039509524
-0.0032842857
-0.002617619
-0.0019509524
-0.0012842857
-0.00061761903
4.9047635e-05
0.0007157143
0.001382381
0.0020490476
0.0027157143
0.003382381
0.0040490476
0.0047157143
0.005382381
0.0060490476
-0.0099313333
-0.0092646666
-0.008598
-0.0079313333
-0.0072646666
-0.006598
-0.0059313333
-0.0052646666
-0.004598
-0.0039313333
-0.0032646666
-0.002598
-0.0019313333
-0.0012646666
-0.00059799998
6.8666689e-05
0.00073533336
0.001402
0.0020686667
0.0027353334
0.003402
0.0040686667
0.0047353334
0.005402
-0.010556333
-0.0098896666
-0.009223
-0.0085563333
-0.0078896666
-0.007223
-0.0065563333
-0.0058896666
-0.005223
-0.0045563333
-0.0038896666
-0.003223
-0.0025563333
-0.0018896666
-0.001223
-0.00055633331
0.00011033336
0.00077700002
0.0014436667
0.0021103334
0.002777
0.0034436667
0.0041103334
0.004777
-0.011159286
-0.010492619
-0.0098259524
-0.0091592857
-0.008492619
-0.0078259524
-0.0071592857
-0.006492619
-0.0058259524
-0.0051592857
-0.004492619
-0.0038259524
-0.0031592857
-0.002492619
-0.0018259524
-0.0011592857
-0.00049261903
0.00017404764
0.0008407143
0.001507381
0.0021740476
0.0028407143
0.003507381
0.0041740476
-0.011762238
-0.011095571
-0.010428905
-0.0097622381
-0.0090955714
-0.0084289048
-0.0077622381
-0.0070955714
-0.0064289048
-0.0057622381
-0.0050955714
-0.0044289048
-0.0037622381
-0.0030955714
-0.0024289048
-0.0017622381
-0.0010955714
-0.00042890475
0.00023776191
0.00090442858
0.0015710952
0.0022377619
0.0029044286
0.0035710952
-0.01236519
-0.011698524
-0.011031857
-0.01036519
-0.0096985238
-0.0090318571
-0.0083651905
-0.0076985238
-0.0070318571
-0.0063651905
-0.0056985238
-0.0050318571
-0.0043651905
-0.0036985238
-0.0030318571
-0.0023651905
-0.0016985238
-0.0010318571
-0.00036519047
0.00030147619
0.00096814286
0.0016348095
0.0023014762
0.0029681429
-0.01292555
-0.012258883
-0.011592217
-0.01092555
-0.010258883
-0.0095922168
-0.0089255501
-0.0082588835
-0.0075922168
-0.0069255501
-0.0062588835
-0.0055922168
-0.0049255501
-0.0042588835
-0.0035922168
-0.0029255501
-0.0022588835
-0.0015922168
-0.00092555014
-0.00025888348
0.00040778319
0.0010744499
0.0017411165
0.0024077832
-0.013443317
-0.01277665
-0.012109984
-0.011443317
-0.01077665
-0.010109984
-0.0094433171
-0.0087766504
-0.0081099838
-0.0074433171
-0.0067766504
-0.0061099838
-0.0054433171
-0.0047766504
-0.0041099838
-0.0034433171
-0.0027766504
-0.0021099838
-0.0014433171
-0.00077665043
-0.00010998376
0.0005566829
0.0012233496
0.0018900162
-0.013961084
-0.013294417
-0.012627751
-0.011961084
-0.011294417
-0.010627751
-0.009961084
-0.0092944174
-0.0086277507
-0.007961084
-0.0072944174
-0.0066277507
-0.005961084
-0.0052944174
-0.0046277507
-0.003961084
-0.0032944174
-0.0026277507
-0.001961084
-0.0012944174
-0.00062775072
3.8915951e-05
0.00070558262
0.0013722493
-0.014478851
-0.013812184
-0.013145518
-0.012478851
-0.011812184
-0.011145518
-0.010478851
-0.0098121843
-0.0091455177
-0.008478851
-0.0078121843
-0.0071455177
-0.006478851
-0.0058121843
-0.0051455177
-0.004478851
-0.0038121843
-0.0031455177
-0.002478851
-0.0018121843
-0.0011455177
-0.000478851
0.00018781566
0.00085448233
-0.014936383
-0.014269716
-0.013603049
-0.012936383
-0.012269716
-0.011603049
-0.010936383
-0.010269716
-0.0096030494
-0.0089363828
-0.0082697161
-0.0076030494
-0.0069363828
-0.0062697161
-0.0056030494
-0.0049363828
-0.0042697161
-0.0036030494
-0.0029363828
-0.0022697161
-0.0016030494
-0.00093638276
-0.00026971609
0.00039695058
-0.015333679
-0.014667013
-0.014000346
-0.013333679
-0.012667013
-0.012000346
-0.011333679
-0.010667013
-0.010000346
-0.0093336793
-0.0086670126
-0.008000346
-0.0073336793
-0.0066670126
-0.006000346
-0.0053336793
-0.0046670126
-0.004000346
-0.0033336793
-0.0026670126
-0.002000346
-0.0013336793
-0.00066701265
-3.4597944e-07
-0.015730976
-0.015064309
-0.014397643
-0.013730976
-0.013064309
-0.012397643
-0.011730976
-0.011064309
-0.010397643
-0.0097309759
-0.0090643092
-0.0083976425
-0.0077309759
-0.0070643092
-0.0063976425
-0.0057309759
-0.0050643092
-0.0043976425
-0.0037309759
-0.0030643092
-0.0023976425
-0.0017309759
-0.0010643092
-0.00039764254
-0.016128272
-0.015461606
-0.014794939
-0.014128272
-0.013461606
-0.012794939
-0.012128272
-0.011461606
-0.010794939
-0.010128272
-0.0094616058
-0.0087949391
-0.0081282724
-0.0074616058
-0.0067949391
-0.0061282724
-0.0054616058
-0.0047949391
-0.0041282724
-0.0034616058
-0.0027949391
-0.0021282724
-0.0014616058
-0.00079493909
-0.016451796
-0.01578513
-0.015118463
-0.014451796
-0.01378513
-0.013118463
-0.012451796
-0.01178513
-0.011118463
-0.010451796
-0.0097851296
-0.0091184629
-0.0084517962
-0.0077851296
-0.0071184629
-0.0064517962
-0.0057851296
-0.0051184629
-0.0044517962
-0.0037851296
-0.0031184629
-0.0024517962
-0.0017851296
-0.0011184629
-0.016701547
-0.016034881
-0.015368214
-0.014701547
-0.014034881
-0.013368214
-0.012701547
-0.012034881
-0.011368214
-0.010701547
-0.010034881
-0.009368214
-0.0087015473
-0.0080348806
-0.007368214
-0.0067015473
-0.0060348806
-0.005368214
-0.0047015473
-0.0040348806
-0.003368214
-0.0027015473
-0.0020348806
-0.001368214
-0.016951298
-0.016284632
-0.015617965
-0.014951298
-0.014284632
-0.013617965
-0.012951298
-0.012284632
-0.011617965
-0.010951298
-0.010284632
-0.009617965
-0.0089512983
-0.0082846317
-0.007617965
-0.0069512983
-0.0062846317
-0.005617965
-0.0049512983
-0.0042846317
-0.003617965
-0.0029512983
-0.0022846317
-0.001617965
-0.017201049
-0.016534383
-0.015867716
-0.015201049
-0.014534383
-0.013867716
-0.013201049
-0.012534383
-0.011867716
-0.011201049
-0.010534383
-0.0098677161
-0.0092010494
-0.0085343827
-0.0078677161
-0.0072010494
-0.0065343827
-0.0058677161
-0.0052010494
-0.0045343827
-0.0038677161
-0.0032010494
-0.0025343827
-0.0018677161
-0.017368518
-0.016701851
-0.016035184
-0.015368518
-0.014701851
-0.014035184
-0.013368518
-0.012701851
-0.012035184
-0.011368518
-0.010701851
-0.010035184
-0.0093685176
-0.008701851
-0.0080351843
-0.0073685176
-0.006701851
-0.0060351843
-0.0053685176
-0.004701851
-0.0040351843
-0.0033685176
-0.002701851
-0.0020351843
-0.017453703
-0.016787036
-0.01612037
-0.015453703
-0.014787036
-0.01412037
-0.013453703
-0.012787036
-0.01212037
-0.011453703
-0.010787036
-0.01012037
-0.0094537031
-0.0087870364
-0.0081203697
-0.0074537031
-0.0067870364
-0.0061203697
-0.0054537031
-0.0047870364
-0.0041203697
-0.0034537031
-0.0027870364
-0.0021203697
-0.017538889
-0.016872222
-0.016205555
-0.015538889
-0.014872222
-0.014205555
-0.013538889
-0.012872222
-0.012205555
-0.011538889
-0.010872222
-0.010205555
-0.0095388885
-0.0088722218
-0.0082055552
-0.0075388885
-0.0068722218
-0.0062055552
-0.0055388885
-0.0048722218
-0.0042055552
-0.0035388885
-0.0028722218
-0.0022055552
-0.017624074
-0.016957407
-0.016290741
-0.015624074
-0.014957407
-0.014290741
-0.013624074
-0.012957407
-0.012290741
-0.011624074
-0.010957407
-0.010290741
-0.0096240739
-0.0089574073
-0.0082907406
-0.0076240739
-0.0069574073
-0.0062907406
-0.0056240739
-0.0049574073
-0.0042907406
-0.0036240739
-0.0029574073
-0.0022907406
-0.017624074
-0.016957407
-0.016290741
-0.015624074
-0.014957407
-0.014290741
-0.013624074
-0.012957407
-0.012290741
-0.011624074
-0.010957407
-0.010290741
-0.0096240739
-0.0089574073
-0.0082907406
-0.0076240739
-0.0069574073
-0.0062907406
-0.0056240739
-0.0049574073
-0.0042907406
-0.0036240739
-0.0029574073
-0.0022907406
-0.017538889
-0.016872222
-0.016205555
-0.015538889
-0.014872222
-0.014205555
-0.013538889
-0.012872222
-0.012205555
-0.011538889
-0.010872222
-0.010205555
-0.0095388885
-0.0088722218
-0.0082055552
-0.0075388885
-0.0068722218
-0.0062055552
-0.0055388885
-0.0048722219
-0.0042055552
-0.0035388885
-0.0028722218
-0.0022055552
-0.017453703
-0.016787036
-0.01612037
-0.015453703
-0.014787036
-0.01412037
-0.013453703
-0.012787036
-0.01212037
-0.011453703
-0.010787036
-0.01012037
-0.0094537031
-0.0087870364
-0.0081203697
-0.0074537031
-0.0067870364
-0.0061203697
-0.0054537031
-0.0047870364
-0.0041203697
-0.0034537031
-0.0027870364
-0.0021203697
-0.017368518
-0.016701851
-0.016035184
-0.015368518
-0.014701851
-0.014035184
-0.013368518
-0.012701851
-0.012035184
-0.011368518
-0.010701851
-0.010035184
-0.0093685176
-0.008701851
-0.0080351843
-0.0073685176
-0.006701851
-0.0060351843
-0.0053685176
-0.004701851
-0.0040351843
-0.0033685176
-0.002701851
-0.0020351843
-0.017201049
-0.016534383
-0.015867716
-0.015201049
-0.014534383
-0.013867716
-0.013201049
-0.012534383
-0.011867716
-0.011201049
-0.010534383
-0.0098677161
-0.0092010494
-0.0085343827
-0.0078677161
-0.0072010494
-0.0065343827
-0.0058677161
-0.0052010494
-0.0045343827
-0.0038677161
-0.0032010494
-0.0025343827
-0.0018677161
-0.016951298
-0.016284632
-0.015617965
-0.014951298
-0.014284632
-0.013617965
-0.012951298
-0.012284632
-0.011617965
-0.010951298
-0.010284632
-0.009617965
-0.0089512983
-0.0082846317
-0.007617965
-0.0069512983
-0.0062846317
-0.005617965
-0.0049512983
-0.0042846317
-0.003617965
-0.0029512983
-0.0022846317
-0.001617965
-0.016701547
-0.016034881
-0.015368214
-0.014701547
-0.014034881
-0.013368214
-0.012701547
-0.012034881
-0.011368214
-0.010701547
-0.010034881
-0.009368214
-0.0087015473
-0.0080348806
-0.007368214
-0.0067015473
-0.0060348806
-0.005368214
-0.0047015473
-0.0040348806
-0.003368214
-0.0027015473
-0.0020348806
-0.001368214
-0.016451796
-0.01578513
-0.015118463
-0.014451796
-0.01378513
-0.013118463
-0.012451796
-0.01178513
-0.011118463
-0.010451796
-0.0097851296
-0.0091184629
-0.0084517962
-0.0077851296
-0.0071184629
-0.0064517962
-0.0057851296
-0.0051184629
-0.0044517962
-0.0037851296
-0.0031184629
-0.0024517962
-0.0017851296
-0.0011184629
-0.016128272
-0.015461606
-0.014794939
-0.014128272
-0.013461606
-0.012794939
-0.012128272
-0.011461606
-0.010794939
-0.010128272
-0.0094616058
-0.0087949391
-0.0081282724
-0.0074616058
-0.0067949391
-0.0061282724
-0.0054616058
-0.0047949391
-0.0041282724
-0.0034616058
-0.0027949391
-0.0021282724
-0.0014616058
-0.00079493909
-0.015730976
-0.015064309
-0.014397643
-0.013730976
-0.013064309
-0.012397643
-0.011730976
-0.011064309
-0.010397643
-0.0097309759
-0.0090643092
-0.0083976425
-0.0077309759
-0.0070643092
-0.0063976425
-0.0057309759
-0.0050643092
-0.0043976425
-0.0037309759
-0.0030643092
-0.0023976425
-0.0017309759
-0.0010643092
-0.00039764254
-0.015333679
-0.014667013
-0.014000346
-0.013333679
-0.012667013
-0.012000346
-0.011333679
-0.010667013
-0.010000346
-0.0093336793
-0.0086670126
-0.008000346
-0.0073336793
-0.0066670126
-0.006000346
-0.0053336793
-0.0046670126
-0.004000346
-0.0033336793
-0.0026670126
-0.002000346
-0.0013336793
-0.00066701265
-3.45981e-07
-0.014936383
-0.014269716
-0.013603049
-0.012936383
-0.012269716
-0.011603049
-0.010936383
-0.010269716
-0.0096030494
-0.0089363828
-0.0082697161
-0.0076030494
-0.0069363828
-0.0062697161
-0.0056030494
-0.0049363828
-0.0042697161
-0.0036030494
-0.0029363828
-0.0022697161
-0.0016030494
-0.00093638276
-0.00026971609
0.00039695058
-0.014478851
-0.013812184
-0.013145518
-0.012478851
-0.011812184
-0.011145518
-0.010478851
-0.0098121843
-0.0091455177
-0.008478851
-0.0078121843
-0.0071455177
-0.006478851
-0.0058121843
-0.0051455177
-0.004478851
-0.0038121843
-0.0031455177
-0.002478851
-0.0018121843
-0.0011455177
-0.000478851
0.00018781566
0.00085448233
-0.013961084
-0.013294417
-0.012627751
-0.011961084
-0.011294417
-0.010627751
-0.0099610841
-0.0092944174
-0.0086277507
-0.007961084
-0.0072944174
-0.0066277507
-0.005961084
-0.0052944174
-0.0046277507
-0.003961084
-0.0032944174
-0.0026277507
-0.001961084
-0.0012944174
-0.00062775071
3.891595e-05
0.00070558262
0.0013722493
-0.013443317
-0.01277665
-0.012109984
-0.011443317
-0.01077665
-0.010109984
-0.0094433171
-0.0087766504
-0.0081099838
-0.0074433171
-0.0067766504
-0.0061099838
-0.0054433171
-0.0047766504
-0.0041099838
-0.0034433171
-0.0027766504
-0.0021099838
-0.0014433171
-0.00077665043
-0.00010998376
0.0005566829
0.0012233496
0.0018900162
-0.01292555
-0.012258883
-0.011592217
-0.01092555
-0.010258883
-0.0095922168
-0.0089255501
-0.0082588835
-0.0075922168
-0.0069255501
-0.0062588835
-0.0055922168
-0.0049255501
-0.0042588835
-0.0035922168
-0.0029255501
-0.0022588835
-0.0015922168
-0.00092555014
-0.00025888348
0.00040778319
0.0010744499
0.0017411165
0.0024077832
-0.01236519
-0.011698524
-0.011031857
-0.01036519
-0.0096985238
-0.0090318571
-0.0083651905
-0.0076985238
-0.0070318571
-0.0063651905
-0.0056985238
-0.0050318571
-0.0043651905
-0.0036985238
-0.0030318571
-0.0023651905
-0.0016985238
-0.0010318571
-0.00036519047
0.00030147619
0.00096814286
0.0016348095
0.0023014762
0.0029681429
-0.011762238
-0.011095571
-0.010428905
-0.0097622381
-0.0090955714
-0.0084289048
-0.0077622381
-0.0070955714
-0.0064289048
-0.0057622381
-0.0050955714
-0.0044289048
-0.0037622381
-0.0030955714
-0.0024289048
-0.0017622381
-0.0010955714
-0.00042890475
0.00023776191
0.00090442858
0.0015710952
0.0022377619
0.0029044286
0.0035710952
-0.011159286
-0.010492619
-0.0098259524
-0.0091592857
-0.008492619
-0.0078259524
-0.0071592857
-0.006492619
-0.0058259524
-0.0051592857
-0.004492619
-0.0038259524
-0.0031592857
-0.002492619
-0.0018259524
-0.0011592857
-0.00049261903
0.00017404763
0.0008407143
0.001507381
0.0021740476
0.0028407143
0.003507381
0.0041740476
-0.010556333
-0.0098896666
-0.009223
-0.0085563333
-0.0078896666
-0.007223
-0.0065563333
-0.0058896666
-0.005223
-0.0045563333
-0.0038896666
-0.003223
-0.0025563333
-0.0018896666
-0.001223
-0.00055633331
0.00011033336
0.00077700002
0.0014436667
0.0021103334
0.002777
0.0034436667
0.0041103334
0.004777
-0.0099313333
-0.0092646666
-0.008598
-0.0079313333
-0.0072646666
-0.006598
-0.0059313333
-0.0052646666
-0.004598
-0.0039313333
-0.0032646666
-0.002598
-0.0019313333
-0.0012646666
-0.00059799998
6.8666689e-05
0.00073533336
0.001402
0.0020686667
0.0027353334
0.003402
0.0040686667
0.0047353334
0.005402
-0.0092842857
-0.008617619
-0.0079509524
-0.0072842857
-0.006617619
-0.0059509524
-0.0052842857
-0.004617619
-0.0039509524
-0.0032842857
-0.002617619
-0.0019509524
-0.0012842857
-0.00061761903
4.9047635e-05
0.0007157143
0.001382381
0.0020490476
0.0027157143
0.003382381
0.0040490476
0.0047157143
0.005382381
0.0060490476
-0.0086372381
-0.0079705714
-0.0073039048
-0.0066372381
-0.0059705714
-0.0053039048
-0.0046372381
-0.0039705714
-0.0033039048
-0.0026372381
-0.0019705714
-0.0013039048
-0.00063723809
2.9428581e-05
0.00069609525
0.0013627619
0.0020294286
0.0026960952
0.0033627619
0.0040294286
0.0046960952
0.0053627619
0.0060294286
0.0066960952
-0.0079901905
-0.0073235238
-0.0066568571
-0.0059901905
-0.0053235238
-0.0046568571
-0.0039901905
-0.0033235238
-0.0026568571
-0.0019901905
-0.0013235238
-0.00065685714
9.809527e-06
0.00067647619
0.0013431429
0.0020098095
0.0026764762
0.0033431429
0.0040098095
0.0046764762
0.0053431429
0.0060098095
0.0066764762
0.0073431429
)
;
    }
    side_walls
    {
        type            calculated;
        value           nonuniform List<scalar> 
4608
(
-0.0076764771
-0.0076764771
-0.0076764771
-0.0076764771
-0.0076764771
-0.0076764771
-0.0076764771
-0.0076764771
-0.0076764772
-0.0076764772
-0.0076764772
-0.0076764772
-0.0076764772
-0.0076764772
-0.0076764772
-0.0076764772
-0.0076764773
-0.0076764773
-0.0076764773
-0.0076764773
-0.0076764773
-0.0076764773
-0.0076764774
-0.0076764774
-0.0070294289
-0.0070294289
-0.0070294289
-0.0070294289
-0.0070294289
-0.0070294289
-0.0070294289
-0.0070294289
-0.0070294289
-0.0070294289
-0.0070294289
-0.0070294289
-0.0070294289
-0.0070294289
-0.0070294289
-0.0070294289
-0.0070294289
-0.0070294289
-0.0070294289
-0.007029429
-0.007029429
-0.007029429
-0.007029429
-0.007029429
-0.0063823807
-0.0063823807
-0.0063823807
-0.0063823807
-0.0063823807
-0.0063823807
-0.0063823807
-0.0063823807
-0.0063823806
-0.0063823806
-0.0063823806
-0.0063823806
-0.0063823806
-0.0063823806
-0.0063823806
-0.0063823806
-0.0063823806
-0.0063823806
-0.0063823806
-0.0063823806
-0.0063823806
-0.0063823806
-0.0063823806
-0.0063823806
-0.0057353325
-0.0057353325
-0.0057353325
-0.0057353325
-0.0057353324
-0.0057353324
-0.0057353324
-0.0057353324
-0.0057353324
-0.0057353324
-0.0057353324
-0.0057353324
-0.0057353323
-0.0057353323
-0.0057353323
-0.0057353323
-0.0057353323
-0.0057353323
-0.0057353323
-0.0057353322
-0.0057353322
-0.0057353322
-0.0057353322
-0.0057353322
0.0083235229
0.0083235229
0.0083235229
0.0083235229
0.0083235229
0.0083235229
0.0083235229
0.0083235229
0.0083235228
0.0083235228
0.0083235228
0.0083235228
0.0083235228
0.0083235228
0.0083235228
0.0083235228
0.0083235227
0.0083235227
0.0083235227
0.0083235227
0.0083235227
0.0083235227
0.0083235226
0.0083235226
0.0089705711
0.0089705711
0.0089705711
0.0089705711
0.0089705711
0.0089705711
0.0089705711
0.0089705711
0.0089705711
0.0089705711
0.0089705711
0.0089705711
0.0089705711
0.0089705711
0.0089705711
0.0089705711
0.0089705711
0.0089705711
0.0089705711
0.008970571
0.008970571
0.008970571
0.008970571
0.008970571
0.0096176193
0.0096176193
0.0096176193
0.0096176193
0.0096176193
0.0096176193
0.0096176193
0.0096176193
0.0096176194
0.0096176194
0.0096176194
0.0096176194
0.0096176194
0.0096176194
0.0096176194
0.0096176194
0.0096176194
0.0096176194
0.0096176194
0.0096176194
0.0096176194
0.0096176194
0.0096176194
0.0096176194
0.010264668
0.010264668
0.010264668
0.010264668
0.010264668
0.010264668
0.010264668
0.010264668
0.010264668
0.010264668
0.010264668
0.010264668
0.010264668
0.010264668
0.010264668
0.010264668
0.010264668
0.010264668
0.010264668
0.010264668
0.010264668
0.010264668
0.010264668
0.010264668
-0.0051103341
-0.0051103341
-0.0051103341
-0.0051103341
-0.0051103341
-0.0051103341
-0.0051103341
-0.0051103341
-0.0051103341
-0.0051103341
-0.0051103342
-0.0051103342
-0.0051103342
-0.0051103342
-0.0051103342
-0.0051103342
-0.0051103342
-0.0051103342
-0.0051103342
-0.0051103343
-0.0051103343
-0.0051103343
-0.0051103343
-0.0051103343
-0.0045073812
-0.0045073812
-0.0045073812
-0.0045073812
-0.0045073812
-0.0045073812
-0.0045073812
-0.0045073812
-0.0045073812
-0.0045073812
-0.0045073812
-0.0045073812
-0.0045073812
-0.0045073812
-0.0045073812
-0.0045073813
-0.0045073813
-0.0045073813
-0.0045073813
-0.0045073813
-0.0045073813
-0.0045073813
-0.0045073813
-0.0045073813
-0.0039044283
-0.0039044283
-0.0039044283
-0.0039044283
-0.0039044283
-0.0039044283
-0.0039044283
-0.0039044283
-0.0039044283
-0.0039044283
-0.0039044283
-0.0039044283
-0.0039044283
-0.0039044283
-0.0039044283
-0.0039044283
-0.0039044283
-0.0039044283
-0.0039044283
-0.0039044283
-0.0039044283
-0.0039044283
-0.0039044283
-0.0039044283
-0.0033014755
-0.0033014755
-0.0033014755
-0.0033014755
-0.0033014755
-0.0033014754
-0.0033014754
-0.0033014754
-0.0033014754
-0.0033014754
-0.0033014754
-0.0033014754
-0.0033014754
-0.0033014754
-0.0033014753
-0.0033014753
-0.0033014753
-0.0033014753
-0.0033014753
-0.0033014753
-0.0033014753
-0.0033014753
-0.0033014752
-0.0033014752
0.010889666
0.010889666
0.010889666
0.010889666
0.010889666
0.010889666
0.010889666
0.010889666
0.010889666
0.010889666
0.010889666
0.010889666
0.010889666
0.010889666
0.010889666
0.010889666
0.010889666
0.010889666
0.010889666
0.010889666
0.010889666
0.010889666
0.010889666
0.010889666
0.011492619
0.011492619
0.011492619
0.011492619
0.011492619
0.011492619
0.011492619
0.011492619
0.011492619
0.011492619
0.011492619
0.011492619
0.011492619
0.011492619
0.011492619
0.011492619
0.011492619
0.011492619
0.011492619
0.011492619
0.011492619
0.011492619
0.011492619
0.011492619
0.012095572
0.012095572
0.012095572
0.012095572
0.012095572
0.012095572
0.012095572
0.012095572
0.012095572
0.012095572
0.012095572
0.012095572
0.012095572
0.012095572
0.012095572
0.012095572
0.012095572
0.012095572
0.012095572
0.012095572
0.012095572
0.012095572
0.012095572
0.012095572
0.012698525
0.012698525
0.012698525
0.012698525
0.012698525
0.012698525
0.012698525
0.012698525
0.012698525
0.012698525
0.012698525
0.012698525
0.012698525
0.012698525
0.012698525
0.012698525
0.012698525
0.012698525
0.012698525
0.012698525
0.012698525
0.012698525
0.012698525
0.012698525
-0.002741117
-0.002741117
-0.002741117
-0.002741117
-0.002741117
-0.002741117
-0.002741117
-0.002741117
-0.002741117
-0.002741117
-0.002741117
-0.002741117
-0.002741117
-0.0027411171
-0.0027411171
-0.0027411171
-0.0027411171
-0.0027411171
-0.0027411171
-0.0027411171
-0.0027411171
-0.0027411171
-0.0027411171
-0.0027411171
-0.0022233497
-0.0022233497
-0.0022233497
-0.0022233497
-0.0022233497
-0.0022233497
-0.0022233497
-0.0022233497
-0.0022233497
-0.0022233497
-0.0022233497
-0.0022233497
-0.0022233497
-0.0022233497
-0.0022233498
-0.0022233498
-0.0022233498
-0.0022233498
-0.0022233498
-0.0022233498
-0.0022233498
-0.0022233498
-0.0022233498
-0.0022233498
-0.0017055825
-0.0017055825
-0.0017055825
-0.0017055825
-0.0017055825
-0.0017055825
-0.0017055825
-0.0017055825
-0.0017055825
-0.0017055824
-0.0017055824
-0.0017055824
-0.0017055824
-0.0017055824
-0.0017055824
-0.0017055824
-0.0017055824
-0.0017055824
-0.0017055824
-0.0017055824
-0.0017055824
-0.0017055824
-0.0017055824
-0.0017055824
-0.0011878152
-0.0011878152
-0.0011878152
-0.0011878152
-0.0011878152
-0.0011878152
-0.0011878152
-0.0011878152
-0.0011878152
-0.0011878152
-0.0011878152
-0.0011878151
-0.0011878151
-0.0011878151
-0.0011878151
-0.0011878151
-0.0011878151
-0.0011878151
-0.0011878151
-0.0011878151
-0.0011878151
-0.0011878151
-0.0011878151
-0.0011878151
0.013258883
0.013258883
0.013258883
0.013258883
0.013258883
0.013258883
0.013258883
0.013258883
0.013258883
0.013258883
0.013258883
0.013258883
0.013258883
0.013258883
0.013258883
0.013258883
0.013258883
0.013258883
0.013258883
0.013258883
0.013258883
0.013258883
0.013258883
0.013258883
0.01377665
0.01377665
0.01377665
0.01377665
0.01377665
0.01377665
0.01377665
0.01377665
0.01377665
0.01377665
0.01377665
0.01377665
0.01377665
0.01377665
0.01377665
0.01377665
0.01377665
0.01377665
0.01377665
0.01377665
0.01377665
0.01377665
0.01377665
0.01377665
0.014294418
0.014294418
0.014294418
0.014294418
0.014294418
0.014294418
0.014294418
0.014294418
0.014294418
0.014294418
0.014294418
0.014294418
0.014294418
0.014294418
0.014294418
0.014294418
0.014294418
0.014294418
0.014294418
0.014294418
0.014294418
0.014294418
0.014294418
0.014294418
0.014812185
0.014812185
0.014812185
0.014812185
0.014812185
0.014812185
0.014812185
0.014812185
0.014812185
0.014812185
0.014812185
0.014812185
0.014812185
0.014812185
0.014812185
0.014812185
0.014812185
0.014812185
0.014812185
0.014812185
0.014812185
0.014812185
0.014812185
0.014812185
-0.00073028411
-0.00073028412
-0.00073028412
-0.00073028412
-0.00073028413
-0.00073028413
-0.00073028413
-0.00073028413
-0.00073028414
-0.00073028414
-0.00073028414
-0.00073028415
-0.00073028415
-0.00073028415
-0.00073028416
-0.00073028416
-0.00073028416
-0.00073028417
-0.00073028417
-0.00073028417
-0.00073028418
-0.00073028418
-0.00073028419
-0.00073028419
-0.00033298742
-0.00033298742
-0.00033298742
-0.00033298742
-0.00033298743
-0.00033298743
-0.00033298743
-0.00033298743
-0.00033298743
-0.00033298743
-0.00033298743
-0.00033298743
-0.00033298743
-0.00033298743
-0.00033298744
-0.00033298744
-0.00033298744
-0.00033298744
-0.00033298744
-0.00033298744
-0.00033298744
-0.00033298744
-0.00033298745
-0.00033298745
6.4309271e-05
6.4309272e-05
6.4309273e-05
6.4309274e-05
6.4309275e-05
6.4309276e-05
6.4309277e-05
6.4309278e-05
6.4309279e-05
6.430928e-05
6.4309281e-05
6.4309282e-05
6.4309283e-05
6.4309284e-05
6.4309285e-05
6.4309286e-05
6.4309288e-05
6.4309289e-05
6.430929e-05
6.4309291e-05
6.4309293e-05
6.4309294e-05
6.4309295e-05
6.4309297e-05
0.00046160596
0.00046160597
0.00046160597
0.00046160597
0.00046160598
0.00046160598
0.00046160598
0.00046160598
0.00046160599
0.00046160599
0.00046160599
0.000461606
0.000461606
0.000461606
0.00046160601
0.00046160601
0.00046160601
0.00046160602
0.00046160602
0.00046160602
0.00046160603
0.00046160603
0.00046160604
0.00046160604
0.015269716
0.015269716
0.015269716
0.015269716
0.015269716
0.015269716
0.015269716
0.015269716
0.015269716
0.015269716
0.015269716
0.015269716
0.015269716
0.015269716
0.015269716
0.015269716
0.015269716
0.015269716
0.015269716
0.015269716
0.015269716
0.015269716
0.015269716
0.015269716
0.015667013
0.015667013
0.015667013
0.015667013
0.015667013
0.015667013
0.015667013
0.015667013
0.015667013
0.015667013
0.015667013
0.015667013
0.015667013
0.015667013
0.015667013
0.015667013
0.015667013
0.015667013
0.015667013
0.015667013
0.015667013
0.015667013
0.015667013
0.015667013
0.016064309
0.016064309
0.016064309
0.016064309
0.016064309
0.016064309
0.016064309
0.016064309
0.016064309
0.016064309
0.016064309
0.016064309
0.016064309
0.016064309
0.016064309
0.016064309
0.016064309
0.016064309
0.016064309
0.016064309
0.016064309
0.016064309
0.016064309
0.016064309
0.016461606
0.016461606
0.016461606
0.016461606
0.016461606
0.016461606
0.016461606
0.016461606
0.016461606
0.016461606
0.016461606
0.016461606
0.016461606
0.016461606
0.016461606
0.016461606
0.016461606
0.016461606
0.016461606
0.016461606
0.016461606
0.016461606
0.016461606
0.016461606
0.00078512951
0.00078512951
0.00078512951
0.00078512951
0.00078512951
0.00078512951
0.00078512951
0.00078512951
0.00078512951
0.00078512951
0.00078512951
0.00078512951
0.00078512951
0.0007851295
0.0007851295
0.0007851295
0.0007851295
0.0007851295
0.0007851295
0.0007851295
0.0007851295
0.0007851295
0.0007851295
0.0007851295
0.0010348806
0.0010348806
0.0010348806
0.0010348806
0.0010348806
0.0010348806
0.0010348806
0.0010348806
0.0010348806
0.0010348806
0.0010348806
0.0010348806
0.0010348806
0.0010348806
0.0010348806
0.0010348806
0.0010348806
0.0010348806
0.0010348806
0.0010348806
0.0010348806
0.0010348806
0.0010348806
0.0010348806
0.0012846317
0.0012846317
0.0012846317
0.0012846317
0.0012846317
0.0012846317
0.0012846317
0.0012846317
0.0012846317
0.0012846317
0.0012846317
0.0012846317
0.0012846317
0.0012846317
0.0012846317
0.0012846317
0.0012846317
0.0012846317
0.0012846317
0.0012846317
0.0012846317
0.0012846317
0.0012846317
0.0012846317
0.0015343828
0.0015343828
0.0015343828
0.0015343828
0.0015343828
0.0015343828
0.0015343828
0.0015343828
0.0015343828
0.0015343828
0.0015343828
0.0015343828
0.0015343828
0.0015343828
0.0015343828
0.0015343828
0.0015343828
0.0015343828
0.0015343828
0.0015343828
0.0015343828
0.0015343828
0.0015343828
0.0015343828
0.01678513
0.01678513
0.01678513
0.01678513
0.01678513
0.01678513
0.01678513
0.01678513
0.01678513
0.01678513
0.01678513
0.01678513
0.01678513
0.01678513
0.01678513
0.01678513
0.01678513
0.01678513
0.016785129
0.016785129
0.016785129
0.016785129
0.016785129
0.016785129
0.017034881
0.017034881
0.017034881
0.017034881
0.017034881
0.017034881
0.017034881
0.017034881
0.017034881
0.017034881
0.017034881
0.017034881
0.017034881
0.017034881
0.017034881
0.017034881
0.017034881
0.017034881
0.017034881
0.017034881
0.017034881
0.017034881
0.017034881
0.017034881
0.017284632
0.017284632
0.017284632
0.017284632
0.017284632
0.017284632
0.017284632
0.017284632
0.017284632
0.017284632
0.017284632
0.017284632
0.017284632
0.017284632
0.017284632
0.017284632
0.017284632
0.017284632
0.017284632
0.017284632
0.017284632
0.017284632
0.017284632
0.017284632
0.017534383
0.017534383
0.017534383
0.017534383
0.017534383
0.017534383
0.017534383
0.017534383
0.017534383
0.017534383
0.017534383
0.017534383
0.017534383
0.017534383
0.017534383
0.017534383
0.017534383
0.017534383
0.017534383
0.017534383
0.017534383
0.017534383
0.017534383
0.017534383
0.001701851
0.001701851
0.001701851
0.001701851
0.001701851
0.001701851
0.001701851
0.001701851
0.001701851
0.001701851
0.001701851
0.001701851
0.001701851
0.001701851
0.001701851
0.001701851
0.001701851
0.001701851
0.001701851
0.001701851
0.001701851
0.001701851
0.001701851
0.001701851
0.0017870364
0.0017870364
0.0017870364
0.0017870364
0.0017870364
0.0017870364
0.0017870364
0.0017870364
0.0017870364
0.0017870364
0.0017870364
0.0017870364
0.0017870364
0.0017870364
0.0017870364
0.0017870364
0.0017870364
0.0017870364
0.0017870364
0.0017870364
0.0017870364
0.0017870364
0.0017870364
0.0017870364
0.0018722218
0.0018722218
0.0018722218
0.0018722218
0.0018722218
0.0018722218
0.0018722218
0.0018722218
0.0018722218
0.0018722218
0.0018722218
0.0018722218
0.0018722218
0.0018722218
0.0018722218
0.0018722218
0.0018722218
0.0018722218
0.0018722218
0.0018722218
0.0018722218
0.0018722218
0.0018722218
0.0018722218
0.0019574073
0.0019574073
0.0019574073
0.0019574073
0.0019574073
0.0019574073
0.0019574073
0.0019574073
0.0019574073
0.0019574073
0.0019574073
0.0019574073
0.0019574073
0.0019574073
0.0019574073
0.0019574073
0.0019574073
0.0019574073
0.0019574073
0.0019574073
0.0019574073
0.0019574073
0.0019574073
0.0019574073
0.017701851
0.017701851
0.017701851
0.017701851
0.017701851
0.017701851
0.017701851
0.017701851
0.017701851
0.017701851
0.017701851
0.017701851
0.017701851
0.017701851
0.017701851
0.017701851
0.017701851
0.017701851
0.017701851
0.017701851
0.017701851
0.017701851
0.017701851
0.017701851
0.017787036
0.017787036
0.017787036
0.017787036
0.017787036
0.017787036
0.017787036
0.017787036
0.017787036
0.017787036
0.017787036
0.017787036
0.017787036
0.017787036
0.017787036
0.017787036
0.017787036
0.017787036
0.017787036
0.017787036
0.017787036
0.017787036
0.017787036
0.017787036
0.017872222
0.017872222
0.017872222
0.017872222
0.017872222
0.017872222
0.017872222
0.017872222
0.017872222
0.017872222
0.017872222
0.017872222
0.017872222
0.017872222
0.017872222
0.017872222
0.017872222
0.017872222
0.017872222
0.017872222
0.017872222
0.017872222
0.017872222
0.017872222
0.017957407
0.017957407
0.017957407
0.017957407
0.017957407
0.017957407
0.017957407
0.017957407
0.017957407
0.017957407
0.017957407
0.017957407
0.017957407
0.017957407
0.017957407
0.017957407
0.017957407
0.017957407
0.017957407
0.017957407
0.017957407
0.017957407
0.017957407
0.017957407
0.0019574073
0.0019574073
0.0019574073
0.0019574073
0.0019574073
0.0019574073
0.0019574073
0.0019574073
0.0019574073
0.0019574073
0.0019574073
0.0019574073
0.0019574073
0.0019574073
0.0019574073
0.0019574073
0.0019574073
0.0019574073
0.0019574073
0.0019574073
0.0019574073
0.0019574073
0.0019574073
0.0019574073
0.0018722218
0.0018722218
0.0018722218
0.0018722218
0.0018722218
0.0018722218
0.0018722218
0.0018722218
0.0018722218
0.0018722218
0.0018722218
0.0018722218
0.0018722218
0.0018722218
0.0018722218
0.0018722218
0.0018722218
0.0018722218
0.0018722218
0.0018722218
0.0018722218
0.0018722218
0.0018722218
0.0018722218
0.0017870364
0.0017870364
0.0017870364
0.0017870364
0.0017870364
0.0017870364
0.0017870364
0.0017870364
0.0017870364
0.0017870364
0.0017870364
0.0017870364
0.0017870364
0.0017870364
0.0017870364
0.0017870364
0.0017870364
0.0017870364
0.0017870364
0.0017870364
0.0017870364
0.0017870364
0.0017870364
0.0017870364
0.001701851
0.001701851
0.001701851
0.001701851
0.001701851
0.001701851
0.001701851
0.001701851
0.001701851
0.001701851
0.001701851
0.001701851
0.001701851
0.001701851
0.001701851
0.001701851
0.001701851
0.001701851
0.001701851
0.001701851
0.001701851
0.001701851
0.001701851
0.001701851
0.017957407
0.017957407
0.017957407
0.017957407
0.017957407
0.017957407
0.017957407
0.017957407
0.017957407
0.017957407
0.017957407
0.017957407
0.017957407
0.017957407
0.017957407
0.017957407
0.017957407
0.017957407
0.017957407
0.017957407
0.017957407
0.017957407
0.017957407
0.017957407
0.017872222
0.017872222
0.017872222
0.017872222
0.017872222
0.017872222
0.017872222
0.017872222
0.017872222
0.017872222
0.017872222
0.017872222
0.017872222
0.017872222
0.017872222
0.017872222
0.017872222
0.017872222
0.017872222
0.017872222
0.017872222
0.017872222
0.017872222
0.017872222
0.017787036
0.017787036
0.017787036
0.017787036
0.017787036
0.017787036
0.017787036
0.017787036
0.017787036
0.017787036
0.017787036
0.017787036
0.017787036
0.017787036
0.017787036
0.017787036
0.017787036
0.017787036
0.017787036
0.017787036
0.017787036
0.017787036
0.017787036
0.017787036
0.017701851
0.017701851
0.017701851
0.017701851
0.017701851
0.017701851
0.017701851
0.017701851
0.017701851
0.017701851
0.017701851
0.017701851
0.017701851
0.017701851
0.017701851
0.017701851
0.017701851
0.017701851
0.017701851
0.017701851
0.017701851
0.017701851
0.017701851
0.017701851
0.0015343828
0.0015343828
0.0015343828
0.0015343828
0.0015343828
0.0015343828
0.0015343828
0.0015343828
0.0015343828
0.0015343828
0.0015343828
0.0015343828
0.0015343828
0.0015343828
0.0015343828
0.0015343828
0.0015343828
0.0015343828
0.0015343828
0.0015343828
0.0015343828
0.0015343828
0.0015343828
0.0015343828
0.0012846317
0.0012846317
0.0012846317
0.0012846317
0.0012846317
0.0012846317
0.0012846317
0.0012846317
0.0012846317
0.0012846317
0.0012846317
0.0012846317
0.0012846317
0.0012846317
0.0012846317
0.0012846317
0.0012846317
0.0012846317
0.0012846317
0.0012846317
0.0012846317
0.0012846317
0.0012846317
0.0012846317
0.0010348806
0.0010348806
0.0010348806
0.0010348806
0.0010348806
0.0010348806
0.0010348806
0.0010348806
0.0010348806
0.0010348806
0.0010348806
0.0010348806
0.0010348806
0.0010348806
0.0010348806
0.0010348806
0.0010348806
0.0010348806
0.0010348806
0.0010348806
0.0010348806
0.0010348806
0.0010348806
0.0010348806
0.00078512951
0.00078512951
0.00078512951
0.00078512951
0.00078512951
0.00078512951
0.00078512951
0.00078512951
0.00078512951
0.00078512951
0.00078512951
0.00078512951
0.00078512951
0.00078512951
0.0007851295
0.0007851295
0.0007851295
0.0007851295
0.0007851295
0.0007851295
0.0007851295
0.0007851295
0.0007851295
0.0007851295
0.017534383
0.017534383
0.017534383
0.017534383
0.017534383
0.017534383
0.017534383
0.017534383
0.017534383
0.017534383
0.017534383
0.017534383
0.017534383
0.017534383
0.017534383
0.017534383
0.017534383
0.017534383
0.017534383
0.017534383
0.017534383
0.017534383
0.017534383
0.017534383
0.017284632
0.017284632
0.017284632
0.017284632
0.017284632
0.017284632
0.017284632
0.017284632
0.017284632
0.017284632
0.017284632
0.017284632
0.017284632
0.017284632
0.017284632
0.017284632
0.017284632
0.017284632
0.017284632
0.017284632
0.017284632
0.017284632
0.017284632
0.017284632
0.017034881
0.017034881
0.017034881
0.017034881
0.017034881
0.017034881
0.017034881
0.017034881
0.017034881
0.017034881
0.017034881
0.017034881
0.017034881
0.017034881
0.017034881
0.017034881
0.017034881
0.017034881
0.017034881
0.017034881
0.017034881
0.017034881
0.017034881
0.017034881
0.01678513
0.01678513
0.01678513
0.01678513
0.01678513
0.01678513
0.01678513
0.01678513
0.01678513
0.01678513
0.01678513
0.01678513
0.01678513
0.01678513
0.01678513
0.01678513
0.01678513
0.01678513
0.016785129
0.016785129
0.016785129
0.016785129
0.016785129
0.016785129
0.00046160596
0.00046160597
0.00046160597
0.00046160597
0.00046160598
0.00046160598
0.00046160598
0.00046160598
0.00046160599
0.00046160599
0.00046160599
0.000461606
0.000461606
0.000461606
0.00046160601
0.00046160601
0.00046160601
0.00046160602
0.00046160602
0.00046160602
0.00046160603
0.00046160603
0.00046160604
0.00046160604
6.4309271e-05
6.4309272e-05
6.4309275e-05
6.4309274e-05
6.4309273e-05
6.4309276e-05
6.4309279e-05
6.4309278e-05
6.4309278e-05
6.430928e-05
6.4309281e-05
6.4309282e-05
6.4309283e-05
6.4309284e-05
6.4309285e-05
6.4309286e-05
6.4309288e-05
6.4309289e-05
6.430929e-05
6.4309291e-05
6.4309293e-05
6.4309294e-05
6.4309295e-05
6.4309297e-05
-0.00033298742
-0.00033298742
-0.00033298742
-0.00033298742
-0.00033298742
-0.00033298743
-0.00033298743
-0.00033298743
-0.00033298743
-0.00033298743
-0.00033298743
-0.00033298743
-0.00033298743
-0.00033298743
-0.00033298744
-0.00033298744
-0.00033298744
-0.00033298744
-0.00033298744
-0.00033298744
-0.00033298744
-0.00033298744
-0.00033298745
-0.00033298745
-0.00073028411
-0.00073028412
-0.00073028412
-0.00073028412
-0.00073028413
-0.00073028413
-0.00073028413
-0.00073028413
-0.00073028414
-0.00073028414
-0.00073028414
-0.00073028415
-0.00073028415
-0.00073028415
-0.00073028416
-0.00073028416
-0.00073028416
-0.00073028417
-0.00073028417
-0.00073028417
-0.00073028418
-0.00073028418
-0.00073028419
-0.00073028419
0.016461606
0.016461606
0.016461606
0.016461606
0.016461606
0.016461606
0.016461606
0.016461606
0.016461606
0.016461606
0.016461606
0.016461606
0.016461606
0.016461606
0.016461606
0.016461606
0.016461606
0.016461606
0.016461606
0.016461606
0.016461606
0.016461606
0.016461606
0.016461606
0.016064309
0.016064309
0.016064309
0.016064309
0.016064309
0.016064309
0.016064309
0.016064309
0.016064309
0.016064309
0.016064309
0.016064309
0.016064309
0.016064309
0.016064309
0.016064309
0.016064309
0.016064309
0.016064309
0.016064309
0.016064309
0.016064309
0.016064309
0.016064309
0.015667013
0.015667013
0.015667013
0.015667013
0.015667013
0.015667013
0.015667013
0.015667013
0.015667013
0.015667013
0.015667013
0.015667013
0.015667013
0.015667013
0.015667013
0.015667013
0.015667013
0.015667013
0.015667013
0.015667013
0.015667013
0.015667013
0.015667013
0.015667013
0.015269716
0.015269716
0.015269716
0.015269716
0.015269716
0.015269716
0.015269716
0.015269716
0.015269716
0.015269716
0.015269716
0.015269716
0.015269716
0.015269716
0.015269716
0.015269716
0.015269716
0.015269716
0.015269716
0.015269716
0.015269716
0.015269716
0.015269716
0.015269716
-0.0011878152
-0.0011878152
-0.0011878152
-0.0011878152
-0.0011878152
-0.0011878152
-0.0011878152
-0.0011878152
-0.0011878152
-0.0011878152
-0.0011878152
-0.0011878151
-0.0011878151
-0.0011878151
-0.0011878151
-0.0011878151
-0.0011878151
-0.0011878151
-0.0011878151
-0.0011878151
-0.0011878151
-0.0011878151
-0.0011878151
-0.0011878151
-0.0017055825
-0.0017055825
-0.0017055825
-0.0017055825
-0.0017055825
-0.0017055825
-0.0017055825
-0.0017055825
-0.0017055825
-0.0017055824
-0.0017055824
-0.0017055824
-0.0017055824
-0.0017055824
-0.0017055824
-0.0017055824
-0.0017055824
-0.0017055824
-0.0017055824
-0.0017055824
-0.0017055824
-0.0017055824
-0.0017055824
-0.0017055824
-0.0022233497
-0.0022233497
-0.0022233497
-0.0022233497
-0.0022233497
-0.0022233497
-0.0022233497
-0.0022233497
-0.0022233497
-0.0022233497
-0.0022233497
-0.0022233497
-0.0022233497
-0.0022233498
-0.0022233497
-0.0022233498
-0.0022233498
-0.0022233498
-0.0022233498
-0.0022233498
-0.0022233498
-0.0022233498
-0.0022233498
-0.0022233498
-0.002741117
-0.002741117
-0.002741117
-0.002741117
-0.002741117
-0.002741117
-0.002741117
-0.002741117
-0.002741117
-0.002741117
-0.002741117
-0.002741117
-0.002741117
-0.0027411171
-0.0027411171
-0.0027411171
-0.0027411171
-0.0027411171
-0.0027411171
-0.0027411171
-0.0027411171
-0.0027411171
-0.0027411171
-0.0027411171
0.014812185
0.014812185
0.014812185
0.014812185
0.014812185
0.014812185
0.014812185
0.014812185
0.014812185
0.014812185
0.014812185
0.014812185
0.014812185
0.014812185
0.014812185
0.014812185
0.014812185
0.014812185
0.014812185
0.014812185
0.014812185
0.014812185
0.014812185
0.014812185
0.014294418
0.014294418
0.014294418
0.014294418
0.014294418
0.014294418
0.014294418
0.014294418
0.014294418
0.014294418
0.014294418
0.014294418
0.014294418
0.014294418
0.014294418
0.014294418
0.014294418
0.014294418
0.014294418
0.014294418
0.014294418
0.014294418
0.014294418
0.014294418
0.01377665
0.01377665
0.01377665
0.01377665
0.01377665
0.01377665
0.01377665
0.01377665
0.01377665
0.01377665
0.01377665
0.01377665
0.01377665
0.01377665
0.01377665
0.01377665
0.01377665
0.01377665
0.01377665
0.01377665
0.01377665
0.01377665
0.01377665
0.01377665
0.013258883
0.013258883
0.013258883
0.013258883
0.013258883
0.013258883
0.013258883
0.013258883
0.013258883
0.013258883
0.013258883
0.013258883
0.013258883
0.013258883
0.013258883
0.013258883
0.013258883
0.013258883
0.013258883
0.013258883
0.013258883
0.013258883
0.013258883
0.013258883
-0.0033014755
-0.0033014755
-0.0033014755
-0.0033014755
-0.0033014755
-0.0033014754
-0.0033014754
-0.0033014754
-0.0033014754
-0.0033014754
-0.0033014754
-0.0033014754
-0.0033014754
-0.0033014754
-0.0033014754
-0.0033014753
-0.0033014753
-0.0033014753
-0.0033014753
-0.0033014753
-0.0033014753
-0.0033014753
-0.0033014752
-0.0033014752
-0.0039044283
-0.0039044283
-0.0039044283
-0.0039044283
-0.0039044283
-0.0039044283
-0.0039044283
-0.0039044283
-0.0039044283
-0.0039044283
-0.0039044283
-0.0039044283
-0.0039044283
-0.0039044283
-0.0039044283
-0.0039044283
-0.0039044283
-0.0039044283
-0.0039044283
-0.0039044283
-0.0039044283
-0.0039044283
-0.0039044283
-0.0039044283
-0.0045073812
-0.0045073812
-0.0045073812
-0.0045073812
-0.0045073812
-0.0045073812
-0.0045073812
-0.0045073812
-0.0045073812
-0.0045073812
-0.0045073812
-0.0045073812
-0.0045073812
-0.0045073812
-0.0045073813
-0.0045073813
-0.0045073813
-0.0045073813
-0.0045073813
-0.0045073813
-0.0045073813
-0.0045073813
-0.0045073813
-0.0045073813
-0.0051103341
-0.0051103341
-0.0051103341
-0.0051103341
-0.0051103341
-0.0051103341
-0.0051103341
-0.0051103341
-0.0051103341
-0.0051103341
-0.0051103342
-0.0051103342
-0.0051103342
-0.0051103342
-0.0051103342
-0.0051103342
-0.0051103342
-0.0051103342
-0.0051103342
-0.0051103343
-0.0051103343
-0.0051103343
-0.0051103343
-0.0051103343
0.012698525
0.012698525
0.012698525
0.012698525
0.012698525
0.012698525
0.012698525
0.012698525
0.012698525
0.012698525
0.012698525
0.012698525
0.012698525
0.012698525
0.012698525
0.012698525
0.012698525
0.012698525
0.012698525
0.012698525
0.012698525
0.012698525
0.012698525
0.012698525
0.012095572
0.012095572
0.012095572
0.012095572
0.012095572
0.012095572
0.012095572
0.012095572
0.012095572
0.012095572
0.012095572
0.012095572
0.012095572
0.012095572
0.012095572
0.012095572
0.012095572
0.012095572
0.012095572
0.012095572
0.012095572
0.012095572
0.012095572
0.012095572
0.011492619
0.011492619
0.011492619
0.011492619
0.011492619
0.011492619
0.011492619
0.011492619
0.011492619
0.011492619
0.011492619
0.011492619
0.011492619
0.011492619
0.011492619
0.011492619
0.011492619
0.011492619
0.011492619
0.011492619
0.011492619
0.011492619
0.011492619
0.011492619
0.010889666
0.010889666
0.010889666
0.010889666
0.010889666
0.010889666
0.010889666
0.010889666
0.010889666
0.010889666
0.010889666
0.010889666
0.010889666
0.010889666
0.010889666
0.010889666
0.010889666
0.010889666
0.010889666
0.010889666
0.010889666
0.010889666
0.010889666
0.010889666
-0.0057353325
-0.0057353325
-0.0057353325
-0.0057353325
-0.0057353324
-0.0057353324
-0.0057353324
-0.0057353324
-0.0057353324
-0.0057353324
-0.0057353324
-0.0057353324
-0.0057353323
-0.0057353323
-0.0057353323
-0.0057353323
-0.0057353323
-0.0057353323
-0.0057353323
-0.0057353322
-0.0057353322
-0.0057353322
-0.0057353322
-0.0057353322
-0.0063823807
-0.0063823807
-0.0063823807
-0.0063823807
-0.0063823807
-0.0063823807
-0.0063823807
-0.0063823807
-0.0063823807
-0.0063823806
-0.0063823806
-0.0063823806
-0.0063823806
-0.0063823806
-0.0063823806
-0.0063823806
-0.0063823806
-0.0063823806
-0.0063823806
-0.0063823806
-0.0063823806
-0.0063823806
-0.0063823806
-0.0063823806
-0.0070294289
-0.0070294289
-0.0070294289
-0.0070294289
-0.0070294289
-0.0070294289
-0.0070294289
-0.0070294289
-0.0070294289
-0.0070294289
-0.0070294289
-0.0070294289
-0.0070294289
-0.0070294289
-0.0070294289
-0.0070294289
-0.0070294289
-0.0070294289
-0.0070294289
-0.007029429
-0.007029429
-0.007029429
-0.007029429
-0.007029429
-0.0076764771
-0.0076764771
-0.0076764771
-0.0076764771
-0.0076764771
-0.0076764771
-0.0076764771
-0.0076764771
-0.0076764771
-0.0076764772
-0.0076764772
-0.0076764772
-0.0076764772
-0.0076764772
-0.0076764772
-0.0076764772
-0.0076764773
-0.0076764773
-0.0076764773
-0.0076764773
-0.0076764773
-0.0076764773
-0.0076764774
-0.0076764774
0.010264668
0.010264668
0.010264668
0.010264668
0.010264668
0.010264668
0.010264668
0.010264668
0.010264668
0.010264668
0.010264668
0.010264668
0.010264668
0.010264668
0.010264668
0.010264668
0.010264668
0.010264668
0.010264668
0.010264668
0.010264668
0.010264668
0.010264668
0.010264668
0.0096176193
0.0096176193
0.0096176193
0.0096176193
0.0096176193
0.0096176193
0.0096176193
0.0096176193
0.0096176193
0.0096176194
0.0096176194
0.0096176194
0.0096176194
0.0096176194
0.0096176194
0.0096176194
0.0096176194
0.0096176194
0.0096176194
0.0096176194
0.0096176194
0.0096176194
0.0096176194
0.0096176194
0.0089705711
0.0089705711
0.0089705711
0.0089705711
0.0089705711
0.0089705711
0.0089705711
0.0089705711
0.0089705711
0.0089705711
0.0089705711
0.0089705711
0.0089705711
0.0089705711
0.0089705711
0.0089705711
0.0089705711
0.0089705711
0.0089705711
0.008970571
0.008970571
0.008970571
0.008970571
0.008970571
0.0083235229
0.0083235229
0.0083235229
0.0083235229
0.0083235229
0.0083235229
0.0083235229
0.0083235229
0.0083235229
0.0083235228
0.0083235228
0.0083235228
0.0083235228
0.0083235228
0.0083235228
0.0083235228
0.0083235227
0.0083235227
0.0083235227
0.0083235227
0.0083235227
0.0083235227
0.0083235226
0.0083235226
-0.0083235229
-0.0083235229
-0.0083235229
-0.0083235229
-0.0083235229
-0.0083235229
-0.0083235229
-0.0083235229
-0.0083235229
-0.0083235228
-0.0083235228
-0.0083235228
-0.0083235228
-0.0083235228
-0.0083235228
-0.0083235228
-0.0083235227
-0.0083235227
-0.0083235227
-0.0083235227
-0.0083235227
-0.0083235227
-0.0083235226
-0.0083235226
-0.0089705711
-0.0089705711
-0.0089705711
-0.0089705711
-0.0089705711
-0.0089705711
-0.0089705711
-0.0089705711
-0.0089705711
-0.0089705711
-0.0089705711
-0.0089705711
-0.0089705711
-0.0089705711
-0.0089705711
-0.0089705711
-0.0089705711
-0.0089705711
-0.0089705711
-0.008970571
-0.008970571
-0.008970571
-0.008970571
-0.008970571
-0.0096176193
-0.0096176193
-0.0096176193
-0.0096176193
-0.0096176193
-0.0096176193
-0.0096176193
-0.0096176193
-0.0096176193
-0.0096176194
-0.0096176194
-0.0096176194
-0.0096176194
-0.0096176194
-0.0096176194
-0.0096176194
-0.0096176194
-0.0096176194
-0.0096176194
-0.0096176194
-0.0096176194
-0.0096176194
-0.0096176194
-0.0096176194
-0.010264668
-0.010264668
-0.010264668
-0.010264668
-0.010264668
-0.010264668
-0.010264668
-0.010264668
-0.010264668
-0.010264668
-0.010264668
-0.010264668
-0.010264668
-0.010264668
-0.010264668
-0.010264668
-0.010264668
-0.010264668
-0.010264668
-0.010264668
-0.010264668
-0.010264668
-0.010264668
-0.010264668
0.0076764771
0.0076764771
0.0076764771
0.0076764771
0.0076764771
0.0076764771
0.0076764771
0.0076764771
0.0076764771
0.0076764772
0.0076764772
0.0076764772
0.0076764772
0.0076764772
0.0076764772
0.0076764772
0.0076764773
0.0076764773
0.0076764773
0.0076764773
0.0076764773
0.0076764773
0.0076764774
0.0076764774
0.0070294289
0.0070294289
0.0070294289
0.0070294289
0.0070294289
0.0070294289
0.0070294289
0.0070294289
0.0070294289
0.0070294289
0.0070294289
0.0070294289
0.0070294289
0.0070294289
0.0070294289
0.0070294289
0.0070294289
0.0070294289
0.0070294289
0.007029429
0.007029429
0.007029429
0.007029429
0.007029429
0.0063823807
0.0063823807
0.0063823807
0.0063823807
0.0063823807
0.0063823807
0.0063823807
0.0063823807
0.0063823807
0.0063823806
0.0063823806
0.0063823806
0.0063823806
0.0063823806
0.0063823806
0.0063823806
0.0063823806
0.0063823806
0.0063823806
0.0063823806
0.0063823806
0.0063823806
0.0063823806
0.0063823806
0.0057353325
0.0057353325
0.0057353325
0.0057353325
0.0057353324
0.0057353324
0.0057353324
0.0057353324
0.0057353324
0.0057353324
0.0057353324
0.0057353324
0.0057353323
0.0057353323
0.0057353323
0.0057353323
0.0057353323
0.0057353323
0.0057353323
0.0057353322
0.0057353322
0.0057353322
0.0057353322
0.0057353322
-0.010889666
-0.010889666
-0.010889666
-0.010889666
-0.010889666
-0.010889666
-0.010889666
-0.010889666
-0.010889666
-0.010889666
-0.010889666
-0.010889666
-0.010889666
-0.010889666
-0.010889666
-0.010889666
-0.010889666
-0.010889666
-0.010889666
-0.010889666
-0.010889666
-0.010889666
-0.010889666
-0.010889666
-0.011492619
-0.011492619
-0.011492619
-0.011492619
-0.011492619
-0.011492619
-0.011492619
-0.011492619
-0.011492619
-0.011492619
-0.011492619
-0.011492619
-0.011492619
-0.011492619
-0.011492619
-0.011492619
-0.011492619
-0.011492619
-0.011492619
-0.011492619
-0.011492619
-0.011492619
-0.011492619
-0.011492619
-0.012095572
-0.012095572
-0.012095572
-0.012095572
-0.012095572
-0.012095572
-0.012095572
-0.012095572
-0.012095572
-0.012095572
-0.012095572
-0.012095572
-0.012095572
-0.012095572
-0.012095572
-0.012095572
-0.012095572
-0.012095572
-0.012095572
-0.012095572
-0.012095572
-0.012095572
-0.012095572
-0.012095572
-0.012698525
-0.012698525
-0.012698525
-0.012698525
-0.012698525
-0.012698525
-0.012698525
-0.012698525
-0.012698525
-0.012698525
-0.012698525
-0.012698525
-0.012698525
-0.012698525
-0.012698525
-0.012698525
-0.012698525
-0.012698525
-0.012698525
-0.012698525
-0.012698525
-0.012698525
-0.012698525
-0.012698525
0.0051103341
0.0051103341
0.0051103341
0.0051103341
0.0051103341
0.0051103341
0.0051103341
0.0051103341
0.0051103341
0.0051103341
0.0051103342
0.0051103342
0.0051103342
0.0051103342
0.0051103342
0.0051103342
0.0051103342
0.0051103342
0.0051103342
0.0051103343
0.0051103343
0.0051103343
0.0051103343
0.0051103343
0.0045073812
0.0045073812
0.0045073812
0.0045073812
0.0045073812
0.0045073812
0.0045073812
0.0045073812
0.0045073812
0.0045073812
0.0045073812
0.0045073812
0.0045073812
0.0045073812
0.0045073812
0.0045073813
0.0045073813
0.0045073813
0.0045073813
0.0045073813
0.0045073813
0.0045073813
0.0045073813
0.0045073813
0.0039044283
0.0039044283
0.0039044283
0.0039044283
0.0039044283
0.0039044283
0.0039044283
0.0039044283
0.0039044283
0.0039044283
0.0039044283
0.0039044283
0.0039044283
0.0039044283
0.0039044283
0.0039044283
0.0039044283
0.0039044283
0.0039044283
0.0039044283
0.0039044283
0.0039044283
0.0039044283
0.0039044283
0.0033014755
0.0033014755
0.0033014755
0.0033014755
0.0033014755
0.0033014754
0.0033014754
0.0033014754
0.0033014754
0.0033014754
0.0033014754
0.0033014754
0.0033014754
0.0033014754
0.0033014753
0.0033014753
0.0033014753
0.0033014753
0.0033014753
0.0033014753
0.0033014753
0.0033014753
0.0033014753
0.0033014752
-0.013258883
-0.013258883
-0.013258883
-0.013258883
-0.013258883
-0.013258883
-0.013258883
-0.013258883
-0.013258883
-0.013258883
-0.013258883
-0.013258883
-0.013258883
-0.013258883
-0.013258883
-0.013258883
-0.013258883
-0.013258883
-0.013258883
-0.013258883
-0.013258883
-0.013258883
-0.013258883
-0.013258883
-0.01377665
-0.01377665
-0.01377665
-0.01377665
-0.01377665
-0.01377665
-0.01377665
-0.01377665
-0.01377665
-0.01377665
-0.01377665
-0.01377665
-0.01377665
-0.01377665
-0.01377665
-0.01377665
-0.01377665
-0.01377665
-0.01377665
-0.01377665
-0.01377665
-0.01377665
-0.01377665
-0.01377665
-0.014294418
-0.014294418
-0.014294418
-0.014294418
-0.014294418
-0.014294418
-0.014294418
-0.014294418
-0.014294418
-0.014294418
-0.014294418
-0.014294418
-0.014294418
-0.014294418
-0.014294418
-0.014294418
-0.014294418
-0.014294418
-0.014294418
-0.014294418
-0.014294418
-0.014294418
-0.014294418
-0.014294418
-0.014812185
-0.014812185
-0.014812185
-0.014812185
-0.014812185
-0.014812185
-0.014812185
-0.014812185
-0.014812185
-0.014812185
-0.014812185
-0.014812185
-0.014812185
-0.014812185
-0.014812185
-0.014812185
-0.014812185
-0.014812185
-0.014812185
-0.014812185
-0.014812185
-0.014812185
-0.014812185
-0.014812185
0.002741117
0.002741117
0.002741117
0.002741117
0.002741117
0.002741117
0.002741117
0.002741117
0.002741117
0.002741117
0.002741117
0.002741117
0.002741117
0.0027411171
0.0027411171
0.0027411171
0.0027411171
0.0027411171
0.0027411171
0.0027411171
0.0027411171
0.0027411171
0.0027411171
0.0027411171
0.0022233497
0.0022233497
0.0022233497
0.0022233497
0.0022233497
0.0022233497
0.0022233497
0.0022233497
0.0022233497
0.0022233497
0.0022233497
0.0022233497
0.0022233497
0.0022233497
0.0022233498
0.0022233498
0.0022233498
0.0022233498
0.0022233498
0.0022233498
0.0022233498
0.0022233498
0.0022233498
0.0022233498
0.0017055825
0.0017055825
0.0017055825
0.0017055825
0.0017055825
0.0017055825
0.0017055825
0.0017055825
0.0017055825
0.0017055824
0.0017055824
0.0017055824
0.0017055824
0.0017055824
0.0017055824
0.0017055824
0.0017055824
0.0017055824
0.0017055824
0.0017055824
0.0017055824
0.0017055824
0.0017055824
0.0017055824
0.0011878152
0.0011878152
0.0011878152
0.0011878152
0.0011878152
0.0011878152
0.0011878152
0.0011878152
0.0011878152
0.0011878152
0.0011878152
0.0011878151
0.0011878151
0.0011878151
0.0011878151
0.0011878151
0.0011878151
0.0011878151
0.0011878151
0.0011878151
0.0011878151
0.0011878151
0.0011878151
0.001187815
-0.015269716
-0.015269716
-0.015269716
-0.015269716
-0.015269716
-0.015269716
-0.015269716
-0.015269716
-0.015269716
-0.015269716
-0.015269716
-0.015269716
-0.015269716
-0.015269716
-0.015269716
-0.015269716
-0.015269716
-0.015269716
-0.015269716
-0.015269716
-0.015269716
-0.015269716
-0.015269716
-0.015269716
-0.015667013
-0.015667013
-0.015667013
-0.015667013
-0.015667013
-0.015667013
-0.015667013
-0.015667013
-0.015667013
-0.015667013
-0.015667013
-0.015667013
-0.015667013
-0.015667013
-0.015667013
-0.015667013
-0.015667013
-0.015667013
-0.015667013
-0.015667013
-0.015667013
-0.015667013
-0.015667013
-0.015667013
-0.016064309
-0.016064309
-0.016064309
-0.016064309
-0.016064309
-0.016064309
-0.016064309
-0.016064309
-0.016064309
-0.016064309
-0.016064309
-0.016064309
-0.016064309
-0.016064309
-0.016064309
-0.016064309
-0.016064309
-0.016064309
-0.016064309
-0.016064309
-0.016064309
-0.016064309
-0.016064309
-0.016064309
-0.016461606
-0.016461606
-0.016461606
-0.016461606
-0.016461606
-0.016461606
-0.016461606
-0.016461606
-0.016461606
-0.016461606
-0.016461606
-0.016461606
-0.016461606
-0.016461606
-0.016461606
-0.016461606
-0.016461606
-0.016461606
-0.016461606
-0.016461606
-0.016461606
-0.016461606
-0.016461606
-0.016461606
0.00073028412
0.00073028412
0.00073028412
0.00073028412
0.00073028412
0.00073028413
0.00073028413
0.00073028414
0.00073028414
0.00073028414
0.00073028414
0.00073028415
0.00073028415
0.00073028415
0.00073028416
0.00073028416
0.00073028416
0.00073028417
0.00073028417
0.00073028418
0.00073028418
0.00073028418
0.00073028419
0.00073028419
0.00033298742
0.00033298742
0.00033298742
0.00033298742
0.00033298743
0.00033298743
0.00033298743
0.00033298743
0.00033298743
0.00033298743
0.00033298743
0.00033298743
0.00033298743
0.00033298744
0.00033298743
0.00033298744
0.00033298744
0.00033298744
0.00033298744
0.00033298744
0.00033298744
0.00033298744
0.00033298745
0.00033298745
-6.4309272e-05
-6.4309271e-05
-6.4309274e-05
-6.4309273e-05
-6.4309276e-05
-6.4309275e-05
-6.4309278e-05
-6.4309277e-05
-6.430928e-05
-6.4309279e-05
-6.4309282e-05
-6.4309281e-05
-6.4309282e-05
-6.4309285e-05
-6.4309284e-05
-6.4309288e-05
-6.4309286e-05
-6.430929e-05
-6.4309289e-05
-6.4309292e-05
-6.4309292e-05
-6.4309295e-05
-6.4309294e-05
-6.4309297e-05
-0.00046160596
-0.00046160597
-0.00046160597
-0.00046160597
-0.00046160597
-0.00046160598
-0.00046160598
-0.00046160598
-0.00046160599
-0.00046160599
-0.00046160599
-0.000461606
-0.000461606
-0.000461606
-0.00046160601
-0.00046160601
-0.00046160601
-0.00046160601
-0.00046160602
-0.00046160602
-0.00046160603
-0.00046160603
-0.00046160604
-0.00046160604
-0.01678513
-0.01678513
-0.01678513
-0.01678513
-0.01678513
-0.01678513
-0.01678513
-0.01678513
-0.01678513
-0.01678513
-0.01678513
-0.01678513
-0.01678513
-0.01678513
-0.01678513
-0.01678513
-0.01678513
-0.01678513
-0.01678513
-0.016785129
-0.016785129
-0.016785129
-0.016785129
-0.016785129
-0.017034881
-0.017034881
-0.017034881
-0.017034881
-0.017034881
-0.017034881
-0.017034881
-0.017034881
-0.017034881
-0.017034881
-0.017034881
-0.017034881
-0.017034881
-0.017034881
-0.017034881
-0.017034881
-0.017034881
-0.017034881
-0.017034881
-0.017034881
-0.017034881
-0.017034881
-0.017034881
-0.017034881
-0.017284632
-0.017284632
-0.017284632
-0.017284632
-0.017284632
-0.017284632
-0.017284632
-0.017284632
-0.017284632
-0.017284632
-0.017284632
-0.017284632
-0.017284632
-0.017284632
-0.017284632
-0.017284632
-0.017284632
-0.017284632
-0.017284632
-0.017284632
-0.017284632
-0.017284632
-0.017284632
-0.017284632
-0.017534383
-0.017534383
-0.017534383
-0.017534383
-0.017534383
-0.017534383
-0.017534383
-0.017534383
-0.017534383
-0.017534383
-0.017534383
-0.017534383
-0.017534383
-0.017534383
-0.017534383
-0.017534383
-0.017534383
-0.017534383
-0.017534383
-0.017534383
-0.017534383
-0.017534383
-0.017534383
-0.017534383
-0.00078512951
-0.00078512951
-0.00078512951
-0.00078512951
-0.00078512951
-0.00078512951
-0.00078512951
-0.00078512951
-0.00078512951
-0.00078512951
-0.00078512951
-0.00078512951
-0.00078512951
-0.00078512951
-0.0007851295
-0.0007851295
-0.0007851295
-0.0007851295
-0.0007851295
-0.0007851295
-0.0007851295
-0.0007851295
-0.0007851295
-0.0007851295
-0.0010348806
-0.0010348806
-0.0010348806
-0.0010348806
-0.0010348806
-0.0010348806
-0.0010348806
-0.0010348806
-0.0010348806
-0.0010348806
-0.0010348806
-0.0010348806
-0.0010348806
-0.0010348806
-0.0010348806
-0.0010348806
-0.0010348806
-0.0010348806
-0.0010348806
-0.0010348806
-0.0010348806
-0.0010348806
-0.0010348806
-0.0010348806
-0.0012846317
-0.0012846317
-0.0012846317
-0.0012846317
-0.0012846317
-0.0012846317
-0.0012846317
-0.0012846317
-0.0012846317
-0.0012846317
-0.0012846317
-0.0012846317
-0.0012846317
-0.0012846317
-0.0012846317
-0.0012846317
-0.0012846317
-0.0012846317
-0.0012846317
-0.0012846317
-0.0012846317
-0.0012846317
-0.0012846317
-0.0012846317
-0.0015343828
-0.0015343828
-0.0015343828
-0.0015343828
-0.0015343828
-0.0015343828
-0.0015343828
-0.0015343828
-0.0015343828
-0.0015343828
-0.0015343828
-0.0015343828
-0.0015343828
-0.0015343828
-0.0015343828
-0.0015343828
-0.0015343828
-0.0015343828
-0.0015343828
-0.0015343828
-0.0015343828
-0.0015343828
-0.0015343828
-0.0015343828
-0.017701851
-0.017701851
-0.017701851
-0.017701851
-0.017701851
-0.017701851
-0.017701851
-0.017701851
-0.017701851
-0.017701851
-0.017701851
-0.017701851
-0.017701851
-0.017701851
-0.017701851
-0.017701851
-0.017701851
-0.017701851
-0.017701851
-0.017701851
-0.017701851
-0.017701851
-0.017701851
-0.017701851
-0.017787036
-0.017787036
-0.017787036
-0.017787036
-0.017787036
-0.017787036
-0.017787036
-0.017787036
-0.017787036
-0.017787036
-0.017787036
-0.017787036
-0.017787036
-0.017787036
-0.017787036
-0.017787036
-0.017787036
-0.017787036
-0.017787036
-0.017787036
-0.017787036
-0.017787036
-0.017787036
-0.017787036
-0.017872222
-0.017872222
-0.017872222
-0.017872222
-0.017872222
-0.017872222
-0.017872222
-0.017872222
-0.017872222
-0.017872222
-0.017872222
-0.017872222
-0.017872222
-0.017872222
-0.017872222
-0.017872222
-0.017872222
-0.017872222
-0.017872222
-0.017872222
-0.017872222
-0.017872222
-0.017872222
-0.017872222
-0.017957407
-0.017957407
-0.017957407
-0.017957407
-0.017957407
-0.017957407
-0.017957407
-0.017957407
-0.017957407
-0.017957407
-0.017957407
-0.017957407
-0.017957407
-0.017957407
-0.017957407
-0.017957407
-0.017957407
-0.017957407
-0.017957407
-0.017957407
-0.017957407
-0.017957407
-0.017957407
-0.017957407
-0.001701851
-0.001701851
-0.001701851
-0.001701851
-0.001701851
-0.001701851
-0.001701851
-0.001701851
-0.001701851
-0.001701851
-0.001701851
-0.001701851
-0.001701851
-0.001701851
-0.001701851
-0.001701851
-0.001701851
-0.001701851
-0.001701851
-0.001701851
-0.001701851
-0.001701851
-0.001701851
-0.001701851
-0.0017870364
-0.0017870364
-0.0017870364
-0.0017870364
-0.0017870364
-0.0017870364
-0.0017870364
-0.0017870364
-0.0017870364
-0.0017870364
-0.0017870364
-0.0017870364
-0.0017870364
-0.0017870364
-0.0017870364
-0.0017870364
-0.0017870364
-0.0017870364
-0.0017870364
-0.0017870364
-0.0017870364
-0.0017870364
-0.0017870364
-0.0017870364
-0.0018722218
-0.0018722218
-0.0018722219
-0.0018722218
-0.0018722218
-0.0018722218
-0.0018722219
-0.0018722218
-0.0018722219
-0.0018722218
-0.0018722219
-0.0018722218
-0.0018722219
-0.0018722219
-0.0018722218
-0.0018722218
-0.0018722218
-0.0018722218
-0.0018722218
-0.0018722218
-0.0018722219
-0.0018722218
-0.0018722219
-0.0018722218
-0.0019574073
-0.0019574073
-0.0019574073
-0.0019574073
-0.0019574073
-0.0019574073
-0.0019574073
-0.0019574073
-0.0019574073
-0.0019574073
-0.0019574073
-0.0019574073
-0.0019574073
-0.0019574073
-0.0019574073
-0.0019574073
-0.0019574073
-0.0019574073
-0.0019574073
-0.0019574073
-0.0019574073
-0.0019574073
-0.0019574073
-0.0019574073
-0.017957407
-0.017957407
-0.017957407
-0.017957407
-0.017957407
-0.017957407
-0.017957407
-0.017957407
-0.017957407
-0.017957407
-0.017957407
-0.017957407
-0.017957407
-0.017957407
-0.017957407
-0.017957407
-0.017957407
-0.017957407
-0.017957407
-0.017957407
-0.017957407
-0.017957407
-0.017957407
-0.017957407
-0.017872222
-0.017872222
-0.017872222
-0.017872222
-0.017872222
-0.017872222
-0.017872222
-0.017872222
-0.017872222
-0.017872222
-0.017872222
-0.017872222
-0.017872222
-0.017872222
-0.017872222
-0.017872222
-0.017872222
-0.017872222
-0.017872222
-0.017872222
-0.017872222
-0.017872222
-0.017872222
-0.017872222
-0.017787036
-0.017787036
-0.017787036
-0.017787036
-0.017787036
-0.017787036
-0.017787036
-0.017787036
-0.017787036
-0.017787036
-0.017787036
-0.017787036
-0.017787036
-0.017787036
-0.017787036
-0.017787036
-0.017787036
-0.017787036
-0.017787036
-0.017787036
-0.017787036
-0.017787036
-0.017787036
-0.017787036
-0.017701851
-0.017701851
-0.017701851
-0.017701851
-0.017701851
-0.017701851
-0.017701851
-0.017701851
-0.017701851
-0.017701851
-0.017701851
-0.017701851
-0.017701851
-0.017701851
-0.017701851
-0.017701851
-0.017701851
-0.017701851
-0.017701851
-0.017701851
-0.017701851
-0.017701851
-0.017701851
-0.017701851
-0.0019574073
-0.0019574073
-0.0019574073
-0.0019574073
-0.0019574073
-0.0019574073
-0.0019574073
-0.0019574073
-0.0019574073
-0.0019574073
-0.0019574073
-0.0019574073
-0.0019574073
-0.0019574073
-0.0019574073
-0.0019574073
-0.0019574073
-0.0019574073
-0.0019574073
-0.0019574073
-0.0019574073
-0.0019574073
-0.0019574073
-0.0019574073
-0.0018722218
-0.0018722218
-0.0018722218
-0.0018722218
-0.0018722218
-0.0018722218
-0.0018722218
-0.0018722218
-0.0018722219
-0.0018722218
-0.0018722219
-0.0018722218
-0.0018722218
-0.0018722218
-0.0018722218
-0.0018722219
-0.0018722218
-0.0018722218
-0.0018722219
-0.0018722218
-0.0018722218
-0.0018722218
-0.0018722218
-0.0018722218
-0.0017870364
-0.0017870364
-0.0017870364
-0.0017870364
-0.0017870364
-0.0017870364
-0.0017870364
-0.0017870364
-0.0017870364
-0.0017870364
-0.0017870364
-0.0017870364
-0.0017870364
-0.0017870364
-0.0017870364
-0.0017870364
-0.0017870364
-0.0017870364
-0.0017870364
-0.0017870364
-0.0017870364
-0.0017870364
-0.0017870364
-0.0017870364
-0.001701851
-0.001701851
-0.001701851
-0.001701851
-0.001701851
-0.001701851
-0.001701851
-0.001701851
-0.001701851
-0.001701851
-0.001701851
-0.001701851
-0.001701851
-0.001701851
-0.001701851
-0.001701851
-0.001701851
-0.001701851
-0.001701851
-0.001701851
-0.001701851
-0.001701851
-0.001701851
-0.001701851
-0.017534383
-0.017534383
-0.017534383
-0.017534383
-0.017534383
-0.017534383
-0.017534383
-0.017534383
-0.017534383
-0.017534383
-0.017534383
-0.017534383
-0.017534383
-0.017534383
-0.017534383
-0.017534383
-0.017534383
-0.017534383
-0.017534383
-0.017534383
-0.017534383
-0.017534383
-0.017534383
-0.017534383
-0.017284632
-0.017284632
-0.017284632
-0.017284632
-0.017284632
-0.017284632
-0.017284632
-0.017284632
-0.017284632
-0.017284632
-0.017284632
-0.017284632
-0.017284632
-0.017284632
-0.017284632
-0.017284632
-0.017284632
-0.017284632
-0.017284632
-0.017284632
-0.017284632
-0.017284632
-0.017284632
-0.017284632
-0.017034881
-0.017034881
-0.017034881
-0.017034881
-0.017034881
-0.017034881
-0.017034881
-0.017034881
-0.017034881
-0.017034881
-0.017034881
-0.017034881
-0.017034881
-0.017034881
-0.017034881
-0.017034881
-0.017034881
-0.017034881
-0.017034881
-0.017034881
-0.017034881
-0.017034881
-0.017034881
-0.017034881
-0.01678513
-0.01678513
-0.01678513
-0.01678513
-0.01678513
-0.01678513
-0.01678513
-0.01678513
-0.01678513
-0.01678513
-0.01678513
-0.01678513
-0.01678513
-0.01678513
-0.01678513
-0.01678513
-0.01678513
-0.016785129
-0.01678513
-0.01678513
-0.016785129
-0.016785129
-0.016785129
-0.016785129
-0.0015343828
-0.0015343828
-0.0015343828
-0.0015343828
-0.0015343828
-0.0015343828
-0.0015343828
-0.0015343828
-0.0015343828
-0.0015343828
-0.0015343828
-0.0015343828
-0.0015343828
-0.0015343828
-0.0015343828
-0.0015343828
-0.0015343828
-0.0015343828
-0.0015343828
-0.0015343828
-0.0015343828
-0.0015343828
-0.0015343828
-0.0015343828
-0.0012846317
-0.0012846317
-0.0012846317
-0.0012846317
-0.0012846317
-0.0012846317
-0.0012846317
-0.0012846317
-0.0012846317
-0.0012846317
-0.0012846317
-0.0012846317
-0.0012846317
-0.0012846317
-0.0012846317
-0.0012846317
-0.0012846317
-0.0012846317
-0.0012846317
-0.0012846317
-0.0012846317
-0.0012846317
-0.0012846317
-0.0012846317
-0.0010348806
-0.0010348806
-0.0010348806
-0.0010348806
-0.0010348806
-0.0010348806
-0.0010348806
-0.0010348806
-0.0010348806
-0.0010348806
-0.0010348806
-0.0010348806
-0.0010348806
-0.0010348806
-0.0010348806
-0.0010348806
-0.0010348806
-0.0010348806
-0.0010348806
-0.0010348806
-0.0010348806
-0.0010348806
-0.0010348806
-0.0010348806
-0.00078512952
-0.00078512951
-0.00078512951
-0.00078512951
-0.00078512951
-0.00078512951
-0.00078512951
-0.00078512951
-0.00078512951
-0.00078512951
-0.00078512951
-0.00078512951
-0.00078512951
-0.0007851295
-0.0007851295
-0.0007851295
-0.0007851295
-0.0007851295
-0.0007851295
-0.0007851295
-0.0007851295
-0.0007851295
-0.0007851295
-0.0007851295
-0.016461606
-0.016461606
-0.016461606
-0.016461606
-0.016461606
-0.016461606
-0.016461606
-0.016461606
-0.016461606
-0.016461606
-0.016461606
-0.016461606
-0.016461606
-0.016461606
-0.016461606
-0.016461606
-0.016461606
-0.016461606
-0.016461606
-0.016461606
-0.016461606
-0.016461606
-0.016461606
-0.016461606
-0.016064309
-0.016064309
-0.016064309
-0.016064309
-0.016064309
-0.016064309
-0.016064309
-0.016064309
-0.016064309
-0.016064309
-0.016064309
-0.016064309
-0.016064309
-0.016064309
-0.016064309
-0.016064309
-0.016064309
-0.016064309
-0.016064309
-0.016064309
-0.016064309
-0.016064309
-0.016064309
-0.016064309
-0.015667013
-0.015667013
-0.015667013
-0.015667013
-0.015667013
-0.015667013
-0.015667013
-0.015667013
-0.015667013
-0.015667013
-0.015667013
-0.015667013
-0.015667013
-0.015667013
-0.015667013
-0.015667013
-0.015667013
-0.015667013
-0.015667013
-0.015667013
-0.015667013
-0.015667013
-0.015667013
-0.015667013
-0.015269716
-0.015269716
-0.015269716
-0.015269716
-0.015269716
-0.015269716
-0.015269716
-0.015269716
-0.015269716
-0.015269716
-0.015269716
-0.015269716
-0.015269716
-0.015269716
-0.015269716
-0.015269716
-0.015269716
-0.015269716
-0.015269716
-0.015269716
-0.015269716
-0.015269716
-0.015269716
-0.015269716
-0.00046160596
-0.00046160597
-0.00046160597
-0.00046160597
-0.00046160597
-0.00046160598
-0.00046160598
-0.00046160599
-0.00046160599
-0.00046160599
-0.000461606
-0.00046160599
-0.000461606
-0.000461606
-0.00046160601
-0.00046160601
-0.00046160601
-0.00046160602
-0.00046160602
-0.00046160602
-0.00046160603
-0.00046160603
-0.00046160604
-0.00046160604
-6.4309274e-05
-6.4309271e-05
-6.4309273e-05
-6.4309276e-05
-6.4309275e-05
-6.4309275e-05
-6.4309279e-05
-6.4309274e-05
-6.4309281e-05
-6.4309279e-05
-6.430928e-05
-6.4309284e-05
-6.430928e-05
-6.4309286e-05
-6.4309287e-05
-6.4309283e-05
-6.430929e-05
-6.4309291e-05
-6.4309287e-05
-6.4309293e-05
-6.4309292e-05
-6.4309293e-05
-6.4309297e-05
-6.4309293e-05
0.00033298743
0.00033298742
0.00033298742
0.00033298742
0.00033298742
0.00033298743
0.00033298743
0.00033298743
0.00033298743
0.00033298743
0.00033298743
0.00033298743
0.00033298743
0.00033298744
0.00033298744
0.00033298743
0.00033298744
0.00033298744
0.00033298744
0.00033298744
0.00033298744
0.00033298744
0.00033298745
0.00033298745
0.00073028411
0.00073028412
0.00073028412
0.00073028412
0.00073028413
0.00073028413
0.00073028413
0.00073028414
0.00073028414
0.00073028414
0.00073028414
0.00073028415
0.00073028415
0.00073028415
0.00073028415
0.00073028416
0.00073028416
0.00073028417
0.00073028417
0.00073028418
0.00073028418
0.00073028418
0.00073028419
0.00073028419
-0.014812185
-0.014812185
-0.014812185
-0.014812185
-0.014812185
-0.014812185
-0.014812185
-0.014812185
-0.014812185
-0.014812185
-0.014812185
-0.014812185
-0.014812185
-0.014812185
-0.014812185
-0.014812185
-0.014812185
-0.014812185
-0.014812185
-0.014812185
-0.014812185
-0.014812185
-0.014812185
-0.014812185
-0.014294418
-0.014294418
-0.014294418
-0.014294418
-0.014294418
-0.014294418
-0.014294418
-0.014294418
-0.014294418
-0.014294418
-0.014294418
-0.014294418
-0.014294418
-0.014294418
-0.014294418
-0.014294418
-0.014294418
-0.014294418
-0.014294418
-0.014294418
-0.014294418
-0.014294418
-0.014294418
-0.014294418
-0.01377665
-0.01377665
-0.01377665
-0.01377665
-0.01377665
-0.01377665
-0.01377665
-0.01377665
-0.01377665
-0.01377665
-0.01377665
-0.01377665
-0.01377665
-0.01377665
-0.01377665
-0.01377665
-0.01377665
-0.01377665
-0.01377665
-0.01377665
-0.01377665
-0.01377665
-0.01377665
-0.01377665
-0.013258883
-0.013258883
-0.013258883
-0.013258883
-0.013258883
-0.013258883
-0.013258883
-0.013258883
-0.013258883
-0.013258883
-0.013258883
-0.013258883
-0.013258883
-0.013258883
-0.013258883
-0.013258883
-0.013258883
-0.013258883
-0.013258883
-0.013258883
-0.013258883
-0.013258883
-0.013258883
-0.013258883
0.0011878152
0.0011878152
0.0011878152
0.0011878152
0.0011878152
0.0011878152
0.0011878152
0.0011878152
0.0011878152
0.0011878152
0.0011878152
0.0011878151
0.0011878151
0.0011878151
0.0011878151
0.0011878151
0.0011878151
0.0011878151
0.0011878151
0.0011878151
0.0011878151
0.0011878151
0.0011878151
0.001187815
0.0017055825
0.0017055825
0.0017055825
0.0017055825
0.0017055825
0.0017055825
0.0017055825
0.0017055825
0.0017055824
0.0017055825
0.0017055824
0.0017055824
0.0017055824
0.0017055824
0.0017055824
0.0017055824
0.0017055824
0.0017055824
0.0017055824
0.0017055824
0.0017055824
0.0017055824
0.0017055824
0.0017055824
0.0022233497
0.0022233497
0.0022233497
0.0022233497
0.0022233497
0.0022233497
0.0022233497
0.0022233497
0.0022233497
0.0022233497
0.0022233497
0.0022233497
0.0022233497
0.0022233497
0.0022233498
0.0022233498
0.0022233498
0.0022233498
0.0022233498
0.0022233498
0.0022233498
0.0022233498
0.0022233498
0.0022233498
0.002741117
0.002741117
0.002741117
0.002741117
0.002741117
0.002741117
0.002741117
0.002741117
0.002741117
0.002741117
0.002741117
0.002741117
0.002741117
0.0027411171
0.0027411171
0.0027411171
0.0027411171
0.0027411171
0.0027411171
0.0027411171
0.0027411171
0.0027411171
0.0027411171
0.0027411171
-0.012698525
-0.012698525
-0.012698525
-0.012698525
-0.012698525
-0.012698525
-0.012698525
-0.012698525
-0.012698525
-0.012698525
-0.012698525
-0.012698525
-0.012698525
-0.012698525
-0.012698525
-0.012698525
-0.012698525
-0.012698525
-0.012698525
-0.012698525
-0.012698525
-0.012698525
-0.012698525
-0.012698525
-0.012095572
-0.012095572
-0.012095572
-0.012095572
-0.012095572
-0.012095572
-0.012095572
-0.012095572
-0.012095572
-0.012095572
-0.012095572
-0.012095572
-0.012095572
-0.012095572
-0.012095572
-0.012095572
-0.012095572
-0.012095572
-0.012095572
-0.012095572
-0.012095572
-0.012095572
-0.012095572
-0.012095572
-0.011492619
-0.011492619
-0.011492619
-0.011492619
-0.011492619
-0.011492619
-0.011492619
-0.011492619
-0.011492619
-0.011492619
-0.011492619
-0.011492619
-0.011492619
-0.011492619
-0.011492619
-0.011492619
-0.011492619
-0.011492619
-0.011492619
-0.011492619
-0.011492619
-0.011492619
-0.011492619
-0.011492619
-0.010889666
-0.010889666
-0.010889666
-0.010889666
-0.010889666
-0.010889666
-0.010889666
-0.010889666
-0.010889666
-0.010889666
-0.010889666
-0.010889666
-0.010889666
-0.010889666
-0.010889666
-0.010889666
-0.010889666
-0.010889666
-0.010889666
-0.010889666
-0.010889666
-0.010889666
-0.010889666
-0.010889666
0.0033014755
0.0033014755
0.0033014755
0.0033014755
0.0033014755
0.0033014754
0.0033014754
0.0033014754
0.0033014754
0.0033014754
0.0033014754
0.0033014754
0.0033014754
0.0033014754
0.0033014754
0.0033014753
0.0033014753
0.0033014753
0.0033014753
0.0033014753
0.0033014753
0.0033014753
0.0033014752
0.0033014752
0.0039044283
0.0039044283
0.0039044283
0.0039044283
0.0039044283
0.0039044283
0.0039044283
0.0039044283
0.0039044283
0.0039044283
0.0039044283
0.0039044283
0.0039044283
0.0039044283
0.0039044283
0.0039044283
0.0039044283
0.0039044283
0.0039044283
0.0039044283
0.0039044283
0.0039044283
0.0039044283
0.0039044283
0.0045073812
0.0045073812
0.0045073812
0.0045073812
0.0045073812
0.0045073812
0.0045073812
0.0045073812
0.0045073812
0.0045073812
0.0045073812
0.0045073812
0.0045073812
0.0045073812
0.0045073813
0.0045073813
0.0045073813
0.0045073813
0.0045073813
0.0045073813
0.0045073813
0.0045073813
0.0045073813
0.0045073813
0.0051103341
0.0051103341
0.0051103341
0.0051103341
0.0051103341
0.0051103341
0.0051103341
0.0051103341
0.0051103341
0.0051103342
0.0051103342
0.0051103342
0.0051103342
0.0051103342
0.0051103342
0.0051103342
0.0051103342
0.0051103342
0.0051103343
0.0051103343
0.0051103343
0.0051103343
0.0051103343
0.0051103343
-0.010264668
-0.010264668
-0.010264668
-0.010264668
-0.010264668
-0.010264668
-0.010264668
-0.010264668
-0.010264668
-0.010264668
-0.010264668
-0.010264668
-0.010264668
-0.010264668
-0.010264668
-0.010264668
-0.010264668
-0.010264668
-0.010264668
-0.010264668
-0.010264668
-0.010264668
-0.010264668
-0.010264668
-0.0096176193
-0.0096176193
-0.0096176193
-0.0096176193
-0.0096176193
-0.0096176193
-0.0096176193
-0.0096176193
-0.0096176193
-0.0096176194
-0.0096176194
-0.0096176194
-0.0096176194
-0.0096176194
-0.0096176194
-0.0096176194
-0.0096176194
-0.0096176194
-0.0096176194
-0.0096176194
-0.0096176194
-0.0096176194
-0.0096176194
-0.0096176194
-0.0089705711
-0.0089705711
-0.0089705711
-0.0089705711
-0.0089705711
-0.0089705711
-0.0089705711
-0.0089705711
-0.0089705711
-0.0089705711
-0.0089705711
-0.0089705711
-0.0089705711
-0.0089705711
-0.0089705711
-0.0089705711
-0.0089705711
-0.0089705711
-0.0089705711
-0.008970571
-0.008970571
-0.008970571
-0.008970571
-0.008970571
-0.0083235229
-0.0083235229
-0.0083235229
-0.0083235229
-0.0083235229
-0.0083235229
-0.0083235229
-0.0083235229
-0.0083235229
-0.0083235228
-0.0083235228
-0.0083235228
-0.0083235228
-0.0083235228
-0.0083235228
-0.0083235228
-0.0083235227
-0.0083235227
-0.0083235227
-0.0083235227
-0.0083235227
-0.0083235227
-0.0083235226
-0.0083235226
0.0057353325
0.0057353325
0.0057353325
0.0057353325
0.0057353325
0.0057353324
0.0057353324
0.0057353324
0.0057353324
0.0057353324
0.0057353324
0.0057353324
0.0057353323
0.0057353323
0.0057353323
0.0057353323
0.0057353323
0.0057353323
0.0057353323
0.0057353322
0.0057353322
0.0057353322
0.0057353322
0.0057353322
0.0063823807
0.0063823807
0.0063823807
0.0063823807
0.0063823807
0.0063823807
0.0063823807
0.0063823807
0.0063823806
0.0063823806
0.0063823806
0.0063823806
0.0063823806
0.0063823806
0.0063823806
0.0063823806
0.0063823806
0.0063823806
0.0063823806
0.0063823806
0.0063823806
0.0063823806
0.0063823806
0.0063823806
0.0070294289
0.0070294289
0.0070294289
0.0070294289
0.0070294289
0.0070294289
0.0070294289
0.0070294289
0.0070294289
0.0070294289
0.0070294289
0.0070294289
0.0070294289
0.0070294289
0.0070294289
0.0070294289
0.0070294289
0.0070294289
0.0070294289
0.007029429
0.007029429
0.007029429
0.007029429
0.007029429
0.0076764771
0.0076764771
0.0076764771
0.0076764771
0.0076764771
0.0076764771
0.0076764771
0.0076764771
0.0076764771
0.0076764772
0.0076764772
0.0076764772
0.0076764772
0.0076764772
0.0076764772
0.0076764772
0.0076764773
0.0076764773
0.0076764773
0.0076764773
0.0076764773
0.0076764773
0.0076764774
0.0076764774
)
;
    }
}


// ************************************************************************* //
