/*--------------------------------*- C++ -*----------------------------------*\
| =========                 |                                                 |
| \\      /  F ield         | OpenFOAM: The Open Source CFD Toolbox           |
|  \\    /   O peration     | Version:  2512                                  |
|   \\  /    A nd           | Website:  www.openfoam.com                      |
|    \\/     M anipulation  |                                                 |
\*---------------------------------------------------------------------------*/
FoamFile
{
    version     2.0;
    format      ascii;
    arch        "LSB;label=32;scalar=64";
    class       volScalarField;
    location    "1000";
    object      k;
}
// * * * * * * * * * * * * * * * * * * * * * * * * * * * * * * * * * * * * * //

dimensions      [0 2 -2 0 0 0 0];

internalField   nonuniform List<scalar> 
73128
(
0.00281657
0.00548974
0.0068388
0.008063
0.00920668
0.010135
0.0106403
0.0111681
0.0118527
0.0126091
0.0132473
0.013614
0.0136124
0.0132432
0.0126033
0.0118467
0.0111634
0.0106375
0.0101332
0.00920432
0.0080609
0.00683737
0.00548891
0.00281603
0.00688215
0.00453847
0.00480704
0.00577606
0.00697532
0.00813592
0.00919221
0.0101117
0.0108096
0.0113281
0.011686
0.0118765
0.0118757
0.0116836
0.0113243
0.0108046
0.0101064
0.00918682
0.00813062
0.00697062
0.00577212
0.00480402
0.00453713
0.00688447
0.00722311
0.00645707
0.00426474
0.00390735
0.00419579
0.0046085
0.00500996
0.00537327
0.00568463
0.00592788
0.00609294
0.00617649
0.00617634
0.0060925
0.00592717
0.00568372
0.00537223
0.00500884
0.0046074
0.00419483
0.00390683
0.00426482
0.00645679
0.00722284
0.00050953
0.000192899
8.86365e-05
0.000157196
0.000271888
0.000411096
0.000568646
0.000739278
0.000883621
0.000971019
0.00101918
0.00103095
0.000782452
0.000445906
0.000220766
0.000101973
5.22674e-05
2.97749e-05
1.58866e-05
1.23611e-05
2.29104e-05
0.000114766
0.00022345
0.000881561
0.00466157
0.00331283
0.00425743
0.00532071
0.00632732
0.00722989
0.00798511
0.00856426
0.00897512
0.00924302
0.0094015
0.0094667
0.00946641
0.0094007
0.00924185
0.00897359
0.00856227
0.00798255
0.0072269
0.00632424
0.00531797
0.00425523
0.00331117
0.00466015
0.000318323
9.22851e-05
6.94022e-05
0.000128425
0.000214015
0.00031643
0.000432381
0.000565292
0.000706861
0.000802657
0.000843817
0.000742449
0.000445239
0.000238224
0.000124396
7.25639e-05
4.99241e-05
3.26333e-05
1.5387e-05
1.04013e-05
1.25452e-05
4.2269e-05
0.000111186
0.000775096
0.00221853
0.00521742
0.00678419
0.00808141
0.00916134
0.0101416
0.011414
0.0127842
0.0140164
0.0149514
0.0155426
0.0158181
0.0158173
0.0155402
0.0149472
0.0140108
0.0127781
0.0114088
0.0101386
0.00916055
0.0080803
0.0067837
0.00521715
0.00221785
0.00208985
0.00185278
0.00318773
0.00478255
0.00628273
0.00763117
0.0088121
0.00979581
0.0105614
0.011098
0.011427
0.0115814
0.0115812
0.0114266
0.011098
0.0105625
0.00979826
0.00881574
0.00763578
0.00628815
0.00478823
0.00319233
0.00185351
0.00208754
0.0054585
0.00600909
0.00415815
0.00371945
0.00400318
0.00447802
0.0049482
0.00536159
0.00570383
0.00596692
0.00614557
0.00623619
0.00623609
0.00614529
0.00596647
0.00570323
0.00536087
0.00494741
0.00447721
0.00400245
0.00371889
0.00415756
0.0060076
0.00545877
0.00478739
0.00455152
0.0060994
0.00815385
0.0102645
0.012321
0.0142708
0.0160398
0.0175041
0.0185985
0.019324
0.0196863
0.0196848
0.0193195
0.0185911
0.0174941
0.0160278
0.0142574
0.012307
0.0102509
0.00814163
0.00609047
0.004548
0.00478816
0.000401834
0.00098139
0.00161618
0.0019251
0.00208389
0.00222626
0.00239115
0.00256687
0.00273456
0.00287626
0.00297703
0.00302907
0.00302928
0.00297762
0.00287717
0.00273563
0.00256794
0.00239219
0.00222733
0.00208516
0.00192711
0.00161891
0.000984095
0.000401216
0.00390465
0.00530633
0.00719472
0.00940194
0.0117705
0.013984
0.0157701
0.0170832
0.017998
0.0186127
0.0190059
0.019197
0.0191958
0.0190028
0.018608
0.0179922
0.0170762
0.0157618
0.0139745
0.0117615
0.00939497
0.00719045
0.00530425
0.00390322
0.00362608
0.00515491
0.00506528
0.00565459
0.00658017
0.00756103
0.00848527
0.00931134
0.010012
0.0105577
0.010928
0.0111168
0.0111166
0.0109274
0.0105566
0.0100105
0.00930966
0.00848353
0.00755936
0.0065787
0.00565349
0.00506441
0.00515393
0.00362657
0.00409688
0.0039287
0.00328485
0.00335444
0.00368657
0.00403549
0.00432954
0.00456649
0.00474852
0.00487941
0.00496189
0.00500026
0.00500019
0.00496168
0.0048791
0.00474813
0.00456608
0.00432911
0.00403509
0.00368619
0.00335398
0.00328396
0.00392701
0.00409764
0.00399061
0.00598296
0.00711554
0.00883329
0.0109788
0.0131333
0.0150319
0.0165699
0.0177391
0.0185927
0.0191681
0.0194688
0.0194681
0.0191665
0.01859
0.0177356
0.0165653
0.0150262
0.0131271
0.0109734
0.00882946
0.0071135
0.00598209
0.00399013
0.000532737
0.000564376
0.000550447
0.0005158
0.000438801
0.000374152
0.000441017
0.000673328
0.000350411
0.000236316
0.00021357
0.000195303
0.000174196
0.000157962
0.000162671
0.000253932
0.000416765
0.000328075
0.000347874
0.000434476
0.000515953
0.000551534
0.000566603
0.000537646
0.00496426
0.00266439
0.00308204
0.00373499
0.00439203
0.0049987
0.00551043
0.00589652
0.00616047
0.00632353
0.00641545
0.00644813
0.00644789
0.00641482
0.00632266
0.00615938
0.00589511
0.00550862
0.00499659
0.00438993
0.00373323
0.00308074
0.0026635
0.00496331
0.00317247
0.00328584
0.00344847
0.0043835
0.00556555
0.00665227
0.00779254
0.00928276
0.0111066
0.0127769
0.0134666
0.0128335
0.0127344
0.0134048
0.0136744
0.0128722
0.0113279
0.00940392
0.00745914
0.00573055
0.00431494
0.00337843
0.00326936
0.0031748
0.0010873
0.00104698
0.00106812
0.00139976
0.00213114
0.00336097
0.00372345
0.00160056
0.00118268
0.00123703
0.00135174
0.00136472
0.00124602
0.0010468
0.000860476
0.000866359
0.00143307
0.00250774
0.00228288
0.00170025
0.00127191
0.00103793
0.00104065
0.00108719
0.00584675
0.00630674
0.00460731
0.00419076
0.0045475
0.00517278
0.00580503
0.00634905
0.0067803
0.00709774
0.00730589
0.00740889
0.00740875
0.00730543
0.00709695
0.00677917
0.00634761
0.00580339
0.00517115
0.00454624
0.00419021
0.00460713
0.00630641
0.00584675
0.00061479
0.000980812
0.000927366
0.00095167
0.00091976
0.000846575
0.000756426
0.000656676
0.000554486
0.000463332
0.000391905
0.000345867
0.000344923
0.000390023
0.000461195
0.000552236
0.00065465
0.000754976
0.000845517
0.000919077
0.00095146
0.000927399
0.00098078
0.000619385
0.00546611
0.00600629
0.00415441
0.00370391
0.0039791
0.00444878
0.00491438
0.00532297
0.00566058
0.00591977
0.00609558
0.00618471
0.00618461
0.00609531
0.00591933
0.00566
0.00532227
0.00491361
0.00444799
0.00397839
0.00370335
0.00415376
0.0060047
0.00546644
0.00681149
0.00530086
0.00596654
0.00759105
0.00942217
0.0112294
0.012971
0.0145518
0.0157745
0.0167011
0.0173333
0.0176427
0.0176418
0.0173306
0.0166967
0.0157685
0.0145444
0.0129627
0.0112208
0.00941367
0.00758324
0.00596117
0.00529817
0.00681123
0.0104504
0.0049508
0.00443291
0.0049256
0.00564128
0.00630023
0.00687558
0.00736419
0.00773399
0.00800866
0.00819405
0.00828837
0.00828797
0.00819285
0.00800674
0.00773152
0.00736151
0.00687289
0.00629758
0.00563897
0.00492372
0.0044314
0.00495005
0.0104518
0.00344944
0.00565755
0.00700708
0.00852226
0.0101479
0.011569
0.0125599
0.0132922
0.0139818
0.0146601
0.015228
0.0155571
0.0155556
0.0152242
0.0146551
0.0139767
0.0132879
0.0125565
0.0115657
0.0101443
0.00851932
0.00700537
0.00565669
0.00344905
0.00300798
0.00560748
0.00694991
0.00826057
0.00950935
0.0104781
0.0109385
0.011438
0.0120908
0.012828
0.0134651
0.0138376
0.0138359
0.0134608
0.0128222
0.0120849
0.0114335
0.0109358
0.0104765
0.0095069
0.00825834
0.00694844
0.00560667
0.00300747
0.00343686
0.005621
0.0070179
0.00855236
0.0101712
0.0115846
0.0125577
0.0132699
0.0139321
0.0145838
0.015135
0.015459
0.0154576
0.0151313
0.0145789
0.0139271
0.0132657
0.0125544
0.0115812
0.0101676
0.00854936
0.0070161
0.00562005
0.00343654
0.00831384
0.00574326
0.00556557
0.00589535
0.00663766
0.00747841
0.00825237
0.00894965
0.00958803
0.0101498
0.0105097
0.0103829
0.0104766
0.0105961
0.0102775
0.00973161
0.00908072
0.00835433
0.00754906
0.00668201
0.00591982
0.00557469
0.00574419
0.00832155
0.000100976
7.15144e-05
8.29835e-05
9.50806e-05
0.000111954
0.000135309
0.0001661
0.000206568
0.000254731
0.00028735
0.000266067
0.000208281
0.000178954
0.000171378
0.000170669
0.000175803
0.000181255
0.000183858
0.00018336
0.000180755
0.000178503
0.000178749
0.00017581
0.000179293
0.00566914
0.00600119
0.00456084
0.00422383
0.0046033
0.00523515
0.00586591
0.00639866
0.00681093
0.00710708
0.00729746
0.00739065
0.00739064
0.00729738
0.00710689
0.0068106
0.00639819
0.00586535
0.00523459
0.00460286
0.0042235
0.00456028
0.00600091
0.0056695
0.00504576
0.00593024
0.00668984
0.00825426
0.0103411
0.0124967
0.0144631
0.016057
0.0171528
0.0178741
0.0183133
0.0185271
0.018527
0.0183132
0.0178738
0.0171517
0.0160541
0.0144573
0.01249
0.0103349
0.0082498
0.00668775
0.00592975
0.00504577
0.00343532
0.00591997
0.0072545
0.00896382
0.0108911
0.0126375
0.0140348
0.0151408
0.0160806
0.0168807
0.0174773
0.0178012
0.0178001
0.0174745
0.0168764
0.0160756
0.0151358
0.0140301
0.0126328
0.0108866
0.00896029
0.00725254
0.00591911
0.00343483
0.00352785
0.00313374
0.00326349
0.00357113
0.003888
0.00417489
0.00441513
0.00461794
0.004777
0.00488975
0.00495567
0.00498002
0.00497982
0.00495513
0.00488898
0.00477607
0.00461691
0.00441408
0.00417388
0.0038871
0.00357038
0.00326281
0.00313307
0.00352786
0.00503672
0.00540135
0.0050074
0.00539423
0.00625381
0.0072381
0.00820093
0.00908594
0.00985321
0.0104543
0.0108551
0.0110538
0.0110535
0.0108541
0.0104528
0.00985138
0.00908386
0.00819881
0.00723604
0.00625202
0.00539294
0.00500657
0.00540053
0.00503719
0.000334746
0.000964898
0.00159162
0.00192712
0.00212448
0.00231178
0.00251096
0.00270957
0.00289119
0.00304044
0.00314464
0.0031978
0.00319801
0.00314524
0.00304138
0.0028923
0.00271072
0.00251212
0.00231302
0.002126
0.00192938
0.00159474
0.000968232
0.00033438
0.00235235
0.00461529
0.00326551
0.00307363
0.00335313
0.00367817
0.00392166
0.00408206
0.00418187
0.00424456
0.00427966
0.00429499
0.00429514
0.00428014
0.00424526
0.00418259
0.00408277
0.0039225
0.0036792
0.00335421
0.00307377
0.00326144
0.0046017
0.00237509
0.000565166
0.000914884
0.00090891
0.000922722
0.000870584
0.000777903
0.000669885
0.000554957
0.000441972
0.00034335
0.000267548
0.000232045
0.000228605
0.000263542
0.000338516
0.000438152
0.000552109
0.000668019
0.000776681
0.000869869
0.000922545
0.000909162
0.000915753
0.000570096
0.00385911
0.00540198
0.00702508
0.00887244
0.0109172
0.0128128
0.0142577
0.0152257
0.0158402
0.0162375
0.0165091
0.0166548
0.0166535
0.0165057
0.0162327
0.0158348
0.0152198
0.0142508
0.0128048
0.0109095
0.00886646
0.00702153
0.00540026
0.00385789
0.000677999
0.000206566
0.000329912
0.00016121
0.000138573
0.000270072
0.00044569
0.000636366
0.00081244
0.000938396
0.00100988
0.000958576
0.000735922
0.000482586
0.000279712
0.000151333
8.31342e-05
4.99453e-05
3.38428e-05
2.66147e-05
4.26995e-05
0.000171479
0.000203346
0.000732429
0.00742856
0.00544446
0.00526137
0.00559783
0.00633739
0.00715107
0.00787643
0.00848343
0.00900639
0.00948264
0.00989931
0.0101489
0.0101827
0.009958
0.00955721
0.0090795
0.00854445
0.00792132
0.0071832
0.00635822
0.00560873
0.00526226
0.00543915
0.00743095
0.00651296
0.00502405
0.00498219
0.00498061
0.0049806
0.00498054
0.00498046
0.00498041
0.00498037
0.00498035
0.00498034
0.00498033
0.00498033
0.00498034
0.00498035
0.00498037
0.00498041
0.00498046
0.00498054
0.0049806
0.00498061
0.00498219
0.00502405
0.00651296
0.00122199
0.00217027
0.00160908
0.00163617
0.0017127
0.00169108
0.00158706
0.00144149
0.00129905
0.00120987
0.00118306
0.00125047
0.00122608
0.0011711
0.00120162
0.00129264
0.00143604
0.00158302
0.00168861
0.00171147
0.00163571
0.00160706
0.00216462
0.00122618
0.0175396
0.00897584
0.00710213
0.00743862
0.0082345
0.00901086
0.00978311
0.0104674
0.0110571
0.0115663
0.011925
0.0120587
0.0120981
0.0120377
0.011751
0.0112565
0.0106012
0.00982455
0.0089899
0.00819887
0.00741951
0.00710905
0.00901134
0.0175517
0.00100613
0.000907439
0.00101795
0.00149149
0.00244968
0.00355451
0.00193808
0.000812569
0.000819605
0.00104436
0.00121894
0.00124677
0.00112862
0.000916997
0.000687614
0.000522174
0.000611506
0.00152054
0.00217465
0.00181158
0.00128278
0.000965104
0.000894159
0.00100215
0.00106736
0.00181916
0.00236755
0.00273816
0.00292022
0.00298071
0.00298187
0.00294889
0.00294133
0.00294144
0.00283433
0.00333617
0.00440429
0.00457922
0.0045111
0.00448034
0.00454225
0.00451062
0.00432273
0.00396253
0.00343705
0.00277098
0.00203383
0.00113648
0.00421811
0.00397652
0.00342128
0.00355674
0.00393552
0.00432362
0.00465557
0.00492857
0.00514281
0.00529951
0.00539989
0.0054471
0.00544701
0.00539963
0.00529912
0.00514231
0.00492802
0.004655
0.00432308
0.00393501
0.00355621
0.00342049
0.00397519
0.00421843
0.00416172
0.00556834
0.00727708
0.00958604
0.012128
0.0145563
0.0165761
0.0181482
0.0193218
0.0201528
0.020694
0.0209633
0.0209623
0.0206911
0.0201483
0.0193158
0.0181408
0.0165674
0.0145461
0.0121184
0.00957857
0.00727247
0.00556585
0.00416061
0.000286568
0.000193605
0.000172871
0.000201187
0.000252236
0.000333268
0.000434873
0.000549769
0.00067455
0.000834699
0.00106464
0.00116564
0.00119148
0.00123973
0.00126912
0.00123748
0.00117536
0.00110539
0.00104382
0.000993872
0.00094538
0.000910413
0.00087657
0.0010041
0.00303148
0.00228008
0.00216067
0.00226477
0.00238958
0.00248562
0.00254459
0.0025807
0.00259714
0.00259992
0.00259365
0.0025851
0.00258497
0.00259334
0.00259953
0.00259671
0.00258027
0.00254419
0.00248527
0.0023893
0.00226452
0.00216029
0.00227926
0.00303352
0.0123154
0.00591424
0.00398302
0.00384229
0.00411693
0.00441248
0.00466041
0.0048591
0.00501449
0.00513188
0.00521246
0.00525405
0.00525394
0.00521214
0.00513136
0.00501383
0.00485835
0.0046596
0.00441168
0.00411622
0.00384183
0.00398297
0.0059145
0.0123153
0.000411724
0.000152545
0.000104615
0.00017619
0.000279861
0.000399817
0.000533211
0.000680116
0.000811534
0.00090168
0.000963404
0.00096618
0.000717707
0.000411447
0.000205021
9.54824e-05
4.95283e-05
2.72344e-05
1.25683e-05
1.02146e-05
2.48413e-05
0.000110055
0.000217578
0.000915936
0.00557486
0.0059761
0.004539
0.00416793
0.0045134
0.00511942
0.00572971
0.00624506
0.00664244
0.00692655
0.00710834
0.0071969
0.00719691
0.00710831
0.00692645
0.00664224
0.00624475
0.00572932
0.00511901
0.00451303
0.00416749
0.00453813
0.00597553
0.00557556
0.00442845
0.00606215
0.00713825
0.00891763
0.0111336
0.0133314
0.015241
0.0167521
0.0178464
0.0185999
0.0190762
0.0193139
0.0193137
0.0190755
0.0185986
0.0178442
0.0167483
0.0152355
0.0133251
0.0111278
0.0089135
0.00713621
0.00606153
0.0044282
0.0021012
0.00241512
0.0021763
0.0025685
0.00344874
0.00495744
0.00651719
0.00668358
0.00596061
0.00514427
0.00456482
0.00418173
0.00400067
0.00408668
0.00447146
0.00499727
0.00515167
0.00473769
0.00390603
0.00305381
0.00244618
0.0021421
0.00240725
0.00210367
0.000106205
5.58133e-05
7.19011e-05
9.03557e-05
0.000111847
0.000136021
0.000166623
0.000208115
0.000261193
0.00030106
0.00028363
0.000221839
0.000189448
0.000181077
0.000183875
0.000191612
0.00019837
0.000201712
0.000201777
0.000200214
0.000200936
0.000211319
0.000224881
0.000230265
0.000906831
0.000427509
0.000212989
0.000139858
0.000120192
0.000116365
0.000205092
0.000503745
0.000965307
0.00124891
0.00144087
0.00173711
0.00174123
0.00147554
0.00112288
0.000790818
0.000646477
0.0006475
0.000791955
0.00109376
0.00147649
0.00162627
0.00121687
0.0015291
0.000835575
0.000415009
0.000901733
0.000306863
0.000182838
0.000353493
0.000612924
0.000887661
0.00111401
0.00123885
0.00126969
0.00130563
0.00114223
0.000827219
0.000515929
0.0002841
0.00014845
8.20332e-05
5.1415e-05
3.98024e-05
0.000141068
0.00046615
0.000396139
0.000852783
0.00442393
0.00446975
0.00365593
0.00371009
0.0041113
0.00455112
0.00493802
0.00525973
0.00551486
0.00570378
0.00582707
0.00588683
0.00588675
0.00582685
0.00570346
0.00551445
0.00525928
0.00493756
0.00455067
0.00411086
0.00370959
0.00365509
0.00446822
0.00442433
0.00432641
0.00551475
0.0071813
0.00955817
0.0121669
0.0146684
0.0167881
0.018513
0.0198694
0.0208623
0.021517
0.0218455
0.0218447
0.0215144
0.020858
0.0198634
0.0185054
0.0167792
0.0146577
0.0121569
0.00955023
0.00717633
0.00551203
0.00432534
0.00332595
0.00236178
0.00230575
0.00244452
0.00259623
0.00271687
0.00279849
0.00285602
0.00289081
0.0029078
0.00291082
0.00290633
0.0029062
0.00291049
0.00290736
0.0028903
0.00285548
0.00279795
0.00271638
0.00259576
0.00244412
0.00230529
0.00236114
0.00332689
0.000577204
0.000478347
0.000473209
0.000460311
0.000485008
0.000729703
0.00117773
0.000593827
0.000318654
0.000323663
0.000353391
0.000346544
0.000304488
0.00025111
0.000212142
0.000229975
0.00044137
0.000709897
0.000510585
0.000426806
0.000449394
0.000472776
0.000480768
0.000581235
0.000940906
0.00139967
0.00163287
0.00172115
0.00170468
0.00168873
0.00169525
0.00173065
0.00178076
0.00182875
0.00186324
0.00188174
0.0018818
0.00186335
0.00182891
0.00178097
0.00173096
0.0016958
0.00168978
0.00170649
0.00172356
0.0016355
0.00140183
0.000942021
0.000986433
0.00143665
0.00163965
0.00173297
0.00170228
0.00164846
0.0016221
0.00164375
0.00169259
0.00174425
0.00178266
0.00180269
0.00180275
0.00178278
0.00174444
0.00169281
0.00164404
0.00162265
0.00164965
0.00170443
0.001736
0.0016427
0.00143927
0.000987706
0.000584235
0.00131605
0.00185551
0.00219184
0.0023677
0.00251981
0.002696
0.00288815
0.00308297
0.00326232
0.00340503
0.0034881
0.00348821
0.00340531
0.00326268
0.00308322
0.00288809
0.00269551
0.00251901
0.00236732
0.00219358
0.0018616
0.00132484
0.000582567
0.000849468
0.000969076
0.000873245
0.000912935
0.000971752
0.00116073
0.00173788
0.00223311
0.00132802
0.000968774
0.000861135
0.00079022
0.000719747
0.000672637
0.000696943
0.000934624
0.00140083
0.00123807
0.00101054
0.000935783
0.000905812
0.000872133
0.000970486
0.000853537
0.00055947
0.000112438
0.00012459
0.00015904
5.55228e-05
4.83788e-05
0.00010613
0.000202013
0.000308631
0.000419668
0.000490263
0.000438872
0.000336623
0.000238109
0.000158752
0.000102016
6.36713e-05
3.88989e-05
2.38131e-05
1.7951e-05
5.82374e-05
9.37427e-05
0.000104107
0.000541262
0.00115894
0.00171336
0.00133846
0.00137164
0.00141309
0.00137047
0.00128771
0.0012537
0.00143877
0.00191228
0.00204293
0.00191231
0.00184749
0.00184905
0.00164879
0.00132554
0.00122295
0.00127667
0.00136552
0.00141074
0.00137071
0.00133707
0.00171103
0.00116251
0.00313445
0.00475689
0.00505659
0.00576901
0.00664186
0.0074969
0.00828815
0.00898759
0.00957531
0.010029
0.0103338
0.0104866
0.0104863
0.010333
0.0100277
0.00957359
0.00898567
0.00828622
0.0074951
0.00664034
0.00576785
0.0050557
0.00475598
0.00313472
0.000724995
0.000509719
0.00060122
0.000914215
0.00150466
0.00144269
0.000413877
0.000283104
0.000436104
0.000648069
0.000790459
0.000802188
0.000700794
0.000541057
0.000379846
0.000254723
0.000195186
0.000311546
0.000811847
0.00101104
0.000739128
0.000558157
0.000501521
0.000723035
0.000106012
5.41311e-05
7.88022e-05
0.000115358
0.000160359
0.000214554
0.000284753
0.000371509
0.000468306
0.0005603
0.000604718
0.000544077
0.000447573
0.000364256
0.00029178
0.000226364
0.000167488
0.000126797
0.000106508
0.0001016
0.000107911
0.00014998
0.0002741
0.000682343
0.00244021
0.00420123
0.00303992
0.00290864
0.00317311
0.00346504
0.00368103
0.00382591
0.00391648
0.00396917
0.00399587
0.00400664
0.00400675
0.00399613
0.00396958
0.00391704
0.00382658
0.00368183
0.00346601
0.00317414
0.00290888
0.00303662
0.00419212
0.00245613
0.000128553
2.91002e-05
5.07461e-05
0.000102077
0.000163053
0.000232677
0.000313835
0.000404243
0.000493745
0.000563315
0.000575913
0.000414879
0.000249047
0.000146813
9.8158e-05
7.84609e-05
6.65188e-05
4.55311e-05
1.71116e-05
6.4059e-06
1.31624e-05
3.49345e-05
9.62291e-05
0.000688991
0.00820883
0.00691878
0.00447261
0.0040904
0.00442566
0.00493398
0.00546783
0.00598272
0.00645328
0.00685307
0.00715018
0.00731165
0.00731137
0.0071493
0.00685167
0.00645153
0.00598079
0.00546589
0.0049322
0.00442428
0.00408991
0.00447349
0.00691934
0.00820714
0.00484273
0.00418983
0.00442801
0.00508341
0.00600799
0.00691648
0.00764956
0.00815841
0.00846793
0.00863472
0.00871328
0.00874132
0.00874159
0.00871347
0.00863501
0.00846836
0.00815937
0.00765171
0.00692026
0.00601311
0.00508807
0.00442841
0.00418435
0.00484037
0.00356052
0.0026812
0.00274496
0.00296687
0.00318881
0.00337914
0.00352691
0.00364589
0.0037335
0.00379121
0.00382081
0.00382807
0.0038279
0.00382037
0.00379062
0.00373278
0.00364511
0.00352611
0.00337838
0.00318811
0.00296627
0.00274439
0.00268061
0.00356068
0.00027284
7.45597e-05
6.23877e-05
0.000123365
0.000205163
0.000303061
0.000414722
0.000540952
0.000669701
0.000759526
0.000796324
0.000681527
0.00040522
0.000217891
0.000116238
7.19969e-05
5.26843e-05
3.49735e-05
1.49315e-05
7.09665e-06
1.13004e-05
3.89834e-05
0.000108304
0.000790615
0.00425678
0.00310372
0.00315179
0.00337119
0.00359417
0.00379303
0.00396522
0.00411068
0.00422768
0.00431349
0.00436774
0.00439306
0.00439306
0.00436772
0.00431341
0.00422751
0.00411041
0.00396488
0.00379265
0.0035938
0.00337088
0.0031516
0.00310365
0.00425683
0.00196053
0.00184955
0.00253003
0.00349867
0.00434787
0.00497522
0.00543865
0.00581942
0.00615223
0.00643029
0.00663167
0.00674084
0.00674068
0.00663097
0.00642881
0.0061498
0.00581608
0.00543456
0.00497068
0.00434324
0.00349439
0.00252646
0.00184721
0.00195973
0.000540102
0.000109706
0.000106091
8.22971e-05
4.10127e-05
5.24961e-05
0.000119928
0.000221082
0.000332009
0.000443033
0.000499106
0.00044596
0.000342236
0.00023999
0.00015873
0.000101186
6.23776e-05
3.69035e-05
2.03063e-05
1.2737e-05
4.13125e-05
8.18234e-05
0.000102524
0.00053113
0.00110883
0.00162114
0.00190437
0.00207465
0.00214262
0.00214626
0.00217607
0.0022493
0.00234435
0.00243733
0.00251099
0.00255276
0.0025527
0.00251073
0.00243689
0.00234376
0.00224872
0.00217569
0.00214648
0.0021439
0.00207705
0.00190692
0.00162341
0.00111008
0.00119824
0.00238684
0.00174698
0.00178111
0.00189469
0.00195251
0.00194915
0.00190855
0.00184595
0.00179649
0.00176036
0.00173801
0.00173807
0.00176035
0.00179644
0.00184507
0.00190785
0.00194869
0.00195234
0.0018948
0.00178131
0.00174547
0.00237945
0.00121756
0.00360827
0.00512856
0.00758917
0.0102447
0.0127717
0.0151061
0.017203
0.019039
0.020582
0.021781
0.0226046
0.0230265
0.023025
0.0225997
0.0217727
0.0205707
0.0190253
0.0171875
0.0150898
0.0127558
0.0102304
0.00757809
0.00512226
0.00360716
0.00411224
0.00279244
0.00281231
0.00301269
0.00321991
0.00340471
0.00356506
0.00370159
0.0038126
0.00389486
0.00394723
0.00397194
0.00397195
0.00394723
0.0038948
0.00381246
0.00370137
0.00356477
0.00340439
0.0032196
0.00301243
0.00281215
0.00279238
0.00411232
0.00422189
0.00515538
0.00516443
0.00579821
0.00685733
0.00803318
0.00917974
0.0102323
0.0111528
0.0118809
0.0123729
0.0126207
0.0126203
0.0123718
0.0118791
0.0111505
0.0102297
0.00917716
0.00803075
0.00685532
0.00579685
0.00516362
0.00515466
0.00422264
0.00383463
0.00626558
0.00432123
0.0036254
0.00377131
0.00420066
0.00463182
0.00498286
0.0052447
0.00542645
0.00553967
0.00559448
0.00559447
0.0055398
0.00542669
0.00524506
0.00498331
0.00463235
0.00420115
0.00377139
0.00362376
0.00431474
0.00624818
0.00385291
0.00381655
0.00615999
0.00901051
0.011674
0.0140662
0.0161182
0.0178165
0.019168
0.0201967
0.0209328
0.0214079
0.0216403
0.0216394
0.0214048
0.0209278
0.0201898
0.0191595
0.0178066
0.0161074
0.0140554
0.0116643
0.00900236
0.00615396
0.00381319
0.00451922
0.00470463
0.00373472
0.00371602
0.00410564
0.0045553
0.0049568
0.00529185
0.00555821
0.00575606
0.0058859
0.00594947
0.00594941
0.00588572
0.00575579
0.00555788
0.00529148
0.00495642
0.00455493
0.00410526
0.00371554
0.0037338
0.00470294
0.00451976
0.0120133
0.00600594
0.00406889
0.00389737
0.00417587
0.00448859
0.00476142
0.00499371
0.00519126
0.00535124
0.00544349
0.00549024
0.00549013
0.00544314
0.00535068
0.00519057
0.00499293
0.00476056
0.00448775
0.00417513
0.00389689
0.00406886
0.00600617
0.0120132
0.00576
0.0063744
0.00445408
0.00388882
0.00413016
0.00464745
0.00517967
0.00563866
0.00600333
0.00627263
0.00644982
0.00653781
0.00653767
0.00644939
0.00627189
0.0060023
0.00563738
0.00517823
0.00464602
0.00412903
0.00388821
0.00445348
0.00637282
0.0057606
0.00476306
0.00552932
0.00683789
0.00895698
0.0113719
0.0137187
0.0157496
0.0175001
0.0189475
0.0200512
0.0208006
0.0211821
0.0211814
0.0207981
0.0200469
0.0189414
0.0174926
0.0157411
0.0137089
0.0113622
0.00894952
0.0068334
0.00552708
0.00476244
0.000540654
0.000531584
0.000516876
0.000480661
0.000408831
0.000364423
0.000450555
0.000469357
0.000272227
0.000213616
0.000206477
0.000193532
0.000171453
0.000150144
0.00014506
0.000195752
0.000321665
0.000316633
0.000325922
0.000401276
0.00048027
0.000517944
0.000533816
0.000545325
0.00112114
0.00161371
0.00194252
0.00206805
0.00210674
0.00215024
0.00222755
0.00233174
0.00243803
0.00253058
0.00260053
0.00263988
0.00263982
0.00260029
0.00253018
0.00243753
0.00233139
0.00222741
0.00215055
0.00210777
0.00206984
0.00194469
0.00161556
0.00112222
0.00454922
0.0056668
0.0068579
0.00869512
0.0109714
0.0133178
0.0154102
0.0171554
0.0185049
0.0194748
0.0201117
0.0204323
0.0204314
0.0201093
0.019471
0.0184997
0.017149
0.0154024
0.0133092
0.0109641
0.00868975
0.00685471
0.00566524
0.00454897
0.00429137
0.00536132
0.00467378
0.00505948
0.00584476
0.00669799
0.00750968
0.00823436
0.00884587
0.00931992
0.0096409
0.00980355
0.0098034
0.00964045
0.0093192
0.00884492
0.00823325
0.0075085
0.00669681
0.00584369
0.00505863
0.00467301
0.00536025
0.00429166
0.000117876
5.28653e-05
8.00186e-05
0.000120413
0.000169525
0.000230305
0.000312877
0.00042012
0.000539287
0.000652782
0.000728765
0.000675261
0.000528846
0.000393899
0.000286396
0.000207102
0.000148115
0.000109371
8.93327e-05
8.08018e-05
9.55462e-05
0.000153978
0.000298616
0.000798709
0.00134372
0.00246018
0.0017789
0.00180457
0.00191621
0.00193436
0.00186365
0.00173919
0.00160754
0.00151342
0.00144109
0.00141534
0.00141173
0.00143804
0.00150796
0.001602
0.0017342
0.00185999
0.00193223
0.00191521
0.00180417
0.00177643
0.00245234
0.00134742
0.00388801
0.00450324
0.00347216
0.00333045
0.00361789
0.0039803
0.00429484
0.00454471
0.00473289
0.0048663
0.00495044
0.00499057
0.00499054
0.0049504
0.00486627
0.00473287
0.00454474
0.00429491
0.00398041
0.00361793
0.00333005
0.0034704
0.00449969
0.00389116
0.00686405
0.00577892
0.00526705
0.00591748
0.00707315
0.0083258
0.00952915
0.0106022
0.0115165
0.0122022
0.0126428
0.012857
0.0128566
0.0126416
0.0122004
0.0115141
0.0105991
0.00952594
0.00832252
0.00707027
0.00591542
0.00526602
0.00577845
0.00686496
0.00374156
0.00258759
0.00260772
0.00311276
0.00370959
0.00427384
0.00476014
0.00514358
0.0054217
0.00560462
0.00571195
0.00575471
0.00575458
0.00571159
0.00560409
0.00542096
0.00514253
0.00475874
0.00427217
0.00370788
0.00311125
0.00260653
0.00258679
0.00374111
0.00560489
0.00538297
0.00491014
0.0053028
0.00616074
0.00713514
0.00808522
0.00895743
0.00971462
0.0103075
0.0107
0.0108931
0.0108927
0.010699
0.0103059
0.00971266
0.00895522
0.00808298
0.00713295
0.00615884
0.00530144
0.00490931
0.00538222
0.0056054
0.00128296
0.00259151
0.00184513
0.0018683
0.00199451
0.00203616
0.00198959
0.00188163
0.00175922
0.00167773
0.00160665
0.00156719
0.00156608
0.00160477
0.00167464
0.00175565
0.00187835
0.0019873
0.00203501
0.0019941
0.00186818
0.00184267
0.00258224
0.00128968
0.00454162
0.00537138
0.0050276
0.00542099
0.00627913
0.00725623
0.00820692
0.00907645
0.00982586
0.0104119
0.0108054
0.0110026
0.0110023
0.0108046
0.0104107
0.00982427
0.00907463
0.00820504
0.0072544
0.00627753
0.00541985
0.0050268
0.00537051
0.00454207
0.000573661
0.00102267
0.000982093
0.00101003
0.000977681
0.000902699
0.000810429
0.000707808
0.000601616
0.000504439
0.000424317
0.000370654
0.00036951
0.000421963
0.000501806
0.000599269
0.000705878
0.000809101
0.000901748
0.00097708
0.00100988
0.000982202
0.00102293
0.000579239
0.00496553
0.00350595
0.00425384
0.00510753
0.00597587
0.00677454
0.00740889
0.00783979
0.00809795
0.00824061
0.00832024
0.00834793
0.00834729
0.00831861
0.0082384
0.00809535
0.00783673
0.00740524
0.00677043
0.00597195
0.00510442
0.00425185
0.00350506
0.00496409
0.000580012
0.00108005
0.00103717
0.00106906
0.00104053
0.000967143
0.000874529
0.000774981
0.000676571
0.000589444
0.000521443
0.000479122
0.000478584
0.000520385
0.000588072
0.000674997
0.000773456
0.000873291
0.000966267
0.00104001
0.00106898
0.00103732
0.00108034
0.000586087
0.00599197
0.00547856
0.00629263
0.00804797
0.0101237
0.0121719
0.0139872
0.0155373
0.0168206
0.0178
0.0184743
0.0188144
0.0188137
0.0184719
0.017796
0.0168153
0.0155308
0.0139801
0.0121645
0.0101156
0.00804152
0.00628858
0.00547677
0.00599188
0.00740493
0.00646649
0.00427257
0.00392082
0.00421025
0.00462166
0.00502159
0.00538433
0.00569617
0.00594016
0.00610582
0.00618972
0.00618957
0.00610537
0.00593944
0.00569525
0.00538327
0.00502046
0.00462054
0.00420929
0.00392031
0.00427269
0.00646622
0.00740465
0.00488223
0.0053655
0.00399843
0.0037865
0.00414597
0.00462982
0.00508414
0.00547272
0.00578745
0.0060251
0.00618404
0.00626362
0.00626356
0.00618389
0.00602487
0.00578715
0.00547238
0.00508377
0.00462942
0.00414556
0.003786
0.00399749
0.00536361
0.00488285
0.00441948
0.00537434
0.0049785
0.00536591
0.00620353
0.00715705
0.00808338
0.00892825
0.00965425
0.0102213
0.0106029
0.0107946
0.0107944
0.0106022
0.0102202
0.00965281
0.00892659
0.00808166
0.00715536
0.00620204
0.00536483
0.0049777
0.00537344
0.00441989
0.000724974
0.00040544
0.000192361
0.000232617
0.000362063
0.000527961
0.000728616
0.000958034
0.00115313
0.00123105
0.0012682
0.00138483
0.00127753
0.000816741
0.000424971
0.000182964
7.09988e-05
3.14672e-05
2.00067e-05
4.94699e-05
0.000169554
0.000420454
0.000497768
0.00108462
0.00477363
0.00550849
0.00443428
0.00462424
0.00528026
0.00601271
0.00671145
0.00733426
0.0078583
0.00826339
0.00853742
0.00867606
0.00867595
0.00853708
0.00826283
0.00785756
0.00733339
0.0067105
0.00601176
0.00527937
0.00462351
0.0044336
0.0055074
0.00477382
0.00452377
0.00508238
0.00424655
0.00447851
0.00509618
0.00575039
0.00634664
0.00686115
0.00728456
0.00760774
0.00782495
0.00793355
0.00793345
0.00782465
0.00760727
0.00728395
0.00686046
0.00634589
0.00574964
0.00509548
0.00447788
0.00424583
0.0050812
0.00452388
0.00412484
0.00567109
0.0081683
0.0104836
0.0125664
0.014358
0.0158379
0.0170037
0.0178799
0.0184997
0.0188969
0.0190885
0.0190878
0.0188945
0.0184959
0.0178747
0.0169971
0.0158302
0.0143494
0.0125576
0.0104755
0.00816136
0.00566566
0.00412136
0.00401273
0.00597164
0.00730755
0.00911447
0.0112447
0.0132184
0.0148618
0.0161796
0.0171367
0.0177964
0.0182157
0.0184247
0.0184244
0.0182148
0.0177948
0.0171342
0.0161757
0.0148566
0.0132127
0.0112387
0.00910992
0.00730555
0.00597132
0.00401255
0.00180904
0.002819
0.00217095
0.00219177
0.00236194
0.00243874
0.00242222
0.00238344
0.00243404
0.00259487
0.00278087
0.00292282
0.00286553
0.00268985
0.00250311
0.00238675
0.00236483
0.00241408
0.00243446
0.00235995
0.00219109
0.00216881
0.00281533
0.0018111
0.00179408
0.00382172
0.00270459
0.00265061
0.00290213
0.00311389
0.00323384
0.00328163
0.0032737
0.00321003
0.00313224
0.00308562
0.00308471
0.00313036
0.00320687
0.00327221
0.00328099
0.00323361
0.00311405
0.00290263
0.00265071
0.00270091
0.00380911
0.00180486
0.0016349
0.00429723
0.00543757
0.00604483
0.00649709
0.00735981
0.00863366
0.00993408
0.0109359
0.0116372
0.0120575
0.0122454
0.0122449
0.0120561
0.0116347
0.0109323
0.00992986
0.00862911
0.00735709
0.00649674
0.00604542
0.00543768
0.0042969
0.00163439
0.00581546
0.0063441
0.00423609
0.00365695
0.00387595
0.00432554
0.00478701
0.00519788
0.00553945
0.00580296
0.0059825
0.00607371
0.00607355
0.00598205
0.00580222
0.00553845
0.0051967
0.00478572
0.00432426
0.00387489
0.00365634
0.00423578
0.00634296
0.00581549
0.00442626
0.00445562
0.00363091
0.0036796
0.0040739
0.00450645
0.00488608
0.00520101
0.00545032
0.0056347
0.00575493
0.00581322
0.00581315
0.00575473
0.0056344
0.00544993
0.00520058
0.00488564
0.00450603
0.00407349
0.00367912
0.00363005
0.00445405
0.0044267
0.000261327
8.62203e-05
8.97054e-05
0.000152386
0.000236597
0.00033394
0.000440357
0.000560752
0.000682853
0.000771137
0.000810236
0.000720093
0.000439779
0.000235861
0.000122019
7.14721e-05
4.8871e-05
2.99259e-05
1.34489e-05
6.54411e-06
1.1374e-05
3.99679e-05
0.000114649
0.0008138
0.00333619
0.00240394
0.0022661
0.00239109
0.00255012
0.00268053
0.00276996
0.00283307
0.0028721
0.00289243
0.00289806
0.00289543
0.0028953
0.00289775
0.00289202
0.00287163
0.00283258
0.00276948
0.00268007
0.00254971
0.00239071
0.00226558
0.00240301
0.00333738
0.00560772
0.00476693
0.00609005
0.00801104
0.0100101
0.0119607
0.0138383
0.0156074
0.0171752
0.0183277
0.0190805
0.0194506
0.019449
0.0190757
0.01832
0.0171651
0.0155955
0.0138253
0.0119474
0.00999734
0.00799949
0.00608205
0.0047634
0.00560812
0.004713
0.00531644
0.00427705
0.00444821
0.00506544
0.00574097
0.00636771
0.0069136
0.00736589
0.007713
0.00794767
0.00806613
0.00806604
0.00794741
0.00771258
0.00736534
0.00691296
0.00636702
0.00574027
0.00506476
0.00444759
0.00427636
0.00531526
0.00471313
0.0058483
0.00641756
0.00431885
0.00372207
0.0039446
0.00441988
0.00491152
0.00534737
0.0057065
0.00598112
0.00616691
0.00626085
0.00626067
0.00616638
0.00598024
0.00570531
0.00534593
0.00490994
0.00441833
0.00394335
0.00372144
0.00431863
0.00641646
0.00584835
0.00447354
0.0056016
0.00707267
0.0093073
0.0118326
0.0142862
0.0163848
0.0181201
0.0195032
0.0205239
0.0212004
0.0215403
0.0215395
0.0211978
0.0205195
0.0194972
0.0181126
0.016376
0.0142758
0.0118228
0.00929975
0.00706814
0.00559931
0.00447271
0.00522475
0.00576307
0.00421495
0.00411007
0.00458213
0.00516391
0.00572096
0.00621507
0.00662853
0.00694758
0.00716379
0.00727329
0.0072732
0.00716353
0.00694715
0.00662797
0.0062144
0.00572023
0.00516315
0.00458141
0.00410947
0.00421438
0.00576201
0.00522484
0.00135795
0.00223824
0.00172883
0.00175639
0.00185333
0.00185751
0.00179381
0.00174139
0.00183244
0.00216191
0.00238336
0.00245361
0.0023836
0.00222408
0.00197865
0.0017621
0.00172199
0.00178623
0.00185377
0.0018516
0.0017558
0.00172711
0.00223518
0.00136197
0.000229215
6.07668e-05
7.88615e-05
0.000134826
0.000191187
0.000256088
0.000346597
0.000490012
0.000660525
0.000817406
0.000964023
0.000994898
0.000824164
0.000588378
0.000359836
0.000194099
0.00010787
8.49779e-05
8.69229e-05
0.000118988
0.000194534
0.000304366
0.000432976
0.0010264
0.00954833
0.00525925
0.00473249
0.00540853
0.00640617
0.00743091
0.00843428
0.00940948
0.0103219
0.0111016
0.0116599
0.011898
0.0118973
0.0116581
0.0110987
0.0103184
0.00940543
0.00843015
0.00742684
0.00640246
0.00540546
0.00473035
0.0052582
0.00954983
0.00527138
0.00553591
0.00666645
0.00868822
0.0110146
0.0132337
0.01518
0.0168485
0.018225
0.0192786
0.0200019
0.0203701
0.0203694
0.0199994
0.0192744
0.0182192
0.0168414
0.015172
0.0132251
0.0110052
0.00868105
0.00666212
0.0055337
0.00527066
0.00481316
0.00516911
0.00394462
0.00383251
0.00422913
0.00472018
0.00517271
0.00555731
0.00586787
0.00610183
0.00625787
0.0063357
0.00633564
0.00625771
0.00610159
0.00586757
0.00555697
0.00517235
0.00471981
0.00422874
0.00383203
0.00394372
0.00516737
0.00481364
0.00457733
0.00541467
0.00447439
0.00473287
0.00543033
0.00619093
0.00690848
0.00754329
0.00807574
0.00848699
0.00876554
0.00890672
0.0089066
0.0087652
0.00848643
0.00807499
0.00754242
0.00690754
0.00618998
0.00542945
0.00473213
0.00447368
0.00541357
0.00457753
0.00490034
0.00537376
0.00411547
0.0040817
0.00456339
0.0051329
0.00566326
0.0061224
0.0065
0.00678845
0.00698299
0.00708095
0.00708088
0.00698279
0.00678813
0.00649959
0.00612192
0.00566274
0.00513236
0.00456285
0.00408118
0.00411477
0.00537243
0.00490052
0.00279761
0.00384496
0.00388699
0.00451684
0.00557424
0.00683692
0.00821933
0.00933423
0.0097116
0.00894002
0.00673475
0.00485609
0.00537977
0.00764023
0.00952695
0.0108131
0.0110931
0.00993299
0.00803373
0.00615432
0.0047395
0.00396395
0.00388167
0.00282341
0.00242192
0.00459256
0.00328451
0.00308732
0.00336126
0.00368597
0.00393034
0.00409147
0.0041897
0.00424605
0.00427343
0.00428436
0.00428443
0.00427369
0.00424646
0.0041903
0.00409217
0.0039312
0.00368703
0.00336235
0.00308744
0.00328053
0.00458011
0.00244365
0.00378057
0.00376585
0.00374728
0.00411876
0.00458287
0.00501981
0.00539413
0.00571211
0.00596767
0.00615643
0.00627584
0.00632895
0.00632876
0.00627531
0.00615564
0.0059667
0.00571103
0.00539301
0.00501871
0.00458191
0.00411795
0.0037465
0.00376497
0.00378057
0.00414461
0.00418399
0.00572668
0.00726178
0.00864952
0.00985443
0.0108624
0.0116617
0.0122616
0.0126814
0.0129448
0.0130674
0.0130671
0.0129441
0.0126801
0.0122599
0.0116592
0.0108592
0.00985064
0.00864541
0.00725779
0.00572303
0.00418087
0.00414269
0.00119414
0.00224902
0.00166216
0.00170044
0.00180614
0.00186347
0.00186902
0.00184539
0.00180515
0.00176132
0.00172198
0.00169757
0.00169757
0.00172184
0.00176111
0.00180486
0.00184509
0.00186881
0.00186342
0.00180632
0.00170069
0.00166098
0.00224243
0.00121364
0.0013532
0.00188364
0.001531
0.00158587
0.00168632
0.00175645
0.00192617
0.00237624
0.00298562
0.00331128
0.0033135
0.00300627
0.00292341
0.00303845
0.00280828
0.00249448
0.00208752
0.00181854
0.0017236
0.00167752
0.00158394
0.00152998
0.00188346
0.00135663
0.00516637
0.00572361
0.0042094
0.00411976
0.00460406
0.00519642
0.0057628
0.00626472
0.0066846
0.00700871
0.0072286
0.00734007
0.00733999
0.00722835
0.0070083
0.00668407
0.00626409
0.00576211
0.0051957
0.00460337
0.00411918
0.00420882
0.00572252
0.00516648
0.00435029
0.00511761
0.00516928
0.00588346
0.00699761
0.00821625
0.00939995
0.0104818
0.0114327
0.0121846
0.0126922
0.0129471
0.0129467
0.012691
0.0121828
0.0114303
0.0104791
0.00939724
0.00821368
0.00699553
0.00588209
0.00516856
0.005117
0.00435122
0.00356901
0.00261276
0.00266901
0.0028838
0.00309745
0.00328046
0.00342205
0.00353607
0.00361994
0.00367507
0.00370317
0.00370988
0.00370971
0.00370275
0.00367449
0.00361924
0.00353531
0.00342127
0.00327972
0.00309676
0.00288322
0.00266845
0.00261218
0.00356918
0.00288031
0.00282187
0.00233113
0.00237833
0.00255365
0.0027116
0.00281828
0.00288755
0.00292625
0.00294374
0.00294388
0.00293877
0.00293866
0.0029436
0.00294343
0.00292592
0.00288726
0.00281805
0.00271145
0.00255359
0.00237814
0.00233015
0.00281878
0.00288541
0.00125318
0.00182526
0.00225585
0.00246864
0.00267124
0.00308997
0.00356637
0.0040115
0.00437031
0.00464456
0.00484089
0.00494869
0.00494873
0.00484083
0.00464443
0.00437014
0.00401136
0.00356661
0.00309058
0.00267152
0.00246952
0.00225727
0.00182663
0.00125418
0.00429624
0.00534824
0.00499043
0.00540433
0.00625731
0.00722411
0.00816212
0.00901675
0.00975094
0.0103249
0.0107119
0.0109069
0.0109067
0.0107112
0.0103238
0.00974948
0.00901507
0.00816038
0.0072224
0.00625581
0.00540323
0.00498962
0.00534733
0.00429668
0.00104159
0.000775012
0.000367865
0.000259006
0.000388273
0.000622053
0.000918784
0.00129762
0.00159022
0.00163747
0.00156152
0.00173729
0.00185659
0.00151163
0.000934488
0.000471792
0.000195331
9.40064e-05
0.000100972
0.000314183
0.000737544
0.00114197
0.00100342
0.00138157
0.00334646
0.00340359
0.00277911
0.00279228
0.00302349
0.00325995
0.00343994
0.00357037
0.00365795
0.00371228
0.00374029
0.0037501
0.00375002
0.00374009
0.00371202
0.00365767
0.00357013
0.00343975
0.00325983
0.00302342
0.00279198
0.00277789
0.00340082
0.00334983
0.00290148
0.00214695
0.00212538
0.00223246
0.00232501
0.00238622
0.00241656
0.00242992
0.00242891
0.0024188
0.00240396
0.0023909
0.00239076
0.00240365
0.00241841
0.00242847
0.00242949
0.00241617
0.0023859
0.00232475
0.00223227
0.00212517
0.00214654
0.00290344
0.00391785
0.00433418
0.00337888
0.00328453
0.00357614
0.00392616
0.00422626
0.00446455
0.00464446
0.00477237
0.00485309
0.00489151
0.00489148
0.00485303
0.0047723
0.00464439
0.00446451
0.00422625
0.00392619
0.00357612
0.00328415
0.00337734
0.004331
0.00392068
0.00558685
0.00607564
0.00660756
0.00805958
0.0100609
0.0121465
0.0141039
0.0157185
0.0168139
0.0175331
0.0179672
0.0181761
0.0181761
0.0179674
0.0175332
0.0168132
0.015716
0.014098
0.0121397
0.0100549
0.00805516
0.0066052
0.0060751
0.00558686
0.000440707
0.00101185
0.00175362
0.00213386
0.00233228
0.0025097
0.00270718
0.0029152
0.00311897
0.00329998
0.00343925
0.00351837
0.00351852
0.00343963
0.00330048
0.00311939
0.00291532
0.00270686
0.00250891
0.00233124
0.0021337
0.00175569
0.00101889
0.000440654
0.00104047
0.00308103
0.0044969
0.00486495
0.00492536
0.0051071
0.00541401
0.00575005
0.00604784
0.00628939
0.00647034
0.00657596
0.00657588
0.00646986
0.00628851
0.00604659
0.00574857
0.00541262
0.00510607
0.00492449
0.00486458
0.00449673
0.00308043
0.00104087
0.00201926
0.00174053
0.00239166
0.00330928
0.00411399
0.00470704
0.00514288
0.00549859
0.00580956
0.00607029
0.00626016
0.00636372
0.00636364
0.00625968
0.00606915
0.00580758
0.00549578
0.00513941
0.00470318
0.00411008
0.00330564
0.00238845
0.00173857
0.0020184
0.00429206
0.00479188
0.00425077
0.00458429
0.00521291
0.00584805
0.00641526
0.00690095
0.0072986
0.00760062
0.00780226
0.00790171
0.00790159
0.00780189
0.00760006
0.00729785
0.00690011
0.00641438
0.00584717
0.00521211
0.00458358
0.00425
0.00479076
0.00429213
0.00689106
0.00501754
0.0049621
0.00496056
0.00496076
0.00496073
0.00496065
0.00496059
0.00496054
0.00496051
0.00496049
0.00496049
0.00496049
0.00496049
0.00496051
0.00496054
0.00496059
0.00496065
0.00496073
0.00496076
0.00496056
0.0049621
0.00501754
0.00689106
0.000467106
0.00011031
7.90126e-05
4.39773e-05
4.60012e-05
0.000109027
0.000206737
0.000316913
0.000438506
0.000549556
0.000612246
0.000501105
0.000352457
0.000229084
0.000144791
9.32136e-05
6.2497e-05
4.25308e-05
2.83336e-05
1.85306e-05
1.76389e-05
6.28514e-05
9.92139e-05
0.000574683
0.00444672
0.0052067
0.00512702
0.00573038
0.00676448
0.0079134
0.00903256
0.0100594
0.0109579
0.011668
0.0121464
0.0123864
0.012386
0.0121453
0.0116662
0.0109557
0.0100568
0.00903003
0.007911
0.00676249
0.00572902
0.00512622
0.00520596
0.00444744
0.00106751
0.00172951
0.00214913
0.00212468
0.00183959
0.00158002
0.0014497
0.00143119
0.00147046
0.00152494
0.00156795
0.00158911
0.00158915
0.00156812
0.00152522
0.00147078
0.00143152
0.00145019
0.00158104
0.00184168
0.00212825
0.00215316
0.00173263
0.00106836
0.00074358
0.000418212
0.000775848
0.0014643
0.0012759
0.000224826
0.00021369
0.000440695
0.000744596
0.0010175
0.00114658
0.00113124
0.00098617
0.000760377
0.000526632
0.000334957
0.000202048
0.000121746
0.000102142
0.000432643
0.000836497
0.000589525
0.000374119
0.000721953
0.00412401
0.00518923
0.00468206
0.00514133
0.00594154
0.00677008
0.00753628
0.00820667
0.00876661
0.00919819
0.00949017
0.00963813
0.00963798
0.00948972
0.00919746
0.00876564
0.00820555
0.00753511
0.00676891
0.00594049
0.00514048
0.00468126
0.00518814
0.00412422
0.00544966
0.00567306
0.00474456
0.00488062
0.00551655
0.00627224
0.00700924
0.00768056
0.00825167
0.00869112
0.00898121
0.00912413
0.00912394
0.00898064
0.00869021
0.0082505
0.00767921
0.0070078
0.00627081
0.00551527
0.00487971
0.00474393
0.00567218
0.00544996
0.00376147
0.00495013
0.00725932
0.0097113
0.0120432
0.0142173
0.0162079
0.0179563
0.0194144
0.0205637
0.0213683
0.0217804
0.0217786
0.0213628
0.0205546
0.0194023
0.0179418
0.0161918
0.0142005
0.0120267
0.00969649
0.00724765
0.0049432
0.00376077
0.00545516
0.00596507
0.00415707
0.00380044
0.00413118
0.00462728
0.00511204
0.00553948
0.00589515
0.00616956
0.0063563
0.00645117
0.00645107
0.00635603
0.00616912
0.00589458
0.00553879
0.00511129
0.00462651
0.00413047
0.0037999
0.00415654
0.00596381
0.00545528
0.00385984
0.00568017
0.00711045
0.00889489
0.0109223
0.0127444
0.0141313
0.0151249
0.0158839
0.0164943
0.0169622
0.017227
0.0172256
0.0169588
0.0164897
0.015879
0.0151203
0.0141265
0.012739
0.0109166
0.00889037
0.00710776
0.00567885
0.00385974
0.00363572
0.0049586
0.00721331
0.00978527
0.0122799
0.0145861
0.0166527
0.018487
0.0200276
0.0212197
0.0220347
0.0224517
0.0224504
0.0220304
0.0212123
0.0200175
0.0184746
0.0166387
0.0145715
0.0122656
0.0097724
0.00720368
0.00495455
0.00363529
0.00393735
0.004739
0.00597961
0.00736896
0.00891311
0.0103403
0.0114011
0.0120743
0.0124888
0.0127719
0.0129908
0.0131181
0.0131167
0.0129875
0.0127675
0.0124841
0.0120696
0.0113958
0.0103342
0.00890711
0.00736431
0.00597679
0.00473758
0.00393637
0.00217664
0.00239726
0.00223167
0.00275407
0.0038459
0.00555954
0.00726981
0.00780107
0.00727732
0.00650155
0.005853
0.00542886
0.00521255
0.00527386
0.00569602
0.00599739
0.0059112
0.00525398
0.00426435
0.00328174
0.00255801
0.00217308
0.00238285
0.00218019
0.00340373
0.00241577
0.00234594
0.00248679
0.00264915
0.00278331
0.00287774
0.00294647
0.00299064
0.00301489
0.00302284
0.00302082
0.00302068
0.0030225
0.00301444
0.00299012
0.00294592
0.0028772
0.0027828
0.00264867
0.00248637
0.00234546
0.0024151
0.00340452
0.00500192
0.00556416
0.00420863
0.00419589
0.00471883
0.00533414
0.00591549
0.0064265
0.00685177
0.00717915
0.00740107
0.00751347
0.00751339
0.00740084
0.00717877
0.00685128
0.00642592
0.00591486
0.00533349
0.0047182
0.00419532
0.00420799
0.005563
0.00500204
0.000746398
0.000515103
0.000641984
0.00105113
0.00181867
0.00199876
0.000514841
0.000347621
0.000526931
0.000768869
0.000928593
0.000946209
0.000838142
0.000658905
0.000470266
0.000319051
0.00025356
0.000466609
0.00110591
0.00120041
0.000827104
0.000585194
0.000503882
0.000743614
0.00450453
0.00474874
0.00395231
0.00409838
0.00460144
0.00513772
0.00561677
0.0060229
0.00635144
0.00659886
0.00676297
0.00684378
0.00684369
0.00676271
0.00659846
0.00635092
0.00602231
0.00561616
0.00513712
0.00460087
0.00409782
0.00395155
0.00474746
0.00450468
0.00288468
0.00290964
0.00334954
0.0043996
0.00528225
0.00603477
0.00716471
0.00886936
0.0105914
0.0112616
0.00939956
0.00736245
0.00704043
0.00801243
0.0097562
0.0112886
0.0114347
0.0102772
0.00848609
0.00653339
0.00476977
0.00344533
0.00298017
0.00291954
0.00401567
0.00550016
0.0070722
0.00918766
0.0116255
0.0140157
0.0160235
0.0175968
0.018776
0.0196117
0.0201587
0.0204345
0.0204335
0.0201559
0.0196073
0.0187703
0.0175898
0.0160152
0.0140061
0.0116165
0.00918086
0.00706808
0.00549814
0.00401468
0.00412044
0.00521207
0.00468735
0.0051375
0.00593818
0.00677457
0.00755211
0.00823551
0.00880753
0.00924894
0.00954752
0.00969871
0.00969856
0.00954707
0.0092482
0.00880656
0.00823438
0.00755092
0.00677338
0.00593712
0.00513664
0.00468655
0.00521098
0.00412067
0.00525034
0.00578871
0.00411672
0.00374981
0.00405904
0.00453991
0.00500681
0.00541277
0.00574576
0.00599979
0.00617131
0.00625796
0.00625789
0.00617111
0.00599948
0.00574535
0.00541227
0.00500627
0.00453934
0.00405849
0.00374927
0.00411588
0.00578687
0.00525084
0.00391008
0.00639365
0.00938678
0.0121197
0.0145388
0.0165974
0.0183166
0.0197107
0.0208001
0.0216028
0.0221345
0.0224022
0.0224014
0.0221319
0.0215983
0.0207937
0.0197027
0.0183072
0.0165869
0.0145278
0.0121091
0.00937721
0.00638577
0.00390544
0.00500168
0.0033787
0.00409417
0.00492592
0.00577353
0.00655437
0.00717622
0.0076001
0.00785495
0.00799602
0.00807452
0.0081017
0.00810107
0.00807293
0.00799387
0.00785241
0.00759711
0.00717264
0.00655035
0.00576971
0.0049229
0.00409223
0.00337783
0.00500026
0.00652363
0.00548442
0.00614412
0.00778478
0.00970332
0.0116047
0.0133605
0.0148391
0.0160561
0.0169746
0.0176058
0.0179198
0.0179192
0.0176036
0.016971
0.0160513
0.0148332
0.0133539
0.0115978
0.00969616
0.00777871
0.00614018
0.00548259
0.00652347
0.00491999
0.00515986
0.00495396
0.00552733
0.0065153
0.00761205
0.00868109
0.00966081
0.0105193
0.0111948
0.0116474
0.0118726
0.0118722
0.0116462
0.011193
0.010517
0.0096582
0.0086785
0.00760956
0.00651318
0.00552586
0.00495312
0.00515917
0.00492082
0.00432095
0.00546911
0.00679623
0.0086948
0.0109957
0.0133414
0.0154102
0.0171095
0.0184054
0.0193323
0.0199423
0.0202499
0.020249
0.0199397
0.0193283
0.0184001
0.0171028
0.0154023
0.0133326
0.0109881
0.00868915
0.00679282
0.00546742
0.00432051
0.00573783
0.00590419
0.00544196
0.00575882
0.00645531
0.00702417
0.00725306
0.0074346
0.00757363
0.00767457
0.00774271
0.00778224
0.00778239
0.00774298
0.00767492
0.00757403
0.00743502
0.00725348
0.00702453
0.00645548
0.00575893
0.00544208
0.00590417
0.00573749
0.00300266
0.00264203
0.00228821
0.00236044
0.00252598
0.00266945
0.00276489
0.0028268
0.00286076
0.00287521
0.00287616
0.00287163
0.00287152
0.00287587
0.00287484
0.00286036
0.00282643
0.00276456
0.00266919
0.0025258
0.00236021
0.00228748
0.00263996
0.00300632
0.00348368
0.00682139
0.0103185
0.0134995
0.0162972
0.0186716
0.0206929
0.0223855
0.0237614
0.0248185
0.0255454
0.0259247
0.0259237
0.0255418
0.0248121
0.0237524
0.022374
0.0206794
0.0186566
0.0162813
0.013484
0.0103041
0.00680944
0.00347714
0.00508953
0.00568967
0.00430269
0.00431205
0.00485446
0.00549291
0.00610452
0.00664983
0.00710799
0.00746163
0.00770062
0.00782136
0.00782126
0.00770031
0.00746112
0.00710732
0.00664906
0.00610367
0.00549204
0.00485364
0.00431139
0.0043021
0.00568865
0.00508965
0.000501
0.00020839
0.00012079
0.000189376
0.000300888
0.000429424
0.000572226
0.00073766
0.000893722
0.000987191
0.00104069
0.00106045
0.00080162
0.000454531
0.000227824
0.000103958
5.10334e-05
2.70158e-05
1.3191e-05
1.29729e-05
2.73401e-05
0.000121095
0.000226723
0.000902382
0.000338477
0.000344298
0.000364888
0.000402779
0.000455266
0.000519321
0.000586698
0.000645283
0.000687415
0.000759966
0.000946781
0.000966847
0.000938958
0.000941636
0.000953124
0.000972368
0.000977511
0.000970461
0.000957627
0.000942662
0.000925063
0.000903462
0.000866512
0.000900711
0.00401813
0.00419365
0.00579214
0.0074188
0.00889017
0.0101593
0.0112236
0.0120771
0.0127288
0.0131925
0.0134883
0.0136287
0.0136285
0.0134877
0.0131915
0.0127272
0.0120748
0.0112205
0.0101556
0.00888603
0.00741467
0.00578827
0.00419048
0.00401629
0.00466646
0.00649684
0.00443349
0.00362226
0.00369633
0.00409855
0.00453307
0.0049006
0.00518237
0.00538293
0.00551098
0.0055736
0.00557357
0.00551097
0.00538296
0.00518243
0.00490068
0.00453318
0.00409864
0.00369611
0.00362045
0.00442657
0.00648799
0.00467389
0.000122756
5.54984e-05
8.52688e-05
0.000130985
0.000189654
0.000260479
0.000349676
0.000463715
0.0005915
0.000710303
0.000794107
0.000741412
0.000551188
0.000373071
0.000255189
0.000172946
0.000115886
7.97203e-05
6.02096e-05
5.50341e-05
7.41398e-05
0.000137171
0.000285626
0.000879158
0.00588112
0.00632773
0.00462625
0.00423911
0.00462343
0.00527033
0.00592082
0.00648129
0.00692719
0.00725673
0.00747358
0.00758121
0.00758105
0.00747307
0.00725586
0.00692596
0.00647973
0.00591904
0.00526858
0.0046221
0.00423862
0.00462627
0.00632742
0.00588103
0.00236168
0.00239051
0.00225173
0.00258205
0.00307775
0.00355865
0.00397178
0.00429873
0.00453935
0.00470037
0.00479611
0.0048348
0.0048347
0.00479584
0.00469998
0.00453878
0.00429791
0.00397067
0.00355732
0.00307638
0.00258083
0.00225075
0.00238981
0.00236048
0.00371034
0.00502116
0.0063546
0.00777714
0.00929383
0.010632
0.0115935
0.0122185
0.0126658
0.0130399
0.0133556
0.0135476
0.0135462
0.0133521
0.0130354
0.0126613
0.0122143
0.0115893
0.0106272
0.0092889
0.00777307
0.00635193
0.00501969
0.0037098
0.000468876
0.000479025
0.000497038
0.000443234
0.000340297
0.000243554
0.000231874
0.000429549
0.000251731
0.000167988
0.000148301
0.000132164
0.000116768
0.000106812
0.000110113
0.000153496
0.000138347
0.000151441
0.000226606
0.000338163
0.00044409
0.000498657
0.000481564
0.000473438
0.000408645
0.000169411
0.000123314
0.000188126
0.000285364
0.000397377
0.000521438
0.000672849
0.000815157
0.000912858
0.000983093
0.000990673
0.000735202
0.000424698
0.000218304
0.000102652
5.14171e-05
2.76599e-05
1.50046e-05
1.37954e-05
3.2435e-05
0.000120506
0.000223391
0.000935207
0.00842924
0.00688674
0.00449629
0.00414983
0.00450108
0.00502094
0.00556781
0.00609756
0.00658395
0.00699912
0.00730906
0.00747822
0.00747794
0.00730816
0.00699769
0.00658216
0.00609561
0.00556585
0.00501915
0.0044997
0.00414934
0.00449713
0.00688738
0.00842749
0.00459572
0.00620576
0.00730385
0.00908179
0.0113374
0.0135932
0.0155666
0.0170966
0.0178875
0.0183502
0.0186209
0.018754
0.0187542
0.0186213
0.0183507
0.0178875
0.0170949
0.0155605
0.0135858
0.0113301
0.00907633
0.00730115
0.00620528
0.00459558
0.00404232
0.00428897
0.00399785
0.00434494
0.00489123
0.00542587
0.00589363
0.00629075
0.00661243
0.00685362
0.00701111
0.00708584
0.00708569
0.00701066
0.00685295
0.00661159
0.00628981
0.00589263
0.00542489
0.00489036
0.0043442
0.00399707
0.00428794
0.00404236
0.00447111
0.00468975
0.0036784
0.00362807
0.00399284
0.00442095
0.00480079
0.00511568
0.00536495
0.00554939
0.00567026
0.00572953
0.00572948
0.00567014
0.00554921
0.00536472
0.00511545
0.00480055
0.00442072
0.00399257
0.00362762
0.00367731
0.0046877
0.00447197
0.00292205
0.00479613
0.00350373
0.00325653
0.0035279
0.00388469
0.00417287
0.00437737
0.00451301
0.00459779
0.00464556
0.00466685
0.00466692
0.00464578
0.00459818
0.00451358
0.00437812
0.0041738
0.00388579
0.0035289
0.00325646
0.00349989
0.00478589
0.00293793
0.0073821
0.00561806
0.00495287
0.0054636
0.00644686
0.00756458
0.00864581
0.00961776
0.0104579
0.0111021
0.0115203
0.0117241
0.0117236
0.011519
0.0111
0.0104552
0.00961469
0.00864259
0.00756142
0.0064441
0.00546159
0.00495179
0.00561752
0.00738295
0.00441866
0.0051908
0.00386541
0.0035814
0.00387142
0.00429558
0.00468778
0.00501215
0.00526558
0.00545134
0.00557284
0.00563288
0.00563286
0.00557283
0.00545135
0.00526561
0.00501221
0.00468786
0.00429565
0.00387139
0.00358089
0.00386349
0.00518704
0.00442139
0.00330555
0.00341296
0.00275696
0.00276363
0.00299218
0.00322595
0.00340319
0.00353101
0.00361645
0.00366924
0.00369644
0.00370599
0.00370592
0.00369625
0.00366901
0.00361622
0.00353081
0.00340305
0.00322589
0.00299216
0.00276336
0.00275566
0.00340991
0.00330926
0.0069247
0.00611112
0.00517093
0.00525666
0.00566274
0.00583758
0.00596748
0.00607114
0.00614915
0.00620497
0.00624183
0.00626322
0.00626333
0.00624201
0.00620521
0.00614943
0.00607143
0.00596778
0.00583786
0.005663
0.00525691
0.00517119
0.0061114
0.00692466
0.00597211
0.00658567
0.00448445
0.00390349
0.00417144
0.00471775
0.00528705
0.00579385
0.00621145
0.00653017
0.00674529
0.00685376
0.00685352
0.00674457
0.00652899
0.00620983
0.00579188
0.00528487
0.00471564
0.00416982
0.00390284
0.00448459
0.00658511
0.00597185
0.00586802
0.00587756
0.00574555
0.00666254
0.00803816
0.00947642
0.0107873
0.0118958
0.0128529
0.0135529
0.0140063
0.0142305
0.0142301
0.0140053
0.0135514
0.0128508
0.0118928
0.0107842
0.00947294
0.00803493
0.00666029
0.00574457
0.0058772
0.00586912
0.00671546
0.00568566
0.00471404
0.00483788
0.00546032
0.00620307
0.00692863
0.00759221
0.00815913
0.00859397
0.00887405
0.00900851
0.00900827
0.00887337
0.00859291
0.00815776
0.00759066
0.00692699
0.00620145
0.00545889
0.00483685
0.00471345
0.005685
0.00671584
0.00327624
0.0037058
0.00294274
0.00290298
0.00314605
0.00341159
0.00361909
0.00377049
0.00387334
0.00393841
0.00397357
0.00398736
0.00398731
0.00397343
0.00393824
0.00387318
0.0037704
0.00361908
0.00341166
0.00314613
0.00290272
0.00294115
0.00370234
0.00328108
0.0040668
0.0037054
0.003342
0.00353552
0.00390785
0.00427407
0.00458336
0.0048376
0.00503636
0.00518085
0.00527184
0.00531314
0.00531302
0.00527151
0.00518036
0.00503575
0.00483693
0.00458265
0.00427339
0.00390724
0.00353494
0.00334127
0.00370432
0.00406701
0.0034234
0.00297071
0.00337309
0.00422233
0.00512442
0.0059317
0.00661053
0.00715157
0.0075595
0.0078434
0.00801922
0.00809777
0.00809763
0.00801877
0.00784264
0.00755836
0.00714994
0.00660838
0.00592913
0.00512166
0.00421968
0.00337083
0.00296918
0.00342278
0.00367094
0.00548198
0.00400963
0.00355926
0.00380204
0.00422423
0.00459147
0.00486543
0.00506197
0.00519903
0.00529761
0.00535583
0.00534992
0.00528963
0.00519242
0.00505693
0.00486112
0.0045881
0.00422103
0.00379875
0.00355468
0.00400038
0.00546887
0.00367561
0.00411263
0.00381991
0.00327616
0.00338368
0.00372405
0.00407391
0.00436896
0.00460837
0.00479325
0.00492652
0.00501032
0.00504882
0.00504873
0.00501006
0.00492615
0.00479278
0.00460787
0.00436843
0.0040734
0.00372359
0.00338318
0.00327535
0.00381853
0.00411312
0.00219182
0.00192514
0.00326861
0.00486666
0.00639785
0.00778309
0.00899478
0.0100011
0.0107765
0.0113188
0.0116532
0.0118114
0.0118112
0.0116529
0.0113189
0.0107776
0.0100035
0.00899853
0.00778797
0.00640349
0.00487227
0.00327297
0.00192563
0.00218875
0.0204137
0.00819344
0.00564603
0.00557701
0.00606041
0.00668216
0.00730959
0.00783951
0.00830755
0.00873937
0.00905931
0.00917184
0.00918085
0.00908784
0.00881032
0.00840107
0.00790714
0.00733498
0.00668403
0.00605663
0.00557545
0.00564719
0.00819922
0.02042
0.0040041
0.0056766
0.00706576
0.0089174
0.0111228
0.0132132
0.0149253
0.016225
0.0172054
0.0179483
0.0184677
0.0187464
0.0187453
0.0184648
0.0179443
0.0172007
0.0162198
0.0149196
0.0132067
0.0111164
0.00891256
0.00706298
0.00567531
0.00400407
0.00987548
0.0050346
0.00445385
0.00500368
0.00585126
0.00671328
0.00753822
0.00831596
0.00901874
0.00960125
0.0100517
0.0102762
0.0102756
0.01005
0.00959863
0.00901561
0.00831252
0.00753472
0.00670988
0.00584822
0.00500119
0.00445208
0.00503388
0.00987696
0.00429159
0.00525673
0.00511887
0.00561741
0.00656029
0.00761996
0.00865018
0.00959303
0.0104086
0.0110493
0.0114814
0.011699
0.0116987
0.0114805
0.0110479
0.0104067
0.00959095
0.00864805
0.00761792
0.00655854
0.00561616
0.00511802
0.00525591
0.00429211
0.00313411
0.00470016
0.00502541
0.00573145
0.00656901
0.0073768
0.00812052
0.00877589
0.00932451
0.00974645
0.0100291
0.0101703
0.01017
0.0100282
0.00974512
0.00932282
0.00877399
0.00811861
0.00737502
0.0065675
0.00573029
0.00502452
0.00469926
0.00313432
0.000829894
0.00168223
0.00183736
0.0019729
0.00216539
0.00238401
0.00259725
0.00278618
0.00293911
0.00304801
0.00311115
0.00313702
0.00313713
0.00311159
0.00304899
0.00294055
0.00278787
0.00259895
0.00238552
0.00216657
0.00197376
0.00183837
0.00168434
0.000831552
0.00331614
0.00537755
0.00810274
0.0109955
0.0137325
0.0162168
0.0184251
0.0203522
0.0219665
0.0232236
0.024091
0.024539
0.0245376
0.0240862
0.0232154
0.0219551
0.0203381
0.0184092
0.0162
0.0137159
0.0109805
0.00809104
0.00537071
0.00331461
0.014315
0.00967492
0.00889892
0.00985694
0.0111202
0.0121049
0.0130385
0.0138606
0.0145326
0.0150702
0.0154214
0.0155399
0.0156129
0.015626
0.0153839
0.0148584
0.0140813
0.0131132
0.0120708
0.0110582
0.0098255
0.0089165
0.00974316
0.0143383
0.0036149
0.00297674
0.00347078
0.00435914
0.00526382
0.00606872
0.00674747
0.00728962
0.00769845
0.00798257
0.00815832
0.0082365
0.00823636
0.00815788
0.00798182
0.00769731
0.00728798
0.0067453
0.00606612
0.00526103
0.00435646
0.00346847
0.00297514
0.00361424
0.00297499
0.00264328
0.00226075
0.00232807
0.00249232
0.00263503
0.00272994
0.00279141
0.00282511
0.00283945
0.00284042
0.00283598
0.00283587
0.00284014
0.0028391
0.00282473
0.00279105
0.00272963
0.00263479
0.00249217
0.00232785
0.00225998
0.00264093
0.00297888
0.000910541
0.00109843
0.000948101
0.000978558
0.00100016
0.00104277
0.00131924
0.00208849
0.00225319
0.0015554
0.00127083
0.00112806
0.00106149
0.00108325
0.00128052
0.00172446
0.00151663
0.0011213
0.000991805
0.000988644
0.000976204
0.000947502
0.00109925
0.000915009
0.00637668
0.00551335
0.0048132
0.00508063
0.00583516
0.0067058
0.00755252
0.00832917
0.00899733
0.00951674
0.00985533
0.0100194
0.010019
0.00985443
0.00951536
0.00899559
0.00832719
0.00755049
0.0067038
0.00583339
0.00507934
0.00481242
0.00551267
0.00637711
0.00342031
0.00503588
0.00524411
0.00594555
0.00698471
0.00809708
0.00915857
0.0101144
0.0109317
0.0115706
0.0120026
0.0122222
0.0122219
0.0120016
0.011569
0.0109298
0.0101122
0.00915633
0.00809497
0.00698295
0.00594432
0.00524326
0.00503508
0.00342102
0.00204341
0.00245452
0.00214668
0.00242087
0.00305971
0.00412326
0.0055087
0.00646502
0.00661499
0.00605117
0.00544909
0.00500305
0.00477431
0.00481726
0.00509441
0.00524248
0.00489271
0.00423156
0.00346217
0.00282164
0.00234955
0.00212725
0.00245035
0.00204636
0.00117724
0.00257178
0.00184067
0.00186327
0.0019803
0.0020121
0.00195328
0.00182901
0.00168898
0.00159956
0.001522
0.00147483
0.00147375
0.00151973
0.00159661
0.00168543
0.0018259
0.00195125
0.0020112
0.00198006
0.00186327
0.00183841
0.00256276
0.00118623
0.00542491
0.00539941
0.00642508
0.00828723
0.0104722
0.0125824
0.0143174
0.0158259
0.0170965
0.0180777
0.0187565
0.0191023
0.0191016
0.0187541
0.0180737
0.0170911
0.0158194
0.0143105
0.0125751
0.0104629
0.00828005
0.00642062
0.0053973
0.00542436
0.00552331
0.00606288
0.00416916
0.00371903
0.00399851
0.00447115
0.00494095
0.00535517
0.0056988
0.00596343
0.00614334
0.00623467
0.00623456
0.00614303
0.00596293
0.00569814
0.00535438
0.00494008
0.00447027
0.00399772
0.00371846
0.00416863
0.0060615
0.00552351
0.00520294
0.00477756
0.0062854
0.00836007
0.0104921
0.0125655
0.0145491
0.0163805
0.0179186
0.0190722
0.0198358
0.0202164
0.0202149
0.0198311
0.0190646
0.0179084
0.0163684
0.0145357
0.0125517
0.0104788
0.00834816
0.00627697
0.00477421
0.00520348
0.00416287
0.00517606
0.00465871
0.00511214
0.00590313
0.00671931
0.00747173
0.0081288
0.00867679
0.00909887
0.00938439
0.00952895
0.00952881
0.00938396
0.00909817
0.00867587
0.00812773
0.00747061
0.00671818
0.00590211
0.0051113
0.00465791
0.00517496
0.00416307
0.000889236
0.000952907
0.000868074
0.000928498
0.00104898
0.00139599
0.00223403
0.00256505
0.00140565
0.00111772
0.00100362
0.000925031
0.000847037
0.000802296
0.000859256
0.00114072
0.00177582
0.00153501
0.00115454
0.000985981
0.000915296
0.000865905
0.000954185
0.000892971
0.000951273
0.00142671
0.00108891
0.00111529
0.00112689
0.001064
0.000957542
0.000842771
0.000735098
0.000685687
0.000737859
0.000907538
0.000865459
0.000711728
0.000672471
0.000727545
0.000837408
0.000953656
0.00106119
0.00112522
0.00111457
0.00108774
0.00142286
0.000954844
0.00431003
0.00405629
0.00448302
0.0049922
0.00555464
0.00607396
0.00645325
0.00667767
0.0068044
0.00689614
0.00698357
0.00704139
0.00704068
0.00698192
0.00689411
0.00680239
0.00667571
0.00645111
0.00607148
0.00555214
0.00499013
0.00448156
0.00405536
0.00430926
0.00422806
0.00514018
0.00728186
0.00930629
0.0111612
0.012771
0.0140825
0.0150817
0.0157993
0.0162827
0.0165805
0.0167167
0.0167159
0.0165781
0.016279
0.0157944
0.0150758
0.0140755
0.0127633
0.0111534
0.00929945
0.00727654
0.00513651
0.0042255
0.00395008
0.00534609
0.0072847
0.00963712
0.0121644
0.0145472
0.0165228
0.0180479
0.0191681
0.0199485
0.0204496
0.0206916
0.0206905
0.0204467
0.019944
0.0191622
0.0180405
0.0165139
0.014537
0.0121548
0.00962963
0.00727996
0.00534372
0.00394868
0.000528837
0.000566232
0.000566658
0.000540269
0.000460102
0.000358044
0.00028095
0.000317772
0.000411762
0.000400264
0.000307179
0.000233836
0.000206247
0.000227219
0.000278862
0.000279924
0.0002404
0.000265493
0.000354786
0.000459168
0.000540243
0.00056725
0.000567889
0.000533899
0.00195969
0.002183
0.00183214
0.00188855
0.00199565
0.00206606
0.00209138
0.00209077
0.0020721
0.00204555
0.00201821
0.00199929
0.00199918
0.00201789
0.00204515
0.00207168
0.0020904
0.00209111
0.00206593
0.00199569
0.0018886
0.00183141
0.00218005
0.00196983
0.00275139
0.00395229
0.00452339
0.00507832
0.00558631
0.00607737
0.00653524
0.00693879
0.00726981
0.00751358
0.00766533
0.00772832
0.00772795
0.00766433
0.00751212
0.00726804
0.00693685
0.00653334
0.00607565
0.0055849
0.00507723
0.00452259
0.00395162
0.00275134
0.00347863
0.00350038
0.00285728
0.00286637
0.00310885
0.00336232
0.00356036
0.00370751
0.00380971
0.00387583
0.00391224
0.00392651
0.00392644
0.00391204
0.00387559
0.00380945
0.00370727
0.00356017
0.0033622
0.00310875
0.00286605
0.00285606
0.0034977
0.00348134
0.0027973
0.00482375
0.00528657
0.00607048
0.00705521
0.00806317
0.00900799
0.00984352
0.0105472
0.0110895
0.0114508
0.0116295
0.0116292
0.0114497
0.0110878
0.0105452
0.0098412
0.0090057
0.00806109
0.00705353
0.00606932
0.00528579
0.004823
0.00279787
0.00387494
0.00631045
0.00432323
0.00361449
0.00375508
0.00418005
0.00460576
0.0049498
0.00520408
0.00537906
0.00548743
0.00553973
0.00553973
0.00548761
0.0053794
0.00520455
0.00495036
0.0046064
0.00418064
0.00375521
0.0036127
0.00431594
0.00629093
0.00389294
0.000211267
7.00732e-05
6.9477e-05
0.000105238
0.000129784
0.000184222
0.000297312
0.00045644
0.000619661
0.000775406
0.000934779
0.000990653
0.000895674
0.000743697
0.000557995
0.000362895
0.000211442
0.000150037
0.000174368
0.00024158
0.000356902
0.000489731
0.00059588
0.00107318
0.00135902
0.00139318
0.00139425
0.00182328
0.00273949
0.00427533
0.00505639
0.00272569
0.00195699
0.00187637
0.00195329
0.0019514
0.0018227
0.0015952
0.0014194
0.00152524
0.00254135
0.0033675
0.00293798
0.00220279
0.00165986
0.00135357
0.00138297
0.00135891
0.00165899
0.00380554
0.0027083
0.00265184
0.00289677
0.00310253
0.003216
0.00325648
0.00323947
0.00316174
0.00306923
0.00301093
0.00300989
0.0030669
0.00315864
0.00323836
0.00325638
0.00321627
0.00310309
0.00289754
0.00265209
0.0027048
0.00379326
0.00167302
0.00387316
0.00319504
0.0029483
0.00312235
0.00341143
0.00368436
0.00390502
0.00408156
0.00421515
0.00430878
0.00436454
0.00438749
0.00438737
0.00436421
0.00430831
0.00421458
0.00408094
0.00390438
0.00368371
0.00341087
0.00312182
0.00294762
0.00319406
0.00387351
0.00220992
0.00422299
0.00301398
0.0029111
0.00319767
0.00347237
0.00365175
0.00374638
0.00374766
0.00371539
0.00368223
0.00367692
0.00367383
0.00368183
0.0037154
0.00374748
0.00374601
0.00364987
0.00347109
0.0031972
0.00291059
0.00300975
0.00421014
0.00221665
0.00346489
0.00299148
0.00256941
0.00264492
0.00285745
0.00305879
0.00320996
0.00332138
0.00339741
0.00344504
0.00346921
0.00347679
0.0034767
0.00346896
0.00344471
0.00339703
0.003321
0.00320959
0.00305848
0.00285718
0.00264457
0.00256857
0.00298952
0.00346674
0.00351978
0.00476757
0.00354371
0.00331475
0.00359073
0.00396267
0.00428138
0.00452721
0.00470733
0.00483205
0.00491029
0.00494791
0.00494795
0.00491043
0.00483231
0.00470772
0.00452771
0.004282
0.0039634
0.00359132
0.0033145
0.00354077
0.00476082
0.00352772
0.00532295
0.00556664
0.00487079
0.00508663
0.00579892
0.00663299
0.00744654
0.00819018
0.00882673
0.00931895
0.00964448
0.00980499
0.00980476
0.00964381
0.00931789
0.00882537
0.00818861
0.0074449
0.00663137
0.00579748
0.0050856
0.00487009
0.00556579
0.00532332
0.00432394
0.00534139
0.00464874
0.00503552
0.00581639
0.00665964
0.0074581
0.00816828
0.00876606
0.00922881
0.0095421
0.00970085
0.00970071
0.00954167
0.00922812
0.00876515
0.00816722
0.00745697
0.0066585
0.00581535
0.00503468
0.00464797
0.0053403
0.00432422
0.00780322
0.00537388
0.00458474
0.00489711
0.00565168
0.00650362
0.00734043
0.00810842
0.00876991
0.00928136
0.00961263
0.00977139
0.00977104
0.00961166
0.00927985
0.00876801
0.00810625
0.00733817
0.0065014
0.00564972
0.00489567
0.00458393
0.00537345
0.00780376
0.00438555
0.00523105
0.00388408
0.00357179
0.00385124
0.00427431
0.00466661
0.0049898
0.00524078
0.00542361
0.00554344
0.00560273
0.00560272
0.00554346
0.00542367
0.00524088
0.00498995
0.00466679
0.00427448
0.00385129
0.00357126
0.00388189
0.00522671
0.00438861
0.00128627
0.00190963
0.00154672
0.00159397
0.00168204
0.00172024
0.00182331
0.00217817
0.00269635
0.00287069
0.00288705
0.00277455
0.00268693
0.0026189
0.00246943
0.00227663
0.00194349
0.00174367
0.00169773
0.00167619
0.00159268
0.00154566
0.00190915
0.00129019
0.0020665
0.00190062
0.00339436
0.00501089
0.00649504
0.00782737
0.008998
0.00998301
0.0107531
0.0112968
0.0116334
0.0117922
0.0117919
0.0116326
0.0112962
0.0107533
0.00998437
0.00900041
0.00783059
0.00649881
0.00501464
0.00339716
0.00190089
0.00206476
0.000816382
0.00125091
0.00150441
0.00168147
0.00178833
0.00182246
0.00180051
0.00173312
0.0016429
0.00155108
0.00153035
0.00204708
0.00226946
0.00245318
0.00260331
0.00271759
0.00276347
0.00271704
0.00257692
0.00234645
0.00204548
0.0016988
0.00130998
0.000748326
0.00173787
0.00302712
0.00358603
0.00422807
0.00491661
0.00552779
0.00595338
0.00623184
0.00633469
0.00603614
0.00500561
0.00408772
0.00525609
0.00681811
0.00785173
0.00820153
0.00814414
0.00773859
0.00680708
0.00565995
0.00458779
0.003757
0.00311326
0.00178728
0.00241249
0.00466412
0.00328325
0.00309236
0.00337553
0.00370026
0.00394584
0.00410708
0.00420714
0.00426996
0.00430563
0.00432208
0.00432221
0.00430613
0.00427054
0.0042077
0.0041076
0.00394649
0.00370114
0.00337651
0.00309244
0.00327904
0.00464929
0.00243351
0.00235666
0.00420473
0.00302019
0.00292661
0.00322097
0.00350095
0.00368415
0.00378225
0.00379495
0.00377683
0.00375894
0.00376442
0.003761
0.00375843
0.00377671
0.00379435
0.0037811
0.00368164
0.00349898
0.00321996
0.00292575
0.00301582
0.00419251
0.00236128
0.000586067
0.0001622
9.96451e-05
0.000130111
0.00018096
0.000242868
0.000358822
0.000599687
0.000888034
0.00107427
0.00124374
0.00142808
0.00131304
0.000973811
0.000573903
0.000271448
0.000140797
0.000131652
0.000200166
0.000374401
0.000672382
0.000891846
0.000805105
0.00130399
0.000719877
0.000384624
0.00015308
0.000213286
0.000354003
0.000530749
0.000741188
0.000961507
0.00113143
0.00120173
0.00123908
0.00134431
0.00123006
0.000794761
0.000415259
0.000180166
7.21099e-05
3.2561e-05
1.86037e-05
3.2024e-05
0.000121353
0.000388563
0.000485511
0.00106432
0.00248345
0.00249995
0.0031912
0.00389342
0.00450667
0.00503303
0.00549083
0.0058904
0.00622504
0.00648465
0.00665883
0.00674517
0.00674504
0.00665844
0.00648397
0.00622396
0.00588875
0.00548859
0.00503031
0.00450361
0.0038901
0.00318772
0.00249693
0.00248366
0.000533742
0.00155509
0.00195221
0.00219083
0.00241949
0.00265093
0.00287147
0.00306959
0.00323682
0.00336466
0.0034468
0.00348505
0.00348515
0.00344715
0.00336532
0.00323767
0.00307045
0.00287226
0.00265163
0.00242013
0.00219161
0.00195376
0.00155817
0.000535636
0.00416366
0.00557619
0.00801075
0.010227
0.0121881
0.0138633
0.0152532
0.0163641
0.0172158
0.0178311
0.0182315
0.0184288
0.0184284
0.01823
0.0178285
0.017212
0.0163592
0.0152474
0.0138566
0.0121809
0.0102201
0.00800433
0.00557065
0.0041602
0.0036859
0.0051846
0.00505583
0.00562236
0.00654653
0.0075379
0.0084788
0.00932324
0.0100418
0.0106023
0.0109826
0.0111762
0.011176
0.0109819
0.0106012
0.0100403
0.00932155
0.00847706
0.00753622
0.00654506
0.00562127
0.00505498
0.00518363
0.00368643
0.00395615
0.00257062
0.00266823
0.00320815
0.00381139
0.00437567
0.00486093
0.0052429
0.00551944
0.00570099
0.00580745
0.0058496
0.00584947
0.00580707
0.00570043
0.00551867
0.00524182
0.00485949
0.00437396
0.00380964
0.00320659
0.00266701
0.00256978
0.00395566
0.00415883
0.00534993
0.00393501
0.003552
0.00380551
0.00422415
0.00461433
0.00493214
0.00517498
0.00534913
0.00546139
0.00551655
0.00551656
0.00546149
0.00534932
0.00517527
0.00493252
0.00461477
0.00422459
0.00380576
0.00355143
0.00393205
0.00534398
0.00416362
0.00420772
0.0040148
0.00347341
0.00361704
0.00400696
0.00440692
0.00475029
0.00503362
0.0052564
0.00541963
0.0055242
0.00557327
0.00557317
0.00552391
0.00541921
0.00525587
0.00503303
0.00474968
0.00440634
0.00400642
0.0036165
0.00347264
0.00401354
0.004208
9.68658e-05
3.0157e-05
6.58086e-05
0.000116435
0.00017285
0.000239128
0.000320977
0.000414907
0.000509506
0.000579235
0.000587852
0.000426081
0.000243762
0.000135973
9.16702e-05
7.6783e-05
6.66432e-05
4.47428e-05
2.12575e-05
6.33092e-06
1.39451e-05
3.47609e-05
0.000107248
0.000700918
0.00460575
0.00594413
0.00676776
0.00839816
0.0105633
0.0128162
0.0148737
0.0165729
0.0178455
0.018735
0.0193058
0.0195942
0.0195939
0.0193048
0.0187332
0.0178426
0.0165686
0.0148677
0.0128096
0.0105574
0.00839408
0.00676572
0.00594332
0.00460549
0.00384884
0.00587835
0.00416135
0.00359032
0.00378806
0.0042113
0.00459758
0.00488605
0.0050824
0.00520576
0.00528048
0.00531973
0.00531953
0.00528185
0.00520822
0.00508477
0.0048877
0.00459835
0.00421102
0.00378677
0.00358663
0.00415118
0.00585939
0.00385279
0.00444697
0.00545231
0.00488308
0.00522209
0.00601031
0.00690697
0.00777762
0.00856885
0.00924577
0.00977323
0.0101285
0.0103073
0.0103071
0.0101279
0.00977227
0.00924452
0.0085674
0.00777609
0.00690546
0.00600897
0.0052211
0.00488232
0.00545137
0.00444732
0.00390302
0.00545044
0.00787215
0.0100727
0.0119996
0.0136447
0.0150228
0.0161456
0.0170272
0.0176786
0.0181097
0.0183255
0.0183253
0.0181089
0.0176771
0.0170249
0.0161423
0.0150185
0.0136396
0.0119938
0.0100666
0.00786609
0.00544485
0.00389982
0.00102562
0.00074141
0.000299404
0.000257438
0.000411038
0.000657051
0.000975998
0.00132069
0.00155813
0.00158824
0.0015289
0.00170023
0.00180844
0.00146587
0.000899504
0.000445989
0.000179569
7.79954e-05
6.17777e-05
0.000211498
0.000637635
0.00108782
0.000980513
0.00136139
0.00331038
0.00587533
0.00734207
0.00908576
0.0109948
0.0127321
0.0142255
0.015506
0.0165794
0.0173852
0.0179117
0.0181736
0.018173
0.0179101
0.0173823
0.0165753
0.015501
0.0142204
0.0127272
0.0109903
0.00908239
0.00734046
0.00587484
0.00331
0.00557334
0.00618339
0.00422661
0.00368088
0.00391173
0.00437309
0.00484195
0.00525405
0.00559241
0.00585069
0.00602522
0.00611344
0.00611331
0.00602485
0.00585009
0.0055916
0.00525306
0.00484085
0.00437199
0.0039108
0.00368028
0.00422603
0.00618177
0.00557372
0.00155922
0.0014908
0.00204155
0.000993011
0.000636207
0.000897567
0.00158383
0.00219576
0.00270034
0.00273633
0.00234896
0.00228293
0.00268764
0.00277742
0.00257414
0.00214653
0.00169928
0.00140645
0.00143193
0.0017777
0.00230652
0.00236283
0.00152977
0.00169543
0.00881279
0.0052834
0.00482116
0.00553976
0.00661639
0.00774593
0.00887417
0.00998821
0.0110236
0.0117952
0.0123442
0.0125943
0.0125937
0.0123424
0.0117922
0.0110199
0.00998378
0.00886979
0.00774169
0.00661258
0.00553669
0.00481918
0.00528269
0.00881442
0.00398112
0.00534948
0.0039331
0.00354272
0.0037948
0.00421148
0.00459443
0.0049019
0.00513328
0.0052971
0.0054017
0.00545281
0.00545284
0.00540184
0.00529735
0.00513365
0.00490239
0.00459501
0.00421208
0.00379521
0.00354217
0.00392984
0.00534274
0.00398776
0.00212671
0.00228468
0.00231558
0.00314021
0.00473639
0.00680748
0.0071812
0.00620106
0.00513529
0.00463354
0.00450109
0.00440108
0.00426414
0.00413998
0.00418828
0.00480271
0.00539655
0.00552837
0.0048177
0.00369257
0.00274026
0.00218601
0.00224747
0.0021278
0.00243811
0.00475389
0.00549689
0.006395
0.00741713
0.00843369
0.00937492
0.0101948
0.0108742
0.0113894
0.0117271
0.0118929
0.0118926
0.0117261
0.0113877
0.0108721
0.0101924
0.00937255
0.00843158
0.00741553
0.00639399
0.00549635
0.00475339
0.00243872
0.00083583
0.000420528
0.000970136
0.000596348
0.000224951
0.000351771
0.000620614
0.000900943
0.00112983
0.001255
0.00128408
0.00131536
0.00117256
0.00087855
0.000570327
0.000327562
0.00017741
0.000100651
6.51072e-05
5.89753e-05
0.000230741
0.000511677
0.00040017
0.000841623
0.0126052
0.00588372
0.00401124
0.00390913
0.00419611
0.00449606
0.00474689
0.00494798
0.00510535
0.00522395
0.00530589
0.00534821
0.0053481
0.00530557
0.00522343
0.00510468
0.00494723
0.00474609
0.00449525
0.00419539
0.00390864
0.00401114
0.00588397
0.0126051
0.000150835
5.26546e-05
7.86964e-05
0.000127614
0.00017726
0.000235597
0.000327854
0.000452344
0.000586802
0.000718079
0.000833765
0.000833232
0.000700335
0.000537847
0.00037138
0.000219921
0.000122349
9.18194e-05
8.77055e-05
0.000102263
0.000154115
0.000250683
0.000400056
0.000947548
0.00686157
0.00501799
0.00496367
0.00496212
0.00496229
0.00496226
0.00496218
0.00496212
0.00496208
0.00496205
0.00496203
0.00496202
0.00496202
0.00496203
0.00496205
0.00496208
0.00496212
0.00496218
0.00496226
0.00496229
0.00496212
0.00496367
0.00501799
0.00686157
0.00496602
0.00563505
0.0040739
0.00371075
0.00400577
0.00447161
0.00492108
0.00530668
0.00561836
0.0058533
0.0060104
0.00608919
0.00608913
0.00601024
0.00585306
0.00561805
0.00530631
0.00492067
0.00447118
0.00400532
0.0037102
0.00407276
0.00563271
0.00496703
0.00739284
0.00538841
0.00530641
0.00619497
0.00755219
0.00907043
0.0106314
0.0120666
0.01326
0.0141522
0.0147705
0.0150739
0.0150732
0.0147682
0.0141483
0.013255
0.0120607
0.0106253
0.00906425
0.00754733
0.00619129
0.00530426
0.00538779
0.00739356
0.00529603
0.00591451
0.00415141
0.00370268
0.00397101
0.00443796
0.00489961
0.00530139
0.00563005
0.00588021
0.00604885
0.00613396
0.00613387
0.00604861
0.00587983
0.00562954
0.00530078
0.00489893
0.00443725
0.00397036
0.0037021
0.00415054
0.00591252
0.00529665
0.0080596
0.00544338
0.00512822
0.00593799
0.00716696
0.00849958
0.00986772
0.011187
0.012311
0.0131259
0.0136987
0.0139716
0.0139709
0.0136965
0.0131225
0.0123066
0.0111818
0.00986247
0.0084945
0.00716256
0.00593454
0.00512611
0.00544264
0.00806079
0.00667698
0.00570226
0.00603013
0.00730513
0.00903878
0.0108716
0.012603
0.0141972
0.0155401
0.0165621
0.0172696
0.0176244
0.0176236
0.0172672
0.0165581
0.0155349
0.014191
0.0125964
0.0108647
0.00903371
0.00730135
0.00602789
0.00570127
0.00667746
0.00492309
0.00313314
0.00395589
0.00489959
0.00581371
0.00664177
0.00732716
0.00783599
0.00818006
0.00839232
0.00851265
0.00855726
0.00855688
0.00851165
0.00839091
0.00817831
0.00783381
0.00732442
0.00663864
0.0058106
0.00489698
0.00395397
0.00313188
0.00492168
0.00372289
0.00661976
0.009925
0.0128939
0.0154928
0.0176972
0.0195482
0.0210665
0.0222761
0.0231889
0.0238078
0.0241271
0.0241263
0.0238051
0.0231842
0.0222694
0.021058
0.0195384
0.0176863
0.0154812
0.0128824
0.0099144
0.00661071
0.00371757
0.00395244
0.00563813
0.00819157
0.0105063
0.0125436
0.014283
0.0157374
0.016921
0.0178498
0.0185371
0.0189934
0.0192232
0.0192229
0.0189924
0.0185352
0.0178469
0.0169171
0.0157325
0.0142772
0.0125371
0.0104996
0.00818503
0.00563213
0.00394894
0.000898919
0.00136729
0.00128422
0.00134171
0.00136678
0.00134763
0.00129706
0.00123303
0.00116331
0.00109599
0.00103918
0.00100343
0.00100316
0.00103851
0.00109512
0.00116244
0.00123225
0.00129644
0.00134725
0.00136668
0.00134185
0.00128426
0.00136734
0.000914351
0.000901234
0.00157682
0.00117112
0.00120224
0.00122775
0.00117885
0.00108181
0.000974109
0.000848752
0.000731365
0.000643121
0.000596641
0.000593685
0.000639094
0.000725585
0.000843593
0.00097108
0.00107945
0.001177
0.00122672
0.00120188
0.00116998
0.0015712
0.000905676
0.00420192
0.00520315
0.00385721
0.0035385
0.00381126
0.00422487
0.00460423
0.00491252
0.0051485
0.0053183
0.00542896
0.00548355
0.00548356
0.00542904
0.00531845
0.00514872
0.00491283
0.00460459
0.00422524
0.00381148
0.003538
0.00385467
0.00519798
0.0042061
0.00066167
0.000210055
0.000288945
0.000115041
0.000137285
0.000269087
0.000441013
0.000629103
0.000805472
0.000933801
0.000997972
0.000943321
0.000703677
0.000445062
0.000249533
0.000131932
7.22693e-05
4.38523e-05
2.96301e-05
2.19866e-05
3.27885e-05
0.000148909
0.000194606
0.000740306
0.00262085
0.00545941
0.00696308
0.00829323
0.00945453
0.0104562
0.0115814
0.0128424
0.0140735
0.015056
0.0156973
0.0160049
0.016004
0.0156946
0.0150513
0.0140674
0.0128361
0.0115766
0.0104533
0.00945291
0.00829159
0.006962
0.00545895
0.00262041
0.000743734
0.000308305
0.000640059
0.000902327
0.000229018
0.000154624
0.000326923
0.000564465
0.000805405
0.000987575
0.00106557
0.0010389
0.000869016
0.000631354
0.000410406
0.000246363
0.000143065
8.48764e-05
5.35738e-05
4.3793e-05
0.000223133
0.00038846
0.000277536
0.000721225
0.00521113
0.00575128
0.00417082
0.00399462
0.00442533
0.00497999
0.00551078
0.00597829
0.00636767
0.00666787
0.00687182
0.0069753
0.00697522
0.00687159
0.00666749
0.00636718
0.00597771
0.00551014
0.00497933
0.0044247
0.00399407
0.00417023
0.00575009
0.00521125
0.00360977
0.00453089
0.0045899
0.00514524
0.00584466
0.00650729
0.00709142
0.00759612
0.00801157
0.00832685
0.0085353
0.0086318
0.00863157
0.00853462
0.00832586
0.00801031
0.00759471
0.00708997
0.00650589
0.00584343
0.00514427
0.00458904
0.00452991
0.00360981
0.00142178
0.00145004
0.00153037
0.00211859
0.00335702
0.00526537
0.00657874
0.00460376
0.00337591
0.0029007
0.00272832
0.00261351
0.00248103
0.00235908
0.00231039
0.00262899
0.00355414
0.00404032
0.00349294
0.00257437
0.00186626
0.00146411
0.00143128
0.00142162
0.00354436
0.00335911
0.00279485
0.00283235
0.00307147
0.00331468
0.00350474
0.00364767
0.00374834
0.00381434
0.00385105
0.00386539
0.00386531
0.00385083
0.00381405
0.00374802
0.00364736
0.00350446
0.00331445
0.00307127
0.00283199
0.00279382
0.00335676
0.00354658
0.00111173
0.00155976
0.00155102
0.00169409
0.00188279
0.00205328
0.0021985
0.00232276
0.00242627
0.00250473
0.00255549
0.00257921
0.00257924
0.00255554
0.00250474
0.0024262
0.00232261
0.00219828
0.00205301
0.00188249
0.00169382
0.00155081
0.00155952
0.00111095
0.00136128
0.00129033
0.00228744
0.00413539
0.00560898
0.00200841
0.00124584
0.00156717
0.00211058
0.00254029
0.00273356
0.00275043
0.00266465
0.00243925
0.0020776
0.00164972
0.00124877
0.00125873
0.00222366
0.0032563
0.00278966
0.00178803
0.00114861
0.00134065
0.0041341
0.00395831
0.00332413
0.0033973
0.00373703
0.00409541
0.00439916
0.00464518
0.0048349
0.00497167
0.00505799
0.00509811
0.00509803
0.00505776
0.00497134
0.00483447
0.00464474
0.00439871
0.00409498
0.00373663
0.00339682
0.00332326
0.00395672
0.00413475
0.0022618
0.00457445
0.00322043
0.00304858
0.00332911
0.0036338
0.00385194
0.00398413
0.00405567
0.00408931
0.00409972
0.00410296
0.0041029
0.00409981
0.00408913
0.00405568
0.00398421
0.00385222
0.00363441
0.00332993
0.00304863
0.00321621
0.00455945
0.00227937
0.00224669
0.00389318
0.00287398
0.00281509
0.00308929
0.00332492
0.00345781
0.0035153
0.00352641
0.0035535
0.00359819
0.00365145
0.00363136
0.003574
0.00353163
0.00351797
0.00351278
0.00345534
0.00332281
0.00308811
0.0028143
0.00287028
0.00388434
0.00225037
0.00537931
0.00582598
0.00426187
0.00417116
0.00464637
0.00522812
0.00578636
0.00628383
0.00670088
0.00702181
0.00723784
0.00734656
0.00734645
0.00723752
0.00702129
0.0067002
0.00628303
0.00578549
0.00522723
0.00464555
0.00417052
0.00426135
0.00582504
0.00537936
0.000481485
0.00047213
0.000700276
0.000815719
0.000851788
0.000855523
0.000865309
0.000900121
0.000953749
0.00100862
0.00104912
0.00107424
0.0010744
0.00104946
0.00100894
0.000953967
0.000900231
0.000865331
0.000855457
0.000851626
0.000815504
0.00070008
0.000472062
0.000481632
0.00322448
0.00666261
0.0102562
0.0134953
0.0163174
0.0186853
0.0206894
0.0223658
0.0237307
0.0247858
0.0255179
0.0259034
0.0259022
0.025514
0.0247791
0.0237213
0.022354
0.0206758
0.0186703
0.0163019
0.0134804
0.0102424
0.00665129
0.0032186
0.000203029
5.67346e-05
8.80728e-05
0.000141818
0.000205503
0.000277526
0.000372001
0.000506629
0.000661293
0.000805039
0.000937965
0.000959923
0.000787569
0.00055463
0.000328784
0.000175245
0.000100393
7.02438e-05
6.40453e-05
8.4811e-05
0.000159996
0.000282209
0.000413118
0.00103886
0.00397644
0.00345921
0.0031017
0.00325869
0.00357643
0.00388655
0.0041424
0.0043486
0.00450633
0.00461854
0.0046873
0.00471732
0.00471721
0.00468699
0.0046181
0.00450578
0.004348
0.00414178
0.00388595
0.0035759
0.00325816
0.00310097
0.00345806
0.00397682
0.00336163
0.00243782
0.00230919
0.00243807
0.00260224
0.00273775
0.0028316
0.00289836
0.0029402
0.00296256
0.00296944
0.00296734
0.00296721
0.00296912
0.00296214
0.00293972
0.00289785
0.0028311
0.00273728
0.00260181
0.00243768
0.00230866
0.00243695
0.00336274
0.000634193
0.000946344
0.000880284
0.000891287
0.000844814
0.000746467
0.000622518
0.000489133
0.000377542
0.000299786
0.000246398
0.000215204
0.000210706
0.000239996
0.000294401
0.000373533
0.000484719
0.000619687
0.000744732
0.00084386
0.000890999
0.000880243
0.000946644
0.000638156
0.00289837
0.00485266
0.00350805
0.00325599
0.00353426
0.00389749
0.00419012
0.00439759
0.00453596
0.0046242
0.00467546
0.0046993
0.00469941
0.0046758
0.00462472
0.00453664
0.0043984
0.00419111
0.00389865
0.00353533
0.00325595
0.00350393
0.00484098
0.0029151
0.00046394
0.000519836
0.000545238
0.00049374
0.000385467
0.000270474
0.000215836
0.000355952
0.000224679
0.000159061
0.000136506
0.000118348
0.000103943
9.73715e-05
0.000103171
0.000126992
0.000132729
0.000169925
0.000263405
0.000385315
0.000494855
0.00054687
0.000522481
0.00046869
0.00360589
0.00431609
0.00397502
0.00432562
0.00519671
0.00638835
0.00786076
0.00954065
0.0110751
0.0119479
0.0114824
0.00944259
0.00945698
0.0113568
0.012354
0.0119951
0.0105799
0.00871006
0.00691435
0.00544977
0.00442477
0.00400632
0.00432136
0.0036242
0.000634917
0.000175781
0.00027297
0.000250319
8.99255e-05
0.000104162
0.000228342
0.000385793
0.00055885
0.000713973
0.000795382
0.000726115
0.000557039
0.000380804
0.000240681
0.00014604
8.85591e-05
5.54231e-05
3.66928e-05
2.5227e-05
6.38826e-05
0.000175481
0.000162367
0.000627423
0.00627473
0.0058961
0.00453659
0.00450091
0.00499092
0.00560019
0.00619621
0.00673608
0.00718975
0.00753403
0.00775817
0.00786731
0.00786715
0.00775768
0.00753327
0.00718876
0.00673493
0.00619497
0.00559895
0.0049898
0.00450015
0.00453617
0.00589532
0.00627498
0.00237272
0.00459091
0.00322356
0.00305617
0.0033455
0.00365719
0.00387992
0.00401724
0.00409516
0.00413656
0.00415557
0.0041664
0.00416642
0.00415598
0.00413634
0.00409481
0.00401671
0.00387955
0.00365727
0.00334594
0.00305599
0.0032191
0.00457544
0.00238722
0.00238801
0.0038581
0.00288024
0.00284048
0.00313031
0.00338284
0.00353793
0.00362411
0.00367349
0.00374067
0.00382594
0.0039069
0.00388293
0.00379621
0.00371404
0.00365928
0.00361728
0.00353282
0.00337898
0.00312797
0.00283902
0.00287638
0.00385007
0.00239036
0.00225213
0.00286892
0.00238194
0.00252962
0.00292568
0.00343916
0.00416038
0.00509568
0.00603632
0.00662713
0.00655075
0.00630165
0.00614088
0.00607133
0.00584217
0.00512107
0.00436589
0.00372542
0.00323821
0.00284943
0.00250394
0.00237303
0.0028666
0.00225599
0.0021932
0.00229514
0.00245201
0.00347883
0.00528987
0.00746134
0.00816832
0.00705135
0.006108
0.00578744
0.00579597
0.00576627
0.00564187
0.00549463
0.00545059
0.00585241
0.00637641
0.00618884
0.0052972
0.00403295
0.00294311
0.00226407
0.00223956
0.00219355
0.00213104
0.00217887
0.0034645
0.00521095
0.00474084
0.00309163
0.00293774
0.00380867
0.0048956
0.00539461
0.00528528
0.00500331
0.00502197
0.00516719
0.00528082
0.00527733
0.00519011
0.00508856
0.00525593
0.00507595
0.00410476
0.00284027
0.0019526
0.00211472
0.000625114
0.000300983
0.000154409
0.000211449
0.000327913
0.000471986
0.000652846
0.000843557
0.00100199
0.00108734
0.00116439
0.00127329
0.00112803
0.000722454
0.000356904
0.00015064
6.05101e-05
2.85575e-05
1.65852e-05
4.16505e-05
0.000155446
0.000388511
0.000470659
0.00108965
0.00508063
0.00263605
0.00301459
0.00361567
0.00422133
0.00477964
0.00524602
0.00559242
0.00582448
0.00596525
0.00604388
0.00607161
0.00607134
0.00604318
0.00596428
0.00582328
0.00559092
0.00524413
0.00477749
0.00421923
0.00361394
0.00301336
0.00263525
0.00507965
0.00554
0.00461024
0.00469994
0.00526612
0.00614749
0.00702693
0.00774006
0.00824847
0.00858487
0.00880514
0.00895526
0.00904942
0.00905544
0.00897199
0.00882807
0.00860826
0.0082687
0.00775606
0.00703952
0.00615754
0.00527294
0.00470041
0.00460402
0.00553871
0.00537163
0.00551327
0.00493241
0.00521189
0.00598146
0.00687474
0.00774615
0.00854538
0.00923334
0.00976777
0.0101209
0.0102946
0.0102943
0.0101201
0.00976654
0.00923176
0.00854357
0.00774429
0.00687292
0.00597986
0.00521073
0.00493166
0.00551246
0.00537206
0.00376172
0.00469697
0.00583672
0.00704488
0.00835223
0.00951489
0.0103372
0.010845
0.0111856
0.0114666
0.0117188
0.0118762
0.0118748
0.0117155
0.0114624
0.0111815
0.0108412
0.0103333
0.00951043
0.00834764
0.00704111
0.00583425
0.00469559
0.00376111
0.00477027
0.00552556
0.00455756
0.00479152
0.00548279
0.0062529
0.00699631
0.00766669
0.00823462
0.00867469
0.00897181
0.00912178
0.00912165
0.0089714
0.00867402
0.00823374
0.00766566
0.0069952
0.00625179
0.00548176
0.00479071
0.00455686
0.0055245
0.0047705
0.00348138
0.00508172
0.00524155
0.00592038
0.00696299
0.00808948
0.00916956
0.0101462
0.0109844
0.0116411
0.0120853
0.0123111
0.0123108
0.0120843
0.0116396
0.0109825
0.010144
0.00916731
0.00808735
0.00696122
0.00591914
0.00524072
0.00508092
0.00348211
0.000369936
8.51284e-05
7.59142e-05
0.000126454
0.000167351
0.000204159
0.000300766
0.000491242
0.000711019
0.000895682
0.00108209
0.00118843
0.00107185
0.000830893
0.000543843
0.000270628
0.000130743
0.000114013
0.000157605
0.000272932
0.000495001
0.000701502
0.000719123
0.00123561
0.00361315
0.00458293
0.00461795
0.00517689
0.00589679
0.00658833
0.00720334
0.00773615
0.00817588
0.00851005
0.00873185
0.00883935
0.00883912
0.00873119
0.00850904
0.0081746
0.00773471
0.00720186
0.0065869
0.00589555
0.00517591
0.00461708
0.00458194
0.0036132
0.00578451
0.00641448
0.00437469
0.00374368
0.00394075
0.00441495
0.00490957
0.00534201
0.00569115
0.00595298
0.00612742
0.00621475
0.00621459
0.00612694
0.00595218
0.00569006
0.00534067
0.00490807
0.00441347
0.00393955
0.00374302
0.00437413
0.00641268
0.00578504
0.0112868
0.00537579
0.00416185
0.00435725
0.00490839
0.0054797
0.00601531
0.00651498
0.00696982
0.00734744
0.0075857
0.00769986
0.00769958
0.00758489
0.00734621
0.00696833
0.00651331
0.00601358
0.005478
0.00490686
0.00435605
0.00416113
0.00537562
0.0112868
0.00403032
0.00494502
0.00459456
0.00507201
0.0058245
0.00657721
0.0072576
0.0078467
0.00833426
0.00870777
0.00895884
0.00908334
0.00908318
0.00895836
0.00870702
0.00833328
0.00784558
0.00725641
0.00657605
0.00582346
0.00507116
0.00459375
0.00494394
0.00403045
0.00365997
0.00517475
0.00501084
0.00558473
0.00649806
0.00746723
0.00838017
0.00919568
0.00988722
0.0104259
0.0107918
0.0109785
0.0109783
0.0107912
0.0104248
0.00988585
0.0091941
0.00837853
0.00746564
0.00649666
0.00558368
0.00500998
0.00517375
0.00366043
0.00569268
0.0061761
0.0041756
0.00370899
0.0039801
0.00444016
0.00489864
0.0053048
0.00564353
0.0059057
0.00608451
0.00617545
0.00617534
0.00608416
0.00590514
0.00564278
0.00530392
0.00489769
0.0044392
0.00397926
0.00370842
0.00417519
0.00617499
0.0056927
0.00417943
0.00491382
0.00696472
0.00925148
0.0114412
0.0134645
0.0153257
0.0170017
0.0183941
0.0194982
0.0202782
0.0206736
0.0206719
0.020273
0.0194897
0.0183829
0.0169884
0.0153111
0.0134494
0.0114265
0.00923833
0.00695459
0.00490786
0.00417877
0.0037134
0.00490085
0.00482578
0.00542489
0.00624965
0.00705818
0.00778313
0.00841129
0.00893305
0.00933355
0.00960339
0.00973902
0.00973883
0.0096028
0.0093326
0.00893182
0.00840989
0.00778168
0.00705675
0.00624843
0.00542393
0.00482491
0.0048998
0.00371356
0.000584584
0.00023238
0.000122007
0.000167855
0.000288122
0.000435794
0.000599835
0.000770595
0.000929877
0.00102525
0.00106898
0.00108671
0.000831764
0.000492517
0.000249875
0.000115167
5.67351e-05
3.14707e-05
1.83839e-05
1.60067e-05
2.72218e-05
0.000131436
0.000234585
0.000869819
0.00356484
0.00511241
0.00518283
0.00581146
0.00680852
0.00788746
0.00892063
0.00985411
0.0106538
0.0112798
0.0117035
0.0119189
0.0119186
0.0117026
0.0112784
0.010652
0.00985206
0.00891854
0.00788547
0.00680683
0.00581026
0.00518199
0.00511157
0.00356549
0.00373149
0.0030404
0.00275275
0.00288164
0.00312961
0.0033628
0.00354411
0.00368322
0.00378311
0.00384943
0.00388596
0.00389916
0.00389904
0.00388565
0.003849
0.0037826
0.00368269
0.00354355
0.00336228
0.00312916
0.00288117
0.00275203
0.0030392
0.00373222
0.00300259
0.00566253
0.00862808
0.0114838
0.0141275
0.0165129
0.018622
0.0204595
0.0220113
0.02324
0.0241057
0.0245618
0.02456
0.0240997
0.02323
0.0219975
0.0204427
0.0186029
0.0164924
0.0141069
0.0114646
0.00861212
0.00565177
0.00299959
0.000220967
4.45496e-05
2.3641e-05
6.31982e-05
0.000120924
0.000186277
0.000271018
0.000373614
0.000481256
0.000571515
0.000597393
0.000450501
0.000273826
0.000163669
0.000105959
7.88672e-05
6.32445e-05
4.44023e-05
2.15747e-05
1.33162e-05
1.5907e-05
3.57331e-05
8.59242e-05
0.000662606
0.00286435
0.00263378
0.0022238
0.00228778
0.0024488
0.00258737
0.00267846
0.0027368
0.00276833
0.00278141
0.00277797
0.00277103
0.00277092
0.00277768
0.00278109
0.00276799
0.00273647
0.0026782
0.00258718
0.00244868
0.00228759
0.002223
0.00263106
0.00286905
0.00124658
0.00245875
0.00177731
0.00180147
0.00190635
0.00191686
0.00183683
0.00169977
0.00155346
0.00144749
0.00136051
0.00131603
0.00131375
0.00135733
0.00144266
0.00154845
0.00169553
0.00183388
0.00191527
0.0019057
0.00180127
0.00177499
0.00245082
0.00125187
0.00336919
0.00506212
0.0054261
0.00627556
0.00748354
0.00877818
0.01002
0.01114
0.0121047
0.0128596
0.0133674
0.013624
0.0136236
0.0133663
0.0128579
0.0121024
0.0111373
0.0100173
0.00877569
0.00748159
0.00627433
0.00542544
0.00506154
0.0033702
0.00844052
0.00558863
0.00476034
0.00518914
0.00606406
0.00705935
0.00806815
0.00896459
0.00974289
0.0103399
0.0107242
0.0109106
0.0109102
0.010723
0.0103379
0.00974038
0.00896171
0.00806513
0.00705641
0.0060615
0.0051872
0.00475927
0.00558811
0.0084411
0.00478027
0.00557317
0.00405103
0.00366579
0.0039394
0.00438787
0.00481824
0.00518293
0.00547375
0.00569038
0.00583381
0.00590534
0.0059053
0.00583374
0.00569028
0.00547363
0.00518279
0.00481808
0.00438769
0.00393914
0.0036652
0.00404935
0.00556988
0.004782
0.00492766
0.00589096
0.00615435
0.00725739
0.00875628
0.0102887
0.0116905
0.0128781
0.0138911
0.0146563
0.015166
0.0154229
0.0154225
0.0151649
0.0146546
0.0138887
0.0128749
0.0116871
0.010285
0.00875311
0.00725527
0.00615355
0.00589073
0.00492898
0.00579594
0.00611569
0.00460356
0.00429164
0.00470437
0.00536632
0.00602475
0.00658488
0.00702361
0.00734289
0.00755037
0.00765258
0.0076525
0.00755009
0.00734238
0.00702286
0.00658389
0.0060236
0.00536519
0.00470353
0.0042913
0.0046034
0.00611548
0.00579601
0.00553079
0.00600992
0.00416572
0.00383353
0.00417749
0.00467554
0.00516014
0.00558858
0.00594661
0.00622343
0.00641187
0.00650763
0.00650754
0.00641159
0.00622298
0.00594602
0.00558789
0.00515939
0.00467477
0.00417678
0.00383297
0.00416523
0.00600883
0.00553082
0.00169882
0.00353605
0.00254393
0.00251312
0.00273728
0.00289967
0.00296115
0.00294779
0.00288293
0.00277921
0.00267601
0.00261987
0.00261803
0.00267299
0.00277441
0.00287965
0.00294571
0.0029599
0.00289917
0.00273738
0.00251311
0.0025405
0.00352525
0.00170592
0.00169559
0.0025528
0.00201291
0.00204902
0.00219944
0.00227092
0.00231133
0.00244198
0.00272645
0.00302577
0.00325916
0.00331453
0.00322676
0.0030534
0.00276989
0.00251738
0.00233387
0.00227162
0.00225793
0.00219547
0.00204808
0.00201136
0.00255102
0.00169841
0.00377944
0.00539023
0.00780572
0.0100142
0.0119554
0.0136045
0.0149783
0.0160956
0.0169727
0.0176211
0.0180506
0.0182659
0.0182657
0.0180498
0.0176197
0.0169704
0.0160924
0.0149741
0.0135995
0.0119496
0.0100083
0.00779971
0.00538465
0.00377636
0.00423438
0.00447069
0.00623042
0.00792437
0.00944851
0.0107664
0.0118645
0.0127347
0.0133886
0.0138474
0.0141369
0.014273
0.0142727
0.014136
0.013846
0.0133865
0.0127318
0.0118609
0.0107622
0.00944389
0.00791993
0.00622639
0.00446726
0.00423215
0.00297844
0.00526626
0.00797348
0.0105976
0.0130081
0.0151783
0.0171091
0.0187733
0.0201713
0.0212714
0.0220466
0.022455
0.0224531
0.0220407
0.0212616
0.0201582
0.0187575
0.0170913
0.0151594
0.0129894
0.0105802
0.0079591
0.005257
0.00297787
0.00519236
0.00571202
0.00419585
0.00409985
0.00457813
0.00516385
0.00572262
0.00621687
0.0066295
0.00694769
0.00716354
0.00727297
0.00727289
0.0071633
0.0069473
0.00662899
0.00621627
0.00572196
0.00516316
0.00457747
0.00409927
0.00419526
0.0057109
0.00519247
0.00492067
0.00536907
0.00410235
0.00405916
0.00453246
0.00509443
0.00561764
0.00606993
0.00644138
0.00672487
0.00691598
0.00701219
0.00701212
0.00691579
0.00672457
0.00644098
0.00606947
0.00561714
0.00509391
0.00453195
0.00405865
0.00410164
0.00536771
0.00492087
0.00066973
0.000202351
0.000274576
0.000121152
9.53049e-05
0.000193
0.000357734
0.00055072
0.000744186
0.000896485
0.000973418
0.000910217
0.000684404
0.000447078
0.00026378
0.00014784
8.42329e-05
5.14782e-05
3.40599e-05
2.41451e-05
4.04927e-05
0.000174042
0.000188076
0.000698073
0.00148863
0.00260292
0.00308659
0.00331598
0.00351145
0.00370587
0.00387119
0.00399069
0.00405418
0.0040672
0.00404669
0.00401065
0.00401038
0.00404608
0.00406641
0.00405323
0.00398959
0.00387002
0.00370479
0.00351054
0.00331526
0.00308624
0.00260284
0.00148856
0.00556439
0.00600613
0.00418479
0.00391403
0.00428774
0.00479776
0.00529065
0.00572686
0.0060916
0.00637323
0.00656411
0.00666071
0.00666061
0.00656381
0.00637275
0.00609098
0.00572614
0.00528987
0.00479696
0.00428699
0.00391345
0.00418433
0.00600519
0.00556439
0.00394157
0.00540347
0.00395069
0.0035382
0.003784
0.00420205
0.00458686
0.00489384
0.00512299
0.00528494
0.00538783
0.00543799
0.00543802
0.005388
0.00528526
0.00512345
0.00489443
0.00458756
0.00420277
0.00378451
0.00353763
0.00394701
0.00539559
0.00394899
0.00555928
0.0060215
0.00418891
0.00391701
0.00428861
0.00479617
0.00528782
0.00572365
0.00608831
0.00637002
0.00656086
0.00665738
0.00665727
0.00656055
0.00636953
0.00608767
0.0057229
0.00528702
0.00479535
0.00428785
0.00391643
0.00418847
0.00602059
0.00555927
0.00794903
0.00581644
0.00447446
0.00446025
0.00493125
0.00550791
0.00608869
0.00662508
0.00707973
0.00742359
0.00763899
0.00773991
0.00773972
0.00763844
0.00742273
0.00707862
0.0066238
0.00608732
0.00550656
0.00493005
0.00445941
0.00447405
0.00581599
0.00794937
0.00324555
0.00246297
0.00234805
0.00273877
0.0032447
0.00372607
0.00414063
0.00446991
0.0047122
0.00487397
0.00496988
0.00500848
0.00500838
0.0049696
0.00487354
0.00471157
0.00446901
0.00413942
0.00372465
0.00324324
0.00273748
0.00234705
0.00246234
0.00324504
0.00437904
0.00370102
0.00407437
0.0045417
0.00506262
0.005549
0.00591024
0.00612866
0.00625339
0.00634143
0.00642243
0.0064755
0.00647484
0.00642091
0.00633955
0.0062515
0.0061268
0.00590819
0.00554663
0.00506027
0.00453976
0.00407301
0.00370016
0.00437826
0.00124754
0.001657
0.0014045
0.00147895
0.00160801
0.00180681
0.00229307
0.00304537
0.00336238
0.00319817
0.00255494
0.00208895
0.00195786
0.00220074
0.00255835
0.00260112
0.00237576
0.00195514
0.0016959
0.00157913
0.00147283
0.00140306
0.00165767
0.00125079
0.00143039
0.00221444
0.00171545
0.00174869
0.00184986
0.0018624
0.00181906
0.00181211
0.0019833
0.0023764
0.00268996
0.00282395
0.00273226
0.00249714
0.00216093
0.00187867
0.00177814
0.00180633
0.00185683
0.00184747
0.00174788
0.00171381
0.00221179
0.00143362
0.00445019
0.0053298
0.00503613
0.00545848
0.00633087
0.00731971
0.00828059
0.00915849
0.00991471
0.0105065
0.0109048
0.011105
0.0111047
0.010904
0.0105052
0.00991311
0.00915666
0.0082787
0.00731788
0.00632928
0.00545733
0.00503532
0.00532893
0.00445064
0.00345688
0.0038997
0.00531774
0.00686468
0.00828206
0.00949089
0.0104931
0.0113022
0.0119329
0.0123934
0.0126935
0.0128398
0.0128396
0.0126929
0.0123922
0.011931
0.0112995
0.0104896
0.00948674
0.00827746
0.00685995
0.00531322
0.00389609
0.00345562
0.00357416
0.00295581
0.00303263
0.00329348
0.00356812
0.00381511
0.00401778
0.00418638
0.00431662
0.00440764
0.00445979
0.00447815
0.00447797
0.00445932
0.00440697
0.00431582
0.0041855
0.00401687
0.00381424
0.00356734
0.00329282
0.00303202
0.00295519
0.00357422
0.00411881
0.00472329
0.00381122
0.00360982
0.00396601
0.00452802
0.00513196
0.00573027
0.00632415
0.00690557
0.00742846
0.00780064
0.00783559
0.00752311
0.00702546
0.00642945
0.00579564
0.00515729
0.00453022
0.00396246
0.00360568
0.00380208
0.0047149
0.00411575
0.000646371
0.000221618
0.000381821
0.000121005
0.000195179
0.000343787
0.000519602
0.000704487
0.000869371
0.000978678
0.0010264
0.00100094
0.000746085
0.000455437
0.000242228
0.00012078
6.38234e-05
3.81092e-05
2.51289e-05
1.90735e-05
2.90434e-05
0.000137638
0.000210107
0.000787668
0.000888912
0.00161774
0.00120092
0.00123209
0.00125898
0.00121082
0.00111178
0.0010002
0.000885032
0.000787096
0.000712968
0.000669067
0.00066783
0.000710767
0.000784282
0.000882015
0.000997429
0.00110967
0.00120924
0.00125817
0.00123186
0.00119984
0.00161192
0.000893039
0.00327945
0.00314961
0.00376988
0.00470751
0.00584789
0.00695709
0.00788618
0.00857721
0.0090351
0.00930588
0.0094471
0.00950523
0.00950457
0.00944531
0.00930354
0.0090331
0.00857656
0.00788767
0.00696097
0.00585376
0.00471322
0.00377237
0.00314708
0.0032766
0.00465522
0.0048817
0.00386192
0.00386199
0.00428931
0.00477921
0.00522138
0.00559463
0.00589495
0.00612036
0.00626985
0.00634381
0.00634374
0.00626967
0.00612008
0.00589458
0.00559423
0.00522096
0.00477878
0.00428888
0.0038615
0.00386109
0.00488015
0.00465557
0.00280814
0.00242674
0.00229918
0.00265562
0.00314933
0.00362371
0.00403207
0.00435608
0.00459448
0.00475378
0.00484832
0.00488646
0.00488637
0.00484805
0.00475337
0.00459389
0.00435523
0.00403093
0.00362235
0.00314793
0.00265438
0.00229817
0.0024261
0.00280751
0.00474082
0.00536517
0.00690006
0.00927182
0.0117819
0.0141447
0.0162671
0.0180994
0.0195772
0.0206899
0.0214403
0.0218206
0.0218198
0.0214376
0.0206852
0.0195705
0.0180908
0.0162571
0.0141336
0.0117708
0.00926131
0.00689345
0.00536173
0.00473945
0.00173818
0.00210677
0.00251419
0.002612
0.00262081
0.00266293
0.00270567
0.00273872
0.00275107
0.00273834
0.00270709
0.00266343
0.00266312
0.00270643
0.00273751
0.00275011
0.0027377
0.00270468
0.00266205
0.0026201
0.0026114
0.00251382
0.00210661
0.00173813
0.00429446
0.00517202
0.00451006
0.00487242
0.0055967
0.00635128
0.00704588
0.00765206
0.00815617
0.00854365
0.0088052
0.00893648
0.00893635
0.0088048
0.00854302
0.00815534
0.00765111
0.00704487
0.00635028
0.00559578
0.00487165
0.0045093
0.00517091
0.00429461
0.00479786
0.00515045
0.00402341
0.00402453
0.00449387
0.00503533
0.00553162
0.00595625
0.00630214
0.00656441
0.00674011
0.00682796
0.00682789
0.00673992
0.00656411
0.00630174
0.00595581
0.00553114
0.00503484
0.00449338
0.00402402
0.00402266
0.00514904
0.00479808
0.00794264
0.00655264
0.00427318
0.00390049
0.00417855
0.00457717
0.00496398
0.00531451
0.00561825
0.00586252
0.00603116
0.00611766
0.00611751
0.00603068
0.00586176
0.00561727
0.0053134
0.00496281
0.00457602
0.00417757
0.00390002
0.00427348
0.00655253
0.0079422
0.00440916
0.00542725
0.00488778
0.00525555
0.00605683
0.00696395
0.00784302
0.00864084
0.00932286
0.0098545
0.0102133
0.0103942
0.0103941
0.0102127
0.00985354
0.0093216
0.00863938
0.00784149
0.00696244
0.00605549
0.00525455
0.00488699
0.0054263
0.00440951
0.00360943
0.00400375
0.00552846
0.00713045
0.00857597
0.00980716
0.0108314
0.0116607
0.0123074
0.012779
0.013086
0.0132353
0.0132351
0.0130854
0.0127778
0.0123055
0.0116581
0.0108279
0.00980302
0.00857135
0.00712569
0.00552386
0.00400002
0.00360808
0.000966731
0.00156658
0.00115716
0.00118725
0.00121434
0.00116757
0.00107333
0.000966824
0.000847857
0.000743724
0.000672837
0.000648876
0.000644079
0.000668433
0.000738135
0.000842428
0.000963165
0.00107049
0.00116539
0.00121308
0.00118674
0.00115591
0.00156092
0.000970056
0.00209458
0.00177047
0.00173209
0.00181518
0.00186993
0.00188574
0.00187045
0.00184077
0.00180155
0.00176024
0.00172668
0.00170426
0.0017041
0.00172632
0.00175975
0.00180103
0.00184029
0.00187006
0.00188549
0.00186984
0.0018152
0.00173207
0.00176997
0.00210107
0.00522852
0.00573622
0.00416335
0.00398846
0.00441982
0.00497444
0.00550432
0.0059704
0.0063581
0.00665681
0.00685973
0.0069627
0.00696263
0.00685951
0.00665646
0.00635763
0.00596985
0.00550371
0.00497381
0.00441921
0.00398792
0.00416275
0.005735
0.00522865
0.00294301
0.00477508
0.00519395
0.00595117
0.00687604
0.0078088
0.0086774
0.00944455
0.0100891
0.0105856
0.0109173
0.0110824
0.0110821
0.0109163
0.010584
0.0100871
0.00944239
0.00867526
0.00780682
0.00687442
0.00595001
0.00519312
0.00477428
0.00294346
0.00354963
0.00304531
0.00317183
0.00346936
0.0037726
0.00404612
0.00427417
0.00446662
0.00461738
0.00472401
0.00478604
0.00480868
0.00480848
0.00478552
0.00472326
0.00461648
0.00446563
0.00427315
0.00404513
0.00377172
0.00346863
0.00317117
0.00304465
0.00354964
0.0012464
0.000782065
0.000517973
0.000289581
0.000198587
0.00017198
0.000233641
0.000513073
0.000975196
0.00134049
0.00156092
0.00193976
0.00207588
0.00195711
0.00175601
0.00152678
0.0012985
0.00127458
0.00152365
0.00202764
0.0024869
0.00232835
0.0015323
0.00177627
0.00413291
0.0051902
0.00546199
0.00633857
0.00759428
0.00894579
0.010251
0.0114334
0.0124724
0.0132923
0.0138458
0.0141248
0.0141244
0.0138446
0.0132904
0.0124698
0.0114305
0.0102481
0.00894301
0.00759215
0.00633726
0.00546142
0.00518971
0.00413397
0.00389436
0.00503616
0.00712781
0.00973418
0.012344
0.014768
0.0168927
0.0186667
0.0200536
0.0210647
0.0217287
0.0220592
0.0220583
0.0217259
0.02106
0.0200469
0.018658
0.0168825
0.0147567
0.0123327
0.00972373
0.00712046
0.00503309
0.00389297
0.00502885
0.00565221
0.00443264
0.00453483
0.00513799
0.00582955
0.00649575
0.00709439
0.00760004
0.00799073
0.00825396
0.00838654
0.00838641
0.00825359
0.00799012
0.00759924
0.00709346
0.00649474
0.00582853
0.00513705
0.0045341
0.00443202
0.00565119
0.00502901
0.00171629
0.00283223
0.00217296
0.00218605
0.00234694
0.00241002
0.00237068
0.00229436
0.00230106
0.00241287
0.00254185
0.00263918
0.00259008
0.00246051
0.00232931
0.00226284
0.00228091
0.00236508
0.00240704
0.00234561
0.00218565
0.00217081
0.00282822
0.00171893
0.00331749
0.0027424
0.00297783
0.00323982
0.00345268
0.00363672
0.00378863
0.00391669
0.00401401
0.00407844
0.00411056
0.00411687
0.00411665
0.00411002
0.00407769
0.00401311
0.00391571
0.00378764
0.00363577
0.00345183
0.00323912
0.00297723
0.0027419
0.0033175
0.00139503
0.0012072
0.000896262
0.000409983
0.000426948
0.000756532
0.00122942
0.00171264
0.00208649
0.00209989
0.00185193
0.00200524
0.00237738
0.00229304
0.00194169
0.00139987
0.000909076
0.000601433
0.000580143
0.00106013
0.00189323
0.00215628
0.0014517
0.00166108
0.000794209
0.000376323
0.000816738
0.00122294
0.000292992
0.000240182
0.000476737
0.00075474
0.00100358
0.00116144
0.0012145
0.00121664
0.00106183
0.000796398
0.000525865
0.000313669
0.000178557
0.000104877
6.80638e-05
6.49498e-05
0.000276578
0.000491484
0.000344504
0.000777972
0.00451695
0.00462731
0.00379169
0.00387546
0.00431822
0.00479975
0.0052275
0.005587
0.0058754
0.00609114
0.0062334
0.00630313
0.00630305
0.00623318
0.0060908
0.00587496
0.00558651
0.00522698
0.00479925
0.00431774
0.00387494
0.00379089
0.00462589
0.0045172
0.000756468
0.0017709
0.00166239
0.00181291
0.0021044
0.00238551
0.00262362
0.0028164
0.00296605
0.003072
0.00313757
0.00316501
0.00316499
0.00313749
0.00307184
0.00296577
0.00281596
0.00262302
0.00238479
0.00210365
0.00181225
0.00166193
0.00177043
0.000755902
0.00276984
0.00297176
0.00238999
0.00241621
0.00259964
0.00276867
0.00288197
0.00295346
0.00299155
0.00300722
0.00300583
0.00299991
0.00299981
0.00300557
0.00300693
0.00299126
0.00295322
0.00288183
0.00276862
0.00259969
0.00241608
0.00238875
0.00296823
0.00277565
0.00319951
0.00631807
0.00963739
0.0127896
0.0156396
0.0181201
0.0202791
0.0221322
0.0236707
0.0248739
0.0257118
0.0261514
0.02615
0.0257068
0.0248653
0.0236586
0.0221171
0.0202616
0.018101
0.01562
0.0127709
0.00962122
0.00630576
0.00319387
0.00622371
0.00577532
0.00466791
0.00471114
0.00527128
0.00595442
0.00661928
0.00722475
0.00773762
0.00812778
0.00838079
0.00850338
0.00850319
0.00838024
0.00812691
0.00773649
0.00722343
0.00661789
0.00595303
0.00527002
0.00471027
0.00466739
0.00577456
0.00622407
0.0042897
0.00462364
0.00406757
0.00434675
0.00491282
0.00548847
0.00600035
0.0064364
0.00679127
0.00705909
0.00723641
0.00732296
0.00732284
0.00723605
0.00705854
0.00679056
0.00643562
0.00599951
0.00548765
0.00491207
0.00434608
0.00406681
0.00462251
0.00428977
0.000464751
0.000337707
0.000326965
0.000271392
0.000228143
0.000243018
0.000120449
5.17573e-05
6.74019e-05
9.99889e-05
0.000120902
0.000115789
9.39825e-05
6.93032e-05
4.92042e-05
3.67195e-05
3.86851e-05
9.09141e-05
0.000156263
0.000195873
0.000264913
0.000328065
0.000340422
0.000467691
0.00380605
0.00465195
0.00575079
0.00694468
0.00825903
0.00944782
0.010302
0.0108247
0.0111665
0.0114403
0.0116833
0.0118352
0.0118338
0.0116799
0.011436
0.0111623
0.0108207
0.0102979
0.00944315
0.0082543
0.00694087
0.00574836
0.00465061
0.0038054
0.000565157
0.000433488
0.000431014
0.000425807
0.00047838
0.000700945
0.000756399
0.000292903
0.000230911
0.000287519
0.000335508
0.000332241
0.000285781
0.000223475
0.000168576
0.000142667
0.000194887
0.000400988
0.000451814
0.000394827
0.000406715
0.000428863
0.000435509
0.000568577
0.00716579
0.00559051
0.00470723
0.00492813
0.00562945
0.00644369
0.00723658
0.00796229
0.00858443
0.00906692
0.00937749
0.00952626
0.00952596
0.00937665
0.00906563
0.0085828
0.00796043
0.00723466
0.00644179
0.00562775
0.00492689
0.00470653
0.00558994
0.00716617
0.00532518
0.00564883
0.00476782
0.00492675
0.00558044
0.00635295
0.00710707
0.00779425
0.00837957
0.00883104
0.00913024
0.00927822
0.00927803
0.00912967
0.00883012
0.00837838
0.00779288
0.00710562
0.00635151
0.00557915
0.00492582
0.00476716
0.00564792
0.00532548
0.00478349
0.00516576
0.00404093
0.00404723
0.00452348
0.00507214
0.00557589
0.00600779
0.00636017
0.00662766
0.00680697
0.00689666
0.00689658
0.00680677
0.00662734
0.00635975
0.00600732
0.00557539
0.00507162
0.00452298
0.00404671
0.00404019
0.00516438
0.00478369
0.00455619
0.00423442
0.00578816
0.00730692
0.00873871
0.0100042
0.0110285
0.0117822
0.0122948
0.0126191
0.0128098
0.0128889
0.0128882
0.0128078
0.0126162
0.0122911
0.0117778
0.0110232
0.00999826
0.00873287
0.00730198
0.00578452
0.00423218
0.00455415
0.00368621
0.00513333
0.00497635
0.00557249
0.00648454
0.00743689
0.00832438
0.00910961
0.00977175
0.0102858
0.0106355
0.0108142
0.010814
0.0106349
0.0102848
0.00977043
0.0091081
0.0083228
0.00743535
0.0064832
0.00557147
0.00497549
0.0051323
0.00368661
0.00471981
0.00341799
0.00444776
0.00556847
0.00662696
0.0075757
0.00836909
0.00897693
0.00940804
0.00968935
0.00985627
0.00992498
0.00992467
0.00985542
0.0096881
0.00940641
0.00897481
0.00836637
0.00757251
0.00662368
0.00556555
0.00444542
0.00341623
0.00471829
0.0109777
0.00652582
0.00426528
0.00400203
0.00426703
0.00460298
0.00491474
0.00518455
0.00540992
0.00559128
0.00572334
0.00579527
0.00579518
0.00572304
0.0055908
0.0054093
0.00518384
0.00491398
0.00460222
0.00426636
0.00400176
0.00426577
0.00652631
0.0109772
0.00573114
0.00608314
0.00458716
0.00424046
0.00462046
0.00525696
0.00589454
0.00643641
0.00685922
0.0071655
0.00736367
0.00746088
0.00746082
0.00736344
0.00716507
0.00685857
0.00643555
0.00589354
0.00525597
0.00461969
0.00424006
0.00458679
0.00608289
0.00573143
0.00475967
0.00572339
0.00411106
0.00365005
0.00389113
0.00433445
0.00476831
0.00513718
0.00543119
0.00565007
0.00579509
0.00586746
0.00586742
0.005795
0.00564995
0.00543104
0.00513701
0.00476812
0.00433422
0.00389082
0.00364938
0.00410914
0.00571962
0.00476195
0.000730175
0.000411715
0.000733234
0.00144699
0.00187
0.000295747
0.000210553
0.000420629
0.000719775
0.000993117
0.00112721
0.00111694
0.000980755
0.000766172
0.000539717
0.000349698
0.000215738
0.000137648
0.000174924
0.00070883
0.000875561
0.000568178
0.000371195
0.000709696
0.0089801
0.00536936
0.00437131
0.00461113
0.00526403
0.00598303
0.00669828
0.00737488
0.00796425
0.0084203
0.00871285
0.00885073
0.00885042
0.00871197
0.00841894
0.00796256
0.00737298
0.0066963
0.00598109
0.0052623
0.00460982
0.00437053
0.00536903
0.0089805
0.00376935
0.00643498
0.00967089
0.0125261
0.0150038
0.0171078
0.0188639
0.0203027
0.02145
0.0223172
0.0229044
0.023207
0.0232066
0.0229029
0.0223145
0.0214461
0.0202974
0.0188574
0.0171002
0.0149953
0.0125173
0.00966248
0.00642724
0.00376455
0.00115034
0.00202804
0.00266512
0.00243399
0.00199041
0.00168138
0.00153689
0.0015167
0.0015602
0.00162162
0.00167163
0.00169722
0.00169726
0.0016718
0.00162192
0.00156054
0.00151707
0.00153743
0.00168241
0.00199213
0.00243656
0.00266974
0.00203112
0.00115076
0.00408192
0.00575105
0.00705358
0.00885886
0.0110417
0.0131326
0.0148558
0.0161658
0.017157
0.0179091
0.0184452
0.0187356
0.0187345
0.0184424
0.0179051
0.0171524
0.0161608
0.0148502
0.0131263
0.0110354
0.00885422
0.00705101
0.00574992
0.00408192
0.00594142
0.00649936
0.00459754
0.00412871
0.00447466
0.00509294
0.00572367
0.0062761
0.00672381
0.00706047
0.00728506
0.00739747
0.00739725
0.00728439
0.00705933
0.00672223
0.00627414
0.00572147
0.00509077
0.00447305
0.0041281
0.00459773
0.00649902
0.00594113
0.000784953
0.000681677
0.000698967
0.000867352
0.00129679
0.0020583
0.00177642
0.000776678
0.000610693
0.00069297
0.000785456
0.000794055
0.000708609
0.000565591
0.000430337
0.000368544
0.000528973
0.00120418
0.00134995
0.00101604
0.000791025
0.000682819
0.000679777
0.000786066
0.00525596
0.00308434
0.00360452
0.00426664
0.00494179
0.00556656
0.00607223
0.00642422
0.00663998
0.00675927
0.00682333
0.00684291
0.00684246
0.0068222
0.00675775
0.00663818
0.00642207
0.00606962
0.00556361
0.00493897
0.00426439
0.00360304
0.00308361
0.00525465
0.00533717
0.00534913
0.00494957
0.00536175
0.00623818
0.0072346
0.00820787
0.00910248
0.00988024
0.0104905
0.0108964
0.0110968
0.0110964
0.0108954
0.0104889
0.00987824
0.00910021
0.00820558
0.00723238
0.00623626
0.00536038
0.00494872
0.00534836
0.0053377
0.00344294
0.00231103
0.00235502
0.00252255
0.00267454
0.00279505
0.00288078
0.00294537
0.00298792
0.00301149
0.00301883
0.00301581
0.00301566
0.00301847
0.00301099
0.00298734
0.00294475
0.00288015
0.00279446
0.00267399
0.00252208
0.00235456
0.00231056
0.00344335
0.00407684
0.00553084
0.00729205
0.00959122
0.0121091
0.0145008
0.0164778
0.0179965
0.0191121
0.0198865
0.0203849
0.0206242
0.0206232
0.020382
0.0198821
0.0191063
0.0179892
0.0164691
0.0144907
0.0120995
0.00958382
0.00728749
0.00552844
0.00407563
0.00365842
0.00507585
0.00729757
0.00983821
0.012371
0.0147036
0.0166685
0.0182256
0.0193884
0.0202061
0.0207306
0.0209861
0.0209851
0.0207276
0.0202013
0.0193819
0.0182174
0.0166589
0.0146926
0.0123603
0.0098289
0.00729092
0.00507318
0.00365673
0.000467856
0.000115909
9.34036e-05
5.39156e-05
9.22445e-05
0.000180449
0.000291365
0.00041079
0.000536665
0.000646028
0.000696561
0.000584867
0.000394419
0.000240961
0.000141728
8.54915e-05
5.57325e-05
3.84977e-05
2.71033e-05
1.95964e-05
1.75298e-05
6.60078e-05
0.000114397
0.000653679
0.00585537
0.00665976
0.00495646
0.00469968
0.00527288
0.00613471
0.00701458
0.00780349
0.00845828
0.00896018
0.00929952
0.00947058
0.00947021
0.00929839
0.00895828
0.00845565
0.00780026
0.00701103
0.00613133
0.00527043
0.00469891
0.0049573
0.0066606
0.00585392
0.00086588
0.000829033
0.000805697
0.000935929
0.00126195
0.0020259
0.00279316
0.00144063
0.000939026
0.000858827
0.000880824
0.000865294
0.000781319
0.000659584
0.000590201
0.000695989
0.00112868
0.00174875
0.00143848
0.00107419
0.000890285
0.000796939
0.00082905
0.000868436
9.45817e-05
5.47317e-05
8.15231e-05
0.000121843
0.000175378
0.000241533
0.000323656
0.00042615
0.000537891
0.00064156
0.000705169
0.000646557
0.000501097
0.000369936
0.000265114
0.00018484
0.000128993
9.26946e-05
7.14792e-05
6.65533e-05
8.06985e-05
0.000135972
0.000281438
0.000811224
0.00512813
0.00595417
0.00656967
0.00807903
0.0101345
0.0123113
0.0143611
0.0161128
0.0174666
0.0184168
0.0190149
0.0193104
0.0193101
0.0190143
0.0184154
0.0174641
0.0161086
0.0143552
0.0123047
0.0101289
0.00807514
0.00656766
0.00595337
0.0051279
0.00390741
0.00401779
0.00321812
0.0031953
0.00348594
0.00381116
0.00408376
0.00429912
0.00446091
0.00457512
0.00464614
0.0046791
0.00467905
0.004646
0.00457495
0.0044607
0.00429893
0.00408359
0.00381102
0.00348579
0.00319491
0.00321687
0.00401524
0.00390932
0.000102599
5.68144e-05
8.94057e-05
0.000135534
0.000197869
0.000273399
0.000361961
0.000471534
0.00059176
0.000701465
0.000773853
0.000716299
0.000529131
0.000356864
0.000235939
0.000152709
9.92644e-05
6.60638e-05
4.72473e-05
4.39928e-05
5.89822e-05
0.00011852
0.000263867
0.000886991
0.0107526
0.00656492
0.00424694
0.00394909
0.0042033
0.00453527
0.00484329
0.00510975
0.00533237
0.00551138
0.00564139
0.00571199
0.0057119
0.00564109
0.00551089
0.00533174
0.00510903
0.00484252
0.00453449
0.0042026
0.00394883
0.00424747
0.00656535
0.0107522
0.00030055
7.72524e-05
0.000107261
0.000173811
0.000264018
0.000369584
0.000484814
0.000609347
0.000731792
0.000828041
0.000899308
0.000881877
0.000651428
0.000396027
0.000205116
9.95369e-05
5.30342e-05
3.05901e-05
1.66684e-05
1.2349e-05
2.96322e-05
0.000104798
0.000211625
0.000932111
0.00408571
0.0050781
0.00521208
0.005951
0.00708754
0.00833087
0.00953963
0.0106452
0.0116156
0.0123831
0.0129021
0.0131635
0.0131631
0.0129009
0.0123812
0.0116131
0.0106425
0.00953688
0.00832828
0.00708546
0.00594964
0.00521135
0.0050775
0.00408666
0.000640237
0.000235309
0.000404909
0.00015794
0.000260855
0.000418531
0.000594329
0.000774151
0.000927542
0.00102678
0.00106928
0.0010745
0.000833538
0.000515834
0.000271423
0.000129718
6.48383e-05
3.68861e-05
2.3761e-05
1.96139e-05
3.10727e-05
0.000146334
0.000236436
0.00082914
0.000230537
9.32592e-05
7.98504e-05
9.3306e-05
0.000118751
0.000170678
0.000283783
0.000450766
0.000625643
0.000793875
0.000968576
0.00103323
0.000951053
0.000824609
0.000668184
0.000494858
0.000338874
0.000247868
0.000251553
0.000302171
0.000389687
0.000493889
0.000597782
0.00103045
0.00610676
0.00587258
0.00454364
0.00452538
0.0050241
0.0056438
0.00624805
0.00679509
0.00725509
0.00760475
0.00783308
0.00794458
0.00794443
0.0078326
0.00760399
0.0072541
0.00679394
0.00624681
0.00564256
0.00502298
0.00452461
0.00454319
0.00587177
0.006107
0.00432152
0.0058984
0.00690194
0.00860395
0.0107795
0.013007
0.0150097
0.0166386
0.0178747
0.0187667
0.0193617
0.0196709
0.0196702
0.01936
0.018764
0.017871
0.0166338
0.0150037
0.0130005
0.0107737
0.00859988
0.00689988
0.00589755
0.00432121
0.00202337
0.00203869
0.0034429
0.00392894
0.00205885
0.00156965
0.00213411
0.00328895
0.00429871
0.00462473
0.00428561
0.00383878
0.00402046
0.00433461
0.00448376
0.00439953
0.00413275
0.00387096
0.00407156
0.00444016
0.00400177
0.00290754
0.00187127
0.00203953
0.0013625
0.00164695
0.00185457
0.00193574
0.00190945
0.00184398
0.00176023
0.00167184
0.0015844
0.00150493
0.00144188
0.00140256
0.00140231
0.00144133
0.00150423
0.00158368
0.00167116
0.00175972
0.00184372
0.00190951
0.00193608
0.00185558
0.00164902
0.00137074
0.0125447
0.00529449
0.00404021
0.00422646
0.00470767
0.00517841
0.0055955
0.00596005
0.00626553
0.00650387
0.00667506
0.00676278
0.00676253
0.00667434
0.00650272
0.00626411
0.00595849
0.00559391
0.00517686
0.0047063
0.00422537
0.00403949
0.00529433
0.0125448
0.00130041
0.00146169
0.00166164
0.00173791
0.00170989
0.00164427
0.00156199
0.00147608
0.00139185
0.00131586
0.00125591
0.00121871
0.00121847
0.00125538
0.00131518
0.00139114
0.00147542
0.00156149
0.001644
0.00170994
0.00173824
0.00166266
0.00146373
0.00130925
0.00153108
0.00147454
0.00194351
0.000776042
0.000566625
0.000896457
0.00153049
0.00215249
0.00258581
0.00260266
0.0022703
0.0022359
0.0026134
0.00264402
0.00231965
0.00180708
0.0012918
0.00094738
0.000883326
0.00127474
0.00209473
0.0022556
0.00147668
0.00165908
0.00180844
0.00213185
0.0022108
0.00245457
0.0027542
0.00304936
0.00331949
0.00355625
0.00375141
0.00389599
0.00398597
0.00402698
0.0040271
0.00398635
0.00389677
0.00375246
0.00355734
0.00332043
0.00305003
0.0027545
0.00245444
0.00221038
0.00213209
0.00180982
0.00399049
0.00430385
0.00527142
0.00635895
0.00757333
0.00869462
0.00951172
0.0100045
0.0102901
0.0104859
0.0106508
0.01075
0.0107488
0.0106479
0.0104822
0.0102862
0.0100007
0.0095075
0.00868967
0.00756841
0.0063551
0.00526902
0.00430259
0.00398959
0.00389289
0.00547331
0.00706405
0.0090836
0.011386
0.0135933
0.0153796
0.0167136
0.017664
0.0183312
0.0187778
0.0190076
0.0190064
0.0187746
0.0183266
0.0176585
0.0167071
0.015372
0.0135845
0.0113777
0.00907725
0.0070602
0.00547144
0.00389186
0.00251365
0.00622058
0.00977075
0.0128812
0.0155031
0.0177139
0.0195764
0.021136
0.0224184
0.0234222
0.0241276
0.0244998
0.0244978
0.0241215
0.0234121
0.0224047
0.0211195
0.0195579
0.0176944
0.0154839
0.0128642
0.00975658
0.00621047
0.00251045
0.00402734
0.00568749
0.00821317
0.0104895
0.0124873
0.01419
0.0156094
0.0167569
0.0176502
0.0183059
0.0187384
0.018955
0.0189546
0.0187372
0.0183036
0.0176469
0.0167525
0.015604
0.0141837
0.0124804
0.0104826
0.00820658
0.00568155
0.00402371
0.000427524
0.000101306
5.69647e-05
3.43085e-05
5.05189e-05
0.00012086
0.000220553
0.00033186
0.000453474
0.000562993
0.000613357
0.000500129
0.000344904
0.000221753
0.000140536
9.21377e-05
6.3501e-05
4.38991e-05
2.82967e-05
1.75138e-05
1.68229e-05
5.33506e-05
9.22947e-05
0.000579942
0.0016526
0.00215575
0.00266
0.00309083
0.00336377
0.00352575
0.0036683
0.00380777
0.00390365
0.00379779
0.00350961
0.0037118
0.00498183
0.00554294
0.00582592
0.00594636
0.00599484
0.00587158
0.00545996
0.0047775
0.00394537
0.00310075
0.00239535
0.0017363
0.00432415
0.00426286
0.00366984
0.00384005
0.00428179
0.00473634
0.00513234
0.00546315
0.00572702
0.00592304
0.00605073
0.00611205
0.00611196
0.00605044
0.00592261
0.00572646
0.00546254
0.0051317
0.00473572
0.00428122
0.00383949
0.00366908
0.00426162
0.00432433
0.00490092
0.00584828
0.00660037
0.00812451
0.010159
0.0123209
0.0143831
0.0161761
0.0176034
0.0186391
0.0193124
0.0196518
0.0196512
0.019311
0.0186367
0.0175996
0.0161709
0.0143766
0.0123142
0.0101534
0.0081207
0.00659846
0.00584749
0.00490057
0.0056775
0.00606606
0.00418726
0.00389706
0.00424991
0.00473749
0.00520986
0.00562838
0.00597807
0.00624757
0.00642969
0.00652161
0.0065215
0.00642936
0.00624705
0.00597739
0.00562759
0.00520901
0.00473663
0.00424911
0.00389647
0.00418686
0.00606521
0.00567746
0.000630961
0.000235995
0.000403808
0.000745777
0.000414404
0.00010462
0.000146282
0.000307252
0.000520416
0.000737522
0.000841951
0.00081251
0.000673602
0.000493488
0.000329781
0.000206878
0.000125232
7.54327e-05
5.08186e-05
0.000122842
0.000340073
0.000292276
0.000211417
0.000609103
0.00447841
0.0039712
0.00521085
0.00650801
0.00780334
0.00898105
0.00991152
0.0105467
0.0109334
0.0111525
0.0112764
0.0113218
0.0113209
0.011274
0.0111493
0.0109296
0.0105422
0.00990618
0.00897505
0.00779762
0.00650346
0.00520793
0.00396994
0.00447671
0.00441955
0.00476149
0.00666357
0.0084692
0.0101309
0.0115827
0.012772
0.0136786
0.014328
0.0147636
0.0150311
0.0151515
0.0151508
0.0150292
0.0147605
0.0143241
0.0136737
0.0127662
0.0115762
0.0101243
0.00846335
0.00665886
0.00475808
0.00441697
0.00424834
0.00422273
0.00374118
0.00397234
0.00444403
0.00491848
0.00533221
0.00568009
0.00595889
0.00616678
0.0063024
0.00636733
0.00636722
0.00630207
0.00616629
0.00595826
0.00567936
0.00533146
0.00491775
0.00444337
0.00397172
0.00374043
0.0042216
0.00424844
0.000835526
0.00201878
0.00198756
0.00226334
0.00268924
0.00309259
0.00343311
0.0037066
0.00391625
0.00406298
0.00415306
0.00419103
0.00419097
0.0041529
0.00406268
0.00391577
0.00370587
0.00343213
0.00309143
0.00268802
0.00226223
0.00198666
0.00201806
0.000834995
0.00384454
0.00451231
0.00345235
0.00330269
0.00358649
0.0039451
0.00425531
0.00450082
0.00468537
0.00481622
0.00489898
0.0049387
0.00493869
0.00489898
0.00481626
0.00468545
0.00450095
0.00425549
0.00394531
0.00358662
0.00330232
0.00345043
0.00450829
0.0038481
0.00639464
0.00566802
0.00525215
0.00593245
0.0070879
0.00833267
0.00952255
0.0105811
0.0115
0.0121957
0.012648
0.0128697
0.0128693
0.0126468
0.0121938
0.0114974
0.010578
0.00951942
0.00832948
0.00708509
0.00593047
0.0052512
0.00566753
0.0063957
0.00407363
0.00366865
0.0033013
0.00348981
0.00385411
0.00421166
0.00451283
0.00475975
0.00495236
0.0050922
0.00518013
0.00521999
0.00521988
0.00517981
0.00509172
0.00495178
0.0047591
0.00451214
0.004211
0.00385352
0.00348924
0.00330057
0.00366756
0.00407386
0.000463956
0.000271083
0.000202976
0.000232013
0.000300588
0.000399281
0.000504872
0.000621334
0.000751869
0.000904484
0.0011735
0.00131753
0.00134277
0.00139186
0.00143424
0.00144019
0.00139584
0.0013136
0.00123022
0.00116981
0.00112863
0.00108146
0.00100409
0.00116227
0.0048396
0.00634101
0.0044822
0.00376052
0.00388055
0.0043158
0.0047779
0.00516395
0.00545472
0.00565768
0.00578501
0.00584634
0.00584635
0.0057851
0.00565784
0.00545494
0.00516426
0.00477829
0.0043162
0.00388045
0.00375841
0.00447621
0.00633622
0.004846
0.000834344
0.000838881
0.000799641
0.000887794
0.00109952
0.00164136
0.00235344
0.00153019
0.000861394
0.000770442
0.000779949
0.000757831
0.000681147
0.000577762
0.000512556
0.000585604
0.000995072
0.00146795
0.00122088
0.000973755
0.000858759
0.000794308
0.00083956
0.000837161
0.002325
0.0026253
0.0028558
0.00353304
0.00430059
0.00498154
0.00554823
0.00600345
0.00635414
0.00660361
0.00676051
0.00683132
0.00683121
0.00676014
0.00660294
0.00635308
0.00600193
0.00554623
0.00497916
0.00429804
0.0035306
0.00285378
0.00262391
0.00232326
0.00374564
0.00500084
0.00630964
0.00771725
0.00924255
0.0106119
0.0116128
0.0122712
0.0127327
0.0131003
0.0134052
0.0135894
0.013588
0.0134016
0.0130958
0.0127281
0.0122668
0.0116084
0.0106069
0.00923747
0.00771315
0.00630705
0.00499944
0.00374504
0.00140768
0.00268413
0.00320148
0.00346957
0.00371604
0.00395597
0.00415224
0.00428517
0.00434765
0.00435214
0.00432151
0.00427908
0.00427881
0.00432093
0.00435138
0.00434673
0.00428408
0.00415103
0.00395482
0.00371504
0.00346881
0.00320111
0.00268409
0.00140769
0.0015317
0.00269812
0.00324039
0.00354588
0.00384225
0.00414935
0.00443158
0.00466283
0.00482743
0.00492444
0.00496434
0.00495933
0.00495902
0.00496362
0.00492347
0.00482626
0.0046615
0.00443018
0.00414807
0.0038412
0.00354508
0.00323998
0.00269798
0.00153165
0.000849835
0.00115641
0.000981076
0.000997678
0.000985686
0.000927998
0.000934884
0.00126247
0.00221929
0.00187898
0.00131822
0.00106197
0.00098825
0.00111233
0.00163235
0.00149613
0.00103735
0.00088205
0.000916976
0.000983142
0.000997092
0.000980697
0.00115691
0.000855145
0.00814966
0.00655405
0.0042785
0.00391308
0.00419289
0.00459095
0.00497704
0.00532742
0.00563172
0.00587741
0.00604718
0.00613438
0.00613422
0.00604669
0.00587663
0.00563073
0.0053263
0.00497586
0.00458979
0.00419191
0.00391262
0.00427882
0.00655398
0.0081492
0.00212354
0.00215275
0.00288743
0.00459378
0.0067346
0.00638948
0.00474201
0.00438865
0.00480247
0.0053807
0.00556526
0.00547746
0.00540311
0.00536879
0.00530962
0.00520959
0.00534862
0.00589936
0.0058358
0.00484447
0.00350836
0.00242464
0.00200327
0.00211281
0.00233416
0.00184754
0.00175511
0.00184141
0.00191813
0.00195675
0.00196075
0.00194736
0.00192128
0.00189007
0.00186403
0.00184574
0.0018456
0.00186371
0.00188962
0.00192079
0.00194692
0.00196038
0.00195649
0.001918
0.00184133
0.0017549
0.00184656
0.00233972
0.00224899
0.00529371
0.00879541
0.0117723
0.0142246
0.0162028
0.0177575
0.0189638
0.0198903
0.0205768
0.0210422
0.0212839
0.0212825
0.0210381
0.0205701
0.0198812
0.0189528
0.0177452
0.0161901
0.0142119
0.0117601
0.00878535
0.00528598
0.00224538
0.00388426
0.00526747
0.00718415
0.00939277
0.0117419
0.0139267
0.0156867
0.0169818
0.0178854
0.0184924
0.0188786
0.0190658
0.0190646
0.0188755
0.0184878
0.0178796
0.0169748
0.0156784
0.0139172
0.0117328
0.00938576
0.00717988
0.00526557
0.00388278
0.00397359
0.00342871
0.00306489
0.00321752
0.00352868
0.0038316
0.00408065
0.00428079
0.00443352
0.00454204
0.00460847
0.00463749
0.00463739
0.00460817
0.00454162
0.004433
0.00428022
0.00408004
0.00383102
0.00352817
0.003217
0.00306416
0.00342753
0.003974
0.00407145
0.00424751
0.00395614
0.00429664
0.00483144
0.00535334
0.00580904
0.00619482
0.00650694
0.00674081
0.00689342
0.00696586
0.00696571
0.00689299
0.00674016
0.00650612
0.0061939
0.00580805
0.00535239
0.00483059
0.0042959
0.00395537
0.00424649
0.00407149
0.0013183
0.00148117
0.00144894
0.00151411
0.00154239
0.00153064
0.00148952
0.00143579
0.00137607
0.0013187
0.0012712
0.00124128
0.00124109
0.00127071
0.00131807
0.00137539
0.00143517
0.00148903
0.00153035
0.00154235
0.00151425
0.00144912
0.00148131
0.00133002
0.00206551
0.0017364
0.00232546
0.00298355
0.00358655
0.00413036
0.00464299
0.005168
0.00572935
0.00627262
0.00669017
0.00691194
0.00691394
0.00669503
0.00627913
0.00573519
0.00517163
0.00464495
0.00413187
0.00358824
0.00298535
0.00232673
0.00173623
0.00206454
0.00432021
0.00452632
0.00629134
0.00796529
0.00946922
0.0107747
0.0118618
0.0127187
0.0133582
0.0138036
0.0140829
0.0142128
0.0142125
0.0140819
0.013802
0.013356
0.0127157
0.011858
0.0107703
0.00946453
0.00796077
0.00628731
0.00452291
0.00431788
0.00261945
0.00257088
0.00331757
0.00406078
0.00470525
0.00526001
0.00574488
0.0061689
0.00652445
0.00680066
0.0069861
0.00707804
0.00707789
0.00698565
0.00679988
0.00652323
0.00616707
0.00574242
0.00525702
0.00470188
0.00405712
0.00331371
0.00256739
0.0026195
0.000827461
0.00119437
0.000967418
0.000984735
0.000969247
0.000885722
0.000770151
0.000666417
0.000638075
0.000844673
0.00126847
0.00144242
0.0014076
0.00112387
0.000763122
0.000619152
0.000660397
0.000766641
0.000883168
0.000967668
0.000984066
0.000966667
0.00119275
0.000832346
0.00339049
0.00312258
0.00366182
0.00453124
0.00559762
0.00664092
0.00752479
0.00818614
0.00862729
0.00888928
0.00902551
0.00908105
0.00908031
0.0090235
0.0088866
0.00862479
0.00818479
0.00752537
0.00664368
0.00560201
0.00453584
0.00366358
0.00311903
0.00338721
0.000736632
0.000311755
0.000636536
0.00105912
0.000299654
0.000156863
0.000314449
0.000555647
0.000800929
0.000988736
0.00107023
0.00104547
0.000887122
0.000658319
0.000438397
0.000269618
0.000160179
9.71191e-05
6.37911e-05
6.83191e-05
0.000293668
0.000410478
0.000278899
0.00071152
0.00511038
0.00269238
0.00311233
0.00373739
0.00436394
0.0049404
0.00542089
0.00577687
0.00601483
0.00615897
0.00623948
0.00626782
0.00626753
0.00623874
0.00615795
0.00601358
0.00577531
0.00541893
0.00493817
0.00436175
0.00373559
0.00311104
0.00269157
0.00510935
0.0052488
0.00572801
0.00415719
0.0039764
0.00440296
0.00495313
0.00547809
0.00593921
0.00632212
0.00661683
0.00681695
0.00691847
0.0069184
0.00681674
0.00661649
0.00632167
0.00593868
0.00547751
0.00495252
0.00440237
0.00397587
0.00415657
0.00572675
0.00524894
0.00432413
0.0053804
0.00466991
0.00503337
0.00580848
0.00665675
0.00746731
0.00819364
0.00880772
0.00928408
0.00960636
0.00976945
0.0097693
0.00960591
0.00928336
0.00880677
0.00819253
0.00746613
0.00665557
0.0058074
0.00503251
0.00466915
0.00537934
0.00432443
0.00490857
0.00331917
0.00426664
0.00529599
0.00628834
0.00718368
0.00792109
0.00846581
0.00883287
0.00905917
0.00918793
0.00923609
0.00923566
0.00918678
0.00905756
0.00883088
0.00846334
0.007918
0.00718018
0.00628486
0.00529307
0.0042645
0.00331778
0.004907
0.00381044
0.0036168
0.00300156
0.00304557
0.00332112
0.00360755
0.00384006
0.0040215
0.00415574
0.00424872
0.00430467
0.00432931
0.00432923
0.00430448
0.00424845
0.00415542
0.00402118
0.00383975
0.00360727
0.00332086
0.00304517
0.00300055
0.00361466
0.00381192
0.00451825
0.00432685
0.00591926
0.00747476
0.0089438
0.0102436
0.0112956
0.012069
0.0125942
0.0129262
0.0131216
0.0132026
0.0132018
0.0131195
0.0129231
0.0125904
0.0120644
0.0112902
0.0102375
0.0089378
0.00746971
0.00591557
0.00432456
0.00451617
0.000839928
0.000466294
0.00022113
0.000220928
0.000340705
0.000502848
0.000711996
0.000960771
0.0011726
0.00125542
0.00132047
0.00152099
0.0014848
0.0011095
0.000624778
0.000260873
8.80704e-05
4.09562e-05
3.86343e-05
0.000177905
0.000573271
0.000934106
0.000851281
0.00131849
0.000860871
0.00111875
0.00096054
0.000984229
0.000985934
0.000965348
0.00108204
0.00159523
0.00188201
0.00118255
0.000940319
0.000824862
0.000759534
0.000746181
0.00086886
0.00133445
0.00117538
0.000960804
0.000938761
0.000980068
0.00098296
0.000960072
0.00111948
0.00086587
0.0034936
0.0030029
0.00260124
0.00268149
0.00289816
0.00310387
0.00325907
0.00337403
0.00345289
0.0035026
0.00352806
0.00353618
0.00353608
0.0035278
0.00350225
0.00345249
0.00337363
0.00325868
0.00310353
0.00289786
0.00268113
0.00260042
0.00300113
0.0034953
0.00599539
0.00595064
0.00444531
0.00437484
0.00484176
0.00542257
0.00598865
0.00649778
0.00692549
0.00725164
0.00746643
0.00757218
0.00757204
0.00746599
0.00725093
0.00692458
0.00649671
0.00598749
0.00542141
0.00484071
0.00437412
0.0044449
0.00594983
0.00599553
0.00320477
0.00371335
0.00291658
0.00287151
0.00311209
0.0033739
0.003577
0.00372409
0.00382333
0.00388574
0.00391948
0.00393279
0.00393275
0.00391937
0.00388563
0.00382324
0.00372406
0.00357706
0.00337404
0.00311225
0.00287129
0.00291488
0.00370943
0.00321054
0.0104949
0.00487752
0.00431004
0.00477842
0.00547508
0.00612401
0.00669131
0.00717237
0.0075406
0.00781356
0.00799775
0.00809198
0.0080916
0.00799659
0.00781171
0.00753824
0.00716981
0.00668875
0.00612151
0.0054729
0.00477665
0.00430863
0.00487688
0.0104963
0.00539362
0.00573083
0.00571855
0.0066527
0.00800449
0.00942332
0.0107376
0.0118708
0.0128663
0.0136171
0.0141133
0.0143614
0.0143609
0.0141122
0.0136153
0.0128638
0.0118676
0.0107344
0.00941991
0.00800149
0.00665065
0.00571773
0.0057304
0.00539489
0.000560664
0.000134717
0.000101335
0.000158505
0.000229927
0.00029453
0.00041579
0.000635861
0.000885673
0.00105166
0.00121447
0.001385
0.00126074
0.000919857
0.00051111
0.000214124
9.30096e-05
7.27039e-05
0.000107071
0.000238348
0.000573534
0.000867038
0.000800333
0.00131332
0.000347888
0.000423299
0.000425438
0.000281658
0.000124382
4.18909e-05
3.1491e-05
1.1281e-05
1.52489e-05
2.10411e-05
2.24307e-05
1.99861e-05
1.53728e-05
1.06478e-05
7.19193e-06
5.84406e-06
8.55384e-06
2.63423e-05
4.08384e-05
0.000132154
0.000289862
0.000432187
0.000428268
0.000349887
0.00363737
0.00510968
0.00511021
0.00572604
0.00667833
0.00769034
0.00864915
0.00950859
0.0102395
0.0108095
0.0111959
0.0113925
0.0113922
0.0111951
0.0108083
0.0102379
0.00950676
0.00864728
0.00768854
0.00667678
0.00572489
0.00510934
0.00510875
0.00363792
0.0067988
0.00527373
0.00505752
0.00536009
0.00606288
0.00684426
0.00753959
0.00811995
0.00861955
0.00907961
0.00949638
0.00976174
0.00979356
0.00955347
0.00915345
0.00869139
0.0081793
0.00758297
0.00687545
0.00608316
0.00537073
0.00505823
0.00526786
0.00680116
0.0037435
0.0054478
0.00394899
0.00352835
0.00377593
0.00419551
0.00457879
0.00488194
0.00510682
0.0052658
0.00536707
0.00541674
0.0054168
0.00536733
0.00526625
0.00510743
0.00488269
0.00457967
0.00419642
0.00377661
0.00352781
0.0039449
0.00543844
0.0037541
0.0075499
0.00579431
0.00452153
0.00451104
0.00499407
0.00559006
0.00619199
0.00673798
0.00720118
0.00755183
0.00777289
0.00787703
0.00787684
0.00777233
0.00755096
0.00720006
0.00673668
0.0061906
0.0055887
0.00499285
0.0045102
0.00452111
0.00579379
0.00755029
0.00262991
0.00530183
0.00852131
0.0113746
0.0137998
0.0158023
0.0174102
0.0186807
0.0196713
0.0204182
0.0209282
0.0211914
0.0211907
0.0209259
0.0204142
0.0196658
0.0186738
0.0174021
0.0157933
0.0137902
0.0113651
0.00851259
0.00529459
0.00262583
0.00393645
0.00233288
0.00219638
0.00250757
0.00289927
0.00327583
0.00360318
0.00386178
0.00404846
0.00416994
0.00424046
0.00426738
0.00426727
0.00424019
0.00416955
0.00404793
0.00386105
0.00360221
0.00327471
0.00289815
0.00250663
0.00219569
0.00233242
0.00393613
0.000371974
8.23513e-05
0.00011149
0.000177997
0.000266445
0.000368086
0.000491048
0.000642765
0.000792128
0.000910492
0.00102576
0.00107705
0.000866601
0.000539398
0.000287848
0.000137218
6.83489e-05
3.91878e-05
3.02792e-05
4.7151e-05
0.000141203
0.000311753
0.000396781
0.00106906
0.00389099
0.00327449
0.00309465
0.00331385
0.00363521
0.00393705
0.00418564
0.00438854
0.00454527
0.00465715
0.00472515
0.0047538
0.00475366
0.00472478
0.00465661
0.00454462
0.00438781
0.00418488
0.00393631
0.00363455
0.00331325
0.00309398
0.00327361
0.00389117
0.00459231
0.00329515
0.00422529
0.0052961
0.00631116
0.00722253
0.00798663
0.00857426
0.00899235
0.00926566
0.00942738
0.00949431
0.00949403
0.00942661
0.00926453
0.00899086
0.00857231
0.00798412
0.00721959
0.00630813
0.0052934
0.00422311
0.00329349
0.00459095
0.00202934
0.00208106
0.00314558
0.00496444
0.00528333
0.00322891
0.00258663
0.00303517
0.00391171
0.00464188
0.00476128
0.0046034
0.00456261
0.00455973
0.00442659
0.00411547
0.003825
0.00399469
0.00473489
0.00467968
0.00369538
0.00254093
0.00188192
0.00201776
0.00329963
0.00327938
0.00417441
0.00541049
0.00659843
0.00760971
0.00844188
0.00911362
0.00963936
0.0100245
0.0102752
0.010396
0.0103958
0.0102746
0.0100233
0.00963747
0.00911097
0.00843851
0.00760575
0.00659409
0.00540611
0.00417047
0.00327672
0.00329896
0.00265387
0.00586198
0.00916682
0.0122186
0.0149119
0.0172472
0.0192628
0.0209878
0.0224263
0.023561
0.0243585
0.0247794
0.0247776
0.0243526
0.0235511
0.0224127
0.0209712
0.0192439
0.0172271
0.0148915
0.0121994
0.00915014
0.00584945
0.00264974
0.00033329
8.59418e-05
5.06107e-05
0.000107303
0.000198592
0.000313351
0.000434507
0.000562727
0.000697253
0.000789694
0.000829773
0.000723517
0.00044517
0.000245636
0.000130067
7.42237e-05
4.9594e-05
3.33107e-05
1.83709e-05
1.21015e-05
1.36232e-05
4.43684e-05
0.000112867
0.000750729
0.00600584
0.00450671
0.00554029
0.00716413
0.00887691
0.0105348
0.0121007
0.0135611
0.0148853
0.0160093
0.0168443
0.0172208
0.0172194
0.0168402
0.0160029
0.014877
0.0135515
0.0120903
0.0105242
0.00886674
0.00715525
0.00553384
0.00450372
0.00600692
0.000664702
0.00021684
0.00038828
0.000153928
0.00019877
0.000351389
0.000532258
0.000718351
0.000879904
0.000987137
0.00103988
0.00101352
0.000777569
0.000494477
0.000271972
0.000138026
7.23153e-05
4.24808e-05
2.84008e-05
2.28611e-05
3.47855e-05
0.000154754
0.000218493
0.000779401
0.00597014
0.00654902
0.00431857
0.00369602
0.00391023
0.00437449
0.00485934
0.00529627
0.00566278
0.00594742
0.00614223
0.00624149
0.00624129
0.00614163
0.00594642
0.00566144
0.00529468
0.00485762
0.00437282
0.0039089
0.00369539
0.00431856
0.0065483
0.0059699
0.0015068
0.002909
0.00350494
0.00388651
0.00428404
0.0046935
0.0050639
0.0053631
0.00557766
0.0057113
0.00577556
0.00578423
0.00578394
0.00577487
0.00571036
0.00557649
0.00536171
0.0050624
0.00469211
0.00428287
0.00388567
0.00350452
0.00290891
0.00150689
0.000682385
0.00131258
0.00161522
0.00177551
0.00182928
0.00185745
0.00192609
0.00203049
0.00214677
0.00225165
0.0023273
0.00236565
0.00236581
0.0023278
0.00225247
0.00214776
0.00203153
0.00192714
0.00185854
0.00183058
0.00177717
0.00161682
0.00131341
0.00068016
0.0015929
0.00159772
0.00285688
0.0046828
0.00272619
0.0012294
0.0012497
0.00189657
0.00259027
0.00300711
0.00313391
0.00309712
0.00307369
0.0029136
0.0025752
0.00212213
0.00165993
0.00135531
0.00176558
0.00309256
0.00319282
0.00218584
0.00139263
0.00157219
0.00489365
0.00326921
0.00420404
0.00523666
0.00623183
0.00713061
0.00787296
0.00842405
0.00879759
0.00902925
0.00916137
0.00921139
0.00921098
0.00916026
0.00902769
0.00879564
0.00842163
0.00786993
0.00712717
0.00622841
0.00523379
0.00420192
0.00326783
0.00489214
0.00451678
0.0046854
0.00371025
0.00368772
0.00407071
0.00451263
0.0049059
0.00523315
0.00549275
0.00568524
0.00581144
0.00587321
0.00587315
0.00581128
0.005685
0.00549244
0.00523281
0.00490555
0.00451229
0.00407036
0.00368725
0.0037093
0.00468364
0.00451737
0.00372588
0.00629802
0.00931639
0.0121545
0.0146996
0.0168823
0.0187005
0.0201664
0.0213014
0.0221285
0.0226708
0.0229409
0.0229399
0.0226675
0.022123
0.0212938
0.020157
0.0186896
0.0168703
0.0146875
0.0121436
0.0093072
0.00629128
0.00372244
0.00492083
0.00365682
0.0044579
0.00535691
0.00627084
0.00711115
0.00777793
0.00823022
0.00850086
0.00865036
0.00873396
0.00876311
0.00876243
0.00873224
0.00864803
0.00849813
0.00822701
0.0077741
0.00710684
0.00626673
0.00535366
0.00445581
0.00365588
0.00491936
0.00362573
0.00610776
0.007731
0.00964502
0.0117952
0.0136612
0.0150242
0.016061
0.0168213
0.0173799
0.0177571
0.0179508
0.0179505
0.0177561
0.0173784
0.0168191
0.0160579
0.0150201
0.0136563
0.0117889
0.00964016
0.00772874
0.00610773
0.00362549
0.000527884
0.000170496
9.52402e-05
8.79464e-05
9.61458e-05
0.000100556
0.000202269
0.000440708
0.000722867
0.000951561
0.00118198
0.00134813
0.00131459
0.00116468
0.000959805
0.000744244
0.000557903
0.000473712
0.000552322
0.000746198
0.00102173
0.0011802
0.00102323
0.0013761
0.0040868
0.0058868
0.00853984
0.0109504
0.0130831
0.0149024
0.0164127
0.0176229
0.0185554
0.0192336
0.019678
0.019899
0.0198985
0.019676
0.0192302
0.0185507
0.0176169
0.0164056
0.0148943
0.0130746
0.0109423
0.0085324
0.00588051
0.00408289
0.00490703
0.00308737
0.00387797
0.00480269
0.00569961
0.00651274
0.00718668
0.00768796
0.00802754
0.00823733
0.00835625
0.00840044
0.00840008
0.00835529
0.00823597
0.00802585
0.00768584
0.00718401
0.00650969
0.00569658
0.00480015
0.0038761
0.00308614
0.00490568
0.00251272
0.00505415
0.00588458
0.00693647
0.0081765
0.0094264
0.0105721
0.0115512
0.0123494
0.0129418
0.0133217
0.0135061
0.0135058
0.0133207
0.0129402
0.0123472
0.0115486
0.0105694
0.00942396
0.00817468
0.00693543
0.00588416
0.00505388
0.00251377
0.00433498
0.00540139
0.00573581
0.00671892
0.00806798
0.00950176
0.0108786
0.0121082
0.0131859
0.0140332
0.0146054
0.0148944
0.0148939
0.0146042
0.0140313
0.0131833
0.0121051
0.0108754
0.00949871
0.00806571
0.00671755
0.00573531
0.00540098
0.0043361
0.00475536
0.00552933
0.00446305
0.004656
0.00531838
0.00605938
0.0067679
0.00740099
0.00793466
0.00834757
0.00862688
0.00876819
0.00876807
0.00862652
0.00834699
0.00793389
0.00740009
0.00676692
0.0060584
0.00531746
0.00465526
0.00446238
0.00552826
0.00475556
0.00362953
0.00503515
0.00717125
0.00937551
0.0115252
0.0134574
0.0150212
0.016182
0.0169905
0.0175259
0.0178585
0.0180145
0.0180134
0.0178553
0.0175211
0.0169843
0.0161745
0.0150125
0.0134477
0.0115157
0.00936762
0.00716583
0.00503303
0.00362784
0.00268088
0.00404808
0.0046244
0.00520322
0.00575652
0.00630199
0.00681233
0.00726118
0.00763024
0.00790347
0.0080751
0.00814805
0.00814767
0.00807407
0.00790198
0.00762842
0.00725918
0.00681038
0.00630023
0.00575509
0.00520212
0.00462361
0.00404742
0.00268086
0.00354979
0.00252769
0.00248769
0.00265512
0.00284384
0.00300497
0.00312535
0.00321806
0.00328296
0.0033235
0.00334246
0.00334566
0.00334552
0.0033421
0.00332302
0.00328239
0.00321744
0.00312472
0.00300437
0.00284329
0.00265464
0.00248716
0.00252705
0.00355022
0.000187463
4.89144e-05
8.12482e-05
0.00014321
0.00022223
0.000316012
0.000420308
0.000529973
0.000638557
0.000719656
0.000751216
0.000652387
0.000405649
0.000218219
0.000116126
7.23946e-05
5.2221e-05
3.32935e-05
1.59683e-05
6.31753e-06
1.21392e-05
3.89008e-05
0.000119622
0.000813608
0.00416329
0.0056184
0.00806858
0.0103365
0.0123697
0.0141158
0.0155567
0.0166918
0.0175453
0.0181494
0.0185363
0.0187233
0.0187226
0.0185341
0.0181457
0.0175403
0.0166856
0.0155493
0.0141076
0.0123612
0.0103286
0.00806178
0.00561302
0.00415988
0.00635964
0.00567852
0.0059467
0.0071378
0.00887178
0.0107332
0.012575
0.0142299
0.0156006
0.0166376
0.0173427
0.0176946
0.0176939
0.0173406
0.0166339
0.0155955
0.0142236
0.0125677
0.0107261
0.00886621
0.00713396
0.00594458
0.00567781
0.0063599
0.00485348
0.00349478
0.00458038
0.00572192
0.0068165
0.00780049
0.00860929
0.00920752
0.00961254
0.00986439
0.0100089
0.0100645
0.0100641
0.0100076
0.00986257
0.00961029
0.00920474
0.00860583
0.00779658
0.00681262
0.00571866
0.00457798
0.00349323
0.00485179
0.000795988
0.00141853
0.00167155
0.00175394
0.0017561
0.00173492
0.00176692
0.00184645
0.00194611
0.00203936
0.00210675
0.0021403
0.00214043
0.00210721
0.00204014
0.0019471
0.00184752
0.00176803
0.00173607
0.00175723
0.00175474
0.00167113
0.00141682
0.000793625
0.00306927
0.00473361
0.00507346
0.00579451
0.00666493
0.00752335
0.00831909
0.00902191
0.00961185
0.0100666
0.0103716
0.0105242
0.0105239
0.0103707
0.0100652
0.00961009
0.00901993
0.00831711
0.00752151
0.00666338
0.00579334
0.00507259
0.00473275
0.00306958
0.00480671
0.00350185
0.00424151
0.0051183
0.00604225
0.00690495
0.007579
0.008015
0.00825696
0.00838096
0.00845075
0.0084736
0.00847281
0.00844882
0.00837841
0.00825408
0.00801169
0.00757504
0.00690046
0.00603796
0.00511497
0.00423947
0.00350107
0.0048053
0.00103392
0.00185032
0.00218929
0.00249237
0.00280141
0.0030961
0.00336316
0.00359692
0.00379192
0.00394056
0.00403684
0.00408253
0.00408261
0.0040371
0.00394104
0.00379251
0.00359743
0.00336351
0.00309627
0.00280142
0.00249232
0.00218962
0.00185195
0.0010357
0.00399353
0.00451722
0.00613265
0.0078397
0.00956638
0.0111417
0.0123892
0.0132611
0.0138225
0.0141711
0.0143854
0.0144825
0.0144814
0.0143824
0.0141668
0.0138173
0.013255
0.0123821
0.0111338
0.00955871
0.00783359
0.00612874
0.00451575
0.00399192
0.000623371
0.000823829
0.000770306
0.000771436
0.000714735
0.000609325
0.000484615
0.000366043
0.000303788
0.000423593
0.000580876
0.000419909
0.000400268
0.00044076
0.000352059
0.000298066
0.000363072
0.000481864
0.000607277
0.000713487
0.000770954
0.00077023
0.000824504
0.000628602
0.0031461
0.00501423
0.00542382
0.00625371
0.0074085
0.00863149
0.00979565
0.0108398
0.0117318
0.0124278
0.0128971
0.0131354
0.0131351
0.012896
0.0124261
0.0117296
0.0108373
0.0097931
0.00862913
0.00740662
0.00625247
0.00542308
0.00501356
0.00314703
0.00035745
0.000109038
6.57563e-05
1.86365e-05
2.09031e-05
4.61561e-05
9.93739e-05
0.00016463
0.000222825
0.000278962
0.000299037
0.000256663
0.000202537
0.000153405
0.000112569
7.88776e-05
5.06645e-05
2.81484e-05
1.41007e-05
1.22004e-05
3.01153e-05
7.84061e-05
0.000136903
0.000410744
0.00350785
0.00539833
0.00801293
0.0107399
0.013324
0.0157041
0.0178292
0.0196871
0.0212445
0.0224749
0.0233382
0.0237859
0.0237842
0.0233327
0.0224656
0.021232
0.019672
0.0178122
0.0156862
0.0133064
0.0107238
0.00800012
0.00539048
0.00350662
0.00359012
0.00503557
0.00716628
0.00938338
0.0115573
0.0135196
0.0151122
0.0162962
0.0171226
0.0176721
0.0180158
0.0181777
0.0181765
0.0180125
0.0176672
0.0171164
0.0162887
0.0151034
0.0135097
0.0115477
0.00937534
0.00716068
0.00503332
0.00358844
0.00341208
0.00267783
0.00240528
0.00250989
0.00269736
0.00286382
0.00298435
0.00307167
0.00312921
0.0031632
0.00317809
0.00318054
0.00318043
0.0031778
0.00316283
0.00312878
0.00307123
0.0029839
0.00286341
0.00269701
0.00250952
0.00240461
0.00267644
0.00341353
0.000347669
9.21949e-05
5.03801e-05
1.87535e-05
2.81922e-05
6.17071e-05
0.000127354
0.000203238
0.000271007
0.000335747
0.000360191
0.000308678
0.000243731
0.000185417
0.000137096
9.68239e-05
6.21839e-05
3.32578e-05
1.5627e-05
9.98567e-06
2.13777e-05
6.00352e-05
0.000111341
0.000418272
0.00907375
0.00569413
0.00475102
0.0051691
0.00603992
0.00701796
0.00801656
0.00891799
0.00969887
0.0102963
0.0106787
0.0108643
0.0108639
0.0106775
0.0102944
0.00969645
0.00891521
0.00801363
0.0070151
0.00603743
0.00516721
0.00474993
0.00569361
0.00907421
0.00216202
0.00425481
0.00302826
0.0029099
0.00318458
0.00344917
0.00361538
0.00369574
0.00371663
0.00370145
0.00367439
0.00366311
0.00366216
0.00367364
0.00369958
0.00371503
0.00369432
0.00361424
0.00344865
0.00318465
0.00290965
0.0030241
0.00424145
0.002171
0.00552862
0.00591669
0.00426637
0.00413095
0.00457392
0.00512927
0.00566445
0.00614175
0.00654173
0.00684893
0.00705489
0.00715811
0.007158
0.00705455
0.00684837
0.006541
0.00614091
0.00566352
0.00512833
0.00457306
0.0041303
0.00426591
0.00591581
0.00552865
0.00480356
0.00555858
0.00404674
0.00367337
0.00395314
0.00440489
0.00483843
0.00520663
0.00550102
0.00572081
0.00586664
0.00593942
0.00593937
0.00586654
0.00572067
0.00550084
0.00520642
0.00483821
0.00440464
0.00395282
0.00367279
0.00404522
0.00555559
0.00480508
0.00259607
0.00401183
0.00462915
0.0051977
0.00572403
0.00624635
0.00673505
0.0071622
0.00751124
0.00776772
0.00792721
0.00799382
0.00799345
0.0079262
0.00776624
0.00750944
0.00716024
0.00673314
0.00624463
0.00572264
0.00519665
0.00462841
0.00401122
0.00259608
0.00218819
0.00340777
0.00262546
0.00262679
0.00288298
0.00308684
0.00321995
0.00334872
0.00352095
0.00373365
0.00394448
0.00406749
0.00400574
0.00382756
0.00360778
0.00342552
0.00329895
0.00319902
0.00307819
0.00287939
0.00262529
0.00262264
0.00340334
0.00219114
0.0040143
0.00535419
0.00686155
0.00891445
0.011307
0.0136803
0.0156997
0.017307
0.0185224
0.0193871
0.0199542
0.0202406
0.0202395
0.0199515
0.0193828
0.0185168
0.0173001
0.0156914
0.0136709
0.0112982
0.00890782
0.00685753
0.00535231
0.00401319
0.00367566
0.00509505
0.00496341
0.00557449
0.00648115
0.00741308
0.00827501
0.00903523
0.00967439
0.0101699
0.0105069
0.0106793
0.0106791
0.0105063
0.0101689
0.00967308
0.00903372
0.00827344
0.00741155
0.00647983
0.00557347
0.00496255
0.00509402
0.00367602
0.000887983
0.000607105
0.00127297
0.00208557
0.000570236
0.000246231
0.000428215
0.000787103
0.00112823
0.00136522
0.00145343
0.00144943
0.0013171
0.0010501
0.000744783
0.000477736
0.000285788
0.000168359
0.00010805
0.00019907
0.000950563
0.000919014
0.000535118
0.000862924
0.0046217
0.00507943
0.00385307
0.00367943
0.00402315
0.0044708
0.00488089
0.0052235
0.00549527
0.00569715
0.0058303
0.00589621
0.00589616
0.00583019
0.00569701
0.00549509
0.00522332
0.00488071
0.0044706
0.0040229
0.00367896
0.00385185
0.00507708
0.00462278
0.00377013
0.00488797
0.00692884
0.00897825
0.0109564
0.0127206
0.0141385
0.0151778
0.0158881
0.0163482
0.0166292
0.0167574
0.0167563
0.0166261
0.0163436
0.0158822
0.0151707
0.0141302
0.0127115
0.0109476
0.00897083
0.00692377
0.00488572
0.00376831
0.00426048
0.00533588
0.00500294
0.00543214
0.00629328
0.00726415
0.00820402
0.00905831
0.00979107
0.0103636
0.0107501
0.0109451
0.0109448
0.0107494
0.0103625
0.00978962
0.00905665
0.00820229
0.00726245
0.00629179
0.00543104
0.00500212
0.00533496
0.0042609
0.00391206
0.0047493
0.00643763
0.00827312
0.0101609
0.0118938
0.0132694
0.0142396
0.0148798
0.0152921
0.0155538
0.0156781
0.0156769
0.0155506
0.0152876
0.0148744
0.0142334
0.0132621
0.0118855
0.0101528
0.00826667
0.00643352
0.00474777
0.00391049
0.00139214
0.00137231
0.00253825
0.00141472
0.000707013
0.000878535
0.00149289
0.00209377
0.00250123
0.00258668
0.00239082
0.00233678
0.00256058
0.00248402
0.00214656
0.00168081
0.00122679
0.000936345
0.000865352
0.00104676
0.00159591
0.00184207
0.00124893
0.00145867
0.00389027
0.00485234
0.00612732
0.0075482
0.00912605
0.010578
0.0116506
0.0123283
0.0127472
0.0130372
0.0132646
0.0133977
0.0133963
0.0132612
0.0130328
0.0127426
0.0123235
0.0116454
0.0105719
0.00911999
0.00754347
0.00612442
0.00485086
0.00388932
0.00584555
0.00640996
0.00431507
0.00370257
0.00391267
0.00438025
0.00486547
0.00529493
0.00564789
0.00591708
0.00609887
0.0061907
0.00619053
0.00609835
0.00591624
0.00564674
0.00529355
0.00486393
0.00437874
0.00391145
0.00370193
0.00431477
0.0064087
0.00584568
0.00374815
0.00656654
0.0097397
0.0126546
0.01524
0.0174395
0.0192851
0.0207934
0.0219826
0.0228669
0.0234578
0.0237575
0.0237566
0.0234547
0.0228616
0.0219751
0.020784
0.0192741
0.0174273
0.0152274
0.0126426
0.00972885
0.00655779
0.00374317
0.000695123
0.0002643
0.000502998
0.000795144
0.000238471
0.000125571
0.000244994
0.000467364
0.000714637
0.000925671
0.00101068
0.000983006
0.000822417
0.000600609
0.000396358
0.000243379
0.000144134
8.55073e-05
5.25971e-05
4.60616e-05
0.000256833
0.000336377
0.000236252
0.000669403
0.0024028
0.00492593
0.00580577
0.00680181
0.00793201
0.00904621
0.010052
0.0109019
0.0115839
0.0120829
0.0123985
0.0125497
0.0125494
0.0123976
0.0120813
0.0115819
0.0108995
0.0100495
0.00904396
0.00793033
0.00680084
0.00580535
0.00492568
0.00240366
0.0091707
0.00514799
0.00464008
0.00530562
0.0062974
0.00732008
0.00832024
0.0092885
0.0101868
0.0109427
0.0114813
0.0117198
0.0117192
0.0114795
0.0109398
0.0101833
0.00928444
0.00831617
0.00731611
0.00629381
0.00530268
0.0046381
0.00514713
0.0091723
0.00384716
0.00465915
0.0045219
0.00502278
0.0057218
0.0063963
0.00699179
0.00750369
0.00792448
0.00824469
0.00845803
0.0085608
0.00856062
0.00845748
0.00824386
0.00792342
0.00750249
0.00699054
0.00639507
0.00572071
0.00502191
0.00452107
0.00465814
0.00384722
0.00332287
0.00472936
0.00351038
0.00328611
0.00355976
0.0039225
0.00422758
0.00445793
0.00462275
0.00473426
0.00480276
0.0048352
0.00483525
0.00480292
0.00473455
0.00462317
0.00445848
0.00422827
0.00392331
0.00356044
0.0032859
0.00350727
0.00472209
0.00333263
0.00364604
0.00514078
0.00500703
0.00560363
0.00651465
0.00747185
0.00836718
0.00916404
0.00983764
0.0103607
0.0107162
0.0108979
0.0108977
0.0107155
0.0103596
0.00983627
0.00916247
0.00836555
0.00747026
0.00651326
0.00560257
0.00500617
0.00513977
0.00364647
0.00466542
0.0057359
0.0041181
0.00364322
0.00387819
0.00431895
0.00475001
0.00511519
0.00540516
0.00562026
0.005761
0.00583089
0.00583085
0.00576095
0.00562022
0.00540511
0.00511513
0.00474994
0.00431885
0.00387797
0.00364253
0.00411591
0.00573164
0.00466831
0.000960152
0.000713936
0.00153103
0.00223648
0.000555815
0.00031404
0.000604493
0.000990845
0.00132356
0.00152336
0.0015729
0.00158348
0.00148042
0.00119766
0.000855274
0.000547522
0.000324084
0.000189737
0.000118934
0.000165328
0.000899481
0.00105072
0.00063089
0.000941514
0.00839308
0.00537002
0.00443565
0.00467607
0.00534279
0.00608666
0.00683073
0.00752541
0.00812143
0.00858318
0.00888053
0.00902151
0.00902119
0.00887963
0.0085818
0.00811971
0.00752347
0.0068287
0.00608467
0.00534101
0.00467474
0.00443486
0.00536963
0.00839362
0.00334726
0.0053839
0.00791175
0.010445
0.0128423
0.0149665
0.0167118
0.0180607
0.019046
0.0197231
0.0201492
0.0203525
0.0203514
0.0201458
0.0197178
0.019039
0.018052
0.0167017
0.0149554
0.0128313
0.0104354
0.00790451
0.00538044
0.00334539
0.00363791
0.00526137
0.00392961
0.0035463
0.0038162
0.00424902
0.00463159
0.00493564
0.0051702
0.00534945
0.00547799
0.00554652
0.00553235
0.00544924
0.0053149
0.00513675
0.0049084
0.00461327
0.00423807
0.00380924
0.00354028
0.00392087
0.0052522
0.00364304
0.00370306
0.00631878
0.0094717
0.012231
0.0146084
0.0166188
0.0182918
0.0196603
0.0207485
0.021569
0.0221235
0.0224085
0.0224081
0.0221222
0.0215665
0.020745
0.0196555
0.0182859
0.0166117
0.0146005
0.0122227
0.00946362
0.00631116
0.00369849
0.00378533
0.00357568
0.00351748
0.00383351
0.00424005
0.00462281
0.00494791
0.0052215
0.00543904
0.00559797
0.00569708
0.00574008
0.0057399
0.00569659
0.00559726
0.00543817
0.00522053
0.0049469
0.00462182
0.00423918
0.00383277
0.00351675
0.00357484
0.00378536
0.0020388
0.00171935
0.00167169
0.0017522
0.00180422
0.0018171
0.00179951
0.00176821
0.00172802
0.00168627
0.00165255
0.00163021
0.00163006
0.0016522
0.00168578
0.00172751
0.00176774
0.00179914
0.00181686
0.00180414
0.00175223
0.00167167
0.00171875
0.00204568
0.00281658
0.00282347
0.00229944
0.00234227
0.0025151
0.00266986
0.00277354
0.00284037
0.00287744
0.00289404
0.00289364
0.00288848
0.00288838
0.00289339
0.00289376
0.00287715
0.00284013
0.00277336
0.00266976
0.00251509
0.00234212
0.00229839
0.00282009
0.00282208
0.0041066
0.00379338
0.00324219
0.00334591
0.00367964
0.00402177
0.00430913
0.00454157
0.00472065
0.00484951
0.00493043
0.00496763
0.00496755
0.00493019
0.00484916
0.00472019
0.00454109
0.00430863
0.00402129
0.0036792
0.00334542
0.00324137
0.00379194
0.00410714
0.00772748
0.00614416
0.00584495
0.00599943
0.00662861
0.00746742
0.00842175
0.00945006
0.0104563
0.0112298
0.011342
0.0101473
0.0104484
0.0116289
0.0116442
0.0109394
0.00990889
0.00878988
0.00771915
0.00677946
0.00607952
0.00588052
0.00615996
0.0077444
0.00279781
0.002891
0.00330847
0.00430761
0.00518582
0.00597065
0.00703703
0.00836596
0.00933916
0.0085598
0.00671313
0.00498158
0.00493807
0.00606916
0.00767903
0.00950868
0.0104513
0.0099788
0.00847222
0.00656623
0.00478355
0.00345393
0.0029872
0.00283523
0.00406569
0.00594646
0.00867239
0.0111603
0.0133684
0.0152563
0.0168278
0.0180895
0.0190637
0.0197736
0.0202399
0.0204722
0.0204716
0.0202379
0.01977
0.0190587
0.0180832
0.0168204
0.0152479
0.0133596
0.0111518
0.00866473
0.00594005
0.0040617
0.00346032
0.00507994
0.00550572
0.00642491
0.00769628
0.00905509
0.0103596
0.0115344
0.012548
0.0133393
0.0138692
0.0141357
0.0141353
0.0138681
0.0133375
0.0125455
0.0115316
0.0103567
0.00905244
0.00769427
0.0064237
0.00550516
0.00507949
0.00346145
0.00360867
0.00538633
0.00781435
0.0101889
0.0124163
0.0143763
0.0159754
0.0171927
0.0180669
0.0186585
0.0190268
0.0191996
0.0191985
0.0190236
0.0186535
0.0180603
0.0171847
0.015966
0.0143661
0.0124062
0.0101801
0.00780794
0.00538285
0.00360652
0.00367131
0.00491464
0.00484724
0.00545181
0.00628594
0.00710555
0.00784283
0.0084823
0.00901353
0.00942115
0.00969561
0.0098335
0.0098333
0.009695
0.00942016
0.00901226
0.00848086
0.00784134
0.00710408
0.00628469
0.00545083
0.00484637
0.00491359
0.00367149
0.00388279
0.00331905
0.00314357
0.0033685
0.00369804
0.00400799
0.00426397
0.00447338
0.00463537
0.00475117
0.0048217
0.0048515
0.00485136
0.00482132
0.00475062
0.0046347
0.00447263
0.00426319
0.00400723
0.00369737
0.00336789
0.00314289
0.00331816
0.00388295
0.00235232
0.00220194
0.00317816
0.0044974
0.00596047
0.0073659
0.00858727
0.00954501
0.010218
0.0106428
0.0108822
0.0109889
0.0109887
0.0108815
0.0106424
0.0102189
0.00954831
0.00859343
0.00737454
0.00597042
0.00450675
0.00318431
0.00220222
0.00234944
0.00047493
0.000134168
0.000120486
0.000123983
0.000180519
4.37254e-05
5.01353e-05
0.000103419
0.00018856
0.000296832
0.000362463
0.000342665
0.000273711
0.000194525
0.000127236
7.84605e-05
4.63616e-05
2.76894e-05
2.34119e-05
6.22645e-05
8.44864e-05
0.000108993
0.000130942
0.000466069
0.00401721
0.00518447
0.00521008
0.00584288
0.00690289
0.00807828
0.00922194
0.0102701
0.0111835
0.0119051
0.0123934
0.0126401
0.0126398
0.0123924
0.0119034
0.0111813
0.0102676
0.00921945
0.00807593
0.00690093
0.00584153
0.00520925
0.00518371
0.00401791
0.000400972
0.000420969
0.000700515
0.000831911
0.000879749
0.000888478
0.000899631
0.00093604
0.000992717
0.001051
0.00109392
0.00112048
0.00112064
0.00109424
0.0010513
0.000992902
0.000936113
0.000899623
0.00088839
0.00087957
0.000831689
0.000700319
0.000420919
0.000401099
0.000645649
0.000317757
0.00048706
0.0009108
0.00135386
0.000297995
0.000141712
0.000273409
0.000498425
0.000738759
0.00087049
0.000860265
0.000737727
0.000560779
0.000386269
0.00024745
0.000152935
0.000101763
0.000154839
0.000550099
0.00056814
0.000390384
0.000294026
0.00063178
0.00400189
0.00441414
0.00418733
0.00459564
0.00519699
0.00577939
0.00629028
0.00672563
0.00708037
0.00734832
0.00752497
0.00760962
0.00760946
0.00752449
0.00734761
0.00707947
0.0067246
0.0062892
0.00577832
0.00519605
0.00459485
0.00418654
0.00441313
0.00400193
0.00456759
0.00570905
0.00607077
0.00717064
0.0086329
0.0101633
0.011605
0.0128484
0.0139108
0.0147276
0.0152771
0.0155552
0.0155548
0.0152759
0.0147258
0.0139082
0.0128451
0.0116015
0.0101596
0.00863004
0.0071688
0.0060701
0.00570882
0.00456906
0.000139775
6.24777e-05
9.5829e-05
0.000127764
0.000164435
0.000206261
0.000258443
0.000324289
0.000401691
0.000481045
0.000506677
0.000450882
0.000392845
0.000354312
0.000323852
0.000290729
0.000249125
0.000201753
0.000160762
0.000141333
0.000146889
0.000174798
0.00024299
0.000457603
7.40062e-05
5.63175e-05
7.92971e-05
0.000109104
0.000153252
0.000211592
0.000287889
0.000379992
0.000478817
0.000561866
0.00058473
0.00048262
0.000340227
0.00024019
0.000180117
0.000145906
0.000123477
0.000102649
8.32634e-05
6.84583e-05
6.89944e-05
0.000103085
0.000218463
0.000635264
0.00469862
0.00531245
0.00394989
0.00368243
0.00399876
0.00445125
0.00487523
0.00523247
0.005517
0.00572897
0.00586925
0.00593899
0.00593894
0.00586914
0.00572883
0.00551682
0.00523227
0.00487502
0.00445102
0.00399848
0.00368192
0.00394858
0.00530988
0.0046999
0.00691786
0.00548257
0.00554513
0.00654464
0.0080567
0.0097511
0.0114297
0.0129361
0.0141857
0.0151296
0.0157754
0.0160954
0.0160947
0.0157731
0.0151258
0.0141808
0.0129301
0.011423
0.00974454
0.00805138
0.00654078
0.0055429
0.00548177
0.00691816
0.000540966
0.000121246
0.000133573
0.000139614
5.09109e-05
3.87646e-05
7.95105e-05
0.000156511
0.000247727
0.000350619
0.00041461
0.000375136
0.000291422
0.000208327
0.000140922
9.18282e-05
5.774e-05
3.50127e-05
2.11287e-05
1.85782e-05
7.8723e-05
0.000105732
0.000112988
0.00052288
0.00535288
0.00306368
0.00349094
0.00406903
0.00466008
0.00520779
0.00565267
0.0059643
0.0061569
0.0062644
0.00632242
0.00634055
0.00634016
0.00632144
0.00626308
0.00615534
0.00596242
0.00565039
0.0052052
0.00465761
0.00406705
0.00348963
0.00306301
0.00535167
0.00557163
0.00566822
0.00633976
0.00785635
0.00983444
0.0118749
0.0138036
0.0155395
0.0169809
0.0180693
0.0188044
0.0191732
0.0191726
0.0188023
0.0180656
0.0169757
0.015533
0.0137963
0.0118671
0.00982857
0.00785161
0.00633703
0.00566723
0.00557212
0.000792479
0.000436169
0.000233081
0.000193005
0.000342102
0.000543602
0.000776396
0.00100971
0.00118303
0.00125317
0.00127288
0.00136172
0.00125065
0.000835885
0.000462987
0.000213346
9.10107e-05
4.35345e-05
2.72186e-05
2.9046e-05
9.99878e-05
0.000400086
0.000481433
0.001014
0.000843779
0.000608474
0.00087806
0.00155797
0.00232759
0.00128619
0.000319955
0.000402929
0.000682875
0.000977681
0.0011492
0.00115893
0.00102982
0.000814977
0.000581521
0.000382162
0.000248003
0.00023069
0.000626046
0.00142662
0.00116638
0.000764399
0.000580372
0.000834156
0.00418298
0.00489347
0.00383101
0.00353292
0.00381253
0.0042955
0.00478112
0.00521161
0.00557964
0.00588604
0.00611958
0.00625381
0.00626
0.00613594
0.00590525
0.00559109
0.00521038
0.00477163
0.0042853
0.00380614
0.00352761
0.0038212
0.0048837
0.00417923
0.000761789
0.00151799
0.00187414
0.00208965
0.00218948
0.00225512
0.00236323
0.0025057
0.0026619
0.00280913
0.00292517
0.0029909
0.002991
0.00292544
0.00280951
0.00266223
0.00250584
0.00236315
0.00225503
0.00218995
0.00209145
0.00187671
0.00151595
0.000758764
0.00316665
0.00259121
0.00231268
0.00240058
0.00256623
0.00271
0.00280886
0.00287626
0.00291648
0.00293664
0.00294191
0.00293953
0.00293941
0.00294162
0.00293627
0.00291606
0.00287586
0.00280848
0.00270968
0.00256597
0.0024003
0.00231205
0.00258969
0.00316901
0.00557116
0.00618135
0.00422518
0.00366738
0.00388938
0.00434553
0.00480986
0.00521715
0.00555065
0.0058047
0.00597615
0.00606273
0.00606261
0.0059758
0.00580412
0.00554988
0.00521622
0.00480882
0.00434448
0.00388848
0.00366676
0.00422451
0.00617958
0.00557162
0.00455146
0.00506314
0.00422476
0.00445106
0.00506
0.00570427
0.0062899
0.0067942
0.00720855
0.00752451
0.00773676
0.00784287
0.00784278
0.00773648
0.00752406
0.00720796
0.00679353
0.00628918
0.00570355
0.00505932
0.00445044
0.00422403
0.00506195
0.00455157
0.00856048
0.00531362
0.00489503
0.00561587
0.00672229
0.00790417
0.00910281
0.0102937
0.0113843
0.0121541
0.0127009
0.0129557
0.012955
0.0126989
0.0121508
0.0113801
0.0102889
0.00909793
0.00789958
0.0067182
0.00561259
0.00489293
0.00531276
0.00856157
0.00528673
0.00591621
0.00415127
0.00369185
0.0039531
0.00441602
0.00487396
0.00527171
0.00559646
0.00584326
0.00600943
0.00609325
0.00609317
0.00600921
0.00584291
0.00559599
0.00527116
0.00487333
0.00441537
0.00395248
0.00369126
0.00415028
0.00591403
0.00528746
0.00339606
0.00264476
0.00281323
0.0030419
0.00323622
0.0034026
0.00353609
0.0036464
0.00372891
0.00378299
0.00380964
0.00381447
0.00381429
0.00380918
0.00378235
0.00372815
0.00364556
0.00353524
0.0034018
0.00323549
0.00304131
0.00281272
0.00264431
0.00339611
0.000958979
0.00185998
0.0017239
0.00188299
0.00217574
0.00245781
0.00269797
0.00289331
0.00304508
0.00315241
0.00321865
0.00324653
0.0032465
0.00321857
0.00315224
0.00304478
0.00289285
0.00269734
0.00245706
0.00217496
0.0018823
0.00172343
0.00185947
0.000957745
0.00790379
0.00548103
0.00523274
0.00606154
0.00734242
0.00876162
0.0102379
0.0116239
0.0127699
0.0136182
0.0142103
0.0144968
0.014496
0.0142079
0.0136143
0.012765
0.0116182
0.010232
0.00875578
0.00733754
0.00605775
0.00523041
0.00548012
0.00790438
0.000337721
0.000323534
0.00050036
0.000584234
0.000588918
0.000567531
0.000557751
0.000578349
0.000622334
0.000670713
0.000707158
0.000731353
0.000731531
0.000707533
0.000671089
0.000622621
0.000578546
0.00055789
0.000567615
0.000588933
0.000584205
0.000500336
0.000323607
0.000337867
0.00111467
0.00248919
0.00175822
0.00178721
0.00190713
0.00196042
0.00193942
0.00185892
0.00176883
0.00170047
0.00163739
0.00159757
0.00159711
0.00163629
0.00169915
0.00176768
0.00185737
0.00193838
0.00196013
0.00190718
0.00178738
0.00175634
0.00248003
0.00112918
0.00425804
0.00482179
0.00428323
0.00462345
0.00526302
0.00591047
0.00649015
0.00698738
0.00739499
0.00770493
0.00791194
0.00801404
0.00801391
0.00791156
0.00770434
0.00739422
0.00698651
0.00648923
0.00590956
0.0052622
0.00462273
0.00428246
0.00482068
0.00425811
0.00396263
0.00541822
0.00693444
0.00883965
0.0110492
0.0131737
0.0149083
0.0162144
0.017174
0.0178726
0.018349
0.0185974
0.0185962
0.0183459
0.0178681
0.0171687
0.0162085
0.0149015
0.013166
0.011042
0.0088342
0.00693111
0.00541656
0.00396206
0.00362516
0.0022515
0.00214849
0.00236881
0.00263764
0.00288993
0.00310887
0.00328712
0.00342273
0.00351666
0.00357394
0.00359842
0.00359838
0.00357383
0.00351648
0.00342245
0.00328671
0.00310832
0.0028893
0.00263702
0.00236829
0.00214813
0.00225127
0.00362506
0.00330482
0.00670504
0.0102955
0.0135215
0.0163272
0.0186886
0.0206808
0.0223334
0.023674
0.0247078
0.0254235
0.0258
0.0257991
0.0254202
0.0247019
0.0236657
0.0223229
0.0206689
0.0186754
0.0163132
0.0135078
0.0102825
0.00669408
0.00329887
0.000542951
0.00010779
0.000102481
8.18662e-05
4.61649e-05
6.20862e-05
0.000140435
0.000250983
0.000373786
0.000494376
0.000556118
0.000496943
0.000378375
0.000262144
0.000171145
0.000107852
6.62793e-05
3.96353e-05
2.29404e-05
1.44255e-05
3.4396e-05
7.60224e-05
9.83525e-05
0.000538763
0.00371924
0.00508616
0.0071208
0.00937127
0.011647
0.0137353
0.015435
0.0166989
0.0175889
0.0181891
0.0185691
0.0187503
0.0187491
0.018566
0.0181843
0.0175829
0.0166916
0.0154264
0.0137255
0.0116374
0.00936339
0.00711549
0.00508407
0.00371756
0.00319891
0.00473486
0.00500375
0.00569633
0.00653863
0.0073497
0.00809552
0.00875332
0.00930432
0.00972814
0.0100123
0.0101544
0.0101542
0.0100115
0.00972685
0.00930268
0.00875148
0.00809367
0.00734796
0.00653715
0.00569518
0.00500285
0.00473393
0.00319909
0.00401121
0.0051087
0.00727464
0.00935449
0.011296
0.0129976
0.0143726
0.0153994
0.0161177
0.016589
0.0168746
0.0170026
0.0170016
0.0168718
0.0165847
0.0161122
0.0153928
0.0143649
0.0129891
0.0112877
0.00934739
0.00726941
0.00510562
0.00400895
0.00357533
0.0052493
0.00577488
0.00681509
0.00819624
0.00966239
0.0110664
0.0123225
0.0134038
0.0142429
0.0147996
0.0150779
0.0150775
0.0147985
0.0142411
0.0134012
0.0123195
0.0110633
0.00965952
0.00819415
0.00681391
0.00577446
0.00524897
0.00357655
0.00274045
0.00612857
0.00964601
0.0128338
0.0156214
0.0180329
0.0201023
0.021866
0.0233293
0.0244776
0.0252832
0.0257093
0.0257077
0.0252779
0.0244685
0.0233168
0.0218506
0.0200846
0.0180137
0.0156016
0.0128149
0.00962934
0.00611564
0.0027354
0.00764335
0.00695324
0.00450517
0.00409889
0.00445134
0.00500677
0.00560615
0.00619704
0.00674548
0.00721535
0.00756544
0.00775547
0.00775512
0.00756435
0.00721361
0.00674328
0.00619463
0.00560376
0.00500463
0.00444973
0.00409832
0.00450608
0.00695399
0.00764129
0.00190612
0.00229557
0.00188278
0.00193228
0.00204958
0.00212888
0.00215768
0.00215631
0.00213415
0.00210293
0.00207065
0.00204859
0.00204845
0.00207027
0.00210245
0.00213366
0.00215589
0.0021574
0.00212876
0.00204966
0.00193233
0.00188186
0.00229223
0.00191647
0.0043726
0.00578754
0.00688112
0.00858169
0.0107197
0.0129221
0.0149244
0.0165525
0.0178012
0.0187108
0.0193212
0.0196378
0.019637
0.0193191
0.0187076
0.0177969
0.0165472
0.014918
0.0129151
0.0107136
0.00857739
0.00687887
0.00578675
0.00437255
0.0016179
0.00159102
0.00213792
0.00366035
0.00603558
0.00777606
0.00447052
0.00325362
0.00305374
0.00321834
0.00338788
0.00341602
0.00332078
0.00312717
0.00288452
0.00272255
0.00300597
0.00428567
0.00477456
0.0039765
0.0027375
0.00182741
0.00150267
0.00161109
0.000581376
0.000870671
0.000864618
0.000875081
0.000821246
0.000728485
0.000621201
0.000507647
0.000398058
0.000305406
0.000237524
0.000187622
0.000184312
0.000231456
0.000300561
0.000394194
0.000504566
0.000619126
0.000727134
0.00082045
0.000874854
0.000864843
0.000871549
0.000585876
0.00179384
0.00328997
0.0023972
0.00238523
0.00258815
0.00276421
0.00287533
0.00293517
0.00295711
0.0029409
0.00290799
0.00288429
0.00288418
0.00290767
0.00294052
0.00295748
0.00293572
0.00287589
0.00276483
0.00258878
0.00238555
0.00239473
0.00328246
0.00181281
0.0040246
0.00518367
0.00742421
0.00995819
0.0123861
0.0146401
0.0166983
0.0184878
0.0199985
0.0211701
0.021974
0.0223823
0.0223807
0.021969
0.0211618
0.0199872
0.0184743
0.0166833
0.0146244
0.0123709
0.00994458
0.007414
0.00517812
0.00402351
0.000477464
0.000126927
0.000109709
0.000100798
0.000109268
3.65953e-05
5.48757e-05
0.000113514
0.000203368
0.000315689
0.000381932
0.000357282
0.000282211
0.000198391
0.000128329
7.79904e-05
4.47335e-05
2.48323e-05
1.54944e-05
3.26752e-05
6.94327e-05
9.84622e-05
0.000123274
0.00046726
0.000833957
0.000453935
0.000826878
0.000241468
0.000304816
0.000515461
0.000761491
0.00100536
0.00118606
0.00126554
0.00127993
0.00135263
0.00122108
0.000846424
0.000491404
0.000240975
0.000110424
5.60317e-05
3.57043e-05
3.04366e-05
9.85028e-05
0.000415455
0.000450723
0.000954985
0.00546699
0.00595296
0.00414938
0.0037871
0.00411332
0.00460645
0.00508789
0.00551171
0.00586397
0.00613545
0.00632011
0.0064139
0.00641381
0.00631985
0.00613503
0.00586342
0.00551106
0.00508717
0.00460571
0.00411263
0.00378656
0.00414881
0.00595164
0.00546715
0.0026757
0.00297638
0.00236124
0.00238323
0.0025651
0.00273147
0.00284214
0.00291149
0.00294831
0.00296349
0.002962
0.00295633
0.00295626
0.00296179
0.00296326
0.00294809
0.00291133
0.00284207
0.00273149
0.00256521
0.00238314
0.0023599
0.00297251
0.00268278
0.00403577
0.0040084
0.00371859
0.00400748
0.00447574
0.00493359
0.0053298
0.00566318
0.00593054
0.00612887
0.00625658
0.00631599
0.00631584
0.00625616
0.00612825
0.00592976
0.00566232
0.00532889
0.00493272
0.00447495
0.00400679
0.00371784
0.00400741
0.00403583
0.00479659
0.00369191
0.00483518
0.00601636
0.0071597
0.00818678
0.00901699
0.00961387
0.0100038
0.0102386
0.0103722
0.0104225
0.0104219
0.0103705
0.0102363
0.0100009
0.00961037
0.0090128
0.00818207
0.00715509
0.00601257
0.00483251
0.00369039
0.00479483
0.00934927
0.0067559
0.0043281
0.0039522
0.00422389
0.00461676
0.00500676
0.00536702
0.00568673
0.00595472
0.00615345
0.00626196
0.00626179
0.0061529
0.00595386
0.00568566
0.00536583
0.00500554
0.00461559
0.0042229
0.0039519
0.0043288
0.00675639
0.00934813
0.000976495
0.000668489
0.000535399
0.000505179
0.000541189
0.000619149
0.000707507
0.000828488
0.000989687
0.00116769
0.00147126
0.00177091
0.00181669
0.00187779
0.00193624
0.00198012
0.00198635
0.00195058
0.00188005
0.0018222
0.00176168
0.00161988
0.00134397
0.00141954
0.00196084
0.00214227
0.00230861
0.00262038
0.00296348
0.0032897
0.00358521
0.00384391
0.00405739
0.00421597
0.00431542
0.00436135
0.00436147
0.00431579
0.00421671
0.00405839
0.00384492
0.00358601
0.00329018
0.00296358
0.00262003
0.0023079
0.00214198
0.0019621
0.00484435
0.0056096
0.00666258
0.00842078
0.010621
0.0129264
0.0150601
0.0169438
0.0184681
0.0195874
0.0203226
0.0206893
0.0206886
0.0203205
0.0195838
0.0184628
0.0169369
0.0150519
0.0129177
0.0106139
0.00841555
0.00665942
0.005608
0.00484424
0.00642296
0.00564556
0.00474978
0.00488995
0.0055314
0.00629587
0.00704154
0.00772443
0.00830869
0.00875761
0.0090483
0.00918851
0.00918827
0.00904761
0.00875653
0.00830729
0.00772283
0.00703987
0.00629423
0.00552994
0.00488891
0.00474916
0.00564487
0.00642337
0.000547051
0.00103671
0.00147576
0.00172453
0.00182458
0.00189921
0.00200327
0.00212996
0.00225816
0.00236798
0.00244449
0.00248224
0.0024824
0.00244501
0.00236885
0.00225924
0.00213111
0.00200442
0.0019004
0.00182596
0.0017264
0.00147774
0.0010373
0.000545326
0.00081183
0.00162985
0.00122425
0.00125732
0.00128376
0.00123458
0.00113326
0.00102061
0.000900981
0.000794062
0.000711841
0.000659435
0.000658334
0.000709479
0.000791234
0.00089798
0.00101808
0.00113142
0.0012332
0.00128311
0.00125718
0.00122327
0.00162429
0.000817451
3.96259e-05
8.93669e-05
0.000164783
0.000219488
0.00025145
0.00026491
0.000266766
0.000268207
0.000272488
0.00027432
0.00025087
0.000213818
0.000198924
0.00019613
0.000196483
0.000198498
0.000198197
0.000191522
0.000176009
0.000150318
0.000116609
8.1401e-05
5.60527e-05
5.98658e-05
0.000161697
8.46511e-05
0.000111434
0.000149518
0.000193174
0.000239562
0.000294655
0.000357743
0.000428758
0.000515625
0.000564001
0.000534884
0.000493589
0.000458283
0.000419364
0.000365469
0.000294351
0.000217138
0.000158185
0.00015556
0.000184599
0.000237948
0.000344699
0.00066176
0.00612125
0.00597284
0.00444317
0.00435507
0.00481022
0.00538027
0.00593645
0.00643695
0.00685692
0.00717661
0.00738662
0.00748978
0.00748964
0.00738618
0.00717591
0.006856
0.00643589
0.0059353
0.00537911
0.00480918
0.00435436
0.00444279
0.00597206
0.0061214
0.000845125
0.000434346
0.000916269
0.000268156
0.000242632
0.000449601
0.00070611
0.00096424
0.00116301
0.00126171
0.00127866
0.00133429
0.00118252
0.000840446
0.000507005
0.000263758
0.000129254
6.86866e-05
4.34551e-05
3.45408e-05
0.000112092
0.000441691
0.00042809
0.0009068
0.00483479
0.00535165
0.00398462
0.00375647
0.00410388
0.00457766
0.00502181
0.00539886
0.00570174
0.00592917
0.00608065
0.00615629
0.00615623
0.00608052
0.00592898
0.0057015
0.00539859
0.00502152
0.00457736
0.00410354
0.00375598
0.00398354
0.00534952
0.0048356
0.000633483
0.000171872
0.000258494
0.00013428
6.94297e-05
0.000112688
0.000241695
0.000402212
0.000578648
0.000735228
0.000817369
0.00074185
0.000558153
0.000373008
0.000230478
0.000137291
8.23159e-05
5.1013e-05
3.28604e-05
2.24259e-05
4.96979e-05
0.000155362
0.000155955
0.000634694
0.000798893
0.000373434
0.000842919
0.000519503
0.000184412
0.00024268
0.000480423
0.000753833
0.00100019
0.00115616
0.00120822
0.00121331
0.00104221
0.000760101
0.000485467
0.000279969
0.000154721
8.87458e-05
5.56986e-05
4.41966e-05
0.000194753
0.000458948
0.000343546
0.000788706
0.00580697
0.00635748
0.00424364
0.003678
0.00390714
0.00436252
0.00482891
0.00524494
0.00559182
0.00586009
0.00604313
0.0061362
0.00613605
0.00604266
0.00585932
0.00559079
0.00524371
0.00482758
0.00436121
0.00390605
0.0036774
0.0042434
0.00635646
0.00580694
0.000600601
0.00140202
0.00143346
0.00157186
0.00175163
0.00191213
0.00204787
0.00216473
0.0022634
0.00233914
0.00238852
0.00241175
0.00241179
0.00238858
0.00233917
0.00226335
0.0021646
0.00204767
0.00191189
0.00175136
0.00157161
0.00143326
0.00140179
0.00060003
0.00567628
0.00449679
0.00567522
0.00740114
0.00922345
0.0109915
0.0126755
0.0142579
0.0156874
0.0168475
0.0176631
0.0180491
0.0180476
0.0176588
0.0168407
0.0156785
0.0142475
0.0126643
0.0109802
0.00921267
0.00739166
0.00566853
0.00449393
0.00567753
0.0040247
0.00235788
0.00227957
0.00254287
0.0028531
0.00314555
0.00339911
0.0036021
0.00375227
0.00385318
0.00391339
0.00393809
0.00393802
0.00391321
0.0038529
0.00375188
0.00360156
0.0033984
0.00314474
0.0028523
0.00254221
0.0022791
0.00235757
0.00402452
0.000159928
3.02473e-05
2.26805e-05
6.71053e-05
0.000128729
0.000194363
0.000265519
0.000341841
0.000418416
0.000483885
0.000493775
0.000355004
0.000231401
0.000152533
0.000110201
8.89776e-05
7.43053e-05
5.18836e-05
2.21629e-05
1.19609e-05
2.08866e-05
4.54048e-05
9.92679e-05
0.000630475
0.0037204
0.00493928
0.0069965
0.00906881
0.011077
0.0128733
0.0143187
0.0153786
0.0161036
0.0165738
0.0168621
0.016994
0.0169929
0.016859
0.0165691
0.0160976
0.0153715
0.0143104
0.0128641
0.011068
0.00906127
0.0069913
0.00493698
0.00371858
0.00454605
0.00295541
0.00299828
0.00321708
0.00344141
0.00364388
0.00381936
0.00396573
0.0040812
0.00416431
0.00421624
0.00424004
0.00424002
0.00421618
0.00416418
0.00408097
0.0039654
0.00381895
0.00364342
0.00344097
0.00321672
0.00299805
0.00295531
0.00454603
0.00407853
0.00375326
0.00343569
0.00366774
0.00406853
0.00445933
0.00479214
0.00506815
0.00528626
0.00544633
0.00554813
0.00559486
0.00559474
0.00554777
0.0054458
0.00528561
0.00506742
0.00479136
0.00445859
0.00406786
0.00366713
0.00343496
0.00375224
0.00407865
0.00536183
0.00396032
0.00430778
0.00478871
0.00530691
0.00579753
0.00618783
0.00644686
0.006596
0.00667608
0.0067228
0.00674047
0.00674001
0.00672168
0.0066746
0.0065943
0.0064449
0.00618549
0.00579488
0.00530437
0.00478669
0.00430644
0.00395963
0.00536065
0.000924773
0.000702503
0.00112223
0.00206971
0.00288733
0.000883883
0.000348219
0.000544342
0.000902249
0.00122788
0.00139984
0.00140815
0.0012736
0.00103367
0.000755861
0.000504094
0.000320399
0.000247465
0.000584752
0.00165619
0.00149887
0.000948631
0.000656956
0.00090994
0.00323587
0.00503847
0.00555498
0.00650104
0.00777591
0.00912726
0.0104154
0.0115658
0.0125476
0.0133084
0.0138155
0.0140701
0.0140697
0.0138144
0.0133066
0.0125452
0.011563
0.0104126
0.00912465
0.00777393
0.00649985
0.00555442
0.00503804
0.003237
0.0046144
0.00402141
0.00418645
0.00476742
0.00562253
0.00647358
0.00716344
0.0076445
0.00793801
0.00809548
0.00816991
0.00819801
0.008198
0.00816968
0.00809511
0.00793765
0.00764466
0.0071648
0.00647661
0.00562692
0.00477135
0.00418622
0.00401554
0.00461154
0.000558179
0.00138025
0.00140984
0.00157912
0.00182407
0.00203956
0.00221689
0.00236772
0.00249576
0.00259398
0.00265765
0.00268634
0.00268637
0.00265768
0.00259393
0.00249556
0.00236737
0.00221641
0.00203898
0.00182344
0.00157854
0.00140936
0.00137971
0.000558332
0.0037532
0.00305098
0.00277971
0.00291797
0.00317081
0.00340945
0.00359798
0.00374536
0.00385345
0.00392674
0.00396838
0.00398417
0.00398406
0.00396807
0.00392631
0.00385293
0.0037448
0.00359741
0.0034089
0.00317032
0.00291749
0.00277903
0.00304991
0.00375381
0.00568295
0.006082
0.00420543
0.00392422
0.00428372
0.00477669
0.00525479
0.0056794
0.00603472
0.00630869
0.00649377
0.00658714
0.00658703
0.00649344
0.00630816
0.00603403
0.0056786
0.00525391
0.0047758
0.0042829
0.00392363
0.00420505
0.00608118
0.00568291
0.000459939
0.000121637
0.000156491
7.97142e-05
0.000155073
0.000270274
0.000406111
0.000553877
0.000702806
0.000804031
0.000850285
0.000756507
0.000496616
0.000285746
0.000154051
8.52751e-05
5.28178e-05
3.51989e-05
2.33339e-05
1.74019e-05
1.6287e-05
6.65393e-05
0.000130671
0.000712691
0.00368986
0.0031854
0.00276963
0.00286159
0.00310861
0.00334856
0.00353641
0.00368021
0.00378361
0.00385269
0.0038917
0.00390691
0.00390682
0.00389145
0.00385234
0.00378318
0.00367977
0.00353598
0.00334815
0.00310826
0.00286117
0.00276882
0.00318381
0.00369102
0.00333207
0.00359347
0.00353053
0.00422576
0.00529245
0.00642196
0.00768706
0.00927736
0.0111799
0.0130592
0.0144398
0.0150232
0.0151221
0.0148992
0.0141379
0.0127611
0.0109397
0.00895496
0.00707854
0.00547959
0.00422999
0.0035081
0.00359476
0.0033381
0.00205221
0.00179712
0.00229169
0.00290091
0.00348603
0.00402449
0.00453215
0.0050439
0.00558003
0.00609201
0.00648261
0.00668935
0.00669137
0.00648744
0.0060985
0.00558599
0.0050479
0.00453467
0.00402657
0.00348817
0.00290292
0.00229296
0.00179692
0.00205148
0.00108725
0.00143411
0.00134551
0.00140565
0.00143718
0.00142547
0.00138147
0.00132329
0.00125845
0.00119525
0.00114156
0.0011077
0.00110746
0.00114094
0.00119445
0.00125765
0.00132256
0.00138089
0.00142512
0.00143709
0.00140578
0.0013455
0.00143389
0.00110101
0.00260071
0.00627488
0.00989199
0.0130969
0.015862
0.0181774
0.0201164
0.0217346
0.0230584
0.0240896
0.0248118
0.0251943
0.0251927
0.0248069
0.0240814
0.0230472
0.0217209
0.0201009
0.0181606
0.0158459
0.0130822
0.00987891
0.00626507
0.00259722
0.000574377
0.000362708
0.000378724
0.000457076
0.00071989
0.000999522
0.000410334
0.000210402
0.000262466
0.000379572
0.000463883
0.000463485
0.000392624
0.000295502
0.00020484
0.000142249
0.000129338
0.000269481
0.000598122
0.000481081
0.000387512
0.000364608
0.000361991
0.000576082
0.0031451
0.00624422
0.00950172
0.0126267
0.0154739
0.0179811
0.0201594
0.0220275
0.0235773
0.024786
0.0256252
0.0260639
0.0260624
0.0256203
0.0247774
0.0235653
0.0220125
0.0201421
0.0179624
0.0154547
0.0126084
0.00948627
0.00623285
0.0031407
0.00293022
0.00375141
0.00424875
0.00475129
0.00519314
0.00560805
0.00598939
0.0063266
0.00660071
0.00679906
0.00691935
0.00696409
0.00696373
0.00691843
0.00679773
0.0065991
0.00632483
0.00598763
0.00560642
0.00519177
0.00475023
0.00424793
0.00375071
0.00293017
0.000819455
0.000513008
0.00103005
0.00183315
0.000827087
0.000233568
0.000307511
0.000612743
0.000949298
0.00121134
0.00132352
0.00131182
0.00116842
0.000919168
0.000646861
0.000414645
0.000250011
0.000148976
0.000104819
0.000313473
0.000968101
0.000765512
0.000452463
0.000793648
0.00359094
0.00275624
0.00280578
0.00303362
0.0032727
0.00348283
0.00364914
0.0037844
0.00388581
0.00395437
0.00399145
0.00400261
0.00400245
0.00399102
0.00395376
0.00388508
0.00378361
0.00364832
0.00348204
0.00327199
0.00303302
0.00280519
0.00275563
0.00359108
0.00128145
0.00195012
0.00232524
0.00269133
0.00305212
0.00338455
0.00368014
0.00393733
0.00415191
0.00431629
0.00442393
0.00447574
0.0044758
0.00442411
0.00431662
0.00415226
0.00393753
0.00368011
0.00338432
0.00305172
0.00269084
0.00232505
0.00195114
0.00128304
0.000695161
0.00144812
0.00124424
0.00129482
0.00132829
0.00131457
0.00126615
0.00120149
0.00112783
0.00105591
0.000994752
0.000956099
0.000955778
0.00099395
0.00105488
0.00112681
0.00120059
0.00126547
0.00131415
0.00132816
0.00129495
0.00124401
0.00144634
0.000713402
0.00169483
0.00242801
0.00190492
0.00194442
0.00207063
0.00215573
0.00218517
0.00218046
0.00215297
0.00211603
0.00207872
0.00205374
0.00205361
0.00207831
0.00211553
0.00215247
0.00218004
0.00218491
0.00215566
0.00207078
0.00194455
0.0019037
0.00242367
0.00170755
0.0001713
0.000152449
0.000167293
0.000188043
0.000215936
0.000241621
0.00026463
0.00028851
0.000340273
0.000410821
0.000431706
0.000383664
0.00035925
0.000363222
0.000369743
0.000369424
0.000354009
0.000321559
0.000274338
0.000231392
0.000225225
0.00026134
0.000342498
0.000565072
0.00316473
0.00332101
0.00342165
0.00429611
0.00543424
0.00642435
0.00736193
0.00856201
0.0101544
0.0118404
0.0131697
0.0139982
0.0141153
0.0136532
0.0128265
0.0116485
0.0101424
0.00847458
0.0068342
0.00535533
0.00411226
0.00330915
0.00329147
0.00316772
0.00305083
0.0047955
0.00510602
0.00582907
0.00673301
0.00763804
0.00848099
0.00922794
0.00985713
0.0103436
0.0106705
0.0108344
0.0108341
0.0106696
0.0103422
0.00985533
0.00922593
0.00847897
0.00763616
0.00673144
0.00582791
0.00510515
0.00479463
0.00305119
0.00561064
0.0062325
0.00522882
0.00538594
0.00621497
0.0072621
0.00827712
0.00915522
0.00986161
0.010389
0.0107385
0.0109124
0.0109122
0.0107377
0.0103876
0.00985962
0.00915266
0.00827419
0.00725928
0.00621295
0.00538544
0.00522966
0.0062331
0.00560908
0.000853918
0.00133675
0.00123538
0.00129014
0.00131366
0.00129339
0.00124252
0.00117885
0.00111013
0.00104411
0.000988576
0.000953705
0.000953445
0.000987915
0.00104325
0.00110927
0.00117806
0.0012419
0.001293
0.00131355
0.00129027
0.0012354
0.00133665
0.000869608
0.00423493
0.00518226
0.00385583
0.00354731
0.00382358
0.00423911
0.00462079
0.00493198
0.00517106
0.00534361
0.0054561
0.00551155
0.00551155
0.00545615
0.0053437
0.00517121
0.0049322
0.00462105
0.00423938
0.0038237
0.0035468
0.00385349
0.00517758
0.00423876
0.00328351
0.00521333
0.00583491
0.00690529
0.00829333
0.00975493
0.0111426
0.0123705
0.0134101
0.0142066
0.0147302
0.0149903
0.0149899
0.0147291
0.0142048
0.0134075
0.0123675
0.0111395
0.0097521
0.00829127
0.00690414
0.00583449
0.00521304
0.00328477
0.00315535
0.00291366
0.00328256
0.00363236
0.00392021
0.00417767
0.00440155
0.00459575
0.00474758
0.00485119
0.00490587
0.00492201
0.00492174
0.00490515
0.00485016
0.00474636
0.00459441
0.0044002
0.0041764
0.0039191
0.00363147
0.00328182
0.00291305
0.00315531
0.000122965
6.69705e-05
0.000102958
0.000134471
0.000162122
0.000189125
0.000218896
0.000258509
0.000316639
0.000368407
0.000368113
0.000313428
0.000283443
0.00027847
0.000279819
0.000278403
0.00026752
0.000246156
0.000219124
0.000195991
0.000182853
0.00019801
0.000254787
0.000397515
0.0048093
0.00517662
0.00395763
0.00385254
0.00425586
0.00475316
0.00521192
0.0056028
0.00591913
0.00615782
0.00631717
0.00639668
0.00639661
0.006317
0.00615757
0.00591881
0.00560243
0.00521153
0.00475276
0.00425544
0.00385206
0.00395676
0.00517496
0.00480972
0.00273781
0.00335131
0.0039361
0.00435977
0.00464649
0.00492607
0.00519001
0.00542541
0.00561366
0.00574361
0.00581505
0.00583152
0.00583116
0.00581413
0.00574233
0.00561212
0.00542373
0.00518836
0.00492456
0.00464522
0.0043588
0.00393538
0.00335077
0.00273774
0.00315648
0.00303427
0.00339448
0.00376343
0.00408756
0.00438097
0.00463797
0.00486161
0.00503877
0.00516273
0.00523205
0.00525639
0.00525611
0.00523133
0.00516167
0.00503752
0.00486023
0.00463659
0.00437967
0.00408643
0.00376254
0.00339374
0.00303363
0.00315644
0.0051589
0.00530298
0.00663391
0.00882922
0.0112045
0.013461
0.0155022
0.0172836
0.0187367
0.019851
0.020615
0.0210047
0.0210039
0.0206123
0.0198461
0.0187299
0.0172751
0.0154924
0.0134503
0.0111936
0.00881906
0.00662718
0.00529941
0.00515772
0.00409346
0.00588758
0.00662636
0.00790169
0.00946535
0.0110671
0.0125414
0.0138095
0.0148793
0.0156971
0.0162423
0.016516
0.0165156
0.0162412
0.0156953
0.0148766
0.0138061
0.0125377
0.0110633
0.0094624
0.00789988
0.00662577
0.00588757
0.00409499
0.00459839
0.00539632
0.00445619
0.00471497
0.00540857
0.00616276
0.00687196
0.00749792
0.00802203
0.00842651
0.00870044
0.00883924
0.00883913
0.0087001
0.00842596
0.00802129
0.00749706
0.00687105
0.00616183
0.0054077
0.00471425
0.00445548
0.00539521
0.00459858
0.000524322
0.00056041
0.000894952
0.00105735
0.0011402
0.0011746
0.00120406
0.00125907
0.00133562
0.00141153
0.00146678
0.00149946
0.00149962
0.0014671
0.00141179
0.0013357
0.00125899
0.00120385
0.00117427
0.00113976
0.00105688
0.00089454
0.000560195
0.000524417
0.000595211
0.000219219
0.000136394
0.000134249
0.000250726
0.000402563
0.00057268
0.000752473
0.000912262
0.00100324
0.00104458
0.00105161
0.00079973
0.000472328
0.000240585
0.000113658
5.79611e-05
3.36391e-05
2.08517e-05
1.57976e-05
2.48053e-05
0.000128755
0.000226165
0.000838966
0.00370346
0.00428635
0.00598851
0.00769963
0.00923657
0.0105506
0.0116455
0.0125304
0.0132177
0.0137171
0.0140419
0.0142
0.0141999
0.0140413
0.0137159
0.0132158
0.0125278
0.011642
0.0105464
0.0092319
0.00769482
0.00598383
0.00428239
0.0037018
0.00431518
0.00459236
0.00403535
0.00430874
0.00486493
0.00542942
0.00593005
0.00635571
0.00670165
0.00696238
0.00713489
0.00721908
0.00721897
0.00713455
0.00696185
0.00670095
0.00635495
0.00592923
0.00542862
0.0048642
0.00430808
0.0040346
0.00459122
0.00431525
0.000897504
0.00144461
0.00110168
0.00112804
0.00113843
0.00107297
0.000961739
0.000839306
0.000713655
0.00062197
0.000611431
0.000679011
0.000654694
0.000588652
0.000613274
0.000706827
0.000834669
0.000958421
0.00107056
0.00113704
0.00112747
0.00110059
0.00144061
0.000901939
0.00180488
0.00175582
0.00228517
0.0030779
0.00377136
0.00427029
0.00464093
0.00495533
0.00523622
0.00547037
0.00563692
0.00572499
0.00572486
0.00563645
0.00546935
0.0052345
0.00495292
0.00463791
0.00426683
0.00376774
0.00307453
0.00228253
0.00175401
0.00180413
0.000838906
0.00177097
0.00130077
0.00133734
0.0013812
0.00134986
0.00126162
0.00116096
0.0010507
0.000953194
0.000881399
0.000836406
0.00083586
0.000880188
0.000951714
0.00104852
0.00115896
0.00126012
0.00134869
0.00138071
0.00133728
0.00129969
0.00176422
0.000845834
0.00387651
0.00588236
0.00715911
0.00890161
0.0109733
0.0129842
0.0146549
0.0158551
0.0167974
0.0175559
0.0181164
0.0184212
0.0184201
0.0181135
0.0175519
0.0167928
0.0158505
0.01465
0.0129787
0.0109681
0.00889778
0.0071571
0.00588149
0.00387622
0.00529635
0.00624086
0.00448584
0.00387029
0.00405467
0.00453625
0.00503814
0.0054604
0.00578257
0.00601054
0.00615526
0.00622545
0.00622543
0.00615521
0.00601045
0.00578243
0.00546028
0.00503799
0.0045361
0.0040543
0.00386893
0.00448274
0.00623871
0.0052988
0.00483632
0.00358794
0.00467436
0.00580936
0.00690752
0.00789333
0.00868998
0.00926264
0.00963649
0.00986127
0.00998858
0.0100362
0.0100356
0.00998698
0.009859
0.00963372
0.00925929
0.00868596
0.00788881
0.0069031
0.00580573
0.00467181
0.00358649
0.00483461
0.00567971
0.00618943
0.00418632
0.00373048
0.0040094
0.00447416
0.00493685
0.00534758
0.00569084
0.00595681
0.00613833
0.00623068
0.00623056
0.00613797
0.00595623
0.00569007
0.00534667
0.00493587
0.00447318
0.00400854
0.00372991
0.00418595
0.00618839
0.00567969
0.00331546
0.00465949
0.00699862
0.00930905
0.0114476
0.013394
0.0151608
0.0167365
0.0180541
0.0190774
0.0197971
0.0201747
0.0201727
0.0197913
0.019068
0.0180417
0.0167216
0.0151443
0.0133768
0.0114306
0.00929354
0.00698628
0.00465225
0.00331635
0.00263651
0.00540538
0.00844899
0.0112703
0.0137551
0.0159097
0.0177813
0.0193774
0.0207048
0.0217502
0.0224826
0.0228662
0.0228642
0.0224763
0.0217398
0.0206909
0.0193606
0.0177626
0.01589
0.0137357
0.0112526
0.0084337
0.00539429
0.00263352
0.00551377
0.00602685
0.00417509
0.00384677
0.0041933
0.00469256
0.00517921
0.00561037
0.00597113
0.00625035
0.00644048
0.00653709
0.00653699
0.00644019
0.00624988
0.00597051
0.00560965
0.00517843
0.00469176
0.00419256
0.00384622
0.00417463
0.00602581
0.00551379
0.00321367
0.00485157
0.00356644
0.00330525
0.00357715
0.00394742
0.00425621
0.00448371
0.00464149
0.00474534
0.00480733
0.00483624
0.00483632
0.00480758
0.00474577
0.00464209
0.00448446
0.00425713
0.00394847
0.00357806
0.0033051
0.00356275
0.00484231
0.00322607
0.00153516
0.00176378
0.00210071
0.00230672
0.00236419
0.00236995
0.00239862
0.00243724
0.00241362
0.00231401
0.00227336
0.00293771
0.00355493
0.00405955
0.00442076
0.00470894
0.00482198
0.00474599
0.00448406
0.00405291
0.00345489
0.00275693
0.00209776
0.00160238
0.00436293
0.00262904
0.00291052
0.00354759
0.00420866
0.00481922
0.00534157
0.00574922
0.00604121
0.00623105
0.00634192
0.00638544
0.00638528
0.00634147
0.0062304
0.00604033
0.00574802
0.00533997
0.00481733
0.00420671
0.00354587
0.00290915
0.00262805
0.00436232
0.00525329
0.00623345
0.00449399
0.00385236
0.00401652
0.00448633
0.00498077
0.00539677
0.00571336
0.00593663
0.00607787
0.00614618
0.00614617
0.00607786
0.00593661
0.00571333
0.00539678
0.00498083
0.00448639
0.00401615
0.0038507
0.00449024
0.00623126
0.00525579
0.00539525
0.00368981
0.00400129
0.00444934
0.00493323
0.00539212
0.00575847
0.00600301
0.00614483
0.00622139
0.00626588
0.00628264
0.00628221
0.00626484
0.00622001
0.00614324
0.00600117
0.00575626
0.00538964
0.00493086
0.00444745
0.00400003
0.00368916
0.00539408
0.00101745
0.000795345
0.00168029
0.00134154
0.000400592
0.000411897
0.00077655
0.00116314
0.00148267
0.00164802
0.00165835
0.00168483
0.0016246
0.00132136
0.000938754
0.000593294
0.00034382
0.000199619
0.000126218
0.000141252
0.000755266
0.0010955
0.000710856
0.0010149
0.00586039
0.00639038
0.00482963
0.00457639
0.00509024
0.00586445
0.00663855
0.00731257
0.00785591
0.00826218
0.00853181
0.0086662
0.00866597
0.00853109
0.00826095
0.00785417
0.00731038
0.00663608
0.00586207
0.00508849
0.00457583
0.00483009
0.00639075
0.00585956
0.00422692
0.00463175
0.00643308
0.00818939
0.00985777
0.0113348
0.0125202
0.0133816
0.0139598
0.0143228
0.0145367
0.0146268
0.0146259
0.0145342
0.0143191
0.0139551
0.0133759
0.0125136
0.0113275
0.00985065
0.00818344
0.00642884
0.00462938
0.00422484
0.00741162
0.00530624
0.00456587
0.00489583
0.00566363
0.00652903
0.00737791
0.00815731
0.00882785
0.00934609
0.00968328
0.00984556
0.00984521
0.00968228
0.00934455
0.00882592
0.00815511
0.00737563
0.0065268
0.00566167
0.0048944
0.00456506
0.0053058
0.00741225
0.000378815
0.000428244
0.000738605
0.000863026
0.000934747
0.000975849
0.00101005
0.0010554
0.00111082
0.001164
0.00120222
0.0012224
0.00122251
0.00120244
0.00116422
0.00111097
0.00105548
0.00101009
0.000975857
0.000934702
0.000862952
0.000738536
0.000428203
0.000378939
0.000759648
0.0017429
0.00129237
0.00133167
0.00138
0.00135975
0.00128284
0.00117994
0.00106407
0.000957779
0.000878936
0.000828358
0.000827647
0.000877388
0.000955905
0.00106157
0.00117791
0.00128141
0.00135885
0.00137968
0.00133172
0.00129147
0.00173658
0.000768541
0.00323953
0.00463744
0.00491698
0.00557843
0.00635731
0.00709276
0.00776342
0.00835283
0.00884297
0.00921632
0.00946361
0.00958375
0.00958345
0.00946276
0.00921503
0.00884134
0.00835101
0.00776159
0.00709104
0.00635584
0.00557729
0.00491606
0.0046365
0.00323961
0.00366014
0.00535764
0.00777083
0.0101177
0.0123082
0.0142285
0.0157919
0.0169813
0.017835
0.0184121
0.0187702
0.018938
0.0189369
0.018767
0.0184071
0.0178285
0.0169734
0.0157827
0.0142185
0.0122984
0.0101091
0.00776455
0.00535418
0.00365799
0.000758769
0.00176328
0.00132738
0.00136739
0.00141785
0.00140554
0.00134364
0.00125545
0.00115314
0.00105897
0.000991832
0.000949589
0.000949218
0.000990949
0.00105786
0.00115118
0.00125385
0.0013425
0.00140485
0.00141758
0.00136745
0.0013265
0.00175733
0.000770441
0.00385347
0.00634596
0.00941428
0.0121423
0.0145126
0.0165249
0.0182072
0.0195843
0.0206773
0.0214987
0.0220528
0.0223372
0.0223368
0.0220511
0.0214957
0.0206729
0.0195785
0.0182002
0.0165167
0.0145037
0.0121333
0.00940576
0.00633827
0.00384866
0.00209118
0.00176774
0.00244401
0.00341117
0.00427212
0.00490046
0.00536409
0.00574026
0.00606832
0.00634499
0.00654874
0.00666118
0.00666117
0.0065484
0.00634399
0.00606647
0.00573754
0.0053607
0.00489673
0.00426843
0.00340777
0.00244099
0.00176582
0.00209033
0.00444719
0.00467349
0.00652076
0.00827433
0.00988497
0.0112903
0.0124405
0.013317
0.0139443
0.0143646
0.0146221
0.0147378
0.0147371
0.0146202
0.0143617
0.0139406
0.0133123
0.012435
0.011284
0.00987861
0.00826867
0.00651618
0.00467015
0.00444467
0.0103899
0.0049739
0.00449356
0.00505449
0.00586824
0.00666168
0.00739574
0.00806312
0.00863386
0.00904589
0.00932663
0.00948379
0.00948325
0.00932504
0.00904338
0.00863088
0.00805984
0.00739239
0.00665838
0.00586527
0.00505201
0.00449166
0.004973
0.0103913
0.00207717
0.00220172
0.00187943
0.00193779
0.00204729
0.00212155
0.00215041
0.00215256
0.00213568
0.00211002
0.00208282
0.00206368
0.00206355
0.00208248
0.00210958
0.00213522
0.00215215
0.00215011
0.00212139
0.0020473
0.00193779
0.00187876
0.0021992
0.00208544
0.0043416
0.00541028
0.00482354
0.00520526
0.0060041
0.00689713
0.0077609
0.00854255
0.00920907
0.00972824
0.0100792
0.0102565
0.0102563
0.0100786
0.00972734
0.0092079
0.00854119
0.00775946
0.00689571
0.00600283
0.0052043
0.00482276
0.00540929
0.00434195
0.00367658
0.00422269
0.00386223
0.00418419
0.00501821
0.00614502
0.00753869
0.00919832
0.0109664
0.012539
0.0135148
0.0134347
0.013424
0.0135882
0.0131076
0.011912
0.0101732
0.008289
0.00658481
0.00521999
0.0042598
0.00388395
0.00422378
0.0036884
0.00216545
0.00289715
0.00236829
0.00246926
0.00279233
0.00317431
0.00370427
0.00442289
0.00511182
0.00555144
0.00561713
0.00548062
0.00533086
0.00517231
0.00487989
0.00439448
0.00386052
0.00339645
0.00304416
0.00274647
0.00245481
0.00236293
0.00289528
0.00216879
0.00411252
0.00435611
0.00568614
0.00715257
0.00869655
0.0101268
0.0112425
0.0119912
0.0124518
0.0127326
0.0129123
0.0129964
0.0129952
0.0129093
0.0127286
0.0124472
0.011986
0.0112363
0.0101198
0.0086898
0.00714731
0.00568291
0.00435488
0.00411105
0.00156374
0.00234113
0.00281785
0.00300867
0.00315969
0.00332783
0.00348415
0.00362434
0.00372035
0.00376966
0.0037813
0.00376682
0.00376656
0.00378072
0.00376887
0.00371941
0.00362327
0.00348292
0.00332671
0.00315876
0.00300792
0.00281745
0.002341
0.00156366
0.00418861
0.00243666
0.00240686
0.00269413
0.00301871
0.00332254
0.00358513
0.00379452
0.00394878
0.00405201
0.00411345
0.0041385
0.00413843
0.00411325
0.00405171
0.00394836
0.00379394
0.00358438
0.00332168
0.00301786
0.00269343
0.00240636
0.00243634
0.0041884
0.00599463
0.00669022
0.00469279
0.00424347
0.00464437
0.00532829
0.00603518
0.00667041
0.00719897
0.00760569
0.00788176
0.00802141
0.00802109
0.00788081
0.0076041
0.00719678
0.00666775
0.00603225
0.0053255
0.00464229
0.00424274
0.00469336
0.00669051
0.0059937
0.000753735
0.000506843
0.000674643
0.00114108
0.0017737
0.00142845
0.000318532
0.000317941
0.000531734
0.000786176
0.000945084
0.000954252
0.000835945
0.000647926
0.000453631
0.000296595
0.000200908
0.000235013
0.000565082
0.00110119
0.000863637
0.000598352
0.000489824
0.000747808
0.00805138
0.00575772
0.00457385
0.00463565
0.00518403
0.00583837
0.00650009
0.00710469
0.00761895
0.00801911
0.0082686
0.00838508
0.00838485
0.00826792
0.00801807
0.00761762
0.00710319
0.00649851
0.0058368
0.00518263
0.00463464
0.00457334
0.0057573
0.00805173
0.00401618
0.00588094
0.006962
0.00872489
0.0109628
0.013185
0.0151045
0.0166201
0.0177494
0.018559
0.0190891
0.0193593
0.0193589
0.0190879
0.0185569
0.0177463
0.0166158
0.0150988
0.0131785
0.0109568
0.00872051
0.00695974
0.00588005
0.0040159
0.00112008
0.00238467
0.00171069
0.0017435
0.00185527
0.00190997
0.00190415
0.00186195
0.0018009
0.00175007
0.00170168
0.00167126
0.00167114
0.00170128
0.00174957
0.00180034
0.00186139
0.00190375
0.00190982
0.00185539
0.00174372
0.00170916
0.00237663
0.00113896
0.0132235
0.00538208
0.00408253
0.0041833
0.00452794
0.00483427
0.00508086
0.00527819
0.00542563
0.00553424
0.00560668
0.0056429
0.00564276
0.00560626
0.00553357
0.00542476
0.00527722
0.00507988
0.0048333
0.0045271
0.00418265
0.00408201
0.00538188
0.0132237
0.00234193
0.00463367
0.00540051
0.00624855
0.00716805
0.00807124
0.00890042
0.00959882
0.0101638
0.0105796
0.010842
0.0109599
0.0109595
0.0108409
0.010578
0.0101617
0.00959645
0.00889819
0.00806926
0.00716655
0.0062476
0.00539999
0.0046332
0.0023424
0.00121464
0.000874962
0.000394637
0.000250573
0.000293336
0.000445098
0.000686652
0.00108168
0.00147302
0.00159533
0.00156189
0.00186607
0.00206888
0.00180707
0.00134957
0.000798834
0.000404184
0.000217233
0.000285552
0.000805303
0.00168576
0.00206674
0.00140325
0.00164866
0.0100914
0.0051113
0.00454344
0.00510429
0.00595986
0.00682606
0.00765571
0.00843961
0.00914838
0.00973248
0.0101927
0.0104213
0.0104207
0.0101909
0.00972979
0.00914515
0.00843606
0.00765208
0.00682252
0.00595668
0.00510167
0.00454152
0.00511045
0.0100929
0.00344057
0.00270278
0.00244618
0.00255537
0.00274775
0.00291933
0.00304438
0.00313553
0.00319606
0.00323219
0.00324836
0.00325133
0.00325122
0.00324807
0.0032318
0.0031956
0.00313506
0.00304391
0.0029189
0.00274738
0.00255498
0.00244553
0.00270152
0.0034419
0.00597419
0.00659761
0.0044954
0.00393457
0.00421968
0.0047782
0.00535827
0.00587564
0.0063033
0.00663072
0.00685223
0.00696413
0.00696389
0.00685149
0.00662949
0.00630162
0.0058736
0.00535601
0.00477603
0.00421801
0.00393391
0.00449561
0.00659719
0.00597384
0.00561561
0.00587695
0.00437868
0.00432259
0.00480811
0.00539714
0.00596459
0.00647373
0.00690124
0.00722834
0.00744561
0.00755344
0.00755331
0.0074452
0.00722769
0.00690039
0.00647274
0.00596352
0.00539606
0.00480714
0.00432188
0.00437819
0.00587605
0.0056157
0.0042543
0.00537806
0.00478591
0.00519291
0.00600251
0.00689697
0.00775763
0.00853491
0.00919536
0.00970917
0.0100563
0.0102314
0.0102312
0.0100558
0.00970834
0.00919427
0.00853364
0.00775629
0.00689563
0.0060013
0.00519198
0.00478512
0.00537704
0.00425465
0.0043362
0.00385322
0.00471487
0.00571848
0.00682257
0.00786246
0.00865332
0.00914491
0.00941562
0.00957005
0.00967852
0.00973114
0.0097301
0.009676
0.00956682
0.00941214
0.00914115
0.00864894
0.00785737
0.00681766
0.00571471
0.00471258
0.00385222
0.00433496
0.00408541
0.00494981
0.00689613
0.0094207
0.0119838
0.0143791
0.0165245
0.0183752
0.0198653
0.0209811
0.021732
0.0221129
0.0221121
0.0217293
0.0209763
0.0198584
0.0183663
0.0165141
0.0143677
0.0119723
0.00940992
0.00688889
0.00494654
0.0040841
0.00393983
0.00459771
0.00624176
0.00797804
0.00973853
0.0113476
0.0126222
0.013513
0.0140875
0.0144458
0.0146677
0.0147689
0.0147677
0.0146646
0.0144415
0.0140823
0.0135069
0.012615
0.0113396
0.00973075
0.00797183
0.00623776
0.00459619
0.00393822
0.000388969
8.99505e-05
0.000109704
0.000176452
0.000260646
0.000357268
0.000477613
0.000633803
0.000797012
0.000923262
0.00104705
0.00110944
0.000906471
0.000586173
0.000316968
0.000150738
7.58987e-05
4.6884e-05
4.37757e-05
7.79776e-05
0.000193236
0.000352986
0.000425062
0.00109053
0.000294201
6.46613e-05
2.99346e-05
4.66237e-05
9.94167e-05
0.000167253
0.00025286
0.000349628
0.000453396
0.000556859
0.000591585
0.000444048
0.000273895
0.000166369
0.000105009
7.3692e-05
5.64555e-05
4.06214e-05
2.43335e-05
1.69606e-05
1.77584e-05
4.13252e-05
9.24198e-05
0.000645207
0.0033756
0.00676862
0.0102551
0.0134287
0.0162285
0.0186298
0.0206768
0.0223956
0.0237958
0.024873
0.0256142
0.0260006
0.0259994
0.0256102
0.024866
0.023786
0.0223832
0.0206623
0.0186138
0.0162117
0.0134123
0.0102402
0.00675657
0.00336919
0.00464529
0.00489205
0.0038828
0.00389053
0.00432559
0.00482295
0.00527252
0.00565282
0.00595937
0.00618976
0.0063427
0.00641838
0.00641831
0.0063425
0.00618946
0.00595898
0.00565239
0.00527206
0.0048225
0.00432514
0.00389003
0.00388198
0.00489054
0.0046456
0.00308688
0.00574974
0.00744557
0.00913973
0.010838
0.0123653
0.0137393
0.0149445
0.0159432
0.0166952
0.0171848
0.0174218
0.0174214
0.0171833
0.0166926
0.0159396
0.01494
0.0137346
0.0123611
0.0108344
0.00913705
0.00744442
0.00574957
0.00308663
0.00153852
0.00194871
0.002354
0.0024491
0.00248108
0.0025402
0.00259704
0.00263936
0.00265488
0.00264091
0.00260704
0.00256266
0.00256238
0.00260644
0.00264015
0.002654
0.0026384
0.00259607
0.00253933
0.00248036
0.00244849
0.00235367
0.00194862
0.00153847
0.000122944
5.59621e-05
8.71285e-05
0.000121562
0.00015861
0.000201316
0.000254341
0.000319723
0.000393859
0.000463636
0.000481567
0.000426703
0.000369914
0.000330917
0.000298794
0.000263946
0.000222259
0.000178532
0.000146526
0.000136893
0.000145863
0.000169477
0.000240333
0.000473094
0.00279543
0.00378183
0.00436616
0.00488761
0.00531273
0.00571801
0.00609838
0.00643589
0.00671097
0.00690962
0.0070289
0.00707198
0.0070716
0.0070279
0.0069082
0.00670925
0.00643401
0.00609652
0.00571632
0.00531133
0.00488656
0.00436538
0.00378119
0.00279536
0.00369525
0.0049971
0.00724172
0.00989808
0.0125253
0.0149488
0.0170584
0.0188103
0.0201783
0.021175
0.0218282
0.0221529
0.0221521
0.0218253
0.0211701
0.0201714
0.0188015
0.017048
0.0149374
0.0125139
0.00988756
0.00723405
0.00499413
0.00369365
0.000455656
0.000534788
0.000606328
0.000568927
0.000459807
0.000329013
0.000208625
0.000123469
0.000108666
0.000250416
0.000204819
0.0001542
0.000138146
0.000150296
0.000166074
0.000105506
0.000121485
0.000206482
0.000327731
0.000459457
0.000569361
0.000607562
0.000537494
0.000460337
0.00272478
0.00390519
0.00398668
0.00454282
0.00550599
0.00669538
0.00800106
0.00910939
0.00965752
0.00933956
0.00783228
0.00600603
0.00611808
0.00834792
0.0100737
0.010864
0.0106935
0.00945623
0.00769831
0.00601463
0.00475152
0.00406668
0.00394053
0.00275247
0.00503062
0.00563355
0.00441125
0.00451469
0.00511638
0.0058041
0.00646518
0.00705792
0.00755781
0.00794389
0.00820421
0.00833543
0.00833531
0.00820385
0.00794331
0.00755704
0.00705702
0.00646421
0.00580311
0.00511546
0.00451396
0.00441062
0.00563251
0.00503078
0.00483727
0.00534489
0.00398967
0.00377407
0.00412978
0.00460951
0.00505906
0.00544125
0.0057489
0.00598028
0.00613455
0.00621163
0.00621157
0.00613441
0.00598007
0.00574863
0.00544094
0.00505874
0.00460916
0.0041294
0.00377358
0.00398867
0.00534289
0.004838
0.00368557
0.00520426
0.00750153
0.00959501
0.011429
0.0129871
0.0142828
0.0153331
0.0161558
0.0167624
0.017163
0.017363
0.0173629
0.0171622
0.016761
0.0161536
0.01533
0.0142788
0.0129822
0.0114235
0.00958928
0.00749573
0.00519874
0.00368275
0.00381904
0.00311329
0.00294293
0.00313773
0.00342296
0.00368809
0.00390186
0.00407386
0.00420405
0.00429495
0.0043484
0.00436955
0.00436941
0.00434804
0.00429444
0.00420343
0.00407318
0.00390116
0.0036874
0.00342235
0.00313717
0.00294228
0.00311242
0.00381931
0.000456436
0.000377262
0.000370297
0.0003046
0.000236942
0.000219203
0.000119751
4.94875e-05
6.00029e-05
8.59144e-05
0.000101751
9.64181e-05
7.81002e-05
5.79314e-05
4.17326e-05
3.22799e-05
3.52781e-05
9.86392e-05
0.000163123
0.00021705
0.000302139
0.000372436
0.000380341
0.000459584
0.00450419
0.00464757
0.00381759
0.00390565
0.00435552
0.00484515
0.00528133
0.00564889
0.00594428
0.00616549
0.00631141
0.00638289
0.0063828
0.00631117
0.00616513
0.00594381
0.00564837
0.00528078
0.00484461
0.00435501
0.00390512
0.00381681
0.00464621
0.00450442
0.00195614
0.00204181
0.00301343
0.00427651
0.00565028
0.00700995
0.00825653
0.00930718
0.0100939
0.0106072
0.0109006
0.0110336
0.0110338
0.0109011
0.010609
0.0100984
0.00931513
0.00826746
0.00702265
0.00566313
0.00428748
0.00302065
0.00204253
0.00195342
0.00258948
0.00268547
0.00411779
0.00531876
0.00629827
0.0071445
0.00788992
0.0085479
0.00911256
0.00955482
0.00984507
0.00998828
0.00998774
0.00984345
0.00955225
0.00910893
0.00854316
0.00788423
0.00713868
0.00629236
0.00531294
0.00411207
0.00267945
0.00258835
0.00338926
0.00539417
0.00793925
0.0104626
0.0128349
0.0149256
0.0166394
0.0179627
0.0189289
0.0195925
0.0200091
0.0202078
0.0202067
0.0200058
0.0195872
0.018922
0.0179541
0.0166295
0.0149147
0.0128241
0.0104531
0.00793217
0.00539074
0.00338737
0.00405897
0.00576522
0.00837478
0.0107347
0.0128122
0.0145844
0.0160634
0.0172603
0.0181932
0.0188792
0.0193327
0.0195602
0.0195599
0.0193313
0.0188767
0.0181896
0.0172555
0.0160576
0.0145777
0.0128049
0.0107274
0.00836792
0.00575912
0.00405522
0.00476335
0.00378349
0.00502918
0.00629268
0.00749886
0.00857587
0.00945271
0.0100958
0.0105284
0.0107976
0.0109537
0.0110155
0.0110149
0.0109522
0.0107954
0.0105256
0.0100923
0.0094485
0.00857115
0.00749419
0.00628875
0.00502629
0.00378167
0.00476147
0.00394336
0.00501609
0.00665442
0.00848448
0.0104506
0.0122763
0.0137061
0.0146965
0.0153454
0.0157688
0.0160464
0.0161849
0.0161837
0.0160431
0.0157643
0.0153401
0.0146904
0.013699
0.0122682
0.0104428
0.00847852
0.00665092
0.0050146
0.00394198
0.000132112
5.31116e-05
8.49075e-05
0.000120901
0.000160437
0.00021061
0.000280596
0.00036981
0.000472185
0.000574311
0.000629553
0.000571063
0.000475596
0.000391862
0.000317334
0.000249261
0.000189035
0.000143889
0.000115941
0.00010765
0.000119577
0.000166334
0.000287043
0.00066808
0.00118428
0.00139636
0.00125429
0.00138599
0.001656
0.00221413
0.00318718
0.00379
0.00316394
0.00206273
0.00166796
0.00149255
0.00136696
0.00131257
0.00158596
0.00233524
0.00259249
0.00232922
0.00185513
0.00154676
0.00135967
0.00124883
0.0013963
0.00118639
0.00361346
0.00509909
0.00736346
0.00991819
0.0124436
0.0147545
0.0166897
0.0182182
0.0193575
0.0201571
0.0206676
0.0209137
0.0209127
0.0206647
0.0201522
0.0193509
0.01821
0.01668
0.0147436
0.0124326
0.0099089
0.00735687
0.0050966
0.00361173
0.00089902
0.00039979
0.000170452
0.000138146
0.000165195
0.00019129
0.000279069
0.00060614
0.00101161
0.00123509
0.00140216
0.00169301
0.0016966
0.00140355
0.00101275
0.000598585
0.000332005
0.00024897
0.00039476
0.000780469
0.00141676
0.00172958
0.00124552
0.00156801
0.00355861
0.00274963
0.00252235
0.00264744
0.00285427
0.00304028
0.00317901
0.00328236
0.00335332
0.00339758
0.00341912
0.00342456
0.00342444
0.00341881
0.00339716
0.00335283
0.00328186
0.00317849
0.00303978
0.00285384
0.00264702
0.00252171
0.00274853
0.00355954
0.00273032
0.00587521
0.00781412
0.00959847
0.0113552
0.0128172
0.0140368
0.0150999
0.015963
0.0166112
0.0170357
0.0172437
0.0172434
0.0170346
0.0166092
0.0159602
0.0150963
0.0140327
0.0128133
0.011351
0.00959549
0.00781288
0.00587541
0.00272997
0.0128635
0.00532638
0.00398621
0.00410573
0.00450803
0.00489023
0.00521472
0.0054861
0.00570165
0.00586102
0.00596913
0.00602548
0.00602529
0.00596856
0.00586011
0.00570052
0.00548484
0.00521345
0.00488899
0.00450694
0.00410487
0.00398562
0.00532626
0.0128637
0.0036511
0.00625578
0.00921934
0.0120182
0.0145465
0.0167239
0.0185351
0.0199902
0.0211108
0.0219224
0.0224515
0.0227135
0.0227125
0.0224482
0.0219169
0.0211032
0.0199808
0.0185243
0.0167121
0.0145346
0.0120072
0.0092102
0.00624916
0.00364773
0.00448794
0.00531286
0.00664959
0.00866302
0.0109802
0.0132823
0.0152617
0.0169805
0.0184091
0.019497
0.0202339
0.0206082
0.0206075
0.0202314
0.0194928
0.0184033
0.0169731
0.0152534
0.0132728
0.010971
0.00865596
0.00664536
0.00531092
0.00448698
0.00320392
0.00498669
0.00532547
0.00611219
0.00721129
0.00837757
0.00948805
0.010485
0.0113362
0.0120005
0.0124488
0.0126769
0.0126766
0.0124478
0.0119989
0.0113341
0.0104826
0.00948564
0.00837533
0.00720946
0.00611095
0.00532467
0.00498595
0.00320475
0.00172975
0.00177668
0.00327914
0.00253144
0.00123235
0.00114383
0.00182767
0.00268676
0.00338429
0.00365993
0.0034131
0.00314911
0.00335625
0.00349075
0.00335058
0.00295115
0.00245128
0.00215675
0.00218476
0.00273215
0.00319221
0.00264076
0.00161022
0.00175573
0.00606395
0.00595792
0.00618585
0.00744312
0.00927641
0.01119
0.0129989
0.0145669
0.0157867
0.0166598
0.0172161
0.0174884
0.0174882
0.0172154
0.0166584
0.0157844
0.0145632
0.0129935
0.0111842
0.00927133
0.00743947
0.0061839
0.00595724
0.00606399
0.00397715
0.00433162
0.00339935
0.00331198
0.00360797
0.0039627
0.00426802
0.00451153
0.00469595
0.00482729
0.00491009
0.00494934
0.0049493
0.00490999
0.00482716
0.00469582
0.00451142
0.00426794
0.00396264
0.00360788
0.00331157
0.00339791
0.00432875
0.00397947
0.00268831
0.00346982
0.00405965
0.00450403
0.0048211
0.00512992
0.00542037
0.00567824
0.00588471
0.00602817
0.00610824
0.00612859
0.00612821
0.00610729
0.00602684
0.00588312
0.00567651
0.00541866
0.00512835
0.00481979
0.00450304
0.00405891
0.00346927
0.00268825
0.00206826
0.00212337
0.00329919
0.0050124
0.0041384
0.00238327
0.00225444
0.00303056
0.00404684
0.00474477
0.00481342
0.00462151
0.00460758
0.0046488
0.00456146
0.00425496
0.00383172
0.00377467
0.00440633
0.00464711
0.00384607
0.00266906
0.00190356
0.00205595
0.00430937
0.00428895
0.00370218
0.00387806
0.00432783
0.00479096
0.00519531
0.00553376
0.00580407
0.00600509
0.00613611
0.00619902
0.00619892
0.00613582
0.00600465
0.00580351
0.00553313
0.00519465
0.00479032
0.00432724
0.00387749
0.00370141
0.00428774
0.00430953
0.00609051
0.00675288
0.00447302
0.00386933
0.00413871
0.00468388
0.00526119
0.00579033
0.00624032
0.00659355
0.0068372
0.0069619
0.00696162
0.00683634
0.00659213
0.0062384
0.00578804
0.00525873
0.00468153
0.00413692
0.00386863
0.00447343
0.00675283
0.0060897
0.000516773
0.00103278
0.00110285
0.00125539
0.0014145
0.00154101
0.00164351
0.0017377
0.0018259
0.00189912
0.00194871
0.00197272
0.00197278
0.00194884
0.0018992
0.00182589
0.00173759
0.00164333
0.00154078
0.00141423
0.00125511
0.0011026
0.00103253
0.00051693
0.00612642
0.00574191
0.00622005
0.00763179
0.00953925
0.0115435
0.0134357
0.0151694
0.0166292
0.0177439
0.0185095
0.0188955
0.0188948
0.0185071
0.0177399
0.0166237
0.0151627
0.0134284
0.0115357
0.00953345
0.00762753
0.00621757
0.00574087
0.00612701
0.00530967
0.00420951
0.00518467
0.00661517
0.00815488
0.00963178
0.0109917
0.0122121
0.0132675
0.0141632
0.0148569
0.0152961
0.0152948
0.0148531
0.0141573
0.0132599
0.0122034
0.0109824
0.00962222
0.00814575
0.00660713
0.0051786
0.0042066
0.005312
0.00109347
0.00173767
0.00134718
0.00137442
0.00140992
0.0013553
0.00124374
0.00113561
0.00112817
0.0013985
0.0017184
0.00180651
0.00173796
0.00156123
0.00127351
0.00109816
0.00112522
0.00123829
0.00135212
0.00140825
0.00137379
0.00134582
0.00173496
0.00109792
0.00330076
0.00505055
0.00538537
0.0061908
0.00735412
0.00860137
0.00979687
0.0108764
0.0118054
0.0125337
0.0130257
0.0132754
0.013275
0.0130246
0.012532
0.0118031
0.0108739
0.00979428
0.00859897
0.0073522
0.00618954
0.00538464
0.00504988
0.00330168
0.00351803
0.0022646
0.00207506
0.00233278
0.00268293
0.00302124
0.00331543
0.00354995
0.00372207
0.00383622
0.00390342
0.00392981
0.00392973
0.00390321
0.00383591
0.00372163
0.00354933
0.0033146
0.00302027
0.00268197
0.00233196
0.00207446
0.00226422
0.00351774
0.00477363
0.00530773
0.0041967
0.00428892
0.00484727
0.00547176
0.00605013
0.00655239
0.0069671
0.0072846
0.00749887
0.00760674
0.00760666
0.00749863
0.00728422
0.00696659
0.00655181
0.0060495
0.00547112
0.00484665
0.00428835
0.00419601
0.00530652
0.00477376
0.00356284
0.00455643
0.0046435
0.00521768
0.00593458
0.00661885
0.007228
0.00775603
0.00819163
0.00852227
0.00874135
0.00884746
0.00884723
0.00874068
0.00852122
0.00819031
0.00775454
0.00722648
0.00661738
0.00593331
0.00521668
0.00464262
0.00455545
0.00356292
0.00384628
0.00641489
0.00943417
0.0122006
0.0146551
0.0167453
0.0184914
0.019907
0.0210116
0.0218239
0.0223611
0.0226306
0.0226298
0.0223582
0.0218191
0.0210049
0.0198985
0.0184814
0.0167342
0.0146437
0.0121898
0.00942443
0.00640697
0.00384162
0.004632
0.00507669
0.00385931
0.00369386
0.00404327
0.00449533
0.00490964
0.00525651
0.00553223
0.00573736
0.00587275
0.00593979
0.00593974
0.00587264
0.00573719
0.00553202
0.00525629
0.00490941
0.00449509
0.00404299
0.00369339
0.00385816
0.00507447
0.00463299
0.00564544
0.005248
0.00484107
0.00531411
0.00622319
0.00723293
0.00821734
0.00911791
0.0099014
0.0105128
0.010918
0.0111172
0.0111168
0.0109168
0.0105111
0.00989921
0.00911543
0.00821485
0.00723051
0.00622109
0.00531261
0.00484021
0.00524734
0.00564619
0.00354761
0.00656404
0.00975604
0.0127784
0.0155022
0.0178456
0.0198132
0.0214217
0.0226872
0.0236236
0.0242447
0.0245577
0.0245567
0.0242412
0.0236176
0.0226789
0.0214112
0.019801
0.0178325
0.0154889
0.0127658
0.00974546
0.00655623
0.00354392
0.00119655
0.00103779
0.0010135
0.000957744
0.000896803
0.000853499
0.000879849
0.000971947
0.00110349
0.00124123
0.00151285
0.00185615
0.00190278
0.00200054
0.00211623
0.00224051
0.00233873
0.00239277
0.00238202
0.00234854
0.0022378
0.00197067
0.00158024
0.0014495
0.00220502
0.00211308
0.00187407
0.00194066
0.00203978
0.00210513
0.00212991
0.00213138
0.00211589
0.00209231
0.00206782
0.00205022
0.00205009
0.00206749
0.00209188
0.00211543
0.00213097
0.00212959
0.00210493
0.00203974
0.00194063
0.00187361
0.00211124
0.0022125
0.000476543
0.000116653
9.80941e-05
4.77664e-05
3.54833e-05
7.49068e-05
0.000160948
0.000258846
0.000368833
0.000477822
0.000537984
0.000443457
0.000320392
0.000216424
0.000142152
9.35449e-05
6.21539e-05
4.06476e-05
2.58054e-05
1.38811e-05
2.23682e-05
7.98948e-05
0.00011339
0.000530485
0.00759389
0.00687721
0.00437798
0.00391417
0.0041997
0.00466086
0.00514012
0.00559605
0.00600765
0.00635312
0.0066058
0.00674115
0.00674089
0.006605
0.00635185
0.00600604
0.00559426
0.00513831
0.00465918
0.00419838
0.00391366
0.00437867
0.00687763
0.00759244
0.00054356
0.000116012
0.000119191
9.4415e-05
4.02136e-05
4.16856e-05
9.00564e-05
0.000172833
0.000266927
0.000369953
0.000434745
0.000388
0.000297666
0.00021148
0.000142457
9.24826e-05
5.76126e-05
3.38908e-05
1.85059e-05
1.3355e-05
5.88744e-05
9.45965e-05
0.0001076
0.00052623
0.00479516
0.00528837
0.00417994
0.00427009
0.0048231
0.00544097
0.00601179
0.00650638
0.00691408
0.00722591
0.00743625
0.00754212
0.00754204
0.00743602
0.00722554
0.00691359
0.00650582
0.00601118
0.00544035
0.0048225
0.00426953
0.00417924
0.00528714
0.00479529
0.00522414
0.00564994
0.0046691
0.00482196
0.0054617
0.0062054
0.00693219
0.00759277
0.00815422
0.00858744
0.00887572
0.00901889
0.00901872
0.0088752
0.00858661
0.00815314
0.00759151
0.00693086
0.00620407
0.0054605
0.00482108
0.00466846
0.005649
0.00522438
0.0044623
0.005243
0.00542528
0.00627722
0.00751014
0.0088346
0.0101099
0.0112612
0.0122743
0.0130731
0.0136123
0.0138837
0.0138833
0.0136111
0.0130712
0.0122718
0.0112583
0.010107
0.00883184
0.00750799
0.00627589
0.00542472
0.0052425
0.00446329
0.00105527
0.00106461
0.0010566
0.00132056
0.00190959
0.00296001
0.00386037
0.00223234
0.00135402
0.00125071
0.00130299
0.00130146
0.00119806
0.001033
0.000912466
0.00110907
0.00200282
0.00237771
0.00208728
0.00157769
0.00122577
0.00103466
0.00106014
0.00105522
0.00320593
0.00502166
0.0054658
0.00634044
0.00754715
0.00882771
0.0100481
0.0111417
0.0120765
0.0128045
0.0132933
0.0135404
0.01354
0.0132922
0.0128028
0.0120742
0.011139
0.0100454
0.00882524
0.00754523
0.00633922
0.00546514
0.00502109
0.00320692
0.00242891
0.00235318
0.00276931
0.00328433
0.00376551
0.00419228
0.0045689
0.00489982
0.00517836
0.00539356
0.00553623
0.00560591
0.0056059
0.00553619
0.00539351
0.00517815
0.00489925
0.00456788
0.00419085
0.00376374
0.00328225
0.00276703
0.0023514
0.00242968
0.00374908
0.00381722
0.00380076
0.00418011
0.00465639
0.00510542
0.00549181
0.00582026
0.00608434
0.00627944
0.00640293
0.00645786
0.00645766
0.00640238
0.00627863
0.00608335
0.00581915
0.00549066
0.00510429
0.0046554
0.00417929
0.00379997
0.00381633
0.00374908
0.00378801
0.00563193
0.00709163
0.00885628
0.0108442
0.0126354
0.0139946
0.0149561
0.015685
0.0162691
0.0167135
0.0169663
0.016965
0.0167101
0.0162645
0.0156802
0.0149514
0.0139897
0.0126299
0.0108385
0.00885173
0.00708889
0.00563056
0.00378784
0.00166291
0.00182674
0.00239776
0.00323489
0.00397459
0.00451278
0.0049157
0.00525782
0.00556204
0.00581435
0.00599302
0.00608697
0.00608684
0.00599248
0.00581319
0.00556012
0.00525514
0.00491238
0.004509
0.00397063
0.00323118
0.00239484
0.00182478
0.00166218
0.000663488
0.000873945
0.000804445
0.000810194
0.000762781
0.000668141
0.000552555
0.000433807
0.000339303
0.000305232
0.000382836
0.000444882
0.000419126
0.000327969
0.000291303
0.000332008
0.000428159
0.000548768
0.00066575
0.000761425
0.00080968
0.000804297
0.000874064
0.000667765
0.00297159
0.00572162
0.00709141
0.00847021
0.00982119
0.0109408
0.0117816
0.0125429
0.0133603
0.0141668
0.0148053
0.0151586
0.0151572
0.0148017
0.0141614
0.0133545
0.0125379
0.011778
0.0109378
0.00981833
0.00846772
0.00708984
0.00572082
0.00297104
0.00417121
0.00373319
0.00418683
0.00471962
0.00531053
0.00585506
0.00624797
0.00647539
0.00660196
0.00669574
0.00678806
0.00684926
0.00684849
0.00678629
0.00669358
0.00659984
0.00647337
0.00624578
0.00585251
0.00530796
0.00471751
0.00418536
0.00373228
0.00417047
0.00537652
0.00291563
0.00329677
0.00384201
0.00440164
0.00492113
0.00534436
0.00564213
0.00582712
0.00593086
0.00598687
0.00600446
0.0060041
0.00598595
0.00592962
0.00582566
0.00564036
0.00534221
0.00491869
0.00439931
0.00384015
0.00329554
0.00291501
0.00537535
0.00194774
0.001849
0.00296457
0.00211003
0.00111515
0.00111461
0.00185514
0.00296067
0.0037225
0.00383131
0.00320935
0.00278982
0.00323446
0.0036428
0.00382183
0.00378014
0.00351155
0.0032202
0.00328812
0.00399343
0.00403683
0.00307941
0.00188131
0.0020447
0.00292521
0.00248529
0.00274281
0.00286541
0.00289378
0.00291424
0.00292578
0.00293147
0.00292682
0.00291199
0.00289101
0.00286966
0.00286946
0.00289059
0.00291143
0.00292617
0.00293077
0.00292509
0.00291362
0.00289326
0.002865
0.00274252
0.00248513
0.00292524
0.0022012
0.00244436
0.00406343
0.00543319
0.00661189
0.00764874
0.00856271
0.00935573
0.0100119
0.0105106
0.0108398
0.0110015
0.0110011
0.0108386
0.0105088
0.0100095
0.00935265
0.00855908
0.00764479
0.00660796
0.00542927
0.00405928
0.00243977
0.00220042
0.0016607
0.00162835
0.00234415
0.00409594
0.00635277
0.00439096
0.00232275
0.00209795
0.00250369
0.00296636
0.00323378
0.00328464
0.00319558
0.00297557
0.0026201
0.00219984
0.00196867
0.00276596
0.0042379
0.00413675
0.00296857
0.00194366
0.00151278
0.00165168
0.00514591
0.00566946
0.00412325
0.00389562
0.00428474
0.00480885
0.00530964
0.00574679
0.00610786
0.00638473
0.00657227
0.00666714
0.00666707
0.00657206
0.00638439
0.00610741
0.00574626
0.00530906
0.00480826
0.00428417
0.00389511
0.00412259
0.00566805
0.00514613
0.00397043
0.00473115
0.00660189
0.00846454
0.010263
0.0118684
0.0131537
0.0140809
0.0146988
0.0150874
0.0153199
0.0154211
0.01542
0.015317
0.0150832
0.0146935
0.0140745
0.0131462
0.0118602
0.0102551
0.00845798
0.0065974
0.00472899
0.0039685
0.00452339
0.00643796
0.00446965
0.00367141
0.00374495
0.00414748
0.00458179
0.00494271
0.00521137
0.00539643
0.00551119
0.00556618
0.00556624
0.00551146
0.0053969
0.00521202
0.00494352
0.00458272
0.0041484
0.00374521
0.00366891
0.00446111
0.00642837
0.00453498
0.00518787
0.00306749
0.00368558
0.00443102
0.00517214
0.00585018
0.00640493
0.00680381
0.0070612
0.0072123
0.00729611
0.00732474
0.00732433
0.00729506
0.00721085
0.00705945
0.00680169
0.00640231
0.00584722
0.00516926
0.00442867
0.00368395
0.00306655
0.00518651
0.00380639
0.00351963
0.00346092
0.00377019
0.004166
0.00453794
0.00485253
0.005117
0.00532714
0.00548057
0.00557614
0.00561758
0.0056174
0.00557566
0.00547988
0.0053263
0.00511606
0.00485155
0.00453697
0.00416515
0.00376947
0.0034602
0.00351879
0.00380643
0.00225693
0.00412326
0.00488117
0.00547941
0.00605522
0.00664298
0.0071909
0.0076548
0.00802325
0.00828379
0.00843686
0.00849091
0.00849048
0.00843574
0.00828219
0.0080213
0.00765265
0.00718887
0.00664118
0.00605382
0.00547839
0.00488054
0.00412277
0.00225707
0.00155791
0.00154868
0.00269812
0.00458742
0.00491368
0.00195689
0.00145689
0.00191779
0.00255946
0.00298733
0.00313318
0.00311964
0.00308433
0.00292142
0.0025994
0.00218644
0.00181304
0.00167756
0.00236697
0.00343827
0.00312242
0.00208449
0.00136503
0.00153859
0.00372807
0.00507279
0.00712436
0.00936891
0.011622
0.0136772
0.015348
0.0165911
0.0174658
0.0180544
0.0184254
0.0186021
0.018601
0.0184223
0.0180496
0.0174597
0.0165837
0.0153394
0.0136674
0.0116124
0.00936104
0.00711907
0.0050708
0.00372638
0.00211036
0.00230763
0.00278126
0.00327396
0.00353047
0.00368547
0.00389686
0.00410886
0.00410909
0.00397742
0.00359604
0.00351234
0.00469589
0.00556421
0.00601682
0.00632535
0.00667708
0.00666005
0.00619383
0.00536808
0.00430453
0.00325326
0.00256318
0.00218651
0.00372714
0.00407116
0.00361678
0.0039048
0.00465833
0.00554198
0.00645053
0.00740434
0.00842069
0.0094595
0.010405
0.0110862
0.0111822
0.0106889
0.0098626
0.00883317
0.00771507
0.00660442
0.00556322
0.00462829
0.00386998
0.00359295
0.00405865
0.00372328
0.00642765
0.00579147
0.00463764
0.00467245
0.00522053
0.00589043
0.0065455
0.00714191
0.0076472
0.00803107
0.00827919
0.00839903
0.00839884
0.00827864
0.00803021
0.00764608
0.00714061
0.00654411
0.00588904
0.00521929
0.00467159
0.00463715
0.00579075
0.006428
0.00464195
0.00261145
0.00292661
0.00354513
0.00417841
0.00476454
0.00526376
0.00564784
0.00591717
0.00608814
0.00618621
0.00622307
0.00622287
0.0061857
0.00608742
0.00591624
0.00564661
0.00526214
0.00476265
0.0041765
0.00354349
0.00292536
0.00261055
0.0046412
0.0043903
0.00511598
0.00439277
0.00470533
0.00538442
0.00609164
0.00673655
0.00729506
0.00775657
0.00811006
0.00834825
0.00846753
0.00846741
0.0083479
0.00810952
0.00775586
0.00729424
0.00673567
0.00609077
0.00538361
0.00470463
0.00439203
0.00511484
0.00439041
0.00543254
0.0057684
0.00561685
0.00590604
0.00657882
0.00748939
0.00854842
0.00966116
0.0106315
0.0111137
0.01055
0.00835997
0.00880854
0.0110386
0.0118212
0.0114276
0.0103972
0.00912807
0.0078811
0.00680884
0.00602546
0.00566971
0.00579063
0.00545029
0.00143675
0.00204289
0.00241673
0.00318496
0.00395575
0.00455248
0.00501649
0.00540013
0.00572254
0.0059749
0.00614597
0.00623004
0.00622995
0.00614552
0.00597398
0.00572097
0.00539798
0.0050138
0.00454939
0.00395252
0.00318191
0.00241425
0.00204141
0.00143627
0.0042109
0.00428089
0.00380439
0.00404475
0.00453149
0.00502238
0.00545217
0.00581437
0.00610552
0.00632284
0.00646463
0.00653241
0.00653229
0.00646428
0.00632231
0.00610485
0.00581361
0.00545137
0.00502161
0.00453079
0.00404411
0.00380364
0.00427978
0.00421099
0.00131425
0.00212603
0.00253129
0.00329922
0.00407769
0.00469425
0.00517669
0.00557657
0.00591155
0.0061723
0.00634812
0.00643444
0.00643435
0.0063477
0.0061714
0.00590999
0.00557442
0.00517398
0.00469111
0.00407439
0.00329599
0.00252871
0.00212449
0.0013137
6.11126e-05
5.6452e-05
8.36962e-05
0.000114068
0.00015909
0.000220823
0.000295793
0.000384628
0.000478681
0.000554441
0.000568227
0.000463303
0.000322907
0.00022521
0.000160409
0.000125976
0.00010465
8.4732e-05
6.59795e-05
5.34993e-05
5.7082e-05
8.71982e-05
0.00020242
0.000648552
0.00552653
0.00581039
0.00626677
0.00762754
0.00952934
0.0115799
0.0135695
0.0153359
0.0167721
0.0178312
0.018524
0.018871
0.0188706
0.0185227
0.0178288
0.0167683
0.0153307
0.013563
0.0115732
0.00952384
0.00762377
0.00626482
0.00580962
0.00552638
0.00393346
0.00401808
0.00323872
0.00322196
0.00351679
0.00384625
0.00412317
0.00434262
0.00450784
0.00462461
0.00469719
0.00473078
0.00473072
0.00469703
0.00462441
0.0045076
0.00434239
0.00412296
0.00384606
0.0035166
0.00322156
0.00323753
0.0040157
0.0039352
0.00294523
0.00278357
0.00304609
0.00316265
0.00318024
0.00319026
0.00319184
0.00318825
0.00317543
0.00315388
0.00312791
0.00310376
0.00310357
0.00312749
0.00315332
0.00317477
0.00318756
0.00319117
0.00318965
0.00317973
0.00316225
0.00304582
0.00278343
0.00294528
0.00385786
0.00612889
0.00896717
0.0116184
0.0139959
0.0160343
0.0177233
0.0190702
0.0200985
0.0208366
0.0213143
0.0215488
0.0215479
0.0213113
0.0208316
0.0200917
0.0190618
0.0177135
0.0160236
0.013985
0.0116086
0.00895891
0.00612274
0.00385448
5.0184e-05
5.91503e-05
8.88631e-05
0.000111723
0.00013853
0.000179174
0.000240114
0.000313927
0.000390509
0.000443142
0.000424614
0.000303118
0.000194374
0.000134743
0.000104678
9.85752e-05
9.53585e-05
8.86976e-05
7.72955e-05
6.33386e-05
5.48194e-05
6.9506e-05
0.000147285
0.000443319
0.00476839
0.00573936
0.00663024
0.00823258
0.0102868
0.0124492
0.0145191
0.0163238
0.0177594
0.0188013
0.0194801
0.0198226
0.019822
0.0194785
0.0187985
0.0177554
0.0163182
0.0145122
0.0124421
0.0102809
0.00822834
0.00662795
0.00573865
0.00476848
0.00453989
0.00389461
0.00510129
0.00637174
0.00763948
0.00879168
0.00970285
0.0103259
0.0107056
0.0109203
0.0110408
0.0110845
0.0110836
0.0110385
0.0109172
0.0107019
0.0103215
0.00969761
0.0087858
0.00763388
0.0063673
0.00509845
0.0038934
0.00453822
0.00592494
0.00648533
0.00457873
0.0040812
0.00440121
0.0049996
0.00561242
0.00614786
0.00658003
0.00690366
0.00711882
0.00722626
0.00722605
0.00711819
0.0069026
0.00657854
0.00614601
0.00561034
0.00499755
0.00439964
0.00408062
0.00457881
0.00648477
0.00592479
0.0122474
0.00528572
0.00401052
0.00418547
0.00466571
0.00513903
0.00555828
0.00592391
0.00623061
0.00647035
0.00664098
0.00672844
0.00672819
0.00664025
0.0064692
0.0062292
0.00592236
0.0055567
0.0051375
0.00466434
0.00418439
0.00400985
0.00528562
0.0122476
0.000686805
0.000276114
0.000531807
0.000941685
0.000311389
0.000131401
0.000230363
0.000451205
0.000700013
0.000916317
0.00100611
0.000980702
0.00082973
0.000616404
0.00041428
0.000259255
0.000156489
9.48703e-05
6.18145e-05
9.04748e-05
0.000344679
0.000361391
0.00024379
0.000660898
0.00373748
0.00504403
0.00488919
0.00549072
0.00636786
0.00724909
0.00804964
0.0087459
0.00932727
0.00977593
0.0100802
0.010235
0.0102349
0.0100796
0.00977501
0.00932606
0.00874451
0.0080482
0.00724766
0.00636663
0.00548976
0.00488834
0.00504297
0.00373773
0.00742652
0.00697386
0.00448486
0.00404188
0.00437969
0.00492803
0.00552027
0.00610247
0.00664084
0.00710012
0.00744082
0.00762504
0.0076247
0.00743973
0.00709837
0.00663864
0.00610004
0.00551785
0.00492585
0.00437806
0.0040413
0.00448575
0.00697464
0.00742446
0.0044931
0.00372138
0.00469358
0.00578197
0.00692008
0.00797641
0.00879729
0.00932896
0.00962847
0.00978751
0.00988032
0.00991411
0.00991317
0.00987799
0.00978442
0.00962495
0.00932495
0.00879252
0.00797099
0.00691489
0.00577793
0.0046911
0.00372045
0.0044916
0.00406169
0.00545573
0.00690891
0.00879279
0.0109911
0.0131081
0.014843
0.01616
0.0171343
0.0178468
0.0183331
0.0185912
0.01859
0.01833
0.0178424
0.0171292
0.0161542
0.0148364
0.0131006
0.0109841
0.00878747
0.00690567
0.00545412
0.00406127
0.00704826
0.00645729
0.00426193
0.0038941
0.00417899
0.00459095
0.00499175
0.00535365
0.00566317
0.00590502
0.00606946
0.00615281
0.00615266
0.00606901
0.00590432
0.00566226
0.00535261
0.00499064
0.00458984
0.00417803
0.00389356
0.00426196
0.00645698
0.00704799
0.011199
0.00658359
0.00442614
0.00421832
0.00450607
0.00486684
0.00521167
0.00551519
0.005771
0.00597909
0.00613248
0.00621725
0.00621717
0.00613223
0.00597868
0.00577047
0.00551457
0.00521102
0.00486617
0.00450549
0.00421813
0.0044267
0.00658422
0.0111982
0.000640992
0.00023105
0.000402124
0.000702704
0.000216767
9.36882e-05
0.000156736
0.000325635
0.000540752
0.000756253
0.000857915
0.000824195
0.000676382
0.000488701
0.000321777
0.000198844
0.000118421
6.96451e-05
4.25794e-05
5.37272e-05
0.000278302
0.000282027
0.000206423
0.000617913
0.00376987
0.0066864
0.0100531
0.0130427
0.0156402
0.0178412
0.0196839
0.0211976
0.0224066
0.0233225
0.0239463
0.0242698
0.0242692
0.0239442
0.0233187
0.022401
0.0211904
0.0196755
0.0178317
0.0156299
0.0130325
0.0100434
0.00667782
0.00376449
0.00205525
0.00210763
0.00266283
0.00418608
0.006257
0.00645298
0.00470205
0.00407175
0.00413499
0.0045863
0.00497811
0.00504344
0.00492977
0.00473853
0.00444897
0.00426108
0.00463053
0.00521098
0.00531359
0.00447367
0.00324418
0.00229321
0.00199297
0.0020488
0.0040968
0.00395107
0.00328929
0.00334822
0.00367798
0.00402698
0.00432064
0.00455656
0.00473707
0.00486631
0.00494738
0.00498494
0.00498486
0.00494717
0.00486601
0.00473669
0.00455617
0.00432024
0.0040266
0.00367763
0.00334777
0.00328836
0.00394927
0.00409761
0.00136326
0.00132945
0.00242155
0.00104517
0.000539927
0.000770325
0.00129173
0.00185798
0.00226812
0.00238526
0.00225069
0.00222294
0.00238675
0.00221922
0.00181104
0.00130956
0.000854176
0.000559887
0.000459388
0.000637216
0.00140792
0.00176779
0.00118998
0.00140191
0.00383258
0.00362193
0.0030302
0.00308001
0.00336041
0.00365184
0.00388919
0.00407501
0.00421284
0.00430848
0.00436609
0.00439142
0.00439134
0.00436588
0.00430819
0.00421249
0.00407466
0.00388885
0.00365152
0.00336012
0.0030796
0.00302923
0.00361999
0.00383392
0.00468055
0.0053299
0.00429502
0.00447219
0.00509737
0.00578189
0.00641864
0.00697454
0.00743597
0.00779043
0.00803016
0.00815119
0.0081511
0.00802989
0.00779
0.00743539
0.00697388
0.00641792
0.00578116
0.00509667
0.00447157
0.00429433
0.00532874
0.00468068
0.00809751
0.00509282
0.00488491
0.00554941
0.00647867
0.00727574
0.0079724
0.00855207
0.00894353
0.00924875
0.00944684
0.00952762
0.00952722
0.00944562
0.00924669
0.00894077
0.00854886
0.00796938
0.00727274
0.00647612
0.00554748
0.00488329
0.00509195
0.00809914
0.00676467
0.00555164
0.00476471
0.00501893
0.00575739
0.00661058
0.00744083
0.00820224
0.00885722
0.00936636
0.00969686
0.00985634
0.00985603
0.00969597
0.009365
0.00885551
0.00820029
0.00743882
0.0066086
0.00575564
0.00501766
0.00476396
0.00555099
0.00676504
0.00629531
0.00694802
0.0048083
0.00451066
0.00506165
0.00590088
0.00681265
0.0077032
0.00851129
0.00918307
0.00966828
0.00992463
0.00992409
0.00966654
0.0091802
0.00850753
0.00769889
0.00680823
0.00589689
0.00505876
0.0045096
0.00480936
0.0069495
0.00629262
0.00405593
0.00396276
0.00367408
0.00395733
0.00441545
0.0048622
0.00524806
0.00557177
0.00583103
0.00602316
0.00614675
0.0062042
0.00620406
0.00614634
0.00602256
0.00583027
0.00557093
0.00524716
0.00486135
0.00441469
0.00395665
0.00367334
0.00396176
0.00405599
0.00512071
0.00566393
0.00426962
0.00427222
0.00480626
0.00543314
0.00603133
0.00656295
0.00700826
0.00735149
0.00758353
0.00770081
0.00770071
0.00758324
0.00735102
0.00700765
0.00656223
0.00603054
0.00543233
0.0048055
0.00427158
0.00426902
0.00566288
0.00512082
0.00419877
0.00263307
0.00286246
0.0034868
0.00415181
0.00477044
0.00530153
0.00571727
0.00601576
0.00621017
0.00632368
0.00636849
0.00636833
0.00632324
0.00620953
0.0060149
0.00571609
0.00529995
0.00476856
0.00414988
0.0034851
0.0028611
0.00263209
0.0041982
0.00387944
0.0046134
0.00447641
0.00496823
0.00565139
0.00630851
0.00688674
0.0073827
0.00778981
0.00809928
0.00830524
0.00840439
0.00840421
0.00830471
0.00809848
0.00778877
0.00738152
0.00688552
0.00630731
0.00565033
0.00496737
0.00447559
0.0046124
0.00387949
0.00129441
0.00215912
0.00160391
0.00163301
0.00171277
0.00169537
0.00159813
0.00146458
0.00134345
0.00129184
0.0013093
0.00140646
0.00137617
0.00128849
0.00127597
0.00133494
0.00145769
0.00159311
0.00169227
0.00171117
0.00163237
0.00160184
0.00215375
0.00129752
0.00370702
0.00320529
0.00280503
0.00290149
0.00315347
0.00339869
0.00359149
0.00373963
0.00384654
0.00391827
0.00395897
0.00397493
0.00397483
0.00395871
0.0039179
0.0038461
0.00373917
0.00359104
0.00339826
0.0031531
0.00290106
0.00280423
0.00320381
0.00370811
0.00460889
0.00401921
0.00535137
0.0066965
0.00799756
0.00916324
0.0100983
0.0107648
0.0111967
0.011456
0.011604
0.0116609
0.0116601
0.0116019
0.0114531
0.0111931
0.0107605
0.0100933
0.0091576
0.00799211
0.00669204
0.00534829
0.00401756
0.00460708
0.00249897
0.00308475
0.00239467
0.00240031
0.00258878
0.00276203
0.00287527
0.00294337
0.00297693
0.0029883
0.00298378
0.00297655
0.00297649
0.00298361
0.00298813
0.00297679
0.0029433
0.00287531
0.00276218
0.00258904
0.00240031
0.00239303
0.00308036
0.00250792
0.00353447
0.00539037
0.00680409
0.00830573
0.00984397
0.0111163
0.011976
0.012543
0.0130227
0.0134946
0.0139162
0.0141761
0.0141745
0.0139124
0.0134897
0.013018
0.0125391
0.0119728
0.0111128
0.00983999
0.00830221
0.00680181
0.00538909
0.0035342
0.000176648
5.80935e-05
7.67528e-05
0.000128934
0.00016956
0.00021861
0.000311118
0.000443895
0.000589461
0.000732261
0.00086199
0.000869103
0.00074098
0.000583078
0.000416682
0.000257438
0.000141435
0.000102578
0.000103573
0.000126057
0.000178022
0.000267978
0.0004135
0.000926785
0.000657
0.000317207
0.000511657
0.000953131
0.00107158
0.000194225
0.000141353
0.000288383
0.000521294
0.000765099
0.000894204
0.000877692
0.000745969
0.000560138
0.000380185
0.000239446
0.000144668
8.94034e-05
9.09491e-05
0.000391496
0.000560365
0.000398962
0.000290315
0.000641559
0.00521558
0.00548327
0.00496051
0.0052587
0.00604388
0.00695335
0.00784089
0.00865489
0.0093559
0.00990124
0.0102628
0.0104411
0.0104409
0.010262
0.0099
0.00935431
0.00865307
0.00783901
0.00695151
0.00604227
0.00525753
0.00495974
0.00548244
0.00521601
0.000563825
0.000745374
0.00106167
0.00123986
0.0014006
0.001517
0.00160812
0.00170009
0.00179549
0.0018793
0.00193733
0.00196648
0.00196656
0.0019375
0.0018794
0.00179544
0.00169989
0.00160781
0.0015166
0.00140013
0.00123941
0.00106127
0.00074482
0.000563853
0.000592966
0.000260066
0.000351831
0.000569846
0.000674868
0.000232257
0.000106393
0.000203092
0.000379964
0.000585768
0.000705354
0.00069166
0.000578895
0.000427101
0.000285877
0.000178969
0.00010895
7.15952e-05
9.31756e-05
0.000306769
0.000366799
0.000289781
0.000245548
0.000583653
0.0033189
0.00231983
0.00225764
0.00239316
0.00254092
0.00265802
0.00273667
0.00279179
0.00282474
0.0028404
0.00284259
0.00283774
0.0028376
0.00284226
0.00283996
0.00282424
0.00279126
0.00273615
0.00265754
0.00254046
0.00239277
0.00225718
0.00231919
0.00331987
0.00430451
0.00574139
0.00691937
0.00869022
0.0108931
0.013142
0.0151501
0.0167779
0.018014
0.0189036
0.0194956
0.0198018
0.019801
0.0194934
0.0189003
0.0180097
0.0167725
0.0151435
0.0131348
0.0108866
0.00868552
0.0069168
0.00574034
0.00430462
0.00333548
0.00537937
0.00386227
0.00346482
0.00371971
0.00412756
0.00448605
0.00475758
0.00495008
0.0050802
0.00516008
0.00519851
0.00519859
0.00516038
0.00508071
0.00495079
0.00475846
0.00448709
0.00412871
0.00372066
0.0034644
0.00385757
0.00536707
0.00335131
0.00442203
0.00381446
0.00485175
0.00599814
0.00719493
0.00830563
0.00916961
0.00973113
0.01005
0.0102216
0.0103229
0.0103606
0.0103597
0.0103204
0.0102183
0.0100463
0.00972695
0.00916465
0.00829998
0.00718951
0.00599392
0.00484916
0.00381347
0.00442052
0.00161278
0.00302501
0.00222866
0.00222848
0.00240526
0.00249852
0.0024915
0.00241978
0.00231966
0.00222455
0.00216734
0.00218224
0.00216631
0.00215759
0.00221654
0.00231438
0.00241559
0.00248834
0.00249663
0.00240449
0.00222817
0.00222579
0.00301738
0.00161699
0.00718955
0.00590747
0.00443268
0.00434946
0.00477789
0.0053176
0.00585717
0.00634771
0.00675877
0.00706597
0.00726173
0.00735534
0.00735519
0.00726126
0.00706524
0.00675781
0.0063466
0.00585596
0.00531638
0.00477681
0.00434875
0.00443236
0.00590686
0.00718987
4.82648e-05
6.56662e-05
9.85575e-05
0.000117799
0.000137557
0.000170737
0.000222602
0.000286045
0.0003514
0.000392836
0.000368056
0.000265608
0.000185444
0.000140704
0.00011449
0.000110597
0.000109038
0.000104269
9.49439e-05
8.14508e-05
6.82444e-05
6.89288e-05
0.00011673
0.000298411
0.00450452
0.00558585
0.00407025
0.0034342
0.00350059
0.00384033
0.00420342
0.00450051
0.00471893
0.00487039
0.00496761
0.0050178
0.00501865
0.0049706
0.00487532
0.00472505
0.00450725
0.00421041
0.00384689
0.00350505
0.00343308
0.00405911
0.00556985
0.00450034
0.00509507
0.0027475
0.00298086
0.00343976
0.00390693
0.0043381
0.00470106
0.00497538
0.00516366
0.005281
0.00534778
0.00537257
0.00537238
0.00534728
0.0052803
0.00516277
0.00497426
0.00469965
0.0043365
0.00390537
0.00343848
0.00297995
0.00274692
0.00509437
0.0045069
0.00265054
0.00301016
0.00368829
0.00437747
0.00501106
0.00555207
0.00597345
0.00627486
0.00647061
0.00658496
0.00662966
0.00662948
0.00658449
0.00646992
0.00627393
0.00597217
0.00555037
0.00500905
0.00437541
0.00368647
0.0030087
0.00264948
0.00450622
0.000404347
0.000837036
0.00102355
0.000989812
0.000837377
0.00064764
0.000460089
0.000296928
0.000172674
9.59263e-05
3.53377e-05
2.79002e-05
2.63146e-05
3.14538e-05
8.67538e-05
0.000166738
0.000293199
0.000458028
0.000646806
0.000837441
0.000990604
0.00102549
0.000841813
0.000409155
0.00233266
0.00307885
0.00437044
0.00549514
0.0064432
0.00725034
0.00794255
0.00852667
0.00900311
0.00936575
0.00960638
0.00972568
0.00972536
0.00960542
0.00936415
0.00900083
0.00852363
0.00793875
0.00724586
0.00643817
0.00548963
0.00436454
0.0030731
0.00233104
0.0024502
0.00311572
0.00446386
0.00563164
0.00661521
0.00745403
0.00817425
0.00878532
0.00928542
0.00966722
0.00992126
0.0100477
0.0100474
0.00992028
0.00966553
0.00928297
0.00878203
0.00817013
0.00744921
0.00660981
0.00562574
0.00445751
0.00310942
0.00244839
0.00357212
0.00277759
0.002562
0.00269123
0.00290262
0.00309313
0.00323578
0.00334252
0.00341612
0.0034623
0.00348504
0.00349098
0.00349086
0.00348472
0.00346187
0.00341562
0.00334199
0.00323524
0.00309262
0.00290217
0.0026908
0.00256136
0.00277654
0.003573
0.00247069
0.0026723
0.00419512
0.00546965
0.00650823
0.0074082
0.0082078
0.00891402
0.00951103
0.00997545
0.0102887
0.0104448
0.0104443
0.0102872
0.00997305
0.00950768
0.00890968
0.0082026
0.00740248
0.00650239
0.00546389
0.00418948
0.0026663
0.00246947
8.80567e-05
5.76003e-05
7.51731e-05
0.000100687
0.000139427
0.000191069
0.000258114
0.000339788
0.000428396
0.000502651
0.000516613
0.000426178
0.000323814
0.000252787
0.000204794
0.000174231
0.00015394
0.000135819
0.000122121
0.000111255
0.000100872
0.000119221
0.000203606
0.000480422
0.000185669
0.000134588
0.0001391
0.000166294
0.000209929
0.000255934
0.000310149
0.00037236
0.000441507
0.000535452
0.000595707
0.000567307
0.000527188
0.000496452
0.000467229
0.000426781
0.00036967
0.00030348
0.000249237
0.000219559
0.000220281
0.00025669
0.000352061
0.000625503
0.0128996
0.00596746
0.00403576
0.0039003
0.00414431
0.00439897
0.00460539
0.00476399
0.0048835
0.00497164
0.00503167
0.00506292
0.00506285
0.00503144
0.00497127
0.004883
0.00476342
0.00460479
0.00439835
0.00414377
0.00389995
0.00403576
0.00596779
0.0128994
0.00304853
0.00543584
0.00386021
0.00346254
0.00372904
0.0041377
0.00448502
0.00473768
0.00490801
0.00501815
0.00508335
0.00511414
0.00511419
0.00508363
0.0050186
0.00490863
0.00473848
0.00448604
0.0041389
0.00372999
0.00346206
0.00385494
0.00542064
0.00306902
0.00440369
0.00529763
0.00509756
0.00557224
0.0065006
0.00754893
0.0085698
0.00950555
0.010316
0.0109527
0.0113813
0.0115965
0.0115962
0.0113804
0.0109513
0.0103142
0.00950347
0.00856768
0.00754689
0.00649885
0.00557099
0.00509673
0.00529681
0.00440422
0.00687986
0.00608691
0.0043676
0.00420204
0.0045907
0.00508866
0.00558387
0.00603508
0.00640819
0.00668963
0.00687283
0.00696227
0.00696212
0.00687239
0.00668893
0.00640729
0.00603404
0.00558274
0.00508751
0.00458969
0.00420139
0.00436737
0.00608626
0.00687999
0.000862365
0.00048071
0.000217611
0.000195416
0.000287184
0.000410154
0.000635502
0.00098455
0.00130833
0.00141615
0.0014399
0.00168867
0.00170244
0.00129192
0.000733345
0.000331065
0.000127217
7.50164e-05
0.000107774
0.000388041
0.000827702
0.00108294
0.0008872
0.0013407
0.00278433
0.00524096
0.0036996
0.00337019
0.00365026
0.00403285
0.00433612
0.00454055
0.00466779
0.00474317
0.00478415
0.00480401
0.00480406
0.00478453
0.0047434
0.00466798
0.00454073
0.00433648
0.00403349
0.00365092
0.00336966
0.00369425
0.00522413
0.00280191
0.0027823
0.0047417
0.00347534
0.00327323
0.00357554
0.00391219
0.00416029
0.00430399
0.00438114
0.00443563
0.00448487
0.00452971
0.00452145
0.00447728
0.00443009
0.00437912
0.00430301
0.00415898
0.0039112
0.00357494
0.00327192
0.00347025
0.00472994
0.00278752
0.0033193
0.00225827
0.00202154
0.00225411
0.00259676
0.00293163
0.00322334
0.00345608
0.00362707
0.00374058
0.00380742
0.00383369
0.00383362
0.00380722
0.00374028
0.00362665
0.00345548
0.00322254
0.0029307
0.00259584
0.00225333
0.00202097
0.00225791
0.00331901
0.0102744
0.00490837
0.0043761
0.00491226
0.00570782
0.00648985
0.00721306
0.00786841
0.00842754
0.00883802
0.00912046
0.00927584
0.00927532
0.00911892
0.00883562
0.00842466
0.00786526
0.00720984
0.0064867
0.00570499
0.0049099
0.00437434
0.00490762
0.0102758
0.00435843
0.00463886
0.0064927
0.00823884
0.00981138
0.0111798
0.012321
0.0132216
0.0138947
0.0143644
0.01466
0.0147977
0.0147974
0.0146589
0.0143627
0.0138923
0.0132184
0.0123171
0.0111752
0.00980644
0.00823413
0.00648848
0.00463533
0.00435599
0.00279471
0.00512468
0.00365093
0.00336232
0.0036538
0.00402074
0.00430413
0.0044865
0.00458462
0.00463538
0.00466174
0.00468001
0.00467961
0.00466284
0.00463659
0.00458518
0.0044865
0.00430412
0.00402095
0.00365413
0.00336149
0.00364544
0.00510876
0.00280523
0.00267403
0.00369277
0.00296521
0.00300071
0.0033813
0.00381782
0.00429915
0.00484767
0.00542588
0.0058991
0.00611723
0.00614845
0.00604758
0.0058421
0.00550082
0.00500569
0.00452251
0.0041032
0.00372224
0.00334129
0.00298497
0.00295791
0.00368977
0.00267892
0.00276703
0.00427586
0.00326606
0.00316605
0.00347946
0.00380377
0.00406048
0.0042452
0.00442124
0.00461919
0.00482338
0.00496057
0.00492106
0.00475617
0.00455449
0.0043734
0.00421685
0.00404493
0.00379595
0.00347549
0.0031631
0.00326146
0.00426919
0.00277091
0.00268982
0.00338018
0.00285775
0.00306495
0.00366901
0.0045421
0.00560553
0.00652872
0.00703661
0.00720932
0.00710976
0.00694269
0.00680772
0.00671912
0.0065904
0.00617854
0.00556657
0.00482002
0.00409675
0.00348073
0.00299403
0.0028337
0.00337537
0.00269643
0.00130639
0.00118628
0.0020296
0.00370749
0.00489859
0.0012365
0.000804186
0.00120137
0.00174516
0.00216623
0.00236863
0.00239158
0.00228298
0.00201913
0.00162675
0.00118353
0.000824789
0.000722866
0.00148197
0.00296498
0.00256911
0.00162759
0.00107703
0.00128972
0.00264505
0.00304394
0.00281288
0.00337427
0.00448204
0.00597724
0.00722549
0.00767978
0.00776627
0.00775349
0.00771563
0.00765105
0.00755839
0.00746948
0.00737002
0.00713718
0.00666445
0.00585876
0.00485283
0.00387904
0.00311827
0.00272197
0.00302055
0.00265205
0.0025238
0.00269375
0.00297387
0.00414528
0.00578025
0.00678745
0.00679567
0.00680788
0.00716503
0.00773836
0.00816538
0.00833237
0.00829597
0.0081858
0.00801279
0.00765825
0.00718226
0.00663842
0.00576771
0.00460325
0.00348353
0.00269291
0.00260642
0.00252443
0.000178764
5.32397e-05
9.32819e-05
0.000151042
0.000224834
0.000311998
0.000411977
0.000526499
0.000640312
0.000727001
0.000764045
0.00066886
0.00041253
0.000218071
0.000119634
7.54744e-05
5.28461e-05
3.45567e-05
1.87322e-05
7.83426e-06
1.37766e-05
4.20394e-05
0.000129769
0.00082339
0.00432712
0.00514608
0.00449104
0.00485421
0.00557268
0.00631745
0.00699998
0.00759393
0.00808686
0.00846537
0.00872078
0.00884894
0.00884881
0.0087204
0.00846476
0.00808606
0.00759301
0.006999
0.00631648
0.00557178
0.00485346
0.00449028
0.00514495
0.00432726
0.0025289
0.00258429
0.0032929
0.00476927
0.00588574
0.005612
0.00529877
0.00578314
0.00684497
0.0078953
0.00827787
0.00799488
0.00785554
0.00799401
0.00814564
0.00815176
0.00793774
0.00736393
0.00649723
0.00531315
0.00399669
0.00289212
0.00245322
0.00252888
0.00249196
0.00489947
0.00566862
0.00663692
0.0077725
0.00891004
0.0099589
0.0108687
0.0116206
0.0121887
0.01256
0.0127433
0.0127429
0.0125589
0.0121871
0.0116185
0.0108662
0.00995641
0.00890778
0.00777081
0.00663589
0.00566812
0.00489907
0.0024928
6.96173e-05
5.85129e-05
7.90529e-05
0.000103904
0.000143538
0.00019703
0.000263072
0.000342101
0.00042617
0.000493022
0.000498594
0.000406293
0.000305005
0.000235475
0.000188061
0.000154913
0.000134155
0.0001152
9.72883e-05
8.03896e-05
7.66575e-05
0.00010061
0.000188709
0.000490886
0.00257713
0.00530113
0.00622099
0.00740086
0.0087725
0.0101509
0.0114025
0.012455
0.0132906
0.013898
0.0142732
0.0144489
0.0144486
0.0142723
0.0138964
0.0132885
0.0124523
0.0113996
0.0101481
0.00877047
0.00739975
0.00622065
0.00530095
0.00257849
0.00598723
0.00667172
0.00467301
0.00419937
0.00457867
0.00524605
0.00593795
0.00655773
0.00707144
0.00746527
0.00773178
0.00786631
0.00786601
0.00773087
0.00746375
0.00706935
0.00655517
0.00593512
0.00524335
0.00457666
0.00419868
0.00467353
0.0066719
0.0059864
0.0110001
0.00666349
0.00440467
0.00415331
0.00443255
0.00479307
0.00513978
0.00544745
0.00570944
0.00592407
0.00608283
0.00617055
0.00617046
0.00608254
0.00592361
0.00570885
0.00544677
0.00513905
0.00479234
0.00443194
0.00415311
0.00440532
0.00666417
0.0109994
0.00546675
0.0055985
0.00485111
0.00504759
0.0057455
0.00656594
0.00736613
0.00809771
0.00872374
0.00920706
0.00952564
0.00968218
0.00968195
0.00952497
0.00920601
0.00872238
0.00809615
0.00736449
0.00656432
0.00574407
0.00504657
0.00485045
0.00559766
0.00546713
0.00501016
0.00421174
0.00540623
0.00702088
0.00869767
0.010306
0.0118029
0.0131741
0.0143956
0.0154117
0.0161898
0.016609
0.0166075
0.0161855
0.015405
0.0143869
0.0131641
0.0117922
0.0102951
0.00868728
0.00701182
0.0053996
0.00420874
0.0050124
0.00463589
0.00241849
0.00249464
0.00290349
0.00334429
0.00375731
0.00411131
0.00438516
0.00457786
0.00470031
0.00477047
0.0047966
0.00479645
0.00477009
0.00469978
0.00457717
0.00438426
0.00411013
0.00375596
0.00334295
0.00290238
0.00249382
0.00241792
0.0046354
0.00468295
0.006461
0.00441649
0.00363556
0.00372617
0.00413744
0.00457882
0.00495355
0.00524296
0.0054506
0.00558406
0.00564957
0.00564952
0.00558398
0.00545051
0.00524285
0.00495343
0.0045787
0.0041373
0.0037258
0.00363397
0.0044109
0.00645248
0.00469061
0.00572909
0.00597473
0.00481899
0.00475375
0.00535731
0.00618521
0.00699259
0.00768177
0.00822614
0.0086255
0.00888655
0.0090154
0.00901528
0.00888615
0.00862479
0.00822507
0.00768037
0.00699096
0.00618364
0.00535623
0.00475356
0.00481948
0.00597519
0.00572833
0.00397954
0.00598773
0.00717935
0.00890202
0.0109899
0.0130461
0.0147899
0.0160116
0.0169723
0.0177472
0.0183207
0.0186348
0.0186336
0.0183179
0.0177431
0.0169677
0.016007
0.014785
0.0130404
0.0109846
0.00889824
0.00717741
0.00598687
0.00397914
0.000165029
0.000209302
0.000252892
0.00029544
0.000337545
0.000384359
0.000438973
0.000488421
0.000527582
0.000613543
0.000732996
0.000722843
0.000707244
0.000717466
0.000731573
0.000739556
0.000738011
0.000726261
0.000704875
0.000681368
0.000661768
0.000654902
0.000668972
0.000820911
0.00586743
0.00669637
0.0049864
0.00475785
0.00535554
0.00623753
0.00713729
0.00794693
0.00862202
0.00914181
0.00949451
0.00967268
0.00967229
0.00949331
0.00913979
0.00861924
0.00794352
0.00713356
0.00623399
0.00535296
0.00475704
0.0049873
0.0066972
0.00586592
0.00317183
0.00462198
0.00495162
0.005623
0.00639395
0.0071224
0.00778749
0.00837154
0.00885678
0.00922563
0.00946916
0.0095869
0.0095866
0.00946829
0.00922429
0.0088551
0.00836966
0.00778561
0.00712064
0.00639246
0.00562183
0.0049507
0.00462106
0.00317193
0.00120042
0.00263034
0.00187014
0.00189178
0.00202285
0.00207947
0.0020507
0.0019553
0.00183899
0.0017745
0.00171798
0.00168389
0.00168346
0.00171711
0.00177334
0.00183668
0.00195311
0.00204932
0.00207897
0.00202284
0.00189188
0.00186793
0.00262077
0.00121254
0.00596518
0.00656263
0.00432714
0.00372128
0.00394772
0.00441859
0.00490844
0.0053504
0.00572199
0.00601122
0.00620955
0.00631072
0.00631052
0.00620893
0.00601021
0.00572063
0.00534879
0.00490669
0.00441689
0.00394636
0.00372064
0.00432718
0.00656201
0.00596487
0.013588
0.00608847
0.00454428
0.00441397
0.00449534
0.00458469
0.0046428
0.00466907
0.00468043
0.00468732
0.00469137
0.00469302
0.00469302
0.00469138
0.00468733
0.00468044
0.00466908
0.00464281
0.00458468
0.00449534
0.00441397
0.00454429
0.00608851
0.013588
0.00244875
0.00416448
0.00480568
0.00541676
0.00602361
0.00663857
0.00721537
0.007718
0.00812901
0.00843135
0.00861946
0.00869741
0.00869699
0.00861836
0.00842975
0.00812706
0.00771586
0.00721331
0.00663673
0.00602214
0.00541567
0.00480494
0.00416386
0.00244883
0.000104328
2.47072e-05
5.13433e-05
0.000106332
0.000167322
0.000235322
0.000316082
0.000408663
0.000501359
0.00056664
0.000575448
0.000414851
0.000244633
0.000145332
0.000102862
8.77176e-05
7.72943e-05
5.35965e-05
2.01302e-05
5.86418e-06
1.49124e-05
3.55026e-05
0.000101369
0.000690624
0.00155358
0.00154891
0.00258623
0.00137866
0.000766634
0.000973454
0.00166498
0.00227721
0.0026808
0.00269349
0.00236861
0.0023093
0.00266662
0.00271732
0.00245112
0.00200878
0.00154291
0.00123853
0.00120334
0.00146665
0.00221882
0.00224847
0.00145352
0.00163425
0.00464296
0.0049996
0.00405838
0.00417358
0.00469613
0.00526695
0.00578458
0.00622721
0.00658828
0.00686215
0.00704535
0.0071366
0.00713652
0.00704512
0.00686178
0.0065878
0.00622667
0.005784
0.00526637
0.00469557
0.00417302
0.00405764
0.00499831
0.0046431
0.00419064
0.00522494
0.00516198
0.00572324
0.00672103
0.00783622
0.00892187
0.00991691
0.0107811
0.0114622
0.0119225
0.0121547
0.0121544
0.0119216
0.0114607
0.010779
0.00991462
0.00891955
0.00783401
0.00671916
0.00572193
0.00516112
0.00522414
0.00419123
0.00206919
0.00187578
0.00335886
0.00492818
0.00634763
0.00761936
0.00874103
0.00969313
0.0104365
0.0109537
0.0112657
0.0114092
0.0114087
0.0112644
0.0109524
0.0104362
0.00969402
0.0087429
0.00762193
0.00635075
0.00493156
0.00336161
0.00187622
0.00206803
0.00473442
0.00265034
0.00302189
0.00367003
0.00432561
0.00493052
0.00544457
0.00583901
0.00611496
0.00628978
0.00639001
0.00642749
0.00642728
0.00638947
0.00628902
0.00611399
0.00583772
0.00544288
0.00492854
0.00432362
0.00366831
0.00302059
0.0026494
0.00473362
0.00381618
0.00306152
0.0028921
0.00308291
0.00335955
0.00361516
0.00381988
0.00398397
0.00410771
0.00419379
0.00424413
0.00426387
0.00426373
0.00424377
0.00419329
0.00410711
0.00398331
0.0038192
0.00361448
0.00335896
0.00308236
0.00289146
0.00306065
0.00381647
0.00391858
0.00507109
0.00672069
0.00856993
0.0105648
0.0124188
0.0138662
0.0148676
0.0155239
0.0159541
0.0162392
0.0163827
0.0163814
0.0162359
0.0159496
0.0155186
0.0148615
0.0138591
0.0124106
0.010557
0.00856391
0.00671709
0.00506949
0.00391723
0.00403541
0.00450177
0.00573971
0.00713319
0.00865942
0.010081
0.011164
0.0118683
0.0122988
0.0125754
0.0127719
0.012876
0.0128747
0.0127689
0.0125713
0.0122943
0.0118635
0.0111584
0.0100745
0.00865316
0.00712839
0.00573684
0.00450046
0.00403422
0.00485304
0.00352793
0.00461121
0.0057415
0.00682613
0.00780074
0.00860015
0.00918904
0.0095858
0.0098313
0.00997197
0.0100256
0.0100251
0.00997068
0.00982947
0.00958353
0.00918624
0.00859666
0.00779681
0.00682224
0.00573823
0.0046088
0.00352637
0.00485131
0.000678878
0.00130019
0.00118772
0.0012413
0.00126239
0.00123942
0.00118698
0.00112152
0.00104802
0.000976745
0.000916387
0.000878216
0.000877905
0.000915618
0.000975761
0.00104706
0.00112066
0.00118636
0.00123902
0.00126227
0.00124144
0.00118775
0.00129984
0.00069596
0.000828753
0.000606171
0.000822876
0.00142312
0.00230882
0.00184885
0.000403796
0.000408335
0.000665378
0.000950711
0.00112361
0.0011397
0.00101879
0.000812909
0.000586982
0.000392983
0.000271926
0.00035313
0.00117739
0.00148008
0.00108973
0.00072922
0.000582775
0.000820076
0.00370649
0.00290231
0.00283463
0.00304058
0.00329552
0.00352484
0.00370678
0.00385288
0.0039623
0.00403716
0.00407927
0.00409401
0.00409386
0.00407889
0.00403661
0.00396165
0.00385217
0.00370604
0.00352413
0.00329488
0.00304002
0.00283403
0.00290159
0.00370672
0.00153561
0.00207146
0.00243032
0.00282327
0.0032098
0.00356193
0.00387312
0.00414343
0.0043684
0.00454008
0.00465207
0.00470584
0.00470587
0.00465219
0.00454033
0.00436865
0.0041435
0.00387293
0.00356148
0.00320912
0.00282241
0.0024296
0.00207183
0.00153701
0.0117721
0.00519737
0.00433668
0.00459283
0.00505787
0.0054375
0.00573935
0.00598233
0.00615779
0.00628874
0.00637426
0.0064135
0.00641332
0.00637372
0.00628786
0.00615664
0.00598101
0.00573807
0.00543619
0.00505677
0.00459199
0.00433589
0.00519682
0.0117729
0.00439576
0.00525037
0.00396171
0.00344672
0.00357315
0.00395384
0.00435947
0.00470894
0.00498934
0.00520622
0.00536138
0.00544798
0.00545137
0.00537083
0.00521877
0.00500092
0.00471744
0.00436554
0.00395875
0.00357658
0.00344531
0.00395123
0.00523716
0.00439139
0.00445262
0.00569693
0.00412359
0.00346067
0.00352576
0.00387286
0.00424356
0.00454608
0.00476764
0.00492071
0.00501867
0.00506904
0.00506949
0.00502077
0.00492448
0.00477251
0.00455162
0.00424952
0.00387857
0.00352964
0.00345937
0.00411263
0.00568106
0.00444984
0.000906868
0.000691004
0.00104063
0.00190102
0.00289945
0.00168685
0.00044484
0.000545919
0.000878734
0.00119893
0.00137857
0.00139557
0.00126946
0.00104037
0.000772936
0.000528129
0.000358569
0.000396634
0.00123922
0.00178107
0.00140958
0.00089391
0.000651562
0.000892769
0.00575924
0.00604083
0.00486449
0.00482871
0.00546588
0.00632304
0.00715601
0.00786814
0.00843262
0.00884842
0.0091212
0.00925627
0.00925613
0.00912075
0.00884761
0.00843143
0.00786658
0.00715421
0.0063213
0.00546468
0.00482848
0.00486506
0.0060413
0.00575843
0.00386302
0.00641767
0.00954447
0.0123299
0.0147555
0.016815
0.0185385
0.0199499
0.0210708
0.0219137
0.0224832
0.022776
0.0227755
0.0224814
0.0219104
0.021066
0.0199437
0.018531
0.0168065
0.0147463
0.0123207
0.00953575
0.00640988
0.00385812
0.00266261
0.00300716
0.00419471
0.00523328
0.00610557
0.006851
0.00749698
0.00805538
0.00852034
0.00887797
0.00911698
0.0092355
0.00923512
0.00911579
0.00887599
0.00851753
0.00805166
0.00749242
0.00684586
0.00610002
0.00522742
0.00418854
0.00300101
0.00266108
0.00232009
0.00317919
0.00241985
0.0024134
0.00260915
0.00278807
0.00290345
0.00297006
0.00300025
0.00300762
0.00299994
0.00299103
0.002991
0.00299983
0.00300755
0.00300023
0.00297013
0.00290364
0.00278837
0.00260957
0.00241351
0.00241791
0.00317427
0.00233121
0.00346958
0.00319012
0.00339629
0.0037481
0.00409477
0.00440873
0.00467553
0.00490375
0.00508428
0.00521268
0.00528753
0.00531528
0.00531505
0.00528691
0.00521179
0.00508321
0.00490256
0.00467431
0.00440756
0.00409372
0.00374724
0.00339552
0.0031894
0.00346956
0.000996746
0.00158564
0.00201872
0.00207707
0.00181231
0.00157524
0.00144666
0.00142476
0.00145965
0.00151009
0.00155023
0.00157014
0.00157018
0.00155037
0.00151032
0.00145989
0.001425
0.00144707
0.00157619
0.00181438
0.00208055
0.00202313
0.00158885
0.000997881
0.00564969
0.00561731
0.00474787
0.00485651
0.00555326
0.00643539
0.00727708
0.00798659
0.00854074
0.00894313
0.00920404
0.00933234
0.00933232
0.00920395
0.00894289
0.00854032
0.00798596
0.00727631
0.00643468
0.00555292
0.00485681
0.00474857
0.00561786
0.00564902
0.00144085
0.00115101
0.00110345
0.000988714
0.000870899
0.000805567
0.000907746
0.00110722
0.00134272
0.00154303
0.0017757
0.00229835
0.0025071
0.00267025
0.00275364
0.0027981
0.0028037
0.00279897
0.0028064
0.00281848
0.00269678
0.00229095
0.0017211
0.00172241
0.00523393
0.00516859
0.00489679
0.00545417
0.00642168
0.00749203
0.00853327
0.00948514
0.0103178
0.0109707
0.0114064
0.0116223
0.0116219
0.0114053
0.0109689
0.0103155
0.0094826
0.00853074
0.00748959
0.00641959
0.00545272
0.00489597
0.00516794
0.00523471
0.00203492
0.00322409
0.00241948
0.00240689
0.00260308
0.00277396
0.00287471
0.00292246
0.00293254
0.00292077
0.00289789
0.00288025
0.00288018
0.00289767
0.00292055
0.00293242
0.00292245
0.00287488
0.0027743
0.00260358
0.00240708
0.00241724
0.00321845
0.00204923
0.008185
0.00498402
0.00478642
0.00543298
0.00634449
0.00714986
0.007855
0.00844162
0.00884744
0.00915645
0.00935703
0.00944237
0.00944196
0.00935577
0.00915435
0.00884466
0.00843847
0.007852
0.00714692
0.00634199
0.00543105
0.00478481
0.00498318
0.00818669
0.00442093
0.00477464
0.00669364
0.00849931
0.0101404
0.0115669
0.0127403
0.0136457
0.0143051
0.0147549
0.0150337
0.0151616
0.015161
0.015032
0.0147522
0.0143016
0.0136413
0.012735
0.011561
0.0101343
0.00849377
0.00668899
0.00477105
0.00441831
0.0041732
0.0041624
0.00517468
0.00633153
0.00760493
0.00879558
0.00969708
0.0102673
0.0105997
0.010806
0.0109556
0.0110343
0.0110332
0.0109528
0.0108024
0.0105958
0.0102632
0.00969226
0.00878997
0.0075995
0.00632736
0.00517217
0.00416123
0.00417202
0.00421086
0.00398623
0.00344352
0.0035845
0.00396794
0.00436024
0.00469601
0.00497243
0.00518938
0.00534805
0.00544956
0.00549717
0.00549707
0.00544929
0.00534765
0.00518886
0.00497185
0.00469541
0.00435967
0.00396741
0.00358396
0.00344275
0.00398494
0.00421116
0.00455989
0.00581426
0.00415205
0.00362821
0.00384207
0.00427817
0.00470773
0.00506958
0.00535452
0.00556426
0.00570069
0.00576819
0.00576817
0.00570071
0.00556432
0.00535462
0.0050697
0.00470786
0.00427827
0.00384199
0.00362742
0.00414913
0.00580853
0.00456417
0.000546722
0.00031372
0.000328902
0.000397051
0.000581291
0.000599546
0.000187185
0.000147689
0.000240217
0.000371149
0.000459622
0.000458519
0.000386658
0.000285439
0.000191966
0.000125204
8.94157e-05
0.000109065
0.000249297
0.000365828
0.000324712
0.000312668
0.000312202
0.000547102
0.0088117
0.00568124
0.00440285
0.00444735
0.0049505
0.00553878
0.00612558
0.00668629
0.00716155
0.00753238
0.00775927
0.00786376
0.00786355
0.00775865
0.00753141
0.00716032
0.00668489
0.00612411
0.00553731
0.00494919
0.0044464
0.00440238
0.00568091
0.00881195
0.00553173
0.00593593
0.00453049
0.00413716
0.00445886
0.00504789
0.00564593
0.00615144
0.00654044
0.00681768
0.00699449
0.00708041
0.00708044
0.00699452
0.00681767
0.00654038
0.0061513
0.00564573
0.00504765
0.00445857
0.00413661
0.00452934
0.00593531
0.00553246
0.00352206
0.00587349
0.00879892
0.0113912
0.0136272
0.015506
0.017061
0.0183354
0.0193522
0.0201203
0.0206401
0.0209059
0.0209057
0.0206392
0.0201185
0.0193494
0.0183314
0.0170559
0.0154998
0.01362
0.0113835
0.00879119
0.00586637
0.00351817
0.00307424
0.00233644
0.00271991
0.00322257
0.00370952
0.00416334
0.00458502
0.00497223
0.00531219
0.00558398
0.00576982
0.00586226
0.0058625
0.00577035
0.00558474
0.00531284
0.00497239
0.00458459
0.00416236
0.00370815
0.00322083
0.00271779
0.00233424
0.0030747
0.000794347
0.000459259
0.000242226
0.000233703
0.000381523
0.00057677
0.000801509
0.00102546
0.00121348
0.00128906
0.00130668
0.00140589
0.00130727
0.000880148
0.000490236
0.000223465
9.1366e-05
4.17844e-05
2.7887e-05
4.44993e-05
0.000139102
0.000429131
0.000509605
0.00105412
0.00631332
0.00618401
0.00428177
0.00403928
0.00439991
0.00488001
0.00534973
0.00577138
0.00612317
0.00639209
0.00657083
0.00665966
0.00665953
0.00657043
0.00639145
0.00612235
0.00577043
0.00534869
0.00487897
0.00439897
0.00403867
0.00428154
0.00618338
0.00631328
0.0111745
0.00747707
0.0058658
0.00555673
0.00551333
0.00550826
0.00550722
0.00550629
0.00550535
0.00550458
0.00550405
0.00550379
0.00550379
0.00550405
0.00550458
0.00550535
0.00550629
0.00550723
0.00550826
0.00551333
0.00555673
0.00586579
0.00747704
0.0111746
0.000874002
0.00059315
0.0012304
0.00214006
0.000960896
0.000290754
0.000414049
0.00077204
0.00112043
0.00136624
0.00146397
0.00145978
0.00133249
0.00107866
0.000781583
0.000513527
0.000315179
0.000192122
0.000149879
0.000514252
0.00111491
0.000911486
0.000521994
0.000847218
0.00346497
0.00242977
0.00251301
0.00269957
0.00286316
0.00299608
0.00309426
0.00317096
0.00322416
0.00325578
0.00326807
0.00326683
0.00326667
0.00326767
0.00325525
0.00322353
0.00317028
0.00309357
0.00299542
0.00286255
0.00269907
0.00251254
0.00242931
0.00346521
0.00524987
0.00579213
0.00411742
0.00375793
0.00407236
0.00455654
0.00502706
0.00543694
0.00577382
0.00603124
0.00620523
0.00629317
0.00629309
0.00620501
0.0060309
0.00577337
0.00543641
0.00502647
0.00455592
0.00407177
0.0037574
0.00411665
0.00579042
0.00525029
0.00633751
0.005189
0.00601944
0.00773142
0.0096647
0.0115835
0.0134108
0.0150186
0.01629
0.0172558
0.0179149
0.0182422
0.0182413
0.0179121
0.017251
0.0162836
0.0150107
0.013402
0.0115743
0.00965563
0.00772309
0.00601393
0.00518655
0.00633733
0.00114315
0.00139608
0.00135867
0.00142102
0.00144498
0.00142897
0.00138499
0.0013295
0.00126902
0.0012107
0.00116159
0.00113065
0.00113044
0.00116106
0.00121002
0.00126833
0.00132886
0.00138449
0.00142867
0.00144492
0.00142116
0.00135886
0.00139622
0.00115683
0.0144554
0.00549491
0.00411243
0.00406335
0.00414436
0.00419813
0.00422466
0.00423619
0.00424095
0.00424296
0.00424382
0.0042441
0.0042441
0.00424382
0.00424296
0.00424095
0.00423619
0.00422466
0.00419812
0.00414436
0.00406335
0.00411241
0.00549486
0.0144554
0.000304149
0.000348601
0.000356595
0.00034816
0.000327433
0.00030163
0.000279964
0.000276813
0.000318164
0.000392687
0.000397157
0.000350208
0.000357978
0.00040155
0.000461389
0.000522871
0.000574196
0.000608461
0.000623304
0.000619954
0.000602524
0.000578167
0.000559911
0.000570993
0.00509956
0.00566945
0.00428401
0.00429553
0.00483854
0.00547627
0.00608637
0.00662973
0.00708589
0.00743798
0.00767609
0.00779645
0.00779635
0.00767578
0.00743749
0.00708524
0.00662897
0.00608554
0.00547542
0.00483775
0.00429488
0.00428342
0.00566842
0.00509967
0.00560014
0.0055247
0.00469047
0.00477189
0.00543302
0.00628344
0.00709814
0.00778436
0.00831865
0.00870505
0.00895461
0.00907682
0.00907682
0.00895457
0.00870492
0.00831836
0.0077839
0.00709756
0.00628293
0.00543284
0.00477224
0.00469112
0.00552522
0.00559952
0.000947143
0.000698863
0.00149079
0.0024597
0.000776923
0.000343295
0.000590219
0.000985469
0.0013241
0.00153288
0.001593
0.00159932
0.00149845
0.00123494
0.000906333
0.000599546
0.000367279
0.000223379
0.000162852
0.000390763
0.00109948
0.00105747
0.000615763
0.000924351
0.0052014
0.00542007
0.00497321
0.00534297
0.00618881
0.00715859
0.0081076
0.00898031
0.00973724
0.01033
0.0107245
0.0109196
0.0109193
0.0107236
0.0103286
0.00973542
0.00897824
0.00810549
0.00715654
0.00618703
0.00534169
0.0049724
0.00541926
0.00520187
0.00489568
0.00534279
0.00515256
0.00539685
0.00602518
0.0068916
0.00790657
0.00897665
0.0099091
0.0103702
0.00981789
0.00773917
0.00818431
0.0102639
0.0110274
0.0106615
0.00967644
0.00845789
0.00726235
0.00624102
0.00550765
0.00520102
0.00536286
0.0049137
0.00227967
0.00290714
0.00332715
0.00407089
0.00480141
0.00545585
0.00606735
0.00649545
0.00640824
0.00574267
0.00484342
0.00403058
0.00490454
0.00653158
0.00748607
0.00828751
0.00880481
0.00844134
0.00737208
0.00595335
0.00457553
0.00354909
0.0030353
0.00231192
0.00294354
0.0022316
0.00220977
0.00231917
0.00241675
0.00248401
0.00251944
0.00253677
0.00253861
0.0025303
0.00251629
0.00250333
0.00250318
0.00251597
0.00252989
0.00253816
0.00253632
0.00251902
0.00248366
0.00241648
0.00231897
0.00220955
0.00223121
0.00294536
7.14564e-05
5.59444e-05
8.53135e-05
0.0001209
0.000171019
0.00023657
0.000320016
0.000419022
0.00052457
0.000612879
0.000642069
0.000532991
0.000353523
0.000226476
0.000155127
0.000118746
9.56232e-05
7.42088e-05
5.52704e-05
4.35427e-05
4.53938e-05
8.27458e-05
0.0002067
0.000735799
0.00435265
0.00588394
0.00419057
0.00362391
0.00382122
0.00425575
0.00468611
0.00504632
0.00532656
0.00552838
0.00565801
0.00572166
0.00572166
0.0056581
0.00552857
0.00532683
0.00504665
0.00468648
0.00425609
0.00382132
0.003623
0.00418675
0.00587625
0.00435928
0.00477594
0.00372724
0.00496173
0.00621731
0.00741491
0.00848648
0.00936411
0.0100126
0.0104527
0.0107282
0.0108878
0.0109506
0.0109501
0.0108864
0.0107262
0.0104502
0.0100094
0.00936019
0.0084821
0.00741055
0.00621364
0.004959
0.00372547
0.00477408
0.00293909
0.0029613
0.00337276
0.00456157
0.00581139
0.00663696
0.00728726
0.00831653
0.00988992
0.0114128
0.0119054
0.0116011
0.011507
0.0117887
0.0120917
0.0117518
0.0105831
0.00898684
0.00727956
0.00564526
0.00423025
0.00317428
0.00289794
0.00293881
0.00846994
0.00593508
0.00437813
0.00427862
0.00467867
0.00517364
0.00566609
0.00613483
0.00653977
0.00683607
0.00702072
0.00710688
0.00710673
0.00702025
0.00683533
0.00653882
0.00613372
0.00566487
0.00517245
0.00467761
0.00427792
0.00437787
0.00593472
0.00847024
0.0130747
0.00592679
0.00406743
0.00396593
0.00421922
0.00447618
0.00468366
0.00484326
0.0049633
0.00505165
0.00511173
0.00514298
0.0051429
0.0051115
0.00505128
0.00496281
0.0048427
0.00468306
0.00447557
0.00421868
0.00396558
0.00406738
0.00592707
0.0130744
0.00369357
0.00515819
0.00654015
0.00803856
0.00964667
0.0110697
0.0120976
0.0127735
0.013264
0.0136739
0.0140156
0.0142207
0.0142192
0.0140119
0.0136693
0.0132593
0.0127692
0.0120932
0.0110646
0.00964155
0.00803435
0.00653743
0.00515671
0.00369305
0.0139229
0.00588211
0.00435701
0.00424738
0.00433453
0.00441425
0.00446535
0.00449123
0.00450515
0.00451417
0.00451988
0.00452266
0.00452266
0.00451988
0.00451418
0.00450515
0.00449123
0.00446533
0.00441422
0.00433448
0.00424734
0.00435699
0.0058821
0.0139229
0.00174006
0.00229243
0.00183975
0.00188725
0.00200281
0.00207868
0.00210437
0.00210064
0.00207715
0.00204564
0.00201388
0.0019925
0.0019924
0.00201355
0.00204523
0.00207673
0.00210027
0.00210413
0.0020786
0.00200293
0.00188735
0.00183876
0.0022885
0.00175273
0.000137323
2.44403e-05
2.83026e-05
7.86207e-05
0.000141828
0.000209763
0.000283665
0.00036386
0.000444812
0.000513018
0.000523363
0.000375192
0.000241272
0.000159143
0.000117904
9.87477e-05
8.49582e-05
5.9774e-05
2.31449e-05
8.81839e-06
1.70495e-05
4.00796e-05
9.50313e-05
0.000637993
0.005326
0.00635221
0.00446682
0.00378701
0.00393772
0.00439174
0.0048684
0.00527097
0.00558026
0.00580099
0.00594221
0.0060111
0.00601104
0.00594205
0.00580073
0.0055799
0.00527053
0.00486792
0.00439135
0.00393724
0.00378559
0.00446365
0.0063497
0.00532845
0.000490795
0.000377419
0.00037143
0.000369256
0.000361148
0.000346926
0.000329298
0.000312874
0.000319597
0.000380539
0.000404893
0.000371746
0.00037893
0.000411563
0.0004507
0.000486864
0.00051399
0.00052942
0.000532809
0.000525633
0.000511196
0.000495944
0.000498388
0.000645534
0.000953737
0.0013226
0.00158827
0.00190289
0.00217698
0.00240742
0.00260858
0.00277458
0.00290289
0.00299779
0.00306345
0.00310448
0.00310466
0.0030637
0.00299809
0.00290322
0.00277494
0.002609
0.00240793
0.00217758
0.00190359
0.00158902
0.00132336
0.000954315
0.000529057
0.000527052
0.000529176
0.000530024
0.000523702
0.000509182
0.000488391
0.00046576
0.000463465
0.000539253
0.000590924
0.000559936
0.000579325
0.00063136
0.000688408
0.000737143
0.000769939
0.000784117
0.000779899
0.00075961
0.00072762
0.000690855
0.000661338
0.000655465
0.00334407
0.00516481
0.00761705
0.00985632
0.0118049
0.0134421
0.0147932
0.0158933
0.016767
0.0174223
0.0178624
0.018085
0.0180847
0.0178615
0.0174206
0.0167643
0.0158895
0.0147885
0.0134364
0.0117985
0.00984948
0.00761015
0.00515861
0.00334114
0.00418549
0.0061322
0.0042497
0.00354743
0.00365439
0.00404007
0.00442612
0.00472632
0.00493507
0.00506941
0.00514888
0.00518732
0.00518767
0.00515045
0.00507204
0.00493819
0.00472946
0.00442895
0.00404224
0.0036552
0.00354462
0.00423835
0.00611055
0.00419012
0.0137284
0.00613162
0.00455148
0.00442373
0.00451061
0.00460656
0.00467243
0.00470336
0.00471831
0.00472765
0.00473333
0.00473582
0.00473583
0.00473334
0.00472767
0.00471834
0.00470339
0.00467244
0.00460656
0.00451061
0.00442374
0.00455151
0.0061317
0.0137284
0.00433252
0.00525724
0.00512533
0.00565841
0.00663635
0.00773409
0.0088043
0.00978648
0.0106406
0.0113138
0.0117677
0.0119958
0.0119955
0.0117667
0.0113123
0.0106386
0.00978421
0.008802
0.00773189
0.00663448
0.00565709
0.00512448
0.00525644
0.00433311
0.00537818
0.00579772
0.00437302
0.00435852
0.00487889
0.00549852
0.00609451
0.00662866
0.00707844
0.0074241
0.00765528
0.00777085
0.00777073
0.0076549
0.00742348
0.00707763
0.00662772
0.00609349
0.00549749
0.00487796
0.00435781
0.00437248
0.00579677
0.00537828
0.00327801
0.00400154
0.00572724
0.00751893
0.00912221
0.0104645
0.011563
0.0124509
0.0131559
0.0136852
0.0140403
0.0142189
0.0142186
0.0140393
0.0136833
0.013153
0.0124469
0.0115581
0.0104588
0.00911584
0.00751232
0.0057209
0.00399665
0.00327684
0.000450322
0.000155924
0.000134251
0.000113471
0.00012795
4.84343e-05
3.92454e-05
7.85116e-05
0.000142251
0.000224987
0.000276009
0.000261648
0.000209358
0.000149097
9.76709e-05
6.02893e-05
3.60332e-05
2.30032e-05
2.52746e-05
6.32398e-05
9.14149e-05
0.00012825
0.000155155
0.000445943
0.0137634
0.00559429
0.00426843
0.00420617
0.00429992
0.00436152
0.00439578
0.00441619
0.00442969
0.00443921
0.00444556
0.004449
0.004449
0.00444556
0.0044392
0.00442967
0.00441615
0.00439571
0.00436143
0.00429981
0.00420607
0.00426832
0.00559413
0.0137634
0.00169938
0.00299047
0.00220866
0.00221413
0.00239129
0.00248284
0.00247463
0.00240492
0.0023179
0.00225279
0.00222821
0.0022604
0.00223954
0.00220886
0.00223573
0.00231012
0.0023996
0.00247048
0.00248025
0.0023901
0.00221365
0.00220585
0.00298341
0.00170223
0.00259824
0.00294011
0.00333655
0.00421281
0.00510067
0.00597758
0.00704223
0.00821551
0.00902441
0.00856024
0.00674503
0.00493482
0.00502387
0.0064612
0.0082626
0.00999078
0.0104677
0.0096822
0.00814916
0.00634742
0.0047071
0.00353627
0.00306493
0.00263281
0.00352126
0.00523832
0.00661841
0.00803602
0.00946445
0.0106343
0.0114149
0.0119208
0.0123473
0.0127747
0.0131652
0.0134102
0.0134087
0.0131616
0.0127701
0.0123428
0.0119172
0.0114119
0.010631
0.00946068
0.00803262
0.00661614
0.00523698
0.00352096
0.00581024
0.00604916
0.00422907
0.00400631
0.00438813
0.00489076
0.00537713
0.00580912
0.00616915
0.00644478
0.00662908
0.00672119
0.00672107
0.00662872
0.00644422
0.00616841
0.00580826
0.0053762
0.00488981
0.00438726
0.00400568
0.00422869
0.00604839
0.00581021
5.94135e-05
6.47571e-05
8.80532e-05
0.000104173
0.000125316
0.000161807
0.000216086
0.00028331
0.000353964
0.000401336
0.00037931
0.000275849
0.000193907
0.00014785
0.000119392
0.000114076
0.000112786
0.000108928
0.000100751
8.88193e-05
7.75609e-05
7.84943e-05
0.000124375
0.000283676
0.000237885
4.90623e-05
1.99544e-05
4.9475e-05
0.000104554
0.000172622
0.000258619
0.000356706
0.000456825
0.000542703
0.000567618
0.000427396
0.000267838
0.000163362
0.000105444
7.75776e-05
6.19562e-05
4.48096e-05
2.5126e-05
1.6856e-05
1.98323e-05
4.15762e-05
9.26515e-05
0.000643438
0.00602874
0.00523761
0.00519638
0.00606756
0.00714872
0.00771596
0.0080505
0.00832339
0.00854815
0.00872638
0.0088523
0.00892321
0.00892307
0.00885179
0.00872531
0.00854656
0.00832124
0.00804795
0.00771308
0.00714637
0.00606609
0.00519488
0.00523668
0.0060295
0.00417306
0.00422905
0.00552334
0.00691481
0.00835618
0.00968602
0.0107238
0.011415
0.0118288
0.0120686
0.0122155
0.0122782
0.0122771
0.0122127
0.0120648
0.0118244
0.01141
0.0107179
0.00967932
0.00834974
0.00690977
0.0055202
0.00422789
0.00417152
0.00132057
0.00278013
0.00345536
0.00343157
0.00373181
0.00403153
0.00429337
0.00455477
0.00483079
0.00510507
0.00534248
0.00550084
0.0055001
0.00534076
0.00510262
0.00482762
0.00455076
0.0042886
0.00402675
0.00372975
0.00343147
0.00344471
0.00277723
0.00131926
0.00127949
0.00272216
0.00429315
0.00648362
0.00718244
0.00768319
0.00823279
0.00884191
0.00951123
0.0101931
0.0108326
0.0113236
0.0113216
0.0108279
0.0101863
0.00950237
0.00883019
0.00821721
0.00766193
0.00715317
0.00644353
0.00427098
0.00271434
0.00127711
0.00109067
0.00233566
0.00249393
0.00261523
0.00278161
0.00292769
0.00308239
0.00326475
0.00347114
0.00368109
0.0038632
0.00397679
0.00397655
0.00386262
0.00368015
0.00346966
0.00326247
0.00307917
0.00292433
0.00278125
0.00261915
0.00249162
0.00232853
0.00108685
0.00180329
0.00295815
0.00446633
0.00617406
0.00858796
0.0115078
0.0141524
0.0161039
0.0174995
0.0185985
0.019634
0.0205224
0.0205198
0.0196286
0.0185916
0.0174917
0.0160953
0.0141424
0.0114951
0.00858237
0.00617295
0.00446452
0.00295634
0.00180151
0.00118923
0.00268242
0.00307069
0.00282716
0.00280177
0.00287481
0.00300091
0.003164
0.00335436
0.0035508
0.00372152
0.0038272
0.00382688
0.00372075
0.00354963
0.00335268
0.00316163
0.0029979
0.00287206
0.00280136
0.00282772
0.0030617
0.00267854
0.00118656
0.00352797
0.00445408
0.00533955
0.00656123
0.00843827
0.0108398
0.0133808
0.0157998
0.0180346
0.02006
0.021873
0.023234
0.0232331
0.0218696
0.0200563
0.0180303
0.0157949
0.0133752
0.0108333
0.00843535
0.00656099
0.00533933
0.00445346
0.00352632
0.00651897
0.00600862
0.00572028
0.00628156
0.00743064
0.00898314
0.0107539
0.0125622
0.0143086
0.0158901
0.0171129
0.0178
0.0177993
0.0171104
0.0158866
0.014305
0.0125583
0.0107499
0.00897919
0.00742848
0.00628133
0.00572077
0.00600869
0.00651679
0.00346237
0.00450922
0.00548556
0.00677647
0.00873068
0.0112775
0.0140795
0.0168777
0.0195552
0.0220128
0.0240361
0.0253745
0.0253733
0.0240314
0.0220052
0.0195484
0.0168703
0.0140719
0.0112703
0.00872735
0.0067762
0.00548557
0.00450863
0.00346041
0.00525072
0.00543975
0.00569426
0.00653265
0.00797974
0.00989513
0.0120593
0.0142427
0.0163319
0.0182579
0.019854
0.020773
0.0207722
0.019851
0.0182536
0.0163276
0.0142381
0.0120542
0.00989033
0.00797739
0.00653239
0.00569452
0.00543955
0.0052488
0.00970676
0.00650015
0.00538058
0.00551004
0.00610401
0.00687258
0.00769332
0.00844755
0.00906966
0.00956951
0.0099421
0.0101544
0.0101544
0.00994196
0.00956928
0.00906934
0.00844711
0.00769289
0.00687199
0.00610349
0.00550998
0.00538109
0.00650066
0.00970593
0.0131233
0.00621899
0.00451058
0.00441631
0.00461932
0.00483009
0.00499852
0.0051131
0.00519389
0.00525394
0.00529619
0.00531917
0.00531918
0.0052962
0.00525396
0.00519389
0.00511306
0.00499844
0.00482997
0.00461921
0.00441628
0.00451072
0.00621931
0.013123
0.0106351
0.00648306
0.00505446
0.00508191
0.00553063
0.0060951
0.0066766
0.00719881
0.00762832
0.00797287
0.00822857
0.00837315
0.00837314
0.00822848
0.00797271
0.00762808
0.00719849
0.00667624
0.00609464
0.00553022
0.00508184
0.00505491
0.00648358
0.0106343
0.00513424
0.00551869
0.00581007
0.00668416
0.00819396
0.0102266
0.012561
0.0149503
0.0172752
0.0194306
0.0211589
0.0221292
0.0221281
0.0211552
0.0194255
0.0172698
0.0149445
0.0125549
0.0102208
0.00819144
0.00668396
0.00581045
0.00551854
0.00513222
0.013058
0.00615065
0.00452056
0.00444092
0.00464248
0.00484825
0.00501032
0.00511685
0.00519012
0.0052438
0.00528116
0.00530135
0.00530136
0.00528118
0.00524382
0.00519012
0.00511682
0.00501025
0.00484813
0.00464238
0.00444089
0.00452065
0.00615087
0.0130577
0.00826376
0.00623077
0.00553768
0.00583307
0.0066161
0.00759672
0.0086391
0.00961748
0.0104032
0.0109924
0.0114227
0.0116773
0.0116774
0.0114228
0.0109926
0.0104031
0.00961724
0.00863885
0.00759606
0.00661544
0.00583302
0.005538
0.00623099
0.00826322
0.0110586
0.00661158
0.0048176
0.00473865
0.00511366
0.00558622
0.00606381
0.00649672
0.00686546
0.00716873
0.00739525
0.0075226
0.00752254
0.00739504
0.00716839
0.00686501
0.00649619
0.00606325
0.00558563
0.00511319
0.00473854
0.00481821
0.00661229
0.0110577
0.0059682
0.00578259
0.00567735
0.00625425
0.00740177
0.00884407
0.0104052
0.0119196
0.0132299
0.0141912
0.0148926
0.0153162
0.0153164
0.0148928
0.0141913
0.0132297
0.0119191
0.0104048
0.00884297
0.00740083
0.00625421
0.00567772
0.00578261
0.00596771
0.00819455
0.00630963
0.00562051
0.00592164
0.00674013
0.00778863
0.00892959
0.0100119
0.0108903
0.0115755
0.012087
0.0123825
0.0123826
0.0120869
0.0115753
0.01089
0.0100115
0.00892917
0.00778788
0.00673942
0.00592163
0.00562096
0.00630998
0.00819387
0.00638821
0.00609388
0.00580197
0.00637901
0.00757626
0.00920318
0.0110752
0.0130149
0.0149149
0.0166487
0.0179555
0.0186943
0.0186934
0.0179526
0.0166447
0.0149106
0.0130103
0.0110705
0.00919883
0.00757381
0.0063786
0.00580257
0.00609397
0.0063859
0.00735286
0.00634481
0.00559173
0.00595484
0.00689792
0.00817052
0.00961404
0.0110908
0.0125153
0.0137946
0.0147618
0.0153059
0.0153052
0.0147597
0.0137917
0.0125121
0.0110873
0.0096105
0.00816724
0.00689593
0.00595436
0.00559239
0.00634507
0.00735044
0.00784768
0.00656927
0.00539413
0.00559536
0.0063806
0.00744375
0.00864097
0.00986535
0.0110403
0.0120746
0.0128623
0.0133058
0.0133052
0.0128606
0.012072
0.0110373
0.00986216
0.00863781
0.00744088
0.00637874
0.00559482
0.0053949
0.00656968
0.00784508
0.0111073
0.00652312
0.00481106
0.00475493
0.00512689
0.00558855
0.00605143
0.0064651
0.00681094
0.00709185
0.00730038
0.00741741
0.00741737
0.00730023
0.0070916
0.00681061
0.00646468
0.00605098
0.00558803
0.00512647
0.00475483
0.00481156
0.00652373
0.0111064
0.0106079
0.00657035
0.00508688
0.00510496
0.0055644
0.00614842
0.00675443
0.00730707
0.00777229
0.008152
0.00843547
0.00859583
0.0085958
0.00843529
0.00815172
0.00777191
0.0073066
0.00675393
0.00614785
0.00556394
0.00510489
0.00508745
0.00657097
0.0106069
0.000798017
0.00172992
0.00240329
0.0029994
0.00353578
0.00400787
0.00441741
0.00476701
0.00505433
0.0052731
0.00541834
0.00548987
0.00548997
0.00541858
0.00527347
0.00505473
0.00476727
0.00441748
0.00400783
0.00353578
0.00299965
0.00240411
0.00173184
0.000800067
0.000502334
0.00168303
0.0026919
0.00361434
0.00445144
0.00519959
0.00585646
0.00641763
0.00687899
0.0072361
0.00748465
0.00761925
0.00761975
0.00748594
0.00723803
0.00688131
0.00642007
0.00585881
0.00520186
0.00445376
0.00361686
0.00269468
0.00168557
0.000502362
0.000599788
0.00175643
0.00279734
0.00368435
0.00445827
0.0051322
0.00571854
0.00621581
0.00662077
0.00692907
0.00713666
0.00724225
0.00724251
0.00713733
0.00693007
0.00662194
0.00621693
0.00571941
0.00513292
0.00445909
0.00368552
0.00279901
0.00175879
0.000601463
0.00219787
0.00395743
0.00553465
0.00687988
0.00807566
0.00911118
0.0100662
0.0108859
0.0115616
0.0120919
0.0124716
0.012679
0.0126803
0.012475
0.0120968
0.0115671
0.0108911
0.0100696
0.00911077
0.00806804
0.00686706
0.00551964
0.00394355
0.00219135
0.00424577
0.00669453
0.00815875
0.0100157
0.0121643
0.0143192
0.0162495
0.0178752
0.019174
0.0201584
0.020836
0.0211914
0.0211908
0.0208339
0.0201546
0.0191684
0.0178678
0.0162412
0.0143115
0.0121599
0.0100151
0.00816038
0.00669418
0.00424283
0.00417328
0.00676004
0.00817237
0.00997725
0.0121074
0.0143018
0.0162928
0.0179985
0.0193869
0.0204606
0.0212157
0.0216248
0.0216241
0.0212133
0.0204563
0.0193806
0.0179903
0.0162837
0.0142935
0.0121026
0.00997642
0.00817418
0.00675988
0.0041703
0.00456168
0.0065863
0.00741261
0.00887962
0.010779
0.0127852
0.0146494
0.0162477
0.0175338
0.0185012
0.0191513
0.0194795
0.019479
0.0191495
0.018498
0.0175292
0.0162418
0.0146428
0.0127792
0.0107753
0.00887919
0.00741423
0.00658627
0.00455868
0.00459641
0.00682134
0.00687572
0.00797643
0.00983133
0.012047
0.0143323
0.0164794
0.0183523
0.0198579
0.0209231
0.0214818
0.0214808
0.0209197
0.019852
0.0183443
0.0164699
0.0143226
0.0120385
0.00982601
0.00797541
0.00687768
0.00682246
0.00459302
0.00452301
0.00668357
0.00749495
0.0089556
0.0108733
0.0129207
0.0148473
0.0165267
0.0179015
0.0189535
0.0196723
0.0200414
0.0200407
0.0196703
0.0189499
0.0178963
0.0165201
0.01484
0.0129141
0.0108693
0.00895512
0.00749674
0.0066837
0.00452
0.00451208
0.00679217
0.00683568
0.0079121
0.00974473
0.0119553
0.0142703
0.0164793
0.0184419
0.0200503
0.0212105
0.0218304
0.0218293
0.0212068
0.0200439
0.0184333
0.0164692
0.0142599
0.0119465
0.00973925
0.00791109
0.00683762
0.00679325
0.00450842
0.00113143
0.00190137
0.00341089
0.00489422
0.00627915
0.00752426
0.0086255
0.00955759
0.0103073
0.0108733
0.0112571
0.0114559
0.0114573
0.0112608
0.0108789
0.0103144
0.00956557
0.00863361
0.00753157
0.00628441
0.00489735
0.00341211
0.00190069
0.00112807
0.0038756
0.00554858
0.00722507
0.00908591
0.0110095
0.012803
0.014344
0.0156007
0.0165849
0.0173174
0.017811
0.018065
0.0180653
0.0178116
0.0173179
0.0165847
0.0155995
0.0143415
0.0127991
0.0110063
0.00908414
0.00722386
0.00554544
0.00387166
0.00418946
0.00672079
0.00730605
0.00875211
0.0109015
0.0134093
0.0160014
0.0184432
0.020592
0.0223467
0.0236196
0.0243096
0.0243084
0.0236156
0.0223398
0.0205827
0.0184322
0.0159902
0.0133999
0.0108958
0.00875144
0.00730808
0.00672144
0.00418594
0.00126072
0.00199662
0.00260045
0.00278333
0.00260873
0.00246544
0.00244183
0.00251047
0.00262773
0.00275634
0.0028657
0.00292938
0.0029292
0.00286507
0.0027553
0.0026263
0.00250882
0.00244024
0.00246442
0.00260897
0.00278524
0.00260365
0.00199915
0.00126186
0.000725465
0.00163828
0.00284226
0.0041826
0.00543861
0.00655633
0.00751706
0.00831289
0.00894447
0.00941622
0.00973312
0.00989635
0.00989738
0.0097359
0.00942051
0.00894998
0.00831921
0.00752368
0.00656271
0.0054443
0.00418715
0.00284439
0.00163854
0.000723349
0.00405361
0.00663229
0.00717198
0.00854784
0.0106404
0.0131448
0.0157642
0.018262
0.0204953
0.0223506
0.0237193
0.0244625
0.0244613
0.0237151
0.0223433
0.0204855
0.0182506
0.0157528
0.0131354
0.0106351
0.00854713
0.00717381
0.00663278
0.00404966
0.00351113
0.00631226
0.00730262
0.00895845
0.0112652
0.0139872
0.0168278
0.0195386
0.021954
0.0239727
0.0254964
0.0263787
0.0263773
0.0254916
0.0239645
0.0219431
0.0195262
0.0168156
0.0139774
0.0112601
0.00895819
0.00730407
0.00631171
0.00350686
0.00146881
0.00234676
0.00430535
0.00626208
0.00808122
0.00970029
0.0110954
0.0122565
0.0131828
0.0138773
0.0143421
0.0145767
0.0145784
0.0143467
0.0138842
0.0131913
0.0122659
0.0111049
0.00970884
0.00808779
0.00626578
0.00430583
0.00234431
0.00146734
0.00369182
0.00647772
0.00755701
0.00929965
0.0116789
0.0144384
0.0172727
0.0199352
0.0222683
0.0241822
0.0255998
0.0264058
0.0264045
0.0255953
0.0241745
0.022258
0.0199232
0.0172607
0.0144286
0.0116737
0.00929923
0.00755853
0.00647748
0.00368813
0.00488342
0.00630468
0.0060675
0.00689025
0.00845423
0.0104993
0.0128
0.01516
0.0174233
0.0194302
0.0209921
0.0218644
0.0218631
0.0209874
0.0194226
0.0174136
0.0151492
0.0127893
0.0104904
0.00844912
0.00688948
0.00606943
0.00630647
0.00487911
0.00523696
0.00659773
0.00587394
0.00644418
0.00779246
0.0095759
0.0115696
0.0135986
0.0155221
0.0171963
0.0184641
0.019156
0.0191548
0.0184601
0.0171898
0.0155136
0.0135892
0.0115603
0.00956803
0.00778759
0.00644304
0.0058756
0.0065996
0.00523267
0.00277833
0.0047631
0.00675385
0.00850725
0.0101128
0.0114577
0.0125227
0.0133224
0.0139412
0.0144274
0.0147913
0.0150035
0.0150044
0.0147935
0.0144301
0.0139434
0.0133229
0.0125201
0.0114528
0.0101053
0.00849805
0.00674424
0.00475354
0.00277262
0.00335268
0.00527028
0.00730786
0.00923963
0.0110606
0.0126853
0.0140272
0.0150895
0.015919
0.0165502
0.0169937
0.0172342
0.0172348
0.0169952
0.016552
0.0159203
0.0150893
0.014025
0.0126807
0.0110551
0.00923409
0.00730355
0.00526464
0.0033479
0.00415815
0.00465475
0.00378861
0.00362601
0.00400275
0.00458811
0.0052195
0.00584325
0.00647101
0.00709099
0.00765497
0.00806142
0.00810249
0.0077638
0.00722997
0.00659881
0.00593238
0.00526534
0.00460658
0.00400831
0.00362559
0.00378049
0.0046455
0.00415486
0.003888
0.00538293
0.00706761
0.00893881
0.0108555
0.0126187
0.0141214
0.0153356
0.0162768
0.016969
0.0174289
0.0176607
0.017661
0.0174296
0.0169697
0.0162768
0.0153347
0.0141193
0.0126155
0.0108526
0.00893691
0.00706643
0.00537985
0.00388406
0.00447573
0.00524253
0.00394813
0.00347688
0.00362269
0.00401207
0.00441553
0.00474125
0.0049708
0.00511686
0.00520003
0.00523741
0.00523758
0.00520058
0.00511786
0.00497234
0.0047434
0.00441823
0.004015
0.00362482
0.00347565
0.00394059
0.00522934
0.00447548
0.00359197
0.00322582
0.0034268
0.00404489
0.00487737
0.00572635
0.00646704
0.00704359
0.00745142
0.00771539
0.00786874
0.0079384
0.00793806
0.00786782
0.00771419
0.00745036
0.00704318
0.00646773
0.00572831
0.00488024
0.00404751
0.00342695
0.00322064
0.00358935
0.00459607
0.00599323
0.0043739
0.00365584
0.00372598
0.00411397
0.00453469
0.00488109
0.00513259
0.00530051
0.00540113
0.00544811
0.00544838
0.005402
0.00530198
0.00513461
0.00488363
0.00453771
0.0041169
0.00372767
0.00365328
0.0043647
0.00598708
0.00460396
0.0044959
0.00441914
0.00366708
0.00350307
0.00378187
0.00421054
0.00461453
0.00492946
0.00514661
0.00528296
0.00536044
0.00539609
0.00539623
0.00536082
0.00528361
0.00514755
0.00493082
0.00461647
0.004213
0.003784
0.00350263
0.0036608
0.00440745
0.00449241
0.00049944
0.00145265
0.00202448
0.00243428
0.00280137
0.00314043
0.00344565
0.00371197
0.00393391
0.00410381
0.00421563
0.00426995
0.00427008
0.004216
0.00410442
0.00393466
0.0037127
0.00344633
0.00314111
0.00280218
0.00243544
0.00202651
0.00145603
0.000501383
0.00263181
0.00582857
0.00804403
0.0101768
0.0122948
0.0141837
0.0156696
0.0167482
0.0175593
0.0181983
0.0187211
0.0190905
0.0190897
0.0187183
0.0181935
0.0175522
0.0167378
0.0156574
0.0141721
0.0122868
0.0101732
0.00804269
0.00582618
0.00262855
0.0045952
0.00499484
0.00379964
0.00333311
0.00343853
0.00377021
0.00411754
0.00439909
0.00460067
0.00473395
0.0048148
0.00485447
0.0048555
0.00481756
0.00473783
0.00460507
0.00440365
0.00412211
0.00377449
0.00344136
0.00333164
0.0037903
0.00498049
0.00459069
0.000369972
0.00134795
0.00214371
0.00270469
0.00323462
0.00378291
0.00429616
0.00474228
0.00511779
0.00541824
0.00563589
0.00575667
0.00575709
0.00563698
0.00541986
0.00511972
0.00474427
0.0042981
0.0037848
0.00323643
0.00270652
0.00214578
0.00135008
0.000368725
0.00454991
0.00525628
0.00392889
0.00336718
0.00343512
0.00376057
0.00411603
0.00441518
0.00464241
0.00480572
0.00491451
0.0049726
0.00497486
0.0049206
0.00481415
0.00465142
0.00442364
0.00412368
0.00376716
0.00343942
0.00336593
0.00391835
0.00524171
0.00454502
0.000283309
0.00114954
0.00186543
0.00219975
0.00248935
0.00280813
0.00313002
0.00342899
0.00369069
0.00390282
0.00405414
0.00413489
0.00413517
0.00405488
0.00390394
0.00369202
0.00343034
0.00313128
0.00280938
0.00249063
0.00220119
0.00186673
0.00115207
0.000282505
0.00450271
0.00534134
0.00400736
0.00351353
0.0036551
0.0040492
0.00445949
0.00479133
0.00502569
0.0051753
0.00526084
0.00529938
0.00529963
0.00526163
0.00517667
0.00502768
0.00479394
0.0044626
0.00405244
0.00365741
0.00351231
0.00399985
0.00532876
0.00450307
0.00439371
0.00466418
0.00553022
0.00689572
0.00845904
0.00998495
0.0113309
0.012437
0.0132944
0.013916
0.0143188
0.0145161
0.0145165
0.0143198
0.0139175
0.013296
0.0124385
0.0113322
0.00998609
0.00846016
0.00689695
0.00553111
0.00466359
0.00439083
0.00463061
0.00511896
0.00410614
0.00372738
0.00394544
0.00442181
0.00491791
0.0053295
0.00563117
0.00583205
0.00595209
0.00600798
0.00600835
0.00595318
0.00583384
0.00563366
0.00533266
0.00492141
0.00442522
0.00394766
0.00372644
0.00410097
0.00511444
0.00463462
0.00215193
0.00237949
0.00427701
0.00642091
0.00837263
0.0100351
0.0114003
0.0124873
0.0133212
0.0139252
0.0143171
0.0145092
0.0145096
0.0143181
0.0139267
0.013323
0.0124891
0.0114019
0.0100364
0.00837333
0.00642071
0.0042755
0.00237768
0.0021531
0.00478281
0.00468588
0.00373043
0.00338206
0.00352467
0.00387195
0.00424012
0.00455774
0.00481213
0.00501005
0.0051557
0.00524445
0.00525099
0.00517215
0.00503218
0.00483498
0.00457826
0.00425703
0.00388487
0.00353287
0.00338323
0.00372191
0.00467196
0.00477963
0.00584463
0.00687865
0.00533807
0.00544914
0.00636511
0.00762669
0.0090225
0.0104253
0.0117352
0.0128543
0.0136827
0.0141281
0.0141273
0.0136799
0.0128497
0.0117292
0.0104186
0.00901582
0.00762089
0.00636119
0.00544786
0.00533936
0.00688052
0.00584077
0.00516953
0.00684822
0.0059815
0.00644711
0.00772641
0.00935288
0.011047
0.0126427
0.0140343
0.0151479
0.0159274
0.01633
0.0163291
0.0159247
0.0151434
0.0140282
0.0126354
0.0110393
0.00934597
0.0077217
0.00644573
0.00598307
0.0068498
0.00516642
0.00558367
0.00685162
0.00546767
0.00558482
0.00653367
0.00780343
0.00912937
0.0103744
0.011457
0.0123211
0.0129242
0.0132348
0.0132342
0.0129221
0.0123175
0.0114522
0.0103686
0.00912326
0.00779784
0.00652974
0.00558355
0.00546901
0.00685313
0.00558097
0.00520025
0.00659781
0.00601003
0.00656987
0.00780453
0.0092802
0.0107307
0.0120216
0.0130902
0.0139083
0.0144613
0.0147398
0.0147392
0.0144596
0.0139055
0.0130862
0.0120165
0.0107252
0.00927507
0.00780103
0.00656899
0.00601139
0.00659864
0.0051976
0.00541834
0.0056561
0.00514495
0.00555978
0.00651245
0.00762022
0.00866177
0.00954306
0.0102378
0.0107471
0.0110799
0.0112441
0.0112441
0.0110797
0.0107466
0.0102369
0.00954185
0.0086603
0.0076188
0.00651158
0.00555992
0.00514587
0.00565663
0.00541679
0.00552553
0.00522872
0.00457204
0.0047742
0.00549876
0.00638168
0.00721422
0.00790975
0.00844752
0.00883393
0.00908225
0.00920369
0.00920379
0.00908249
0.00883423
0.00844782
0.00791001
0.00721445
0.00638198
0.00549928
0.00477502
0.00457288
0.00522926
0.00552494
0.00458546
0.00550799
0.00402234
0.00338895
0.0034302
0.0037425
0.00408334
0.00436078
0.00455852
0.00468799
0.00476518
0.00480213
0.00480276
0.00476707
0.00469105
0.00456249
0.0043654
0.00408836
0.00374734
0.00343339
0.00338729
0.00401194
0.00549265
0.00458124
0.00454298
0.00522864
0.00390932
0.00340832
0.00352243
0.00387741
0.00424743
0.00454412
0.00475126
0.00488207
0.00495628
0.00498977
0.00499
0.00495699
0.00488331
0.00475307
0.00454652
0.00425035
0.00388052
0.00352462
0.00340688
0.00390083
0.00521445
0.00453961
0.0032038
0.00263159
0.00389824
0.0056512
0.00739407
0.00894298
0.0102405
0.0112793
0.0120735
0.0126437
0.0130097
0.0131873
0.0131877
0.0130111
0.0126459
0.0120764
0.0112827
0.0102442
0.00894697
0.00739805
0.00565469
0.00390054
0.00263227
0.00320351
0.00181895
0.0021281
0.00421139
0.00643933
0.00838339
0.010008
0.0113225
0.012353
0.0131355
0.0136985
0.0140617
0.0142384
0.0142385
0.0140618
0.0136985
0.0131351
0.012352
0.0113204
0.0100058
0.00838086
0.00643667
0.00420839
0.00212658
0.00182126
0.00285981
0.00229476
0.00365857
0.0055462
0.00735321
0.00890898
0.0101849
0.0111922
0.0119603
0.0125114
0.0128654
0.0130375
0.0130376
0.012866
0.0125124
0.0119615
0.0111936
0.0101864
0.00891083
0.00735534
0.0055482
0.00366015
0.00229553
0.00285965
0.00444442
0.00514596
0.00390744
0.00342298
0.00355564
0.00393473
0.00433925
0.00468965
0.00497331
0.00519502
0.00535579
0.00544806
0.0054527
0.00536818
0.00521141
0.00498916
0.00470231
0.00434889
0.00394223
0.00356061
0.00342215
0.00389682
0.0051322
0.00443938
0.00456065
0.00491854
0.00379946
0.00336193
0.00349136
0.00386337
0.00427677
0.0046542
0.00498056
0.00525884
0.00548223
0.00562716
0.00563889
0.00551159
0.00529651
0.00501741
0.00468529
0.0043004
0.00387985
0.00350106
0.00336299
0.00378936
0.00490408
0.00455678
0.00282745
0.00221825
0.00352702
0.00535874
0.0071055
0.00861201
0.00984894
0.0108248
0.0115702
0.0121057
0.0124501
0.0126176
0.0126178
0.0124505
0.0121062
0.0115706
0.0108248
0.00984923
0.00861265
0.00710651
0.00536001
0.00352823
0.0022189
0.00282678
0.00174086
0.00231234
0.00442512
0.00640935
0.00814249
0.00963343
0.0108797
0.0118894
0.012674
0.0132462
0.0136185
0.0138016
0.0138015
0.0136176
0.0132445
0.0126714
0.0118859
0.0108752
0.00962824
0.00813661
0.00640282
0.00441812
0.00230682
0.00173991
0.00421434
0.00393621
0.00358959
0.00375605
0.00425928
0.00485152
0.00538
0.00578426
0.00606068
0.00623216
0.00632762
0.00636949
0.00636918
0.00632676
0.00623101
0.00605958
0.00578366
0.0053803
0.00485288
0.00426113
0.00375677
0.00358637
0.00392721
0.00421117
0.00196784
0.00353475
0.00570518
0.00754171
0.00911414
0.010459
0.0115919
0.0125229
0.0132612
0.013808
0.014169
0.0143494
0.0143493
0.0141683
0.0138066
0.013259
0.0125198
0.0115876
0.0104539
0.00910838
0.00753481
0.00569667
0.00352466
0.0019619
0.00167514
0.00357856
0.00600777
0.00799394
0.00969731
0.011147
0.0123622
0.0133604
0.0141505
0.0147378
0.0151265
0.0153199
0.0153203
0.0151275
0.0147392
0.0141519
0.0133614
0.0123622
0.0111456
0.00969401
0.00798878
0.00600099
0.00357014
0.00166907
0.00152679
0.00314189
0.00514107
0.00683332
0.00828553
0.00953206
0.010588
0.0114619
0.0121581
0.0126782
0.0130242
0.0131981
0.0131984
0.0130251
0.0126793
0.0121594
0.011463
0.0105885
0.00953175
0.00828409
0.00683058
0.00513737
0.0031375
0.0015238
0.0037952
0.00269992
0.00328666
0.00451201
0.00589187
0.00716596
0.0082425
0.0091121
0.00977455
0.0102453
0.0105444
0.0106893
0.0106896
0.0105455
0.0102469
0.00977675
0.00911475
0.00824555
0.00716945
0.00589569
0.00451565
0.003289
0.00269992
0.00379318
0.00371243
0.0027203
0.00311952
0.00409416
0.00524972
0.00634338
0.00730501
0.00809076
0.00869097
0.0091165
0.00938608
0.00951659
0.00951692
0.00938706
0.00911812
0.00869322
0.00809363
0.00730852
0.00634748
0.0052542
0.00409825
0.00312146
0.00271905
0.00370953
0.00440899
0.00399937
0.00377292
0.00396491
0.00447781
0.0050675
0.00558216
0.00596662
0.00622308
0.00637822
0.00646388
0.00650207
0.00650229
0.0064643
0.00637874
0.00622364
0.00596741
0.00558355
0.00506969
0.00448031
0.00396601
0.00376968
0.00399102
0.00440609
0.00159433
0.00281011
0.00428197
0.00557615
0.00667564
0.00761529
0.00841304
0.00907887
0.00961385
0.0100164
0.0102865
0.0104226
0.0104226
0.0102865
0.0100163
0.00961351
0.00907815
0.00841174
0.00761332
0.00667296
0.00557283
0.00427873
0.00280722
0.00159354
0.00165401
0.00233452
0.00327975
0.00416792
0.00493624
0.00559163
0.00614948
0.00662051
0.00700553
0.00729853
0.00749397
0.00759062
0.00759058
0.00749382
0.00729825
0.00700503
0.00661962
0.00614812
0.00558983
0.00493411
0.00416562
0.00327755
0.00233313
0.00165487
0.00217094
0.00252946
0.00339818
0.00422838
0.00494334
0.00555202
0.00607351
0.00651954
0.00688791
0.00717002
0.00735731
0.00745015
0.00745
0.00735687
0.00716928
0.00688678
0.00651788
0.00607125
0.00554924
0.00494017
0.00422494
0.00339468
0.00252661
0.00217131
0.00463862
0.0035566
0.00377975
0.00457239
0.00563649
0.00672613
0.0077024
0.00850647
0.0091251
0.0095668
0.00984838
0.00998515
0.00998557
0.00984961
0.00956876
0.00912766
0.00850952
0.00770581
0.00672975
0.00564009
0.00457553
0.00378178
0.00355685
0.00463742
0.00391281
0.00287456
0.00360977
0.00495442
0.00643112
0.0077992
0.00896511
0.00990256
0.010615
0.0111222
0.0114458
0.0116027
0.0116031
0.011447
0.0111241
0.0106175
0.00990547
0.00896836
0.00780272
0.00643478
0.00495786
0.00361227
0.00287526
0.00391127
0.00441926
0.00643574
0.00441652
0.00357937
0.00361333
0.00397931
0.00438108
0.00471218
0.00495366
0.00511576
0.00521381
0.00526012
0.00526033
0.00521455
0.005117
0.00495532
0.00471417
0.00438328
0.00398145
0.00361446
0.00357685
0.00440566
0.00642044
0.00443205
0.00450371
0.00599465
0.00422073
0.00347219
0.00350607
0.00384213
0.00420642
0.00450026
0.00470867
0.00484527
0.00492733
0.00496729
0.00496791
0.00492935
0.00484861
0.00471298
0.00450517
0.00421154
0.00384684
0.00350904
0.00347031
0.00420912
0.00597608
0.00450304
0.00352509
0.00303781
0.00425349
0.00592563
0.00762743
0.00917186
0.0104818
0.0115371
0.0123458
0.0129269
0.0133003
0.0134819
0.0134825
0.0133021
0.0129297
0.0123493
0.0115412
0.0104864
0.00917666
0.00763207
0.00592955
0.00425592
0.00303827
0.00352367
0.00440124
0.00458866
0.00366605
0.00345555
0.0037499
0.00421681
0.00466248
0.00501244
0.00525607
0.00540933
0.00549554
0.00553358
0.00553348
0.00549532
0.00540915
0.00525617
0.00501304
0.00466378
0.00421865
0.00375162
0.00345505
0.00366005
0.00457686
0.00439832
0.00461978
0.004877
0.00375647
0.0033268
0.00344295
0.0037739
0.00411666
0.00439332
0.00459072
0.00472083
0.00479953
0.00483813
0.00483923
0.00480242
0.00472492
0.00459538
0.00439818
0.00412156
0.00377849
0.00344603
0.00332547
0.00374723
0.0048628
0.00461544
0.00409766
0.00387009
0.0034656
0.00367235
0.00421278
0.00484135
0.00541136
0.00585758
0.00617189
0.00637389
0.00649054
0.00654405
0.00654382
0.00648992
0.00637311
0.00617129
0.00585752
0.00541218
0.00484309
0.00421488
0.00367349
0.00346274
0.00386149
0.00409507
0.00201639
0.00218733
0.00412634
0.00599184
0.00765471
0.00909918
0.0103234
0.011324
0.0121014
0.012665
0.0130299
0.0132092
0.0132089
0.013029
0.0126634
0.0120991
0.0113213
0.0103202
0.00909565
0.00765104
0.00598807
0.00412222
0.00218438
0.00201504
0.00508027
0.00467079
0.00387286
0.00362309
0.00384124
0.00427212
0.00475151
0.00521915
0.0056616
0.0060698
0.00642483
0.00668195
0.00670896
0.00649312
0.00615919
0.00575249
0.00529777
0.00481132
0.00431266
0.00386528
0.00363228
0.00386793
0.00465836
0.00508003
0.00466114
0.00358199
0.00369954
0.00442792
0.00544527
0.00649014
0.00742167
0.00818308
0.00876359
0.00917433
0.0094339
0.00955891
0.00955937
0.00943523
0.00917645
0.0087664
0.00818644
0.00742546
0.00649416
0.00544922
0.00443122
0.00370137
0.00358178
0.00465995
0.00436563
0.00633563
0.00437315
0.00355324
0.00358464
0.00394361
0.00433703
0.00465893
0.00489122
0.00504534
0.00513779
0.00518153
0.00518185
0.00513887
0.00504713
0.00489352
0.00466155
0.00433979
0.00394619
0.00358605
0.00355077
0.00436198
0.0063183
0.00437398
0.00452768
0.00531026
0.00409078
0.00363843
0.00381598
0.00425401
0.00470998
0.00508346
0.00535222
0.00552762
0.00563027
0.00567726
0.0056776
0.00563129
0.00552932
0.00535461
0.00508651
0.00471344
0.00425747
0.00381839
0.00363724
0.0040843
0.00530172
0.00453208
0.00454855
0.00581076
0.0041634
0.00346834
0.00350521
0.00383446
0.00419488
0.00448745
0.00469398
0.00482654
0.00490314
0.00493834
0.00493873
0.00490436
0.0048286
0.00469681
0.00449094
0.00419884
0.00383838
0.00350778
0.00346655
0.00415349
0.00579531
0.00454821
0.00360111
0.00310726
0.00326691
0.00392394
0.00477737
0.00565251
0.00642687
0.00704433
0.00749584
0.00779912
0.00798141
0.00806666
0.00806659
0.00798126
0.00779906
0.00749613
0.00704529
0.00642877
0.00565541
0.0047809
0.00392694
0.00326747
0.00310301
0.00359927
0.00415323
0.00388803
0.00368377
0.00392498
0.00448124
0.00511102
0.0056633
0.00608017
0.00636151
0.00653288
0.00662678
0.00666737
0.006667
0.00662575
0.00653148
0.00636014
0.00607932
0.00566344
0.00511235
0.00448324
0.00392601
0.00368101
0.00388
0.00415041
0.000229799
0.00123981
0.00188602
0.00230217
0.00264787
0.00296452
0.00325241
0.00350613
0.0037192
0.00388309
0.00399123
0.00404382
0.00404397
0.00399167
0.00388381
0.00372009
0.00350705
0.00325332
0.00296551
0.00264909
0.00230392
0.00188883
0.00124369
0.000231348
0.000268465
0.0010996
0.001755
0.00216164
0.00250553
0.00285617
0.00319914
0.00351238
0.00378145
0.00399545
0.00414512
0.00422366
0.00422396
0.0041459
0.00399666
0.00378294
0.003514
0.00320082
0.00285795
0.00250754
0.00216409
0.001758
0.00110242
0.000268014
0.00456855
0.00436117
0.00379685
0.00380707
0.00427699
0.00491761
0.0055336
0.00603919
0.00641406
0.00666887
0.00682386
0.0068967
0.00689712
0.00682508
0.00667085
0.00641678
0.00604258
0.00553751
0.00492168
0.0042804
0.00380829
0.00379459
0.00435745
0.00457027
0.00307525
0.00602907
0.00754413
0.0095657
0.012171
0.0151379
0.0181368
0.0208968
0.0232569
0.0251766
0.0266192
0.0274682
0.0274669
0.0266143
0.0251683
0.0232457
0.020884
0.0181244
0.0151281
0.0121665
0.00956598
0.00754506
0.00602712
0.00307133
0.00450758
0.00597442
0.00427805
0.00355934
0.00360788
0.00396432
0.0043539
0.00467263
0.00490068
0.00504954
0.00513679
0.00517697
0.0051773
0.00513782
0.00505129
0.00490309
0.00467563
0.00435738
0.00396777
0.00361006
0.00355729
0.00426864
0.00596175
0.00451352
0.00296034
0.00261222
0.00328058
0.00429799
0.00545026
0.00656631
0.00753073
0.00828764
0.00883286
0.00919203
0.00940333
0.00950008
0.00949988
0.00940283
0.00919156
0.00883292
0.00828878
0.00753336
0.00657047
0.0054555
0.00430312
0.00328423
0.00261045
0.00295789
0.00208727
0.00452512
0.00577433
0.00631312
0.00682057
0.00735862
0.00786716
0.00834676
0.00882098
0.00929232
0.00972887
0.0100489
0.0100486
0.00972779
0.00929004
0.00881691
0.00834038
0.0078573
0.00734425
0.0068003
0.00628401
0.00573657
0.00449764
0.00207234
0.00490224
0.00465045
0.00379154
0.00350889
0.00370613
0.00412111
0.0045866
0.00504154
0.00547364
0.00587641
0.00622778
0.00648052
0.00650696
0.00629539
0.00596395
0.00556098
0.00511548
0.00464171
0.00415775
0.00372742
0.0035164
0.00378558
0.00463734
0.00490154
0.00123842
0.00366641
0.00632233
0.00850909
0.0103546
0.0119071
0.0132168
0.0142892
0.015132
0.0157539
0.0161621
0.016363
0.0163635
0.0161632
0.0157553
0.0151333
0.0142899
0.0132164
0.0119049
0.0103512
0.00850362
0.00631439
0.00365656
0.00123005
0.00432658
0.00428711
0.00368097
0.00363511
0.00405131
0.00463821
0.00520113
0.00565801
0.00599099
0.00621251
0.00634442
0.00640558
0.0064058
0.0063451
0.0062137
0.00599279
0.00566044
0.00520417
0.00464162
0.00405424
0.00363573
0.00367743
0.00428101
0.00432792
0.00459211
0.00514447
0.00386831
0.00333444
0.00340583
0.00372573
0.00407504
0.0043701
0.00459536
0.00475829
0.00486768
0.00492684
0.00492954
0.00487476
0.00476798
0.00460572
0.00437988
0.0040838
0.00373313
0.00341057
0.00333327
0.00385761
0.00512968
0.00458712
0.00102252
0.0034932
0.00623686
0.00847592
0.0103653
0.0119711
0.0133117
0.0144047
0.015264
0.0158989
0.0163158
0.0165203
0.016521
0.0163178
0.0159019
0.0152674
0.0144078
0.0133135
0.0119708
0.0103617
0.0084685
0.00622558
0.00347975
0.00101515
0.00383301
0.00274851
0.00342519
0.00474193
0.0061966
0.0075346
0.00866448
0.00957217
0.0102614
0.0107509
0.0110622
0.0112129
0.0112133
0.0110632
0.0107527
0.0102637
0.00957489
0.00866758
0.00753802
0.00620025
0.00474541
0.00342762
0.00274895
0.00383135
0.00443459
0.00386704
0.00454382
0.00578423
0.00721171
0.00858893
0.00979228
0.0107737
0.0115284
0.0120706
0.0124188
0.0125886
0.0125891
0.0124201
0.0120725
0.0115308
0.0107764
0.00979524
0.00859202
0.00721481
0.00578709
0.00454597
0.00386782
0.00443286
0.00435941
0.00456137
0.00370465
0.00354076
0.00388216
0.00440271
0.00490338
0.00530384
0.00558894
0.00577327
0.00587986
0.00592808
0.00592816
0.00588015
0.00577386
0.00558997
0.00530543
0.0049056
0.00440538
0.00388451
0.0035408
0.00369974
0.00455161
0.00435909
0.00666535
0.00536532
0.00487818
0.00488665
0.00534088
0.00596004
0.00658664
0.00718591
0.00777898
0.00838473
0.00896401
0.00932711
0.00937505
0.00904432
0.00848925
0.00788048
0.00726976
0.00664752
0.00600351
0.00536783
0.0048995
0.0048788
0.00535919
0.00666989
0.00513708
0.00534259
0.00430498
0.00403039
0.00436695
0.0049447
0.00552695
0.00601327
0.00637892
0.0066273
0.00677991
0.00685242
0.00685269
0.00678065
0.00662846
0.00638037
0.00601498
0.00552884
0.00494653
0.00436823
0.00403028
0.00430293
0.00534095
0.00513882
0.000442307
0.00135273
0.00220527
0.00271435
0.00320084
0.00372597
0.00422964
0.00467498
0.00505323
0.00535968
0.00558568
0.00571383
0.00571424
0.00558675
0.00536127
0.00505513
0.00467699
0.0042316
0.00372779
0.00320247
0.00271585
0.00220714
0.00135422
0.000439963
0.00338629
0.0029684
0.00328475
0.00402197
0.00492846
0.00584347
0.00664862
0.00728812
0.00775382
0.00806554
0.00825231
0.00833915
0.00833904
0.00825204
0.00806533
0.007754
0.00728903
0.00665058
0.00584655
0.00493225
0.00402533
0.003286
0.0029648
0.00338446
0.00198458
0.00215577
0.00413917
0.00627152
0.00814609
0.00971064
0.0109827
0.0119898
0.0127596
0.0133164
0.013677
0.0138534
0.0138535
0.013677
0.0133161
0.012759
0.0119887
0.010981
0.00970838
0.00814307
0.00626664
0.00413577
0.00215423
0.00198521
0.000269803
0.00171919
0.0025311
0.00313946
0.00362319
0.00407012
0.00447606
0.00483282
0.00516204
0.00545666
0.00569627
0.00584535
0.00584547
0.00569647
0.00545676
0.0051617
0.00483167
0.00447371
0.00406701
0.00361965
0.00313629
0.00252943
0.00170659
0.00026645
0.00196014
0.00212489
0.00402528
0.00599061
0.00770993
0.00919924
0.0104389
0.0114359
0.012206
0.0127658
0.0131296
0.013308
0.0133079
0.0131291
0.0127648
0.0122044
0.0114335
0.0104358
0.00919557
0.0077058
0.0059862
0.00402034
0.00212176
0.00195957
0.00113944
0.00414225
0.00650511
0.00774741
0.00839187
0.00866126
0.0091623
0.00980623
0.0105303
0.0113007
0.0120416
0.0125859
0.0125852
0.0120398
0.0112977
0.0105254
0.00979787
0.00914623
0.00862358
0.00831631
0.00767129
0.00649242
0.00417927
0.00115976
0.00116456
0.00223476
0.00324719
0.00420649
0.00521635
0.00614919
0.00698122
0.00779311
0.00863858
0.00950886
0.0103303
0.0109505
0.010949
0.0103265
0.00950317
0.0086308
0.00778257
0.00696801
0.00613596
0.00520964
0.00420913
0.00324568
0.00222556
0.00116052
0.000247811
0.00114134
0.00177923
0.0022151
0.00257857
0.00291645
0.00322846
0.00350552
0.00373895
0.00391969
0.00404061
0.00410048
0.00410069
0.00404119
0.00392062
0.00374011
0.00350677
0.00322978
0.00291792
0.00258037
0.00221753
0.00178268
0.00114516
0.000247525
0.00492501
0.00413443
0.00428273
0.00507059
0.00616389
0.00729004
0.00829902
0.0091283
0.0097654
0.010221
0.0105123
0.0106541
0.0106545
0.0105132
0.0102224
0.00976723
0.0091304
0.0083013
0.00729245
0.00616637
0.00507297
0.00428459
0.0041352
0.00492379
0.00113199
0.00392465
0.00663275
0.00878457
0.0106187
0.0121746
0.0134769
0.0145385
0.015371
0.0159847
0.016387
0.0165845
0.0165848
0.0163879
0.0159859
0.0153721
0.0145389
0.0134762
0.0121724
0.0106148
0.00877869
0.00662511
0.00391529
0.00112354
0.0031405
0.00306415
0.00462152
0.00652685
0.0084017
0.010085
0.0115076
0.0126537
0.0135351
0.0141726
0.0145856
0.0147882
0.0147891
0.0145881
0.0141764
0.01354
0.0126593
0.0115136
0.010091
0.00840716
0.00653097
0.00462345
0.00306346
0.0031383
0.003142
0.00323279
0.00483786
0.00676283
0.00865346
0.010353
0.0117909
0.0129505
0.013844
0.0144918
0.0149132
0.0151209
0.0151218
0.0149158
0.0144958
0.0138488
0.012956
0.0117965
0.0103585
0.00865831
0.00676631
0.00483929
0.00323179
0.00313984
0.000885093
0.00198291
0.0028685
0.00384354
0.0047195
0.00550537
0.006199
0.0068072
0.00732705
0.00774681
0.0080531
0.00822588
0.00822664
0.00805507
0.00774964
0.00733029
0.00681038
0.00620177
0.00550756
0.00472106
0.00384418
0.00286774
0.00197863
0.000881755
0.00167797
0.00213373
0.00429226
0.00642007
0.00825408
0.00978648
0.0110395
0.0120463
0.0128238
0.0133897
0.013758
0.0139387
0.0139386
0.0137575
0.0133887
0.0128221
0.0120438
0.0110361
0.00978207
0.00824873
0.00641314
0.00428571
0.00212951
0.00167887
0.00135509
0.00334902
0.00590106
0.00802835
0.00982269
0.011352
0.012631
0.0136697
0.0144802
0.015075
0.0154645
0.0156574
0.0156573
0.015464
0.0150738
0.0144781
0.0136665
0.0126266
0.011346
0.0098148
0.00801957
0.00589087
0.0033372
0.00134907
0.00146589
0.00343313
0.00586113
0.00785717
0.00952994
0.010964
0.0121697
0.0131596
0.0139421
0.0145222
0.014904
0.0150924
0.0150929
0.0149052
0.014524
0.0139441
0.0131614
0.0121707
0.0109638
0.0095279
0.00785358
0.00585584
0.00342605
0.0014603
0.00122489
0.00285989
0.00488243
0.00660316
0.00806078
0.00930793
0.0103626
0.0112346
0.0119279
0.0124438
0.0127848
0.0129551
0.0129557
0.0127863
0.012446
0.0119306
0.0112375
0.0103651
0.00930978
0.00806156
0.00660252
0.00488064
0.00285737
0.00122322
0.00298395
0.00223442
0.00327814
0.00484962
0.0063874
0.00775686
0.00891528
0.0098497
0.0105664
0.0110805
0.0114104
0.011571
0.0115711
0.0114108
0.011081
0.0105667
0.00985023
0.00891592
0.0077578
0.00638879
0.00485144
0.00327975
0.0022345
0.00298165
0.00392662
0.00288375
0.00319781
0.00411387
0.00524277
0.0063253
0.00727208
0.00804135
0.00862553
0.00903764
0.00929773
0.00942346
0.00942382
0.0092988
0.00903939
0.00862793
0.00804438
0.00727571
0.00632947
0.00524721
0.00411781
0.00319956
0.00288242
0.00392409
0.000259367
0.00105279
0.00172925
0.0021264
0.00245007
0.00275858
0.00305086
0.00331514
0.00354038
0.00371634
0.00383496
0.00389408
0.00389431
0.0038356
0.00371735
0.00354163
0.0033165
0.00305231
0.0027602
0.00245203
0.00212896
0.00173274
0.00105695
0.000259047
0.00492871
0.00513898
0.00531241
0.00617925
0.0074219
0.00873594
0.00993416
0.0109338
0.0117142
0.0122817
0.0126498
0.0128303
0.0128304
0.0126501
0.0122819
0.0117143
0.0109337
0.00993379
0.00873554
0.00742186
0.00617992
0.00531346
0.0051391
0.00492636
0.00548397
0.00512994
0.0044998
0.00467527
0.00535953
0.00620601
0.00700798
0.0076778
0.00819403
0.00856325
0.00879933
0.00891414
0.00891425
0.00879963
0.00856367
0.00819449
0.00767826
0.00700844
0.00620654
0.00536023
0.00467615
0.00450057
0.0051303
0.00548359
0.00439223
0.00645012
0.00443881
0.00360833
0.00365437
0.00403251
0.00444554
0.00478684
0.00503731
0.00520678
0.00531009
0.00535909
0.00535925
0.00531067
0.00520776
0.00503861
0.0047884
0.00444726
0.0040342
0.00365516
0.00360577
0.00442847
0.00643681
0.0044058
0.00436079
0.00490151
0.00384127
0.00347521
0.00368589
0.00413816
0.004633
0.00509448
0.00552248
0.00591664
0.00625618
0.0064893
0.00650877
0.00630629
0.00597995
0.00558112
0.00513764
0.00466154
0.0041553
0.0036951
0.00347632
0.0038318
0.00488902
0.00435686
0.00098319
0.00240749
0.00381215
0.00482706
0.00570792
0.00638856
0.00692232
0.00741009
0.00788104
0.00830068
0.00862666
0.00881826
0.008819
0.00862857
0.00830326
0.00788343
0.00741101
0.00692103
0.00638432
0.00570184
0.00481894
0.00380245
0.0024026
0.000979252
0.001557
0.00248278
0.00466743
0.00688751
0.00886043
0.0105567
0.0119716
0.0131117
0.0139989
0.0146497
0.0150768
0.0152882
0.015289
0.0150788
0.0146526
0.0140023
0.013115
0.0119741
0.0105588
0.00886139
0.006885
0.0046617
0.00247651
0.00155639
0.00346205
0.00658016
0.0088916
0.0110487
0.0132157
0.0151399
0.0165405
0.0175534
0.0183068
0.0189009
0.0193692
0.0196659
0.0196652
0.0193669
0.0188964
0.0182993
0.0175422
0.0165259
0.0151245
0.0132065
0.0110442
0.00889088
0.00657874
0.00345929
0.00495895
0.00684021
0.00636202
0.00709824
0.0086228
0.0104974
0.0124338
0.0142481
0.0158228
0.0170784
0.0179563
0.0184102
0.0184093
0.0179534
0.0170735
0.015816
0.0142401
0.0124254
0.0104899
0.00861786
0.00709698
0.00636374
0.00684159
0.00495575
0.0051776
0.00682663
0.00593966
0.00637908
0.00763218
0.00922553
0.0108727
0.0124085
0.0137334
0.0147822
0.0155094
0.0158822
0.0158814
0.0155069
0.014778
0.0137276
0.0124016
0.0108653
0.00921883
0.00762758
0.0063777
0.00594122
0.00682819
0.00517459
0.00482897
0.00650811
0.00668136
0.00772301
0.00931244
0.0110788
0.0127602
0.0142208
0.0154047
0.0162958
0.016891
0.0171885
0.017188
0.0168894
0.016293
0.0154007
0.0142157
0.0127545
0.0110735
0.009309
0.00772242
0.00668287
0.00650847
0.004826
0.00520134
0.00653666
0.00592745
0.00645815
0.0076576
0.00909374
0.0104991
0.0117408
0.0127608
0.013535
0.0140548
0.0143155
0.014315
0.0140533
0.0135324
0.0127571
0.0117361
0.010494
0.00908888
0.00765426
0.00645731
0.00592875
0.0065374
0.00519873
0.00480952
0.00574942
0.00604007
0.0070769
0.00851499
0.0100297
0.0114164
0.0125834
0.0135051
0.0141838
0.0146291
0.0148492
0.0148492
0.0146289
0.0141831
0.0135039
0.0125815
0.0114139
0.0100271
0.00851316
0.00707658
0.00604079
0.00574899
0.00480665
0.0041951
0.00327658
0.00400713
0.00528376
0.00670305
0.00804478
0.00920509
0.0101468
0.0108684
0.0113848
0.0117148
0.0118747
0.0118752
0.0117162
0.0113869
0.0108711
0.01015
0.00920864
0.00804856
0.00670684
0.00528722
0.00400966
0.0032775
0.00419347
0.00179854
0.00214325
0.0041844
0.00642202
0.00840821
0.0100687
0.0114181
0.0124892
0.0133066
0.0138972
0.0142798
0.014467
0.0144672
0.0142801
0.0138975
0.0133067
0.0124888
0.0114176
0.0100679
0.00840735
0.00642096
0.00418276
0.00214216
0.00180061
0.00127451
0.00276898
0.00524804
0.00737985
0.00922077
0.0107813
0.0120719
0.0131105
0.013915
0.0145021
0.0148854
0.0150744
0.0150743
0.0148846
0.0145005
0.0139123
0.0131066
0.0120666
0.0107745
0.00921245
0.00736973
0.0052374
0.00275928
0.00127261
0.00203428
0.00359258
0.00570235
0.00748839
0.00901926
0.0103282
0.0114331
0.0123428
0.0130635
0.0135971
0.0139494
0.0141258
0.0141257
0.0139489
0.0135959
0.0130616
0.01234
0.0114293
0.0103235
0.00901359
0.00748149
0.00569384
0.00358265
0.00202839
0.00335373
0.00244799
0.00308978
0.00426955
0.00553753
0.00673191
0.00777408
0.00862661
0.00928162
0.00974956
0.010048
0.010193
0.0101932
0.0100487
0.0097507
0.00928325
0.00862877
0.00777683
0.00673529
0.00554144
0.0042734
0.00309217
0.00244716
0.00335032
0.00209787
0.00304784
0.00446953
0.00570874
0.00675448
0.00764385
0.0084018
0.00903742
0.00955088
0.009938
0.0101962
0.0103253
0.0103251
0.0101956
0.00993693
0.00954931
0.00903521
0.00839887
0.0076402
0.00675015
0.00570381
0.00446418
0.00304271
0.00209651
0.00126211
0.00264135
0.00409982
0.00536759
0.00644633
0.00736751
0.00814963
0.00880214
0.00932573
0.00971887
0.00998108
0.0101132
0.0101133
0.00998136
0.00971925
0.00932608
0.00880225
0.0081493
0.00736661
0.00644486
0.00536571
0.004098
0.00263974
0.00126205
0.00455306
0.00352388
0.00356014
0.00420447
0.00515957
0.00615338
0.00703908
0.00775964
0.0083051
0.00868822
0.00892886
0.00904437
0.00904486
0.00893027
0.0086905
0.00830814
0.00776333
0.00704328
0.00615788
0.00516396
0.00420793
0.00356154
0.00352293
0.00455174
0.00132217
0.00220674
0.00312259
0.00396806
0.0047031
0.00533308
0.00587136
0.00632556
0.00669599
0.00697745
0.00716525
0.00725839
0.0072584
0.00716525
0.00697741
0.0066958
0.00632507
0.00587047
0.00533184
0.00470165
0.00396656
0.0031213
0.00220634
0.0013232
0.00494514
0.00528821
0.00544382
0.00633995
0.00762365
0.00897961
0.0102171
0.0112522
0.0120635
0.0126561
0.0130422
0.0132323
0.0132324
0.0130424
0.0126562
0.0120634
0.0112518
0.0102164
0.00897887
0.00762333
0.00634046
0.00544482
0.00528833
0.00494284
0.00306409
0.00233825
0.00357993
0.00538451
0.00712153
0.00861974
0.00985172
0.0108231
0.0115605
0.0120878
0.0124251
0.0125885
0.0125887
0.0124257
0.0120887
0.0115617
0.0108244
0.00985311
0.00862135
0.00712336
0.00538637
0.0035815
0.00233894
0.0030634
0.00156695
0.00258607
0.00485159
0.00685115
0.00858798
0.010079
0.0113285
0.0123447
0.0131366
0.0137153
0.0140922
0.0142784
0.0142782
0.0140911
0.0137132
0.0131334
0.0123405
0.0113232
0.0100726
0.00858073
0.00684283
0.00484275
0.00257789
0.00156511
0.00398865
0.00376612
0.0034973
0.00375694
0.00432872
0.00498012
0.00556594
0.00602279
0.00634369
0.00654913
0.00666734
0.00672092
0.00672064
0.00666659
0.00654817
0.00634287
0.00602255
0.00556664
0.00498183
0.00433091
0.00375823
0.00349495
0.00375808
0.00398625
0.00182337
0.00363981
0.00590041
0.00777672
0.0093721
0.0107296
0.0118775
0.0128234
0.0135719
0.0141267
0.0144936
0.0146759
0.014676
0.0144938
0.0141268
0.0135716
0.0128224
0.0118755
0.0107264
0.00936748
0.00777067
0.00589272
0.00363044
0.00181712
0.0014962
0.00228877
0.00444664
0.00671575
0.00873982
0.0104572
0.0118701
0.0129991
0.0138706
0.0145064
0.0149216
0.0151263
0.0151269
0.014923
0.0145082
0.0138726
0.0130008
0.0118712
0.0104578
0.0087395
0.00671335
0.004442
0.00228379
0.00149651
0.00305007
0.00227114
0.00317559
0.0046022
0.0060495
0.00737621
0.00851057
0.00942957
0.0101335
0.0106365
0.0109575
0.0111136
0.0111138
0.010958
0.0106373
0.0101347
0.00943106
0.00851246
0.00737857
0.00605237
0.00460527
0.00317794
0.00227089
0.00304691
0.000955456
0.00242334
0.00393715
0.00527583
0.00643524
0.00743843
0.00829542
0.00901334
0.0095924
0.0100304
0.0103259
0.0104779
0.0104783
0.010327
0.010032
0.00959433
0.00901528
0.00829708
0.00743961
0.00643585
0.00527596
0.00393725
0.00242335
0.000956154
0.00195132
0.00243992
0.00327038
0.00406189
0.00474666
0.00532996
0.00582822
0.00625268
0.00660307
0.00687154
0.00705004
0.0071385
0.00713839
0.00704969
0.00687096
0.00660214
0.00625126
0.00582626
0.00532753
0.00474389
0.0040589
0.0032674
0.00243768
0.00195184
0.0057923
0.00689832
0.00531615
0.00539906
0.0063092
0.0075697
0.00895904
0.0103471
0.0116336
0.0127233
0.0135233
0.0139508
0.0139499
0.0135205
0.0127188
0.0116276
0.0103404
0.00895228
0.00756379
0.00630517
0.00539771
0.00531744
0.00690031
0.0057887
0.00397904
0.00386769
0.00499413
0.00657702
0.00825952
0.00983518
0.0111954
0.0123008
0.0131524
0.0137672
0.0141644
0.0143588
0.0143595
0.0141661
0.0137697
0.0131555
0.0123043
0.011199
0.00983882
0.00826297
0.00657993
0.0049959
0.00386763
0.00397678
0.00450391
0.00602978
0.00432356
0.00359584
0.00365016
0.0040174
0.00441717
0.0047443
0.00497918
0.00513359
0.00522475
0.00526693
0.00526726
0.00522579
0.00513533
0.00498156
0.00474723
0.00442055
0.0040207
0.00365218
0.00359361
0.00431409
0.00601834
0.0045109
0.00449
0.00520185
0.0040338
0.00359551
0.00377528
0.00420877
0.00465866
0.00502697
0.00529192
0.0054647
0.00556567
0.0056119
0.00561219
0.00556656
0.00546621
0.00529408
0.00502978
0.00466193
0.00421212
0.00377768
0.00359436
0.00402722
0.00519314
0.00449351
0.000449008
0.0014177
0.00250021
0.00347451
0.00432512
0.00506254
0.00570884
0.00626667
0.00673051
0.00709359
0.0073486
0.00748394
0.00748456
0.00735024
0.00709602
0.00673345
0.00626984
0.00571198
0.00506566
0.00432839
0.00347821
0.00250379
0.00142026
0.000448137
0.00222893
0.00208258
0.00379154
0.00561236
0.00726423
0.00871181
0.00993223
0.0109222
0.0116884
0.0122436
0.0126024
0.0127783
0.0127782
0.0126021
0.0122429
0.0116873
0.0109206
0.0099302
0.00870956
0.00726191
0.00561005
0.00378892
0.00208121
0.00222753
0.00481648
0.00659743
0.00678049
0.00783899
0.009461
0.0112737
0.0130145
0.0145438
0.0157982
0.0167534
0.0173981
0.0177234
0.0177228
0.0173963
0.0167502
0.0157937
0.0145381
0.0130082
0.0112679
0.0094573
0.00783834
0.00678208
0.00659789
0.00481352
0.00201593
0.00222264
0.00409571
0.0062489
0.00821066
0.0098747
0.0112348
0.0123132
0.0131373
0.0137317
0.0141154
0.0143022
0.0143025
0.0141161
0.0137328
0.0131386
0.0123145
0.011236
0.00987568
0.00821134
0.006249
0.00409482
0.00222151
0.00201741
0.000862406
0.00270049
0.00524876
0.00754262
0.00948382
0.0111371
0.0125189
0.0136433
0.0145252
0.0151769
0.0156064
0.0158193
0.0158201
0.0156086
0.0151799
0.0145286
0.0136464
0.012521
0.0111374
0.00948142
0.00753675
0.00523918
0.00268985
0.000859962
0.00401843
0.00288743
0.0035161
0.0047889
0.00621449
0.00753831
0.00866347
0.00956424
0.0102448
0.0107257
0.01103
0.0111768
0.0111772
0.0110312
0.0107277
0.0102474
0.00956731
0.00866691
0.00754205
0.00621836
0.00479249
0.00351859
0.00288794
0.00401687
0.00413659
0.00364386
0.00340479
0.00372872
0.00441585
0.00518278
0.00587253
0.00643025
0.00684186
0.00712112
0.00729095
0.00737121
0.00737144
0.00729166
0.00712235
0.0068437
0.00643277
0.00587576
0.00518657
0.0044196
0.00373102
0.00340359
0.00363937
0.00413652
0.00519454
0.00596368
0.00559698
0.00616737
0.00728699
0.00857136
0.0097847
0.010821
0.011646
0.012256
0.012657
0.0128553
0.0128551
0.0126564
0.0122548
0.0116441
0.0108186
0.0097818
0.00856851
0.00728499
0.00616699
0.0055979
0.00596391
0.00519219
0.00193494
0.00475584
0.00701984
0.00947031
0.0119977
0.0142723
0.015968
0.0169348
0.0173458
0.0176336
0.0179596
0.0182402
0.0182391
0.0179563
0.0176279
0.0173384
0.0169305
0.0159663
0.0142747
0.0120042
0.00947909
0.00702611
0.00475417
0.00193263
0.000293878
0.00125273
0.00205019
0.00257756
0.00307018
0.00355067
0.0039904
0.00437305
0.00469036
0.0049351
0.0051017
0.00518678
0.00518709
0.00510252
0.00493638
0.00469195
0.00437479
0.00399222
0.00355261
0.00307228
0.00257994
0.00205321
0.0012564
0.000293452
0.00470618
0.004451
0.00371402
0.00352226
0.00376636
0.00416859
0.00455644
0.00486604
0.00509001
0.00524344
0.00534284
0.00539721
0.00539968
0.00534904
0.00525177
0.00509869
0.00487407
0.00456353
0.00417466
0.00377066
0.00352262
0.00370737
0.00443892
0.00470299
0.000998439
0.00299257
0.00566361
0.0078867
0.00977352
0.0113597
0.0126632
0.0137069
0.0145129
0.0151007
0.0154841
0.0156727
0.0156725
0.0154834
0.0150991
0.0145103
0.0137029
0.0126577
0.0113526
0.00976472
0.00787642
0.00565183
0.00298
0.000995006
0.00162959
0.00330828
0.00568378
0.00768376
0.00937836
0.0108265
0.0120469
0.0130437
0.0138236
0.0143961
0.0147702
0.0149559
0.0149556
0.0147691
0.014394
0.0138204
0.0130394
0.0120415
0.0108197
0.00936996
0.00767441
0.00567352
0.00329743
0.00162488
0.00502831
0.00439825
0.0040355
0.00425547
0.00490083
0.00569244
0.00644435
0.00707253
0.00755457
0.00789648
0.00811326
0.00821842
0.00821878
0.00811426
0.00789806
0.00755664
0.00707499
0.00644707
0.00569524
0.0049034
0.00425727
0.00403607
0.0043978
0.00502789
0.00288604
0.00605906
0.00847397
0.0104632
0.0122288
0.013611
0.0145404
0.0151389
0.01558
0.0159645
0.0163127
0.0165607
0.0165601
0.0163106
0.0159604
0.0155727
0.0151272
0.0145244
0.013593
0.012212
0.0104509
0.00847107
0.00605672
0.00288321
0.000732877
0.00099871
0.00109646
0.00118295
0.00126689
0.00133008
0.00137708
0.00141058
0.00143473
0.00145054
0.00145879
0.00146293
0.00146299
0.00145893
0.00145078
0.00143507
0.00141104
0.00137773
0.00133089
0.00126785
0.00118398
0.00109744
0.000999606
0.000733572
0.00303032
0.00250018
0.0038306
0.00566645
0.00745447
0.00901814
0.0103203
0.0113577
0.0121491
0.0127174
0.0130828
0.0132609
0.0132612
0.0130838
0.012719
0.0121511
0.0113601
0.010323
0.00902104
0.00745751
0.00566905
0.00383231
0.0025007
0.00303013
0.00239467
0.00303859
0.00493589
0.00680385
0.00858661
0.0101847
0.0115509
0.0126807
0.0135823
0.014262
0.0147211
0.0149557
0.0149577
0.0147264
0.0142701
0.0135922
0.0126914
0.0115608
0.0101924
0.00859137
0.00680492
0.00493271
0.00303362
0.00239063
0.00152456
0.00287143
0.00397551
0.00513298
0.00623481
0.00720633
0.0081164
0.00891308
0.00957519
0.0100905
0.0104521
0.0106467
0.0106479
0.0104552
0.0100951
0.00958069
0.0089188
0.00812134
0.00720867
0.00623324
0.00512716
0.00396321
0.00285867
0.00151836
0.00524305
0.00505088
0.00488816
0.00549477
0.00652901
0.00766277
0.00870473
0.00957327
0.0102487
0.0107378
0.011054
0.0112091
0.0112092
0.0110543
0.0107381
0.010249
0.0095735
0.00870488
0.00766298
0.00652954
0.00549581
0.00488945
0.00505155
0.00524162
0.00519076
0.00491332
0.00478358
0.00536647
0.00636389
0.0074616
0.00847158
0.0093124
0.00996437
0.0104346
0.0107375
0.0108854
0.0108856
0.0107379
0.0104351
0.00996486
0.00931284
0.00847197
0.00746206
0.00636464
0.00536765
0.00478491
0.00491397
0.00518932
0.00479958
0.00605993
0.00445105
0.00378578
0.00390614
0.00434119
0.00480172
0.00518083
0.00545925
0.00565086
0.00576863
0.00582439
0.00582455
0.00576915
0.00565174
0.0054605
0.00518242
0.00480381
0.00434304
0.00390682
0.00378335
0.00444437
0.00605609
0.00480622
0.00306719
0.00241019
0.003706
0.00554569
0.00733488
0.0088826
0.0101542
0.0111586
0.0119215
0.0124665
0.012815
0.0129837
0.012984
0.0128159
0.012468
0.0119234
0.0111608
0.0101566
0.00888528
0.00733775
0.0055483
0.00370788
0.00241098
0.00306695
0.00106696
0.00361757
0.00558783
0.00770445
0.0104929
0.0139288
0.0175446
0.0209204
0.0238188
0.0261213
0.0277755
0.0287134
0.0287125
0.0277723
0.0261161
0.0238121
0.020913
0.0175383
0.0139268
0.010496
0.00770326
0.00556762
0.00359815
0.00106432
0.00250051
0.0021182
0.00364182
0.00547352
0.00715345
0.00861436
0.00983183
0.010811
0.0115648
0.0121105
0.0124639
0.0126373
0.0126373
0.0124638
0.0121102
0.0115642
0.0108099
0.00983022
0.00861273
0.00715199
0.00547234
0.0036403
0.00211798
0.00249906
0.00428343
0.00463057
0.00383483
0.00368705
0.00407217
0.00471465
0.00546308
0.00628495
0.00717302
0.00808608
0.00892319
0.00954119
0.00961784
0.00913968
0.00837782
0.00746602
0.00652535
0.00562752
0.00480866
0.00411886
0.00370413
0.0038319
0.00462006
0.00428392
0.0011026
0.00276917
0.00506185
0.00708206
0.00881995
0.0103163
0.0115801
0.0126194
0.0134414
0.0140516
0.0144549
0.0146551
0.014656
0.0144573
0.0140552
0.0134456
0.0126238
0.011584
0.0103192
0.00882132
0.00708176
0.00506033
0.00276638
0.00110084
0.000941384
0.00252612
0.00445112
0.00621813
0.00774716
0.00905673
0.0101748
0.0111039
0.0118455
0.0124005
0.0127698
0.012955
0.0129559
0.0127722
0.0124041
0.01185
0.0111087
0.0101795
0.00906078
0.00775017
0.00621965
0.0044514
0.00252532
0.000941089
0.00266447
0.00429292
0.0056696
0.00741359
0.00986939
0.0130051
0.0163828
0.0196682
0.0227118
0.0254245
0.0276265
0.0290007
0.0289974
0.0276182
0.0254122
0.0226962
0.01965
0.0163644
0.0129922
0.00986768
0.0074189
0.00567491
0.00429506
0.00266008
0.00441862
0.00482047
0.00380301
0.00346961
0.003695
0.00415892
0.00466972
0.00515522
0.00560497
0.00602265
0.00638691
0.00664553
0.00666878
0.00644504
0.00609619
0.00567473
0.00521143
0.00470939
0.00418374
0.00370862
0.00347255
0.00379379
0.0048072
0.00441491
0.000377778
0.00181506
0.00260587
0.00315381
0.00357957
0.0039703
0.00434659
0.00470511
0.00505017
0.00536918
0.00563661
0.00580674
0.00580683
0.00563677
0.00536923
0.00504975
0.00470374
0.00434362
0.00396527
0.00357207
0.00314543
0.00259787
0.00180172
0.000373955
0.00043721
0.00154453
0.0022416
0.00280355
0.00330745
0.00375662
0.0041495
0.00448631
0.00476395
0.0049759
0.00511711
0.00518696
0.0051871
0.00511747
0.00497647
0.0047646
0.0044869
0.00414998
0.0037571
0.00330808
0.00280453
0.00224332
0.00154754
0.000439034
0.00408007
0.0030191
0.00371935
0.00501575
0.00645242
0.0078009
0.00896069
0.00989709
0.010603
0.0111018
0.0114184
0.0115711
0.0115716
0.0114197
0.0111039
0.0106057
0.00990023
0.00896418
0.00780466
0.00645629
0.00501933
0.00372195
0.00301991
0.00407857
0.00251856
0.00248329
0.00415962
0.00618372
0.0081058
0.0097819
0.0111746
0.0122884
0.0131432
0.0137613
0.0141614
0.0143572
0.0143579
0.0141632
0.0137641
0.0131467
0.0122924
0.0111789
0.00978616
0.00810966
0.0061864
0.00416034
0.00248222
0.00251818
0.00503012
0.00438104
0.00446105
0.00517129
0.00621725
0.00732094
0.00831994
0.00914436
0.00977894
0.0102333
0.010524
0.0106652
0.0106655
0.0105247
0.0102344
0.00978032
0.0091459
0.00832159
0.0073227
0.00621916
0.00517327
0.00446274
0.00438177
0.00502891
0.0020449
0.00495606
0.00676751
0.00887223
0.0115032
0.0144817
0.0174391
0.0201289
0.0224749
0.0244663
0.0260531
0.0270625
0.0270611
0.0260482
0.0244581
0.0224635
0.0201152
0.0174251
0.0144709
0.0114988
0.00887182
0.00676394
0.0049488
0.00203989
0.0033106
0.00277782
0.00408179
0.0058543
0.00761227
0.00917525
0.010485
0.0115344
0.0123377
0.0129155
0.0132874
0.0134688
0.0134693
0.0132889
0.0129177
0.0123406
0.0115378
0.0104888
0.00917911
0.007616
0.00585746
0.00408374
0.00277828
0.00330998
0.00124459
0.0026145
0.00325513
0.00391213
0.00461052
0.00532074
0.00596034
0.0065177
0.00701931
0.00746448
0.00784266
0.0081052
0.00810532
0.00784281
0.00746445
0.00701888
0.00651718
0.005959
0.00531884
0.0046082
0.00390858
0.00324887
0.00259625
0.00123235
0.000334986
0.00143849
0.00214472
0.00271699
0.00326711
0.00377844
0.00423115
0.00462029
0.00494132
0.00518768
0.00535431
0.00543847
0.00543873
0.005355
0.00518875
0.00494263
0.00462168
0.00423255
0.00377994
0.00326882
0.002719
0.00214731
0.00144143
0.000335217
0.00217335
0.00403358
0.00577105
0.00728201
0.00854403
0.00953672
0.0104951
0.0113065
0.0119784
0.0125129
0.0129075
0.0131357
0.0131366
0.0129097
0.0125159
0.0119815
0.0113088
0.0104953
0.00953281
0.00853147
0.00726814
0.00575723
0.00402214
0.00216744
0.00377299
0.00673076
0.00860649
0.01062
0.0128221
0.0149891
0.0168662
0.0184085
0.019642
0.0206083
0.0213199
0.0217339
0.0217331
0.0213173
0.0206036
0.0196349
0.0183989
0.0168548
0.0149782
0.0128155
0.0106178
0.00860764
0.00673016
0.00377002
0.00439975
0.00484067
0.0057036
0.0070946
0.00869574
0.0102625
0.0116473
0.0127886
0.0136767
0.0143234
0.0147444
0.0149516
0.014952
0.0147453
0.0143247
0.013678
0.0127897
0.0116482
0.0102631
0.00869643
0.00709553
0.00570434
0.00483999
0.00439694
0.00529862
0.00482682
0.00431557
0.00450251
0.00516207
0.00597568
0.00674627
0.00738826
0.00788053
0.00823029
0.00845251
0.00856014
0.00856034
0.00845307
0.00823113
0.00788158
0.00738945
0.00674755
0.00597703
0.00516343
0.0045037
0.00431626
0.004827
0.00529827
0.00536451
0.00551903
0.00440646
0.00413793
0.00450649
0.00511566
0.00572429
0.00623354
0.00662034
0.00689182
0.00706253
0.00714467
0.00714483
0.00706294
0.00689244
0.00662111
0.00623443
0.00572524
0.00511659
0.00450715
0.00413783
0.00440522
0.00551824
0.00536549
0.00230707
0.00530211
0.00724783
0.00951768
0.0122899
0.0153583
0.0183501
0.0209557
0.0229604
0.0245098
0.0256952
0.0264343
0.0264327
0.0256898
0.0245005
0.0229478
0.0209412
0.0183373
0.0153486
0.0122861
0.00951798
0.00724599
0.00529624
0.00230273
0.00158112
0.00321177
0.00455664
0.00601272
0.00731599
0.00838558
0.00913606
0.00975272
0.010279
0.0107158
0.0110505
0.0112504
0.011251
0.011052
0.0107176
0.0102803
0.00975248
0.00913327
0.00838012
0.00730933
0.00600393
0.0045379
0.00319846
0.00157526
0.00204787
0.00329855
0.00533474
0.00704647
0.00850233
0.00975254
0.0108197
0.0117063
0.0124104
0.0129325
0.0132763
0.013446
0.0134456
0.0132747
0.0129298
0.0124067
0.0117016
0.010814
0.00974594
0.00849487
0.00703835
0.00532579
0.00328884
0.00204358
0.00326224
0.00237556
0.00331046
0.00481252
0.00632109
0.0076808
0.0088224
0.00973944
0.0104402
0.0109418
0.0112632
0.0114198
0.0114199
0.0112637
0.0109426
0.0104411
0.00974054
0.00882359
0.00768236
0.00632309
0.00481478
0.00331222
0.00237566
0.00326014
0.000804682
0.00195818
0.00372881
0.00546445
0.00699175
0.00831412
0.00943684
0.0103641
0.0110997
0.011647
0.0120101
0.0121926
0.0121937
0.012013
0.0116514
0.0111052
0.0103702
0.0094429
0.00831964
0.0069963
0.0054678
0.00373119
0.00195939
0.000805566
0.00453593
0.00510843
0.00385324
0.00338114
0.00350118
0.00385196
0.00421509
0.00450523
0.00470699
0.00483368
0.00490507
0.00493714
0.00493728
0.00490553
0.00483455
0.00470835
0.00450717
0.0042176
0.00385475
0.00350314
0.00337959
0.00384468
0.00509417
0.00453233
0.00136476
0.00412883
0.0064052
0.00876612
0.0114484
0.0141432
0.0163525
0.0178816
0.0188742
0.0195921
0.0202134
0.0206954
0.020694
0.020209
0.0195844
0.0188619
0.0178652
0.0163343
0.0141278
0.0114399
0.0087599
0.00639075
0.00411246
0.00135996
0.000781762
0.00277767
0.00395513
0.00455402
0.00524244
0.0059853
0.00676525
0.00755979
0.00836758
0.00916448
0.00989164
0.0104207
0.0104204
0.00989057
0.00916254
0.00836443
0.00755486
0.00675783
0.00597398
0.00522199
0.00451722
0.00387928
0.00274662
0.000785452
0.00216889
0.00337203
0.00532081
0.0069669
0.00837252
0.00958138
0.0106124
0.0114684
0.0121485
0.0126532
0.0129857
0.0131502
0.0131498
0.0129843
0.0126506
0.0121449
0.0114639
0.0106068
0.00957496
0.00836523
0.00695879
0.00531177
0.00336226
0.00216444
0.000657855
0.00130031
0.00231989
0.00354139
0.00434396
0.00478451
0.00511808
0.00545373
0.0058103
0.00617575
0.0065098
0.00673633
0.00673596
0.00650886
0.00617417
0.00580771
0.00544935
0.00511036
0.00477129
0.00433225
0.00355606
0.0023695
0.00132188
0.000652864
0.00306403
0.0022905
0.00305929
0.00433999
0.00567167
0.00692096
0.00800699
0.00889216
0.0095683
0.0100475
0.010352
0.0105002
0.0105004
0.0103527
0.0100487
0.00957002
0.0088945
0.00801001
0.00692468
0.00567596
0.00434427
0.00306219
0.00228982
0.00306026
0.00479445
0.00381647
0.00402042
0.00480716
0.00588168
0.00698242
0.00796671
0.00877573
0.0094012
0.00984935
0.0101356
0.0102749
0.0102753
0.0101367
0.00985106
0.00940341
0.00877836
0.00796962
0.00698548
0.00588474
0.00480992
0.00402238
0.00381705
0.00479333
0.00539246
0.00554039
0.00505897
0.0054457
0.00636059
0.00743231
0.00844116
0.00929302
0.00996203
0.0104505
0.0107684
0.0109247
0.0109247
0.0107682
0.0104501
0.00996137
0.00929204
0.00843995
0.00743114
0.00635993
0.00544595
0.00505991
0.0055409
0.00539092
0.00519913
0.00465211
0.00421242
0.00443572
0.00511786
0.00594183
0.00671625
0.00735914
0.00785123
0.00820026
0.0084218
0.0085294
0.00852968
0.00842257
0.00820145
0.00785276
0.00736092
0.0067182
0.00594385
0.00511979
0.00443725
0.00421312
0.00465223
0.0051987
0.00315067
0.0023433
0.00345232
0.00512583
0.00675225
0.00818979
0.00937989
0.0103239
0.0110422
0.0115561
0.0118852
0.0120451
0.0120452
0.0118857
0.0115568
0.011043
0.0103247
0.00938079
0.00819095
0.00675373
0.00512757
0.0034538
0.00234372
0.0031493
0.00227159
0.00212955
0.00382999
0.00581024
0.00758323
0.00909904
0.010345
0.0113379
0.0121011
0.0126542
0.0130131
0.0131894
0.0131894
0.0130129
0.0126538
0.0121003
0.0113364
0.0103431
0.00909687
0.0075809
0.00580804
0.00382698
0.00212859
0.00227088
0.00334346
0.00241366
0.00318115
0.00451104
0.00589957
0.00717933
0.00827535
0.00916442
0.00984631
0.0103345
0.0106473
0.0108001
0.0108002
0.0106479
0.0103355
0.00984764
0.0091661
0.00827742
0.00718187
0.00590257
0.00451414
0.00318328
0.00241333
0.00334061
0.00389923
0.00673921
0.00872585
0.0108269
0.0130392
0.0151728
0.0169976
0.0184641
0.0196104
0.0204873
0.0211143
0.021467
0.0214663
0.021112
0.020483
0.0196038
0.0184551
0.0169869
0.0151628
0.0130329
0.0108248
0.00872695
0.00673852
0.00389643
0.00480499
0.00588541
0.00617426
0.00723428
0.00870849
0.0102654
0.0116968
0.0129084
0.0138717
0.0145856
0.0150569
0.015291
0.0152909
0.0150564
0.0145846
0.01387
0.0129061
0.0116939
0.0102624
0.00870629
0.0072338
0.00617499
0.00588501
0.00480215
0.00089652
0.00257918
0.00523334
0.0075985
0.00957408
0.0112131
0.0125452
0.0136035
0.0144149
0.0150043
0.0153874
0.0155746
0.0155745
0.0153871
0.0150035
0.0144134
0.0136009
0.0125412
0.0112077
0.00956736
0.00759088
0.00522467
0.00257279
0.000899941
0.00146639
0.00351888
0.0060239
0.00812139
0.00990276
0.011412
0.012675
0.0137095
0.014521
0.0151182
0.0155105
0.0157051
0.0157052
0.0155105
0.0151178
0.0145199
0.0137076
0.0126718
0.011407
0.00989676
0.00811433
0.00601496
0.00350787
0.00145965
0.00188612
0.00295078
0.00432899
0.00552897
0.00654303
0.00740411
0.00813598
0.00874848
0.00924107
0.00961018
0.00985606
0.00997885
0.00997867
0.00985553
0.00960929
0.00923976
0.00874662
0.00813347
0.00740092
0.0065392
0.00552461
0.00432437
0.0029465
0.00188494
0.00423662
0.00342896
0.00417107
0.00547488
0.00692562
0.0082958
0.00947955
0.0104397
0.0111757
0.0117031
0.0120412
0.0122058
0.0122063
0.0120425
0.0117052
0.0111783
0.0104428
0.00948298
0.00829941
0.00692923
0.00547816
0.00417347
0.00342989
0.00423482
0.000973331
0.00255846
0.00493298
0.00715659
0.00910203
0.0107742
0.0121763
0.0133198
0.0142182
0.0148832
0.0153224
0.0155406
0.0155417
0.0153254
0.0148877
0.0142238
0.0133258
0.0121824
0.0107799
0.00910695
0.00716095
0.00493698
0.00256036
0.000973503
0.00397502
0.00285115
0.0032679
0.00432256
0.00557344
0.00674818
0.00775794
0.00857392
0.00919341
0.00963141
0.00990841
0.0100422
0.0100426
0.00990953
0.00963323
0.00919586
0.00857691
0.00776142
0.0067521
0.00557766
0.00432639
0.00327
0.00285056
0.00397276
0.00326801
0.00646314
0.00860802
0.0106638
0.0127977
0.0148085
0.0165103
0.0178598
0.0189093
0.0197323
0.0203666
0.0207687
0.0207679
0.0203639
0.0197275
0.0189019
0.0178497
0.0164982
0.0147964
0.0127883
0.0106588
0.00860754
0.00646198
0.00326501
0.0043728
0.00460407
0.00384467
0.00372364
0.00412756
0.00479485
0.00557966
0.00643841
0.00735744
0.00829044
0.0091589
0.00983397
0.0099125
0.00938369
0.0085931
0.00766704
0.0067001
0.00576692
0.00490669
0.00418495
0.00374644
0.00384481
0.00459423
0.00437431
0.00491521
0.00685161
0.00637958
0.0071218
0.00865373
0.0105469
0.0125226
0.0143965
0.016045
0.0173775
0.0183212
0.0188143
0.0188133
0.018318
0.0173722
0.0160378
0.014388
0.0125138
0.0105392
0.00864871
0.00712057
0.00638135
0.006853
0.00491182
0.0051953
0.00607447
0.00570746
0.00631808
0.00748475
0.00881722
0.010078
0.0111599
0.0120258
0.0126697
0.013095
0.0133061
0.0133059
0.0130943
0.0126683
0.0120237
0.0111571
0.0100748
0.00881406
0.00748253
0.00631762
0.00570843
0.00607475
0.00519296
0.00376512
0.00416418
0.00564226
0.00741083
0.00920889
0.0108691
0.012295
0.0134528
0.0143473
0.0149968
0.0154194
0.0156274
0.0156282
0.0154214
0.0149998
0.0143507
0.0134563
0.0122982
0.0108718
0.00921102
0.00741221
0.00564239
0.00416235
0.00376176
0.00435336
0.00370805
0.00438586
0.00560143
0.00699449
0.00833722
0.00951021
0.0104664
0.0112007
0.011727
0.0120639
0.0122276
0.012228
0.0120652
0.0117289
0.0112032
0.0104693
0.00951341
0.00834056
0.00699784
0.00560452
0.00438815
0.00370887
0.00435157
0.00491642
0.00398974
0.00415494
0.00492091
0.00597839
0.00706924
0.00804774
0.00885216
0.00947054
0.0099122
0.0101937
0.0103301
0.0103304
0.0101947
0.00991373
0.0094725
0.00885445
0.00805025
0.0070719
0.0059811
0.00492344
0.00415685
0.00399039
0.00491533
0.00546262
0.00560892
0.00443928
0.00419698
0.00459927
0.00523501
0.00586418
0.00639022
0.00679108
0.00707389
0.00725273
0.00733928
0.00733941
0.00725306
0.00707437
0.00679166
0.00639087
0.00586486
0.00523569
0.00459979
0.00419699
0.00443837
0.00560824
0.00546329
0.0047815
0.00599397
0.00443262
0.00374948
0.00384935
0.00427112
0.00472246
0.00509537
0.00536934
0.00555649
0.00567097
0.0057251
0.0057253
0.00567161
0.00555757
0.00537085
0.00509729
0.00472486
0.00427334
0.00385041
0.00374674
0.00442528
0.00599059
0.00478745
0.0040478
0.00311309
0.00386793
0.00518557
0.00664355
0.00800986
0.00918262
0.0101306
0.0108563
0.0113762
0.0117092
0.0118714
0.0118718
0.0117105
0.0113782
0.0108589
0.0101337
0.00918604
0.00801352
0.00664726
0.00518898
0.00387042
0.00311393
0.00404617
0.00100593
0.00271099
0.00549419
0.0077629
0.0096701
0.0112467
0.0125334
0.0135612
0.0143544
0.0149328
0.01531
0.0154953
0.0154952
0.0153096
0.0149317
0.0143525
0.0135581
0.0125289
0.0112406
0.00966212
0.00775285
0.00548176
0.00269623
0.00100264
0.00119624
0.00249672
0.00498015
0.00720012
0.00911545
0.0107216
0.0120366
0.013084
0.0138894
0.0144758
0.0148582
0.0150465
0.0150464
0.0148577
0.0144746
0.0138873
0.0130809
0.0120324
0.0107163
0.00910916
0.00719271
0.00497314
0.00249164
0.00119792
0.00434593
0.00446289
0.00363614
0.00347959
0.0037966
0.00426427
0.00471066
0.00506127
0.00530545
0.00545946
0.00554671
0.0055862
0.00558605
0.00554636
0.00545908
0.00530531
0.00506164
0.00471177
0.004266
0.00379826
0.00347922
0.00363036
0.00445138
0.00434309
0.00450507
0.00451546
0.00364786
0.00343625
0.00370094
0.00412303
0.0045235
0.00483715
0.0050539
0.00519004
0.00526698
0.0053013
0.00530145
0.00526738
0.00519073
0.00505485
0.00483848
0.00452534
0.00412534
0.00370289
0.0034356
0.00364105
0.00450313
0.00450127
0.00142542
0.00240252
0.00476071
0.00688771
0.00870821
0.0102508
0.0115246
0.0125496
0.0133432
0.0139219
0.0142992
0.0144853
0.0144852
0.0142985
0.0139204
0.0133408
0.0125461
0.0115199
0.0102447
0.00870075
0.00687856
0.00475138
0.00239489
0.00142532
0.00288968
0.00221436
0.00341377
0.00512935
0.00677579
0.00821301
0.00940471
0.0103585
0.0110873
0.0116112
0.0119481
0.012112
0.0121122
0.0119483
0.0116116
0.0110876
0.0103585
0.0094043
0.00821311
0.00677642
0.00513044
0.00341489
0.00221471
0.00288824
0.00124287
0.00355137
0.00622459
0.00842566
0.0102932
0.0118723
0.0131895
0.0142602
0.0150974
0.0157129
0.0161166
0.0163157
0.016316
0.0161171
0.0157133
0.0150974
0.0142594
0.0131874
0.0118686
0.0102877
0.00841778
0.00621493
0.00354086
0.00123511
0.0011354
0.00269587
0.00523208
0.00753441
0.00952051
0.0111893
0.0125576
0.0136506
0.0144939
0.0151086
0.0155096
0.0157067
0.0157069
0.01551
0.015109
0.0144939
0.0136499
0.012556
0.0111867
0.00951667
0.00752897
0.00522513
0.00268959
0.00113734
0.00186833
0.00368103
0.00597804
0.00790933
0.00955277
0.010945
0.0121262
0.0130998
0.0138705
0.014442
0.0148199
0.0150083
0.0150085
0.0148202
0.0144422
0.0138703
0.013099
0.0121243
0.0109418
0.0095482
0.00790342
0.00597039
0.00367167
0.00186174
0.00225047
0.00348112
0.00530553
0.00685376
0.0081735
0.00930263
0.0102631
0.0110627
0.0117027
0.012181
0.0124987
0.0126582
0.012658
0.0124981
0.0121798
0.0117009
0.01106
0.0102594
0.00929805
0.00816796
0.00684719
0.00529787
0.00347279
0.0022463
0.00264491
0.00211881
0.00343733
0.00514769
0.00674759
0.00816049
0.00935593
0.0103241
0.0110699
0.0116071
0.0119529
0.0121215
0.0121216
0.011953
0.0116071
0.0110697
0.0103239
0.00935566
0.00816033
0.0067477
0.00514813
0.00343755
0.00211879
0.00264252
0.00376799
0.00269835
0.00318527
0.00428648
0.00555895
0.00674499
0.00776575
0.0085954
0.0092291
0.0096796
0.00996583
0.0101046
0.0101049
0.00996684
0.00968126
0.00923134
0.00859817
0.00776903
0.00674877
0.00556309
0.00429037
0.00318745
0.00269776
0.00376544
0.00277627
0.00216185
0.00313943
0.00455944
0.00602866
0.00737918
0.00854106
0.00948041
0.0101929
0.0106955
0.0110127
0.011166
0.0111661
0.0110131
0.0106962
0.0101942
0.00948247
0.00854396
0.00738299
0.00603328
0.00456434
0.00314294
0.00216149
0.00277229
0.0045196
0.00342381
0.00359419
0.00435024
0.00538744
0.00644793
0.00739212
0.00816487
0.00875487
0.0091731
0.00943808
0.00956624
0.00956671
0.00943944
0.00917528
0.00875776
0.00816834
0.00739605
0.00645215
0.00539161
0.00435371
0.00359606
0.00342354
0.00451822
0.00440836
0.00336292
0.0034649
0.00414421
0.00512113
0.00613082
0.00702972
0.0077611
0.00831607
0.00870756
0.00895447
0.00907376
0.00907424
0.00895587
0.00870982
0.00831911
0.00776482
0.007034
0.00613546
0.00512572
0.00414784
0.00346636
0.00336195
0.00440674
0.00149324
0.00307856
0.00547666
0.00750082
0.00922093
0.0106961
0.0119337
0.0129423
0.0137304
0.0143081
0.0146857
0.0148728
0.0148725
0.0146845
0.0143059
0.013727
0.0129378
0.0119279
0.010689
0.00921258
0.0074909
0.00546604
0.00306792
0.0014893
0.00256985
0.00263863
0.00437562
0.00641384
0.00833884
0.0100198
0.0114204
0.0125435
0.0134079
0.0140349
0.0144423
0.0146424
0.0146431
0.0144442
0.0140379
0.0134115
0.0125474
0.0114243
0.0100235
0.00834197
0.00641559
0.00437545
0.00263697
0.00256938
0.00188129
0.00250962
0.00451383
0.00623734
0.00774701
0.00907552
0.010224
0.0111804
0.0119318
0.0124758
0.0128238
0.0129923
0.0129917
0.0128221
0.0124732
0.0119287
0.0111769
0.0102202
0.00907142
0.00774266
0.0062326
0.00450869
0.00250425
0.00188009
0.00463336
0.00433176
0.00484333
0.00592797
0.00726479
0.00860068
0.00978811
0.0107643
0.0115179
0.0120605
0.0124094
0.0125794
0.0125798
0.0124103
0.0120619
0.0115196
0.0107662
0.00979003
0.00860265
0.00726687
0.00593011
0.0048451
0.00433227
0.00463123
0.00452269
0.00644221
0.00445975
0.00364127
0.00369914
0.00408766
0.00451062
0.00486179
0.00512163
0.00529925
0.00540859
0.00546074
0.00546084
0.00540898
0.00529993
0.00512256
0.00486295
0.00451195
0.00408901
0.00369972
0.00363873
0.00445013
0.00643216
0.00453334
0.00395253
0.00369555
0.00480566
0.00636254
0.0080119
0.00955353
0.0108829
0.011962
0.0127917
0.013389
0.0137735
0.013961
0.0139617
0.0137753
0.0133917
0.012795
0.0119658
0.010887
0.00955764
0.00801582
0.00636586
0.00480773
0.00369567
0.00395019
0.00512815
0.00456026
0.00412186
0.00432491
0.00496835
0.0057577
0.00650488
0.00712661
0.00760192
0.00793794
0.00815031
0.00825282
0.00825312
0.00815116
0.00793928
0.00760365
0.00712865
0.00650712
0.00576001
0.0049705
0.00432648
0.00412242
0.00455984
0.0051279
0.00460378
0.00604799
0.00440598
0.00369392
0.00377412
0.00417405
0.00460443
0.00495816
0.00521547
0.00538841
0.00549267
0.00554148
0.00554172
0.00549346
0.00538973
0.0052173
0.00496046
0.00460719
0.0041767
0.00377555
0.00369111
0.00439756
0.00604159
0.00461277
0.00452863
0.00590136
0.00421556
0.00350382
0.00354346
0.0038828
0.00425374
0.00455517
0.00476871
0.00490661
0.00498687
0.00502396
0.00502438
0.00498818
0.0049088
0.00477167
0.00455877
0.00425778
0.00388674
0.00354602
0.00350202
0.00420572
0.0058863
0.00452948
0.00455737
0.00562042
0.0040813
0.00342411
0.00346548
0.00378678
0.00413742
0.00442286
0.00462652
0.00476014
0.00483998
0.00487822
0.0048788
0.00484182
0.00476317
0.00463048
0.0044275
0.00414246
0.00379162
0.00346871
0.00342257
0.00407108
0.00560514
0.00455385
0.00199731
0.00339877
0.00533297
0.0069679
0.00834593
0.00953103
0.0105348
0.0113661
0.0120287
0.012523
0.0128515
0.0130162
0.0130162
0.0128515
0.0125228
0.0120282
0.011365
0.010533
0.00952815
0.00834189
0.00696256
0.00532663
0.00339183
0.00199366
0.00428111
0.00335214
0.00338356
0.00396473
0.00485879
0.00579926
0.00663516
0.00731761
0.00783315
0.00819395
0.00841995
0.00852873
0.00852918
0.00842128
0.00819612
0.00783612
0.00732131
0.00663952
0.00580403
0.0048635
0.00396825
0.00338438
0.00335035
0.0042795
0.00228331
0.00253515
0.00435221
0.00644198
0.00842824
0.0101857
0.0116647
0.0128581
0.0137807
0.0144528
0.014893
0.0151114
0.0151126
0.0148963
0.0144578
0.0137869
0.0128653
0.0116724
0.0101932
0.00843489
0.00644631
0.00435356
0.00253353
0.00228156
0.00485744
0.00425357
0.00389275
0.00408201
0.00468972
0.00544435
0.00616167
0.00675851
0.00721292
0.00753209
0.00773255
0.00782913
0.00782956
0.00773377
0.00753405
0.00721552
0.00676164
0.00616519
0.00544799
0.00469296
0.00408399
0.00389274
0.00425233
0.00485712
0.00501361
0.00604158
0.00446185
0.00382767
0.00397678
0.00443138
0.00491025
0.00530651
0.00559955
0.00580444
0.00593186
0.00599267
0.00599279
0.00593226
0.00580512
0.00560053
0.00530776
0.00491204
0.00443279
0.00397723
0.00382561
0.00445632
0.00603921
0.00501722
0.00507264
0.00520139
0.00425224
0.00397717
0.00429582
0.00486082
0.00543671
0.00592055
0.00628526
0.00653499
0.00668895
0.00676237
0.00676269
0.00668983
0.00653636
0.00628702
0.00592264
0.00543903
0.00486306
0.00429736
0.00397703
0.00424996
0.00519983
0.00507405
0.00489576
0.00525348
0.00422541
0.00390145
0.00418168
0.00471257
0.00525626
0.00570925
0.00604566
0.00627292
0.00641094
0.00647588
0.00647623
0.00641192
0.00627448
0.00604772
0.00571172
0.00525902
0.00471523
0.00418346
0.00390104
0.00422203
0.00525064
0.00489894
0.00213259
0.0049057
0.00695184
0.00862874
0.00994375
0.0106798
0.0108783
0.0109183
0.0112305
0.0116615
0.0120671
0.0123433
0.0123432
0.0120668
0.0116602
0.0112264
0.0109061
0.0108586
0.0106577
0.00992422
0.00861437
0.00694211
0.00489782
0.00212895
0.00183161
0.00241601
0.00450747
0.00637819
0.00802764
0.00946045
0.0106781
0.0116769
0.0124553
0.0130211
0.0133887
0.0135695
0.0135691
0.0133874
0.0130189
0.0124522
0.0116732
0.0106738
0.00945566
0.00802252
0.00637274
0.00450156
0.00241079
0.0018303
0.00509054
0.00452912
0.00457859
0.00530995
0.00639133
0.00753033
0.00856035
0.00941092
0.010067
0.0105384
0.0108411
0.0109888
0.0109891
0.0108418
0.0105394
0.0100683
0.00941228
0.00856178
0.00753185
0.00639303
0.00531179
0.00458023
0.00452991
0.00508926
0.00529071
0.0053697
0.00434598
0.00409624
0.00446878
0.00507572
0.00568016
0.0061842
0.00656504
0.00683051
0.00699652
0.00707633
0.00707656
0.00699713
0.00683145
0.00656625
0.00618562
0.00568172
0.00507725
0.00446992
0.0040963
0.00434451
0.00536892
0.00529154
0.00495549
0.00441551
0.00397475
0.00414176
0.00474342
0.00549358
0.00620575
0.00679663
0.00724503
0.0075589
0.00775531
0.00784949
0.00784988
0.00775644
0.00756068
0.00724738
0.00679945
0.00620889
0.0054968
0.0047463
0.00414355
0.00397476
0.00441425
0.00495549
0.00444826
0.00608922
0.00426649
0.00349979
0.00353637
0.00388247
0.00425753
0.00456068
0.00477641
0.00491853
0.00500443
0.00504656
0.00504709
0.00500625
0.00492155
0.00478028
0.00456503
0.00426204
0.00388657
0.00353886
0.00349775
0.00425507
0.00607084
0.00444952
0.00121406
0.00312514
0.00555218
0.00762371
0.00935811
0.0108529
0.0121139
0.0131508
0.0139719
0.0145827
0.0149868
0.0151873
0.0151879
0.0149885
0.0145853
0.0139748
0.0131535
0.0121158
0.0108535
0.00935706
0.00762136
0.00554829
0.00311995
0.00120925
0.00236687
0.00203196
0.00356393
0.00526585
0.00681701
0.00819028
0.00936795
0.0103356
0.0110877
0.0116311
0.011982
0.0121541
0.012154
0.0119818
0.0116308
0.0110872
0.010335
0.00936737
0.00818982
0.00681675
0.00526575
0.00356369
0.00203187
0.00236443
0.00594318
0.00495611
0.00447157
0.00445403
0.00485417
0.0054083
0.0059595
0.00646288
0.00691947
0.00733544
0.00770704
0.00798836
0.00800682
0.00776401
0.00741546
0.00700407
0.00653773
0.00601714
0.00544822
0.00487875
0.00446543
0.00447056
0.00494784
0.00594469
0.00474295
0.00466898
0.0038211
0.00358118
0.00384981
0.00436583
0.00496903
0.00560539
0.00625757
0.00690088
0.00748928
0.00793649
0.00798602
0.00761992
0.00707275
0.00643142
0.00575337
0.00507794
0.00443537
0.00388851
0.0035963
0.00381737
0.0046565
0.0047436
0.00539752
0.00496209
0.00439927
0.00461303
0.00531364
0.00616369
0.00696388
0.0076298
0.00814143
0.0085063
0.00873916
0.00885253
0.00885271
0.00873964
0.00850702
0.00814231
0.00763078
0.00696493
0.00616481
0.00531484
0.00461419
0.00440007
0.00496239
0.00539714
0.00155369
0.00205998
0.0042243
0.00646661
0.00840344
0.0100255
0.0113465
0.0123892
0.0131809
0.0137549
0.0141274
0.0143099
0.0143099
0.0141272
0.0137543
0.0131797
0.0123875
0.0113441
0.0100226
0.00840001
0.00646188
0.00422063
0.00205832
0.00155655
0.003993
0.0028433
0.00337175
0.00455539
0.00591339
0.00717721
0.00824464
0.00910341
0.00975403
0.0102138
0.0105047
0.010645
0.0106454
0.0105058
0.0102157
0.00975648
0.00910633
0.00824797
0.00718094
0.00591735
0.00455905
0.00337407
0.00284334
0.00399117
0.00392422
0.00361481
0.00338921
0.00371093
0.00434426
0.00505002
0.00569046
0.00620075
0.0065699
0.00681492
0.00696084
0.00702915
0.00702911
0.00696077
0.00681499
0.00657034
0.00620181
0.00569238
0.00505276
0.00434722
0.00371275
0.00338748
0.00360838
0.00392309
0.00216956
0.00344915
0.00523289
0.00673978
0.00802084
0.00911528
0.0100438
0.0108146
0.0114308
0.0118896
0.012194
0.0123465
0.0123463
0.0121934
0.0118884
0.011429
0.0108121
0.0100403
0.00911091
0.0080155
0.00673343
0.00522552
0.00344121
0.00216565
0.0009306
0.00202829
0.00251243
0.00335309
0.00406625
0.00450888
0.0048347
0.00516016
0.00551379
0.00588236
0.00622177
0.00645107
0.00645056
0.00622052
0.00588037
0.00551068
0.00515514
0.00482657
0.00449769
0.00406075
0.00336816
0.00253862
0.00201943
0.000925551
0.00551183
0.00678217
0.0056054
0.00592934
0.00705901
0.00857864
0.0102653
0.0119673
0.0135626
0.0149309
0.0159482
0.016497
0.016496
0.0159449
0.0149253
0.0135554
0.0119592
0.0102572
0.00857171
0.00705449
0.00592801
0.00560686
0.00678415
0.00550774
0.00555681
0.00682503
0.00542351
0.00550577
0.00642338
0.00766148
0.00894936
0.0101501
0.0111859
0.0120062
0.0125749
0.0128662
0.0128656
0.0125729
0.0120029
0.0111813
0.0101446
0.00894347
0.00765605
0.00641953
0.00550453
0.00542484
0.0068265
0.00555421
0.00179049
0.00328854
0.0051987
0.00681036
0.00816805
0.00932838
0.0103098
0.0111211
0.0117653
0.0122441
0.0125609
0.0127189
0.012719
0.012561
0.012244
0.0117651
0.0111204
0.0103085
0.00932613
0.00816472
0.00680584
0.00519318
0.00328255
0.00178703
0.00527797
0.004642
0.0040859
0.00400543
0.00433568
0.00480826
0.00525949
0.00563644
0.00593988
0.00617913
0.00636294
0.00648098
0.00649298
0.00639247
0.00621781
0.00597916
0.00567055
0.00528612
0.00482756
0.00434835
0.00401068
0.00408184
0.00463172
0.00527715
0.00467626
0.00449363
0.00499289
0.00610323
0.00747788
0.00885228
0.0100745
0.0110806
0.0118592
0.0124216
0.0127847
0.0129623
0.0129627
0.0127856
0.0124229
0.0118607
0.0110822
0.0100761
0.00885394
0.00747968
0.00610515
0.00499453
0.00449409
0.00467419
0.000580395
0.00268683
0.00554734
0.00795545
0.00991799
0.0115266
0.0128483
0.0139055
0.0147212
0.0153156
0.015703
0.015893
0.0158929
0.0157025
0.0153144
0.014719
0.0139019
0.012843
0.0115192
0.00990817
0.00794308
0.00553106
0.00267586
0.000583919
0.00359302
0.00319363
0.00444307
0.00614164
0.00787014
0.00944084
0.0107744
0.0118495
0.0126746
0.0132686
0.0136514
0.0138383
0.0138389
0.0136532
0.0132714
0.0126781
0.0118536
0.0107787
0.00944527
0.00787435
0.00614512
0.00444513
0.00319389
0.00359165
0.00476437
0.00435018
0.00386777
0.00396646
0.00450791
0.00520745
0.00587524
0.00642692
0.00684149
0.00712807
0.00730526
0.00738951
0.00738996
0.00730654
0.00713012
0.00684423
0.00643027
0.00587902
0.00521135
0.00451127
0.00396815
0.0038668
0.00434787
0.004765
0.00477384
0.00371679
0.00389716
0.00466637
0.0057114
0.0067847
0.00774702
0.0085397
0.00915176
0.00958973
0.0098688
0.0100038
0.0100042
0.00986995
0.00959155
0.00915414
0.00854254
0.00775019
0.00678804
0.00571472
0.00466932
0.00389916
0.00371712
0.00477274
0.00484154
0.00511476
0.004173
0.00385444
0.00412243
0.00464366
0.00518193
0.00563234
0.00596769
0.00619509
0.00633348
0.00639879
0.00639917
0.00633456
0.00619681
0.00596997
0.00563511
0.00518502
0.00464666
0.00412442
0.00385396
0.00416942
0.00511212
0.00484413
0.00477012
0.00443422
0.00378142
0.00363229
0.00389878
0.00431429
0.00470975
0.00502319
0.00524874
0.00540239
0.00550162
0.0055541
0.00555662
0.00550793
0.00541097
0.00525785
0.00503179
0.00471748
0.00432099
0.00390367
0.00363317
0.00377535
0.00442282
0.00476734
0.00382453
0.00292989
0.00316676
0.00396565
0.00497621
0.00597361
0.00685752
0.00757639
0.00812015
0.0085011
0.00873999
0.00885523
0.00885553
0.00874087
0.00850258
0.00812227
0.00757919
0.00686103
0.00597777
0.00498067
0.00396953
0.0031681
0.00292786
0.00382234
0.00470054
0.00475774
0.00372281
0.00333276
0.00346518
0.00381144
0.00418
0.00449769
0.00475142
0.0049482
0.00509207
0.00517859
0.00518485
0.00510773
0.00496926
0.00477283
0.00451658
0.00419533
0.00382302
0.00347239
0.00333318
0.00371358
0.00474336
0.00469699
0.00505775
0.00453696
0.00389165
0.00374232
0.00401176
0.00444249
0.00487136
0.00524107
0.00554662
0.00579687
0.00599356
0.00612313
0.00613498
0.00602324
0.0058354
0.00558543
0.00527461
0.0048974
0.00446114
0.00402363
0.00374661
0.00388662
0.0045257
0.00505632
0.0046371
0.00483071
0.00375823
0.00335109
0.00349051
0.00386593
0.0042839
0.00467038
0.00501034
0.00530468
0.00554209
0.00569919
0.00571258
0.0055752
0.00534901
0.00505415
0.0047075
0.00431231
0.00388584
0.00350232
0.00335311
0.0037484
0.00481598
0.0046336
0.00567621
0.00482066
0.00429135
0.00423785
0.00460165
0.00512308
0.00564626
0.00612643
0.00656485
0.00696568
0.00732685
0.00760803
0.00762565
0.00738277
0.00704363
0.0066467
0.00619822
0.00570099
0.00516032
0.00462434
0.00424804
0.00428956
0.00481174
0.00567735
0.00360426
0.00276111
0.00310388
0.00397539
0.00501451
0.00603091
0.00693338
0.00767091
0.00823116
0.00862482
0.00887173
0.0089907
0.00899097
0.00887254
0.0086262
0.00823317
0.00767362
0.00693685
0.00603509
0.0050191
0.00397954
0.00310559
0.0027593
0.0036017
0.00346691
0.0028419
0.00316174
0.00395884
0.00491129
0.00586908
0.00671918
0.00740785
0.00792265
0.00827699
0.00849551
0.00859996
0.00860009
0.0084959
0.00827776
0.00792397
0.00740992
0.00672215
0.00587293
0.00491565
0.00396264
0.00316323
0.00283943
0.00346514
0.00286019
0.00577907
0.00718105
0.00907945
0.01158
0.0144895
0.0174839
0.020286
0.0227191
0.024743
0.0263057
0.0272525
0.027251
0.0263003
0.024734
0.0227072
0.0202725
0.0174711
0.0144797
0.0115757
0.00907981
0.0071815
0.00577645
0.00285557
0.00442762
0.00351946
0.00347136
0.00400807
0.00487705
0.00580327
0.00663261
0.00730478
0.00781013
0.00816248
0.00838232
0.00848752
0.00848799
0.00838369
0.0081647
0.00781314
0.00730851
0.00663694
0.00580798
0.00488164
0.00401143
0.00347206
0.00351762
0.0044264
0.00466982
0.0041853
0.00378962
0.00391638
0.00446688
0.00517187
0.00584459
0.00640136
0.00682089
0.0071118
0.00729227
0.00737847
0.00737893
0.00729358
0.0071139
0.00682372
0.00640485
0.00584857
0.00517602
0.00447048
0.00391819
0.00378867
0.00418308
0.00466997
0.00241429
0.00202764
0.00334357
0.00498314
0.00655201
0.0079538
0.00916127
0.0101434
0.0108922
0.0114167
0.0117448
0.0119024
0.0119023
0.0117446
0.0114165
0.0108925
0.0101445
0.00916313
0.00795645
0.00655529
0.00498671
0.0033468
0.00202789
0.0024109
0.00329325
0.00250143
0.00307166
0.00413471
0.00530206
0.0064247
0.00741331
0.00822164
0.00883785
0.00927206
0.00954464
0.0096764
0.00967661
0.00954526
0.00927316
0.00883952
0.00822402
0.00741651
0.00642873
0.00530671
0.0041392
0.00307435
0.00250023
0.00329005
0.00533226
0.00480408
0.00408545
0.00392622
0.0042558
0.00484117
0.00553993
0.00630368
0.00710908
0.00791523
0.00866665
0.00926888
0.00929832
0.00878701
0.00810975
0.00733289
0.00651003
0.00569895
0.0049452
0.00431393
0.00395127
0.00408771
0.00479596
0.0053371
0.00338088
0.00514593
0.00725307
0.00924713
0.0110945
0.0127138
0.0140451
0.0151003
0.0159216
0.01654
0.0169662
0.0171912
0.0171919
0.0169678
0.0165419
0.0159231
0.0151006
0.0140433
0.0127098
0.011089
0.00924225
0.00724896
0.00514057
0.00337615
0.00467561
0.00525057
0.00415988
0.00377072
0.00399469
0.00447775
0.00497894
0.00539392
0.00569769
0.00590001
0.00602083
0.00607699
0.00607736
0.00602193
0.00590181
0.00570017
0.00539691
0.00498231
0.00448102
0.00399681
0.00376986
0.00415484
0.00524588
0.00468046
0.00442119
0.00627719
0.00433724
0.00352376
0.00354821
0.00389589
0.00427775
0.00458913
0.00481236
0.00495923
0.00504657
0.00508768
0.00508805
0.00504782
0.00496128
0.00481505
0.00459224
0.00428105
0.003899
0.00355002
0.00352141
0.00432578
0.00625883
0.00442769
0.00266354
0.00211626
0.00330501
0.00490448
0.00644595
0.00781682
0.00898745
0.00994065
0.0106734
0.0111975
0.0115326
0.0116958
0.0116958
0.0115328
0.0111977
0.0106738
0.00994132
0.00898843
0.0078182
0.00644777
0.00490644
0.00330736
0.00211625
0.00266026
0.00459928
0.00469089
0.00379256
0.00351717
0.00376926
0.00427249
0.00485887
0.00547596
0.00611011
0.00674016
0.00731346
0.00774058
0.00778944
0.00744283
0.00690881
0.00627748
0.00561489
0.00495851
0.00433432
0.00380281
0.00352934
0.00378738
0.00467809
0.00459945
0.00412987
0.00338383
0.00334401
0.0038259
0.00462915
0.00548654
0.00625834
0.00688473
0.00735474
0.00768017
0.00788198
0.00797869
0.00797906
0.00788306
0.00768197
0.00735728
0.00688803
0.00626232
0.00549103
0.00463359
0.00382902
0.00334404
0.00338116
0.00412885
0.00566086
0.00498892
0.0043099
0.00418352
0.0045529
0.0051833
0.00592933
0.00673914
0.00758442
0.00841685
0.00917805
0.00978304
0.00981338
0.00930602
0.00862171
0.00782174
0.00696084
0.00610268
0.00529838
0.00461813
0.00421236
0.00431397
0.00498181
0.00566612
0.00370036
0.00300931
0.00318908
0.00389862
0.00480894
0.00573407
0.00655679
0.00722286
0.00772069
0.00806414
0.00827636
0.00837794
0.00837809
0.00827683
0.00806502
0.00772211
0.00722497
0.00655971
0.00573779
0.00481307
0.00390211
0.00318998
0.00300636
0.00369883
0.00441245
0.00444805
0.00374803
0.0036642
0.00406394
0.00464331
0.00520252
0.00565662
0.00598734
0.00620719
0.00633798
0.00639844
0.00639873
0.00633886
0.00620867
0.00598945
0.00565939
0.00520586
0.00464693
0.00406697
0.00366477
0.00374437
0.00444175
0.00441436
0.00553418
0.00673583
0.00560202
0.00593886
0.0070555
0.00855775
0.010234
0.0119364
0.0135457
0.0149404
0.0159891
0.0165588
0.0165578
0.0159857
0.0149348
0.0135386
0.0119284
0.0102261
0.00855102
0.00705116
0.00593765
0.00560347
0.00673765
0.00552978
0.00447811
0.00419406
0.0037228
0.00376674
0.00424896
0.00489578
0.00551603
0.00602532
0.00640378
0.00666169
0.006819
0.00689325
0.00689364
0.00682014
0.00666357
0.00640638
0.00602861
0.00551988
0.00489986
0.00425243
0.00376802
0.0037206
0.00419054
0.00447922
0.00398704
0.00347034
0.00334416
0.00373539
0.00444977
0.00522604
0.00592845
0.00649703
0.00691767
0.00720384
0.00737846
0.00746145
0.00746164
0.00737906
0.00720492
0.00691935
0.00649941
0.00593158
0.0052298
0.00445357
0.00373792
0.0033433
0.00346621
0.00398663
0.00406844
0.00377021
0.0034154
0.00366188
0.00427517
0.00496121
0.00558743
0.00608742
0.00644878
0.00668827
0.00683076
0.00689721
0.00689722
0.00683082
0.00668853
0.00644942
0.00608867
0.0055895
0.00496396
0.00427807
0.00366358
0.00341326
0.00376333
0.00406737
0.0042814
0.00442258
0.00364919
0.00352912
0.00389355
0.00442305
0.00492588
0.00532649
0.0056129
0.00579888
0.00590708
0.00595592
0.00595591
0.00590721
0.00579923
0.00561364
0.0053278
0.00492787
0.00442545
0.00389578
0.00352926
0.00364441
0.00441287
0.00428083
0.00427814
0.00355729
0.00342198
0.00384713
0.00462236
0.00547195
0.00623419
0.00684907
0.00730916
0.00762664
0.00782282
0.00791638
0.00791677
0.00782397
0.00762855
0.00731182
0.00685246
0.00623821
0.00547641
0.00462671
0.00385007
0.00342178
0.00355442
0.00427757
0.00437439
0.00586942
0.00613075
0.00721739
0.00901614
0.0113581
0.0139915
0.0166901
0.0192888
0.0216205
0.0234812
0.0246089
0.0246073
0.0234759
0.0216119
0.0192778
0.0166778
0.0139794
0.0113484
0.00901126
0.00721726
0.00613307
0.00587125
0.00437016
0.00809865
0.0069082
0.00489017
0.0047617
0.005301
0.00605966
0.00689419
0.00773432
0.00852827
0.00921975
0.00974343
0.0100326
0.0100322
0.00974201
0.00921753
0.00852555
0.0077314
0.00689133
0.00605714
0.00529923
0.00476111
0.00489111
0.00690902
0.0080961
0.00489089
0.00620824
0.00597608
0.0067623
0.00826655
0.0102524
0.012495
0.0148014
0.0170218
0.0190007
0.0205534
0.0214587
0.0214573
0.0205488
0.0189932
0.0170124
0.014791
0.0124848
0.0102441
0.00826195
0.00676165
0.00597786
0.00620983
0.00488628
0.00124919
0.00208008
0.00261237
0.00276917
0.00256442
0.00237066
0.00230773
0.00234416
0.00243341
0.00253798
0.00262771
0.0026794
0.00267927
0.00262727
0.00253725
0.00243238
0.00234292
0.00230657
0.0023702
0.00256519
0.00277189
0.00261622
0.00208333
0.00125036
0.00524287
0.0065237
0.00583169
0.00639313
0.00770132
0.00943763
0.0113913
0.0133947
0.0153117
0.0170013
0.0183002
0.0190182
0.0190171
0.0182962
0.0169948
0.0153035
0.0133855
0.0113822
0.00943004
0.0076967
0.00639212
0.00583328
0.0065254
0.00523825
0.00823164
0.00684954
0.00491174
0.00481373
0.00535489
0.00610565
0.00692877
0.00775502
0.00853444
0.00921295
0.00972718
0.010012
0.0100116
0.00972586
0.00921089
0.00853192
0.00775233
0.00692612
0.00610329
0.00535323
0.00481318
0.00491269
0.00685024
0.00822901
0.000754559
0.00180674
0.00328772
0.00468344
0.00594967
0.00705535
0.00800274
0.00879469
0.00943128
0.00991236
0.0102378
0.0104055
0.0104064
0.0102404
0.0099163
0.00943622
0.00880022
0.00800844
0.00706082
0.00595459
0.0046876
0.00329083
0.00180822
0.000753348
0.000995517
0.00225846
0.00431976
0.00632407
0.00810391
0.00965407
0.0109804
0.0120818
0.0129584
0.0136147
0.0140529
0.014273
0.0142743
0.0140566
0.0136201
0.0129649
0.0120889
0.0109875
0.00966056
0.00810875
0.00632665
0.00432001
0.00225691
0.000994932
0.0030989
0.00363689
0.0054935
0.00746367
0.00933857
0.0110146
0.0124382
0.0135954
0.0144975
0.0151616
0.0156002
0.0158195
0.0158208
0.0156036
0.0151666
0.0145035
0.0136016
0.0124439
0.0110192
0.00934153
0.00746456
0.00549204
0.00363346
0.00309517
0.00375787
0.00435505
0.0058444
0.00762774
0.00945188
0.0111421
0.0125965
0.0137797
0.0146962
0.0153645
0.0158015
0.0160178
0.0160186
0.0158034
0.0153673
0.0146994
0.0137828
0.0125993
0.0111442
0.00945346
0.0076287
0.00584427
0.00435303
0.00375456
0.00433377
0.0057123
0.00676761
0.00829916
0.010076
0.0118312
0.0133912
0.0146857
0.0157028
0.0164531
0.0169489
0.0171961
0.0171961
0.0169489
0.0164528
0.0157018
0.0146838
0.0133884
0.0118281
0.0100735
0.00829842
0.00676782
0.00571078
0.0043304
0.00100304
0.00220374
0.00401959
0.00584934
0.00752371
0.00900942
0.0102897
0.0113565
0.0122086
0.0128478
0.0132755
0.0134916
0.0134932
0.0132797
0.0128542
0.0122167
0.0113656
0.0102991
0.00901839
0.00753137
0.00585484
0.00402179
0.00220327
0.00100224
0.00798614
0.00680982
0.00517062
0.00520501
0.00587634
0.00679998
0.00783093
0.00888101
0.00988277
0.0107613
0.0114303
0.0118028
0.0118023
0.0114286
0.0107587
0.0098796
0.00887765
0.00782766
0.00679711
0.00587441
0.00520442
0.0051715
0.00681053
0.0079835
0.00134586
0.00247398
0.00318395
0.00293205
0.00255962
0.00236844
0.00232424
0.00237416
0.00247344
0.00258643
0.00268321
0.00273904
0.0027389
0.00268279
0.00258579
0.00247256
0.00237312
0.00232334
0.00236819
0.00256078
0.00293355
0.0031878
0.00247673
0.0013464
0.00775715
0.00665434
0.00542092
0.00561598
0.00642305
0.00752188
0.00876292
0.0100373
0.0112625
0.0123422
0.0131665
0.0136295
0.0136289
0.0131645
0.0123392
0.011259
0.0100337
0.00875932
0.0075187
0.00642101
0.00561541
0.00542173
0.00665486
0.00775457
0.00307463
0.00381089
0.00566691
0.00761467
0.00947858
0.0111514
0.0125766
0.0137383
0.0146483
0.0153225
0.0157717
0.0159989
0.0160003
0.0157753
0.0153278
0.0146546
0.0137449
0.0125825
0.011156
0.0094814
0.00761541
0.00566529
0.00380725
0.00307087
0.00149381
0.00223209
0.00419927
0.0062799
0.008235
0.00997267
0.0114497
0.0126588
0.0136093
0.0143129
0.0147792
0.0150129
0.0150145
0.0147835
0.0143194
0.0136173
0.0126678
0.0114587
0.00998106
0.00824205
0.00628482
0.0042011
0.00223042
0.00149264
0.00235765
0.00314087
0.00498604
0.00679877
0.00852215
0.0100564
0.0113615
0.0124383
0.0132999
0.0139546
0.014402
0.014634
0.0146359
0.0144071
0.0139623
0.0133092
0.012448
0.0113704
0.0100631
0.00852579
0.00679896
0.00498252
0.00313565
0.00235341
0.0043394
0.00555019
0.00660075
0.00811986
0.00986399
0.0115749
0.0130861
0.0143314
0.0153025
0.0160133
0.0164791
0.0167095
0.0167096
0.0164793
0.0160132
0.0153019
0.01433
0.013084
0.0115724
0.009862
0.0081193
0.00660094
0.00554863
0.00433597
0.00281933
0.00470774
0.00683869
0.00861464
0.010139
0.0113974
0.012419
0.0132335
0.0138878
0.0144036
0.0147776
0.0149845
0.0149857
0.0147807
0.0144078
0.0138918
0.0132361
0.0124186
0.0113933
0.0101304
0.00860392
0.00682975
0.00469891
0.00281358
0.000738143
0.00197199
0.00351514
0.00492159
0.00612967
0.00717053
0.00804442
0.00876942
0.00935086
0.00978875
0.0100831
0.010234
0.0102347
0.0100849
0.00979142
0.00935418
0.00877307
0.00804808
0.00717386
0.00613237
0.00492383
0.00351732
0.00197375
0.000739494
0.00225882
0.00268511
0.00456313
0.00662956
0.00857163
0.0102994
0.0117652
0.0129567
0.0138833
0.0145599
0.0150063
0.0152289
0.0152303
0.01501
0.0145655
0.0138901
0.0129648
0.0117735
0.0103072
0.00857815
0.00663329
0.00456396
0.00268318
0.002257
0.00136821
0.00264976
0.0035832
0.0035929
0.00365538
0.00381084
0.00401903
0.00425858
0.00452614
0.00479916
0.00503805
0.00518963
0.00518889
0.00503625
0.00479655
0.00452273
0.00425438
0.00401424
0.00380637
0.003653
0.00359199
0.00358407
0.00265152
0.0013677
0.00133269
0.00205918
0.00277896
0.00326793
0.00366477
0.00402698
0.00447728
0.00496795
0.00546205
0.00592307
0.0063087
0.00653934
0.006539
0.00630745
0.00592094
0.00545893
0.00496468
0.00447402
0.00402429
0.0036638
0.00326891
0.00278075
0.00206072
0.00133344
0.00808754
0.00673315
0.00517101
0.00522605
0.00588898
0.00679332
0.00779999
0.00882188
0.00979477
0.010647
0.0112956
0.011658
0.0116575
0.0112941
0.0106447
0.00979193
0.00881888
0.00779703
0.00679069
0.00588721
0.00522551
0.00517189
0.00673373
0.00808485
0.000993873
0.00202589
0.00300678
0.00391407
0.00471352
0.00540557
0.00600772
0.00651536
0.00692703
0.0072391
0.00744807
0.00755331
0.00755348
0.00744848
0.00723971
0.00692771
0.00651589
0.00600784
0.00540537
0.00471327
0.00391403
0.00300704
0.00202686
0.000995308
0.00172412
0.00236242
0.00396076
0.00565702
0.00733977
0.00886705
0.0101845
0.0112794
0.012155
0.0128159
0.0132627
0.0134914
0.0134934
0.0132681
0.012824
0.0121651
0.0112906
0.0101958
0.00887716
0.00734743
0.00566071
0.00395873
0.00235765
0.00172015
0.00167778
0.00243201
0.00397597
0.00554231
0.00714939
0.00860896
0.00986445
0.0109043
0.0117357
0.0123643
0.0127913
0.013012
0.0130138
0.0127961
0.0123714
0.0117446
0.010914
0.00987381
0.00861688
0.00715464
0.00554365
0.00397096
0.00242645
0.00167347
0.00114385
0.00185973
0.00342292
0.00506549
0.00661684
0.00800896
0.00920799
0.0102025
0.0110005
0.0116008
0.0120036
0.0122079
0.0122094
0.0120077
0.0116071
0.0110084
0.0102112
0.00921682
0.00801697
0.00662325
0.00506964
0.00342454
0.00185918
0.00114087
0.00133954
0.00223677
0.00338798
0.00397647
0.00431704
0.00471399
0.00518439
0.00571414
0.00629386
0.00687911
0.00740864
0.00774814
0.0077476
0.00740689
0.00687622
0.00628941
0.00570945
0.00517922
0.00470906
0.00431364
0.00397355
0.00338751
0.00223754
0.00133978
0.0111667
0.00664774
0.0045931
0.00442518
0.00474477
0.00514972
0.00554902
0.00590807
0.00621503
0.0064679
0.00665628
0.00676138
0.00676131
0.00665603
0.0064675
0.00621451
0.00590747
0.00554838
0.00514907
0.00474425
0.00442503
0.00459374
0.0066485
0.0111658
0.0112645
0.00656385
0.00460347
0.0044687
0.00479123
0.00519134
0.00558282
0.0059307
0.00622383
0.00646293
0.00664016
0.00673893
0.00673888
0.00663995
0.0064626
0.0062234
0.00593019
0.00558227
0.00519076
0.00479075
0.00446856
0.00460401
0.00656454
0.0112637
0.00181936
0.00293453
0.00423107
0.00559376
0.00753365
0.0103692
0.013739
0.0170634
0.0201589
0.022804
0.0248475
0.0261004
0.0261016
0.02485
0.0228075
0.0201625
0.0170664
0.0137401
0.0103625
0.00753183
0.00559287
0.00423086
0.0029339
0.0018186
0.00322798
0.00439348
0.00505506
0.00600138
0.00748499
0.00924711
0.0111678
0.0131378
0.0149043
0.0161634
0.0170389
0.0175603
0.0175606
0.0170395
0.0161639
0.0149039
0.013137
0.0111676
0.00924515
0.00748409
0.00600128
0.00505526
0.00439292
0.00322771
0.0132199
0.00603413
0.00413898
0.00401166
0.00423136
0.00445525
0.00463168
0.00476235
0.00485784
0.00492843
0.00497679
0.005002
0.00500195
0.00497665
0.0049282
0.00485752
0.00476197
0.00463127
0.00445482
0.00423097
0.00401145
0.00413904
0.00603449
0.0132196
0.0132799
0.00598263
0.00417162
0.00407411
0.0043006
0.00452476
0.00470079
0.00483026
0.00492413
0.00499324
0.00504035
0.00506477
0.00506473
0.00504021
0.00499301
0.00492382
0.00482988
0.00470038
0.00452434
0.00430023
0.00407389
0.00417162
0.00598293
0.0132797
0.00609402
0.00570699
0.00554845
0.00609641
0.0071687
0.0084525
0.00980542
0.0111694
0.0123393
0.0131468
0.0137185
0.0140536
0.0140538
0.0137189
0.0131472
0.0123392
0.0111692
0.00980526
0.00845149
0.00716793
0.00609629
0.00554868
0.00570688
0.00609369
0.00923306
0.00657457
0.00557461
0.00571042
0.00626658
0.00682975
0.00726036
0.00756095
0.00775548
0.00789565
0.00799107
0.00804278
0.00804286
0.00799125
0.00789591
0.00775572
0.00756113
0.00726046
0.00682971
0.0062665
0.00571037
0.00557472
0.00657474
0.00923291
0.0133029
0.00611048
0.00429318
0.00417927
0.00438257
0.0045869
0.0047468
0.00486027
0.00494161
0.00500207
0.00504401
0.00506622
0.0050662
0.00504396
0.00500197
0.00494147
0.00486007
0.00474657
0.00458664
0.00438234
0.00417916
0.00429329
0.00611083
0.0133026
0.0132816
0.00604923
0.00431843
0.00422792
0.00443426
0.00463669
0.00479361
0.00490297
0.00498018
0.00503705
0.0050762
0.00509677
0.00509676
0.00507615
0.00503696
0.00498004
0.00490278
0.00479339
0.00463645
0.00443404
0.00422781
0.00431849
0.00604949
0.0132814
0.01134
0.0064348
0.00512478
0.00512335
0.00545436
0.00580683
0.00608817
0.00626386
0.00637705
0.00645773
0.00651229
0.00654126
0.0065413
0.00651238
0.00645786
0.00637718
0.00626396
0.00608822
0.00580679
0.00545431
0.00512332
0.00512487
0.00643499
0.0113398
0.00973998
0.0064163
0.00532278
0.00545693
0.0060344
0.0067673
0.0075344
0.00823107
0.00879607
0.00923875
0.00956757
0.00975548
0.00975551
0.00956754
0.00923869
0.00879591
0.0082308
0.0075341
0.0067668
0.00603393
0.00545689
0.0053232
0.0064167
0.00973924
0.0113779
0.00650981
0.00517731
0.00517207
0.00551424
0.00589471
0.00622217
0.00642585
0.00656274
0.00666266
0.006732
0.00676997
0.00677002
0.0067321
0.00666282
0.00656289
0.00642597
0.00622222
0.00589467
0.00551418
0.00517206
0.00517743
0.00651008
0.0113778
0.0136148
0.00551435
0.00409079
0.00410094
0.00434348
0.00454339
0.00468885
0.00479667
0.00487357
0.00492979
0.00496665
0.0049843
0.00498424
0.00496645
0.00492946
0.00487312
0.00479615
0.00468831
0.00454285
0.00434302
0.0041006
0.0040905
0.00551422
0.013615
0.0125693
0.00636652
0.00480449
0.00474128
0.00497831
0.00524117
0.00546019
0.00560359
0.00570231
0.0057751
0.00582621
0.00585417
0.00585419
0.00582628
0.0057752
0.00570241
0.00560365
0.00546021
0.00524113
0.00497826
0.00474129
0.00480466
0.00636679
0.0125691
0.0072526
0.00643276
0.0056511
0.00602062
0.00699361
0.00831555
0.00982634
0.0113903
0.0129093
0.0142558
0.0152832
0.0158651
0.0158644
0.0152808
0.0142524
0.0129053
0.0113863
0.00982234
0.00831195
0.0069914
0.00602005
0.00565183
0.00643306
0.00725011
0.00439806
0.00575928
0.00600504
0.00703631
0.00875706
0.0110131
0.0135577
0.0161685
0.0186894
0.0209642
0.0227894
0.0238977
0.0238961
0.0227841
0.0209558
0.0186788
0.0161567
0.0135462
0.011004
0.00875279
0.00703653
0.00600737
0.00576089
0.00439359
0.00369553
0.00511789
0.00587248
0.00717304
0.00915919
0.0117471
0.0146297
0.0175408
0.0203289
0.0228566
0.0249055
0.0261834
0.0261812
0.0248989
0.0228466
0.0203165
0.0175268
0.0146158
0.0117367
0.00915584
0.00717496
0.00587582
0.00511955
0.00369118
0.0124998
0.00629154
0.00478514
0.00472387
0.00495531
0.00520583
0.00541304
0.00554194
0.00562753
0.00568942
0.00573209
0.0057552
0.00575523
0.00573216
0.00568951
0.00562762
0.005542
0.00541307
0.00520579
0.00495526
0.00472386
0.00478525
0.00629179
0.0124996
0.0135157
0.00552175
0.00415969
0.00418882
0.00443862
0.00464042
0.00478736
0.00489689
0.0049749
0.00503217
0.00506972
0.00508759
0.00508752
0.00506951
0.00503183
0.00497445
0.00489636
0.00478682
0.00463986
0.00443815
0.00418847
0.00415936
0.00552157
0.0135159
0.00364059
0.00522916
0.00603124
0.00741433
0.00950655
0.0122115
0.0152206
0.0182601
0.0211593
0.0237632
0.0258563
0.0271458
0.0271438
0.0258498
0.0237529
0.0211463
0.0182454
0.0152061
0.0122003
0.00950237
0.00741584
0.00603471
0.0052312
0.00363641
0.00274882
0.00422567
0.00550263
0.00713904
0.00947418
0.0124809
0.0156907
0.0187725
0.0216031
0.024148
0.0262612
0.0276372
0.0276343
0.026254
0.0241373
0.0215895
0.0187559
0.0156735
0.0124691
0.00947415
0.00714515
0.00550746
0.00422739
0.00274443
0.00174965
0.0031084
0.0046378
0.00642972
0.00882055
0.0119661
0.0156436
0.0194698
0.0229271
0.0258857
0.0281557
0.0295161
0.0295142
0.0281488
0.0258747
0.0229134
0.0194518
0.0156272
0.011958
0.00881963
0.00643287
0.00463844
0.00310381
0.00174458
0.0139042
0.00568817
0.00419691
0.00414451
0.00430312
0.00442335
0.00449896
0.00454743
0.00458048
0.00460426
0.00462013
0.00462831
0.0046283
0.00462008
0.00460416
0.00458034
0.00454724
0.00449874
0.00442311
0.00430291
0.00414437
0.00419677
0.0056881
0.0139042
0.014085
0.00589706
0.00432225
0.00420718
0.00429678
0.00437945
0.00443297
0.00446094
0.0044764
0.00448649
0.00449291
0.00449608
0.00449608
0.00449292
0.0044865
0.00447641
0.00446094
0.00443296
0.00437942
0.00429674
0.00420715
0.00432224
0.00589709
0.0140849
0.00158928
0.00301088
0.00479883
0.0069079
0.00976278
0.0133204
0.0166829
0.0194217
0.0214772
0.023066
0.0243227
0.0251787
0.0251764
0.0243164
0.0230556
0.0214618
0.0193995
0.0166573
0.0133034
0.00976698
0.00692001
0.00480625
0.00301203
0.00158505
0.0137567
0.00569392
0.00425872
0.00421941
0.00438113
0.00450107
0.00457596
0.00462396
0.00465678
0.00468047
0.0046963
0.00470446
0.00470445
0.00469624
0.00468037
0.00465664
0.00462377
0.00457573
0.00450082
0.00438091
0.00421927
0.00425856
0.00569381
0.0137567
0.0125634
0.00541582
0.00436703
0.00448176
0.00477209
0.0049561
0.00506777
0.0051503
0.00521315
0.00526067
0.00529304
0.00531002
0.00530997
0.00529288
0.00526038
0.00521275
0.00514979
0.00506717
0.00495544
0.00477154
0.0044814
0.00436659
0.00541538
0.0125638
0.0123882
0.00549212
0.00447238
0.0045954
0.00489362
0.00507808
0.00518853
0.00527074
0.00533373
0.00538162
0.00541438
0.00543172
0.00543167
0.00541423
0.00538134
0.00533333
0.00527021
0.00518791
0.0050774
0.00489304
0.00459502
0.00447194
0.00549169
0.0123885
0.000566744
0.000537968
0.000535429
0.000506496
0.000449172
0.000480505
0.000805553
0.000921578
0.00049211
0.000368525
0.000349721
0.00032807
0.000293009
0.000260029
0.000260937
0.000393279
0.000684807
0.000532553
0.000400296
0.000432965
0.000504831
0.000536508
0.000540868
0.000571254
0.00956197
0.00548435
0.00491588
0.00529629
0.00589223
0.00624308
0.00645135
0.00661525
0.006745
0.00684571
0.00691541
0.00695282
0.00695272
0.00691507
0.00684507
0.0067441
0.00661407
0.00644998
0.00624157
0.005891
0.00529553
0.00491501
0.00548365
0.00956267
0.0019616
0.00225029
0.00274274
0.00328014
0.00377407
0.0042069
0.00458342
0.00490947
0.00518106
0.00538988
0.00552814
0.0055958
0.00559577
0.00552806
0.00538977
0.00518079
0.00490885
0.00458239
0.00420552
0.00377241
0.00327828
0.0027409
0.00224931
0.00196265
0.000861913
0.00107877
0.00120403
0.00136335
0.00153071
0.00166805
0.00178436
0.00188083
0.00195224
0.00200465
0.00203872
0.00205761
0.00205766
0.00203882
0.00200481
0.00195249
0.00188124
0.00178507
0.001669
0.00153187
0.00136458
0.00120505
0.00107971
0.000862674
0.00324064
0.00386214
0.00425281
0.00477016
0.00528063
0.00574636
0.006168
0.00653969
0.00684451
0.00707044
0.00721364
0.00727518
0.00727488
0.00721283
0.00706926
0.00684305
0.00653806
0.00616636
0.00574482
0.00527929
0.00476911
0.00425195
0.00386137
0.0032406
0.00100691
0.000787219
0.00169661
0.00260285
0.000646161
0.00042611
0.000773698
0.00117426
0.00149869
0.00167097
0.00169059
0.00170928
0.00164967
0.00137499
0.00101276
0.000668232
0.000405497
0.000246036
0.000172896
0.000295686
0.00101019
0.00113201
0.000699465
0.000996982
0.000101922
0.000103108
0.000113975
0.0001178
0.000115642
0.000112585
0.000111494
0.000121668
0.000145713
0.000170025
0.00016035
0.00013444
0.000132244
0.000142294
0.00016539
0.000194119
0.00022205
0.000244603
0.000263945
0.000282163
0.000300317
0.000320143
0.000349469
0.000471952
0.000892094
0.00113344
0.00127485
0.0014229
0.00155978
0.00167095
0.00176326
0.00183823
0.00189467
0.0019364
0.00196431
0.00198046
0.00198051
0.00196438
0.00193651
0.00189484
0.00183851
0.00176374
0.00167164
0.00156066
0.00142392
0.00127581
0.00113435
0.000892845
0.00944184
0.00564667
0.0050563
0.0054491
0.00606604
0.00641682
0.00661728
0.00677587
0.00690386
0.00700408
0.00707431
0.0071131
0.007113
0.007074
0.00700347
0.00690298
0.0067747
0.0066159
0.00641527
0.00606477
0.00544829
0.00505545
0.00564602
0.00944249
0.0135821
0.00564158
0.00434095
0.00428016
0.00437247
0.00443163
0.00446435
0.00448392
0.00449706
0.00450644
0.00451277
0.00451624
0.00451623
0.00451277
0.00450644
0.00449704
0.00448388
0.00446428
0.00443153
0.00437235
0.00428005
0.00434083
0.00564142
0.0135821
0.0143015
0.00550379
0.00415477
0.00411082
0.00419089
0.0042432
0.00426876
0.00427982
0.00428438
0.00428628
0.00428708
0.00428733
0.00428733
0.00428708
0.00428627
0.00428438
0.00427982
0.00426876
0.00424319
0.00419089
0.00411081
0.00415475
0.00550373
0.0143015
0.000805288
0.000501468
0.000984763
0.00185318
0.00157981
0.000293767
0.000298459
0.000590577
0.00092981
0.0011982
0.00131702
0.00130794
0.00117164
0.000934747
0.000670618
0.000439332
0.000271393
0.000168845
0.000162663
0.000686747
0.00105826
0.000742704
0.000443227
0.000779513
0.000773621
0.00113268
0.00134147
0.00143846
0.00141802
0.0013638
0.00134683
0.00137026
0.00141345
0.00145462
0.0014837
0.00149802
0.0014981
0.0014839
0.00145494
0.00141385
0.0013708
0.00134758
0.001365
0.00141993
0.00144121
0.00134417
0.00113474
0.000774592
9.90762e-05
6.40464e-05
7.73588e-05
9.1174e-05
0.000109671
0.00013438
0.000166576
0.000207728
0.000254165
0.000288029
0.000258779
0.000201994
0.000172509
0.000163931
0.000162053
0.000165737
0.000169713
0.000170921
0.000169076
0.000165112
0.000161158
0.00015899
0.000155476
0.00014369
0.0037181
0.00508719
0.00494366
0.00555497
0.00645764
0.00737998
0.00823045
0.00897687
0.00960385
0.0100899
0.0104205
0.0105897
0.0105895
0.01042
0.0100889
0.0096026
0.00897542
0.00822893
0.00737848
0.00645634
0.00555396
0.0049428
0.00508615
0.00371844
0.0020931
0.00211594
0.00388602
0.00549383
0.00691683
0.00818115
0.00928871
0.01022
0.010948
0.0114629
0.0117803
0.0119285
0.0119279
0.0117787
0.011461
0.0109463
0.0102188
0.00928797
0.00818068
0.00691651
0.00549355
0.00388519
0.00211421
0.00209248
1.70021e-05
2.50831e-05
0.000140611
0.000258715
0.00034804
0.000403905
0.000432471
0.000443614
0.000445612
0.000444858
0.000421997
0.000385563
0.000365954
0.00035279
0.000336005
0.000312402
0.000274702
0.000217034
0.000156947
9.62688e-05
6.68072e-05
0.000104913
0.000160589
0.000217503
0.000343333
0.000609918
0.000667669
0.000522542
0.000311528
0.000128365
3.66643e-05
2.80141e-05
2.97309e-05
3.32872e-05
3.46271e-05
3.17778e-05
2.61341e-05
2.06119e-05
1.71367e-05
1.76422e-05
2.3519e-05
4.41302e-05
0.000140896
0.000321304
0.000530065
0.000673879
0.000615526
0.000346435
0.000265654
0.000277118
0.00017968
5.49317e-05
7.32172e-06
2.59969e-05
8.04063e-05
0.000134569
0.00017067
0.000194792
0.0001952
0.000175955
0.000146621
0.000113434
7.96503e-05
4.79746e-05
2.2396e-05
7.76968e-06
5.86991e-06
1.68693e-05
6.49348e-05
0.000180519
0.000276024
0.000267137
8.68367e-05
5.3889e-05
1.31079e-05
2.82336e-05
6.78476e-05
0.00015487
0.00024208
0.000315701
0.00037312
0.00042093
0.000425874
0.000375771
0.000326958
0.00028623
0.00024964
0.000212996
0.000172601
0.000123923
7.86009e-05
5.64717e-05
7.82609e-05
0.000146394
0.000250183
0.000428534
1.82246e-05
8.08757e-06
3.5035e-05
0.000129309
0.000235672
0.000324266
0.000386573
0.000425912
0.000450389
0.000470766
0.000458392
0.000415029
0.000388169
0.000364361
0.000338087
0.000306306
0.000264149
0.000182436
6.06619e-05
1.2943e-05
8.42778e-05
0.000172844
0.000266629
0.000373885
2.01261e-05
6.31263e-05
0.000187601
0.000296874
0.000371846
0.000413381
0.000429283
0.00043051
0.00042523
0.00041847
0.000393244
0.000360444
0.000344476
0.000335941
0.000324535
0.00030783
0.000280482
0.000242587
0.000197886
0.000143893
9.22e-05
6.55082e-05
8.87997e-05
0.000122478
9.09524e-05
0.000189174
0.00024888
0.000275996
0.000285462
0.000280463
0.000264503
0.00024052
0.000213299
0.000188531
0.00016223
0.000145324
0.000142901
0.000146455
0.000163747
0.000195804
0.000228506
0.00025418
0.000269517
0.000274267
0.000270172
0.000261216
0.000254874
0.00027309
2.33186e-05
1.40535e-05
3.63605e-06
4.02955e-05
0.000124724
0.000226671
0.000314523
0.000379986
0.00042464
0.000455863
0.00045132
0.00040684
0.00036765
0.000332182
0.000297714
0.000261259
0.000218773
0.000152062
6.85761e-05
4.63574e-05
9.36225e-05
0.000180009
0.000294443
0.000406454
5.72021e-05
0.0001068
0.000143323
0.000169888
0.000187936
0.000192124
0.000180099
0.00015342
0.000118651
8.72977e-05
6.29144e-05
5.44033e-05
5.00621e-05
4.94617e-05
6.81366e-05
0.000105131
0.000147064
0.000183463
0.000207718
0.000218529
0.000218263
0.000212377
0.000210818
0.000239187
0.000244196
0.00142533
0.00179773
0.0018576
0.00176084
0.00161591
0.00145686
0.00129902
0.00115119
0.00102258
0.000923488
0.000862291
0.000861725
0.000922201
0.00102091
0.00114943
0.00129742
0.0014556
0.00161508
0.00176051
0.0018578
0.00179934
0.00143211
0.000257622
0.000362011
0.000409429
0.000774992
0.000909461
0.000919059
0.000896469
0.000886953
0.000913409
0.000968052
0.00102865
0.00107408
0.00110334
0.00110355
0.00107454
0.00102912
0.000968437
0.000913723
0.000887247
0.000896739
0.000919252
0.000909576
0.000775104
0.000409617
0.000362215
0.00356357
0.00291873
0.00298887
0.00320049
0.00340914
0.00358981
0.00374571
0.00388128
0.00399512
0.00408196
0.00413821
0.0041654
0.00416543
0.00413827
0.00408197
0.00399504
0.00388112
0.0037455
0.00358957
0.00340891
0.0032003
0.00298875
0.00291871
0.00356372
0.00549482
0.00407414
0.004198
0.00447634
0.00475865
0.00501666
0.00523489
0.00540566
0.00552975
0.00561264
0.00566224
0.00568374
0.00568364
0.00566197
0.00561221
0.00552918
0.00540493
0.00523401
0.00501568
0.00475772
0.00447558
0.00419748
0.00407387
0.0054944
0.00559673
0.00436023
0.00466044
0.00509707
0.00555619
0.00598522
0.00633043
0.00656843
0.00671373
0.00679594
0.00684294
0.00686078
0.00686042
0.00684206
0.00679474
0.00671231
0.00656675
0.00632841
0.00598294
0.00555399
0.00509529
0.00465923
0.00435957
0.00559564
0.0054961
0.00448129
0.00466539
0.00497992
0.00533181
0.00567119
0.0059437
0.00612545
0.00623164
0.00629161
0.00633023
0.00634845
0.00634809
0.00632938
0.0062905
0.00623037
0.00612401
0.00594199
0.00566927
0.00532995
0.00497838
0.00466426
0.00448054
0.00549503
0.00149975
0.00245554
0.00281364
0.00297465
0.00302844
0.00304504
0.0031252
0.00335521
0.00373261
0.00414596
0.00447146
0.00464533
0.00464468
0.00446963
0.00414325
0.0037297
0.00335301
0.00312412
0.00304467
0.00302817
0.00297416
0.00281305
0.00245496
0.00149934
0.00151112
0.00235517
0.0027817
0.00292278
0.00301213
0.00310973
0.00319174
0.00325669
0.00328492
0.00327818
0.00324949
0.0032141
0.00321386
0.00324898
0.00327751
0.00328412
0.00325578
0.00319069
0.00310877
0.00301132
0.00292212
0.00278136
0.00235509
0.00151106
0.00210206
0.00226771
0.00248649
0.00257577
0.00255731
0.00250842
0.00244366
0.00237399
0.00230307
0.00223654
0.00218051
0.00214385
0.00214361
0.00218007
0.00223603
0.00230255
0.00237353
0.00244331
0.00250826
0.00255737
0.00257603
0.00248705
0.00226877
0.00210587
0.000267539
0.00131746
0.00167529
0.00170351
0.00156907
0.00138362
0.00118456
0.000990012
0.000811923
0.000656791
0.00053393
0.000453892
0.000452406
0.000531162
0.000653435
0.000808813
0.000987484
0.00118265
0.00138239
0.00156851
0.00170358
0.00167695
0.00132417
0.000274113
0.000239301
0.000209991
0.000125044
3.03237e-05
1.83113e-05
7.84825e-05
0.000151033
0.000222328
0.000273484
0.000310127
0.000313101
0.000285564
0.000247028
0.000204893
0.00016107
0.000115807
7.08824e-05
3.17159e-05
1.28614e-05
1.85267e-05
5.00657e-05
0.000131806
0.000227461
0.000279895
1.75012e-05
9.25072e-06
6.59628e-05
0.000173678
0.000275139
0.000351415
0.000402082
0.00043475
0.000454792
0.000469632
0.000453795
0.000406915
0.000376975
0.000355318
0.000331944
0.000302717
0.000261177
0.000178471
7.45155e-05
2.20021e-05
7.89238e-05
0.000158447
0.000242693
0.0003588
0.00155981
0.00219415
0.00256695
0.00261679
0.00259352
0.00259796
0.00260111
0.00259425
0.00256857
0.00252322
0.00246791
0.00241257
0.00241229
0.00246734
0.00252251
0.00256776
0.00259338
0.00260025
0.0025972
0.00259289
0.00261625
0.00256665
0.00219408
0.00155978
0.00503566
0.00374374
0.00382764
0.0040801
0.00433588
0.00456777
0.00476678
0.0049284
0.00505159
0.0051376
0.00519038
0.0052141
0.00521405
0.00519023
0.00513735
0.00505122
0.00492789
0.00476616
0.00456709
0.00433522
0.00407956
0.0038273
0.00374357
0.00503549
0.000178595
0.00121617
0.00169974
0.00194676
0.00208554
0.00217062
0.00224034
0.00231963
0.00240785
0.00248919
0.00254701
0.00257842
0.00257857
0.00254733
0.0024895
0.00240807
0.00231979
0.00224049
0.00217076
0.00208562
0.00194677
0.00169975
0.00121619
0.000178696
0.00512447
0.00434363
0.00460637
0.00498912
0.00541618
0.00582392
0.00614381
0.00635205
0.00647316
0.00654552
0.00659724
0.00662536
0.00662491
0.00659617
0.00654413
0.00647163
0.00635035
0.00614183
0.00582168
0.00541399
0.00498732
0.00460508
0.00434279
0.00512345
0.00454511
0.00417942
0.00453171
0.00497984
0.00547679
0.00594098
0.00628966
0.0065052
0.00663051
0.00671741
0.00679441
0.00684447
0.00684386
0.006793
0.00671565
0.00662871
0.00650338
0.00628764
0.00593867
0.00547448
0.00497792
0.00453033
0.00417851
0.00454429
0.00388689
0.00384089
0.00425271
0.00470598
0.00519088
0.00561804
0.00590401
0.00605216
0.00613613
0.00622071
0.00632315
0.00639701
0.00639623
0.00632137
0.00621861
0.00613422
0.00605055
0.00590242
0.00561617
0.00518889
0.00470425
0.00425142
0.00384002
0.00388632
0.000913359
0.00154158
0.0018296
0.00204809
0.00228619
0.00264
0.00313634
0.00367863
0.00413681
0.00445911
0.004647
0.00472556
0.00472536
0.00464641
0.00445811
0.00413538
0.00367688
0.00313464
0.0026389
0.00228573
0.00204783
0.00182927
0.00154105
0.000913172
0.00109387
0.00247112
0.00328909
0.00400149
0.00462664
0.00508071
0.00532756
0.00543935
0.00545401
0.00542218
0.00527416
0.00513447
0.0051342
0.00527379
0.00542233
0.00545404
0.00543906
0.00532679
0.00507964
0.00462537
0.0040006
0.00328879
0.00247172
0.00109423
0.00188145
0.00239275
0.00276919
0.00283274
0.00279836
0.00279514
0.00279327
0.00278646
0.00276525
0.00272716
0.00267895
0.00262794
0.00262764
0.00267834
0.00272639
0.00276438
0.00278555
0.00279239
0.00279435
0.00279772
0.0028322
0.00276886
0.00239261
0.00188141
0.00228407
0.00269763
0.00306807
0.00319375
0.00320994
0.00324121
0.00326956
0.00329158
0.00329861
0.00328845
0.00326514
0.00323507
0.00323481
0.00326458
0.00328772
0.00329776
0.00329068
0.00326868
0.00324042
0.00320928
0.00319322
0.00306772
0.00269745
0.00228404
0.00272403
0.00291571
0.00325246
0.00341856
0.00348235
0.00354083
0.00358972
0.0036291
0.00365168
0.00365596
0.00364537
0.00362604
0.00362582
0.00364485
0.00365527
0.00365087
0.00362823
0.00358886
0.00354005
0.00348168
0.00341804
0.00325209
0.00291548
0.00272401
0.00308251
0.00293657
0.00315678
0.00326295
0.00327885
0.00328009
0.00326972
0.00325365
0.00323065
0.00320256
0.00317298
0.00314886
0.00314868
0.0031726
0.00320207
0.00323011
0.00325308
0.00326917
0.00327961
0.00327847
0.00326268
0.00315662
0.00293652
0.00308272
0.00279607
0.00258447
0.0027853
0.00287426
0.00286736
0.00284056
0.00280113
0.00275727
0.00271012
0.00266335
0.00262144
0.00259184
0.00259165
0.00262109
0.00266292
0.00270965
0.00275682
0.00280073
0.00284027
0.0028672
0.0028742
0.00278539
0.00258476
0.00279696
0.00245756
0.00248535
0.00271532
0.00279587
0.00276411
0.00270981
0.00264492
0.00257781
0.00251077
0.00244816
0.00239515
0.00235981
0.0023596
0.00239477
0.00244772
0.00251032
0.00257739
0.00264459
0.00270962
0.00276411
0.00279601
0.0027157
0.00248606
0.00245938
0.00132765
0.00199833
0.00231199
0.00239851
0.00234196
0.00224821
0.00214178
0.0020342
0.00193075
0.00183798
0.00176329
0.00171664
0.00171635
0.0017627
0.00183727
0.00193003
0.00203354
0.00214132
0.00224802
0.00234215
0.00239902
0.00231314
0.00200098
0.00133533
0.0031094
0.00350107
0.00394359
0.00434615
0.0047254
0.00500524
0.00513772
0.0051785
0.00522958
0.00534408
0.00549783
0.00560866
0.00560783
0.00549589
0.00534179
0.00522765
0.00517727
0.00513691
0.00500433
0.00472421
0.00434495
0.00394259
0.00350033
0.003109
0.00131336
0.00278241
0.00334557
0.00365761
0.00395173
0.004231
0.00445338
0.004585
0.00462532
0.00460078
0.00454278
0.00448286
0.00448261
0.00454225
0.0046001
0.00462448
0.00458394
0.00445212
0.00422976
0.00395061
0.00365676
0.00334516
0.00278241
0.00131339
0.00286293
0.00285057
0.00310984
0.00320354
0.0031985
0.00319043
0.00317731
0.00316113
0.00313817
0.00310921
0.0030793
0.00305343
0.00305325
0.00307891
0.0031087
0.00313757
0.00316049
0.0031767
0.00318987
0.00319805
0.0032032
0.00310962
0.00285047
0.00286296
0.00303569
0.00285734
0.00307193
0.00315978
0.00315174
0.00312909
0.00309693
0.00306129
0.00302198
0.00298146
0.00294367
0.00291568
0.00291551
0.00294331
0.00298102
0.00302149
0.0030608
0.00309647
0.0031287
0.00315146
0.0031596
0.00307187
0.00285741
0.00303603
0.000577923
0.00162731
0.00197152
0.00205042
0.00198435
0.00187143
0.00174186
0.00161042
0.00148469
0.00137289
0.00128524
0.00123127
0.00123089
0.00128436
0.00137177
0.00148352
0.00160934
0.00174103
0.00187094
0.00198429
0.0020508
0.00197303
0.00163238
0.000588868
0.000259733
0.00132373
0.00167069
0.00171649
0.00161021
0.0014552
0.00128567
0.00111836
0.000964656
0.000831728
0.000728964
0.000664654
0.000663884
0.000727334
0.000829642
0.000962517
0.00111646
0.00128414
0.00145418
0.00160974
0.00171659
0.00167222
0.00133018
0.000270205
0.000330958
0.000723089
0.00086663
0.000759719
0.000550022
0.000329325
0.00015048
4.34074e-05
3.79539e-05
4.16925e-05
3.8328e-05
3.26141e-05
2.70832e-05
2.39023e-05
2.41228e-05
2.53411e-05
5.43479e-05
0.000159511
0.000335802
0.000555063
0.000764128
0.000871184
0.000728923
0.00033479
0.00294638
0.00294847
0.00317324
0.00325292
0.00322857
0.00319043
0.00314424
0.00309604
0.00304615
0.00299736
0.00295383
0.00292291
0.00292273
0.00295347
0.00299692
0.00304567
0.00309557
0.00314382
0.00319009
0.00322836
0.00325281
0.00317326
0.00294865
0.00294684
0.0030661
0.00287737
0.00309354
0.00319252
0.00319896
0.00318969
0.00316907
0.00314344
0.00311213
0.00307746
0.00304332
0.00301686
0.00301668
0.00304295
0.00307698
0.0031116
0.0031429
0.00316855
0.00318925
0.00319862
0.00319229
0.00309342
0.00287738
0.00306637
0.00564941
0.00410474
0.00430403
0.00464913
0.00500096
0.00532496
0.00559364
0.0057933
0.00592855
0.00601273
0.00606126
0.00608052
0.00608033
0.00606078
0.00601204
0.00592768
0.00579223
0.00559234
0.00532351
0.00499955
0.00464798
0.00430325
0.00410431
0.00564867
0.00575469
0.00447362
0.00469302
0.00505842
0.0054369
0.00578757
0.00607424
0.00628048
0.00641439
0.00649475
0.00654093
0.00655927
0.00655902
0.0065403
0.00649387
0.0064133
0.00627916
0.00607264
0.00578578
0.00543518
0.00505701
0.00469204
0.00447307
0.00575378
0.00106217
0.00188553
0.00214118
0.00223126
0.00228967
0.0024302
0.00274325
0.00320351
0.00370499
0.00412912
0.0044118
0.00454507
0.00454463
0.00441053
0.00412713
0.00370257
0.00320125
0.00274174
0.00242954
0.00228947
0.00223096
0.00214066
0.00188484
0.00106187
0.000312781
0.000469627
0.000421298
0.000234696
7.73693e-05
1.8481e-05
1.25728e-05
2.78152e-05
4.5791e-05
5.76567e-05
5.85556e-05
5.13027e-05
3.9483e-05
2.68309e-05
1.62831e-05
9.507e-06
6.75472e-06
8.43292e-06
2.31732e-05
8.77029e-05
0.000245728
0.000429565
0.000474512
0.000312577
0.000259537
0.000321514
0.00022242
7.68516e-05
1.19886e-05
1.58016e-05
5.65515e-05
0.00010409
0.000137535
0.000158721
0.000158619
0.000141601
0.000115366
8.55771e-05
5.61988e-05
3.07385e-05
1.29091e-05
5.25741e-06
5.98619e-06
2.03753e-05
8.45255e-05
0.000224305
0.000321189
0.000258644
0.000237745
0.000242629
0.000145604
3.46448e-05
5.22407e-06
6.02471e-05
0.000131025
0.00019872
0.00024415
0.000273292
0.000272664
0.000248308
0.00021373
0.00017445
0.000132413
8.90893e-05
4.81773e-05
1.71671e-05
8.30303e-06
1.68576e-05
5.18262e-05
0.000147313
0.000249058
0.000259894
0.000230021
0.000188351
0.000110765
2.62604e-05
3.3291e-05
9.093e-05
0.000163095
0.000238624
0.000297428
0.000345848
0.000355431
0.000321623
0.00027479
0.000226801
0.000180213
0.000134225
8.87843e-05
4.6514e-05
1.98767e-05
2.17199e-05
5.17391e-05
0.000127464
0.000222037
0.000298354
0.00017947
0.000123649
4.95635e-05
3.57498e-05
6.24984e-05
0.000119162
0.000210037
0.000289062
0.000343839
0.000393191
0.000399015
0.000361481
0.000318593
0.00027774
0.000236277
0.000191091
0.000140972
8.75263e-05
4.3178e-05
3.83266e-05
6.69108e-05
0.000139915
0.000242116
0.000390067
1.72793e-05
1.23633e-05
9.9427e-05
0.000214881
0.000311607
0.000378487
0.000419088
0.000441653
0.000453572
0.000461148
0.000441732
0.000398103
0.000371777
0.000354149
0.000333683
0.00030645
0.000265204
0.000189849
0.000112481
5.37463e-05
7.10094e-05
0.000139656
0.000212525
0.000302819
3.83297e-05
0.000181509
0.000293188
0.000360548
0.000392705
0.000396533
0.000380141
0.000353226
0.00032329
0.000297523
0.000269461
0.000252868
0.000250848
0.000254087
0.000261877
0.000278747
0.000295341
0.000304048
0.000301896
0.000287386
0.000260948
0.000225866
0.000190306
0.000165313
0.00309421
0.00291076
0.00313507
0.00325737
0.00329289
0.003313
0.00331914
0.00331757
0.00330634
0.00328699
0.003263
0.00324133
0.00324115
0.00326261
0.00328647
0.00330575
0.00331695
0.00331853
0.00331246
0.00329244
0.00325704
0.00313484
0.00291065
0.00309437
0.00268655
0.00262266
0.00283737
0.00292166
0.00290207
0.00286215
0.00281109
0.00275689
0.00270109
0.00264753
0.00260089
0.00256885
0.00256866
0.00260053
0.00264709
0.00270063
0.00275646
0.00281072
0.0028619
0.00290197
0.00292168
0.00283757
0.00262309
0.00268768
0.00533306
0.00442817
0.00463903
0.00497975
0.0053615
0.00572793
0.00602012
0.00621537
0.00633194
0.0064015
0.00644887
0.00647381
0.00647341
0.00644793
0.00640027
0.00633054
0.00621379
0.00601828
0.00572585
0.00535948
0.00497809
0.00463783
0.00442738
0.00533202
0.00227566
0.00305832
0.00348152
0.00378168
0.00404375
0.00424366
0.0043606
0.00448298
0.00467979
0.00494134
0.00519102
0.00534567
0.00534501
0.00518931
0.00493908
0.00467765
0.00448151
0.00435982
0.00424314
0.00404312
0.00378109
0.00348093
0.00305778
0.00227525
0.00302944
0.00289623
0.00314329
0.00326565
0.00329388
0.00331023
0.00331506
0.00331329
0.00330189
0.00328183
0.00325684
0.00323383
0.00323364
0.00325642
0.00328128
0.00330126
0.00331262
0.0033144
0.00330964
0.00329339
0.00326527
0.00314302
0.00289609
0.00302953
0.000375623
0.00149601
0.00185614
0.0019262
0.00184747
0.00172097
0.0015786
0.00143539
0.00129962
0.00118061
0.00108885
0.00103249
0.00103206
0.00108784
0.00117929
0.0012982
0.00143409
0.00157757
0.00172033
0.00184729
0.0019265
0.0018577
0.00150252
0.000386809
0.000330247
0.00110079
0.00142055
0.00140091
0.00122196
0.000993797
0.000758289
0.000540658
0.00035479
0.000203263
9.18448e-05
3.02669e-05
2.89133e-05
8.68113e-05
0.000196323
0.000349328
0.000537065
0.000755952
0.000992614
0.00122171
0.00140142
0.00142265
0.00110744
0.000334739
0.0002857
0.000857912
0.00107099
0.000980022
0.000759167
0.000511213
0.000288505
0.000118713
2.07095e-05
2.47067e-05
2.81466e-05
2.42512e-05
2.00023e-05
1.69288e-05
1.40351e-05
3.18818e-05
0.000126022
0.000293529
0.000515368
0.000762907
0.0009837
0.00107535
0.000864773
0.000290023
0.00185195
0.00223136
0.00248076
0.00256922
0.00253697
0.00247212
0.00239249
0.00230926
0.00222665
0.00215059
0.0020877
0.00204734
0.00204707
0.00208722
0.00215003
0.00222608
0.00230876
0.00239213
0.00247197
0.00253711
0.00256958
0.00248152
0.00223281
0.00185697
0.00278315
0.00285794
0.00316759
0.00330429
0.00333675
0.00336422
0.0033837
0.00339635
0.00339633
0.00338363
0.00336458
0.00334251
0.0033423
0.00336413
0.00338302
0.00339559
0.00339556
0.00338293
0.00336352
0.00333616
0.00330383
0.00316728
0.00285776
0.00278315
0.00125272
0.00215523
0.00243624
0.00251094
0.00251922
0.00255208
0.00271509
0.00305027
0.00349778
0.00392803
0.00423924
0.00439554
0.00439499
0.00423767
0.00392562
0.00349504
0.00304799
0.00271383
0.00255164
0.00251901
0.00251056
0.00243569
0.00215458
0.00125234
0.00158375
0.00212311
0.00240508
0.00249249
0.00244695
0.00236668
0.00227277
0.00217651
0.00208268
0.00199761
0.00192832
0.00188454
0.00188426
0.00192778
0.00199698
0.00208205
0.00217592
0.00227237
0.00236653
0.00244715
0.00249294
0.00240604
0.00212505
0.00159019
0.00214736
0.00315475
0.0036801
0.00406274
0.00435398
0.0045213
0.00460315
0.00473554
0.00498574
0.00531701
0.00562323
0.00580743
0.00580663
0.00562115
0.0053142
0.00498302
0.00473368
0.00460226
0.00452087
0.00435339
0.00406201
0.00367942
0.00315419
0.00214693
0.00237584
0.00236481
0.00258103
0.00266511
0.0026431
0.00259531
0.00253444
0.00246999
0.00240463
0.00234313
0.00229092
0.00225618
0.00225597
0.00229052
0.00234267
0.00240416
0.00246956
0.00253411
0.00259512
0.00264311
0.00266526
0.00258142
0.00236557
0.00237818
0.00532486
0.00371287
0.0038154
0.00408805
0.00436545
0.00461903
0.00483488
0.00500552
0.00513091
0.00521539
0.00526614
0.00528806
0.00528797
0.0052659
0.00521503
0.00513041
0.00500487
0.00483409
0.00461815
0.00436461
0.00408735
0.00381493
0.00371262
0.00532452
4.50161e-05
2.86752e-05
5.45935e-06
2.6316e-05
9.12769e-05
0.000189685
0.000275983
0.000346386
0.000399293
0.000439509
0.000439462
0.000392542
0.000349269
0.000312046
0.000276664
0.000239147
0.000196541
0.000138888
7.72579e-05
5.78306e-05
8.99625e-05
0.000166032
0.000277334
0.000424385
0.00336305
0.00361351
0.00403361
0.00443812
0.00483604
0.00514675
0.00530895
0.00536028
0.00539673
0.00548206
0.00560885
0.00570321
0.00570237
0.00560693
0.00547983
0.00539486
0.005359
0.00530795
0.00514557
0.00483461
0.00443674
0.0040325
0.00361271
0.00336262
0.00257005
0.00325653
0.00371598
0.00408055
0.00439535
0.00461333
0.00471294
0.0047805
0.00490835
0.0051118
0.00533011
0.00547357
0.00547281
0.00532826
0.00510947
0.00490627
0.00477918
0.00471228
0.00461282
0.00439462
0.00407975
0.00371527
0.00325593
0.00256967
0.000294022
0.000738721
0.000859202
0.000711712
0.000465983
0.000229081
7.01494e-05
2.05778e-05
2.45239e-05
2.47392e-05
2.44997e-05
2.15053e-05
1.6933e-05
1.33736e-05
1.22781e-05
1.40239e-05
2.38376e-05
8.65426e-05
0.000242507
0.00047553
0.000718994
0.000865608
0.000745398
0.000297435
0.00560903
0.00411384
0.00427081
0.00458075
0.00489615
0.00518565
0.00542796
0.0056125
0.00574181
0.00582514
0.00587405
0.00589438
0.00589424
0.00587368
0.00582459
0.00574109
0.00561159
0.00542687
0.00518443
0.00489498
0.00457979
0.00427016
0.00411349
0.00560845
7.34308e-05
0.000199137
0.000282767
0.000326638
0.000344299
0.000340882
0.000324125
0.000299913
0.000273912
0.000250322
0.000222396
0.000200268
0.000195579
0.00019784
0.000210422
0.000237785
0.000264089
0.000282802
0.000291024
0.000288247
0.000275684
0.000257005
0.000240066
0.000243984
0.00134616
0.0018715
0.00216034
0.00238483
0.00255348
0.0026776
0.00278109
0.00288179
0.0029798
0.00306358
0.00312128
0.00315135
0.00315146
0.00312151
0.00306379
0.00297994
0.00288187
0.00278115
0.00267765
0.00255348
0.0023848
0.00216032
0.00187153
0.00134625
8.2688e-05
0.000166628
0.000217338
0.000243771
0.000255405
0.000251567
0.000234128
0.000205328
0.000170597
0.000138991
0.000112796
0.000100301
9.74776e-05
9.90128e-05
0.000118514
0.000155795
0.000195804
0.000229104
0.000250996
0.000261151
0.000261911
0.000257991
0.000257253
0.000268902
0.00178976
0.00303533
0.0052174
0.00706895
0.00865435
0.0100133
0.0111721
0.012129
0.0128809
0.013432
0.013792
0.0139689
0.0139684
0.0137902
0.0134291
0.0128768
0.012124
0.0111661
0.0100063
0.00864701
0.00706086
0.00520857
0.00302598
0.00178652
0.00196758
0.00267161
0.00466032
0.00635661
0.00783484
0.00913007
0.0102469
0.0111787
0.0119123
0.0124441
0.0127842
0.0129487
0.0129481
0.0127823
0.0124413
0.0119089
0.0111749
0.0102426
0.00912541
0.00783004
0.0063515
0.00465475
0.00266559
0.00196615
0.000150512
5.92879e-05
9.50906e-05
0.000146777
0.000214137
0.000293483
0.000389318
0.000511326
0.000644454
0.000761594
0.000845815
0.000800443
0.000576897
0.000360174
0.00023188
0.000145048
9.00771e-05
5.71719e-05
4.02316e-05
3.70606e-05
5.81932e-05
0.000122914
0.000262042
0.00092781
0.0071352
0.00584441
0.00487733
0.00483392
0.00495967
0.00507741
0.00517392
0.00524864
0.00530379
0.00534332
0.00537055
0.00538858
0.00538868
0.00537068
0.00534347
0.00530396
0.00524882
0.00517413
0.00507765
0.00495993
0.00483419
0.0048776
0.00584463
0.00713514
0.000583314
0.000422775
0.000426142
0.000456559
0.000616287
0.00105713
0.000787135
0.000316719
0.000270834
0.000348575
0.000412963
0.000412476
0.000355411
0.000275969
0.000204846
0.000169621
0.000228024
0.000545233
0.000621748
0.000467113
0.000420556
0.000420399
0.00042402
0.000586423
0.00222155
0.00505738
0.00643984
0.00752108
0.00844536
0.0092654
0.010206
0.0113136
0.0124528
0.0134027
0.0140391
0.0143488
0.0143479
0.0140363
0.0133981
0.0124469
0.0113078
0.0102019
0.00926316
0.00844411
0.00751982
0.00643898
0.00505692
0.00222104
0.00332195
0.00526668
0.00660198
0.00791107
0.00914902
0.0101002
0.0106842
0.0110796
0.0114869
0.0119507
0.0123928
0.0126713
0.0126698
0.012389
0.0119459
0.0114824
0.0110763
0.0106819
0.010098
0.00914637
0.00790842
0.00660021
0.00526558
0.00332161
0.00527635
0.00275773
0.00312462
0.00367832
0.00423686
0.00475172
0.00517796
0.00548929
0.00569341
0.00581471
0.00588197
0.00590507
0.00590477
0.00588122
0.00581368
0.00569216
0.00548775
0.00517605
0.00474955
0.00423476
0.0036766
0.00312342
0.00275702
0.0052753
0.0010274
0.00129124
0.0015543
0.00189845
0.00220832
0.00247121
0.00270954
0.00291131
0.00306863
0.00318533
0.00326555
0.00331501
0.00331521
0.00326586
0.00318571
0.00306905
0.00291178
0.00271011
0.0024719
0.00220908
0.00189933
0.00155519
0.00129212
0.00102814
0.0119605
0.00595699
0.00478757
0.00471349
0.00481995
0.00488413
0.00492362
0.00495291
0.00497635
0.0049949
0.00500802
0.00501554
0.00501553
0.00500802
0.00499488
0.0049763
0.0049528
0.00492346
0.00488391
0.00481968
0.00471324
0.00478733
0.0059567
0.0119605
0.0136316
0.00592515
0.00452828
0.00440886
0.00445195
0.00448783
0.00450632
0.00451451
0.00451798
0.00451949
0.00452014
0.00452032
0.00452032
0.00452014
0.00451949
0.00451798
0.00451451
0.00450632
0.00448782
0.00445194
0.00440884
0.00452824
0.00592506
0.0136317
0.00499419
0.00550712
0.00414718
0.00407325
0.00454695
0.00512035
0.00565935
0.00612879
0.0065166
0.0068139
0.0070151
0.0071168
0.00711673
0.0070149
0.00681358
0.00651618
0.0061283
0.00565881
0.00511979
0.0045464
0.00407273
0.0041465
0.00550581
0.00499437
0.00412729
0.00477877
0.0044032
0.00482061
0.00549648
0.00616548
0.00676179
0.00727382
0.0076942
0.00801473
0.00822922
0.00833466
0.00833451
0.00822879
0.00801406
0.00769334
0.00727284
0.00676073
0.00616446
0.00549556
0.00481983
0.00440241
0.0047777
0.00412736
0.00676889
0.00587647
0.00455519
0.00453089
0.00502549
0.00563918
0.00624504
0.00679505
0.00725949
0.00761013
0.00783553
0.007944
0.00794384
0.00783503
0.00760934
0.00725847
0.00679386
0.00624376
0.0056379
0.00502434
0.00453013
0.0045548
0.00587581
0.00676921
0.00116042
0.00249874
0.00178888
0.0018185
0.00193969
0.00199609
0.00198268
0.00192513
0.00185754
0.00180979
0.00176499
0.00173737
0.00173732
0.00176476
0.0018095
0.00185719
0.00192412
0.00198201
0.0019958
0.00193975
0.00181867
0.00178704
0.00248998
0.00117799
0.000672341
0.00142407
0.00120651
0.00125551
0.00128701
0.00127129
0.00122163
0.00115611
0.00108176
0.00100966
0.000948665
0.000910162
0.000909851
0.000947885
0.00100866
0.00108076
0.0011552
0.00122096
0.00127085
0.00128686
0.00125563
0.00120628
0.00142197
0.000689829
0.00292936
0.00483449
0.00522033
0.00597429
0.00693277
0.00791235
0.00882861
0.0096411
0.0103265
0.0108562
0.011211
0.011388
0.0113877
0.01121
0.0108547
0.0103245
0.0096389
0.00882642
0.00791034
0.00693112
0.00597312
0.0052195
0.00483368
0.00292987
0.000343571
0.000597556
0.000740127
0.00066043
0.000486189
0.000300462
0.000148552
5.21211e-05
2.28126e-05
3.43004e-05
3.00629e-05
2.46377e-05
2.09272e-05
2.01035e-05
2.08919e-05
1.73893e-05
5.39798e-05
0.000151314
0.000303586
0.00048917
0.000663446
0.000743671
0.00060272
0.000347359
2.20588e-05
1.88763e-05
8.65789e-05
0.000163934
0.000226774
0.000270313
0.000299067
0.000321121
0.000340325
0.000355328
0.000338108
0.000285306
0.000256342
0.000242743
0.000229545
0.000212315
0.000184007
0.000135874
8.75422e-05
4.48104e-05
4.18739e-05
8.62331e-05
0.000143691
0.000309021
0.00517795
0.00389081
0.00411528
0.00446575
0.00485988
0.00523888
0.00553919
0.00573676
0.00585241
0.00592097
0.00596881
0.00599427
0.00599385
0.00596781
0.00591968
0.00585097
0.00573516
0.00553732
0.00523677
0.00485783
0.00446408
0.00411409
0.00389005
0.0051769
0.00034668
0.000514992
0.000583528
0.000468022
0.000288275
0.000129108
3.9519e-05
4.11009e-05
2.88233e-05
2.60194e-05
2.55841e-05
2.31673e-05
1.93774e-05
1.61045e-05
1.4935e-05
1.85372e-05
2.03305e-05
4.33384e-05
0.000135626
0.000294645
0.000473563
0.00058853
0.000520025
0.000350267
0.000304212
0.00118551
0.00149249
0.00154275
0.00145633
0.00132495
0.00117978
0.00103622
0.000904547
0.000791733
0.000705906
0.000653356
0.000652852
0.000704758
0.000790215
0.00090291
0.0010347
0.00117853
0.00132411
0.00145597
0.00154289
0.00149387
0.00119129
0.000316541
0.000100008
0.000128016
0.000168198
0.000186862
0.000192524
0.000188284
0.000180797
0.000175552
0.000175447
0.000174091
0.000151538
0.00012012
0.000109091
0.000106797
0.000118088
0.000142415
0.000166277
0.000184279
0.000194314
0.000196526
0.00019251
0.000185507
0.000184078
0.000276873
0.00542472
0.00344562
0.00355777
0.00383427
0.00411597
0.00437454
0.00459394
0.00476531
0.0048891
0.00497107
0.00501979
0.0050404
0.0050403
0.00501952
0.00497065
0.00488855
0.0047646
0.00459307
0.00437358
0.00411505
0.00383352
0.00355726
0.00344534
0.00542428
0.000276227
0.000153211
8.58042e-05
2.12715e-05
9.17852e-06
4.2555e-05
9.20535e-05
0.000144198
0.000182653
0.000210244
0.000212558
0.000191735
0.000162379
0.000130752
9.88923e-05
6.76353e-05
3.88613e-05
1.6581e-05
5.89065e-06
7.58495e-06
2.79032e-05
8.52611e-05
0.000155932
0.00029844
5.44207e-05
1.43491e-05
4.43366e-06
1.93692e-05
7.19918e-05
0.000140335
0.000202508
0.000256916
0.000303552
0.000343425
0.000344903
0.000290731
0.000245139
0.000212038
0.000185147
0.000158613
0.000129296
8.70706e-05
3.97989e-05
2.80189e-05
4.95119e-05
0.000102848
0.000187765
0.000441268
0.000336743
0.00114382
0.00144369
0.00148093
0.00137875
0.00123201
0.00107335
0.000918807
0.000778684
0.000659465
0.000568686
0.000512454
0.000511744
0.000567192
0.000657505
0.000776622
0.000916932
0.00107182
0.00123097
0.00137824
0.00148097
0.00144507
0.00114948
0.000344728
0.000371143
0.00125697
0.00157533
0.00163646
0.00156064
0.0014412
0.00130843
0.00117639
0.00105267
0.000945463
0.000863528
0.000813494
0.000813098
0.000862591
0.000944232
0.00105133
0.00117514
0.00130743
0.00144055
0.00156042
0.0016367
0.00157674
0.00126282
0.000384121
0.000561702
0.00131766
0.00161505
0.00168305
0.001623
0.00151989
0.00140151
0.00128167
0.00116753
0.00106736
0.000990324
0.000943213
0.000942881
0.000989536
0.00106634
0.00116641
0.00128064
0.0014007
0.0015194
0.0016229
0.00168337
0.00161638
0.00132243
0.000572754
0.00117565
0.00228603
0.00256459
0.00255857
0.00254136
0.00267755
0.00306385
0.00363983
0.0042651
0.0047931
0.0051447
0.00530909
0.00530844
0.00514288
0.00479033
0.00426183
0.00363683
0.00306188
0.00267682
0.00254139
0.0025585
0.00256411
0.00228512
0.00117531
0.00564172
0.00369528
0.00385961
0.0041735
0.00449459
0.00479068
0.00503751
0.00522282
0.00534998
0.00543016
0.00547668
0.00549549
0.00549533
0.00547626
0.00542955
0.0053492
0.00522184
0.00503634
0.00478937
0.00449333
0.00417248
0.00385891
0.00369489
0.00564103
0.00154965
0.00264081
0.00306498
0.00319759
0.00319036
0.00315645
0.00322656
0.00349896
0.00395268
0.00444516
0.00483022
0.00503486
0.00503402
0.0048279
0.00444179
0.00394907
0.00349623
0.00322529
0.00315618
0.00319028
0.0031972
0.0030644
0.00264015
0.0015492
0.00309337
0.00253295
0.00273189
0.00283332
0.00285139
0.00285365
0.00284392
0.00282841
0.00280613
0.00277905
0.00275071
0.0027277
0.00272753
0.00275036
0.0027786
0.00280561
0.00282787
0.00284341
0.0028532
0.00285103
0.00283306
0.00273174
0.0025329
0.00309359
0.00307445
0.00250251
0.00269812
0.00278722
0.00279037
0.00277886
0.00275738
0.00273174
0.00270143
0.00266856
0.00263667
0.00261224
0.00261208
0.00263633
0.00266813
0.00270095
0.00273125
0.00275692
0.00277847
0.00279007
0.00278702
0.00269802
0.00250253
0.00307472
0.00207839
0.0019731
0.00217197
0.00225407
0.00223488
0.00218654
0.00212376
0.00205689
0.00198944
0.00192664
0.00187413
0.00184004
0.00183982
0.00187372
0.00192615
0.00198895
0.00205645
0.00212344
0.00218639
0.00223495
0.00225433
0.00217253
0.00197412
0.00208238
0.00275545
0.00252606
0.0028335
0.00298095
0.00302877
0.00307131
0.00310533
0.00313153
0.0031434
0.00314035
0.00312849
0.00311027
0.00311006
0.00312803
0.00313973
0.00314265
0.00313073
0.00310454
0.00307059
0.00302816
0.00298047
0.00283316
0.00252586
0.00275543
2.37242e-05
9.63155e-06
6.16272e-05
0.000137167
0.000205065
0.000255758
0.000291302
0.000320363
0.000345297
0.000366032
0.000352029
0.00029554
0.00026265
0.000244829
0.000228315
0.000208492
0.00017849
0.000119847
5.95484e-05
2.22804e-05
4.69007e-05
9.96901e-05
0.000166159
0.000371008
0.00303461
0.0024837
0.00267933
0.00275915
0.00274948
0.00272598
0.00269406
0.00265931
0.00262167
0.00258341
0.00254811
0.00252222
0.00252206
0.00254778
0.00258301
0.00262123
0.00265886
0.00269364
0.00272563
0.00274923
0.002759
0.00267929
0.00248379
0.00303497
0.00279614
0.00228956
0.00247388
0.00255612
0.00254822
0.00252098
0.0024823
0.00243984
0.00239476
0.00235047
0.0023111
0.0022835
0.00228333
0.00231077
0.00235007
0.00239433
0.00243943
0.00248194
0.00252072
0.00254808
0.00255608
0.00247399
0.00228984
0.00279705
0.00248079
0.00214493
0.00233349
0.00241447
0.002401
0.0023632
0.00231226
0.00225729
0.00220064
0.00214672
0.00210043
0.0020693
0.00206911
0.00210007
0.00214629
0.00220021
0.00225689
0.00231193
0.00236301
0.00240097
0.00241457
0.00233378
0.0021455
0.00248276
0.00310851
0.00255326
0.00275538
0.00286495
0.00289402
0.00290842
0.00291055
0.00290611
0.00289351
0.00287415
0.00285119
0.00283098
0.00283081
0.00285083
0.00287368
0.00289297
0.00290555
0.00291
0.00290794
0.00289362
0.00286466
0.00275518
0.00255317
0.00310867
0.00182662
0.00188221
0.00211013
0.00219064
0.0021584
0.00209548
0.00201941
0.00194058
0.001863
0.00179211
0.00173392
0.00169685
0.0016966
0.00173347
0.00179159
0.00186247
0.00194011
0.00201907
0.00209535
0.00215854
0.002191
0.00211087
0.0018836
0.00183187
0.000269943
0.000139653
7.8183e-05
2.16647e-05
1.72163e-05
5.24237e-05
0.000104362
0.000161524
0.000206666
0.000243169
0.000249809
0.000224089
0.000188274
0.000151621
0.000116523
8.30272e-05
5.17744e-05
2.53766e-05
9.60317e-06
9.13242e-06
2.80705e-05
8.09215e-05
0.000150839
0.000312979
2.64027e-05
5.92916e-06
3.90918e-05
0.000108685
0.000179564
0.000236435
0.000277671
0.00030745
0.000332451
0.000357491
0.00034621
0.000292728
0.000264189
0.000244066
0.00022521
0.000203864
0.00017427
0.000115467
3.92309e-05
9.18296e-06
4.65347e-05
0.000103345
0.00017345
0.000407315
0.00535369
0.00395233
0.00414864
0.00447105
0.0048332
0.00518328
0.00546262
0.00564586
0.0057504
0.00580856
0.00584684
0.00586501
0.00586462
0.00584594
0.00580739
0.00574909
0.00564439
0.00546089
0.00518132
0.0048313
0.0044695
0.00414752
0.00395161
0.00535261
7.08578e-05
7.21498e-05
9.41874e-05
0.000107563
0.000112853
0.000110491
0.000104227
9.93979e-05
9.92415e-05
9.94159e-05
8.19051e-05
5.79299e-05
4.79954e-05
4.42987e-05
5.65055e-05
8.26768e-05
0.00011172
0.00013694
0.000155013
0.000165932
0.000171699
0.000176129
0.000188045
0.000282869
0.000285033
0.000203471
0.000130891
3.95289e-05
8.42446e-06
1.38022e-05
4.42701e-05
8.03639e-05
0.00010661
0.000125172
0.000126643
0.000113101
9.19416e-05
6.8512e-05
4.58802e-05
2.62947e-05
1.21255e-05
4.98667e-06
3.37326e-06
1.07968e-05
4.39114e-05
0.00013142
0.0002026
0.000283088
0.0032289
0.00327844
0.00372879
0.00415696
0.00457859
0.00490142
0.00505861
0.00509902
0.00513282
0.0052267
0.00536699
0.00546987
0.00546896
0.00536489
0.00522424
0.00513077
0.00509767
0.00505762
0.00490023
0.0045771
0.00415552
0.00372766
0.00327763
0.00322848
0.00156273
0.00178717
0.00204301
0.00212248
0.00207898
0.00200247
0.00191384
0.00182365
0.00173637
0.00165778
0.00159418
0.00155425
0.001554
0.00159369
0.00165719
0.00173578
0.0018231
0.00191346
0.00200232
0.00207916
0.0021229
0.00204392
0.00178901
0.00156936
0.00222245
0.00292582
0.00339902
0.00371817
0.00399186
0.00419021
0.0042945
0.00442112
0.00464585
0.00494803
0.00523436
0.00541004
0.00540926
0.00523237
0.0049454
0.00464335
0.00441942
0.00429366
0.00418973
0.00399124
0.00371757
0.00339839
0.00292524
0.00222202
0.00133684
0.00244553
0.00276643
0.00275702
0.00267675
0.002665
0.00285119
0.00326334
0.00381156
0.00433469
0.00471148
0.00489972
0.00489897
0.00470938
0.00433156
0.00380804
0.00326043
0.00284963
0.00266461
0.00267678
0.00275682
0.00276591
0.00244474
0.00133643
0.00526778
0.00338238
0.00345873
0.00371002
0.00396757
0.00420333
0.00440495
0.00456575
0.00468518
0.00476648
0.00481563
0.00483714
0.00483706
0.00481542
0.00476616
0.00468473
0.00456516
0.00440424
0.00420254
0.00396681
0.00370941
0.00345832
0.00338215
0.00526747
2.37107e-05
4.08444e-05
0.00011678
0.00019056
0.000244708
0.00027857
0.00029759
0.000310953
0.000323286
0.000332265
0.000311925
0.0002663
0.00024419
0.000234786
0.000225505
0.000212798
0.000190444
0.000156956
0.000118338
7.48813e-05
4.35292e-05
5.94021e-05
0.000101641
0.000220247
0.00248696
0.00305792
0.00356437
0.00395633
0.00428982
0.00450886
0.00459423
0.00465657
0.00479993
0.00503264
0.00528004
0.00544058
0.00543972
0.00527793
0.00502998
0.00479755
0.00465508
0.00459354
0.00450838
0.00428909
0.0039555
0.00356361
0.00305728
0.00248656
0.00558541
0.0036576
0.00378408
0.00406425
0.00435023
0.00461304
0.0048343
0.00500465
0.00512566
0.00520468
0.00525139
0.00527114
0.00527101
0.00525107
0.00520419
0.00512503
0.00500385
0.00483333
0.00461197
0.00434921
0.0040634
0.00378351
0.00365729
0.00558487
9.43049e-05
3.12642e-05
1.88754e-05
1.43517e-05
4.86124e-05
0.000116955
0.000181256
0.00024223
0.000295731
0.000344812
0.000352368
0.000294087
0.000240717
0.000201791
0.000171151
0.000143596
0.000114562
7.77405e-05
4.11096e-05
3.0754e-05
4.60202e-05
9.54046e-05
0.000177505
0.000449712
0.000360187
0.000591503
0.000701303
0.000596843
0.000408361
0.0002225
9.26351e-05
6.57178e-05
5.99911e-05
4.67277e-05
3.88544e-05
3.18082e-05
2.7093e-05
2.59549e-05
2.92719e-05
3.21786e-05
3.09048e-05
9.28224e-05
0.000227346
0.000413166
0.000601238
0.00070574
0.000596706
0.000363799
8.37291e-05
0.000129937
0.000185748
0.000215716
0.000227435
0.000225705
0.000216353
0.000207861
0.000203249
0.000198445
0.000174881
0.000148081
0.000139674
0.000139917
0.000149025
0.000169006
0.000187748
0.000199914
0.000203888
0.000199595
0.000188217
0.000173009
0.000163153
0.000236609
0.000947839
0.00142116
0.00171274
0.00192349
0.00207337
0.0021795
0.00226703
0.00235427
0.00244161
0.00251776
0.00257079
0.00259874
0.00259885
0.00257102
0.00251799
0.00244176
0.00235437
0.00226711
0.00217957
0.0020734
0.00192348
0.00171273
0.00142118
0.00094775
9.42585e-05
0.000104975
0.000134905
0.000147621
0.000150611
0.00014657
0.000139526
0.000133792
0.000132326
0.000130916
0.000110548
8.59968e-05
7.79241e-05
7.64985e-05
8.84847e-05
0.000113403
0.000140076
0.000162113
0.000176818
0.000184109
0.000185533
0.000184497
0.000188567
0.000281443
0.00167649
0.00282734
0.00503639
0.00691191
0.00852193
0.0099125
0.0110939
0.0120683
0.0128336
0.0133942
0.0137596
0.0139394
0.0139389
0.013758
0.0133914
0.0128297
0.0120634
0.0110881
0.00990595
0.0085147
0.0069038
0.00502783
0.00281862
0.00167388
0.00376684
0.00658931
0.00983451
0.0127355
0.0152671
0.0174129
0.0192123
0.020687
0.0218609
0.0227458
0.0233452
0.0236541
0.0236534
0.0233427
0.0227416
0.0218547
0.0206792
0.0192031
0.0174026
0.0152562
0.0127246
0.00982432
0.00658048
0.00376157
0.00259822
0.00544245
0.00681696
0.00795232
0.00890831
0.0096513
0.0103282
0.0111297
0.0120835
0.0130013
0.0136854
0.0140441
0.0140428
0.0136818
0.0129957
0.0120771
0.0111242
0.0103247
0.00964921
0.0089066
0.00795061
0.00681577
0.00544186
0.00259767
0.00525512
0.00281362
0.00325467
0.00386824
0.00448506
0.00505295
0.00552156
0.00586198
0.00608375
0.00621476
0.00628724
0.00631195
0.00631162
0.0062864
0.0062136
0.00608234
0.00586025
0.00551942
0.00505054
0.00448272
0.00386634
0.00325334
0.00281284
0.00525397
0.0058912
0.00592293
0.00442055
0.00435122
0.004817
0.00539359
0.0059529
0.00645424
0.00687451
0.00719469
0.0074058
0.00750987
0.00750973
0.00740537
0.00719401
0.00687362
0.0064532
0.00595178
0.00539246
0.00481598
0.0043505
0.00442011
0.00592209
0.00589132
0.00212958
0.00208153
0.00182713
0.00189223
0.00198867
0.00205022
0.00207159
0.0020704
0.00205309
0.00202847
0.00200355
0.00198594
0.00198582
0.00200323
0.00202806
0.00205266
0.00207001
0.00207129
0.00205005
0.00198865
0.00189222
0.00182665
0.00207943
0.00213756
0.000421591
0.000727481
0.000893222
0.000855779
0.00071017
0.000533479
0.00036332
0.000220463
0.000116406
5.17373e-05
3.38132e-05
3.24446e-05
2.98073e-05
2.5157e-05
4.38489e-05
0.000110566
0.000216756
0.000361246
0.000532639
0.000710241
0.000856581
0.000895107
0.000731872
0.000426036
0.0031074
0.00227059
0.00260198
0.00307151
0.00353052
0.00395825
0.00435495
0.00471825
0.00503635
0.00528988
0.00546245
0.00554802
0.00554823
0.00546295
0.0052906
0.005037
0.00471846
0.0043546
0.0039574
0.0035293
0.00306992
0.00260002
0.00226859
0.003108
0.00373834
0.00300649
0.00273053
0.00286489
0.00311003
0.00333999
0.00352048
0.00366066
0.00376286
0.00383167
0.00387035
0.00388473
0.00388462
0.00387004
0.00383125
0.00376235
0.00366012
0.00351992
0.00333946
0.00310956
0.00286442
0.00272985
0.00300538
0.003739
0.000375072
0.000103675
7.27329e-05
9.56378e-05
0.000128428
0.000173424
0.000258347
0.000462154
0.000707431
0.000912117
0.00111531
0.0012323
0.00113017
0.000911572
0.000642878
0.00037216
0.000220647
0.000202697
0.000254634
0.000364823
0.000535195
0.000688141
0.000716595
0.00120524
0.00301422
0.00373828
0.00373391
0.00440868
0.00554656
0.00691251
0.00850364
0.0101836
0.0115343
0.0119582
0.0105606
0.00783293
0.00766711
0.00935142
0.0112552
0.0124255
0.0121852
0.0105004
0.00820239
0.00611797
0.00461161
0.00379462
0.00376731
0.00303667
0.00669242
0.0059492
0.00597665
0.00710778
0.00881187
0.0105847
0.0122514
0.0137079
0.0148681
0.0157148
0.0162611
0.016528
0.0165277
0.0162603
0.0157131
0.0148655
0.0137041
0.0122463
0.0105793
0.00880723
0.00710439
0.00597479
0.0059485
0.00669242
0.00133622
0.00160676
0.00205846
0.00268232
0.00323325
0.00363039
0.00393323
0.00420261
0.00445008
0.00465644
0.00480058
0.0048746
0.00487456
0.00480033
0.00465578
0.00444886
0.00420085
0.00393099
0.00362779
0.00323049
0.00267973
0.00205641
0.0016053
0.00133583
0.000866373
0.00117318
0.000953595
0.000971522
0.000957502
0.000878777
0.000776019
0.000707389
0.000776976
0.00119138
0.00133073
0.0010435
0.00100045
0.00116673
0.00100873
0.000729393
0.000693525
0.000770751
0.000875723
0.000955657
0.000970695
0.000952798
0.00117174
0.000870621
0.00439659
0.00495104
0.003758
0.00356417
0.00387772
0.00429519
0.00467369
0.00498543
0.00522901
0.00540768
0.00552425
0.00558157
0.00558154
0.00552419
0.00540762
0.00522895
0.00498538
0.00467365
0.00429515
0.00387761
0.0035637
0.00375645
0.00494801
0.00439842
0.00525883
0.00291586
0.00339347
0.0040278
0.00466245
0.00524519
0.00572468
0.00607199
0.0062977
0.00643088
0.00650466
0.00652984
0.0065295
0.00650378
0.00642967
0.00629624
0.0060702
0.00572248
0.00524269
0.00466002
0.00402582
0.00339208
0.00291505
0.00525763
0.0127589
0.00654337
0.00495895
0.00477789
0.00486035
0.00497832
0.00506146
0.00509868
0.00511478
0.00512542
0.0051319
0.00513455
0.00513456
0.00513191
0.00512545
0.00511482
0.00509871
0.00506149
0.00497833
0.00486035
0.0047779
0.00495898
0.00654344
0.0127589
0.00495557
0.00563845
0.00407357
0.0037033
0.00399386
0.00445667
0.00490297
0.00528517
0.00559345
0.0058254
0.0059803
0.00605794
0.00605788
0.00598016
0.00582519
0.00559317
0.00528485
0.00490261
0.00445628
0.00399344
0.00370274
0.00407233
0.00563595
0.00495667
0.00736008
0.0055418
0.00548299
0.00643912
0.00788546
0.00950622
0.0111304
0.0125784
0.0137801
0.0146832
0.0153039
0.0156096
0.015609
0.0153017
0.0146796
0.0137752
0.0125727
0.0111241
0.0094999
0.00788037
0.00643527
0.00548073
0.005541
0.00736027
0.00523035
0.00600312
0.00418277
0.003656
0.00388019
0.00432942
0.00478072
0.00517179
0.00548901
0.00572892
0.00588987
0.00597089
0.00597081
0.00588966
0.00572858
0.00548855
0.00517123
0.00478009
0.00432876
0.00387956
0.00365535
0.00418153
0.00600042
0.00523154
0.000536306
0.00128131
0.00133682
0.00148532
0.00167044
0.00182917
0.00195991
0.00207503
0.00217695
0.00225805
0.00231178
0.00233729
0.00233735
0.00231187
0.00225809
0.00217688
0.00207485
0.00195964
0.00182885
0.00167008
0.00148497
0.00133653
0.00128111
0.000536025
0.00988662
0.00540147
0.00440461
0.00476485
0.00550632
0.00630183
0.00709398
0.00786438
0.00854806
0.00906719
0.00939233
0.0095492
0.00954885
0.00939129
0.00906556
0.00854602
0.00786207
0.0070916
0.00629951
0.00550427
0.00476327
0.00440369
0.00540098
0.00988694
0.00293664
0.00539366
0.00670388
0.00790605
0.00904056
0.00992486
0.0103618
0.010799
0.0113754
0.0120424
0.0126319
0.0129819
0.0129803
0.0126279
0.012037
0.01137
0.010795
0.0103594
0.00992335
0.00903837
0.00790408
0.00670255
0.00539287
0.00293614
9.81595e-05
6.27833e-05
7.73435e-05
8.89213e-05
9.79112e-05
0.000107416
0.000121707
0.000144835
0.000175849
0.000199414
0.000178498
0.000141144
0.000130911
0.000136914
0.000151367
0.000169621
0.00018739
0.000202528
0.000214536
0.000222788
0.000227712
0.000232877
0.000240862
0.000280736
0.00272399
0.00308203
0.00356009
0.00395866
0.00431231
0.00454654
0.00462827
0.00464948
0.00472592
0.00489233
0.00509437
0.00523244
0.00523155
0.00509225
0.00488976
0.00472373
0.00464816
0.00462762
0.00454594
0.00431139
0.00395763
0.0035592
0.00308133
0.00272361
0.00298506
0.00319303
0.00367007
0.00409829
0.00450068
0.00478934
0.00491325
0.00494311
0.0049955
0.00512387
0.00529536
0.00541711
0.0054162
0.00529321
0.00512133
0.00499337
0.00494179
0.00491244
0.00478844
0.00449945
0.00409703
0.00366904
0.00319227
0.00298468
0.00411687
0.00435592
0.00589341
0.00748047
0.0090599
0.0104906
0.0116228
0.0124103
0.0129086
0.0132079
0.0133854
0.0134601
0.013459
0.0133826
0.0132039
0.0129039
0.0124047
0.0116162
0.0104833
0.00905286
0.00747479
0.00588973
0.00435442
0.00411516
0.0032323
0.00683505
0.0105718
0.0138585
0.0166583
0.0189932
0.0209366
0.0225323
0.0238163
0.0248009
0.0254813
0.0258388
0.025838
0.0254785
0.024796
0.0238094
0.0225236
0.0209265
0.0189822
0.0166466
0.0138475
0.0105616
0.00682613
0.00322667
0.00756369
0.00548135
0.00539389
0.00539076
0.00539042
0.00539011
0.00538987
0.00538969
0.00538957
0.00538948
0.00538943
0.00538941
0.00538941
0.00538943
0.00538948
0.00538957
0.00538969
0.00538987
0.00539011
0.00539042
0.00539076
0.00539389
0.00548135
0.00756369
0.0112059
0.00690318
0.00571795
0.00552735
0.00550299
0.00549957
0.0054984
0.00549751
0.00549679
0.00549625
0.0054959
0.00549573
0.00549573
0.0054959
0.00549625
0.00549679
0.00549751
0.0054984
0.00549957
0.00550299
0.00552735
0.00571795
0.00690318
0.0112059
0.0172844
0.00937407
0.00732855
0.00702969
0.0074287
0.00817183
0.00896393
0.00946811
0.0098155
0.010071
0.0102631
0.0103664
0.0103686
0.0102694
0.010093
0.0098446
0.00949687
0.00898947
0.00819456
0.00744174
0.00703457
0.00732723
0.00937066
0.0172842
0.00670068
0.00526339
0.00513953
0.00546963
0.00615702
0.00703409
0.0079452
0.00865396
0.00914886
0.00950163
0.00976081
0.00992036
0.00992945
0.00977982
0.00952652
0.00917438
0.00867759
0.00796596
0.00705142
0.00616918
0.00547581
0.00513888
0.00525795
0.00669945
0.00580292
0.0100732
0.0116897
0.0126895
0.013294
0.0136238
0.0138589
0.014062
0.0141716
0.0140818
0.0138098
0.0135293
0.0135784
0.0138704
0.0141212
0.0142184
0.014168
0.0140103
0.0137577
0.0133786
0.0127267
0.0117053
0.0101011
0.00585631
0.00962563
0.00617579
0.00576615
0.00599828
0.00663789
0.00752509
0.00844673
0.0091183
0.00960045
0.00996254
0.0102349
0.0103773
0.0103891
0.0102516
0.00999604
0.00963828
0.00915203
0.00847389
0.00754732
0.00665151
0.00600499
0.00576578
0.00617098
0.00962488
0.00312161
0.00317743
0.0034692
0.00394356
0.0045916
0.00535903
0.00616178
0.00689296
0.0074453
0.00779119
0.00799052
0.00808201
0.00808246
0.00799183
0.00779386
0.00745026
0.00690136
0.00617243
0.00536986
0.00460052
0.00394924
0.00347078
0.0031752
0.00311939
0.00124024
0.00153831
0.00194855
0.00241499
0.00290111
0.00339878
0.00392341
0.00450973
0.0051542
0.00575682
0.00619325
0.00641455
0.00641699
0.00619998
0.00576746
0.00516664
0.00452097
0.00393233
0.00340586
0.00290676
0.00241907
0.00195065
0.00153807
0.00123895
0.000470094
0.00058581
0.000861221
0.00114828
0.0013567
0.00152869
0.00168837
0.00183613
0.00196033
0.00204949
0.00209901
0.00211648
0.00211656
0.00209949
0.00205057
0.00196196
0.0018381
0.0016905
0.00153091
0.00135903
0.00115062
0.000862754
0.000583275
0.00046857
0.00269002
0.00231474
0.00256385
0.00297946
0.00339842
0.00378767
0.00414357
0.00446258
0.0047345
0.00494464
0.00508299
0.00514992
0.00515008
0.0050834
0.00494533
0.00473527
0.00446312
0.00414371
0.00378737
0.00339772
0.00297833
0.00256228
0.0023132
0.00269094
0.000141647
0.000998191
0.00141411
0.00163112
0.001818
0.00201513
0.00221263
0.00239128
0.00253558
0.00263587
0.00269078
0.0027108
0.0027109
0.00269127
0.00263701
0.00253733
0.00239338
0.00221482
0.00201719
0.00181988
0.00163306
0.00141663
0.0010015
0.000142807
0.0111736
0.00673725
0.00567111
0.00551207
0.00549282
0.00549004
0.00548896
0.00548812
0.00548745
0.00548695
0.00548663
0.00548647
0.00548647
0.00548663
0.00548695
0.00548745
0.00548812
0.00548896
0.00549004
0.00549282
0.00551207
0.00567111
0.00673725
0.0111736
0.00628787
0.0102305
0.0120402
0.0130735
0.0135889
0.0138338
0.0141514
0.0145981
0.014984
0.0151005
0.0149492
0.014734
0.0147688
0.0149672
0.015065
0.0149423
0.0146502
0.014326
0.0140263
0.013722
0.0131275
0.0120523
0.0102461
0.0063361
0.00669117
0.00548322
0.00544689
0.00544562
0.00544531
0.00544509
0.00544495
0.00544485
0.00544478
0.00544473
0.00544471
0.00544469
0.00544469
0.00544471
0.00544473
0.00544478
0.00544485
0.00544495
0.00544509
0.00544531
0.00544562
0.00544689
0.00548322
0.00669117
0.0111643
0.00673614
0.00567264
0.0055138
0.00549447
0.00549167
0.00549058
0.00548974
0.00548906
0.00548857
0.00548825
0.00548809
0.00548809
0.00548825
0.00548857
0.00548907
0.00548974
0.00549058
0.00549167
0.00549447
0.0055138
0.00567264
0.00673614
0.0111643
0.0108919
0.00755481
0.00591945
0.00558976
0.00554045
0.00553368
0.00553204
0.00553083
0.00552977
0.00552892
0.00552834
0.00552805
0.00552806
0.00552834
0.00552892
0.00552977
0.00553084
0.00553204
0.00553369
0.00554045
0.00558976
0.00591944
0.00755481
0.0108919
0.0176732
0.00985869
0.0075735
0.00717314
0.00752772
0.00823918
0.00900583
0.00948934
0.00982055
0.0100635
0.0102442
0.0103382
0.010341
0.0102508
0.0100844
0.0098485
0.00951721
0.00903076
0.00826137
0.00754036
0.0071778
0.00757245
0.00985627
0.0176735
0.0110791
0.00657078
0.00562805
0.00549841
0.00548352
0.00548126
0.00548026
0.00547947
0.00547885
0.00547839
0.0054781
0.00547796
0.00547796
0.0054781
0.00547839
0.00547885
0.00547947
0.00548026
0.00548126
0.00548352
0.00549841
0.00562805
0.00657078
0.0110791
0.0112188
0.0070717
0.00576469
0.00554017
0.00551016
0.00550603
0.00550477
0.00550382
0.00550304
0.00550245
0.00550206
0.00550186
0.00550186
0.00550206
0.00550245
0.00550304
0.00550382
0.00550477
0.00550603
0.00551016
0.00554017
0.00576469
0.00707169
0.0112189
0.0111929
0.00723619
0.00581366
0.00555442
0.00551823
0.00551328
0.00551192
0.00551092
0.00551007
0.00550941
0.00550898
0.00550876
0.00550876
0.00550898
0.00550942
0.00551007
0.00551092
0.00551192
0.00551328
0.00551823
0.00555442
0.00581366
0.00723618
0.0111929
0.00999388
0.0059415
0.0054856
0.00544453
0.00544069
0.00543972
0.00543905
0.00543853
0.00543815
0.00543787
0.0054377
0.00543761
0.00543761
0.0054377
0.00543787
0.00543815
0.00543853
0.00543905
0.00543972
0.0054407
0.00544453
0.0054856
0.0059415
0.00999388
0.00895916
0.00567401
0.005428
0.00541219
0.00541085
0.00541028
0.00540982
0.00540947
0.00540921
0.00540904
0.00540893
0.00540887
0.00540887
0.00540893
0.00540904
0.00540921
0.00540947
0.00540982
0.00541028
0.00541085
0.00541219
0.005428
0.00567401
0.00895916
0.000740497
0.000851234
0.000781852
0.00100824
0.00109833
0.00116038
0.00124165
0.00133331
0.00142128
0.00148832
0.00152482
0.00153614
0.00153618
0.00152515
0.00148908
0.0014224
0.00133459
0.00124306
0.00116201
0.00110012
0.00100981
0.000780852
0.000851924
0.000740758
0.000526626
0.000665785
0.000732114
0.000842609
0.000935286
0.000995553
0.00105333
0.00110994
0.00115819
0.00119102
0.00120595
0.00120829
0.00120833
0.0012062
0.00119153
0.00115893
0.00111082
0.00105432
0.000996675
0.000936592
0.000844007
0.000733166
0.000666648
0.000527174
0.00954311
0.00579886
0.00545281
0.0054263
0.00542403
0.0054233
0.00542274
0.00542231
0.00542199
0.00542176
0.00542162
0.00542155
0.00542155
0.00542162
0.00542176
0.00542199
0.00542231
0.00542274
0.0054233
0.00542403
0.0054263
0.00545281
0.00579886
0.00954311
0.00830949
0.00557377
0.00541417
0.00540588
0.0054051
0.00540464
0.00540428
0.00540401
0.00540381
0.00540368
0.0054036
0.00540356
0.00540356
0.0054036
0.00540368
0.00540381
0.00540401
0.00540428
0.00540464
0.0054051
0.00540588
0.00541417
0.00557377
0.00830949
0.00640628
0.00823649
0.00785135
0.007089
0.00714105
0.00786377
0.00933856
0.0110979
0.0132499
0.0165235
0.0165169
0.0241251
0.0219333
0.0180067
0.0145173
0.01258
0.0111738
0.00953005
0.00813159
0.00730137
0.00718181
0.00791315
0.00821457
0.0064231
0.00723135
0.0108171
0.0100212
0.00901838
0.00855295
0.00908155
0.0103365
0.0118829
0.0138544
0.0155378
0.0181159
0.0214593
0.0200395
0.0161572
0.0146116
0.0131174
0.0117802
0.0105478
0.00937519
0.008777
0.00916782
0.0101067
0.0109005
0.00724831
0.00596092
0.0117589
0.0123044
0.0114963
0.0106742
0.0107757
0.011722
0.0130606
0.0146684
0.0163587
0.0177823
0.018445
0.0180654
0.0168393
0.0153926
0.0140348
0.0128881
0.0119376
0.0111236
0.0109863
0.011692
0.0123942
0.0117941
0.0059921
0.00585893
0.011422
0.0131259
0.0132388
0.012679
0.0125252
0.0130952
0.0140994
0.01532
0.01633
0.0167945
0.0168143
0.0167248
0.0164164
0.0157478
0.0148309
0.0139698
0.0133047
0.0128851
0.012995
0.0133853
0.0131549
0.0114208
0.00590068
0.0062406
0.0103858
0.0122935
0.0132599
0.0136292
0.0137745
0.0141056
0.014661
0.0151818
0.0154123
0.0153227
0.0151205
0.0151463
0.0152972
0.0153046
0.0150674
0.0146703
0.014291
0.0140036
0.0137947
0.0133258
0.0123045
0.0103958
0.00628628
0.0111554
0.00723655
0.00581619
0.00555632
0.00551994
0.00551496
0.0055136
0.00551261
0.00551177
0.00551113
0.0055107
0.00551049
0.00551049
0.0055107
0.00551113
0.00551177
0.00551261
0.00551361
0.00551496
0.00551994
0.00555632
0.00581619
0.00723655
0.0111554
0.0177967
0.011936
0.00879523
0.00789503
0.00800893
0.00854919
0.00917143
0.00955919
0.00981663
0.00999946
0.0101235
0.0101718
0.0101771
0.0101319
0.0100165
0.00983945
0.00958261
0.00919362
0.00856748
0.00801928
0.00789928
0.00879719
0.0119387
0.0177992
0.0179976
0.01111
0.00825282
0.00754718
0.00775728
0.00836383
0.0090429
0.00946704
0.0097524
0.00995861
0.0101059
0.0101721
0.0101765
0.0101135
0.00997699
0.00977719
0.00949221
0.0090663
0.00838354
0.00776854
0.00755145
0.0082534
0.0111108
0.0179995
0.0179392
0.0102758
0.00779965
0.00729948
0.00760699
0.00828377
0.00902207
0.0094847
0.00979978
0.010029
0.0101981
0.010283
0.0102863
0.010205
0.010049
0.00982661
0.00951166
0.00904645
0.00830522
0.00761918
0.00730396
0.00779919
0.0102746
0.01794
0.0166969
0.00888675
0.0070895
0.00688814
0.00732957
0.00810283
0.00891939
0.00944504
0.00980939
0.010078
0.0102819
0.0103942
0.010396
0.0102879
0.0101011
0.00983972
0.00947469
0.0089455
0.00812607
0.00734299
0.00689327
0.00708803
0.0088824
0.0166963
0.0149283
0.00790545
0.00661559
0.00659276
0.00711134
0.00793654
0.00879647
0.00936683
0.00976712
0.0100652
0.0102942
0.010424
0.0104259
0.0103009
0.0100913
0.00980015
0.00939821
0.00882346
0.00796049
0.0071253
0.00659844
0.00661411
0.00789996
0.0149271
0.00811544
0.00581891
0.005554
0.00582788
0.00649165
0.00738406
0.00831648
0.00901643
0.00951658
0.00988888
0.0101674
0.0103198
0.0103316
0.0101884
0.00991904
0.00954801
0.00904423
0.00833921
0.00740254
0.00650374
0.00583406
0.00555335
0.00581391
0.0081147
0.00169453
0.00213388
0.00261214
0.00316301
0.00380716
0.00453175
0.00529246
0.0060207
0.00665175
0.00714769
0.00748156
0.00764222
0.00764322
0.00748457
0.00715316
0.00665933
0.00603024
0.00530312
0.00454199
0.00381557
0.00316878
0.00261487
0.00213353
0.00169278
0.00271231
0.00206682
0.00243389
0.00293693
0.00348293
0.00400965
0.00450344
0.00496575
0.00539182
0.00575248
0.00600704
0.00613615
0.00613707
0.00600927
0.00575562
0.00539496
0.00496815
0.00450513
0.00401093
0.00348393
0.00293747
0.00243355
0.00206598
0.00271251
0.00301492
0.0022146
0.00242087
0.00282261
0.00326731
0.00370748
0.00413108
0.00452989
0.00488686
0.00517842
0.00538362
0.0054869
0.00548758
0.00538526
0.0051808
0.00488945
0.0045321
0.0041327
0.0037084
0.0032678
0.00282259
0.00242024
0.00221371
0.00301553
0.0103987
0.00608885
0.00551513
0.00545681
0.00545115
0.00544996
0.00544921
0.00544861
0.00544816
0.00544784
0.00544763
0.00544753
0.00544753
0.00544763
0.00544784
0.00544816
0.00544861
0.00544921
0.00544996
0.00545115
0.00545681
0.00551513
0.00608885
0.0103987
0.00187149
0.00172333
0.00214823
0.00269548
0.00323541
0.00373661
0.004213
0.004707
0.00525395
0.00580118
0.00622808
0.00645566
0.00645821
0.0062343
0.00580963
0.00526184
0.00471245
0.00421657
0.00373962
0.0032384
0.00269818
0.00214986
0.00172305
0.00187021
0.0109123
0.00640611
0.00558978
0.00548687
0.00547559
0.00547372
0.00547279
0.00547206
0.00547149
0.00547108
0.00547082
0.00547069
0.00547069
0.00547082
0.00547108
0.00547149
0.00547206
0.00547279
0.00547372
0.00547559
0.00548687
0.00558978
0.00640611
0.0109123
0.00248652
0.00196919
0.0024687
0.0030779
0.00367704
0.00423864
0.00476299
0.0052605
0.00573134
0.00614142
0.00643716
0.00658921
0.00659033
0.00643985
0.0061451
0.00573483
0.00526295
0.00476457
0.00423982
0.00367805
0.0030786
0.00246878
0.00196853
0.00248649
0.0110912
0.00654997
0.00595893
0.00614382
0.00675668
0.00763415
0.00854304
0.00918565
0.00964525
0.00999186
0.0102558
0.0103973
0.0104055
0.0102679
0.0100238
0.00968304
0.00921967
0.00857066
0.0076577
0.00677068
0.00615038
0.00595847
0.00654488
0.0110901
0.00148658
0.00203159
0.0021719
0.00241033
0.00270145
0.00299229
0.00325961
0.00349282
0.00368293
0.00382144
0.00390575
0.00394328
0.0039434
0.00390616
0.00382231
0.00368417
0.00349418
0.00326087
0.00299329
0.00270207
0.00241049
0.00217182
0.00203218
0.00148797
0.000668792
0.000798617
0.000813958
0.0010526
0.00124004
0.00138175
0.00151549
0.00164503
0.00176233
0.00184927
0.00189821
0.00191528
0.00191535
0.00189868
0.00185033
0.00176389
0.00164684
0.00151746
0.00138381
0.0012421
0.0010545
0.000815506
0.000797665
0.000667437
0.00624801
0.010147
0.0118552
0.0129029
0.0134967
0.0138049
0.0141084
0.0144686
0.0147516
0.0147907
0.0145993
0.0143789
0.0144165
0.0146415
0.0147992
0.0147581
0.0145502
0.0142738
0.01397
0.0136066
0.0129487
0.0118685
0.0101677
0.00629909
0.0124906
0.00696966
0.00616589
0.00629217
0.00687631
0.00773999
0.0086346
0.00925187
0.00969048
0.0100197
0.0102735
0.0104137
0.0104186
0.0102825
0.0100495
0.00972653
0.00928506
0.00866217
0.00776405
0.00689044
0.00629846
0.00616508
0.00696419
0.0124892
0.000761764
0.000877259
0.000656106
0.00100506
0.00115112
0.00125824
0.00136858
0.0014812
0.00158475
0.00166243
0.00170582
0.00172054
0.0017206
0.00170622
0.00166333
0.00158609
0.00148278
0.00137032
0.00126004
0.00115282
0.00100651
0.000662063
0.000878055
0.000761284
0.000655032
0.000770685
0.000796824
0.000949908
0.00104324
0.00109201
0.00115545
0.00122911
0.00129878
0.00135062
0.00137773
0.0013851
0.00138515
0.00137802
0.00135125
0.00129969
0.00123016
0.0011566
0.00109336
0.00104487
0.000951701
0.000797734
0.000771709
0.000655641
0.0100143
0.00593938
0.00548279
0.00544201
0.00543828
0.00543734
0.00543668
0.00543616
0.00543577
0.0054355
0.00543533
0.00543524
0.00543524
0.00543533
0.0054355
0.00543577
0.00543616
0.00543668
0.00543734
0.00543828
0.00544201
0.00548279
0.00593938
0.0100143
0.0106999
0.00624512
0.00555006
0.00547098
0.00546286
0.00546137
0.00546053
0.00545986
0.00545935
0.00545899
0.00545875
0.00545864
0.00545864
0.00545875
0.00545899
0.00545935
0.00545986
0.00546053
0.00546137
0.00546286
0.00547098
0.00555006
0.00624512
0.0106999
0.00661517
0.0108949
0.00920224
0.00792625
0.0077497
0.00843138
0.00979934
0.0114594
0.0137456
0.016363
0.0182606
0.0146028
0.012865
0.0156013
0.0149882
0.0128329
0.0114441
0.00999925
0.00870209
0.00793049
0.00804377
0.00925512
0.0109314
0.0066608
0.00231096
0.00259284
0.00297656
0.00346686
0.0040778
0.00478901
0.00554482
0.00626301
0.00685747
0.00727289
0.00752637
0.00764559
0.00764622
0.00752828
0.00727664
0.00686388
0.00627217
0.00555565
0.0047995
0.00408615
0.00347228
0.00297862
0.00259172
0.00230879
0.00585642
0.0116714
0.0129095
0.0125351
0.0117541
0.0116828
0.0124436
0.0136337
0.0150573
0.0164369
0.0173127
0.0175693
0.0173729
0.0166956
0.0156406
0.0144876
0.0134726
0.0126534
0.0120477
0.0120864
0.0127143
0.0129708
0.0116849
0.00589363
0.0095196
0.00580208
0.00545583
0.00542897
0.00542659
0.00542583
0.00542526
0.00542483
0.0054245
0.00542428
0.00542413
0.00542406
0.00542406
0.00542413
0.00542428
0.0054245
0.00542483
0.00542526
0.00542583
0.00542659
0.00542897
0.00545583
0.00580208
0.0095196
0.0103814
0.00609005
0.00551771
0.00545919
0.00545343
0.00545221
0.00545144
0.00545085
0.00545039
0.00545007
0.00544987
0.00544977
0.00544977
0.00544987
0.00545007
0.00545039
0.00545085
0.00545144
0.00545221
0.00545343
0.00545919
0.00551771
0.00609005
0.0103814
0.0137819
0.00742604
0.00638667
0.00644259
0.00699539
0.00784164
0.00872
0.00931338
0.0097324
0.0100454
0.0102872
0.0104237
0.0104266
0.0102947
0.0100734
0.00976688
0.00934566
0.00874732
0.00786575
0.00700948
0.00644858
0.00638546
0.0074204
0.0137805
0.0180306
0.0107058
0.0080292
0.00742596
0.00768532
0.00832724
0.00903643
0.0094795
0.00977946
0.00999705
0.0101552
0.0102305
0.0102344
0.0101624
0.0100162
0.00980525
0.00950556
0.00906034
0.00834782
0.00769704
0.00743032
0.0080292
0.0107056
0.0180319
0.00897024
0.00567941
0.00543292
0.00541697
0.00541558
0.00541499
0.00541452
0.00541416
0.00541391
0.00541373
0.00541361
0.00541356
0.00541356
0.00541361
0.00541373
0.00541391
0.00541416
0.00541452
0.00541499
0.00541558
0.00541697
0.00543292
0.00567941
0.00897024
0.0110634
0.0074007
0.00586805
0.00557172
0.00552864
0.00552274
0.00552124
0.00552016
0.00551923
0.0055185
0.00551801
0.00551777
0.00551777
0.00551801
0.0055185
0.00551923
0.00552016
0.00552124
0.00552274
0.00552864
0.00557172
0.00586805
0.00740069
0.0110634
0.0109241
0.0064063
0.00558769
0.00548478
0.00547359
0.00547175
0.00547083
0.0054701
0.00546953
0.00546912
0.00546885
0.00546872
0.00546872
0.00546885
0.00546912
0.00546953
0.0054701
0.00547083
0.00547175
0.00547359
0.00548478
0.00558769
0.0064063
0.0109241
0.011202
0.00707157
0.005767
0.00554259
0.00551253
0.00550839
0.00550714
0.0055062
0.00550543
0.00550484
0.00550446
0.00550427
0.00550427
0.00550446
0.00550484
0.00550543
0.0055062
0.00550714
0.00550839
0.00551253
0.00554259
0.005767
0.00707157
0.011202
0.0158926
0.00841768
0.00685609
0.00674551
0.00722706
0.00802819
0.00886771
0.00941568
0.00979788
0.0100815
0.0102975
0.0104182
0.01042
0.0103039
0.010106
0.00982953
0.0094462
0.00889431
0.00805185
0.00724079
0.0067509
0.00685446
0.00841245
0.0158917
0.00613756
0.0115804
0.0113727
0.0102932
0.00955834
0.00987257
0.0109863
0.0124482
0.0141828
0.0160387
0.0181081
0.0195497
0.0188226
0.0167273
0.0149646
0.0135333
0.0122802
0.0112045
0.0101926
0.00983197
0.0104801
0.0114729
0.0116361
0.00616759
0.0112169
0.00690459
0.00571674
0.00552594
0.00550164
0.00549824
0.00549708
0.00549619
0.00549547
0.00549493
0.00549457
0.0054944
0.0054944
0.00549457
0.00549493
0.00549547
0.00549619
0.00549708
0.00549825
0.00550164
0.00552594
0.00571674
0.00690459
0.0112169
0.0110691
0.00657008
0.00562987
0.00550034
0.00548537
0.00548308
0.00548207
0.00548128
0.00548066
0.0054802
0.00547991
0.00547977
0.00547977
0.00547991
0.0054802
0.00548066
0.00548128
0.00548207
0.00548308
0.00548537
0.00550034
0.00562987
0.00657008
0.0110691
0.00605958
0.0101171
0.0117593
0.012791
0.0134086
0.0137425
0.0140183
0.0142987
0.0144915
0.0144641
0.0142363
0.0140088
0.014045
0.0142889
0.0144952
0.0145256
0.0143973
0.0141763
0.0138889
0.0135028
0.012831
0.0117734
0.0101415
0.00611207
0.00829917
0.00557018
0.00541133
0.00540319
0.00540245
0.00540201
0.00540165
0.00540139
0.0054012
0.00540107
0.00540099
0.00540095
0.00540095
0.00540099
0.00540107
0.0054012
0.00540139
0.00540165
0.00540201
0.00540245
0.00540319
0.00541133
0.00557018
0.00829917
0.0106855
0.00624556
0.0055524
0.00547322
0.005465
0.00546348
0.00546263
0.00546196
0.00546145
0.00546109
0.00546085
0.00546074
0.00546074
0.00546085
0.00546109
0.00546145
0.00546196
0.00546263
0.00546348
0.005465
0.00547322
0.0055524
0.00624556
0.0106855
0.0178753
0.0115115
0.00849343
0.00768737
0.00784846
0.00842067
0.00907043
0.00947628
0.00974763
0.00994252
0.0100788
0.0101364
0.0101413
0.0100868
0.00996019
0.00977145
0.00950058
0.00909331
0.00843958
0.00785927
0.00769161
0.00849465
0.0115133
0.0178774
0.000835985
0.000485929
0.00087306
0.000277265
0.000361675
0.000577162
0.000822901
0.00105923
0.0012255
0.00130482
0.00131631
0.00139996
0.00129717
0.000916739
0.000538985
0.000262163
0.000115942
5.7023e-05
3.86363e-05
4.53579e-05
0.000122884
0.000443471
0.00049582
0.00100384
0.00128549
0.00211992
0.00302548
0.00382297
0.00467885
0.00531953
0.00595896
0.00665226
0.00720475
0.00763172
0.0079727
0.00817641
0.00817603
0.00797124
0.00762924
0.00720124
0.00664791
0.00595494
0.00531597
0.00467735
0.00382324
0.00302644
0.00212001
0.00128634
0.000310679
0.000966888
0.00141065
0.00163568
0.00176627
0.00189541
0.00203888
0.00218347
0.00231246
0.00241243
0.0024751
0.00250241
0.00250253
0.00247559
0.00241338
0.00231376
0.00218494
0.00204042
0.00189696
0.00176796
0.00163783
0.00141343
0.000968847
0.000309431
0.000797444
0.00175725
0.00211346
0.00239125
0.0026707
0.00294242
0.00319247
0.00341333
0.00359882
0.00374112
0.00383383
0.003878
0.0038781
0.00383414
0.00374166
0.00359947
0.00341393
0.00319293
0.00294275
0.00267092
0.00239148
0.00211422
0.00175944
0.000799408
0.000681925
0.000199564
0.0001316
0.000167527
0.000246513
0.000327338
0.00046936
0.000691944
0.000921906
0.00106384
0.00121129
0.00138892
0.00128693
0.000945886
0.000526696
0.000219808
9.23957e-05
7.04461e-05
0.000100455
0.000249689
0.000658938
0.000962717
0.000841877
0.00132935
0.0111565
0.0073944
0.00586097
0.00556819
0.00552595
0.00552017
0.00551868
0.0055176
0.00551666
0.00551593
0.00551544
0.0055152
0.0055152
0.00551544
0.00551593
0.00551666
0.0055176
0.00551868
0.00552017
0.00552595
0.00556819
0.00586096
0.00739438
0.0111565
0.000849619
0.000466643
0.00108903
0.000354259
0.000316825
0.00053621
0.000793915
0.0010434
0.00122285
0.0013049
0.00131719
0.00138505
0.00126753
0.000919973
0.0005618
0.000289435
0.000137594
7.1648e-05
4.75325e-05
4.65767e-05
0.000133058
0.000459017
0.000460717
0.000945283
0.00369519
0.00578107
0.00845197
0.0109978
0.0133262
0.0153441
0.0169979
0.0182866
0.0192425
0.019909
0.0203304
0.0205324
0.0205314
0.0203272
0.0199039
0.0192358
0.0182783
0.0169883
0.0153336
0.0133158
0.0109884
0.00844466
0.00577643
0.00369263
7.25501e-05
2.25606e-05
6.59428e-05
0.00011861
0.000172279
0.000233642
0.000309913
0.000392234
0.000476
0.000536698
0.000537605
0.000377756
0.000223455
0.000133031
9.6461e-05
8.60948e-05
7.71948e-05
5.49057e-05
2.95562e-05
1.36179e-05
1.98641e-05
4.25055e-05
0.000119516
0.000681228
0.00431511
0.00652128
0.00443516
0.00361461
0.00368619
0.00408899
0.00452249
0.00488578
0.005161
0.00535442
0.00547656
0.00553596
0.00553595
0.00547663
0.00535458
0.00516121
0.00488603
0.00452277
0.00408923
0.00368602
0.00361253
0.00442715
0.00650825
0.00432982
0.000282995
0.000188628
0.000114146
3.16046e-05
1.19357e-05
2.08581e-05
5.97785e-05
0.000101457
0.000131336
0.000153117
0.000155277
0.000139097
0.000114361
8.75461e-05
6.12822e-05
3.729e-05
1.82275e-05
7.13129e-06
3.69391e-06
8.84775e-06
3.60869e-05
0.000113701
0.000187055
0.000284393
0.000276782
0.000176094
0.000101099
2.49928e-05
6.68191e-06
2.97889e-05
7.32544e-05
0.000119241
0.000152159
0.000177257
0.000180874
0.000161514
0.000132874
0.0001036
7.51069e-05
4.79248e-05
2.46659e-05
9.38507e-06
4.09287e-06
7.69059e-06
3.08498e-05
9.99051e-05
0.000174426
0.000286341
0.00588771
0.00683986
0.00503208
0.00482959
0.00548057
0.00643279
0.00742956
0.00835831
0.00916009
0.00979629
0.0102382
0.0104648
0.0104643
0.0102366
0.00979362
0.00915645
0.00835396
0.00742491
0.00642846
0.00547742
0.00482852
0.0050332
0.00684106
0.00588566
0.00282956
0.00335476
0.00379438
0.00416801
0.00450243
0.00473412
0.00483016
0.00486272
0.00493337
0.00507985
0.00525937
0.00538388
0.00538309
0.00525748
0.00507756
0.00493142
0.00486154
0.00482952
0.00473349
0.00450152
0.00416704
0.00379354
0.00335409
0.00282918
0.0116298
0.00526312
0.0044426
0.00471378
0.00518998
0.0055705
0.00587203
0.00611552
0.00629004
0.00642107
0.00650667
0.00654546
0.00654528
0.00650613
0.00642018
0.00628886
0.00611417
0.00587069
0.00556914
0.00518883
0.00471292
0.00444179
0.00526254
0.0116307
0.00596949
0.00623614
0.0042176
0.00387649
0.00419402
0.00464939
0.00509334
0.00548829
0.00581881
0.00607371
0.00624577
0.00633244
0.00633232
0.00624539
0.00607312
0.00581804
0.0054874
0.00509237
0.00464842
0.00419315
0.0038759
0.00421732
0.00623547
0.00596937
0.000851169
0.000438503
0.00104207
0.000390355
0.00025522
0.000459544
0.000726579
0.000989953
0.00119065
0.00128698
0.00131298
0.0013612
0.00122529
0.000904926
0.000570302
0.000311358
0.000158869
8.68736e-05
5.69584e-05
5.23605e-05
0.000166722
0.000486678
0.000435428
0.000896924
0.00338695
0.00276393
0.00293214
0.00317056
0.00337833
0.00355841
0.00370377
0.00382408
0.00391447
0.00397418
0.00400423
0.00401039
0.00401019
0.00400375
0.00397352
0.00391368
0.00382321
0.00370289
0.00355757
0.00337758
0.00316995
0.0029316
0.00276345
0.003387
0.0126603
0.00646263
0.00490243
0.00472867
0.00480176
0.00489925
0.00494655
0.0049615
0.00497018
0.00497572
0.00497896
0.00498008
0.00498008
0.00497897
0.00497574
0.00497021
0.00496152
0.00494657
0.00489926
0.00480177
0.00472868
0.00490245
0.00646268
0.0126603
0.00322001
0.00665493
0.0101792
0.0134099
0.0162673
0.0187306
0.0208473
0.0226455
0.0241286
0.0252842
0.0260883
0.0265114
0.0265101
0.0260837
0.0252761
0.0241173
0.0226313
0.0208308
0.0187124
0.0162483
0.0133914
0.0101628
0.00664176
0.00321353
0.0145576
0.00499604
0.00391071
0.00393552
0.00402074
0.00406992
0.00409174
0.00409984
0.0041023
0.0041028
0.00410278
0.0041027
0.0041027
0.00410278
0.0041028
0.0041023
0.00409985
0.00409175
0.00406992
0.00402074
0.00393553
0.00391071
0.00499603
0.0145576
0.00371145
0.00521223
0.00391217
0.0035436
0.00381504
0.00424462
0.00462415
0.00492377
0.00515318
0.00532632
0.00544759
0.00551065
0.00549777
0.0054214
0.00529485
0.00512217
0.004898
0.0046064
0.0042339
0.00380833
0.00353771
0.00390337
0.00520307
0.00371531
0.00518609
0.00607032
0.00421759
0.00363986
0.00383597
0.00427593
0.00472324
0.00510964
0.00542064
0.00565425
0.00581034
0.0058887
0.00588863
0.00581015
0.00565395
0.00542024
0.00510914
0.00472266
0.00427532
0.00383536
0.00363911
0.00421595
0.00606688
0.00518768
0.000777584
0.000848401
0.000957209
0.000983663
0.000969913
0.000951042
0.000952055
0.000978427
0.0010192
0.00105934
0.00108857
0.0011101
0.00111029
0.00108897
0.00105979
0.00101961
0.000978764
0.000952309
0.000951189
0.000969939
0.000983606
0.000957156
0.000848465
0.000777788
0.0094986
0.00535847
0.00429566
0.0045249
0.00514783
0.00582093
0.00648026
0.00710805
0.00767471
0.0081106
0.00838865
0.00851868
0.00851838
0.00838779
0.00810927
0.00767305
0.00710618
0.00647832
0.00581903
0.00514613
0.0045236
0.00429489
0.00535819
0.00949893
0.00413063
0.00234256
0.00226926
0.00260901
0.00301059
0.00339179
0.00372173
0.00398176
0.00416929
0.00429132
0.00436223
0.00438926
0.00438916
0.00436195
0.00429092
0.00416874
0.003981
0.00372073
0.00339062
0.00300942
0.00260802
0.00226853
0.00234208
0.00413029
0.00960801
0.00671099
0.00434057
0.0040102
0.00429601
0.00469629
0.00509435
0.00546342
0.00579201
0.0060684
0.00627425
0.00638709
0.00638692
0.0062737
0.00606753
0.00579093
0.00546223
0.00509313
0.00469513
0.00429505
0.00400988
0.00434123
0.00671152
0.0096068
0.00241006
0.00341109
0.00514129
0.0066104
0.00786055
0.00893276
0.00984882
0.010616
0.0112332
0.0116963
0.0120029
0.0121552
0.0121548
0.0120016
0.0116942
0.0112301
0.0106119
0.00984385
0.00892704
0.00785414
0.00660324
0.00513322
0.00340239
0.00240603
0.00744089
0.00501256
0.00493241
0.00493076
0.00493144
0.00493154
0.00493148
0.00493141
0.00493136
0.00493132
0.0049313
0.00493128
0.00493128
0.0049313
0.00493132
0.00493136
0.00493141
0.00493148
0.00493154
0.00493144
0.00493076
0.00493241
0.00501256
0.00744089
0.0198793
0.00614543
0.00506648
0.00544774
0.00609427
0.00680269
0.00749671
0.00807431
0.00858822
0.00910943
0.00959543
0.00981479
0.00979682
0.0095816
0.00918252
0.00870437
0.00817165
0.00754916
0.0068357
0.00611738
0.00546402
0.00507734
0.00615411
0.0198794
0.00308638
0.00676509
0.0104931
0.0137088
0.0164345
0.0187032
0.0205704
0.0220858
0.023299
0.0242231
0.0248538
0.0251816
0.0251809
0.0248517
0.0242192
0.0232938
0.0220791
0.0205625
0.0186941
0.0164246
0.0136989
0.0104836
0.00675621
0.00308097
0.00421744
0.00425653
0.00586354
0.00744081
0.0088645
0.0100997
0.0111321
0.0119494
0.0125631
0.0129923
0.0132618
0.0133872
0.013387
0.0132611
0.012991
0.0125612
0.0119468
0.0111288
0.0100957
0.00886024
0.0074367
0.0058598
0.00425334
0.00421543
0.00127674
0.00130675
0.00153034
0.00168941
0.00178629
0.00184628
0.00190666
0.00198896
0.00208404
0.00217125
0.0022345
0.0022738
0.00227394
0.0022348
0.0021715
0.00208412
0.00198884
0.00190633
0.00184573
0.00178556
0.00168862
0.00152967
0.00130631
0.0012766
0.0130901
0.00997367
0.00954309
0.0105472
0.0117494
0.0126809
0.0135343
0.0142588
0.0148067
0.0151804
0.0153644
0.0153902
0.0154732
0.015588
0.0155026
0.0151275
0.0144766
0.0136145
0.0126568
0.0116943
0.0105158
0.00955596
0.0100348
0.0131171
0.000260541
0.000258364
0.000159597
4.33461e-05
4.39967e-06
3.97113e-05
0.000101927
0.000160885
0.000200332
0.000227642
0.000228951
0.000206871
0.000174063
0.000138104
0.000101162
6.47524e-05
3.2758e-05
1.14298e-05
6.75368e-06
1.59281e-05
5.60686e-05
0.000160126
0.000258196
0.0002688
0.00539101
0.00650922
0.00562395
0.00594126
0.00695579
0.00821593
0.00945218
0.0105405
0.0114294
0.0121012
0.0125501
0.0127743
0.0127739
0.0125488
0.012099
0.0114263
0.0105365
0.00944776
0.00821176
0.00695288
0.00594058
0.0056252
0.00651
0.00538876
0.00626817
0.00638066
0.00424118
0.00385534
0.00414561
0.00457665
0.00499844
0.00537583
0.00569382
0.00594046
0.00610775
0.00619236
0.00619223
0.00610735
0.00593981
0.00569298
0.00537487
0.0049974
0.00457562
0.0041447
0.00385477
0.00424103
0.00638015
0.00626797
0.000629673
0.000293833
0.00015645
0.000209679
0.000316918
0.00044838
0.000620767
0.000828357
0.00100884
0.00110461
0.00118687
0.00130615
0.00115392
0.000737304
0.000361973
0.000154597
6.31414e-05
3.20028e-05
2.57046e-05
6.09805e-05
0.000191299
0.00041564
0.00047691
0.00110491
0.0118124
0.00604751
0.00484778
0.00476167
0.00486119
0.00491766
0.00495257
0.0049792
0.00500145
0.00501951
0.00503253
0.00504018
0.00504018
0.00503255
0.00501952
0.00500142
0.00497913
0.00495243
0.00491747
0.00486094
0.00476145
0.00484757
0.00604725
0.0118125
0.0114476
0.00709523
0.0055809
0.00530197
0.00526226
0.005257
0.00525577
0.0052549
0.00525413
0.00525353
0.00525312
0.00525292
0.00525292
0.00525312
0.00525353
0.00525413
0.0052549
0.00525577
0.005257
0.00526226
0.00530197
0.0055809
0.00709522
0.0114477
0.00281009
0.00248092
0.00275603
0.00287659
0.0029021
0.00292297
0.0029371
0.00294567
0.00294353
0.00293061
0.00291222
0.00289186
0.00289167
0.00291181
0.00293006
0.00294287
0.00294496
0.00293641
0.00292234
0.00290158
0.00287618
0.00275575
0.00248076
0.00281009
0.00285267
0.00246084
0.00271212
0.00281268
0.00282079
0.00282511
0.00282407
0.00281924
0.00280647
0.00278604
0.00276267
0.0027406
0.00274042
0.00276229
0.00278553
0.00280587
0.00281861
0.00282345
0.00282455
0.00282033
0.00281232
0.00271189
0.00246073
0.00285268
0.00399788
0.00326553
0.00413263
0.00523901
0.00628806
0.00721301
0.00799287
0.00861324
0.00907801
0.00939951
0.00959819
0.00968693
0.00968677
0.00959768
0.00939866
0.00907673
0.00861143
0.00799047
0.00721012
0.00628494
0.005236
0.00412997
0.0032635
0.00399688
0.0051023
0.00426922
0.00436029
0.00478506
0.0054752
0.00630132
0.00714107
0.00785851
0.00834183
0.00864445
0.00883133
0.00893207
0.00893423
0.00883829
0.00865452
0.00835344
0.00787162
0.00715491
0.00631396
0.0054851
0.00479084
0.00436051
0.00426434
0.00510003
0.00305763
0.00282899
0.00321952
0.00355546
0.00381878
0.00405385
0.00426274
0.00444635
0.00459132
0.00469086
0.0047432
0.00476127
0.00476101
0.00474253
0.00468986
0.00459014
0.00444505
0.00426143
0.00405263
0.00381773
0.00355462
0.00321885
0.00282845
0.00305758
0.00346066
0.00237796
0.0024177
0.00258889
0.00274977
0.00288044
0.00297506
0.00304697
0.00309522
0.00312284
0.0031326
0.00313051
0.00313035
0.00313223
0.00312233
0.00309462
0.00304633
0.00297441
0.00287983
0.00274921
0.00258841
0.00241723
0.00237747
0.00346104
0.00439952
0.00543841
0.00482474
0.00517517
0.00596014
0.006843
0.00769912
0.00847517
0.00913755
0.00965334
0.0100014
0.0101769
0.0101767
0.0100008
0.00965245
0.00913638
0.00847381
0.00769769
0.00684158
0.00595887
0.00517421
0.00482397
0.00543743
0.00439986
0.00451261
0.00483547
0.00405396
0.00424168
0.00478459
0.00535768
0.00587232
0.00631139
0.0066691
0.00693984
0.00712028
0.00720955
0.00720945
0.00711999
0.00693941
0.00666853
0.00631076
0.00587164
0.00535701
0.00478396
0.00424109
0.00405322
0.00483425
0.00451272
0.00108604
0.00202643
0.002685
0.002217
0.00189163
0.00167479
0.00159786
0.00161634
0.00168283
0.00175876
0.0018178
0.00184789
0.00184797
0.00181809
0.00175928
0.00168349
0.00161711
0.0015988
0.00167598
0.00189271
0.00221649
0.00267912
0.0020274
0.00108494
0.00736738
0.0051906
0.00512497
0.00512293
0.00512275
0.00512254
0.00512238
0.00512225
0.00512217
0.00512211
0.00512208
0.00512206
0.00512206
0.00512208
0.00512211
0.00512217
0.00512225
0.00512238
0.00512254
0.00512275
0.00512293
0.00512497
0.0051906
0.00736738
0.0174153
0.008816
0.00689435
0.00664579
0.00704971
0.00777644
0.00854604
0.00904217
0.00938624
0.00964156
0.00983657
0.00994352
0.00994528
0.00984238
0.00966348
0.00941522
0.00907055
0.00857104
0.00779858
0.00706252
0.00665067
0.00689305
0.00881242
0.017415
0.0114595
0.00659187
0.00544149
0.00526406
0.0052418
0.00523871
0.00523766
0.00523686
0.00523621
0.00523572
0.0052354
0.00523524
0.00523524
0.0052354
0.00523572
0.00523621
0.00523686
0.00523766
0.00523871
0.0052418
0.00526406
0.00544149
0.00659187
0.0114595
0.0114003
0.00642329
0.00539627
0.00524922
0.00523176
0.00522927
0.0052283
0.00522754
0.00522693
0.00522648
0.00522619
0.00522605
0.00522605
0.00522619
0.00522648
0.00522693
0.00522754
0.0052283
0.00522927
0.00523176
0.00524923
0.00539627
0.00642329
0.0114003
0.00677827
0.0105178
0.0123493
0.013526
0.0142183
0.0146056
0.0150045
0.015439
0.0157149
0.0156755
0.0153958
0.0151314
0.0152064
0.0155271
0.015788
0.0157978
0.0155457
0.0151627
0.014748
0.0142998
0.0135426
0.0123396
0.0105257
0.00682783
0.00887804
0.00537833
0.00516696
0.00515389
0.00515279
0.00515231
0.00515193
0.00515164
0.00515143
0.00515128
0.00515119
0.00515115
0.00515115
0.00515119
0.00515128
0.00515143
0.00515164
0.00515193
0.00515231
0.00515279
0.00515389
0.00516696
0.00537833
0.00887804
0.0112634
0.0062549
0.00535695
0.00523811
0.00522463
0.00522258
0.00522168
0.00522097
0.0052204
0.00522
0.00521973
0.0052196
0.0052196
0.00521973
0.00522
0.0052204
0.00522097
0.00522168
0.00522258
0.00522463
0.00523811
0.00535695
0.0062549
0.0112634
0.0184405
0.0106031
0.00780251
0.00715318
0.00737664
0.00797502
0.00863913
0.00905754
0.00934107
0.00954809
0.0096986
0.00976818
0.00977222
0.00970581
0.00956642
0.00936579
0.00908243
0.00866194
0.00799436
0.00738771
0.00715736
0.00780282
0.0106035
0.0184423
0.0100038
0.015583
0.0127422
0.00985195
0.00892147
0.00950005
0.0109729
0.0129447
0.0163976
0.0211958
0.0259981
0.0305025
0.0290579
0.0227943
0.0183514
0.0147173
0.0127512
0.011236
0.00984297
0.00918253
0.0100565
0.0128312
0.0155868
0.00998675
0.0181552
0.0113587
0.00823678
0.00739445
0.00752318
0.00805465
0.00866188
0.00904414
0.00930007
0.00948441
0.00961251
0.0096649
0.00966984
0.0096205
0.0095013
0.00932277
0.00906722
0.00868354
0.0080723
0.00753327
0.0073985
0.00823827
0.0113609
0.0181576
0.0182518
0.00973512
0.0073551
0.00690965
0.00722673
0.00789178
0.00861127
0.00906719
0.00937973
0.00960927
0.00978145
0.00986988
0.00987277
0.00978792
0.00962924
0.00940647
0.00909381
0.00863514
0.00791268
0.00723871
0.0069141
0.0073545
0.0097335
0.0182525
0.0114794
0.00693193
0.00553391
0.0052893
0.00525574
0.00525124
0.00525006
0.00524919
0.00524845
0.00524788
0.0052475
0.00524731
0.00524731
0.0052475
0.00524788
0.00524845
0.00524919
0.00525006
0.00525125
0.00525574
0.0052893
0.00553391
0.00693192
0.0114794
0.00647022
0.0130666
0.0147409
0.0144306
0.0131997
0.0129911
0.014052
0.0158438
0.017821
0.0190659
0.0196386
0.0197432
0.0196522
0.0192177
0.0184078
0.0170676
0.015474
0.0142779
0.0134459
0.0136159
0.0145703
0.0147334
0.0130382
0.00650681
0.00314537
0.00312154
0.00345907
0.00399498
0.00470267
0.00550919
0.00633261
0.00707262
0.00764683
0.00802151
0.00823853
0.00833767
0.0083381
0.00823986
0.00802427
0.007652
0.00708074
0.00634296
0.00551983
0.00471166
0.00400105
0.00346097
0.00311912
0.00314256
0.000621132
0.000995538
0.00110581
0.00120807
0.00132392
0.00142818
0.00154816
0.00167328
0.00178535
0.00186907
0.00191695
0.00193417
0.00193425
0.00191742
0.00187011
0.00178687
0.00167511
0.00155015
0.00143023
0.00132598
0.00120987
0.00110647
0.000996584
0.000619499
0.00081796
0.00106637
0.00145681
0.00119898
0.00116627
0.00118603
0.00125357
0.00134259
0.00143149
0.00150058
0.00153964
0.00155256
0.00155261
0.00153998
0.00150135
0.00143261
0.00134392
0.00125504
0.00118769
0.00116806
0.00120023
0.00145696
0.00106716
0.000817866
0.0104684
0.00577657
0.00524786
0.00519616
0.00519125
0.00519022
0.00518956
0.00518904
0.00518864
0.00518836
0.00518818
0.00518809
0.00518809
0.00518818
0.00518836
0.00518864
0.00518904
0.00518956
0.00519022
0.00519125
0.00519616
0.00524786
0.00577657
0.0104684
0.0108163
0.00593056
0.00528091
0.00520984
0.00520268
0.00520138
0.00520063
0.00520004
0.00519958
0.00519926
0.00519905
0.00519895
0.00519895
0.00519905
0.00519926
0.00519958
0.00520004
0.00520063
0.00520138
0.00520268
0.00520984
0.00528091
0.00593055
0.0108163
0.0106935
0.00607822
0.00558853
0.00579389
0.00639685
0.00724164
0.00811622
0.00874657
0.00920052
0.0095457
0.00981271
0.00995818
0.00996583
0.00982421
0.00957778
0.00923811
0.00877999
0.00814304
0.00726395
0.00641035
0.00580043
0.0055884
0.00607378
0.0106925
0.00921415
0.00573934
0.00541155
0.00566029
0.00628935
0.00714186
0.00802742
0.00868695
0.00916397
0.00952525
0.00980129
0.00994785
0.00995919
0.00981752
0.00955889
0.00920153
0.00871997
0.00805367
0.0071627
0.00630249
0.00566702
0.0054115
0.00573505
0.00921365
0.00270157
0.00196714
0.00238509
0.00290625
0.00346415
0.00399597
0.00449394
0.00496326
0.00540093
0.00577604
0.00604346
0.00618001
0.00618094
0.00604571
0.00577915
0.00540394
0.00496543
0.00449534
0.003997
0.00346497
0.00290671
0.00238469
0.00196625
0.00270166
0.000653599
0.000846077
0.00100821
0.00104085
0.00103405
0.00104629
0.00109114
0.00115212
0.00121191
0.00125674
0.00128001
0.0012861
0.00128615
0.00128029
0.00125732
0.00121272
0.00115307
0.00109217
0.0010475
0.00103555
0.00104252
0.00101024
0.000847634
0.000654298
0.0108003
0.00593116
0.00528324
0.00521205
0.00520478
0.00520345
0.0052027
0.0052021
0.00520165
0.00520132
0.00520111
0.00520101
0.00520101
0.00520111
0.00520132
0.00520165
0.0052021
0.0052027
0.00520345
0.00520478
0.00521205
0.00528324
0.00593116
0.0108003
0.0178895
0.00930198
0.00712828
0.0067816
0.00714351
0.00784075
0.00858656
0.00906262
0.00939085
0.00963387
0.00981752
0.00991508
0.00991746
0.00982363
0.00965473
0.00941869
0.00909014
0.00861097
0.00786236
0.00715593
0.00678625
0.00712717
0.00929927
0.0178897
0.000781066
0.00104161
0.00125782
0.00117437
0.0012184
0.00128679
0.00138264
0.00149086
0.00159504
0.00167512
0.00172112
0.00173723
0.0017373
0.00172155
0.00167608
0.00159643
0.00149249
0.00138442
0.00128866
0.00122017
0.00117546
0.00125588
0.00104224
0.00078011
0.0121411
0.00646747
0.0057817
0.00593382
0.00650995
0.00734362
0.0082056
0.008811
0.00924409
0.00957185
0.00982843
0.00997265
0.00997697
0.00983688
0.00960182
0.00927998
0.0088437
0.00823249
0.00736668
0.00652364
0.0059401
0.00578121
0.00646263
0.0121397
0.0147447
0.00736126
0.00620751
0.0062218
0.00673741
0.0075381
0.00836941
0.00892936
0.00932496
0.00962199
0.00985381
0.00998754
0.00998883
0.00985985
0.00964815
0.00935783
0.00896031
0.0083958
0.00756132
0.00675103
0.00622749
0.00620627
0.0073561
0.0147434
0.00948462
0.00549863
0.00519201
0.00516917
0.0051672
0.00516656
0.00516609
0.00516572
0.00516544
0.00516525
0.00516513
0.00516508
0.00516508
0.00516513
0.00516525
0.00516544
0.00516572
0.00516609
0.00516656
0.0051672
0.00516917
0.00519201
0.00549863
0.00948462
0.00773661
0.0054236
0.00522041
0.00551089
0.00616615
0.00702343
0.00791635
0.00860588
0.00910295
0.00947634
0.00976008
0.00991732
0.00992888
0.00978093
0.00950652
0.00913407
0.00863307
0.00793833
0.00704092
0.00617795
0.00551719
0.00522008
0.00541882
0.00773603
0.000764951
0.000976979
0.00123397
0.00117731
0.00113588
0.00112481
0.0011698
0.00124191
0.00131739
0.00137667
0.00140926
0.00141907
0.00141912
0.00140957
0.00137735
0.00131835
0.001243
0.00117096
0.00112616
0.00113749
0.00117889
0.00123702
0.000978792
0.000765505
0.0100337
0.00563071
0.00521733
0.00518183
0.00517866
0.00517786
0.00517729
0.00517684
0.0051765
0.00517627
0.00517612
0.00517604
0.00517604
0.00517612
0.00517627
0.00517651
0.00517684
0.00517729
0.00517786
0.00517866
0.00518183
0.00521733
0.00563071
0.0100337
0.0114771
0.00676276
0.005488
0.00527782
0.00525018
0.00524643
0.00524531
0.00524446
0.00524376
0.00524323
0.00524288
0.00524271
0.00524271
0.00524288
0.00524323
0.00524376
0.00524446
0.00524531
0.00524643
0.00525018
0.00527782
0.005488
0.00676275
0.0114771
0.0079991
0.0205251
0.0107003
0.0081901
0.00784672
0.00858503
0.010116
0.0120206
0.0151612
0.0219569
0.036736
0.0407222
0.0352722
0.0275262
0.0175418
0.0137321
0.0120151
0.0103569
0.00889443
0.00804698
0.0083343
0.0108336
0.0204729
0.00801381
0.00640544
0.0125679
0.0147495
0.0151095
0.0143563
0.0141241
0.0149504
0.016403
0.0178151
0.0185849
0.0187225
0.0185821
0.0185933
0.0185552
0.0182005
0.0173452
0.0161608
0.0151706
0.0145435
0.0147034
0.015192
0.0147095
0.0125303
0.00644832
0.00684948
0.0106916
0.0126745
0.0138674
0.0144922
0.0148213
0.0152516
0.0157884
0.0161581
0.0161699
0.015901
0.0156262
0.0157073
0.0160267
0.0162586
0.0162067
0.0158676
0.0154175
0.0149896
0.0145941
0.0138869
0.0126586
0.0106917
0.00689546
0.0114518
0.00693284
0.00553636
0.00529154
0.00525787
0.00525334
0.00525213
0.00525125
0.00525049
0.00524991
0.00524953
0.00524934
0.00524934
0.00524953
0.00524992
0.00525049
0.00525125
0.00525213
0.00525334
0.00525787
0.00529154
0.00553635
0.00693283
0.0114518
0.0158028
0.00785662
0.0064327
0.00636515
0.00684632
0.0076254
0.0084381
0.00897634
0.00935421
0.00963706
0.00985584
0.00998031
0.0099816
0.00986168
0.00966155
0.00938572
0.00900644
0.00846411
0.00764837
0.00685975
0.00637055
0.00643126
0.00785155
0.0158017
0.0088716
0.00537675
0.00516574
0.0051528
0.00515176
0.00515129
0.00515092
0.00515063
0.00515043
0.00515028
0.00515019
0.00515015
0.00515015
0.00515019
0.00515028
0.00515043
0.00515063
0.00515092
0.00515129
0.00515176
0.0051528
0.00516574
0.00537675
0.0088716
0.0113811
0.0071031
0.00558735
0.0053064
0.00526622
0.00526083
0.00525951
0.00525857
0.00525774
0.0052571
0.00525666
0.00525645
0.00525645
0.00525666
0.0052571
0.00525774
0.00525857
0.00525951
0.00526083
0.00526623
0.0053064
0.00558735
0.0071031
0.0113811
0.0024856
0.00265442
0.00312342
0.00372046
0.00444666
0.0052576
0.00608425
0.00684984
0.00747648
0.007932
0.00821938
0.00835375
0.00835442
0.00822153
0.00793624
0.00748317
0.00685919
0.00609542
0.00526878
0.00445591
0.00372683
0.00312607
0.00265315
0.00248283
0.0100114
0.00563307
0.00522009
0.0051843
0.00518102
0.00518019
0.00517962
0.00517917
0.00517883
0.00517859
0.00517844
0.00517837
0.00517837
0.00517844
0.00517859
0.00517883
0.00517917
0.00517962
0.00518019
0.00518102
0.0051843
0.00522009
0.00563307
0.0100114
0.0114916
0.00676335
0.00548632
0.00527592
0.0052483
0.00524456
0.00524344
0.00524259
0.00524189
0.00524136
0.00524101
0.00524083
0.00524083
0.00524101
0.00524136
0.00524189
0.0052426
0.00524344
0.00524456
0.0052483
0.00527592
0.00548631
0.00676334
0.0114916
0.0104493
0.00577797
0.00525041
0.0051985
0.00519348
0.00519242
0.00519175
0.00519123
0.00519083
0.00519055
0.00519037
0.00519028
0.00519028
0.00519037
0.00519055
0.00519083
0.00519123
0.00519175
0.00519242
0.00519348
0.0051985
0.00525041
0.00577797
0.0104493
0.00653144
0.0104384
0.0121734
0.0133118
0.0140163
0.0144236
0.0147818
0.0151242
0.0153132
0.0152215
0.0149207
0.0146579
0.0147257
0.0150501
0.015343
0.0154137
0.0152465
0.0149336
0.0145484
0.014084
0.0133256
0.0121669
0.0104516
0.00658582
0.00733426
0.0140677
0.0137655
0.0116833
0.0102581
0.0105662
0.0119587
0.014
0.0172185
0.0201153
0.0224058
0.0239458
0.0233011
0.0209579
0.018485
0.0156585
0.0136339
0.0122249
0.0109551
0.0105941
0.0119385
0.013821
0.0140578
0.00735798
0.0112506
0.00727726
0.00564861
0.00533213
0.00528539
0.00527908
0.00527762
0.00527658
0.00527566
0.00527493
0.00527443
0.00527418
0.00527418
0.00527443
0.00527493
0.00527566
0.00527658
0.00527763
0.00527908
0.00528539
0.00533213
0.0056486
0.00727726
0.0112506
0.00951003
0.00549512
0.00518906
0.00516657
0.0051647
0.0051641
0.00516363
0.00516326
0.00516299
0.00516279
0.00516267
0.00516261
0.00516261
0.00516267
0.00516279
0.00516299
0.00516326
0.00516363
0.0051641
0.0051647
0.00516657
0.00518906
0.00549512
0.00951003
0.0167235
0.00832608
0.00666251
0.00650789
0.0069517
0.00770598
0.00849802
0.00901485
0.00937542
0.00964348
0.00985023
0.00996635
0.00996763
0.00985575
0.00966659
0.00940561
0.00904409
0.00852356
0.00772859
0.00696486
0.00651302
0.00666115
0.00832172
0.0167227
0.0112744
0.00625547
0.00535509
0.00523617
0.00522277
0.00522076
0.00521986
0.00521915
0.00521859
0.00521818
0.00521791
0.00521778
0.00521778
0.00521791
0.00521818
0.00521859
0.00521915
0.00521986
0.00522076
0.00522277
0.00523617
0.00535509
0.00625547
0.0112744
0.0135064
0.00689933
0.0059899
0.00607743
0.00662466
0.00744362
0.0082913
0.00887349
0.00928735
0.00959907
0.00984361
0.00998407
0.0099864
0.00985049
0.00962709
0.00932169
0.00890533
0.008318
0.00746691
0.00663837
0.00608342
0.00598898
0.00689418
0.013505
0.0110826
0.00609075
0.00531664
0.0052231
0.00521313
0.0052115
0.00521068
0.00521002
0.00520951
0.00520915
0.00520891
0.00520879
0.00520879
0.00520891
0.00520915
0.00520951
0.00521002
0.00521068
0.0052115
0.00521313
0.0052231
0.00531664
0.00609075
0.0110826
0.0184143
0.0101803
0.00758101
0.00703375
0.00730469
0.00793676
0.00862909
0.00906595
0.00936372
0.00958186
0.0097431
0.00982187
0.00982535
0.00974993
0.00960096
0.00938942
0.0090917
0.00865241
0.00795694
0.00731622
0.00703804
0.00758082
0.0101797
0.0184155
0.0067523
0.0134857
0.0142765
0.0131888
0.0117541
0.0117715
0.013028
0.01501
0.0175417
0.0194769
0.0207167
0.0212974
0.0210148
0.0199185
0.0184232
0.0164613
0.0145987
0.0132758
0.0122021
0.0121495
0.0133961
0.0143116
0.0134743
0.00678045
0.0114694
0.00659299
0.00544008
0.00526243
0.00524022
0.00523717
0.00523613
0.00523532
0.00523467
0.00523418
0.00523386
0.0052337
0.0052337
0.00523386
0.00523418
0.00523467
0.00523532
0.00523613
0.00523717
0.00524022
0.00526243
0.00544008
0.00659299
0.0114695
0.00618621
0.0103746
0.0120595
0.0131445
0.0138223
0.0142177
0.0145233
0.0147771
0.0148829
0.0147379
0.014402
0.0140827
0.0141622
0.0145299
0.014855
0.0149869
0.0149047
0.0146693
0.0143317
0.0138822
0.0131576
0.0120561
0.0103921
0.00624259
0.0081543
0.00527597
0.00514596
0.0051397
0.00513917
0.00513884
0.00513856
0.00513836
0.00513821
0.00513811
0.00513805
0.00513802
0.00513802
0.00513805
0.00513811
0.00513821
0.00513836
0.00513856
0.00513884
0.00513917
0.0051397
0.00514596
0.00527597
0.0081543
0.0113907
0.00642235
0.0053979
0.00525102
0.00523349
0.00523097
0.00522999
0.00522923
0.00522862
0.00522817
0.00522788
0.00522774
0.00522774
0.00522788
0.00522817
0.00522862
0.00522923
0.00522999
0.00523097
0.00523349
0.00525102
0.0053979
0.00642234
0.0113907
0.0110693
0.0060907
0.00531873
0.00522518
0.00521511
0.00521345
0.00521262
0.00521196
0.00521146
0.00521109
0.00521085
0.00521074
0.00521074
0.00521085
0.00521109
0.00521146
0.00521196
0.00521262
0.00521345
0.00521511
0.00522518
0.00531873
0.0060907
0.0110693
0.0183305
0.0110033
0.00802101
0.00727144
0.00744705
0.00801188
0.00864752
0.00904809
0.00931788
0.00951385
0.00965355
0.00971459
0.0097191
0.00966115
0.00953146
0.00934162
0.00907211
0.00866981
0.00803039
0.00745766
0.00727555
0.00802188
0.0110047
0.0183326
0.00269461
0.00302224
0.0042677
0.00534573
0.00624915
0.00702193
0.00769347
0.00827547
0.00876222
0.00913845
0.00939111
0.00951693
0.00951654
0.0093899
0.00913641
0.00875929
0.00827157
0.00768869
0.00701655
0.00624337
0.00533963
0.00426126
0.00301575
0.00269288
0.0008101
0.0006737
0.000718578
0.000964328
0.00156299
0.00242513
0.00135825
0.00074974
0.000621009
0.000730514
0.000840564
0.000850682
0.000754701
0.000598467
0.000446141
0.000369886
0.000527274
0.0010788
0.00154923
0.00117143
0.00085143
0.000693791
0.000670056
0.000810809
0.00479847
0.00439356
0.00467803
0.00506581
0.00549711
0.00590362
0.00621629
0.00641739
0.00653791
0.00661896
0.00668574
0.00672806
0.00672754
0.00668455
0.00661746
0.00653632
0.00641572
0.00621441
0.00590149
0.005495
0.00506404
0.00467672
0.00439266
0.0047976
0.000263008
0.000998431
0.00158897
0.00186939
0.00203676
0.00218993
0.00234942
0.00250659
0.00264841
0.00276218
0.00283781
0.0028737
0.00287385
0.00283827
0.00276298
0.0026494
0.00250764
0.00235048
0.00219109
0.00203821
0.00187155
0.00159231
0.00100255
0.000262173
0.000295091
0.000961974
0.00157327
0.00190176
0.00210953
0.00229937
0.00249238
0.00267969
0.00284751
0.00298226
0.00307339
0.00311811
0.00311829
0.00307393
0.00298315
0.00284862
0.00268087
0.00249361
0.00230073
0.00211123
0.00190417
0.00157668
0.000965665
0.000294656
0.00406938
0.0062205
0.00429467
0.00357276
0.00368161
0.00407797
0.00447654
0.0047892
0.00500931
0.00515275
0.00523897
0.00528123
0.0052814
0.00524017
0.00515474
0.00501152
0.00479127
0.00447825
0.00407911
0.00368167
0.00356973
0.00428373
0.00619935
0.00407663
0.00235977
0.00335301
0.00263175
0.00266841
0.00295782
0.00321117
0.00342268
0.00365961
0.0039687
0.00434452
0.00471766
0.00493046
0.0048466
0.00454889
0.0041664
0.0038288
0.00357525
0.00338049
0.00319155
0.00294906
0.00266459
0.00262833
0.00334946
0.0023622
0.00110868
0.00105024
0.00131568
0.00150743
0.00161793
0.00167976
0.00173827
0.00182172
0.00192164
0.00201491
0.00208253
0.00212451
0.00212464
0.00208281
0.0020151
0.00192163
0.00182147
0.00173779
0.00167907
0.00161706
0.00150651
0.00131493
0.0010498
0.00110862
0.00325807
0.00429244
0.00480856
0.00565704
0.00696038
0.00830266
0.0096115
0.0110126
0.0122789
0.0129419
0.0132706
0.0134442
0.0134446
0.0132716
0.0129433
0.0122796
0.0110136
0.00961226
0.00830229
0.00696024
0.00565726
0.00480896
0.00429207
0.00325796
0.00631238
0.00502463
0.00499307
0.00499209
0.00499204
0.00499197
0.00499191
0.00499187
0.00499185
0.00499183
0.00499182
0.00499181
0.00499181
0.00499182
0.00499183
0.00499185
0.00499187
0.00499191
0.00499197
0.00499204
0.00499209
0.00499307
0.00502463
0.00631238
0.000555914
0.000493267
0.000489441
0.000457509
0.000415111
0.00048956
0.000807232
0.000577194
0.000300947
0.000291171
0.000310475
0.000301497
0.000265024
0.000220583
0.000189033
0.000212259
0.00038019
0.000467167
0.000374064
0.000388082
0.000453649
0.000490345
0.000496083
0.000560149
0.000190434
0.0011706
0.0017231
0.00199092
0.00218712
0.00237811
0.00256797
0.00274532
0.00289932
0.00301967
0.00309834
0.0031354
0.00313553
0.00309876
0.00302041
0.00290026
0.00274631
0.00256895
0.00237911
0.00218828
0.00199261
0.0017259
0.00117432
0.000190412
0.00237682
0.00518452
0.00615151
0.00726665
0.00851109
0.00973515
0.0108238
0.0117128
0.012402
0.0128921
0.0131891
0.0133249
0.0133246
0.0131882
0.0128906
0.0124
0.0117104
0.0108212
0.00973266
0.00850924
0.00726561
0.00615116
0.00518438
0.00237792
0.00675863
0.00687491
0.00435844
0.00379767
0.0040402
0.00447875
0.00493287
0.0053569
0.00573128
0.00603778
0.00625713
0.00637262
0.00637239
0.00625643
0.00603666
0.00572984
0.00535529
0.00493121
0.00447718
0.00403895
0.00379713
0.00435886
0.00687502
0.00675746
0.00401475
0.00467609
0.00653326
0.00838043
0.0101606
0.0117476
0.0130177
0.0139343
0.0145458
0.0149304
0.01516
0.0152597
0.0152587
0.0151572
0.0149262
0.0145406
0.013928
0.0130103
0.0117394
0.0101528
0.00837394
0.00652883
0.00467395
0.00401283
0.000453199
0.000307257
0.000293045
0.000237478
0.000195982
0.000165808
6.13157e-05
4.26116e-05
6.83738e-05
0.00010527
0.000127729
0.000120398
9.49964e-05
6.74974e-05
4.55444e-05
3.08197e-05
2.45177e-05
3.5288e-05
0.000110952
0.000163098
0.000229306
0.000293669
0.000309801
0.000455424
6.13217e-05
0.000146529
0.000159017
0.000149309
0.000134268
0.000128264
0.000137546
0.000162892
0.000203406
0.00023956
0.000212844
0.000158544
0.000152089
0.000181028
0.00023567
0.000303036
0.000367937
0.000419167
0.000451057
0.000462905
0.000457852
0.000442452
0.000428525
0.000435137
0.000566924
0.00026659
0.000316976
0.000442683
0.000565291
0.000302989
9.0338e-05
0.000153345
0.000288463
0.000456757
0.000561243
0.000551362
0.000457917
0.000334823
0.000223016
0.000140181
8.74043e-05
6.45341e-05
0.000108693
0.000304007
0.00031557
0.000277575
0.000257288
0.000560753
0.0044768
0.00468478
0.00368625
0.00364582
0.00401626
0.00444834
0.00483166
0.00515002
0.00540239
0.00558926
0.00571172
0.0057717
0.00577165
0.00571157
0.00558905
0.00540213
0.00514974
0.00483138
0.00444806
0.00401596
0.00364536
0.00368522
0.00468284
0.00447758
0.00405825
0.00444842
0.00582746
0.00734089
0.00893457
0.0104109
0.0115622
0.012336
0.0128147
0.0131095
0.0133003
0.0133905
0.0133893
0.0132973
0.0131054
0.01281
0.0123307
0.011556
0.0104037
0.00892767
0.00733548
0.00582411
0.00444713
0.00405678
0.00502291
0.00555264
0.00419657
0.00418001
0.00469824
0.00530827
0.00588385
0.00638886
0.00680851
0.00713131
0.00735009
0.0074609
0.00746082
0.00734987
0.00713096
0.00680804
0.0063883
0.00588324
0.00530764
0.00469762
0.00417944
0.00419593
0.00555145
0.00502304
0.00141312
0.00121599
0.00103877
0.000515993
0.000402598
0.000566708
0.00106142
0.00160055
0.00207961
0.0021433
0.00187946
0.00202657
0.00240417
0.00232463
0.00196167
0.00144119
0.00104778
0.000821411
0.000920888
0.00136388
0.0020139
0.00223916
0.00148406
0.00168102
0.00569269
0.00384297
0.0040687
0.00443913
0.00482629
0.00518721
0.0054811
0.00568913
0.00582076
0.0058976
0.00594136
0.00595816
0.00595788
0.00594067
0.00589665
0.0058196
0.00568774
0.00547942
0.00518534
0.00482448
0.00443766
0.00406769
0.00384241
0.00569169
0.00558713
0.00382676
0.00410622
0.00452152
0.00495678
0.00536376
0.00569264
0.00592063
0.00606041
0.00613938
0.00618401
0.0062004
0.00620007
0.0061832
0.00613827
0.00605909
0.00591905
0.00569074
0.00536163
0.00495472
0.00451986
0.00410509
0.00382614
0.00558603
0.00170353
0.00390745
0.00480968
0.00559525
0.00647297
0.00733916
0.00807713
0.00865744
0.00906136
0.00932395
0.00946428
0.0095143
0.00951431
0.00946424
0.00932381
0.00906085
0.00865644
0.0080757
0.00733769
0.00647165
0.00559437
0.0048093
0.00390759
0.00170378
0.00334781
0.00231249
0.00230307
0.00244924
0.00259295
0.0027053
0.00278153
0.00283598
0.00286922
0.00288542
0.00288802
0.00288315
0.00288301
0.00288768
0.00288497
0.0028687
0.00283542
0.00278098
0.00270479
0.00259247
0.00244884
0.00230264
0.00231197
0.00334853
0.00236532
0.0023595
0.0028809
0.00350151
0.00381157
0.00404703
0.00453384
0.00519987
0.00561773
0.00519026
0.00430934
0.00360804
0.00435337
0.00542194
0.00635821
0.00751058
0.00823533
0.00808082
0.00728386
0.0060571
0.0046368
0.0033332
0.00259206
0.00244693
0.00481867
0.00633127
0.00448701
0.00373121
0.00383085
0.00425392
0.00470745
0.00508628
0.00537044
0.00556773
0.00569091
0.00575008
0.00575012
0.00569108
0.00556803
0.00537086
0.00508682
0.00470811
0.00425457
0.00383091
0.00372865
0.00447989
0.00632692
0.00482479
0.000553017
0.000820664
0.000899983
0.000964825
0.0010211
0.00106642
0.00110103
0.00112487
0.00113858
0.00114324
0.00114098
0.0011371
0.00113709
0.00114111
0.00114352
0.001139
0.00112541
0.00110169
0.00106719
0.00102194
0.000965676
0.000900785
0.000821394
0.000553562
0.00242371
0.00477467
0.00558805
0.00650773
0.00753927
0.00855495
0.00948346
0.0102808
0.0109312
0.0114166
0.01173
0.0118828
0.0118825
0.0117291
0.011415
0.0109292
0.0102785
0.00948112
0.00855285
0.0075377
0.00650675
0.00558757
0.00477429
0.00242446
0.00130269
0.00163317
0.00139499
0.00148609
0.00165178
0.001934
0.00255818
0.00346744
0.00398161
0.00317273
0.00243226
0.0020583
0.00192045
0.00207213
0.00269308
0.00296343
0.00264244
0.00212903
0.00178234
0.00160969
0.00147679
0.00139308
0.0016339
0.00130575
0.00646913
0.00693046
0.00463619
0.00422203
0.00465008
0.005338
0.00607787
0.0067918
0.00743403
0.00796489
0.00834677
0.00854798
0.00854755
0.0083454
0.00796265
0.00743109
0.00678843
0.0060744
0.00533482
0.00464772
0.00422115
0.00463708
0.00693154
0.00646697
0.00297651
0.00367297
0.00416175
0.00465208
0.00508044
0.00548096
0.00584968
0.00617649
0.00644253
0.0066352
0.00675205
0.00679548
0.00679513
0.00675114
0.0066339
0.00644095
0.00617476
0.00584795
0.00547936
0.00507909
0.00465102
0.00416093
0.00367228
0.00297645
0.00338083
0.00587582
0.00871941
0.011488
0.0140387
0.0162625
0.0181085
0.0195742
0.0206848
0.0214754
0.0219839
0.0222327
0.0222316
0.0219805
0.0214697
0.020677
0.0195647
0.0180974
0.0162504
0.0140266
0.0114771
0.00871094
0.00587076
0.00337849
0.00243644
0.00189074
0.00171948
0.00186185
0.00207553
0.00227718
0.00245135
0.00259625
0.00271108
0.00279411
0.0028463
0.00286964
0.00286964
0.00284628
0.00279404
0.00271093
0.00259601
0.00245101
0.00227679
0.00207513
0.0018615
0.00171922
0.0018906
0.00243629
0.00199665
0.00327411
0.00242081
0.00240678
0.00260468
0.00277754
0.00288387
0.00293679
0.00295214
0.00294593
0.00292847
0.00291433
0.00291433
0.00292841
0.00294592
0.00295218
0.00293694
0.00288416
0.00277799
0.00260521
0.002407
0.0024184
0.00326759
0.00201201
0.000423101
0.000107471
8.68732e-05
7.44988e-05
0.000154001
0.000267837
0.000402593
0.000550782
0.00070409
0.000806438
0.000851823
0.000750454
0.000473645
0.000266169
0.000142418
8.01575e-05
5.15748e-05
3.50437e-05
2.24714e-05
1.59444e-05
1.5515e-05
5.78465e-05
0.000123456
0.000722607
0.0113692
0.00737407
0.00567059
0.00537728
0.0054292
0.00555033
0.00560821
0.00562405
0.00563538
0.00564332
0.00564817
0.00564985
0.00564985
0.00564819
0.00564336
0.00563542
0.00562409
0.00560825
0.00555036
0.00542922
0.0053773
0.00567063
0.00737414
0.0113692
0.00112101
0.00279719
0.00343107
0.00377486
0.00410213
0.00438159
0.00455614
0.00462038
0.00456108
0.00442211
0.00426014
0.00413164
0.00413138
0.00425967
0.00442161
0.00456048
0.00461951
0.00455496
0.00438035
0.00410085
0.00377385
0.00343054
0.00279732
0.00112104
0.000694062
0.00166915
0.00129436
0.00133761
0.00138593
0.00137636
0.00132289
0.00124698
0.00115886
0.00107153
0.000996397
0.000947985
0.000947433
0.000995136
0.00107
0.0011574
0.00124575
0.001322
0.00137581
0.00138574
0.00133773
0.00129372
0.00166436
0.000707791
0.00283058
0.00284061
0.00312062
0.00323264
0.00324422
0.00325167
0.00325281
0.00324922
0.00323631
0.00321453
0.00318947
0.00316538
0.00316519
0.00318905
0.00321398
0.00323565
0.00324852
0.00325213
0.00325106
0.00324371
0.00323224
0.00312036
0.00284047
0.00283059
0.00368449
0.00504068
0.00493495
0.00555714
0.00644281
0.00733366
0.00814492
0.00885252
0.00944381
0.00990018
0.0102095
0.0103669
0.0103667
0.0102089
0.0098992
0.00944253
0.00885104
0.00814338
0.00733215
0.00644152
0.00555613
0.00493408
0.00503964
0.00368477
0.00917037
0.00499278
0.0048247
0.00482481
0.00482875
0.00483004
0.00483027
0.00483023
0.00483015
0.00483009
0.00483005
0.00483004
0.00483004
0.00483005
0.00483009
0.00483015
0.00483023
0.00483027
0.00483004
0.00482875
0.00482481
0.0048247
0.00499278
0.00917037
0.020706
0.0065022
0.00517313
0.00552119
0.0061744
0.00689123
0.00759175
0.00817891
0.00869866
0.00921883
0.00968476
0.00988216
0.0098706
0.00968373
0.00929627
0.00881675
0.00827144
0.0076335
0.00691191
0.00618834
0.00553232
0.0051819
0.00650941
0.0207057
0.0185788
0.00594808
0.00515015
0.00556311
0.00623453
0.00697073
0.00769745
0.0083036
0.00884335
0.00938426
0.0098977
0.0101505
0.0101204
0.00986438
0.00944858
0.00896436
0.00840729
0.00775618
0.00700902
0.00626127
0.00558091
0.00516104
0.00595667
0.0185809
0.0022782
0.00609002
0.00944434
0.0122924
0.0146298
0.016546
0.0181534
0.0195106
0.020616
0.0214856
0.0220993
0.0224206
0.0224182
0.022092
0.0214737
0.0206002
0.0194917
0.0181323
0.0165242
0.0146088
0.0122741
0.00942933
0.0060807
0.0022789
0.00571759
0.00619311
0.00419343
0.0037961
0.00410131
0.00456886
0.00502873
0.00543727
0.00577964
0.00604519
0.00622618
0.00631814
0.00631803
0.00622583
0.00604463
0.00577891
0.00543642
0.00502782
0.00456794
0.00410048
0.00379553
0.00419309
0.00619223
0.0057175
0.00287784
0.00215958
0.00245659
0.00290138
0.00337868
0.00384575
0.00429642
0.00472507
0.00511411
0.00543809
0.00567224
0.00579157
0.00579237
0.00567418
0.00544081
0.00511695
0.00472737
0.00429807
0.00384657
0.00337913
0.00290135
0.00245589
0.00215853
0.00287821
0.00601793
0.00663573
0.00436708
0.00375737
0.00399258
0.00447955
0.00498898
0.00545115
0.00584149
0.0061464
0.00635605
0.00646316
0.00646293
0.00635536
0.00614527
0.00583997
0.00544935
0.00498703
0.00447768
0.00399111
0.00375672
0.00436724
0.00663529
0.00601748
0.0013222
0.00142173
0.0013777
0.00171226
0.00242445
0.0036689
0.00501526
0.00468224
0.00288188
0.00223241
0.00207734
0.00200266
0.00188029
0.00171301
0.00169269
0.0022142
0.00305049
0.00323487
0.00267462
0.00204354
0.00159856
0.00134939
0.00141427
0.00132167
0.0027774
0.00277787
0.0030005
0.00308346
0.00306088
0.00302192
0.00297288
0.0029211
0.00286756
0.00281572
0.00277004
0.00273815
0.00273796
0.00276969
0.00281528
0.0028671
0.00292065
0.00297248
0.00302163
0.00306072
0.00308342
0.00300062
0.00277817
0.00277815
0.00304606
0.0021101
0.00234982
0.00276541
0.00321618
0.00365911
0.0040857
0.00448957
0.00485421
0.00515539
0.00537005
0.00547879
0.00547947
0.00537169
0.00515774
0.00485667
0.00449157
0.00408709
0.00365979
0.00321648
0.00276526
0.0023491
0.00210915
0.00304655
0.00289142
0.00205932
0.00239669
0.00285523
0.00333948
0.0038097
0.00426399
0.00469856
0.00509628
0.00543113
0.00567614
0.00580163
0.00580243
0.00567808
0.00543381
0.00509899
0.00470066
0.00426542
0.00381028
0.00333974
0.0028551
0.00239591
0.00205821
0.00289167
0.000632167
0.00133827
0.00135616
0.00153383
0.00177462
0.00198306
0.00215316
0.00229832
0.00242269
0.00251904
0.00258197
0.00261019
0.00261021
0.002582
0.002519
0.00242251
0.00229799
0.0021527
0.0019825
0.00177402
0.00153328
0.0013557
0.00133768
0.000632242
0.00334447
0.00522439
0.00769961
0.0102688
0.0127359
0.0149429
0.0167723
0.018198
0.0192484
0.0199767
0.0204383
0.0206607
0.0206596
0.0204351
0.0199715
0.0192414
0.0181894
0.0167621
0.0149317
0.0127246
0.010259
0.00769259
0.0052214
0.00334284
0.00579708
0.00609923
0.00624814
0.00649539
0.00709185
0.00806558
0.00940641
0.0108129
0.0121342
0.0134596
0.0154284
0.0211453
0.015053
0.0135256
0.0129866
0.0123886
0.0113191
0.00984165
0.00840194
0.00727665
0.00658281
0.00628397
0.006114
0.00580514
0.000650411
0.000590638
0.000589367
0.00060076
0.000612566
0.000619598
0.000617182
0.000601616
0.000580531
0.000618633
0.000722383
0.000714055
0.000733526
0.000781431
0.00082595
0.000858419
0.000874748
0.000874624
0.000859703
0.000832196
0.00079516
0.000753591
0.000719788
0.000742346
0.00518008
0.00429668
0.00539072
0.00693458
0.00856152
0.0101153
0.0115525
0.0128584
0.0140137
0.0150083
0.0157863
0.0162097
0.0162082
0.0157822
0.0150019
0.0140054
0.0128488
0.0115422
0.0101047
0.00855139
0.00692569
0.00538404
0.00429347
0.00518224
0.00422661
0.00423869
0.00376703
0.00400417
0.00448149
0.00496108
0.00537945
0.0057313
0.0060134
0.00622365
0.00636065
0.00642607
0.00642595
0.0063603
0.00622313
0.00601274
0.00573055
0.00537867
0.00496032
0.0044808
0.00400354
0.00376628
0.00423757
0.0042267
0.00465753
0.00352666
0.00360106
0.00383172
0.00406276
0.00426951
0.00444814
0.00459745
0.0047158
0.00480149
0.00485524
0.00488027
0.00488025
0.00485518
0.00480135
0.00471555
0.00459711
0.00444771
0.00426904
0.00406231
0.00383135
0.00360083
0.00352657
0.00465752
0.000126834
8.85137e-05
0.000120655
0.000148711
0.000176226
0.000202169
0.000229547
0.000265199
0.000325212
0.000386198
0.000395148
0.000336697
0.000303691
0.000299898
0.000304189
0.000307105
0.00029971
0.000278021
0.00024549
0.000217364
0.000213781
0.00023044
0.000268484
0.000380802
0.000178997
0.000181411
0.000220329
0.000261376
0.000302756
0.000347641
0.000398926
0.000445868
0.000486543
0.00057805
0.000673855
0.000657099
0.000641774
0.000648203
0.000656429
0.000659193
0.000655304
0.00064545
0.000631755
0.000618976
0.000611001
0.000611913
0.000627759
0.000751527
0.000182935
7.5747e-05
2.72822e-05
1.67682e-05
3.30667e-05
8.13762e-05
0.000155093
0.000215001
0.000261726
0.000309279
0.000318045
0.000276616
0.00023283
0.000196826
0.000164205
0.000131211
9.64762e-05
6.01416e-05
2.88631e-05
2.0657e-05
3.64585e-05
8.60778e-05
0.0001636
0.000409316
0.000135913
5.03261e-05
1.44113e-05
1.56319e-05
4.03486e-05
0.000104957
0.00017715
0.000237168
0.00028495
0.000325443
0.000329925
0.000288093
0.000245512
0.000209553
0.000177723
0.000146883
0.000114323
7.73257e-05
4.18542e-05
2.6829e-05
4.1788e-05
8.99668e-05
0.000169041
0.000436521
0.00242624
0.00341714
0.00507243
0.00648116
0.00768037
0.00870815
0.00958566
0.0103196
0.0109093
0.0113515
0.0116437
0.0117889
0.0117885
0.0116425
0.0113494
0.0109063
0.0103156
0.00958079
0.00870249
0.007674
0.00647404
0.00506445
0.00340871
0.00242239
0.00233829
0.00202756
0.00331654
0.0044705
0.00546859
0.00635454
0.00715054
0.00786262
0.00847577
0.00895846
0.00928337
0.00944405
0.00944403
0.0092833
0.00895838
0.00847546
0.00786175
0.00714915
0.00635298
0.00546718
0.00446931
0.00331526
0.00202604
0.0023382
0.00300226
0.00223207
0.00210408
0.00220491
0.0023256
0.00241756
0.00247314
0.00250648
0.00252082
0.00252212
0.00251495
0.00250606
0.00250593
0.00251466
0.00252173
0.00252039
0.00250606
0.00247275
0.00241722
0.00232533
0.00220468
0.0021037
0.00223118
0.00300444
0.000101819
8.59908e-05
9.5881e-05
9.98548e-05
9.90504e-05
9.81778e-05
0.000103211
0.00012169
0.000151283
0.000176582
0.000162736
0.000128078
0.000118382
0.000128194
0.000149558
0.000174578
0.000198942
0.00022241
0.000243081
0.000260785
0.000275868
0.000292036
0.000321028
0.000418396
0.00257797
0.0026936
0.00307478
0.00327757
0.00337444
0.00347171
0.00355981
0.00363611
0.00369029
0.00371844
0.00372314
0.00370953
0.00370927
0.00372254
0.00371763
0.00368934
0.00363508
0.00355879
0.00347078
0.00337366
0.00327694
0.00307433
0.00269332
0.00257794
0.00152248
0.00149418
0.00178151
0.0020458
0.00223295
0.00235721
0.0024636
0.00258247
0.00270836
0.00282089
0.00290267
0.00295147
0.00295154
0.00290282
0.00282092
0.00270813
0.00258194
0.00246276
0.00235609
0.00223163
0.00204447
0.00178041
0.00149343
0.00152211
0.0095085
0.00559011
0.00460867
0.0050022
0.00581718
0.0067158
0.00763471
0.00849111
0.00923378
0.00980111
0.0101617
0.0103364
0.010336
0.0101606
0.00979929
0.00923149
0.00848849
0.00763199
0.00671316
0.00581486
0.00500042
0.00460764
0.00558958
0.00950886
0.00494119
0.00568729
0.00410238
0.00369145
0.0039631
0.00442164
0.0048676
0.0052497
0.00555761
0.00578898
0.00594336
0.00602074
0.00602068
0.00594324
0.00578879
0.00555736
0.0052494
0.00486726
0.00442127
0.00396269
0.00369085
0.00410097
0.00568449
0.00494246
2.7549e-05
0.000146407
0.000269102
0.000353088
0.000399164
0.000413406
0.000405664
0.000387036
0.000365192
0.000345508
0.000317611
0.000295759
0.00029001
0.000290047
0.000291323
0.000295297
0.000298029
0.000293599
0.0002782
0.000249244
0.000207156
0.000156371
0.000106636
6.47397e-05
0.00589825
0.00637355
0.00423234
0.00376987
0.0040412
0.00448594
0.00492889
0.00532549
0.00565984
0.00592073
0.00609953
0.00619072
0.00619058
0.00609911
0.00592006
0.00565897
0.00532448
0.00492781
0.00448487
0.00404028
0.0037693
0.00423215
0.00637286
0.00589801
0.00280424
0.00240219
0.00316659
0.00430552
0.00555508
0.00676096
0.00780929
0.0086401
0.0092439
0.00964586
0.00988564
0.00999693
0.00999689
0.0098856
0.00964611
0.00924495
0.00864245
0.00781324
0.00676642
0.00556143
0.00431153
0.00317093
0.00240138
0.00280157
0.00299958
0.00233842
0.00304108
0.00421137
0.00544856
0.00662977
0.00766499
0.00850579
0.00914134
0.00958592
0.0098632
0.00999613
0.00999634
0.00986381
0.00958706
0.00914317
0.0085085
0.00766868
0.00663443
0.00545391
0.00421657
0.00304453
0.00233752
0.00299606
0.00233913
0.0019884
0.00211495
0.00230701
0.0024765
0.00261193
0.00272656
0.0028321
0.00292841
0.00300717
0.00306032
0.00308732
0.0030874
0.00306048
0.00300731
0.00292848
0.00283211
0.00272655
0.00261191
0.00247645
0.00230694
0.00211491
0.00198844
0.00233929
0.00336274
0.0024495
0.00249675
0.00268631
0.00287399
0.0030351
0.00317396
0.00329609
0.00340041
0.00348123
0.00353413
0.00356003
0.00356007
0.00353421
0.00348127
0.00340037
0.00329599
0.00317382
0.00303494
0.00287382
0.00268616
0.00249666
0.00244951
0.0033629
0.00230879
0.00554045
0.00736399
0.00874418
0.0101089
0.0114654
0.0126617
0.0136313
0.0143175
0.014757
0.0149955
0.0150926
0.0150924
0.0149949
0.0147558
0.0143156
0.0136285
0.0126581
0.0114618
0.0101059
0.0087427
0.00736385
0.00554122
0.00230967
0.00562395
0.00603571
0.00566514
0.0061035
0.00699759
0.00765387
0.00798563
0.00826764
0.00850202
0.00867087
0.00878259
0.00884447
0.00884462
0.00878289
0.00867127
0.00850241
0.00826797
0.00798586
0.00765392
0.00699759
0.00610349
0.00566523
0.0060357
0.00562365
0.000428523
0.000105146
0.000120661
0.000187987
0.000283528
0.00039203
0.00051737
0.000663575
0.000801883
0.000909442
0.00101588
0.00106972
0.000875309
0.00054906
0.000295024
0.000138813
6.32882e-05
3.47159e-05
2.54471e-05
4.23789e-05
0.000140731
0.000317675
0.000399488
0.00106726
0.00530544
0.00568513
0.00467835
0.00480605
0.00542865
0.00616234
0.00687837
0.00752897
0.00808142
0.00850684
0.00878902
0.00892873
0.00892856
0.0087885
0.00850601
0.00808034
0.00752772
0.00687703
0.006161
0.00542745
0.00480518
0.00467773
0.00568422
0.00530569
0.00407894
0.0043938
0.0055985
0.00696618
0.00846365
0.00986135
0.0109308
0.0116292
0.0120561
0.012329
0.012521
0.0126219
0.0126207
0.012518
0.012325
0.0120517
0.0116243
0.0109252
0.0098549
0.00845744
0.00696143
0.00559567
0.00439252
0.00407773
0.00706846
0.00580942
0.00568022
0.006653
0.0081758
0.00983667
0.0114175
0.0128287
0.0139937
0.0148675
0.0154462
0.0157315
0.015731
0.0154446
0.0148649
0.0139901
0.0128241
0.0114121
0.00983123
0.00817123
0.00664968
0.00567836
0.00580866
0.00706848
0.00285801
0.00240501
0.0025993
0.00268133
0.00267126
0.00264526
0.00260871
0.0025687
0.00252585
0.00248321
0.00244475
0.00241727
0.0024171
0.00244442
0.00248281
0.00252541
0.00256826
0.00260832
0.00264495
0.00267107
0.00268124
0.00259934
0.0024052
0.00285864
0.0145085
0.00503528
0.00390613
0.00393026
0.00402056
0.00407292
0.00409621
0.00410485
0.00410742
0.0041079
0.00410782
0.00410771
0.00410771
0.00410782
0.0041079
0.00410742
0.00410485
0.00409622
0.00407293
0.00402057
0.00393027
0.00390614
0.00503527
0.0145085
0.00441944
0.00494408
0.00376358
0.00357785
0.00389598
0.00431698
0.0046991
0.00501464
0.00526176
0.00544327
0.00556174
0.00561993
0.00561989
0.00556166
0.00544317
0.00526164
0.00501453
0.004699
0.00431688
0.00389582
0.00357738
0.00376213
0.00494129
0.00442109
0.0146563
0.00495491
0.00388579
0.00391657
0.00400294
0.00405264
0.00407491
0.00408334
0.00408602
0.00408667
0.00408673
0.00408669
0.00408669
0.00408673
0.00408667
0.00408602
0.00408334
0.00407492
0.00405264
0.00400294
0.00391657
0.00388578
0.00495488
0.0146564
0.000515779
0.000597291
0.000603445
0.000579188
0.000496234
0.000384667
0.000280161
0.0002437
0.000479991
0.000410577
0.000304531
0.000231105
0.000203728
0.000222361
0.000278164
0.000261027
0.000215892
0.000276445
0.000383357
0.000495599
0.000579228
0.000604069
0.000599053
0.000521192
0.00558095
0.00980622
0.0114214
0.012397
0.0129766
0.0132817
0.013441
0.0135073
0.0134445
0.0131727
0.0127551
0.0124445
0.0125058
0.0128773
0.0132945
0.0135437
0.0136303
0.0135731
0.0133818
0.0130311
0.0124159
0.0114299
0.00983793
0.00563054
0.0043473
0.00540045
0.00478409
0.00516259
0.00595823
0.00684392
0.00769822
0.00847034
0.00912795
0.00963991
0.00998503
0.0101585
0.0101583
0.0099845
0.00963908
0.00912685
0.00846907
0.00769687
0.00684259
0.00595702
0.00516166
0.00478331
0.00539944
0.00434764
0.00258043
0.00220682
0.00240533
0.0024825
0.00246111
0.00241851
0.00236525
0.00230927
0.00225249
0.00219881
0.00215284
0.00212183
0.00212165
0.0021525
0.0021984
0.00225207
0.00230888
0.00236493
0.00241832
0.00246108
0.00248257
0.00240559
0.00220734
0.00258192
0.00268503
0.00224906
0.00243738
0.00251871
0.00250752
0.00247509
0.00243059
0.00238222
0.00233162
0.00228263
0.00223976
0.00221024
0.00221006
0.00223942
0.00228222
0.00233119
0.00238181
0.00243024
0.00247486
0.00250742
0.00251872
0.00243755
0.00224944
0.00268624
0.00572426
0.00589827
0.00438079
0.00430894
0.00477837
0.00535421
0.00591115
0.00640994
0.00682807
0.0071473
0.00735875
0.00746344
0.00746331
0.00735834
0.00714665
0.00682722
0.00640895
0.00591008
0.00535312
0.00477739
0.00430824
0.00438033
0.00589739
0.00572437
0.00220604
0.005161
0.00688778
0.00821407
0.00945882
0.0108111
0.0122143
0.0134546
0.0143867
0.0150102
0.0153708
0.0155276
0.0155273
0.0153697
0.0150083
0.0143837
0.0134506
0.0122097
0.0108072
0.00945663
0.00821317
0.00688777
0.00516132
0.00220582
0.00352461
0.00506331
0.00517109
0.00582731
0.00682527
0.00789357
0.00891041
0.00982569
0.0106076
0.0112188
0.0116328
0.0118435
0.0118432
0.011632
0.0112175
0.0106058
0.00982364
0.00890832
0.00789159
0.0068236
0.00582611
0.00517024
0.00506246
0.00352525
0.00238084
0.00188226
0.00179774
0.00188533
0.00196259
0.00200365
0.0020119
0.00200344
0.00198253
0.00195603
0.00192963
0.00191078
0.00191064
0.0019293
0.00195561
0.00198208
0.00200302
0.00201155
0.0020034
0.00196245
0.00188525
0.00179755
0.0018814
0.00238606
0.00641884
0.00695069
0.00483434
0.00457256
0.00514316
0.0059957
0.00692226
0.00783089
0.00865974
0.00935265
0.00985578
0.0101227
0.0101221
0.009854
0.00934973
0.00865591
0.00782653
0.00691781
0.0059917
0.00514028
0.00457151
0.0048354
0.00695217
0.00641618
0.00452103
0.00238458
0.00241252
0.00279724
0.00322165
0.00362116
0.00396459
0.00423119
0.0044194
0.00453936
0.00460819
0.00463397
0.00463383
0.00460784
0.00453886
0.00441876
0.00423033
0.00396348
0.00361987
0.00322037
0.00279618
0.00241174
0.00238404
0.00452058
0.00635758
0.0120776
0.0144799
0.0152855
0.0150374
0.0149114
0.0155332
0.0166171
0.0176083
0.0180117
0.0178859
0.0176236
0.017684
0.0178685
0.0178304
0.0173308
0.0165028
0.0157349
0.0152531
0.0152925
0.0153259
0.0144281
0.0120396
0.00640425
0.00681983
0.0109742
0.0131263
0.0142934
0.0147775
0.0150077
0.0154757
0.0161423
0.0166387
0.0167223
0.0164704
0.0161856
0.0162698
0.0165781
0.0167666
0.0166298
0.0161814
0.0156504
0.0152127
0.0149089
0.0143163
0.0131016
0.0109644
0.00686278
0.00816089
0.00527634
0.00514562
0.00513922
0.00513865
0.0051383
0.00513802
0.00513781
0.00513766
0.00513757
0.0051375
0.00513747
0.00513747
0.0051375
0.00513757
0.00513766
0.00513781
0.00513802
0.0051383
0.00513865
0.00513922
0.00514562
0.00527634
0.00816089
0.000484052
0.000646457
0.000644621
0.00055642
0.000468993
0.000407598
0.000372012
0.000350578
0.00033366
0.000316893
0.000301446
0.00029565
0.000295811
0.000301807
0.000317401
0.000334275
0.000351263
0.000372734
0.000408329
0.000469691
0.000557047
0.000645173
0.00064695
0.000484431
2.42488e-05
0.000104717
0.000231616
0.00032932
0.000389693
0.000417172
0.000420553
0.000411568
0.000398182
0.000385086
0.000358198
0.00033063
0.00032
0.000316072
0.000310783
0.000303261
0.000290164
0.00026996
0.000239796
0.000196269
0.000142551
8.55736e-05
3.77658e-05
3.59704e-05
0.000460366
0.000279505
0.00026436
0.00022057
0.000204738
0.000208079
6.50597e-05
4.83795e-05
7.96916e-05
0.00012448
0.000152949
0.000145348
0.000115152
8.20218e-05
5.54516e-05
3.7344e-05
2.88685e-05
4.28502e-05
0.000117107
0.000154845
0.000206959
0.000263474
0.000281575
0.00046229
0.000560418
0.000371528
0.000377649
0.000414027
0.000574676
0.000839216
0.000414365
0.000200158
0.000239071
0.000340229
0.000412685
0.000410344
0.000346849
0.000261334
0.000182901
0.0001293
0.000119731
0.000232526
0.000452408
0.000404456
0.000367346
0.000369008
0.000371982
0.000562557
0.00226119
0.0033692
0.00260377
0.00261681
0.00288001
0.00309526
0.00325056
0.00341498
0.0036339
0.00390065
0.00415741
0.00429717
0.004227
0.00401666
0.00374851
0.00351646
0.00334944
0.00322101
0.0030826
0.00287471
0.00261467
0.00260094
0.00336528
0.00226373
0.00262986
0.00307739
0.00242117
0.00243022
0.00261899
0.00279405
0.00290931
0.00297908
0.00301348
0.00302496
0.0030202
0.00301248
0.00301239
0.00301996
0.0030247
0.00301323
0.00297891
0.00290926
0.00279412
0.00261917
0.00243015
0.00241964
0.00307338
0.0026372
0.00523613
0.00321235
0.00376446
0.00445009
0.00514424
0.00578284
0.00629714
0.00665488
0.00687526
0.0069991
0.00706708
0.00708981
0.00708933
0.00706588
0.00699747
0.00687332
0.00665256
0.00629435
0.00577969
0.00514122
0.00444768
0.00376286
0.00321156
0.00523481
0.000560543
0.00123831
0.00114743
0.00118984
0.00118363
0.00113178
0.0010523
0.00096204
0.000868769
0.000783487
0.000714838
0.000672025
0.000671622
0.000713913
0.000782283
0.00086747
0.000960806
0.00105133
0.00113112
0.00118333
0.00118989
0.00114755
0.00123794
0.000570947
0.005542
0.00982616
0.0114383
0.0124011
0.0129688
0.013264
0.0134391
0.0135643
0.0136048
0.0134447
0.0130992
0.0128102
0.0128581
0.0131785
0.0135055
0.0136492
0.0136679
0.0135852
0.013394
0.0130537
0.0124437
0.0114619
0.0098609
0.00559216
0.00122545
0.000886985
0.000487285
0.000276222
0.000228451
0.000248364
0.00046881
0.00092749
0.00141462
0.00161023
0.00158901
0.00189602
0.00209613
0.00182871
0.00137182
0.000897201
0.000601779
0.000494632
0.000647868
0.00113649
0.00183245
0.00210335
0.00139556
0.0016478
0.00585938
0.00682452
0.0050206
0.00480345
0.00544602
0.00639606
0.00739168
0.0083177
0.0091147
0.00974496
0.0101814
0.010405
0.0104045
0.0101799
0.00974235
0.00911114
0.00831342
0.0073871
0.0063918
0.00544293
0.00480243
0.00502174
0.00682569
0.00585738
0.00323832
0.00585415
0.00728412
0.00897033
0.0108218
0.0125003
0.0138828
0.0150281
0.0160279
0.0168651
0.0174701
0.0177911
0.0177902
0.0174676
0.0168611
0.016023
0.0150231
0.013878
0.0124957
0.0108175
0.00896695
0.00728233
0.00585344
0.00323783
0.00206202
0.00203979
0.00348624
0.00407077
0.00250195
0.00187416
0.00236135
0.00348946
0.00448794
0.00483933
0.00437609
0.00381896
0.00403818
0.00443946
0.00469378
0.0047076
0.00451802
0.00454704
0.00475949
0.00484886
0.00425762
0.00305877
0.00191083
0.00208213
0.00354817
0.00505263
0.00727887
0.00932829
0.0111236
0.0126448
0.0139073
0.0149305
0.0157333
0.0163253
0.0167165
0.0169118
0.0169117
0.0167158
0.0163239
0.0157311
0.0149275
0.0139035
0.0126401
0.0111182
0.00932268
0.00727314
0.00504723
0.00354547
0.000441394
0.000256371
0.000235366
0.000183862
0.000149572
8.63698e-05
3.94707e-05
4.6767e-05
8.28509e-05
0.000131018
0.000160295
0.000149655
0.000115496
7.98005e-05
5.20792e-05
3.30732e-05
2.19954e-05
2.04527e-05
5.99032e-05
0.000115527
0.000171734
0.000234494
0.000258299
0.000442206
0.00237302
0.00518185
0.00647344
0.00742276
0.0082505
0.00896154
0.0096966
0.0105837
0.0115823
0.0124924
0.0131443
0.013477
0.0134759
0.0131412
0.0124875
0.0115764
0.0105784
0.00969303
0.00895948
0.00824902
0.00742141
0.00647249
0.00518126
0.00237248
0.00271826
0.00385856
0.00445893
0.00499153
0.00542559
0.00583965
0.00622572
0.0065656
0.00684046
0.00703724
0.00715405
0.00719487
0.00719448
0.00715303
0.00703578
0.0068387
0.00656368
0.00622383
0.00583794
0.00542418
0.00499048
0.00445816
0.00385792
0.00271821
0.00384673
0.00542979
0.00705431
0.00891091
0.0109721
0.0128878
0.0143424
0.015311
0.0159253
0.016325
0.0166032
0.0167549
0.0167536
0.0165997
0.0163202
0.0159199
0.015305
0.0143355
0.0128797
0.0109643
0.00890487
0.00705069
0.005428
0.00384554
0.00477046
0.0055369
0.00456289
0.00478455
0.0054719
0.00624103
0.00698446
0.00765618
0.00822604
0.00866772
0.00896577
0.00911614
0.009116
0.00896535
0.00866703
0.00822513
0.00765513
0.00698333
0.0062399
0.00547086
0.00478374
0.0045622
0.00553586
0.0047707
0.00566957
0.00424089
0.00450594
0.0049129
0.00533735
0.00573259
0.00605275
0.00627709
0.00641708
0.00649769
0.00654345
0.00656071
0.0065604
0.00654269
0.00649664
0.00641581
0.00627556
0.00605091
0.00573053
0.00533536
0.00491128
0.00450482
0.00424027
0.00566853
0.00213376
0.00319389
0.00379302
0.00421221
0.00451483
0.00466469
0.0047238
0.00486396
0.00515146
0.00553215
0.0058804
0.0060878
0.00608686
0.00587797
0.00552887
0.00514828
0.00486179
0.00472283
0.00466435
0.00451429
0.00421145
0.0037923
0.00319327
0.0021333
0.00164811
0.00249745
0.00286926
0.00299307
0.00295955
0.00283882
0.00289933
0.0030926
0.00342177
0.00379788
0.00410536
0.00427467
0.00427403
0.0041036
0.00379533
0.00341911
0.00309064
0.00289839
0.00283851
0.00295961
0.00299275
0.00286871
0.00249684
0.00164765
0.00366621
0.00437923
0.00405615
0.0044199
0.00530501
0.00652256
0.00801933
0.00970152
0.0112345
0.0121458
0.0119369
0.0103722
0.0103372
0.0116441
0.0124286
0.0120905
0.0107423
0.00891056
0.00709718
0.00559232
0.00453627
0.00409476
0.00438765
0.00368553
0.00367783
0.00594141
0.0041831
0.00359433
0.00378571
0.00420909
0.00459664
0.00488719
0.00508541
0.00520785
0.00528053
0.00531793
0.00531762
0.00528136
0.00520938
0.00508678
0.00488811
0.00459708
0.00420869
0.00378455
0.00359109
0.00417379
0.00592255
0.0036851
0.00385833
0.00449847
0.00552736
0.00665551
0.00790186
0.00903357
0.00984755
0.0103421
0.0106582
0.0109074
0.0111292
0.0112688
0.0112675
0.0111259
0.0109033
0.0106542
0.0103383
0.00984361
0.00902903
0.00789729
0.00665183
0.00552501
0.00449718
0.00385766
0.015244
0.00871734
0.00856323
0.00973003
0.0111163
0.0120463
0.0131042
0.0141107
0.0150136
0.0158426
0.0165479
0.016832
0.0168706
0.0166507
0.0160783
0.0152989
0.014331
0.0132386
0.0120876
0.0111337
0.00974814
0.00859883
0.00877753
0.0152444
0.00914857
0.00499322
0.00482621
0.00482623
0.0048301
0.00483138
0.0048316
0.00483156
0.00483149
0.00483143
0.00483139
0.00483138
0.00483138
0.00483139
0.00483143
0.00483149
0.00483156
0.0048316
0.00483138
0.0048301
0.00482623
0.00482621
0.00499322
0.00914857
0.0141438
0.00824599
0.00827418
0.00916851
0.0102391
0.0110003
0.01207
0.0131855
0.014379
0.0155817
0.0166997
0.0172112
0.0171867
0.0166005
0.0156046
0.0145007
0.0133771
0.0122923
0.0111503
0.0103602
0.00924491
0.00833025
0.00829946
0.0141428
0.000405187
9.72025e-05
7.50446e-05
4.53852e-05
9.49816e-05
0.000182059
0.000292982
0.000413329
0.000539906
0.000647029
0.000690771
0.000567872
0.00036665
0.000218074
0.00012746
7.87427e-05
5.39113e-05
3.83336e-05
2.59273e-05
1.80518e-05
1.56168e-05
4.69728e-05
9.3531e-05
0.000640825
0.00484503
0.0038189
0.00405346
0.00439458
0.00477716
0.00514103
0.00542428
0.00560894
0.00572055
0.00579462
0.00585397
0.005891
0.00589054
0.00585291
0.00579328
0.00571911
0.00560741
0.00542255
0.00513908
0.00477524
0.00439297
0.00405228
0.00381808
0.00484415
0.00460662
0.00372744
0.00402713
0.00443018
0.0048812
0.00530656
0.00563009
0.00583347
0.00595283
0.00603416
0.00610407
0.00614898
0.00614842
0.00610278
0.00603256
0.00595118
0.00583178
0.00562819
0.0053044
0.00487906
0.00442841
0.00402586
0.0037266
0.00460579
0.00383972
0.00545678
0.00696924
0.00876773
0.0108031
0.0126998
0.0141664
0.0151969
0.0159244
0.0164567
0.016839
0.0170467
0.0170453
0.0168355
0.016452
0.0159192
0.0151914
0.0141603
0.0126928
0.0107963
0.0087625
0.00696602
0.0054552
0.00383903
0.00637681
0.00515511
0.00513154
0.00513084
0.00513069
0.00513059
0.00513052
0.00513047
0.00513045
0.00513043
0.00513042
0.00513041
0.00513041
0.00513042
0.00513043
0.00513045
0.00513047
0.00513052
0.00513059
0.00513069
0.00513084
0.00513154
0.00515511
0.00637681
0.00668328
0.00549833
0.00546246
0.00546117
0.00546085
0.00546063
0.00546048
0.00546037
0.00546031
0.00546026
0.00546023
0.00546022
0.00546022
0.00546023
0.00546026
0.00546031
0.00546037
0.00546048
0.00546063
0.00546085
0.00546117
0.00546246
0.00549833
0.00668328
0.00862738
0.00500091
0.00486248
0.00486186
0.0048645
0.00486528
0.00486536
0.0048653
0.00486523
0.00486517
0.00486514
0.00486512
0.00486512
0.00486514
0.00486517
0.00486523
0.0048653
0.00486536
0.00486528
0.0048645
0.00486186
0.00486248
0.00500091
0.00862738
0.0190803
0.00596572
0.00506076
0.00546021
0.0061121
0.00682657
0.0075286
0.00811346
0.00863531
0.0091595
0.00964652
0.00986759
0.0098425
0.0096175
0.00922078
0.00875148
0.00821487
0.00758739
0.00686579
0.00613949
0.00547859
0.00507212
0.00597476
0.0190814
0.0204835
0.00635396
0.00509569
0.00544637
0.00608354
0.00678507
0.00747048
0.00804115
0.00854771
0.00905741
0.00951809
0.00971188
0.00969845
0.00951134
0.00912948
0.00866143
0.00813415
0.00751775
0.00681262
0.00610261
0.00546046
0.0051058
0.00636196
0.0204835
0.0132183
0.00537835
0.00401654
0.00409443
0.00442925
0.00473101
0.00497369
0.00516704
0.00531147
0.00541762
0.00548838
0.00552383
0.00552369
0.00548797
0.00541696
0.00531062
0.0051661
0.00497274
0.00473007
0.00442844
0.0040938
0.00401606
0.00537822
0.0132185
0.000318751
0.000531609
0.000514774
0.00032644
0.000130604
2.81839e-05
8.93612e-06
1.67968e-05
2.94393e-05
3.94199e-05
4.06985e-05
3.57492e-05
2.71831e-05
1.81799e-05
1.12635e-05
7.71111e-06
7.10154e-06
1.5963e-05
4.01945e-05
0.00014465
0.000338058
0.000523296
0.000537248
0.00031965
0.00419833
0.00436458
0.00593337
0.00751741
0.00907082
0.0104687
0.0115777
0.0123532
0.0128456
0.0131387
0.0133087
0.0133768
0.0133758
0.0133061
0.013135
0.012841
0.0123478
0.0115713
0.0104615
0.00906402
0.00751191
0.00592973
0.00436293
0.00419649
0.00122871
0.00137754
0.00125783
0.00142931
0.00179176
0.00252561
0.00370456
0.00406487
0.00239428
0.00182979
0.00166355
0.00156666
0.00145125
0.00134883
0.00144468
0.0021739
0.00289411
0.00262499
0.00204643
0.0016374
0.00139054
0.0012498
0.00137695
0.00123081
0.0025922
0.0036017
0.00554044
0.00750202
0.00929797
0.0108672
0.0121997
0.0133079
0.0142124
0.0149439
0.0154931
0.0158187
0.0158172
0.0154885
0.0149362
0.014202
0.0132955
0.0121858
0.0108525
0.00928328
0.0074885
0.00552966
0.00359541
0.00259363
0.00479962
0.00548145
0.00431688
0.00444699
0.005061
0.0057511
0.00640368
0.00697995
0.00746206
0.00783408
0.00808632
0.00821417
0.00821408
0.00808604
0.00783363
0.00746147
0.00697925
0.00640292
0.00575032
0.00506025
0.00444635
0.00431622
0.00548033
0.00479978
0.00148923
0.0015623
0.00200376
0.00260907
0.00312244
0.00348708
0.00376408
0.00401262
0.00424304
0.00443655
0.00457237
0.00464243
0.00464239
0.00457213
0.00443594
0.0042419
0.00401097
0.00376196
0.00348459
0.0031198
0.00260658
0.00200179
0.00156089
0.00148877
9.24938e-05
6.16202e-05
8.18538e-05
9.43593e-05
0.00010284
0.000111302
0.000124285
0.00014731
0.000181426
0.000212001
0.000192291
0.000151308
0.00013919
0.00014469
0.00016083
0.00018173
0.000202513
0.000220264
0.000234216
0.000243375
0.000248243
0.000254478
0.000267655
0.000316266
0.00285598
0.00334578
0.00384648
0.00425971
0.0045752
0.00487251
0.00514553
0.00538729
0.00558039
0.00571489
0.00579082
0.00581154
0.00581121
0.00578996
0.00571369
0.00557893
0.00538571
0.00514395
0.00487104
0.00457396
0.00425872
0.00384572
0.00334519
0.00285593
0.00032979
0.000610795
0.000633665
0.000454425
0.000228997
6.72799e-05
1.8267e-05
1.29643e-05
1.77075e-05
2.44532e-05
2.59912e-05
2.33028e-05
1.79064e-05
1.24632e-05
8.93908e-06
8.15e-06
1.0989e-05
2.33015e-05
8.10398e-05
0.000242576
0.000464857
0.000641526
0.000616805
0.000331843
0.0056006
0.00615657
0.00517045
0.00529679
0.00609158
0.00710712
0.00809241
0.00894236
0.00962329
0.0101295
0.0104638
0.0106296
0.0106294
0.010463
0.0101283
0.00962147
0.00894001
0.00808971
0.00710451
0.00608974
0.00529637
0.00517126
0.00615716
0.00559907
0.000915612
0.00141955
0.00180467
0.00217329
0.00252071
0.00281633
0.00305016
0.00327644
0.00363759
0.00423654
0.00489791
0.00530004
0.00530362
0.00490665
0.00424506
0.00364049
0.00327507
0.00304827
0.0028158
0.00252143
0.00217428
0.00180484
0.00141843
0.000913821
0.0114769
0.00719956
0.00559629
0.0052969
0.00525556
0.00525114
0.00525053
0.00524995
0.00524929
0.00524872
0.00524833
0.00524814
0.00524814
0.00524833
0.00524873
0.00524929
0.00524995
0.00525053
0.00525114
0.00525556
0.00529689
0.00559628
0.00719953
0.011477
0.00312764
0.0056001
0.00841178
0.0112477
0.0138964
0.0162314
0.0181928
0.0197722
0.0209799
0.0218441
0.0224021
0.022676
0.0226749
0.0223986
0.0218383
0.0209719
0.0197622
0.0181812
0.0162188
0.0138839
0.0112364
0.00840301
0.00559537
0.00312579
0.00584178
0.0110757
0.0130371
0.0135503
0.0133041
0.0131677
0.0135771
0.014404
0.015371
0.0160432
0.0162224
0.0161098
0.0160789
0.0160031
0.0156437
0.0149914
0.0143051
0.0137842
0.0134973
0.013574
0.0136605
0.0130486
0.0110712
0.00588673
0.00756767
0.00548216
0.0053951
0.00539204
0.00539171
0.00539141
0.00539117
0.00539099
0.00539087
0.00539078
0.00539073
0.00539071
0.00539071
0.00539073
0.00539078
0.00539087
0.00539099
0.00539117
0.00539141
0.00539171
0.00539204
0.0053951
0.00548216
0.00756767
0.00600227
0.010677
0.0126798
0.0134846
0.0135871
0.0135794
0.0139196
0.0145974
0.0153099
0.0157141
0.0157208
0.0155444
0.0155492
0.0156164
0.0154809
0.0150729
0.0145491
0.0141178
0.0138593
0.0138003
0.0135682
0.0126888
0.0106791
0.00604692
0.000532268
0.0011403
0.00110571
0.00114193
0.00111721
0.00104719
0.000952323
0.000848997
0.000745484
0.000652015
0.000576724
0.000528825
0.00052815
0.000575359
0.00065032
0.00074378
0.000847461
0.000951139
0.00104638
0.00111681
0.00114194
0.00110599
0.0011408
0.000539815
0.005298
0.00452796
0.00458236
0.00498379
0.00566776
0.00651066
0.00738748
0.00810866
0.00858139
0.00887423
0.00905351
0.00914964
0.00915189
0.00906046
0.00888435
0.00859312
0.00812191
0.00740189
0.00652368
0.00567784
0.00498938
0.00458223
0.00452301
0.00529604
0.000656849
0.000616834
0.000771887
0.000840773
0.000843547
0.000826888
0.000825904
0.000853081
0.000898723
0.000945477
0.000979781
0.00100467
0.00100484
0.000980157
0.000945854
0.000899016
0.000853275
0.000826001
0.000826869
0.000843395
0.000840545
0.000771713
0.00061688
0.000657094
0.00187173
0.0022496
0.00199485
0.00228301
0.00295935
0.00417363
0.00571492
0.00628382
0.00562521
0.00475297
0.00409296
0.00366985
0.00348892
0.00362341
0.00402778
0.00451289
0.00466159
0.00420487
0.00340414
0.00270616
0.00221226
0.00197676
0.00224543
0.00187301
0.000325012
0.000330994
0.000283326
0.000141705
4.13091e-05
1.42104e-05
1.04229e-05
2.15172e-05
3.52756e-05
4.50157e-05
4.62814e-05
4.0354e-05
3.0612e-05
2.04461e-05
1.21506e-05
6.77206e-06
4.26139e-06
4.16045e-06
1.22892e-05
4.57747e-05
0.000149403
0.00028983
0.000334835
0.000324717
0.000492958
0.000638103
0.000906331
0.00105679
0.00117512
0.00125679
0.00132168
0.00139085
0.00146535
0.00153249
0.00157964
0.00160357
0.00160366
0.00157983
0.00153265
0.00146541
0.00139081
0.00132156
0.00125661
0.00117489
0.00105654
0.000906111
0.000637813
0.000493032
0.00260339
0.0024357
0.00278893
0.00297178
0.00305315
0.0031352
0.00320946
0.00327374
0.00331864
0.00334068
0.00334228
0.00332833
0.00332809
0.00334173
0.00333993
0.00331776
0.00327279
0.00320852
0.00313434
0.00305244
0.00297121
0.00278852
0.00243544
0.00260336
0.0016092
0.00167355
0.00224526
0.00286388
0.00342337
0.00391419
0.00439336
0.0049567
0.00564463
0.00634819
0.00689298
0.00718206
0.0071851
0.0069009
0.00635971
0.00565648
0.00496545
0.00439865
0.00391787
0.00342691
0.00286742
0.00224772
0.0016732
0.0016069
0.00276816
0.00199411
0.00185954
0.00202759
0.00225342
0.00246454
0.00264719
0.00279895
0.00291865
0.00300472
0.00305858
0.00308258
0.00308257
0.00305854
0.00300464
0.00291847
0.00279867
0.00264681
0.0024641
0.00225297
0.00202721
0.00185927
0.00199395
0.00276806
0.00137162
0.00340968
0.0042914
0.00490409
0.00558949
0.00633157
0.00698943
0.00749702
0.00778133
0.00789483
0.00786538
0.00778362
0.00778309
0.00786431
0.00789367
0.00777983
0.00749495
0.00698666
0.00632883
0.00558713
0.0049025
0.00429042
0.00340916
0.00137234
0.00038771
0.00095045
0.00123356
0.00123031
0.00108542
0.000896828
0.000700746
0.000519443
0.000365759
0.000241664
0.000151337
9.79675e-05
9.65411e-05
0.000148393
0.000237616
0.000361946
0.000516479
0.00069855
0.00089555
0.00108494
0.00123049
0.00123517
0.000956126
0.000390627
0.000366016
0.00106795
0.00137391
0.00139242
0.00126551
0.0010947
0.0009147
0.000742585
0.000588944
0.000459283
0.000360169
0.000297627
0.000296394
0.000357855
0.000456314
0.000586051
0.000740152
0.00091283
0.00109348
0.00126492
0.00139244
0.00137539
0.00107371
0.000370019
0.000617427
0.000765634
0.000807529
0.000766068
0.000706429
0.000660224
0.000640583
0.000642606
0.000654859
0.000667339
0.000675339
0.00068541
0.000685598
0.000675749
0.00066785
0.00065541
0.000643164
0.000641125
0.000660719
0.000706845
0.000766403
0.000807832
0.000765969
0.000617757
0.00926265
0.00650229
0.0054883
0.00561008
0.00612542
0.00660692
0.00697993
0.00722994
0.00737529
0.00747853
0.00754622
0.00758149
0.00758156
0.00754636
0.00747874
0.00737549
0.00723009
0.00698001
0.00660688
0.00612535
0.00561003
0.00548837
0.00650238
0.00926251
0.0129934
0.00533296
0.00404163
0.0041828
0.00459408
0.00498059
0.0053091
0.00558498
0.00580423
0.00596622
0.00607613
0.00613362
0.00613343
0.00607554
0.00596529
0.00580308
0.0055837
0.00530781
0.00497932
0.00459296
0.00418192
0.00404099
0.00533278
0.0129936
0.00177682
0.00238862
0.00277497
0.00285118
0.00283786
0.00285391
0.00286974
0.00287727
0.00286715
0.00283691
0.00279372
0.00274531
0.00274501
0.0027931
0.00283613
0.00286627
0.00287632
0.00286882
0.00285309
0.0028372
0.00285062
0.00277463
0.00238848
0.00177678
0.00621063
0.00616661
0.00426137
0.00401268
0.00436908
0.0048454
0.00531021
0.00572597
0.00607226
0.00633692
0.00651304
0.00660068
0.00660055
0.00651266
0.0063363
0.00607146
0.00572504
0.0053092
0.00484437
0.00436816
0.00401207
0.00426111
0.00616595
0.0062106
0.00328465
0.00456809
0.00485611
0.00550238
0.00625011
0.00694919
0.00758443
0.00814164
0.00860374
0.00895467
0.00918631
0.00929827
0.00929798
0.00918548
0.0089534
0.00860214
0.00813985
0.00758263
0.00694751
0.00624867
0.00550125
0.00485519
0.00456717
0.00328471
0.00430419
0.00455548
0.00634731
0.00809018
0.00973673
0.0111897
0.0123574
0.0132109
0.0137887
0.0141544
0.0143704
0.0144621
0.0144612
0.0143679
0.0141508
0.0137841
0.0132054
0.0123509
0.0111825
0.00972972
0.00808431
0.00634311
0.00455308
0.00430216
0.00328023
0.00289808
0.00322205
0.00355735
0.00383311
0.00407686
0.00428505
0.00446429
0.0046037
0.00469859
0.00474831
0.00476188
0.00476162
0.00474764
0.00469763
0.00460256
0.00446304
0.00428377
0.00407565
0.00383203
0.00355647
0.0032213
0.00289745
0.0032802
0.00190033
0.00168155
0.00222165
0.00283787
0.00340263
0.00390762
0.00438618
0.00489491
0.0054756
0.00606564
0.00652953
0.00677809
0.00678066
0.00653588
0.00607425
0.00548352
0.00490003
0.00438911
0.00390989
0.00340507
0.00284036
0.0022234
0.00168136
0.00189869
0.0194804
0.00611798
0.00513712
0.00553964
0.0062087
0.00693919
0.00765766
0.00825699
0.00878893
0.00932974
0.00984531
0.0100958
0.0100738
0.00982876
0.00940776
0.00891063
0.00835721
0.0077096
0.00697094
0.00623099
0.00555534
0.00514743
0.0061261
0.0194813
0.00808862
0.00500561
0.00489349
0.00489183
0.00489335
0.00489375
0.00489375
0.00489367
0.00489361
0.00489356
0.00489353
0.00489352
0.00489352
0.00489353
0.00489356
0.00489361
0.00489367
0.00489375
0.00489375
0.00489335
0.00489183
0.00489349
0.00500561
0.00808862
0.0201919
0.00629008
0.00514326
0.00552494
0.00618809
0.00691243
0.00762222
0.00821537
0.00874097
0.00927196
0.009763
0.00998424
0.00996742
0.00975409
0.00934948
0.00886137
0.008312
0.0076687
0.00693843
0.00620618
0.00553844
0.00515294
0.00629815
0.0201916
0.000924941
0.00194587
0.00215461
0.00220074
0.0022281
0.00224175
0.00231376
0.00243361
0.00257688
0.00271805
0.00283216
0.00289769
0.00289775
0.00283234
0.00271829
0.00257704
0.00243361
0.00231364
0.00224182
0.00222877
0.00220209
0.00215354
0.00194
0.000921731
0.00406734
0.00483333
0.0044598
0.00488823
0.0055837
0.00627527
0.00689417
0.00742725
0.0078661
0.00820097
0.00842516
0.00853529
0.00853513
0.0084247
0.00820027
0.00786519
0.00742621
0.00689307
0.0062742
0.00558273
0.00488743
0.00445901
0.00483226
0.00406742
0.00366163
0.00414746
0.00358337
0.00376629
0.00444071
0.00525216
0.00605062
0.00684378
0.00765725
0.00847228
0.00918349
0.00962081
0.00967445
0.00934713
0.00870556
0.00787327
0.00695284
0.00602775
0.00514819
0.00433573
0.00369702
0.00354835
0.00413658
0.00366065
0.000717186
0.00169038
0.00133056
0.00137518
0.00142598
0.00142426
0.00137954
0.00131276
0.0012336
0.00115419
0.00108507
0.00104061
0.00104016
0.00108401
0.0011529
0.00123237
0.00131172
0.00137878
0.00142379
0.00142584
0.00137529
0.00132993
0.00168602
0.000733118
0.00440633
0.00485439
0.0068406
0.00871054
0.0104144
0.0118989
0.0131223
0.0140681
0.0147586
0.0152308
0.0155249
0.0156601
0.0156595
0.0155231
0.0152281
0.0147549
0.0140635
0.0131168
0.0118927
0.0104081
0.00870475
0.00683577
0.00485068
0.00440364
0.000247667
0.000218749
0.000223586
0.000216922
0.000200786
0.000181741
0.000167847
0.000170756
0.000204692
0.000253568
0.00024691
0.000207872
0.000208301
0.000234457
0.000274221
0.000318209
0.000357969
0.00038798
0.000405805
0.000411601
0.000407711
0.000399462
0.000403861
0.00055742
0.00312883
0.00271953
0.00235671
0.00242883
0.00260462
0.00276206
0.00287164
0.00294643
0.0029915
0.00301481
0.00302204
0.00302081
0.00302071
0.00302177
0.00301446
0.00299111
0.00294606
0.00287131
0.00276179
0.00260442
0.00242856
0.00235596
0.00271755
0.00313189
0.0043842
0.00382265
0.00482787
0.0059637
0.00716602
0.0082871
0.00915744
0.00972263
0.010047
0.0102282
0.0103409
0.0103882
0.0103872
0.0103384
0.0102249
0.0100433
0.00971839
0.00915244
0.00828139
0.00716055
0.00595946
0.00482526
0.00382165
0.00438276
0.00345495
0.00337399
0.00409983
0.00537675
0.00674793
0.00786951
0.00877191
0.00944078
0.00986784
0.0102
0.0104399
0.0105724
0.0105721
0.0104385
0.0101973
0.00986381
0.00943569
0.00876617
0.00786371
0.00674276
0.00537257
0.00409671
0.00337269
0.0034562
0.000484452
0.000721381
0.000961403
0.00111748
0.00124735
0.00133935
0.00141255
0.00148804
0.00156731
0.00163766
0.00168662
0.00171149
0.00171158
0.0016868
0.0016378
0.00156735
0.00148797
0.00141241
0.00133916
0.00124711
0.00111723
0.000961167
0.000721054
0.000484553
0.000427703
0.00052665
0.000795874
0.000937692
0.00102589
0.00108095
0.00112635
0.00118055
0.00124291
0.001301
0.00134233
0.00136447
0.00136458
0.00134255
0.00130121
0.00124303
0.00118061
0.00112636
0.00108094
0.00102582
0.000937598
0.00079578
0.00052652
0.000427811
0.00501961
0.00322024
0.00396355
0.00482414
0.00568997
0.00648296
0.00711864
0.0075594
0.00783075
0.00798376
0.00806816
0.00809699
0.0080964
0.00806666
0.0079817
0.00782831
0.00755649
0.00711516
0.00647904
0.00568622
0.00482116
0.0039616
0.00321932
0.00501815
0.00164329
0.00252043
0.00275209
0.00340443
0.00416733
0.00484114
0.00539753
0.00584207
0.00618456
0.00642892
0.00658329
0.00665315
0.00665304
0.00658293
0.00642826
0.00618351
0.00584057
0.00539557
0.00483881
0.00416483
0.00340204
0.00275012
0.00251902
0.00164188
0.00110262
0.0022224
0.00278177
0.00238659
0.00210837
0.00193313
0.00188258
0.00192192
0.00200846
0.00210576
0.00218568
0.0022302
0.00223024
0.00218584
0.00210603
0.00200876
0.00192223
0.00188302
0.00193382
0.00210881
0.00238447
0.00277276
0.00221984
0.0011007
0.000448332
0.000233346
0.00021302
0.000172659
0.000157288
9.7825e-05
4.27509e-05
5.27804e-05
9.37246e-05
0.000149028
0.000183658
0.000172873
0.000134364
9.35868e-05
6.16914e-05
3.93952e-05
2.61664e-05
2.41856e-05
6.09282e-05
0.000110508
0.000155986
0.000210617
0.000234742
0.000448721
0.00845927
0.00573473
0.00449555
0.00455067
0.00508014
0.00570597
0.00633696
0.0069266
0.00742574
0.00781513
0.0080559
0.00816764
0.00816741
0.00805524
0.00781412
0.00742445
0.00692514
0.00633542
0.00570444
0.00507877
0.00454969
0.00449507
0.00573438
0.00845956
0.000687575
0.000966354
0.00105752
0.00114652
0.00127266
0.00137092
0.00144597
0.00149839
0.00153779
0.00156408
0.0015773
0.00158369
0.00158375
0.00157751
0.00156445
0.00153832
0.00149908
0.00144697
0.00137215
0.00127405
0.00114787
0.00105859
0.000967274
0.000688224
0.00433608
0.00390333
0.00493674
0.00609218
0.00731413
0.00845179
0.00933299
0.00990422
0.0102324
0.0104167
0.0105323
0.0105816
0.0105806
0.0105298
0.0104133
0.0102286
0.00989995
0.00932796
0.00844604
0.0073086
0.00608788
0.00493409
0.00390231
0.00433464
0.00477502
0.00245111
0.00253605
0.00292546
0.00334075
0.00372888
0.00406023
0.00431519
0.00449347
0.00460625
0.0046708
0.00469493
0.00469478
0.00467041
0.00460571
0.00449278
0.00431429
0.00405908
0.00372756
0.00333945
0.00292439
0.00253528
0.00245059
0.00477451
0.000390007
0.000274275
0.000261684
0.00026694
0.000271283
0.000270418
0.00026503
0.000259
0.000272675
0.000322131
0.000338025
0.000309393
0.000310615
0.000331582
0.000357702
0.00038196
0.000401299
0.000416563
0.000430869
0.000447324
0.000466205
0.000486661
0.000505976
0.000608371
0.00231144
0.0054413
0.00661584
0.00788152
0.00925561
0.0105852
0.0117351
0.0126418
0.013294
0.0137224
0.0139491
0.0140375
0.0140372
0.0139484
0.0137212
0.0132922
0.0126393
0.0117322
0.0105824
0.0092534
0.00788029
0.00661549
0.00544136
0.00231288
0.000395503
0.000936885
0.00139054
0.00160703
0.00170085
0.00179154
0.00190554
0.00203108
0.0021491
0.0022436
0.00230417
0.00233097
0.00233109
0.00230467
0.00224453
0.00215035
0.00203249
0.001907
0.00179301
0.00170244
0.00160899
0.00139292
0.000938493
0.000394355
0.00495709
0.0032506
0.00331121
0.00353823
0.00376929
0.00397873
0.0041594
0.00430781
0.00442254
0.0045037
0.00455392
0.0045768
0.00457676
0.0045538
0.0045035
0.00442223
0.00430739
0.00415889
0.00397816
0.00376874
0.00353779
0.00331092
0.00325046
0.00495695
0.00369211
0.00409767
0.00358327
0.00382158
0.00454107
0.00539406
0.00625208
0.00713864
0.0080829
0.00905801
0.00994686
0.01056
0.0106425
0.0101964
0.00941201
0.00843046
0.00736977
0.00632392
0.00534871
0.00446713
0.00376385
0.00355061
0.00408529
0.00368928
0.00587249
0.0064247
0.00485972
0.00463439
0.00517569
0.00597308
0.00676827
0.00746217
0.00802359
0.00844496
0.00872552
0.0088657
0.00886545
0.00872475
0.00844365
0.00802173
0.00745985
0.00676564
0.00597055
0.00517384
0.00463382
0.00486027
0.00642508
0.0058716
0.0143672
0.00864934
0.0088059
0.00992521
0.0112111
0.0119973
0.0130969
0.0142463
0.0154009
0.0164683
0.0174041
0.0177933
0.0178177
0.0174077
0.0165885
0.015578
0.014451
0.0133273
0.0121517
0.0113279
0.00999268
0.00885704
0.00870048
0.0143655
0.0150654
0.00891064
0.0089423
0.0102262
0.0117201
0.0126443
0.0137294
0.0147736
0.0157023
0.0165168
0.0171852
0.0174307
0.0174849
0.0173071
0.0167689
0.0159973
0.0150077
0.0138937
0.0127144
0.0117589
0.0102539
0.00898048
0.00896721
0.0150647
0.00860446
0.00500135
0.00486402
0.00486335
0.00486594
0.00486671
0.00486679
0.00486672
0.00486665
0.0048666
0.00486657
0.00486655
0.00486655
0.00486657
0.0048666
0.00486665
0.00486672
0.00486679
0.00486671
0.00486594
0.00486335
0.00486402
0.00500135
0.00860446
0.00371306
0.00550038
0.0039606
0.0035268
0.00377391
0.00419597
0.00458113
0.00488439
0.00510813
0.00526483
0.00536407
0.00541267
0.00541274
0.00536436
0.00526533
0.0051088
0.00488523
0.00458209
0.00419699
0.00377469
0.00352625
0.0039561
0.00548966
0.00372449
0.00747134
0.00595036
0.00444152
0.00434834
0.00476629
0.00529862
0.00583128
0.0063195
0.00672999
0.00703603
0.00723021
0.00732275
0.00732259
0.00722974
0.00703529
0.00672903
0.00631838
0.00583006
0.0052974
0.00476521
0.00434765
0.00444122
0.00594981
0.00747164
0.00166439
0.00232978
0.00271912
0.00279357
0.00278669
0.00280877
0.00282983
0.00284068
0.00283216
0.00280217
0.00275866
0.00270986
0.00270957
0.00275805
0.0028014
0.00283128
0.00283974
0.00282892
0.00280796
0.00278603
0.00279302
0.00271879
0.00232966
0.00166435
0.0145982
0.00494952
0.00396097
0.00399581
0.00407568
0.00412018
0.00413945
0.00414644
0.00414853
0.00414897
0.00414896
0.0041489
0.0041489
0.00414896
0.00414897
0.00414853
0.00414645
0.00413945
0.00412019
0.00407569
0.00399581
0.00396097
0.00494951
0.0145982
0.00270142
0.00477978
0.00533953
0.00614379
0.00711753
0.00810785
0.00903057
0.00983938
0.0105154
0.0110319
0.0113726
0.0115387
0.0115383
0.0113715
0.0110302
0.0105133
0.00983701
0.00902826
0.00810576
0.00711586
0.00614265
0.0053388
0.00477908
0.00270198
0.0041999
0.00532129
0.00675322
0.00878564
0.0111674
0.0135686
0.0156689
0.0174171
0.0187871
0.0197762
0.0204241
0.0207489
0.0207481
0.0204216
0.0197721
0.0187815
0.01741
0.0156604
0.0135591
0.0111586
0.00877898
0.00674917
0.0053194
0.00419891
0.00101146
0.00107832
0.0012513
0.00133891
0.00137557
0.00139168
0.00141918
0.0014725
0.0015412
0.00160619
0.00165339
0.00168448
0.00168465
0.00165376
0.00160657
0.00154147
0.00147264
0.00141917
0.00139151
0.00137526
0.00133852
0.00125095
0.00107814
0.00101151
0.00567107
0.00482701
0.00498283
0.00527026
0.00559128
0.00590092
0.00615291
0.00632604
0.00643122
0.006492
0.00652968
0.00654705
0.00654674
0.00652894
0.00649101
0.00643006
0.00632469
0.00615132
0.00589914
0.00558956
0.00526883
0.00498177
0.0048263
0.00567005
0.00655082
0.0114798
0.0138279
0.0148884
0.0150846
0.0151469
0.0156576
0.0164871
0.0171704
0.0173572
0.0171274
0.0168323
0.0169126
0.0171929
0.0173156
0.017055
0.0164624
0.0158441
0.0154091
0.0152634
0.0149139
0.0137873
0.0114549
0.00659607
0.000280071
6.44245e-05
0.000100522
0.000161454
0.000237787
0.00032504
0.000434908
0.000580623
0.000742689
0.000878707
0.00100528
0.00104675
0.000847858
0.000557233
0.000305611
0.000153577
8.26884e-05
5.18549e-05
4.45643e-05
6.77812e-05
0.000161258
0.000306945
0.000409017
0.00107471
0.0146475
0.00495343
0.00392771
0.0039631
0.00404742
0.004095
0.00411601
0.00412387
0.00412635
0.00412696
0.00412703
0.004127
0.004127
0.00412703
0.00412696
0.00412635
0.00412387
0.00411601
0.004095
0.00404742
0.0039631
0.00392771
0.00495341
0.0146475
0.000271887
0.00136776
0.00184119
0.00209349
0.00230977
0.00252651
0.0027369
0.00292888
0.00309299
0.00321994
0.00330253
0.00334142
0.00334154
0.00330292
0.00322065
0.00309388
0.0029298
0.00273778
0.00252737
0.0023107
0.00209476
0.00184337
0.00137094
0.000273753
0.00321667
0.00411623
0.00434436
0.00471717
0.00521402
0.00578021
0.00635526
0.00682643
0.0069845
0.00666964
0.00577188
0.00490407
0.00563239
0.00662406
0.00749687
0.0077951
0.00757042
0.0069664
0.00621753
0.00548637
0.00486874
0.00442235
0.00414624
0.00323708
0.00178976
0.00561659
0.00705777
0.00814434
0.00911079
0.00985365
0.0103185
0.0105898
0.0106748
0.0106469
0.0103439
0.0100419
0.010041
0.0103423
0.0106461
0.0106737
0.0105882
0.0103162
0.00985112
0.00910821
0.00814263
0.00705714
0.00561716
0.00179078
0.00126472
0.00242886
0.00306734
0.00279764
0.00238735
0.00213787
0.00205174
0.00207432
0.00215455
0.00225274
0.00233731
0.00238596
0.00238588
0.0023371
0.0022524
0.00215402
0.00207364
0.00205113
0.00213772
0.0023881
0.00279822
0.00307085
0.00243085
0.0012642
0.00411037
0.00337072
0.00434348
0.00550911
0.00660551
0.00757487
0.00839251
0.00904003
0.00952168
0.0098529
0.010057
0.0101482
0.0101481
0.0100565
0.00985197
0.00952033
0.00903815
0.00839002
0.00757187
0.00660229
0.00550604
0.00434078
0.0033686
0.00410918
0.0146407
0.00493372
0.00395265
0.00398982
0.00407009
0.00411479
0.00413424
0.00414137
0.00414355
0.00414405
0.00414407
0.00414403
0.00414403
0.00414408
0.00414405
0.00414355
0.00414137
0.00413424
0.00411479
0.00407009
0.00398983
0.00395264
0.0049337
0.0146408
0.01456
0.00499353
0.00395404
0.00398442
0.00406765
0.00411467
0.0041352
0.0041427
0.00414492
0.00414537
0.00414533
0.00414525
0.00414525
0.00414533
0.00414537
0.00414493
0.0041427
0.0041352
0.00411467
0.00406765
0.00398443
0.00395404
0.00499352
0.0145601
0.00218458
0.00208059
0.00383285
0.00561479
0.00721989
0.00863743
0.00985352
0.0108492
0.0116157
0.0121623
0.0125094
0.012677
0.0126767
0.0125084
0.012161
0.0116142
0.0108478
0.00985228
0.00863641
0.0072191
0.00561413
0.00383213
0.0020801
0.00218239
0.000117651
8.56843e-05
2.27142e-05
3.184e-05
6.37022e-05
0.000137225
0.000236712
0.000314292
0.000370274
0.000413407
0.000416093
0.000378161
0.000336498
0.000296359
0.000255982
0.000212698
0.000164445
0.000110132
6.01714e-05
4.74497e-05
7.62237e-05
0.000149729
0.000257912
0.000392908
0.00208904
0.00234427
0.00300234
0.00378575
0.00470516
0.00570053
0.00667294
0.0075298
0.00823391
0.00878338
0.00915845
0.00934264
0.00934377
0.00916193
0.00878929
0.00824198
0.00754015
0.0066854
0.0057136
0.00471671
0.00379413
0.00300662
0.002344
0.00208683
0.0140276
0.00489105
0.0042564
0.00429867
0.00434868
0.00437272
0.00438177
0.00438456
0.00438522
0.00438527
0.0043852
0.00438516
0.00438516
0.0043852
0.00438527
0.00438522
0.00438456
0.00438177
0.00437272
0.00434868
0.00429867
0.0042564
0.00489105
0.0140276
0.0138534
0.00489935
0.00430546
0.00434707
0.00439354
0.00441532
0.0044233
0.00442569
0.00442621
0.00442623
0.00442616
0.00442611
0.00442611
0.00442616
0.00442623
0.00442621
0.00442569
0.0044233
0.00441532
0.00439354
0.00434707
0.00430546
0.00489935
0.0138534
0.0131923
0.00490611
0.00442483
0.00445625
0.0044897
0.00450458
0.00450968
0.00451106
0.0045113
0.00451126
0.00451119
0.00451115
0.00451115
0.00451119
0.00451126
0.0045113
0.00451106
0.00450968
0.00450458
0.0044897
0.00445625
0.00442483
0.00490611
0.0131923
0.0144752
0.00490025
0.00409852
0.00414332
0.00420943
0.00424368
0.00425761
0.00426236
0.00426367
0.0042639
0.00426387
0.00426382
0.00426382
0.00426387
0.0042639
0.00426367
0.00426236
0.00425761
0.00424368
0.00420943
0.00414332
0.00409852
0.00490024
0.0144752
0.0110929
0.00495777
0.00467445
0.00468426
0.00469682
0.00470169
0.00470302
0.00470324
0.0047032
0.00470313
0.00470307
0.00470304
0.00470304
0.00470307
0.00470313
0.0047032
0.00470324
0.00470302
0.00470169
0.00469682
0.00468426
0.00467445
0.00495777
0.0110929
0.00968063
0.00498685
0.00479195
0.00479443
0.00480019
0.00480216
0.00480257
0.00480256
0.00480248
0.00480242
0.00480238
0.00480235
0.00480235
0.00480238
0.00480242
0.00480248
0.00480256
0.00480257
0.00480216
0.00480019
0.00479443
0.00479195
0.00498685
0.00968063
0.0129104
0.00491803
0.00447347
0.00450264
0.00453262
0.00454558
0.00454987
0.00455098
0.00455114
0.00455108
0.00455101
0.00455097
0.00455097
0.00455101
0.00455108
0.00455114
0.00455098
0.00454987
0.00454558
0.00453262
0.00450264
0.00447347
0.00491803
0.0129104
0.0120612
0.00764748
0.0074189
0.00771842
0.00833902
0.00906178
0.010095
0.0111581
0.0125295
0.0142182
0.0159294
0.0169248
0.0168049
0.015478
0.0139112
0.0125376
0.0114236
0.0104082
0.00928624
0.00852004
0.00783779
0.00749232
0.00769554
0.0120651
0.0131501
0.0055769
0.00529152
0.00569456
0.00639346
0.00715045
0.00787607
0.00854774
0.00917653
0.00977082
0.0103346
0.0105949
0.0105557
0.0102699
0.00984109
0.00930862
0.00867896
0.00797914
0.00722027
0.00643935
0.00572062
0.00530479
0.00558455
0.013159
0.015208
0.00939972
0.00896861
0.0101849
0.011705
0.0127603
0.0138213
0.0147742
0.0155607
0.0162318
0.0167422
0.0169355
0.0170111
0.0169505
0.0165754
0.0159287
0.0150231
0.0139181
0.0127408
0.0116602
0.0101673
0.00899135
0.0094639
0.0152178
0.0142935
0.00489271
0.00417526
0.00422004
0.00427834
0.00430742
0.00431881
0.00432251
0.00432346
0.00432358
0.00432353
0.00432348
0.00432348
0.00432353
0.00432358
0.00432346
0.00432251
0.00431881
0.00430742
0.00427834
0.00422004
0.00417526
0.00489271
0.0142935
0.0110752
0.0049579
0.00467583
0.00468548
0.00469794
0.00470277
0.00470409
0.00470431
0.00470427
0.0047042
0.00470414
0.00470412
0.00470412
0.00470414
0.0047042
0.00470427
0.00470431
0.00470409
0.00470277
0.00469794
0.00468548
0.00467583
0.0049579
0.0110752
0.0145345
0.00491472
0.00406947
0.0041149
0.00418568
0.00422285
0.00423818
0.0042435
0.00424501
0.00424531
0.00424529
0.00424525
0.00424525
0.00424529
0.00424531
0.00424501
0.0042435
0.00423819
0.00422285
0.00418568
0.0041149
0.00406946
0.00491471
0.0145345
0.0211698
0.00703132
0.00516014
0.00539992
0.00601145
0.00669684
0.00736592
0.0079248
0.00842606
0.0089174
0.00932124
0.00947224
0.00947175
0.00933595
0.00899259
0.00853529
0.00800823
0.00740175
0.00671067
0.00601968
0.00540787
0.00516745
0.00703675
0.0211719
0.0143866
0.00490474
0.00414503
0.00419163
0.00425476
0.00428667
0.00429935
0.00430354
0.00430464
0.00430481
0.00430476
0.0043047
0.0043047
0.00430476
0.00430481
0.00430464
0.00430354
0.00429935
0.00428667
0.00425476
0.00419163
0.00414503
0.00490474
0.0143866
0.0204945
0.00812829
0.00566953
0.00563076
0.00612824
0.00676181
0.00739826
0.00792937
0.00839702
0.0088325
0.00916221
0.00928205
0.00928942
0.00918746
0.00890197
0.00849069
0.00799743
0.00742423
0.00676519
0.00612636
0.00563066
0.0056711
0.00813363
0.0204995
0.0168327
0.00568159
0.00508798
0.00550461
0.00616655
0.00688577
0.00758722
0.00819737
0.00875016
0.00929453
0.00981383
0.0100411
0.0100036
0.00976841
0.00935875
0.00887262
0.00830947
0.00766435
0.00693996
0.00620354
0.00552704
0.00510015
0.00569038
0.0168374
0.0132404
0.00830541
0.00835382
0.00906393
0.00996813
0.0106638
0.0117554
0.0129471
0.0143678
0.0158395
0.0171895
0.017863
0.0178332
0.0169659
0.015703
0.014381
0.0131493
0.0120557
0.0108916
0.0101549
0.00917682
0.00842152
0.00835366
0.0132396
0.0128988
0.0049184
0.00447533
0.00450432
0.00453416
0.00454707
0.00455136
0.00455247
0.00455263
0.00455258
0.00455251
0.00455247
0.00455247
0.00455251
0.00455258
0.00455263
0.00455247
0.00455136
0.00454707
0.00453416
0.00450432
0.00447533
0.0049184
0.0128988
0.0139553
0.00551949
0.00517707
0.00557946
0.00625854
0.0069936
0.00769785
0.00834313
0.0089432
0.009513
0.0100439
0.0102621
0.0102291
0.00998607
0.00957986
0.00907141
0.00847067
0.00779716
0.0070622
0.00630384
0.00560565
0.00519068
0.00552752
0.0139631
0.0141634
0.00489833
0.00422528
0.00427049
0.00432524
0.00435193
0.00436214
0.00436538
0.00436618
0.00436627
0.00436621
0.00436616
0.00436616
0.00436621
0.00436627
0.00436618
0.00436538
0.00436214
0.00435193
0.00432524
0.00427049
0.00422528
0.00489832
0.0141634
0.012254
0.00493401
0.00455894
0.00458041
0.00460274
0.00461199
0.00461487
0.00461553
0.00461558
0.00461551
0.00461545
0.00461541
0.00461541
0.00461545
0.00461551
0.00461558
0.00461553
0.00461487
0.00461199
0.00460274
0.00458041
0.00455894
0.00493401
0.012254
0.00965882
0.00498738
0.00479357
0.00479593
0.00480162
0.00480356
0.00480396
0.00480395
0.00480388
0.00480382
0.00480377
0.00480375
0.00480375
0.00480377
0.00480382
0.00480388
0.00480395
0.00480396
0.00480356
0.00480162
0.00479593
0.00479357
0.00498738
0.00965882
0.015242
0.00904627
0.00893821
0.0102243
0.0117529
0.0127327
0.0138078
0.0148089
0.0156664
0.0164119
0.0170101
0.0172292
0.0172922
0.0171688
0.0167048
0.0159958
0.0150513
0.0139449
0.012767
0.0117593
0.0102353
0.00897076
0.00910518
0.0152438
0.0135811
0.00805168
0.00802945
0.00873161
0.00963568
0.0103663
0.0114287
0.0125453
0.0138342
0.0152124
0.0165276
0.0171891
0.0171326
0.0163186
0.01512
0.0138927
0.012744
0.0116822
0.0105462
0.00978424
0.00882806
0.00809321
0.00810349
0.0135804
0.0209948
0.00743941
0.00531874
0.00546105
0.00603858
0.00670744
0.00736204
0.00791119
0.00840203
0.00887405
0.00924941
0.00938701
0.00939031
0.00927022
0.00894819
0.00850574
0.00798956
0.00739505
0.00671804
0.0060437
0.00546667
0.00532315
0.00744443
0.0209984
0.0106448
0.00497001
0.0047176
0.00472517
0.00473533
0.0047391
0.00474006
0.00474018
0.00474012
0.00474005
0.00474
0.00473997
0.00473997
0.00474
0.00474005
0.00474012
0.00474018
0.00474006
0.0047391
0.00473533
0.00472517
0.0047176
0.00497001
0.0106448
0.0152572
0.00927693
0.00863127
0.00971133
0.0111079
0.0121402
0.0131769
0.0141167
0.0149151
0.0156229
0.0161756
0.0164024
0.0164677
0.0163632
0.0159408
0.01526
0.0143481
0.0132567
0.0121081
0.0110534
0.00968847
0.00865267
0.00934446
0.0152686
0.0134373
0.00490618
0.00438912
0.00442517
0.00446324
0.00448039
0.00448639
0.00448807
0.00448839
0.00448836
0.00448829
0.00448824
0.00448824
0.00448829
0.00448836
0.00448839
0.00448807
0.00448639
0.00448039
0.00446324
0.00442517
0.00438912
0.00490618
0.0134373
0.0140224
0.00489122
0.00425827
0.00430041
0.00435028
0.00437426
0.0043833
0.0043861
0.00438677
0.00438682
0.00438676
0.00438672
0.00438672
0.00438676
0.00438682
0.00438677
0.0043861
0.0043833
0.00437426
0.00435028
0.00430041
0.00425827
0.00489122
0.0140224
0.0124781
0.00812876
0.00805253
0.00851783
0.00924155
0.00993887
0.0110196
0.0121876
0.0136966
0.0153853
0.016978
0.0178327
0.0177731
0.016616
0.0151086
0.0136534
0.0124235
0.0113536
0.0101895
0.00944637
0.00864745
0.00812697
0.00817579
0.0124797
0.00991147
0.0057107
0.00554684
0.00591415
0.00665371
0.00746943
0.00822999
0.0089247
0.00956926
0.0101557
0.0106221
0.0106994
0.0107441
0.0106108
0.0102558
0.00972176
0.0090744
0.00835067
0.00755415
0.00670701
0.00594393
0.00555972
0.00571475
0.00992162
0.0118912
0.00493889
0.00459501
0.00461161
0.00463014
0.00463771
0.00463999
0.00464048
0.0046405
0.00464043
0.00464037
0.00464034
0.00464034
0.00464037
0.00464043
0.0046405
0.00464048
0.00463999
0.00463771
0.00463014
0.00461161
0.00459501
0.00493889
0.0118912
0.0125945
0.00492119
0.00451153
0.00453557
0.00456114
0.00457206
0.0045756
0.00457648
0.00457658
0.00457652
0.00457646
0.00457642
0.00457642
0.00457646
0.00457652
0.00457658
0.00457648
0.0045756
0.00457206
0.00456114
0.00453557
0.00451153
0.00492119
0.0125945
0.0152738
0.00920932
0.00894388
0.0102044
0.0117384
0.0127622
0.01383
0.0148017
0.0156147
0.0163161
0.0168655
0.0170695
0.0171391
0.0170515
0.0166378
0.0159671
0.0150487
0.0139448
0.0127668
0.0117174
0.0102004
0.00897134
0.00927082
0.0152793
0.0147082
0.00560726
0.00522482
0.00564223
0.00633123
0.00707278
0.00778862
0.0084411
0.00904053
0.00961814
0.0101788
0.0104586
0.0104179
0.0101236
0.0096919
0.00917208
0.00856383
0.00788021
0.00713571
0.00637331
0.00566649
0.00523657
0.00561529
0.0147156
0.0111575
0.00738184
0.00701843
0.00716588
0.007715
0.00845218
0.00946562
0.0104966
0.0118116
0.013528
0.015366
0.0165626
0.0164241
0.0148233
0.0131827
0.0118671
0.0108058
0.00979747
0.00869084
0.00789706
0.00728476
0.00709008
0.00742558
0.0111664
0.0146155
0.00493191
0.00399671
0.00403827
0.00411619
0.00415861
0.00417674
0.00418327
0.00418523
0.00418566
0.00418567
0.00418563
0.00418563
0.00418567
0.00418566
0.00418523
0.00418327
0.00417674
0.00415861
0.00411619
0.00403827
0.0039967
0.00493189
0.0146155
0.0145789
0.00494768
0.0040058
0.00404541
0.00412299
0.00416521
0.00418315
0.00418953
0.00419139
0.00419175
0.00419172
0.00419166
0.00419166
0.00419172
0.00419175
0.00419139
0.00418953
0.00418315
0.00416521
0.00412299
0.00404541
0.0040058
0.00494767
0.0145789
0.0131819
0.00490649
0.00442673
0.00445797
0.00449127
0.0045061
0.0045112
0.00451258
0.00451282
0.00451279
0.00451272
0.00451268
0.00451268
0.00451272
0.00451279
0.00451282
0.00451258
0.0045112
0.00450611
0.00449127
0.00445797
0.00442673
0.00490649
0.0131819
0.00909363
0.00574446
0.00561155
0.00596974
0.00672687
0.00757284
0.0083507
0.00904692
0.00967788
0.0102225
0.0105596
0.0104409
0.0105268
0.010643
0.0103484
0.0098211
0.00917822
0.00845305
0.00764381
0.00677142
0.00599435
0.00562088
0.00574537
0.0091024
0.0144717
0.00490159
0.0040977
0.00414244
0.00420868
0.00424297
0.0042569
0.00426162
0.00426291
0.00426313
0.00426309
0.00426304
0.00426304
0.00426309
0.00426313
0.00426291
0.00426162
0.0042569
0.00424297
0.00420868
0.00414244
0.0040977
0.00490159
0.0144717
0.0142916
0.00489245
0.00417687
0.00422158
0.00427973
0.00430876
0.00432015
0.00432386
0.00432481
0.00432495
0.0043249
0.00432485
0.00432485
0.0043249
0.00432495
0.00432481
0.00432386
0.00432015
0.00430876
0.00427973
0.00422158
0.00417687
0.00489245
0.0142916
0.021155
0.00695298
0.00520561
0.00548298
0.00612017
0.0068298
0.00752482
0.00810478
0.00862286
0.00913284
0.00956148
0.00973039
0.00972846
0.00957607
0.00921331
0.00873838
0.00819104
0.00755878
0.0068411
0.00612663
0.00548976
0.00521243
0.0069577
0.0211566
0.0123654
0.00551336
0.00527452
0.00565848
0.00635413
0.00711084
0.00782411
0.00847925
0.00909114
0.00966607
0.0101673
0.010339
0.0103311
0.0101195
0.00973713
0.00922458
0.00861712
0.0079377
0.00719216
0.00640733
0.00568926
0.00528893
0.00551996
0.0123747
0.00906373
0.00682524
0.00623101
0.00627048
0.00681858
0.00761255
0.00858877
0.00963189
0.0107985
0.0121944
0.0138655
0.014773
0.0147624
0.0131688
0.012046
0.0110593
0.0100298
0.00894131
0.0078665
0.00698082
0.00636327
0.00628125
0.00685662
0.00908126
0.0174473
0.00580643
0.00515471
0.00557948
0.00625716
0.00699072
0.0077082
0.00832816
0.00888442
0.00943763
0.0099676
0.010218
0.0101807
0.00992416
0.00950323
0.00900954
0.00843851
0.00777766
0.00703725
0.00628894
0.0055996
0.00516613
0.00581489
0.0174512
0.0138774
0.00847617
0.00860356
0.0095397
0.01064
0.0113673
0.012466
0.0136504
0.0149443
0.0162001
0.0173255
0.0178457
0.0178448
0.0172272
0.0162011
0.0150363
0.0138446
0.0127311
0.0115624
0.0107964
0.00963026
0.00866281
0.00852552
0.0138757
0.0107026
0.00767948
0.00726822
0.00732726
0.00785788
0.00860991
0.00966725
0.0107736
0.012234
0.0141461
0.0161245
0.0174764
0.0173809
0.0155324
0.013702
0.0122444
0.0111064
0.0100349
0.0088794
0.00805706
0.00745409
0.00734038
0.00771879
0.0107141
0.0115107
0.00495161
0.00463903
0.00465323
0.00466902
0.00467523
0.00467701
0.00467734
0.00467732
0.00467724
0.00467718
0.00467715
0.00467715
0.00467718
0.00467724
0.00467732
0.00467734
0.00467701
0.00467523
0.00466902
0.00465323
0.00463903
0.00495161
0.0115107
0.0114942
0.00495183
0.00464055
0.00465458
0.00467025
0.00467642
0.00467819
0.00467853
0.00467851
0.00467843
0.00467838
0.00467835
0.00467835
0.00467838
0.00467843
0.00467851
0.00467853
0.00467819
0.00467642
0.00467025
0.00465458
0.00464055
0.00495183
0.0114942
0.0161509
0.00568958
0.00518106
0.00560617
0.00628859
0.0070284
0.00775132
0.00838542
0.00896136
0.00952811
0.0100794
0.0103438
0.0102996
0.0100283
0.00959581
0.00908896
0.00850076
0.00783058
0.00708304
0.00632578
0.0056284
0.00519277
0.00569794
0.0161566
0.0107304
0.00559974
0.00543808
0.00582273
0.00655423
0.00735241
0.0080916
0.00876033
0.00937393
0.00992444
0.0103555
0.010404
0.010444
0.0103467
0.010021
0.00952273
0.00890677
0.00821083
0.00743666
0.00660759
0.00585268
0.00545119
0.00560396
0.0107404
0.0096866
0.0074564
0.00687315
0.00681273
0.00733604
0.00813069
0.0091819
0.0102958
0.0116754
0.0135446
0.0155821
0.0173002
0.017207
0.0149152
0.0131024
0.0117826
0.0106767
0.00955379
0.00840361
0.00751969
0.00692355
0.006935
0.00748984
0.00970333
0.0126074
0.00492083
0.00450974
0.00453397
0.00455967
0.00457064
0.00457419
0.00457506
0.00457517
0.0045751
0.00457503
0.004575
0.004575
0.00457503
0.0045751
0.00457517
0.00457506
0.00457419
0.00457064
0.00455967
0.00453397
0.00450974
0.00492083
0.0126074
0.0116257
0.00793172
0.00769786
0.00793734
0.00853066
0.00924532
0.0103108
0.0114407
0.0129636
0.0148185
0.0166395
0.0177317
0.0176502
0.0161544
0.0144367
0.0129134
0.0117213
0.0106683
0.00951041
0.00874015
0.00807185
0.00777432
0.00797573
0.0116317
0.01288
0.0078535
0.00774074
0.00823494
0.00897967
0.00970186
0.0107505
0.0118445
0.013199
0.0147501
0.0162731
0.0170974
0.017007
0.0159408
0.0145421
0.0132139
0.0120717
0.0110366
0.00990562
0.00914833
0.00834724
0.00781103
0.00790388
0.0128808
0.0180538
0.00581473
0.00508073
0.00548817
0.00614292
0.00685605
0.00755218
0.00814806
0.00868145
0.00921085
0.00970768
0.00992416
0.00989283
0.00966963
0.00927249
0.00880017
0.00825452
0.00762003
0.00690253
0.00617472
0.00550846
0.00509253
0.00582377
0.0180566
0.0119065
0.0049386
0.00459339
0.00461018
0.00462883
0.00463644
0.00463874
0.00463922
0.00463924
0.00463916
0.0046391
0.00463907
0.00463907
0.0046391
0.00463916
0.00463924
0.00463922
0.00463874
0.00463644
0.00462883
0.00461018
0.00459339
0.0049386
0.0119065
0.0115304
0.00560615
0.00539807
0.00577844
0.00649205
0.00727231
0.00800979
0.00868884
0.00932979
0.00993386
0.0104673
0.0106783
0.0106684
0.0104145
0.0100087
0.00946711
0.00883113
0.00812581
0.00735489
0.00654567
0.005809
0.00541212
0.00561239
0.0115404
0.0208909
0.00656085
0.00509439
0.00541958
0.00605157
0.00674569
0.00742108
0.00798788
0.0084926
0.00899827
0.00944022
0.00961569
0.00960673
0.00944056
0.0090711
0.00860545
0.00807807
0.00746442
0.00676837
0.00606687
0.0054316
0.00510364
0.00656815
0.0208911
0.020896
0.0076068
0.0053846
0.00550784
0.00608844
0.00676593
0.00743816
0.00801524
0.00853344
0.00902638
0.00940869
0.0095532
0.00956074
0.00943754
0.00910892
0.00864371
0.00809216
0.00746259
0.00676441
0.00608287
0.00550594
0.00538512
0.00761122
0.0209002
0.0211392
0.00719738
0.00524476
0.00547002
0.00609357
0.00679269
0.00747508
0.00805288
0.00857136
0.00907523
0.00948533
0.00964285
0.00964515
0.0095072
0.00915726
0.00868508
0.0081365
0.00750681
0.00680023
0.00609665
0.00547481
0.00524859
0.0072018
0.0211419
0.0153226
0.00889911
0.00860211
0.00976953
0.011188
0.0121658
0.0132191
0.014197
0.015049
0.0158229
0.0164654
0.0167246
0.0167744
0.0166048
0.0160966
0.0153641
0.0144245
0.0133312
0.0121767
0.0111769
0.00977201
0.00863234
0.00896177
0.015326
0.0211118
0.00678842
0.00512285
0.00540969
0.00603215
0.00671843
0.00738468
0.00794772
0.00845071
0.00894882
0.00937024
0.00953123
0.00952659
0.00937777
0.00902263
0.00856193
0.00803479
0.00742459
0.0067367
0.00604381
0.00541962
0.00513116
0.0067947
0.0211129
0.0141666
0.00489856
0.0042237
0.004269
0.0043239
0.00435064
0.00436086
0.00436409
0.00436487
0.00436495
0.00436489
0.00436484
0.00436484
0.00436489
0.00436495
0.00436487
0.00436409
0.00436086
0.00435064
0.0043239
0.004269
0.0042237
0.00489856
0.0141666
0.015459
0.00557943
0.00512097
0.00553485
0.00620356
0.00692464
0.00762047
0.00824743
0.00882103
0.00937545
0.00990443
0.0101426
0.0101082
0.00985527
0.00944532
0.00894793
0.00836677
0.00770886
0.00698655
0.00624511
0.00555922
0.00513321
0.00558788
0.0154654
0.0101867
0.00709556
0.00661153
0.00665071
0.00717497
0.00793813
0.00893699
0.00996755
0.0112189
0.0128639
0.0146973
0.0161344
0.0160052
0.0141095
0.0125435
0.0113534
0.0103202
0.00927958
0.00818474
0.00734831
0.00675797
0.00667333
0.00713234
0.010201
0.0106247
0.00497006
0.00471895
0.00472639
0.00473645
0.00474018
0.00474113
0.00474125
0.00474119
0.00474111
0.00474106
0.00474104
0.00474104
0.00474106
0.00474111
0.00474119
0.00474125
0.00474113
0.00474018
0.00473645
0.00472639
0.00471895
0.00497006
0.0106247
0.0122681
0.00493368
0.00455722
0.00457886
0.00460133
0.00461062
0.0046135
0.00461417
0.00461421
0.00461414
0.00461408
0.00461404
0.00461404
0.00461408
0.00461414
0.00461421
0.00461417
0.0046135
0.00461062
0.00460133
0.00457886
0.00455722
0.00493368
0.0122681
0.0152835
0.00909775
0.00864289
0.00978428
0.0112084
0.0122223
0.0132696
0.0142282
0.015049
0.0157862
0.0163814
0.0166239
0.0166826
0.0165491
0.0160875
0.0153844
0.0144599
0.0133638
0.0122082
0.0111734
0.00977296
0.0086684
0.00916316
0.015291
0.0134283
0.00490652
0.00439104
0.00442692
0.00446484
0.00448195
0.00448794
0.00448962
0.00448994
0.00448992
0.00448985
0.00448981
0.00448981
0.00448985
0.00448992
0.00448994
0.00448962
0.00448794
0.00448195
0.00446484
0.00442692
0.00439104
0.00490652
0.0134283
0.013847
0.00489954
0.00430732
0.00434879
0.00439511
0.00441684
0.00442481
0.00442721
0.00442774
0.00442776
0.0044277
0.00442765
0.00442765
0.0044277
0.00442776
0.00442774
0.00442721
0.00442481
0.00441684
0.00439511
0.00434879
0.00430732
0.00489954
0.013847
0.0145142
0.00492482
0.00407498
0.00411914
0.00418965
0.00422666
0.00424189
0.00424713
0.00424859
0.00424885
0.00424881
0.00424876
0.00424876
0.00424881
0.00424885
0.00424859
0.00424713
0.00424189
0.00422666
0.00418965
0.00411914
0.00407498
0.00492482
0.0145142
0.0210191
0.00671756
0.00517611
0.00549534
0.0061428
0.00685239
0.00754324
0.00812773
0.00864749
0.00916433
0.00961177
0.00979239
0.00978574
0.00961849
0.00924327
0.0087649
0.00821775
0.00758149
0.00686839
0.00615289
0.00550429
0.00518393
0.00672334
0.0210198
0.0101765
0.00497634
0.00475169
0.00475573
0.00476335
0.00476612
0.00476677
0.00476682
0.00476675
0.00476669
0.00476664
0.00476662
0.00476662
0.00476664
0.00476669
0.00476675
0.00476682
0.00476677
0.00476612
0.00476335
0.00475573
0.00475169
0.00497634
0.0101765
0.0143882
0.00490341
0.00414582
0.00419244
0.00425542
0.00428729
0.00429997
0.00430419
0.00430531
0.00430549
0.00430544
0.0043054
0.0043054
0.00430544
0.00430549
0.00430531
0.00430419
0.00429997
0.00428729
0.00425542
0.00419244
0.00414582
0.0049034
0.0143882
0.0136636
0.00489582
0.00433997
0.00437761
0.00441926
0.00443853
0.00444546
0.00444749
0.00444791
0.0044479
0.00444783
0.00444779
0.00444779
0.00444783
0.0044479
0.00444791
0.00444749
0.00444546
0.00443853
0.00441926
0.00437761
0.00433997
0.00489582
0.0136636
0.0101565
0.00497685
0.00475319
0.00475709
0.00476462
0.00476736
0.00476801
0.00476805
0.00476799
0.00476792
0.00476787
0.00476785
0.00476785
0.00476787
0.00476792
0.00476799
0.00476805
0.00476801
0.00476736
0.00476462
0.00475709
0.00475319
0.00497685
0.0101565
0.0151556
0.00956786
0.00894189
0.0100806
0.0115546
0.0126225
0.0136717
0.0146066
0.015375
0.0160221
0.0164973
0.0166801
0.0167597
0.01672
0.0163765
0.0157472
0.0148522
0.0137535
0.0125854
0.0114913
0.0100517
0.00896057
0.0096341
0.0151695
0.0145638
0.00492416
0.00402854
0.00406934
0.00414257
0.00418193
0.00419845
0.00420427
0.00420594
0.00420626
0.00420624
0.00420619
0.00420619
0.00420624
0.00420626
0.00420594
0.00420427
0.00419845
0.00418193
0.00414257
0.00406934
0.00402854
0.00492415
0.0145638
0.0136557
0.00489615
0.00434191
0.00437938
0.00442088
0.0044401
0.00444703
0.00444906
0.00444948
0.00444948
0.00444942
0.00444937
0.00444937
0.00444942
0.00444948
0.00444948
0.00444906
0.00444703
0.0044401
0.00442088
0.00437938
0.00434191
0.00489615
0.0136557
0.0152447
0.00944645
0.00857463
0.00955336
0.0108857
0.0119146
0.01293
0.0138479
0.0146278
0.0153068
0.0158146
0.0160222
0.0160921
0.016015
0.0156303
0.0149707
0.0140742
0.012999
0.0118712
0.0108183
0.0095219
0.00859274
0.00951563
0.0152595
0.0145866
0.00491437
0.00402373
0.00406597
0.00413951
0.00417902
0.00419567
0.00420156
0.00420328
0.00420364
0.00420363
0.00420359
0.00420359
0.00420363
0.00420364
0.00420328
0.00420156
0.00419567
0.00417902
0.00413951
0.00406597
0.00402373
0.00491436
0.0145866
0.000337774
0.000325361
0.000549506
0.000639328
0.000636276
0.000611626
0.000601267
0.000621312
0.000664299
0.000712335
0.000748692
0.000773063
0.00077325
0.000749093
0.000712746
0.000664637
0.000621587
0.000601516
0.000611847
0.000636437
0.000639428
0.000549601
0.000325507
0.000337962
0.00203676
0.00210036
0.00385778
0.00549167
0.00694939
0.00824559
0.00938098
0.0103361
0.0110846
0.0116172
0.0119488
0.0121055
0.0121049
0.0119474
0.0116154
0.0110831
0.0103352
0.0093805
0.00824544
0.00694944
0.00549181
0.00385726
0.00209893
0.00203579
0.000713279
0.000848997
0.00075061
0.000750311
0.000707835
0.000632417
0.000610443
0.000837078
0.00121561
0.000789156
0.000625613
0.000520117
0.000470847
0.00047971
0.000551901
0.000810512
0.000636341
0.000568499
0.00062439
0.000705852
0.000749781
0.000750505
0.000849688
0.000718182
0.000689142
0.000876337
0.000771206
0.00077051
0.000724779
0.000635054
0.000562657
0.00064319
0.00121221
0.00105743
0.000750697
0.000562362
0.00050723
0.000589324
0.000821937
0.000801767
0.000559981
0.000547059
0.000631681
0.000723563
0.000770155
0.000771132
0.000876917
0.000694513
0.00153464
0.00325616
0.00394071
0.00445015
0.00500074
0.00556789
0.00608779
0.00649886
0.00679794
0.00700043
0.00711323
0.00714926
0.00714903
0.00711264
0.0069996
0.00679682
0.00649745
0.00608616
0.00556635
0.00499944
0.00444925
0.00394028
0.0032561
0.00153481
0.00225128
0.00205328
0.00223595
0.00232106
0.00231265
0.00227614
0.00222377
0.00216603
0.00210609
0.00204911
0.00200053
0.00196836
0.00196816
0.00200014
0.00204865
0.00210562
0.00216561
0.00222345
0.00227597
0.00231267
0.00232125
0.00223637
0.00205407
0.00225446
0.00236418
0.00213441
0.00233608
0.00241532
0.00239318
0.00234599
0.00228661
0.00222409
0.00216109
0.00210213
0.00205231
0.00201935
0.00201915
0.00205193
0.00210169
0.00216065
0.00222369
0.0022863
0.00234582
0.0023932
0.00241548
0.00233648
0.00213516
0.00236659
0.014657
0.00496938
0.00386382
0.00389376
0.0039841
0.00403666
0.00406058
0.00406985
0.00407293
0.00407377
0.00407393
0.00407393
0.00407393
0.00407393
0.00407377
0.00407293
0.00406985
0.00406058
0.00403666
0.0039841
0.00389376
0.00386381
0.00496935
0.014657
0.00374236
0.00349476
0.00393344
0.00441001
0.00492169
0.00536946
0.00566215
0.0058074
0.0058894
0.00597789
0.00608838
0.00616762
0.00616679
0.00608647
0.00597563
0.00588736
0.00580573
0.00566053
0.00536755
0.00491965
0.00440824
0.00393215
0.00349391
0.00374182
0.00343694
0.00320164
0.00356872
0.00394395
0.00432284
0.00463067
0.004806
0.00487495
0.00492039
0.0050019
0.00511765
0.00520394
0.00520317
0.00511589
0.00499986
0.00491865
0.00487371
0.00480498
0.00462947
0.00432144
0.00394264
0.00356769
0.0032009
0.00343649
0.00538105
0.00584743
0.00428059
0.00419018
0.00466611
0.00525003
0.00581232
0.00631459
0.00673633
0.00706098
0.0072793
0.00738903
0.00738891
0.00727897
0.00706044
0.00673562
0.00631376
0.00581142
0.00524911
0.00466527
0.00418953
0.00428008
0.0058465
0.00538111
0.000678782
0.00020789
0.000323242
0.000198366
0.000104028
0.000185077
0.000352162
0.000546693
0.000740855
0.000892135
0.000967149
0.000911339
0.000703757
0.000472633
0.00028614
0.000163604
9.39872e-05
5.74043e-05
3.83331e-05
2.87264e-05
5.51028e-05
0.000203312
0.0001972
0.000689694
0.0040917
0.00479374
0.00442857
0.00485385
0.00553802
0.00621515
0.006819
0.00733782
0.00776401
0.00808884
0.00830608
0.00841267
0.00841253
0.00830562
0.00808815
0.00776312
0.0073368
0.00681791
0.00621409
0.00553707
0.00485305
0.00442778
0.00479268
0.00409177
0.00565835
0.0052743
0.00503139
0.00567448
0.0067214
0.00785226
0.00893067
0.00989831
0.0107442
0.0113993
0.0118331
0.0120475
0.0120471
0.0118321
0.0113977
0.0107421
0.00989576
0.00892815
0.00784977
0.00671926
0.00567302
0.00503071
0.0052738
0.00565909
0.00404992
0.00413648
0.00504094
0.00607511
0.00723425
0.00831024
0.00909943
0.00957704
0.00985206
0.0100377
0.0101923
0.0102851
0.0102839
0.0101895
0.0100341
0.00984837
0.00957334
0.0090953
0.00830541
0.00722949
0.0060714
0.00503863
0.00413527
0.004049
0.00394881
0.00349919
0.00386269
0.0042803
0.00473217
0.00513629
0.0054139
0.00556332
0.00564849
0.005729
0.00582309
0.0058908
0.00589008
0.00582146
0.00572706
0.00564671
0.00556178
0.00541235
0.00513449
0.00473028
0.00427867
0.00386149
0.00349838
0.00394822
0.000261292
0.000114148
8.23882e-05
7.96538e-05
9.06189e-05
0.000160514
0.000280612
0.000455797
0.000639192
0.000819763
0.0010155
0.00110112
0.00106352
0.000986252
0.000874298
0.000738977
0.000618441
0.000546543
0.000545134
0.00060571
0.000705318
0.000791488
0.000813808
0.00113214
4.07688e-05
5.39311e-05
9.43061e-05
0.000122468
0.000149637
0.000188763
0.000246964
0.000316616
0.000387932
0.000435087
0.000414613
0.000292883
0.00018877
0.00013127
0.000104241
9.95913e-05
9.58975e-05
8.79445e-05
7.49694e-05
5.85636e-05
4.66986e-05
5.85769e-05
0.000137258
0.000461346
0.0117919
0.00702027
0.00544481
0.0051751
0.0051491
0.00515219
0.00515498
0.0051558
0.00515568
0.00515532
0.00515501
0.00515484
0.00515484
0.00515501
0.00515533
0.00515568
0.0051558
0.00515498
0.00515219
0.0051491
0.00517509
0.00544479
0.00702022
0.011792
0.00256173
0.00199593
0.0019257
0.00201844
0.00210362
0.00215437
0.00217179
0.00217131
0.00215696
0.00213546
0.00211226
0.00209489
0.00209474
0.00211193
0.00213505
0.00215651
0.00217089
0.00217143
0.0021541
0.00210345
0.00201833
0.0019255
0.00199531
0.00256565
0.00158269
0.0024775
0.00186737
0.00190361
0.00203653
0.00212726
0.00216295
0.00216494
0.00214494
0.00211506
0.00208406
0.00206361
0.00206359
0.00208391
0.00211488
0.00214476
0.00216479
0.00216289
0.00212734
0.0020368
0.00190385
0.001866
0.00247195
0.00159737
0.00164344
0.00172792
0.00196435
0.00221901
0.00241524
0.00255454
0.00267134
0.00278946
0.00290696
0.00301125
0.00308975
0.00313813
0.00313815
0.00308992
0.00301135
0.00290686
0.00278906
0.00267057
0.00255343
0.00241395
0.00221781
0.00196347
0.00172727
0.00164278
0.00267256
0.00396743
0.00455439
0.00510933
0.00561413
0.00610539
0.00656346
0.00696541
0.00729452
0.00753692
0.00768826
0.00775224
0.00775188
0.00768729
0.0075355
0.00729278
0.00696351
0.0065616
0.00610371
0.00561275
0.00510828
0.00455362
0.0039668
0.00267254
0.000825345
0.00140863
0.00167166
0.00174527
0.00169909
0.0016119
0.00150871
0.00140297
0.00130105
0.00121009
0.0011387
0.00109474
0.00109445
0.00113803
0.00120923
0.00130014
0.00140213
0.00150806
0.00161153
0.00169909
0.00174563
0.00167288
0.00141209
0.000835887
0.00234488
0.00281384
0.00314674
0.00324542
0.00323882
0.00324459
0.00324805
0.00324756
0.00323611
0.00321274
0.00318145
0.00314914
0.0031489
0.00318095
0.00321209
0.00323536
0.00324676
0.00324727
0.00324389
0.00323825
0.00324496
0.00314645
0.0028137
0.00234486
0.00557519
0.00585521
0.00435554
0.00429782
0.00478036
0.00536477
0.00592615
0.00642855
0.00684976
0.00717192
0.00738614
0.00749261
0.00749248
0.00738574
0.00717129
0.00684893
0.00642759
0.00592512
0.00536372
0.0047794
0.00429711
0.00435504
0.00585429
0.00557527
0.00795817
0.00571369
0.00496562
0.0054522
0.00642614
0.0075429
0.008635
0.00961166
0.0104519
0.0110938
0.0115081
0.0117094
0.011709
0.0115069
0.0110919
0.0104493
0.00960864
0.00863173
0.00753969
0.00642334
0.00545013
0.00496448
0.00571319
0.00795882
0.00573561
0.00668393
0.00517349
0.00509179
0.00581781
0.0068293
0.00785611
0.00878141
0.00955394
0.010149
0.0105529
0.0107568
0.0107564
0.0105515
0.0101468
0.00955083
0.00877759
0.00785193
0.00682536
0.00581498
0.00509096
0.00517459
0.00668495
0.0057338
0.00285236
0.00231618
0.00249626
0.00258456
0.00258667
0.00256958
0.00253942
0.00250426
0.00246498
0.00242495
0.00238826
0.00236182
0.00236165
0.00238793
0.00242454
0.00246453
0.00250383
0.00253903
0.00256927
0.00258648
0.00258447
0.00249629
0.00231637
0.00285313
0.00445379
0.00518073
0.00386762
0.00359162
0.00388525
0.00431209
0.0047075
0.00503563
0.00529287
0.00548186
0.00560542
0.00566638
0.00566635
0.00560537
0.00548182
0.00529282
0.00503561
0.00470748
0.00431206
0.00388513
0.00359111
0.00386588
0.00517736
0.00445598
0.00587364
0.0047895
0.00491765
0.00553411
0.00646783
0.00739117
0.0081393
0.0086762
0.00903721
0.00928143
0.00945563
0.00957066
0.00957595
0.00947168
0.00930378
0.00906006
0.00869609
0.00815519
0.00740401
0.00647817
0.00554121
0.00491827
0.00478346
0.00587268
0.00341337
0.00231419
0.00239107
0.00256072
0.00270344
0.00281503
0.00289419
0.00295385
0.00299269
0.00301335
0.00301848
0.00301396
0.0030138
0.00301811
0.00301285
0.00299211
0.00295321
0.00289355
0.00281443
0.00270289
0.00256025
0.00239064
0.00231378
0.00341371
0.000186642
0.000165754
9.08875e-05
1.60436e-05
4.48432e-05
9.88347e-05
0.000173834
0.000254462
0.000316277
0.000369179
0.00038132
0.000341783
0.000290647
0.000239987
0.000192173
0.000146222
0.000100914
5.74041e-05
2.5556e-05
2.66917e-05
5.86087e-05
0.000135397
0.0002359
0.000290455
0.00258482
0.00246858
0.00261572
0.00282749
0.00301739
0.0031722
0.0033041
0.00342382
0.00353078
0.00361673
0.00367408
0.00370286
0.00370294
0.00367422
0.00361684
0.00353082
0.0034238
0.00330404
0.00317212
0.00301729
0.00282739
0.00261566
0.0024686
0.002585
0.00471084
0.00412149
0.00405077
0.00436244
0.00496226
0.00561784
0.00617853
0.00659081
0.00686148
0.0070223
0.00710914
0.00714715
0.00714765
0.00711034
0.00702401
0.00686346
0.0065931
0.00618139
0.00562141
0.00496606
0.00436474
0.00404872
0.00411426
0.00470806
0.00442303
0.00370415
0.00446426
0.0053663
0.0063625
0.00730295
0.00801602
0.00845275
0.00868607
0.00881481
0.00890589
0.00894909
0.00894812
0.00890356
0.00881184
0.0086829
0.00844934
0.00801202
0.00729829
0.006358
0.00536284
0.00446215
0.00370321
0.00442179
0.00103883
0.00181674
0.00199602
0.00219084
0.00243762
0.00269713
0.00294107
0.00315412
0.00332578
0.00344808
0.00351974
0.00354996
0.00355008
0.00352019
0.00344906
0.00332723
0.0031558
0.00294273
0.00269857
0.00243869
0.0021915
0.00199663
0.00181817
0.00104033
0.00352851
0.00266473
0.00275864
0.0029847
0.00320196
0.00338881
0.00353572
0.00365527
0.00374418
0.0038032
0.00383372
0.00384133
0.00384115
0.00383329
0.0038026
0.00374346
0.00365448
0.00353491
0.00338803
0.00320125
0.00298411
0.00275809
0.00266418
0.00352863
0.00496777
0.00385162
0.00413054
0.00452545
0.0049679
0.00539099
0.00572066
0.00593184
0.00605224
0.00612388
0.00617654
0.00620545
0.00620497
0.0061754
0.00612243
0.00605065
0.00593011
0.00571865
0.0053887
0.00496567
0.00452364
0.00412926
0.00385083
0.00496676
0.00519666
0.00297141
0.00355435
0.0042779
0.00499943
0.00566078
0.00620308
0.00659396
0.00684672
0.00699528
0.00707756
0.00710564
0.00710525
0.00707655
0.00699388
0.00684503
0.00659191
0.00620055
0.00565792
0.00499664
0.00427563
0.00355278
0.0029705
0.00519533
0.000283728
0.000238485
0.000167538
5.85937e-05
1.16386e-05
9.14383e-06
2.80231e-05
5.63027e-05
7.87261e-05
9.39001e-05
9.48688e-05
8.37825e-05
6.63837e-05
4.72681e-05
2.95736e-05
1.55928e-05
6.92159e-06
3.44954e-06
3.70034e-06
1.439e-05
6.26374e-05
0.000169876
0.000239035
0.000281707
0.00344115
0.00325479
0.00346601
0.00382765
0.00418754
0.00451453
0.00479324
0.00503161
0.00522025
0.0053546
0.00543324
0.0054627
0.00546245
0.0054326
0.00535368
0.00521914
0.00503038
0.00479198
0.00451333
0.00418647
0.00382678
0.00346523
0.00325405
0.00344114
0.000423491
0.000593766
0.000890296
0.00104627
0.00114837
0.00121462
0.00126872
0.00133017
0.00139869
0.00146149
0.00150583
0.00152942
0.00152953
0.00150605
0.00146169
0.00139881
0.00133022
0.00126872
0.0012146
0.00114829
0.00104616
0.000890186
0.000593603
0.000423661
0.000641682
0.000497111
0.000485455
0.000490951
0.000497942
0.000501274
0.000497418
0.000483713
0.000467651
0.000512058
0.00058497
0.000567083
0.000577512
0.000611013
0.000643019
0.00066647
0.000678461
0.000679119
0.000669808
0.000652623
0.000630785
0.000610071
0.00060692
0.000725132
0.00108688
0.00188976
0.00249543
0.00232716
0.00193198
0.00165515
0.00154143
0.00154039
0.00159576
0.00166471
0.00171924
0.0017469
0.00174694
0.00171947
0.00166514
0.0015963
0.00154102
0.00154222
0.0016563
0.00193344
0.00232886
0.00249899
0.00189117
0.00108645
0.0146998
0.00882019
0.00896898
0.0102172
0.0116451
0.0125053
0.0136059
0.0147101
0.0157446
0.0166649
0.0174367
0.017726
0.017768
0.0175076
0.0168591
0.0159915
0.0149327
0.0138036
0.0126167
0.0117214
0.0102637
0.00901359
0.00887495
0.0146978
0.0014851
0.00216383
0.00251444
0.00261282
0.00265691
0.00270727
0.00274533
0.00276782
0.0027639
0.00273574
0.0026947
0.0026546
0.00265438
0.00269425
0.00273515
0.00276321
0.00276704
0.00274449
0.0027065
0.00265627
0.00261229
0.00251418
0.00216378
0.00148506
0.00574334
0.003987
0.00417459
0.0045036
0.00484453
0.00516059
0.00542032
0.00560921
0.00573365
0.00580942
0.00585317
0.00587081
0.00587059
0.00585262
0.00580864
0.00573268
0.00560803
0.00541889
0.005159
0.004843
0.00450235
0.00417372
0.00398651
0.00574247
0.00563574
0.00373456
0.00394579
0.00429688
0.00465616
0.00498829
0.00526284
0.00546452
0.00559877
0.00568077
0.00572762
0.00574572
0.00574552
0.0057271
0.00568003
0.00559784
0.00546338
0.00526146
0.00498675
0.00465468
0.00429567
0.00394496
0.00373411
0.00563492
0.000179166
8.31984e-05
9.8887e-05
0.000137283
0.000169565
0.000218767
0.000296984
0.00039338
0.000504358
0.00062779
0.000722046
0.00069657
0.000626799
0.000551014
0.000459897
0.000352195
0.000240676
0.000156077
0.000129306
0.000143472
0.000180333
0.000250097
0.00038204
0.000784612
0.00169003
0.00385431
0.00272119
0.00265232
0.00290157
0.00312903
0.00327159
0.00334486
0.00336164
0.00331301
0.00325142
0.00321017
0.00320957
0.00325013
0.00331143
0.00336154
0.00334537
0.00327219
0.00312977
0.00290242
0.00265263
0.00271776
0.00384186
0.00170867
0.00113315
0.00192817
0.00252456
0.00307536
0.00357421
0.00401179
0.00438995
0.00471331
0.00498008
0.00518333
0.00531744
0.00538309
0.00538311
0.00531751
0.00518344
0.00498012
0.00471313
0.00438951
0.00401114
0.00357345
0.00307468
0.00252432
0.00192915
0.00113494
0.00245621
0.00316881
0.0024423
0.00243781
0.00263246
0.00281225
0.002929
0.00299685
0.00302762
0.00303503
0.00302701
0.00301756
0.00301749
0.00302681
0.00303483
0.00302747
0.00299679
0.00292907
0.00281246
0.00263278
0.00243784
0.00244046
0.00316426
0.00246538
0.000607164
0.000618631
0.000929947
0.00108872
0.00115344
0.00117496
0.00119812
0.00125055
0.00132556
0.00140057
0.00145541
0.0014879
0.00148806
0.00145575
0.00140086
0.00132568
0.0012505
0.00119792
0.00117461
0.00115296
0.00108818
0.000929463
0.000618383
0.00060722
0.00426826
0.006003
0.00420726
0.0035381
0.00365707
0.00404816
0.00443962
0.00474684
0.00496296
0.00511059
0.00520775
0.00526341
0.00526375
0.00520952
0.00511373
0.0049668
0.00475076
0.00444363
0.00405127
0.00365833
0.00353517
0.00419536
0.00598205
0.00427108
0.00175772
0.00217848
0.00264792
0.00314984
0.00361582
0.00402612
0.00438317
0.00469245
0.00495032
0.00514889
0.00528064
0.00534523
0.00534523
0.00528063
0.00514887
0.00495015
0.00469198
0.00438232
0.00402496
0.00361443
0.00314829
0.00264644
0.00217796
0.0017589
0.00306633
0.00322891
0.00457805
0.00629518
0.00805893
0.00968421
0.0110985
0.0122856
0.0132621
0.0140659
0.0146794
0.0150629
0.0150618
0.0146759
0.0140602
0.0132542
0.0122762
0.0110883
0.00967375
0.00804891
0.00628638
0.00457147
0.00322571
0.00306749
0.000303934
6.8152e-05
9.40469e-05
0.000154036
0.000224482
0.00030456
0.000411065
0.000565987
0.000745033
0.000892522
0.00102977
0.00108161
0.000879387
0.000577668
0.000326641
0.000166239
9.1024e-05
6.47235e-05
6.50141e-05
0.00010185
0.000200536
0.000331829
0.000428963
0.00107337
0.000714596
0.000521083
0.000590442
0.000852434
0.00144242
0.00175507
0.000491393
0.000299953
0.000424575
0.000617849
0.000751597
0.000765157
0.000672512
0.000523939
0.000372912
0.000257414
0.000219312
0.000403193
0.00106265
0.000997214
0.000708836
0.000556549
0.000514822
0.000713166
0.00521824
0.00610038
0.00446917
0.00389224
0.00408817
0.00457702
0.00508478
0.00550841
0.0058272
0.00604914
0.00618792
0.00625458
0.00625464
0.00618813
0.0060495
0.00582766
0.00550897
0.00508544
0.00457766
0.00408826
0.00389078
0.00446534
0.00609813
0.00522061
0.0060281
0.00612919
0.00423785
0.003988
0.00434687
0.00482725
0.00529437
0.00571018
0.00605602
0.00632044
0.00649677
0.00658469
0.00658456
0.0064964
0.00631984
0.00605524
0.00570928
0.00529339
0.00482626
0.00434598
0.00398739
0.00423754
0.00612849
0.00602805
0.00147507
0.00159783
0.00199164
0.00247508
0.00296542
0.00343202
0.00389233
0.00440582
0.00500684
0.00561249
0.00607535
0.00631699
0.00631983
0.00608272
0.00562331
0.00501805
0.00441447
0.00389835
0.00343681
0.00296978
0.00247873
0.00199369
0.00159748
0.00147343
0.00382836
0.00353499
0.00373889
0.00416967
0.00480219
0.0055764
0.00640121
0.00715081
0.00769834
0.00802987
0.00821781
0.0083032
0.00830375
0.00821933
0.00803276
0.00770341
0.0071596
0.0064124
0.00558777
0.00481137
0.00417521
0.00373984
0.00353151
0.00382542
0.00263811
0.00247931
0.00329069
0.00439923
0.00563584
0.00685255
0.00791922
0.00875512
0.00934501
0.0097194
0.00992882
0.0100201
0.0100198
0.00992807
0.00971881
0.00934535
0.00875715
0.00792337
0.0068586
0.00564277
0.00440556
0.00329533
0.00247828
0.00263574
0.000234314
0.000149313
7.31098e-05
3.23887e-05
5.84558e-05
0.000110095
0.000194597
0.000280455
0.000337533
0.000383031
0.000385759
0.000353848
0.000313146
0.000269273
0.000222066
0.000170245
0.000114117
5.84131e-05
2.58057e-05
3.27886e-05
6.08734e-05
0.000132858
0.00022758
0.000376331
0.000284178
0.00107122
0.00138962
0.0013407
0.00112639
0.000864247
0.000603552
0.00037375
0.000192174
6.92144e-05
2.57518e-05
3.10459e-05
3.00193e-05
2.87951e-05
6.56191e-05
0.000186837
0.000370387
0.000601802
0.000863776
0.00112689
0.00134198
0.0013925
0.00107851
0.000289455
0.00335967
0.00237947
0.00238363
0.0025336
0.00267957
0.00279544
0.00287553
0.00293349
0.00296971
0.00298808
0.00299192
0.00298739
0.00298724
0.00299157
0.00298761
0.00296917
0.00293292
0.00287497
0.00279492
0.00267909
0.00253319
0.00238322
0.002379
0.0033603
0.00363635
0.00575374
0.00842168
0.010984
0.01334
0.0153897
0.0170748
0.0183894
0.0193639
0.0200431
0.0204731
0.0206793
0.0206782
0.0204699
0.0200379
0.019357
0.0183809
0.0170649
0.015379
0.0133294
0.0109745
0.00841434
0.00574908
0.00363379
0.00217492
0.00308308
0.00494942
0.00651717
0.00785358
0.00900694
0.0100031
0.0108406
0.0115124
0.0120119
0.0123395
0.0125006
0.0125
0.0123376
0.0120089
0.0115083
0.0108356
0.00999727
0.00900046
0.00784671
0.00651
0.00494169
0.00307467
0.00217192
0.00387813
0.00480933
0.00651002
0.00836324
0.0102755
0.0120341
0.0134293
0.0144122
0.0150612
0.0154808
0.015749
0.0158772
0.015876
0.0157459
0.0154763
0.0150558
0.0144059
0.013422
0.0120257
0.0102673
0.00835672
0.00650584
0.00480773
0.00387657
0.00382719
0.00324356
0.00405019
0.00514044
0.006194
0.00712491
0.00790937
0.00853409
0.00900305
0.00932829
0.00952962
0.00962017
0.00962
0.00952912
0.00932744
0.00900178
0.00853229
0.00790698
0.00712202
0.00619089
0.00513744
0.00404753
0.00324154
0.00382625
0.00388289
0.00544905
0.0069626
0.00878574
0.0108492
0.0127677
0.0142547
0.015312
0.016071
0.0166318
0.0170364
0.0172557
0.0172543
0.0170329
0.0166271
0.0160658
0.0153066
0.0142487
0.0127607
0.0108424
0.0087805
0.00695935
0.00544743
0.00388227
0.00302136
0.00256205
0.00279844
0.0029264
0.00296709
0.0029957
0.00301207
0.00302103
0.00301909
0.00300685
0.00298767
0.00296796
0.00296778
0.00298726
0.0030063
0.00301846
0.00302036
0.00301141
0.0029951
0.00296658
0.00292601
0.00279816
0.00256189
0.00302143
0.0146734
0.00496215
0.00382876
0.0038575
0.00395029
0.00400484
0.00402987
0.00403963
0.00404288
0.00404375
0.0040439
0.00404389
0.00404389
0.0040439
0.00404375
0.00404288
0.00403963
0.00402987
0.00400484
0.0039503
0.0038575
0.00382875
0.00496211
0.0146734
0.00335635
0.00548848
0.00685778
0.00827177
0.00962345
0.0106634
0.0112972
0.0117399
0.0122118
0.0127501
0.0132486
0.0135546
0.013553
0.0132447
0.012745
0.0122069
0.0117363
0.0112948
0.0106611
0.00962077
0.00826907
0.00685607
0.0054875
0.00335601
0.00452176
0.0032372
0.00410464
0.00513485
0.0061141
0.0069934
0.00773109
0.00829931
0.00870422
0.00896923
0.00912597
0.00919097
0.00919071
0.00912524
0.00896816
0.00870281
0.00829745
0.00772868
0.00699058
0.00611119
0.00513225
0.00410253
0.00323558
0.00452047
0.00463474
0.00578423
0.00414242
0.00363304
0.00385168
0.00428864
0.00471926
0.00508341
0.00537139
0.00558426
0.00572345
0.00579249
0.00579246
0.00572342
0.00558424
0.00537139
0.00508341
0.00471926
0.0042886
0.0038515
0.00363228
0.00413987
0.00577932
0.00463801
0.00925597
0.00572405
0.00439912
0.00443393
0.00493604
0.00551775
0.00609464
0.00664656
0.00712583
0.00750051
0.0077274
0.00783138
0.00783117
0.00772678
0.00749955
0.0071246
0.00664516
0.00609317
0.00551629
0.00493474
0.00443299
0.00439867
0.00572375
0.00925613
0.00332243
0.00543007
0.00386802
0.00346245
0.00371871
0.00412847
0.00448823
0.00475928
0.00495025
0.0050783
0.0051565
0.00519409
0.00519416
0.0051568
0.0050788
0.00495093
0.00476013
0.00448927
0.00412963
0.00371968
0.003462
0.003863
0.00541634
0.00333894
0.00896596
0.00624322
0.00519719
0.00514574
0.00527764
0.00534418
0.00539491
0.0054425
0.00548706
0.00552528
0.00555351
0.00557091
0.00557091
0.00555355
0.00552529
0.005487
0.00544232
0.0053946
0.00534373
0.00527709
0.00514525
0.00519679
0.00624282
0.00896608
0.00292285
0.00245909
0.00266146
0.00273235
0.00270762
0.00267026
0.00262601
0.00258039
0.00253376
0.00248867
0.00244883
0.00242079
0.00242063
0.00244852
0.00248828
0.00253334
0.00257997
0.00262564
0.00266996
0.00270745
0.00273226
0.0026615
0.00245927
0.00292333
0.00575182
0.00691435
0.00525532
0.00527972
0.00614329
0.00734821
0.00866575
0.00996904
0.0111651
0.0121689
0.0128996
0.0132875
0.0132867
0.012897
0.0121646
0.0111594
0.00996257
0.00865916
0.00734238
0.00613923
0.00527828
0.00525657
0.00691641
0.0057484
0.00258492
0.00252826
0.00274492
0.00282861
0.00280716
0.00276342
0.00270788
0.00264905
0.00258891
0.00253166
0.00248232
0.00244884
0.00244864
0.00248195
0.00253121
0.00258845
0.00264863
0.00270753
0.00276319
0.0028071
0.00282867
0.00274518
0.0025288
0.00258638
4.9414e-05
2.83978e-05
7.71741e-05
0.000123424
0.000167665
0.000219909
0.000287121
0.000365049
0.000444842
0.000501391
0.000494292
0.000339348
0.000201581
0.000125734
9.58607e-05
8.85933e-05
8.05926e-05
6.37362e-05
4.28905e-05
2.52892e-05
2.61671e-05
5.20707e-05
0.000136795
0.000636532
0.00710429
0.00610883
0.00436748
0.00419244
0.00457183
0.0050626
0.00554936
0.00599436
0.00636512
0.00664417
0.00682531
0.00691355
0.00691341
0.00682487
0.00664348
0.00636423
0.00599332
0.00554822
0.00506146
0.00457083
0.00419181
0.00436729
0.00610824
0.0071044
0.00330783
0.00663539
0.0100623
0.0132881
0.0161746
0.0186696
0.0208217
0.0226525
0.0241615
0.0253341
0.0261463
0.0265718
0.0265705
0.0261419
0.0253263
0.0241506
0.0226387
0.0208056
0.018652
0.0161562
0.0132704
0.0100467
0.00662319
0.00330182
0.00483029
0.00536089
0.00416516
0.00419303
0.00471658
0.00531886
0.00587934
0.00636594
0.0067675
0.00707495
0.00728263
0.00738733
0.00738725
0.00728242
0.00707461
0.00676705
0.00636542
0.00587877
0.00531828
0.00471601
0.00419249
0.00416447
0.00535962
0.00483044
0.00137728
0.001454
0.00148482
0.00155255
0.00156725
0.00154433
0.00149672
0.00143953
0.00137859
0.00132121
0.0012745
0.00124517
0.00124498
0.00127404
0.00132062
0.00137796
0.00143894
0.00149626
0.00154407
0.00156724
0.00155273
0.00148524
0.00145461
0.00138873
0.00407118
0.00450147
0.00386895
0.00389438
0.00442919
0.0052203
0.00615687
0.00722526
0.00842148
0.00967082
0.0108347
0.0117223
0.0118315
0.0111774
0.0101449
0.00890711
0.00762616
0.00642508
0.0053644
0.00449237
0.00391619
0.00386889
0.00449423
0.00407242
0.000548978
0.00143605
0.0017108
0.00188799
0.00208917
0.00230992
0.0025256
0.00271662
0.00286983
0.00297686
0.00303693
0.00306032
0.00306042
0.00303739
0.00297793
0.00287145
0.00271856
0.00252759
0.00231174
0.00209067
0.00188926
0.00171232
0.00143847
0.00055064
3.78132e-05
6.25753e-06
1.84444e-05
7.81007e-05
0.000153001
0.000219793
0.000270009
0.000304381
0.000327419
0.000345453
0.000335778
0.00030019
0.000275299
0.000253871
0.000232284
0.000208185
0.000177324
0.000119095
3.7487e-05
1.00248e-05
4.4808e-05
0.00010369
0.000176728
0.000415744
3.0209e-05
6.95105e-06
4.08435e-06
3.42644e-05
9.26406e-05
0.000163042
0.000226436
0.000277621
0.000317247
0.00034877
0.00034559
0.000293321
0.00025175
0.000219996
0.000193944
0.000169493
0.000141799
9.38879e-05
3.12612e-05
2.09003e-05
5.30664e-05
0.000115839
0.000203735
0.000411201
0.00358862
0.00620568
0.00935833
0.012129
0.0145119
0.0165199
0.0181841
0.0195439
0.0206269
0.0214449
0.0219993
0.022284
0.0222837
0.0219982
0.0214429
0.0206237
0.0195395
0.0181786
0.0165132
0.0145043
0.0121209
0.00935017
0.00619812
0.00358419
2.58689e-05
7.44943e-05
0.0001103
0.000143269
0.000174992
0.000193709
0.000189301
0.000156974
0.000104317
5.51869e-05
2.79528e-05
2.94324e-05
2.5939e-05
1.91411e-05
2.78988e-05
6.80144e-05
0.000123041
0.000174482
0.000208991
0.00022038
0.000209469
0.000182945
0.00015096
0.000110816
0.00308207
0.00547454
0.00386219
0.00346601
0.00373706
0.00414831
0.00449638
0.00474802
0.00491741
0.00502624
0.00509064
0.00512148
0.00512152
0.00509095
0.00502664
0.00491793
0.00474867
0.00449723
0.00414935
0.0037379
0.00346543
0.00385666
0.00545801
0.00310181
0.00680484
0.006212
0.00431721
0.00408175
0.00443604
0.00490518
0.00536702
0.00578521
0.00613427
0.00640044
0.00657634
0.00666334
0.00666321
0.00657591
0.00639976
0.00613339
0.00578419
0.00536592
0.00490408
0.00443507
0.00408115
0.00431706
0.00621143
0.00680482
0.00291013
0.00470523
0.00346655
0.00327931
0.00358955
0.00393303
0.00418564
0.00433681
0.00442538
0.00449247
0.00455406
0.00460628
0.00459735
0.00454543
0.00448596
0.00442172
0.00433409
0.00418271
0.00393055
0.0035878
0.0032773
0.00346112
0.00469409
0.00291398
1.76724e-05
5.58141e-05
8.09725e-05
0.000102489
0.000127592
0.000148403
0.000155399
0.000143498
0.000118407
9.39355e-05
6.05348e-05
3.33496e-05
2.46214e-05
2.48134e-05
5.01296e-05
0.000101891
0.000162998
0.000215983
0.000250637
0.000263567
0.000256927
0.000237257
0.000215121
0.000200875
0.00292029
0.00511065
0.00364598
0.00336691
0.00366454
0.00403508
0.00431959
0.00450195
0.00460288
0.00465812
0.00469002
0.00471284
0.00471227
0.00469126
0.00465952
0.00460349
0.00450172
0.00431908
0.0040347
0.00366436
0.00336573
0.00364019
0.00509491
0.00292839
0.00287649
0.00525826
0.00369966
0.00337337
0.00365764
0.0040417
0.00434506
0.00454826
0.00467357
0.00474737
0.0047878
0.00480809
0.00480812
0.00478828
0.00474766
0.00467365
0.00454822
0.00434513
0.00404204
0.00365805
0.00337264
0.00369403
0.0052408
0.00289173
0.00295941
0.00250767
0.00274804
0.00285478
0.00286893
0.00287573
0.00287497
0.00286972
0.00285639
0.00283543
0.0028107
0.00278808
0.0027879
0.00281031
0.00283491
0.00285578
0.00286908
0.00287434
0.00287517
0.00286847
0.00285442
0.00274779
0.00250755
0.00295945
0.00303708
0.00256535
0.00278952
0.00289948
0.00292181
0.00293288
0.00293378
0.00292905
0.0029161
0.00289588
0.00287177
0.00285014
0.00284996
0.00287139
0.00289538
0.00291553
0.00292844
0.00293318
0.00293235
0.00292136
0.00289915
0.00278929
0.00256523
0.00303718
0.00309617
0.00259683
0.0028081
0.00293489
0.00298235
0.0030145
0.00303187
0.00304068
0.00303861
0.00302684
0.00300851
0.00299007
0.0029899
0.00300812
0.00302633
0.00303802
0.00304005
0.00303126
0.00301395
0.00298189
0.00293454
0.00280785
0.00259668
0.0030963
0.00426931
0.00536442
0.00475875
0.00516459
0.00596864
0.0068531
0.00770181
0.00846651
0.009115
0.0096189
0.00995923
0.0101309
0.0101308
0.00995873
0.00961811
0.00911395
0.00846529
0.00770052
0.0068518
0.00596747
0.00516368
0.00475796
0.00536338
0.00426965
0.0040594
0.00443175
0.0060084
0.00763133
0.00924809
0.0107142
0.0118752
0.0126835
0.0131965
0.013506
0.0136911
0.0137697
0.0137686
0.0136883
0.013502
0.0131916
0.0126778
0.0118685
0.0107068
0.00924091
0.00762551
0.0060046
0.00443019
0.00405769
0.00510887
0.00563089
0.0046184
0.00478176
0.00542717
0.00616472
0.00688582
0.00754035
0.00809626
0.0085257
0.00881255
0.00895554
0.00895538
0.00881206
0.00852492
0.00809525
0.00753917
0.00688456
0.00616346
0.00542603
0.00478091
0.00461775
0.00562992
0.00510909
0.00288336
0.00422585
0.0032546
0.00317921
0.00351031
0.00385536
0.00413421
0.00434997
0.0045584
0.00478286
0.00500188
0.00514048
0.00509988
0.00492876
0.0047077
0.00449734
0.00430816
0.00410796
0.00384038
0.00350213
0.00317411
0.00324921
0.00421978
0.00288674
0.00503284
0.00481068
0.00412653
0.00404292
0.00447738
0.00520726
0.00610427
0.00712079
0.008205
0.00926827
0.0102301
0.0110149
0.0110368
0.010374
0.00954621
0.00855571
0.00745902
0.00636907
0.00537878
0.00457054
0.00408318
0.00413484
0.00480565
0.00504067
0.00277062
0.00364603
0.00295184
0.00301999
0.00343282
0.00391423
0.00444716
0.00503569
0.00561895
0.00607976
0.00629846
0.00632831
0.00623408
0.00603537
0.00569146
0.00519163
0.00467844
0.00421376
0.00379092
0.00337755
0.00299723
0.00294212
0.00364294
0.00277569
0.000380693
0.000405149
0.000814695
0.00098307
0.00103108
0.00104214
0.00105493
0.00109246
0.00115066
0.00121157
0.00125663
0.00128315
0.00128332
0.00125699
0.00121192
0.00115093
0.00109268
0.00105513
0.00104233
0.0010312
0.000983125
0.000814754
0.000405163
0.000380887
0.000292844
0.000873284
0.00128947
0.0015136
0.00162917
0.00169497
0.00174867
0.0018141
0.0018903
0.00196225
0.00201393
0.00204234
0.00204249
0.00201424
0.00196256
0.00189052
0.00181426
0.00174883
0.00169512
0.00162925
0.00151363
0.00128948
0.000873312
0.000293053
0.00277043
0.00333931
0.00286103
0.00313106
0.00382063
0.00478349
0.00588961
0.00682068
0.00735531
0.00756681
0.00754079
0.00743327
0.00732299
0.00720729
0.00700219
0.00653335
0.00586053
0.00505705
0.00426496
0.00357777
0.00303427
0.00282744
0.00333204
0.00277713
0.00271404
0.0030202
0.00286782
0.0035417
0.00475301
0.00629252
0.00756848
0.00813035
0.00836492
0.00854572
0.00864289
0.00866166
0.008607
0.008499
0.00830458
0.00786471
0.00719535
0.00625082
0.00514018
0.004075
0.00322586
0.00274934
0.00298748
0.00271956
0.00258742
0.00269134
0.00307566
0.00435083
0.00596972
0.00704579
0.00718586
0.00734708
0.00791918
0.00871728
0.00926335
0.00933593
0.00927846
0.00929972
0.00921388
0.0087718
0.00802599
0.00718912
0.00612767
0.00485802
0.00365204
0.00275953
0.00258745
0.00258375
0.00333194
0.00518759
0.00763976
0.0101978
0.0126724
0.0148989
0.0167499
0.0181948
0.0192599
0.0199989
0.0204681
0.020694
0.0206929
0.0204648
0.0199937
0.019253
0.0181862
0.0167398
0.0148876
0.0126611
0.0101882
0.00763267
0.00518459
0.00333035
0.00799697
0.00694837
0.00483619
0.00466578
0.00518243
0.00591635
0.00671834
0.00751979
0.00827173
0.00892217
0.00941176
0.00968063
0.0096802
0.00941039
0.00892002
0.00826907
0.00751691
0.0067155
0.00591382
0.00518062
0.00466513
0.00483709
0.00694926
0.00799446
5.10099e-05
0.000112118
0.000182671
0.00022725
0.000249446
0.000253638
0.000248192
0.000243439
0.000242561
0.000240326
0.00021629
0.000185042
0.00017432
0.000173594
0.000178778
0.000190067
0.0002007
0.000204469
0.000199639
0.000185445
0.000162986
0.000135994
0.000114067
0.000146336
0.0016902
0.00165401
0.00206413
0.00259675
0.00313609
0.00364276
0.00412609
0.00463614
0.00521009
0.00578547
0.00623035
0.00646521
0.00646793
0.00623715
0.00579506
0.0052195
0.00464305
0.0041309
0.00364687
0.00314009
0.00260027
0.00206618
0.00165373
0.00168856
0.00606018
0.00568727
0.00509386
0.00504682
0.00554353
0.00630915
0.00721134
0.00819807
0.009209
0.0101071
0.0106316
0.0102405
0.0104521
0.0108684
0.0104474
0.00958046
0.00853344
0.00746896
0.00647871
0.00564068
0.00509393
0.00510861
0.00568845
0.00606979
0.00811703
0.00677787
0.00433708
0.00391477
0.00419238
0.0046139
0.00503687
0.00542909
0.00577682
0.00606554
0.00627455
0.00638587
0.00638567
0.00627391
0.00606453
0.00577555
0.00542767
0.00503541
0.00461251
0.00419124
0.00391432
0.00433768
0.00677808
0.00811598
0.00361176
0.00330005
0.00365003
0.00437832
0.00532071
0.0062493
0.00702737
0.0076027
0.00798448
0.00821256
0.00833324
0.00838357
0.00838285
0.00833123
0.00820971
0.00798147
0.00760034
0.00702643
0.00625021
0.00532322
0.00438116
0.00365049
0.00329528
0.00360865
0.0145594
0.00844362
0.00849446
0.00954935
0.0107808
0.0115967
0.0126732
0.0137685
0.0148574
0.0158987
0.0168259
0.0172141
0.0172165
0.0168106
0.0160071
0.0150466
0.0139687
0.012866
0.0117112
0.010867
0.00960477
0.00854321
0.00850021
0.0145577
0.0150043
0.00856378
0.00852896
0.00966268
0.0109882
0.0118626
0.0129277
0.0139735
0.0149526
0.0158647
0.0166581
0.0169817
0.0170057
0.0167125
0.0160485
0.0151973
0.0141842
0.0130888
0.0119387
0.011038
0.00969813
0.00857048
0.00862177
0.0150031
0.00805078
0.00500614
0.00489576
0.00489403
0.00489549
0.00489587
0.00489586
0.00489579
0.00489573
0.00489568
0.00489565
0.00489564
0.00489564
0.00489565
0.00489568
0.00489573
0.00489579
0.00489586
0.00489587
0.00489549
0.00489403
0.00489576
0.00500614
0.00805078
0.00523991
0.0025903
0.00287753
0.00338524
0.00390375
0.00438395
0.00478362
0.00507739
0.00527112
0.00538673
0.0054508
0.00547288
0.00547262
0.00545013
0.0053858
0.00526998
0.00507598
0.00478187
0.00438198
0.00390183
0.00338369
0.00287645
0.00258964
0.00523897
0.0019304
0.00200171
0.00235662
0.00240916
0.0023796
0.00238676
0.00239605
0.00240141
0.00239408
0.00237102
0.00233696
0.0022977
0.00229744
0.00233642
0.00237033
0.0023933
0.00240058
0.00239525
0.00238605
0.00237902
0.00240863
0.00235629
0.00200158
0.00193036
0.000583231
0.000267322
0.000344713
0.000565552
0.000917927
0.000376745
0.000111491
0.000194164
0.000363589
0.000564926
0.000686405
0.000679133
0.000573994
0.000428248
0.000290316
0.000184515
0.000115201
8.52862e-05
0.000155306
0.000440742
0.000380329
0.000292954
0.000255449
0.000575681
0.0033364
0.00321236
0.00411633
0.00554733
0.00715927
0.00865999
0.00996458
0.011043
0.0119089
0.0126348
0.0131163
0.0132966
0.013296
0.0131143
0.0126311
0.0119037
0.0110367
0.00995792
0.00865337
0.00715327
0.00554235
0.00411276
0.00321088
0.00333741
0.00441436
0.00461374
0.00641576
0.00811013
0.00964188
0.0109759
0.0120828
0.0129474
0.0135852
0.0140237
0.0142961
0.0144205
0.0144202
0.0142949
0.0140218
0.0135826
0.0129441
0.0120788
0.0109712
0.00963689
0.00810545
0.00641166
0.00461034
0.0044119
0.00311377
0.00254375
0.00314806
0.00417427
0.00531409
0.00641817
0.00738378
0.00815948
0.00873568
0.00913107
0.00937469
0.00949053
0.00949059
0.00937488
0.00913156
0.00873674
0.00816141
0.00738682
0.00642235
0.00531909
0.0041791
0.00315123
0.00254235
0.00311126
0.00553414
0.00435972
0.00465961
0.00509916
0.00556909
0.00601177
0.00636621
0.00660637
0.00674929
0.00682854
0.00687448
0.00689228
0.00689188
0.00687352
0.00682724
0.00674777
0.00660459
0.00636408
0.00600937
0.00556678
0.0050973
0.00465835
0.00435904
0.00553303
0.000453352
0.000142392
0.000119945
9.3126e-05
5.69869e-05
3.43721e-05
4.27486e-05
8.71599e-05
0.000155932
0.000244029
0.000296938
0.000278688
0.000220744
0.00015556
0.000100635
6.0951e-05
3.50885e-05
2.05146e-05
1.5909e-05
4.0293e-05
7.6502e-05
0.000113624
0.000141073
0.000447665
0.0015638
0.00193456
0.00233965
0.00241531
0.00241801
0.00245452
0.00249188
0.00251777
0.00252098
0.002498
0.00245764
0.00240774
0.00240744
0.002457
0.00249721
0.00252008
0.0025168
0.00249092
0.00245367
0.00241732
0.00241471
0.0023393
0.00193445
0.00156376
0.000975092
0.00200268
0.00239524
0.0024874
0.00241072
0.00229185
0.00216052
0.0020292
0.00190431
0.00179325
0.0017047
0.00164987
0.00164953
0.00170397
0.00179236
0.00190339
0.00202836
0.00215991
0.00229157
0.0024109
0.00248799
0.00239692
0.00200653
0.00098391
0.00223531
0.00239576
0.00277541
0.00291693
0.00295061
0.00300064
0.00304784
0.00308771
0.00311053
0.00311301
0.0030987
0.00307302
0.00307276
0.00309812
0.00311226
0.00310965
0.00308676
0.00304692
0.00299981
0.00294992
0.00291637
0.00277504
0.00239556
0.00223528
0.00260887
0.0029001
0.00325405
0.00341764
0.00347343
0.00352904
0.00357697
0.00361622
0.0036387
0.00364244
0.00363075
0.00360986
0.00360962
0.00363021
0.00364172
0.00363786
0.00361531
0.00357608
0.00352823
0.00347275
0.0034171
0.00325368
0.00289987
0.00260884
0.0119258
0.00707653
0.0055104
0.00523549
0.00521145
0.00521704
0.00522197
0.00522435
0.00522539
0.00522584
0.00522599
0.00522593
0.00522593
0.005226
0.00522584
0.00522539
0.00522435
0.00522197
0.00521704
0.00521144
0.00523547
0.00551035
0.00707643
0.0119259
0.0010343
0.00193084
0.00226918
0.00245618
0.00269187
0.00311663
0.00374183
0.00442525
0.00500039
0.00540606
0.00564215
0.00573835
0.00573799
0.00564117
0.00540449
0.00499831
0.00442285
0.00373957
0.00311523
0.00269145
0.00245611
0.00226894
0.00193009
0.00103411
0.00442366
0.00509705
0.00436824
0.00467439
0.00534417
0.00604094
0.00667494
0.0072231
0.00767551
0.00802178
0.00825504
0.00837185
0.00837174
0.00825471
0.00802126
0.00767482
0.00722231
0.00667409
0.00604009
0.00534339
0.0046737
0.0043675
0.00509589
0.00442377
0.00260593
0.00554121
0.00691209
0.00804667
0.00906945
0.00992873
0.0107981
0.0118193
0.0129282
0.0139027
0.0145819
0.0149224
0.0149212
0.0145787
0.0138975
0.0129218
0.0118132
0.010794
0.00992629
0.00906764
0.00804501
0.00691103
0.00554059
0.00260539
0.00631027
0.00502431
0.00499285
0.00499185
0.00499181
0.00499173
0.00499167
0.00499163
0.0049916
0.00499159
0.00499158
0.00499157
0.00499157
0.00499158
0.00499159
0.0049916
0.00499163
0.00499167
0.00499173
0.00499181
0.00499185
0.00499285
0.00502431
0.00631027
0.0198633
0.00896915
0.0061985
0.00591524
0.00629108
0.00686536
0.00745909
0.00793281
0.00833438
0.00869262
0.00895278
0.00904261
0.00905076
0.00897597
0.0087481
0.00840785
0.00798836
0.00748407
0.00687218
0.00629142
0.0059157
0.00620064
0.00897525
0.0198695
0.00554244
0.00635695
0.00445348
0.00381305
0.0039934
0.0044686
0.00496463
0.00538767
0.00571753
0.00595653
0.00611132
0.00618736
0.00618726
0.00611104
0.00595605
0.00571686
0.00538684
0.00496369
0.00446766
0.00399262
0.00381199
0.00445147
0.00635496
0.00554382
0.00339218
0.00215832
0.00200563
0.00219974
0.00245451
0.00269579
0.00290555
0.0030769
0.0032079
0.00329908
0.00335488
0.00337886
0.00337883
0.00335479
0.00329892
0.00320764
0.00307653
0.00290505
0.00269521
0.00245394
0.00219926
0.00200528
0.00215811
0.00339208
0.0097887
0.00653269
0.00419575
0.00385153
0.00409727
0.00443088
0.00473962
0.00500852
0.0052366
0.005421
0.00554983
0.00561805
0.00561793
0.00554946
0.00542041
0.00523585
0.00500767
0.00473872
0.00442997
0.00409647
0.00385121
0.00419617
0.00653284
0.00978829
0.000433302
0.000454673
0.000743641
0.000869999
0.00094014
0.000975342
0.00100431
0.00104898
0.00110783
0.00116561
0.0012074
0.00123023
0.00123036
0.00120765
0.00116585
0.00110797
0.00104902
0.0010043
0.000975277
0.000940012
0.000869844
0.000743498
0.000454633
0.000433409
0.000324173
0.000677103
0.000858944
0.000797097
0.000624922
0.00042938
0.000253587
0.000119486
3.69747e-05
1.56625e-05
1.90264e-05
1.63659e-05
1.41818e-05
1.32031e-05
1.10121e-05
3.63236e-05
0.000119401
0.000254336
0.000430724
0.00062666
0.000799227
0.000861956
0.000682543
0.000328385
0.0043239
0.00656025
0.00443568
0.00359826
0.00365992
0.00405552
0.00448195
0.00483729
0.00510424
0.00529021
0.00540681
0.00546332
0.00546333
0.00540699
0.00529054
0.00510468
0.00483781
0.00448251
0.00405602
0.0036599
0.00359599
0.00442671
0.00654477
0.00433906
0.00308466
0.00283095
0.00322905
0.00357082
0.00384199
0.00408552
0.00430048
0.00448798
0.00463568
0.00473687
0.00478962
0.00480625
0.00480597
0.00478891
0.00473582
0.00463444
0.00448662
0.00429912
0.00408425
0.0038409
0.00356995
0.00322835
0.00283038
0.00308461
0.00121404
0.00077213
0.000557336
0.000383815
0.000292248
0.00026189
0.000335346
0.000597674
0.000991428
0.0013394
0.00160757
0.00199831
0.00213148
0.00207717
0.00197012
0.0018726
0.00180306
0.00177897
0.00185424
0.00206223
0.00224773
0.00207699
0.0014791
0.00169297
0.00109864
0.000864209
0.000629218
0.000305172
0.000425388
0.000713773
0.0010717
0.00143395
0.00167474
0.00170233
0.00161922
0.00174022
0.00185754
0.00150875
0.00100524
0.000560327
0.000264466
0.0001326
0.000104413
0.000197377
0.000569425
0.00111455
0.000979491
0.00131296
0.00327655
0.00229912
0.00224138
0.00237762
0.00252143
0.00263186
0.00270431
0.00275445
0.0027837
0.00279699
0.00279805
0.00279308
0.00279295
0.00279773
0.00279657
0.00278321
0.00275394
0.0027038
0.0026314
0.00252097
0.00237723
0.00224092
0.00229843
0.00327762
0.00386291
0.00601267
0.00728521
0.0090756
0.0111554
0.0130802
0.0146519
0.01593
0.016973
0.0177682
0.0182997
0.0185688
0.0185682
0.0182979
0.0177652
0.0169689
0.0159251
0.0146468
0.0130748
0.0111502
0.0090718
0.00728325
0.00601197
0.00386261
0.005978
0.00535249
0.0050601
0.00569268
0.00674746
0.00788256
0.00896424
0.00993069
0.0107741
0.0114234
0.0118513
0.012062
0.0120616
0.0118502
0.0114217
0.0107719
0.00992813
0.00896168
0.00788
0.00674525
0.00569117
0.00505942
0.00535202
0.00597869
0.0012551
0.00225083
0.00170389
0.00174367
0.00185124
0.00191161
0.00191955
0.00189733
0.00185693
0.00181068
0.00176782
0.00174048
0.00174037
0.00176746
0.00181022
0.00185647
0.00189692
0.00191927
0.00191152
0.0018514
0.00174389
0.00170272
0.00224527
0.00127314
0.00639267
0.00514676
0.00512295
0.00512227
0.00512213
0.00512203
0.00512196
0.00512191
0.00512188
0.00512186
0.00512185
0.00512185
0.00512185
0.00512185
0.00512186
0.00512188
0.00512191
0.00512196
0.00512203
0.00512213
0.00512227
0.00512295
0.00514676
0.00639267
0.0179815
0.0116877
0.00852348
0.00761337
0.00770482
0.00821152
0.00879759
0.00916406
0.00940734
0.00957999
0.00969599
0.00973954
0.00974488
0.00970432
0.00959626
0.00942913
0.00918639
0.00881865
0.0082289
0.00771461
0.00761748
0.00852566
0.0116907
0.0179841
0.000446077
0.000639296
0.000696653
0.000730738
0.000751557
0.000762353
0.000765195
0.000761346
0.000751772
0.000737928
0.000722466
0.000709146
0.000709017
0.00072243
0.000737983
0.000751912
0.000761559
0.000765466
0.000762669
0.000751902
0.000731092
0.000696998
0.000639633
0.000446392
0.00426541
0.0046193
0.00644655
0.00822701
0.00991351
0.0114047
0.012604
0.0134807
0.0140739
0.0144493
0.0146714
0.0147658
0.0147649
0.0146689
0.0144456
0.0140691
0.013475
0.0125974
0.0113973
0.00990635
0.00822102
0.00644228
0.00461689
0.00426336
0.00176038
0.00165017
0.00219973
0.00283334
0.0034187
0.00393805
0.00442805
0.00496327
0.00558799
0.00622422
0.00672042
0.00698452
0.00698729
0.00672745
0.0062341
0.00559758
0.00496992
0.00443207
0.00394122
0.00342204
0.00283674
0.00220208
0.00165001
0.00175825
0.00041917
0.000100575
6.59971e-05
4.48344e-05
9.22771e-05
0.000179038
0.000288691
0.000405838
0.00052828
0.000632698
0.000675994
0.000556109
0.000364814
0.000220143
0.000129752
7.98585e-05
5.38576e-05
3.79432e-05
2.61404e-05
1.84992e-05
1.62232e-05
5.16632e-05
9.75923e-05
0.000632051
0.00299071
0.00473855
0.00513156
0.00587603
0.00677128
0.00766406
0.00849383
0.00922677
0.0098423
0.0103166
0.0106341
0.0107925
0.0107922
0.0106332
0.0103152
0.00984044
0.00922469
0.00849176
0.00766214
0.00676969
0.00587486
0.00513071
0.00473772
0.00299108
0.000982176
0.000779487
0.001307
0.00246201
0.0034133
0.00107344
0.000464332
0.000709531
0.00110991
0.00144612
0.00161785
0.00163126
0.00150557
0.00126076
0.000957013
0.000663932
0.00044078
0.000389249
0.00103677
0.00193256
0.00173618
0.0010813
0.000718412
0.000962852
0.00664229
0.0061958
0.00431112
0.00408022
0.00444062
0.00491683
0.00538467
0.00580698
0.00615927
0.00642799
0.00660577
0.00669379
0.00669365
0.00660535
0.00642732
0.00615841
0.00580597
0.00538358
0.00491573
0.00443965
0.0040796
0.00431094
0.00619519
0.00664227
0.000433185
0.000615734
0.000696476
0.000763237
0.000819573
0.000864709
0.000900953
0.000928031
0.000944487
0.000949679
0.000945513
0.000938361
0.000938337
0.000945649
0.000950004
0.000944981
0.000928644
0.00090164
0.000865442
0.000820319
0.00076393
0.000697074
0.000616236
0.000433559
0.000431584
0.000213256
0.000186721
0.000137197
9.52342e-05
4.65263e-05
2.84824e-05
5.09766e-05
9.23548e-05
0.000145874
0.000178481
0.000167876
0.000132469
9.28211e-05
5.98661e-05
3.66732e-05
2.24042e-05
1.58592e-05
2.09851e-05
7.44018e-05
0.000125224
0.000184593
0.000214364
0.00043067
0.00265125
0.00483937
0.00765125
0.0101832
0.0123392
0.0141103
0.0155269
0.016647
0.0175244
0.0181871
0.0186419
0.0188775
0.0188766
0.018639
0.0181823
0.0175177
0.0166386
0.0155172
0.0140998
0.0123284
0.0101728
0.00764195
0.00483226
0.00264811
0.00383301
0.00551741
0.00616042
0.00733237
0.00881493
0.010375
0.0118623
0.0131822
0.0143194
0.0152014
0.0157883
0.0160823
0.0160819
0.0157872
0.0151996
0.0143168
0.0131789
0.0118589
0.0103718
0.00881258
0.00733105
0.00616002
0.00551719
0.00383435
0.00583633
0.00641683
0.00437724
0.00377945
0.00400303
0.00449379
0.00500135
0.00544603
0.00580676
0.00607859
0.00626042
0.0063517
0.00635152
0.0062599
0.00607773
0.00580558
0.00544458
0.00499973
0.0044922
0.00400175
0.00377881
0.00437692
0.00641548
0.00583661
0.00227664
0.00327498
0.00247205
0.00245434
0.0026576
0.00284476
0.00296517
0.00303288
0.00306147
0.00306554
0.00305453
0.00304349
0.00304345
0.0030544
0.00306544
0.00306146
0.00303297
0.0029654
0.00284513
0.0026581
0.00245448
0.00246987
0.00326986
0.00228801
0.0118262
0.00528593
0.00414373
0.00438972
0.00495811
0.00553457
0.00606992
0.00656449
0.00700826
0.00736656
0.00760736
0.00772533
0.00772503
0.00760648
0.00736518
0.0070066
0.00656264
0.00606803
0.00553273
0.00495645
0.00438841
0.00414292
0.00528578
0.0118262
0.00264836
0.00229204
0.00245827
0.00282569
0.00321198
0.00357441
0.00390591
0.00420223
0.00445383
0.0046473
0.00477373
0.00483442
0.00483457
0.00477415
0.00464802
0.00445466
0.00420288
0.00390621
0.00357432
0.0032115
0.00282477
0.00245692
0.00229083
0.00264939
0.00448626
0.0048641
0.00408038
0.00427137
0.00482237
0.00540542
0.00593079
0.0063802
0.00674704
0.007025
0.00721036
0.00730206
0.00730196
0.00721007
0.00702455
0.00674645
0.00637954
0.00593008
0.00540472
0.00482172
0.00427076
0.00407964
0.0048629
0.00448636
0.0033005
0.00285708
0.00309322
0.00336591
0.00359358
0.00379293
0.00395813
0.0040974
0.00420353
0.00427423
0.00431011
0.00431785
0.00431763
0.00430955
0.00427345
0.0042026
0.00409638
0.00395709
0.00379194
0.00359271
0.0033652
0.0030926
0.00285655
0.00330051
0.00584263
0.010182
0.0118555
0.0129006
0.0135422
0.0139065
0.0141506
0.0143215
0.0143537
0.01413
0.0137068
0.0133767
0.0134556
0.0138611
0.0142769
0.014457
0.0144472
0.0142896
0.0140136
0.0135995
0.0129168
0.0118583
0.0102053
0.00589431
0.00250297
0.003286
0.00492316
0.00630652
0.00747576
0.00848021
0.00934383
0.0100735
0.0106648
0.0111085
0.0114011
0.0115457
0.0115451
0.0113995
0.0111058
0.010661
0.0100688
0.0093382
0.00847393
0.00746895
0.0062992
0.00491522
0.00327761
0.00249962
0.00529133
0.00599494
0.00417788
0.00366381
0.00389584
0.00434867
0.00480283
0.0051972
0.00551787
0.00576078
0.00592396
0.00600616
0.00600607
0.00592372
0.0057604
0.00551736
0.00519658
0.00480212
0.00434794
0.00389517
0.00366318
0.00417681
0.00599254
0.00529225
0.01041
0.0054603
0.00442832
0.00479086
0.00552864
0.0063146
0.00709734
0.00786668
0.00855324
0.0090721
0.00939411
0.00955008
0.00954973
0.0093931
0.0090705
0.00855125
0.00786442
0.00709501
0.00631231
0.00552661
0.00478929
0.0044274
0.00545981
0.0104102
0.00307747
0.00226563
0.00240423
0.00276603
0.00318093
0.00359612
0.00399505
0.00436716
0.00469556
0.00495872
0.0051396
0.00522937
0.00522996
0.00514104
0.00496091
0.00469804
0.00436938
0.00399677
0.00359721
0.00318156
0.0027661
0.00240371
0.00226488
0.0030783
2.98549e-05
6.45758e-05
0.000142945
0.000208433
0.000251893
0.000275719
0.000286229
0.000293911
0.000302502
0.000307911
0.000285684
0.00024358
0.000224187
0.000218323
0.000213662
0.000207486
0.000195317
0.000175974
0.000148492
0.000111277
7.09796e-05
4.2661e-05
5.42079e-05
0.000124943
0.00320658
0.00674631
0.0104537
0.0137471
0.0165646
0.0189173
0.0208799
0.0224935
0.0237937
0.0247935
0.0254864
0.0258513
0.0258503
0.025483
0.0247877
0.0237855
0.0224834
0.0208684
0.0189048
0.0165516
0.0137351
0.0104428
0.00673708
0.00320091
0.00164118
0.00249637
0.00282104
0.00297341
0.00300583
0.00295643
0.00301928
0.0031857
0.00346173
0.00377915
0.00404114
0.0041864
0.00418588
0.0040397
0.00377705
0.00345952
0.00318407
0.00301844
0.00295605
0.00300567
0.00297298
0.00282049
0.00249583
0.00164076
0.000883729
0.00194461
0.00207148
0.0025045
0.00303688
0.00349193
0.00386017
0.00416312
0.0044101
0.00459527
0.0047155
0.00477061
0.00477057
0.0047153
0.00459481
0.00440931
0.00416195
0.00385864
0.00349017
0.00303502
0.00250271
0.00207004
0.00194363
0.000883586
0.00327814
0.00504732
0.0053376
0.00610275
0.00721482
0.00840528
0.00954432
0.0105721
0.0114543
0.0121455
0.0126132
0.0128511
0.0128507
0.0126122
0.0121439
0.0114521
0.0105697
0.00954188
0.00840301
0.00721297
0.00610151
0.00533681
0.00504658
0.003279
0.00351108
0.00335318
0.00276679
0.00279984
0.00303487
0.00327328
0.00345853
0.00359706
0.00369408
0.00375729
0.00379222
0.00380577
0.00380569
0.00379201
0.00375702
0.00369378
0.00359678
0.00345828
0.00327308
0.00303471
0.0027995
0.00276572
0.00335068
0.0035135
0.00452654
0.00586086
0.00417724
0.0036239
0.00382418
0.00425786
0.00468774
0.00504908
0.0053323
0.00554009
0.00567507
0.00574175
0.00574175
0.00567511
0.0055402
0.00533246
0.00504927
0.00468796
0.00425804
0.00382415
0.00362303
0.00417388
0.00585419
0.00453131
0.00883115
0.00596129
0.00435751
0.00425271
0.00465027
0.00513593
0.00561559
0.00607099
0.00646879
0.00676463
0.00694777
0.0070328
0.00703265
0.0069473
0.00676389
0.00646784
0.00606988
0.00561439
0.00513476
0.00464922
0.00425202
0.00435728
0.00596098
0.0088314
0.00102669
0.00128812
0.00166397
0.00205779
0.00240524
0.00265688
0.0028517
0.00303614
0.00321526
0.00336804
0.00347423
0.00352808
0.00352812
0.00347424
0.00336782
0.00321468
0.0030352
0.00285043
0.00265538
0.0024036
0.00205622
0.00166271
0.00128701
0.00102649
0.00338075
0.00566887
0.0085111
0.0110451
0.0132316
0.0150622
0.0165692
0.0178003
0.0187815
0.0195221
0.0200232
0.0202788
0.0202785
0.0200222
0.0195202
0.0187786
0.0177962
0.0165641
0.015056
0.0132244
0.0110374
0.00850336
0.00566184
0.00337697
0.000137654
5.75663e-05
9.63487e-05
0.000149901
0.000220701
0.000304717
0.000401182
0.000517877
0.000643385
0.00075244
0.000826016
0.000774651
0.00055683
0.000347672
0.000212289
0.000126485
7.72747e-05
4.87726e-05
3.27212e-05
2.90334e-05
4.5057e-05
0.00010797
0.000243177
0.000928639
0.0059328
0.00621901
0.00420446
0.00385571
0.00416909
0.00462218
0.00506367
0.00545549
0.00578279
0.00603514
0.00620558
0.00629152
0.0062914
0.00620522
0.00603456
0.00578204
0.00545461
0.00506273
0.00462123
0.00416824
0.00385512
0.00420415
0.00621832
0.00593269
0.00169132
0.00172501
0.00314919
0.0027219
0.00119352
0.00103708
0.00165322
0.00252201
0.00318258
0.00345785
0.00326288
0.00304694
0.00321924
0.00327587
0.00305402
0.00261521
0.00212253
0.00179913
0.00176528
0.00239352
0.00301893
0.00251034
0.00154343
0.00171047
0.000347328
0.00028619
0.000394718
0.000443545
0.000435573
0.000417525
0.000413176
0.000429861
0.000460641
0.000492909
0.000517444
0.000534592
0.000534742
0.000517759
0.000493244
0.000460931
0.000430084
0.000413332
0.000417627
0.00043561
0.000443535
0.000394683
0.000286211
0.000347507
0.00317601
0.00486894
0.00714983
0.00926528
0.0111148
0.0126647
0.0139357
0.0149686
0.0157886
0.0164043
0.0168183
0.0170279
0.0170276
0.0168173
0.0164024
0.0157856
0.0149646
0.0139307
0.0126588
0.0111082
0.00925834
0.00714292
0.00486286
0.00317321
0.00357943
0.00426841
0.00354416
0.00360718
0.0041883
0.0049225
0.00564568
0.00630054
0.00685907
0.00731937
0.00765379
0.00783398
0.00783523
0.00765372
0.00729183
0.00674615
0.00608943
0.00539834
0.00471578
0.0040578
0.0035413
0.0035165
0.00426301
0.00358271
0.00332874
0.00584635
0.00866845
0.0114495
0.0140256
0.01628
0.0181562
0.0196503
0.0207833
0.0215901
0.0221095
0.0223635
0.0223624
0.022106
0.0215842
0.0207754
0.0196405
0.0181449
0.0162677
0.0140134
0.0114385
0.00865977
0.00584125
0.00332644
0.0027315
0.00210972
0.00203994
0.00213675
0.00223054
0.00229261
0.00232154
0.00233184
0.00232708
0.00231345
0.0022959
0.00228151
0.00228137
0.00229558
0.00231305
0.00232665
0.00233143
0.00232117
0.00229231
0.00223034
0.0021366
0.00203972
0.00210913
0.00273454
0.000843567
0.000480838
0.000214727
0.000204192
0.0003044
0.000433286
0.000630949
0.000905113
0.00115986
0.00126722
0.00133701
0.00154684
0.00149702
0.00109586
0.000583532
0.000226281
7.83933e-05
4.57013e-05
5.9626e-05
0.000218474
0.000591983
0.000940354
0.000844398
0.00132379
0.00209039
0.00469323
0.00726093
0.00947515
0.0113221
0.0128603
0.0141499
0.015229
0.0161267
0.0168603
0.0174129
0.0177157
0.0177136
0.0174067
0.0168503
0.016113
0.0152124
0.0141309
0.0128394
0.0113002
0.00945391
0.00724171
0.00467862
0.0020907
0.00326413
0.00590358
0.00704126
0.00844032
0.0100436
0.011662
0.0131276
0.0143487
0.0152918
0.0159497
0.0163444
0.0165263
0.016526
0.0163436
0.0159483
0.0152895
0.0143456
0.0131239
0.0116583
0.0100408
0.00843868
0.0070408
0.00590387
0.00326599
0.00247682
0.00187747
0.00244889
0.00308506
0.00369576
0.00426332
0.00479352
0.00530081
0.00578738
0.00621673
0.00652956
0.00669139
0.00669252
0.00653227
0.0062204
0.00579073
0.00530299
0.00479474
0.00426416
0.00369652
0.00308563
0.00244891
0.00187678
0.00247667
0.0144136
0.00978337
0.009129
0.0101518
0.0114765
0.0124856
0.0134535
0.0143072
0.014997
0.0155428
0.0159007
0.0160224
0.016104
0.0161252
0.0158815
0.0153427
0.0145364
0.013529
0.012449
0.0114118
0.0101182
0.00914338
0.00984701
0.0144339
0.00344326
0.00381806
0.00345438
0.00388662
0.00477752
0.00573791
0.00665276
0.00753685
0.00846934
0.00944766
0.0103379
0.0109468
0.0110264
0.0105926
0.0098287
0.00883389
0.00771899
0.00659009
0.00551793
0.00455079
0.00373934
0.00338475
0.00379744
0.00344301
0.0020779
0.00188675
0.00303966
0.00453378
0.00603289
0.00741291
0.00862551
0.00963598
0.0104105
0.010942
0.0112615
0.0114098
0.0114097
0.0112613
0.0109426
0.0104127
0.00964029
0.0086317
0.00742069
0.00604186
0.00454276
0.00304596
0.00188749
0.00207484
0.0145837
0.00504408
0.00384565
0.00387911
0.00398167
0.00404304
0.0040715
0.00408286
0.00408686
0.00408812
0.00408846
0.00408852
0.00408852
0.00408846
0.00408812
0.00408686
0.00408286
0.00407151
0.00404305
0.00398168
0.00387912
0.00384565
0.00504406
0.0145837
0.00179362
0.00165517
0.00192609
0.00222551
0.00245034
0.00260312
0.00272722
0.00285801
0.00299382
0.00311704
0.00321005
0.00326731
0.00326731
0.00321011
0.00311693
0.00299338
0.00285716
0.00272594
0.00260148
0.00244851
0.00222385
0.00192483
0.00165435
0.00179293
0.00166687
0.0019846
0.00270328
0.00355184
0.00452027
0.00554268
0.00655025
0.00751232
0.00836413
0.00899587
0.00937074
0.009537
0.00953756
0.00937282
0.00900074
0.00837234
0.00752237
0.00656064
0.00555327
0.00453051
0.00355995
0.00270769
0.00198456
0.00166461
0.00102803
0.00120712
0.00134356
0.00140987
0.00144064
0.00145948
0.00146394
0.00145604
0.00145359
0.00145869
0.00158801
0.00210997
0.0021754
0.0022525
0.00230794
0.00237588
0.00245162
0.00250055
0.00249491
0.00242723
0.00227105
0.00197254
0.00153073
0.00107221
0.00262604
0.0040042
0.00636744
0.00866208
0.0106353
0.0122382
0.0135014
0.0144902
0.0152626
0.0158484
0.0162542
0.0164678
0.0164668
0.0162511
0.015843
0.0152551
0.0144809
0.0134907
0.0122266
0.0106234
0.00865071
0.00635763
0.0039975
0.00262426
0.00413643
0.004776
0.00487366
0.00522209
0.00574292
0.00637347
0.00705607
0.00769314
0.00809358
0.00800119
0.00710666
0.00596838
0.00670805
0.0079179
0.0087773
0.00885508
0.00837872
0.0076072
0.00676337
0.00598621
0.00535929
0.00494242
0.00480737
0.00415682
0.000204732
0.000990902
0.00137362
0.00154833
0.00169156
0.00185563
0.0020302
0.00219346
0.00232781
0.00242236
0.00247441
0.00249316
0.00249325
0.00247491
0.00242349
0.00232952
0.0021955
0.00203233
0.00185764
0.00169343
0.0015503
0.00137618
0.000993684
0.000203744
0.000423089
0.000774745
0.00106854
0.00129124
0.00144697
0.00158837
0.00173257
0.00187102
0.00198873
0.00207383
0.00212159
0.00213879
0.00213887
0.00212204
0.00207486
0.00199026
0.00187287
0.00173454
0.00159037
0.00144904
0.00129346
0.00107031
0.000775603
0.000421819
0.00154852
0.00181097
0.00249762
0.00317754
0.0037892
0.00436587
0.00496073
0.00564688
0.00642677
0.00717292
0.00773058
0.00802347
0.00802619
0.00773801
0.00718432
0.00643981
0.0056582
0.00496897
0.00437188
0.00379396
0.00318118
0.00249995
0.00181038
0.00154622
0.00425776
0.00337789
0.00432256
0.00543315
0.00647779
0.00740699
0.00818904
0.00880152
0.00924923
0.00955126
0.00973438
0.00981416
0.00981394
0.00973375
0.00955027
0.00924786
0.00879966
0.0081866
0.00740409
0.00647472
0.0054303
0.00432011
0.00337592
0.0042565
0.00245408
0.00521861
0.00651411
0.00751942
0.008349
0.0090068
0.0095936
0.0102791
0.0111126
0.0119419
0.0125788
0.0129197
0.0129184
0.0125754
0.0119368
0.0111067
0.0102742
0.00959052
0.00900493
0.00834747
0.00751788
0.00651301
0.005218
0.00245354
0.00170637
0.00160598
0.00193366
0.00227031
0.00252195
0.00269242
0.00283232
0.00297771
0.00312561
0.00325698
0.00335357
0.0034109
0.00341092
0.0033536
0.00325682
0.00312511
0.00297681
0.00283103
0.00269082
0.00252016
0.00226858
0.00193227
0.00160504
0.0017058
0.00659778
0.0117194
0.00817764
0.00703338
0.00712722
0.00794981
0.00947518
0.011249
0.0137407
0.0189928
0.0311625
0.0385929
0.0390854
0.0230853
0.0154786
0.0129522
0.011446
0.00977862
0.00826478
0.00731007
0.00714151
0.0082642
0.0118137
0.0066119
0.00399368
0.00472262
0.00432584
0.00452455
0.00522913
0.00624898
0.00748891
0.00884274
0.0100632
0.0107535
0.0102018
0.00732282
0.00740359
0.0102922
0.0112673
0.0108389
0.00962417
0.00811836
0.00665754
0.0054445
0.00461957
0.00436108
0.00473267
0.00401318
0.00104922
0.000843297
0.00180408
0.00146488
0.000477776
0.000535706
0.000929743
0.0013236
0.0016332
0.00176874
0.00174589
0.00177974
0.00177467
0.00148419
0.00108242
0.000703274
0.000416881
0.000251967
0.000183902
0.00027303
0.000849574
0.00114935
0.000768575
0.0010659
0.00455236
0.00365335
0.00460022
0.00567261
0.00679525
0.00783872
0.00865172
0.00917957
0.00947698
0.00963402
0.00972446
0.00975662
0.0097557
0.00972215
0.00963096
0.00947349
0.00917558
0.00864697
0.00783334
0.00679011
0.00566863
0.0045978
0.00365246
0.00455087
0.00479341
0.00569295
0.00668242
0.00839402
0.0105658
0.0128145
0.0149043
0.0167404
0.0182171
0.0192978
0.0200065
0.0203597
0.020359
0.0200045
0.0192944
0.0182121
0.016734
0.0148967
0.0128065
0.0105591
0.00838908
0.00667965
0.00569186
0.00479372
0.00847527
0.00718099
0.00645005
0.00640918
0.00696544
0.00780038
0.00884209
0.00997623
0.0112541
0.0128173
0.0147498
0.0158939
0.0159406
0.0139023
0.0125919
0.0115209
0.0104061
0.00922113
0.00807556
0.00713536
0.00650409
0.00650061
0.0072117
0.00849286
0.00452371
0.00473595
0.00393184
0.00407144
0.00456707
0.00509595
0.00556776
0.00596719
0.00629002
0.00653304
0.00669421
0.00677361
0.00677352
0.00669395
0.00653265
0.00628953
0.00596663
0.00556717
0.00509537
0.00456652
0.00407088
0.00393107
0.00473465
0.00452387
0.00117206
0.00127984
0.00166322
0.00206052
0.00238183
0.00261021
0.00278759
0.0029597
0.0031295
0.00327584
0.00337812
0.00343014
0.00343017
0.00337813
0.00327563
0.00312894
0.00295879
0.00278636
0.00260872
0.00238019
0.00205892
0.00166193
0.00127877
0.0011718
0.00356253
0.00471178
0.00353806
0.00332226
0.0035993
0.00396968
0.00428542
0.00452923
0.00470803
0.00483158
0.00490872
0.00494556
0.00494557
0.0049088
0.00483173
0.00470828
0.0045296
0.00428589
0.00397026
0.00359976
0.00332197
0.00353543
0.00470601
0.00356974
0.00365039
0.00451752
0.00456275
0.00511233
0.00580849
0.0064694
0.0070512
0.00755414
0.00796856
0.00828343
0.00849188
0.00858873
0.0085885
0.00849122
0.00828247
0.00796733
0.00755276
0.00704978
0.00646803
0.00580728
0.00511138
0.00456189
0.00451653
0.00365043
0.00435935
0.00236409
0.00235552
0.00274176
0.00317849
0.00359045
0.00394596
0.00422438
0.0044234
0.00455167
0.00462571
0.00465349
0.00465336
0.00462538
0.0045512
0.00442278
0.00422352
0.00394484
0.00358914
0.00317718
0.00274066
0.00235469
0.00236353
0.00435895
0.000296091
0.000426077
0.000351113
0.000168571
4.4871e-05
1.03304e-05
1.96183e-05
4.37261e-05
6.70953e-05
8.15635e-05
8.19273e-05
7.16209e-05
5.54599e-05
3.78919e-05
2.24879e-05
1.17109e-05
6.46634e-06
5.82731e-06
1.36265e-05
5.28699e-05
0.00017787
0.000357931
0.000429559
0.000294736
0.00412912
0.00498316
0.00387381
0.0035422
0.00381137
0.00429162
0.00477317
0.00519836
0.00555969
0.0058593
0.00608643
0.0062113
0.00621467
0.00609516
0.00586807
0.00555873
0.00518447
0.00475338
0.00427461
0.00380129
0.00353507
0.00386354
0.00497419
0.00412668
0.00270281
0.0020729
0.00198942
0.00208398
0.00217841
0.00224068
0.00226884
0.00227784
0.00227148
0.00225632
0.00223754
0.0022225
0.00222235
0.00223722
0.00225591
0.00227104
0.00227742
0.00226847
0.00224039
0.00217822
0.00208384
0.00198918
0.00207222
0.002706
0.000646347
0.000804665
0.000747792
0.000747628
0.000692321
0.000591312
0.000476948
0.00038621
0.000405497
0.000589615
0.000603993
0.000468245
0.000445866
0.000492244
0.000467434
0.000364499
0.00037806
0.000473491
0.000589034
0.000690899
0.000747031
0.000747652
0.000805249
0.000651187
0.000943871
0.00195735
0.00251559
0.00302235
0.00353888
0.00402879
0.00441729
0.00468209
0.00480392
0.00483026
0.00479225
0.00474203
0.0047419
0.00479205
0.0048301
0.00480357
0.00468131
0.00441591
0.00402719
0.0035373
0.00302121
0.00251499
0.00195725
0.000944333
0.000897593
0.000984533
0.00135338
0.00161855
0.00181867
0.0019552
0.00206208
0.00217751
0.00230181
0.00241329
0.00249165
0.00253188
0.00253197
0.00249182
0.00241334
0.00230162
0.00217707
0.00206142
0.00195437
0.00181772
0.00161761
0.00135256
0.000983824
0.000897486
0.000275583
0.00125336
0.0016242
0.00162787
0.00145903
0.00123822
0.00100663
0.000784243
0.000583859
0.000411082
0.000273507
0.000182521
0.000179955
0.000268877
0.000405588
0.000579317
0.000780995
0.00100444
0.00123696
0.00145858
0.00162812
0.00162617
0.00126053
0.000280292
0.000334409
0.000374974
0.000349531
0.000202069
7.18452e-05
3.42531e-05
9.32856e-06
1.44948e-05
2.49535e-05
3.2982e-05
3.43264e-05
3.01181e-05
2.28867e-05
1.53843e-05
9.47533e-06
5.89121e-06
4.61226e-06
7.98499e-06
2.2914e-05
7.79968e-05
0.000210684
0.000356606
0.000379595
0.000335296
0.000157063
5.45717e-05
8.40664e-05
0.000128482
0.000167933
0.000219665
0.00029695
0.000391159
0.000497288
0.000610044
0.000691377
0.000664902
0.000589401
0.000504684
0.000404863
0.000291845
0.000184646
0.000118516
0.000107681
0.000121839
0.000157908
0.000230955
0.00037031
0.000811564
0.002333
0.00523649
0.00829088
0.0110191
0.0133531
0.0153347
0.0170415
0.0185105
0.0197116
0.0206608
0.0213223
0.0216656
0.0216635
0.0213157
0.0206501
0.0196973
0.0184933
0.0170222
0.0153143
0.0133329
0.0110005
0.00827466
0.0052258
0.0023335
0.00572389
0.00617699
0.00417891
0.00377268
0.00407151
0.0045349
0.00499082
0.00539509
0.00573334
0.00599553
0.0061742
0.00626499
0.00626487
0.00617385
0.00599498
0.00573263
0.00539425
0.00498993
0.004534
0.0040707
0.00377211
0.00417854
0.00617607
0.00572382
0.0185104
0.00902723
0.00650931
0.00646157
0.00699954
0.00764215
0.00829665
0.00886201
0.00935205
0.00977984
0.0100797
0.010187
0.01021
0.0101454
0.00989418
0.00948215
0.00895317
0.00832906
0.00763515
0.00698173
0.0064519
0.00651429
0.00905046
0.0185203
0.00550321
0.00504007
0.00503028
0.00502975
0.00502965
0.0050296
0.00502958
0.00502956
0.00502955
0.00502954
0.00502954
0.00502954
0.00502954
0.00502954
0.00502954
0.00502955
0.00502956
0.00502958
0.0050296
0.00502965
0.00502975
0.00503028
0.00504007
0.00550321
0.0152911
0.00948173
0.00809567
0.008658
0.00958094
0.0104101
0.0112024
0.0118952
0.0124624
0.0129057
0.0131774
0.0132612
0.013318
0.0133358
0.0131445
0.0127084
0.012061
0.0112569
0.0103843
0.00953358
0.00863139
0.00810554
0.00953281
0.0153118
0.00552659
0.00503975
0.00502918
0.0050286
0.00502851
0.00502846
0.00502843
0.00502842
0.00502841
0.0050284
0.0050284
0.00502839
0.00502839
0.0050284
0.0050284
0.00502841
0.00502842
0.00502843
0.00502846
0.00502851
0.0050286
0.00502918
0.00503975
0.00552659
0.00506007
0.00322614
0.00387886
0.00466047
0.00545797
0.0061928
0.00677872
0.00717889
0.00741991
0.00755337
0.00762739
0.0076529
0.00765231
0.0076259
0.00755135
0.00741753
0.00717607
0.00677535
0.00618901
0.00545437
0.00465762
0.00387703
0.00322533
0.00505868
0.00139629
0.00129678
0.00161307
0.0019146
0.00212299
0.0022549
0.00236384
0.0024874
0.00262086
0.00274146
0.00282908
0.00288124
0.00288132
0.00282921
0.00274142
0.00262052
0.00248673
0.00236284
0.00225362
0.00212151
0.00191312
0.0016119
0.00129605
0.00139602
0.00358618
0.002889
0.00296291
0.00321721
0.00348347
0.0037225
0.00391801
0.00408059
0.00420603
0.00429355
0.00434351
0.00436091
0.00436074
0.00434305
0.0042929
0.00420525
0.00407973
0.00391712
0.00372165
0.0034827
0.00321657
0.00296231
0.00288839
0.00358624
0.00155212
0.00183309
0.00162287
0.0018255
0.00224814
0.00300055
0.00424831
0.00542667
0.00462517
0.00353999
0.0029481
0.00265565
0.00250509
0.00251219
0.00292849
0.00366355
0.0037879
0.00319071
0.00254454
0.00209594
0.00178481
0.00161354
0.00183137
0.00155435
0.00644029
0.0049467
0.00486793
0.0052163
0.00590062
0.00674858
0.00762015
0.0083244
0.00882158
0.00917931
0.00944569
0.00961155
0.00962054
0.00946473
0.00920418
0.00884687
0.00834763
0.00764045
0.00676536
0.00591267
0.00522269
0.00486759
0.00494134
0.00643906
0.00521282
0.0060545
0.00420682
0.00364318
0.00384691
0.00428964
0.0047388
0.00512754
0.00544131
0.0056775
0.00583549
0.00591485
0.00591477
0.00583527
0.00567715
0.00544083
0.00512696
0.00473814
0.00428895
0.00384626
0.00364248
0.00420542
0.00605149
0.00521418
0.00999963
0.0053517
0.00424897
0.00448556
0.00510304
0.00576202
0.00640272
0.00700822
0.00755683
0.00799932
0.00827838
0.00840796
0.00840766
0.00827752
0.00799798
0.00755519
0.00700637
0.0064008
0.00576014
0.00510136
0.00448427
0.00424823
0.00535147
0.00999984
0.00280463
0.00476581
0.00526425
0.00604369
0.00698968
0.00794652
0.00883685
0.00962076
0.0102777
0.0107818
0.0111165
0.0112815
0.0112811
0.0111154
0.0107802
0.0102757
0.00961849
0.00883462
0.00794447
0.00698803
0.00604253
0.00526346
0.00476506
0.00280513
0.00280969
0.00278728
0.00401297
0.00505085
0.00590336
0.00663648
0.00728632
0.00786544
0.00836514
0.00875942
0.00902498
0.00915714
0.00915668
0.00902356
0.00875707
0.00836176
0.00786095
0.00728091
0.00663064
0.00589737
0.00504485
0.00400692
0.00278112
0.00280858
0.00387283
0.00531372
0.00761141
0.00981944
0.0118786
0.0136831
0.0151452
0.0162452
0.0170232
0.0175402
0.0178568
0.0180013
0.0180002
0.0178539
0.0175357
0.0170174
0.0162381
0.0151369
0.013674
0.0118697
0.00981175
0.0076057
0.00531036
0.0038705
0.000503746
0.000114789
0.000103969
8.46999e-05
3.16611e-05
3.30224e-05
6.87406e-05
0.00013284
0.000209888
0.000299839
0.000355302
0.000320211
0.000248232
0.000177727
0.000120709
7.84373e-05
4.80107e-05
2.69882e-05
1.3912e-05
1.32311e-05
5.79803e-05
8.68801e-05
0.000108039
0.000489407
0.00317401
0.00685665
0.0106399
0.0139368
0.0167309
0.0190592
0.0209735
0.0225182
0.0237528
0.0246948
0.0253427
0.0256809
0.02568
0.02534
0.0246899
0.0237461
0.0225097
0.0209639
0.0190488
0.0167199
0.0139264
0.0106302
0.00684786
0.0031684
0.00419893
0.00427409
0.0034308
0.00342488
0.00375886
0.00413263
0.00445358
0.00471376
0.00491512
0.00506112
0.00515459
0.00519929
0.00519924
0.00515445
0.00506092
0.00491487
0.00471351
0.00445332
0.0041324
0.00375862
0.00342445
0.0034297
0.00427196
0.00420004
0.00257654
0.00258476
0.0033754
0.00487939
0.00603429
0.00590531
0.00576179
0.00636818
0.00756858
0.00852783
0.00843687
0.00790794
0.00780233
0.00808724
0.00850756
0.00887992
0.00884463
0.00810791
0.00701138
0.00564678
0.0042086
0.00299058
0.00245094
0.00257237
0.00737242
0.00519207
0.00512688
0.00512491
0.00512475
0.00512455
0.00512438
0.00512425
0.00512417
0.00512411
0.00512408
0.00512406
0.00512406
0.00512408
0.00512411
0.00512417
0.00512425
0.00512438
0.00512455
0.00512475
0.00512491
0.00512688
0.00519207
0.00737242
0.00727137
0.00544134
0.00465314
0.00496476
0.00573036
0.00659918
0.00744561
0.00821779
0.00888109
0.0093937
0.00972646
0.00988665
0.00988632
0.00972552
0.00939225
0.00887926
0.0082157
0.00744344
0.00659704
0.00572846
0.00496336
0.00465234
0.00544083
0.00727182
0.0061983
0.00636902
0.00423312
0.00383877
0.00412527
0.00455504
0.00497563
0.00535118
0.00566696
0.0059117
0.00607781
0.00616186
0.00616173
0.00607741
0.00591106
0.00566614
0.00535023
0.00497461
0.00455402
0.00412436
0.00383819
0.00423294
0.00636847
0.0061981
0.000364959
0.000493512
0.000527308
0.000393285
0.000215964
8.86235e-05
8.54467e-05
3.31183e-05
2.46093e-05
2.75048e-05
2.91913e-05
2.64772e-05
2.15545e-05
1.70981e-05
1.45464e-05
1.65359e-05
2.94159e-05
3.40511e-05
8.72872e-05
0.000222888
0.000400205
0.000533271
0.000498602
0.000367934
0.00429381
0.00541508
0.00401865
0.00350922
0.00367368
0.00407382
0.00447365
0.00480105
0.00505142
0.00523711
0.00536527
0.0054351
0.00543421
0.0053651
0.00523815
0.00505271
0.00480262
0.00447641
0.00407765
0.00367685
0.00350799
0.00400854
0.0054012
0.00429143
0.00504255
0.00548922
0.00406721
0.00387744
0.0042685
0.00478074
0.00526336
0.00567999
0.00602057
0.00627975
0.00645428
0.00654218
0.00654211
0.00645412
0.00627949
0.00602024
0.0056796
0.00526293
0.00478029
0.00426804
0.00387694
0.0040664
0.00548758
0.00504291
0.00290299
0.00299405
0.00332152
0.00444058
0.00566838
0.0064093
0.00691631
0.00774319
0.00906439
0.0106283
0.0119397
0.0127036
0.012776
0.0123693
0.0116602
0.0106734
0.00946508
0.00810729
0.00668534
0.00527756
0.00401467
0.00309416
0.00292524
0.00290646
0.000291084
0.0002552
0.000405355
0.000475871
0.000470503
0.000448504
0.000440174
0.000457665
0.000494029
0.000532969
0.000562587
0.00058313
0.000583294
0.000562931
0.000533324
0.000494318
0.000457872
0.000440308
0.000448595
0.00047053
0.000475856
0.000405294
0.000255234
0.000291241
0.00566321
0.00521624
0.00634231
0.00833097
0.0105105
0.0126373
0.0145802
0.0162921
0.0176726
0.0187287
0.0194521
0.0198174
0.0198166
0.0194491
0.0187236
0.0176656
0.0162834
0.0145703
0.0126269
0.0105002
0.00832147
0.00633573
0.00521276
0.00566185
0.00468371
0.00544234
0.00567041
0.00661574
0.00792661
0.00930987
0.0106252
0.011785
0.0127933
0.0135792
0.0141079
0.0143743
0.0143738
0.0141067
0.0135774
0.0127908
0.0117821
0.0106222
0.00930687
0.0079243
0.00661431
0.00566988
0.00544194
0.00468472
0.00325963
0.00560624
0.00847112
0.0114524
0.0142533
0.0167803
0.019014
0.0209614
0.0225895
0.0238627
0.0247461
0.0252045
0.0252031
0.0247412
0.0238542
0.0225777
0.0209467
0.0189974
0.0167625
0.0142356
0.0114362
0.00845825
0.00559835
0.00325798
0.00202314
0.00457596
0.00759061
0.0101251
0.0121701
0.0137954
0.0150659
0.0160504
0.0168064
0.0173688
0.0177521
0.0179536
0.0179516
0.0177464
0.0173595
0.0167938
0.0160352
0.0150488
0.0137773
0.0121519
0.0101079
0.00757645
0.00456688
0.00202207
0.00353914
0.00515973
0.00651661
0.00791848
0.00935579
0.0105618
0.0113898
0.0119352
0.0123817
0.0128068
0.0131876
0.0134258
0.0134243
0.0131839
0.0128021
0.0123772
0.0119314
0.0113865
0.0105581
0.0093518
0.00791498
0.00651429
0.00515838
0.00353881
0.00418391
0.00519172
0.00736614
0.00942509
0.0113186
0.0129653
0.0143074
0.0153289
0.0160612
0.0165537
0.0168573
0.0169958
0.016995
0.0168548
0.0165499
0.0160562
0.0153227
0.0143002
0.0129573
0.0113106
0.0094181
0.00736075
0.00518802
0.00418131
0.00285283
0.00247481
0.00307639
0.00372075
0.0042919
0.00479346
0.00523984
0.00563545
0.00597324
0.00623792
0.00641623
0.00650451
0.00650443
0.00641597
0.00623745
0.00597241
0.00563405
0.00523782
0.00479096
0.00428905
0.00371762
0.003073
0.00247163
0.00285298
6.76862e-05
3.2572e-05
7.51847e-05
0.000120702
0.000168881
0.000227164
0.000304058
0.00039216
0.000481813
0.000547224
0.000548099
0.000388015
0.000222019
0.000128187
9.01731e-05
7.92218e-05
6.97109e-05
5.20221e-05
3.16373e-05
1.56769e-05
1.97033e-05
4.33876e-05
0.000127118
0.000683518
0.00637456
0.00692173
0.00457315
0.00408477
0.00445434
0.00508382
0.00575766
0.00640039
0.00697191
0.00743947
0.00777295
0.00794754
0.00794716
0.00777175
0.00743749
0.0069693
0.00639737
0.00575453
0.00508092
0.00445216
0.00408394
0.00457395
0.00692259
0.00637268
0.00246576
0.00414953
0.00304187
0.00291644
0.00317691
0.00346474
0.00367729
0.00381972
0.00390794
0.003958
0.00398212
0.00399103
0.00399107
0.00398224
0.00395824
0.00390832
0.00382024
0.00367797
0.00346559
0.00317785
0.00291662
0.00303878
0.00414148
0.00248072
0.00323886
0.00489988
0.0074636
0.0102095
0.012878
0.0153158
0.0174771
0.0193411
0.0208536
0.0219892
0.022751
0.0231371
0.0231361
0.0227476
0.0219832
0.0208451
0.0193303
0.0174646
0.0153023
0.0128645
0.0101972
0.00745421
0.00489575
0.00323836
0.000255514
0.000587123
0.000618746
0.000502378
0.000388827
0.000305519
0.000250673
0.00021028
0.000174372
0.00014013
0.000109915
9.46802e-05
9.48417e-05
0.000110274
0.000140649
0.000175027
0.000211037
0.000251494
0.000306367
0.000389663
0.000503158
0.000619454
0.000587666
0.000255743
0.00539614
0.00545224
0.00494211
0.00528958
0.00611504
0.00706132
0.00798569
0.00883426
0.0095686
0.0101419
0.0105216
0.0107086
0.0107083
0.0105207
0.0101405
0.00956682
0.00883224
0.00798362
0.00705931
0.00611328
0.00528832
0.00494131
0.00545144
0.00539659
0.0145714
0.00508798
0.0038588
0.00389184
0.00399937
0.00406294
0.00409215
0.00410395
0.00410823
0.00410967
0.00411012
0.0041102
0.0041102
0.00411013
0.00410967
0.00410823
0.00410395
0.00409216
0.00406294
0.00399937
0.00389185
0.0038588
0.00508796
0.0145714
0.00197115
0.00182394
0.00296415
0.00235724
0.00142492
0.00123717
0.00183873
0.00287025
0.00379457
0.00391411
0.00319999
0.00275955
0.00323345
0.00369325
0.00395942
0.00403987
0.00393965
0.00385581
0.00403185
0.00435845
0.00426117
0.00321917
0.00191752
0.00207184
0.000796137
0.000784574
0.000790498
0.000808452
0.00082913
0.000847933
0.000857584
0.000849958
0.000827868
0.000838671
0.00101278
0.00104217
0.00105658
0.00111337
0.00116375
0.00119604
0.00120505
0.00119103
0.00115512
0.00109924
0.00102659
0.000942884
0.0008598
0.000793365
0.000103813
5.88294e-05
7.43991e-05
9.77178e-05
0.000132614
0.000177213
0.000234471
0.000306269
0.000386588
0.000450326
0.000457073
0.0003751
0.000301517
0.000255713
0.000224618
0.000202162
0.000182673
0.000165529
0.000154981
0.000152945
0.000152341
0.000154573
0.00018582
0.000300564
0.00354346
0.00248018
0.00243623
0.0025994
0.00278202
0.00293733
0.00305256
0.00314097
0.00320245
0.00324045
0.00325775
0.00326019
0.00326005
0.0032574
0.00323997
0.00320189
0.00314036
0.00305194
0.00293675
0.00278147
0.00259893
0.00243571
0.00247954
0.00354391
0.00229085
0.00662464
0.00992905
0.0124866
0.0145177
0.0161699
0.0175367
0.0186752
0.0196056
0.0203328
0.0208506
0.021125
0.0211225
0.0208432
0.0203206
0.0195893
0.0186555
0.0175144
0.016146
0.0144942
0.0124658
0.00991748
0.00662255
0.00228621
0.00216989
0.00410536
0.00296068
0.00284603
0.00310481
0.00337683
0.00356782
0.00368713
0.00375402
0.00378589
0.00379505
0.00379574
0.00379577
0.00379514
0.00378609
0.00375448
0.00368771
0.00356853
0.00337773
0.00310582
0.0028463
0.00295733
0.00409553
0.0021897
0.002924
0.00268273
0.00367124
0.0045467
0.00527408
0.00590163
0.00646101
0.00696304
0.00739868
0.00774383
0.00797729
0.00809332
0.00809295
0.00797619
0.00774201
0.00739606
0.00695942
0.00645653
0.00589668
0.00526892
0.00454148
0.00366595
0.00267745
0.00292342
0.00603685
0.00526236
0.00479544
0.00526183
0.00616122
0.0071588
0.00812875
0.00901434
0.00978384
0.0103823
0.0107774
0.010971
0.0109706
0.0107763
0.0103807
0.00978171
0.00901191
0.0081263
0.00715641
0.00615914
0.00526035
0.00479461
0.00526177
0.00603753
0.00111654
0.00175319
0.00212683
0.0021023
0.0019021
0.00178121
0.00171211
0.00171871
0.0017689
0.00182924
0.00187712
0.00190243
0.00190246
0.00187717
0.0018293
0.00176893
0.00171874
0.00171239
0.0017823
0.00190458
0.00210561
0.00213105
0.00175651
0.00111789
0.0039962
0.00496514
0.00461788
0.00509986
0.0058609
0.00662474
0.00731712
0.00791779
0.00841575
0.00879736
0.00905385
0.00918099
0.00918083
0.00905335
0.00879658
0.00841473
0.00791664
0.00731591
0.00662355
0.00585984
0.005099
0.00461706
0.00496406
0.00399634
0.00409321
0.00593017
0.00420575
0.00361756
0.00380838
0.00424217
0.0046688
0.00502034
0.00528854
0.00547816
0.0055982
0.00565669
0.00565671
0.00559835
0.00547845
0.00528897
0.0050209
0.00466943
0.00424278
0.00380869
0.00361656
0.0042011
0.00591977
0.00410351
0.00515704
0.00565709
0.00411593
0.0038878
0.00427545
0.00479751
0.00529553
0.00572961
0.00608757
0.00636177
0.00654738
0.00664124
0.00664117
0.00654718
0.00636145
0.00608715
0.00572912
0.00529498
0.00479694
0.00427489
0.00388729
0.00411525
0.00565564
0.00515729
0.00800998
0.00615073
0.00432953
0.00412988
0.00446903
0.00491433
0.00535139
0.00576036
0.006116
0.00637254
0.00653547
0.00661388
0.00661375
0.00653506
0.0063719
0.00611516
0.00575938
0.00535032
0.00491325
0.00446808
0.00412932
0.00432943
0.00615028
0.00801016
0.00412582
0.00647287
0.00437471
0.00357885
0.00365592
0.00404829
0.00445953
0.00479183
0.00503264
0.00519444
0.00529312
0.00534065
0.00534081
0.00529382
0.00519558
0.00503401
0.00479328
0.00446095
0.00404949
0.00365625
0.00357618
0.00436411
0.00645027
0.00414031
0.00623665
0.00563079
0.00476977
0.00491308
0.00555692
0.0063233
0.00706766
0.00774851
0.00832939
0.00877479
0.00906333
0.00920261
0.00920238
0.00906265
0.00877372
0.00832801
0.00774691
0.007066
0.00632166
0.00555546
0.00491203
0.00476914
0.00563007
0.00623708
0.0038927
0.0045823
0.00371367
0.00359701
0.0040198
0.00461142
0.00518703
0.0057159
0.00618965
0.00660521
0.00693679
0.00711588
0.0071229
0.00695045
0.00661315
0.00616843
0.00565803
0.00511258
0.00454594
0.00397865
0.00357513
0.00370048
0.00457695
0.00389113
0.00384114
0.00541146
0.00705094
0.00908742
0.011392
0.0135913
0.0153673
0.0166853
0.01762
0.0182738
0.0187101
0.0189342
0.018933
0.0187069
0.0182692
0.0176144
0.0166788
0.0153597
0.0135825
0.0113837
0.00908106
0.00704717
0.00540961
0.00384004
0.00346276
0.00250376
0.00259096
0.00278335
0.00295399
0.00309329
0.00319669
0.00327762
0.00333403
0.00336788
0.00338147
0.00338071
0.00338055
0.00338106
0.00336733
0.00333338
0.00327692
0.00319598
0.00309261
0.00295336
0.00278284
0.00259048
0.0025033
0.00346299
0.00184334
0.00206797
0.00246136
0.00254302
0.00252654
0.00254437
0.00256414
0.00257789
0.00257469
0.00255053
0.00251175
0.00246432
0.00246401
0.0025111
0.00254972
0.00257377
0.00257692
0.0025632
0.00254353
0.00252585
0.00254244
0.00246099
0.00206781
0.00184329
0.000353252
0.000989112
0.00120521
0.00137152
0.00151591
0.00162804
0.00172056
0.0018085
0.00189233
0.00196284
0.00201098
0.0020353
0.00203539
0.00201115
0.00196298
0.00189239
0.00180848
0.00172049
0.00162795
0.00151578
0.00137137
0.00120508
0.000988954
0.000353437
3.95851e-05
4.12538e-05
8.78346e-05
0.000125781
0.000161132
0.000205691
0.000266934
0.000340805
0.000416481
0.000468373
0.000453647
0.000312607
0.000191222
0.000128014
0.000101046
9.52561e-05
8.8897e-05
7.65043e-05
5.90555e-05
4.05244e-05
3.33651e-05
5.75209e-05
0.000146049
0.000571535
0.000308937
7.1276e-05
4.22072e-05
3.95806e-05
8.56264e-05
0.000157335
0.000245627
0.000336773
0.000434102
0.000532063
0.000566712
0.000428481
0.000273354
0.000170089
0.000108483
7.48114e-05
5.63415e-05
4.19327e-05
2.77953e-05
2.05327e-05
2.1656e-05
4.83659e-05
9.89781e-05
0.000621364
0.001114
0.000896172
0.000739251
0.000358107
0.000457427
0.000754806
0.00111267
0.00146651
0.00173603
0.00177465
0.00166897
0.00179147
0.00193733
0.0016193
0.00112304
0.000656491
0.000324621
0.000176082
0.000173502
0.000348009
0.000707237
0.00116348
0.00101769
0.001357
5.87818e-05
7.54755e-05
0.000100174
0.00011161
0.000124704
0.000151884
0.000195325
0.000250285
0.000308695
0.000344452
0.000316297
0.000232813
0.000178084
0.000149101
0.000130601
0.000127317
0.000127825
0.000125984
0.000120078
0.000110026
9.72298e-05
8.64482e-05
9.31629e-05
0.000172902
0.00315044
0.00364525
0.00364466
0.00439271
0.00556909
0.00689695
0.00841875
0.0101004
0.0115291
0.0119514
0.0100857
0.00781141
0.0076192
0.009166
0.0117167
0.0129884
0.0123869
0.0104942
0.00819399
0.00612423
0.00456782
0.00368921
0.00366623
0.00317115
0.000527754
0.00128537
0.00120606
0.00125075
0.00124656
0.00119431
0.00111321
0.00102053
0.000924167
0.000835112
0.000762446
0.000716623
0.000716141
0.000761354
0.000833722
0.000922757
0.00101926
0.00111224
0.00119367
0.00124629
0.00125085
0.00120625
0.00128535
0.000540032
0.00163951
0.00167112
0.00304088
0.0049043
0.00296279
0.0015732
0.00162136
0.00229712
0.00302114
0.00340739
0.00349999
0.00341954
0.00342561
0.00333325
0.003069
0.00268345
0.00229015
0.00208219
0.00236979
0.00334186
0.00332126
0.00230768
0.00144163
0.00161771
0.00741324
0.00501299
0.00493403
0.00493237
0.00493301
0.00493311
0.00493305
0.00493298
0.00493292
0.00493289
0.00493287
0.00493286
0.00493286
0.00493287
0.00493289
0.00493292
0.00493298
0.00493305
0.00493311
0.00493301
0.00493237
0.00493403
0.00501299
0.00741324
0.00764122
0.00656102
0.00427754
0.00389345
0.00416979
0.00457059
0.00495974
0.00531156
0.00561554
0.00585929
0.00602777
0.00611421
0.00611405
0.00602728
0.00585853
0.00561456
0.00531045
0.00495856
0.00456944
0.0041688
0.00389296
0.00427777
0.00656088
0.00764081
0.00262052
0.00266357
0.00346308
0.00453448
0.00577966
0.00701239
0.00808087
0.00890394
0.00947348
0.00982648
0.0100182
0.0100996
0.0100991
0.0100172
0.00982543
0.00947338
0.00890568
0.00808504
0.00701891
0.00578745
0.00454159
0.00346719
0.00266229
0.00261805
0.00214375
0.00225251
0.00315819
0.00433664
0.00574267
0.00719965
0.0085064
0.00954774
0.0102812
0.0107296
0.0109636
0.0110589
0.0110585
0.0109627
0.0107294
0.0102834
0.00955332
0.00851567
0.00721189
0.00575582
0.0043473
0.00316435
0.0022527
0.00214129
0.0026933
0.00314729
0.00396262
0.00513432
0.00628832
0.00726941
0.00807074
0.00871415
0.00921733
0.00958661
0.00982748
0.00994382
0.00994363
0.00982681
0.00958537
0.00921542
0.00871152
0.00806741
0.0072655
0.00628407
0.00513005
0.0039588
0.0031444
0.00269197
0.000508042
0.000473711
0.000563441
0.000599761
0.000579469
0.000545928
0.00053005
0.000538999
0.000564012
0.000591712
0.000612163
0.000631051
0.00063123
0.000612529
0.000592098
0.000564355
0.000539287
0.000530281
0.000546078
0.000579512
0.000599744
0.000563487
0.000473938
0.000508368
4.96157e-05
4.19061e-05
8.27791e-05
0.000121233
0.000161244
0.000211864
0.000280695
0.000363767
0.000449136
0.000510515
0.000503491
0.000349194
0.000201773
0.000125272
9.36596e-05
8.49257e-05
7.6904e-05
6.31547e-05
4.50029e-05
2.84649e-05
2.70538e-05
5.40778e-05
0.000144489
0.000632015
0.00495395
0.00558281
0.00454662
0.0047249
0.00537829
0.00611416
0.00682692
0.00747116
0.0080168
0.00843853
0.00872234
0.00886524
0.0088651
0.00872192
0.00843784
0.00801589
0.0074701
0.00682578
0.00611301
0.00537725
0.00472409
0.00454595
0.00558179
0.00495416
0.000224067
0.00111129
0.0016688
0.00193999
0.00212477
0.00230062
0.00247846
0.00264786
0.0027971
0.00291506
0.00299293
0.00302989
0.00303003
0.00299337
0.00291583
0.00279805
0.00264886
0.00247947
0.00230168
0.00212605
0.0019419
0.00167188
0.00111529
0.000223525
0.00589265
0.00635985
0.00421999
0.0037475
0.0040124
0.00445354
0.00489329
0.0052864
0.00561717
0.00587495
0.00605157
0.00614162
0.00614148
0.00605115
0.00587429
0.00561631
0.00528541
0.00489223
0.00445249
0.00401149
0.00374693
0.00421977
0.00635912
0.00589243
0.00301304
0.00367947
0.00527734
0.00694672
0.00845738
0.0097192
0.0107451
0.0115704
0.0122243
0.0127159
0.0130463
0.0132129
0.0132126
0.0130452
0.0127139
0.0122213
0.0115664
0.0107402
0.00971355
0.00845119
0.00694032
0.00527125
0.00367466
0.00301173
0.00269814
0.00569681
0.00872108
0.0113476
0.0135215
0.0152757
0.0167281
0.017954
0.0189692
0.0197605
0.0203231
0.0206164
0.0206141
0.0203164
0.0197496
0.0189547
0.0179367
0.0167088
0.0152557
0.0135025
0.0113315
0.00870675
0.00568856
0.00269955
0.00342833
0.00634796
0.00945261
0.0124436
0.0151716
0.0175383
0.0195272
0.0211489
0.0224189
0.0233538
0.0239716
0.0242815
0.0242804
0.0239679
0.0233476
0.0224103
0.0211381
0.0195148
0.0175249
0.0151581
0.0124311
0.00944243
0.00634096
0.00342535
0.00162386
0.00242819
0.00187154
0.00190992
0.00203511
0.0021181
0.0021461
0.00214077
0.00211363
0.00207768
0.00204181
0.00201808
0.00201798
0.0020415
0.0020773
0.00211323
0.00214043
0.0021459
0.00211808
0.00203531
0.00191009
0.00187029
0.00242342
0.00163766
0.00106576
0.00169659
0.00189462
0.00235243
0.00283878
0.00322537
0.00353061
0.00379011
0.00401408
0.00419088
0.00430955
0.00436579
0.00436577
0.00430939
0.00419045
0.00401328
0.00378894
0.00352909
0.0032236
0.0028369
0.00235064
0.00189321
0.00169536
0.00106571
0.00157245
0.00119936
0.00108284
0.00071551
0.000481253
0.000391464
0.000451522
0.000857519
0.00149219
0.00187483
0.00183072
0.00215031
0.00255747
0.00250691
0.00228422
0.00203133
0.00188171
0.00195407
0.00222134
0.00277528
0.00328421
0.00285987
0.00169134
0.00191127
0.00289083
0.00269839
0.00373827
0.0046406
0.00538819
0.0060351
0.00661379
0.00713513
0.00758935
0.00795066
0.00819576
0.00831792
0.00831758
0.00819468
0.00794884
0.00758666
0.00713142
0.00660919
0.00603001
0.00538289
0.00463523
0.00373283
0.0026929
0.00289009
0.000119515
4.21149e-05
8.66251e-05
0.000141593
0.00021007
0.000293442
0.000385949
0.000489075
0.000594349
0.000675367
0.000700644
0.00059129
0.000363796
0.00020438
0.000117459
7.83184e-05
5.78383e-05
3.99758e-05
2.34782e-05
1.33518e-05
1.70599e-05
4.44877e-05
0.000138991
0.000806669
0.000261922
0.000623628
0.000681107
0.000562691
0.00043035
0.000334028
0.000268411
0.000214725
0.000161948
0.000109754
6.45011e-05
3.66106e-05
3.67311e-05
6.47936e-05
0.000110256
0.000162648
0.000215583
0.000269377
0.00033506
0.000431397
0.000563684
0.000681979
0.000624281
0.000262188
0.00102681
0.000904129
0.00106482
0.0016509
0.00276621
0.00361455
0.00131715
0.000727435
0.000849846
0.00111772
0.0013085
0.00133917
0.0012159
0.000988883
0.00073419
0.000521074
0.000484588
0.00105943
0.00219947
0.00198829
0.0013861
0.000997104
0.00088788
0.00102262
0.00608149
0.00598259
0.00583134
0.00608311
0.00674139
0.00765463
0.00872568
0.00986416
0.0108886
0.0114614
0.0108357
0.00855876
0.00899918
0.011455
0.0121692
0.0116633
0.0105885
0.00929799
0.00804193
0.00697008
0.00620328
0.00588587
0.00600594
0.00609921
0.000220468
0.000195111
0.000195774
0.000215857
0.000242775
0.000267641
0.000289222
0.000305611
0.000338075
0.000402146
0.000429545
0.000396725
0.000384671
0.00039113
0.000403377
0.000413815
0.000413657
0.000403468
0.000384284
0.000360095
0.00033985
0.000339154
0.000382555
0.000551808
0.00296425
0.00234443
0.00264696
0.00310178
0.00355293
0.0039741
0.00436305
0.00471621
0.00502172
0.00526169
0.0054225
0.00550134
0.00550156
0.00542302
0.00526249
0.00502255
0.0047167
0.00436305
0.00397361
0.00355204
0.00310046
0.00264521
0.00234262
0.00296501
0.00310581
0.00551372
0.00828372
0.0111004
0.0137489
0.016096
0.0180755
0.0196734
0.0208964
0.0217717
0.022337
0.0226143
0.0226132
0.0223335
0.0217659
0.0208884
0.0196633
0.0180639
0.0160833
0.0137362
0.011089
0.00827497
0.00550909
0.00310404
0.00608166
0.00576708
0.00605487
0.00728207
0.00904151
0.0109206
0.0127344
0.0143457
0.0156676
0.0166548
0.0173079
0.0176336
0.017633
0.0173063
0.0166521
0.0156637
0.0143406
0.0127282
0.0109144
0.00903639
0.00727853
0.00605297
0.0057663
0.00608145
0.00433038
0.00465831
0.00362151
0.00352117
0.00385179
0.00425476
0.0046115
0.00490349
0.00513109
0.00529757
0.0054056
0.00545826
0.00545822
0.00540551
0.00529744
0.00513093
0.00490334
0.00461136
0.00425463
0.00385162
0.00352073
0.00362021
0.00465581
0.00433178
0.00293908
0.0022712
0.00254227
0.00297463
0.00340217
0.00379764
0.00416012
0.00448709
0.00476841
0.00498831
0.00513488
0.00520643
0.00520658
0.00513526
0.00498892
0.00476901
0.00448738
0.00415996
0.00379703
0.00340118
0.00297325
0.0025405
0.00226947
0.0029399
0.011452
0.0073023
0.00562859
0.00531672
0.00528222
0.00528459
0.00528824
0.0052902
0.00529112
0.00529149
0.00529148
0.00529105
0.00529105
0.00529148
0.0052915
0.00529113
0.00529021
0.00528825
0.0052846
0.00528223
0.00531673
0.0056286
0.00730234
0.011452
0.000391869
0.000359141
0.000360699
0.000349847
0.000319091
0.000289829
0.000274291
0.00027336
0.000281711
0.000292224
0.000300352
0.000310493
0.000310636
0.000300638
0.00029255
0.000282039
0.000273678
0.00027459
0.000290101
0.000319318
0.000350049
0.00036094
0.000359475
0.000392222
0.000206568
0.000141231
0.000147253
0.000187868
0.000233676
0.000280646
0.000334635
0.000392169
0.000458616
0.000559444
0.000635269
0.000612186
0.00058052
0.000564134
0.000544843
0.000511444
0.000458692
0.000389385
0.000323813
0.000314439
0.000348324
0.000402573
0.000486641
0.000754451
0.00184043
0.00145995
0.00165904
0.00147897
0.00119583
0.00101478
0.00102015
0.00125274
0.00172227
0.00209294
0.00211862
0.00248343
0.00304461
0.00320785
0.00325461
0.00336761
0.00351021
0.00365734
0.00388938
0.00406929
0.00383945
0.00294669
0.00188745
0.00207382
0.00106677
0.000670749
0.000482918
0.000366096
0.000318182
0.000300694
0.00041188
0.000619864
0.000870811
0.00112189
0.001456
0.00173729
0.00178916
0.00179428
0.00177851
0.00175313
0.00172121
0.00170343
0.00174217
0.00184754
0.00195004
0.00184276
0.00142878
0.00158919
0.00297107
0.00341514
0.00483605
0.00644486
0.00793658
0.00918816
0.0101991
0.0110061
0.0116435
0.0121252
0.0124517
0.0126181
0.0126178
0.0124506
0.0121232
0.0116405
0.0110022
0.0101942
0.00918261
0.00793058
0.00643876
0.00483037
0.00341085
0.00296993
0.0024394
0.00257242
0.00349709
0.00481107
0.00607392
0.0070963
0.00788982
0.00851575
0.00902143
0.00941869
0.009698
0.0098458
0.00984559
0.00969711
0.00941689
0.00901858
0.0085119
0.00788516
0.0070911
0.00606846
0.00480572
0.00349247
0.00256938
0.00243801
0.00041129
0.000113364
6.52978e-05
0.000110999
0.000204882
0.000322451
0.00044668
0.000578374
0.000720508
0.000825766
0.000870904
0.000773584
0.000483271
0.00027084
0.000142496
7.84296e-05
4.96017e-05
3.2693e-05
1.94268e-05
1.45322e-05
1.49649e-05
5.44315e-05
0.000127023
0.000752877
0.00396367
0.00370875
0.00387897
0.00427478
0.00487965
0.00564496
0.00647527
0.00724131
0.00776394
0.00807541
0.00825066
0.00833058
0.00833117
0.00825225
0.00807838
0.00776901
0.0072504
0.00648691
0.00565669
0.00488889
0.00428006
0.0038796
0.00370533
0.00396125
0.00406325
0.00379094
0.00347868
0.0037168
0.0041259
0.00452525
0.00486573
0.00514877
0.00537268
0.00553712
0.00564177
0.00568981
0.00568968
0.0056414
0.00553658
0.00537201
0.00514801
0.00486494
0.00452448
0.00412522
0.00371618
0.00347795
0.00378993
0.00406336
0.00416409
0.00533661
0.00477947
0.00521399
0.00603758
0.00693381
0.00778749
0.00855134
0.00919705
0.00969819
0.0100372
0.0102089
0.0102087
0.0100367
0.00969739
0.009196
0.00855012
0.0077862
0.00693251
0.00603641
0.00521308
0.00477867
0.00533556
0.00416443
0.00295553
0.00652508
0.010229
0.0134206
0.0161072
0.0183415
0.0201729
0.0216541
0.0228369
0.0237344
0.0243447
0.02466
0.0246593
0.0243426
0.0237307
0.0228319
0.0216476
0.0201649
0.018332
0.0160968
0.0134102
0.0102188
0.00651605
0.00295024
0.00348656
0.00633673
0.00941171
0.0123504
0.0150179
0.0173248
0.0192581
0.0208305
0.0220588
0.0229607
0.023555
0.0238527
0.0238516
0.0235515
0.0229546
0.0220504
0.0208201
0.019246
0.0173117
0.0150048
0.0123382
0.00940166
0.0063297
0.00348352
0.00011012
9.92625e-05
0.00012093
0.000134968
0.00014555
0.000152931
0.00016098
0.000179317
0.000215521
0.000257554
0.000243291
0.000202886
0.000195071
0.000204284
0.000222958
0.000245024
0.00026489
0.000276004
0.000279413
0.000273909
0.000260337
0.000254444
0.000267671
0.000337314
0.00162553
0.00223433
0.00182669
0.00189756
0.00206984
0.00224647
0.0025662
0.00313136
0.00375262
0.00394587
0.00375656
0.00348386
0.00334845
0.00336417
0.00335604
0.00307758
0.00268091
0.00235656
0.00217356
0.00204914
0.00189283
0.00182503
0.00223399
0.00162827
0.00498575
0.00330992
0.00408817
0.00497392
0.00586433
0.0066795
0.00733213
0.00778372
0.00806115
0.00821738
0.00830371
0.00833324
0.00833263
0.00830215
0.00821525
0.00805863
0.00778073
0.00732855
0.00667547
0.00586047
0.00497085
0.00408616
0.00330897
0.00498427
0.000804537
0.00197378
0.00193291
0.00220848
0.00263768
0.00303959
0.003376
0.00364502
0.00385176
0.00399728
0.00408726
0.00412517
0.00412513
0.0040871
0.003997
0.00385129
0.00364431
0.00337503
0.00303848
0.00263649
0.00220739
0.00193202
0.00197311
0.000804385
0.00298894
0.00318175
0.00357664
0.00395454
0.00427431
0.00456657
0.00483022
0.00506237
0.0052488
0.00538147
0.00545966
0.0054862
0.00548592
0.00545894
0.00538045
0.00524756
0.005061
0.00482885
0.0045653
0.00427321
0.00395366
0.00357595
0.00318119
0.0029889
0.00289226
0.00271352
0.00342794
0.00445164
0.00564236
0.00680764
0.00780933
0.00857788
0.00910992
0.00944179
0.00962455
0.0097032
0.00970273
0.00962332
0.00944037
0.0091091
0.0085785
0.00781199
0.00681243
0.00564849
0.00445751
0.00343147
0.00271151
0.00288944
0.00330092
0.00596037
0.00739257
0.00907758
0.0108695
0.0125061
0.0138826
0.0150679
0.0161124
0.0169614
0.0175502
0.0178526
0.0178518
0.0175479
0.0169577
0.0161076
0.0150627
0.0138778
0.0125015
0.0108653
0.00907453
0.00739081
0.00595968
0.00330043
0.00301129
0.00303995
0.00342834
0.00378663
0.00408175
0.00434966
0.00459095
0.00480335
0.00497328
0.00509332
0.00516313
0.00518597
0.0051857
0.00516245
0.00509235
0.00497209
0.00480204
0.00458964
0.00434843
0.00408069
0.00378578
0.00342767
0.00303942
0.00301125
0.00395951
0.00512
0.00726326
0.0093243
0.0112572
0.0129557
0.0143259
0.0153434
0.0160498
0.0165098
0.0167874
0.0169108
0.0169098
0.0167846
0.0165056
0.0160444
0.0153369
0.0143182
0.0129471
0.0112489
0.00931721
0.00725807
0.00511699
0.00395723
0.00170682
0.00240038
0.00281382
0.00362829
0.00449241
0.00521386
0.00579316
0.00626175
0.00663691
0.00691749
0.00710214
0.00719037
0.00719024
0.00710165
0.00691652
0.00663535
0.00625957
0.00579041
0.00521065
0.00448897
0.00362495
0.00281109
0.00239891
0.00170554
0.00100244
0.000800151
0.0014088
0.00261907
0.00312594
0.000599747
0.00039913
0.000717401
0.00113169
0.00146268
0.00162153
0.00162675
0.00149471
0.00123864
0.000924167
0.000625037
0.000394782
0.000268965
0.000454601
0.0016291
0.0018081
0.0011516
0.000731791
0.000982842
0.00611515
0.00504485
0.00489875
0.00561762
0.00642618
0.00671948
0.00693338
0.00712245
0.00729894
0.00745424
0.00757163
0.00764101
0.00764102
0.00757151
0.00745375
0.00729805
0.00712104
0.00693159
0.00671731
0.00642406
0.00561601
0.00489746
0.0050441
0.00611591
0.0090247
0.00615518
0.00505331
0.00491877
0.00495505
0.00499666
0.00503298
0.00507054
0.00510864
0.00514295
0.00516905
0.00518581
0.00518582
0.00516913
0.00514301
0.00510864
0.00507043
0.00503274
0.00499631
0.00495463
0.00491837
0.005053
0.00615494
0.0090249
0.00251308
0.00207585
0.00319604
0.00470085
0.00624582
0.00765901
0.00887084
0.00984285
0.0105672
0.0110635
0.0113673
0.011511
0.011511
0.0113672
0.0110636
0.0105681
0.00984512
0.00887467
0.0076643
0.0062522
0.00470744
0.00320072
0.0020759
0.00250907
0.000632543
0.000903811
0.000842724
0.000850939
0.000802014
0.000703368
0.000581044
0.000449405
0.000333645
0.00026291
0.000245638
0.000215761
0.000207634
0.000224909
0.000255835
0.000328341
0.000444384
0.000577779
0.000701331
0.000800867
0.000850536
0.000842643
0.000904141
0.000637191
0.00387825
0.00347532
0.00332342
0.00358051
0.00394956
0.00429972
0.00459301
0.00483592
0.00502649
0.00516446
0.00524989
0.00528694
0.00528679
0.00524947
0.00516385
0.00502575
0.0048351
0.00459215
0.00429887
0.00394882
0.00357986
0.00332272
0.00347443
0.00387835
0.0050433
0.00614251
0.00425884
0.00363569
0.00380681
0.00423971
0.00468488
0.00506797
0.00537367
0.00560134
0.00575267
0.00582843
0.00582836
0.0057525
0.00560109
0.00537334
0.00506756
0.0046844
0.00423919
0.00380625
0.00363483
0.00425664
0.00613798
0.00504597
0.00444444
0.00466231
0.0065007
0.00823275
0.00980453
0.0111729
0.0123014
0.0131739
0.0138098
0.0142425
0.0145093
0.0146303
0.0146299
0.0145079
0.0142402
0.0138069
0.0131701
0.0122968
0.0111677
0.00979907
0.00822775
0.00649647
0.00465898
0.00444194
0.00992859
0.00581962
0.0042974
0.00425682
0.00468041
0.0051722
0.00564904
0.00610445
0.00652305
0.006862
0.00705664
0.00714332
0.00714314
0.00705611
0.00686118
0.00652198
0.00610324
0.00564777
0.00517094
0.00467928
0.00425603
0.00429709
0.00581949
0.00992877
0.000732248
0.00259756
0.00313079
0.00321162
0.00326236
0.00325715
0.00315353
0.00300387
0.00276484
0.00247537
0.00231611
0.00222132
0.00222102
0.0023155
0.00247417
0.00276369
0.00300251
0.00315176
0.00325534
0.00326025
0.00320988
0.00312963
0.00259772
0.000731897
0.00382482
0.0046626
0.00373426
0.00356517
0.00395377
0.00451786
0.005074
0.00557092
0.00599423
0.00633946
0.00658909
0.0067214
0.00671843
0.00658301
0.00632148
0.00594415
0.00548663
0.00498218
0.00444497
0.00390967
0.00354261
0.00372163
0.00465891
0.00382604
0.000304947
0.000286815
0.000223271
9.41473e-05
2.2192e-05
7.76387e-06
1.54756e-05
3.44442e-05
5.22256e-05
6.42225e-05
6.51799e-05
5.68872e-05
4.37658e-05
2.97313e-05
1.75808e-05
9.03949e-06
4.58425e-06
3.21182e-06
5.66919e-06
2.53405e-05
9.99468e-05
0.000228023
0.0002892
0.000303439
0.0113936
0.00713806
0.00549215
0.00519637
0.00516386
0.00516493
0.00516662
0.00516669
0.00516605
0.00516533
0.00516477
0.00516445
0.00516445
0.00516477
0.00516533
0.00516605
0.00516669
0.00516662
0.00516493
0.00516386
0.00519638
0.00549216
0.00713808
0.0113936
0.000938349
0.00174077
0.00194007
0.00238079
0.00287063
0.00326727
0.00358245
0.00384988
0.00407919
0.00425873
0.00437831
0.00443513
0.00443512
0.00437817
0.00425833
0.00407843
0.00384873
0.00358095
0.00326553
0.00286877
0.002379
0.00193865
0.00173956
0.000938309
0.00536873
0.00525834
0.00509516
0.00577216
0.00685713
0.00803366
0.00916222
0.0101792
0.0110717
0.0117672
0.0122308
0.0124612
0.0124608
0.0122297
0.0117655
0.0110694
0.0101765
0.0091596
0.00803108
0.00685496
0.00577071
0.00509449
0.00525781
0.00536953
0.00688683
0.00687775
0.00437171
0.00383554
0.00408885
0.00452991
0.00498405
0.00540766
0.00578177
0.00608826
0.00630771
0.00642332
0.0064231
0.00630702
0.00608715
0.00578035
0.00540607
0.00498241
0.00452836
0.0040876
0.003835
0.00437218
0.0068779
0.00688564
0.00212367
0.00179694
0.00255474
0.00244777
0.00192515
0.00168856
0.00202698
0.00265807
0.00324998
0.00345129
0.00294478
0.00266731
0.00324975
0.00381679
0.00421901
0.00457859
0.00493298
0.00519768
0.00550368
0.00558336
0.00489159
0.00345432
0.00205828
0.00227485
0.0048787
0.00257775
0.00287179
0.00343943
0.00402088
0.00456052
0.00501786
0.00536492
0.00560346
0.00575148
0.005835
0.00586493
0.00586472
0.00583446
0.00575072
0.00560251
0.00536369
0.00501626
0.00455867
0.00401905
0.0034379
0.00287066
0.00257698
0.0048779
0.00317611
0.00600395
0.00901184
0.0120405
0.0148457
0.0173112
0.0194127
0.0211523
0.0225294
0.0235504
0.0242286
0.0245697
0.0245685
0.0242247
0.0235437
0.0225201
0.0211407
0.0193993
0.0172968
0.0148313
0.0120273
0.00900118
0.00599721
0.00317381
0.00717289
0.00689396
0.00435932
0.00383835
0.00409899
0.00454631
0.0050112
0.00545022
0.00584318
0.0061699
0.00640688
0.00653294
0.0065327
0.00640612
0.00616868
0.00584163
0.00544849
0.00500944
0.00454467
0.00409769
0.00383782
0.00435993
0.00689425
0.00717152
0.00261729
0.00242332
0.00329475
0.00437284
0.00460915
0.00460373
0.0052306
0.00653788
0.00763671
0.00751518
0.00631213
0.00494094
0.00500824
0.00598652
0.00726112
0.00839857
0.00902037
0.00922427
0.008518
0.00695583
0.00509011
0.00342456
0.00250301
0.0026624
0.00579643
0.00641331
0.00437058
0.00375574
0.00396545
0.00444656
0.00494587
0.00538268
0.00573613
0.00600184
0.00617922
0.00626817
0.006268
0.00617873
0.00600102
0.005735
0.00538129
0.00494432
0.00444502
0.00396422
0.0037551
0.00437015
0.00641175
0.00579686
0.00645733
0.0064424
0.00425314
0.00385148
0.0041314
0.00455226
0.00496417
0.00533377
0.00564684
0.00589072
0.00605677
0.00614103
0.00614089
0.00605634
0.00589004
0.00564596
0.00533276
0.0049631
0.00455119
0.00413047
0.00385091
0.00425305
0.00644197
0.00645709
0.0115674
0.00523866
0.00410414
0.00434443
0.00490834
0.00548281
0.00601663
0.00650967
0.00695181
0.0073088
0.00754758
0.0076648
0.0076645
0.00754671
0.00730743
0.00695017
0.00650783
0.00601476
0.00548098
0.00490672
0.00434315
0.00410337
0.00523854
0.0115673
0.0068538
0.0045913
0.00482425
0.0057682
0.00694818
0.00806084
0.00907354
0.00995738
0.0106099
0.0110898
0.0114242
0.0116045
0.0116037
0.0114219
0.0110861
0.010605
0.00995225
0.00906831
0.00805567
0.00694349
0.00576428
0.00482125
0.00458989
0.00685602
0.0022992
0.00245912
0.00403806
0.00537864
0.00653009
0.00754013
0.0084296
0.00920027
0.00983644
0.010319
0.0106375
0.0107938
0.0107934
0.0106362
0.0103171
0.00983384
0.00919703
0.00842578
0.00753598
0.00652593
0.00537451
0.00403369
0.00245433
0.00229847
0.00113841
0.00094944
0.00158553
0.000546025
0.000465671
0.000776682
0.00115486
0.0015256
0.0017567
0.00176188
0.00166487
0.00176867
0.0019163
0.00163082
0.0011689
0.000714791
0.000375572
0.000208815
0.000180866
0.000298307
0.000632369
0.00117902
0.000987632
0.00129944
0.00391898
0.00360541
0.00397805
0.00477038
0.00581432
0.00682827
0.00764907
0.00822705
0.00858288
0.00877358
0.00886181
0.00889399
0.00889333
0.00885989
0.00877084
0.00858005
0.00822513
0.00764905
0.0068307
0.00581896
0.00477512
0.00397931
0.00360093
0.00391579
0.0017497
0.00436016
0.00574976
0.0066186
0.00727284
0.00839667
0.00992741
0.011338
0.0122851
0.0128952
0.013237
0.0133811
0.0133808
0.0132359
0.0128933
0.0122822
0.011334
0.00992207
0.00839292
0.007272
0.00661911
0.00575012
0.00436037
0.00174933
0.00503025
0.00523118
0.00513898
0.00583053
0.00693218
0.00813139
0.00928646
0.0103328
0.0112545
0.0119775
0.0124621
0.0127039
0.0127035
0.0124609
0.0119757
0.0112521
0.01033
0.00928377
0.00812878
0.00693001
0.00582909
0.00513829
0.00523061
0.00503113
0.00393491
0.00499269
0.00386102
0.00353471
0.00381019
0.00426542
0.00469882
0.00506153
0.00535198
0.0055751
0.00572777
0.00580481
0.00579527
0.00570727
0.00554771
0.00531878
0.00502769
0.00467184
0.0042489
0.00380198
0.0035293
0.00385292
0.00498649
0.00393511
0.00351079
0.00432962
0.00355737
0.00357286
0.00412002
0.00482682
0.00553732
0.006169
0.00669532
0.00712132
0.00741104
0.00755447
0.0075417
0.00737162
0.0070381
0.00652247
0.00591114
0.00526143
0.00461217
0.00399143
0.0035106
0.0035323
0.00432652
0.00351707
0.0046477
0.00392801
0.00521888
0.00652864
0.00779442
0.00892768
0.00983675
0.010485
0.0109053
0.0111576
0.0113012
0.0113563
0.0113556
0.0112992
0.0111547
0.0109019
0.0104809
0.00983184
0.00892218
0.00778912
0.0065243
0.00521589
0.00392641
0.00464592
0.00228821
0.00216954
0.00232067
0.00264765
0.00299995
0.00333115
0.00363086
0.0038947
0.00411456
0.00428007
0.00438556
0.004435
0.0044351
0.00438589
0.00428071
0.00411537
0.00389544
0.00363136
0.00333132
0.00299975
0.00264703
0.0023197
0.00216896
0.00228943
0.00517267
0.00565559
0.00411092
0.00387236
0.00425227
0.00476837
0.00526061
0.00568918
0.00604205
0.00631205
0.00649471
0.00658706
0.00658699
0.00649452
0.00631175
0.00604165
0.00568871
0.00526009
0.00476782
0.00425173
0.00387185
0.0041102
0.00565408
0.00517294
0.00507686
0.0056271
0.00457741
0.00473082
0.00536878
0.00609676
0.00680529
0.00744755
0.00799226
0.0084129
0.00869433
0.00883492
0.00883477
0.00869388
0.00841218
0.00799132
0.00744645
0.0068041
0.00609558
0.0053677
0.00473
0.00457676
0.0056261
0.00507707
0.00163554
0.00206717
0.00248282
0.00258188
0.0026006
0.00265326
0.00270625
0.00274748
0.00276585
0.00275693
0.0027278
0.00268475
0.00268444
0.00272714
0.00275609
0.00276488
0.00274645
0.00270525
0.00265237
0.00259988
0.00258127
0.00248245
0.00206703
0.0016355
0.00680132
0.00535469
0.0048062
0.00527144
0.00618389
0.00718505
0.0081543
0.00903288
0.00979145
0.0103744
0.0107544
0.010939
0.0109386
0.0107534
0.0103727
0.00978937
0.00903045
0.00815182
0.00718259
0.00618174
0.00526991
0.00480542
0.00535423
0.00680197
0.000314583
0.000496541
0.000566306
0.000569283
0.000507556
0.000443315
0.000406755
0.000403262
0.000421669
0.000446449
0.000465764
0.000485459
0.000485689
0.00046627
0.000447023
0.00042223
0.000403794
0.000407269
0.000443796
0.000507971
0.000569622
0.00056662
0.000496829
0.000314783
7.91607e-05
4.67378e-05
8.77483e-05
0.000134087
0.000193058
0.000268427
0.000358027
0.000458508
0.000562835
0.000645343
0.000669028
0.00055708
0.00034883
0.000202685
0.000123923
8.82389e-05
6.83384e-05
5.02199e-05
3.3782e-05
2.34612e-05
2.52802e-05
5.55116e-05
0.000163719
0.000786312
0.00534282
0.00929705
0.0108791
0.0117844
0.012295
0.0125326
0.0126289
0.0126608
0.0126192
0.0124228
0.0120926
0.0118259
0.0118564
0.0121377
0.0124554
0.0126563
0.0127616
0.012771
0.0126602
0.0123821
0.0118343
0.0109126
0.0093429
0.00539231
0.0058776
0.00546504
0.0054519
0.00545134
0.0054512
0.00545112
0.00545107
0.00545104
0.00545102
0.00545101
0.005451
0.005451
0.005451
0.005451
0.00545101
0.00545102
0.00545104
0.00545107
0.00545112
0.0054512
0.00545134
0.0054519
0.00546504
0.0058776
0.00587946
0.00546557
0.00545234
0.00545176
0.00545163
0.00545155
0.0054515
0.00545147
0.00545145
0.00545144
0.00545143
0.00545143
0.00545143
0.00545143
0.00545144
0.00545145
0.00545147
0.0054515
0.00545155
0.00545163
0.00545176
0.00545234
0.00546557
0.00587946
0.017832
0.0124074
0.00923888
0.00827022
0.00834713
0.00886557
0.00946858
0.00984166
0.0100869
0.0102578
0.0103688
0.0104071
0.010413
0.0103778
0.0102744
0.010109
0.00986449
0.0094903
0.0088837
0.00835722
0.00827458
0.00924165
0.0124111
0.0178348
0.00365361
0.00513862
0.00510298
0.00570032
0.00665163
0.00767439
0.00864812
0.00952399
0.010271
0.0108544
0.0112498
0.0114509
0.0114506
0.011249
0.0108532
0.0102694
0.00952215
0.00864623
0.00767258
0.00665007
0.00569918
0.00510212
0.0051377
0.00365418
0.00243735
0.00340477
0.00559818
0.00779346
0.00972047
0.0113093
0.012569
0.0135535
0.014308
0.0148774
0.0152757
0.0154868
0.0154854
0.0152715
0.0148704
0.0142983
0.013542
0.0125561
0.0112956
0.00970678
0.00778078
0.00558791
0.00339867
0.00243694
0.0048712
0.00517343
0.00468787
0.00478689
0.00542579
0.00640028
0.00760002
0.00895105
0.0102978
0.0113305
0.0114507
0.00881512
0.00884633
0.011409
0.0117686
0.0109481
0.00959053
0.00810094
0.00672194
0.00559843
0.00486417
0.00471458
0.00518054
0.00488714
0.00552448
0.00408715
0.00424821
0.00454086
0.00486969
0.00518788
0.00544495
0.00561814
0.00572044
0.00577847
0.00581528
0.00583244
0.00583211
0.00581449
0.00577743
0.00571925
0.00561677
0.00544333
0.00518607
0.00486794
0.00453941
0.00424715
0.00408645
0.00552342
0.00517475
0.00565869
0.00462349
0.00476351
0.00539125
0.00611738
0.00682656
0.00746984
0.00801554
0.00843623
0.00871641
0.00885569
0.00885553
0.00871592
0.00843546
0.00801453
0.00746867
0.0068253
0.00611612
0.00539011
0.00476266
0.00462286
0.00565773
0.00517498
0.00148089
0.00156996
0.00160083
0.0016716
0.00169058
0.00167157
0.00162646
0.00157068
0.00151019
0.00145262
0.00140543
0.00137563
0.00137544
0.00140497
0.00145203
0.00150957
0.0015701
0.00162601
0.00167132
0.00169058
0.00167179
0.00160124
0.00157052
0.00149085
0.00058373
0.000195087
0.000287638
0.000479681
0.000302365
7.85862e-05
0.000106045
0.00022573
0.000398729
0.000592301
0.000693644
0.000661593
0.000535212
0.000383056
0.000251295
0.000155425
9.25185e-05
5.41534e-05
3.47007e-05
6.61726e-05
0.000234863
0.000217672
0.000178539
0.00056583
0.00043873
0.000172641
0.000146208
0.000105263
6.10159e-05
3.69455e-05
3.30053e-05
6.53556e-05
0.00011698
0.000183406
0.000223463
0.000209892
0.000166077
0.000116765
7.52633e-05
4.55179e-05
2.66639e-05
1.68318e-05
1.63546e-05
5.06306e-05
9.37948e-05
0.000142465
0.000172673
0.000435644
0.00208154
0.00252484
0.00279214
0.00287958
0.00283858
0.00276914
0.00268737
0.00260329
0.00252032
0.00244388
0.00238025
0.0023388
0.00233855
0.0023798
0.00244335
0.00251979
0.00260283
0.00268703
0.00276899
0.00283868
0.00287988
0.00279278
0.00252603
0.00208479
0.00116752
0.00103638
0.00200969
0.00339339
0.0015365
0.000516315
0.000667237
0.00115581
0.00161731
0.00191916
0.0020289
0.00202842
0.00193528
0.00167119
0.00129835
0.000909398
0.000581012
0.000359546
0.000341613
0.00119731
0.00211023
0.00156074
0.000922722
0.00114836
0.00235149
0.00408246
0.00478558
0.00537019
0.00592501
0.00649002
0.00701838
0.00747272
0.00783851
0.00810191
0.00826075
0.00832158
0.00832116
0.00825966
0.00810034
0.00783659
0.00747062
0.00701638
0.00648824
0.0059236
0.00536915
0.00478489
0.00408192
0.00235158
0.00361307
0.00374337
0.0040886
0.00444586
0.00480646
0.00510414
0.00528282
0.00536108
0.00541001
0.00548514
0.0055891
0.00566731
0.00566661
0.0055875
0.00548327
0.0054084
0.00535989
0.00528178
0.00510293
0.00480507
0.00444456
0.00408756
0.0037426
0.00361259
0.00222543
0.00176653
0.00217379
0.00272782
0.0032841
0.00380674
0.00430109
0.00479278
0.00529633
0.00576821
0.00612432
0.00631182
0.00631363
0.00612869
0.00577412
0.00530187
0.00479666
0.00430371
0.00380896
0.00328629
0.00272978
0.00217492
0.00176631
0.00222485
0.000499414
0.000240102
0.000153113
0.00012003
0.00011491
0.000165694
0.00030875
0.000521594
0.000757506
0.000994256
0.00128416
0.00147355
0.00148698
0.00146521
0.00142103
0.0013552
0.0012801
0.00122176
0.00118752
0.00120054
0.00123637
0.0012105
0.00107582
0.00129507
0.000391804
0.000678302
0.000691067
0.000566752
0.000443452
0.000354112
0.000291866
0.000240461
0.000191208
0.000144062
0.000104
8.09367e-05
8.10768e-05
0.00010432
0.000144571
0.000191893
0.000241292
0.000292805
0.000355119
0.000444473
0.000567715
0.000691909
0.000678975
0.000392198
0.00322034
0.00612012
0.00917051
0.0122136
0.0150165
0.0174665
0.0195448
0.0212578
0.0226101
0.0236109
0.0242746
0.0246083
0.0246072
0.0242707
0.0236044
0.022601
0.0212464
0.0195317
0.0174524
0.0150024
0.0122006
0.00915996
0.00611334
0.00321789
0.000713023
0.00146488
0.00155668
0.00180553
0.00212374
0.00239557
0.00261529
0.00280194
0.00296176
0.00308557
0.00316654
0.00320348
0.0032035
0.00316654
0.00308544
0.00296142
0.00280138
0.00261453
0.00239468
0.00212277
0.00180463
0.00155591
0.00146396
0.000713114
0.00579408
0.00590229
0.00442005
0.00436607
0.00484677
0.0054339
0.00600331
0.00651428
0.00694328
0.0072708
0.00748732
0.0075943
0.00759416
0.00748689
0.00727011
0.00694239
0.00651324
0.00600219
0.00543277
0.00484574
0.00436535
0.00441959
0.00590142
0.00579419
0.00229256
0.00212839
0.00328376
0.00354491
0.00259402
0.00204144
0.00255604
0.00388611
0.00502787
0.00531032
0.00443751
0.00356193
0.00385471
0.004537
0.00515112
0.00559685
0.00588075
0.00618594
0.00635871
0.0059241
0.00479232
0.00335325
0.00219415
0.0023689
0.00176948
0.00253116
0.00200089
0.00204511
0.00220527
0.00229707
0.00237672
0.0025666
0.00291857
0.0032976
0.00359123
0.00367984
0.00357905
0.00335245
0.00300207
0.00267541
0.00243373
0.00232409
0.00227894
0.0021996
0.00204371
0.00199938
0.00252969
0.00177202
0.00369375
0.00608877
0.00422953
0.00359502
0.00376628
0.00418843
0.00458834
0.00489371
0.00510374
0.00523718
0.00531544
0.0053535
0.00535363
0.00531637
0.00523847
0.00510489
0.00489455
0.00458888
0.00418854
0.00376572
0.00359228
0.00422046
0.00606818
0.00370368
0.00298325
0.00479905
0.00516501
0.00591242
0.00684417
0.00778544
0.0086641
0.00944309
0.0100999
0.0106078
0.0109487
0.0111193
0.011119
0.0109478
0.0106063
0.010098
0.00944097
0.00866199
0.00778348
0.00684255
0.00591125
0.00516415
0.00479822
0.00298367
0.00306429
0.00327778
0.00322559
0.00400333
0.00518575
0.00634162
0.0072306
0.00798644
0.00884017
0.00982187
0.0107375
0.0113513
0.0114437
0.0110464
0.0103367
0.00936484
0.00822485
0.00701838
0.00580293
0.00465731
0.00366934
0.00307307
0.00323283
0.00306563
0.00243669
0.00248471
0.00396904
0.00521684
0.00621396
0.0070844
0.00786471
0.00856083
0.00915585
0.00962193
0.00993678
0.0100935
0.0100931
0.00993554
0.00961995
0.00915308
0.00855712
0.00786017
0.00707937
0.00620886
0.00521186
0.00396445
0.00247977
0.00243609
0.003835
0.00336839
0.00326759
0.00353217
0.00388572
0.00421735
0.00449425
0.00472402
0.00490434
0.00503454
0.00511462
0.00514873
0.00514858
0.00511419
0.00503393
0.00490358
0.00472319
0.00449338
0.0042165
0.00388497
0.00353151
0.00326691
0.00336757
0.00383508
0.00124981
0.00258079
0.00315736
0.00268404
0.00233583
0.00214777
0.00210357
0.00215067
0.00224648
0.00235566
0.00244829
0.00250192
0.00250184
0.00244813
0.00235545
0.00224615
0.00215021
0.00210317
0.00214783
0.00233627
0.00268184
0.00315117
0.00258089
0.00124814
0.000477455
0.000427132
0.000422836
0.000360151
0.000283853
0.000268583
0.00027423
8.52354e-05
6.67602e-05
8.65175e-05
0.000100571
9.65461e-05
8.06839e-05
6.27779e-05
4.89253e-05
4.57363e-05
7.70597e-05
0.000182834
0.000207141
0.000267998
0.000359104
0.000425026
0.000430184
0.000481218
0.00382298
0.0034365
0.00332954
0.00359945
0.00396489
0.00430947
0.00459904
0.00483997
0.00502952
0.00516674
0.00525145
0.00528772
0.00528756
0.00525101
0.00516611
0.00502874
0.00483911
0.00459814
0.0043086
0.00396412
0.00359878
0.00332885
0.00343567
0.00382305
0.00269326
0.00263462
0.00343968
0.00469519
0.00517973
0.00498645
0.0053263
0.00666828
0.00845365
0.00902078
0.00811386
0.00690617
0.00674849
0.00744315
0.0084177
0.00951332
0.0100689
0.00944171
0.0080768
0.00637642
0.00469598
0.00330637
0.00260565
0.00271754
0.00414696
0.00417405
0.004518
0.00491508
0.0053427
0.00572731
0.00599808
0.00615049
0.00623857
0.00631585
0.00640151
0.0064629
0.00646225
0.00640002
0.00631407
0.00623689
0.00614898
0.00599653
0.00572552
0.00534083
0.00491346
0.00451676
0.00417318
0.00414633
0.00226955
0.00228845
0.00266318
0.00313564
0.00358474
0.00398568
0.00433928
0.004649
0.00490911
0.00510943
0.00524164
0.00530589
0.00530589
0.00524165
0.00510947
0.00490903
0.00464862
0.00433851
0.00398454
0.0035833
0.00313392
0.0026613
0.0022872
0.00227045
0.0005002
0.000121986
0.000115938
0.000115415
5.80408e-05
3.16234e-05
6.12617e-05
0.000120653
0.000195233
0.000284189
0.000339241
0.000308863
0.000241332
0.000173246
0.000117645
7.64555e-05
4.72041e-05
2.75396e-05
1.61603e-05
1.95636e-05
7.53365e-05
9.73008e-05
0.000115587
0.000486279
0.00138802
0.0013829
0.00268011
0.00271362
0.000961229
0.000786974
0.00127691
0.00187568
0.0023127
0.00250545
0.00246334
0.00241831
0.00249531
0.00232695
0.00196738
0.00151796
0.0010919
0.000800156
0.000747647
0.00116076
0.00197054
0.00193988
0.00120847
0.00139109
0.000442629
0.000588568
0.000682791
0.00064657
0.000527673
0.000381177
0.000240414
0.000129183
7.21547e-05
0.000107395
0.000130126
0.000106774
9.7434e-05
0.00010015
7.30321e-05
6.91195e-05
0.000126542
0.000238253
0.000380079
0.0005275
0.00064713
0.000684182
0.000591779
0.000447416
0.00339628
0.00385796
0.00343568
0.00380159
0.00464492
0.00557935
0.00644358
0.00723838
0.00803633
0.00884829
0.00956962
0.0100328
0.0100922
0.00973803
0.00909282
0.00823218
0.0072522
0.00624639
0.00527546
0.00438439
0.00364485
0.00336593
0.00384114
0.00339987
0.00760367
0.00575361
0.00550597
0.00638794
0.00778594
0.00933858
0.0108072
0.0121173
0.0132051
0.0140246
0.0145696
0.0148374
0.0148369
0.014568
0.0140219
0.0132016
0.0121129
0.0108021
0.00933348
0.00778166
0.00638478
0.00550414
0.00575283
0.00760361
0.0145015
0.00503479
0.00387181
0.00389366
0.0039867
0.00404135
0.00406593
0.00407515
0.00407795
0.0040785
0.00407844
0.00407832
0.00407832
0.00407844
0.0040785
0.00407795
0.00407515
0.00406594
0.00404136
0.00398671
0.00389367
0.00387181
0.00503477
0.0145016
0.00201399
0.00221973
0.00414412
0.00592812
0.00752712
0.00893941
0.0101524
0.0111476
0.0119162
0.0124654
0.0128133
0.0129808
0.0129804
0.012812
0.0124634
0.011914
0.0111453
0.0101502
0.00893733
0.00752517
0.00592618
0.00414188
0.00221774
0.00201258
0.00613595
0.0065616
0.00427481
0.00375676
0.0040028
0.00443202
0.00486477
0.00525609
0.00558931
0.00585202
0.00603378
0.00612713
0.00612697
0.00603329
0.00585122
0.00558828
0.00525491
0.00486352
0.00443081
0.00400178
0.00375619
0.00427478
0.00656114
0.00613549
0.00468361
0.00531955
0.0039489
0.0036732
0.0039848
0.004434
0.0048547
0.00520847
0.00548959
0.00569867
0.00583688
0.00590559
0.00590555
0.0058368
0.00569855
0.00548945
0.00520832
0.00485454
0.00443383
0.00398456
0.00367268
0.00394748
0.00531677
0.00468502
0.00105691
0.000844324
0.00170653
0.000669765
0.000324778
0.000528496
0.000905883
0.00128863
0.00159953
0.00173549
0.0017041
0.00174838
0.00174661
0.00141558
0.000982612
0.000603128
0.000335061
0.000189998
0.000124703
0.000132143
0.000616175
0.00108345
0.000773587
0.00108366
0.000266093
0.000191826
0.00021122
0.00022686
0.000202594
0.000170493
0.000155993
0.000161528
0.000179356
0.000201383
0.000219847
0.000239584
0.000239758
0.000220188
0.000201727
0.000179648
0.00016177
0.000156204
0.000170627
0.000202649
0.000226857
0.000211285
0.000191957
0.000266304
0.00359068
0.004843
0.00376266
0.0035295
0.00387995
0.00437922
0.00486626
0.00529966
0.00566484
0.00595131
0.00613368
0.00621525
0.006188
0.00606441
0.0058482
0.00553404
0.00516736
0.00476178
0.00431534
0.00384676
0.00351324
0.00375272
0.00483948
0.00359699
0.00261236
0.00366736
0.00562722
0.00763652
0.00947797
0.0110897
0.0124665
0.0136229
0.01458
0.0153647
0.0159701
0.016343
0.0163414
0.0159652
0.0153565
0.014569
0.0136098
0.0124518
0.0110741
0.00946238
0.0076222
0.00561582
0.00366082
0.00261405
0.000761975
0.000958401
0.00132844
0.00158587
0.00180483
0.00195807
0.00207636
0.00219851
0.00232709
0.00244101
0.00252068
0.00256167
0.00256176
0.00252084
0.00244104
0.00232687
0.00219804
0.00207569
0.00195725
0.0018039
0.00158497
0.00132766
0.000957654
0.000761896
0.00110929
0.000905217
0.00138977
0.000435599
0.000393641
0.000686345
0.00105581
0.00142992
0.00167889
0.0016904
0.00161376
0.00171384
0.00182118
0.00148438
0.00101697
0.000591084
0.000297789
0.000157084
0.000114009
0.000151657
0.000493828
0.00107839
0.000908264
0.00122833
0.00091318
0.00171955
0.00206159
0.00230869
0.0026835
0.00312026
0.0035854
0.00404396
0.00441922
0.00463434
0.00471543
0.00471516
0.00471475
0.00471451
0.0046331
0.00441764
0.00404202
0.00358372
0.00311883
0.00268249
0.00230811
0.00206131
0.00171893
0.000913518
0.00366079
0.00442616
0.00450035
0.00503222
0.00568961
0.00630225
0.00683358
0.00729
0.00766375
0.0079467
0.00813389
0.0082212
0.00822099
0.00813328
0.0079458
0.00766259
0.00728869
0.00683223
0.00630094
0.00568843
0.0050313
0.00449951
0.00442521
0.0036608
0.00317233
0.00382543
0.00298162
0.00291647
0.00316253
0.00343627
0.00365003
0.0038046
0.00390864
0.00397365
0.00400867
0.00402256
0.00402252
0.00400857
0.00397355
0.00390859
0.00380464
0.00365016
0.00343651
0.00316277
0.00291626
0.00297974
0.00382117
0.00317849
0.000205068
9.04596e-05
8.97932e-05
0.000109849
0.000139537
0.000209393
0.000303234
0.00040745
0.000520837
0.000652134
0.000766228
0.0007647
0.000719622
0.000662608
0.000577459
0.000463669
0.000340205
0.000246223
0.000230821
0.000256913
0.00031511
0.000398606
0.000515467
0.00090019
0.004361
0.00343568
0.00445835
0.00561964
0.00670611
0.00767163
0.0084837
0.00911884
0.00958267
0.00989552
0.0100855
0.0101683
0.010168
0.0100848
0.00989447
0.00958122
0.00911688
0.00848114
0.00766859
0.0067029
0.00561666
0.0044558
0.00343364
0.00435967
0.000870829
0.00177513
0.00208407
0.00216925
0.00211634
0.00201804
0.00190216
0.00178329
0.00166835
0.00156528
0.00148406
0.00143383
0.0014335
0.00148331
0.00156433
0.00166736
0.00178238
0.00190147
0.00201766
0.00211637
0.00216967
0.00208548
0.00177893
0.000881154
0.00350367
0.00274246
0.00284716
0.00307996
0.00330287
0.00349641
0.00365049
0.00377665
0.00387125
0.00393454
0.00396772
0.00397634
0.00397616
0.00396727
0.00393391
0.00387051
0.00377583
0.00364966
0.00349561
0.00330216
0.00307936
0.00284661
0.00274193
0.00350376
0.000228225
0.000134086
0.000120503
0.00012224
0.000164233
0.000245733
0.000344636
0.000445638
0.000553269
0.000690204
0.00083713
0.0008618
0.000838685
0.000824363
0.00079942
0.000756317
0.000702162
0.000649107
0.000614441
0.000606518
0.000615128
0.000644369
0.000686472
0.000911775
0.00220575
0.00205442
0.00341536
0.00461142
0.00564542
0.00656264
0.00738709
0.00812716
0.00877055
0.00928419
0.00963432
0.00980899
0.00980913
0.00963459
0.00928453
0.00877058
0.00812649
0.00738584
0.00656125
0.0056442
0.00461043
0.0034142
0.00205286
0.00220546
0.00348985
0.00454936
0.00441456
0.00485331
0.00572915
0.00687665
0.00819959
0.00950377
0.0103834
0.0104134
0.00915714
0.00648203
0.00663261
0.00945893
0.0110764
0.0113928
0.0106042
0.00913757
0.00750844
0.00606758
0.00500336
0.00447406
0.00456666
0.00351203
0.0048443
0.00624279
0.00430288
0.00361742
0.00375416
0.00417484
0.00461335
0.00498775
0.00528244
0.00549963
0.00564273
0.00571409
0.00571404
0.00564264
0.00549952
0.0052823
0.00498757
0.00461314
0.00417459
0.00375376
0.0036163
0.00429942
0.00623563
0.00484901
0.00128412
0.00115514
0.0017591
0.00322329
0.00508649
0.00345381
0.00134743
0.00126743
0.00165536
0.002053
0.00228193
0.00232078
0.00220502
0.0019514
0.00159637
0.0012323
0.00104022
0.00147299
0.00295257
0.00324992
0.00235836
0.00147887
0.00108128
0.00127289
0.00897273
0.00635285
0.0042332
0.00394418
0.00423013
0.00460655
0.00496138
0.00527886
0.00555084
0.00576662
0.00590785
0.00597728
0.00597716
0.00590747
0.00576601
0.00555006
0.00527797
0.0049604
0.00460557
0.00422927
0.00394374
0.00423336
0.0063527
0.00897269
0.00395806
0.0036759
0.00411304
0.00497267
0.00608821
0.00715348
0.00801028
0.00860989
0.00897693
0.00917407
0.00926664
0.00930097
0.0093004
0.00926498
0.00917171
0.00897452
0.00860844
0.00801083
0.0071566
0.00609366
0.00497854
0.00411489
0.00367193
0.00395536
0.00291081
0.00396093
0.00599482
0.00803898
0.00982819
0.011295
0.0124682
0.0134086
0.014159
0.0147355
0.015134
0.0153412
0.0153407
0.0151322
0.0147322
0.0141542
0.0134023
0.0124606
0.0112865
0.00981901
0.00802969
0.00598629
0.00395477
0.00290914
0.00358706
0.00404822
0.00378461
0.00424692
0.00519549
0.00639077
0.00782279
0.00950405
0.0112303
0.0125528
0.0128503
0.0116202
0.0115502
0.0125877
0.0129572
0.0122311
0.0106001
0.00867511
0.00687775
0.00540379
0.00431747
0.00380237
0.00404908
0.0035968
0.00325285
0.00475765
0.00350277
0.00327311
0.00354725
0.00390959
0.00421288
0.00444049
0.00460252
0.00471179
0.00477885
0.00481074
0.00481081
0.00477909
0.00471219
0.00460307
0.00444118
0.0042137
0.00391054
0.00354805
0.00327296
0.00349948
0.00474951
0.0032643
0.00507542
0.00644491
0.00440888
0.00366156
0.00376997
0.00419181
0.00464361
0.00502978
0.00533029
0.00554695
0.00568689
0.00575569
0.00575561
0.00568671
0.00554667
0.00532991
0.00502932
0.0046431
0.0041913
0.00376939
0.00366027
0.00440504
0.00643943
0.00507915
0.00835095
0.00676212
0.0043393
0.00393831
0.00422278
0.00464744
0.00507394
0.00547065
0.00582358
0.0061178
0.00633148
0.00644562
0.00644541
0.00633084
0.00611678
0.00582229
0.00546922
0.00507247
0.00464605
0.00422165
0.00393787
0.00433991
0.00676238
0.00834988
0.00180919
0.00353143
0.00254346
0.00251732
0.00274804
0.00291698
0.00298601
0.0029814
0.00292593
0.00283477
0.002745
0.0027016
0.00269901
0.00274187
0.00282935
0.00292196
0.00297847
0.00298398
0.0029159
0.00274776
0.00251712
0.00253991
0.00352083
0.00181427
0.00255692
0.0027211
0.00389319
0.00543729
0.00689861
0.00809263
0.00901816
0.00974034
0.010315
0.010765
0.0110842
0.0112553
0.0112548
0.0110826
0.010762
0.0103105
0.0097345
0.00901129
0.0080851
0.00689083
0.00542983
0.00388694
0.00271721
0.00255555
0.0012366
0.00110623
0.00154621
0.00274794
0.0044399
0.00308588
0.00105879
0.000976706
0.00134648
0.00173348
0.00196366
0.00200342
0.00187708
0.00161246
0.00126439
0.000917178
0.000688237
0.0009431
0.00245178
0.00287675
0.00207799
0.00134818
0.00105424
0.00122678
0.0019296
0.00254617
0.00323457
0.00436548
0.00544505
0.00629903
0.00696284
0.00750077
0.00794374
0.00828937
0.00852625
0.00864647
0.00864625
0.0085254
0.00828772
0.00794117
0.00749729
0.00695857
0.00629418
0.00543988
0.00436043
0.00323037
0.00254369
0.00192848
0.00409533
0.00587934
0.00854742
0.0109746
0.0131193
0.0149465
0.0164652
0.0176856
0.0186294
0.0193185
0.0197715
0.0199978
0.0199973
0.0197697
0.0193153
0.0186249
0.0176798
0.0164583
0.0149387
0.0131111
0.0109665
0.00854003
0.00587303
0.00409147
0.00432257
0.00593179
0.00420513
0.00361818
0.00380795
0.00424088
0.00467028
0.00502851
0.00530597
0.00550554
0.00563364
0.00569652
0.00569653
0.00563375
0.00550577
0.0053063
0.00502893
0.00467076
0.00424133
0.00380814
0.0036172
0.00420081
0.0059229
0.00432984
0.00831072
0.00616517
0.00431445
0.00410956
0.00444724
0.00488476
0.00531128
0.00570823
0.00605295
0.00630798
0.00646903
0.00654636
0.00654623
0.00646862
0.00630734
0.00605212
0.00570726
0.00531021
0.00488369
0.0044463
0.00410901
0.00431439
0.0061648
0.00831086
0.00483861
0.00643414
0.0044019
0.00364116
0.0037416
0.00415697
0.00460163
0.00498043
0.00527439
0.00548618
0.00562294
0.00569023
0.00569017
0.00562282
0.00548602
0.00527418
0.00498017
0.00460135
0.00415668
0.00374116
0.00363975
0.00439725
0.00642699
0.00484437
0.00462014
0.00501068
0.00407685
0.00419858
0.00472849
0.00530674
0.00583197
0.00628189
0.00664943
0.00692843
0.00711515
0.00720815
0.00720806
0.0071149
0.00692804
0.00664893
0.00628133
0.00583137
0.00530613
0.00472791
0.00419802
0.00407612
0.00500942
0.00462027
0.00504412
0.00462226
0.0048467
0.00517647
0.00554421
0.00589376
0.00616894
0.00635252
0.00646594
0.00654053
0.00659767
0.00663262
0.0066322
0.00659669
0.00653926
0.00646455
0.006351
0.00616721
0.00589182
0.0055423
0.00517484
0.00484547
0.00462137
0.0050432
0.002904
0.00253807
0.00319882
0.0038815
0.00448451
0.00501551
0.00548959
0.00591117
0.00627241
0.00655651
0.00674878
0.00684435
0.00684428
0.00674852
0.00655601
0.00627149
0.00590961
0.00548736
0.00501275
0.00448138
0.00387806
0.0031951
0.00253449
0.00290395
0.000271692
0.000379157
0.000285127
0.000115222
2.34501e-05
1.00104e-05
3.35989e-05
7.00545e-05
9.93239e-05
0.000117201
0.000117041
0.000102964
8.12428e-05
5.71095e-05
3.47048e-05
1.74132e-05
7.48537e-06
4.87899e-06
8.14482e-06
3.08135e-05
0.000122779
0.000289391
0.000380578
0.000269835
0.00496686
0.00560183
0.00457145
0.00474734
0.00540335
0.00614522
0.00686606
0.00751975
0.00807472
0.0085041
0.00879292
0.00893823
0.00893808
0.00879248
0.00850337
0.00807377
0.00751865
0.00686488
0.00614403
0.00540227
0.00474652
0.00457079
0.00560083
0.00496708
0.00318659
0.00546296
0.00632409
0.00758523
0.00912829
0.0107328
0.012234
0.0135311
0.0145965
0.0153867
0.0158867
0.0161281
0.0161277
0.0158857
0.015385
0.014594
0.0135279
0.0122305
0.0107295
0.00912595
0.00758396
0.00632374
0.00546286
0.00318816
0.001334
0.00199269
0.00207326
0.00225461
0.00250519
0.00276725
0.00301209
0.00322657
0.00340139
0.00352845
0.00360512
0.00363868
0.00363879
0.00360554
0.00352934
0.00340266
0.00322798
0.00301344
0.00276837
0.00250595
0.00225494
0.00207344
0.00199375
0.0013355
0.000310736
0.000318134
0.000331291
0.000355534
0.000393656
0.000444615
0.000502058
0.000552959
0.000588033
0.000661179
0.000809014
0.000806222
0.000785631
0.000795935
0.000814687
0.000832594
0.000842006
0.000848789
0.00085524
0.000860694
0.000861219
0.000849749
0.000815644
0.000815606
0.00370746
0.00472556
0.00354889
0.00333679
0.00361387
0.00398523
0.00430936
0.00456472
0.00475523
0.00488907
0.00497393
0.00501491
0.00501493
0.00497401
0.00488922
0.00475548
0.00456506
0.00430978
0.00398568
0.00361422
0.00333645
0.00354643
0.0047202
0.00371347
0.00157865
0.00122856
0.00106035
0.000546904
0.000351034
0.000326639
0.000553281
0.00101424
0.00163867
0.00193635
0.0017988
0.00210806
0.00254611
0.00250378
0.00227871
0.00197204
0.00162987
0.00147522
0.00170981
0.00251879
0.00334226
0.0029514
0.00171767
0.00193329
0.00422506
0.00551614
0.00406022
0.00352162
0.00368142
0.00408364
0.00448439
0.0048099
0.00505597
0.00523672
0.00536055
0.00542801
0.00542593
0.00535759
0.00523406
0.00505336
0.00480802
0.00448448
0.00408544
0.00368309
0.0035196
0.00405011
0.00550259
0.00422475
0.000493722
0.000198352
0.000116745
9.15606e-05
8.39354e-05
0.000105698
0.000229095
0.000453404
0.000716253
0.000967618
0.00122495
0.0013932
0.00137637
0.00128257
0.00114253
0.000982199
0.000839011
0.000754558
0.000748279
0.00083571
0.000980429
0.00107378
0.000988966
0.00130166
0.00550962
0.00631346
0.00433189
0.00369146
0.00386604
0.00431627
0.00478494
0.0051905
0.00551434
0.00575493
0.00591415
0.00599358
0.00599346
0.0059138
0.00575436
0.00551356
0.00518954
0.00478385
0.00431516
0.0038651
0.00369072
0.00433067
0.00631062
0.00551093
0.00149637
0.00185262
0.00160843
0.00175606
0.00206668
0.00260324
0.00353009
0.00447926
0.00440931
0.00377077
0.00312777
0.002702
0.00251393
0.00257932
0.00296982
0.0033086
0.00326613
0.00277653
0.00228918
0.00196588
0.00173017
0.00160239
0.0018516
0.00149826
0.0112533
0.00594316
0.00416257
0.0040429
0.00438873
0.0047802
0.00513932
0.00546564
0.00576071
0.00601292
0.00617674
0.00624384
0.00624369
0.00617629
0.00601223
0.00575985
0.00546465
0.00513826
0.00477916
0.0043878
0.00404226
0.00416241
0.00594323
0.0112533
0.00242718
0.00239091
0.00346673
0.00466411
0.00433488
0.00348469
0.00359586
0.00474138
0.0062162
0.00685424
0.00634382
0.00549153
0.00546079
0.00596346
0.00652457
0.00698269
0.00733022
0.00740263
0.00688716
0.00584411
0.00448755
0.00314799
0.00229708
0.00244893
0.00183726
0.00170035
0.00197085
0.00205823
0.00195463
0.00182627
0.00176569
0.00181287
0.00203615
0.00222953
0.00234761
0.00293581
0.0035734
0.0038822
0.00399875
0.00410537
0.00425314
0.004391
0.00438599
0.00415675
0.00362588
0.00282744
0.00208927
0.00197369
0.00588785
0.00685329
0.00507198
0.00490961
0.00559593
0.0065833
0.00761892
0.00858897
0.00943108
0.0101027
0.0105713
0.0108125
0.010812
0.0105696
0.0100999
0.00942729
0.00858445
0.00761412
0.00657886
0.00559272
0.00490852
0.00507312
0.00685455
0.00588566
0.00222701
0.00625869
0.0101623
0.0134007
0.0160187
0.0181033
0.0197189
0.0209665
0.0219211
0.022631
0.023126
0.0233835
0.0233818
0.023121
0.0226229
0.0219102
0.0209533
0.0197042
0.0180881
0.0160042
0.0133875
0.0101519
0.00625036
0.00222194
0.00171478
0.00170898
0.00260758
0.00454984
0.00674825
0.0038464
0.00237434
0.00238121
0.00286856
0.0033373
0.0035765
0.00360973
0.00354543
0.00336921
0.003056
0.00269693
0.00251561
0.00300044
0.00439592
0.00445048
0.003244
0.00210373
0.0015569
0.00170198
0.00204654
0.00239554
0.00302337
0.00410399
0.00515815
0.00598518
0.00662132
0.00713272
0.00755389
0.00788417
0.008112
0.00822851
0.00822831
0.00811123
0.00788264
0.00755147
0.00712943
0.0066173
0.00598062
0.00515333
0.00409933
0.00301953
0.00239324
0.00204554
0.00252278
0.00193588
0.00184898
0.00193792
0.00201992
0.00206806
0.00208369
0.00208206
0.00206717
0.00204562
0.00202265
0.00200562
0.00200548
0.00202233
0.00204522
0.00206674
0.00208165
0.00208335
0.0020678
0.00201977
0.00193782
0.00184878
0.00193505
0.00252702
0.00357985
0.00392815
0.00401204
0.00445128
0.00497497
0.00546547
0.00589091
0.00625533
0.00655016
0.00676897
0.00690843
0.00697067
0.00697044
0.0069078
0.00676806
0.00654903
0.00625407
0.00588961
0.00546422
0.00497386
0.00445039
0.00401123
0.00392728
0.00357986
0.00652337
0.00680214
0.00433504
0.00376684
0.00400041
0.00443067
0.00487357
0.00528292
0.00564007
0.00592879
0.00613309
0.00623976
0.00623955
0.00613246
0.00592777
0.00563876
0.00528144
0.00487203
0.00442921
0.00399922
0.00376628
0.00433531
0.00680206
0.00652244
0.000575536
0.00020118
0.000291029
0.00049652
0.000451692
8.15439e-05
9.80982e-05
0.000208932
0.00037491
0.000563036
0.000663564
0.000636251
0.000519533
0.000376452
0.000250307
0.000156949
9.48976e-05
5.70111e-05
4.12632e-05
0.000117416
0.000269506
0.000225742
0.000185199
0.00055916
0.010698
0.00640585
0.00417344
0.00389029
0.00414508
0.00446826
0.00476132
0.00501245
0.00522269
0.00539122
0.0055059
0.00556639
0.00556628
0.00550558
0.0053907
0.00522203
0.00501169
0.0047605
0.00446743
0.00414436
0.00388995
0.00417378
0.00640612
0.0106978
0.00568135
0.00635854
0.00445874
0.00387567
0.00409932
0.00460498
0.00512638
0.00557201
0.00592149
0.00617627
0.00634216
0.00642401
0.00642391
0.00634184
0.0061757
0.00592069
0.005571
0.00512523
0.00460383
0.00409835
0.00387493
0.00445752
0.00635694
0.00568222
0.00574775
0.00482354
0.00501557
0.0053426
0.00567683
0.0059843
0.00623874
0.0064282
0.00655744
0.00663893
0.00668657
0.00670647
0.00670628
0.0066861
0.00663824
0.00655656
0.00642711
0.00623743
0.00598284
0.00567542
0.00534144
0.00501476
0.00482309
0.00574702
0.00516055
0.00611741
0.00424385
0.00363589
0.00381488
0.00425001
0.00469621
0.0050808
0.00538857
0.00561834
0.00577116
0.00584769
0.00584761
0.00577096
0.00561803
0.00538816
0.00508029
0.00469562
0.0042494
0.00381426
0.00363509
0.00424198
0.00611353
0.0051624
0.0103557
0.005845
0.0042725
0.00422932
0.00465122
0.00513296
0.00559505
0.00603218
0.0064316
0.00676369
0.00695743
0.00704293
0.00704275
0.0069569
0.00676287
0.00643054
0.00603098
0.00559379
0.00513171
0.0046501
0.00422853
0.00427221
0.00584489
0.0103558
0.00232267
0.00236143
0.002692
0.00280638
0.00282066
0.0028476
0.00287227
0.00289177
0.00289829
0.00288964
0.00286919
0.00284264
0.00284241
0.00286869
0.00288898
0.00289752
0.00289096
0.00287148
0.00284689
0.00282007
0.00280591
0.00269168
0.00236126
0.00232264
0.00135199
0.00132473
0.00255919
0.00285461
0.000884239
0.000640291
0.00108866
0.00166428
0.00211205
0.00233975
0.0023391
0.00230815
0.00233397
0.00211342
0.00171939
0.00126765
0.000863841
0.000584572
0.000463611
0.000879835
0.00187238
0.00186704
0.00115593
0.00134748
0.000460111
0.000109375
7.70579e-05
3.59215e-05
3.73501e-05
8.68432e-05
0.000176553
0.000278227
0.000391844
0.000502084
0.000563251
0.000458569
0.000326487
0.000218027
0.000142641
9.4446e-05
6.35626e-05
4.17402e-05
2.52281e-05
1.50412e-05
1.85026e-05
6.58672e-05
0.000101576
0.00053604
0.00475138
0.00360105
0.00437889
0.00528533
0.00623875
0.007128
0.00782158
0.00826932
0.00851779
0.00864578
0.00871868
0.00874312
0.00874231
0.00871669
0.00864316
0.00851482
0.00826593
0.00781753
0.00712339
0.00623434
0.0052819
0.00437678
0.00360023
0.00474994
0.000862213
0.00123011
0.00143022
0.00148591
0.00147034
0.00137574
0.00132433
0.00133217
0.00137191
0.00141616
0.00144762
0.00146191
0.00146197
0.00144781
0.00141649
0.00137232
0.00133265
0.001325
0.00137694
0.00147248
0.00148908
0.00143324
0.00123259
0.000863281
0.00610818
0.006548
0.004263
0.00373286
0.0039718
0.00439772
0.00482796
0.00521658
0.00554694
0.00580703
0.00598684
0.00607914
0.00607898
0.00598635
0.00580624
0.00554593
0.00521541
0.00482673
0.00439652
0.00397078
0.00373229
0.00426295
0.00654749
0.00610774
0.00143641
0.00136026
0.00145664
0.00148376
0.00146951
0.00147525
0.00147109
0.00148662
0.00154332
0.00160594
0.00178419
0.00232337
0.00252077
0.00278314
0.00303754
0.00326791
0.00339689
0.00342386
0.00336196
0.00318097
0.00286134
0.00236959
0.00181689
0.00158762
0.00317622
0.00506893
0.00767199
0.0104085
0.0130437
0.0154289
0.0174684
0.0191368
0.0204235
0.0213487
0.0219487
0.022244
0.022243
0.0219455
0.0213433
0.020416
0.0191272
0.0174571
0.0154165
0.0130314
0.0103975
0.00766353
0.00506521
0.003175
0.0031713
0.00602553
0.00908946
0.0122066
0.0150988
0.0176568
0.0198774
0.0217674
0.0233117
0.0244936
0.0252995
0.0257135
0.0257123
0.0252951
0.024486
0.0233012
0.0217542
0.0198622
0.0176406
0.0150826
0.0121916
0.00907734
0.00601771
0.003169
4.53017e-05
5.13822e-05
8.72534e-05
0.000117712
0.000150691
0.000196052
0.000259994
0.000338526
0.000419595
0.000476577
0.000462347
0.000322951
0.000193712
0.000127214
9.65514e-05
8.92441e-05
8.39566e-05
7.42138e-05
5.9467e-05
4.36362e-05
3.70357e-05
6.2506e-05
0.000153964
0.000559939
0.00355172
0.00500509
0.00629238
0.00760487
0.00894702
0.0100731
0.0108412
0.0113358
0.0117308
0.0121083
0.0124519
0.0126695
0.0126681
0.0124484
0.0121038
0.0117266
0.0113322
0.010838
0.0100696
0.00894316
0.00760148
0.00629009
0.00500374
0.00355137
0.00306842
0.00622312
0.00971036
0.0127396
0.0153153
0.0174675
0.0192277
0.0206567
0.0218013
0.0226719
0.0232651
0.0235708
0.0235703
0.0232637
0.0226692
0.0217974
0.0206515
0.0192211
0.0174596
0.0153062
0.0127301
0.00970093
0.00621469
0.00306377
0.00291417
0.00389096
0.00293501
0.00285636
0.00310033
0.00336774
0.00357842
0.00373038
0.00383333
0.00389894
0.00393605
0.0039521
0.00395213
0.00393614
0.00389911
0.00383357
0.00373072
0.00357885
0.00336822
0.00310083
0.0028563
0.00293272
0.00388522
0.00292306
0.00251436
0.00359195
0.00575185
0.00791877
0.00978772
0.0113241
0.0125256
0.0134516
0.0141657
0.0147051
0.0150794
0.0152781
0.0152769
0.0150757
0.014699
0.0141572
0.013441
0.0125134
0.011311
0.00977441
0.00790615
0.00574124
0.00358537
0.00251333
0.0037326
0.00591618
0.00417642
0.00359788
0.00379561
0.00422756
0.00464261
0.00497528
0.00522144
0.00539066
0.00549537
0.00554582
0.00554585
0.00549557
0.00539103
0.00522198
0.00497598
0.00464346
0.00422842
0.00379614
0.00359685
0.00417091
0.00590249
0.00374825
0.00322332
0.00564495
0.00398551
0.00353851
0.00379323
0.00420752
0.00455876
0.00480635
0.00496276
0.00505436
0.00510498
0.00513095
0.00513097
0.00510601
0.0050556
0.00496366
0.00480688
0.00455912
0.0042077
0.00379311
0.00353685
0.00397858
0.00562654
0.00323484
0.00495798
0.0052555
0.00643098
0.00833772
0.0105463
0.0127229
0.0145868
0.0162337
0.0176257
0.0187012
0.0194407
0.019818
0.0198173
0.0194382
0.0186969
0.0176199
0.0162266
0.014579
0.0127143
0.0105373
0.00833062
0.00642663
0.00525352
0.00495737
0.00749617
0.00633255
0.00430139
0.00401953
0.00433817
0.00477061
0.00519183
0.0055777
0.00590915
0.00616028
0.00632625
0.00640864
0.0064085
0.00632582
0.0061596
0.00590827
0.00557668
0.00519073
0.00476952
0.00433721
0.004019
0.00430141
0.00633211
0.00749608
0.000671565
0.000762627
0.00118454
0.00141787
0.00157106
0.00165481
0.00171796
0.00180515
0.00191536
0.0020213
0.00209757
0.00213998
0.00214012
0.00209785
0.00202145
0.00191526
0.00180478
0.0017174
0.00165409
0.00157021
0.00141702
0.0011838
0.000762167
0.000671558
0.00312124
0.00399319
0.00327405
0.00333202
0.00383655
0.00448492
0.00519348
0.00585242
0.00636655
0.00671724
0.00689205
0.00692433
0.00685336
0.00668857
0.0063954
0.00594791
0.00541245
0.00483949
0.00427236
0.00373402
0.00328882
0.00325732
0.00399115
0.00312927
0.003228
0.00493378
0.00368851
0.00343361
0.00373997
0.00412815
0.00443543
0.00464769
0.00480154
0.00493143
0.0050456
0.00512133
0.00510573
0.00502152
0.00490924
0.00478469
0.00463603
0.00442735
0.00412272
0.00373564
0.00342955
0.00368178
0.00492416
0.00323272
0.000241745
0.000131779
7.28714e-05
1.99779e-05
2.26512e-05
5.63904e-05
0.000109534
0.000171925
0.000225498
0.000275621
0.000290489
0.000256229
0.000208776
0.000163584
0.000123933
8.88272e-05
5.73444e-05
3.00006e-05
1.25986e-05
1.16377e-05
3.04937e-05
8.42629e-05
0.000158186
0.000314557
0.00300728
0.00330835
0.00318303
0.00388392
0.00502728
0.00616788
0.00700463
0.00766233
0.00834833
0.00910324
0.00976605
0.0101826
0.0102252
0.00992673
0.00940032
0.00862513
0.00766418
0.00661093
0.00551483
0.00445814
0.00355313
0.00304098
0.00326969
0.00301288
0.00600148
0.00656473
0.00429488
0.0037222
0.0039568
0.00440977
0.00487592
0.00529825
0.00565651
0.00593782
0.00613202
0.00623155
0.00623136
0.00613144
0.00593688
0.00565528
0.00529681
0.00487437
0.00440828
0.00395558
0.00372159
0.0042949
0.00656422
0.00600104
0.00239883
0.00599136
0.00977902
0.0129985
0.0156629
0.0178345
0.0195799
0.0209547
0.0220204
0.022818
0.0233634
0.0236446
0.0236435
0.0233603
0.0228128
0.0220132
0.0209459
0.0195696
0.0178227
0.0156503
0.012986
0.00976738
0.00598153
0.00239405
0.00328985
0.00454148
0.0067939
0.00892119
0.0108062
0.0124315
0.0138382
0.0150597
0.0161059
0.0169635
0.0175435
0.0178347
0.0178327
0.0175376
0.016954
0.0160932
0.0150446
0.0138212
0.0124133
0.010788
0.00890435
0.00677957
0.00453274
0.0032911
0.00349225
0.00456563
0.00662571
0.00861521
0.0103857
0.0119208
0.0132509
0.0144009
0.0153779
0.0161838
0.016768
0.0170549
0.017053
0.0167625
0.016175
0.0153661
0.0143868
0.013235
0.0119037
0.0103681
0.00859859
0.00661156
0.00455652
0.00349297
6.17575e-05
5.22555e-05
8.67786e-05
0.000124611
0.000175915
0.000244336
0.00032845
0.000424106
0.000524881
0.000606229
0.000626747
0.000515333
0.000338892
0.00021096
0.000137834
0.000103625
8.3068e-05
6.40889e-05
4.69718e-05
3.62032e-05
3.77655e-05
7.12306e-05
0.000189824
0.00074442
0.00385513
0.00529105
0.00398423
0.00354271
0.00376804
0.00419243
0.00458781
0.00490307
0.00514353
0.00532451
0.00545185
0.00552031
0.00551155
0.00543526
0.00530597
0.0051263
0.00488964
0.00457945
0.00418807
0.00376536
0.00353883
0.00397577
0.0052837
0.00385742
0.000413522
0.000307668
0.000294834
0.000307458
0.00032463
0.000339065
0.000347343
0.000346821
0.000350982
0.000404203
0.000441167
0.000416856
0.000418326
0.000437713
0.000458041
0.000473969
0.000484678
0.000492408
0.000500458
0.000510977
0.000519446
0.000527149
0.000542099
0.000641663
0.00612537
0.00670313
0.00435053
0.00374428
0.00397664
0.00444534
0.00493543
0.00538465
0.00576937
0.00607402
0.00628577
0.00639479
0.00639456
0.00628508
0.00607288
0.00576787
0.00538289
0.00493356
0.00444356
0.00397522
0.00374363
0.00435074
0.00670288
0.00612464
0.00180877
0.00156253
0.00184857
0.00218355
0.00242918
0.00258709
0.00271188
0.00284564
0.00298727
0.00311723
0.00321544
0.00327595
0.00327596
0.00321547
0.00311704
0.0029867
0.00284463
0.00271041
0.00258526
0.00242717
0.00218168
0.0018472
0.0015617
0.00180812
0.0042022
0.00458851
0.00395109
0.0039465
0.00447245
0.00531222
0.00635677
0.00756723
0.00886276
0.0100556
0.0108479
0.0108589
0.0108813
0.0109336
0.0104149
0.0093766
0.00806485
0.00673386
0.00554082
0.00458639
0.00399289
0.00396181
0.00458476
0.00421305
0.00334744
0.00541885
0.00680724
0.00821937
0.00957753
0.010634
0.0112947
0.0117553
0.0122286
0.0127524
0.0132401
0.0135423
0.0135407
0.0132361
0.0127473
0.0122238
0.0117516
0.0112921
0.0106316
0.0095747
0.00821658
0.00680546
0.0054178
0.0033471
0.00487692
0.0062042
0.00429083
0.00362665
0.00377581
0.00420161
0.00464341
0.00502194
0.00532159
0.00554314
0.00568962
0.00576282
0.00576276
0.00568951
0.00554298
0.00532138
0.00502168
0.00464311
0.00420127
0.00377536
0.00362563
0.00428783
0.00619807
0.00488111
0.00930006
0.00608151
0.00427424
0.00410942
0.00445106
0.00487271
0.00528091
0.0056607
0.00599318
0.00625547
0.00641642
0.00649107
0.00649093
0.006416
0.00625481
0.00599233
0.00565972
0.00527982
0.00487165
0.00445013
0.00410884
0.00427417
0.00608133
0.00930026
0.00635094
0.00669009
0.00431078
0.00377205
0.0040128
0.00444057
0.00487527
0.00527232
0.00561436
0.00588716
0.00607787
0.00617658
0.00617639
0.00607731
0.00588626
0.0056132
0.005271
0.00487389
0.00443925
0.0040117
0.00377149
0.0043109
0.00668983
0.00635026
0.00553475
0.00628992
0.00430048
0.00366461
0.00384159
0.00428732
0.0047507
0.00515414
0.00547918
0.00572277
0.00588512
0.0059665
0.00596637
0.00588476
0.00572218
0.00547839
0.00515316
0.0047496
0.00428621
0.00384064
0.00366389
0.00429941
0.00628731
0.00553585
0.00246478
0.00677301
0.0107377
0.0140817
0.0168579
0.0191122
0.0209014
0.0223146
0.0234199
0.0242643
0.0248484
0.0251527
0.0251514
0.0248446
0.0242578
0.023411
0.0223037
0.0208892
0.0190998
0.016846
0.0140711
0.0107291
0.00676601
0.00246017
0.0105371
0.00537903
0.00420042
0.00438775
0.00495374
0.00555251
0.00612228
0.00666078
0.0071566
0.00757098
0.00782962
0.00794679
0.0079465
0.0078288
0.00756973
0.00715505
0.00665905
0.00612049
0.00555075
0.00495216
0.00438653
0.0041997
0.00537885
0.0105372
0.00299327
0.00457225
0.00687177
0.00905466
0.0109674
0.012562
0.0138582
0.0149041
0.0157349
0.016366
0.0167967
0.0170178
0.0170174
0.0167951
0.0163631
0.0157307
0.0148986
0.0138515
0.0125544
0.0109591
0.00904616
0.00686374
0.00456588
0.00299082
0.0023287
0.00205506
0.00180105
0.00197899
0.00228135
0.00257159
0.00282012
0.00302275
0.00317972
0.00329013
0.00335789
0.00338625
0.00338622
0.00335779
0.00328994
0.00317938
0.00302224
0.00281942
0.00257077
0.00228051
0.00197826
0.00180057
0.00205474
0.00232832
0.00417082
0.00520694
0.00516721
0.00577223
0.00681095
0.00796642
0.00909176
0.0101243
0.0110254
0.0117375
0.0122185
0.0124607
0.0124603
0.0122175
0.0117358
0.0110233
0.0101218
0.0090893
0.00796408
0.006809
0.00577089
0.00516638
0.00520618
0.00417151
0.002746
0.0022217
0.00310021
0.00441406
0.0058215
0.00714599
0.00828999
0.00920535
0.009886
0.0103521
0.0106369
0.0107714
0.0107715
0.0106372
0.0103528
0.00988753
0.0092081
0.00829417
0.00715159
0.00582814
0.00442069
0.00310462
0.00222126
0.00274224
0.00611385
0.00682267
0.00458527
0.00404745
0.00438857
0.00501455
0.00567826
0.0062923
0.0068191
0.00723557
0.00752434
0.00767256
0.00767222
0.0075233
0.00723385
0.00681676
0.00628952
0.00567529
0.00501174
0.00438646
0.00404669
0.00458592
0.00682306
0.00611256
0.00391147
0.00413482
0.00565987
0.00723129
0.00865533
0.00988332
0.0109116
0.011736
0.0123653
0.012813
0.013098
0.0132331
0.013233
0.0130974
0.012812
0.0123638
0.0117338
0.0109087
0.00987976
0.00865139
0.00722734
0.00565615
0.00413173
0.0039098
0.000835569
0.000775334
0.000781919
0.000807488
0.000841839
0.00088123
0.000913892
0.000929913
0.000933514
0.000948873
0.00115044
0.00126694
0.00126663
0.00130253
0.00133119
0.0013467
0.00134692
0.0013328
0.00130176
0.00125287
0.00118485
0.00109516
0.000991159
0.000939989
0.0022659
0.00426659
0.00501432
0.00566919
0.00633688
0.00701692
0.00765146
0.008192
0.00862616
0.00893814
0.00912615
0.00919735
0.0091969
0.00912498
0.00893645
0.0086241
0.00818972
0.00764929
0.007015
0.00633539
0.00566813
0.00501366
0.00426607
0.00226609
0.00446077
0.00372512
0.00464672
0.005695
0.00680705
0.0078451
0.008647
0.00915846
0.00944182
0.00959264
0.00968467
0.00972031
0.00971935
0.0096823
0.00958954
0.00943836
0.00915456
0.00864237
0.0078398
0.00680196
0.00569105
0.00464431
0.00372421
0.00445934
0.00255021
0.00641637
0.0100422
0.0131652
0.0157577
0.017865
0.0195816
0.0209752
0.0220957
0.022969
0.0235828
0.0239077
0.0239057
0.0235768
0.0229592
0.0220825
0.0209595
0.0195644
0.0178473
0.0157411
0.0131522
0.0100326
0.0064104
0.00254676
0.0111916
0.00534138
0.00428042
0.00459372
0.00525509
0.00594547
0.0066146
0.00726241
0.00786739
0.00835435
0.00864351
0.00878379
0.00878346
0.00864254
0.00835281
0.00786551
0.00726028
0.00661241
0.00594335
0.00525319
0.00459223
0.00427953
0.005341
0.0111917
0.0055681
0.00620011
0.00424134
0.00366095
0.00386879
0.0043208
0.00478351
0.00518813
0.00551761
0.00576727
0.00593513
0.0060197
0.00601957
0.00593477
0.00576668
0.00551681
0.00518716
0.00478243
0.00431971
0.00386786
0.00366031
0.00424059
0.00619815
0.00556866
0.00366087
0.00276663
0.00260728
0.00276282
0.00298501
0.00318515
0.00333897
0.00345833
0.0035443
0.00360088
0.00363104
0.00364057
0.00364044
0.0036307
0.00360042
0.00354375
0.00345775
0.00333837
0.00318456
0.00298449
0.00276234
0.00260668
0.00276576
0.0036614
0.00353313
0.00274082
0.00282718
0.00305915
0.00328913
0.0034901
0.00364972
0.00378006
0.00387766
0.0039431
0.00397769
0.00398704
0.00398686
0.00397724
0.00394248
0.00387692
0.00377924
0.00364889
0.0034893
0.00328841
0.00305855
0.00282662
0.00274026
0.00353323
0.00243474
0.00230196
0.00246432
0.00281526
0.00319164
0.00354696
0.00387096
0.00415786
0.00439787
0.00457885
0.00469441
0.00474876
0.00474891
0.00469484
0.00457965
0.0043989
0.00415882
0.00387164
0.00354726
0.00319154
0.00281468
0.00246327
0.00230111
0.00243588
0.000251996
0.000135846
0.000102992
9.99376e-05
0.000158295
0.000248384
0.000363119
0.00049387
0.000634526
0.000802718
0.00100653
0.00109542
0.00110528
0.00110164
0.00105624
0.000966721
0.000865038
0.000764125
0.000678609
0.000656635
0.000705485
0.000761378
0.00079342
0.00104523
0.00179727
0.0023019
0.00196491
0.00213029
0.00251136
0.00309831
0.00404013
0.00514179
0.0054113
0.00508158
0.00458651
0.00418078
0.00399832
0.00404155
0.00420346
0.00427669
0.00393044
0.00332453
0.00279122
0.00240684
0.00210099
0.00195712
0.00229978
0.00179963
0.00241723
0.00346883
0.00389162
0.00425867
0.00467162
0.00508362
0.00543964
0.00564979
0.00559693
0.00522448
0.00454703
0.00404536
0.00475433
0.00546153
0.00613751
0.00647373
0.0064405
0.00608895
0.00555653
0.00497202
0.00442977
0.00398268
0.00350147
0.00243979
0.00396905
0.00445155
0.00422628
0.00464163
0.00525441
0.00584912
0.0063717
0.00681803
0.00718195
0.00745692
0.00763823
0.00772508
0.00772491
0.00763774
0.00745618
0.00718102
0.00681698
0.00637059
0.00584803
0.00525345
0.00464083
0.00422549
0.00445054
0.00396909
0.00189842
0.00151581
0.00178618
0.00147416
0.00105728
0.000835574
0.000906356
0.00130881
0.00184818
0.00222377
0.0021184
0.00239231
0.00301567
0.00319665
0.00323106
0.00328799
0.00333801
0.00360685
0.00405462
0.0044872
0.00428826
0.0031937
0.00192829
0.00215045
0.00442489
0.00399183
0.00385299
0.00410208
0.00465419
0.00527216
0.00580515
0.00619912
0.00645862
0.00661297
0.00669637
0.00673275
0.00673294
0.0066967
0.00661338
0.00645909
0.00619989
0.00580659
0.0052745
0.00465695
0.00410351
0.00385023
0.0039843
0.00442228
0.00156081
0.00202823
0.00241848
0.00256035
0.00265579
0.00276389
0.0028632
0.00294636
0.00299744
0.0030147
0.00300637
0.00298319
0.00298295
0.00300585
0.00301402
0.00299664
0.00294546
0.00286223
0.002763
0.00265506
0.00255976
0.00241817
0.00202815
0.00156075
0.00292077
0.00309555
0.00335741
0.00345606
0.00344965
0.00343712
0.00341771
0.00339499
0.00336593
0.00333174
0.00329692
0.00326835
0.00326816
0.00329651
0.0033312
0.00336531
0.00339434
0.00341708
0.00343656
0.00344919
0.00345572
0.0033572
0.00309547
0.00292085
0.000656384
0.000536432
0.000533826
0.000548244
0.000566554
0.000583671
0.00059344
0.000589986
0.000577341
0.000599913
0.000722848
0.000718367
0.000715993
0.000744297
0.000772421
0.000794587
0.000806441
0.00080657
0.0007966
0.000778241
0.00075323
0.000724034
0.00070009
0.000785623
0.00372741
0.00455854
0.00344544
0.00327745
0.0035577
0.00391575
0.00422485
0.00446843
0.0046509
0.00477952
0.00486097
0.00490024
0.00490025
0.00486103
0.00477964
0.00465111
0.00446871
0.0042252
0.00391614
0.00355799
0.00327714
0.00344322
0.00455365
0.0037324
0.00241054
0.00214108
0.00292613
0.00347012
0.00330222
0.00312457
0.00353826
0.00436592
0.00473474
0.00459647
0.00390752
0.00322551
0.00370693
0.00457796
0.00533288
0.00604817
0.00692161
0.00750447
0.00746683
0.00658743
0.00505101
0.0034079
0.00233279
0.00251119
0.000263512
0.000983269
0.00161507
0.00197485
0.00222577
0.00245989
0.00269034
0.00290642
0.00309525
0.00324451
0.00334483
0.00339412
0.00339431
0.0033454
0.00324544
0.00309641
0.00290767
0.00269166
0.00246136
0.00222758
0.00197738
0.00161861
0.00098684
0.00026303
0.0036711
0.00477126
0.00373441
0.00353622
0.00390565
0.00442241
0.00492453
0.00536952
0.00574324
0.00603546
0.00622442
0.00631026
0.00628762
0.00616708
0.00594815
0.00562724
0.00524584
0.00482137
0.00435536
0.0038695
0.00351844
0.00372387
0.00476725
0.0036754
0.00319405
0.00306685
0.00396176
0.00532836
0.0068037
0.00809675
0.00917051
0.01
0.0105855
0.0110253
0.0113323
0.0114916
0.0114911
0.0113304
0.0110218
0.0105806
0.00999403
0.00916417
0.00809036
0.00679788
0.0053235
0.00395819
0.00306536
0.00319492
0.00541455
0.0041912
0.00510581
0.0064902
0.0079705
0.00936805
0.0106312
0.0117401
0.0126642
0.0134119
0.0139353
0.0142142
0.014213
0.0139316
0.0134061
0.0126567
0.0117316
0.010622
0.00935865
0.00796153
0.00648228
0.00509975
0.00418821
0.00541681
0.00610247
0.00676786
0.00448696
0.00390548
0.00419164
0.0047477
0.00533462
0.00587368
0.00633365
0.0066959
0.00694643
0.00707486
0.00707457
0.00694554
0.00669443
0.00633167
0.00587134
0.0053321
0.00474531
0.00418981
0.00390477
0.00448742
0.00676792
0.00610154
0.00245496
0.00578146
0.00712483
0.00855038
0.010072
0.0114996
0.0126755
0.013556
0.0141403
0.0144831
0.0145984
0.0146027
0.0146023
0.0145975
0.0144819
0.0141385
0.0135535
0.0126724
0.0114964
0.0100693
0.00854893
0.00712448
0.00578171
0.00245707
8.30046e-05
6.89126e-05
8.32409e-05
8.85742e-05
8.92664e-05
9.01813e-05
9.68318e-05
0.000114168
0.000139113
0.00015781
0.000142538
0.000112603
0.000106043
0.000116228
0.000135212
0.000157419
0.000179501
0.000201053
0.000220939
0.000239315
0.000256847
0.000275898
0.000302258
0.000372811
0.00337398
0.00236365
0.00234908
0.00249702
0.00264733
0.00276809
0.00285181
0.00291242
0.00295047
0.00297008
0.00297469
0.00297057
0.00297042
0.00297434
0.00296962
0.00294994
0.00291186
0.00285125
0.00276757
0.00264685
0.00249661
0.00234864
0.00236313
0.00337466
0.00277947
0.00300744
0.00324987
0.00332211
0.00327917
0.00322375
0.00316177
0.00309932
0.00303724
0.00297874
0.0029283
0.00289368
0.00289349
0.00292795
0.00297831
0.00303678
0.00309888
0.00316138
0.00322347
0.00327903
0.00332208
0.00325
0.00300776
0.0027801
0.00227965
0.00199778
0.00318003
0.00467312
0.00619893
0.00760845
0.00884098
0.00985367
0.0106201
0.0111453
0.0114639
0.0116134
0.0116134
0.0114638
0.0111458
0.0106219
0.00985745
0.00884672
0.00761584
0.00620734
0.00468118
0.00318544
0.00199813
0.00227564
0.000367801
0.00132829
0.00159723
0.00173236
0.0018926
0.00208139
0.00227365
0.0024475
0.00258842
0.00268749
0.00274296
0.00276407
0.00276416
0.00274342
0.00268854
0.00259
0.00244939
0.0022756
0.0020832
0.00189415
0.0017338
0.00159914
0.00133137
0.000369472
0.0058545
0.00636854
0.00422381
0.00369009
0.00393141
0.00437777
0.00483012
0.00523456
0.00557369
0.00583734
0.00601792
0.00610997
0.00610982
0.00601747
0.00583661
0.00557273
0.00523343
0.0048289
0.00437657
0.0039304
0.00368949
0.00422359
0.00636769
0.00585435
0.00369982
0.00462217
0.00672447
0.00888641
0.0108881
0.0126938
0.0143235
0.015791
0.0170643
0.0180452
0.0187401
0.0191074
0.0191055
0.0187344
0.0180362
0.0170524
0.0157769
0.0143078
0.0126774
0.010872
0.00887184
0.00671273
0.00461538
0.00370068
0.00401871
0.00648848
0.00439661
0.0035956
0.003679
0.00408199
0.00450498
0.00485055
0.00510499
0.00527865
0.00538561
0.00543706
0.0054371
0.00538593
0.00527917
0.00510561
0.0048512
0.00450563
0.00408251
0.00367893
0.00359316
0.00438729
0.00646926
0.00403665
0.0063024
0.00689126
0.00450939
0.00396496
0.00428271
0.00485749
0.00546974
0.006047
0.00655452
0.00696562
0.0072565
0.007408
0.00740767
0.00725546
0.0069639
0.00655225
0.00604436
0.00546697
0.00485491
0.00428074
0.00396419
0.00451005
0.00689181
0.00630085
0.00407017
0.00598
0.00421933
0.00361564
0.00380229
0.004236
0.0046625
0.00501257
0.00527839
0.00546584
0.00558431
0.00564202
0.00564204
0.00558447
0.00546616
0.00527886
0.00501317
0.00466319
0.00423669
0.00380266
0.00361456
0.00421416
0.00596818
0.00408122
0.00155606
0.00154497
0.00193381
0.00318594
0.00529917
0.00666901
0.00337103
0.00232734
0.00229353
0.00259151
0.00282628
0.00287757
0.00275999
0.00250577
0.00214157
0.00185734
0.00210028
0.00350149
0.00426494
0.00357949
0.00247591
0.00171391
0.00148228
0.00155102
0.00177212
0.00547201
0.00897165
0.0116973
0.0138034
0.0154298
0.016687
0.0176631
0.0184216
0.0189946
0.0193868
0.0195951
0.0195928
0.01938
0.0189836
0.0184067
0.017645
0.0166664
0.0154074
0.0137807
0.0116756
0.00895252
0.00545594
0.00176673
0.00257876
0.00410172
0.00471102
0.00530657
0.00588469
0.00646372
0.00700687
0.00748285
0.00787354
0.00816221
0.00834295
0.00841909
0.0084187
0.00834189
0.00816066
0.00787165
0.00748078
0.00700487
0.00646191
0.00588324
0.00530548
0.00471026
0.00410107
0.00257878
0.0117016
0.00602285
0.00407229
0.00388483
0.00416123
0.00447653
0.00475217
0.00498689
0.0051861
0.00534697
0.00544199
0.0054892
0.00548909
0.00544164
0.00534642
0.00518541
0.0049861
0.0047513
0.00447568
0.00416048
0.00388436
0.00407228
0.00602306
0.0117016
0.00571911
0.0063757
0.00445019
0.00386264
0.00408624
0.00459102
0.00511299
0.00556258
0.0059187
0.00618083
0.00635281
0.00643802
0.00643789
0.0063524
0.00618013
0.00591773
0.00556137
0.00511163
0.00458967
0.00408517
0.003862
0.00444927
0.00637409
0.00571988
0.00282633
0.00357913
0.00538791
0.00731763
0.00905147
0.0104881
0.0116371
0.0125517
0.0132769
0.0138331
0.0142189
0.0144212
0.0144207
0.0142171
0.01383
0.0132723
0.0125457
0.0116301
0.0104802
0.00904309
0.0073093
0.00538042
0.00357386
0.00282494
0.00771594
0.00634075
0.00430197
0.00401945
0.00433377
0.00476098
0.00517717
0.0055596
0.00588992
0.00613986
0.00630492
0.00638684
0.0063867
0.00630449
0.00613918
0.00588903
0.00555858
0.00517607
0.00475988
0.00433281
0.00401893
0.00430202
0.00634038
0.00771583
0.00511204
0.00641069
0.00440136
0.00368545
0.00381259
0.00424405
0.00470219
0.0050944
0.00540113
0.00562334
0.00576752
0.00583859
0.0058385
0.00576729
0.00562298
0.00540063
0.00509379
0.0047015
0.00424335
0.0038119
0.00368431
0.00439836
0.00640585
0.00511573
0.00926418
0.00650731
0.00419936
0.00384551
0.00409471
0.00443702
0.0047546
0.00503152
0.00526561
0.00545409
0.00558405
0.00565086
0.00565074
0.00558368
0.0054535
0.00526486
0.00503066
0.00475367
0.00443609
0.0040939
0.00384516
0.0041997
0.00650733
0.00926394
0.0038909
0.00342069
0.00327173
0.0035247
0.00388423
0.00422361
0.00450637
0.00473994
0.00492291
0.00505525
0.00513714
0.00517268
0.00517253
0.00513673
0.00505467
0.00492218
0.00473914
0.00450553
0.00422278
0.00388351
0.00352406
0.00327104
0.00341982
0.003891
0.00478631
0.00369414
0.00488909
0.00611003
0.00727455
0.00831376
0.00915963
0.00977988
0.010197
0.0104563
0.0106063
0.0106655
0.010665
0.0106048
0.0104541
0.0101943
0.00977655
0.00915557
0.00830921
0.00727005
0.00610624
0.0048863
0.00369238
0.00478448
1.00758e-05
5.42028e-06
9.34734e-06
7.40673e-05
0.000179562
0.000289933
0.000378322
0.00043715
0.000470218
0.000489994
0.000480713
0.000450452
0.000423612
0.000393509
0.000358959
0.000319122
0.000270649
0.000183543
5.65356e-05
2.48082e-05
9.83182e-05
0.000206172
0.00032175
0.000339013
0.00379152
0.00574358
0.00656639
0.00787456
0.0094552
0.0110866
0.0126015
0.0139133
0.0150091
0.0158382
0.0163817
0.0166509
0.0166506
0.0163807
0.0158365
0.0150065
0.0139099
0.0125978
0.0110829
0.00945231
0.00787283
0.00656581
0.00574354
0.00379323
0.00144238
0.00205579
0.00265245
0.00323686
0.00376728
0.00423054
0.00463061
0.00497298
0.00525542
0.00547082
0.00561332
0.00568329
0.0056833
0.00561332
0.00547082
0.0052553
0.00497259
0.00462988
0.00422954
0.00376612
0.00323569
0.00265156
0.00205601
0.00144395
0.00213213
0.00184323
0.00265941
0.00241373
0.00169342
0.00138714
0.00182145
0.00276852
0.00348497
0.00368408
0.00304399
0.00264967
0.00322514
0.00381858
0.00421707
0.00451366
0.0047556
0.00504782
0.00541582
0.00555824
0.00486274
0.00346511
0.00208942
0.00228514
0.000220256
0.000129264
0.000118933
0.000128132
0.000151213
0.000222488
0.000318262
0.00042203
0.0005313
0.000662573
0.000788705
0.000802336
0.000769453
0.000735046
0.000682478
0.000607555
0.000517847
0.000424353
0.000336277
0.000305661
0.000348101
0.000416871
0.000521104
0.000850388
0.000248516
9.26373e-05
4.02982e-05
1.94101e-05
3.38461e-05
7.36052e-05
0.000142063
0.000205902
0.000250004
0.000289688
0.000294051
0.000263082
0.000226924
0.000192333
0.000158313
0.000123004
8.59504e-05
4.91309e-05
1.96641e-05
1.60448e-05
3.11931e-05
7.87196e-05
0.000146933
0.000406316
0.00305018
0.00297792
0.00337871
0.00373705
0.00402877
0.00429148
0.00452547
0.0047312
0.00489451
0.00500844
0.00507387
0.00509941
0.00509915
0.00507319
0.00500741
0.00489326
0.00472983
0.00452411
0.00429021
0.00402767
0.00373617
0.00337801
0.00297736
0.00305014
0.00374184
0.00464659
0.00685822
0.00933179
0.0118045
0.0141084
0.0161924
0.0180332
0.0195643
0.0207437
0.0215487
0.0219602
0.0219592
0.0215454
0.0207379
0.0195562
0.018023
0.0161807
0.014096
0.0117922
0.00932045
0.00684981
0.00464346
0.00374235
0.000392213
0.00091718
0.0011902
0.00116479
0.000997141
0.000788408
0.000578614
0.000391572
0.000239562
0.000125385
4.95943e-05
2.49098e-05
2.43113e-05
4.6299e-05
0.000119801
0.000234531
0.000387989
0.00057624
0.000787181
0.000996864
0.00116529
0.00119217
0.000923002
0.000395936
0.00204091
0.00280682
0.00330171
0.00397499
0.00462357
0.0051813
0.00564007
0.00594592
0.00593723
0.00531329
0.00431396
0.00373721
0.00488898
0.00605633
0.00717663
0.00786168
0.00803979
0.00767417
0.0067991
0.00562896
0.00445614
0.00352789
0.00293352
0.00207389
0.00319516
0.00391364
0.0043063
0.00483182
0.00535372
0.00583218
0.00626542
0.00664669
0.0069589
0.00718984
0.00733583
0.00739824
0.00739794
0.007335
0.00718863
0.00695741
0.00664503
0.00626375
0.00583061
0.00535237
0.00483075
0.00430543
0.00391286
0.00319512
0.00054019
0.000783309
0.000850389
0.000930006
0.00102019
0.00110171
0.00116882
0.0012199
0.0012533
0.0012693
0.00127009
0.00126645
0.00126645
0.00127029
0.00126973
0.00125397
0.00122078
0.0011699
0.00110294
0.00102149
0.000931182
0.000851305
0.000784055
0.000540664
0.00297481
0.00318611
0.00343989
0.00354329
0.00354318
0.00353278
0.00351314
0.0034893
0.0034592
0.00342452
0.0033894
0.00336124
0.00336105
0.00338899
0.003424
0.0034586
0.00348867
0.00351254
0.00353225
0.00354275
0.00354298
0.0034397
0.00318605
0.00297496
0.00504643
0.00610633
0.00447416
0.00385802
0.00402313
0.00448987
0.00497937
0.00538647
0.00569007
0.0058998
0.00602995
0.00609207
0.00609215
0.00603023
0.00590029
0.00569072
0.00538729
0.00498051
0.0044908
0.00402332
0.00385619
0.00446932
0.00610366
0.00505034
0.0023698
0.00458227
0.0053417
0.00617356
0.00706571
0.00794507
0.00875698
0.00944584
0.0100067
0.0104222
0.0106859
0.0108048
0.0108044
0.0106848
0.0104205
0.0100046
0.0094435
0.00875477
0.00794312
0.00706423
0.00617259
0.00534115
0.00458177
0.00237021
0.00271717
0.00482709
0.00535236
0.00616466
0.00717484
0.00821104
0.00918447
0.0100412
0.0107603
0.0113116
0.0116764
0.0118548
0.0118544
0.0116753
0.0113099
0.0107582
0.0100388
0.00918212
0.00820891
0.00717315
0.00616352
0.00535164
0.0048264
0.00271777
0.0052608
0.00267559
0.00301168
0.00354935
0.00409489
0.00459923
0.00501797
0.00532464
0.00552606
0.00564583
0.00571212
0.00573482
0.00573454
0.0057114
0.00564483
0.00552485
0.00532314
0.00501612
0.00459714
0.00409285
0.0035477
0.00301054
0.00267491
0.00525979
0.000313046
0.000665442
0.00123682
0.00146921
0.00154693
0.0015736
0.00159846
0.0016514
0.00172804
0.00180628
0.00186354
0.00189664
0.00189684
0.00186397
0.0018067
0.00172836
0.00165165
0.0015987
0.00157382
0.00154707
0.00146927
0.00123689
0.000665416
0.000313255
0.00311479
0.00256341
0.00227295
0.00235822
0.00252
0.00265911
0.00275364
0.00281733
0.00285463
0.0028727
0.0028767
0.00287383
0.00287372
0.00287643
0.00287234
0.00285423
0.00281694
0.00275328
0.0026588
0.00251976
0.00235796
0.00227232
0.00256176
0.00311751
0.00254113
0.00398533
0.00413828
0.00469577
0.00559642
0.00667715
0.00780759
0.00868495
0.00863501
0.00767796
0.00605771
0.00467766
0.00543681
0.00693274
0.00874748
0.0100001
0.010146
0.00912785
0.00760486
0.00608944
0.00490937
0.00422447
0.00401912
0.0025672
0.00177876
0.00333411
0.00239943
0.00238291
0.00259117
0.00277208
0.00288636
0.00294844
0.00297256
0.00296059
0.00293208
0.00291119
0.00291114
0.0029319
0.00296042
0.00297307
0.00294908
0.002887
0.00277276
0.00259187
0.00238328
0.00239683
0.00332572
0.00179843
0.000194268
5.81636e-05
9.96733e-05
0.000159881
0.000238537
0.000330695
0.000431382
0.00054611
0.000669511
0.000771638
0.000837744
0.000784563
0.000557847
0.000345847
0.000196732
0.000107449
6.28321e-05
3.8581e-05
2.33833e-05
1.81285e-05
3.43856e-05
9.87177e-05
0.000214536
0.000927638
8.35496e-05
5.37255e-05
8.97576e-05
0.000132256
0.000188582
0.000260505
0.000349868
0.000453874
0.000563082
0.000652182
0.000683714
0.000573263
0.000362339
0.000211569
0.000134634
9.76575e-05
7.55811e-05
5.56092e-05
3.84552e-05
2.74591e-05
2.99363e-05
6.35976e-05
0.00017962
0.00078445
3.96402e-05
7.77325e-05
8.67399e-05
8.12646e-05
7.333e-05
7.14352e-05
7.81976e-05
9.3696e-05
0.000117602
0.000137894
0.000117798
8.12426e-05
7.46632e-05
9.00356e-05
0.000122343
0.000164988
0.000209019
0.000247165
0.000274665
0.000289912
0.000294011
0.000291006
0.000293622
0.00040277
0.00437508
0.00464379
0.00404026
0.00406901
0.00462497
0.00550073
0.0065888
0.00784143
0.00916366
0.0103804
0.0112963
0.0116679
0.0116824
0.0113868
0.0107226
0.00967095
0.00835539
0.00699394
0.00575594
0.00475633
0.00412402
0.00405491
0.00464215
0.00438612
8.56785e-05
8.52678e-05
0.000101875
0.000109887
0.000120037
0.00013812
0.000168699
0.000208239
0.000251736
0.000280008
0.00024931
0.000193587
0.000165054
0.000153775
0.000147379
0.000150106
0.00015412
0.000155181
0.000152543
0.000146502
0.000138076
0.000128983
0.000126139
0.000172021
0.00168201
0.00221412
0.00182031
0.00190757
0.0021072
0.00234074
0.00276135
0.00346884
0.00420428
0.00451691
0.00412541
0.00372175
0.00357773
0.00371177
0.00376235
0.00339293
0.00290302
0.00249196
0.002243
0.00207824
0.00190071
0.00181835
0.00221392
0.00168477
0.00380638
0.00542786
0.00704784
0.00896915
0.0111231
0.0131442
0.0147187
0.0158266
0.0165734
0.0170825
0.0174325
0.0176163
0.017615
0.0174291
0.0170778
0.016568
0.0158206
0.0147117
0.013136
0.0111152
0.00896308
0.00704424
0.0054261
0.00380525
0.00484805
0.00534769
0.00415422
0.00418026
0.0046998
0.00529705
0.00585175
0.00633235
0.00672832
0.00703116
0.0072356
0.00733862
0.00733854
0.00723539
0.00703083
0.00672788
0.00633185
0.0058512
0.00529649
0.00469924
0.00417972
0.00415352
0.00534641
0.0048482
0.00437688
0.00482148
0.00677974
0.00861169
0.0102613
0.0116928
0.0128784
0.0138063
0.0144945
0.014972
0.0152717
0.0154114
0.015411
0.0152704
0.0149698
0.0144915
0.0138025
0.0128737
0.0116874
0.0102556
0.00860638
0.0067751
0.00481767
0.00437422
0.00408489
0.00394098
0.00326644
0.00332043
0.00364486
0.00398811
0.00427611
0.00450693
0.00468328
0.00480948
0.0048887
0.00492551
0.00492545
0.0048885
0.0048092
0.00468293
0.00450656
0.00427574
0.00398777
0.00364453
0.00331999
0.00326548
0.00393911
0.00408578
0.0031183
0.00493643
0.00762156
0.0104205
0.013113
0.0155548
0.0177041
0.0195402
0.0210193
0.0221231
0.0228596
0.0232314
0.0232304
0.0228562
0.0221171
0.0210108
0.0195293
0.0176914
0.0155412
0.0130994
0.010408
0.00761194
0.00493209
0.00311759
0.00613989
0.00685193
0.00466267
0.00419152
0.00459225
0.00527591
0.0059987
0.00667096
0.00725129
0.00771263
0.00803391
0.0081993
0.00819893
0.00803275
0.0077107
0.00724869
0.00666787
0.0059954
0.00527282
0.00458994
0.00419069
0.00466345
0.00685259
0.0061384
0.00184808
0.00171697
0.00196806
0.00225439
0.00247181
0.00262358
0.00274893
0.00287838
0.00300987
0.00312801
0.00321694
0.0032714
0.00327143
0.00321708
0.00312803
0.00300964
0.00287778
0.00274793
0.00262223
0.00247028
0.00225299
0.00196702
0.00171622
0.00184736
0.00241978
0.00323379
0.00494164
0.00637868
0.00759059
0.00863221
0.00952946
0.01029
0.0109094
0.0113772
0.0116869
0.0118403
0.0118398
0.0116852
0.0113744
0.0109055
0.0102851
0.00952364
0.00862576
0.00758362
0.00637126
0.00493363
0.00322525
0.00241634
7.87022e-05
7.18487e-05
8.90593e-05
0.000101018
0.000117388
0.000146516
0.000190749
0.000248263
0.000311214
0.000352612
0.000327041
0.00024242
0.000186299
0.000157677
0.00014064
0.00013722
0.000138106
0.000137091
0.000132256
0.000123963
0.000113865
0.000106451
0.000113457
0.000159485
8.71239e-05
6.13897e-05
7.6404e-05
9.81035e-05
0.000133511
0.000178888
0.000236419
0.00030701
0.000383326
0.00044035
0.000439327
0.000356882
0.000284198
0.000238931
0.000208061
0.000185798
0.000166673
0.000149465
0.00013716
0.000128834
0.000118707
0.000124698
0.000174737
0.000325938
0.000556392
0.000306014
0.000329732
0.000428732
0.00067665
0.000627353
0.000186586
0.00015745
0.000261714
0.000407668
0.000505718
0.000503215
0.000421659
0.000309898
0.000208116
0.000135046
9.58573e-05
0.000115831
0.000308742
0.000403642
0.000336736
0.000308366
0.000303317
0.000556257
0.00435533
0.00589716
0.00416609
0.00352043
0.0036389
0.00402117
0.00440316
0.00470247
0.00491373
0.00505789
0.00515228
0.00520519
0.00520573
0.00515466
0.00506201
0.00491884
0.00470788
0.00440865
0.00402577
0.00364138
0.00351811
0.00415415
0.00587642
0.00435554
0.00434796
0.00465607
0.00363089
0.00353781
0.003873
0.00427975
0.00464029
0.00493603
0.00516691
0.00533591
0.00544551
0.00549883
0.00549878
0.00544539
0.00533574
0.00516672
0.00493584
0.0046401
0.00427957
0.00387278
0.00353736
0.00362967
0.00465374
0.00434923
0.00146133
0.00143643
0.00159173
0.002355
0.00389503
0.00588873
0.00479171
0.00259822
0.00212787
0.00224237
0.0024055
0.00242915
0.0022978
0.00203904
0.00176135
0.00166028
0.00237642
0.00364231
0.00369325
0.00282209
0.00198926
0.00149401
0.00141055
0.00146137
0.0019628
0.00239614
0.00274061
0.00277865
0.00273265
0.00272042
0.00270978
0.00269608
0.00267165
0.00263485
0.00259098
0.00254713
0.00254687
0.00259045
0.00263418
0.0026709
0.00269529
0.00270902
0.00271975
0.0027321
0.00277815
0.0027403
0.00239603
0.00196276
0.00527252
0.00577408
0.00646949
0.00796952
0.00993159
0.011997
0.0139908
0.0157573
0.0171975
0.0182666
0.0189758
0.0193325
0.0193319
0.0189739
0.0182634
0.0171929
0.0157512
0.0139836
0.0119898
0.00992573
0.00796528
0.00646717
0.00577335
0.00527265
0.00557479
0.00635684
0.00444656
0.00383333
0.00403321
0.00452023
0.00502502
0.00545576
0.00579259
0.00603746
0.00619656
0.00627491
0.0062748
0.00619626
0.00603694
0.00579186
0.00545485
0.00502398
0.00451919
0.00403234
0.00383245
0.00444497
0.00635488
0.00557609
0.0104761
0.00642329
0.0041719
0.0038734
0.00412463
0.00444828
0.00474189
0.00499329
0.00520351
0.00537166
0.00548618
0.00554627
0.00554617
0.00548586
0.00537114
0.00520285
0.00499254
0.00474107
0.00444744
0.0041239
0.00387306
0.00417225
0.0064235
0.0104759
0.00694388
0.0061621
0.00579325
0.00591014
0.00652019
0.00738904
0.00839322
0.00947579
0.0105342
0.0113378
0.0113981
0.0100925
0.0104302
0.0117821
0.0118151
0.01106
0.00996342
0.00877538
0.00764386
0.00667021
0.00598867
0.00582646
0.00617488
0.00695879
0.00190046
0.00214821
0.00302003
0.00425493
0.00515133
0.00573494
0.00615192
0.00650147
0.00682302
0.00710582
0.00731987
0.00744535
0.00744545
0.00731972
0.00710493
0.00682145
0.00649892
0.00614876
0.00573108
0.0051477
0.00425192
0.0030174
0.00214663
0.00189957
0.0051072
0.00564615
0.00425628
0.00426157
0.00479806
0.00542638
0.00602522
0.0065567
0.00700162
0.00734463
0.00757676
0.00769421
0.00769411
0.00757649
0.00734419
0.00700103
0.00655601
0.00602446
0.00542559
0.00479731
0.00426094
0.00425567
0.00564508
0.00510732
0.00406262
0.00463481
0.00661995
0.00891877
0.0112382
0.0134322
0.0154175
0.0171731
0.0186287
0.0197512
0.020518
0.0209083
0.0209073
0.0205146
0.0197453
0.0186206
0.017163
0.015406
0.01342
0.0112262
0.00890768
0.00661166
0.00463139
0.00406343
0.0068885
0.00644566
0.00425454
0.00388176
0.00416638
0.00458058
0.00498401
0.00534758
0.00565752
0.00589927
0.00606348
0.00614664
0.0061465
0.00606304
0.00589858
0.00565663
0.00534655
0.00498292
0.0045795
0.00416543
0.00388121
0.00425454
0.00644533
0.00688824
0.0146932
0.00496056
0.00381529
0.00384884
0.003947
0.00400512
0.00403231
0.00404335
0.00404736
0.0040487
0.00404911
0.00404922
0.00404922
0.00404911
0.0040487
0.00404736
0.00404335
0.00403231
0.00400512
0.003947
0.00384884
0.00381528
0.00496051
0.0146933
0.00314566
0.00518956
0.00786729
0.0106484
0.0133026
0.015687
0.0177136
0.0193621
0.0206288
0.0215368
0.0221238
0.0224123
0.0224113
0.0221206
0.0215313
0.0206212
0.0193525
0.0177023
0.0156746
0.0132902
0.0106373
0.00785875
0.00518591
0.00314432
0.00501381
0.00617396
0.00427382
0.00362618
0.0037826
0.00420998
0.0046524
0.00503228
0.00533396
0.00555746
0.00570541
0.00577934
0.00577927
0.00570526
0.00555724
0.00533366
0.00503191
0.00465197
0.00420952
0.00378208
0.00362524
0.00427126
0.00616869
0.00501683
0.00964379
0.00609739
0.00426355
0.00409827
0.00443851
0.00485493
0.00525445
0.00562372
0.0059526
0.00621488
0.00637433
0.00644796
0.00644782
0.00637391
0.00621422
0.00595175
0.00562275
0.00525338
0.00485387
0.00443758
0.00409769
0.0042635
0.00609727
0.00964394
0.00348823
0.00505439
0.00517305
0.00583785
0.00682921
0.00787741
0.00886945
0.00975849
0.0105153
0.0111059
0.0115062
0.0117101
0.0117098
0.0115053
0.0111045
0.0105135
0.00975652
0.00886744
0.00787551
0.00682759
0.00583667
0.00517218
0.00505349
0.00348885
0.000297785
7.79733e-05
0.000108786
0.000171729
0.000256258
0.000356262
0.000471077
0.000601489
0.000731718
0.000835001
0.000915416
0.000901018
0.000666942
0.000398066
0.000212403
0.000106875
5.8492e-05
3.43546e-05
2.06787e-05
1.69974e-05
3.68368e-05
0.000112194
0.000219147
0.000940293
0.00316343
0.0027678
0.00313905
0.00346461
0.00371019
0.00392682
0.00411383
0.00427573
0.00440042
0.00448276
0.00452259
0.00453049
0.00453022
0.00452189
0.00448177
0.00439924
0.00427444
0.00411253
0.00392559
0.00370911
0.00346373
0.00313832
0.00276722
0.0031634
0.00538216
0.00656479
0.00569958
0.00605811
0.00711476
0.00841705
0.00969909
0.0108344
0.0117676
0.012477
0.0129536
0.0131925
0.0131921
0.0129522
0.0124745
0.0117642
0.0108301
0.00969431
0.00841256
0.00711164
0.00605733
0.00570085
0.00656559
0.00537989
0.00158879
0.00365965
0.00258119
0.00254046
0.00278334
0.00299783
0.0031375
0.00321829
0.00324665
0.00320019
0.00314265
0.00310498
0.00310448
0.00314145
0.00319873
0.00324697
0.00321924
0.00313839
0.00299871
0.00278425
0.00254087
0.00257806
0.00364811
0.00161054
0.00131804
0.00251562
0.00305118
0.00345742
0.00379964
0.00405025
0.00419434
0.00422314
0.00411274
0.00381055
0.00341601
0.0031784
0.00402788
0.00457943
0.00500607
0.00524141
0.00525591
0.0050713
0.00470577
0.00422796
0.00370451
0.00318415
0.00257628
0.00134822
0.00152885
0.00155625
0.00178799
0.00275107
0.00464131
0.00701531
0.00651745
0.00421926
0.00334304
0.00314318
0.00314059
0.00309377
0.00297362
0.00281602
0.00263041
0.0027157
0.00359766
0.00442092
0.00431925
0.00326134
0.00224987
0.00164638
0.00151667
0.0015282
0.00370607
0.00285188
0.00278423
0.00298613
0.00323376
0.00345548
0.00363025
0.00377032
0.00387491
0.00394624
0.00398615
0.00399995
0.0039998
0.00398577
0.00394571
0.00387428
0.00376962
0.00362954
0.00345477
0.00323313
0.00298558
0.00278364
0.00285116
0.00370631
0.00595305
0.00503195
0.00500998
0.00500898
0.00500885
0.00500877
0.00500871
0.00500868
0.00500865
0.00500864
0.00500863
0.00500863
0.00500863
0.00500863
0.00500864
0.00500865
0.00500868
0.00500871
0.00500877
0.00500885
0.00500898
0.00500998
0.00503195
0.00595305
0.0174058
0.00899786
0.00702972
0.00733195
0.00810495
0.00886893
0.00962681
0.0103016
0.010886
0.0113888
0.0117373
0.0118642
0.0119025
0.0118468
0.0115677
0.0110799
0.0104326
0.00966748
0.00884757
0.00806868
0.0073123
0.0070369
0.00903533
0.0174194
0.00421198
0.0042752
0.00344495
0.00344568
0.00378428
0.00416214
0.00448704
0.00475087
0.00495523
0.00510342
0.00519818
0.00524337
0.00524331
0.00519802
0.00510319
0.00495495
0.00475058
0.00448675
0.00416187
0.003784
0.00344524
0.00344389
0.00427318
0.004213
0.00570551
0.0069232
0.00523386
0.00522648
0.00607425
0.00726647
0.00856578
0.00984329
0.0110069
0.0119757
0.0126755
0.013045
0.0130442
0.012673
0.0119714
0.0110014
0.00983688
0.00855923
0.00726063
0.00607015
0.00522501
0.00523512
0.00692531
0.00570225
0.00335219
0.00233083
0.00244053
0.0026086
0.00273683
0.00283382
0.00290086
0.00295054
0.00298133
0.00299561
0.0029961
0.00298881
0.00298865
0.00299572
0.0029951
0.00298074
0.0029499
0.00290022
0.00283322
0.00273628
0.00260815
0.00244014
0.00233048
0.00335251
0.00198714
0.00201097
0.00231121
0.00235134
0.00231511
0.00230681
0.00230039
0.00229173
0.00227395
0.00224523
0.00220973
0.00217336
0.00217313
0.00220926
0.00224464
0.00227328
0.00229103
0.00229971
0.00230621
0.00231462
0.0023509
0.00231095
0.00201087
0.0019871
0.000203651
0.000157864
0.000161296
0.000162383
0.000156429
0.000147517
0.000142561
0.000150158
0.000177766
0.00021235
0.000206351
0.000175495
0.000172692
0.000189505
0.000216912
0.000247368
0.000275094
0.000298012
0.000317056
0.0003343
0.00035143
0.000369779
0.00039399
0.000523347
0.00465544
0.00625237
0.00431559
0.00361744
0.00374901
0.00416952
0.00460813
0.00498114
0.00527332
0.00548773
0.00562838
0.00569838
0.00569834
0.00562834
0.0054877
0.00527329
0.0049811
0.00460808
0.00416943
0.00374871
0.00361623
0.00431156
0.00624391
0.00466206
0.000198552
6.34253e-05
0.000102748
0.000159926
0.00023474
0.000321245
0.00041963
0.000537956
0.000668732
0.000778063
0.000852657
0.000801281
0.000569528
0.000353189
0.000212273
0.000121927
7.17021e-05
4.34602e-05
2.8521e-05
2.41884e-05
4.54314e-05
0.000115875
0.000242358
0.000949379
0.00150673
0.00215648
0.00252392
0.00258751
0.00258573
0.0026043
0.00261774
0.00261814
0.00259647
0.00255321
0.00249937
0.0024467
0.00244644
0.00249884
0.00255254
0.0025957
0.0026173
0.00261689
0.00260354
0.00258509
0.00258697
0.00252363
0.00215642
0.0015067
0.00387579
0.00323449
0.0029905
0.00316832
0.00346454
0.00374538
0.00397335
0.00415639
0.00429521
0.00439273
0.00445095
0.00447497
0.00447485
0.00445061
0.00439224
0.00429463
0.00415575
0.00397269
0.00374471
0.00346397
0.00316778
0.00298982
0.00323351
0.00387611
0.00870381
0.00635009
0.00423745
0.00394207
0.00422906
0.00460991
0.00496902
0.00529032
0.00556545
0.00578266
0.00592514
0.00599528
0.00599516
0.00592476
0.00578205
0.00556467
0.00528942
0.00496804
0.00460893
0.00422819
0.00394162
0.0042376
0.00634986
0.00870381
0.000486275
0.000120913
0.000107931
0.000120226
0.000185914
4.30966e-05
6.22784e-05
0.000129616
0.000231559
0.000356191
0.00042899
0.000402726
0.000319598
0.000225637
0.000146789
9.01608e-05
5.26705e-05
2.98142e-05
1.91086e-05
3.50218e-05
7.17639e-05
9.44601e-05
0.000116767
0.000474723
0.00402387
0.00450578
0.00381358
0.00378697
0.00428143
0.00501628
0.00586855
0.00682111
0.00788396
0.00900143
0.0100319
0.0107319
0.0108217
0.0103075
0.00939272
0.00828333
0.00713974
0.00606808
0.00511366
0.00431897
0.00379761
0.00380971
0.00449845
0.00402409
0.00103769
0.00211643
0.00233339
0.00216689
0.00203664
0.00193973
0.0019339
0.00199886
0.00209997
0.00220539
0.00228961
0.00233608
0.00233615
0.00228985
0.00220578
0.00210039
0.00199926
0.00193433
0.00194031
0.00203715
0.00216598
0.00232791
0.00211194
0.00103514
0.000495396
0.000351143
0.000339217
0.00035359
0.000372714
0.000389453
0.000399498
0.000398817
0.000397122
0.000451712
0.000504611
0.000480719
0.000482964
0.00050597
0.00052959
0.000547563
0.000558382
0.000563838
0.000567318
0.000573323
0.000586057
0.000605659
0.000621987
0.000693026
0.00292683
0.00575644
0.00696832
0.0083859
0.00999209
0.011596
0.0130224
0.0141874
0.015066
0.015666
0.0160041
0.0161498
0.0161495
0.0160033
0.0156647
0.0150639
0.0141844
0.0130189
0.0115926
0.00998942
0.00838444
0.00696798
0.00575671
0.00292879
0.00199041
0.00257356
0.00287593
0.00289944
0.00284214
0.00281129
0.00278177
0.002751
0.00271297
0.00266743
0.00261935
0.0025763
0.00257606
0.00261888
0.00266684
0.00271231
0.0027503
0.00278111
0.00281071
0.00284166
0.00289902
0.00287569
0.00257348
0.00199039
0.00085216
0.000816623
0.00104157
0.0011652
0.00121558
0.00123278
0.00125752
0.00131118
0.00138427
0.0014552
0.00150679
0.00154069
0.00154086
0.00150714
0.00145552
0.00138444
0.00131118
0.00125737
0.00123247
0.00121511
0.00116466
0.00104111
0.000816436
0.000852264
0.0029505
0.00401079
0.00424974
0.00465613
0.00523762
0.00590431
0.00657028
0.00707191
0.00710639
0.00652499
0.00532182
0.00453906
0.00526393
0.00620873
0.00741464
0.00802337
0.00794689
0.00729936
0.00641891
0.00554548
0.00481753
0.00432872
0.00403823
0.00297174
0.00255752
0.00209361
0.00186193
0.00204552
0.00234286
0.00263205
0.00288232
0.00308474
0.003238
0.00334329
0.00340688
0.00343299
0.00343295
0.00340676
0.00334309
0.00323768
0.00308426
0.00288168
0.00263129
0.0023421
0.00204486
0.00186144
0.00209329
0.00255714
0.00116137
0.00104555
0.00129579
0.00211712
0.00354918
0.00422277
0.00127672
0.000879402
0.00110113
0.00142914
0.00164634
0.00168604
0.00155985
0.00130849
0.00100368
0.000725012
0.000615606
0.00113592
0.00252959
0.00245465
0.00171612
0.0011873
0.00101753
0.0011551
0.00231302
0.00189839
0.00222356
0.00271422
0.00325063
0.00376811
0.00425911
0.00474048
0.00522244
0.00566526
0.00599437
0.00616586
0.00616761
0.00599857
0.00567103
0.005228
0.00474464
0.00426216
0.00377077
0.00325312
0.00271627
0.00222462
0.00189817
0.00231261
0.00269496
0.00298803
0.00376112
0.00501591
0.00623298
0.00723658
0.00803686
0.00867868
0.00919076
0.00957781
0.00983756
0.00996695
0.00996669
0.00983664
0.00957609
0.00918814
0.00867515
0.00803252
0.00723159
0.00622761
0.00501056
0.00375649
0.00298529
0.00269378
0.00239721
0.00278962
0.0038589
0.00526467
0.00656833
0.00761974
0.00844109
0.00909478
0.00962314
0.0100348
0.0103207
0.0104694
0.010469
0.0103195
0.0100327
0.00961983
0.00909039
0.00843581
0.00761383
0.00656209
0.00525852
0.00385352
0.0027861
0.00239586
0.0044243
0.0047147
0.00650997
0.00878668
0.0110931
0.013306
0.0153398
0.0171584
0.0186724
0.0198227
0.0205972
0.0209883
0.020987
0.0205929
0.0198155
0.0186626
0.0171464
0.0153264
0.013292
0.0110793
0.00877423
0.00650082
0.00471112
0.00442508
0.00503161
0.00549183
0.00407217
0.00389078
0.00428839
0.00480598
0.0052939
0.00571571
0.00606114
0.00632431
0.00650165
0.00659097
0.0065909
0.00650147
0.00632403
0.00606078
0.00571529
0.00529344
0.0048055
0.0042879
0.00389028
0.0040714
0.00549027
0.00503192
0.000383082
9.11288e-05
4.45437e-05
3.23204e-05
6.11806e-05
0.000137701
0.000236952
0.000344184
0.000462135
0.000577028
0.000627096
0.000499553
0.000332964
0.000213206
0.000138645
9.53459e-05
6.93796e-05
4.97253e-05
3.27077e-05
2.01699e-05
1.68201e-05
4.49577e-05
8.57098e-05
0.000588706
0.0048522
0.00526668
0.00404016
0.00397358
0.00441692
0.00495064
0.00544521
0.00586992
0.00621658
0.00647991
0.0066567
0.00674535
0.00674528
0.00665652
0.00647962
0.0062162
0.00586949
0.00544475
0.00495016
0.00441644
0.00397308
0.0040394
0.00526521
0.00485246
0.000676769
0.00115168
0.00142086
0.00167705
0.00197479
0.00229147
0.00260703
0.00289502
0.00311155
0.00322905
0.00327073
0.00327097
0.00327085
0.00327046
0.00322866
0.00311093
0.00289409
0.00260604
0.00229052
0.00197402
0.00167654
0.00142059
0.00115147
0.00067693
0.00472802
0.00469816
0.00397024
0.00385066
0.00424693
0.00493333
0.00578052
0.00674549
0.00778879
0.00882603
0.00972668
0.0102819
0.0103168
0.00986823
0.00910478
0.00813058
0.00706466
0.00602357
0.00508674
0.00432843
0.0038849
0.00397562
0.00469126
0.00473551
0.0045274
0.00353045
0.00420733
0.00504418
0.00597488
0.00685775
0.0075304
0.00794323
0.00816193
0.00827939
0.00836037
0.00839751
0.0083966
0.00835817
0.00827658
0.00815892
0.00793996
0.00752656
0.0068533
0.0059706
0.0050409
0.00420535
0.0035296
0.00452615
3.98337e-05
4.2549e-05
5.682e-05
6.63927e-05
7.28393e-05
7.50637e-05
7.38056e-05
7.12762e-05
7.16858e-05
7.298e-05
5.76524e-05
3.58067e-05
2.64969e-05
2.71043e-05
3.85734e-05
6.30787e-05
9.28454e-05
0.000121188
0.000142497
0.000155075
0.000160406
0.000162742
0.000173458
0.000273155
0.00123571
0.00115417
0.00231182
0.00352843
0.00102881
0.000528257
0.000865688
0.00141465
0.00186947
0.00213829
0.00219822
0.00218554
0.00214205
0.00189254
0.00150432
0.0010817
0.000714231
0.000456547
0.000356851
0.000894835
0.00197417
0.00171432
0.00101352
0.00122092
0.0055079
0.00633506
0.00446327
0.00381668
0.00399228
0.00446397
0.00495522
0.00537082
0.00569156
0.00592162
0.00606946
0.00614181
0.00614174
0.00606926
0.00592128
0.00569108
0.00537021
0.00495454
0.00446341
0.00399163
0.0038155
0.00446084
0.00633317
0.00550932
0.0020363
0.00297999
0.00491916
0.00654212
0.00792091
0.00910794
0.0101352
0.0110025
0.011702
0.0122249
0.0125695
0.0127397
0.0127391
0.0125677
0.0122219
0.0116979
0.0109975
0.0101292
0.00910133
0.007914
0.00653501
0.00491158
0.00297176
0.00203349
0.00121055
0.00109519
0.00143438
0.00245133
0.00417603
0.00522508
0.00191255
0.00124262
0.00141063
0.00173928
0.00196163
0.00200728
0.00188954
0.00164022
0.00132706
0.0010501
0.00105315
0.00183895
0.00291372
0.00273103
0.00190239
0.00127917
0.00105328
0.00120091
0.000444035
0.00107402
0.00118393
0.00133697
0.00150234
0.00163546
0.00174382
0.00184307
0.00193537
0.00201153
0.00206286
0.00208786
0.00208792
0.00206298
0.0020116
0.00193535
0.00184295
0.00174363
0.00163522
0.00150205
0.00133667
0.00118367
0.0010738
0.000444218
0.00630285
0.00668063
0.00429931
0.00374606
0.00397895
0.00440346
0.00483607
0.00523099
0.00557077
0.00584148
0.00603059
0.0061284
0.00612821
0.00603003
0.00584058
0.00556962
0.00522968
0.0048347
0.00440214
0.00397785
0.0037455
0.00429941
0.00668033
0.0063022
0.0013488
0.00131156
0.00247284
0.00128995
0.000573188
0.000720416
0.00124635
0.00180241
0.0022038
0.00232053
0.00221307
0.00219259
0.00232476
0.00215004
0.00176328
0.00127647
0.000840328
0.00055526
0.000450779
0.000611843
0.00149483
0.00178671
0.0011748
0.00137895
0.0010507
0.000870878
0.00166392
0.00297677
0.00217181
0.000503194
0.000489621
0.00090066
0.00134425
0.00166418
0.00180372
0.0018057
0.00168163
0.00141202
0.00106375
0.000721514
0.000449139
0.000276898
0.000312659
0.00130629
0.00196011
0.00132617
0.000785778
0.00103109
0.00660114
0.0068089
0.00434698
0.0037966
0.00403915
0.00447265
0.00491727
0.00532832
0.0056874
0.00597804
0.00618388
0.00629147
0.00629126
0.00618325
0.00597702
0.00568609
0.00532684
0.00491573
0.00447119
0.00403796
0.00379605
0.00434728
0.00680887
0.00660019
0.00164615
0.0014688
0.0018198
0.00219726
0.00247661
0.0026599
0.0028034
0.00295138
0.00310394
0.00324059
0.00334106
0.00340061
0.00340063
0.00334106
0.00324035
0.00310332
0.00295034
0.00280195
0.00265808
0.0024746
0.00219533
0.00181831
0.00146786
0.00164566
0.00307343
0.00383379
0.0029547
0.0028851
0.003129
0.00339878
0.00360833
0.00375901
0.00386006
0.00392317
0.00395741
0.00397125
0.00397123
0.00395737
0.00392315
0.0038601
0.00375914
0.00360856
0.0033991
0.00312933
0.00288495
0.00295269
0.00382899
0.00308072
0.000115999
5.05101e-05
9.18724e-05
0.000142046
0.000205912
0.000284502
0.000378131
0.000484744
0.000594707
0.00068161
0.000713113
0.000605708
0.000372638
0.000207803
0.000123279
8.38652e-05
6.22453e-05
4.35262e-05
2.7188e-05
1.59386e-05
1.99535e-05
4.96931e-05
0.000151953
0.000810558
0.00262408
0.00248381
0.00335892
0.0044294
0.00454043
0.00430801
0.00479099
0.0061312
0.00742649
0.00756303
0.00650015
0.00517511
0.00512974
0.00597648
0.0070397
0.00802374
0.00890453
0.00909895
0.00820859
0.00665336
0.00491861
0.00338249
0.00252507
0.00266862
0.00587585
0.0056741
0.00607934
0.00736112
0.0091779
0.0111206
0.013037
0.0147518
0.0161648
0.0172271
0.0179409
0.0182986
0.018298
0.0179389
0.0172237
0.0161599
0.0147457
0.0130298
0.0111135
0.00917224
0.00735721
0.00607723
0.00567352
0.0058762
0.00447202
0.00523196
0.00440687
0.00469107
0.00537225
0.00609464
0.00676091
0.00734172
0.00782405
0.00819467
0.00844513
0.00857126
0.00857115
0.0084448
0.00819415
0.00782336
0.00734092
0.00676005
0.00609378
0.00537145
0.00469038
0.00440615
0.00523082
0.00447216
0.00318105
0.00286635
0.00322379
0.00356805
0.00385251
0.00410709
0.00432895
0.00452197
0.00467353
0.00477751
0.00483278
0.0048494
0.00484913
0.00483208
0.00477649
0.00467233
0.00452065
0.00432761
0.00410584
0.00385141
0.00356716
0.00322306
0.00286574
0.00318101
0.00548979
0.0038648
0.00417878
0.00462501
0.0050974
0.00554103
0.00589711
0.00613972
0.00628494
0.0063654
0.00641133
0.00642833
0.00642795
0.00641038
0.00636413
0.00628345
0.00613797
0.00589501
0.00553866
0.00509513
0.00462318
0.00417755
0.00386415
0.00548865
0.000937281
0.000958217
0.0010056
0.00104775
0.0010857
0.00112293
0.00114775
0.00115796
0.00115826
0.00116347
0.00134215
0.00160669
0.00161949
0.00167042
0.00170909
0.00173091
0.00173101
0.00170994
0.0016686
0.00159765
0.00148887
0.00133156
0.00113035
0.000944895
0.00162362
0.00165384
0.00304963
0.00393006
0.00154765
0.00100079
0.00141495
0.00223392
0.0029599
0.00329695
0.00322788
0.00308698
0.00316944
0.00314345
0.00287365
0.00241592
0.00192138
0.00152354
0.00147926
0.00232632
0.00297124
0.00232302
0.00143909
0.00161772
0.000441208
0.000486617
0.000542057
0.00050075
0.000395916
0.000273882
0.000163239
9.24241e-05
0.000111179
0.000244167
0.000194373
0.000149584
0.000131393
0.000138571
0.000148853
8.41551e-05
8.98543e-05
0.000162083
0.00027274
0.000395582
0.000501198
0.000543255
0.000489044
0.000446276
0.00584841
0.00638218
0.00423479
0.00371164
0.00396043
0.00441107
0.00486709
0.0052754
0.00561848
0.00588565
0.00606876
0.00616216
0.00616201
0.0060683
0.0058849
0.0056175
0.00527425
0.00486586
0.00440985
0.0039594
0.00371105
0.00423461
0.00638138
0.00584822
0.00279952
0.00462377
0.00716801
0.00948653
0.0115234
0.0132981
0.0148588
0.0162353
0.017414
0.0183281
0.0189484
0.0192681
0.0192659
0.018942
0.0183178
0.0174002
0.0162188
0.0148403
0.0132785
0.0115038
0.00946829
0.0071526
0.00461465
0.00280154
0.000601505
0.000733339
0.00104182
0.00121949
0.0013703
0.00147645
0.00155909
0.00164524
0.00173704
0.00181903
0.0018763
0.00190494
0.00190503
0.00187648
0.00181915
0.00173701
0.00164506
0.0015588
0.00147607
0.00136985
0.00121905
0.00104143
0.000732861
0.000601527
0.00544433
0.00632777
0.00433584
0.00367799
0.00384059
0.00428399
0.00474752
0.00514814
0.00546723
0.0057037
0.00585985
0.00593767
0.00593755
0.00585953
0.00570317
0.00546651
0.00514724
0.00474651
0.00428297
0.0038397
0.0036772
0.00433438
0.00632447
0.00544602
0.0109099
0.00593898
0.00417767
0.00405707
0.004402
0.00479965
0.00516893
0.00550754
0.00580714
0.00606107
0.00622534
0.00629416
0.00629401
0.00622489
0.00606038
0.00580627
0.00550653
0.00516786
0.0047986
0.00440106
0.00405643
0.00417751
0.00593902
0.01091
0.00476679
0.00547433
0.0043546
0.00451422
0.00514761
0.00585391
0.00652083
0.00710994
0.00760303
0.00798356
0.00824143
0.00837209
0.00837199
0.00824113
0.00798307
0.00760239
0.00710918
0.00652001
0.00585307
0.00514683
0.00451355
0.00435393
0.00547322
0.00476695
0.00342285
0.00480762
0.00724758
0.0099049
0.0125059
0.0148978
0.0170474
0.0189422
0.0205172
0.0217272
0.0225533
0.0229769
0.0229758
0.0225497
0.0217208
0.0205082
0.0189309
0.0170343
0.014884
0.0124922
0.00989237
0.00723818
0.00480369
0.00342255
0.00106882
0.000859887
0.00159541
0.000503425
0.000342512
0.000611591
0.000977017
0.00135453
0.00162743
0.00167765
0.00161458
0.00169289
0.00175523
0.00142034
0.000977
0.000577286
0.000301596
0.000162964
0.000108547
0.000113984
0.00047533
0.00101795
0.000806244
0.00112382
0.00493848
0.00262059
0.00295628
0.00354558
0.00414415
0.00469824
0.00516677
0.00552139
0.00576455
0.00591516
0.00600013
0.00603045
0.00603023
0.00599956
0.00591437
0.00576356
0.00552011
0.00516511
0.00469632
0.00414224
0.00354398
0.00295511
0.00261979
0.00493763
0.00477838
0.00542663
0.00429374
0.00443355
0.00504681
0.00573045
0.00637269
0.00693665
0.0074066
0.00776848
0.00801365
0.0081378
0.00813771
0.00801339
0.00776805
0.00740604
0.006936
0.00637197
0.00572972
0.00504611
0.00443293
0.00429307
0.00542548
0.00477853
0.00533184
0.00562579
0.00648976
0.00813106
0.0101967
0.0123583
0.0143273
0.0161008
0.0175834
0.0187084
0.0194717
0.0198574
0.0198567
0.0194693
0.0187043
0.0175777
0.0160939
0.0143195
0.0123498
0.0101898
0.00812604
0.00648661
0.00562403
0.00533149
0.00130525
0.00175228
0.00204583
0.00212668
0.00207176
0.00198123
0.00187902
0.00177617
0.00167778
0.00158996
0.00151966
0.00147594
0.00147567
0.0015191
0.00158928
0.00167709
0.00177554
0.00187856
0.00198104
0.00207194
0.00212716
0.00204699
0.00175484
0.00131307
0.00029465
0.000253628
0.000235029
0.000250243
0.000275441
0.000299333
0.000319575
0.000335116
0.000362698
0.000432997
0.000473388
0.000440736
0.000427398
0.000435904
0.000450068
0.000462095
0.000467345
0.000463685
0.000449117
0.000422444
0.000411242
0.000426759
0.00047464
0.000651005
0.00344647
0.00314516
0.00347573
0.00415342
0.00502959
0.00591418
0.00668457
0.0072835
0.007706
0.00797767
0.00813376
0.00820382
0.00820344
0.00813272
0.00797632
0.00770484
0.00728309
0.00668538
0.00591635
0.00503274
0.00415634
0.00347624
0.00314058
0.00344398
0.00201053
0.00469144
0.00739356
0.00964163
0.0115034
0.0130478
0.014343
0.0154307
0.0163328
0.0170587
0.0175962
0.0178874
0.0178852
0.0175898
0.0170483
0.0163188
0.0154136
0.0143235
0.0130264
0.011481
0.00961996
0.00737455
0.00467821
0.00201135
0.000279786
0.00098583
0.00123171
0.00116321
0.000950753
0.000698209
0.000456051
0.000249198
9.48984e-05
6.46389e-06
1.84055e-05
1.80256e-05
1.5622e-05
1.10943e-05
1.3462e-05
9.51549e-05
0.000249735
0.000457258
0.000699929
0.000952826
0.00116568
0.00123526
0.000992753
0.000284913
0.0134553
0.00597004
0.00459438
0.0044763
0.00451755
0.0045525
0.00457059
0.00457864
0.00458204
0.00458351
0.00458414
0.00458432
0.00458432
0.00458414
0.00458351
0.00458204
0.00457864
0.00457058
0.00455249
0.00451755
0.00447628
0.00459435
0.00596996
0.0134554
0.00132935
0.00128869
0.00255162
0.00387226
0.00139831
0.000754299
0.00108695
0.00167033
0.00212818
0.00236778
0.00238593
0.00235711
0.00236423
0.00216361
0.00180218
0.0013777
0.00098931
0.000728339
0.000734489
0.00134667
0.00212863
0.00186127
0.00112353
0.00131999
0.000306288
0.0006216
0.0011149
0.00141883
0.00162755
0.00181528
0.00199664
0.00216068
0.00229284
0.00238316
0.00243032
0.00244545
0.00244551
0.00243078
0.00238431
0.00229462
0.00216286
0.00199897
0.00181758
0.00162987
0.00142148
0.00111814
0.000624459
0.000305233
0.000510089
0.000697405
0.000784892
0.000834842
0.000896519
0.000958322
0.00101907
0.00107448
0.00111837
0.00114601
0.00115649
0.00115733
0.00115737
0.00115673
0.0011465
0.0011191
0.00107537
0.00102008
0.000959437
0.000897747
0.000836097
0.000786104
0.000698389
0.000510615
0.00655882
0.00644692
0.00425687
0.00386533
0.00414921
0.00457112
0.00498393
0.0053551
0.00567015
0.00591572
0.0060828
0.00616752
0.00616738
0.00608236
0.00591502
0.00566926
0.00535408
0.00498284
0.00457004
0.00414826
0.00386477
0.00425681
0.00644652
0.00655857
0.00638321
0.006927
0.00462148
0.00418156
0.00459568
0.00527604
0.00600901
0.00671495
0.00734811
0.00786977
0.00824389
0.00844058
0.00844015
0.00824255
0.00786755
0.0073452
0.0067116
0.00600555
0.00527287
0.00459333
0.00418068
0.00462236
0.00692804
0.00638105
0.00257836
0.00650542
0.0102684
0.0135399
0.0162896
0.0185482
0.0204042
0.0219082
0.0231108
0.0240386
0.0246854
0.0250266
0.0250252
0.0246811
0.0240314
0.023101
0.0218963
0.020391
0.0185343
0.016276
0.0135289
0.0102601
0.00649993
0.00257504
0.00333616
0.00564742
0.00844092
0.0112783
0.0139515
0.0163831
0.0185324
0.0204062
0.0219808
0.0232261
0.0241009
0.0245579
0.0245562
0.0240953
0.0232167
0.0219679
0.0203905
0.0185146
0.0163643
0.0139328
0.011261
0.00842684
0.00563795
0.00333403
0.00323303
0.00579688
0.00406715
0.00356517
0.00379995
0.00422355
0.00459939
0.00488043
0.00507022
0.00518777
0.0052547
0.00528628
0.00528631
0.00525508
0.00518821
0.00507069
0.004881
0.00460018
0.00422422
0.00380027
0.00356386
0.00406061
0.00577814
0.00325091
0.00670246
0.00588947
0.00534171
0.00533275
0.00586986
0.00669224
0.00762933
0.00864012
0.00966819
0.0105638
0.0110761
0.0107279
0.0109233
0.0113023
0.010905
0.0100463
0.00898565
0.00789698
0.00686585
0.00596997
0.0053823
0.00535837
0.00589217
0.00671346
0.0108241
0.00530621
0.00426678
0.00458588
0.00525289
0.00595026
0.00662612
0.00727882
0.00788315
0.00836625
0.00865781
0.0087987
0.00879837
0.00865685
0.00836473
0.00788128
0.00727671
0.00662396
0.00594816
0.00525101
0.00458441
0.00426592
0.00530582
0.0108242
0.00555486
0.00620236
0.00424244
0.00364963
0.00384848
0.00429562
0.00475454
0.0051553
0.00548086
0.00572701
0.00589227
0.00597546
0.00597534
0.00589192
0.00572645
0.0054801
0.00515438
0.0047535
0.00429458
0.00384758
0.00364898
0.00424158
0.0062002
0.00555553
0.00781657
0.00699468
0.00481673
0.00461072
0.00512086
0.00585788
0.00666554
0.00747412
0.00823333
0.00888968
0.00938281
0.00965276
0.0096523
0.00938135
0.00888738
0.00823048
0.00747103
0.0066625
0.00585518
0.00511892
0.00461001
0.00481762
0.00699565
0.0078141
0.00278801
0.00267697
0.00389251
0.00491124
0.00574273
0.00646138
0.00710256
0.00767856
0.00817994
0.00857749
0.00884415
0.00897644
0.00897599
0.00884278
0.00857527
0.00817674
0.00767426
0.00709732
0.00645577
0.00573698
0.00490553
0.00388684
0.00267115
0.00278718
0.00230722
0.00208838
0.00326271
0.00357912
0.00289225
0.00250943
0.00301499
0.00420666
0.00509201
0.00525567
0.00429268
0.00343919
0.00379435
0.00454167
0.00527431
0.00590692
0.00639899
0.00660196
0.00667903
0.00623379
0.00501346
0.00346594
0.00220677
0.00238406
0.00267988
0.00269891
0.00408535
0.00526249
0.006229
0.00706217
0.00779486
0.00843956
0.0089899
0.00941925
0.00970251
0.00984229
0.00984174
0.00970088
0.00941662
0.00898621
0.00843477
0.00778918
0.00705628
0.00622302
0.00525658
0.00407949
0.00269284
0.00267881
0.00331027
0.00360179
0.00355435
0.00427621
0.00539413
0.0066266
0.00806535
0.00985246
0.0118769
0.0137544
0.0150225
0.0143097
0.014255
0.0153139
0.0149313
0.0136537
0.011771
0.00959901
0.00750023
0.00572588
0.00435332
0.00356187
0.00360916
0.00331774
0.0146381
0.0050977
0.00385808
0.00389706
0.00401171
0.00407762
0.00410841
0.00412115
0.00412603
0.00412775
0.00412836
0.00412848
0.00412848
0.00412836
0.00412775
0.00412603
0.00412115
0.00410841
0.00407762
0.00401171
0.00389706
0.00385808
0.00509769
0.0146382
0.00269151
0.00259164
0.00292777
0.00310769
0.00319001
0.00326734
0.00333453
0.00339108
0.00342876
0.00344523
0.00344335
0.00342856
0.00342833
0.00344283
0.00344453
0.00342792
0.00339017
0.00333363
0.00326652
0.00318932
0.00310714
0.00292738
0.00259139
0.00269149
0.00128042
0.00115354
0.00188859
0.00347224
0.0049999
0.00164996
0.000812932
0.00110136
0.00160399
0.00202162
0.00223796
0.0022664
0.00214686
0.00187914
0.00150092
0.00109446
0.00078126
0.00078077
0.00174104
0.00300275
0.00245253
0.00154362
0.00106009
0.00126465
0.00385089
0.00543301
0.00709263
0.00906251
0.0112539
0.01331
0.0149145
0.0160395
0.0167849
0.017277
0.0176095
0.0177878
0.0177865
0.0176061
0.0172723
0.0167793
0.0160333
0.0149072
0.0133015
0.0112458
0.00905627
0.00708889
0.00543115
0.00384973
0.00515735
0.00566802
0.00649193
0.00811101
0.0101921
0.0123433
0.014355
0.016151
0.0176257
0.0187266
0.0194605
0.0198303
0.0198296
0.0194585
0.0187231
0.0176207
0.0161446
0.0143475
0.0123355
0.0101858
0.00810611
0.00648915
0.00566699
0.00515786
0.00157492
0.0011911
0.00115585
0.000979227
0.000804593
0.000715147
0.000728183
0.000868095
0.00120074
0.0015199
0.00174715
0.00225519
0.00251094
0.00260443
0.00262494
0.0026799
0.00279818
0.00296863
0.0031498
0.00327631
0.00314553
0.00255666
0.00178079
0.00190376
0.000428591
0.000886058
0.00107292
0.00123524
0.00136843
0.00146869
0.00155099
0.00163072
0.00170842
0.00177477
0.00182042
0.00184357
0.00184366
0.00182059
0.00177492
0.00170849
0.00163072
0.00155095
0.00146863
0.00136831
0.00123511
0.00107279
0.000885899
0.000428787
0.00297951
0.00313946
0.00450177
0.0061735
0.00786239
0.00938771
0.010687
0.0117515
0.0125987
0.0132715
0.0137363
0.01396
0.013959
0.0137332
0.0132662
0.0125913
0.0117427
0.0106774
0.00937782
0.00785288
0.00616508
0.00449539
0.00313631
0.00298048
0.00179441
0.00157616
0.00196969
0.00109832
0.000640395
0.000696225
0.00128312
0.00208023
0.00276715
0.00287414
0.0023477
0.00227663
0.00285629
0.00312481
0.00312982
0.00299629
0.00269486
0.00243363
0.00253054
0.0032743
0.00380682
0.00311085
0.00184164
0.00200414
0.00102255
0.00188207
0.0015367
0.00158603
0.0016592
0.00168363
0.00166184
0.0016157
0.00155605
0.0014945
0.00144042
0.00140618
0.00140594
0.00143978
0.00149368
0.00155522
0.00161496
0.00166129
0.00168333
0.00165917
0.00158616
0.001536
0.00187896
0.00104116
0.000645453
0.000926587
0.00103673
0.00108103
0.00116482
0.00122714
0.00127901
0.00132788
0.00137048
0.00140286
0.00142147
0.00142998
0.00143007
0.00142171
0.00140327
0.00137104
0.0013286
0.00128004
0.00122849
0.00116653
0.00108268
0.0010384
0.000927968
0.000646175
0.00614348
0.00671455
0.00436204
0.00377227
0.00401566
0.00449066
0.00498596
0.00544052
0.00583064
0.00614015
0.00635561
0.00646667
0.00646644
0.0063549
0.00613899
0.00582911
0.00543874
0.00498407
0.00448886
0.00401422
0.00377162
0.00436228
0.00671437
0.00614271
0.00416583
0.00561042
0.00808078
0.0103343
0.0123325
0.0140412
0.0154598
0.0165931
0.0174617
0.0180891
0.0184974
0.0186985
0.018698
0.0184957
0.0180863
0.0174577
0.016588
0.0154537
0.0140343
0.0123251
0.0103271
0.0080742
0.0056048
0.00416229
0.0026781
0.0041571
0.00306163
0.00293583
0.00319159
0.00348353
0.00371184
0.00387357
0.00398128
0.00404863
0.00408619
0.00410267
0.00410275
0.00408641
0.00404899
0.00398179
0.00387418
0.00371257
0.00348435
0.00319238
0.00293588
0.00305869
0.00414971
0.00268995
0.000466916
0.00012003
9.52664e-05
7.63008e-05
5.07995e-05
2.79874e-05
5.40588e-05
0.000106589
0.000175309
0.000257238
0.000307237
0.000281043
0.000221266
0.000158092
0.000105629
6.6916e-05
3.94389e-05
2.12779e-05
1.09853e-05
1.66182e-05
5.24763e-05
8.43239e-05
0.000115536
0.000456548
0.00236731
0.00208876
0.00314569
0.00459475
0.00613015
0.0075574
0.00878906
0.0097705
0.0104849
0.010957
0.0112348
0.0113625
0.0113624
0.0112346
0.0109572
0.0104864
0.00977414
0.00879509
0.00756555
0.00613961
0.00460398
0.00315181
0.00208896
0.00236358
0.00365009
0.00400112
0.0036849
0.00410252
0.00499333
0.00606502
0.00728964
0.00870418
0.0102682
0.0118137
0.0130918
0.0138607
0.0139632
0.0135231
0.0125703
0.0111823
0.00955271
0.00789351
0.00637992
0.00511142
0.00413502
0.00368895
0.00399717
0.0036521
0.00331626
0.00429071
0.00461983
0.00521362
0.00586259
0.00646203
0.00700584
0.00748429
0.00788022
0.00817909
0.0083743
0.00846558
0.00846529
0.00837349
0.00817787
0.0078787
0.0074826
0.00700412
0.00646041
0.00586118
0.00521253
0.00461892
0.00428983
0.00331625
0.00582926
0.0068145
0.0049867
0.00473256
0.00534249
0.0062606
0.00722079
0.00810861
0.00886783
0.00946466
0.00987589
0.0100856
0.0100851
0.00987442
0.00946219
0.00886444
0.00810452
0.00721639
0.00625649
0.0053395
0.00473157
0.0049878
0.00681562
0.00582733
0.0009872
0.00124473
0.00152392
0.00187026
0.00230365
0.00283383
0.00345548
0.00414413
0.00480173
0.00528808
0.00554852
0.00564835
0.00564918
0.00555166
0.00529541
0.00481364
0.0041579
0.00346829
0.00284434
0.00231161
0.00187551
0.00152667
0.00124525
0.000986503
0.00334297
0.00456338
0.0048384
0.00548149
0.0062301
0.00693052
0.00756818
0.00812889
0.00859548
0.00895145
0.00918782
0.00930311
0.00930284
0.00918703
0.00895023
0.00859394
0.00812716
0.00756643
0.00692887
0.00622867
0.00548038
0.00483748
0.00456246
0.00334301
0.00382141
0.00454629
0.00345508
0.00329304
0.00357485
0.00393442
0.00424587
0.00449214
0.004677
0.00480786
0.00489074
0.00493056
0.00493056
0.00489077
0.00480793
0.00467712
0.00449233
0.00424613
0.0039347
0.00357505
0.00329269
0.00345301
0.00454188
0.00382528
0.00185959
0.0067369
0.00990184
0.0122729
0.0141131
0.0155988
0.0168283
0.0178543
0.0187016
0.0193685
0.0198491
0.0201069
0.0201045
0.0198418
0.0193566
0.0186855
0.0178346
0.0168055
0.0155738
0.0140871
0.0122481
0.00988362
0.00673106
0.00186478
0.00221438
0.00221046
0.00315555
0.00450639
0.00581343
0.00685757
0.00760983
0.00817079
0.00862615
0.00899769
0.00927112
0.00942395
0.00942365
0.0092698
0.00899502
0.00862197
0.00816523
0.00760329
0.0068506
0.00580658
0.00450028
0.00315077
0.00220762
0.00221331
0.00203608
0.00198268
0.00301946
0.00440396
0.00589082
0.00729275
0.00852612
0.00953895
0.0102927
0.0107908
0.0110806
0.011213
0.0112129
0.0110804
0.0107913
0.0102951
0.00954404
0.00853372
0.0073024
0.00590182
0.00441445
0.00302641
0.00198331
0.00203298
0.00113686
0.00104792
0.00122378
0.00188569
0.00315779
0.004443
0.0022958
0.00119238
0.00118641
0.00142752
0.00161762
0.0016547
0.00153843
0.00130912
0.00105016
0.000864884
0.0010601
0.00207103
0.00265946
0.00224784
0.00157527
0.00114116
0.00102547
0.00113062
0.00022651
0.000187523
0.000179316
0.000185848
0.000191797
0.000192661
0.000192821
0.000204797
0.000238746
0.000285811
0.00028772
0.000247969
0.000235803
0.000248079
0.000269924
0.000293105
0.000315918
0.0003319
0.000338909
0.000336343
0.000327669
0.000326819
0.000366821
0.000509847
0.000296928
0.000227308
0.000217494
0.000223104
0.000226986
0.000225623
0.000220487
0.000217805
0.000235765
0.000277467
0.000284127
0.000257796
0.000259155
0.000277921
0.000301825
0.000324974
0.000344901
0.000362035
0.000378588
0.000396352
0.000415075
0.000433236
0.000446654
0.00055293
0.00312235
0.0021605
0.0023237
0.002698
0.003118
0.00353532
0.00393667
0.00431334
0.00464907
0.0049216
0.00511164
0.00520679
0.00520739
0.0051131
0.00492376
0.00465144
0.00431538
0.00393816
0.00353617
0.00311844
0.00269794
0.00232308
0.00215967
0.00312306
0.00114502
0.000996613
0.00189325
0.00334233
0.00288801
0.000716743
0.000670226
0.0011252
0.00159027
0.00190378
0.00202849
0.00203157
0.00193357
0.00167977
0.00132228
0.000944879
0.000626566
0.000433516
0.000596102
0.00165863
0.00217931
0.0014885
0.000891311
0.00112459
4.77455e-05
4.95146e-05
5.52979e-05
5.35214e-05
5.09208e-05
5.263e-05
6.25295e-05
7.77319e-05
9.81489e-05
0.000113906
9.85792e-05
6.58669e-05
5.13418e-05
6.23176e-05
8.38779e-05
0.000110517
0.000137827
0.000165428
0.000188549
0.00020644
0.00022117
0.000236738
0.000265816
0.000403522
0.001668
0.00171593
0.00317963
0.00421494
0.00207872
0.00134198
0.00175342
0.00259556
0.00328884
0.00357892
0.00342401
0.00322211
0.00334726
0.0033989
0.00322349
0.00286015
0.00245991
0.00223999
0.00234001
0.00280369
0.00314214
0.00244793
0.00150795
0.00167613
0.00451923
0.00469944
0.00370591
0.0036695
0.00404566
0.00448439
0.00487479
0.00519978
0.00545786
0.00564924
0.00577475
0.00583622
0.00583616
0.00577459
0.00564901
0.00545758
0.00519947
0.00487447
0.00448408
0.00404534
0.00366903
0.00370491
0.00469759
0.00451988
0.00098842
0.00178511
0.00213221
0.00194325
0.00176706
0.00164191
0.00161179
0.00165451
0.00173288
0.0018136
0.00187356
0.00190323
0.00190333
0.00187394
0.00181428
0.00173374
0.00165548
0.00161288
0.00164309
0.00176801
0.00194309
0.00213002
0.00178506
0.000986888
0.00140667
0.00139379
0.00228828
0.000851077
0.000550846
0.000858621
0.00140177
0.00200293
0.00243131
0.00250266
0.00225656
0.00222741
0.00249837
0.00240004
0.00199671
0.00146556
0.000962325
0.000639273
0.000560717
0.000857801
0.00152478
0.00184476
0.00127464
0.00148225
0.00190399
0.00451681
0.0074992
0.0100225
0.0120452
0.0136391
0.0148861
0.0158602
0.0166111
0.0171836
0.0175855
0.0178041
0.0178021
0.0175795
0.0171738
0.0165977
0.0158444
0.0148683
0.0136201
0.0120262
0.0100047
0.00748451
0.00450645
0.00190419
0.00326974
0.00622553
0.00938314
0.0125342
0.0154505
0.0180338
0.0202823
0.02221
0.0238061
0.025048
0.0259078
0.0263554
0.026354
0.025903
0.0250397
0.0237945
0.0221955
0.0202657
0.018016
0.0154325
0.0125173
0.00936895
0.00621559
0.00326674
0.00320917
0.00531519
0.00384223
0.00348557
0.00376451
0.00416071
0.0044772
0.00468705
0.00481295
0.00489002
0.00494128
0.00497596
0.00497308
0.00493982
0.00488988
0.00481341
0.00468706
0.0044767
0.00415965
0.0037633
0.00348325
0.00383536
0.00530052
0.0032155
0.00202263
0.00175653
0.0021098
0.0022031
0.00201879
0.00185016
0.00187181
0.00203851
0.00223257
0.00240783
0.00241274
0.00280186
0.00352733
0.00385684
0.00407262
0.00444093
0.00492079
0.00523359
0.00525065
0.00490069
0.00411078
0.00302251
0.00213395
0.00218471
0.00342316
0.00589048
0.00414098
0.00359049
0.00380389
0.00423205
0.00463201
0.00494485
0.00517128
0.0053185
0.00540641
0.00544814
0.00544815
0.00540661
0.00531883
0.00517182
0.00494557
0.0046329
0.004233
0.00380443
0.00358939
0.00413498
0.0058738
0.00344287
0.00313125
0.00439682
0.00345033
0.00334496
0.00370928
0.00414301
0.00456054
0.00495922
0.00532938
0.00564961
0.00586207
0.00594834
0.00589558
0.00573146
0.00547205
0.0051462
0.00481147
0.00446492
0.00409242
0.00368519
0.00333276
0.00344255
0.00439317
0.00313776
0.00121173
0.00110897
0.00220095
0.00366709
0.00179511
0.000686972
0.000860101
0.00138999
0.00186434
0.00215433
0.00223792
0.00222967
0.00217253
0.00193769
0.0015715
0.00116288
0.00079676
0.000559862
0.000587234
0.00150294
0.00220997
0.00166744
0.000975967
0.0011939
0.00307997
0.00363576
0.00316419
0.0034756
0.00427068
0.00527275
0.00627348
0.0070363
0.00754924
0.00790893
0.00812115
0.00819477
0.00815823
0.00800201
0.00768029
0.00713401
0.00641997
0.00558537
0.00473793
0.00396364
0.00333414
0.00311121
0.00362501
0.00308821
0.00103038
0.000836786
0.00154638
0.00290194
0.00362556
0.000709739
0.000512224
0.000885587
0.00132817
0.00165854
0.00180997
0.00181709
0.00169769
0.0014433
0.00111009
0.000775384
0.000507109
0.000372012
0.000679373
0.00182465
0.00195034
0.00124103
0.000758421
0.00101037
0.00120982
0.00226791
0.00273358
0.00306959
0.00333042
0.00350993
0.00359578
0.00354662
0.00334441
0.00305164
0.002692
0.00248975
0.00328919
0.00382529
0.00421225
0.00448082
0.00459188
0.0044956
0.00421068
0.00380626
0.00334855
0.00288558
0.00233801
0.00121084
0.00112369
0.00094771
0.00175447
0.000638687
0.000429288
0.000717831
0.00110299
0.00148201
0.00172691
0.00174138
0.00165754
0.00174383
0.00185874
0.00156596
0.00112797
0.000699321
0.000380119
0.000215874
0.000169777
0.000230375
0.000571584
0.00114483
0.000908748
0.00121319
0.00497664
0.00260184
0.00274813
0.00315037
0.00356766
0.00395462
0.00428263
0.00453321
0.00470735
0.00481716
0.00488006
0.00490377
0.0049036
0.00487964
0.00481657
0.00470659
0.00453225
0.00428142
0.00395324
0.00356631
0.00314926
0.00274734
0.00260133
0.00497607
0.000468792
0.000468892
0.000468924
0.000401703
0.000308821
0.000270048
0.000322732
0.000105851
7.08174e-05
8.31565e-05
9.37618e-05
9.00324e-05
7.64029e-05
6.10438e-05
4.99301e-05
5.13603e-05
8.76171e-05
0.000199989
0.000223333
0.000300019
0.000402535
0.000471481
0.000472114
0.000472704
0.00610337
0.00614689
0.00425537
0.00401128
0.00437355
0.0048567
0.00532759
0.0057481
0.0060983
0.00636603
0.00654436
0.00663315
0.00663303
0.00654397
0.00636542
0.0060975
0.00574718
0.00532659
0.00485569
0.00437264
0.00401066
0.00425509
0.00614621
0.00610333
0.000440546
0.000191605
0.000167512
0.000131315
0.00011614
5.88867e-05
3.19868e-05
5.926e-05
0.000107119
0.000169416
0.000208212
0.00019774
0.000158169
0.000112551
7.37731e-05
4.58867e-05
2.83555e-05
2.05235e-05
3.21258e-05
7.55233e-05
0.000114324
0.000163757
0.000192086
0.000438922
0.00599718
0.00655394
0.00428642
0.00370289
0.00392999
0.00437867
0.00484119
0.00525972
0.00561413
0.00589197
0.00608354
0.00618164
0.00618146
0.00608297
0.00589104
0.00561292
0.0052583
0.00483966
0.00437719
0.00392878
0.00370227
0.00428642
0.00655338
0.00599678
0.00648834
0.00620643
0.00428802
0.00403913
0.00439092
0.00486042
0.00532015
0.00573354
0.00607837
0.00634179
0.0065167
0.00660355
0.00660342
0.00651629
0.00634114
0.00607752
0.00573256
0.0053191
0.00485936
0.00438997
0.00403852
0.00428783
0.00620583
0.0064883
0.000420672
9.86676e-05
5.56251e-05
3.71642e-05
6.29259e-05
0.000142068
0.000245567
0.000358143
0.000479652
0.000592692
0.000643581
0.000525122
0.000354373
0.000223253
0.00013918
9.03488e-05
6.25049e-05
4.40219e-05
2.98489e-05
1.85143e-05
1.59193e-05
4.8788e-05
8.79932e-05
0.00058749
0.00397688
0.0062533
0.00431596
0.00361771
0.00376016
0.00418758
0.00462058
0.00497758
0.0052481
0.00543947
0.00556043
0.00561944
0.00561943
0.00556053
0.00543969
0.00524842
0.00497799
0.00462106
0.00418804
0.00376026
0.00361619
0.00430986
0.00623785
0.0039933
0.00306026
0.00460953
0.00693936
0.00912507
0.0110333
0.0126862
0.0141306
0.0153979
0.0164926
0.0173838
0.0179717
0.0182749
0.0182728
0.0179656
0.0173739
0.0164795
0.0153822
0.0141129
0.0126673
0.0110142
0.00910735
0.00692445
0.00460066
0.00306201
0.00489211
0.00252557
0.00266879
0.00308935
0.00352906
0.00393835
0.00428649
0.00455293
0.00473814
0.00485461
0.00492103
0.00494559
0.00494543
0.00492061
0.00485402
0.00473739
0.00455196
0.00428525
0.00393693
0.00352766
0.0030882
0.00266797
0.00252502
0.00489153
0.00107199
0.000880907
0.00180881
0.000756447
0.000396714
0.000630256
0.00102293
0.00141165
0.00171438
0.00182142
0.00177302
0.00182072
0.00187302
0.00155874
0.00110296
0.000693944
0.000390767
0.000227271
0.000168698
0.000214902
0.000664215
0.00110511
0.000803162
0.00110819
0.00444163
0.00524729
0.00442909
0.00471898
0.00540806
0.00613933
0.00681516
0.00740528
0.00789599
0.00827329
0.00852831
0.00865674
0.00865663
0.00852797
0.00827274
0.00789527
0.00740446
0.00681427
0.00613844
0.00540723
0.00471827
0.00442836
0.00524615
0.00444177
0.00402662
0.00649699
0.00439854
0.00359978
0.00368514
0.00408866
0.00451051
0.00485339
0.00510439
0.00527483
0.00537961
0.00543017
0.00543024
0.00538004
0.00527551
0.00510516
0.00485417
0.00451124
0.0040892
0.00368499
0.00359707
0.00438856
0.00647614
0.00404348
0.00326255
0.00431571
0.00465037
0.00524869
0.00590226
0.00650789
0.00705745
0.00754018
0.00793886
0.00823895
0.00843419
0.00852481
0.00852451
0.00843335
0.0082377
0.0079373
0.00753845
0.00705569
0.00650624
0.00590084
0.00524758
0.00464947
0.00431483
0.00326255
0.00318058
0.00582699
0.00880403
0.0118699
0.0147338
0.0172829
0.0195071
0.0214098
0.0229688
0.024163
0.0249774
0.0253952
0.0253939
0.0249729
0.0241554
0.0229581
0.0213964
0.0194917
0.0172665
0.0147173
0.0118547
0.0087918
0.00581926
0.00317859
0.00486529
0.00525781
0.00402938
0.00395777
0.00439559
0.00492376
0.00541258
0.00583151
0.00617287
0.00643188
0.00660566
0.00669278
0.00669271
0.00660549
0.0064316
0.00617251
0.00583111
0.00541215
0.00492331
0.00439513
0.00395727
0.0040286
0.0052563
0.00486557
0.00424316
0.00433307
0.0058961
0.00747511
0.0090219
0.0104129
0.0115171
0.0122907
0.0127828
0.013076
0.0132453
0.0133129
0.013312
0.0132427
0.0130722
0.0127783
0.0122853
0.0115108
0.0104058
0.00901515
0.00746965
0.00589251
0.00433145
0.00424133
0.000928272
0.00108926
0.00120392
0.00128138
0.00133193
0.00136456
0.0013793
0.00137621
0.00136179
0.0013452
0.0014603
0.00187933
0.00195089
0.00203846
0.00210764
0.00216017
0.00218619
0.00217221
0.00210925
0.00199352
0.00181755
0.00157252
0.00126787
0.000911383
0.000973304
0.00157901
0.00194471
0.00214721
0.00219926
0.00211759
0.00198749
0.00183596
0.00172993
0.00168582
0.00172159
0.00230925
0.0025444
0.00272842
0.00291622
0.00318474
0.00344717
0.00358644
0.00357626
0.00336708
0.00297505
0.0024442
0.001803
0.000962045
0.0198263
0.00899283
0.00614318
0.0058306
0.00619022
0.00674955
0.00732948
0.00779559
0.00819171
0.00854359
0.00879625
0.00888195
0.00889062
0.00882026
0.00859857
0.00826393
0.00785036
0.00735433
0.0067562
0.00619018
0.00583078
0.00614548
0.00899974
0.0198327
0.0058709
0.00503393
0.00501624
0.00501556
0.00501547
0.0050154
0.00501536
0.00501534
0.00501532
0.00501531
0.0050153
0.0050153
0.0050153
0.0050153
0.00501531
0.00501532
0.00501534
0.00501536
0.0050154
0.00501547
0.00501556
0.00501624
0.00503393
0.0058709
0.00589446
0.00503366
0.00501514
0.00501444
0.00501435
0.00501428
0.00501424
0.00501422
0.0050142
0.00501419
0.00501418
0.00501418
0.00501418
0.00501418
0.00501419
0.0050142
0.00501422
0.00501424
0.00501428
0.00501435
0.00501444
0.00501514
0.00503366
0.00589446
0.0129296
0.0100604
0.0096183
0.0106083
0.0117943
0.0127273
0.013573
0.0142844
0.0148156
0.0151683
0.0153329
0.0153523
0.0154355
0.0155581
0.0154907
0.015135
0.0145003
0.013651
0.0127013
0.0117372
0.0105752
0.00963032
0.010122
0.0129594
0.00271587
0.0039567
0.00292111
0.00282941
0.00307757
0.00334971
0.00356337
0.00371742
0.00382266
0.00389026
0.00392898
0.00394641
0.0039465
0.0039292
0.00389061
0.00382317
0.00371802
0.00356404
0.00335042
0.00307828
0.00282949
0.00291847
0.00395009
0.00272683
0.00253548
0.0066382
0.0104899
0.0138034
0.0165288
0.0187059
0.0203734
0.0216678
0.0226718
0.0234402
0.0239763
0.0242567
0.0242547
0.0239706
0.0234309
0.0226595
0.0216533
0.0203578
0.0186907
0.0165158
0.0137923
0.010482
0.00663211
0.00253202
0.0109556
0.00534814
0.00415021
0.0043514
0.00491363
0.00550019
0.00605265
0.00656979
0.00704106
0.00742952
0.00767482
0.00779219
0.00779191
0.00767401
0.00742828
0.00703954
0.00656808
0.00605089
0.00549846
0.00491208
0.0043502
0.00414951
0.00534799
0.0109557
0.00557549
0.00628124
0.00429373
0.00367243
0.00385964
0.00431068
0.00477794
0.0051853
0.00551433
0.00576152
0.0059266
0.00600942
0.00600929
0.00592622
0.0057609
0.00551348
0.00518426
0.00477677
0.0043095
0.00385865
0.00367175
0.00429285
0.00627895
0.00557631
0.0033186
0.00581374
0.00406725
0.00356846
0.00380756
0.0042332
0.00460938
0.00488859
0.00507642
0.00519288
0.0052595
0.00529136
0.00529142
0.00526
0.00519345
0.00507693
0.00488909
0.00460997
0.00423366
0.00380765
0.00356688
0.00406026
0.00579411
0.00333447
0.0030414
0.00387903
0.00295999
0.00288558
0.00313051
0.00340046
0.00361394
0.00376822
0.00387242
0.0039382
0.00397458
0.0039897
0.00398969
0.00397458
0.00393824
0.00387254
0.00376843
0.00361425
0.00340084
0.00313091
0.00288546
0.00295784
0.00387376
0.00304904
0.00739689
0.00688483
0.00437667
0.00389055
0.00416577
0.00461849
0.00508668
0.00552886
0.00592519
0.00625543
0.00649537
0.00662322
0.00662297
0.00649461
0.00625422
0.00592365
0.00552714
0.00508493
0.00461686
0.00416447
0.00389003
0.00437732
0.00688516
0.00739551
0.00310273
0.00553198
0.00853864
0.0112194
0.0135247
0.0154476
0.0170182
0.0182909
0.0193058
0.0200791
0.0206064
0.0208769
0.0208765
0.0206051
0.0200767
0.0193022
0.018286
0.0170121
0.0154403
0.0135164
0.0112106
0.00852995
0.0055245
0.00309912
0.00474936
0.00549283
0.00436742
0.00452248
0.00515489
0.00586245
0.00653229
0.00712517
0.0076221
0.0080058
0.0082658
0.00839755
0.00839744
0.0082655
0.00800531
0.00762144
0.0071244
0.00653145
0.0058616
0.00515409
0.0045218
0.00436676
0.00549173
0.00474953
0.00180557
0.0015493
0.00194847
0.00133575
0.000828406
0.000735004
0.00110248
0.00186458
0.0026448
0.00284153
0.00235496
0.00230411
0.00286051
0.00312671
0.00314631
0.00304843
0.0028934
0.00288825
0.00310944
0.00353949
0.00391836
0.00319545
0.00184309
0.00201412
0.00352041
0.00508165
0.00516696
0.00581554
0.00681131
0.00787503
0.00888677
0.00979708
0.0105747
0.0111829
0.0115954
0.0118056
0.0118054
0.0115946
0.0111815
0.0105729
0.0097951
0.00888475
0.00787311
0.00680968
0.00581436
0.0051661
0.00508077
0.00352103
0.00249605
0.00406378
0.00471653
0.00529725
0.00584438
0.0063952
0.00691088
0.00735891
0.00772335
0.00798964
0.00815385
0.00822089
0.00822049
0.0081528
0.00798812
0.00772149
0.00735688
0.00690892
0.00639345
0.00584298
0.0052962
0.00471581
0.00406319
0.0024961
0.00333053
0.00527628
0.00383127
0.00349002
0.00377682
0.00417722
0.00449694
0.00471036
0.004842
0.00492576
0.00498347
0.00502206
0.00501898
0.00498178
0.00492553
0.00484211
0.00470974
0.0044955
0.00417521
0.00377474
0.00348701
0.0038239
0.00526199
0.00333519
0.00314867
0.00360098
0.00317645
0.00355015
0.00440254
0.00543203
0.00644609
0.00724278
0.00780546
0.00824737
0.00856499
0.00872508
0.00871828
0.00852742
0.00813484
0.00751707
0.00671748
0.00581085
0.00490303
0.00407424
0.00338962
0.00311376
0.00358576
0.00315453
0.00323002
0.00434329
0.00343651
0.00336472
0.00375421
0.0042175
0.00467076
0.00509984
0.00549344
0.00582952
0.00605674
0.0061516
0.00610152
0.00593264
0.00565784
0.0053094
0.00494215
0.00456172
0.00415654
0.00372313
0.00334895
0.00342719
0.00433943
0.00323575
0.0035829
0.00585876
0.00715075
0.00893085
0.0109832
0.012863
0.014409
0.0156656
0.0167192
0.0175617
0.0181497
0.0184559
0.0184552
0.0181475
0.0175582
0.0167147
0.0156606
0.0144039
0.0128578
0.0109782
0.00892693
0.00714868
0.00585798
0.00358252
0.0029122
0.00509067
0.0078786
0.0104003
0.0125716
0.0143716
0.0158272
0.0169935
0.0179191
0.0186241
0.0191062
0.0193541
0.0193536
0.0191046
0.0186213
0.0179149
0.016988
0.0158205
0.0143638
0.0125631
0.0103915
0.00787011
0.00508353
0.00290873
0.000828912
0.000697374
0.00068542
0.000698895
0.000724091
0.000756531
0.00078729
0.000807464
0.000817585
0.000843111
0.0010402
0.00110634
0.00109023
0.00110523
0.00111706
0.0011209
0.00111421
0.00109684
0.00106823
0.00102879
0.000979105
0.00092097
0.000864279
0.00089871
0.00184764
0.00228439
0.00196125
0.00215197
0.002582
0.0032643
0.00432295
0.00548727
0.00590364
0.00563378
0.00515341
0.00474408
0.00454734
0.00454039
0.00464633
0.0046041
0.00416861
0.00349784
0.00289262
0.00245177
0.0021142
0.00195126
0.00228194
0.00185033
0.00432971
0.0038584
0.00466667
0.00561707
0.00666974
0.00765941
0.00840708
0.00886953
0.0091268
0.00927966
0.00939204
0.00945031
0.0094493
0.00938961
0.00927655
0.00912348
0.00886599
0.00840296
0.00765461
0.0066651
0.0056135
0.00466449
0.00385738
0.00432855
0.0061389
0.00683601
0.00459912
0.00408188
0.0044369
0.00506987
0.00573863
0.00635795
0.00689053
0.00731268
0.00760605
0.00775683
0.00775649
0.00760499
0.00731092
0.00688815
0.00635512
0.00573561
0.00506702
0.00443475
0.00408109
0.00459979
0.00683648
0.00613757
0.00442175
0.00476792
0.00670716
0.00853528
0.0101912
0.0116301
0.0128152
0.0137326
0.0144038
0.0148637
0.0151498
0.0152818
0.0152813
0.0151481
0.0148611
0.0144004
0.0137283
0.01281
0.0116242
0.0101851
0.00852971
0.00670247
0.00476428
0.00441917
0.00257645
0.00262866
0.00373974
0.0052555
0.00673673
0.00797825
0.00895077
0.00969944
0.0102893
0.0107481
0.0110743
0.0112503
0.0112499
0.0110727
0.0107451
0.0102849
0.00969365
0.00894399
0.00797085
0.00672917
0.00524838
0.00373395
0.0026252
0.00257534
0.00332588
0.0056338
0.00398023
0.00354017
0.00379886
0.00421387
0.00456411
0.00480979
0.00496509
0.00505692
0.0051088
0.00513626
0.00513624
0.00511
0.00505838
0.00496611
0.00481023
0.00456418
0.00421368
0.00379836
0.00353814
0.00397285
0.00561523
0.00333535
0.00332877
0.00488736
0.00367955
0.00344427
0.0037607
0.00415779
0.00447633
0.00470411
0.00487549
0.00502141
0.00514649
0.00522621
0.00521
0.00512029
0.00499565
0.00485402
0.00468767
0.00446432
0.00414946
0.00375451
0.00343901
0.00367219
0.00487806
0.0033326
0.0037248
0.00595685
0.00418479
0.00359741
0.00379365
0.0042256
0.00464002
0.00497104
0.00521491
0.00538171
0.0054846
0.00553413
0.00553415
0.00548479
0.00538206
0.00521544
0.00497173
0.00464086
0.00422647
0.00379419
0.00359632
0.00417891
0.00594188
0.00374098
0.00319817
0.00395351
0.00327184
0.00336938
0.00391348
0.00460002
0.00534148
0.00602265
0.00655587
0.00693227
0.00714207
0.00720047
0.00714165
0.00697004
0.00665109
0.00617231
0.00559902
0.00498149
0.00437046
0.00379507
0.00331748
0.00325157
0.00395016
0.00320518
0.00180776
0.00308909
0.00233899
0.00234125
0.00253178
0.00263045
0.00261274
0.0025218
0.00245777
0.0024211
0.00242784
0.00248399
0.00246088
0.00240625
0.0024022
0.0024482
0.00251534
0.00260891
0.00262797
0.00253064
0.00234083
0.00233633
0.00308344
0.00180981
0.00266306
0.00549223
0.00661875
0.00795172
0.00946771
0.0109725
0.0123042
0.0133822
0.0141902
0.0147385
0.0150346
0.0151556
0.0151553
0.0150337
0.0147371
0.0141882
0.0133794
0.0123009
0.0109694
0.00946533
0.00795044
0.00661842
0.00549226
0.00266477
0.00360525
0.00386979
0.00396059
0.0043931
0.00490245
0.00537668
0.00578587
0.00613605
0.00641897
0.0066287
0.00676205
0.00682139
0.00682117
0.00676144
0.00662781
0.00641787
0.00613481
0.00578459
0.00537546
0.00490136
0.00439222
0.00395979
0.00386894
0.00360525
0.00700664
0.00687214
0.00436006
0.00383581
0.00409331
0.00453565
0.00499192
0.00541926
0.00579843
0.00611057
0.00633495
0.00645353
0.0064533
0.00633424
0.00610943
0.00579698
0.00541763
0.00499025
0.00453408
0.00409205
0.00383528
0.00436058
0.00687234
0.00700541
0.0023404
0.00209216
0.00277764
0.00327279
0.00322344
0.00313043
0.00338814
0.00384679
0.00399153
0.00400673
0.00354708
0.00314418
0.00376805
0.00461598
0.00532195
0.00600925
0.00652911
0.00692744
0.00687036
0.00615121
0.00481945
0.00331728
0.00231343
0.00243854
0.00674221
0.00647618
0.00426447
0.00387061
0.00415065
0.00456704
0.00497416
0.00534104
0.00565379
0.00589838
0.00606524
0.00615005
0.0061499
0.00606479
0.00589766
0.00565287
0.00533998
0.00497304
0.00456593
0.00414968
0.00387006
0.00426446
0.00647583
0.00674195
0.000549972
0.00150942
0.00186102
0.00208597
0.00223551
0.00233316
0.0023929
0.00240278
0.00235789
0.00224618
0.0020201
0.00198586
0.00272076
0.00309658
0.00330119
0.00337474
0.00336228
0.00325734
0.00307068
0.00282373
0.00251839
0.00215197
0.00169059
0.000624977
0.00259414
0.00259029
0.00374639
0.00534859
0.00697401
0.00837664
0.0094953
0.0103695
0.01105
0.0115443
0.0118918
0.01208
0.0120794
0.0118898
0.0115406
0.0110447
0.0103627
0.00948744
0.00836828
0.00696573
0.00534112
0.00374068
0.0025872
0.00259339
0.000243155
0.00018596
0.000192292
0.000229588
0.000273895
0.000320824
0.000371583
0.000418078
0.000463178
0.000554622
0.000633149
0.000613732
0.000597938
0.000598703
0.000597716
0.000588907
0.00057188
0.000547013
0.000512412
0.000457324
0.000430393
0.000439451
0.000491084
0.000703195
0.000757733
0.00135511
0.00152039
0.00178137
0.00209391
0.00235634
0.00256623
0.00274501
0.00289951
0.00302058
0.00310053
0.00313682
0.00313683
0.00310052
0.00302046
0.00289919
0.00274448
0.0025655
0.00235549
0.00209298
0.00178051
0.00151964
0.00135404
0.000757708
0.00287945
0.0039377
0.00293894
0.00285057
0.00309724
0.00336934
0.00358376
0.00373845
0.00384345
0.00391062
0.00394887
0.00396559
0.00396564
0.00394901
0.00391086
0.00384378
0.00373888
0.00358429
0.00336993
0.00309784
0.00285056
0.00293646
0.00393153
0.00288858
0.00369489
0.00625495
0.00429776
0.00361253
0.00376541
0.00419231
0.0046116
0.00494346
0.00518256
0.00534257
0.00543939
0.00548572
0.00548575
0.00543972
0.00534307
0.00518315
0.00494408
0.00461224
0.00419285
0.00376546
0.00361059
0.00429006
0.00623428
0.00371303
0.00292138
0.00593793
0.00930174
0.0122267
0.0147148
0.0167844
0.0184659
0.0198172
0.0208938
0.0217122
0.0222691
0.0225548
0.0225543
0.0222675
0.0217093
0.0208896
0.0198116
0.018459
0.0167762
0.0147056
0.0122172
0.00929236
0.00592966
0.00291679
0.0185753
0.0109745
0.00793555
0.00719175
0.00734677
0.00784968
0.00841184
0.00879324
0.0090718
0.00928878
0.00943539
0.00948342
0.00949013
0.00944888
0.00931643
0.00910833
0.00882505
0.00843379
0.00786372
0.00735342
0.00719484
0.00793841
0.0109794
0.0185798
0.00544115
0.00504569
0.00504039
0.00504029
0.00504027
0.00504026
0.00504025
0.00504025
0.00504025
0.00504025
0.00504024
0.00504024
0.00504024
0.00504024
0.00504025
0.00504025
0.00504025
0.00504025
0.00504026
0.00504027
0.00504029
0.00504039
0.00504569
0.00544115
0.00864983
0.00943325
0.0100518
0.0109658
0.0117613
0.0123053
0.0127208
0.013019
0.0131692
0.0131426
0.0129742
0.0128106
0.0128706
0.0131194
0.0133323
0.0133557
0.0131767
0.0128259
0.0123526
0.0117751
0.0109743
0.0100745
0.00948459
0.00868461
0.0054398
0.00504577
0.00504052
0.00504042
0.00504041
0.0050404
0.00504039
0.00504038
0.00504038
0.00504038
0.00504038
0.00504038
0.00504038
0.00504038
0.00504038
0.00504038
0.00504038
0.00504039
0.0050404
0.00504041
0.00504042
0.00504052
0.00504577
0.0054398
0.000757771
0.000592473
0.000539552
0.000511842
0.000517694
0.000556905
0.000625599
0.000724375
0.000839414
0.000966695
0.00123857
0.00140883
0.00142981
0.00149876
0.00158829
0.00167053
0.0017081
0.00168331
0.00163601
0.00159111
0.00153358
0.00141825
0.00122492
0.0012143
0.00195183
0.00277822
0.00224326
0.00230946
0.0025552
0.00279911
0.00312597
0.00364037
0.00425077
0.00472396
0.00475382
0.00459418
0.0044574
0.00437561
0.0041545
0.0037164
0.00328644
0.00295867
0.00273655
0.00253535
0.00230406
0.00224078
0.00277686
0.00195489
0.00289337
0.00324909
0.00374207
0.00414175
0.00444136
0.00472317
0.00498268
0.00521328
0.00539782
0.00552649
0.00559909
0.00561879
0.00561846
0.00559826
0.00552532
0.00539641
0.00521174
0.00498114
0.00472174
0.00444015
0.00414078
0.00374133
0.00324852
0.00289331
0.00371991
0.00410016
0.00407416
0.00450233
0.00505589
0.00558089
0.00603641
0.00642585
0.00674159
0.00697751
0.00712986
0.00719984
0.00719963
0.00712928
0.00697666
0.00674053
0.00642466
0.00603519
0.0055797
0.00505483
0.00450147
0.00407335
0.00409924
0.00371993
0.00164387
0.00364543
0.00259007
0.00254227
0.00277617
0.00298796
0.00312313
0.00319706
0.00321822
0.00319576
0.00315911
0.00313337
0.00313315
0.00315856
0.00319515
0.00321821
0.00319772
0.00312383
0.00298874
0.00277703
0.00254264
0.00258702
0.00363476
0.00166792
0.00174792
0.00286971
0.0033522
0.00366572
0.00395846
0.00419925
0.00434247
0.00430663
0.00419534
0.00400816
0.00374403
0.00355382
0.00426533
0.00464621
0.0049063
0.00506525
0.00511318
0.00499261
0.00466902
0.00426418
0.0038503
0.00345778
0.00291774
0.00177665
0.00346393
0.00592828
0.00414404
0.00359427
0.00381287
0.00424522
0.0046462
0.00495954
0.0051841
0.00533024
0.00541764
0.00545942
0.00545942
0.00541786
0.00533056
0.00518457
0.00496024
0.00464708
0.00424603
0.00381327
0.00359296
0.00413757
0.00591008
0.00348285
0.00329052
0.00634832
0.00952112
0.0126655
0.0155549
0.0180843
0.0202499
0.0220635
0.0235257
0.0246324
0.0253806
0.0257632
0.0257619
0.0253765
0.0246253
0.0235157
0.022051
0.0202355
0.0180687
0.0155393
0.0126509
0.00950885
0.00633976
0.00328753
0.00364787
0.0039951
0.00363883
0.00402111
0.00487526
0.00589097
0.00702191
0.0083219
0.00978289
0.0112605
0.0124784
0.01301
0.0130954
0.0128623
0.0119724
0.0106281
0.00907331
0.00751935
0.00611632
0.00493888
0.00402488
0.00363043
0.00398882
0.00364856
0.00235028
0.00419461
0.00488772
0.00551098
0.0061372
0.00677612
0.0073743
0.00789069
0.0083095
0.00861407
0.00880045
0.00887419
0.00887375
0.00879931
0.00861242
0.00830748
0.00788848
0.00737219
0.00677424
0.00613572
0.0055099
0.00488702
0.00419403
0.0023504
0.00301637
0.00556875
0.00847135
0.0114413
0.0142257
0.0166969
0.0188222
0.0205936
0.0219972
0.0230331
0.0237175
0.0240604
0.0240594
0.0237139
0.0230268
0.0219883
0.0205824
0.0188092
0.016683
0.0142118
0.0114287
0.0084614
0.0055633
0.00301474
0.00421992
0.00405421
0.00502988
0.0061585
0.00740189
0.00856772
0.00945445
0.0100173
0.010345
0.0105468
0.0106915
0.0107671
0.010766
0.0106888
0.0105433
0.0103412
0.0100132
0.00944966
0.00856217
0.00739654
0.0061544
0.00502741
0.00405308
0.00421873
0.0015979
0.00335279
0.00239137
0.0023786
0.00259524
0.00277999
0.00289926
0.00296806
0.00298318
0.00294637
0.00289869
0.00286692
0.00286666
0.00289799
0.00294552
0.00298306
0.00296899
0.00290012
0.00278081
0.00259605
0.00237904
0.00238869
0.00334337
0.00161978
0.0147371
0.00495284
0.00379699
0.0038367
0.00394083
0.00400255
0.00403171
0.00404382
0.00404844
0.00405013
0.00405073
0.00405092
0.00405092
0.00405073
0.00405013
0.00404844
0.00404382
0.0040317
0.00400255
0.00394083
0.0038367
0.00379698
0.00495279
0.0147372
0.00427668
0.00494218
0.00459963
0.00483716
0.00558792
0.0066526
0.00794029
0.00934034
0.0105959
0.011295
0.0107393
0.00760302
0.00762248
0.0107809
0.0118375
0.011414
0.0101615
0.00860096
0.00708405
0.00581819
0.00494067
0.00463843
0.00495469
0.00429474
0.00327233
0.00597659
0.00901006
0.0120735
0.0149336
0.0174922
0.0197353
0.0216716
0.0232813
0.0245376
0.0254094
0.0258629
0.0258614
0.0254044
0.024529
0.0232693
0.0216567
0.0197182
0.0174738
0.0149149
0.0120561
0.00899561
0.00596666
0.00326972
0.00629511
0.00691843
0.0045661
0.00405644
0.00441459
0.00504026
0.00571129
0.00634969
0.00691518
0.00737593
0.00770342
0.00787449
0.00787411
0.00770223
0.00737398
0.00691259
0.00634669
0.00570815
0.00503735
0.00441241
0.00405561
0.00456689
0.00691922
0.00629325
0.00331664
0.00442486
0.00423292
0.00464233
0.00552528
0.00670171
0.00807691
0.00945261
0.0103589
0.0103041
0.00885238
0.00628674
0.00661917
0.00922112
0.0109489
0.0113716
0.010581
0.00903953
0.00733866
0.00585566
0.00478315
0.00428631
0.00443973
0.00334126
0.000262398
0.000256606
0.000301949
0.000310965
0.000272519
0.000234518
0.000215252
0.000215759
0.000228523
0.000244606
0.000257344
0.000271234
0.000271392
0.00025768
0.00024498
0.000228884
0.000216098
0.000215576
0.000234822
0.000272785
0.000311185
0.00030215
0.000256821
0.000262608
0.00371202
0.00451021
0.00461188
0.00496296
0.00553101
0.00622685
0.00697713
0.00765605
0.00801276
0.00773865
0.00653161
0.00538926
0.00612569
0.00736909
0.00855104
0.00883874
0.00841475
0.00758861
0.00665265
0.00578787
0.00510111
0.00467954
0.00453806
0.00373212
0.00216317
0.00708879
0.0104984
0.013052
0.0150454
0.0166186
0.0178816
0.0189007
0.0197154
0.020338
0.0207787
0.0210133
0.0210106
0.0207708
0.0203252
0.0196981
0.0188796
0.0178573
0.0165921
0.0150183
0.0130256
0.0104755
0.00707827
0.00216175
0.000629973
0.000159573
0.000121348
0.000188681
0.000277543
0.000380444
0.000531808
0.000733064
0.000927881
0.00105086
0.00118978
0.00135442
0.00124405
0.000887518
0.000459748
0.000179917
7.53832e-05
4.66056e-05
5.71557e-05
0.000163216
0.000534715
0.000887965
0.000820943
0.00131972
0.0095821
0.00648252
0.00419395
0.00385978
0.00411245
0.00445269
0.00476802
0.00504292
0.00527526
0.00546282
0.00559198
0.00565837
0.00565825
0.00559161
0.00546224
0.00527452
0.00504207
0.00476711
0.00445176
0.00411165
0.00385943
0.00419429
0.00648257
0.00958182
0.00524361
0.00638845
0.00438967
0.00369689
0.00383785
0.0042765
0.00473959
0.00513652
0.00544797
0.0056752
0.0058233
0.00589646
0.00589637
0.00582305
0.00567478
0.00544741
0.00513582
0.0047388
0.0042757
0.00383712
0.00369586
0.00438722
0.00638429
0.0052465
0.00648374
0.00530261
0.00480498
0.00529283
0.00621741
0.00722953
0.00821081
0.00910144
0.00987215
0.0104664
0.0108557
0.0110455
0.0110452
0.0108547
0.0104648
0.00987002
0.00909897
0.00820831
0.00722706
0.00621526
0.00529131
0.0048042
0.00530213
0.00648448
0.0144967
0.0050623
0.00388647
0.00391663
0.00401186
0.00406853
0.00409417
0.00410388
0.00410691
0.00410758
0.00410757
0.00410746
0.00410746
0.00410757
0.00410758
0.00410692
0.00410389
0.00409417
0.00406854
0.00401187
0.00391664
0.00388647
0.00506228
0.0144967
0.000528409
0.00107294
0.00129327
0.00142442
0.0015234
0.00161715
0.00168652
0.00171705
0.00169155
0.00158832
0.00138405
0.00171197
0.0020667
0.00223239
0.00230381
0.00231194
0.00226652
0.00218029
0.00207211
0.00197111
0.00181244
0.00157876
0.00124282
0.000464981
0.0030323
0.0053885
0.00820361
0.0111131
0.0138624
0.0163214
0.0184488
0.0202302
0.0216443
0.0226874
0.0233761
0.0237206
0.0237196
0.0233725
0.0226812
0.0216355
0.0202191
0.0184359
0.0163074
0.0138485
0.0111004
0.00819361
0.00538312
0.00303083
0.00624456
0.00682031
0.00443462
0.00385778
0.00413091
0.00464742
0.0051917
0.00569781
0.0061374
0.00648981
0.00673717
0.00686534
0.00686506
0.00673631
0.0064884
0.00613554
0.00569564
0.00518941
0.00464526
0.00412922
0.00385708
0.00443508
0.00682049
0.00624343
0.00306301
0.00602197
0.00916916
0.0122198
0.0150328
0.0175404
0.019737
0.0216384
0.0232318
0.0244856
0.0253632
0.0258243
0.0258227
0.0253578
0.0244762
0.0232188
0.0216222
0.0197184
0.0175204
0.0150125
0.0122006
0.00915305
0.00601065
0.00305928
0.00626491
0.00688689
0.00450211
0.00394055
0.00424767
0.00481635
0.00542324
0.00599466
0.00649596
0.00690109
0.00718718
0.00733597
0.00733564
0.00718615
0.00689939
0.00649371
0.00599205
0.0054205
0.00481378
0.00424572
0.00393979
0.00450275
0.00688738
0.00626338
0.00336129
0.00658574
0.00984796
0.0130372
0.0159418
0.018467
0.0206201
0.0224189
0.023869
0.0249677
0.0257114
0.0260926
0.0260914
0.0257074
0.0249607
0.0238592
0.0224067
0.0206061
0.0184518
0.0159264
0.0130228
0.0098358
0.00657713
0.00335805
0.00169519
0.00568896
0.00892806
0.0115068
0.013489
0.0150234
0.0162386
0.0172066
0.0179784
0.0185741
0.0189932
0.0192208
0.0192185
0.0189862
0.0185627
0.0179632
0.0171879
0.0162172
0.015
0.0134643
0.0114829
0.00890555
0.00566803
0.00169067
0.00218607
0.00347335
0.00392045
0.0043606
0.00487858
0.00538633
0.00579463
0.00595745
0.00571344
0.00507512
0.00420039
0.00386145
0.00455248
0.00515214
0.00609185
0.00675753
0.00694866
0.00662915
0.00599035
0.00524562
0.00455483
0.00401474
0.00350551
0.00221077
0.00366999
0.00280649
0.00265143
0.00281068
0.00303891
0.00324545
0.00340521
0.00352969
0.00361975
0.00367938
0.00371148
0.00372187
0.00372174
0.00371114
0.00367891
0.00361919
0.00352909
0.00340459
0.00324485
0.00303837
0.00281019
0.00265082
0.00280564
0.00367049
0.00505267
0.00266927
0.00287121
0.00331278
0.00376576
0.00418498
0.00453887
0.00480716
0.00499183
0.00510717
0.00517285
0.00519729
0.00519711
0.00517237
0.0051065
0.00499098
0.00480609
0.00453751
0.00418344
0.00376426
0.00331155
0.00287034
0.00266871
0.00505201
0.000542422
0.000273877
0.000297633
0.0003771
0.000482289
0.000351076
9.18602e-05
0.000126787
0.000234911
0.000375426
0.000465845
0.000457828
0.000378094
0.000274773
0.000182742
0.000115961
7.51617e-05
6.61176e-05
0.000139749
0.000293898
0.000290148
0.000273911
0.000269975
0.000540507
0.00056214
0.000283465
0.000327634
0.000458763
0.000706953
0.000414429
0.000101259
0.000149261
0.000278211
0.000441827
0.000546278
0.000540802
0.00045302
0.000334485
0.000225333
0.000143742
9.27165e-05
8.24096e-05
0.000211957
0.000386163
0.00033711
0.000294007
0.000276329
0.000557972
0.00093706
0.00173204
0.0019258
0.00185928
0.00178771
0.00171907
0.00172078
0.00178242
0.00187266
0.00196171
0.00202785
0.00206136
0.00206149
0.00202828
0.00196244
0.00187356
0.00178341
0.00172184
0.00172017
0.00178867
0.00185936
0.00192354
0.00173073
0.000934984
0.000283187
0.000267122
0.000236851
0.000199396
0.000163582
0.000135487
0.000118361
0.000109066
0.000104539
0.00010307
0.000103266
0.000109596
0.000109727
0.000103509
0.000103346
0.000104832
0.000109376
0.00011869
0.000135813
0.000163888
0.000199693
0.000237193
0.00026747
0.000283483
0.00621314
0.00681223
0.00442294
0.00382806
0.00408968
0.00459974
0.00513864
0.00563913
0.00607289
0.00641988
0.00666301
0.00678883
0.00678856
0.00666216
0.00641849
0.00607105
0.00563699
0.00513638
0.0045976
0.00408801
0.00382736
0.00442337
0.00681234
0.00621204
0.00536193
0.0057808
0.00435666
0.00434347
0.00486384
0.00548199
0.00607569
0.00660724
0.00705438
0.00739805
0.00762816
0.00774334
0.00774322
0.00762779
0.00739744
0.00705359
0.00660632
0.00607469
0.00548098
0.00486292
0.00434277
0.00435611
0.00577983
0.00536203
0.00604952
0.00563428
0.00480875
0.0049645
0.00562408
0.00640656
0.00716668
0.00786222
0.00845581
0.00891157
0.00920785
0.00935136
0.00935113
0.00920716
0.00891049
0.00845442
0.00786061
0.007165
0.00640492
0.00562261
0.00496344
0.0048081
0.00563353
0.00604995
0.00433883
0.00632421
0.0043455
0.00361965
0.00374524
0.00416866
0.00460661
0.00497439
0.00525867
0.00546434
0.00559636
0.00566133
0.00566131
0.00559641
0.00546448
0.00525887
0.00497465
0.00460691
0.00416891
0.00374517
0.00361812
0.00433977
0.00631088
0.00435016
0.000839025
0.000748622
0.000754496
0.000780251
0.000817799
0.000864056
0.000902923
0.000926691
0.00094665
0.000981219
0.00118961
0.00135989
0.00133105
0.00134127
0.00135111
0.00135794
0.00135838
0.00135556
0.00134053
0.00130949
0.00125892
0.00117569
0.00105107
0.000999266
0.00375055
0.00626971
0.00429506
0.0036085
0.0037615
0.00418713
0.0046037
0.00493174
0.00516668
0.00532309
0.0054175
0.00546276
0.00546282
0.00541793
0.00532373
0.00516738
0.00493245
0.00460438
0.00418766
0.00376149
0.00360638
0.00428686
0.00624795
0.00376741
0.00635723
0.00532019
0.00478697
0.00521907
0.00609882
0.007074
0.00802029
0.00888314
0.00962967
0.010208
0.0105876
0.0107727
0.0107724
0.0105866
0.0102063
0.0096276
0.00888077
0.00801789
0.00707165
0.00609677
0.0052176
0.00478614
0.00531961
0.00635786
0.00245062
0.00236995
0.00346796
0.0046792
0.00443195
0.00375858
0.00392682
0.00504183
0.00632481
0.00689546
0.00620298
0.0052241
0.00525124
0.00588021
0.0065806
0.00715867
0.00756203
0.00771959
0.00725559
0.00614007
0.00466894
0.00322917
0.00229867
0.00247163
0.00045534
0.000663206
0.000772636
0.000740966
0.000618375
0.000462447
0.000307361
0.000178879
0.000107517
9.37053e-05
0.000133915
0.000103617
9.59883e-05
0.000108419
8.553e-05
0.000102923
0.000175198
0.00030493
0.00046131
0.000618167
0.000741484
0.000774033
0.0006667
0.000459506
0.000115781
0.000121695
0.000138375
0.000151998
0.000161522
0.000167063
0.000171963
0.000186786
0.00022041
0.000260052
0.000255617
0.000218618
0.000208729
0.000217194
0.000237187
0.000262487
0.000287975
0.000304179
0.000312192
0.000312213
0.000307962
0.000311348
0.000342047
0.000448076
0.00325541
0.0029674
0.00328456
0.00362992
0.00392542
0.00418949
0.00441576
0.00461043
0.00476227
0.00486635
0.00492205
0.0049383
0.00493804
0.00492136
0.00486537
0.0047611
0.00460914
0.00441445
0.00418825
0.00392433
0.00362904
0.0032838
0.00296675
0.00325538
0.00363038
0.0044601
0.00452682
0.00506762
0.0057409
0.00637222
0.00692254
0.00739639
0.00778556
0.00808063
0.00827571
0.00836636
0.00836614
0.00827507
0.00807969
0.00778437
0.00739505
0.00692116
0.00637087
0.00573971
0.00506668
0.00452596
0.00445914
0.00363041
0.00446243
0.00362409
0.00435822
0.00524348
0.00622417
0.00715274
0.00785914
0.00829286
0.00852414
0.00865044
0.00873869
0.00877985
0.00877889
0.00873638
0.0086475
0.008521
0.00828947
0.00785515
0.0071481
0.00621971
0.00524006
0.00435613
0.00362318
0.00446118
0.00374807
0.00405087
0.00403018
0.00445281
0.00499396
0.00550524
0.00594683
0.00632395
0.00662945
0.00685762
0.00700483
0.00707243
0.00707224
0.00700427
0.00685679
0.00662842
0.00632279
0.00594563
0.00550407
0.00499292
0.00445196
0.00402938
0.00404995
0.00374808
0.00395048
0.00593614
0.00856864
0.0110192
0.0132281
0.015127
0.0166914
0.0179205
0.01884
0.0194856
0.0198957
0.0200921
0.0200912
0.019893
0.0194812
0.0188341
0.0179131
0.0166828
0.0151176
0.0132186
0.0110107
0.00856159
0.00593086
0.00394721
0.00353017
0.00551317
0.00627398
0.00750993
0.00905326
0.0106711
0.0121983
0.0135333
0.0146501
0.0154913
0.016033
0.0162983
0.016298
0.016032
0.0154895
0.0146475
0.01353
0.0121948
0.0106677
0.00905085
0.0075086
0.0062736
0.00551302
0.00353165
0.00474635
0.00543675
0.00431311
0.00446092
0.00508334
0.00577704
0.00642996
0.00700461
0.00748432
0.00785404
0.00810457
0.00823144
0.00823135
0.0081043
0.00785359
0.00748373
0.00700392
0.00642921
0.00577627
0.00508261
0.00446028
0.00431245
0.00543561
0.0047465
0.00146137
0.0029748
0.00351146
0.00393679
0.00433398
0.00463738
0.00476452
0.00455772
0.00436348
0.00411911
0.00384325
0.00372167
0.00459072
0.00493696
0.00520334
0.00544398
0.00565352
0.00567004
0.00529166
0.00474317
0.00416369
0.00362841
0.00302399
0.00148926
0.00384492
0.00507636
0.00389669
0.00353658
0.00380021
0.0042478
0.00467192
0.00502418
0.00530428
0.00551827
0.00566273
0.00573413
0.00572165
0.00563487
0.00548096
0.00526089
0.00498255
0.0046403
0.00422888
0.00379047
0.0035303
0.00388866
0.00507124
0.00384738
0.00139596
0.00135019
0.00246941
0.00422206
0.00358799
0.00115868
0.000994436
0.00152497
0.00214132
0.00258265
0.00276136
0.00276641
0.00268862
0.00245291
0.00205921
0.00158079
0.00110949
0.000897188
0.00132342
0.00276272
0.00282643
0.00190127
0.00118702
0.00137467
0.00083938
0.0013319
0.00150989
0.00179
0.00210174
0.00235909
0.00256381
0.00273934
0.00289259
0.003014
0.00309493
0.00313152
0.00313153
0.00309491
0.00301387
0.00289225
0.00273878
0.00256305
0.0023582
0.00210077
0.0017891
0.00150912
0.00133083
0.000839306
0.00132517
0.00265738
0.00325862
0.00378867
0.00423989
0.00453964
0.00466579
0.00462508
0.00437026
0.00381609
0.00337268
0.00324726
0.00416626
0.00465498
0.00530055
0.0058263
0.00602681
0.00591583
0.0054732
0.00482126
0.00409476
0.00340836
0.00271825
0.00135747
0.00215674
0.00413995
0.00295853
0.00284367
0.00310788
0.00338383
0.00357787
0.00369975
0.00377055
0.00380912
0.00382355
0.00382802
0.00382812
0.00382382
0.00380953
0.00377121
0.00370044
0.00357866
0.00338478
0.00310895
0.00284399
0.00295506
0.00412912
0.00217714
0.0058584
0.00607107
0.00424382
0.00402209
0.00440336
0.00490508
0.00539177
0.00582517
0.00618652
0.00646312
0.00664777
0.00673991
0.00673979
0.00664741
0.00646253
0.00618576
0.00582428
0.00539081
0.00490411
0.00440247
0.00402147
0.00424347
0.00607032
0.00585837
0.00435399
0.00627063
0.00433098
0.0036227
0.00375248
0.00417509
0.00461182
0.00498026
0.00526683
0.0054757
0.0056101
0.00567628
0.00567626
0.00561013
0.0054758
0.00526698
0.00498045
0.00461204
0.00417525
0.00375235
0.00362131
0.004326
0.0062592
0.00436454
0.00693659
0.00541721
0.00469105
0.00501103
0.00579131
0.00667991
0.00754216
0.00833079
0.00901008
0.00953631
0.00987944
0.0100453
0.010045
0.00987846
0.0095348
0.00900819
0.00832863
0.00753994
0.00667773
0.00578938
0.00500962
0.00469023
0.00541665
0.00693709
0.00219075
0.00424814
0.00504857
0.00569921
0.00634587
0.00699899
0.00760418
0.00811022
0.00850909
0.00878889
0.00895214
0.00900845
0.00900801
0.008951
0.00878726
0.00850709
0.008108
0.00760208
0.00699713
0.00634444
0.0056982
0.00504797
0.00424769
0.00219101
0.00342864
0.00239057
0.00245952
0.00263332
0.00278617
0.00290873
0.00299725
0.00306464
0.00310961
0.00313473
0.00314266
0.00313935
0.00313919
0.00314228
0.00313422
0.003109
0.00306399
0.00299659
0.00290811
0.00278561
0.00263285
0.00245907
0.00239014
0.00342896
0.000984372
0.00187577
0.00150334
0.00155143
0.00162383
0.00164712
0.00162495
0.00157927
0.00152118
0.00146185
0.00141015
0.00137771
0.00137751
0.0014096
0.00146113
0.00152044
0.00157859
0.00162443
0.00164683
0.00162382
0.00155158
0.00150261
0.001872
0.00100362
0.011609
0.00723613
0.00550509
0.0051808
0.00514498
0.00514819
0.00515264
0.00515503
0.00515629
0.00515694
0.00515714
0.00515684
0.00515684
0.00515714
0.00515694
0.0051563
0.00515504
0.00515265
0.0051482
0.00514499
0.00518081
0.00550511
0.00723617
0.0116091
0.0021961
0.00303218
0.0024373
0.00250732
0.0027944
0.00308114
0.00342414
0.00391906
0.00453294
0.00510167
0.00539331
0.00541398
0.0052793
0.00502393
0.00460153
0.00407687
0.00361606
0.00327383
0.00302002
0.00277251
0.00250009
0.00243378
0.0030304
0.00219949
0.00463157
0.00628791
0.00432666
0.0036115
0.00373485
0.00415221
0.00458886
0.00495959
0.00524912
0.00546075
0.00559905
0.00566777
0.00566773
0.00559903
0.00546075
0.00524913
0.00495962
0.00458888
0.00415219
0.0037346
0.0036102
0.00432216
0.00627839
0.00463873
0.000656994
0.000784467
0.00117775
0.00140297
0.0015851
0.00170474
0.00179369
0.00189234
0.00200396
0.00210652
0.00217894
0.00221654
0.00221665
0.00217914
0.00210661
0.00200383
0.00189198
0.00179316
0.00170409
0.00158436
0.00140225
0.00117712
0.000783954
0.000656979
0.000967576
0.00098393
0.00103141
0.00106314
0.00109461
0.00113401
0.00116129
0.00118169
0.00120388
0.00123623
0.00143046
0.00178478
0.00177594
0.0017991
0.00181337
0.00182582
0.00182768
0.00181803
0.00180826
0.00177481
0.00170049
0.00154543
0.00128441
0.00103265
0.00357951
0.006047
0.00420495
0.00359894
0.00378684
0.00421133
0.00460571
0.00490432
0.00510826
0.00523697
0.00531205
0.00534858
0.00534868
0.00531292
0.00523814
0.00510928
0.0049051
0.00460631
0.00421155
0.00378649
0.0035966
0.00419666
0.00602637
0.00359196
0.00399556
0.00595355
0.00858412
0.0110269
0.0132222
0.0151043
0.0166545
0.0178745
0.0187897
0.0194342
0.0198445
0.0200417
0.0200408
0.0198419
0.0194299
0.0187839
0.0178673
0.0166461
0.0150951
0.0132128
0.0110184
0.00857712
0.00594827
0.00399231
0.00528157
0.00636596
0.00435344
0.00366014
0.00379961
0.00423176
0.00468832
0.00508233
0.00539453
0.00562458
0.00577579
0.00585092
0.00585081
0.00577551
0.00562413
0.00539391
0.00508157
0.00468747
0.00423089
0.0037988
0.00365922
0.00435133
0.00636171
0.00528412
0.0100207
0.00623308
0.00420444
0.00397592
0.00427063
0.00463571
0.00497783
0.00528004
0.00553539
0.00574351
0.005881
0.00594575
0.00594563
0.00588062
0.00574292
0.00553464
0.00527917
0.00497688
0.00463476
0.0042698
0.00397545
0.00420454
0.00623307
0.0100208
0.00260258
0.00408457
0.00431534
0.0048836
0.00573061
0.00673043
0.00776989
0.00859298
0.00870452
0.00802501
0.00666181
0.0050888
0.00577154
0.00753682
0.00916332
0.0100689
0.00998414
0.0089804
0.00758179
0.00620197
0.00509988
0.00440574
0.00411323
0.00262934
0.00200448
0.00275038
0.00222945
0.00231055
0.00257595
0.00285964
0.00325562
0.00386037
0.00454542
0.00503712
0.00506651
0.00489302
0.00474871
0.00464506
0.00439433
0.00392027
0.00343054
0.00304466
0.00277759
0.00254895
0.0023029
0.00222647
0.00274916
0.00200759
0.0054207
0.00634249
0.00433917
0.00366447
0.00381529
0.00425275
0.00471273
0.00511014
0.00542592
0.00565929
0.00581303
0.00588951
0.0058894
0.00581272
0.00565879
0.00542524
0.0051093
0.00471179
0.0042518
0.00381444
0.00366364
0.00433746
0.00633874
0.00542258
0.0103275
0.00622735
0.00418853
0.00396564
0.00425987
0.00462055
0.00495484
0.00524994
0.00550121
0.00570743
0.00584402
0.00590801
0.00590789
0.00584364
0.00570684
0.00550046
0.00524908
0.0049539
0.00461961
0.00425905
0.00396517
0.00418865
0.00622741
0.0103275
0.00124933
0.00259561
0.00317407
0.00370915
0.00411679
0.00436684
0.00442811
0.00419509
0.00365802
0.00322462
0.00289905
0.00302542
0.0039669
0.00435769
0.00478568
0.00534815
0.00582832
0.00589432
0.00551918
0.00486563
0.00409724
0.00335114
0.00266305
0.00118596
0.000686856
0.00136877
0.00171737
0.00195818
0.00211282
0.0021966
0.00221949
0.00217687
0.00204634
0.00185392
0.00157265
0.00178765
0.00234845
0.00264726
0.00284891
0.00299219
0.00303194
0.00297407
0.00282275
0.00258802
0.00228442
0.00192565
0.00150582
0.000639335
0.00549924
0.0042903
0.00515371
0.00649555
0.00794724
0.00931867
0.0105595
0.011649
0.0125476
0.0132755
0.0137752
0.0140405
0.0140393
0.0137716
0.01327
0.0125403
0.0116408
0.0105507
0.00930961
0.00793858
0.00648785
0.00514772
0.00428718
0.00550145
0.00310076
0.00531652
0.00811527
0.0110412
0.0138198
0.0163192
0.0185121
0.0203849
0.0219031
0.0230447
0.0238101
0.0241979
0.0241968
0.0238063
0.0230381
0.0218938
0.0203732
0.0184985
0.0163046
0.0138052
0.0110278
0.00810477
0.00531087
0.00309942
)
;

boundaryField
{
    adiabatic_walls
    {
        type            kqRWallFunction;
        value           nonuniform List<scalar> 
9382
(
0.00281657
0.00281603
0.00688215
0.00688447
0.00722311
0.00722284
0.00050953
0.000881561
0.00466157
0.00466015
0.000318323
0.000775096
0.00221853
0.00221785
0.00208985
0.00208754
0.0054585
0.00545877
0.00478739
0.00478816
0.000401834
0.000401216
0.00390465
0.00390322
0.00362608
0.00362657
0.00409688
0.00409764
0.00399061
0.00399013
0.000532737
0.000537646
0.00496426
0.00496331
0.00317247
0.0031748
0.0010873
0.00108719
0.00584675
0.00584675
0.00061479
0.000619385
0.00546611
0.00546644
0.00681149
0.00681123
0.0104504
0.0104518
0.00344944
0.00344905
0.00300798
0.00300747
0.00343686
0.00343654
0.00831384
0.00832155
0.000100976
0.000179293
0.00566914
0.0056695
0.00504576
0.00504577
0.00343532
0.00343483
0.00352785
0.00352786
0.00503672
0.00503719
0.000334746
0.00033438
0.00235235
0.00237509
0.000565166
0.000570096
0.00385911
0.00385789
0.000677999
0.000732429
0.00742856
0.00743095
0.00651296
0.00651296
0.00122199
0.00122618
0.0175396
0.0175517
0.00100613
0.00100215
0.00106736
0.00113648
0.00421811
0.00421843
0.00416172
0.00416061
0.000286568
0.0010041
0.00303148
0.00303352
0.0123154
0.0123153
0.000411724
0.000915936
0.00557486
0.00557556
0.00442845
0.0044282
0.0021012
0.00210367
0.000106205
0.000230265
0.000906831
0.0015291
0.000835575
0.000852783
0.00442393
0.00442433
0.00432641
0.00432534
0.00332595
0.00332689
0.000577204
0.000581235
0.000940906
0.000942021
0.000986433
0.000987706
0.000584235
0.000582567
0.000849468
0.000853537
0.00055947
0.000541262
0.00115894
0.00116251
0.00313445
0.00313472
0.000724995
0.000723035
0.000106012
0.000682343
0.00244021
0.00245613
0.000128553
0.000688991
0.00820883
0.00820714
0.00484273
0.00484037
0.00356052
0.00356068
0.00027284
0.000790615
0.00425678
0.00425683
0.00196053
0.00195973
0.000540102
0.00053113
0.00110883
0.00111008
0.00119824
0.00121756
0.00360827
0.00360716
0.00411224
0.00411232
0.00422189
0.00422264
0.00383463
0.00385291
0.00381655
0.00381319
0.00451922
0.00451976
0.0120133
0.0120132
0.00576
0.0057606
0.00476306
0.00476244
0.000540654
0.000545325
0.00112114
0.00112222
0.00454922
0.00454897
0.00429137
0.00429166
0.000117876
0.000798709
0.00134372
0.00134742
0.00388801
0.00389116
0.00686405
0.00686496
0.00374156
0.00374111
0.00560489
0.0056054
0.00128296
0.00128968
0.00454162
0.00454207
0.000573661
0.000579239
0.00496553
0.00496409
0.000580012
0.000586087
0.00599197
0.00599188
0.00740493
0.00740465
0.00488223
0.00488285
0.00441948
0.00441989
0.000724974
0.00108462
0.00477363
0.00477382
0.00452377
0.00452388
0.00412484
0.00412136
0.00401273
0.00401255
0.00180904
0.0018111
0.00179408
0.00180486
0.0016349
0.00163439
0.00581546
0.00581549
0.00442626
0.0044267
0.000261327
0.0008138
0.00333619
0.00333738
0.00560772
0.00560812
0.004713
0.00471313
0.0058483
0.00584835
0.00447354
0.00447271
0.00522475
0.00522484
0.00135795
0.00136197
0.000229215
0.0010264
0.00954833
0.00954983
0.00527138
0.00527066
0.00481316
0.00481364
0.00457733
0.00457753
0.00490034
0.00490052
0.00279761
0.00282341
0.00242192
0.00244365
0.00378057
0.00378057
0.00414461
0.00414269
0.00119414
0.00121364
0.0013532
0.00135663
0.00516637
0.00516648
0.00435029
0.00435122
0.00356901
0.00356918
0.00288031
0.00288541
0.00125318
0.00125418
0.00429624
0.00429668
0.00104159
0.00138157
0.00334646
0.00334983
0.00290148
0.00290344
0.00391785
0.00392068
0.00558685
0.00558686
0.000440707
0.000440654
0.00104047
0.00104087
0.00201926
0.0020184
0.00429206
0.00429213
0.00689106
0.00689106
0.000467106
0.000574683
0.00444672
0.00444744
0.00106751
0.00106836
0.00074358
0.000721953
0.00412401
0.00412422
0.00544966
0.00544996
0.00376147
0.00376077
0.00545516
0.00545528
0.00385984
0.00385974
0.00363572
0.00363529
0.00393735
0.00393637
0.00217664
0.00218019
0.00340373
0.00340452
0.00500192
0.00500204
0.000746398
0.000743614
0.00450453
0.00450468
0.00288468
0.00291954
0.00401567
0.00401468
0.00412044
0.00412067
0.00525034
0.00525084
0.00391008
0.00390544
0.00500168
0.00500026
0.00652363
0.00652347
0.00491999
0.00492082
0.00432095
0.00432051
0.00573783
0.00573749
0.00300266
0.00300632
0.00348368
0.00347714
0.00508953
0.00508965
0.000501
0.000902382
0.000338477
0.000900711
0.00401813
0.00401629
0.00466646
0.00467389
0.000122756
0.000879158
0.00588112
0.00588103
0.00236168
0.00236048
0.00371034
0.0037098
0.000468876
0.000473438
0.000408645
0.000935207
0.00842924
0.00842749
0.00459572
0.00459558
0.00404232
0.00404236
0.00447111
0.00447197
0.00292205
0.00293793
0.0073821
0.00738295
0.00441866
0.00442139
0.00330555
0.00330926
0.0069247
0.00692466
0.00597211
0.00597185
0.00586802
0.00586912
0.00671546
0.00671584
0.00327624
0.00328108
0.0040668
0.00406701
0.0034234
0.00342278
0.00367094
0.00367561
0.00411263
0.00411312
0.00219182
0.00218875
0.0204137
0.02042
0.0040041
0.00400407
0.00987548
0.00987696
0.00429159
0.00429211
0.00313411
0.00313432
0.000829894
0.000831552
0.00331614
0.00331461
0.014315
0.0143383
0.0036149
0.00361424
0.00297499
0.00297888
0.000910541
0.000915009
0.00637668
0.00637711
0.00342031
0.00342102
0.00204341
0.00204636
0.00117724
0.00118623
0.00542491
0.00542436
0.00552331
0.00552351
0.00520294
0.00520348
0.00416287
0.00416307
0.000889236
0.000892971
0.000951273
0.000954844
0.00431003
0.00430926
0.00422806
0.0042255
0.00395008
0.00394868
0.000528837
0.000533899
0.00195969
0.00196983
0.00275139
0.00275134
0.00347863
0.00348134
0.0027973
0.00279787
0.00387494
0.00389294
0.000211267
0.00107318
0.00135902
0.00135891
0.00165899
0.00167302
0.00387316
0.00387351
0.00220992
0.00221665
0.00346489
0.00346674
0.00351978
0.00352772
0.00532295
0.00532332
0.00432394
0.00432422
0.00780322
0.00780376
0.00438555
0.00438861
0.00128627
0.00129019
0.0020665
0.00206476
0.000816382
0.000816382
0.00125091
0.00150441
0.00168147
0.00178833
0.00182246
0.00180051
0.00173312
0.0016429
0.00155108
0.00153035
0.00204708
0.00226946
0.00245318
0.00260331
0.00271759
0.00276347
0.00271704
0.00257692
0.00234645
0.00204548
0.0016988
0.00130998
0.000748326
0.000748326
0.00173787
0.00178728
0.00241249
0.00243351
0.00235666
0.00236128
0.000586067
0.00130399
0.000719877
0.00106432
0.00248345
0.00248366
0.000533742
0.000535636
0.00416366
0.0041602
0.0036859
0.00368643
0.00395615
0.00395566
0.00415883
0.00416362
0.00420772
0.004208
9.68658e-05
0.000700918
0.00460575
0.00460549
0.00384884
0.00385279
0.00444697
0.00444732
0.00390302
0.00389982
0.00102562
0.00136139
0.00331038
0.00331
0.00557334
0.00557372
0.00155922
0.00169543
0.00881279
0.00881442
0.00398112
0.00398776
0.00212671
0.0021278
0.00243811
0.00243872
0.00083583
0.000841623
0.0126052
0.0126051
0.000150835
0.000947548
0.00686157
0.00686157
0.00496602
0.00496703
0.00739284
0.00739356
0.00529603
0.00529665
0.0080596
0.00806079
0.00667698
0.00667746
0.00492309
0.00492168
0.00372289
0.00371757
0.00395244
0.00394894
0.000898919
0.000914351
0.000901234
0.000905676
0.00420192
0.0042061
0.00066167
0.000740306
0.00262085
0.00262041
0.000743734
0.000721225
0.00521113
0.00521125
0.00360977
0.00360981
0.00142178
0.00142162
0.00354436
0.00354658
0.00111173
0.00111095
0.00136128
0.00134065
0.0041341
0.00413475
0.0022618
0.00227937
0.00224669
0.00225037
0.00537931
0.00537936
0.000481485
0.000481632
0.00322448
0.0032186
0.000203029
0.00103886
0.00397644
0.00397682
0.00336163
0.00336274
0.000634193
0.000638156
0.00289837
0.0029151
0.00046394
0.00046869
0.00360589
0.0036242
0.000634917
0.000627423
0.00627473
0.00627498
0.00237272
0.00238722
0.00238801
0.00239036
0.00225213
0.00225599
0.0021932
0.00219355
0.00213104
0.00211472
0.000625114
0.00108965
0.00508063
0.00507965
0.00554
0.00553871
0.00537163
0.00537206
0.00376172
0.00376111
0.00477027
0.0047705
0.00348138
0.00348211
0.000369936
0.00123561
0.00361315
0.0036132
0.00578451
0.00578504
0.0112868
0.0112868
0.00403032
0.00403045
0.00365997
0.00366043
0.00569268
0.0056927
0.00417943
0.00417877
0.0037134
0.00371356
0.000584584
0.000869819
0.00356484
0.00356549
0.00373149
0.00373222
0.00300259
0.00299959
0.000220967
0.000662606
0.00286435
0.00286905
0.00124658
0.00125187
0.00336919
0.0033702
0.00844052
0.0084411
0.00478027
0.004782
0.00492766
0.00492898
0.00579594
0.00579601
0.00553079
0.00553082
0.00169882
0.00170592
0.00169559
0.00169841
0.00377944
0.00377636
0.00423438
0.00423215
0.00297844
0.00297787
0.00519236
0.00519247
0.00492067
0.00492087
0.00066973
0.000698073
0.00148863
0.00148856
0.00556439
0.00556439
0.00394157
0.00394899
0.00555928
0.00555927
0.00794903
0.00794937
0.00324555
0.00324504
0.00437904
0.00437826
0.00124754
0.00125079
0.00143039
0.00143362
0.00445019
0.00445064
0.00345688
0.00345562
0.00357416
0.00357422
0.00411881
0.00411575
0.000646371
0.000787668
0.000888912
0.000893039
0.00327945
0.0032766
0.00465522
0.00465557
0.00280814
0.00280751
0.00474082
0.00473945
0.00173818
0.00173813
0.00429446
0.00429461
0.00479786
0.00479808
0.00794264
0.0079422
0.00440916
0.00440951
0.00360943
0.00360808
0.000966731
0.000970056
0.00209458
0.00210107
0.00522852
0.00522865
0.00294301
0.00294346
0.00354963
0.00354964
0.0012464
0.00177627
0.00413291
0.00413397
0.00389436
0.00389297
0.00502885
0.00502901
0.00171629
0.00171893
0.00331749
0.0033175
0.00139503
0.00166108
0.000794209
0.000777972
0.00451695
0.0045172
0.000756468
0.000755902
0.00276984
0.00277565
0.00319951
0.00319387
0.00622371
0.00622407
0.0042897
0.00428977
0.000464751
0.000467691
0.00380605
0.0038054
0.000565157
0.000568577
0.00716579
0.00716617
0.00532518
0.00532548
0.00478349
0.00478369
0.00455619
0.00455415
0.00368621
0.00368661
0.00471981
0.00471829
0.0109777
0.0109772
0.00573114
0.00573143
0.00475967
0.00476195
0.000730175
0.000709696
0.0089801
0.0089805
0.00376935
0.00376455
0.00115034
0.00115076
0.00408192
0.00408192
0.00594142
0.00594113
0.000784953
0.000786066
0.00525596
0.00525465
0.00533717
0.0053377
0.00344294
0.00344335
0.00407684
0.00407563
0.00365842
0.00365673
0.000467856
0.000653679
0.00585537
0.00585392
0.00086588
0.000868436
9.45817e-05
0.000811224
0.00512813
0.0051279
0.00390741
0.00390932
0.000102599
0.000886991
0.0107526
0.0107522
0.00030055
0.000932111
0.00408571
0.00408666
0.000640237
0.00082914
0.000230537
0.00103045
0.00610676
0.006107
0.00432152
0.00432121
0.00202337
0.00203953
0.0013625
0.00137074
0.0125447
0.0125448
0.00130041
0.00130925
0.00153108
0.00165908
0.00180844
0.00180982
0.00399049
0.00398959
0.00389289
0.00389186
0.00251365
0.00251045
0.00402734
0.00402371
0.000427524
0.000579942
0.0016526
0.0017363
0.00432415
0.00432433
0.00490092
0.00490057
0.0056775
0.00567746
0.000630961
0.000609103
0.00447841
0.00447671
0.00441955
0.00441697
0.00424834
0.00424844
0.000835526
0.000834995
0.00384454
0.0038481
0.00639464
0.0063957
0.00407363
0.00407386
0.000463956
0.00116227
0.0048396
0.004846
0.000834344
0.000837161
0.002325
0.00232326
0.00374564
0.00374504
0.00140768
0.00140769
0.0015317
0.00153165
0.000849835
0.000855145
0.00814966
0.0081492
0.00212354
0.00211281
0.00233416
0.00233972
0.00224899
0.00224538
0.00388426
0.00388278
0.00397359
0.003974
0.00407145
0.00407149
0.0013183
0.00133002
0.00206551
0.00206454
0.00432021
0.00431788
0.00261945
0.0026195
0.000827461
0.000832346
0.00339049
0.00338721
0.000736632
0.00071152
0.00511038
0.00510935
0.0052488
0.00524894
0.00432413
0.00432443
0.00490857
0.004907
0.00381044
0.00381192
0.00451825
0.00451617
0.000839928
0.00131849
0.000860871
0.00086587
0.0034936
0.0034953
0.00599539
0.00599553
0.00320477
0.00321054
0.0104949
0.0104963
0.00539362
0.00539489
0.000560664
0.00131332
0.000347888
0.000349887
0.00363737
0.00363792
0.0067988
0.00680116
0.0037435
0.0037541
0.0075499
0.00755029
0.00262991
0.00262583
0.00393645
0.00393613
0.000371974
0.00106906
0.00389099
0.00389117
0.00459231
0.00459095
0.00202934
0.00201776
0.00329963
0.00329896
0.00265387
0.00264974
0.00033329
0.000750729
0.00600584
0.00600692
0.000664702
0.000779401
0.00597014
0.0059699
0.0015068
0.00150689
0.000682385
0.00068016
0.0015929
0.00157219
0.00489365
0.00489214
0.00451678
0.00451737
0.00372588
0.00372244
0.00492083
0.00491936
0.00362573
0.00362549
0.000527884
0.0013761
0.0040868
0.00408289
0.00490703
0.00490568
0.00251272
0.00251377
0.00433498
0.0043361
0.00475536
0.00475556
0.00362953
0.00362784
0.00268088
0.00268086
0.00354979
0.00355022
0.000187463
0.000813608
0.00416329
0.00415988
0.00635964
0.0063599
0.00485348
0.00485179
0.000795988
0.000793625
0.00306927
0.00306958
0.00480671
0.0048053
0.00103392
0.0010357
0.00399353
0.00399192
0.000623371
0.000628602
0.0031461
0.00314703
0.00035745
0.000410744
0.00350785
0.00350662
0.00359012
0.00358844
0.00341208
0.00341353
0.000347669
0.000418272
0.00907375
0.00907421
0.00216202
0.002171
0.00552862
0.00552865
0.00480356
0.00480508
0.00259607
0.00259608
0.00218819
0.00219114
0.0040143
0.00401319
0.00367566
0.00367602
0.000887983
0.000862924
0.0046217
0.00462278
0.00377013
0.00376831
0.00426048
0.0042609
0.00391206
0.00391049
0.00139214
0.00145867
0.00389027
0.00388932
0.00584555
0.00584568
0.00374815
0.00374317
0.000695123
0.000669403
0.0024028
0.00240366
0.0091707
0.0091723
0.00384716
0.00384722
0.00332287
0.00333263
0.00364604
0.00364647
0.00466542
0.00466831
0.000960152
0.000941514
0.00839308
0.00839362
0.00334726
0.00334539
0.00363791
0.00364304
0.00370306
0.00369849
0.00378533
0.00378536
0.0020388
0.00204568
0.00281658
0.00282208
0.0041066
0.00410714
0.00772748
0.0077444
0.00279781
0.00283523
0.00406569
0.0040617
0.00346032
0.00346145
0.00360867
0.00360652
0.00367131
0.00367149
0.00388279
0.00388295
0.00235232
0.00234944
0.00047493
0.000466069
0.00401721
0.00401791
0.000400972
0.000401099
0.000645649
0.00063178
0.00400189
0.00400193
0.00456759
0.00456906
0.000139775
0.000457603
7.40062e-05
0.000635264
0.00469862
0.0046999
0.00691786
0.00691816
0.000540966
0.00052288
0.00535288
0.00535167
0.00557163
0.00557212
0.000792479
0.001014
0.000843779
0.000834156
0.00418298
0.00417923
0.000761789
0.000758764
0.00316665
0.00316901
0.00557116
0.00557162
0.00455146
0.00455157
0.00856048
0.00856157
0.00528673
0.00528746
0.00339606
0.00339611
0.000958979
0.000957745
0.00790379
0.00790438
0.000337721
0.000337867
0.00111467
0.00112918
0.00425804
0.00425811
0.00396263
0.00396206
0.00362516
0.00362506
0.00330482
0.00329887
0.000542951
0.000538763
0.00371924
0.00371756
0.00319891
0.00319909
0.00401121
0.00400895
0.00357533
0.00357655
0.00274045
0.0027354
0.00764335
0.00764129
0.00190612
0.00191647
0.0043726
0.00437255
0.0016179
0.00161109
0.000581376
0.000585876
0.00179384
0.00181281
0.0040246
0.00402351
0.000477464
0.00046726
0.000833957
0.000954985
0.00546699
0.00546715
0.0026757
0.00268278
0.00403577
0.00403583
0.00479659
0.00479483
0.00934927
0.00934813
0.000976495
0.00141954
0.00196084
0.00196084
0.00214227
0.00230861
0.00262038
0.00296348
0.0032897
0.00358521
0.00384391
0.00405739
0.00421597
0.00431542
0.00436135
0.00436147
0.00431579
0.00421671
0.00405839
0.00384492
0.00358601
0.00329018
0.00296358
0.00262003
0.0023079
0.00214198
0.0019621
0.0019621
0.00484435
0.00484424
0.00642296
0.00642337
0.000547051
0.000545326
0.00081183
0.000817451
3.96259e-05
5.98658e-05
0.000161697
0.00066176
0.00612125
0.0061214
0.000845125
0.0009068
0.00483479
0.0048356
0.000633483
0.000634694
0.000798893
0.000788706
0.00580697
0.00580694
0.000600601
0.00060003
0.00567628
0.00567753
0.0040247
0.00402452
0.000159928
0.000630475
0.0037204
0.00371858
0.00454605
0.00454603
0.00407853
0.00407865
0.00536183
0.00536065
0.000924773
0.00090994
0.00323587
0.003237
0.0046144
0.00461154
0.000558179
0.000558332
0.0037532
0.00375381
0.00568295
0.00568291
0.000459939
0.000712691
0.00368986
0.00369102
0.00333207
0.0033381
0.00205221
0.00205221
0.00179712
0.00229169
0.00290091
0.00348603
0.00402449
0.00453215
0.0050439
0.00558003
0.00609201
0.00648261
0.00668935
0.00669137
0.00648744
0.0060985
0.00558599
0.0050479
0.00453467
0.00402657
0.00348817
0.00290292
0.00229296
0.00179692
0.00205148
0.00205148
0.00108725
0.00110101
0.00260071
0.00259722
0.000574377
0.000576082
0.0031451
0.0031407
0.00293022
0.00293017
0.000819455
0.000793648
0.00359094
0.00359108
0.00128145
0.00128304
0.000695161
0.000713402
0.00169483
0.00170755
0.0001713
0.000565072
0.00316473
0.00316772
0.00305083
0.00305119
0.00561064
0.00560908
0.000853918
0.000869608
0.00423493
0.00423876
0.00328351
0.00328477
0.00315535
0.00315531
0.000122965
0.000397515
0.0048093
0.00480972
0.00273781
0.00273774
0.00315648
0.00315644
0.0051589
0.00515772
0.00409346
0.00409499
0.00459839
0.00459858
0.000524322
0.000524417
0.000595211
0.000838966
0.00370346
0.0037018
0.00431518
0.00431525
0.000897504
0.000901939
0.00180488
0.00180413
0.000838906
0.000845834
0.00387651
0.00387622
0.00529635
0.0052988
0.00483632
0.00483461
0.00567971
0.00567969
0.00331546
0.00331635
0.00263651
0.00263352
0.00551377
0.00551379
0.00321367
0.00322607
0.00153516
0.00160238
0.00436293
0.00436232
0.00525329
0.00525579
0.00539525
0.00539408
0.00101745
0.0010149
0.00586039
0.00585956
0.00422692
0.00422484
0.00741162
0.00741225
0.000378815
0.000378939
0.000759648
0.000768541
0.00323953
0.00323961
0.00366014
0.00365799
0.000758769
0.000770441
0.00385347
0.00384866
0.00209118
0.00209033
0.00444719
0.00444467
0.0103899
0.0103913
0.00207717
0.00208544
0.0043416
0.00434195
0.00367658
0.0036884
0.00216545
0.00216879
0.00411252
0.00411105
0.00156374
0.00156366
0.00418861
0.0041884
0.00599463
0.0059937
0.000753735
0.000747808
0.00805138
0.00805173
0.00401618
0.0040159
0.00112008
0.00113896
0.0132235
0.0132237
0.00234193
0.0023424
0.00121464
0.00164866
0.0100914
0.0100929
0.00344057
0.0034419
0.00597419
0.00597384
0.00561561
0.0056157
0.0042543
0.00425465
0.0043362
0.00433496
0.00408541
0.0040841
0.00393983
0.00393822
0.000388969
0.00109053
0.000294201
0.000645207
0.0033756
0.00336919
0.00464529
0.0046456
0.00308688
0.00308663
0.00153852
0.00153847
0.000122944
0.000473094
0.00279543
0.00279536
0.00369525
0.00369365
0.000455656
0.000460337
0.00272478
0.00275247
0.00503062
0.00503078
0.00483727
0.004838
0.00368557
0.00368275
0.00381904
0.00381931
0.000456436
0.000459584
0.00450419
0.00450442
0.00195614
0.00195342
0.00258948
0.00258835
0.00338926
0.00338737
0.00405897
0.00405522
0.00476335
0.00476147
0.00394336
0.00394198
0.000132112
0.00066808
0.00118428
0.00118639
0.00361346
0.00361173
0.00089902
0.00156801
0.00355861
0.00355954
0.00273032
0.00272997
0.0128635
0.0128637
0.0036511
0.00364773
0.00448794
0.00448698
0.00320392
0.00320475
0.00172975
0.00175573
0.00606395
0.00606399
0.00397715
0.00397947
0.00268831
0.00268825
0.00206826
0.00205595
0.00430937
0.00430953
0.00609051
0.0060897
0.000516773
0.00051693
0.00612642
0.00612701
0.00530967
0.005312
0.00109347
0.00109792
0.00330076
0.00330168
0.00351803
0.00351774
0.00477363
0.00477376
0.00356284
0.00356292
0.00384628
0.00384162
0.004632
0.00463299
0.00564544
0.00564619
0.00354761
0.00354392
0.00119655
0.0014495
0.00220502
0.0022125
0.000476543
0.000530485
0.00759389
0.00759244
0.00054356
0.00052623
0.00479516
0.00479529
0.00522414
0.00522438
0.0044623
0.00446329
0.00105527
0.00105522
0.00320593
0.00320692
0.00242891
0.00242968
0.00374908
0.00374908
0.00378801
0.00378784
0.00166291
0.00166218
0.000663488
0.000667765
0.00297159
0.00297104
0.00417121
0.00417047
0.00537652
0.00537535
0.00194774
0.0020447
0.00292521
0.00292524
0.0022012
0.00220042
0.0016607
0.00165168
0.00514591
0.00514613
0.00397043
0.0039685
0.00452339
0.00453498
0.00518787
0.00518651
0.00380639
0.00380643
0.00225693
0.00225707
0.00155791
0.00153859
0.00372807
0.00372638
0.00211036
0.00218651
0.00372714
0.00372328
0.00642765
0.006428
0.00464195
0.0046412
0.0043903
0.00439041
0.00543254
0.00545029
0.00143675
0.00143627
0.0042109
0.00421099
0.00131425
0.0013137
6.11126e-05
0.000648552
0.00552653
0.00552638
0.00393346
0.0039352
0.00294523
0.00294528
0.00385786
0.00385448
5.0184e-05
0.000443319
0.00476839
0.00476848
0.00453989
0.00453822
0.00592494
0.00592479
0.0122474
0.0122476
0.000686805
0.000660898
0.00373748
0.00373773
0.00742652
0.00742446
0.0044931
0.0044916
0.00406169
0.00406127
0.00704826
0.00704799
0.011199
0.0111982
0.000640992
0.000617913
0.00376987
0.00376449
0.00205525
0.0020488
0.0040968
0.00409761
0.00136326
0.00140191
0.00383258
0.00383392
0.00468055
0.00468068
0.00809751
0.00809914
0.00676467
0.00676504
0.00629531
0.00629262
0.00405593
0.00405599
0.00512071
0.00512082
0.00419877
0.0041982
0.00387944
0.00387949
0.00129441
0.00129752
0.00370702
0.00370811
0.00460889
0.00460708
0.00249897
0.00250792
0.00353447
0.0035342
0.000176648
0.000926785
0.000657
0.000641559
0.00521558
0.00521601
0.000563825
0.000563853
0.000592966
0.000583653
0.0033189
0.00331987
0.00430451
0.00430462
0.00333548
0.00335131
0.00442203
0.00442052
0.00161278
0.00161699
0.00718955
0.00718987
4.82648e-05
0.000298411
0.00450452
0.00450034
0.00509507
0.00509437
0.0045069
0.00450622
0.000404347
0.000409155
0.00233266
0.00233104
0.0024502
0.00244839
0.00357212
0.003573
0.00247069
0.00246947
8.80567e-05
0.000480422
0.000185669
0.000625503
0.0128996
0.0128994
0.00304853
0.00306902
0.00440369
0.00440422
0.00687986
0.00687999
0.000862365
0.0013407
0.00278433
0.00280191
0.0027823
0.00278752
0.0033193
0.00331901
0.0102744
0.0102758
0.00435843
0.00435599
0.00279471
0.00280523
0.00267403
0.00267892
0.00276703
0.00277091
0.00268982
0.00269643
0.00130639
0.00128972
0.00264505
0.00265205
0.0025238
0.00252443
0.000178764
0.00082339
0.00432712
0.00432726
0.0025289
0.00252888
0.00249196
0.0024928
6.96173e-05
0.000490886
0.00257713
0.00257849
0.00598723
0.0059864
0.0110001
0.0109994
0.00546675
0.00546713
0.00501016
0.0050124
0.00463589
0.0046354
0.00468295
0.00469061
0.00572909
0.00572833
0.00397954
0.00397914
0.000165029
0.000820911
0.00586743
0.00586592
0.00317183
0.00317193
0.00120042
0.00121254
0.00596518
0.00596487
0.013588
0.013588
0.00244875
0.00244883
0.000104328
0.000690624
0.00155358
0.00163425
0.00464296
0.0046431
0.00419064
0.00419123
0.00206919
0.00206803
0.00473442
0.00473362
0.00381618
0.00381647
0.00391858
0.00391723
0.00403541
0.00403422
0.00485304
0.00485131
0.000678878
0.00069596
0.000828753
0.000820076
0.00370649
0.00370672
0.00153561
0.00153701
0.0117721
0.0117729
0.00439576
0.00439139
0.00445262
0.00444984
0.000906868
0.000892769
0.00575924
0.00575843
0.00386302
0.00385812
0.00266261
0.00266108
0.00232009
0.00233121
0.00346958
0.00346956
0.000996746
0.000997881
0.00564969
0.00564902
0.00144085
0.00172241
0.00523393
0.00523471
0.00203492
0.00204923
0.008185
0.00818669
0.00442093
0.00441831
0.0041732
0.00417202
0.00421086
0.00421116
0.00455989
0.00456417
0.000546722
0.000547102
0.0088117
0.00881195
0.00553173
0.00553246
0.00352206
0.00351817
0.00307424
0.0030747
0.000794347
0.00105412
0.00631332
0.00631328
0.0111745
0.0111745
0.00747707
0.0058658
0.00555673
0.00551333
0.00550826
0.00550722
0.00550629
0.00550535
0.00550458
0.00550405
0.00550379
0.00550379
0.00550405
0.00550458
0.00550535
0.00550629
0.00550723
0.00550826
0.00551333
0.00555673
0.00586579
0.00747704
0.0111746
0.0111746
0.000874002
0.000847218
0.00346497
0.00346521
0.00524987
0.00525029
0.00633751
0.00633733
0.00114315
0.00115683
0.0144554
0.0144554
0.000304149
0.000304149
0.000348601
0.000356595
0.00034816
0.000327433
0.00030163
0.000279964
0.000276813
0.000318164
0.000392687
0.000397157
0.000350208
0.000357978
0.00040155
0.000461389
0.000522871
0.000574196
0.000608461
0.000623304
0.000619954
0.000602524
0.000578167
0.000559911
0.000570993
0.000570993
0.00509956
0.00509967
0.00560014
0.00559952
0.000947143
0.000924351
0.0052014
0.00520187
0.00489568
0.0049137
0.00227967
0.00231192
0.00294354
0.00294536
7.14564e-05
0.000735799
0.00435265
0.00435928
0.00477594
0.00477408
0.00293909
0.00293881
0.00846994
0.00847024
0.0130747
0.0130744
0.00369357
0.00369305
0.0139229
0.0139229
0.00174006
0.00175273
0.000137323
0.000637993
0.005326
0.00532845
0.000490795
0.000645534
0.000953737
0.000953737
0.0013226
0.00158827
0.00190289
0.00217698
0.00240742
0.00260858
0.00277458
0.00290289
0.00299779
0.00306345
0.00310448
0.00310466
0.0030637
0.00299809
0.00290322
0.00277494
0.002609
0.00240793
0.00217758
0.00190359
0.00158902
0.00132336
0.000954315
0.000954315
0.000529057
0.000529057
0.000527052
0.000529176
0.000530024
0.000523702
0.000509182
0.000488391
0.00046576
0.000463465
0.000539253
0.000590924
0.000559936
0.000579325
0.00063136
0.000688408
0.000737143
0.000769939
0.000784117
0.000779899
0.00075961
0.00072762
0.000690855
0.000661338
0.000655465
0.000655465
0.00334407
0.00334114
0.00418549
0.00419012
0.0137284
0.0137284
0.00433252
0.00433311
0.00537818
0.00537828
0.00327801
0.00327684
0.000450322
0.000445943
0.0137634
0.0137634
0.00169938
0.00170223
0.00259824
0.00263281
0.00352126
0.00352096
0.00581024
0.00581021
5.94135e-05
0.000283676
0.000237885
0.000643438
0.00602874
0.0060295
0.00417306
0.00417152
0.00132057
0.00131926
0.00127949
0.00127711
0.00109067
0.00108685
0.00180329
0.00180151
0.00118923
0.00118656
0.00352797
0.00352632
0.00651897
0.00651679
0.00346237
0.00346041
0.00525072
0.0052488
0.00970676
0.00970593
0.0131233
0.013123
0.0106351
0.0106343
0.00513424
0.00513222
0.013058
0.0130577
0.00826376
0.00826322
0.0110586
0.0110577
0.0059682
0.00596771
0.00819455
0.00819387
0.00638821
0.0063859
0.00735286
0.00735044
0.00784768
0.00784508
0.0111073
0.0111064
0.0106079
0.0106069
0.000798017
0.000800067
0.000502334
0.000502362
0.000599788
0.000601463
0.00219787
0.00219135
0.00424577
0.00424283
0.00417328
0.0041703
0.00456168
0.00455868
0.00459641
0.00459302
0.00452301
0.00452
0.00451208
0.00450842
0.00113143
0.00112807
0.0038756
0.00387166
0.00418946
0.00418594
0.00126072
0.00126186
0.000725465
0.000723349
0.00405361
0.00404966
0.00351113
0.00350686
0.00146881
0.00146734
0.00369182
0.00368813
0.00488342
0.00487911
0.00523696
0.00523267
0.00277833
0.00277262
0.00335268
0.0033479
0.00415815
0.00415486
0.003888
0.00388406
0.00447573
0.00447548
0.00359197
0.00358935
0.00459607
0.00460396
0.0044959
0.00449241
0.00049944
0.000501383
0.00263181
0.00262855
0.0045952
0.00459069
0.000369972
0.000368725
0.00454991
0.00454502
0.000283309
0.000282505
0.00450271
0.00450307
0.00439371
0.00439083
0.00463061
0.00463462
0.00215193
0.0021531
0.00478281
0.00477963
0.00584463
0.00584077
0.00516953
0.00516642
0.00558367
0.00558097
0.00520025
0.0051976
0.00541834
0.00541679
0.00552553
0.00552494
0.00458546
0.00458124
0.00454298
0.00453961
0.0032038
0.00320351
0.00181895
0.00182126
0.00285981
0.00285965
0.00444442
0.00443938
0.00456065
0.00455678
0.00282745
0.00282678
0.00174086
0.00173991
0.00421434
0.00421117
0.00196784
0.0019619
0.00167514
0.00166907
0.00152679
0.0015238
0.0037952
0.00379318
0.00371243
0.00370953
0.00440899
0.00440609
0.00159433
0.00159354
0.00165401
0.00165487
0.00217094
0.00217131
0.00463862
0.00463742
0.00391281
0.00391127
0.00441926
0.00443205
0.00450371
0.00450304
0.00352509
0.00352367
0.00440124
0.00439832
0.00461978
0.00461544
0.00409766
0.00409507
0.00201639
0.00201504
0.00508027
0.00508003
0.00466114
0.00465995
0.00436563
0.00437398
0.00452768
0.00453208
0.00454855
0.00454821
0.00360111
0.00359927
0.00415323
0.00415041
0.000229799
0.000231348
0.000268465
0.000268014
0.00456855
0.00457027
0.00307525
0.00307133
0.00450758
0.00451352
0.00296034
0.00295789
0.00208727
0.00207234
0.00490224
0.00490154
0.00123842
0.00123005
0.00432658
0.00432792
0.00459211
0.00458712
0.00102252
0.00101515
0.00383301
0.00383135
0.00443459
0.00443286
0.00435941
0.00435909
0.00666535
0.00666989
0.00513708
0.00513882
0.000442307
0.000439963
0.00338629
0.00338446
0.00198458
0.00198521
0.000269803
0.00026645
0.00196014
0.00195957
0.00113944
0.00115976
0.00116456
0.00116052
0.000247811
0.000247525
0.00492501
0.00492379
0.00113199
0.00112354
0.0031405
0.0031383
0.003142
0.00313984
0.000885093
0.000881755
0.00167797
0.00167887
0.00135509
0.00134907
0.00146589
0.0014603
0.00122489
0.00122322
0.00298395
0.00298165
0.00392662
0.00392409
0.000259367
0.000259047
0.00492871
0.00492636
0.00548397
0.00548359
0.00439223
0.0044058
0.00436079
0.00435686
0.00098319
0.000979252
0.001557
0.00155639
0.00346205
0.00345929
0.00495895
0.00495575
0.0051776
0.00517459
0.00482897
0.004826
0.00520134
0.00519873
0.00480952
0.00480665
0.0041951
0.00419347
0.00179854
0.00180061
0.00127451
0.00127261
0.00203428
0.00202839
0.00335373
0.00335032
0.00209787
0.00209651
0.00126211
0.00126205
0.00455306
0.00455174
0.00132217
0.0013232
0.00494514
0.00494284
0.00306409
0.0030634
0.00156695
0.00156511
0.00398865
0.00398625
0.00182337
0.00181712
0.0014962
0.00149651
0.00305007
0.00304691
0.000955456
0.000956154
0.00195132
0.00195184
0.0057923
0.0057887
0.00397904
0.00397678
0.00450391
0.0045109
0.00449
0.00449351
0.000449008
0.000448137
0.00222893
0.00222753
0.00481648
0.00481352
0.00201593
0.00201741
0.000862406
0.000859962
0.00401843
0.00401687
0.00413659
0.00413652
0.00519454
0.00519219
0.00193494
0.00193263
0.000293878
0.000293452
0.00470618
0.00470299
0.000998439
0.000995006
0.00162959
0.00162488
0.00502831
0.00502789
0.00288604
0.00288321
0.000732877
0.000732877
0.00099871
0.00109646
0.00118295
0.00126689
0.00133008
0.00137708
0.00141058
0.00143473
0.00145054
0.00145879
0.00146293
0.00146299
0.00145893
0.00145078
0.00143507
0.00141104
0.00137773
0.00133089
0.00126785
0.00118398
0.00109744
0.000999606
0.000733572
0.000733572
0.00303032
0.00303013
0.00239467
0.00239063
0.00152456
0.00151836
0.00524305
0.00524162
0.00519076
0.00518932
0.00479958
0.00480622
0.00306719
0.00306695
0.00106696
0.00106432
0.00250051
0.00249906
0.00428343
0.00428392
0.0011026
0.00110084
0.000941384
0.000941089
0.00266447
0.00266008
0.00441862
0.00441491
0.000377778
0.000373955
0.00043721
0.000439034
0.00408007
0.00407857
0.00251856
0.00251818
0.00503012
0.00502891
0.0020449
0.00203989
0.0033106
0.00330998
0.00124459
0.00123235
0.000334986
0.000335217
0.00217335
0.00216744
0.00377299
0.00377002
0.00439975
0.00439694
0.00529862
0.00529827
0.00536451
0.00536549
0.00230707
0.00230273
0.00158112
0.00157526
0.00204787
0.00204358
0.00326224
0.00326014
0.000804682
0.000805566
0.00453593
0.00453233
0.00136476
0.00135996
0.000781762
0.000785452
0.00216889
0.00216444
0.000657855
0.000652864
0.00306403
0.00306026
0.00479445
0.00479333
0.00539246
0.00539092
0.00519913
0.0051987
0.00315067
0.0031493
0.00227159
0.00227088
0.00334346
0.00334061
0.00389923
0.00389643
0.00480499
0.00480215
0.00089652
0.000899941
0.00146639
0.00145965
0.00188612
0.00188494
0.00423662
0.00423482
0.000973331
0.000973503
0.00397502
0.00397276
0.00326801
0.00326501
0.0043728
0.00437431
0.00491521
0.00491182
0.0051953
0.00519296
0.00376512
0.00376176
0.00435336
0.00435157
0.00491642
0.00491533
0.00546262
0.00546329
0.0047815
0.00478745
0.0040478
0.00404617
0.00100593
0.00100264
0.00119624
0.00119792
0.00434593
0.00434309
0.00450507
0.00450127
0.00142542
0.00142532
0.00288968
0.00288824
0.00124287
0.00123511
0.0011354
0.00113734
0.00186833
0.00186174
0.00225047
0.0022463
0.00264491
0.00264252
0.00376799
0.00376544
0.00277627
0.00277229
0.0045196
0.00451822
0.00440836
0.00440674
0.00149324
0.0014893
0.00256985
0.00256938
0.00188129
0.00188009
0.00463336
0.00463123
0.00452269
0.00453334
0.00395253
0.00395019
0.00512815
0.0051279
0.00460378
0.00461277
0.00452863
0.00452948
0.00455737
0.00455385
0.00199731
0.00199366
0.00428111
0.0042795
0.00228331
0.00228156
0.00485744
0.00485712
0.00501361
0.00501722
0.00507264
0.00507405
0.00489576
0.00489894
0.00213259
0.00212895
0.00183161
0.0018303
0.00509054
0.00508926
0.00529071
0.00529154
0.00495549
0.00495549
0.00444826
0.00444952
0.00121406
0.00120925
0.00236687
0.00236443
0.00594318
0.00594469
0.00474295
0.0047436
0.00539752
0.00539714
0.00155369
0.00155655
0.003993
0.00399117
0.00392422
0.00392309
0.00216956
0.00216565
0.0009306
0.000925551
0.00551183
0.00550774
0.00555681
0.00555421
0.00179049
0.00178703
0.00527797
0.00527715
0.00467626
0.00467419
0.000580395
0.000583919
0.00359302
0.00359165
0.00476437
0.004765
0.00477384
0.00477274
0.00484154
0.00484413
0.00477012
0.00476734
0.00382453
0.00382234
0.00470054
0.00469699
0.00505775
0.00505632
0.0046371
0.0046336
0.00567621
0.00567735
0.00360426
0.0036017
0.00346691
0.00346514
0.00286019
0.00285557
0.00442762
0.0044264
0.00466982
0.00466997
0.00241429
0.0024109
0.00329325
0.00329005
0.00533226
0.0053371
0.00338088
0.00337615
0.00467561
0.00468046
0.00442119
0.00442769
0.00266354
0.00266026
0.00459928
0.00459945
0.00412987
0.00412885
0.00566086
0.00566612
0.00370036
0.00369883
0.00441245
0.00441436
0.00553418
0.00552978
0.00447811
0.00447922
0.00398704
0.00398663
0.00406844
0.00406737
0.0042814
0.00428083
0.00427814
0.00427757
0.00437439
0.00437016
0.00809865
0.0080961
0.00489089
0.00488628
0.00124919
0.00125036
0.00524287
0.00523825
0.00823164
0.00822901
0.000754559
0.000753348
0.000995517
0.000994932
0.0030989
0.00309517
0.00375787
0.00375456
0.00433377
0.0043304
0.00100304
0.00100224
0.00798614
0.0079835
0.00134586
0.0013464
0.00775715
0.00775457
0.00307463
0.00307087
0.00149381
0.00149264
0.00235765
0.00235341
0.0043394
0.00433597
0.00281933
0.00281358
0.000738143
0.000739494
0.00225882
0.002257
0.00136821
0.0013677
0.00133269
0.00133344
0.00808754
0.00808485
0.000993873
0.000995308
0.00172412
0.00172015
0.00167778
0.00167347
0.00114385
0.00114087
0.00133954
0.00133978
0.0111667
0.0111658
0.0112645
0.0112637
0.00181936
0.0018186
0.00322798
0.00322771
0.0132199
0.0132196
0.0132799
0.0132797
0.00609402
0.00609369
0.00923306
0.00923291
0.0133029
0.0133026
0.0132816
0.0132814
0.01134
0.0113398
0.00973998
0.00973924
0.0113779
0.0113778
0.0136148
0.013615
0.0125693
0.0125691
0.0072526
0.00725011
0.00439806
0.00439359
0.00369553
0.00369118
0.0124998
0.0124996
0.0135157
0.0135159
0.00364059
0.00363641
0.00274882
0.00274443
0.00174965
0.00174458
0.0139042
0.0139042
0.014085
0.0140849
0.00158928
0.00158505
0.0137567
0.0137567
0.0125634
0.0125638
0.0123882
0.0123885
0.000566744
0.000571254
0.00956197
0.00956267
0.0019616
0.00196265
0.000861913
0.000862674
0.00324064
0.0032406
0.00100691
0.000996982
0.000101922
0.000471952
0.000892094
0.000892094
0.00113344
0.00127485
0.0014229
0.00155978
0.00167095
0.00176326
0.00183823
0.00189467
0.0019364
0.00196431
0.00198046
0.00198051
0.00196438
0.00193651
0.00189484
0.00183851
0.00176374
0.00167164
0.00156066
0.00142392
0.00127581
0.00113435
0.000892845
0.000892845
0.00944184
0.00944249
0.0135821
0.0135821
0.0143015
0.0143015
0.000805288
0.000779513
0.000773621
0.000774592
9.90762e-05
0.00014369
0.0037181
0.00371844
0.0020931
0.00209248
1.70021e-05
0.000217503
0.000343333
0.000346435
0.000265654
0.000267137
8.68367e-05
0.000428534
1.82246e-05
0.000373885
2.01261e-05
0.000122478
9.09524e-05
0.00027309
2.33186e-05
0.000406454
5.72021e-05
0.000239187
0.000244196
0.000257622
0.000362011
0.000362215
0.00356357
0.00356372
0.00549482
0.0054944
0.00559673
0.00559564
0.0054961
0.00549503
0.00149975
0.00149934
0.00151112
0.00151106
0.00210206
0.00210587
0.000267539
0.000274113
0.000239301
0.000279895
1.75012e-05
0.0003588
0.00155981
0.00155978
0.00503566
0.00503549
0.000178595
0.000178696
0.00512447
0.00512345
0.00454511
0.00454429
0.00388689
0.00388632
0.000913359
0.000913172
0.00109387
0.00109423
0.00188145
0.00188141
0.00228407
0.00228404
0.00272403
0.00272401
0.00308251
0.00308272
0.00279607
0.00279696
0.00245756
0.00245938
0.00132765
0.00133533
0.0031094
0.003109
0.00131336
0.00131339
0.00286293
0.00286296
0.00303569
0.00303603
0.000577923
0.000588868
0.000259733
0.000270205
0.000330958
0.00033479
0.00294638
0.00294684
0.0030661
0.00306637
0.00564941
0.00564867
0.00575469
0.00575378
0.00106217
0.00106187
0.000312781
0.000312577
0.000259537
0.000258644
0.000237745
0.000259894
0.000230021
0.000298354
0.00017947
0.000390067
1.72793e-05
0.000302819
3.83297e-05
0.000165313
0.00309421
0.00309437
0.00268655
0.00268768
0.00533306
0.00533202
0.00227566
0.00227525
0.00302944
0.00302953
0.000375623
0.000386809
0.000330247
0.000334739
0.0002857
0.000290023
0.00185195
0.00185697
0.00278315
0.00278315
0.00125272
0.00125234
0.00158375
0.00159019
0.00214736
0.00214693
0.00237584
0.00237818
0.00532486
0.00532452
4.50161e-05
0.000424385
0.00336305
0.00336262
0.00257005
0.00256967
0.000294022
0.000297435
0.00560903
0.00560845
7.34308e-05
0.000243984
0.00134616
0.00134625
8.2688e-05
0.000268902
0.00178976
0.00178652
0.00196758
0.00196615
0.000150512
0.00092781
0.0071352
0.00713514
0.000583314
0.000586423
0.00222155
0.00222104
0.00332195
0.00332161
0.00527635
0.0052753
0.0010274
0.00102814
0.0119605
0.0119605
0.0136316
0.0136317
0.00499419
0.00499437
0.00412729
0.00412736
0.00676889
0.00676921
0.00116042
0.00117799
0.000672341
0.000689829
0.00292936
0.00292987
0.000343571
0.000347359
2.20588e-05
0.000309021
0.00517795
0.0051769
0.00034668
0.000350267
0.000304212
0.000316541
0.000100008
0.000276873
0.00542472
0.00542428
0.000276227
0.00029844
5.44207e-05
0.000441268
0.000336743
0.000344728
0.000371143
0.000384121
0.000561702
0.000572754
0.00117565
0.00117531
0.00564172
0.00564103
0.00154965
0.0015492
0.00309337
0.00309359
0.00307445
0.00307472
0.00207839
0.00208238
0.00275545
0.00275543
2.37242e-05
0.000371008
0.00303461
0.00303497
0.00279614
0.00279705
0.00248079
0.00248276
0.00310851
0.00310867
0.00182662
0.00183187
0.000269943
0.000312979
2.64027e-05
0.000407315
0.00535369
0.00535261
7.08578e-05
0.000282869
0.000285033
0.000283088
0.0032289
0.00322848
0.00156273
0.00156936
0.00222245
0.00222202
0.00133684
0.00133643
0.00526778
0.00526747
2.37107e-05
0.000220247
0.00248696
0.00248656
0.00558541
0.00558487
9.43049e-05
0.000449712
0.000360187
0.000363799
8.37291e-05
0.000236609
0.000947839
0.00094775
9.42585e-05
0.000281443
0.00167649
0.00167388
0.00376684
0.00376157
0.00259822
0.00259767
0.00525512
0.00525397
0.0058912
0.00589132
0.00212958
0.00213756
0.000421591
0.000426036
0.0031074
0.003108
0.00373834
0.003739
0.000375072
0.00120524
0.00301422
0.00303667
0.00669242
0.00669242
0.00133622
0.00133583
0.000866373
0.000870621
0.00439659
0.00439842
0.00525883
0.00525763
0.0127589
0.0127589
0.00495557
0.00495667
0.00736008
0.00736027
0.00523035
0.00523154
0.000536306
0.000536025
0.00988662
0.00988694
0.00293664
0.00293614
9.81595e-05
0.000280736
0.00272399
0.00272361
0.00298506
0.00298468
0.00411687
0.00411516
0.0032323
0.00322667
0.00756369
0.00756369
0.00548135
0.00539389
0.00539076
0.00539042
0.00539011
0.00538987
0.00538969
0.00538957
0.00538948
0.00538943
0.00538941
0.00538941
0.00538943
0.00538948
0.00538957
0.00538969
0.00538987
0.00539011
0.00539042
0.00539076
0.00539389
0.00548135
0.00756369
0.00756369
0.0112059
0.0112059
0.00690318
0.00571795
0.00552735
0.00550299
0.00549957
0.0054984
0.00549751
0.00549679
0.00549625
0.0054959
0.00549573
0.00549573
0.0054959
0.00549625
0.00549679
0.00549751
0.0054984
0.00549957
0.00550299
0.00552735
0.00571795
0.00690318
0.0112059
0.0112059
0.0172844
0.0172844
0.00937407
0.00732855
0.00702969
0.0074287
0.00817183
0.00896393
0.00946811
0.0098155
0.010071
0.0102631
0.0103664
0.0103686
0.0102694
0.010093
0.0098446
0.00949687
0.00898947
0.00819456
0.00744174
0.00703457
0.00732723
0.00937066
0.0172842
0.0172842
0.00670068
0.00670068
0.00526339
0.00513953
0.00546963
0.00615702
0.00703409
0.0079452
0.00865396
0.00914886
0.00950163
0.00976081
0.00992036
0.00992945
0.00977982
0.00952652
0.00917438
0.00867759
0.00796596
0.00705142
0.00616918
0.00547581
0.00513888
0.00525795
0.00669945
0.00669945
0.00580292
0.00580292
0.0100732
0.0116897
0.0126895
0.013294
0.0136238
0.0138589
0.014062
0.0141716
0.0140818
0.0138098
0.0135293
0.0135784
0.0138704
0.0141212
0.0142184
0.014168
0.0140103
0.0137577
0.0133786
0.0127267
0.0117053
0.0101011
0.00585631
0.00585631
0.00962563
0.00962563
0.00617579
0.00576615
0.00599828
0.00663789
0.00752509
0.00844673
0.0091183
0.00960045
0.00996254
0.0102349
0.0103773
0.0103891
0.0102516
0.00999604
0.00963828
0.00915203
0.00847389
0.00754732
0.00665151
0.00600499
0.00576578
0.00617098
0.00962488
0.00962488
0.00312161
0.00312161
0.00317743
0.0034692
0.00394356
0.0045916
0.00535903
0.00616178
0.00689296
0.0074453
0.00779119
0.00799052
0.00808201
0.00808246
0.00799183
0.00779386
0.00745026
0.00690136
0.00617243
0.00536986
0.00460052
0.00394924
0.00347078
0.0031752
0.00311939
0.00311939
0.00124024
0.00124024
0.00153831
0.00194855
0.00241499
0.00290111
0.00339878
0.00392341
0.00450973
0.0051542
0.00575682
0.00619325
0.00641455
0.00641699
0.00619998
0.00576746
0.00516664
0.00452097
0.00393233
0.00340586
0.00290676
0.00241907
0.00195065
0.00153807
0.00123895
0.00123895
0.000470094
0.000470094
0.00058581
0.000861221
0.00114828
0.0013567
0.00152869
0.00168837
0.00183613
0.00196033
0.00204949
0.00209901
0.00211648
0.00211656
0.00209949
0.00205057
0.00196196
0.0018381
0.0016905
0.00153091
0.00135903
0.00115062
0.000862754
0.000583275
0.00046857
0.00046857
0.00269002
0.00269002
0.00231474
0.00256385
0.00297946
0.00339842
0.00378767
0.00414357
0.00446258
0.0047345
0.00494464
0.00508299
0.00514992
0.00515008
0.0050834
0.00494533
0.00473527
0.00446312
0.00414371
0.00378737
0.00339772
0.00297833
0.00256228
0.0023132
0.00269094
0.00269094
0.000141647
0.000141647
0.000998191
0.00141411
0.00163112
0.001818
0.00201513
0.00221263
0.00239128
0.00253558
0.00263587
0.00269078
0.0027108
0.0027109
0.00269127
0.00263701
0.00253733
0.00239338
0.00221482
0.00201719
0.00181988
0.00163306
0.00141663
0.0010015
0.000142807
0.000142807
0.0111736
0.0111736
0.00673725
0.00567111
0.00551207
0.00549282
0.00549004
0.00548896
0.00548812
0.00548745
0.00548695
0.00548663
0.00548647
0.00548647
0.00548663
0.00548695
0.00548745
0.00548812
0.00548896
0.00549004
0.00549282
0.00551207
0.00567111
0.00673725
0.0111736
0.0111736
0.00628787
0.00628787
0.0102305
0.0120402
0.0130735
0.0135889
0.0138338
0.0141514
0.0145981
0.014984
0.0151005
0.0149492
0.014734
0.0147688
0.0149672
0.015065
0.0149423
0.0146502
0.014326
0.0140263
0.013722
0.0131275
0.0120523
0.0102461
0.0063361
0.0063361
0.00669117
0.00669117
0.00548322
0.00544689
0.00544562
0.00544531
0.00544509
0.00544495
0.00544485
0.00544478
0.00544473
0.00544471
0.00544469
0.00544469
0.00544471
0.00544473
0.00544478
0.00544485
0.00544495
0.00544509
0.00544531
0.00544562
0.00544689
0.00548322
0.00669117
0.00669117
0.0111643
0.0111643
0.00673614
0.00567264
0.0055138
0.00549447
0.00549167
0.00549058
0.00548974
0.00548906
0.00548857
0.00548825
0.00548809
0.00548809
0.00548825
0.00548857
0.00548907
0.00548974
0.00549058
0.00549167
0.00549447
0.0055138
0.00567264
0.00673614
0.0111643
0.0111643
0.0108919
0.0108919
0.00755481
0.00591945
0.00558976
0.00554045
0.00553368
0.00553204
0.00553083
0.00552977
0.00552892
0.00552834
0.00552805
0.00552806
0.00552834
0.00552892
0.00552977
0.00553084
0.00553204
0.00553369
0.00554045
0.00558976
0.00591944
0.00755481
0.0108919
0.0108919
0.0176732
0.0176732
0.00985869
0.0075735
0.00717314
0.00752772
0.00823918
0.00900583
0.00948934
0.00982055
0.0100635
0.0102442
0.0103382
0.010341
0.0102508
0.0100844
0.0098485
0.00951721
0.00903076
0.00826137
0.00754036
0.0071778
0.00757245
0.00985627
0.0176735
0.0176735
0.0110791
0.0110791
0.00657078
0.00562805
0.00549841
0.00548352
0.00548126
0.00548026
0.00547947
0.00547885
0.00547839
0.0054781
0.00547796
0.00547796
0.0054781
0.00547839
0.00547885
0.00547947
0.00548026
0.00548126
0.00548352
0.00549841
0.00562805
0.00657078
0.0110791
0.0110791
0.0112188
0.0112188
0.0070717
0.00576469
0.00554017
0.00551016
0.00550603
0.00550477
0.00550382
0.00550304
0.00550245
0.00550206
0.00550186
0.00550186
0.00550206
0.00550245
0.00550304
0.00550382
0.00550477
0.00550603
0.00551016
0.00554017
0.00576469
0.00707169
0.0112189
0.0112189
0.0111929
0.0111929
0.00723619
0.00581366
0.00555442
0.00551823
0.00551328
0.00551192
0.00551092
0.00551007
0.00550941
0.00550898
0.00550876
0.00550876
0.00550898
0.00550942
0.00551007
0.00551092
0.00551192
0.00551328
0.00551823
0.00555442
0.00581366
0.00723618
0.0111929
0.0111929
0.00999388
0.00999388
0.0059415
0.0054856
0.00544453
0.00544069
0.00543972
0.00543905
0.00543853
0.00543815
0.00543787
0.0054377
0.00543761
0.00543761
0.0054377
0.00543787
0.00543815
0.00543853
0.00543905
0.00543972
0.0054407
0.00544453
0.0054856
0.0059415
0.00999388
0.00999388
0.00895916
0.00895916
0.00567401
0.005428
0.00541219
0.00541085
0.00541028
0.00540982
0.00540947
0.00540921
0.00540904
0.00540893
0.00540887
0.00540887
0.00540893
0.00540904
0.00540921
0.00540947
0.00540982
0.00541028
0.00541085
0.00541219
0.005428
0.00567401
0.00895916
0.00895916
0.000740497
0.000740497
0.000851234
0.000781852
0.00100824
0.00109833
0.00116038
0.00124165
0.00133331
0.00142128
0.00148832
0.00152482
0.00153614
0.00153618
0.00152515
0.00148908
0.0014224
0.00133459
0.00124306
0.00116201
0.00110012
0.00100981
0.000780852
0.000851924
0.000740758
0.000740758
0.000526626
0.000526626
0.000665785
0.000732114
0.000842609
0.000935286
0.000995553
0.00105333
0.00110994
0.00115819
0.00119102
0.00120595
0.00120829
0.00120833
0.0012062
0.00119153
0.00115893
0.00111082
0.00105432
0.000996675
0.000936592
0.000844007
0.000733166
0.000666648
0.000527174
0.000527174
0.00954311
0.00954311
0.00579886
0.00545281
0.0054263
0.00542403
0.0054233
0.00542274
0.00542231
0.00542199
0.00542176
0.00542162
0.00542155
0.00542155
0.00542162
0.00542176
0.00542199
0.00542231
0.00542274
0.0054233
0.00542403
0.0054263
0.00545281
0.00579886
0.00954311
0.00954311
0.00830949
0.00830949
0.00557377
0.00541417
0.00540588
0.0054051
0.00540464
0.00540428
0.00540401
0.00540381
0.00540368
0.0054036
0.00540356
0.00540356
0.0054036
0.00540368
0.00540381
0.00540401
0.00540428
0.00540464
0.0054051
0.00540588
0.00541417
0.00557377
0.00830949
0.00830949
0.00640628
0.00640628
0.00823649
0.00785135
0.007089
0.00714105
0.00786377
0.00933856
0.0110979
0.0132499
0.0165235
0.0165169
0.0241251
0.0219333
0.0180067
0.0145173
0.01258
0.0111738
0.00953005
0.00813159
0.00730137
0.00718181
0.00791315
0.00821457
0.0064231
0.0064231
0.00723135
0.00723135
0.0108171
0.0100212
0.00901838
0.00855295
0.00908155
0.0103365
0.0118829
0.0138544
0.0155378
0.0181159
0.0214593
0.0200395
0.0161572
0.0146116
0.0131174
0.0117802
0.0105478
0.00937519
0.008777
0.00916782
0.0101067
0.0109005
0.00724831
0.00724831
0.00596092
0.00596092
0.0117589
0.0123044
0.0114963
0.0106742
0.0107757
0.011722
0.0130606
0.0146684
0.0163587
0.0177823
0.018445
0.0180654
0.0168393
0.0153926
0.0140348
0.0128881
0.0119376
0.0111236
0.0109863
0.011692
0.0123942
0.0117941
0.0059921
0.0059921
0.00585893
0.00585893
0.011422
0.0131259
0.0132388
0.012679
0.0125252
0.0130952
0.0140994
0.01532
0.01633
0.0167945
0.0168143
0.0167248
0.0164164
0.0157478
0.0148309
0.0139698
0.0133047
0.0128851
0.012995
0.0133853
0.0131549
0.0114208
0.00590068
0.00590068
0.0062406
0.0062406
0.0103858
0.0122935
0.0132599
0.0136292
0.0137745
0.0141056
0.014661
0.0151818
0.0154123
0.0153227
0.0151205
0.0151463
0.0152972
0.0153046
0.0150674
0.0146703
0.014291
0.0140036
0.0137947
0.0133258
0.0123045
0.0103958
0.00628628
0.00628628
0.0111554
0.0111554
0.00723655
0.00581619
0.00555632
0.00551994
0.00551496
0.0055136
0.00551261
0.00551177
0.00551113
0.0055107
0.00551049
0.00551049
0.0055107
0.00551113
0.00551177
0.00551261
0.00551361
0.00551496
0.00551994
0.00555632
0.00581619
0.00723655
0.0111554
0.0111554
0.0177967
0.0177967
0.011936
0.00879523
0.00789503
0.00800893
0.00854919
0.00917143
0.00955919
0.00981663
0.00999946
0.0101235
0.0101718
0.0101771
0.0101319
0.0100165
0.00983945
0.00958261
0.00919362
0.00856748
0.00801928
0.00789928
0.00879719
0.0119387
0.0177992
0.0177992
0.0179976
0.0179976
0.01111
0.00825282
0.00754718
0.00775728
0.00836383
0.0090429
0.00946704
0.0097524
0.00995861
0.0101059
0.0101721
0.0101765
0.0101135
0.00997699
0.00977719
0.00949221
0.0090663
0.00838354
0.00776854
0.00755145
0.0082534
0.0111108
0.0179995
0.0179995
0.0179392
0.0179392
0.0102758
0.00779965
0.00729948
0.00760699
0.00828377
0.00902207
0.0094847
0.00979978
0.010029
0.0101981
0.010283
0.0102863
0.010205
0.010049
0.00982661
0.00951166
0.00904645
0.00830522
0.00761918
0.00730396
0.00779919
0.0102746
0.01794
0.01794
0.0166969
0.0166969
0.00888675
0.0070895
0.00688814
0.00732957
0.00810283
0.00891939
0.00944504
0.00980939
0.010078
0.0102819
0.0103942
0.010396
0.0102879
0.0101011
0.00983972
0.00947469
0.0089455
0.00812607
0.00734299
0.00689327
0.00708803
0.0088824
0.0166963
0.0166963
0.0149283
0.0149283
0.00790545
0.00661559
0.00659276
0.00711134
0.00793654
0.00879647
0.00936683
0.00976712
0.0100652
0.0102942
0.010424
0.0104259
0.0103009
0.0100913
0.00980015
0.00939821
0.00882346
0.00796049
0.0071253
0.00659844
0.00661411
0.00789996
0.0149271
0.0149271
0.00811544
0.00811544
0.00581891
0.005554
0.00582788
0.00649165
0.00738406
0.00831648
0.00901643
0.00951658
0.00988888
0.0101674
0.0103198
0.0103316
0.0101884
0.00991904
0.00954801
0.00904423
0.00833921
0.00740254
0.00650374
0.00583406
0.00555335
0.00581391
0.0081147
0.0081147
0.00169453
0.00169453
0.00213388
0.00261214
0.00316301
0.00380716
0.00453175
0.00529246
0.0060207
0.00665175
0.00714769
0.00748156
0.00764222
0.00764322
0.00748457
0.00715316
0.00665933
0.00603024
0.00530312
0.00454199
0.00381557
0.00316878
0.00261487
0.00213353
0.00169278
0.00169278
0.00271231
0.00271231
0.00206682
0.00243389
0.00293693
0.00348293
0.00400965
0.00450344
0.00496575
0.00539182
0.00575248
0.00600704
0.00613615
0.00613707
0.00600927
0.00575562
0.00539496
0.00496815
0.00450513
0.00401093
0.00348393
0.00293747
0.00243355
0.00206598
0.00271251
0.00271251
0.00301492
0.00301492
0.0022146
0.00242087
0.00282261
0.00326731
0.00370748
0.00413108
0.00452989
0.00488686
0.00517842
0.00538362
0.0054869
0.00548758
0.00538526
0.0051808
0.00488945
0.0045321
0.0041327
0.0037084
0.0032678
0.00282259
0.00242024
0.00221371
0.00301553
0.00301553
0.0103987
0.0103987
0.00608885
0.00551513
0.00545681
0.00545115
0.00544996
0.00544921
0.00544861
0.00544816
0.00544784
0.00544763
0.00544753
0.00544753
0.00544763
0.00544784
0.00544816
0.00544861
0.00544921
0.00544996
0.00545115
0.00545681
0.00551513
0.00608885
0.0103987
0.0103987
0.00187149
0.00187149
0.00172333
0.00214823
0.00269548
0.00323541
0.00373661
0.004213
0.004707
0.00525395
0.00580118
0.00622808
0.00645566
0.00645821
0.0062343
0.00580963
0.00526184
0.00471245
0.00421657
0.00373962
0.0032384
0.00269818
0.00214986
0.00172305
0.00187021
0.00187021
0.0109123
0.0109123
0.00640611
0.00558978
0.00548687
0.00547559
0.00547372
0.00547279
0.00547206
0.00547149
0.00547108
0.00547082
0.00547069
0.00547069
0.00547082
0.00547108
0.00547149
0.00547206
0.00547279
0.00547372
0.00547559
0.00548687
0.00558978
0.00640611
0.0109123
0.0109123
0.00248652
0.00248652
0.00196919
0.0024687
0.0030779
0.00367704
0.00423864
0.00476299
0.0052605
0.00573134
0.00614142
0.00643716
0.00658921
0.00659033
0.00643985
0.0061451
0.00573483
0.00526295
0.00476457
0.00423982
0.00367805
0.0030786
0.00246878
0.00196853
0.00248649
0.00248649
0.0110912
0.0110912
0.00654997
0.00595893
0.00614382
0.00675668
0.00763415
0.00854304
0.00918565
0.00964525
0.00999186
0.0102558
0.0103973
0.0104055
0.0102679
0.0100238
0.00968304
0.00921967
0.00857066
0.0076577
0.00677068
0.00615038
0.00595847
0.00654488
0.0110901
0.0110901
0.00148658
0.00148658
0.00203159
0.0021719
0.00241033
0.00270145
0.00299229
0.00325961
0.00349282
0.00368293
0.00382144
0.00390575
0.00394328
0.0039434
0.00390616
0.00382231
0.00368417
0.00349418
0.00326087
0.00299329
0.00270207
0.00241049
0.00217182
0.00203218
0.00148797
0.00148797
0.000668792
0.000668792
0.000798617
0.000813958
0.0010526
0.00124004
0.00138175
0.00151549
0.00164503
0.00176233
0.00184927
0.00189821
0.00191528
0.00191535
0.00189868
0.00185033
0.00176389
0.00164684
0.00151746
0.00138381
0.0012421
0.0010545
0.000815506
0.000797665
0.000667437
0.000667437
0.00624801
0.00624801
0.010147
0.0118552
0.0129029
0.0134967
0.0138049
0.0141084
0.0144686
0.0147516
0.0147907
0.0145993
0.0143789
0.0144165
0.0146415
0.0147992
0.0147581
0.0145502
0.0142738
0.01397
0.0136066
0.0129487
0.0118685
0.0101677
0.00629909
0.00629909
0.0124906
0.0124906
0.00696966
0.00616589
0.00629217
0.00687631
0.00773999
0.0086346
0.00925187
0.00969048
0.0100197
0.0102735
0.0104137
0.0104186
0.0102825
0.0100495
0.00972653
0.00928506
0.00866217
0.00776405
0.00689044
0.00629846
0.00616508
0.00696419
0.0124892
0.0124892
0.000761764
0.000761764
0.000877259
0.000656106
0.00100506
0.00115112
0.00125824
0.00136858
0.0014812
0.00158475
0.00166243
0.00170582
0.00172054
0.0017206
0.00170622
0.00166333
0.00158609
0.00148278
0.00137032
0.00126004
0.00115282
0.00100651
0.000662063
0.000878055
0.000761284
0.000761284
0.000655032
0.000655032
0.000770685
0.000796824
0.000949908
0.00104324
0.00109201
0.00115545
0.00122911
0.00129878
0.00135062
0.00137773
0.0013851
0.00138515
0.00137802
0.00135125
0.00129969
0.00123016
0.0011566
0.00109336
0.00104487
0.000951701
0.000797734
0.000771709
0.000655641
0.000655641
0.0100143
0.0100143
0.00593938
0.00548279
0.00544201
0.00543828
0.00543734
0.00543668
0.00543616
0.00543577
0.0054355
0.00543533
0.00543524
0.00543524
0.00543533
0.0054355
0.00543577
0.00543616
0.00543668
0.00543734
0.00543828
0.00544201
0.00548279
0.00593938
0.0100143
0.0100143
0.0106999
0.0106999
0.00624512
0.00555006
0.00547098
0.00546286
0.00546137
0.00546053
0.00545986
0.00545935
0.00545899
0.00545875
0.00545864
0.00545864
0.00545875
0.00545899
0.00545935
0.00545986
0.00546053
0.00546137
0.00546286
0.00547098
0.00555006
0.00624512
0.0106999
0.0106999
0.00661517
0.00661517
0.0108949
0.00920224
0.00792625
0.0077497
0.00843138
0.00979934
0.0114594
0.0137456
0.016363
0.0182606
0.0146028
0.012865
0.0156013
0.0149882
0.0128329
0.0114441
0.00999925
0.00870209
0.00793049
0.00804377
0.00925512
0.0109314
0.0066608
0.0066608
0.00231096
0.00231096
0.00259284
0.00297656
0.00346686
0.0040778
0.00478901
0.00554482
0.00626301
0.00685747
0.00727289
0.00752637
0.00764559
0.00764622
0.00752828
0.00727664
0.00686388
0.00627217
0.00555565
0.0047995
0.00408615
0.00347228
0.00297862
0.00259172
0.00230879
0.00230879
0.00585642
0.00585642
0.0116714
0.0129095
0.0125351
0.0117541
0.0116828
0.0124436
0.0136337
0.0150573
0.0164369
0.0173127
0.0175693
0.0173729
0.0166956
0.0156406
0.0144876
0.0134726
0.0126534
0.0120477
0.0120864
0.0127143
0.0129708
0.0116849
0.00589363
0.00589363
0.0095196
0.0095196
0.00580208
0.00545583
0.00542897
0.00542659
0.00542583
0.00542526
0.00542483
0.0054245
0.00542428
0.00542413
0.00542406
0.00542406
0.00542413
0.00542428
0.0054245
0.00542483
0.00542526
0.00542583
0.00542659
0.00542897
0.00545583
0.00580208
0.0095196
0.0095196
0.0103814
0.0103814
0.00609005
0.00551771
0.00545919
0.00545343
0.00545221
0.00545144
0.00545085
0.00545039
0.00545007
0.00544987
0.00544977
0.00544977
0.00544987
0.00545007
0.00545039
0.00545085
0.00545144
0.00545221
0.00545343
0.00545919
0.00551771
0.00609005
0.0103814
0.0103814
0.0137819
0.0137819
0.00742604
0.00638667
0.00644259
0.00699539
0.00784164
0.00872
0.00931338
0.0097324
0.0100454
0.0102872
0.0104237
0.0104266
0.0102947
0.0100734
0.00976688
0.00934566
0.00874732
0.00786575
0.00700948
0.00644858
0.00638546
0.0074204
0.0137805
0.0137805
0.0180306
0.0180306
0.0107058
0.0080292
0.00742596
0.00768532
0.00832724
0.00903643
0.0094795
0.00977946
0.00999705
0.0101552
0.0102305
0.0102344
0.0101624
0.0100162
0.00980525
0.00950556
0.00906034
0.00834782
0.00769704
0.00743032
0.0080292
0.0107056
0.0180319
0.0180319
0.00897024
0.00897024
0.00567941
0.00543292
0.00541697
0.00541558
0.00541499
0.00541452
0.00541416
0.00541391
0.00541373
0.00541361
0.00541356
0.00541356
0.00541361
0.00541373
0.00541391
0.00541416
0.00541452
0.00541499
0.00541558
0.00541697
0.00543292
0.00567941
0.00897024
0.00897024
0.0110634
0.0110634
0.0074007
0.00586805
0.00557172
0.00552864
0.00552274
0.00552124
0.00552016
0.00551923
0.0055185
0.00551801
0.00551777
0.00551777
0.00551801
0.0055185
0.00551923
0.00552016
0.00552124
0.00552274
0.00552864
0.00557172
0.00586805
0.00740069
0.0110634
0.0110634
0.0109241
0.0109241
0.0064063
0.00558769
0.00548478
0.00547359
0.00547175
0.00547083
0.0054701
0.00546953
0.00546912
0.00546885
0.00546872
0.00546872
0.00546885
0.00546912
0.00546953
0.0054701
0.00547083
0.00547175
0.00547359
0.00548478
0.00558769
0.0064063
0.0109241
0.0109241
0.011202
0.011202
0.00707157
0.005767
0.00554259
0.00551253
0.00550839
0.00550714
0.0055062
0.00550543
0.00550484
0.00550446
0.00550427
0.00550427
0.00550446
0.00550484
0.00550543
0.0055062
0.00550714
0.00550839
0.00551253
0.00554259
0.005767
0.00707157
0.011202
0.011202
0.0158926
0.0158926
0.00841768
0.00685609
0.00674551
0.00722706
0.00802819
0.00886771
0.00941568
0.00979788
0.0100815
0.0102975
0.0104182
0.01042
0.0103039
0.010106
0.00982953
0.0094462
0.00889431
0.00805185
0.00724079
0.0067509
0.00685446
0.00841245
0.0158917
0.0158917
0.00613756
0.00613756
0.0115804
0.0113727
0.0102932
0.00955834
0.00987257
0.0109863
0.0124482
0.0141828
0.0160387
0.0181081
0.0195497
0.0188226
0.0167273
0.0149646
0.0135333
0.0122802
0.0112045
0.0101926
0.00983197
0.0104801
0.0114729
0.0116361
0.00616759
0.00616759
0.0112169
0.0112169
0.00690459
0.00571674
0.00552594
0.00550164
0.00549824
0.00549708
0.00549619
0.00549547
0.00549493
0.00549457
0.0054944
0.0054944
0.00549457
0.00549493
0.00549547
0.00549619
0.00549708
0.00549825
0.00550164
0.00552594
0.00571674
0.00690459
0.0112169
0.0112169
0.0110691
0.0110691
0.00657008
0.00562987
0.00550034
0.00548537
0.00548308
0.00548207
0.00548128
0.00548066
0.0054802
0.00547991
0.00547977
0.00547977
0.00547991
0.0054802
0.00548066
0.00548128
0.00548207
0.00548308
0.00548537
0.00550034
0.00562987
0.00657008
0.0110691
0.0110691
0.00605958
0.00605958
0.0101171
0.0117593
0.012791
0.0134086
0.0137425
0.0140183
0.0142987
0.0144915
0.0144641
0.0142363
0.0140088
0.014045
0.0142889
0.0144952
0.0145256
0.0143973
0.0141763
0.0138889
0.0135028
0.012831
0.0117734
0.0101415
0.00611207
0.00611207
0.00829917
0.00829917
0.00557018
0.00541133
0.00540319
0.00540245
0.00540201
0.00540165
0.00540139
0.0054012
0.00540107
0.00540099
0.00540095
0.00540095
0.00540099
0.00540107
0.0054012
0.00540139
0.00540165
0.00540201
0.00540245
0.00540319
0.00541133
0.00557018
0.00829917
0.00829917
0.0106855
0.0106855
0.00624556
0.0055524
0.00547322
0.005465
0.00546348
0.00546263
0.00546196
0.00546145
0.00546109
0.00546085
0.00546074
0.00546074
0.00546085
0.00546109
0.00546145
0.00546196
0.00546263
0.00546348
0.005465
0.00547322
0.0055524
0.00624556
0.0106855
0.0106855
0.0178753
0.0178753
0.0115115
0.00849343
0.00768737
0.00784846
0.00842067
0.00907043
0.00947628
0.00974763
0.00994252
0.0100788
0.0101364
0.0101413
0.0100868
0.00996019
0.00977145
0.00950058
0.00909331
0.00843958
0.00785927
0.00769161
0.00849465
0.0115133
0.0178774
0.0178774
0.000835985
0.00100384
0.00128549
0.00128634
0.000310679
0.000309431
0.000797444
0.000799408
0.000681925
0.00132935
0.0111565
0.0111565
0.0073944
0.00586097
0.00556819
0.00552595
0.00552017
0.00551868
0.0055176
0.00551666
0.00551593
0.00551544
0.0055152
0.0055152
0.00551544
0.00551593
0.00551666
0.0055176
0.00551868
0.00552017
0.00552595
0.00556819
0.00586096
0.00739438
0.0111565
0.0111565
0.000849619
0.000945283
0.00369519
0.00369263
7.25501e-05
0.000681228
0.00431511
0.00432982
0.000282995
0.000284393
0.000276782
0.000286341
0.00588771
0.00588566
0.00282956
0.00282918
0.0116298
0.0116307
0.00596949
0.00596937
0.000851169
0.000896924
0.00338695
0.003387
0.0126603
0.0126603
0.00322001
0.00321353
0.0145576
0.0145576
0.00371145
0.00371531
0.00518609
0.00518768
0.000777584
0.000777584
0.000848401
0.000957209
0.000983663
0.000969913
0.000951042
0.000952055
0.000978427
0.0010192
0.00105934
0.00108857
0.0011101
0.00111029
0.00108897
0.00105979
0.00101961
0.000978764
0.000952309
0.000951189
0.000969939
0.000983606
0.000957156
0.000848465
0.000777788
0.000777788
0.0094986
0.00949893
0.00413063
0.00413029
0.00960801
0.0096068
0.00241006
0.00240603
0.00744089
0.00744089
0.0198793
0.0198794
0.00308638
0.00308097
0.00421744
0.00421543
0.00127674
0.00127674
0.00130675
0.00153034
0.00168941
0.00178629
0.00184628
0.00190666
0.00198896
0.00208404
0.00217125
0.0022345
0.0022738
0.00227394
0.0022348
0.0021715
0.00208412
0.00198884
0.00190633
0.00184573
0.00178556
0.00168862
0.00152967
0.00130631
0.0012766
0.0012766
0.0130901
0.0131171
0.000260541
0.0002688
0.00539101
0.00538876
0.00626817
0.00626797
0.000629673
0.00110491
0.0118124
0.0118125
0.0114476
0.0114477
0.00281009
0.00281009
0.00285267
0.00285268
0.00399788
0.00399688
0.0051023
0.00510003
0.00305763
0.00305758
0.00346066
0.00346104
0.00439952
0.00439986
0.00451261
0.00451272
0.00108604
0.00108494
0.00736738
0.00736738
0.0174153
0.017415
0.0114595
0.0114595
0.0114003
0.0114003
0.00677827
0.00682783
0.00887804
0.00887804
0.0112634
0.0112634
0.0184405
0.0184423
0.0100038
0.00998675
0.0181552
0.0181576
0.0182518
0.0182525
0.0114794
0.0114794
0.00647022
0.00650681
0.00314537
0.00314256
0.000621132
0.000619499
0.00081796
0.000817866
0.0104684
0.0104684
0.0108163
0.0108163
0.0106935
0.0106925
0.00921415
0.00921365
0.00270157
0.00270166
0.000653599
0.000654298
0.0108003
0.0108003
0.0178895
0.0178897
0.000781066
0.00078011
0.0121411
0.0121397
0.0147447
0.0147434
0.00948462
0.00948462
0.00773661
0.00773603
0.000764951
0.000765505
0.0100337
0.0100337
0.0114771
0.0114771
0.0079991
0.00801381
0.00640544
0.00644832
0.00684948
0.00689546
0.0114518
0.0114518
0.0158028
0.0158017
0.0088716
0.0088716
0.0113811
0.0113811
0.0024856
0.00248283
0.0100114
0.0100114
0.0114916
0.0114916
0.0104493
0.0104493
0.00653144
0.00658582
0.00733426
0.00735798
0.0112506
0.0112506
0.00951003
0.00951003
0.0167235
0.0167227
0.0112744
0.0112744
0.0135064
0.013505
0.0110826
0.0110826
0.0184143
0.0184155
0.0067523
0.00678045
0.0114694
0.0114695
0.00618621
0.00624259
0.0081543
0.0081543
0.0113907
0.0113907
0.0110693
0.0110693
0.0183305
0.0183326
0.00269461
0.00269288
0.0008101
0.000810809
0.00479847
0.0047976
0.000263008
0.000262173
0.000295091
0.000294656
0.00406938
0.00407663
0.00235977
0.0023622
0.00110868
0.00110862
0.00325807
0.00325796
0.00631238
0.00631238
0.000555914
0.000560149
0.000190434
0.000190412
0.00237682
0.00237792
0.00675863
0.00675746
0.00401475
0.00401283
0.000453199
0.000455424
6.13217e-05
6.13217e-05
0.000146529
0.000159017
0.000149309
0.000134268
0.000128264
0.000137546
0.000162892
0.000203406
0.00023956
0.000212844
0.000158544
0.000152089
0.000181028
0.00023567
0.000303036
0.000367937
0.000419167
0.000451057
0.000462905
0.000457852
0.000442452
0.000428525
0.000435137
0.000435137
0.000566924
0.000560753
0.0044768
0.00447758
0.00405825
0.00405678
0.00502291
0.00502304
0.00141312
0.00168102
0.00569269
0.00569169
0.00558713
0.00558603
0.00170353
0.00170378
0.00334781
0.00334853
0.00236532
0.00244693
0.00481867
0.00482479
0.000553017
0.000553017
0.000820664
0.000899983
0.000964825
0.0010211
0.00106642
0.00110103
0.00112487
0.00113858
0.00114324
0.00114098
0.0011371
0.00113709
0.00114111
0.00114352
0.001139
0.00112541
0.00110169
0.00106719
0.00102194
0.000965676
0.000900785
0.000821394
0.000553562
0.000553562
0.00242371
0.00242446
0.00130269
0.00130575
0.00646913
0.00646697
0.00297651
0.00297645
0.00338083
0.00337849
0.00243644
0.00243629
0.00199665
0.00201201
0.000423101
0.000722607
0.0113692
0.0113692
0.00112101
0.00112104
0.000694062
0.000707791
0.00283058
0.00283059
0.00368449
0.00368477
0.00917037
0.00917037
0.020706
0.0207057
0.0185788
0.0185809
0.0022782
0.0022789
0.00571759
0.0057175
0.00287784
0.00287784
0.00215958
0.00245659
0.00290138
0.00337868
0.00384575
0.00429642
0.00472507
0.00511411
0.00543809
0.00567224
0.00579157
0.00579237
0.00567418
0.00544081
0.00511695
0.00472737
0.00429807
0.00384657
0.00337913
0.00290135
0.00245589
0.00215853
0.00287821
0.00287821
0.00601793
0.00601748
0.0013222
0.00132167
0.0027774
0.00277815
0.00304606
0.00304655
0.00289142
0.00289167
0.000632167
0.000632242
0.00334447
0.00334284
0.00579708
0.00579708
0.00609923
0.00624814
0.00649539
0.00709185
0.00806558
0.00940641
0.0108129
0.0121342
0.0134596
0.0154284
0.0211453
0.015053
0.0135256
0.0129866
0.0123886
0.0113191
0.00984165
0.00840194
0.00727665
0.00658281
0.00628397
0.006114
0.00580514
0.00580514
0.000650411
0.000650411
0.000590638
0.000589367
0.00060076
0.000612566
0.000619598
0.000617182
0.000601616
0.000580531
0.000618633
0.000722383
0.000714055
0.000733526
0.000781431
0.00082595
0.000858419
0.000874748
0.000874624
0.000859703
0.000832196
0.00079516
0.000753591
0.000719788
0.000742346
0.000742346
0.00518008
0.00518224
0.00422661
0.0042267
0.00465753
0.00465752
0.000126834
0.000380802
0.000178997
0.000751527
0.000182935
0.000409316
0.000135913
0.000436521
0.00242624
0.00242239
0.00233829
0.0023382
0.00300226
0.00300444
0.000101819
0.000418396
0.00257797
0.00257794
0.00152248
0.00152248
0.00149418
0.00178151
0.0020458
0.00223295
0.00235721
0.0024636
0.00258247
0.00270836
0.00282089
0.00290267
0.00295147
0.00295154
0.00290282
0.00282092
0.00270813
0.00258194
0.00246276
0.00235609
0.00223163
0.00204447
0.00178041
0.00149343
0.00152211
0.00152211
0.0095085
0.00950886
0.00494119
0.00494246
2.7549e-05
6.47397e-05
0.00589825
0.00589801
0.00280424
0.00280157
0.00299958
0.00299606
0.00233913
0.00233929
0.00336274
0.0033629
0.00230879
0.00230967
0.00562395
0.00562365
0.000428523
0.00106726
0.00530544
0.00530569
0.00407894
0.00407773
0.00706846
0.00706848
0.00285801
0.00285864
0.0145085
0.0145085
0.00441944
0.00442109
0.0146563
0.0146564
0.000515779
0.000521192
0.00558095
0.00563054
0.0043473
0.00434764
0.00258043
0.00258192
0.00268503
0.00268624
0.00572426
0.00572437
0.00220604
0.00220582
0.00352461
0.00352525
0.00238084
0.00238606
0.00641884
0.00641618
0.00452103
0.00452058
0.00635758
0.00640425
0.00681983
0.00686278
0.00816089
0.00816089
0.000484052
0.000484052
0.000646457
0.000644621
0.00055642
0.000468993
0.000407598
0.000372012
0.000350578
0.00033366
0.000316893
0.000301446
0.00029565
0.000295811
0.000301807
0.000317401
0.000334275
0.000351263
0.000372734
0.000408329
0.000469691
0.000557047
0.000645173
0.00064695
0.000484431
0.000484431
2.42488e-05
3.59704e-05
0.000460366
0.00046229
0.000560418
0.000562557
0.00226119
0.00226373
0.00262986
0.0026372
0.00523613
0.00523481
0.000560543
0.000570947
0.005542
0.005542
0.00982616
0.0114383
0.0124011
0.0129688
0.013264
0.0134391
0.0135643
0.0136048
0.0134447
0.0130992
0.0128102
0.0128581
0.0131785
0.0135055
0.0136492
0.0136679
0.0135852
0.013394
0.0130537
0.0124437
0.0114619
0.0098609
0.00559216
0.00559216
0.00122545
0.0016478
0.00585938
0.00585738
0.00323832
0.00323783
0.00206202
0.00208213
0.00354817
0.00354547
0.000441394
0.000442206
0.00237302
0.00237248
0.00271826
0.00271821
0.00384673
0.00384554
0.00477046
0.0047707
0.00566957
0.00566853
0.00213376
0.0021333
0.00164811
0.00164765
0.00366621
0.00368553
0.00367783
0.0036851
0.00385833
0.00385766
0.015244
0.0152444
0.00914857
0.00914857
0.0141438
0.0141428
0.000405187
0.000640825
0.00484503
0.00484415
0.00460662
0.00460579
0.00383972
0.00383903
0.00637681
0.00637681
0.00668328
0.00668328
0.00549833
0.00546246
0.00546117
0.00546085
0.00546063
0.00546048
0.00546037
0.00546031
0.00546026
0.00546023
0.00546022
0.00546022
0.00546023
0.00546026
0.00546031
0.00546037
0.00546048
0.00546063
0.00546085
0.00546117
0.00546246
0.00549833
0.00668328
0.00668328
0.00862738
0.00862738
0.0190803
0.0190814
0.0204835
0.0204835
0.0132183
0.0132185
0.000318751
0.00031965
0.00419833
0.00419649
0.00122871
0.00123081
0.0025922
0.00259363
0.00479962
0.00479978
0.00148923
0.00148877
9.24938e-05
0.000316266
0.00285598
0.00285593
0.00032979
0.000331843
0.0056006
0.00559907
0.000915612
0.000915612
0.00141955
0.00180467
0.00217329
0.00252071
0.00281633
0.00305016
0.00327644
0.00363759
0.00423654
0.00489791
0.00530004
0.00530362
0.00490665
0.00424506
0.00364049
0.00327507
0.00304827
0.0028158
0.00252143
0.00217428
0.00180484
0.00141843
0.000913821
0.000913821
0.0114769
0.011477
0.00312764
0.00312579
0.00584178
0.00584178
0.0110757
0.0130371
0.0135503
0.0133041
0.0131677
0.0135771
0.014404
0.015371
0.0160432
0.0162224
0.0161098
0.0160789
0.0160031
0.0156437
0.0149914
0.0143051
0.0137842
0.0134973
0.013574
0.0136605
0.0130486
0.0110712
0.00588673
0.00588673
0.00756767
0.00756767
0.00548216
0.0053951
0.00539204
0.00539171
0.00539141
0.00539117
0.00539099
0.00539087
0.00539078
0.00539073
0.00539071
0.00539071
0.00539073
0.00539078
0.00539087
0.00539099
0.00539117
0.00539141
0.00539171
0.00539204
0.0053951
0.00548216
0.00756767
0.00756767
0.00600227
0.00600227
0.010677
0.0126798
0.0134846
0.0135871
0.0135794
0.0139196
0.0145974
0.0153099
0.0157141
0.0157208
0.0155444
0.0155492
0.0156164
0.0154809
0.0150729
0.0145491
0.0141178
0.0138593
0.0138003
0.0135682
0.0126888
0.0106791
0.00604692
0.00604692
0.000532268
0.000539815
0.005298
0.005298
0.00452796
0.00458236
0.00498379
0.00566776
0.00651066
0.00738748
0.00810866
0.00858139
0.00887423
0.00905351
0.00914964
0.00915189
0.00906046
0.00888435
0.00859312
0.00812191
0.00740189
0.00652368
0.00567784
0.00498938
0.00458223
0.00452301
0.00529604
0.00529604
0.000656849
0.000657094
0.00187173
0.00187301
0.000325012
0.000324717
0.000492958
0.000493032
0.00260339
0.00260336
0.0016092
0.0016069
0.00276816
0.00276806
0.00137162
0.00137234
0.00038771
0.000390627
0.000366016
0.000370019
0.000617427
0.000617427
0.000765634
0.000807529
0.000766068
0.000706429
0.000660224
0.000640583
0.000642606
0.000654859
0.000667339
0.000675339
0.00068541
0.000685598
0.000675749
0.00066785
0.00065541
0.000643164
0.000641125
0.000660719
0.000706845
0.000766403
0.000807832
0.000765969
0.000617757
0.000617757
0.00926265
0.00926251
0.0129934
0.0129936
0.00177682
0.00177678
0.00621063
0.0062106
0.00328465
0.00328471
0.00430419
0.00430216
0.00328023
0.0032802
0.00190033
0.00189869
0.0194804
0.0194813
0.00808862
0.00808862
0.0201919
0.0201916
0.000924941
0.000921731
0.00406734
0.00406742
0.00366163
0.00366065
0.000717186
0.000733118
0.00440633
0.00440364
0.000247667
0.00055742
0.00312883
0.00313189
0.0043842
0.00438276
0.00345495
0.0034562
0.000484452
0.000484553
0.000427703
0.000427811
0.00501961
0.00501815
0.00164329
0.00164188
0.00110262
0.0011007
0.000448332
0.000448721
0.00845927
0.00845956
0.000687575
0.000688224
0.00433608
0.00433464
0.00477502
0.00477451
0.000390007
0.000608371
0.00231144
0.00231288
0.000395503
0.000394355
0.00495709
0.00495695
0.00369211
0.00368928
0.00587249
0.0058716
0.0143672
0.0143655
0.0150654
0.0150647
0.00860446
0.00860446
0.00371306
0.00372449
0.00747134
0.00747164
0.00166439
0.00166435
0.0145982
0.0145982
0.00270142
0.00270198
0.0041999
0.00419891
0.00101146
0.00101146
0.00107832
0.0012513
0.00133891
0.00137557
0.00139168
0.00141918
0.0014725
0.0015412
0.00160619
0.00165339
0.00168448
0.00168465
0.00165376
0.00160657
0.00154147
0.00147264
0.00141917
0.00139151
0.00137526
0.00133852
0.00125095
0.00107814
0.00101151
0.00101151
0.00567107
0.00567005
0.00655082
0.00659607
0.000280071
0.00107471
0.0146475
0.0146475
0.000271887
0.000273753
0.00321667
0.00321667
0.00411623
0.00434436
0.00471717
0.00521402
0.00578021
0.00635526
0.00682643
0.0069845
0.00666964
0.00577188
0.00490407
0.00563239
0.00662406
0.00749687
0.0077951
0.00757042
0.0069664
0.00621753
0.00548637
0.00486874
0.00442235
0.00414624
0.00323708
0.00323708
0.00178976
0.00179078
0.00126472
0.0012642
0.00411037
0.00410918
0.0146407
0.0146408
0.01456
0.0145601
0.00218458
0.00218239
0.000117651
0.000392908
0.00208904
0.00208683
0.0140276
0.0140276
0.0138534
0.0138534
0.0131923
0.0131923
0.0144752
0.0144752
0.0110929
0.0110929
0.00968063
0.00968063
0.0129104
0.0129104
0.0120612
0.0120651
0.0131501
0.013159
0.015208
0.0152178
0.0142935
0.0142935
0.0110752
0.0110752
0.0145345
0.0145345
0.0211698
0.0211719
0.0143866
0.0143866
0.0204945
0.0204995
0.0168327
0.0168374
0.0132404
0.0132396
0.0128988
0.0128988
0.0139553
0.0139631
0.0141634
0.0141634
0.012254
0.012254
0.00965882
0.00965882
0.015242
0.0152438
0.0135811
0.0135804
0.0209948
0.0209984
0.0106448
0.0106448
0.0152572
0.0152686
0.0134373
0.0134373
0.0140224
0.0140224
0.0124781
0.0124797
0.00991147
0.00992162
0.0118912
0.0118912
0.0125945
0.0125945
0.0152738
0.0152793
0.0147082
0.0147156
0.0111575
0.0111664
0.0146155
0.0146155
0.0145789
0.0145789
0.0131819
0.0131819
0.00909363
0.0091024
0.0144717
0.0144717
0.0142916
0.0142916
0.021155
0.0211566
0.0123654
0.0123747
0.00906373
0.00908126
0.0174473
0.0174512
0.0138774
0.0138757
0.0107026
0.0107141
0.0115107
0.0115107
0.0114942
0.0114942
0.0161509
0.0161566
0.0107304
0.0107404
0.0096866
0.00970333
0.0126074
0.0126074
0.0116257
0.0116317
0.01288
0.0128808
0.0180538
0.0180566
0.0119065
0.0119065
0.0115304
0.0115404
0.0208909
0.0208911
0.020896
0.0209002
0.0211392
0.0211419
0.0153226
0.015326
0.0211118
0.0211129
0.0141666
0.0141666
0.015459
0.0154654
0.0101867
0.010201
0.0106247
0.0106247
0.0122681
0.0122681
0.0152835
0.015291
0.0134283
0.0134283
0.013847
0.013847
0.0145142
0.0145142
0.0210191
0.0210198
0.0101765
0.0101765
0.0143882
0.0143882
0.0136636
0.0136636
0.0101565
0.0101565
0.0151556
0.0151695
0.0145638
0.0145638
0.0136557
0.0136557
0.0152447
0.0152595
0.0145866
0.0145866
0.000337774
0.000337962
0.00203676
0.00203579
0.000713279
0.000718182
0.000689142
0.000694513
0.00153464
0.00153481
0.00225128
0.00225446
0.00236418
0.00236659
0.014657
0.014657
0.00374236
0.00374182
0.00343694
0.00343649
0.00538105
0.00538111
0.000678782
0.000689694
0.0040917
0.00409177
0.00565835
0.00565909
0.00404992
0.004049
0.00394881
0.00394822
0.000261292
0.00113214
4.07688e-05
0.000461346
0.0117919
0.011792
0.00256173
0.00256565
0.00158269
0.00159737
0.00164344
0.00164344
0.00172792
0.00196435
0.00221901
0.00241524
0.00255454
0.00267134
0.00278946
0.00290696
0.00301125
0.00308975
0.00313813
0.00313815
0.00308992
0.00301135
0.00290686
0.00278906
0.00267057
0.00255343
0.00241395
0.00221781
0.00196347
0.00172727
0.00164278
0.00164278
0.00267256
0.00267254
0.000825345
0.000835887
0.00234488
0.00234486
0.00557519
0.00557527
0.00795817
0.00795882
0.00573561
0.0057338
0.00285236
0.00285313
0.00445379
0.00445598
0.00587364
0.00587268
0.00341337
0.00341371
0.000186642
0.000290455
0.00258482
0.002585
0.00471084
0.00470806
0.00442303
0.00442179
0.00103883
0.00103883
0.00181674
0.00199602
0.00219084
0.00243762
0.00269713
0.00294107
0.00315412
0.00332578
0.00344808
0.00351974
0.00354996
0.00355008
0.00352019
0.00344906
0.00332723
0.0031558
0.00294273
0.00269857
0.00243869
0.0021915
0.00199663
0.00181817
0.00104033
0.00104033
0.00352851
0.00352863
0.00496777
0.00496676
0.00519666
0.00519533
0.000283728
0.000281707
0.00344115
0.00344114
0.000423491
0.000423661
0.000641682
0.000725132
0.00108688
0.00108645
0.0146998
0.0146978
0.0014851
0.00148506
0.00574334
0.00574247
0.00563574
0.00563492
0.000179166
0.000784612
0.00169003
0.00170867
0.00113315
0.00113494
0.00245621
0.00246538
0.000607164
0.00060722
0.00426826
0.00427108
0.00175772
0.0017589
0.00306633
0.00306749
0.000303934
0.00107337
0.000714596
0.000713166
0.00521824
0.00522061
0.0060281
0.00602805
0.00147507
0.00147507
0.00159783
0.00199164
0.00247508
0.00296542
0.00343202
0.00389233
0.00440582
0.00500684
0.00561249
0.00607535
0.00631699
0.00631983
0.00608272
0.00562331
0.00501805
0.00441447
0.00389835
0.00343681
0.00296978
0.00247873
0.00199369
0.00159748
0.00147343
0.00147343
0.00382836
0.00382542
0.00263811
0.00263574
0.000234314
0.000376331
0.000284178
0.000289455
0.00335967
0.0033603
0.00363635
0.00363379
0.00217492
0.00217192
0.00387813
0.00387657
0.00382719
0.00382625
0.00388289
0.00388227
0.00302136
0.00302143
0.0146734
0.0146734
0.00335635
0.00335601
0.00452176
0.00452047
0.00463474
0.00463801
0.00925597
0.00925613
0.00332243
0.00333894
0.00896596
0.00896608
0.00292285
0.00292333
0.00575182
0.0057484
0.00258492
0.00258638
4.9414e-05
0.000636532
0.00710429
0.0071044
0.00330783
0.00330182
0.00483029
0.00483044
0.00137728
0.00138873
0.00407118
0.00407242
0.000548978
0.000548978
0.00143605
0.0017108
0.00188799
0.00208917
0.00230992
0.0025256
0.00271662
0.00286983
0.00297686
0.00303693
0.00306032
0.00306042
0.00303739
0.00297793
0.00287145
0.00271856
0.00252759
0.00231174
0.00209067
0.00188926
0.00171232
0.00143847
0.00055064
0.00055064
3.78132e-05
0.000415744
3.0209e-05
0.000411201
0.00358862
0.00358419
2.58689e-05
0.000110816
0.00308207
0.00310181
0.00680484
0.00680482
0.00291013
0.00291398
1.76724e-05
1.76724e-05
5.58141e-05
8.09725e-05
0.000102489
0.000127592
0.000148403
0.000155399
0.000143498
0.000118407
9.39355e-05
6.05348e-05
3.33496e-05
2.46214e-05
2.48134e-05
5.01296e-05
0.000101891
0.000162998
0.000215983
0.000250637
0.000263567
0.000256927
0.000237257
0.000215121
0.000200875
0.000200875
0.00292029
0.00292839
0.00287649
0.00289173
0.00295941
0.00295945
0.00303708
0.00303718
0.00309617
0.0030963
0.00426931
0.00426965
0.0040594
0.00405769
0.00510887
0.00510909
0.00288336
0.00288674
0.00503284
0.00504067
0.00277062
0.00277569
0.000380693
0.000380887
0.000292844
0.000293053
0.00277043
0.00277713
0.00271404
0.00271956
0.00258742
0.00258375
0.00333194
0.00333035
0.00799697
0.00799446
5.10099e-05
0.000146336
0.0016902
0.0016902
0.00165401
0.00206413
0.00259675
0.00313609
0.00364276
0.00412609
0.00463614
0.00521009
0.00578547
0.00623035
0.00646521
0.00646793
0.00623715
0.00579506
0.0052195
0.00464305
0.0041309
0.00364687
0.00314009
0.00260027
0.00206618
0.00165373
0.00168856
0.00168856
0.00606018
0.00606979
0.00811703
0.00811598
0.00361176
0.00360865
0.0145594
0.0145577
0.0150043
0.0150031
0.00805078
0.00805078
0.00523991
0.00523897
0.0019304
0.00193036
0.000583231
0.000575681
0.0033364
0.00333741
0.00441436
0.0044119
0.00311377
0.00311126
0.00553414
0.00553303
0.000453352
0.000447665
0.0015638
0.00156376
0.000975092
0.00098391
0.00223531
0.00223528
0.00260887
0.00260884
0.0119258
0.0119259
0.0010343
0.00103411
0.00442366
0.00442377
0.00260593
0.00260539
0.00631027
0.00631027
0.0198633
0.0198695
0.00554244
0.00554382
0.00339218
0.00339208
0.0097887
0.00978829
0.000433302
0.000433409
0.000324173
0.000328385
0.0043239
0.00433906
0.00308466
0.00308461
0.00121404
0.00169297
0.00109864
0.00131296
0.00327655
0.00327762
0.00386291
0.00386261
0.005978
0.00597869
0.0012551
0.00127314
0.00639267
0.00639267
0.0179815
0.0179841
0.000446077
0.000446077
0.000639296
0.000696653
0.000730738
0.000751557
0.000762353
0.000765195
0.000761346
0.000751772
0.000737928
0.000722466
0.000709146
0.000709017
0.00072243
0.000737983
0.000751912
0.000761559
0.000765466
0.000762669
0.000751902
0.000731092
0.000696998
0.000639633
0.000446392
0.000446392
0.00426541
0.00426336
0.00176038
0.00175825
0.00041917
0.000632051
0.00299071
0.00299108
0.000982176
0.000962852
0.00664229
0.00664227
0.000433185
0.000433185
0.000615734
0.000696476
0.000763237
0.000819573
0.000864709
0.000900953
0.000928031
0.000944487
0.000949679
0.000945513
0.000938361
0.000938337
0.000945649
0.000950004
0.000944981
0.000928644
0.00090164
0.000865442
0.000820319
0.00076393
0.000697074
0.000616236
0.000433559
0.000433559
0.000431584
0.00043067
0.00265125
0.00264811
0.00383301
0.00383435
0.00583633
0.00583661
0.00227664
0.00228801
0.0118262
0.0118262
0.00264836
0.00264939
0.00448626
0.00448636
0.0033005
0.00330051
0.00584263
0.00589431
0.00250297
0.00249962
0.00529133
0.00529225
0.01041
0.0104102
0.00307747
0.00307747
0.00226563
0.00240423
0.00276603
0.00318093
0.00359612
0.00399505
0.00436716
0.00469556
0.00495872
0.0051396
0.00522937
0.00522996
0.00514104
0.00496091
0.00469804
0.00436938
0.00399677
0.00359721
0.00318156
0.0027661
0.00240371
0.00226488
0.0030783
0.0030783
2.98549e-05
0.000124943
0.00320658
0.00320091
0.00164118
0.00164076
0.000883729
0.000883586
0.00327814
0.003279
0.00351108
0.0035135
0.00452654
0.00453131
0.00883115
0.0088314
0.00102669
0.00102649
0.00338075
0.00337697
0.000137654
0.000928639
0.0059328
0.00593269
0.00169132
0.00171047
0.000347328
0.000347507
0.00317601
0.00317321
0.00357943
0.00358271
0.00332874
0.00332644
0.0027315
0.00273454
0.000843567
0.00132379
0.00209039
0.0020907
0.00326413
0.00326599
0.00247682
0.00247667
0.0144136
0.0144339
0.00344326
0.00344301
0.0020779
0.00207484
0.0145837
0.0145837
0.00179362
0.00179362
0.00165517
0.00192609
0.00222551
0.00245034
0.00260312
0.00272722
0.00285801
0.00299382
0.00311704
0.00321005
0.00326731
0.00326731
0.00321011
0.00311693
0.00299338
0.00285716
0.00272594
0.00260148
0.00244851
0.00222385
0.00192483
0.00165435
0.00179293
0.00179293
0.00166687
0.00166461
0.00102803
0.00107221
0.00262604
0.00262426
0.00413643
0.00413643
0.004776
0.00487366
0.00522209
0.00574292
0.00637347
0.00705607
0.00769314
0.00809358
0.00800119
0.00710666
0.00596838
0.00670805
0.0079179
0.0087773
0.00885508
0.00837872
0.0076072
0.00676337
0.00598621
0.00535929
0.00494242
0.00480737
0.00415682
0.00415682
0.000204732
0.000203744
0.000423089
0.000421819
0.00154852
0.00154622
0.00425776
0.0042565
0.00245408
0.00245354
0.00170637
0.00170637
0.00160598
0.00193366
0.00227031
0.00252195
0.00269242
0.00283232
0.00297771
0.00312561
0.00325698
0.00335357
0.0034109
0.00341092
0.0033536
0.00325682
0.00312511
0.00297681
0.00283103
0.00269082
0.00252016
0.00226858
0.00193227
0.00160504
0.0017058
0.0017058
0.00659778
0.0066119
0.00399368
0.00401318
0.00104922
0.0010659
0.00455236
0.00455087
0.00479341
0.00479372
0.00847527
0.00849286
0.00452371
0.00452387
0.00117206
0.0011718
0.00356253
0.00356974
0.00365039
0.00365043
0.00435935
0.00435895
0.000296091
0.000294736
0.00412912
0.00412668
0.00270281
0.002706
0.000646347
0.000651187
0.000943871
0.000944333
0.000897593
0.000897486
0.000275583
0.000280292
0.000334409
0.000335296
0.000157063
0.000811564
0.002333
0.0023335
0.00572389
0.00572382
0.0185104
0.0185203
0.00550321
0.00550321
0.0152911
0.0153118
0.00552659
0.00552659
0.00506007
0.00505868
0.00139629
0.00139602
0.00358618
0.00358624
0.00155212
0.00155435
0.00644029
0.00643906
0.00521282
0.00521418
0.00999963
0.00999984
0.00280463
0.00280513
0.00280969
0.00280858
0.00387283
0.0038705
0.000503746
0.000489407
0.00317401
0.0031684
0.00419893
0.00420004
0.00257654
0.00257237
0.00737242
0.00737242
0.00727137
0.00727182
0.0061983
0.0061981
0.000364959
0.000367934
0.00429381
0.00429143
0.00504255
0.00504291
0.00290299
0.00290646
0.000291084
0.000291241
0.00566321
0.00566185
0.00468371
0.00468472
0.00325963
0.00325798
0.00202314
0.00202207
0.00353914
0.00353881
0.00418391
0.00418131
0.00285283
0.00285298
6.76862e-05
0.000683518
0.00637456
0.00637268
0.00246576
0.00248072
0.00323886
0.00323836
0.000255514
0.000255743
0.00539614
0.00539659
0.0145714
0.0145714
0.00197115
0.00207184
0.000796137
0.000796137
0.000784574
0.000790498
0.000808452
0.00082913
0.000847933
0.000857584
0.000849958
0.000827868
0.000838671
0.00101278
0.00104217
0.00105658
0.00111337
0.00116375
0.00119604
0.00120505
0.00119103
0.00115512
0.00109924
0.00102659
0.000942884
0.0008598
0.000793365
0.000793365
0.000103813
0.000300564
0.00354346
0.00354391
0.00229085
0.00228621
0.00216989
0.0021897
0.002924
0.00292342
0.00603685
0.00603753
0.00111654
0.00111789
0.0039962
0.00399634
0.00409321
0.00410351
0.00515704
0.00515729
0.00800998
0.00801016
0.00412582
0.00414031
0.00623665
0.00623708
0.0038927
0.00389113
0.00384114
0.00384004
0.00346276
0.00346299
0.00184334
0.00184329
0.000353252
0.000353437
3.95851e-05
0.000571535
0.000308937
0.000621364
0.001114
0.001357
5.87818e-05
0.000172902
0.00315044
0.00317115
0.000527754
0.000540032
0.00163951
0.00161771
0.00741324
0.00741324
0.00764122
0.00764081
0.00262052
0.00261805
0.00214375
0.00214129
0.0026933
0.00269197
0.000508042
0.000508368
4.96157e-05
0.000632015
0.00495395
0.00495416
0.000224067
0.000223525
0.00589265
0.00589243
0.00301304
0.00301173
0.00269814
0.00269955
0.00342833
0.00342535
0.00162386
0.00163766
0.00106576
0.00106571
0.00157245
0.00191127
0.00289083
0.00289009
0.000119515
0.000806669
0.000261922
0.000261922
0.000623628
0.000681107
0.000562691
0.00043035
0.000334028
0.000268411
0.000214725
0.000161948
0.000109754
6.45011e-05
3.66106e-05
3.67311e-05
6.47936e-05
0.000110256
0.000162648
0.000215583
0.000269377
0.00033506
0.000431397
0.000563684
0.000681979
0.000624281
0.000262188
0.000262188
0.00102681
0.00102262
0.00608149
0.00609921
0.000220468
0.000551808
0.00296425
0.00296425
0.00234443
0.00264696
0.00310178
0.00355293
0.0039741
0.00436305
0.00471621
0.00502172
0.00526169
0.0054225
0.00550134
0.00550156
0.00542302
0.00526249
0.00502255
0.0047167
0.00436305
0.00397361
0.00355204
0.00310046
0.00264521
0.00234262
0.00296501
0.00296501
0.00310581
0.00310404
0.00608166
0.00608145
0.00433038
0.00433178
0.00293908
0.0029399
0.011452
0.011452
0.000391869
0.000392222
0.000206568
0.000754451
0.00184043
0.00207382
0.00106677
0.00158919
0.00297107
0.00296993
0.0024394
0.00243801
0.00041129
0.000752877
0.00396367
0.00396367
0.00370875
0.00387897
0.00427478
0.00487965
0.00564496
0.00647527
0.00724131
0.00776394
0.00807541
0.00825066
0.00833058
0.00833117
0.00825225
0.00807838
0.00776901
0.0072504
0.00648691
0.00565669
0.00488889
0.00428006
0.0038796
0.00370533
0.00396125
0.00396125
0.00406325
0.00406336
0.00416409
0.00416443
0.00295553
0.00295024
0.00348656
0.00348352
0.00011012
0.000337314
0.00162553
0.00162827
0.00498575
0.00498427
0.000804537
0.000804385
0.00298894
0.0029889
0.00289226
0.00288944
0.00330092
0.00330043
0.00301129
0.00301125
0.00395951
0.00395723
0.00170682
0.00170554
0.00100244
0.000982842
0.00611515
0.00611591
0.0090247
0.0090249
0.00251308
0.00250907
0.000632543
0.000637191
0.00387825
0.00387835
0.0050433
0.00504597
0.00444444
0.00444194
0.00992859
0.00992877
0.000732248
0.000731897
0.00382482
0.00382604
0.000304947
0.000303439
0.0113936
0.0113936
0.000938349
0.000938309
0.00536873
0.00536953
0.00688683
0.00688564
0.00212367
0.00227485
0.0048787
0.0048779
0.00317611
0.00317381
0.00717289
0.00717152
0.00261729
0.0026624
0.00579643
0.00579686
0.00645733
0.00645709
0.0115674
0.0115673
0.0068538
0.00685602
0.0022992
0.00229847
0.00113841
0.00129944
0.00391898
0.00391579
0.0017497
0.00174933
0.00503025
0.00503113
0.00393491
0.00393511
0.00351079
0.00351707
0.0046477
0.00464592
0.00228821
0.00228943
0.00517267
0.00517294
0.00507686
0.00507707
0.00163554
0.0016355
0.00680132
0.00680197
0.000314583
0.000314783
7.91607e-05
0.000786312
0.00534282
0.00534282
0.00929705
0.0108791
0.0117844
0.012295
0.0125326
0.0126289
0.0126608
0.0126192
0.0124228
0.0120926
0.0118259
0.0118564
0.0121377
0.0124554
0.0126563
0.0127616
0.012771
0.0126602
0.0123821
0.0118343
0.0109126
0.0093429
0.00539231
0.00539231
0.0058776
0.0058776
0.00546504
0.0054519
0.00545134
0.0054512
0.00545112
0.00545107
0.00545104
0.00545102
0.00545101
0.005451
0.005451
0.005451
0.005451
0.00545101
0.00545102
0.00545104
0.00545107
0.00545112
0.0054512
0.00545134
0.0054519
0.00546504
0.0058776
0.0058776
0.00587946
0.00587946
0.00546557
0.00545234
0.00545176
0.00545163
0.00545155
0.0054515
0.00545147
0.00545145
0.00545144
0.00545143
0.00545143
0.00545143
0.00545143
0.00545144
0.00545145
0.00545147
0.0054515
0.00545155
0.00545163
0.00545176
0.00545234
0.00546557
0.00587946
0.00587946
0.017832
0.017832
0.0124074
0.00923888
0.00827022
0.00834713
0.00886557
0.00946858
0.00984166
0.0100869
0.0102578
0.0103688
0.0104071
0.010413
0.0103778
0.0102744
0.010109
0.00986449
0.0094903
0.0088837
0.00835722
0.00827458
0.00924165
0.0124111
0.0178348
0.0178348
0.00365361
0.00365418
0.00243735
0.00243694
0.0048712
0.00488714
0.00552448
0.00552342
0.00517475
0.00517498
0.00148089
0.00149085
0.00058373
0.00056583
0.00043873
0.000435644
0.00208154
0.00208479
0.00116752
0.00114836
0.00235149
0.00235158
0.00361307
0.00361259
0.00222543
0.00222485
0.000499414
0.00129507
0.000391804
0.000391804
0.000678302
0.000691067
0.000566752
0.000443452
0.000354112
0.000291866
0.000240461
0.000191208
0.000144062
0.000104
8.09367e-05
8.10768e-05
0.00010432
0.000144571
0.000191893
0.000241292
0.000292805
0.000355119
0.000444473
0.000567715
0.000691909
0.000678975
0.000392198
0.000392198
0.00322034
0.00321789
0.000713023
0.000713114
0.00579408
0.00579419
0.00229256
0.0023689
0.00176948
0.00177202
0.00369375
0.00370368
0.00298325
0.00298367
0.00306429
0.00306563
0.00243669
0.00243609
0.003835
0.00383508
0.00124981
0.00124814
0.000477455
0.000481218
0.00382298
0.00382305
0.00269326
0.00271754
0.00414696
0.00414633
0.00226955
0.00227045
0.0005002
0.000486279
0.00138802
0.00139109
0.000442629
0.000447416
0.00339628
0.00339987
0.00760367
0.00760361
0.0145015
0.0145016
0.00201399
0.00201258
0.00613595
0.00613549
0.00468361
0.00468502
0.00105691
0.00108366
0.000266093
0.000266304
0.00359068
0.00359699
0.00261236
0.00261405
0.000761975
0.000761896
0.00110929
0.00122833
0.00091318
0.000913518
0.00366079
0.0036608
0.00317233
0.00317849
0.000205068
0.00090019
0.004361
0.00435967
0.000870829
0.000881154
0.00350367
0.00350376
0.000228225
0.000911775
0.00220575
0.00220546
0.00348985
0.00351203
0.0048443
0.00484901
0.00128412
0.00127289
0.00897273
0.00897269
0.00395806
0.00395536
0.00291081
0.00290914
0.00358706
0.0035968
0.00325285
0.0032643
0.00507542
0.00507915
0.00835095
0.00834988
0.00180919
0.00181427
0.00255692
0.00255555
0.0012366
0.00122678
0.0019296
0.00192848
0.00409533
0.00409147
0.00432257
0.00432984
0.00831072
0.00831086
0.00483861
0.00484437
0.00462014
0.00462027
0.00504412
0.0050432
0.002904
0.00290395
0.000271692
0.000269835
0.00496686
0.00496708
0.00318659
0.00318816
0.001334
0.0013355
0.000310736
0.000815606
0.00370746
0.00371347
0.00157865
0.00193329
0.00422506
0.00422475
0.000493722
0.00130166
0.00550962
0.00551093
0.00149637
0.00149826
0.0112533
0.0112533
0.00242718
0.00244893
0.00183726
0.00197369
0.00588785
0.00588566
0.00222701
0.00222194
0.00171478
0.00170198
0.00204654
0.00204554
0.00252278
0.00252702
0.00357985
0.00357986
0.00652337
0.00652244
0.000575536
0.00055916
0.010698
0.0106978
0.00568135
0.00568222
0.00574775
0.00574702
0.00516055
0.0051624
0.0103557
0.0103558
0.00232267
0.00232264
0.00135199
0.00134748
0.000460111
0.00053604
0.00475138
0.00474994
0.000862213
0.000863281
0.00610818
0.00610774
0.00143641
0.00158762
0.00317622
0.003175
0.0031713
0.003169
4.53017e-05
0.000559939
0.00355172
0.00355137
0.00306842
0.00306377
0.00291417
0.00292306
0.00251436
0.00251333
0.0037326
0.00374825
0.00322332
0.00323484
0.00495798
0.00495737
0.00749617
0.00749608
0.000671565
0.000671558
0.00312124
0.00312927
0.003228
0.00323272
0.000241745
0.000314557
0.00300728
0.00301288
0.00600148
0.00600104
0.00239883
0.00239405
0.00328985
0.0032911
0.00349225
0.00349297
6.17575e-05
0.00074442
0.00385513
0.00385742
0.000413522
0.000641663
0.00612537
0.00612464
0.00180877
0.00180812
0.0042022
0.00421305
0.00334744
0.0033471
0.00487692
0.00488111
0.00930006
0.00930026
0.00635094
0.00635026
0.00553475
0.00553585
0.00246478
0.00246017
0.0105371
0.0105372
0.00299327
0.00299082
0.0023287
0.00232832
0.00417082
0.00417151
0.002746
0.00274224
0.00611385
0.00611256
0.00391147
0.0039098
0.000835569
0.000835569
0.000775334
0.000781919
0.000807488
0.000841839
0.00088123
0.000913892
0.000929913
0.000933514
0.000948873
0.00115044
0.00126694
0.00126663
0.00130253
0.00133119
0.0013467
0.00134692
0.0013328
0.00130176
0.00125287
0.00118485
0.00109516
0.000991159
0.000939989
0.000939989
0.0022659
0.00226609
0.00446077
0.00445934
0.00255021
0.00254676
0.0111916
0.0111917
0.0055681
0.00556866
0.00366087
0.0036614
0.00353313
0.00353323
0.00243474
0.00243474
0.00230196
0.00246432
0.00281526
0.00319164
0.00354696
0.00387096
0.00415786
0.00439787
0.00457885
0.00469441
0.00474876
0.00474891
0.00469484
0.00457965
0.0043989
0.00415882
0.00387164
0.00354726
0.00319154
0.00281468
0.00246327
0.00230111
0.00243588
0.00243588
0.000251996
0.00104523
0.00179727
0.00179963
0.00241723
0.00241723
0.00346883
0.00389162
0.00425867
0.00467162
0.00508362
0.00543964
0.00564979
0.00559693
0.00522448
0.00454703
0.00404536
0.00475433
0.00546153
0.00613751
0.00647373
0.0064405
0.00608895
0.00555653
0.00497202
0.00442977
0.00398268
0.00350147
0.00243979
0.00243979
0.00396905
0.00396909
0.00189842
0.00215045
0.00442489
0.00442228
0.00156081
0.00156075
0.00292077
0.00292085
0.000656384
0.000785623
0.00372741
0.0037324
0.00241054
0.00251119
0.000263512
0.00026303
0.0036711
0.0036754
0.00319405
0.00319492
0.00541455
0.00541681
0.00610247
0.00610154
0.00245496
0.00245707
8.30046e-05
0.000372811
0.00337398
0.00337466
0.00277947
0.0027801
0.00227965
0.00227564
0.000367801
0.000369472
0.0058545
0.00585435
0.00369982
0.00370068
0.00401871
0.00403665
0.0063024
0.00630085
0.00407017
0.00408122
0.00155606
0.00155102
0.00177212
0.00176673
0.00257876
0.00257878
0.0117016
0.0117016
0.00571911
0.00571988
0.00282633
0.00282494
0.00771594
0.00771583
0.00511204
0.00511573
0.00926418
0.00926394
0.0038909
0.003891
0.00478631
0.00478448
1.00758e-05
0.000339013
0.00379152
0.00379323
0.00144238
0.00144395
0.00213213
0.00228514
0.000220256
0.000850388
0.000248516
0.000406316
0.00305018
0.00305014
0.00374184
0.00374235
0.000392213
0.000395936
0.00204091
0.00207389
0.00319516
0.00319512
0.00054019
0.000540664
0.00297481
0.00297496
0.00504643
0.00505034
0.0023698
0.00237021
0.00271717
0.00271777
0.0052608
0.00525979
0.000313046
0.000313255
0.00311479
0.00311751
0.00254113
0.0025672
0.00177876
0.00179843
0.000194268
0.000927638
8.35496e-05
0.00078445
3.96402e-05
0.00040277
0.00437508
0.00438612
8.56785e-05
0.000172021
0.00168201
0.00168477
0.00380638
0.00380525
0.00484805
0.0048482
0.00437688
0.00437422
0.00408489
0.00408578
0.0031183
0.00311759
0.00613989
0.0061384
0.00184808
0.00184736
0.00241978
0.00241634
7.87022e-05
0.000159485
8.71239e-05
0.000325938
0.000556392
0.000556257
0.00435533
0.00435554
0.00434796
0.00434923
0.00146133
0.00146137
0.0019628
0.00196276
0.00527252
0.00527265
0.00557479
0.00557609
0.0104761
0.0104759
0.00694388
0.00695879
0.00190046
0.00189957
0.0051072
0.00510732
0.00406262
0.00406343
0.0068885
0.00688824
0.0146932
0.0146933
0.00314566
0.00314432
0.00501381
0.00501683
0.00964379
0.00964394
0.00348823
0.00348885
0.000297785
0.000940293
0.00316343
0.0031634
0.00538216
0.00537989
0.00158879
0.00161054
0.00131804
0.00131804
0.00251562
0.00305118
0.00345742
0.00379964
0.00405025
0.00419434
0.00422314
0.00411274
0.00381055
0.00341601
0.0031784
0.00402788
0.00457943
0.00500607
0.00524141
0.00525591
0.0050713
0.00470577
0.00422796
0.00370451
0.00318415
0.00257628
0.00134822
0.00134822
0.00152885
0.0015282
0.00370607
0.00370631
0.00595305
0.00595305
0.0174058
0.0174194
0.00421198
0.004213
0.00570551
0.00570225
0.00335219
0.00335251
0.00198714
0.0019871
0.000203651
0.000523347
0.00465544
0.00466206
0.000198552
0.000949379
0.00150673
0.0015067
0.00387579
0.00387611
0.00870381
0.00870381
0.000486275
0.000474723
0.00402387
0.00402409
0.00103769
0.00103514
0.000495396
0.000693026
0.00292683
0.00292879
0.00199041
0.00199039
0.00085216
0.000852264
0.0029505
0.00297174
0.00255752
0.00255714
0.00116137
0.0011551
0.00231302
0.00231302
0.00189839
0.00222356
0.00271422
0.00325063
0.00376811
0.00425911
0.00474048
0.00522244
0.00566526
0.00599437
0.00616586
0.00616761
0.00599857
0.00567103
0.005228
0.00474464
0.00426216
0.00377077
0.00325312
0.00271627
0.00222462
0.00189817
0.00231261
0.00231261
0.00269496
0.00269378
0.00239721
0.00239586
0.0044243
0.00442508
0.00503161
0.00503192
0.000383082
0.000588706
0.0048522
0.00485246
0.000676769
0.00067693
0.00472802
0.00473551
0.0045274
0.00452615
3.98337e-05
0.000273155
0.00123571
0.00122092
0.0055079
0.00550932
0.0020363
0.00203349
0.00121055
0.00120091
0.000444035
0.000444218
0.00630285
0.0063022
0.0013488
0.00137895
0.0010507
0.00103109
0.00660114
0.00660019
0.00164615
0.00164566
0.00307343
0.00308072
0.000115999
0.000810558
0.00262408
0.00266862
0.00587585
0.0058762
0.00447202
0.00447216
0.00318105
0.00318101
0.00548979
0.00548865
0.000937281
0.000937281
0.000958217
0.0010056
0.00104775
0.0010857
0.00112293
0.00114775
0.00115796
0.00115826
0.00116347
0.00134215
0.00160669
0.00161949
0.00167042
0.00170909
0.00173091
0.00173101
0.00170994
0.0016686
0.00159765
0.00148887
0.00133156
0.00113035
0.000944895
0.000944895
0.00162362
0.00161772
0.000441208
0.000446276
0.00584841
0.00584822
0.00279952
0.00280154
0.000601505
0.000601527
0.00544433
0.00544602
0.0109099
0.01091
0.00476679
0.00476695
0.00342285
0.00342255
0.00106882
0.00112382
0.00493848
0.00493763
0.00477838
0.00477853
0.00533184
0.00533149
0.00130525
0.00131307
0.00029465
0.000651005
0.00344647
0.00344398
0.00201053
0.00201135
0.000279786
0.000284913
0.0134553
0.0134554
0.00132935
0.00131999
0.000306288
0.000306288
0.0006216
0.0011149
0.00141883
0.00162755
0.00181528
0.00199664
0.00216068
0.00229284
0.00238316
0.00243032
0.00244545
0.00244551
0.00243078
0.00238431
0.00229462
0.00216286
0.00199897
0.00181758
0.00162987
0.00142148
0.00111814
0.000624459
0.000305233
0.000305233
0.000510089
0.000510615
0.00655882
0.00655857
0.00638321
0.00638105
0.00257836
0.00257504
0.00333616
0.00333403
0.00323303
0.00325091
0.00670246
0.00671346
0.0108241
0.0108242
0.00555486
0.00555553
0.00781657
0.0078141
0.00278801
0.00278718
0.00230722
0.00238406
0.00267988
0.00267881
0.00331027
0.00331774
0.0146381
0.0146382
0.00269151
0.00269149
0.00128042
0.00126465
0.00385089
0.00384973
0.00515735
0.00515786
0.00157492
0.00190376
0.000428591
0.000428787
0.00297951
0.00298048
0.00179441
0.00200414
0.00102255
0.00104116
0.000645453
0.000646175
0.00614348
0.00614271
0.00416583
0.00416229
0.0026781
0.00268995
0.000466916
0.000456548
0.00236731
0.00236358
0.00365009
0.0036521
0.00331626
0.00331625
0.00582926
0.00582733
0.0009872
0.0009872
0.00124473
0.00152392
0.00187026
0.00230365
0.00283383
0.00345548
0.00414413
0.00480173
0.00528808
0.00554852
0.00564835
0.00564918
0.00555166
0.00529541
0.00481364
0.0041579
0.00346829
0.00284434
0.00231161
0.00187551
0.00152667
0.00124525
0.000986503
0.000986503
0.00334297
0.00334301
0.00382141
0.00382528
0.00185959
0.00186478
0.00221438
0.00221331
0.00203608
0.00203298
0.00113686
0.00113062
0.00022651
0.000509847
0.000296928
0.00055293
0.00312235
0.00312306
0.00114502
0.00112459
4.77455e-05
0.000403522
0.001668
0.00167613
0.00451923
0.00451988
0.00098842
0.000986888
0.00140667
0.00148225
0.00190399
0.00190419
0.00326974
0.00326674
0.00320917
0.0032155
0.00202263
0.00218471
0.00342316
0.00344287
0.00313125
0.00313776
0.00121173
0.0011939
0.00307997
0.00308821
0.00103038
0.00101037
0.00120982
0.00120982
0.00226791
0.00273358
0.00306959
0.00333042
0.00350993
0.00359578
0.00354662
0.00334441
0.00305164
0.002692
0.00248975
0.00328919
0.00382529
0.00421225
0.00448082
0.00459188
0.0044956
0.00421068
0.00380626
0.00334855
0.00288558
0.00233801
0.00121084
0.00121084
0.00112369
0.00121319
0.00497664
0.00497607
0.000468792
0.000472704
0.00610337
0.00610333
0.000440546
0.000438922
0.00599718
0.00599678
0.00648834
0.0064883
0.000420672
0.00058749
0.00397688
0.0039933
0.00306026
0.00306201
0.00489211
0.00489153
0.00107199
0.00110819
0.00444163
0.00444177
0.00402662
0.00404348
0.00326255
0.00326255
0.00318058
0.00317859
0.00486529
0.00486557
0.00424316
0.00424133
0.000928272
0.000928272
0.00108926
0.00120392
0.00128138
0.00133193
0.00136456
0.0013793
0.00137621
0.00136179
0.0013452
0.0014603
0.00187933
0.00195089
0.00203846
0.00210764
0.00216017
0.00218619
0.00217221
0.00210925
0.00199352
0.00181755
0.00157252
0.00126787
0.000911383
0.000911383
0.000973304
0.000962045
0.0198263
0.0198327
0.0058709
0.0058709
0.00589446
0.00589446
0.0129296
0.0129594
0.00271587
0.00272683
0.00253548
0.00253202
0.0109556
0.0109557
0.00557549
0.00557631
0.0033186
0.00333447
0.0030414
0.00304904
0.00739689
0.00739551
0.00310273
0.00309912
0.00474936
0.00474953
0.00180557
0.00201412
0.00352041
0.00352103
0.00249605
0.0024961
0.00333053
0.00333519
0.00314867
0.00315453
0.00323002
0.00323575
0.0035829
0.00358252
0.0029122
0.00290873
0.000828912
0.00089871
0.00184764
0.00185033
0.00432971
0.00432855
0.0061389
0.00613757
0.00442175
0.00441917
0.00257645
0.00257534
0.00332588
0.00333535
0.00332877
0.0033326
0.0037248
0.00374098
0.00319817
0.00320518
0.00180776
0.00180981
0.00266306
0.00266477
0.00360525
0.00360525
0.00700664
0.00700541
0.0023404
0.00243854
0.00674221
0.00674195
0.000549972
0.000549972
0.00150942
0.00186102
0.00208597
0.00223551
0.00233316
0.0023929
0.00240278
0.00235789
0.00224618
0.0020201
0.00198586
0.00272076
0.00309658
0.00330119
0.00337474
0.00336228
0.00325734
0.00307068
0.00282373
0.00251839
0.00215197
0.00169059
0.000624977
0.000624977
0.00259414
0.00259339
0.000243155
0.000703195
0.000757733
0.000757708
0.00287945
0.00288858
0.00369489
0.00371303
0.00292138
0.00291679
0.0185753
0.0185798
0.00544115
0.00544115
0.00864983
0.00868461
0.0054398
0.0054398
0.000757771
0.0012143
0.00195183
0.00195489
0.00289337
0.00289331
0.00371991
0.00371993
0.00164387
0.00166792
0.00174792
0.00174792
0.00286971
0.0033522
0.00366572
0.00395846
0.00419925
0.00434247
0.00430663
0.00419534
0.00400816
0.00374403
0.00355382
0.00426533
0.00464621
0.0049063
0.00506525
0.00511318
0.00499261
0.00466902
0.00426418
0.0038503
0.00345778
0.00291774
0.00177665
0.00177665
0.00346393
0.00348285
0.00329052
0.00328753
0.00364787
0.00364856
0.00235028
0.0023504
0.00301637
0.00301474
0.00421992
0.00421873
0.0015979
0.00161978
0.0147371
0.0147372
0.00427668
0.00429474
0.00327233
0.00326972
0.00629511
0.00629325
0.00331664
0.00334126
0.000262398
0.000262608
0.00371202
0.00373212
0.00216317
0.00216175
0.000629973
0.00131972
0.0095821
0.00958182
0.00524361
0.0052465
0.00648374
0.00648448
0.0144967
0.0144967
0.000528409
0.000528409
0.00107294
0.00129327
0.00142442
0.0015234
0.00161715
0.00168652
0.00171705
0.00169155
0.00158832
0.00138405
0.00171197
0.0020667
0.00223239
0.00230381
0.00231194
0.00226652
0.00218029
0.00207211
0.00197111
0.00181244
0.00157876
0.00124282
0.000464981
0.000464981
0.0030323
0.00303083
0.00624456
0.00624343
0.00306301
0.00305928
0.00626491
0.00626338
0.00336129
0.00335805
0.00169519
0.00169067
0.00218607
0.00221077
0.00366999
0.00367049
0.00505267
0.00505201
0.000542422
0.000540507
0.00056214
0.000557972
0.00093706
0.000934984
0.000283187
0.000283483
0.00621314
0.00621204
0.00536193
0.00536203
0.00604952
0.00604995
0.00433883
0.00435016
0.000839025
0.000999266
0.00375055
0.00376741
0.00635723
0.00635786
0.00245062
0.00247163
0.00045534
0.000459506
0.000115781
0.000448076
0.00325541
0.00325538
0.00363038
0.00363041
0.00446243
0.00446118
0.00374807
0.00374808
0.00395048
0.00394721
0.00353017
0.00353165
0.00474635
0.0047465
0.00146137
0.00148926
0.00384492
0.00384738
0.00139596
0.00137467
0.00083938
0.000839306
0.00132517
0.00135747
0.00215674
0.00217714
0.0058584
0.00585837
0.00435399
0.00436454
0.00693659
0.00693709
0.00219075
0.00219101
0.00342864
0.00342896
0.000984372
0.00100362
0.011609
0.0116091
0.0021961
0.00219949
0.00463157
0.00463873
0.000656994
0.000656979
0.000967576
0.00103265
0.00357951
0.00359196
0.00399556
0.00399231
0.00528157
0.00528412
0.0100207
0.0100208
0.00260258
0.00262934
0.00200448
0.00200759
0.0054207
0.00542258
0.0103275
0.0103275
0.00124933
0.00118596
0.000686856
0.000686856
0.00136877
0.00171737
0.00195818
0.00211282
0.0021966
0.00221949
0.00217687
0.00204634
0.00185392
0.00157265
0.00178765
0.00234845
0.00264726
0.00284891
0.00299219
0.00303194
0.00297407
0.00282275
0.00258802
0.00228442
0.00192565
0.00150582
0.000639335
0.000639335
0.00549924
0.00550145
0.00310076
0.00309942
)
;
    }
    heated_wall
    {
        type            kqRWallFunction;
        value           nonuniform List<scalar> 
3216
(
0.00425678
0.00310372
0.00315179
0.00337119
0.00359417
0.00379303
0.00396522
0.00411068
0.00422768
0.00431349
0.00436774
0.00439306
0.00439306
0.00436772
0.00431341
0.00422751
0.00411041
0.00396488
0.00379265
0.0035938
0.00337088
0.0031516
0.00310365
0.00425683
0.00431003
0.00405629
0.00448302
0.0049922
0.00555464
0.00607396
0.00645325
0.00667767
0.0068044
0.00689614
0.00698357
0.00704139
0.00704068
0.00698192
0.00689411
0.00680239
0.00667571
0.00645111
0.00607148
0.00555214
0.00499013
0.00448156
0.00405536
0.00430926
0.00148863
0.00260292
0.00308659
0.00331598
0.00351145
0.00370587
0.00387119
0.00399069
0.00405418
0.0040672
0.00404669
0.00401065
0.00401038
0.00404608
0.00406641
0.00405323
0.00398959
0.00387002
0.00370479
0.00351054
0.00331526
0.00308624
0.00260284
0.00148856
0.00140768
0.00268413
0.00320148
0.00346957
0.00371604
0.00395597
0.00415224
0.00428517
0.00434765
0.00435214
0.00432151
0.00427908
0.00427881
0.00432093
0.00435138
0.00434673
0.00428408
0.00415103
0.00395482
0.00371504
0.00346881
0.00320111
0.00268409
0.00140769
0.00294523
0.00278357
0.00304609
0.00316265
0.00318024
0.00319026
0.00319184
0.00318825
0.00317543
0.00315388
0.00312791
0.00310376
0.00310357
0.00312749
0.00315332
0.00317477
0.00318756
0.00319117
0.00318965
0.00317973
0.00316225
0.00304582
0.00278343
0.00294528
1.70021e-05
2.50831e-05
0.000140611
0.000258715
0.00034804
0.000403905
0.000432471
0.000443614
0.000445612
0.000444858
0.000421997
0.000385563
0.000365954
0.00035279
0.000336005
0.000312402
0.000274702
0.000217034
0.000156947
9.62688e-05
6.68072e-05
0.000104913
0.000160589
0.000217503
0.000343333
0.000609918
0.000667669
0.000522542
0.000311528
0.000128365
3.66643e-05
2.80141e-05
2.97309e-05
3.32872e-05
3.46271e-05
3.17778e-05
2.61341e-05
2.06119e-05
1.71367e-05
1.76422e-05
2.3519e-05
4.41302e-05
0.000140896
0.000321304
0.000530065
0.000673879
0.000615526
0.000346435
0.000265654
0.000277118
0.00017968
5.49317e-05
7.32172e-06
2.59969e-05
8.04063e-05
0.000134569
0.00017067
0.000194792
0.0001952
0.000175955
0.000146621
0.000113434
7.96503e-05
4.79746e-05
2.2396e-05
7.76968e-06
5.86991e-06
1.68693e-05
6.49348e-05
0.000180519
0.000276024
0.000267137
8.68367e-05
5.3889e-05
1.31079e-05
2.82336e-05
6.78476e-05
0.00015487
0.00024208
0.000315701
0.00037312
0.00042093
0.000425874
0.000375771
0.000326958
0.00028623
0.00024964
0.000212996
0.000172601
0.000123923
7.86009e-05
5.64717e-05
7.82609e-05
0.000146394
0.000250183
0.000428534
1.82246e-05
8.08757e-06
3.5035e-05
0.000129309
0.000235672
0.000324266
0.000386573
0.000425912
0.000450389
0.000470766
0.000458392
0.000415029
0.000388169
0.000364361
0.000338087
0.000306306
0.000264149
0.000182436
6.06619e-05
1.2943e-05
8.42778e-05
0.000172844
0.000266629
0.000373885
2.01261e-05
6.31263e-05
0.000187601
0.000296874
0.000371846
0.000413381
0.000429283
0.00043051
0.00042523
0.00041847
0.000393244
0.000360444
0.000344476
0.000335941
0.000324535
0.00030783
0.000280482
0.000242587
0.000197886
0.000143893
9.22e-05
6.55082e-05
8.87997e-05
0.000122478
9.09524e-05
0.000189174
0.00024888
0.000275996
0.000285462
0.000280463
0.000264503
0.00024052
0.000213299
0.000188531
0.00016223
0.000145324
0.000142901
0.000146455
0.000163747
0.000195804
0.000228506
0.00025418
0.000269517
0.000274267
0.000270172
0.000261216
0.000254874
0.00027309
2.33186e-05
1.40535e-05
3.63605e-06
4.02955e-05
0.000124724
0.000226671
0.000314523
0.000379986
0.00042464
0.000455863
0.00045132
0.00040684
0.00036765
0.000332182
0.000297714
0.000261259
0.000218773
0.000152062
6.85761e-05
4.63574e-05
9.36225e-05
0.000180009
0.000294443
0.000406454
5.72021e-05
0.0001068
0.000143323
0.000169888
0.000187936
0.000192124
0.000180099
0.00015342
0.000118651
8.72977e-05
6.29144e-05
5.44033e-05
5.00621e-05
4.94617e-05
6.81366e-05
0.000105131
0.000147064
0.000183463
0.000207718
0.000218529
0.000218263
0.000212377
0.000210818
0.000239187
0.000244196
0.00142533
0.00179773
0.0018576
0.00176084
0.00161591
0.00145686
0.00129902
0.00115119
0.00102258
0.000923488
0.000862291
0.000861725
0.000922201
0.00102091
0.00114943
0.00129742
0.0014556
0.00161508
0.00176051
0.0018578
0.00179934
0.00143211
0.000257622
0.000362011
0.000409429
0.000774992
0.000909461
0.000919059
0.000896469
0.000886953
0.000913409
0.000968052
0.00102865
0.00107408
0.00110334
0.00110355
0.00107454
0.00102912
0.000968437
0.000913723
0.000887247
0.000896739
0.000919252
0.000909576
0.000775104
0.000409617
0.000362215
0.00356357
0.00291873
0.00298887
0.00320049
0.00340914
0.00358981
0.00374571
0.00388128
0.00399512
0.00408196
0.00413821
0.0041654
0.00416543
0.00413827
0.00408197
0.00399504
0.00388112
0.0037455
0.00358957
0.00340891
0.0032003
0.00298875
0.00291871
0.00356372
0.00549482
0.00407414
0.004198
0.00447634
0.00475865
0.00501666
0.00523489
0.00540566
0.00552975
0.00561264
0.00566224
0.00568374
0.00568364
0.00566197
0.00561221
0.00552918
0.00540493
0.00523401
0.00501568
0.00475772
0.00447558
0.00419748
0.00407387
0.0054944
0.00559673
0.00436023
0.00466044
0.00509707
0.00555619
0.00598522
0.00633043
0.00656843
0.00671373
0.00679594
0.00684294
0.00686078
0.00686042
0.00684206
0.00679474
0.00671231
0.00656675
0.00632841
0.00598294
0.00555399
0.00509529
0.00465923
0.00435957
0.00559564
0.0054961
0.00448129
0.00466539
0.00497992
0.00533181
0.00567119
0.0059437
0.00612545
0.00623164
0.00629161
0.00633023
0.00634845
0.00634809
0.00632938
0.0062905
0.00623037
0.00612401
0.00594199
0.00566927
0.00532995
0.00497838
0.00466426
0.00448054
0.00549503
0.00149975
0.00245554
0.00281364
0.00297465
0.00302844
0.00304504
0.0031252
0.00335521
0.00373261
0.00414596
0.00447146
0.00464533
0.00464468
0.00446963
0.00414325
0.0037297
0.00335301
0.00312412
0.00304467
0.00302817
0.00297416
0.00281305
0.00245496
0.00149934
0.00151112
0.00235517
0.0027817
0.00292278
0.00301213
0.00310973
0.00319174
0.00325669
0.00328492
0.00327818
0.00324949
0.0032141
0.00321386
0.00324898
0.00327751
0.00328412
0.00325578
0.00319069
0.00310877
0.00301132
0.00292212
0.00278136
0.00235509
0.00151106
0.00210206
0.00226771
0.00248649
0.00257577
0.00255731
0.00250842
0.00244366
0.00237399
0.00230307
0.00223654
0.00218051
0.00214385
0.00214361
0.00218007
0.00223603
0.00230255
0.00237353
0.00244331
0.00250826
0.00255737
0.00257603
0.00248705
0.00226877
0.00210587
0.000267539
0.00131746
0.00167529
0.00170351
0.00156907
0.00138362
0.00118456
0.000990012
0.000811923
0.000656791
0.00053393
0.000453892
0.000452406
0.000531162
0.000653435
0.000808813
0.000987484
0.00118265
0.00138239
0.00156851
0.00170358
0.00167695
0.00132417
0.000274113
0.000239301
0.000209991
0.000125044
3.03237e-05
1.83113e-05
7.84825e-05
0.000151033
0.000222328
0.000273484
0.000310127
0.000313101
0.000285564
0.000247028
0.000204893
0.00016107
0.000115807
7.08824e-05
3.17159e-05
1.28614e-05
1.85267e-05
5.00657e-05
0.000131806
0.000227461
0.000279895
1.75012e-05
9.25072e-06
6.59628e-05
0.000173678
0.000275139
0.000351415
0.000402082
0.00043475
0.000454792
0.000469632
0.000453795
0.000406915
0.000376975
0.000355318
0.000331944
0.000302717
0.000261177
0.000178471
7.45155e-05
2.20021e-05
7.89238e-05
0.000158447
0.000242693
0.0003588
0.00155981
0.00219415
0.00256695
0.00261679
0.00259352
0.00259796
0.00260111
0.00259425
0.00256857
0.00252322
0.00246791
0.00241257
0.00241229
0.00246734
0.00252251
0.00256776
0.00259338
0.00260025
0.0025972
0.00259289
0.00261625
0.00256665
0.00219408
0.00155978
0.00503566
0.00374374
0.00382764
0.0040801
0.00433588
0.00456777
0.00476678
0.0049284
0.00505159
0.0051376
0.00519038
0.0052141
0.00521405
0.00519023
0.00513735
0.00505122
0.00492789
0.00476616
0.00456709
0.00433522
0.00407956
0.0038273
0.00374357
0.00503549
0.000178595
0.00121617
0.00169974
0.00194676
0.00208554
0.00217062
0.00224034
0.00231963
0.00240785
0.00248919
0.00254701
0.00257842
0.00257857
0.00254733
0.0024895
0.00240807
0.00231979
0.00224049
0.00217076
0.00208562
0.00194677
0.00169975
0.00121619
0.000178696
0.00512447
0.00434363
0.00460637
0.00498912
0.00541618
0.00582392
0.00614381
0.00635205
0.00647316
0.00654552
0.00659724
0.00662536
0.00662491
0.00659617
0.00654413
0.00647163
0.00635035
0.00614183
0.00582168
0.00541399
0.00498732
0.00460508
0.00434279
0.00512345
0.00454511
0.00417942
0.00453171
0.00497984
0.00547679
0.00594098
0.00628966
0.0065052
0.00663051
0.00671741
0.00679441
0.00684447
0.00684386
0.006793
0.00671565
0.00662871
0.00650338
0.00628764
0.00593867
0.00547448
0.00497792
0.00453033
0.00417851
0.00454429
0.00388689
0.00384089
0.00425271
0.00470598
0.00519088
0.00561804
0.00590401
0.00605216
0.00613613
0.00622071
0.00632315
0.00639701
0.00639623
0.00632137
0.00621861
0.00613422
0.00605055
0.00590242
0.00561617
0.00518889
0.00470425
0.00425142
0.00384002
0.00388632
0.000913359
0.00154158
0.0018296
0.00204809
0.00228619
0.00264
0.00313634
0.00367863
0.00413681
0.00445911
0.004647
0.00472556
0.00472536
0.00464641
0.00445811
0.00413538
0.00367688
0.00313464
0.0026389
0.00228573
0.00204783
0.00182927
0.00154105
0.000913172
0.00109387
0.00247112
0.00328909
0.00400149
0.00462664
0.00508071
0.00532756
0.00543935
0.00545401
0.00542218
0.00527416
0.00513447
0.0051342
0.00527379
0.00542233
0.00545404
0.00543906
0.00532679
0.00507964
0.00462537
0.0040006
0.00328879
0.00247172
0.00109423
0.00188145
0.00239275
0.00276919
0.00283274
0.00279836
0.00279514
0.00279327
0.00278646
0.00276525
0.00272716
0.00267895
0.00262794
0.00262764
0.00267834
0.00272639
0.00276438
0.00278555
0.00279239
0.00279435
0.00279772
0.0028322
0.00276886
0.00239261
0.00188141
0.00228407
0.00269763
0.00306807
0.00319375
0.00320994
0.00324121
0.00326956
0.00329158
0.00329861
0.00328845
0.00326514
0.00323507
0.00323481
0.00326458
0.00328772
0.00329776
0.00329068
0.00326868
0.00324042
0.00320928
0.00319322
0.00306772
0.00269745
0.00228404
0.00272403
0.00291571
0.00325246
0.00341856
0.00348235
0.00354083
0.00358972
0.0036291
0.00365168
0.00365596
0.00364537
0.00362604
0.00362582
0.00364485
0.00365527
0.00365087
0.00362823
0.00358886
0.00354005
0.00348168
0.00341804
0.00325209
0.00291548
0.00272401
0.00308251
0.00293657
0.00315678
0.00326295
0.00327885
0.00328009
0.00326972
0.00325365
0.00323065
0.00320256
0.00317298
0.00314886
0.00314868
0.0031726
0.00320207
0.00323011
0.00325308
0.00326917
0.00327961
0.00327847
0.00326268
0.00315662
0.00293652
0.00308272
0.00279607
0.00258447
0.0027853
0.00287426
0.00286736
0.00284056
0.00280113
0.00275727
0.00271012
0.00266335
0.00262144
0.00259184
0.00259165
0.00262109
0.00266292
0.00270965
0.00275682
0.00280073
0.00284027
0.0028672
0.0028742
0.00278539
0.00258476
0.00279696
0.00245756
0.00248535
0.00271532
0.00279587
0.00276411
0.00270981
0.00264492
0.00257781
0.00251077
0.00244816
0.00239515
0.00235981
0.0023596
0.00239477
0.00244772
0.00251032
0.00257739
0.00264459
0.00270962
0.00276411
0.00279601
0.0027157
0.00248606
0.00245938
0.00132765
0.00199833
0.00231199
0.00239851
0.00234196
0.00224821
0.00214178
0.0020342
0.00193075
0.00183798
0.00176329
0.00171664
0.00171635
0.0017627
0.00183727
0.00193003
0.00203354
0.00214132
0.00224802
0.00234215
0.00239902
0.00231314
0.00200098
0.00133533
0.0031094
0.00350107
0.00394359
0.00434615
0.0047254
0.00500524
0.00513772
0.0051785
0.00522958
0.00534408
0.00549783
0.00560866
0.00560783
0.00549589
0.00534179
0.00522765
0.00517727
0.00513691
0.00500433
0.00472421
0.00434495
0.00394259
0.00350033
0.003109
0.00131336
0.00278241
0.00334557
0.00365761
0.00395173
0.004231
0.00445338
0.004585
0.00462532
0.00460078
0.00454278
0.00448286
0.00448261
0.00454225
0.0046001
0.00462448
0.00458394
0.00445212
0.00422976
0.00395061
0.00365676
0.00334516
0.00278241
0.00131339
0.00286293
0.00285057
0.00310984
0.00320354
0.0031985
0.00319043
0.00317731
0.00316113
0.00313817
0.00310921
0.0030793
0.00305343
0.00305325
0.00307891
0.0031087
0.00313757
0.00316049
0.0031767
0.00318987
0.00319805
0.0032032
0.00310962
0.00285047
0.00286296
0.00303569
0.00285734
0.00307193
0.00315978
0.00315174
0.00312909
0.00309693
0.00306129
0.00302198
0.00298146
0.00294367
0.00291568
0.00291551
0.00294331
0.00298102
0.00302149
0.0030608
0.00309647
0.0031287
0.00315146
0.0031596
0.00307187
0.00285741
0.00303603
0.000577923
0.00162731
0.00197152
0.00205042
0.00198435
0.00187143
0.00174186
0.00161042
0.00148469
0.00137289
0.00128524
0.00123127
0.00123089
0.00128436
0.00137177
0.00148352
0.00160934
0.00174103
0.00187094
0.00198429
0.0020508
0.00197303
0.00163238
0.000588868
0.000259733
0.00132373
0.00167069
0.00171649
0.00161021
0.0014552
0.00128567
0.00111836
0.000964656
0.000831728
0.000728964
0.000664654
0.000663884
0.000727334
0.000829642
0.000962517
0.00111646
0.00128414
0.00145418
0.00160974
0.00171659
0.00167222
0.00133018
0.000270205
0.000330958
0.000723089
0.00086663
0.000759719
0.000550022
0.000329325
0.00015048
4.34074e-05
3.79539e-05
4.16925e-05
3.8328e-05
3.26141e-05
2.70832e-05
2.39023e-05
2.41228e-05
2.53411e-05
5.43479e-05
0.000159511
0.000335802
0.000555063
0.000764128
0.000871184
0.000728923
0.00033479
0.00294638
0.00294847
0.00317324
0.00325292
0.00322857
0.00319043
0.00314424
0.00309604
0.00304615
0.00299736
0.00295383
0.00292291
0.00292273
0.00295347
0.00299692
0.00304567
0.00309557
0.00314382
0.00319009
0.00322836
0.00325281
0.00317326
0.00294865
0.00294684
0.0030661
0.00287737
0.00309354
0.00319252
0.00319896
0.00318969
0.00316907
0.00314344
0.00311213
0.00307746
0.00304332
0.00301686
0.00301668
0.00304295
0.00307698
0.0031116
0.0031429
0.00316855
0.00318925
0.00319862
0.00319229
0.00309342
0.00287738
0.00306637
0.00564941
0.00410474
0.00430403
0.00464913
0.00500096
0.00532496
0.00559364
0.0057933
0.00592855
0.00601273
0.00606126
0.00608052
0.00608033
0.00606078
0.00601204
0.00592768
0.00579223
0.00559234
0.00532351
0.00499955
0.00464798
0.00430325
0.00410431
0.00564867
0.00575469
0.00447362
0.00469302
0.00505842
0.0054369
0.00578757
0.00607424
0.00628048
0.00641439
0.00649475
0.00654093
0.00655927
0.00655902
0.0065403
0.00649387
0.0064133
0.00627916
0.00607264
0.00578578
0.00543518
0.00505701
0.00469204
0.00447307
0.00575378
0.00106217
0.00188553
0.00214118
0.00223126
0.00228967
0.0024302
0.00274325
0.00320351
0.00370499
0.00412912
0.0044118
0.00454507
0.00454463
0.00441053
0.00412713
0.00370257
0.00320125
0.00274174
0.00242954
0.00228947
0.00223096
0.00214066
0.00188484
0.00106187
0.000312781
0.000469627
0.000421298
0.000234696
7.73693e-05
1.8481e-05
1.25728e-05
2.78152e-05
4.5791e-05
5.76567e-05
5.85556e-05
5.13027e-05
3.9483e-05
2.68309e-05
1.62831e-05
9.507e-06
6.75472e-06
8.43292e-06
2.31732e-05
8.77029e-05
0.000245728
0.000429565
0.000474512
0.000312577
0.000259537
0.000321514
0.00022242
7.68516e-05
1.19886e-05
1.58016e-05
5.65515e-05
0.00010409
0.000137535
0.000158721
0.000158619
0.000141601
0.000115366
8.55771e-05
5.61988e-05
3.07385e-05
1.29091e-05
5.25741e-06
5.98619e-06
2.03753e-05
8.45255e-05
0.000224305
0.000321189
0.000258644
0.000237745
0.000242629
0.000145604
3.46448e-05
5.22407e-06
6.02471e-05
0.000131025
0.00019872
0.00024415
0.000273292
0.000272664
0.000248308
0.00021373
0.00017445
0.000132413
8.90893e-05
4.81773e-05
1.71671e-05
8.30303e-06
1.68576e-05
5.18262e-05
0.000147313
0.000249058
0.000259894
0.000230021
0.000188351
0.000110765
2.62604e-05
3.3291e-05
9.093e-05
0.000163095
0.000238624
0.000297428
0.000345848
0.000355431
0.000321623
0.00027479
0.000226801
0.000180213
0.000134225
8.87843e-05
4.6514e-05
1.98767e-05
2.17199e-05
5.17391e-05
0.000127464
0.000222037
0.000298354
0.00017947
0.000123649
4.95635e-05
3.57498e-05
6.24984e-05
0.000119162
0.000210037
0.000289062
0.000343839
0.000393191
0.000399015
0.000361481
0.000318593
0.00027774
0.000236277
0.000191091
0.000140972
8.75263e-05
4.3178e-05
3.83266e-05
6.69108e-05
0.000139915
0.000242116
0.000390067
1.72793e-05
1.23633e-05
9.9427e-05
0.000214881
0.000311607
0.000378487
0.000419088
0.000441653
0.000453572
0.000461148
0.000441732
0.000398103
0.000371777
0.000354149
0.000333683
0.00030645
0.000265204
0.000189849
0.000112481
5.37463e-05
7.10094e-05
0.000139656
0.000212525
0.000302819
3.83297e-05
0.000181509
0.000293188
0.000360548
0.000392705
0.000396533
0.000380141
0.000353226
0.00032329
0.000297523
0.000269461
0.000252868
0.000250848
0.000254087
0.000261877
0.000278747
0.000295341
0.000304048
0.000301896
0.000287386
0.000260948
0.000225866
0.000190306
0.000165313
0.00309421
0.00291076
0.00313507
0.00325737
0.00329289
0.003313
0.00331914
0.00331757
0.00330634
0.00328699
0.003263
0.00324133
0.00324115
0.00326261
0.00328647
0.00330575
0.00331695
0.00331853
0.00331246
0.00329244
0.00325704
0.00313484
0.00291065
0.00309437
0.00268655
0.00262266
0.00283737
0.00292166
0.00290207
0.00286215
0.00281109
0.00275689
0.00270109
0.00264753
0.00260089
0.00256885
0.00256866
0.00260053
0.00264709
0.00270063
0.00275646
0.00281072
0.0028619
0.00290197
0.00292168
0.00283757
0.00262309
0.00268768
0.00533306
0.00442817
0.00463903
0.00497975
0.0053615
0.00572793
0.00602012
0.00621537
0.00633194
0.0064015
0.00644887
0.00647381
0.00647341
0.00644793
0.00640027
0.00633054
0.00621379
0.00601828
0.00572585
0.00535948
0.00497809
0.00463783
0.00442738
0.00533202
0.00227566
0.00305832
0.00348152
0.00378168
0.00404375
0.00424366
0.0043606
0.00448298
0.00467979
0.00494134
0.00519102
0.00534567
0.00534501
0.00518931
0.00493908
0.00467765
0.00448151
0.00435982
0.00424314
0.00404312
0.00378109
0.00348093
0.00305778
0.00227525
0.00302944
0.00289623
0.00314329
0.00326565
0.00329388
0.00331023
0.00331506
0.00331329
0.00330189
0.00328183
0.00325684
0.00323383
0.00323364
0.00325642
0.00328128
0.00330126
0.00331262
0.0033144
0.00330964
0.00329339
0.00326527
0.00314302
0.00289609
0.00302953
0.000375623
0.00149601
0.00185614
0.0019262
0.00184747
0.00172097
0.0015786
0.00143539
0.00129962
0.00118061
0.00108885
0.00103249
0.00103206
0.00108784
0.00117929
0.0012982
0.00143409
0.00157757
0.00172033
0.00184729
0.0019265
0.0018577
0.00150252
0.000386809
0.000330247
0.00110079
0.00142055
0.00140091
0.00122196
0.000993797
0.000758289
0.000540658
0.00035479
0.000203263
9.18448e-05
3.02669e-05
2.89133e-05
8.68113e-05
0.000196323
0.000349328
0.000537065
0.000755952
0.000992614
0.00122171
0.00140142
0.00142265
0.00110744
0.000334739
0.0002857
0.000857912
0.00107099
0.000980022
0.000759167
0.000511213
0.000288505
0.000118713
2.07095e-05
2.47067e-05
2.81466e-05
2.42512e-05
2.00023e-05
1.69288e-05
1.40351e-05
3.18818e-05
0.000126022
0.000293529
0.000515368
0.000762907
0.0009837
0.00107535
0.000864773
0.000290023
0.00185195
0.00223136
0.00248076
0.00256922
0.00253697
0.00247212
0.00239249
0.00230926
0.00222665
0.00215059
0.0020877
0.00204734
0.00204707
0.00208722
0.00215003
0.00222608
0.00230876
0.00239213
0.00247197
0.00253711
0.00256958
0.00248152
0.00223281
0.00185697
0.00278315
0.00285794
0.00316759
0.00330429
0.00333675
0.00336422
0.0033837
0.00339635
0.00339633
0.00338363
0.00336458
0.00334251
0.0033423
0.00336413
0.00338302
0.00339559
0.00339556
0.00338293
0.00336352
0.00333616
0.00330383
0.00316728
0.00285776
0.00278315
0.00125272
0.00215523
0.00243624
0.00251094
0.00251922
0.00255208
0.00271509
0.00305027
0.00349778
0.00392803
0.00423924
0.00439554
0.00439499
0.00423767
0.00392562
0.00349504
0.00304799
0.00271383
0.00255164
0.00251901
0.00251056
0.00243569
0.00215458
0.00125234
0.00158375
0.00212311
0.00240508
0.00249249
0.00244695
0.00236668
0.00227277
0.00217651
0.00208268
0.00199761
0.00192832
0.00188454
0.00188426
0.00192778
0.00199698
0.00208205
0.00217592
0.00227237
0.00236653
0.00244715
0.00249294
0.00240604
0.00212505
0.00159019
0.00214736
0.00315475
0.0036801
0.00406274
0.00435398
0.0045213
0.00460315
0.00473554
0.00498574
0.00531701
0.00562323
0.00580743
0.00580663
0.00562115
0.0053142
0.00498302
0.00473368
0.00460226
0.00452087
0.00435339
0.00406201
0.00367942
0.00315419
0.00214693
0.00237584
0.00236481
0.00258103
0.00266511
0.0026431
0.00259531
0.00253444
0.00246999
0.00240463
0.00234313
0.00229092
0.00225618
0.00225597
0.00229052
0.00234267
0.00240416
0.00246956
0.00253411
0.00259512
0.00264311
0.00266526
0.00258142
0.00236557
0.00237818
0.00532486
0.00371287
0.0038154
0.00408805
0.00436545
0.00461903
0.00483488
0.00500552
0.00513091
0.00521539
0.00526614
0.00528806
0.00528797
0.0052659
0.00521503
0.00513041
0.00500487
0.00483409
0.00461815
0.00436461
0.00408735
0.00381493
0.00371262
0.00532452
4.50161e-05
2.86752e-05
5.45935e-06
2.6316e-05
9.12769e-05
0.000189685
0.000275983
0.000346386
0.000399293
0.000439509
0.000439462
0.000392542
0.000349269
0.000312046
0.000276664
0.000239147
0.000196541
0.000138888
7.72579e-05
5.78306e-05
8.99625e-05
0.000166032
0.000277334
0.000424385
0.00336305
0.00361351
0.00403361
0.00443812
0.00483604
0.00514675
0.00530895
0.00536028
0.00539673
0.00548206
0.00560885
0.00570321
0.00570237
0.00560693
0.00547983
0.00539486
0.005359
0.00530795
0.00514557
0.00483461
0.00443674
0.0040325
0.00361271
0.00336262
0.00257005
0.00325653
0.00371598
0.00408055
0.00439535
0.00461333
0.00471294
0.0047805
0.00490835
0.0051118
0.00533011
0.00547357
0.00547281
0.00532826
0.00510947
0.00490627
0.00477918
0.00471228
0.00461282
0.00439462
0.00407975
0.00371527
0.00325593
0.00256967
0.000294022
0.000738721
0.000859202
0.000711712
0.000465983
0.000229081
7.01494e-05
2.05778e-05
2.45239e-05
2.47392e-05
2.44997e-05
2.15053e-05
1.6933e-05
1.33736e-05
1.22781e-05
1.40239e-05
2.38376e-05
8.65426e-05
0.000242507
0.00047553
0.000718994
0.000865608
0.000745398
0.000297435
0.00560903
0.00411384
0.00427081
0.00458075
0.00489615
0.00518565
0.00542796
0.0056125
0.00574181
0.00582514
0.00587405
0.00589438
0.00589424
0.00587368
0.00582459
0.00574109
0.00561159
0.00542687
0.00518443
0.00489498
0.00457979
0.00427016
0.00411349
0.00560845
7.34308e-05
0.000199137
0.000282767
0.000326638
0.000344299
0.000340882
0.000324125
0.000299913
0.000273912
0.000250322
0.000222396
0.000200268
0.000195579
0.00019784
0.000210422
0.000237785
0.000264089
0.000282802
0.000291024
0.000288247
0.000275684
0.000257005
0.000240066
0.000243984
0.00134616
0.0018715
0.00216034
0.00238483
0.00255348
0.0026776
0.00278109
0.00288179
0.0029798
0.00306358
0.00312128
0.00315135
0.00315146
0.00312151
0.00306379
0.00297994
0.00288187
0.00278115
0.00267765
0.00255348
0.0023848
0.00216032
0.00187153
0.00134625
8.2688e-05
0.000166628
0.000217338
0.000243771
0.000255405
0.000251567
0.000234128
0.000205328
0.000170597
0.000138991
0.000112796
0.000100301
9.74776e-05
9.90128e-05
0.000118514
0.000155795
0.000195804
0.000229104
0.000250996
0.000261151
0.000261911
0.000257991
0.000257253
0.000268902
0.00282956
0.00335476
0.00379438
0.00416801
0.00450243
0.00473412
0.00483016
0.00486272
0.00493337
0.00507985
0.00525937
0.00538388
0.00538309
0.00525748
0.00507756
0.00493142
0.00486154
0.00482952
0.00473349
0.00450152
0.00416704
0.00379354
0.00335409
0.00282918
0.000260541
0.000258364
0.000159597
4.33461e-05
4.39967e-06
3.97113e-05
0.000101927
0.000160885
0.000200332
0.000227642
0.000228951
0.000206871
0.000174063
0.000138104
0.000101162
6.47524e-05
3.2758e-05
1.14298e-05
6.75368e-06
1.59281e-05
5.60686e-05
0.000160126
0.000258196
0.0002688
0.00479847
0.00439356
0.00467803
0.00506581
0.00549711
0.00590362
0.00621629
0.00641739
0.00653791
0.00661896
0.00668574
0.00672806
0.00672754
0.00668455
0.00661746
0.00653632
0.00641572
0.00621441
0.00590149
0.005495
0.00506404
0.00467672
0.00439266
0.0047976
0.00112101
0.00279719
0.00343107
0.00377486
0.00410213
0.00438159
0.00455614
0.00462038
0.00456108
0.00442211
0.00426014
0.00413164
0.00413138
0.00425967
0.00442161
0.00456048
0.00461951
0.00455496
0.00438035
0.00410085
0.00377385
0.00343054
0.00279732
0.00112104
0.00283058
0.00284061
0.00312062
0.00323264
0.00324422
0.00325167
0.00325281
0.00324922
0.00323631
0.00321453
0.00318947
0.00316538
0.00316519
0.00318905
0.00321398
0.00323565
0.00324852
0.00325213
0.00325106
0.00324371
0.00323224
0.00312036
0.00284047
0.00283059
0.0027774
0.00277787
0.0030005
0.00308346
0.00306088
0.00302192
0.00297288
0.0029211
0.00286756
0.00281572
0.00277004
0.00273815
0.00273796
0.00276969
0.00281528
0.0028671
0.00292065
0.00297248
0.00302163
0.00306072
0.00308342
0.00300062
0.00277817
0.00277815
0.00465753
0.00352666
0.00360106
0.00383172
0.00406276
0.00426951
0.00444814
0.00459745
0.0047158
0.00480149
0.00485524
0.00488027
0.00488025
0.00485518
0.00480135
0.00471555
0.00459711
0.00444771
0.00426904
0.00406231
0.00383135
0.00360083
0.00352657
0.00465752
2.7549e-05
0.000146407
0.000269102
0.000353088
0.000399164
0.000413406
0.000405664
0.000387036
0.000365192
0.000345508
0.000317611
0.000295759
0.00029001
0.000290047
0.000291323
0.000295297
0.000298029
0.000293599
0.0002782
0.000249244
0.000207156
0.000156371
0.000106636
6.47397e-05
2.42488e-05
0.000104717
0.000231616
0.00032932
0.000389693
0.000417172
0.000420553
0.000411568
0.000398182
0.000385086
0.000358198
0.00033063
0.00032
0.000316072
0.000310783
0.000303261
0.000290164
0.00026996
0.000239796
0.000196269
0.000142551
8.55736e-05
3.77658e-05
3.59704e-05
0.00566957
0.00424089
0.00450594
0.0049129
0.00533735
0.00573259
0.00605275
0.00627709
0.00641708
0.00649769
0.00654345
0.00656071
0.0065604
0.00654269
0.00649664
0.00641581
0.00627556
0.00605091
0.00573053
0.00533536
0.00491128
0.00450482
0.00424027
0.00566853
0.000318751
0.000531609
0.000514774
0.00032644
0.000130604
2.81839e-05
8.93612e-06
1.67968e-05
2.94393e-05
3.94199e-05
4.06985e-05
3.57492e-05
2.71831e-05
1.81799e-05
1.12635e-05
7.71111e-06
7.10154e-06
1.5963e-05
4.01945e-05
0.00014465
0.000338058
0.000523296
0.000537248
0.00031965
0.00032979
0.000610795
0.000633665
0.000454425
0.000228997
6.72799e-05
1.8267e-05
1.29643e-05
1.77075e-05
2.44532e-05
2.59912e-05
2.33028e-05
1.79064e-05
1.24632e-05
8.93908e-06
8.15e-06
1.0989e-05
2.33015e-05
8.10398e-05
0.000242576
0.000464857
0.000641526
0.000616805
0.000331843
0.00177682
0.00238862
0.00277497
0.00285118
0.00283786
0.00285391
0.00286974
0.00287727
0.00286715
0.00283691
0.00279372
0.00274531
0.00274501
0.0027931
0.00283613
0.00286627
0.00287632
0.00286882
0.00285309
0.0028372
0.00285062
0.00277463
0.00238848
0.00177678
0.00166439
0.00232978
0.00271912
0.00279357
0.00278669
0.00280877
0.00282983
0.00284068
0.00283216
0.00280217
0.00275866
0.00270986
0.00270957
0.00275805
0.0028014
0.00283128
0.00283974
0.00282892
0.00280796
0.00278603
0.00279302
0.00271879
0.00232966
0.00166435
0.00567107
0.00482701
0.00498283
0.00527026
0.00559128
0.00590092
0.00615291
0.00632604
0.00643122
0.006492
0.00652968
0.00654705
0.00654674
0.00652894
0.00649101
0.00643006
0.00632469
0.00615132
0.00589914
0.00558956
0.00526883
0.00498177
0.0048263
0.00567005
0.000117651
8.56843e-05
2.27142e-05
3.184e-05
6.37022e-05
0.000137225
0.000236712
0.000314292
0.000370274
0.000413407
0.000416093
0.000378161
0.000336498
0.000296359
0.000255982
0.000212698
0.000164445
0.000110132
6.01714e-05
4.74497e-05
7.62237e-05
0.000149729
0.000257912
0.000392908
0.00234488
0.00281384
0.00314674
0.00324542
0.00323882
0.00324459
0.00324805
0.00324756
0.00323611
0.00321274
0.00318145
0.00314914
0.0031489
0.00318095
0.00321209
0.00323536
0.00324676
0.00324727
0.00324389
0.00323825
0.00324496
0.00314645
0.0028137
0.00234486
0.000186642
0.000165754
9.08875e-05
1.60436e-05
4.48432e-05
9.88347e-05
0.000173834
0.000254462
0.000316277
0.000369179
0.00038132
0.000341783
0.000290647
0.000239987
0.000192173
0.000146222
0.000100914
5.74041e-05
2.5556e-05
2.66917e-05
5.86087e-05
0.000135397
0.0002359
0.000290455
0.00258482
0.00246858
0.00261572
0.00282749
0.00301739
0.0031722
0.0033041
0.00342382
0.00353078
0.00361673
0.00367408
0.00370286
0.00370294
0.00367422
0.00361684
0.00353082
0.0034238
0.00330404
0.00317212
0.00301729
0.00282739
0.00261566
0.0024686
0.002585
0.0014851
0.00216383
0.00251444
0.00261282
0.00265691
0.00270727
0.00274533
0.00276782
0.0027639
0.00273574
0.0026947
0.0026546
0.00265438
0.00269425
0.00273515
0.00276321
0.00276704
0.00274449
0.0027065
0.00265627
0.00261229
0.00251418
0.00216378
0.00148506
0.000234314
0.000149313
7.31098e-05
3.23887e-05
5.84558e-05
0.000110095
0.000194597
0.000280455
0.000337533
0.000383031
0.000385759
0.000353848
0.000313146
0.000269273
0.000222066
0.000170245
0.000114117
5.84131e-05
2.58057e-05
3.27886e-05
6.08734e-05
0.000132858
0.00022758
0.000376331
0.000284178
0.00107122
0.00138962
0.0013407
0.00112639
0.000864247
0.000603552
0.00037375
0.000192174
6.92144e-05
2.57518e-05
3.10459e-05
3.00193e-05
2.87951e-05
6.56191e-05
0.000186837
0.000370387
0.000601802
0.000863776
0.00112689
0.00134198
0.0013925
0.00107851
0.000289455
0.00258492
0.00252826
0.00274492
0.00282861
0.00280716
0.00276342
0.00270788
0.00264905
0.00258891
0.00253166
0.00248232
0.00244884
0.00244864
0.00248195
0.00253121
0.00258845
0.00264863
0.00270753
0.00276319
0.0028071
0.00282867
0.00274518
0.0025288
0.00258638
2.58689e-05
7.44943e-05
0.0001103
0.000143269
0.000174992
0.000193709
0.000189301
0.000156974
0.000104317
5.51869e-05
2.79528e-05
2.94324e-05
2.5939e-05
1.91411e-05
2.78988e-05
6.80144e-05
0.000123041
0.000174482
0.000208991
0.00022038
0.000209469
0.000182945
0.00015096
0.000110816
0.00553414
0.00435972
0.00465961
0.00509916
0.00556909
0.00601177
0.00636621
0.00660637
0.00674929
0.00682854
0.00687448
0.00689228
0.00689188
0.00687352
0.00682724
0.00674777
0.00660459
0.00636408
0.00600937
0.00556678
0.0050973
0.00465835
0.00435904
0.00553303
0.000975092
0.00200268
0.00239524
0.0024874
0.00241072
0.00229185
0.00216052
0.0020292
0.00190431
0.00179325
0.0017047
0.00164987
0.00164953
0.00170397
0.00179236
0.00190339
0.00202836
0.00215991
0.00229157
0.0024109
0.00248799
0.00239692
0.00200653
0.00098391
0.00260887
0.0029001
0.00325405
0.00341764
0.00347343
0.00352904
0.00357697
0.00361622
0.0036387
0.00364244
0.00363075
0.00360986
0.00360962
0.00363021
0.00364172
0.00363786
0.00361531
0.00357608
0.00352823
0.00347275
0.0034171
0.00325368
0.00289987
0.00260884
0.00164118
0.00249637
0.00282104
0.00297341
0.00300583
0.00295643
0.00301928
0.0031857
0.00346173
0.00377915
0.00404114
0.0041864
0.00418588
0.0040397
0.00377705
0.00345952
0.00318407
0.00301844
0.00295605
0.00300567
0.00297298
0.00282049
0.00249583
0.00164076
0.000296091
0.000426077
0.000351113
0.000168571
4.4871e-05
1.03304e-05
1.96183e-05
4.37261e-05
6.70953e-05
8.15635e-05
8.19273e-05
7.16209e-05
5.54599e-05
3.78919e-05
2.24879e-05
1.17109e-05
6.46634e-06
5.82731e-06
1.36265e-05
5.28699e-05
0.00017787
0.000357931
0.000429559
0.000294736
0.000943871
0.00195735
0.00251559
0.00302235
0.00353888
0.00402879
0.00441729
0.00468209
0.00480392
0.00483026
0.00479225
0.00474203
0.0047419
0.00479205
0.0048301
0.00480357
0.00468131
0.00441591
0.00402719
0.0035373
0.00302121
0.00251499
0.00195725
0.000944333
0.000275583
0.00125336
0.0016242
0.00162787
0.00145903
0.00123822
0.00100663
0.000784243
0.000583859
0.000411082
0.000273507
0.000182521
0.000179955
0.000268877
0.000405588
0.000579317
0.000780995
0.00100444
0.00123696
0.00145858
0.00162812
0.00162617
0.00126053
0.000280292
0.000255514
0.000587123
0.000618746
0.000502378
0.000388827
0.000305519
0.000250673
0.00021028
0.000174372
0.00014013
0.000109915
9.46802e-05
9.48417e-05
0.000110274
0.000140649
0.000175027
0.000211037
0.000251494
0.000306367
0.000389663
0.000503158
0.000619454
0.000587666
0.000255743
0.000732248
0.00259756
0.00313079
0.00321162
0.00326236
0.00325715
0.00315353
0.00300387
0.00276484
0.00247537
0.00231611
0.00222132
0.00222102
0.0023155
0.00247417
0.00276369
0.00300251
0.00315176
0.00325534
0.00326025
0.00320988
0.00312963
0.00259772
0.000731897
0.000314583
0.000496541
0.000566306
0.000569283
0.000507556
0.000443315
0.000406755
0.000403262
0.000421669
0.000446449
0.000465764
0.000485459
0.000485689
0.00046627
0.000447023
0.00042223
0.000403794
0.000407269
0.000443796
0.000507971
0.000569622
0.00056662
0.000496829
0.000314783
0.00208154
0.00252484
0.00279214
0.00287958
0.00283858
0.00276914
0.00268737
0.00260329
0.00252032
0.00244388
0.00238025
0.0023388
0.00233855
0.0023798
0.00244335
0.00251979
0.00260283
0.00268703
0.00276899
0.00283868
0.00287988
0.00279278
0.00252603
0.00208479
0.00361307
0.00374337
0.0040886
0.00444586
0.00480646
0.00510414
0.00528282
0.00536108
0.00541001
0.00548514
0.0055891
0.00566731
0.00566661
0.0055875
0.00548327
0.0054084
0.00535989
0.00528178
0.00510293
0.00480507
0.00444456
0.00408756
0.0037426
0.00361259
0.00414696
0.00417405
0.004518
0.00491508
0.0053427
0.00572731
0.00599808
0.00615049
0.00623857
0.00631585
0.00640151
0.0064629
0.00646225
0.00640002
0.00631407
0.00623689
0.00614898
0.00599653
0.00572552
0.00534083
0.00491346
0.00451676
0.00417318
0.00414633
0.000870829
0.00177513
0.00208407
0.00216925
0.00211634
0.00201804
0.00190216
0.00178329
0.00166835
0.00156528
0.00148406
0.00143383
0.0014335
0.00148331
0.00156433
0.00166736
0.00178238
0.00190147
0.00201766
0.00211637
0.00216967
0.00208548
0.00177893
0.000881154
0.00504412
0.00462226
0.0048467
0.00517647
0.00554421
0.00589376
0.00616894
0.00635252
0.00646594
0.00654053
0.00659767
0.00663262
0.0066322
0.00659669
0.00653926
0.00646455
0.006351
0.00616721
0.00589182
0.0055423
0.00517484
0.00484547
0.00462137
0.0050432
0.000271692
0.000379157
0.000285127
0.000115222
2.34501e-05
1.00104e-05
3.35989e-05
7.00545e-05
9.93239e-05
0.000117201
0.000117041
0.000102964
8.12428e-05
5.71095e-05
3.47048e-05
1.74132e-05
7.48537e-06
4.87899e-06
8.14482e-06
3.08135e-05
0.000122779
0.000289391
0.000380578
0.000269835
0.00574775
0.00482354
0.00501557
0.0053426
0.00567683
0.0059843
0.00623874
0.0064282
0.00655744
0.00663893
0.00668657
0.00670647
0.00670628
0.0066861
0.00663824
0.00655656
0.00642711
0.00623743
0.00598284
0.00567542
0.00534144
0.00501476
0.00482309
0.00574702
0.00292077
0.00309555
0.00335741
0.00345606
0.00344965
0.00343712
0.00341771
0.00339499
0.00336593
0.00333174
0.00329692
0.00326835
0.00326816
0.00329651
0.0033312
0.00336531
0.00339434
0.00341708
0.00343656
0.00344919
0.00345572
0.0033572
0.00309547
0.00292085
0.00277947
0.00300744
0.00324987
0.00332211
0.00327917
0.00322375
0.00316177
0.00309932
0.00303724
0.00297874
0.0029283
0.00289368
0.00289349
0.00292795
0.00297831
0.00303678
0.00309888
0.00316138
0.00322347
0.00327903
0.00332208
0.00325
0.00300776
0.0027801
1.00758e-05
5.42028e-06
9.34734e-06
7.40673e-05
0.000179562
0.000289933
0.000378322
0.00043715
0.000470218
0.000489994
0.000480713
0.000450452
0.000423612
0.000393509
0.000358959
0.000319122
0.000270649
0.000183543
5.65356e-05
2.48082e-05
9.83182e-05
0.000206172
0.00032175
0.000339013
0.00297481
0.00318611
0.00343989
0.00354329
0.00354318
0.00353278
0.00351314
0.0034893
0.0034592
0.00342452
0.0033894
0.00336124
0.00336105
0.00338899
0.003424
0.0034586
0.00348867
0.00351254
0.00353225
0.00354275
0.00354298
0.0034397
0.00318605
0.00297496
0.000313046
0.000665442
0.00123682
0.00146921
0.00154693
0.0015736
0.00159846
0.0016514
0.00172804
0.00180628
0.00186354
0.00189664
0.00189684
0.00186397
0.0018067
0.00172836
0.00165165
0.0015987
0.00157382
0.00154707
0.00146927
0.00123689
0.000665416
0.000313255
0.0019628
0.00239614
0.00274061
0.00277865
0.00273265
0.00272042
0.00270978
0.00269608
0.00267165
0.00263485
0.00259098
0.00254713
0.00254687
0.00259045
0.00263418
0.0026709
0.00269529
0.00270902
0.00271975
0.0027321
0.00277815
0.0027403
0.00239603
0.00196276
0.00150673
0.00215648
0.00252392
0.00258751
0.00258573
0.0026043
0.00261774
0.00261814
0.00259647
0.00255321
0.00249937
0.0024467
0.00244644
0.00249884
0.00255254
0.0025957
0.0026173
0.00261689
0.00260354
0.00258509
0.00258697
0.00252363
0.00215642
0.0015067
0.00199041
0.00257356
0.00287593
0.00289944
0.00284214
0.00281129
0.00278177
0.002751
0.00271297
0.00266743
0.00261935
0.0025763
0.00257606
0.00261888
0.00266684
0.00271231
0.0027503
0.00278111
0.00281071
0.00284166
0.00289902
0.00287569
0.00257348
0.00199039
0.000676769
0.00115168
0.00142086
0.00167705
0.00197479
0.00229147
0.00260703
0.00289502
0.00311155
0.00322905
0.00327073
0.00327097
0.00327085
0.00327046
0.00322866
0.00311093
0.00289409
0.00260604
0.00229052
0.00197402
0.00167654
0.00142059
0.00115147
0.00067693
0.000279786
0.00098583
0.00123171
0.00116321
0.000950753
0.000698209
0.000456051
0.000249198
9.48984e-05
6.46389e-06
1.84055e-05
1.80256e-05
1.5622e-05
1.10943e-05
1.3462e-05
9.51549e-05
0.000249735
0.000457258
0.000699929
0.000952826
0.00116568
0.00123526
0.000992753
0.000284913
)
;
    }
    outlet
    {
        type            inletOutlet;
        inletValue      uniform 0.00505;
        value           nonuniform List<scalar> 
96
(
0.0185104
0.00902723
0.00650931
0.00646157
0.00699954
0.00764215
0.00829665
0.00886201
0.00935205
0.00977984
0.0100797
0.010187
0.01021
0.0101454
0.00989418
0.00948215
0.00895317
0.00832906
0.00763515
0.00698173
0.0064519
0.00651429
0.00905046
0.0185203
0.0152911
0.00948173
0.00809567
0.008658
0.00958094
0.0104101
0.0112024
0.0118952
0.0124624
0.0129057
0.0131774
0.0132612
0.013318
0.0133358
0.0131445
0.0127084
0.012061
0.0112569
0.0103843
0.00953358
0.00863139
0.00810554
0.00953281
0.0153118
0.0185753
0.0109745
0.00793555
0.00719175
0.00734677
0.00784968
0.00841184
0.00879324
0.0090718
0.00928878
0.00943539
0.00948342
0.00949013
0.00944888
0.00931643
0.00910833
0.00882505
0.00843379
0.00786372
0.00735342
0.00719484
0.00793841
0.0109794
0.0185798
0.00864983
0.00943325
0.0100518
0.0109658
0.0117613
0.0123053
0.0127208
0.013019
0.0131692
0.0131426
0.0129742
0.0128106
0.0128706
0.0131194
0.0133323
0.0133557
0.0131767
0.0128259
0.0123526
0.0117751
0.0109743
0.0100745
0.00948459
0.00868461
)
;
    }
    inlet
    {
        type            fixedValue;
        value           uniform 0.00505;
    }
}


// ************************************************************************* //
