candidate,scale_n1,scale_n2,scale_n3,volume_compensation,surface_displacement_rms_m,surface_displacement_max_m,surface_displacement_rms_over_a,surface_displacement_max_over_a,volume_m3,volume_change_percent,surface_area_m2,surface_area_change_percent,minor_radius_m,aspect_ratio,aspect_ratio_change_percent,orientation,min_clearance_m,max_standoff_m,robust_peak_over_mean,valid_geometry,lambda_3p0cm_peak_over_mean,lambda_3p0cm_peak_phi_rad,lambda_5p9cm_peak_over_mean,lambda_5p9cm_peak_phi_rad,lambda_11p6cm_peak_over_mean,lambda_11p6cm_peak_phi_rad
0.000000000000000000e+00,8.199999999999999512e-01,8.199999999999999512e-01,8.199999999999999512e-01,9.688625358210454230e-01,7.244202287862125389e-02,1.193330517496013349e-01,1.432025853470305643e-01,2.358962498400505869e-01,2.784796326370586073e+01,6.439293542825907934e-13,1.267888886269035993e+02,-5.921980031266949496e+00,5.053641402579894804e-01,1.093076180485552484e+01,3.011391501855253949e-01,1.000000000000000000e+00,7.848426000478170295e-02,2.699997837990384397e-01,2.837806463335499796e+00,1.000000000000000000e+00,2.837806463335499796e+00,6.544984694978735369e-03,2.052258051155209984e+00,6.544984694978735369e-03,1.510820785033929692e+00,1.230457122656002156e+00
1.000000000000000000e+00,8.199999999999999512e-01,8.633333333333332860e-01,8.199999999999999512e-01,9.698270179599947083e-01,7.159736908934553890e-02,1.147166341105680248e-01,1.415328831280558974e-01,2.267705667809390424e-01,2.784796326370586073e+01,6.439293542825907934e-13,1.271125136570744019e+02,-5.681848562488300836e+00,5.053787031360740256e-01,1.092981689702542702e+01,2.924686354087269180e-01,1.000000000000000000e+00,7.644840747913228540e-02,2.681545809220295951e-01,2.893867813452005500e+00,1.000000000000000000e+00,2.893867813452005500e+00,6.544984694978735369e-03,2.080096191826541485e+00,6.544984694978735369e-03,1.521134473056457992e+00,1.963495408493620697e-02
2.000000000000000000e+00,8.199999999999999512e-01,9.066666666666666208e-01,8.199999999999999512e-01,9.708422256307828180e-01,7.083581378208642088e-02,1.105296973907321650e-01,1.400274490643635128e-01,2.184938768275189735e-01,2.784796326370589270e+01,7.549516567451064475e-13,1.274542315782818775e+02,-5.428292073720331068e+00,5.053930139540042665e-01,1.092888845013590782e+01,2.839491669286875464e-01,1.000000000000000000e+00,7.437635641480078164e-02,2.662832064466291726e-01,2.949413269913589097e+00,1.000000000000000000e+00,2.949413269913589097e+00,6.544984694978735369e-03,2.107948537833248981e+00,6.544984694978735369e-03,1.531694510168573942e+00,1.963495408493620697e-02
3.000000000000000000e+00,8.199999999999999512e-01,9.499999999999999556e-01,8.199999999999999512e-01,9.719086277615336389e-01,7.016170997719156643e-02,1.142350412402860643e-01,1.386948881581757109e-01,2.258185593497740173e-01,2.784796326370588204e+01,7.327471962526033167e-13,1.278141533238336081e+02,-5.161228251867311378e+00,5.054070766395710734e-01,1.092797620383377755e+01,2.755783557333968403e-01,1.000000000000000000e+00,7.226757708702979954e-02,2.643852233413301889e-01,3.004366008788172948e+00,1.000000000000000000e+00,3.004366008788172948e+00,6.544984694978735369e-03,2.135790879439503076e+00,6.544984694978735369e-03,1.542270995421494817e+00,1.963495408493620697e-02
4.000000000000000000e+00,8.199999999999999512e-01,9.933333333333334014e-01,8.199999999999999512e-01,9.730267194750014115e-01,6.957938178681091768e-02,1.179097973777597230e-01,1.375437482663108835e-01,2.330827764228921850e-01,2.784796326370586428e+01,6.661338147750939243e-13,1.281923951837445372e+02,-4.880570809128592202e+00,5.054208949300931231e-01,1.092707991033051940e+01,2.673539281047743188e-01,1.000000000000000000e+00,7.012151972948199585e-02,2.624601797109500367e-01,3.058696885256843245e+00,1.000000000000000000e+00,3.058696885256843245e+00,6.544984694978735369e-03,2.163616873464572432e+00,6.544984694978735369e-03,1.552866727207843578e+00,1.963495408493620697e-02
5.000000000000000000e+00,8.199999999999999512e-01,1.036666666666666625e+00,8.199999999999999512e-01,9.741970227428282669e-01,6.909307093535212163e-02,1.215542824945700096e-01,1.365824143824145021e-01,2.402871540789450200e-01,2.784796326370585362e+01,6.217248937900876626e-13,1.285890789674995744e+02,-4.586229362227866702e+00,5.054344723742740797e-01,1.092619933427016932e+01,2.592737244064169388e-01,1.000000000000000000e+00,6.793761391096531099e-02,2.605076083026789391e-01,3.112424100149421946e+00,1.000000000000000000e+00,3.112424100149421946e+00,6.544984694978735369e-03,2.191426231993686358e+00,6.544984694978735369e-03,1.563480243458301944e+00,1.963495408493620697e-02
6.000000000000000000e+00,8.199999999999999512e-01,1.080000000000000071e+00,8.199999999999999512e-01,9.754200870810507684e-01,6.870687964330939035e-02,1.251688020029319559e-01,1.358189957303471418e-01,2.474322960534033611e-01,2.784796326370585717e+01,6.439293542825907934e-13,1.290043321863855681e+02,-4.278109297121879706e+00,5.054478123337278195e-01,1.092533425261924585e+01,2.513356980735181878e-01,1.000000000000000000e+00,6.571526787909487410e-02,2.585270259872407550e-01,3.165441437253414758e+00,1.000000000000000000e+00,3.165441437253414758e+00,6.544984694978735369e-03,2.219190297667754219e+00,6.544984694978735369e-03,1.574110132993861377e+00,1.963495408493620697e-02
7.000000000000000000e+00,8.633333333333332860e-01,8.199999999999999512e-01,8.199999999999999512e-01,9.744707147730522490e-01,5.673597685964348880e-02,9.663071200897262181e-02,1.121550482114985481e-01,1.910185170670181398e-01,2.784796326370583941e+01,5.773159728050814010e-13,1.281547470102803459e+02,-4.908505951184882754e+00,5.054432436110721794e-01,1.092563051895934834e+01,2.540542507173837450e-01,1.000000000000000000e+00,6.913556991741742763e-02,2.731025754382958581e-01,2.872643386035885094e+00,1.000000000000000000e+00,2.872643386035885094e+00,6.544984694978735369e-03,2.086887505375976559e+00,6.544984694978735369e-03,1.534051159443789114e+00,1.230457122656002156e+00
8.000000000000000000e+00,8.633333333333332860e-01,8.633333333333332860e-01,8.199999999999999512e-01,9.754565802984812573e-01,5.574852710513040349e-02,9.196243423984563903e-02,1.102030685161842216e-01,1.817903174793677745e-01,2.784796326370586783e+01,6.661338147750939243e-13,1.284795932464083990e+02,-4.667468341184576985e+00,5.054604755490831325e-01,1.092451314156624598e+01,2.438011478330892601e-01,1.000000000000000000e+00,6.707181209883472661e-02,2.712451696793669598e-01,2.929750254364214879e+00,1.000000000000000000e+00,2.929750254364214879e+00,6.544984694978735369e-03,2.115560183902299940e+00,6.544984694978735369e-03,1.544833624213890477e+00,1.963495408493620697e-02
9.000000000000000000e+00,8.633333333333332860e-01,9.066666666666666208e-01,8.199999999999999512e-01,9.764941386001452228e-01,5.487037479619709390e-02,8.728030611906326119e-02,1.084671467960188762e-01,1.725347386705664010e-01,2.784796326370589270e+01,7.549516567451064475e-13,1.288227393189353336e+02,-4.412852156651425162e+00,5.054774795335986726e-01,1.092341069480442606e+01,2.336850490618491705e-01,1.000000000000000000e+00,6.497085598604535051e-02,2.693613854698817534e-01,2.986341134687578780e+00,1.000000000000000000e+00,2.986341134687578780e+00,6.544984694978735369e-03,2.144251205025712537e+00,6.544984694978735369e-03,1.555778166102555149e+00,1.963495408493620697e-02
1.000000000000000000e+01,8.633333333333332860e-01,9.499999999999999556e-01,8.199999999999999512e-01,9.775838757719069738e-01,5.410912549438268854e-02,8.741580906497231629e-02,1.069623176404871506e-01,1.728025993873885668e-01,2.784796326370588204e+01,7.327471962526033167e-13,1.291843054150166381e+02,-4.144568218086042144e+00,5.054942609089554395e-01,1.092232282625411877e+01,2.237027205846953137e-01,1.000000000000000000e+00,6.283215349612714107e-02,2.674507764714952884e-01,3.042335056252046588e+00,1.000000000000000000e+00,3.042335056252046588e+00,6.544984694978735369e-03,2.172933198575842439e+00,6.544984694978735369e-03,1.566739787935900186e+00,1.963495408493620697e-02
1.100000000000000000e+01,8.633333333333332860e-01,9.933333333333334014e-01,8.199999999999999512e-01,9.787263050227007488e-01,5.347225103876295654e-02,9.107193686567773006e-02,1.057033512979950324e-01,1.800299921715108609e-01,2.784796326370586073e+01,6.439293542825907934e-13,1.295644173969742496e+02,-3.862523134985795803e+00,5.055108248605393317e-01,1.092124919406116312e+01,2.138510255332182197e-01,1.000000000000000000e+00,6.065513563853652812e-02,2.655128811137137390e-01,3.097693714853402280e+00,1.000000000000000000e+00,3.097693714853402280e+00,6.544984694978735369e-03,2.201600431524118662e+00,6.544984694978735369e-03,1.577724281851154320e+00,1.963495408493620697e-02
1.200000000000000000e+01,8.633333333333332860e-01,1.036666666666666625e+00,8.199999999999999512e-01,9.799219673649813833e-01,5.296691547402886113e-02,9.469601642566020938e-02,1.047044095724309343e-01,1.871940323497149061e-01,2.784796326370585362e+01,6.217248937900876626e-13,1.299632069578019014e+02,-3.566619190459019428e+00,5.055271764188418171e-01,1.092018946666128620e+01,2.041269214594354509e-01,1.000000000000000000e+00,5.843921185852973821e-02,2.635472220813985800e-01,3.152399814254242649e+00,1.000000000000000000e+00,3.152399814254242649e+00,6.544984694978735369e-03,2.230241857283329132e+00,6.544984694978735369e-03,1.588726899809767446e+00,1.963495408493620697e-02
1.300000000000000000e+01,8.633333333333332860e-01,1.080000000000000071e+00,8.199999999999999512e-01,9.811714323466382837e-01,5.259978842193715337e-02,9.828833755541881156e-02,1.039786768979243797e-01,1.942952928161728876e-01,2.784796326370586073e+01,6.439293542825907934e-13,1.303808117966642897e+02,-3.256754211003731747e+00,5.055433204632721056e-01,1.091914332252082431e+01,1.945274579566058648e-01,1.000000000000000000e+00,5.618376934544588863e-02,2.615533057762844393e-01,3.206447425897876791e+00,1.000000000000000000e+00,3.206447425897876791e+00,6.544984694978735369e-03,2.258851608619620421e+00,6.544984694978735369e-03,1.599867102290902565e+00,1.308996938995747074e-02
1.400000000000000000e+01,9.066666666666666208e-01,8.199999999999999512e-01,8.199999999999999512e-01,9.804756367119071836e-01,4.095317536793736946e-02,7.362288544187751971e-02,8.095578171091760700e-02,1.455369013321205218e-01,2.784796326370585362e+01,6.217248937900876626e-13,1.296177382258233024e+02,-3.822958800480336095e+00,5.055292792338890173e-01,1.092005319536611729e+01,2.028764902101798384e-01,1.000000000000000000e+00,5.945684111920712667e-02,2.760935482037822908e-01,2.905051252117453853e+00,1.000000000000000000e+00,2.905051252117453853e+00,6.544984694978735369e-03,2.119525596101920151e+00,6.544984694978735369e-03,1.556869302882839978e+00,1.230457122656002156e+00
1.500000000000000000e+01,9.066666666666666208e-01,8.633333333333332860e-01,8.199999999999999512e-01,9.814847497569808565e-01,3.973078485558189515e-02,6.890095259680302509e-02,7.853937373779562581e-02,1.362026369869253628e-01,2.784796326370588204e+01,7.327471962526033167e-13,1.299440591588753477e+02,-3.580826957632299301e+00,5.055494171133997350e-01,1.091874829055274887e+01,1.909026276743386319e-01,1.000000000000000000e+00,5.736310827892499020e-02,2.742227795239289279e-01,2.963231689788292211e+00,1.000000000000000000e+00,2.963231689788292211e+00,6.544984694978735369e-03,2.149010103592230436e+00,6.544984694978735369e-03,1.568132311582674632e+00,1.963495408493620697e-02
1.600000000000000000e+01,9.066666666666666208e-01,9.066666666666666208e-01,8.199999999999999512e-01,9.825466070674696573e-01,3.866122580839852219e-02,6.416251698686496752e-02,7.642508130570001279e-02,1.268357501596413528e-01,2.784796326370585362e+01,6.217248937900876626e-13,1.302889049712727569e+02,-3.324949557205481021e+00,5.055693541669780133e-01,1.091745660376331983e+01,1.790500542930839600e-01,1.000000000000000000e+00,5.523110427187116755e-02,2.723253935558425098e-01,3.020803626838368228e+00,1.000000000000000000e+00,3.020803626838368228e+00,6.544984694978735369e-03,2.178503529049532705e+00,6.544984694978735369e-03,1.579461966451508381e+00,1.963495408493620697e-02
1.700000000000000000e+01,9.066666666666666208e-01,9.499999999999999556e-01,8.199999999999999512e-01,9.836617136888158308e-01,3.776100330031249841e-02,6.000067596592513486e-02,7.464553146124708327e-02,1.186086691047610747e-01,2.784796326370583586e+01,5.551115123125782702e-13,1.306524056090960926e+02,-3.055230178526946450e+00,5.055890973260156462e-01,1.091617767983316334e+01,1.673145934559361336e-01,1.000000000000000000e+00,5.306026089190307715e-02,2.704009336834864996e-01,3.077925025097879796e+00,1.000000000000000000e+00,3.077925025097879796e+00,6.544984694978735369e-03,2.208027582889009466e+00,6.544984694978735369e-03,1.590820386508980722e+00,1.963495408493620697e-02
1.800000000000000000e+01,9.066666666666666208e-01,9.933333333333334014e-01,8.199999999999999512e-01,9.848306027998406931e-01,3.704630618144796189e-02,6.363719252162748641e-02,7.323272614335914199e-02,1.257972945978177992e-01,2.784796326370582520e+01,5.329070518200751394e-13,1.310346970600060672e+02,-2.771567918039608003e+00,5.056086533995483023e-01,1.091491107186396192e+01,1.556921444047398850e-01,1.000000000000000000e+00,5.084998807231944085e-02,2.684489276463404295e-01,3.134311073938548908e+00,1.000000000000000000e+00,3.134311073938548908e+00,6.544984694978735369e-03,2.237515130604157410e+00,6.544984694978735369e-03,1.602199779081418640e+00,1.963495408493620697e-02
1.900000000000000000e+01,9.066666666666666208e-01,1.036666666666666625e+00,8.199999999999999512e-01,9.860538364395691202e-01,3.653219137953310491e-02,6.723978919494034978e-02,7.221642971935203492e-02,1.329188676445205719e-01,2.784796326370582875e+01,5.329070518200751394e-13,1.314359215031916790e+02,-2.473857278039959251e+00,5.056280290808582434e-01,1.091365634078305291e+01,1.441786781899434544e-01,1.000000000000000000e+00,4.859967319196645263e-02,2.664688870061526771e-01,3.190090984200774304e+00,1.000000000000000000e+00,3.190090984200774304e+00,6.544984694978735369e-03,2.266999816763542785e+00,6.544984694978735369e-03,1.613726681311572708e+00,1.308996938995747074e-02
2.000000000000000000e+01,9.066666666666666208e-01,1.080000000000000071e+00,8.199999999999999512e-01,9.873320062800182706e-01,3.623168187728448980e-02,7.080873674741880452e-02,7.162238587665792355e-02,1.399739234833008439e-01,2.784796326370589270e+01,7.549516567451064475e-13,1.318562274796053373e+02,-2.161988040362672336e+00,5.056472309539378207e-01,1.091241305491267788e+01,1.327702337178715553e-01,1.000000000000000000e+00,4.630868034405732914e-02,2.644603065864155056e-01,3.245150615523963555e+00,1.000000000000000000e+00,3.245150615523963555e+00,6.544984694978735369e-03,2.296441774090739685e+00,6.544984694978735369e-03,1.625329596772686847e+00,1.308996938995747074e-02
2.100000000000000000e+01,9.499999999999999556e-01,8.199999999999999512e-01,8.199999999999999512e-01,9.868974300366171182e-01,2.555432198240849967e-02,5.027934845123522428e-02,5.051549955752699522e-02,9.939165696470314559e-02,2.784796326370585362e+01,6.217248937900876626e-13,1.311830195305188056e+02,-2.661511867435906176e+00,5.056228499873960391e-01,1.091399170987389589e+01,1.472560393517508004e-01,1.000000000000000000e+00,4.942759697110954420e-02,2.789707614869394448e-01,2.935398982611763241e+00,1.000000000000000000e+00,2.935398982611763241e+00,6.544984694978735369e-03,2.150300175161234506e+00,6.544984694978735369e-03,1.579437826828448799e+00,1.963495408493620697e-02
2.200000000000000000e+01,9.499999999999999556e-01,8.633333333333332860e-01,8.199999999999999512e-01,9.879318131888090715e-01,2.385199413325399947e-02,4.550043168476211597e-02,4.715035679342126362e-02,8.994474743728872457e-02,2.784796326370583941e+01,5.773159728050814010e-13,1.315111052359474968e+02,-2.418070554233742175e+00,5.056461525649041944e-01,1.091248287360864211e+01,1.334108930666211279e-01,1.000000000000000000e+00,4.730165081125203841e-02,2.770854032289724600e-01,2.994490117691927189e+00,1.000000000000000000e+00,2.994490117691927189e+00,6.544984694978735369e-03,2.180527065772903228e+00,6.544984694978735369e-03,1.591054976784769259e+00,1.963495408493620697e-02
2.300000000000000000e+01,9.499999999999999556e-01,9.066666666666666208e-01,8.199999999999999512e-01,9.890200834622965287e-01,2.237333438907804922e-02,4.070339099571543967e-02,4.422735865228204222e-02,8.046201074124992303e-02,2.784796326370585362e+01,6.217248937900876626e-13,1.318579605880579777e+02,-2.160702064806130362e+00,5.056692848880638413e-01,1.091098533634273515e+01,1.196694268841280717e-01,1.000000000000000000e+00,4.513628075075004631e-02,2.751731547136531120e-01,3.053144050629050810e+00,1.000000000000000000e+00,3.053144050629050810e+00,6.544984694978735369e-03,2.210814431264299440e+00,6.544984694978735369e-03,1.602731576526111645e+00,1.963495408493620697e-02
2.400000000000000000e+01,9.499999999999999556e-01,9.499999999999999556e-01,8.199999999999999512e-01,9.901627668431549623e-01,2.117203799739031736e-02,3.588738710130568582e-02,4.185264930235152447e-02,7.094178779170036420e-02,2.784796326370584296e+01,5.773159728050814010e-13,1.322237258206066599e+02,-1.889302344970733571e+00,5.056922556693673743e-01,1.090949852808871512e+01,1.060264105748887076e-01,1.000000000000000000e+00,4.293089649542380926e-02,2.732335479862602057e-01,3.111297508710170412e+00,1.000000000000000000e+00,3.111297508710170412e+00,6.544984694978735369e-03,2.241147364298558653e+00,6.544984694978735369e-03,1.614492663492815172e+00,1.963495408493620697e-02
2.500000000000000000e+01,9.499999999999999556e-01,9.933333333333334014e-01,8.199999999999999512e-01,9.913604185785903633e-01,2.030497011741066657e-02,3.556007323321306451e-02,4.013863915809452038e-02,7.029475737664228618e-02,2.784796326370585362e+01,6.217248937900876626e-13,1.326085476277177122e+02,-1.603762546918463539e+00,5.057150735415311127e-01,1.090802188447545973e+01,9.247666544527355370e-02,1.000000000000000000e+00,4.068488483988996762e-02,2.712660989867607952e-01,3.168826514515037385e+00,1.000000000000000000e+00,3.168826514515037385e+00,6.544984694978735369e-03,2.271474575527996365e+00,6.544984694978735369e-03,1.626402614894457033e+00,1.308996938995747074e-02
2.600000000000000000e+01,9.499999999999999556e-01,1.036666666666666625e+00,8.199999999999999512e-01,9.926136239469156575e-01,1.982432839962870036e-02,3.913992549379027158e-02,3.918851195461566655e-02,7.737136952114324895e-02,2.784796326370585362e+01,6.217248937900876626e-13,1.330125793104363368e+02,-1.303968920470210957e+00,5.057377470670532116e-01,1.090655484611781034e+01,7.901505855307799919e-02,1.000000000000000000e+00,3.839760893197396996e-02,2.692703069932571580e-01,3.225629206354398537e+00,1.000000000000000000e+00,3.225629206354398537e+00,6.544984694978735369e-03,2.301752067938555690e+00,6.544984694978735369e-03,1.638383817255120167e+00,1.308996938995747074e-02
2.700000000000000000e+01,9.499999999999999556e-01,1.080000000000000071e+00,8.199999999999999512e-01,9.939229990763233102e-01,1.976718782130031452e-02,4.268413337652751660e-02,3.907555709471950689e-02,8.437752025585833204e-02,2.784796326370585717e+01,6.439293542825907934e-13,1.334359809437430613e+02,-9.898026891513200809e-01,5.057602847477645769e-01,1.090509685798798145e+01,6.563649693951401076e-02,1.000000000000000000e+00,3.606840749712691974e-02,2.672456540369010369e-01,3.281819354627782293e+00,1.000000000000000000e+00,3.281819354627782293e+00,6.544984694978735369e-03,2.332031429194172389e+00,6.544984694978735369e-03,1.650408117377671902e+00,1.308996938995747074e-02
2.800000000000000000e+01,9.933333333333334014e-01,8.199999999999999512e-01,8.199999999999999512e-01,9.937583555877284036e-01,1.346895677171745971e-02,2.656785014807718642e-02,2.662528398563742890e-02,5.251903076604909348e-02,2.784796326370582520e+01,5.329070518200751394e-13,1.328563295681535976e+02,-1.419907048280766304e+00,5.057246369463866964e-01,1.090740307426234423e+01,8.679843638847994924e-02,1.000000000000000000e+00,3.902544437482191597e-02,2.817318162118898073e-01,2.963587646017230792e+00,1.000000000000000000e+00,2.963587646017230792e+00,6.544984694978735369e-03,2.179199014715019977e+00,6.544984694978735369e-03,1.601568699975278509e+00,1.963495408493620697e-02
2.900000000000000000e+01,9.933333333333334014e-01,8.633333333333332860e-01,8.199999999999999512e-01,9.948202109938804050e-01,1.068469640178680395e-02,2.172834611838561636e-02,2.112138904441794585e-02,4.295235301037133441e-02,2.784796326370585362e+01,6.217248937900876626e-13,1.331865112421690185e+02,-1.174910515400517941e+00,5.057513878265856855e-01,1.090567237886423513e+01,7.091750118455308893e-02,1.000000000000000000e+00,3.686485689339491501e-02,2.798305664976341589e-01,3.023868296842879833e+00,1.000000000000000000e+00,3.023868296842879833e+00,6.544984694978735369e-03,2.210245772979801515e+00,6.544984694978735369e-03,1.613592112396307954e+00,1.963495408493620697e-02
3.000000000000000000e+01,9.933333333333334014e-01,9.066666666666666208e-01,8.199999999999999512e-01,9.959371958348866016e-01,7.985892504863792776e-03,1.686900055848274127e-02,1.578642350885349141e-02,3.334645273838889729e-02,2.784796326370583941e+01,5.773159728050814010e-13,1.335357289496712099e+02,-9.157891458891564973e-01,5.057780029629380669e-01,1.090395082900215051e+01,5.512048581146622439e-02,1.000000000000000000e+00,3.466360528422551823e-02,2.779021169601456620e-01,3.083607984394872048e+00,1.000000000000000000e+00,3.083607984394872048e+00,6.544984694978735369e-03,2.241323203747706216e+00,6.544984694978735369e-03,1.625651214310018355e+00,1.963495408493620697e-02
3.100000000000000000e+01,9.933333333333334014e-01,9.499999999999999556e-01,8.199999999999999512e-01,9.971098592623428569e-01,5.527969371070500480e-03,1.198893796841767577e-02,1.092762838750204434e-02,2.369959927153352658e-02,2.784796326370580033e+01,4.440892098500626162e-13,1.339041337715985946e+02,-6.424308368984443796e-01,5.058044930707318310e-01,1.090223772615603792e+01,3.940098061923080763e-02,1.000000000000000000e+00,3.242107496925950016e-02,2.759459871410987475e-01,3.142755614072963777e+00,1.000000000000000000e+00,3.142755614072963777e+00,6.544984694978735369e-03,2.272404751826888170e+00,6.544984694978735369e-03,1.637858044558795800e+00,1.308996938995747074e-02
3.200000000000000000e+01,9.933333333333334014e-01,9.933333333333334014e-01,8.199999999999999512e-01,9.983387809396961909e-01,3.853188625697439185e-03,7.087267296095489666e-03,7.616940431856515821e-03,1.401003118793152542e-02,2.784796326370583586e+01,5.551115123125782702e-13,1.342918837250787760e+02,-3.547183388913910385e-01,5.058308688351452753e-01,1.090053237436129407e+01,2.375259940678997594e-02,1.000000000000000000e+00,3.013662729842270238e-02,2.739616799620643306e-01,3.201378553256716053e+00,1.000000000000000000e+00,3.201378553256716053e+00,6.544984694978735369e-03,2.303530797457577606e+00,6.544984694978735369e-03,1.650233218609727048e+00,1.308996938995747074e-02
3.300000000000000000e+01,9.933333333333334014e-01,1.036666666666666625e+00,8.199999999999999512e-01,9.996245718608581798e-01,4.122563088298922956e-03,1.034743229639021114e-02,8.149436874365213399e-03,2.045468911089360492e-02,2.784796326370582165e+01,5.107025913275720086e-13,1.346991439092639951e+02,-5.252914743162362399e-02,5.058571409242467176e-01,1.089883407935944781e+01,8.168971628674803753e-03,1.000000000000000000e+00,2.780959876708344325e-02,2.719486811419349337e-01,3.259294390688761922e+00,0.000000000000000000e+00,3.259294390688761922e+00,6.544984694978735369e-03,2.334637729895000735e+00,6.544984694978735369e-03,1.662646173953041595e+00,1.308996938995747074e-02
3.400000000000000000e+01,9.933333333333334014e-01,1.080000000000000071e+00,8.199999999999999512e-01,1.000967875220826420e+00,6.114133024894187300e-03,1.386546369040966148e-02,1.208635018085475049e-02,2.740909445376648809e-02,2.784796326370580744e+01,4.662936703425657470e-13,1.351260866717029501e+02,2.642646202654308496e-01,5.058833200021443099e-01,1.089714214774105194e+01,-7.356265469982137262e-03,1.000000000000000000e+00,2.543930019069673421e-02,2.699064585841748354e-01,3.316667964300741289e+00,0.000000000000000000e+00,3.316667964300741289e+00,6.544984694978735369e-03,2.365757655371759860e+00,6.544984694978735369e-03,1.675104382498491473e+00,1.308996938995747074e-02
3.500000000000000000e+01,1.036666666666666625e+00,8.199999999999999512e-01,8.199999999999999512e-01,1.001083056845644803e+00,1.737898282716179160e-02,3.724625196748104078e-02,3.435458001664491029e-02,7.362797675000158637e-02,2.784796326370582875e+01,5.329070518200751394e-13,1.346440622584874234e+02,-9.340002103725986160e-02,5.058354111100988870e-01,1.090023872486887946e+01,2.105805906955637852e-02,1.000000000000000000e+00,2.822584038459119427e-02,2.843738095746477512e-01,2.989842737144332130e+00,0.000000000000000000e+00,2.989842737144332130e+00,6.544984694978735369e-03,2.206331968723771908e+00,6.544984694978735369e-03,1.623233930466937203e+00,1.963495408493620697e-02
3.600000000000000000e+01,1.036666666666666625e+00,8.633333333333332860e-01,8.199999999999999512e-01,1.002174790590969033e+00,1.594586027995244584e-02,3.355398325593983433e-02,3.152159930014333117e-02,6.632914101518819217e-02,2.784796326370580388e+01,4.440892098500626162e-13,1.349767175035043749e+02,1.534319144921969524e-01,5.058659221931837147e-01,1.089826651435287452e+01,2.960970785048644416e-03,1.000000000000000000e+00,2.602796951755692589e-02,2.824552815452037180e-01,3.051366506309759252e+00,0.000000000000000000e+00,3.051366506309759252e+00,6.544984694978735369e-03,2.238199343860821422e+00,6.544984694978735369e-03,1.635671196981009601e+00,1.963495408493620697e-02
3.700000000000000000e+01,1.036666666666666625e+00,9.066666666666666208e-01,8.199999999999999512e-01,1.003323004757726622e+00,1.498776933816716242e-02,2.990292170586284631e-02,2.962765577939007258e-02,5.911176313897678614e-02,2.784796326370582165e+01,5.107025913275720086e-13,1.353286989953716102e+02,4.146040264897621341e-01,5.058963365626605313e-01,1.089630102881757878e+01,-1.507440878801835638e-02,1.000000000000000000e+00,2.378809813839843912e-02,2.805092046968757913e-01,3.112301664861440109e+00,0.000000000000000000e+00,3.112301664861440109e+00,6.544984694978735369e-03,2.270081772024207467e+00,6.544984694978735369e-03,1.648142564456971826e+00,1.963495408493620697e-02
3.800000000000000000e+01,1.036666666666666625e+00,9.499999999999999556e-01,8.199999999999999512e-01,1.004528274162577839e+00,1.461010914447846351e-02,2.633609146656789093e-02,2.888110130769209333e-02,5.206089278135533904e-02,2.784796326370579322e+01,3.996802888650563546e-13,1.357001692613003456e+02,6.902369109980543982e-01,5.059266671909168345e-01,1.089434142559136554e+01,-3.305581204064989009e-02,1.000000000000000000e+00,2.150558492124776677e-02,2.785350847826277843e-01,3.172574731363966283e+00,0.000000000000000000e+00,3.172574731363966283e+00,6.544984694978735369e-03,2.301959723031663962e+00,6.544984694978735369e-03,1.660830647883925870e+00,1.308996938995747074e-02
3.900000000000000000e+01,1.036666666666666625e+00,9.933333333333334014e-01,8.199999999999999512e-01,1.005791205523584919e+00,1.486937584057984943e-02,2.360565486505625948e-02,2.939361682977117626e-02,4.666339606708264781e-02,2.784796326370582520e+01,5.329070518200751394e-13,1.360912983025285996e+02,9.804567098268046621e-01,5.059569270783166317e-01,1.089238686101421649e+01,-5.099098043335192898e-02,1.000000000000000000e+00,1.917976318247038847e-02,2.765324103602848638e-01,3.232215040755157531e+00,0.000000000000000000e+00,3.232215040755157531e+00,6.544984694978735369e-03,2.333843470493651484e+00,6.544984694978735369e-03,1.673647275797582878e+00,1.308996938995747074e-02
4.000000000000000000e+01,1.036666666666666625e+00,1.036666666666666625e+00,8.199999999999999512e-01,1.007112438333798599e+00,1.574638623804649334e-02,2.433896372471876582e-02,3.112728123204608691e-02,4.811299286723694224e-02,2.784796326370582875e+01,5.329070518200751394e-13,1.365022637426836809e+02,1.285395220638596570e+00,5.059871292702229351e-01,1.089043648933487773e+01,-6.888767461591394081e-02,1.000000000000000000e+00,1.680994004529168251e-02,2.745006521806985234e-01,3.291349093848276564e+00,0.000000000000000000e+00,3.291349093848276564e+00,6.544984694978735369e-03,2.365768250517373161e+00,6.544984694978735369e-03,1.686495868161961065e+00,1.308996938995747074e-02
4.100000000000000000e+01,1.036666666666666625e+00,1.080000000000000071e+00,8.199999999999999512e-01,1.008492645790497910e+00,1.715861662603359802e-02,2.731530961742576619e-02,3.391896256049607011e-02,5.399660033409085791e-02,2.784796326370582875e+01,5.329070518200751394e-13,1.369332509966955342e+02,1.605190022283320417e+00,5.060172868743573193e-01,1.088848946158895536e+01,-8.675368472202960035e-02,1.000000000000000000e+00,1.439539555823721173e-02,2.724392625439602256e-01,3.349723788367727106e+00,0.000000000000000000e+00,3.349723788367727106e+00,6.544984694978735369e-03,2.397662097999069264e+00,6.544984694978735369e-03,1.699380701274147532e+00,1.308996938995747074e-02
4.200000000000000000e+01,1.080000000000000071e+00,8.199999999999999512e-01,8.199999999999999512e-01,1.008898850109402501e+00,3.255912524377840844e-02,6.747518446567031536e-02,6.436251675852669440e-02,1.333841943983506695e-01,2.784796326370580033e+01,4.440892098500626162e-13,1.365533531559004814e+02,1.323303833048194988e+00,5.059560473066359032e-01,1.089244368114835027e+01,-5.046959644547932555e-02,1.000000000000000000e+00,1.700182247113435352e-02,2.868932816034996947e-01,3.014205723821742566e+00,0.000000000000000000e+00,3.014205723821742566e+00,6.544984694978735369e-03,2.231765603137791043e+00,6.544984694978735369e-03,1.644413752627917891e+00,1.963495408493620697e-02
4.300000000000000000e+01,1.080000000000000071e+00,8.633333333333332860e-01,8.199999999999999512e-01,1.010023100508501859e+00,3.216859984838946890e-02,6.380179768884230995e-02,6.359053049915525113e-02,1.261226842621309963e-01,2.784796326370583941e+01,5.773159728050814010e-13,1.368889121790812169e+02,1.572290387196351169e+00,5.059906628037588172e-01,1.089020833421275114e+01,-7.098123580230319973e-02,1.000000000000000000e+00,1.476378389776566991e-02,2.849559922882081153e-01,3.077017394748534418e+00,0.000000000000000000e+00,3.077017394748534418e+00,6.544984694978735369e-03,2.264450237200267946e+00,6.544984694978735369e-03,1.657273374280946454e+00,1.963495408493620697e-02
4.400000000000000000e+01,1.080000000000000071e+00,9.066666666666666208e-01,8.199999999999999512e-01,1.011205301515150534e+00,3.207947595573002603e-02,6.017194708741740311e-02,6.341435137911041742e-02,1.189472359533714912e-01,2.784796326370580744e+01,4.662936703425657470e-13,1.372441140605052681e+02,1.835852045125818677e+00,5.060252258214208432e-01,1.088797698643448975e+01,-9.145617871986200242e-02,1.000000000000000000e+00,1.248230240084424736e-02,2.829907624696748059e-01,3.139221806547545679e+00,0.000000000000000000e+00,3.139221806547545679e+00,6.544984694978735369e-03,2.297153120694098050e+00,6.544984694978735369e-03,1.670172110327375226e+00,1.963495408493620697e-02
4.500000000000000000e+01,1.080000000000000071e+00,9.499999999999999556e-01,8.199999999999999512e-01,1.012446056431735908e+00,3.229996970605632234e-02,5.658538980662858320e-02,6.385022097309585309e-02,1.118573693994690116e-01,2.784796326370580388e+01,4.440892098500626162e-13,1.376191334233070904e+02,2.114118378117768593e+00,5.060597518820381113e-01,1.088574863312968155e+01,-1.119036442205789683e-01,1.000000000000000000e+00,1.015670713023109073e-02,2.809970826877448147e-01,3.200791641870875726e+00,0.000000000000000000e+00,3.200791641870875726e+00,6.544984694978735369e-03,2.329863963941711802e+00,6.544984694978735369e-03,1.683359748200527140e+00,1.308996938995747074e-02
4.600000000000000000e+01,1.080000000000000071e+00,9.933333333333334014e-01,8.199999999999999512e-01,1.013746002009111802e+00,3.282986316580789599e-02,5.312106445030635726e-02,6.489770847247243457e-02,1.050091295547611048e-01,2.784796326370582520e+01,5.329070518200751394e-13,1.380141529699249361e+02,2.407224952339026558e+00,5.060942566041292112e-01,1.088352226451238280e+01,-1.323328981435833995e-01,1.000000000000000000e+00,7.786300450091765413e-03,2.789744256443817960e-01,3.261656999657168043e+00,0.000000000000000000e+00,3.261656999657168043e+00,6.544984694978735369e-03,2.362559154437503750e+00,6.544984694978735369e-03,1.696610647402077454e+00,1.308996938995747074e-02
4.700000000000000000e+01,1.080000000000000071e+00,1.036666666666666625e+00,8.199999999999999512e-01,1.015105809382520263e+00,3.366081413076085771e-02,5.089558783786801016e-02,6.654032310068694334e-02,1.006098321322622391e-01,2.784796326370582165e+01,5.107025913275720086e-13,1.384293636368604439e+02,2.715313443674705063e+00,5.061287557240620183e-01,1.088129686429732601e+01,-1.527532659660768566e-01,1.000000000000000000e+00,5.370357043722684409e-03,2.769222455588957743e-01,3.321817983063144908e+00,0.000000000000000000e+00,3.321817983063144908e+00,6.544984694978735369e-03,2.395240362388221911e+00,6.544984694978735369e-03,1.709907551283718297e+00,1.308996938995747074e-02
4.800000000000000000e+01,1.080000000000000071e+00,1.080000000000000071e+00,8.199999999999999512e-01,1.016526185067307519e+00,3.477771182446958570e-02,5.231479234673418188e-02,6.874819404287769997e-02,1.034152998253210359e-01,2.784796326370582165e+01,5.107025913275720086e-13,1.388649647699869547e+02,3.038531767807750583e+00,5.061632651183527454e-01,1.087907140827027064e+01,-1.731741459218727464e-01,1.000000000000000000e+00,2.908122968497295346e-03,2.748399774892176239e-01,3.381389731917022079e+00,0.000000000000000000e+00,3.381389731917022079e+00,6.544984694978735369e-03,2.427941762250451330e+00,6.544984694978735369e-03,1.723248772576792653e+00,1.308996938995747074e-02
4.900000000000000000e+01,8.199999999999999512e-01,8.199999999999999512e-01,8.633333333333332860e-01,9.689313011204098158e-01,7.239480733035150162e-02,1.187359072663969201e-01,1.431092501761983549e-01,2.347158212652733777e-01,2.784796326370584296e+01,5.773159728050814010e-13,1.268187518660658242e+02,-5.899821351270140291e+00,5.053664033554438051e-01,1.093061495733099875e+01,2.997916710020698261e-01,1.000000000000000000e+00,7.893343594322121959e-02,2.694740230939114412e-01,2.807215222310174063e+00,1.000000000000000000e+00,2.807215222310174063e+00,6.544984694978735369e-03,2.039990542422113418e+00,1.308996938995747074e-02,1.506868527632312826e+00,1.230457122656002156e+00
5.000000000000000000e+01,8.199999999999999512e-01,8.633333333333332860e-01,8.633333333333332860e-01,9.698962969800168921e-01,7.154993042507976075e-02,1.141185458079109483e-01,1.414391069040035476e-01,2.255882724743621115e-01,2.784796326370588204e+01,7.327471962526033167e-13,1.271424298832649384e+02,-5.659650565838736824e+00,5.053811333089245350e-01,1.092965922661702294e+01,2.910218449786006190e-01,1.000000000000000000e+00,7.689763857795917090e-02,2.676279924102251684e-01,2.863373166598039088e+00,1.000000000000000000e+00,2.863373166598039088e+00,6.544984694978735369e-03,2.067628061801989325e+00,6.544984694978735369e-03,1.517077180719302643e+00,1.230457122656002156e+00
5.100000000000000000e+01,8.199999999999999512e-01,9.066666666666666208e-01,8.633333333333332860e-01,9.709120324126584434e-01,7.078824335138983459e-02,1.098804996529187394e-01,1.399334123658958762e-01,2.172105499578083632e-01,2.784796326370585362e+01,6.217248937900876626e-13,1.274841921380455005e+02,-5.406061181327137533e+00,5.053956125415760559e-01,1.092871987213301566e+01,2.824022879437171341e-01,1.000000000000000000e+00,7.482565782278971511e-02,2.657557562865937584e-01,2.918991559986689133e+00,1.000000000000000000e+00,2.918991559986689133e+00,6.544984694978735369e-03,2.095397807584210348e+00,6.544984694978735369e-03,1.527446838494292525e+00,1.963495408493620697e-02
5.200000000000000000e+01,8.199999999999999512e-01,9.499999999999999556e-01,8.633333333333332860e-01,9.719789767273829817e-01,7.011410685711032265e-02,1.135850772678472370e-01,1.386007868396959553e-01,2.245337177959756403e-01,2.784796326370588204e+01,7.327471962526033167e-13,1.278441496642083877e+02,-5.138970810073095308e+00,5.054098450661123065e-01,1.092779662798690410e+01,2.739305600603314517e-01,1.000000000000000000e+00,7.271696387998716204e-02,2.638568772150264863e-01,2.974075868116888177e+00,1.000000000000000000e+00,2.974075868116888177e+00,6.544984694978735369e-03,2.123171814634043475e+00,6.544984694978735369e-03,1.537996161570527320e+00,1.963495408493620697e-02
5.300000000000000000e+01,8.199999999999999512e-01,9.933333333333334014e-01,8.633333333333332860e-01,9.730976254434492434e-01,6.953185243242808455e-02,1.172590298283417570e-01,1.374497927670435271e-01,2.317963463670563440e-01,2.784796326370582875e+01,5.329070518200751394e-13,1.282224188813584078e+02,-4.858293068119568403e+00,5.054238347067135928e-01,1.092688924072807843e+01,2.656043356548121182e-01,1.000000000000000000e+00,7.057100691107809354e-02,2.619309028010476936e-01,3.028563071289432695e+00,1.000000000000000000e+00,3.028563071289432695e+00,6.544984694978735369e-03,2.150931909316694313e+00,6.544984694978735369e-03,1.548561795719619383e+00,1.963495408493620697e-02
5.400000000000000000e+01,8.199999999999999512e-01,1.036666666666666625e+00,8.633333333333332860e-01,9.742685009453286860e-01,6.904572862066271632e-02,1.209026734923818042e-01,1.364888286211334290e-01,2.389990606486290525e-01,2.784796326370586073e+01,6.439293542825907934e-13,1.286191217572248604e+02,-4.563937454772082347e+00,5.054375851010175502e-01,1.092599746920657111e+01,2.574214019246845453e-01,1.000000000000000000e+00,6.838721641334188917e-02,2.599773652689805203e-01,3.082428610718133566e+00,1.000000000000000000e+00,3.082428610718133566e+00,6.544984694978735369e-03,2.178665850358377565e+00,6.544984694978735369e-03,1.559142184572738454e+00,1.963495408493620697e-02
5.500000000000000000e+01,8.199999999999999512e-01,1.080000000000000071e+00,8.633333333333332860e-01,9.754921531789813027e-01,6.865984368322190778e-02,1.245163131308716364e-01,1.357260155674368252e-01,2.461424633061074507e-01,2.784796326370582875e+01,5.329070518200751394e-13,1.290343859894335878e+02,-4.255809217722894999e+00,5.054510997017754859e-01,1.092512108445421681e+01,2.493796578482587734e-01,1.000000000000000000e+00,6.616500056318042056e-02,2.579957809422293025e-01,3.135696703686196241e+00,1.000000000000000000e+00,3.135696703686196241e+00,6.544984694978735369e-03,2.206387154491752600e+00,6.544984694978735369e-03,1.569746443636602429e+00,1.963495408493620697e-02
5.600000000000000000e+01,8.633333333333332860e-01,8.199999999999999512e-01,8.633333333333332860e-01,9.745410297590518800e-01,5.668197966047947706e-02,9.602798648061883213e-02,1.120483071485834370e-01,1.898270559442450378e-01,2.784796326370585362e+01,6.217248937900876626e-13,1.281853201714768318e+02,-4.885820505317339801e+00,5.054457247624889460e-01,1.092546962328304616e+01,2.525778650906973510e-01,1.000000000000000000e+00,6.958618210107392343e-02,2.725736525827278101e-01,2.841463869756941651e+00,1.000000000000000000e+00,2.841463869756941651e+00,6.544984694978735369e-03,2.074259187898006562e+00,1.308996938995747074e-02,1.530004165486091638e+00,1.230457122656002156e+00
5.700000000000000000e+01,8.633333333333332860e-01,8.633333333333332860e-01,8.633333333333332860e-01,9.755274414655098481e-01,5.569407760963849402e-02,9.135898463507929890e-02,1.100954333589171802e-01,1.805974250103933032e-01,2.784796326370583941e+01,5.773159728050814010e-13,1.285102205845651611e+02,-4.644742695728531601e+00,5.054631364335826493e-01,1.092434061435765180e+01,2.422180307672050503e-01,1.000000000000000000e+00,6.752246361505864769e-02,2.707153941143332077e-01,2.898597800031896821e+00,1.000000000000000000e+00,2.898597800031896821e+00,6.544984694978735369e-03,2.102765430026569238e+00,6.544984694978735369e-03,1.540580413813045002e+00,1.230457122656002156e+00
5.800000000000000000e+01,8.633333333333332860e-01,9.066666666666666208e-01,8.633333333333332860e-01,9.765655606843997028e-01,5.481562321133038457e-02,8.667598924628626411e-02,1.083589144718346414e-01,1.713401317958315739e-01,2.784796326370588204e+01,7.327471962526033167e-13,1.288534118945539433e+02,-4.390092944761558869e+00,5.054803216312717673e-01,1.092322644296967304e+01,2.319943463234386272e-01,1.000000000000000000e+00,6.542156183994318752e-02,2.688307225315496041e-01,2.955306097467110593e+00,1.000000000000000000e+00,2.955306097467110593e+00,6.544984694978735369e-03,2.131384313773649453e+00,6.544984694978735369e-03,1.551424565921872389e+00,1.963495408493620697e-02
5.900000000000000000e+01,8.633333333333332860e-01,9.499999999999999556e-01,8.633333333333332860e-01,9.776558739200643666e-01,5.405424081353292498e-02,8.675942581757448147e-02,1.068538222136435206e-01,1.715050682822268358e-01,2.784796326370586428e+01,6.661338147750939243e-13,1.292150143810147256e+02,-4.121782004343854666e+00,5.054972857929469487e-01,1.092212675065079175e+01,2.219035224387377880e-01,1.000000000000000000e+00,6.328292860367934480e-02,2.669191909964805376e-01,3.011408369511338723e+00,1.000000000000000000e+00,3.011408369511338723e+00,6.544984694978735369e-03,2.159988827445785908e+00,6.544984694978735369e-03,1.562355099612573905e+00,1.963495408493620697e-02
6.000000000000000000e+01,8.633333333333332860e-01,9.933333333333334014e-01,8.633333333333332860e-01,9.787988948086823182e-01,5.341742006990145286e-02,9.041469856127927474e-02,1.055949620484125662e-01,1.787307707991776240e-01,2.784796326370586073e+01,6.439293542825907934e-13,1.295951540282453607e+02,-3.839716393466008348e+00,5.055140341992252484e-01,1.092104118936111945e+01,2.119423654841412485e-01,1.000000000000000000e+00,6.110599482688527928e-02,2.649803374151851187e-01,3.066934545846074833e+00,1.000000000000000000e+00,3.066934545846074833e+00,6.544984694978735369e-03,2.188590246154722863e+00,6.544984694978735369e-03,1.573308578409023717e+00,1.963495408493620697e-02
6.100000000000000000e+01,8.633333333333332860e-01,1.036666666666666625e+00,8.633333333333332860e-01,9.799951648075266863e-01,5.291234096579435636e-02,9.403788444840616156e-02,1.045965272913643440e-01,1.858930443748174621e-01,2.784796326370585717e+01,6.439293542825907934e-13,1.299939626804796262e+02,-3.543798283015453521e+00,5.055305719781542084e-01,1.091996942120390734e+01,2.021077749045918637e-01,1.000000000000000000e+00,5.889016986593542669e-02,2.630136839243526481e-01,3.121828011137274483e+00,1.000000000000000000e+00,3.121828011137274483e+00,6.544984694978735369e-03,2.217176896372534678e+00,6.544984694978735369e-03,1.584286391495305590e+00,1.963495408493620697e-02
6.200000000000000000e+01,8.633333333333332860e-01,1.080000000000000071e+00,8.633333333333332860e-01,9.812452539277274344e-01,5.254568623964298718e-02,9.762927261423802461e-02,1.038717283055248797e-01,1.929924605685586214e-01,2.784796326370582520e+01,5.329070518200751394e-13,1.304115782169712361e+02,-3.233925365863199453e+00,5.055469041091749105e-01,1.091891111815641224e+01,1.923967407493565318e-01,1.000000000000000000e+00,5.663484082093628302e-02,2.610187363519012038e-01,3.176059041667710581e+00,1.000000000000000000e+00,3.176059041667710581e+00,6.544984694978735369e-03,2.245723325496153056e+00,6.544984694978735369e-03,1.595279176123757026e+00,1.963495408493620697e-02
6.300000000000000000e+01,9.066666666666666208e-01,8.199999999999999512e-01,8.633333333333332860e-01,9.805476216279391810e-01,4.088865871221768894e-02,7.301467161457733668e-02,8.082824590324858005e-02,1.443345910010143118e-01,2.784796326370583586e+01,5.551115123125782702e-13,1.296490727644011542e+02,-3.799708408604807186e+00,5.055319897931102036e-01,1.091987754302692260e+01,2.012646968118536606e-01,1.000000000000000000e+00,5.990899371261804163e-02,2.755612251166725812e-01,2.873354274125960117e+00,1.000000000000000000e+00,2.873354274125960117e+00,6.544984694978735369e-03,2.106549269500357369e+00,6.544984694978735369e-03,1.552717032204991909e+00,1.230457122656002156e+00
6.400000000000000000e+01,9.066666666666666208e-01,8.633333333333332860e-01,8.633333333333332860e-01,9.815573156871938432e-01,3.966511933960571029e-02,6.829171140537834694e-02,7.840956687594566321e-02,1.349982957738410649e-01,2.784796326370586073e+01,6.439293542825907934e-13,1.299754493134688573e+02,-3.557535298381619970e+00,5.055523207599841307e-01,1.091856015569835314e+01,1.891762941811370169e-01,1.000000000000000000e+00,5.781528319050099896e-02,2.736895770136706929e-01,2.931419062144183130e+00,1.000000000000000000e+00,2.931419062144183130e+00,6.544984694978735369e-03,2.135890784088935845e+00,6.544984694978735369e-03,1.563714915007162976e+00,1.963495408493620697e-02
6.500000000000000000e+01,9.066666666666666208e-01,9.066666666666666208e-01,8.633333333333332860e-01,9.826197695116203334e-01,3.859469150937148291e-02,6.355220903071263916e-02,7.629355704317508646e-02,1.256293001779047458e-01,2.784796326370584296e+01,5.773159728050814010e-13,1.303203415393572584e+02,-3.301623458901192798e+00,5.055724525345984821e-01,1.091725588424288951e+01,1.772082433646016142e-01,1.000000000000000000e+00,5.568331634515377715e-02,2.717912760637277714e-01,2.989183726798851914e+00,1.000000000000000000e+00,2.989183726798851914e+00,6.544984694978735369e-03,2.165325186147418091e+00,6.544984694978735369e-03,1.575000917439605796e+00,1.963495408493620697e-02
6.600000000000000000e+01,9.066666666666666208e-01,9.499999999999999556e-01,8.633333333333332860e-01,9.837354885897523493e-01,3.769394715827409370e-02,5.933744464139043689e-02,7.451297562525963092e-02,1.172976007968586365e-01,2.784796326370583941e+01,5.773159728050814010e-13,1.306838794709002229e+02,-3.031876408087208485e+00,5.055923921502712970e-01,1.091596426689517862e+01,1.653563071835284504e-01,1.000000000000000000e+00,5.351252486337898517e-02,2.698658651259631114e-01,3.046313850412578628e+00,1.000000000000000000e+00,3.046313850412578628e+00,6.544984694978735369e-03,2.194755466150561940e+00,6.544984694978735369e-03,1.586327962873208097e+00,1.963495408493620697e-02
6.700000000000000000e+01,9.066666666666666208e-01,9.933333333333334014e-01,8.633333333333332860e-01,9.849050065615929661e-01,3.697914037481254274e-02,6.297304708870399281e-02,7.309995352361567389e-02,1.244844192906163216e-01,2.784796326370585362e+01,6.217248937900876626e-13,1.310661992084780536e+02,-2.748193158744050013e+00,5.056121465204080900e-01,1.091468485000358868e+01,1.536163229111320305e-01,1.000000000000000000e+00,5.130231857104750048e-02,2.679128713898899505e-01,3.102906474407187254e+00,1.000000000000000000e+00,3.102906474407187254e+00,6.544984694978735369e-03,2.224182551619134252e+00,6.544984694978735369e-03,1.597676472846021767e+00,1.963495408493620697e-02
6.800000000000000000e+01,9.066666666666666208e-01,1.036666666666666625e+00,8.633333333333332860e-01,9.861288859463267498e-01,3.646538513345105870e-02,6.657469102224640445e-02,7.208436787491254161e-02,1.316041089719343082e-01,2.784796326370582875e+01,5.329070518200751394e-13,1.314674430738367334e+02,-2.450468107390169070e+00,5.056317224452698822e-01,1.091341718757896828e+01,1.419841981317837565e-01,1.000000000000000000e+00,4.905208473884759002e-02,2.659318058412774022e-01,3.158868590645676377e+00,1.000000000000000000e+00,3.158868590645676377e+00,6.544984694978735369e-03,2.253606515075488481e+00,6.544984694978735369e-03,1.609056300577871301e+00,1.963495408493620697e-02
6.900000000000000000e+01,9.066666666666666208e-01,1.080000000000000071e+00,8.633333333333332860e-01,9.874077189160470613e-01,3.616574595094809025e-02,7.014264615938146930e-02,7.149204447061456580e-02,1.386572030150984014e-01,2.784796326370584296e+01,5.773159728050814010e-13,1.318877597800704677e+02,-2.138590908130155732e+00,5.056511266186092257e-01,1.091216084085281501e+01,1.304559066869215300e-01,1.000000000000000000e+00,4.676118735069589860e-02,2.639221627006831383e-01,3.214145108511607507e+00,1.000000000000000000e+00,3.214145108511607507e+00,6.544984694978735369e-03,2.282993659501228567e+00,6.544984694978735369e-03,1.620610553405357201e+00,1.308996938995747074e-02
7.000000000000000000e+01,9.499999999999999556e-01,8.199999999999999512e-01,8.633333333333332860e-01,9.869712154864538345e-01,2.547022146743757598e-02,4.966529326410218381e-02,5.034925059464212538e-02,9.817779949842915521e-02,2.784796326370585362e+01,6.217248937900876626e-13,1.312151722991843883e+02,-2.637654344546247476e+00,5.056258025748160412e-01,1.091380051516259009e+01,1.455016284803267723e-01,1.000000000000000000e+00,4.988139533830615591e-02,2.784347873492141190e-01,2.903022895246718527e+00,1.000000000000000000e+00,2.903022895246718527e+00,6.544984694978735369e-03,2.136993630755303020e+00,6.544984694978735369e-03,1.574990346211710079e+00,1.963495408493620697e-02
7.100000000000000000e+01,9.499999999999999556e-01,8.633333333333332860e-01,8.633333333333332860e-01,9.880062171353632960e-01,2.376353464819962527e-02,4.488530636082573022e-02,4.697549106694260540e-02,8.872877453648067569e-02,2.784796326370582165e+01,5.107025913275720086e-13,1.315433153580451346e+02,-2.394170474796863957e+00,5.056493123683551971e-01,1.091227829851245446e+01,1.315337032096186576e-01,1.000000000000000000e+00,4.775545313358264821e-02,2.765485209667284394e-01,2.962200315045278476e+00,1.000000000000000000e+00,2.962200315045278476e+00,6.544984694978735369e-03,2.167150309698424149e+00,6.544984694978735369e-03,1.586583273742327993e+00,1.963495408493620697e-02
7.200000000000000000e+01,9.499999999999999556e-01,9.066666666666666208e-01,8.633333333333332860e-01,9.890951222461833447e-01,2.228094835189213530e-02,4.008715482538294933e-02,4.404473096120890829e-02,7.924384193163749868e-02,2.784796326370588204e+01,7.327471962526033167e-13,1.318902186210635534e+02,-2.136766435224424221e+00,5.056726537094244911e-01,1.091076726889146720e+01,1.176684305982167444e-01,1.000000000000000000e+00,4.559010168802313245e-02,2.746353277936144366e-01,3.020894595989192410e+00,1.000000000000000000e+00,3.020894595989192410e+00,6.544984694978735369e-03,2.197334663293031731e+00,6.544984694978735369e-03,1.598204139706653315e+00,1.963495408493620697e-02
7.300000000000000000e+01,9.499999999999999556e-01,9.499999999999999556e-01,8.633333333333332860e-01,9.902384572841829158e-01,2.107662444791948489e-02,3.526999903786343094e-02,4.166403685865632811e-02,6.972134193259639512e-02,2.784796326370583941e+01,5.773159728050814010e-13,1.322560223935253134e+02,-1.865338118571502335e+00,5.056958354221589014e-01,1.090926684911121747e+01,1.039005143404825304e-01,1.000000000000000000e+00,4.338475058039303889e-02,2.726947393224623539e-01,3.079121283714114199e+00,1.000000000000000000e+00,3.079121283714114199e+00,6.544984694978735369e-03,2.227570193523685127e+00,6.544984694978735369e-03,1.609893083064033448e+00,1.963495408493620697e-02
7.400000000000000000e+01,9.499999999999999556e-01,9.933333333333334014e-01,8.633333333333332860e-01,9.914367779953523474e-01,2.020799470963070832e-02,3.488854404879984661e-02,3.994693925026007730e-02,6.896728595159550002e-02,2.784796326370583941e+01,5.773159728050814010e-13,1.326408734713929221e+02,-1.579776601464433217e+00,5.057188662536649115e-01,1.090777646742983009e+01,9.022470810844396283e-02,1.000000000000000000e+00,4.113878647715374370e-02,2.707262709140927370e-01,3.136703279611531059e+00,1.000000000000000000e+00,3.136703279611531059e+00,6.544984694978735369e-03,2.257797811335445104e+00,6.544984694978735369e-03,1.621643682146467036e+00,1.963495408493620697e-02
7.500000000000000000e+01,9.499999999999999556e-01,1.036666666666666625e+00,8.633333333333332860e-01,9.926906701773530184e-01,1.972779390836160163e-02,3.846737331846365043e-02,3.899768364564131645e-02,7.604187585903343649e-02,2.784796326370586073e+01,6.439293542825907934e-13,1.330449252879161577e+02,-1.279968035627621070e+00,5.057417548837611632e-01,1.090629555690992092e+01,7.663580966035254960e-02,1.000000000000000000e+00,3.885157239640779636e-02,2.687294212400441751e-01,3.193822056836973733e+00,1.000000000000000000e+00,3.193822056836973733e+00,6.544984694978735369e-03,2.288056820285643944e+00,6.544984694978735369e-03,1.633588292074245718e+00,1.308996938995747074e-02
7.600000000000000000e+01,9.499999999999999556e-01,1.080000000000000071e+00,8.633333333333332860e-01,9.940007504993207954e-01,1.967340274574559331e-02,4.201052060764760843e-02,3.889016380015475338e-02,8.304593002420505854e-02,2.784796326370583941e+01,5.773159728050814010e-13,1.334683380805748243e+02,-9.657935240110937514e-01,5.057645099347206630e-01,1.090482355477765175e+01,6.312865495934349980e-02,1.000000000000000000e+00,3.652244693190542790e-02,2.667036716964350518e-01,3.250140658574290686e+00,1.000000000000000000e+00,3.250140658574290686e+00,6.544984694978735369e-03,2.318256239810653874e+00,6.544984694978735369e-03,1.645571976902812761e+00,1.308996938995747074e-02
7.700000000000000000e+01,9.933333333333334014e-01,8.199999999999999512e-01,8.633333333333332860e-01,9.938340838605972394e-01,1.335189034380276571e-02,2.594757101606710512e-02,2.639386837259173960e-02,5.129286987474591247e-02,2.784796326370586783e+01,6.661338147750939243e-13,1.328893634556916936e+02,-1.395395730569015669e+00,5.057278456043141635e-01,1.090719546514850613e+01,8.489340625537078466e-02,1.000000000000000000e+00,3.948099502689395024e-02,2.811919260431849921e-01,2.930529300349216104e+00,1.000000000000000000e+00,2.930529300349216104e+00,6.544984694978735369e-03,2.165565740104319570e+00,6.544984694978735369e-03,1.597012386718239529e+00,1.963495408493620697e-02
7.800000000000000000e+01,9.933333333333334014e-01,8.633333333333332860e-01,8.633333333333332860e-01,9.948965982109805317e-01,1.054121557801198164e-02,2.110694807302570392e-02,2.083775774733637523e-02,4.172398026359935147e-02,2.784796326370582165e+01,5.107025913275720086e-13,1.332196045794086388e+02,-1.150355085698606672e+00,5.057548186912748100e-01,1.090545043951093795e+01,6.888097615955768305e-02,1.000000000000000000e+00,3.732039160279576606e-02,2.792897373152829488e-01,2.990935140621278077e+00,1.000000000000000000e+00,2.990935140621278077e+00,6.544984694978735369e-03,2.196552682844701287e+00,6.544984694978735369e-03,1.609012573829078141e+00,1.963495408493620697e-02
7.900000000000000000e+01,9.933333333333334014e-01,9.066666666666666208e-01,8.633333333333332860e-01,9.960142592651513027e-01,7.799455046037424150e-03,1.624644082988610169e-02,1.541787601323481652e-02,3.211578358911125475e-02,2.784796326370586073e+01,6.439293542825907934e-13,1.335688720774827232e+02,-8.911967713219115517e-01,5.057816580211937918e-01,1.090371443675549301e+01,5.295134041709559369e-02,1.000000000000000000e+00,3.511913849979020341e-02,2.773603111684570521e-01,3.050770630062207722e+00,1.000000000000000000e+00,3.050770630062207722e+00,6.544984694978735369e-03,2.227546650367493442e+00,6.544984694978735369e-03,1.621037822801112416e+00,1.963495408493620697e-02
8.000000000000000000e+01,9.933333333333334014e-01,9.499999999999999556e-01,8.633333333333332860e-01,9.971876166940216724e-01,5.265596555066086835e-03,1.136517338913194293e-02,1.040897272213545804e-02,2.246654838681036090e-02,2.784796326370582520e+01,5.329070518200751394e-13,1.339373170896245995e+02,-6.178086409813765556e-01,5.058083744316911323e-01,1.090198675050613275e+01,3.709801729114836633e-02,1.000000000000000000e+00,3.287662099039767583e-02,2.754031665609923962e-01,3.109956802605881698e+00,1.000000000000000000e+00,3.109956802605881698e+00,6.544984694978735369e-03,2.258528402446112082e+00,6.544984694978735369e-03,1.633088784291149675e+00,1.963495408493620697e-02
8.100000000000000000e+01,9.933333333333334014e-01,9.933333333333334014e-01,8.633333333333332860e-01,9.984172507016361164e-01,3.483530123093400797e-03,6.462255160897046637e-03,6.886203614124268395e-03,1.277451414855163003e-02,2.784796326370580388e+01,4.440892098500626162e-13,1.343250977223082998e+02,-3.300733788444976113e-01,5.058349787333660252e-01,1.090026667675339489e+01,2.131454676073119003e-02,1.000000000000000000e+00,3.059220027310072254e-02,2.734178058031160319e-01,3.168651266406582678e+00,1.000000000000000000e+00,3.168651266406582678e+00,6.544984694978735369e-03,2.289546952695913795e+00,6.544984694978735369e-03,1.645346116802314906e+00,1.308996938995747074e-02
8.200000000000000000e+01,9.933333333333334014e-01,1.036666666666666625e+00,8.633333333333332860e-01,9.997037728448672222e-01,3.796372343312122768e-03,9.666776937788270838e-03,7.504626636574780220e-03,1.910917716618404719e-02,2.784796326370582875e+01,5.329070518200751394e-13,1.347323791948707026e+02,-2.786839129726992326e-02,5.058614817230034921e-01,1.089855351299197039e+01,5.594482606996464824e-03,1.000000000000000000e+00,2.826521268936410536e-02,2.714037139733678217e-01,3.226845844796964347e+00,0.000000000000000000e+00,3.226845844796964347e+00,6.544984694978735369e-03,2.320621205138717613e+00,6.544984694978735369e-03,1.657733356997413532e+00,1.308996938995747074e-02
8.300000000000000000e+01,9.933333333333334014e-01,1.080000000000000071e+00,8.633333333333332860e-01,1.001047826905171689e+00,5.910838967436228206e-03,1.318368965772180081e-02,1.168448074848887214e-02,2.606137112656236807e-02,2.784796326370582520e+01,5.329070518200751394e-13,1.351593340060163655e+02,2.889343166033064847e-01,5.058878941969379150e-01,1.089684655734987118e+01,-1.006861557756311143e-02,1.000000000000000000e+00,2.589496889773990063e-02,2.693603583047501360e-01,3.284259144282501541e+00,0.000000000000000000e+00,3.284259144282501541e+00,6.544984694978735369e-03,2.351634349346492847e+00,6.544984694978735369e-03,1.670146874542931759e+00,1.308996938995747074e-02
8.400000000000000000e+01,1.036666666666666625e+00,8.199999999999999512e-01,8.633333333333332860e-01,1.001160883445820104e+00,1.732695524381546587e-02,3.793005101625406689e-02,3.425173246837813490e-02,7.497970310648681413e-02,2.784796326370580033e+01,4.440892098500626162e-13,1.346780469164340843e+02,-6.818322669855936269e-02,5.058388914838550798e-01,1.090001373241923943e+01,1.899351870155996380e-02,1.000000000000000000e+00,2.868325087640322124e-02,2.838297226330617207e-01,2.956079064201069251e+00,0.000000000000000000e+00,2.956079064201069251e+00,6.544984694978735369e-03,2.192374853369540411e+00,6.544984694978735369e-03,1.618568710454595383e+00,1.963495408493620697e-02
8.500000000000000000e+01,1.036666666666666625e+00,8.633333333333332860e-01,8.633333333333332860e-01,1.002253319909423013e+00,1.589268157119476041e-02,3.423870096935081181e-02,3.141647621996268569e-02,6.768268337771513043e-02,2.784796326370580744e+01,4.662936703425657470e-13,1.350107641402183560e+02,1.786946974011272005e-01,5.058696407257322614e-01,1.089802618409225410e+01,7.556900056604476390e-04,1.000000000000000000e+00,2.648534241931876920e-02,2.819102222859202200e-01,3.017714424013377528e+00,0.000000000000000000e+00,3.017714424013377528e+00,6.544984694978735369e-03,2.224166241444582859e+00,6.544984694978735369e-03,1.630976587065577688e+00,1.963495408493620697e-02
8.600000000000000000e+01,1.036666666666666625e+00,9.066666666666666208e-01,8.633333333333332860e-01,1.003402255091057516e+00,1.493525115068017328e-02,3.058859387169497734e-02,2.952383841031303718e-02,6.046719225243734480e-02,2.784796326370578967e+01,3.996802888650563546e-13,1.353627977593498599e+02,4.399054881020214580e-01,5.059002954449074441e-01,1.089604522642614093e+01,-1.742166250341403710e-02,1.000000000000000000e+00,2.424544765471914332e-02,2.799631343645740955e-01,3.078735783992367470e+00,0.000000000000000000e+00,3.078735783992367470e+00,6.544984694978735369e-03,2.255965262002308958e+00,6.544984694978735369e-03,1.643415288253137430e+00,1.963495408493620697e-02
8.700000000000000000e+01,1.036666666666666625e+00,9.499999999999999556e-01,8.633333333333332860e-01,1.004608264371457782e+00,1.456072933014061765e-02,2.697948967134656401e-02,2.878348783976086150e-02,5.333275519864760089e-02,2.784796326370582165e+01,5.107025913275720086e-13,1.357343103455527284e+02,7.155697744755551426e-01,5.059308687479088240e-01,1.089407000817593207e+01,-3.554634988596205858e-02,1.000000000000000000e+00,2.196292508209740646e-02,2.779879640046525324e-01,3.139160113970104860e+00,0.000000000000000000e+00,3.139160113970104860e+00,6.544984694978735369e-03,2.287776638463999923e+00,6.544984694978735369e-03,1.655889580815984363e+00,1.963495408493620697e-02
8.800000000000000000e+01,1.036666666666666625e+00,9.933333333333334014e-01,8.633333333333332860e-01,1.005871955055962275e+00,1.482560983866004073e-02,2.374003768862449973e-02,2.930710068380820363e-02,4.692904253851608309e-02,2.784796326370582165e+01,5.107025913275720086e-13,1.361254719753258087e+02,1.005813754175410857e+00,5.059613737727184368e-01,1.089209967689792435e+01,-5.362619420199443709e-02,1.000000000000000000e+00,1.963710784016559074e-02,2.759841991170199904e-01,3.198977798484225143e+00,0.000000000000000000e+00,3.198977798484225143e+00,6.544984694978735369e-03,2.319598021241306984e+00,6.544984694978735369e-03,1.668640750988747312e+00,1.308996938995747074e-02
8.900000000000000000e+01,1.036666666666666625e+00,1.036666666666666625e+00,8.633333333333332860e-01,1.007193967249302657e+00,1.570986954588437720e-02,2.382509087875759810e-02,3.105509544100738817e-02,4.709717473906879087e-02,2.784796326370583941e+01,5.773159728050814010e-13,1.365364603787965621e+02,1.310769303887782122e+00,5.059918237060284651e-01,1.089013337783218738e+01,-7.166903876528740724e-02,1.000000000000000000e+00,1.726730287094468963e-02,2.739513097747749981e-01,3.258112845274768521e+00,0.000000000000000000e+00,3.258112845274768521e+00,6.544984694978735369e-03,2.351394829092101624e+00,6.544984694978735369e-03,1.681459043698569689e+00,1.308996938995747074e-02
9.000000000000000000e+01,1.036666666666666625e+00,1.080000000000000071e+00,8.633333333333332860e-01,1.008574974786106138e+00,1.712982537003361616e-02,2.794934442879610376e-02,3.386204832576392154e-02,5.524995329940464439e-02,2.784796326370580744e+01,4.662936703425657470e-13,1.369674611089929499e+02,1.630574104932080992e+00,5.060222318008414932e-01,1.088817025276548378e+01,-8.968275857731411449e-02,1.000000000000000000e+00,1.485279003762496330e-02,2.718887475682834065e-01,3.316746404011501781e+00,0.000000000000000000e+00,3.316746404011501781e+00,6.544984694978735369e-03,2.383238021649142446e+00,6.544984694978735369e-03,1.694308946135935745e+00,1.308996938995747074e-02
9.100000000000000000e+01,1.080000000000000071e+00,8.199999999999999512e-01,8.633333333333332860e-01,1.008978945529494631e+00,3.255505643307308322e-02,6.816763427150764054e-02,6.435447357876532271e-02,1.347530214752132305e-01,2.784796326370584296e+01,5.773159728050814010e-13,1.365883658307926680e+02,1.349283421349167789e+00,5.059598168564194420e-01,1.089220022721318770e+01,-5.270354019646372734e-02,1.000000000000000000e+00,1.746120123335703767e-02,2.863446995786249616e-01,2.979749446065226959e+00,0.000000000000000000e+00,2.979749446065226959e+00,6.544984694978735369e-03,2.217479977277654779e+00,6.544984694978735369e-03,1.639635895570238588e+00,1.963495408493620697e-02
9.200000000000000000e+01,1.080000000000000071e+00,8.633333333333332860e-01,8.633333333333332860e-01,1.010103946163449340e+00,3.216657017334639129e-02,6.449524478625143220e-02,6.358651826009795172e-02,1.274934827738838650e-01,2.784796326370580033e+01,4.440892098500626162e-13,1.369239898846229835e+02,1.598318228580186684e+00,5.059946875384915277e-01,1.088994847070718386e+01,-7.336575447512982961e-02,1.000000000000000000e+00,1.522310142400318256e-02,2.844064019677663424e-01,3.042625231647279715e+00,0.000000000000000000e+00,3.042625231647279715e+00,6.544984694978735369e-03,2.250078744328566582e+00,6.544984694978735369e-03,1.652465620333519070e+00,1.963495408493620697e-02
9.300000000000000000e+01,1.080000000000000071e+00,9.066666666666666208e-01,8.633333333333332860e-01,1.011286916842528472e+00,3.207969245457393398e-02,6.086643496498601869e-02,6.341477935161780877e-02,1.203200918677712478e-01,2.784796326370580388e+01,4.440892098500626162e-13,1.372792467784869075e+02,1.861920706028419303e+00,5.060295081581699383e-01,1.088770056625359750e+01,-9.399262215560311162e-02,1.000000000000000000e+00,1.294157261096984257e-02,2.824401238307103768e-01,3.104960834704067807e+00,0.000000000000000000e+00,3.104960834704067807e+00,6.544984694978735369e-03,2.282708400561589634e+00,6.544984694978735369e-03,1.665332989600235347e+00,1.963495408493620697e-02
9.400000000000000000e+01,1.080000000000000071e+00,9.499999999999999556e-01,8.633333333333332860e-01,1.012528461483314324e+00,3.230258326883612280e-02,5.728096192850047619e-02,6.385538743493887615e-02,1.132323686359518328e-01,2.784796326370585362e+01,6.217248937900876626e-13,1.376543111643145778e+02,2.140220446341545291e+00,5.060642943851120235e-01,1.088545549980659644e+01,-1.145934481659227622e-01,1.000000000000000000e+00,1.061594374095964355e-02,2.804453550523255956e-01,3.166661899165543304e+00,0.000000000000000000e+00,3.166661899165543304e+00,6.544984694978735369e-03,2.315346210926647164e+00,6.544984694978735369e-03,1.678266883241262386e+00,1.308996938995747074e-02
9.500000000000000000e+01,1.080000000000000071e+00,9.933333333333334014e-01,8.633333333333332860e-01,1.013829217476255540e+00,3.283495980076250181e-02,5.373923078092199268e-02,6.490778344378145270e-02,1.062311138837598867e-01,2.784796326370578967e+01,3.996802888650563546e-13,1.380493658041518472e+02,2.433353059915588368e+00,5.060990619889998987e-01,1.088321225198374620e+01,-1.351775864030235752e-01,1.000000000000000000e+00,8.245516970806221480e-03,2.784215676480616963e-01,3.227713204493471988e+00,0.000000000000000000e+00,3.227713204493471988e+00,6.544984694978735369e-03,2.347976060103414309e+00,6.544984694978735369e-03,1.691481289887919681e+00,1.308996938995747074e-02
9.600000000000000000e+01,1.080000000000000071e+00,1.036666666666666625e+00,8.633333333333332860e-01,1.015189856622924269e+00,3.366841536351748015e-02,5.091236147104945264e-02,6.655534913308248923e-02,1.006429900638300817e-01,2.784796326370582165e+01,5.107025913275720086e-13,1.384646017256571611e+02,2.741460290274422285e+00,5.061338268615517277e-01,1.088096979665237285e+01,-1.557544527043597249e-01,1.000000000000000000e+00,5.829566771686778281e-03,2.763682151179667201e-01,3.288054643510718744e+00,0.000000000000000000e+00,3.288054643510718744e+00,6.544984694978735369e-03,2.380590592093862590e+00,6.544984694978735369e-03,1.704742065283046948e+00,1.308996938995747074e-02
9.700000000000000000e+01,1.080000000000000071e+00,1.080000000000000071e+00,8.633333333333332860e-01,1.016611086133140995e+00,3.478778330590903689e-02,5.295626187798831846e-02,6.876810323540288872e-02,1.046833496622348175e-01,2.784796326370580033e+01,4.440892098500626162e-13,1.389002183980187226e+02,3.064690144601334154e+00,5.061686050390932223e-01,1.087872709948299743e+01,-1.763335381215647146e-01,1.000000000000000000e+00,3.367338983358614257e-03,2.742847317666292639e-01,3.347710483879767107e+00,0.000000000000000000e+00,3.347710483879767107e+00,6.544984694978735369e-03,2.413190112738037296e+00,6.544984694978735369e-03,1.718049482377704384e+00,1.308996938995747074e-02
9.800000000000000000e+01,8.199999999999999512e-01,8.199999999999999512e-01,9.066666666666666208e-01,9.690033273328537700e-01,7.235063639078470610e-02,1.181384255719677562e-01,1.430219335539973102e-01,2.335347260950965398e-01,2.784796326370585362e+01,6.217248937900876626e-13,1.268498825212610654e+02,-5.876722241933229895e+00,5.053686296559265489e-01,1.093047050004936516e+01,2.984661247899200731e-01,1.000000000000000000e+00,7.938054721192333574e-02,2.689466953391832504e-01,2.776643532343974652e+00,1.000000000000000000e+00,2.776643532343974652e+00,6.544984694978735369e-03,2.027888404465203021e+00,1.308996938995747074e-02,1.503551455061218567e+00,1.191187214486129742e+00
9.900000000000000000e+01,8.199999999999999512e-01,8.633333333333332860e-01,9.066666666666666208e-01,9.699688469059452034e-01,7.150559995525430923e-02,1.135201040511055609e-01,1.413514749241610025e-01,2.244052794635548187e-01,2.784796326370585362e+01,6.217248937900876626e-13,1.271736155011395510e+02,-5.636510673905625879e+00,5.053835268004879255e-01,1.092950393906686202e+01,2.895969197579173482e-01,1.000000000000000000e+00,7.734479425577500677e-02,2.670998270042233003e-01,2.832795332251376141e+00,1.000000000000000000e+00,2.832795332251376141e+00,6.544984694978735369e-03,2.055231419704477425e+00,1.308996938995747074e-02,1.513092127907839757e+00,1.230457122656002156e+00
1.000000000000000000e+02,8.199999999999999512e-01,9.066666666666666208e-01,9.066666666666666208e-01,9.709851206272637203e-01,7.074384469955269372e-02,1.092286082269405129e-01,1.398456456046107410e-01,2.159218982352845428e-01,2.784796326370586428e+01,6.661338147750939243e-13,1.275154242145936792e+02,-5.382886816814725250e+00,5.053981745570753636e-01,1.092855367006202272e+01,2.808772106117407574e-01,1.000000000000000000e+00,7.527287269275895198e-02,2.652267190978356837e-01,2.888498764642340344e+00,1.000000000000000000e+00,2.888498764642340344e+00,6.544984694978735369e-03,2.082838583574206037e+00,6.544984694978735369e-03,1.523286646179560000e+00,1.230457122656002156e+00
1.010000000000000000e+02,8.199999999999999512e-01,9.499999999999999556e-01,9.066666666666666208e-01,9.720526181950255307e-01,7.006973872708412154e-02,1.129324252792986844e-01,1.385130804135873139e-01,2.232435626018194619e-01,2.784796326370585362e+01,6.217248937900876626e-13,1.278754197985701069e+02,-5.115768206463533474e+00,5.054125770233867110e-01,1.092761942160062283e+01,2.723045066592932884e-01,1.000000000000000000e+00,7.316425264480486135e-02,2.633269336290302576e-01,2.943679573722548515e+00,1.000000000000000000e+00,2.943679573722548515e+00,6.544984694978735369e-03,2.110535944649122087e+00,6.544984694978735369e-03,1.533711760171935001e+00,1.963495408493620697e-02
1.020000000000000000e+02,8.199999999999999512e-01,9.933333333333334014e-01,9.066666666666666208e-01,9.731718355337264370e-01,6.948762050895886111e-02,1.166055796160195973e-01,1.373623555925422290e-01,2.305046132530199354e-01,2.784796326370586783e+01,6.661338147750939243e-13,1.282537188049134613e+02,-4.835068360772398322e+00,5.054267381105216339e-01,1.092670093456700542e+01,2.638764302441920506e-01,1.000000000000000000e+00,7.101838419361516941e-02,2.614000176972295364e-01,2.998314126132384239e+00,1.000000000000000000e+00,2.998314126132384239e+00,6.544984694978735369e-03,2.138227498091931356e+00,6.544984694978735369e-03,1.544247094538113263e+00,1.963495408493620697e-02
1.030000000000000000e+02,8.199999999999999512e-01,1.036666666666666625e+00,9.066666666666666208e-01,9.743432954498897347e-01,6.900174499177194609e-02,1.202483868576923187e-01,1.364018822725940605e-01,2.377056741041570498e-01,2.784796326370585717e+01,6.439293542825907934e-13,1.286504433622484669e+02,-4.540696659661602297e+00,5.054406615451004781e-01,1.092579796201474629e+01,2.555907153754866101e-01,1.000000000000000000e+00,6.883469675685294220e-02,2.594455029967521753e-01,3.052337991023527319e+00,1.000000000000000000e+00,3.052337991023527319e+00,6.544984694978735369e-03,2.165896785263603963e+00,6.544984694978735369e-03,1.554798668464071998e+00,1.963495408493620697e-02
1.040000000000000000e+02,8.199999999999999512e-01,1.080000000000000071e+00,9.066666666666666208e-01,9.755675483291503802e-01,6.861622605207554071e-02,1.238611513303578271e-01,1.356397927191690667e-01,2.448473467435648421e-01,2.784796326370586073e+01,6.439293542825907934e-13,1.290657213572024773e+02,-4.232558210583270863e+00,5.054543508710622746e-01,1.092491026903877227e+01,2.474452065541088430e-01,1.000000000000000000e+00,6.661259843124334168e-02,2.574629052962782438e-01,3.105769234591179373e+00,1.000000000000000000e+00,3.105769234591179373e+00,6.544984694978735369e-03,2.193549608261606387e+00,6.544984694978735369e-03,1.565370396428380495e+00,1.963495408493620697e-02
1.050000000000000000e+02,8.633333333333332860e-01,8.199999999999999512e-01,9.066666666666666208e-01,9.746146631314106523e-01,5.663221043039307068e-02,9.542483425019700205e-02,1.119499238879303471e-01,1.886347513215682892e-01,2.784796326370584296e+01,5.773159728050814010e-13,1.282171781096811287e+02,-4.862181748175419926e+00,5.054481693875536585e-01,1.092531109932753175e+01,2.511232424756926207e-01,1.000000000000000000e+00,7.003467425679144043e-02,2.720431540270595860e-01,2.810303434622054120e+00,1.000000000000000000e+00,2.810303434622054120e+00,6.544984694978735369e-03,2.061815790671980508e+00,1.308996938995747074e-02,1.525979106984656664e+00,1.223912137961023605e+00
1.060000000000000000e+02,8.633333333333332860e-01,8.633333333333332860e-01,9.066666666666666208e-01,9.756016313820476960e-01,5.564396894176125430e-02,9.075524815226479469e-02,1.099963791014133691e-01,1.794039654440829912e-01,2.784796326370586073e+01,6.439293542825907934e-13,1.285421347287242497e+02,-4.621062233473526959e+00,5.054657609421085995e-01,1.092417044926380143e+01,2.406565885675338023e-01,1.000000000000000000e+00,6.797098399872680830e-02,2.701840327780926643e-01,2.867481785257544935e+00,1.000000000000000000e+00,2.867481785257544935e+00,6.544984694978735369e-03,2.090017384946783352e+00,1.308996938995747074e-02,1.536500644981150909e+00,1.230457122656002156e+00
1.070000000000000000e+02,8.633333333333332860e-01,9.066666666666666208e-01,9.066666666666666208e-01,9.766403224329807120e-01,5.476532363895526140e-02,8.607122142380169150e-02,1.082594828364420725e-01,1.701446334887289080e-01,2.784796326370586073e+01,6.439293542825907934e-13,1.288853734614889390e+02,-4.366377294558243527e+00,5.054831274973347055e-01,1.092304454407782011e+01,2.303252342900297123e-01,1.000000000000000000e+00,6.587012507573408726e-02,2.682984634542471269e-01,2.924136342819576573e+00,1.000000000000000000e+00,2.924136342819576573e+00,6.544984694978735369e-03,2.118486996363055930e+00,6.544984694978735369e-03,1.547059947364726629e+00,1.230457122656002156e+00
1.080000000000000000e+02,8.633333333333332860e-01,9.499999999999999556e-01,9.066666666666666208e-01,9.777312232077153276e-01,5.400391635846683858e-02,8.610023098401164976e-02,1.067543413904241123e-01,1.702019792647960217e-01,2.784796326370585362e+01,6.217248937900876626e-13,1.292470146828152622e+02,-4.098037612667260632e+00,5.055002745837712252e-01,1.092193301924737625e+01,2.201258347717116592e-01,1.000000000000000000e+00,6.373154921890389346e-02,2.663859987112999761e-01,2.980395553345713378e+00,1.000000000000000000e+00,2.980395553345713378e+00,6.544984694978735369e-03,2.147032730307452120e+00,6.544984694978735369e-03,1.557962887316427736e+00,1.963495408493620697e-02
1.090000000000000000e+02,8.633333333333332860e-01,9.933333333333334014e-01,9.066666666666666208e-01,9.788748477788649094e-01,5.336725317909934291e-02,8.975465346253676258e-02,1.054957926964782411e-01,1.774260009869936816e-01,2.784796326370582165e+01,5.107025913275720086e-13,1.296271845018240185e+02,-3.815949614171898485e+00,5.055172075773577411e-01,1.092083552054182327e+01,2.100551395769922891e-01,1.000000000000000000e+00,6.155468725188928403e-02,2.644461759247764832e-01,3.036050840469666667e+00,1.000000000000000000e+00,3.036050840469666667e+00,6.544984694978735369e-03,2.175562643950137875e+00,6.544984694978735369e-03,1.568885002863507516e+00,1.963495408493620697e-02
1.100000000000000000e+02,8.633333333333332860e-01,1.036666666666666625e+00,9.066666666666666208e-01,9.800717380582352201e-01,5.286252859073717336e-02,9.337695015063680881e-02,1.044980587422127405e-01,1.845865168038842152e-01,2.784796326370586073e+01,6.439293542825907934e-13,1.300260149168387613e+02,-3.520015355624150910e+00,5.055339317037841340e-01,1.091975170372730730e+01,2.001099900012404120e-01,1.000000000000000000e+00,5.933894843367149008e-02,2.624785166757854782e-01,3.091130213439151397e+00,1.000000000000000000e+00,3.091130213439151397e+00,6.544984694978735369e-03,2.204089605065887802e+00,6.544984694978735369e-03,1.579834837215597698e+00,1.963495408493620697e-02
1.110000000000000000e+02,8.633333333333332860e-01,1.080000000000000071e+00,9.066666666666666208e-01,9.813224645304594596e-01,5.249643702245006260e-02,9.696740949866017312e-02,1.037743730005776244e-01,1.916840969209090417e-01,2.784796326370586783e+01,6.661338147750939243e-13,1.304436439900614175e+02,-3.210132394146503199e+00,5.055504520426076231e-01,1.091868123428760384e+01,1.902873165092744401e-01,1.000000000000000000e+00,5.708371976622217403e-02,2.604825262106942318e-01,3.145562661589083042e+00,1.000000000000000000e+00,3.145562661589083042e+00,6.544984694978735369e-03,2.232585986043424064e+00,6.544984694978735369e-03,1.590801956682540208e+00,1.963495408493620697e-02
1.120000000000000000e+02,9.066666666666666208e-01,8.199999999999999512e-01,9.066666666666666208e-01,9.806229872264935477e-01,4.083053761311320612e-02,7.240594549979539885e-02,8.071335276078459020e-02,1.431312679857102976e-01,2.784796326370585362e+01,6.217248937900876626e-13,1.296817109530936136e+02,-3.775490701510708647e+00,5.055346641434361743e-01,1.091970424082444779e+01,1.996744683688822519e-01,1.000000000000000000e+00,6.035896716003374962e-02,2.750273160675069661e-01,2.841604529236369192e+00,1.000000000000000000e+00,2.841604529236369192e+00,6.544984694978735369e-03,2.093721555019619096e+00,1.308996938995747074e-02,1.548553593624658831e+00,1.230457122656002156e+00
1.130000000000000000e+02,9.066666666666666208e-01,8.633333333333332860e-01,9.066666666666666208e-01,9.816332730712009624e-01,3.960610215861048305e-02,6.768194005566473270e-02,7.829290236876354503e-02,1.337929065497460157e-01,2.784796326370585362e+01,6.217248937900876626e-13,1.300081452153586952e+02,-3.533274767792549120e+00,5.055551883865878615e-01,1.091837435891473795e+01,1.874714149257217244e-01,1.000000000000000000e+00,5.826526746400872980e-02,2.731547782216878772e-01,2.899768741783103287e+00,1.000000000000000000e+00,2.899768741783103287e+00,6.544984694978735369e-03,2.122837073795947660e+00,6.544984694978735369e-03,1.559489020011413984e+00,1.230457122656002156e+00
1.140000000000000000e+02,9.066666666666666208e-01,9.066666666666666208e-01,9.066666666666666208e-01,9.826963347519961367e-01,3.853505217811653560e-02,6.294167138138406781e-02,7.617566267627721988e-02,1.244223961412512930e-01,2.784796326370585717e+01,6.439293542825907934e-13,1.303530861154833929e+02,-3.277326811773650928e+00,5.055755150656683350e-01,1.091705749113354962e+01,1.753877796840663805e-01,1.000000000000000000e+00,5.613332589070818557e-02,2.712555516660559718e-01,2.957390876348100939e+00,1.000000000000000000e+00,2.957390876348100939e+00,6.544984694978735369e-03,2.152112895622353861e+00,6.544984694978735369e-03,1.570532093874737800e+00,1.963495408493620697e-02
1.150000000000000000e+02,9.066666666666666208e-01,9.499999999999999556e-01,9.066666666666666208e-01,9.838126782096723311e-01,3.763402015136693701e-02,5.867127255908635708e-02,7.439451258433112113e-02,1.159807192316958113e-01,2.784796326370586073e+01,6.439293542825907934e-13,1.307166637680998633e+02,-3.007550287714899628e+00,5.055956513160527743e-01,1.091575316910715898e+01,1.634192648265253567e-01,1.000000000000000000e+00,5.396257401170956314e-02,2.693291787277907190e-01,3.014657868781353667e+00,1.000000000000000000e+00,3.014657868781353667e+00,6.544984694978735369e-03,2.181472858563367812e+00,6.544984694978735369e-03,1.581825207204631933e+00,1.963495408493620697e-02
1.160000000000000000e+02,9.066666666666666208e-01,9.933333333333334014e-01,9.066666666666666208e-01,9.849828375551210602e-01,3.691931838165050939e-02,6.230596478055954596e-02,7.298169807269087872e-02,1.231657384011330264e-01,2.784796326370585362e+01,6.217248937900876626e-13,1.310990143893481275e+02,-2.723844122526397626e+00,5.056156041556469916e-01,1.091446093242327819e+01,1.515616455902035753e-01,1.000000000000000000e+00,5.175242153688319746e-02,2.673751860390529700e-01,3.071391428356707198e+00,1.000000000000000000e+00,3.071391428356707198e+00,6.544984694978735369e-03,2.210838021500504791e+00,6.544984694978735369e-03,1.593146755349218679e+00,1.963495408493620697e-02
1.170000000000000000e+02,9.066666666666666208e-01,1.036666666666666625e+00,9.066666666666666208e-01,9.862073757979515909e-01,3.640611063651245927e-02,6.590665961908162562e-02,7.196719470843464250e-02,1.302835519219677773e-01,2.784796326370583941e+01,5.773159728050814010e-13,1.315002804465756583e+02,-2.426102604689506226e+00,5.056353804918195527e-01,1.091318032816913508e+01,1.398107660280700770e-01,1.000000000000000000e+00,4.950225561976306921e-02,2.653930840019258497e-01,3.127512229491175688e+00,1.000000000000000000e+00,3.127512229491175688e+00,6.544984694978735369e-03,2.240189880374498621e+00,6.544984694978735369e-03,1.604492201410411267e+00,1.963495408493620697e-02
1.180000000000000000e+02,9.066666666666666208e-01,1.080000000000000071e+00,9.066666666666666208e-01,9.874868856211708179e-01,3.610749613504628946e-02,6.947362571039422674e-02,7.137689688221683648e-02,1.373346908303471614e-01,2.784796326370583586e+01,5.551115123125782702e-13,1.319206108280742455e+02,-2.114215258311280543e+00,5.056549871282080000e-01,1.091191091047862471e+01,1.281625348536374887e-01,1.000000000000000000e+00,4.721144012558120551e-02,2.633823662259677789e-01,3.183004047520223700e+00,1.000000000000000000e+00,3.183004047520223700e+00,6.544984694978735369e-03,2.269524128688086950e+00,6.544984694978735369e-03,1.615882562430682956e+00,1.308996938995747074e-02
1.190000000000000000e+02,9.499999999999999556e-01,8.199999999999999512e-01,9.066666666666666208e-01,9.870484491136541916e-01,2.539732697762717498e-02,4.905063644625221736e-02,5.020515357769531062e-02,9.696275273524344873e-02,2.784796326370585362e+01,6.217248937900876626e-13,1.312486492180160269e+02,-2.612814295292387179e+00,5.056287193261713719e-01,1.091361164539946138e+01,1.437685514330766523e-01,1.000000000000000000e+00,5.033295135536786091e-02,2.778972152837368981e-01,2.870613559944357629e+00,1.000000000000000000e+00,2.870613559944357629e+00,6.544984694978735369e-03,2.123685936512710981e+00,6.544984694978735369e-03,1.570726643169602976e+00,1.230457122656002156e+00
1.200000000000000000e+02,9.499999999999999556e-01,8.633333333333332860e-01,9.066666666666666208e-01,9.880840804807228261e-01,2.368716586059726667e-02,4.426956091332521354e-02,4.682452609675120253e-02,8.751157578230618628e-02,2.784796326370586073e+01,6.439293542825907934e-13,1.315768518121249429e+02,-2.369286250076785283e+00,5.056524365675491017e-01,1.091207603356943601e+01,1.296777114171865364e-01,1.000000000000000000e+00,4.820700118836551695e-02,2.760100301844037318e-01,2.929895033965109530e+00,1.000000000000000000e+00,2.929895033965109530e+00,6.544984694978735369e-03,2.153773032291274703e+00,6.544984694978735369e-03,1.582103656802370084e+00,1.963495408493620697e-02
1.210000000000000000e+02,9.499999999999999556e-01,9.066666666666666208e-01,9.066666666666666208e-01,9.891736322429836026e-01,2.220155279268751225e-02,3.947027987082395856e-02,4.388778270256867703e-02,7.802441038046874222e-02,2.784796326370582165e+01,5.107025913275720086e-13,1.319238053391413814e+02,-2.111844914354332747e+00,5.056759871534654005e-01,1.091055149717220019e+01,1.156885000475948999e-01,1.000000000000000000e+00,4.604165602444254546e-02,2.740958814485878747e-01,2.988605751502086072e+00,1.000000000000000000e+00,2.988605751502086072e+00,6.544984694978735369e-03,2.183859244374802167e+00,6.544984694978735369e-03,1.593689612595641236e+00,1.963495408493620697e-02
1.220000000000000000e+02,9.499999999999999556e-01,9.499999999999999556e-01,9.066666666666666208e-01,9.903176313546224740e-01,2.099505935138789095e-02,3.465195338328393854e-02,4.150279988275112908e-02,6.849959615464407126e-02,2.784796326370582875e+01,5.329070518200751394e-13,1.322896501791159096e+02,-1.840386125391668681e+00,5.056993800198760214e-01,1.090903745180805906e+01,1.017955548476612293e-01,1.000000000000000000e+00,4.383632530669512306e-02,2.721543000088137987e-01,3.046803516848975768e+00,1.000000000000000000e+00,3.046803516848975768e+00,6.544984694978735369e-03,2.213970631271371836e+00,6.544984694978735369e-03,1.605306796127711433e+00,1.963495408493620697e-02
1.230000000000000000e+02,9.499999999999999556e-01,9.933333333333334014e-01,9.066666666666666208e-01,9.915166340706990100e-01,2.012560494360736418e-02,3.421394360240506693e-02,3.978407207687303937e-02,6.763374329001277385e-02,2.784796326370585362e+01,6.217248937900876626e-13,1.326745332330798419e+02,-1.554800881853524164e+00,5.057226240284518060e-01,1.090753331835437123e+01,8.799356176318884337e-02,1.000000000000000000e+00,4.159039556431931572e-02,2.701848006390088486e-01,3.104633831027911572e+00,1.000000000000000000e+00,3.104633831027911572e+00,6.544984694978735369e-03,2.244147748555781696e+00,6.544984694978735369e-03,1.617003766957303412e+00,1.963495408493620697e-02
1.240000000000000000e+02,9.499999999999999556e-01,1.036666666666666625e+00,9.066666666666666208e-01,9.927712267190994533e-01,1.964637247623535546e-02,3.779175152940787707e-02,3.883673066393520529e-02,7.470631421863471733e-02,2.784796326370580744e+01,4.662936703425657470e-13,1.330786080697236855e+02,-1.254975234966548836e+00,5.057457279765069647e-01,1.090603852231155457e+01,7.427724916133637834e-02,1.000000000000000000e+00,3.930322967617616570e-02,2.681868813960726072e-01,3.161743251218506412e+00,1.000000000000000000e+00,3.161743251218506412e+00,6.544984694978735369e-03,2.274300641930663502e+00,6.544984694978735369e-03,1.628774001956325712e+00,1.308996938995747074e-02
1.250000000000000000e+02,9.499999999999999556e-01,1.080000000000000071e+00,9.066666666666666208e-01,9.940820265213957674e-01,1.959497469011596202e-02,4.133384003911436816e-02,3.873512809182394490e-02,8.170827540030781155e-02,2.784796326370585717e+01,6.439293542825907934e-13,1.335020350922796979e+02,-9.407901646915961535e-01,5.057687006069333524e-01,1.090455249314995179e+01,6.064138183752287858e-02,1.000000000000000000e+00,3.697416609433545887e-02,2.661600230326639505e-01,3.218365403541576075e+00,1.000000000000000000e+00,3.218365403541576075e+00,6.544984694978735369e-03,2.304470901417296158e+00,6.544984694978735369e-03,1.640731662667314739e+00,1.308996938995747074e-02
1.260000000000000000e+02,9.933333333333334014e-01,8.199999999999999512e-01,9.066666666666666208e-01,9.939133334282292953e-01,1.325807711122804940e-02,2.532659652508427450e-02,2.620841941754294135e-02,5.006533440555706316e-02,2.784796326370582875e+01,5.329070518200751394e-13,1.329237437500345607e+02,-1.369885371950474440e+00,5.057310188644116300e-01,1.090699015155482599e+01,8.300943991370601793e-02,1.000000000000000000e+00,3.993423567239684502e-02,2.806504241714078418e-01,2.897473137661622289e+00,1.000000000000000000e+00,2.897473137661622289e+00,6.544984694978735369e-03,2.151943928677408913e+00,6.544984694978735369e-03,1.592523039336102286e+00,1.230457122656002156e+00
1.270000000000000000e+02,9.933333333333334014e-01,8.633333333333332860e-01,9.066666666666666208e-01,9.949765184414083308e-01,1.042692208916553426e-02,2.048483547792049816e-02,2.061182364940861850e-02,4.049419500283591572e-02,2.784796326370578967e+01,3.996802888650563546e-13,1.332540466081225929e+02,-1.124798919853109425e+00,5.057582144377839040e-01,1.090523077784911621e+01,6.686535132922610813e-02,1.000000000000000000e+00,3.777360392061002159e-02,2.787472855384232062e-01,2.957921711360891770e+00,1.000000000000000000e+00,2.957921711360891770e+00,6.544984694978735369e-03,2.182843196258636542e+00,6.544984694978735369e-03,1.604421884926216624e+00,1.963495408493620697e-02
1.280000000000000000e+02,9.933333333333334014e-01,9.066666666666666208e-01,9.066666666666666208e-01,9.960948680437463620e-01,7.651368018745431827e-03,1.562314724065917704e-02,1.512513922425666284e-02,3.088366375229942631e-02,2.784796326370582875e+01,5.329070518200751394e-13,1.336033663610020596e+02,-8.656018321369085555e-01,5.057852782367694422e-01,1.090348030470776308e+01,5.080293470500762965e-02,1.000000000000000000e+00,3.557233650275204440e-02,2.768168715688812398e-01,3.017802452915665956e+00,1.000000000000000000e+00,3.017802452915665956e+00,6.544984694978735369e-03,2.213738225602737586e+00,6.544984694978735369e-03,1.616409481071824583e+00,1.963495408493620697e-02
1.290000000000000000e+02,9.933333333333334014e-01,9.499999999999999556e-01,9.066666666666666208e-01,9.972689324358111618e-01,5.055274771391470891e-03,1.074065570697824677e-02,9.993210958725448623e-03,2.123200877671152162e-02,2.784796326370583941e+01,5.773159728050814010e-13,1.339718542105804602e+02,-5.921819161939234633e-01,5.058122212215486746e-01,1.090173801788546548e+01,3.481563609557536410e-02,1.000000000000000000e+00,3.332981853272087847e-02,2.748587006299256785e-01,3.077149638477652882e+00,1.000000000000000000e+00,3.077149638477652882e+00,6.544984694978735369e-03,2.244663379696469008e+00,6.544984694978735369e-03,1.628435692956408776e+00,1.963495408493620697e-02
1.300000000000000000e+02,9.933333333333334014e-01,9.933333333333334014e-01,9.066666666666666208e-01,9.984992923731855763e-01,3.176611807313188714e-03,5.836471804457325600e-03,6.279490900100190114e-03,1.153747256759714811e-02,2.784796326370582875e+01,5.329070518200751394e-13,1.343596683560997178e+02,-3.044217873574006639e-01,5.058390543283690644e-01,1.090000320531470734e+01,1.889692153884681147e-02,1.000000000000000000e+00,3.104541104790659034e-02,2.728722744123412980e-01,3.135946160828818829e+00,1.000000000000000000e+00,3.135946160828818829e+00,6.544984694978735369e-03,2.275602087455525613e+00,6.544984694978735369e-03,1.640492553476821769e+00,1.963495408493620697e-02
1.310000000000000000e+02,9.933333333333334014e-01,1.036666666666666625e+00,9.066666666666666208e-01,9.997865599872691744e-01,3.536165054169996581e-03,8.982912657711316848e-03,6.990251760631172040e-03,1.775732186118252759e-02,2.784796326370581099e+01,4.662936703425657470e-13,1.347669741405119055e+02,-2.198760290184065269e-03,5.058657884829614870e-01,1.089827515623016474e+01,3.040269021736818900e-03,1.000000000000000000e+00,2.871845022574248674e-02,2.708570773458482961e-01,3.194171088437247619e+00,0.000000000000000000e+00,3.194171088437247619e+00,6.544984694978735369e-03,2.306549500492592220e+00,6.544984694978735369e-03,1.652802958112506770e+00,1.308996938995747074e-02
1.320000000000000000e+02,9.933333333333334014e-01,1.080000000000000071e+00,9.066666666666666208e-01,1.001131379658201981e+00,5.759868522349383818e-03,1.249870227238640379e-02,1.138604405127444097e-02,2.470729567957371045e-02,2.784796326370585362e+01,6.217248937900876626e-13,1.351939442171285179e+02,3.146152746698493985e-01,5.058924346141197015e-01,1.089655316028422050e+01,-1.276083963599461413e-02,1.000000000000000000e+00,2.634824655727285858e-02,2.688125759841186735e-01,3.251773343815445028e+00,0.000000000000000000e+00,3.251773343815445028e+00,6.544984694978735369e-03,2.337504447995320866e+00,6.544984694978735369e-03,1.665183087372158921e+00,1.308996938995747074e-02
1.330000000000000000e+02,1.036666666666666625e+00,8.199999999999999512e-01,9.066666666666666208e-01,1.001242310559799398e+00,1.729536935519147139e-02,3.861726717730257219e-02,3.418929383494822422e-02,7.633818437252348765e-02,2.784796326370583941e+01,5.773159728050814010e-13,1.347134021413197900e+02,-4.194946450679637451e-02,5.058423369752333976e-01,1.089979100107715304e+01,1.694972635344349499e-02,1.000000000000000000e+00,2.913827884063024953e-02,2.832840082821892480e-01,2.922319105070979361e+00,0.000000000000000000e+00,2.922319105070979361e+00,6.544984694978735369e-03,2.178417596632898245e+00,6.544984694978735369e-03,1.613907070084350526e+00,1.230457122656002156e+00
1.340000000000000000e+02,1.036666666666666625e+00,8.633333333333332860e-01,9.066666666666666208e-01,1.002335462010024436e+00,1.586197843421722348e-02,3.492683320001568198e-02,3.135578260017222313e-02,6.904297551998370142e-02,2.784796326370585362e+01,6.217248937900876626e-13,1.350461837515953789e+02,2.049762347069661317e-01,5.058733247090438923e-01,1.089778809373097701e+01,-1.429037361311280563e-03,1.000000000000000000e+00,2.694031989358158796e-02,2.813635243976433387e-01,2.983941934221114867e+00,0.000000000000000000e+00,2.983941934221114867e+00,6.544984694978735369e-03,2.210107692852192773e+00,6.544984694978735369e-03,1.626269650888604534e+00,1.963495408493620697e-02
1.350000000000000000e+02,1.036666666666666625e+00,9.066666666666666208e-01,9.066666666666666208e-01,1.003485131117626050e+00,1.490687372218823734e-02,3.127767933501460207e-02,2.946774222519746300e-02,6.182936873441888942e-02,2.784796326370582165e+01,5.107025913275720086e-13,1.353982720942749154e+02,4.662276305673396237e-01,5.059042201077513790e-01,1.089579164301804859e+01,-1.974855473245717974e-02,1.000000000000000000e+00,2.470038838543064941e-02,2.794154138512041641e-01,3.045093236212526033e+00,0.000000000000000000e+00,3.045093236212526033e+00,6.544984694978735369e-03,2.241838424478391989e+00,6.544984694978735369e-03,1.638680053179369711e+00,1.963495408493620697e-02
1.360000000000000000e+02,1.036666666666666625e+00,9.499999999999999556e-01,9.066666666666666208e-01,1.004691893838447037e+00,1.453636723712690114e-02,2.766956229231520153e-02,2.873532912517230697e-02,5.469688308289354789e-02,2.784796326370582165e+01,5.107025913275720086e-13,1.357698297892151515e+02,7.419253878604425978e-01,5.059350364123121890e-01,1.089380078910328820e+01,-3.801671564356290389e-02,1.000000000000000000e+00,2.241784263122692522e-02,2.774391811529968166e-01,3.105686757416149746e+00,0.000000000000000000e+00,3.105686757416149746e+00,6.544984694978735369e-03,2.273591676882493751e+00,6.544984694978735369e-03,1.651127467271806371e+00,1.963495408493620697e-02
1.370000000000000000e+02,1.036666666666666625e+00,9.933333333333334014e-01,9.066666666666666208e-01,1.005956358076782742e+00,1.480668851108862642e-02,2.414676972859260834e-02,2.926969721385037915e-02,4.773306591269071281e-02,2.784796326370582875e+01,5.329070518200751394e-13,1.361610269917940457e+02,1.032195762768695069e+00,5.059657868986153773e-01,1.089181467074252119e+01,-5.624142290810985045e-02,1.000000000000000000e+00,2.009201558173590030e-02,2.754343135583878777e-01,3.165612625736654362e+00,0.000000000000000000e+00,3.165612625736654362e+00,6.544984694978735369e-03,2.305322659785721484e+00,6.544984694978735369e-03,1.663620367169337699e+00,1.308996938995747074e-02
1.380000000000000000e+02,1.036666666666666625e+00,1.036666666666666625e+00,9.066666666666666208e-01,1.007279164561393214e+00,1.569707252042293333e-02,2.356138857083305352e-02,3.102979842336472602e-02,4.657589094885705022e-02,2.784796326370582165e+01,5.107025913275720086e-13,1.365720415422684368e+02,1.337170713694812996e+00,5.059964848949738414e-01,1.088983242415033992e+01,-7.443060265805989673e-02,1.000000000000000000e+00,1.772221398697571004e-02,2.734002804538313569e-01,3.224894875651505455e+00,0.000000000000000000e+00,3.224894875651505455e+00,6.544984694978735369e-03,2.337053318701214799e+00,6.544984694978735369e-03,1.676405466095952423e+00,1.308996938995747074e-02
1.390000000000000000e+02,1.036666666666666625e+00,1.080000000000000071e+00,9.066666666666666208e-01,1.008660987777301621e+00,1.712304732989835751e-02,2.858434288409063273e-02,3.384864957138924990e-02,5.650521118531306314e-02,2.784796326370582165e+01,5.107025913275720086e-13,1.370030591354188232e+02,1.656988027139383313e+00,5.060271437999700472e-01,1.088785318184768158e+01,-9.259221491848546037e-02,1.000000000000000000e+00,1.530771751347703713e-02,2.713365327106469493e-01,3.283606163560746527e+00,0.000000000000000000e+00,3.283606163560746527e+00,6.544984694978735369e-03,2.368789627493704586e+00,6.544984694978735369e-03,1.689229029376811519e+00,1.308996938995747074e-02
1.400000000000000000e+02,1.080000000000000071e+00,8.199999999999999512e-01,9.066666666666666208e-01,1.009062727326822229e+00,3.256312159698447617e-02,6.886366380718268732e-02,6.437041670510919300e-02,1.361289249222161768e-01,2.784796326370582165e+01,5.107025913275720086e-13,1.366247753033452739e+02,1.376299440835992982e+00,5.059635521304597372e-01,1.089195899411119761e+01,-5.491710548699568761e-02,1.000000000000000000e+00,1.791811961689759869e-02,2.857944723683925048e-01,2.945213242417034749e+00,0.000000000000000000e+00,2.945213242417034749e+00,6.544984694978735369e-03,2.203174354619567232e+00,6.544984694978735369e-03,1.634845797901943509e+00,1.963495408493620697e-02
1.410000000000000000e+02,1.080000000000000071e+00,8.633333333333332860e-01,9.066666666666666208e-01,1.010188491073057193e+00,3.217692464785974760e-02,6.519226813647452379e-02,6.360698687018505326e-02,1.288713507824351678e-01,2.784796326370582875e+01,5.329070518200751394e-13,1.369604669410391580e+02,1.625384395648032942e+00,5.059986783905816576e-01,1.088969080305290049e+01,-7.573012392240174862e-02,1.000000000000000000e+00,1.567994510357006988e-02,2.838551548817207504e-01,3.008164385728691492e+00,0.000000000000000000e+00,3.008164385728691492e+00,6.544984694978735369e-03,2.235694453532966808e+00,6.544984694978735369e-03,1.647647039246866063e+00,1.963495408493620697e-02
1.420000000000000000e+02,1.080000000000000071e+00,9.066666666666666208e-01,9.066666666666666208e-01,1.011372244973905543e+00,3.209243731965076563e-02,6.156449630658583638e-02,6.343997325919213670e-02,1.217000117661347081e-01,2.784796326370577191e+01,3.330669073875469621e-13,1.373157815989665096e+02,1.889029734334113364e+00,5.060337570030607468e-01,1.088742631718304388e+01,-9.650914338975580264e-02,1.000000000000000000e+00,1.339835502369624010e-02,2.818878165018920967e-01,3.070578972411299290e+00,0.000000000000000000e+00,3.070578972411299290e+00,6.544984694978735369e-03,2.268240304683147190e+00,6.544984694978735369e-03,1.660480606961114436e+00,1.963495408493620697e-02
1.430000000000000000e+02,1.080000000000000071e+00,9.499999999999999556e-01,9.066666666666666208e-01,1.012614593571971922e+00,3.231775552290500064e-02,5.798010546007710542e-02,6.388537977808265989e-02,1.146144277954286306e-01,2.784796326370583941e+01,5.773159728050814010e-13,1.376908939616796772e+02,2.167365073747773430e+00,5.060688037851511778e-01,1.088516451307299704e+01,-1.172635549140710332e-01,1.000000000000000000e+00,1.107267811033008087e-02,2.798919464501690157e-01,3.132434748213391629e+00,0.000000000000000000e+00,3.132434748213391629e+00,6.544984694978735369e-03,2.300808305389732134e+00,6.544984694978735369e-03,1.673354305321776980e+00,1.963495408493620697e-02
1.440000000000000000e+02,1.080000000000000071e+00,9.933333333333334014e-01,9.066666666666666208e-01,1.013916174909815116e+00,3.285253330656712212e-02,5.443887501818921865e-02,6.494252255465704504e-02,1.076141628326785366e-01,2.784796326370579322e+01,3.996802888650563546e-13,1.380859868546587848e+02,2.460526071353563715e+00,5.061038346580590819e-01,1.088290436172289155e+01,-1.380028006422784337e-01,1.000000000000000000e+00,8.702216301967879986e-03,2.778670160464926653e-01,3.193621649604213797e+00,0.000000000000000000e+00,3.193621649604213797e+00,6.544984694978735369e-03,2.333367535240649104e+00,6.544984694978735369e-03,1.686342998162777329e+00,1.308996938995747074e-02
1.450000000000000000e+02,1.080000000000000071e+00,1.036666666666666625e+00,9.066666666666666208e-01,1.015277661468569015e+00,3.368831035892057985e-02,5.113257763656092053e-02,6.659467733878382534e-02,1.010783109312400063e-01,2.784796326370579322e+01,3.996802888650563546e-13,1.385012514005591413e+02,2.768654541163573235e+00,5.061388656692177301e-01,1.088064482713162029e+01,-1.587363869649749404e-01,1.000000000000000000e+00,6.286243846084893505e-03,2.758124780622317473e-01,3.254173158624911633e+00,0.000000000000000000e+00,3.254173158624911633e+00,6.544984694978735369e-03,2.365924173848545919e+00,6.544984694978735369e-03,1.699568617869817944e+00,1.308996938995747074e-02
1.460000000000000000e+02,1.080000000000000071e+00,1.080000000000000071e+00,9.066666666666666208e-01,1.016699761166512284e+00,3.480988166328732869e-02,5.359878418992383015e-02,6.881178702255770496e-02,1.059534806242937305e-01,2.784796326370577901e+01,3.552713678800500929e-13,1.389368871957529166e+02,3.091898584732222233e+00,5.061739130151373667e-01,1.087838486483307321e+01,-1.794738979479681973e-01,1.000000000000000000e+00,3.824006352703079870e-03,2.737277660387924527e-01,3.314048421914834730e+00,0.000000000000000000e+00,3.314048421914834730e+00,6.544984694978735369e-03,2.398470859829839874e+00,6.544984694978735369e-03,1.712843103497771580e+00,1.308996938995747074e-02
1.470000000000000000e+02,8.199999999999999512e-01,8.199999999999999512e-01,9.499999999999999556e-01,9.690786166634461907e-01,7.230952128770362641e-02,1.175406006910721252e-01,1.429406576753835256e-01,2.323529525177286392e-01,2.784796326370586428e+01,6.661338147750939243e-13,1.268822809579810524e+02,-5.852682432059452822e+00,5.053708192026474810e-01,1.093032843008069221e+01,2.971624846638709627e-01,1.000000000000000000e+00,7.982559735872296613e-02,2.684177945312091751e-01,2.746056824128304541e+00,1.000000000000000000e+00,2.746056824128304541e+00,6.544984694978735369e-03,2.015769259529775592e+00,1.308996938995747074e-02,1.501770422585726017e+00,1.191187214486129742e+00
1.480000000000000000e+02,8.199999999999999512e-01,8.633333333333332860e-01,9.499999999999999556e-01,9.700446699663883843e-01,7.146438924877936139e-02,1.129213028501811350e-01,1.412700100578212214e-01,2.232215759076096595e-01,2.784796326370586428e+01,6.661338147750939243e-13,1.272060708593251519e+02,-5.612428628005982745e+00,5.053858836590807702e-01,1.092935103110497330e+01,2.881938297412789396e-01,1.000000000000000000e+00,7.778987805707870962e-02,2.665700786710312187e-01,2.802178869317917265e+00,1.000000000000000000e+00,2.802178869317917265e+00,6.544984694978735369e-03,2.043032892544022427e+00,1.308996938995747074e-02,1.509221302764292005e+00,1.223912137961023605e+00
1.490000000000000000e+02,8.199999999999999512e-01,9.066666666666666208e-01,9.499999999999999556e-01,9.710614925275367071e-01,7.070262972307807259e-02,1.085740153690787635e-01,1.397641722973830825e-01,2.146279063522504860e-01,2.784796326370586783e+01,6.661338147750939243e-13,1.275479281400386640e+02,-5.358768733754038394e+00,5.054007000539882943e-01,1.092838984030892036e+01,2.793739017704854888e-01,1.000000000000000000e+00,7.571800456610233709e-02,2.646960888167866344e-01,2.857933267718942183e+00,1.000000000000000000e+00,2.857933267718942183e+00,6.544984694978735369e-03,2.070307121222553892e+00,1.308996938995747074e-02,1.519264932186151551e+00,1.230457122656002156e+00
1.500000000000000000e+02,8.199999999999999512e-01,9.499999999999999556e-01,9.499999999999999556e-01,9.721295544425457846e-01,7.002861779296629119e-02,1.122770774930112736e-01,1.384317930082449022e-01,2.219480783846675687e-01,2.784796326370584296e+01,5.773159728050814010e-13,1.279079640428898443e+02,-5.091620206586433994e+00,5.054152725701165361e-01,1.092744458071255487e+01,2.707001591713220634e-01,1.000000000000000000e+00,7.360944692001503142e-02,2.627953864879097878e-01,2.913200209652803352e+00,1.000000000000000000e+00,2.913200209652803352e+00,6.544984694978735369e-03,2.097882753128207156e+00,6.544984694978735369e-03,1.529443621215416993e+00,1.230457122656002156e+00
1.510000000000000000e+02,8.199999999999999512e-01,9.933333333333334014e-01,9.499999999999999556e-01,9.732493520499037043e-01,6.944669850846638126e-02,1.159494389208985399e-01,1.372814614369785025e-01,2.292075616225019985e-01,2.784796326370585362e+01,6.217248937900876626e-13,1.282862952546362578e+02,-4.810896464317416132e+00,5.054296052055455846e-01,1.092651498753196826e+01,2.621701722753000396e-01,1.000000000000000000e+00,7.146365511296082218e-02,2.608675182708832807e-01,2.967951774671085285e+00,1.000000000000000000e+00,2.967951774671085285e+00,6.544984694978735369e-03,2.125504063670916377e+00,6.544984694978735369e-03,1.539922373652300891e+00,1.963495408493620697e-02
1.520000000000000000e+02,8.199999999999999512e-01,1.036666666666666625e+00,9.499999999999999556e-01,9.744214085874471909e-01,6.896113279886757763e-02,1.195914147317787141e-01,1.363216005412257459e-01,2.364069789104930597e-01,2.784796326370583941e+01,5.773159728050814010e-13,1.286830440674751515e+02,-4.516506765495586606e+00,5.054437017759364492e-01,1.092560080802139311e+01,2.537816218763921938e-01,1.000000000000000000e+00,6.928005847490315006e-02,2.589120153228785526e-01,3.022136052450636434e+00,1.000000000000000000e+00,3.022136052450636434e+00,6.544984694978735369e-03,2.153112107067633119e+00,6.544984694978735369e-03,1.550446676010686975e+00,1.963495408493620697e-02
1.530000000000000000e+02,8.199999999999999512e-01,1.080000000000000071e+00,9.499999999999999556e-01,9.756462748902575699e-01,6.857603972529084657e-02,1.232033087031135787e-01,1.355603528352109510e-01,2.435469307525494898e-01,2.784796326370582875e+01,5.329070518200751394e-13,1.290983385597216113e+02,-4.208356075339791502e+00,5.054575659164651791e-01,1.092470180133646451e+01,2.455322979763918667e-01,1.000000000000000000e+00,6.705806501441546885e-02,2.569283928503738323e-01,3.075729913567072593e+00,1.000000000000000000e+00,3.075729913567072593e+00,6.544984694978735369e-03,2.180697906032473377e+00,6.544984694978735369e-03,1.560987331415730761e+00,1.963495408493620697e-02
1.540000000000000000e+02,8.633333333333332860e-01,8.199999999999999512e-01,9.499999999999999556e-01,9.746916171743352786e-01,5.658668812263240033e-02,9.482124900795593780e-02,1.118599358961094442e-01,1.874415907259419367e-01,2.784796326370583941e+01,5.773159728050814010e-13,1.282503211890654882e+02,-4.837589409541365626e+00,5.054505775365631948e-01,1.092515494369377826e+01,2.496903516827186920e-01,1.000000000000000000e+00,7.048104995530035666e-02,2.715110736566073157e-01,2.779217952181555429e+00,1.000000000000000000e+00,2.779217952181555429e+00,6.544984694978735369e-03,2.049383157192846028e+00,1.308996938995747074e-02,1.523277296374659695e+00,1.191187214486129742e+00
1.550000000000000000e+02,8.633333333333332860e-01,8.633333333333332860e-01,9.499999999999999556e-01,9.756791523575943925e-01,5.559822087362774334e-02,9.015107130231075905e-02,1.099059448289976537e-01,1.782096353649076925e-01,2.784796326370588204e+01,7.327471962526033167e-13,1.285753360263961440e+02,-4.596426696564959613e+00,5.054683491305399512e-01,1.092400264251476294e+01,2.391167866409915632e-01,1.000000000000000000e+00,6.841737681637827251e-02,2.696510795252899939e-01,2.836254472357600420e+00,1.000000000000000000e+00,2.836254472357600420e+00,6.544984694978735369e-03,2.077475818665581730e+00,1.308996938995747074e-02,1.532398067185619883e+00,1.230457122656002156e+00
1.560000000000000000e+02,8.633333333333332860e-01,9.066666666666666208e-01,9.499999999999999556e-01,9.767184261815237134e-01,5.471949662703572137e-02,8.546599658873887950e-02,1.081688925088278991e-01,1.689482317642430620e-01,2.784796326370586783e+01,6.661338147750939243e-13,1.289186243509721805e+02,-4.341704960265713176e+00,5.054858971933194889e-01,1.092286499398344546e+01,2.286776749230057248e-01,1.000000000000000000e+00,6.631654925601004891e-02,2.677646020606507804e-01,2.893000734315318567e+00,1.000000000000000000e+00,2.893000734315318567e+00,6.544984694978735369e-03,2.105607821211020081e+00,6.544984694978735369e-03,1.542940805529798176e+00,1.230457122656002156e+00
1.570000000000000000e+02,8.633333333333332860e-01,9.499999999999999556e-01,9.499999999999999556e-01,9.778099259975010504e-01,5.395817338940710195e-02,8.543821660784638172e-02,1.066639171978007311e-01,1.688933166068990743e-01,2.784796326370586073e+01,6.439293542825907934e-13,1.292803066357722628e+02,-4.073334809061945450e+00,5.055032273486895766e-01,1.092174162751809163e+01,2.183696160548587173e-01,1.000000000000000000e+00,6.417801890062868608e-02,2.658511934053127135e-01,2.949266122281087199e+00,1.000000000000000000e+00,2.949266122281087199e+00,6.544984694978735369e-03,2.134055854606788039e+00,6.544984694978735369e-03,1.553559549792908001e+00,1.963495408493620697e-02
1.580000000000000000e+02,8.633333333333332860e-01,9.933333333333334014e-01,9.499999999999999556e-01,9.789541663237946167e-01,5.332177225368121831e-02,8.909179356335586442e-02,1.054058865088119551e-01,1.761156669086007542e-01,2.784796326370586428e+01,6.661338147750939243e-13,1.296605091176063524e+02,-3.791222574578967386e+00,5.055203450680070265e-01,1.092063218269200320e+01,2.081893027457093481e-01,1.000000000000000000e+00,6.200121646880329962e-02,2.639103903971689036e-01,3.005066956431125202e+00,1.000000000000000000e+00,3.005066956431125202e+00,6.544984694978735369e-03,2.162516621379323212e+00,6.544984694978735369e-03,1.564451527195254599e+00,1.963495408493620697e-02
1.590000000000000000e+02,8.633333333333332860e-01,1.036666666666666625e+00,9.499999999999999556e-01,9.801516895364900117e-01,5.281750075666816896e-02,9.271320547762801345e-02,1.044090482204874937e-01,1.832744337144260605e-01,2.784796326370585717e+01,6.439293542825907934e-13,1.300593639517559552e+02,-3.495270196905153615e+00,5.055372556746968726e-01,1.091953630892914795e+01,1.981335180948784469e-01,1.000000000000000000e+00,5.978555111362471308e-02,2.619417140542923406e-01,3.060282058814254302e+00,1.000000000000000000e+00,3.060282058814254302e+00,6.544984694978735369e-03,2.190974529672950588e+00,6.544984694978735369e-03,1.575370976856382832e+00,1.963495408493620697e-02
1.600000000000000000e+02,8.633333333333332860e-01,1.080000000000000071e+00,9.499999999999999556e-01,9.814030666040191031e-01,5.245206357213653969e-02,9.630274010581089950e-02,1.036866560573841550e-01,1.903701858555521542e-01,2.784796326370586783e+01,6.661338147750939243e-13,1.304770093862514386e+02,-3.185375095277309665e+00,5.055539643485225110e-01,1.091845366521512695e+01,1.881991329395926726e-01,1.000000000000000000e+00,5.753040972998757496e-02,2.599446690337687826e-01,3.114910135594939788e+00,1.000000000000000000e+00,3.114910135594939788e+00,6.544984694978735369e-03,2.219415218999836181e+00,6.544984694978735369e-03,1.586310131935324552e+00,1.963495408493620697e-02
1.610000000000000000e+02,9.066666666666666208e-01,8.199999999999999512e-01,9.499999999999999556e-01,9.807017358783883809e-01,4.077885115903411711e-02,7.179670061606925613e-02,8.061117955306029703e-02,1.419269194737255158e-01,2.784796326370589270e+01,7.549516567451064475e-13,1.297156531576467273e+02,-3.750305407812559721e+00,5.055373023428152424e-01,1.091953328485460339e+01,1.981057690571663699e-01,1.000000000000000000e+00,6.080676505655269182e-02,2.744918148207791120e-01,2.809872310588322541e+00,1.000000000000000000e+00,2.809872310588322541e+00,6.544984694978735369e-03,2.080975436945703194e+00,1.308996938995747074e-02,1.544656560585087934e+00,1.223912137961023605e+00
1.620000000000000000e+02,9.066666666666666208e-01,8.633333333333332860e-01,9.499999999999999556e-01,9.817126243070415370e-01,3.955377533358909320e-02,6.707163203510821403e-02,7.818946328288076120e-02,1.325864564406959156e-01,2.784796326370584296e+01,5.773159728050814010e-13,1.300421472138471586e+02,-3.508045106680934833e+00,5.055580200572581395e-01,1.091819089589343861e+01,1.857879503734061188e-01,1.000000000000000000e+00,5.871306468944492707e-02,2.726183768803389640e-01,2.868002940992179006e+00,1.000000000000000000e+00,2.868002940992179006e+00,6.544984694978735369e-03,2.109882009211911047e+00,1.308996938995747074e-02,1.555286911882174827e+00,1.230457122656002156e+00
1.630000000000000000e+02,9.066666666666666208e-01,9.066666666666666208e-01,9.499999999999999556e-01,9.827763052147557854e-01,3.848235264315554016e-02,6.233068266535044671e-02,7.607148682152996277e-02,1.232146004409506862e-01,2.784796326370586783e+01,6.661338147750939243e-13,1.303871390329286442e+02,-3.252059368529192085e+00,5.055785418304123979e-01,1.091686141971733548e+01,1.735886199592195922e-01,1.000000000000000000e+00,5.658113649360974051e-02,2.707182140616666288e-01,2.925681408992442556e+00,1.000000000000000000e+00,2.925681408992442556e+00,6.544984694978735369e-03,2.138945980569584293e+00,6.544984694978735369e-03,1.566207156705353487e+00,1.230457122656002156e+00
1.640000000000000000e+02,9.066666666666666208e-01,9.499999999999999556e-01,9.499999999999999556e-01,9.838932850037848121e-01,3.758126964286856442e-02,5.800215166810151340e-02,7.429023596566194931e-02,1.146580084943205347e-01,2.784796326370585717e+01,6.439293542825907934e-13,1.307507588183810583e+02,-2.982251581685324560e+00,5.055988748998487825e-01,1.091554438133626093e+01,1.615034192856912298e-01,1.000000000000000000e+00,5.441041191723883230e-02,2.687908681529087573e-01,2.982979978390027487e+00,1.000000000000000000e+00,2.982979978390027487e+00,6.544984694978735369e-03,2.168193184028169629e+00,6.544984694978735369e-03,1.577316559568516574e+00,1.963495408493620697e-02
1.650000000000000000e+02,9.066666666666666208e-01,9.933333333333334014e-01,9.499999999999999556e-01,9.850640982656491129e-01,3.686688966140055923e-02,6.163593746036434562e-02,7.287805756145324110e-02,1.218412358445732507e-01,2.784796326370585362e+01,6.217248937900876626e-13,1.311331429051588486e+02,-2.698520584898489449e+00,5.056190263881086278e-01,1.091423931356949950e+01,1.495280614825178489e-01,1.000000000000000000e+00,5.220030054559998689e-02,2.668358652214513071e-01,3.039744632389208778e+00,1.000000000000000000e+00,3.039744632389208778e+00,6.544984694978735369e-03,2.197469300829054006e+00,6.544984694978735369e-03,1.588606063826080383e+00,1.963495408493620697e-02
1.660000000000000000e+02,9.066666666666666208e-01,1.036666666666666625e+00,9.499999999999999556e-01,9.862893085106785307e-01,3.635441883974568217e-02,6.523568677196407706e-02,7.186501093934472006e-02,1.289571802583011628e-01,2.784796326370589981e+01,7.993605777301127091e-13,1.315344339092685857e+02,-2.400760556344228025e+00,5.056390033098021597e-01,1.091294575657314425e+01,1.376583270022990746e-01,1.000000000000000000e+00,4.995018940609696756e-02,2.648527150779393935e-01,3.096050818843763874e+00,1.000000000000000000e+00,3.096050818843763874e+00,6.544984694978735369e-03,2.226759609680320384e+00,6.544984694978735369e-03,1.599920143076235757e+00,1.963495408493620697e-02
1.670000000000000000e+02,9.066666666666666208e-01,1.080000000000000071e+00,9.499999999999999556e-01,9.875695089436695717e-01,3.605698412589464913e-02,6.880166711668009305e-02,7.127704530416652251e-02,1.360063705537689072e-01,2.784796326370584296e+01,5.773159728050814010e-13,1.319547808972714336e+02,-2.088860887852794779e+00,5.056588125785844712e-01,1.091166325737619403e+01,1.258900593636980147e-01,1.000000000000000000e+00,4.765944223582341266e-02,2.628409107128293343e-01,3.151716768576488192e+00,1.000000000000000000e+00,3.151716768576488192e+00,6.544984694978735369e-03,2.256032811122067550e+00,6.544984694978735369e-03,1.611261355659300953e+00,1.963495408493620697e-02
1.680000000000000000e+02,9.499999999999999556e-01,8.199999999999999512e-01,9.499999999999999556e-01,9.871291333839442572e-01,2.533575583599955577e-02,4.843537133604446793e-02,5.008344042953244424e-02,9.574650350648844510e-02,2.784796326370586073e+01,6.439293542825907934e-13,1.312834506575798343e+02,-2.586991444712327670e+00,5.056316003077081511e-01,1.091342509613425271e+01,1.420567673742878512e-01,1.000000000000000000e+00,5.078226864314228095e-02,2.773580389235412724e-01,2.838196477899918246e+00,1.000000000000000000e+00,2.838196477899918246e+00,6.544984694978735369e-03,2.110611021310510260e+00,1.308996938995747074e-02,1.566635475229886110e+00,1.223912137961023605e+00
1.690000000000000000e+02,9.499999999999999556e-01,8.633333333333332860e-01,9.499999999999999556e-01,9.881654057199567021e-01,2.362302741640647311e-02,4.365318865276085480e-02,4.669773793342717194e-02,8.629313795103658868e-02,2.784796326370586073e+01,6.439293542825907934e-13,1.316117149525335890e+02,-2.343417617146426046e+00,5.056555252353905905e-01,1.091187607388872749e+01,1.278428728105795997e-01,1.000000000000000000e+00,4.865629859028697268e-02,2.754699244812766068e-01,2.897457757166565617e+00,1.000000000000000000e+00,2.897457757166565617e+00,6.544984694978735369e-03,2.140363442057715559e+00,6.544984694978735369e-03,1.577744242443019029e+00,1.230457122656002156e+00
1.700000000000000000e+02,9.499999999999999556e-01,9.066666666666666208e-01,9.499999999999999556e-01,9.892556159780776515e-01,2.213531171315506405e-02,3.885275941786001802e-02,4.375683807308036743e-02,7.680370281523035692e-02,2.784796326370584296e+01,5.773159728050814010e-13,1.319587210808782913e+02,-2.085937250962677236e+00,5.056792852998421850e-01,1.091033801584775276e+01,1.137295862581044759e-01,1.000000000000000000e+00,4.649094736874825884e-02,2.735548092426958178e-01,2.956278230975533994e+00,1.000000000000000000e+00,2.956278230975533994e+00,6.544984694978735369e-03,2.170381878063785130e+00,6.544984694978735369e-03,1.589167657714028792e+00,1.963495408493620697e-02
1.710000000000000000e+02,9.499999999999999556e-01,9.499999999999999556e-01,9.499999999999999556e-01,9.904002916111603882e-01,2.092753061123949626e-02,3.403349090999321230e-02,4.136930982007464702e-02,6.727702641409796791e-02,2.784796326370586073e+01,6.439293542825907934e-13,1.323246095006749385e+02,-1.814446125543567323e+00,5.057028895490204290e-01,1.090881033038973058e+01,9.971147897167575991e-02,1.000000000000000000e+00,4.428562427723825579e-02,2.716122235727844725e-01,3.014599294897533532e+00,1.000000000000000000e+00,3.014599294897533532e+00,6.544984694978735369e-03,2.200419972139702196e+00,6.544984694978735369e-03,1.600753819585818860e+00,1.963495408493620697e-02
1.720000000000000000e+02,9.499999999999999556e-01,9.933333333333334014e-01,9.499999999999999556e-01,9.915999893936585652e-01,2.005800806042718279e-02,3.353626401341550795e-02,3.965044730980901017e-02,6.629411381358553401e-02,2.784796326370586783e+01,6.661338147750939243e-13,1.327095272212650343e+02,-1.528835159187080794e+00,5.057263469593431537e-01,1.090729243100069823e+01,8.578316907403849001e-02,1.000000000000000000e+00,4.203971569862030577e-02,2.696416816508504510e-01,3.072327430642328050e+00,1.000000000000000000e+00,3.072327430642328050e+00,6.544984694978735369e-03,2.230451101206139874e+00,6.544984694978735369e-03,1.612362193099114549e+00,1.963495408493620697e-02
1.730000000000000000e+02,9.499999999999999556e-01,1.036666666666666625e+00,9.499999999999999556e-01,9.928552961945994459e-01,1.958028124592164215e-02,3.711305200000090954e-02,3.870608225471632025e-02,7.336466853533100962e-02,2.784796326370585362e+01,6.217248937900876626e-13,1.331136279500272224e+02,-1.228990300212573494e+00,5.057496664458018820e-01,1.090578373560853542e+01,7.193931544644538434e-02,1.000000000000000000e+00,3.975258436298112485e-02,2.676426809110328264e-01,3.129658880739407234e+00,1.000000000000000000e+00,3.129658880739407234e+00,6.544984694978735369e-03,2.260549349539485497e+00,6.544984694978735369e-03,1.624069881447333330e+00,1.963495408493620697e-02
1.740000000000000000e+02,9.499999999999999556e-01,1.080000000000000071e+00,9.499999999999999556e-01,9.941668297995146508e-01,1.953211777470113125e-02,4.065408336382608789e-02,3.861087324033497803e-02,8.036453996278027090e-02,2.784796326370583941e+01,5.773159728050814010e-13,1.335370722592090544e+02,-9.147924031706611281e-01,5.057728568720879503e-01,1.090428366591754461e+01,5.817461162276327258e-02,1.000000000000000000e+00,3.742356857071360565e-02,2.656147014540675144e-01,3.186408796664260468e+00,1.000000000000000000e+00,3.186408796664260468e+00,6.544984694978735369e-03,2.290650230031339163e+00,6.544984694978735369e-03,1.635879047185148760e+00,1.308996938995747074e-02
1.750000000000000000e+02,9.933333333333334014e-01,8.199999999999999512e-01,9.499999999999999556e-01,9.939961068604984407e-01,1.318805663212750147e-02,2.470491982711979853e-02,2.607000371301137348e-02,4.883641082141470385e-02,2.784796326370582520e+01,5.329070518200751394e-13,1.329594708302253423e+02,-1.343375691173132047e+00,5.057341568019585454e-01,1.090678712843821785e+01,8.114649108790228382e-02,1.000000000000000000e+00,4.038516995915930607e-02,2.801073040866208785e-01,2.864329546686831929e+00,1.000000000000000000e+00,2.864329546686831929e+00,6.544984694978735369e-03,2.138361457208278082e+00,1.308996938995747074e-02,1.588239399470118052e+00,1.230457122656002156e+00
1.760000000000000000e+02,9.933333333333334014e-01,8.633333333333332860e-01,9.499999999999999556e-01,9.950599742867312081e-01,1.034283956873936414e-02,1.986200147417695530e-02,2.044561025793973502e-02,3.926298366949752122e-02,2.784796326370582875e+01,5.329070518200751394e-13,1.332898376913609866e+02,-1.098241748478945290e+00,5.057615751486648215e-01,1.090501338835570699e+01,6.487057601369805582e-02,1.000000000000000000e+00,3.822449748736467257e-02,2.782032046215867638e-01,2.924808293758667244e+00,1.000000000000000000e+00,2.924808293758667244e+00,6.544984694978735369e-03,2.169103473431534645e+00,6.544984694978735369e-03,1.599814317338047243e+00,1.963495408493620697e-02
1.770000000000000000e+02,9.933333333333334014e-01,9.066666666666666208e-01,9.499999999999999556e-01,9.961790248049710028e-01,7.543968057282586515e-03,1.499911295315639777e-02,1.491283217461200454e-02,2.965007971137167617e-02,2.784796326370586783e+01,6.661338147750939243e-13,1.336392121477878163e+02,-8.390040704438606056e-01,5.057888636995923060e-01,1.090324842684955442e+01,4.867521353266734963e-02,1.000000000000000000e+00,3.602320292648908406e-02,2.762717915789396628e-01,2.984804225376349596e+00,1.000000000000000000e+00,2.984804225376349596e+00,6.544984694978735369e-03,2.199935122064921256e+00,6.544984694978735369e-03,1.611776739126845825e+00,1.963495408493620697e-02
1.780000000000000000e+02,9.933333333333334014e-01,9.499999999999999556e-01,9.499999999999999556e-01,9.973538091558146190e-01,4.903827551595712174e-03,1.011537822397369848e-02,9.693831778567670379e-03,1.999596720073890457e-02,2.784796326370582165e+01,5.107025913275720086e-13,1.340077454670436339e+02,-5.655504157618840289e-01,5.058160335377150929e-01,1.090149152179148473e+01,3.255377736479658779e-02,1.000000000000000000e+00,3.378067122258343602e-02,2.743125827268837469e-01,3.044277601970078351e+00,1.000000000000000000e+00,3.044277601970078351e+00,6.544984694978735369e-03,2.230786753695405356e+00,6.544984694978735369e-03,1.623771105985020835e+00,1.963495408493620697e-02
1.790000000000000000e+02,9.933333333333334014e-01,9.933333333333334014e-01,9.499999999999999556e-01,9.985849086573677091e-01,2.952272592216468282e-03,5.209911512989879971e-03,5.836019634114120169e-03,1.029889515011856230e-02,2.784796326370585362e+01,6.217248937900876626e-13,1.343955959445689814e+02,-2.777633283863933933e-01,5.058430957251659477e-01,1.089974195304221105e+01,1.649965948111731251e-02,1.000000000000000000e+00,3.149626324228815832e-02,2.723250791286089267e-01,3.103140070491538172e+00,1.000000000000000000e+00,3.103140070491538172e+00,6.544984694978735369e-03,2.261641972183793481e+00,6.544984694978735369e-03,1.635798607386825587e+00,1.963495408493620697e-02
1.800000000000000000e+02,9.933333333333334014e-01,1.036666666666666625e+00,9.499999999999999556e-01,9.998729360271648714e-01,3.357501420897116354e-03,8.295835176988328175e-03,6.637071476929835498e-03,1.639911473687135149e-02,2.784796326370582165e+01,5.107025913275720086e-13,1.348029290503683058e+02,2.447997129328971511e-02,5.058700613168568561e-01,1.089799900156283385e+01,5.062619498064080403e-04,1.000000000000000000e+00,2.916931498886565777e-02,2.703087645565158681e-01,3.161415814931720636e+00,0.000000000000000000e+00,3.161415814931720636e+00,6.544984694978735369e-03,2.292485024221459611e+00,6.544984694978735369e-03,1.647863169016370088e+00,1.308996938995747074e-02
1.810000000000000000e+02,9.933333333333334014e-01,1.080000000000000071e+00,9.499999999999999556e-01,1.001218536256292868e+00,5.665516319971482251e-03,1.181049451517643400e-02,1.119952966671148263e-02,2.334685423727056106e-02,2.784796326370583941e+01,5.773159728050814010e-13,1.352299175958184492e+02,3.413077102246253602e-01,5.058969413742809840e-01,1.089626194851645558e+01,-1.543301130730867499e-02,1.000000000000000000e+00,2.679913677521383875e-02,2.682631048760679704e-01,3.219288848608190978e+00,0.000000000000000000e+00,3.219288848608190978e+00,6.544984694978735369e-03,2.323392684380180206e+00,6.544984694978735369e-03,1.660220115208670189e+00,1.308996938995747074e-02
1.820000000000000000e+02,1.036666666666666625e+00,8.199999999999999512e-01,9.499999999999999556e-01,1.001327340871933425e+00,1.728437354640929846e-02,3.930790894157006055e-02,3.416755744240949910e-02,7.770343733291432131e-02,2.784796326370586073e+01,6.439293542825907934e-13,1.347501283248015795e+02,-1.469844385039165147e-02,5.058457476693895005e-01,1.089957052515353908e+01,1.492662982198744714e-02,1.000000000000000000e+00,2.959092795317186386e-02,2.827366598565292932e-01,2.888466466452035419e+00,0.000000000000000000e+00,2.888466466452035419e+00,6.544984694978735369e-03,2.164440702722473020e+00,6.544984694978735369e-03,1.609519683886213803e+00,1.230457122656002156e+00
1.830000000000000000e+02,1.036666666666666625e+00,8.633333333333332860e-01,9.499999999999999556e-01,1.002421219611423941e+00,1.585392160018016944e-02,3.561838829849003213e-02,3.133985594023133009e-02,7.041003394927934644e-02,2.784796326370580388e+01,4.440892098500626162e-13,1.350829767135224415e+02,2.322768053198087657e-01,5.058769742362180244e-01,1.089755223705697951e+01,-3.593268317980680138e-03,1.000000000000000000e+00,2.739290560764562343e-02,2.808151811774139972e-01,2.950164407860763838e+00,0.000000000000000000e+00,2.950164407860763838e+00,6.544984694978735369e-03,2.196049238146996707e+00,6.544984694978735369e-03,1.621552983682573945e+00,1.963495408493620697e-02
1.840000000000000000e+02,1.036666666666666625e+00,9.066666666666666208e-01,9.499999999999999556e-01,1.003571635591505418e+00,1.490281829038631739e-02,3.197018621214105238e-02,2.945972549270358190e-02,6.319830862917122372e-02,2.784796326370585362e+01,6.217248937900876626e-13,1.354351223608117891e+02,4.935707215010465276e-01,5.059081106523543037e-01,1.089554027185112872e+01,-2.205514734161528878e-02,1.000000000000000000e+00,2.515292398935375928e-02,2.788660364147483861e-01,3.011412787117262013e+00,0.000000000000000000e+00,3.011412787117262013e+00,6.544984694978735369e-03,2.227711553980086023e+00,6.544984694978735369e-03,1.633937762275462724e+00,1.963495408493620697e-02
1.850000000000000000e+02,1.036666666666666625e+00,9.499999999999999556e-01,9.499999999999999556e-01,1.004779165354200643e+00,1.453719373387384051e-02,2.836305663381486278e-02,2.873696293475187791e-02,5.606777498623927852e-02,2.784796326370582875e+01,5.329070518200751394e-13,1.358067279382852917e+02,7.693040078848412122e-01,5.059391702934733503e-01,1.089353376109353277e+01,-4.046697611411742557e-02,1.000000000000000000e+00,2.287034121907272066e-02,2.768887294449955405e-01,3.072066157726057956e+00,0.000000000000000000e+00,3.072066157726057956e+00,6.544984694978735369e-03,2.259370594195584836e+00,6.544984694978735369e-03,1.646349694735634639e+00,1.963495408493620697e-02
1.860000000000000000e+02,1.036666666666666625e+00,9.933333333333334014e-01,9.499999999999999556e-01,1.006044417414487135e+00,1.481275200412648756e-02,2.479678608532075862e-02,2.928168345946793177e-02,4.901801101916977710e-02,2.784796326370581099e+01,4.662936703425657470e-13,1.361979636838258330e+02,1.059602981872642680e+00,5.059701665736691112e-01,1.089153183472226516e+01,-5.883673836103442412e-02,1.000000000000000000e+00,2.054449004932035194e-02,2.748827468594399193e-01,3.132123101447346514e+00,0.000000000000000000e+00,3.132123101447346514e+00,6.544984694978735369e-03,2.291027402449068440e+00,6.544984694978735369e-03,1.658788532965571605e+00,1.963495408493620697e-02
1.870000000000000000e+02,1.036666666666666625e+00,1.036666666666666625e+00,9.499999999999999556e-01,1.007368033137549634e+00,1.570809618995632276e-02,2.419584151917804349e-02,3.105158989072667047e-02,4.783007048269308226e-02,2.784796326370582165e+01,5.107025913275720086e-13,1.366090075514550506e+02,1.364599686281353641e+00,5.060011129631770688e-01,1.088953361990904689e+01,-7.717244319210836423e-02,1.000000000000000000e+00,1.817467702729480550e-02,2.728475573489239636e-01,3.191624403237323992e+00,0.000000000000000000e+00,3.191624403237323992e+00,6.544984694978735369e-03,2.322709254998605477e+00,6.544984694978735369e-03,1.671345312788234505e+00,1.308996938995747074e-02
1.880000000000000000e+02,1.036666666666666625e+00,1.080000000000000071e+00,9.499999999999999556e-01,1.008750687671900792e+00,1.713834873990261257e-02,2.922038957483071367e-02,3.387889722855000341e-02,5.776254121139497155e-02,2.784796326370578967e+01,3.996802888650563546e-13,1.370400453813658146e+02,1.684432015508185998e+00,5.060320230064649927e-01,1.088753823989151570e+01,-9.548213581637154945e-02,1.000000000000000000e+00,1.576018161151626629e-02,2.707826110563695821e-01,3.250486929586962059e+00,0.000000000000000000e+00,3.250486929586962059e+00,6.544984694978735369e-03,2.354378231189876658e+00,6.544984694978735369e-03,1.684137389952984121e+00,1.308996938995747074e-02
1.890000000000000000e+02,1.080000000000000071e+00,8.199999999999999512e-01,9.499999999999999556e-01,1.009150198311811630e+00,3.258333298059452182e-02,6.956328225901492468e-02,6.441037034350011181e-02,1.375119228987736475e-01,2.784796326370580388e+01,4.440892098500626162e-13,1.366625819825246140e+02,1.404352194963776057e+00,5.059672532247544430e-01,1.089171997544652903e+01,-5.711035100569583634e-02,1.000000000000000000e+00,1.837258132654806531e-02,2.852425931379967139e-01,2.910679418220875281e+00,0.000000000000000000e+00,2.910679418220875281e+00,6.544984694978735369e-03,2.188873934307491886e+00,6.544984694978735369e-03,1.630308015860757020e+00,1.230457122656002156e+00
1.900000000000000000e+02,1.080000000000000071e+00,8.633333333333332860e-01,9.499999999999999556e-01,1.010276738084955328e+00,3.219967314448795442e-02,6.589287693533464607e-02,6.365195584538023421e-02,1.302563064659857661e-01,2.784796326370583941e+01,5.773159728050814010e-13,1.369983437417456287e+02,1.653489180316514151e+00,5.060026354647122471e-01,1.088943532428404559e+01,-7.807440806310017578e-02,1.000000000000000000e+00,1.613431863120151633e-02,2.833022441556565241e-01,2.973685885379558691e+00,0.000000000000000000e+00,2.973685885379558691e+00,6.544984694978735369e-03,2.221312634737159897e+00,6.544984694978735369e-03,1.642820689347170404e+00,1.963495408493620697e-02
1.910000000000000000e+02,1.080000000000000071e+00,9.066666666666666208e-01,9.499999999999999556e-01,1.011461288795332925e+00,3.211771783906308686e-02,6.226614031061201981e-02,6.348994750887351768e-02,1.230870138317471524e-01,2.784796326370582165e+01,5.107025913275720086e-13,1.373537189004059940e+02,1.917179410863623090e+00,5.060379724695946990e-01,1.088715423167888652e+01,-9.900581164585808835e-02,1.000000000000000000e+00,1.385265332379415071e-02,2.813338335675155122e-01,3.036154804851591393e+00,0.000000000000000000e+00,3.036154804851591393e+00,6.544984694978735369e-03,2.253764753500214990e+00,6.544984694978735369e-03,1.655619016930742760e+00,1.963495408493620697e-02
1.920000000000000000e+02,1.080000000000000071e+00,9.499999999999999556e-01,9.499999999999999556e-01,1.012704455623437250e+00,3.234549118246943245e-02,5.868282959240403440e-02,6.394020732151814435e-02,1.160035650466560986e-01,2.784796326370580744e+01,4.662936703425657470e-13,1.377288821795133060e+02,2.195552530508626532e+00,5.060732802046136181e-01,1.088487566479836133e+01,-1.199140390710562443e-01,1.000000000000000000e+00,1.152691391321702952e-02,2.793368499225845625e-01,3.098057310026619326e+00,0.000000000000000000e+00,3.098057310026619326e+00,6.544984694978735369e-03,2.286236988689378968e+00,6.544984694978735369e-03,1.668455013105372142e+00,1.963495408493620697e-02
1.930000000000000000e+02,1.080000000000000071e+00,9.933333333333334014e-01,9.499999999999999556e-01,1.014006877276504515e+00,3.288258605170754634e-02,5.514272412207268242e-02,6.500193048709558552e-02,1.090055239151704602e-01,2.784796326370582165e+01,5.107025913275720086e-13,1.381240164718156507e+02,2.488744246629281953e+00,5.061085747428700765e-01,1.088259858500363819e+01,-1.408086209331527172e-01,1.000000000000000000e+00,9.156402108575711907e-03,2.773107638362573013e-01,3.159444433070849989e+00,0.000000000000000000e+00,3.159444433070849989e+00,6.544984694978735369e-03,2.318748062266215992e+00,6.544984694978735369e-03,1.681337887652080365e+00,1.963495408493620697e-02
1.940000000000000000e+02,1.080000000000000071e+00,1.036666666666666625e+00,9.499999999999999556e-01,1.015369226928513502e+00,3.372049953298677377e-02,5.164650795458913812e-02,6.665830854016797924e-02,1.020942426695512772e-01,2.784796326370580744e+01,4.662936703425657470e-13,1.385393129988104306e+02,2.796896446578989170e+00,5.061438722878872642e-01,1.088032194640346617e+01,-1.616991543751167271e-01,1.000000000000000000e+00,6.740391922082089593e-03,2.752550273417559978e-01,3.220192383975800432e+00,0.000000000000000000e+00,3.220192383975800432e+00,6.544984694978735369e-03,2.351250479962637030e+00,6.544984694978735369e-03,1.694391599361837253e+00,1.308996938995747074e-02
1.950000000000000000e+02,1.080000000000000071e+00,1.080000000000000071e+00,9.499999999999999556e-01,1.016792213220237384e+00,3.484400583911620441e-02,5.424236625629259151e-02,6.887924331391112598e-02,1.072257064971329221e-01,2.784796326370576836e+01,3.108624468950438313e-13,1.389749714879278883e+02,3.120157329157957626e+00,5.061791891967447610e-01,1.087804469437311816e+01,-1.825953166786908888e-01,1.000000000000000000e+00,4.278128721847629379e-03,2.731690732074207872e-01,3.280225418986189911e+00,0.000000000000000000e+00,3.280225418986189911e+00,6.544984694978735369e-03,2.383720441492101827e+00,6.544984694978735369e-03,1.707626367495662656e+00,1.308996938995747074e-02
1.960000000000000000e+02,8.199999999999999512e-01,8.199999999999999512e-01,9.933333333333334014e-01,9.691571714154605388e-01,7.227147320395377328e-02,1.169424266393246509e-01,1.428654446464816541e-01,2.311704887033032285e-01,2.784796326370586783e+01,6.661338147750939243e-13,1.269159475801601928e+02,-5.827701621927349862e+00,5.053729720366295641e-01,1.093018874463920120e+01,2.958807250615480555e-01,1.000000000000000000e+00,8.026858987176499483e-02,2.678873146166633745e-01,2.715518385498435272e+00,1.000000000000000000e+00,2.715518385498435272e+00,6.544984694978735369e-03,2.003629283708393771e+00,1.308996938995747074e-02,1.500182863908832598e+00,8.508480103472355893e-02
1.970000000000000000e+02,8.199999999999999512e-01,8.633333333333332860e-01,9.933333333333334014e-01,9.701237684886788726e-01,7.142630981592125450e-02,1.123221362060118494e-01,1.411947350583507288e-01,2.220371499475214117e-01,2.784796326370585362e+01,6.217248937900876626e-13,1.272397963450840024e+02,-5.587404140789187679e+00,5.053882039308370544e-01,1.092920049960528317e+01,2.868125462437198792e-01,1.000000000000000000e+00,7.823289346624306972e-02,2.660387413275664414e-01,2.771599221478336705e+00,1.000000000000000000e+00,2.771599221478336705e+00,6.544984694978735369e-03,2.030836736887671634e+00,1.308996938995747074e-02,1.507113792757153403e+00,1.191187214486129742e+00
1.980000000000000000e+02,8.199999999999999512e-01,9.066666666666666208e-01,9.933333333333334014e-01,9.711411504656869420e-01,7.066461024560644066e-02,1.079167132535614609e-01,1.396890158170539242e-01,2.133285588388070253e-01,2.784796326370585362e+01,6.217248937900876626e-13,1.275817042853379206e+02,-5.333706656892712061e+00,5.054031890836218066e-01,1.092822837940331659e+01,2.778923295754909262e-01,1.000000000000000000e+00,7.616105692364616431e-02,2.641638593293222925e-01,2.827314028136449942e+00,1.000000000000000000e+00,2.827314028136449942e+00,6.544984694978735369e-03,2.058022352797103327e+00,1.308996938995747074e-02,1.515290165404809208e+00,1.223912137961023605e+00
1.990000000000000000e+02,8.199999999999999512e-01,9.499999999999999556e-01,9.933333333333334014e-01,9.722097878478780375e-01,6.999075617314075293e-02,1.116190260449159144e-01,1.383569485791553422e-01,2.206472495989156013e-01,2.784796326370586073e+01,6.439293542825907934e-13,1.279417827522115232e+02,-5.066526546997351943e+00,5.054179317628496593e-01,1.092727210150371064e+01,2.691174825532050008e-01,1.000000000000000000e+00,7.405255018308665171e-02,2.622622296452146173e-01,2.882659710714146950e+00,1.000000000000000000e+00,2.882659710714146950e+00,6.544984694978735369e-03,2.085226098732765543e+00,6.544984694978735369e-03,1.525385273919811269e+00,1.230457122656002156e+00
2.000000000000000000e+02,8.199999999999999512e-01,9.933333333333334014e-01,9.933333333333334014e-01,9.733301773965132853e-01,6.940909882070586678e-02,1.152905998403032095e-01,1.372071347922826645e-01,2.279051758535817485e-01,2.784796326370586073e+01,6.439293542825907934e-13,1.283201485700715523e+02,-4.785777126810630833e+00,5.054324360536444072e-01,1.092633139545081811e+01,2.604855234642489137e-01,1.000000000000000000e+00,7.190682314342389247e-02,2.603333983419000575e-01,2.937509590616623978e+00,1.000000000000000000e+00,2.937509590616623978e+00,6.544984694978735369e-03,2.112769568172739199e+00,6.544984694978735369e-03,1.535589517036193286e+00,1.963495408493620697e-02
2.010000000000000000e+02,8.199999999999999512e-01,1.036666666666666625e+00,9.933333333333334014e-01,9.745028427900304102e-01,6.892390467494510786e-02,1.189317491728138915e-01,1.362480083997935632e-01,2.351029593683215402e-01,2.784796326370584296e+01,5.773159728050814010e-13,1.287169241973879252e+02,-4.491367531505963129e+00,5.054467058607695629e-01,1.092540600269635043e+01,2.519940798584530128e-01,1.000000000000000000e+00,6.972330503882773201e-02,2.583768960322379016e-01,2.991817197694968122e+00,1.000000000000000000e+00,2.991817197694968122e+00,6.544984694978735369e-03,2.140306325712834745e+00,6.544984694978735369e-03,1.546083880720849457e+00,1.963495408493620697e-02
2.020000000000000000e+02,8.199999999999999512e-01,1.080000000000000071e+00,9.933333333333334014e-01,9.757283353227688139e-01,6.853929754636262084e-02,1.225427772674500398e-01,1.354877213044401729e-01,2.422411995549476060e-01,2.784796326370582875e+01,5.329070518200751394e-13,1.291322379068768669e+02,-4.183202582055500329e+00,5.054607449106970352e-01,1.092449567645375197e+01,2.436408872117601376e-01,1.000000000000000000e+00,6.750140378124402929e-02,2.563922373530056475e-01,3.045575677545370397e+00,1.000000000000000000e+00,3.045575677545370397e+00,6.544984694978735369e-03,2.167835099372039664e+00,6.544984694978735369e-03,1.556599404819507093e+00,1.963495408493620697e-02
2.030000000000000000e+02,8.633333333333332860e-01,8.199999999999999512e-01,9.933333333333334014e-01,9.747718942731765646e-01,5.654543122806791888e-02,9.421747183129998426e-02,1.117783797256678424e-01,1.862480507164983312e-01,2.784796326370586073e+01,6.439293542825907934e-13,1.282847498131832538e+02,-4.812043189976511925e+00,5.054529492576146366e-01,1.092500115312777176e+01,2.482791628528602246e-01,1.000000000000000000e+00,7.092531270527668852e-02,2.709774053061009269e-01,2.748042995631791552e+00,1.000000000000000000e+00,2.748042995631791552e+00,6.544984694978735369e-03,2.036924570439631932e+00,1.308996938995747074e-02,1.521604947429151977e+00,1.191187214486129742e+00
2.040000000000000000e+02,8.633333333333332860e-01,8.633333333333332860e-01,9.933333333333334014e-01,9.757600068033400742e-01,5.555685266062689032e-02,8.954644801316787028e-02,1.098241686055087679e-01,1.770144227697078021e-01,2.784796326370583941e+01,5.773159728050814010e-13,1.286098248646862601e+02,-4.570835797768579845e+00,5.054709010525619828e-01,1.092383719048508617e+01,2.375985917203227160e-01,1.000000000000000000e+00,6.886164557208296344e-02,2.691165281595173653e-01,2.805139847629642080e+00,1.000000000000000000e+00,2.805139847629642080e+00,6.544984694978735369e-03,2.064945707262801911e+00,1.308996938995747074e-02,1.528835364070215697e+00,1.191187214486129742e+00
2.050000000000000000e+02,8.633333333333332860e-01,9.066666666666666208e-01,9.933333333333334014e-01,9.767998743679311424e-01,5.467816215092503179e-02,8.486030867106181264e-02,1.080871829760483710e-01,1.677509146231943582e-01,2.784796326370585362e+01,6.217248937900876626e-13,1.289531649340615616e+02,-4.316075666557040336e+00,5.054886307785716459e-01,1.092268778868522361e+01,2.270516315060477908e-01,1.000000000000000000e+00,6.676083788037789901e-02,2.672291321219040228e-01,2.861800406918597162e+00,1.000000000000000000e+00,2.861800406918597162e+00,6.544984694978735369e-03,2.092981558105710960e+00,1.308996938995747074e-02,1.538805460616528009e+00,1.230457122656002156e+00
2.060000000000000000e+02,8.633333333333332860e-01,9.499999999999999556e-01,9.933333333333334014e-01,9.778919847549367717e-01,5.391703253755983360e-02,8.477337464802474354e-02,1.065825904193122425e-01,1.675790644130699947e-01,2.784796326370585362e+01,6.217248937900876626e-13,1.293148905953150631e+02,-4.047673329797463637e+00,5.055061441527817223e-01,1.092155257108093735e+01,2.166348260787431812e-01,1.000000000000000000e+00,6.462234114420883913e-02,2.653147688158821182e-01,2.918102852674353542e+00,1.000000000000000000e+00,2.918102852674353542e+00,6.544984694978735369e-03,2.121074862334346722e+00,6.544984694978735369e-03,1.549334387605681318e+00,1.230457122656002156e+00
2.070000000000000000e+02,8.633333333333332860e-01,9.933333333333334014e-01,9.933333333333334014e-01,9.790368529375296225e-01,5.328099849619546274e-02,8.842611077214775073e-02,1.053252853983756010e-01,1.747997525686360576e-01,2.784796326370582165e+01,5.107025913275720086e-13,1.296951282158300671e+02,-3.765535022229060669e+00,5.055234467420675060e-01,1.092043117104381444e+01,2.063448112403998280e-01,1.000000000000000000e+00,6.244558596891458535e-02,2.633729745345423368e-01,2.973981980963848581e+00,1.000000000000000000e+00,2.973981980963848581e+00,6.544984694978735369e-03,2.149461404504473983e+00,6.544984694978735369e-03,1.560013364046881623e+00,1.963495408493620697e-02
2.080000000000000000e+02,8.633333333333332860e-01,1.036666666666666625e+00,9.933333333333334014e-01,9.802350217658585274e-01,5.277727913286523603e-02,9.204664228838770057e-02,1.043295385617761944e-01,1.819567790134204166e-01,2.784796326370586073e+01,6.439293542825907934e-13,1.300940101107338194e+02,-3.469562565333816906e+00,5.055405439676887713e-01,1.091932323165022822e+01,1.961783118444637708e-01,1.000000000000000000e+00,6.022998139315127730e-02,2.614032697254815574e-01,3.029342227886074213e+00,1.000000000000000000e+00,3.029342227886074213e+00,6.544984694978735369e-03,2.177847777725751666e+00,6.544984694978735369e-03,1.570899457406873978e+00,1.963495408493620697e-02
2.090000000000000000e+02,8.633333333333332860e-01,1.080000000000000071e+00,9.933333333333334014e-01,9.814870627024803174e-01,5.241258790167249715e-02,9.563525624587919383e-02,1.036086209909389405e-01,1.890507111829606290e-01,2.784796326370587849e+01,7.105427357601001859e-13,1.305116747167844267e+02,-3.159653238311577184e+00,5.055574411097082388e-01,1.091822840538253025e+01,1.861321390541181842e-01,1.000000000000000000e+00,5.797491419582101457e-02,2.594051584486791739e-01,3.084124542774175026e+00,1.000000000000000000e+00,3.084124542774175026e+00,6.544984694978735369e-03,2.206223106567950509e+00,6.544984694978735369e-03,1.581808546980635111e+00,1.963495408493620697e-02
2.100000000000000000e+02,9.066666666666666208e-01,8.199999999999999512e-01,9.933333333333334014e-01,9.807838700588107361e-01,4.073363623944789569e-02,7.118693046351930176e-02,8.052179920276479608e-02,1.407215326161702640e-01,2.784796326370583941e+01,5.773159728050814010e-13,1.297508997842325869e+02,-3.724152226128529808e+00,5.055399044469844894e-01,1.091936467135888300e+01,1.965585643884715239e-01,1.000000000000000000e+00,6.125239093268053381e-02,2.739547150893359984e-01,2.778040468400342355e+00,1.000000000000000000e+00,2.778040468400342355e+00,6.544984694978735369e-03,2.068196930614008444e+00,1.308996938995747074e-02,1.542912022046415199e+00,1.191187214486129742e+00
2.110000000000000000e+02,9.066666666666666208e-01,8.633333333333332860e-01,9.933333333333334014e-01,9.817953718977017186e-01,3.950817838843859869e-02,6.646078081226902690e-02,7.809932774869754457e-02,1.313789325354132731e-01,2.784796326370583586e+01,5.551115123125782702e-13,1.300774556988980635e+02,-3.481846025691592850e+00,5.055608158338392721e-01,1.091800976247097488e+01,1.841258623199282241e-01,1.000000000000000000e+00,5.915867839169930420e-02,2.720803666698499157e-01,2.836232659789438948e+00,1.000000000000000000e+00,2.836232659789438948e+00,6.544984694978735369e-03,2.097034478858534445e+00,1.308996938995747074e-02,1.551254189010327966e+00,1.223912137961023605e+00
2.120000000000000000e+02,9.066666666666666208e-01,9.066666666666666208e-01,9.933333333333334014e-01,9.828596834316141173e-01,3.843663492534720588e-02,6.171914786423839810e-02,7.598111254529958669e-02,1.220057252457389385e-01,2.784796326370585362e+01,6.217248937900876626e-13,1.304225006658850816e+02,-3.225820851515348586e+00,5.055815328968622513e-01,1.091666766542077127e+01,1.718107222236753273e-01,1.000000000000000000e+00,5.702675167334980699e-02,2.701792568968075514e-01,2.893986732035643605e+00,1.000000000000000000e+00,2.893986732035643605e+00,6.544984694978735369e-03,2.125893570183156278e+00,1.308996938995747074e-02,1.561976560308095507e+00,1.230457122656002156e+00
2.130000000000000000e+02,9.066666666666666208e-01,9.499999999999999556e-01,9.933333333333334014e-01,9.839773115334963238e-01,3.753573987630986347e-02,5.733007383817749492e-02,7.420023322937202570e-02,1.133294525129283498e-01,2.784796326370585362e+01,6.217248937900876626e-13,1.307861649806150695e+02,-2.955980023714110949e+00,5.056020629759626628e-01,1.091533789859360404e+01,1.596087247828670286e-01,1.000000000000000000e+00,5.485604209420191779e-02,2.682509270121666844e-01,2.951210391276317235e+00,1.000000000000000000e+00,2.951210391276317235e+00,6.544984694978735369e-03,2.154914393743557088e+00,6.544984694978735369e-03,1.572885345507204491e+00,1.230457122656002156e+00
2.140000000000000000e+02,9.066666666666666208e-01,9.933333333333334014e-01,9.933333333333334014e-01,9.851487912852713302e-01,3.682190025447072690e-02,6.096295690840992237e-02,7.278912300206943908e-02,1.205108953723086906e-01,2.784796326370584296e+01,5.773159728050814010e-13,1.311685850999257923e+02,-2.672222290598957883e+00,5.056224132984596942e-01,1.091401998803218909e+01,1.475155209451184390e-01,1.000000000000000000e+00,5.264595910633573794e-02,2.662949025111087664e-01,3.008108378892545343e+00,1.000000000000000000e+00,3.008108378892545343e+00,6.544984694978735369e-03,2.184104503971311395e+00,6.544984694978735369e-03,1.584057509922113915e+00,1.963495408493620697e-02
2.150000000000000000e+02,9.066666666666666208e-01,1.036666666666666625e+00,9.933333333333334014e-01,9.863746867083205139e-01,3.631035700554537116e-02,6.456176418188278032e-02,7.177790999541899808e-02,1.276249775755418925e-01,2.784796326370585362e+01,6.217248937900876626e-13,1.315699037915553333e+02,-2.374441717759878667e+00,5.056425909863438983e-01,1.091271346695358346e+01,1.355268274901400005e-01,1.000000000000000000e+00,5.039588960200624967e-02,2.643106926050196037e-01,3.064439265555224168e+00,1.000000000000000000e+00,3.064439265555224168e+00,6.544984694978735369e-03,2.213302316266990921e+00,6.544984694978735369e-03,1.595336700758403836e+00,1.963495408493620697e-02
2.160000000000000000e+02,9.066666666666666208e-01,1.080000000000000071e+00,9.933333333333334014e-01,9.876555915401452612e-01,3.601425770897010575e-02,6.812676200685716110e-02,7.119258419826308970e-02,1.346722256369089488e-01,2.784796326370585362e+01,6.217248937900876626e-13,1.319902703034209139e+02,-2.062527562459948172e+00,5.056626030634279179e-01,1.091141787527415197e+01,1.236384226707354372e-01,1.000000000000000000e+00,4.810519718075578766e-02,2.622977896571345724e-01,3.120306762740875595e+00,1.000000000000000000e+00,3.120306762740875595e+00,6.544984694978735369e-03,2.242522639670042395e+00,6.544984694978735369e-03,1.606650686124352356e+00,1.963495408493620697e-02
2.170000000000000000e+02,9.499999999999999556e-01,8.199999999999999512e-01,9.933333333333334014e-01,9.872132708709608906e-01,2.528561250796108190e-02,4.781949125115966120e-02,4.998431765620728329e-02,9.452903860262970581e-02,2.784796326370583941e+01,5.773159728050814010e-13,1.313195770300293361e+02,-2.560185486985988579e+00,5.056344455834506091e-01,1.091324086306291008e+01,1.403662368097524649e-01,1.000000000000000000e+00,5.122935075508738834e-02,2.768172518488816181e-01,2.805691487255740579e+00,1.000000000000000000e+00,2.805691487255740579e+00,6.544984694978735369e-03,2.097516251903843276e+00,1.308996938995747074e-02,1.563759512506281979e+00,1.191187214486129742e+00
2.180000000000000000e+02,9.499999999999999556e-01,8.633333333333332860e-01,9.933333333333334014e-01,9.882501954566595970e-01,2.357124278567093376e-02,4.303618286900197376e-02,4.659537065118002364e-02,8.507344777816017167e-02,2.784796326370586783e+01,6.661338147750939243e-13,1.316479051754625402e+02,-2.316564282029642818e+00,5.056585784425755570e-01,1.091167841472490885e+01,1.260291438456295765e-01,1.000000000000000000e+00,4.910334888616763038e-02,2.749281974033621623e-01,2.865029532472124885e+00,1.000000000000000000e+00,2.865029532472124885e+00,6.544984694978735369e-03,2.127162248931790955e+00,1.308996938995747074e-02,1.573514975594929366e+00,1.223912137961023605e+00
2.190000000000000000e+02,9.499999999999999556e-01,9.066666666666666208e-01,9.933333333333334014e-01,9.893410760860136266e-01,2.208236905830045574e-02,3.823458673216130477e-02,4.365218162163065491e-02,7.558170592357400797e-02,2.784796326370584296e+01,5.773159728050814010e-13,1.319949662269803241e+02,-2.059043162563567453e+00,5.056825482260121074e-01,1.091012681972569709e+01,1.117916415837472144e-01,1.000000000000000000e+00,4.693797926123011166e-02,2.730121046862459266e-01,2.923906290376681039e+00,1.000000000000000000e+00,2.923906290376681039e+00,6.544984694978735369e-03,2.156894821916833127e+00,6.544984694978735369e-03,1.584715560266451551e+00,1.230457122656002156e+00
2.200000000000000000e+02,9.499999999999999556e-01,9.499999999999999556e-01,9.933333333333334014e-01,9.904864407203303189e-01,2.087420187497796703e-02,3.341453720716552889e-02,4.126389016719255592e-02,6.605348561646517958e-02,2.784796326370585362e+01,6.217248937900876626e-13,1.323609007239106461e+02,-1.787517847669739535e+00,5.057063640939070126e-01,1.090858547921072663e+01,9.764823490909790848e-02,1.000000000000000000e+00,4.473265102596357679e-02,2.710685034875393029e-01,2.982260986682049086e+00,1.000000000000000000e+00,2.982260986682049086e+00,6.544984694978735369e-03,2.186844093638086406e+00,6.544984694978735369e-03,1.596189759032904387e+00,1.963495408493620697e-02
2.210000000000000000e+02,9.499999999999999556e-01,9.933333333333334014e-01,9.933333333333334014e-01,9.916868466638202317e-01,2.000538304129046915e-02,3.285549737051639968e-02,3.954641875711464860e-02,6.494838188331468476e-02,2.784796326370582165e+01,5.107025913275720086e-13,1.327458557871579501e+02,-1.501879172865860923e+00,5.057300351376143865e-01,1.090705379926376040e+01,8.359347402078221023e-02,1.000000000000000000e+00,4.248675040775218292e-02,2.690969073841094072e-01,3.040120710987426644e+00,1.000000000000000000e+00,3.040120710987426644e+00,6.544984694978735369e-03,2.216808010698091636e+00,6.544984694978735369e-03,1.607769710158281740e+00,1.963495408493620697e-02
2.220000000000000000e+02,9.499999999999999556e-01,1.036666666666666625e+00,9.933333333333334014e-01,9.929428813376028895e-01,1.952970603732264235e-02,3.643126654939286141e-02,3.860610574470117046e-02,7.201692263730921639e-02,2.784796326370582875e+01,5.329070518200751394e-13,1.331499852660458316e+02,-1.202012981147382309e+00,5.057535703899909141e-01,1.090553119022936635e+01,6.962194821531486610e-02,1.000000000000000000e+00,4.019963997837106007e-02,2.670968131792061939e-01,3.097474867016059896e+00,1.000000000000000000e+00,3.097474867016059896e+00,6.544984694978735369e-03,2.246785767521950028e+00,6.544984694978735369e-03,1.619379193471696121e+00,1.963495408493620697e-02
2.230000000000000000e+02,9.499999999999999556e-01,1.080000000000000071e+00,9.933333333333334014e-01,9.942551631027420900e-01,1.948501341204731535e-02,3.997124220592110366e-02,3.851775785999209112e-02,7.901470715431226088e-02,2.784796326370583941e+01,5.773159728050814010e-13,1.335734499051126818e+02,-8.877999992242258109e-01,5.057769788357172613e-01,1.090401706603509524e+01,5.572827966671134448e-02,1.000000000000000000e+00,3.787065787654064764e-02,2.650677003131098886e-01,3.154330114244191741e+00,1.000000000000000000e+00,3.154330114244191741e+00,6.544984694978735369e-03,2.276806888272208340e+00,6.544984694978735369e-03,1.631097843646339252e+00,1.963495408493620697e-02
2.240000000000000000e+02,9.933333333333334014e-01,8.199999999999999512e-01,9.933333333333334014e-01,9.940824068390800017e-01,1.314225497122166811e-02,2.408253405392472152e-02,2.597946349899922514e-02,4.760608554524066449e-02,2.784796326370580744e+01,4.662936703425657470e-13,1.329965451181832918e+02,-1.315866375170704483e+00,5.057372594900036988e-01,1.090658639090232107e+01,7.930451484872147461e-02,1.000000000000000000e+00,4.083380146458281956e-02,2.795625592248089930e-01,2.831177477906128725e+00,1.000000000000000000e+00,2.831177477906128725e+00,6.544984694978735369e-03,2.124953991211121718e+00,1.308996938995747074e-02,1.584417908353676019e+00,1.191187214486129742e+00
2.250000000000000000e+02,9.933333333333334014e-01,8.633333333333332860e-01,9.933333333333334014e-01,9.951469684609689503e-01,1.028976788096823587e-02,1.923843918700735359e-02,2.034069873565535341e-02,3.803033267358024716e-02,2.784796326370584296e+01,5.773159728050814010e-13,1.333269782353288235e+02,-1.070683270169880963e+00,5.057649009042540778e-01,1.090479826565335131e+01,6.289660087008819289e-02,1.000000000000000000e+00,3.867307587262391877e-02,2.776574879647286664e-01,2.891683307835356320e+00,1.000000000000000000e+00,2.891683307835356320e+00,6.544984694978735369e-03,2.155402378590475898e+00,1.308996938995747074e-02,1.595486230298377217e+00,1.230457122656002156e+00
2.260000000000000000e+02,9.933333333333334014e-01,9.066666666666666208e-01,9.933333333333334014e-01,9.962667322962625027e-01,7.479090805931416959e-03,1.437433112750683903e-02,1.478458354550810268e-02,2.841501794534721098e-02,2.784796326370586073e+01,6.439293542825907934e-13,1.336764098288509786e+02,-8.114031961105494517e-01,5.057924144973889868e-01,1.090301879731624091e+01,4.656812308598823336e-02,1.000000000000000000e+00,3.647174133284813990e-02,2.757250645610334061e-01,2.951743142002964504e+00,1.000000000000000000e+00,2.951743142002964504e+00,6.544984694978735369e-03,2.186123269950459580e+00,6.544984694978735369e-03,1.607136764608662505e+00,1.963495408493620697e-02
2.270000000000000000e+02,9.933333333333334014e-01,9.499999999999999556e-01,9.933333333333334014e-01,9.974422496359984791e-01,4.816941512799485098e-03,9.489334300371287181e-03,9.522076423157046707e-03,1.875841053351445104e-02,2.784796326370582875e+01,5.329070518200751394e-13,1.340449912353598449e+02,-5.379138604347466490e-01,5.058198114754171026e-01,1.090124725586545651e+01,3.031238275081893363e-02,1.000000000000000000e+00,3.422918261421692421e-02,2.737648061751647433e-01,3.011255041395659582e+00,1.000000000000000000e+00,3.011255041395659582e+00,6.544984694978735369e-03,2.216877403758766629e+00,6.544984694978735369e-03,1.619093463085671480e+00,1.963495408493620697e-02
2.280000000000000000e+02,9.933333333333334014e-01,9.933333333333334014e-01,9.933333333333334014e-01,9.986741023718248567e-01,2.830442885152186644e-03,4.582612978165361874e-03,5.595188023808202009e-03,9.058858381380211627e-03,2.784796326370583941e+01,5.773159728050814010e-13,1.344328808499329000e+02,-2.500977331647113999e-01,5.058471030265970780e-01,1.089948291307589301e+01,1.412269763976237158e-02,1.000000000000000000e+00,3.194476040296034824e-02,2.717762132345438175e-01,3.070282924653175094e+00,1.000000000000000000e+00,3.070282924653175094e+00,6.544984694978735369e-03,2.247674126173369480e+00,6.544984694978735369e-03,1.631094432223469948e+00,1.963495408493620697e-02
2.290000000000000000e+02,9.933333333333334014e-01,1.036666666666666625e+00,9.933333333333334014e-01,9.999629038190693819e-01,3.273956653519552885e-03,7.605541868013552045e-03,6.471921109708187250e-03,1.503455059902868672e-02,2.784796326370582165e+01,5.107025913275720086e-13,1.348402442730733526e+02,5.216806214101143979e-02,5.058743003352695888e-01,1.089772504162088040e+01,-2.007606227905078811e-03,1.000000000000000000e+00,2.961781051799405873e-02,2.697587688456852817e-01,3.128730439421008924e+00,0.000000000000000000e+00,3.128730439421008924e+00,6.544984694978735369e-03,2.278459155625733867e+00,6.544984694978735369e-03,1.643117067259441288e+00,1.963495408493620697e-02
2.300000000000000000e+02,9.933333333333334014e-01,1.080000000000000071e+00,9.933333333333334014e-01,1.001309299592069380e+00,5.630745850137084361e-03,1.111905978142865500e-02,1.113079578855405601e-02,2.198003374362807183e-02,2.784796326370584296e+01,5.773159728050814010e-13,1.352672544776888799e+02,3.690118722865953771e-01,5.059014145958712350e-01,1.089597291416023239e+01,-1.808520295691895541e-02,1.000000000000000000e+00,2.724764308345228869e-02,2.677119381769186290e-01,3.186535070443903717e+00,0.000000000000000000e+00,3.186535070443903717e+00,6.544984694978735369e-03,2.309228383311669131e+00,6.544984694978735369e-03,1.655236642922770507e+00,1.308996938995747074e-02
2.310000000000000000e+02,1.036666666666666625e+00,8.199999999999999512e-01,9.933333333333334014e-01,1.001415977182656736e+00,1.729404528194249807e-02,4.000198494947015265e-02,3.418667642167196041e-02,7.907547906793289949e-02,2.784796326370582875e+01,5.329070518200751394e-13,1.347882259028405372e+02,1.357015875607103794e-02,5.058491236492416165e-01,1.089935229910632764e+01,1.292417825289327027e-02,1.000000000000000000e+00,3.004120181613778584e-02,2.821876706350945341e-01,2.854627133991388899e+00,1.000000000000000000e+00,2.854627133991388899e+00,6.544984694978735369e-03,2.150597337584855495e+00,1.308996938995747074e-02,1.605241169489604935e+00,1.223912137961023605e+00
2.320000000000000000e+02,1.036666666666666625e+00,8.633333333333332860e-01,9.933333333333334014e-01,1.002510595549054750e+00,1.586858775637884494e-02,3.631337478142231123e-02,3.136884783473257304e-02,7.178387550121802241e-02,2.784796326370583941e+01,5.773159728050814010e-13,1.351211434464936758e+02,2.605967212485182927e-01,5.058805893981390689e-01,1.089731860800400121e+01,-5.737058528643146360e-03,1.000000000000000000e+00,2.784310315445104322e-02,2.802651858662139617e-01,2.916352204606921461e+00,0.000000000000000000e+00,2.916352204606921461e+00,6.544984694978735369e-03,2.181988146954118246e+00,6.544984694978735369e-03,1.617062321035787953e+00,1.230457122656002156e+00
2.330000000000000000e+02,1.036666666666666625e+00,9.066666666666666208e-01,9.933333333333334014e-01,1.003661771384278145e+00,1.492315018980857125e-02,3.266612281338612811e-02,2.949991736541206569e-02,6.457402836442631411e-02,2.784796326370581099e+01,4.662936703425657470e-13,1.354733489645522297e+02,5.219350618543394660e-01,5.059119671776788341e-01,1.089529110632783926e+01,-2.434150087021746955e-02,1.000000000000000000e+00,2.560305805035412163e-02,2.783149952566112972e-01,2.977603483903652926e+00,0.000000000000000000e+00,2.977603483903652926e+00,6.544984694978735369e-03,2.213550789356327542e+00,6.544984694978735369e-03,1.629179697089048418e+00,1.963495408493620697e-02
2.340000000000000000e+02,1.036666666666666625e+00,9.499999999999999556e-01,9.933333333333334014e-01,1.004870081827654582e+00,1.456325184990942510e-02,2.905998065328057461e-02,2.878847432879206095e-02,5.744544663885386981e-02,2.784796326370585362e+01,6.217248937900876626e-13,1.358450051840270589e+02,7.977059248685858250e-01,5.059432704985591389e-01,1.089326891701026945e+01,-4.289719678151060478e-02,1.000000000000000000e+00,2.332042442050674680e-02,2.763366020408080104e-01,3.038353985706944371e+00,0.000000000000000000e+00,3.038353985706944371e+00,6.544984694978735369e-03,2.245132657100822993e+00,6.544984694978735369e-03,1.641560111664299715e+00,1.963495408493620697e-02
2.350000000000000000e+02,1.036666666666666625e+00,9.933333333333334014e-01,9.933333333333334014e-01,1.006136136016606342e+00,1.484381683169129149e-02,2.549473051603060036e-02,2.934309206518968469e-02,5.039769980938586108e-02,2.784796326370580033e+01,4.440892098500626162e-13,1.362362824289375283e+02,1.088035691606403788e+00,5.059745129133812469e-01,1.089125116115377345e+01,-6.141221106382710460e-02,1.000000000000000000e+00,2.099453480884339029e-02,2.743294921374292983e-01,3.098590677315254727e+00,0.000000000000000000e+00,3.098590677315254727e+00,6.544984694978735369e-03,2.276737428704265209e+00,6.544984694978735369e-03,1.653974219844247973e+00,1.963495408493620697e-02
2.360000000000000000e+02,1.036666666666666625e+00,1.036666666666666625e+00,9.933333333333334014e-01,1.007460575965188454e+00,1.574293565495179376e-02,2.483125720030086511e-02,3.112046015775135274e-02,4.908615313597975566e-02,2.784796326370586073e+01,6.439293542825907934e-13,1.366473587707117190e+02,1.393056492000899205e+00,5.060057080346140879e-01,1.088923695686925441e+01,-7.989463596934642808e-02,1.000000000000000000e+00,1.862469554890555656e-02,2.722931335326927993e-01,3.158239357132103464e+00,0.000000000000000000e+00,3.158239357132103464e+00,6.544984694978735369e-03,2.308347901922934042e+00,6.544984694978735369e-03,1.666422943041289351e+00,1.963495408493620697e-02
2.370000000000000000e+02,1.036666666666666625e+00,1.080000000000000071e+00,9.933333333333334014e-01,1.008844077498546321e+00,1.717571263794245157e-02,2.985775421601198285e-02,3.395275776674774176e-02,5.902247654725478743e-02,2.784796326370582875e+01,5.329070518200751394e-13,1.370784201986207052e+02,1.712906331066110788e+00,5.060368695529247063e-01,1.088722541809305966e+01,-9.835260205617313289e-02,1.000000000000000000e+00,1.621018587984135451e-02,2.702269756317132732e-01,3.217205371675769587e+00,0.000000000000000000e+00,3.217205371675769587e+00,6.544984694978735369e-03,2.339929129046181888e+00,6.544984694978735369e-03,1.679029079257791990e+00,1.308996938995747074e-02
2.380000000000000000e+02,1.080000000000000071e+00,8.199999999999999512e-01,9.933333333333334014e-01,1.009241361415686322e+00,3.261569032931671552e-02,7.026649894162258214e-02,6.447433399067431514e-02,1.389020338179194070e-01,2.784796326370580744e+01,4.662936703425657470e-13,1.367017863231831427e+02,1.433442021235431518e+00,5.059709202330616717e-01,1.089148316497044533e+01,-5.928333409122021891e-02,1.000000000000000000e+00,1.882458998967173613e-02,2.846890549955336525e-01,2.876142848645137917e+00,0.000000000000000000e+00,2.876142848645137917e+00,6.544984694978735369e-03,2.174739168008748003e+00,1.308996938995747074e-02,1.625867881354988498e+00,1.223912137961023605e+00
2.390000000000000000e+02,1.080000000000000071e+00,8.633333333333332860e-01,9.933333333333334014e-01,1.010368690168318206e+00,3.223481233331223356e-02,6.659708050888292485e-02,6.372141860313708384e-02,1.316483682601697347e-01,2.784796326370580033e+01,4.440892098500626162e-13,1.370376207263728361e+02,1.682632908793713078e+00,5.060065588633513300e-01,1.088918202758034859e+01,-8.039866948030827132e-02,1.000000000000000000e+00,1.658622562359290953e-02,2.827476628574725481e-01,2.939138996007635285e+00,0.000000000000000000e+00,2.939138996007635285e+00,6.544984694978735369e-03,2.206908441242940278e+00,6.544984694978735369e-03,1.638157472987264107e+00,1.230457122656002156e+00
2.400000000000000000e+02,1.080000000000000071e+00,9.066666666666666208e-01,9.933333333333334014e-01,1.011554051315187275e+00,3.215552774980145329e-02,6.297137630819543697e-02,6.356468972001451390e-02,1.244811165102843314e-01,2.784796326370583941e+01,5.773159728050814010e-13,1.373930591078266445e+02,1.946370050984991273e+00,5.060421546690799799e-01,1.088688430234136462e+01,-1.014826948244396121e-01,1.000000000000000000e+00,1.430447111734789445e-02,2.807781680536054481e-01,3.001627567976175026e+00,0.000000000000000000e+00,3.001627567976175026e+00,6.544984694978735369e-03,2.239268639298662933e+00,6.544984694978735369e-03,1.650746443778066785e+00,1.963495408493620697e-02
2.410000000000000000e+02,1.080000000000000071e+00,9.499999999999999556e-01,9.933333333333334014e-01,1.012798050686589679e+00,3.238578145784869189e-02,5.938914365253621097e-02,6.401985268990219302e-02,1.173997988272527382e-01,2.784796326370580388e+01,4.440892098500626162e-13,1.377682762288495155e+02,2.224783121613560510e+00,5.060777237637886783e-01,1.088458894699490642e+01,-1.225449739331030408e-01,1.000000000000000000e+00,1.197865474512394002e-02,2.787800584520203628e-01,3.063679513722567638e+00,0.000000000000000000e+00,3.063679513722567638e+00,6.544984694978735369e-03,2.271676765623182437e+00,6.544984694978735369e-03,1.663552083019515404e+00,1.963495408493620697e-02
2.420000000000000000e+02,1.080000000000000071e+00,9.933333333333334014e-01,9.933333333333334014e-01,1.014101327667050301e+00,3.292510733067941647e-02,5.585016185777585962e-02,6.508598607857508933e-02,1.104039789651417580e-01,2.784796326370578967e+01,3.996802888650563546e-13,1.381634550532972412e+02,2.518007880819506106e+00,5.061132823728495822e-01,1.088229491324113241e+01,-1.435951260506218574e-01,1.000000000000000000e+00,9.608077975578943608e-03,2.767528039544480123e-01,3.125183911871871167e+00,0.000000000000000000e+00,3.125183911871871167e+00,6.544984694978735369e-03,2.304115680502991204e+00,6.544984694978735369e-03,1.676404944753220327e+00,1.963495408493620697e-02
2.430000000000000000e+02,1.080000000000000071e+00,1.036666666666666625e+00,9.933333333333334014e-01,1.015464556136737251e+00,3.376497097723319546e-02,5.235423302215854585e-02,6.674621919667841907e-02,1.034932657139609191e-01,2.784796326370580388e+01,4.440892098500626162e-13,1.385787869053618522e+02,2.826186292156207536e+00,5.061488468562648224e-01,1.088000114527623907e+01,-1.646428392779619720e-01,1.000000000000000000e+00,7.192014574044947040e-03,2.746958558464678291e-01,3.186035714098327531e+00,0.000000000000000000e+00,3.186035714098327531e+00,6.544984694978735369e-03,2.336529153814875137e+00,6.544984694978735369e-03,1.689283517811189128e+00,1.963495408493620697e-02
2.440000000000000000e+02,1.080000000000000071e+00,1.080000000000000071e+00,9.933333333333334014e-01,1.016888445473003832e+00,3.489014342648844719e-02,5.488701512047643172e-02,6.897044758362691486e-02,1.085000412040312834e-01,2.784796326370580033e+01,4.440892098500626162e-13,1.390144716474100619e+02,3.149466654547405930e+00,5.061844337320742238e-01,1.087770657829434207e+01,-1.856978843196022133e-01,1.000000000000000000e+00,4.729709654550440234e-03,2.726086461134018535e-01,3.246269154386457689e+00,0.000000000000000000e+00,3.246269154386457689e+00,6.544984694978735369e-03,2.368950912865102509e+00,6.544984694978735369e-03,1.702402264631339923e+00,1.308996938995747074e-02
2.450000000000000000e+02,8.199999999999999512e-01,8.199999999999999512e-01,1.036666666666666625e+00,9.692389939905676766e-01,7.223650327346113620e-02,1.163438974229979161e-01,1.427963164767128146e-01,2.299873228034866046e-01,2.784796326370588204e+01,7.327471962526033167e-13,1.269508828302361252e+02,-5.801779483245872449e+00,5.053750881967095099e-01,1.093005144108323456e+01,2.946208217429413523e-01,1.000000000000000000e+00,8.070952817962151471e-02,2.673552494921951350e-01,2.685023306176095748e+00,1.000000000000000000e+00,2.685023306176095748e+00,6.544984694978735369e-03,1.991495755545527491e+00,1.308996938995747074e-02,1.499865870329937234e+00,8.508480103472355893e-02
2.460000000000000000e+02,8.199999999999999512e-01,8.633333333333332860e-01,1.036666666666666625e+00,9.702061448990708659e-01,7.139137310400169023e-02,1.117225981101296062e-01,1.411256725546877755e-01,2.208519897058171255e-01,2.784796326370586073e+01,6.439293542825907934e-13,1.272747923843739244e+02,-5.561436896192284429e+00,5.053904876597107299e-01,1.092905234158547501e+01,2.854530418993528329e-01,1.000000000000000000e+00,7.867384390765508329e-02,2.655058088402748595e-01,2.740993477557623237e+00,1.000000000000000000e+00,2.740993477557623237e+00,6.544984694978735369e-03,2.018590133020920607e+00,1.308996938995747074e-02,1.505285278113739800e+00,1.191187214486129742e+00
2.470000000000000000e+02,8.199999999999999512e-01,9.066666666666666208e-01,1.036666666666666625e+00,9.712240968933986140e-01,7.062979801329236085e-02,1.072566939721965318e-01,1.396201993832910104e-01,2.120238400621280439e-01,2.784796326370586073e+01,6.439293542825907934e-13,1.276167530603552365e+02,-5.307700282109650836e+00,5.054056416951082653e-01,1.092806928401831357e+01,2.764324634989767659e-01,1.000000000000000000e+00,7.660203318575398157e-02,2.636300244704150586e-01,2.796690904871730776e+00,1.000000000000000000e+00,2.796690904871730776e+00,6.544984694978735369e-03,2.045728845650414129e+00,1.308996938995747074e-02,1.512390053238185539e+00,1.191187214486129742e+00
2.480000000000000000e+02,8.199999999999999512e-01,9.499999999999999556e-01,1.036666666666666625e+00,9.722933208890074397e-01,6.995616589358435999e-02,1.109582629881438187e-01,1.382885708991359319e-01,2.193410605352817122e-01,2.784796326370586783e+01,6.661338147750939243e-13,1.279768763207121225e+02,-5.040486935214905095e+00,5.054205546559611406e-01,1.092710198029839219e+01,2.675564430765664525e-01,1.000000000000000000e+00,7.449356585056143842e-02,2.617274569031220466e-01,2.852024473517265957e+00,1.000000000000000000e+00,2.852024473517265957e+00,6.544984694978735369e-03,2.072840468003208869e+00,1.308996938995747074e-02,1.521316170278912416e+00,1.230457122656002156e+00
2.490000000000000000e+02,8.199999999999999512e-01,9.933333333333334014e-01,1.036666666666666625e+00,9.734143140787464565e-01,6.937483372788137703e-02,1.146290543883823482e-01,1.371393999377791550e-01,2.265974401599172017e-01,2.784796326370580744e+01,4.662936703425657470e-13,1.283552791301409854e+02,-4.759710067090205499e+00,5.054352307145073553e-01,1.092615015429446323e+01,2.588224468399680234e-01,1.000000000000000000e+00,7.234789169789834773e-02,2.597976516783297996e-01,2.906973547270381264e+00,1.000000000000000000e+00,2.906973547270381264e+00,6.544984694978735369e-03,2.100021432029643087e+00,6.544984694978735369e-03,1.531455052228135383e+00,1.230457122656002156e+00
2.500000000000000000e+02,8.199999999999999512e-01,1.036666666666666625e+00,1.036666666666666625e+00,9.745876005909727136e-01,6.889007313026759838e-02,1.182693821554582914e-01,1.361811305784464132e-01,2.337935996132405603e-01,2.784796326370586783e+01,6.661338147750939243e-13,1.287520841161090743e+02,-4.465278687512053146e+00,5.054496738646796494e-01,1.092521354165224068e+01,2.502280490628949750e-01,1.000000000000000000e+00,7.016443985803277883e-02,2.578401388573690056e-01,2.961404808214401108e+00,1.000000000000000000e+00,2.961404808214401108e+00,6.544984694978735369e-03,2.127489233334507013e+00,6.544984694978735369e-03,1.541713491828566429e+00,1.963495408493620697e-02
2.510000000000000000e+02,8.199999999999999512e-01,1.080000000000000071e+00,1.036666666666666625e+00,9.758137321891192650e-01,6.850601222105397181e-02,1.218795489578327479e-01,1.354219232434679954e-01,2.409301372069003744e-01,2.784796326370586073e+01,6.439293542825907934e-13,1.291674197484700812e+02,-4.157097471175619674e+00,5.054638879243064098e-01,1.092429188963987663e+01,2.417709306670623448e-01,1.000000000000000000e+00,6.794261813780000381e-02,2.558544324997864550e-01,3.015318397424435304e+00,1.000000000000000000e+00,3.015318397424435304e+00,6.544984694978735369e-03,2.154953901370365354e+00,6.544984694978735369e-03,1.552200222247566153e+00,1.963495408493620697e-02
2.520000000000000000e+02,8.633333333333332860e-01,8.199999999999999512e-01,1.036666666666666625e+00,9.748554969146299154e-01,5.650845776062726755e-02,9.361344042869042259e-02,1.117052909863373994e-01,1.850540081560163586e-01,2.784796326370583586e+01,5.551115123125782702e-13,1.283204644250379829e+02,-4.785542760769878612e+00,5.054552845966070462e-01,1.092484972452023051e+01,2.468896474551618425e-01,1.000000000000000000e+00,7.136746595350196287e-02,2.704421427593040050e-01,2.716900872244977894e+00,1.000000000000000000e+00,2.716900872244977894e+00,6.544984694978735369e-03,2.024472046605589881e+00,1.308996938995747074e-02,1.520555583626993723e+00,8.508480103472355893e-02
2.530000000000000000e+02,8.633333333333332860e-01,8.633333333333332860e-01,1.036666666666666625e+00,9.758441972323735891e-01,5.551988302538442971e-02,8.894137220468864569e-02,1.097510874416250948e-01,1.758183156393153812e-01,2.784796326370588204e+01,7.327471962526033167e-13,1.286456016703644138e+02,-4.544289220418962216e+00,5.054734167596716121e-01,1.092367408969362685e+01,2.361019718623680319e-01,1.000000000000000000e+00,6.930379370751449386e-02,2.685803724329707265e-01,2.773965235675905028e+00,1.000000000000000000e+00,2.773965235675905028e+00,6.544984694978735369e-03,2.052399893415606691e+00,1.308996938995747074e-02,1.527095888914844268e+00,1.191187214486129742e+00
2.540000000000000000e+02,8.633333333333332860e-01,9.066666666666666208e-01,1.036666666666666625e+00,9.768846695325830165e-01,5.464133959587996747e-02,8.425415159365925999e-02,1.080143925586635467e-01,1.665526700524168902e-01,2.784796326370588204e+01,7.327471962526033167e-13,1.289889956217108420e+02,-4.289489108502397841e+00,5.054913283102531185e-01,1.092251292432569798e+01,2.254470686429588255e-01,1.000000000000000000e+00,6.720299438560406458e-02,2.666920473572931272e-01,2.830626010768809930e+00,1.000000000000000000e+00,2.830626010768809930e+00,6.544984694978735369e-03,2.080347833183124884e+00,1.308996938995747074e-02,1.534830911297985656e+00,1.223912137961023605e+00
2.550000000000000000e+02,8.633333333333332860e-01,9.499999999999999556e-01,1.036666666666666625e+00,9.779774020486255992e-01,5.388051378620415527e-02,8.410569697862112226e-02,1.065104005576826135e-01,1.662592066200693497e-01,2.784796326370588204e+01,7.327471962526033167e-13,1.293507669570177541e+02,-4.021052881355780428e+00,5.055090250589507894e-01,1.092136584569738922e+01,2.149214259505205504e-01,1.000000000000000000e+00,6.506451938166346594e-02,2.647767186280054474e-01,2.886933450115809485e+00,1.000000000000000000e+00,2.886933450115809485e+00,6.544984694978735369e-03,2.108329659404972745e+00,1.308996938995747074e-02,1.545164535526222682e+00,1.230457122656002156e+00
2.560000000000000000e+02,8.633333333333332860e-01,9.933333333333334014e-01,1.036666666666666625e+00,9.791229102178613530e-01,5.324495240416574765e-02,8.775759691150643305e-02,1.052540298844460431e-01,1.734782418020943129e-01,2.784796326370586428e+01,6.661338147750939243e-13,1.297310421771440758e+02,-3.738886674678687516e+00,5.055265126682648713e-01,1.092023248097247645e+01,2.045216226238322221e-01,1.000000000000000000e+00,6.288779917962550314e-02,2.628339219862265708e-01,2.942816522659829293e+00,1.000000000000000000e+00,2.942816522659829293e+00,6.544984694978735369e-03,2.136390222496538982e+00,6.544984694978735369e-03,1.555683055516320135e+00,1.230457122656002156e+00
2.570000000000000000e+02,8.633333333333332860e-01,1.036666666666666625e+00,1.036666666666666625e+00,9.803217373743112750e-01,5.274188462863647203e-02,9.137725235533802892e-02,1.042595710993665936e-01,1.806335364366828400e-01,2.784796326370585362e+01,6.217248937900876626e-13,1.301299537599689984e+02,-3.442892189190316365e+00,5.055437966573900210e-01,1.091911246687413595e+01,1.942443252191727865e-01,1.000000000000000000e+00,6.067224269519844171e-02,2.608631773015659405e-01,2.998297382421600155e+00,1.000000000000000000e+00,2.998297382421600155e+00,6.544984694978735369e-03,2.164706397846805963e+00,6.544984694978735369e-03,1.566420079058863823e+00,1.963495408493620697e-02
2.580000000000000000e+02,8.633333333333332860e-01,1.080000000000000071e+00,1.036666666666666625e+00,9.815744554850234227e-01,5.237803121279454438e-02,9.496494964178589515e-02,1.035403097125991989e-01,1.877256565410964362e-01,2.784796326370585717e+01,6.439293542825907934e-13,1.305476403338976752e+02,-3.132966561887395862e+00,5.055608824067915341e-01,1.091800544937592576e+01,1.840862851747671058e-01,1.000000000000000000e+00,5.841723658234254657e-02,2.588639880290637407e-01,3.053234959096635670e+00,1.000000000000000000e+00,3.053234959096635670e+00,6.544984694978735369e-03,2.193017797046819872e+00,6.544984694978735369e-03,1.577299016623531891e+00,1.963495408493620697e-02
2.590000000000000000e+02,9.066666666666666208e-01,8.199999999999999512e-01,1.036666666666666625e+00,9.808693923475323428e-01,4.069492747427209955e-02,7.057662852350751748e-02,8.044528014616621203e-02,1.395150945270733911e-01,2.784796326370586783e+01,6.661338147750939243e-13,1.297874512795290798e+02,-3.697030825021296874e+00,5.055424705094736515e-01,1.091919839672421411e+01,1.950328212090957081e-01,1.000000000000000000e+00,6.169584825443497067e-02,2.734160105340386338e-01,2.746245646193027579e+00,1.000000000000000000e+00,2.746245646193027579e+00,6.544984694978735369e-03,2.055428911602824371e+00,1.308996938995747074e-02,1.541188430171185786e+00,1.191187214486129742e+00
2.600000000000000000e+02,9.066666666666666208e-01,8.633333333333332860e-01,1.036666666666666625e+00,9.818815184513330907e-01,3.946934826815517300e-02,6.584969620864045137e-02,7.802256879867153216e-02,1.301709472855811234e-01,2.784796326370588204e+01,7.327471962526033167e-13,1.301140711012154156e+02,-3.454677205239897742e+00,5.055635757759782134e-01,1.091783095462864850e+01,1.824851138895411395e-01,1.000000000000000000e+00,5.960211203074727848e-02,2.715407412179953184e-01,2.804413921112856922e+00,1.000000000000000000e+00,2.804413921112856922e+00,6.544984694978735369e-03,2.084172726991349478e+00,1.308996938995747074e-02,1.548648773638197529e+00,1.191187214486129742e+00
2.610000000000000000e+02,9.066666666666666208e-01,9.066666666666666208e-01,1.036666666666666625e+00,9.829464720400643563e-01,3.839793814447475806e-02,6.110706097651003726e-02,7.590461717913861428e-02,1.207957586918426834e-01,2.784796326370582875e+01,5.329070518200751394e-13,1.304591714295375482e+02,-3.198610952662805929e+00,5.055844883308606708e-01,1.091647622381458760e+01,1.700540458342558736e-01,1.000000000000000000e+00,5.747017488397077045e-02,2.696386737647626930e-01,2.862176465163938754e+00,1.000000000000000000e+00,2.862176465163938754e+00,6.544984694978735369e-03,2.112946527485414450e+00,1.308996938995747074e-02,1.557808383615301828e+00,1.223912137961023605e+00
2.620000000000000000e+02,9.066666666666666208e-01,9.499999999999999556e-01,1.036666666666666625e+00,9.840647604666366011e-01,3.749747187070830157e-02,5.665503086029036878e-02,7.412458546139900906e-02,1.119950350600120437e-01,2.784796326370582875e+01,5.329070518200751394e-13,1.308228826549364783e+02,-2.928735316899300223e+00,5.056052156165186107e-01,1.091513371603393701e+01,1.577351368578172597e-01,1.000000000000000000e+00,5.529946799085116993e-02,2.677093488629633811e-01,2.919532618581604844e+00,1.000000000000000000e+00,2.919532618581604844e+00,6.544984694978735369e-03,2.141738589380278057e+00,1.308996938995747074e-02,1.568614379296343397e+00,1.230457122656002156e+00
2.630000000000000000e+02,9.066666666666666208e-01,9.933333333333334014e-01,1.036666666666666625e+00,9.852369193131812475e-01,3.678439266724141399e-02,6.028701482242820181e-02,7.271497842067961570e-02,1.191747005725081326e-01,2.784796326370583586e+01,5.551115123125782702e-13,1.312053413592160496e+02,-2.644948953535009029e+00,5.056257649651955122e-01,1.091380295054436900e+01,1.455239756479764779e-01,1.000000000000000000e+00,5.308940066169398619e-02,2.657522914280301407e-01,2.976352504070106431e+00,1.000000000000000000e+00,2.976352504070106431e+00,6.544984694978735369e-03,2.170731615221520805e+00,6.544984694978735369e-03,1.579536270784199559e+00,1.963495408493620697e-02
2.640000000000000000e+02,9.066666666666666208e-01,1.036666666666666625e+00,1.036666666666666625e+00,9.864635131225029108e-01,3.627396858454741413e-02,6.388488346438474241e-02,7.170597776939137413e-02,1.262869272993964731e-01,2.784796326370586783e+01,6.661338147750939243e-13,1.316066904649326830e+02,-2.347145813283879612e+00,5.056461436064089154e-01,1.091248345361561256e+01,1.334162152354601005e-01,1.000000000000000000e+00,5.083935964456554046e-02,2.637670100643152438e-01,3.032798742042406293e+00,1.000000000000000000e+00,3.032798742042406293e+00,6.544984694978735369e-03,2.199843833346887489e+00,6.544984694978735369e-03,1.590746082378250437e+00,1.963495408493620697e-02
2.650000000000000000e+02,9.066666666666666208e-01,1.080000000000000071e+00,1.036666666666666625e+00,9.877451361757548787e-01,3.597936063069707285e-02,6.744890192188132683e-02,7.112360004195192320e-02,1.333322393580229637e-01,2.784796326370586073e+01,6.439293542825907934e-13,1.320270794044611193e+02,-2.035215016540559141e+00,5.056663586742725647e-01,1.091117475804330716e+01,1.214075685330273657e-01,1.000000000000000000e+00,4.854870839200220445e-02,2.617529964996387903e-01,3.088757195601006256e+00,1.000000000000000000e+00,3.088757195601006256e+00,6.544984694978735369e-03,2.228983063469462067e+00,6.544984694978735369e-03,1.602025330386863677e+00,1.963495408493620697e-02
2.660000000000000000e+02,9.499999999999999556e-01,8.199999999999999512e-01,1.036666666666666625e+00,9.873008642564780057e-01,2.524698797733903113e-02,4.720298948838186348e-02,4.990796511353794151e-02,9.331034477282451611e-02,2.784796326370582875e+01,5.329070518200751394e-13,1.313570287891952262e+02,-2.532396085368626704e+00,5.056372552152048616e-01,1.091305894202737115e+01,1.386969215849020998e-01,1.000000000000000000e+00,5.167420117740295638e-02,2.762748475868361808e-01,2.773237453292068277e+00,1.000000000000000000e+00,2.773237453292068277e+00,6.544984694978735369e-03,2.084430768424059277e+00,1.308996938995747074e-02,1.562183685342816819e+00,1.191187214486129742e+00
2.670000000000000000e+02,9.499999999999999556e-01,8.633333333333332860e-01,1.036666666666666625e+00,9.883384524031786356e-01,2.353191840107875937e-02,4.241853683108570694e-02,4.651763464496418143e-02,8.385249195798440136e-02,2.784796326370582875e+01,5.329070518200751394e-13,1.316854229190371939e+02,-2.288725919635092865e+00,5.056615962575946588e-01,1.091148305147769015e+01,1.242364823098585092e-01,1.000000000000000000e+00,4.954815555503433444e-02,2.743848424429984334e-01,2.832534175027644263e+00,1.000000000000000000e+00,2.832534175027644263e+00,6.544984694978735369e-03,2.113980309123888457e+00,1.308996938995747074e-02,1.569717942516726694e+00,1.191187214486129742e+00
2.680000000000000000e+02,9.499999999999999556e-01,9.066666666666666208e-01,1.036666666666666625e+00,9.894300153107404849e-01,2.204284755585231292e-02,3.761575505918145212e-02,4.357405595502888279e-02,7.435840635318755054e-02,2.784796326370585362e+01,6.217248937900876626e-13,1.320325412003613224e+02,-2.031162335352720838e+00,5.056857760072387409e-01,1.090991790375798232e+01,1.098746197034206062e-01,1.000000000000000000e+00,4.738275517389833880e-02,2.724677612353909595e-01,2.891440068643504002e+00,1.000000000000000000e+00,2.891440068643504002e+00,6.544984694978735369e-03,2.143562633992809552e+00,1.308996938995747074e-02,1.580364070075544358e+00,1.230457122656002156e+00
2.690000000000000000e+02,9.499999999999999556e-01,9.499999999999999556e-01,1.036666666666666625e+00,9.905760814587515339e-01,2.083521103726963114e-02,3.279493588822445654e-02,4.118681351274799951e-02,6.482866461850023132e-02,2.784796326370586073e+01,6.439293542825907934e-13,1.323985242570312550e+02,-1.759600988877552119e+00,5.057098037366701826e-01,1.090836289276916204e+01,9.560577217440080489e-02,1.000000000000000000e+00,4.517740901793221298e-02,2.705231331715385323e-01,2.949908042033977829e+00,1.000000000000000000e+00,2.949908042033977829e+00,6.544984694978735369e-03,2.173268020314651494e+00,6.544984694978735369e-03,1.591640756097442377e+00,1.230457122656002156e+00
2.700000000000000000e+02,9.499999999999999556e-01,9.933333333333334014e-01,1.036666666666666625e+00,9.917772086915748186e-01,1.996787880084056194e-02,3.217163573938242732e-02,3.947228079160115116e-02,6.359653181471421057e-02,2.784796326370582165e+01,5.107025913275720086e-13,1.327835193247772168e+02,-1.473932630525975895e+00,5.057336886523722264e-01,1.090681741718142739e+01,8.142442189469356606e-02,1.000000000000000000e+00,4.293150314996108108e-02,2.685504712180435405e-01,3.007856026851541298e+00,1.000000000000000000e+00,3.007856026851541298e+00,6.544984694978735369e-03,2.203156009792263781e+00,6.544984694978735369e-03,1.603167715543619920e+00,1.963495408493620697e-02
2.710000000000000000e+02,9.499999999999999556e-01,1.036666666666666625e+00,1.036666666666666625e+00,9.930339849934172181e-01,1.949479935257409161e-02,3.574638694693881708e-02,3.853710259841601482e-02,7.066306025432197990e-02,2.784796326370582165e+01,5.107025913275720086e-13,1.331876803981365356e+02,-1.174042995544088974e+00,5.057574399052624514e-01,1.090528087974477778e+01,6.732508847271390096e-02,1.000000000000000000e+00,4.064439997386593006e-02,2.665492715390520573e-01,3.065245400245972807e+00,1.000000000000000000e+00,3.065245400245972807e+00,6.544984694978735369e-03,2.233044134061016983e+00,6.544984694978735369e-03,1.614745168676967157e+00,1.963495408493620697e-02
2.720000000000000000e+02,9.499999999999999556e-01,1.080000000000000071e+00,1.036666666666666625e+00,9.943470293124845316e-01,1.945380832421710060e-02,3.928530812343318523e-02,3.845607198933722465e-02,7.765876028691877375e-02,2.784796326370585362e+01,6.217248937900876626e-13,1.336111683972236790e+02,-8.598126803634142945e-01,5.057810666012063638e-01,1.090375268659887631e+01,5.330232262052980730e-02,1.000000000000000000e+00,3.831543745666987633e-02,2.645190129058549999e-01,3.122260790847436240e+00,1.000000000000000000e+00,3.122260790847436240e+00,6.544984694978735369e-03,2.262979978300456718e+00,6.544984694978735369e-03,1.626371169716857690e+00,1.963495408493620697e-02
2.730000000000000000e+02,9.933333333333334014e-01,8.199999999999999512e-01,1.036666666666666625e+00,9.941722361576931233e-01,1.312097390162288504e-02,2.349149869743575453e-02,2.593739531723955605e-02,4.643773342422746753e-02,2.784796326370583586e+01,5.551115123125782702e-13,1.330349670788041294e+02,-1.287357078988116132e+00,5.057403269993712147e-01,1.090638793419711305e+01,7.748346760976243530e-02,1.000000000000000000e+00,4.128013369575977976e-02,2.790161829674815408e-01,2.798046781302442554e+00,1.000000000000000000e+00,2.798046781302442554e+00,6.544984694978735369e-03,2.111550581419660233e+00,1.308996938995747074e-02,1.582813352786056171e+00,1.191187214486129742e+00
2.740000000000000000e+02,9.933333333333334014e-01,8.633333333333332860e-01,1.036666666666666625e+00,9.952375037908396394e-01,1.026825021022444162e-02,1.861414172710249698e-02,2.029816284338298651e-02,3.679622839637427395e-02,2.784796326370582165e+01,5.107025913275720086e-13,1.333654686894867893e+02,-1.042123151423712812e+00,5.057681917826791773e-01,1.090458540451009917e+01,6.094337788984383053e-02,1.000000000000000000e+00,3.911934257509841473e-02,2.771101289128079515e-01,2.858528167477194071e+00,1.000000000000000000e+00,2.858528167477194071e+00,6.544984694978735369e-03,2.141901550458569670e+00,1.308996938995747074e-02,1.591231669761615342e+00,1.223912137961023605e+00
2.750000000000000000e+02,9.933333333333334014e-01,9.066666666666666208e-01,1.036666666666666625e+00,9.963579933784445508e-01,7.457933072617039909e-03,1.374879492697119593e-02,1.474275917354407953e-02,2.717846493943579592e-02,2.784796326370582875e+01,5.329070518200751394e-13,1.337149598387540550e+02,-7.827988866893287323e-01,5.057959307156925099e-01,1.090279141038754140e+01,4.448161087544644232e-02,1.000000000000000000e+00,3.691795521223895093e-02,2.751766838220408573e-01,2.918572254251560416e+00,1.000000000000000000e+00,2.918572254251560416e+00,6.544984694978735369e-03,2.172284291279743318e+00,1.308996938995747074e-02,1.602689723069651517e+00,1.230457122656002156e+00
2.760000000000000000e+02,9.933333333333334014e-01,9.499999999999999556e-01,1.036666666666666625e+00,9.975342567724386766e-01,4.798262334015807387e-03,8.862517385000233394e-03,9.485151630230378994e-03,1.751932582475660208e-02,2.784796326370582520e+01,5.329070518200751394e-13,1.340835919357402588e+02,-5.092719384136357164e-01,5.058235551277013853e-01,1.090100521389210186e+01,2.809139522195192029e-02,1.000000000000000000e+00,3.467535618985095880e-02,2.732153642420058759e-01,2.978227370028406540e+00,1.000000000000000000e+00,2.978227370028406540e+00,6.544984694978735369e-03,2.202980318053893605e+00,6.544984694978735369e-03,1.614413788267385907e+00,1.963495408493620697e-02
2.770000000000000000e+02,9.933333333333334014e-01,9.933333333333334014e-01,1.036666666666666625e+00,9.987668764490752471e-01,2.824655372140399794e-03,4.405104465599974338e-03,5.583747332437586156e-03,8.707961527449712552e-03,2.784796326370580744e+01,4.662936703425657470e-13,1.344715234786067128e+02,-2.214247001301128392e-01,5.058510763333406990e-01,1.089922607869819693e+01,1.176597437420046077e-02,1.000000000000000000e+00,3.239090600400906794e-02,2.712256699561192974e-01,3.037332485592677767e+00,1.000000000000000000e+00,3.037332485592677767e+00,6.544984694978735369e-03,2.233687670360902544e+00,6.544984694978735369e-03,1.626378073413454306e+00,1.963495408493620697e-02
2.780000000000000000e+02,9.933333333333334014e-01,1.036666666666666625e+00,1.036666666666666625e+00,1.000056466333170357e+00,3.292984604105585536e-03,6.912032658943295139e-03,6.509535350855773575e-03,1.366362930563471377e-02,2.784796326370580033e+01,4.440892098500626162e-13,1.348789202018091373e+02,8.086580399613296777e-02,5.058785056466299501e-01,1.089745326917683066e+01,-4.501401831036311307e-03,1.000000000000000000e+00,3.006394027914272016e-02,2.692070833964326226e-01,3.095878604932459144e+00,1.000000000000000000e+00,3.095878604932459144e+00,6.544984694978735369e-03,2.264396248346464802e+00,6.544984694978735369e-03,1.638368540005477048e+00,1.963495408493620697e-02
2.790000000000000000e+02,9.933333333333334014e-01,1.080000000000000071e+00,1.036666666666666625e+00,1.001403672674669565e+00,5.656777591835124297e-03,1.042439206083469946e-02,1.118225504609703623e-02,2.060682231753548782e-02,2.784796326370582165e+01,5.107025913275720086e-13,1.353059552432613373e+02,3.977280432047258785e-01,5.059058543952067444e-01,1.089568604946985175e+01,-2.071748565969366851e-02,1.000000000000000000e+00,2.769376893995012523e-02,2.671590690251459677e-01,3.153888430569311119e+00,0.000000000000000000e+00,3.153888430569311119e+00,6.544984694978735369e-03,2.295114710567018435e+00,6.544984694978735369e-03,1.650394458994839386e+00,1.963495408493620697e-02
2.800000000000000000e+02,1.036666666666666625e+00,8.199999999999999512e-01,1.036666666666666625e+00,1.001508222408742155e+00,1.732438996545252255e-02,4.069950398887491050e-02,3.424666145463347439e-02,8.045432694934701034e-02,2.784796326370583586e+01,5.551115123125782702e-13,1.348276953558140576e+02,4.285669975514494467e-02,5.058524649954779795e-01,1.089913631754008350e+01,1.094232213740831128e-02,1.000000000000000000e+00,3.048910395800419337e-02,2.816370338409708296e-01,2.820784072805579079e+00,1.000000000000000000e+00,2.820784072805579079e+00,6.544984694978735369e-03,2.137002541994808436e+00,1.308996938995747074e-02,1.602977808855750030e+00,1.191187214486129742e+00
2.810000000000000000e+02,1.036666666666666625e+00,8.633333333333332860e-01,1.036666666666666625e+00,1.002603592775382690e+00,1.590595822296170941e-02,3.701180132785768240e-02,3.144272135755312586e-02,7.316451733243971300e-02,2.784796326370583941e+01,5.773159728050814010e-13,1.351606844157212493e+02,2.899363276829713953e-01,5.058841702834786513e-01,1.089708720065116232e+01,-7.860462323538985885e-03,1.000000000000000000e+00,2.829091605272804344e-02,2.797135316485865886e-01,2.882479937666530656e+00,0.000000000000000000e+00,2.882479937666530656e+00,6.544984694978735369e-03,2.168015614287310378e+00,1.308996938995747074e-02,1.612634220396521600e+00,1.223912137961023605e+00
2.820000000000000000e+02,1.036666666666666625e+00,9.066666666666666208e-01,1.036666666666666625e+00,1.003755541485301661e+00,1.496781764109795208e-02,3.336549763629237386e-02,2.958821548646563618e-02,6.595654473803179429e-02,2.784796326370582520e+01,5.329070518200751394e-13,1.355129523561266467e+02,5.513209859973500215e-01,5.059157897804976711e-01,1.089504413999481081e+01,-2.660767453467327570e-02,1.000000000000000000e+00,2.605079407747634690e-02,2.777622835211523977e-01,2.943762992072473494e+00,0.000000000000000000e+00,2.943762992072473494e+00,6.544984694978735369e-03,2.199381803433396065e+00,6.544984694978735369e-03,1.624564718811820185e+00,1.230457122656002156e+00
2.830000000000000000e+02,1.036666666666666625e+00,9.499999999999999556e-01,1.036666666666666625e+00,1.004964646286287344e+00,1.461445607874177662e-02,2.976034253930529699e-02,2.888969427901045411e-02,5.882991422785684155e-02,2.784796326370577901e+01,3.552713678800500929e-13,1.358846619630794521e+02,8.271314628000903113e-01,5.059473371325629021e-01,1.089300624986006483e+01,-4.530744181777679458e-02,1.000000000000000000e+00,2.376809573492799643e-02,2.757827920429996027e-01,3.004611522500765908e+00,0.000000000000000000e+00,3.004611522500765908e+00,6.544984694978735369e-03,2.230894255458006903e+00,6.544984694978735369e-03,1.636761618076410407e+00,1.963495408493620697e-02
2.840000000000000000e+02,1.036666666666666625e+00,9.933333333333334014e-01,1.036666666666666625e+00,1.006231516950028215e+00,1.489977585771178059e-02,2.619611460139162004e-02,2.945371124562122522e-02,5.178418807067103335e-02,2.784796326370582165e+01,5.107025913275720086e-13,1.362759836503760766e+02,1.117494206021407699e+00,5.059788260310998931e-01,1.089097264249539876e+01,-6.396791021895387175e-02,1.000000000000000000e+00,2.144215335010546397e-02,2.737745424514077541e-01,3.064936626677593257e+00,0.000000000000000000e+00,3.064936626677593257e+00,6.544984694978735369e-03,2.262419965567158631e+00,6.544984694978735369e-03,1.649145002034727803e+00,1.963495408493620697e-02
2.850000000000000000e+02,1.036666666666666625e+00,1.036666666666666625e+00,1.036666666666666625e+00,1.007556796151935163e+00,1.580148053806635852e-02,2.546763960619267270e-02,3.123619103173443795e-02,5.034414680004078990e-02,2.784796326370583941e+01,5.773159728050814010e-13,1.366870956104990569e+02,1.422541435417423727e+00,5.060102702311253253e-01,1.088894242693256587e+01,-8.259725530102013380e-02,1.000000000000000000e+00,1.907227303202585489e-02,2.717370020189440183e-01,3.124690701662287129e+00,0.000000000000000000e+00,3.124690701662287129e+00,6.544984694978735369e-03,2.293954133806092699e+00,6.544984694978735369e-03,1.661562147125781319e+00,1.963495408493620697e-02
2.860000000000000000e+02,1.036666666666666625e+00,1.080000000000000071e+00,1.036666666666666625e+00,1.008941160406984006e+00,1.723503945803619639e-02,3.049606218387511045e-02,3.407003436505694899e-02,6.028427664081049964e-02,2.784796326370582165e+01,5.107025913275720086e-13,1.371181839854703242e+02,1.742411269344090741e+00,5.060416835698323679e-01,1.088691470778785764e+01,-1.012036931433035747e-01,1.000000000000000000e+00,1.665773378907964286e-02,2.696696194034560179e-01,3.183886042441551822e+00,0.000000000000000000e+00,3.183886042441551822e+00,6.544984694978735369e-03,2.325489296340437662e+00,6.544984694978735369e-03,1.674013057496561263e+00,1.963495408493620697e-02
2.870000000000000000e+02,1.080000000000000071e+00,8.199999999999999512e-01,1.036666666666666625e+00,1.009336219690741387e+00,3.266018093187670474e-02,7.097332329828759390e-02,6.456228251912599081e-02,1.402992763470281845e-01,2.784796326370582520e+01,5.329070518200751394e-13,1.367423888261846798e+02,1.463569291294564145e+00,5.059745532469082097e-01,1.089124855658086943e+01,-6.143611073650134813e-02,1.000000000000000000e+00,1.927414915629999115e-02,2.841338509916022659e-01,2.841564368505901328e+00,0.000000000000000000e+00,2.841564368505901328e+00,6.544984694978735369e-03,2.160827386067519562e+00,1.308996938995747074e-02,1.622930401681761614e+00,1.191187214486129742e+00
2.880000000000000000e+02,1.080000000000000071e+00,8.633333333333332860e-01,1.036666666666666625e+00,1.010464350414140178e+00,3.228232574468217764e-02,6.730488831367380242e-02,6.381534258643381530e-02,1.330475548585988155e-01,2.784796326370578967e+01,3.996802888650563546e-13,1.370782983808895494e+02,1.712815941671053110e+00,5.060104486867599283e-01,1.088893090626662818e+01,-8.270296942579635768e-02,1.000000000000000000e+00,1.703566961950286895e-02,2.821914039969906085e-01,2.904516032167223649e+00,0.000000000000000000e+00,2.904516032167223649e+00,6.544984694978735369e-03,2.192588379868051440e+00,1.308996938995747074e-02,1.633608995388176943e+00,1.230457122656002156e+00
2.890000000000000000e+02,1.080000000000000071e+00,9.066666666666666208e-01,1.036666666666666625e+00,1.011650535664449624e+00,3.220584731881145912e-02,6.368021376333249384e-02,6.366416088453258348e-02,1.258823385100691084e-01,2.784796326370582165e+01,5.107025913275720086e-13,1.374338026929320336e+02,1.976602004704708371e+00,5.060463037106410766e-01,1.088661652191436779e+01,-1.039398595078733223e-01,1.000000000000000000e+00,1.475381193186109385e-02,2.802208129275358672e-01,2.967090178499457220e+00,0.000000000000000000e+00,2.967090178499457220e+00,6.544984694978735369e-03,2.224773748267225404e+00,6.544984694978735369e-03,1.645962706535234688e+00,1.230457122656002156e+00
2.900000000000000000e+02,1.080000000000000071e+00,9.499999999999999556e-01,1.036666666666666625e+00,1.012895381933738959e+00,3.243860415077519377e-02,6.009905710354802866e-02,6.412427200194627253e-02,1.188031478437187871e-01,2.784796326370578967e+01,3.996802888650563546e-13,1.378090765677664251e+02,2.255057186958908666e+00,5.060821345808043104e-01,1.088430435181704503e+01,-1.251564314916686627e-01,1.000000000000000000e+00,1.242790412230387886e-02,2.782215649616324171e-01,3.029211976908848580e+00,0.000000000000000000e+00,3.029211976908848580e+00,6.544984694978735369e-03,2.257102952108395399e+00,6.544984694978735369e-03,1.658640417002806178e+00,1.963495408493620697e-02
2.910000000000000000e+02,1.080000000000000071e+00,9.933333333333334014e-01,1.036666666666666625e+00,1.014199529296486268e+00,3.298007346759442709e-02,5.656119767539611459e-02,6.519464252686280048e-02,1.118095466634398266e-01,2.784796326370580388e+01,4.440892098500626162e-13,1.382043030442043516e+02,2.548317304191383137e+00,5.061179576752800058e-01,1.088199333799115998e+01,-1.463623934791602466e-01,1.000000000000000000e+00,1.005724740797919736e-02,2.761931292782220382e-01,3.090762280058360290e+00,0.000000000000000000e+00,3.090762280058360290e+00,6.544984694978735369e-03,2.289440566335347871e+00,6.544984694978735369e-03,1.671453419501415905e+00,1.963495408493620697e-02
2.920000000000000000e+02,1.080000000000000071e+00,1.036666666666666625e+00,1.036666666666666625e+00,1.015563652352434731e+00,3.382170056411525766e-02,5.306643742983176842e-02,6.685836161325327265e-02,1.049011434680822002e-01,2.784796326370578967e+01,3.996802888650563546e-13,1.386196735529895250e+02,2.856524399017357219e+00,5.061537895109418095e-01,1.087968241469751263e+01,-1.675675247389651901e-01,1.000000000000000000e+00,7.641115295683675868e-03,2.741349564056871912e-01,3.151775076123064956e+00,0.000000000000000000e+00,3.151775076123064956e+00,6.544984694978735369e-03,2.321793416707211399e+00,6.544984694978735369e-03,1.684303765758750959e+00,1.963495408493620697e-02
2.930000000000000000e+02,1.080000000000000071e+00,1.080000000000000071e+00,1.036666666666666625e+00,1.016988461229670682e+00,3.494827077063591969e-02,5.553273789420096196e-02,6.908535307122244673e-02,1.097764988033689409e-01,2.784796326370578257e+01,3.774758283725532237e-13,1.390553880953111729e+02,3.179826873367663786e+00,5.061896467671962441e-01,1.087737050692574670e+01,-1.887816896121941035e-01,1.000000000000000000e+00,5.178752633170802255e-03,2.720464775363424792e-01,3.212253178314327329e+00,0.000000000000000000e+00,3.212253178314327329e+00,6.544984694978735369e-03,2.354175616040812713e+00,6.544984694978735369e-03,1.697202207180171118e+00,1.963495408493620697e-02
2.940000000000000000e+02,8.199999999999999512e-01,8.199999999999999512e-01,1.080000000000000071e+00,9.693240868890371509e-01,7.220462257729368116e-02,1.157450070388373470e-01,1.427332950710089587e-01,2.288034429511118795e-01,2.784796326370585362e+01,6.217248937900876626e-13,1.269870871892151740e+02,-5.774915659105817056e+00,5.053771677195392220e-01,1.092991651691514399e+01,2.933827517895393200e-01,1.000000000000000000e+00,8.114841565142238977e-02,2.668215930040949146e-01,2.654478963090885379e+00,1.000000000000000000e+00,2.654478963090885379e+00,6.544984694978735369e-03,1.979345938304468921e+00,1.308996938995747074e-02,1.499520998852455822e+00,8.508480103472355893e-02
2.950000000000000000e+02,8.199999999999999512e-01,8.633333333333332860e-01,1.080000000000000071e+00,9.702918017229414938e-01,7.135959049315013236e-02,1.111226825445689459e-01,1.410628450429457781e-01,2.196660832862496471e-01,2.784796326370586783e+01,6.661338147750939243e-13,1.273110594419143524e+02,-5.534526549391028283e+00,5.053927348874753811e-01,1.092890655420688795e+01,2.841152906605026729e-01,1.000000000000000000e+00,7.911273274579233572e-02,2.649712750248225390e-01,2.710461311141850071e+00,1.000000000000000000e+00,2.710461311141850071e+00,6.544984694978735369e-03,2.006362715380035855e+00,1.308996938995747074e-02,1.504365615004716883e+00,8.508480103472355893e-02
2.960000000000000000e+02,8.199999999999999512e-01,9.066666666666666208e-01,1.080000000000000071e+00,9.713103343620314023e-01,7.059820469024757905e-02,1.065939495340200993e-01,1.395577460535807612e-01,2.107137342257649482e-01,2.784796326370588204e+01,7.327471962526033167e-13,1.276530749139249394e+02,-5.280749276367435741e+00,5.054080579354039982e-01,1.092791255097037606e+01,2.749942743286881708e-01,1.000000000000000000e+00,7.704093671245448860e-02,2.630945780237876619e-01,2.766082972551997532e+00,1.000000000000000000e+00,2.766082972551997532e+00,6.544984694978735369e-03,2.033400317791349110e+00,1.308996938995747074e-02,1.510543025510965531e+00,1.191187214486129742e+00
2.970000000000000000e+02,8.199999999999999512e-01,9.499999999999999556e-01,1.080000000000000071e+00,9.723801561441808294e-01,6.992485888300051244e-02,1.102947802926205340e-01,1.382266835487149514e-01,2.180294953200040131e-01,2.784796326370586073e+01,6.439293542825907934e-13,1.280132451817673882e+02,-5.013501049671997833e+00,5.054231413016559982e-01,1.092693421356394978e+01,2.660170083256918616e-01,1.000000000000000000e+00,7.493249727816486683e-02,2.611910620120934112e-01,2.821382389115214551e+00,1.000000000000000000e+00,2.821382389115214551e+00,6.544984694978735369e-03,2.060461013024968757e+00,1.308996938995747074e-02,1.517604323240231645e+00,1.191187214486129742e+00
2.980000000000000000e+02,8.199999999999999512e-01,9.933333333333334014e-01,1.080000000000000071e+00,9.735017647026708021e-01,6.934391539948048244e-02,1.139647944957055681e-01,1.370782809299757043e-01,2.252843385899480910e-01,2.784796326370585362e+01,6.217248937900876626e-13,1.283916873532100738e+02,-4.732694974726713966e+00,5.054379892456591916e-01,1.092597126017661147e+01,2.571809067416497285e-01,1.000000000000000000e+00,7.278686412796631089e-02,2.592602719960108715e-01,2.876350552280312112e+00,1.000000000000000000e+00,2.876350552280312112e+00,6.544984694978735369e-03,2.087503824552836118e+00,1.308996938995747074e-02,1.527349264267358286e+00,1.230457122656002156e+00
2.990000000000000000e+02,8.199999999999999512e-01,1.036666666666666625e+00,1.080000000000000071e+00,9.746756846251223294e-01,6.885965054692404219e-02,1.176043055704430740e-01,1.361209915539601245e-01,2.324788836149375981e-01,2.784796326370589981e+01,7.993605777301127091e-13,1.287885242274650466e+02,-4.438239933872544896e+00,5.054526058505838249e-01,1.092502342064433662e+01,2.484834905399191385e-01,1.000000000000000000e+00,7.060346628010716330e-02,2.573017374780794952e-01,2.930882510336556113e+00,1.000000000000000000e+00,2.930882510336556113e+00,6.544984694978735369e-03,2.114653193133372078e+00,6.544984694978735369e-03,1.537475167176333590e+00,1.230457122656002156e+00
3.000000000000000000e+02,8.199999999999999512e-01,1.080000000000000071e+00,1.080000000000000071e+00,9.759024681539372192e-01,6.847619631169296617e-02,1.212136156244654900e-01,1.353629834853648517e-01,2.396137275979812187e-01,2.784796326370586073e+01,6.439293542825907934e-13,1.292038844742853030e+02,-4.130040453478311946e+00,5.054669950256832633e-01,1.092409043628649101e+01,2.399223860559018817e-01,1.000000000000000000e+00,6.838171142781135359e-02,2.553149719330729539e-01,2.984912342367079585e+00,1.000000000000000000e+00,2.984912342367079585e+00,6.544984694978735369e-03,2.142045691037496979e+00,6.544984694978735369e-03,1.547790046699891509e+00,1.963495408493620697e-02
3.010000000000000000e+02,8.633333333333332860e-01,8.199999999999999512e-01,1.080000000000000071e+00,9.749424276869494976e-01,5.647578524320045340e-02,9.300896700631118563e-02,1.116407043171722402e-01,1.838590918157685106e-01,2.784796326370586428e+01,6.661338147750939243e-13,1.283574655071587927e+02,-4.758087763882345556e+00,5.054575835972439091e-01,1.092470065490657305e+01,2.455217782865393161e-01,1.000000000000000000e+00,7.180751308494137675e-02,2.699052797486700683e-01,2.685711137974212015e+00,1.000000000000000000e+00,2.685711137974212015e+00,6.544984694978735369e-03,2.012002535469878950e+00,1.308996938995747074e-02,1.520392805010209125e+00,8.508480103472355893e-02
3.020000000000000000e+02,8.633333333333332860e-01,8.633333333333332860e-01,1.080000000000000071e+00,9.759317262598922182e-01,5.548733014229279698e-02,8.833583778864521896e-02,1.096867372642835320e-01,1.746213019385892684e-01,2.784796326370586783e+01,6.661338147750939243e-13,1.286826669099388880e+02,-4.516786618364498906e+00,5.054758963011751760e-01,1.092351333680346670e+01,2.346268964474429453e-01,1.000000000000000000e+00,6.974382460209138657e-02,2.680426060460741056e-01,2.742759982618204972e+00,1.000000000000000000e+00,2.742759982618204972e+00,6.544984694978735369e-03,2.039845426817325613e+00,1.308996938995747074e-02,1.525382771224170986e+00,1.191187214486129742e+00
3.030000000000000000e+02,8.633333333333332860e-01,9.066666666666666208e-01,1.080000000000000071e+00,9.769728143185534286e-01,5.460904774021156649e-02,8.364751927240315910e-02,1.079505583774298672e-01,1.653534860248739302e-01,2.784796326370585717e+01,6.439293542825907934e-13,1.290261168648434023e+02,-4.261944951514273328e+00,5.054939898433449263e-01,1.092234039719115657e+01,2.238639522565977202e-01,1.000000000000000000e+00,6.764302214571937810e-02,2.661533414338554948e-01,2.799488134363953495e+00,1.000000000000000000e+00,2.799488134363953495e+00,6.544984694978735369e-03,2.067725816872556965e+00,1.308996938995747074e-02,1.532527250002771124e+00,1.191187214486129742e+00
3.040000000000000000e+02,8.633333333333332860e-01,9.499999999999999556e-01,1.080000000000000071e+00,9.780661805504784478e-01,5.384863645250703018e-02,8.343517538860510674e-02,1.064473857988726957e-01,1.649337269964235575e-01,2.784796326370586783e+01,6.661338147750939243e-13,1.293879361566721684e+02,-3.993473140377057362e+00,5.055118701279259774e-01,1.092118144727217732e+01,2.132293780917837722e-01,1.000000000000000000e+00,6.550455698176271824e-02,2.642370364739630162e-01,2.855728092435970478e+00,1.000000000000000000e+00,2.855728092435970478e+00,6.544984694978735369e-03,2.095599546537189717e+00,1.308996938995747074e-02,1.541056297992176027e+00,1.223912137961023605e+00
3.050000000000000000e+02,8.633333333333332860e-01,9.933333333333334014e-01,1.080000000000000071e+00,9.792123408665294182e-01,5.321365375066807596e-02,8.708624371796451491e-02,1.051921590542200940e-01,1.721511182738450774e-01,2.784796326370583941e+01,5.773159728050814010e-13,1.297682514226812032e+02,-3.711277219445074937e+00,5.055295429131543283e-01,1.092003610799618940e+01,2.027196957708365943e-01,1.000000000000000000e+00,6.332785946460894877e-02,2.622932263483113147e-01,2.911653342745475825e+00,1.000000000000000000e+00,2.911653342745475825e+00,6.544984694978735369e-03,2.123520430449781227e+00,1.308996938995747074e-02,1.551478456432029862e+00,1.230457122656002156e+00
3.060000000000000000e+02,8.633333333333332860e-01,1.036666666666666625e+00,1.080000000000000071e+00,9.804118390944479566e-01,5.271133737279673492e-02,9.070502736398454446e-02,1.041991856236760966e-01,1.793046895482131586e-01,2.784796326370585362e+01,6.217248937900876626e-13,1.301671953064259526e+02,-3.415258766504880583e+00,5.055470138162697635e-01,1.091890400972698316e+01,1.923315134960246198e-01,1.000000000000000000e+00,6.111233837843954575e-02,2.603214303409986385e-01,2.967148694215355764e+00,1.000000000000000000e+00,2.967148694215355764e+00,6.544984694978735369e-03,2.151547046773999217e+00,6.544984694978735369e-03,1.561980887684192076e+00,1.230457122656002156e+00
3.070000000000000000e+02,8.633333333333332860e-01,1.080000000000000071e+00,1.080000000000000071e+00,9.816652477161696977e-01,5.234841387458490092e-02,9.429181192880260742e-02,1.034817624877401587e-01,1.863950053946575036e-01,2.784796326370583941e+01,5.773159728050814010e-13,1.305849066308969668e+02,-3.105314774169809500e+00,5.055642883182445146e-01,1.091778479192355000e+01,1.820615229275901470e-01,1.000000000000000000e+00,5.885738024333608820e-02,2.583211512942513721e-01,3.022216540136463792e+00,1.000000000000000000e+00,3.022216540136463792e+00,6.544984694978735369e-03,2.179788269246518695e+00,6.544984694978735369e-03,1.572778180218472599e+00,1.963495408493620697e-02
3.080000000000000000e+02,9.066666666666666208e-01,8.199999999999999512e-01,1.080000000000000071e+00,9.809583054291276527e-01,4.066275714795487828e-02,6.996578825832340531e-02,8.038168620280267129e-02,1.383075922827614601e-01,2.784796326370586073e+01,6.439293542825907934e-13,1.298253081308038759e+02,-3.668940842935697333e+00,5.055450005816047865e-01,1.091903445748279999e+01,1.935285076984039065e-01,1.000000000000000000e+00,6.213714042349316458e-02,2.728756947633597107e-01,2.714386538588323017e+00,1.000000000000000000e+00,2.714386538588323017e+00,6.544984694978735369e-03,2.042637917460973007e+00,1.308996938995747074e-02,1.540997576396967661e+00,8.508480103472355893e-02
3.090000000000000000e+02,9.066666666666666208e-01,8.633333333333332860e-01,1.080000000000000071e+00,9.819710666814742694e-01,3.943731926274315208e-02,6.523818737307449100e-02,7.795925421690204360e-02,1.289621234187721677e-01,2.784796326370588204e+01,7.327471962526033167e-13,1.301519938923280790e+02,-3.426538295448944282e+00,5.055662999411245639e-01,1.091765446849238153e+01,1.808656695335253417e-01,1.000000000000000000e+00,6.004336900169437996e-02,2.709994940996969248e-01,2.772551915206398210e+00,1.000000000000000000e+00,2.772551915206398210e+00,6.544984694978735369e-03,2.071300639799525278e+00,1.308996938995747074e-02,1.546905427066563643e+00,1.191187214486129742e+00
3.100000000000000000e+02,9.066666666666666208e-01,9.066666666666666208e-01,1.080000000000000071e+00,9.830366737836044866e-01,3.836629843269789841e-02,6.049441600594763352e-02,7.584207214869857772e-02,1.195846889260053919e-01,2.784796326370586783e+01,6.661338147750939243e-13,1.304971517801477887e+02,-3.170429333422930540e+00,5.055874081960645139e-01,1.091628709061343905e+01,1.683185514684604200e-01,1.000000000000000000e+00,5.791140951415485461e-02,2.690964582054959919e-01,2.830376876202489900e+00,1.000000000000000000e+00,2.830376876202489900e+00,6.544984694978735369e-03,2.100002309194276329e+00,1.308996938995747074e-02,1.554329114566530556e+00,1.191187214486129742e+00
3.110000000000000000e+02,9.066666666666666208e-01,9.499999999999999556e-01,1.080000000000000071e+00,9.841556345776872883e-01,3.746650332391108368e-02,5.614967035783610672e-02,7.406336718242807760e-02,1.109960440378399971e-01,2.784796326370586428e+01,6.661338147750939243e-13,1.308609122828262628e+02,-2.900517133659707980e+00,5.056083328914638964e-01,1.091493182895536407e+01,1.558826123657430784e-01,1.000000000000000000e+00,5.574069298957784468e-02,2.671661272088305950e-01,2.887732495334654370e+00,1.000000000000000000e+00,2.887732495334654370e+00,6.544984694978735369e-03,2.128708165933972829e+00,1.308996938995747074e-02,1.564330981355313899e+00,1.230457122656002156e+00
3.120000000000000000e+02,9.066666666666666208e-01,9.933333333333334014e-01,1.080000000000000071e+00,9.853284851559075408e-01,3.675440576644901924e-02,5.960810281791265042e-02,7.265570064861615052e-02,1.178326348707722654e-01,2.784796326370589625e+01,7.771561172376095783e-13,1.312434121102305369e+02,-2.616700256721327111e+00,5.056290814646442477e-01,1.091358819598188923e+01,1.435533785716813782e-01,1.000000000000000000e+00,5.353062858786117317e-02,2.652080254378867963e-01,2.944635967359995998e+00,1.000000000000000000e+00,2.944635967359995998e+00,6.544984694978735369e-03,2.157419201062386271e+00,1.308996938995747074e-02,1.575203850458856358e+00,1.230457122656002156e+00
3.130000000000000000e+02,9.066666666666666208e-01,1.036666666666666625e+00,1.080000000000000071e+00,9.865557905928968863e-01,3.624529310310282970e-02,6.320503614970653106e-02,7.164929239651303405e-02,1.249430126869307267e-01,2.784796326370586073e+01,6.439293542825907934e-13,1.316447943428364056e+02,-2.318872536144733765e+00,5.056496612528016410e-01,1.091225571100669889e+01,1.313264392880153508e-01,1.000000000000000000e+00,5.128060290385949571e-02,2.632216608820785453e-01,3.001110178975273879e+00,1.000000000000000000e+00,3.001110178975273879e+00,6.544984694978735369e-03,2.186392588764622502e+00,6.544984694978735369e-03,1.586176468627443770e+00,1.963495408493620697e-02
3.140000000000000000e+02,9.066666666666666208e-01,1.080000000000000071e+00,1.080000000000000071e+00,9.878381457244531649e-01,3.595233248187760383e-02,6.676807831503607515e-02,7.107017109789030840e-02,1.319863948220567629e-01,2.784796326370585362e+01,6.217248937900876626e-13,1.320652086005926833e+02,-2.006922953143641664e+00,5.056700795005030225e-01,1.091093389969618954e+01,1.191974420092778431e-01,1.000000000000000000e+00,4.898997923362724549e-02,2.612065246256172202e-01,3.057131692022456271e+00,1.000000000000000000e+00,3.057131692022456271e+00,6.544984694978735369e-03,2.215437839441427137e+00,6.544984694978735369e-03,1.597395165590377530e+00,1.963495408493620697e-02
3.150000000000000000e+02,9.499999999999999556e-01,8.199999999999999512e-01,1.080000000000000071e+00,9.873919163306409397e-01,2.521995920208906089e-02,4.658585932333041135e-02,4.985453493115547807e-02,9.209040872439193393e-02,2.784796326370588204e+01,7.327471962526033167e-13,1.313958064306808069e+02,-2.503622872119970477e+00,5.056400292625620185e-01,1.091287932901528990e+01,1.370487848822987687e-01,1.000000000000000000e+00,5.211682332913625260e-02,2.757308196109349296e-01,2.740719661605550250e+00,1.000000000000000000e+00,2.740719661605550250e+00,6.544984694978735369e-03,2.071321755524123454e+00,1.308996938995747074e-02,1.561252045110638864e+00,8.508480103472355893e-02
3.160000000000000000e+02,9.499999999999999556e-01,8.633333333333332860e-01,1.080000000000000071e+00,9.884301793808503156e-01,2.350514291257815164e-02,4.180024378703244003e-02,4.646470515701157239e-02,8.263025714327103255e-02,2.784796326370583586e+01,5.551115123125782702e-13,1.317242686634106406e+02,-2.259902173686667570e+00,5.056645787467357600e-01,1.091128997969174108e+01,1.224648473209910549e-01,1.000000000000000000e+00,4.999072200825960266e-02,2.738398530384893448e-01,2.800004736422684104e+00,1.000000000000000000e+00,2.800004736422684104e+00,6.544984694978735369e-03,2.100787054510149243e+00,1.308996938995747074e-02,1.568074239669041692e+00,1.191187214486129742e+00
3.170000000000000000e+02,9.499999999999999556e-01,9.066666666666666208e-01,1.080000000000000071e+00,9.895224365058512550e-01,2.201684772105851062e-02,3.699653122324503274e-02,4.352265977069942615e-02,7.313433155942899999e-02,2.784796326370586073e+01,6.439293542825907934e-13,1.320714464662366936e+02,-2.002294424137862627e+00,5.056889687165978531e-01,1.090971126304063965e+01,1.079784756181201288e-01,1.000000000000000000e+00,4.782527851054929613e-02,2.719217722917326441e-01,2.858972273096693772e+00,1.000000000000000000e+00,2.858972273096693772e+00,6.544984694978735369e-03,2.130297560488473074e+00,1.308996938995747074e-02,1.576328480117844988e+00,1.223912137961023605e+00
3.180000000000000000e+02,9.499999999999999556e-01,9.499999999999999556e-01,1.080000000000000071e+00,9.906692167133714921e-01,2.081066896966546342e-02,3.217468215267197534e-02,4.113829902639017100e-02,6.360255393063206364e-02,2.784796326370583941e+01,5.773159728050814010e-13,1.324374805508376198e+02,-1.730695214670419091e+00,5.057132085572674240e-01,1.090814256570648055e+01,9.358404159722777393e-02,1.000000000000000000e+00,4.561990164948426241e-02,2.699761059881646830e-01,2.917465031816317556e+00,1.000000000000000000e+00,2.917465031816317556e+00,6.544984694978735369e-03,2.159816708773309113e+00,1.308996938995747074e-02,1.587250751120957037e+00,1.230457122656002156e+00
3.190000000000000000e+02,9.499999999999999556e-01,9.933333333333334014e-01,1.080000000000000071e+00,9.918710783983640811e-01,1.994561267286064019e-02,3.150551071848070595e-02,3.942826535738646471e-02,6.227974328000829979e-02,2.784796326370584296e+01,5.773159728050814010e-13,1.328225182710440038e+02,-1.444995207969634876e+00,5.057373075905590154e-01,1.090658327893409840e+01,7.927595929482222914e-02,1.000000000000000000e+00,4.337397731417702573e-02,2.680023664762423152e-01,2.975485852849164559e+00,1.000000000000000000e+00,2.975485852849164559e+00,6.544984694978735369e-03,2.189484374850879433e+00,6.544984694978735369e-03,1.598554840246366293e+00,1.963495408493620697e-02
3.200000000000000000e+02,9.499999999999999556e-01,1.036666666666666625e+00,1.080000000000000071e+00,9.931286101191562077e-01,1.947567872858384230e-02,3.505840491732323955e-02,3.849930516151340437e-02,6.930306502781757860e-02,2.784796326370582165e+01,5.107025913275720086e-13,1.332267137698856629e+02,-1.145080029099387886e+00,5.057612750856522732e-01,1.090503279786728896e+01,6.504867852445972431e-02,1.000000000000000000e+00,4.108686773105585388e-02,2.660000492728080701e-01,3.033059016151569587e+00,1.000000000000000000e+00,3.033059016151569587e+00,6.544984694978735369e-03,2.219320176919955756e+00,6.544984694978735369e-03,1.610106638446528571e+00,1.963495408493620697e-02
3.210000000000000000e+02,9.499999999999999556e-01,1.080000000000000071e+00,1.080000000000000071e+00,9.944424314227486850e-01,1.943861293411301705e-02,3.859627261129793679e-02,3.842603391113629668e-02,7.629668254788310455e-02,2.784796326370580744e+01,4.662936703425657470e-13,1.336502281463502584e+02,-8.308301417663810362e-01,5.057851202698003812e-01,1.090349052084622805e+01,5.089667842974598955e-02,1.000000000000000000e+00,3.875791068539768958e-02,2.639686324715446730e-01,3.090015259268169334e+00,1.000000000000000000e+00,3.090015259268169334e+00,6.544984694978735369e-03,2.249133119228824640e+00,6.544984694978735369e-03,1.621679495757003320e+00,1.963495408493620697e-02
3.220000000000000000e+02,9.933333333333334014e-01,8.199999999999999512e-01,1.080000000000000071e+00,9.942655977223439079e-01,1.312438315411172673e-02,2.358509999285066452e-02,2.594413468965218322e-02,4.662276342425528131e-02,2.784796326370580744e+01,4.662936703425657470e-13,1.330747372200662539e+02,-1.257847425702751654e+00,5.057433593986608855e-01,1.090619175371874761e+01,7.568330712595106036e-02,1.000000000000000000e+00,4.172417008957651774e-02,2.784681686413108537e-01,2.764849509755398227e+00,1.000000000000000000e+00,2.764849509755398227e+00,6.544984694978735369e-03,2.098183341560448056e+00,1.308996938995747074e-02,1.581248343097351627e+00,1.184642229791151191e+00
3.230000000000000000e+02,9.933333333333334014e-01,8.633333333333332860e-01,1.080000000000000071e+00,9.953315832160111176e-01,1.027854997988556125e-02,1.846084467855490033e-02,2.031852331352643551e-02,3.649319249530802445e-02,2.784796326370585717e+01,6.439293542825907934e-13,1.334053095466564116e+02,-1.012561026564295918e+00,5.057714478598622776e-01,1.090437479983899394e+01,5.901086039477032585e-02,1.000000000000000000e+00,3.956330102274296934e-02,2.765611207553995143e-01,2.825305665764575647e+00,1.000000000000000000e+00,2.825305665764575647e+00,6.544984694978735369e-03,2.128382949958560921e+00,1.308996938995747074e-02,1.588958169324172331e+00,1.191187214486129742e+00
3.240000000000000000e+02,9.933333333333334014e-01,9.066666666666666208e-01,1.080000000000000071e+00,9.964528110259849303e-01,7.480956667114382376e-03,1.348420114122600086e-02,1.478827195914816754e-02,2.665541888578049079e-02,2.784796326370582875e+01,5.329070518200751394e-13,1.337548626557161811e+02,-7.531907873390975006e-01,5.057994124378469847e-01,1.090256626048724087e+01,4.241562573343848896e-02,1.000000000000000000e+00,3.736184798379760252e-02,2.746266426129313487e-01,2.885448313308071722e+00,1.000000000000000000e+00,2.885448313308071722e+00,6.544984694978735369e-03,2.158705236889538970e+00,1.308996938995747074e-02,1.598322094920773040e+00,1.230457122656002156e+00
3.250000000000000000e+02,9.933333333333334014e-01,9.499999999999999556e-01,1.080000000000000071e+00,9.976298335755846569e-01,4.848720503120504399e-03,8.723344920324701060e-03,9.584896777874546761e-03,1.724421124403806641e-02,2.784796326370585362e+01,6.217248937900876626e-13,1.341235480323659317e+02,-4.796243052737625412e-01,5.058272645854429150e-01,1.090076538979915277e+01,2.589075905881088602e-02,1.000000000000000000e+00,3.511919535981267160e-02,2.726642501381633110e-01,2.945094145881315129e+00,1.000000000000000000e+00,2.945094145881315129e+00,6.544984694978735369e-03,2.189060582052512416e+00,6.544984694978735369e-03,1.609852923930107593e+00,1.230457122656002156e+00
3.260000000000000000e+02,9.933333333333334014e-01,9.933333333333334014e-01,1.080000000000000071e+00,9.988632339367752300e-01,2.935834571397455840e-03,4.944852914653977138e-03,5.803525137332673361e-03,9.774930260102175292e-03,2.784796326370582520e+01,5.329070518200751394e-13,1.345115242813070040e+02,-1.917438948485283845e-01,5.058550157439174466e-01,1.089897144333360579e+01,9.429429347185269705e-03,1.000000000000000000e+00,3.283470344702443811e-02,2.706734424622556645e-01,3.004282359652741263e+00,1.000000000000000000e+00,3.004282359652741263e+00,6.544984694978735369e-03,2.219684410233729199e+00,6.544984694978735369e-03,1.621651414605568498e+00,1.963495408493620697e-02
3.270000000000000000e+02,9.933333333333334014e-01,1.036666666666666625e+00,1.080000000000000071e+00,1.000153626655601258e+00,3.413077930260488470e-03,6.220479708180301839e-03,6.746934502686769385e-03,1.229657512191099748e-02,2.784796326370583941e+01,5.773159728050814010e-13,1.349189572744100190e+02,1.105735217340919618e-01,5.058826773572292490e-01,1.089718367714421099e+01,-6.975189885372046206e-03,1.000000000000000000e+00,3.050770766518606791e-02,2.686537013341618874e-01,3.063002344954925960e+00,1.000000000000000000e+00,3.063002344954925960e+00,6.544984694978735369e-03,2.250339949419168928e+00,6.544984694978735369e-03,1.633616334399109693e+00,1.963495408493620697e-02
3.280000000000000000e+02,9.933333333333334014e-01,1.080000000000000071e+00,1.080000000000000071e+00,1.001501658630016278e+00,5.742910201363752437e-03,1.019375109365863556e-02,1.135252103090881454e-02,2.015089381810785535e-02,2.784796326370582520e+01,5.329070518200751394e-13,1.353460203180775068e+02,4.274565387331952238e-01,5.059102608864780581e-01,1.089540134683974593e+01,-2.332992920466292475e-02,1.000000000000000000e+00,2.813751772886075031e-02,2.666044905009306021e-01,3.121122613075669960e+00,0.000000000000000000e+00,3.121122613075669960e+00,6.544984694978735369e-03,2.280978727403189854e+00,6.544984694978735369e-03,1.645606278786254428e+00,1.963495408493620697e-02
3.290000000000000000e+02,1.036666666666666625e+00,8.199999999999999512e-01,1.080000000000000071e+00,1.001604079583564122e+00,1.737534108213216813e-02,4.140047499331269559e-02,3.434738105556273818e-02,8.183999863685616216e-02,2.784796326370582165e+01,5.107025913275720086e-13,1.348685372086335121e+02,7.316156863379497111e-02,5.058557717865600489e-01,1.089892257520568997e+01,8.981013309439234149e-03,1.000000000000000000e+00,3.093463783367411679e-02,2.810847426409326388e-01,2.786894508291820838e+00,1.000000000000000000e+00,2.786894508291820838e+00,6.544984694978735369e-03,2.123401450414176495e+00,1.308996938995747074e-02,1.601503098553670235e+00,1.191187214486129742e+00
3.300000000000000000e+02,1.036666666666666625e+00,8.633333333333332860e-01,1.080000000000000071e+00,1.002700214360180198e+00,1.596591966272472782e-02,3.771367677600206275e-02,3.156125246496824938e-02,7.455197691421160122e-02,2.784796326370582165e+01,5.107025913275720086e-13,1.352016001312527749e+02,3.202960030811663472e-01,5.058877169787033834e-01,1.089685800922261549e+01,-9.963532702073063518e-03,1.000000000000000000e+00,2.873634774706612660e-02,2.791602116521962884e-01,2.848586472593077623e+00,0.000000000000000000e+00,2.848586472593077623e+00,6.544984694978735369e-03,2.154288872507964303e+00,1.308996938995747074e-02,1.609335980928228160e+00,1.191187214486129742e+00
3.310000000000000000e+02,1.036666666666666625e+00,9.066666666666666208e-01,1.080000000000000071e+00,1.003852949001973860e+00,1.503665338677865823e-02,3.406831935965135005e-02,2.972428922314585345e-02,6.734587490612629901e-02,2.784796326370585362e+01,6.217248937900876626e-13,1.355539330313188486e+02,5.817288618042759651e-01,5.059195785553964875e-01,1.089479936654240788e+01,-2.885372623243620538e-02,1.000000000000000000e+00,2.649613550504348325e-02,2.772078942953255520e-01,2.909926726810495801e+00,0.000000000000000000e+00,2.909926726810495801e+00,6.544984694978735369e-03,2.185292702605322823e+00,1.308996938995747074e-02,1.620090733520388238e+00,1.230457122656002156e+00
3.320000000000000000e+02,1.036666666666666625e+00,9.499999999999999556e-01,1.080000000000000071e+00,1.005062861876403257e+00,1.469059498762665186e-02,3.046415070029161176e-02,2.904020482750914803e-02,6.022119437488491350e-02,2.784796326370583941e+01,5.773159728050814010e-13,1.359256987575724054e+02,8.575809794223454574e-01,5.059513702983148287e-01,1.089274575279191026e+01,-4.769777408808462127e-02,1.000000000000000000e+00,2.421335858641970873e-02,2.752272924961092215e-01,2.970802938547391747e+00,0.000000000000000000e+00,2.970802938547391747e+00,6.544984694978735369e-03,2.216643587357363110e+00,6.544984694978735369e-03,1.632028424155909319e+00,1.230457122656002156e+00
3.330000000000000000e+02,1.036666666666666625e+00,9.933333333333334014e-01,1.080000000000000071e+00,1.006330563401279576e+00,1.498040136536359611e-02,2.690094627453434514e-02,2.961309085267612579e-02,5.317749148514951812e-02,2.784796326370582165e+01,5.107025913275720086e-13,1.363170678172342036e+02,1.147978873186938920e+00,5.059831060380273193e-01,1.089069627134679052e+01,-6.650390373235115504e-02,1.000000000000000000e+00,2.188734908691802872e-02,2.732178908018090269e-01,3.031160035009823339e+00,0.000000000000000000e+00,3.031160035009823339e+00,6.544984694978735369e-03,2.248073060159676562e+00,6.544984694978735369e-03,1.644299907389231041e+00,1.963495408493620697e-02
3.340000000000000000e+02,1.036666666666666625e+00,1.036666666666666625e+00,1.080000000000000071e+00,1.007656696925913975e+00,1.588351779554251705e-02,2.610508007502987393e-02,3.139836137014492129e-02,5.160423203116773494e-02,2.784796326370583586e+01,5.551115123125782702e-13,1.367282185274976598e+02,1.453054855390290001e+00,5.060147996724279063e-01,1.088865002214052247e+01,-8.528037421428047438e-02,1.000000000000000000e+00,1.951741288019448461e-02,2.711791557622280635e-01,3.091112871166859843e+00,0.000000000000000000e+00,3.091112871166859843e+00,6.544984694978735369e-03,2.279560810426212392e+00,6.544984694978735369e-03,1.656693599168150843e+00,1.963495408493620697e-02
3.350000000000000000e+02,1.036666666666666625e+00,1.080000000000000071e+00,1.080000000000000071e+00,1.009041939668356980e+00,1.731614919148542070e-02,3.113532090193460444e-02,3.423037118428408354e-02,6.154795616678303966e-02,2.784796326370582165e+01,5.107025913275720086e-13,1.371593371868139570e+02,1.772947160459725779e+00,5.060464651855656193e-01,1.088660610045029564e+01,-1.040354873091842158e-01,1.000000000000000000e+00,1.710282873245105861e-02,2.691105352784406435e-01,3.150416420653455507e+00,0.000000000000000000e+00,3.150416420653455507e+00,6.544984694978735369e-03,2.311020915277687049e+00,6.544984694978735369e-03,1.669112642776797717e+00,1.963495408493620697e-02
3.360000000000000000e+02,1.080000000000000071e+00,8.199999999999999512e-01,1.080000000000000071e+00,1.009434776310620618e+00,3.271677973255162492e-02,7.168376490133804291e-02,6.467416639898078412e-02,1.417036694085717086e-01,2.784796326370579322e+01,3.996802888650563546e-13,1.367843900385345819e+02,1.494734411021991782e+00,5.059781523555927363e-01,1.089101614432200904e+01,-6.356873559214548663e-02,1.000000000000000000e+00,1.972126229925219576e-02,2.835769741188505222e-01,2.806984158435912313e+00,0.000000000000000000e+00,2.806984158435912313e+00,6.544984694978735369e-03,2.146909782851881943e+00,1.308996938995747074e-02,1.621431070300706434e+00,1.191187214486129742e+00
3.370000000000000000e+02,1.080000000000000071e+00,8.633333333333332860e-01,1.080000000000000071e+00,1.010563722035514589e+00,3.234218390721730479e-02,6.801630993706352102e-02,6.393366953657317331e-02,1.344538852134522233e-01,2.784796326370585362e+01,6.217248937900876626e-13,1.371203772377313328e+02,1.744038674018444368e+00,5.060143050329953818e-01,1.088868195381248505e+01,-8.498736782277527269e-02,1.000000000000000000e+00,1.748265407986071551e-02,2.816334605255157442e-01,2.869937526382448034e+00,0.000000000000000000e+00,2.869937526382448034e+00,6.544984694978735369e-03,2.178592142109813334e+00,1.308996938995747074e-02,1.629523202241736968e+00,1.191187214486129742e+00
3.380000000000000000e+02,1.080000000000000071e+00,9.066666666666666208e-01,1.080000000000000071e+00,1.011750745096997806e+00,3.226864350209970866e-02,6.439266227310845581e-02,6.378829568142899142e-02,1.272906988025129249e-01,2.784796326370583941e+01,5.773159728050814010e-13,1.374759501742368002e+02,2.007875656763347116e+00,5.060504197012259953e-01,1.088635088328488187e+01,-1.063773709654824984e-01,1.000000000000000000e+00,1.520067921637036079e-02,2.796617610975351553e-01,2.932514831256161525e+00,0.000000000000000000e+00,2.932514831256161525e+00,6.544984694978735369e-03,2.210309831904504030e+00,1.308996938995747074e-02,1.641376971231612192e+00,1.230457122656002156e+00
3.390000000000000000e+02,1.080000000000000071e+00,9.499999999999999556e-01,1.080000000000000071e+00,1.012996452660924973e+00,3.250392382682880388e-02,6.081257954456729953e-02,6.425339521128266285e-02,1.202136310715034018e-01,2.784796326370581099e+01,4.662936703425657470e-13,1.378512837015146317e+02,2.286375101443294255e+00,5.060865127716369649e-01,1.088402187156074596e+01,-1.277484824392716156e-01,1.000000000000000000e+00,1.287466548189630799e-02,2.776613623148280752e-01,2.994655112028989485e+00,0.000000000000000000e+00,2.994655112028989485e+00,6.544984694978735369e-03,2.242508223827126113e+00,6.544984694978735369e-03,1.653732406058466609e+00,1.230457122656002156e+00
3.400000000000000000e+02,1.080000000000000071e+00,9.933333333333334014e-01,1.080000000000000071e+00,1.014301485504445210e+00,3.304744799253200166e-02,5.727584116504960687e-02,6.532782773862523540e-02,1.132222459676996695e-01,2.784796326370585362e+01,6.217248937900876626e-13,1.382465609371888888e+02,2.579672882295191982e+00,5.061226007753143463e-01,1.088169385094962571e+01,-1.491104994175151965e-01,1.000000000000000000e+00,1.050391383094417819e-02,2.756317326243618027e-01,3.056299776960412107e+00,0.000000000000000000e+00,3.056299776960412107e+00,6.544984694978735369e-03,2.274767490469148168e+00,6.544984694978735369e-03,1.666497244490172669e+00,1.963495408493620697e-02
3.410000000000000000e+02,1.080000000000000071e+00,1.036666666666666625e+00,1.080000000000000071e+00,1.015666518960323117e+00,3.389065211820030399e-02,5.378224900229544581e-02,6.699466427869953111e-02,1.063161518254533561e-01,2.784796326370580388e+01,4.440892098500626162e-13,1.386619734224208855e+02,2.887911123864750351e+00,5.061587003864079781e-01,1.087936574575337900e+01,-1.704732925525087595e-01,1.000000000000000000e+00,8.087697500140933471e-03,2.735723217876868674e-01,3.117462188746662033e+00,0.000000000000000000e+00,3.117462188746662033e+00,6.544984694978735369e-03,2.307060617901148358e+00,6.544984694978735369e-03,1.679320224667975481e+00,1.963495408493620697e-02
3.420000000000000000e+02,1.080000000000000071e+00,1.080000000000000071e+00,1.080000000000000071e+00,1.017092263921580697e+00,3.501835312770269076e-02,5.617954175646301673e-02,6.922389109542963215e-02,1.110550934865070088e-01,2.784796326370578257e+01,3.774758283725532237e-13,1.390977213011124718e+02,3.211238333976296211e+00,5.061948284461040837e-01,1.087703647073334778e+01,-1.918468200407197344e-01,1.000000000000000000e+00,5.625261058734842834e-03,2.714825601940811239e-01,3.178053976445027740e+00,0.000000000000000000e+00,3.178053976445027740e+00,6.544984694978735369e-03,2.339360119855012243e+00,6.544984694978735369e-03,1.692180472665870905e+00,1.963495408493620697e-02
3.430000000000000000e+02,1.000000000000000000e+00,1.000000000000000000e+00,1.000000000000000000e+00,1.000000000000002442e+00,1.786462544941739642e-15,4.705040823708615252e-15,3.531459295248242819e-15,9.300872385180687377e-15,2.784796326370583941e+01,5.773159728050814010e-13,1.347699374083790644e+02,2.220446049250313081e-13,5.058709149912955505e-01,1.089794382941988182e+01,-2.886579864025407005e-13,1.000000000000000000e+00,3.000000000000024869e-02,2.717836894954066551e-01,3.078761621979961838e+00,1.000000000000000000e+00,3.078761621979961838e+00,6.544984694978735369e-03,2.254866320264170554e+00,6.544984694978735369e-03,1.635776815025009157e+00,1.963495408493620697e-02
