/*--------------------------------*- C++ -*----------------------------------*\
| =========                 |                                                 |
| \\      /  F ield         | OpenFOAM: The Open Source CFD Toolbox           |
|  \\    /   O peration     | Version:  2512                                  |
|   \\  /    A nd           | Website:  www.openfoam.com                      |
|    \\/     M anipulation  |                                                 |
\*---------------------------------------------------------------------------*/
FoamFile
{
    version     2.0;
    format      ascii;
    arch        "LSB;label=32;scalar=64";
    class       volScalarField;
    location    "0";
    object      Cz;
}
// * * * * * * * * * * * * * * * * * * * * * * * * * * * * * * * * * * * * * //

dimensions      [0 1 0 0 0 0 0];

internalField   nonuniform List<scalar> 
55296
(
-0.014317704
-0.014201784
-0.014085864
-0.013969944
-0.014317704
-0.014201784
-0.014085864
-0.013969944
-0.014317704
-0.014201784
-0.014085864
-0.013969944
-0.014317704
-0.014201784
-0.014085864
-0.013969944
-0.014317704
-0.014201784
-0.014085864
-0.013969944
-0.014317704
-0.014201784
-0.014085864
-0.013969944
-0.014317704
-0.014201784
-0.014085864
-0.013969944
-0.014317704
-0.014201784
-0.014085864
-0.013969944
-0.014317704
-0.014201784
-0.014085864
-0.013969944
-0.014317704
-0.014201784
-0.014085864
-0.013969944
-0.014317704
-0.014201784
-0.014085864
-0.013969944
-0.014317704
-0.014201784
-0.014085864
-0.013969944
-0.014317704
-0.014201784
-0.014085864
-0.013969944
-0.014317704
-0.014201784
-0.014085864
-0.013969944
-0.014317704
-0.014201784
-0.014085864
-0.013969944
-0.014317704
-0.014201784
-0.014085864
-0.013969944
-0.014317704
-0.014201784
-0.014085864
-0.013969944
-0.014317704
-0.014201784
-0.014085864
-0.013969944
-0.014317704
-0.014201784
-0.014085864
-0.013969944
-0.014317704
-0.014201784
-0.014085864
-0.013969944
-0.014317704
-0.014201784
-0.014085864
-0.013969944
-0.014317704
-0.014201784
-0.014085864
-0.013969944
-0.014317704
-0.014201784
-0.014085864
-0.013969944
-0.014317704
-0.014201784
-0.014085864
-0.013969944
-0.013068081
-0.012952906
-0.012837732
-0.012722557
-0.013068081
-0.012952906
-0.012837732
-0.012722557
-0.013068081
-0.012952906
-0.012837732
-0.012722557
-0.013068081
-0.012952906
-0.012837732
-0.012722557
-0.013068081
-0.012952906
-0.012837732
-0.012722557
-0.013068081
-0.012952906
-0.012837732
-0.012722557
-0.013068081
-0.012952906
-0.012837732
-0.012722557
-0.013068081
-0.012952906
-0.012837732
-0.012722557
-0.013068081
-0.012952906
-0.012837732
-0.012722557
-0.013068081
-0.012952906
-0.012837732
-0.012722557
-0.013068081
-0.012952906
-0.012837732
-0.012722557
-0.013068081
-0.012952906
-0.012837732
-0.012722557
-0.013068081
-0.012952906
-0.012837732
-0.012722557
-0.013068081
-0.012952906
-0.012837732
-0.012722557
-0.013068081
-0.012952906
-0.012837732
-0.012722557
-0.013068081
-0.012952906
-0.012837732
-0.012722557
-0.013068081
-0.012952906
-0.012837732
-0.012722557
-0.013068081
-0.012952906
-0.012837732
-0.012722557
-0.013068081
-0.012952906
-0.012837732
-0.012722557
-0.013068081
-0.012952906
-0.012837732
-0.012722557
-0.013068081
-0.012952906
-0.012837732
-0.012722557
-0.013068081
-0.012952906
-0.012837732
-0.012722557
-0.013068081
-0.012952906
-0.012837732
-0.012722557
-0.013068081
-0.012952906
-0.012837732
-0.012722557
-0.011818458
-0.011704029
-0.0115896
-0.01147517
-0.011818458
-0.011704029
-0.0115896
-0.01147517
-0.011818458
-0.011704029
-0.0115896
-0.01147517
-0.011818458
-0.011704029
-0.0115896
-0.01147517
-0.011818458
-0.011704029
-0.0115896
-0.01147517
-0.011818458
-0.011704029
-0.0115896
-0.01147517
-0.011818458
-0.011704029
-0.0115896
-0.01147517
-0.011818458
-0.011704029
-0.0115896
-0.01147517
-0.011818458
-0.011704029
-0.0115896
-0.01147517
-0.011818458
-0.011704029
-0.0115896
-0.01147517
-0.011818458
-0.011704029
-0.0115896
-0.01147517
-0.011818458
-0.011704029
-0.0115896
-0.01147517
-0.011818458
-0.011704029
-0.0115896
-0.01147517
-0.011818458
-0.011704029
-0.0115896
-0.01147517
-0.011818458
-0.011704029
-0.0115896
-0.01147517
-0.011818458
-0.011704029
-0.0115896
-0.01147517
-0.011818458
-0.011704029
-0.0115896
-0.01147517
-0.011818458
-0.011704029
-0.0115896
-0.01147517
-0.011818458
-0.011704029
-0.0115896
-0.01147517
-0.011818458
-0.011704029
-0.0115896
-0.01147517
-0.011818458
-0.011704029
-0.0115896
-0.01147517
-0.011818458
-0.011704029
-0.0115896
-0.01147517
-0.011818458
-0.011704029
-0.0115896
-0.01147517
-0.011818458
-0.011704029
-0.0115896
-0.01147517
-0.010568835
-0.010455151
-0.010341467
-0.010227784
-0.010568835
-0.010455151
-0.010341467
-0.010227784
-0.010568835
-0.010455151
-0.010341467
-0.010227784
-0.010568835
-0.010455151
-0.010341467
-0.010227784
-0.010568835
-0.010455151
-0.010341467
-0.010227784
-0.010568835
-0.010455151
-0.010341467
-0.010227784
-0.010568835
-0.010455151
-0.010341467
-0.010227784
-0.010568835
-0.010455151
-0.010341467
-0.010227784
-0.010568835
-0.010455151
-0.010341467
-0.010227784
-0.010568835
-0.010455151
-0.010341467
-0.010227784
-0.010568835
-0.010455151
-0.010341467
-0.010227784
-0.010568835
-0.010455151
-0.010341467
-0.010227784
-0.010568835
-0.010455151
-0.010341467
-0.010227784
-0.010568835
-0.010455151
-0.010341467
-0.010227784
-0.010568835
-0.010455151
-0.010341467
-0.010227784
-0.010568835
-0.010455151
-0.010341467
-0.010227784
-0.010568835
-0.010455151
-0.010341467
-0.010227784
-0.010568835
-0.010455151
-0.010341467
-0.010227784
-0.010568835
-0.010455151
-0.010341467
-0.010227784
-0.010568835
-0.010455151
-0.010341467
-0.010227784
-0.010568835
-0.010455151
-0.010341467
-0.010227784
-0.010568835
-0.010455151
-0.010341467
-0.010227784
-0.010568835
-0.010455151
-0.010341467
-0.010227784
-0.010568835
-0.010455151
-0.010341467
-0.010227784
-0.009319212
-0.0092062738
-0.0090933355
-0.0089803973
-0.009319212
-0.0092062738
-0.0090933355
-0.0089803973
-0.009319212
-0.0092062738
-0.0090933355
-0.0089803973
-0.009319212
-0.0092062738
-0.0090933355
-0.0089803973
-0.009319212
-0.0092062738
-0.0090933355
-0.0089803973
-0.009319212
-0.0092062738
-0.0090933355
-0.0089803973
-0.009319212
-0.0092062738
-0.0090933355
-0.0089803973
-0.009319212
-0.0092062738
-0.0090933355
-0.0089803973
-0.009319212
-0.0092062738
-0.0090933355
-0.0089803973
-0.009319212
-0.0092062738
-0.0090933355
-0.0089803973
-0.009319212
-0.0092062738
-0.0090933355
-0.0089803973
-0.009319212
-0.0092062738
-0.0090933355
-0.0089803973
-0.009319212
-0.0092062738
-0.0090933355
-0.0089803973
-0.009319212
-0.0092062738
-0.0090933355
-0.0089803973
-0.009319212
-0.0092062738
-0.0090933355
-0.0089803973
-0.009319212
-0.0092062738
-0.0090933355
-0.0089803973
-0.009319212
-0.0092062738
-0.0090933355
-0.0089803973
-0.009319212
-0.0092062738
-0.0090933355
-0.0089803973
-0.009319212
-0.0092062738
-0.0090933355
-0.0089803973
-0.009319212
-0.0092062738
-0.0090933355
-0.0089803973
-0.009319212
-0.0092062738
-0.0090933355
-0.0089803973
-0.009319212
-0.0092062738
-0.0090933355
-0.0089803973
-0.009319212
-0.0092062738
-0.0090933355
-0.0089803973
-0.009319212
-0.0092062738
-0.0090933355
-0.0089803973
-0.0080695892
-0.0079573964
-0.0078452036
-0.0077330108
-0.0080695892
-0.0079573964
-0.0078452036
-0.0077330108
-0.0080695892
-0.0079573964
-0.0078452036
-0.0077330108
-0.0080695892
-0.0079573964
-0.0078452036
-0.0077330108
-0.0080695892
-0.0079573964
-0.0078452036
-0.0077330108
-0.0080695892
-0.0079573964
-0.0078452036
-0.0077330108
-0.0080695892
-0.0079573964
-0.0078452036
-0.0077330108
-0.0080695892
-0.0079573964
-0.0078452036
-0.0077330108
-0.0080695892
-0.0079573964
-0.0078452036
-0.0077330108
-0.0080695892
-0.0079573964
-0.0078452036
-0.0077330108
-0.0080695892
-0.0079573964
-0.0078452036
-0.0077330108
-0.0080695892
-0.0079573964
-0.0078452036
-0.0077330108
-0.0080695892
-0.0079573964
-0.0078452036
-0.0077330108
-0.0080695892
-0.0079573964
-0.0078452036
-0.0077330108
-0.0080695892
-0.0079573964
-0.0078452036
-0.0077330108
-0.0080695892
-0.0079573964
-0.0078452036
-0.0077330108
-0.0080695892
-0.0079573964
-0.0078452036
-0.0077330108
-0.0080695892
-0.0079573964
-0.0078452036
-0.0077330108
-0.0080695892
-0.0079573964
-0.0078452036
-0.0077330108
-0.0080695892
-0.0079573964
-0.0078452036
-0.0077330108
-0.0080695892
-0.0079573964
-0.0078452036
-0.0077330108
-0.0080695892
-0.0079573964
-0.0078452036
-0.0077330108
-0.0080695892
-0.0079573964
-0.0078452036
-0.0077330108
-0.0080695892
-0.0079573964
-0.0078452036
-0.0077330108
-0.0068199664
-0.0067085191
-0.0065970718
-0.0064856244
-0.0068199664
-0.0067085191
-0.0065970718
-0.0064856244
-0.0068199664
-0.0067085191
-0.0065970718
-0.0064856244
-0.0068199664
-0.0067085191
-0.0065970718
-0.0064856244
-0.0068199664
-0.0067085191
-0.0065970718
-0.0064856244
-0.0068199664
-0.0067085191
-0.0065970718
-0.0064856244
-0.0068199664
-0.0067085191
-0.0065970718
-0.0064856244
-0.0068199664
-0.0067085191
-0.0065970718
-0.0064856244
-0.0068199664
-0.0067085191
-0.0065970718
-0.0064856244
-0.0068199664
-0.0067085191
-0.0065970718
-0.0064856244
-0.0068199664
-0.0067085191
-0.0065970718
-0.0064856244
-0.0068199664
-0.0067085191
-0.0065970718
-0.0064856244
-0.0068199664
-0.0067085191
-0.0065970718
-0.0064856244
-0.0068199664
-0.0067085191
-0.0065970718
-0.0064856244
-0.0068199664
-0.0067085191
-0.0065970718
-0.0064856244
-0.0068199664
-0.0067085191
-0.0065970718
-0.0064856244
-0.0068199664
-0.0067085191
-0.0065970718
-0.0064856244
-0.0068199664
-0.0067085191
-0.0065970718
-0.0064856244
-0.0068199664
-0.0067085191
-0.0065970718
-0.0064856244
-0.0068199664
-0.0067085191
-0.0065970718
-0.0064856244
-0.0068199664
-0.0067085191
-0.0065970718
-0.0064856244
-0.0068199664
-0.0067085191
-0.0065970718
-0.0064856244
-0.0068199664
-0.0067085191
-0.0065970718
-0.0064856244
-0.0068199664
-0.0067085191
-0.0065970718
-0.0064856244
-0.0055703437
-0.0054596419
-0.00534894
-0.0052382381
-0.0055703437
-0.0054596419
-0.00534894
-0.0052382381
-0.0055703437
-0.0054596419
-0.00534894
-0.0052382381
-0.0055703437
-0.0054596419
-0.00534894
-0.0052382381
-0.0055703437
-0.0054596419
-0.00534894
-0.0052382381
-0.0055703437
-0.0054596419
-0.00534894
-0.0052382381
-0.0055703437
-0.0054596419
-0.00534894
-0.0052382381
-0.0055703437
-0.0054596419
-0.00534894
-0.0052382381
-0.0055703437
-0.0054596419
-0.00534894
-0.0052382381
-0.0055703437
-0.0054596419
-0.00534894
-0.0052382381
-0.0055703437
-0.0054596419
-0.00534894
-0.0052382381
-0.0055703437
-0.0054596419
-0.00534894
-0.0052382381
-0.0055703437
-0.0054596419
-0.00534894
-0.0052382381
-0.0055703437
-0.0054596419
-0.00534894
-0.0052382381
-0.0055703437
-0.0054596419
-0.00534894
-0.0052382381
-0.0055703437
-0.0054596419
-0.00534894
-0.0052382381
-0.0055703437
-0.0054596419
-0.00534894
-0.0052382381
-0.0055703437
-0.0054596419
-0.00534894
-0.0052382381
-0.0055703437
-0.0054596419
-0.00534894
-0.0052382381
-0.0055703437
-0.0054596419
-0.00534894
-0.0052382381
-0.0055703437
-0.0054596419
-0.00534894
-0.0052382381
-0.0055703437
-0.0054596419
-0.00534894
-0.0052382381
-0.0055703437
-0.0054596419
-0.00534894
-0.0052382381
-0.0055703437
-0.0054596419
-0.00534894
-0.0052382381
-0.0043207211
-0.0042107647
-0.0041008083
-0.0039908519
-0.0043207211
-0.0042107647
-0.0041008083
-0.0039908519
-0.0043207211
-0.0042107647
-0.0041008083
-0.0039908519
-0.0043207211
-0.0042107647
-0.0041008083
-0.0039908519
-0.0043207211
-0.0042107647
-0.0041008083
-0.0039908519
-0.0043207211
-0.0042107647
-0.0041008083
-0.0039908519
-0.0043207211
-0.0042107647
-0.0041008083
-0.0039908519
-0.0043207211
-0.0042107647
-0.0041008083
-0.0039908519
-0.0043207211
-0.0042107647
-0.0041008083
-0.0039908519
-0.0043207211
-0.0042107647
-0.0041008083
-0.0039908519
-0.0043207211
-0.0042107647
-0.0041008083
-0.0039908519
-0.0043207211
-0.0042107647
-0.0041008083
-0.0039908519
-0.0043207211
-0.0042107647
-0.0041008083
-0.0039908519
-0.0043207211
-0.0042107647
-0.0041008083
-0.0039908519
-0.0043207211
-0.0042107647
-0.0041008083
-0.0039908519
-0.0043207211
-0.0042107647
-0.0041008083
-0.0039908519
-0.0043207211
-0.0042107647
-0.0041008083
-0.0039908519
-0.0043207211
-0.0042107647
-0.0041008083
-0.0039908519
-0.0043207211
-0.0042107647
-0.0041008083
-0.0039908519
-0.0043207211
-0.0042107647
-0.0041008083
-0.0039908519
-0.0043207211
-0.0042107647
-0.0041008083
-0.0039908519
-0.0043207211
-0.0042107647
-0.0041008083
-0.0039908519
-0.0043207211
-0.0042107647
-0.0041008083
-0.0039908519
-0.0043207211
-0.0042107647
-0.0041008083
-0.0039908519
-0.0030710985
-0.0029618875
-0.0028526766
-0.0027434656
-0.0030710985
-0.0029618875
-0.0028526766
-0.0027434656
-0.0030710985
-0.0029618875
-0.0028526766
-0.0027434656
-0.0030710985
-0.0029618875
-0.0028526766
-0.0027434656
-0.0030710985
-0.0029618875
-0.0028526766
-0.0027434656
-0.0030710985
-0.0029618875
-0.0028526766
-0.0027434656
-0.0030710985
-0.0029618875
-0.0028526766
-0.0027434656
-0.0030710985
-0.0029618875
-0.0028526766
-0.0027434656
-0.0030710985
-0.0029618875
-0.0028526766
-0.0027434656
-0.0030710985
-0.0029618875
-0.0028526766
-0.0027434656
-0.0030710985
-0.0029618875
-0.0028526766
-0.0027434656
-0.0030710985
-0.0029618875
-0.0028526766
-0.0027434656
-0.0030710985
-0.0029618875
-0.0028526766
-0.0027434656
-0.0030710985
-0.0029618875
-0.0028526766
-0.0027434656
-0.0030710985
-0.0029618875
-0.0028526766
-0.0027434656
-0.0030710985
-0.0029618875
-0.0028526766
-0.0027434656
-0.0030710985
-0.0029618875
-0.0028526766
-0.0027434656
-0.0030710985
-0.0029618875
-0.0028526766
-0.0027434656
-0.0030710985
-0.0029618875
-0.0028526766
-0.0027434656
-0.0030710985
-0.0029618875
-0.0028526766
-0.0027434656
-0.0030710985
-0.0029618875
-0.0028526766
-0.0027434656
-0.0030710985
-0.0029618875
-0.0028526766
-0.0027434656
-0.0030710985
-0.0029618875
-0.0028526766
-0.0027434656
-0.0030710985
-0.0029618875
-0.0028526766
-0.0027434656
-0.0018214759
-0.0017130105
-0.001604545
-0.0014960795
-0.0018214759
-0.0017130105
-0.001604545
-0.0014960795
-0.0018214759
-0.0017130105
-0.001604545
-0.0014960795
-0.0018214759
-0.0017130105
-0.001604545
-0.0014960795
-0.0018214759
-0.0017130105
-0.001604545
-0.0014960795
-0.0018214759
-0.0017130105
-0.001604545
-0.0014960795
-0.0018214759
-0.0017130105
-0.001604545
-0.0014960795
-0.0018214759
-0.0017130105
-0.001604545
-0.0014960795
-0.0018214759
-0.0017130105
-0.001604545
-0.0014960795
-0.0018214759
-0.0017130105
-0.001604545
-0.0014960795
-0.0018214759
-0.0017130105
-0.001604545
-0.0014960795
-0.0018214759
-0.0017130105
-0.001604545
-0.0014960795
-0.0018214759
-0.0017130105
-0.001604545
-0.0014960795
-0.0018214759
-0.0017130105
-0.001604545
-0.0014960795
-0.0018214759
-0.0017130105
-0.001604545
-0.0014960795
-0.0018214759
-0.0017130105
-0.001604545
-0.0014960795
-0.0018214759
-0.0017130105
-0.001604545
-0.0014960795
-0.0018214759
-0.0017130105
-0.001604545
-0.0014960795
-0.0018214759
-0.0017130105
-0.001604545
-0.0014960795
-0.0018214759
-0.0017130105
-0.001604545
-0.0014960795
-0.0018214759
-0.0017130105
-0.001604545
-0.0014960795
-0.0018214759
-0.0017130105
-0.001604545
-0.0014960795
-0.0018214759
-0.0017130105
-0.001604545
-0.0014960795
-0.0018214759
-0.0017130105
-0.001604545
-0.0014960795
-0.00057185348
-0.00046413347
-0.00035641345
-0.00024869342
-0.00057185348
-0.00046413347
-0.00035641345
-0.00024869342
-0.00057185348
-0.00046413347
-0.00035641345
-0.00024869342
-0.00057185348
-0.00046413347
-0.00035641345
-0.00024869342
-0.00057185348
-0.00046413347
-0.00035641345
-0.00024869342
-0.00057185348
-0.00046413347
-0.00035641345
-0.00024869342
-0.00057185348
-0.00046413347
-0.00035641345
-0.00024869342
-0.00057185348
-0.00046413347
-0.00035641345
-0.00024869342
-0.00057185348
-0.00046413347
-0.00035641345
-0.00024869342
-0.00057185348
-0.00046413347
-0.00035641345
-0.00024869342
-0.00057185348
-0.00046413347
-0.00035641345
-0.00024869342
-0.00057185348
-0.00046413347
-0.00035641345
-0.00024869342
-0.00057185348
-0.00046413347
-0.00035641345
-0.00024869342
-0.00057185348
-0.00046413347
-0.00035641345
-0.00024869342
-0.00057185348
-0.00046413347
-0.00035641345
-0.00024869342
-0.00057185348
-0.00046413347
-0.00035641345
-0.00024869342
-0.00057185348
-0.00046413347
-0.00035641345
-0.00024869342
-0.00057185348
-0.00046413347
-0.00035641345
-0.00024869342
-0.00057185348
-0.00046413347
-0.00035641345
-0.00024869342
-0.00057185348
-0.00046413347
-0.00035641345
-0.00024869342
-0.00057185348
-0.00046413347
-0.00035641345
-0.00024869342
-0.00057185348
-0.00046413347
-0.00035641345
-0.00024869342
-0.00057185348
-0.00046413347
-0.00035641345
-0.00024869342
-0.00057185348
-0.00046413347
-0.00035641345
-0.00024869342
0.00067776892
0.00078474347
0.00089171803
0.00099869259
0.00067776892
0.00078474347
0.00089171803
0.00099869259
0.00067776892
0.00078474347
0.00089171803
0.00099869259
0.00067776892
0.00078474347
0.00089171803
0.00099869259
0.00067776892
0.00078474347
0.00089171803
0.00099869259
0.00067776892
0.00078474347
0.00089171803
0.00099869259
0.00067776892
0.00078474347
0.00089171803
0.00099869259
0.00067776892
0.00078474347
0.00089171803
0.00099869259
0.00067776892
0.00078474347
0.00089171803
0.00099869259
0.00067776892
0.00078474347
0.00089171803
0.00099869259
0.00067776892
0.00078474347
0.00089171803
0.00099869259
0.00067776892
0.00078474347
0.00089171803
0.00099869259
0.00067776892
0.00078474347
0.00089171803
0.00099869259
0.00067776892
0.00078474347
0.00089171803
0.00099869259
0.00067776892
0.00078474347
0.00089171803
0.00099869259
0.00067776892
0.00078474347
0.00089171803
0.00099869259
0.00067776892
0.00078474347
0.00089171803
0.00099869259
0.00067776892
0.00078474347
0.00089171803
0.00099869259
0.00067776892
0.00078474347
0.00089171803
0.00099869259
0.00067776892
0.00078474347
0.00089171803
0.00099869259
0.00067776892
0.00078474347
0.00089171803
0.00099869259
0.00067776892
0.00078474347
0.00089171803
0.00099869259
0.00067776892
0.00078474347
0.00089171803
0.00099869259
0.00067776892
0.00078474347
0.00089171803
0.00099869259
0.0019273912
0.0020336203
0.0021398494
0.0022460785
0.0019273912
0.0020336203
0.0021398494
0.0022460785
0.0019273912
0.0020336203
0.0021398494
0.0022460785
0.0019273912
0.0020336203
0.0021398494
0.0022460785
0.0019273912
0.0020336203
0.0021398494
0.0022460785
0.0019273912
0.0020336203
0.0021398494
0.0022460785
0.0019273912
0.0020336203
0.0021398494
0.0022460785
0.0019273912
0.0020336203
0.0021398494
0.0022460785
0.0019273912
0.0020336203
0.0021398494
0.0022460785
0.0019273912
0.0020336203
0.0021398494
0.0022460785
0.0019273912
0.0020336203
0.0021398494
0.0022460785
0.0019273912
0.0020336203
0.0021398494
0.0022460785
0.0019273912
0.0020336203
0.0021398494
0.0022460785
0.0019273912
0.0020336203
0.0021398494
0.0022460785
0.0019273912
0.0020336203
0.0021398494
0.0022460785
0.0019273912
0.0020336203
0.0021398494
0.0022460785
0.0019273912
0.0020336203
0.0021398494
0.0022460785
0.0019273912
0.0020336203
0.0021398494
0.0022460785
0.0019273912
0.0020336203
0.0021398494
0.0022460785
0.0019273912
0.0020336203
0.0021398494
0.0022460785
0.0019273912
0.0020336203
0.0021398494
0.0022460785
0.0019273912
0.0020336203
0.0021398494
0.0022460785
0.0019273912
0.0020336203
0.0021398494
0.0022460785
0.0019273912
0.0020336203
0.0021398494
0.0022460785
0.0031770135
0.0032824971
0.0033879808
0.0034934644
0.0031770135
0.0032824971
0.0033879808
0.0034934644
0.0031770135
0.0032824971
0.0033879808
0.0034934644
0.0031770135
0.0032824971
0.0033879808
0.0034934644
0.0031770135
0.0032824971
0.0033879808
0.0034934644
0.0031770135
0.0032824971
0.0033879808
0.0034934644
0.0031770135
0.0032824971
0.0033879808
0.0034934644
0.0031770135
0.0032824971
0.0033879808
0.0034934644
0.0031770135
0.0032824971
0.0033879808
0.0034934644
0.0031770135
0.0032824971
0.0033879808
0.0034934644
0.0031770135
0.0032824971
0.0033879808
0.0034934644
0.0031770135
0.0032824971
0.0033879808
0.0034934644
0.0031770135
0.0032824971
0.0033879808
0.0034934644
0.0031770135
0.0032824971
0.0033879808
0.0034934644
0.0031770135
0.0032824971
0.0033879808
0.0034934644
0.0031770135
0.0032824971
0.0033879808
0.0034934644
0.0031770135
0.0032824971
0.0033879808
0.0034934644
0.0031770135
0.0032824971
0.0033879808
0.0034934644
0.0031770135
0.0032824971
0.0033879808
0.0034934644
0.0031770135
0.0032824971
0.0033879808
0.0034934644
0.0031770135
0.0032824971
0.0033879808
0.0034934644
0.0031770135
0.0032824971
0.0033879808
0.0034934644
0.0031770135
0.0032824971
0.0033879808
0.0034934644
0.0031770135
0.0032824971
0.0033879808
0.0034934644
0.0044266357
0.0045313739
0.0046361121
0.0047408502
0.0044266357
0.0045313739
0.0046361121
0.0047408502
0.0044266357
0.0045313739
0.0046361121
0.0047408502
0.0044266357
0.0045313739
0.0046361121
0.0047408502
0.0044266357
0.0045313739
0.0046361121
0.0047408502
0.0044266357
0.0045313739
0.0046361121
0.0047408502
0.0044266357
0.0045313739
0.0046361121
0.0047408502
0.0044266357
0.0045313739
0.0046361121
0.0047408502
0.0044266357
0.0045313739
0.0046361121
0.0047408502
0.0044266357
0.0045313739
0.0046361121
0.0047408502
0.0044266357
0.0045313739
0.0046361121
0.0047408502
0.0044266357
0.0045313739
0.0046361121
0.0047408502
0.0044266357
0.0045313739
0.0046361121
0.0047408502
0.0044266357
0.0045313739
0.0046361121
0.0047408502
0.0044266357
0.0045313739
0.0046361121
0.0047408502
0.0044266357
0.0045313739
0.0046361121
0.0047408502
0.0044266357
0.0045313739
0.0046361121
0.0047408502
0.0044266357
0.0045313739
0.0046361121
0.0047408502
0.0044266357
0.0045313739
0.0046361121
0.0047408502
0.0044266357
0.0045313739
0.0046361121
0.0047408502
0.0044266357
0.0045313739
0.0046361121
0.0047408502
0.0044266357
0.0045313739
0.0046361121
0.0047408502
0.0044266357
0.0045313739
0.0046361121
0.0047408502
0.0044266357
0.0045313739
0.0046361121
0.0047408502
0.0056762578
0.0057802505
0.0058842433
0.005988236
0.0056762578
0.0057802505
0.0058842433
0.005988236
0.0056762578
0.0057802505
0.0058842433
0.005988236
0.0056762578
0.0057802505
0.0058842433
0.005988236
0.0056762578
0.0057802505
0.0058842433
0.005988236
0.0056762578
0.0057802505
0.0058842433
0.005988236
0.0056762578
0.0057802505
0.0058842433
0.005988236
0.0056762578
0.0057802505
0.0058842433
0.005988236
0.0056762578
0.0057802505
0.0058842433
0.005988236
0.0056762578
0.0057802505
0.0058842433
0.005988236
0.0056762578
0.0057802505
0.0058842433
0.005988236
0.0056762578
0.0057802505
0.0058842433
0.005988236
0.0056762578
0.0057802505
0.0058842433
0.005988236
0.0056762578
0.0057802505
0.0058842433
0.005988236
0.0056762578
0.0057802505
0.0058842433
0.005988236
0.0056762578
0.0057802505
0.0058842433
0.005988236
0.0056762578
0.0057802505
0.0058842433
0.005988236
0.0056762578
0.0057802505
0.0058842433
0.005988236
0.0056762578
0.0057802505
0.0058842433
0.005988236
0.0056762578
0.0057802505
0.0058842433
0.005988236
0.0056762578
0.0057802505
0.0058842433
0.005988236
0.0056762578
0.0057802505
0.0058842433
0.005988236
0.0056762578
0.0057802505
0.0058842433
0.005988236
0.0056762578
0.0057802505
0.0058842433
0.005988236
0.0069258799
0.0070291271
0.0071323744
0.0072356216
0.0069258799
0.0070291271
0.0071323744
0.0072356216
0.0069258799
0.0070291271
0.0071323744
0.0072356216
0.0069258799
0.0070291271
0.0071323744
0.0072356216
0.0069258799
0.0070291271
0.0071323744
0.0072356216
0.0069258799
0.0070291271
0.0071323744
0.0072356216
0.0069258799
0.0070291271
0.0071323744
0.0072356216
0.0069258799
0.0070291271
0.0071323744
0.0072356216
0.0069258799
0.0070291271
0.0071323744
0.0072356216
0.0069258799
0.0070291271
0.0071323744
0.0072356216
0.0069258799
0.0070291271
0.0071323744
0.0072356216
0.0069258799
0.0070291271
0.0071323744
0.0072356216
0.0069258799
0.0070291271
0.0071323744
0.0072356216
0.0069258799
0.0070291271
0.0071323744
0.0072356216
0.0069258799
0.0070291271
0.0071323744
0.0072356216
0.0069258799
0.0070291271
0.0071323744
0.0072356216
0.0069258799
0.0070291271
0.0071323744
0.0072356216
0.0069258799
0.0070291271
0.0071323744
0.0072356216
0.0069258799
0.0070291271
0.0071323744
0.0072356216
0.0069258799
0.0070291271
0.0071323744
0.0072356216
0.0069258799
0.0070291271
0.0071323744
0.0072356216
0.0069258799
0.0070291271
0.0071323744
0.0072356216
0.0069258799
0.0070291271
0.0071323744
0.0072356216
0.0069258799
0.0070291271
0.0071323744
0.0072356216
0.0081755019
0.0082780036
0.0083805054
0.0084830072
0.0081755019
0.0082780036
0.0083805054
0.0084830072
0.0081755019
0.0082780036
0.0083805054
0.0084830072
0.0081755019
0.0082780036
0.0083805054
0.0084830072
0.0081755019
0.0082780036
0.0083805054
0.0084830072
0.0081755019
0.0082780036
0.0083805054
0.0084830072
0.0081755019
0.0082780036
0.0083805054
0.0084830072
0.0081755019
0.0082780036
0.0083805054
0.0084830072
0.0081755019
0.0082780036
0.0083805054
0.0084830072
0.0081755019
0.0082780036
0.0083805054
0.0084830072
0.0081755019
0.0082780036
0.0083805054
0.0084830072
0.0081755019
0.0082780036
0.0083805054
0.0084830072
0.0081755019
0.0082780036
0.0083805054
0.0084830072
0.0081755019
0.0082780036
0.0083805054
0.0084830072
0.0081755019
0.0082780036
0.0083805054
0.0084830072
0.0081755019
0.0082780036
0.0083805054
0.0084830072
0.0081755019
0.0082780036
0.0083805054
0.0084830072
0.0081755019
0.0082780036
0.0083805054
0.0084830072
0.0081755019
0.0082780036
0.0083805054
0.0084830072
0.0081755019
0.0082780036
0.0083805054
0.0084830072
0.0081755019
0.0082780036
0.0083805054
0.0084830072
0.0081755019
0.0082780036
0.0083805054
0.0084830072
0.0081755019
0.0082780036
0.0083805054
0.0084830072
0.0081755019
0.0082780036
0.0083805054
0.0084830072
0.0094251238
0.0095268801
0.0096286364
0.0097303928
0.0094251238
0.0095268801
0.0096286364
0.0097303928
0.0094251238
0.0095268801
0.0096286364
0.0097303928
0.0094251238
0.0095268801
0.0096286364
0.0097303928
0.0094251238
0.0095268801
0.0096286364
0.0097303928
0.0094251238
0.0095268801
0.0096286364
0.0097303928
0.0094251238
0.0095268801
0.0096286364
0.0097303928
0.0094251238
0.0095268801
0.0096286364
0.0097303928
0.0094251238
0.0095268801
0.0096286364
0.0097303928
0.0094251238
0.0095268801
0.0096286364
0.0097303928
0.0094251238
0.0095268801
0.0096286364
0.0097303928
0.0094251238
0.0095268801
0.0096286364
0.0097303928
0.0094251238
0.0095268801
0.0096286364
0.0097303928
0.0094251238
0.0095268801
0.0096286364
0.0097303928
0.0094251238
0.0095268801
0.0096286364
0.0097303928
0.0094251238
0.0095268801
0.0096286364
0.0097303928
0.0094251238
0.0095268801
0.0096286364
0.0097303928
0.0094251238
0.0095268801
0.0096286364
0.0097303928
0.0094251238
0.0095268801
0.0096286364
0.0097303928
0.0094251238
0.0095268801
0.0096286364
0.0097303928
0.0094251238
0.0095268801
0.0096286364
0.0097303928
0.0094251238
0.0095268801
0.0096286364
0.0097303928
0.0094251238
0.0095268801
0.0096286364
0.0097303928
0.0094251238
0.0095268801
0.0096286364
0.0097303928
0.010674746
0.010775756
0.010876767
0.010977778
0.010674746
0.010775756
0.010876767
0.010977778
0.010674746
0.010775756
0.010876767
0.010977778
0.010674746
0.010775756
0.010876767
0.010977778
0.010674746
0.010775756
0.010876767
0.010977778
0.010674746
0.010775756
0.010876767
0.010977778
0.010674746
0.010775756
0.010876767
0.010977778
0.010674746
0.010775756
0.010876767
0.010977778
0.010674746
0.010775756
0.010876767
0.010977778
0.010674746
0.010775756
0.010876767
0.010977778
0.010674746
0.010775756
0.010876767
0.010977778
0.010674746
0.010775756
0.010876767
0.010977778
0.010674746
0.010775756
0.010876767
0.010977778
0.010674746
0.010775756
0.010876767
0.010977778
0.010674746
0.010775756
0.010876767
0.010977778
0.010674746
0.010775756
0.010876767
0.010977778
0.010674746
0.010775756
0.010876767
0.010977778
0.010674746
0.010775756
0.010876767
0.010977778
0.010674746
0.010775756
0.010876767
0.010977778
0.010674746
0.010775756
0.010876767
0.010977778
0.010674746
0.010775756
0.010876767
0.010977778
0.010674746
0.010775756
0.010876767
0.010977778
0.010674746
0.010775756
0.010876767
0.010977778
0.010674746
0.010775756
0.010876767
0.010977778
0.011924367
0.012024633
0.012124898
0.012225164
0.011924367
0.012024633
0.012124898
0.012225164
0.011924367
0.012024633
0.012124898
0.012225164
0.011924367
0.012024633
0.012124898
0.012225164
0.011924367
0.012024633
0.012124898
0.012225164
0.011924367
0.012024633
0.012124898
0.012225164
0.011924367
0.012024633
0.012124898
0.012225164
0.011924367
0.012024633
0.012124898
0.012225164
0.011924367
0.012024633
0.012124898
0.012225164
0.011924367
0.012024633
0.012124898
0.012225164
0.011924367
0.012024633
0.012124898
0.012225164
0.011924367
0.012024633
0.012124898
0.012225164
0.011924367
0.012024633
0.012124898
0.012225164
0.011924367
0.012024633
0.012124898
0.012225164
0.011924367
0.012024633
0.012124898
0.012225164
0.011924367
0.012024633
0.012124898
0.012225164
0.011924367
0.012024633
0.012124898
0.012225164
0.011924367
0.012024633
0.012124898
0.012225164
0.011924367
0.012024633
0.012124898
0.012225164
0.011924367
0.012024633
0.012124898
0.012225164
0.011924367
0.012024633
0.012124898
0.012225164
0.011924367
0.012024633
0.012124898
0.012225164
0.011924367
0.012024633
0.012124898
0.012225164
0.011924367
0.012024633
0.012124898
0.012225164
0.013173989
0.013273509
0.013373029
0.013472549
0.013173989
0.013273509
0.013373029
0.013472549
0.013173989
0.013273509
0.013373029
0.013472549
0.013173989
0.013273509
0.013373029
0.013472549
0.013173989
0.013273509
0.013373029
0.013472549
0.013173989
0.013273509
0.013373029
0.013472549
0.013173989
0.013273509
0.013373029
0.013472549
0.013173989
0.013273509
0.013373029
0.013472549
0.013173989
0.013273509
0.013373029
0.013472549
0.013173989
0.013273509
0.013373029
0.013472549
0.013173989
0.013273509
0.013373029
0.013472549
0.013173989
0.013273509
0.013373029
0.013472549
0.013173989
0.013273509
0.013373029
0.013472549
0.013173989
0.013273509
0.013373029
0.013472549
0.013173989
0.013273509
0.013373029
0.013472549
0.013173989
0.013273509
0.013373029
0.013472549
0.013173989
0.013273509
0.013373029
0.013472549
0.013173989
0.013273509
0.013373029
0.013472549
0.013173989
0.013273509
0.013373029
0.013472549
0.013173989
0.013273509
0.013373029
0.013472549
0.013173989
0.013273509
0.013373029
0.013472549
0.013173989
0.013273509
0.013373029
0.013472549
0.013173989
0.013273509
0.013373029
0.013472549
0.013173989
0.013273509
0.013373029
0.013472549
0.014423611
0.014522385
0.01462116
0.014719934
0.014423611
0.014522385
0.01462116
0.014719934
0.014423611
0.014522385
0.01462116
0.014719934
0.014423611
0.014522385
0.01462116
0.014719934
0.014423611
0.014522385
0.01462116
0.014719934
0.014423611
0.014522385
0.01462116
0.014719934
0.014423611
0.014522385
0.01462116
0.014719934
0.014423611
0.014522385
0.01462116
0.014719934
0.014423611
0.014522385
0.01462116
0.014719934
0.014423611
0.014522385
0.01462116
0.014719934
0.014423611
0.014522385
0.01462116
0.014719934
0.014423611
0.014522385
0.01462116
0.014719934
0.014423611
0.014522385
0.01462116
0.014719934
0.014423611
0.014522385
0.01462116
0.014719934
0.014423611
0.014522385
0.01462116
0.014719934
0.014423611
0.014522385
0.01462116
0.014719934
0.014423611
0.014522385
0.01462116
0.014719934
0.014423611
0.014522385
0.01462116
0.014719934
0.014423611
0.014522385
0.01462116
0.014719934
0.014423611
0.014522385
0.01462116
0.014719934
0.014423611
0.014522385
0.01462116
0.014719934
0.014423611
0.014522385
0.01462116
0.014719934
0.014423611
0.014522385
0.01462116
0.014719934
0.014423611
0.014522385
0.01462116
0.014719934
-0.013738381
-0.013391174
-0.013043966
-0.012696759
-0.013738381
-0.013391174
-0.013043966
-0.012696759
-0.013738381
-0.013391174
-0.013043966
-0.012696759
-0.013738381
-0.013391174
-0.013043966
-0.012696759
-0.013738381
-0.013391174
-0.013043966
-0.012696759
-0.013738381
-0.013391174
-0.013043966
-0.012696759
-0.013738381
-0.013391174
-0.013043966
-0.012696759
-0.013738381
-0.013391174
-0.013043966
-0.012696759
-0.013738381
-0.013391174
-0.013043966
-0.012696759
-0.013738381
-0.013391174
-0.013043966
-0.012696759
-0.013738381
-0.013391174
-0.013043966
-0.012696759
-0.013738381
-0.013391174
-0.013043966
-0.012696759
-0.013738381
-0.013391174
-0.013043966
-0.012696759
-0.013738381
-0.013391174
-0.013043966
-0.012696759
-0.013738381
-0.013391174
-0.013043966
-0.012696759
-0.013738381
-0.013391174
-0.013043966
-0.012696759
-0.013738381
-0.013391174
-0.013043966
-0.012696759
-0.013738381
-0.013391174
-0.013043966
-0.012696759
-0.013738381
-0.013391174
-0.013043966
-0.012696759
-0.013738381
-0.013391174
-0.013043966
-0.012696759
-0.013738381
-0.013391174
-0.013043966
-0.012696759
-0.013738381
-0.013391174
-0.013043966
-0.012696759
-0.013738381
-0.013391174
-0.013043966
-0.012696759
-0.013738381
-0.013391174
-0.013043966
-0.012696759
-0.012492483
-0.012147509
-0.011802535
-0.01145756
-0.012492483
-0.012147509
-0.011802535
-0.01145756
-0.012492483
-0.012147509
-0.011802535
-0.01145756
-0.012492483
-0.012147509
-0.011802535
-0.01145756
-0.012492483
-0.012147509
-0.011802535
-0.01145756
-0.012492483
-0.012147509
-0.011802535
-0.01145756
-0.012492483
-0.012147509
-0.011802535
-0.01145756
-0.012492483
-0.012147509
-0.011802535
-0.01145756
-0.012492483
-0.012147509
-0.011802535
-0.01145756
-0.012492483
-0.012147509
-0.011802535
-0.01145756
-0.012492483
-0.012147509
-0.011802535
-0.01145756
-0.012492483
-0.012147509
-0.011802535
-0.01145756
-0.012492483
-0.012147509
-0.011802535
-0.01145756
-0.012492483
-0.012147509
-0.011802535
-0.01145756
-0.012492483
-0.012147509
-0.011802535
-0.01145756
-0.012492483
-0.012147509
-0.011802535
-0.01145756
-0.012492483
-0.012147509
-0.011802535
-0.01145756
-0.012492483
-0.012147509
-0.011802535
-0.01145756
-0.012492483
-0.012147509
-0.011802535
-0.01145756
-0.012492483
-0.012147509
-0.011802535
-0.01145756
-0.012492483
-0.012147509
-0.011802535
-0.01145756
-0.012492483
-0.012147509
-0.011802535
-0.01145756
-0.012492483
-0.012147509
-0.011802535
-0.01145756
-0.012492483
-0.012147509
-0.011802535
-0.01145756
-0.011246586
-0.010903844
-0.010561103
-0.010218361
-0.011246586
-0.010903844
-0.010561103
-0.010218361
-0.011246586
-0.010903844
-0.010561103
-0.010218361
-0.011246586
-0.010903844
-0.010561103
-0.010218361
-0.011246586
-0.010903844
-0.010561103
-0.010218361
-0.011246586
-0.010903844
-0.010561103
-0.010218361
-0.011246586
-0.010903844
-0.010561103
-0.010218361
-0.011246586
-0.010903844
-0.010561103
-0.010218361
-0.011246586
-0.010903844
-0.010561103
-0.010218361
-0.011246586
-0.010903844
-0.010561103
-0.010218361
-0.011246586
-0.010903844
-0.010561103
-0.010218361
-0.011246586
-0.010903844
-0.010561103
-0.010218361
-0.011246586
-0.010903844
-0.010561103
-0.010218361
-0.011246586
-0.010903844
-0.010561103
-0.010218361
-0.011246586
-0.010903844
-0.010561103
-0.010218361
-0.011246586
-0.010903844
-0.010561103
-0.010218361
-0.011246586
-0.010903844
-0.010561103
-0.010218361
-0.011246586
-0.010903844
-0.010561103
-0.010218361
-0.011246586
-0.010903844
-0.010561103
-0.010218361
-0.011246586
-0.010903844
-0.010561103
-0.010218361
-0.011246586
-0.010903844
-0.010561103
-0.010218361
-0.011246586
-0.010903844
-0.010561103
-0.010218361
-0.011246586
-0.010903844
-0.010561103
-0.010218361
-0.011246586
-0.010903844
-0.010561103
-0.010218361
-0.010000689
-0.0096601798
-0.0093196711
-0.0089791624
-0.010000689
-0.0096601798
-0.0093196711
-0.0089791624
-0.010000689
-0.0096601798
-0.0093196711
-0.0089791624
-0.010000689
-0.0096601798
-0.0093196711
-0.0089791624
-0.010000689
-0.0096601798
-0.0093196711
-0.0089791624
-0.010000689
-0.0096601798
-0.0093196711
-0.0089791624
-0.010000689
-0.0096601798
-0.0093196711
-0.0089791624
-0.010000689
-0.0096601798
-0.0093196711
-0.0089791624
-0.010000689
-0.0096601798
-0.0093196711
-0.0089791624
-0.010000689
-0.0096601798
-0.0093196711
-0.0089791624
-0.010000689
-0.0096601798
-0.0093196711
-0.0089791624
-0.010000689
-0.0096601798
-0.0093196711
-0.0089791624
-0.010000689
-0.0096601798
-0.0093196711
-0.0089791624
-0.010000689
-0.0096601798
-0.0093196711
-0.0089791624
-0.010000689
-0.0096601798
-0.0093196711
-0.0089791624
-0.010000689
-0.0096601798
-0.0093196711
-0.0089791624
-0.010000689
-0.0096601798
-0.0093196711
-0.0089791624
-0.010000689
-0.0096601798
-0.0093196711
-0.0089791624
-0.010000689
-0.0096601798
-0.0093196711
-0.0089791624
-0.010000689
-0.0096601798
-0.0093196711
-0.0089791624
-0.010000689
-0.0096601798
-0.0093196711
-0.0089791624
-0.010000689
-0.0096601798
-0.0093196711
-0.0089791624
-0.010000689
-0.0096601798
-0.0093196711
-0.0089791624
-0.010000689
-0.0096601798
-0.0093196711
-0.0089791624
-0.0087547912
-0.0084165153
-0.0080782394
-0.0077399635
-0.0087547912
-0.0084165153
-0.0080782394
-0.0077399635
-0.0087547912
-0.0084165153
-0.0080782394
-0.0077399635
-0.0087547912
-0.0084165153
-0.0080782394
-0.0077399635
-0.0087547912
-0.0084165153
-0.0080782394
-0.0077399635
-0.0087547912
-0.0084165153
-0.0080782394
-0.0077399635
-0.0087547912
-0.0084165153
-0.0080782394
-0.0077399635
-0.0087547912
-0.0084165153
-0.0080782394
-0.0077399635
-0.0087547912
-0.0084165153
-0.0080782394
-0.0077399635
-0.0087547912
-0.0084165153
-0.0080782394
-0.0077399635
-0.0087547912
-0.0084165153
-0.0080782394
-0.0077399635
-0.0087547912
-0.0084165153
-0.0080782394
-0.0077399635
-0.0087547912
-0.0084165153
-0.0080782394
-0.0077399635
-0.0087547912
-0.0084165153
-0.0080782394
-0.0077399635
-0.0087547912
-0.0084165153
-0.0080782394
-0.0077399635
-0.0087547912
-0.0084165153
-0.0080782394
-0.0077399635
-0.0087547912
-0.0084165153
-0.0080782394
-0.0077399635
-0.0087547912
-0.0084165153
-0.0080782394
-0.0077399635
-0.0087547912
-0.0084165153
-0.0080782394
-0.0077399635
-0.0087547912
-0.0084165153
-0.0080782394
-0.0077399635
-0.0087547912
-0.0084165153
-0.0080782394
-0.0077399635
-0.0087547912
-0.0084165153
-0.0080782394
-0.0077399635
-0.0087547912
-0.0084165153
-0.0080782394
-0.0077399635
-0.0087547912
-0.0084165153
-0.0080782394
-0.0077399635
-0.0075088939
-0.0071728509
-0.0068368078
-0.0065007647
-0.0075088939
-0.0071728509
-0.0068368078
-0.0065007647
-0.0075088939
-0.0071728509
-0.0068368078
-0.0065007647
-0.0075088939
-0.0071728509
-0.0068368078
-0.0065007647
-0.0075088939
-0.0071728509
-0.0068368078
-0.0065007647
-0.0075088939
-0.0071728509
-0.0068368078
-0.0065007647
-0.0075088939
-0.0071728509
-0.0068368078
-0.0065007647
-0.0075088939
-0.0071728509
-0.0068368078
-0.0065007647
-0.0075088939
-0.0071728509
-0.0068368078
-0.0065007647
-0.0075088939
-0.0071728509
-0.0068368078
-0.0065007647
-0.0075088939
-0.0071728509
-0.0068368078
-0.0065007647
-0.0075088939
-0.0071728509
-0.0068368078
-0.0065007647
-0.0075088939
-0.0071728509
-0.0068368078
-0.0065007647
-0.0075088939
-0.0071728509
-0.0068368078
-0.0065007647
-0.0075088939
-0.0071728509
-0.0068368078
-0.0065007647
-0.0075088939
-0.0071728509
-0.0068368078
-0.0065007647
-0.0075088939
-0.0071728509
-0.0068368078
-0.0065007647
-0.0075088939
-0.0071728509
-0.0068368078
-0.0065007647
-0.0075088939
-0.0071728509
-0.0068368078
-0.0065007647
-0.0075088939
-0.0071728509
-0.0068368078
-0.0065007647
-0.0075088939
-0.0071728509
-0.0068368078
-0.0065007647
-0.0075088939
-0.0071728509
-0.0068368078
-0.0065007647
-0.0075088939
-0.0071728509
-0.0068368078
-0.0065007647
-0.0075088939
-0.0071728509
-0.0068368078
-0.0065007647
-0.0062629967
-0.0059291865
-0.0055953762
-0.005261566
-0.0062629967
-0.0059291865
-0.0055953762
-0.005261566
-0.0062629967
-0.0059291865
-0.0055953762
-0.005261566
-0.0062629967
-0.0059291865
-0.0055953762
-0.005261566
-0.0062629967
-0.0059291865
-0.0055953762
-0.005261566
-0.0062629967
-0.0059291865
-0.0055953762
-0.005261566
-0.0062629967
-0.0059291865
-0.0055953762
-0.005261566
-0.0062629967
-0.0059291865
-0.0055953762
-0.005261566
-0.0062629967
-0.0059291865
-0.0055953762
-0.005261566
-0.0062629967
-0.0059291865
-0.0055953762
-0.005261566
-0.0062629967
-0.0059291865
-0.0055953762
-0.005261566
-0.0062629967
-0.0059291865
-0.0055953762
-0.005261566
-0.0062629967
-0.0059291865
-0.0055953762
-0.005261566
-0.0062629967
-0.0059291865
-0.0055953762
-0.005261566
-0.0062629967
-0.0059291865
-0.0055953762
-0.005261566
-0.0062629967
-0.0059291865
-0.0055953762
-0.005261566
-0.0062629967
-0.0059291865
-0.0055953762
-0.005261566
-0.0062629967
-0.0059291865
-0.0055953762
-0.005261566
-0.0062629967
-0.0059291865
-0.0055953762
-0.005261566
-0.0062629967
-0.0059291865
-0.0055953762
-0.005261566
-0.0062629967
-0.0059291865
-0.0055953762
-0.005261566
-0.0062629967
-0.0059291865
-0.0055953762
-0.005261566
-0.0062629967
-0.0059291865
-0.0055953762
-0.005261566
-0.0062629967
-0.0059291865
-0.0055953762
-0.005261566
-0.0050170995
-0.0046855221
-0.0043539447
-0.0040223673
-0.0050170995
-0.0046855221
-0.0043539447
-0.0040223673
-0.0050170995
-0.0046855221
-0.0043539447
-0.0040223673
-0.0050170995
-0.0046855221
-0.0043539447
-0.0040223673
-0.0050170995
-0.0046855221
-0.0043539447
-0.0040223673
-0.0050170995
-0.0046855221
-0.0043539447
-0.0040223673
-0.0050170995
-0.0046855221
-0.0043539447
-0.0040223673
-0.0050170995
-0.0046855221
-0.0043539447
-0.0040223673
-0.0050170995
-0.0046855221
-0.0043539447
-0.0040223673
-0.0050170995
-0.0046855221
-0.0043539447
-0.0040223673
-0.0050170995
-0.0046855221
-0.0043539447
-0.0040223673
-0.0050170995
-0.0046855221
-0.0043539447
-0.0040223673
-0.0050170995
-0.0046855221
-0.0043539447
-0.0040223673
-0.0050170995
-0.0046855221
-0.0043539447
-0.0040223673
-0.0050170995
-0.0046855221
-0.0043539447
-0.0040223673
-0.0050170995
-0.0046855221
-0.0043539447
-0.0040223673
-0.0050170995
-0.0046855221
-0.0043539447
-0.0040223673
-0.0050170995
-0.0046855221
-0.0043539447
-0.0040223673
-0.0050170995
-0.0046855221
-0.0043539447
-0.0040223673
-0.0050170995
-0.0046855221
-0.0043539447
-0.0040223673
-0.0050170995
-0.0046855221
-0.0043539447
-0.0040223673
-0.0050170995
-0.0046855221
-0.0043539447
-0.0040223673
-0.0050170995
-0.0046855221
-0.0043539447
-0.0040223673
-0.0050170995
-0.0046855221
-0.0043539447
-0.0040223673
-0.0037712024
-0.0034418578
-0.0031125132
-0.0027831686
-0.0037712024
-0.0034418578
-0.0031125132
-0.0027831686
-0.0037712024
-0.0034418578
-0.0031125132
-0.0027831686
-0.0037712024
-0.0034418578
-0.0031125132
-0.0027831686
-0.0037712024
-0.0034418578
-0.0031125132
-0.0027831686
-0.0037712024
-0.0034418578
-0.0031125132
-0.0027831686
-0.0037712024
-0.0034418578
-0.0031125132
-0.0027831686
-0.0037712024
-0.0034418578
-0.0031125132
-0.0027831686
-0.0037712024
-0.0034418578
-0.0031125132
-0.0027831686
-0.0037712024
-0.0034418578
-0.0031125132
-0.0027831686
-0.0037712024
-0.0034418578
-0.0031125132
-0.0027831686
-0.0037712024
-0.0034418578
-0.0031125132
-0.0027831686
-0.0037712024
-0.0034418578
-0.0031125132
-0.0027831686
-0.0037712024
-0.0034418578
-0.0031125132
-0.0027831686
-0.0037712024
-0.0034418578
-0.0031125132
-0.0027831686
-0.0037712024
-0.0034418578
-0.0031125132
-0.0027831686
-0.0037712024
-0.0034418578
-0.0031125132
-0.0027831686
-0.0037712024
-0.0034418578
-0.0031125132
-0.0027831686
-0.0037712024
-0.0034418578
-0.0031125132
-0.0027831686
-0.0037712024
-0.0034418578
-0.0031125132
-0.0027831686
-0.0037712024
-0.0034418578
-0.0031125132
-0.0027831686
-0.0037712024
-0.0034418578
-0.0031125132
-0.0027831686
-0.0037712024
-0.0034418578
-0.0031125132
-0.0027831686
-0.0037712024
-0.0034418578
-0.0031125132
-0.0027831686
-0.0025253054
-0.0021981936
-0.0018710819
-0.0015439701
-0.0025253054
-0.0021981936
-0.0018710819
-0.0015439701
-0.0025253054
-0.0021981936
-0.0018710819
-0.0015439701
-0.0025253054
-0.0021981936
-0.0018710819
-0.0015439701
-0.0025253054
-0.0021981936
-0.0018710819
-0.0015439701
-0.0025253054
-0.0021981936
-0.0018710819
-0.0015439701
-0.0025253054
-0.0021981936
-0.0018710819
-0.0015439701
-0.0025253054
-0.0021981936
-0.0018710819
-0.0015439701
-0.0025253054
-0.0021981936
-0.0018710819
-0.0015439701
-0.0025253054
-0.0021981936
-0.0018710819
-0.0015439701
-0.0025253054
-0.0021981936
-0.0018710819
-0.0015439701
-0.0025253054
-0.0021981936
-0.0018710819
-0.0015439701
-0.0025253054
-0.0021981936
-0.0018710819
-0.0015439701
-0.0025253054
-0.0021981936
-0.0018710819
-0.0015439701
-0.0025253054
-0.0021981936
-0.0018710819
-0.0015439701
-0.0025253054
-0.0021981936
-0.0018710819
-0.0015439701
-0.0025253054
-0.0021981936
-0.0018710819
-0.0015439701
-0.0025253054
-0.0021981936
-0.0018710819
-0.0015439701
-0.0025253054
-0.0021981936
-0.0018710819
-0.0015439701
-0.0025253054
-0.0021981936
-0.0018710819
-0.0015439701
-0.0025253054
-0.0021981936
-0.0018710819
-0.0015439701
-0.0025253054
-0.0021981936
-0.0018710819
-0.0015439701
-0.0025253054
-0.0021981936
-0.0018710819
-0.0015439701
-0.0025253054
-0.0021981936
-0.0018710819
-0.0015439701
-0.0012794084
-0.00095452948
-0.00062965053
-0.00030477159
-0.0012794084
-0.00095452948
-0.00062965053
-0.00030477159
-0.0012794084
-0.00095452948
-0.00062965053
-0.00030477159
-0.0012794084
-0.00095452948
-0.00062965053
-0.00030477159
-0.0012794084
-0.00095452948
-0.00062965053
-0.00030477159
-0.0012794084
-0.00095452948
-0.00062965053
-0.00030477159
-0.0012794084
-0.00095452948
-0.00062965053
-0.00030477159
-0.0012794084
-0.00095452948
-0.00062965053
-0.00030477159
-0.0012794084
-0.00095452948
-0.00062965053
-0.00030477159
-0.0012794084
-0.00095452948
-0.00062965053
-0.00030477159
-0.0012794084
-0.00095452948
-0.00062965053
-0.00030477159
-0.0012794084
-0.00095452948
-0.00062965053
-0.00030477159
-0.0012794084
-0.00095452948
-0.00062965053
-0.00030477159
-0.0012794084
-0.00095452948
-0.00062965053
-0.00030477159
-0.0012794084
-0.00095452948
-0.00062965053
-0.00030477159
-0.0012794084
-0.00095452948
-0.00062965053
-0.00030477159
-0.0012794084
-0.00095452948
-0.00062965053
-0.00030477159
-0.0012794084
-0.00095452948
-0.00062965053
-0.00030477159
-0.0012794084
-0.00095452948
-0.00062965053
-0.00030477159
-0.0012794084
-0.00095452948
-0.00062965053
-0.00030477159
-0.0012794084
-0.00095452948
-0.00062965053
-0.00030477159
-0.0012794084
-0.00095452948
-0.00062965053
-0.00030477159
-0.0012794084
-0.00095452948
-0.00062965053
-0.00030477159
-0.0012794084
-0.00095452948
-0.00062965053
-0.00030477159
-3.35115e-05
0.00028913461
0.00061178073
0.00093442685
-3.3511499e-05
0.00028913461
0.00061178073
0.00093442685
-3.35115e-05
0.00028913461
0.00061178073
0.00093442685
-3.3511499e-05
0.00028913461
0.00061178073
0.00093442685
-3.35115e-05
0.00028913461
0.00061178073
0.00093442685
-3.35115e-05
0.00028913461
0.00061178073
0.00093442685
-3.35115e-05
0.00028913461
0.00061178073
0.00093442685
-3.35115e-05
0.00028913461
0.00061178073
0.00093442685
-3.35115e-05
0.00028913461
0.00061178073
0.00093442685
-3.35115e-05
0.00028913461
0.00061178073
0.00093442685
-3.35115e-05
0.00028913461
0.00061178073
0.00093442685
-3.35115e-05
0.00028913461
0.00061178073
0.00093442685
-3.3511499e-05
0.00028913461
0.00061178073
0.00093442685
-3.35115e-05
0.00028913461
0.00061178073
0.00093442685
-3.3511499e-05
0.00028913461
0.00061178073
0.00093442685
-3.35115e-05
0.00028913461
0.00061178073
0.00093442685
-3.35115e-05
0.00028913461
0.00061178073
0.00093442685
-3.3511499e-05
0.00028913461
0.00061178073
0.00093442685
-3.35115e-05
0.00028913461
0.00061178073
0.00093442685
-3.35115e-05
0.00028913461
0.00061178073
0.00093442685
-3.3511499e-05
0.00028913461
0.00061178073
0.00093442685
-3.35115e-05
0.00028913461
0.00061178073
0.00093442685
-3.35115e-05
0.00028913461
0.00061178073
0.00093442685
-3.3511499e-05
0.00028913461
0.00061178073
0.00093442685
0.0012123854
0.0015327986
0.0018532119
0.0021736252
0.0012123854
0.0015327986
0.0018532119
0.0021736252
0.0012123854
0.0015327986
0.0018532119
0.0021736252
0.0012123854
0.0015327986
0.0018532119
0.0021736252
0.0012123854
0.0015327986
0.0018532119
0.0021736252
0.0012123854
0.0015327986
0.0018532119
0.0021736252
0.0012123854
0.0015327986
0.0018532119
0.0021736252
0.0012123854
0.0015327986
0.0018532119
0.0021736252
0.0012123854
0.0015327986
0.0018532119
0.0021736252
0.0012123854
0.0015327986
0.0018532119
0.0021736252
0.0012123854
0.0015327986
0.0018532119
0.0021736252
0.0012123854
0.0015327986
0.0018532119
0.0021736252
0.0012123854
0.0015327986
0.0018532119
0.0021736252
0.0012123854
0.0015327986
0.0018532119
0.0021736252
0.0012123854
0.0015327986
0.0018532119
0.0021736252
0.0012123854
0.0015327986
0.0018532119
0.0021736252
0.0012123854
0.0015327986
0.0018532119
0.0021736252
0.0012123854
0.0015327986
0.0018532119
0.0021736252
0.0012123854
0.0015327986
0.0018532119
0.0021736252
0.0012123854
0.0015327986
0.0018532119
0.0021736252
0.0012123854
0.0015327986
0.0018532119
0.0021736252
0.0012123854
0.0015327986
0.0018532119
0.0021736252
0.0012123854
0.0015327986
0.0018532119
0.0021736252
0.0012123854
0.0015327986
0.0018532119
0.0021736252
0.0024582821
0.0027764626
0.0030946431
0.0034128235
0.0024582821
0.0027764626
0.0030946431
0.0034128235
0.0024582821
0.0027764626
0.0030946431
0.0034128235
0.0024582821
0.0027764626
0.0030946431
0.0034128235
0.0024582821
0.0027764626
0.0030946431
0.0034128235
0.0024582821
0.0027764626
0.0030946431
0.0034128235
0.0024582821
0.0027764626
0.0030946431
0.0034128235
0.0024582821
0.0027764626
0.0030946431
0.0034128235
0.0024582821
0.0027764626
0.0030946431
0.0034128235
0.0024582821
0.0027764626
0.0030946431
0.0034128235
0.0024582821
0.0027764626
0.0030946431
0.0034128235
0.0024582821
0.0027764626
0.0030946431
0.0034128235
0.0024582821
0.0027764626
0.0030946431
0.0034128235
0.0024582821
0.0027764626
0.0030946431
0.0034128235
0.0024582821
0.0027764626
0.0030946431
0.0034128235
0.0024582821
0.0027764626
0.0030946431
0.0034128235
0.0024582821
0.0027764626
0.0030946431
0.0034128235
0.0024582821
0.0027764626
0.0030946431
0.0034128235
0.0024582821
0.0027764626
0.0030946431
0.0034128235
0.0024582821
0.0027764626
0.0030946431
0.0034128235
0.0024582821
0.0027764626
0.0030946431
0.0034128235
0.0024582821
0.0027764626
0.0030946431
0.0034128235
0.0024582821
0.0027764626
0.0030946431
0.0034128235
0.0024582821
0.0027764626
0.0030946431
0.0034128235
0.0037041789
0.0040201265
0.0043360741
0.0046520218
0.0037041789
0.0040201265
0.0043360741
0.0046520218
0.0037041789
0.0040201265
0.0043360741
0.0046520218
0.0037041789
0.0040201265
0.0043360741
0.0046520218
0.0037041789
0.0040201265
0.0043360741
0.0046520218
0.0037041789
0.0040201265
0.0043360741
0.0046520218
0.0037041789
0.0040201265
0.0043360741
0.0046520218
0.0037041789
0.0040201265
0.0043360741
0.0046520218
0.0037041789
0.0040201265
0.0043360741
0.0046520218
0.0037041789
0.0040201265
0.0043360741
0.0046520218
0.0037041789
0.0040201265
0.0043360741
0.0046520218
0.0037041789
0.0040201265
0.0043360741
0.0046520218
0.0037041789
0.0040201265
0.0043360741
0.0046520218
0.0037041789
0.0040201265
0.0043360741
0.0046520218
0.0037041789
0.0040201265
0.0043360741
0.0046520218
0.0037041789
0.0040201265
0.0043360741
0.0046520218
0.0037041789
0.0040201265
0.0043360741
0.0046520218
0.0037041789
0.0040201265
0.0043360741
0.0046520218
0.0037041789
0.0040201265
0.0043360741
0.0046520218
0.0037041789
0.0040201265
0.0043360741
0.0046520218
0.0037041789
0.0040201265
0.0043360741
0.0046520218
0.0037041789
0.0040201265
0.0043360741
0.0046520218
0.0037041789
0.0040201265
0.0043360741
0.0046520218
0.0037041789
0.0040201265
0.0043360741
0.0046520218
0.0049500755
0.0052637903
0.0055775051
0.0058912199
0.0049500755
0.0052637903
0.0055775051
0.0058912199
0.0049500755
0.0052637903
0.0055775051
0.0058912199
0.0049500755
0.0052637903
0.0055775051
0.0058912199
0.0049500755
0.0052637903
0.0055775051
0.0058912199
0.0049500755
0.0052637903
0.0055775051
0.0058912199
0.0049500755
0.0052637903
0.0055775051
0.0058912199
0.0049500755
0.0052637903
0.0055775051
0.0058912199
0.0049500755
0.0052637903
0.0055775051
0.0058912199
0.0049500755
0.0052637903
0.0055775051
0.0058912199
0.0049500755
0.0052637903
0.0055775051
0.0058912199
0.0049500755
0.0052637903
0.0055775051
0.0058912199
0.0049500755
0.0052637903
0.0055775051
0.0058912199
0.0049500755
0.0052637903
0.0055775051
0.0058912199
0.0049500755
0.0052637903
0.0055775051
0.0058912199
0.0049500755
0.0052637903
0.0055775051
0.0058912199
0.0049500755
0.0052637903
0.0055775051
0.0058912199
0.0049500755
0.0052637903
0.0055775051
0.0058912199
0.0049500755
0.0052637903
0.0055775051
0.0058912199
0.0049500755
0.0052637903
0.0055775051
0.0058912199
0.0049500755
0.0052637903
0.0055775051
0.0058912199
0.0049500755
0.0052637903
0.0055775051
0.0058912199
0.0049500755
0.0052637903
0.0055775051
0.0058912199
0.0049500755
0.0052637903
0.0055775051
0.0058912199
0.0061959721
0.0065074541
0.006818936
0.007130418
0.0061959721
0.0065074541
0.006818936
0.007130418
0.0061959721
0.0065074541
0.006818936
0.007130418
0.0061959721
0.0065074541
0.006818936
0.007130418
0.0061959721
0.0065074541
0.006818936
0.007130418
0.0061959721
0.0065074541
0.006818936
0.007130418
0.0061959721
0.0065074541
0.006818936
0.007130418
0.0061959721
0.0065074541
0.006818936
0.007130418
0.0061959721
0.0065074541
0.006818936
0.007130418
0.0061959721
0.0065074541
0.006818936
0.007130418
0.0061959721
0.0065074541
0.006818936
0.007130418
0.0061959721
0.0065074541
0.006818936
0.007130418
0.0061959721
0.0065074541
0.006818936
0.007130418
0.0061959721
0.0065074541
0.006818936
0.007130418
0.0061959721
0.0065074541
0.006818936
0.007130418
0.0061959721
0.0065074541
0.006818936
0.007130418
0.0061959721
0.0065074541
0.006818936
0.007130418
0.0061959721
0.0065074541
0.006818936
0.007130418
0.0061959721
0.0065074541
0.006818936
0.007130418
0.0061959721
0.0065074541
0.006818936
0.007130418
0.0061959721
0.0065074541
0.006818936
0.007130418
0.0061959721
0.0065074541
0.006818936
0.007130418
0.0061959721
0.0065074541
0.006818936
0.007130418
0.0061959721
0.0065074541
0.006818936
0.007130418
0.0074418686
0.0077511177
0.0080603669
0.0083696161
0.0074418686
0.0077511177
0.0080603669
0.0083696161
0.0074418686
0.0077511177
0.0080603669
0.0083696161
0.0074418686
0.0077511177
0.0080603669
0.0083696161
0.0074418686
0.0077511177
0.0080603669
0.0083696161
0.0074418686
0.0077511177
0.0080603669
0.0083696161
0.0074418686
0.0077511177
0.0080603669
0.0083696161
0.0074418686
0.0077511177
0.0080603669
0.0083696161
0.0074418686
0.0077511177
0.0080603669
0.0083696161
0.0074418686
0.0077511177
0.0080603669
0.0083696161
0.0074418686
0.0077511177
0.0080603669
0.0083696161
0.0074418686
0.0077511177
0.0080603669
0.0083696161
0.0074418686
0.0077511177
0.0080603669
0.0083696161
0.0074418686
0.0077511177
0.0080603669
0.0083696161
0.0074418686
0.0077511177
0.0080603669
0.0083696161
0.0074418686
0.0077511177
0.0080603669
0.0083696161
0.0074418686
0.0077511177
0.0080603669
0.0083696161
0.0074418686
0.0077511177
0.0080603669
0.0083696161
0.0074418686
0.0077511177
0.0080603669
0.0083696161
0.0074418686
0.0077511177
0.0080603669
0.0083696161
0.0074418686
0.0077511177
0.0080603669
0.0083696161
0.0074418686
0.0077511177
0.0080603669
0.0083696161
0.0074418686
0.0077511177
0.0080603669
0.0083696161
0.0074418686
0.0077511177
0.0080603669
0.0083696161
0.008687765
0.0089947813
0.0093017977
0.009608814
0.008687765
0.0089947813
0.0093017977
0.009608814
0.008687765
0.0089947813
0.0093017977
0.009608814
0.008687765
0.0089947813
0.0093017977
0.009608814
0.008687765
0.0089947813
0.0093017977
0.009608814
0.008687765
0.0089947813
0.0093017977
0.009608814
0.008687765
0.0089947813
0.0093017977
0.009608814
0.008687765
0.0089947813
0.0093017977
0.009608814
0.008687765
0.0089947813
0.0093017977
0.009608814
0.008687765
0.0089947813
0.0093017977
0.009608814
0.008687765
0.0089947813
0.0093017977
0.009608814
0.008687765
0.0089947813
0.0093017977
0.009608814
0.008687765
0.0089947813
0.0093017977
0.009608814
0.008687765
0.0089947813
0.0093017977
0.009608814
0.008687765
0.0089947813
0.0093017977
0.009608814
0.008687765
0.0089947813
0.0093017977
0.009608814
0.008687765
0.0089947813
0.0093017977
0.009608814
0.008687765
0.0089947813
0.0093017977
0.009608814
0.008687765
0.0089947813
0.0093017977
0.009608814
0.008687765
0.0089947813
0.0093017977
0.009608814
0.008687765
0.0089947813
0.0093017977
0.009608814
0.008687765
0.0089947813
0.0093017977
0.009608814
0.008687765
0.0089947813
0.0093017977
0.009608814
0.008687765
0.0089947813
0.0093017977
0.009608814
0.0099336614
0.010238445
0.010543228
0.010848012
0.0099336614
0.010238445
0.010543228
0.010848012
0.0099336614
0.010238445
0.010543228
0.010848012
0.0099336614
0.010238445
0.010543228
0.010848012
0.0099336614
0.010238445
0.010543228
0.010848012
0.0099336614
0.010238445
0.010543228
0.010848012
0.0099336614
0.010238445
0.010543228
0.010848012
0.0099336614
0.010238445
0.010543228
0.010848012
0.0099336614
0.010238445
0.010543228
0.010848012
0.0099336614
0.010238445
0.010543228
0.010848012
0.0099336614
0.010238445
0.010543228
0.010848012
0.0099336614
0.010238445
0.010543228
0.010848012
0.0099336614
0.010238445
0.010543228
0.010848012
0.0099336614
0.010238445
0.010543228
0.010848012
0.0099336614
0.010238445
0.010543228
0.010848012
0.0099336614
0.010238445
0.010543228
0.010848012
0.0099336614
0.010238445
0.010543228
0.010848012
0.0099336614
0.010238445
0.010543228
0.010848012
0.0099336614
0.010238445
0.010543228
0.010848012
0.0099336614
0.010238445
0.010543228
0.010848012
0.0099336614
0.010238445
0.010543228
0.010848012
0.0099336614
0.010238445
0.010543228
0.010848012
0.0099336614
0.010238445
0.010543228
0.010848012
0.0099336614
0.010238445
0.010543228
0.010848012
0.011179558
0.011482108
0.011784659
0.01208721
0.011179558
0.011482108
0.011784659
0.01208721
0.011179558
0.011482108
0.011784659
0.01208721
0.011179558
0.011482108
0.011784659
0.01208721
0.011179558
0.011482108
0.011784659
0.01208721
0.011179558
0.011482108
0.011784659
0.01208721
0.011179558
0.011482108
0.011784659
0.01208721
0.011179558
0.011482108
0.011784659
0.01208721
0.011179558
0.011482108
0.011784659
0.01208721
0.011179558
0.011482108
0.011784659
0.01208721
0.011179558
0.011482108
0.011784659
0.01208721
0.011179558
0.011482108
0.011784659
0.01208721
0.011179558
0.011482108
0.011784659
0.01208721
0.011179558
0.011482108
0.011784659
0.01208721
0.011179558
0.011482108
0.011784659
0.01208721
0.011179558
0.011482108
0.011784659
0.01208721
0.011179558
0.011482108
0.011784659
0.01208721
0.011179558
0.011482108
0.011784659
0.01208721
0.011179558
0.011482108
0.011784659
0.01208721
0.011179558
0.011482108
0.011784659
0.01208721
0.011179558
0.011482108
0.011784659
0.01208721
0.011179558
0.011482108
0.011784659
0.01208721
0.011179558
0.011482108
0.011784659
0.01208721
0.011179558
0.011482108
0.011784659
0.01208721
0.012425454
0.012725772
0.01302609
0.013326407
0.012425454
0.012725772
0.01302609
0.013326407
0.012425454
0.012725772
0.01302609
0.013326407
0.012425454
0.012725772
0.01302609
0.013326407
0.012425454
0.012725772
0.01302609
0.013326407
0.012425454
0.012725772
0.01302609
0.013326407
0.012425454
0.012725772
0.01302609
0.013326407
0.012425454
0.012725772
0.01302609
0.013326407
0.012425454
0.012725772
0.01302609
0.013326407
0.012425454
0.012725772
0.01302609
0.013326407
0.012425454
0.012725772
0.01302609
0.013326407
0.012425454
0.012725772
0.01302609
0.013326407
0.012425454
0.012725772
0.01302609
0.013326407
0.012425454
0.012725772
0.01302609
0.013326407
0.012425454
0.012725772
0.01302609
0.013326407
0.012425454
0.012725772
0.01302609
0.013326407
0.012425454
0.012725772
0.01302609
0.013326407
0.012425454
0.012725772
0.01302609
0.013326407
0.012425454
0.012725772
0.01302609
0.013326407
0.012425454
0.012725772
0.01302609
0.013326407
0.012425454
0.012725772
0.01302609
0.013326407
0.012425454
0.012725772
0.01302609
0.013326407
0.012425454
0.012725772
0.01302609
0.013326407
0.012425454
0.012725772
0.01302609
0.013326407
0.01367135
0.013969435
0.01426752
0.014565605
0.01367135
0.013969435
0.01426752
0.014565605
0.01367135
0.013969435
0.01426752
0.014565605
0.01367135
0.013969435
0.01426752
0.014565605
0.01367135
0.013969435
0.01426752
0.014565605
0.01367135
0.013969435
0.01426752
0.014565605
0.01367135
0.013969435
0.01426752
0.014565605
0.01367135
0.013969435
0.01426752
0.014565605
0.01367135
0.013969435
0.01426752
0.014565605
0.01367135
0.013969435
0.01426752
0.014565605
0.01367135
0.013969435
0.01426752
0.014565605
0.01367135
0.013969435
0.01426752
0.014565605
0.01367135
0.013969435
0.01426752
0.014565605
0.01367135
0.013969435
0.01426752
0.014565605
0.01367135
0.013969435
0.01426752
0.014565605
0.01367135
0.013969435
0.01426752
0.014565605
0.01367135
0.013969435
0.01426752
0.014565605
0.01367135
0.013969435
0.01426752
0.014565605
0.01367135
0.013969435
0.01426752
0.014565605
0.01367135
0.013969435
0.01426752
0.014565605
0.01367135
0.013969435
0.01426752
0.014565605
0.01367135
0.013969435
0.01426752
0.014565605
0.01367135
0.013969435
0.01426752
0.014565605
0.01367135
0.013969435
0.01426752
0.014565605
0.014917246
0.015213098
0.01550895
0.015804803
0.014917246
0.015213098
0.01550895
0.015804803
0.014917246
0.015213098
0.01550895
0.015804803
0.014917246
0.015213098
0.01550895
0.015804803
0.014917246
0.015213098
0.01550895
0.015804803
0.014917246
0.015213098
0.01550895
0.015804803
0.014917246
0.015213098
0.01550895
0.015804803
0.014917246
0.015213098
0.01550895
0.015804803
0.014917246
0.015213098
0.01550895
0.015804803
0.014917246
0.015213098
0.01550895
0.015804803
0.014917246
0.015213098
0.01550895
0.015804803
0.014917246
0.015213098
0.01550895
0.015804803
0.014917246
0.015213098
0.01550895
0.015804803
0.014917246
0.015213098
0.01550895
0.015804803
0.014917246
0.015213098
0.01550895
0.015804803
0.014917246
0.015213098
0.01550895
0.015804803
0.014917246
0.015213098
0.01550895
0.015804803
0.014917246
0.015213098
0.01550895
0.015804803
0.014917246
0.015213098
0.01550895
0.015804803
0.014917246
0.015213098
0.01550895
0.015804803
0.014917246
0.015213098
0.01550895
0.015804803
0.014917246
0.015213098
0.01550895
0.015804803
0.014917246
0.015213098
0.01550895
0.015804803
0.014917246
0.015213098
0.01550895
0.015804803
-0.012234738
-0.011657901
-0.011081063
-0.010504225
-0.012234738
-0.011657901
-0.011081063
-0.010504225
-0.012234738
-0.011657901
-0.011081063
-0.010504225
-0.012234738
-0.011657901
-0.011081063
-0.010504225
-0.012234738
-0.011657901
-0.011081063
-0.010504225
-0.012234738
-0.011657901
-0.011081063
-0.010504225
-0.012234738
-0.011657901
-0.011081063
-0.010504225
-0.012234738
-0.011657901
-0.011081063
-0.010504225
-0.012234738
-0.011657901
-0.011081063
-0.010504225
-0.012234738
-0.011657901
-0.011081063
-0.010504225
-0.012234738
-0.011657901
-0.011081063
-0.010504225
-0.012234738
-0.011657901
-0.011081063
-0.010504225
-0.012234738
-0.011657901
-0.011081063
-0.010504225
-0.012234738
-0.011657901
-0.011081063
-0.010504225
-0.012234738
-0.011657901
-0.011081063
-0.010504225
-0.012234738
-0.011657901
-0.011081063
-0.010504225
-0.012234738
-0.011657901
-0.011081063
-0.010504225
-0.012234738
-0.011657901
-0.011081063
-0.010504225
-0.012234738
-0.011657901
-0.011081063
-0.010504225
-0.012234738
-0.011657901
-0.011081063
-0.010504225
-0.012234738
-0.011657901
-0.011081063
-0.010504225
-0.012234738
-0.011657901
-0.011081063
-0.010504225
-0.012234738
-0.011657901
-0.011081063
-0.010504225
-0.012234738
-0.011657901
-0.011081063
-0.010504225
-0.010998511
-0.010425382
-0.009852254
-0.0092791258
-0.010998511
-0.010425382
-0.009852254
-0.0092791258
-0.010998511
-0.010425382
-0.009852254
-0.0092791258
-0.010998511
-0.010425382
-0.009852254
-0.0092791258
-0.010998511
-0.010425382
-0.009852254
-0.0092791258
-0.010998511
-0.010425382
-0.009852254
-0.0092791258
-0.010998511
-0.010425382
-0.009852254
-0.0092791258
-0.010998511
-0.010425382
-0.009852254
-0.0092791258
-0.010998511
-0.010425382
-0.009852254
-0.0092791258
-0.010998511
-0.010425382
-0.009852254
-0.0092791258
-0.010998511
-0.010425382
-0.009852254
-0.0092791258
-0.010998511
-0.010425382
-0.009852254
-0.0092791258
-0.010998511
-0.010425382
-0.009852254
-0.0092791258
-0.010998511
-0.010425382
-0.009852254
-0.0092791258
-0.010998511
-0.010425382
-0.009852254
-0.0092791258
-0.010998511
-0.010425382
-0.009852254
-0.0092791258
-0.010998511
-0.010425382
-0.009852254
-0.0092791258
-0.010998511
-0.010425382
-0.009852254
-0.0092791258
-0.010998511
-0.010425382
-0.009852254
-0.0092791258
-0.010998511
-0.010425382
-0.009852254
-0.0092791258
-0.010998511
-0.010425382
-0.009852254
-0.0092791258
-0.010998511
-0.010425382
-0.009852254
-0.0092791258
-0.010998511
-0.010425382
-0.009852254
-0.0092791258
-0.010998511
-0.010425382
-0.009852254
-0.0092791258
-0.0097622828
-0.0091928641
-0.0086234454
-0.0080540266
-0.0097622828
-0.0091928641
-0.0086234454
-0.0080540266
-0.0097622828
-0.0091928641
-0.0086234454
-0.0080540266
-0.0097622828
-0.0091928641
-0.0086234454
-0.0080540266
-0.0097622828
-0.0091928641
-0.0086234454
-0.0080540266
-0.0097622828
-0.0091928641
-0.0086234454
-0.0080540266
-0.0097622828
-0.0091928641
-0.0086234454
-0.0080540266
-0.0097622828
-0.0091928641
-0.0086234454
-0.0080540266
-0.0097622828
-0.0091928641
-0.0086234454
-0.0080540266
-0.0097622828
-0.0091928641
-0.0086234454
-0.0080540266
-0.0097622828
-0.0091928641
-0.0086234454
-0.0080540266
-0.0097622828
-0.0091928641
-0.0086234454
-0.0080540266
-0.0097622828
-0.0091928641
-0.0086234454
-0.0080540266
-0.0097622828
-0.0091928641
-0.0086234454
-0.0080540266
-0.0097622828
-0.0091928641
-0.0086234454
-0.0080540266
-0.0097622828
-0.0091928641
-0.0086234454
-0.0080540266
-0.0097622828
-0.0091928641
-0.0086234454
-0.0080540266
-0.0097622828
-0.0091928641
-0.0086234454
-0.0080540266
-0.0097622828
-0.0091928641
-0.0086234454
-0.0080540266
-0.0097622828
-0.0091928641
-0.0086234454
-0.0080540266
-0.0097622828
-0.0091928641
-0.0086234454
-0.0080540266
-0.0097622828
-0.0091928641
-0.0086234454
-0.0080540266
-0.0097622828
-0.0091928641
-0.0086234454
-0.0080540266
-0.0097622828
-0.0091928641
-0.0086234454
-0.0080540266
-0.0085260551
-0.0079603459
-0.0073946367
-0.0068289276
-0.0085260551
-0.0079603459
-0.0073946367
-0.0068289276
-0.0085260551
-0.0079603459
-0.0073946367
-0.0068289276
-0.0085260551
-0.0079603459
-0.0073946367
-0.0068289276
-0.0085260551
-0.0079603459
-0.0073946367
-0.0068289276
-0.0085260551
-0.0079603459
-0.0073946367
-0.0068289276
-0.0085260551
-0.0079603459
-0.0073946367
-0.0068289276
-0.0085260551
-0.0079603459
-0.0073946367
-0.0068289276
-0.0085260551
-0.0079603459
-0.0073946367
-0.0068289276
-0.0085260551
-0.0079603459
-0.0073946367
-0.0068289276
-0.0085260551
-0.0079603459
-0.0073946367
-0.0068289276
-0.0085260551
-0.0079603459
-0.0073946367
-0.0068289276
-0.0085260551
-0.0079603459
-0.0073946367
-0.0068289276
-0.0085260551
-0.0079603459
-0.0073946367
-0.0068289276
-0.0085260551
-0.0079603459
-0.0073946367
-0.0068289276
-0.0085260551
-0.0079603459
-0.0073946367
-0.0068289276
-0.0085260551
-0.0079603459
-0.0073946367
-0.0068289276
-0.0085260551
-0.0079603459
-0.0073946367
-0.0068289276
-0.0085260551
-0.0079603459
-0.0073946367
-0.0068289276
-0.0085260551
-0.0079603459
-0.0073946367
-0.0068289276
-0.0085260551
-0.0079603459
-0.0073946367
-0.0068289276
-0.0085260551
-0.0079603459
-0.0073946367
-0.0068289276
-0.0085260551
-0.0079603459
-0.0073946367
-0.0068289276
-0.0085260551
-0.0079603459
-0.0073946367
-0.0068289276
-0.0072898275
-0.0067278278
-0.0061658282
-0.0056038285
-0.0072898275
-0.0067278278
-0.0061658282
-0.0056038285
-0.0072898275
-0.0067278278
-0.0061658282
-0.0056038285
-0.0072898275
-0.0067278278
-0.0061658282
-0.0056038285
-0.0072898275
-0.0067278278
-0.0061658282
-0.0056038285
-0.0072898275
-0.0067278278
-0.0061658282
-0.0056038285
-0.0072898275
-0.0067278278
-0.0061658282
-0.0056038285
-0.0072898275
-0.0067278278
-0.0061658282
-0.0056038285
-0.0072898275
-0.0067278278
-0.0061658282
-0.0056038285
-0.0072898275
-0.0067278278
-0.0061658282
-0.0056038285
-0.0072898275
-0.0067278278
-0.0061658282
-0.0056038285
-0.0072898275
-0.0067278278
-0.0061658282
-0.0056038285
-0.0072898275
-0.0067278278
-0.0061658282
-0.0056038285
-0.0072898275
-0.0067278278
-0.0061658282
-0.0056038285
-0.0072898275
-0.0067278278
-0.0061658282
-0.0056038285
-0.0072898275
-0.0067278278
-0.0061658282
-0.0056038285
-0.0072898275
-0.0067278278
-0.0061658282
-0.0056038285
-0.0072898275
-0.0067278278
-0.0061658282
-0.0056038285
-0.0072898275
-0.0067278278
-0.0061658282
-0.0056038285
-0.0072898275
-0.0067278278
-0.0061658282
-0.0056038285
-0.0072898275
-0.0067278278
-0.0061658282
-0.0056038285
-0.0072898275
-0.0067278278
-0.0061658282
-0.0056038285
-0.0072898275
-0.0067278278
-0.0061658282
-0.0056038285
-0.0072898275
-0.0067278278
-0.0061658282
-0.0056038285
-0.0060535999
-0.0054953098
-0.0049370197
-0.0043787296
-0.0060535999
-0.0054953098
-0.0049370197
-0.0043787296
-0.0060535999
-0.0054953098
-0.0049370197
-0.0043787296
-0.0060535999
-0.0054953098
-0.0049370197
-0.0043787296
-0.0060535999
-0.0054953098
-0.0049370197
-0.0043787296
-0.0060535999
-0.0054953098
-0.0049370197
-0.0043787296
-0.0060535999
-0.0054953098
-0.0049370197
-0.0043787296
-0.0060535999
-0.0054953098
-0.0049370197
-0.0043787296
-0.0060535999
-0.0054953098
-0.0049370197
-0.0043787296
-0.0060535999
-0.0054953098
-0.0049370197
-0.0043787296
-0.0060535999
-0.0054953098
-0.0049370197
-0.0043787296
-0.0060535999
-0.0054953098
-0.0049370197
-0.0043787296
-0.0060535999
-0.0054953098
-0.0049370197
-0.0043787296
-0.0060535999
-0.0054953098
-0.0049370197
-0.0043787296
-0.0060535999
-0.0054953098
-0.0049370197
-0.0043787296
-0.0060535999
-0.0054953098
-0.0049370197
-0.0043787296
-0.0060535999
-0.0054953098
-0.0049370197
-0.0043787296
-0.0060535999
-0.0054953098
-0.0049370197
-0.0043787296
-0.0060535999
-0.0054953098
-0.0049370197
-0.0043787296
-0.0060535999
-0.0054953098
-0.0049370197
-0.0043787296
-0.0060535999
-0.0054953098
-0.0049370197
-0.0043787296
-0.0060535999
-0.0054953098
-0.0049370197
-0.0043787296
-0.0060535999
-0.0054953098
-0.0049370197
-0.0043787296
-0.0060535999
-0.0054953098
-0.0049370197
-0.0043787296
-0.0048173724
-0.0042627918
-0.0037082112
-0.0031536307
-0.0048173724
-0.0042627918
-0.0037082112
-0.0031536307
-0.0048173724
-0.0042627918
-0.0037082112
-0.0031536307
-0.0048173724
-0.0042627918
-0.0037082112
-0.0031536307
-0.0048173724
-0.0042627918
-0.0037082112
-0.0031536307
-0.0048173724
-0.0042627918
-0.0037082112
-0.0031536307
-0.0048173724
-0.0042627918
-0.0037082112
-0.0031536307
-0.0048173724
-0.0042627918
-0.0037082112
-0.0031536307
-0.0048173724
-0.0042627918
-0.0037082112
-0.0031536307
-0.0048173724
-0.0042627918
-0.0037082112
-0.0031536307
-0.0048173724
-0.0042627918
-0.0037082112
-0.0031536307
-0.0048173724
-0.0042627918
-0.0037082112
-0.0031536307
-0.0048173724
-0.0042627918
-0.0037082112
-0.0031536307
-0.0048173724
-0.0042627918
-0.0037082112
-0.0031536307
-0.0048173724
-0.0042627918
-0.0037082112
-0.0031536307
-0.0048173724
-0.0042627918
-0.0037082112
-0.0031536307
-0.0048173724
-0.0042627918
-0.0037082112
-0.0031536307
-0.0048173724
-0.0042627918
-0.0037082112
-0.0031536307
-0.0048173724
-0.0042627918
-0.0037082112
-0.0031536307
-0.0048173724
-0.0042627918
-0.0037082112
-0.0031536307
-0.0048173724
-0.0042627918
-0.0037082112
-0.0031536307
-0.0048173724
-0.0042627918
-0.0037082112
-0.0031536307
-0.0048173724
-0.0042627918
-0.0037082112
-0.0031536307
-0.0048173724
-0.0042627918
-0.0037082112
-0.0031536307
-0.0035811449
-0.0030302739
-0.0024794028
-0.0019285318
-0.0035811449
-0.0030302739
-0.0024794028
-0.0019285318
-0.0035811449
-0.0030302739
-0.0024794028
-0.0019285318
-0.0035811449
-0.0030302739
-0.0024794028
-0.0019285318
-0.0035811449
-0.0030302739
-0.0024794028
-0.0019285318
-0.0035811449
-0.0030302739
-0.0024794028
-0.0019285318
-0.0035811449
-0.0030302739
-0.0024794028
-0.0019285318
-0.0035811449
-0.0030302739
-0.0024794028
-0.0019285318
-0.0035811449
-0.0030302739
-0.0024794028
-0.0019285318
-0.0035811449
-0.0030302739
-0.0024794028
-0.0019285318
-0.0035811449
-0.0030302739
-0.0024794028
-0.0019285318
-0.0035811449
-0.0030302739
-0.0024794028
-0.0019285318
-0.0035811449
-0.0030302739
-0.0024794028
-0.0019285318
-0.0035811449
-0.0030302739
-0.0024794028
-0.0019285318
-0.0035811449
-0.0030302739
-0.0024794028
-0.0019285318
-0.0035811449
-0.0030302739
-0.0024794028
-0.0019285318
-0.0035811449
-0.0030302739
-0.0024794028
-0.0019285318
-0.0035811449
-0.0030302739
-0.0024794028
-0.0019285318
-0.0035811449
-0.0030302739
-0.0024794028
-0.0019285318
-0.0035811449
-0.0030302739
-0.0024794028
-0.0019285318
-0.0035811449
-0.0030302739
-0.0024794028
-0.0019285318
-0.0035811449
-0.0030302739
-0.0024794028
-0.0019285318
-0.0035811449
-0.0030302739
-0.0024794028
-0.0019285318
-0.0035811449
-0.0030302739
-0.0024794028
-0.0019285318
-0.0023449175
-0.001797756
-0.0012505945
-0.00070343304
-0.0023449175
-0.001797756
-0.0012505945
-0.00070343304
-0.0023449175
-0.001797756
-0.0012505945
-0.00070343304
-0.0023449175
-0.001797756
-0.0012505945
-0.00070343304
-0.0023449175
-0.001797756
-0.0012505945
-0.00070343304
-0.0023449175
-0.001797756
-0.0012505945
-0.00070343304
-0.0023449175
-0.001797756
-0.0012505945
-0.00070343304
-0.0023449175
-0.001797756
-0.0012505945
-0.00070343304
-0.0023449175
-0.001797756
-0.0012505945
-0.00070343304
-0.0023449175
-0.001797756
-0.0012505945
-0.00070343304
-0.0023449175
-0.001797756
-0.0012505945
-0.00070343304
-0.0023449175
-0.001797756
-0.0012505945
-0.00070343304
-0.0023449175
-0.001797756
-0.0012505945
-0.00070343304
-0.0023449175
-0.001797756
-0.0012505945
-0.00070343304
-0.0023449175
-0.001797756
-0.0012505945
-0.00070343304
-0.0023449175
-0.001797756
-0.0012505945
-0.00070343304
-0.0023449175
-0.001797756
-0.0012505945
-0.00070343304
-0.0023449175
-0.001797756
-0.0012505945
-0.00070343304
-0.0023449175
-0.001797756
-0.0012505945
-0.00070343304
-0.0023449175
-0.001797756
-0.0012505945
-0.00070343304
-0.0023449175
-0.001797756
-0.0012505945
-0.00070343304
-0.0023449175
-0.001797756
-0.0012505945
-0.00070343304
-0.0023449175
-0.001797756
-0.0012505945
-0.00070343304
-0.0023449175
-0.001797756
-0.0012505945
-0.00070343304
-0.0011086901
-0.00056523819
-2.1786254e-05
0.00052166569
-0.0011086901
-0.00056523819
-2.1786254e-05
0.00052166569
-0.0011086901
-0.00056523819
-2.1786254e-05
0.00052166569
-0.0011086901
-0.00056523819
-2.1786254e-05
0.00052166569
-0.0011086901
-0.00056523819
-2.1786254e-05
0.00052166569
-0.0011086901
-0.00056523819
-2.1786254e-05
0.00052166569
-0.0011086901
-0.00056523819
-2.1786254e-05
0.00052166569
-0.0011086901
-0.00056523819
-2.1786254e-05
0.00052166569
-0.0011086901
-0.00056523819
-2.1786254e-05
0.00052166569
-0.0011086901
-0.00056523819
-2.1786254e-05
0.00052166569
-0.0011086901
-0.00056523819
-2.1786254e-05
0.00052166569
-0.0011086901
-0.00056523819
-2.1786254e-05
0.00052166569
-0.0011086901
-0.00056523819
-2.1786254e-05
0.00052166569
-0.0011086901
-0.00056523819
-2.1786254e-05
0.00052166569
-0.0011086901
-0.00056523819
-2.1786254e-05
0.00052166569
-0.0011086901
-0.00056523819
-2.1786254e-05
0.00052166569
-0.0011086901
-0.00056523819
-2.1786254e-05
0.00052166569
-0.0011086901
-0.00056523819
-2.1786254e-05
0.00052166569
-0.0011086901
-0.00056523819
-2.1786254e-05
0.00052166569
-0.0011086901
-0.00056523819
-2.1786254e-05
0.00052166569
-0.0011086901
-0.00056523819
-2.1786254e-05
0.00052166569
-0.0011086901
-0.00056523819
-2.1786254e-05
0.00052166569
-0.0011086901
-0.00056523819
-2.1786254e-05
0.00052166569
-0.0011086901
-0.00056523819
-2.1786254e-05
0.00052166569
0.00012753715
0.00066727955
0.0012070219
0.0017467644
0.00012753715
0.00066727955
0.0012070219
0.0017467644
0.00012753715
0.00066727955
0.0012070219
0.0017467644
0.00012753715
0.00066727955
0.0012070219
0.0017467644
0.00012753715
0.00066727955
0.0012070219
0.0017467644
0.00012753715
0.00066727955
0.0012070219
0.0017467644
0.00012753715
0.00066727955
0.0012070219
0.0017467644
0.00012753715
0.00066727955
0.0012070219
0.0017467644
0.00012753715
0.00066727955
0.0012070219
0.0017467644
0.00012753715
0.00066727955
0.0012070219
0.0017467644
0.00012753715
0.00066727955
0.0012070219
0.0017467644
0.00012753715
0.00066727955
0.0012070219
0.0017467644
0.00012753715
0.00066727955
0.0012070219
0.0017467644
0.00012753715
0.00066727955
0.0012070219
0.0017467644
0.00012753715
0.00066727955
0.0012070219
0.0017467644
0.00012753715
0.00066727955
0.0012070219
0.0017467644
0.00012753715
0.00066727955
0.0012070219
0.0017467644
0.00012753715
0.00066727955
0.0012070219
0.0017467644
0.00012753715
0.00066727955
0.0012070219
0.0017467644
0.00012753715
0.00066727955
0.0012070219
0.0017467644
0.00012753715
0.00066727955
0.0012070219
0.0017467644
0.00012753715
0.00066727955
0.0012070219
0.0017467644
0.00012753715
0.00066727955
0.0012070219
0.0017467644
0.00012753715
0.00066727955
0.001207022
0.0017467644
0.0013637644
0.0018997972
0.0024358301
0.002971863
0.0013637644
0.0018997972
0.0024358301
0.002971863
0.0013637644
0.0018997972
0.0024358301
0.002971863
0.0013637644
0.0018997972
0.0024358301
0.002971863
0.0013637644
0.0018997972
0.0024358301
0.002971863
0.0013637644
0.0018997972
0.0024358301
0.002971863
0.0013637644
0.0018997972
0.0024358301
0.002971863
0.0013637644
0.0018997972
0.0024358301
0.002971863
0.0013637644
0.0018997972
0.0024358301
0.002971863
0.0013637644
0.0018997972
0.0024358301
0.002971863
0.0013637644
0.0018997972
0.0024358301
0.002971863
0.0013637644
0.0018997972
0.0024358301
0.002971863
0.0013637644
0.0018997972
0.0024358301
0.002971863
0.0013637644
0.0018997972
0.0024358301
0.002971863
0.0013637644
0.0018997972
0.0024358301
0.002971863
0.0013637644
0.0018997972
0.0024358301
0.002971863
0.0013637644
0.0018997972
0.0024358301
0.002971863
0.0013637644
0.0018997972
0.0024358301
0.002971863
0.0013637644
0.0018997972
0.0024358301
0.002971863
0.0013637644
0.0018997972
0.0024358301
0.002971863
0.0013637644
0.0018997972
0.0024358301
0.002971863
0.0013637644
0.0018997972
0.0024358301
0.002971863
0.0013637644
0.0018997972
0.0024358301
0.002971863
0.0013637644
0.0018997972
0.0024358301
0.002971863
0.0025999915
0.0031323148
0.0036646382
0.0041969615
0.0025999915
0.0031323148
0.0036646382
0.0041969615
0.0025999915
0.0031323148
0.0036646382
0.0041969615
0.0025999915
0.0031323148
0.0036646382
0.0041969615
0.0025999915
0.0031323148
0.0036646382
0.0041969615
0.0025999915
0.0031323148
0.0036646382
0.0041969615
0.0025999915
0.0031323148
0.0036646382
0.0041969615
0.0025999915
0.0031323148
0.0036646382
0.0041969615
0.0025999915
0.0031323148
0.0036646382
0.0041969615
0.0025999915
0.0031323148
0.0036646382
0.0041969615
0.0025999915
0.0031323148
0.0036646382
0.0041969615
0.0025999915
0.0031323148
0.0036646382
0.0041969615
0.0025999915
0.0031323148
0.0036646382
0.0041969615
0.0025999915
0.0031323148
0.0036646382
0.0041969615
0.0025999915
0.0031323148
0.0036646382
0.0041969615
0.0025999915
0.0031323148
0.0036646382
0.0041969615
0.0025999915
0.0031323148
0.0036646382
0.0041969615
0.0025999915
0.0031323148
0.0036646382
0.0041969615
0.0025999915
0.0031323148
0.0036646382
0.0041969615
0.0025999915
0.0031323148
0.0036646382
0.0041969615
0.0025999915
0.0031323148
0.0036646382
0.0041969615
0.0025999915
0.0031323148
0.0036646382
0.0041969615
0.0025999915
0.0031323148
0.0036646382
0.0041969615
0.0025999915
0.0031323148
0.0036646382
0.0041969615
0.0038362186
0.0043648324
0.0048934462
0.00542206
0.0038362186
0.0043648324
0.0048934462
0.00542206
0.0038362186
0.0043648324
0.0048934462
0.00542206
0.0038362186
0.0043648324
0.0048934462
0.00542206
0.0038362186
0.0043648324
0.0048934462
0.00542206
0.0038362186
0.0043648324
0.0048934462
0.00542206
0.0038362186
0.0043648324
0.0048934462
0.00542206
0.0038362186
0.0043648324
0.0048934462
0.00542206
0.0038362186
0.0043648324
0.0048934462
0.00542206
0.0038362186
0.0043648324
0.0048934462
0.00542206
0.0038362186
0.0043648324
0.0048934462
0.00542206
0.0038362186
0.0043648324
0.0048934462
0.00542206
0.0038362186
0.0043648324
0.0048934462
0.00542206
0.0038362186
0.0043648324
0.0048934462
0.00542206
0.0038362186
0.0043648324
0.0048934462
0.00542206
0.0038362186
0.0043648324
0.0048934462
0.00542206
0.0038362186
0.0043648324
0.0048934462
0.00542206
0.0038362186
0.0043648324
0.0048934462
0.00542206
0.0038362186
0.0043648324
0.0048934462
0.00542206
0.0038362186
0.0043648324
0.0048934462
0.00542206
0.0038362186
0.0043648324
0.0048934462
0.00542206
0.0038362186
0.0043648324
0.0048934462
0.00542206
0.0038362186
0.0043648324
0.0048934462
0.00542206
0.0038362186
0.0043648324
0.0048934462
0.00542206
0.0050724456
0.0055973499
0.0061222541
0.0066471584
0.0050724456
0.0055973499
0.0061222541
0.0066471584
0.0050724456
0.0055973499
0.0061222541
0.0066471584
0.0050724456
0.0055973499
0.0061222541
0.0066471584
0.0050724456
0.0055973499
0.0061222541
0.0066471584
0.0050724456
0.0055973499
0.0061222541
0.0066471584
0.0050724456
0.0055973499
0.0061222541
0.0066471584
0.0050724456
0.0055973499
0.0061222541
0.0066471584
0.0050724456
0.0055973499
0.0061222541
0.0066471584
0.0050724456
0.0055973499
0.0061222541
0.0066471584
0.0050724456
0.0055973499
0.0061222541
0.0066471584
0.0050724456
0.0055973499
0.0061222541
0.0066471584
0.0050724456
0.0055973499
0.0061222541
0.0066471584
0.0050724456
0.0055973499
0.0061222541
0.0066471584
0.0050724456
0.0055973499
0.0061222541
0.0066471584
0.0050724456
0.0055973499
0.0061222541
0.0066471584
0.0050724456
0.0055973499
0.0061222541
0.0066471584
0.0050724456
0.0055973499
0.0061222541
0.0066471584
0.0050724456
0.0055973499
0.0061222541
0.0066471584
0.0050724456
0.0055973499
0.0061222541
0.0066471584
0.0050724456
0.0055973499
0.0061222541
0.0066471584
0.0050724456
0.0055973499
0.0061222541
0.0066471584
0.0050724456
0.0055973499
0.0061222541
0.0066471584
0.0050724456
0.0055973499
0.0061222541
0.0066471584
0.0063086726
0.0068298673
0.007351062
0.0078722567
0.0063086726
0.0068298673
0.007351062
0.0078722567
0.0063086726
0.0068298673
0.007351062
0.0078722567
0.0063086726
0.0068298673
0.007351062
0.0078722567
0.0063086726
0.0068298673
0.007351062
0.0078722567
0.0063086726
0.0068298673
0.007351062
0.0078722567
0.0063086726
0.0068298673
0.007351062
0.0078722567
0.0063086726
0.0068298673
0.007351062
0.0078722567
0.0063086726
0.0068298673
0.007351062
0.0078722567
0.0063086726
0.0068298673
0.007351062
0.0078722567
0.0063086726
0.0068298673
0.007351062
0.0078722567
0.0063086726
0.0068298673
0.007351062
0.0078722567
0.0063086726
0.0068298673
0.007351062
0.0078722567
0.0063086726
0.0068298673
0.007351062
0.0078722567
0.0063086726
0.0068298673
0.007351062
0.0078722567
0.0063086726
0.0068298673
0.007351062
0.0078722567
0.0063086726
0.0068298673
0.007351062
0.0078722567
0.0063086726
0.0068298673
0.007351062
0.0078722567
0.0063086726
0.0068298673
0.007351062
0.0078722567
0.0063086726
0.0068298673
0.007351062
0.0078722567
0.0063086726
0.0068298673
0.007351062
0.0078722567
0.0063086726
0.0068298673
0.007351062
0.0078722567
0.0063086726
0.0068298673
0.007351062
0.0078722567
0.0063086726
0.0068298673
0.007351062
0.0078722567
0.0075448995
0.0080623846
0.0085798698
0.0090973549
0.0075448995
0.0080623846
0.0085798698
0.0090973549
0.0075448995
0.0080623846
0.0085798698
0.0090973549
0.0075448995
0.0080623846
0.0085798698
0.0090973549
0.0075448995
0.0080623846
0.0085798698
0.0090973549
0.0075448995
0.0080623846
0.0085798698
0.0090973549
0.0075448995
0.0080623846
0.0085798698
0.0090973549
0.0075448995
0.0080623846
0.0085798698
0.0090973549
0.0075448995
0.0080623846
0.0085798698
0.0090973549
0.0075448995
0.0080623846
0.0085798698
0.0090973549
0.0075448995
0.0080623846
0.0085798698
0.0090973549
0.0075448995
0.0080623846
0.0085798698
0.0090973549
0.0075448995
0.0080623846
0.0085798698
0.0090973549
0.0075448995
0.0080623846
0.0085798698
0.0090973549
0.0075448995
0.0080623846
0.0085798698
0.0090973549
0.0075448995
0.0080623846
0.0085798698
0.0090973549
0.0075448995
0.0080623846
0.0085798698
0.0090973549
0.0075448995
0.0080623846
0.0085798698
0.0090973549
0.0075448995
0.0080623846
0.0085798698
0.0090973549
0.0075448995
0.0080623846
0.0085798698
0.0090973549
0.0075448994
0.0080623846
0.0085798698
0.0090973549
0.0075448995
0.0080623846
0.0085798698
0.0090973549
0.0075448995
0.0080623846
0.0085798698
0.0090973549
0.0075448994
0.0080623846
0.0085798698
0.0090973549
0.0087811263
0.0092949019
0.0098086775
0.010322453
0.0087811263
0.0092949019
0.0098086775
0.010322453
0.0087811263
0.0092949019
0.0098086775
0.010322453
0.0087811263
0.0092949019
0.0098086775
0.010322453
0.0087811263
0.0092949019
0.0098086775
0.010322453
0.0087811263
0.0092949019
0.0098086775
0.010322453
0.0087811263
0.0092949019
0.0098086775
0.010322453
0.0087811263
0.0092949019
0.0098086775
0.010322453
0.0087811263
0.0092949019
0.0098086775
0.010322453
0.0087811263
0.0092949019
0.0098086775
0.010322453
0.0087811263
0.0092949019
0.0098086775
0.010322453
0.0087811263
0.0092949019
0.0098086775
0.010322453
0.0087811263
0.0092949019
0.0098086775
0.010322453
0.0087811263
0.0092949019
0.0098086775
0.010322453
0.0087811263
0.0092949019
0.0098086775
0.010322453
0.0087811263
0.0092949019
0.0098086775
0.010322453
0.0087811263
0.0092949019
0.0098086775
0.010322453
0.0087811263
0.0092949019
0.0098086775
0.010322453
0.0087811263
0.0092949019
0.0098086775
0.010322453
0.0087811263
0.0092949019
0.0098086775
0.010322453
0.0087811263
0.0092949019
0.0098086775
0.010322453
0.0087811263
0.0092949019
0.0098086775
0.010322453
0.0087811263
0.0092949019
0.0098086775
0.010322453
0.0087811263
0.0092949019
0.0098086775
0.010322453
0.010017353
0.010527419
0.011037485
0.011547551
0.010017353
0.010527419
0.011037485
0.011547551
0.010017353
0.010527419
0.011037485
0.011547551
0.010017353
0.010527419
0.011037485
0.011547551
0.010017353
0.010527419
0.011037485
0.011547551
0.010017353
0.010527419
0.011037485
0.011547551
0.010017353
0.010527419
0.011037485
0.011547551
0.010017353
0.010527419
0.011037485
0.011547551
0.010017353
0.010527419
0.011037485
0.011547551
0.010017353
0.010527419
0.011037485
0.011547551
0.010017353
0.010527419
0.011037485
0.011547551
0.010017353
0.010527419
0.011037485
0.011547551
0.010017353
0.010527419
0.011037485
0.011547551
0.010017353
0.010527419
0.011037485
0.011547551
0.010017353
0.010527419
0.011037485
0.011547551
0.010017353
0.010527419
0.011037485
0.011547551
0.010017353
0.010527419
0.011037485
0.011547551
0.010017353
0.010527419
0.011037485
0.011547551
0.010017353
0.010527419
0.011037485
0.011547551
0.010017353
0.010527419
0.011037485
0.011547551
0.010017353
0.010527419
0.011037485
0.011547551
0.010017353
0.010527419
0.011037485
0.011547551
0.010017353
0.010527419
0.011037485
0.011547551
0.010017353
0.010527419
0.011037485
0.011547551
0.01125358
0.011759936
0.012266293
0.012772649
0.01125358
0.011759936
0.012266293
0.012772649
0.01125358
0.011759936
0.012266293
0.012772649
0.01125358
0.011759936
0.012266293
0.012772649
0.01125358
0.011759936
0.012266293
0.012772649
0.01125358
0.011759936
0.012266293
0.012772649
0.01125358
0.011759936
0.012266293
0.012772649
0.01125358
0.011759936
0.012266293
0.012772649
0.01125358
0.011759936
0.012266293
0.012772649
0.01125358
0.011759936
0.012266293
0.012772649
0.01125358
0.011759936
0.012266293
0.012772649
0.01125358
0.011759936
0.012266293
0.012772649
0.01125358
0.011759936
0.012266293
0.012772649
0.01125358
0.011759936
0.012266293
0.012772649
0.01125358
0.011759936
0.012266293
0.012772649
0.01125358
0.011759936
0.012266293
0.012772649
0.01125358
0.011759936
0.012266293
0.012772649
0.01125358
0.011759936
0.012266293
0.012772649
0.01125358
0.011759936
0.012266293
0.012772649
0.01125358
0.011759936
0.012266293
0.012772649
0.01125358
0.011759936
0.012266293
0.012772649
0.01125358
0.011759936
0.012266293
0.012772649
0.01125358
0.011759936
0.012266293
0.012772649
0.01125358
0.011759936
0.012266293
0.012772649
0.012489806
0.012992453
0.0134951
0.013997747
0.012489806
0.012992453
0.0134951
0.013997747
0.012489806
0.012992453
0.0134951
0.013997747
0.012489806
0.012992453
0.0134951
0.013997747
0.012489806
0.012992453
0.0134951
0.013997747
0.012489806
0.012992453
0.0134951
0.013997747
0.012489806
0.012992453
0.0134951
0.013997747
0.012489806
0.012992453
0.0134951
0.013997747
0.012489806
0.012992453
0.0134951
0.013997747
0.012489806
0.012992453
0.0134951
0.013997747
0.012489806
0.012992453
0.0134951
0.013997747
0.012489806
0.012992453
0.0134951
0.013997747
0.012489806
0.012992453
0.0134951
0.013997747
0.012489806
0.012992453
0.0134951
0.013997747
0.012489806
0.012992453
0.0134951
0.013997747
0.012489806
0.012992453
0.0134951
0.013997747
0.012489806
0.012992453
0.0134951
0.013997747
0.012489806
0.012992453
0.0134951
0.013997747
0.012489806
0.012992453
0.0134951
0.013997747
0.012489806
0.012992453
0.0134951
0.013997747
0.012489806
0.012992453
0.0134951
0.013997747
0.012489806
0.012992453
0.0134951
0.013997747
0.012489806
0.012992453
0.0134951
0.013997747
0.012489806
0.012992453
0.0134951
0.013997747
0.013726033
0.01422497
0.014723908
0.015222845
0.013726033
0.01422497
0.014723908
0.015222845
0.013726033
0.01422497
0.014723908
0.015222845
0.013726033
0.01422497
0.014723908
0.015222845
0.013726033
0.01422497
0.014723908
0.015222845
0.013726033
0.01422497
0.014723908
0.015222845
0.013726033
0.01422497
0.014723908
0.015222845
0.013726033
0.01422497
0.014723908
0.015222845
0.013726033
0.01422497
0.014723908
0.015222845
0.013726033
0.01422497
0.014723908
0.015222845
0.013726033
0.01422497
0.014723908
0.015222845
0.013726033
0.01422497
0.014723908
0.015222845
0.013726033
0.01422497
0.014723908
0.015222845
0.013726033
0.01422497
0.014723908
0.015222845
0.013726033
0.01422497
0.014723908
0.015222845
0.013726033
0.01422497
0.014723908
0.015222845
0.013726033
0.01422497
0.014723908
0.015222845
0.013726033
0.01422497
0.014723908
0.015222845
0.013726033
0.01422497
0.014723908
0.015222845
0.013726033
0.01422497
0.014723908
0.015222845
0.013726033
0.01422497
0.014723908
0.015222845
0.013726033
0.01422497
0.014723908
0.015222845
0.013726033
0.01422497
0.014723908
0.015222845
0.013726033
0.01422497
0.014723908
0.015222845
0.014962259
0.015457487
0.015952715
0.016447943
0.014962259
0.015457487
0.015952715
0.016447943
0.014962259
0.015457487
0.015952715
0.016447943
0.014962259
0.015457487
0.015952715
0.016447943
0.014962259
0.015457487
0.015952715
0.016447943
0.014962259
0.015457487
0.015952715
0.016447943
0.014962259
0.015457487
0.015952715
0.016447943
0.014962259
0.015457487
0.015952715
0.016447943
0.014962259
0.015457487
0.015952715
0.016447943
0.014962259
0.015457487
0.015952715
0.016447943
0.014962259
0.015457487
0.015952715
0.016447943
0.014962259
0.015457487
0.015952715
0.016447943
0.014962259
0.015457487
0.015952715
0.016447943
0.014962259
0.015457487
0.015952715
0.016447943
0.014962259
0.015457487
0.015952715
0.016447943
0.014962259
0.015457487
0.015952715
0.016447943
0.014962259
0.015457487
0.015952715
0.016447943
0.014962259
0.015457487
0.015952715
0.016447943
0.014962259
0.015457487
0.015952715
0.016447943
0.014962259
0.015457487
0.015952715
0.016447943
0.014962259
0.015457487
0.015952715
0.016447943
0.014962259
0.015457487
0.015952715
0.016447943
0.014962259
0.015457487
0.015952715
0.016447943
0.014962259
0.015457487
0.015952715
0.016447943
0.016198485
0.016690004
0.017181522
0.017673041
0.016198485
0.016690004
0.017181522
0.017673041
0.016198485
0.016690004
0.017181522
0.017673041
0.016198485
0.016690004
0.017181522
0.017673041
0.016198485
0.016690004
0.017181522
0.017673041
0.016198485
0.016690004
0.017181522
0.017673041
0.016198485
0.016690004
0.017181522
0.017673041
0.016198485
0.016690004
0.017181522
0.017673041
0.016198485
0.016690004
0.017181522
0.017673041
0.016198485
0.016690004
0.017181522
0.017673041
0.016198485
0.016690004
0.017181522
0.017673041
0.016198485
0.016690004
0.017181522
0.017673041
0.016198485
0.016690004
0.017181522
0.017673041
0.016198485
0.016690004
0.017181522
0.017673041
0.016198485
0.016690004
0.017181522
0.017673041
0.016198485
0.016690004
0.017181522
0.017673041
0.016198485
0.016690004
0.017181522
0.017673041
0.016198485
0.016690004
0.017181522
0.017673041
0.016198485
0.016690004
0.017181522
0.017673041
0.016198485
0.016690004
0.017181522
0.017673041
0.016198485
0.016690004
0.017181522
0.017673041
0.016198485
0.016690004
0.017181522
0.017673041
0.016198485
0.016690004
0.017181522
0.017673041
0.016198485
0.016690004
0.017181522
0.017673041
-0.0098139498
-0.0090102335
-0.0082065172
-0.0074028009
-0.0098139498
-0.0090102335
-0.0082065172
-0.0074028009
-0.0098139498
-0.0090102335
-0.0082065172
-0.0074028009
-0.0098139498
-0.0090102335
-0.0082065172
-0.0074028009
-0.0098139498
-0.0090102335
-0.0082065172
-0.0074028009
-0.0098139498
-0.0090102335
-0.0082065172
-0.0074028009
-0.0098139498
-0.0090102335
-0.0082065172
-0.0074028009
-0.0098139498
-0.0090102335
-0.0082065172
-0.0074028009
-0.0098139498
-0.0090102335
-0.0082065172
-0.0074028009
-0.0098139498
-0.0090102335
-0.0082065172
-0.0074028009
-0.0098139498
-0.0090102335
-0.0082065172
-0.0074028009
-0.0098139498
-0.0090102335
-0.0082065172
-0.0074028009
-0.0098139498
-0.0090102335
-0.0082065172
-0.0074028009
-0.0098139498
-0.0090102335
-0.0082065172
-0.0074028009
-0.0098139498
-0.0090102335
-0.0082065172
-0.0074028009
-0.0098139498
-0.0090102335
-0.0082065172
-0.0074028009
-0.0098139498
-0.0090102335
-0.0082065172
-0.0074028009
-0.0098139498
-0.0090102335
-0.0082065172
-0.0074028009
-0.0098139498
-0.0090102335
-0.0082065172
-0.0074028009
-0.0098139498
-0.0090102335
-0.0082065172
-0.0074028009
-0.0098139498
-0.0090102335
-0.0082065172
-0.0074028009
-0.0098139498
-0.0090102335
-0.0082065172
-0.0074028009
-0.0098139498
-0.0090102335
-0.0082065172
-0.0074028009
-0.0098139498
-0.0090102335
-0.0082065172
-0.0074028009
-0.0085932896
-0.0077947419
-0.0069961942
-0.0061976464
-0.0085932896
-0.0077947419
-0.0069961942
-0.0061976464
-0.0085932896
-0.0077947419
-0.0069961942
-0.0061976464
-0.0085932896
-0.0077947419
-0.0069961942
-0.0061976464
-0.0085932896
-0.0077947419
-0.0069961942
-0.0061976464
-0.0085932896
-0.0077947419
-0.0069961942
-0.0061976464
-0.0085932896
-0.0077947419
-0.0069961942
-0.0061976464
-0.0085932896
-0.0077947419
-0.0069961942
-0.0061976464
-0.0085932896
-0.0077947419
-0.0069961942
-0.0061976464
-0.0085932896
-0.0077947419
-0.0069961942
-0.0061976464
-0.0085932896
-0.0077947419
-0.0069961942
-0.0061976464
-0.0085932896
-0.0077947419
-0.0069961942
-0.0061976464
-0.0085932896
-0.0077947419
-0.0069961942
-0.0061976464
-0.0085932896
-0.0077947419
-0.0069961942
-0.0061976464
-0.0085932896
-0.0077947419
-0.0069961942
-0.0061976464
-0.0085932896
-0.0077947419
-0.0069961942
-0.0061976464
-0.0085932896
-0.0077947419
-0.0069961942
-0.0061976464
-0.0085932896
-0.0077947419
-0.0069961942
-0.0061976464
-0.0085932896
-0.0077947419
-0.0069961942
-0.0061976464
-0.0085932896
-0.0077947419
-0.0069961942
-0.0061976464
-0.0085932896
-0.0077947419
-0.0069961942
-0.0061976464
-0.0085932896
-0.0077947419
-0.0069961942
-0.0061976464
-0.0085932896
-0.0077947419
-0.0069961942
-0.0061976464
-0.0085932896
-0.0077947419
-0.0069961942
-0.0061976464
-0.0073726296
-0.0065792504
-0.0057858712
-0.0049924921
-0.0073726296
-0.0065792504
-0.0057858712
-0.0049924921
-0.0073726296
-0.0065792504
-0.0057858712
-0.0049924921
-0.0073726296
-0.0065792504
-0.0057858712
-0.0049924921
-0.0073726296
-0.0065792504
-0.0057858712
-0.0049924921
-0.0073726296
-0.0065792504
-0.0057858712
-0.0049924921
-0.0073726296
-0.0065792504
-0.0057858712
-0.0049924921
-0.0073726296
-0.0065792504
-0.0057858712
-0.0049924921
-0.0073726296
-0.0065792504
-0.0057858712
-0.0049924921
-0.0073726296
-0.0065792504
-0.0057858712
-0.0049924921
-0.0073726296
-0.0065792504
-0.0057858712
-0.0049924921
-0.0073726296
-0.0065792504
-0.0057858712
-0.0049924921
-0.0073726296
-0.0065792504
-0.0057858712
-0.0049924921
-0.0073726296
-0.0065792504
-0.0057858712
-0.0049924921
-0.0073726296
-0.0065792504
-0.0057858712
-0.0049924921
-0.0073726296
-0.0065792504
-0.0057858712
-0.0049924921
-0.0073726296
-0.0065792504
-0.0057858712
-0.0049924921
-0.0073726296
-0.0065792504
-0.0057858712
-0.0049924921
-0.0073726296
-0.0065792504
-0.0057858712
-0.0049924921
-0.0073726296
-0.0065792504
-0.0057858712
-0.0049924921
-0.0073726296
-0.0065792504
-0.0057858712
-0.0049924921
-0.0073726296
-0.0065792504
-0.0057858712
-0.0049924921
-0.0073726296
-0.0065792504
-0.0057858712
-0.0049924921
-0.0073726296
-0.0065792504
-0.0057858712
-0.0049924921
-0.0061519696
-0.005363759
-0.0045755484
-0.0037873377
-0.0061519696
-0.005363759
-0.0045755484
-0.0037873377
-0.0061519696
-0.005363759
-0.0045755484
-0.0037873377
-0.0061519696
-0.005363759
-0.0045755484
-0.0037873377
-0.0061519696
-0.005363759
-0.0045755484
-0.0037873377
-0.0061519696
-0.005363759
-0.0045755484
-0.0037873377
-0.0061519696
-0.005363759
-0.0045755484
-0.0037873377
-0.0061519696
-0.005363759
-0.0045755484
-0.0037873377
-0.0061519696
-0.005363759
-0.0045755484
-0.0037873377
-0.0061519696
-0.005363759
-0.0045755484
-0.0037873377
-0.0061519696
-0.005363759
-0.0045755484
-0.0037873377
-0.0061519696
-0.005363759
-0.0045755484
-0.0037873377
-0.0061519696
-0.005363759
-0.0045755484
-0.0037873377
-0.0061519696
-0.005363759
-0.0045755484
-0.0037873377
-0.0061519696
-0.005363759
-0.0045755484
-0.0037873377
-0.0061519696
-0.005363759
-0.0045755484
-0.0037873377
-0.0061519696
-0.005363759
-0.0045755484
-0.0037873377
-0.0061519696
-0.005363759
-0.0045755484
-0.0037873377
-0.0061519696
-0.005363759
-0.0045755484
-0.0037873377
-0.0061519696
-0.005363759
-0.0045755484
-0.0037873377
-0.0061519696
-0.005363759
-0.0045755484
-0.0037873377
-0.0061519696
-0.005363759
-0.0045755484
-0.0037873377
-0.0061519696
-0.005363759
-0.0045755484
-0.0037873377
-0.0061519696
-0.005363759
-0.0045755484
-0.0037873377
-0.0049313097
-0.0041482676
-0.0033652255
-0.0025821835
-0.0049313097
-0.0041482676
-0.0033652255
-0.0025821835
-0.0049313097
-0.0041482676
-0.0033652255
-0.0025821835
-0.0049313097
-0.0041482676
-0.0033652255
-0.0025821835
-0.0049313097
-0.0041482676
-0.0033652255
-0.0025821835
-0.0049313097
-0.0041482676
-0.0033652255
-0.0025821835
-0.0049313097
-0.0041482676
-0.0033652255
-0.0025821835
-0.0049313097
-0.0041482676
-0.0033652255
-0.0025821835
-0.0049313097
-0.0041482676
-0.0033652255
-0.0025821835
-0.0049313097
-0.0041482676
-0.0033652255
-0.0025821835
-0.0049313097
-0.0041482676
-0.0033652255
-0.0025821835
-0.0049313097
-0.0041482676
-0.0033652255
-0.0025821835
-0.0049313097
-0.0041482676
-0.0033652255
-0.0025821835
-0.0049313097
-0.0041482676
-0.0033652255
-0.0025821835
-0.0049313097
-0.0041482676
-0.0033652255
-0.0025821835
-0.0049313097
-0.0041482676
-0.0033652255
-0.0025821835
-0.0049313097
-0.0041482676
-0.0033652255
-0.0025821835
-0.0049313097
-0.0041482676
-0.0033652255
-0.0025821835
-0.0049313097
-0.0041482676
-0.0033652255
-0.0025821835
-0.0049313097
-0.0041482676
-0.0033652255
-0.0025821835
-0.0049313097
-0.0041482676
-0.0033652255
-0.0025821835
-0.0049313097
-0.0041482676
-0.0033652255
-0.0025821835
-0.0049313097
-0.0041482676
-0.0033652255
-0.0025821835
-0.0049313097
-0.0041482676
-0.0033652255
-0.0025821835
-0.0037106498
-0.0029327763
-0.0021549028
-0.0013770293
-0.0037106498
-0.0029327763
-0.0021549028
-0.0013770293
-0.0037106498
-0.0029327763
-0.0021549028
-0.0013770293
-0.0037106498
-0.0029327763
-0.0021549028
-0.0013770293
-0.0037106498
-0.0029327763
-0.0021549028
-0.0013770293
-0.0037106498
-0.0029327763
-0.0021549028
-0.0013770293
-0.0037106498
-0.0029327763
-0.0021549028
-0.0013770293
-0.0037106498
-0.0029327763
-0.0021549028
-0.0013770293
-0.0037106498
-0.0029327763
-0.0021549028
-0.0013770293
-0.0037106498
-0.0029327763
-0.0021549028
-0.0013770293
-0.0037106498
-0.0029327763
-0.0021549028
-0.0013770293
-0.0037106498
-0.0029327763
-0.0021549028
-0.0013770293
-0.0037106498
-0.0029327763
-0.0021549028
-0.0013770293
-0.0037106498
-0.0029327763
-0.0021549028
-0.0013770293
-0.0037106498
-0.0029327763
-0.0021549028
-0.0013770293
-0.0037106498
-0.0029327763
-0.0021549028
-0.0013770293
-0.0037106498
-0.0029327763
-0.0021549028
-0.0013770293
-0.0037106498
-0.0029327763
-0.0021549028
-0.0013770293
-0.0037106498
-0.0029327763
-0.0021549028
-0.0013770293
-0.0037106498
-0.0029327763
-0.0021549028
-0.0013770293
-0.0037106498
-0.0029327763
-0.0021549028
-0.0013770293
-0.0037106498
-0.0029327763
-0.0021549028
-0.0013770293
-0.0037106498
-0.0029327763
-0.0021549028
-0.0013770293
-0.0037106498
-0.0029327763
-0.0021549028
-0.0013770293
-0.00248999
-0.001717285
-0.00094458006
-0.00017187511
-0.00248999
-0.001717285
-0.00094458006
-0.00017187511
-0.00248999
-0.001717285
-0.00094458006
-0.00017187511
-0.00248999
-0.001717285
-0.00094458006
-0.00017187511
-0.00248999
-0.001717285
-0.00094458006
-0.00017187511
-0.00248999
-0.001717285
-0.00094458006
-0.00017187511
-0.00248999
-0.001717285
-0.00094458006
-0.00017187511
-0.00248999
-0.001717285
-0.00094458006
-0.00017187511
-0.00248999
-0.001717285
-0.00094458006
-0.00017187511
-0.00248999
-0.001717285
-0.00094458006
-0.00017187511
-0.00248999
-0.001717285
-0.00094458006
-0.00017187511
-0.00248999
-0.001717285
-0.00094458006
-0.00017187511
-0.00248999
-0.001717285
-0.00094458006
-0.00017187511
-0.00248999
-0.001717285
-0.00094458006
-0.00017187511
-0.00248999
-0.001717285
-0.00094458006
-0.00017187511
-0.00248999
-0.001717285
-0.00094458006
-0.00017187511
-0.00248999
-0.001717285
-0.00094458006
-0.00017187511
-0.00248999
-0.001717285
-0.00094458006
-0.00017187511
-0.00248999
-0.001717285
-0.00094458006
-0.00017187511
-0.00248999
-0.001717285
-0.00094458006
-0.00017187511
-0.00248999
-0.001717285
-0.00094458006
-0.00017187511
-0.00248999
-0.001717285
-0.00094458006
-0.00017187511
-0.00248999
-0.001717285
-0.00094458006
-0.00017187511
-0.00248999
-0.001717285
-0.00094458006
-0.00017187511
-0.0012693302
-0.00050179381
0.00026574259
0.001033279
-0.0012693302
-0.00050179381
0.00026574259
0.001033279
-0.0012693302
-0.00050179381
0.00026574259
0.001033279
-0.0012693302
-0.00050179381
0.00026574259
0.001033279
-0.0012693302
-0.00050179381
0.00026574259
0.001033279
-0.0012693302
-0.00050179381
0.00026574259
0.001033279
-0.0012693302
-0.00050179381
0.00026574259
0.001033279
-0.0012693302
-0.00050179381
0.00026574259
0.001033279
-0.0012693302
-0.00050179381
0.00026574259
0.001033279
-0.0012693302
-0.00050179381
0.00026574259
0.001033279
-0.0012693302
-0.00050179381
0.00026574259
0.001033279
-0.0012693302
-0.00050179381
0.00026574259
0.001033279
-0.0012693302
-0.00050179381
0.00026574259
0.001033279
-0.0012693302
-0.00050179381
0.00026574259
0.001033279
-0.0012693302
-0.00050179381
0.00026574259
0.001033279
-0.0012693302
-0.00050179381
0.00026574259
0.001033279
-0.0012693302
-0.00050179381
0.00026574259
0.001033279
-0.0012693302
-0.00050179381
0.00026574259
0.001033279
-0.0012693302
-0.00050179381
0.00026574259
0.001033279
-0.0012693302
-0.00050179381
0.00026574259
0.001033279
-0.0012693302
-0.00050179381
0.00026574259
0.001033279
-0.0012693302
-0.00050179381
0.00026574259
0.001033279
-0.0012693302
-0.00050179381
0.00026574259
0.001033279
-0.0012693302
-0.00050179381
0.00026574259
0.001033279
-4.8670501e-05
0.00071369734
0.0014760652
0.002238433
-4.8670501e-05
0.00071369734
0.0014760652
0.002238433
-4.8670501e-05
0.00071369734
0.0014760652
0.002238433
-4.8670501e-05
0.00071369734
0.0014760652
0.002238433
-4.8670501e-05
0.00071369734
0.0014760652
0.002238433
-4.8670501e-05
0.00071369734
0.0014760652
0.002238433
-4.8670501e-05
0.00071369734
0.0014760652
0.002238433
-4.8670501e-05
0.00071369734
0.0014760652
0.002238433
-4.8670501e-05
0.00071369734
0.0014760652
0.002238433
-4.8670501e-05
0.00071369734
0.0014760652
0.002238433
-4.8670501e-05
0.00071369734
0.0014760652
0.002238433
-4.8670501e-05
0.00071369734
0.0014760652
0.002238433
-4.8670501e-05
0.00071369734
0.0014760652
0.002238433
-4.8670501e-05
0.00071369734
0.0014760652
0.002238433
-4.8670501e-05
0.00071369734
0.0014760652
0.002238433
-4.8670501e-05
0.00071369734
0.0014760652
0.002238433
-4.86705e-05
0.00071369734
0.0014760652
0.002238433
-4.8670501e-05
0.00071369734
0.0014760652
0.002238433
-4.8670502e-05
0.00071369734
0.0014760652
0.002238433
-4.86705e-05
0.00071369734
0.0014760652
0.002238433
-4.8670501e-05
0.00071369734
0.0014760652
0.002238433
-4.8670502e-05
0.00071369734
0.0014760652
0.002238433
-4.86705e-05
0.00071369734
0.0014760652
0.002238433
-4.8670501e-05
0.00071369734
0.0014760652
0.002238433
0.0011719891
0.0019291884
0.0026863877
0.003443587
0.0011719891
0.0019291884
0.0026863877
0.003443587
0.0011719891
0.0019291884
0.0026863877
0.003443587
0.0011719891
0.0019291884
0.0026863877
0.003443587
0.0011719891
0.0019291884
0.0026863877
0.003443587
0.0011719891
0.0019291884
0.0026863877
0.003443587
0.0011719891
0.0019291884
0.0026863877
0.003443587
0.0011719891
0.0019291884
0.0026863877
0.003443587
0.0011719891
0.0019291884
0.0026863877
0.003443587
0.0011719891
0.0019291884
0.0026863877
0.003443587
0.0011719891
0.0019291884
0.0026863877
0.003443587
0.0011719891
0.0019291884
0.0026863877
0.003443587
0.0011719891
0.0019291884
0.0026863877
0.003443587
0.0011719891
0.0019291884
0.0026863877
0.003443587
0.0011719891
0.0019291884
0.0026863877
0.003443587
0.0011719891
0.0019291884
0.0026863877
0.003443587
0.0011719891
0.0019291884
0.0026863877
0.003443587
0.0011719891
0.0019291884
0.0026863877
0.003443587
0.0011719891
0.0019291884
0.0026863877
0.003443587
0.0011719891
0.0019291884
0.0026863877
0.003443587
0.0011719891
0.0019291884
0.0026863877
0.003443587
0.0011719891
0.0019291884
0.0026863877
0.003443587
0.0011719891
0.0019291884
0.0026863877
0.003443587
0.0011719891
0.0019291884
0.0026863877
0.003443587
0.0023926487
0.0031446794
0.0038967102
0.0046487409
0.0023926487
0.0031446794
0.0038967102
0.0046487409
0.0023926487
0.0031446794
0.0038967102
0.0046487409
0.0023926487
0.0031446794
0.0038967102
0.0046487409
0.0023926487
0.0031446794
0.0038967102
0.0046487409
0.0023926487
0.0031446794
0.0038967102
0.0046487409
0.0023926487
0.0031446794
0.0038967102
0.0046487409
0.0023926487
0.0031446794
0.0038967102
0.0046487409
0.0023926487
0.0031446794
0.0038967102
0.0046487409
0.0023926487
0.0031446794
0.0038967102
0.0046487409
0.0023926487
0.0031446794
0.0038967102
0.0046487409
0.0023926487
0.0031446794
0.0038967102
0.0046487409
0.0023926487
0.0031446794
0.0038967102
0.0046487409
0.0023926487
0.0031446794
0.0038967102
0.0046487409
0.0023926487
0.0031446794
0.0038967102
0.0046487409
0.0023926487
0.0031446794
0.0038967102
0.0046487409
0.0023926487
0.0031446794
0.0038967102
0.0046487409
0.0023926487
0.0031446794
0.0038967102
0.0046487409
0.0023926487
0.0031446794
0.0038967102
0.0046487409
0.0023926487
0.0031446794
0.0038967102
0.0046487409
0.0023926487
0.0031446794
0.0038967102
0.0046487409
0.0023926487
0.0031446794
0.0038967102
0.0046487409
0.0023926487
0.0031446794
0.0038967102
0.0046487409
0.0023926487
0.0031446794
0.0038967102
0.0046487409
0.0036133082
0.0043601704
0.0051070326
0.0058538948
0.0036133082
0.0043601704
0.0051070326
0.0058538948
0.0036133082
0.0043601704
0.0051070326
0.0058538948
0.0036133082
0.0043601704
0.0051070326
0.0058538948
0.0036133082
0.0043601704
0.0051070326
0.0058538948
0.0036133082
0.0043601704
0.0051070326
0.0058538948
0.0036133082
0.0043601704
0.0051070326
0.0058538948
0.0036133082
0.0043601704
0.0051070326
0.0058538948
0.0036133082
0.0043601704
0.0051070326
0.0058538948
0.0036133082
0.0043601704
0.0051070326
0.0058538948
0.0036133082
0.0043601704
0.0051070326
0.0058538948
0.0036133082
0.0043601704
0.0051070326
0.0058538948
0.0036133082
0.0043601704
0.0051070326
0.0058538948
0.0036133082
0.0043601704
0.0051070326
0.0058538948
0.0036133082
0.0043601704
0.0051070326
0.0058538948
0.0036133082
0.0043601704
0.0051070326
0.0058538948
0.0036133082
0.0043601704
0.0051070326
0.0058538948
0.0036133082
0.0043601704
0.0051070326
0.0058538948
0.0036133082
0.0043601704
0.0051070326
0.0058538948
0.0036133082
0.0043601704
0.0051070326
0.0058538948
0.0036133082
0.0043601704
0.0051070326
0.0058538948
0.0036133082
0.0043601704
0.0051070326
0.0058538948
0.0036133082
0.0043601704
0.0051070326
0.0058538948
0.0036133082
0.0043601704
0.0051070326
0.0058538948
0.0048339677
0.0055756613
0.0063173549
0.0070590485
0.0048339677
0.0055756613
0.0063173549
0.0070590485
0.0048339677
0.0055756613
0.0063173549
0.0070590485
0.0048339677
0.0055756613
0.0063173549
0.0070590485
0.0048339677
0.0055756613
0.0063173549
0.0070590485
0.0048339677
0.0055756613
0.0063173549
0.0070590485
0.0048339677
0.0055756613
0.0063173549
0.0070590485
0.0048339677
0.0055756613
0.0063173549
0.0070590485
0.0048339677
0.0055756613
0.0063173549
0.0070590485
0.0048339677
0.0055756613
0.0063173549
0.0070590485
0.0048339677
0.0055756613
0.0063173549
0.0070590485
0.0048339677
0.0055756613
0.0063173549
0.0070590485
0.0048339677
0.0055756613
0.0063173549
0.0070590485
0.0048339677
0.0055756613
0.0063173549
0.0070590485
0.0048339677
0.0055756613
0.0063173549
0.0070590485
0.0048339677
0.0055756613
0.0063173549
0.0070590485
0.0048339677
0.0055756613
0.0063173549
0.0070590485
0.0048339677
0.0055756613
0.0063173549
0.0070590485
0.0048339677
0.0055756613
0.0063173549
0.0070590485
0.0048339677
0.0055756613
0.0063173549
0.0070590485
0.0048339677
0.0055756613
0.0063173549
0.0070590485
0.0048339677
0.0055756613
0.0063173549
0.0070590485
0.0048339677
0.0055756613
0.0063173549
0.0070590485
0.0048339677
0.0055756613
0.0063173549
0.0070590485
0.0060546271
0.0067911521
0.0075276772
0.0082642023
0.0060546271
0.0067911521
0.0075276772
0.0082642023
0.0060546271
0.0067911521
0.0075276772
0.0082642023
0.0060546271
0.0067911521
0.0075276772
0.0082642023
0.0060546271
0.0067911521
0.0075276772
0.0082642023
0.0060546271
0.0067911521
0.0075276772
0.0082642023
0.0060546271
0.0067911521
0.0075276772
0.0082642023
0.0060546271
0.0067911521
0.0075276772
0.0082642023
0.0060546271
0.0067911521
0.0075276772
0.0082642023
0.0060546271
0.0067911521
0.0075276772
0.0082642023
0.0060546271
0.0067911521
0.0075276772
0.0082642023
0.0060546271
0.0067911521
0.0075276772
0.0082642023
0.0060546271
0.0067911521
0.0075276772
0.0082642023
0.0060546271
0.0067911521
0.0075276772
0.0082642023
0.0060546271
0.0067911521
0.0075276772
0.0082642023
0.0060546271
0.0067911521
0.0075276772
0.0082642023
0.0060546271
0.0067911521
0.0075276772
0.0082642023
0.0060546271
0.0067911521
0.0075276772
0.0082642023
0.0060546271
0.0067911521
0.0075276772
0.0082642023
0.0060546271
0.0067911521
0.0075276772
0.0082642023
0.0060546271
0.0067911521
0.0075276772
0.0082642023
0.0060546271
0.0067911521
0.0075276772
0.0082642023
0.0060546271
0.0067911521
0.0075276772
0.0082642023
0.0060546271
0.0067911521
0.0075276772
0.0082642023
0.0072752864
0.0080066429
0.0087379994
0.0094693559
0.0072752864
0.0080066429
0.0087379994
0.0094693559
0.0072752864
0.0080066429
0.0087379994
0.0094693559
0.0072752864
0.0080066429
0.0087379994
0.0094693559
0.0072752864
0.0080066429
0.0087379994
0.0094693559
0.0072752864
0.0080066429
0.0087379994
0.0094693559
0.0072752864
0.0080066429
0.0087379994
0.0094693559
0.0072752864
0.0080066429
0.0087379994
0.0094693559
0.0072752864
0.0080066429
0.0087379994
0.0094693559
0.0072752864
0.0080066429
0.0087379994
0.0094693559
0.0072752864
0.0080066429
0.0087379994
0.0094693559
0.0072752864
0.0080066429
0.0087379994
0.0094693559
0.0072752864
0.0080066429
0.0087379994
0.0094693559
0.0072752864
0.0080066429
0.0087379994
0.0094693559
0.0072752864
0.0080066429
0.0087379994
0.0094693559
0.0072752864
0.0080066429
0.0087379994
0.0094693559
0.0072752864
0.0080066429
0.0087379994
0.0094693559
0.0072752864
0.0080066429
0.0087379994
0.0094693559
0.0072752864
0.0080066429
0.0087379994
0.0094693559
0.0072752864
0.0080066429
0.0087379994
0.0094693559
0.0072752864
0.0080066429
0.0087379994
0.0094693559
0.0072752864
0.0080066429
0.0087379994
0.0094693559
0.0072752864
0.0080066429
0.0087379994
0.0094693559
0.0072752864
0.0080066429
0.0087379994
0.0094693559
0.0084959456
0.0092221336
0.0099483215
0.010674509
0.0084959456
0.0092221336
0.0099483215
0.010674509
0.0084959456
0.0092221336
0.0099483215
0.010674509
0.0084959456
0.0092221336
0.0099483215
0.010674509
0.0084959456
0.0092221336
0.0099483215
0.010674509
0.0084959456
0.0092221336
0.0099483215
0.010674509
0.0084959456
0.0092221336
0.0099483215
0.010674509
0.0084959456
0.0092221336
0.0099483215
0.010674509
0.0084959456
0.0092221336
0.0099483215
0.010674509
0.0084959456
0.0092221336
0.0099483215
0.010674509
0.0084959456
0.0092221336
0.0099483215
0.010674509
0.0084959456
0.0092221336
0.0099483215
0.010674509
0.0084959456
0.0092221336
0.0099483215
0.010674509
0.0084959456
0.0092221336
0.0099483215
0.010674509
0.0084959456
0.0092221336
0.0099483215
0.010674509
0.0084959456
0.0092221336
0.0099483215
0.010674509
0.0084959456
0.0092221336
0.0099483215
0.010674509
0.0084959456
0.0092221336
0.0099483215
0.010674509
0.0084959456
0.0092221336
0.0099483215
0.010674509
0.0084959456
0.0092221336
0.0099483215
0.010674509
0.0084959456
0.0092221336
0.0099483215
0.010674509
0.0084959456
0.0092221336
0.0099483215
0.010674509
0.0084959456
0.0092221336
0.0099483215
0.010674509
0.0084959456
0.0092221336
0.0099483215
0.010674509
0.0097166048
0.010437624
0.011158644
0.011879663
0.0097166048
0.010437624
0.011158644
0.011879663
0.0097166048
0.010437624
0.011158644
0.011879663
0.0097166048
0.010437624
0.011158644
0.011879663
0.0097166048
0.010437624
0.011158644
0.011879663
0.0097166048
0.010437624
0.011158644
0.011879663
0.0097166048
0.010437624
0.011158644
0.011879663
0.0097166048
0.010437624
0.011158644
0.011879663
0.0097166048
0.010437624
0.011158644
0.011879663
0.0097166048
0.010437624
0.011158644
0.011879663
0.0097166048
0.010437624
0.011158644
0.011879663
0.0097166048
0.010437624
0.011158644
0.011879663
0.0097166048
0.010437624
0.011158644
0.011879663
0.0097166048
0.010437624
0.011158644
0.011879663
0.0097166048
0.010437624
0.011158644
0.011879663
0.0097166048
0.010437624
0.011158644
0.011879663
0.0097166048
0.010437624
0.011158644
0.011879663
0.0097166048
0.010437624
0.011158644
0.011879663
0.0097166048
0.010437624
0.011158644
0.011879663
0.0097166048
0.010437624
0.011158644
0.011879663
0.0097166048
0.010437624
0.011158644
0.011879663
0.0097166048
0.010437624
0.011158644
0.011879663
0.0097166048
0.010437624
0.011158644
0.011879663
0.0097166048
0.010437624
0.011158644
0.011879663
0.010937264
0.011653115
0.012368966
0.013084816
0.010937264
0.011653115
0.012368966
0.013084816
0.010937264
0.011653115
0.012368966
0.013084816
0.010937264
0.011653115
0.012368966
0.013084816
0.010937264
0.011653115
0.012368966
0.013084816
0.010937264
0.011653115
0.012368966
0.013084816
0.010937264
0.011653115
0.012368966
0.013084816
0.010937264
0.011653115
0.012368966
0.013084816
0.010937264
0.011653115
0.012368966
0.013084816
0.010937264
0.011653115
0.012368966
0.013084816
0.010937264
0.011653115
0.012368966
0.013084816
0.010937264
0.011653115
0.012368966
0.013084816
0.010937264
0.011653115
0.012368966
0.013084816
0.010937264
0.011653115
0.012368966
0.013084816
0.010937264
0.011653115
0.012368966
0.013084816
0.010937264
0.011653115
0.012368966
0.013084816
0.010937264
0.011653115
0.012368966
0.013084816
0.010937264
0.011653115
0.012368966
0.013084816
0.010937264
0.011653115
0.012368966
0.013084816
0.010937264
0.011653115
0.012368966
0.013084816
0.010937264
0.011653115
0.012368966
0.013084816
0.010937264
0.011653115
0.012368966
0.013084816
0.010937264
0.011653115
0.012368966
0.013084816
0.010937264
0.011653115
0.012368966
0.013084816
0.012157923
0.012868605
0.013579287
0.01428997
0.012157923
0.012868605
0.013579287
0.01428997
0.012157923
0.012868605
0.013579287
0.01428997
0.012157923
0.012868605
0.013579287
0.01428997
0.012157923
0.012868605
0.013579287
0.01428997
0.012157923
0.012868605
0.013579287
0.01428997
0.012157923
0.012868605
0.013579287
0.01428997
0.012157923
0.012868605
0.013579287
0.01428997
0.012157923
0.012868605
0.013579287
0.01428997
0.012157923
0.012868605
0.013579287
0.01428997
0.012157923
0.012868605
0.013579287
0.01428997
0.012157923
0.012868605
0.013579287
0.01428997
0.012157923
0.012868605
0.013579287
0.01428997
0.012157923
0.012868605
0.013579287
0.01428997
0.012157923
0.012868605
0.013579287
0.01428997
0.012157923
0.012868605
0.013579287
0.01428997
0.012157923
0.012868605
0.013579287
0.01428997
0.012157923
0.012868605
0.013579287
0.01428997
0.012157923
0.012868605
0.013579287
0.01428997
0.012157923
0.012868605
0.013579287
0.01428997
0.012157923
0.012868605
0.013579287
0.01428997
0.012157923
0.012868605
0.013579287
0.01428997
0.012157923
0.012868605
0.013579287
0.01428997
0.012157923
0.012868605
0.013579287
0.01428997
0.013378582
0.014084096
0.014789609
0.015495123
0.013378582
0.014084096
0.014789609
0.015495123
0.013378582
0.014084096
0.014789609
0.015495123
0.013378582
0.014084096
0.014789609
0.015495123
0.013378582
0.014084096
0.014789609
0.015495123
0.013378582
0.014084096
0.014789609
0.015495123
0.013378582
0.014084096
0.014789609
0.015495123
0.013378582
0.014084096
0.014789609
0.015495123
0.013378582
0.014084096
0.014789609
0.015495123
0.013378582
0.014084096
0.014789609
0.015495123
0.013378582
0.014084096
0.014789609
0.015495123
0.013378582
0.014084096
0.014789609
0.015495123
0.013378582
0.014084096
0.014789609
0.015495123
0.013378582
0.014084096
0.014789609
0.015495123
0.013378582
0.014084096
0.014789609
0.015495123
0.013378582
0.014084096
0.014789609
0.015495123
0.013378582
0.014084096
0.014789609
0.015495123
0.013378582
0.014084096
0.014789609
0.015495123
0.013378582
0.014084096
0.014789609
0.015495123
0.013378582
0.014084096
0.014789609
0.015495123
0.013378582
0.014084096
0.014789609
0.015495123
0.013378582
0.014084096
0.014789609
0.015495123
0.013378582
0.014084096
0.014789609
0.015495123
0.013378582
0.014084096
0.014789609
0.015495123
0.014599241
0.015299586
0.015999931
0.016700276
0.014599241
0.015299586
0.015999931
0.016700276
0.014599241
0.015299586
0.015999931
0.016700276
0.014599241
0.015299586
0.015999931
0.016700276
0.014599241
0.015299586
0.015999931
0.016700276
0.014599241
0.015299586
0.015999931
0.016700276
0.014599241
0.015299586
0.015999931
0.016700276
0.014599241
0.015299586
0.015999931
0.016700276
0.014599241
0.015299586
0.015999931
0.016700276
0.014599241
0.015299586
0.015999931
0.016700276
0.014599241
0.015299586
0.015999931
0.016700276
0.014599241
0.015299586
0.015999931
0.016700276
0.014599241
0.015299586
0.015999931
0.016700276
0.014599241
0.015299586
0.015999931
0.016700276
0.014599241
0.015299586
0.015999931
0.016700276
0.014599241
0.015299586
0.015999931
0.016700276
0.014599241
0.015299586
0.015999931
0.016700276
0.014599241
0.015299586
0.015999931
0.016700276
0.014599241
0.015299586
0.015999931
0.016700276
0.014599241
0.015299586
0.015999931
0.016700276
0.014599241
0.015299586
0.015999931
0.016700276
0.014599241
0.015299586
0.015999931
0.016700276
0.014599241
0.015299586
0.015999931
0.016700276
0.014599241
0.015299586
0.015999931
0.016700276
0.015819899
0.016515076
0.017210253
0.017905429
0.015819899
0.016515076
0.017210253
0.017905429
0.015819899
0.016515076
0.017210253
0.017905429
0.015819899
0.016515076
0.017210253
0.017905429
0.015819899
0.016515076
0.017210253
0.017905429
0.015819899
0.016515076
0.017210253
0.017905429
0.015819899
0.016515076
0.017210253
0.017905429
0.015819899
0.016515076
0.017210253
0.017905429
0.015819899
0.016515076
0.017210253
0.017905429
0.015819899
0.016515076
0.017210253
0.017905429
0.015819899
0.016515076
0.017210253
0.017905429
0.015819899
0.016515076
0.017210253
0.017905429
0.015819899
0.016515076
0.017210253
0.017905429
0.015819899
0.016515076
0.017210253
0.017905429
0.015819899
0.016515076
0.017210253
0.017905429
0.015819899
0.016515076
0.017210253
0.017905429
0.015819899
0.016515076
0.017210253
0.017905429
0.015819899
0.016515076
0.017210253
0.017905429
0.015819899
0.016515076
0.017210253
0.017905429
0.015819899
0.016515076
0.017210253
0.017905429
0.015819899
0.016515076
0.017210253
0.017905429
0.015819899
0.016515076
0.017210253
0.017905429
0.015819899
0.016515076
0.017210253
0.017905429
0.015819899
0.016515076
0.017210253
0.017905429
0.017040558
0.017730566
0.018420574
0.019110582
0.017040558
0.017730566
0.018420574
0.019110582
0.017040558
0.017730566
0.018420574
0.019110582
0.017040558
0.017730566
0.018420574
0.019110582
0.017040558
0.017730566
0.018420574
0.019110582
0.017040558
0.017730566
0.018420574
0.019110582
0.017040558
0.017730566
0.018420574
0.019110582
0.017040558
0.017730566
0.018420574
0.019110582
0.017040558
0.017730566
0.018420574
0.019110582
0.017040558
0.017730566
0.018420574
0.019110582
0.017040558
0.017730566
0.018420574
0.019110582
0.017040558
0.017730566
0.018420574
0.019110582
0.017040558
0.017730566
0.018420574
0.019110582
0.017040558
0.017730566
0.018420574
0.019110582
0.017040558
0.017730566
0.018420574
0.019110582
0.017040558
0.017730566
0.018420574
0.019110582
0.017040558
0.017730566
0.018420574
0.019110582
0.017040558
0.017730566
0.018420574
0.019110582
0.017040558
0.017730566
0.018420574
0.019110582
0.017040558
0.017730566
0.018420574
0.019110582
0.017040558
0.017730566
0.018420574
0.019110582
0.017040558
0.017730566
0.018420574
0.019110582
0.017040558
0.017730566
0.018420574
0.019110582
0.017040558
0.017730566
0.018420574
0.019110582
0.018261217
0.018946056
0.019630896
0.020315735
0.018261217
0.018946056
0.019630896
0.020315735
0.018261217
0.018946056
0.019630896
0.020315735
0.018261217
0.018946056
0.019630896
0.020315735
0.018261217
0.018946056
0.019630896
0.020315735
0.018261217
0.018946056
0.019630896
0.020315735
0.018261217
0.018946056
0.019630896
0.020315735
0.018261217
0.018946056
0.019630896
0.020315735
0.018261217
0.018946056
0.019630896
0.020315735
0.018261217
0.018946056
0.019630896
0.020315735
0.018261217
0.018946056
0.019630896
0.020315735
0.018261217
0.018946056
0.019630896
0.020315735
0.018261217
0.018946056
0.019630896
0.020315735
0.018261217
0.018946056
0.019630896
0.020315735
0.018261217
0.018946056
0.019630896
0.020315735
0.018261217
0.018946056
0.019630896
0.020315735
0.018261217
0.018946056
0.019630896
0.020315735
0.018261217
0.018946056
0.019630896
0.020315735
0.018261217
0.018946056
0.019630896
0.020315735
0.018261217
0.018946056
0.019630896
0.020315735
0.018261217
0.018946056
0.019630896
0.020315735
0.018261217
0.018946056
0.019630896
0.020315735
0.018261217
0.018946056
0.019630896
0.020315735
0.018261217
0.018946056
0.019630896
0.020315735
-0.0064875642
-0.0054608039
-0.0044340436
-0.0034072834
-0.0064875642
-0.0054608039
-0.0044340436
-0.0034072834
-0.0064875642
-0.0054608039
-0.0044340436
-0.0034072834
-0.0064875642
-0.0054608039
-0.0044340436
-0.0034072834
-0.0064875642
-0.0054608039
-0.0044340436
-0.0034072834
-0.0064875642
-0.0054608039
-0.0044340436
-0.0034072834
-0.0064875642
-0.0054608039
-0.0044340436
-0.0034072834
-0.0064875642
-0.0054608039
-0.0044340436
-0.0034072834
-0.0064875642
-0.0054608039
-0.0044340436
-0.0034072834
-0.0064875642
-0.0054608039
-0.0044340436
-0.0034072834
-0.0064875642
-0.0054608039
-0.0044340436
-0.0034072834
-0.0064875642
-0.0054608039
-0.0044340436
-0.0034072834
-0.0064875642
-0.0054608039
-0.0044340436
-0.0034072834
-0.0064875642
-0.0054608039
-0.0044340436
-0.0034072834
-0.0064875642
-0.0054608039
-0.0044340436
-0.0034072834
-0.0064875642
-0.0054608039
-0.0044340436
-0.0034072834
-0.0064875642
-0.0054608039
-0.0044340436
-0.0034072834
-0.0064875642
-0.0054608039
-0.0044340436
-0.0034072834
-0.0064875642
-0.0054608039
-0.0044340436
-0.0034072834
-0.0064875642
-0.0054608039
-0.0044340436
-0.0034072834
-0.0064875642
-0.0054608039
-0.0044340436
-0.0034072834
-0.0064875642
-0.0054608039
-0.0044340436
-0.0034072834
-0.0064875642
-0.0054608039
-0.0044340436
-0.0034072834
-0.0064875642
-0.0054608039
-0.0044340436
-0.0034072834
-0.0052882955
-0.0042681381
-0.0032479808
-0.0022278235
-0.0052882955
-0.0042681381
-0.0032479808
-0.0022278235
-0.0052882955
-0.0042681381
-0.0032479808
-0.0022278235
-0.0052882955
-0.0042681381
-0.0032479808
-0.0022278235
-0.0052882955
-0.0042681381
-0.0032479808
-0.0022278235
-0.0052882955
-0.0042681381
-0.0032479808
-0.0022278235
-0.0052882955
-0.0042681381
-0.0032479808
-0.0022278235
-0.0052882955
-0.0042681381
-0.0032479808
-0.0022278235
-0.0052882955
-0.0042681381
-0.0032479808
-0.0022278235
-0.0052882955
-0.0042681381
-0.0032479808
-0.0022278235
-0.0052882955
-0.0042681381
-0.0032479808
-0.0022278235
-0.0052882955
-0.0042681381
-0.0032479808
-0.0022278235
-0.0052882955
-0.0042681381
-0.0032479808
-0.0022278235
-0.0052882955
-0.0042681381
-0.0032479808
-0.0022278235
-0.0052882955
-0.0042681381
-0.0032479808
-0.0022278235
-0.0052882955
-0.0042681381
-0.0032479808
-0.0022278235
-0.0052882955
-0.0042681381
-0.0032479808
-0.0022278235
-0.0052882955
-0.0042681381
-0.0032479808
-0.0022278235
-0.0052882955
-0.0042681381
-0.0032479808
-0.0022278235
-0.0052882955
-0.0042681381
-0.0032479808
-0.0022278235
-0.0052882955
-0.0042681381
-0.0032479808
-0.0022278235
-0.0052882955
-0.0042681381
-0.0032479808
-0.0022278235
-0.0052882955
-0.0042681381
-0.0032479808
-0.0022278235
-0.0052882955
-0.0042681381
-0.0032479808
-0.0022278235
-0.0040890269
-0.0030754724
-0.002061918
-0.0010483636
-0.0040890269
-0.0030754724
-0.002061918
-0.0010483636
-0.0040890269
-0.0030754724
-0.002061918
-0.0010483636
-0.0040890269
-0.0030754724
-0.002061918
-0.0010483636
-0.0040890269
-0.0030754724
-0.002061918
-0.0010483636
-0.0040890269
-0.0030754724
-0.002061918
-0.0010483636
-0.0040890269
-0.0030754724
-0.002061918
-0.0010483636
-0.0040890269
-0.0030754724
-0.002061918
-0.0010483636
-0.0040890269
-0.0030754724
-0.002061918
-0.0010483636
-0.0040890269
-0.0030754724
-0.002061918
-0.0010483636
-0.0040890269
-0.0030754724
-0.002061918
-0.0010483636
-0.0040890269
-0.0030754724
-0.002061918
-0.0010483636
-0.0040890269
-0.0030754724
-0.002061918
-0.0010483636
-0.0040890269
-0.0030754724
-0.002061918
-0.0010483636
-0.0040890269
-0.0030754724
-0.002061918
-0.0010483636
-0.0040890269
-0.0030754724
-0.002061918
-0.0010483636
-0.0040890269
-0.0030754724
-0.002061918
-0.0010483636
-0.0040890269
-0.0030754724
-0.002061918
-0.0010483636
-0.0040890269
-0.0030754724
-0.002061918
-0.0010483636
-0.0040890269
-0.0030754724
-0.002061918
-0.0010483636
-0.0040890269
-0.0030754724
-0.002061918
-0.0010483636
-0.0040890269
-0.0030754724
-0.002061918
-0.0010483636
-0.0040890269
-0.0030754724
-0.002061918
-0.0010483636
-0.0040890269
-0.0030754724
-0.002061918
-0.0010483636
-0.0028897583
-0.0018828068
-0.00087585528
0.00013109623
-0.0028897583
-0.0018828068
-0.00087585528
0.00013109623
-0.0028897583
-0.0018828068
-0.00087585528
0.00013109623
-0.0028897583
-0.0018828068
-0.00087585528
0.00013109623
-0.0028897583
-0.0018828068
-0.00087585528
0.00013109623
-0.0028897583
-0.0018828068
-0.00087585528
0.00013109623
-0.0028897583
-0.0018828068
-0.00087585528
0.00013109623
-0.0028897583
-0.0018828068
-0.00087585528
0.00013109623
-0.0028897583
-0.0018828068
-0.00087585528
0.00013109623
-0.0028897583
-0.0018828068
-0.00087585528
0.00013109623
-0.0028897583
-0.0018828068
-0.00087585528
0.00013109623
-0.0028897583
-0.0018828068
-0.00087585528
0.00013109623
-0.0028897583
-0.0018828068
-0.00087585528
0.00013109623
-0.0028897583
-0.0018828068
-0.00087585528
0.00013109623
-0.0028897583
-0.0018828068
-0.00087585528
0.00013109623
-0.0028897583
-0.0018828068
-0.00087585528
0.00013109624
-0.0028897583
-0.0018828068
-0.00087585528
0.00013109623
-0.0028897583
-0.0018828068
-0.00087585528
0.00013109623
-0.0028897583
-0.0018828068
-0.00087585528
0.00013109624
-0.0028897583
-0.0018828068
-0.00087585528
0.00013109623
-0.0028897583
-0.0018828068
-0.00087585528
0.00013109623
-0.0028897583
-0.0018828068
-0.00087585528
0.00013109624
-0.0028897583
-0.0018828068
-0.00087585528
0.00013109623
-0.0028897583
-0.0018828068
-0.00087585528
0.00013109624
-0.0016904898
-0.0006901412
0.0003102074
0.001310556
-0.0016904898
-0.0006901412
0.0003102074
0.001310556
-0.0016904898
-0.0006901412
0.0003102074
0.001310556
-0.0016904898
-0.0006901412
0.0003102074
0.001310556
-0.0016904898
-0.0006901412
0.0003102074
0.001310556
-0.0016904898
-0.0006901412
0.0003102074
0.001310556
-0.0016904898
-0.0006901412
0.0003102074
0.001310556
-0.0016904898
-0.0006901412
0.0003102074
0.001310556
-0.0016904898
-0.0006901412
0.0003102074
0.001310556
-0.0016904898
-0.0006901412
0.0003102074
0.001310556
-0.0016904898
-0.0006901412
0.0003102074
0.001310556
-0.0016904898
-0.0006901412
0.0003102074
0.001310556
-0.0016904898
-0.0006901412
0.0003102074
0.001310556
-0.0016904898
-0.0006901412
0.0003102074
0.001310556
-0.0016904898
-0.0006901412
0.0003102074
0.001310556
-0.0016904898
-0.0006901412
0.0003102074
0.001310556
-0.0016904898
-0.0006901412
0.0003102074
0.001310556
-0.0016904898
-0.0006901412
0.0003102074
0.001310556
-0.0016904898
-0.0006901412
0.0003102074
0.001310556
-0.0016904898
-0.0006901412
0.0003102074
0.001310556
-0.0016904898
-0.0006901412
0.0003102074
0.001310556
-0.0016904898
-0.0006901412
0.0003102074
0.001310556
-0.0016904898
-0.0006901412
0.0003102074
0.001310556
-0.0016904898
-0.0006901412
0.0003102074
0.001310556
-0.00049122136
0.00050252433
0.00149627
0.0024900157
-0.00049122136
0.00050252433
0.00149627
0.0024900157
-0.00049122136
0.00050252433
0.00149627
0.0024900157
-0.00049122136
0.00050252433
0.00149627
0.0024900157
-0.00049122136
0.00050252433
0.00149627
0.0024900157
-0.00049122136
0.00050252433
0.00149627
0.0024900157
-0.00049122136
0.00050252433
0.00149627
0.0024900157
-0.00049122136
0.00050252433
0.00149627
0.0024900157
-0.00049122136
0.00050252433
0.00149627
0.0024900157
-0.00049122136
0.00050252433
0.00149627
0.0024900157
-0.00049122136
0.00050252433
0.00149627
0.0024900157
-0.00049122136
0.00050252433
0.00149627
0.0024900157
-0.00049122136
0.00050252433
0.00149627
0.0024900157
-0.00049122136
0.00050252433
0.00149627
0.0024900157
-0.00049122136
0.00050252433
0.00149627
0.0024900157
-0.00049122136
0.00050252433
0.00149627
0.0024900157
-0.00049122135
0.00050252433
0.00149627
0.0024900157
-0.00049122136
0.00050252433
0.00149627
0.0024900157
-0.00049122136
0.00050252433
0.00149627
0.0024900157
-0.00049122135
0.00050252433
0.00149627
0.0024900157
-0.00049122136
0.00050252433
0.00149627
0.0024900157
-0.00049122136
0.00050252433
0.00149627
0.0024900157
-0.00049122135
0.00050252433
0.00149627
0.0024900157
-0.00049122136
0.00050252433
0.00149627
0.0024900157
0.00070804703
0.0016951898
0.0026823326
0.0036694754
0.00070804703
0.0016951898
0.0026823326
0.0036694754
0.00070804703
0.0016951898
0.0026823326
0.0036694754
0.00070804703
0.0016951898
0.0026823326
0.0036694754
0.00070804703
0.0016951898
0.0026823326
0.0036694754
0.00070804703
0.0016951898
0.0026823326
0.0036694754
0.00070804703
0.0016951898
0.0026823326
0.0036694754
0.00070804703
0.0016951898
0.0026823326
0.0036694754
0.00070804703
0.0016951898
0.0026823326
0.0036694754
0.00070804703
0.0016951898
0.0026823326
0.0036694754
0.00070804703
0.0016951898
0.0026823326
0.0036694754
0.00070804703
0.0016951898
0.0026823326
0.0036694754
0.00070804703
0.0016951898
0.0026823326
0.0036694754
0.00070804703
0.0016951898
0.0026823326
0.0036694754
0.00070804703
0.0016951898
0.0026823326
0.0036694754
0.00070804703
0.0016951898
0.0026823326
0.0036694754
0.00070804703
0.0016951898
0.0026823326
0.0036694754
0.00070804703
0.0016951898
0.0026823326
0.0036694754
0.00070804703
0.0016951898
0.0026823326
0.0036694754
0.00070804703
0.0016951898
0.0026823326
0.0036694754
0.00070804703
0.0016951898
0.0026823326
0.0036694754
0.00070804703
0.0016951898
0.0026823326
0.0036694754
0.00070804703
0.0016951898
0.0026823326
0.0036694754
0.00070804703
0.0016951898
0.0026823326
0.0036694754
0.0019073154
0.0028878552
0.0038683951
0.004848935
0.0019073154
0.0028878552
0.0038683951
0.004848935
0.0019073154
0.0028878552
0.0038683951
0.004848935
0.0019073154
0.0028878552
0.0038683951
0.004848935
0.0019073154
0.0028878552
0.0038683951
0.004848935
0.0019073154
0.0028878552
0.0038683951
0.004848935
0.0019073154
0.0028878552
0.0038683951
0.004848935
0.0019073154
0.0028878552
0.0038683951
0.004848935
0.0019073154
0.0028878552
0.0038683951
0.004848935
0.0019073154
0.0028878552
0.0038683951
0.004848935
0.0019073154
0.0028878552
0.0038683951
0.004848935
0.0019073154
0.0028878552
0.0038683951
0.004848935
0.0019073154
0.0028878552
0.0038683951
0.004848935
0.0019073154
0.0028878552
0.0038683951
0.004848935
0.0019073154
0.0028878552
0.0038683951
0.004848935
0.0019073154
0.0028878552
0.0038683951
0.004848935
0.0019073154
0.0028878552
0.0038683951
0.004848935
0.0019073154
0.0028878552
0.0038683951
0.004848935
0.0019073154
0.0028878552
0.0038683951
0.004848935
0.0019073154
0.0028878552
0.0038683951
0.004848935
0.0019073154
0.0028878552
0.0038683951
0.004848935
0.0019073154
0.0028878552
0.0038683951
0.004848935
0.0019073154
0.0028878552
0.0038683951
0.004848935
0.0019073154
0.0028878552
0.0038683951
0.004848935
0.0031065836
0.0040805206
0.0050544575
0.0060283945
0.0031065836
0.0040805206
0.0050544575
0.0060283945
0.0031065836
0.0040805206
0.0050544575
0.0060283945
0.0031065836
0.0040805206
0.0050544575
0.0060283945
0.0031065836
0.0040805206
0.0050544575
0.0060283945
0.0031065836
0.0040805206
0.0050544575
0.0060283945
0.0031065836
0.0040805206
0.0050544575
0.0060283945
0.0031065836
0.0040805206
0.0050544575
0.0060283945
0.0031065836
0.0040805206
0.0050544575
0.0060283945
0.0031065836
0.0040805206
0.0050544575
0.0060283945
0.0031065836
0.0040805206
0.0050544575
0.0060283945
0.0031065836
0.0040805206
0.0050544575
0.0060283945
0.0031065836
0.0040805206
0.0050544575
0.0060283945
0.0031065836
0.0040805206
0.0050544575
0.0060283945
0.0031065836
0.0040805206
0.0050544575
0.0060283945
0.0031065836
0.0040805206
0.0050544575
0.0060283945
0.0031065836
0.0040805206
0.0050544575
0.0060283945
0.0031065836
0.0040805206
0.0050544575
0.0060283945
0.0031065836
0.0040805206
0.0050544575
0.0060283945
0.0031065836
0.0040805206
0.0050544575
0.0060283945
0.0031065836
0.0040805206
0.0050544575
0.0060283945
0.0031065836
0.0040805206
0.0050544575
0.0060283945
0.0031065836
0.0040805206
0.0050544575
0.0060283945
0.0031065836
0.0040805206
0.0050544575
0.0060283945
0.0043058518
0.0052731859
0.0062405199
0.007207854
0.0043058518
0.0052731859
0.0062405199
0.007207854
0.0043058518
0.0052731859
0.0062405199
0.007207854
0.0043058518
0.0052731859
0.0062405199
0.007207854
0.0043058518
0.0052731859
0.0062405199
0.007207854
0.0043058518
0.0052731859
0.0062405199
0.007207854
0.0043058518
0.0052731859
0.0062405199
0.007207854
0.0043058518
0.0052731859
0.0062405199
0.007207854
0.0043058518
0.0052731859
0.0062405199
0.007207854
0.0043058518
0.0052731859
0.0062405199
0.007207854
0.0043058518
0.0052731859
0.0062405199
0.007207854
0.0043058518
0.0052731859
0.0062405199
0.007207854
0.0043058518
0.0052731859
0.0062405199
0.007207854
0.0043058518
0.0052731859
0.0062405199
0.007207854
0.0043058518
0.0052731859
0.0062405199
0.007207854
0.0043058518
0.0052731859
0.0062405199
0.007207854
0.0043058518
0.0052731859
0.0062405199
0.007207854
0.0043058518
0.0052731859
0.0062405199
0.007207854
0.0043058518
0.0052731859
0.0062405199
0.007207854
0.0043058518
0.0052731859
0.0062405199
0.007207854
0.0043058518
0.0052731859
0.0062405199
0.007207854
0.0043058518
0.0052731859
0.0062405199
0.007207854
0.0043058518
0.0052731859
0.0062405199
0.007207854
0.0043058518
0.0052731859
0.0062405199
0.007207854
0.00550512
0.0064658511
0.0074265822
0.0083873134
0.00550512
0.0064658511
0.0074265822
0.0083873134
0.00550512
0.0064658511
0.0074265822
0.0083873134
0.00550512
0.0064658511
0.0074265822
0.0083873134
0.00550512
0.0064658511
0.0074265822
0.0083873134
0.00550512
0.0064658511
0.0074265822
0.0083873134
0.00550512
0.0064658511
0.0074265822
0.0083873134
0.00550512
0.0064658511
0.0074265822
0.0083873134
0.00550512
0.0064658511
0.0074265822
0.0083873134
0.00550512
0.0064658511
0.0074265822
0.0083873134
0.00550512
0.0064658511
0.0074265822
0.0083873134
0.00550512
0.0064658511
0.0074265822
0.0083873134
0.00550512
0.0064658511
0.0074265822
0.0083873134
0.00550512
0.0064658511
0.0074265822
0.0083873134
0.00550512
0.0064658511
0.0074265822
0.0083873134
0.00550512
0.0064658511
0.0074265822
0.0083873134
0.00550512
0.0064658511
0.0074265822
0.0083873134
0.00550512
0.0064658511
0.0074265822
0.0083873134
0.00550512
0.0064658511
0.0074265822
0.0083873134
0.00550512
0.0064658511
0.0074265822
0.0083873134
0.00550512
0.0064658511
0.0074265822
0.0083873134
0.00550512
0.0064658511
0.0074265822
0.0083873134
0.00550512
0.0064658511
0.0074265822
0.0083873134
0.00550512
0.0064658511
0.0074265822
0.0083873134
0.0067043881
0.0076585163
0.0086126445
0.0095667727
0.0067043881
0.0076585163
0.0086126445
0.0095667727
0.0067043881
0.0076585163
0.0086126445
0.0095667727
0.0067043881
0.0076585163
0.0086126445
0.0095667727
0.0067043881
0.0076585163
0.0086126445
0.0095667727
0.0067043881
0.0076585163
0.0086126445
0.0095667727
0.0067043881
0.0076585163
0.0086126445
0.0095667727
0.0067043881
0.0076585163
0.0086126445
0.0095667727
0.0067043881
0.0076585163
0.0086126445
0.0095667727
0.0067043881
0.0076585163
0.0086126445
0.0095667727
0.0067043881
0.0076585163
0.0086126445
0.0095667727
0.0067043881
0.0076585163
0.0086126445
0.0095667727
0.0067043881
0.0076585163
0.0086126445
0.0095667727
0.0067043881
0.0076585163
0.0086126445
0.0095667727
0.0067043881
0.0076585163
0.0086126445
0.0095667727
0.0067043881
0.0076585163
0.0086126445
0.0095667727
0.0067043881
0.0076585163
0.0086126445
0.0095667727
0.0067043881
0.0076585163
0.0086126445
0.0095667727
0.0067043881
0.0076585163
0.0086126445
0.0095667727
0.0067043881
0.0076585163
0.0086126445
0.0095667727
0.0067043881
0.0076585163
0.0086126445
0.0095667727
0.0067043881
0.0076585163
0.0086126445
0.0095667727
0.0067043881
0.0076585163
0.0086126445
0.0095667727
0.0067043881
0.0076585163
0.0086126445
0.0095667727
0.0079036561
0.0088511814
0.0097987067
0.010746232
0.0079036561
0.0088511814
0.0097987067
0.010746232
0.0079036561
0.0088511814
0.0097987067
0.010746232
0.0079036561
0.0088511814
0.0097987067
0.010746232
0.0079036561
0.0088511814
0.0097987067
0.010746232
0.0079036561
0.0088511814
0.0097987067
0.010746232
0.0079036561
0.0088511814
0.0097987067
0.010746232
0.0079036561
0.0088511814
0.0097987067
0.010746232
0.0079036561
0.0088511814
0.0097987067
0.010746232
0.0079036561
0.0088511814
0.0097987067
0.010746232
0.0079036561
0.0088511814
0.0097987067
0.010746232
0.0079036561
0.0088511814
0.0097987067
0.010746232
0.0079036561
0.0088511814
0.0097987067
0.010746232
0.0079036561
0.0088511814
0.0097987067
0.010746232
0.0079036561
0.0088511814
0.0097987067
0.010746232
0.0079036561
0.0088511814
0.0097987067
0.010746232
0.0079036561
0.0088511814
0.0097987067
0.010746232
0.0079036561
0.0088511814
0.0097987067
0.010746232
0.0079036561
0.0088511814
0.0097987067
0.010746232
0.0079036561
0.0088511814
0.0097987067
0.010746232
0.0079036561
0.0088511814
0.0097987067
0.010746232
0.0079036561
0.0088511814
0.0097987067
0.010746232
0.0079036561
0.0088511814
0.0097987067
0.010746232
0.0079036561
0.0088511814
0.0097987067
0.010746232
0.009102924
0.010043846
0.010984769
0.011925691
0.009102924
0.010043846
0.010984769
0.011925691
0.009102924
0.010043846
0.010984769
0.011925691
0.009102924
0.010043846
0.010984769
0.011925691
0.009102924
0.010043846
0.010984769
0.011925691
0.009102924
0.010043846
0.010984769
0.011925691
0.009102924
0.010043846
0.010984769
0.011925691
0.009102924
0.010043846
0.010984769
0.011925691
0.009102924
0.010043846
0.010984769
0.011925691
0.009102924
0.010043846
0.010984769
0.011925691
0.009102924
0.010043846
0.010984769
0.011925691
0.009102924
0.010043846
0.010984769
0.011925691
0.009102924
0.010043846
0.010984769
0.011925691
0.009102924
0.010043846
0.010984769
0.011925691
0.009102924
0.010043846
0.010984769
0.011925691
0.009102924
0.010043846
0.010984769
0.011925691
0.009102924
0.010043846
0.010984769
0.011925691
0.009102924
0.010043846
0.010984769
0.011925691
0.009102924
0.010043846
0.010984769
0.011925691
0.009102924
0.010043846
0.010984769
0.011925691
0.009102924
0.010043846
0.010984769
0.011925691
0.009102924
0.010043846
0.010984769
0.011925691
0.009102924
0.010043846
0.010984769
0.011925691
0.009102924
0.010043846
0.010984769
0.011925691
0.010302192
0.011236511
0.012170831
0.01310515
0.010302192
0.011236511
0.012170831
0.01310515
0.010302192
0.011236511
0.012170831
0.01310515
0.010302192
0.011236511
0.012170831
0.01310515
0.010302192
0.011236511
0.012170831
0.01310515
0.010302192
0.011236511
0.012170831
0.01310515
0.010302192
0.011236511
0.012170831
0.01310515
0.010302192
0.011236511
0.012170831
0.01310515
0.010302192
0.011236511
0.012170831
0.01310515
0.010302192
0.011236511
0.012170831
0.01310515
0.010302192
0.011236511
0.012170831
0.01310515
0.010302192
0.011236511
0.012170831
0.01310515
0.010302192
0.011236511
0.012170831
0.01310515
0.010302192
0.011236511
0.012170831
0.01310515
0.010302192
0.011236511
0.012170831
0.01310515
0.010302192
0.011236511
0.012170831
0.01310515
0.010302192
0.011236511
0.012170831
0.01310515
0.010302192
0.011236511
0.012170831
0.01310515
0.010302192
0.011236511
0.012170831
0.01310515
0.010302192
0.011236511
0.012170831
0.01310515
0.010302192
0.011236511
0.012170831
0.01310515
0.010302192
0.011236511
0.012170831
0.01310515
0.010302192
0.011236511
0.012170831
0.01310515
0.010302192
0.011236511
0.012170831
0.01310515
0.01150146
0.012429176
0.013356893
0.014284609
0.01150146
0.012429176
0.013356893
0.014284609
0.01150146
0.012429176
0.013356893
0.014284609
0.01150146
0.012429176
0.013356893
0.014284609
0.01150146
0.012429176
0.013356893
0.014284609
0.01150146
0.012429176
0.013356893
0.014284609
0.01150146
0.012429176
0.013356893
0.014284609
0.01150146
0.012429176
0.013356893
0.014284609
0.01150146
0.012429176
0.013356893
0.014284609
0.01150146
0.012429176
0.013356893
0.014284609
0.01150146
0.012429176
0.013356893
0.014284609
0.01150146
0.012429176
0.013356893
0.014284609
0.01150146
0.012429176
0.013356893
0.014284609
0.01150146
0.012429176
0.013356893
0.014284609
0.01150146
0.012429176
0.013356893
0.014284609
0.01150146
0.012429176
0.013356893
0.014284609
0.01150146
0.012429176
0.013356893
0.014284609
0.01150146
0.012429176
0.013356893
0.014284609
0.01150146
0.012429176
0.013356893
0.014284609
0.01150146
0.012429176
0.013356893
0.014284609
0.01150146
0.012429176
0.013356893
0.014284609
0.01150146
0.012429176
0.013356893
0.014284609
0.01150146
0.012429176
0.013356893
0.014284609
0.01150146
0.012429176
0.013356893
0.014284609
0.012700727
0.013621841
0.014542955
0.015464068
0.012700727
0.013621841
0.014542955
0.015464068
0.012700727
0.013621841
0.014542955
0.015464068
0.012700727
0.013621841
0.014542955
0.015464068
0.012700727
0.013621841
0.014542955
0.015464068
0.012700727
0.013621841
0.014542955
0.015464068
0.012700727
0.013621841
0.014542955
0.015464068
0.012700727
0.013621841
0.014542955
0.015464068
0.012700727
0.013621841
0.014542955
0.015464068
0.012700727
0.013621841
0.014542955
0.015464068
0.012700727
0.013621841
0.014542955
0.015464068
0.012700727
0.013621841
0.014542955
0.015464068
0.012700727
0.013621841
0.014542955
0.015464068
0.012700727
0.013621841
0.014542955
0.015464068
0.012700727
0.013621841
0.014542955
0.015464068
0.012700727
0.013621841
0.014542955
0.015464068
0.012700727
0.013621841
0.014542955
0.015464068
0.012700727
0.013621841
0.014542955
0.015464068
0.012700727
0.013621841
0.014542955
0.015464068
0.012700727
0.013621841
0.014542955
0.015464068
0.012700727
0.013621841
0.014542955
0.015464068
0.012700727
0.013621841
0.014542955
0.015464068
0.012700727
0.013621841
0.014542955
0.015464068
0.012700727
0.013621841
0.014542955
0.015464068
0.013899995
0.014814506
0.015729017
0.016643527
0.013899995
0.014814506
0.015729017
0.016643527
0.013899995
0.014814506
0.015729017
0.016643527
0.013899995
0.014814506
0.015729017
0.016643527
0.013899995
0.014814506
0.015729017
0.016643527
0.013899995
0.014814506
0.015729017
0.016643527
0.013899995
0.014814506
0.015729017
0.016643527
0.013899995
0.014814506
0.015729017
0.016643527
0.013899995
0.014814506
0.015729017
0.016643527
0.013899995
0.014814506
0.015729017
0.016643527
0.013899995
0.014814506
0.015729017
0.016643527
0.013899995
0.014814506
0.015729017
0.016643527
0.013899995
0.014814506
0.015729017
0.016643527
0.013899995
0.014814506
0.015729017
0.016643527
0.013899995
0.014814506
0.015729017
0.016643527
0.013899995
0.014814506
0.015729017
0.016643527
0.013899995
0.014814506
0.015729017
0.016643527
0.013899995
0.014814506
0.015729017
0.016643527
0.013899995
0.014814506
0.015729017
0.016643527
0.013899995
0.014814506
0.015729017
0.016643527
0.013899995
0.014814506
0.015729017
0.016643527
0.013899995
0.014814506
0.015729017
0.016643527
0.013899995
0.014814506
0.015729017
0.016643527
0.013899995
0.014814506
0.015729017
0.016643527
0.015099263
0.016007171
0.016915078
0.017822986
0.015099263
0.016007171
0.016915078
0.017822986
0.015099263
0.016007171
0.016915078
0.017822986
0.015099263
0.016007171
0.016915078
0.017822986
0.015099263
0.016007171
0.016915078
0.017822986
0.015099263
0.016007171
0.016915078
0.017822986
0.015099263
0.016007171
0.016915078
0.017822986
0.015099263
0.016007171
0.016915078
0.017822986
0.015099263
0.016007171
0.016915078
0.017822986
0.015099263
0.016007171
0.016915078
0.017822986
0.015099263
0.016007171
0.016915078
0.017822986
0.015099263
0.016007171
0.016915078
0.017822986
0.015099263
0.016007171
0.016915078
0.017822986
0.015099263
0.016007171
0.016915078
0.017822986
0.015099263
0.016007171
0.016915078
0.017822986
0.015099263
0.016007171
0.016915078
0.017822986
0.015099263
0.016007171
0.016915078
0.017822986
0.015099263
0.016007171
0.016915078
0.017822986
0.015099263
0.016007171
0.016915078
0.017822986
0.015099263
0.016007171
0.016915078
0.017822986
0.015099263
0.016007171
0.016915078
0.017822986
0.015099263
0.016007171
0.016915078
0.017822986
0.015099263
0.016007171
0.016915078
0.017822986
0.015099263
0.016007171
0.016915078
0.017822986
0.01629853
0.017199835
0.01810114
0.019002445
0.01629853
0.017199835
0.01810114
0.019002445
0.01629853
0.017199835
0.01810114
0.019002445
0.01629853
0.017199835
0.01810114
0.019002445
0.01629853
0.017199835
0.01810114
0.019002445
0.01629853
0.017199835
0.01810114
0.019002445
0.01629853
0.017199835
0.01810114
0.019002445
0.01629853
0.017199835
0.01810114
0.019002445
0.01629853
0.017199835
0.01810114
0.019002445
0.01629853
0.017199835
0.01810114
0.019002445
0.01629853
0.017199835
0.01810114
0.019002445
0.01629853
0.017199835
0.01810114
0.019002445
0.01629853
0.017199835
0.01810114
0.019002445
0.01629853
0.017199835
0.01810114
0.019002445
0.01629853
0.017199835
0.01810114
0.019002445
0.01629853
0.017199835
0.01810114
0.019002445
0.01629853
0.017199835
0.01810114
0.019002445
0.01629853
0.017199835
0.01810114
0.019002445
0.01629853
0.017199835
0.01810114
0.019002445
0.01629853
0.017199835
0.01810114
0.019002445
0.01629853
0.017199835
0.01810114
0.019002445
0.01629853
0.017199835
0.01810114
0.019002445
0.01629853
0.017199835
0.01810114
0.019002445
0.01629853
0.017199835
0.01810114
0.019002445
0.017497798
0.0183925
0.019287202
0.020181904
0.017497798
0.0183925
0.019287202
0.020181904
0.017497798
0.0183925
0.019287202
0.020181904
0.017497798
0.0183925
0.019287202
0.020181904
0.017497798
0.0183925
0.019287202
0.020181904
0.017497798
0.0183925
0.019287202
0.020181904
0.017497798
0.0183925
0.019287202
0.020181904
0.017497798
0.0183925
0.019287202
0.020181904
0.017497798
0.0183925
0.019287202
0.020181904
0.017497798
0.0183925
0.019287202
0.020181904
0.017497798
0.0183925
0.019287202
0.020181904
0.017497798
0.0183925
0.019287202
0.020181904
0.017497798
0.0183925
0.019287202
0.020181904
0.017497798
0.0183925
0.019287202
0.020181904
0.017497798
0.0183925
0.019287202
0.020181904
0.017497798
0.0183925
0.019287202
0.020181904
0.017497798
0.0183925
0.019287202
0.020181904
0.017497798
0.0183925
0.019287202
0.020181904
0.017497798
0.0183925
0.019287202
0.020181904
0.017497798
0.0183925
0.019287202
0.020181904
0.017497798
0.0183925
0.019287202
0.020181904
0.017497798
0.0183925
0.019287202
0.020181904
0.017497798
0.0183925
0.019287202
0.020181904
0.017497798
0.0183925
0.019287202
0.020181904
0.018697065
0.019585164
0.020473263
0.021361362
0.018697065
0.019585164
0.020473263
0.021361362
0.018697065
0.019585164
0.020473263
0.021361362
0.018697065
0.019585164
0.020473263
0.021361362
0.018697065
0.019585164
0.020473263
0.021361362
0.018697065
0.019585164
0.020473263
0.021361362
0.018697065
0.019585164
0.020473263
0.021361362
0.018697065
0.019585164
0.020473263
0.021361362
0.018697065
0.019585164
0.020473263
0.021361362
0.018697065
0.019585164
0.020473263
0.021361362
0.018697065
0.019585164
0.020473263
0.021361362
0.018697065
0.019585164
0.020473263
0.021361362
0.018697065
0.019585164
0.020473263
0.021361362
0.018697065
0.019585164
0.020473263
0.021361362
0.018697065
0.019585164
0.020473263
0.021361362
0.018697065
0.019585164
0.020473263
0.021361362
0.018697065
0.019585164
0.020473263
0.021361362
0.018697065
0.019585164
0.020473263
0.021361362
0.018697065
0.019585164
0.020473263
0.021361362
0.018697065
0.019585164
0.020473263
0.021361362
0.018697065
0.019585164
0.020473263
0.021361362
0.018697065
0.019585164
0.020473263
0.021361362
0.018697065
0.019585164
0.020473263
0.021361362
0.018697065
0.019585164
0.020473263
0.021361362
0.019896332
0.020777829
0.021659325
0.022540821
0.019896332
0.020777829
0.021659325
0.022540821
0.019896332
0.020777829
0.021659325
0.022540821
0.019896332
0.020777829
0.021659325
0.022540821
0.019896332
0.020777829
0.021659325
0.022540821
0.019896332
0.020777829
0.021659325
0.022540821
0.019896332
0.020777829
0.021659325
0.022540821
0.019896332
0.020777829
0.021659325
0.022540821
0.019896332
0.020777829
0.021659325
0.022540821
0.019896332
0.020777829
0.021659325
0.022540821
0.019896332
0.020777829
0.021659325
0.022540821
0.019896332
0.020777829
0.021659325
0.022540821
0.019896332
0.020777829
0.021659325
0.022540821
0.019896332
0.020777829
0.021659325
0.022540821
0.019896332
0.020777829
0.021659325
0.022540821
0.019896332
0.020777829
0.021659325
0.022540821
0.019896332
0.020777829
0.021659325
0.022540821
0.019896332
0.020777829
0.021659325
0.022540821
0.019896332
0.020777829
0.021659325
0.022540821
0.019896332
0.020777829
0.021659325
0.022540821
0.019896332
0.020777829
0.021659325
0.022540821
0.019896332
0.020777829
0.021659325
0.022540821
0.019896332
0.020777829
0.021659325
0.022540821
0.019896332
0.020777829
0.021659325
0.022540821
0.021095599
0.021970493
0.022845386
0.023720279
0.021095599
0.021970493
0.022845386
0.023720279
0.021095599
0.021970493
0.022845386
0.023720279
0.021095599
0.021970493
0.022845386
0.023720279
0.021095599
0.021970493
0.022845386
0.023720279
0.021095599
0.021970493
0.022845386
0.023720279
0.021095599
0.021970493
0.022845386
0.023720279
0.021095599
0.021970493
0.022845386
0.023720279
0.021095599
0.021970493
0.022845386
0.023720279
0.021095599
0.021970493
0.022845386
0.023720279
0.021095599
0.021970493
0.022845386
0.023720279
0.021095599
0.021970493
0.022845386
0.023720279
0.021095599
0.021970493
0.022845386
0.023720279
0.021095599
0.021970493
0.022845386
0.023720279
0.021095599
0.021970493
0.022845386
0.023720279
0.021095599
0.021970493
0.022845386
0.023720279
0.021095599
0.021970493
0.022845386
0.023720279
0.021095599
0.021970493
0.022845386
0.023720279
0.021095599
0.021970493
0.022845386
0.023720279
0.021095599
0.021970493
0.022845386
0.023720279
0.021095599
0.021970493
0.022845386
0.023720279
0.021095599
0.021970493
0.022845386
0.023720279
0.021095599
0.021970493
0.022845386
0.023720279
0.021095599
0.021970493
0.022845386
0.023720279
-0.0022714513
-0.0010265457
0.00021835984
0.0014632654
-0.0022714513
-0.0010265457
0.00021835984
0.0014632654
-0.0022714513
-0.0010265457
0.00021835984
0.0014632654
-0.0022714513
-0.0010265457
0.00021835984
0.0014632654
-0.0022714513
-0.0010265457
0.00021835984
0.0014632654
-0.0022714513
-0.0010265457
0.00021835984
0.0014632654
-0.0022714513
-0.0010265457
0.00021835984
0.0014632654
-0.0022714513
-0.0010265457
0.00021835984
0.0014632654
-0.0022714513
-0.0010265457
0.00021835984
0.0014632654
-0.0022714513
-0.0010265457
0.00021835984
0.0014632654
-0.0022714513
-0.0010265457
0.00021835984
0.0014632654
-0.0022714513
-0.0010265457
0.00021835984
0.0014632654
-0.0022714513
-0.0010265457
0.00021835984
0.0014632654
-0.0022714513
-0.0010265457
0.00021835984
0.0014632654
-0.0022714513
-0.0010265457
0.00021835984
0.0014632654
-0.0022714513
-0.0010265457
0.00021835984
0.0014632654
-0.0022714513
-0.0010265457
0.00021835984
0.0014632654
-0.0022714513
-0.0010265457
0.00021835984
0.0014632654
-0.0022714513
-0.0010265457
0.00021835984
0.0014632654
-0.0022714513
-0.0010265457
0.00021835984
0.0014632654
-0.0022714513
-0.0010265457
0.00021835984
0.0014632654
-0.0022714513
-0.0010265457
0.00021835984
0.0014632654
-0.0022714513
-0.0010265457
0.00021835984
0.0014632654
-0.0022714513
-0.0010265457
0.00021835984
0.0014632654
-0.0010992957
0.00013760406
0.0013745039
0.0026114037
-0.0010992957
0.00013760406
0.0013745039
0.0026114037
-0.0010992957
0.00013760406
0.0013745039
0.0026114037
-0.0010992957
0.00013760406
0.0013745039
0.0026114037
-0.0010992957
0.00013760406
0.0013745039
0.0026114037
-0.0010992957
0.00013760406
0.0013745039
0.0026114037
-0.0010992957
0.00013760406
0.0013745039
0.0026114037
-0.0010992957
0.00013760406
0.0013745039
0.0026114037
-0.0010992957
0.00013760406
0.0013745039
0.0026114037
-0.0010992957
0.00013760406
0.0013745039
0.0026114037
-0.0010992957
0.00013760406
0.0013745039
0.0026114037
-0.0010992957
0.00013760406
0.0013745039
0.0026114037
-0.0010992957
0.00013760406
0.0013745039
0.0026114037
-0.0010992957
0.00013760406
0.0013745039
0.0026114037
-0.0010992957
0.00013760406
0.0013745039
0.0026114037
-0.0010992958
0.00013760406
0.0013745039
0.0026114037
-0.0010992957
0.00013760406
0.0013745039
0.0026114037
-0.0010992957
0.00013760406
0.0013745039
0.0026114037
-0.0010992958
0.00013760406
0.0013745039
0.0026114037
-0.0010992957
0.00013760406
0.0013745039
0.0026114037
-0.0010992957
0.00013760406
0.0013745039
0.0026114037
-0.0010992958
0.00013760406
0.0013745039
0.0026114037
-0.0010992957
0.00013760406
0.0013745039
0.0026114037
-0.0010992957
0.00013760406
0.0013745039
0.0026114037
7.285977e-05
0.0013017538
0.0025306479
0.0037595419
7.285977e-05
0.0013017538
0.0025306479
0.0037595419
7.285977e-05
0.0013017538
0.0025306479
0.0037595419
7.285977e-05
0.0013017538
0.0025306479
0.0037595419
7.2859769e-05
0.0013017538
0.0025306479
0.0037595419
7.285977e-05
0.0013017538
0.0025306479
0.0037595419
7.2859769e-05
0.0013017538
0.0025306479
0.0037595419
7.285977e-05
0.0013017538
0.0025306479
0.0037595419
7.2859769e-05
0.0013017538
0.0025306479
0.0037595419
7.285977e-05
0.0013017538
0.0025306479
0.0037595419
7.285977e-05
0.0013017538
0.0025306479
0.0037595419
7.2859769e-05
0.0013017538
0.0025306479
0.0037595419
7.2859769e-05
0.0013017538
0.0025306479
0.0037595419
7.2859771e-05
0.0013017538
0.0025306479
0.0037595419
7.285977e-05
0.0013017538
0.0025306479
0.0037595419
7.2859768e-05
0.0013017538
0.0025306479
0.0037595419
7.2859771e-05
0.0013017538
0.0025306479
0.0037595419
7.285977e-05
0.0013017538
0.0025306479
0.0037595419
7.2859768e-05
0.0013017538
0.0025306479
0.0037595419
7.2859771e-05
0.0013017538
0.0025306479
0.0037595419
7.285977e-05
0.0013017538
0.0025306479
0.0037595419
7.2859768e-05
0.0013017538
0.0025306479
0.0037595419
7.2859771e-05
0.0013017538
0.0025306479
0.0037595419
7.285977e-05
0.0013017538
0.0025306479
0.0037595419
0.0012450152
0.0024659035
0.0036867918
0.0049076801
0.0012450152
0.0024659035
0.0036867918
0.0049076801
0.0012450152
0.0024659035
0.0036867918
0.0049076801
0.0012450152
0.0024659035
0.0036867918
0.0049076801
0.0012450152
0.0024659035
0.0036867918
0.0049076801
0.0012450152
0.0024659035
0.0036867918
0.0049076801
0.0012450152
0.0024659035
0.0036867918
0.0049076801
0.0012450152
0.0024659035
0.0036867918
0.0049076801
0.0012450152
0.0024659035
0.0036867918
0.0049076801
0.0012450152
0.0024659035
0.0036867918
0.0049076801
0.0012450152
0.0024659035
0.0036867918
0.0049076801
0.0012450152
0.0024659035
0.0036867918
0.0049076801
0.0012450152
0.0024659035
0.0036867918
0.0049076801
0.0012450152
0.0024659035
0.0036867918
0.0049076801
0.0012450152
0.0024659035
0.0036867918
0.0049076801
0.0012450152
0.0024659035
0.0036867918
0.0049076801
0.0012450152
0.0024659035
0.0036867918
0.0049076801
0.0012450152
0.0024659035
0.0036867918
0.0049076801
0.0012450152
0.0024659035
0.0036867918
0.0049076801
0.0012450152
0.0024659035
0.0036867918
0.0049076801
0.0012450152
0.0024659035
0.0036867918
0.0049076801
0.0012450152
0.0024659035
0.0036867918
0.0049076801
0.0012450152
0.0024659035
0.0036867918
0.0049076801
0.0012450152
0.0024659035
0.0036867918
0.0049076801
0.0024171706
0.0036300532
0.0048429357
0.0060558182
0.0024171706
0.0036300532
0.0048429357
0.0060558182
0.0024171706
0.0036300532
0.0048429357
0.0060558182
0.0024171706
0.0036300532
0.0048429357
0.0060558182
0.0024171706
0.0036300532
0.0048429357
0.0060558182
0.0024171706
0.0036300532
0.0048429357
0.0060558182
0.0024171706
0.0036300532
0.0048429357
0.0060558182
0.0024171706
0.0036300532
0.0048429357
0.0060558182
0.0024171706
0.0036300532
0.0048429357
0.0060558182
0.0024171706
0.0036300532
0.0048429357
0.0060558182
0.0024171706
0.0036300532
0.0048429357
0.0060558182
0.0024171706
0.0036300532
0.0048429357
0.0060558182
0.0024171706
0.0036300532
0.0048429357
0.0060558182
0.0024171706
0.0036300531
0.0048429357
0.0060558182
0.0024171706
0.0036300532
0.0048429357
0.0060558182
0.0024171706
0.0036300532
0.0048429357
0.0060558182
0.0024171706
0.0036300531
0.0048429357
0.0060558182
0.0024171706
0.0036300532
0.0048429357
0.0060558182
0.0024171706
0.0036300532
0.0048429357
0.0060558182
0.0024171706
0.0036300531
0.0048429357
0.0060558182
0.0024171706
0.0036300532
0.0048429357
0.0060558182
0.0024171706
0.0036300532
0.0048429357
0.0060558182
0.0024171706
0.0036300531
0.0048429357
0.0060558182
0.0024171706
0.0036300532
0.0048429357
0.0060558182
0.003589326
0.0047942027
0.0059990795
0.0072039562
0.003589326
0.0047942027
0.0059990795
0.0072039562
0.003589326
0.0047942027
0.0059990795
0.0072039562
0.003589326
0.0047942027
0.0059990795
0.0072039562
0.003589326
0.0047942027
0.0059990795
0.0072039562
0.003589326
0.0047942027
0.0059990795
0.0072039562
0.003589326
0.0047942027
0.0059990795
0.0072039562
0.003589326
0.0047942027
0.0059990795
0.0072039562
0.003589326
0.0047942027
0.0059990795
0.0072039562
0.003589326
0.0047942027
0.0059990795
0.0072039562
0.003589326
0.0047942027
0.0059990795
0.0072039562
0.003589326
0.0047942027
0.0059990795
0.0072039562
0.003589326
0.0047942027
0.0059990795
0.0072039562
0.003589326
0.0047942027
0.0059990795
0.0072039562
0.003589326
0.0047942027
0.0059990795
0.0072039562
0.003589326
0.0047942027
0.0059990795
0.0072039562
0.003589326
0.0047942027
0.0059990795
0.0072039562
0.003589326
0.0047942027
0.0059990795
0.0072039562
0.003589326
0.0047942027
0.0059990795
0.0072039562
0.003589326
0.0047942027
0.0059990795
0.0072039562
0.003589326
0.0047942027
0.0059990795
0.0072039562
0.003589326
0.0047942027
0.0059990795
0.0072039562
0.003589326
0.0047942027
0.0059990795
0.0072039562
0.003589326
0.0047942027
0.0059990795
0.0072039562
0.0047614813
0.0059583523
0.0071552232
0.0083520942
0.0047614813
0.0059583523
0.0071552232
0.0083520942
0.0047614813
0.0059583523
0.0071552232
0.0083520942
0.0047614813
0.0059583523
0.0071552232
0.0083520942
0.0047614813
0.0059583523
0.0071552232
0.0083520942
0.0047614813
0.0059583523
0.0071552232
0.0083520942
0.0047614813
0.0059583523
0.0071552232
0.0083520942
0.0047614813
0.0059583523
0.0071552232
0.0083520942
0.0047614813
0.0059583523
0.0071552232
0.0083520942
0.0047614813
0.0059583523
0.0071552232
0.0083520942
0.0047614813
0.0059583523
0.0071552232
0.0083520942
0.0047614813
0.0059583523
0.0071552232
0.0083520942
0.0047614813
0.0059583523
0.0071552232
0.0083520942
0.0047614813
0.0059583523
0.0071552232
0.0083520942
0.0047614813
0.0059583523
0.0071552232
0.0083520942
0.0047614813
0.0059583523
0.0071552232
0.0083520942
0.0047614813
0.0059583523
0.0071552232
0.0083520942
0.0047614813
0.0059583523
0.0071552232
0.0083520942
0.0047614813
0.0059583523
0.0071552232
0.0083520942
0.0047614813
0.0059583523
0.0071552232
0.0083520942
0.0047614813
0.0059583523
0.0071552232
0.0083520942
0.0047614813
0.0059583523
0.0071552232
0.0083520942
0.0047614813
0.0059583523
0.0071552232
0.0083520942
0.0047614813
0.0059583523
0.0071552232
0.0083520942
0.0059336365
0.0071225017
0.0083113669
0.0095002322
0.0059336365
0.0071225017
0.0083113669
0.0095002322
0.0059336365
0.0071225017
0.0083113669
0.0095002322
0.0059336365
0.0071225017
0.0083113669
0.0095002322
0.0059336365
0.0071225017
0.0083113669
0.0095002322
0.0059336365
0.0071225017
0.0083113669
0.0095002322
0.0059336365
0.0071225017
0.0083113669
0.0095002322
0.0059336365
0.0071225017
0.0083113669
0.0095002322
0.0059336365
0.0071225017
0.0083113669
0.0095002322
0.0059336365
0.0071225017
0.0083113669
0.0095002322
0.0059336365
0.0071225017
0.0083113669
0.0095002322
0.0059336365
0.0071225017
0.0083113669
0.0095002322
0.0059336365
0.0071225017
0.0083113669
0.0095002322
0.0059336365
0.0071225017
0.0083113669
0.0095002322
0.0059336365
0.0071225017
0.0083113669
0.0095002322
0.0059336365
0.0071225017
0.0083113669
0.0095002322
0.0059336365
0.0071225017
0.0083113669
0.0095002322
0.0059336365
0.0071225017
0.0083113669
0.0095002322
0.0059336365
0.0071225017
0.0083113669
0.0095002322
0.0059336365
0.0071225017
0.0083113669
0.0095002322
0.0059336365
0.0071225017
0.0083113669
0.0095002322
0.0059336365
0.0071225017
0.0083113669
0.0095002322
0.0059336365
0.0071225017
0.0083113669
0.0095002322
0.0059336365
0.0071225017
0.0083113669
0.0095002322
0.0071057917
0.0082866512
0.0094675106
0.01064837
0.0071057917
0.0082866512
0.0094675106
0.01064837
0.0071057917
0.0082866512
0.0094675106
0.01064837
0.0071057917
0.0082866512
0.0094675106
0.01064837
0.0071057917
0.0082866512
0.0094675106
0.01064837
0.0071057917
0.0082866512
0.0094675106
0.01064837
0.0071057917
0.0082866512
0.0094675106
0.01064837
0.0071057917
0.0082866512
0.0094675106
0.01064837
0.0071057917
0.0082866512
0.0094675106
0.01064837
0.0071057917
0.0082866512
0.0094675106
0.01064837
0.0071057917
0.0082866512
0.0094675106
0.01064837
0.0071057917
0.0082866512
0.0094675106
0.01064837
0.0071057917
0.0082866512
0.0094675106
0.01064837
0.0071057917
0.0082866511
0.0094675106
0.01064837
0.0071057917
0.0082866512
0.0094675106
0.01064837
0.0071057917
0.0082866512
0.0094675106
0.01064837
0.0071057917
0.0082866511
0.0094675106
0.01064837
0.0071057917
0.0082866512
0.0094675106
0.01064837
0.0071057917
0.0082866512
0.0094675106
0.01064837
0.0071057917
0.0082866511
0.0094675106
0.01064837
0.0071057917
0.0082866512
0.0094675106
0.01064837
0.0071057917
0.0082866512
0.0094675106
0.01064837
0.0071057917
0.0082866511
0.0094675106
0.01064837
0.0071057917
0.0082866512
0.0094675106
0.01064837
0.0082779468
0.0094508005
0.010623654
0.011796508
0.0082779468
0.0094508005
0.010623654
0.011796508
0.0082779468
0.0094508005
0.010623654
0.011796508
0.0082779468
0.0094508005
0.010623654
0.011796508
0.0082779468
0.0094508005
0.010623654
0.011796508
0.0082779468
0.0094508005
0.010623654
0.011796508
0.0082779468
0.0094508005
0.010623654
0.011796508
0.0082779468
0.0094508005
0.010623654
0.011796508
0.0082779468
0.0094508005
0.010623654
0.011796508
0.0082779468
0.0094508005
0.010623654
0.011796508
0.0082779468
0.0094508005
0.010623654
0.011796508
0.0082779468
0.0094508005
0.010623654
0.011796508
0.0082779468
0.0094508005
0.010623654
0.011796508
0.0082779468
0.0094508005
0.010623654
0.011796508
0.0082779468
0.0094508005
0.010623654
0.011796508
0.0082779468
0.0094508005
0.010623654
0.011796508
0.0082779468
0.0094508005
0.010623654
0.011796508
0.0082779468
0.0094508005
0.010623654
0.011796508
0.0082779468
0.0094508005
0.010623654
0.011796508
0.0082779468
0.0094508005
0.010623654
0.011796508
0.0082779468
0.0094508005
0.010623654
0.011796508
0.0082779468
0.0094508005
0.010623654
0.011796508
0.0082779468
0.0094508005
0.010623654
0.011796508
0.0082779468
0.0094508005
0.010623654
0.011796508
0.0094501019
0.01061495
0.011779798
0.012944646
0.0094501019
0.01061495
0.011779798
0.012944646
0.0094501019
0.01061495
0.011779798
0.012944646
0.0094501019
0.01061495
0.011779798
0.012944646
0.0094501019
0.01061495
0.011779798
0.012944646
0.0094501019
0.01061495
0.011779798
0.012944646
0.0094501019
0.01061495
0.011779798
0.012944646
0.0094501019
0.01061495
0.011779798
0.012944646
0.0094501019
0.01061495
0.011779798
0.012944646
0.0094501019
0.01061495
0.011779798
0.012944646
0.0094501019
0.01061495
0.011779798
0.012944646
0.0094501019
0.01061495
0.011779798
0.012944646
0.0094501019
0.01061495
0.011779798
0.012944646
0.0094501019
0.01061495
0.011779798
0.012944646
0.0094501019
0.01061495
0.011779798
0.012944646
0.0094501019
0.01061495
0.011779798
0.012944646
0.0094501019
0.01061495
0.011779798
0.012944646
0.0094501019
0.01061495
0.011779798
0.012944646
0.0094501019
0.01061495
0.011779798
0.012944646
0.0094501019
0.01061495
0.011779798
0.012944646
0.0094501019
0.01061495
0.011779798
0.012944646
0.0094501019
0.01061495
0.011779798
0.012944646
0.0094501019
0.01061495
0.011779798
0.012944646
0.0094501019
0.01061495
0.011779798
0.012944646
0.010622257
0.011779099
0.012935941
0.014092783
0.010622257
0.011779099
0.012935941
0.014092783
0.010622257
0.011779099
0.012935941
0.014092783
0.010622257
0.011779099
0.012935941
0.014092783
0.010622257
0.011779099
0.012935941
0.014092783
0.010622257
0.011779099
0.012935941
0.014092783
0.010622257
0.011779099
0.012935941
0.014092783
0.010622257
0.011779099
0.012935941
0.014092783
0.010622257
0.011779099
0.012935941
0.014092783
0.010622257
0.011779099
0.012935941
0.014092783
0.010622257
0.011779099
0.012935941
0.014092783
0.010622257
0.011779099
0.012935941
0.014092783
0.010622257
0.011779099
0.012935941
0.014092783
0.010622257
0.011779099
0.012935941
0.014092783
0.010622257
0.011779099
0.012935941
0.014092783
0.010622257
0.011779099
0.012935941
0.014092783
0.010622257
0.011779099
0.012935941
0.014092783
0.010622257
0.011779099
0.012935941
0.014092783
0.010622257
0.011779099
0.012935941
0.014092783
0.010622257
0.011779099
0.012935941
0.014092783
0.010622257
0.011779099
0.012935941
0.014092783
0.010622257
0.011779099
0.012935941
0.014092783
0.010622257
0.011779099
0.012935941
0.014092783
0.010622257
0.011779099
0.012935941
0.014092783
0.011794412
0.012943248
0.014092085
0.015240921
0.011794412
0.012943248
0.014092085
0.015240921
0.011794412
0.012943248
0.014092085
0.015240921
0.011794412
0.012943248
0.014092085
0.015240921
0.011794412
0.012943248
0.014092085
0.015240921
0.011794412
0.012943248
0.014092085
0.015240921
0.011794412
0.012943248
0.014092085
0.015240921
0.011794412
0.012943248
0.014092085
0.015240921
0.011794412
0.012943248
0.014092085
0.015240921
0.011794412
0.012943248
0.014092085
0.015240921
0.011794412
0.012943248
0.014092085
0.015240921
0.011794412
0.012943248
0.014092085
0.015240921
0.011794412
0.012943248
0.014092085
0.015240921
0.011794412
0.012943248
0.014092085
0.015240921
0.011794412
0.012943248
0.014092085
0.015240921
0.011794412
0.012943248
0.014092085
0.015240921
0.011794412
0.012943248
0.014092085
0.015240921
0.011794412
0.012943248
0.014092085
0.015240921
0.011794412
0.012943248
0.014092085
0.015240921
0.011794412
0.012943248
0.014092085
0.015240921
0.011794412
0.012943248
0.014092085
0.015240921
0.011794412
0.012943248
0.014092085
0.015240921
0.011794412
0.012943248
0.014092085
0.015240921
0.011794412
0.012943248
0.014092085
0.015240921
0.012966567
0.014107397
0.015248228
0.016389059
0.012966567
0.014107397
0.015248228
0.016389059
0.012966567
0.014107397
0.015248228
0.016389059
0.012966567
0.014107397
0.015248228
0.016389059
0.012966567
0.014107397
0.015248228
0.016389059
0.012966567
0.014107397
0.015248228
0.016389059
0.012966567
0.014107397
0.015248228
0.016389059
0.012966567
0.014107397
0.015248228
0.016389059
0.012966567
0.014107397
0.015248228
0.016389059
0.012966567
0.014107397
0.015248228
0.016389059
0.012966567
0.014107397
0.015248228
0.016389059
0.012966567
0.014107397
0.015248228
0.016389059
0.012966567
0.014107397
0.015248228
0.016389059
0.012966567
0.014107397
0.015248228
0.016389059
0.012966567
0.014107397
0.015248228
0.016389059
0.012966567
0.014107397
0.015248228
0.016389059
0.012966567
0.014107397
0.015248228
0.016389059
0.012966567
0.014107397
0.015248228
0.016389059
0.012966567
0.014107397
0.015248228
0.016389059
0.012966567
0.014107397
0.015248228
0.016389059
0.012966567
0.014107397
0.015248228
0.016389059
0.012966567
0.014107397
0.015248228
0.016389059
0.012966567
0.014107397
0.015248228
0.016389059
0.012966567
0.014107397
0.015248228
0.016389059
0.014138721
0.015271546
0.016404371
0.017537196
0.014138721
0.015271546
0.016404371
0.017537196
0.014138721
0.015271546
0.016404371
0.017537196
0.014138721
0.015271546
0.016404371
0.017537196
0.014138721
0.015271546
0.016404371
0.017537196
0.014138721
0.015271546
0.016404371
0.017537196
0.014138721
0.015271546
0.016404371
0.017537196
0.014138721
0.015271546
0.016404371
0.017537196
0.014138721
0.015271546
0.016404371
0.017537196
0.014138721
0.015271546
0.016404371
0.017537196
0.014138721
0.015271546
0.016404371
0.017537196
0.014138721
0.015271546
0.016404371
0.017537196
0.014138721
0.015271546
0.016404371
0.017537196
0.014138721
0.015271546
0.016404371
0.017537196
0.014138721
0.015271546
0.016404371
0.017537196
0.014138721
0.015271546
0.016404371
0.017537196
0.014138721
0.015271546
0.016404371
0.017537196
0.014138721
0.015271546
0.016404371
0.017537196
0.014138721
0.015271546
0.016404371
0.017537196
0.014138721
0.015271546
0.016404371
0.017537196
0.014138721
0.015271546
0.016404371
0.017537196
0.014138721
0.015271546
0.016404371
0.017537196
0.014138721
0.015271546
0.016404371
0.017537196
0.014138721
0.015271546
0.016404371
0.017537196
0.015310876
0.016435695
0.017560514
0.018685333
0.015310876
0.016435695
0.017560514
0.018685333
0.015310876
0.016435695
0.017560514
0.018685333
0.015310876
0.016435695
0.017560514
0.018685333
0.015310876
0.016435695
0.017560514
0.018685333
0.015310876
0.016435695
0.017560514
0.018685333
0.015310876
0.016435695
0.017560514
0.018685333
0.015310876
0.016435695
0.017560514
0.018685333
0.015310876
0.016435695
0.017560514
0.018685333
0.015310876
0.016435695
0.017560514
0.018685333
0.015310876
0.016435695
0.017560514
0.018685333
0.015310876
0.016435695
0.017560514
0.018685333
0.015310876
0.016435695
0.017560514
0.018685333
0.015310876
0.016435695
0.017560514
0.018685333
0.015310876
0.016435695
0.017560514
0.018685333
0.015310876
0.016435695
0.017560514
0.018685333
0.015310876
0.016435695
0.017560514
0.018685333
0.015310876
0.016435695
0.017560514
0.018685333
0.015310876
0.016435695
0.017560514
0.018685333
0.015310876
0.016435695
0.017560514
0.018685333
0.015310876
0.016435695
0.017560514
0.018685333
0.015310876
0.016435695
0.017560514
0.018685333
0.015310876
0.016435695
0.017560514
0.018685333
0.015310876
0.016435695
0.017560514
0.018685333
0.016483031
0.017599844
0.018716658
0.019833471
0.016483031
0.017599844
0.018716658
0.019833471
0.016483031
0.017599844
0.018716658
0.019833471
0.016483031
0.017599844
0.018716658
0.019833471
0.016483031
0.017599844
0.018716658
0.019833471
0.016483031
0.017599844
0.018716658
0.019833471
0.016483031
0.017599844
0.018716658
0.019833471
0.016483031
0.017599844
0.018716658
0.019833471
0.016483031
0.017599844
0.018716658
0.019833471
0.016483031
0.017599844
0.018716658
0.019833471
0.016483031
0.017599844
0.018716658
0.019833471
0.016483031
0.017599844
0.018716658
0.019833471
0.016483031
0.017599844
0.018716658
0.019833471
0.016483031
0.017599844
0.018716658
0.019833471
0.016483031
0.017599844
0.018716658
0.019833471
0.016483031
0.017599844
0.018716658
0.019833471
0.016483031
0.017599844
0.018716658
0.019833471
0.016483031
0.017599844
0.018716658
0.019833471
0.016483031
0.017599844
0.018716658
0.019833471
0.016483031
0.017599844
0.018716658
0.019833471
0.016483031
0.017599844
0.018716658
0.019833471
0.016483031
0.017599844
0.018716658
0.019833471
0.016483031
0.017599844
0.018716658
0.019833471
0.016483031
0.017599844
0.018716658
0.019833471
0.017655185
0.018763993
0.019872801
0.020981608
0.017655185
0.018763993
0.019872801
0.020981608
0.017655185
0.018763993
0.019872801
0.020981608
0.017655185
0.018763993
0.019872801
0.020981608
0.017655185
0.018763993
0.019872801
0.020981608
0.017655185
0.018763993
0.019872801
0.020981608
0.017655185
0.018763993
0.019872801
0.020981608
0.017655185
0.018763993
0.019872801
0.020981608
0.017655185
0.018763993
0.019872801
0.020981608
0.017655185
0.018763993
0.019872801
0.020981608
0.017655185
0.018763993
0.019872801
0.020981608
0.017655185
0.018763993
0.019872801
0.020981608
0.017655185
0.018763993
0.019872801
0.020981608
0.017655185
0.018763993
0.019872801
0.020981608
0.017655185
0.018763993
0.019872801
0.020981608
0.017655185
0.018763993
0.019872801
0.020981608
0.017655185
0.018763993
0.019872801
0.020981608
0.017655185
0.018763993
0.019872801
0.020981608
0.017655185
0.018763993
0.019872801
0.020981608
0.017655185
0.018763993
0.019872801
0.020981608
0.017655185
0.018763993
0.019872801
0.020981608
0.017655185
0.018763993
0.019872801
0.020981608
0.017655185
0.018763993
0.019872801
0.020981608
0.017655185
0.018763993
0.019872801
0.020981608
0.01882734
0.019928142
0.021028944
0.022129745
0.01882734
0.019928142
0.021028944
0.022129745
0.01882734
0.019928142
0.021028944
0.022129745
0.01882734
0.019928142
0.021028944
0.022129745
0.01882734
0.019928142
0.021028944
0.022129745
0.01882734
0.019928142
0.021028944
0.022129745
0.01882734
0.019928142
0.021028944
0.022129745
0.01882734
0.019928142
0.021028944
0.022129745
0.01882734
0.019928142
0.021028944
0.022129745
0.01882734
0.019928142
0.021028944
0.022129745
0.01882734
0.019928142
0.021028944
0.022129745
0.01882734
0.019928142
0.021028944
0.022129745
0.01882734
0.019928142
0.021028944
0.022129745
0.01882734
0.019928142
0.021028944
0.022129745
0.01882734
0.019928142
0.021028944
0.022129745
0.01882734
0.019928142
0.021028944
0.022129745
0.01882734
0.019928142
0.021028944
0.022129745
0.01882734
0.019928142
0.021028944
0.022129745
0.01882734
0.019928142
0.021028944
0.022129745
0.01882734
0.019928142
0.021028944
0.022129745
0.01882734
0.019928142
0.021028944
0.022129745
0.01882734
0.019928142
0.021028944
0.022129745
0.01882734
0.019928142
0.021028944
0.022129745
0.01882734
0.019928142
0.021028944
0.022129745
0.019999494
0.02109229
0.022185086
0.023277883
0.019999494
0.02109229
0.022185086
0.023277883
0.019999494
0.02109229
0.022185086
0.023277883
0.019999494
0.02109229
0.022185086
0.023277883
0.019999494
0.02109229
0.022185086
0.023277883
0.019999494
0.02109229
0.022185086
0.023277883
0.019999494
0.02109229
0.022185086
0.023277883
0.019999494
0.02109229
0.022185086
0.023277883
0.019999494
0.02109229
0.022185086
0.023277883
0.019999494
0.02109229
0.022185086
0.023277883
0.019999494
0.02109229
0.022185086
0.023277883
0.019999494
0.02109229
0.022185086
0.023277883
0.019999494
0.02109229
0.022185086
0.023277883
0.019999494
0.02109229
0.022185086
0.023277883
0.019999494
0.02109229
0.022185086
0.023277883
0.019999494
0.02109229
0.022185086
0.023277883
0.019999494
0.02109229
0.022185086
0.023277883
0.019999494
0.02109229
0.022185086
0.023277883
0.019999494
0.02109229
0.022185086
0.023277883
0.019999494
0.02109229
0.022185086
0.023277883
0.019999494
0.02109229
0.022185086
0.023277883
0.019999494
0.02109229
0.022185086
0.023277883
0.019999494
0.02109229
0.022185086
0.023277883
0.019999494
0.02109229
0.022185086
0.023277883
0.021171649
0.022256439
0.023341229
0.02442602
0.021171649
0.022256439
0.023341229
0.02442602
0.021171649
0.022256439
0.023341229
0.02442602
0.021171649
0.022256439
0.023341229
0.02442602
0.021171649
0.022256439
0.023341229
0.02442602
0.021171649
0.022256439
0.023341229
0.02442602
0.021171649
0.022256439
0.023341229
0.02442602
0.021171649
0.022256439
0.023341229
0.02442602
0.021171649
0.022256439
0.023341229
0.02442602
0.021171649
0.022256439
0.023341229
0.02442602
0.021171649
0.022256439
0.023341229
0.02442602
0.021171649
0.022256439
0.023341229
0.02442602
0.021171649
0.022256439
0.023341229
0.02442602
0.021171649
0.022256439
0.023341229
0.02442602
0.021171649
0.022256439
0.023341229
0.02442602
0.021171649
0.022256439
0.023341229
0.02442602
0.021171649
0.022256439
0.023341229
0.02442602
0.021171649
0.022256439
0.023341229
0.02442602
0.021171649
0.022256439
0.023341229
0.02442602
0.021171649
0.022256439
0.023341229
0.02442602
0.021171649
0.022256439
0.023341229
0.02442602
0.021171649
0.022256439
0.023341229
0.02442602
0.021171649
0.022256439
0.023341229
0.02442602
0.021171649
0.022256439
0.023341229
0.02442602
0.022343803
0.023420588
0.024497372
0.025574157
0.022343803
0.023420588
0.024497372
0.025574157
0.022343803
0.023420588
0.024497372
0.025574157
0.022343803
0.023420588
0.024497372
0.025574157
0.022343803
0.023420588
0.024497372
0.025574157
0.022343803
0.023420588
0.024497372
0.025574157
0.022343803
0.023420588
0.024497372
0.025574157
0.022343803
0.023420588
0.024497372
0.025574157
0.022343803
0.023420588
0.024497372
0.025574157
0.022343803
0.023420588
0.024497372
0.025574157
0.022343803
0.023420588
0.024497372
0.025574157
0.022343803
0.023420588
0.024497372
0.025574157
0.022343803
0.023420588
0.024497372
0.025574157
0.022343803
0.023420588
0.024497372
0.025574157
0.022343803
0.023420588
0.024497372
0.025574157
0.022343803
0.023420588
0.024497372
0.025574157
0.022343803
0.023420588
0.024497372
0.025574157
0.022343803
0.023420588
0.024497372
0.025574157
0.022343803
0.023420588
0.024497372
0.025574157
0.022343803
0.023420588
0.024497372
0.025574157
0.022343803
0.023420588
0.024497372
0.025574157
0.022343803
0.023420588
0.024497372
0.025574157
0.022343803
0.023420588
0.024497372
0.025574157
0.022343803
0.023420588
0.024497372
0.025574157
0.023515957
0.024584736
0.025653515
0.026722294
0.023515957
0.024584736
0.025653515
0.026722294
0.023515957
0.024584736
0.025653515
0.026722294
0.023515957
0.024584736
0.025653515
0.026722294
0.023515957
0.024584736
0.025653515
0.026722294
0.023515957
0.024584736
0.025653515
0.026722294
0.023515957
0.024584736
0.025653515
0.026722294
0.023515957
0.024584736
0.025653515
0.026722294
0.023515957
0.024584736
0.025653515
0.026722294
0.023515957
0.024584736
0.025653515
0.026722294
0.023515957
0.024584736
0.025653515
0.026722294
0.023515957
0.024584736
0.025653515
0.026722294
0.023515957
0.024584736
0.025653515
0.026722294
0.023515957
0.024584736
0.025653515
0.026722294
0.023515957
0.024584736
0.025653515
0.026722294
0.023515957
0.024584736
0.025653515
0.026722294
0.023515957
0.024584736
0.025653515
0.026722294
0.023515957
0.024584736
0.025653515
0.026722294
0.023515957
0.024584736
0.025653515
0.026722294
0.023515957
0.024584736
0.025653515
0.026722294
0.023515957
0.024584736
0.025653515
0.026722294
0.023515957
0.024584736
0.025653515
0.026722294
0.023515957
0.024584736
0.025653515
0.026722294
0.023515957
0.024584736
0.025653515
0.026722294
0.024688111
0.025748884
0.026809657
0.02787043
0.024688111
0.025748884
0.026809657
0.02787043
0.024688111
0.025748884
0.026809657
0.02787043
0.024688111
0.025748884
0.026809657
0.02787043
0.024688111
0.025748884
0.026809657
0.02787043
0.024688111
0.025748884
0.026809657
0.02787043
0.024688111
0.025748884
0.026809657
0.02787043
0.024688111
0.025748884
0.026809657
0.02787043
0.024688111
0.025748884
0.026809657
0.02787043
0.024688111
0.025748884
0.026809657
0.02787043
0.024688111
0.025748884
0.026809657
0.02787043
0.024688111
0.025748884
0.026809657
0.02787043
0.024688111
0.025748884
0.026809657
0.02787043
0.024688111
0.025748884
0.026809657
0.02787043
0.024688111
0.025748884
0.026809657
0.02787043
0.024688111
0.025748884
0.026809657
0.02787043
0.024688111
0.025748884
0.026809657
0.02787043
0.024688111
0.025748884
0.026809657
0.02787043
0.024688111
0.025748884
0.026809657
0.02787043
0.024688111
0.025748884
0.026809657
0.02787043
0.024688111
0.025748884
0.026809657
0.02787043
0.024688111
0.025748884
0.026809657
0.02787043
0.024688111
0.025748884
0.026809657
0.02787043
0.024688111
0.025748884
0.026809657
0.02787043
0.0028142739
0.0042713855
0.005728497
0.0071856085
0.0028142739
0.0042713855
0.005728497
0.0071856085
0.0028142739
0.0042713855
0.005728497
0.0071856085
0.0028142739
0.0042713855
0.005728497
0.0071856085
0.0028142739
0.0042713855
0.005728497
0.0071856085
0.0028142739
0.0042713855
0.005728497
0.0071856085
0.0028142739
0.0042713855
0.005728497
0.0071856085
0.0028142739
0.0042713855
0.005728497
0.0071856085
0.0028142739
0.0042713855
0.005728497
0.0071856085
0.0028142739
0.0042713855
0.005728497
0.0071856085
0.0028142739
0.0042713855
0.005728497
0.0071856085
0.0028142739
0.0042713855
0.005728497
0.0071856085
0.0028142739
0.0042713855
0.005728497
0.0071856085
0.0028142739
0.0042713855
0.005728497
0.0071856085
0.0028142739
0.0042713855
0.005728497
0.0071856085
0.0028142739
0.0042713855
0.005728497
0.0071856085
0.0028142739
0.0042713855
0.005728497
0.0071856085
0.0028142739
0.0042713855
0.005728497
0.0071856085
0.0028142739
0.0042713855
0.005728497
0.0071856085
0.0028142739
0.0042713855
0.005728497
0.0071856085
0.0028142739
0.0042713855
0.005728497
0.0071856085
0.0028142739
0.0042713855
0.005728497
0.0071856085
0.0028142739
0.0042713855
0.005728497
0.0071856085
0.0028142739
0.0042713855
0.005728497
0.0071856085
0.0039537241
0.0054014652
0.0068492063
0.0082969474
0.0039537241
0.0054014652
0.0068492063
0.0082969474
0.0039537241
0.0054014652
0.0068492063
0.0082969474
0.0039537241
0.0054014652
0.0068492063
0.0082969474
0.0039537241
0.0054014652
0.0068492063
0.0082969474
0.0039537241
0.0054014652
0.0068492063
0.0082969474
0.0039537241
0.0054014652
0.0068492063
0.0082969474
0.0039537241
0.0054014652
0.0068492063
0.0082969474
0.0039537241
0.0054014652
0.0068492063
0.0082969474
0.0039537241
0.0054014652
0.0068492063
0.0082969474
0.0039537241
0.0054014652
0.0068492063
0.0082969474
0.0039537241
0.0054014652
0.0068492063
0.0082969474
0.0039537241
0.0054014652
0.0068492063
0.0082969474
0.0039537241
0.0054014652
0.0068492063
0.0082969474
0.0039537241
0.0054014652
0.0068492063
0.0082969474
0.0039537241
0.0054014652
0.0068492063
0.0082969474
0.0039537241
0.0054014652
0.0068492063
0.0082969474
0.0039537241
0.0054014652
0.0068492063
0.0082969474
0.0039537241
0.0054014652
0.0068492063
0.0082969474
0.0039537241
0.0054014652
0.0068492063
0.0082969474
0.0039537241
0.0054014652
0.0068492063
0.0082969474
0.0039537241
0.0054014652
0.0068492063
0.0082969474
0.0039537241
0.0054014652
0.0068492063
0.0082969474
0.0039537241
0.0054014652
0.0068492063
0.0082969474
0.0050931742
0.0065315449
0.0079699156
0.0094082862
0.0050931742
0.0065315449
0.0079699156
0.0094082862
0.0050931742
0.0065315449
0.0079699156
0.0094082862
0.0050931742
0.0065315449
0.0079699156
0.0094082862
0.0050931742
0.0065315449
0.0079699156
0.0094082862
0.0050931742
0.0065315449
0.0079699156
0.0094082862
0.0050931742
0.0065315449
0.0079699156
0.0094082862
0.0050931742
0.0065315449
0.0079699156
0.0094082862
0.0050931742
0.0065315449
0.0079699156
0.0094082862
0.0050931742
0.0065315449
0.0079699156
0.0094082862
0.0050931742
0.0065315449
0.0079699156
0.0094082862
0.0050931742
0.0065315449
0.0079699156
0.0094082862
0.0050931742
0.0065315449
0.0079699156
0.0094082862
0.0050931742
0.0065315449
0.0079699156
0.0094082862
0.0050931742
0.0065315449
0.0079699156
0.0094082862
0.0050931742
0.0065315449
0.0079699156
0.0094082862
0.0050931742
0.0065315449
0.0079699156
0.0094082862
0.0050931742
0.0065315449
0.0079699156
0.0094082862
0.0050931742
0.0065315449
0.0079699156
0.0094082862
0.0050931742
0.0065315449
0.0079699156
0.0094082862
0.0050931742
0.0065315449
0.0079699156
0.0094082862
0.0050931742
0.0065315449
0.0079699156
0.0094082862
0.0050931742
0.0065315449
0.0079699156
0.0094082862
0.0050931742
0.0065315449
0.0079699156
0.0094082862
0.0062326243
0.0076616245
0.0090906248
0.010519625
0.0062326243
0.0076616245
0.0090906248
0.010519625
0.0062326243
0.0076616245
0.0090906248
0.010519625
0.0062326243
0.0076616245
0.0090906248
0.010519625
0.0062326243
0.0076616245
0.0090906248
0.010519625
0.0062326243
0.0076616245
0.0090906248
0.010519625
0.0062326243
0.0076616245
0.0090906248
0.010519625
0.0062326243
0.0076616245
0.0090906248
0.010519625
0.0062326243
0.0076616245
0.0090906248
0.010519625
0.0062326243
0.0076616245
0.0090906248
0.010519625
0.0062326243
0.0076616245
0.0090906248
0.010519625
0.0062326243
0.0076616245
0.0090906248
0.010519625
0.0062326243
0.0076616245
0.0090906248
0.010519625
0.0062326243
0.0076616245
0.0090906248
0.010519625
0.0062326243
0.0076616245
0.0090906248
0.010519625
0.0062326243
0.0076616245
0.0090906248
0.010519625
0.0062326243
0.0076616245
0.0090906248
0.010519625
0.0062326243
0.0076616245
0.0090906248
0.010519625
0.0062326243
0.0076616245
0.0090906248
0.010519625
0.0062326243
0.0076616245
0.0090906248
0.010519625
0.0062326243
0.0076616245
0.0090906248
0.010519625
0.0062326243
0.0076616245
0.0090906248
0.010519625
0.0062326243
0.0076616245
0.0090906248
0.010519625
0.0062326243
0.0076616245
0.0090906248
0.010519625
0.0073720743
0.0087917041
0.010211334
0.011630964
0.0073720743
0.0087917041
0.010211334
0.011630964
0.0073720743
0.0087917041
0.010211334
0.011630964
0.0073720743
0.0087917041
0.010211334
0.011630964
0.0073720743
0.0087917041
0.010211334
0.011630964
0.0073720743
0.0087917041
0.010211334
0.011630964
0.0073720743
0.0087917041
0.010211334
0.011630964
0.0073720743
0.0087917041
0.010211334
0.011630964
0.0073720743
0.0087917041
0.010211334
0.011630964
0.0073720743
0.0087917041
0.010211334
0.011630964
0.0073720743
0.0087917041
0.010211334
0.011630964
0.0073720743
0.0087917041
0.010211334
0.011630964
0.0073720743
0.0087917041
0.010211334
0.011630964
0.0073720743
0.0087917041
0.010211334
0.011630964
0.0073720743
0.0087917041
0.010211334
0.011630964
0.0073720743
0.0087917041
0.010211334
0.011630964
0.0073720743
0.0087917041
0.010211334
0.011630964
0.0073720743
0.0087917041
0.010211334
0.011630964
0.0073720743
0.0087917041
0.010211334
0.011630964
0.0073720743
0.0087917041
0.010211334
0.011630964
0.0073720743
0.0087917041
0.010211334
0.011630964
0.0073720743
0.0087917041
0.010211334
0.011630964
0.0073720743
0.0087917041
0.010211334
0.011630964
0.0073720743
0.0087917041
0.010211334
0.011630964
0.0085115243
0.0099217837
0.011332043
0.012742302
0.0085115243
0.0099217837
0.011332043
0.012742302
0.0085115243
0.0099217837
0.011332043
0.012742302
0.0085115243
0.0099217837
0.011332043
0.012742302
0.0085115243
0.0099217837
0.011332043
0.012742302
0.0085115243
0.0099217837
0.011332043
0.012742302
0.0085115243
0.0099217837
0.011332043
0.012742302
0.0085115243
0.0099217837
0.011332043
0.012742302
0.0085115243
0.0099217837
0.011332043
0.012742302
0.0085115243
0.0099217837
0.011332043
0.012742302
0.0085115243
0.0099217837
0.011332043
0.012742302
0.0085115243
0.0099217837
0.011332043
0.012742302
0.0085115243
0.0099217837
0.011332043
0.012742302
0.0085115243
0.0099217836
0.011332043
0.012742302
0.0085115243
0.0099217837
0.011332043
0.012742302
0.0085115243
0.0099217837
0.011332043
0.012742302
0.0085115243
0.0099217836
0.011332043
0.012742302
0.0085115243
0.0099217837
0.011332043
0.012742302
0.0085115243
0.0099217837
0.011332043
0.012742302
0.0085115243
0.0099217836
0.011332043
0.012742302
0.0085115243
0.0099217837
0.011332043
0.012742302
0.0085115243
0.0099217837
0.011332043
0.012742302
0.0085115243
0.0099217836
0.011332043
0.012742302
0.0085115243
0.0099217837
0.011332043
0.012742302
0.0096509742
0.011051863
0.012452752
0.013853641
0.0096509742
0.011051863
0.012452752
0.013853641
0.0096509742
0.011051863
0.012452752
0.013853641
0.0096509742
0.011051863
0.012452752
0.013853641
0.0096509742
0.011051863
0.012452752
0.013853641
0.0096509742
0.011051863
0.012452752
0.013853641
0.0096509742
0.011051863
0.012452752
0.013853641
0.0096509742
0.011051863
0.012452752
0.013853641
0.0096509742
0.011051863
0.012452752
0.013853641
0.0096509742
0.011051863
0.012452752
0.013853641
0.0096509742
0.011051863
0.012452752
0.013853641
0.0096509742
0.011051863
0.012452752
0.013853641
0.0096509742
0.011051863
0.012452752
0.013853641
0.0096509742
0.011051863
0.012452752
0.013853641
0.0096509742
0.011051863
0.012452752
0.013853641
0.0096509742
0.011051863
0.012452752
0.013853641
0.0096509742
0.011051863
0.012452752
0.013853641
0.0096509742
0.011051863
0.012452752
0.013853641
0.0096509742
0.011051863
0.012452752
0.013853641
0.0096509742
0.011051863
0.012452752
0.013853641
0.0096509742
0.011051863
0.012452752
0.013853641
0.0096509742
0.011051863
0.012452752
0.013853641
0.0096509742
0.011051863
0.012452752
0.013853641
0.0096509742
0.011051863
0.012452752
0.013853641
0.010790424
0.012181943
0.013573461
0.01496498
0.010790424
0.012181943
0.013573461
0.01496498
0.010790424
0.012181943
0.013573461
0.01496498
0.010790424
0.012181943
0.013573461
0.01496498
0.010790424
0.012181943
0.013573461
0.01496498
0.010790424
0.012181943
0.013573461
0.01496498
0.010790424
0.012181943
0.013573461
0.01496498
0.010790424
0.012181943
0.013573461
0.01496498
0.010790424
0.012181943
0.013573461
0.01496498
0.010790424
0.012181943
0.013573461
0.01496498
0.010790424
0.012181943
0.013573461
0.01496498
0.010790424
0.012181943
0.013573461
0.01496498
0.010790424
0.012181943
0.013573461
0.01496498
0.010790424
0.012181943
0.013573461
0.01496498
0.010790424
0.012181943
0.013573461
0.01496498
0.010790424
0.012181943
0.013573461
0.01496498
0.010790424
0.012181943
0.013573461
0.01496498
0.010790424
0.012181943
0.013573461
0.01496498
0.010790424
0.012181943
0.013573461
0.01496498
0.010790424
0.012181943
0.013573461
0.01496498
0.010790424
0.012181943
0.013573461
0.01496498
0.010790424
0.012181943
0.013573461
0.01496498
0.010790424
0.012181943
0.013573461
0.01496498
0.010790424
0.012181943
0.013573461
0.01496498
0.011929874
0.013312022
0.01469417
0.016076318
0.011929874
0.013312022
0.01469417
0.016076318
0.011929874
0.013312022
0.01469417
0.016076318
0.011929874
0.013312022
0.01469417
0.016076318
0.011929874
0.013312022
0.01469417
0.016076318
0.011929874
0.013312022
0.01469417
0.016076318
0.011929874
0.013312022
0.01469417
0.016076318
0.011929874
0.013312022
0.01469417
0.016076318
0.011929874
0.013312022
0.01469417
0.016076318
0.011929874
0.013312022
0.01469417
0.016076318
0.011929874
0.013312022
0.01469417
0.016076318
0.011929874
0.013312022
0.01469417
0.016076318
0.011929874
0.013312022
0.01469417
0.016076318
0.011929874
0.013312022
0.01469417
0.016076318
0.011929874
0.013312022
0.01469417
0.016076318
0.011929874
0.013312022
0.01469417
0.016076318
0.011929874
0.013312022
0.01469417
0.016076318
0.011929874
0.013312022
0.01469417
0.016076318
0.011929874
0.013312022
0.01469417
0.016076318
0.011929874
0.013312022
0.01469417
0.016076318
0.011929874
0.013312022
0.01469417
0.016076318
0.011929874
0.013312022
0.01469417
0.016076318
0.011929874
0.013312022
0.01469417
0.016076318
0.011929874
0.013312022
0.01469417
0.016076318
0.013069324
0.014442101
0.015814879
0.017187657
0.013069324
0.014442101
0.015814879
0.017187657
0.013069324
0.014442101
0.015814879
0.017187657
0.013069324
0.014442101
0.015814879
0.017187657
0.013069324
0.014442101
0.015814879
0.017187657
0.013069324
0.014442101
0.015814879
0.017187657
0.013069324
0.014442101
0.015814879
0.017187657
0.013069324
0.014442101
0.015814879
0.017187657
0.013069324
0.014442101
0.015814879
0.017187657
0.013069324
0.014442101
0.015814879
0.017187657
0.013069324
0.014442101
0.015814879
0.017187657
0.013069324
0.014442101
0.015814879
0.017187657
0.013069324
0.014442101
0.015814879
0.017187657
0.013069324
0.014442101
0.015814879
0.017187657
0.013069324
0.014442101
0.015814879
0.017187657
0.013069324
0.014442101
0.015814879
0.017187657
0.013069324
0.014442101
0.015814879
0.017187657
0.013069324
0.014442101
0.015814879
0.017187657
0.013069324
0.014442101
0.015814879
0.017187657
0.013069324
0.014442101
0.015814879
0.017187657
0.013069324
0.014442101
0.015814879
0.017187657
0.013069324
0.014442101
0.015814879
0.017187657
0.013069324
0.014442101
0.015814879
0.017187657
0.013069324
0.014442101
0.015814879
0.017187657
0.014208773
0.01557218
0.016935588
0.018298995
0.014208773
0.01557218
0.016935588
0.018298995
0.014208773
0.01557218
0.016935588
0.018298995
0.014208773
0.01557218
0.016935588
0.018298995
0.014208773
0.01557218
0.016935588
0.018298995
0.014208773
0.01557218
0.016935588
0.018298995
0.014208773
0.01557218
0.016935588
0.018298995
0.014208773
0.01557218
0.016935588
0.018298995
0.014208773
0.01557218
0.016935588
0.018298995
0.014208773
0.01557218
0.016935588
0.018298995
0.014208773
0.01557218
0.016935588
0.018298995
0.014208773
0.01557218
0.016935588
0.018298995
0.014208773
0.01557218
0.016935588
0.018298995
0.014208773
0.01557218
0.016935588
0.018298995
0.014208773
0.01557218
0.016935588
0.018298995
0.014208773
0.01557218
0.016935588
0.018298995
0.014208773
0.01557218
0.016935588
0.018298995
0.014208773
0.01557218
0.016935588
0.018298995
0.014208773
0.01557218
0.016935588
0.018298995
0.014208773
0.01557218
0.016935588
0.018298995
0.014208773
0.01557218
0.016935588
0.018298995
0.014208773
0.01557218
0.016935588
0.018298995
0.014208773
0.01557218
0.016935588
0.018298995
0.014208773
0.01557218
0.016935588
0.018298995
0.015348223
0.01670226
0.018056296
0.019410333
0.015348223
0.01670226
0.018056296
0.019410333
0.015348223
0.01670226
0.018056296
0.019410333
0.015348223
0.01670226
0.018056296
0.019410333
0.015348223
0.01670226
0.018056296
0.019410333
0.015348223
0.01670226
0.018056296
0.019410333
0.015348223
0.01670226
0.018056296
0.019410333
0.015348223
0.01670226
0.018056296
0.019410333
0.015348223
0.01670226
0.018056296
0.019410333
0.015348223
0.01670226
0.018056296
0.019410333
0.015348223
0.01670226
0.018056296
0.019410333
0.015348223
0.01670226
0.018056296
0.019410333
0.015348223
0.01670226
0.018056296
0.019410333
0.015348223
0.01670226
0.018056296
0.019410333
0.015348223
0.01670226
0.018056296
0.019410333
0.015348223
0.01670226
0.018056296
0.019410333
0.015348223
0.01670226
0.018056296
0.019410333
0.015348223
0.01670226
0.018056296
0.019410333
0.015348223
0.01670226
0.018056296
0.019410333
0.015348223
0.01670226
0.018056296
0.019410333
0.015348223
0.01670226
0.018056296
0.019410333
0.015348223
0.01670226
0.018056296
0.019410333
0.015348223
0.01670226
0.018056296
0.019410333
0.015348223
0.01670226
0.018056296
0.019410333
0.016487672
0.017832339
0.019177005
0.020521672
0.016487672
0.017832339
0.019177005
0.020521672
0.016487672
0.017832339
0.019177005
0.020521672
0.016487672
0.017832339
0.019177005
0.020521672
0.016487672
0.017832339
0.019177005
0.020521672
0.016487672
0.017832339
0.019177005
0.020521672
0.016487672
0.017832339
0.019177005
0.020521672
0.016487672
0.017832339
0.019177005
0.020521672
0.016487672
0.017832339
0.019177005
0.020521672
0.016487672
0.017832339
0.019177005
0.020521672
0.016487672
0.017832339
0.019177005
0.020521672
0.016487672
0.017832339
0.019177005
0.020521672
0.016487672
0.017832339
0.019177005
0.020521672
0.016487672
0.017832339
0.019177005
0.020521672
0.016487672
0.017832339
0.019177005
0.020521672
0.016487672
0.017832339
0.019177005
0.020521672
0.016487672
0.017832339
0.019177005
0.020521672
0.016487672
0.017832339
0.019177005
0.020521672
0.016487672
0.017832339
0.019177005
0.020521672
0.016487672
0.017832339
0.019177005
0.020521672
0.016487672
0.017832339
0.019177005
0.020521672
0.016487672
0.017832339
0.019177005
0.020521672
0.016487672
0.017832339
0.019177005
0.020521672
0.016487672
0.017832339
0.019177005
0.020521672
0.017627122
0.018962418
0.020297714
0.02163301
0.017627122
0.018962418
0.020297714
0.02163301
0.017627122
0.018962418
0.020297714
0.02163301
0.017627122
0.018962418
0.020297714
0.02163301
0.017627122
0.018962418
0.020297714
0.02163301
0.017627122
0.018962418
0.020297714
0.02163301
0.017627122
0.018962418
0.020297714
0.02163301
0.017627122
0.018962418
0.020297714
0.02163301
0.017627122
0.018962418
0.020297714
0.02163301
0.017627122
0.018962418
0.020297714
0.02163301
0.017627122
0.018962418
0.020297714
0.02163301
0.017627122
0.018962418
0.020297714
0.02163301
0.017627122
0.018962418
0.020297714
0.02163301
0.017627122
0.018962418
0.020297714
0.02163301
0.017627122
0.018962418
0.020297714
0.02163301
0.017627122
0.018962418
0.020297714
0.02163301
0.017627122
0.018962418
0.020297714
0.02163301
0.017627122
0.018962418
0.020297714
0.02163301
0.017627122
0.018962418
0.020297714
0.02163301
0.017627122
0.018962418
0.020297714
0.02163301
0.017627122
0.018962418
0.020297714
0.02163301
0.017627122
0.018962418
0.020297714
0.02163301
0.017627122
0.018962418
0.020297714
0.02163301
0.017627122
0.018962418
0.020297714
0.02163301
0.018766571
0.020092497
0.021418422
0.022744348
0.018766571
0.020092497
0.021418422
0.022744348
0.018766571
0.020092497
0.021418422
0.022744348
0.018766571
0.020092497
0.021418422
0.022744348
0.018766571
0.020092497
0.021418422
0.022744348
0.018766571
0.020092497
0.021418422
0.022744348
0.018766571
0.020092497
0.021418422
0.022744348
0.018766571
0.020092497
0.021418422
0.022744348
0.018766571
0.020092497
0.021418422
0.022744348
0.018766571
0.020092497
0.021418422
0.022744348
0.018766571
0.020092497
0.021418422
0.022744348
0.018766571
0.020092497
0.021418422
0.022744348
0.018766571
0.020092497
0.021418422
0.022744348
0.018766571
0.020092497
0.021418422
0.022744348
0.018766571
0.020092497
0.021418422
0.022744348
0.018766571
0.020092497
0.021418422
0.022744348
0.018766571
0.020092497
0.021418422
0.022744348
0.018766571
0.020092497
0.021418422
0.022744348
0.018766571
0.020092497
0.021418422
0.022744348
0.018766571
0.020092497
0.021418422
0.022744348
0.018766571
0.020092497
0.021418422
0.022744348
0.018766571
0.020092497
0.021418422
0.022744348
0.018766571
0.020092497
0.021418422
0.022744348
0.018766571
0.020092497
0.021418422
0.022744348
0.019906021
0.021222576
0.022539131
0.023855686
0.019906021
0.021222576
0.022539131
0.023855686
0.019906021
0.021222576
0.022539131
0.023855686
0.019906021
0.021222576
0.022539131
0.023855686
0.019906021
0.021222576
0.022539131
0.023855686
0.019906021
0.021222576
0.022539131
0.023855686
0.019906021
0.021222576
0.022539131
0.023855686
0.019906021
0.021222576
0.022539131
0.023855686
0.019906021
0.021222576
0.022539131
0.023855686
0.019906021
0.021222576
0.022539131
0.023855686
0.019906021
0.021222576
0.022539131
0.023855686
0.019906021
0.021222576
0.022539131
0.023855686
0.019906021
0.021222576
0.022539131
0.023855686
0.019906021
0.021222576
0.022539131
0.023855686
0.019906021
0.021222576
0.022539131
0.023855686
0.019906021
0.021222576
0.022539131
0.023855686
0.019906021
0.021222576
0.022539131
0.023855686
0.019906021
0.021222576
0.022539131
0.023855686
0.019906021
0.021222576
0.022539131
0.023855686
0.019906021
0.021222576
0.022539131
0.023855686
0.019906021
0.021222576
0.022539131
0.023855686
0.019906021
0.021222576
0.022539131
0.023855686
0.019906021
0.021222576
0.022539131
0.023855686
0.019906021
0.021222576
0.022539131
0.023855686
0.02104547
0.022352655
0.023659839
0.024967024
0.02104547
0.022352655
0.023659839
0.024967024
0.02104547
0.022352655
0.023659839
0.024967024
0.02104547
0.022352655
0.023659839
0.024967024
0.02104547
0.022352655
0.023659839
0.024967024
0.02104547
0.022352655
0.023659839
0.024967024
0.02104547
0.022352655
0.023659839
0.024967024
0.02104547
0.022352655
0.023659839
0.024967024
0.02104547
0.022352655
0.023659839
0.024967024
0.02104547
0.022352655
0.023659839
0.024967024
0.02104547
0.022352655
0.023659839
0.024967024
0.02104547
0.022352655
0.023659839
0.024967024
0.02104547
0.022352655
0.023659839
0.024967024
0.02104547
0.022352655
0.023659839
0.024967024
0.02104547
0.022352655
0.023659839
0.024967024
0.02104547
0.022352655
0.023659839
0.024967024
0.02104547
0.022352655
0.023659839
0.024967024
0.02104547
0.022352655
0.023659839
0.024967024
0.02104547
0.022352655
0.023659839
0.024967024
0.02104547
0.022352655
0.023659839
0.024967024
0.02104547
0.022352655
0.023659839
0.024967024
0.02104547
0.022352655
0.023659839
0.024967024
0.02104547
0.022352655
0.023659839
0.024967024
0.02104547
0.022352655
0.023659839
0.024967024
0.022184919
0.023482733
0.024780548
0.026078362
0.022184919
0.023482733
0.024780548
0.026078362
0.022184919
0.023482733
0.024780548
0.026078362
0.022184919
0.023482733
0.024780548
0.026078362
0.022184919
0.023482733
0.024780548
0.026078362
0.022184919
0.023482733
0.024780548
0.026078362
0.022184919
0.023482733
0.024780548
0.026078362
0.022184919
0.023482733
0.024780548
0.026078362
0.022184919
0.023482733
0.024780548
0.026078362
0.022184919
0.023482733
0.024780548
0.026078362
0.022184919
0.023482733
0.024780548
0.026078362
0.022184919
0.023482733
0.024780548
0.026078362
0.022184919
0.023482733
0.024780548
0.026078362
0.022184919
0.023482733
0.024780548
0.026078362
0.022184919
0.023482733
0.024780548
0.026078362
0.022184919
0.023482733
0.024780548
0.026078362
0.022184919
0.023482733
0.024780548
0.026078362
0.022184919
0.023482733
0.024780548
0.026078362
0.022184919
0.023482733
0.024780548
0.026078362
0.022184919
0.023482733
0.024780548
0.026078362
0.022184919
0.023482733
0.024780548
0.026078362
0.022184919
0.023482733
0.024780548
0.026078362
0.022184919
0.023482733
0.024780548
0.026078362
0.022184919
0.023482733
0.024780548
0.026078362
0.023324368
0.024612812
0.025901256
0.0271897
0.023324368
0.024612812
0.025901256
0.0271897
0.023324368
0.024612812
0.025901256
0.0271897
0.023324368
0.024612812
0.025901256
0.0271897
0.023324368
0.024612812
0.025901256
0.0271897
0.023324368
0.024612812
0.025901256
0.0271897
0.023324368
0.024612812
0.025901256
0.0271897
0.023324368
0.024612812
0.025901256
0.0271897
0.023324368
0.024612812
0.025901256
0.0271897
0.023324368
0.024612812
0.025901256
0.0271897
0.023324368
0.024612812
0.025901256
0.0271897
0.023324368
0.024612812
0.025901256
0.0271897
0.023324368
0.024612812
0.025901256
0.0271897
0.023324368
0.024612812
0.025901256
0.0271897
0.023324368
0.024612812
0.025901256
0.0271897
0.023324368
0.024612812
0.025901256
0.0271897
0.023324368
0.024612812
0.025901256
0.0271897
0.023324368
0.024612812
0.025901256
0.0271897
0.023324368
0.024612812
0.025901256
0.0271897
0.023324368
0.024612812
0.025901256
0.0271897
0.023324368
0.024612812
0.025901256
0.0271897
0.023324368
0.024612812
0.025901256
0.0271897
0.023324368
0.024612812
0.025901256
0.0271897
0.023324368
0.024612812
0.025901256
0.0271897
0.024463817
0.025742891
0.027021964
0.028301038
0.024463817
0.025742891
0.027021964
0.028301038
0.024463817
0.025742891
0.027021964
0.028301038
0.024463817
0.025742891
0.027021964
0.028301038
0.024463817
0.025742891
0.027021964
0.028301038
0.024463817
0.025742891
0.027021964
0.028301038
0.024463817
0.025742891
0.027021964
0.028301038
0.024463817
0.025742891
0.027021964
0.028301038
0.024463817
0.025742891
0.027021964
0.028301038
0.024463817
0.025742891
0.027021964
0.028301038
0.024463817
0.025742891
0.027021964
0.028301038
0.024463817
0.025742891
0.027021964
0.028301038
0.024463817
0.025742891
0.027021964
0.028301038
0.024463817
0.025742891
0.027021964
0.028301038
0.024463817
0.025742891
0.027021964
0.028301038
0.024463817
0.025742891
0.027021964
0.028301038
0.024463817
0.025742891
0.027021964
0.028301038
0.024463817
0.025742891
0.027021964
0.028301038
0.024463817
0.025742891
0.027021964
0.028301038
0.024463817
0.025742891
0.027021964
0.028301038
0.024463817
0.025742891
0.027021964
0.028301038
0.024463817
0.025742891
0.027021964
0.028301038
0.024463817
0.025742891
0.027021964
0.028301038
0.024463817
0.025742891
0.027021964
0.028301038
0.025603266
0.026872969
0.028142672
0.029412375
0.025603266
0.026872969
0.028142672
0.029412375
0.025603266
0.026872969
0.028142672
0.029412375
0.025603266
0.026872969
0.028142672
0.029412375
0.025603266
0.026872969
0.028142672
0.029412375
0.025603266
0.026872969
0.028142672
0.029412375
0.025603266
0.026872969
0.028142672
0.029412375
0.025603266
0.026872969
0.028142672
0.029412375
0.025603266
0.026872969
0.028142672
0.029412375
0.025603266
0.026872969
0.028142672
0.029412375
0.025603266
0.026872969
0.028142672
0.029412375
0.025603266
0.026872969
0.028142672
0.029412375
0.025603266
0.026872969
0.028142672
0.029412375
0.025603266
0.026872969
0.028142672
0.029412375
0.025603266
0.026872969
0.028142672
0.029412375
0.025603266
0.026872969
0.028142672
0.029412375
0.025603266
0.026872969
0.028142672
0.029412375
0.025603266
0.026872969
0.028142672
0.029412375
0.025603266
0.026872969
0.028142672
0.029412375
0.025603266
0.026872969
0.028142672
0.029412375
0.025603266
0.026872969
0.028142672
0.029412375
0.025603266
0.026872969
0.028142672
0.029412375
0.025603266
0.026872969
0.028142672
0.029412375
0.025603266
0.026872969
0.028142672
0.029412375
0.026742715
0.028003048
0.02926338
0.030523713
0.026742715
0.028003048
0.02926338
0.030523713
0.026742715
0.028003048
0.02926338
0.030523713
0.026742715
0.028003048
0.02926338
0.030523713
0.026742715
0.028003048
0.02926338
0.030523713
0.026742715
0.028003048
0.02926338
0.030523713
0.026742715
0.028003048
0.02926338
0.030523713
0.026742715
0.028003048
0.02926338
0.030523713
0.026742715
0.028003048
0.02926338
0.030523713
0.026742715
0.028003048
0.02926338
0.030523713
0.026742715
0.028003048
0.02926338
0.030523713
0.026742715
0.028003048
0.02926338
0.030523713
0.026742715
0.028003048
0.02926338
0.030523713
0.026742715
0.028003048
0.02926338
0.030523713
0.026742715
0.028003048
0.02926338
0.030523713
0.026742715
0.028003048
0.02926338
0.030523713
0.026742715
0.028003048
0.02926338
0.030523713
0.026742715
0.028003048
0.02926338
0.030523713
0.026742715
0.028003048
0.02926338
0.030523713
0.026742715
0.028003048
0.02926338
0.030523713
0.026742715
0.028003048
0.02926338
0.030523713
0.026742715
0.028003048
0.02926338
0.030523713
0.026742715
0.028003048
0.02926338
0.030523713
0.026742715
0.028003048
0.02926338
0.030523713
0.027882164
0.029133126
0.030384088
0.031635051
0.027882164
0.029133126
0.030384088
0.031635051
0.027882164
0.029133126
0.030384088
0.031635051
0.027882164
0.029133126
0.030384088
0.031635051
0.027882164
0.029133126
0.030384088
0.031635051
0.027882164
0.029133126
0.030384088
0.031635051
0.027882164
0.029133126
0.030384088
0.031635051
0.027882164
0.029133126
0.030384088
0.031635051
0.027882164
0.029133126
0.030384088
0.031635051
0.027882164
0.029133126
0.030384088
0.031635051
0.027882164
0.029133126
0.030384088
0.031635051
0.027882164
0.029133126
0.030384088
0.031635051
0.027882164
0.029133126
0.030384088
0.031635051
0.027882164
0.029133126
0.030384088
0.031635051
0.027882164
0.029133126
0.030384088
0.031635051
0.027882164
0.029133126
0.030384088
0.031635051
0.027882164
0.029133126
0.030384088
0.031635051
0.027882164
0.029133126
0.030384088
0.031635051
0.027882164
0.029133126
0.030384088
0.031635051
0.027882164
0.029133126
0.030384088
0.031635051
0.027882164
0.029133126
0.030384088
0.031635051
0.027882164
0.029133126
0.030384088
0.031635051
0.027882164
0.029133126
0.030384088
0.031635051
0.027882164
0.029133126
0.030384088
0.031635051
0.029021613
0.030263205
0.031504796
0.032746388
0.029021613
0.030263205
0.031504796
0.032746388
0.029021613
0.030263205
0.031504796
0.032746388
0.029021613
0.030263205
0.031504796
0.032746388
0.029021613
0.030263205
0.031504796
0.032746388
0.029021613
0.030263205
0.031504796
0.032746388
0.029021613
0.030263205
0.031504796
0.032746388
0.029021613
0.030263205
0.031504796
0.032746388
0.029021613
0.030263205
0.031504796
0.032746388
0.029021613
0.030263205
0.031504796
0.032746388
0.029021613
0.030263205
0.031504796
0.032746388
0.029021613
0.030263205
0.031504796
0.032746388
0.029021613
0.030263205
0.031504796
0.032746388
0.029021613
0.030263205
0.031504796
0.032746388
0.029021613
0.030263205
0.031504796
0.032746388
0.029021613
0.030263205
0.031504796
0.032746388
0.029021613
0.030263205
0.031504796
0.032746388
0.029021613
0.030263205
0.031504796
0.032746388
0.029021613
0.030263205
0.031504796
0.032746388
0.029021613
0.030263205
0.031504796
0.032746388
0.029021613
0.030263205
0.031504796
0.032746388
0.029021613
0.030263205
0.031504796
0.032746388
0.029021613
0.030263205
0.031504796
0.032746388
0.029021613
0.030263205
0.031504796
0.032746388
0.0087453477
0.010407713
0.012070079
0.013732445
0.0087453477
0.010407713
0.012070079
0.013732445
0.0087453477
0.010407713
0.012070079
0.013732445
0.0087453477
0.010407713
0.012070079
0.013732445
0.0087453477
0.010407713
0.012070079
0.013732445
0.0087453477
0.010407713
0.012070079
0.013732445
0.0087453477
0.010407713
0.012070079
0.013732445
0.0087453477
0.010407713
0.012070079
0.013732445
0.0087453477
0.010407713
0.012070079
0.013732445
0.0087453477
0.010407713
0.012070079
0.013732445
0.0087453477
0.010407713
0.012070079
0.013732445
0.0087453477
0.010407713
0.012070079
0.013732445
0.0087453477
0.010407713
0.012070079
0.013732445
0.0087453477
0.010407713
0.012070079
0.013732445
0.0087453477
0.010407713
0.012070079
0.013732445
0.0087453477
0.010407713
0.012070079
0.013732445
0.0087453477
0.010407713
0.012070079
0.013732445
0.0087453477
0.010407713
0.012070079
0.013732445
0.0087453477
0.010407713
0.012070079
0.013732445
0.0087453477
0.010407713
0.012070079
0.013732445
0.0087453477
0.010407713
0.012070079
0.013732445
0.0087453477
0.010407713
0.012070079
0.013732445
0.0087453477
0.010407713
0.012070079
0.013732445
0.0087453477
0.010407713
0.012070079
0.013732445
0.0098466562
0.011498331
0.013150007
0.014801682
0.0098466562
0.011498331
0.013150007
0.014801682
0.0098466562
0.011498331
0.013150007
0.014801682
0.0098466562
0.011498331
0.013150007
0.014801682
0.0098466562
0.011498331
0.013150007
0.014801682
0.0098466562
0.011498331
0.013150007
0.014801682
0.0098466562
0.011498331
0.013150007
0.014801682
0.0098466562
0.011498331
0.013150007
0.014801682
0.0098466562
0.011498331
0.013150007
0.014801682
0.0098466562
0.011498331
0.013150007
0.014801682
0.0098466562
0.011498331
0.013150007
0.014801682
0.0098466562
0.011498331
0.013150007
0.014801682
0.0098466562
0.011498331
0.013150007
0.014801682
0.0098466562
0.011498331
0.013150007
0.014801682
0.0098466562
0.011498331
0.013150007
0.014801682
0.0098466562
0.011498331
0.013150007
0.014801682
0.0098466562
0.011498331
0.013150007
0.014801682
0.0098466562
0.011498331
0.013150007
0.014801682
0.0098466562
0.011498331
0.013150007
0.014801682
0.0098466562
0.011498331
0.013150007
0.014801682
0.0098466562
0.011498331
0.013150007
0.014801682
0.0098466562
0.011498331
0.013150007
0.014801682
0.0098466562
0.011498331
0.013150007
0.014801682
0.0098466562
0.011498331
0.013150007
0.014801682
0.010947965
0.01258895
0.014229934
0.015870919
0.010947965
0.01258895
0.014229934
0.015870919
0.010947965
0.01258895
0.014229934
0.015870919
0.010947965
0.01258895
0.014229934
0.015870919
0.010947965
0.01258895
0.014229934
0.015870919
0.010947965
0.01258895
0.014229934
0.015870919
0.010947965
0.01258895
0.014229934
0.015870919
0.010947965
0.01258895
0.014229934
0.015870919
0.010947965
0.01258895
0.014229934
0.015870919
0.010947965
0.01258895
0.014229934
0.015870919
0.010947965
0.01258895
0.014229934
0.015870919
0.010947965
0.01258895
0.014229934
0.015870919
0.010947965
0.01258895
0.014229934
0.015870919
0.010947965
0.01258895
0.014229934
0.015870919
0.010947965
0.01258895
0.014229934
0.015870919
0.010947965
0.01258895
0.014229934
0.015870919
0.010947965
0.01258895
0.014229934
0.015870919
0.010947965
0.01258895
0.014229934
0.015870919
0.010947965
0.01258895
0.014229934
0.015870919
0.010947965
0.01258895
0.014229934
0.015870919
0.010947965
0.01258895
0.014229934
0.015870919
0.010947965
0.01258895
0.014229934
0.015870919
0.010947965
0.01258895
0.014229934
0.015870919
0.010947965
0.01258895
0.014229934
0.015870919
0.012049273
0.013679568
0.015309862
0.016940157
0.012049273
0.013679568
0.015309862
0.016940157
0.012049273
0.013679568
0.015309862
0.016940157
0.012049273
0.013679568
0.015309862
0.016940157
0.012049273
0.013679568
0.015309862
0.016940157
0.012049273
0.013679568
0.015309862
0.016940157
0.012049273
0.013679568
0.015309862
0.016940157
0.012049273
0.013679568
0.015309862
0.016940157
0.012049273
0.013679568
0.015309862
0.016940157
0.012049273
0.013679568
0.015309862
0.016940157
0.012049273
0.013679568
0.015309862
0.016940157
0.012049273
0.013679568
0.015309862
0.016940157
0.012049273
0.013679568
0.015309862
0.016940157
0.012049273
0.013679568
0.015309862
0.016940157
0.012049273
0.013679568
0.015309862
0.016940157
0.012049273
0.013679568
0.015309862
0.016940157
0.012049273
0.013679568
0.015309862
0.016940157
0.012049273
0.013679568
0.015309862
0.016940157
0.012049273
0.013679568
0.015309862
0.016940157
0.012049273
0.013679568
0.015309862
0.016940157
0.012049273
0.013679568
0.015309862
0.016940157
0.012049273
0.013679568
0.015309862
0.016940157
0.012049273
0.013679568
0.015309862
0.016940157
0.012049273
0.013679568
0.015309862
0.016940157
0.013150581
0.014770186
0.01638979
0.018009394
0.013150581
0.014770186
0.01638979
0.018009394
0.013150581
0.014770186
0.01638979
0.018009394
0.013150581
0.014770186
0.01638979
0.018009394
0.013150581
0.014770186
0.01638979
0.018009394
0.013150581
0.014770186
0.01638979
0.018009394
0.013150581
0.014770186
0.01638979
0.018009394
0.013150581
0.014770186
0.01638979
0.018009394
0.013150581
0.014770186
0.01638979
0.018009394
0.013150581
0.014770186
0.01638979
0.018009394
0.013150581
0.014770186
0.01638979
0.018009394
0.013150581
0.014770186
0.01638979
0.018009394
0.013150581
0.014770186
0.01638979
0.018009394
0.013150581
0.014770186
0.01638979
0.018009394
0.013150581
0.014770186
0.01638979
0.018009394
0.013150581
0.014770186
0.01638979
0.018009394
0.013150581
0.014770186
0.01638979
0.018009394
0.013150581
0.014770186
0.01638979
0.018009394
0.013150581
0.014770186
0.01638979
0.018009394
0.013150581
0.014770186
0.01638979
0.018009394
0.013150581
0.014770186
0.01638979
0.018009394
0.013150581
0.014770186
0.01638979
0.018009394
0.013150581
0.014770186
0.01638979
0.018009394
0.013150581
0.014770186
0.01638979
0.018009394
0.01425189
0.015860803
0.017469717
0.019078631
0.01425189
0.015860803
0.017469717
0.019078631
0.01425189
0.015860803
0.017469717
0.019078631
0.01425189
0.015860803
0.017469717
0.019078631
0.01425189
0.015860803
0.017469717
0.019078631
0.01425189
0.015860803
0.017469717
0.019078631
0.01425189
0.015860803
0.017469717
0.019078631
0.01425189
0.015860803
0.017469717
0.019078631
0.01425189
0.015860803
0.017469717
0.019078631
0.01425189
0.015860803
0.017469717
0.019078631
0.01425189
0.015860803
0.017469717
0.019078631
0.01425189
0.015860803
0.017469717
0.019078631
0.01425189
0.015860803
0.017469717
0.019078631
0.01425189
0.015860803
0.017469717
0.019078631
0.01425189
0.015860803
0.017469717
0.019078631
0.01425189
0.015860803
0.017469717
0.019078631
0.01425189
0.015860803
0.017469717
0.019078631
0.01425189
0.015860803
0.017469717
0.019078631
0.01425189
0.015860803
0.017469717
0.019078631
0.01425189
0.015860803
0.017469717
0.019078631
0.01425189
0.015860803
0.017469717
0.019078631
0.01425189
0.015860803
0.017469717
0.019078631
0.01425189
0.015860803
0.017469717
0.019078631
0.01425189
0.015860803
0.017469717
0.019078631
0.015353198
0.016951421
0.018549645
0.020147868
0.015353198
0.016951421
0.018549645
0.020147868
0.015353198
0.016951421
0.018549645
0.020147868
0.015353198
0.016951421
0.018549645
0.020147868
0.015353198
0.016951421
0.018549645
0.020147868
0.015353198
0.016951421
0.018549645
0.020147868
0.015353198
0.016951421
0.018549645
0.020147868
0.015353198
0.016951421
0.018549645
0.020147868
0.015353198
0.016951421
0.018549645
0.020147868
0.015353198
0.016951421
0.018549645
0.020147868
0.015353198
0.016951421
0.018549645
0.020147868
0.015353198
0.016951421
0.018549645
0.020147868
0.015353198
0.016951421
0.018549645
0.020147868
0.015353198
0.016951421
0.018549645
0.020147868
0.015353198
0.016951421
0.018549645
0.020147868
0.015353198
0.016951421
0.018549645
0.020147868
0.015353198
0.016951421
0.018549645
0.020147868
0.015353198
0.016951421
0.018549645
0.020147868
0.015353198
0.016951421
0.018549645
0.020147868
0.015353198
0.016951421
0.018549645
0.020147868
0.015353198
0.016951421
0.018549645
0.020147868
0.015353198
0.016951421
0.018549645
0.020147868
0.015353198
0.016951421
0.018549645
0.020147868
0.015353198
0.016951421
0.018549645
0.020147868
0.016454506
0.018042039
0.019629572
0.021217105
0.016454506
0.018042039
0.019629572
0.021217105
0.016454506
0.018042039
0.019629572
0.021217105
0.016454506
0.018042039
0.019629572
0.021217105
0.016454506
0.018042039
0.019629572
0.021217105
0.016454506
0.018042039
0.019629572
0.021217105
0.016454506
0.018042039
0.019629572
0.021217105
0.016454506
0.018042039
0.019629572
0.021217105
0.016454506
0.018042039
0.019629572
0.021217105
0.016454506
0.018042039
0.019629572
0.021217105
0.016454506
0.018042039
0.019629572
0.021217105
0.016454506
0.018042039
0.019629572
0.021217105
0.016454506
0.018042039
0.019629572
0.021217105
0.016454506
0.018042039
0.019629572
0.021217105
0.016454506
0.018042039
0.019629572
0.021217105
0.016454506
0.018042039
0.019629572
0.021217105
0.016454506
0.018042039
0.019629572
0.021217105
0.016454506
0.018042039
0.019629572
0.021217105
0.016454506
0.018042039
0.019629572
0.021217105
0.016454506
0.018042039
0.019629572
0.021217105
0.016454506
0.018042039
0.019629572
0.021217105
0.016454506
0.018042039
0.019629572
0.021217105
0.016454506
0.018042039
0.019629572
0.021217105
0.016454506
0.018042039
0.019629572
0.021217105
0.017555814
0.019132657
0.0207095
0.022286342
0.017555814
0.019132657
0.0207095
0.022286342
0.017555814
0.019132657
0.0207095
0.022286342
0.017555814
0.019132657
0.0207095
0.022286342
0.017555814
0.019132657
0.0207095
0.022286342
0.017555814
0.019132657
0.0207095
0.022286342
0.017555814
0.019132657
0.0207095
0.022286342
0.017555814
0.019132657
0.0207095
0.022286342
0.017555814
0.019132657
0.0207095
0.022286342
0.017555814
0.019132657
0.0207095
0.022286342
0.017555814
0.019132657
0.0207095
0.022286342
0.017555814
0.019132657
0.0207095
0.022286342
0.017555814
0.019132657
0.0207095
0.022286342
0.017555814
0.019132657
0.0207095
0.022286342
0.017555814
0.019132657
0.0207095
0.022286342
0.017555814
0.019132657
0.0207095
0.022286342
0.017555814
0.019132657
0.0207095
0.022286342
0.017555814
0.019132657
0.0207095
0.022286342
0.017555814
0.019132657
0.0207095
0.022286342
0.017555814
0.019132657
0.0207095
0.022286342
0.017555814
0.019132657
0.0207095
0.022286342
0.017555814
0.019132657
0.0207095
0.022286342
0.017555814
0.019132657
0.0207095
0.022286342
0.017555814
0.019132657
0.0207095
0.022286342
0.018657122
0.020223275
0.021789427
0.023355579
0.018657122
0.020223275
0.021789427
0.023355579
0.018657122
0.020223275
0.021789427
0.023355579
0.018657122
0.020223275
0.021789427
0.023355579
0.018657122
0.020223275
0.021789427
0.023355579
0.018657122
0.020223275
0.021789427
0.023355579
0.018657122
0.020223275
0.021789427
0.023355579
0.018657122
0.020223275
0.021789427
0.023355579
0.018657122
0.020223275
0.021789427
0.023355579
0.018657122
0.020223275
0.021789427
0.023355579
0.018657122
0.020223275
0.021789427
0.023355579
0.018657122
0.020223275
0.021789427
0.023355579
0.018657122
0.020223275
0.021789427
0.023355579
0.018657122
0.020223275
0.021789427
0.023355579
0.018657122
0.020223275
0.021789427
0.023355579
0.018657122
0.020223275
0.021789427
0.023355579
0.018657122
0.020223275
0.021789427
0.023355579
0.018657122
0.020223275
0.021789427
0.023355579
0.018657122
0.020223275
0.021789427
0.023355579
0.018657122
0.020223275
0.021789427
0.023355579
0.018657122
0.020223275
0.021789427
0.023355579
0.018657122
0.020223275
0.021789427
0.023355579
0.018657122
0.020223275
0.021789427
0.023355579
0.018657122
0.020223275
0.021789427
0.023355579
0.01975843
0.021313892
0.022869354
0.024424816
0.01975843
0.021313892
0.022869354
0.024424816
0.01975843
0.021313892
0.022869354
0.024424816
0.01975843
0.021313892
0.022869354
0.024424816
0.01975843
0.021313892
0.022869354
0.024424816
0.01975843
0.021313892
0.022869354
0.024424816
0.01975843
0.021313892
0.022869354
0.024424816
0.01975843
0.021313892
0.022869354
0.024424816
0.01975843
0.021313892
0.022869354
0.024424816
0.01975843
0.021313892
0.022869354
0.024424816
0.01975843
0.021313892
0.022869354
0.024424816
0.01975843
0.021313892
0.022869354
0.024424816
0.01975843
0.021313892
0.022869354
0.024424816
0.01975843
0.021313892
0.022869354
0.024424816
0.01975843
0.021313892
0.022869354
0.024424816
0.01975843
0.021313892
0.022869354
0.024424816
0.01975843
0.021313892
0.022869354
0.024424816
0.01975843
0.021313892
0.022869354
0.024424816
0.01975843
0.021313892
0.022869354
0.024424816
0.01975843
0.021313892
0.022869354
0.024424816
0.01975843
0.021313892
0.022869354
0.024424816
0.01975843
0.021313892
0.022869354
0.024424816
0.01975843
0.021313892
0.022869354
0.024424816
0.01975843
0.021313892
0.022869354
0.024424816
0.020859738
0.02240451
0.023949281
0.025494053
0.020859738
0.02240451
0.023949281
0.025494053
0.020859738
0.02240451
0.023949281
0.025494053
0.020859738
0.02240451
0.023949281
0.025494053
0.020859738
0.02240451
0.023949281
0.025494053
0.020859738
0.02240451
0.023949281
0.025494053
0.020859738
0.02240451
0.023949281
0.025494053
0.020859738
0.02240451
0.023949281
0.025494053
0.020859738
0.02240451
0.023949281
0.025494053
0.020859738
0.02240451
0.023949281
0.025494053
0.020859738
0.02240451
0.023949281
0.025494053
0.020859738
0.02240451
0.023949281
0.025494053
0.020859738
0.02240451
0.023949281
0.025494053
0.020859738
0.02240451
0.023949281
0.025494053
0.020859738
0.02240451
0.023949281
0.025494053
0.020859738
0.02240451
0.023949281
0.025494053
0.020859738
0.02240451
0.023949281
0.025494053
0.020859738
0.02240451
0.023949281
0.025494053
0.020859738
0.02240451
0.023949281
0.025494053
0.020859738
0.02240451
0.023949281
0.025494053
0.020859738
0.02240451
0.023949281
0.025494053
0.020859738
0.02240451
0.023949281
0.025494053
0.020859738
0.02240451
0.023949281
0.025494053
0.020859738
0.02240451
0.023949281
0.025494053
0.021961046
0.023495127
0.025029208
0.02656329
0.021961046
0.023495127
0.025029208
0.02656329
0.021961046
0.023495127
0.025029208
0.02656329
0.021961046
0.023495127
0.025029208
0.02656329
0.021961046
0.023495127
0.025029208
0.02656329
0.021961046
0.023495127
0.025029208
0.02656329
0.021961046
0.023495127
0.025029208
0.02656329
0.021961046
0.023495127
0.025029208
0.02656329
0.021961046
0.023495127
0.025029208
0.02656329
0.021961046
0.023495127
0.025029208
0.02656329
0.021961046
0.023495127
0.025029208
0.02656329
0.021961046
0.023495127
0.025029208
0.02656329
0.021961046
0.023495127
0.025029208
0.02656329
0.021961046
0.023495127
0.025029208
0.02656329
0.021961046
0.023495127
0.025029208
0.02656329
0.021961046
0.023495127
0.025029208
0.02656329
0.021961046
0.023495127
0.025029208
0.02656329
0.021961046
0.023495127
0.025029208
0.02656329
0.021961046
0.023495127
0.025029208
0.02656329
0.021961046
0.023495127
0.025029208
0.02656329
0.021961046
0.023495127
0.025029208
0.02656329
0.021961046
0.023495127
0.025029208
0.02656329
0.021961046
0.023495127
0.025029208
0.02656329
0.021961046
0.023495127
0.025029208
0.02656329
0.023062354
0.024585745
0.026109136
0.027632526
0.023062354
0.024585745
0.026109136
0.027632526
0.023062354
0.024585745
0.026109136
0.027632526
0.023062354
0.024585745
0.026109136
0.027632526
0.023062354
0.024585745
0.026109136
0.027632526
0.023062354
0.024585745
0.026109136
0.027632526
0.023062354
0.024585745
0.026109136
0.027632526
0.023062354
0.024585745
0.026109136
0.027632526
0.023062354
0.024585745
0.026109136
0.027632526
0.023062354
0.024585745
0.026109136
0.027632526
0.023062354
0.024585745
0.026109136
0.027632526
0.023062354
0.024585745
0.026109136
0.027632526
0.023062354
0.024585745
0.026109136
0.027632526
0.023062354
0.024585745
0.026109136
0.027632526
0.023062354
0.024585745
0.026109136
0.027632526
0.023062354
0.024585745
0.026109136
0.027632526
0.023062354
0.024585745
0.026109136
0.027632526
0.023062354
0.024585745
0.026109136
0.027632526
0.023062354
0.024585745
0.026109136
0.027632526
0.023062354
0.024585745
0.026109136
0.027632526
0.023062354
0.024585745
0.026109136
0.027632526
0.023062354
0.024585745
0.026109136
0.027632526
0.023062354
0.024585745
0.026109136
0.027632526
0.023062354
0.024585745
0.026109136
0.027632526
0.024163662
0.025676362
0.027189063
0.028701763
0.024163662
0.025676362
0.027189063
0.028701763
0.024163662
0.025676362
0.027189063
0.028701763
0.024163662
0.025676362
0.027189063
0.028701763
0.024163662
0.025676362
0.027189063
0.028701763
0.024163662
0.025676362
0.027189063
0.028701763
0.024163662
0.025676362
0.027189063
0.028701763
0.024163662
0.025676362
0.027189063
0.028701763
0.024163662
0.025676362
0.027189063
0.028701763
0.024163662
0.025676362
0.027189063
0.028701763
0.024163662
0.025676362
0.027189063
0.028701763
0.024163662
0.025676362
0.027189063
0.028701763
0.024163662
0.025676362
0.027189063
0.028701763
0.024163662
0.025676362
0.027189063
0.028701763
0.024163662
0.025676362
0.027189063
0.028701763
0.024163662
0.025676362
0.027189063
0.028701763
0.024163662
0.025676362
0.027189063
0.028701763
0.024163662
0.025676362
0.027189063
0.028701763
0.024163662
0.025676362
0.027189063
0.028701763
0.024163662
0.025676362
0.027189063
0.028701763
0.024163662
0.025676362
0.027189063
0.028701763
0.024163662
0.025676362
0.027189063
0.028701763
0.024163662
0.025676362
0.027189063
0.028701763
0.024163662
0.025676362
0.027189063
0.028701763
0.025264969
0.02676698
0.02826899
0.029771
0.025264969
0.02676698
0.02826899
0.029771
0.025264969
0.02676698
0.02826899
0.029771
0.025264969
0.02676698
0.02826899
0.029771
0.025264969
0.02676698
0.02826899
0.029771
0.025264969
0.02676698
0.02826899
0.029771
0.025264969
0.02676698
0.02826899
0.029771
0.025264969
0.02676698
0.02826899
0.029771
0.025264969
0.02676698
0.02826899
0.029771
0.025264969
0.02676698
0.02826899
0.029771
0.025264969
0.02676698
0.02826899
0.029771
0.025264969
0.02676698
0.02826899
0.029771
0.025264969
0.02676698
0.02826899
0.029771
0.025264969
0.02676698
0.02826899
0.029771
0.025264969
0.02676698
0.02826899
0.029771
0.025264969
0.02676698
0.02826899
0.029771
0.025264969
0.02676698
0.02826899
0.029771
0.025264969
0.02676698
0.02826899
0.029771
0.025264969
0.02676698
0.02826899
0.029771
0.025264969
0.02676698
0.02826899
0.029771
0.025264969
0.02676698
0.02826899
0.029771
0.025264969
0.02676698
0.02826899
0.029771
0.025264969
0.02676698
0.02826899
0.029771
0.025264969
0.02676698
0.02826899
0.029771
0.026366277
0.027857597
0.029348916
0.030840236
0.026366277
0.027857597
0.029348916
0.030840236
0.026366277
0.027857597
0.029348916
0.030840236
0.026366277
0.027857597
0.029348916
0.030840236
0.026366277
0.027857597
0.029348916
0.030840236
0.026366277
0.027857597
0.029348916
0.030840236
0.026366277
0.027857597
0.029348916
0.030840236
0.026366277
0.027857597
0.029348916
0.030840236
0.026366277
0.027857597
0.029348916
0.030840236
0.026366277
0.027857597
0.029348916
0.030840236
0.026366277
0.027857597
0.029348916
0.030840236
0.026366277
0.027857597
0.029348916
0.030840236
0.026366277
0.027857597
0.029348916
0.030840236
0.026366277
0.027857597
0.029348916
0.030840236
0.026366277
0.027857597
0.029348916
0.030840236
0.026366277
0.027857597
0.029348916
0.030840236
0.026366277
0.027857597
0.029348916
0.030840236
0.026366277
0.027857597
0.029348916
0.030840236
0.026366277
0.027857597
0.029348916
0.030840236
0.026366277
0.027857597
0.029348916
0.030840236
0.026366277
0.027857597
0.029348916
0.030840236
0.026366277
0.027857597
0.029348916
0.030840236
0.026366277
0.027857597
0.029348916
0.030840236
0.026366277
0.027857597
0.029348916
0.030840236
0.027467585
0.028948214
0.030428843
0.031909473
0.027467585
0.028948214
0.030428843
0.031909473
0.027467585
0.028948214
0.030428843
0.031909473
0.027467585
0.028948214
0.030428843
0.031909473
0.027467585
0.028948214
0.030428843
0.031909473
0.027467585
0.028948214
0.030428843
0.031909473
0.027467585
0.028948214
0.030428843
0.031909473
0.027467585
0.028948214
0.030428843
0.031909473
0.027467585
0.028948214
0.030428843
0.031909473
0.027467585
0.028948214
0.030428843
0.031909473
0.027467585
0.028948214
0.030428843
0.031909473
0.027467585
0.028948214
0.030428843
0.031909473
0.027467585
0.028948214
0.030428843
0.031909473
0.027467585
0.028948214
0.030428843
0.031909473
0.027467585
0.028948214
0.030428843
0.031909473
0.027467585
0.028948214
0.030428843
0.031909473
0.027467585
0.028948214
0.030428843
0.031909473
0.027467585
0.028948214
0.030428843
0.031909473
0.027467585
0.028948214
0.030428843
0.031909473
0.027467585
0.028948214
0.030428843
0.031909473
0.027467585
0.028948214
0.030428843
0.031909473
0.027467585
0.028948214
0.030428843
0.031909473
0.027467585
0.028948214
0.030428843
0.031909473
0.027467585
0.028948214
0.030428843
0.031909473
0.028568892
0.030038831
0.03150877
0.032978709
0.028568892
0.030038831
0.03150877
0.032978709
0.028568892
0.030038831
0.03150877
0.032978709
0.028568892
0.030038831
0.03150877
0.032978709
0.028568892
0.030038831
0.03150877
0.032978709
0.028568892
0.030038831
0.03150877
0.032978709
0.028568892
0.030038831
0.03150877
0.032978709
0.028568892
0.030038831
0.03150877
0.032978709
0.028568892
0.030038831
0.03150877
0.032978709
0.028568892
0.030038831
0.03150877
0.032978709
0.028568892
0.030038831
0.03150877
0.032978709
0.028568892
0.030038831
0.03150877
0.032978709
0.028568892
0.030038831
0.03150877
0.032978709
0.028568892
0.030038831
0.03150877
0.032978709
0.028568892
0.030038831
0.03150877
0.032978709
0.028568892
0.030038831
0.03150877
0.032978709
0.028568892
0.030038831
0.03150877
0.032978709
0.028568892
0.030038831
0.03150877
0.032978709
0.028568892
0.030038831
0.03150877
0.032978709
0.028568892
0.030038831
0.03150877
0.032978709
0.028568892
0.030038831
0.03150877
0.032978709
0.028568892
0.030038831
0.03150877
0.032978709
0.028568892
0.030038831
0.03150877
0.032978709
0.028568892
0.030038831
0.03150877
0.032978709
0.0296702
0.031129448
0.032588697
0.034047945
0.0296702
0.031129448
0.032588697
0.034047945
0.0296702
0.031129448
0.032588697
0.034047945
0.0296702
0.031129448
0.032588697
0.034047945
0.0296702
0.031129448
0.032588697
0.034047945
0.0296702
0.031129448
0.032588697
0.034047945
0.0296702
0.031129448
0.032588697
0.034047945
0.0296702
0.031129448
0.032588697
0.034047945
0.0296702
0.031129448
0.032588697
0.034047945
0.0296702
0.031129448
0.032588697
0.034047945
0.0296702
0.031129448
0.032588697
0.034047945
0.0296702
0.031129448
0.032588697
0.034047945
0.0296702
0.031129448
0.032588697
0.034047945
0.0296702
0.031129448
0.032588697
0.034047945
0.0296702
0.031129448
0.032588697
0.034047945
0.0296702
0.031129448
0.032588697
0.034047945
0.0296702
0.031129448
0.032588697
0.034047945
0.0296702
0.031129448
0.032588697
0.034047945
0.0296702
0.031129448
0.032588697
0.034047945
0.0296702
0.031129448
0.032588697
0.034047945
0.0296702
0.031129448
0.032588697
0.034047945
0.0296702
0.031129448
0.032588697
0.034047945
0.0296702
0.031129448
0.032588697
0.034047945
0.0296702
0.031129448
0.032588697
0.034047945
0.030771507
0.032220065
0.033668623
0.035117182
0.030771507
0.032220065
0.033668623
0.035117182
0.030771507
0.032220065
0.033668623
0.035117182
0.030771507
0.032220065
0.033668623
0.035117182
0.030771507
0.032220065
0.033668623
0.035117182
0.030771507
0.032220065
0.033668623
0.035117182
0.030771507
0.032220065
0.033668623
0.035117182
0.030771507
0.032220065
0.033668623
0.035117182
0.030771507
0.032220065
0.033668623
0.035117182
0.030771507
0.032220065
0.033668623
0.035117182
0.030771507
0.032220065
0.033668623
0.035117182
0.030771507
0.032220065
0.033668623
0.035117182
0.030771507
0.032220065
0.033668623
0.035117182
0.030771507
0.032220065
0.033668623
0.035117182
0.030771507
0.032220065
0.033668623
0.035117182
0.030771507
0.032220065
0.033668623
0.035117182
0.030771507
0.032220065
0.033668623
0.035117182
0.030771507
0.032220065
0.033668623
0.035117182
0.030771507
0.032220065
0.033668623
0.035117182
0.030771507
0.032220065
0.033668623
0.035117182
0.030771507
0.032220065
0.033668623
0.035117182
0.030771507
0.032220065
0.033668623
0.035117182
0.030771507
0.032220065
0.033668623
0.035117182
0.030771507
0.032220065
0.033668623
0.035117182
0.031872814
0.033310682
0.03474855
0.036186418
0.031872814
0.033310682
0.03474855
0.036186418
0.031872814
0.033310682
0.03474855
0.036186418
0.031872814
0.033310682
0.03474855
0.036186418
0.031872814
0.033310682
0.03474855
0.036186418
0.031872814
0.033310682
0.03474855
0.036186418
0.031872814
0.033310682
0.03474855
0.036186418
0.031872814
0.033310682
0.03474855
0.036186418
0.031872814
0.033310682
0.03474855
0.036186418
0.031872814
0.033310682
0.03474855
0.036186418
0.031872814
0.033310682
0.03474855
0.036186418
0.031872814
0.033310682
0.03474855
0.036186418
0.031872814
0.033310682
0.03474855
0.036186418
0.031872814
0.033310682
0.03474855
0.036186418
0.031872814
0.033310682
0.03474855
0.036186418
0.031872814
0.033310682
0.03474855
0.036186418
0.031872814
0.033310682
0.03474855
0.036186418
0.031872814
0.033310682
0.03474855
0.036186418
0.031872814
0.033310682
0.03474855
0.036186418
0.031872814
0.033310682
0.03474855
0.036186418
0.031872814
0.033310682
0.03474855
0.036186418
0.031872814
0.033310682
0.03474855
0.036186418
0.031872814
0.033310682
0.03474855
0.036186418
0.031872814
0.033310682
0.03474855
0.036186418
0.032974122
0.034401299
0.035828476
0.037255654
0.032974122
0.034401299
0.035828476
0.037255654
0.032974122
0.034401299
0.035828476
0.037255654
0.032974122
0.034401299
0.035828476
0.037255654
0.032974122
0.034401299
0.035828476
0.037255654
0.032974122
0.034401299
0.035828476
0.037255654
0.032974122
0.034401299
0.035828476
0.037255654
0.032974122
0.034401299
0.035828476
0.037255654
0.032974122
0.034401299
0.035828476
0.037255654
0.032974122
0.034401299
0.035828476
0.037255654
0.032974122
0.034401299
0.035828476
0.037255654
0.032974122
0.034401299
0.035828476
0.037255654
0.032974122
0.034401299
0.035828476
0.037255654
0.032974122
0.034401299
0.035828476
0.037255654
0.032974122
0.034401299
0.035828476
0.037255654
0.032974122
0.034401299
0.035828476
0.037255654
0.032974122
0.034401299
0.035828476
0.037255654
0.032974122
0.034401299
0.035828476
0.037255654
0.032974122
0.034401299
0.035828476
0.037255654
0.032974122
0.034401299
0.035828476
0.037255654
0.032974122
0.034401299
0.035828476
0.037255654
0.032974122
0.034401299
0.035828476
0.037255654
0.032974122
0.034401299
0.035828476
0.037255654
0.032974122
0.034401299
0.035828476
0.037255654
0.034075429
0.035491916
0.036908403
0.03832489
0.034075429
0.035491916
0.036908403
0.03832489
0.034075429
0.035491916
0.036908403
0.03832489
0.034075429
0.035491916
0.036908403
0.03832489
0.034075429
0.035491916
0.036908403
0.03832489
0.034075429
0.035491916
0.036908403
0.03832489
0.034075429
0.035491916
0.036908403
0.03832489
0.034075429
0.035491916
0.036908403
0.03832489
0.034075429
0.035491916
0.036908403
0.03832489
0.034075429
0.035491916
0.036908403
0.03832489
0.034075429
0.035491916
0.036908403
0.03832489
0.034075429
0.035491916
0.036908403
0.03832489
0.034075429
0.035491916
0.036908403
0.03832489
0.034075429
0.035491916
0.036908403
0.03832489
0.034075429
0.035491916
0.036908403
0.03832489
0.034075429
0.035491916
0.036908403
0.03832489
0.034075429
0.035491916
0.036908403
0.03832489
0.034075429
0.035491916
0.036908403
0.03832489
0.034075429
0.035491916
0.036908403
0.03832489
0.034075429
0.035491916
0.036908403
0.03832489
0.034075429
0.035491916
0.036908403
0.03832489
0.034075429
0.035491916
0.036908403
0.03832489
0.034075429
0.035491916
0.036908403
0.03832489
0.034075429
0.035491916
0.036908403
0.03832489
0.015493473
0.017353161
0.01921285
0.021072539
0.015493473
0.017353161
0.01921285
0.021072539
0.015493473
0.017353161
0.01921285
0.021072539
0.015493473
0.017353161
0.01921285
0.021072539
0.015493473
0.017353161
0.01921285
0.021072539
0.015493473
0.017353161
0.01921285
0.021072539
0.015493473
0.017353161
0.01921285
0.021072539
0.015493473
0.017353161
0.01921285
0.021072539
0.015493473
0.017353161
0.01921285
0.021072539
0.015493473
0.017353161
0.01921285
0.021072539
0.015493473
0.017353161
0.01921285
0.021072539
0.015493473
0.017353161
0.01921285
0.021072539
0.015493473
0.017353161
0.01921285
0.021072539
0.015493473
0.017353161
0.01921285
0.021072539
0.015493473
0.017353161
0.01921285
0.021072539
0.015493473
0.017353161
0.01921285
0.021072539
0.015493473
0.017353161
0.01921285
0.021072539
0.015493473
0.017353161
0.01921285
0.021072539
0.015493473
0.017353161
0.01921285
0.021072539
0.015493473
0.017353161
0.01921285
0.021072539
0.015493473
0.017353161
0.01921285
0.021072539
0.015493473
0.017353161
0.01921285
0.021072539
0.015493473
0.017353161
0.01921285
0.021072539
0.015493473
0.017353161
0.01921285
0.021072539
0.016551385
0.018399115
0.020246844
0.022094574
0.016551385
0.018399115
0.020246844
0.022094574
0.016551385
0.018399115
0.020246844
0.022094574
0.016551385
0.018399115
0.020246844
0.022094574
0.016551385
0.018399115
0.020246844
0.022094574
0.016551385
0.018399115
0.020246844
0.022094574
0.016551385
0.018399115
0.020246844
0.022094574
0.016551385
0.018399115
0.020246844
0.022094574
0.016551385
0.018399115
0.020246844
0.022094574
0.016551385
0.018399115
0.020246844
0.022094574
0.016551385
0.018399115
0.020246844
0.022094574
0.016551385
0.018399115
0.020246844
0.022094574
0.016551385
0.018399115
0.020246844
0.022094574
0.016551385
0.018399115
0.020246844
0.022094574
0.016551385
0.018399115
0.020246844
0.022094574
0.016551385
0.018399115
0.020246844
0.022094574
0.016551385
0.018399115
0.020246844
0.022094574
0.016551385
0.018399115
0.020246844
0.022094574
0.016551385
0.018399115
0.020246844
0.022094574
0.016551385
0.018399115
0.020246844
0.022094574
0.016551385
0.018399115
0.020246844
0.022094574
0.016551385
0.018399115
0.020246844
0.022094574
0.016551385
0.018399115
0.020246844
0.022094574
0.016551385
0.018399115
0.020246844
0.022094574
0.017609298
0.019445068
0.021280838
0.023116608
0.017609298
0.019445068
0.021280838
0.023116608
0.017609298
0.019445068
0.021280838
0.023116608
0.017609298
0.019445068
0.021280838
0.023116608
0.017609298
0.019445068
0.021280838
0.023116608
0.017609298
0.019445068
0.021280838
0.023116608
0.017609298
0.019445068
0.021280838
0.023116608
0.017609298
0.019445068
0.021280838
0.023116608
0.017609298
0.019445068
0.021280838
0.023116608
0.017609298
0.019445068
0.021280838
0.023116608
0.017609298
0.019445068
0.021280838
0.023116608
0.017609298
0.019445068
0.021280838
0.023116608
0.017609298
0.019445068
0.021280838
0.023116608
0.017609298
0.019445068
0.021280838
0.023116608
0.017609298
0.019445068
0.021280838
0.023116608
0.017609298
0.019445068
0.021280838
0.023116608
0.017609298
0.019445068
0.021280838
0.023116608
0.017609298
0.019445068
0.021280838
0.023116608
0.017609298
0.019445068
0.021280838
0.023116608
0.017609298
0.019445068
0.021280838
0.023116608
0.017609298
0.019445068
0.021280838
0.023116608
0.017609298
0.019445068
0.021280838
0.023116608
0.017609298
0.019445068
0.021280838
0.023116608
0.017609298
0.019445068
0.021280838
0.023116608
0.01866721
0.020491021
0.022314832
0.024138642
0.01866721
0.020491021
0.022314832
0.024138642
0.01866721
0.020491021
0.022314832
0.024138642
0.01866721
0.020491021
0.022314832
0.024138642
0.01866721
0.020491021
0.022314832
0.024138642
0.01866721
0.020491021
0.022314832
0.024138642
0.01866721
0.020491021
0.022314832
0.024138642
0.01866721
0.020491021
0.022314832
0.024138642
0.01866721
0.020491021
0.022314832
0.024138642
0.01866721
0.020491021
0.022314832
0.024138642
0.01866721
0.020491021
0.022314832
0.024138642
0.01866721
0.020491021
0.022314832
0.024138642
0.01866721
0.020491021
0.022314832
0.024138642
0.01866721
0.020491021
0.022314832
0.024138642
0.01866721
0.020491021
0.022314832
0.024138642
0.01866721
0.020491021
0.022314832
0.024138642
0.01866721
0.020491021
0.022314832
0.024138642
0.01866721
0.020491021
0.022314832
0.024138642
0.01866721
0.020491021
0.022314832
0.024138642
0.01866721
0.020491021
0.022314832
0.024138642
0.01866721
0.020491021
0.022314832
0.024138642
0.01866721
0.020491021
0.022314832
0.024138642
0.01866721
0.020491021
0.022314832
0.024138642
0.01866721
0.020491021
0.022314832
0.024138642
0.019725122
0.021536974
0.023348825
0.025160677
0.019725122
0.021536974
0.023348825
0.025160677
0.019725122
0.021536974
0.023348825
0.025160677
0.019725122
0.021536974
0.023348825
0.025160677
0.019725122
0.021536974
0.023348825
0.025160677
0.019725122
0.021536974
0.023348825
0.025160677
0.019725122
0.021536974
0.023348825
0.025160677
0.019725122
0.021536974
0.023348825
0.025160677
0.019725122
0.021536974
0.023348825
0.025160677
0.019725122
0.021536974
0.023348825
0.025160677
0.019725122
0.021536974
0.023348825
0.025160677
0.019725122
0.021536974
0.023348825
0.025160677
0.019725122
0.021536974
0.023348825
0.025160677
0.019725122
0.021536974
0.023348825
0.025160677
0.019725122
0.021536974
0.023348825
0.025160677
0.019725122
0.021536974
0.023348825
0.025160677
0.019725122
0.021536974
0.023348825
0.025160677
0.019725122
0.021536974
0.023348825
0.025160677
0.019725122
0.021536974
0.023348825
0.025160677
0.019725122
0.021536974
0.023348825
0.025160677
0.019725122
0.021536974
0.023348825
0.025160677
0.019725122
0.021536974
0.023348825
0.025160677
0.019725122
0.021536974
0.023348825
0.025160677
0.019725122
0.021536974
0.023348825
0.025160677
0.020783035
0.022582927
0.024382819
0.026182711
0.020783035
0.022582927
0.024382819
0.026182711
0.020783035
0.022582927
0.024382819
0.026182711
0.020783035
0.022582927
0.024382819
0.026182711
0.020783035
0.022582927
0.024382819
0.026182711
0.020783035
0.022582927
0.024382819
0.026182711
0.020783035
0.022582927
0.024382819
0.026182711
0.020783035
0.022582927
0.024382819
0.026182711
0.020783035
0.022582927
0.024382819
0.026182711
0.020783035
0.022582927
0.024382819
0.026182711
0.020783035
0.022582927
0.024382819
0.026182711
0.020783035
0.022582927
0.024382819
0.026182711
0.020783035
0.022582927
0.024382819
0.026182711
0.020783035
0.022582927
0.024382819
0.026182711
0.020783035
0.022582927
0.024382819
0.026182711
0.020783035
0.022582927
0.024382819
0.026182711
0.020783035
0.022582927
0.024382819
0.026182711
0.020783035
0.022582927
0.024382819
0.026182711
0.020783035
0.022582927
0.024382819
0.026182711
0.020783035
0.022582927
0.024382819
0.026182711
0.020783035
0.022582927
0.024382819
0.026182711
0.020783035
0.022582927
0.024382819
0.026182711
0.020783035
0.022582927
0.024382819
0.026182711
0.020783035
0.022582927
0.024382819
0.026182711
0.021840947
0.02362888
0.025416813
0.027204745
0.021840947
0.02362888
0.025416813
0.027204745
0.021840947
0.02362888
0.025416813
0.027204745
0.021840947
0.02362888
0.025416813
0.027204745
0.021840947
0.02362888
0.025416813
0.027204745
0.021840947
0.02362888
0.025416813
0.027204745
0.021840947
0.02362888
0.025416813
0.027204745
0.021840947
0.02362888
0.025416813
0.027204745
0.021840947
0.02362888
0.025416813
0.027204745
0.021840947
0.02362888
0.025416813
0.027204745
0.021840947
0.02362888
0.025416813
0.027204745
0.021840947
0.02362888
0.025416813
0.027204745
0.021840947
0.02362888
0.025416813
0.027204745
0.021840947
0.02362888
0.025416813
0.027204745
0.021840947
0.02362888
0.025416813
0.027204745
0.021840947
0.02362888
0.025416813
0.027204745
0.021840947
0.02362888
0.025416813
0.027204745
0.021840947
0.02362888
0.025416813
0.027204745
0.021840947
0.02362888
0.025416813
0.027204746
0.021840947
0.02362888
0.025416813
0.027204745
0.021840947
0.02362888
0.025416813
0.027204745
0.021840947
0.02362888
0.025416813
0.027204745
0.021840947
0.02362888
0.025416813
0.027204745
0.021840947
0.02362888
0.025416813
0.027204745
0.022898859
0.024674833
0.026450806
0.02822678
0.022898859
0.024674833
0.026450806
0.02822678
0.022898859
0.024674833
0.026450806
0.02822678
0.022898859
0.024674833
0.026450806
0.02822678
0.022898859
0.024674833
0.026450806
0.02822678
0.022898859
0.024674833
0.026450806
0.02822678
0.022898859
0.024674833
0.026450806
0.02822678
0.022898859
0.024674833
0.026450806
0.02822678
0.022898859
0.024674833
0.026450806
0.02822678
0.022898859
0.024674833
0.026450806
0.02822678
0.022898859
0.024674833
0.026450806
0.02822678
0.022898859
0.024674833
0.026450806
0.02822678
0.022898859
0.024674833
0.026450806
0.02822678
0.022898859
0.024674833
0.026450806
0.02822678
0.022898859
0.024674833
0.026450806
0.02822678
0.022898859
0.024674833
0.026450806
0.02822678
0.022898859
0.024674833
0.026450806
0.02822678
0.022898859
0.024674833
0.026450806
0.02822678
0.022898859
0.024674833
0.026450806
0.02822678
0.022898859
0.024674833
0.026450806
0.02822678
0.022898859
0.024674833
0.026450806
0.02822678
0.022898859
0.024674833
0.026450806
0.02822678
0.022898859
0.024674833
0.026450806
0.02822678
0.022898859
0.024674833
0.026450806
0.02822678
0.023956771
0.025720786
0.0274848
0.029248814
0.023956771
0.025720786
0.0274848
0.029248814
0.023956771
0.025720786
0.0274848
0.029248814
0.023956771
0.025720786
0.0274848
0.029248814
0.023956771
0.025720786
0.0274848
0.029248814
0.023956771
0.025720786
0.0274848
0.029248814
0.023956771
0.025720786
0.0274848
0.029248814
0.023956771
0.025720786
0.0274848
0.029248814
0.023956771
0.025720786
0.0274848
0.029248814
0.023956771
0.025720786
0.0274848
0.029248814
0.023956771
0.025720786
0.0274848
0.029248814
0.023956771
0.025720786
0.0274848
0.029248814
0.023956771
0.025720786
0.0274848
0.029248814
0.023956771
0.025720786
0.0274848
0.029248814
0.023956771
0.025720786
0.0274848
0.029248814
0.023956771
0.025720786
0.0274848
0.029248814
0.023956771
0.025720786
0.0274848
0.029248814
0.023956771
0.025720786
0.0274848
0.029248814
0.023956771
0.025720786
0.0274848
0.029248814
0.023956771
0.025720786
0.0274848
0.029248814
0.023956771
0.025720786
0.0274848
0.029248814
0.023956771
0.025720786
0.0274848
0.029248814
0.023956771
0.025720786
0.0274848
0.029248814
0.023956771
0.025720786
0.0274848
0.029248814
0.025014684
0.026766738
0.028518793
0.030270848
0.025014684
0.026766738
0.028518793
0.030270848
0.025014684
0.026766738
0.028518793
0.030270848
0.025014684
0.026766738
0.028518793
0.030270848
0.025014684
0.026766738
0.028518793
0.030270848
0.025014684
0.026766738
0.028518793
0.030270848
0.025014684
0.026766738
0.028518793
0.030270848
0.025014684
0.026766738
0.028518793
0.030270848
0.025014684
0.026766738
0.028518793
0.030270848
0.025014684
0.026766738
0.028518793
0.030270848
0.025014684
0.026766738
0.028518793
0.030270848
0.025014684
0.026766738
0.028518793
0.030270848
0.025014684
0.026766738
0.028518793
0.030270848
0.025014684
0.026766738
0.028518793
0.030270848
0.025014684
0.026766738
0.028518793
0.030270848
0.025014684
0.026766738
0.028518793
0.030270848
0.025014684
0.026766738
0.028518793
0.030270848
0.025014684
0.026766738
0.028518793
0.030270848
0.025014684
0.026766738
0.028518793
0.030270848
0.025014684
0.026766738
0.028518793
0.030270848
0.025014684
0.026766738
0.028518793
0.030270848
0.025014684
0.026766738
0.028518793
0.030270848
0.025014684
0.026766738
0.028518793
0.030270848
0.025014684
0.026766738
0.028518793
0.030270848
0.026072596
0.027812691
0.029552787
0.031292882
0.026072596
0.027812691
0.029552787
0.031292882
0.026072596
0.027812691
0.029552787
0.031292882
0.026072596
0.027812691
0.029552787
0.031292882
0.026072596
0.027812691
0.029552787
0.031292882
0.026072596
0.027812691
0.029552787
0.031292882
0.026072596
0.027812691
0.029552787
0.031292882
0.026072596
0.027812691
0.029552787
0.031292882
0.026072596
0.027812691
0.029552787
0.031292882
0.026072596
0.027812691
0.029552787
0.031292882
0.026072596
0.027812691
0.029552787
0.031292882
0.026072596
0.027812691
0.029552787
0.031292882
0.026072596
0.027812691
0.029552787
0.031292882
0.026072596
0.027812691
0.029552787
0.031292882
0.026072596
0.027812691
0.029552787
0.031292882
0.026072596
0.027812691
0.029552787
0.031292882
0.026072596
0.027812691
0.029552787
0.031292882
0.026072596
0.027812691
0.029552787
0.031292882
0.026072596
0.027812691
0.029552787
0.031292882
0.026072596
0.027812691
0.029552787
0.031292882
0.026072596
0.027812691
0.029552787
0.031292882
0.026072596
0.027812691
0.029552787
0.031292882
0.026072596
0.027812691
0.029552787
0.031292882
0.026072596
0.027812691
0.029552787
0.031292882
0.027130508
0.028858644
0.03058678
0.032314916
0.027130508
0.028858644
0.03058678
0.032314916
0.027130508
0.028858644
0.03058678
0.032314916
0.027130508
0.028858644
0.03058678
0.032314916
0.027130508
0.028858644
0.03058678
0.032314916
0.027130508
0.028858644
0.03058678
0.032314916
0.027130508
0.028858644
0.03058678
0.032314916
0.027130508
0.028858644
0.03058678
0.032314916
0.027130508
0.028858644
0.03058678
0.032314916
0.027130508
0.028858644
0.03058678
0.032314916
0.027130508
0.028858644
0.03058678
0.032314916
0.027130508
0.028858644
0.03058678
0.032314916
0.027130508
0.028858644
0.03058678
0.032314916
0.027130508
0.028858644
0.03058678
0.032314916
0.027130508
0.028858644
0.03058678
0.032314916
0.027130508
0.028858644
0.03058678
0.032314916
0.027130508
0.028858644
0.03058678
0.032314916
0.027130508
0.028858644
0.03058678
0.032314916
0.027130508
0.028858644
0.03058678
0.032314916
0.027130508
0.028858644
0.03058678
0.032314916
0.027130508
0.028858644
0.03058678
0.032314916
0.027130508
0.028858644
0.03058678
0.032314916
0.027130508
0.028858644
0.03058678
0.032314916
0.027130508
0.028858644
0.03058678
0.032314916
0.02818842
0.029904596
0.031620773
0.03333695
0.02818842
0.029904596
0.031620773
0.03333695
0.02818842
0.029904596
0.031620773
0.03333695
0.02818842
0.029904596
0.031620773
0.03333695
0.02818842
0.029904596
0.031620773
0.03333695
0.02818842
0.029904596
0.031620773
0.03333695
0.02818842
0.029904596
0.031620773
0.03333695
0.02818842
0.029904596
0.031620773
0.03333695
0.02818842
0.029904596
0.031620773
0.03333695
0.02818842
0.029904596
0.031620773
0.03333695
0.02818842
0.029904596
0.031620773
0.03333695
0.02818842
0.029904596
0.031620773
0.03333695
0.02818842
0.029904596
0.031620773
0.03333695
0.02818842
0.029904596
0.031620773
0.03333695
0.02818842
0.029904596
0.031620773
0.03333695
0.02818842
0.029904596
0.031620773
0.03333695
0.02818842
0.029904596
0.031620773
0.03333695
0.02818842
0.029904596
0.031620773
0.03333695
0.02818842
0.029904596
0.031620773
0.03333695
0.02818842
0.029904596
0.031620773
0.03333695
0.02818842
0.029904596
0.031620773
0.03333695
0.02818842
0.029904596
0.031620773
0.03333695
0.02818842
0.029904596
0.031620773
0.03333695
0.02818842
0.029904596
0.031620773
0.03333695
0.029246332
0.030950549
0.032654767
0.034358984
0.029246332
0.030950549
0.032654767
0.034358984
0.029246332
0.030950549
0.032654767
0.034358984
0.029246332
0.030950549
0.032654767
0.034358984
0.029246332
0.030950549
0.032654767
0.034358984
0.029246332
0.030950549
0.032654767
0.034358984
0.029246332
0.030950549
0.032654767
0.034358984
0.029246332
0.030950549
0.032654767
0.034358984
0.029246332
0.030950549
0.032654767
0.034358984
0.029246332
0.030950549
0.032654767
0.034358984
0.029246332
0.030950549
0.032654767
0.034358984
0.029246332
0.030950549
0.032654767
0.034358984
0.029246332
0.030950549
0.032654767
0.034358984
0.029246332
0.030950549
0.032654767
0.034358984
0.029246332
0.030950549
0.032654767
0.034358984
0.029246332
0.030950549
0.032654767
0.034358984
0.029246332
0.030950549
0.032654767
0.034358984
0.029246332
0.030950549
0.032654767
0.034358984
0.029246332
0.030950549
0.032654767
0.034358984
0.029246332
0.030950549
0.032654767
0.034358984
0.029246332
0.030950549
0.032654767
0.034358984
0.029246332
0.030950549
0.032654767
0.034358984
0.029246332
0.030950549
0.032654767
0.034358984
0.029246332
0.030950549
0.032654767
0.034358984
0.030304243
0.031996502
0.03368876
0.035381018
0.030304243
0.031996502
0.03368876
0.035381018
0.030304243
0.031996502
0.03368876
0.035381018
0.030304243
0.031996502
0.03368876
0.035381018
0.030304243
0.031996502
0.03368876
0.035381018
0.030304243
0.031996502
0.03368876
0.035381018
0.030304243
0.031996502
0.03368876
0.035381018
0.030304243
0.031996502
0.03368876
0.035381018
0.030304243
0.031996502
0.03368876
0.035381018
0.030304243
0.031996502
0.03368876
0.035381018
0.030304243
0.031996502
0.03368876
0.035381018
0.030304243
0.031996502
0.03368876
0.035381018
0.030304243
0.031996502
0.03368876
0.035381018
0.030304243
0.031996502
0.03368876
0.035381018
0.030304243
0.031996502
0.03368876
0.035381018
0.030304243
0.031996502
0.03368876
0.035381018
0.030304243
0.031996502
0.03368876
0.035381018
0.030304243
0.031996502
0.03368876
0.035381018
0.030304243
0.031996502
0.03368876
0.035381018
0.030304243
0.031996502
0.03368876
0.035381018
0.030304243
0.031996502
0.03368876
0.035381018
0.030304243
0.031996502
0.03368876
0.035381018
0.030304243
0.031996502
0.03368876
0.035381018
0.030304243
0.031996502
0.03368876
0.035381018
0.031362155
0.033042454
0.034722753
0.036403052
0.031362155
0.033042454
0.034722753
0.036403052
0.031362155
0.033042454
0.034722753
0.036403052
0.031362155
0.033042454
0.034722753
0.036403052
0.031362155
0.033042454
0.034722753
0.036403052
0.031362155
0.033042454
0.034722753
0.036403052
0.031362155
0.033042454
0.034722753
0.036403052
0.031362155
0.033042454
0.034722753
0.036403052
0.031362155
0.033042454
0.034722753
0.036403052
0.031362155
0.033042454
0.034722753
0.036403052
0.031362155
0.033042454
0.034722753
0.036403052
0.031362155
0.033042454
0.034722753
0.036403052
0.031362155
0.033042454
0.034722753
0.036403052
0.031362155
0.033042454
0.034722753
0.036403052
0.031362155
0.033042454
0.034722753
0.036403052
0.031362155
0.033042454
0.034722753
0.036403052
0.031362155
0.033042454
0.034722753
0.036403052
0.031362155
0.033042454
0.034722753
0.036403052
0.031362155
0.033042454
0.034722753
0.036403052
0.031362155
0.033042454
0.034722753
0.036403052
0.031362155
0.033042454
0.034722753
0.036403052
0.031362155
0.033042454
0.034722753
0.036403052
0.031362155
0.033042454
0.034722753
0.036403052
0.031362155
0.033042454
0.034722753
0.036403052
0.032420067
0.034088406
0.035756746
0.037425086
0.032420067
0.034088406
0.035756746
0.037425086
0.032420067
0.034088406
0.035756746
0.037425086
0.032420067
0.034088406
0.035756746
0.037425086
0.032420067
0.034088406
0.035756746
0.037425086
0.032420067
0.034088406
0.035756746
0.037425086
0.032420067
0.034088406
0.035756746
0.037425086
0.032420067
0.034088406
0.035756746
0.037425086
0.032420067
0.034088406
0.035756746
0.037425086
0.032420067
0.034088406
0.035756746
0.037425086
0.032420067
0.034088406
0.035756746
0.037425086
0.032420067
0.034088406
0.035756746
0.037425086
0.032420067
0.034088406
0.035756746
0.037425086
0.032420067
0.034088406
0.035756746
0.037425086
0.032420067
0.034088406
0.035756746
0.037425086
0.032420067
0.034088406
0.035756746
0.037425086
0.032420067
0.034088406
0.035756746
0.037425086
0.032420067
0.034088406
0.035756746
0.037425086
0.032420067
0.034088406
0.035756746
0.037425086
0.032420067
0.034088406
0.035756746
0.037425086
0.032420067
0.034088406
0.035756746
0.037425086
0.032420067
0.034088406
0.035756746
0.037425086
0.032420067
0.034088406
0.035756746
0.037425086
0.032420067
0.034088406
0.035756746
0.037425086
0.033477979
0.035134359
0.036790739
0.038447119
0.033477979
0.035134359
0.036790739
0.038447119
0.033477979
0.035134359
0.036790739
0.038447119
0.033477979
0.035134359
0.036790739
0.038447119
0.033477979
0.035134359
0.036790739
0.038447119
0.033477979
0.035134359
0.036790739
0.038447119
0.033477979
0.035134359
0.036790739
0.038447119
0.033477979
0.035134359
0.036790739
0.038447119
0.033477979
0.035134359
0.036790739
0.038447119
0.033477979
0.035134359
0.036790739
0.038447119
0.033477979
0.035134359
0.036790739
0.038447119
0.033477979
0.035134359
0.036790739
0.038447119
0.033477979
0.035134359
0.036790739
0.038447119
0.033477979
0.035134359
0.036790739
0.038447119
0.033477979
0.035134359
0.036790739
0.038447119
0.033477979
0.035134359
0.036790739
0.038447119
0.033477979
0.035134359
0.036790739
0.038447119
0.033477979
0.035134359
0.036790739
0.038447119
0.033477979
0.035134359
0.036790739
0.038447119
0.033477979
0.035134359
0.036790739
0.038447119
0.033477978
0.035134359
0.036790739
0.038447119
0.033477979
0.035134359
0.036790739
0.038447119
0.033477979
0.035134359
0.036790739
0.038447119
0.033477979
0.035134359
0.036790739
0.038447119
0.03453589
0.036180311
0.037824732
0.039469153
0.03453589
0.036180311
0.037824732
0.039469153
0.03453589
0.036180311
0.037824732
0.039469153
0.03453589
0.036180311
0.037824732
0.039469153
0.03453589
0.036180311
0.037824732
0.039469153
0.03453589
0.036180311
0.037824732
0.039469153
0.03453589
0.036180311
0.037824732
0.039469153
0.03453589
0.036180311
0.037824732
0.039469153
0.03453589
0.036180311
0.037824732
0.039469153
0.03453589
0.036180311
0.037824732
0.039469153
0.03453589
0.036180311
0.037824732
0.039469153
0.03453589
0.036180311
0.037824732
0.039469153
0.03453589
0.036180311
0.037824732
0.039469153
0.03453589
0.036180311
0.037824732
0.039469153
0.03453589
0.036180311
0.037824732
0.039469153
0.03453589
0.036180311
0.037824732
0.039469153
0.03453589
0.036180311
0.037824732
0.039469153
0.03453589
0.036180311
0.037824732
0.039469153
0.03453589
0.036180311
0.037824732
0.039469153
0.03453589
0.036180311
0.037824732
0.039469153
0.03453589
0.036180311
0.037824732
0.039469153
0.03453589
0.036180311
0.037824732
0.039469153
0.03453589
0.036180311
0.037824732
0.039469153
0.03453589
0.036180311
0.037824732
0.039469153
0.035593802
0.037226263
0.038858725
0.040491186
0.035593802
0.037226263
0.038858725
0.040491186
0.035593802
0.037226263
0.038858725
0.040491186
0.035593802
0.037226263
0.038858725
0.040491186
0.035593802
0.037226263
0.038858725
0.040491186
0.035593802
0.037226263
0.038858725
0.040491186
0.035593802
0.037226263
0.038858725
0.040491186
0.035593802
0.037226263
0.038858725
0.040491186
0.035593802
0.037226263
0.038858725
0.040491186
0.035593802
0.037226263
0.038858725
0.040491186
0.035593802
0.037226263
0.038858725
0.040491186
0.035593802
0.037226263
0.038858725
0.040491186
0.035593802
0.037226263
0.038858725
0.040491186
0.035593802
0.037226263
0.038858725
0.040491186
0.035593802
0.037226263
0.038858725
0.040491186
0.035593802
0.037226263
0.038858725
0.040491186
0.035593802
0.037226263
0.038858725
0.040491186
0.035593802
0.037226263
0.038858725
0.040491186
0.035593802
0.037226263
0.038858725
0.040491186
0.035593802
0.037226263
0.038858725
0.040491186
0.035593802
0.037226263
0.038858725
0.040491186
0.035593802
0.037226263
0.038858725
0.040491186
0.035593802
0.037226263
0.038858725
0.040491186
0.035593802
0.037226263
0.038858725
0.040491186
0.036651713
0.038272215
0.039892718
0.04151322
0.036651713
0.038272215
0.039892718
0.04151322
0.036651713
0.038272215
0.039892718
0.04151322
0.036651713
0.038272215
0.039892718
0.04151322
0.036651713
0.038272215
0.039892718
0.04151322
0.036651713
0.038272215
0.039892718
0.04151322
0.036651713
0.038272215
0.039892718
0.04151322
0.036651713
0.038272215
0.039892718
0.04151322
0.036651713
0.038272215
0.039892718
0.04151322
0.036651713
0.038272215
0.039892718
0.04151322
0.036651713
0.038272215
0.039892718
0.04151322
0.036651713
0.038272215
0.039892718
0.04151322
0.036651713
0.038272215
0.039892718
0.04151322
0.036651713
0.038272215
0.039892718
0.04151322
0.036651713
0.038272215
0.039892718
0.04151322
0.036651713
0.038272215
0.039892718
0.04151322
0.036651713
0.038272215
0.039892718
0.04151322
0.036651713
0.038272215
0.039892718
0.04151322
0.036651713
0.038272215
0.039892718
0.04151322
0.036651713
0.038272215
0.039892718
0.04151322
0.036651713
0.038272215
0.039892718
0.04151322
0.036651713
0.038272215
0.039892718
0.04151322
0.036651713
0.038272215
0.039892718
0.04151322
0.036651713
0.038272215
0.039892718
0.04151322
0.037709624
0.039318167
0.04092671
0.042535253
0.037709624
0.039318167
0.04092671
0.042535253
0.037709624
0.039318167
0.04092671
0.042535253
0.037709624
0.039318167
0.04092671
0.042535253
0.037709624
0.039318167
0.04092671
0.042535253
0.037709624
0.039318167
0.04092671
0.042535253
0.037709624
0.039318167
0.04092671
0.042535253
0.037709624
0.039318167
0.04092671
0.042535253
0.037709624
0.039318167
0.04092671
0.042535253
0.037709624
0.039318167
0.04092671
0.042535253
0.037709624
0.039318167
0.04092671
0.042535253
0.037709624
0.039318167
0.04092671
0.042535253
0.037709624
0.039318167
0.04092671
0.042535253
0.037709624
0.039318167
0.04092671
0.042535253
0.037709624
0.039318167
0.04092671
0.042535253
0.037709624
0.039318167
0.04092671
0.042535253
0.037709624
0.039318167
0.04092671
0.042535253
0.037709624
0.039318167
0.04092671
0.042535253
0.037709624
0.039318167
0.04092671
0.042535253
0.037709624
0.039318167
0.04092671
0.042535253
0.037709624
0.039318167
0.04092671
0.042535253
0.037709624
0.039318167
0.04092671
0.042535253
0.037709624
0.039318167
0.04092671
0.042535253
0.037709624
0.039318167
0.04092671
0.042535253
0.038767536
0.040364119
0.041960703
0.043557287
0.038767536
0.040364119
0.041960703
0.043557287
0.038767536
0.040364119
0.041960703
0.043557287
0.038767536
0.040364119
0.041960703
0.043557287
0.038767536
0.040364119
0.041960703
0.043557287
0.038767536
0.040364119
0.041960703
0.043557287
0.038767536
0.040364119
0.041960703
0.043557287
0.038767536
0.040364119
0.041960703
0.043557287
0.038767536
0.040364119
0.041960703
0.043557287
0.038767536
0.040364119
0.041960703
0.043557287
0.038767536
0.040364119
0.041960703
0.043557287
0.038767536
0.040364119
0.041960703
0.043557287
0.038767536
0.040364119
0.041960703
0.043557287
0.038767536
0.040364119
0.041960703
0.043557287
0.038767536
0.040364119
0.041960703
0.043557287
0.038767536
0.040364119
0.041960703
0.043557287
0.038767536
0.040364119
0.041960703
0.043557287
0.038767536
0.040364119
0.041960703
0.043557287
0.038767536
0.040364119
0.041960703
0.043557287
0.038767536
0.040364119
0.041960703
0.043557287
0.038767536
0.040364119
0.041960703
0.043557287
0.038767536
0.040364119
0.041960703
0.043557287
0.038767536
0.040364119
0.041960703
0.043557287
0.038767536
0.040364119
0.041960703
0.043557287
0.039825447
0.041410071
0.042994696
0.04457932
0.039825447
0.041410071
0.042994696
0.04457932
0.039825447
0.041410071
0.042994696
0.04457932
0.039825447
0.041410071
0.042994696
0.04457932
0.039825447
0.041410071
0.042994696
0.04457932
0.039825447
0.041410071
0.042994696
0.04457932
0.039825447
0.041410071
0.042994696
0.04457932
0.039825447
0.041410071
0.042994696
0.04457932
0.039825447
0.041410071
0.042994696
0.04457932
0.039825447
0.041410071
0.042994696
0.04457932
0.039825447
0.041410071
0.042994696
0.04457932
0.039825447
0.041410071
0.042994696
0.04457932
0.039825447
0.041410071
0.042994696
0.04457932
0.039825447
0.041410071
0.042994696
0.04457932
0.039825447
0.041410071
0.042994696
0.04457932
0.039825447
0.041410071
0.042994696
0.04457932
0.039825447
0.041410071
0.042994696
0.04457932
0.039825447
0.041410071
0.042994696
0.04457932
0.039825447
0.041410071
0.042994696
0.04457932
0.039825447
0.041410071
0.042994696
0.04457932
0.039825447
0.041410071
0.042994696
0.04457932
0.039825447
0.041410071
0.042994696
0.04457932
0.039825447
0.041410071
0.042994696
0.04457932
0.039825447
0.041410071
0.042994696
0.04457932
0.023026453
0.025074593
0.027122732
0.029170872
0.023026453
0.025074593
0.027122732
0.029170872
0.023026453
0.025074593
0.027122732
0.029170872
0.023026453
0.025074593
0.027122732
0.029170872
0.023026453
0.025074593
0.027122732
0.029170872
0.023026453
0.025074593
0.027122732
0.029170872
0.023026453
0.025074593
0.027122732
0.029170872
0.023026453
0.025074593
0.027122732
0.029170872
0.023026453
0.025074593
0.027122732
0.029170872
0.023026453
0.025074593
0.027122732
0.029170872
0.023026453
0.025074593
0.027122732
0.029170872
0.023026453
0.025074593
0.027122732
0.029170872
0.023026453
0.025074593
0.027122732
0.029170872
0.023026453
0.025074593
0.027122732
0.029170872
0.023026453
0.025074593
0.027122732
0.029170872
0.023026453
0.025074593
0.027122732
0.029170872
0.023026453
0.025074593
0.027122732
0.029170872
0.023026453
0.025074593
0.027122732
0.029170872
0.023026453
0.025074593
0.027122732
0.029170872
0.023026453
0.025074593
0.027122732
0.029170872
0.023026453
0.025074593
0.027122732
0.029170872
0.023026453
0.025074593
0.027122732
0.029170872
0.023026453
0.025074593
0.027122732
0.029170872
0.023026453
0.025074593
0.027122732
0.029170872
0.024035923
0.026070891
0.028105859
0.030140827
0.024035923
0.026070891
0.028105859
0.030140827
0.024035923
0.026070891
0.028105859
0.030140827
0.024035923
0.026070891
0.028105859
0.030140827
0.024035923
0.026070891
0.028105859
0.030140827
0.024035923
0.026070891
0.028105859
0.030140827
0.024035923
0.026070891
0.028105859
0.030140827
0.024035923
0.026070891
0.028105859
0.030140827
0.024035923
0.026070891
0.028105859
0.030140827
0.024035923
0.026070891
0.028105859
0.030140827
0.024035923
0.026070891
0.028105859
0.030140827
0.024035923
0.026070891
0.028105859
0.030140827
0.024035923
0.026070891
0.028105859
0.030140827
0.024035923
0.026070891
0.028105859
0.030140827
0.024035923
0.026070891
0.028105859
0.030140827
0.024035923
0.026070891
0.028105859
0.030140827
0.024035923
0.026070891
0.028105859
0.030140827
0.024035923
0.026070891
0.028105859
0.030140827
0.024035923
0.026070891
0.028105859
0.030140827
0.024035923
0.026070891
0.028105859
0.030140827
0.024035923
0.026070891
0.028105859
0.030140827
0.024035923
0.026070891
0.028105859
0.030140827
0.024035923
0.026070891
0.028105859
0.030140827
0.024035923
0.026070891
0.028105859
0.030140827
0.025045392
0.027067189
0.029088986
0.031110783
0.025045392
0.027067189
0.029088986
0.031110783
0.025045392
0.027067189
0.029088986
0.031110783
0.025045392
0.027067189
0.029088986
0.031110783
0.025045392
0.027067189
0.029088986
0.031110783
0.025045392
0.027067189
0.029088986
0.031110783
0.025045392
0.027067189
0.029088986
0.031110783
0.025045392
0.027067189
0.029088986
0.031110783
0.025045392
0.027067189
0.029088986
0.031110783
0.025045392
0.027067189
0.029088986
0.031110783
0.025045392
0.027067189
0.029088986
0.031110783
0.025045392
0.027067189
0.029088986
0.031110783
0.025045392
0.027067189
0.029088986
0.031110783
0.025045392
0.027067189
0.029088986
0.031110783
0.025045392
0.027067189
0.029088986
0.031110783
0.025045392
0.027067189
0.029088986
0.031110783
0.025045392
0.027067189
0.029088986
0.031110783
0.025045392
0.027067189
0.029088986
0.031110783
0.025045392
0.027067189
0.029088986
0.031110783
0.025045392
0.027067189
0.029088986
0.031110783
0.025045392
0.027067189
0.029088986
0.031110783
0.025045392
0.027067189
0.029088986
0.031110783
0.025045392
0.027067189
0.029088986
0.031110783
0.025045392
0.027067189
0.029088986
0.031110783
0.026054861
0.028063487
0.030072113
0.032080738
0.026054861
0.028063487
0.030072113
0.032080738
0.026054861
0.028063487
0.030072113
0.032080738
0.026054861
0.028063487
0.030072113
0.032080738
0.026054861
0.028063487
0.030072113
0.032080738
0.026054861
0.028063487
0.030072113
0.032080738
0.026054861
0.028063487
0.030072113
0.032080738
0.026054861
0.028063487
0.030072113
0.032080738
0.026054861
0.028063487
0.030072113
0.032080738
0.026054861
0.028063487
0.030072113
0.032080738
0.026054861
0.028063487
0.030072113
0.032080738
0.026054861
0.028063487
0.030072113
0.032080738
0.026054861
0.028063487
0.030072113
0.032080738
0.026054861
0.028063487
0.030072113
0.032080738
0.026054861
0.028063487
0.030072113
0.032080738
0.026054861
0.028063487
0.030072113
0.032080738
0.026054861
0.028063487
0.030072113
0.032080738
0.026054861
0.028063487
0.030072113
0.032080738
0.026054861
0.028063487
0.030072113
0.032080738
0.026054861
0.028063487
0.030072113
0.032080738
0.026054861
0.028063487
0.030072113
0.032080738
0.026054861
0.028063487
0.030072113
0.032080738
0.026054861
0.028063487
0.030072113
0.032080738
0.026054861
0.028063487
0.030072113
0.032080738
0.02706433
0.029059785
0.031055239
0.033050694
0.02706433
0.029059785
0.031055239
0.033050694
0.02706433
0.029059785
0.031055239
0.033050694
0.02706433
0.029059785
0.031055239
0.033050694
0.02706433
0.029059785
0.031055239
0.033050694
0.02706433
0.029059785
0.031055239
0.033050694
0.02706433
0.029059785
0.031055239
0.033050694
0.02706433
0.029059785
0.031055239
0.033050694
0.02706433
0.029059785
0.031055239
0.033050694
0.02706433
0.029059785
0.031055239
0.033050694
0.02706433
0.029059785
0.031055239
0.033050694
0.02706433
0.029059785
0.031055239
0.033050694
0.02706433
0.029059785
0.031055239
0.033050694
0.02706433
0.029059785
0.031055239
0.033050694
0.02706433
0.029059785
0.031055239
0.033050694
0.02706433
0.029059785
0.031055239
0.033050694
0.02706433
0.029059785
0.031055239
0.033050694
0.02706433
0.029059785
0.031055239
0.033050694
0.02706433
0.029059785
0.031055239
0.033050694
0.02706433
0.029059785
0.031055239
0.033050694
0.02706433
0.029059785
0.031055239
0.033050694
0.02706433
0.029059785
0.031055239
0.033050694
0.02706433
0.029059785
0.031055239
0.033050694
0.02706433
0.029059785
0.031055239
0.033050694
0.028073799
0.030056083
0.032038366
0.034020649
0.028073799
0.030056083
0.032038366
0.034020649
0.028073799
0.030056083
0.032038366
0.034020649
0.028073799
0.030056083
0.032038366
0.034020649
0.028073799
0.030056083
0.032038366
0.034020649
0.028073799
0.030056083
0.032038366
0.034020649
0.028073799
0.030056083
0.032038366
0.034020649
0.028073799
0.030056083
0.032038366
0.034020649
0.028073799
0.030056083
0.032038366
0.034020649
0.028073799
0.030056083
0.032038366
0.034020649
0.028073799
0.030056083
0.032038366
0.034020649
0.028073799
0.030056083
0.032038366
0.034020649
0.028073799
0.030056083
0.032038366
0.034020649
0.028073799
0.030056083
0.032038366
0.034020649
0.028073799
0.030056083
0.032038366
0.034020649
0.028073799
0.030056083
0.032038366
0.034020649
0.028073799
0.030056083
0.032038366
0.034020649
0.028073799
0.030056083
0.032038366
0.034020649
0.028073799
0.030056083
0.032038366
0.034020649
0.028073799
0.030056083
0.032038366
0.034020649
0.028073799
0.030056083
0.032038366
0.034020649
0.028073799
0.030056083
0.032038366
0.034020649
0.028073799
0.030056083
0.032038366
0.034020649
0.028073799
0.030056083
0.032038366
0.034020649
0.029083268
0.03105238
0.033021493
0.034990605
0.029083268
0.03105238
0.033021493
0.034990605
0.029083268
0.03105238
0.033021493
0.034990605
0.029083268
0.03105238
0.033021493
0.034990605
0.029083268
0.03105238
0.033021493
0.034990605
0.029083268
0.03105238
0.033021493
0.034990605
0.029083268
0.03105238
0.033021493
0.034990605
0.029083268
0.03105238
0.033021493
0.034990605
0.029083268
0.03105238
0.033021493
0.034990605
0.029083268
0.03105238
0.033021493
0.034990605
0.029083268
0.03105238
0.033021493
0.034990605
0.029083268
0.03105238
0.033021493
0.034990605
0.029083268
0.03105238
0.033021493
0.034990605
0.029083268
0.03105238
0.033021493
0.034990605
0.029083268
0.03105238
0.033021493
0.034990605
0.029083268
0.03105238
0.033021493
0.034990605
0.029083268
0.03105238
0.033021493
0.034990605
0.029083268
0.03105238
0.033021493
0.034990605
0.029083268
0.03105238
0.033021493
0.034990605
0.029083268
0.03105238
0.033021493
0.034990605
0.029083268
0.03105238
0.033021493
0.034990605
0.029083268
0.03105238
0.033021493
0.034990605
0.029083268
0.03105238
0.033021493
0.034990605
0.029083268
0.03105238
0.033021493
0.034990605
0.030092737
0.032048678
0.034004619
0.03596056
0.030092737
0.032048678
0.034004619
0.03596056
0.030092737
0.032048678
0.034004619
0.03596056
0.030092737
0.032048678
0.034004619
0.03596056
0.030092737
0.032048678
0.034004619
0.03596056
0.030092737
0.032048678
0.034004619
0.03596056
0.030092737
0.032048678
0.034004619
0.03596056
0.030092737
0.032048678
0.034004619
0.03596056
0.030092737
0.032048678
0.034004619
0.03596056
0.030092737
0.032048678
0.034004619
0.03596056
0.030092737
0.032048678
0.034004619
0.03596056
0.030092737
0.032048678
0.034004619
0.03596056
0.030092737
0.032048678
0.034004619
0.03596056
0.030092737
0.032048678
0.034004619
0.03596056
0.030092737
0.032048678
0.034004619
0.03596056
0.030092737
0.032048678
0.034004619
0.03596056
0.030092737
0.032048678
0.034004619
0.03596056
0.030092737
0.032048678
0.034004619
0.03596056
0.030092737
0.032048678
0.034004619
0.03596056
0.030092737
0.032048678
0.034004619
0.03596056
0.030092737
0.032048678
0.034004619
0.03596056
0.030092737
0.032048678
0.034004619
0.03596056
0.030092737
0.032048678
0.034004619
0.03596056
0.030092737
0.032048678
0.034004619
0.03596056
0.031102206
0.033044976
0.034987746
0.036930515
0.031102206
0.033044976
0.034987746
0.036930515
0.031102206
0.033044976
0.034987746
0.036930515
0.031102206
0.033044976
0.034987746
0.036930515
0.031102206
0.033044976
0.034987746
0.036930515
0.031102206
0.033044976
0.034987746
0.036930515
0.031102206
0.033044976
0.034987746
0.036930515
0.031102206
0.033044976
0.034987746
0.036930515
0.031102206
0.033044976
0.034987746
0.036930515
0.031102206
0.033044976
0.034987746
0.036930515
0.031102206
0.033044976
0.034987746
0.036930515
0.031102206
0.033044976
0.034987746
0.036930515
0.031102206
0.033044976
0.034987746
0.036930515
0.031102206
0.033044976
0.034987746
0.036930515
0.031102206
0.033044976
0.034987746
0.036930515
0.031102206
0.033044976
0.034987746
0.036930515
0.031102206
0.033044976
0.034987746
0.036930515
0.031102206
0.033044976
0.034987746
0.036930515
0.031102206
0.033044976
0.034987746
0.036930515
0.031102206
0.033044976
0.034987746
0.036930515
0.031102206
0.033044976
0.034987746
0.036930515
0.031102206
0.033044976
0.034987746
0.036930515
0.031102206
0.033044976
0.034987746
0.036930515
0.031102206
0.033044976
0.034987746
0.036930515
0.032111675
0.034041274
0.035970872
0.037900471
0.032111675
0.034041274
0.035970872
0.037900471
0.032111675
0.034041274
0.035970872
0.037900471
0.032111675
0.034041274
0.035970872
0.037900471
0.032111675
0.034041274
0.035970872
0.037900471
0.032111675
0.034041274
0.035970872
0.037900471
0.032111675
0.034041274
0.035970872
0.037900471
0.032111675
0.034041274
0.035970872
0.037900471
0.032111675
0.034041274
0.035970872
0.037900471
0.032111675
0.034041274
0.035970872
0.037900471
0.032111675
0.034041274
0.035970872
0.037900471
0.032111675
0.034041274
0.035970872
0.037900471
0.032111675
0.034041274
0.035970872
0.037900471
0.032111675
0.034041274
0.035970872
0.037900471
0.032111675
0.034041274
0.035970872
0.037900471
0.032111675
0.034041274
0.035970872
0.037900471
0.032111675
0.034041274
0.035970872
0.037900471
0.032111675
0.034041274
0.035970872
0.037900471
0.032111675
0.034041274
0.035970872
0.037900471
0.032111675
0.034041274
0.035970872
0.037900471
0.032111675
0.034041274
0.035970872
0.037900471
0.032111675
0.034041274
0.035970872
0.037900471
0.032111675
0.034041274
0.035970872
0.037900471
0.032111675
0.034041274
0.035970872
0.037900471
0.033121144
0.035037571
0.036953999
0.038870426
0.033121144
0.035037571
0.036953999
0.038870426
0.033121144
0.035037571
0.036953999
0.038870426
0.033121144
0.035037571
0.036953999
0.038870426
0.033121144
0.035037571
0.036953999
0.038870426
0.033121144
0.035037571
0.036953999
0.038870426
0.033121144
0.035037571
0.036953999
0.038870426
0.033121144
0.035037571
0.036953999
0.038870426
0.033121144
0.035037571
0.036953999
0.038870426
0.033121144
0.035037571
0.036953999
0.038870426
0.033121144
0.035037571
0.036953999
0.038870426
0.033121144
0.035037571
0.036953999
0.038870426
0.033121144
0.035037571
0.036953999
0.038870426
0.033121144
0.035037571
0.036953999
0.038870426
0.033121144
0.035037571
0.036953999
0.038870426
0.033121144
0.035037571
0.036953999
0.038870426
0.033121144
0.035037571
0.036953999
0.038870426
0.033121144
0.035037571
0.036953999
0.038870426
0.033121144
0.035037571
0.036953999
0.038870426
0.033121144
0.035037571
0.036953999
0.038870426
0.033121144
0.035037571
0.036953999
0.038870426
0.033121144
0.035037571
0.036953999
0.038870426
0.033121144
0.035037571
0.036953999
0.038870426
0.033121144
0.035037571
0.036953999
0.038870426
0.034130613
0.036033869
0.037937125
0.039840381
0.034130613
0.036033869
0.037937125
0.039840381
0.034130613
0.036033869
0.037937125
0.039840381
0.034130613
0.036033869
0.037937125
0.039840381
0.034130613
0.036033869
0.037937125
0.039840381
0.034130613
0.036033869
0.037937125
0.039840381
0.034130613
0.036033869
0.037937125
0.039840381
0.034130613
0.036033869
0.037937125
0.039840381
0.034130613
0.036033869
0.037937125
0.039840381
0.034130613
0.036033869
0.037937125
0.039840381
0.034130613
0.036033869
0.037937125
0.039840381
0.034130613
0.036033869
0.037937125
0.039840381
0.034130613
0.036033869
0.037937125
0.039840381
0.034130613
0.036033869
0.037937125
0.039840381
0.034130613
0.036033869
0.037937125
0.039840381
0.034130613
0.036033869
0.037937125
0.039840381
0.034130613
0.036033869
0.037937125
0.039840381
0.034130613
0.036033869
0.037937125
0.039840381
0.034130613
0.036033869
0.037937125
0.039840381
0.034130613
0.036033869
0.037937125
0.039840381
0.034130613
0.036033869
0.037937125
0.039840381
0.034130613
0.036033869
0.037937125
0.039840381
0.034130613
0.036033869
0.037937125
0.039840381
0.034130613
0.036033869
0.037937125
0.039840381
0.035140082
0.037030166
0.038920251
0.040810336
0.035140082
0.037030166
0.038920251
0.040810336
0.035140082
0.037030166
0.038920251
0.040810336
0.035140082
0.037030166
0.038920251
0.040810336
0.035140082
0.037030166
0.038920251
0.040810336
0.035140082
0.037030166
0.038920251
0.040810336
0.035140082
0.037030166
0.038920251
0.040810336
0.035140082
0.037030166
0.038920251
0.040810336
0.035140082
0.037030166
0.038920251
0.040810336
0.035140082
0.037030166
0.038920251
0.040810336
0.035140082
0.037030166
0.038920251
0.040810336
0.035140082
0.037030166
0.038920251
0.040810336
0.035140082
0.037030166
0.038920251
0.040810336
0.035140082
0.037030166
0.038920251
0.040810336
0.035140082
0.037030166
0.038920251
0.040810336
0.035140082
0.037030166
0.038920251
0.040810336
0.035140082
0.037030166
0.038920251
0.040810336
0.035140082
0.037030166
0.038920251
0.040810336
0.035140082
0.037030166
0.038920251
0.040810336
0.035140082
0.037030166
0.038920251
0.040810336
0.035140082
0.037030166
0.038920251
0.040810336
0.035140082
0.037030166
0.038920251
0.040810336
0.035140082
0.037030166
0.038920251
0.040810336
0.035140082
0.037030166
0.038920251
0.040810336
0.03614955
0.038026464
0.039903377
0.041780291
0.03614955
0.038026464
0.039903377
0.041780291
0.03614955
0.038026464
0.039903377
0.041780291
0.03614955
0.038026464
0.039903377
0.041780291
0.03614955
0.038026464
0.039903377
0.041780291
0.03614955
0.038026464
0.039903377
0.041780291
0.03614955
0.038026464
0.039903377
0.041780291
0.03614955
0.038026464
0.039903377
0.041780291
0.03614955
0.038026464
0.039903377
0.041780291
0.03614955
0.038026464
0.039903377
0.041780291
0.03614955
0.038026464
0.039903377
0.041780291
0.03614955
0.038026464
0.039903377
0.041780291
0.03614955
0.038026464
0.039903377
0.041780291
0.03614955
0.038026464
0.039903377
0.041780291
0.03614955
0.038026464
0.039903377
0.041780291
0.03614955
0.038026464
0.039903377
0.041780291
0.03614955
0.038026464
0.039903377
0.041780291
0.03614955
0.038026464
0.039903377
0.041780291
0.03614955
0.038026464
0.039903377
0.041780291
0.03614955
0.038026464
0.039903377
0.041780291
0.03614955
0.038026464
0.039903377
0.041780291
0.03614955
0.038026464
0.039903377
0.041780291
0.03614955
0.038026464
0.039903377
0.041780291
0.03614955
0.038026464
0.039903377
0.041780291
0.037159019
0.039022761
0.040886504
0.042750246
0.037159019
0.039022761
0.040886504
0.042750246
0.037159019
0.039022761
0.040886504
0.042750246
0.037159019
0.039022761
0.040886504
0.042750246
0.037159019
0.039022761
0.040886504
0.042750246
0.037159019
0.039022761
0.040886504
0.042750246
0.037159019
0.039022761
0.040886504
0.042750246
0.037159019
0.039022761
0.040886504
0.042750246
0.037159019
0.039022761
0.040886504
0.042750246
0.037159019
0.039022761
0.040886504
0.042750246
0.037159019
0.039022761
0.040886504
0.042750246
0.037159019
0.039022761
0.040886504
0.042750246
0.037159019
0.039022761
0.040886504
0.042750246
0.037159019
0.039022761
0.040886504
0.042750246
0.037159019
0.039022761
0.040886504
0.042750246
0.037159019
0.039022761
0.040886504
0.042750246
0.037159019
0.039022761
0.040886504
0.042750246
0.037159019
0.039022761
0.040886504
0.042750246
0.037159019
0.039022761
0.040886504
0.042750246
0.037159019
0.039022761
0.040886504
0.042750246
0.037159019
0.039022761
0.040886504
0.042750246
0.037159019
0.039022761
0.040886504
0.042750246
0.037159019
0.039022761
0.040886504
0.042750246
0.037159019
0.039022761
0.040886504
0.042750246
0.038168488
0.040019059
0.04186963
0.043720201
0.038168488
0.040019059
0.04186963
0.043720201
0.038168488
0.040019059
0.04186963
0.043720201
0.038168488
0.040019059
0.04186963
0.043720201
0.038168488
0.040019059
0.04186963
0.043720201
0.038168488
0.040019059
0.04186963
0.043720201
0.038168488
0.040019059
0.04186963
0.043720201
0.038168488
0.040019059
0.04186963
0.043720201
0.038168488
0.040019059
0.04186963
0.043720201
0.038168488
0.040019059
0.04186963
0.043720201
0.038168488
0.040019059
0.04186963
0.043720201
0.038168488
0.040019059
0.04186963
0.043720201
0.038168488
0.040019059
0.04186963
0.043720201
0.038168488
0.040019059
0.04186963
0.043720201
0.038168488
0.040019059
0.04186963
0.043720201
0.038168488
0.040019059
0.04186963
0.043720201
0.038168488
0.040019059
0.04186963
0.043720201
0.038168488
0.040019059
0.04186963
0.043720201
0.038168488
0.040019059
0.04186963
0.043720201
0.038168488
0.040019059
0.04186963
0.043720201
0.038168488
0.040019059
0.04186963
0.043720201
0.038168488
0.040019059
0.04186963
0.043720201
0.038168488
0.040019059
0.04186963
0.043720201
0.038168488
0.040019059
0.04186963
0.043720201
0.039177956
0.041015356
0.042852756
0.044690156
0.039177956
0.041015356
0.042852756
0.044690156
0.039177956
0.041015356
0.042852756
0.044690156
0.039177956
0.041015356
0.042852756
0.044690156
0.039177956
0.041015356
0.042852756
0.044690156
0.039177956
0.041015356
0.042852756
0.044690156
0.039177956
0.041015356
0.042852756
0.044690156
0.039177956
0.041015356
0.042852756
0.044690156
0.039177956
0.041015356
0.042852756
0.044690156
0.039177956
0.041015356
0.042852756
0.044690156
0.039177956
0.041015356
0.042852756
0.044690156
0.039177956
0.041015356
0.042852756
0.044690156
0.039177956
0.041015356
0.042852756
0.044690156
0.039177956
0.041015356
0.042852756
0.044690156
0.039177956
0.041015356
0.042852756
0.044690156
0.039177956
0.041015356
0.042852756
0.044690156
0.039177956
0.041015356
0.042852756
0.044690156
0.039177956
0.041015356
0.042852756
0.044690156
0.039177956
0.041015356
0.042852756
0.044690156
0.039177956
0.041015356
0.042852756
0.044690156
0.039177956
0.041015356
0.042852756
0.044690156
0.039177956
0.041015356
0.042852756
0.044690156
0.039177956
0.041015356
0.042852756
0.044690156
0.039177956
0.041015356
0.042852756
0.044690156
0.040187425
0.042011653
0.043835882
0.045660111
0.040187425
0.042011653
0.043835882
0.045660111
0.040187425
0.042011653
0.043835882
0.045660111
0.040187425
0.042011653
0.043835882
0.045660111
0.040187425
0.042011653
0.043835882
0.045660111
0.040187425
0.042011653
0.043835882
0.045660111
0.040187425
0.042011653
0.043835882
0.045660111
0.040187425
0.042011653
0.043835882
0.045660111
0.040187425
0.042011653
0.043835882
0.045660111
0.040187425
0.042011653
0.043835882
0.045660111
0.040187425
0.042011653
0.043835882
0.045660111
0.040187425
0.042011653
0.043835882
0.045660111
0.040187425
0.042011653
0.043835882
0.045660111
0.040187425
0.042011653
0.043835882
0.045660111
0.040187425
0.042011653
0.043835882
0.045660111
0.040187425
0.042011653
0.043835882
0.045660111
0.040187425
0.042011653
0.043835882
0.045660111
0.040187425
0.042011653
0.043835882
0.045660111
0.040187425
0.042011653
0.043835882
0.045660111
0.040187425
0.042011653
0.043835882
0.045660111
0.040187425
0.042011653
0.043835882
0.045660111
0.040187425
0.042011653
0.043835882
0.045660111
0.040187425
0.042011653
0.043835882
0.045660111
0.040187425
0.042011653
0.043835882
0.045660111
0.041196893
0.04300795
0.044819008
0.046630065
0.041196893
0.04300795
0.044819008
0.046630065
0.041196893
0.04300795
0.044819008
0.046630065
0.041196893
0.04300795
0.044819008
0.046630065
0.041196893
0.04300795
0.044819008
0.046630065
0.041196893
0.04300795
0.044819008
0.046630065
0.041196893
0.04300795
0.044819008
0.046630065
0.041196893
0.04300795
0.044819008
0.046630065
0.041196893
0.04300795
0.044819008
0.046630065
0.041196893
0.04300795
0.044819008
0.046630065
0.041196893
0.04300795
0.044819008
0.046630065
0.041196893
0.04300795
0.044819008
0.046630065
0.041196893
0.04300795
0.044819008
0.046630065
0.041196893
0.04300795
0.044819008
0.046630065
0.041196893
0.04300795
0.044819008
0.046630065
0.041196893
0.04300795
0.044819008
0.046630065
0.041196893
0.04300795
0.044819008
0.046630065
0.041196893
0.04300795
0.044819008
0.046630065
0.041196893
0.04300795
0.044819008
0.046630065
0.041196893
0.04300795
0.044819008
0.046630065
0.041196893
0.04300795
0.044819008
0.046630065
0.041196893
0.04300795
0.044819008
0.046630065
0.041196893
0.04300795
0.044819008
0.046630065
0.041196893
0.04300795
0.044819008
0.046630065
0.042206361
0.044004248
0.045802134
0.04760002
0.042206361
0.044004248
0.045802134
0.04760002
0.042206361
0.044004248
0.045802134
0.04760002
0.042206361
0.044004248
0.045802134
0.04760002
0.042206361
0.044004248
0.045802134
0.04760002
0.042206361
0.044004248
0.045802134
0.04760002
0.042206361
0.044004248
0.045802134
0.04760002
0.042206361
0.044004248
0.045802134
0.04760002
0.042206361
0.044004248
0.045802134
0.04760002
0.042206361
0.044004248
0.045802134
0.04760002
0.042206361
0.044004248
0.045802134
0.04760002
0.042206361
0.044004248
0.045802134
0.04760002
0.042206361
0.044004248
0.045802134
0.04760002
0.042206361
0.044004248
0.045802134
0.04760002
0.042206361
0.044004248
0.045802134
0.04760002
0.042206361
0.044004248
0.045802134
0.04760002
0.042206361
0.044004248
0.045802134
0.04760002
0.042206361
0.044004248
0.045802134
0.04760002
0.042206361
0.044004248
0.045802134
0.04760002
0.042206361
0.044004248
0.045802134
0.04760002
0.042206361
0.044004248
0.045802134
0.04760002
0.042206361
0.044004248
0.045802134
0.04760002
0.042206361
0.044004248
0.045802134
0.04760002
0.042206361
0.044004248
0.045802134
0.04760002
0.04321583
0.045000545
0.04678526
0.048569975
0.04321583
0.045000545
0.04678526
0.048569975
0.04321583
0.045000545
0.04678526
0.048569975
0.04321583
0.045000545
0.04678526
0.048569975
0.04321583
0.045000545
0.04678526
0.048569975
0.04321583
0.045000545
0.04678526
0.048569975
0.04321583
0.045000545
0.04678526
0.048569975
0.04321583
0.045000545
0.04678526
0.048569975
0.04321583
0.045000545
0.04678526
0.048569975
0.04321583
0.045000545
0.04678526
0.048569975
0.04321583
0.045000545
0.04678526
0.048569975
0.04321583
0.045000545
0.04678526
0.048569975
0.04321583
0.045000545
0.04678526
0.048569975
0.04321583
0.045000545
0.04678526
0.048569975
0.04321583
0.045000545
0.04678526
0.048569975
0.04321583
0.045000545
0.04678526
0.048569975
0.04321583
0.045000545
0.04678526
0.048569975
0.04321583
0.045000545
0.04678526
0.048569975
0.04321583
0.045000545
0.04678526
0.048569975
0.04321583
0.045000545
0.04678526
0.048569975
0.04321583
0.045000545
0.04678526
0.048569975
0.04321583
0.045000545
0.04678526
0.048569975
0.04321583
0.045000545
0.04678526
0.048569975
0.04321583
0.045000545
0.04678526
0.048569975
0.044225298
0.045996842
0.047768386
0.049539929
0.044225298
0.045996842
0.047768386
0.049539929
0.044225298
0.045996842
0.047768386
0.049539929
0.044225298
0.045996842
0.047768386
0.049539929
0.044225298
0.045996842
0.047768386
0.049539929
0.044225298
0.045996842
0.047768386
0.049539929
0.044225298
0.045996842
0.047768386
0.049539929
0.044225298
0.045996842
0.047768386
0.049539929
0.044225298
0.045996842
0.047768386
0.049539929
0.044225298
0.045996842
0.047768386
0.049539929
0.044225298
0.045996842
0.047768386
0.049539929
0.044225298
0.045996842
0.047768386
0.049539929
0.044225298
0.045996842
0.047768386
0.049539929
0.044225298
0.045996842
0.047768386
0.049539929
0.044225298
0.045996842
0.047768386
0.049539929
0.044225298
0.045996842
0.047768386
0.049539929
0.044225298
0.045996842
0.047768386
0.049539929
0.044225298
0.045996842
0.047768386
0.049539929
0.044225298
0.045996842
0.047768386
0.049539929
0.044225298
0.045996842
0.047768386
0.049539929
0.044225298
0.045996842
0.047768386
0.049539929
0.044225298
0.045996842
0.047768386
0.049539929
0.044225298
0.045996842
0.047768386
0.049539929
0.044225298
0.045996842
0.047768386
0.049539929
0.045234766
0.046993139
0.048751511
0.050509884
0.045234766
0.046993139
0.048751511
0.050509884
0.045234766
0.046993139
0.048751511
0.050509884
0.045234766
0.046993139
0.048751511
0.050509884
0.045234766
0.046993139
0.048751511
0.050509884
0.045234766
0.046993139
0.048751511
0.050509884
0.045234766
0.046993139
0.048751511
0.050509884
0.045234766
0.046993139
0.048751511
0.050509884
0.045234766
0.046993139
0.048751511
0.050509884
0.045234766
0.046993139
0.048751511
0.050509884
0.045234766
0.046993139
0.048751511
0.050509884
0.045234766
0.046993139
0.048751511
0.050509884
0.045234766
0.046993139
0.048751511
0.050509884
0.045234766
0.046993139
0.048751511
0.050509884
0.045234766
0.046993139
0.048751511
0.050509884
0.045234766
0.046993139
0.048751511
0.050509884
0.045234766
0.046993139
0.048751511
0.050509884
0.045234766
0.046993139
0.048751511
0.050509884
0.045234766
0.046993139
0.048751511
0.050509884
0.045234766
0.046993139
0.048751511
0.050509884
0.045234766
0.046993139
0.048751511
0.050509884
0.045234766
0.046993139
0.048751511
0.050509884
0.045234766
0.046993139
0.048751511
0.050509884
0.045234766
0.046993139
0.048751511
0.050509884
0.046244234
0.047989435
0.049734637
0.051479838
0.046244234
0.047989435
0.049734637
0.051479838
0.046244234
0.047989435
0.049734637
0.051479838
0.046244234
0.047989435
0.049734637
0.051479838
0.046244234
0.047989435
0.049734637
0.051479838
0.046244234
0.047989435
0.049734637
0.051479838
0.046244234
0.047989435
0.049734637
0.051479838
0.046244234
0.047989435
0.049734637
0.051479838
0.046244234
0.047989435
0.049734637
0.051479838
0.046244234
0.047989435
0.049734637
0.051479838
0.046244234
0.047989435
0.049734637
0.051479838
0.046244234
0.047989435
0.049734637
0.051479838
0.046244234
0.047989435
0.049734637
0.051479838
0.046244234
0.047989435
0.049734637
0.051479838
0.046244234
0.047989435
0.049734637
0.051479838
0.046244234
0.047989435
0.049734637
0.051479838
0.046244234
0.047989435
0.049734637
0.051479838
0.046244234
0.047989435
0.049734637
0.051479838
0.046244234
0.047989435
0.049734637
0.051479838
0.046244234
0.047989435
0.049734637
0.051479838
0.046244234
0.047989435
0.049734637
0.051479838
0.046244234
0.047989435
0.049734637
0.051479838
0.046244234
0.047989435
0.049734637
0.051479838
0.046244234
0.047989435
0.049734637
0.051479838
0.03130835
0.033535168
0.035761987
0.037988805
0.03130835
0.033535168
0.035761987
0.037988805
0.03130835
0.033535168
0.035761987
0.037988805
0.03130835
0.033535168
0.035761987
0.037988805
0.03130835
0.033535168
0.035761987
0.037988805
0.03130835
0.033535168
0.035761987
0.037988805
0.03130835
0.033535168
0.035761987
0.037988805
0.03130835
0.033535168
0.035761987
0.037988805
0.03130835
0.033535168
0.035761987
0.037988805
0.03130835
0.033535168
0.035761987
0.037988805
0.03130835
0.033535168
0.035761987
0.037988805
0.03130835
0.033535168
0.035761987
0.037988805
0.03130835
0.033535168
0.035761987
0.037988805
0.03130835
0.033535168
0.035761987
0.037988805
0.03130835
0.033535168
0.035761987
0.037988805
0.03130835
0.033535168
0.035761987
0.037988805
0.03130835
0.033535168
0.035761987
0.037988805
0.03130835
0.033535168
0.035761987
0.037988805
0.03130835
0.033535168
0.035761987
0.037988805
0.03130835
0.033535168
0.035761987
0.037988805
0.03130835
0.033535168
0.035761987
0.037988805
0.03130835
0.033535168
0.035761987
0.037988805
0.03130835
0.033535168
0.035761987
0.037988805
0.03130835
0.033535168
0.035761987
0.037988805
0.03226456
0.034477058
0.036689556
0.038902054
0.03226456
0.034477058
0.036689556
0.038902054
0.03226456
0.034477058
0.036689556
0.038902054
0.03226456
0.034477058
0.036689556
0.038902054
0.03226456
0.034477058
0.036689556
0.038902054
0.03226456
0.034477058
0.036689556
0.038902054
0.03226456
0.034477058
0.036689556
0.038902054
0.03226456
0.034477058
0.036689556
0.038902054
0.03226456
0.034477058
0.036689556
0.038902054
0.03226456
0.034477058
0.036689556
0.038902054
0.03226456
0.034477058
0.036689556
0.038902054
0.03226456
0.034477058
0.036689556
0.038902054
0.03226456
0.034477058
0.036689556
0.038902054
0.03226456
0.034477058
0.036689556
0.038902054
0.03226456
0.034477058
0.036689556
0.038902054
0.03226456
0.034477058
0.036689556
0.038902054
0.03226456
0.034477058
0.036689556
0.038902054
0.03226456
0.034477058
0.036689556
0.038902054
0.03226456
0.034477058
0.036689556
0.038902054
0.03226456
0.034477058
0.036689556
0.038902054
0.03226456
0.034477058
0.036689556
0.038902054
0.03226456
0.034477058
0.036689556
0.038902054
0.03226456
0.034477058
0.036689556
0.038902054
0.03226456
0.034477058
0.036689556
0.038902054
0.03322077
0.035418948
0.037617125
0.039815303
0.03322077
0.035418948
0.037617125
0.039815303
0.03322077
0.035418948
0.037617125
0.039815303
0.03322077
0.035418948
0.037617125
0.039815303
0.03322077
0.035418948
0.037617125
0.039815303
0.03322077
0.035418948
0.037617125
0.039815303
0.03322077
0.035418948
0.037617125
0.039815303
0.03322077
0.035418948
0.037617125
0.039815303
0.03322077
0.035418948
0.037617125
0.039815303
0.03322077
0.035418948
0.037617125
0.039815303
0.03322077
0.035418948
0.037617125
0.039815303
0.03322077
0.035418948
0.037617125
0.039815303
0.03322077
0.035418948
0.037617125
0.039815303
0.03322077
0.035418948
0.037617125
0.039815303
0.03322077
0.035418948
0.037617125
0.039815303
0.03322077
0.035418948
0.037617125
0.039815303
0.03322077
0.035418948
0.037617125
0.039815303
0.03322077
0.035418948
0.037617125
0.039815303
0.03322077
0.035418948
0.037617125
0.039815303
0.03322077
0.035418948
0.037617125
0.039815303
0.03322077
0.035418948
0.037617125
0.039815303
0.03322077
0.035418948
0.037617125
0.039815303
0.03322077
0.035418948
0.037617125
0.039815303
0.03322077
0.035418948
0.037617125
0.039815303
0.03417698
0.036360837
0.038544695
0.040728552
0.03417698
0.036360837
0.038544695
0.040728552
0.03417698
0.036360837
0.038544695
0.040728552
0.03417698
0.036360837
0.038544695
0.040728552
0.03417698
0.036360837
0.038544695
0.040728552
0.03417698
0.036360837
0.038544695
0.040728552
0.03417698
0.036360837
0.038544695
0.040728552
0.03417698
0.036360837
0.038544695
0.040728552
0.03417698
0.036360837
0.038544695
0.040728552
0.03417698
0.036360837
0.038544695
0.040728552
0.03417698
0.036360837
0.038544695
0.040728552
0.03417698
0.036360837
0.038544695
0.040728552
0.03417698
0.036360837
0.038544695
0.040728552
0.03417698
0.036360837
0.038544695
0.040728552
0.03417698
0.036360837
0.038544695
0.040728552
0.03417698
0.036360837
0.038544695
0.040728552
0.03417698
0.036360837
0.038544695
0.040728552
0.03417698
0.036360837
0.038544695
0.040728552
0.03417698
0.036360837
0.038544695
0.040728552
0.03417698
0.036360837
0.038544695
0.040728552
0.03417698
0.036360837
0.038544695
0.040728552
0.03417698
0.036360837
0.038544695
0.040728552
0.03417698
0.036360837
0.038544695
0.040728552
0.03417698
0.036360837
0.038544695
0.040728552
0.035133189
0.037302727
0.039472264
0.041641801
0.035133189
0.037302727
0.039472264
0.041641801
0.035133189
0.037302727
0.039472264
0.041641801
0.035133189
0.037302727
0.039472264
0.041641801
0.035133189
0.037302727
0.039472264
0.041641801
0.035133189
0.037302727
0.039472264
0.041641801
0.035133189
0.037302727
0.039472264
0.041641801
0.035133189
0.037302727
0.039472264
0.041641801
0.035133189
0.037302727
0.039472264
0.041641801
0.035133189
0.037302727
0.039472264
0.041641801
0.035133189
0.037302727
0.039472264
0.041641801
0.035133189
0.037302727
0.039472264
0.041641801
0.035133189
0.037302727
0.039472264
0.041641801
0.035133189
0.037302727
0.039472264
0.041641801
0.035133189
0.037302727
0.039472264
0.041641801
0.035133189
0.037302727
0.039472264
0.041641801
0.035133189
0.037302727
0.039472264
0.041641801
0.035133189
0.037302727
0.039472264
0.041641801
0.035133189
0.037302727
0.039472264
0.041641801
0.035133189
0.037302727
0.039472264
0.041641801
0.035133189
0.037302727
0.039472264
0.041641801
0.035133189
0.037302727
0.039472264
0.041641801
0.035133189
0.037302727
0.039472264
0.041641801
0.035133189
0.037302727
0.039472264
0.041641801
0.036089399
0.038244616
0.040399833
0.04255505
0.036089399
0.038244616
0.040399833
0.04255505
0.036089399
0.038244616
0.040399833
0.04255505
0.036089399
0.038244616
0.040399833
0.04255505
0.036089399
0.038244616
0.040399833
0.04255505
0.036089399
0.038244616
0.040399833
0.04255505
0.036089399
0.038244616
0.040399833
0.04255505
0.036089399
0.038244616
0.040399833
0.04255505
0.036089399
0.038244616
0.040399833
0.04255505
0.036089399
0.038244616
0.040399833
0.04255505
0.036089399
0.038244616
0.040399833
0.04255505
0.036089399
0.038244616
0.040399833
0.04255505
0.036089399
0.038244616
0.040399833
0.04255505
0.036089399
0.038244616
0.040399833
0.04255505
0.036089399
0.038244616
0.040399833
0.04255505
0.036089399
0.038244616
0.040399833
0.04255505
0.036089399
0.038244616
0.040399833
0.04255505
0.036089399
0.038244616
0.040399833
0.04255505
0.036089399
0.038244616
0.040399833
0.04255505
0.036089399
0.038244616
0.040399833
0.04255505
0.036089399
0.038244616
0.040399833
0.04255505
0.036089399
0.038244616
0.040399833
0.04255505
0.036089399
0.038244616
0.040399833
0.04255505
0.036089399
0.038244616
0.040399833
0.04255505
0.037045609
0.039186505
0.041327402
0.043468299
0.037045609
0.039186505
0.041327402
0.043468299
0.037045609
0.039186505
0.041327402
0.043468299
0.037045609
0.039186505
0.041327402
0.043468299
0.037045609
0.039186505
0.041327402
0.043468299
0.037045609
0.039186505
0.041327402
0.043468299
0.037045609
0.039186505
0.041327402
0.043468299
0.037045609
0.039186505
0.041327402
0.043468299
0.037045609
0.039186505
0.041327402
0.043468299
0.037045609
0.039186505
0.041327402
0.043468299
0.037045609
0.039186505
0.041327402
0.043468299
0.037045609
0.039186505
0.041327402
0.043468299
0.037045609
0.039186505
0.041327402
0.043468299
0.037045609
0.039186505
0.041327402
0.043468299
0.037045609
0.039186505
0.041327402
0.043468299
0.037045609
0.039186505
0.041327402
0.043468299
0.037045609
0.039186505
0.041327402
0.043468299
0.037045609
0.039186505
0.041327402
0.043468299
0.037045609
0.039186505
0.041327402
0.043468299
0.037045609
0.039186505
0.041327402
0.043468299
0.037045609
0.039186505
0.041327402
0.043468299
0.037045609
0.039186505
0.041327402
0.043468299
0.037045609
0.039186505
0.041327402
0.043468299
0.037045609
0.039186505
0.041327402
0.043468299
0.038001818
0.040128395
0.042254971
0.044381548
0.038001818
0.040128395
0.042254971
0.044381548
0.038001818
0.040128395
0.042254971
0.044381548
0.038001818
0.040128395
0.042254971
0.044381548
0.038001818
0.040128395
0.042254971
0.044381548
0.038001818
0.040128395
0.042254971
0.044381548
0.038001818
0.040128395
0.042254971
0.044381548
0.038001818
0.040128395
0.042254971
0.044381548
0.038001818
0.040128395
0.042254971
0.044381548
0.038001818
0.040128395
0.042254971
0.044381548
0.038001818
0.040128395
0.042254971
0.044381548
0.038001818
0.040128395
0.042254971
0.044381548
0.038001818
0.040128395
0.042254971
0.044381548
0.038001818
0.040128395
0.042254971
0.044381548
0.038001818
0.040128395
0.042254971
0.044381548
0.038001818
0.040128395
0.042254971
0.044381548
0.038001818
0.040128395
0.042254971
0.044381548
0.038001818
0.040128395
0.042254971
0.044381548
0.038001818
0.040128395
0.042254971
0.044381548
0.038001818
0.040128395
0.042254971
0.044381548
0.038001818
0.040128395
0.042254971
0.044381548
0.038001818
0.040128395
0.042254971
0.044381548
0.038001818
0.040128395
0.042254971
0.044381548
0.038001818
0.040128395
0.042254971
0.044381548
0.038958028
0.041070284
0.04318254
0.045294796
0.038958028
0.041070284
0.04318254
0.045294796
0.038958028
0.041070284
0.04318254
0.045294796
0.038958028
0.041070284
0.04318254
0.045294796
0.038958028
0.041070284
0.04318254
0.045294796
0.038958028
0.041070284
0.04318254
0.045294796
0.038958028
0.041070284
0.04318254
0.045294796
0.038958028
0.041070284
0.04318254
0.045294796
0.038958028
0.041070284
0.04318254
0.045294796
0.038958028
0.041070284
0.04318254
0.045294796
0.038958028
0.041070284
0.04318254
0.045294796
0.038958028
0.041070284
0.04318254
0.045294796
0.038958028
0.041070284
0.04318254
0.045294796
0.038958028
0.041070284
0.04318254
0.045294796
0.038958028
0.041070284
0.04318254
0.045294796
0.038958028
0.041070284
0.04318254
0.045294796
0.038958028
0.041070284
0.04318254
0.045294796
0.038958028
0.041070284
0.04318254
0.045294796
0.038958028
0.041070284
0.04318254
0.045294796
0.038958028
0.041070284
0.04318254
0.045294796
0.038958028
0.041070284
0.04318254
0.045294796
0.038958028
0.041070284
0.04318254
0.045294796
0.038958028
0.041070284
0.04318254
0.045294796
0.038958028
0.041070284
0.04318254
0.045294796
0.039914237
0.042012173
0.044110109
0.046208045
0.039914237
0.042012173
0.044110109
0.046208045
0.039914237
0.042012173
0.044110109
0.046208045
0.039914237
0.042012173
0.044110109
0.046208045
0.039914237
0.042012173
0.044110109
0.046208045
0.039914237
0.042012173
0.044110109
0.046208045
0.039914237
0.042012173
0.044110109
0.046208045
0.039914237
0.042012173
0.044110109
0.046208045
0.039914237
0.042012173
0.044110109
0.046208045
0.039914237
0.042012173
0.044110109
0.046208045
0.039914237
0.042012173
0.044110109
0.046208045
0.039914237
0.042012173
0.044110109
0.046208045
0.039914237
0.042012173
0.044110109
0.046208045
0.039914237
0.042012173
0.044110109
0.046208045
0.039914237
0.042012173
0.044110109
0.046208045
0.039914237
0.042012173
0.044110109
0.046208045
0.039914237
0.042012173
0.044110109
0.046208045
0.039914237
0.042012173
0.044110109
0.046208045
0.039914237
0.042012173
0.044110109
0.046208045
0.039914237
0.042012173
0.044110109
0.046208045
0.039914237
0.042012173
0.044110109
0.046208045
0.039914237
0.042012173
0.044110109
0.046208045
0.039914237
0.042012173
0.044110109
0.046208045
0.039914237
0.042012173
0.044110109
0.046208045
0.040870447
0.042954063
0.045037678
0.047121294
0.040870447
0.042954063
0.045037678
0.047121294
0.040870447
0.042954063
0.045037678
0.047121294
0.040870447
0.042954063
0.045037678
0.047121294
0.040870447
0.042954063
0.045037678
0.047121294
0.040870447
0.042954063
0.045037678
0.047121294
0.040870447
0.042954063
0.045037678
0.047121294
0.040870447
0.042954063
0.045037678
0.047121294
0.040870447
0.042954063
0.045037678
0.047121294
0.040870447
0.042954063
0.045037678
0.047121294
0.040870447
0.042954063
0.045037678
0.047121294
0.040870447
0.042954063
0.045037678
0.047121294
0.040870447
0.042954063
0.045037678
0.047121294
0.040870447
0.042954063
0.045037678
0.047121294
0.040870447
0.042954063
0.045037678
0.047121294
0.040870447
0.042954063
0.045037678
0.047121294
0.040870447
0.042954063
0.045037678
0.047121294
0.040870447
0.042954063
0.045037678
0.047121294
0.040870447
0.042954063
0.045037678
0.047121294
0.040870447
0.042954063
0.045037678
0.047121294
0.040870447
0.042954063
0.045037678
0.047121294
0.040870447
0.042954063
0.045037678
0.047121294
0.040870447
0.042954063
0.045037678
0.047121294
0.040870447
0.042954063
0.045037678
0.047121294
0.041826656
0.043895952
0.045965247
0.048034543
0.041826656
0.043895952
0.045965247
0.048034543
0.041826656
0.043895952
0.045965247
0.048034543
0.041826656
0.043895952
0.045965247
0.048034543
0.041826656
0.043895952
0.045965247
0.048034543
0.041826656
0.043895952
0.045965247
0.048034543
0.041826656
0.043895952
0.045965247
0.048034543
0.041826656
0.043895952
0.045965247
0.048034543
0.041826656
0.043895952
0.045965247
0.048034543
0.041826656
0.043895952
0.045965247
0.048034543
0.041826656
0.043895952
0.045965247
0.048034543
0.041826656
0.043895952
0.045965247
0.048034543
0.041826656
0.043895952
0.045965247
0.048034543
0.041826656
0.043895952
0.045965247
0.048034543
0.041826656
0.043895952
0.045965247
0.048034543
0.041826656
0.043895952
0.045965247
0.048034543
0.041826656
0.043895952
0.045965247
0.048034543
0.041826656
0.043895952
0.045965247
0.048034543
0.041826656
0.043895952
0.045965247
0.048034543
0.041826656
0.043895952
0.045965247
0.048034543
0.041826656
0.043895952
0.045965247
0.048034543
0.041826656
0.043895952
0.045965247
0.048034543
0.041826656
0.043895952
0.045965247
0.048034543
0.041826656
0.043895952
0.045965247
0.048034543
0.042782866
0.044837841
0.046892816
0.048947791
0.042782866
0.044837841
0.046892816
0.048947791
0.042782866
0.044837841
0.046892816
0.048947791
0.042782866
0.044837841
0.046892816
0.048947791
0.042782866
0.044837841
0.046892816
0.048947791
0.042782866
0.044837841
0.046892816
0.048947791
0.042782866
0.044837841
0.046892816
0.048947791
0.042782866
0.044837841
0.046892816
0.048947791
0.042782866
0.044837841
0.046892816
0.048947791
0.042782866
0.044837841
0.046892816
0.048947791
0.042782866
0.044837841
0.046892816
0.048947791
0.042782866
0.044837841
0.046892816
0.048947791
0.042782866
0.044837841
0.046892816
0.048947791
0.042782866
0.044837841
0.046892816
0.048947791
0.042782866
0.044837841
0.046892816
0.048947791
0.042782866
0.044837841
0.046892816
0.048947791
0.042782866
0.044837841
0.046892816
0.048947791
0.042782866
0.044837841
0.046892816
0.048947791
0.042782866
0.044837841
0.046892816
0.048947791
0.042782866
0.044837841
0.046892816
0.048947791
0.042782866
0.044837841
0.046892816
0.048947791
0.042782866
0.044837841
0.046892816
0.048947791
0.042782866
0.044837841
0.046892816
0.048947791
0.042782866
0.044837841
0.046892816
0.048947791
0.043739075
0.04577973
0.047820385
0.04986104
0.043739075
0.04577973
0.047820385
0.04986104
0.043739075
0.04577973
0.047820385
0.04986104
0.043739075
0.04577973
0.047820385
0.04986104
0.043739075
0.04577973
0.047820385
0.04986104
0.043739075
0.04577973
0.047820385
0.04986104
0.043739075
0.04577973
0.047820385
0.04986104
0.043739075
0.04577973
0.047820385
0.04986104
0.043739075
0.04577973
0.047820385
0.04986104
0.043739075
0.04577973
0.047820385
0.04986104
0.043739075
0.04577973
0.047820385
0.04986104
0.043739075
0.04577973
0.047820385
0.04986104
0.043739075
0.04577973
0.047820385
0.04986104
0.043739075
0.04577973
0.047820385
0.04986104
0.043739075
0.04577973
0.047820385
0.04986104
0.043739075
0.04577973
0.047820385
0.04986104
0.043739075
0.04577973
0.047820385
0.04986104
0.043739075
0.04577973
0.047820385
0.04986104
0.043739075
0.04577973
0.047820385
0.04986104
0.043739075
0.04577973
0.047820385
0.04986104
0.043739075
0.04577973
0.047820385
0.04986104
0.043739075
0.04577973
0.047820385
0.04986104
0.043739075
0.04577973
0.047820385
0.04986104
0.043739075
0.04577973
0.047820385
0.04986104
0.044695284
0.046721619
0.048747954
0.050774288
0.044695284
0.046721619
0.048747954
0.050774288
0.044695284
0.046721619
0.048747954
0.050774288
0.044695284
0.046721619
0.048747954
0.050774288
0.044695284
0.046721619
0.048747954
0.050774288
0.044695284
0.046721619
0.048747954
0.050774288
0.044695284
0.046721619
0.048747954
0.050774288
0.044695284
0.046721619
0.048747954
0.050774288
0.044695284
0.046721619
0.048747954
0.050774288
0.044695284
0.046721619
0.048747954
0.050774288
0.044695284
0.046721619
0.048747954
0.050774288
0.044695284
0.046721619
0.048747954
0.050774288
0.044695284
0.046721619
0.048747954
0.050774288
0.044695284
0.046721619
0.048747954
0.050774288
0.044695284
0.046721619
0.048747954
0.050774288
0.044695284
0.046721619
0.048747954
0.050774288
0.044695284
0.046721619
0.048747954
0.050774288
0.044695284
0.046721619
0.048747954
0.050774288
0.044695284
0.046721619
0.048747954
0.050774288
0.044695284
0.046721619
0.048747954
0.050774288
0.044695284
0.046721619
0.048747954
0.050774288
0.044695284
0.046721619
0.048747954
0.050774288
0.044695284
0.046721619
0.048747954
0.050774288
0.044695284
0.046721619
0.048747954
0.050774288
0.045651493
0.047663508
0.049675522
0.051687537
0.045651493
0.047663508
0.049675522
0.051687537
0.045651493
0.047663508
0.049675522
0.051687537
0.045651493
0.047663508
0.049675522
0.051687537
0.045651493
0.047663508
0.049675522
0.051687537
0.045651493
0.047663508
0.049675522
0.051687537
0.045651493
0.047663508
0.049675522
0.051687537
0.045651493
0.047663508
0.049675522
0.051687537
0.045651493
0.047663508
0.049675522
0.051687537
0.045651493
0.047663508
0.049675522
0.051687537
0.045651493
0.047663508
0.049675522
0.051687537
0.045651493
0.047663508
0.049675522
0.051687537
0.045651493
0.047663508
0.049675522
0.051687537
0.045651493
0.047663508
0.049675522
0.051687537
0.045651493
0.047663508
0.049675522
0.051687537
0.045651493
0.047663508
0.049675522
0.051687537
0.045651493
0.047663508
0.049675522
0.051687537
0.045651493
0.047663508
0.049675522
0.051687537
0.045651493
0.047663508
0.049675522
0.051687537
0.045651493
0.047663508
0.049675522
0.051687537
0.045651493
0.047663508
0.049675522
0.051687537
0.045651493
0.047663508
0.049675522
0.051687537
0.045651493
0.047663508
0.049675522
0.051687537
0.045651493
0.047663508
0.049675522
0.051687537
0.046607703
0.048605397
0.050603091
0.052600785
0.046607703
0.048605397
0.050603091
0.052600785
0.046607703
0.048605397
0.050603091
0.052600785
0.046607703
0.048605397
0.050603091
0.052600785
0.046607703
0.048605397
0.050603091
0.052600785
0.046607703
0.048605397
0.050603091
0.052600785
0.046607703
0.048605397
0.050603091
0.052600785
0.046607703
0.048605397
0.050603091
0.052600785
0.046607703
0.048605397
0.050603091
0.052600785
0.046607703
0.048605397
0.050603091
0.052600785
0.046607703
0.048605397
0.050603091
0.052600785
0.046607703
0.048605397
0.050603091
0.052600785
0.046607703
0.048605397
0.050603091
0.052600785
0.046607703
0.048605397
0.050603091
0.052600785
0.046607703
0.048605397
0.050603091
0.052600785
0.046607703
0.048605397
0.050603091
0.052600785
0.046607703
0.048605397
0.050603091
0.052600785
0.046607703
0.048605397
0.050603091
0.052600785
0.046607703
0.048605397
0.050603091
0.052600785
0.046607703
0.048605397
0.050603091
0.052600785
0.046607703
0.048605397
0.050603091
0.052600785
0.046607703
0.048605397
0.050603091
0.052600785
0.046607703
0.048605397
0.050603091
0.052600785
0.046607703
0.048605397
0.050603091
0.052600785
0.047563912
0.049547286
0.051530659
0.053514033
0.047563912
0.049547286
0.051530659
0.053514033
0.047563912
0.049547286
0.051530659
0.053514033
0.047563912
0.049547286
0.051530659
0.053514033
0.047563912
0.049547286
0.051530659
0.053514033
0.047563912
0.049547286
0.051530659
0.053514033
0.047563912
0.049547286
0.051530659
0.053514033
0.047563912
0.049547286
0.051530659
0.053514033
0.047563912
0.049547286
0.051530659
0.053514033
0.047563912
0.049547286
0.051530659
0.053514033
0.047563912
0.049547286
0.051530659
0.053514033
0.047563912
0.049547286
0.051530659
0.053514033
0.047563912
0.049547286
0.051530659
0.053514033
0.047563912
0.049547286
0.051530659
0.053514033
0.047563912
0.049547286
0.051530659
0.053514033
0.047563912
0.049547286
0.051530659
0.053514033
0.047563912
0.049547286
0.051530659
0.053514033
0.047563912
0.049547286
0.051530659
0.053514033
0.047563912
0.049547286
0.051530659
0.053514033
0.047563912
0.049547286
0.051530659
0.053514033
0.047563912
0.049547286
0.051530659
0.053514033
0.047563912
0.049547286
0.051530659
0.053514033
0.047563912
0.049547286
0.051530659
0.053514033
0.047563912
0.049547286
0.051530659
0.053514033
0.048520121
0.050489174
0.052458228
0.054427282
0.048520121
0.050489174
0.052458228
0.054427282
0.048520121
0.050489174
0.052458228
0.054427282
0.048520121
0.050489174
0.052458228
0.054427282
0.048520121
0.050489174
0.052458228
0.054427282
0.048520121
0.050489174
0.052458228
0.054427282
0.048520121
0.050489174
0.052458228
0.054427282
0.048520121
0.050489174
0.052458228
0.054427282
0.048520121
0.050489174
0.052458228
0.054427282
0.048520121
0.050489174
0.052458228
0.054427282
0.048520121
0.050489174
0.052458228
0.054427282
0.048520121
0.050489174
0.052458228
0.054427282
0.048520121
0.050489174
0.052458228
0.054427282
0.048520121
0.050489174
0.052458228
0.054427282
0.048520121
0.050489174
0.052458228
0.054427282
0.048520121
0.050489174
0.052458228
0.054427282
0.048520121
0.050489174
0.052458228
0.054427282
0.048520121
0.050489174
0.052458228
0.054427282
0.048520121
0.050489174
0.052458228
0.054427282
0.048520121
0.050489174
0.052458228
0.054427282
0.048520121
0.050489174
0.052458228
0.054427282
0.048520121
0.050489174
0.052458228
0.054427282
0.048520121
0.050489174
0.052458228
0.054427282
0.048520121
0.050489174
0.052458228
0.054427282
0.04947633
0.051431063
0.053385796
0.05534053
0.04947633
0.051431063
0.053385796
0.05534053
0.04947633
0.051431063
0.053385796
0.05534053
0.04947633
0.051431063
0.053385796
0.05534053
0.04947633
0.051431063
0.053385796
0.05534053
0.04947633
0.051431063
0.053385796
0.05534053
0.04947633
0.051431063
0.053385796
0.05534053
0.04947633
0.051431063
0.053385796
0.05534053
0.04947633
0.051431063
0.053385796
0.05534053
0.04947633
0.051431063
0.053385796
0.05534053
0.04947633
0.051431063
0.053385796
0.05534053
0.04947633
0.051431063
0.053385796
0.05534053
0.04947633
0.051431063
0.053385796
0.05534053
0.04947633
0.051431063
0.053385796
0.05534053
0.04947633
0.051431063
0.053385796
0.05534053
0.04947633
0.051431063
0.053385796
0.05534053
0.04947633
0.051431063
0.053385796
0.05534053
0.04947633
0.051431063
0.053385796
0.05534053
0.04947633
0.051431063
0.053385796
0.05534053
0.04947633
0.051431063
0.053385796
0.05534053
0.04947633
0.051431063
0.053385796
0.05534053
0.04947633
0.051431063
0.053385796
0.05534053
0.04947633
0.051431063
0.053385796
0.05534053
0.04947633
0.051431063
0.053385796
0.05534053
0.050432539
0.052372952
0.054313365
0.056253778
0.050432539
0.052372952
0.054313365
0.056253778
0.050432539
0.052372952
0.054313365
0.056253778
0.050432539
0.052372952
0.054313365
0.056253778
0.050432539
0.052372952
0.054313365
0.056253778
0.050432539
0.052372952
0.054313365
0.056253778
0.050432539
0.052372952
0.054313365
0.056253778
0.050432539
0.052372952
0.054313365
0.056253778
0.050432539
0.052372952
0.054313365
0.056253778
0.050432539
0.052372952
0.054313365
0.056253778
0.050432539
0.052372952
0.054313365
0.056253778
0.050432539
0.052372952
0.054313365
0.056253778
0.050432539
0.052372952
0.054313365
0.056253778
0.050432539
0.052372952
0.054313365
0.056253778
0.050432539
0.052372952
0.054313365
0.056253778
0.050432539
0.052372952
0.054313365
0.056253778
0.050432539
0.052372952
0.054313365
0.056253778
0.050432539
0.052372952
0.054313365
0.056253778
0.050432539
0.052372952
0.054313365
0.056253778
0.050432539
0.052372952
0.054313365
0.056253778
0.050432539
0.052372952
0.054313365
0.056253778
0.050432539
0.052372952
0.054313365
0.056253778
0.050432539
0.052372952
0.054313365
0.056253778
0.050432539
0.052372952
0.054313365
0.056253778
0.051388748
0.05331484
0.055240933
0.057167026
0.051388748
0.05331484
0.055240933
0.057167026
0.051388748
0.05331484
0.055240933
0.057167026
0.051388748
0.05331484
0.055240933
0.057167026
0.051388748
0.05331484
0.055240933
0.057167026
0.051388748
0.05331484
0.055240933
0.057167026
0.051388748
0.05331484
0.055240933
0.057167026
0.051388748
0.05331484
0.055240933
0.057167026
0.051388748
0.05331484
0.055240933
0.057167026
0.051388748
0.05331484
0.055240933
0.057167026
0.051388748
0.05331484
0.055240933
0.057167026
0.051388748
0.05331484
0.055240933
0.057167026
0.051388748
0.05331484
0.055240933
0.057167026
0.051388748
0.05331484
0.055240933
0.057167026
0.051388748
0.05331484
0.055240933
0.057167026
0.051388748
0.05331484
0.055240933
0.057167026
0.051388748
0.05331484
0.055240933
0.057167026
0.051388748
0.05331484
0.055240933
0.057167026
0.051388748
0.05331484
0.055240933
0.057167026
0.051388748
0.05331484
0.055240933
0.057167026
0.051388748
0.05331484
0.055240933
0.057167026
0.051388748
0.05331484
0.055240933
0.057167026
0.051388748
0.05331484
0.055240933
0.057167026
0.051388748
0.05331484
0.055240933
0.057167026
0.052344956
0.054256729
0.056168502
0.058080274
0.052344956
0.054256729
0.056168502
0.058080274
0.052344956
0.054256729
0.056168502
0.058080274
0.052344956
0.054256729
0.056168502
0.058080274
0.052344956
0.054256729
0.056168502
0.058080274
0.052344956
0.054256729
0.056168502
0.058080274
0.052344956
0.054256729
0.056168502
0.058080274
0.052344956
0.054256729
0.056168502
0.058080274
0.052344956
0.054256729
0.056168502
0.058080274
0.052344956
0.054256729
0.056168502
0.058080274
0.052344956
0.054256729
0.056168502
0.058080274
0.052344956
0.054256729
0.056168502
0.058080274
0.052344956
0.054256729
0.056168502
0.058080274
0.052344956
0.054256729
0.056168502
0.058080274
0.052344956
0.054256729
0.056168502
0.058080274
0.052344956
0.054256729
0.056168502
0.058080274
0.052344956
0.054256729
0.056168502
0.058080274
0.052344956
0.054256729
0.056168502
0.058080274
0.052344956
0.054256729
0.056168502
0.058080274
0.052344956
0.054256729
0.056168502
0.058080274
0.052344956
0.054256729
0.056168502
0.058080274
0.052344956
0.054256729
0.056168502
0.058080274
0.052344956
0.054256729
0.056168502
0.058080274
0.052344956
0.054256729
0.056168502
0.058080274
0.053301165
0.055198618
0.05709607
0.058993522
0.053301165
0.055198618
0.05709607
0.058993522
0.053301165
0.055198618
0.05709607
0.058993522
0.053301165
0.055198618
0.05709607
0.058993522
0.053301165
0.055198618
0.05709607
0.058993522
0.053301165
0.055198618
0.05709607
0.058993522
0.053301165
0.055198618
0.05709607
0.058993522
0.053301165
0.055198618
0.05709607
0.058993522
0.053301165
0.055198618
0.05709607
0.058993522
0.053301165
0.055198618
0.05709607
0.058993522
0.053301165
0.055198618
0.05709607
0.058993522
0.053301165
0.055198618
0.05709607
0.058993522
0.053301165
0.055198618
0.05709607
0.058993522
0.053301165
0.055198618
0.05709607
0.058993522
0.053301165
0.055198618
0.05709607
0.058993522
0.053301165
0.055198618
0.05709607
0.058993522
0.053301165
0.055198618
0.05709607
0.058993522
0.053301165
0.055198618
0.05709607
0.058993522
0.053301165
0.055198618
0.05709607
0.058993522
0.053301165
0.055198618
0.05709607
0.058993522
0.053301165
0.055198618
0.05709607
0.058993522
0.053301165
0.055198618
0.05709607
0.058993522
0.053301165
0.055198618
0.05709607
0.058993522
0.053301165
0.055198618
0.05709607
0.058993522
0.04029965
0.042694523
0.045089396
0.047484269
0.04029965
0.042694523
0.045089396
0.047484269
0.04029965
0.042694523
0.045089396
0.047484269
0.04029965
0.042694523
0.045089396
0.047484269
0.04029965
0.042694523
0.045089396
0.047484269
0.04029965
0.042694523
0.045089396
0.047484269
0.04029965
0.042694523
0.045089396
0.047484269
0.04029965
0.042694523
0.045089396
0.047484269
0.04029965
0.042694523
0.045089396
0.047484269
0.04029965
0.042694523
0.045089396
0.047484269
0.04029965
0.042694523
0.045089396
0.047484269
0.04029965
0.042694523
0.045089396
0.047484269
0.04029965
0.042694523
0.045089396
0.047484269
0.04029965
0.042694523
0.045089396
0.047484269
0.04029965
0.042694523
0.045089396
0.047484269
0.04029965
0.042694523
0.045089396
0.047484269
0.04029965
0.042694523
0.045089396
0.047484269
0.04029965
0.042694523
0.045089396
0.047484269
0.04029965
0.042694523
0.045089396
0.047484269
0.04029965
0.042694523
0.045089396
0.047484269
0.04029965
0.042694523
0.045089396
0.047484269
0.04029965
0.042694523
0.045089396
0.047484269
0.04029965
0.042694523
0.045089396
0.047484269
0.04029965
0.042694523
0.045089396
0.047484269
0.041198038
0.04357751
0.045956982
0.048336455
0.041198038
0.04357751
0.045956982
0.048336455
0.041198038
0.04357751
0.045956982
0.048336455
0.041198038
0.04357751
0.045956982
0.048336455
0.041198038
0.04357751
0.045956982
0.048336455
0.041198038
0.04357751
0.045956982
0.048336455
0.041198038
0.04357751
0.045956982
0.048336455
0.041198038
0.04357751
0.045956982
0.048336455
0.041198038
0.04357751
0.045956982
0.048336455
0.041198038
0.04357751
0.045956982
0.048336455
0.041198038
0.04357751
0.045956982
0.048336455
0.041198038
0.04357751
0.045956982
0.048336455
0.041198038
0.04357751
0.045956982
0.048336455
0.041198038
0.04357751
0.045956982
0.048336455
0.041198038
0.04357751
0.045956982
0.048336455
0.041198038
0.04357751
0.045956982
0.048336455
0.041198038
0.04357751
0.045956982
0.048336455
0.041198038
0.04357751
0.045956982
0.048336455
0.041198038
0.04357751
0.045956982
0.048336455
0.041198038
0.04357751
0.045956982
0.048336455
0.041198038
0.04357751
0.045956982
0.048336455
0.041198038
0.04357751
0.045956982
0.048336455
0.041198038
0.04357751
0.045956982
0.048336455
0.041198038
0.04357751
0.045956982
0.048336455
0.042096426
0.044460498
0.046824569
0.04918864
0.042096426
0.044460498
0.046824569
0.04918864
0.042096426
0.044460498
0.046824569
0.04918864
0.042096426
0.044460498
0.046824569
0.04918864
0.042096426
0.044460498
0.046824569
0.04918864
0.042096426
0.044460498
0.046824569
0.04918864
0.042096426
0.044460498
0.046824569
0.04918864
0.042096426
0.044460498
0.046824569
0.04918864
0.042096426
0.044460498
0.046824569
0.04918864
0.042096426
0.044460498
0.046824569
0.04918864
0.042096426
0.044460498
0.046824569
0.04918864
0.042096426
0.044460498
0.046824569
0.04918864
0.042096426
0.044460498
0.046824569
0.04918864
0.042096426
0.044460498
0.046824569
0.04918864
0.042096426
0.044460498
0.046824569
0.04918864
0.042096426
0.044460498
0.046824569
0.04918864
0.042096426
0.044460498
0.046824569
0.04918864
0.042096426
0.044460498
0.046824569
0.04918864
0.042096426
0.044460498
0.046824569
0.04918864
0.042096426
0.044460498
0.046824569
0.04918864
0.042096426
0.044460498
0.046824569
0.04918864
0.042096426
0.044460498
0.046824569
0.04918864
0.042096426
0.044460498
0.046824569
0.04918864
0.042096426
0.044460498
0.046824569
0.04918864
0.042994815
0.045343485
0.047692155
0.050040825
0.042994815
0.045343485
0.047692155
0.050040825
0.042994815
0.045343485
0.047692155
0.050040825
0.042994815
0.045343485
0.047692155
0.050040825
0.042994815
0.045343485
0.047692155
0.050040825
0.042994815
0.045343485
0.047692155
0.050040825
0.042994815
0.045343485
0.047692155
0.050040825
0.042994815
0.045343485
0.047692155
0.050040825
0.042994815
0.045343485
0.047692155
0.050040825
0.042994815
0.045343485
0.047692155
0.050040825
0.042994815
0.045343485
0.047692155
0.050040825
0.042994815
0.045343485
0.047692155
0.050040825
0.042994815
0.045343485
0.047692155
0.050040825
0.042994815
0.045343485
0.047692155
0.050040825
0.042994815
0.045343485
0.047692155
0.050040825
0.042994815
0.045343485
0.047692155
0.050040825
0.042994815
0.045343485
0.047692155
0.050040825
0.042994815
0.045343485
0.047692155
0.050040825
0.042994815
0.045343485
0.047692155
0.050040825
0.042994815
0.045343485
0.047692155
0.050040825
0.042994815
0.045343485
0.047692155
0.050040825
0.042994815
0.045343485
0.047692155
0.050040825
0.042994815
0.045343485
0.047692155
0.050040825
0.042994815
0.045343485
0.047692155
0.050040825
0.043893203
0.046226472
0.048559742
0.050893011
0.043893203
0.046226472
0.048559742
0.050893011
0.043893203
0.046226472
0.048559742
0.050893011
0.043893203
0.046226472
0.048559742
0.050893011
0.043893203
0.046226472
0.048559742
0.050893011
0.043893203
0.046226472
0.048559742
0.050893011
0.043893203
0.046226472
0.048559742
0.050893011
0.043893203
0.046226472
0.048559742
0.050893011
0.043893203
0.046226472
0.048559742
0.050893011
0.043893203
0.046226472
0.048559742
0.050893011
0.043893203
0.046226472
0.048559742
0.050893011
0.043893203
0.046226472
0.048559742
0.050893011
0.043893203
0.046226472
0.048559742
0.050893011
0.043893203
0.046226472
0.048559742
0.050893011
0.043893203
0.046226472
0.048559742
0.050893011
0.043893203
0.046226472
0.048559742
0.050893011
0.043893203
0.046226472
0.048559742
0.050893011
0.043893203
0.046226472
0.048559742
0.050893011
0.043893203
0.046226472
0.048559742
0.050893011
0.043893203
0.046226472
0.048559742
0.050893011
0.043893203
0.046226472
0.048559742
0.050893011
0.043893203
0.046226472
0.048559742
0.050893011
0.043893203
0.046226472
0.048559742
0.050893011
0.043893203
0.046226472
0.048559742
0.050893011
0.044791591
0.04710946
0.049427328
0.051745196
0.044791591
0.04710946
0.049427328
0.051745196
0.044791591
0.04710946
0.049427328
0.051745196
0.044791591
0.04710946
0.049427328
0.051745196
0.044791591
0.04710946
0.049427328
0.051745196
0.044791591
0.04710946
0.049427328
0.051745196
0.044791591
0.04710946
0.049427328
0.051745196
0.044791591
0.04710946
0.049427328
0.051745196
0.044791591
0.04710946
0.049427328
0.051745196
0.044791591
0.04710946
0.049427328
0.051745196
0.044791591
0.04710946
0.049427328
0.051745196
0.044791591
0.04710946
0.049427328
0.051745196
0.044791591
0.04710946
0.049427328
0.051745196
0.044791591
0.04710946
0.049427328
0.051745196
0.044791591
0.04710946
0.049427328
0.051745196
0.044791591
0.04710946
0.049427328
0.051745196
0.044791591
0.04710946
0.049427328
0.051745196
0.044791591
0.04710946
0.049427328
0.051745196
0.044791591
0.04710946
0.049427328
0.051745196
0.044791591
0.04710946
0.049427328
0.051745196
0.044791591
0.04710946
0.049427328
0.051745196
0.044791591
0.04710946
0.049427328
0.051745196
0.044791591
0.04710946
0.049427328
0.051745196
0.044791591
0.04710946
0.049427328
0.051745196
0.04568998
0.047992447
0.050294914
0.052597381
0.04568998
0.047992447
0.050294914
0.052597381
0.04568998
0.047992447
0.050294914
0.052597381
0.04568998
0.047992447
0.050294914
0.052597381
0.04568998
0.047992447
0.050294914
0.052597381
0.04568998
0.047992447
0.050294914
0.052597381
0.04568998
0.047992447
0.050294914
0.052597381
0.04568998
0.047992447
0.050294914
0.052597381
0.04568998
0.047992447
0.050294914
0.052597381
0.04568998
0.047992447
0.050294914
0.052597381
0.04568998
0.047992447
0.050294914
0.052597381
0.04568998
0.047992447
0.050294914
0.052597381
0.04568998
0.047992447
0.050294914
0.052597381
0.04568998
0.047992447
0.050294914
0.052597381
0.04568998
0.047992447
0.050294914
0.052597381
0.04568998
0.047992447
0.050294914
0.052597381
0.04568998
0.047992447
0.050294914
0.052597381
0.04568998
0.047992447
0.050294914
0.052597381
0.04568998
0.047992447
0.050294914
0.052597381
0.04568998
0.047992447
0.050294914
0.052597381
0.04568998
0.047992447
0.050294914
0.052597381
0.04568998
0.047992447
0.050294914
0.052597381
0.04568998
0.047992447
0.050294914
0.052597381
0.04568998
0.047992447
0.050294914
0.052597381
0.046588368
0.048875434
0.0511625
0.053449566
0.046588368
0.048875434
0.0511625
0.053449566
0.046588368
0.048875434
0.0511625
0.053449566
0.046588368
0.048875434
0.0511625
0.053449566
0.046588368
0.048875434
0.0511625
0.053449566
0.046588368
0.048875434
0.0511625
0.053449566
0.046588368
0.048875434
0.0511625
0.053449566
0.046588368
0.048875434
0.0511625
0.053449566
0.046588368
0.048875434
0.0511625
0.053449566
0.046588368
0.048875434
0.0511625
0.053449566
0.046588368
0.048875434
0.0511625
0.053449566
0.046588368
0.048875434
0.0511625
0.053449566
0.046588368
0.048875434
0.0511625
0.053449566
0.046588368
0.048875434
0.0511625
0.053449566
0.046588368
0.048875434
0.0511625
0.053449566
0.046588368
0.048875434
0.0511625
0.053449566
0.046588368
0.048875434
0.0511625
0.053449566
0.046588368
0.048875434
0.0511625
0.053449566
0.046588368
0.048875434
0.0511625
0.053449566
0.046588368
0.048875434
0.0511625
0.053449566
0.046588368
0.048875434
0.0511625
0.053449566
0.046588368
0.048875434
0.0511625
0.053449566
0.046588368
0.048875434
0.0511625
0.053449566
0.046588368
0.048875434
0.0511625
0.053449566
0.047486756
0.049758421
0.052030086
0.054301752
0.047486756
0.049758421
0.052030086
0.054301752
0.047486756
0.049758421
0.052030086
0.054301752
0.047486756
0.049758421
0.052030086
0.054301752
0.047486756
0.049758421
0.052030086
0.054301752
0.047486756
0.049758421
0.052030086
0.054301752
0.047486756
0.049758421
0.052030086
0.054301752
0.047486756
0.049758421
0.052030086
0.054301752
0.047486756
0.049758421
0.052030086
0.054301752
0.047486756
0.049758421
0.052030086
0.054301752
0.047486756
0.049758421
0.052030086
0.054301752
0.047486756
0.049758421
0.052030086
0.054301752
0.047486756
0.049758421
0.052030086
0.054301752
0.047486756
0.049758421
0.052030086
0.054301752
0.047486756
0.049758421
0.052030086
0.054301752
0.047486756
0.049758421
0.052030086
0.054301752
0.047486756
0.049758421
0.052030086
0.054301752
0.047486756
0.049758421
0.052030086
0.054301752
0.047486756
0.049758421
0.052030086
0.054301752
0.047486756
0.049758421
0.052030086
0.054301752
0.047486756
0.049758421
0.052030086
0.054301752
0.047486756
0.049758421
0.052030086
0.054301752
0.047486756
0.049758421
0.052030086
0.054301752
0.047486756
0.049758421
0.052030086
0.054301752
0.048385144
0.050641408
0.052897672
0.055153937
0.048385144
0.050641408
0.052897672
0.055153937
0.048385144
0.050641408
0.052897672
0.055153937
0.048385144
0.050641408
0.052897672
0.055153937
0.048385144
0.050641408
0.052897672
0.055153937
0.048385144
0.050641408
0.052897672
0.055153937
0.048385144
0.050641408
0.052897672
0.055153937
0.048385144
0.050641408
0.052897672
0.055153937
0.048385144
0.050641408
0.052897672
0.055153937
0.048385144
0.050641408
0.052897672
0.055153937
0.048385144
0.050641408
0.052897672
0.055153937
0.048385144
0.050641408
0.052897672
0.055153937
0.048385144
0.050641408
0.052897672
0.055153937
0.048385144
0.050641408
0.052897672
0.055153937
0.048385144
0.050641408
0.052897672
0.055153937
0.048385144
0.050641408
0.052897672
0.055153937
0.048385144
0.050641408
0.052897672
0.055153937
0.048385144
0.050641408
0.052897672
0.055153937
0.048385144
0.050641408
0.052897672
0.055153937
0.048385144
0.050641408
0.052897672
0.055153937
0.048385144
0.050641408
0.052897672
0.055153937
0.048385144
0.050641408
0.052897672
0.055153937
0.048385144
0.050641408
0.052897672
0.055153937
0.048385144
0.050641408
0.052897672
0.055153937
0.049283532
0.051524395
0.053765258
0.056006122
0.049283532
0.051524395
0.053765258
0.056006122
0.049283532
0.051524395
0.053765258
0.056006122
0.049283532
0.051524395
0.053765258
0.056006122
0.049283532
0.051524395
0.053765258
0.056006122
0.049283532
0.051524395
0.053765258
0.056006122
0.049283532
0.051524395
0.053765258
0.056006122
0.049283532
0.051524395
0.053765258
0.056006122
0.049283532
0.051524395
0.053765258
0.056006122
0.049283532
0.051524395
0.053765258
0.056006122
0.049283532
0.051524395
0.053765258
0.056006122
0.049283532
0.051524395
0.053765258
0.056006122
0.049283532
0.051524395
0.053765258
0.056006122
0.049283532
0.051524395
0.053765258
0.056006122
0.049283532
0.051524395
0.053765258
0.056006122
0.049283532
0.051524395
0.053765258
0.056006122
0.049283532
0.051524395
0.053765258
0.056006122
0.049283532
0.051524395
0.053765258
0.056006122
0.049283532
0.051524395
0.053765258
0.056006122
0.049283532
0.051524395
0.053765258
0.056006122
0.049283532
0.051524395
0.053765258
0.056006122
0.049283532
0.051524395
0.053765258
0.056006122
0.049283532
0.051524395
0.053765258
0.056006122
0.049283532
0.051524395
0.053765258
0.056006122
0.05018192
0.052407382
0.054632844
0.056858307
0.05018192
0.052407382
0.054632844
0.056858307
0.05018192
0.052407382
0.054632844
0.056858307
0.05018192
0.052407382
0.054632844
0.056858307
0.05018192
0.052407382
0.054632844
0.056858307
0.05018192
0.052407382
0.054632844
0.056858307
0.05018192
0.052407382
0.054632844
0.056858307
0.05018192
0.052407382
0.054632844
0.056858307
0.05018192
0.052407382
0.054632844
0.056858307
0.05018192
0.052407382
0.054632844
0.056858307
0.05018192
0.052407382
0.054632844
0.056858307
0.05018192
0.052407382
0.054632844
0.056858307
0.05018192
0.052407382
0.054632844
0.056858307
0.05018192
0.052407382
0.054632844
0.056858307
0.05018192
0.052407382
0.054632844
0.056858307
0.05018192
0.052407382
0.054632844
0.056858307
0.05018192
0.052407382
0.054632844
0.056858307
0.05018192
0.052407382
0.054632844
0.056858307
0.05018192
0.052407382
0.054632844
0.056858307
0.05018192
0.052407382
0.054632844
0.056858307
0.05018192
0.052407382
0.054632844
0.056858307
0.05018192
0.052407382
0.054632844
0.056858307
0.05018192
0.052407382
0.054632844
0.056858307
0.05018192
0.052407382
0.054632844
0.056858307
0.051080308
0.053290369
0.05550043
0.057710492
0.051080308
0.053290369
0.05550043
0.057710492
0.051080308
0.053290369
0.05550043
0.057710492
0.051080308
0.053290369
0.05550043
0.057710492
0.051080308
0.053290369
0.05550043
0.057710492
0.051080308
0.053290369
0.05550043
0.057710492
0.051080308
0.053290369
0.05550043
0.057710492
0.051080308
0.053290369
0.05550043
0.057710492
0.051080308
0.053290369
0.05550043
0.057710492
0.051080308
0.053290369
0.05550043
0.057710492
0.051080308
0.053290369
0.05550043
0.057710492
0.051080308
0.053290369
0.05550043
0.057710492
0.051080308
0.053290369
0.05550043
0.057710492
0.051080308
0.053290369
0.05550043
0.057710492
0.051080308
0.053290369
0.05550043
0.057710492
0.051080308
0.053290369
0.05550043
0.057710492
0.051080308
0.053290369
0.05550043
0.057710492
0.051080308
0.053290369
0.05550043
0.057710492
0.051080308
0.053290369
0.05550043
0.057710492
0.051080308
0.053290369
0.05550043
0.057710492
0.051080308
0.053290369
0.05550043
0.057710492
0.051080308
0.053290369
0.05550043
0.057710492
0.051080308
0.053290369
0.05550043
0.057710492
0.051080308
0.053290369
0.05550043
0.057710492
0.051978696
0.054173356
0.056368016
0.058562677
0.051978696
0.054173356
0.056368016
0.058562677
0.051978696
0.054173356
0.056368016
0.058562677
0.051978696
0.054173356
0.056368016
0.058562677
0.051978696
0.054173356
0.056368016
0.058562677
0.051978696
0.054173356
0.056368016
0.058562677
0.051978696
0.054173356
0.056368016
0.058562677
0.051978696
0.054173356
0.056368016
0.058562677
0.051978696
0.054173356
0.056368016
0.058562677
0.051978696
0.054173356
0.056368016
0.058562677
0.051978696
0.054173356
0.056368016
0.058562677
0.051978696
0.054173356
0.056368016
0.058562677
0.051978696
0.054173356
0.056368016
0.058562677
0.051978696
0.054173356
0.056368016
0.058562677
0.051978696
0.054173356
0.056368016
0.058562677
0.051978696
0.054173356
0.056368016
0.058562677
0.051978696
0.054173356
0.056368016
0.058562677
0.051978696
0.054173356
0.056368016
0.058562677
0.051978696
0.054173356
0.056368016
0.058562677
0.051978696
0.054173356
0.056368016
0.058562677
0.051978696
0.054173356
0.056368016
0.058562677
0.051978696
0.054173356
0.056368016
0.058562677
0.051978696
0.054173356
0.056368016
0.058562677
0.051978696
0.054173356
0.056368016
0.058562677
0.052877084
0.055056343
0.057235602
0.059414862
0.052877084
0.055056343
0.057235602
0.059414862
0.052877084
0.055056343
0.057235602
0.059414862
0.052877084
0.055056343
0.057235602
0.059414862
0.052877084
0.055056343
0.057235602
0.059414862
0.052877084
0.055056343
0.057235602
0.059414862
0.052877084
0.055056343
0.057235602
0.059414862
0.052877084
0.055056343
0.057235602
0.059414862
0.052877084
0.055056343
0.057235602
0.059414862
0.052877084
0.055056343
0.057235602
0.059414862
0.052877084
0.055056343
0.057235602
0.059414862
0.052877084
0.055056343
0.057235602
0.059414862
0.052877084
0.055056343
0.057235602
0.059414862
0.052877084
0.055056343
0.057235602
0.059414862
0.052877084
0.055056343
0.057235602
0.059414862
0.052877084
0.055056343
0.057235602
0.059414862
0.052877084
0.055056343
0.057235602
0.059414862
0.052877084
0.055056343
0.057235602
0.059414862
0.052877084
0.055056343
0.057235602
0.059414862
0.052877084
0.055056343
0.057235602
0.059414862
0.052877084
0.055056343
0.057235602
0.059414862
0.052877084
0.055056343
0.057235602
0.059414862
0.052877084
0.055056343
0.057235602
0.059414862
0.052877084
0.055056343
0.057235602
0.059414862
0.053775472
0.05593933
0.058103188
0.060267046
0.053775472
0.05593933
0.058103188
0.060267046
0.053775472
0.05593933
0.058103188
0.060267046
0.053775472
0.05593933
0.058103188
0.060267046
0.053775472
0.05593933
0.058103188
0.060267046
0.053775472
0.05593933
0.058103188
0.060267046
0.053775472
0.05593933
0.058103188
0.060267046
0.053775472
0.05593933
0.058103188
0.060267046
0.053775472
0.05593933
0.058103188
0.060267046
0.053775472
0.05593933
0.058103188
0.060267046
0.053775472
0.05593933
0.058103188
0.060267046
0.053775472
0.05593933
0.058103188
0.060267046
0.053775472
0.05593933
0.058103188
0.060267046
0.053775472
0.05593933
0.058103188
0.060267046
0.053775472
0.05593933
0.058103188
0.060267046
0.053775472
0.05593933
0.058103188
0.060267046
0.053775472
0.05593933
0.058103188
0.060267046
0.053775472
0.05593933
0.058103188
0.060267046
0.053775472
0.05593933
0.058103188
0.060267046
0.053775472
0.05593933
0.058103188
0.060267046
0.053775472
0.05593933
0.058103188
0.060267046
0.053775472
0.05593933
0.058103188
0.060267046
0.053775472
0.05593933
0.058103188
0.060267046
0.053775472
0.05593933
0.058103188
0.060267046
0.054673859
0.056822317
0.058970774
0.061119231
0.054673859
0.056822317
0.058970774
0.061119231
0.054673859
0.056822317
0.058970774
0.061119231
0.054673859
0.056822317
0.058970774
0.061119231
0.054673859
0.056822317
0.058970774
0.061119231
0.054673859
0.056822317
0.058970774
0.061119231
0.054673859
0.056822317
0.058970774
0.061119231
0.054673859
0.056822317
0.058970774
0.061119231
0.054673859
0.056822317
0.058970774
0.061119231
0.054673859
0.056822317
0.058970774
0.061119231
0.054673859
0.056822317
0.058970774
0.061119231
0.054673859
0.056822317
0.058970774
0.061119231
0.054673859
0.056822317
0.058970774
0.061119231
0.054673859
0.056822317
0.058970774
0.061119231
0.054673859
0.056822317
0.058970774
0.061119231
0.054673859
0.056822317
0.058970774
0.061119231
0.054673859
0.056822317
0.058970774
0.061119231
0.054673859
0.056822317
0.058970774
0.061119231
0.054673859
0.056822317
0.058970774
0.061119231
0.054673859
0.056822317
0.058970774
0.061119231
0.054673859
0.056822317
0.058970774
0.061119231
0.054673859
0.056822317
0.058970774
0.061119231
0.054673859
0.056822317
0.058970774
0.061119231
0.054673859
0.056822317
0.058970774
0.061119231
0.055572247
0.057705303
0.05983836
0.061971416
0.055572247
0.057705303
0.05983836
0.061971416
0.055572247
0.057705303
0.05983836
0.061971416
0.055572247
0.057705303
0.05983836
0.061971416
0.055572247
0.057705303
0.05983836
0.061971416
0.055572247
0.057705303
0.05983836
0.061971416
0.055572247
0.057705303
0.05983836
0.061971416
0.055572247
0.057705303
0.05983836
0.061971416
0.055572247
0.057705303
0.05983836
0.061971416
0.055572247
0.057705303
0.05983836
0.061971416
0.055572247
0.057705303
0.05983836
0.061971416
0.055572247
0.057705303
0.05983836
0.061971416
0.055572247
0.057705303
0.05983836
0.061971416
0.055572247
0.057705303
0.05983836
0.061971416
0.055572247
0.057705303
0.05983836
0.061971416
0.055572247
0.057705303
0.05983836
0.061971416
0.055572247
0.057705303
0.05983836
0.061971416
0.055572247
0.057705303
0.05983836
0.061971416
0.055572247
0.057705303
0.05983836
0.061971416
0.055572247
0.057705303
0.05983836
0.061971416
0.055572247
0.057705303
0.05983836
0.061971416
0.055572247
0.057705303
0.05983836
0.061971416
0.055572247
0.057705303
0.05983836
0.061971416
0.055572247
0.057705303
0.05983836
0.061971416
0.056470635
0.05858829
0.060705945
0.062823601
0.056470635
0.05858829
0.060705945
0.062823601
0.056470635
0.05858829
0.060705945
0.062823601
0.056470635
0.05858829
0.060705945
0.062823601
0.056470635
0.05858829
0.060705945
0.062823601
0.056470635
0.05858829
0.060705945
0.062823601
0.056470635
0.05858829
0.060705945
0.062823601
0.056470635
0.05858829
0.060705945
0.062823601
0.056470635
0.05858829
0.060705945
0.062823601
0.056470635
0.05858829
0.060705945
0.062823601
0.056470635
0.05858829
0.060705945
0.062823601
0.056470635
0.05858829
0.060705945
0.062823601
0.056470635
0.05858829
0.060705945
0.062823601
0.056470635
0.05858829
0.060705945
0.062823601
0.056470635
0.05858829
0.060705945
0.062823601
0.056470635
0.05858829
0.060705945
0.062823601
0.056470635
0.05858829
0.060705945
0.062823601
0.056470635
0.05858829
0.060705945
0.062823601
0.056470635
0.05858829
0.060705945
0.062823601
0.056470635
0.05858829
0.060705945
0.062823601
0.056470635
0.05858829
0.060705945
0.062823601
0.056470635
0.05858829
0.060705945
0.062823601
0.056470635
0.05858829
0.060705945
0.062823601
0.056470635
0.05858829
0.060705945
0.062823601
0.057369022
0.059471277
0.061573531
0.063675785
0.057369022
0.059471277
0.061573531
0.063675785
0.057369022
0.059471277
0.061573531
0.063675785
0.057369022
0.059471277
0.061573531
0.063675785
0.057369022
0.059471277
0.061573531
0.063675785
0.057369022
0.059471277
0.061573531
0.063675785
0.057369022
0.059471277
0.061573531
0.063675785
0.057369022
0.059471277
0.061573531
0.063675785
0.057369022
0.059471277
0.061573531
0.063675785
0.057369022
0.059471277
0.061573531
0.063675785
0.057369022
0.059471277
0.061573531
0.063675785
0.057369022
0.059471277
0.061573531
0.063675785
0.057369022
0.059471277
0.061573531
0.063675785
0.057369022
0.059471277
0.061573531
0.063675785
0.057369022
0.059471277
0.061573531
0.063675785
0.057369022
0.059471277
0.061573531
0.063675785
0.057369022
0.059471277
0.061573531
0.063675785
0.057369022
0.059471277
0.061573531
0.063675785
0.057369022
0.059471277
0.061573531
0.063675785
0.057369022
0.059471277
0.061573531
0.063675785
0.057369022
0.059471277
0.061573531
0.063675785
0.057369022
0.059471277
0.061573531
0.063675785
0.057369022
0.059471277
0.061573531
0.063675785
0.057369022
0.059471277
0.061573531
0.063675785
0.05826741
0.060354263
0.062441116
0.06452797
0.05826741
0.060354263
0.062441116
0.06452797
0.05826741
0.060354263
0.062441116
0.06452797
0.05826741
0.060354263
0.062441116
0.06452797
0.05826741
0.060354263
0.062441116
0.06452797
0.05826741
0.060354263
0.062441116
0.06452797
0.05826741
0.060354263
0.062441116
0.06452797
0.05826741
0.060354263
0.062441116
0.06452797
0.05826741
0.060354263
0.062441116
0.06452797
0.05826741
0.060354263
0.062441116
0.06452797
0.05826741
0.060354263
0.062441116
0.06452797
0.05826741
0.060354263
0.062441116
0.06452797
0.05826741
0.060354263
0.062441116
0.06452797
0.05826741
0.060354263
0.062441116
0.06452797
0.05826741
0.060354263
0.062441116
0.06452797
0.05826741
0.060354263
0.062441116
0.06452797
0.05826741
0.060354263
0.062441116
0.06452797
0.05826741
0.060354263
0.062441116
0.06452797
0.05826741
0.060354263
0.062441116
0.06452797
0.05826741
0.060354263
0.062441116
0.06452797
0.05826741
0.060354263
0.062441116
0.06452797
0.05826741
0.060354263
0.062441116
0.06452797
0.05826741
0.060354263
0.062441116
0.06452797
0.05826741
0.060354263
0.062441116
0.06452797
0.059165797
0.06123725
0.063308702
0.065380154
0.059165797
0.06123725
0.063308702
0.065380154
0.059165797
0.06123725
0.063308702
0.065380154
0.059165797
0.06123725
0.063308702
0.065380154
0.059165797
0.06123725
0.063308702
0.065380154
0.059165797
0.06123725
0.063308702
0.065380154
0.059165797
0.06123725
0.063308702
0.065380154
0.059165797
0.06123725
0.063308702
0.065380154
0.059165797
0.06123725
0.063308702
0.065380154
0.059165797
0.06123725
0.063308702
0.065380154
0.059165797
0.06123725
0.063308702
0.065380154
0.059165797
0.06123725
0.063308702
0.065380154
0.059165797
0.06123725
0.063308702
0.065380154
0.059165797
0.06123725
0.063308702
0.065380154
0.059165797
0.06123725
0.063308702
0.065380154
0.059165797
0.06123725
0.063308702
0.065380154
0.059165797
0.06123725
0.063308702
0.065380154
0.059165797
0.06123725
0.063308702
0.065380154
0.059165797
0.06123725
0.063308702
0.065380154
0.059165797
0.06123725
0.063308702
0.065380154
0.059165797
0.06123725
0.063308702
0.065380154
0.059165797
0.06123725
0.063308702
0.065380154
0.059165797
0.06123725
0.063308702
0.065380154
0.059165797
0.06123725
0.063308702
0.065380154
0.060064185
0.062120236
0.064176287
0.066232339
0.060064185
0.062120236
0.064176287
0.066232339
0.060064185
0.062120236
0.064176287
0.066232339
0.060064185
0.062120236
0.064176287
0.066232339
0.060064185
0.062120236
0.064176287
0.066232339
0.060064185
0.062120236
0.064176287
0.066232339
0.060064185
0.062120236
0.064176287
0.066232339
0.060064185
0.062120236
0.064176287
0.066232339
0.060064185
0.062120236
0.064176287
0.066232339
0.060064185
0.062120236
0.064176287
0.066232339
0.060064185
0.062120236
0.064176287
0.066232339
0.060064185
0.062120236
0.064176287
0.066232339
0.060064185
0.062120236
0.064176287
0.066232339
0.060064185
0.062120236
0.064176287
0.066232339
0.060064185
0.062120236
0.064176287
0.066232339
0.060064185
0.062120236
0.064176287
0.066232339
0.060064185
0.062120236
0.064176287
0.066232339
0.060064185
0.062120236
0.064176287
0.066232339
0.060064185
0.062120236
0.064176287
0.066232339
0.060064185
0.062120236
0.064176287
0.066232339
0.060064185
0.062120236
0.064176287
0.066232339
0.060064185
0.062120236
0.064176287
0.066232339
0.060064185
0.062120236
0.064176287
0.066232339
0.060064185
0.062120236
0.064176287
0.066232339
0.060962572
0.063003222
0.065043873
0.067084523
0.060962572
0.063003222
0.065043873
0.067084523
0.060962572
0.063003222
0.065043873
0.067084523
0.060962572
0.063003222
0.065043873
0.067084523
0.060962572
0.063003222
0.065043873
0.067084523
0.060962572
0.063003222
0.065043873
0.067084523
0.060962572
0.063003222
0.065043873
0.067084523
0.060962572
0.063003222
0.065043873
0.067084523
0.060962572
0.063003222
0.065043873
0.067084523
0.060962572
0.063003222
0.065043873
0.067084523
0.060962572
0.063003222
0.065043873
0.067084523
0.060962572
0.063003222
0.065043873
0.067084523
0.060962572
0.063003222
0.065043873
0.067084523
0.060962572
0.063003222
0.065043873
0.067084523
0.060962572
0.063003222
0.065043873
0.067084523
0.060962572
0.063003222
0.065043873
0.067084523
0.060962572
0.063003222
0.065043873
0.067084523
0.060962572
0.063003222
0.065043873
0.067084523
0.060962572
0.063003222
0.065043873
0.067084523
0.060962572
0.063003222
0.065043873
0.067084523
0.060962572
0.063003222
0.065043873
0.067084523
0.060962572
0.063003222
0.065043873
0.067084523
0.060962572
0.063003222
0.065043873
0.067084523
0.060962572
0.063003222
0.065043873
0.067084523
0.049957455
0.052508957
0.055060459
0.057611962
0.049957455
0.052508957
0.055060459
0.057611962
0.049957455
0.052508957
0.055060459
0.057611962
0.049957455
0.052508957
0.055060459
0.057611962
0.049957455
0.052508957
0.055060459
0.057611962
0.049957455
0.052508957
0.055060459
0.057611962
0.049957455
0.052508957
0.055060459
0.057611962
0.049957455
0.052508957
0.055060459
0.057611962
0.049957455
0.052508957
0.055060459
0.057611962
0.049957455
0.052508957
0.055060459
0.057611962
0.049957455
0.052508957
0.055060459
0.057611962
0.049957455
0.052508957
0.055060459
0.057611962
0.049957455
0.052508957
0.055060459
0.057611962
0.049957455
0.052508957
0.055060459
0.057611962
0.049957455
0.052508957
0.055060459
0.057611962
0.049957455
0.052508957
0.055060459
0.057611962
0.049957455
0.052508957
0.055060459
0.057611962
0.049957455
0.052508957
0.055060459
0.057611962
0.049957455
0.052508957
0.055060459
0.057611962
0.049957455
0.052508957
0.055060459
0.057611962
0.049957455
0.052508957
0.055060459
0.057611962
0.049957455
0.052508957
0.055060459
0.057611962
0.049957455
0.052508957
0.055060459
0.057611962
0.049957455
0.052508957
0.055060459
0.057611962
0.050793736
0.05332883
0.055863924
0.058399017
0.050793736
0.05332883
0.055863924
0.058399017
0.050793736
0.05332883
0.055863924
0.058399017
0.050793736
0.05332883
0.055863924
0.058399017
0.050793736
0.05332883
0.055863924
0.058399017
0.050793736
0.05332883
0.055863924
0.058399017
0.050793736
0.05332883
0.055863924
0.058399017
0.050793736
0.05332883
0.055863924
0.058399017
0.050793736
0.05332883
0.055863924
0.058399017
0.050793736
0.05332883
0.055863924
0.058399017
0.050793736
0.05332883
0.055863924
0.058399017
0.050793736
0.05332883
0.055863924
0.058399017
0.050793736
0.05332883
0.055863924
0.058399017
0.050793736
0.05332883
0.055863924
0.058399017
0.050793736
0.05332883
0.055863924
0.058399017
0.050793736
0.05332883
0.055863924
0.058399017
0.050793736
0.05332883
0.055863924
0.058399017
0.050793736
0.05332883
0.055863924
0.058399017
0.050793736
0.05332883
0.055863924
0.058399017
0.050793736
0.05332883
0.055863924
0.058399017
0.050793736
0.05332883
0.055863924
0.058399017
0.050793736
0.05332883
0.055863924
0.058399017
0.050793736
0.05332883
0.055863924
0.058399017
0.050793736
0.05332883
0.055863924
0.058399017
0.051630016
0.054148702
0.056667388
0.059186073
0.051630016
0.054148702
0.056667388
0.059186073
0.051630016
0.054148702
0.056667388
0.059186073
0.051630016
0.054148702
0.056667388
0.059186073
0.051630016
0.054148702
0.056667388
0.059186073
0.051630016
0.054148702
0.056667388
0.059186073
0.051630016
0.054148702
0.056667388
0.059186073
0.051630016
0.054148702
0.056667388
0.059186073
0.051630016
0.054148702
0.056667388
0.059186073
0.051630016
0.054148702
0.056667388
0.059186073
0.051630016
0.054148702
0.056667388
0.059186073
0.051630016
0.054148702
0.056667388
0.059186073
0.051630016
0.054148702
0.056667388
0.059186073
0.051630016
0.054148702
0.056667388
0.059186073
0.051630016
0.054148702
0.056667388
0.059186073
0.051630016
0.054148702
0.056667388
0.059186073
0.051630016
0.054148702
0.056667388
0.059186073
0.051630016
0.054148702
0.056667388
0.059186073
0.051630016
0.054148702
0.056667388
0.059186073
0.051630016
0.054148702
0.056667388
0.059186073
0.051630016
0.054148702
0.056667388
0.059186073
0.051630016
0.054148702
0.056667388
0.059186073
0.051630016
0.054148702
0.056667388
0.059186073
0.051630016
0.054148702
0.056667388
0.059186073
0.052466297
0.054968575
0.057470852
0.059973129
0.052466297
0.054968575
0.057470852
0.059973129
0.052466297
0.054968575
0.057470852
0.059973129
0.052466297
0.054968575
0.057470852
0.059973129
0.052466297
0.054968575
0.057470852
0.059973129
0.052466297
0.054968575
0.057470852
0.059973129
0.052466297
0.054968575
0.057470852
0.059973129
0.052466297
0.054968575
0.057470852
0.059973129
0.052466297
0.054968575
0.057470852
0.059973129
0.052466297
0.054968575
0.057470852
0.059973129
0.052466297
0.054968575
0.057470852
0.059973129
0.052466297
0.054968575
0.057470852
0.059973129
0.052466297
0.054968575
0.057470852
0.059973129
0.052466297
0.054968575
0.057470852
0.059973129
0.052466297
0.054968575
0.057470852
0.059973129
0.052466297
0.054968575
0.057470852
0.059973129
0.052466297
0.054968575
0.057470852
0.059973129
0.052466297
0.054968575
0.057470852
0.059973129
0.052466297
0.054968575
0.057470852
0.059973129
0.052466297
0.054968575
0.057470852
0.059973129
0.052466297
0.054968575
0.057470852
0.059973129
0.052466297
0.054968575
0.057470852
0.059973129
0.052466297
0.054968575
0.057470852
0.059973129
0.052466297
0.054968575
0.057470852
0.059973129
0.053302578
0.055788447
0.058274316
0.060760185
0.053302578
0.055788447
0.058274316
0.060760185
0.053302578
0.055788447
0.058274316
0.060760185
0.053302578
0.055788447
0.058274316
0.060760185
0.053302578
0.055788447
0.058274316
0.060760185
0.053302578
0.055788447
0.058274316
0.060760185
0.053302578
0.055788447
0.058274316
0.060760185
0.053302578
0.055788447
0.058274316
0.060760185
0.053302578
0.055788447
0.058274316
0.060760185
0.053302578
0.055788447
0.058274316
0.060760185
0.053302578
0.055788447
0.058274316
0.060760185
0.053302578
0.055788447
0.058274316
0.060760185
0.053302578
0.055788447
0.058274316
0.060760185
0.053302578
0.055788447
0.058274316
0.060760185
0.053302578
0.055788447
0.058274316
0.060760185
0.053302578
0.055788447
0.058274316
0.060760185
0.053302578
0.055788447
0.058274316
0.060760185
0.053302578
0.055788447
0.058274316
0.060760185
0.053302578
0.055788447
0.058274316
0.060760185
0.053302578
0.055788447
0.058274316
0.060760185
0.053302578
0.055788447
0.058274316
0.060760185
0.053302578
0.055788447
0.058274316
0.060760185
0.053302578
0.055788447
0.058274316
0.060760185
0.053302578
0.055788447
0.058274316
0.060760185
0.054138858
0.056608319
0.05907778
0.061547241
0.054138858
0.056608319
0.05907778
0.061547241
0.054138858
0.056608319
0.05907778
0.061547241
0.054138858
0.056608319
0.05907778
0.061547241
0.054138858
0.056608319
0.05907778
0.061547241
0.054138858
0.056608319
0.05907778
0.061547241
0.054138858
0.056608319
0.05907778
0.061547241
0.054138858
0.056608319
0.05907778
0.061547241
0.054138858
0.056608319
0.05907778
0.061547241
0.054138858
0.056608319
0.05907778
0.061547241
0.054138858
0.056608319
0.05907778
0.061547241
0.054138858
0.056608319
0.05907778
0.061547241
0.054138858
0.056608319
0.05907778
0.061547241
0.054138858
0.056608319
0.05907778
0.061547241
0.054138858
0.056608319
0.05907778
0.061547241
0.054138858
0.056608319
0.05907778
0.061547241
0.054138858
0.056608319
0.05907778
0.061547241
0.054138858
0.056608319
0.05907778
0.061547241
0.054138858
0.056608319
0.05907778
0.061547241
0.054138858
0.056608319
0.05907778
0.061547241
0.054138858
0.056608319
0.05907778
0.061547241
0.054138858
0.056608319
0.05907778
0.061547241
0.054138858
0.056608319
0.05907778
0.061547241
0.054138858
0.056608319
0.05907778
0.061547241
0.054975139
0.057428192
0.059881244
0.062334297
0.054975139
0.057428192
0.059881244
0.062334297
0.054975139
0.057428192
0.059881244
0.062334297
0.054975139
0.057428192
0.059881244
0.062334297
0.054975139
0.057428192
0.059881244
0.062334297
0.054975139
0.057428192
0.059881244
0.062334297
0.054975139
0.057428192
0.059881244
0.062334297
0.054975139
0.057428192
0.059881244
0.062334297
0.054975139
0.057428192
0.059881244
0.062334297
0.054975139
0.057428192
0.059881244
0.062334297
0.054975139
0.057428192
0.059881244
0.062334297
0.054975139
0.057428192
0.059881244
0.062334297
0.054975139
0.057428192
0.059881244
0.062334297
0.054975139
0.057428192
0.059881244
0.062334297
0.054975139
0.057428192
0.059881244
0.062334297
0.054975139
0.057428192
0.059881244
0.062334297
0.054975139
0.057428192
0.059881244
0.062334297
0.054975139
0.057428192
0.059881244
0.062334297
0.054975139
0.057428192
0.059881244
0.062334297
0.054975139
0.057428192
0.059881244
0.062334297
0.054975139
0.057428192
0.059881244
0.062334297
0.054975139
0.057428192
0.059881244
0.062334297
0.054975139
0.057428192
0.059881244
0.062334297
0.054975139
0.057428192
0.059881244
0.062334297
0.055811419
0.058248064
0.060684708
0.063121353
0.055811419
0.058248064
0.060684708
0.063121353
0.055811419
0.058248064
0.060684708
0.063121353
0.055811419
0.058248064
0.060684708
0.063121353
0.055811419
0.058248064
0.060684708
0.063121353
0.055811419
0.058248064
0.060684708
0.063121353
0.055811419
0.058248064
0.060684708
0.063121353
0.055811419
0.058248064
0.060684708
0.063121353
0.055811419
0.058248064
0.060684708
0.063121353
0.055811419
0.058248064
0.060684708
0.063121353
0.055811419
0.058248064
0.060684708
0.063121353
0.055811419
0.058248064
0.060684708
0.063121353
0.055811419
0.058248064
0.060684708
0.063121353
0.055811419
0.058248064
0.060684708
0.063121353
0.055811419
0.058248064
0.060684708
0.063121353
0.055811419
0.058248064
0.060684708
0.063121353
0.055811419
0.058248064
0.060684708
0.063121353
0.055811419
0.058248064
0.060684708
0.063121353
0.055811419
0.058248064
0.060684708
0.063121353
0.055811419
0.058248064
0.060684708
0.063121353
0.055811419
0.058248064
0.060684708
0.063121353
0.055811419
0.058248064
0.060684708
0.063121353
0.055811419
0.058248064
0.060684708
0.063121353
0.055811419
0.058248064
0.060684708
0.063121353
0.0566477
0.059067936
0.061488172
0.063908409
0.0566477
0.059067936
0.061488172
0.063908409
0.0566477
0.059067936
0.061488172
0.063908409
0.0566477
0.059067936
0.061488172
0.063908409
0.0566477
0.059067936
0.061488172
0.063908409
0.0566477
0.059067936
0.061488172
0.063908409
0.0566477
0.059067936
0.061488172
0.063908409
0.0566477
0.059067936
0.061488172
0.063908409
0.0566477
0.059067936
0.061488172
0.063908409
0.0566477
0.059067936
0.061488172
0.063908409
0.0566477
0.059067936
0.061488172
0.063908409
0.0566477
0.059067936
0.061488172
0.063908409
0.0566477
0.059067936
0.061488172
0.063908409
0.0566477
0.059067936
0.061488172
0.063908409
0.0566477
0.059067936
0.061488172
0.063908409
0.0566477
0.059067936
0.061488172
0.063908409
0.0566477
0.059067936
0.061488172
0.063908409
0.0566477
0.059067936
0.061488172
0.063908409
0.0566477
0.059067936
0.061488172
0.063908409
0.0566477
0.059067936
0.061488172
0.063908409
0.0566477
0.059067936
0.061488172
0.063908409
0.0566477
0.059067936
0.061488172
0.063908409
0.0566477
0.059067936
0.061488172
0.063908409
0.0566477
0.059067936
0.061488172
0.063908409
0.05748398
0.059887808
0.062291636
0.064695464
0.05748398
0.059887808
0.062291636
0.064695464
0.05748398
0.059887808
0.062291636
0.064695464
0.05748398
0.059887808
0.062291636
0.064695464
0.05748398
0.059887808
0.062291636
0.064695464
0.05748398
0.059887808
0.062291636
0.064695464
0.05748398
0.059887808
0.062291636
0.064695464
0.05748398
0.059887808
0.062291636
0.064695464
0.05748398
0.059887808
0.062291636
0.064695464
0.05748398
0.059887808
0.062291636
0.064695464
0.05748398
0.059887808
0.062291636
0.064695464
0.05748398
0.059887808
0.062291636
0.064695464
0.05748398
0.059887808
0.062291636
0.064695464
0.05748398
0.059887808
0.062291636
0.064695464
0.05748398
0.059887808
0.062291636
0.064695464
0.05748398
0.059887808
0.062291636
0.064695464
0.05748398
0.059887808
0.062291636
0.064695464
0.05748398
0.059887808
0.062291636
0.064695464
0.05748398
0.059887808
0.062291636
0.064695464
0.05748398
0.059887808
0.062291636
0.064695464
0.05748398
0.059887808
0.062291636
0.064695464
0.05748398
0.059887808
0.062291636
0.064695464
0.05748398
0.059887808
0.062291636
0.064695464
0.05748398
0.059887808
0.062291636
0.064695464
0.058320261
0.060707681
0.0630951
0.06548252
0.058320261
0.060707681
0.0630951
0.06548252
0.058320261
0.060707681
0.0630951
0.06548252
0.058320261
0.060707681
0.0630951
0.06548252
0.058320261
0.060707681
0.0630951
0.06548252
0.058320261
0.060707681
0.0630951
0.06548252
0.058320261
0.060707681
0.0630951
0.06548252
0.058320261
0.060707681
0.0630951
0.06548252
0.058320261
0.060707681
0.0630951
0.06548252
0.058320261
0.060707681
0.0630951
0.06548252
0.058320261
0.060707681
0.0630951
0.06548252
0.058320261
0.060707681
0.0630951
0.06548252
0.058320261
0.060707681
0.0630951
0.06548252
0.058320261
0.060707681
0.0630951
0.06548252
0.058320261
0.060707681
0.0630951
0.06548252
0.058320261
0.060707681
0.0630951
0.06548252
0.058320261
0.060707681
0.0630951
0.06548252
0.058320261
0.060707681
0.0630951
0.06548252
0.058320261
0.060707681
0.0630951
0.06548252
0.058320261
0.060707681
0.0630951
0.06548252
0.058320261
0.060707681
0.0630951
0.06548252
0.058320261
0.060707681
0.0630951
0.06548252
0.058320261
0.060707681
0.0630951
0.06548252
0.058320261
0.060707681
0.0630951
0.06548252
0.059156541
0.061527553
0.063898564
0.066269576
0.059156541
0.061527553
0.063898564
0.066269576
0.059156541
0.061527553
0.063898564
0.066269576
0.059156541
0.061527553
0.063898564
0.066269576
0.059156541
0.061527553
0.063898564
0.066269576
0.059156541
0.061527553
0.063898564
0.066269576
0.059156541
0.061527553
0.063898564
0.066269576
0.059156541
0.061527553
0.063898564
0.066269576
0.059156541
0.061527553
0.063898564
0.066269576
0.059156541
0.061527553
0.063898564
0.066269576
0.059156541
0.061527553
0.063898564
0.066269576
0.059156541
0.061527553
0.063898564
0.066269576
0.059156541
0.061527553
0.063898564
0.066269576
0.059156541
0.061527553
0.063898564
0.066269576
0.059156541
0.061527553
0.063898564
0.066269576
0.059156541
0.061527553
0.063898564
0.066269576
0.059156541
0.061527553
0.063898564
0.066269576
0.059156541
0.061527553
0.063898564
0.066269576
0.059156541
0.061527553
0.063898564
0.066269576
0.059156541
0.061527553
0.063898564
0.066269576
0.059156541
0.061527553
0.063898564
0.066269576
0.059156541
0.061527553
0.063898564
0.066269576
0.059156541
0.061527553
0.063898564
0.066269576
0.059156541
0.061527553
0.063898564
0.066269576
0.059992822
0.062347425
0.064702028
0.067056631
0.059992822
0.062347425
0.064702028
0.067056631
0.059992822
0.062347425
0.064702028
0.067056631
0.059992822
0.062347425
0.064702028
0.067056631
0.059992822
0.062347425
0.064702028
0.067056631
0.059992822
0.062347425
0.064702028
0.067056631
0.059992822
0.062347425
0.064702028
0.067056631
0.059992822
0.062347425
0.064702028
0.067056631
0.059992822
0.062347425
0.064702028
0.067056631
0.059992822
0.062347425
0.064702028
0.067056631
0.059992822
0.062347425
0.064702028
0.067056631
0.059992822
0.062347425
0.064702028
0.067056631
0.059992822
0.062347425
0.064702028
0.067056631
0.059992822
0.062347425
0.064702028
0.067056631
0.059992822
0.062347425
0.064702028
0.067056631
0.059992822
0.062347425
0.064702028
0.067056631
0.059992822
0.062347425
0.064702028
0.067056631
0.059992822
0.062347425
0.064702028
0.067056631
0.059992822
0.062347425
0.064702028
0.067056631
0.059992822
0.062347425
0.064702028
0.067056631
0.059992822
0.062347425
0.064702028
0.067056631
0.059992822
0.062347425
0.064702028
0.067056631
0.059992822
0.062347425
0.064702028
0.067056631
0.059992822
0.062347425
0.064702028
0.067056631
0.060829102
0.063167297
0.065505492
0.067843687
0.060829102
0.063167297
0.065505492
0.067843687
0.060829102
0.063167297
0.065505492
0.067843687
0.060829102
0.063167297
0.065505492
0.067843687
0.060829102
0.063167297
0.065505492
0.067843687
0.060829102
0.063167297
0.065505492
0.067843687
0.060829102
0.063167297
0.065505492
0.067843687
0.060829102
0.063167297
0.065505492
0.067843687
0.060829102
0.063167297
0.065505492
0.067843687
0.060829102
0.063167297
0.065505492
0.067843687
0.060829102
0.063167297
0.065505492
0.067843687
0.060829102
0.063167297
0.065505492
0.067843687
0.060829102
0.063167297
0.065505492
0.067843687
0.060829102
0.063167297
0.065505492
0.067843687
0.060829102
0.063167297
0.065505492
0.067843687
0.060829102
0.063167297
0.065505492
0.067843687
0.060829102
0.063167297
0.065505492
0.067843687
0.060829102
0.063167297
0.065505492
0.067843687
0.060829102
0.063167297
0.065505492
0.067843687
0.060829102
0.063167297
0.065505492
0.067843687
0.060829102
0.063167297
0.065505492
0.067843687
0.060829102
0.063167297
0.065505492
0.067843687
0.060829102
0.063167297
0.065505492
0.067843687
0.060829102
0.063167297
0.065505492
0.067843687
0.061665382
0.063987169
0.066308956
0.068630742
0.061665382
0.063987169
0.066308956
0.068630742
0.061665382
0.063987169
0.066308956
0.068630742
0.061665382
0.063987169
0.066308956
0.068630742
0.061665382
0.063987169
0.066308956
0.068630742
0.061665382
0.063987169
0.066308956
0.068630742
0.061665382
0.063987169
0.066308956
0.068630742
0.061665382
0.063987169
0.066308956
0.068630742
0.061665382
0.063987169
0.066308956
0.068630742
0.061665382
0.063987169
0.066308956
0.068630742
0.061665382
0.063987169
0.066308956
0.068630742
0.061665382
0.063987169
0.066308956
0.068630742
0.061665382
0.063987169
0.066308956
0.068630742
0.061665382
0.063987169
0.066308956
0.068630742
0.061665382
0.063987169
0.066308956
0.068630742
0.061665382
0.063987169
0.066308956
0.068630742
0.061665382
0.063987169
0.066308956
0.068630742
0.061665382
0.063987169
0.066308956
0.068630742
0.061665382
0.063987169
0.066308956
0.068630742
0.061665382
0.063987169
0.066308956
0.068630742
0.061665382
0.063987169
0.066308956
0.068630742
0.061665382
0.063987169
0.066308956
0.068630742
0.061665382
0.063987169
0.066308956
0.068630742
0.061665382
0.063987169
0.066308956
0.068630742
0.062501662
0.064807041
0.067112419
0.069417798
0.062501662
0.064807041
0.067112419
0.069417798
0.062501662
0.064807041
0.067112419
0.069417798
0.062501662
0.064807041
0.067112419
0.069417798
0.062501662
0.064807041
0.067112419
0.069417798
0.062501662
0.064807041
0.067112419
0.069417798
0.062501662
0.064807041
0.067112419
0.069417798
0.062501662
0.064807041
0.067112419
0.069417798
0.062501662
0.064807041
0.067112419
0.069417798
0.062501662
0.064807041
0.067112419
0.069417798
0.062501662
0.064807041
0.067112419
0.069417798
0.062501662
0.064807041
0.067112419
0.069417798
0.062501662
0.064807041
0.067112419
0.069417798
0.062501662
0.064807041
0.067112419
0.069417798
0.062501662
0.064807041
0.067112419
0.069417798
0.062501662
0.064807041
0.067112419
0.069417798
0.062501662
0.064807041
0.067112419
0.069417798
0.062501662
0.064807041
0.067112419
0.069417798
0.062501662
0.064807041
0.067112419
0.069417798
0.062501662
0.064807041
0.067112419
0.069417798
0.062501662
0.064807041
0.067112419
0.069417798
0.062501662
0.064807041
0.067112419
0.069417798
0.062501662
0.064807041
0.067112419
0.069417798
0.062501662
0.064807041
0.067112419
0.069417798
0.063337942
0.065626913
0.067915883
0.070204853
0.063337942
0.065626913
0.067915883
0.070204853
0.063337942
0.065626913
0.067915883
0.070204853
0.063337942
0.065626913
0.067915883
0.070204853
0.063337942
0.065626913
0.067915883
0.070204853
0.063337942
0.065626913
0.067915883
0.070204853
0.063337942
0.065626913
0.067915883
0.070204853
0.063337942
0.065626913
0.067915883
0.070204853
0.063337942
0.065626913
0.067915883
0.070204853
0.063337942
0.065626913
0.067915883
0.070204853
0.063337942
0.065626913
0.067915883
0.070204853
0.063337942
0.065626913
0.067915883
0.070204853
0.063337942
0.065626913
0.067915883
0.070204853
0.063337942
0.065626913
0.067915883
0.070204853
0.063337942
0.065626913
0.067915883
0.070204853
0.063337942
0.065626913
0.067915883
0.070204853
0.063337942
0.065626913
0.067915883
0.070204853
0.063337942
0.065626913
0.067915883
0.070204853
0.063337942
0.065626913
0.067915883
0.070204853
0.063337942
0.065626913
0.067915883
0.070204853
0.063337942
0.065626913
0.067915883
0.070204853
0.063337942
0.065626913
0.067915883
0.070204853
0.063337942
0.065626913
0.067915883
0.070204853
0.063337942
0.065626913
0.067915883
0.070204853
0.064174223
0.066446785
0.068719347
0.070991909
0.064174223
0.066446785
0.068719347
0.070991909
0.064174223
0.066446785
0.068719347
0.070991909
0.064174223
0.066446785
0.068719347
0.070991909
0.064174223
0.066446785
0.068719347
0.070991909
0.064174223
0.066446785
0.068719347
0.070991909
0.064174223
0.066446785
0.068719347
0.070991909
0.064174223
0.066446785
0.068719347
0.070991909
0.064174223
0.066446785
0.068719347
0.070991909
0.064174223
0.066446785
0.068719347
0.070991909
0.064174223
0.066446785
0.068719347
0.070991909
0.064174223
0.066446785
0.068719347
0.070991909
0.064174223
0.066446785
0.068719347
0.070991909
0.064174223
0.066446785
0.068719347
0.070991909
0.064174223
0.066446785
0.068719347
0.070991909
0.064174223
0.066446785
0.068719347
0.070991909
0.064174223
0.066446785
0.068719347
0.070991909
0.064174223
0.066446785
0.068719347
0.070991909
0.064174223
0.066446785
0.068719347
0.070991909
0.064174223
0.066446785
0.068719347
0.070991909
0.064174223
0.066446785
0.068719347
0.070991909
0.064174223
0.066446785
0.068719347
0.070991909
0.064174223
0.066446785
0.068719347
0.070991909
0.064174223
0.066446785
0.068719347
0.070991909
0.065010503
0.067266656
0.06952281
0.071778964
0.065010503
0.067266656
0.06952281
0.071778964
0.065010503
0.067266656
0.06952281
0.071778964
0.065010503
0.067266656
0.06952281
0.071778964
0.065010503
0.067266656
0.06952281
0.071778964
0.065010503
0.067266656
0.06952281
0.071778964
0.065010503
0.067266656
0.06952281
0.071778964
0.065010503
0.067266656
0.06952281
0.071778964
0.065010503
0.067266656
0.06952281
0.071778964
0.065010503
0.067266656
0.06952281
0.071778964
0.065010503
0.067266656
0.06952281
0.071778964
0.065010503
0.067266656
0.06952281
0.071778964
0.065010503
0.067266656
0.06952281
0.071778964
0.065010503
0.067266656
0.06952281
0.071778964
0.065010503
0.067266656
0.06952281
0.071778964
0.065010503
0.067266656
0.06952281
0.071778964
0.065010503
0.067266656
0.06952281
0.071778964
0.065010503
0.067266656
0.06952281
0.071778964
0.065010503
0.067266656
0.06952281
0.071778964
0.065010503
0.067266656
0.06952281
0.071778964
0.065010503
0.067266656
0.06952281
0.071778964
0.065010503
0.067266656
0.06952281
0.071778964
0.065010503
0.067266656
0.06952281
0.071778964
0.065010503
0.067266656
0.06952281
0.071778964
0.065846783
0.068086528
0.070326274
0.072566019
0.065846783
0.068086528
0.070326274
0.072566019
0.065846783
0.068086528
0.070326274
0.072566019
0.065846783
0.068086528
0.070326274
0.072566019
0.065846783
0.068086528
0.070326274
0.072566019
0.065846783
0.068086528
0.070326274
0.072566019
0.065846783
0.068086528
0.070326274
0.072566019
0.065846783
0.068086528
0.070326274
0.072566019
0.065846783
0.068086528
0.070326274
0.072566019
0.065846783
0.068086528
0.070326274
0.072566019
0.065846783
0.068086528
0.070326274
0.072566019
0.065846783
0.068086528
0.070326274
0.072566019
0.065846783
0.068086528
0.070326274
0.072566019
0.065846783
0.068086528
0.070326274
0.072566019
0.065846783
0.068086528
0.070326274
0.072566019
0.065846783
0.068086528
0.070326274
0.072566019
0.065846783
0.068086528
0.070326274
0.072566019
0.065846783
0.068086528
0.070326274
0.072566019
0.065846783
0.068086528
0.070326274
0.072566019
0.065846783
0.068086528
0.070326274
0.072566019
0.065846783
0.068086528
0.070326274
0.072566019
0.065846783
0.068086528
0.070326274
0.072566019
0.065846783
0.068086528
0.070326274
0.072566019
0.065846783
0.068086528
0.070326274
0.072566019
0.066683063
0.0689064
0.071129737
0.073353074
0.066683063
0.0689064
0.071129737
0.073353074
0.066683063
0.0689064
0.071129737
0.073353074
0.066683063
0.0689064
0.071129737
0.073353074
0.066683063
0.0689064
0.071129737
0.073353074
0.066683063
0.0689064
0.071129737
0.073353074
0.066683063
0.0689064
0.071129737
0.073353074
0.066683063
0.0689064
0.071129737
0.073353074
0.066683063
0.0689064
0.071129737
0.073353074
0.066683063
0.0689064
0.071129737
0.073353074
0.066683063
0.0689064
0.071129737
0.073353074
0.066683063
0.0689064
0.071129737
0.073353074
0.066683063
0.0689064
0.071129737
0.073353074
0.066683063
0.0689064
0.071129737
0.073353074
0.066683063
0.0689064
0.071129737
0.073353074
0.066683063
0.0689064
0.071129737
0.073353074
0.066683063
0.0689064
0.071129737
0.073353074
0.066683063
0.0689064
0.071129737
0.073353074
0.066683063
0.0689064
0.071129737
0.073353074
0.066683063
0.0689064
0.071129737
0.073353074
0.066683063
0.0689064
0.071129737
0.073353074
0.066683063
0.0689064
0.071129737
0.073353074
0.066683063
0.0689064
0.071129737
0.073353074
0.066683063
0.0689064
0.071129737
0.073353074
0.067519343
0.069726272
0.071933201
0.07414013
0.067519343
0.069726272
0.071933201
0.07414013
0.067519343
0.069726272
0.071933201
0.07414013
0.067519343
0.069726272
0.071933201
0.07414013
0.067519343
0.069726272
0.071933201
0.07414013
0.067519343
0.069726272
0.071933201
0.07414013
0.067519343
0.069726272
0.071933201
0.07414013
0.067519343
0.069726272
0.071933201
0.07414013
0.067519343
0.069726272
0.071933201
0.07414013
0.067519343
0.069726272
0.071933201
0.07414013
0.067519343
0.069726272
0.071933201
0.07414013
0.067519343
0.069726272
0.071933201
0.07414013
0.067519343
0.069726272
0.071933201
0.07414013
0.067519343
0.069726272
0.071933201
0.07414013
0.067519343
0.069726272
0.071933201
0.07414013
0.067519343
0.069726272
0.071933201
0.07414013
0.067519343
0.069726272
0.071933201
0.07414013
0.067519343
0.069726272
0.071933201
0.07414013
0.067519343
0.069726272
0.071933201
0.07414013
0.067519343
0.069726272
0.071933201
0.07414013
0.067519343
0.069726272
0.071933201
0.07414013
0.067519343
0.069726272
0.071933201
0.07414013
0.067519343
0.069726272
0.071933201
0.07414013
0.067519343
0.069726272
0.071933201
0.07414013
0.068355622
0.070546143
0.072736664
0.074927185
0.068355622
0.070546143
0.072736664
0.074927185
0.068355622
0.070546143
0.072736664
0.074927185
0.068355622
0.070546143
0.072736664
0.074927185
0.068355622
0.070546143
0.072736664
0.074927185
0.068355622
0.070546143
0.072736664
0.074927185
0.068355622
0.070546143
0.072736664
0.074927185
0.068355622
0.070546143
0.072736664
0.074927185
0.068355622
0.070546143
0.072736664
0.074927185
0.068355622
0.070546143
0.072736664
0.074927185
0.068355622
0.070546143
0.072736664
0.074927185
0.068355622
0.070546143
0.072736664
0.074927185
0.068355622
0.070546143
0.072736664
0.074927185
0.068355622
0.070546143
0.072736664
0.074927185
0.068355622
0.070546143
0.072736664
0.074927185
0.068355622
0.070546143
0.072736664
0.074927185
0.068355622
0.070546143
0.072736664
0.074927185
0.068355622
0.070546143
0.072736664
0.074927185
0.068355622
0.070546143
0.072736664
0.074927185
0.068355622
0.070546143
0.072736664
0.074927185
0.068355622
0.070546143
0.072736664
0.074927185
0.068355622
0.070546143
0.072736664
0.074927185
0.068355622
0.070546143
0.072736664
0.074927185
0.068355622
0.070546143
0.072736664
0.074927185
0.069191902
0.071366015
0.073540127
0.07571424
0.069191902
0.071366015
0.073540127
0.07571424
0.069191902
0.071366015
0.073540127
0.07571424
0.069191902
0.071366015
0.073540127
0.07571424
0.069191902
0.071366015
0.073540127
0.07571424
0.069191902
0.071366015
0.073540127
0.07571424
0.069191902
0.071366015
0.073540127
0.07571424
0.069191902
0.071366015
0.073540127
0.07571424
0.069191902
0.071366015
0.073540127
0.07571424
0.069191902
0.071366015
0.073540127
0.07571424
0.069191902
0.071366015
0.073540127
0.07571424
0.069191902
0.071366015
0.073540127
0.07571424
0.069191902
0.071366015
0.073540127
0.07571424
0.069191902
0.071366015
0.073540127
0.07571424
0.069191902
0.071366015
0.073540127
0.07571424
0.069191902
0.071366015
0.073540127
0.07571424
0.069191902
0.071366015
0.073540127
0.07571424
0.069191902
0.071366015
0.073540127
0.07571424
0.069191902
0.071366015
0.073540127
0.07571424
0.069191902
0.071366015
0.073540127
0.07571424
0.069191902
0.071366015
0.073540127
0.07571424
0.069191902
0.071366015
0.073540127
0.07571424
0.069191902
0.071366015
0.073540127
0.07571424
0.069191902
0.071366015
0.073540127
0.07571424
0.060235689
0.062931647
0.065627605
0.068323563
0.060235689
0.062931647
0.065627605
0.068323563
0.060235689
0.062931647
0.065627605
0.068323563
0.060235689
0.062931647
0.065627605
0.068323563
0.060235689
0.062931647
0.065627605
0.068323563
0.060235689
0.062931647
0.065627605
0.068323563
0.060235689
0.062931647
0.065627605
0.068323563
0.060235689
0.062931647
0.065627605
0.068323563
0.060235689
0.062931647
0.065627605
0.068323563
0.060235689
0.062931647
0.065627605
0.068323563
0.060235689
0.062931647
0.065627605
0.068323563
0.060235689
0.062931647
0.065627605
0.068323563
0.060235689
0.062931647
0.065627605
0.068323563
0.060235689
0.062931647
0.065627605
0.068323563
0.060235689
0.062931647
0.065627605
0.068323563
0.060235689
0.062931647
0.065627605
0.068323563
0.060235689
0.062931647
0.065627605
0.068323563
0.060235689
0.062931647
0.065627605
0.068323563
0.060235689
0.062931647
0.065627605
0.068323563
0.060235689
0.062931647
0.065627605
0.068323563
0.060235689
0.062931647
0.065627605
0.068323563
0.060235689
0.062931647
0.065627605
0.068323563
0.060235689
0.062931647
0.065627605
0.068323563
0.060235689
0.062931647
0.065627605
0.068323563
0.061005872
0.063684493
0.066363114
0.069041734
0.061005872
0.063684493
0.066363114
0.069041734
0.061005872
0.063684493
0.066363114
0.069041734
0.061005872
0.063684493
0.066363114
0.069041734
0.061005872
0.063684493
0.066363114
0.069041734
0.061005872
0.063684493
0.066363114
0.069041734
0.061005872
0.063684493
0.066363114
0.069041734
0.061005872
0.063684493
0.066363114
0.069041734
0.061005872
0.063684493
0.066363114
0.069041734
0.061005872
0.063684493
0.066363114
0.069041734
0.061005872
0.063684493
0.066363114
0.069041734
0.061005872
0.063684493
0.066363114
0.069041734
0.061005872
0.063684493
0.066363114
0.069041734
0.061005872
0.063684493
0.066363114
0.069041734
0.061005872
0.063684493
0.066363114
0.069041734
0.061005872
0.063684493
0.066363114
0.069041734
0.061005872
0.063684493
0.066363114
0.069041734
0.061005872
0.063684493
0.066363114
0.069041734
0.061005872
0.063684493
0.066363114
0.069041734
0.061005872
0.063684493
0.066363114
0.069041734
0.061005872
0.063684493
0.066363114
0.069041734
0.061005872
0.063684493
0.066363114
0.069041734
0.061005872
0.063684493
0.066363114
0.069041734
0.061005872
0.063684493
0.066363114
0.069041734
0.061776055
0.064437339
0.067098622
0.069759906
0.061776055
0.064437339
0.067098622
0.069759906
0.061776055
0.064437339
0.067098622
0.069759906
0.061776055
0.064437339
0.067098622
0.069759906
0.061776055
0.064437339
0.067098622
0.069759906
0.061776055
0.064437339
0.067098622
0.069759906
0.061776055
0.064437339
0.067098622
0.069759906
0.061776055
0.064437339
0.067098622
0.069759906
0.061776055
0.064437339
0.067098622
0.069759906
0.061776055
0.064437339
0.067098622
0.069759906
0.061776055
0.064437339
0.067098622
0.069759906
0.061776055
0.064437339
0.067098622
0.069759906
0.061776055
0.064437339
0.067098622
0.069759906
0.061776055
0.064437339
0.067098622
0.069759906
0.061776055
0.064437339
0.067098622
0.069759906
0.061776055
0.064437339
0.067098622
0.069759906
0.061776055
0.064437339
0.067098622
0.069759906
0.061776055
0.064437339
0.067098622
0.069759906
0.061776055
0.064437339
0.067098622
0.069759906
0.061776055
0.064437339
0.067098622
0.069759906
0.061776055
0.064437339
0.067098622
0.069759906
0.061776055
0.064437339
0.067098622
0.069759906
0.061776055
0.064437339
0.067098622
0.069759906
0.061776055
0.064437339
0.067098622
0.069759906
0.062546239
0.065190185
0.067834131
0.070478077
0.062546239
0.065190185
0.067834131
0.070478077
0.062546239
0.065190185
0.067834131
0.070478077
0.062546239
0.065190185
0.067834131
0.070478077
0.062546239
0.065190185
0.067834131
0.070478077
0.062546239
0.065190185
0.067834131
0.070478077
0.062546239
0.065190185
0.067834131
0.070478077
0.062546239
0.065190185
0.067834131
0.070478077
0.062546239
0.065190185
0.067834131
0.070478077
0.062546239
0.065190185
0.067834131
0.070478077
0.062546239
0.065190185
0.067834131
0.070478077
0.062546239
0.065190185
0.067834131
0.070478077
0.062546239
0.065190185
0.067834131
0.070478077
0.062546239
0.065190185
0.067834131
0.070478077
0.062546239
0.065190185
0.067834131
0.070478077
0.062546239
0.065190185
0.067834131
0.070478077
0.062546239
0.065190185
0.067834131
0.070478077
0.062546239
0.065190185
0.067834131
0.070478077
0.062546239
0.065190185
0.067834131
0.070478077
0.062546239
0.065190185
0.067834131
0.070478077
0.062546239
0.065190185
0.067834131
0.070478077
0.062546239
0.065190185
0.067834131
0.070478077
0.062546239
0.065190185
0.067834131
0.070478077
0.062546239
0.065190185
0.067834131
0.070478077
0.063316422
0.065943031
0.06856964
0.071196249
0.063316422
0.065943031
0.06856964
0.071196249
0.063316422
0.065943031
0.06856964
0.071196249
0.063316422
0.065943031
0.06856964
0.071196249
0.063316422
0.065943031
0.06856964
0.071196249
0.063316422
0.065943031
0.06856964
0.071196249
0.063316422
0.065943031
0.06856964
0.071196249
0.063316422
0.065943031
0.06856964
0.071196249
0.063316422
0.065943031
0.06856964
0.071196249
0.063316422
0.065943031
0.06856964
0.071196249
0.063316422
0.065943031
0.06856964
0.071196249
0.063316422
0.065943031
0.06856964
0.071196249
0.063316422
0.065943031
0.06856964
0.071196249
0.063316422
0.065943031
0.06856964
0.071196249
0.063316422
0.065943031
0.06856964
0.071196249
0.063316422
0.065943031
0.06856964
0.071196249
0.063316422
0.065943031
0.06856964
0.071196249
0.063316422
0.065943031
0.06856964
0.071196249
0.063316422
0.065943031
0.06856964
0.071196249
0.063316422
0.065943031
0.06856964
0.071196249
0.063316422
0.065943031
0.06856964
0.071196249
0.063316422
0.065943031
0.06856964
0.071196249
0.063316422
0.065943031
0.06856964
0.071196249
0.063316422
0.065943031
0.06856964
0.071196249
0.064086605
0.066695877
0.069305148
0.07191442
0.064086605
0.066695877
0.069305148
0.07191442
0.064086605
0.066695877
0.069305148
0.07191442
0.064086605
0.066695877
0.069305148
0.07191442
0.064086605
0.066695877
0.069305148
0.07191442
0.064086605
0.066695877
0.069305148
0.07191442
0.064086605
0.066695877
0.069305148
0.07191442
0.064086605
0.066695877
0.069305148
0.07191442
0.064086605
0.066695877
0.069305148
0.07191442
0.064086605
0.066695877
0.069305148
0.07191442
0.064086605
0.066695877
0.069305148
0.07191442
0.064086605
0.066695877
0.069305148
0.07191442
0.064086605
0.066695877
0.069305148
0.07191442
0.064086605
0.066695877
0.069305148
0.07191442
0.064086605
0.066695877
0.069305148
0.07191442
0.064086605
0.066695877
0.069305148
0.07191442
0.064086605
0.066695877
0.069305148
0.07191442
0.064086605
0.066695877
0.069305148
0.07191442
0.064086605
0.066695877
0.069305148
0.07191442
0.064086605
0.066695877
0.069305148
0.07191442
0.064086605
0.066695877
0.069305148
0.07191442
0.064086605
0.066695877
0.069305148
0.07191442
0.064086605
0.066695877
0.069305148
0.07191442
0.064086605
0.066695877
0.069305148
0.07191442
0.064856788
0.067448722
0.070040657
0.072632592
0.064856788
0.067448722
0.070040657
0.072632592
0.064856788
0.067448722
0.070040657
0.072632592
0.064856788
0.067448722
0.070040657
0.072632592
0.064856788
0.067448722
0.070040657
0.072632592
0.064856788
0.067448722
0.070040657
0.072632592
0.064856788
0.067448722
0.070040657
0.072632592
0.064856788
0.067448722
0.070040657
0.072632592
0.064856788
0.067448722
0.070040657
0.072632592
0.064856788
0.067448722
0.070040657
0.072632592
0.064856788
0.067448722
0.070040657
0.072632592
0.064856788
0.067448722
0.070040657
0.072632592
0.064856788
0.067448722
0.070040657
0.072632592
0.064856788
0.067448722
0.070040657
0.072632592
0.064856788
0.067448722
0.070040657
0.072632592
0.064856788
0.067448722
0.070040657
0.072632592
0.064856788
0.067448722
0.070040657
0.072632592
0.064856788
0.067448722
0.070040657
0.072632592
0.064856788
0.067448722
0.070040657
0.072632592
0.064856788
0.067448722
0.070040657
0.072632592
0.064856788
0.067448722
0.070040657
0.072632592
0.064856788
0.067448722
0.070040657
0.072632592
0.064856788
0.067448722
0.070040657
0.072632592
0.064856788
0.067448722
0.070040657
0.072632592
0.065626971
0.068201568
0.070776166
0.073350763
0.065626971
0.068201568
0.070776166
0.073350763
0.065626971
0.068201568
0.070776166
0.073350763
0.065626971
0.068201568
0.070776166
0.073350763
0.065626971
0.068201568
0.070776166
0.073350763
0.065626971
0.068201568
0.070776166
0.073350763
0.065626971
0.068201568
0.070776166
0.073350763
0.065626971
0.068201568
0.070776166
0.073350763
0.065626971
0.068201568
0.070776166
0.073350763
0.065626971
0.068201568
0.070776166
0.073350763
0.065626971
0.068201568
0.070776166
0.073350763
0.065626971
0.068201568
0.070776166
0.073350763
0.065626971
0.068201568
0.070776166
0.073350763
0.065626971
0.068201568
0.070776166
0.073350763
0.065626971
0.068201568
0.070776166
0.073350763
0.065626971
0.068201568
0.070776166
0.073350763
0.065626971
0.068201568
0.070776166
0.073350763
0.065626971
0.068201568
0.070776166
0.073350763
0.065626971
0.068201568
0.070776166
0.073350763
0.065626971
0.068201568
0.070776166
0.073350763
0.065626971
0.068201568
0.070776166
0.073350763
0.065626971
0.068201568
0.070776166
0.073350763
0.065626971
0.068201568
0.070776166
0.073350763
0.065626971
0.068201568
0.070776166
0.073350763
0.066397154
0.068954414
0.071511674
0.074068934
0.066397154
0.068954414
0.071511674
0.074068934
0.066397154
0.068954414
0.071511674
0.074068934
0.066397154
0.068954414
0.071511674
0.074068934
0.066397154
0.068954414
0.071511674
0.074068934
0.066397154
0.068954414
0.071511674
0.074068934
0.066397154
0.068954414
0.071511674
0.074068934
0.066397154
0.068954414
0.071511674
0.074068934
0.066397154
0.068954414
0.071511674
0.074068934
0.066397154
0.068954414
0.071511674
0.074068934
0.066397154
0.068954414
0.071511674
0.074068934
0.066397154
0.068954414
0.071511674
0.074068934
0.066397154
0.068954414
0.071511674
0.074068934
0.066397154
0.068954414
0.071511674
0.074068934
0.066397154
0.068954414
0.071511674
0.074068934
0.066397154
0.068954414
0.071511674
0.074068934
0.066397154
0.068954414
0.071511674
0.074068934
0.066397154
0.068954414
0.071511674
0.074068934
0.066397154
0.068954414
0.071511674
0.074068934
0.066397154
0.068954414
0.071511674
0.074068934
0.066397154
0.068954414
0.071511674
0.074068934
0.066397154
0.068954414
0.071511674
0.074068934
0.066397154
0.068954414
0.071511674
0.074068934
0.066397154
0.068954414
0.071511674
0.074068934
0.067167337
0.06970726
0.072247183
0.074787106
0.067167337
0.06970726
0.072247183
0.074787106
0.067167337
0.06970726
0.072247183
0.074787106
0.067167337
0.06970726
0.072247183
0.074787106
0.067167337
0.06970726
0.072247183
0.074787106
0.067167337
0.06970726
0.072247183
0.074787106
0.067167337
0.06970726
0.072247183
0.074787106
0.067167337
0.06970726
0.072247183
0.074787106
0.067167337
0.06970726
0.072247183
0.074787106
0.067167337
0.06970726
0.072247183
0.074787106
0.067167337
0.06970726
0.072247183
0.074787106
0.067167337
0.06970726
0.072247183
0.074787106
0.067167337
0.06970726
0.072247183
0.074787106
0.067167337
0.06970726
0.072247183
0.074787106
0.067167337
0.06970726
0.072247183
0.074787106
0.067167337
0.06970726
0.072247183
0.074787106
0.067167337
0.06970726
0.072247183
0.074787106
0.067167337
0.06970726
0.072247183
0.074787106
0.067167337
0.06970726
0.072247183
0.074787106
0.067167337
0.06970726
0.072247183
0.074787106
0.067167337
0.06970726
0.072247183
0.074787106
0.067167337
0.06970726
0.072247183
0.074787106
0.067167337
0.06970726
0.072247183
0.074787106
0.067167337
0.06970726
0.072247183
0.074787106
0.06793752
0.070460106
0.072982691
0.075505277
0.06793752
0.070460106
0.072982691
0.075505277
0.06793752
0.070460106
0.072982691
0.075505277
0.06793752
0.070460106
0.072982691
0.075505277
0.06793752
0.070460106
0.072982691
0.075505277
0.06793752
0.070460106
0.072982691
0.075505277
0.06793752
0.070460106
0.072982691
0.075505277
0.06793752
0.070460106
0.072982691
0.075505277
0.06793752
0.070460106
0.072982691
0.075505277
0.06793752
0.070460106
0.072982691
0.075505277
0.06793752
0.070460106
0.072982691
0.075505277
0.06793752
0.070460106
0.072982691
0.075505277
0.06793752
0.070460106
0.072982691
0.075505277
0.06793752
0.070460106
0.072982691
0.075505277
0.06793752
0.070460106
0.072982691
0.075505277
0.06793752
0.070460106
0.072982691
0.075505277
0.06793752
0.070460106
0.072982691
0.075505277
0.06793752
0.070460106
0.072982691
0.075505277
0.06793752
0.070460106
0.072982691
0.075505277
0.06793752
0.070460106
0.072982691
0.075505277
0.06793752
0.070460106
0.072982691
0.075505277
0.06793752
0.070460106
0.072982691
0.075505277
0.06793752
0.070460106
0.072982691
0.075505277
0.06793752
0.070460106
0.072982691
0.075505277
0.068707703
0.071212951
0.0737182
0.076223448
0.068707703
0.071212951
0.0737182
0.076223448
0.068707703
0.071212951
0.0737182
0.076223448
0.068707703
0.071212951
0.0737182
0.076223448
0.068707703
0.071212951
0.0737182
0.076223448
0.068707703
0.071212951
0.0737182
0.076223448
0.068707703
0.071212951
0.0737182
0.076223448
0.068707703
0.071212951
0.0737182
0.076223448
0.068707703
0.071212951
0.0737182
0.076223448
0.068707703
0.071212951
0.0737182
0.076223448
0.068707703
0.071212951
0.0737182
0.076223448
0.068707703
0.071212951
0.0737182
0.076223448
0.068707703
0.071212951
0.0737182
0.076223448
0.068707703
0.071212951
0.0737182
0.076223448
0.068707703
0.071212951
0.0737182
0.076223448
0.068707703
0.071212951
0.0737182
0.076223448
0.068707703
0.071212951
0.0737182
0.076223448
0.068707703
0.071212951
0.0737182
0.076223448
0.068707703
0.071212951
0.0737182
0.076223448
0.068707703
0.071212951
0.0737182
0.076223448
0.068707703
0.071212951
0.0737182
0.076223448
0.068707703
0.071212951
0.0737182
0.076223448
0.068707703
0.071212951
0.0737182
0.076223448
0.068707703
0.071212951
0.0737182
0.076223448
0.069477885
0.071965797
0.074453708
0.076941619
0.069477885
0.071965797
0.074453708
0.076941619
0.069477885
0.071965797
0.074453708
0.076941619
0.069477885
0.071965797
0.074453708
0.076941619
0.069477885
0.071965797
0.074453708
0.076941619
0.069477885
0.071965797
0.074453708
0.076941619
0.069477885
0.071965797
0.074453708
0.076941619
0.069477885
0.071965797
0.074453708
0.076941619
0.069477885
0.071965797
0.074453708
0.076941619
0.069477885
0.071965797
0.074453708
0.076941619
0.069477885
0.071965797
0.074453708
0.076941619
0.069477885
0.071965797
0.074453708
0.076941619
0.069477885
0.071965797
0.074453708
0.076941619
0.069477885
0.071965797
0.074453708
0.076941619
0.069477885
0.071965797
0.074453708
0.076941619
0.069477885
0.071965797
0.074453708
0.076941619
0.069477885
0.071965797
0.074453708
0.076941619
0.069477885
0.071965797
0.074453708
0.076941619
0.069477885
0.071965797
0.074453708
0.076941619
0.069477885
0.071965797
0.074453708
0.076941619
0.069477885
0.071965797
0.074453708
0.076941619
0.069477885
0.071965797
0.074453708
0.076941619
0.069477885
0.071965797
0.074453708
0.076941619
0.069477885
0.071965797
0.074453708
0.076941619
0.070248068
0.072718642
0.075189216
0.077659791
0.070248068
0.072718642
0.075189216
0.077659791
0.070248068
0.072718642
0.075189216
0.077659791
0.070248068
0.072718642
0.075189216
0.077659791
0.070248068
0.072718642
0.075189216
0.077659791
0.070248068
0.072718642
0.075189216
0.077659791
0.070248068
0.072718642
0.075189216
0.077659791
0.070248068
0.072718642
0.075189216
0.077659791
0.070248068
0.072718642
0.075189216
0.077659791
0.070248068
0.072718642
0.075189216
0.077659791
0.070248068
0.072718642
0.075189216
0.077659791
0.070248068
0.072718642
0.075189216
0.077659791
0.070248068
0.072718642
0.075189216
0.077659791
0.070248068
0.072718642
0.075189216
0.077659791
0.070248068
0.072718642
0.075189216
0.077659791
0.070248068
0.072718642
0.075189216
0.077659791
0.070248068
0.072718642
0.075189216
0.077659791
0.070248068
0.072718642
0.075189216
0.077659791
0.070248068
0.072718642
0.075189216
0.077659791
0.070248068
0.072718642
0.075189216
0.077659791
0.070248068
0.072718642
0.075189216
0.077659791
0.070248068
0.072718642
0.075189216
0.077659791
0.070248068
0.072718642
0.075189216
0.077659791
0.070248068
0.072718642
0.075189216
0.077659791
0.071018251
0.073471488
0.075924725
0.078377962
0.071018251
0.073471488
0.075924725
0.078377962
0.071018251
0.073471488
0.075924725
0.078377962
0.071018251
0.073471488
0.075924725
0.078377962
0.071018251
0.073471488
0.075924725
0.078377962
0.071018251
0.073471488
0.075924725
0.078377962
0.071018251
0.073471488
0.075924725
0.078377962
0.071018251
0.073471488
0.075924725
0.078377962
0.071018251
0.073471488
0.075924725
0.078377962
0.071018251
0.073471488
0.075924725
0.078377962
0.071018251
0.073471488
0.075924725
0.078377962
0.071018251
0.073471488
0.075924725
0.078377962
0.071018251
0.073471488
0.075924725
0.078377962
0.071018251
0.073471488
0.075924725
0.078377962
0.071018251
0.073471488
0.075924725
0.078377962
0.071018251
0.073471488
0.075924725
0.078377962
0.071018251
0.073471488
0.075924725
0.078377962
0.071018251
0.073471488
0.075924725
0.078377962
0.071018251
0.073471488
0.075924725
0.078377962
0.071018251
0.073471488
0.075924725
0.078377962
0.071018251
0.073471488
0.075924725
0.078377962
0.071018251
0.073471488
0.075924725
0.078377962
0.071018251
0.073471488
0.075924725
0.078377962
0.071018251
0.073471488
0.075924725
0.078377962
0.071788434
0.074224333
0.076660233
0.079096133
0.071788434
0.074224333
0.076660233
0.079096133
0.071788434
0.074224333
0.076660233
0.079096133
0.071788434
0.074224333
0.076660233
0.079096133
0.071788434
0.074224333
0.076660233
0.079096133
0.071788434
0.074224333
0.076660233
0.079096133
0.071788434
0.074224333
0.076660233
0.079096133
0.071788434
0.074224333
0.076660233
0.079096133
0.071788434
0.074224333
0.076660233
0.079096133
0.071788434
0.074224333
0.076660233
0.079096133
0.071788434
0.074224333
0.076660233
0.079096133
0.071788434
0.074224333
0.076660233
0.079096133
0.071788434
0.074224333
0.076660233
0.079096133
0.071788434
0.074224333
0.076660233
0.079096133
0.071788434
0.074224333
0.076660233
0.079096133
0.071788434
0.074224333
0.076660233
0.079096133
0.071788434
0.074224333
0.076660233
0.079096133
0.071788434
0.074224333
0.076660233
0.079096133
0.071788434
0.074224333
0.076660233
0.079096133
0.071788434
0.074224333
0.076660233
0.079096133
0.071788434
0.074224333
0.076660233
0.079096133
0.071788434
0.074224333
0.076660233
0.079096133
0.071788434
0.074224333
0.076660233
0.079096133
0.071788434
0.074224333
0.076660233
0.079096133
0.072558616
0.074977179
0.077395741
0.079814304
0.072558616
0.074977179
0.077395741
0.079814304
0.072558616
0.074977179
0.077395741
0.079814304
0.072558616
0.074977179
0.077395741
0.079814304
0.072558616
0.074977179
0.077395741
0.079814304
0.072558616
0.074977179
0.077395741
0.079814304
0.072558616
0.074977179
0.077395741
0.079814304
0.072558616
0.074977179
0.077395741
0.079814304
0.072558616
0.074977179
0.077395741
0.079814304
0.072558616
0.074977179
0.077395741
0.079814304
0.072558616
0.074977179
0.077395741
0.079814304
0.072558616
0.074977179
0.077395741
0.079814304
0.072558616
0.074977179
0.077395741
0.079814304
0.072558616
0.074977179
0.077395741
0.079814304
0.072558616
0.074977179
0.077395741
0.079814304
0.072558616
0.074977179
0.077395741
0.079814304
0.072558616
0.074977179
0.077395741
0.079814304
0.072558616
0.074977179
0.077395741
0.079814304
0.072558616
0.074977179
0.077395741
0.079814304
0.072558616
0.074977179
0.077395741
0.079814304
0.072558616
0.074977179
0.077395741
0.079814304
0.072558616
0.074977179
0.077395741
0.079814304
0.072558616
0.074977179
0.077395741
0.079814304
0.072558616
0.074977179
0.077395741
0.079814304
0.073328799
0.075730024
0.07813125
0.080532475
0.073328799
0.075730024
0.07813125
0.080532475
0.073328799
0.075730024
0.07813125
0.080532475
0.073328799
0.075730024
0.07813125
0.080532475
0.073328799
0.075730024
0.07813125
0.080532475
0.073328799
0.075730024
0.07813125
0.080532475
0.073328799
0.075730024
0.07813125
0.080532475
0.073328799
0.075730024
0.07813125
0.080532475
0.073328799
0.075730024
0.07813125
0.080532475
0.073328799
0.075730024
0.07813125
0.080532475
0.073328799
0.075730024
0.07813125
0.080532475
0.073328799
0.075730024
0.07813125
0.080532475
0.073328799
0.075730024
0.07813125
0.080532475
0.073328799
0.075730024
0.07813125
0.080532475
0.073328799
0.075730024
0.07813125
0.080532475
0.073328799
0.075730024
0.07813125
0.080532475
0.073328799
0.075730024
0.07813125
0.080532475
0.073328799
0.075730024
0.07813125
0.080532475
0.073328799
0.075730024
0.07813125
0.080532475
0.073328799
0.075730024
0.07813125
0.080532475
0.073328799
0.075730024
0.07813125
0.080532475
0.073328799
0.075730024
0.07813125
0.080532475
0.073328799
0.075730024
0.07813125
0.080532475
0.073328799
0.075730024
0.07813125
0.080532475
0.074098982
0.07648287
0.078866758
0.081250646
0.074098982
0.07648287
0.078866758
0.081250646
0.074098982
0.07648287
0.078866758
0.081250646
0.074098982
0.07648287
0.078866758
0.081250646
0.074098982
0.07648287
0.078866758
0.081250646
0.074098982
0.07648287
0.078866758
0.081250646
0.074098982
0.07648287
0.078866758
0.081250646
0.074098982
0.07648287
0.078866758
0.081250646
0.074098982
0.07648287
0.078866758
0.081250646
0.074098982
0.07648287
0.078866758
0.081250646
0.074098982
0.07648287
0.078866758
0.081250646
0.074098982
0.07648287
0.078866758
0.081250646
0.074098982
0.07648287
0.078866758
0.081250646
0.074098982
0.07648287
0.078866758
0.081250646
0.074098982
0.07648287
0.078866758
0.081250646
0.074098982
0.07648287
0.078866758
0.081250646
0.074098982
0.07648287
0.078866758
0.081250646
0.074098982
0.07648287
0.078866758
0.081250646
0.074098982
0.07648287
0.078866758
0.081250646
0.074098982
0.07648287
0.078866758
0.081250646
0.074098982
0.07648287
0.078866758
0.081250646
0.074098982
0.07648287
0.078866758
0.081250646
0.074098982
0.07648287
0.078866758
0.081250646
0.074098982
0.07648287
0.078866758
0.081250646
0.074869164
0.077235715
0.079602266
0.081968817
0.074869164
0.077235715
0.079602266
0.081968817
0.074869164
0.077235715
0.079602266
0.081968817
0.074869164
0.077235715
0.079602266
0.081968817
0.074869164
0.077235715
0.079602266
0.081968817
0.074869164
0.077235715
0.079602266
0.081968817
0.074869164
0.077235715
0.079602266
0.081968817
0.074869164
0.077235715
0.079602266
0.081968817
0.074869164
0.077235715
0.079602266
0.081968817
0.074869164
0.077235715
0.079602266
0.081968817
0.074869164
0.077235715
0.079602266
0.081968817
0.074869164
0.077235715
0.079602266
0.081968817
0.074869164
0.077235715
0.079602266
0.081968817
0.074869164
0.077235715
0.079602266
0.081968817
0.074869164
0.077235715
0.079602266
0.081968817
0.074869164
0.077235715
0.079602266
0.081968817
0.074869164
0.077235715
0.079602266
0.081968817
0.074869164
0.077235715
0.079602266
0.081968817
0.074869164
0.077235715
0.079602266
0.081968817
0.074869164
0.077235715
0.079602266
0.081968817
0.074869164
0.077235715
0.079602266
0.081968817
0.074869164
0.077235715
0.079602266
0.081968817
0.074869164
0.077235715
0.079602266
0.081968817
0.074869164
0.077235715
0.079602266
0.081968817
0.075639347
0.07798856
0.080337774
0.082686987
0.075639347
0.07798856
0.080337774
0.082686987
0.075639347
0.07798856
0.080337774
0.082686987
0.075639347
0.07798856
0.080337774
0.082686987
0.075639347
0.07798856
0.080337774
0.082686987
0.075639347
0.07798856
0.080337774
0.082686987
0.075639347
0.07798856
0.080337774
0.082686987
0.075639347
0.07798856
0.080337774
0.082686987
0.075639347
0.07798856
0.080337774
0.082686987
0.075639347
0.07798856
0.080337774
0.082686987
0.075639347
0.07798856
0.080337774
0.082686987
0.075639347
0.07798856
0.080337774
0.082686987
0.075639347
0.07798856
0.080337774
0.082686987
0.075639347
0.07798856
0.080337774
0.082686987
0.075639347
0.07798856
0.080337774
0.082686987
0.075639347
0.07798856
0.080337774
0.082686987
0.075639347
0.07798856
0.080337774
0.082686987
0.075639347
0.07798856
0.080337774
0.082686987
0.075639347
0.07798856
0.080337774
0.082686987
0.075639347
0.07798856
0.080337774
0.082686987
0.075639347
0.07798856
0.080337774
0.082686987
0.075639347
0.07798856
0.080337774
0.082686987
0.075639347
0.07798856
0.080337774
0.082686987
0.075639347
0.07798856
0.080337774
0.082686987
0.076409529
0.078741405
0.081073282
0.083405158
0.076409529
0.078741405
0.081073282
0.083405158
0.076409529
0.078741405
0.081073282
0.083405158
0.076409529
0.078741405
0.081073282
0.083405158
0.076409529
0.078741405
0.081073282
0.083405158
0.076409529
0.078741405
0.081073282
0.083405158
0.076409529
0.078741405
0.081073282
0.083405158
0.076409529
0.078741405
0.081073282
0.083405158
0.076409529
0.078741405
0.081073282
0.083405158
0.076409529
0.078741405
0.081073282
0.083405158
0.076409529
0.078741405
0.081073282
0.083405158
0.076409529
0.078741405
0.081073282
0.083405158
0.076409529
0.078741405
0.081073282
0.083405158
0.076409529
0.078741405
0.081073282
0.083405158
0.076409529
0.078741405
0.081073282
0.083405158
0.076409529
0.078741405
0.081073282
0.083405158
0.076409529
0.078741405
0.081073282
0.083405158
0.076409529
0.078741405
0.081073282
0.083405158
0.076409529
0.078741405
0.081073282
0.083405158
0.076409529
0.078741405
0.081073282
0.083405158
0.076409529
0.078741405
0.081073282
0.083405158
0.076409529
0.078741405
0.081073282
0.083405158
0.076409529
0.078741405
0.081073282
0.083405158
0.076409529
0.078741405
0.081073282
0.083405158
0.077179711
0.079494251
0.08180879
0.084123329
0.077179711
0.079494251
0.08180879
0.084123329
0.077179711
0.079494251
0.08180879
0.084123329
0.077179711
0.079494251
0.08180879
0.084123329
0.077179711
0.079494251
0.08180879
0.084123329
0.077179711
0.079494251
0.08180879
0.084123329
0.077179711
0.079494251
0.08180879
0.084123329
0.077179711
0.079494251
0.08180879
0.084123329
0.077179711
0.079494251
0.08180879
0.084123329
0.077179711
0.079494251
0.08180879
0.084123329
0.077179711
0.079494251
0.08180879
0.084123329
0.077179711
0.079494251
0.08180879
0.084123329
0.077179711
0.079494251
0.08180879
0.084123329
0.077179711
0.079494251
0.08180879
0.084123329
0.077179711
0.079494251
0.08180879
0.084123329
0.077179711
0.079494251
0.08180879
0.084123329
0.077179711
0.079494251
0.08180879
0.084123329
0.077179711
0.079494251
0.08180879
0.084123329
0.077179711
0.079494251
0.08180879
0.084123329
0.077179711
0.079494251
0.08180879
0.084123329
0.077179711
0.079494251
0.08180879
0.084123329
0.077179711
0.079494251
0.08180879
0.084123329
0.077179711
0.079494251
0.08180879
0.084123329
0.077179711
0.079494251
0.08180879
0.084123329
0.077949894
0.080247096
0.082544298
0.0848415
0.077949894
0.080247096
0.082544298
0.0848415
0.077949894
0.080247096
0.082544298
0.0848415
0.077949894
0.080247096
0.082544298
0.0848415
0.077949894
0.080247096
0.082544298
0.0848415
0.077949894
0.080247096
0.082544298
0.0848415
0.077949894
0.080247096
0.082544298
0.0848415
0.077949894
0.080247096
0.082544298
0.0848415
0.077949894
0.080247096
0.082544298
0.0848415
0.077949894
0.080247096
0.082544298
0.0848415
0.077949894
0.080247096
0.082544298
0.0848415
0.077949894
0.080247096
0.082544298
0.0848415
0.077949894
0.080247096
0.082544298
0.0848415
0.077949894
0.080247096
0.082544298
0.0848415
0.077949894
0.080247096
0.082544298
0.0848415
0.077949894
0.080247096
0.082544298
0.0848415
0.077949894
0.080247096
0.082544298
0.0848415
0.077949894
0.080247096
0.082544298
0.0848415
0.077949894
0.080247096
0.082544298
0.0848415
0.077949894
0.080247096
0.082544298
0.0848415
0.077949894
0.080247096
0.082544298
0.0848415
0.077949894
0.080247096
0.082544298
0.0848415
0.077949894
0.080247096
0.082544298
0.0848415
0.077949894
0.080247096
0.082544298
0.0848415
0.071085315
0.073912866
0.076740417
0.079567969
0.071085315
0.073912866
0.076740417
0.079567969
0.071085315
0.073912866
0.076740417
0.079567969
0.071085315
0.073912866
0.076740417
0.079567969
0.071085315
0.073912866
0.076740417
0.079567969
0.071085315
0.073912866
0.076740417
0.079567969
0.071085315
0.073912866
0.076740417
0.079567969
0.071085315
0.073912866
0.076740417
0.079567969
0.071085315
0.073912866
0.076740417
0.079567969
0.071085315
0.073912866
0.076740417
0.079567969
0.071085315
0.073912866
0.076740417
0.079567969
0.071085315
0.073912866
0.076740417
0.079567969
0.071085315
0.073912866
0.076740417
0.079567969
0.071085315
0.073912866
0.076740417
0.079567969
0.071085315
0.073912866
0.076740417
0.079567969
0.071085315
0.073912866
0.076740417
0.079567969
0.071085315
0.073912866
0.076740417
0.079567969
0.071085315
0.073912866
0.076740417
0.079567969
0.071085315
0.073912866
0.076740417
0.079567969
0.071085315
0.073912866
0.076740417
0.079567969
0.071085315
0.073912866
0.076740417
0.079567969
0.071085315
0.073912866
0.076740417
0.079567969
0.071085315
0.073912866
0.076740417
0.079567969
0.071085315
0.073912866
0.076740417
0.079567969
0.071785726
0.074595094
0.077404462
0.08021383
0.071785726
0.074595094
0.077404462
0.08021383
0.071785726
0.074595094
0.077404462
0.08021383
0.071785726
0.074595094
0.077404462
0.08021383
0.071785726
0.074595094
0.077404462
0.08021383
0.071785726
0.074595094
0.077404462
0.08021383
0.071785726
0.074595094
0.077404462
0.08021383
0.071785726
0.074595094
0.077404462
0.08021383
0.071785726
0.074595094
0.077404462
0.08021383
0.071785726
0.074595094
0.077404462
0.08021383
0.071785726
0.074595094
0.077404462
0.08021383
0.071785726
0.074595094
0.077404462
0.08021383
0.071785726
0.074595094
0.077404462
0.08021383
0.071785726
0.074595094
0.077404462
0.08021383
0.071785726
0.074595094
0.077404462
0.08021383
0.071785726
0.074595094
0.077404462
0.08021383
0.071785726
0.074595094
0.077404462
0.08021383
0.071785726
0.074595094
0.077404462
0.08021383
0.071785726
0.074595094
0.077404462
0.08021383
0.071785726
0.074595094
0.077404462
0.08021383
0.071785726
0.074595094
0.077404462
0.08021383
0.071785726
0.074595094
0.077404462
0.08021383
0.071785726
0.074595094
0.077404462
0.08021383
0.071785726
0.074595094
0.077404462
0.08021383
0.072486137
0.075277322
0.078068506
0.08085969
0.072486137
0.075277322
0.078068506
0.08085969
0.072486137
0.075277322
0.078068506
0.08085969
0.072486137
0.075277322
0.078068506
0.08085969
0.072486137
0.075277322
0.078068506
0.08085969
0.072486137
0.075277322
0.078068506
0.08085969
0.072486137
0.075277322
0.078068506
0.08085969
0.072486137
0.075277322
0.078068506
0.08085969
0.072486137
0.075277322
0.078068506
0.08085969
0.072486137
0.075277322
0.078068506
0.08085969
0.072486137
0.075277322
0.078068506
0.08085969
0.072486137
0.075277322
0.078068506
0.08085969
0.072486137
0.075277322
0.078068506
0.08085969
0.072486137
0.075277322
0.078068506
0.08085969
0.072486137
0.075277322
0.078068506
0.08085969
0.072486137
0.075277322
0.078068506
0.08085969
0.072486137
0.075277322
0.078068506
0.08085969
0.072486137
0.075277322
0.078068506
0.08085969
0.072486137
0.075277322
0.078068506
0.08085969
0.072486137
0.075277322
0.078068506
0.08085969
0.072486137
0.075277322
0.078068506
0.08085969
0.072486137
0.075277322
0.078068506
0.08085969
0.072486137
0.075277322
0.078068506
0.08085969
0.072486137
0.075277322
0.078068506
0.08085969
0.073186548
0.075959549
0.07873255
0.081505551
0.073186548
0.075959549
0.07873255
0.081505551
0.073186548
0.075959549
0.07873255
0.081505551
0.073186548
0.075959549
0.07873255
0.081505551
0.073186548
0.075959549
0.07873255
0.081505551
0.073186548
0.075959549
0.07873255
0.081505551
0.073186548
0.075959549
0.07873255
0.081505551
0.073186548
0.075959549
0.07873255
0.081505551
0.073186548
0.075959549
0.07873255
0.081505551
0.073186548
0.075959549
0.07873255
0.081505551
0.073186548
0.075959549
0.07873255
0.081505551
0.073186548
0.075959549
0.07873255
0.081505551
0.073186548
0.075959549
0.07873255
0.081505551
0.073186548
0.075959549
0.07873255
0.081505551
0.073186548
0.075959549
0.07873255
0.081505551
0.073186548
0.075959549
0.07873255
0.081505551
0.073186548
0.075959549
0.07873255
0.081505551
0.073186548
0.075959549
0.07873255
0.081505551
0.073186548
0.075959549
0.07873255
0.081505551
0.073186548
0.075959549
0.07873255
0.081505551
0.073186548
0.075959549
0.07873255
0.081505551
0.073186548
0.075959549
0.07873255
0.081505551
0.073186548
0.075959549
0.07873255
0.081505551
0.073186548
0.075959549
0.07873255
0.081505551
0.073886959
0.076641777
0.079396594
0.082151412
0.073886959
0.076641777
0.079396594
0.082151412
0.073886959
0.076641777
0.079396594
0.082151412
0.073886959
0.076641777
0.079396594
0.082151412
0.073886959
0.076641777
0.079396594
0.082151412
0.073886959
0.076641777
0.079396594
0.082151412
0.073886959
0.076641777
0.079396594
0.082151412
0.073886959
0.076641777
0.079396594
0.082151412
0.073886959
0.076641777
0.079396594
0.082151412
0.073886959
0.076641777
0.079396594
0.082151412
0.073886959
0.076641777
0.079396594
0.082151412
0.073886959
0.076641777
0.079396594
0.082151412
0.073886959
0.076641777
0.079396594
0.082151412
0.073886959
0.076641777
0.079396594
0.082151412
0.073886959
0.076641777
0.079396594
0.082151412
0.073886959
0.076641777
0.079396594
0.082151412
0.073886959
0.076641777
0.079396594
0.082151412
0.073886959
0.076641777
0.079396594
0.082151412
0.073886959
0.076641777
0.079396594
0.082151412
0.073886959
0.076641777
0.079396594
0.082151412
0.073886959
0.076641777
0.079396594
0.082151412
0.073886959
0.076641777
0.079396594
0.082151412
0.073886959
0.076641777
0.079396594
0.082151412
0.073886959
0.076641777
0.079396594
0.082151412
0.07458737
0.077324004
0.080060638
0.082797272
0.07458737
0.077324004
0.080060638
0.082797272
0.07458737
0.077324004
0.080060638
0.082797272
0.07458737
0.077324004
0.080060638
0.082797272
0.07458737
0.077324004
0.080060638
0.082797272
0.07458737
0.077324004
0.080060638
0.082797272
0.07458737
0.077324004
0.080060638
0.082797272
0.07458737
0.077324004
0.080060638
0.082797272
0.07458737
0.077324004
0.080060638
0.082797272
0.07458737
0.077324004
0.080060638
0.082797272
0.07458737
0.077324004
0.080060638
0.082797272
0.07458737
0.077324004
0.080060638
0.082797272
0.07458737
0.077324004
0.080060638
0.082797272
0.07458737
0.077324004
0.080060638
0.082797272
0.07458737
0.077324004
0.080060638
0.082797272
0.07458737
0.077324004
0.080060638
0.082797272
0.07458737
0.077324004
0.080060638
0.082797272
0.07458737
0.077324004
0.080060638
0.082797272
0.07458737
0.077324004
0.080060638
0.082797272
0.07458737
0.077324004
0.080060638
0.082797272
0.07458737
0.077324004
0.080060638
0.082797272
0.07458737
0.077324004
0.080060638
0.082797272
0.07458737
0.077324004
0.080060638
0.082797272
0.07458737
0.077324004
0.080060638
0.082797272
0.075287782
0.078006232
0.080724682
0.083443133
0.075287782
0.078006232
0.080724682
0.083443133
0.075287781
0.078006232
0.080724682
0.083443133
0.075287782
0.078006232
0.080724682
0.083443133
0.075287782
0.078006232
0.080724682
0.083443133
0.075287782
0.078006232
0.080724682
0.083443133
0.075287782
0.078006232
0.080724682
0.083443133
0.075287782
0.078006232
0.080724682
0.083443133
0.075287782
0.078006232
0.080724682
0.083443133
0.075287782
0.078006232
0.080724682
0.083443133
0.075287782
0.078006232
0.080724682
0.083443133
0.075287781
0.078006232
0.080724682
0.083443133
0.075287781
0.078006232
0.080724682
0.083443133
0.075287782
0.078006232
0.080724682
0.083443133
0.075287782
0.078006232
0.080724682
0.083443133
0.075287782
0.078006232
0.080724682
0.083443133
0.075287782
0.078006232
0.080724682
0.083443133
0.075287782
0.078006232
0.080724682
0.083443133
0.075287782
0.078006232
0.080724682
0.083443133
0.075287782
0.078006232
0.080724682
0.083443133
0.075287782
0.078006232
0.080724682
0.083443133
0.075287782
0.078006232
0.080724682
0.083443133
0.075287782
0.078006232
0.080724682
0.083443133
0.075287782
0.078006232
0.080724682
0.083443133
0.075988192
0.078688459
0.081388726
0.084088993
0.075988192
0.078688459
0.081388726
0.084088993
0.075988192
0.078688459
0.081388726
0.084088993
0.075988192
0.078688459
0.081388726
0.084088993
0.075988192
0.078688459
0.081388726
0.084088993
0.075988192
0.078688459
0.081388726
0.084088993
0.075988192
0.078688459
0.081388726
0.084088993
0.075988192
0.078688459
0.081388726
0.084088993
0.075988192
0.078688459
0.081388726
0.084088993
0.075988192
0.078688459
0.081388726
0.084088993
0.075988192
0.078688459
0.081388726
0.084088993
0.075988192
0.078688459
0.081388726
0.084088993
0.075988192
0.078688459
0.081388726
0.084088993
0.075988192
0.078688459
0.081388726
0.084088993
0.075988192
0.078688459
0.081388726
0.084088993
0.075988192
0.078688459
0.081388726
0.084088993
0.075988192
0.078688459
0.081388726
0.084088993
0.075988192
0.078688459
0.081388726
0.084088993
0.075988192
0.078688459
0.081388726
0.084088993
0.075988192
0.078688459
0.081388726
0.084088993
0.075988192
0.078688459
0.081388726
0.084088993
0.075988192
0.078688459
0.081388726
0.084088993
0.075988192
0.078688459
0.081388726
0.084088993
0.075988192
0.078688459
0.081388726
0.084088993
0.076688603
0.079370687
0.08205277
0.084734854
0.076688603
0.079370687
0.08205277
0.084734854
0.076688603
0.079370687
0.08205277
0.084734854
0.076688603
0.079370687
0.08205277
0.084734854
0.076688603
0.079370687
0.08205277
0.084734854
0.076688603
0.079370687
0.08205277
0.084734854
0.076688603
0.079370687
0.08205277
0.084734854
0.076688603
0.079370687
0.08205277
0.084734854
0.076688603
0.079370687
0.08205277
0.084734854
0.076688603
0.079370687
0.08205277
0.084734854
0.076688603
0.079370687
0.08205277
0.084734854
0.076688603
0.079370687
0.08205277
0.084734854
0.076688603
0.079370687
0.08205277
0.084734854
0.076688603
0.079370687
0.08205277
0.084734854
0.076688603
0.079370687
0.08205277
0.084734854
0.076688603
0.079370687
0.08205277
0.084734854
0.076688603
0.079370687
0.08205277
0.084734854
0.076688603
0.079370687
0.08205277
0.084734854
0.076688603
0.079370687
0.08205277
0.084734854
0.076688603
0.079370687
0.08205277
0.084734854
0.076688603
0.079370687
0.08205277
0.084734854
0.076688603
0.079370687
0.08205277
0.084734854
0.076688603
0.079370687
0.08205277
0.084734854
0.076688603
0.079370687
0.08205277
0.084734854
0.077389014
0.080052914
0.082716814
0.085380714
0.077389014
0.080052914
0.082716814
0.085380714
0.077389014
0.080052914
0.082716814
0.085380714
0.077389014
0.080052914
0.082716814
0.085380714
0.077389014
0.080052914
0.082716814
0.085380714
0.077389014
0.080052914
0.082716814
0.085380714
0.077389014
0.080052914
0.082716814
0.085380714
0.077389014
0.080052914
0.082716814
0.085380714
0.077389014
0.080052914
0.082716814
0.085380714
0.077389014
0.080052914
0.082716814
0.085380714
0.077389014
0.080052914
0.082716814
0.085380714
0.077389014
0.080052914
0.082716814
0.085380714
0.077389014
0.080052914
0.082716814
0.085380714
0.077389014
0.080052914
0.082716814
0.085380714
0.077389014
0.080052914
0.082716814
0.085380714
0.077389014
0.080052914
0.082716814
0.085380714
0.077389014
0.080052914
0.082716814
0.085380714
0.077389014
0.080052914
0.082716814
0.085380714
0.077389014
0.080052914
0.082716814
0.085380714
0.077389014
0.080052914
0.082716814
0.085380714
0.077389014
0.080052914
0.082716814
0.085380714
0.077389014
0.080052914
0.082716814
0.085380714
0.077389014
0.080052914
0.082716814
0.085380714
0.077389014
0.080052914
0.082716814
0.085380714
0.078089425
0.080735142
0.083380858
0.086026575
0.078089425
0.080735142
0.083380858
0.086026575
0.078089425
0.080735142
0.083380858
0.086026575
0.078089425
0.080735142
0.083380858
0.086026575
0.078089425
0.080735142
0.083380858
0.086026575
0.078089425
0.080735142
0.083380858
0.086026575
0.078089425
0.080735142
0.083380858
0.086026575
0.078089425
0.080735142
0.083380858
0.086026575
0.078089425
0.080735142
0.083380858
0.086026575
0.078089425
0.080735142
0.083380858
0.086026575
0.078089425
0.080735142
0.083380858
0.086026575
0.078089425
0.080735142
0.083380858
0.086026575
0.078089425
0.080735142
0.083380858
0.086026575
0.078089425
0.080735142
0.083380858
0.086026575
0.078089425
0.080735142
0.083380858
0.086026575
0.078089425
0.080735142
0.083380858
0.086026575
0.078089425
0.080735142
0.083380858
0.086026575
0.078089425
0.080735142
0.083380858
0.086026575
0.078089425
0.080735142
0.083380858
0.086026575
0.078089425
0.080735142
0.083380858
0.086026575
0.078089425
0.080735142
0.083380858
0.086026575
0.078089425
0.080735142
0.083380858
0.086026575
0.078089425
0.080735142
0.083380858
0.086026575
0.078089425
0.080735142
0.083380858
0.086026575
0.078789836
0.081417369
0.084044902
0.086672435
0.078789836
0.081417369
0.084044902
0.086672435
0.078789836
0.081417369
0.084044902
0.086672435
0.078789836
0.081417369
0.084044902
0.086672435
0.078789836
0.081417369
0.084044902
0.086672435
0.078789836
0.081417369
0.084044902
0.086672435
0.078789836
0.081417369
0.084044902
0.086672435
0.078789836
0.081417369
0.084044902
0.086672435
0.078789836
0.081417369
0.084044902
0.086672435
0.078789836
0.081417369
0.084044902
0.086672435
0.078789836
0.081417369
0.084044902
0.086672435
0.078789836
0.081417369
0.084044902
0.086672435
0.078789836
0.081417369
0.084044902
0.086672435
0.078789836
0.081417369
0.084044902
0.086672435
0.078789836
0.081417369
0.084044902
0.086672435
0.078789836
0.081417369
0.084044902
0.086672435
0.078789836
0.081417369
0.084044902
0.086672435
0.078789836
0.081417369
0.084044902
0.086672435
0.078789836
0.081417369
0.084044902
0.086672435
0.078789836
0.081417369
0.084044902
0.086672435
0.078789836
0.081417369
0.084044902
0.086672435
0.078789836
0.081417369
0.084044902
0.086672435
0.078789836
0.081417369
0.084044902
0.086672435
0.078789836
0.081417369
0.084044902
0.086672435
0.079490247
0.082099597
0.084708946
0.087318296
0.079490247
0.082099597
0.084708946
0.087318296
0.079490247
0.082099597
0.084708946
0.087318296
0.079490247
0.082099597
0.084708946
0.087318296
0.079490247
0.082099597
0.084708946
0.087318296
0.079490247
0.082099597
0.084708946
0.087318296
0.079490247
0.082099597
0.084708946
0.087318296
0.079490247
0.082099597
0.084708946
0.087318296
0.079490247
0.082099597
0.084708946
0.087318296
0.079490247
0.082099597
0.084708946
0.087318296
0.079490247
0.082099597
0.084708946
0.087318296
0.079490247
0.082099597
0.084708946
0.087318296
0.079490247
0.082099597
0.084708946
0.087318296
0.079490247
0.082099597
0.084708946
0.087318296
0.079490247
0.082099597
0.084708946
0.087318296
0.079490247
0.082099597
0.084708946
0.087318296
0.079490247
0.082099597
0.084708946
0.087318296
0.079490247
0.082099597
0.084708946
0.087318296
0.079490247
0.082099597
0.084708946
0.087318296
0.079490247
0.082099597
0.084708946
0.087318296
0.079490247
0.082099597
0.084708946
0.087318296
0.079490247
0.082099597
0.084708946
0.087318296
0.079490247
0.082099597
0.084708946
0.087318296
0.079490247
0.082099597
0.084708946
0.087318296
0.080190658
0.082781824
0.08537299
0.087964156
0.080190658
0.082781824
0.08537299
0.087964156
0.080190658
0.082781824
0.08537299
0.087964156
0.080190658
0.082781824
0.08537299
0.087964156
0.080190658
0.082781824
0.08537299
0.087964156
0.080190658
0.082781824
0.08537299
0.087964156
0.080190658
0.082781824
0.08537299
0.087964156
0.080190658
0.082781824
0.08537299
0.087964156
0.080190658
0.082781824
0.08537299
0.087964156
0.080190658
0.082781824
0.08537299
0.087964156
0.080190658
0.082781824
0.08537299
0.087964156
0.080190658
0.082781824
0.08537299
0.087964156
0.080190658
0.082781824
0.08537299
0.087964156
0.080190658
0.082781824
0.08537299
0.087964156
0.080190658
0.082781824
0.08537299
0.087964156
0.080190658
0.082781824
0.08537299
0.087964156
0.080190658
0.082781824
0.08537299
0.087964156
0.080190658
0.082781824
0.08537299
0.087964156
0.080190658
0.082781824
0.08537299
0.087964156
0.080190658
0.082781824
0.08537299
0.087964156
0.080190658
0.082781824
0.08537299
0.087964156
0.080190658
0.082781824
0.08537299
0.087964156
0.080190658
0.082781824
0.08537299
0.087964156
0.080190658
0.082781824
0.08537299
0.087964156
0.080891068
0.083464051
0.086037034
0.088610016
0.080891068
0.083464051
0.086037034
0.088610016
0.080891068
0.083464051
0.086037034
0.088610016
0.080891068
0.083464051
0.086037034
0.088610016
0.080891068
0.083464051
0.086037034
0.088610016
0.080891068
0.083464051
0.086037034
0.088610016
0.080891068
0.083464051
0.086037034
0.088610016
0.080891068
0.083464051
0.086037034
0.088610016
0.080891068
0.083464051
0.086037034
0.088610016
0.080891068
0.083464051
0.086037034
0.088610016
0.080891068
0.083464051
0.086037034
0.088610016
0.080891068
0.083464051
0.086037034
0.088610016
0.080891068
0.083464051
0.086037034
0.088610016
0.080891068
0.083464051
0.086037034
0.088610016
0.080891068
0.083464051
0.086037034
0.088610016
0.080891068
0.083464051
0.086037034
0.088610016
0.080891068
0.083464051
0.086037034
0.088610016
0.080891068
0.083464051
0.086037034
0.088610016
0.080891068
0.083464051
0.086037034
0.088610016
0.080891068
0.083464051
0.086037034
0.088610016
0.080891068
0.083464051
0.086037034
0.088610016
0.080891068
0.083464051
0.086037034
0.088610016
0.080891068
0.083464051
0.086037034
0.088610016
0.080891068
0.083464051
0.086037034
0.088610016
0.081591479
0.084146278
0.086701078
0.089255877
0.081591479
0.084146278
0.086701078
0.089255877
0.081591479
0.084146278
0.086701078
0.089255877
0.081591479
0.084146278
0.086701078
0.089255877
0.081591479
0.084146278
0.086701078
0.089255877
0.081591479
0.084146278
0.086701078
0.089255877
0.081591479
0.084146278
0.086701078
0.089255877
0.081591479
0.084146278
0.086701078
0.089255877
0.081591479
0.084146278
0.086701078
0.089255877
0.081591479
0.084146278
0.086701078
0.089255877
0.081591479
0.084146278
0.086701078
0.089255877
0.081591479
0.084146278
0.086701078
0.089255877
0.081591479
0.084146278
0.086701078
0.089255877
0.081591479
0.084146278
0.086701078
0.089255877
0.081591479
0.084146278
0.086701078
0.089255877
0.081591479
0.084146278
0.086701078
0.089255877
0.081591479
0.084146278
0.086701078
0.089255877
0.081591479
0.084146278
0.086701078
0.089255877
0.081591479
0.084146278
0.086701078
0.089255877
0.081591479
0.084146278
0.086701078
0.089255877
0.081591479
0.084146278
0.086701078
0.089255877
0.081591479
0.084146278
0.086701078
0.089255877
0.081591479
0.084146278
0.086701078
0.089255877
0.081591479
0.084146278
0.086701078
0.089255877
0.08229189
0.084828506
0.087365121
0.089901737
0.08229189
0.084828506
0.087365121
0.089901737
0.08229189
0.084828506
0.087365121
0.089901737
0.08229189
0.084828506
0.087365121
0.089901737
0.08229189
0.084828506
0.087365121
0.089901737
0.08229189
0.084828506
0.087365121
0.089901737
0.08229189
0.084828506
0.087365121
0.089901737
0.08229189
0.084828506
0.087365121
0.089901737
0.08229189
0.084828506
0.087365121
0.089901737
0.08229189
0.084828506
0.087365121
0.089901737
0.08229189
0.084828506
0.087365121
0.089901737
0.08229189
0.084828506
0.087365121
0.089901737
0.08229189
0.084828506
0.087365121
0.089901737
0.08229189
0.084828506
0.087365121
0.089901737
0.08229189
0.084828506
0.087365121
0.089901737
0.08229189
0.084828506
0.087365121
0.089901737
0.08229189
0.084828506
0.087365121
0.089901737
0.08229189
0.084828506
0.087365121
0.089901737
0.08229189
0.084828506
0.087365121
0.089901737
0.08229189
0.084828506
0.087365121
0.089901737
0.08229189
0.084828506
0.087365121
0.089901737
0.08229189
0.084828506
0.087365121
0.089901737
0.08229189
0.084828506
0.087365121
0.089901737
0.08229189
0.084828506
0.087365121
0.089901737
0.0829923
0.085510733
0.088029165
0.090547597
0.0829923
0.085510733
0.088029165
0.090547597
0.0829923
0.085510733
0.088029165
0.090547597
0.0829923
0.085510733
0.088029165
0.090547597
0.0829923
0.085510733
0.088029165
0.090547597
0.0829923
0.085510733
0.088029165
0.090547597
0.0829923
0.085510733
0.088029165
0.090547597
0.0829923
0.085510733
0.088029165
0.090547597
0.0829923
0.085510733
0.088029165
0.090547597
0.0829923
0.085510733
0.088029165
0.090547597
0.0829923
0.085510733
0.088029165
0.090547597
0.0829923
0.085510733
0.088029165
0.090547597
0.0829923
0.085510733
0.088029165
0.090547597
0.0829923
0.085510733
0.088029165
0.090547597
0.0829923
0.085510733
0.088029165
0.090547597
0.0829923
0.085510733
0.088029165
0.090547597
0.0829923
0.085510733
0.088029165
0.090547597
0.0829923
0.085510733
0.088029165
0.090547597
0.0829923
0.085510733
0.088029165
0.090547597
0.0829923
0.085510733
0.088029165
0.090547597
0.0829923
0.085510733
0.088029165
0.090547597
0.0829923
0.085510733
0.088029165
0.090547597
0.0829923
0.085510733
0.088029165
0.090547597
0.0829923
0.085510733
0.088029165
0.090547597
0.083692711
0.08619296
0.088693209
0.091193457
0.083692711
0.08619296
0.088693209
0.091193457
0.083692711
0.08619296
0.088693209
0.091193457
0.083692711
0.08619296
0.088693209
0.091193457
0.083692711
0.08619296
0.088693209
0.091193457
0.083692711
0.08619296
0.088693209
0.091193457
0.083692711
0.08619296
0.088693209
0.091193457
0.083692711
0.08619296
0.088693209
0.091193457
0.083692711
0.08619296
0.088693209
0.091193457
0.083692711
0.08619296
0.088693209
0.091193457
0.083692711
0.08619296
0.088693209
0.091193457
0.083692711
0.08619296
0.088693209
0.091193457
0.083692711
0.08619296
0.088693209
0.091193457
0.083692711
0.08619296
0.088693209
0.091193457
0.083692711
0.08619296
0.088693209
0.091193457
0.083692711
0.08619296
0.088693209
0.091193457
0.083692711
0.08619296
0.088693209
0.091193457
0.083692711
0.08619296
0.088693209
0.091193457
0.083692711
0.08619296
0.088693209
0.091193457
0.083692711
0.08619296
0.088693209
0.091193457
0.083692711
0.08619296
0.088693209
0.091193457
0.083692711
0.08619296
0.088693209
0.091193457
0.083692711
0.08619296
0.088693209
0.091193457
0.083692711
0.08619296
0.088693209
0.091193457
0.084393122
0.086875187
0.089357252
0.091839318
0.084393122
0.086875187
0.089357252
0.091839318
0.084393122
0.086875187
0.089357252
0.091839318
0.084393122
0.086875187
0.089357252
0.091839318
0.084393122
0.086875187
0.089357252
0.091839318
0.084393122
0.086875187
0.089357252
0.091839318
0.084393122
0.086875187
0.089357252
0.091839318
0.084393122
0.086875187
0.089357252
0.091839318
0.084393122
0.086875187
0.089357252
0.091839318
0.084393122
0.086875187
0.089357252
0.091839318
0.084393122
0.086875187
0.089357252
0.091839318
0.084393122
0.086875187
0.089357252
0.091839318
0.084393122
0.086875187
0.089357252
0.091839318
0.084393122
0.086875187
0.089357252
0.091839318
0.084393122
0.086875187
0.089357252
0.091839318
0.084393122
0.086875187
0.089357252
0.091839318
0.084393122
0.086875187
0.089357252
0.091839318
0.084393122
0.086875187
0.089357252
0.091839318
0.084393122
0.086875187
0.089357252
0.091839318
0.084393122
0.086875187
0.089357252
0.091839318
0.084393122
0.086875187
0.089357252
0.091839318
0.084393122
0.086875187
0.089357252
0.091839318
0.084393122
0.086875187
0.089357252
0.091839318
0.084393122
0.086875187
0.089357252
0.091839318
0.085093532
0.087557414
0.090021296
0.092485178
0.085093532
0.087557414
0.090021296
0.092485178
0.085093532
0.087557414
0.090021296
0.092485178
0.085093532
0.087557414
0.090021296
0.092485178
0.085093532
0.087557414
0.090021296
0.092485178
0.085093532
0.087557414
0.090021296
0.092485178
0.085093532
0.087557414
0.090021296
0.092485178
0.085093532
0.087557414
0.090021296
0.092485178
0.085093532
0.087557414
0.090021296
0.092485178
0.085093532
0.087557414
0.090021296
0.092485178
0.085093532
0.087557414
0.090021296
0.092485178
0.085093532
0.087557414
0.090021296
0.092485178
0.085093532
0.087557414
0.090021296
0.092485178
0.085093532
0.087557414
0.090021296
0.092485178
0.085093532
0.087557414
0.090021296
0.092485178
0.085093532
0.087557414
0.090021296
0.092485178
0.085093532
0.087557414
0.090021296
0.092485178
0.085093532
0.087557414
0.090021296
0.092485178
0.085093532
0.087557414
0.090021296
0.092485178
0.085093532
0.087557414
0.090021296
0.092485178
0.085093532
0.087557414
0.090021296
0.092485178
0.085093532
0.087557414
0.090021296
0.092485178
0.085093532
0.087557414
0.090021296
0.092485178
0.085093532
0.087557414
0.090021296
0.092485178
0.085793942
0.088239641
0.090685339
0.093131038
0.085793942
0.088239641
0.090685339
0.093131038
0.085793942
0.088239641
0.090685339
0.093131038
0.085793942
0.088239641
0.090685339
0.093131038
0.085793942
0.088239641
0.090685339
0.093131038
0.085793942
0.088239641
0.090685339
0.093131038
0.085793942
0.088239641
0.090685339
0.093131038
0.085793942
0.088239641
0.090685339
0.093131038
0.085793942
0.088239641
0.090685339
0.093131038
0.085793942
0.088239641
0.090685339
0.093131038
0.085793942
0.088239641
0.090685339
0.093131038
0.085793942
0.088239641
0.090685339
0.093131038
0.085793942
0.088239641
0.090685339
0.093131038
0.085793942
0.088239641
0.090685339
0.093131038
0.085793942
0.088239641
0.090685339
0.093131038
0.085793942
0.088239641
0.090685339
0.093131038
0.085793942
0.088239641
0.090685339
0.093131038
0.085793942
0.088239641
0.090685339
0.093131038
0.085793942
0.088239641
0.090685339
0.093131038
0.085793942
0.088239641
0.090685339
0.093131038
0.085793942
0.088239641
0.090685339
0.093131038
0.085793942
0.088239641
0.090685339
0.093131038
0.085793942
0.088239641
0.090685339
0.093131038
0.085793942
0.088239641
0.090685339
0.093131038
0.086494353
0.088921868
0.091349383
0.093776898
0.086494353
0.088921868
0.091349383
0.093776898
0.086494353
0.088921868
0.091349383
0.093776898
0.086494353
0.088921868
0.091349383
0.093776898
0.086494353
0.088921868
0.091349383
0.093776898
0.086494353
0.088921868
0.091349383
0.093776898
0.086494353
0.088921868
0.091349383
0.093776898
0.086494353
0.088921868
0.091349383
0.093776898
0.086494353
0.088921868
0.091349383
0.093776898
0.086494353
0.088921868
0.091349383
0.093776898
0.086494353
0.088921868
0.091349383
0.093776898
0.086494353
0.088921868
0.091349383
0.093776898
0.086494353
0.088921868
0.091349383
0.093776898
0.086494353
0.088921868
0.091349383
0.093776898
0.086494353
0.088921868
0.091349383
0.093776898
0.086494353
0.088921868
0.091349383
0.093776898
0.086494353
0.088921868
0.091349383
0.093776898
0.086494353
0.088921868
0.091349383
0.093776898
0.086494353
0.088921868
0.091349383
0.093776898
0.086494353
0.088921868
0.091349383
0.093776898
0.086494353
0.088921868
0.091349383
0.093776898
0.086494353
0.088921868
0.091349383
0.093776898
0.086494353
0.088921868
0.091349383
0.093776898
0.086494353
0.088921868
0.091349383
0.093776898
0.087194763
0.089604095
0.092013426
0.094422758
0.087194763
0.089604095
0.092013426
0.094422758
0.087194763
0.089604095
0.092013426
0.094422758
0.087194763
0.089604095
0.092013426
0.094422758
0.087194763
0.089604095
0.092013426
0.094422758
0.087194763
0.089604095
0.092013426
0.094422758
0.087194763
0.089604095
0.092013426
0.094422758
0.087194763
0.089604095
0.092013426
0.094422758
0.087194763
0.089604095
0.092013426
0.094422758
0.087194763
0.089604095
0.092013426
0.094422758
0.087194763
0.089604095
0.092013426
0.094422758
0.087194763
0.089604095
0.092013426
0.094422758
0.087194763
0.089604095
0.092013426
0.094422758
0.087194763
0.089604095
0.092013426
0.094422758
0.087194763
0.089604095
0.092013426
0.094422758
0.087194763
0.089604095
0.092013426
0.094422758
0.087194763
0.089604095
0.092013426
0.094422758
0.087194763
0.089604095
0.092013426
0.094422758
0.087194763
0.089604095
0.092013426
0.094422758
0.087194763
0.089604095
0.092013426
0.094422758
0.087194763
0.089604095
0.092013426
0.094422758
0.087194763
0.089604095
0.092013426
0.094422758
0.087194763
0.089604095
0.092013426
0.094422758
0.087194763
0.089604095
0.092013426
0.094422758
0.08245457
0.085400224
0.088345879
0.091291533
0.08245457
0.085400224
0.088345879
0.091291533
0.08245457
0.085400224
0.088345879
0.091291533
0.08245457
0.085400224
0.088345879
0.091291533
0.08245457
0.085400224
0.088345879
0.091291533
0.08245457
0.085400224
0.088345879
0.091291533
0.08245457
0.085400224
0.088345879
0.091291533
0.08245457
0.085400224
0.088345879
0.091291533
0.08245457
0.085400224
0.088345879
0.091291533
0.08245457
0.085400224
0.088345879
0.091291533
0.08245457
0.085400224
0.088345879
0.091291533
0.08245457
0.085400224
0.088345879
0.091291533
0.08245457
0.085400224
0.088345879
0.091291533
0.08245457
0.085400224
0.088345879
0.091291533
0.08245457
0.085400224
0.088345879
0.091291533
0.08245457
0.085400224
0.088345879
0.091291533
0.08245457
0.085400224
0.088345879
0.091291533
0.08245457
0.085400224
0.088345879
0.091291533
0.08245457
0.085400224
0.088345879
0.091291533
0.08245457
0.085400224
0.088345879
0.091291533
0.08245457
0.085400224
0.088345879
0.091291533
0.08245457
0.085400224
0.088345879
0.091291533
0.08245457
0.085400224
0.088345879
0.091291533
0.08245457
0.085400224
0.088345879
0.091291533
0.083081867
0.086008579
0.08893529
0.091862002
0.083081867
0.086008579
0.08893529
0.091862002
0.083081867
0.086008579
0.08893529
0.091862002
0.083081867
0.086008579
0.08893529
0.091862002
0.083081867
0.086008579
0.08893529
0.091862002
0.083081867
0.086008579
0.08893529
0.091862002
0.083081867
0.086008579
0.08893529
0.091862002
0.083081867
0.086008579
0.08893529
0.091862002
0.083081867
0.086008579
0.08893529
0.091862002
0.083081867
0.086008579
0.08893529
0.091862002
0.083081867
0.086008579
0.08893529
0.091862002
0.083081867
0.086008579
0.08893529
0.091862002
0.083081867
0.086008579
0.08893529
0.091862002
0.083081867
0.086008579
0.08893529
0.091862002
0.083081867
0.086008579
0.08893529
0.091862002
0.083081867
0.086008579
0.08893529
0.091862002
0.083081867
0.086008579
0.08893529
0.091862002
0.083081867
0.086008579
0.08893529
0.091862002
0.083081867
0.086008579
0.08893529
0.091862002
0.083081867
0.086008579
0.08893529
0.091862002
0.083081867
0.086008579
0.08893529
0.091862002
0.083081867
0.086008579
0.08893529
0.091862002
0.083081867
0.086008579
0.08893529
0.091862002
0.083081867
0.086008579
0.08893529
0.091862002
0.083709165
0.086616933
0.089524702
0.09243247
0.083709165
0.086616933
0.089524702
0.09243247
0.083709165
0.086616933
0.089524702
0.09243247
0.083709165
0.086616933
0.089524702
0.09243247
0.083709165
0.086616933
0.089524702
0.09243247
0.083709165
0.086616933
0.089524702
0.09243247
0.083709165
0.086616933
0.089524702
0.09243247
0.083709165
0.086616933
0.089524702
0.09243247
0.083709165
0.086616933
0.089524702
0.09243247
0.083709165
0.086616933
0.089524702
0.09243247
0.083709165
0.086616933
0.089524702
0.09243247
0.083709165
0.086616933
0.089524702
0.09243247
0.083709165
0.086616933
0.089524702
0.09243247
0.083709165
0.086616933
0.089524702
0.09243247
0.083709165
0.086616933
0.089524702
0.09243247
0.083709165
0.086616933
0.089524702
0.09243247
0.083709165
0.086616933
0.089524702
0.09243247
0.083709165
0.086616933
0.089524702
0.09243247
0.083709165
0.086616933
0.089524702
0.09243247
0.083709165
0.086616933
0.089524702
0.09243247
0.083709165
0.086616933
0.089524702
0.09243247
0.083709165
0.086616933
0.089524702
0.09243247
0.083709165
0.086616933
0.089524702
0.09243247
0.083709165
0.086616933
0.089524702
0.09243247
0.084336462
0.087225287
0.090114113
0.093002939
0.084336462
0.087225287
0.090114113
0.093002939
0.084336462
0.087225288
0.090114113
0.093002939
0.084336462
0.087225287
0.090114113
0.093002939
0.084336462
0.087225287
0.090114113
0.093002939
0.084336462
0.087225288
0.090114113
0.093002939
0.084336462
0.087225287
0.090114113
0.093002939
0.084336462
0.087225287
0.090114113
0.093002939
0.084336462
0.087225288
0.090114113
0.093002939
0.084336462
0.087225287
0.090114113
0.093002939
0.084336462
0.087225288
0.090114113
0.093002939
0.084336462
0.087225288
0.090114113
0.093002939
0.084336462
0.087225288
0.090114113
0.093002939
0.084336462
0.087225287
0.090114113
0.093002939
0.084336462
0.087225287
0.090114113
0.093002939
0.084336462
0.087225287
0.090114113
0.093002939
0.084336462
0.087225287
0.090114113
0.093002939
0.084336462
0.087225287
0.090114113
0.093002939
0.084336462
0.087225287
0.090114113
0.093002939
0.084336462
0.087225287
0.090114113
0.093002939
0.084336462
0.087225287
0.090114113
0.093002939
0.084336462
0.087225287
0.090114113
0.093002939
0.084336462
0.087225287
0.090114113
0.093002939
0.084336462
0.087225287
0.090114113
0.093002939
0.084963759
0.087833642
0.090703524
0.093573407
0.084963759
0.087833642
0.090703524
0.093573407
0.084963759
0.087833642
0.090703524
0.093573407
0.084963759
0.087833642
0.090703524
0.093573407
0.084963759
0.087833642
0.090703524
0.093573407
0.084963759
0.087833642
0.090703524
0.093573407
0.084963759
0.087833642
0.090703524
0.093573407
0.084963759
0.087833642
0.090703524
0.093573407
0.084963759
0.087833642
0.090703524
0.093573407
0.084963759
0.087833642
0.090703524
0.093573407
0.084963759
0.087833642
0.090703524
0.093573407
0.084963759
0.087833642
0.090703524
0.093573407
0.084963759
0.087833642
0.090703524
0.093573407
0.084963759
0.087833642
0.090703524
0.093573407
0.084963759
0.087833642
0.090703524
0.093573407
0.084963759
0.087833642
0.090703524
0.093573407
0.084963759
0.087833642
0.090703524
0.093573407
0.084963759
0.087833642
0.090703524
0.093573407
0.084963759
0.087833642
0.090703524
0.093573407
0.084963759
0.087833642
0.090703524
0.093573407
0.084963759
0.087833642
0.090703524
0.093573407
0.084963759
0.087833642
0.090703524
0.093573407
0.084963759
0.087833642
0.090703524
0.093573407
0.084963759
0.087833642
0.090703524
0.093573407
0.085591057
0.088441996
0.091292936
0.094143875
0.085591057
0.088441996
0.091292936
0.094143875
0.085591057
0.088441996
0.091292936
0.094143875
0.085591057
0.088441996
0.091292936
0.094143875
0.085591057
0.088441996
0.091292936
0.094143875
0.085591057
0.088441996
0.091292936
0.094143875
0.085591057
0.088441996
0.091292936
0.094143875
0.085591057
0.088441996
0.091292936
0.094143875
0.085591057
0.088441996
0.091292936
0.094143875
0.085591057
0.088441996
0.091292936
0.094143875
0.085591057
0.088441996
0.091292936
0.094143875
0.085591057
0.088441996
0.091292936
0.094143875
0.085591057
0.088441996
0.091292936
0.094143875
0.085591057
0.088441996
0.091292936
0.094143875
0.085591057
0.088441996
0.091292936
0.094143875
0.085591057
0.088441996
0.091292936
0.094143875
0.085591057
0.088441996
0.091292936
0.094143875
0.085591057
0.088441996
0.091292936
0.094143875
0.085591057
0.088441996
0.091292936
0.094143875
0.085591057
0.088441996
0.091292936
0.094143875
0.085591057
0.088441996
0.091292936
0.094143875
0.085591057
0.088441996
0.091292936
0.094143875
0.085591057
0.088441996
0.091292936
0.094143875
0.085591057
0.088441996
0.091292936
0.094143875
0.086218354
0.089050351
0.091882347
0.094714344
0.086218354
0.089050351
0.091882347
0.094714344
0.086218354
0.089050351
0.091882347
0.094714344
0.086218354
0.089050351
0.091882347
0.094714344
0.086218354
0.089050351
0.091882347
0.094714344
0.086218354
0.089050351
0.091882347
0.094714344
0.086218354
0.089050351
0.091882347
0.094714344
0.086218354
0.089050351
0.091882347
0.094714344
0.086218354
0.089050351
0.091882347
0.094714344
0.086218354
0.089050351
0.091882347
0.094714344
0.086218354
0.089050351
0.091882347
0.094714344
0.086218354
0.089050351
0.091882347
0.094714344
0.086218354
0.089050351
0.091882347
0.094714344
0.086218354
0.089050351
0.091882347
0.094714344
0.086218354
0.089050351
0.091882347
0.094714344
0.086218354
0.089050351
0.091882347
0.094714344
0.086218354
0.089050351
0.091882347
0.094714344
0.086218354
0.089050351
0.091882347
0.094714344
0.086218354
0.089050351
0.091882347
0.094714344
0.086218354
0.089050351
0.091882347
0.094714344
0.086218354
0.089050351
0.091882347
0.094714344
0.086218354
0.089050351
0.091882347
0.094714344
0.086218354
0.089050351
0.091882347
0.094714344
0.086218354
0.089050351
0.091882347
0.094714344
0.086845651
0.089658705
0.092471759
0.095284812
0.086845651
0.089658705
0.092471759
0.095284812
0.086845651
0.089658705
0.092471759
0.095284812
0.086845651
0.089658705
0.092471759
0.095284812
0.086845651
0.089658705
0.092471759
0.095284812
0.086845651
0.089658705
0.092471759
0.095284812
0.086845651
0.089658705
0.092471759
0.095284812
0.086845651
0.089658705
0.092471759
0.095284812
0.086845651
0.089658705
0.092471759
0.095284812
0.086845651
0.089658705
0.092471759
0.095284812
0.086845651
0.089658705
0.092471759
0.095284812
0.086845651
0.089658705
0.092471759
0.095284812
0.086845651
0.089658705
0.092471759
0.095284812
0.086845651
0.089658705
0.092471759
0.095284812
0.086845651
0.089658705
0.092471759
0.095284812
0.086845651
0.089658705
0.092471759
0.095284812
0.086845651
0.089658705
0.092471759
0.095284812
0.086845651
0.089658705
0.092471759
0.095284812
0.086845651
0.089658705
0.092471759
0.095284812
0.086845651
0.089658705
0.092471759
0.095284812
0.086845651
0.089658705
0.092471759
0.095284812
0.086845651
0.089658705
0.092471759
0.095284812
0.086845651
0.089658705
0.092471759
0.095284812
0.086845651
0.089658705
0.092471759
0.095284812
0.087472949
0.090267059
0.09306117
0.095855281
0.087472949
0.090267059
0.09306117
0.095855281
0.087472949
0.090267059
0.09306117
0.095855281
0.087472949
0.090267059
0.09306117
0.095855281
0.087472949
0.090267059
0.09306117
0.095855281
0.087472949
0.090267059
0.09306117
0.095855281
0.087472949
0.090267059
0.09306117
0.095855281
0.087472949
0.090267059
0.09306117
0.095855281
0.087472949
0.090267059
0.09306117
0.095855281
0.087472949
0.090267059
0.09306117
0.095855281
0.087472949
0.090267059
0.09306117
0.095855281
0.087472949
0.090267059
0.09306117
0.095855281
0.087472949
0.090267059
0.09306117
0.095855281
0.087472949
0.090267059
0.09306117
0.095855281
0.087472949
0.090267059
0.09306117
0.095855281
0.087472949
0.090267059
0.09306117
0.095855281
0.087472949
0.090267059
0.09306117
0.095855281
0.087472949
0.090267059
0.09306117
0.095855281
0.087472949
0.090267059
0.09306117
0.095855281
0.087472949
0.090267059
0.09306117
0.095855281
0.087472949
0.090267059
0.09306117
0.095855281
0.087472949
0.090267059
0.09306117
0.095855281
0.087472949
0.090267059
0.09306117
0.095855281
0.087472949
0.090267059
0.09306117
0.095855281
0.088100246
0.090875414
0.093650581
0.096425749
0.088100246
0.090875414
0.093650581
0.096425749
0.088100246
0.090875414
0.093650581
0.096425749
0.088100246
0.090875414
0.093650581
0.096425749
0.088100246
0.090875414
0.093650581
0.096425749
0.088100246
0.090875414
0.093650581
0.096425749
0.088100246
0.090875414
0.093650581
0.096425749
0.088100246
0.090875414
0.093650581
0.096425749
0.088100246
0.090875414
0.093650581
0.096425749
0.088100246
0.090875414
0.093650581
0.096425749
0.088100246
0.090875414
0.093650581
0.096425749
0.088100246
0.090875414
0.093650581
0.096425749
0.088100246
0.090875414
0.093650581
0.096425749
0.088100246
0.090875414
0.093650581
0.096425749
0.088100246
0.090875414
0.093650581
0.096425749
0.088100246
0.090875414
0.093650581
0.096425749
0.088100246
0.090875414
0.093650581
0.096425749
0.088100246
0.090875414
0.093650581
0.096425749
0.088100246
0.090875414
0.093650581
0.096425749
0.088100246
0.090875414
0.093650581
0.096425749
0.088100246
0.090875414
0.093650581
0.096425749
0.088100246
0.090875414
0.093650581
0.096425749
0.088100246
0.090875414
0.093650581
0.096425749
0.088100246
0.090875414
0.093650581
0.096425749
0.088727543
0.091483768
0.094239993
0.096996217
0.088727543
0.091483768
0.094239993
0.096996217
0.088727543
0.091483768
0.094239993
0.096996217
0.088727543
0.091483768
0.094239993
0.096996217
0.088727543
0.091483768
0.094239993
0.096996217
0.088727543
0.091483768
0.094239993
0.096996217
0.088727543
0.091483768
0.094239993
0.096996217
0.088727543
0.091483768
0.094239993
0.096996217
0.088727543
0.091483768
0.094239993
0.096996217
0.088727543
0.091483768
0.094239993
0.096996217
0.088727543
0.091483768
0.094239993
0.096996217
0.088727543
0.091483768
0.094239993
0.096996217
0.088727543
0.091483768
0.094239993
0.096996217
0.088727543
0.091483768
0.094239993
0.096996217
0.088727543
0.091483768
0.094239993
0.096996217
0.088727543
0.091483768
0.094239993
0.096996217
0.088727543
0.091483768
0.094239993
0.096996217
0.088727543
0.091483768
0.094239993
0.096996217
0.088727543
0.091483768
0.094239993
0.096996217
0.088727543
0.091483768
0.094239993
0.096996217
0.088727543
0.091483768
0.094239993
0.096996217
0.088727543
0.091483768
0.094239993
0.096996217
0.088727543
0.091483768
0.094239993
0.096996217
0.088727543
0.091483768
0.094239993
0.096996217
0.08935484
0.092092122
0.094829404
0.097566686
0.08935484
0.092092122
0.094829404
0.097566686
0.08935484
0.092092122
0.094829404
0.097566686
0.08935484
0.092092122
0.094829404
0.097566686
0.08935484
0.092092122
0.094829404
0.097566686
0.08935484
0.092092122
0.094829404
0.097566686
0.08935484
0.092092122
0.094829404
0.097566686
0.08935484
0.092092122
0.094829404
0.097566686
0.08935484
0.092092122
0.094829404
0.097566686
0.08935484
0.092092122
0.094829404
0.097566686
0.08935484
0.092092122
0.094829404
0.097566686
0.08935484
0.092092122
0.094829404
0.097566686
0.08935484
0.092092122
0.094829404
0.097566686
0.08935484
0.092092122
0.094829404
0.097566686
0.08935484
0.092092122
0.094829404
0.097566686
0.08935484
0.092092122
0.094829404
0.097566686
0.08935484
0.092092122
0.094829404
0.097566686
0.08935484
0.092092122
0.094829404
0.097566686
0.08935484
0.092092122
0.094829404
0.097566686
0.08935484
0.092092122
0.094829404
0.097566686
0.08935484
0.092092122
0.094829404
0.097566686
0.08935484
0.092092122
0.094829404
0.097566686
0.08935484
0.092092122
0.094829404
0.097566686
0.08935484
0.092092122
0.094829404
0.097566686
0.089982137
0.092700476
0.095418815
0.098137154
0.089982137
0.092700476
0.095418815
0.098137154
0.089982137
0.092700476
0.095418815
0.098137154
0.089982137
0.092700476
0.095418815
0.098137154
0.089982137
0.092700476
0.095418815
0.098137154
0.089982137
0.092700476
0.095418815
0.098137154
0.089982137
0.092700476
0.095418815
0.098137154
0.089982137
0.092700476
0.095418815
0.098137154
0.089982137
0.092700476
0.095418815
0.098137154
0.089982137
0.092700476
0.095418815
0.098137154
0.089982137
0.092700476
0.095418815
0.098137154
0.089982137
0.092700476
0.095418815
0.098137154
0.089982137
0.092700476
0.095418815
0.098137154
0.089982137
0.092700476
0.095418815
0.098137154
0.089982137
0.092700476
0.095418815
0.098137154
0.089982137
0.092700476
0.095418815
0.098137154
0.089982137
0.092700476
0.095418815
0.098137154
0.089982137
0.092700476
0.095418815
0.098137154
0.089982137
0.092700476
0.095418815
0.098137154
0.089982137
0.092700476
0.095418815
0.098137154
0.089982137
0.092700476
0.095418815
0.098137154
0.089982137
0.092700476
0.095418815
0.098137154
0.089982137
0.092700476
0.095418815
0.098137154
0.089982137
0.092700476
0.095418815
0.098137154
0.090609435
0.09330883
0.096008226
0.098707622
0.090609435
0.09330883
0.096008226
0.098707622
0.090609435
0.09330883
0.096008226
0.098707622
0.090609435
0.09330883
0.096008226
0.098707622
0.090609435
0.09330883
0.096008226
0.098707622
0.090609435
0.09330883
0.096008226
0.098707622
0.090609435
0.09330883
0.096008226
0.098707622
0.090609435
0.09330883
0.096008226
0.098707622
0.090609435
0.09330883
0.096008226
0.098707622
0.090609435
0.09330883
0.096008226
0.098707622
0.090609435
0.09330883
0.096008226
0.098707622
0.090609435
0.09330883
0.096008226
0.098707622
0.090609435
0.09330883
0.096008226
0.098707622
0.090609435
0.09330883
0.096008226
0.098707622
0.090609435
0.09330883
0.096008226
0.098707622
0.090609435
0.09330883
0.096008226
0.098707622
0.090609435
0.09330883
0.096008226
0.098707622
0.090609435
0.09330883
0.096008226
0.098707622
0.090609435
0.09330883
0.096008226
0.098707622
0.090609435
0.09330883
0.096008226
0.098707622
0.090609435
0.09330883
0.096008226
0.098707622
0.090609435
0.09330883
0.096008226
0.098707622
0.090609435
0.09330883
0.096008226
0.098707622
0.090609435
0.09330883
0.096008226
0.098707622
0.091236732
0.093917185
0.096597637
0.09927809
0.091236732
0.093917185
0.096597637
0.09927809
0.091236732
0.093917185
0.096597637
0.09927809
0.091236732
0.093917185
0.096597637
0.09927809
0.091236732
0.093917185
0.096597637
0.09927809
0.091236732
0.093917185
0.096597637
0.09927809
0.091236732
0.093917185
0.096597637
0.09927809
0.091236732
0.093917185
0.096597637
0.09927809
0.091236732
0.093917185
0.096597637
0.09927809
0.091236732
0.093917185
0.096597637
0.09927809
0.091236732
0.093917185
0.096597637
0.09927809
0.091236732
0.093917185
0.096597637
0.09927809
0.091236732
0.093917185
0.096597637
0.09927809
0.091236732
0.093917185
0.096597637
0.09927809
0.091236732
0.093917185
0.096597637
0.09927809
0.091236732
0.093917185
0.096597637
0.09927809
0.091236732
0.093917185
0.096597637
0.09927809
0.091236732
0.093917185
0.096597637
0.09927809
0.091236732
0.093917185
0.096597637
0.09927809
0.091236732
0.093917185
0.096597637
0.09927809
0.091236732
0.093917185
0.096597637
0.09927809
0.091236732
0.093917185
0.096597637
0.09927809
0.091236732
0.093917185
0.096597637
0.09927809
0.091236732
0.093917185
0.096597637
0.09927809
0.091864029
0.094525539
0.097187048
0.099848558
0.091864029
0.094525539
0.097187048
0.099848558
0.091864029
0.094525539
0.097187048
0.099848558
0.091864029
0.094525539
0.097187048
0.099848558
0.091864029
0.094525539
0.097187048
0.099848558
0.091864029
0.094525539
0.097187048
0.099848558
0.091864029
0.094525539
0.097187048
0.099848558
0.091864029
0.094525539
0.097187048
0.099848558
0.091864029
0.094525539
0.097187048
0.099848558
0.091864029
0.094525539
0.097187048
0.099848558
0.091864029
0.094525539
0.097187048
0.099848558
0.091864029
0.094525539
0.097187048
0.099848558
0.091864029
0.094525539
0.097187048
0.099848558
0.091864029
0.094525539
0.097187048
0.099848558
0.091864029
0.094525539
0.097187048
0.099848558
0.091864029
0.094525539
0.097187048
0.099848558
0.091864029
0.094525539
0.097187048
0.099848558
0.091864029
0.094525539
0.097187048
0.099848558
0.091864029
0.094525539
0.097187048
0.099848558
0.091864029
0.094525539
0.097187048
0.099848558
0.091864029
0.094525539
0.097187048
0.099848558
0.091864029
0.094525539
0.097187048
0.099848558
0.091864029
0.094525539
0.097187048
0.099848558
0.091864029
0.094525539
0.097187048
0.099848558
0.092491326
0.095133893
0.09777646
0.10041903
0.092491326
0.095133893
0.09777646
0.10041903
0.092491326
0.095133893
0.09777646
0.10041903
0.092491326
0.095133893
0.09777646
0.10041903
0.092491326
0.095133893
0.09777646
0.10041903
0.092491326
0.095133893
0.09777646
0.10041903
0.092491326
0.095133893
0.09777646
0.10041903
0.092491326
0.095133893
0.09777646
0.10041903
0.092491326
0.095133893
0.09777646
0.10041903
0.092491326
0.095133893
0.09777646
0.10041903
0.092491326
0.095133893
0.09777646
0.10041903
0.092491326
0.095133893
0.09777646
0.10041903
0.092491326
0.095133893
0.09777646
0.10041903
0.092491326
0.095133893
0.09777646
0.10041903
0.092491326
0.095133893
0.09777646
0.10041903
0.092491326
0.095133893
0.09777646
0.10041903
0.092491326
0.095133893
0.09777646
0.10041903
0.092491326
0.095133893
0.09777646
0.10041903
0.092491326
0.095133893
0.09777646
0.10041903
0.092491326
0.095133893
0.09777646
0.10041903
0.092491326
0.095133893
0.09777646
0.10041903
0.092491326
0.095133893
0.09777646
0.10041903
0.092491326
0.095133893
0.09777646
0.10041903
0.092491326
0.095133893
0.09777646
0.10041903
0.093118623
0.095742247
0.098365871
0.10098949
0.093118623
0.095742247
0.098365871
0.10098949
0.093118623
0.095742247
0.098365871
0.10098949
0.093118623
0.095742247
0.098365871
0.10098949
0.093118623
0.095742247
0.098365871
0.10098949
0.093118623
0.095742247
0.098365871
0.10098949
0.093118623
0.095742247
0.098365871
0.10098949
0.093118623
0.095742247
0.098365871
0.10098949
0.093118623
0.095742247
0.098365871
0.10098949
0.093118623
0.095742247
0.098365871
0.10098949
0.093118623
0.095742247
0.098365871
0.10098949
0.093118623
0.095742247
0.098365871
0.10098949
0.093118623
0.095742247
0.098365871
0.10098949
0.093118623
0.095742247
0.098365871
0.10098949
0.093118623
0.095742247
0.098365871
0.10098949
0.093118623
0.095742247
0.098365871
0.10098949
0.093118623
0.095742247
0.098365871
0.10098949
0.093118623
0.095742247
0.098365871
0.10098949
0.093118623
0.095742247
0.098365871
0.10098949
0.093118623
0.095742247
0.098365871
0.10098949
0.093118623
0.095742247
0.098365871
0.10098949
0.093118623
0.095742247
0.098365871
0.10098949
0.093118623
0.095742247
0.098365871
0.10098949
0.093118623
0.095742247
0.098365871
0.10098949
0.09374592
0.096350601
0.098955282
0.10155996
0.09374592
0.096350601
0.098955282
0.10155996
0.09374592
0.096350601
0.098955282
0.10155996
0.09374592
0.096350601
0.098955282
0.10155996
0.09374592
0.096350601
0.098955282
0.10155996
0.09374592
0.096350601
0.098955282
0.10155996
0.09374592
0.096350601
0.098955282
0.10155996
0.09374592
0.096350601
0.098955282
0.10155996
0.09374592
0.096350601
0.098955282
0.10155996
0.09374592
0.096350601
0.098955282
0.10155996
0.09374592
0.096350601
0.098955282
0.10155996
0.09374592
0.096350601
0.098955282
0.10155996
0.09374592
0.096350601
0.098955282
0.10155996
0.09374592
0.096350601
0.098955282
0.10155996
0.09374592
0.096350601
0.098955282
0.10155996
0.09374592
0.096350601
0.098955282
0.10155996
0.09374592
0.096350601
0.098955282
0.10155996
0.09374592
0.096350601
0.098955282
0.10155996
0.09374592
0.096350601
0.098955282
0.10155996
0.09374592
0.096350601
0.098955282
0.10155996
0.09374592
0.096350601
0.098955282
0.10155996
0.09374592
0.096350601
0.098955282
0.10155996
0.09374592
0.096350601
0.098955282
0.10155996
0.09374592
0.096350601
0.098955282
0.10155996
0.094373217
0.096958955
0.099544693
0.10213043
0.094373217
0.096958955
0.099544693
0.10213043
0.094373217
0.096958955
0.099544693
0.10213043
0.094373217
0.096958955
0.099544693
0.10213043
0.094373217
0.096958955
0.099544693
0.10213043
0.094373217
0.096958955
0.099544693
0.10213043
0.094373217
0.096958955
0.099544693
0.10213043
0.094373217
0.096958955
0.099544693
0.10213043
0.094373217
0.096958955
0.099544693
0.10213043
0.094373217
0.096958955
0.099544693
0.10213043
0.094373217
0.096958955
0.099544693
0.10213043
0.094373217
0.096958955
0.099544693
0.10213043
0.094373217
0.096958955
0.099544693
0.10213043
0.094373217
0.096958955
0.099544693
0.10213043
0.094373217
0.096958955
0.099544693
0.10213043
0.094373217
0.096958955
0.099544693
0.10213043
0.094373217
0.096958955
0.099544693
0.10213043
0.094373217
0.096958955
0.099544693
0.10213043
0.094373217
0.096958955
0.099544693
0.10213043
0.094373217
0.096958955
0.099544693
0.10213043
0.094373217
0.096958955
0.099544693
0.10213043
0.094373217
0.096958955
0.099544693
0.10213043
0.094373217
0.096958955
0.099544693
0.10213043
0.094373217
0.096958955
0.099544693
0.10213043
0.095000513
0.097567308
0.1001341
0.1027009
0.095000513
0.097567308
0.1001341
0.1027009
0.095000513
0.097567308
0.1001341
0.1027009
0.095000513
0.097567308
0.1001341
0.1027009
0.095000513
0.097567308
0.1001341
0.1027009
0.095000513
0.097567308
0.1001341
0.1027009
0.095000513
0.097567308
0.1001341
0.1027009
0.095000513
0.097567308
0.1001341
0.1027009
0.095000513
0.097567308
0.1001341
0.1027009
0.095000513
0.097567308
0.1001341
0.1027009
0.095000513
0.097567308
0.1001341
0.1027009
0.095000513
0.097567308
0.1001341
0.1027009
0.095000513
0.097567308
0.1001341
0.1027009
0.095000513
0.097567308
0.1001341
0.1027009
0.095000513
0.097567308
0.1001341
0.1027009
0.095000513
0.097567308
0.1001341
0.1027009
0.095000513
0.097567308
0.1001341
0.1027009
0.095000513
0.097567308
0.1001341
0.1027009
0.095000513
0.097567308
0.1001341
0.1027009
0.095000513
0.097567308
0.1001341
0.1027009
0.095000513
0.097567308
0.1001341
0.1027009
0.095000513
0.097567308
0.1001341
0.1027009
0.095000513
0.097567308
0.1001341
0.1027009
0.095000513
0.097567308
0.1001341
0.1027009
0.09562781
0.098175662
0.10072351
0.10327137
0.09562781
0.098175662
0.10072351
0.10327137
0.09562781
0.098175662
0.10072351
0.10327137
0.09562781
0.098175662
0.10072351
0.10327137
0.09562781
0.098175662
0.10072351
0.10327137
0.09562781
0.098175662
0.10072351
0.10327137
0.09562781
0.098175662
0.10072351
0.10327137
0.09562781
0.098175662
0.10072351
0.10327137
0.09562781
0.098175662
0.10072351
0.10327137
0.09562781
0.098175662
0.10072351
0.10327137
0.09562781
0.098175662
0.10072351
0.10327137
0.09562781
0.098175662
0.10072351
0.10327137
0.09562781
0.098175662
0.10072351
0.10327137
0.09562781
0.098175662
0.10072351
0.10327137
0.09562781
0.098175662
0.10072351
0.10327137
0.09562781
0.098175662
0.10072351
0.10327137
0.09562781
0.098175662
0.10072351
0.10327137
0.09562781
0.098175662
0.10072351
0.10327137
0.09562781
0.098175662
0.10072351
0.10327137
0.09562781
0.098175662
0.10072351
0.10327137
0.09562781
0.098175662
0.10072351
0.10327137
0.09562781
0.098175662
0.10072351
0.10327137
0.09562781
0.098175662
0.10072351
0.10327137
0.09562781
0.098175662
0.10072351
0.10327137
0.096255107
0.098784016
0.10131293
0.10384183
0.096255107
0.098784016
0.10131293
0.10384183
0.096255107
0.098784016
0.10131293
0.10384183
0.096255107
0.098784016
0.10131293
0.10384183
0.096255107
0.098784016
0.10131293
0.10384183
0.096255107
0.098784016
0.10131293
0.10384183
0.096255107
0.098784016
0.10131293
0.10384183
0.096255107
0.098784016
0.10131293
0.10384183
0.096255107
0.098784016
0.10131293
0.10384183
0.096255107
0.098784016
0.10131293
0.10384183
0.096255107
0.098784016
0.10131293
0.10384183
0.096255107
0.098784016
0.10131293
0.10384183
0.096255107
0.098784016
0.10131293
0.10384183
0.096255107
0.098784016
0.10131293
0.10384183
0.096255107
0.098784016
0.10131293
0.10384183
0.096255107
0.098784016
0.10131293
0.10384183
0.096255107
0.098784016
0.10131293
0.10384183
0.096255107
0.098784016
0.10131293
0.10384183
0.096255107
0.098784016
0.10131293
0.10384183
0.096255107
0.098784016
0.10131293
0.10384183
0.096255107
0.098784016
0.10131293
0.10384183
0.096255107
0.098784016
0.10131293
0.10384183
0.096255107
0.098784016
0.10131293
0.10384183
0.096255107
0.098784016
0.10131293
0.10384183
0.096882404
0.09939237
0.10190234
0.1044123
0.096882404
0.09939237
0.10190234
0.1044123
0.096882404
0.09939237
0.10190234
0.1044123
0.096882404
0.09939237
0.10190234
0.1044123
0.096882404
0.09939237
0.10190234
0.1044123
0.096882404
0.09939237
0.10190234
0.1044123
0.096882404
0.09939237
0.10190234
0.1044123
0.096882404
0.09939237
0.10190234
0.1044123
0.096882404
0.09939237
0.10190234
0.1044123
0.096882404
0.09939237
0.10190234
0.1044123
0.096882404
0.09939237
0.10190234
0.1044123
0.096882404
0.09939237
0.10190234
0.1044123
0.096882404
0.09939237
0.10190234
0.1044123
0.096882404
0.09939237
0.10190234
0.1044123
0.096882404
0.09939237
0.10190234
0.1044123
0.096882404
0.09939237
0.10190234
0.1044123
0.096882404
0.09939237
0.10190234
0.1044123
0.096882404
0.09939237
0.10190234
0.1044123
0.096882404
0.09939237
0.10190234
0.1044123
0.096882404
0.09939237
0.10190234
0.1044123
0.096882404
0.09939237
0.10190234
0.1044123
0.096882404
0.09939237
0.10190234
0.1044123
0.096882404
0.09939237
0.10190234
0.1044123
0.096882404
0.09939237
0.10190234
0.1044123
0.094289211
0.097338915
0.10038862
0.10343832
0.094289211
0.097338915
0.10038862
0.10343832
0.094289211
0.097338915
0.10038862
0.10343832
0.094289211
0.097338915
0.10038862
0.10343832
0.094289211
0.097338915
0.10038862
0.10343832
0.094289211
0.097338915
0.10038862
0.10343832
0.094289211
0.097338915
0.10038862
0.10343832
0.094289211
0.097338915
0.10038862
0.10343832
0.094289211
0.097338915
0.10038862
0.10343832
0.094289211
0.097338915
0.10038862
0.10343832
0.094289211
0.097338915
0.10038862
0.10343832
0.094289211
0.097338915
0.10038862
0.10343832
0.094289211
0.097338915
0.10038862
0.10343832
0.094289211
0.097338915
0.10038862
0.10343832
0.094289211
0.097338915
0.10038862
0.10343832
0.094289211
0.097338915
0.10038862
0.10343832
0.094289211
0.097338915
0.10038862
0.10343832
0.094289211
0.097338915
0.10038862
0.10343832
0.094289211
0.097338915
0.10038862
0.10343832
0.094289211
0.097338915
0.10038862
0.10343832
0.094289211
0.097338915
0.10038862
0.10343832
0.094289211
0.097338915
0.10038862
0.10343832
0.094289211
0.097338915
0.10038862
0.10343832
0.094289211
0.097338915
0.10038862
0.10343832
0.094840402
0.097870494
0.10090059
0.10393068
0.094840402
0.097870494
0.10090059
0.10393068
0.094840402
0.097870494
0.10090059
0.10393068
0.094840402
0.097870494
0.10090059
0.10393068
0.094840402
0.097870494
0.10090059
0.10393068
0.094840402
0.097870494
0.10090059
0.10393068
0.094840402
0.097870494
0.10090059
0.10393068
0.094840402
0.097870494
0.10090059
0.10393068
0.094840402
0.097870494
0.10090059
0.10393068
0.094840402
0.097870494
0.10090059
0.10393068
0.094840402
0.097870494
0.10090059
0.10393068
0.094840402
0.097870494
0.10090059
0.10393068
0.094840402
0.097870494
0.10090059
0.10393068
0.094840402
0.097870494
0.10090059
0.10393068
0.094840402
0.097870494
0.10090059
0.10393068
0.094840402
0.097870494
0.10090059
0.10393068
0.094840402
0.097870494
0.10090059
0.10393068
0.094840402
0.097870494
0.10090059
0.10393068
0.094840402
0.097870494
0.10090059
0.10393068
0.094840402
0.097870494
0.10090059
0.10393068
0.094840402
0.097870494
0.10090059
0.10393068
0.094840402
0.097870494
0.10090059
0.10393068
0.094840402
0.097870494
0.10090059
0.10393068
0.094840402
0.097870494
0.10090059
0.10393068
0.095391593
0.098402073
0.10141255
0.10442303
0.095391593
0.098402073
0.10141255
0.10442303
0.095391593
0.098402073
0.10141255
0.10442303
0.095391593
0.098402073
0.10141255
0.10442303
0.095391593
0.098402073
0.10141255
0.10442303
0.095391593
0.098402073
0.10141255
0.10442303
0.095391593
0.098402073
0.10141255
0.10442303
0.095391593
0.098402073
0.10141255
0.10442303
0.095391593
0.098402073
0.10141255
0.10442303
0.095391593
0.098402073
0.10141255
0.10442303
0.095391593
0.098402073
0.10141255
0.10442303
0.095391593
0.098402073
0.10141255
0.10442303
0.095391593
0.098402073
0.10141255
0.10442303
0.095391593
0.098402073
0.10141255
0.10442303
0.095391593
0.098402073
0.10141255
0.10442303
0.095391593
0.098402073
0.10141255
0.10442303
0.095391593
0.098402073
0.10141255
0.10442303
0.095391593
0.098402073
0.10141255
0.10442303
0.095391593
0.098402073
0.10141255
0.10442303
0.095391593
0.098402073
0.10141255
0.10442303
0.095391593
0.098402073
0.10141255
0.10442303
0.095391593
0.098402073
0.10141255
0.10442303
0.095391593
0.098402073
0.10141255
0.10442303
0.095391593
0.098402073
0.10141255
0.10442303
0.095942784
0.098933652
0.10192452
0.10491539
0.095942784
0.098933652
0.10192452
0.10491539
0.095942784
0.098933652
0.10192452
0.10491539
0.095942784
0.098933652
0.10192452
0.10491539
0.095942784
0.098933652
0.10192452
0.10491539
0.095942784
0.098933652
0.10192452
0.10491539
0.095942784
0.098933652
0.10192452
0.10491539
0.095942784
0.098933652
0.10192452
0.10491539
0.095942784
0.098933652
0.10192452
0.10491539
0.095942784
0.098933652
0.10192452
0.10491539
0.095942784
0.098933652
0.10192452
0.10491539
0.095942784
0.098933652
0.10192452
0.10491539
0.095942784
0.098933652
0.10192452
0.10491539
0.095942784
0.098933652
0.10192452
0.10491539
0.095942784
0.098933652
0.10192452
0.10491539
0.095942784
0.098933652
0.10192452
0.10491539
0.095942784
0.098933652
0.10192452
0.10491539
0.095942784
0.098933652
0.10192452
0.10491539
0.095942784
0.098933652
0.10192452
0.10491539
0.095942784
0.098933652
0.10192452
0.10491539
0.095942784
0.098933652
0.10192452
0.10491539
0.095942784
0.098933652
0.10192452
0.10491539
0.095942784
0.098933652
0.10192452
0.10491539
0.095942784
0.098933652
0.10192452
0.10491539
0.096493975
0.09946523
0.10243649
0.10540774
0.096493975
0.09946523
0.10243649
0.10540774
0.096493975
0.09946523
0.10243649
0.10540774
0.096493975
0.09946523
0.10243649
0.10540774
0.096493975
0.09946523
0.10243649
0.10540774
0.096493975
0.09946523
0.10243649
0.10540774
0.096493975
0.09946523
0.10243649
0.10540774
0.096493975
0.09946523
0.10243649
0.10540774
0.096493975
0.09946523
0.10243649
0.10540774
0.096493975
0.09946523
0.10243649
0.10540774
0.096493975
0.09946523
0.10243649
0.10540774
0.096493975
0.09946523
0.10243649
0.10540774
0.096493975
0.09946523
0.10243649
0.10540774
0.096493975
0.09946523
0.10243649
0.10540774
0.096493975
0.09946523
0.10243649
0.10540774
0.096493975
0.09946523
0.10243649
0.10540774
0.096493975
0.09946523
0.10243649
0.10540774
0.096493975
0.09946523
0.10243649
0.10540774
0.096493975
0.09946523
0.10243649
0.10540774
0.096493975
0.09946523
0.10243649
0.10540774
0.096493975
0.09946523
0.10243649
0.10540774
0.096493975
0.09946523
0.10243649
0.10540774
0.096493975
0.09946523
0.10243649
0.10540774
0.096493975
0.09946523
0.10243649
0.10540774
0.097045166
0.099996809
0.10294845
0.1059001
0.097045166
0.099996809
0.10294845
0.1059001
0.097045166
0.099996809
0.10294845
0.1059001
0.097045166
0.099996809
0.10294845
0.1059001
0.097045166
0.099996809
0.10294845
0.1059001
0.097045166
0.099996809
0.10294845
0.1059001
0.097045166
0.099996809
0.10294845
0.1059001
0.097045166
0.099996809
0.10294845
0.1059001
0.097045166
0.099996809
0.10294845
0.1059001
0.097045166
0.099996809
0.10294845
0.1059001
0.097045166
0.099996809
0.10294845
0.1059001
0.097045166
0.099996809
0.10294845
0.1059001
0.097045166
0.099996809
0.10294845
0.1059001
0.097045166
0.099996809
0.10294845
0.1059001
0.097045166
0.099996809
0.10294845
0.1059001
0.097045166
0.099996809
0.10294845
0.1059001
0.097045166
0.099996809
0.10294845
0.1059001
0.097045166
0.099996809
0.10294845
0.1059001
0.097045166
0.099996809
0.10294845
0.1059001
0.097045166
0.099996809
0.10294845
0.1059001
0.097045166
0.099996809
0.10294845
0.1059001
0.097045166
0.099996809
0.10294845
0.1059001
0.097045166
0.099996809
0.10294845
0.1059001
0.097045166
0.099996809
0.10294845
0.1059001
0.097596356
0.10052839
0.10346042
0.10639245
0.097596356
0.10052839
0.10346042
0.10639245
0.097596356
0.10052839
0.10346042
0.10639245
0.097596356
0.10052839
0.10346042
0.10639245
0.097596356
0.10052839
0.10346042
0.10639245
0.097596356
0.10052839
0.10346042
0.10639245
0.097596356
0.10052839
0.10346042
0.10639245
0.097596356
0.10052839
0.10346042
0.10639245
0.097596356
0.10052839
0.10346042
0.10639245
0.097596356
0.10052839
0.10346042
0.10639245
0.097596356
0.10052839
0.10346042
0.10639245
0.097596356
0.10052839
0.10346042
0.10639245
0.097596356
0.10052839
0.10346042
0.10639245
0.097596356
0.10052839
0.10346042
0.10639245
0.097596356
0.10052839
0.10346042
0.10639245
0.097596356
0.10052839
0.10346042
0.10639245
0.097596356
0.10052839
0.10346042
0.10639245
0.097596356
0.10052839
0.10346042
0.10639245
0.097596356
0.10052839
0.10346042
0.10639245
0.097596356
0.10052839
0.10346042
0.10639245
0.097596356
0.10052839
0.10346042
0.10639245
0.097596356
0.10052839
0.10346042
0.10639245
0.097596356
0.10052839
0.10346042
0.10639245
0.097596356
0.10052839
0.10346042
0.10639245
0.098147547
0.10105997
0.10397239
0.10688481
0.098147547
0.10105997
0.10397239
0.10688481
0.098147547
0.10105997
0.10397239
0.10688481
0.098147547
0.10105997
0.10397239
0.10688481
0.098147547
0.10105997
0.10397239
0.10688481
0.098147547
0.10105997
0.10397239
0.10688481
0.098147547
0.10105997
0.10397239
0.10688481
0.098147547
0.10105997
0.10397239
0.10688481
0.098147547
0.10105997
0.10397239
0.10688481
0.098147547
0.10105997
0.10397239
0.10688481
0.098147547
0.10105997
0.10397239
0.10688481
0.098147547
0.10105997
0.10397239
0.10688481
0.098147547
0.10105997
0.10397239
0.10688481
0.098147547
0.10105997
0.10397239
0.10688481
0.098147547
0.10105997
0.10397239
0.10688481
0.098147547
0.10105997
0.10397239
0.10688481
0.098147547
0.10105997
0.10397239
0.10688481
0.098147547
0.10105997
0.10397239
0.10688481
0.098147547
0.10105997
0.10397239
0.10688481
0.098147547
0.10105997
0.10397239
0.10688481
0.098147547
0.10105997
0.10397239
0.10688481
0.098147547
0.10105997
0.10397239
0.10688481
0.098147547
0.10105997
0.10397239
0.10688481
0.098147547
0.10105997
0.10397239
0.10688481
0.098698738
0.10159155
0.10448435
0.10737716
0.098698738
0.10159155
0.10448435
0.10737716
0.098698738
0.10159155
0.10448435
0.10737716
0.098698738
0.10159155
0.10448435
0.10737716
0.098698738
0.10159155
0.10448435
0.10737716
0.098698738
0.10159155
0.10448435
0.10737716
0.098698738
0.10159155
0.10448435
0.10737716
0.098698738
0.10159155
0.10448435
0.10737716
0.098698738
0.10159155
0.10448435
0.10737716
0.098698738
0.10159155
0.10448435
0.10737716
0.098698738
0.10159155
0.10448435
0.10737716
0.098698738
0.10159155
0.10448435
0.10737716
0.098698738
0.10159155
0.10448435
0.10737716
0.098698738
0.10159155
0.10448435
0.10737716
0.098698738
0.10159155
0.10448435
0.10737716
0.098698738
0.10159155
0.10448435
0.10737716
0.098698738
0.10159155
0.10448435
0.10737716
0.098698738
0.10159155
0.10448435
0.10737716
0.098698738
0.10159155
0.10448435
0.10737716
0.098698738
0.10159155
0.10448435
0.10737716
0.098698738
0.10159155
0.10448435
0.10737716
0.098698738
0.10159155
0.10448435
0.10737716
0.098698738
0.10159155
0.10448435
0.10737716
0.098698738
0.10159155
0.10448435
0.10737716
0.099249929
0.10212312
0.10499632
0.10786951
0.099249929
0.10212312
0.10499632
0.10786951
0.099249929
0.10212312
0.10499632
0.10786951
0.099249929
0.10212312
0.10499632
0.10786951
0.099249929
0.10212312
0.10499632
0.10786951
0.099249929
0.10212312
0.10499632
0.10786951
0.099249929
0.10212312
0.10499632
0.10786951
0.099249929
0.10212312
0.10499632
0.10786951
0.099249929
0.10212312
0.10499632
0.10786951
0.099249929
0.10212312
0.10499632
0.10786951
0.099249929
0.10212312
0.10499632
0.10786951
0.099249929
0.10212312
0.10499632
0.10786951
0.099249929
0.10212312
0.10499632
0.10786951
0.099249929
0.10212312
0.10499632
0.10786951
0.099249929
0.10212312
0.10499632
0.10786951
0.099249929
0.10212312
0.10499632
0.10786951
0.099249929
0.10212312
0.10499632
0.10786951
0.099249929
0.10212312
0.10499632
0.10786951
0.099249929
0.10212312
0.10499632
0.10786951
0.099249929
0.10212312
0.10499632
0.10786951
0.099249929
0.10212312
0.10499632
0.10786951
0.099249929
0.10212312
0.10499632
0.10786951
0.099249929
0.10212312
0.10499632
0.10786951
0.099249929
0.10212312
0.10499632
0.10786951
0.09980112
0.1026547
0.10550829
0.10836187
0.09980112
0.1026547
0.10550829
0.10836187
0.09980112
0.1026547
0.10550829
0.10836187
0.09980112
0.1026547
0.10550829
0.10836187
0.09980112
0.1026547
0.10550829
0.10836187
0.09980112
0.1026547
0.10550829
0.10836187
0.09980112
0.1026547
0.10550829
0.10836187
0.09980112
0.1026547
0.10550829
0.10836187
0.09980112
0.1026547
0.10550829
0.10836187
0.09980112
0.1026547
0.10550829
0.10836187
0.09980112
0.1026547
0.10550829
0.10836187
0.09980112
0.1026547
0.10550829
0.10836187
0.09980112
0.1026547
0.10550829
0.10836187
0.09980112
0.1026547
0.10550829
0.10836187
0.09980112
0.1026547
0.10550829
0.10836187
0.09980112
0.1026547
0.10550829
0.10836187
0.09980112
0.1026547
0.10550829
0.10836187
0.09980112
0.1026547
0.10550829
0.10836187
0.09980112
0.1026547
0.10550829
0.10836187
0.09980112
0.1026547
0.10550829
0.10836187
0.09980112
0.1026547
0.10550829
0.10836187
0.09980112
0.1026547
0.10550829
0.10836187
0.09980112
0.1026547
0.10550829
0.10836187
0.09980112
0.1026547
0.10550829
0.10836187
0.10035231
0.10318628
0.10602025
0.10885422
0.10035231
0.10318628
0.10602025
0.10885422
0.10035231
0.10318628
0.10602025
0.10885422
0.10035231
0.10318628
0.10602025
0.10885422
0.10035231
0.10318628
0.10602025
0.10885422
0.10035231
0.10318628
0.10602025
0.10885422
0.10035231
0.10318628
0.10602025
0.10885422
0.10035231
0.10318628
0.10602025
0.10885422
0.10035231
0.10318628
0.10602025
0.10885422
0.10035231
0.10318628
0.10602025
0.10885422
0.10035231
0.10318628
0.10602025
0.10885422
0.10035231
0.10318628
0.10602025
0.10885422
0.10035231
0.10318628
0.10602025
0.10885422
0.10035231
0.10318628
0.10602025
0.10885422
0.10035231
0.10318628
0.10602025
0.10885422
0.10035231
0.10318628
0.10602025
0.10885422
0.10035231
0.10318628
0.10602025
0.10885422
0.10035231
0.10318628
0.10602025
0.10885422
0.10035231
0.10318628
0.10602025
0.10885422
0.10035231
0.10318628
0.10602025
0.10885422
0.10035231
0.10318628
0.10602025
0.10885422
0.10035231
0.10318628
0.10602025
0.10885422
0.10035231
0.10318628
0.10602025
0.10885422
0.10035231
0.10318628
0.10602025
0.10885422
0.1009035
0.10371786
0.10653222
0.10934658
0.1009035
0.10371786
0.10653222
0.10934658
0.1009035
0.10371786
0.10653222
0.10934658
0.1009035
0.10371786
0.10653222
0.10934658
0.1009035
0.10371786
0.10653222
0.10934658
0.1009035
0.10371786
0.10653222
0.10934658
0.1009035
0.10371786
0.10653222
0.10934658
0.1009035
0.10371786
0.10653222
0.10934658
0.1009035
0.10371786
0.10653222
0.10934658
0.1009035
0.10371786
0.10653222
0.10934658
0.1009035
0.10371786
0.10653222
0.10934658
0.1009035
0.10371786
0.10653222
0.10934658
0.1009035
0.10371786
0.10653222
0.10934658
0.1009035
0.10371786
0.10653222
0.10934658
0.1009035
0.10371786
0.10653222
0.10934658
0.1009035
0.10371786
0.10653222
0.10934658
0.1009035
0.10371786
0.10653222
0.10934658
0.1009035
0.10371786
0.10653222
0.10934658
0.1009035
0.10371786
0.10653222
0.10934658
0.1009035
0.10371786
0.10653222
0.10934658
0.1009035
0.10371786
0.10653222
0.10934658
0.1009035
0.10371786
0.10653222
0.10934658
0.1009035
0.10371786
0.10653222
0.10934658
0.1009035
0.10371786
0.10653222
0.10934658
0.10145469
0.10424944
0.10704419
0.10983893
0.10145469
0.10424944
0.10704419
0.10983893
0.10145469
0.10424944
0.10704419
0.10983893
0.10145469
0.10424944
0.10704419
0.10983893
0.10145469
0.10424944
0.10704419
0.10983893
0.10145469
0.10424944
0.10704419
0.10983893
0.10145469
0.10424944
0.10704419
0.10983893
0.10145469
0.10424944
0.10704419
0.10983893
0.10145469
0.10424944
0.10704419
0.10983893
0.10145469
0.10424944
0.10704419
0.10983893
0.10145469
0.10424944
0.10704419
0.10983893
0.10145469
0.10424944
0.10704419
0.10983893
0.10145469
0.10424944
0.10704419
0.10983893
0.10145469
0.10424944
0.10704419
0.10983893
0.10145469
0.10424944
0.10704419
0.10983893
0.10145469
0.10424944
0.10704419
0.10983893
0.10145469
0.10424944
0.10704419
0.10983893
0.10145469
0.10424944
0.10704419
0.10983893
0.10145469
0.10424944
0.10704419
0.10983893
0.10145469
0.10424944
0.10704419
0.10983893
0.10145469
0.10424944
0.10704419
0.10983893
0.10145469
0.10424944
0.10704419
0.10983893
0.10145469
0.10424944
0.10704419
0.10983893
0.10145469
0.10424944
0.10704419
0.10983893
0.10200588
0.10478102
0.10755615
0.11033129
0.10200588
0.10478102
0.10755615
0.11033129
0.10200588
0.10478102
0.10755615
0.11033129
0.10200588
0.10478102
0.10755615
0.11033129
0.10200588
0.10478102
0.10755615
0.11033129
0.10200588
0.10478102
0.10755615
0.11033129
0.10200588
0.10478102
0.10755615
0.11033129
0.10200588
0.10478102
0.10755615
0.11033129
0.10200588
0.10478102
0.10755615
0.11033129
0.10200588
0.10478102
0.10755615
0.11033129
0.10200588
0.10478102
0.10755615
0.11033129
0.10200588
0.10478102
0.10755615
0.11033129
0.10200588
0.10478102
0.10755615
0.11033129
0.10200588
0.10478102
0.10755615
0.11033129
0.10200588
0.10478102
0.10755615
0.11033129
0.10200588
0.10478102
0.10755615
0.11033129
0.10200588
0.10478102
0.10755615
0.11033129
0.10200588
0.10478102
0.10755615
0.11033129
0.10200588
0.10478102
0.10755615
0.11033129
0.10200588
0.10478102
0.10755615
0.11033129
0.10200588
0.10478102
0.10755615
0.11033129
0.10200588
0.10478102
0.10755615
0.11033129
0.10200588
0.10478102
0.10755615
0.11033129
0.10200588
0.10478102
0.10755615
0.11033129
0.10255707
0.1053126
0.10806812
0.11082364
0.10255707
0.1053126
0.10806812
0.11082364
0.10255707
0.1053126
0.10806812
0.11082364
0.10255707
0.1053126
0.10806812
0.11082364
0.10255707
0.1053126
0.10806812
0.11082364
0.10255707
0.1053126
0.10806812
0.11082364
0.10255707
0.1053126
0.10806812
0.11082364
0.10255707
0.1053126
0.10806812
0.11082364
0.10255707
0.1053126
0.10806812
0.11082364
0.10255707
0.1053126
0.10806812
0.11082364
0.10255707
0.1053126
0.10806812
0.11082364
0.10255707
0.1053126
0.10806812
0.11082364
0.10255707
0.1053126
0.10806812
0.11082364
0.10255707
0.1053126
0.10806812
0.11082364
0.10255707
0.1053126
0.10806812
0.11082364
0.10255707
0.1053126
0.10806812
0.11082364
0.10255707
0.1053126
0.10806812
0.11082364
0.10255707
0.1053126
0.10806812
0.11082364
0.10255707
0.1053126
0.10806812
0.11082364
0.10255707
0.1053126
0.10806812
0.11082364
0.10255707
0.1053126
0.10806812
0.11082364
0.10255707
0.1053126
0.10806812
0.11082364
0.10255707
0.1053126
0.10806812
0.11082364
0.10255707
0.1053126
0.10806812
0.11082364
0.10310826
0.10584417
0.10858008
0.11131599
0.10310826
0.10584417
0.10858008
0.11131599
0.10310826
0.10584417
0.10858008
0.11131599
0.10310826
0.10584417
0.10858008
0.11131599
0.10310826
0.10584417
0.10858008
0.11131599
0.10310826
0.10584417
0.10858008
0.11131599
0.10310826
0.10584417
0.10858008
0.11131599
0.10310826
0.10584417
0.10858008
0.11131599
0.10310826
0.10584417
0.10858008
0.11131599
0.10310826
0.10584417
0.10858008
0.11131599
0.10310826
0.10584417
0.10858008
0.11131599
0.10310826
0.10584417
0.10858008
0.11131599
0.10310826
0.10584417
0.10858008
0.11131599
0.10310826
0.10584417
0.10858008
0.11131599
0.10310826
0.10584417
0.10858008
0.11131599
0.10310826
0.10584417
0.10858008
0.11131599
0.10310826
0.10584417
0.10858008
0.11131599
0.10310826
0.10584417
0.10858008
0.11131599
0.10310826
0.10584417
0.10858008
0.11131599
0.10310826
0.10584417
0.10858008
0.11131599
0.10310826
0.10584417
0.10858008
0.11131599
0.10310826
0.10584417
0.10858008
0.11131599
0.10310826
0.10584417
0.10858008
0.11131599
0.10310826
0.10584417
0.10858008
0.11131599
0.10365945
0.10637575
0.10909205
0.11180835
0.10365945
0.10637575
0.10909205
0.11180835
0.10365945
0.10637575
0.10909205
0.11180835
0.10365945
0.10637575
0.10909205
0.11180835
0.10365945
0.10637575
0.10909205
0.11180835
0.10365945
0.10637575
0.10909205
0.11180835
0.10365945
0.10637575
0.10909205
0.11180835
0.10365945
0.10637575
0.10909205
0.11180835
0.10365945
0.10637575
0.10909205
0.11180835
0.10365945
0.10637575
0.10909205
0.11180835
0.10365945
0.10637575
0.10909205
0.11180835
0.10365945
0.10637575
0.10909205
0.11180835
0.10365945
0.10637575
0.10909205
0.11180835
0.10365945
0.10637575
0.10909205
0.11180835
0.10365945
0.10637575
0.10909205
0.11180835
0.10365945
0.10637575
0.10909205
0.11180835
0.10365945
0.10637575
0.10909205
0.11180835
0.10365945
0.10637575
0.10909205
0.11180835
0.10365945
0.10637575
0.10909205
0.11180835
0.10365945
0.10637575
0.10909205
0.11180835
0.10365945
0.10637575
0.10909205
0.11180835
0.10365945
0.10637575
0.10909205
0.11180835
0.10365945
0.10637575
0.10909205
0.11180835
0.10365945
0.10637575
0.10909205
0.11180835
0.10421064
0.10690733
0.10960402
0.1123007
0.10421064
0.10690733
0.10960402
0.1123007
0.10421064
0.10690733
0.10960402
0.1123007
0.10421064
0.10690733
0.10960402
0.1123007
0.10421064
0.10690733
0.10960402
0.1123007
0.10421064
0.10690733
0.10960402
0.1123007
0.10421064
0.10690733
0.10960402
0.1123007
0.10421064
0.10690733
0.10960402
0.1123007
0.10421064
0.10690733
0.10960402
0.1123007
0.10421064
0.10690733
0.10960402
0.1123007
0.10421064
0.10690733
0.10960402
0.1123007
0.10421064
0.10690733
0.10960402
0.1123007
0.10421064
0.10690733
0.10960402
0.1123007
0.10421064
0.10690733
0.10960402
0.1123007
0.10421064
0.10690733
0.10960402
0.1123007
0.10421064
0.10690733
0.10960402
0.1123007
0.10421064
0.10690733
0.10960402
0.1123007
0.10421064
0.10690733
0.10960402
0.1123007
0.10421064
0.10690733
0.10960402
0.1123007
0.10421064
0.10690733
0.10960402
0.1123007
0.10421064
0.10690733
0.10960402
0.1123007
0.10421064
0.10690733
0.10960402
0.1123007
0.10421064
0.10690733
0.10960402
0.1123007
0.10421064
0.10690733
0.10960402
0.1123007
0.10476183
0.10743891
0.11011598
0.11279306
0.10476183
0.10743891
0.11011598
0.11279306
0.10476183
0.10743891
0.11011598
0.11279306
0.10476183
0.10743891
0.11011598
0.11279306
0.10476183
0.10743891
0.11011598
0.11279306
0.10476183
0.10743891
0.11011598
0.11279306
0.10476183
0.10743891
0.11011598
0.11279306
0.10476183
0.10743891
0.11011598
0.11279306
0.10476183
0.10743891
0.11011598
0.11279306
0.10476183
0.10743891
0.11011598
0.11279306
0.10476183
0.10743891
0.11011598
0.11279306
0.10476183
0.10743891
0.11011598
0.11279306
0.10476183
0.10743891
0.11011598
0.11279306
0.10476183
0.10743891
0.11011598
0.11279306
0.10476183
0.10743891
0.11011598
0.11279306
0.10476183
0.10743891
0.11011598
0.11279306
0.10476183
0.10743891
0.11011598
0.11279306
0.10476183
0.10743891
0.11011598
0.11279306
0.10476183
0.10743891
0.11011598
0.11279306
0.10476183
0.10743891
0.11011598
0.11279306
0.10476183
0.10743891
0.11011598
0.11279306
0.10476183
0.10743891
0.11011598
0.11279306
0.10476183
0.10743891
0.11011598
0.11279306
0.10476183
0.10743891
0.11011598
0.11279306
0.10531303
0.10797049
0.11062795
0.11328541
0.10531303
0.10797049
0.11062795
0.11328541
0.10531303
0.10797049
0.11062795
0.11328541
0.10531303
0.10797049
0.11062795
0.11328541
0.10531303
0.10797049
0.11062795
0.11328541
0.10531303
0.10797049
0.11062795
0.11328541
0.10531303
0.10797049
0.11062795
0.11328541
0.10531303
0.10797049
0.11062795
0.11328541
0.10531303
0.10797049
0.11062795
0.11328541
0.10531303
0.10797049
0.11062795
0.11328541
0.10531303
0.10797049
0.11062795
0.11328541
0.10531303
0.10797049
0.11062795
0.11328541
0.10531303
0.10797049
0.11062795
0.11328541
0.10531303
0.10797049
0.11062795
0.11328541
0.10531303
0.10797049
0.11062795
0.11328541
0.10531303
0.10797049
0.11062795
0.11328541
0.10531303
0.10797049
0.11062795
0.11328541
0.10531303
0.10797049
0.11062795
0.11328541
0.10531303
0.10797049
0.11062795
0.11328541
0.10531303
0.10797049
0.11062795
0.11328541
0.10531303
0.10797049
0.11062795
0.11328541
0.10531303
0.10797049
0.11062795
0.11328541
0.10531303
0.10797049
0.11062795
0.11328541
0.10531303
0.10797049
0.11062795
0.11328541
0.10586422
0.10850207
0.11113992
0.11377777
0.10586422
0.10850207
0.11113992
0.11377777
0.10586422
0.10850207
0.11113992
0.11377777
0.10586422
0.10850207
0.11113992
0.11377777
0.10586422
0.10850207
0.11113992
0.11377777
0.10586422
0.10850207
0.11113992
0.11377777
0.10586422
0.10850207
0.11113992
0.11377777
0.10586422
0.10850207
0.11113992
0.11377777
0.10586422
0.10850207
0.11113992
0.11377777
0.10586422
0.10850207
0.11113992
0.11377777
0.10586422
0.10850207
0.11113992
0.11377777
0.10586422
0.10850207
0.11113992
0.11377777
0.10586422
0.10850207
0.11113992
0.11377777
0.10586422
0.10850207
0.11113992
0.11377777
0.10586422
0.10850207
0.11113992
0.11377777
0.10586422
0.10850207
0.11113992
0.11377777
0.10586422
0.10850207
0.11113992
0.11377777
0.10586422
0.10850207
0.11113992
0.11377777
0.10586422
0.10850207
0.11113992
0.11377777
0.10586422
0.10850207
0.11113992
0.11377777
0.10586422
0.10850207
0.11113992
0.11377777
0.10586422
0.10850207
0.11113992
0.11377777
0.10586422
0.10850207
0.11113992
0.11377777
0.10586422
0.10850207
0.11113992
0.11377777
0.10641541
0.10903364
0.11165188
0.11427012
0.10641541
0.10903364
0.11165188
0.11427012
0.10641541
0.10903364
0.11165188
0.11427012
0.10641541
0.10903364
0.11165188
0.11427012
0.10641541
0.10903364
0.11165188
0.11427012
0.10641541
0.10903364
0.11165188
0.11427012
0.10641541
0.10903364
0.11165188
0.11427012
0.10641541
0.10903364
0.11165188
0.11427012
0.10641541
0.10903364
0.11165188
0.11427012
0.10641541
0.10903364
0.11165188
0.11427012
0.10641541
0.10903364
0.11165188
0.11427012
0.10641541
0.10903364
0.11165188
0.11427012
0.10641541
0.10903364
0.11165188
0.11427012
0.10641541
0.10903364
0.11165188
0.11427012
0.10641541
0.10903364
0.11165188
0.11427012
0.10641541
0.10903364
0.11165188
0.11427012
0.10641541
0.10903364
0.11165188
0.11427012
0.10641541
0.10903364
0.11165188
0.11427012
0.10641541
0.10903364
0.11165188
0.11427012
0.10641541
0.10903364
0.11165188
0.11427012
0.10641541
0.10903364
0.11165188
0.11427012
0.10641541
0.10903364
0.11165188
0.11427012
0.10641541
0.10903364
0.11165188
0.11427012
0.10641541
0.10903364
0.11165188
0.11427012
0.1069666
0.10956522
0.11216385
0.11476247
0.1069666
0.10956522
0.11216385
0.11476247
0.1069666
0.10956522
0.11216385
0.11476247
0.1069666
0.10956522
0.11216385
0.11476247
0.1069666
0.10956522
0.11216385
0.11476247
0.1069666
0.10956522
0.11216385
0.11476247
0.1069666
0.10956522
0.11216385
0.11476247
0.1069666
0.10956522
0.11216385
0.11476247
0.1069666
0.10956522
0.11216385
0.11476247
0.1069666
0.10956522
0.11216385
0.11476247
0.1069666
0.10956522
0.11216385
0.11476247
0.1069666
0.10956522
0.11216385
0.11476247
0.1069666
0.10956522
0.11216385
0.11476247
0.1069666
0.10956522
0.11216385
0.11476247
0.1069666
0.10956522
0.11216385
0.11476247
0.1069666
0.10956522
0.11216385
0.11476247
0.1069666
0.10956522
0.11216385
0.11476247
0.1069666
0.10956522
0.11216385
0.11476247
0.1069666
0.10956522
0.11216385
0.11476247
0.1069666
0.10956522
0.11216385
0.11476247
0.1069666
0.10956522
0.11216385
0.11476247
0.1069666
0.10956522
0.11216385
0.11476247
0.1069666
0.10956522
0.11216385
0.11476247
0.1069666
0.10956522
0.11216385
0.11476247
0.10653278
0.10967198
0.11281118
0.11595039
0.10653278
0.10967198
0.11281118
0.11595039
0.10653278
0.10967198
0.11281118
0.11595039
0.10653278
0.10967198
0.11281118
0.11595039
0.10653278
0.10967198
0.11281118
0.11595039
0.10653278
0.10967198
0.11281118
0.11595039
0.10653278
0.10967198
0.11281118
0.11595039
0.10653278
0.10967198
0.11281118
0.11595039
0.10653278
0.10967198
0.11281118
0.11595039
0.10653278
0.10967198
0.11281118
0.11595039
0.10653278
0.10967198
0.11281118
0.11595039
0.10653278
0.10967198
0.11281118
0.11595039
0.10653278
0.10967198
0.11281118
0.11595039
0.10653278
0.10967198
0.11281118
0.11595039
0.10653278
0.10967198
0.11281118
0.11595039
0.10653278
0.10967198
0.11281118
0.11595039
0.10653278
0.10967198
0.11281118
0.11595039
0.10653278
0.10967198
0.11281118
0.11595039
0.10653278
0.10967198
0.11281118
0.11595039
0.10653278
0.10967198
0.11281118
0.11595039
0.10653278
0.10967198
0.11281118
0.11595039
0.10653278
0.10967198
0.11281118
0.11595039
0.10653278
0.10967198
0.11281118
0.11595039
0.10653278
0.10967198
0.11281118
0.11595039
0.10700523
0.11012425
0.11324326
0.11636228
0.10700523
0.11012425
0.11324326
0.11636228
0.10700523
0.11012425
0.11324326
0.11636228
0.10700523
0.11012425
0.11324326
0.11636228
0.10700523
0.11012425
0.11324326
0.11636228
0.10700523
0.11012425
0.11324326
0.11636228
0.10700523
0.11012425
0.11324326
0.11636228
0.10700523
0.11012425
0.11324326
0.11636228
0.10700523
0.11012425
0.11324326
0.11636228
0.10700523
0.11012425
0.11324326
0.11636228
0.10700523
0.11012425
0.11324326
0.11636228
0.10700523
0.11012425
0.11324326
0.11636228
0.10700523
0.11012425
0.11324326
0.11636228
0.10700523
0.11012425
0.11324326
0.11636228
0.10700523
0.11012425
0.11324326
0.11636228
0.10700523
0.11012425
0.11324326
0.11636228
0.10700523
0.11012425
0.11324326
0.11636228
0.10700523
0.11012425
0.11324326
0.11636228
0.10700523
0.11012425
0.11324326
0.11636228
0.10700523
0.11012425
0.11324326
0.11636228
0.10700523
0.11012425
0.11324326
0.11636228
0.10700523
0.11012425
0.11324326
0.11636228
0.10700523
0.11012425
0.11324326
0.11636228
0.10700523
0.11012425
0.11324326
0.11636228
0.10747769
0.11057651
0.11367534
0.11677417
0.10747769
0.11057651
0.11367534
0.11677417
0.10747769
0.11057651
0.11367534
0.11677417
0.10747769
0.11057651
0.11367534
0.11677417
0.10747769
0.11057651
0.11367534
0.11677417
0.10747769
0.11057651
0.11367534
0.11677417
0.10747769
0.11057651
0.11367534
0.11677417
0.10747769
0.11057651
0.11367534
0.11677417
0.10747769
0.11057651
0.11367534
0.11677417
0.10747769
0.11057651
0.11367534
0.11677417
0.10747769
0.11057651
0.11367534
0.11677417
0.10747769
0.11057651
0.11367534
0.11677417
0.10747769
0.11057651
0.11367534
0.11677417
0.10747769
0.11057651
0.11367534
0.11677417
0.10747769
0.11057651
0.11367534
0.11677417
0.10747769
0.11057651
0.11367534
0.11677417
0.10747769
0.11057651
0.11367534
0.11677417
0.10747769
0.11057651
0.11367534
0.11677417
0.10747769
0.11057651
0.11367534
0.11677417
0.10747769
0.11057651
0.11367534
0.11677417
0.10747769
0.11057651
0.11367534
0.11677417
0.10747769
0.11057651
0.11367534
0.11677417
0.10747769
0.11057651
0.11367534
0.11677417
0.10747769
0.11057651
0.11367534
0.11677417
0.10795014
0.11102878
0.11410742
0.11718606
0.10795014
0.11102878
0.11410742
0.11718606
0.10795014
0.11102878
0.11410742
0.11718606
0.10795014
0.11102878
0.11410742
0.11718606
0.10795014
0.11102878
0.11410742
0.11718606
0.10795014
0.11102878
0.11410742
0.11718606
0.10795014
0.11102878
0.11410742
0.11718606
0.10795014
0.11102878
0.11410742
0.11718606
0.10795014
0.11102878
0.11410742
0.11718606
0.10795014
0.11102878
0.11410742
0.11718606
0.10795014
0.11102878
0.11410742
0.11718606
0.10795014
0.11102878
0.11410742
0.11718606
0.10795014
0.11102878
0.11410742
0.11718606
0.10795014
0.11102878
0.11410742
0.11718606
0.10795014
0.11102878
0.11410742
0.11718606
0.10795014
0.11102878
0.11410742
0.11718606
0.10795014
0.11102878
0.11410742
0.11718606
0.10795014
0.11102878
0.11410742
0.11718606
0.10795014
0.11102878
0.11410742
0.11718606
0.10795014
0.11102878
0.11410742
0.11718606
0.10795014
0.11102878
0.11410742
0.11718606
0.10795014
0.11102878
0.11410742
0.11718606
0.10795014
0.11102878
0.11410742
0.11718606
0.10795014
0.11102878
0.11410742
0.11718606
0.1084226
0.11148105
0.1145395
0.11759795
0.1084226
0.11148105
0.1145395
0.11759795
0.1084226
0.11148105
0.1145395
0.11759795
0.1084226
0.11148105
0.1145395
0.11759795
0.1084226
0.11148105
0.1145395
0.11759795
0.1084226
0.11148105
0.1145395
0.11759795
0.1084226
0.11148105
0.1145395
0.11759795
0.1084226
0.11148105
0.1145395
0.11759795
0.1084226
0.11148105
0.1145395
0.11759795
0.1084226
0.11148105
0.1145395
0.11759795
0.1084226
0.11148105
0.1145395
0.11759795
0.1084226
0.11148105
0.1145395
0.11759795
0.1084226
0.11148105
0.1145395
0.11759795
0.1084226
0.11148105
0.1145395
0.11759795
0.1084226
0.11148105
0.1145395
0.11759795
0.1084226
0.11148105
0.1145395
0.11759795
0.1084226
0.11148105
0.1145395
0.11759795
0.1084226
0.11148105
0.1145395
0.11759795
0.1084226
0.11148105
0.1145395
0.11759795
0.1084226
0.11148105
0.1145395
0.11759795
0.1084226
0.11148105
0.1145395
0.11759795
0.1084226
0.11148105
0.1145395
0.11759795
0.1084226
0.11148105
0.1145395
0.11759795
0.1084226
0.11148105
0.1145395
0.11759795
0.10889505
0.11193332
0.11497158
0.11800985
0.10889505
0.11193332
0.11497158
0.11800985
0.10889505
0.11193332
0.11497158
0.11800985
0.10889505
0.11193332
0.11497158
0.11800985
0.10889505
0.11193332
0.11497158
0.11800985
0.10889505
0.11193332
0.11497158
0.11800985
0.10889505
0.11193332
0.11497158
0.11800985
0.10889505
0.11193332
0.11497158
0.11800985
0.10889505
0.11193332
0.11497158
0.11800985
0.10889505
0.11193332
0.11497158
0.11800985
0.10889505
0.11193332
0.11497158
0.11800985
0.10889505
0.11193332
0.11497158
0.11800985
0.10889505
0.11193332
0.11497158
0.11800985
0.10889505
0.11193332
0.11497158
0.11800985
0.10889505
0.11193332
0.11497158
0.11800985
0.10889505
0.11193332
0.11497158
0.11800985
0.10889505
0.11193332
0.11497158
0.11800985
0.10889505
0.11193332
0.11497158
0.11800985
0.10889505
0.11193332
0.11497158
0.11800985
0.10889505
0.11193332
0.11497158
0.11800985
0.10889505
0.11193332
0.11497158
0.11800985
0.10889505
0.11193332
0.11497158
0.11800985
0.10889505
0.11193332
0.11497158
0.11800985
0.10889505
0.11193332
0.11497158
0.11800985
0.1093675
0.11238558
0.11540366
0.11842174
0.1093675
0.11238558
0.11540366
0.11842174
0.1093675
0.11238558
0.11540366
0.11842174
0.1093675
0.11238558
0.11540366
0.11842174
0.1093675
0.11238558
0.11540366
0.11842174
0.1093675
0.11238558
0.11540366
0.11842174
0.1093675
0.11238558
0.11540366
0.11842174
0.1093675
0.11238558
0.11540366
0.11842174
0.1093675
0.11238558
0.11540366
0.11842174
0.1093675
0.11238558
0.11540366
0.11842174
0.1093675
0.11238558
0.11540366
0.11842174
0.1093675
0.11238558
0.11540366
0.11842174
0.1093675
0.11238558
0.11540366
0.11842174
0.1093675
0.11238558
0.11540366
0.11842174
0.1093675
0.11238558
0.11540366
0.11842174
0.1093675
0.11238558
0.11540366
0.11842174
0.1093675
0.11238558
0.11540366
0.11842174
0.1093675
0.11238558
0.11540366
0.11842174
0.1093675
0.11238558
0.11540366
0.11842174
0.1093675
0.11238558
0.11540366
0.11842174
0.1093675
0.11238558
0.11540366
0.11842174
0.1093675
0.11238558
0.11540366
0.11842174
0.1093675
0.11238558
0.11540366
0.11842174
0.1093675
0.11238558
0.11540366
0.11842174
0.10983996
0.11283785
0.11583574
0.11883363
0.10983996
0.11283785
0.11583574
0.11883363
0.10983996
0.11283785
0.11583574
0.11883363
0.10983996
0.11283785
0.11583574
0.11883363
0.10983996
0.11283785
0.11583574
0.11883363
0.10983996
0.11283785
0.11583574
0.11883363
0.10983996
0.11283785
0.11583574
0.11883363
0.10983996
0.11283785
0.11583574
0.11883363
0.10983996
0.11283785
0.11583574
0.11883363
0.10983996
0.11283785
0.11583574
0.11883363
0.10983996
0.11283785
0.11583574
0.11883363
0.10983996
0.11283785
0.11583574
0.11883363
0.10983996
0.11283785
0.11583574
0.11883363
0.10983996
0.11283785
0.11583574
0.11883363
0.10983996
0.11283785
0.11583574
0.11883363
0.10983996
0.11283785
0.11583574
0.11883363
0.10983996
0.11283785
0.11583574
0.11883363
0.10983996
0.11283785
0.11583574
0.11883363
0.10983996
0.11283785
0.11583574
0.11883363
0.10983996
0.11283785
0.11583574
0.11883363
0.10983996
0.11283785
0.11583574
0.11883363
0.10983996
0.11283785
0.11583574
0.11883363
0.10983996
0.11283785
0.11583574
0.11883363
0.10983996
0.11283785
0.11583574
0.11883363
0.11031241
0.11329012
0.11626782
0.11924552
0.11031241
0.11329012
0.11626782
0.11924552
0.11031241
0.11329012
0.11626782
0.11924552
0.11031241
0.11329012
0.11626782
0.11924552
0.11031241
0.11329012
0.11626782
0.11924552
0.11031241
0.11329012
0.11626782
0.11924552
0.11031241
0.11329012
0.11626782
0.11924552
0.11031241
0.11329012
0.11626782
0.11924552
0.11031241
0.11329012
0.11626782
0.11924552
0.11031241
0.11329012
0.11626782
0.11924552
0.11031241
0.11329012
0.11626782
0.11924552
0.11031241
0.11329012
0.11626782
0.11924552
0.11031241
0.11329012
0.11626782
0.11924552
0.11031241
0.11329012
0.11626782
0.11924552
0.11031241
0.11329012
0.11626782
0.11924552
0.11031241
0.11329012
0.11626782
0.11924552
0.11031241
0.11329012
0.11626782
0.11924552
0.11031241
0.11329012
0.11626782
0.11924552
0.11031241
0.11329012
0.11626782
0.11924552
0.11031241
0.11329012
0.11626782
0.11924552
0.11031241
0.11329012
0.11626782
0.11924552
0.11031241
0.11329012
0.11626782
0.11924552
0.11031241
0.11329012
0.11626782
0.11924552
0.11031241
0.11329012
0.11626782
0.11924552
0.11078487
0.11374238
0.1166999
0.11965741
0.11078487
0.11374238
0.1166999
0.11965741
0.11078487
0.11374238
0.1166999
0.11965741
0.11078487
0.11374238
0.1166999
0.11965741
0.11078487
0.11374238
0.1166999
0.11965741
0.11078487
0.11374238
0.1166999
0.11965741
0.11078487
0.11374238
0.1166999
0.11965741
0.11078487
0.11374238
0.1166999
0.11965741
0.11078487
0.11374238
0.1166999
0.11965741
0.11078487
0.11374238
0.1166999
0.11965741
0.11078487
0.11374238
0.1166999
0.11965741
0.11078487
0.11374238
0.1166999
0.11965741
0.11078487
0.11374238
0.1166999
0.11965741
0.11078487
0.11374238
0.1166999
0.11965741
0.11078487
0.11374238
0.1166999
0.11965741
0.11078487
0.11374238
0.1166999
0.11965741
0.11078487
0.11374238
0.1166999
0.11965741
0.11078487
0.11374238
0.1166999
0.11965741
0.11078487
0.11374238
0.1166999
0.11965741
0.11078487
0.11374238
0.1166999
0.11965741
0.11078487
0.11374238
0.1166999
0.11965741
0.11078487
0.11374238
0.1166999
0.11965741
0.11078487
0.11374238
0.1166999
0.11965741
0.11078487
0.11374238
0.1166999
0.11965741
0.11125732
0.11419465
0.11713198
0.1200693
0.11125732
0.11419465
0.11713198
0.1200693
0.11125732
0.11419465
0.11713198
0.1200693
0.11125732
0.11419465
0.11713198
0.1200693
0.11125732
0.11419465
0.11713198
0.1200693
0.11125732
0.11419465
0.11713198
0.1200693
0.11125732
0.11419465
0.11713198
0.1200693
0.11125732
0.11419465
0.11713198
0.1200693
0.11125732
0.11419465
0.11713198
0.1200693
0.11125732
0.11419465
0.11713198
0.1200693
0.11125732
0.11419465
0.11713198
0.1200693
0.11125732
0.11419465
0.11713198
0.1200693
0.11125732
0.11419465
0.11713198
0.1200693
0.11125732
0.11419465
0.11713198
0.1200693
0.11125732
0.11419465
0.11713198
0.1200693
0.11125732
0.11419465
0.11713198
0.1200693
0.11125732
0.11419465
0.11713198
0.1200693
0.11125732
0.11419465
0.11713198
0.1200693
0.11125732
0.11419465
0.11713198
0.1200693
0.11125732
0.11419465
0.11713198
0.1200693
0.11125732
0.11419465
0.11713198
0.1200693
0.11125732
0.11419465
0.11713198
0.1200693
0.11125732
0.11419465
0.11713198
0.1200693
0.11125732
0.11419465
0.11713198
0.1200693
0.11172978
0.11464692
0.11756406
0.1204812
0.11172978
0.11464692
0.11756406
0.1204812
0.11172978
0.11464692
0.11756406
0.1204812
0.11172978
0.11464692
0.11756406
0.1204812
0.11172978
0.11464692
0.11756406
0.1204812
0.11172978
0.11464692
0.11756406
0.1204812
0.11172978
0.11464692
0.11756406
0.1204812
0.11172978
0.11464692
0.11756406
0.1204812
0.11172978
0.11464692
0.11756406
0.1204812
0.11172978
0.11464692
0.11756406
0.1204812
0.11172978
0.11464692
0.11756406
0.1204812
0.11172978
0.11464692
0.11756406
0.1204812
0.11172978
0.11464692
0.11756406
0.1204812
0.11172978
0.11464692
0.11756406
0.1204812
0.11172978
0.11464692
0.11756406
0.1204812
0.11172978
0.11464692
0.11756406
0.1204812
0.11172978
0.11464692
0.11756406
0.1204812
0.11172978
0.11464692
0.11756406
0.1204812
0.11172978
0.11464692
0.11756406
0.1204812
0.11172978
0.11464692
0.11756406
0.1204812
0.11172978
0.11464692
0.11756406
0.1204812
0.11172978
0.11464692
0.11756406
0.1204812
0.11172978
0.11464692
0.11756406
0.1204812
0.11172978
0.11464692
0.11756406
0.1204812
0.11220223
0.11509918
0.11799614
0.12089309
0.11220223
0.11509918
0.11799614
0.12089309
0.11220223
0.11509918
0.11799614
0.12089309
0.11220223
0.11509918
0.11799614
0.12089309
0.11220223
0.11509918
0.11799614
0.12089309
0.11220223
0.11509918
0.11799614
0.12089309
0.11220223
0.11509918
0.11799614
0.12089309
0.11220223
0.11509918
0.11799614
0.12089309
0.11220223
0.11509918
0.11799614
0.12089309
0.11220223
0.11509918
0.11799614
0.12089309
0.11220223
0.11509918
0.11799614
0.12089309
0.11220223
0.11509918
0.11799614
0.12089309
0.11220223
0.11509918
0.11799614
0.12089309
0.11220223
0.11509918
0.11799614
0.12089309
0.11220223
0.11509918
0.11799614
0.12089309
0.11220223
0.11509918
0.11799614
0.12089309
0.11220223
0.11509918
0.11799614
0.12089309
0.11220223
0.11509918
0.11799614
0.12089309
0.11220223
0.11509918
0.11799614
0.12089309
0.11220223
0.11509918
0.11799614
0.12089309
0.11220223
0.11509918
0.11799614
0.12089309
0.11220223
0.11509918
0.11799614
0.12089309
0.11220223
0.11509918
0.11799614
0.12089309
0.11220223
0.11509918
0.11799614
0.12089309
0.11267469
0.11555145
0.11842821
0.12130498
0.11267469
0.11555145
0.11842821
0.12130498
0.11267469
0.11555145
0.11842821
0.12130498
0.11267469
0.11555145
0.11842821
0.12130498
0.11267469
0.11555145
0.11842821
0.12130498
0.11267469
0.11555145
0.11842821
0.12130498
0.11267469
0.11555145
0.11842821
0.12130498
0.11267469
0.11555145
0.11842821
0.12130498
0.11267469
0.11555145
0.11842821
0.12130498
0.11267469
0.11555145
0.11842821
0.12130498
0.11267469
0.11555145
0.11842821
0.12130498
0.11267469
0.11555145
0.11842821
0.12130498
0.11267469
0.11555145
0.11842821
0.12130498
0.11267469
0.11555145
0.11842821
0.12130498
0.11267469
0.11555145
0.11842821
0.12130498
0.11267469
0.11555145
0.11842821
0.12130498
0.11267469
0.11555145
0.11842821
0.12130498
0.11267469
0.11555145
0.11842821
0.12130498
0.11267469
0.11555145
0.11842821
0.12130498
0.11267469
0.11555145
0.11842821
0.12130498
0.11267469
0.11555145
0.11842821
0.12130498
0.11267469
0.11555145
0.11842821
0.12130498
0.11267469
0.11555145
0.11842821
0.12130498
0.11267469
0.11555145
0.11842821
0.12130498
0.11314714
0.11600372
0.11886029
0.12171687
0.11314714
0.11600372
0.11886029
0.12171687
0.11314714
0.11600372
0.11886029
0.12171687
0.11314714
0.11600372
0.11886029
0.12171687
0.11314714
0.11600372
0.11886029
0.12171687
0.11314714
0.11600372
0.11886029
0.12171687
0.11314714
0.11600372
0.11886029
0.12171687
0.11314714
0.11600372
0.11886029
0.12171687
0.11314714
0.11600372
0.11886029
0.12171687
0.11314714
0.11600372
0.11886029
0.12171687
0.11314714
0.11600372
0.11886029
0.12171687
0.11314714
0.11600372
0.11886029
0.12171687
0.11314714
0.11600372
0.11886029
0.12171687
0.11314714
0.11600372
0.11886029
0.12171687
0.11314714
0.11600372
0.11886029
0.12171687
0.11314714
0.11600372
0.11886029
0.12171687
0.11314714
0.11600372
0.11886029
0.12171687
0.11314714
0.11600372
0.11886029
0.12171687
0.11314714
0.11600372
0.11886029
0.12171687
0.11314714
0.11600372
0.11886029
0.12171687
0.11314714
0.11600372
0.11886029
0.12171687
0.11314714
0.11600372
0.11886029
0.12171687
0.11314714
0.11600372
0.11886029
0.12171687
0.11314714
0.11600372
0.11886029
0.12171687
0.1136196
0.11645598
0.11929237
0.12212876
0.1136196
0.11645598
0.11929237
0.12212876
0.1136196
0.11645598
0.11929237
0.12212876
0.1136196
0.11645598
0.11929237
0.12212876
0.1136196
0.11645598
0.11929237
0.12212876
0.1136196
0.11645598
0.11929237
0.12212876
0.1136196
0.11645598
0.11929237
0.12212876
0.1136196
0.11645598
0.11929237
0.12212876
0.1136196
0.11645598
0.11929237
0.12212876
0.1136196
0.11645598
0.11929237
0.12212876
0.1136196
0.11645598
0.11929237
0.12212876
0.1136196
0.11645598
0.11929237
0.12212876
0.1136196
0.11645598
0.11929237
0.12212876
0.1136196
0.11645598
0.11929237
0.12212876
0.1136196
0.11645598
0.11929237
0.12212876
0.1136196
0.11645598
0.11929237
0.12212876
0.1136196
0.11645598
0.11929237
0.12212876
0.1136196
0.11645598
0.11929237
0.12212876
0.1136196
0.11645598
0.11929237
0.12212876
0.1136196
0.11645598
0.11929237
0.12212876
0.1136196
0.11645598
0.11929237
0.12212876
0.1136196
0.11645598
0.11929237
0.12212876
0.1136196
0.11645598
0.11929237
0.12212876
0.1136196
0.11645598
0.11929237
0.12212876
0.11409205
0.11690825
0.11972445
0.12254065
0.11409205
0.11690825
0.11972445
0.12254065
0.11409205
0.11690825
0.11972445
0.12254065
0.11409205
0.11690825
0.11972445
0.12254065
0.11409205
0.11690825
0.11972445
0.12254065
0.11409205
0.11690825
0.11972445
0.12254065
0.11409205
0.11690825
0.11972445
0.12254065
0.11409205
0.11690825
0.11972445
0.12254065
0.11409205
0.11690825
0.11972445
0.12254065
0.11409205
0.11690825
0.11972445
0.12254065
0.11409205
0.11690825
0.11972445
0.12254065
0.11409205
0.11690825
0.11972445
0.12254065
0.11409205
0.11690825
0.11972445
0.12254065
0.11409205
0.11690825
0.11972445
0.12254065
0.11409205
0.11690825
0.11972445
0.12254065
0.11409205
0.11690825
0.11972445
0.12254065
0.11409205
0.11690825
0.11972445
0.12254065
0.11409205
0.11690825
0.11972445
0.12254065
0.11409205
0.11690825
0.11972445
0.12254065
0.11409205
0.11690825
0.11972445
0.12254065
0.11409205
0.11690825
0.11972445
0.12254065
0.11409205
0.11690825
0.11972445
0.12254065
0.11409205
0.11690825
0.11972445
0.12254065
0.11409205
0.11690825
0.11972445
0.12254065
0.1145645
0.11736052
0.12015653
0.12295254
0.1145645
0.11736052
0.12015653
0.12295254
0.1145645
0.11736052
0.12015653
0.12295254
0.1145645
0.11736052
0.12015653
0.12295254
0.1145645
0.11736052
0.12015653
0.12295254
0.1145645
0.11736052
0.12015653
0.12295254
0.1145645
0.11736052
0.12015653
0.12295254
0.1145645
0.11736052
0.12015653
0.12295254
0.1145645
0.11736052
0.12015653
0.12295254
0.1145645
0.11736052
0.12015653
0.12295254
0.1145645
0.11736052
0.12015653
0.12295254
0.1145645
0.11736052
0.12015653
0.12295254
0.1145645
0.11736052
0.12015653
0.12295254
0.1145645
0.11736052
0.12015653
0.12295254
0.1145645
0.11736052
0.12015653
0.12295254
0.1145645
0.11736052
0.12015653
0.12295254
0.1145645
0.11736052
0.12015653
0.12295254
0.1145645
0.11736052
0.12015653
0.12295254
0.1145645
0.11736052
0.12015653
0.12295254
0.1145645
0.11736052
0.12015653
0.12295254
0.1145645
0.11736052
0.12015653
0.12295254
0.1145645
0.11736052
0.12015653
0.12295254
0.1145645
0.11736052
0.12015653
0.12295254
0.1145645
0.11736052
0.12015653
0.12295254
0.11503696
0.11781278
0.12058861
0.12336444
0.11503696
0.11781278
0.12058861
0.12336444
0.11503696
0.11781278
0.12058861
0.12336444
0.11503696
0.11781278
0.12058861
0.12336444
0.11503696
0.11781278
0.12058861
0.12336444
0.11503696
0.11781278
0.12058861
0.12336444
0.11503696
0.11781278
0.12058861
0.12336444
0.11503696
0.11781278
0.12058861
0.12336444
0.11503696
0.11781278
0.12058861
0.12336444
0.11503696
0.11781278
0.12058861
0.12336444
0.11503696
0.11781278
0.12058861
0.12336444
0.11503696
0.11781278
0.12058861
0.12336444
0.11503696
0.11781278
0.12058861
0.12336444
0.11503696
0.11781278
0.12058861
0.12336444
0.11503696
0.11781278
0.12058861
0.12336444
0.11503696
0.11781278
0.12058861
0.12336444
0.11503696
0.11781278
0.12058861
0.12336444
0.11503696
0.11781278
0.12058861
0.12336444
0.11503696
0.11781278
0.12058861
0.12336444
0.11503696
0.11781278
0.12058861
0.12336444
0.11503696
0.11781278
0.12058861
0.12336444
0.11503696
0.11781278
0.12058861
0.12336444
0.11503696
0.11781278
0.12058861
0.12336444
0.11503696
0.11781278
0.12058861
0.12336444
0.11550941
0.11826505
0.12102069
0.12377633
0.11550941
0.11826505
0.12102069
0.12377633
0.11550941
0.11826505
0.12102069
0.12377633
0.11550941
0.11826505
0.12102069
0.12377633
0.11550941
0.11826505
0.12102069
0.12377633
0.11550941
0.11826505
0.12102069
0.12377633
0.11550941
0.11826505
0.12102069
0.12377633
0.11550941
0.11826505
0.12102069
0.12377633
0.11550941
0.11826505
0.12102069
0.12377633
0.11550941
0.11826505
0.12102069
0.12377633
0.11550941
0.11826505
0.12102069
0.12377633
0.11550941
0.11826505
0.12102069
0.12377633
0.11550941
0.11826505
0.12102069
0.12377633
0.11550941
0.11826505
0.12102069
0.12377633
0.11550941
0.11826505
0.12102069
0.12377633
0.11550941
0.11826505
0.12102069
0.12377633
0.11550941
0.11826505
0.12102069
0.12377633
0.11550941
0.11826505
0.12102069
0.12377633
0.11550941
0.11826505
0.12102069
0.12377633
0.11550941
0.11826505
0.12102069
0.12377633
0.11550941
0.11826505
0.12102069
0.12377633
0.11550941
0.11826505
0.12102069
0.12377633
0.11550941
0.11826505
0.12102069
0.12377633
0.11550941
0.11826505
0.12102069
0.12377633
0.11598187
0.11871732
0.12145277
0.12418822
0.11598187
0.11871732
0.12145277
0.12418822
0.11598187
0.11871732
0.12145277
0.12418822
0.11598187
0.11871732
0.12145277
0.12418822
0.11598187
0.11871732
0.12145277
0.12418822
0.11598187
0.11871732
0.12145277
0.12418822
0.11598187
0.11871732
0.12145277
0.12418822
0.11598187
0.11871732
0.12145277
0.12418822
0.11598187
0.11871732
0.12145277
0.12418822
0.11598187
0.11871732
0.12145277
0.12418822
0.11598187
0.11871732
0.12145277
0.12418822
0.11598187
0.11871732
0.12145277
0.12418822
0.11598187
0.11871732
0.12145277
0.12418822
0.11598187
0.11871732
0.12145277
0.12418822
0.11598187
0.11871732
0.12145277
0.12418822
0.11598187
0.11871732
0.12145277
0.12418822
0.11598187
0.11871732
0.12145277
0.12418822
0.11598187
0.11871732
0.12145277
0.12418822
0.11598187
0.11871732
0.12145277
0.12418822
0.11598187
0.11871732
0.12145277
0.12418822
0.11598187
0.11871732
0.12145277
0.12418822
0.11598187
0.11871732
0.12145277
0.12418822
0.11598187
0.11871732
0.12145277
0.12418822
0.11598187
0.11871732
0.12145277
0.12418822
0.11645432
0.11916958
0.12188485
0.12460011
0.11645432
0.11916958
0.12188485
0.12460011
0.11645432
0.11916958
0.12188485
0.12460011
0.11645432
0.11916958
0.12188485
0.12460011
0.11645432
0.11916958
0.12188485
0.12460011
0.11645432
0.11916958
0.12188485
0.12460011
0.11645432
0.11916958
0.12188485
0.12460011
0.11645432
0.11916958
0.12188485
0.12460011
0.11645432
0.11916958
0.12188485
0.12460011
0.11645432
0.11916958
0.12188485
0.12460011
0.11645432
0.11916958
0.12188485
0.12460011
0.11645432
0.11916958
0.12188485
0.12460011
0.11645432
0.11916958
0.12188485
0.12460011
0.11645432
0.11916958
0.12188485
0.12460011
0.11645432
0.11916958
0.12188485
0.12460011
0.11645432
0.11916958
0.12188485
0.12460011
0.11645432
0.11916958
0.12188485
0.12460011
0.11645432
0.11916958
0.12188485
0.12460011
0.11645432
0.11916958
0.12188485
0.12460011
0.11645432
0.11916958
0.12188485
0.12460011
0.11645432
0.11916958
0.12188485
0.12460011
0.11645432
0.11916958
0.12188485
0.12460011
0.11645432
0.11916958
0.12188485
0.12460011
0.11645432
0.11916958
0.12188485
0.12460011
0.11692678
0.11962185
0.12231693
0.125012
0.11692678
0.11962185
0.12231693
0.125012
0.11692678
0.11962185
0.12231693
0.125012
0.11692678
0.11962185
0.12231693
0.125012
0.11692678
0.11962185
0.12231693
0.125012
0.11692678
0.11962185
0.12231693
0.125012
0.11692678
0.11962185
0.12231693
0.125012
0.11692678
0.11962185
0.12231693
0.125012
0.11692678
0.11962185
0.12231693
0.125012
0.11692678
0.11962185
0.12231693
0.125012
0.11692678
0.11962185
0.12231693
0.125012
0.11692678
0.11962185
0.12231693
0.125012
0.11692678
0.11962185
0.12231693
0.125012
0.11692678
0.11962185
0.12231693
0.125012
0.11692678
0.11962185
0.12231693
0.125012
0.11692678
0.11962185
0.12231693
0.125012
0.11692678
0.11962185
0.12231693
0.125012
0.11692678
0.11962185
0.12231693
0.125012
0.11692678
0.11962185
0.12231693
0.125012
0.11692678
0.11962185
0.12231693
0.125012
0.11692678
0.11962185
0.12231693
0.125012
0.11692678
0.11962185
0.12231693
0.125012
0.11692678
0.11962185
0.12231693
0.125012
0.11692678
0.11962185
0.12231693
0.125012
0.11739923
0.12007412
0.122749
0.12542389
0.11739923
0.12007412
0.122749
0.12542389
0.11739923
0.12007412
0.122749
0.12542389
0.11739923
0.12007412
0.122749
0.12542389
0.11739923
0.12007412
0.122749
0.12542389
0.11739923
0.12007412
0.122749
0.12542389
0.11739923
0.12007412
0.122749
0.12542389
0.11739923
0.12007412
0.122749
0.12542389
0.11739923
0.12007412
0.122749
0.12542389
0.11739923
0.12007412
0.122749
0.12542389
0.11739923
0.12007412
0.122749
0.12542389
0.11739923
0.12007412
0.122749
0.12542389
0.11739923
0.12007412
0.122749
0.12542389
0.11739923
0.12007412
0.122749
0.12542389
0.11739923
0.12007412
0.122749
0.12542389
0.11739923
0.12007412
0.122749
0.12542389
0.11739923
0.12007412
0.122749
0.12542389
0.11739923
0.12007412
0.122749
0.12542389
0.11739923
0.12007412
0.122749
0.12542389
0.11739923
0.12007412
0.122749
0.12542389
0.11739923
0.12007412
0.122749
0.12542389
0.11739923
0.12007412
0.122749
0.12542389
0.11739923
0.12007412
0.122749
0.12542389
0.11739923
0.12007412
0.122749
0.12542389
0.11912685
0.12234058
0.1255543
0.12876803
0.11912685
0.12234058
0.1255543
0.12876803
0.11912685
0.12234058
0.1255543
0.12876803
0.11912685
0.12234058
0.1255543
0.12876803
0.11912685
0.12234058
0.1255543
0.12876803
0.11912685
0.12234058
0.1255543
0.12876803
0.11912685
0.12234058
0.1255543
0.12876803
0.11912685
0.12234058
0.1255543
0.12876803
0.11912685
0.12234058
0.1255543
0.12876803
0.11912685
0.12234058
0.1255543
0.12876803
0.11912685
0.12234058
0.1255543
0.12876803
0.11912685
0.12234058
0.1255543
0.12876803
0.11912685
0.12234058
0.1255543
0.12876803
0.11912685
0.12234058
0.1255543
0.12876803
0.11912685
0.12234058
0.1255543
0.12876803
0.11912685
0.12234058
0.1255543
0.12876803
0.11912685
0.12234058
0.1255543
0.12876803
0.11912685
0.12234058
0.1255543
0.12876803
0.11912685
0.12234058
0.1255543
0.12876803
0.11912685
0.12234058
0.1255543
0.12876803
0.11912685
0.12234058
0.1255543
0.12876803
0.11912685
0.12234058
0.1255543
0.12876803
0.11912685
0.12234058
0.1255543
0.12876803
0.11912685
0.12234058
0.1255543
0.12876803
0.11951832
0.12271138
0.12590443
0.12909749
0.11951832
0.12271138
0.12590443
0.12909749
0.11951832
0.12271138
0.12590443
0.12909749
0.11951832
0.12271138
0.12590443
0.12909749
0.11951832
0.12271138
0.12590443
0.12909749
0.11951832
0.12271138
0.12590443
0.12909749
0.11951832
0.12271138
0.12590443
0.12909749
0.11951832
0.12271138
0.12590443
0.12909749
0.11951832
0.12271138
0.12590443
0.12909749
0.11951832
0.12271138
0.12590443
0.12909749
0.11951832
0.12271138
0.12590443
0.12909749
0.11951832
0.12271138
0.12590443
0.12909749
0.11951832
0.12271138
0.12590443
0.12909749
0.11951832
0.12271138
0.12590443
0.12909749
0.11951832
0.12271138
0.12590443
0.12909749
0.11951832
0.12271138
0.12590443
0.12909749
0.11951832
0.12271138
0.12590443
0.12909749
0.11951832
0.12271138
0.12590443
0.12909749
0.11951832
0.12271138
0.12590443
0.12909749
0.11951832
0.12271138
0.12590443
0.12909749
0.11951832
0.12271138
0.12590443
0.12909749
0.11951832
0.12271138
0.12590443
0.12909749
0.11951832
0.12271138
0.12590443
0.12909749
0.11951832
0.12271138
0.12590443
0.12909749
0.11990978
0.12308217
0.12625457
0.12942696
0.11990978
0.12308217
0.12625457
0.12942696
0.11990978
0.12308217
0.12625457
0.12942696
0.11990978
0.12308217
0.12625457
0.12942696
0.11990978
0.12308217
0.12625457
0.12942696
0.11990978
0.12308217
0.12625457
0.12942696
0.11990978
0.12308217
0.12625457
0.12942696
0.11990978
0.12308217
0.12625457
0.12942696
0.11990978
0.12308217
0.12625457
0.12942696
0.11990978
0.12308217
0.12625457
0.12942696
0.11990978
0.12308217
0.12625457
0.12942696
0.11990978
0.12308217
0.12625457
0.12942696
0.11990978
0.12308217
0.12625457
0.12942696
0.11990978
0.12308217
0.12625457
0.12942696
0.11990978
0.12308217
0.12625457
0.12942696
0.11990978
0.12308217
0.12625457
0.12942696
0.11990978
0.12308217
0.12625457
0.12942696
0.11990978
0.12308217
0.12625457
0.12942696
0.11990978
0.12308217
0.12625457
0.12942696
0.11990978
0.12308217
0.12625457
0.12942696
0.11990978
0.12308217
0.12625457
0.12942696
0.11990978
0.12308217
0.12625457
0.12942696
0.11990978
0.12308217
0.12625457
0.12942696
0.11990978
0.12308217
0.12625457
0.12942696
0.12030125
0.12345297
0.1266047
0.12975642
0.12030125
0.12345297
0.1266047
0.12975642
0.12030125
0.12345297
0.1266047
0.12975642
0.12030125
0.12345297
0.1266047
0.12975642
0.12030125
0.12345297
0.1266047
0.12975642
0.12030125
0.12345297
0.1266047
0.12975642
0.12030125
0.12345297
0.1266047
0.12975642
0.12030125
0.12345297
0.1266047
0.12975642
0.12030125
0.12345297
0.1266047
0.12975642
0.12030125
0.12345297
0.1266047
0.12975642
0.12030125
0.12345297
0.1266047
0.12975642
0.12030125
0.12345297
0.1266047
0.12975642
0.12030125
0.12345297
0.1266047
0.12975642
0.12030125
0.12345297
0.1266047
0.12975642
0.12030125
0.12345297
0.1266047
0.12975642
0.12030125
0.12345297
0.1266047
0.12975642
0.12030125
0.12345297
0.1266047
0.12975642
0.12030125
0.12345297
0.1266047
0.12975642
0.12030125
0.12345297
0.1266047
0.12975642
0.12030125
0.12345297
0.1266047
0.12975642
0.12030125
0.12345297
0.1266047
0.12975642
0.12030125
0.12345297
0.1266047
0.12975642
0.12030125
0.12345297
0.1266047
0.12975642
0.12030125
0.12345297
0.1266047
0.12975642
0.12069271
0.12382377
0.12695483
0.13008589
0.12069271
0.12382377
0.12695483
0.13008589
0.12069271
0.12382377
0.12695483
0.13008589
0.12069271
0.12382377
0.12695483
0.13008589
0.12069271
0.12382377
0.12695483
0.13008589
0.12069271
0.12382377
0.12695483
0.13008589
0.12069271
0.12382377
0.12695483
0.13008589
0.12069271
0.12382377
0.12695483
0.13008589
0.12069271
0.12382377
0.12695483
0.13008589
0.12069271
0.12382377
0.12695483
0.13008589
0.12069271
0.12382377
0.12695483
0.13008589
0.12069271
0.12382377
0.12695483
0.13008589
0.12069271
0.12382377
0.12695483
0.13008589
0.12069271
0.12382377
0.12695483
0.13008589
0.12069271
0.12382377
0.12695483
0.13008589
0.12069271
0.12382377
0.12695483
0.13008589
0.12069271
0.12382377
0.12695483
0.13008589
0.12069271
0.12382377
0.12695483
0.13008589
0.12069271
0.12382377
0.12695483
0.13008589
0.12069271
0.12382377
0.12695483
0.13008589
0.12069271
0.12382377
0.12695483
0.13008589
0.12069271
0.12382377
0.12695483
0.13008589
0.12069271
0.12382377
0.12695483
0.13008589
0.12069271
0.12382377
0.12695483
0.13008589
0.12108417
0.12419457
0.12730496
0.13041535
0.12108417
0.12419457
0.12730496
0.13041535
0.12108417
0.12419457
0.12730496
0.13041535
0.12108417
0.12419457
0.12730496
0.13041535
0.12108417
0.12419457
0.12730496
0.13041535
0.12108417
0.12419457
0.12730496
0.13041535
0.12108417
0.12419457
0.12730496
0.13041535
0.12108417
0.12419457
0.12730496
0.13041535
0.12108417
0.12419457
0.12730496
0.13041535
0.12108417
0.12419457
0.12730496
0.13041535
0.12108417
0.12419457
0.12730496
0.13041535
0.12108417
0.12419457
0.12730496
0.13041535
0.12108417
0.12419457
0.12730496
0.13041535
0.12108417
0.12419457
0.12730496
0.13041535
0.12108417
0.12419457
0.12730496
0.13041535
0.12108417
0.12419457
0.12730496
0.13041535
0.12108417
0.12419457
0.12730496
0.13041535
0.12108417
0.12419457
0.12730496
0.13041535
0.12108417
0.12419457
0.12730496
0.13041535
0.12108417
0.12419457
0.12730496
0.13041535
0.12108417
0.12419457
0.12730496
0.13041535
0.12108417
0.12419457
0.12730496
0.13041535
0.12108417
0.12419457
0.12730496
0.13041535
0.12108417
0.12419457
0.12730496
0.13041535
0.12147564
0.12456536
0.12765509
0.13074481
0.12147564
0.12456536
0.12765509
0.13074481
0.12147564
0.12456536
0.12765509
0.13074481
0.12147564
0.12456536
0.12765509
0.13074481
0.12147564
0.12456536
0.12765509
0.13074481
0.12147564
0.12456536
0.12765509
0.13074481
0.12147564
0.12456536
0.12765509
0.13074481
0.12147564
0.12456536
0.12765509
0.13074481
0.12147564
0.12456536
0.12765509
0.13074481
0.12147564
0.12456536
0.12765509
0.13074481
0.12147564
0.12456536
0.12765509
0.13074481
0.12147564
0.12456536
0.12765509
0.13074481
0.12147564
0.12456536
0.12765509
0.13074481
0.12147564
0.12456536
0.12765509
0.13074481
0.12147564
0.12456536
0.12765509
0.13074481
0.12147564
0.12456536
0.12765509
0.13074481
0.12147564
0.12456536
0.12765509
0.13074481
0.12147564
0.12456536
0.12765509
0.13074481
0.12147564
0.12456536
0.12765509
0.13074481
0.12147564
0.12456536
0.12765509
0.13074481
0.12147564
0.12456536
0.12765509
0.13074481
0.12147564
0.12456536
0.12765509
0.13074481
0.12147564
0.12456536
0.12765509
0.13074481
0.12147564
0.12456536
0.12765509
0.13074481
0.1218671
0.12493616
0.12800522
0.13107428
0.1218671
0.12493616
0.12800522
0.13107428
0.1218671
0.12493616
0.12800522
0.13107428
0.1218671
0.12493616
0.12800522
0.13107428
0.1218671
0.12493616
0.12800522
0.13107428
0.1218671
0.12493616
0.12800522
0.13107428
0.1218671
0.12493616
0.12800522
0.13107428
0.1218671
0.12493616
0.12800522
0.13107428
0.1218671
0.12493616
0.12800522
0.13107428
0.1218671
0.12493616
0.12800522
0.13107428
0.1218671
0.12493616
0.12800522
0.13107428
0.1218671
0.12493616
0.12800522
0.13107428
0.1218671
0.12493616
0.12800522
0.13107428
0.1218671
0.12493616
0.12800522
0.13107428
0.1218671
0.12493616
0.12800522
0.13107428
0.1218671
0.12493616
0.12800522
0.13107428
0.1218671
0.12493616
0.12800522
0.13107428
0.1218671
0.12493616
0.12800522
0.13107428
0.1218671
0.12493616
0.12800522
0.13107428
0.1218671
0.12493616
0.12800522
0.13107428
0.1218671
0.12493616
0.12800522
0.13107428
0.1218671
0.12493616
0.12800522
0.13107428
0.1218671
0.12493616
0.12800522
0.13107428
0.1218671
0.12493616
0.12800522
0.13107428
0.12225857
0.12530696
0.12835535
0.13140374
0.12225857
0.12530696
0.12835535
0.13140374
0.12225857
0.12530696
0.12835535
0.13140374
0.12225857
0.12530696
0.12835535
0.13140374
0.12225857
0.12530696
0.12835535
0.13140374
0.12225857
0.12530696
0.12835535
0.13140374
0.12225857
0.12530696
0.12835535
0.13140374
0.12225857
0.12530696
0.12835535
0.13140374
0.12225857
0.12530696
0.12835535
0.13140374
0.12225857
0.12530696
0.12835535
0.13140374
0.12225857
0.12530696
0.12835535
0.13140374
0.12225857
0.12530696
0.12835535
0.13140374
0.12225857
0.12530696
0.12835535
0.13140374
0.12225857
0.12530696
0.12835535
0.13140374
0.12225857
0.12530696
0.12835535
0.13140374
0.12225857
0.12530696
0.12835535
0.13140374
0.12225857
0.12530696
0.12835535
0.13140374
0.12225857
0.12530696
0.12835535
0.13140374
0.12225857
0.12530696
0.12835535
0.13140374
0.12225857
0.12530696
0.12835535
0.13140374
0.12225857
0.12530696
0.12835535
0.13140374
0.12225857
0.12530696
0.12835535
0.13140374
0.12225857
0.12530696
0.12835535
0.13140374
0.12225857
0.12530696
0.12835535
0.13140374
0.12265003
0.12567776
0.12870548
0.1317332
0.12265003
0.12567776
0.12870548
0.1317332
0.12265003
0.12567776
0.12870548
0.1317332
0.12265003
0.12567776
0.12870548
0.1317332
0.12265003
0.12567776
0.12870548
0.1317332
0.12265003
0.12567776
0.12870548
0.1317332
0.12265003
0.12567776
0.12870548
0.1317332
0.12265003
0.12567776
0.12870548
0.1317332
0.12265003
0.12567776
0.12870548
0.1317332
0.12265003
0.12567776
0.12870548
0.1317332
0.12265003
0.12567776
0.12870548
0.1317332
0.12265003
0.12567776
0.12870548
0.1317332
0.12265003
0.12567776
0.12870548
0.1317332
0.12265003
0.12567776
0.12870548
0.1317332
0.12265003
0.12567776
0.12870548
0.1317332
0.12265003
0.12567776
0.12870548
0.1317332
0.12265003
0.12567776
0.12870548
0.1317332
0.12265003
0.12567776
0.12870548
0.1317332
0.12265003
0.12567776
0.12870548
0.1317332
0.12265003
0.12567776
0.12870548
0.1317332
0.12265003
0.12567776
0.12870548
0.1317332
0.12265003
0.12567776
0.12870548
0.1317332
0.12265003
0.12567776
0.12870548
0.1317332
0.12265003
0.12567776
0.12870548
0.1317332
0.1230415
0.12604855
0.12905561
0.13206267
0.1230415
0.12604855
0.12905561
0.13206267
0.1230415
0.12604855
0.12905561
0.13206267
0.1230415
0.12604855
0.12905561
0.13206267
0.1230415
0.12604855
0.12905561
0.13206267
0.1230415
0.12604855
0.12905561
0.13206267
0.1230415
0.12604855
0.12905561
0.13206267
0.1230415
0.12604855
0.12905561
0.13206267
0.1230415
0.12604855
0.12905561
0.13206267
0.1230415
0.12604855
0.12905561
0.13206267
0.1230415
0.12604855
0.12905561
0.13206267
0.1230415
0.12604855
0.12905561
0.13206267
0.1230415
0.12604855
0.12905561
0.13206267
0.1230415
0.12604855
0.12905561
0.13206267
0.1230415
0.12604855
0.12905561
0.13206267
0.1230415
0.12604855
0.12905561
0.13206267
0.1230415
0.12604855
0.12905561
0.13206267
0.1230415
0.12604855
0.12905561
0.13206267
0.1230415
0.12604855
0.12905561
0.13206267
0.1230415
0.12604855
0.12905561
0.13206267
0.1230415
0.12604855
0.12905561
0.13206267
0.1230415
0.12604855
0.12905561
0.13206267
0.1230415
0.12604855
0.12905561
0.13206267
0.1230415
0.12604855
0.12905561
0.13206267
0.12343296
0.12641935
0.12940574
0.13239213
0.12343296
0.12641935
0.12940574
0.13239213
0.12343296
0.12641935
0.12940574
0.13239213
0.12343296
0.12641935
0.12940574
0.13239213
0.12343296
0.12641935
0.12940574
0.13239213
0.12343296
0.12641935
0.12940574
0.13239213
0.12343296
0.12641935
0.12940574
0.13239213
0.12343296
0.12641935
0.12940574
0.13239213
0.12343296
0.12641935
0.12940574
0.13239213
0.12343296
0.12641935
0.12940574
0.13239213
0.12343296
0.12641935
0.12940574
0.13239213
0.12343296
0.12641935
0.12940574
0.13239213
0.12343296
0.12641935
0.12940574
0.13239213
0.12343296
0.12641935
0.12940574
0.13239213
0.12343296
0.12641935
0.12940574
0.13239213
0.12343296
0.12641935
0.12940574
0.13239213
0.12343296
0.12641935
0.12940574
0.13239213
0.12343296
0.12641935
0.12940574
0.13239213
0.12343296
0.12641935
0.12940574
0.13239213
0.12343296
0.12641935
0.12940574
0.13239213
0.12343296
0.12641935
0.12940574
0.13239213
0.12343296
0.12641935
0.12940574
0.13239213
0.12343296
0.12641935
0.12940574
0.13239213
0.12343296
0.12641935
0.12940574
0.13239213
0.12382442
0.12679015
0.12975587
0.13272159
0.12382442
0.12679015
0.12975587
0.13272159
0.12382442
0.12679015
0.12975587
0.13272159
0.12382442
0.12679015
0.12975587
0.13272159
0.12382442
0.12679015
0.12975587
0.13272159
0.12382442
0.12679015
0.12975587
0.13272159
0.12382442
0.12679015
0.12975587
0.13272159
0.12382442
0.12679015
0.12975587
0.13272159
0.12382442
0.12679015
0.12975587
0.13272159
0.12382442
0.12679015
0.12975587
0.13272159
0.12382442
0.12679015
0.12975587
0.13272159
0.12382442
0.12679015
0.12975587
0.13272159
0.12382442
0.12679015
0.12975587
0.13272159
0.12382442
0.12679015
0.12975587
0.13272159
0.12382442
0.12679015
0.12975587
0.13272159
0.12382442
0.12679015
0.12975587
0.13272159
0.12382442
0.12679015
0.12975587
0.13272159
0.12382442
0.12679015
0.12975587
0.13272159
0.12382442
0.12679015
0.12975587
0.13272159
0.12382442
0.12679015
0.12975587
0.13272159
0.12382442
0.12679015
0.12975587
0.13272159
0.12382442
0.12679015
0.12975587
0.13272159
0.12382442
0.12679015
0.12975587
0.13272159
0.12382442
0.12679015
0.12975587
0.13272159
0.12421589
0.12716094
0.130106
0.13305106
0.12421589
0.12716094
0.130106
0.13305106
0.12421589
0.12716094
0.130106
0.13305106
0.12421589
0.12716094
0.130106
0.13305106
0.12421589
0.12716094
0.130106
0.13305106
0.12421589
0.12716094
0.130106
0.13305106
0.12421589
0.12716094
0.130106
0.13305106
0.12421589
0.12716094
0.130106
0.13305106
0.12421589
0.12716094
0.130106
0.13305106
0.12421589
0.12716094
0.130106
0.13305106
0.12421589
0.12716094
0.130106
0.13305106
0.12421589
0.12716094
0.130106
0.13305106
0.12421589
0.12716094
0.130106
0.13305106
0.12421589
0.12716094
0.130106
0.13305106
0.12421589
0.12716094
0.130106
0.13305106
0.12421589
0.12716094
0.130106
0.13305106
0.12421589
0.12716094
0.130106
0.13305106
0.12421589
0.12716094
0.130106
0.13305106
0.12421589
0.12716094
0.130106
0.13305106
0.12421589
0.12716094
0.130106
0.13305106
0.12421589
0.12716094
0.130106
0.13305106
0.12421589
0.12716094
0.130106
0.13305106
0.12421589
0.12716094
0.130106
0.13305106
0.12421589
0.12716094
0.130106
0.13305106
0.12460735
0.12753174
0.13045613
0.13338052
0.12460735
0.12753174
0.13045613
0.13338052
0.12460735
0.12753174
0.13045613
0.13338052
0.12460735
0.12753174
0.13045613
0.13338052
0.12460735
0.12753174
0.13045613
0.13338052
0.12460735
0.12753174
0.13045613
0.13338052
0.12460735
0.12753174
0.13045613
0.13338052
0.12460735
0.12753174
0.13045613
0.13338052
0.12460735
0.12753174
0.13045613
0.13338052
0.12460735
0.12753174
0.13045613
0.13338052
0.12460735
0.12753174
0.13045613
0.13338052
0.12460735
0.12753174
0.13045613
0.13338052
0.12460735
0.12753174
0.13045613
0.13338052
0.12460735
0.12753174
0.13045613
0.13338052
0.12460735
0.12753174
0.13045613
0.13338052
0.12460735
0.12753174
0.13045613
0.13338052
0.12460735
0.12753174
0.13045613
0.13338052
0.12460735
0.12753174
0.13045613
0.13338052
0.12460735
0.12753174
0.13045613
0.13338052
0.12460735
0.12753174
0.13045613
0.13338052
0.12460735
0.12753174
0.13045613
0.13338052
0.12460735
0.12753174
0.13045613
0.13338052
0.12460735
0.12753174
0.13045613
0.13338052
0.12460735
0.12753174
0.13045613
0.13338052
0.12499882
0.12790254
0.13080626
0.13370998
0.12499882
0.12790254
0.13080626
0.13370998
0.12499882
0.12790254
0.13080626
0.13370998
0.12499882
0.12790254
0.13080626
0.13370998
0.12499882
0.12790254
0.13080626
0.13370998
0.12499882
0.12790254
0.13080626
0.13370998
0.12499882
0.12790254
0.13080626
0.13370998
0.12499882
0.12790254
0.13080626
0.13370998
0.12499882
0.12790254
0.13080626
0.13370998
0.12499882
0.12790254
0.13080626
0.13370998
0.12499882
0.12790254
0.13080626
0.13370998
0.12499882
0.12790254
0.13080626
0.13370998
0.12499882
0.12790254
0.13080626
0.13370998
0.12499882
0.12790254
0.13080626
0.13370998
0.12499882
0.12790254
0.13080626
0.13370998
0.12499882
0.12790254
0.13080626
0.13370998
0.12499882
0.12790254
0.13080626
0.13370998
0.12499882
0.12790254
0.13080626
0.13370998
0.12499882
0.12790254
0.13080626
0.13370998
0.12499882
0.12790254
0.13080626
0.13370998
0.12499882
0.12790254
0.13080626
0.13370998
0.12499882
0.12790254
0.13080626
0.13370998
0.12499882
0.12790254
0.13080626
0.13370998
0.12499882
0.12790254
0.13080626
0.13370998
0.12539028
0.12827334
0.13115639
0.13403945
0.12539028
0.12827334
0.13115639
0.13403945
0.12539028
0.12827334
0.13115639
0.13403945
0.12539028
0.12827334
0.13115639
0.13403945
0.12539028
0.12827334
0.13115639
0.13403945
0.12539028
0.12827334
0.13115639
0.13403945
0.12539028
0.12827334
0.13115639
0.13403945
0.12539028
0.12827334
0.13115639
0.13403945
0.12539028
0.12827334
0.13115639
0.13403945
0.12539028
0.12827334
0.13115639
0.13403945
0.12539028
0.12827334
0.13115639
0.13403945
0.12539028
0.12827334
0.13115639
0.13403945
0.12539028
0.12827334
0.13115639
0.13403945
0.12539028
0.12827334
0.13115639
0.13403945
0.12539028
0.12827334
0.13115639
0.13403945
0.12539028
0.12827334
0.13115639
0.13403945
0.12539028
0.12827334
0.13115639
0.13403945
0.12539028
0.12827334
0.13115639
0.13403945
0.12539028
0.12827334
0.13115639
0.13403945
0.12539028
0.12827334
0.13115639
0.13403945
0.12539028
0.12827334
0.13115639
0.13403945
0.12539028
0.12827334
0.13115639
0.13403945
0.12539028
0.12827334
0.13115639
0.13403945
0.12539028
0.12827334
0.13115639
0.13403945
0.12578175
0.12864413
0.13150652
0.13436891
0.12578175
0.12864413
0.13150652
0.13436891
0.12578175
0.12864413
0.13150652
0.13436891
0.12578175
0.12864413
0.13150652
0.13436891
0.12578175
0.12864413
0.13150652
0.13436891
0.12578175
0.12864413
0.13150652
0.13436891
0.12578175
0.12864413
0.13150652
0.13436891
0.12578175
0.12864413
0.13150652
0.13436891
0.12578175
0.12864413
0.13150652
0.13436891
0.12578175
0.12864413
0.13150652
0.13436891
0.12578175
0.12864413
0.13150652
0.13436891
0.12578175
0.12864413
0.13150652
0.13436891
0.12578175
0.12864413
0.13150652
0.13436891
0.12578175
0.12864413
0.13150652
0.13436891
0.12578175
0.12864413
0.13150652
0.13436891
0.12578175
0.12864413
0.13150652
0.13436891
0.12578175
0.12864413
0.13150652
0.13436891
0.12578175
0.12864413
0.13150652
0.13436891
0.12578175
0.12864413
0.13150652
0.13436891
0.12578175
0.12864413
0.13150652
0.13436891
0.12578175
0.12864413
0.13150652
0.13436891
0.12578175
0.12864413
0.13150652
0.13436891
0.12578175
0.12864413
0.13150652
0.13436891
0.12578175
0.12864413
0.13150652
0.13436891
0.12617321
0.12901493
0.13185665
0.13469838
0.12617321
0.12901493
0.13185665
0.13469838
0.12617321
0.12901493
0.13185665
0.13469838
0.12617321
0.12901493
0.13185665
0.13469838
0.12617321
0.12901493
0.13185665
0.13469838
0.12617321
0.12901493
0.13185665
0.13469838
0.12617321
0.12901493
0.13185665
0.13469838
0.12617321
0.12901493
0.13185665
0.13469838
0.12617321
0.12901493
0.13185665
0.13469838
0.12617321
0.12901493
0.13185665
0.13469838
0.12617321
0.12901493
0.13185665
0.13469838
0.12617321
0.12901493
0.13185665
0.13469838
0.12617321
0.12901493
0.13185665
0.13469838
0.12617321
0.12901493
0.13185665
0.13469838
0.12617321
0.12901493
0.13185665
0.13469838
0.12617321
0.12901493
0.13185665
0.13469838
0.12617321
0.12901493
0.13185665
0.13469838
0.12617321
0.12901493
0.13185665
0.13469838
0.12617321
0.12901493
0.13185665
0.13469838
0.12617321
0.12901493
0.13185665
0.13469838
0.12617321
0.12901493
0.13185665
0.13469838
0.12617321
0.12901493
0.13185665
0.13469838
0.12617321
0.12901493
0.13185665
0.13469838
0.12617321
0.12901493
0.13185665
0.13469838
0.12656467
0.12938573
0.13220678
0.13502784
0.12656467
0.12938573
0.13220678
0.13502784
0.12656467
0.12938573
0.13220678
0.13502784
0.12656467
0.12938573
0.13220678
0.13502784
0.12656467
0.12938573
0.13220678
0.13502784
0.12656467
0.12938573
0.13220678
0.13502784
0.12656467
0.12938573
0.13220678
0.13502784
0.12656467
0.12938573
0.13220678
0.13502784
0.12656467
0.12938573
0.13220678
0.13502784
0.12656467
0.12938573
0.13220678
0.13502784
0.12656467
0.12938573
0.13220678
0.13502784
0.12656467
0.12938573
0.13220678
0.13502784
0.12656467
0.12938573
0.13220678
0.13502784
0.12656467
0.12938573
0.13220678
0.13502784
0.12656467
0.12938573
0.13220678
0.13502784
0.12656467
0.12938573
0.13220678
0.13502784
0.12656467
0.12938573
0.13220678
0.13502784
0.12656467
0.12938573
0.13220678
0.13502784
0.12656467
0.12938573
0.13220678
0.13502784
0.12656467
0.12938573
0.13220678
0.13502784
0.12656467
0.12938573
0.13220678
0.13502784
0.12656467
0.12938573
0.13220678
0.13502784
0.12656467
0.12938573
0.13220678
0.13502784
0.12656467
0.12938573
0.13220678
0.13502784
0.12695614
0.12975653
0.13255691
0.1353573
0.12695614
0.12975653
0.13255691
0.1353573
0.12695614
0.12975653
0.13255691
0.1353573
0.12695614
0.12975653
0.13255691
0.1353573
0.12695614
0.12975653
0.13255691
0.1353573
0.12695614
0.12975653
0.13255691
0.1353573
0.12695614
0.12975653
0.13255691
0.1353573
0.12695614
0.12975653
0.13255691
0.1353573
0.12695614
0.12975653
0.13255691
0.1353573
0.12695614
0.12975653
0.13255691
0.1353573
0.12695614
0.12975653
0.13255691
0.1353573
0.12695614
0.12975653
0.13255691
0.1353573
0.12695614
0.12975653
0.13255691
0.1353573
0.12695614
0.12975653
0.13255691
0.1353573
0.12695614
0.12975653
0.13255691
0.1353573
0.12695614
0.12975653
0.13255691
0.1353573
0.12695614
0.12975653
0.13255691
0.1353573
0.12695614
0.12975653
0.13255691
0.1353573
0.12695614
0.12975653
0.13255691
0.1353573
0.12695614
0.12975653
0.13255691
0.1353573
0.12695614
0.12975653
0.13255691
0.1353573
0.12695614
0.12975653
0.13255691
0.1353573
0.12695614
0.12975653
0.13255691
0.1353573
0.12695614
0.12975653
0.13255691
0.1353573
0.1273476
0.13012732
0.13290704
0.13568677
0.1273476
0.13012732
0.13290704
0.13568677
0.1273476
0.13012732
0.13290704
0.13568677
0.1273476
0.13012732
0.13290704
0.13568677
0.1273476
0.13012732
0.13290704
0.13568677
0.1273476
0.13012732
0.13290704
0.13568677
0.1273476
0.13012732
0.13290704
0.13568677
0.1273476
0.13012732
0.13290704
0.13568677
0.1273476
0.13012732
0.13290704
0.13568677
0.1273476
0.13012732
0.13290704
0.13568677
0.1273476
0.13012732
0.13290704
0.13568677
0.1273476
0.13012732
0.13290704
0.13568677
0.1273476
0.13012732
0.13290704
0.13568677
0.1273476
0.13012732
0.13290704
0.13568677
0.1273476
0.13012732
0.13290704
0.13568677
0.1273476
0.13012732
0.13290704
0.13568677
0.1273476
0.13012732
0.13290704
0.13568677
0.1273476
0.13012732
0.13290704
0.13568677
0.1273476
0.13012732
0.13290704
0.13568677
0.1273476
0.13012732
0.13290704
0.13568677
0.1273476
0.13012732
0.13290704
0.13568677
0.1273476
0.13012732
0.13290704
0.13568677
0.1273476
0.13012732
0.13290704
0.13568677
0.1273476
0.13012732
0.13290704
0.13568677
0.12773907
0.13049812
0.13325717
0.13601623
0.12773907
0.13049812
0.13325717
0.13601623
0.12773907
0.13049812
0.13325717
0.13601623
0.12773907
0.13049812
0.13325717
0.13601623
0.12773907
0.13049812
0.13325717
0.13601623
0.12773907
0.13049812
0.13325717
0.13601623
0.12773907
0.13049812
0.13325717
0.13601623
0.12773907
0.13049812
0.13325717
0.13601623
0.12773907
0.13049812
0.13325717
0.13601623
0.12773907
0.13049812
0.13325717
0.13601623
0.12773907
0.13049812
0.13325717
0.13601623
0.12773907
0.13049812
0.13325717
0.13601623
0.12773907
0.13049812
0.13325717
0.13601623
0.12773907
0.13049812
0.13325717
0.13601623
0.12773907
0.13049812
0.13325717
0.13601623
0.12773907
0.13049812
0.13325717
0.13601623
0.12773907
0.13049812
0.13325717
0.13601623
0.12773907
0.13049812
0.13325717
0.13601623
0.12773907
0.13049812
0.13325717
0.13601623
0.12773907
0.13049812
0.13325717
0.13601623
0.12773907
0.13049812
0.13325717
0.13601623
0.12773907
0.13049812
0.13325717
0.13601623
0.12773907
0.13049812
0.13325717
0.13601623
0.12773907
0.13049812
0.13325717
0.13601623
0.12813053
0.13086892
0.1336073
0.13634569
0.12813053
0.13086892
0.1336073
0.13634569
0.12813053
0.13086892
0.1336073
0.13634569
0.12813053
0.13086892
0.1336073
0.13634569
0.12813053
0.13086892
0.1336073
0.13634569
0.12813053
0.13086892
0.1336073
0.13634569
0.12813053
0.13086892
0.1336073
0.13634569
0.12813053
0.13086892
0.1336073
0.13634569
0.12813053
0.13086892
0.1336073
0.13634569
0.12813053
0.13086892
0.1336073
0.13634569
0.12813053
0.13086892
0.1336073
0.13634569
0.12813053
0.13086892
0.1336073
0.13634569
0.12813053
0.13086892
0.1336073
0.13634569
0.12813053
0.13086892
0.1336073
0.13634569
0.12813053
0.13086892
0.1336073
0.13634569
0.12813053
0.13086892
0.1336073
0.13634569
0.12813053
0.13086892
0.1336073
0.13634569
0.12813053
0.13086892
0.1336073
0.13634569
0.12813053
0.13086892
0.1336073
0.13634569
0.12813053
0.13086892
0.1336073
0.13634569
0.12813053
0.13086892
0.1336073
0.13634569
0.12813053
0.13086892
0.1336073
0.13634569
0.12813053
0.13086892
0.1336073
0.13634569
0.12813053
0.13086892
0.1336073
0.13634569
0.13201135
0.13528427
0.13855718
0.1418301
0.13201135
0.13528427
0.13855718
0.1418301
0.13201135
0.13528427
0.13855718
0.1418301
0.13201135
0.13528427
0.13855718
0.1418301
0.13201135
0.13528427
0.13855718
0.1418301
0.13201135
0.13528427
0.13855718
0.1418301
0.13201135
0.13528427
0.13855718
0.1418301
0.13201135
0.13528427
0.13855718
0.1418301
0.13201135
0.13528427
0.13855718
0.1418301
0.13201135
0.13528427
0.13855718
0.1418301
0.13201135
0.13528427
0.13855718
0.1418301
0.13201135
0.13528427
0.13855718
0.1418301
0.13201135
0.13528427
0.13855718
0.1418301
0.13201135
0.13528427
0.13855718
0.1418301
0.13201135
0.13528427
0.13855718
0.1418301
0.13201135
0.13528427
0.13855718
0.1418301
0.13201135
0.13528427
0.13855718
0.1418301
0.13201135
0.13528427
0.13855718
0.1418301
0.13201135
0.13528427
0.13855718
0.1418301
0.13201135
0.13528427
0.13855718
0.1418301
0.13201135
0.13528427
0.13855718
0.1418301
0.13201135
0.13528427
0.13855718
0.1418301
0.13201135
0.13528427
0.13855718
0.1418301
0.13201135
0.13528427
0.13855718
0.1418301
0.13231996
0.13557183
0.13882369
0.14207556
0.13231996
0.13557183
0.1388237
0.14207556
0.13231996
0.13557183
0.1388237
0.14207556
0.13231996
0.13557183
0.13882369
0.14207556
0.13231996
0.13557183
0.1388237
0.14207556
0.13231996
0.13557183
0.1388237
0.14207556
0.13231996
0.13557183
0.13882369
0.14207556
0.13231996
0.13557183
0.1388237
0.14207556
0.13231996
0.13557183
0.1388237
0.14207556
0.13231996
0.13557183
0.13882369
0.14207556
0.13231996
0.13557183
0.1388237
0.14207556
0.13231996
0.13557183
0.1388237
0.14207556
0.13231996
0.13557183
0.1388237
0.14207556
0.13231996
0.13557183
0.1388237
0.14207556
0.13231996
0.13557183
0.1388237
0.14207556
0.13231996
0.13557183
0.1388237
0.14207556
0.13231996
0.13557183
0.1388237
0.14207556
0.13231996
0.13557183
0.1388237
0.14207556
0.13231996
0.13557183
0.1388237
0.14207556
0.13231996
0.13557183
0.1388237
0.14207556
0.13231996
0.13557183
0.1388237
0.14207556
0.13231996
0.13557183
0.1388237
0.14207556
0.13231996
0.13557183
0.1388237
0.14207556
0.13231996
0.13557183
0.1388237
0.14207556
0.13262856
0.13585939
0.13909021
0.14232103
0.13262856
0.13585939
0.13909021
0.14232103
0.13262856
0.13585939
0.13909021
0.14232103
0.13262856
0.13585939
0.13909021
0.14232103
0.13262856
0.13585939
0.13909021
0.14232103
0.13262856
0.13585939
0.13909021
0.14232103
0.13262856
0.13585939
0.13909021
0.14232103
0.13262856
0.13585939
0.13909021
0.14232103
0.13262856
0.13585939
0.13909021
0.14232103
0.13262856
0.13585939
0.13909021
0.14232103
0.13262856
0.13585939
0.13909021
0.14232103
0.13262856
0.13585939
0.13909021
0.14232103
0.13262856
0.13585939
0.13909021
0.14232103
0.13262856
0.13585939
0.13909021
0.14232103
0.13262856
0.13585939
0.13909021
0.14232103
0.13262856
0.13585939
0.13909021
0.14232103
0.13262856
0.13585939
0.13909021
0.14232103
0.13262856
0.13585939
0.13909021
0.14232103
0.13262856
0.13585939
0.13909021
0.14232103
0.13262856
0.13585939
0.13909021
0.14232103
0.13262856
0.13585939
0.13909021
0.14232103
0.13262856
0.13585939
0.13909021
0.14232103
0.13262856
0.13585939
0.13909021
0.14232103
0.13262856
0.13585939
0.13909021
0.14232103
0.13293717
0.13614694
0.13935672
0.14256649
0.13293717
0.13614694
0.13935672
0.14256649
0.13293717
0.13614694
0.13935672
0.14256649
0.13293717
0.13614694
0.13935672
0.14256649
0.13293717
0.13614694
0.13935672
0.14256649
0.13293717
0.13614694
0.13935672
0.14256649
0.13293717
0.13614694
0.13935672
0.14256649
0.13293717
0.13614694
0.13935672
0.14256649
0.13293717
0.13614694
0.13935672
0.14256649
0.13293717
0.13614694
0.13935672
0.14256649
0.13293717
0.13614694
0.13935672
0.14256649
0.13293717
0.13614694
0.13935672
0.14256649
0.13293717
0.13614694
0.13935672
0.14256649
0.13293717
0.13614694
0.13935672
0.14256649
0.13293717
0.13614694
0.13935672
0.14256649
0.13293717
0.13614694
0.13935672
0.14256649
0.13293717
0.13614694
0.13935672
0.14256649
0.13293717
0.13614694
0.13935672
0.14256649
0.13293717
0.13614694
0.13935672
0.14256649
0.13293717
0.13614694
0.13935672
0.14256649
0.13293717
0.13614694
0.13935672
0.14256649
0.13293717
0.13614694
0.13935672
0.14256649
0.13293717
0.13614694
0.13935672
0.14256649
0.13293717
0.13614694
0.13935672
0.14256649
0.13324578
0.1364345
0.13962323
0.14281196
0.13324578
0.1364345
0.13962323
0.14281196
0.13324578
0.1364345
0.13962323
0.14281196
0.13324578
0.1364345
0.13962323
0.14281196
0.13324578
0.1364345
0.13962323
0.14281196
0.13324578
0.1364345
0.13962323
0.14281196
0.13324578
0.1364345
0.13962323
0.14281196
0.13324578
0.1364345
0.13962323
0.14281196
0.13324578
0.1364345
0.13962323
0.14281196
0.13324578
0.1364345
0.13962323
0.14281196
0.13324578
0.1364345
0.13962323
0.14281196
0.13324578
0.1364345
0.13962323
0.14281196
0.13324578
0.1364345
0.13962323
0.14281196
0.13324578
0.1364345
0.13962323
0.14281196
0.13324578
0.1364345
0.13962323
0.14281196
0.13324578
0.1364345
0.13962323
0.14281196
0.13324578
0.1364345
0.13962323
0.14281196
0.13324578
0.1364345
0.13962323
0.14281196
0.13324578
0.1364345
0.13962323
0.14281196
0.13324578
0.1364345
0.13962323
0.14281196
0.13324578
0.1364345
0.13962323
0.14281196
0.13324578
0.1364345
0.13962323
0.14281196
0.13324578
0.1364345
0.13962323
0.14281196
0.13324578
0.1364345
0.13962323
0.14281196
0.13355438
0.13672206
0.13988974
0.14305742
0.13355438
0.13672206
0.13988974
0.14305742
0.13355438
0.13672206
0.13988974
0.14305742
0.13355438
0.13672206
0.13988974
0.14305742
0.13355438
0.13672206
0.13988974
0.14305742
0.13355438
0.13672206
0.13988974
0.14305742
0.13355438
0.13672206
0.13988974
0.14305742
0.13355438
0.13672206
0.13988974
0.14305742
0.13355438
0.13672206
0.13988974
0.14305742
0.13355438
0.13672206
0.13988974
0.14305742
0.13355438
0.13672206
0.13988974
0.14305742
0.13355438
0.13672206
0.13988974
0.14305742
0.13355438
0.13672206
0.13988974
0.14305742
0.13355438
0.13672206
0.13988974
0.14305742
0.13355438
0.13672206
0.13988974
0.14305742
0.13355438
0.13672206
0.13988974
0.14305742
0.13355438
0.13672206
0.13988974
0.14305742
0.13355438
0.13672206
0.13988974
0.14305742
0.13355438
0.13672206
0.13988974
0.14305742
0.13355438
0.13672206
0.13988974
0.14305742
0.13355438
0.13672206
0.13988974
0.14305742
0.13355438
0.13672206
0.13988974
0.14305742
0.13355438
0.13672206
0.13988974
0.14305742
0.13355438
0.13672206
0.13988974
0.14305742
0.13386299
0.13700962
0.14015625
0.14330288
0.13386299
0.13700962
0.14015625
0.14330288
0.13386299
0.13700962
0.14015625
0.14330288
0.13386299
0.13700962
0.14015625
0.14330288
0.13386299
0.13700962
0.14015625
0.14330288
0.13386299
0.13700962
0.14015625
0.14330288
0.13386299
0.13700962
0.14015625
0.14330288
0.13386299
0.13700962
0.14015625
0.14330288
0.13386299
0.13700962
0.14015625
0.14330288
0.13386299
0.13700962
0.14015625
0.14330288
0.13386299
0.13700962
0.14015625
0.14330288
0.13386299
0.13700962
0.14015625
0.14330288
0.13386299
0.13700962
0.14015625
0.14330288
0.13386299
0.13700962
0.14015625
0.14330288
0.13386299
0.13700962
0.14015625
0.14330288
0.13386299
0.13700962
0.14015625
0.14330288
0.13386299
0.13700962
0.14015625
0.14330288
0.13386299
0.13700962
0.14015625
0.14330288
0.13386299
0.13700962
0.14015625
0.14330288
0.13386299
0.13700962
0.14015625
0.14330288
0.13386299
0.13700962
0.14015625
0.14330288
0.13386299
0.13700962
0.14015625
0.14330288
0.13386299
0.13700962
0.14015625
0.14330288
0.13386299
0.13700962
0.14015625
0.14330288
0.1341716
0.13729718
0.14042276
0.14354835
0.1341716
0.13729718
0.14042276
0.14354835
0.1341716
0.13729718
0.14042276
0.14354835
0.1341716
0.13729718
0.14042276
0.14354835
0.1341716
0.13729718
0.14042276
0.14354835
0.1341716
0.13729718
0.14042276
0.14354835
0.1341716
0.13729718
0.14042276
0.14354835
0.1341716
0.13729718
0.14042276
0.14354835
0.1341716
0.13729718
0.14042276
0.14354835
0.1341716
0.13729718
0.14042276
0.14354835
0.1341716
0.13729718
0.14042276
0.14354835
0.1341716
0.13729718
0.14042276
0.14354835
0.1341716
0.13729718
0.14042276
0.14354835
0.1341716
0.13729718
0.14042276
0.14354835
0.1341716
0.13729718
0.14042276
0.14354835
0.1341716
0.13729718
0.14042276
0.14354835
0.1341716
0.13729718
0.14042276
0.14354835
0.1341716
0.13729718
0.14042276
0.14354835
0.1341716
0.13729718
0.14042276
0.14354835
0.1341716
0.13729718
0.14042276
0.14354835
0.1341716
0.13729718
0.14042276
0.14354835
0.1341716
0.13729718
0.14042276
0.14354835
0.1341716
0.13729718
0.14042276
0.14354835
0.1341716
0.13729718
0.14042276
0.14354835
0.1344802
0.13758474
0.14068927
0.14379381
0.1344802
0.13758474
0.14068927
0.14379381
0.1344802
0.13758474
0.14068927
0.14379381
0.1344802
0.13758474
0.14068927
0.14379381
0.1344802
0.13758474
0.14068927
0.14379381
0.1344802
0.13758474
0.14068927
0.14379381
0.1344802
0.13758474
0.14068927
0.14379381
0.1344802
0.13758474
0.14068927
0.14379381
0.1344802
0.13758474
0.14068927
0.14379381
0.1344802
0.13758474
0.14068927
0.14379381
0.1344802
0.13758474
0.14068927
0.14379381
0.1344802
0.13758474
0.14068927
0.14379381
0.1344802
0.13758474
0.14068927
0.14379381
0.1344802
0.13758474
0.14068927
0.14379381
0.1344802
0.13758474
0.14068927
0.14379381
0.1344802
0.13758474
0.14068927
0.14379381
0.1344802
0.13758474
0.14068927
0.14379381
0.1344802
0.13758474
0.14068927
0.14379381
0.1344802
0.13758474
0.14068927
0.14379381
0.1344802
0.13758474
0.14068927
0.14379381
0.1344802
0.13758474
0.14068927
0.14379381
0.1344802
0.13758474
0.14068927
0.14379381
0.1344802
0.13758474
0.14068927
0.14379381
0.1344802
0.13758474
0.14068927
0.14379381
0.13478881
0.1378723
0.14095579
0.14403927
0.13478881
0.1378723
0.14095579
0.14403927
0.13478881
0.1378723
0.14095579
0.14403927
0.13478881
0.1378723
0.14095579
0.14403927
0.13478881
0.1378723
0.14095579
0.14403927
0.13478881
0.1378723
0.14095579
0.14403927
0.13478881
0.1378723
0.14095579
0.14403927
0.13478881
0.1378723
0.14095579
0.14403927
0.13478881
0.1378723
0.14095579
0.14403927
0.13478881
0.1378723
0.14095579
0.14403927
0.13478881
0.1378723
0.14095579
0.14403927
0.13478881
0.1378723
0.14095579
0.14403927
0.13478881
0.1378723
0.14095579
0.14403927
0.13478881
0.1378723
0.14095579
0.14403927
0.13478881
0.1378723
0.14095579
0.14403927
0.13478881
0.1378723
0.14095579
0.14403927
0.13478881
0.1378723
0.14095579
0.14403927
0.13478881
0.1378723
0.14095579
0.14403927
0.13478881
0.1378723
0.14095579
0.14403927
0.13478881
0.1378723
0.14095579
0.14403927
0.13478881
0.1378723
0.14095579
0.14403927
0.13478881
0.1378723
0.14095579
0.14403927
0.13478881
0.1378723
0.14095579
0.14403927
0.13478881
0.1378723
0.14095579
0.14403927
0.13509742
0.13815986
0.1412223
0.14428474
0.13509742
0.13815986
0.1412223
0.14428474
0.13509742
0.13815986
0.1412223
0.14428474
0.13509742
0.13815986
0.1412223
0.14428474
0.13509742
0.13815986
0.1412223
0.14428474
0.13509742
0.13815986
0.1412223
0.14428474
0.13509742
0.13815986
0.1412223
0.14428474
0.13509742
0.13815986
0.1412223
0.14428474
0.13509742
0.13815986
0.1412223
0.14428474
0.13509742
0.13815986
0.1412223
0.14428474
0.13509742
0.13815986
0.1412223
0.14428474
0.13509742
0.13815986
0.1412223
0.14428474
0.13509742
0.13815986
0.1412223
0.14428474
0.13509742
0.13815986
0.1412223
0.14428474
0.13509742
0.13815986
0.1412223
0.14428474
0.13509742
0.13815986
0.1412223
0.14428474
0.13509742
0.13815986
0.1412223
0.14428474
0.13509742
0.13815986
0.1412223
0.14428474
0.13509742
0.13815986
0.1412223
0.14428474
0.13509742
0.13815986
0.1412223
0.14428474
0.13509742
0.13815986
0.1412223
0.14428474
0.13509742
0.13815986
0.1412223
0.14428474
0.13509742
0.13815986
0.1412223
0.14428474
0.13509742
0.13815986
0.1412223
0.14428474
0.13540602
0.13844742
0.14148881
0.1445302
0.13540602
0.13844742
0.14148881
0.1445302
0.13540602
0.13844742
0.14148881
0.1445302
0.13540602
0.13844742
0.14148881
0.1445302
0.13540602
0.13844742
0.14148881
0.1445302
0.13540602
0.13844742
0.14148881
0.1445302
0.13540602
0.13844742
0.14148881
0.1445302
0.13540602
0.13844742
0.14148881
0.1445302
0.13540602
0.13844742
0.14148881
0.1445302
0.13540602
0.13844742
0.14148881
0.1445302
0.13540602
0.13844742
0.14148881
0.1445302
0.13540602
0.13844742
0.14148881
0.1445302
0.13540602
0.13844742
0.14148881
0.1445302
0.13540602
0.13844742
0.14148881
0.1445302
0.13540602
0.13844742
0.14148881
0.1445302
0.13540602
0.13844742
0.14148881
0.1445302
0.13540602
0.13844742
0.14148881
0.1445302
0.13540602
0.13844742
0.14148881
0.1445302
0.13540602
0.13844742
0.14148881
0.1445302
0.13540602
0.13844742
0.14148881
0.1445302
0.13540602
0.13844742
0.14148881
0.1445302
0.13540602
0.13844742
0.14148881
0.1445302
0.13540602
0.13844742
0.14148881
0.1445302
0.13540602
0.13844742
0.14148881
0.1445302
0.13571463
0.13873497
0.14175532
0.14477567
0.13571463
0.13873497
0.14175532
0.14477567
0.13571463
0.13873497
0.14175532
0.14477567
0.13571463
0.13873497
0.14175532
0.14477567
0.13571463
0.13873497
0.14175532
0.14477567
0.13571463
0.13873497
0.14175532
0.14477567
0.13571463
0.13873497
0.14175532
0.14477567
0.13571463
0.13873497
0.14175532
0.14477567
0.13571463
0.13873497
0.14175532
0.14477567
0.13571463
0.13873497
0.14175532
0.14477567
0.13571463
0.13873497
0.14175532
0.14477567
0.13571463
0.13873497
0.14175532
0.14477567
0.13571463
0.13873497
0.14175532
0.14477567
0.13571463
0.13873497
0.14175532
0.14477567
0.13571463
0.13873497
0.14175532
0.14477567
0.13571463
0.13873497
0.14175532
0.14477567
0.13571463
0.13873497
0.14175532
0.14477567
0.13571463
0.13873497
0.14175532
0.14477567
0.13571463
0.13873497
0.14175532
0.14477567
0.13571463
0.13873497
0.14175532
0.14477567
0.13571463
0.13873497
0.14175532
0.14477567
0.13571463
0.13873497
0.14175532
0.14477567
0.13571463
0.13873497
0.14175532
0.14477567
0.13571463
0.13873497
0.14175532
0.14477567
0.13602324
0.13902253
0.14202183
0.14502113
0.13602324
0.13902253
0.14202183
0.14502113
0.13602324
0.13902253
0.14202183
0.14502113
0.13602324
0.13902253
0.14202183
0.14502113
0.13602324
0.13902253
0.14202183
0.14502113
0.13602324
0.13902253
0.14202183
0.14502113
0.13602324
0.13902253
0.14202183
0.14502113
0.13602324
0.13902253
0.14202183
0.14502113
0.13602324
0.13902253
0.14202183
0.14502113
0.13602324
0.13902253
0.14202183
0.14502113
0.13602324
0.13902253
0.14202183
0.14502113
0.13602324
0.13902253
0.14202183
0.14502113
0.13602324
0.13902253
0.14202183
0.14502113
0.13602324
0.13902253
0.14202183
0.14502113
0.13602324
0.13902253
0.14202183
0.14502113
0.13602324
0.13902253
0.14202183
0.14502113
0.13602324
0.13902253
0.14202183
0.14502113
0.13602324
0.13902253
0.14202183
0.14502113
0.13602324
0.13902253
0.14202183
0.14502113
0.13602324
0.13902253
0.14202183
0.14502113
0.13602324
0.13902253
0.14202183
0.14502113
0.13602324
0.13902253
0.14202183
0.14502113
0.13602324
0.13902253
0.14202183
0.14502113
0.13602324
0.13902253
0.14202183
0.14502113
0.13633184
0.13931009
0.14228834
0.14526659
0.13633184
0.13931009
0.14228834
0.14526659
0.13633184
0.13931009
0.14228834
0.14526659
0.13633184
0.13931009
0.14228834
0.14526659
0.13633184
0.13931009
0.14228834
0.14526659
0.13633184
0.13931009
0.14228834
0.14526659
0.13633184
0.13931009
0.14228834
0.14526659
0.13633184
0.13931009
0.14228834
0.14526659
0.13633184
0.13931009
0.14228834
0.14526659
0.13633184
0.13931009
0.14228834
0.14526659
0.13633184
0.13931009
0.14228834
0.14526659
0.13633184
0.13931009
0.14228834
0.14526659
0.13633184
0.13931009
0.14228834
0.14526659
0.13633184
0.13931009
0.14228834
0.14526659
0.13633184
0.13931009
0.14228834
0.14526659
0.13633184
0.13931009
0.14228834
0.14526659
0.13633184
0.13931009
0.14228834
0.14526659
0.13633184
0.13931009
0.14228834
0.14526659
0.13633184
0.13931009
0.14228834
0.14526659
0.13633184
0.13931009
0.14228834
0.14526659
0.13633184
0.13931009
0.14228834
0.14526659
0.13633184
0.13931009
0.14228834
0.14526659
0.13633184
0.13931009
0.14228834
0.14526659
0.13633184
0.13931009
0.14228834
0.14526659
0.13664045
0.13959765
0.14255485
0.14551206
0.13664045
0.13959765
0.14255485
0.14551206
0.13664045
0.13959765
0.14255485
0.14551206
0.13664045
0.13959765
0.14255485
0.14551206
0.13664045
0.13959765
0.14255485
0.14551206
0.13664045
0.13959765
0.14255485
0.14551206
0.13664045
0.13959765
0.14255485
0.14551206
0.13664045
0.13959765
0.14255485
0.14551206
0.13664045
0.13959765
0.14255485
0.14551206
0.13664045
0.13959765
0.14255485
0.14551206
0.13664045
0.13959765
0.14255485
0.14551206
0.13664045
0.13959765
0.14255485
0.14551206
0.13664045
0.13959765
0.14255485
0.14551206
0.13664045
0.13959765
0.14255485
0.14551206
0.13664045
0.13959765
0.14255485
0.14551206
0.13664045
0.13959765
0.14255485
0.14551206
0.13664045
0.13959765
0.14255485
0.14551206
0.13664045
0.13959765
0.14255485
0.14551206
0.13664045
0.13959765
0.14255485
0.14551206
0.13664045
0.13959765
0.14255485
0.14551206
0.13664045
0.13959765
0.14255485
0.14551206
0.13664045
0.13959765
0.14255485
0.14551206
0.13664045
0.13959765
0.14255485
0.14551206
0.13664045
0.13959765
0.14255485
0.14551206
0.13694905
0.13988521
0.14282137
0.14575752
0.13694905
0.13988521
0.14282137
0.14575752
0.13694905
0.13988521
0.14282137
0.14575752
0.13694905
0.13988521
0.14282137
0.14575752
0.13694905
0.13988521
0.14282137
0.14575752
0.13694905
0.13988521
0.14282137
0.14575752
0.13694905
0.13988521
0.14282137
0.14575752
0.13694905
0.13988521
0.14282137
0.14575752
0.13694905
0.13988521
0.14282137
0.14575752
0.13694905
0.13988521
0.14282137
0.14575752
0.13694905
0.13988521
0.14282137
0.14575752
0.13694905
0.13988521
0.14282137
0.14575752
0.13694905
0.13988521
0.14282137
0.14575752
0.13694905
0.13988521
0.14282137
0.14575752
0.13694905
0.13988521
0.14282137
0.14575752
0.13694905
0.13988521
0.14282137
0.14575752
0.13694905
0.13988521
0.14282137
0.14575752
0.13694905
0.13988521
0.14282137
0.14575752
0.13694905
0.13988521
0.14282137
0.14575752
0.13694905
0.13988521
0.14282137
0.14575752
0.13694905
0.13988521
0.14282137
0.14575752
0.13694905
0.13988521
0.14282137
0.14575752
0.13694905
0.13988521
0.14282137
0.14575752
0.13694905
0.13988521
0.14282137
0.14575752
0.13725766
0.14017277
0.14308788
0.14600298
0.13725766
0.14017277
0.14308788
0.14600298
0.13725766
0.14017277
0.14308788
0.14600298
0.13725766
0.14017277
0.14308788
0.14600298
0.13725766
0.14017277
0.14308788
0.14600298
0.13725766
0.14017277
0.14308788
0.14600298
0.13725766
0.14017277
0.14308788
0.14600298
0.13725766
0.14017277
0.14308788
0.14600298
0.13725766
0.14017277
0.14308788
0.14600298
0.13725766
0.14017277
0.14308788
0.14600298
0.13725766
0.14017277
0.14308788
0.14600298
0.13725766
0.14017277
0.14308788
0.14600298
0.13725766
0.14017277
0.14308788
0.14600298
0.13725766
0.14017277
0.14308788
0.14600298
0.13725766
0.14017277
0.14308788
0.14600298
0.13725766
0.14017277
0.14308788
0.14600298
0.13725766
0.14017277
0.14308788
0.14600298
0.13725766
0.14017277
0.14308788
0.14600298
0.13725766
0.14017277
0.14308788
0.14600298
0.13725766
0.14017277
0.14308788
0.14600298
0.13725766
0.14017277
0.14308788
0.14600298
0.13725766
0.14017277
0.14308788
0.14600298
0.13725766
0.14017277
0.14308788
0.14600298
0.13725766
0.14017277
0.14308788
0.14600298
0.13756627
0.14046033
0.14335439
0.14624845
0.13756627
0.14046033
0.14335439
0.14624845
0.13756627
0.14046033
0.14335439
0.14624845
0.13756627
0.14046033
0.14335439
0.14624845
0.13756627
0.14046033
0.14335439
0.14624845
0.13756627
0.14046033
0.14335439
0.14624845
0.13756627
0.14046033
0.14335439
0.14624845
0.13756627
0.14046033
0.14335439
0.14624845
0.13756627
0.14046033
0.14335439
0.14624845
0.13756627
0.14046033
0.14335439
0.14624845
0.13756627
0.14046033
0.14335439
0.14624845
0.13756627
0.14046033
0.14335439
0.14624845
0.13756627
0.14046033
0.14335439
0.14624845
0.13756627
0.14046033
0.14335439
0.14624845
0.13756627
0.14046033
0.14335439
0.14624845
0.13756627
0.14046033
0.14335439
0.14624845
0.13756627
0.14046033
0.14335439
0.14624845
0.13756627
0.14046033
0.14335439
0.14624845
0.13756627
0.14046033
0.14335439
0.14624845
0.13756627
0.14046033
0.14335439
0.14624845
0.13756627
0.14046033
0.14335439
0.14624845
0.13756627
0.14046033
0.14335439
0.14624845
0.13756627
0.14046033
0.14335439
0.14624845
0.13756627
0.14046033
0.14335439
0.14624845
0.13787487
0.14074789
0.1436209
0.14649391
0.13787487
0.14074789
0.1436209
0.14649391
0.13787487
0.14074789
0.1436209
0.14649391
0.13787487
0.14074789
0.1436209
0.14649391
0.13787487
0.14074789
0.1436209
0.14649391
0.13787487
0.14074789
0.1436209
0.14649391
0.13787487
0.14074789
0.1436209
0.14649391
0.13787487
0.14074789
0.1436209
0.14649391
0.13787487
0.14074789
0.1436209
0.14649391
0.13787487
0.14074789
0.1436209
0.14649391
0.13787487
0.14074789
0.1436209
0.14649391
0.13787487
0.14074789
0.1436209
0.14649391
0.13787487
0.14074789
0.1436209
0.14649391
0.13787487
0.14074789
0.1436209
0.14649391
0.13787487
0.14074789
0.1436209
0.14649391
0.13787487
0.14074789
0.1436209
0.14649391
0.13787487
0.14074789
0.1436209
0.14649391
0.13787487
0.14074789
0.1436209
0.14649391
0.13787487
0.14074789
0.1436209
0.14649391
0.13787487
0.14074789
0.1436209
0.14649391
0.13787487
0.14074789
0.1436209
0.14649391
0.13787487
0.14074789
0.1436209
0.14649391
0.13787487
0.14074789
0.1436209
0.14649391
0.13787487
0.14074789
0.1436209
0.14649391
0.13818348
0.14103544
0.14388741
0.14673938
0.13818348
0.14103544
0.14388741
0.14673938
0.13818348
0.14103544
0.14388741
0.14673938
0.13818348
0.14103544
0.14388741
0.14673938
0.13818348
0.14103544
0.14388741
0.14673938
0.13818348
0.14103544
0.14388741
0.14673938
0.13818348
0.14103544
0.14388741
0.14673938
0.13818348
0.14103544
0.14388741
0.14673938
0.13818348
0.14103544
0.14388741
0.14673938
0.13818348
0.14103544
0.14388741
0.14673938
0.13818348
0.14103544
0.14388741
0.14673938
0.13818348
0.14103544
0.14388741
0.14673938
0.13818348
0.14103544
0.14388741
0.14673938
0.13818348
0.14103544
0.14388741
0.14673938
0.13818348
0.14103544
0.14388741
0.14673938
0.13818348
0.14103544
0.14388741
0.14673938
0.13818348
0.14103544
0.14388741
0.14673938
0.13818348
0.14103544
0.14388741
0.14673938
0.13818348
0.14103544
0.14388741
0.14673938
0.13818348
0.14103544
0.14388741
0.14673938
0.13818348
0.14103544
0.14388741
0.14673938
0.13818348
0.14103544
0.14388741
0.14673938
0.13818348
0.14103544
0.14388741
0.14673938
0.13818348
0.14103544
0.14388741
0.14673938
0.13849209
0.141323
0.14415392
0.14698484
0.13849209
0.141323
0.14415392
0.14698484
0.13849209
0.141323
0.14415392
0.14698484
0.13849209
0.141323
0.14415392
0.14698484
0.13849209
0.141323
0.14415392
0.14698484
0.13849209
0.141323
0.14415392
0.14698484
0.13849209
0.141323
0.14415392
0.14698484
0.13849209
0.141323
0.14415392
0.14698484
0.13849209
0.141323
0.14415392
0.14698484
0.13849209
0.141323
0.14415392
0.14698484
0.13849209
0.141323
0.14415392
0.14698484
0.13849209
0.141323
0.14415392
0.14698484
0.13849209
0.141323
0.14415392
0.14698484
0.13849209
0.141323
0.14415392
0.14698484
0.13849209
0.141323
0.14415392
0.14698484
0.13849209
0.141323
0.14415392
0.14698484
0.13849209
0.141323
0.14415392
0.14698484
0.13849209
0.141323
0.14415392
0.14698484
0.13849209
0.141323
0.14415392
0.14698484
0.13849209
0.141323
0.14415392
0.14698484
0.13849209
0.141323
0.14415392
0.14698484
0.13849209
0.141323
0.14415392
0.14698484
0.13849209
0.141323
0.14415392
0.14698484
0.13849209
0.141323
0.14415392
0.14698484
0.13880069
0.14161056
0.14442043
0.1472303
0.13880069
0.14161056
0.14442043
0.1472303
0.13880069
0.14161056
0.14442043
0.1472303
0.13880069
0.14161056
0.14442043
0.1472303
0.13880069
0.14161056
0.14442043
0.1472303
0.13880069
0.14161056
0.14442043
0.1472303
0.13880069
0.14161056
0.14442043
0.1472303
0.13880069
0.14161056
0.14442043
0.1472303
0.13880069
0.14161056
0.14442043
0.1472303
0.13880069
0.14161056
0.14442043
0.1472303
0.13880069
0.14161056
0.14442043
0.1472303
0.13880069
0.14161056
0.14442043
0.1472303
0.13880069
0.14161056
0.14442043
0.1472303
0.13880069
0.14161056
0.14442043
0.1472303
0.13880069
0.14161056
0.14442043
0.1472303
0.13880069
0.14161056
0.14442043
0.1472303
0.13880069
0.14161056
0.14442043
0.1472303
0.13880069
0.14161056
0.14442043
0.1472303
0.13880069
0.14161056
0.14442043
0.1472303
0.13880069
0.14161056
0.14442043
0.1472303
0.13880069
0.14161056
0.14442043
0.1472303
0.13880069
0.14161056
0.14442043
0.1472303
0.13880069
0.14161056
0.14442043
0.1472303
0.13880069
0.14161056
0.14442043
0.1472303
0.1391093
0.14189812
0.14468694
0.14747577
0.1391093
0.14189812
0.14468694
0.14747577
0.1391093
0.14189812
0.14468694
0.14747577
0.1391093
0.14189812
0.14468694
0.14747577
0.1391093
0.14189812
0.14468694
0.14747577
0.1391093
0.14189812
0.14468694
0.14747577
0.1391093
0.14189812
0.14468694
0.14747577
0.1391093
0.14189812
0.14468694
0.14747577
0.1391093
0.14189812
0.14468694
0.14747577
0.1391093
0.14189812
0.14468694
0.14747577
0.1391093
0.14189812
0.14468694
0.14747577
0.1391093
0.14189812
0.14468694
0.14747577
0.1391093
0.14189812
0.14468694
0.14747577
0.1391093
0.14189812
0.14468694
0.14747577
0.1391093
0.14189812
0.14468694
0.14747577
0.1391093
0.14189812
0.14468694
0.14747577
0.1391093
0.14189812
0.14468694
0.14747577
0.1391093
0.14189812
0.14468694
0.14747577
0.1391093
0.14189812
0.14468694
0.14747577
0.1391093
0.14189812
0.14468694
0.14747577
0.1391093
0.14189812
0.14468694
0.14747577
0.1391093
0.14189812
0.14468694
0.14747577
0.1391093
0.14189812
0.14468694
0.14747577
0.1391093
0.14189812
0.14468694
0.14747577
0.1451248
0.14844129
0.15175779
0.15507428
0.1451248
0.14844129
0.15175779
0.15507428
0.1451248
0.14844129
0.15175779
0.15507428
0.1451248
0.14844129
0.15175779
0.15507428
0.1451248
0.14844129
0.15175779
0.15507428
0.1451248
0.14844129
0.15175779
0.15507428
0.1451248
0.14844129
0.15175779
0.15507428
0.1451248
0.14844129
0.15175779
0.15507428
0.1451248
0.14844129
0.15175779
0.15507428
0.1451248
0.14844129
0.15175779
0.15507428
0.1451248
0.14844129
0.15175779
0.15507428
0.1451248
0.14844129
0.15175779
0.15507428
0.1451248
0.14844129
0.15175779
0.15507428
0.1451248
0.14844129
0.15175779
0.15507428
0.1451248
0.14844129
0.15175779
0.15507428
0.1451248
0.14844129
0.15175779
0.15507428
0.1451248
0.14844129
0.15175779
0.15507428
0.1451248
0.14844129
0.15175779
0.15507428
0.1451248
0.14844129
0.15175779
0.15507428
0.1451248
0.14844129
0.15175779
0.15507428
0.1451248
0.14844129
0.15175779
0.15507428
0.1451248
0.14844129
0.15175779
0.15507428
0.1451248
0.14844129
0.15175779
0.15507428
0.1451248
0.14844129
0.15175779
0.15507428
0.14534908
0.14864424
0.15193941
0.15523457
0.14534908
0.14864424
0.15193941
0.15523457
0.14534908
0.14864424
0.15193941
0.15523457
0.14534908
0.14864424
0.15193941
0.15523457
0.14534908
0.14864424
0.15193941
0.15523457
0.14534908
0.14864424
0.15193941
0.15523457
0.14534908
0.14864424
0.15193941
0.15523457
0.14534908
0.14864424
0.15193941
0.15523457
0.14534908
0.14864424
0.15193941
0.15523457
0.14534908
0.14864424
0.15193941
0.15523457
0.14534908
0.14864424
0.15193941
0.15523457
0.14534908
0.14864424
0.15193941
0.15523457
0.14534908
0.14864424
0.15193941
0.15523457
0.14534908
0.14864424
0.15193941
0.15523457
0.14534908
0.14864424
0.15193941
0.15523457
0.14534908
0.14864424
0.15193941
0.15523457
0.14534908
0.14864424
0.15193941
0.15523457
0.14534908
0.14864424
0.15193941
0.15523457
0.14534908
0.14864424
0.15193941
0.15523457
0.14534908
0.14864424
0.15193941
0.15523457
0.14534908
0.14864424
0.15193941
0.15523457
0.14534908
0.14864424
0.15193941
0.15523457
0.14534908
0.14864424
0.15193941
0.15523457
0.14534908
0.14864424
0.15193941
0.15523457
0.14557336
0.14884719
0.15212103
0.15539486
0.14557336
0.14884719
0.15212103
0.15539486
0.14557336
0.14884719
0.15212103
0.15539486
0.14557336
0.14884719
0.15212103
0.15539486
0.14557336
0.14884719
0.15212103
0.15539486
0.14557336
0.14884719
0.15212103
0.15539486
0.14557336
0.14884719
0.15212103
0.15539486
0.14557336
0.14884719
0.15212103
0.15539486
0.14557336
0.14884719
0.15212103
0.15539486
0.14557336
0.14884719
0.15212103
0.15539486
0.14557336
0.14884719
0.15212103
0.15539486
0.14557336
0.14884719
0.15212103
0.15539486
0.14557336
0.14884719
0.15212103
0.15539486
0.14557336
0.14884719
0.15212103
0.15539486
0.14557336
0.14884719
0.15212103
0.15539486
0.14557336
0.14884719
0.15212103
0.15539486
0.14557336
0.14884719
0.15212103
0.15539486
0.14557336
0.14884719
0.15212103
0.15539486
0.14557336
0.14884719
0.15212103
0.15539486
0.14557336
0.14884719
0.15212103
0.15539486
0.14557336
0.14884719
0.15212103
0.15539486
0.14557336
0.14884719
0.15212103
0.15539486
0.14557336
0.14884719
0.15212103
0.15539486
0.14557336
0.14884719
0.15212103
0.15539486
0.14579763
0.14905014
0.15230265
0.15555516
0.14579763
0.14905014
0.15230265
0.15555516
0.14579763
0.14905014
0.15230265
0.15555516
0.14579763
0.14905014
0.15230265
0.15555516
0.14579763
0.14905014
0.15230265
0.15555516
0.14579763
0.14905014
0.15230265
0.15555516
0.14579763
0.14905014
0.15230265
0.15555516
0.14579763
0.14905014
0.15230265
0.15555516
0.14579763
0.14905014
0.15230265
0.15555516
0.14579763
0.14905014
0.15230265
0.15555516
0.14579763
0.14905014
0.15230265
0.15555516
0.14579763
0.14905014
0.15230265
0.15555516
0.14579763
0.14905014
0.15230265
0.15555516
0.14579763
0.14905014
0.15230265
0.15555516
0.14579763
0.14905014
0.15230265
0.15555516
0.14579763
0.14905014
0.15230265
0.15555516
0.14579763
0.14905014
0.15230265
0.15555516
0.14579763
0.14905014
0.15230265
0.15555516
0.14579763
0.14905014
0.15230265
0.15555516
0.14579763
0.14905014
0.15230265
0.15555516
0.14579763
0.14905014
0.15230265
0.15555516
0.14579763
0.14905014
0.15230265
0.15555516
0.14579763
0.14905014
0.15230265
0.15555516
0.14579763
0.14905014
0.15230265
0.15555516
0.14602191
0.14925309
0.15248427
0.15571545
0.14602191
0.14925309
0.15248427
0.15571545
0.14602191
0.14925309
0.15248427
0.15571545
0.14602191
0.14925309
0.15248427
0.15571545
0.14602191
0.14925309
0.15248427
0.15571545
0.14602191
0.14925309
0.15248427
0.15571545
0.14602191
0.14925309
0.15248427
0.15571545
0.14602191
0.14925309
0.15248427
0.15571545
0.14602191
0.14925309
0.15248427
0.15571545
0.14602191
0.14925309
0.15248427
0.15571545
0.14602191
0.14925309
0.15248427
0.15571545
0.14602191
0.14925309
0.15248427
0.15571545
0.14602191
0.14925309
0.15248427
0.15571545
0.14602191
0.14925309
0.15248427
0.15571545
0.14602191
0.14925309
0.15248427
0.15571545
0.14602191
0.14925309
0.15248427
0.15571545
0.14602191
0.14925309
0.15248427
0.15571545
0.14602191
0.14925309
0.15248427
0.15571545
0.14602191
0.14925309
0.15248427
0.15571545
0.14602191
0.14925309
0.15248427
0.15571545
0.14602191
0.14925309
0.15248427
0.15571545
0.14602191
0.14925309
0.15248427
0.15571545
0.14602191
0.14925309
0.15248427
0.15571545
0.14602191
0.14925309
0.15248427
0.15571545
0.14624618
0.14945604
0.15266589
0.15587574
0.14624618
0.14945604
0.15266589
0.15587574
0.14624618
0.14945604
0.15266589
0.15587574
0.14624618
0.14945604
0.15266589
0.15587574
0.14624618
0.14945604
0.15266589
0.15587574
0.14624618
0.14945604
0.15266589
0.15587574
0.14624618
0.14945604
0.15266589
0.15587574
0.14624618
0.14945604
0.15266589
0.15587574
0.14624618
0.14945604
0.15266589
0.15587574
0.14624618
0.14945604
0.15266589
0.15587574
0.14624618
0.14945604
0.15266589
0.15587574
0.14624618
0.14945604
0.15266589
0.15587574
0.14624618
0.14945604
0.15266589
0.15587574
0.14624618
0.14945604
0.15266589
0.15587574
0.14624618
0.14945604
0.15266589
0.15587574
0.14624618
0.14945604
0.15266589
0.15587574
0.14624618
0.14945604
0.15266589
0.15587574
0.14624618
0.14945604
0.15266589
0.15587574
0.14624618
0.14945604
0.15266589
0.15587574
0.14624618
0.14945604
0.15266589
0.15587574
0.14624618
0.14945604
0.15266589
0.15587574
0.14624618
0.14945604
0.15266589
0.15587574
0.14624618
0.14945604
0.15266589
0.15587574
0.14624618
0.14945604
0.15266589
0.15587574
0.14647046
0.14965899
0.15284751
0.15603603
0.14647046
0.14965899
0.15284751
0.15603603
0.14647046
0.14965899
0.15284751
0.15603603
0.14647046
0.14965899
0.15284751
0.15603603
0.14647046
0.14965899
0.15284751
0.15603603
0.14647046
0.14965899
0.15284751
0.15603603
0.14647046
0.14965899
0.15284751
0.15603603
0.14647046
0.14965899
0.15284751
0.15603603
0.14647046
0.14965899
0.15284751
0.15603603
0.14647046
0.14965899
0.15284751
0.15603603
0.14647046
0.14965899
0.15284751
0.15603603
0.14647046
0.14965899
0.15284751
0.15603603
0.14647046
0.14965899
0.15284751
0.15603603
0.14647046
0.14965899
0.15284751
0.15603603
0.14647046
0.14965899
0.15284751
0.15603603
0.14647046
0.14965899
0.15284751
0.15603603
0.14647046
0.14965899
0.15284751
0.15603603
0.14647046
0.14965899
0.15284751
0.15603603
0.14647046
0.14965899
0.15284751
0.15603603
0.14647046
0.14965899
0.15284751
0.15603603
0.14647046
0.14965899
0.15284751
0.15603603
0.14647046
0.14965899
0.15284751
0.15603603
0.14647046
0.14965899
0.15284751
0.15603603
0.14647046
0.14965899
0.15284751
0.15603603
0.14669474
0.14986193
0.15302913
0.15619633
0.14669474
0.14986193
0.15302913
0.15619633
0.14669474
0.14986193
0.15302913
0.15619633
0.14669474
0.14986193
0.15302913
0.15619633
0.14669474
0.14986193
0.15302913
0.15619633
0.14669474
0.14986193
0.15302913
0.15619633
0.14669474
0.14986193
0.15302913
0.15619633
0.14669474
0.14986193
0.15302913
0.15619633
0.14669474
0.14986193
0.15302913
0.15619633
0.14669474
0.14986193
0.15302913
0.15619633
0.14669474
0.14986193
0.15302913
0.15619633
0.14669474
0.14986193
0.15302913
0.15619633
0.14669474
0.14986193
0.15302913
0.15619633
0.14669474
0.14986193
0.15302913
0.15619633
0.14669474
0.14986193
0.15302913
0.15619633
0.14669474
0.14986193
0.15302913
0.15619633
0.14669474
0.14986193
0.15302913
0.15619633
0.14669474
0.14986193
0.15302913
0.15619633
0.14669474
0.14986193
0.15302913
0.15619633
0.14669474
0.14986193
0.15302913
0.15619633
0.14669474
0.14986193
0.15302913
0.15619633
0.14669474
0.14986193
0.15302913
0.15619633
0.14669474
0.14986193
0.15302913
0.15619633
0.14669474
0.14986193
0.15302913
0.15619633
0.14691901
0.15006488
0.15321075
0.15635662
0.14691901
0.15006488
0.15321075
0.15635662
0.14691901
0.15006488
0.15321075
0.15635662
0.14691901
0.15006488
0.15321075
0.15635662
0.14691901
0.15006488
0.15321075
0.15635662
0.14691901
0.15006488
0.15321075
0.15635662
0.14691901
0.15006488
0.15321075
0.15635662
0.14691901
0.15006488
0.15321075
0.15635662
0.14691901
0.15006488
0.15321075
0.15635662
0.14691901
0.15006488
0.15321075
0.15635662
0.14691901
0.15006488
0.15321075
0.15635662
0.14691901
0.15006488
0.15321075
0.15635662
0.14691901
0.15006488
0.15321075
0.15635662
0.14691901
0.15006488
0.15321075
0.15635662
0.14691901
0.15006488
0.15321075
0.15635662
0.14691901
0.15006488
0.15321075
0.15635662
0.14691901
0.15006488
0.15321075
0.15635662
0.14691901
0.15006488
0.15321075
0.15635662
0.14691901
0.15006488
0.15321075
0.15635662
0.14691901
0.15006488
0.15321075
0.15635662
0.14691901
0.15006488
0.15321075
0.15635662
0.14691901
0.15006488
0.15321075
0.15635662
0.14691901
0.15006488
0.15321075
0.15635662
0.14691901
0.15006488
0.15321075
0.15635662
0.14714329
0.15026783
0.15339237
0.15651691
0.14714329
0.15026783
0.15339237
0.15651691
0.14714329
0.15026783
0.15339237
0.15651691
0.14714329
0.15026783
0.15339237
0.15651691
0.14714329
0.15026783
0.15339237
0.15651691
0.14714329
0.15026783
0.15339237
0.15651691
0.14714329
0.15026783
0.15339237
0.15651691
0.14714329
0.15026783
0.15339237
0.15651691
0.14714329
0.15026783
0.15339237
0.15651691
0.14714329
0.15026783
0.15339237
0.15651691
0.14714329
0.15026783
0.15339237
0.15651691
0.14714329
0.15026783
0.15339237
0.15651691
0.14714329
0.15026783
0.15339237
0.15651691
0.14714329
0.15026783
0.15339237
0.15651691
0.14714329
0.15026783
0.15339237
0.15651691
0.14714329
0.15026783
0.15339237
0.15651691
0.14714329
0.15026783
0.15339237
0.15651691
0.14714329
0.15026783
0.15339237
0.15651691
0.14714329
0.15026783
0.15339237
0.15651691
0.14714329
0.15026783
0.15339237
0.15651691
0.14714329
0.15026783
0.15339237
0.15651691
0.14714329
0.15026783
0.15339237
0.15651691
0.14714329
0.15026783
0.15339237
0.15651691
0.14714329
0.15026783
0.15339237
0.15651691
0.14736757
0.15047078
0.15357399
0.15667721
0.14736757
0.15047078
0.15357399
0.15667721
0.14736757
0.15047078
0.15357399
0.15667721
0.14736757
0.15047078
0.15357399
0.15667721
0.14736757
0.15047078
0.15357399
0.15667721
0.14736757
0.15047078
0.15357399
0.15667721
0.14736757
0.15047078
0.15357399
0.15667721
0.14736757
0.15047078
0.15357399
0.15667721
0.14736757
0.15047078
0.15357399
0.15667721
0.14736757
0.15047078
0.15357399
0.15667721
0.14736757
0.15047078
0.15357399
0.15667721
0.14736757
0.15047078
0.15357399
0.15667721
0.14736757
0.15047078
0.15357399
0.15667721
0.14736757
0.15047078
0.15357399
0.15667721
0.14736757
0.15047078
0.15357399
0.15667721
0.14736757
0.15047078
0.15357399
0.15667721
0.14736757
0.15047078
0.15357399
0.15667721
0.14736757
0.15047078
0.15357399
0.15667721
0.14736757
0.15047078
0.15357399
0.15667721
0.14736757
0.15047078
0.15357399
0.15667721
0.14736757
0.15047078
0.15357399
0.15667721
0.14736757
0.15047078
0.15357399
0.15667721
0.14736757
0.15047078
0.15357399
0.15667721
0.14736757
0.15047078
0.15357399
0.15667721
0.14759184
0.15067373
0.15375561
0.1568375
0.14759184
0.15067373
0.15375561
0.1568375
0.14759184
0.15067373
0.15375561
0.1568375
0.14759184
0.15067373
0.15375561
0.1568375
0.14759184
0.15067373
0.15375561
0.1568375
0.14759184
0.15067373
0.15375561
0.1568375
0.14759184
0.15067373
0.15375561
0.1568375
0.14759184
0.15067373
0.15375561
0.1568375
0.14759184
0.15067373
0.15375561
0.1568375
0.14759184
0.15067373
0.15375561
0.1568375
0.14759184
0.15067373
0.15375561
0.1568375
0.14759184
0.15067373
0.15375561
0.1568375
0.14759184
0.15067373
0.15375561
0.1568375
0.14759184
0.15067373
0.15375561
0.1568375
0.14759184
0.15067373
0.15375561
0.1568375
0.14759184
0.15067373
0.15375561
0.1568375
0.14759184
0.15067373
0.15375561
0.1568375
0.14759184
0.15067373
0.15375561
0.1568375
0.14759184
0.15067373
0.15375561
0.1568375
0.14759184
0.15067373
0.15375561
0.1568375
0.14759184
0.15067373
0.15375561
0.1568375
0.14759184
0.15067373
0.15375561
0.1568375
0.14759184
0.15067373
0.15375561
0.1568375
0.14759184
0.15067373
0.15375561
0.1568375
0.14781612
0.15087668
0.15393723
0.15699779
0.14781612
0.15087668
0.15393723
0.15699779
0.14781612
0.15087668
0.15393723
0.15699779
0.14781612
0.15087668
0.15393723
0.15699779
0.14781612
0.15087668
0.15393723
0.15699779
0.14781612
0.15087668
0.15393723
0.15699779
0.14781612
0.15087668
0.15393723
0.15699779
0.14781612
0.15087668
0.15393723
0.15699779
0.14781612
0.15087668
0.15393723
0.15699779
0.14781612
0.15087668
0.15393723
0.15699779
0.14781612
0.15087668
0.15393723
0.15699779
0.14781612
0.15087668
0.15393723
0.15699779
0.14781612
0.15087668
0.15393723
0.15699779
0.14781612
0.15087668
0.15393723
0.15699779
0.14781612
0.15087668
0.15393723
0.15699779
0.14781612
0.15087668
0.15393723
0.15699779
0.14781612
0.15087668
0.15393723
0.15699779
0.14781612
0.15087668
0.15393723
0.15699779
0.14781612
0.15087668
0.15393723
0.15699779
0.14781612
0.15087668
0.15393723
0.15699779
0.14781612
0.15087668
0.15393723
0.15699779
0.14781612
0.15087668
0.15393723
0.15699779
0.14781612
0.15087668
0.15393723
0.15699779
0.14781612
0.15087668
0.15393723
0.15699779
0.14804039
0.15107962
0.15411885
0.15715808
0.14804039
0.15107962
0.15411885
0.15715808
0.14804039
0.15107962
0.15411885
0.15715808
0.14804039
0.15107962
0.15411885
0.15715808
0.14804039
0.15107962
0.15411885
0.15715808
0.14804039
0.15107962
0.15411885
0.15715808
0.14804039
0.15107962
0.15411885
0.15715808
0.14804039
0.15107962
0.15411885
0.15715808
0.14804039
0.15107962
0.15411885
0.15715808
0.14804039
0.15107962
0.15411885
0.15715808
0.14804039
0.15107962
0.15411885
0.15715808
0.14804039
0.15107962
0.15411885
0.15715808
0.14804039
0.15107962
0.15411885
0.15715808
0.14804039
0.15107962
0.15411885
0.15715808
0.14804039
0.15107962
0.15411885
0.15715808
0.14804039
0.15107962
0.15411885
0.15715808
0.14804039
0.15107962
0.15411885
0.15715808
0.14804039
0.15107962
0.15411885
0.15715808
0.14804039
0.15107962
0.15411885
0.15715808
0.14804039
0.15107962
0.15411885
0.15715808
0.14804039
0.15107962
0.15411885
0.15715808
0.14804039
0.15107962
0.15411885
0.15715808
0.14804039
0.15107962
0.15411885
0.15715808
0.14804039
0.15107962
0.15411885
0.15715808
0.14826467
0.15128257
0.15430047
0.15731838
0.14826467
0.15128257
0.15430047
0.15731838
0.14826467
0.15128257
0.15430047
0.15731838
0.14826467
0.15128257
0.15430047
0.15731838
0.14826467
0.15128257
0.15430047
0.15731838
0.14826467
0.15128257
0.15430047
0.15731838
0.14826467
0.15128257
0.15430047
0.15731838
0.14826467
0.15128257
0.15430047
0.15731838
0.14826467
0.15128257
0.15430047
0.15731838
0.14826467
0.15128257
0.15430047
0.15731838
0.14826467
0.15128257
0.15430047
0.15731838
0.14826467
0.15128257
0.15430047
0.15731838
0.14826467
0.15128257
0.15430047
0.15731838
0.14826467
0.15128257
0.15430047
0.15731838
0.14826467
0.15128257
0.15430047
0.15731838
0.14826467
0.15128257
0.15430047
0.15731838
0.14826467
0.15128257
0.15430047
0.15731838
0.14826467
0.15128257
0.15430047
0.15731838
0.14826467
0.15128257
0.15430047
0.15731838
0.14826467
0.15128257
0.15430047
0.15731838
0.14826467
0.15128257
0.15430047
0.15731838
0.14826467
0.15128257
0.15430047
0.15731838
0.14826467
0.15128257
0.15430047
0.15731838
0.14826467
0.15128257
0.15430047
0.15731838
0.14848895
0.15148552
0.1544821
0.15747867
0.14848895
0.15148552
0.1544821
0.15747867
0.14848895
0.15148552
0.1544821
0.15747867
0.14848895
0.15148552
0.1544821
0.15747867
0.14848895
0.15148552
0.1544821
0.15747867
0.14848895
0.15148552
0.1544821
0.15747867
0.14848895
0.15148552
0.1544821
0.15747867
0.14848895
0.15148552
0.1544821
0.15747867
0.14848895
0.15148552
0.1544821
0.15747867
0.14848895
0.15148552
0.1544821
0.15747867
0.14848895
0.15148552
0.1544821
0.15747867
0.14848895
0.15148552
0.1544821
0.15747867
0.14848895
0.15148552
0.1544821
0.15747867
0.14848895
0.15148552
0.1544821
0.15747867
0.14848895
0.15148552
0.1544821
0.15747867
0.14848895
0.15148552
0.1544821
0.15747867
0.14848895
0.15148552
0.1544821
0.15747867
0.14848895
0.15148552
0.1544821
0.15747867
0.14848895
0.15148552
0.1544821
0.15747867
0.14848895
0.15148552
0.1544821
0.15747867
0.14848895
0.15148552
0.1544821
0.15747867
0.14848895
0.15148552
0.1544821
0.15747867
0.14848895
0.15148552
0.1544821
0.15747867
0.14848895
0.15148552
0.1544821
0.15747867
0.14871322
0.15168847
0.15466372
0.15763896
0.14871322
0.15168847
0.15466372
0.15763896
0.14871322
0.15168847
0.15466372
0.15763896
0.14871322
0.15168847
0.15466372
0.15763896
0.14871322
0.15168847
0.15466372
0.15763896
0.14871322
0.15168847
0.15466372
0.15763896
0.14871322
0.15168847
0.15466372
0.15763896
0.14871322
0.15168847
0.15466372
0.15763896
0.14871322
0.15168847
0.15466372
0.15763896
0.14871322
0.15168847
0.15466372
0.15763896
0.14871322
0.15168847
0.15466372
0.15763896
0.14871322
0.15168847
0.15466372
0.15763896
0.14871322
0.15168847
0.15466372
0.15763896
0.14871322
0.15168847
0.15466372
0.15763896
0.14871322
0.15168847
0.15466372
0.15763896
0.14871322
0.15168847
0.15466372
0.15763896
0.14871322
0.15168847
0.15466372
0.15763896
0.14871322
0.15168847
0.15466372
0.15763896
0.14871322
0.15168847
0.15466372
0.15763896
0.14871322
0.15168847
0.15466372
0.15763896
0.14871322
0.15168847
0.15466372
0.15763896
0.14871322
0.15168847
0.15466372
0.15763896
0.14871322
0.15168847
0.15466372
0.15763896
0.14871322
0.15168847
0.15466372
0.15763896
0.1489375
0.15189142
0.15484534
0.15779926
0.1489375
0.15189142
0.15484534
0.15779926
0.1489375
0.15189142
0.15484534
0.15779926
0.1489375
0.15189142
0.15484534
0.15779926
0.1489375
0.15189142
0.15484534
0.15779926
0.1489375
0.15189142
0.15484534
0.15779926
0.1489375
0.15189142
0.15484534
0.15779926
0.1489375
0.15189142
0.15484534
0.15779926
0.1489375
0.15189142
0.15484534
0.15779926
0.1489375
0.15189142
0.15484534
0.15779926
0.1489375
0.15189142
0.15484534
0.15779926
0.1489375
0.15189142
0.15484534
0.15779926
0.1489375
0.15189142
0.15484534
0.15779926
0.1489375
0.15189142
0.15484534
0.15779926
0.1489375
0.15189142
0.15484534
0.15779926
0.1489375
0.15189142
0.15484534
0.15779926
0.1489375
0.15189142
0.15484534
0.15779926
0.1489375
0.15189142
0.15484534
0.15779926
0.1489375
0.15189142
0.15484534
0.15779926
0.1489375
0.15189142
0.15484534
0.15779926
0.1489375
0.15189142
0.15484534
0.15779926
0.1489375
0.15189142
0.15484534
0.15779926
0.1489375
0.15189142
0.15484534
0.15779926
0.1489375
0.15189142
0.15484534
0.15779926
0.14916177
0.15209437
0.15502696
0.15795955
0.14916177
0.15209437
0.15502696
0.15795955
0.14916177
0.15209437
0.15502696
0.15795955
0.14916177
0.15209437
0.15502696
0.15795955
0.14916177
0.15209437
0.15502696
0.15795955
0.14916177
0.15209437
0.15502696
0.15795955
0.14916177
0.15209437
0.15502696
0.15795955
0.14916177
0.15209437
0.15502696
0.15795955
0.14916177
0.15209437
0.15502696
0.15795955
0.14916177
0.15209437
0.15502696
0.15795955
0.14916177
0.15209437
0.15502696
0.15795955
0.14916177
0.15209437
0.15502696
0.15795955
0.14916177
0.15209437
0.15502696
0.15795955
0.14916177
0.15209437
0.15502696
0.15795955
0.14916177
0.15209437
0.15502696
0.15795955
0.14916177
0.15209437
0.15502696
0.15795955
0.14916177
0.15209437
0.15502696
0.15795955
0.14916177
0.15209437
0.15502696
0.15795955
0.14916177
0.15209437
0.15502696
0.15795955
0.14916177
0.15209437
0.15502696
0.15795955
0.14916177
0.15209437
0.15502696
0.15795955
0.14916177
0.15209437
0.15502696
0.15795955
0.14916177
0.15209437
0.15502696
0.15795955
0.14916177
0.15209437
0.15502696
0.15795955
0.14938605
0.15229731
0.15520858
0.15811984
0.14938605
0.15229731
0.15520858
0.15811984
0.14938605
0.15229731
0.15520858
0.15811984
0.14938605
0.15229731
0.15520858
0.15811984
0.14938605
0.15229731
0.15520858
0.15811984
0.14938605
0.15229731
0.15520858
0.15811984
0.14938605
0.15229731
0.15520858
0.15811984
0.14938605
0.15229731
0.15520858
0.15811984
0.14938605
0.15229731
0.15520858
0.15811984
0.14938605
0.15229731
0.15520858
0.15811984
0.14938605
0.15229731
0.15520858
0.15811984
0.14938605
0.15229731
0.15520858
0.15811984
0.14938605
0.15229731
0.15520858
0.15811984
0.14938605
0.15229731
0.15520858
0.15811984
0.14938605
0.15229731
0.15520858
0.15811984
0.14938605
0.15229731
0.15520858
0.15811984
0.14938605
0.15229731
0.15520858
0.15811984
0.14938605
0.15229731
0.15520858
0.15811984
0.14938605
0.15229731
0.15520858
0.15811984
0.14938605
0.15229731
0.15520858
0.15811984
0.14938605
0.15229731
0.15520858
0.15811984
0.14938605
0.15229731
0.15520858
0.15811984
0.14938605
0.15229731
0.15520858
0.15811984
0.14938605
0.15229731
0.15520858
0.15811984
0.14961033
0.15250026
0.1553902
0.15828013
0.14961033
0.15250026
0.1553902
0.15828013
0.14961033
0.15250026
0.1553902
0.15828013
0.14961033
0.15250026
0.1553902
0.15828013
0.14961033
0.15250026
0.1553902
0.15828013
0.14961033
0.15250026
0.1553902
0.15828013
0.14961033
0.15250026
0.1553902
0.15828013
0.14961033
0.15250026
0.1553902
0.15828013
0.14961033
0.15250026
0.1553902
0.15828013
0.14961033
0.15250026
0.1553902
0.15828013
0.14961033
0.15250026
0.1553902
0.15828013
0.14961033
0.15250026
0.1553902
0.15828013
0.14961033
0.15250026
0.1553902
0.15828013
0.14961033
0.15250026
0.1553902
0.15828013
0.14961033
0.15250026
0.1553902
0.15828013
0.14961033
0.15250026
0.1553902
0.15828013
0.14961033
0.15250026
0.1553902
0.15828013
0.14961033
0.15250026
0.1553902
0.15828013
0.14961033
0.15250026
0.1553902
0.15828013
0.14961033
0.15250026
0.1553902
0.15828013
0.14961033
0.15250026
0.1553902
0.15828013
0.14961033
0.15250026
0.1553902
0.15828013
0.14961033
0.15250026
0.1553902
0.15828013
0.14961033
0.15250026
0.1553902
0.15828013
0.1498346
0.15270321
0.15557182
0.15844043
0.1498346
0.15270321
0.15557182
0.15844043
0.1498346
0.15270321
0.15557182
0.15844043
0.1498346
0.15270321
0.15557182
0.15844043
0.1498346
0.15270321
0.15557182
0.15844043
0.1498346
0.15270321
0.15557182
0.15844043
0.1498346
0.15270321
0.15557182
0.15844043
0.1498346
0.15270321
0.15557182
0.15844043
0.1498346
0.15270321
0.15557182
0.15844043
0.1498346
0.15270321
0.15557182
0.15844043
0.1498346
0.15270321
0.15557182
0.15844043
0.1498346
0.15270321
0.15557182
0.15844043
0.1498346
0.15270321
0.15557182
0.15844043
0.1498346
0.15270321
0.15557182
0.15844043
0.1498346
0.15270321
0.15557182
0.15844043
0.1498346
0.15270321
0.15557182
0.15844043
0.1498346
0.15270321
0.15557182
0.15844043
0.1498346
0.15270321
0.15557182
0.15844043
0.1498346
0.15270321
0.15557182
0.15844043
0.1498346
0.15270321
0.15557182
0.15844043
0.1498346
0.15270321
0.15557182
0.15844043
0.1498346
0.15270321
0.15557182
0.15844043
0.1498346
0.15270321
0.15557182
0.15844043
0.1498346
0.15270321
0.15557182
0.15844043
0.15005888
0.15290616
0.15575344
0.15860072
0.15005888
0.15290616
0.15575344
0.15860072
0.15005888
0.15290616
0.15575344
0.15860072
0.15005888
0.15290616
0.15575344
0.15860072
0.15005888
0.15290616
0.15575344
0.15860072
0.15005888
0.15290616
0.15575344
0.15860072
0.15005888
0.15290616
0.15575344
0.15860072
0.15005888
0.15290616
0.15575344
0.15860072
0.15005888
0.15290616
0.15575344
0.15860072
0.15005888
0.15290616
0.15575344
0.15860072
0.15005888
0.15290616
0.15575344
0.15860072
0.15005888
0.15290616
0.15575344
0.15860072
0.15005888
0.15290616
0.15575344
0.15860072
0.15005888
0.15290616
0.15575344
0.15860072
0.15005888
0.15290616
0.15575344
0.15860072
0.15005888
0.15290616
0.15575344
0.15860072
0.15005888
0.15290616
0.15575344
0.15860072
0.15005888
0.15290616
0.15575344
0.15860072
0.15005888
0.15290616
0.15575344
0.15860072
0.15005888
0.15290616
0.15575344
0.15860072
0.15005888
0.15290616
0.15575344
0.15860072
0.15005888
0.15290616
0.15575344
0.15860072
0.15005888
0.15290616
0.15575344
0.15860072
0.15005888
0.15290616
0.15575344
0.15860072
0.15028315
0.15310911
0.15593506
0.15876101
0.15028315
0.15310911
0.15593506
0.15876101
0.15028315
0.15310911
0.15593506
0.15876101
0.15028315
0.15310911
0.15593506
0.15876101
0.15028315
0.15310911
0.15593506
0.15876101
0.15028315
0.15310911
0.15593506
0.15876101
0.15028315
0.15310911
0.15593506
0.15876101
0.15028315
0.15310911
0.15593506
0.15876101
0.15028315
0.15310911
0.15593506
0.15876101
0.15028315
0.15310911
0.15593506
0.15876101
0.15028315
0.15310911
0.15593506
0.15876101
0.15028315
0.15310911
0.15593506
0.15876101
0.15028315
0.15310911
0.15593506
0.15876101
0.15028315
0.15310911
0.15593506
0.15876101
0.15028315
0.15310911
0.15593506
0.15876101
0.15028315
0.15310911
0.15593506
0.15876101
0.15028315
0.15310911
0.15593506
0.15876101
0.15028315
0.15310911
0.15593506
0.15876101
0.15028315
0.15310911
0.15593506
0.15876101
0.15028315
0.15310911
0.15593506
0.15876101
0.15028315
0.15310911
0.15593506
0.15876101
0.15028315
0.15310911
0.15593506
0.15876101
0.15028315
0.15310911
0.15593506
0.15876101
0.15028315
0.15310911
0.15593506
0.15876101
0.15840464
0.16174889
0.16509313
0.16843737
0.15840464
0.16174889
0.16509313
0.16843737
0.15840464
0.16174889
0.16509313
0.16843737
0.15840464
0.16174889
0.16509313
0.16843737
0.15840464
0.16174889
0.16509313
0.16843737
0.15840464
0.16174889
0.16509313
0.16843737
0.15840464
0.16174889
0.16509313
0.16843737
0.15840464
0.16174889
0.16509313
0.16843737
0.15840464
0.16174889
0.16509313
0.16843737
0.15840464
0.16174889
0.16509313
0.16843737
0.15840464
0.16174889
0.16509313
0.16843737
0.15840464
0.16174889
0.16509313
0.16843737
0.15840464
0.16174889
0.16509313
0.16843737
0.15840464
0.16174889
0.16509313
0.16843737
0.15840464
0.16174889
0.16509313
0.16843737
0.15840464
0.16174889
0.16509313
0.16843737
0.15840464
0.16174889
0.16509313
0.16843737
0.15840464
0.16174889
0.16509313
0.16843737
0.15840464
0.16174889
0.16509313
0.16843737
0.15840464
0.16174889
0.16509313
0.16843737
0.15840464
0.16174889
0.16509313
0.16843737
0.15840464
0.16174889
0.16509313
0.16843737
0.15840464
0.16174889
0.16509313
0.16843737
0.15840464
0.16174889
0.16509313
0.16843737
0.15854352
0.16186626
0.16518899
0.16851173
0.15854352
0.16186626
0.16518899
0.16851173
0.15854352
0.16186626
0.16518899
0.16851173
0.15854352
0.16186626
0.16518899
0.16851173
0.15854352
0.16186626
0.16518899
0.16851173
0.15854352
0.16186626
0.16518899
0.16851173
0.15854352
0.16186626
0.16518899
0.16851173
0.15854352
0.16186626
0.16518899
0.16851173
0.15854352
0.16186626
0.16518899
0.16851173
0.15854352
0.16186626
0.16518899
0.16851173
0.15854352
0.16186626
0.16518899
0.16851173
0.15854352
0.16186626
0.16518899
0.16851173
0.15854352
0.16186626
0.16518899
0.16851173
0.15854352
0.16186626
0.16518899
0.16851173
0.15854352
0.16186626
0.16518899
0.16851173
0.15854352
0.16186626
0.16518899
0.16851173
0.15854352
0.16186626
0.16518899
0.16851173
0.15854352
0.16186626
0.16518899
0.16851173
0.15854352
0.16186626
0.16518899
0.16851173
0.15854352
0.16186626
0.16518899
0.16851173
0.15854352
0.16186626
0.16518899
0.16851173
0.15854352
0.16186626
0.16518899
0.16851173
0.15854352
0.16186626
0.16518899
0.16851173
0.15854352
0.16186626
0.16518899
0.16851173
0.15868239
0.16198363
0.16528486
0.16858609
0.15868239
0.16198363
0.16528486
0.16858609
0.15868239
0.16198363
0.16528486
0.16858609
0.15868239
0.16198363
0.16528486
0.16858609
0.15868239
0.16198363
0.16528486
0.16858609
0.15868239
0.16198363
0.16528486
0.16858609
0.15868239
0.16198363
0.16528486
0.16858609
0.15868239
0.16198363
0.16528486
0.16858609
0.15868239
0.16198363
0.16528486
0.16858609
0.15868239
0.16198363
0.16528486
0.16858609
0.15868239
0.16198363
0.16528486
0.16858609
0.15868239
0.16198363
0.16528486
0.16858609
0.15868239
0.16198363
0.16528486
0.16858609
0.15868239
0.16198363
0.16528486
0.16858609
0.15868239
0.16198363
0.16528486
0.16858609
0.15868239
0.16198363
0.16528486
0.16858609
0.15868239
0.16198363
0.16528486
0.16858609
0.15868239
0.16198363
0.16528486
0.16858609
0.15868239
0.16198363
0.16528486
0.16858609
0.15868239
0.16198363
0.16528486
0.16858609
0.15868239
0.16198363
0.16528486
0.16858609
0.15868239
0.16198363
0.16528486
0.16858609
0.15868239
0.16198363
0.16528486
0.16858609
0.15868239
0.16198363
0.16528486
0.16858609
0.15882127
0.162101
0.16538072
0.16866045
0.15882127
0.162101
0.16538072
0.16866045
0.15882127
0.162101
0.16538072
0.16866045
0.15882127
0.162101
0.16538072
0.16866045
0.15882127
0.162101
0.16538072
0.16866045
0.15882127
0.162101
0.16538072
0.16866045
0.15882127
0.162101
0.16538072
0.16866045
0.15882127
0.162101
0.16538072
0.16866045
0.15882127
0.162101
0.16538072
0.16866045
0.15882127
0.162101
0.16538072
0.16866045
0.15882127
0.162101
0.16538072
0.16866045
0.15882127
0.162101
0.16538072
0.16866045
0.15882127
0.162101
0.16538072
0.16866045
0.15882127
0.162101
0.16538072
0.16866045
0.15882127
0.162101
0.16538072
0.16866045
0.15882127
0.162101
0.16538072
0.16866045
0.15882127
0.162101
0.16538072
0.16866045
0.15882127
0.162101
0.16538072
0.16866045
0.15882127
0.162101
0.16538072
0.16866045
0.15882127
0.162101
0.16538072
0.16866045
0.15882127
0.162101
0.16538072
0.16866045
0.15882127
0.162101
0.16538072
0.16866045
0.15882127
0.162101
0.16538072
0.16866045
0.15882127
0.162101
0.16538072
0.16866045
0.15896015
0.16221837
0.16547658
0.1687348
0.15896015
0.16221837
0.16547658
0.1687348
0.15896015
0.16221837
0.16547658
0.1687348
0.15896015
0.16221837
0.16547658
0.1687348
0.15896015
0.16221837
0.16547658
0.1687348
0.15896015
0.16221837
0.16547658
0.1687348
0.15896015
0.16221837
0.16547658
0.1687348
0.15896015
0.16221837
0.16547658
0.1687348
0.15896015
0.16221837
0.16547658
0.1687348
0.15896015
0.16221837
0.16547658
0.1687348
0.15896015
0.16221837
0.16547658
0.1687348
0.15896015
0.16221837
0.16547658
0.1687348
0.15896015
0.16221837
0.16547658
0.1687348
0.15896015
0.16221837
0.16547658
0.1687348
0.15896015
0.16221837
0.16547658
0.1687348
0.15896015
0.16221837
0.16547658
0.1687348
0.15896015
0.16221837
0.16547658
0.1687348
0.15896015
0.16221837
0.16547658
0.1687348
0.15896015
0.16221837
0.16547658
0.1687348
0.15896015
0.16221837
0.16547658
0.1687348
0.15896015
0.16221837
0.16547658
0.1687348
0.15896015
0.16221837
0.16547658
0.1687348
0.15896015
0.16221837
0.16547658
0.1687348
0.15896015
0.16221837
0.16547658
0.1687348
0.15909902
0.16233574
0.16557245
0.16880916
0.15909902
0.16233574
0.16557245
0.16880916
0.15909902
0.16233574
0.16557245
0.16880916
0.15909902
0.16233574
0.16557245
0.16880916
0.15909902
0.16233574
0.16557245
0.16880916
0.15909902
0.16233574
0.16557245
0.16880916
0.15909902
0.16233574
0.16557245
0.16880916
0.15909902
0.16233574
0.16557245
0.16880916
0.15909902
0.16233574
0.16557245
0.16880916
0.15909902
0.16233574
0.16557245
0.16880916
0.15909902
0.16233574
0.16557245
0.16880916
0.15909902
0.16233574
0.16557245
0.16880916
0.15909902
0.16233574
0.16557245
0.16880916
0.15909902
0.16233574
0.16557245
0.16880916
0.15909902
0.16233574
0.16557245
0.16880916
0.15909902
0.16233574
0.16557245
0.16880916
0.15909902
0.16233574
0.16557245
0.16880916
0.15909902
0.16233574
0.16557245
0.16880916
0.15909902
0.16233574
0.16557245
0.16880916
0.15909902
0.16233574
0.16557245
0.16880916
0.15909902
0.16233574
0.16557245
0.16880916
0.15909902
0.16233574
0.16557245
0.16880916
0.15909902
0.16233574
0.16557245
0.16880916
0.15909902
0.16233574
0.16557245
0.16880916
0.1592379
0.1624531
0.16566831
0.16888352
0.1592379
0.1624531
0.16566831
0.16888352
0.1592379
0.1624531
0.16566831
0.16888352
0.1592379
0.1624531
0.16566831
0.16888352
0.1592379
0.1624531
0.16566831
0.16888352
0.1592379
0.1624531
0.16566831
0.16888352
0.1592379
0.1624531
0.16566831
0.16888352
0.1592379
0.1624531
0.16566831
0.16888352
0.1592379
0.1624531
0.16566831
0.16888352
0.1592379
0.1624531
0.16566831
0.16888352
0.1592379
0.1624531
0.16566831
0.16888352
0.1592379
0.1624531
0.16566831
0.16888352
0.1592379
0.1624531
0.16566831
0.16888352
0.1592379
0.1624531
0.16566831
0.16888352
0.1592379
0.1624531
0.16566831
0.16888352
0.1592379
0.1624531
0.16566831
0.16888352
0.1592379
0.1624531
0.16566831
0.16888352
0.1592379
0.1624531
0.16566831
0.16888352
0.1592379
0.1624531
0.16566831
0.16888352
0.1592379
0.1624531
0.16566831
0.16888352
0.1592379
0.1624531
0.16566831
0.16888352
0.1592379
0.1624531
0.16566831
0.16888352
0.1592379
0.1624531
0.16566831
0.16888352
0.1592379
0.1624531
0.16566831
0.16888352
0.15937677
0.16257047
0.16576417
0.16895787
0.15937677
0.16257047
0.16576417
0.16895787
0.15937677
0.16257047
0.16576417
0.16895787
0.15937677
0.16257047
0.16576417
0.16895787
0.15937677
0.16257047
0.16576417
0.16895787
0.15937677
0.16257047
0.16576417
0.16895787
0.15937677
0.16257047
0.16576417
0.16895787
0.15937677
0.16257047
0.16576417
0.16895787
0.15937677
0.16257047
0.16576417
0.16895787
0.15937677
0.16257047
0.16576417
0.16895787
0.15937677
0.16257047
0.16576417
0.16895787
0.15937677
0.16257047
0.16576417
0.16895787
0.15937677
0.16257047
0.16576417
0.16895787
0.15937677
0.16257047
0.16576417
0.16895787
0.15937677
0.16257047
0.16576417
0.16895787
0.15937677
0.16257047
0.16576417
0.16895787
0.15937677
0.16257047
0.16576417
0.16895787
0.15937677
0.16257047
0.16576417
0.16895787
0.15937677
0.16257047
0.16576417
0.16895787
0.15937677
0.16257047
0.16576417
0.16895787
0.15937677
0.16257047
0.16576417
0.16895787
0.15937677
0.16257047
0.16576417
0.16895787
0.15937677
0.16257047
0.16576417
0.16895787
0.15937677
0.16257047
0.16576417
0.16895787
0.15951565
0.16268784
0.16586004
0.16903223
0.15951565
0.16268784
0.16586004
0.16903223
0.15951565
0.16268784
0.16586004
0.16903223
0.15951565
0.16268784
0.16586004
0.16903223
0.15951565
0.16268784
0.16586004
0.16903223
0.15951565
0.16268784
0.16586004
0.16903223
0.15951565
0.16268784
0.16586004
0.16903223
0.15951565
0.16268784
0.16586004
0.16903223
0.15951565
0.16268784
0.16586004
0.16903223
0.15951565
0.16268784
0.16586004
0.16903223
0.15951565
0.16268784
0.16586004
0.16903223
0.15951565
0.16268784
0.16586004
0.16903223
0.15951565
0.16268784
0.16586004
0.16903223
0.15951565
0.16268784
0.16586004
0.16903223
0.15951565
0.16268784
0.16586004
0.16903223
0.15951565
0.16268784
0.16586004
0.16903223
0.15951565
0.16268784
0.16586004
0.16903223
0.15951565
0.16268784
0.16586004
0.16903223
0.15951565
0.16268784
0.16586004
0.16903223
0.15951565
0.16268784
0.16586004
0.16903223
0.15951565
0.16268784
0.16586004
0.16903223
0.15951565
0.16268784
0.16586004
0.16903223
0.15951565
0.16268784
0.16586004
0.16903223
0.15951565
0.16268784
0.16586004
0.16903223
0.15965453
0.16280521
0.1659559
0.16910659
0.15965453
0.16280521
0.1659559
0.16910659
0.15965453
0.16280521
0.1659559
0.16910659
0.15965453
0.16280521
0.1659559
0.16910659
0.15965453
0.16280521
0.1659559
0.16910659
0.15965453
0.16280521
0.1659559
0.16910659
0.15965453
0.16280521
0.1659559
0.16910659
0.15965453
0.16280521
0.1659559
0.16910659
0.15965453
0.16280521
0.1659559
0.16910659
0.15965453
0.16280521
0.1659559
0.16910659
0.15965453
0.16280521
0.1659559
0.16910659
0.15965453
0.16280521
0.1659559
0.16910659
0.15965453
0.16280521
0.1659559
0.16910659
0.15965453
0.16280521
0.1659559
0.16910659
0.15965453
0.16280521
0.1659559
0.16910659
0.15965453
0.16280521
0.1659559
0.16910659
0.15965453
0.16280521
0.1659559
0.16910659
0.15965453
0.16280521
0.1659559
0.16910659
0.15965453
0.16280521
0.1659559
0.16910659
0.15965453
0.16280521
0.1659559
0.16910659
0.15965453
0.16280521
0.1659559
0.16910659
0.15965453
0.16280521
0.1659559
0.16910659
0.15965453
0.16280521
0.1659559
0.16910659
0.15965453
0.16280521
0.1659559
0.16910659
0.1597934
0.16292258
0.16605176
0.16918095
0.1597934
0.16292258
0.16605176
0.16918095
0.1597934
0.16292258
0.16605176
0.16918095
0.1597934
0.16292258
0.16605176
0.16918095
0.1597934
0.16292258
0.16605176
0.16918095
0.1597934
0.16292258
0.16605176
0.16918095
0.1597934
0.16292258
0.16605176
0.16918095
0.1597934
0.16292258
0.16605176
0.16918095
0.1597934
0.16292258
0.16605176
0.16918095
0.1597934
0.16292258
0.16605176
0.16918095
0.1597934
0.16292258
0.16605176
0.16918095
0.1597934
0.16292258
0.16605176
0.16918095
0.1597934
0.16292258
0.16605176
0.16918095
0.1597934
0.16292258
0.16605176
0.16918095
0.1597934
0.16292258
0.16605176
0.16918095
0.1597934
0.16292258
0.16605176
0.16918095
0.1597934
0.16292258
0.16605176
0.16918095
0.1597934
0.16292258
0.16605176
0.16918095
0.1597934
0.16292258
0.16605176
0.16918095
0.1597934
0.16292258
0.16605176
0.16918095
0.1597934
0.16292258
0.16605176
0.16918095
0.1597934
0.16292258
0.16605176
0.16918095
0.1597934
0.16292258
0.16605176
0.16918095
0.1597934
0.16292258
0.16605176
0.16918095
0.15993228
0.16303995
0.16614763
0.1692553
0.15993228
0.16303995
0.16614763
0.1692553
0.15993228
0.16303995
0.16614763
0.1692553
0.15993228
0.16303995
0.16614763
0.1692553
0.15993228
0.16303995
0.16614763
0.1692553
0.15993228
0.16303995
0.16614763
0.1692553
0.15993228
0.16303995
0.16614763
0.1692553
0.15993228
0.16303995
0.16614763
0.1692553
0.15993228
0.16303995
0.16614763
0.1692553
0.15993228
0.16303995
0.16614763
0.1692553
0.15993228
0.16303995
0.16614763
0.1692553
0.15993228
0.16303995
0.16614763
0.1692553
0.15993228
0.16303995
0.16614763
0.1692553
0.15993228
0.16303995
0.16614763
0.1692553
0.15993228
0.16303995
0.16614763
0.1692553
0.15993228
0.16303995
0.16614763
0.1692553
0.15993228
0.16303995
0.16614763
0.1692553
0.15993228
0.16303995
0.16614763
0.1692553
0.15993228
0.16303995
0.16614763
0.1692553
0.15993228
0.16303995
0.16614763
0.1692553
0.15993228
0.16303995
0.16614763
0.1692553
0.15993228
0.16303995
0.16614763
0.1692553
0.15993228
0.16303995
0.16614763
0.1692553
0.15993228
0.16303995
0.16614763
0.1692553
0.16007115
0.16315732
0.16624349
0.16932966
0.16007115
0.16315732
0.16624349
0.16932966
0.16007115
0.16315732
0.16624349
0.16932966
0.16007115
0.16315732
0.16624349
0.16932966
0.16007115
0.16315732
0.16624349
0.16932966
0.16007115
0.16315732
0.16624349
0.16932966
0.16007115
0.16315732
0.16624349
0.16932966
0.16007115
0.16315732
0.16624349
0.16932966
0.16007115
0.16315732
0.16624349
0.16932966
0.16007115
0.16315732
0.16624349
0.16932966
0.16007115
0.16315732
0.16624349
0.16932966
0.16007115
0.16315732
0.16624349
0.16932966
0.16007115
0.16315732
0.16624349
0.16932966
0.16007115
0.16315732
0.16624349
0.16932966
0.16007115
0.16315732
0.16624349
0.16932966
0.16007115
0.16315732
0.16624349
0.16932966
0.16007115
0.16315732
0.16624349
0.16932966
0.16007115
0.16315732
0.16624349
0.16932966
0.16007115
0.16315732
0.16624349
0.16932966
0.16007115
0.16315732
0.16624349
0.16932966
0.16007115
0.16315732
0.16624349
0.16932966
0.16007115
0.16315732
0.16624349
0.16932966
0.16007115
0.16315732
0.16624349
0.16932966
0.16007115
0.16315732
0.16624349
0.16932966
0.16021003
0.16327469
0.16633935
0.16940402
0.16021003
0.16327469
0.16633935
0.16940402
0.16021003
0.16327469
0.16633935
0.16940402
0.16021003
0.16327469
0.16633935
0.16940402
0.16021003
0.16327469
0.16633935
0.16940402
0.16021003
0.16327469
0.16633935
0.16940402
0.16021003
0.16327469
0.16633935
0.16940402
0.16021003
0.16327469
0.16633935
0.16940402
0.16021003
0.16327469
0.16633935
0.16940402
0.16021003
0.16327469
0.16633935
0.16940402
0.16021003
0.16327469
0.16633935
0.16940402
0.16021003
0.16327469
0.16633935
0.16940402
0.16021003
0.16327469
0.16633935
0.16940402
0.16021003
0.16327469
0.16633935
0.16940402
0.16021003
0.16327469
0.16633935
0.16940402
0.16021003
0.16327469
0.16633935
0.16940402
0.16021003
0.16327469
0.16633935
0.16940402
0.16021003
0.16327469
0.16633935
0.16940402
0.16021003
0.16327469
0.16633935
0.16940402
0.16021003
0.16327469
0.16633935
0.16940402
0.16021003
0.16327469
0.16633935
0.16940402
0.16021003
0.16327469
0.16633935
0.16940402
0.16021003
0.16327469
0.16633935
0.16940402
0.16021003
0.16327469
0.16633935
0.16940402
0.16034891
0.16339206
0.16643522
0.16947837
0.16034891
0.16339206
0.16643522
0.16947837
0.16034891
0.16339206
0.16643522
0.16947837
0.16034891
0.16339206
0.16643522
0.16947837
0.16034891
0.16339206
0.16643522
0.16947837
0.16034891
0.16339206
0.16643522
0.16947837
0.16034891
0.16339206
0.16643522
0.16947837
0.16034891
0.16339206
0.16643522
0.16947837
0.16034891
0.16339206
0.16643522
0.16947837
0.16034891
0.16339206
0.16643522
0.16947837
0.16034891
0.16339206
0.16643522
0.16947837
0.16034891
0.16339206
0.16643522
0.16947837
0.16034891
0.16339206
0.16643522
0.16947837
0.16034891
0.16339206
0.16643522
0.16947837
0.16034891
0.16339206
0.16643522
0.16947837
0.16034891
0.16339206
0.16643522
0.16947837
0.16034891
0.16339206
0.16643522
0.16947837
0.16034891
0.16339206
0.16643522
0.16947837
0.16034891
0.16339206
0.16643522
0.16947837
0.16034891
0.16339206
0.16643522
0.16947837
0.16034891
0.16339206
0.16643522
0.16947837
0.16034891
0.16339206
0.16643522
0.16947837
0.16034891
0.16339206
0.16643522
0.16947837
0.16034891
0.16339206
0.16643522
0.16947837
0.16048778
0.16350943
0.16653108
0.16955273
0.16048778
0.16350943
0.16653108
0.16955273
0.16048778
0.16350943
0.16653108
0.16955273
0.16048778
0.16350943
0.16653108
0.16955273
0.16048778
0.16350943
0.16653108
0.16955273
0.16048778
0.16350943
0.16653108
0.16955273
0.16048778
0.16350943
0.16653108
0.16955273
0.16048778
0.16350943
0.16653108
0.16955273
0.16048778
0.16350943
0.16653108
0.16955273
0.16048778
0.16350943
0.16653108
0.16955273
0.16048778
0.16350943
0.16653108
0.16955273
0.16048778
0.16350943
0.16653108
0.16955273
0.16048778
0.16350943
0.16653108
0.16955273
0.16048778
0.16350943
0.16653108
0.16955273
0.16048778
0.16350943
0.16653108
0.16955273
0.16048778
0.16350943
0.16653108
0.16955273
0.16048778
0.16350943
0.16653108
0.16955273
0.16048778
0.16350943
0.16653108
0.16955273
0.16048778
0.16350943
0.16653108
0.16955273
0.16048778
0.16350943
0.16653108
0.16955273
0.16048778
0.16350943
0.16653108
0.16955273
0.16048778
0.16350943
0.16653108
0.16955273
0.16048778
0.16350943
0.16653108
0.16955273
0.16048778
0.16350943
0.16653108
0.16955273
0.16062666
0.1636268
0.16662695
0.16962709
0.16062666
0.1636268
0.16662695
0.16962709
0.16062666
0.1636268
0.16662695
0.16962709
0.16062666
0.1636268
0.16662695
0.16962709
0.16062666
0.1636268
0.16662695
0.16962709
0.16062666
0.1636268
0.16662695
0.16962709
0.16062666
0.1636268
0.16662695
0.16962709
0.16062666
0.1636268
0.16662695
0.16962709
0.16062666
0.1636268
0.16662695
0.16962709
0.16062666
0.1636268
0.16662695
0.16962709
0.16062666
0.1636268
0.16662695
0.16962709
0.16062666
0.1636268
0.16662695
0.16962709
0.16062666
0.1636268
0.16662695
0.16962709
0.16062666
0.1636268
0.16662695
0.16962709
0.16062666
0.1636268
0.16662695
0.16962709
0.16062666
0.1636268
0.16662695
0.16962709
0.16062666
0.1636268
0.16662695
0.16962709
0.16062666
0.1636268
0.16662695
0.16962709
0.16062666
0.1636268
0.16662695
0.16962709
0.16062666
0.1636268
0.16662695
0.16962709
0.16062666
0.1636268
0.16662695
0.16962709
0.16062666
0.1636268
0.16662695
0.16962709
0.16062666
0.1636268
0.16662695
0.16962709
0.16062666
0.1636268
0.16662695
0.16962709
0.16076553
0.16374417
0.16672281
0.16970145
0.16076553
0.16374417
0.16672281
0.16970145
0.16076553
0.16374417
0.16672281
0.16970145
0.16076553
0.16374417
0.16672281
0.16970145
0.16076553
0.16374417
0.16672281
0.16970145
0.16076553
0.16374417
0.16672281
0.16970145
0.16076553
0.16374417
0.16672281
0.16970145
0.16076553
0.16374417
0.16672281
0.16970145
0.16076553
0.16374417
0.16672281
0.16970145
0.16076553
0.16374417
0.16672281
0.16970145
0.16076553
0.16374417
0.16672281
0.16970145
0.16076553
0.16374417
0.16672281
0.16970145
0.16076553
0.16374417
0.16672281
0.16970145
0.16076553
0.16374417
0.16672281
0.16970145
0.16076553
0.16374417
0.16672281
0.16970145
0.16076553
0.16374417
0.16672281
0.16970145
0.16076553
0.16374417
0.16672281
0.16970145
0.16076553
0.16374417
0.16672281
0.16970145
0.16076553
0.16374417
0.16672281
0.16970145
0.16076553
0.16374417
0.16672281
0.16970145
0.16076553
0.16374417
0.16672281
0.16970145
0.16076553
0.16374417
0.16672281
0.16970145
0.16076553
0.16374417
0.16672281
0.16970145
0.16076553
0.16374417
0.16672281
0.16970145
0.16090441
0.16386154
0.16681867
0.1697758
0.16090441
0.16386154
0.16681867
0.1697758
0.16090441
0.16386154
0.16681867
0.1697758
0.16090441
0.16386154
0.16681867
0.1697758
0.16090441
0.16386154
0.16681867
0.1697758
0.16090441
0.16386154
0.16681867
0.1697758
0.16090441
0.16386154
0.16681867
0.1697758
0.16090441
0.16386154
0.16681867
0.1697758
0.16090441
0.16386154
0.16681867
0.1697758
0.16090441
0.16386154
0.16681867
0.1697758
0.16090441
0.16386154
0.16681867
0.1697758
0.16090441
0.16386154
0.16681867
0.1697758
0.16090441
0.16386154
0.16681867
0.1697758
0.16090441
0.16386154
0.16681867
0.1697758
0.16090441
0.16386154
0.16681867
0.1697758
0.16090441
0.16386154
0.16681867
0.1697758
0.16090441
0.16386154
0.16681867
0.1697758
0.16090441
0.16386154
0.16681867
0.1697758
0.16090441
0.16386154
0.16681867
0.1697758
0.16090441
0.16386154
0.16681867
0.1697758
0.16090441
0.16386154
0.16681867
0.1697758
0.16090441
0.16386154
0.16681867
0.1697758
0.16090441
0.16386154
0.16681867
0.1697758
0.16090441
0.16386154
0.16681867
0.1697758
0.16104328
0.16397891
0.16691454
0.16985016
0.16104328
0.16397891
0.16691454
0.16985016
0.16104328
0.16397891
0.16691454
0.16985016
0.16104328
0.16397891
0.16691454
0.16985016
0.16104328
0.16397891
0.16691454
0.16985016
0.16104328
0.16397891
0.16691454
0.16985016
0.16104328
0.16397891
0.16691454
0.16985016
0.16104328
0.16397891
0.16691454
0.16985016
0.16104328
0.16397891
0.16691454
0.16985016
0.16104328
0.16397891
0.16691454
0.16985016
0.16104328
0.16397891
0.16691454
0.16985016
0.16104328
0.16397891
0.16691454
0.16985016
0.16104328
0.16397891
0.16691454
0.16985016
0.16104328
0.16397891
0.16691454
0.16985016
0.16104328
0.16397891
0.16691454
0.16985016
0.16104328
0.16397891
0.16691454
0.16985016
0.16104328
0.16397891
0.16691454
0.16985016
0.16104328
0.16397891
0.16691454
0.16985016
0.16104328
0.16397891
0.16691454
0.16985016
0.16104328
0.16397891
0.16691454
0.16985016
0.16104328
0.16397891
0.16691454
0.16985016
0.16104328
0.16397891
0.16691454
0.16985016
0.16104328
0.16397891
0.16691454
0.16985016
0.16104328
0.16397891
0.16691454
0.16985016
0.16118216
0.16409628
0.1670104
0.16992452
0.16118216
0.16409628
0.1670104
0.16992452
0.16118216
0.16409628
0.1670104
0.16992452
0.16118216
0.16409628
0.1670104
0.16992452
0.16118216
0.16409628
0.1670104
0.16992452
0.16118216
0.16409628
0.1670104
0.16992452
0.16118216
0.16409628
0.1670104
0.16992452
0.16118216
0.16409628
0.1670104
0.16992452
0.16118216
0.16409628
0.1670104
0.16992452
0.16118216
0.16409628
0.1670104
0.16992452
0.16118216
0.16409628
0.1670104
0.16992452
0.16118216
0.16409628
0.1670104
0.16992452
0.16118216
0.16409628
0.1670104
0.16992452
0.16118216
0.16409628
0.1670104
0.16992452
0.16118216
0.16409628
0.1670104
0.16992452
0.16118216
0.16409628
0.1670104
0.16992452
0.16118216
0.16409628
0.1670104
0.16992452
0.16118216
0.16409628
0.1670104
0.16992452
0.16118216
0.16409628
0.1670104
0.16992452
0.16118216
0.16409628
0.1670104
0.16992452
0.16118216
0.16409628
0.1670104
0.16992452
0.16118216
0.16409628
0.1670104
0.16992452
0.16118216
0.16409628
0.1670104
0.16992452
0.16118216
0.16409628
0.1670104
0.16992452
0.16132104
0.16421365
0.16710626
0.16999887
0.16132104
0.16421365
0.16710626
0.16999887
0.16132104
0.16421365
0.16710626
0.16999887
0.16132104
0.16421365
0.16710626
0.16999887
0.16132104
0.16421365
0.16710626
0.16999887
0.16132104
0.16421365
0.16710626
0.16999887
0.16132104
0.16421365
0.16710626
0.16999887
0.16132104
0.16421365
0.16710626
0.16999887
0.16132104
0.16421365
0.16710626
0.16999887
0.16132104
0.16421365
0.16710626
0.16999887
0.16132104
0.16421365
0.16710626
0.16999887
0.16132104
0.16421365
0.16710626
0.16999887
0.16132104
0.16421365
0.16710626
0.16999887
0.16132104
0.16421365
0.16710626
0.16999887
0.16132104
0.16421365
0.16710626
0.16999887
0.16132104
0.16421365
0.16710626
0.16999887
0.16132104
0.16421365
0.16710626
0.16999887
0.16132104
0.16421365
0.16710626
0.16999887
0.16132104
0.16421365
0.16710626
0.16999887
0.16132104
0.16421365
0.16710626
0.16999887
0.16132104
0.16421365
0.16710626
0.16999887
0.16132104
0.16421365
0.16710626
0.16999887
0.16132104
0.16421365
0.16710626
0.16999887
0.16132104
0.16421365
0.16710626
0.16999887
0.16145991
0.16433102
0.16720213
0.17007323
0.16145991
0.16433102
0.16720213
0.17007323
0.16145991
0.16433102
0.16720213
0.17007323
0.16145991
0.16433102
0.16720213
0.17007323
0.16145991
0.16433102
0.16720213
0.17007323
0.16145991
0.16433102
0.16720213
0.17007323
0.16145991
0.16433102
0.16720213
0.17007323
0.16145991
0.16433102
0.16720213
0.17007323
0.16145991
0.16433102
0.16720213
0.17007323
0.16145991
0.16433102
0.16720213
0.17007323
0.16145991
0.16433102
0.16720213
0.17007323
0.16145991
0.16433102
0.16720213
0.17007323
0.16145991
0.16433102
0.16720213
0.17007323
0.16145991
0.16433102
0.16720213
0.17007323
0.16145991
0.16433102
0.16720213
0.17007323
0.16145991
0.16433102
0.16720213
0.17007323
0.16145991
0.16433102
0.16720213
0.17007323
0.16145991
0.16433102
0.16720213
0.17007323
0.16145991
0.16433102
0.16720213
0.17007323
0.16145991
0.16433102
0.16720213
0.17007323
0.16145991
0.16433102
0.16720213
0.17007323
0.16145991
0.16433102
0.16720213
0.17007323
0.16145991
0.16433102
0.16720213
0.17007323
0.16145991
0.16433102
0.16720213
0.17007323
0.16159879
0.16444839
0.16729799
0.17014759
0.16159879
0.16444839
0.16729799
0.17014759
0.16159879
0.16444839
0.16729799
0.17014759
0.16159879
0.16444839
0.16729799
0.17014759
0.16159879
0.16444839
0.16729799
0.17014759
0.16159879
0.16444839
0.16729799
0.17014759
0.16159879
0.16444839
0.16729799
0.17014759
0.16159879
0.16444839
0.16729799
0.17014759
0.16159879
0.16444839
0.16729799
0.17014759
0.16159879
0.16444839
0.16729799
0.17014759
0.16159879
0.16444839
0.16729799
0.17014759
0.16159879
0.16444839
0.16729799
0.17014759
0.16159879
0.16444839
0.16729799
0.17014759
0.16159879
0.16444839
0.16729799
0.17014759
0.16159879
0.16444839
0.16729799
0.17014759
0.16159879
0.16444839
0.16729799
0.17014759
0.16159879
0.16444839
0.16729799
0.17014759
0.16159879
0.16444839
0.16729799
0.17014759
0.16159879
0.16444839
0.16729799
0.17014759
0.16159879
0.16444839
0.16729799
0.17014759
0.16159879
0.16444839
0.16729799
0.17014759
0.16159879
0.16444839
0.16729799
0.17014759
0.16159879
0.16444839
0.16729799
0.17014759
0.16159879
0.16444839
0.16729799
0.17014759
0.17178751
0.17514355
0.17849959
0.18185564
0.17178751
0.17514355
0.17849959
0.18185564
0.17178751
0.17514355
0.17849959
0.18185564
0.17178751
0.17514355
0.1784996
0.18185564
0.17178751
0.17514355
0.1784996
0.18185564
0.17178751
0.17514355
0.1784996
0.18185564
0.17178751
0.17514355
0.1784996
0.18185564
0.17178751
0.17514355
0.1784996
0.18185564
0.17178751
0.17514355
0.17849959
0.18185564
0.17178751
0.17514355
0.1784996
0.18185564
0.17178751
0.17514355
0.1784996
0.18185564
0.17178751
0.17514355
0.1784996
0.18185564
0.17178751
0.17514355
0.17849959
0.18185564
0.17178751
0.17514355
0.17849959
0.18185564
0.17178751
0.17514355
0.17849959
0.18185564
0.17178751
0.17514355
0.1784996
0.18185564
0.17178751
0.17514355
0.1784996
0.18185564
0.17178751
0.17514355
0.17849959
0.18185564
0.17178751
0.17514355
0.17849959
0.18185564
0.17178751
0.17514355
0.1784996
0.18185564
0.17178751
0.17514355
0.1784996
0.18185564
0.17178751
0.17514355
0.17849959
0.18185564
0.17178751
0.17514355
0.17849959
0.18185564
0.17178751
0.17514355
0.17849959
0.18185564
0.17184033
0.17517479
0.17850924
0.1818437
0.17184033
0.17517479
0.17850924
0.1818437
0.17184033
0.17517479
0.17850924
0.1818437
0.17184033
0.17517479
0.17850924
0.1818437
0.17184033
0.17517479
0.17850924
0.1818437
0.17184033
0.17517479
0.17850924
0.1818437
0.17184033
0.17517479
0.17850924
0.1818437
0.17184033
0.17517479
0.17850924
0.1818437
0.17184033
0.17517479
0.17850924
0.1818437
0.17184033
0.17517479
0.17850924
0.1818437
0.17184033
0.17517479
0.17850924
0.1818437
0.17184033
0.17517479
0.17850924
0.1818437
0.17184033
0.17517479
0.17850924
0.1818437
0.17184033
0.17517479
0.17850924
0.1818437
0.17184033
0.17517479
0.17850924
0.1818437
0.17184033
0.17517479
0.17850924
0.1818437
0.17184033
0.17517479
0.17850924
0.1818437
0.17184033
0.17517479
0.17850924
0.1818437
0.17184033
0.17517479
0.17850924
0.1818437
0.17184033
0.17517479
0.17850924
0.1818437
0.17184033
0.17517479
0.17850924
0.1818437
0.17184033
0.17517479
0.17850924
0.1818437
0.17184033
0.17517479
0.17850924
0.1818437
0.17184033
0.17517479
0.17850924
0.1818437
0.17189314
0.17520602
0.17851889
0.18183177
0.17189314
0.17520602
0.17851889
0.18183177
0.17189314
0.17520602
0.17851889
0.18183177
0.17189314
0.17520602
0.17851889
0.18183177
0.17189314
0.17520602
0.17851889
0.18183177
0.17189314
0.17520602
0.17851889
0.18183177
0.17189314
0.17520602
0.17851889
0.18183177
0.17189314
0.17520602
0.17851889
0.18183177
0.17189314
0.17520602
0.17851889
0.18183177
0.17189314
0.17520602
0.17851889
0.18183177
0.17189314
0.17520602
0.17851889
0.18183177
0.17189314
0.17520602
0.17851889
0.18183177
0.17189314
0.17520602
0.17851889
0.18183177
0.17189314
0.17520602
0.17851889
0.18183177
0.17189314
0.17520602
0.17851889
0.18183177
0.17189314
0.17520602
0.17851889
0.18183177
0.17189314
0.17520602
0.17851889
0.18183177
0.17189314
0.17520602
0.17851889
0.18183177
0.17189314
0.17520602
0.17851889
0.18183177
0.17189314
0.17520602
0.17851889
0.18183177
0.17189314
0.17520602
0.17851889
0.18183177
0.17189314
0.17520602
0.17851889
0.18183177
0.17189314
0.17520602
0.17851889
0.18183177
0.17189314
0.17520602
0.17851889
0.18183177
0.17194595
0.17523725
0.17852854
0.18181984
0.17194595
0.17523725
0.17852854
0.18181984
0.17194595
0.17523725
0.17852854
0.18181984
0.17194595
0.17523725
0.17852854
0.18181984
0.17194595
0.17523725
0.17852854
0.18181984
0.17194595
0.17523725
0.17852854
0.18181984
0.17194595
0.17523725
0.17852854
0.18181984
0.17194595
0.17523725
0.17852854
0.18181984
0.17194595
0.17523725
0.17852854
0.18181984
0.17194595
0.17523725
0.17852854
0.18181984
0.17194595
0.17523725
0.17852854
0.18181984
0.17194595
0.17523725
0.17852854
0.18181984
0.17194595
0.17523725
0.17852854
0.18181984
0.17194595
0.17523725
0.17852854
0.18181984
0.17194595
0.17523725
0.17852854
0.18181984
0.17194595
0.17523725
0.17852854
0.18181984
0.17194595
0.17523725
0.17852854
0.18181984
0.17194595
0.17523725
0.17852854
0.18181984
0.17194595
0.17523725
0.17852854
0.18181984
0.17194595
0.17523725
0.17852854
0.18181984
0.17194595
0.17523725
0.17852854
0.18181984
0.17194595
0.17523725
0.17852854
0.18181984
0.17194595
0.17523725
0.17852854
0.18181984
0.17194595
0.17523725
0.17852854
0.18181984
0.17199877
0.17526848
0.17853819
0.1818079
0.17199877
0.17526848
0.17853819
0.1818079
0.17199877
0.17526848
0.17853819
0.1818079
0.17199877
0.17526848
0.17853819
0.1818079
0.17199877
0.17526848
0.17853819
0.1818079
0.17199877
0.17526848
0.17853819
0.1818079
0.17199877
0.17526848
0.17853819
0.1818079
0.17199877
0.17526848
0.17853819
0.1818079
0.17199877
0.17526848
0.17853819
0.1818079
0.17199877
0.17526848
0.17853819
0.1818079
0.17199877
0.17526848
0.17853819
0.1818079
0.17199877
0.17526848
0.17853819
0.1818079
0.17199877
0.17526848
0.17853819
0.1818079
0.17199877
0.17526848
0.17853819
0.1818079
0.17199877
0.17526848
0.17853819
0.1818079
0.17199877
0.17526848
0.17853819
0.1818079
0.17199877
0.17526848
0.17853819
0.1818079
0.17199877
0.17526848
0.17853819
0.1818079
0.17199877
0.17526848
0.17853819
0.1818079
0.17199877
0.17526848
0.17853819
0.1818079
0.17199877
0.17526848
0.17853819
0.1818079
0.17199877
0.17526848
0.17853819
0.1818079
0.17199877
0.17526848
0.17853819
0.1818079
0.17199877
0.17526848
0.17853819
0.1818079
0.17205158
0.17529971
0.17854784
0.18179597
0.17205158
0.17529971
0.17854784
0.18179597
0.17205158
0.17529971
0.17854784
0.18179597
0.17205158
0.17529971
0.17854784
0.18179597
0.17205158
0.17529971
0.17854784
0.18179597
0.17205158
0.17529971
0.17854784
0.18179597
0.17205158
0.17529971
0.17854784
0.18179597
0.17205158
0.17529971
0.17854784
0.18179597
0.17205158
0.17529971
0.17854784
0.18179597
0.17205158
0.17529971
0.17854784
0.18179597
0.17205158
0.17529971
0.17854784
0.18179597
0.17205158
0.17529971
0.17854784
0.18179597
0.17205158
0.17529971
0.17854784
0.18179597
0.17205158
0.17529971
0.17854784
0.18179597
0.17205158
0.17529971
0.17854784
0.18179597
0.17205158
0.17529971
0.17854784
0.18179597
0.17205158
0.17529971
0.17854784
0.18179597
0.17205158
0.17529971
0.17854784
0.18179597
0.17205158
0.17529971
0.17854784
0.18179597
0.17205158
0.17529971
0.17854784
0.18179597
0.17205158
0.17529971
0.17854784
0.18179597
0.17205158
0.17529971
0.17854784
0.18179597
0.17205158
0.17529971
0.17854784
0.18179597
0.17205158
0.17529971
0.17854784
0.18179597
0.17210439
0.17533094
0.17855749
0.18178404
0.17210439
0.17533094
0.17855749
0.18178404
0.17210439
0.17533094
0.17855749
0.18178404
0.17210439
0.17533094
0.17855749
0.18178404
0.17210439
0.17533094
0.17855749
0.18178404
0.17210439
0.17533094
0.17855749
0.18178404
0.17210439
0.17533094
0.17855749
0.18178404
0.17210439
0.17533094
0.17855749
0.18178404
0.17210439
0.17533094
0.17855749
0.18178404
0.17210439
0.17533094
0.17855749
0.18178404
0.17210439
0.17533094
0.17855749
0.18178404
0.17210439
0.17533094
0.17855749
0.18178404
0.17210439
0.17533094
0.17855749
0.18178404
0.17210439
0.17533094
0.17855749
0.18178404
0.17210439
0.17533094
0.17855749
0.18178404
0.17210439
0.17533094
0.17855749
0.18178404
0.17210439
0.17533094
0.17855749
0.18178404
0.17210439
0.17533094
0.17855749
0.18178404
0.17210439
0.17533094
0.17855749
0.18178404
0.17210439
0.17533094
0.17855749
0.18178404
0.17210439
0.17533094
0.17855749
0.18178404
0.17210439
0.17533094
0.17855749
0.18178404
0.17210439
0.17533094
0.17855749
0.18178404
0.17210439
0.17533094
0.17855749
0.18178404
0.17215721
0.17536217
0.17856714
0.1817721
0.17215721
0.17536217
0.17856714
0.1817721
0.17215721
0.17536217
0.17856714
0.1817721
0.17215721
0.17536217
0.17856714
0.1817721
0.17215721
0.17536217
0.17856714
0.1817721
0.17215721
0.17536217
0.17856714
0.1817721
0.17215721
0.17536217
0.17856714
0.1817721
0.17215721
0.17536217
0.17856714
0.1817721
0.17215721
0.17536217
0.17856714
0.1817721
0.17215721
0.17536217
0.17856714
0.1817721
0.17215721
0.17536217
0.17856714
0.1817721
0.17215721
0.17536217
0.17856714
0.1817721
0.17215721
0.17536217
0.17856714
0.1817721
0.17215721
0.17536217
0.17856714
0.1817721
0.17215721
0.17536217
0.17856714
0.1817721
0.17215721
0.17536217
0.17856714
0.1817721
0.17215721
0.17536217
0.17856714
0.1817721
0.17215721
0.17536217
0.17856714
0.1817721
0.17215721
0.17536217
0.17856714
0.1817721
0.17215721
0.17536217
0.17856714
0.1817721
0.17215721
0.17536217
0.17856714
0.1817721
0.17215721
0.17536217
0.17856714
0.1817721
0.17215721
0.17536217
0.17856714
0.1817721
0.17215721
0.17536217
0.17856714
0.1817721
0.17221002
0.1753934
0.17857679
0.18176017
0.17221002
0.1753934
0.17857679
0.18176017
0.17221002
0.1753934
0.17857679
0.18176017
0.17221002
0.1753934
0.17857679
0.18176017
0.17221002
0.1753934
0.17857679
0.18176017
0.17221002
0.1753934
0.17857679
0.18176017
0.17221002
0.1753934
0.17857679
0.18176017
0.17221002
0.1753934
0.17857679
0.18176017
0.17221002
0.1753934
0.17857679
0.18176017
0.17221002
0.1753934
0.17857679
0.18176017
0.17221002
0.1753934
0.17857679
0.18176017
0.17221002
0.1753934
0.17857679
0.18176017
0.17221002
0.1753934
0.17857679
0.18176017
0.17221002
0.1753934
0.17857679
0.18176017
0.17221002
0.1753934
0.17857679
0.18176017
0.17221002
0.1753934
0.17857679
0.18176017
0.17221002
0.1753934
0.17857679
0.18176017
0.17221002
0.1753934
0.17857679
0.18176017
0.17221002
0.1753934
0.17857679
0.18176017
0.17221002
0.1753934
0.17857679
0.18176017
0.17221002
0.1753934
0.17857679
0.18176017
0.17221002
0.1753934
0.17857679
0.18176017
0.17221002
0.1753934
0.17857679
0.18176017
0.17221002
0.1753934
0.17857679
0.18176017
0.17226283
0.17542463
0.17858643
0.18174824
0.17226283
0.17542463
0.17858643
0.18174824
0.17226283
0.17542463
0.17858643
0.18174824
0.17226283
0.17542463
0.17858643
0.18174824
0.17226283
0.17542463
0.17858643
0.18174824
0.17226283
0.17542463
0.17858643
0.18174824
0.17226283
0.17542463
0.17858643
0.18174824
0.17226283
0.17542463
0.17858643
0.18174824
0.17226283
0.17542463
0.17858643
0.18174824
0.17226283
0.17542463
0.17858643
0.18174824
0.17226283
0.17542463
0.17858643
0.18174824
0.17226283
0.17542463
0.17858643
0.18174824
0.17226283
0.17542463
0.17858643
0.18174824
0.17226283
0.17542463
0.17858643
0.18174824
0.17226283
0.17542463
0.17858643
0.18174824
0.17226283
0.17542463
0.17858643
0.18174824
0.17226283
0.17542463
0.17858643
0.18174824
0.17226283
0.17542463
0.17858643
0.18174824
0.17226283
0.17542463
0.17858643
0.18174824
0.17226283
0.17542463
0.17858643
0.18174824
0.17226283
0.17542463
0.17858643
0.18174824
0.17226283
0.17542463
0.17858643
0.18174824
0.17226283
0.17542463
0.17858643
0.18174824
0.17226283
0.17542463
0.17858643
0.18174824
0.17231564
0.17545586
0.17859608
0.1817363
0.17231564
0.17545586
0.17859608
0.1817363
0.17231564
0.17545586
0.17859608
0.1817363
0.17231564
0.17545586
0.17859608
0.1817363
0.17231564
0.17545586
0.17859608
0.1817363
0.17231564
0.17545586
0.17859608
0.1817363
0.17231564
0.17545586
0.17859608
0.1817363
0.17231564
0.17545586
0.17859608
0.1817363
0.17231564
0.17545586
0.17859608
0.1817363
0.17231564
0.17545586
0.17859608
0.1817363
0.17231564
0.17545586
0.17859608
0.1817363
0.17231564
0.17545586
0.17859608
0.1817363
0.17231564
0.17545586
0.17859608
0.1817363
0.17231564
0.17545586
0.17859608
0.1817363
0.17231564
0.17545586
0.17859608
0.1817363
0.17231564
0.17545586
0.17859608
0.1817363
0.17231564
0.17545586
0.17859608
0.1817363
0.17231564
0.17545586
0.17859608
0.1817363
0.17231564
0.17545586
0.17859608
0.1817363
0.17231564
0.17545586
0.17859608
0.1817363
0.17231564
0.17545586
0.17859608
0.1817363
0.17231564
0.17545586
0.17859608
0.1817363
0.17231564
0.17545586
0.17859608
0.1817363
0.17231564
0.17545586
0.17859608
0.1817363
0.17236846
0.17548709
0.17860573
0.18172437
0.17236846
0.17548709
0.17860573
0.18172437
0.17236846
0.17548709
0.17860573
0.18172437
0.17236846
0.17548709
0.17860573
0.18172437
0.17236846
0.17548709
0.17860573
0.18172437
0.17236846
0.17548709
0.17860573
0.18172437
0.17236846
0.17548709
0.17860573
0.18172437
0.17236846
0.17548709
0.17860573
0.18172437
0.17236846
0.17548709
0.17860573
0.18172437
0.17236846
0.17548709
0.17860573
0.18172437
0.17236846
0.17548709
0.17860573
0.18172437
0.17236846
0.17548709
0.17860573
0.18172437
0.17236846
0.17548709
0.17860573
0.18172437
0.17236846
0.17548709
0.17860573
0.18172437
0.17236846
0.17548709
0.17860573
0.18172437
0.17236846
0.17548709
0.17860573
0.18172437
0.17236846
0.17548709
0.17860573
0.18172437
0.17236846
0.17548709
0.17860573
0.18172437
0.17236846
0.17548709
0.17860573
0.18172437
0.17236846
0.17548709
0.17860573
0.18172437
0.17236846
0.17548709
0.17860573
0.18172437
0.17236846
0.17548709
0.17860573
0.18172437
0.17236846
0.17548709
0.17860573
0.18172437
0.17236846
0.17548709
0.17860573
0.18172437
0.17242127
0.17551833
0.17861538
0.18171244
0.17242127
0.17551833
0.17861538
0.18171244
0.17242127
0.17551833
0.17861538
0.18171244
0.17242127
0.17551833
0.17861538
0.18171244
0.17242127
0.17551833
0.17861538
0.18171244
0.17242127
0.17551833
0.17861538
0.18171244
0.17242127
0.17551833
0.17861538
0.18171244
0.17242127
0.17551833
0.17861538
0.18171244
0.17242127
0.17551833
0.17861538
0.18171244
0.17242127
0.17551833
0.17861538
0.18171244
0.17242127
0.17551833
0.17861538
0.18171244
0.17242127
0.17551833
0.17861538
0.18171244
0.17242127
0.17551833
0.17861538
0.18171244
0.17242127
0.17551833
0.17861538
0.18171244
0.17242127
0.17551833
0.17861538
0.18171244
0.17242127
0.17551833
0.17861538
0.18171244
0.17242127
0.17551833
0.17861538
0.18171244
0.17242127
0.17551833
0.17861538
0.18171244
0.17242127
0.17551833
0.17861538
0.18171244
0.17242127
0.17551833
0.17861538
0.18171244
0.17242127
0.17551833
0.17861538
0.18171244
0.17242127
0.17551833
0.17861538
0.18171244
0.17242127
0.17551833
0.17861538
0.18171244
0.17242127
0.17551833
0.17861538
0.18171244
0.17247408
0.17554956
0.17862503
0.1817005
0.17247408
0.17554956
0.17862503
0.1817005
0.17247408
0.17554956
0.17862503
0.1817005
0.17247408
0.17554956
0.17862503
0.1817005
0.17247408
0.17554956
0.17862503
0.1817005
0.17247408
0.17554956
0.17862503
0.1817005
0.17247408
0.17554956
0.17862503
0.1817005
0.17247408
0.17554956
0.17862503
0.1817005
0.17247408
0.17554956
0.17862503
0.1817005
0.17247408
0.17554956
0.17862503
0.1817005
0.17247408
0.17554956
0.17862503
0.1817005
0.17247408
0.17554956
0.17862503
0.1817005
0.17247408
0.17554956
0.17862503
0.1817005
0.17247408
0.17554956
0.17862503
0.1817005
0.17247408
0.17554956
0.17862503
0.1817005
0.17247408
0.17554956
0.17862503
0.1817005
0.17247408
0.17554956
0.17862503
0.1817005
0.17247408
0.17554956
0.17862503
0.1817005
0.17247408
0.17554956
0.17862503
0.1817005
0.17247408
0.17554956
0.17862503
0.1817005
0.17247408
0.17554956
0.17862503
0.1817005
0.17247408
0.17554956
0.17862503
0.1817005
0.17247408
0.17554956
0.17862503
0.1817005
0.17247408
0.17554956
0.17862503
0.1817005
0.1725269
0.17558079
0.17863468
0.18168857
0.1725269
0.17558079
0.17863468
0.18168857
0.1725269
0.17558079
0.17863468
0.18168857
0.1725269
0.17558079
0.17863468
0.18168857
0.1725269
0.17558079
0.17863468
0.18168857
0.1725269
0.17558079
0.17863468
0.18168857
0.1725269
0.17558079
0.17863468
0.18168857
0.1725269
0.17558079
0.17863468
0.18168857
0.1725269
0.17558079
0.17863468
0.18168857
0.1725269
0.17558079
0.17863468
0.18168857
0.1725269
0.17558079
0.17863468
0.18168857
0.1725269
0.17558079
0.17863468
0.18168857
0.1725269
0.17558079
0.17863468
0.18168857
0.1725269
0.17558079
0.17863468
0.18168857
0.1725269
0.17558079
0.17863468
0.18168857
0.1725269
0.17558079
0.17863468
0.18168857
0.1725269
0.17558079
0.17863468
0.18168857
0.1725269
0.17558079
0.17863468
0.18168857
0.1725269
0.17558079
0.17863468
0.18168857
0.1725269
0.17558079
0.17863468
0.18168857
0.1725269
0.17558079
0.17863468
0.18168857
0.1725269
0.17558079
0.17863468
0.18168857
0.1725269
0.17558079
0.17863468
0.18168857
0.1725269
0.17558079
0.17863468
0.18168857
0.17257971
0.17561202
0.17864433
0.18167664
0.17257971
0.17561202
0.17864433
0.18167664
0.17257971
0.17561202
0.17864433
0.18167664
0.17257971
0.17561202
0.17864433
0.18167664
0.17257971
0.17561202
0.17864433
0.18167664
0.17257971
0.17561202
0.17864433
0.18167664
0.17257971
0.17561202
0.17864433
0.18167664
0.17257971
0.17561202
0.17864433
0.18167664
0.17257971
0.17561202
0.17864433
0.18167664
0.17257971
0.17561202
0.17864433
0.18167664
0.17257971
0.17561202
0.17864433
0.18167664
0.17257971
0.17561202
0.17864433
0.18167664
0.17257971
0.17561202
0.17864433
0.18167664
0.17257971
0.17561202
0.17864433
0.18167664
0.17257971
0.17561202
0.17864433
0.18167664
0.17257971
0.17561202
0.17864433
0.18167664
0.17257971
0.17561202
0.17864433
0.18167664
0.17257971
0.17561202
0.17864433
0.18167664
0.17257971
0.17561202
0.17864433
0.18167664
0.17257971
0.17561202
0.17864433
0.18167664
0.17257971
0.17561202
0.17864433
0.18167664
0.17257971
0.17561202
0.17864433
0.18167664
0.17257971
0.17561202
0.17864433
0.18167664
0.17257971
0.17561202
0.17864433
0.18167664
0.17263252
0.17564325
0.17865398
0.1816647
0.17263252
0.17564325
0.17865398
0.1816647
0.17263252
0.17564325
0.17865398
0.1816647
0.17263252
0.17564325
0.17865398
0.1816647
0.17263252
0.17564325
0.17865398
0.1816647
0.17263252
0.17564325
0.17865398
0.1816647
0.17263252
0.17564325
0.17865398
0.1816647
0.17263252
0.17564325
0.17865398
0.1816647
0.17263252
0.17564325
0.17865398
0.1816647
0.17263252
0.17564325
0.17865398
0.1816647
0.17263252
0.17564325
0.17865398
0.1816647
0.17263252
0.17564325
0.17865398
0.1816647
0.17263252
0.17564325
0.17865398
0.1816647
0.17263252
0.17564325
0.17865398
0.1816647
0.17263252
0.17564325
0.17865398
0.1816647
0.17263252
0.17564325
0.17865398
0.1816647
0.17263252
0.17564325
0.17865398
0.1816647
0.17263252
0.17564325
0.17865398
0.1816647
0.17263252
0.17564325
0.17865398
0.1816647
0.17263252
0.17564325
0.17865398
0.1816647
0.17263252
0.17564325
0.17865398
0.1816647
0.17263252
0.17564325
0.17865398
0.1816647
0.17263252
0.17564325
0.17865398
0.1816647
0.17263252
0.17564325
0.17865398
0.1816647
0.17268534
0.17567448
0.17866363
0.18165277
0.17268534
0.17567448
0.17866363
0.18165277
0.17268534
0.17567448
0.17866363
0.18165277
0.17268534
0.17567448
0.17866363
0.18165277
0.17268534
0.17567448
0.17866363
0.18165277
0.17268534
0.17567448
0.17866363
0.18165277
0.17268534
0.17567448
0.17866363
0.18165277
0.17268534
0.17567448
0.17866363
0.18165277
0.17268534
0.17567448
0.17866363
0.18165277
0.17268534
0.17567448
0.17866363
0.18165277
0.17268534
0.17567448
0.17866363
0.18165277
0.17268534
0.17567448
0.17866363
0.18165277
0.17268534
0.17567448
0.17866363
0.18165277
0.17268534
0.17567448
0.17866363
0.18165277
0.17268534
0.17567448
0.17866363
0.18165277
0.17268534
0.17567448
0.17866363
0.18165277
0.17268534
0.17567448
0.17866363
0.18165277
0.17268534
0.17567448
0.17866363
0.18165277
0.17268534
0.17567448
0.17866363
0.18165277
0.17268534
0.17567448
0.17866363
0.18165277
0.17268534
0.17567448
0.17866363
0.18165277
0.17268534
0.17567448
0.17866363
0.18165277
0.17268534
0.17567448
0.17866363
0.18165277
0.17268534
0.17567448
0.17866363
0.18165277
0.17273815
0.17570571
0.17867327
0.18164084
0.17273815
0.17570571
0.17867327
0.18164084
0.17273815
0.17570571
0.17867327
0.18164084
0.17273815
0.17570571
0.17867327
0.18164084
0.17273815
0.17570571
0.17867327
0.18164084
0.17273815
0.17570571
0.17867327
0.18164084
0.17273815
0.17570571
0.17867327
0.18164084
0.17273815
0.17570571
0.17867327
0.18164084
0.17273815
0.17570571
0.17867327
0.18164084
0.17273815
0.17570571
0.17867327
0.18164084
0.17273815
0.17570571
0.17867327
0.18164084
0.17273815
0.17570571
0.17867327
0.18164084
0.17273815
0.17570571
0.17867327
0.18164084
0.17273815
0.17570571
0.17867327
0.18164084
0.17273815
0.17570571
0.17867327
0.18164084
0.17273815
0.17570571
0.17867327
0.18164084
0.17273815
0.17570571
0.17867327
0.18164084
0.17273815
0.17570571
0.17867327
0.18164084
0.17273815
0.17570571
0.17867327
0.18164084
0.17273815
0.17570571
0.17867327
0.18164084
0.17273815
0.17570571
0.17867327
0.18164084
0.17273815
0.17570571
0.17867327
0.18164084
0.17273815
0.17570571
0.17867327
0.18164084
0.17273815
0.17570571
0.17867327
0.18164084
0.17279096
0.17573694
0.17868292
0.1816289
0.17279096
0.17573694
0.17868292
0.1816289
0.17279096
0.17573694
0.17868292
0.1816289
0.17279096
0.17573694
0.17868292
0.1816289
0.17279096
0.17573694
0.17868292
0.1816289
0.17279096
0.17573694
0.17868292
0.1816289
0.17279096
0.17573694
0.17868292
0.1816289
0.17279096
0.17573694
0.17868292
0.1816289
0.17279096
0.17573694
0.17868292
0.1816289
0.17279096
0.17573694
0.17868292
0.1816289
0.17279096
0.17573694
0.17868292
0.1816289
0.17279096
0.17573694
0.17868292
0.1816289
0.17279096
0.17573694
0.17868292
0.1816289
0.17279096
0.17573694
0.17868292
0.1816289
0.17279096
0.17573694
0.17868292
0.1816289
0.17279096
0.17573694
0.17868292
0.1816289
0.17279096
0.17573694
0.17868292
0.1816289
0.17279096
0.17573694
0.17868292
0.1816289
0.17279096
0.17573694
0.17868292
0.1816289
0.17279096
0.17573694
0.17868292
0.1816289
0.17279096
0.17573694
0.17868292
0.1816289
0.17279096
0.17573694
0.17868292
0.1816289
0.17279096
0.17573694
0.17868292
0.1816289
0.17279096
0.17573694
0.17868292
0.1816289
0.17284377
0.17576817
0.17869257
0.18161697
0.17284377
0.17576817
0.17869257
0.18161697
0.17284377
0.17576817
0.17869257
0.18161697
0.17284377
0.17576817
0.17869257
0.18161697
0.17284377
0.17576817
0.17869257
0.18161697
0.17284377
0.17576817
0.17869257
0.18161697
0.17284377
0.17576817
0.17869257
0.18161697
0.17284377
0.17576817
0.17869257
0.18161697
0.17284377
0.17576817
0.17869257
0.18161697
0.17284377
0.17576817
0.17869257
0.18161697
0.17284377
0.17576817
0.17869257
0.18161697
0.17284377
0.17576817
0.17869257
0.18161697
0.17284377
0.17576817
0.17869257
0.18161697
0.17284377
0.17576817
0.17869257
0.18161697
0.17284377
0.17576817
0.17869257
0.18161697
0.17284377
0.17576817
0.17869257
0.18161697
0.17284377
0.17576817
0.17869257
0.18161697
0.17284377
0.17576817
0.17869257
0.18161697
0.17284377
0.17576817
0.17869257
0.18161697
0.17284377
0.17576817
0.17869257
0.18161697
0.17284377
0.17576817
0.17869257
0.18161697
0.17284377
0.17576817
0.17869257
0.18161697
0.17284377
0.17576817
0.17869257
0.18161697
0.17284377
0.17576817
0.17869257
0.18161697
0.17289659
0.1757994
0.17870222
0.18160504
0.17289659
0.1757994
0.17870222
0.18160504
0.17289659
0.1757994
0.17870222
0.18160504
0.17289659
0.1757994
0.17870222
0.18160504
0.17289659
0.1757994
0.17870222
0.18160504
0.17289659
0.1757994
0.17870222
0.18160504
0.17289659
0.1757994
0.17870222
0.18160504
0.17289659
0.1757994
0.17870222
0.18160504
0.17289659
0.1757994
0.17870222
0.18160504
0.17289659
0.1757994
0.17870222
0.18160504
0.17289659
0.1757994
0.17870222
0.18160504
0.17289659
0.1757994
0.17870222
0.18160504
0.17289659
0.1757994
0.17870222
0.18160504
0.17289659
0.1757994
0.17870222
0.18160504
0.17289659
0.1757994
0.17870222
0.18160504
0.17289659
0.1757994
0.17870222
0.18160504
0.17289659
0.1757994
0.17870222
0.18160504
0.17289659
0.1757994
0.17870222
0.18160504
0.17289659
0.1757994
0.17870222
0.18160504
0.17289659
0.1757994
0.17870222
0.18160504
0.17289659
0.1757994
0.17870222
0.18160504
0.17289659
0.1757994
0.17870222
0.18160504
0.17289659
0.1757994
0.17870222
0.18160504
0.17289659
0.1757994
0.17870222
0.18160504
0.1729494
0.17583063
0.17871187
0.1815931
0.1729494
0.17583063
0.17871187
0.1815931
0.1729494
0.17583063
0.17871187
0.1815931
0.1729494
0.17583063
0.17871187
0.1815931
0.1729494
0.17583063
0.17871187
0.1815931
0.1729494
0.17583063
0.17871187
0.1815931
0.1729494
0.17583063
0.17871187
0.1815931
0.1729494
0.17583063
0.17871187
0.1815931
0.1729494
0.17583063
0.17871187
0.1815931
0.1729494
0.17583063
0.17871187
0.1815931
0.1729494
0.17583063
0.17871187
0.1815931
0.1729494
0.17583063
0.17871187
0.1815931
0.1729494
0.17583063
0.17871187
0.1815931
0.1729494
0.17583063
0.17871187
0.1815931
0.1729494
0.17583063
0.17871187
0.1815931
0.1729494
0.17583063
0.17871187
0.1815931
0.1729494
0.17583063
0.17871187
0.1815931
0.1729494
0.17583063
0.17871187
0.1815931
0.1729494
0.17583063
0.17871187
0.1815931
0.1729494
0.17583063
0.17871187
0.1815931
0.1729494
0.17583063
0.17871187
0.1815931
0.1729494
0.17583063
0.17871187
0.1815931
0.1729494
0.17583063
0.17871187
0.1815931
0.1729494
0.17583063
0.17871187
0.1815931
0.17300221
0.17586187
0.17872152
0.18158117
0.17300221
0.17586187
0.17872152
0.18158117
0.17300221
0.17586187
0.17872152
0.18158117
0.17300221
0.17586187
0.17872152
0.18158117
0.17300221
0.17586187
0.17872152
0.18158117
0.17300221
0.17586187
0.17872152
0.18158117
0.17300221
0.17586187
0.17872152
0.18158117
0.17300221
0.17586187
0.17872152
0.18158117
0.17300221
0.17586187
0.17872152
0.18158117
0.17300221
0.17586187
0.17872152
0.18158117
0.17300221
0.17586187
0.17872152
0.18158117
0.17300221
0.17586187
0.17872152
0.18158117
0.17300221
0.17586187
0.17872152
0.18158117
0.17300221
0.17586187
0.17872152
0.18158117
0.17300221
0.17586187
0.17872152
0.18158117
0.17300221
0.17586187
0.17872152
0.18158117
0.17300221
0.17586187
0.17872152
0.18158117
0.17300221
0.17586187
0.17872152
0.18158117
0.17300221
0.17586187
0.17872152
0.18158117
0.17300221
0.17586187
0.17872152
0.18158117
0.17300221
0.17586187
0.17872152
0.18158117
0.17300221
0.17586187
0.17872152
0.18158117
0.17300221
0.17586187
0.17872152
0.18158117
0.17300221
0.17586187
0.17872152
0.18158117
0.18520957
0.18856139
0.19191322
0.19526504
0.18520957
0.18856139
0.19191322
0.19526504
0.18520957
0.18856139
0.19191322
0.19526504
0.18520957
0.18856139
0.19191322
0.19526504
0.18520957
0.18856139
0.19191322
0.19526504
0.18520957
0.18856139
0.19191322
0.19526504
0.18520957
0.18856139
0.19191322
0.19526504
0.18520957
0.18856139
0.19191322
0.19526504
0.18520957
0.18856139
0.19191322
0.19526504
0.18520957
0.18856139
0.19191322
0.19526504
0.18520957
0.18856139
0.19191322
0.19526504
0.18520957
0.18856139
0.19191322
0.19526504
0.18520957
0.18856139
0.19191322
0.19526504
0.18520957
0.18856139
0.19191322
0.19526504
0.18520957
0.18856139
0.19191322
0.19526504
0.18520957
0.18856139
0.19191322
0.19526504
0.18520957
0.18856139
0.19191322
0.19526504
0.18520957
0.18856139
0.19191322
0.19526504
0.18520957
0.18856139
0.19191322
0.19526504
0.18520957
0.18856139
0.19191322
0.19526504
0.18520957
0.18856139
0.19191322
0.19526504
0.18520957
0.18856139
0.19191322
0.19526504
0.18520957
0.18856139
0.19191322
0.19526504
0.18520957
0.18856139
0.19191322
0.19526504
0.18517606
0.18850634
0.19183661
0.19516688
0.18517606
0.18850634
0.19183661
0.19516688
0.18517606
0.18850634
0.19183661
0.19516688
0.18517606
0.18850634
0.19183661
0.19516688
0.18517606
0.18850634
0.19183661
0.19516688
0.18517606
0.18850634
0.19183661
0.19516688
0.18517606
0.18850634
0.19183661
0.19516688
0.18517606
0.18850634
0.19183661
0.19516688
0.18517606
0.18850634
0.19183661
0.19516688
0.18517606
0.18850634
0.19183661
0.19516688
0.18517606
0.18850634
0.19183661
0.19516688
0.18517606
0.18850634
0.19183661
0.19516688
0.18517606
0.18850634
0.19183661
0.19516688
0.18517606
0.18850634
0.19183661
0.19516688
0.18517606
0.18850634
0.19183661
0.19516688
0.18517606
0.18850634
0.19183661
0.19516688
0.18517606
0.18850634
0.19183661
0.19516688
0.18517606
0.18850634
0.19183661
0.19516688
0.18517606
0.18850634
0.19183661
0.19516688
0.18517606
0.18850634
0.19183661
0.19516688
0.18517606
0.18850634
0.19183661
0.19516688
0.18517606
0.18850634
0.19183661
0.19516688
0.18517606
0.18850634
0.19183661
0.19516688
0.18517606
0.18850634
0.19183661
0.19516688
0.18514256
0.18845128
0.19175999
0.19506871
0.18514256
0.18845128
0.19175999
0.19506871
0.18514256
0.18845128
0.19175999
0.19506871
0.18514256
0.18845128
0.19175999
0.19506871
0.18514256
0.18845128
0.19175999
0.19506871
0.18514256
0.18845128
0.19175999
0.19506871
0.18514256
0.18845128
0.19175999
0.19506871
0.18514256
0.18845128
0.19175999
0.19506871
0.18514256
0.18845128
0.19175999
0.19506871
0.18514256
0.18845128
0.19175999
0.19506871
0.18514256
0.18845128
0.19175999
0.19506871
0.18514256
0.18845128
0.19175999
0.19506871
0.18514256
0.18845128
0.19175999
0.19506871
0.18514256
0.18845128
0.19175999
0.19506871
0.18514256
0.18845128
0.19175999
0.19506871
0.18514256
0.18845128
0.19175999
0.19506871
0.18514256
0.18845128
0.19175999
0.19506871
0.18514256
0.18845128
0.19175999
0.19506871
0.18514256
0.18845128
0.19175999
0.19506871
0.18514256
0.18845128
0.19175999
0.19506871
0.18514256
0.18845128
0.19175999
0.19506871
0.18514256
0.18845128
0.19175999
0.19506871
0.18514256
0.18845128
0.19175999
0.19506871
0.18514256
0.18845128
0.19175999
0.19506871
0.18510906
0.18839622
0.19168338
0.19497054
0.18510906
0.18839622
0.19168338
0.19497054
0.18510906
0.18839622
0.19168338
0.19497054
0.18510906
0.18839622
0.19168338
0.19497054
0.18510906
0.18839622
0.19168338
0.19497054
0.18510906
0.18839622
0.19168338
0.19497054
0.18510906
0.18839622
0.19168338
0.19497054
0.18510906
0.18839622
0.19168338
0.19497054
0.18510906
0.18839622
0.19168338
0.19497054
0.18510906
0.18839622
0.19168338
0.19497054
0.18510906
0.18839622
0.19168338
0.19497054
0.18510906
0.18839622
0.19168338
0.19497054
0.18510906
0.18839622
0.19168338
0.19497054
0.18510906
0.18839622
0.19168338
0.19497054
0.18510906
0.18839622
0.19168338
0.19497054
0.18510906
0.18839622
0.19168338
0.19497054
0.18510906
0.18839622
0.19168338
0.19497054
0.18510906
0.18839622
0.19168338
0.19497054
0.18510906
0.18839622
0.19168338
0.19497054
0.18510906
0.18839622
0.19168338
0.19497054
0.18510906
0.18839622
0.19168338
0.19497054
0.18510906
0.18839622
0.19168338
0.19497054
0.18510906
0.18839622
0.19168338
0.19497054
0.18510906
0.18839622
0.19168338
0.19497054
0.18507556
0.18834116
0.19160677
0.19487238
0.18507556
0.18834116
0.19160677
0.19487238
0.18507556
0.18834116
0.19160677
0.19487238
0.18507556
0.18834116
0.19160677
0.19487238
0.18507556
0.18834116
0.19160677
0.19487238
0.18507556
0.18834116
0.19160677
0.19487238
0.18507556
0.18834116
0.19160677
0.19487238
0.18507556
0.18834116
0.19160677
0.19487238
0.18507556
0.18834116
0.19160677
0.19487238
0.18507556
0.18834116
0.19160677
0.19487238
0.18507556
0.18834116
0.19160677
0.19487238
0.18507556
0.18834116
0.19160677
0.19487238
0.18507556
0.18834116
0.19160677
0.19487238
0.18507556
0.18834116
0.19160677
0.19487238
0.18507556
0.18834116
0.19160677
0.19487238
0.18507556
0.18834116
0.19160677
0.19487238
0.18507556
0.18834116
0.19160677
0.19487238
0.18507556
0.18834116
0.19160677
0.19487238
0.18507556
0.18834116
0.19160677
0.19487238
0.18507556
0.18834116
0.19160677
0.19487238
0.18507556
0.18834116
0.19160677
0.19487238
0.18507556
0.18834116
0.19160677
0.19487238
0.18507556
0.18834116
0.19160677
0.19487238
0.18507556
0.18834116
0.19160677
0.19487238
0.18504206
0.18828611
0.19153016
0.19477421
0.18504206
0.18828611
0.19153016
0.19477421
0.18504206
0.18828611
0.19153016
0.19477421
0.18504206
0.18828611
0.19153016
0.19477421
0.18504206
0.18828611
0.19153016
0.19477421
0.18504206
0.18828611
0.19153016
0.19477421
0.18504206
0.18828611
0.19153016
0.19477421
0.18504206
0.18828611
0.19153016
0.19477421
0.18504206
0.18828611
0.19153016
0.19477421
0.18504206
0.18828611
0.19153016
0.19477421
0.18504206
0.18828611
0.19153016
0.19477421
0.18504206
0.18828611
0.19153016
0.19477421
0.18504206
0.18828611
0.19153016
0.19477421
0.18504206
0.18828611
0.19153016
0.19477421
0.18504206
0.18828611
0.19153016
0.19477421
0.18504206
0.18828611
0.19153016
0.19477421
0.18504206
0.18828611
0.19153016
0.19477421
0.18504206
0.18828611
0.19153016
0.19477421
0.18504206
0.18828611
0.19153016
0.19477421
0.18504206
0.18828611
0.19153016
0.19477421
0.18504206
0.18828611
0.19153016
0.19477421
0.18504206
0.18828611
0.19153016
0.19477421
0.18504206
0.18828611
0.19153016
0.19477421
0.18504206
0.18828611
0.19153016
0.19477421
0.18500856
0.18823105
0.19145355
0.19467604
0.18500856
0.18823105
0.19145355
0.19467604
0.18500856
0.18823105
0.19145355
0.19467604
0.18500856
0.18823105
0.19145355
0.19467604
0.18500856
0.18823105
0.19145355
0.19467604
0.18500856
0.18823105
0.19145355
0.19467604
0.18500856
0.18823105
0.19145355
0.19467604
0.18500856
0.18823105
0.19145355
0.19467604
0.18500856
0.18823105
0.19145355
0.19467604
0.18500856
0.18823105
0.19145355
0.19467604
0.18500856
0.18823105
0.19145355
0.19467604
0.18500856
0.18823105
0.19145355
0.19467604
0.18500856
0.18823105
0.19145355
0.19467604
0.18500856
0.18823105
0.19145355
0.19467604
0.18500856
0.18823105
0.19145355
0.19467604
0.18500856
0.18823105
0.19145355
0.19467604
0.18500856
0.18823105
0.19145355
0.19467604
0.18500856
0.18823105
0.19145355
0.19467604
0.18500856
0.18823105
0.19145355
0.19467604
0.18500856
0.18823105
0.19145355
0.19467604
0.18500856
0.18823105
0.19145355
0.19467604
0.18500856
0.18823105
0.19145355
0.19467604
0.18500856
0.18823105
0.19145355
0.19467604
0.18500856
0.18823105
0.19145355
0.19467604
0.18497505
0.18817599
0.19137694
0.19457788
0.18497505
0.18817599
0.19137694
0.19457788
0.18497505
0.18817599
0.19137694
0.19457788
0.18497505
0.18817599
0.19137694
0.19457788
0.18497505
0.18817599
0.19137694
0.19457788
0.18497505
0.18817599
0.19137694
0.19457788
0.18497505
0.18817599
0.19137694
0.19457788
0.18497505
0.18817599
0.19137694
0.19457788
0.18497505
0.18817599
0.19137694
0.19457788
0.18497505
0.18817599
0.19137694
0.19457788
0.18497505
0.18817599
0.19137694
0.19457788
0.18497505
0.18817599
0.19137694
0.19457788
0.18497505
0.18817599
0.19137694
0.19457788
0.18497505
0.18817599
0.19137694
0.19457788
0.18497505
0.18817599
0.19137694
0.19457788
0.18497505
0.18817599
0.19137694
0.19457788
0.18497505
0.18817599
0.19137694
0.19457788
0.18497505
0.18817599
0.19137694
0.19457788
0.18497505
0.18817599
0.19137694
0.19457788
0.18497505
0.18817599
0.19137694
0.19457788
0.18497505
0.18817599
0.19137694
0.19457788
0.18497505
0.18817599
0.19137694
0.19457788
0.18497505
0.18817599
0.19137694
0.19457788
0.18497505
0.18817599
0.19137694
0.19457788
0.18494155
0.18812094
0.19130032
0.19447971
0.18494155
0.18812094
0.19130032
0.19447971
0.18494155
0.18812094
0.19130032
0.19447971
0.18494155
0.18812094
0.19130032
0.19447971
0.18494155
0.18812094
0.19130032
0.19447971
0.18494155
0.18812094
0.19130032
0.19447971
0.18494155
0.18812094
0.19130032
0.19447971
0.18494155
0.18812094
0.19130032
0.19447971
0.18494155
0.18812094
0.19130032
0.19447971
0.18494155
0.18812094
0.19130032
0.19447971
0.18494155
0.18812094
0.19130032
0.19447971
0.18494155
0.18812094
0.19130032
0.19447971
0.18494155
0.18812094
0.19130032
0.19447971
0.18494155
0.18812094
0.19130032
0.19447971
0.18494155
0.18812094
0.19130032
0.19447971
0.18494155
0.18812094
0.19130032
0.19447971
0.18494155
0.18812094
0.19130032
0.19447971
0.18494155
0.18812094
0.19130032
0.19447971
0.18494155
0.18812094
0.19130032
0.19447971
0.18494155
0.18812094
0.19130032
0.19447971
0.18494155
0.18812094
0.19130032
0.19447971
0.18494155
0.18812094
0.19130032
0.19447971
0.18494155
0.18812094
0.19130032
0.19447971
0.18494155
0.18812094
0.19130032
0.19447971
0.18490805
0.18806588
0.19122371
0.19438154
0.18490805
0.18806588
0.19122371
0.19438154
0.18490805
0.18806588
0.19122371
0.19438154
0.18490805
0.18806588
0.19122371
0.19438154
0.18490805
0.18806588
0.19122371
0.19438154
0.18490805
0.18806588
0.19122371
0.19438154
0.18490805
0.18806588
0.19122371
0.19438154
0.18490805
0.18806588
0.19122371
0.19438154
0.18490805
0.18806588
0.19122371
0.19438154
0.18490805
0.18806588
0.19122371
0.19438154
0.18490805
0.18806588
0.19122371
0.19438154
0.18490805
0.18806588
0.19122371
0.19438154
0.18490805
0.18806588
0.19122371
0.19438154
0.18490805
0.18806588
0.19122371
0.19438154
0.18490805
0.18806588
0.19122371
0.19438154
0.18490805
0.18806588
0.19122371
0.19438154
0.18490805
0.18806588
0.19122371
0.19438154
0.18490805
0.18806588
0.19122371
0.19438154
0.18490805
0.18806588
0.19122371
0.19438154
0.18490805
0.18806588
0.19122371
0.19438154
0.18490805
0.18806588
0.19122371
0.19438154
0.18490805
0.18806588
0.19122371
0.19438154
0.18490805
0.18806588
0.19122371
0.19438154
0.18490805
0.18806588
0.19122371
0.19438154
0.18487455
0.18801082
0.1911471
0.19428338
0.18487455
0.18801082
0.1911471
0.19428338
0.18487455
0.18801082
0.1911471
0.19428338
0.18487455
0.18801082
0.1911471
0.19428338
0.18487455
0.18801082
0.1911471
0.19428338
0.18487455
0.18801082
0.1911471
0.19428338
0.18487455
0.18801082
0.1911471
0.19428338
0.18487455
0.18801082
0.1911471
0.19428338
0.18487455
0.18801082
0.1911471
0.19428338
0.18487455
0.18801082
0.1911471
0.19428338
0.18487455
0.18801082
0.1911471
0.19428338
0.18487455
0.18801082
0.1911471
0.19428338
0.18487455
0.18801082
0.1911471
0.19428338
0.18487455
0.18801082
0.1911471
0.19428338
0.18487455
0.18801082
0.1911471
0.19428338
0.18487455
0.18801082
0.1911471
0.19428338
0.18487455
0.18801082
0.1911471
0.19428338
0.18487455
0.18801082
0.1911471
0.19428338
0.18487455
0.18801082
0.1911471
0.19428338
0.18487455
0.18801082
0.1911471
0.19428338
0.18487455
0.18801082
0.1911471
0.19428338
0.18487455
0.18801082
0.1911471
0.19428338
0.18487455
0.18801082
0.1911471
0.19428338
0.18487455
0.18801082
0.1911471
0.19428338
0.18484105
0.18795577
0.19107049
0.19418521
0.18484105
0.18795577
0.19107049
0.19418521
0.18484105
0.18795577
0.19107049
0.19418521
0.18484105
0.18795577
0.19107049
0.19418521
0.18484105
0.18795577
0.19107049
0.19418521
0.18484105
0.18795577
0.19107049
0.19418521
0.18484105
0.18795577
0.19107049
0.19418521
0.18484105
0.18795577
0.19107049
0.19418521
0.18484105
0.18795577
0.19107049
0.19418521
0.18484105
0.18795577
0.19107049
0.19418521
0.18484105
0.18795577
0.19107049
0.19418521
0.18484105
0.18795577
0.19107049
0.19418521
0.18484105
0.18795577
0.19107049
0.19418521
0.18484105
0.18795577
0.19107049
0.19418521
0.18484105
0.18795577
0.19107049
0.19418521
0.18484105
0.18795577
0.19107049
0.19418521
0.18484105
0.18795577
0.19107049
0.19418521
0.18484105
0.18795577
0.19107049
0.19418521
0.18484105
0.18795577
0.19107049
0.19418521
0.18484105
0.18795577
0.19107049
0.19418521
0.18484105
0.18795577
0.19107049
0.19418521
0.18484105
0.18795577
0.19107049
0.19418521
0.18484105
0.18795577
0.19107049
0.19418521
0.18484105
0.18795577
0.19107049
0.19418521
0.18480754
0.18790071
0.19099388
0.19408704
0.18480754
0.18790071
0.19099388
0.19408704
0.18480754
0.18790071
0.19099388
0.19408704
0.18480754
0.18790071
0.19099388
0.19408704
0.18480754
0.18790071
0.19099388
0.19408704
0.18480754
0.18790071
0.19099388
0.19408704
0.18480754
0.18790071
0.19099388
0.19408704
0.18480754
0.18790071
0.19099388
0.19408704
0.18480754
0.18790071
0.19099388
0.19408704
0.18480754
0.18790071
0.19099388
0.19408704
0.18480754
0.18790071
0.19099388
0.19408704
0.18480754
0.18790071
0.19099388
0.19408704
0.18480754
0.18790071
0.19099388
0.19408704
0.18480754
0.18790071
0.19099388
0.19408704
0.18480754
0.18790071
0.19099388
0.19408704
0.18480754
0.18790071
0.19099388
0.19408704
0.18480754
0.18790071
0.19099388
0.19408704
0.18480754
0.18790071
0.19099388
0.19408704
0.18480754
0.18790071
0.19099388
0.19408704
0.18480754
0.18790071
0.19099388
0.19408704
0.18480754
0.18790071
0.19099388
0.19408704
0.18480754
0.18790071
0.19099388
0.19408704
0.18480754
0.18790071
0.19099388
0.19408704
0.18480754
0.18790071
0.19099388
0.19408704
0.18477404
0.18784565
0.19091726
0.19398888
0.18477404
0.18784565
0.19091726
0.19398888
0.18477404
0.18784565
0.19091726
0.19398888
0.18477404
0.18784565
0.19091726
0.19398888
0.18477404
0.18784565
0.19091726
0.19398888
0.18477404
0.18784565
0.19091726
0.19398888
0.18477404
0.18784565
0.19091726
0.19398888
0.18477404
0.18784565
0.19091726
0.19398888
0.18477404
0.18784565
0.19091726
0.19398888
0.18477404
0.18784565
0.19091726
0.19398888
0.18477404
0.18784565
0.19091726
0.19398888
0.18477404
0.18784565
0.19091726
0.19398888
0.18477404
0.18784565
0.19091726
0.19398888
0.18477404
0.18784565
0.19091726
0.19398888
0.18477404
0.18784565
0.19091726
0.19398888
0.18477404
0.18784565
0.19091726
0.19398888
0.18477404
0.18784565
0.19091726
0.19398888
0.18477404
0.18784565
0.19091726
0.19398888
0.18477404
0.18784565
0.19091726
0.19398888
0.18477404
0.18784565
0.19091726
0.19398888
0.18477404
0.18784565
0.19091726
0.19398888
0.18477404
0.18784565
0.19091726
0.19398888
0.18477404
0.18784565
0.19091726
0.19398888
0.18477404
0.18784565
0.19091726
0.19398888
0.18474054
0.1877906
0.19084065
0.19389071
0.18474054
0.1877906
0.19084065
0.19389071
0.18474054
0.1877906
0.19084065
0.19389071
0.18474054
0.1877906
0.19084065
0.19389071
0.18474054
0.1877906
0.19084065
0.19389071
0.18474054
0.1877906
0.19084065
0.19389071
0.18474054
0.1877906
0.19084065
0.19389071
0.18474054
0.1877906
0.19084065
0.19389071
0.18474054
0.1877906
0.19084065
0.19389071
0.18474054
0.1877906
0.19084065
0.19389071
0.18474054
0.1877906
0.19084065
0.19389071
0.18474054
0.1877906
0.19084065
0.19389071
0.18474054
0.1877906
0.19084065
0.19389071
0.18474054
0.1877906
0.19084065
0.19389071
0.18474054
0.1877906
0.19084065
0.19389071
0.18474054
0.1877906
0.19084065
0.19389071
0.18474054
0.1877906
0.19084065
0.19389071
0.18474054
0.1877906
0.19084065
0.19389071
0.18474054
0.1877906
0.19084065
0.19389071
0.18474054
0.1877906
0.19084065
0.19389071
0.18474054
0.1877906
0.19084065
0.19389071
0.18474054
0.1877906
0.19084065
0.19389071
0.18474054
0.1877906
0.19084065
0.19389071
0.18474054
0.1877906
0.19084065
0.19389071
0.18470704
0.18773554
0.19076404
0.19379254
0.18470704
0.18773554
0.19076404
0.19379254
0.18470704
0.18773554
0.19076404
0.19379254
0.18470704
0.18773554
0.19076404
0.19379254
0.18470704
0.18773554
0.19076404
0.19379254
0.18470704
0.18773554
0.19076404
0.19379254
0.18470704
0.18773554
0.19076404
0.19379254
0.18470704
0.18773554
0.19076404
0.19379254
0.18470704
0.18773554
0.19076404
0.19379254
0.18470704
0.18773554
0.19076404
0.19379254
0.18470704
0.18773554
0.19076404
0.19379254
0.18470704
0.18773554
0.19076404
0.19379254
0.18470704
0.18773554
0.19076404
0.19379254
0.18470704
0.18773554
0.19076404
0.19379254
0.18470704
0.18773554
0.19076404
0.19379254
0.18470704
0.18773554
0.19076404
0.19379254
0.18470704
0.18773554
0.19076404
0.19379254
0.18470704
0.18773554
0.19076404
0.19379254
0.18470704
0.18773554
0.19076404
0.19379254
0.18470704
0.18773554
0.19076404
0.19379254
0.18470704
0.18773554
0.19076404
0.19379254
0.18470704
0.18773554
0.19076404
0.19379254
0.18470704
0.18773554
0.19076404
0.19379254
0.18470704
0.18773554
0.19076404
0.19379254
0.18467354
0.18768048
0.19068743
0.19369438
0.18467354
0.18768048
0.19068743
0.19369438
0.18467354
0.18768048
0.19068743
0.19369438
0.18467354
0.18768048
0.19068743
0.19369438
0.18467354
0.18768048
0.19068743
0.19369438
0.18467354
0.18768048
0.19068743
0.19369438
0.18467354
0.18768048
0.19068743
0.19369438
0.18467354
0.18768048
0.19068743
0.19369438
0.18467354
0.18768048
0.19068743
0.19369438
0.18467354
0.18768048
0.19068743
0.19369438
0.18467354
0.18768048
0.19068743
0.19369438
0.18467354
0.18768048
0.19068743
0.19369438
0.18467354
0.18768048
0.19068743
0.19369438
0.18467354
0.18768048
0.19068743
0.19369438
0.18467354
0.18768048
0.19068743
0.19369438
0.18467354
0.18768048
0.19068743
0.19369438
0.18467354
0.18768048
0.19068743
0.19369438
0.18467354
0.18768048
0.19068743
0.19369438
0.18467354
0.18768048
0.19068743
0.19369438
0.18467354
0.18768048
0.19068743
0.19369438
0.18467354
0.18768048
0.19068743
0.19369438
0.18467354
0.18768048
0.19068743
0.19369438
0.18467354
0.18768048
0.19068743
0.19369438
0.18467354
0.18768048
0.19068743
0.19369438
0.18464004
0.18762543
0.19061082
0.19359621
0.18464004
0.18762543
0.19061082
0.19359621
0.18464004
0.18762543
0.19061082
0.19359621
0.18464004
0.18762543
0.19061082
0.19359621
0.18464004
0.18762543
0.19061082
0.19359621
0.18464004
0.18762543
0.19061082
0.19359621
0.18464004
0.18762543
0.19061082
0.19359621
0.18464004
0.18762543
0.19061082
0.19359621
0.18464004
0.18762543
0.19061082
0.19359621
0.18464004
0.18762543
0.19061082
0.19359621
0.18464004
0.18762543
0.19061082
0.19359621
0.18464004
0.18762543
0.19061082
0.19359621
0.18464004
0.18762543
0.19061082
0.19359621
0.18464004
0.18762543
0.19061082
0.19359621
0.18464004
0.18762543
0.19061082
0.19359621
0.18464004
0.18762543
0.19061082
0.19359621
0.18464004
0.18762543
0.19061082
0.19359621
0.18464004
0.18762543
0.19061082
0.19359621
0.18464004
0.18762543
0.19061082
0.19359621
0.18464004
0.18762543
0.19061082
0.19359621
0.18464004
0.18762543
0.19061082
0.19359621
0.18464004
0.18762543
0.19061082
0.19359621
0.18464004
0.18762543
0.19061082
0.19359621
0.18464004
0.18762543
0.19061082
0.19359621
0.18460653
0.18757037
0.19053421
0.19349804
0.18460653
0.18757037
0.19053421
0.19349804
0.18460653
0.18757037
0.19053421
0.19349804
0.18460653
0.18757037
0.19053421
0.19349804
0.18460653
0.18757037
0.19053421
0.19349804
0.18460653
0.18757037
0.19053421
0.19349804
0.18460653
0.18757037
0.19053421
0.19349804
0.18460653
0.18757037
0.19053421
0.19349804
0.18460653
0.18757037
0.19053421
0.19349804
0.18460653
0.18757037
0.19053421
0.19349804
0.18460653
0.18757037
0.19053421
0.19349804
0.18460653
0.18757037
0.19053421
0.19349804
0.18460653
0.18757037
0.19053421
0.19349804
0.18460653
0.18757037
0.19053421
0.19349804
0.18460653
0.18757037
0.19053421
0.19349804
0.18460653
0.18757037
0.19053421
0.19349804
0.18460653
0.18757037
0.19053421
0.19349804
0.18460653
0.18757037
0.19053421
0.19349804
0.18460653
0.18757037
0.19053421
0.19349804
0.18460653
0.18757037
0.19053421
0.19349804
0.18460653
0.18757037
0.19053421
0.19349804
0.18460653
0.18757037
0.19053421
0.19349804
0.18460653
0.18757037
0.19053421
0.19349804
0.18460653
0.18757037
0.19053421
0.19349804
0.18457303
0.18751531
0.19045759
0.19339988
0.18457303
0.18751531
0.19045759
0.19339988
0.18457303
0.18751531
0.19045759
0.19339988
0.18457303
0.18751531
0.19045759
0.19339988
0.18457303
0.18751531
0.19045759
0.19339988
0.18457303
0.18751531
0.19045759
0.19339988
0.18457303
0.18751531
0.19045759
0.19339988
0.18457303
0.18751531
0.19045759
0.19339988
0.18457303
0.18751531
0.19045759
0.19339988
0.18457303
0.18751531
0.19045759
0.19339988
0.18457303
0.18751531
0.19045759
0.19339988
0.18457303
0.18751531
0.19045759
0.19339988
0.18457303
0.18751531
0.19045759
0.19339988
0.18457303
0.18751531
0.19045759
0.19339988
0.18457303
0.18751531
0.19045759
0.19339988
0.18457303
0.18751531
0.19045759
0.19339988
0.18457303
0.18751531
0.19045759
0.19339988
0.18457303
0.18751531
0.19045759
0.19339988
0.18457303
0.18751531
0.19045759
0.19339988
0.18457303
0.18751531
0.19045759
0.19339988
0.18457303
0.18751531
0.19045759
0.19339988
0.18457303
0.18751531
0.19045759
0.19339988
0.18457303
0.18751531
0.19045759
0.19339988
0.18457303
0.18751531
0.19045759
0.19339988
0.18453953
0.18746026
0.19038098
0.19330171
0.18453953
0.18746026
0.19038098
0.19330171
0.18453953
0.18746026
0.19038098
0.19330171
0.18453953
0.18746026
0.19038098
0.19330171
0.18453953
0.18746026
0.19038098
0.19330171
0.18453953
0.18746026
0.19038098
0.19330171
0.18453953
0.18746026
0.19038098
0.19330171
0.18453953
0.18746026
0.19038098
0.19330171
0.18453953
0.18746026
0.19038098
0.19330171
0.18453953
0.18746026
0.19038098
0.19330171
0.18453953
0.18746026
0.19038098
0.19330171
0.18453953
0.18746026
0.19038098
0.19330171
0.18453953
0.18746026
0.19038098
0.19330171
0.18453953
0.18746026
0.19038098
0.19330171
0.18453953
0.18746026
0.19038098
0.19330171
0.18453953
0.18746026
0.19038098
0.19330171
0.18453953
0.18746026
0.19038098
0.19330171
0.18453953
0.18746026
0.19038098
0.19330171
0.18453953
0.18746026
0.19038098
0.19330171
0.18453953
0.18746026
0.19038098
0.19330171
0.18453953
0.18746026
0.19038098
0.19330171
0.18453953
0.18746026
0.19038098
0.19330171
0.18453953
0.18746026
0.19038098
0.19330171
0.18453953
0.18746026
0.19038098
0.19330171
0.18450603
0.1874052
0.19030437
0.19320354
0.18450603
0.1874052
0.19030437
0.19320354
0.18450603
0.1874052
0.19030437
0.19320354
0.18450603
0.1874052
0.19030437
0.19320354
0.18450603
0.1874052
0.19030437
0.19320354
0.18450603
0.1874052
0.19030437
0.19320354
0.18450603
0.1874052
0.19030437
0.19320354
0.18450603
0.1874052
0.19030437
0.19320354
0.18450603
0.1874052
0.19030437
0.19320354
0.18450603
0.1874052
0.19030437
0.19320354
0.18450603
0.1874052
0.19030437
0.19320354
0.18450603
0.1874052
0.19030437
0.19320354
0.18450603
0.1874052
0.19030437
0.19320354
0.18450603
0.1874052
0.19030437
0.19320354
0.18450603
0.1874052
0.19030437
0.19320354
0.18450603
0.1874052
0.19030437
0.19320354
0.18450603
0.1874052
0.19030437
0.19320354
0.18450603
0.1874052
0.19030437
0.19320354
0.18450603
0.1874052
0.19030437
0.19320354
0.18450603
0.1874052
0.19030437
0.19320354
0.18450603
0.1874052
0.19030437
0.19320354
0.18450603
0.1874052
0.19030437
0.19320354
0.18450603
0.1874052
0.19030437
0.19320354
0.18450603
0.1874052
0.19030437
0.19320354
0.18447253
0.18735014
0.19022776
0.19310538
0.18447253
0.18735014
0.19022776
0.19310538
0.18447253
0.18735014
0.19022776
0.19310538
0.18447253
0.18735014
0.19022776
0.19310538
0.18447253
0.18735014
0.19022776
0.19310538
0.18447253
0.18735014
0.19022776
0.19310538
0.18447253
0.18735014
0.19022776
0.19310538
0.18447253
0.18735014
0.19022776
0.19310538
0.18447253
0.18735014
0.19022776
0.19310538
0.18447253
0.18735014
0.19022776
0.19310538
0.18447253
0.18735014
0.19022776
0.19310538
0.18447253
0.18735014
0.19022776
0.19310538
0.18447253
0.18735014
0.19022776
0.19310538
0.18447253
0.18735014
0.19022776
0.19310538
0.18447253
0.18735014
0.19022776
0.19310538
0.18447253
0.18735014
0.19022776
0.19310538
0.18447253
0.18735014
0.19022776
0.19310538
0.18447253
0.18735014
0.19022776
0.19310538
0.18447253
0.18735014
0.19022776
0.19310538
0.18447253
0.18735014
0.19022776
0.19310538
0.18447253
0.18735014
0.19022776
0.19310538
0.18447253
0.18735014
0.19022776
0.19310538
0.18447253
0.18735014
0.19022776
0.19310538
0.18447253
0.18735014
0.19022776
0.19310538
0.18443902
0.18729509
0.19015115
0.19300721
0.18443902
0.18729509
0.19015115
0.19300721
0.18443902
0.18729509
0.19015115
0.19300721
0.18443902
0.18729509
0.19015115
0.19300721
0.18443902
0.18729509
0.19015115
0.19300721
0.18443902
0.18729509
0.19015115
0.19300721
0.18443902
0.18729509
0.19015115
0.19300721
0.18443902
0.18729509
0.19015115
0.19300721
0.18443902
0.18729509
0.19015115
0.19300721
0.18443902
0.18729509
0.19015115
0.19300721
0.18443902
0.18729509
0.19015115
0.19300721
0.18443902
0.18729509
0.19015115
0.19300721
0.18443902
0.18729509
0.19015115
0.19300721
0.18443902
0.18729509
0.19015115
0.19300721
0.18443902
0.18729509
0.19015115
0.19300721
0.18443902
0.18729509
0.19015115
0.19300721
0.18443902
0.18729509
0.19015115
0.19300721
0.18443902
0.18729509
0.19015115
0.19300721
0.18443902
0.18729509
0.19015115
0.19300721
0.18443902
0.18729509
0.19015115
0.19300721
0.18443902
0.18729509
0.19015115
0.19300721
0.18443902
0.18729509
0.19015115
0.19300721
0.18443902
0.18729509
0.19015115
0.19300721
0.18443902
0.18729509
0.19015115
0.19300721
)
;

boundaryField
{
    inlet
    {
        type            calculated;
        value           nonuniform List<scalar> 
576
(
-0.014375
-0.014375
-0.014375
-0.014375
-0.014375
-0.014375
-0.014375
-0.014375
-0.014375
-0.014375
-0.014375
-0.014375
-0.014375
-0.014375
-0.014375
-0.014375
-0.014375
-0.014375
-0.014375
-0.014375
-0.014375
-0.014375
-0.014375
-0.014375
-0.013125
-0.013125
-0.013125
-0.013125
-0.013125
-0.013125
-0.013125
-0.013125
-0.013125
-0.013125
-0.013125
-0.013125
-0.013125
-0.013125
-0.013125
-0.013125
-0.013125
-0.013125
-0.013125
-0.013125
-0.013125
-0.013125
-0.013125
-0.013125
-0.011875
-0.011875
-0.011875
-0.011875
-0.011875
-0.011875
-0.011875
-0.011875
-0.011875
-0.011875
-0.011875
-0.011875
-0.011875
-0.011875
-0.011875
-0.011875
-0.011875
-0.011875
-0.011875
-0.011875
-0.011875
-0.011875
-0.011875
-0.011875
-0.010625
-0.010625
-0.010625
-0.010625
-0.010625
-0.010625
-0.010625
-0.010625
-0.010625
-0.010625
-0.010625
-0.010625
-0.010625
-0.010625
-0.010625
-0.010625
-0.010625
-0.010625
-0.010625
-0.010625
-0.010625
-0.010625
-0.010625
-0.010625
-0.009375
-0.009375
-0.009375
-0.009375
-0.009375
-0.009375
-0.009375
-0.009375
-0.009375
-0.009375
-0.009375
-0.009375
-0.009375
-0.009375
-0.009375
-0.009375
-0.009375
-0.009375
-0.009375
-0.009375
-0.009375
-0.009375
-0.009375
-0.009375
-0.008125
-0.008125
-0.008125
-0.008125
-0.008125
-0.008125
-0.008125
-0.008125
-0.008125
-0.008125
-0.008125
-0.008125
-0.008125
-0.008125
-0.008125
-0.008125
-0.008125
-0.008125
-0.008125
-0.008125
-0.008125
-0.008125
-0.008125
-0.008125
-0.006875
-0.006875
-0.006875
-0.006875
-0.006875
-0.006875
-0.006875
-0.006875
-0.006875
-0.006875
-0.006875
-0.006875
-0.006875
-0.006875
-0.006875
-0.006875
-0.006875
-0.006875
-0.006875
-0.006875
-0.006875
-0.006875
-0.006875
-0.006875
-0.005625
-0.005625
-0.005625
-0.005625
-0.005625
-0.005625
-0.005625
-0.005625
-0.005625
-0.005625
-0.005625
-0.005625
-0.005625
-0.005625
-0.005625
-0.005625
-0.005625
-0.005625
-0.005625
-0.005625
-0.005625
-0.005625
-0.005625
-0.005625
-0.004375
-0.004375
-0.004375
-0.004375
-0.004375
-0.004375
-0.004375
-0.004375
-0.004375
-0.004375
-0.004375
-0.004375
-0.004375
-0.004375
-0.004375
-0.004375
-0.004375
-0.004375
-0.004375
-0.004375
-0.004375
-0.004375
-0.004375
-0.004375
-0.003125
-0.003125
-0.003125
-0.003125
-0.003125
-0.003125
-0.003125
-0.003125
-0.003125
-0.003125
-0.003125
-0.003125
-0.003125
-0.003125
-0.003125
-0.003125
-0.003125
-0.003125
-0.003125
-0.003125
-0.003125
-0.003125
-0.003125
-0.003125
-0.001875
-0.001875
-0.001875
-0.001875
-0.001875
-0.001875
-0.001875
-0.001875
-0.001875
-0.001875
-0.001875
-0.001875
-0.001875
-0.001875
-0.001875
-0.001875
-0.001875
-0.001875
-0.001875
-0.001875
-0.001875
-0.001875
-0.001875
-0.001875
-0.000625
-0.000625
-0.000625
-0.000625
-0.000625
-0.000625
-0.000625
-0.000625
-0.000625
-0.000625
-0.000625
-0.000625
-0.000625
-0.000625
-0.000625
-0.000625
-0.000625
-0.000625
-0.000625
-0.000625
-0.000625
-0.000625
-0.000625
-0.000625
0.000625
0.000625
0.000625
0.000625
0.000625
0.000625
0.000625
0.000625
0.000625
0.000625
0.000625
0.000625
0.000625
0.000625
0.000625
0.000625
0.000625
0.000625
0.000625
0.000625
0.000625
0.000625
0.000625
0.000625
0.001875
0.001875
0.001875
0.001875
0.001875
0.001875
0.001875
0.001875
0.001875
0.001875
0.001875
0.001875
0.001875
0.001875
0.001875
0.001875
0.001875
0.001875
0.001875
0.001875
0.001875
0.001875
0.001875
0.001875
0.003125
0.003125
0.003125
0.003125
0.003125
0.003125
0.003125
0.003125
0.003125
0.003125
0.003125
0.003125
0.003125
0.003125
0.003125
0.003125
0.003125
0.003125
0.003125
0.003125
0.003125
0.003125
0.003125
0.003125
0.004375
0.004375
0.004375
0.004375
0.004375
0.004375
0.004375
0.004375
0.004375
0.004375
0.004375
0.004375
0.004375
0.004375
0.004375
0.004375
0.004375
0.004375
0.004375
0.004375
0.004375
0.004375
0.004375
0.004375
0.005625
0.005625
0.005625
0.005625
0.005625
0.005625
0.005625
0.005625
0.005625
0.005625
0.005625
0.005625
0.005625
0.005625
0.005625
0.005625
0.005625
0.005625
0.005625
0.005625
0.005625
0.005625
0.005625
0.005625
0.006875
0.006875
0.006875
0.006875
0.006875
0.006875
0.006875
0.006875
0.006875
0.006875
0.006875
0.006875
0.006875
0.006875
0.006875
0.006875
0.006875
0.006875
0.006875
0.006875
0.006875
0.006875
0.006875
0.006875
0.008125
0.008125
0.008125
0.008125
0.008125
0.008125
0.008125
0.008125
0.008125
0.008125
0.008125
0.008125
0.008125
0.008125
0.008125
0.008125
0.008125
0.008125
0.008125
0.008125
0.008125
0.008125
0.008125
0.008125
0.009375
0.009375
0.009375
0.009375
0.009375
0.009375
0.009375
0.009375
0.009375
0.009375
0.009375
0.009375
0.009375
0.009375
0.009375
0.009375
0.009375
0.009375
0.009375
0.009375
0.009375
0.009375
0.009375
0.009375
0.010625
0.010625
0.010625
0.010625
0.010625
0.010625
0.010625
0.010625
0.010625
0.010625
0.010625
0.010625
0.010625
0.010625
0.010625
0.010625
0.010625
0.010625
0.010625
0.010625
0.010625
0.010625
0.010625
0.010625
0.011875
0.011875
0.011875
0.011875
0.011875
0.011875
0.011875
0.011875
0.011875
0.011875
0.011875
0.011875
0.011875
0.011875
0.011875
0.011875
0.011875
0.011875
0.011875
0.011875
0.011875
0.011875
0.011875
0.011875
0.013125
0.013125
0.013125
0.013125
0.013125
0.013125
0.013125
0.013125
0.013125
0.013125
0.013125
0.013125
0.013125
0.013125
0.013125
0.013125
0.013125
0.013125
0.013125
0.013125
0.013125
0.013125
0.013125
0.013125
0.014375
0.014375
0.014375
0.014375
0.014375
0.014375
0.014375
0.014375
0.014375
0.014375
0.014375
0.014375
0.014375
0.014375
0.014375
0.014375
0.014375
0.014375
0.014375
0.014375
0.014375
0.014375
0.014375
0.014375
)
;
    }
    outlet
    {
        type            calculated;
        value           nonuniform List<scalar> 
576
(
0.1969409
0.1969409
0.1969409
0.1969409
0.1969409
0.1969409
0.1969409
0.1969409
0.1969409
0.1969409
0.1969409
0.1969409
0.1969409
0.1969409
0.1969409
0.1969409
0.1969409
0.1969409
0.1969409
0.1969409
0.1969409
0.1969409
0.1969409
0.1969409
0.19683195
0.19683195
0.19683195
0.19683195
0.19683195
0.19683195
0.19683195
0.19683195
0.19683195
0.19683195
0.19683195
0.19683195
0.19683195
0.19683195
0.19683195
0.19683195
0.19683195
0.19683195
0.19683195
0.19683195
0.19683195
0.19683195
0.19683195
0.19683195
0.19672301
0.19672301
0.19672301
0.19672301
0.19672301
0.19672301
0.19672301
0.19672301
0.19672301
0.19672301
0.19672301
0.19672301
0.19672301
0.19672301
0.19672301
0.19672301
0.19672301
0.19672301
0.19672301
0.19672301
0.19672301
0.19672301
0.19672301
0.19672301
0.19661406
0.19661406
0.19661406
0.19661406
0.19661406
0.19661406
0.19661406
0.19661406
0.19661406
0.19661406
0.19661406
0.19661406
0.19661406
0.19661406
0.19661406
0.19661406
0.19661406
0.19661406
0.19661406
0.19661406
0.19661406
0.19661406
0.19661406
0.19661406
0.19650512
0.19650512
0.19650512
0.19650512
0.19650512
0.19650512
0.19650512
0.19650512
0.19650512
0.19650512
0.19650512
0.19650512
0.19650512
0.19650512
0.19650512
0.19650512
0.19650512
0.19650512
0.19650512
0.19650512
0.19650512
0.19650512
0.19650512
0.19650512
0.19639617
0.19639617
0.19639617
0.19639617
0.19639617
0.19639617
0.19639617
0.19639617
0.19639617
0.19639617
0.19639617
0.19639617
0.19639617
0.19639617
0.19639617
0.19639617
0.19639617
0.19639617
0.19639617
0.19639617
0.19639617
0.19639617
0.19639617
0.19639617
0.19628723
0.19628723
0.19628723
0.19628723
0.19628723
0.19628723
0.19628723
0.19628723
0.19628723
0.19628723
0.19628723
0.19628723
0.19628723
0.19628723
0.19628723
0.19628723
0.19628723
0.19628723
0.19628723
0.19628723
0.19628723
0.19628723
0.19628723
0.19628723
0.19617828
0.19617828
0.19617828
0.19617828
0.19617828
0.19617828
0.19617828
0.19617828
0.19617828
0.19617828
0.19617828
0.19617828
0.19617828
0.19617828
0.19617828
0.19617828
0.19617828
0.19617828
0.19617828
0.19617828
0.19617828
0.19617828
0.19617828
0.19617828
0.19606934
0.19606934
0.19606934
0.19606934
0.19606934
0.19606934
0.19606934
0.19606934
0.19606934
0.19606934
0.19606934
0.19606934
0.19606934
0.19606934
0.19606934
0.19606934
0.19606934
0.19606934
0.19606934
0.19606934
0.19606934
0.19606934
0.19606934
0.19606934
0.1959604
0.1959604
0.1959604
0.1959604
0.1959604
0.1959604
0.1959604
0.1959604
0.1959604
0.1959604
0.1959604
0.1959604
0.1959604
0.1959604
0.1959604
0.1959604
0.1959604
0.1959604
0.1959604
0.1959604
0.1959604
0.1959604
0.1959604
0.1959604
0.19585145
0.19585145
0.19585145
0.19585145
0.19585145
0.19585145
0.19585145
0.19585145
0.19585145
0.19585145
0.19585145
0.19585145
0.19585145
0.19585145
0.19585145
0.19585145
0.19585145
0.19585145
0.19585145
0.19585145
0.19585145
0.19585145
0.19585145
0.19585145
0.19574251
0.19574251
0.19574251
0.19574251
0.19574251
0.19574251
0.19574251
0.19574251
0.19574251
0.19574251
0.19574251
0.19574251
0.19574251
0.19574251
0.19574251
0.19574251
0.19574251
0.19574251
0.19574251
0.19574251
0.19574251
0.19574251
0.19574251
0.19574251
0.19563356
0.19563356
0.19563356
0.19563356
0.19563356
0.19563356
0.19563356
0.19563356
0.19563356
0.19563356
0.19563356
0.19563356
0.19563356
0.19563356
0.19563356
0.19563356
0.19563356
0.19563356
0.19563356
0.19563356
0.19563356
0.19563356
0.19563356
0.19563356
0.19552462
0.19552462
0.19552462
0.19552462
0.19552462
0.19552462
0.19552462
0.19552462
0.19552462
0.19552462
0.19552462
0.19552462
0.19552462
0.19552462
0.19552462
0.19552462
0.19552462
0.19552462
0.19552462
0.19552462
0.19552462
0.19552462
0.19552462
0.19552462
0.19541567
0.19541567
0.19541567
0.19541567
0.19541567
0.19541567
0.19541567
0.19541567
0.19541567
0.19541567
0.19541567
0.19541567
0.19541567
0.19541567
0.19541567
0.19541567
0.19541567
0.19541567
0.19541567
0.19541567
0.19541567
0.19541567
0.19541567
0.19541567
0.19530673
0.19530673
0.19530673
0.19530673
0.19530673
0.19530673
0.19530673
0.19530673
0.19530673
0.19530673
0.19530673
0.19530673
0.19530673
0.19530673
0.19530673
0.19530673
0.19530673
0.19530673
0.19530673
0.19530673
0.19530673
0.19530673
0.19530673
0.19530673
0.19519778
0.19519778
0.19519778
0.19519778
0.19519778
0.19519778
0.19519778
0.19519778
0.19519778
0.19519778
0.19519778
0.19519778
0.19519778
0.19519778
0.19519778
0.19519778
0.19519778
0.19519778
0.19519778
0.19519778
0.19519778
0.19519778
0.19519778
0.19519778
0.19508884
0.19508884
0.19508884
0.19508884
0.19508884
0.19508884
0.19508884
0.19508884
0.19508884
0.19508884
0.19508884
0.19508884
0.19508884
0.19508884
0.19508884
0.19508884
0.19508884
0.19508884
0.19508884
0.19508884
0.19508884
0.19508884
0.19508884
0.19508884
0.19497989
0.19497989
0.19497989
0.19497989
0.19497989
0.19497989
0.19497989
0.19497989
0.19497989
0.19497989
0.19497989
0.19497989
0.19497989
0.19497989
0.19497989
0.19497989
0.19497989
0.19497989
0.19497989
0.19497989
0.19497989
0.19497989
0.19497989
0.19497989
0.19487095
0.19487095
0.19487095
0.19487095
0.19487095
0.19487095
0.19487095
0.19487095
0.19487095
0.19487095
0.19487095
0.19487095
0.19487095
0.19487095
0.19487095
0.19487095
0.19487095
0.19487095
0.19487095
0.19487095
0.19487095
0.19487095
0.19487095
0.19487095
0.194762
0.194762
0.194762
0.194762
0.194762
0.194762
0.194762
0.194762
0.194762
0.194762
0.194762
0.194762
0.194762
0.194762
0.194762
0.194762
0.194762
0.194762
0.194762
0.194762
0.194762
0.194762
0.194762
0.194762
0.19465306
0.19465306
0.19465306
0.19465306
0.19465306
0.19465306
0.19465306
0.19465306
0.19465306
0.19465306
0.19465306
0.19465306
0.19465306
0.19465306
0.19465306
0.19465306
0.19465306
0.19465306
0.19465306
0.19465306
0.19465306
0.19465306
0.19465306
0.19465306
0.19454411
0.19454411
0.19454411
0.19454411
0.19454411
0.19454411
0.19454411
0.19454411
0.19454411
0.19454411
0.19454411
0.19454411
0.19454411
0.19454411
0.19454411
0.19454411
0.19454411
0.19454411
0.19454411
0.19454411
0.19454411
0.19454411
0.19454411
0.19454411
0.19443517
0.19443517
0.19443517
0.19443517
0.19443517
0.19443517
0.19443517
0.19443517
0.19443517
0.19443517
0.19443517
0.19443517
0.19443517
0.19443517
0.19443517
0.19443517
0.19443517
0.19443517
0.19443517
0.19443517
0.19443517
0.19443517
0.19443517
0.19443517
)
;
    }
    heated_first_wall
    {
        type            calculated;
        value           nonuniform List<scalar> 
2304
(
0.015049201
0.015049201
0.015049201
0.015049201
0.015049201
0.015049201
0.015049201
0.015049201
0.015049201
0.015049201
0.015049201
0.015049201
0.015049201
0.015049201
0.015049201
0.015049201
0.015049201
0.015049201
0.015049201
0.015049201
0.015049201
0.015049201
0.015049201
0.015049201
0.015147602
0.015147602
0.015147602
0.015147602
0.015147602
0.015147602
0.015147602
0.015147602
0.015147602
0.015147602
0.015147602
0.015147602
0.015147602
0.015147602
0.015147602
0.015147602
0.015147602
0.015147602
0.015147602
0.015147602
0.015147602
0.015147602
0.015147602
0.015147602
0.015246003
0.015246003
0.015246003
0.015246003
0.015246003
0.015246003
0.015246003
0.015246003
0.015246003
0.015246003
0.015246003
0.015246003
0.015246003
0.015246003
0.015246003
0.015246003
0.015246003
0.015246003
0.015246003
0.015246003
0.015246003
0.015246003
0.015246003
0.015246003
0.015344404
0.015344404
0.015344404
0.015344404
0.015344404
0.015344404
0.015344404
0.015344404
0.015344404
0.015344404
0.015344404
0.015344404
0.015344404
0.015344404
0.015344404
0.015344404
0.015344404
0.015344404
0.015344404
0.015344404
0.015344404
0.015344404
0.015344404
0.015344404
0.015540972
0.015540972
0.015540972
0.015540972
0.015540972
0.015540972
0.015540972
0.015540972
0.015540972
0.015540972
0.015540972
0.015540972
0.015540972
0.015540972
0.015540972
0.015540972
0.015540972
0.015540972
0.015540972
0.015540972
0.015540972
0.015540972
0.015540972
0.015540972
0.015835707
0.015835707
0.015835707
0.015835707
0.015835707
0.015835707
0.015835707
0.015835707
0.015835707
0.015835707
0.015835707
0.015835707
0.015835707
0.015835707
0.015835707
0.015835707
0.015835707
0.015835707
0.015835707
0.015835707
0.015835707
0.015835707
0.015835707
0.015835707
0.016130441
0.016130441
0.016130441
0.016130441
0.016130441
0.016130441
0.016130441
0.016130441
0.016130441
0.016130441
0.016130441
0.016130441
0.016130441
0.016130441
0.016130441
0.016130441
0.016130441
0.016130441
0.016130441
0.016130441
0.016130441
0.016130441
0.016130441
0.016130441
0.016425175
0.016425175
0.016425175
0.016425175
0.016425175
0.016425175
0.016425175
0.016425175
0.016425175
0.016425175
0.016425175
0.016425175
0.016425175
0.016425175
0.016425175
0.016425175
0.016425175
0.016425175
0.016425175
0.016425175
0.016425175
0.016425175
0.016425175
0.016425175
0.016817373
0.016817373
0.016817373
0.016817373
0.016817373
0.016817373
0.016817373
0.016817373
0.016817373
0.016817373
0.016817373
0.016817373
0.016817373
0.016817373
0.016817373
0.016817373
0.016817373
0.016817373
0.016817373
0.016817373
0.016817373
0.016817373
0.016817373
0.016817373
0.017307034
0.017307034
0.017307034
0.017307034
0.017307034
0.017307034
0.017307034
0.017307034
0.017307034
0.017307034
0.017307034
0.017307034
0.017307034
0.017307034
0.017307034
0.017307034
0.017307034
0.017307034
0.017307034
0.017307034
0.017307034
0.017307034
0.017307034
0.017307034
0.017796695
0.017796695
0.017796695
0.017796695
0.017796695
0.017796695
0.017796695
0.017796695
0.017796695
0.017796695
0.017796695
0.017796695
0.017796695
0.017796695
0.017796695
0.017796695
0.017796695
0.017796695
0.017796695
0.017796695
0.017796695
0.017796695
0.017796695
0.017796695
0.018286357
0.018286357
0.018286357
0.018286357
0.018286357
0.018286357
0.018286357
0.018286357
0.018286357
0.018286357
0.018286357
0.018286357
0.018286357
0.018286357
0.018286357
0.018286357
0.018286357
0.018286357
0.018286357
0.018286357
0.018286357
0.018286357
0.018286357
0.018286357
0.018872313
0.018872313
0.018872313
0.018872313
0.018872313
0.018872313
0.018872313
0.018872313
0.018872313
0.018872313
0.018872313
0.018872313
0.018872313
0.018872313
0.018872313
0.018872313
0.018872313
0.018872313
0.018872313
0.018872313
0.018872313
0.018872313
0.018872313
0.018872313
0.019554565
0.019554565
0.019554565
0.019554565
0.019554565
0.019554565
0.019554565
0.019554565
0.019554565
0.019554565
0.019554565
0.019554565
0.019554565
0.019554565
0.019554565
0.019554565
0.019554565
0.019554565
0.019554565
0.019554565
0.019554565
0.019554565
0.019554565
0.019554565
0.020236817
0.020236817
0.020236817
0.020236817
0.020236817
0.020236817
0.020236817
0.020236817
0.020236817
0.020236817
0.020236817
0.020236817
0.020236817
0.020236817
0.020236817
0.020236817
0.020236817
0.020236817
0.020236817
0.020236817
0.020236817
0.020236817
0.020236817
0.020236817
0.020919069
0.020919069
0.020919069
0.020919069
0.020919069
0.020919069
0.020919069
0.020919069
0.020919069
0.020919069
0.020919069
0.020919069
0.020919069
0.020919069
0.020919069
0.020919069
0.020919069
0.020919069
0.020919069
0.020919069
0.020919069
0.020919069
0.020919069
0.020919069
0.021695989
0.021695989
0.021695989
0.021695989
0.021695989
0.021695989
0.021695989
0.021695989
0.021695989
0.021695989
0.021695989
0.021695989
0.021695989
0.021695989
0.021695989
0.021695989
0.021695989
0.021695989
0.021695989
0.021695989
0.021695989
0.021695989
0.021695989
0.021695989
0.022567576
0.022567576
0.022567576
0.022567576
0.022567576
0.022567576
0.022567576
0.022567576
0.022567576
0.022567576
0.022567576
0.022567576
0.022567576
0.022567576
0.022567576
0.022567576
0.022567576
0.022567576
0.022567576
0.022567576
0.022567576
0.022567576
0.022567576
0.022567576
0.023439164
0.023439164
0.023439164
0.023439164
0.023439164
0.023439164
0.023439164
0.023439164
0.023439164
0.023439164
0.023439164
0.023439164
0.023439164
0.023439164
0.023439164
0.023439164
0.023439164
0.023439164
0.023439164
0.023439164
0.023439164
0.023439164
0.023439164
0.023439164
0.024310752
0.024310752
0.024310752
0.024310752
0.024310752
0.024310752
0.024310752
0.024310752
0.024310752
0.024310752
0.024310752
0.024310752
0.024310752
0.024310752
0.024310752
0.024310752
0.024310752
0.024310752
0.024310752
0.024310752
0.024310752
0.024310752
0.024310752
0.024310752
0.025274928
0.025274928
0.025274928
0.025274928
0.025274928
0.025274928
0.025274928
0.025274928
0.025274928
0.025274928
0.025274928
0.025274928
0.025274928
0.025274928
0.025274928
0.025274928
0.025274928
0.025274928
0.025274928
0.025274928
0.025274928
0.025274928
0.025274928
0.025274928
0.026331693
0.026331693
0.026331693
0.026331693
0.026331693
0.026331693
0.026331693
0.026331693
0.026331693
0.026331693
0.026331693
0.026331693
0.026331693
0.026331693
0.026331693
0.026331693
0.026331693
0.026331693
0.026331693
0.026331693
0.026331693
0.026331693
0.026331693
0.026331693
0.027388458
0.027388458
0.027388458
0.027388458
0.027388458
0.027388458
0.027388458
0.027388458
0.027388458
0.027388458
0.027388458
0.027388458
0.027388458
0.027388458
0.027388458
0.027388458
0.027388458
0.027388458
0.027388458
0.027388458
0.027388458
0.027388458
0.027388458
0.027388458
0.028445223
0.028445223
0.028445223
0.028445223
0.028445223
0.028445223
0.028445223
0.028445223
0.028445223
0.028445223
0.028445223
0.028445223
0.028445223
0.028445223
0.028445223
0.028445223
0.028445223
0.028445223
0.028445223
0.028445223
0.028445223
0.028445223
0.028445223
0.028445223
0.029592056
0.029592056
0.029592056
0.029592056
0.029592056
0.029592056
0.029592056
0.029592056
0.029592056
0.029592056
0.029592056
0.029592056
0.029592056
0.029592056
0.029592056
0.029592056
0.029592056
0.029592056
0.029592056
0.029592056
0.029592056
0.029592056
0.029592056
0.029592056
0.030828957
0.030828957
0.030828957
0.030828957
0.030828957
0.030828957
0.030828957
0.030828957
0.030828957
0.030828957
0.030828957
0.030828957
0.030828957
0.030828957
0.030828957
0.030828957
0.030828957
0.030828957
0.030828957
0.030828957
0.030828957
0.030828957
0.030828957
0.030828957
0.032065858
0.032065858
0.032065858
0.032065858
0.032065858
0.032065858
0.032065858
0.032065858
0.032065858
0.032065858
0.032065858
0.032065858
0.032065858
0.032065858
0.032065858
0.032065858
0.032065858
0.032065858
0.032065858
0.032065858
0.032065858
0.032065858
0.032065858
0.032065858
0.033302758
0.033302758
0.033302758
0.033302758
0.033302758
0.033302758
0.033302758
0.033302758
0.033302758
0.033302758
0.033302758
0.033302758
0.033302758
0.033302758
0.033302758
0.033302758
0.033302758
0.033302758
0.033302758
0.033302758
0.033302758
0.033302758
0.033302758
0.033302758
0.034626776
0.034626776
0.034626776
0.034626776
0.034626776
0.034626776
0.034626776
0.034626776
0.034626776
0.034626776
0.034626776
0.034626776
0.034626776
0.034626776
0.034626776
0.034626776
0.034626776
0.034626776
0.034626776
0.034626776
0.034626776
0.034626776
0.034626776
0.034626776
0.036037911
0.036037911
0.036037911
0.036037911
0.036037911
0.036037911
0.036037911
0.036037911
0.036037911
0.036037911
0.036037911
0.036037911
0.036037911
0.036037911
0.036037911
0.036037911
0.036037911
0.036037911
0.036037911
0.036037911
0.036037911
0.036037911
0.036037911
0.036037911
0.037449046
0.037449046
0.037449046
0.037449046
0.037449046
0.037449046
0.037449046
0.037449046
0.037449046
0.037449046
0.037449046
0.037449046
0.037449046
0.037449046
0.037449046
0.037449046
0.037449046
0.037449046
0.037449046
0.037449046
0.037449046
0.037449046
0.037449046
0.037449046
0.038860182
0.038860182
0.038860182
0.038860182
0.038860182
0.038860182
0.038860182
0.038860182
0.038860182
0.038860182
0.038860182
0.038860182
0.038860182
0.038860182
0.038860182
0.038860182
0.038860182
0.038860182
0.038860182
0.038860182
0.038860182
0.038860182
0.038860182
0.038860182
0.040355068
0.040355068
0.040355068
0.040355068
0.040355068
0.040355068
0.040355068
0.040355068
0.040355068
0.040355068
0.040355068
0.040355068
0.040355068
0.040355068
0.040355068
0.040355068
0.040355068
0.040355068
0.040355068
0.040355068
0.040355068
0.040355068
0.040355068
0.040355068
0.041933705
0.041933705
0.041933705
0.041933705
0.041933705
0.041933705
0.041933705
0.041933705
0.041933705
0.041933705
0.041933705
0.041933705
0.041933705
0.041933705
0.041933705
0.041933705
0.041933705
0.041933705
0.041933705
0.041933705
0.041933705
0.041933705
0.041933705
0.041933705
0.043512342
0.043512342
0.043512342
0.043512342
0.043512342
0.043512342
0.043512342
0.043512342
0.043512342
0.043512342
0.043512342
0.043512342
0.043512342
0.043512342
0.043512342
0.043512342
0.043512342
0.043512342
0.043512342
0.043512342
0.043512342
0.043512342
0.043512342
0.043512342
0.045090979
0.045090979
0.045090979
0.045090979
0.045090979
0.045090979
0.045090979
0.045090979
0.045090979
0.045090979
0.045090979
0.045090979
0.045090979
0.045090979
0.045090979
0.045090979
0.045090979
0.045090979
0.045090979
0.045090979
0.045090979
0.045090979
0.045090979
0.045090979
0.046749601
0.046749601
0.046749601
0.046749601
0.046749601
0.046749601
0.046749601
0.046749601
0.046749601
0.046749601
0.046749601
0.046749601
0.046749601
0.046749601
0.046749601
0.046749601
0.046749601
0.046749601
0.046749601
0.046749601
0.046749601
0.046749601
0.046749601
0.046749601
0.048488208
0.048488208
0.048488208
0.048488208
0.048488208
0.048488208
0.048488208
0.048488208
0.048488208
0.048488208
0.048488208
0.048488208
0.048488208
0.048488208
0.048488208
0.048488208
0.048488208
0.048488208
0.048488208
0.048488208
0.048488208
0.048488208
0.048488208
0.048488208
0.050226815
0.050226815
0.050226815
0.050226815
0.050226815
0.050226815
0.050226815
0.050226815
0.050226815
0.050226815
0.050226815
0.050226815
0.050226815
0.050226815
0.050226815
0.050226815
0.050226815
0.050226815
0.050226815
0.050226815
0.050226815
0.050226815
0.050226815
0.050226815
0.051965423
0.051965423
0.051965423
0.051965423
0.051965423
0.051965423
0.051965423
0.051965423
0.051965423
0.051965423
0.051965423
0.051965423
0.051965423
0.051965423
0.051965423
0.051965423
0.051965423
0.051965423
0.051965423
0.051965423
0.051965423
0.051965423
0.051965423
0.051965423
0.053779868
0.053779868
0.053779868
0.053779868
0.053779868
0.053779868
0.053779868
0.053779868
0.053779868
0.053779868
0.053779868
0.053779868
0.053779868
0.053779868
0.053779868
0.053779868
0.053779868
0.053779868
0.053779868
0.053779868
0.053779868
0.053779868
0.053779868
0.053779868
0.05567015
0.05567015
0.05567015
0.05567015
0.05567015
0.05567015
0.05567015
0.05567015
0.05567015
0.05567015
0.05567015
0.05567015
0.05567015
0.05567015
0.05567015
0.05567015
0.05567015
0.05567015
0.05567015
0.05567015
0.05567015
0.05567015
0.05567015
0.05567015
0.057560433
0.057560433
0.057560433
0.057560433
0.057560433
0.057560433
0.057560433
0.057560433
0.057560433
0.057560433
0.057560433
0.057560433
0.057560433
0.057560433
0.057560433
0.057560433
0.057560433
0.057560433
0.057560433
0.057560433
0.057560433
0.057560433
0.057560433
0.057560433
0.059450716
0.059450716
0.059450716
0.059450716
0.059450716
0.059450716
0.059450716
0.059450716
0.059450716
0.059450716
0.059450716
0.059450716
0.059450716
0.059450716
0.059450716
0.059450716
0.059450716
0.059450716
0.059450716
0.059450716
0.059450716
0.059450716
0.059450716
0.059450716
0.061412327
0.061412327
0.061412327
0.061412327
0.061412327
0.061412327
0.061412327
0.061412327
0.061412327
0.061412327
0.061412327
0.061412327
0.061412327
0.061412327
0.061412327
0.061412327
0.061412327
0.061412327
0.061412327
0.061412327
0.061412327
0.061412327
0.061412327
0.061412327
0.063445267
0.063445267
0.063445267
0.063445267
0.063445267
0.063445267
0.063445267
0.063445267
0.063445267
0.063445267
0.063445267
0.063445267
0.063445267
0.063445267
0.063445267
0.063445267
0.063445267
0.063445267
0.063445267
0.063445267
0.063445267
0.063445267
0.063445267
0.063445267
0.065478206
0.065478206
0.065478206
0.065478206
0.065478206
0.065478206
0.065478206
0.065478206
0.065478206
0.065478206
0.065478206
0.065478206
0.065478206
0.065478206
0.065478206
0.065478206
0.065478206
0.065478206
0.065478206
0.065478206
0.065478206
0.065478206
0.065478206
0.065478206
0.067511146
0.067511146
0.067511146
0.067511146
0.067511146
0.067511146
0.067511146
0.067511146
0.067511146
0.067511146
0.067511146
0.067511146
0.067511146
0.067511146
0.067511146
0.067511146
0.067511146
0.067511146
0.067511146
0.067511146
0.067511146
0.067511146
0.067511146
0.067511146
0.069610565
0.069610565
0.069610565
0.069610565
0.069610565
0.069610565
0.069610565
0.069610565
0.069610565
0.069610565
0.069610565
0.069610565
0.069610565
0.069610565
0.069610565
0.069610565
0.069610565
0.069610565
0.069610565
0.069610565
0.069610565
0.069610565
0.069610565
0.069610565
0.071776462
0.071776462
0.071776462
0.071776462
0.071776462
0.071776462
0.071776462
0.071776462
0.071776462
0.071776462
0.071776462
0.071776462
0.071776462
0.071776462
0.071776462
0.071776462
0.071776462
0.071776462
0.071776462
0.071776462
0.071776462
0.071776462
0.071776462
0.071776462
0.07394236
0.07394236
0.07394236
0.07394236
0.07394236
0.07394236
0.07394236
0.07394236
0.07394236
0.07394236
0.07394236
0.07394236
0.07394236
0.07394236
0.07394236
0.07394236
0.07394236
0.07394236
0.07394236
0.07394236
0.07394236
0.07394236
0.07394236
0.07394236
0.076108257
0.076108257
0.076108257
0.076108257
0.076108257
0.076108257
0.076108257
0.076108257
0.076108257
0.076108257
0.076108257
0.076108257
0.076108257
0.076108257
0.076108257
0.076108257
0.076108257
0.076108257
0.076108257
0.076108257
0.076108257
0.076108257
0.076108257
0.076108257
0.078335467
0.078335467
0.078335467
0.078335467
0.078335467
0.078335467
0.078335467
0.078335467
0.078335467
0.078335467
0.078335467
0.078335467
0.078335467
0.078335467
0.078335467
0.078335467
0.078335467
0.078335467
0.078335467
0.078335467
0.078335467
0.078335467
0.078335467
0.078335467
0.080623989
0.080623989
0.080623989
0.080623989
0.080623989
0.080623989
0.080623989
0.080623989
0.080623989
0.080623989
0.080623989
0.080623989
0.080623989
0.080623989
0.080623989
0.080623989
0.080623989
0.080623989
0.080623989
0.080623989
0.080623989
0.080623989
0.080623989
0.080623989
0.082912511
0.082912511
0.082912511
0.082912511
0.082912511
0.082912511
0.082912511
0.082912511
0.082912511
0.082912511
0.082912511
0.082912511
0.082912511
0.082912511
0.082912511
0.082912511
0.082912511
0.082912511
0.082912511
0.082912511
0.082912511
0.082912511
0.082912511
0.082912511
0.085201033
0.085201033
0.085201033
0.085201033
0.085201033
0.085201033
0.085201033
0.085201033
0.085201033
0.085201033
0.085201033
0.085201033
0.085201033
0.085201033
0.085201033
0.085201033
0.085201033
0.085201033
0.085201033
0.085201033
0.085201033
0.085201033
0.085201033
0.085201033
0.087545408
0.087545408
0.087545408
0.087545408
0.087545408
0.087545408
0.087545408
0.087545408
0.087545408
0.087545408
0.087545408
0.087545408
0.087545408
0.087545408
0.087545408
0.087545408
0.087545408
0.087545408
0.087545408
0.087545408
0.087545408
0.087545408
0.087545408
0.087545408
0.089945636
0.089945636
0.089945636
0.089945636
0.089945636
0.089945636
0.089945636
0.089945636
0.089945636
0.089945636
0.089945636
0.089945636
0.089945636
0.089945636
0.089945636
0.089945636
0.089945636
0.089945636
0.089945636
0.089945636
0.089945636
0.089945636
0.089945636
0.089945636
0.092345864
0.092345864
0.092345864
0.092345864
0.092345864
0.092345864
0.092345864
0.092345864
0.092345864
0.092345864
0.092345864
0.092345864
0.092345864
0.092345864
0.092345864
0.092345864
0.092345864
0.092345864
0.092345864
0.092345864
0.092345864
0.092345864
0.092345864
0.092345864
0.094746091
0.094746091
0.094746091
0.094746091
0.094746091
0.094746091
0.094746091
0.094746091
0.094746091
0.094746091
0.094746091
0.094746091
0.094746091
0.094746091
0.094746091
0.094746091
0.094746091
0.094746091
0.094746091
0.094746091
0.094746091
0.094746091
0.094746091
0.094746091
0.097196447
0.097196447
0.097196447
0.097196447
0.097196447
0.097196447
0.097196447
0.097196447
0.097196447
0.097196447
0.097196447
0.097196447
0.097196447
0.097196447
0.097196447
0.097196447
0.097196447
0.097196447
0.097196447
0.097196447
0.097196447
0.097196447
0.097196447
0.097196447
0.099696929
0.099696929
0.099696929
0.099696929
0.099696929
0.099696929
0.099696929
0.099696929
0.099696929
0.099696929
0.099696929
0.099696929
0.099696929
0.099696929
0.099696929
0.099696929
0.099696929
0.099696929
0.099696929
0.099696929
0.099696929
0.099696929
0.099696929
0.099696929
0.10219741
0.10219741
0.10219741
0.10219741
0.10219741
0.10219741
0.10219741
0.10219741
0.10219741
0.10219741
0.10219741
0.10219741
0.10219741
0.10219741
0.10219741
0.10219741
0.10219741
0.10219741
0.10219741
0.10219741
0.10219741
0.10219741
0.10219741
0.10219741
0.10469789
0.10469789
0.10469789
0.10469789
0.10469789
0.10469789
0.10469789
0.10469789
0.10469789
0.10469789
0.10469789
0.10469789
0.10469789
0.10469789
0.10469789
0.10469789
0.10469789
0.10469789
0.10469789
0.10469789
0.10469789
0.10469789
0.10469789
0.10469789
0.10724254
0.10724254
0.10724254
0.10724254
0.10724254
0.10724254
0.10724254
0.10724254
0.10724254
0.10724254
0.10724254
0.10724254
0.10724254
0.10724254
0.10724254
0.10724254
0.10724254
0.10724254
0.10724254
0.10724254
0.10724254
0.10724254
0.10724254
0.10724254
0.10983135
0.10983135
0.10983135
0.10983135
0.10983135
0.10983135
0.10983135
0.10983135
0.10983135
0.10983135
0.10983135
0.10983135
0.10983135
0.10983135
0.10983135
0.10983135
0.10983135
0.10983135
0.10983135
0.10983135
0.10983135
0.10983135
0.10983135
0.10983135
0.11242015
0.11242015
0.11242015
0.11242015
0.11242015
0.11242015
0.11242015
0.11242015
0.11242015
0.11242015
0.11242015
0.11242015
0.11242015
0.11242015
0.11242015
0.11242015
0.11242015
0.11242015
0.11242015
0.11242015
0.11242015
0.11242015
0.11242015
0.11242015
0.11500896
0.11500896
0.11500896
0.11500896
0.11500896
0.11500896
0.11500896
0.11500896
0.11500896
0.11500896
0.11500896
0.11500896
0.11500896
0.11500896
0.11500896
0.11500896
0.11500896
0.11500896
0.11500896
0.11500896
0.11500896
0.11500896
0.11500896
0.11500896
0.11763575
0.11763575
0.11763575
0.11763575
0.11763575
0.11763575
0.11763575
0.11763575
0.11763575
0.11763575
0.11763575
0.11763575
0.11763575
0.11763575
0.11763575
0.11763575
0.11763575
0.11763575
0.11763575
0.11763575
0.11763575
0.11763575
0.11763575
0.11763575
0.12030054
0.12030054
0.12030054
0.12030054
0.12030054
0.12030054
0.12030054
0.12030054
0.12030054
0.12030054
0.12030054
0.12030054
0.12030054
0.12030054
0.12030054
0.12030054
0.12030054
0.12030054
0.12030054
0.12030054
0.12030054
0.12030054
0.12030054
0.12030054
0.12296532
0.12296532
0.12296532
0.12296532
0.12296532
0.12296532
0.12296532
0.12296532
0.12296532
0.12296532
0.12296532
0.12296532
0.12296532
0.12296532
0.12296532
0.12296532
0.12296532
0.12296532
0.12296532
0.12296532
0.12296532
0.12296532
0.12296532
0.12296532
0.1256301
0.1256301
0.1256301
0.1256301
0.1256301
0.1256301
0.1256301
0.1256301
0.1256301
0.1256301
0.1256301
0.1256301
0.1256301
0.1256301
0.1256301
0.1256301
0.1256301
0.1256301
0.1256301
0.1256301
0.1256301
0.1256301
0.1256301
0.1256301
0.12832651
0.12832651
0.12832651
0.12832651
0.12832651
0.12832651
0.12832651
0.12832651
0.12832651
0.12832651
0.12832651
0.12832651
0.12832651
0.12832651
0.12832651
0.12832651
0.12832651
0.12832651
0.12832651
0.12832651
0.12832651
0.12832651
0.12832651
0.12832651
0.13105455
0.13105455
0.13105455
0.13105455
0.13105455
0.13105455
0.13105455
0.13105455
0.13105455
0.13105455
0.13105455
0.13105455
0.13105455
0.13105455
0.13105455
0.13105455
0.13105455
0.13105455
0.13105455
0.13105455
0.13105455
0.13105455
0.13105455
0.13105455
0.13378259
0.13378259
0.13378259
0.13378259
0.13378259
0.13378259
0.13378259
0.13378259
0.13378259
0.13378259
0.13378259
0.13378259
0.13378259
0.13378259
0.13378259
0.13378259
0.13378259
0.13378259
0.13378259
0.13378259
0.13378259
0.13378259
0.13378259
0.13378259
0.13651063
0.13651063
0.13651063
0.13651063
0.13651063
0.13651063
0.13651063
0.13651063
0.13651063
0.13651063
0.13651063
0.13651063
0.13651063
0.13651063
0.13651063
0.13651063
0.13651063
0.13651063
0.13651063
0.13651063
0.13651063
0.13651063
0.13651063
0.13651063
0.1392638
0.1392638
0.1392638
0.1392638
0.1392638
0.1392638
0.1392638
0.1392638
0.1392638
0.1392638
0.1392638
0.1392638
0.1392638
0.1392638
0.1392638
0.1392638
0.1392638
0.1392638
0.1392638
0.1392638
0.1392638
0.1392638
0.1392638
0.1392638
0.14204208
0.14204208
0.14204208
0.14204208
0.14204208
0.14204208
0.14204208
0.14204208
0.14204208
0.14204208
0.14204208
0.14204208
0.14204208
0.14204208
0.14204208
0.14204208
0.14204208
0.14204208
0.14204208
0.14204208
0.14204208
0.14204208
0.14204208
0.14204208
0.14482037
0.14482037
0.14482037
0.14482037
0.14482037
0.14482037
0.14482037
0.14482037
0.14482037
0.14482037
0.14482037
0.14482037
0.14482037
0.14482037
0.14482037
0.14482037
0.14482037
0.14482037
0.14482037
0.14482037
0.14482037
0.14482037
0.14482037
0.14482037
0.14759865
0.14759865
0.14759865
0.14759865
0.14759865
0.14759865
0.14759865
0.14759865
0.14759865
0.14759865
0.14759865
0.14759865
0.14759865
0.14759865
0.14759865
0.14759865
0.14759865
0.14759865
0.14759865
0.14759865
0.14759865
0.14759865
0.14759865
0.14759865
0.15039543
0.15039543
0.15039543
0.15039543
0.15039543
0.15039543
0.15039543
0.15039543
0.15039543
0.15039543
0.15039543
0.15039543
0.15039543
0.15039543
0.15039543
0.15039543
0.15039543
0.15039543
0.15039543
0.15039543
0.15039543
0.15039543
0.15039543
0.15039543
0.15321071
0.15321071
0.15321071
0.15321071
0.15321071
0.15321071
0.15321071
0.15321071
0.15321071
0.15321071
0.15321071
0.15321071
0.15321071
0.15321071
0.15321071
0.15321071
0.15321071
0.15321071
0.15321071
0.15321071
0.15321071
0.15321071
0.15321071
0.15321071
0.15602598
0.15602598
0.15602598
0.15602598
0.15602598
0.15602598
0.15602598
0.15602598
0.15602598
0.15602598
0.15602598
0.15602598
0.15602598
0.15602598
0.15602598
0.15602598
0.15602598
0.15602598
0.15602598
0.15602598
0.15602598
0.15602598
0.15602598
0.15602598
0.15884126
0.15884126
0.15884126
0.15884126
0.15884126
0.15884126
0.15884126
0.15884126
0.15884126
0.15884126
0.15884126
0.15884126
0.15884126
0.15884126
0.15884126
0.15884126
0.15884126
0.15884126
0.15884126
0.15884126
0.15884126
0.15884126
0.15884126
0.15884126
0.16166831
0.16166831
0.16166831
0.16166831
0.16166831
0.16166831
0.16166831
0.16166831
0.16166831
0.16166831
0.16166831
0.16166831
0.16166831
0.16166831
0.16166831
0.16166831
0.16166831
0.16166831
0.16166831
0.16166831
0.16166831
0.16166831
0.16166831
0.16166831
0.16450715
0.16450715
0.16450715
0.16450715
0.16450715
0.16450715
0.16450715
0.16450715
0.16450715
0.16450715
0.16450715
0.16450715
0.16450715
0.16450715
0.16450715
0.16450715
0.16450715
0.16450715
0.16450715
0.16450715
0.16450715
0.16450715
0.16450715
0.16450715
0.16734598
0.16734598
0.16734598
0.16734598
0.16734598
0.16734598
0.16734598
0.16734598
0.16734598
0.16734598
0.16734598
0.16734598
0.16734598
0.16734598
0.16734598
0.16734598
0.16734598
0.16734598
0.16734598
0.16734598
0.16734598
0.16734598
0.16734598
0.16734598
0.17018481
0.17018481
0.17018481
0.17018481
0.17018481
0.17018481
0.17018481
0.17018481
0.17018481
0.17018481
0.17018481
0.17018481
0.17018481
0.17018481
0.17018481
0.17018481
0.17018481
0.17018481
0.17018481
0.17018481
0.17018481
0.17018481
0.17018481
0.17018481
0.17302865
0.17302865
0.17302865
0.17302865
0.17302865
0.17302865
0.17302865
0.17302865
0.17302865
0.17302865
0.17302865
0.17302865
0.17302865
0.17302865
0.17302865
0.17302865
0.17302865
0.17302865
0.17302865
0.17302865
0.17302865
0.17302865
0.17302865
0.17302865
0.1758775
0.1758775
0.1758775
0.1758775
0.1758775
0.1758775
0.1758775
0.1758775
0.1758775
0.1758775
0.1758775
0.1758775
0.1758775
0.1758775
0.1758775
0.1758775
0.1758775
0.1758775
0.1758775
0.1758775
0.1758775
0.1758775
0.1758775
0.1758775
0.17872635
0.17872635
0.17872635
0.17872635
0.17872635
0.17872635
0.17872635
0.17872635
0.17872635
0.17872635
0.17872635
0.17872635
0.17872635
0.17872635
0.17872635
0.17872635
0.17872635
0.17872635
0.17872635
0.17872635
0.17872635
0.17872635
0.17872635
0.17872635
0.1815752
0.1815752
0.1815752
0.1815752
0.1815752
0.1815752
0.1815752
0.1815752
0.1815752
0.1815752
0.1815752
0.1815752
0.1815752
0.1815752
0.1815752
0.1815752
0.1815752
0.1815752
0.1815752
0.1815752
0.1815752
0.1815752
0.1815752
0.1815752
0.18442225
0.18442225
0.18442225
0.18442225
0.18442225
0.18442225
0.18442225
0.18442225
0.18442225
0.18442225
0.18442225
0.18442225
0.18442225
0.18442225
0.18442225
0.18442225
0.18442225
0.18442225
0.18442225
0.18442225
0.18442225
0.18442225
0.18442225
0.18442225
0.18726752
0.18726752
0.18726752
0.18726752
0.18726752
0.18726752
0.18726752
0.18726752
0.18726752
0.18726752
0.18726752
0.18726752
0.18726752
0.18726752
0.18726752
0.18726752
0.18726752
0.18726752
0.18726752
0.18726752
0.18726752
0.18726752
0.18726752
0.18726752
0.19011279
0.19011279
0.19011279
0.19011279
0.19011279
0.19011279
0.19011279
0.19011279
0.19011279
0.19011279
0.19011279
0.19011279
0.19011279
0.19011279
0.19011279
0.19011279
0.19011279
0.19011279
0.19011279
0.19011279
0.19011279
0.19011279
0.19011279
0.19011279
0.19295806
0.19295806
0.19295806
0.19295806
0.19295806
0.19295806
0.19295806
0.19295806
0.19295806
0.19295806
0.19295806
0.19295806
0.19295806
0.19295806
0.19295806
0.19295806
0.19295806
0.19295806
0.19295806
0.19295806
0.19295806
0.19295806
0.19295806
0.19295806
)
;
    }
    blanket_back_wall
    {
        type            calculated;
        value           nonuniform List<scalar> 
2304
(
-0.014941854
-0.014941854
-0.014941854
-0.014941854
-0.014941854
-0.014941854
-0.014941854
-0.014941854
-0.014941854
-0.014941854
-0.014941854
-0.014941854
-0.014941854
-0.014941854
-0.014941854
-0.014941854
-0.014941854
-0.014941854
-0.014941854
-0.014941854
-0.014941854
-0.014941854
-0.014941854
-0.014941854
-0.014825561
-0.014825561
-0.014825561
-0.014825561
-0.014825561
-0.014825561
-0.014825561
-0.014825561
-0.014825561
-0.014825561
-0.014825561
-0.014825561
-0.014825561
-0.014825561
-0.014825561
-0.014825561
-0.014825561
-0.014825561
-0.014825561
-0.014825561
-0.014825561
-0.014825561
-0.014825561
-0.014825561
-0.014709269
-0.014709269
-0.014709269
-0.014709269
-0.014709269
-0.014709269
-0.014709269
-0.014709269
-0.014709269
-0.014709269
-0.014709269
-0.014709269
-0.014709269
-0.014709269
-0.014709269
-0.014709269
-0.014709269
-0.014709269
-0.014709269
-0.014709269
-0.014709269
-0.014709269
-0.014709269
-0.014709269
-0.014592977
-0.014592977
-0.014592977
-0.014592977
-0.014592977
-0.014592977
-0.014592977
-0.014592977
-0.014592977
-0.014592977
-0.014592977
-0.014592977
-0.014592977
-0.014592977
-0.014592977
-0.014592977
-0.014592977
-0.014592977
-0.014592977
-0.014592977
-0.014592977
-0.014592977
-0.014592977
-0.014592977
-0.014360669
-0.014360669
-0.014360669
-0.014360669
-0.014360669
-0.014360669
-0.014360669
-0.014360669
-0.014360669
-0.014360669
-0.014360669
-0.014360669
-0.014360669
-0.014360669
-0.014360669
-0.014360669
-0.014360669
-0.014360669
-0.014360669
-0.014360669
-0.014360669
-0.014360669
-0.014360669
-0.014360669
-0.014012347
-0.014012347
-0.014012347
-0.014012347
-0.014012347
-0.014012347
-0.014012347
-0.014012347
-0.014012347
-0.014012347
-0.014012347
-0.014012347
-0.014012347
-0.014012347
-0.014012347
-0.014012347
-0.014012347
-0.014012347
-0.014012347
-0.014012347
-0.014012347
-0.014012347
-0.014012347
-0.014012347
-0.013664024
-0.013664024
-0.013664024
-0.013664024
-0.013664024
-0.013664024
-0.013664024
-0.013664024
-0.013664024
-0.013664024
-0.013664024
-0.013664024
-0.013664024
-0.013664024
-0.013664024
-0.013664024
-0.013664024
-0.013664024
-0.013664024
-0.013664024
-0.013664024
-0.013664024
-0.013664024
-0.013664024
-0.013315702
-0.013315702
-0.013315702
-0.013315702
-0.013315702
-0.013315702
-0.013315702
-0.013315702
-0.013315702
-0.013315702
-0.013315702
-0.013315702
-0.013315702
-0.013315702
-0.013315702
-0.013315702
-0.013315702
-0.013315702
-0.013315702
-0.013315702
-0.013315702
-0.013315702
-0.013315702
-0.013315702
-0.012852196
-0.012852196
-0.012852196
-0.012852196
-0.012852196
-0.012852196
-0.012852196
-0.012852196
-0.012852196
-0.012852196
-0.012852196
-0.012852196
-0.012852196
-0.012852196
-0.012852196
-0.012852196
-0.012852196
-0.012852196
-0.012852196
-0.012852196
-0.012852196
-0.012852196
-0.012852196
-0.012852196
-0.012273505
-0.012273505
-0.012273505
-0.012273505
-0.012273505
-0.012273505
-0.012273505
-0.012273505
-0.012273505
-0.012273505
-0.012273505
-0.012273505
-0.012273505
-0.012273505
-0.012273505
-0.012273505
-0.012273505
-0.012273505
-0.012273505
-0.012273505
-0.012273505
-0.012273505
-0.012273505
-0.012273505
-0.011694815
-0.011694815
-0.011694815
-0.011694815
-0.011694815
-0.011694815
-0.011694815
-0.011694815
-0.011694815
-0.011694815
-0.011694815
-0.011694815
-0.011694815
-0.011694815
-0.011694815
-0.011694815
-0.011694815
-0.011694815
-0.011694815
-0.011694815
-0.011694815
-0.011694815
-0.011694815
-0.011694815
-0.011116124
-0.011116124
-0.011116124
-0.011116124
-0.011116124
-0.011116124
-0.011116124
-0.011116124
-0.011116124
-0.011116124
-0.011116124
-0.011116124
-0.011116124
-0.011116124
-0.011116124
-0.011116124
-0.011116124
-0.011116124
-0.011116124
-0.011116124
-0.011116124
-0.011116124
-0.011116124
-0.011116124
-0.01042363
-0.01042363
-0.01042363
-0.01042363
-0.01042363
-0.01042363
-0.01042363
-0.01042363
-0.01042363
-0.01042363
-0.01042363
-0.01042363
-0.01042363
-0.01042363
-0.01042363
-0.01042363
-0.01042363
-0.01042363
-0.01042363
-0.01042363
-0.01042363
-0.01042363
-0.01042363
-0.01042363
-0.0096173321
-0.0096173321
-0.0096173321
-0.0096173321
-0.0096173321
-0.0096173321
-0.0096173321
-0.0096173321
-0.0096173321
-0.0096173321
-0.0096173321
-0.0096173321
-0.0096173321
-0.0096173321
-0.0096173321
-0.0096173321
-0.0096173321
-0.0096173321
-0.0096173321
-0.0096173321
-0.0096173321
-0.0096173321
-0.0096173321
-0.0096173321
-0.0088110344
-0.0088110344
-0.0088110344
-0.0088110344
-0.0088110344
-0.0088110344
-0.0088110344
-0.0088110344
-0.0088110344
-0.0088110344
-0.0088110344
-0.0088110344
-0.0088110344
-0.0088110344
-0.0088110344
-0.0088110344
-0.0088110344
-0.0088110344
-0.0088110344
-0.0088110344
-0.0088110344
-0.0088110344
-0.0088110344
-0.0088110344
-0.0080047366
-0.0080047366
-0.0080047366
-0.0080047366
-0.0080047366
-0.0080047366
-0.0080047366
-0.0080047366
-0.0080047366
-0.0080047366
-0.0080047366
-0.0080047366
-0.0080047366
-0.0080047366
-0.0080047366
-0.0080047366
-0.0080047366
-0.0080047366
-0.0080047366
-0.0080047366
-0.0080047366
-0.0080047366
-0.0080047366
-0.0080047366
-0.0070865587
-0.0070865587
-0.0070865587
-0.0070865587
-0.0070865587
-0.0070865587
-0.0070865587
-0.0070865587
-0.0070865587
-0.0070865587
-0.0070865587
-0.0070865587
-0.0070865587
-0.0070865587
-0.0070865587
-0.0070865587
-0.0070865587
-0.0070865587
-0.0070865587
-0.0070865587
-0.0070865587
-0.0070865587
-0.0070865587
-0.0070865587
-0.0060565005
-0.0060565005
-0.0060565005
-0.0060565005
-0.0060565005
-0.0060565005
-0.0060565005
-0.0060565005
-0.0060565005
-0.0060565005
-0.0060565005
-0.0060565005
-0.0060565005
-0.0060565005
-0.0060565005
-0.0060565005
-0.0060565005
-0.0060565005
-0.0060565005
-0.0060565005
-0.0060565005
-0.0060565005
-0.0060565005
-0.0060565005
-0.0050264424
-0.0050264424
-0.0050264424
-0.0050264424
-0.0050264424
-0.0050264424
-0.0050264424
-0.0050264424
-0.0050264424
-0.0050264424
-0.0050264424
-0.0050264424
-0.0050264424
-0.0050264424
-0.0050264424
-0.0050264424
-0.0050264424
-0.0050264424
-0.0050264424
-0.0050264424
-0.0050264424
-0.0050264424
-0.0050264424
-0.0050264424
-0.0039963842
-0.0039963842
-0.0039963842
-0.0039963842
-0.0039963842
-0.0039963842
-0.0039963842
-0.0039963842
-0.0039963842
-0.0039963842
-0.0039963842
-0.0039963842
-0.0039963842
-0.0039963842
-0.0039963842
-0.0039963842
-0.0039963842
-0.0039963842
-0.0039963842
-0.0039963842
-0.0039963842
-0.0039963842
-0.0039963842
-0.0039963842
-0.0028569031
-0.0028569031
-0.0028569031
-0.0028569031
-0.0028569031
-0.0028569031
-0.0028569031
-0.0028569031
-0.0028569031
-0.0028569031
-0.0028569031
-0.0028569031
-0.0028569031
-0.0028569031
-0.0028569031
-0.0028569031
-0.0028569031
-0.0028569031
-0.0028569031
-0.0028569031
-0.0028569031
-0.0028569031
-0.0028569031
-0.0028569031
-0.0016079989
-0.0016079989
-0.0016079989
-0.0016079989
-0.0016079989
-0.0016079989
-0.0016079989
-0.0016079989
-0.0016079989
-0.0016079989
-0.0016079989
-0.0016079989
-0.0016079989
-0.0016079989
-0.0016079989
-0.0016079989
-0.0016079989
-0.0016079989
-0.0016079989
-0.0016079989
-0.0016079989
-0.0016079989
-0.0016079989
-0.0016079989
-0.0003590947
-0.0003590947
-0.0003590947
-0.0003590947
-0.0003590947
-0.0003590947
-0.0003590947
-0.0003590947
-0.0003590947
-0.0003590947
-0.0003590947
-0.0003590947
-0.0003590947
-0.0003590947
-0.0003590947
-0.0003590947
-0.0003590947
-0.0003590947
-0.0003590947
-0.0003590947
-0.0003590947
-0.0003590947
-0.0003590947
-0.0003590947
0.00088980948
0.00088980948
0.00088980948
0.00088980948
0.00088980948
0.00088980948
0.00088980948
0.00088980948
0.00088980948
0.00088980948
0.00088980948
0.00088980948
0.00088980948
0.00088980948
0.00088980948
0.00088980948
0.00088980948
0.00088980948
0.00088980948
0.00088980948
0.00088980948
0.00088980948
0.00088980948
0.00088980948
0.0022451574
0.0022451574
0.0022451574
0.0022451574
0.0022451574
0.0022451574
0.0022451574
0.0022451574
0.0022451574
0.0022451574
0.0022451574
0.0022451574
0.0022451574
0.0022451574
0.0022451574
0.0022451574
0.0022451574
0.0022451574
0.0022451574
0.0022451574
0.0022451574
0.0022451574
0.0022451574
0.0022451574
0.0037069492
0.0037069492
0.0037069492
0.0037069492
0.0037069492
0.0037069492
0.0037069492
0.0037069492
0.0037069492
0.0037069492
0.0037069492
0.0037069492
0.0037069492
0.0037069492
0.0037069492
0.0037069492
0.0037069492
0.0037069492
0.0037069492
0.0037069492
0.0037069492
0.0037069492
0.0037069492
0.0037069492
0.0051687409
0.0051687409
0.0051687409
0.0051687409
0.0051687409
0.0051687409
0.0051687409
0.0051687409
0.0051687409
0.0051687409
0.0051687409
0.0051687409
0.0051687409
0.0051687409
0.0051687409
0.0051687409
0.0051687409
0.0051687409
0.0051687409
0.0051687409
0.0051687409
0.0051687409
0.0051687409
0.0051687409
0.0066305326
0.0066305326
0.0066305326
0.0066305326
0.0066305326
0.0066305326
0.0066305326
0.0066305326
0.0066305326
0.0066305326
0.0066305326
0.0066305326
0.0066305326
0.0066305326
0.0066305326
0.0066305326
0.0066305326
0.0066305326
0.0066305326
0.0066305326
0.0066305326
0.0066305326
0.0066305326
0.0066305326
0.008195281
0.008195281
0.008195281
0.008195281
0.008195281
0.008195281
0.008195281
0.008195281
0.008195281
0.008195281
0.008195281
0.008195281
0.008195281
0.008195281
0.008195281
0.008195281
0.008195281
0.008195281
0.008195281
0.008195281
0.008195281
0.008195281
0.008195281
0.008195281
0.0098629861
0.0098629861
0.0098629861
0.0098629861
0.0098629861
0.0098629861
0.0098629861
0.0098629861
0.0098629861
0.0098629861
0.0098629861
0.0098629861
0.0098629861
0.0098629861
0.0098629861
0.0098629861
0.0098629861
0.0098629861
0.0098629861
0.0098629861
0.0098629861
0.0098629861
0.0098629861
0.0098629861
0.011530691
0.011530691
0.011530691
0.011530691
0.011530691
0.011530691
0.011530691
0.011530691
0.011530691
0.011530691
0.011530691
0.011530691
0.011530691
0.011530691
0.011530691
0.011530691
0.011530691
0.011530691
0.011530691
0.011530691
0.011530691
0.011530691
0.011530691
0.011530691
0.013198396
0.013198396
0.013198396
0.013198396
0.013198396
0.013198396
0.013198396
0.013198396
0.013198396
0.013198396
0.013198396
0.013198396
0.013198396
0.013198396
0.013198396
0.013198396
0.013198396
0.013198396
0.013198396
0.013198396
0.013198396
0.013198396
0.013198396
0.013198396
0.01496508
0.01496508
0.01496508
0.01496508
0.01496508
0.01496508
0.01496508
0.01496508
0.01496508
0.01496508
0.01496508
0.01496508
0.01496508
0.01496508
0.01496508
0.01496508
0.01496508
0.01496508
0.01496508
0.01496508
0.01496508
0.01496508
0.01496508
0.01496508
0.016830742
0.016830742
0.016830742
0.016830742
0.016830742
0.016830742
0.016830742
0.016830742
0.016830742
0.016830742
0.016830742
0.016830742
0.016830742
0.016830742
0.016830742
0.016830742
0.016830742
0.016830742
0.016830742
0.016830742
0.016830742
0.016830742
0.016830742
0.016830742
0.018696404
0.018696404
0.018696404
0.018696404
0.018696404
0.018696404
0.018696404
0.018696404
0.018696404
0.018696404
0.018696404
0.018696404
0.018696404
0.018696404
0.018696404
0.018696404
0.018696404
0.018696404
0.018696404
0.018696404
0.018696404
0.018696404
0.018696404
0.018696404
0.020562066
0.020562066
0.020562066
0.020562066
0.020562066
0.020562066
0.020562066
0.020562066
0.020562066
0.020562066
0.020562066
0.020562066
0.020562066
0.020562066
0.020562066
0.020562066
0.020562066
0.020562066
0.020562066
0.020562066
0.020562066
0.020562066
0.020562066
0.020562066
0.022522255
0.022522255
0.022522255
0.022522255
0.022522255
0.022522255
0.022522255
0.022522255
0.022522255
0.022522255
0.022522255
0.022522255
0.022522255
0.022522255
0.022522255
0.022522255
0.022522255
0.022522255
0.022522255
0.022522255
0.022522255
0.022522255
0.022522255
0.022522255
0.024576973
0.024576973
0.024576973
0.024576973
0.024576973
0.024576973
0.024576973
0.024576973
0.024576973
0.024576973
0.024576973
0.024576973
0.024576973
0.024576973
0.024576973
0.024576973
0.024576973
0.024576973
0.024576973
0.024576973
0.024576973
0.024576973
0.024576973
0.024576973
0.026631691
0.026631691
0.026631691
0.026631691
0.026631691
0.026631691
0.026631691
0.026631691
0.026631691
0.026631691
0.026631691
0.026631691
0.026631691
0.026631691
0.026631691
0.026631691
0.026631691
0.026631691
0.026631691
0.026631691
0.026631691
0.026631691
0.026631691
0.026631691
0.028686408
0.028686408
0.028686408
0.028686408
0.028686408
0.028686408
0.028686408
0.028686408
0.028686408
0.028686408
0.028686408
0.028686408
0.028686408
0.028686408
0.028686408
0.028686408
0.028686408
0.028686408
0.028686408
0.028686408
0.028686408
0.028686408
0.028686408
0.028686408
0.030830753
0.030830753
0.030830753
0.030830753
0.030830753
0.030830753
0.030830753
0.030830753
0.030830753
0.030830753
0.030830753
0.030830753
0.030830753
0.030830753
0.030830753
0.030830753
0.030830753
0.030830753
0.030830753
0.030830753
0.030830753
0.030830753
0.030830753
0.030830753
0.033064723
0.033064723
0.033064723
0.033064723
0.033064723
0.033064723
0.033064723
0.033064723
0.033064723
0.033064723
0.033064723
0.033064723
0.033064723
0.033064723
0.033064723
0.033064723
0.033064723
0.033064723
0.033064723
0.033064723
0.033064723
0.033064723
0.033064723
0.033064723
0.035298694
0.035298693
0.035298694
0.035298694
0.035298694
0.035298694
0.035298693
0.035298694
0.035298694
0.035298694
0.035298693
0.035298694
0.035298693
0.035298693
0.035298694
0.035298694
0.035298694
0.035298693
0.035298694
0.035298694
0.035298694
0.035298694
0.035298693
0.035298693
0.037532664
0.037532664
0.037532664
0.037532664
0.037532664
0.037532664
0.037532664
0.037532664
0.037532664
0.037532664
0.037532664
0.037532664
0.037532664
0.037532664
0.037532664
0.037532664
0.037532664
0.037532664
0.037532664
0.037532664
0.037532664
0.037532664
0.037532664
0.037532664
0.039850932
0.039850932
0.039850932
0.039850932
0.039850932
0.039850932
0.039850932
0.039850932
0.039850932
0.039850932
0.039850932
0.039850932
0.039850932
0.039850932
0.039850932
0.039850932
0.039850932
0.039850932
0.039850932
0.039850932
0.039850932
0.039850932
0.039850932
0.039850932
0.042253497
0.042253497
0.042253497
0.042253497
0.042253497
0.042253497
0.042253497
0.042253497
0.042253497
0.042253497
0.042253497
0.042253497
0.042253497
0.042253497
0.042253497
0.042253497
0.042253497
0.042253497
0.042253497
0.042253497
0.042253497
0.042253497
0.042253497
0.042253497
0.044656062
0.044656062
0.044656062
0.044656062
0.044656062
0.044656062
0.044656062
0.044656062
0.044656062
0.044656062
0.044656062
0.044656062
0.044656062
0.044656062
0.044656062
0.044656062
0.044656062
0.044656062
0.044656062
0.044656062
0.044656062
0.044656062
0.044656062
0.044656062
0.047058627
0.047058627
0.047058627
0.047058627
0.047058627
0.047058627
0.047058627
0.047058627
0.047058627
0.047058627
0.047058627
0.047058627
0.047058627
0.047058627
0.047058627
0.047058627
0.047058627
0.047058627
0.047058627
0.047058627
0.047058627
0.047058627
0.047058627
0.047058627
0.049539758
0.049539758
0.049539758
0.049539758
0.049539758
0.049539758
0.049539758
0.049539758
0.049539758
0.049539758
0.049539758
0.049539758
0.049539758
0.049539758
0.049539758
0.049539758
0.049539758
0.049539758
0.049539758
0.049539758
0.049539758
0.049539758
0.049539758
0.049539758
0.052099455
0.052099455
0.052099455
0.052099455
0.052099455
0.052099455
0.052099455
0.052099455
0.052099455
0.052099455
0.052099455
0.052099455
0.052099455
0.052099455
0.052099455
0.052099455
0.052099455
0.052099455
0.052099455
0.052099455
0.052099455
0.052099455
0.052099455
0.052099455
0.054659152
0.054659152
0.054659152
0.054659152
0.054659152
0.054659152
0.054659152
0.054659152
0.054659152
0.054659152
0.054659152
0.054659152
0.054659152
0.054659152
0.054659152
0.054659152
0.054659152
0.054659152
0.054659152
0.054659152
0.054659152
0.054659152
0.054659152
0.054659152
0.057218849
0.057218849
0.057218849
0.057218849
0.057218849
0.057218849
0.057218849
0.057218849
0.057218849
0.057218849
0.057218849
0.057218849
0.057218849
0.057218849
0.057218849
0.057218849
0.057218849
0.057218849
0.057218849
0.057218849
0.057218849
0.057218849
0.057218849
0.057218849
0.059851006
0.059851006
0.059851006
0.059851006
0.059851006
0.059851006
0.059851006
0.059851006
0.059851006
0.059851006
0.059851006
0.059851006
0.059851006
0.059851006
0.059851006
0.059851006
0.059851006
0.059851006
0.059851006
0.059851006
0.059851006
0.059851006
0.059851006
0.059851006
0.062555623
0.062555623
0.062555623
0.062555623
0.062555623
0.062555623
0.062555623
0.062555623
0.062555623
0.062555623
0.062555623
0.062555623
0.062555623
0.062555623
0.062555623
0.062555623
0.062555623
0.062555623
0.062555623
0.062555623
0.062555623
0.062555623
0.062555623
0.062555623
0.06526024
0.06526024
0.06526024
0.06526024
0.06526024
0.06526024
0.06526024
0.06526024
0.06526024
0.06526024
0.06526024
0.06526024
0.06526024
0.06526024
0.06526024
0.06526024
0.06526024
0.06526024
0.06526024
0.06526024
0.06526024
0.06526024
0.06526024
0.06526024
0.067964857
0.067964857
0.067964857
0.067964857
0.067964857
0.067964857
0.067964857
0.067964857
0.067964857
0.067964857
0.067964857
0.067964857
0.067964857
0.067964857
0.067964857
0.067964857
0.067964857
0.067964857
0.067964857
0.067964857
0.067964857
0.067964857
0.067964857
0.067964857
0.070735482
0.070735482
0.070735482
0.070735482
0.070735482
0.070735482
0.070735482
0.070735482
0.070735482
0.070735482
0.070735482
0.070735482
0.070735482
0.070735482
0.070735482
0.070735482
0.070735482
0.070735482
0.070735482
0.070735482
0.070735482
0.070735482
0.070735482
0.070735482
0.073572115
0.073572115
0.073572115
0.073572115
0.073572115
0.073572115
0.073572115
0.073572115
0.073572115
0.073572115
0.073572115
0.073572115
0.073572115
0.073572115
0.073572115
0.073572115
0.073572115
0.073572115
0.073572115
0.073572115
0.073572115
0.073572115
0.073572115
0.073572115
0.076408748
0.076408748
0.076408748
0.076408748
0.076408748
0.076408748
0.076408748
0.076408748
0.076408748
0.076408748
0.076408748
0.076408748
0.076408748
0.076408748
0.076408748
0.076408748
0.076408748
0.076408748
0.076408748
0.076408748
0.076408748
0.076408748
0.076408748
0.076408748
0.079245381
0.079245381
0.079245381
0.079245381
0.079245381
0.079245381
0.079245381
0.079245381
0.079245381
0.079245381
0.079245381
0.079245381
0.079245381
0.079245381
0.079245381
0.079245381
0.079245381
0.079245381
0.079245381
0.079245381
0.079245381
0.079245381
0.079245381
0.079245381
0.082141255
0.082141255
0.082141255
0.082141255
0.082141255
0.082141255
0.082141255
0.082141255
0.082141255
0.082141255
0.082141255
0.082141255
0.082141255
0.082141255
0.082141255
0.082141255
0.082141255
0.082141255
0.082141255
0.082141255
0.082141255
0.082141255
0.082141255
0.082141255
0.085096371
0.085096371
0.085096371
0.085096371
0.085096371
0.085096371
0.085096371
0.085096371
0.085096371
0.085096371
0.085096371
0.085096371
0.085096371
0.085096371
0.085096371
0.085096371
0.085096371
0.085096371
0.085096371
0.085096371
0.085096371
0.085096371
0.085096371
0.085096371
0.088051486
0.088051486
0.088051486
0.088051486
0.088051486
0.088051486
0.088051486
0.088051486
0.088051486
0.088051486
0.088051486
0.088051486
0.088051486
0.088051486
0.088051486
0.088051486
0.088051486
0.088051486
0.088051486
0.088051486
0.088051486
0.088051486
0.088051486
0.088051486
0.091006602
0.091006602
0.091006602
0.091006602
0.091006602
0.091006602
0.091006602
0.091006602
0.091006602
0.091006602
0.091006602
0.091006602
0.091006602
0.091006602
0.091006602
0.091006602
0.091006602
0.091006602
0.091006602
0.091006602
0.091006602
0.091006602
0.091006602
0.091006602
0.09401391
0.09401391
0.09401391
0.09401391
0.09401391
0.09401391
0.09401391
0.09401391
0.09401391
0.09401391
0.09401391
0.09401391
0.09401391
0.09401391
0.09401391
0.09401391
0.09401391
0.09401391
0.09401391
0.09401391
0.09401391
0.09401391
0.09401391
0.09401391
0.097073409
0.097073409
0.097073409
0.097073409
0.097073409
0.097073409
0.097073409
0.097073409
0.097073409
0.097073409
0.097073409
0.097073409
0.097073409
0.097073409
0.097073409
0.097073409
0.097073409
0.097073409
0.097073409
0.097073409
0.097073409
0.097073409
0.097073409
0.097073409
0.10013291
0.10013291
0.10013291
0.10013291
0.10013291
0.10013291
0.10013291
0.10013291
0.10013291
0.10013291
0.10013291
0.10013291
0.10013291
0.10013291
0.10013291
0.10013291
0.10013291
0.10013291
0.10013291
0.10013291
0.10013291
0.10013291
0.10013291
0.10013291
0.10319241
0.10319241
0.10319241
0.10319241
0.10319241
0.10319241
0.10319241
0.10319241
0.10319241
0.10319241
0.10319241
0.10319241
0.10319241
0.10319241
0.10319241
0.10319241
0.10319241
0.10319241
0.10319241
0.10319241
0.10319241
0.10319241
0.10319241
0.10319241
0.1062968
0.1062968
0.1062968
0.1062968
0.1062968
0.1062968
0.1062968
0.1062968
0.1062968
0.1062968
0.1062968
0.1062968
0.1062968
0.1062968
0.1062968
0.1062968
0.1062968
0.1062968
0.1062968
0.1062968
0.1062968
0.1062968
0.1062968
0.1062968
0.10944609
0.10944609
0.10944609
0.10944609
0.10944609
0.10944609
0.10944609
0.10944609
0.10944609
0.10944609
0.10944609
0.10944609
0.10944609
0.10944609
0.10944609
0.10944609
0.10944609
0.10944609
0.10944609
0.10944609
0.10944609
0.10944609
0.10944609
0.10944609
0.11259537
0.11259537
0.11259537
0.11259537
0.11259537
0.11259537
0.11259537
0.11259537
0.11259537
0.11259537
0.11259537
0.11259537
0.11259537
0.11259537
0.11259537
0.11259537
0.11259537
0.11259537
0.11259537
0.11259537
0.11259537
0.11259537
0.11259537
0.11259537
0.11574466
0.11574466
0.11574466
0.11574466
0.11574466
0.11574466
0.11574466
0.11574466
0.11574466
0.11574466
0.11574466
0.11574466
0.11574466
0.11574466
0.11574466
0.11574466
0.11574466
0.11574466
0.11574466
0.11574466
0.11574466
0.11574466
0.11574466
0.11574466
0.11893133
0.11893133
0.11893133
0.11893133
0.11893133
0.11893133
0.11893133
0.11893133
0.11893133
0.11893133
0.11893133
0.11893133
0.11893133
0.11893133
0.11893133
0.11893133
0.11893133
0.11893133
0.11893133
0.11893133
0.11893133
0.11893133
0.11893133
0.11893133
0.12215538
0.12215538
0.12215538
0.12215538
0.12215538
0.12215538
0.12215538
0.12215538
0.12215538
0.12215538
0.12215538
0.12215538
0.12215538
0.12215538
0.12215538
0.12215538
0.12215538
0.12215538
0.12215538
0.12215538
0.12215538
0.12215538
0.12215538
0.12215538
0.12537943
0.12537943
0.12537943
0.12537943
0.12537943
0.12537943
0.12537943
0.12537943
0.12537943
0.12537943
0.12537943
0.12537943
0.12537943
0.12537943
0.12537943
0.12537943
0.12537943
0.12537943
0.12537943
0.12537943
0.12537943
0.12537943
0.12537943
0.12537943
0.12860347
0.12860347
0.12860347
0.12860347
0.12860347
0.12860347
0.12860347
0.12860347
0.12860347
0.12860347
0.12860347
0.12860347
0.12860347
0.12860347
0.12860347
0.12860347
0.12860347
0.12860347
0.12860347
0.12860347
0.12860347
0.12860347
0.12860347
0.12860347
0.13185721
0.13185721
0.13185721
0.13185721
0.13185721
0.13185721
0.13185721
0.13185721
0.13185721
0.13185721
0.13185721
0.13185721
0.13185721
0.13185721
0.13185721
0.13185721
0.13185721
0.13185721
0.13185721
0.13185721
0.13185721
0.13185721
0.13185721
0.13185721
0.13514064
0.13514064
0.13514064
0.13514064
0.13514064
0.13514064
0.13514064
0.13514064
0.13514064
0.13514064
0.13514064
0.13514064
0.13514064
0.13514064
0.13514064
0.13514064
0.13514064
0.13514064
0.13514064
0.13514064
0.13514064
0.13514064
0.13514064
0.13514064
0.13842407
0.13842407
0.13842407
0.13842407
0.13842407
0.13842407
0.13842407
0.13842407
0.13842407
0.13842407
0.13842407
0.13842407
0.13842407
0.13842407
0.13842407
0.13842407
0.13842407
0.13842407
0.13842407
0.13842407
0.13842407
0.13842407
0.13842407
0.13842407
0.1417075
0.1417075
0.1417075
0.1417075
0.1417075
0.1417075
0.1417075
0.1417075
0.1417075
0.1417075
0.1417075
0.1417075
0.1417075
0.1417075
0.1417075
0.1417075
0.1417075
0.1417075
0.1417075
0.1417075
0.1417075
0.1417075
0.1417075
0.1417075
0.14501278
0.14501278
0.14501278
0.14501278
0.14501278
0.14501278
0.14501278
0.14501278
0.14501278
0.14501278
0.14501278
0.14501278
0.14501278
0.14501278
0.14501278
0.14501278
0.14501278
0.14501278
0.14501278
0.14501278
0.14501278
0.14501278
0.14501278
0.14501278
0.14833993
0.14833993
0.14833993
0.14833993
0.14833993
0.14833993
0.14833993
0.14833993
0.14833993
0.14833993
0.14833993
0.14833993
0.14833993
0.14833993
0.14833993
0.14833993
0.14833993
0.14833993
0.14833993
0.14833993
0.14833993
0.14833993
0.14833993
0.14833993
0.15166707
0.15166707
0.15166707
0.15166707
0.15166707
0.15166707
0.15166707
0.15166707
0.15166707
0.15166707
0.15166707
0.15166707
0.15166707
0.15166707
0.15166707
0.15166707
0.15166707
0.15166707
0.15166707
0.15166707
0.15166707
0.15166707
0.15166707
0.15166707
0.15499422
0.15499422
0.15499422
0.15499422
0.15499422
0.15499422
0.15499422
0.15499422
0.15499422
0.15499422
0.15499422
0.15499422
0.15499422
0.15499422
0.15499422
0.15499422
0.15499422
0.15499422
0.15499422
0.15499422
0.15499422
0.15499422
0.15499422
0.15499422
0.15833528
0.15833528
0.15833528
0.15833528
0.15833528
0.15833528
0.15833528
0.15833528
0.15833528
0.15833528
0.15833528
0.15833528
0.15833528
0.15833528
0.15833528
0.15833528
0.15833528
0.15833528
0.15833528
0.15833528
0.15833528
0.15833528
0.15833528
0.15833528
0.16169026
0.16169026
0.16169026
0.16169026
0.16169026
0.16169026
0.16169026
0.16169026
0.16169026
0.16169026
0.16169026
0.16169026
0.16169026
0.16169026
0.16169026
0.16169026
0.16169026
0.16169026
0.16169026
0.16169026
0.16169026
0.16169026
0.16169026
0.16169026
0.16504525
0.16504525
0.16504525
0.16504525
0.16504525
0.16504525
0.16504525
0.16504525
0.16504525
0.16504525
0.16504525
0.16504525
0.16504525
0.16504525
0.16504525
0.16504525
0.16504525
0.16504525
0.16504525
0.16504525
0.16504525
0.16504525
0.16504525
0.16504525
0.16840023
0.16840023
0.16840023
0.16840023
0.16840023
0.16840023
0.16840023
0.16840023
0.16840023
0.16840023
0.16840023
0.16840023
0.16840023
0.16840023
0.16840023
0.16840023
0.16840023
0.16840023
0.16840023
0.16840023
0.16840023
0.16840023
0.16840023
0.16840023
0.17176114
0.17176114
0.17176114
0.17176114
0.17176114
0.17176114
0.17176114
0.17176114
0.17176114
0.17176114
0.17176114
0.17176114
0.17176114
0.17176114
0.17176114
0.17176114
0.17176114
0.17176114
0.17176114
0.17176114
0.17176114
0.17176114
0.17176114
0.17176114
0.17512796
0.17512796
0.17512796
0.17512796
0.17512796
0.17512796
0.17512796
0.17512796
0.17512796
0.17512796
0.17512796
0.17512796
0.17512796
0.17512796
0.17512796
0.17512796
0.17512796
0.17512796
0.17512796
0.17512796
0.17512796
0.17512796
0.17512796
0.17512796
0.17849478
0.17849478
0.17849478
0.17849478
0.17849478
0.17849478
0.17849478
0.17849478
0.17849478
0.17849478
0.17849478
0.17849478
0.17849478
0.17849478
0.17849478
0.17849478
0.17849478
0.17849478
0.17849478
0.17849478
0.17849478
0.17849478
0.17849478
0.17849478
0.18186159
0.18186159
0.18186159
0.18186159
0.18186159
0.18186159
0.18186159
0.18186159
0.18186159
0.18186159
0.18186159
0.18186159
0.18186159
0.18186159
0.18186159
0.18186159
0.18186159
0.18186159
0.18186159
0.18186159
0.18186159
0.18186159
0.18186159
0.18186159
0.1852263
0.1852263
0.1852263
0.1852263
0.1852263
0.1852263
0.1852263
0.1852263
0.1852263
0.1852263
0.1852263
0.1852263
0.1852263
0.1852263
0.1852263
0.1852263
0.1852263
0.1852263
0.1852263
0.1852263
0.1852263
0.1852263
0.1852263
0.1852263
0.18858889
0.18858889
0.18858889
0.18858889
0.18858889
0.18858889
0.18858889
0.18858889
0.18858889
0.18858889
0.18858889
0.18858889
0.18858889
0.18858889
0.18858889
0.18858889
0.18858889
0.18858889
0.18858889
0.18858889
0.18858889
0.18858889
0.18858889
0.18858889
0.19195148
0.19195148
0.19195148
0.19195148
0.19195148
0.19195148
0.19195148
0.19195148
0.19195148
0.19195148
0.19195148
0.19195148
0.19195148
0.19195148
0.19195148
0.19195148
0.19195148
0.19195148
0.19195148
0.19195148
0.19195148
0.19195148
0.19195148
0.19195148
0.19531407
0.19531407
0.19531407
0.19531407
0.19531407
0.19531407
0.19531407
0.19531407
0.19531407
0.19531407
0.19531407
0.19531407
0.19531407
0.19531407
0.19531407
0.19531407
0.19531407
0.19531407
0.19531407
0.19531407
0.19531407
0.19531407
0.19531407
0.19531407
)
;
    }
    side_walls
    {
        type            calculated;
        value           nonuniform List<scalar> 
4608
(
-0.014317686
-0.013068063
-0.011818439
-0.010568816
-0.0093191927
-0.0080695695
-0.0068199463
-0.0055703232
-0.0043207002
-0.0030710772
-0.0018214542
-0.00057183129
0.00067779156
0.0019274144
0.0031770371
0.0044266598
0.0056762824
0.006925905
0.0081755275
0.00942515
0.010674772
0.011924395
0.013174017
0.014423639
-0.014201766
-0.012952888
-0.01170401
-0.010455132
-0.0092062544
-0.0079573767
-0.006708499
-0.0054596213
-0.0042107437
-0.0029618662
-0.0017129887
-0.00046411122
0.00078476617
0.0020336435
0.0032825208
0.004531398
0.0057802752
0.0070291523
0.0082780294
0.0095269064
0.010775783
0.01202466
0.013273537
0.014522414
-0.014085846
-0.012837713
-0.011589581
-0.010341448
-0.0090933161
-0.0078451838
-0.0065970516
-0.0053489194
-0.0041007872
-0.0028526552
-0.0016045231
-0.00035639113
0.0008917408
0.0021398727
0.0033880045
0.0046361363
0.005884268
0.0071323996
0.0083805312
0.0096286628
0.010876794
0.012124926
0.013373057
0.014621188
-0.013969926
-0.012722539
-0.011475152
-0.010227765
-0.0089803778
-0.0077329909
-0.0064856042
-0.0052382174
-0.0039908308
-0.0027434441
-0.0014960575
-0.00024867102
0.00099871545
0.0022461019
0.0034934882
0.0047408745
0.0059882608
0.007235647
0.0084830331
0.0097304192
0.010977805
0.012225191
0.013472577
0.014719963
-0.014317686
-0.013068063
-0.011818439
-0.010568816
-0.0093191927
-0.0080695695
-0.0068199463
-0.0055703232
-0.0043207002
-0.0030710772
-0.0018214542
-0.00057183129
0.00067779156
0.0019274144
0.0031770371
0.0044266598
0.0056762824
0.006925905
0.0081755275
0.00942515
0.010674772
0.011924395
0.013174017
0.014423639
-0.014201766
-0.012952888
-0.01170401
-0.010455132
-0.0092062544
-0.0079573767
-0.006708499
-0.0054596213
-0.0042107437
-0.0029618662
-0.0017129887
-0.00046411122
0.00078476617
0.0020336435
0.0032825208
0.004531398
0.0057802752
0.0070291523
0.0082780294
0.0095269064
0.010775783
0.01202466
0.013273537
0.014522414
-0.014085846
-0.012837713
-0.011589581
-0.010341448
-0.0090933161
-0.0078451838
-0.0065970516
-0.0053489194
-0.0041007872
-0.0028526552
-0.0016045231
-0.00035639113
0.0008917408
0.0021398727
0.0033880045
0.0046361363
0.005884268
0.0071323996
0.0083805312
0.0096286628
0.010876794
0.012124926
0.013373057
0.014621188
-0.013969926
-0.012722539
-0.011475152
-0.010227765
-0.0089803778
-0.0077329909
-0.0064856042
-0.0052382174
-0.0039908308
-0.0027434441
-0.0014960575
-0.00024867102
0.00099871545
0.0022461019
0.0034934882
0.0047408745
0.0059882608
0.007235647
0.0084830331
0.0097304192
0.010977805
0.012225191
0.013472577
0.014719963
-0.013738366
-0.012492468
-0.01124657
-0.010000672
-0.0087547746
-0.007508877
-0.0062629794
-0.0050170819
-0.0037711845
-0.0025252871
-0.0012793897
-3.3492399e-05
0.0012124048
0.002458302
0.0037041992
0.0049500963
0.0061959933
0.0074418902
0.0086877871
0.009933684
0.011179581
0.012425477
0.013671374
0.014917271
-0.013391158
-0.012147493
-0.010903828
-0.0096601634
-0.0084164985
-0.0071728338
-0.005929169
-0.0046855043
-0.0034418397
-0.0021981751
-0.00095451059
0.00028915388
0.0015328183
0.0027764827
0.004020147
0.0052638112
0.0065074754
0.0077511396
0.0089948036
0.010238468
0.011482132
0.012725795
0.013969459
0.015213123
-0.013043951
-0.011802519
-0.010561087
-0.0093196545
-0.0080782225
-0.0068367905
-0.0055953586
-0.0043539267
-0.0031124949
-0.0018710632
-0.00062963147
0.00061180018
0.0018532318
0.0030946633
0.0043360948
0.0055775262
0.0068189576
0.0080603889
0.0093018202
0.010543251
0.011784682
0.013026114
0.014267545
0.015508975
-0.012696743
-0.011457544
-0.010218345
-0.0089791455
-0.0077399464
-0.0065007472
-0.0052615482
-0.0040223491
-0.0027831501
-0.0015439512
-0.00030475233
0.0009344465
0.0021736453
0.003412844
0.0046520426
0.0058912412
0.0071304398
0.0083696383
0.0096088367
0.010848035
0.012087233
0.013326432
0.01456563
0.015804828
-0.013738366
-0.012492468
-0.01124657
-0.010000672
-0.0087547746
-0.007508877
-0.0062629794
-0.0050170819
-0.0037711845
-0.0025252871
-0.0012793897
-3.3492399e-05
0.0012124048
0.002458302
0.0037041992
0.0049500963
0.0061959933
0.0074418902
0.0086877871
0.009933684
0.011179581
0.012425477
0.013671374
0.014917271
-0.013391158
-0.012147493
-0.010903828
-0.0096601634
-0.0084164985
-0.0071728338
-0.005929169
-0.0046855043
-0.0034418397
-0.0021981751
-0.00095451059
0.00028915388
0.0015328183
0.0027764827
0.004020147
0.0052638112
0.0065074754
0.0077511396
0.0089948036
0.010238468
0.011482132
0.012725795
0.013969459
0.015213123
-0.013043951
-0.011802519
-0.010561087
-0.0093196545
-0.0080782225
-0.0068367905
-0.0055953586
-0.0043539267
-0.0031124949
-0.0018710632
-0.00062963147
0.00061180018
0.0018532318
0.0030946633
0.0043360948
0.0055775262
0.0068189576
0.0080603889
0.0093018202
0.010543251
0.011784682
0.013026114
0.014267545
0.015508975
-0.012696743
-0.011457544
-0.010218345
-0.0089791455
-0.0077399464
-0.0065007472
-0.0052615482
-0.0040223491
-0.0027831501
-0.0015439512
-0.00030475233
0.0009344465
0.0021736453
0.003412844
0.0046520426
0.0058912412
0.0071304398
0.0083696383
0.0096088367
0.010848035
0.012087233
0.013326432
0.01456563
0.015804828
-0.012234727
-0.010998499
-0.0097622712
-0.0085260433
-0.0072898154
-0.0060535875
-0.0048173598
-0.003581132
-0.0023449044
-0.0011086767
0.00012755081
0.0013637783
0.0026000058
0.0038362332
0.0050724605
0.0063086877
0.007544915
0.0087811421
0.010017369
0.011253596
0.012489823
0.01372605
0.014962277
0.016198504
-0.011657889
-0.010425371
-0.0091928522
-0.0079603339
-0.0067278155
-0.0054952972
-0.004262779
-0.0030302608
-0.0017977427
-0.0005652246
0.00066729343
0.0018998114
0.0031323293
0.0043648471
0.0055973649
0.0068298827
0.0080624003
0.0092949179
0.010527435
0.011759953
0.01299247
0.014224988
0.015457505
0.016690022
-0.011081051
-0.0098522422
-0.0086234333
-0.0073946245
-0.0061658157
-0.0049370069
-0.0037081982
-0.0024793896
-0.001250581
-2.1772432e-05
0.0012070361
0.0024358445
0.0036646528
0.0048934612
0.0061222694
0.0073510776
0.0085798857
0.0098086938
0.011037502
0.01226631
0.013495118
0.014723925
0.015952733
0.017181541
-0.010504213
-0.0092791137
-0.0080540144
-0.006828915
-0.0056038158
-0.0043787166
-0.0031536174
-0.0019285183
-0.00070341926
0.00052167974
0.0017467787
0.0029718776
0.0041969764
0.0054220752
0.0066471739
0.0078722725
0.0090973711
0.01032247
0.011547568
0.012772667
0.013997765
0.015222863
0.016447961
0.017673059
-0.012234727
-0.010998499
-0.0097622712
-0.0085260433
-0.0072898154
-0.0060535875
-0.0048173598
-0.003581132
-0.0023449044
-0.0011086767
0.00012755081
0.0013637783
0.0026000058
0.0038362332
0.0050724605
0.0063086877
0.007544915
0.0087811421
0.010017369
0.011253596
0.012489823
0.01372605
0.014962277
0.016198504
-0.011657889
-0.010425371
-0.0091928522
-0.0079603339
-0.0067278155
-0.0054952972
-0.004262779
-0.0030302608
-0.0017977427
-0.0005652246
0.00066729343
0.0018998114
0.0031323293
0.0043648471
0.0055973649
0.0068298827
0.0080624003
0.0092949179
0.010527435
0.011759953
0.01299247
0.014224988
0.015457505
0.016690022
-0.011081051
-0.0098522422
-0.0086234333
-0.0073946245
-0.0061658157
-0.0049370069
-0.0037081982
-0.0024793896
-0.001250581
-2.1772432e-05
0.0012070361
0.0024358445
0.0036646528
0.0048934612
0.0061222694
0.0073510776
0.0085798857
0.0098086938
0.011037502
0.01226631
0.013495118
0.014723925
0.015952733
0.017181541
-0.010504213
-0.0092791137
-0.0080540144
-0.006828915
-0.0056038158
-0.0043787166
-0.0031536174
-0.0019285183
-0.00070341926
0.00052167974
0.0017467787
0.0029718776
0.0041969764
0.0054220752
0.0066471739
0.0078722725
0.0090973711
0.01032247
0.011547568
0.012772667
0.013997765
0.015222863
0.016447961
0.017673059
-0.0098139433
-0.008593283
-0.0073726229
-0.0061519627
-0.0049313027
-0.0037106426
-0.0024899827
-0.0012693227
-4.8662892e-05
0.0011719969
0.0023926566
0.0036133163
0.0048339759
0.0060546355
0.007275295
0.0084959544
0.0097166138
0.010937273
0.012157932
0.013378591
0.014599251
0.01581991
0.017040569
0.018261227
-0.0090102268
-0.0077947351
-0.0065792435
-0.0053637519
-0.0041482604
-0.0029327689
-0.0017172775
-0.00050178617
0.00071370513
0.0019291964
0.0031446876
0.0043601787
0.0055756698
0.0067911608
0.0080066517
0.0092221426
0.010437633
0.011653124
0.012868615
0.014084105
0.015299596
0.016515086
0.017730577
0.018946067
-0.0082065103
-0.0069961872
-0.0057858642
-0.0045755411
-0.0033652182
-0.0021548953
-0.0009445724
0.00026575041
0.0014760732
0.0026863958
0.0038967185
0.005107041
0.0063173636
0.007527686
0.0087380084
0.0099483307
0.011158653
0.012368975
0.013579297
0.014789619
0.015999941
0.017210263
0.018420585
0.019630907
-0.0074027939
-0.0061976393
-0.0049924848
-0.0037873303
-0.0025821759
-0.0013770216
-0.00017186726
0.001033287
0.0022384412
0.0034435953
0.0046487494
0.0058539034
0.0070590574
0.0082642113
0.0094693651
0.010674519
0.011879673
0.013084826
0.01428998
0.015495133
0.016700287
0.01790544
0.019110593
0.020315747
-0.0098139433
-0.008593283
-0.0073726229
-0.0061519627
-0.0049313027
-0.0037106426
-0.0024899827
-0.0012693227
-4.8662892e-05
0.0011719969
0.0023926566
0.0036133163
0.0048339759
0.0060546355
0.007275295
0.0084959544
0.0097166138
0.010937273
0.012157932
0.013378591
0.014599251
0.01581991
0.017040569
0.018261227
-0.0090102268
-0.0077947351
-0.0065792435
-0.0053637519
-0.0041482604
-0.0029327689
-0.0017172775
-0.00050178617
0.00071370513
0.0019291964
0.0031446876
0.0043601787
0.0055756698
0.0067911608
0.0080066517
0.0092221426
0.010437633
0.011653124
0.012868615
0.014084105
0.015299596
0.016515086
0.017730577
0.018946067
-0.0082065103
-0.0069961872
-0.0057858642
-0.0045755411
-0.0033652182
-0.0021548953
-0.0009445724
0.00026575041
0.0014760732
0.0026863958
0.0038967185
0.005107041
0.0063173636
0.007527686
0.0087380084
0.0099483307
0.011158653
0.012368975
0.013579297
0.014789619
0.015999941
0.017210263
0.018420585
0.019630907
-0.0074027939
-0.0061976393
-0.0049924848
-0.0037873303
-0.0025821759
-0.0013770216
-0.00017186726
0.001033287
0.0022384412
0.0034435953
0.0046487494
0.0058539034
0.0070590574
0.0082642113
0.0094693651
0.010674519
0.011879673
0.013084826
0.01428998
0.015495133
0.016700287
0.01790544
0.019110593
0.020315747
-0.0064875617
-0.0052882929
-0.0040890243
-0.0028897557
-0.0016904871
-0.00049121859
0.00070804986
0.0019073182
0.0031065866
0.0043058548
0.0055051231
0.0067043912
0.0079036593
0.0091029273
0.010302195
0.011501463
0.012700731
0.013899999
0.015099266
0.016298534
0.017497801
0.018697069
0.019896336
0.021095604
-0.0054608013
-0.0042681355
-0.0030754698
-0.0018828041
-0.0006901384
0.00050252719
0.0016951927
0.0028878582
0.0040805236
0.005273189
0.0064658543
0.0076585195
0.0088511847
0.01004385
0.011236515
0.01242918
0.013621845
0.01481451
0.016007174
0.017199839
0.018392504
0.019585168
0.020777833
0.021970497
-0.004434041
-0.0032479781
-0.0020619152
-0.00087585244
0.00031021029
0.001496273
0.0026823356
0.0038683982
0.0050544607
0.0062405231
0.0074265855
0.0086126478
0.0097987101
0.010984772
0.012170834
0.013356896
0.014542958
0.01572902
0.016915082
0.018101144
0.019287206
0.020473267
0.021659329
0.02284539
-0.0034072806
-0.0022278206
-0.0010483607
0.00013109916
0.001310559
0.0024900188
0.0036694785
0.0048489381
0.0060283977
0.0072078573
0.0083873167
0.0095667761
0.010746236
0.011925695
0.013105154
0.014284613
0.015464072
0.016643531
0.01782299
0.019002449
0.020181908
0.021361367
0.022540825
0.023720284
-0.0064875617
-0.0052882929
-0.0040890243
-0.0028897557
-0.0016904871
-0.00049121859
0.00070804986
0.0019073182
0.0031065866
0.0043058548
0.0055051231
0.0067043912
0.0079036593
0.0091029273
0.010302195
0.011501463
0.012700731
0.013899999
0.015099266
0.016298534
0.017497801
0.018697069
0.019896336
0.021095604
-0.0054608013
-0.0042681355
-0.0030754698
-0.0018828041
-0.0006901384
0.00050252719
0.0016951927
0.0028878582
0.0040805236
0.005273189
0.0064658543
0.0076585195
0.0088511847
0.01004385
0.011236515
0.01242918
0.013621845
0.01481451
0.016007174
0.017199839
0.018392504
0.019585168
0.020777833
0.021970497
-0.004434041
-0.0032479781
-0.0020619152
-0.00087585244
0.00031021029
0.001496273
0.0026823356
0.0038683982
0.0050544607
0.0062405231
0.0074265855
0.0086126478
0.0097987101
0.010984772
0.012170834
0.013356896
0.014542958
0.01572902
0.016915082
0.018101144
0.019287206
0.020473267
0.021659329
0.02284539
-0.0034072806
-0.0022278206
-0.0010483607
0.00013109916
0.001310559
0.0024900188
0.0036694785
0.0048489381
0.0060283977
0.0072078573
0.0083873167
0.0095667761
0.010746236
0.011925695
0.013105154
0.014284613
0.015464072
0.016643531
0.01782299
0.019002449
0.020181908
0.021361367
0.022540825
0.023720284
-0.002271451
-0.0010992955
7.2860062e-05
0.0012450155
0.0024171709
0.0035893263
0.0047614816
0.0059336369
0.007105792
0.0082779472
0.0094501022
0.010622257
0.011794412
0.012966567
0.014138722
0.015310877
0.016483031
0.017655186
0.01882734
0.019999495
0.021171649
0.022343803
0.023515958
0.024688112
-0.0010265454
0.00013760436
0.0013017541
0.0024659038
0.0036300535
0.0047942031
0.0059583526
0.0071225021
0.0082866515
0.0094508009
0.01061495
0.011779099
0.012943249
0.014107398
0.015271547
0.016435696
0.017599845
0.018763993
0.019928142
0.021092291
0.022256439
0.023420588
0.024584736
0.025748885
0.00021836014
0.0013745042
0.0025306482
0.0036867921
0.004842936
0.0059990798
0.0071552236
0.0083113673
0.009467511
0.010623655
0.011779798
0.012935942
0.014092085
0.015248228
0.016404372
0.017560515
0.018716658
0.019872801
0.021028944
0.022185087
0.02334123
0.024497373
0.025653515
0.026809658
0.0014632657
0.002611404
0.0037595422
0.0049076804
0.0060558185
0.0072039566
0.0083520946
0.0095002325
0.01064837
0.011796508
0.012944646
0.014092784
0.015240921
0.016389059
0.017537196
0.018685334
0.019833471
0.020981609
0.022129746
0.023277883
0.02442602
0.025574157
0.026722294
0.027870431
-0.002271451
-0.0010992955
7.2860062e-05
0.0012450155
0.0024171709
0.0035893263
0.0047614816
0.0059336369
0.007105792
0.0082779472
0.0094501022
0.010622257
0.011794412
0.012966567
0.014138722
0.015310877
0.016483031
0.017655186
0.01882734
0.019999495
0.021171649
0.022343803
0.023515958
0.024688112
-0.0010265454
0.00013760436
0.0013017541
0.0024659038
0.0036300535
0.0047942031
0.0059583526
0.0071225021
0.0082866515
0.0094508009
0.01061495
0.011779099
0.012943249
0.014107398
0.015271547
0.016435696
0.017599845
0.018763993
0.019928142
0.021092291
0.022256439
0.023420588
0.024584736
0.025748885
0.00021836014
0.0013745042
0.0025306482
0.0036867921
0.004842936
0.0059990798
0.0071552236
0.0083113673
0.009467511
0.010623655
0.011779798
0.012935942
0.014092085
0.015248228
0.016404372
0.017560515
0.018716658
0.019872801
0.021028944
0.022185087
0.02334123
0.024497373
0.025653515
0.026809658
0.0014632657
0.002611404
0.0037595422
0.0049076804
0.0060558185
0.0072039566
0.0083520946
0.0095002325
0.01064837
0.011796508
0.012944646
0.014092784
0.015240921
0.016389059
0.017537196
0.018685334
0.019833471
0.020981609
0.022129746
0.023277883
0.02442602
0.025574157
0.026722294
0.027870431
0.0028142742
0.0039537244
0.0050931745
0.0062326246
0.0073720746
0.0085115246
0.0096509745
0.010790424
0.011929874
0.013069324
0.014208774
0.015348223
0.016487673
0.017627122
0.018766572
0.019906021
0.02104547
0.022184919
0.023324369
0.024463818
0.025603267
0.026742716
0.027882164
0.029021613
0.0042713857
0.0054014655
0.0065315452
0.0076616248
0.0087917044
0.009921784
0.011051863
0.012181943
0.013312022
0.014442102
0.015572181
0.01670226
0.017832339
0.018962418
0.020092497
0.021222576
0.022352655
0.023482734
0.024612813
0.025742891
0.02687297
0.028003048
0.029133127
0.030263205
0.0057284973
0.0068492066
0.0079699159
0.0090906251
0.010211334
0.011332043
0.012452752
0.013573461
0.01469417
0.015814879
0.016935588
0.018056297
0.019177006
0.020297714
0.021418423
0.022539131
0.02365984
0.024780548
0.025901256
0.027021965
0.028142673
0.029263381
0.030384089
0.031504797
0.0071856088
0.0082969477
0.0094082866
0.010519625
0.011630964
0.012742303
0.013853641
0.01496498
0.016076319
0.017187657
0.018298995
0.019410334
0.020521672
0.02163301
0.022744348
0.023855686
0.024967024
0.026078362
0.0271897
0.028301038
0.029412376
0.030523714
0.031635051
0.032746389
0.0028142742
0.0039537244
0.0050931745
0.0062326246
0.0073720746
0.0085115246
0.0096509745
0.010790424
0.011929874
0.013069324
0.014208774
0.015348223
0.016487673
0.017627122
0.018766572
0.019906021
0.02104547
0.022184919
0.023324369
0.024463818
0.025603267
0.026742716
0.027882164
0.029021613
0.0042713857
0.0054014655
0.0065315452
0.0076616248
0.0087917044
0.009921784
0.011051863
0.012181943
0.013312022
0.014442102
0.015572181
0.01670226
0.017832339
0.018962418
0.020092497
0.021222576
0.022352655
0.023482734
0.024612813
0.025742891
0.02687297
0.028003048
0.029133127
0.030263205
0.0057284973
0.0068492066
0.0079699159
0.0090906251
0.010211334
0.011332043
0.012452752
0.013573461
0.01469417
0.015814879
0.016935588
0.018056297
0.019177006
0.020297714
0.021418423
0.022539131
0.02365984
0.024780548
0.025901256
0.027021965
0.028142673
0.029263381
0.030384089
0.031504797
0.0071856088
0.0082969477
0.0094082866
0.010519625
0.011630964
0.012742303
0.013853641
0.01496498
0.016076319
0.017187657
0.018298995
0.019410334
0.020521672
0.02163301
0.022744348
0.023855686
0.024967024
0.026078362
0.0271897
0.028301038
0.029412376
0.030523714
0.031635051
0.032746389
0.0087453499
0.0098466584
0.010947967
0.012049275
0.013150584
0.014251892
0.0153532
0.016454509
0.017555817
0.018657125
0.019758433
0.020859741
0.021961049
0.023062357
0.024163665
0.025264973
0.02636628
0.027467588
0.028568895
0.029670203
0.03077151
0.031872818
0.032974125
0.034075432
0.010407716
0.011498334
0.012588952
0.01367957
0.014770188
0.015860806
0.016951424
0.018042042
0.01913266
0.020223277
0.021313895
0.022404513
0.02349513
0.024585748
0.025676365
0.026766983
0.0278576
0.028948217
0.030038835
0.031129452
0.032220069
0.033310686
0.034401303
0.03549192
0.012070082
0.013150009
0.014229937
0.015309865
0.016389792
0.01746972
0.018549647
0.019629575
0.020709502
0.02178943
0.022869357
0.023949284
0.025029212
0.026109139
0.027189066
0.028268993
0.02934892
0.030428847
0.031508774
0.0325887
0.033668627
0.034748554
0.03582848
0.036908407
0.013732447
0.014801685
0.015870922
0.016940159
0.018009397
0.019078634
0.020147871
0.021217108
0.022286345
0.023355582
0.024424819
0.025494056
0.026563293
0.02763253
0.028701766
0.029771003
0.03084024
0.031909476
0.032978713
0.034047949
0.035117185
0.036186422
0.037255658
0.038324894
0.0087453499
0.0098466584
0.010947967
0.012049275
0.013150584
0.014251892
0.0153532
0.016454509
0.017555817
0.018657125
0.019758433
0.020859741
0.021961049
0.023062357
0.024163665
0.025264973
0.02636628
0.027467588
0.028568895
0.029670203
0.03077151
0.031872818
0.032974125
0.034075432
0.010407716
0.011498334
0.012588952
0.01367957
0.014770188
0.015860806
0.016951424
0.018042042
0.01913266
0.020223277
0.021313895
0.022404513
0.02349513
0.024585748
0.025676365
0.026766983
0.0278576
0.028948217
0.030038835
0.031129452
0.032220069
0.033310686
0.034401303
0.03549192
0.012070082
0.013150009
0.014229937
0.015309865
0.016389792
0.01746972
0.018549647
0.019629575
0.020709502
0.02178943
0.022869357
0.023949284
0.025029212
0.026109139
0.027189066
0.028268993
0.02934892
0.030428847
0.031508774
0.0325887
0.033668627
0.034748554
0.03582848
0.036908407
0.013732447
0.014801685
0.015870922
0.016940159
0.018009397
0.019078634
0.020147871
0.021217108
0.022286345
0.023355582
0.024424819
0.025494056
0.026563293
0.02763253
0.028701766
0.029771003
0.03084024
0.031909476
0.032978713
0.034047949
0.035117185
0.036186422
0.037255658
0.038324894
0.015493478
0.01655139
0.017609303
0.018667216
0.019725128
0.020783041
0.021840953
0.022898865
0.023956778
0.02501469
0.026072602
0.027130514
0.028188426
0.029246338
0.03030425
0.031362162
0.032420074
0.033477986
0.034535898
0.035593809
0.036651721
0.037709633
0.038767544
0.039825456
0.017353167
0.01839912
0.019445074
0.020491027
0.02153698
0.022582933
0.023628886
0.024674839
0.025720792
0.026766745
0.027812698
0.028858651
0.029904604
0.030950556
0.031996509
0.033042462
0.034088414
0.035134367
0.036180319
0.037226272
0.038272224
0.039318176
0.040364128
0.04141008
0.019212856
0.02024685
0.021280844
0.022314838
0.023348832
0.024382826
0.025416819
0.026450813
0.027484807
0.0285188
0.029552794
0.030586787
0.031620781
0.032654774
0.033688768
0.034722761
0.035756754
0.036790747
0.037824741
0.038858734
0.039892727
0.04092672
0.041960712
0.042994705
0.021072545
0.02209458
0.023116615
0.024138649
0.025160684
0.026182718
0.027204753
0.028226787
0.029248821
0.030270856
0.03129289
0.032314924
0.033336958
0.034358992
0.035381026
0.03640306
0.037425094
0.038447128
0.039469162
0.040491196
0.041513229
0.042535263
0.043557297
0.04457933
0.015493478
0.01655139
0.017609303
0.018667216
0.019725128
0.020783041
0.021840953
0.022898865
0.023956778
0.02501469
0.026072602
0.027130514
0.028188426
0.029246338
0.03030425
0.031362162
0.032420074
0.033477986
0.034535898
0.035593809
0.036651721
0.037709633
0.038767544
0.039825456
0.017353167
0.01839912
0.019445074
0.020491027
0.02153698
0.022582933
0.023628886
0.024674839
0.025720792
0.026766745
0.027812698
0.028858651
0.029904604
0.030950556
0.031996509
0.033042462
0.034088414
0.035134367
0.036180319
0.037226272
0.038272224
0.039318176
0.040364128
0.04141008
0.019212856
0.02024685
0.021280844
0.022314838
0.023348832
0.024382826
0.025416819
0.026450813
0.027484807
0.0285188
0.029552794
0.030586787
0.031620781
0.032654774
0.033688768
0.034722761
0.035756754
0.036790747
0.037824741
0.038858734
0.039892727
0.04092672
0.041960712
0.042994705
0.021072545
0.02209458
0.023116615
0.024138649
0.025160684
0.026182718
0.027204753
0.028226787
0.029248821
0.030270856
0.03129289
0.032314924
0.033336958
0.034358992
0.035381026
0.03640306
0.037425094
0.038447128
0.039469162
0.040491196
0.041513229
0.042535263
0.043557297
0.04457933
0.023026462
0.024035931
0.0250454
0.02605487
0.027064339
0.028073808
0.029083278
0.030092747
0.031102216
0.032111685
0.033121154
0.034130623
0.035140092
0.036149561
0.03715903
0.038168499
0.039177968
0.040187436
0.041196905
0.042206374
0.043215842
0.044225311
0.045234779
0.046244248
0.025074602
0.0260709
0.027067198
0.028063496
0.029059794
0.030056092
0.03105239
0.032048688
0.033044986
0.034041284
0.035037582
0.03603388
0.037030178
0.038026475
0.039022773
0.040019071
0.041015368
0.042011666
0.043007963
0.044004261
0.045000558
0.045996855
0.046993153
0.04798945
0.027122742
0.028105869
0.029088996
0.030072123
0.03105525
0.032038377
0.033021503
0.03400463
0.034987757
0.035970884
0.03695401
0.037937137
0.038920263
0.03990339
0.040886516
0.041869643
0.042852769
0.043835895
0.044819022
0.045802148
0.046785274
0.0477684
0.048751526
0.049734652
0.029170882
0.030140838
0.031110794
0.032080749
0.033050705
0.034020661
0.034990616
0.035960572
0.036930527
0.037900483
0.038870438
0.039840394
0.040810349
0.041780304
0.042750259
0.043720215
0.04469017
0.045660125
0.04663008
0.047600035
0.04856999
0.049539945
0.0505099
0.051479854
0.023026462
0.024035931
0.0250454
0.02605487
0.027064339
0.028073808
0.029083278
0.030092747
0.031102216
0.032111685
0.033121154
0.034130623
0.035140092
0.036149561
0.03715903
0.038168499
0.039177968
0.040187436
0.041196905
0.042206374
0.043215842
0.044225311
0.045234779
0.046244248
0.025074602
0.0260709
0.027067198
0.028063496
0.029059794
0.030056092
0.03105239
0.032048688
0.033044986
0.034041284
0.035037582
0.03603388
0.037030178
0.038026475
0.039022773
0.040019071
0.041015368
0.042011666
0.043007963
0.044004261
0.045000558
0.045996855
0.046993153
0.04798945
0.027122742
0.028105869
0.029088996
0.030072123
0.03105525
0.032038377
0.033021503
0.03400463
0.034987757
0.035970884
0.03695401
0.037937137
0.038920263
0.03990339
0.040886516
0.041869643
0.042852769
0.043835895
0.044819022
0.045802148
0.046785274
0.0477684
0.048751526
0.049734652
0.029170882
0.030140838
0.031110794
0.032080749
0.033050705
0.034020661
0.034990616
0.035960572
0.036930527
0.037900483
0.038870438
0.039840394
0.040810349
0.041780304
0.042750259
0.043720215
0.04469017
0.045660125
0.04663008
0.047600035
0.04856999
0.049539945
0.0505099
0.051479854
0.03130836
0.03226457
0.03322078
0.03417699
0.0351332
0.03608941
0.03704562
0.03800183
0.03895804
0.03991425
0.040870459
0.041826669
0.042782879
0.043739088
0.044695298
0.045651508
0.046607717
0.047563926
0.048520136
0.049476345
0.050432555
0.051388764
0.052344973
0.053301182
0.03353518
0.034477069
0.035418959
0.036360849
0.037302739
0.038244628
0.039186518
0.040128408
0.041070297
0.042012187
0.042954076
0.043895966
0.044837855
0.045779744
0.046721634
0.047663523
0.048605412
0.049547302
0.050489191
0.05143108
0.052372969
0.053314858
0.054256747
0.055198636
0.035761999
0.036689569
0.037617138
0.038544708
0.039472277
0.040399847
0.041327416
0.042254985
0.043182555
0.044110124
0.045037693
0.045965262
0.046892831
0.047820401
0.04874797
0.049675539
0.050603108
0.051530677
0.052458245
0.053385814
0.054313383
0.055240952
0.056168521
0.057096089
0.037988819
0.038902068
0.039815317
0.040728566
0.041641816
0.042555065
0.043468314
0.044381563
0.045294812
0.046208061
0.04712131
0.048034559
0.048947808
0.049861057
0.050774305
0.051687554
0.052600803
0.053514052
0.0544273
0.055340549
0.056253797
0.057167046
0.058080294
0.058993543
0.03130836
0.03226457
0.03322078
0.03417699
0.0351332
0.03608941
0.03704562
0.03800183
0.03895804
0.03991425
0.040870459
0.041826669
0.042782879
0.043739088
0.044695298
0.045651508
0.046607717
0.047563926
0.048520136
0.049476345
0.050432555
0.051388764
0.052344973
0.053301182
0.03353518
0.034477069
0.035418959
0.036360849
0.037302739
0.038244628
0.039186518
0.040128408
0.041070297
0.042012187
0.042954076
0.043895966
0.044837855
0.045779744
0.046721634
0.047663523
0.048605412
0.049547302
0.050489191
0.05143108
0.052372969
0.053314858
0.054256747
0.055198636
0.035761999
0.036689569
0.037617138
0.038544708
0.039472277
0.040399847
0.041327416
0.042254985
0.043182555
0.044110124
0.045037693
0.045965262
0.046892831
0.047820401
0.04874797
0.049675539
0.050603108
0.051530677
0.052458245
0.053385814
0.054313383
0.055240952
0.056168521
0.057096089
0.037988819
0.038902068
0.039815317
0.040728566
0.041641816
0.042555065
0.043468314
0.044381563
0.045294812
0.046208061
0.04712131
0.048034559
0.048947808
0.049861057
0.050774305
0.051687554
0.052600803
0.053514052
0.0544273
0.055340549
0.056253797
0.057167046
0.058080294
0.058993543
0.04029966
0.041198049
0.042096437
0.042994826
0.043893215
0.044791603
0.045689992
0.04658838
0.047486768
0.048385157
0.049283545
0.050181933
0.051080322
0.05197871
0.052877098
0.053775486
0.054673874
0.055572262
0.05647065
0.057369038
0.058267426
0.059165814
0.060064202
0.06096259
0.042694535
0.043577522
0.04446051
0.045343498
0.046226485
0.047109473
0.04799246
0.048875448
0.049758435
0.050641422
0.05152441
0.052407397
0.053290384
0.054173372
0.055056359
0.055939346
0.056822333
0.05770532
0.058588307
0.059471294
0.060354281
0.061237268
0.062120255
0.063003242
0.045089409
0.045956996
0.046824583
0.047692169
0.048559756
0.049427342
0.050294929
0.051162515
0.052030102
0.052897688
0.053765275
0.054632861
0.055500447
0.056368033
0.05723562
0.058103206
0.058970792
0.059838378
0.060705964
0.06157355
0.062441136
0.063308722
0.064176308
0.065043894
0.047484284
0.04833647
0.049188655
0.050040841
0.050893026
0.051745212
0.052597398
0.053449583
0.054301768
0.055153954
0.056006139
0.056858325
0.05771051
0.058562695
0.05941488
0.060267066
0.061119251
0.061971436
0.062823621
0.063675806
0.064527991
0.065380176
0.066232361
0.067084546
0.04029966
0.041198049
0.042096437
0.042994826
0.043893215
0.044791603
0.045689992
0.04658838
0.047486768
0.048385157
0.049283545
0.050181933
0.051080322
0.05197871
0.052877098
0.053775486
0.054673874
0.055572262
0.05647065
0.057369038
0.058267426
0.059165814
0.060064202
0.06096259
0.042694535
0.043577522
0.04446051
0.045343498
0.046226485
0.047109473
0.04799246
0.048875448
0.049758435
0.050641422
0.05152441
0.052407397
0.053290384
0.054173372
0.055056359
0.055939346
0.056822333
0.05770532
0.058588307
0.059471294
0.060354281
0.061237268
0.062120255
0.063003242
0.045089409
0.045956996
0.046824583
0.047692169
0.048559756
0.049427342
0.050294929
0.051162515
0.052030102
0.052897688
0.053765275
0.054632861
0.055500447
0.056368033
0.05723562
0.058103206
0.058970792
0.059838378
0.060705964
0.06157355
0.062441136
0.063308722
0.064176308
0.065043894
0.047484284
0.04833647
0.049188655
0.050040841
0.050893026
0.051745212
0.052597398
0.053449583
0.054301768
0.055153954
0.056006139
0.056858325
0.05771051
0.058562695
0.05941488
0.060267066
0.061119251
0.061971436
0.062823621
0.063675806
0.064527991
0.065380176
0.066232361
0.067084546
0.049957464
0.050793745
0.051630026
0.052466307
0.053302588
0.054138869
0.05497515
0.055811431
0.056647711
0.057483992
0.058320273
0.059156553
0.059992834
0.060829115
0.061665395
0.062501676
0.063337956
0.064174237
0.065010517
0.065846797
0.066683078
0.067519358
0.068355638
0.069191918
0.052508968
0.053328841
0.054148713
0.054968586
0.055788459
0.056608331
0.057428204
0.058248077
0.059067949
0.059887822
0.060707694
0.061527566
0.062347439
0.063167311
0.063987183
0.064807056
0.065626928
0.0664468
0.067266672
0.068086544
0.068906417
0.069726289
0.070546161
0.071366033
0.055060472
0.055863936
0.056667401
0.057470865
0.058274329
0.059077794
0.059881258
0.060684722
0.061488187
0.062291651
0.063095115
0.063898579
0.064702044
0.065505508
0.066308972
0.067112436
0.0679159
0.068719364
0.069522828
0.070326292
0.071129755
0.071933219
0.072736683
0.073540147
0.057611975
0.058399032
0.059186088
0.059973144
0.0607602
0.061547256
0.062334312
0.063121368
0.063908424
0.06469548
0.065482536
0.066269592
0.067056648
0.067843704
0.06863076
0.069417816
0.070204872
0.070991927
0.071778983
0.072566039
0.073353094
0.07414015
0.074927205
0.075714261
0.049957464
0.050793745
0.051630026
0.052466307
0.053302588
0.054138869
0.05497515
0.055811431
0.056647711
0.057483992
0.058320273
0.059156553
0.059992834
0.060829115
0.061665395
0.062501676
0.063337956
0.064174237
0.065010517
0.065846797
0.066683078
0.067519358
0.068355638
0.069191918
0.052508968
0.053328841
0.054148713
0.054968586
0.055788459
0.056608331
0.057428204
0.058248077
0.059067949
0.059887822
0.060707694
0.061527566
0.062347439
0.063167311
0.063987183
0.064807056
0.065626928
0.0664468
0.067266672
0.068086544
0.068906417
0.069726289
0.070546161
0.071366033
0.055060472
0.055863936
0.056667401
0.057470865
0.058274329
0.059077794
0.059881258
0.060684722
0.061488187
0.062291651
0.063095115
0.063898579
0.064702044
0.065505508
0.066308972
0.067112436
0.0679159
0.068719364
0.069522828
0.070326292
0.071129755
0.071933219
0.072736683
0.073540147
0.057611975
0.058399032
0.059186088
0.059973144
0.0607602
0.061547256
0.062334312
0.063121368
0.063908424
0.06469548
0.065482536
0.066269592
0.067056648
0.067843704
0.06863076
0.069417816
0.070204872
0.070991927
0.071778983
0.072566039
0.073353094
0.07414015
0.074927205
0.075714261
0.060235696
0.06100588
0.061776063
0.062546246
0.06331643
0.064086613
0.064856796
0.06562698
0.066397163
0.067167346
0.067937529
0.068707712
0.069477895
0.070248078
0.071018261
0.071788444
0.072558627
0.07332881
0.074098993
0.074869176
0.075639358
0.076409541
0.077179724
0.077949907
0.062931656
0.063684502
0.064437348
0.065190194
0.06594304
0.066695886
0.067448732
0.068201578
0.068954424
0.06970727
0.070460116
0.071212962
0.071965808
0.072718654
0.0734715
0.074224345
0.074977191
0.075730037
0.076482882
0.077235728
0.077988574
0.078741419
0.079494265
0.08024711
0.065627615
0.066363124
0.067098633
0.067834142
0.068569651
0.069305159
0.070040668
0.070776177
0.071511686
0.072247195
0.072982703
0.073718212
0.074453721
0.075189229
0.075924738
0.076660246
0.077395755
0.078131263
0.078866772
0.07960228
0.080337789
0.081073297
0.081808805
0.082544313
0.068323574
0.069041746
0.069759918
0.070478089
0.071196261
0.071914433
0.072632604
0.073350776
0.074068947
0.074787119
0.07550529
0.076223462
0.076941633
0.077659805
0.078377976
0.079096148
0.079814319
0.08053249
0.081250661
0.081968833
0.082687004
0.083405175
0.084123346
0.084841517
0.060235696
0.06100588
0.061776063
0.062546246
0.06331643
0.064086613
0.064856796
0.06562698
0.066397163
0.067167346
0.067937529
0.068707712
0.069477895
0.070248078
0.071018261
0.071788444
0.072558627
0.07332881
0.074098993
0.074869176
0.075639358
0.076409541
0.077179724
0.077949907
0.062931656
0.063684502
0.064437348
0.065190194
0.06594304
0.066695886
0.067448732
0.068201578
0.068954424
0.06970727
0.070460116
0.071212962
0.071965808
0.072718654
0.0734715
0.074224345
0.074977191
0.075730037
0.076482882
0.077235728
0.077988574
0.078741419
0.079494265
0.08024711
0.065627615
0.066363124
0.067098633
0.067834142
0.068569651
0.069305159
0.070040668
0.070776177
0.071511686
0.072247195
0.072982703
0.073718212
0.074453721
0.075189229
0.075924738
0.076660246
0.077395755
0.078131263
0.078866772
0.07960228
0.080337789
0.081073297
0.081808805
0.082544313
0.068323574
0.069041746
0.069759918
0.070478089
0.071196261
0.071914433
0.072632604
0.073350776
0.074068947
0.074787119
0.07550529
0.076223462
0.076941633
0.077659805
0.078377976
0.079096148
0.079814319
0.08053249
0.081250661
0.081968833
0.082687004
0.083405175
0.084123346
0.084841517
0.07108532
0.071785731
0.072486142
0.073186553
0.073886965
0.074587376
0.075287787
0.075988198
0.076688609
0.07738902
0.078089431
0.078789842
0.079490253
0.080190664
0.080891075
0.081591486
0.082291897
0.082992308
0.083692718
0.084393129
0.08509354
0.08579395
0.086494361
0.087194772
0.073912872
0.0745951
0.075277328
0.075959555
0.076641783
0.077324011
0.078006238
0.078688466
0.079370694
0.080052921
0.080735149
0.081417376
0.082099604
0.082781831
0.083464059
0.084146286
0.084828514
0.085510741
0.086192968
0.086875196
0.087557423
0.08823965
0.088921877
0.089604104
0.076740424
0.077404469
0.078068513
0.078732557
0.079396602
0.080060646
0.08072469
0.081388734
0.082052778
0.082716822
0.083380867
0.084044911
0.084708955
0.085372999
0.086037043
0.086701087
0.087365131
0.088029174
0.088693218
0.089357262
0.090021306
0.09068535
0.091349393
0.092013437
0.079567977
0.080213838
0.080859698
0.081505559
0.08215142
0.082797281
0.083443142
0.084089002
0.084734863
0.085380724
0.086026584
0.086672445
0.087318305
0.087964166
0.088610026
0.089255887
0.089901747
0.090547608
0.091193468
0.091839329
0.092485189
0.093131049
0.093776909
0.09442277
0.07108532
0.071785731
0.072486142
0.073186553
0.073886965
0.074587376
0.075287787
0.075988198
0.076688609
0.07738902
0.078089431
0.078789842
0.079490253
0.080190664
0.080891075
0.081591486
0.082291897
0.082992308
0.083692718
0.084393129
0.08509354
0.08579395
0.086494361
0.087194772
0.073912872
0.0745951
0.075277328
0.075959555
0.076641783
0.077324011
0.078006238
0.078688466
0.079370694
0.080052921
0.080735149
0.081417376
0.082099604
0.082781831
0.083464059
0.084146286
0.084828514
0.085510741
0.086192968
0.086875196
0.087557423
0.08823965
0.088921877
0.089604104
0.076740424
0.077404469
0.078068513
0.078732557
0.079396602
0.080060646
0.08072469
0.081388734
0.082052778
0.082716822
0.083380867
0.084044911
0.084708955
0.085372999
0.086037043
0.086701087
0.087365131
0.088029174
0.088693218
0.089357262
0.090021306
0.09068535
0.091349393
0.092013437
0.079567977
0.080213838
0.080859698
0.081505559
0.08215142
0.082797281
0.083443142
0.084089002
0.084734863
0.085380724
0.086026584
0.086672445
0.087318305
0.087964166
0.088610026
0.089255887
0.089901747
0.090547608
0.091193468
0.091839329
0.092485189
0.093131049
0.093776909
0.09442277
0.082454572
0.083081869
0.083709167
0.084336464
0.084963762
0.085591059
0.086218357
0.086845654
0.087472952
0.088100249
0.088727546
0.089354843
0.089982141
0.090609438
0.091236735
0.091864032
0.092491329
0.093118626
0.093745923
0.09437322
0.095000517
0.095627814
0.096255111
0.096882408
0.085400227
0.086008582
0.086616936
0.087225291
0.087833645
0.088442
0.089050354
0.089658709
0.090267063
0.090875417
0.091483772
0.092092126
0.09270048
0.093308834
0.093917189
0.094525543
0.095133897
0.095742251
0.096350605
0.096958959
0.097567313
0.098175667
0.098784021
0.099392375
0.088345882
0.088935294
0.089524705
0.090114117
0.090703528
0.09129294
0.091882351
0.092471763
0.093061174
0.093650586
0.094239997
0.094829408
0.09541882
0.096008231
0.096597642
0.097187053
0.097776464
0.098365876
0.098955287
0.099544698
0.10013411
0.10072352
0.10131293
0.10190234
0.091291537
0.091862006
0.092432475
0.093002943
0.093573412
0.09414388
0.094714349
0.095284817
0.095855286
0.096425754
0.096996222
0.097566691
0.098137159
0.098707627
0.099278096
0.099848564
0.10041903
0.1009895
0.10155997
0.10213044
0.1027009
0.10327137
0.10384184
0.10441231
0.082454572
0.083081869
0.083709167
0.084336464
0.084963762
0.085591059
0.086218357
0.086845654
0.087472952
0.088100249
0.088727546
0.089354843
0.089982141
0.090609438
0.091236735
0.091864032
0.092491329
0.093118626
0.093745923
0.09437322
0.095000517
0.095627814
0.096255111
0.096882408
0.085400227
0.086008582
0.086616936
0.087225291
0.087833645
0.088442
0.089050354
0.089658709
0.090267063
0.090875417
0.091483772
0.092092126
0.09270048
0.093308834
0.093917189
0.094525543
0.095133897
0.095742251
0.096350605
0.096958959
0.097567313
0.098175667
0.098784021
0.099392375
0.088345882
0.088935294
0.089524705
0.090114117
0.090703528
0.09129294
0.091882351
0.092471763
0.093061174
0.093650586
0.094239997
0.094829408
0.09541882
0.096008231
0.096597642
0.097187053
0.097776464
0.098365876
0.098955287
0.099544698
0.10013411
0.10072352
0.10131293
0.10190234
0.091291537
0.091862006
0.092432475
0.093002943
0.093573412
0.09414388
0.094714349
0.095284817
0.095855286
0.096425754
0.096996222
0.097566691
0.098137159
0.098707627
0.099278096
0.099848564
0.10041903
0.1009895
0.10155997
0.10213044
0.1027009
0.10327137
0.10384184
0.10441231
0.094289212
0.094840403
0.095391594
0.095942785
0.096493976
0.097045166
0.097596357
0.098147548
0.098698739
0.09924993
0.099801121
0.10035231
0.1009035
0.10145469
0.10200588
0.10255707
0.10310826
0.10365946
0.10421065
0.10476184
0.10531303
0.10586422
0.10641541
0.1069666
0.097338916
0.097870495
0.098402074
0.098933653
0.099465231
0.09999681
0.10052839
0.10105997
0.10159155
0.10212313
0.1026547
0.10318628
0.10371786
0.10424944
0.10478102
0.1053126
0.10584418
0.10637575
0.10690733
0.10743891
0.10797049
0.10850207
0.10903365
0.10956522
0.10038862
0.10090059
0.10141255
0.10192452
0.10243649
0.10294845
0.10346042
0.10397239
0.10448435
0.10499632
0.10550829
0.10602025
0.10653222
0.10704419
0.10755615
0.10806812
0.10858009
0.10909205
0.10960402
0.11011598
0.11062795
0.11113992
0.11165188
0.11216385
0.10343832
0.10393068
0.10442303
0.10491539
0.10540774
0.1059001
0.10639245
0.10688481
0.10737716
0.10786952
0.10836187
0.10885422
0.10934658
0.10983893
0.11033129
0.11082364
0.111316
0.11180835
0.11230071
0.11279306
0.11328541
0.11377777
0.11427012
0.11476248
0.094289212
0.094840403
0.095391594
0.095942785
0.096493976
0.097045166
0.097596357
0.098147548
0.098698739
0.09924993
0.099801121
0.10035231
0.1009035
0.10145469
0.10200588
0.10255707
0.10310826
0.10365946
0.10421065
0.10476184
0.10531303
0.10586422
0.10641541
0.1069666
0.097338916
0.097870495
0.098402074
0.098933653
0.099465231
0.09999681
0.10052839
0.10105997
0.10159155
0.10212313
0.1026547
0.10318628
0.10371786
0.10424944
0.10478102
0.1053126
0.10584418
0.10637575
0.10690733
0.10743891
0.10797049
0.10850207
0.10903365
0.10956522
0.10038862
0.10090059
0.10141255
0.10192452
0.10243649
0.10294845
0.10346042
0.10397239
0.10448435
0.10499632
0.10550829
0.10602025
0.10653222
0.10704419
0.10755615
0.10806812
0.10858009
0.10909205
0.10960402
0.11011598
0.11062795
0.11113992
0.11165188
0.11216385
0.10343832
0.10393068
0.10442303
0.10491539
0.10540774
0.1059001
0.10639245
0.10688481
0.10737716
0.10786952
0.10836187
0.10885422
0.10934658
0.10983893
0.11033129
0.11082364
0.111316
0.11180835
0.11230071
0.11279306
0.11328541
0.11377777
0.11427012
0.11476248
0.10653278
0.10700523
0.10747769
0.10795014
0.1084226
0.10889505
0.1093675
0.10983996
0.11031241
0.11078487
0.11125732
0.11172978
0.11220223
0.11267469
0.11314714
0.1136196
0.11409205
0.1145645
0.11503696
0.11550941
0.11598187
0.11645432
0.11692678
0.11739923
0.10967198
0.11012425
0.11057651
0.11102878
0.11148105
0.11193332
0.11238558
0.11283785
0.11329012
0.11374238
0.11419465
0.11464692
0.11509918
0.11555145
0.11600372
0.11645598
0.11690825
0.11736052
0.11781278
0.11826505
0.11871732
0.11916958
0.11962185
0.12007412
0.11281118
0.11324326
0.11367534
0.11410742
0.1145395
0.11497158
0.11540366
0.11583574
0.11626782
0.1166999
0.11713198
0.11756406
0.11799614
0.11842821
0.11886029
0.11929237
0.11972445
0.12015653
0.12058861
0.12102069
0.12145277
0.12188485
0.12231693
0.122749
0.11595039
0.11636228
0.11677417
0.11718606
0.11759795
0.11800985
0.11842174
0.11883363
0.11924552
0.11965741
0.1200693
0.1204812
0.12089309
0.12130498
0.12171687
0.12212876
0.12254065
0.12295254
0.12336444
0.12377633
0.12418822
0.12460011
0.125012
0.12542389
0.10653278
0.10700523
0.10747769
0.10795014
0.1084226
0.10889505
0.1093675
0.10983996
0.11031241
0.11078487
0.11125732
0.11172978
0.11220223
0.11267469
0.11314714
0.1136196
0.11409205
0.1145645
0.11503696
0.11550941
0.11598187
0.11645432
0.11692678
0.11739923
0.10967198
0.11012425
0.11057651
0.11102878
0.11148105
0.11193332
0.11238558
0.11283785
0.11329012
0.11374238
0.11419465
0.11464692
0.11509918
0.11555145
0.11600372
0.11645598
0.11690825
0.11736052
0.11781278
0.11826505
0.11871732
0.11916958
0.11962185
0.12007412
0.11281118
0.11324326
0.11367534
0.11410742
0.1145395
0.11497158
0.11540366
0.11583574
0.11626782
0.1166999
0.11713198
0.11756406
0.11799614
0.11842821
0.11886029
0.11929237
0.11972445
0.12015653
0.12058861
0.12102069
0.12145277
0.12188485
0.12231693
0.122749
0.11595039
0.11636228
0.11677417
0.11718606
0.11759795
0.11800985
0.11842174
0.11883363
0.11924552
0.11965741
0.1200693
0.1204812
0.12089309
0.12130498
0.12171687
0.12212876
0.12254065
0.12295254
0.12336444
0.12377633
0.12418822
0.12460011
0.125012
0.12542389
0.11912685
0.11951832
0.11990978
0.12030125
0.12069271
0.12108417
0.12147564
0.1218671
0.12225857
0.12265003
0.1230415
0.12343296
0.12382442
0.12421589
0.12460735
0.12499882
0.12539028
0.12578175
0.12617321
0.12656467
0.12695614
0.1273476
0.12773907
0.12813053
0.12234058
0.12271138
0.12308217
0.12345297
0.12382377
0.12419457
0.12456536
0.12493616
0.12530696
0.12567776
0.12604855
0.12641935
0.12679015
0.12716095
0.12753174
0.12790254
0.12827334
0.12864413
0.12901493
0.12938573
0.12975653
0.13012732
0.13049812
0.13086892
0.1255543
0.12590443
0.12625457
0.1266047
0.12695483
0.12730496
0.12765509
0.12800522
0.12835535
0.12870548
0.12905561
0.12940574
0.12975587
0.130106
0.13045613
0.13080626
0.13115639
0.13150652
0.13185665
0.13220678
0.13255691
0.13290704
0.13325717
0.1336073
0.12876803
0.12909749
0.12942696
0.12975642
0.13008589
0.13041535
0.13074481
0.13107428
0.13140374
0.1317332
0.13206267
0.13239213
0.13272159
0.13305106
0.13338052
0.13370999
0.13403945
0.13436891
0.13469838
0.13502784
0.1353573
0.13568677
0.13601623
0.13634569
0.11912685
0.11951832
0.11990978
0.12030125
0.12069271
0.12108417
0.12147564
0.1218671
0.12225857
0.12265003
0.1230415
0.12343296
0.12382442
0.12421589
0.12460735
0.12499882
0.12539028
0.12578175
0.12617321
0.12656467
0.12695614
0.1273476
0.12773907
0.12813053
0.12234058
0.12271138
0.12308217
0.12345297
0.12382377
0.12419457
0.12456536
0.12493616
0.12530696
0.12567776
0.12604855
0.12641935
0.12679015
0.12716095
0.12753174
0.12790254
0.12827334
0.12864413
0.12901493
0.12938573
0.12975653
0.13012732
0.13049812
0.13086892
0.1255543
0.12590443
0.12625457
0.1266047
0.12695483
0.12730496
0.12765509
0.12800522
0.12835535
0.12870548
0.12905561
0.12940574
0.12975587
0.130106
0.13045613
0.13080626
0.13115639
0.13150652
0.13185665
0.13220678
0.13255691
0.13290704
0.13325717
0.1336073
0.12876803
0.12909749
0.12942696
0.12975642
0.13008589
0.13041535
0.13074481
0.13107428
0.13140374
0.1317332
0.13206267
0.13239213
0.13272159
0.13305106
0.13338052
0.13370999
0.13403945
0.13436891
0.13469838
0.13502784
0.1353573
0.13568677
0.13601623
0.13634569
0.13201135
0.13231996
0.13262856
0.13293717
0.13324578
0.13355438
0.13386299
0.1341716
0.1344802
0.13478881
0.13509742
0.13540602
0.13571463
0.13602324
0.13633184
0.13664045
0.13694905
0.13725766
0.13756627
0.13787487
0.13818348
0.13849209
0.13880069
0.1391093
0.13528427
0.13557183
0.13585939
0.13614694
0.1364345
0.13672206
0.13700962
0.13729718
0.13758474
0.1378723
0.13815986
0.13844742
0.13873498
0.13902253
0.13931009
0.13959765
0.13988521
0.14017277
0.14046033
0.14074789
0.14103545
0.141323
0.14161056
0.14189812
0.13855718
0.1388237
0.13909021
0.13935672
0.13962323
0.13988974
0.14015625
0.14042276
0.14068928
0.14095579
0.1412223
0.14148881
0.14175532
0.14202183
0.14228834
0.14255485
0.14282137
0.14308788
0.14335439
0.1436209
0.14388741
0.14415392
0.14442043
0.14468694
0.1418301
0.14207556
0.14232103
0.14256649
0.14281196
0.14305742
0.14330288
0.14354835
0.14379381
0.14403928
0.14428474
0.1445302
0.14477567
0.14502113
0.14526659
0.14551206
0.14575752
0.14600299
0.14624845
0.14649391
0.14673938
0.14698484
0.1472303
0.14747577
0.13201135
0.13231996
0.13262856
0.13293717
0.13324578
0.13355438
0.13386299
0.1341716
0.1344802
0.13478881
0.13509742
0.13540602
0.13571463
0.13602324
0.13633184
0.13664045
0.13694905
0.13725766
0.13756627
0.13787487
0.13818348
0.13849209
0.13880069
0.1391093
0.13528427
0.13557183
0.13585939
0.13614694
0.1364345
0.13672206
0.13700962
0.13729718
0.13758474
0.1378723
0.13815986
0.13844742
0.13873498
0.13902253
0.13931009
0.13959765
0.13988521
0.14017277
0.14046033
0.14074789
0.14103545
0.141323
0.14161056
0.14189812
0.13855718
0.1388237
0.13909021
0.13935672
0.13962323
0.13988974
0.14015625
0.14042276
0.14068928
0.14095579
0.1412223
0.14148881
0.14175532
0.14202183
0.14228834
0.14255485
0.14282137
0.14308788
0.14335439
0.1436209
0.14388741
0.14415392
0.14442043
0.14468694
0.1418301
0.14207556
0.14232103
0.14256649
0.14281196
0.14305742
0.14330288
0.14354835
0.14379381
0.14403928
0.14428474
0.1445302
0.14477567
0.14502113
0.14526659
0.14551206
0.14575752
0.14600299
0.14624845
0.14649391
0.14673938
0.14698484
0.1472303
0.14747577
0.1451248
0.14534908
0.14557336
0.14579763
0.14602191
0.14624618
0.14647046
0.14669474
0.14691901
0.14714329
0.14736757
0.14759184
0.14781612
0.14804039
0.14826467
0.14848895
0.14871322
0.1489375
0.14916177
0.14938605
0.14961033
0.1498346
0.15005888
0.15028315
0.1484413
0.14864424
0.14884719
0.14905014
0.14925309
0.14945604
0.14965899
0.14986193
0.15006488
0.15026783
0.15047078
0.15067373
0.15087668
0.15107962
0.15128257
0.15148552
0.15168847
0.15189142
0.15209437
0.15229731
0.15250026
0.15270321
0.15290616
0.15310911
0.15175779
0.15193941
0.15212103
0.15230265
0.15248427
0.15266589
0.15284751
0.15302913
0.15321075
0.15339237
0.15357399
0.15375561
0.15393724
0.15411886
0.15430048
0.1544821
0.15466372
0.15484534
0.15502696
0.15520858
0.1553902
0.15557182
0.15575344
0.15593506
0.15507428
0.15523457
0.15539487
0.15555516
0.15571545
0.15587574
0.15603604
0.15619633
0.15635662
0.15651692
0.15667721
0.1568375
0.15699779
0.15715809
0.15731838
0.15747867
0.15763897
0.15779926
0.15795955
0.15811984
0.15828014
0.15844043
0.15860072
0.15876102
0.1451248
0.14534908
0.14557336
0.14579763
0.14602191
0.14624618
0.14647046
0.14669474
0.14691901
0.14714329
0.14736757
0.14759184
0.14781612
0.14804039
0.14826467
0.14848895
0.14871322
0.1489375
0.14916177
0.14938605
0.14961033
0.1498346
0.15005888
0.15028315
0.1484413
0.14864424
0.14884719
0.14905014
0.14925309
0.14945604
0.14965899
0.14986193
0.15006488
0.15026783
0.15047078
0.15067373
0.15087668
0.15107962
0.15128257
0.15148552
0.15168847
0.15189142
0.15209437
0.15229731
0.15250026
0.15270321
0.15290616
0.15310911
0.15175779
0.15193941
0.15212103
0.15230265
0.15248427
0.15266589
0.15284751
0.15302913
0.15321075
0.15339237
0.15357399
0.15375561
0.15393724
0.15411886
0.15430048
0.1544821
0.15466372
0.15484534
0.15502696
0.15520858
0.1553902
0.15557182
0.15575344
0.15593506
0.15507428
0.15523457
0.15539487
0.15555516
0.15571545
0.15587574
0.15603604
0.15619633
0.15635662
0.15651692
0.15667721
0.1568375
0.15699779
0.15715809
0.15731838
0.15747867
0.15763897
0.15779926
0.15795955
0.15811984
0.15828014
0.15844043
0.15860072
0.15876102
0.15840464
0.15854352
0.15868239
0.15882127
0.15896015
0.15909902
0.1592379
0.15937677
0.15951565
0.15965453
0.1597934
0.15993228
0.16007115
0.16021003
0.1603489
0.16048778
0.16062666
0.16076553
0.16090441
0.16104328
0.16118216
0.16132104
0.16145991
0.16159879
0.16174889
0.16186626
0.16198363
0.162101
0.16221837
0.16233574
0.16245311
0.16257048
0.16268784
0.16280521
0.16292258
0.16303995
0.16315732
0.16327469
0.16339206
0.16350943
0.1636268
0.16374417
0.16386154
0.16397891
0.16409628
0.16421365
0.16433102
0.16444839
0.16509313
0.165189
0.16528486
0.16538072
0.16547659
0.16557245
0.16566831
0.16576418
0.16586004
0.1659559
0.16605177
0.16614763
0.16624349
0.16633936
0.16643522
0.16653108
0.16662695
0.16672281
0.16681867
0.16691454
0.1670104
0.16710626
0.16720213
0.16729799
0.16843738
0.16851173
0.16858609
0.16866045
0.16873481
0.16880916
0.16888352
0.16895788
0.16903223
0.16910659
0.16918095
0.16925531
0.16932966
0.16940402
0.16947838
0.16955274
0.16962709
0.16970145
0.16977581
0.16985016
0.16992452
0.16999888
0.17007324
0.17014759
0.15840464
0.15854352
0.15868239
0.15882127
0.15896015
0.15909902
0.1592379
0.15937677
0.15951565
0.15965453
0.1597934
0.15993228
0.16007115
0.16021003
0.1603489
0.16048778
0.16062666
0.16076553
0.16090441
0.16104328
0.16118216
0.16132104
0.16145991
0.16159879
0.16174889
0.16186626
0.16198363
0.162101
0.16221837
0.16233574
0.16245311
0.16257048
0.16268784
0.16280521
0.16292258
0.16303995
0.16315732
0.16327469
0.16339206
0.16350943
0.1636268
0.16374417
0.16386154
0.16397891
0.16409628
0.16421365
0.16433102
0.16444839
0.16509313
0.165189
0.16528486
0.16538072
0.16547659
0.16557245
0.16566831
0.16576418
0.16586004
0.1659559
0.16605177
0.16614763
0.16624349
0.16633936
0.16643522
0.16653108
0.16662695
0.16672281
0.16681867
0.16691454
0.1670104
0.16710626
0.16720213
0.16729799
0.16843738
0.16851173
0.16858609
0.16866045
0.16873481
0.16880916
0.16888352
0.16895788
0.16903223
0.16910659
0.16918095
0.16925531
0.16932966
0.16940402
0.16947838
0.16955274
0.16962709
0.16970145
0.16977581
0.16985016
0.16992452
0.16999888
0.17007324
0.17014759
0.17178751
0.17184032
0.17189314
0.17194595
0.17199876
0.17205158
0.17210439
0.1721572
0.17221002
0.17226283
0.17231564
0.17236845
0.17242127
0.17247408
0.17252689
0.17257971
0.17263252
0.17268533
0.17273815
0.17279096
0.17284377
0.17289658
0.1729494
0.17300221
0.17514355
0.17517478
0.17520602
0.17523725
0.17526848
0.17529971
0.17533094
0.17536217
0.1753934
0.17542463
0.17545586
0.17548709
0.17551833
0.17554956
0.17558079
0.17561202
0.17564325
0.17567448
0.17570571
0.17573694
0.17576817
0.1757994
0.17583063
0.17586187
0.1784996
0.17850924
0.17851889
0.17852854
0.17853819
0.17854784
0.17855749
0.17856714
0.17857679
0.17858644
0.17859608
0.17860573
0.17861538
0.17862503
0.17863468
0.17864433
0.17865398
0.17866363
0.17867328
0.17868292
0.17869257
0.17870222
0.17871187
0.17872152
0.18185564
0.18184371
0.18183177
0.18181984
0.18180791
0.18179597
0.18178404
0.18177211
0.18176017
0.18174824
0.18173631
0.18172437
0.18171244
0.18170051
0.18168857
0.18167664
0.18166471
0.18165277
0.18164084
0.18162891
0.18161697
0.18160504
0.18159311
0.18158117
0.17178751
0.17184032
0.17189314
0.17194595
0.17199876
0.17205158
0.17210439
0.1721572
0.17221002
0.17226283
0.17231564
0.17236845
0.17242127
0.17247408
0.17252689
0.17257971
0.17263252
0.17268533
0.17273815
0.17279096
0.17284377
0.17289658
0.1729494
0.17300221
0.17514355
0.17517478
0.17520602
0.17523725
0.17526848
0.17529971
0.17533094
0.17536217
0.1753934
0.17542463
0.17545586
0.17548709
0.17551833
0.17554956
0.17558079
0.17561202
0.17564325
0.17567448
0.17570571
0.17573694
0.17576817
0.1757994
0.17583063
0.17586187
0.1784996
0.17850924
0.17851889
0.17852854
0.17853819
0.17854784
0.17855749
0.17856714
0.17857679
0.17858644
0.17859608
0.17860573
0.17861538
0.17862503
0.17863468
0.17864433
0.17865398
0.17866363
0.17867328
0.17868292
0.17869257
0.17870222
0.17871187
0.17872152
0.18185564
0.18184371
0.18183177
0.18181984
0.18180791
0.18179597
0.18178404
0.18177211
0.18176017
0.18174824
0.18173631
0.18172437
0.18171244
0.18170051
0.18168857
0.18167664
0.18166471
0.18165277
0.18164084
0.18162891
0.18161697
0.18160504
0.18159311
0.18158117
0.18520956
0.18517606
0.18514256
0.18510906
0.18507555
0.18504205
0.18500855
0.18497505
0.18494155
0.18490805
0.18487454
0.18484104
0.18480754
0.18477404
0.18474054
0.18470703
0.18467353
0.18464003
0.18460653
0.18457303
0.18453953
0.18450602
0.18447252
0.18443902
0.18856139
0.18850633
0.18845128
0.18839622
0.18834116
0.18828611
0.18823105
0.18817599
0.18812094
0.18806588
0.18801082
0.18795577
0.18790071
0.18784565
0.18779059
0.18773554
0.18768048
0.18762542
0.18757037
0.18751531
0.18746025
0.1874052
0.18735014
0.18729508
0.19191322
0.19183661
0.19175999
0.19168338
0.19160677
0.19153016
0.19145355
0.19137694
0.19130032
0.19122371
0.1911471
0.19107049
0.19099388
0.19091726
0.19084065
0.19076404
0.19068743
0.19061082
0.19053421
0.19045759
0.19038098
0.19030437
0.19022776
0.19015115
0.19526505
0.19516688
0.19506871
0.19497055
0.19487238
0.19477421
0.19467605
0.19457788
0.19447971
0.19438154
0.19428338
0.19418521
0.19408704
0.19398888
0.19389071
0.19379254
0.19369438
0.19359621
0.19349804
0.19339988
0.19330171
0.19320354
0.19310538
0.19300721
0.18520956
0.18517606
0.18514256
0.18510906
0.18507555
0.18504205
0.18500855
0.18497505
0.18494155
0.18490805
0.18487454
0.18484104
0.18480754
0.18477404
0.18474054
0.18470703
0.18467353
0.18464003
0.18460653
0.18457303
0.18453953
0.18450602
0.18447252
0.18443902
0.18856139
0.18850633
0.18845128
0.18839622
0.18834116
0.18828611
0.18823105
0.18817599
0.18812094
0.18806588
0.18801082
0.18795577
0.18790071
0.18784565
0.18779059
0.18773554
0.18768048
0.18762542
0.18757037
0.18751531
0.18746025
0.1874052
0.18735014
0.18729508
0.19191322
0.19183661
0.19175999
0.19168338
0.19160677
0.19153016
0.19145355
0.19137694
0.19130032
0.19122371
0.1911471
0.19107049
0.19099388
0.19091726
0.19084065
0.19076404
0.19068743
0.19061082
0.19053421
0.19045759
0.19038098
0.19030437
0.19022776
0.19015115
0.19526505
0.19516688
0.19506871
0.19497055
0.19487238
0.19477421
0.19467605
0.19457788
0.19447971
0.19438154
0.19428338
0.19418521
0.19408704
0.19398888
0.19389071
0.19379254
0.19369438
0.19359621
0.19349804
0.19339988
0.19330171
0.19320354
0.19310538
0.19300721
)
;
    }
}


// ************************************************************************* //
